data,liga_bf,home,away,odd_h,odd_d,odd_a,odd_over25,gols_h_ft,gols_a_ft,venceu_mandante,base_sot_h,base_corners_h,base_shots_h,base_tem_stats,eventid,league_id,fm_tem_stats,fm_tem_xg,xg_h,xg_a,sot_h,sot_a,shots_h,shots_a,corners_h,corners_a,bigch_h,bigch_a,touches_box_h,touches_box_a,poss_h
2026-03-01,JAPAN 2,Renofa Yamaguchi,Gainare Tottori,1.57,3.5,4.6,1.85,0.0,0.0,0,2.0,3.0,8.0,1,5131115,918273,0,0,,,,,,,,,,,,,
2026-03-01,PARAGUAY 1,Cerro Porteno,Recoleta,1.17,6.25,13.0,1.65,2.0,0.0,1,0.0,1.0,4.0,1,1000005638,199,1,0,,,0,2,5,6,1,0,0,0,6,3,63
2026-03-01,PERU 1,U. de Deportes,FC Cajamarca,1.22,5.5,13.0,1.62,1.0,0.0,1,0.0,2.0,4.0,1,5169213,919710,1,0,,,0,1,4,2,2,1,0,0,7,8,64
2026-03-01,VENEZUELA 1,La Guaira,Rayo Zuliano,1.2,4.75,11.0,1.91,1.0,0.0,1,2.0,5.0,7.0,1,5142084,919709,1,0,,,2,0,7,5,5,2,0,0,,,64
2026-03-01,FRANCE 1,Lille,Nantes,1.5,4.2,6.5,1.93,1.0,0.0,1,2.0,1.0,4.0,1,4830666,53,1,1,0.27,0.09,2,1,4,1,1,1,0,0,8,2,67
2026-03-01,ROMANIA 1,Dinamo Bucuresti,FC Arges,1.53,3.3,6.25,2.35,0.0,1.0,0,4.0,1.0,7.0,1,4824856,900636,1,0,,,4,4,7,6,1,2,2,0,13,7,59
2026-03-01,DENMARK 1,Midtjylland,Brondby,1.45,4.2,6.5,1.57,0.0,0.0,0,2.0,4.0,8.0,1,,,0,0,,,,,,,,,,,,,
2026-03-01,AUSTRIA 1,Salzburg,Hartberg,1.42,4.75,6.0,1.57,0.0,0.0,0,2.0,4.0,15.0,1,4832297,900625,1,1,1.10,0.13,2,0,15,3,4,1,1,0,28,1,78
2026-03-01,SWITZERLAND 1,Young Boys,Zurich,1.53,4.33,5.0,1.48,3.0,0.0,1,4.0,5.0,15.0,1,5106019,900529,1,1,0.88,0.09,4,1,15,3,5,0,0,0,31,2,71
2026-03-01,BELGIUM 2,Lommel SK,Seraing,1.53,4.0,5.0,1.67,0.0,1.0,0,1.0,2.0,4.0,1,4862835,264,1,1,0.40,0.32,1,2,5,4,2,5,1,1,7,6,66
2026-03-01,ITALY 4,Milazzo,USD Ragusa,1.24,4.3,13.5,2.27,0.0,1.0,0,0.0,0.0,0.0,0,,,0,0,,,,,,,,,,,,,
2026-03-01,ITALY 4,Desenzano,Crema,1.38,3.95,7.5,1.85,0.0,0.0,0,0.0,0.0,0.0,0,,,0,0,,,,,,,,,,,,,
2026-03-01,ITALY 4,Mestre,Adriese,1.36,3.8,7.0,2.1,1.0,0.0,1,0.0,0.0,0.0,0,,,0,0,,,,,,,,,,,,,
2026-03-01,ITALY 4,Castellanzese,Vogherese,1.4,4.0,6.0,1.85,1.0,0.0,1,0.0,0.0,0.0,0,,,0,0,,,,,,,,,,,,,
2026-03-01,ITALY 4,Chievo,Sondrio,1.57,3.7,4.9,1.75,1.0,0.0,1,0.0,0.0,0.0,0,,,0,0,,,,,,,,,,,,,
2026-03-01,ITALY 4,Ligorna,Gozzano,1.57,3.3,5.0,2.0,0.0,1.0,0,0.0,0.0,0.0,0,,,0,0,,,,,,,,,,,,,
2026-03-01,CZECH 2,Ostrava B,Ceske Budejovice,1.55,3.6,5.25,1.95,2.0,0.0,1,0.0,7.0,5.0,1,4817475,253,0,0,,,,,,,,,,,,,
2026-03-01,SPAIN 4,Amorebieta,Zaragoza B,1.5,3.6,5.5,1.95,0.0,0.0,0,0.0,0.0,0.0,0,,,0,0,,,,,,,,,,,,,
2026-03-01,SPAIN 3,UD Ibiza,Tarazona,1.57,3.2,5.75,2.38,1.0,0.0,1,0.0,0.0,0.0,0,4871984,901481,0,0,,,,,,,,,,,,,
2026-03-01,JAPAN 2,Kanazawa,Kamatamare,1.36,3.9,6.5,1.95,1.0,0.0,1,0.0,1.0,2.0,1,5131040,918272,0,0,,,,,,,,,,,,,
2026-03-01,POLAND 2,Wisla,Pruszkow,1.3,4.5,8.0,1.57,1.0,1.0,0,3.0,6.0,5.0,1,,,0,0,,,,,,,,,,,,,
2026-03-02,BULGARIA 1,Ludogorets,Lok. Plovdiv,1.39,4.33,7.0,1.73,1.0,1.0,0,1.0,4.0,6.0,1,4867625,899885,0,0,,,,,,,,,,,,,
2026-03-03,FRANCE CUP,Strasbourg,Reims,1.57,4.2,5.0,1.67,2.0,1.0,1,4.0,3.0,9.0,1,5172615,134,1,1,0.79,0.04,4,0,9,3,3,1,0,0,24,2,70
2026-03-03,NORTHERN IRELAND 1,Glentoran,Carrick Rangers,1.47,3.8,5.5,1.8,1.0,0.0,1,1.0,0.0,2.0,1,4834704,900833,0,0,,,,,,,,,,,,,
2026-03-03,BULGARIA 1,Botev Plovdiv,Septemvri Sofia,1.49,4.0,6.25,1.9,2.0,0.0,1,4.0,3.0,12.0,1,4867634,899885,0,0,,,,,,,,,,,,,
2026-03-03,ITALY 3,Ospitaletto,Pro Patria,1.6,3.4,5.0,2.2,0.0,0.0,0,2.0,3.0,6.0,1,4898191,901968,0,0,,,,,,,,,,,,,
2026-03-03,ENGLAND 2,Ipswich,Hull,1.39,4.5,7.0,1.8,1.0,0.0,1,1.0,5.0,5.0,1,4825411,900638,1,1,0.41,0.19,1,0,5,4,5,1,1,0,15,7,72
2026-03-04,MEXICO 1,Atl. San Luis,Mazatlan FC,1.57,3.8,4.75,1.73,4.0,1.0,1,5.0,2.0,9.0,1,5101789,916051,1,1,0.84,0.15,5,1,9,5,2,0,3,0,11,2,62
2026-03-04,BULGARIA 1,CSKA Sofia,Botev Vratsa,1.27,4.75,9.5,1.85,1.0,0.0,1,2.0,6.0,9.0,1,4867629,899885,0,0,,,,,,,,,,,,,
2026-03-04,NETHERLANDS CUP,AZ Alkmaar,Telstar,1.46,4.75,5.25,1.5,2.0,1.0,1,1.0,3.0,9.0,1,5173438,235,1,0,,,1,0,9,3,3,1,0,1,20,7,60
2026-03-04,BRAZIL CUP,America MG,Tirol,1.15,6.0,15.0,1.6,1.0,1.0,0,3.0,5.0,8.0,1,1000009855,9067,0,0,,,,,,,,,,,,,
2026-03-04,COLOMBIA 1,Fortaleza,Jaguares de Cordoba,1.53,3.8,6.5,2.05,2.0,1.0,1,1.0,3.0,1.0,1,5134510,917521,1,1,0.09,0.48,1,3,1,7,3,0,1,0,1,7,60
2026-03-05,BRAZIL CUP,Portuguesa RJ,Maracana,1.45,4.1,6.0,2.05,1.0,0.0,1,1.0,4.0,9.0,1,1000009846,9067,0,0,,,,,,,,,,,,,
2026-03-06,MEXICO 2,Venados,Correcaminos,1.57,3.9,4.0,1.5,0.0,1.0,0,3.0,3.0,11.0,1,5106301,916290,0,0,,,,,,,,,,,,,
2026-03-06,PORTUGAL 1,Famalicao,Arouca,1.57,3.8,5.5,1.85,1.0,0.0,1,2.0,2.0,5.0,1,4844379,61,1,1,0.48,0.07,2,1,5,4,2,0,1,0,9,6,54
2026-03-06,EGYPT 2,Masar,El-Entag El-Harby,1.4,3.7,6.5,2.25,0.0,1.0,0,0.0,0.0,0.0,0,,,0,0,,,,,,,,,,,,,
2026-03-06,AUSTRIA 2,Floridsdorfer AC,Sturm Graz II,1.5,3.8,5.0,1.73,0.0,1.0,0,0.0,2.0,1.0,1,4836319,900626,0,0,,,,,,,,,,,,,
2026-03-06,FRANCE 4,Angouleme CFC,Bordeaux,0.0,0.0,0.0,0.0,0.0,0.0,0,0.0,0.0,0.0,0,,,0,0,,,,,,,,,,,,,
2026-03-07,NORTHERN IRELAND 1,Ballymena,Portadown,0.0,0.0,0.0,0.0,1.0,1.0,0,0.0,4.0,2.0,1,4835010,900833,0,0,,,,,,,,,,,,,
2026-03-07,ITALY 1,Juventus,Pisa,1.2,7.0,13.0,1.57,4.0,0.0,1,3.0,2.0,11.0,1,4803313,55,1,1,0.85,0.39,3,2,11,6,2,4,1,0,24,13,66
2026-03-07,VENEZUELA 2,Monagas B,Maritimo,1.02,17.0,501.0,2.07,1.0,0.0,1,0.0,0.0,0.0,0,,,0,0,,,,,,,,,,,,,
2026-03-07,SAUDI ARABIA 1,Al Nassr,Neom SC,1.27,6.0,8.0,1.44,1.0,0.0,1,3.0,3.0,11.0,1,4927527,536,1,1,0.73,0.17,3,0,11,1,3,0,0,0,28,5,58
2026-03-07,TURKEY 2,Amedspor,Serik Spor,1.17,6.5,15.0,1.4,1.0,0.0,1,4.0,7.0,11.0,1,4870096,165,1,0,,,4,4,11,10,7,2,1,1,11,8,68
2026-03-07,FRANCE 4,Saint-Malo,Chateaubriant,1.47,4.05,6.1,1.85,0.0,0.0,0,0.0,0.0,0.0,0,,,0,0,,,,,,,,,,,,,
2026-03-07,ITALY 3,Brescia,Triestina,1.33,4.2,7.5,1.91,0.0,0.0,0,0.0,1.0,3.0,1,4898196,901968,0,0,,,,,,,,,,,,,
2026-03-07,ENGLAND 5,Rochdale,Boston Utd,1.45,4.5,5.5,1.85,1.0,0.0,1,0.0,5.0,2.0,1,4856948,901315,0,0,,,,,,,,,,,,,
2026-03-07,GERMANY 2,Paderborn,Braunschweig,1.57,4.33,5.0,1.6,1.0,1.0,0,1.0,7.0,7.0,1,4829875,146,1,1,0.41,0.06,1,1,7,2,7,2,1,0,6,3,65
2026-03-07,BULGARIA 2,Yantra Gabrovo,Svoge,1.36,3.95,8.25,2.12,2.0,0.0,1,4.0,4.0,6.0,1,4951377,9096,0,0,,,,,,,,,,,,,
2026-03-07,BULGARIA 2,Dunav Ruse,Ludogorets II,1.2,4.75,10.5,1.85,1.0,0.0,1,0.0,2.0,3.0,1,4951371,9096,0,0,,,,,,,,,,,,,
2026-03-07,TURKEY 2,Corum,Hatayspor,1.04,15.0,41.0,1.2,3.0,1.0,1,1.0,6.0,8.0,1,4870100,165,1,0,,,1,0,8,1,6,0,1,0,15,2,75
2026-03-07,GREECE 2,PAE Egaleo,Panargiakos,1.3,4.0,8.0,2.1,1.0,0.0,1,2.0,5.0,9.0,1,5176003,920542,0,0,,,,,,,,,,,,,
2026-03-07,GREECE 2,Ilioupoli,PAE Chania,1.55,3.5,5.0,2.25,0.0,1.0,0,0.0,0.0,0.0,0,5176002,920542,0,0,,,,,,,,,,,,,
2026-03-07,ENGLAND 3,Huddersfield,Rotherham,1.53,3.8,5.75,1.95,1.0,0.0,1,0.0,0.0,4.0,1,4826004,900639,1,1,0.40,0.36,0,2,4,7,0,1,1,1,14,9,57
2026-03-07,SLOVAKIA 2,I. Bratislava,Slovan Bratislava B,1.57,3.8,4.5,1.6,2.0,0.0,1,2.0,8.0,6.0,1,4838203,901093,0,0,,,,,,,,,,,,,
2026-03-08,MEXICO 1,Toluca,Juarez,1.49,4.2,6.0,1.7,3.0,1.0,1,1.0,2.0,8.0,1,5101802,916051,1,1,0.42,0.09,1,0,8,3,2,4,1,1,13,3,78
2026-03-08,PARAGUAY 1,Olimpia Asuncion,San Lorenzo,1.33,4.5,7.0,1.75,1.0,1.0,0,1.0,5.0,7.0,1,1000005643,199,1,0,,,1,0,7,1,5,2,0,0,11,3,73
2026-03-08,FRANCE 1,Lille,Lorient,1.53,4.1,6.0,1.93,1.0,1.0,0,0.0,3.0,3.0,1,4830677,53,1,1,0.21,0.09,0,1,3,2,3,0,1,0,7,1,55
2026-03-08,NETHERLANDS 2,Cambuur,Jong Utrecht,1.42,4.75,6.0,1.4,1.0,0.0,1,1.0,3.0,4.0,1,4828159,111,1,0,,,1,3,4,7,3,2,0,2,10,12,49
2026-03-08,ROMANIA 1,FC Arges,Unirea Slobozia,1.55,3.5,6.25,2.25,0.0,0.0,0,1.0,1.0,5.0,1,4824864,900636,1,0,,,1,2,5,7,1,2,0,0,14,8,62
2026-03-08,SAUDI ARABIA 2,Al Orubah,Al Arabi,1.6,3.75,4.33,1.6,1.0,0.0,1,1.0,2.0,3.0,1,,,0,0,,,,,,,,,,,,,
2026-03-08,ITALY 1,Bologna,Verona,1.6,3.75,6.0,2.1,1.0,2.0,0,0.0,2.0,9.0,1,4803317,55,1,1,0.59,1.22,0,2,9,8,2,2,0,2,11,13,65
2026-03-08,GERMANY 3,Mannheim,TSV Havelse,1.6,3.9,4.2,1.5,3.0,1.0,1,1.0,6.0,3.0,1,4846917,208,1,0,,,2,0,9,1,5,1,2,0,13,6,52
2026-03-08,ENGLAND CUP,Fulham,Southampton,1.57,4.33,4.75,1.53,0.0,1.0,0,4.0,11.0,12.0,1,5186378,908818,1,1,0.83,0.64,4,0,12,2,11,3,0,1,22,10,68
2026-03-08,USA 1,Los Angeles FC,FC Dallas,1.27,5.25,9.5,1.44,1.0,0.0,1,2.0,3.0,5.0,1,,,0,0,,,,,,,,,,,,,
2026-03-08,CYPRUS 1,APOEL,Anorthosis,1.6,3.6,4.6,1.91,0.0,2.0,0,5.0,4.0,7.0,1,4878009,901499,0,0,,,,,,,,,,,,,
2026-03-09,CHILE 2,Copiapo,Deportes Temuco,0.0,0.0,0.0,2.1,1.0,1.0,0,2.0,1.0,4.0,1,1000007138,9126,0,0,,,,,,,,,,,,,
2026-03-09,COLOMBIA 1,Millonarios,Cucuta,1.27,5.75,10.0,1.57,2.0,0.0,1,2.0,1.0,9.0,1,5134514,917521,1,1,0.86,0.02,2,0,9,1,1,1,0,0,14,4,50
2026-03-09,ITALY 3,Catania,Casertana,1.4,3.7,6.5,2.1,0.0,0.0,0,2.0,5.0,3.0,1,4899205,901990,0,0,,,,,,,,,,,,,
2026-03-09,BULGARIA 1,Levski Sofia,Lok. Plovdiv,1.3,4.75,9.0,1.83,1.0,0.0,1,3.0,6.0,6.0,1,4867641,899885,0,0,,,,,,,,,,,,,
2026-03-09,MEXICO 1,Club Tijuana,Santos Laguna,1.51,4.5,5.25,1.65,1.0,2.0,0,2.0,3.0,9.0,1,5101803,916051,1,1,0.47,0.36,2,2,9,5,3,3,0,1,16,12,63
2026-03-09,SERBIA 2,Macva,FAP,1.47,3.25,6.5,2.75,1.0,1.0,0,2.0,1.0,3.0,1,,,0,0,,,,,,,,,,,,,
2026-03-10,TURKEY 2,Vanspor FK,Adana Demirspor,1.03,13.0,31.0,1.1,1.0,0.0,1,5.0,4.0,9.0,1,4870115,165,1,0,,,5,2,9,6,4,2,5,1,21,4,61
2026-03-10,NORTHERN IRELAND 2,H&W Welders,Dundela,1.2,6.1,10.5,1.24,3.0,1.0,1,0.0,0.0,0.0,0,,,0,0,,,,,,,,,,,,,
2026-03-11,WOM FRANCE 1,PSG W,Marseille W,1.08,7.5,14.0,1.29,2.0,1.0,1,1.0,4.0,5.0,1,,,0,0,,,,,,,,,,,,,
2026-03-11,ENGLAND 2,Middlesbrough,Charlton,1.24,6.0,8.5,1.57,0.0,1.0,0,3.0,1.0,14.0,1,4825475,900638,1,1,1.07,0.48,3,1,14,3,1,2,0,1,35,5,72
2026-03-11,COLOMBIA 2,Ind. Yumbo,Barranquilla,1.47,3.7,5.5,2.0,1.0,0.0,1,0.0,2.0,3.0,1,5152372,920002,0,0,,,,,,,,,,,,,
2026-03-12,BRAZIL CUP,Vila Nova FC,Operario MS,1.35,4.75,7.5,1.7,1.0,1.0,0,1.0,1.0,8.0,1,1000009898,9067,0,0,,,,,,,,,,,,,
2026-03-12,EUROPA LEAGUE,Nottingham,Midtjylland,1.53,4.5,5.5,1.73,0.0,1.0,0,4.0,5.0,10.0,1,,,0,0,,,,,,,,,,,,,
2026-03-12,BRAZIL 1,Sao Paulo,Chapecoense-SC,1.39,4.5,7.5,1.67,2.0,0.0,1,3.0,6.0,10.0,1,,,0,0,,,,,,,,,,,,,
2026-03-12,EGYPT 2,Abu Qir Semad,El Daklyeh,1.44,3.75,6.0,2.0,0.0,0.0,0,0.0,0.0,0.0,0,,,0,0,,,,,,,,,,,,,
2026-03-12,EUROPA CONFERENCE LEAGUE,Crystal Palace,AEK Larnaca,1.2,6.0,12.0,1.67,0.0,0.0,0,3.0,3.0,8.0,1,5206217,905114,1,1,1.16,0.00,3,0,8,0,3,1,3,0,13,4,66
2026-03-13,CYPRUS 2,Doxa,ASIL Lysi,1.47,3.6,5.5,1.85,1.0,0.0,1,0.0,0.0,0.0,0,,,0,0,,,,,,,,,,,,,
2026-03-13,AUSTRIA 1,LASK,Hartberg,1.56,3.9,5.75,1.83,0.0,0.0,0,1.0,7.0,9.0,1,5228554,923517,1,1,0.31,0.16,1,0,9,4,7,1,1,0,13,4,51
2026-03-13,FRANCE 3,Versailles,Bourg en Bresse,1.6,3.4,4.75,2.1,1.0,0.0,1,3.0,8.0,6.0,1,4879610,8970,0,0,,,,,,,,,,,,,
2026-03-13,SWITZERLAND 2,Yverdon,Wil,1.53,3.6,4.75,1.85,0.0,0.0,0,1.0,5.0,8.0,1,5106098,900530,1,0,,,1,0,8,3,5,0,1,0,9,6,47
2026-03-13,FRANCE 1,Marseille,Auxerre,1.44,4.5,7.0,1.73,1.0,0.0,1,0.0,2.0,3.0,1,4830686,53,1,1,0.06,0.02,0,0,3,1,2,0,0,0,9,4,64
2026-03-13,IRELAND 2,Cork City,Longford,1.2,5.0,10.0,1.65,2.0,1.0,1,0.0,3.0,4.0,1,5101146,916016,0,0,,,,,,,,,,,,,
2026-03-13,IRELAND 1,Bohemians,Galway,1.53,3.8,5.75,1.83,1.0,0.0,1,2.0,2.0,4.0,1,5100817,126,1,1,0.08,0.09,2,0,4,2,2,0,0,0,5,1,74
2026-03-13,WOM USA 1,Washington Spirit W,Portland Thorns W,1.44,3.6,5.5,1.85,0.0,1.0,0,0.0,0.0,3.0,1,5161451,920228,1,1,0.14,0.02,0,0,2,1,0,0,0,0,9,2,60
2026-03-14,WOM BRAZIL 1,Santos W,Mixto W,1.2,5.0,9.5,1.57,3.0,0.0,1,4.0,4.0,9.0,1,,,0,0,,,,,,,,,,,,,
2026-03-14,PERU 1,Sport Huancayo,AD Tarma,1.53,4.0,6.5,1.8,0.0,1.0,0,0.0,2.0,1.0,1,5169230,919710,1,0,,,0,4,2,6,2,1,0,0,1,2,54
2026-03-14,BELGIUM 2,Kortrijk,OC Charleroi,1.25,5.0,8.5,1.53,3.0,1.0,1,3.0,10.0,10.0,1,4862856,264,1,1,0.72,0.00,3,0,10,0,10,0,2,0,36,1,67
2026-03-14,WOM BRAZIL 1,Cruzeiro W,Atletico-MG W,1.36,4.2,5.5,1.57,3.0,1.0,1,1.0,5.0,4.0,1,,,0,0,,,,,,,,,,,,,
2026-03-14,USA 2,Rhode Island,Sporting Jax,1.5,3.7,5.0,1.91,1.0,1.0,0,2.0,2.0,10.0,1,5109671,8972,1,0,,,2,1,10,2,2,0,1,0,13,3,59
2026-03-14,USA 1,Los Angeles FC,St. Louis City,1.42,4.75,6.25,1.53,2.0,0.0,1,1.0,1.0,5.0,1,,,0,0,,,,,,,,,,,,,
2026-03-14,USA 1,Chicago Fire,DC United,1.57,3.9,5.5,1.73,1.0,2.0,0,1.0,0.0,7.0,1,5071041,913550,1,1,0.84,0.67,1,1,7,9,0,3,1,1,20,10,60
2026-03-14,MEXICO 1,Toluca,Atlas,1.56,4.1,5.5,1.85,1.0,1.0,0,4.0,6.0,13.0,1,5101810,916051,1,1,0.70,0.44,5,0,13,4,6,2,1,1,12,5,62
2026-03-14,PERU 1,U. de Deportes,Cajamarca,1.27,5.0,12.0,1.7,2.0,0.0,1,2.0,5.0,10.0,1,5169232,919710,1,0,,,2,3,10,7,5,1,2,0,16,6,59
2026-03-14,ENGLAND 1,Arsenal,Everton,1.36,4.5,9.0,1.88,2.0,0.0,1,2.0,5.0,13.0,1,4813665,47,1,1,0.49,0.83,2,2,13,5,5,0,0,2,19,3,61
2026-03-14,USA 1,Columbus Crew,Nashville SC,1.57,4.5,4.5,1.75,0.0,1.0,0,1.0,3.0,3.0,1,5071037,913550,1,1,0.06,0.14,1,1,3,4,3,2,0,1,10,6,62
2026-03-14,BELGIUM 1,Royale Union SG,Dender,1.27,4.75,11.0,1.8,2.0,0.0,1,0.0,2.0,1.0,1,,,0,0,,,,,,,,,,,,,
2026-03-14,TURKEY 1,Galatasaray,Basaksehir,1.37,5.25,6.25,1.4,3.0,0.0,1,0.0,5.0,10.0,1,4842541,71,1,1,0.74,0.27,0,3,10,6,5,3,1,0,14,8,55
2026-03-14,SPAIN 4,Olot,Torrent,1.53,3.4,5.5,2.2,1.0,2.0,0,0.0,0.0,0.0,0,,,0,0,,,,,,,,,,,,,
2026-03-14,ROMANIA 2,Sepsi Sf. Gheorghe,FC ASA Tg. Mures,1.4,3.9,5.5,1.75,0.0,0.0,0,1.0,3.0,5.0,1,4890001,901684,0,0,,,,,,,,,,,,,
2026-03-14,CYPRUS 2,Halkanoras,Zakakiou,0.0,0.0,0.0,0.0,3.0,0.0,1,0.0,0.0,0.0,0,5139737,918604,0,0,,,,,,,,,,,,,
2026-03-14,SLOVENIA 2,Tabor Sezana,Krsko Posavje,1.1,6.5,12.0,1.44,1.0,0.0,1,0.0,0.0,0.0,0,,,0,0,,,,,,,,,,,,,
2026-03-14,GERMANY 1,Hoffenheim,Wolfsburg,1.45,4.75,6.25,1.4,1.0,1.0,0,3.0,8.0,10.0,1,4829546,54,1,1,0.97,0.05,3,0,10,1,8,1,1,0,22,4,70
2026-03-14,ENGLAND 2,Middlesbrough,Bristol City,1.39,4.75,6.5,1.57,1.0,1.0,0,1.0,6.0,7.0,1,4825481,900638,1,1,0.52,0.00,1,0,7,0,6,1,1,0,19,2,69
2026-03-14,NORTHERN IRELAND 1,Coleraine,Cliftonville,1.5,3.9,5.0,1.73,1.0,0.0,1,3.0,2.0,7.0,1,4835048,900833,0,0,,,,,,,,,,,,,
2026-03-14,SCOTLAND 1,Hibernian,Livingston,1.37,4.75,7.5,1.73,0.0,0.0,0,3.0,7.0,11.0,1,4818933,900474,1,1,0.65,0.05,3,2,11,2,7,0,0,0,17,2,80
2026-03-14,SPAIN 4,Barcelona B,Girona B,1.5,4.0,4.75,1.57,0.0,1.0,0,0.0,0.0,0.0,0,,,0,0,,,,,,,,,,,,,
2026-03-14,FRANCE 4,Bordeaux,Stade Poitevin,1.31,4.7,8.75,1.75,1.0,0.0,1,0.0,0.0,0.0,0,,,0,0,,,,,,,,,,,,,
2026-03-14,SLOVAKIA 1,Podbrezova,Michalovce,1.47,4.0,5.0,1.57,0.0,1.0,0,2.0,1.0,2.0,1,5208286,922965,1,0,,,2,3,2,7,1,0,1,1,5,9,51
2026-03-15,UKRAINE 1,Shakhtar Donetsk,Metalist 1925,1.47,3.6,5.5,2.0,1.0,0.0,1,2.0,2.0,3.0,1,4844957,900627,0,0,,,,,,,,,,,,,
2026-03-15,GREECE 1,Panathinaikos,Panetolikos,1.49,4.1,6.0,2.05,0.0,0.0,0,1.0,3.0,6.0,1,4859171,900624,1,1,0.29,0.31,1,0,6,5,3,4,0,2,11,12,49
2026-03-15,ROMANIA 1,FCSB,Metaloglobus Bucharest,1.1,8.0,19.0,1.33,0.0,0.0,0,3.0,7.0,11.0,1,5228533,923521,1,0,,,3,1,11,2,7,5,2,0,20,5,74
2026-03-15,PERU 1,FBC Melgar,Grau,1.4,4.0,8.0,2.0,0.0,0.0,0,2.0,2.0,4.0,1,,,0,0,,,,,,,,,,,,,
2026-03-15,SPAIN 3,UD Ibiza,Marbella,1.5,3.6,6.0,2.05,0.0,1.0,0,0.0,2.0,1.0,1,4872004,901481,0,0,,,,,,,,,,,,,
2026-03-15,TURKEY 2,Amedspor,Manisa FK,1.22,5.5,8.5,1.5,2.0,0.0,1,1.0,9.0,10.0,1,4870117,165,1,0,,,1,0,10,3,9,2,0,0,18,3,67
2026-03-15,SLOVAKIA 1,Slovan Bratislava,Zilina,1.33,4.5,6.5,1.45,0.0,1.0,0,0.0,0.0,6.0,1,5208285,922965,1,0,,,0,1,6,4,0,1,0,0,10,6,55
2026-03-15,MEXICO 1,Tigres UANL,Queretaro,1.42,4.33,7.5,1.67,0.0,0.0,0,0.0,3.0,4.0,1,5101805,916051,1,1,0.15,0.18,0,3,4,3,3,3,0,0,8,1,73
2026-03-15,SLOVENIA 2,Jadran Dekani,NK Jesenice,1.47,3.5,5.5,1.91,3.0,0.0,1,0.0,0.0,0.0,0,,,0,0,,,,,,,,,,,,,
2026-03-15,BULGARIA 1,Cherno More,Montana,1.35,4.33,9.0,2.05,1.0,0.0,1,2.0,3.0,4.0,1,4867647,899885,0,0,,,,,,,,,,,,,
2026-03-15,DENMARK 1,Midtjylland,Nordsjaelland,1.39,5.0,6.0,1.4,0.0,1.0,0,2.0,2.0,5.0,1,5222350,923100,1,1,0.64,0.21,2,0,5,4,2,1,2,0,10,3,57
2026-03-15,ESTONIA 1,Paide,Narva,1.55,4.0,4.5,1.45,1.0,0.0,1,1.0,4.0,4.0,1,1000007829,248,0,0,,,,,,,,,,,,,
2026-03-15,CHINA 1,Shanghai Port,Qingdao West Coast,1.3,5.5,9.0,1.5,4.0,1.0,1,1.0,6.0,3.0,1,5186417,920266,1,0,,,1,2,3,9,6,3,1,0,11,15,70
2026-03-15,SPAIN 4,Baleares,Atletic Lleida,1.4,3.9,6.5,2.0,1.0,0.0,1,0.0,0.0,0.0,0,4873869,901485,0,0,,,,,,,,,,,,,
2026-03-15,WOM ITALY 1,Juventus W,AC Milan W,1.33,4.5,6.5,1.57,0.0,1.0,0,2.0,4.0,9.0,1,4895900,901923,1,0,,,2,0,9,4,4,2,1,0,12,13,56
2026-03-15,UKRAINE 1,Epitsentr,Rukh Lviv,1.57,3.3,5.0,2.25,2.0,0.0,1,1.0,4.0,2.0,1,4844951,900627,0,0,,,,,,,,,,,,,
2026-03-15,CHINA 1,Chengdu Rongcheng,Qingdao Hainiu,1.27,5.5,8.5,1.5,1.0,0.0,1,2.0,2.0,7.0,1,5186418,920266,1,0,,,2,0,7,4,2,1,1,0,10,5,65
2026-03-15,SPAIN 4,UCAM Murcia,Linares,1.36,3.9,7.0,2.1,1.0,1.0,0,0.0,0.0,0.0,0,4874885,901486,0,0,,,,,,,,,,,,,
2026-03-16,NORTHERN IRELAND 2,Loughgall,Armagh,0.0,0.0,0.0,0.0,1.0,1.0,0,0.0,0.0,0.0,0,,,0,0,,,,,,,,,,,,,
2026-03-16,ARGENTINA 1,Racing Club,Estudiantes Rio Cuarto,1.41,4.0,8.5,2.3,2.0,0.0,1,1.0,1.0,8.0,1,5102038,905256,1,1,0.99,0.05,1,0,8,2,1,1,3,0,15,,61
2026-03-17,NETHERLANDS 2,Den Haag,Jong Utrecht,1.24,5.75,9.5,1.4,1.0,0.0,1,1.0,1.0,6.0,1,4828176,111,1,0,,,1,1,6,2,1,3,1,0,10,7,59
2026-03-17,ENGLAND 3,Cardiff,Wycombe,1.53,4.0,5.0,1.67,0.0,2.0,0,1.0,7.0,9.0,1,4826027,900639,1,1,0.97,0.62,1,1,9,5,7,2,1,2,15,10,57
2026-03-17,ENGLAND 3,Bolton,Doncaster,1.53,4.1,5.0,1.57,0.0,0.0,0,1.0,4.0,13.0,1,4826024,900639,1,1,1.01,0.31,1,1,13,6,4,3,0,0,21,4,67
2026-03-17,ECUADOR 1,U. Catolica,Dep. Cuenca,1.56,3.5,6.0,2.03,1.0,0.0,1,1.0,2.0,7.0,1,1000008912,246,1,0,,,1,3,7,10,2,2,0,2,12,6,63
2026-03-18,BRAZIL CUP,CRB,Figueirense,1.41,3.9,9.0,2.3,1.0,0.0,1,3.0,10.0,18.0,1,1000010245,9067,1,0,,,3,1,18,3,10,1,2,0,16,2,60
2026-03-18,CYPRUS 2,ASIL Lysi,Omonia 29th May,0.0,0.0,0.0,0.0,0.0,1.0,0,0.0,0.0,0.0,0,5139665,918603,0,0,,,,,,,,,,,,,
2026-03-18,TURKEY 1,Basaksehir,Antalyaspor,1.45,4.1,6.5,1.7,0.0,0.0,0,5.0,1.0,11.0,1,4842550,71,1,1,0.62,0.37,5,2,11,5,1,3,0,1,18,5,67
2026-03-18,BRAZIL 1,Mirassol,Coritiba,1.57,3.6,6.25,2.1,0.0,1.0,0,5.0,2.0,12.0,1,5103428,268,1,1,1.21,0.27,5,1,12,3,2,0,2,1,13,10,69
2026-03-19,EUROPA CONFERENCE LEAGUE,Rayo Vallecano,Samsunspor,1.53,3.8,7.0,2.08,0.0,1.0,0,2.0,5.0,8.0,1,5206226,905114,1,1,0.48,0.21,2,1,8,4,5,0,1,1,18,5,46
2026-03-19,EUROPA CONFERENCE LEAGUE,Mainz,Sigma Olomouc,1.3,5.0,11.0,1.93,2.0,0.0,1,3.0,2.0,7.0,1,5206227,905114,1,1,0.76,0.11,3,0,7,2,2,0,2,0,12,1,54
2026-03-20,ROMANIA 1,FCSB,UTA Arad,1.36,4.2,6.5,1.62,1.0,0.0,1,0.0,3.0,6.0,1,5229552,923521,1,0,,,0,1,6,6,3,3,0,1,17,6,70
2026-03-20,ITALY 3,Ternana,Sambenedettese,1.6,3.4,4.75,2.2,1.0,1.0,0,2.0,5.0,8.0,1,4898641,901979,0,0,,,,,,,,,,,,,
2026-03-20,WOM BRAZIL 1,Flamengo W,Cruzeiro W,0.0,0.0,0.0,0.0,1.0,1.0,0,4.0,3.0,6.0,1,,,0,0,,,,,,,,,,,,,
2026-03-20,ECUADOR 2,EL Nacional,Ind. Juniors,0.0,0.0,0.0,1.45,0.0,1.0,0,1.0,1.0,3.0,1,,,0,0,,,,,,,,,,,,,
2026-03-21,PORTUGAL 2,Maritimo,Oliveirense,1.33,4.33,7.5,1.8,1.0,0.0,1,2.0,5.0,5.0,1,4844710,185,0,0,,,,,,,,,,,,,
2026-03-21,PORTUGAL 1,Famalicao,Nacional,1.49,4.0,6.0,1.7,1.0,0.0,1,3.0,4.0,10.0,1,4844400,61,1,1,0.76,0.12,3,3,10,4,4,5,2,0,10,2,56
2026-03-21,FRANCE 4,Lusitanos,FC 93,1.6,3.7,5.2,1.95,1.0,1.0,0,0.0,0.0,0.0,0,,,0,0,,,,,,,,,,,,,
2026-03-21,FRANCE 4,Istres,Limonest,0.0,0.0,0.0,0.0,0.0,1.0,0,0.0,0.0,0.0,0,,,0,0,,,,,,,,,,,,,
2026-03-21,SPAIN 4,R. Union,Ebro,1.6,3.4,4.75,2.1,4.0,0.0,1,0.0,0.0,0.0,0,4872852,901484,0,0,,,,,,,,,,,,,
2026-03-21,SWITZERLAND 2,Aarau,Xamax,1.36,4.2,5.5,1.44,1.0,0.0,1,0.0,1.0,7.0,1,5106116,900530,1,0,,,0,0,7,4,1,1,1,0,19,2,56
2026-03-21,WOM BRAZIL 1,Ferroviaria W,Gremio W,1.36,4.0,6.0,1.75,0.0,0.0,0,0.0,4.0,4.0,1,,,0,0,,,,,,,,,,,,,
2026-03-21,BULGARIA 1,Levski Sofia,Cherno More,1.33,4.5,9.0,2.08,2.0,1.0,1,2.0,4.0,6.0,1,4867656,899885,0,0,,,,,,,,,,,,,
2026-03-21,COLOMBIA 2,Real Cundinamarca,Barranquilla,1.47,3.6,6.0,2.2,2.0,2.0,0,3.0,3.0,6.0,1,5152387,920002,0,0,,,,,,,,,,,,,
2026-03-21,MEXICO 2,Atlante,Dorados de Sinaloa,1.1,6.5,12.0,1.44,2.0,0.0,1,1.0,5.0,7.0,1,5106316,916290,0,0,,,,,,,,,,,,,
2026-03-21,PERU 1,Alianza Lima,Juan Pablo II,1.22,5.25,11.0,1.57,2.0,0.0,1,1.0,2.0,6.0,1,5169234,919710,1,0,,,1,0,5,0,2,0,0,0,12,3,62
2026-03-21,USA 2,Sacramento Republic,Monterey Bay,1.44,3.7,6.0,2.0,1.0,1.0,0,2.0,4.0,6.0,1,5109680,8972,1,0,,,2,0,6,5,4,0,2,0,7,4,62
2026-03-21,BOSNIA 1,Borac Banja Luka,Radnik Bijeljina,1.1,6.0,15.0,1.6,1.0,0.0,1,5.0,2.0,9.0,1,4835720,900837,0,0,,,,,,,,,,,,,
2026-03-21,WOM ITALY 1,Inter W,Napoli W,1.35,4.45,7.0,1.62,2.0,2.0,0,0.0,1.0,7.0,1,4895907,901923,1,0,,,0,1,7,4,1,2,0,0,11,9,56
2026-03-21,ROMANIA 2,CSM Resita,CSM Satu Mare,1.44,3.9,5.0,1.6,2.0,0.0,1,1.0,4.0,3.0,1,,,0,0,,,,,,,,,,,,,
2026-03-21,NORTHERN IRELAND 2,Queens Univ.,Armagh,1.21,5.2,14.0,1.31,8.0,1.0,1,0.0,0.0,0.0,0,,,0,0,,,,,,,,,,,,,
2026-03-21,SCOTLAND 1,Hearts,Dundee FC,1.35,4.75,7.0,1.73,1.0,0.0,1,0.0,1.0,5.0,1,4818938,900474,1,1,0.92,0.16,0,1,6,3,1,2,2,0,10,8,59
2026-03-21,CHINA 1,Henan Songshan Longmen,Wuhan Three Towns,1.45,4.75,5.5,1.53,1.0,1.0,0,1.0,12.0,8.0,1,5186423,920266,1,0,,,1,0,8,2,12,0,1,0,15,5,68
2026-03-21,ENGLAND 3,Cardiff,Blackpool,1.33,4.75,7.5,1.53,0.0,0.0,0,2.0,6.0,14.0,1,4826036,900639,1,1,0.86,0.10,2,0,14,1,6,0,1,0,23,6,78
2026-03-21,GREECE 2,Athens Kallithea,PAE Egaleo,1.5,3.4,5.5,2.25,1.0,1.0,0,1.0,2.0,4.0,1,5176007,920542,0,0,,,,,,,,,,,,,
2026-03-21,BULGARIA 2,Dunav Ruse,Pirin Blagoevgrad,1.3,4.2,7.0,1.85,0.0,0.0,0,0.0,1.0,1.0,1,4951388,9096,0,0,,,,,,,,,,,,,
2026-03-21,BULGARIA 2,Vihren,Chernomorets 1919,1.57,3.5,4.6,1.95,0.0,2.0,0,2.0,1.0,3.0,1,4951392,9096,0,0,,,,,,,,,,,,,
2026-03-21,GREECE 2,Ellas Syrou,PAE Chania,1.5,3.5,5.0,1.95,1.0,0.0,1,0.0,0.0,0.0,0,5176122,920542,0,0,,,,,,,,,,,,,
2026-03-21,ITALY 4,Reggina,AS Acireale,1.32,4.55,7.5,1.67,0.0,1.0,0,0.0,0.0,0.0,0,,,0,0,,,,,,,,,,,,,
2026-03-21,UKRAINE 2,Ch. Odesa,UCSA,1.29,4.2,8.0,1.91,1.0,0.0,1,0.0,0.0,0.0,0,,,0,0,,,,,,,,,,,,,
2026-03-21,ENGLAND 1,Fulham,Burnley,1.55,4.33,5.75,1.67,3.0,1.0,1,1.0,3.0,7.0,1,4813679,47,1,1,0.43,0.53,1,1,7,4,3,3,0,2,15,8,53
2026-03-21,NORTHERN IRELAND 2,Ards,Warrenpoint,1.37,4.8,6.7,1.5,3.0,0.0,1,0.0,0.0,0.0,0,,,0,0,,,,,,,,,,,,,
2026-03-21,NORTHERN IRELAND 2,Annagh,Dundela,1.24,5.7,9.25,1.4,1.0,1.0,0,0.0,0.0,0.0,0,,,0,0,,,,,,,,,,,,,
2026-03-21,ITALY 3,Brescia,Ospitaletto,1.53,3.6,5.0,1.95,0.0,0.0,0,2.0,2.0,4.0,1,4898216,901968,0,0,,,,,,,,,,,,,
2026-03-22,FRANCE 1,Rennes,Metz,1.3,5.75,9.5,1.53,0.0,0.0,0,7.0,2.0,11.0,1,4830699,53,1,1,0.93,0.18,7,1,11,2,2,1,2,0,19,4,70
2026-03-22,ARGENTINA 1,Boca Juniors,Instituto,1.57,3.5,6.5,2.5,2.0,0.0,1,3.0,4.0,12.0,1,5102048,905256,1,1,1.05,0.29,3,3,12,4,4,2,2,0,21,14,74
2026-03-22,VENEZUELA 1,Portuguesa,Rayo Zuliano,1.5,3.7,5.5,1.85,1.0,1.0,0,2.0,5.0,4.0,1,5142114,919709,1,0,,,2,0,4,3,5,1,0,0,,,62
2026-03-22,VENEZUELA 2,Miranda,Mineros,1.44,3.6,6.5,2.1,0.0,0.0,0,0.0,0.0,0.0,0,,,0,0,,,,,,,,,,,,,
2026-03-22,WOM BRAZIL 1,Bragantino W,Juventude W,1.52,3.95,5.9,1.95,2.0,0.0,1,2.0,2.0,6.0,1,,,0,0,,,,,,,,,,,,,
2026-03-22,ITALY 1,AS Roma,Lecce,1.5,3.9,8.0,2.1,1.0,0.0,1,1.0,5.0,6.0,1,,,0,0,,,,,,,,,,,,,
2026-03-22,GREECE 1,Olympiacos Piraeus,AEL Larissa,1.07,10.0,26.0,1.4,0.0,0.0,0,3.0,5.0,18.0,1,4859178,900624,1,1,0.90,0.00,3,0,18,0,5,0,1,0,28,,66
2026-03-22,SPAIN 3,Tenerife,Osasuna B,1.22,5.0,12.0,2.05,1.0,0.0,1,3.0,3.0,6.0,1,4871635,901480,0,0,,,,,,,,,,,,,
2026-03-22,SPAIN 4,Deportiva Minera,Antoniano,1.44,3.6,6.0,2.25,1.0,0.0,1,0.0,0.0,0.0,0,4874891,901486,0,0,,,,,,,,,,,,,
2026-03-22,ITALY 4,Milazzo,Savoia,0.0,0.0,0.0,0.0,1.0,0.0,1,0.0,0.0,0.0,0,,,0,0,,,,,,,,,,,,,
2026-03-22,ITALY 4,Paterno,Enna,0.0,0.0,0.0,0.0,1.0,1.0,0,0.0,0.0,0.0,0,,,0,0,,,,,,,,,,,,,
2026-03-22,ITALY 4,Ostiamare,Unipomezia,1.53,3.75,5.3,1.7,1.0,0.0,1,0.0,0.0,0.0,0,,,0,0,,,,,,,,,,,,,
2026-03-22,SERBIA 2,Graficar Beograd,Usce,1.36,3.9,6.5,1.91,0.0,0.0,0,2.0,3.0,4.0,1,,,0,0,,,,,,,,,,,,,
2026-03-22,WOM ITALY 1,Fiorentina W,Parma W,1.5,3.75,5.0,1.85,0.0,0.0,0,1.0,5.0,9.0,1,4895905,901923,1,0,,,1,4,9,8,5,0,0,0,15,6,63
2026-03-22,MEXICO 2,Jaiba Brava,Tlaxcala,1.57,3.5,4.6,1.85,0.0,0.0,0,0.0,3.0,3.0,1,,,0,0,,,,,,,,,,,,,
2026-03-22,SPAIN 4,Alaves B,Basconia,1.6,3.4,4.75,2.0,0.0,0.0,0,0.0,0.0,0.0,0,4872848,901484,0,0,,,,,,,,,,,,,
2026-03-22,JAPAN 2,Renofa Yamaguchi,Giravanz Kitakyushu,1.4,3.9,6.0,1.91,0.0,1.0,0,1.0,2.0,2.0,1,5131129,918273,0,0,,,,,,,,,,,,,
2026-03-22,BOSNIA 2,Jedinstvo Bihac,Igman K.,0.0,0.0,0.0,0.0,1.0,0.0,1,0.0,0.0,0.0,0,,,0,0,,,,,,,,,,,,,
2026-03-23,ARGENTINA 1,Estudiantes L.P.,Central Cordoba,1.46,3.7,8.0,2.5,5.0,0.0,1,7.0,7.0,17.0,1,5102051,905256,1,1,1.17,0.07,7,1,17,3,7,1,1,0,20,1,62
2026-03-23,ITALY 3,Catania,Casarano,1.4,3.9,6.5,1.91,1.0,1.0,0,2.0,2.0,5.0,1,4899226,901990,0,0,,,,,,,,,,,,,
2026-03-23,SPAIN 2,Castellon,Cultural Leonesa,1.41,5.0,5.75,1.7,1.0,1.0,0,1.0,1.0,7.0,1,4837828,901075,1,1,0.39,0.48,1,3,7,7,1,1,1,1,14,6,51
2026-03-25,WOM USA 1,Gotham W,Denver Summit W,1.4,4.0,6.5,1.85,0.0,2.0,0,1.0,3.0,4.0,1,5161468,920228,1,1,0.16,0.78,1,3,4,4,3,2,0,1,8,8,46
2026-03-25,USA 2,Lexington,Brooklyn,1.47,4.1,5.0,1.65,3.0,0.0,1,3.0,0.0,7.0,1,5109683,8972,1,0,,,3,2,7,5,0,1,0,0,6,2,62
2026-03-25,COLOMBIA 1,America De Cali,Llaneros,1.48,4.0,7.5,1.98,0.0,0.0,0,2.0,6.0,11.0,1,5140558,917521,1,1,0.74,0.24,2,0,11,7,6,2,0,0,13,8,58
2026-03-26,WORLD WORLD CUP,Turkey,Romania,1.44,4.75,6.5,1.57,1.0,0.0,1,0.0,3.0,6.0,1,,,0,0,,,,,,,,,,,,,
2026-03-26,WORLD WORLD CUP,Denmark,North Macedonia,1.2,7.0,15.0,1.57,4.0,0.0,1,4.0,7.0,12.0,1,5067290,913098,1,1,0.54,0.00,4,0,12,0,7,2,0,0,21,1,72
2026-03-26,WORLD WORLD CUP,Italy,Northern Ireland,1.25,6.0,13.0,1.8,2.0,0.0,1,2.0,8.0,11.0,1,5067287,913098,1,1,0.39,0.14,2,1,11,4,8,1,0,0,23,3,71
2026-03-26,COLOMBIA 2,Inter Palmira,Tigres,1.44,3.6,6.5,2.1,2.0,1.0,1,2.0,4.0,6.0,1,5152393,920002,0,0,,,,,,,,,,,,,
2026-03-27,SLOVENIA 2,Grosuplje,NK Krka,1.3,4.2,7.0,1.6,0.0,0.0,0,0.0,0.0,0.0,0,,,0,0,,,,,,,,,,,,,
2026-03-27,SLOVENIA 2,Triglav,Rudar,1.22,5.0,8.5,1.5,2.0,0.0,1,0.0,0.0,0.0,0,,,0,0,,,,,,,,,,,,,
2026-03-27,FRANCE 3,Sochaux,Quevilly Rouen,1.4,3.8,6.5,2.1,2.0,0.0,1,6.0,5.0,9.0,1,4879626,8970,0,0,,,,,,,,,,,,,
2026-03-27,FRANCE 3,Orleans,Villefranche,1.53,3.6,5.0,1.91,0.0,0.0,0,4.0,2.0,6.0,1,4879624,8970,0,0,,,,,,,,,,,,,
2026-03-28,FRANCE 4,Creteil,Rousset Ste Victoire,1.19,5.5,14.5,1.62,1.0,1.0,0,0.0,0.0,0.0,0,,,0,0,,,,,,,,,,,,,
2026-03-28,SPAIN 3,FC Cartagena SAD,Sanluqueno,1.3,4.1,8.5,2.05,1.0,0.0,1,0.0,4.0,3.0,1,4872019,901481,0,0,,,,,,,,,,,,,
2026-03-28,ITALY 4,Grosseto,Follonica Gavorrano,1.4,4.1,6.6,1.67,1.0,1.0,0,0.0,0.0,0.0,0,,,0,0,,,,,,,,,,,,,
2026-03-28,PARAGUAY 1,Cerro Porteno,San Lorenzo,1.36,3.9,7.5,1.98,2.0,0.0,1,1.0,8.0,8.0,1,1000005669,199,1,0,,,1,2,9,3,8,1,0,0,16,3,69
2026-03-28,PERU 2,U. San Martin,Pirata,1.5,3.75,5.0,1.85,1.0,1.0,0,3.0,6.0,9.0,1,,,0,0,,,,,,,,,,,,,
2026-03-28,PERU 2,Binacional,Santos,1.6,3.6,4.6,1.95,1.0,1.0,0,4.0,1.0,6.0,1,,,0,0,,,,,,,,,,,,,
2026-03-28,SPAIN 4,La Union,Malaga B,1.2,4.75,9.5,1.75,3.0,1.0,1,0.0,0.0,0.0,0,,,0,0,,,,,,,,,,,,,
2026-03-28,WOM GERMANY 1,Bayern Munich W,1.FC Nurnberg W,1.01,13.0,51.0,1.08,2.0,0.0,1,1.0,4.0,11.0,1,4863707,9676,1,0,,,1,2,11,7,4,0,2,0,16,4,85
2026-03-28,NORTHERN IRELAND 2,H&W Welders,Queens Univ.,1.45,4.65,5.3,1.38,2.0,3.0,0,0.0,0.0,0.0,0,,,0,0,,,,,,,,,,,,,
2026-03-28,ENGLAND 5,York City,Woking,1.25,5.5,9.5,1.4,1.0,0.0,1,6.0,3.0,11.0,1,4857001,901315,0,0,,,,,,,,,,,,,
2026-03-28,ITALY 4,Luparense,San Luigi,1.57,3.7,4.85,1.83,1.0,1.0,0,0.0,0.0,0.0,0,,,0,0,,,,,,,,,,,,,
2026-03-28,WOM USA 1,San Diego Wave W,Chicago W,1.25,4.75,7.0,1.45,2.0,0.0,1,4.0,4.0,12.0,1,5161478,920228,1,1,1.12,0.00,4,0,12,0,4,0,2,0,31,1,59
2026-03-28,UKRAINE 2,UCSA,SK Metalurh,0.0,0.0,0.0,2.1,1.0,3.0,0,0.0,0.0,0.0,0,,,0,0,,,,,,,,,,,,,
2026-03-28,NORTHERN IRELAND 2,Warrenpoint,Armagh,1.21,6.2,9.75,1.29,0.0,0.0,0,0.0,0.0,0.0,0,,,0,0,,,,,,,,,,,,,
2026-03-29,BULGARIA 2,Marek,Spartak Pleven,1.5,3.5,5.5,2.2,0.0,0.0,0,1.0,2.0,3.0,1,4951399,9096,0,0,,,,,,,,,,,,,
2026-03-29,PERU 2,Minas,Tacna Heroica,0.0,0.0,0.0,0.0,0.0,0.0,0,1.0,4.0,7.0,1,,,0,0,,,,,,,,,,,,,
2026-03-29,SPAIN 4,Poblense,Andratx,1.44,3.7,6.0,2.1,0.0,0.0,0,0.0,0.0,0.0,0,4873892,901485,0,0,,,,,,,,,,,,,
2026-03-29,WOM GERMANY 1,Werder Bremen W,SGS Essen W,1.44,4.0,5.0,1.57,2.0,1.0,1,3.0,5.0,6.0,1,4863712,9676,1,0,,,3,1,6,2,5,4,0,0,15,4,58
2026-03-29,ARGENTINA 3,Villa Mitre,Circulo Deportivo,1.33,3.9,9.0,2.25,2.0,0.0,1,0.0,0.0,0.0,0,5113758,916561,0,0,,,,,,,,,,,,,
2026-03-31,BRAZIL 2,Fortaleza,Cuiaba,1.57,3.5,6.25,2.5,0.0,0.0,0,1.0,1.0,6.0,1,5190453,8814,1,1,0.24,0.03,1,0,7,2,1,0,0,0,8,1,57
2026-03-31,WORLD UEFA NATIONS LEAGUE,Latvia,Gibraltar,1.27,5.75,11.0,1.98,1.0,0.0,1,1.0,7.0,6.0,1,4679406,896148,1,1,1.07,0.23,1,1,6,4,7,2,1,0,11,7,54
2026-04-01,WOM BRAZIL 1,Fluminense W,Juventude W,1.4,3.8,6.0,1.95,1.0,0.0,1,1.0,3.0,3.0,1,,,0,0,,,,,,,,,,,,,
2026-04-01,COLOMBIA 1,Santa Fe,Llaneros,1.48,4.0,7.5,2.05,0.0,1.0,0,1.0,3.0,2.0,1,5140571,917521,1,1,0.32,0.03,1,1,2,1,3,2,0,0,6,2,58
2026-04-01,COLOMBIA 1,Atl. Nacional,Cucuta,1.44,4.75,6.25,1.57,0.0,0.0,0,3.0,4.0,12.0,1,5140572,917521,1,1,0.83,0.05,3,0,12,1,4,0,0,0,20,0,67
2026-04-02,ITALY 4,Sambiase,Paterno,1.28,4.5,9.25,1.75,3.0,1.0,1,0.0,0.0,0.0,0,,,0,0,,,,,,,,,,,,,
2026-04-02,ITALY 4,Nocerina,Latte Dolce,1.53,3.6,5.0,1.85,0.0,0.0,0,0.0,0.0,0.0,0,,,0,0,,,,,,,,,,,,,
2026-04-02,ITALY 4,Ligorna,Cairese,1.3,4.2,7.5,1.85,0.0,0.0,0,0.0,0.0,0.0,0,,,0,0,,,,,,,,,,,,,
2026-04-02,ITALY 4,Vado,Chisola,1.45,3.65,6.7,2.02,2.0,1.0,1,0.0,0.0,0.0,0,,,0,0,,,,,,,,,,,,,
2026-04-02,ITALY 4,Piacenza,Trevigliese,1.22,4.75,9.0,1.6,2.0,0.0,1,0.0,0.0,0.0,0,,,0,0,,,,,,,,,,,,,
2026-04-02,ITALY 4,Vivi Altotevere,Montevarchi,0.0,0.0,0.0,2.27,0.0,0.0,0,0.0,0.0,0.0,0,,,0,0,,,,,,,,,,,,,
2026-04-02,ITALY 4,Unipomezia,Giulianova,0.0,0.0,0.0,0.0,0.0,0.0,0,0.0,0.0,0.0,0,,,0,0,,,,,,,,,,,,,
2026-04-03,WOM USA 1,Utah Royals W,Chicago W,1.5,3.7,5.0,1.75,1.0,0.0,1,6.0,10.0,18.0,1,5161483,920228,1,1,1.79,0.20,6,1,18,2,10,0,2,1,28,4,61
2026-04-03,URUGUAY 1,Nacional,Central Esp.,1.4,4.2,6.5,1.93,0.0,1.0,0,2.0,2.0,6.0,1,5278468,920319,0,0,,,,,,,,,,,,,
2026-04-03,MEXICO 2,Tlaxcala,Dorados de Sinaloa,1.2,5.0,9.0,1.57,2.0,0.0,1,2.0,2.0,9.0,1,5106327,916290,0,0,,,,,,,,,,,,,
2026-04-03,BELGIUM 2,Kortrijk,Gent U23,1.27,5.0,8.0,1.4,2.0,0.0,1,2.0,3.0,12.0,1,4862873,264,1,1,2.23,0.53,2,1,11,4,3,1,4,1,26,5,37
2026-04-03,ENGLAND 5,Carlisle,Gateshead,1.53,4.0,5.25,1.5,0.0,0.0,0,3.0,4.0,5.0,1,4857006,901315,0,0,,,,,,,,,,,,,
2026-04-03,SAUDI ARABIA 1,Al Ittihad,Al Hazem,1.36,4.75,7.0,1.48,1.0,0.0,1,1.0,3.0,6.0,1,4927543,536,1,1,0.95,0.35,1,2,6,7,3,5,2,0,19,11,66
2026-04-03,ENGLAND 3,Lincoln,AFC Wimbledon,1.41,4.33,7.0,1.9,1.0,0.0,1,2.0,1.0,3.0,1,4826063,900639,1,1,0.60,0.36,2,1,3,4,1,3,1,0,7,3,48
2026-04-03,WALES 1,TNS,Connahs Q.,1.36,4.6,6.0,1.5,2.0,1.0,1,1.0,6.0,3.0,1,5142416,919717,0,0,,,,,,,,,,,,,
2026-04-03,FRANCE 4,Cannes,FC 93,1.36,3.6,7.5,1.65,1.0,0.0,1,0.0,0.0,0.0,0,,,0,0,,,,,,,,,,,,,
2026-04-04,CZECH 1,Plzen,Teplice,1.36,4.33,9.0,1.8,2.0,2.0,0,4.0,4.0,13.0,1,4817323,900416,1,0,,,4,0,13,4,4,1,1,0,13,4,68
2026-04-04,SERBIA 1,Radnicki 1923,Mladost,1.53,3.9,5.75,1.8,1.0,1.0,0,3.0,3.0,9.0,1,4810853,182,1,0,,,3,0,9,4,3,0,2,0,7,3,70
2026-04-04,FRANCE 4,La Roche,Saumur Olympique,1.47,4.25,5.9,1.57,4.0,0.0,1,0.0,0.0,0.0,0,,,0,0,,,,,,,,,,,,,
2026-04-04,BELGIUM 1,Royale Union SG,St. Truiden,1.6,3.7,5.0,1.8,1.0,0.0,1,1.0,1.0,8.0,1,,,0,0,,,,,,,,,,,,,
2026-04-04,ARGENTINA 2,Godoy Cruz,Acassuso,1.33,4.5,10.0,2.4,2.0,0.0,1,3.0,3.0,8.0,1,5113261,916553,0,0,,,,,,,,,,,,,
2026-04-04,SPAIN 4,Recreativo Huelva,La Union,1.47,3.6,6.0,2.25,1.0,0.0,1,0.0,0.0,0.0,0,4874912,901486,0,0,,,,,,,,,,,,,
2026-04-04,BELGIUM 2,Lommel SK,RWDM Brussels,1.4,4.2,6.0,1.6,3.0,2.0,1,2.0,3.0,8.0,1,4862874,264,1,1,0.94,0.04,2,0,8,2,3,2,2,0,6,2,63
2026-04-04,CROATIA 2,Rudes,Jarun,1.4,3.8,7.0,2.05,1.0,0.0,1,1.0,8.0,3.0,1,,,0,0,,,,,,,,,,,,,
2026-04-04,ITALY 3,Trento,Alcione Milano,1.55,3.7,4.75,1.8,1.0,0.0,1,0.0,4.0,1.0,1,4898243,901968,0,0,,,,,,,,,,,,,
2026-04-04,NORTHERN IRELAND 2,Annagh,Loughgall,1.53,4.0,5.3,1.7,1.0,1.0,0,0.0,0.0,0.0,0,,,0,0,,,,,,,,,,,,,
2026-04-04,BULGARIA 2,Dunav Ruse,Hebar,1.36,4.0,6.5,1.91,0.0,0.0,0,3.0,2.0,5.0,1,4951404,9096,0,0,,,,,,,,,,,,,
2026-04-04,NORTHERN IRELAND 2,Ards,Dundela,1.6,4.1,4.6,1.47,0.0,1.0,0,0.0,0.0,0.0,0,,,0,0,,,,,,,,,,,,,
2026-04-04,BOSNIA 2,Tomislav,Travnik,0.0,0.0,0.0,0.0,2.0,1.0,1,0.0,0.0,0.0,0,,,0,0,,,,,,,,,,,,,
2026-04-04,BOSNIA 2,Stupcanica,Tuzla City,0.0,0.0,0.0,0.0,2.0,1.0,1,0.0,0.0,0.0,0,,,0,0,,,,,,,,,,,,,
2026-04-04,GREECE 2,PAE Egaleo,PAE Chania,1.29,4.0,8.5,2.1,1.0,0.0,1,0.0,2.0,2.0,1,5176014,920542,0,0,,,,,,,,,,,,,
2026-04-04,FRANCE 2,Reims,Boulogne,1.5,3.6,6.0,2.05,0.0,0.0,0,2.0,3.0,9.0,1,4916428,110,1,1,1.17,0.28,3,0,10,4,3,1,1,0,21,4,64
2026-04-04,ESTONIA 1,Levadia,Nomme Utd,1.15,6.0,10.0,1.29,1.0,1.0,0,1.0,2.0,7.0,1,1000007840,248,0,0,,,,,,,,,,,,,
2026-04-04,FINLAND 1,Inter Turku,VPS,1.4,4.0,7.0,1.7,0.0,0.0,0,4.0,2.0,9.0,1,5147507,919925,1,0,,,4,0,9,1,2,1,0,0,12,8,62
2026-04-05,BRAZIL 4,CSA,Alagoinhas,1.17,5.0,12.0,2.0,3.0,0.0,1,1.0,3.0,9.0,1,,,0,0,,,,,,,,,,,,,
2026-04-05,BRAZIL 4,Marcilio Dias,Sao Joseense,1.57,3.25,5.0,2.4,0.0,0.0,0,0.0,0.0,1.0,1,1000010350,9464,0,0,,,,,,,,,,,,,
2026-04-05,PERU 2,CNI,Minas,1.39,4.0,7.3,2.0,0.0,0.0,0,6.0,4.0,9.0,1,,,0,0,,,,,,,,,,,,,
2026-04-05,CHILE 1,U. De Chile,La Serena,1.56,3.7,5.0,1.9,4.0,0.0,1,1.0,5.0,5.0,1,5140480,919426,1,0,,,1,2,5,4,5,7,0,0,8,6,41
2026-04-05,ARGENTINA 3,Douglas Haig,Defensores Belgrano VR,1.47,3.5,6.0,2.1,3.0,2.0,1,0.0,0.0,0.0,0,5238259,923718,0,0,,,,,,,,,,,,,
2026-04-05,BRAZIL 1,Flamengo RJ,Santos,1.3,4.75,11.0,1.95,3.0,1.0,1,1.0,2.0,9.0,1,5103454,268,1,1,0.86,0.25,1,0,9,7,2,2,2,0,16,5,70
2026-04-05,ARGENTINA 2,Deportivo Moron,San Telmo,1.57,3.2,7.0,2.88,1.0,0.0,1,1.0,2.0,4.0,1,5113260,916553,0,0,,,,,,,,,,,,,
2026-04-05,ARGENTINA 3,Sportivo Belgrano,Gimnasia E.R.,0.0,0.0,0.0,0.0,0.0,0.0,0,0.0,0.0,0.0,0,5238262,923718,0,0,,,,,,,,,,,,,
2026-04-05,VENEZUELA 2,Miranda,Monagas B,1.57,3.6,4.6,2.2,0.0,0.0,0,0.0,0.0,0.0,0,,,0,0,,,,,,,,,,,,,
2026-04-05,PERU 1,Sport Huancayo,Comerciantes Unidos,1.45,3.9,7.0,1.83,1.0,1.0,0,1.0,3.0,6.0,1,5169248,919710,1,0,,,1,0,6,0,3,1,0,0,9,1,70
2026-04-05,ROMANIA 1,Farul Constanta,Unirea Slobozia,1.48,3.9,5.25,1.85,0.0,1.0,0,1.0,3.0,11.0,1,5229556,923521,1,0,,,1,1,11,1,3,0,2,0,10,4,65
2026-04-05,GREECE 1,PAOK,Panathinaikos,1.57,3.6,5.75,2.1,0.0,0.0,0,0.0,1.0,4.0,1,,,0,0,,,,,,,,,,,,,
2026-04-05,SERBIA 2,Borac 1926,Loznica,1.47,3.75,6.0,2.02,1.0,0.0,1,3.0,2.0,5.0,1,,,0,0,,,,,,,,,,,,,
2026-04-05,GERMANY 2,Schalke,Karlsruher SC,1.48,4.5,6.0,1.57,1.0,0.0,1,1.0,1.0,13.0,1,4829903,146,1,1,1.10,0.25,1,1,13,3,1,0,0,0,14,5,58
2026-04-05,SPAIN 4,Getafe B,Colonia M.,1.5,4.1,5.0,1.7,0.0,2.0,0,0.0,0.0,0.0,0,4874600,901487,0,0,,,,,,,,,,,,,
2026-04-05,CHINA 1,Zhejiang Professional,Chongqing Tonglianglong,1.33,5.0,7.5,1.48,0.0,1.0,0,1.0,4.0,5.0,1,5186432,920266,1,0,,,1,0,5,2,4,0,1,0,14,4,65
2026-04-05,CHINA 2,Shaanxi Union,Shijiazhuang Gongfu,1.6,3.4,4.75,2.1,1.0,0.0,1,2.0,2.0,8.0,1,5207068,920267,0,0,,,,,,,,,,,,,
2026-04-05,SOUTH KOREA 2,Suwon Bluewings,Cheongju,1.38,4.0,7.0,1.75,0.0,0.0,0,2.0,1.0,3.0,1,5155749,920066,1,0,,,1,1,4,3,1,1,0,0,7,2,51
2026-04-05,AUSTRALIA 1,Melbourne Victory,Wellington Phoenix,1.56,4.5,4.75,1.53,0.0,1.0,0,2.0,2.0,3.0,1,4965744,901954,1,1,0.08,0.93,2,2,3,8,2,4,0,3,4,12,36
2026-04-05,SPAIN 4,Xerez CD,Puente Genil,1.57,3.3,5.5,2.4,0.0,1.0,0,0.0,0.0,0.0,0,4874913,901486,0,0,,,,,,,,,,,,,
2026-04-06,FINLAND 2,Jippo,JaPS,1.36,4.0,6.5,1.6,0.0,0.0,0,4.0,2.0,10.0,1,5163658,920261,0,0,,,,,,,,,,,,,
2026-04-06,DENMARK 1,Odense,Fredericia,1.53,4.5,4.75,1.44,1.0,0.0,1,0.0,2.0,8.0,1,,,0,0,,,,,,,,,,,,,
2026-04-07,SWITZERLAND 2,Lausanne Ouchy,Rapperswil-Jona,1.4,4.2,5.0,1.4,1.0,2.0,0,2.0,2.0,7.0,1,5106125,900530,1,0,,,2,0,7,2,2,1,0,1,9,9,61
2026-04-08,ECUADOR 2,Atletico FC,22 de Julio,1.57,3.15,6.4,1.8,1.0,0.0,1,1.0,1.0,2.0,1,,,0,0,,,,,,,,,,,,,
2026-04-08,ECUADOR CUP,U.D. Juvenil,Daquilema,0.0,0.0,0.0,0.0,0.0,2.0,0,0.0,0.0,0.0,0,,,0,0,,,,,,,,,,,,,
2026-04-08,ECUADOR 1,U. Catolica,Emelec,1.56,3.8,5.25,1.8,1.0,1.0,0,3.0,2.0,7.0,1,1000008873,246,1,0,,,3,0,7,1,2,2,2,0,14,6,66
2026-04-08,GREECE 2,Makedonikos,Chrisoupolis,0.0,0.0,0.0,0.0,0.0,2.0,0,2.0,2.0,5.0,1,5176111,920540,0,0,,,,,,,,,,,,,
2026-04-08,UKRAINE 2,Ch. Odesa,Inhulets,1.44,3.7,6.0,2.2,2.0,0.0,1,0.0,0.0,0.0,0,,,0,0,,,,,,,,,,,,,
2026-04-09,COPA LIBERTADORES,Rosario Central (Arg),Ind. del Valle (Ecu),1.5,3.9,7.5,2.25,0.0,0.0,0,5.0,0.0,11.0,1,5261521,924599,1,1,0.60,1.35,5,2,11,9,0,3,1,2,11,4,51
2026-04-09,BULGARIA 1,Levski Sofia,Arda,1.39,3.6,7.5,2.1,1.0,0.0,1,0.0,0.0,6.0,1,,,0,0,,,,,,,,,,,,,
2026-04-09,BULGARIA 1,Ludogorets,Cherno More,1.25,5.0,12.0,1.8,0.0,0.0,0,2.0,3.0,3.0,1,4867673,899885,0,0,,,,,,,,,,,,,
2026-04-10,ROMANIA 2,Metalul Buzau,Campulung,1.02,12.0,41.0,1.25,1.0,0.0,1,0.0,0.0,0.0,0,5246311,924028,0,0,,,,,,,,,,,,,
2026-04-10,BULGARIA 1,CSKA 1948 Sofia,Botev Vratsa,1.53,3.8,6.0,1.98,1.0,0.0,1,2.0,5.0,6.0,1,4867671,899885,0,0,,,,,,,,,,,,,
2026-04-10,FINLAND 2,KTP,Mikkeli,1.25,4.75,7.5,1.5,1.0,0.0,1,4.0,2.0,10.0,1,,,0,0,,,,,,,,,,,,,
2026-04-10,CZECH 2,Taborsko,Sparta Prague B,1.33,4.2,7.5,1.67,1.0,1.0,0,1.0,3.0,12.0,1,4817518,253,0,0,,,,,,,,,,,,,
2026-04-10,DENMARK 2,Koge,Middelfart,1.56,4.1,5.25,1.7,2.0,0.0,1,1.0,2.0,10.0,1,,,0,0,,,,,,,,,,,,,
2026-04-10,SLOVENIA 2,Grosuplje,ND Gorica,1.2,4.75,9.5,1.65,1.0,0.0,1,0.0,0.0,0.0,0,,,0,0,,,,,,,,,,,,,
2026-04-10,IRELAND 2,Wexford,Athlone,1.57,3.5,5.0,1.85,1.0,0.0,1,3.0,4.0,3.0,1,5101172,916016,0,0,,,,,,,,,,,,,
2026-04-10,NORTHERN IRELAND 2,Ards,Armagh,1.04,10.25,30.0,1.24,2.0,1.0,1,0.0,0.0,0.0,0,,,0,0,,,,,,,,,,,,,
2026-04-10,SPAIN 1,Real Madrid,Girona,1.3,6.0,8.5,1.29,1.0,1.0,0,5.0,5.0,9.0,1,4837419,87,1,1,1.04,0.21,5,1,9,4,5,0,1,0,27,5,56
2026-04-11,BOSNIA 2,Hadzici,Stupcanica,0.0,0.0,0.0,0.0,1.0,0.0,1,0.0,0.0,0.0,0,,,0,0,,,,,,,,,,,,,
2026-04-11,SLOVENIA 2,Nafta,Jadran Dekani,1.25,4.6,8.0,1.75,3.0,0.0,1,0.0,0.0,0.0,0,,,0,0,,,,,,,,,,,,,
2026-04-11,EGYPT 1,Pyramids,Al Masry,1.44,3.8,7.0,1.95,1.0,1.0,0,0.0,3.0,3.0,1,5243224,923879,1,1,0.20,0.04,0,0,3,1,3,0,0,0,16,2,53
2026-04-11,ENGLAND 5,Rochdale,Wealdstone,1.3,4.75,9.0,1.6,2.0,1.0,1,1.0,1.0,3.0,1,4857032,901315,0,0,,,,,,,,,,,,,
2026-04-11,ITALY 2,Monza,Bari,1.25,5.5,10.0,1.6,2.0,0.0,1,4.0,6.0,9.0,1,4906320,902171,1,1,0.61,0.10,4,0,9,3,6,1,0,0,28,5,76
2026-04-11,BELGIUM 2,Lommel SK,Club Brugge KV U23,1.27,4.75,8.0,1.48,0.0,1.0,0,3.0,3.0,10.0,1,4862881,264,1,1,1.08,0.18,3,2,9,3,3,1,2,0,19,5,53
2026-04-11,VENEZUELA 2,Barquisimeto,Frontera,1.47,3.85,5.8,1.82,2.0,0.0,1,0.0,0.0,0.0,0,,,0,0,,,,,,,,,,,,,
2026-04-11,ECUADOR CUP,Insutec,Club Deportivo Ibarra,0.0,0.0,0.0,0.0,4.0,3.0,1,0.0,0.0,0.0,0,,,0,0,,,,,,,,,,,,,
2026-04-11,BRAZIL 4,Piaui,Atletico-CE,1.29,4.2,8.0,1.91,1.0,1.0,0,0.0,8.0,5.0,1,1000010450,9464,0,0,,,,,,,,,,,,,
2026-04-11,BOLIVIA 1,Nacional Potosi,Universitario de Vinto,1.51,4.2,4.75,1.36,1.0,0.0,1,0.0,4.0,5.0,1,1000010817,144,1,0,,,0,1,5,3,4,3,0,0,8,7,65
2026-04-11,NORWAY 1,Tromso,Kristiansund,1.25,6.0,10.0,1.53,2.0,0.0,1,3.0,5.0,10.0,1,5104867,59,1,1,1.11,0.10,3,1,10,2,5,0,0,0,25,5,58
2026-04-11,ECUADOR CUP,Huaquillas FC,Rio Aguarico,0.0,0.0,0.0,0.0,1.0,0.0,1,0.0,0.0,0.0,0,,,0,0,,,,,,,,,,,,,
2026-04-11,ITALY 4,Folgore Caratese,Oltrepo,1.4,3.7,6.5,2.1,1.0,1.0,0,0.0,0.0,0.0,0,,,0,0,,,,,,,,,,,,,
2026-04-11,NORTHERN IRELAND 2,Annagh,Queens Univ.,1.45,4.2,6.0,1.57,0.0,4.0,0,0.0,0.0,0.0,0,,,0,0,,,,,,,,,,,,,
2026-04-11,VENEZUELA 1,Monagas,Rayo Zuliano,1.44,4.0,5.0,1.6,3.0,0.0,1,3.0,4.0,8.0,1,5142128,919709,1,0,,,3,1,8,5,4,1,0,0,,,63
2026-04-11,ENGLAND 2,Middlesbrough,Portsmouth,1.42,4.33,7.0,1.73,0.0,1.0,0,2.0,5.0,6.0,1,4825530,900638,1,1,0.31,0.00,2,0,6,0,5,0,0,0,13,1,69
2026-04-11,ENGLAND 5,Southend,Solihull Moors,1.4,4.33,7.0,1.62,0.0,0.0,0,2.0,5.0,4.0,1,4857034,901315,0,0,,,,,,,,,,,,,
2026-04-11,JAPAN 1,Sanfrecce Hiroshima,Shimizu S-Pulse,1.57,3.75,5.5,2.05,1.0,1.0,0,2.0,2.0,10.0,1,5130421,918259,1,1,1.16,0.28,2,0,10,2,2,1,1,0,20,8,56
2026-04-11,UKRAINE 1,Karpaty Lviv,Oleksandriya,1.5,3.7,5.0,1.8,2.0,0.0,1,1.0,4.0,1.0,1,4844975,900627,0,0,,,,,,,,,,,,,
2026-04-11,FINLAND 1,KuPS,Gnistan,1.42,4.2,6.5,1.44,1.0,0.0,1,5.0,5.0,11.0,1,5147516,919925,1,0,,,5,1,11,1,5,1,2,0,19,1,76
2026-04-11,CHINA 2,Nantong Zhiyun,Suzhou Dongwu,1.55,3.5,5.0,2.0,1.0,0.0,1,1.0,2.0,3.0,1,5207075,920267,0,0,,,,,,,,,,,,,
2026-04-11,ENGLAND 2,Coventry,Sheffield Wed,1.11,8.0,17.0,1.4,0.0,0.0,0,2.0,2.0,11.0,1,4825528,900638,1,1,1.15,0.17,2,0,11,4,2,2,1,0,17,7,66
2026-04-11,SOUTH KOREA 2,Busan,Yongin,1.5,3.6,6.0,1.95,2.0,0.0,1,2.0,1.0,2.0,1,5155752,920066,1,0,,,2,2,2,5,1,3,0,0,2,7,50
2026-04-11,ENGLAND 5,Boreham Wood,Hartlepool,1.53,3.9,5.0,1.48,3.0,0.0,1,1.0,5.0,4.0,1,4857028,901315,0,0,,,,,,,,,,,,,
2026-04-11,ITALY 3,Campobasso,Bra,1.53,3.7,5.0,1.91,0.0,0.0,0,5.0,6.0,5.0,1,4898663,901979,0,0,,,,,,,,,,,,,
2026-04-11,POLAND 1,Widzew Lodz,Termalica B-B.,1.44,4.1,6.25,1.73,1.0,0.0,1,0.0,6.0,7.0,1,4803668,899985,1,1,0.26,0.55,0,2,7,6,6,1,0,1,9,14,55
2026-04-11,SLOVENIA 1,O. Ljubljana,Aluminij,1.36,4.33,6.0,1.6,2.0,1.0,1,2.0,6.0,6.0,1,4834562,173,0,0,,,,,,,,,,,,,
2026-04-11,GERMANY 1,RB Leipzig,B. Monchengladbach,1.48,5.0,5.75,1.5,1.0,0.0,1,6.0,4.0,9.0,1,4829572,54,1,1,1.26,0.94,6,2,9,8,4,2,3,1,23,14,54
2026-04-11,ENGLAND 3,Plymouth,Exeter,1.37,4.75,7.0,1.48,2.0,2.0,0,5.0,7.0,10.0,1,4826089,900639,1,1,1.14,0.43,5,0,10,3,7,2,4,0,16,9,46
2026-04-12,SLOVAKIA 1,Dun. Streda,Michalovce,1.33,4.5,6.5,1.57,3.0,0.0,1,2.0,4.0,4.0,1,5208295,922965,1,0,,,2,3,4,7,4,3,1,0,14,9,66
2026-04-12,MEXICO 1,Toluca,Atl. San Luis,1.51,4.2,5.5,1.67,1.0,1.0,0,4.0,1.0,12.0,1,5101840,916051,1,1,0.52,0.34,4,0,12,4,1,0,0,1,13,5,59
2026-04-12,ECUADOR CUP,La Union,Cumbaya,0.0,0.0,0.0,0.0,0.0,0.0,0,0.0,0.0,0.0,0,,,0,0,,,,,,,,,,,,,
2026-04-12,ARGENTINA 3,Biblioteca Atenas,Huracan Las Heras,1.44,3.4,6.5,2.4,0.0,0.0,0,0.0,0.0,0.0,0,,,0,0,,,,,,,,,,,,,
2026-04-12,ARGENTINA 3,Chivilcoy,Sportivo Las Parejas,1.44,3.5,7.0,2.55,1.0,0.0,1,0.0,0.0,0.0,0,5238265,923718,0,0,,,,,,,,,,,,,
2026-04-12,SPAIN 3,Hercules,Sanluqueno,1.27,4.75,9.0,1.9,0.0,0.0,0,3.0,0.0,5.0,1,4872041,901481,0,0,,,,,,,,,,,,,
2026-04-12,PORTUGAL 1,Braga,Arouca,1.42,4.2,7.0,1.73,1.0,0.0,1,0.0,2.0,1.0,1,4844413,61,1,1,0.03,0.02,0,0,1,1,2,1,0,0,4,,77
2026-04-12,BOSNIA 2,GOSK Gabela,Banovici,0.0,0.0,0.0,0.0,0.0,0.0,0,0.0,0.0,0.0,0,,,0,0,,,,,,,,,,,,,
2026-04-12,SPAIN 4,Conquense,Socuellamos,1.53,3.6,5.75,2.05,2.0,1.0,1,0.0,0.0,0.0,0,4874610,901487,0,0,,,,,,,,,,,,,
2026-04-12,TURKEY 2,Keciorengucu,Serik Spor,1.22,5.25,8.5,1.4,0.0,0.0,0,5.0,5.0,8.0,1,4870160,165,1,0,,,5,0,8,1,5,0,2,0,19,1,72
2026-04-12,BRAZIL 1,Athletico-PR,Chapecoense-SC,1.39,4.1,5.75,1.75,2.0,0.0,1,1.0,4.0,5.0,1,5103471,268,1,1,0.15,0.04,1,0,5,3,4,0,0,0,11,0,60
2026-04-12,PORTUGAL 2,Maritimo,Portimonense,1.55,3.9,6.0,1.8,1.0,0.0,1,2.0,2.0,5.0,1,4844727,185,0,0,,,,,,,,,,,,,
2026-04-12,ITALY 4,Paterno,Milazzo,0.0,0.0,0.0,0.0,0.0,0.0,0,0.0,0.0,0.0,0,,,0,0,,,,,,,,,,,,,
2026-04-12,ITALY 4,Giulianova,Castelfidardo,0.0,0.0,0.0,0.0,0.0,0.0,0,0.0,0.0,0.0,0,,,0,0,,,,,,,,,,,,,
2026-04-12,ITALY 4,Teramo,Termoli,1.38,3.85,7.8,2.15,0.0,0.0,0,0.0,0.0,0.0,0,,,0,0,,,,,,,,,,,,,
2026-04-12,ITALY 4,Orvietana,Scandicci,0.0,0.0,0.0,0.0,0.0,1.0,0,0.0,0.0,0.0,0,,,0,0,,,,,,,,,,,,,
2026-04-12,ITALY 4,Tau,Cannara,1.42,4.1,6.3,1.8,1.0,0.0,1,0.0,0.0,0.0,0,,,0,0,,,,,,,,,,,,,
2026-04-12,AUSTRIA 1,Sturm Graz,Hartberg,1.56,4.33,5.0,1.67,0.0,0.0,0,1.0,3.0,13.0,1,5228564,923517,1,1,0.89,0.39,1,0,13,9,3,3,1,0,16,13,59
2026-04-12,ESTONIA 1,Flora,Parnu JK Vaprus,1.33,4.6,6.5,1.44,2.0,0.0,1,1.0,3.0,3.0,1,1000007851,248,0,0,,,,,,,,,,,,,
2026-04-13,ECUADOR CUP,Primero de Mayo,Dep. Santo Domingo,0.0,0.0,0.0,0.0,0.0,2.0,0,0.0,0.0,0.0,0,,,0,0,,,,,,,,,,,,,
2026-04-14,ISRAEL 2,Maccabi Petah Tikva,M. Herzliya,1.5,3.9,4.75,1.65,1.0,1.0,0,0.0,0.0,0.0,0,4864762,901379,0,0,,,,,,,,,,,,,
2026-04-15,COPA SUDAMERICANA,Millonarios (Col),Boston River (Uru),1.17,7.5,19.0,1.57,1.0,0.0,1,3.0,7.0,10.0,1,5261385,924601,1,0,,,3,0,10,3,7,2,0,0,20,3,55
2026-04-15,COPA SUDAMERICANA,River Plate (Arg),Carabobo (Ven),1.29,5.25,11.0,1.9,1.0,0.0,1,1.0,1.0,3.0,1,5261446,924606,1,0,,,1,0,3,3,1,1,0,0,9,2,70
2026-04-15,COPA LIBERTADORES,Corinthians (Bra),Santa Fe (Col),1.48,4.2,7.5,2.35,2.0,0.0,1,3.0,4.0,5.0,1,5261488,924596,1,1,0.33,0.11,3,1,5,3,4,0,0,0,10,7,64
2026-04-15,EUROPA CHAMPIONS LEAGUE,Arsenal,Sporting CP,1.53,4.33,6.0,1.98,0.0,0.0,0,1.0,3.0,8.0,1,5205796,904995,1,1,0.33,0.09,1,0,8,3,3,1,1,1,10,11,56
2026-04-15,SAUDI ARABIA 2,Abha,Jeddah,1.07,7.5,15.0,1.36,1.0,0.0,1,0.0,4.0,8.0,1,1000006490,10721,1,0,,,0,0,8,1,4,1,0,0,,,65
2026-04-15,CZECH 2,Usti nad Labem,Chrudim,1.57,4.2,4.33,1.57,1.0,0.0,1,0.0,6.0,5.0,1,4817526,253,0,0,,,,,,,,,,,,,
2026-04-16,EGYPT 2,Masar,Maleyeit Kafr El Zayiat,1.44,3.6,6.5,2.25,0.0,1.0,0,0.0,0.0,0.0,0,,,0,0,,,,,,,,,,,,,
2026-04-16,BULGARIA 2,Chernomorets 1919,Ludogorets II,1.57,3.4,5.0,2.1,0.0,0.0,0,1.0,6.0,3.0,1,4951419,9096,0,0,,,,,,,,,,,,,
2026-04-16,COPA LIBERTADORES,Lanus (Arg),Always Ready (Bol),1.33,5.5,8.0,1.67,1.0,0.0,1,1.0,4.0,8.0,1,5261511,924598,1,1,0.36,0.02,1,1,8,1,4,0,0,0,19,1,72
2026-04-16,COPA SUDAMERICANA,Tigre (Arg),Macara (Ecu),1.48,4.33,7.0,2.2,0.0,1.0,0,3.0,3.0,8.0,1,5261357,924591,1,0,,,3,1,8,3,3,2,0,2,14,7,52
2026-04-16,COPA SUDAMERICANA,San Lorenzo (Arg),Dep. Cuenca (Ecu),0.0,0.0,0.0,0.0,2.0,0.0,1,2.0,0.0,9.0,1,5261397,924602,1,0,,,2,1,9,5,0,1,1,0,14,2,58
2026-04-17,FRANCE 2,Le Mans,Clermont,1.57,3.6,5.25,1.85,1.0,0.0,1,5.0,3.0,8.0,1,4832139,110,1,1,0.63,0.23,5,1,8,5,3,3,2,0,13,4,65
2026-04-17,MEXICO 2,Atlante,Atletico La Paz,1.25,4.6,8.0,1.5,1.0,1.0,0,3.0,2.0,6.0,1,5106342,916290,0,0,,,,,,,,,,,,,
2026-04-17,ITALY 1,Inter,Cagliari,1.22,6.5,13.0,1.53,3.0,0.0,1,2.0,4.0,8.0,1,4803358,55,1,1,0.99,0.15,2,1,8,4,4,4,1,0,22,4,60
2026-04-17,NETHERLANDS 2,Vitesse,Maastricht,1.37,4.75,7.0,1.44,0.0,0.0,0,2.0,5.0,3.0,1,4828229,111,1,0,,,2,1,3,3,5,0,0,1,16,5,64
2026-04-17,TURKEY 1,Fenerbahce,Rizespor,1.3,5.0,8.0,1.44,2.0,2.0,0,2.0,4.0,8.0,1,4842577,71,1,1,0.40,0.21,2,1,8,4,4,2,0,0,15,4,60
2026-04-17,ESTONIA 2,Tartu Welco,Levadia U21,1.22,5.5,7.0,1.17,3.0,2.0,1,1.0,0.0,4.0,1,,,0,0,,,,,,,,,,,,,
2026-04-17,BULGARIA 2,Dunav Ruse,Marek,1.47,3.3,6.5,2.6,0.0,0.0,0,0.0,0.0,0.0,1,4951421,9096,0,0,,,,,,,,,,,,,
2026-04-17,FRANCE 4,La Roche,Angouleme CFC,1.57,3.75,5.5,2.02,1.0,1.0,0,0.0,0.0,0.0,0,,,0,0,,,,,,,,,,,,,
2026-04-17,CYPRUS 1,AEL Limassol,Paralimni,1.11,7.0,12.0,1.44,2.0,1.0,1,1.0,4.0,4.0,1,5272412,924302,0,0,,,,,,,,,,,,,
2026-04-17,UKRAINE 1,Obolon,SC Poltava,1.4,3.9,6.0,1.85,1.0,1.0,0,4.0,1.0,8.0,1,4844987,900627,0,0,,,,,,,,,,,,,
2026-04-18,ARGENTINA 1,Argentinos Jrs,Atl. Tucuman,1.57,3.5,6.5,2.1,1.0,0.0,1,2.0,5.0,6.0,1,5102090,905256,1,1,0.28,0.11,2,0,6,2,5,0,0,0,12,4,78
2026-04-18,BRAZIL 4,Galvez,Independencia,0.0,0.0,0.0,0.0,2.0,1.0,1,0.0,0.0,0.0,0,1000010484,9464,0,0,,,,,,,,,,,,,
2026-04-18,BRAZIL 3,Ypiranga FC,Anapolis,1.5,3.4,5.5,2.25,3.0,0.0,1,0.0,3.0,5.0,1,1000009368,8971,0,0,,,,,,,,,,,,,
2026-04-18,ECUADOR 1,U. Catolica,Libertad,1.37,4.2,8.0,1.62,2.0,0.0,1,4.0,2.0,8.0,1,1000008944,246,1,0,,,4,0,8,4,2,1,2,0,15,3,66
2026-04-18,BRAZIL 4,Maracana,Parnahyba,1.5,3.5,5.5,2.25,1.0,0.0,1,1.0,5.0,7.0,1,1000010499,9464,0,0,,,,,,,,,,,,,
2026-04-18,FRANCE 1,Lille,Nice,1.5,4.75,5.75,1.62,0.0,0.0,0,2.0,2.0,3.0,1,4830721,53,1,1,0.23,0.10,2,1,3,3,2,2,0,0,12,2,57
2026-04-18,BRAZIL 4,Tirol,Atletico-CE,1.47,3.95,6.4,1.8,0.0,0.0,0,1.0,8.0,10.0,1,1000010501,9464,0,0,,,,,,,,,,,,,
2026-04-18,ITALY 3,Ascoli,Guidonia,1.2,4.75,9.5,1.8,1.0,0.0,1,3.0,3.0,10.0,1,4898672,901979,0,0,,,,,,,,,,,,,
2026-04-18,POLAND 2,Wieczysta Krakow,Odra Opole,1.53,3.9,5.25,1.73,0.0,0.0,0,3.0,4.0,7.0,1,4817021,197,0,0,,,,,,,,,,,,,
2026-04-18,FRANCE 4,Saint Priest,Rousset Ste Victoire,1.42,4.35,6.3,1.62,2.0,0.0,1,0.0,0.0,0.0,0,,,0,0,,,,,,,,,,,,,
2026-04-18,BOSNIA 2,NK Vitez,Tuzla City,0.0,0.0,0.0,0.0,1.0,0.0,1,0.0,0.0,0.0,0,,,0,0,,,,,,,,,,,,,
2026-04-18,USA 2,Louisville City,Sporting Jax,1.2,5.0,8.5,1.45,1.0,0.0,1,4.0,6.0,13.0,1,5109726,8972,1,0,,,4,0,13,1,6,1,1,0,24,2,58
2026-04-18,SLOVAKIA 2,L. Mikulas,Zilina B,1.5,4.1,4.6,1.44,2.0,0.0,1,2.0,2.0,6.0,1,4838252,901093,0,0,,,,,,,,,,,,,
2026-04-18,BOSNIA 2,Jedinstvo Bihac,Hadzici,0.0,0.0,0.0,0.0,2.0,1.0,1,0.0,0.0,0.0,0,,,0,0,,,,,,,,,,,,,
2026-04-18,CHINA 2,Yanbian Longding,Ningbo Professional,1.44,3.75,6.0,1.95,0.0,0.0,0,1.0,0.0,3.0,1,5207079,920267,0,0,,,,,,,,,,,,,
2026-04-18,FRANCE 2,Troyes,Boulogne,1.38,4.1,6.5,1.67,1.0,0.0,1,3.0,5.0,6.0,1,4916430,110,1,1,0.33,0.18,3,1,6,4,5,1,0,0,15,6,54
2026-04-18,NORWAY 2,Kongsvinger,Moss,1.45,4.75,5.5,1.44,2.0,1.0,1,2.0,3.0,7.0,1,5105100,203,0,0,,,,,,,,,,,,,
2026-04-18,NORWAY 2,Stromsgodset,Sogndal,1.57,4.5,4.75,1.36,3.0,0.0,1,3.0,4.0,9.0,1,5105101,203,0,0,,,,,,,,,,,,,
2026-04-18,GERMANY 3,Verl,Viktoria Koln,1.5,4.0,5.5,1.57,2.0,0.0,1,0.0,0.0,3.0,1,,,0,0,,,,,,,,,,,,,
2026-04-18,UKRAINE 1,Metalist 1925,Kudrivka,1.22,4.5,9.0,1.8,1.0,0.0,1,0.0,8.0,9.0,1,4844986,900627,0,0,,,,,,,,,,,,,
2026-04-18,UKRAINE 2,Ch. Odesa,Probiy Horodenka,1.36,3.9,6.5,1.95,1.0,0.0,1,0.0,0.0,0.0,0,,,0,0,,,,,,,,,,,,,
2026-04-18,ESTONIA 1,Parnu JK Vaprus,Tammeka,0.0,0.0,0.0,0.0,0.0,0.0,0,3.0,4.0,7.0,1,1000007853,248,0,0,,,,,,,,,,,,,
2026-04-18,NORTHERN IRELAND 2,Dundela,Armagh,1.42,4.5,6.2,1.38,0.0,0.0,0,0.0,0.0,0.0,0,,,0,0,,,,,,,,,,,,,
2026-04-18,SCOTLAND 3,Inverness,Kelty Hearts,1.2,5.25,11.0,1.62,1.0,0.0,1,0.0,0.0,0.0,0,4819121,900477,0,0,,,,,,,,,,,,,
2026-04-19,SPAIN 4,Yeclano,Almeria B,1.15,5.0,13.0,1.91,1.0,1.0,0,0.0,0.0,0.0,0,4874932,901486,0,0,,,,,,,,,,,,,
2026-04-19,SPAIN 4,SD Logrones,Zaragoza B,1.55,3.6,5.0,1.95,1.0,0.0,1,0.0,0.0,0.0,0,,,0,0,,,,,,,,,,,,,
2026-04-19,SPAIN 4,Sant Andreu,Reus FCR,1.5,3.5,5.5,2.25,2.0,1.0,1,0.0,0.0,0.0,0,,,0,0,,,,,,,,,,,,,
2026-04-19,SPAIN 3,Sabadell,Hercules,1.48,3.6,6.25,2.15,1.0,0.0,1,1.0,2.0,3.0,1,4872051,901481,0,0,,,,,,,,,,,,,
2026-04-19,CZECH 1,Plzen,FK Pardubice,1.4,4.2,7.0,1.57,0.0,1.0,0,1.0,1.0,4.0,1,4817340,900416,1,0,,,1,4,4,7,1,4,1,1,4,13,63
2026-04-19,SPAIN 2,Eibar,Huesca,1.53,3.4,5.5,2.2,2.0,1.0,1,2.0,3.0,8.0,1,4837883,901075,1,1,0.93,0.14,2,0,8,2,3,0,2,0,17,3,49
2026-04-19,TURKEY 2,Manisa FK,Serik Spor,1.57,3.8,4.75,1.57,1.0,0.0,1,1.0,0.0,6.0,1,4870174,165,1,0,,,1,3,6,7,0,4,1,1,14,6,63
2026-04-19,ECUADOR CUP,Africando,Ind. Juniors,0.0,0.0,0.0,0.0,1.0,2.0,0,0.0,0.0,0.0,0,,,0,0,,,,,,,,,,,,,
2026-04-19,BRAZIL 4,Tuna Luso,Oratorio,1.36,4.0,6.5,1.73,2.0,0.0,1,4.0,3.0,6.0,1,1000010495,9464,0,0,,,,,,,,,,,,,
2026-04-19,SPAIN 4,Aguilas FC,Lorca Deportiva,1.4,3.7,7.0,2.4,2.0,0.0,1,0.0,0.0,0.0,0,4874924,901486,0,0,,,,,,,,,,,,,
2026-04-19,ARGENTINA 3,Villa Mitre,Santamarina,1.4,3.6,8.0,2.4,0.0,0.0,0,0.0,0.0,0.0,0,5238507,923721,0,0,,,,,,,,,,,,,
2026-04-19,ITALY 3,Salernitana,Picerno,1.6,3.6,4.6,1.85,2.0,1.0,1,1.0,0.0,2.0,1,4899271,901990,0,0,,,,,,,,,,,,,
2026-04-19,ITALY 3,Cosenza,Trapani,1.44,3.8,5.5,1.85,1.0,0.0,1,0.0,2.0,2.0,1,4899267,901990,0,0,,,,,,,,,,,,,
2026-04-19,BRAZIL 3,Guarani,Itabaiana,1.36,3.75,8.5,2.4,1.0,1.0,0,1.0,4.0,6.0,1,1000009362,8971,0,0,,,,,,,,,,,,,
2026-04-19,PORTUGAL 1,FC Porto,Tondela,1.11,7.0,21.0,1.57,2.0,0.0,1,4.0,6.0,13.0,1,4844429,61,1,1,1.54,0.05,4,1,13,2,6,0,1,0,26,1,57
2026-04-19,TURKEY 2,Erokspor,Keciorengucu,1.5,4.0,4.75,1.48,1.0,0.0,1,0.0,3.0,5.0,1,4870170,165,1,0,,,0,0,5,2,3,0,1,0,5,8,59
2026-04-19,USA 1,Los Angeles FC,San Jose Earthquakes,1.53,4.2,5.5,1.5,1.0,4.0,0,1.0,1.0,3.0,1,1000007490,10282,1,0,,,1,2,6,3,2,1,0,0,8,2,67
2026-04-19,ITALY 4,Reggina,Paterno,1.15,6.0,13.5,1.53,2.0,0.0,1,0.0,0.0,0.0,0,,,0,0,,,,,,,,,,,,,
2026-04-19,ITALY 4,Vado,Cairese,1.47,3.7,6.2,2.02,2.0,0.0,1,0.0,0.0,0.0,0,,,0,0,,,,,,,,,,,,,
2026-04-19,ITALY 4,A.C.D. Nardo,Manfredonia,0.0,0.0,0.0,1.98,2.0,0.0,1,0.0,0.0,0.0,0,,,0,0,,,,,,,,,,,,,
2026-04-19,SPAIN 3,UD Ibiza,Sevilla FC B,1.22,5.5,9.5,2.0,0.0,1.0,0,4.0,6.0,8.0,1,4872055,901481,0,0,,,,,,,,,,,,,
2026-04-19,ESTONIA 1,Levadia,Flora,0.0,0.0,0.0,1.65,4.0,0.0,1,0.0,0.0,0.0,0,1000007855,248,0,0,,,,,,,,,,,,,
2026-04-19,GREECE 2,Ellas Syrou,Athens Kallithea,0.0,0.0,0.0,0.0,0.0,0.0,0,0.0,0.0,0.0,0,5176015,920542,0,0,,,,,,,,,,,,,
2026-04-19,ITALY 3,L.R. Vicenza,Pergolettese,1.5,4.0,4.75,1.6,0.0,0.0,0,1.0,1.0,2.0,1,4898259,901968,0,0,,,,,,,,,,,,,
2026-04-19,CYPRUS 2,Karmiotissa,Nea Salamis,0.0,0.0,0.0,0.0,1.0,0.0,1,0.0,0.0,0.0,0,5139678,918603,0,0,,,,,,,,,,,,,
2026-04-19,ITALY 4,Milazzo,Sambiase,0.0,0.0,0.0,0.0,0.0,1.0,0,0.0,0.0,0.0,0,,,0,0,,,,,,,,,,,,,
2026-04-19,CYPRUS 2,Ayia Napa,PAEEK,0.0,0.0,0.0,0.0,6.0,3.0,1,0.0,0.0,0.0,0,5139679,918603,0,0,,,,,,,,,,,,,
2026-04-19,ITALY 4,Saluzzo,Celle Varazze,0.0,0.0,0.0,0.0,0.0,1.0,0,0.0,0.0,0.0,0,,,0,0,,,,,,,,,,,,,
2026-04-19,CYPRUS 2,Omonia 29th May,Doxa,0.0,0.0,0.0,0.0,5.0,1.0,1,0.0,0.0,0.0,0,,,0,0,,,,,,,,,,,,,
2026-04-19,ITALY 4,Poggibonsi,Tau,0.0,0.0,0.0,0.0,0.0,0.0,0,0.0,0.0,0.0,0,,,0,0,,,,,,,,,,,,,
2026-04-19,ITALY 4,Terranuova Traiana,Camaiore,0.0,0.0,0.0,0.0,2.0,1.0,1,0.0,0.0,0.0,0,,,0,0,,,,,,,,,,,,,
2026-04-19,ITALY 4,Siena,Montevarchi,0.0,0.0,0.0,0.0,0.0,0.0,0,0.0,0.0,0.0,0,,,0,0,,,,,,,,,,,,,
2026-04-19,ITALY 4,Cannara,Scandicci,0.0,0.0,0.0,0.0,1.0,1.0,0,0.0,0.0,0.0,0,,,0,0,,,,,,,,,,,,,
2026-04-19,ITALY 4,Atletico Ascoli,Fossombrone,1.55,3.75,5.1,1.88,1.0,1.0,0,0.0,0.0,0.0,0,,,0,0,,,,,,,,,,,,,
2026-04-19,ITALY 4,Anzio Calcio 1924,Scafatese,0.0,0.0,0.0,0.0,0.0,1.0,0,0.0,0.0,0.0,0,,,0,0,,,,,,,,,,,,,
2026-04-19,ITALY 4,Gravina,Paganese,0.0,0.0,0.0,0.0,1.0,0.0,1,0.0,0.0,0.0,0,,,0,0,,,,,,,,,,,,,
2026-04-19,ITALY 4,Pistoiese,Tropical Coriano,1.15,5.8,15.0,1.57,0.0,1.0,0,0.0,0.0,0.0,0,,,0,0,,,,,,,,,,,,,
2026-04-20,UKRAINE 1,Shakhtar Donetsk,Polissya Zhytomyr,1.5,3.4,5.5,2.2,1.0,0.0,1,0.0,0.0,0.0,1,4844989,900627,0,0,,,,,,,,,,,,,
2026-04-20,SAUDI ARABIA 2,Al-Ula,Al Jabalain,1.36,4.2,6.0,1.65,0.0,0.0,0,1.0,0.0,4.0,1,1000006495,10721,1,0,,,1,2,4,6,0,3,0,0,,,37
2026-04-20,ECUADOR CUP,Astillero,22 de Julio,0.0,0.0,0.0,0.0,2.0,1.0,1,0.0,0.0,0.0,0,,,0,0,,,,,,,,,,,,,
2026-04-21,BRAZIL CUP,Botafogo RJ,Chapecoense-SC,1.39,4.1,9.0,1.9,1.0,0.0,1,0.0,0.0,11.0,1,1000010290,9067,1,0,,,0,0,12,2,0,3,4,1,20,5,70
2026-04-21,BRAZIL CUP,Gremio,Confianca,1.22,5.5,13.0,1.85,2.0,0.0,1,2.0,5.0,11.0,1,1000010286,9067,1,0,,,2,0,11,3,5,0,1,1,19,3,62
2026-04-21,NORTHERN IRELAND 2,Ballinamallard,Armagh,1.36,4.85,6.7,1.4,6.0,0.0,1,0.0,0.0,0.0,0,,,0,0,,,,,,,,,,,,,
2026-04-21,CROATIA 1,Hajduk Split,Osijek,1.33,4.33,8.0,1.7,0.0,1.0,0,1.0,1.0,3.0,1,4814278,252,1,0,,,1,0,3,2,1,1,1,0,14,5,60
2026-04-21,CYPRUS 2,Kitiou,Halkanoras,0.0,0.0,0.0,0.0,0.0,1.0,0,0.0,0.0,0.0,0,5139761,918604,0,0,,,,,,,,,,,,,
2026-04-21,EGYPT 2,Tanta,WE SC,0.0,0.0,0.0,0.0,1.0,1.0,0,0.0,0.0,0.0,0,,,0,0,,,,,,,,,,,,,
2026-04-21,ENGLAND 3,Stockport County,Mansfield,1.49,4.2,5.5,1.53,0.0,1.0,0,2.0,3.0,9.0,1,4826008,900639,1,1,0.72,0.46,2,1,9,5,3,2,1,1,10,13,69
2026-04-22,ECUADOR CUP,Domingo TSA,Vinotinto,0.0,0.0,0.0,0.0,1.0,2.0,0,0.0,0.0,0.0,0,,,0,0,,,,,,,,,,,,,
2026-04-22,CHINA 1,Shanghai Shenhua,Qingdao Hainiu,1.13,8.5,11.0,1.25,2.0,0.0,1,5.0,7.0,16.0,1,5186458,920266,1,0,,,5,2,16,6,7,0,4,0,33,5,67
2026-04-22,GREECE 2,Chrisoupolis,Giannina,0.0,0.0,0.0,0.0,1.0,0.0,1,0.0,2.0,2.0,1,5176116,920540,0,0,,,,,,,,,,,,,
2026-04-22,WOM FRANCE 1,PSG W,St Etienne W,1.06,9.0,19.0,1.29,2.0,0.0,1,2.0,2.0,11.0,1,,,0,0,,,,,,,,,,,,,
2026-04-22,SWITZERLAND 2,Aarau,Lausanne Ouchy,1.36,4.4,5.5,1.45,3.0,0.0,1,2.0,3.0,8.0,1,5106135,900530,1,0,,,2,1,8,7,3,3,0,0,19,9,52
2026-04-22,TURKEY CUP,Galatasaray,Genclerbirligi,1.22,5.25,11.0,1.57,0.0,2.0,0,0.0,3.0,4.0,1,5237896,923709,1,0,,,0,0,4,1,3,0,0,0,10,4,78
2026-04-22,BELGIUM 1,Royale Union SG,Gent,1.36,4.2,9.0,1.95,0.0,0.0,0,0.0,4.0,3.0,1,,,0,0,,,,,,,,,,,,,
2026-04-22,ENGLAND 3,Cardiff,Port Vale,1.35,5.5,5.75,1.57,1.0,0.0,1,1.0,4.0,5.0,1,4826060,900639,1,1,0.67,0.05,1,0,5,1,4,2,1,0,9,5,74
2026-04-22,PERU 1,Cusco,FC Cajamarca,1.36,4.75,7.5,1.75,1.0,0.0,1,1.0,4.0,5.0,1,5169254,919710,1,0,,,1,1,5,5,4,1,0,0,7,2,70
2026-04-22,USA 1,Los Angeles FC,Colorado Rapids,1.41,5.0,6.25,1.4,0.0,0.0,0,0.0,0.0,0.0,1,,,0,0,,,,,,,,,,,,,
2026-04-23,TURKEY CUP,Samsunspor,Trabzonspor,0.0,0.0,0.0,1.95,0.0,0.0,0,2.0,2.0,4.0,1,5237898,923709,1,0,,,2,3,4,5,2,0,2,0,10,9,62
2026-04-23,BRAZIL CUP,Athletico-PR,Atletico GO,1.42,3.9,8.0,2.4,0.0,0.0,0,1.0,2.0,4.0,1,1000010284,9067,1,0,,,1,0,4,2,2,0,1,0,7,2,59
2026-04-23,MEXICO 2,Jaiba Brava,Atletico La Paz,1.36,4.2,6.0,1.6,2.0,0.0,1,4.0,5.0,4.0,1,,,0,0,,,,,,,,,,,,,
2026-04-23,EGYPT 2,Dayrout,El-Entag El-Harby,0.0,0.0,0.0,0.0,0.0,0.0,0,0.0,0.0,0.0,0,,,0,0,,,,,,,,,,,,,
2026-04-24,ICELAND 2,Fylkir,Aegir,1.18,5.5,9.0,1.33,3.0,0.0,1,1.0,8.0,1.0,1,,,0,0,,,,,,,,,,,,,
2026-04-24,ARGENTINA 1,Lanus,Central Cordoba,1.39,4.33,8.0,2.2,0.0,0.0,0,3.0,2.0,7.0,1,5102112,905256,1,1,0.38,0.25,3,2,7,6,2,3,1,1,13,6,62
2026-04-24,SPAIN 3,Cacereno,Guadalajara,0.0,0.0,0.0,2.1,1.0,1.0,0,1.0,0.0,2.0,1,4871678,901480,0,0,,,,,,,,,,,,,
2026-04-24,NORTHERN IRELAND 2,Limavady,Queens Univ.,1.22,5.0,7.5,1.5,0.0,1.0,0,0.0,0.0,0.0,0,,,0,0,,,,,,,,,,,,,
2026-04-24,NORTHERN IRELAND 2,H&W Welders,Annagh,1.14,6.5,18.0,1.34,4.0,0.0,1,0.0,0.0,0.0,0,,,0,0,,,,,,,,,,,,,
2026-04-24,FRANCE 3,Orleans,Quevilly Rouen,1.57,3.7,4.6,1.75,0.0,3.0,0,3.0,4.0,5.0,1,4879659,8970,0,0,,,,,,,,,,,,,
2026-04-24,FRANCE 3,Sochaux,Bourg en Bresse,1.4,3.8,7.0,2.1,2.0,1.0,1,2.0,3.0,4.0,1,4879662,8970,0,0,,,,,,,,,,,,,
2026-04-24,CYPRUS 2,PAEEK,Karmiotissa,0.0,0.0,0.0,0.0,0.0,0.0,0,0.0,0.0,0.0,0,5139685,918603,0,0,,,,,,,,,,,,,
2026-04-24,UKRAINE 1,Kolos Kovalivka,SC Poltava,1.25,4.33,9.0,1.8,2.0,0.0,1,1.0,0.0,2.0,1,4844992,900627,0,0,,,,,,,,,,,,,
2026-04-25,ENGLAND CUP,Manchester City,Southampton,1.22,6.0,11.0,1.44,2.0,1.0,1,1.0,2.0,6.0,1,,,0,0,,,,,,,,,,,,,
2026-04-25,PERU 2,Llacuabamba,ADA Jaen,1.55,3.7,4.75,1.85,1.0,0.0,1,1.0,0.0,3.0,1,,,0,0,,,,,,,,,,,,,
2026-04-25,PERU 2,Carlos Mannucci,San Marcos,0.0,0.0,0.0,0.0,3.0,0.0,1,0.0,0.0,0.0,0,,,0,0,,,,,,,,,,,,,
2026-04-25,BOLIVIA 1,Nacional Potosi,GV San Jose,1.49,4.2,5.0,1.44,1.0,1.0,0,2.0,3.0,5.0,1,1000010832,144,1,0,,,2,1,5,7,3,0,0,1,4,5,62
2026-04-25,BRAZIL 4,CSA,CSE,1.11,5.5,12.0,1.65,1.0,1.0,0,0.0,4.0,5.0,1,,,0,0,,,,,,,,,,,,,
2026-04-25,BELGIUM 1,Genk,St. Liege,1.57,3.9,5.5,1.7,1.0,1.0,0,2.0,9.0,12.0,1,5268793,924726,1,1,0.83,0.51,2,1,12,4,9,2,2,0,19,6,64
2026-04-25,VENEZUELA 2,Lara,El Vigia,1.36,3.95,8.25,1.83,1.0,0.0,1,0.0,0.0,0.0,0,,,0,0,,,,,,,,,,,,,
2026-04-25,SCOTLAND 4,Linlithgow Rose,Brora Rangers,0.0,0.0,0.0,0.0,0.0,0.0,0,0.0,0.0,0.0,0,1000010996,1000001262,0,0,,,,,,,,,,,,,
2026-04-25,BRAZIL 4,Imperatriz,Tocantinopolis,1.55,3.4,5.0,2.25,1.0,1.0,0,2.0,2.0,3.0,1,1000010543,9464,0,0,,,,,,,,,,,,,
2026-04-25,USA 1,Inter Miami,New England Revolution,1.45,5.0,5.75,1.4,1.0,1.0,0,5.0,4.0,8.0,1,5071124,913550,1,1,1.07,0.15,5,1,8,4,4,0,2,0,12,5,64
2026-04-25,PERU 1,Sport Boys,Juan Pablo II,1.42,4.33,7.0,1.73,1.0,1.0,0,3.0,4.0,6.0,1,5169275,919710,1,0,,,3,1,6,4,4,2,2,0,11,3,53
2026-04-25,USA 1,Chicago Fire,Sporting Kansas City,1.35,4.75,8.0,1.36,5.0,0.0,1,0.0,1.0,8.0,1,5071129,913550,1,1,0.17,0.19,0,0,8,2,1,0,0,0,11,3,75
2026-04-25,MEXICO 1,Guadalajara Chivas,Club Tijuana,1.37,5.0,7.0,1.5,0.0,0.0,0,2.0,2.0,8.0,1,5101862,916051,1,1,0.71,0.79,2,2,8,10,2,2,2,0,11,8,63
2026-04-25,COLOMBIA 1,Ind. Medellin,Fortaleza,1.55,4.2,5.5,1.62,1.0,0.0,1,1.0,1.0,5.0,1,5140603,917521,1,1,0.19,0.08,1,0,5,2,1,2,0,0,13,7,50
2026-04-25,ITALY 2,Venezia,Empoli,1.35,5.0,7.5,1.53,2.0,0.0,1,3.0,8.0,10.0,1,4906345,902171,1,1,0.81,0.32,3,1,10,3,8,2,1,1,15,6,82
2026-04-25,WOM BRAZIL 1,Internacional W,Juventude W,1.25,4.6,8.5,1.73,1.0,0.0,1,2.0,1.0,3.0,1,,,0,0,,,,,,,,,,,,,
2026-04-25,BOSNIA 2,Travnik,Bratstvo Gracanica,0.0,0.0,0.0,0.0,1.0,1.0,0,0.0,0.0,0.0,0,,,0,0,,,,,,,,,,,,,
2026-04-25,CYPRUS 2,Halkanoras,Iraklis Yerolakkou,0.0,0.0,0.0,0.0,0.0,0.0,0,0.0,0.0,0.0,0,5139765,918604,0,0,,,,,,,,,,,,,
2026-04-25,BOSNIA 2,Igman K.,Sloboda,0.0,0.0,0.0,0.0,1.0,0.0,1,0.0,0.0,0.0,0,,,0,0,,,,,,,,,,,,,
2026-04-25,GREECE 2,Ilioupoli,PAE Egaleo,0.0,0.0,0.0,0.0,1.0,3.0,0,0.0,0.0,0.0,0,5176019,920542,0,0,,,,,,,,,,,,,
2026-04-25,GREECE 2,Panargiakos,Ellas Syrou,0.0,0.0,0.0,0.0,0.0,1.0,0,1.0,4.0,3.0,1,5176020,920542,0,0,,,,,,,,,,,,,
2026-04-25,GREECE 2,Athens Kallithea,PAE Chania,0.0,0.0,0.0,0.0,2.0,0.0,1,2.0,2.0,5.0,1,5176018,920542,0,0,,,,,,,,,,,,,
2026-04-25,FINLAND 2,Jippo,SJK Akatemia,1.33,4.5,7.0,1.57,1.0,0.0,1,3.0,2.0,7.0,1,5163673,920261,0,0,,,,,,,,,,,,,
2026-04-25,ITALY 2,Frosinone,Carrarese,1.49,4.5,5.0,1.48,3.0,0.0,1,1.0,4.0,10.0,1,4906340,902171,1,1,0.63,0.81,1,2,10,9,4,3,0,0,13,14,66
2026-04-25,BOSNIA 2,Tomislav,Banovici,0.0,0.0,0.0,0.0,0.0,1.0,0,0.0,0.0,0.0,0,,,0,0,,,,,,,,,,,,,
2026-04-25,CYPRUS 2,Nea Salamis,ASIL Lysi,0.0,0.0,0.0,0.0,4.0,1.0,1,0.0,0.0,0.0,0,5139684,918603,0,0,,,,,,,,,,,,,
2026-04-25,CYPRUS 2,Doxa,Ayia Napa,0.0,0.0,0.0,0.0,0.0,3.0,0,0.0,0.0,0.0,0,,,0,0,,,,,,,,,,,,,
2026-04-25,CYPRUS 2,Achyronas-Onisilos,Kitiou,0.0,0.0,0.0,0.0,0.0,2.0,0,0.0,0.0,0.0,0,5139766,918604,0,0,,,,,,,,,,,,,
2026-04-25,FINLAND 1,Inter Turku,Mariehamn,1.3,4.5,9.5,1.62,1.0,0.0,1,3.0,4.0,10.0,1,5147530,919925,1,0,,,3,1,10,2,4,4,1,0,22,7,52
2026-04-25,SCOTLAND 4,Spartans,Elgin City,1.6,3.8,4.5,1.67,1.0,1.0,0,0.0,0.0,0.0,0,4819487,900478,0,0,,,,,,,,,,,,,
2026-04-25,SPAIN 2,Valladolid,Real Sociedad B,1.49,4.2,5.75,1.7,1.0,0.0,1,0.0,2.0,6.0,1,4837902,901075,1,1,0.37,0.20,0,3,6,5,2,0,0,0,15,7,58
2026-04-25,SLOVAKIA 2,L. Mikulas,Lubovna,1.36,4.7,7.0,1.52,2.0,0.0,1,3.0,5.0,7.0,1,4838267,901093,0,0,,,,,,,,,,,,,
2026-04-25,SLOVAKIA 2,Banska Bystrica,Puchov,1.3,4.6,6.5,1.5,0.0,0.0,0,1.0,2.0,7.0,1,4838264,901093,0,0,,,,,,,,,,,,,
2026-04-25,CYPRUS 2,Digenis Akritas,Zakakiou,1.54,3.85,4.9,1.61,1.0,1.0,0,0.0,0.0,0.0,0,5139763,918604,0,0,,,,,,,,,,,,,
2026-04-26,ESTONIA 2,Viimsi JK,Maardu,1.18,6.0,8.5,1.22,1.0,1.0,0,0.0,1.0,6.0,1,,,0,0,,,,,,,,,,,,,
2026-04-26,TURKEY 2,Sariyer,Erokspor,0.0,0.0,0.0,1.75,1.0,0.0,1,2.0,3.0,8.0,1,4870182,165,1,0,,,2,1,8,4,3,0,2,0,10,3,35
2026-04-26,SERBIA 2,Borac 1926,Trayal Krusevac,1.4,3.7,6.0,2.2,0.0,2.0,0,0.0,4.0,4.0,1,,,0,0,,,,,,,,,,,,,
2026-04-26,BOSNIA 2,Hadzici,NK Vitez,0.0,0.0,0.0,0.0,1.0,0.0,1,0.0,0.0,0.0,0,,,0,0,,,,,,,,,,,,,
2026-04-26,SOUTH AFRICA 1,Richards Bay,Mamelodi Sundowns,0.0,0.0,0.0,0.0,0.0,0.0,0,0.0,0.0,0.0,0,4910117,902634,1,1,0.25,0.47,4,1,4,5,1,4,0,1,5,11,24
2026-04-26,SAUDI ARABIA 2,Abha,Al Batin,1.22,5.5,7.5,1.29,3.0,1.0,1,3.0,3.0,8.0,1,1000006503,10721,1,0,,,3,1,8,3,3,2,0,0,,,62
2026-04-26,ITALY 4,Sammaurese,Atletico Ascoli,0.0,0.0,0.0,0.0,1.0,0.0,1,0.0,0.0,0.0,0,,,0,0,,,,,,,,,,,,,
2026-04-26,CROATIA 1,Din. Zagreb,Varazdin,1.14,7.0,13.0,1.36,2.0,1.0,1,2.0,4.0,6.0,1,4814280,252,1,0,,,2,1,7,2,4,2,0,0,21,4,65
2026-04-26,BOSNIA 2,GOSK Gabela,Stupcanica,0.0,0.0,0.0,0.0,1.0,2.0,0,0.0,0.0,0.0,0,,,0,0,,,,,,,,,,,,,
2026-04-26,PERU 1,U. de Deportes,Alianza Atl.,1.3,4.75,11.0,1.95,1.0,2.0,0,0.0,0.0,5.0,1,5169276,919710,1,0,,,0,1,5,6,0,1,1,0,8,4,51
2026-04-26,BOLIVIA 1,Oriente Petrolero,Real Potosi,1.49,4.33,4.75,1.6,2.0,0.0,1,4.0,0.0,6.0,1,1000010837,144,1,0,,,4,0,6,6,0,3,0,0,14,7,74
2026-04-26,BRAZIL 1,Fluminense,Chapecoense-SC,1.27,5.5,9.5,1.67,2.0,1.0,1,8.0,3.0,19.0,1,5103484,268,1,1,1.22,0.26,8,0,19,4,3,0,0,0,24,1,72
2026-04-26,MEXICO 1,Cruz Azul,Necaxa,1.22,6.0,10.0,1.4,4.0,1.0,1,0.0,3.0,5.0,1,5101867,916051,1,1,0.13,0.20,0,1,5,3,3,3,0,1,7,6,51
2026-04-26,TURKEY 2,Pendikspor,Boluspor,1.2,5.5,10.0,1.5,2.0,0.0,1,1.0,5.0,10.0,1,4870180,165,1,0,,,1,0,10,2,5,1,1,1,18,4,49
2026-04-26,SPAIN 3,FC Cartagena SAD,Gimnastic,0.0,0.0,0.0,0.0,1.0,0.0,1,1.0,1.0,4.0,1,4872059,901481,0,0,,,,,,,,,,,,,
2026-04-26,TURKEY 2,Amedspor,Bodrumspor,0.0,0.0,0.0,0.0,1.0,1.0,0,4.0,5.0,12.0,1,4870177,165,1,0,,,4,1,12,4,5,6,1,0,21,12,65
2026-04-26,ITALY 4,Calvi Noale,Campodarsego,0.0,0.0,0.0,0.0,1.0,0.0,1,0.0,0.0,0.0,0,,,0,0,,,,,,,,,,,,,
2026-04-26,SLOVAKIA 2,Z. Moravce-Vrable,Pohronie,1.53,3.75,5.0,1.57,0.0,1.0,0,2.0,1.0,8.0,1,4838265,901093,0,0,,,,,,,,,,,,,
2026-04-26,MEXICO 1,Club America,Atlas,1.46,3.9,7.0,2.03,0.0,1.0,0,1.0,2.0,5.0,1,5101864,916051,1,1,0.89,0.15,1,0,5,2,2,1,1,0,13,3,59
2026-04-26,JAPAN 2,Yamaga,Nagano,1.44,3.8,5.5,1.85,0.0,1.0,0,1.0,0.0,4.0,1,5130779,918271,0,0,,,,,,,,,,,,,
2026-04-26,SPAIN 4,Basconia,Gernika,1.5,3.9,4.75,1.65,0.0,0.0,0,0.0,0.0,0.0,0,4872895,901484,0,0,,,,,,,,,,,,,
2026-04-26,SPAIN 4,UD Logrones,Mutilvera,1.06,8.5,16.0,1.29,3.0,0.0,1,0.0,0.0,0.0,0,4872899,901484,0,0,,,,,,,,,,,,,
2026-04-26,SPAIN 4,Girona B,Torrent,1.47,3.75,5.5,1.95,1.0,0.0,1,0.0,0.0,0.0,0,4873926,901485,0,0,,,,,,,,,,,,,
2026-04-26,UKRAINE 2,Bukovyna,Nyva Ternopil,1.15,5.5,11.0,1.5,1.0,0.0,1,0.0,0.0,0.0,0,,,0,0,,,,,,,,,,,,,
2026-04-26,SPAIN 4,Getafe B,CF Intercity,1.53,3.8,5.0,2.0,0.0,1.0,0,0.0,0.0,0.0,0,4874630,901487,0,0,,,,,,,,,,,,,
2026-04-26,SOUTH AFRICA 1,Orlando Pirates,Kaizer Chiefs,1.4,3.75,7.0,2.1,1.0,1.0,0,3.0,4.0,5.0,1,4910116,902634,1,1,0.47,0.04,3,0,5,1,4,2,1,0,12,2,59
2026-04-26,ITALY 4,Treviso,Este,0.0,0.0,0.0,0.0,1.0,2.0,0,0.0,0.0,0.0,0,,,0,0,,,,,,,,,,,,,
2026-04-26,ITALY 4,Crema,Correggese,0.0,0.0,0.0,0.0,0.0,0.0,0,0.0,0.0,0.0,0,,,0,0,,,,,,,,,,,,,
2026-04-26,ITALY 4,Seravezza Pozzi,Foligno,0.0,0.0,0.0,0.0,0.0,0.0,0,0.0,0.0,0.0,0,,,0,0,,,,,,,,,,,,,
2026-04-26,ITALY 4,Montevarchi,Ghiviborgo,0.0,0.0,0.0,0.0,1.0,0.0,1,0.0,0.0,0.0,0,,,0,0,,,,,,,,,,,,,
2026-04-26,ITALY 4,Sanremese,Club Milano,0.0,0.0,0.0,0.0,1.0,0.0,1,0.0,0.0,0.0,0,,,0,0,,,,,,,,,,,,,
2026-04-27,WOM BRAZIL 1,Palmeiras W,Santos W,1.22,5.0,8.0,1.45,0.0,0.0,0,1.0,4.0,4.0,1,,,0,0,,,,,,,,,,,,,
2026-04-27,ECUADOR 1,Aucas,Delfin,1.45,3.75,7.5,2.1,1.0,0.0,1,1.0,3.0,12.0,1,1000008957,246,1,0,,,1,0,11,2,3,0,1,0,10,4,72
2026-04-27,ICELAND 1,Vikingur Reykjavik,Akranes,1.36,4.6,5.5,1.36,4.0,0.0,1,2.0,2.0,5.0,1,5225621,923422,1,0,,,2,1,7,5,3,2,1,1,16,8,53
2026-04-27,TURKEY 1,Besiktas,Karagumruk,1.37,5.0,6.5,1.53,0.0,0.0,0,4.0,4.0,9.0,1,4842587,71,1,1,0.85,0.50,4,2,9,8,4,1,2,0,18,10,66
2026-04-27,SWEDEN 1,Mjallby,Halmstad,1.33,4.5,9.5,1.8,2.0,0.0,1,3.0,5.0,6.0,1,5107474,67,1,1,0.33,0.73,3,2,6,11,5,3,0,1,9,12,66
2026-04-27,EGYPT 1,Zamalek,Enppi,1.6,3.2,6.0,2.4,0.0,0.0,0,5.0,4.0,8.0,1,5243233,923879,1,1,0.22,0.49,5,2,8,4,4,3,0,0,7,15,57
2026-04-28,COPA LIBERTADORES,Lanus (Arg),LDU Quito (Ecu),1.42,4.5,7.5,2.08,1.0,0.0,1,2.0,1.0,4.0,1,5261513,924598,1,1,0.24,0.02,2,0,4,1,1,1,0,0,7,6,59
2026-04-29,JAPAN 1,Vissel Kobe,Cerezo Osaka,1.49,4.5,5.25,1.57,0.0,0.0,0,2.0,0.0,4.0,1,5130437,918259,1,1,0.61,0.16,2,2,4,3,0,1,1,0,13,13,61
2026-04-29,PORTUGAL 1,Sporting CP,Tondela,1.07,9.5,23.0,1.29,2.0,2.0,0,3.0,4.0,6.0,1,4844394,61,1,1,0.49,0.04,3,0,6,1,4,3,0,0,14,6,61
2026-04-29,COLOMBIA 2,Envigado,Tigres,1.5,3.6,5.5,2.1,2.0,0.0,1,2.0,4.0,4.0,1,5372142,927359,0,0,,,,,,,,,,,,,
2026-04-29,ECUADOR 2,Nueve de Octubre,Cumbaya,1.55,3.5,5.6,2.07,1.0,0.0,1,2.0,1.0,4.0,1,,,0,0,,,,,,,,,,,,,
2026-04-30,EGYPT 2,Al Qanah,Aswan SC,1.25,4.5,9.0,2.0,1.0,0.0,1,0.0,0.0,0.0,0,,,0,0,,,,,,,,,,,,,
2026-04-30,EGYPT 2,Asyut Petroleum,Raya,1.25,4.5,9.5,1.91,1.0,0.0,1,0.0,0.0,0.0,0,,,0,0,,,,,,,,,,,,,
2026-04-30,ROMANIA 2,FC Voluntari,FC Bihor,1.44,3.75,6.0,1.85,2.0,1.0,1,0.0,1.0,2.0,1,5244437,923942,0,0,,,,,,,,,,,,,
2026-04-30,COPA LIBERTADORES,Ind. Medellin (Col),Cusco (Per),1.4,4.75,7.5,1.7,1.0,0.0,1,4.0,2.0,12.0,1,5261458,924592,1,1,0.48,0.17,4,1,12,7,2,1,0,0,16,5,58
2026-05-01,IRELAND 2,Wexford,Finn Harps,1.5,3.8,5.0,1.8,2.0,0.0,1,1.0,4.0,3.0,1,5101188,916016,0,0,,,,,,,,,,,,,
2026-05-01,IRELAND 2,Cork City,Cobh Ramblers,1.33,4.2,7.5,1.75,0.0,1.0,0,6.0,4.0,8.0,1,5101186,916016,0,0,,,,,,,,,,,,,
2026-05-01,SPAIN 2,Dep. La Coruna,Leganes,1.49,4.33,6.0,1.73,2.0,1.0,1,1.0,6.0,7.0,1,4837904,901075,1,1,0.30,0.34,1,1,7,6,6,0,0,0,12,12,64
2026-05-01,ICELAND 2,Afturelding,Volsungur,1.13,6.5,11.0,1.2,0.0,0.0,0,1.0,4.0,1.0,1,5225740,216,0,0,,,,,,,,,,,,,
2026-05-01,ESTONIA 1,Paide,Tammeka,1.3,4.75,6.5,1.36,0.0,1.0,0,1.0,2.0,3.0,1,1000007869,248,0,0,,,,,,,,,,,,,
2026-05-01,SPAIN 2,Andorra,Albacete,1.57,4.2,4.75,1.62,0.0,1.0,0,5.0,3.0,14.0,1,4837908,901075,1,1,1.77,0.41,5,1,14,3,3,1,1,1,23,4,77
2026-05-01,SOUTH AFRICA 2,Casric Stars,Baroka,1.36,4.25,7.3,1.82,2.0,0.0,1,0.0,0.0,0.0,0,,,0,0,,,,,,,,,,,,,
2026-05-01,SPAIN 3,Celta Vigo B,Osasuna B,1.57,3.75,4.75,1.8,0.0,1.0,0,2.0,6.0,6.0,1,4871688,901480,0,0,,,,,,,,,,,,,
2026-05-02,VENEZUELA 1,Puerto Cabello,La Guaira,1.6,3.0,6.0,2.4,1.0,1.0,0,2.0,1.0,4.0,1,5408788,927585,1,0,,,2,1,4,7,1,2,0,0,,,45
2026-05-02,CHILE CUP,Nublense,Cobresal,1.25,4.75,8.0,1.65,2.0,0.0,1,0.0,2.0,7.0,1,1000010907,11697,1,0,,,0,0,5,3,2,1,0,0,,,68
2026-05-02,USA 2,Tampa Bay,Indy Eleven,1.44,4.0,5.0,1.6,1.0,0.0,1,1.0,1.0,3.0,1,5109744,8972,1,0,,,1,1,2,4,1,1,2,0,6,8,70
2026-05-02,PERU 1,Cienciano,Comerciantes Unidos,1.5,4.33,6.0,1.7,1.0,0.0,1,0.0,1.0,8.0,1,5169281,919710,1,0,,,0,1,7,4,1,1,0,1,6,3,63
2026-05-02,PERU 2,San Marcos,Llacuabamba,0.0,0.0,0.0,0.0,0.0,3.0,0,0.0,0.0,0.0,0,,,0,0,,,,,,,,,,,,,
2026-05-02,BOLIVIA 1,Always Ready,Nacional Potosi,1.39,5.0,5.75,1.36,3.0,1.0,1,1.0,3.0,4.0,1,1000010841,144,1,0,,,1,2,4,9,3,4,1,0,8,7,52
2026-05-02,ITALY 1,Atalanta,Genoa,1.5,4.33,6.5,1.67,0.0,0.0,0,3.0,2.0,6.0,1,4803378,55,1,1,0.67,0.50,3,1,6,6,2,1,1,0,18,6,58
2026-05-02,BRAZIL 4,Santa Catarina,Guarany de Bage,0.0,0.0,0.0,0.0,3.0,0.0,1,0.0,0.0,0.0,0,1000010623,9464,0,0,,,,,,,,,,,,,
2026-05-02,ARGENTINA 3,Kimberley,Sol de Mayo,1.5,3.4,6.0,2.25,0.0,0.0,0,0.0,0.0,0.0,0,5238514,923721,0,0,,,,,,,,,,,,,
2026-05-02,FRANCE 4,Frejus Saint Raphael,Toulon,0.0,0.0,0.0,1.9,0.0,1.0,0,0.0,0.0,0.0,0,,,0,0,,,,,,,,,,,,,
2026-05-02,BULGARIA 2,Dunav Ruse,Sevlievo,1.17,5.0,12.0,1.85,2.0,0.0,1,1.0,6.0,3.0,1,4951437,9096,0,0,,,,,,,,,,,,,
2026-05-02,SCOTLAND 4,Brora Rangers,Linlithgow Rose,0.0,0.0,0.0,0.0,0.0,0.0,0,0.0,0.0,0.0,0,1000010997,1000001262,0,0,,,,,,,,,,,,,
2026-05-02,ENGLAND 3,Stevenage,Wigan,1.51,4.2,5.25,2.05,1.0,0.0,1,0.0,1.0,5.0,1,4826127,900639,1,1,0.23,0.06,0,0,5,2,1,1,1,0,8,5,50
2026-05-02,SOUTH AFRICA 2,Milford FC,The Bees,1.55,3.4,5.7,2.15,2.0,1.0,1,0.0,0.0,0.0,0,,,0,0,,,,,,,,,,,,,
2026-05-02,ITALY 4,Palmese 1914,Monastir,0.0,0.0,0.0,0.0,0.0,2.0,0,0.0,0.0,0.0,0,,,0,0,,,,,,,,,,,,,
2026-05-02,GERMANY 2,SG Dynamo Dresden,Kaiserslautern,1.53,4.33,5.25,1.53,1.0,0.0,1,2.0,5.0,9.0,1,4829940,146,1,1,0.94,0.10,2,0,9,1,5,0,1,0,10,6,60
2026-05-02,JAPAN 2,Gifu,Hokkaido Consadole Sapporo,1.55,3.7,4.75,1.8,0.0,3.0,0,0.0,0.0,2.0,1,,,0,0,,,,,,,,,,,,,
2026-05-02,SPAIN 2,Castellon,Cordoba,1.39,5.0,6.0,1.4,1.0,2.0,0,2.0,6.0,10.0,1,4837903,901075,1,1,0.92,0.68,2,3,10,6,6,3,0,2,22,4,45
2026-05-03,BOSNIA 2,Jedinstvo Bihac,GOSK Gabela,0.0,0.0,0.0,0.0,1.0,2.0,0,0.0,0.0,0.0,0,,,0,0,,,,,,,,,,,,,
2026-05-03,ITALY 4,USD Ragusa,Athletic Palermo,0.0,0.0,0.0,0.0,1.0,2.0,0,0.0,0.0,0.0,0,,,0,0,,,,,,,,,,,,,
2026-05-03,SOUTH AFRICA 2,Venda,Leicesterford City,1.6,3.3,5.6,2.32,2.0,0.0,1,0.0,0.0,0.0,0,,,0,0,,,,,,,,,,,,,
2026-05-03,BOSNIA 2,Bratstvo Gracanica,Tomislav,0.0,0.0,0.0,0.0,2.0,2.0,0,0.0,0.0,0.0,0,,,0,0,,,,,,,,,,,,,
2026-05-03,BOSNIA 2,TOSK Tesanj,Hadzici,0.0,0.0,0.0,0.0,0.0,0.0,0,0.0,0.0,0.0,0,,,0,0,,,,,,,,,,,,,
2026-05-03,DENMARK 1,Aarhus,Sonderjyske,1.3,5.5,8.0,1.4,2.0,1.0,1,2.0,3.0,8.0,1,,,0,0,,,,,,,,,,,,,
2026-05-03,ITALY 4,Gelbison,Gela,0.0,0.0,0.0,0.0,1.0,0.0,1,0.0,0.0,0.0,0,,,0,0,,,,,,,,,,,,,
2026-05-03,PORTUGAL 3,Academica,Varzim,1.5,3.6,5.5,2.0,1.0,0.0,1,1.0,1.0,4.0,1,5165695,920295,0,0,,,,,,,,,,,,,
2026-05-03,BRAZIL 4,America RN,Maguary,1.53,3.5,5.0,2.2,0.0,0.0,0,5.0,7.0,13.0,1,1000010602,9464,0,0,,,,,,,,,,,,,
2026-05-03,BRAZIL 4,Nacional-AM,Sao Raimundo RR,1.44,3.5,6.0,2.2,0.0,0.0,0,0.0,2.0,7.0,1,1000010580,9464,0,0,,,,,,,,,,,,,
2026-05-03,PERU 2,Comerciantes,Estudiantil CNI,1.4,4.0,5.5,1.65,1.0,1.0,0,2.0,2.0,2.0,1,,,0,0,,,,,,,,,,,,,
2026-05-03,ECUADOR 2,Cumbaya,San Antonio,0.0,0.0,0.0,0.0,0.0,3.0,0,0.0,0.0,0.0,0,,,0,0,,,,,,,,,,,,,
2026-05-03,PERU 1,FBC Melgar,Cajamarca,1.42,4.33,7.0,1.7,2.0,0.0,1,1.0,4.0,7.0,1,5169285,919710,1,0,,,1,1,7,3,4,0,0,0,8,1,62
2026-05-03,ARGENTINA 3,Deportivo Rincon,San Martin Mendoza,1.44,3.4,6.5,2.55,1.0,0.0,1,0.0,0.0,0.0,0,5238441,923720,0,0,,,,,,,,,,,,,
2026-05-03,ITALY 4,Budoni,Latte Dolce,0.0,0.0,0.0,0.0,0.0,0.0,0,0.0,0.0,0.0,0,,,0,0,,,,,,,,,,,,,
2026-05-03,BRAZIL 4,Sousa,Laguna RN,1.25,4.4,8.0,1.8,1.0,0.0,1,3.0,2.0,9.0,1,1000010604,9464,0,0,,,,,,,,,,,,,
2026-05-03,ITALY 4,Terranuova Traiana,Orvietana,0.0,0.0,0.0,0.0,0.0,0.0,0,0.0,0.0,0.0,0,,,0,0,,,,,,,,,,,,,
2026-05-03,WOM SPAIN 1,Atl. Madrid W,Eibar W,1.3,4.55,8.5,1.6,4.0,0.0,1,2.0,5.0,4.0,1,4910420,902647,1,0,,,2,1,4,6,5,1,0,0,10,10,68
2026-05-03,SPAIN 4,Deportiva Minera,Lorca Deportiva,1.17,5.0,12.0,1.8,1.0,0.0,1,0.0,0.0,0.0,0,4874943,901486,0,0,,,,,,,,,,,,,
2026-05-03,WOM ENGLAND 1,Manchester City W,Liverpool W,1.15,7.5,10.0,1.4,1.0,0.0,1,1.0,4.0,3.0,1,4893232,9227,1,1,0.27,0.82,1,1,3,5,4,4,0,1,6,8,54
2026-05-03,ITALY 4,Vivi Altotevere,Camaiore,0.0,0.0,0.0,0.0,0.0,0.0,0,0.0,0.0,0.0,0,,,0,0,,,,,,,,,,,,,
2026-05-03,DENMARK 1,Randers FC,Vejle,1.46,4.5,5.5,1.62,1.0,0.0,1,1.0,2.0,6.0,1,5222339,923101,1,1,0.83,0.29,1,2,6,6,2,3,3,0,14,10,36
2026-05-03,SWEDEN 1,Hammarby,Vasteras SK,1.3,5.25,7.5,1.5,3.0,0.0,1,2.0,5.0,10.0,1,5107478,67,1,1,0.54,0.57,2,0,11,2,5,0,0,1,26,5,66
2026-05-03,SPAIN 4,SD Logrones,Tudelano,1.33,4.2,7.5,1.8,0.0,1.0,0,0.0,0.0,0.0,0,4872909,901484,0,0,,,,,,,,,,,,,
2026-05-03,ITALY 4,Imperia,Celle Varazze,0.0,0.0,0.0,0.0,0.0,1.0,0,0.0,0.0,0.0,0,,,0,0,,,,,,,,,,,,,
2026-05-03,ITALY 4,Breno,Villa Valle,0.0,0.0,0.0,0.0,2.0,1.0,1,0.0,0.0,0.0,0,,,0,0,,,,,,,,,,,,,
2026-05-03,ITALY 4,Conegliano,Altavilla,0.0,0.0,0.0,0.0,0.0,1.0,0,0.0,0.0,0.0,0,,,0,0,,,,,,,,,,,,,
2026-05-03,ITALY 4,Mestre,Treviso,0.0,0.0,0.0,0.0,1.0,0.0,1,0.0,0.0,0.0,0,,,0,0,,,,,,,,,,,,,
2026-05-03,ITALY 4,Tuttocuoio,Trevigliese,0.0,0.0,0.0,0.0,3.0,3.0,0,0.0,0.0,0.0,0,,,0,0,,,,,,,,,,,,,
2026-05-03,ITALY 4,Poggibonsi,Scandicci,0.0,0.0,0.0,0.0,1.0,0.0,1,0.0,0.0,0.0,0,,,0,0,,,,,,,,,,,,,
2026-05-03,WOM ITALY 1,Fiorentina W,Como W,1.55,3.8,5.0,1.75,1.0,0.0,1,1.0,1.0,3.0,1,4895923,901923,1,0,,,1,2,3,7,1,0,0,0,5,6,54
2026-05-04,PERU 2,Alianza Huanuco,Santos,1.47,3.75,5.5,1.85,1.0,2.0,0,1.0,1.0,6.0,1,,,0,0,,,,,,,,,,,,,
2026-05-04,SAUDI ARABIA 1,Al Ettifaq,Al Najma,1.42,4.75,5.5,1.44,0.0,0.0,0,2.0,2.0,8.0,1,4927577,536,1,1,1.48,0.72,2,3,8,8,2,2,2,2,19,7,64
2026-05-05,COPA LIBERTADORES,Rosario Central (Arg),Libertad Asuncion (Par),1.36,5.0,8.0,1.75,1.0,0.0,1,3.0,2.0,9.0,1,5261527,924599,1,1,1.28,0.32,3,3,9,5,2,1,3,0,19,3,59
2026-05-05,TURKEY CUP,Besiktas,Konyaspor,1.57,3.7,5.0,1.95,0.0,1.0,0,1.0,6.0,6.0,1,5237911,923709,1,0,,,1,0,6,1,6,1,0,0,17,2,64
2026-05-06,CHINA 1,Shanghai Port,Shenzhen Xinpengcheng,1.51,4.1,4.33,1.6,1.0,1.0,0,0.0,1.0,4.0,1,5186481,920266,1,0,,,0,1,4,2,1,1,0,0,12,,64
2026-05-06,CHINA 1,Beijing Guoan,Dalian Yingbo,1.45,4.5,5.75,1.57,3.0,0.0,1,2.0,1.0,8.0,1,5186480,920266,1,0,,,2,1,8,2,1,0,1,0,9,3,76
2026-05-06,WOM FRANCE 1,PSG W,Strasbourg W,1.14,6.3,14.0,17.0,2.0,0.0,1,4.0,5.0,8.0,1,,,0,0,,,,,,,,,,,,,
2026-05-06,CYPRUS 1,Pafos,Omonia,1.4,4.2,5.5,1.5,0.0,2.0,0,3.0,1.0,4.0,1,5372840,924301,0,0,,,,,,,,,,,,,
2026-05-07,ESTONIA 2,Elva,FC Tallinn,1.22,5.5,7.5,1.25,2.0,0.0,1,1.0,0.0,3.0,1,,,0,0,,,,,,,,,,,,,
2026-05-07,EGYPT 1,National Bank Egypt,El Ismaily,1.5,3.4,6.5,2.2,0.0,0.0,0,5.0,6.0,13.0,1,5243301,923880,1,1,1.19,0.02,5,0,13,1,6,1,1,0,15,2,72
2026-05-08,ECUADOR 1,Orense,Leones del Norte,1.51,3.5,6.5,2.5,2.0,0.0,1,3.0,4.0,7.0,1,1000008976,246,1,0,,,3,1,8,5,4,1,2,0,14,4,70
2026-05-08,IRELAND 1,Shelbourne,Sligo Rovers,1.44,4.2,6.0,1.73,0.0,0.0,0,6.0,7.0,13.0,1,5100886,126,1,1,0.64,0.09,6,1,12,3,7,2,0,1,18,4,72
2026-05-08,POLAND 1,Lech Poznan,Arka Gdynia,1.3,5.25,7.5,1.44,1.0,1.0,0,2.0,9.0,9.0,1,4803701,899985,1,1,0.78,0.11,2,0,9,1,9,1,1,0,30,1,79
2026-05-08,FRANCE 1,Lens,Nantes,1.45,5.0,6.0,1.53,1.0,0.0,1,2.0,6.0,6.0,1,4830749,53,1,1,0.43,0.44,2,0,6,6,6,1,0,0,14,11,67
2026-05-08,DENMARK 1,Viborg,Sonderjyske,1.51,4.75,4.75,1.36,0.0,1.0,0,2.0,4.0,6.0,1,5222376,923100,1,1,0.84,0.74,2,2,6,4,4,0,1,1,21,7,61
2026-05-08,UKRAINE 1,Polissya Zhytomyr,Oleksandriya,1.17,4.75,11.0,1.73,2.0,1.0,1,0.0,8.0,7.0,1,4845011,900627,0,0,,,,,,,,,,,,,
2026-05-08,SLOVAKIA 2,Povazska Bystrica,Pohronie,1.53,3.75,4.75,1.73,1.0,1.0,0,2.0,2.0,4.0,1,4838282,901093,0,0,,,,,,,,,,,,,
2026-05-08,ITALY 2,Venezia,Palermo,1.45,4.75,5.5,1.53,2.0,0.0,1,1.0,3.0,6.0,1,4906365,902171,1,1,0.36,0.70,1,2,6,7,3,2,0,2,12,14,64
2026-05-09,BRAZIL 4,Guapore,Galvez,0.0,0.0,0.0,0.0,1.0,0.0,1,0.0,0.0,0.0,0,1000010635,9464,0,0,,,,,,,,,,,,,
2026-05-09,BRAZIL 4,Piracicaba,Sampaio Correa FE,1.47,3.7,5.5,1.95,1.0,0.0,1,3.0,5.0,8.0,1,1000010671,9464,0,0,,,,,,,,,,,,,
2026-05-09,BRAZIL 4,Serra Branca,Lagarto,1.57,3.5,4.75,2.0,0.0,0.0,0,2.0,2.0,5.0,1,1000010654,9464,0,0,,,,,,,,,,,,,
2026-05-09,ARGENTINA 3,Independiente Chivilcoy,El Linqueno,1.6,3.3,5.6,2.4,1.0,0.0,1,0.0,0.0,0.0,0,5238287,923718,0,0,,,,,,,,,,,,,
2026-05-09,WOM SPAIN 1,Athletic Bilbao W,Dep. La Coruna W,1.55,3.75,5.0,1.65,0.0,1.0,0,2.0,1.0,11.0,1,4910427,902647,1,0,,,2,1,11,2,1,0,0,0,10,6,52
2026-05-09,SERBIA 1,Crvena zvezda,Novi Pazar,1.13,8.5,15.0,1.22,1.0,2.0,0,1.0,2.0,8.0,1,1000010932,182,1,0,,,1,2,8,2,2,1,1,1,16,2,84
2026-05-09,FRANCE 4,Bordeaux,Les Herbiers,1.37,4.3,7.7,1.67,1.0,0.0,1,0.0,0.0,0.0,0,,,0,0,,,,,,,,,,,,,
2026-05-09,SLOVENIA 1,Koper,Aluminij,1.22,5.0,8.5,1.44,1.0,0.0,1,0.0,1.0,3.0,1,4834587,173,0,0,,,,,,,,,,,,,
2026-05-09,ENGLAND 1,Manchester City,Brentford,1.36,5.5,7.0,1.36,3.0,0.0,1,4.0,6.0,15.0,1,,,0,0,,,,,,,,,,,,,
2026-05-09,BOSNIA 2,Hadzici,Tuzla City,0.0,0.0,0.0,0.0,2.0,0.0,1,0.0,0.0,0.0,0,,,0,0,,,,,,,,,,,,,
2026-05-09,BOSNIA 2,Igman K.,Banovici,0.0,0.0,0.0,0.0,1.0,0.0,1,0.0,0.0,0.0,0,,,0,0,,,,,,,,,,,,,
2026-05-09,FINLAND 2,KTP,KaPa,1.33,4.5,6.0,1.44,2.0,1.0,1,0.0,3.0,4.0,1,,,0,0,,,,,,,,,,,,,
2026-05-09,FINLAND 2,Jippo,Klubi 04,1.33,4.5,6.5,1.57,1.0,1.0,0,4.0,1.0,9.0,1,5163683,920261,0,0,,,,,,,,,,,,,
2026-05-09,DENMARK 2,Aarhus Fremad,Koge,1.56,3.8,4.75,1.65,0.0,0.0,0,0.0,1.0,4.0,1,,,0,0,,,,,,,,,,,,,
2026-05-09,ROMANIA 2,Gloria Bistrita,Campulung,0.0,0.0,0.0,0.0,3.0,0.0,1,0.0,0.0,0.0,0,5246328,924028,0,0,,,,,,,,,,,,,
2026-05-09,ROMANIA 2,CSM Slatina,Poli Iasi,1.22,4.75,8.0,1.36,1.0,0.0,1,4.0,6.0,11.0,1,,,0,0,,,,,,,,,,,,,
2026-05-09,SLOVENIA 2,Ilirija,Bilje,1.57,3.7,4.6,1.73,1.0,0.0,1,0.0,0.0,0.0,0,,,0,0,,,,,,,,,,,,,
2026-05-10,SLOVAKIA 1,Trnava,Zilina,1.44,4.2,5.0,1.45,1.0,0.0,1,2.0,2.0,6.0,1,5208307,922965,1,0,,,2,0,6,5,2,3,0,0,14,5,48
2026-05-10,BELGIUM 1,Genk,Westerlo,1.57,4.1,4.5,1.4,3.0,0.0,1,1.0,2.0,7.0,1,5268800,924726,1,1,0.43,0.24,1,1,7,5,2,1,1,0,6,13,51
2026-05-10,ARGENTINA 3,Olimpo Bahia Blanca,Germinal,1.33,4.0,8.0,2.1,1.0,0.0,1,0.0,0.0,0.0,0,5238518,923721,0,0,,,,,,,,,,,,,
2026-05-10,ARGENTINA 3,Sportivo Belgrano,Sportivo Las Parejas,1.6,3.25,5.0,2.55,2.0,0.0,1,0.0,0.0,0.0,0,5238288,923718,0,0,,,,,,,,,,,,,
2026-05-10,BRAZIL 4,Fluminense-PI,Atletico-CE,1.33,4.2,6.5,1.75,1.0,2.0,0,2.0,4.0,12.0,1,1000010650,9464,0,0,,,,,,,,,,,,,
2026-05-10,BRAZIL 4,Manauara,GAS,1.13,5.5,12.0,1.5,0.0,0.0,0,2.0,5.0,10.0,1,1000010630,9464,0,0,,,,,,,,,,,,,
2026-05-10,FRANCE 1,Rennes,Paris FC,1.55,4.75,5.0,1.4,2.0,1.0,1,2.0,7.0,9.0,1,4830753,53,1,1,1.46,0.42,2,0,9,4,7,1,2,1,16,5,52
2026-05-10,BRAZIL 4,Aguia De Maraba,Oratorio,1.3,4.4,6.5,1.57,5.0,1.0,1,0.0,0.0,0.0,0,1000010644,9464,0,0,,,,,,,,,,,,,
2026-05-10,BRAZIL 1,Mirassol,Chapecoense-SC,1.45,4.2,7.0,1.9,1.0,1.0,0,0.0,4.0,10.0,1,5103508,268,1,1,0.49,0.02,0,1,11,1,4,0,0,0,8,1,63
2026-05-10,SPAIN 2,Cordoba,Granada CF,1.57,4.1,5.0,1.67,1.0,0.0,1,2.0,2.0,13.0,1,4837916,901075,1,1,1.78,0.00,2,0,13,0,2,0,2,0,25,,61
2026-05-10,FRANCE 1,PSG,Brest,1.2,7.5,11.0,1.25,1.0,0.0,1,3.0,8.0,11.0,1,4830752,53,1,1,0.52,0.13,3,1,11,2,8,2,0,0,20,5,69
2026-05-10,GREECE 1,AEK Athens,Panathinaikos,1.41,4.33,6.5,1.8,2.0,1.0,1,3.0,3.0,6.0,1,5271280,924778,1,1,0.60,0.17,3,2,6,4,3,1,1,0,14,9,59
2026-05-10,BOLIVIA 1,The Strongest,Real Potosi,1.24,6.0,7.5,1.33,0.0,0.0,0,2.0,4.0,6.0,1,1000010852,144,1,0,,,2,1,6,8,4,2,1,0,7,9,55
2026-05-10,BOSNIA 2,Tomislav,Stupcanica,0.0,0.0,0.0,0.0,1.0,1.0,0,0.0,0.0,0.0,0,,,0,0,,,,,,,,,,,,,
2026-05-10,CZECH 2,Brno,Vlasim,1.42,4.1,5.75,1.65,1.0,0.0,1,1.0,3.0,7.0,1,,,0,0,,,,,,,,,,,,,
2026-05-10,UKRAINE 2,Prykarpattya,SK Metalurh,1.5,3.65,6.0,1.87,0.0,1.0,0,0.0,0.0,0.0,0,,,0,0,,,,,,,,,,,,,
2026-05-10,CHINA 2,Shenzhen Juniors,Shijiazhuang Gongfu,1.4,3.9,6.0,1.91,2.0,0.0,1,1.0,5.0,5.0,1,5207103,920267,0,0,,,,,,,,,,,,,
2026-05-10,PORTUGAL 3,Amarante,Santarem,1.44,3.6,6.0,2.2,1.0,0.0,1,1.0,4.0,3.0,1,5165700,920295,0,0,,,,,,,,,,,,,
2026-05-10,ITALY 4,Ligorna,Chisola,1.57,3.55,5.1,1.83,1.0,0.0,1,0.0,0.0,0.0,0,,,0,0,,,,,,,,,,,,,
2026-05-10,SOUTH AFRICA 2,Cape Town City,Baroka,1.19,5.3,13.0,1.72,1.0,0.0,1,0.0,0.0,0.0,0,,,0,0,,,,,,,,,,,,,
2026-05-10,ITALY 4,Orvietana,Poggibonsi,0.0,0.0,0.0,0.0,1.0,0.0,1,0.0,0.0,0.0,0,,,0,0,,,,,,,,,,,,,
2026-05-10,ITALY 4,Sarnese,Pompei,1.57,3.7,4.85,1.88,2.0,1.0,1,0.0,0.0,0.0,0,,,0,0,,,,,,,,,,,,,
2026-05-10,NETHERLANDS 1,Telstar,Heracles,1.44,4.75,6.5,1.44,3.0,0.0,1,0.0,2.0,4.0,1,4815531,900368,1,1,0.59,0.11,0,1,4,2,2,3,0,0,8,4,45
2026-05-10,NETHERLANDS 1,Twente,Sparta Rotterdam,1.4,4.75,7.0,1.36,4.0,0.0,1,5.0,6.0,14.0,1,4815532,900368,1,1,1.07,0.26,5,0,14,4,6,1,0,0,31,5,63
2026-05-10,BOSNIA 2,Celik Zenica,TOSK Tesanj,1.27,4.5,9.5,1.95,2.0,0.0,1,0.0,0.0,0.0,0,,,0,0,,,,,,,,,,,,,
2026-05-10,ITALY 4,Breno,Pavia,0.0,0.0,0.0,0.0,0.0,1.0,0,0.0,0.0,0.0,0,,,0,0,,,,,,,,,,,,,
2026-05-11,ROMANIA 1,FCSB,Unirea Slobozia,1.17,7.0,11.0,1.44,0.0,0.0,0,2.0,5.0,9.0,1,5229580,923521,1,0,,,2,0,9,3,5,0,1,0,20,4,71
2026-05-11,SWITZERLAND 2,Yverdon,Rapperswil-Jona,1.4,4.4,5.0,1.4,3.0,1.0,1,2.0,5.0,7.0,1,5106162,900530,1,0,,,2,1,7,3,5,3,3,0,13,3,45
2026-05-11,PORTUGAL 1,Gil Vicente,Arouca,1.53,4.1,5.5,1.8,1.0,3.0,0,0.0,2.0,3.0,1,4844450,61,1,1,0.15,0.25,0,2,3,6,2,1,0,0,8,6,41
2026-05-11,PORTUGAL 1,Benfica,Braga,1.37,4.75,7.0,1.57,2.0,2.0,0,2.0,3.0,7.0,1,4844457,61,1,1,0.46,0.06,2,0,7,3,3,1,0,0,20,5,56
2026-05-11,WOM BRAZIL 1,Internacional W,Botafogo RJ W,1.42,4.2,7.1,1.65,1.0,0.0,1,1.0,2.0,4.0,1,,,0,0,,,,,,,,,,,,,
2026-05-12,SCOTLAND 1,Kilmarnock,Dundee FC,1.51,4.33,5.25,1.62,3.0,1.0,1,4.0,2.0,7.0,1,5309644,926128,1,1,1.20,0.23,4,0,7,2,2,1,2,0,10,10,50
2026-05-12,SWITZERLAND 1,Luzern,Zurich,1.37,5.25,6.25,1.33,1.0,0.0,1,1.0,4.0,7.0,1,5292713,925752,1,1,0.62,0.50,1,2,7,6,4,2,2,1,16,16,52
2026-05-12,VENEZUELA 1,Dep. Tachira,Metropolitanos,1.53,3.6,5.0,2.0,1.0,1.0,0,5.0,6.0,13.0,1,5408803,927586,0,0,,,,,,,,,,,,,
2026-05-12,SAUDI ARABIA 1,Al Kholood,Al Okhdood,1.44,4.2,5.75,1.67,0.0,0.0,0,1.0,4.0,7.0,1,,,0,0,,,,,,,,,,,,,
2026-05-12,GREECE 1,Asteras Tripolis,Panserraikos,0.0,0.0,0.0,0.0,1.0,0.0,1,0.0,5.0,2.0,1,5271320,924780,1,1,0.21,0.34,0,0,2,1,5,1,0,1,13,1,81
2026-05-12,ISRAEL 1,Hapoel Tel Aviv,Hapoel Petah Tikva,1.2,6.0,10.0,1.44,1.0,0.0,1,5.0,6.0,14.0,1,5328669,127,1,0,,,5,1,14,8,6,6,0,0,17,18,47
2026-05-13,ESTONIA 2,Flora U21,Nomme Utd U21,1.25,6.5,5.5,1.17,2.0,2.0,0,4.0,5.0,7.0,1,,,0,0,,,,,,,,,,,,,
2026-05-13,WOM ENGLAND 1,Arsenal W,Everton W,1.1,8.0,17.0,1.3,1.0,0.0,1,1.0,0.0,7.0,1,4893234,9227,1,1,0.43,0.11,1,0,7,3,0,2,0,0,17,6,69
2026-05-13,VENEZUELA 1,Carabobo,Estudiantes Merida,1.44,3.7,5.5,2.0,1.0,0.0,1,3.0,1.0,8.0,1,5408804,927586,1,0,,,3,0,8,1,1,2,0,0,,,42
2026-05-14,AUSTRIA 2,St. Polten,Hertha Wels,1.3,4.6,6.5,1.44,1.0,0.0,1,1.0,4.0,7.0,1,,,0,0,,,,,,,,,,,,,
2026-05-14,BRAZIL CUP,Corinthians,Barra FC,1.27,5.25,8.5,1.75,1.0,0.0,1,3.0,2.0,10.0,1,1000010276,9067,1,0,,,3,1,10,4,2,0,1,0,13,2,71
2026-05-15,PERU 1,U. de Deportes,Grau,1.42,4.2,7.5,1.9,0.0,1.0,0,0.0,4.0,5.0,1,,,0,0,,,,,,,,,,,,,
2026-05-15,SPAIN 2,Castellon,Cadiz CF,1.17,6.5,11.0,1.44,1.0,1.0,0,1.0,4.0,9.0,1,4837930,901075,1,1,0.45,0.51,1,2,9,2,4,0,0,1,21,,69
2026-05-15,SAUDI ARABIA 1,Al Taawon,Al Riyadh,1.6,4.1,4.5,1.53,1.0,1.0,0,1.0,4.0,11.0,1,4927601,536,1,1,0.53,1.11,1,4,11,10,4,0,0,2,15,6,70
2026-05-15,IRELAND 1,Bohemians,Drogheda,1.5,4.2,5.5,1.83,2.0,1.0,1,3.0,8.0,9.0,1,5100888,126,1,1,0.76,0.05,3,0,10,1,8,2,0,0,20,4,73
2026-05-15,CHINA 1,Henan Songshan Longmen,Shenzhen Xinpengcheng,1.46,4.2,6.0,1.7,1.0,0.0,1,2.0,5.0,8.0,1,5186493,920266,1,0,,,2,0,8,5,5,0,1,0,14,7,68
2026-05-15,UKRAINE 2,SK Metalurh,FC Chernihiv,0.0,0.0,0.0,0.0,0.0,0.0,0,0.0,0.0,0.0,0,,,0,0,,,,,,,,,,,,,
2026-05-15,CYPRUS 1,Ol. Nicosia,Anorthosis,1.47,3.5,6.0,2.2,1.0,0.0,1,1.0,1.0,4.0,1,5483849,924302,0,0,,,,,,,,,,,,,
2026-05-16,FINLAND 1,AC Oulu,TPS,1.6,4.0,4.75,1.67,1.0,0.0,1,2.0,3.0,3.0,1,5147548,919925,1,0,,,2,0,3,6,3,1,0,0,6,9,48
2026-05-16,VENEZUELA 2,Yaracuyanos,Puerto Cabello B,1.57,3.6,5.2,1.9,1.0,0.0,1,0.0,0.0,0.0,0,,,0,0,,,,,,,,,,,,,
2026-05-16,PORTUGAL 1,Famalicao,Alverca,1.49,4.1,5.75,1.73,1.0,0.0,1,1.0,4.0,7.0,1,4844459,61,1,1,0.27,0.29,1,1,7,4,4,4,1,2,12,4,48
2026-05-16,SPAIN 3,Teruel,Sanluqueno,1.4,4.1,7.5,2.35,0.0,0.0,0,0.0,2.0,1.0,1,4872092,901481,0,0,,,,,,,,,,,,,
2026-05-16,SPAIN 3,Sabadell,Antequera,1.4,4.0,7.5,1.9,0.0,1.0,0,4.0,3.0,6.0,1,4872091,901481,0,0,,,,,,,,,,,,,
2026-05-16,BRAZIL 4,Portuguesa,Agua Santa,1.44,3.7,5.5,2.0,0.0,0.0,0,0.0,2.0,5.0,1,1000010716,9464,0,0,,,,,,,,,,,,,
2026-05-16,BRAZIL 4,ABC,Sousa,1.4,3.8,6.0,2.1,2.0,0.0,1,1.0,3.0,4.0,1,1000010700,9464,0,0,,,,,,,,,,,,,
2026-05-16,WOM USA 1,North Carolina Courage W,Chicago W,1.29,4.9,8.75,1.65,4.0,0.0,1,1.0,6.0,8.0,1,5161522,920228,1,1,1.32,0.43,1,1,8,6,6,1,3,0,19,5,48
2026-05-16,GREECE 1,Asteras Tripolis,Kifisia,1.49,3.75,7.0,2.08,0.0,0.0,0,3.0,4.0,9.0,1,5271324,924780,1,1,0.58,0.03,3,0,9,1,4,0,1,0,16,4,56
2026-05-16,WOM FRANCE 1,Lyon W,Nantes W,1.05,7.8,30.0,1.19,8.0,0.0,1,4.0,5.0,8.0,1,,,0,0,,,,,,,,,,,,,
2026-05-16,FRANCE 4,Toulon,FC 93,0.0,0.0,0.0,0.0,0.0,0.0,0,0.0,0.0,0.0,0,,,0,0,,,,,,,,,,,,,
2026-05-16,BOSNIA 1,Borac Banja Luka,Zeljeznicar,1.25,4.5,8.5,1.8,1.0,0.0,1,2.0,0.0,6.0,1,4835760,900837,0,0,,,,,,,,,,,,,
2026-05-16,SOUTH AFRICA 1,Orlando Pirates,Durban City,1.18,5.5,19.5,1.73,0.0,0.0,0,3.0,10.0,9.0,1,4910140,902634,1,1,0.26,0.02,3,0,9,1,10,0,0,0,12,,76
2026-05-16,CROATIA 2,Orijent,Karlovac,1.11,7.5,19.0,1.57,1.0,0.0,1,3.0,3.0,9.0,1,,,0,0,,,,,,,,,,,,,
2026-05-16,SLOVAKIA 1,Slovan Bratislava,Michalovce,1.22,5.5,7.5,1.33,0.0,2.0,0,0.0,2.0,2.0,1,5208310,922965,1,0,,,0,1,2,3,2,1,0,0,7,5,64
2026-05-16,PORTUGAL 1,FC Porto,Santa Clara,1.22,6.0,9.5,1.6,1.0,0.0,1,4.0,4.0,7.0,1,4844461,61,1,1,0.55,0.06,4,0,7,3,4,2,0,0,14,5,55
2026-05-16,GERMANY 1,Bayer Leverkusen,Hamburger SV,1.29,6.5,8.0,1.25,1.0,1.0,0,4.0,3.0,9.0,1,4829612,54,1,1,1.69,0.99,4,2,9,11,3,2,2,2,29,10,60
2026-05-16,WOM ITALY 1,AS Roma W,Genoa W,1.13,6.7,13.5,1.29,2.0,0.0,1,2.0,2.0,5.0,1,4895934,901923,1,0,,,2,0,5,2,2,1,0,0,14,1,64
2026-05-16,WOM ENGLAND 1,Everton W,Leicester W,1.45,4.5,5.5,1.57,1.0,0.0,1,0.0,3.0,3.0,1,4893240,9227,1,1,0.21,0.42,0,1,3,4,3,3,0,0,12,7,54
2026-05-16,GERMANY 3,Duisburg,Viktoria Koln,1.5,3.9,5.25,1.57,1.0,1.0,0,7.0,7.0,7.0,1,4847013,208,1,0,,,5,1,8,5,7,2,2,0,13,8,60
2026-05-16,SOUTH KOREA 2,Cheonan City,Paju Frontier,0.0,0.0,0.0,2.1,0.0,0.0,0,2.0,1.0,10.0,1,5155795,920066,1,0,,,3,1,11,5,1,1,2,0,8,3,63
2026-05-16,PORTUGAL 2,Academico Viseu,Sporting CP B,1.44,3.75,6.5,1.85,0.0,0.0,0,2.0,3.0,5.0,1,4844773,185,0,0,,,,,,,,,,,,,
2026-05-16,ROMANIA 2,Sepsi Sf. Gheorghe,Chindia Targoviste,1.25,4.6,8.0,1.73,1.0,1.0,0,0.0,2.0,3.0,1,5244446,923942,0,0,,,,,,,,,,,,,
2026-05-16,PORTUGAL 3,Os Belenenses,Mafra,1.5,3.7,5.0,2.0,3.0,1.0,1,1.0,2.0,6.0,1,5165704,920295,0,0,,,,,,,,,,,,,
2026-05-17,SERBIA 2,Trayal Krusevac,FAP,0.0,0.0,0.0,0.0,0.0,3.0,0,0.0,0.0,0.0,0,,,0,0,,,,,,,,,,,,,
2026-05-17,UKRAINE 1,Karpaty Lviv,Veres-Rivne,1.4,3.75,6.0,1.91,2.0,0.0,1,3.0,6.0,7.0,1,4845023,900627,0,0,,,,,,,,,,,,,
2026-05-17,ITALY 1,Atalanta,Bologna,0.0,0.0,0.0,0.0,0.0,1.0,0,0.0,1.0,5.0,1,4803398,55,1,1,0.32,0.36,0,3,5,6,1,5,1,0,13,16,47
2026-05-17,ITALY 4,Union Clodiense,Este,0.0,0.0,0.0,0.0,1.0,0.0,1,0.0,0.0,0.0,0,,,0,0,,,,,,,,,,,,,
2026-05-17,BRAZIL 4,Ferroviario,Atletico-CE,1.4,3.9,5.5,1.8,2.0,0.0,1,4.0,1.0,5.0,1,1000010697,9464,0,0,,,,,,,,,,,,,
2026-05-17,BRAZIL 4,Central SC,Maguary,1.53,3.5,5.0,2.2,0.0,0.0,0,3.0,3.0,4.0,1,1000010702,9464,0,0,,,,,,,,,,,,,
2026-05-17,ARGENTINA 3,Juventud Antoniana,Boca Unidos,1.22,4.75,9.0,1.57,0.0,0.0,0,0.0,0.0,0.0,0,5238376,923719,0,0,,,,,,,,,,,,,
2026-05-17,FRANCE 1,Nice,Metz,1.27,5.75,10.0,1.5,0.0,0.0,0,0.0,5.0,8.0,1,4830761,53,1,1,0.56,0.47,0,2,8,8,5,3,0,0,11,12,51
2026-05-17,SERBIA 2,Dubocica,Smederevo,0.0,0.0,0.0,0.0,1.0,2.0,0,0.0,0.0,0.0,0,,,0,0,,,,,,,,,,,,,
2026-05-17,WOM USA 1,Portland Thorns W,Angel City W,0.0,0.0,0.0,1.85,0.0,0.0,0,0.0,3.0,5.0,1,5161524,920228,1,1,0.30,0.26,0,1,4,3,3,2,1,0,9,7,47
2026-05-17,ARGENTINA 3,Germinal,Guillermo Brown,0.0,0.0,0.0,0.0,1.0,1.0,0,0.0,0.0,0.0,0,5238521,923721,0,0,,,,,,,,,,,,,
2026-05-17,BOSNIA 2,TOSK Tesanj,GOSK Gabela,0.0,0.0,0.0,0.0,2.0,2.0,0,0.0,0.0,0.0,0,,,0,0,,,,,,,,,,,,,
2026-05-17,SOUTH AFRICA 2,Venda,Highbury,0.0,0.0,0.0,0.0,1.0,2.0,0,0.0,0.0,0.0,0,,,0,0,,,,,,,,,,,,,
2026-05-17,CYPRUS 1,Krasava,Paralimni,1.18,6.0,8.0,1.3,0.0,0.0,0,4.0,5.0,6.0,1,5483850,924302,0,0,,,,,,,,,,,,,
2026-05-17,GERMANY 2,Magdeburg,Kaiserslautern,1.5,4.75,5.25,1.33,0.0,1.0,0,1.0,1.0,4.0,1,4829956,146,1,1,0.27,0.46,1,3,4,4,1,0,1,0,6,3,52
2026-05-17,UKRAINE 2,Fenix Mariupol,Probiy Horodenka,0.0,0.0,0.0,0.0,0.0,0.0,0,0.0,0.0,0.0,0,,,0,0,,,,,,,,,,,,,
2026-05-17,SOUTH AFRICA 2,Casric Stars,Gomora,1.55,3.6,5.3,2.02,3.0,1.0,1,0.0,0.0,0.0,0,,,0,0,,,,,,,,,,,,,
2026-05-17,SOUTH AFRICA 2,Lerumo Lions,Black Leopards,0.0,0.0,0.0,2.32,4.0,0.0,1,0.0,0.0,0.0,0,,,0,0,,,,,,,,,,,,,
2026-05-17,ITALY 1,Inter,Verona,1.4,5.0,7.0,1.73,1.0,1.0,0,2.0,5.0,7.0,1,4803402,55,1,1,0.92,0.35,2,2,7,5,5,2,2,1,19,6,79
2026-05-17,WOM GERMANY 1,Hoffenheim W,RB Leipzig W,1.5,4.25,4.8,1.36,0.0,0.0,0,0.0,1.0,5.0,1,4863738,9676,1,0,,,0,2,5,7,1,1,0,0,9,18,51
2026-05-17,ITALY 1,Como,Parma,1.22,6.0,13.0,1.67,1.0,0.0,1,3.0,11.0,15.0,1,4803400,55,1,1,0.98,0.00,3,0,15,0,11,1,1,0,31,,74
2026-05-17,JAPAN 2,Yokohama FC,Tochigi SC,1.57,3.6,4.4,1.75,1.0,0.0,1,0.0,2.0,3.0,1,5130581,918269,0,0,,,,,,,,,,,,,
2026-05-17,JAPAN 2,Omiya Ardija,Nagano,1.25,4.75,7.0,1.44,1.0,2.0,0,2.0,0.0,6.0,1,5130804,918271,0,0,,,,,,,,,,,,,
2026-05-17,ITALY 4,Legnago Salus,Mestre,0.0,0.0,0.0,0.0,2.0,0.0,1,0.0,0.0,0.0,0,,,0,0,,,,,,,,,,,,,
2026-05-18,WOM BRAZIL 1,Palmeiras W,Botafogo RJ W,1.16,8.0,11.25,1.36,3.0,0.0,1,2.0,4.0,8.0,1,,,0,0,,,,,,,,,,,,,
2026-05-18,ICELAND 2,Throttur,Leiknir,1.25,4.75,7.5,1.45,1.0,1.0,0,1.0,2.0,7.0,1,5225756,216,0,0,,,,,,,,,,,,,
2026-05-18,WOM BRAZIL 1,Sao Paulo W,Juventude W,1.2,5.9,13.0,1.65,1.0,0.0,1,2.0,2.0,8.0,1,,,0,0,,,,,,,,,,,,,
2026-05-18,ROMANIA 1,Farul Constanta,Metaloglobus Bucharest,1.27,5.75,7.0,1.3,0.0,1.0,0,6.0,7.0,18.0,1,5229584,923521,1,0,,,6,1,18,7,7,2,4,1,26,13,54
2026-05-18,FINLAND 2,Haka,Klubi 04,1.3,4.75,6.0,1.33,1.0,1.0,0,1.0,2.0,3.0,1,5163690,920261,0,0,,,,,,,,,,,,,
2026-05-18,SAUDI ARABIA 2,Al-Ula,Al Orubah,0.0,0.0,0.0,1.5,2.0,1.0,1,0.0,4.0,2.0,1,,,0,0,,,,,,,,,,,,,
2026-05-19,ISRAEL 2,H. Akko,Hapoel Hadera,1.6,3.7,4.5,1.65,0.0,0.0,0,1.0,2.0,7.0,1,,,0,0,,,,,,,,,,,,,
2026-05-19,BELGIUM 1,Genk,Antwerp,1.45,4.75,6.25,1.53,0.0,0.0,0,5.0,3.0,13.0,1,5268805,924726,1,1,0.88,0.15,5,0,13,3,3,2,1,1,21,4,54
2026-05-20,ESTONIA 1,Kalju,Harju JK Laagri,1.2,5.5,8.5,1.4,1.0,0.0,1,2.0,5.0,11.0,1,,,0,0,,,,,,,,,,,,,
2026-05-20,USA 2,Detroit,Miami FC,1.47,4.0,5.0,1.65,2.0,1.0,1,1.0,1.0,3.0,1,5109758,8972,1,0,,,1,2,3,4,1,3,0,1,8,6,51
2026-05-20,COPA LIBERTADORES,Flamengo RJ (Bra),Estudiantes L.P. (Arg),1.55,3.8,7.0,2.3,1.0,0.0,1,1.0,2.0,4.0,1,5261462,924592,1,1,0.21,0.41,1,0,4,4,2,5,0,1,9,4,69
2026-05-20,COPA LIBERTADORES,Palmeiras (Bra),Cerro Porteno (Par),1.3,5.25,10.0,1.9,0.0,1.0,0,5.0,4.0,8.0,1,5261507,924597,1,1,0.71,0.03,5,0,8,2,4,1,1,0,12,2,72
2026-05-21,UKRAINE 1,Shakhtar Donetsk,Kolos Kovalivka,1.22,4.6,8.5,1.6,0.0,1.0,0,1.0,0.0,1.0,1,4845036,900627,0,0,,,,,,,,,,,,,
2026-05-21,ICELAND 1,Akranes,Vestmannaeyjar,1.44,4.2,5.0,1.5,2.0,2.0,0,0.0,3.0,8.0,1,5225640,923422,1,0,,,1,1,8,8,3,3,0,1,17,9,62
2026-05-21,GERMANY 1,Wolfsburg,Paderborn,1.6,4.0,5.5,1.73,0.0,0.0,0,2.0,2.0,8.0,1,5630366,931309,1,1,0.96,0.07,2,1,8,1,2,1,1,0,13,6,56
2026-05-21,COLOMBIA 2,U. Magdalena,Bogota,1.12,6.0,13.0,1.57,0.0,0.0,0,1.0,2.0,6.0,1,5655293,927360,0,0,,,,,,,,,,,,,
2026-05-21,COLOMBIA 2,Cartagena,Barranquilla,1.22,4.6,10.0,1.73,2.0,1.0,1,0.0,2.0,2.0,1,5655294,927360,0,0,,,,,,,,,,,,,
2026-05-21,COPA SUDAMERICANA,Macara (Ecu),Alianza Atl. (Per),1.27,5.5,12.0,1.85,0.0,0.0,0,2.0,5.0,11.0,1,5261363,924591,1,0,,,2,0,11,2,5,0,1,1,13,1,55
2026-05-22,SLOVENIA 2,Nafta,Triglav,1.57,3.9,4.2,1.57,1.0,1.0,0,0.0,0.0,0.0,0,,,0,0,,,,,,,,,,,,,
2026-05-22,ECUADOR 1,Ind. del Valle,Libertad,1.25,5.5,10.0,1.53,2.0,3.0,0,2.0,8.0,17.0,1,1000008991,246,1,0,,,2,0,17,1,8,0,2,0,24,1,69
2026-05-22,SERBIA 2,Usce,FAP,0.0,0.0,0.0,0.0,0.0,1.0,0,1.0,2.0,3.0,1,,,0,0,,,,,,,,,,,,,
2026-05-23,BULGARIA 2,Svoge,Hebar,0.0,0.0,0.0,0.0,1.0,0.0,1,3.0,4.0,9.0,1,4951464,9096,0,0,,,,,,,,,,,,,
2026-05-23,JAPAN 2,Sagan Tosu,Ryukyu,1.4,3.9,5.5,1.85,2.0,2.0,0,2.0,4.0,5.0,1,5131182,918273,0,0,,,,,,,,,,,,,
2026-05-23,UKRAINE 2,Viktoria,Probiy Horodenka,0.0,0.0,0.0,0.0,0.0,1.0,0,0.0,0.0,0.0,0,,,0,0,,,,,,,,,,,,,
2026-05-23,UKRAINE 2,Bukovyna,Ch. Odesa,1.57,3.45,5.35,2.15,1.0,3.0,0,0.0,0.0,0.0,0,,,0,0,,,,,,,,,,,,,
2026-05-23,UKRAINE 1,Epitsentr,SC Poltava,1.22,5.0,7.5,1.45,0.0,0.0,0,1.0,2.0,7.0,1,4845031,900627,0,0,,,,,,,,,,,,,
2026-05-23,CROATIA 1,Rijeka,Gorica,1.5,3.8,5.25,1.73,2.0,0.0,1,2.0,4.0,9.0,1,4814303,252,1,0,,,2,0,9,0,4,1,1,0,20,2,60
2026-05-23,ICELAND 2,Njardvik,Aegir,1.4,4.1,5.5,1.45,0.0,0.0,0,3.0,4.0,6.0,1,,,0,0,,,,,,,,,,,,,
2026-05-23,BULGARIA 2,Yantra Gabrovo,Belasitsa,1.1,6.9,18.5,1.48,3.0,1.0,1,1.0,3.0,5.0,1,4951465,9096,0,0,,,,,,,,,,,,,
2026-05-23,CROATIA 1,Din. Zagreb,Lok. Zagreb,1.25,5.5,8.5,1.33,0.0,0.0,0,1.0,2.0,5.0,1,,,0,0,,,,,,,,,,,,,
2026-05-23,GERMANY CUP,Bayern Munich,Stuttgart,1.36,5.75,6.5,1.2,3.0,0.0,1,2.0,0.0,3.0,1,5197845,899869,1,1,0.15,0.31,2,3,3,7,0,3,0,0,9,9,69
2026-05-23,BRAZIL 4,Mixto,Operario VG,1.57,3.3,5.0,2.25,1.0,1.0,0,3.0,2.0,5.0,1,1000010417,9464,0,0,,,,,,,,,,,,,
2026-05-23,PERU 1,Cusco,Grau,1.55,4.1,5.5,1.8,1.0,0.0,1,2.0,0.0,6.0,1,,,0,0,,,,,,,,,,,,,
2026-05-24,ARGENTINA 2,Ferro,Central Norte,1.49,3.7,7.0,2.5,1.0,0.0,1,2.0,4.0,6.0,1,5113322,916553,0,0,,,,,,,,,,,,,
2026-05-24,WOM USA 1,Bay FC W,Chicago W,1.57,4.05,4.85,1.73,0.0,1.0,0,2.0,3.0,6.0,1,5161534,920228,1,1,0.39,0.41,2,3,6,3,3,0,1,0,12,9,53
2026-05-24,PERU 2,Carlos Mannucci,Pirata,1.6,3.7,4.5,1.8,1.0,0.0,1,2.0,3.0,5.0,1,,,0,0,,,,,,,,,,,,,
2026-05-24,BRAZIL 3,Brusque,Anapolis,1.47,3.5,6.0,2.2,1.0,0.0,1,1.0,3.0,7.0,1,1000009413,8971,0,0,,,,,,,,,,,,,
2026-05-24,SERBIA 1,Radnicki Nis,Sp. Subotica,1.4,4.75,6.5,1.67,2.0,1.0,1,1.0,1.0,4.0,1,1000010969,182,1,0,,,1,4,4,7,1,2,1,0,10,5,50
2026-05-24,ARGENTINA 3,Germinal,Sol de Mayo,1.57,3.2,5.5,2.55,1.0,0.0,1,0.0,0.0,0.0,1,5238525,923721,0,0,,,,,,,,,,,,,
2026-05-24,SERBIA 2,Smederevo,Kabel Novi Sad,0.0,0.0,0.0,0.0,1.0,0.0,1,2.0,2.0,8.0,1,,,0,0,,,,,,,,,,,,,
2026-05-24,SOUTH KOREA 2,Daegu,Ansan Greeners,1.33,4.75,7.0,1.67,3.0,0.0,1,3.0,4.0,6.0,1,5155804,920066,1,0,,,2,4,9,6,4,0,1,0,11,5,62
2026-05-24,SWEDEN 1,Hammarby,AIK,1.45,4.5,5.75,1.57,1.0,2.0,0,4.0,3.0,11.0,1,5107502,67,1,1,0.65,0.08,4,2,11,3,3,2,1,0,12,7,56
2026-05-24,ECUADOR 2,San Antonio,EL Nacional,1.6,3.7,4.65,1.75,1.0,0.0,1,2.0,1.0,4.0,1,,,0,0,,,,,,,,,,,,,
2026-05-24,POLAND 2,Slask Wroclaw,Grodzisk M.,1.57,4.5,4.5,1.36,0.0,0.0,0,2.0,1.0,6.0,1,4817069,197,0,0,,,,,,,,,,,,,
2026-05-24,SWEDEN 2,Varberg,Sundsvall,1.4,4.1,7.5,1.95,1.0,0.0,1,3.0,3.0,5.0,1,5125516,168,0,0,,,,,,,,,,,,,
2026-05-25,NORWAY 2,Stromsgodset,Bryne,1.48,4.75,5.75,1.4,1.0,0.0,1,0.0,1.0,4.0,1,5105152,203,0,0,,,,,,,,,,,,,
2026-05-26,BOSNIA 1,Borac Banja Luka,Posusje,1.17,5.5,12.0,1.75,2.0,0.0,1,0.0,3.0,0.0,1,4835770,900837,0,0,,,,,,,,,,,,,
2026-05-26,COPA LIBERTADORES,Flamengo RJ (Bra),Cusco (Per),1.11,9.5,17.0,1.3,3.0,0.0,1,4.0,6.0,9.0,1,5261464,924592,1,1,0.73,0.06,4,1,9,3,6,2,1,0,16,3,72
2026-05-26,CZECH 1,Ostrava,Taborsko,1.27,5.25,10.0,1.62,3.0,0.0,1,2.0,4.0,12.0,1,5667146,10025,0,0,,,,,,,,,,,,,
2026-05-27,ICELAND 2,Kopavogur,Volsungur,1.13,6.5,11.0,1.25,1.0,0.0,1,6.0,5.0,7.0,1,,,0,0,,,,,,,,,,,,,
2026-05-27,COPA LIBERTADORES,Libertad Asuncion (Par),Universidad Central (Ven),1.5,4.5,5.75,1.7,0.0,1.0,0,2.0,5.0,8.0,1,5261532,924599,1,1,0.64,0.84,2,1,8,5,5,1,1,2,9,7,54
2026-05-27,COPA SUDAMERICANA,Atletico-MG (Bra),Puerto Cabello (Ven),1.36,4.75,10.0,1.88,1.0,0.0,1,1.0,1.0,7.0,1,5261380,924600,1,0,,,1,2,7,3,1,1,0,0,7,3,70
2026-05-27,COPA SUDAMERICANA,Olimpia Asuncion (Par),A. Italiano (Chi),1.57,4.2,5.75,1.8,3.0,1.0,1,0.0,1.0,4.0,1,5261441,924605,1,0,,,0,0,4,1,1,0,1,0,11,2,52
2026-05-27,COPA SUDAMERICANA,River Plate (Arg),Blooming (Bol),1.08,10.0,26.0,1.33,3.0,0.0,1,2.0,5.0,10.0,1,5261454,924606,1,0,,,2,1,10,1,5,0,1,0,20,,84
2026-05-27,COPA SUDAMERICANA,Bragantino (Bra),Carabobo (Ven),1.33,5.0,9.0,1.85,2.0,0.0,1,0.0,2.0,8.0,1,5261453,924606,1,0,,,0,3,8,5,2,1,0,0,16,2,66
2026-05-28,COPA SUDAMERICANA,Tigre (Arg),Alianza Atl. (Per),1.27,5.25,12.0,1.9,2.0,0.0,1,0.0,2.0,4.0,1,5261365,924591,1,0,,,0,1,4,2,2,0,0,1,3,5,53
2026-05-29,BRAZIL 4,America RN,Central SC,1.47,3.3,6.0,2.4,1.0,0.0,1,1.0,5.0,8.0,1,1000010756,9464,0,0,,,,,,,,,,,,,
2026-05-29,PERU 2,Santos,Minas,1.57,3.3,5.0,2.1,0.0,1.0,0,1.0,2.0,2.0,1,,,0,0,,,,,,,,,,,,,
2026-05-29,BULGARIA 1,Ludogorets,Lok. Plovdiv,1.46,4.1,6.25,1.85,0.0,0.0,0,4.0,5.0,8.0,1,5667768,933740,0,0,,,,,,,,,,,,,
2026-05-29,PERU 1,Grau,Moquegua,1.53,3.8,6.5,2.1,1.0,0.0,1,3.0,1.0,6.0,1,,,0,0,,,,,,,,,,,,,
2026-05-30,USA 2,Pittsburgh,Miami FC,1.47,3.8,5.0,1.75,2.0,0.0,1,1.0,1.0,7.0,1,5109781,8972,1,0,,,1,1,7,4,1,3,1,0,15,8,44
2026-05-30,PERU 1,Sport Boys,Comerciantes Unidos,1.55,3.6,6.25,2.2,1.0,0.0,1,0.0,6.0,6.0,1,5169321,919710,1,0,,,0,2,8,6,6,0,0,0,16,7,44
2026-05-30,BRAZIL 4,ASA,CSE,1.25,4.4,9.5,2.0,0.0,0.0,0,1.0,2.0,2.0,1,,,0,0,,,,,,,,,,,,,
2026-05-30,BRAZIL 4,Joinville,Guarany de Bage,1.36,3.6,7.0,2.4,2.0,0.0,1,2.0,4.0,7.0,1,1000010778,9464,0,0,,,,,,,,,,,,,
2026-05-30,BRAZIL 4,Portuguesa RJ,America RJ,1.4,3.7,6.5,2.2,2.0,2.0,0,4.0,7.0,6.0,1,1000010774,9464,0,0,,,,,,,,,,,,,
2026-05-30,WOM USA 1,Kansas City Current W,Boston Legacy W,1.57,4.1,4.8,1.6,1.0,0.0,1,1.0,2.0,4.0,1,5161538,920228,1,1,0.26,0.40,1,2,4,8,2,4,0,0,10,2,45
2026-05-30,BOSNIA 2,Stupcanica,Bratstvo Gracanica,0.0,0.0,0.0,0.0,0.0,2.0,0,0.0,0.0,0.0,0,,,0,0,,,,,,,,,,,,,
2026-05-30,FINLAND 1,HJK,Mariehamn,1.17,6.5,12.0,1.4,1.0,0.0,1,1.0,3.0,9.0,1,5147559,919925,1,0,,,1,2,9,6,3,0,1,0,15,10,72
2026-05-30,CHINA 2,Dalian K'un City,Shijiazhuang Gongfu,1.55,3.3,5.5,2.2,0.0,0.0,0,3.0,3.0,7.0,1,5207123,920267,0,0,,,,,,,,,,,,,
2026-05-30,BRAZIL 4,Vitoria ES,Real Noroeste,1.55,3.4,5.0,2.25,1.0,1.0,0,0.0,5.0,3.0,1,1000010771,9464,0,0,,,,,,,,,,,,,
2026-05-31,VENEZUELA 1,Dep. Tachira,Estudiantes Merida,1.22,4.75,9.0,1.57,1.0,0.0,1,1.0,4.0,15.0,1,5408809,927586,1,0,,,1,2,14,6,4,2,0,0,,,65
2026-05-31,PERU 2,Union Comercio,ADA Jaen,1.44,3.75,6.0,1.95,1.0,0.0,1,0.0,3.0,0.0,1,,,0,0,,,,,,,,,,,,,
2026-05-31,BRAZIL 4,Ivinhema,Uberlandia,0.0,0.0,0.0,2.25,1.0,1.0,0,0.0,2.0,4.0,1,1000010767,9464,0,0,,,,,,,,,,,,,
2026-05-31,SPAIN 2,Cordoba,Huesca,1.49,4.1,6.25,1.44,1.0,1.0,0,0.0,5.0,10.0,1,4837948,901075,1,1,0.89,0.52,0,2,10,6,5,1,1,0,24,4,59
2026-05-31,BRAZIL 4,Tuna Luso,Trem,1.55,3.8,4.6,1.6,1.0,0.0,1,1.0,2.0,7.0,1,,,0,0,,,,,,,,,,,,,
2026-05-31,BRAZIL 1,Palmeiras,Chapecoense-SC,1.37,4.75,7.0,1.73,1.0,0.0,1,2.0,1.0,9.0,1,5103537,268,1,1,0.49,0.14,2,2,9,4,1,0,1,0,10,3,58
2026-05-31,BRAZIL 4,Juazeirense,Alagoinhas,1.5,3.5,5.5,2.2,0.0,0.0,0,2.0,0.0,7.0,1,1000010764,9464,0,0,,,,,,,,,,,,,
2026-05-31,ARGENTINA 2,Deportivo Madryn,Acassuso,1.46,4.0,6.5,2.15,0.0,0.0,0,0.0,1.0,1.0,1,5113334,916553,0,0,,,,,,,,,,,,,
2026-05-31,ARGENTINA 3,Douglas Haig,Gimnasia E.R.,1.44,3.7,6.0,2.2,0.0,0.0,0,4.0,3.0,9.0,1,5238299,923718,0,0,,,,,,,,,,,,,
2026-05-31,ARGENTINA 2,Atletico Atlanta,Gimnasia y Tiro,1.57,3.25,7.0,2.88,1.0,1.0,0,2.0,2.0,3.0,1,5112959,916553,0,0,,,,,,,,,,,,,
2026-05-31,SOUTH KOREA 2,Jeonnam,Seoul E-Land,0.0,0.0,0.0,1.8,0.0,1.0,0,1.0,2.0,2.0,1,5155814,920066,1,0,,,1,5,6,6,2,1,1,0,11,10,49
2026-05-31,WOM SPAIN 1,Real Madrid W,Granada CF W,1.14,6.5,13.5,1.25,2.0,0.0,1,4.0,6.0,9.0,1,4910450,902647,1,0,,,4,0,9,1,6,2,0,0,20,3,56
2026-05-31,WOM SPAIN 1,Costa Adeje Tenerife W,Dep. La Coruna W,1.4,4.35,6.0,1.6,2.0,0.0,1,2.0,2.0,5.0,1,4910447,902647,1,0,,,2,0,5,3,2,0,1,0,8,2,45
2026-05-31,SPAIN 2,Almeria,Valladolid,1.37,5.25,6.25,1.5,1.0,0.0,1,4.0,1.0,13.0,1,4837952,901075,1,1,1.21,1.11,4,4,13,6,1,1,2,2,21,8,48
2026-05-31,FINLAND 1,AC Oulu,Jaro,1.6,3.7,5.25,1.85,2.0,1.0,1,4.0,2.0,5.0,1,,,0,0,,,,,,,,,,,,,
2026-05-31,ICELAND 2,Njardvik,Grotta,1.5,4.1,4.6,1.44,1.0,2.0,0,4.0,2.0,6.0,1,5225773,216,0,0,,,,,,,,,,,,,
2026-05-31,DENMARK 2,Horsens,Kolding IF,1.49,3.8,6.5,1.85,1.0,0.0,1,2.0,4.0,6.0,1,5272900,924805,1,0,,,2,2,6,5,4,1,1,0,14,8,54
2026-06-01,UKRAINE 2,Ch. Odesa,Metalist Kharkiv,1.33,4.15,8.5,1.85,1.0,0.0,1,0.0,0.0,0.0,0,,,0,0,,,,,,,,,,,,,
2026-06-01,URUGUAY 1,Penarol,Central Esp.,1.53,4.33,5.5,1.98,0.0,1.0,0,3.0,4.0,4.0,1,5670399,930806,0,0,,,,,,,,,,,,,
2026-06-01,BRAZIL 4,Marcilio Dias,Azuriz,1.5,3.55,7.2,2.27,0.0,1.0,0,3.0,3.0,5.0,1,1000010782,9464,0,0,,,,,,,,,,,,,
2026-06-05,SOUTH KOREA 2,Daegu,Paju Frontier,1.47,4.45,6.0,1.62,1.0,0.0,1,3.0,4.0,6.0,1,5155817,920066,1,0,,,3,0,5,5,4,0,1,0,7,14,67
2026-06-05,UKRAINE 1,Kudrivka,Ahrobiznes Volochysk,1.57,3.8,5.2,1.7,0.0,0.0,0,3.0,1.0,3.0,1,5735972,9829,0,0,,,,,,,,,,,,,
2026-06-05,ECUADOR 2,Dep. Santo Domingo,22 de Julio,1.45,4.15,5.86,1.98,1.0,0.0,1,4.0,8.0,10.0,1,,,0,0,,,,,,,,,,,,,
2026-06-06,BOSNIA 2,GOSK Gabela,Celik Zenica,0.0,0.0,0.0,0.0,1.0,1.0,0,0.0,0.0,0.0,0,,,0,0,,,,,,,,,,,,,
2026-06-06,BRAZIL 4,Portuguesa,Portuguesa RJ,1.55,3.55,6.2,2.05,2.0,0.0,1,2.0,2.0,4.0,1,1000010396,9464,0,0,,,,,,,,,,,,,
2026-06-06,ARGENTINA 3,Bartolome Mitre,Sarmiento Resistencia,1.4,3.65,8.0,2.18,2.0,0.0,1,0.0,4.0,6.0,1,5238387,923719,0,0,,,,,,,,,,,,,
2026-06-07,BRAZIL 4,Noroeste,Sampaio Correa FE,1.52,3.45,7.2,2.15,1.0,0.0,1,1.0,3.0,4.0,1,1000010400,9464,0,0,,,,,,,,,,,,,
2026-06-07,ARGENTINA 3,Argentino MM,Deportivo Rincon,1.55,3.45,4.85,1.75,2.0,0.0,1,5.0,3.0,12.0,1,5238459,923720,0,0,,,,,,,,,,,,,
2026-06-07,ARGENTINA 3,Biblioteca Atenas,San Martin Mendoza,1.35,3.9,8.75,2.25,0.0,0.0,0,0.0,4.0,3.0,1,,,0,0,,,,,,,,,,,,,
2026-06-08,COLOMBIA 1,Atl. Nacional,Junior,1.5,4.5,5.75,1.57,1.0,0.0,1,1.0,7.0,14.0,1,5666847,929414,1,1,0.65,0.21,1,1,14,5,7,4,0,0,15,2,68
2026-06-13,USA 2,Oakland Roots,Miami FC,1.5,4.0,5.4,1.6,0.0,0.0,0,2.0,2.0,3.0,1,5109796,8972,1,0,,,2,1,3,5,2,2,1,1,5,7,66
2026-06-14,NORWAY 2,Stabaek,Egersund,1.6,4.33,4.5,1.4,3.0,1.0,1,1.0,3.0,2.0,1,5105167,203,0,0,,,,,,,,,,,,,
2026-06-14,ARGENTINA 3,Deportivo Rincon,Juventud U.U.,1.52,3.35,6.7,2.45,2.0,1.0,1,2.0,4.0,6.0,1,5238464,923720,0,0,,,,,,,,,,,,,
2026-06-14,ARGENTINA 3,Villa Mitre,Germinal,1.44,3.5,7.7,2.67,0.0,0.0,0,5.0,8.0,5.0,1,5238539,923721,0,0,,,,,,,,,,,,,
2026-06-14,ARGENTINA 2,Ferro,Acassuso,1.39,4.1,9.0,2.35,2.0,1.0,1,2.0,3.0,3.0,1,5113352,916553,0,0,,,,,,,,,,,,,
2026-06-15,WORLD WORLD CUP,Spain,Cape Verde,1.07,13.0,26.0,1.3,0.0,0.0,0,4.0,4.0,13.0,1,4667798,894797,1,1,1.10,0.04,4,0,13,3,4,0,1,0,18,4,70
2026-06-15,BRAZIL 3,Maringa FC,Maranhao,1.42,4.25,7.0,1.65,0.0,0.0,0,1.0,3.0,8.0,1,1000009437,8971,0,0,,,,,,,,,,,,,
2026-06-15,ARGENTINA 3,Sportivo Belgrano,Defensores Belgrano VR,1.55,3.45,5.6,2.22,1.0,0.0,1,1.0,0.0,1.0,1,5238312,923718,0,0,,,,,,,,,,,,,
2026-06-16,WORLD WORLD CUP,France,Senegal,1.48,4.5,6.5,1.67,3.0,1.0,1,0.0,3.0,1.0,1,4667804,894798,1,1,0.03,0.43,0,1,1,5,3,2,0,2,3,5,56
2026-06-18,FINLAND 1,AC Oulu,Mariehamn,1.36,4.75,7.0,1.6,2.0,1.0,1,4.0,1.0,5.0,1,5147571,919925,1,0,,,4,2,5,6,1,4,0,2,7,9,52
2026-06-18,WORLD WORLD CUP,Switzerland,Bosnia & Herzegovina,1.53,4.0,6.5,1.88,4.0,1.0,1,1.0,4.0,4.0,1,4667759,894791,1,1,0.09,0.13,1,1,4,3,4,2,1,0,12,7,69
2026-06-19,IRELAND 2,Cork City,Treaty United,1.3,5.1,8.0,1.52,4.0,0.0,1,2.0,6.0,3.0,1,5101222,916016,0,0,,,,,,,,,,,,,
2026-06-19,IRELAND 1,St. Patricks,Sligo Rovers,1.18,6.0,13.0,1.57,2.0,0.0,1,1.0,5.0,18.0,1,5100917,126,1,1,1.47,0.75,1,3,18,7,5,6,4,3,18,12,55
2026-06-20,WORLD WORLD CUP,Ecuador,Curacao,1.14,9.0,15.0,1.5,0.0,0.0,0,6.0,1.0,8.0,1,4667779,894794,1,1,1.09,0.20,6,0,8,5,1,0,2,0,12,7,75
2026-06-20,ESTONIA 1,Levadia,Kalju,1.37,4.65,6.1,1.43,1.0,1.0,0,4.0,4.0,6.0,1,1000007903,248,0,0,,,,,,,,,,,,,
2026-06-21,BRAZIL 4,Sampaio Correa,Trem,1.5,3.85,6.3,1.88,0.0,2.0,0,1.0,4.0,3.0,1,,,0,0,,,,,,,,,,,,,
2026-06-21,WORLD WORLD CUP,Belgium,Iran,1.42,4.5,8.0,1.93,0.0,0.0,0,4.0,2.0,11.0,1,4667793,894796,1,1,0.81,0.24,4,1,11,2,2,1,0,0,23,5,80
2026-06-21,NORWAY 2,Odd,Hodd,1.44,4.75,5.75,1.44,0.0,0.0,0,3.0,1.0,7.0,1,5105174,203,0,0,,,,,,,,,,,,,
2026-06-21,ARGENTINA 3,Guillermo Brown,Sol de Mayo,0.0,0.0,0.0,0.0,0.0,1.0,0,0.0,0.0,0.0,0,5238541,923721,0,0,,,,,,,,,,,,,
2026-06-23,WORLD WORLD CUP,England,Ghana,1.18,7.5,15.0,1.57,0.0,0.0,0,0.0,3.0,6.0,1,4667828,894801,1,1,0.31,0.00,0,0,6,0,3,1,0,0,13,4,78
2026-06-23,WORLD WORLD CUP,Colombia,D.R. Congo,1.53,3.9,7.0,2.1,1.0,0.0,1,6.0,2.0,14.0,1,4667821,894800,1,1,0.69,0.10,6,0,14,2,2,2,1,0,17,2,66
2026-06-27,CHINA 1,Beijing Guoan,Wuhan Three Towns,1.25,6.5,7.5,1.3,1.0,0.0,1,2.0,0.0,7.0,1,5186529,920266,1,0,,,2,2,7,4,0,0,2,0,17,5,66
2026-06-27,NORWAY 2,Sandnes,Raufoss,1.57,4.33,4.75,1.48,3.0,0.0,1,1.0,4.0,5.0,1,5105180,203,0,0,,,,,,,,,,,,,
2026-06-27,BRAZIL 4,Portuguesa,Sampaio Correa FE,1.2,4.85,13.5,1.62,1.0,0.0,1,5.0,4.0,6.0,1,1000014998,9464,0,0,,,,,,,,,,,,,
2026-06-27,BRAZIL 4,CSA,Lagarto,1.31,4.85,8.0,1.52,2.0,0.0,1,3.0,5.0,7.0,1,,,0,0,,,,,,,,,,,,,
2026-06-28,BRAZIL 4,Treze PB,Jacuipense,1.57,3.85,5.2,1.62,0.0,0.0,0,5.0,2.0,10.0,1,1000015234,9464,0,0,,,,,,,,,,,,,
2026-06-28,BRAZIL 4,Nacional-AM,Araguaina,1.52,3.75,6.2,1.83,0.0,0.0,0,1.0,6.0,4.0,1,1000015246,9464,0,0,,,,,,,,,,,,,
2026-06-28,CHILE CUP,O'Higgins,Recoleta,1.55,4.2,4.75,1.67,1.0,1.0,0,0.0,5.0,0.0,1,5496067,920446,0,0,,,,,,,,,,,,,
2026-06-28,BRAZIL 3,Ituano,Maranhao,1.53,3.55,6.8,2.07,0.0,0.0,0,0.0,0.0,0.0,1,1000009452,8971,0,0,,,,,,,,,,,,,
2026-06-28,BRAZIL 4,Manauara,Independencia,1.14,6.4,16.5,1.45,1.0,1.0,0,3.0,4.0,8.0,1,1000015244,9464,0,0,,,,,,,,,,,,,
2026-07-01,CHILE CUP,U. De Chile,Union La Calera,1.42,4.33,5.5,1.48,0.0,1.0,0,0.0,2.0,2.0,1,5496054,920445,0,0,,,,,,,,,,,,,
2026-07-02,BRAZIL 2,Cuiaba,America MG,0.0,0.0,0.0,0.0,1.0,0.0,1,3.0,5.0,4.0,1,5190597,8814,1,1,0.37,0.05,3,0,4,3,5,1,1,0,15,3,57
2026-07-02,BRAZIL 2,Fortaleza,Ponte Preta,0.0,0.0,0.0,1.67,2.0,0.0,1,3.0,3.0,11.0,1,5190593,8814,1,1,1.18,0.24,3,1,11,8,3,3,1,0,16,8,74
2026-07-03,WOM USA 1,Washington Spirit W,Houston Dash W,1.37,4.45,7.4,1.65,2.0,1.0,1,2.0,0.0,8.0,1,5161544,920228,1,1,1.15,0.26,2,0,8,2,0,0,1,1,7,4,55
2026-07-04,USA 2,Louisville City,Hartford Athletic,1.55,3.95,5.0,1.75,1.0,0.0,1,1.0,2.0,9.0,1,5109821,8972,1,0,,,2,1,10,1,2,0,1,1,13,2,73
2026-07-04,USA 2,Rhode Island,Orange County SC,1.45,4.15,5.8,1.67,1.0,1.0,0,1.0,4.0,9.0,1,5109824,8972,1,0,,,1,0,9,1,4,0,0,1,21,2,47
2026-07-04,ARGENTINA 3,Huracan Las Heras,Costa Brava,1.6,3.25,5.8,2.6,2.0,0.0,1,1.0,4.0,5.0,1,5238477,923720,0,0,,,,,,,,,,,,,
2026-07-04,BRAZIL 3,Guarani,Floresta EC,1.47,3.85,7.3,2.05,0.0,0.0,0,3.0,7.0,8.0,1,1000009462,8971,0,0,,,,,,,,,,,,,
2026-07-05,ARGENTINA 3,Chivilcoy,El Linqueno,1.4,3.65,8.25,2.22,1.0,0.0,1,0.0,0.0,0.0,0,5238324,923718,0,0,,,,,,,,,,,,,
2026-07-06,ECUADOR 1,Orense,Tecnico U.,1.57,3.8,5.5,2.05,1.0,2.0,0,1.0,6.0,9.0,1,1000009004,246,1,0,,,1,0,9,5,6,1,1,0,14,5,62
2026-07-07,EUROPA CHAMPIONS LEAGUE,Sabah Baku (AZE),TNS (WAL),1.17,6.25,13.0,1.44,2.0,0.0,1,1.0,5.0,7.0,1,5785662,937348,0,0,,,,,,,,,,,,,
2026-07-07,EUROPA CONFERENCE LEAGUE,UNA Strassen (LUX),La Fiorita (SAN),1.22,5.25,12.0,1.73,1.0,0.0,1,4.0,9.0,10.0,1,5786625,937351,0,0,,,,,,,,,,,,,
2026-07-08,EUROPA CHAMPIONS LEAGUE,Kairat Almaty (KAZ),Sutjeska (MNE),1.18,6.5,10.0,1.44,2.0,1.0,1,0.0,3.0,3.0,1,5785674,937348,0,0,,,,,,,,,,,,,
2026-07-09,WORLD WORLD CUP,France,Morocco,1.57,3.8,6.5,1.93,2.0,0.0,1,3.0,3.0,13.0,1,4653851,894789,1,1,1.91,0.04,3,0,13,1,3,1,3,0,17,1,49
2026-07-09,EUROPA LEAGUE,Dyn. Kyiv (UKR),U. Cluj (ROU),1.44,4.33,6.0,1.65,0.0,0.0,0,2.0,4.0,14.0,1,,,0,0,,,,,,,,,,,,,
2026-07-09,EUROPA LEAGUE,Sheriff Tiraspol (MDA),Aluminij (SLO),1.36,4.5,8.0,1.85,0.0,0.0,0,2.0,4.0,9.0,1,5786503,937349,0,0,,,,,,,,,,,,,
2026-07-09,EUROPA CONFERENCE LEAGUE,FK Liepaja (LAT),Decic (MNE),1.6,3.5,5.0,2.05,1.0,0.0,1,0.0,0.0,5.0,1,5786652,937351,0,0,,,,,,,,,,,,,
2026-07-09,EUROPA CONFERENCE LEAGUE,Bohemians (IRL),St Josephs (GIB),1.17,5.5,15.0,1.53,2.0,0.0,1,2.0,5.0,4.0,1,5786604,937351,0,0,,,,,,,,,,,,,
2026-07-11,CHINA 2,Guangdong GZ-Power,Shijiazhuang Gongfu,1.37,4.5,7.3,1.72,2.0,0.0,1,1.0,4.0,11.0,1,5207155,920267,0,0,,,,,,,,,,,,,
2026-07-11,FINLAND 2,Haka,Ekenas,1.53,4.15,5.1,1.52,3.0,1.0,1,0.0,5.0,1.0,1,,,0,0,,,,,,,,,,,,,
2026-07-11,SCOTLAND CUP,Morton,Linlithgow Rose,1.38,4.33,6.0,1.5,0.0,1.0,0,0.0,4.0,4.0,1,5763413,936556,0,0,,,,,,,,,,,,,
2026-07-11,SCOTLAND CUP,Stenhousemuir,Forfar Athletic,1.5,3.9,5.5,1.53,2.0,0.0,1,2.0,4.0,5.0,1,5763205,936555,0,0,,,,,,,,,,,,,
2026-07-11,ECUADOR 2,22 de Julio,Vinotinto,0.0,0.0,0.0,0.0,0.0,1.0,0,0.0,0.0,0.0,0,,,0,0,,,,,,,,,,,,,
2026-07-11,ECUADOR 2,Nueve de Octubre,Gualaceo,1.53,3.45,6.0,2.2,0.0,0.0,0,0.0,1.0,0.0,1,,,0,0,,,,,,,,,,,,,
2026-07-12,CHILE CUP,D. Concepcion,D. Puerto Montt,1.53,3.6,5.25,1.8,2.0,0.0,1,4.0,5.0,6.0,1,5874857,920451,0,0,,,,,,,,,,,,,
2026-07-12,ARGENTINA 3,Chivilcoy,Gimnasia E.R.,1.5,2.87,10.25,2.71,0.0,0.0,0,2.0,2.0,7.0,1,5238331,923718,0,0,,,,,,,,,,,,,
2026-07-12,ARGENTINA 3,Bartolome Mitre,Defensores de Vilelas,1.55,3.15,6.9,2.7,1.0,0.0,1,2.0,2.0,2.0,1,5238407,923719,0,0,,,,,,,,,,,,,
2026-07-12,BRAZIL 4,Gama,Porto Velho,1.25,4.9,11.5,1.6,2.0,0.0,1,3.0,8.0,8.0,1,1000016605,9464,0,0,,,,,,,,,,,,,
2026-07-12,ARGENTINA 3,Sportivo Las Parejas,Sportivo Belgrano,1.39,3.35,10.75,2.95,0.0,0.0,0,0.0,3.0,1.0,1,5238333,923718,0,0,,,,,,,,,,,,,
2026-07-12,NORWAY 1,Brann,Start,1.4,4.75,6.5,1.5,2.0,1.0,1,0.0,1.0,3.0,1,5104941,59,1,1,0.27,0.72,0,0,3,6,1,1,0,1,9,7,66
2026-07-12,BRAZIL 3,Inter de Limeira,Amazonas,1.57,3.7,5.7,2.18,1.0,0.0,1,3.0,2.0,11.0,1,1000009471,8971,0,0,,,,,,,,,,,,,
2026-07-12,ECUADOR 1,LDU Quito,Libertad,1.11,7.5,17.0,1.57,0.0,0.0,0,2.0,3.0,7.0,1,1000009016,246,1,0,,,2,0,7,1,3,1,2,0,12,3,68
2026-07-14,EUROPA CHAMPIONS LEAGUE,KuPS (FIN),Vardar (MKD),1.53,3.9,5.5,1.62,2.0,3.0,0,1.0,5.0,4.0,1,5785682,937348,0,0,,,,,,,,,,,,,
2026-07-14,EUROPA CHAMPIONS LEAGUE,Levski Sofia (BUL),Borac Banja Luka (BIH),1.33,4.1,8.0,2.0,4.0,0.0,1,0.0,5.0,9.0,1,5785686,937348,0,0,,,,,,,,,,,,,
2026-07-14,SCOTLAND CUP,Kilmarnock,Raith,1.48,4.1,5.25,1.62,0.0,0.0,0,1.0,4.0,8.0,1,5763484,936558,0,0,,,,,,,,,,,,,
2026-07-15,ECUADOR 1,Barcelona SC,Guayaquil City,1.46,3.9,5.75,2.08,1.0,1.0,0,0.0,3.0,4.0,1,1000009018,246,1,0,,,0,1,4,2,3,2,0,0,9,4,37
2026-07-15,EUROPA CHAMPIONS LEAGUE,Univ. Craiova (ROU),ML Vitebsk (BLR),1.42,4.33,7.0,1.57,1.0,0.0,1,4.0,4.0,7.0,1,5785684,937348,0,0,,,,,,,,,,,,,
2026-07-15,FINLAND 2,Jippo,Mikkeli,1.47,3.95,6.5,1.7,3.0,1.0,1,4.0,5.0,8.0,1,,,0,0,,,,,,,,,,,,,
2026-07-16,EUROPA CONFERENCE LEAGUE,Pyunik Yerevan (ARM),Marsaxlokk (MLT),1.2,6.5,9.0,1.57,1.0,0.0,1,1.0,3.0,9.0,1,5786639,937351,0,0,,,,,,,,,,,,,
2026-07-16,EUROPA CONFERENCE LEAGUE,Zalgiris (LTU),Petrovac (MNE),1.48,4.1,5.25,1.7,2.0,1.0,1,3.0,0.0,8.0,1,5786640,937351,0,0,,,,,,,,,,,,,
2026-07-16,EUROPA CONFERENCE LEAGUE,Dinamo Tbilisi (GEO),Mondorf (LUX),1.44,4.1,5.5,1.62,1.0,1.0,0,1.0,4.0,6.0,1,5786636,937351,0,0,,,,,,,,,,,,,
2026-07-16,EUROPA CONFERENCE LEAGUE,Shkendija (MKD),Europa FC (GIB),1.14,7.0,15.0,1.5,1.0,0.0,1,1.0,2.0,4.0,1,5786646,937351,0,0,,,,,,,,,,,,,
2026-07-17,PERU 1,Sporting Cristal,Deportivo Garcilaso,1.29,5.0,8.0,1.7,1.0,0.0,1,2.0,6.0,8.0,1,1000013494,131,1,0,,,1,0,10,0,6,0,4,0,21,3,65
2026-07-17,USA 1,Nashville SC,Atlanta Utd,1.53,4.33,5.25,1.67,1.0,0.0,1,0.0,1.0,2.0,1,5071215,913550,1,1,0.19,0.27,0,2,2,6,1,1,0,0,2,10,54
2026-07-18,ECUADOR 2,Gualaceo,22 de Julio,1.33,4.05,9.0,1.87,0.0,1.0,0,0.0,0.0,0.0,0,,,0,0,,,,,,,,,,,,,
2026-07-18,ICELAND 2,Throttur,Volsungur,1.19,6.7,10.0,1.19,1.0,0.0,1,0.0,6.0,1.0,1,5225816,216,0,0,,,,,,,,,,,,,
2026-07-18,BOLIVIA 1,Always Ready,Universitario de Vinto,1.09,10.0,17.0,1.2,4.0,0.0,1,2.0,5.0,8.0,1,1000010874,144,1,0,,,2,0,8,1,5,0,1,0,10,1,66
2026-07-18,SCOTLAND CUP,St Johnstone,Morton,1.04,13.0,51.0,1.4,3.0,0.0,1,1.0,4.0,4.0,1,5763418,936556,0,0,,,,,,,,,,,,,
2026-07-18,CHINA 1,Shanghai Shenhua,Tianjin Jinmen Tiger,1.42,4.75,5.5,1.44,0.0,2.0,0,3.0,1.0,8.0,1,5186555,920266,1,0,,,3,0,8,6,1,2,0,1,11,12,43
2026-07-18,SCOTLAND CUP,Ayr,Edinburgh City,1.18,7.0,9.0,1.53,2.0,0.0,1,0.0,2.0,3.0,1,,,0,0,,,,,,,,,,,,,
2026-07-19,SOUTH KOREA 2,Suwon Bluewings,Paju Frontier,1.27,4.75,8.5,1.65,0.0,0.0,0,4.0,0.0,4.0,1,5155846,920066,1,0,,,4,0,8,3,0,0,0,0,11,3,67
2026-07-19,SERBIA 1,Vojvodina,OFK Beograd Mozzart Bet,1.55,4.0,5.25,1.67,4.0,0.0,1,2.0,6.0,9.0,1,1000015069,182,1,0,,,2,0,9,1,6,0,0,0,11,2,48
2026-07-21,SCOTLAND CUP,Partick Thistle,Stenhousemuir,1.27,5.75,7.5,1.5,2.0,2.0,0,0.0,0.0,0.0,0,5763211,936555,0,0,,,,,,,,,,,,,
2026-07-21,SCOTLAND CUP,Kilmarnock,Hamilton,1.36,5.0,6.25,1.4,1.0,0.0,1,0.0,2.0,2.0,1,5763487,936558,0,0,,,,,,,,,,,,,
2026-07-22,USA 1,Nashville SC,CF Montreal,1.51,4.1,6.0,1.57,1.0,0.0,1,0.0,1.0,6.0,1,5071228,913550,1,1,0.97,0.00,0,0,6,0,1,1,2,0,10,5,70
2026-07-22,USA 2,Colorado Springs,Miami FC,1.44,4.4,5.7,1.55,2.0,0.0,1,3.0,3.0,9.0,1,5109842,8972,1,0,,,3,0,10,0,3,0,0,0,13,,69
2026-07-23,EUROPA CONFERENCE LEAGUE,Rijeka (CRO),Derry City (NIR),1.22,5.25,10.0,1.57,1.0,0.0,1,0.0,8.0,10.0,1,5789147,937351,0,0,,,,,,,,,,,,,
2026-07-23,EUROPA LEAGUE,Tromso (NOR),Hradec Kralove (CZE),1.4,4.75,6.25,1.75,0.0,1.0,0,2.0,3.0,8.0,1,5888324,937349,0,0,,,,,,,,,,,,,
2026-07-23,EUROPA LEAGUE,Qarabag (AZE),CSKA Sofia (BUL),1.5,4.2,5.5,1.8,0.0,0.0,0,3.0,1.0,4.0,1,5788577,937349,1,1,0.21,0.11,3,2,5,3,1,1,0,0,10,3,54
2026-07-23,EUROPA CONFERENCE LEAGUE,Dun. Streda (SVK),Velez Mostar (BIH),1.3,4.75,7.0,1.8,1.0,0.0,1,1.0,1.0,8.0,1,5789168,937351,1,1,0.49,0.12,1,0,8,3,1,0,0,0,11,3,69
2026-07-24,COLOMBIA 2,Quindio,Boca Juniors,1.52,3.8,5.9,2.02,0.0,1.0,0,4.0,2.0,7.0,1,1000013651,9125,0,0,,,,,,,,,,,,,
2026-07-24,WOM USA 1,Orlando Pride W,Chicago W,1.35,4.9,6.9,1.47,1.0,0.0,1,8.0,5.0,20.0,1,5161570,920228,1,1,2.64,0.13,7,1,20,2,5,1,3,0,41,3,57
2026-07-24,CHILE 1,Colo Colo,Limache,1.53,4.0,5.25,1.48,3.0,1.0,1,2.0,5.0,9.0,1,1000013173,273,1,0,,,2,0,9,2,5,2,1,0,10,5,71
2026-07-24,COLOMBIA 1,Dep. Cali,Jaguares de Cordoba,1.6,3.6,6.25,2.2,2.0,0.0,1,2.0,5.0,8.0,1,,,0,0,,,,,,,,,,,,,
2026-07-25,POLAND 1,Lech Poznan,Cracovia,1.57,3.9,5.0,1.62,0.0,0.0,0,2.0,5.0,8.0,1,5803902,937879,1,1,0.55,0.44,2,0,8,4,5,2,1,0,12,8,58
2026-07-25,VENEZUELA 2,Yaracuyanos,El Vigia,1.28,4.7,8.5,1.67,0.0,0.0,0,0.0,0.0,0.0,0,,,0,0,,,,,,,,,,,,,
2026-07-25,BRAZIL 4,Portuguesa,Uberlandia,1.53,3.7,6.1,2.18,1.0,0.0,1,1.0,2.0,6.0,1,1000017525,9464,0,0,,,,,,,,,,,,,
2026-07-25,ARGENTINA 3,Costa Brava,Deportivo Rincon,1.6,3.3,5.5,2.6,0.0,1.0,0,0.0,3.0,2.0,1,5238484,923720,0,0,,,,,,,,,,,,,
2026-07-25,MEXICO 1,Guadalajara Chivas,Juarez,1.35,4.75,8.0,1.53,1.0,0.0,1,3.0,8.0,11.0,1,1000014513,230,1,1,1.09,0.38,3,0,11,4,8,2,2,2,30,5,82
2026-07-25,SERBIA 1,OFK Beograd Mozzart Bet,Radnik,0.0,0.0,0.0,2.1,0.0,0.0,0,2.0,4.0,6.0,1,1000015081,182,1,0,,,2,1,6,2,4,0,1,1,11,4,53
2026-07-25,NORWAY 2,Stromsgodset,Lyn,1.27,6.25,8.5,1.2,1.0,1.0,0,4.0,6.0,8.0,1,5105194,203,0,0,,,,,,,,,,,,,
2026-07-25,BULGARIA 2,Yantra Gabrovo,Spartak Pleven,1.57,3.5,5.4,2.07,0.0,2.0,0,2.0,4.0,7.0,1,5874144,9096,0,0,,,,,,,,,,,,,
2026-07-25,SCOTLAND CUP,St Johnstone,East Fife,1.1,9.5,15.0,1.3,1.0,1.0,0,4.0,5.0,5.0,1,5763422,936556,0,0,,,,,,,,,,,,,
2026-07-25,SCOTLAND CUP,Dundee FC,Clyde,1.13,8.5,15.0,1.36,4.0,0.0,1,4.0,1.0,8.0,1,5762756,936554,0,0,,,,,,,,,,,,,
2026-07-25,SCOTLAND CUP,Arbroath,Stirling,1.36,4.75,6.25,1.48,1.0,0.0,1,1.0,2.0,1.0,1,5762587,936552,0,0,,,,,,,,,,,,,
2026-07-25,PERU 1,Sport Huancayo,Grau,1.5,4.0,6.0,1.98,2.0,0.0,1,3.0,3.0,13.0,1,,,0,0,,,,,,,,,,,,,
2026-07-26,UKRAINE 2,Kolos Kovalivka 2,Prykarpattya,0.0,0.0,0.0,0.0,1.0,0.0,1,0.0,0.0,0.0,0,,,0,0,,,,,,,,,,,,,
2026-07-26,UKRAINE 2,Kulikiv,Metalist Kharkiv,0.0,0.0,0.0,0.0,2.0,1.0,1,0.0,0.0,0.0,0,,,0,0,,,,,,,,,,,,,
2026-07-26,SWEDEN 1,GAIS,Halmstad,1.49,4.2,5.75,1.67,1.0,1.0,0,4.0,6.0,12.0,1,5107541,67,1,1,0.95,0.19,4,1,12,5,6,3,1,0,18,6,67
2026-07-26,SWITZERLAND 1,St. Gallen,Zurich,1.46,4.5,5.5,1.4,2.0,1.0,1,0.0,1.0,4.0,1,5804225,937880,1,1,0.17,0.56,0,1,4,7,1,3,0,2,10,8,44
2026-07-26,PERU 1,Cajamarca,Moquegua,1.57,3.7,6.0,1.85,0.0,0.0,0,3.0,3.0,8.0,1,1000015435,131,1,0,,,3,2,7,6,3,0,0,0,9,9,72
2026-07-26,BRAZIL 2,Criciuma,Nautico,1.49,3.8,6.5,1.98,0.0,0.0,0,4.0,3.0,7.0,1,5190635,8814,1,1,0.52,0.28,4,3,7,6,3,2,1,1,8,6,45
2026-07-26,ICELAND 1,Fram,Hafnarfjordur,1.57,4.55,4.45,1.25,0.0,0.0,0,2.0,5.0,10.0,1,,,0,0,,,,,,,,,,,,,
2026-07-26,BRAZIL 1,Bragantino,Coritiba,1.49,4.0,6.25,1.85,0.0,0.0,0,0.0,3.0,7.0,1,5103554,268,1,1,0.20,0.23,0,0,7,2,3,1,0,0,6,2,51
2026-07-26,BRAZIL 1,Flamengo RJ,Sao Paulo,1.39,4.5,7.5,1.8,1.0,1.0,0,2.0,0.0,4.0,1,5103560,268,1,1,0.69,0.12,2,0,4,2,0,1,1,0,8,9,50
2026-07-26,BRAZIL 1,Palmeiras,Atletico-MG,1.57,3.6,6.25,2.08,1.0,2.0,0,1.0,5.0,6.0,1,5103563,268,1,1,0.23,0.44,1,1,6,1,5,1,0,1,11,6,70
2026-07-27,ICELAND 1,KA Akureyri,Thor Akureyri,1.6,4.3,4.5,1.35,0.0,0.0,0,2.0,3.0,6.0,1,5225693,215,1,0,,,2,1,6,2,3,0,1,0,12,7,63
2026-07-27,WOM BRAZIL 1,Bahia W,Botafogo RJ W,1.31,4.9,8.75,1.57,2.0,1.0,1,2.0,2.0,5.0,1,,,0,0,,,,,,,,,,,,,
2026-07-27,ECUADOR 1,Mushuc Runa,Libertad,1.46,4.0,6.5,1.67,0.0,2.0,0,4.0,7.0,15.0,1,1000009047,246,1,0,,,4,0,15,1,7,1,3,0,16,2,55
2026-07-29,ICELAND 2,Fylkir,Volsungur,1.25,5.9,8.5,1.24,3.0,1.0,1,1.0,1.0,3.0,1,5225825,216,0,0,,,,,,,,,,,,,
2026-07-29,COPA SUDAMERICANA,Vasco (BRA),Ind. Medellin (COL),1.5,4.33,6.25,1.93,1.0,0.0,1,1.0,2.0,6.0,1,5702736,1000001658,1,0,,,1,0,6,2,2,2,0,0,14,2,63
2026-07-29,ECUADOR CUP,Ind. del Valle,Manta,1.18,6.1,12.5,1.47,1.0,0.0,1,1.0,4.0,6.0,1,,,0,0,,,,,,,,,,,,,
2026-07-29,COPA SUDAMERICANA,Bragantino (BRA),Sporting Cristal (PER),1.3,5.25,9.5,1.53,1.0,0.0,1,0.0,5.0,12.0,1,5702735,1000001658,1,0,,,0,1,12,3,5,0,0,0,6,2,58
2026-07-30,FINLAND 2,Jippo,JaPS,1.53,3.85,5.6,1.78,1.0,0.0,1,1.0,1.0,1.0,1,5163737,251,0,0,,,,,,,,,,,,,
2026-07-30,EUROPA CONFERENCE LEAGUE,GKS Katowice (POL),Zilina (SVK),1.55,4.1,5.0,1.67,3.0,1.0,1,3.0,5.0,12.0,1,5789207,937351,0,0,,,,,,,,,,,,,
2026-07-31,WALES 1,Barry,Cambrian United,1.4,4.1,6.0,1.73,2.0,1.0,1,0.0,1.0,1.0,1,5882024,938776,0,0,,,,,,,,,,,,,
2026-07-31,ROMANIA 1,FC Arges,Csikszereda M. Ciuc,1.57,3.4,5.25,2.25,1.0,0.0,1,1.0,2.0,6.0,1,5853449,938428,1,0,,,1,0,6,0,2,2,1,0,16,1,45
2026-07-31,IRELAND 1,Dundalk,Sligo Rovers,1.5,4.0,5.25,1.53,1.0,1.0,0,3.0,3.0,12.0,1,5100939,126,1,1,0.61,0.14,3,1,12,1,3,0,1,1,18,3,64
2026-07-31,PERU 2,Alianza Huanuco,Sport Huancayo 2,1.5,3.55,6.1,2.0,1.0,1.0,0,2.0,1.0,2.0,1,,,0,0,,,,,,,,,,,,,
2026-07-31,BOLIVIA 1,The Strongest,Aurora,1.37,4.75,6.25,1.57,1.0,1.0,0,3.0,2.0,7.0,1,1000011168,144,1,0,,,3,4,7,9,2,3,0,1,11,12,54
2026-07-31,VENEZUELA 1,Anzoategui FC,Dep. Tachira,0.0,0.0,0.0,0.0,0.0,3.0,0,0.0,0.0,0.0,0,1000018666,339,0,0,,,,,,,,,,,,,
2026-07-31,COLOMBIA 2,U. Magdalena,Orsomarso,1.37,4.2,8.25,1.95,0.0,0.0,0,3.0,4.0,3.0,1,1000013662,9125,0,0,,,,,,,,,,,,,
2026-08-01,SERBIA 2,Vozdovac,Dubocica,1.36,3.9,6.5,1.95,0.0,1.0,0,0.0,3.0,3.0,1,,,0,0,,,,,,,,,,,,,
2026-08-01,BRAZIL CUP,Santos,Remo,1.39,4.5,7.5,1.88,0.0,0.0,0,2.0,4.0,10.0,1,1000012448,9067,1,0,,,3,1,11,2,4,1,1,0,20,4,54
2026-08-01,WOM BRAZIL 1,Gremio W,America Mineiro W,1.21,5.9,12.0,1.52,1.0,0.0,1,3.0,3.0,7.0,1,,,0,0,,,,,,,,,,,,,
2026-08-01,SERBIA 2,TSC,Vrsac,1.2,4.75,10.5,1.91,1.0,0.0,1,0.0,2.0,4.0,1,,,0,0,,,,,,,,,,,,,
2026-08-01,AUSTRIA 1,Salzburg,Hartberg,1.3,5.0,9.0,1.48,1.0,0.0,1,5.0,11.0,22.0,1,5845953,938366,1,1,2.65,0.68,5,1,22,4,11,1,2,2,33,3,75
2026-08-01,SCOTLAND 2,Livingston,Queen's Park,1.48,3.75,5.75,1.95,2.0,0.0,1,4.0,7.0,11.0,1,5794295,937668,0,0,,,,,,,,,,,,,
2026-08-01,WALES 1,Haverfordwest,Airbus,1.3,4.6,6.5,1.57,0.0,1.0,0,1.0,3.0,5.0,1,5882029,938776,0,0,,,,,,,,,,,,,
2026-08-01,UKRAINE 1,FC Kharkiv,Veres-Rivne,1.25,4.5,7.5,1.95,1.0,0.0,1,3.0,2.0,4.0,1,5909115,940431,0,0,,,,,,,,,,,,,
2026-08-01,CHINA 1,Chengdu Rongcheng,Wuhan Three Towns,1.33,5.5,7.0,1.33,1.0,1.0,0,1.0,7.0,9.0,1,5186569,920266,1,0,,,1,2,9,6,7,1,3,1,19,5,59
2026-08-01,CZECH 1,Liberec,Teplice,1.57,3.7,5.25,1.88,0.0,1.0,0,0.0,0.0,2.0,1,5831119,938182,1,0,,,0,1,2,9,0,5,0,0,1,14,23
2026-08-02,PERU 2,Estudiantil CNI,Binacional,0.0,0.0,0.0,0.0,9.0,0.0,1,0.0,0.0,0.0,0,,,0,0,,,,,,,,,,,,,
2026-08-02,BRAZIL CUP,Palmeiras,Fortaleza,1.25,5.25,11.0,1.85,3.0,0.0,1,2.0,5.0,8.0,1,1000012450,9067,1,0,,,2,0,8,7,5,1,1,0,11,5,70
2026-08-02,ARGENTINA 3,Deportivo Rincon,Guillermo Brown,0.0,0.0,0.0,0.0,2.0,0.0,1,0.0,0.0,0.0,0,5978534,942187,0,0,,,,,,,,,,,,,
2026-08-02,SLOVENIA 1,O. Ljubljana,Aluminij,1.57,3.6,4.6,1.73,1.0,0.0,1,0.0,2.0,6.0,1,5833545,173,0,0,,,,,,,,,,,,,
2026-08-02,URUGUAY 2,Tacuarembo,River Plate,0.0,3.1,2.33,2.3,1.0,0.0,1,0.0,0.0,0.0,0,5952699,922761,0,0,,,,,,,,,,,,,
2026-08-02,ECUADOR 1,Ind. del Valle,Dep. Cuenca,1.25,5.5,8.5,1.67,1.0,0.0,1,5.0,3.0,12.0,1,1000009056,246,1,0,,,5,0,12,2,3,0,0,0,21,0,61
2026-08-02,CHILE 1,U. De Chile,Huachipato,1.46,4.33,5.75,1.6,2.0,0.0,1,6.0,6.0,19.0,1,1000013180,273,1,0,,,6,1,19,3,6,1,0,0,32,5,72
2026-08-02,PERU 1,Sporting Cristal,Juan Pablo II,1.25,5.5,11.0,1.53,2.0,0.0,1,2.0,3.0,7.0,1,1000017175,131,1,0,,,2,1,7,3,3,1,0,0,7,3,66
2026-08-02,NORWAY 2,Egersund,Sandnes,1.57,4.2,5.0,1.53,2.0,0.0,1,2.0,2.0,7.0,1,5105203,203,0,0,,,,,,,,,,,,,
2026-08-02,NORWAY 2,Kongsvinger,Strommen,1.29,5.75,8.0,1.25,1.0,3.0,0,2.0,1.0,8.0,1,5105205,203,0,0,,,,,,,,,,,,,
2026-08-02,WOM BRAZIL 1,Palmeiras W,Internacional W,1.4,4.35,7.2,1.8,2.0,1.0,1,3.0,6.0,9.0,1,,,0,0,,,,,,,,,,,,,
2026-08-02,DENMARK 1,Nordsjaelland,Randers FC,1.53,4.1,5.25,1.5,1.0,0.0,1,2.0,7.0,7.0,1,5739471,935487,1,1,1.40,0.31,2,2,7,5,7,1,4,0,26,6,70
2026-08-02,SOUTH KOREA 1,Daejeon,Gwangju FC,1.53,3.9,5.5,1.8,2.0,0.0,1,4.0,5.0,10.0,1,5139985,919356,1,1,1.03,0.10,3,1,11,3,5,0,2,0,20,2,73
2026-08-02,BULGARIA 2,Dobrudzha,Svoge,1.42,3.95,6.5,1.8,0.0,0.0,0,1.0,1.0,3.0,1,5874146,9096,0,0,,,,,,,,,,,,,
2026-08-03,SERBIA 1,Vojvodina,Macva,1.25,6.5,7.5,1.57,2.0,0.0,1,1.0,1.0,5.0,1,1000015083,182,1,0,,,1,1,5,4,1,3,2,0,8,5,70
2026-08-03,SCOTLAND 1,Celtic,Dundee FC,1.11,9.5,13.0,1.3,1.0,0.0,1,1.0,6.0,10.0,1,5793903,937650,1,1,1.21,0.32,1,1,10,6,6,3,2,0,17,12,66
2026-08-03,ECUADOR 1,LDU Quito,Delfin,1.27,5.0,10.0,1.7,2.0,1.0,1,1.0,4.0,10.0,1,1000009054,246,1,0,,,1,1,10,4,4,1,0,0,21,5,68
2026-08-04,CHILE CUP,Nublense,Rangers,1.53,4.2,4.75,1.9,1.0,0.0,1,4.0,3.0,15.0,1,5874697,920448,0,0,,,,,,,,,,,,,
2026-08-04,EUROPA CHAMPIONS LEAGUE,Olympiacos Piraeus (GRE),Nijmegen (NED),1.6,4.0,4.75,1.62,0.0,0.0,0,4.0,4.0,7.0,1,5954868,937348,1,1,0.40,0.83,4,2,7,6,4,2,0,1,12,4,56
2026-08-04,EUROPA CHAMPIONS LEAGUE,Levski Sofia (BUL),Kairat Almaty (KAZ),1.57,3.4,6.25,2.35,1.0,0.0,1,2.0,6.0,8.0,1,5954864,937348,0,0,,,,,,,,,,,,,
2026-08-05,BOLIVIA 1,GV San Jose,SA Bulo Bulo,1.49,4.75,4.75,1.3,0.0,0.0,0,2.0,1.0,6.0,1,,,0,0,,,,,,,,,,,,,
2026-08-05,COLOMBIA 1,Inter Bogotá,Jaguares de Cordoba,1.55,3.75,6.5,2.1,1.0,0.0,1,5.0,4.0,12.0,1,1000014068,274,1,1,1.12,0.18,5,0,12,1,4,1,1,0,12,3,60
2026-08-06,EUROPA LEAGUE,Salzburg (AUT),Pafos (CYP),1.42,4.75,5.5,1.53,1.0,0.0,1,1.0,8.0,8.0,1,5955037,937349,1,1,0.47,0.03,1,1,8,2,8,0,0,0,18,2,63
2026-08-06,EUROPA LEAGUE,Lech Poznan (POL),Klaksvik (FAI),1.14,6.5,17.0,1.5,1.0,0.0,1,3.0,2.0,9.0,1,5955026,937349,0,0,,,,,,,,,,,,,
2026-08-06,ENGLAND CUP,Bristol City,Walsall,1.3,4.75,9.0,1.6,0.0,1.0,0,5.0,5.0,14.0,1,5840307,938221,1,1,1.31,0.90,5,4,14,5,5,4,1,3,23,6,70
2026-08-06,EUROPA CONFERENCE LEAGUE,Hibernian (SCO),Shkendija (MKD),1.44,4.1,6.25,1.9,2.0,1.0,1,1.0,1.0,8.0,1,5955341,937351,0,0,,,,,,,,,,,,,
2026-08-06,ECUADOR 2,Ind. Juniors,22 de Julio,1.14,6.15,13.5,1.48,2.0,0.0,1,4.0,3.0,10.0,1,,,0,0,,,,,,,,,,,,,
2026-08-06,MEXICO 2,Tlaxcala,Alebrijes Oaxaca,1.6,3.85,4.8,1.65,0.0,2.0,0,0.0,1.0,1.0,1,5898674,939530,0,0,,,,,,,,,,,,,
2026-08-07,ARGENTINA 1,Rosario Central,Aldosivi,1.56,3.5,7.0,2.3,2.0,1.0,1,0.0,2.0,13.0,1,5115928,916957,1,1,0.71,0.13,0,1,13,5,2,2,1,0,21,6,75
2026-08-07,ARGENTINA 1,Ind. Rivadavia,Estudiantes Rio Cuarto,1.42,3.8,9.5,2.25,2.0,1.0,1,0.0,2.0,9.0,1,5115926,916957,1,1,0.55,0.16,0,1,9,2,2,2,1,0,7,3,71
2026-08-07,BOLIVIA 1,Academia del Balompie,Guabira,1.53,4.33,4.5,1.33,0.0,1.0,0,0.0,1.0,4.0,1,,,0,0,,,,,,,,,,,,,
2026-08-07,CHILE 1,U. Catolica,Cobresal,1.3,5.25,8.0,1.53,2.0,0.0,1,2.0,4.0,8.0,1,1000013189,273,1,0,,,2,1,8,3,4,1,1,0,16,2,56
2026-08-07,IRELAND 1,Derry City,Sligo Rovers,1.33,4.75,7.0,1.73,2.0,0.0,1,2.0,2.0,10.0,1,5100942,126,1,1,0.68,0.00,2,0,10,0,2,2,1,0,22,,62
2026-08-07,SOUTH KOREA 2,Suwon Bluewings,Gimhae,1.3,4.33,9.0,1.67,1.0,0.0,1,2.0,4.0,8.0,1,5155868,920066,1,0,,,2,0,8,2,4,2,0,0,9,2,58
2026-08-07,NORTHERN IRELAND 2,Strabane Athletic,Institute,0.0,0.0,0.0,0.0,0.0,1.0,0,0.0,0.0,0.0,0,,,0,0,,,,,,,,,,,,,
2026-08-08,ARGENTINA 1,Instituto,Gimnasia Mendoza,1.56,3.6,6.5,2.2,1.0,0.0,1,2.0,2.0,3.0,1,5115927,916957,1,1,0.39,0.05,2,0,3,2,2,0,1,0,12,3,44
2026-08-08,VENEZUELA 2,Yaracuyanos,Frontera,1.33,4.0,6.5,1.65,2.0,0.0,1,0.0,0.0,0.0,0,,,0,0,,,,,,,,,,,,,
2026-08-08,NETHERLANDS 1,AZ Alkmaar,Den Haag,1.36,5.0,8.0,1.4,2.0,0.0,1,2.0,7.0,6.0,1,5781699,937276,1,1,0.86,0.23,2,0,6,2,7,3,1,0,15,5,60
2026-08-08,BOSNIA 1,FK Sarajevo,Radnik Bijeljina,1.45,3.95,7.0,2.07,0.0,0.0,0,2.0,1.0,4.0,1,5927564,940873,0,0,,,,,,,,,,,,,
2026-08-08,GERMANY 2,Wolfsburg,Kaiserslautern,1.57,4.33,5.0,1.44,0.0,0.0,0,4.0,6.0,12.0,1,5881635,146,1,1,1.13,0.33,4,1,12,4,6,0,1,2,10,5,67
2026-08-08,ARGENTINA 2,CA Estudiantes,Deportivo Madryn,0.0,0.0,0.0,3.1,0.0,1.0,0,2.0,5.0,3.0,1,5113401,916553,0,0,,,,,,,,,,,,,
2026-08-08,UKRAINE 1,Bukovyna,Obolon,1.6,3.4,4.6,2.1,0.0,0.0,0,2.0,4.0,6.0,1,5909121,940431,0,0,,,,,,,,,,,,,
2026-08-08,NORTHERN IRELAND 1,Glentoran,Limavady,1.27,5.1,9.5,1.47,2.0,0.0,1,3.0,2.0,9.0,1,5847397,938371,0,0,,,,,,,,,,,,,
2026-08-08,NORTHERN IRELAND 2,Armagh,Queens Univ.,0.0,0.0,0.0,0.0,1.0,1.0,0,0.0,0.0,0.0,0,,,0,0,,,,,,,,,,,,,
2026-08-08,COLOMBIA 1,Santa Fe,Chico,1.33,4.5,9.5,2.0,2.0,0.0,1,0.0,1.0,2.0,1,1000014082,274,1,1,0.24,0.69,0,0,2,3,1,0,0,2,8,8,54
2026-08-08,NORTHERN IRELAND 2,Ballinamallard,Newry City,0.0,0.0,0.0,0.0,0.0,1.0,0,0.0,0.0,0.0,0,,,0,0,,,,,,,,,,,,,
2026-08-08,NORTHERN IRELAND 2,Glenavon,Ards,0.0,0.0,0.0,0.0,1.0,3.0,0,0.0,0.0,0.0,0,,,0,0,,,,,,,,,,,,,
2026-08-08,NORTHERN IRELAND 2,H&W Welders,Warrenpoint,1.34,5.0,6.9,1.42,3.0,0.0,1,0.0,0.0,0.0,0,,,0,0,,,,,,,,,,,,,
2026-08-08,NORTHERN IRELAND 2,Newington,Annagh,0.0,0.0,0.0,0.0,4.0,1.0,1,0.0,0.0,0.0,0,,,0,0,,,,,,,,,,,,,
2026-08-08,ENGLAND CUP,Watford,Crawley,1.27,5.25,9.0,1.5,1.0,0.0,1,6.0,8.0,16.0,1,5840310,938221,1,1,1.62,0.58,6,3,16,5,8,0,3,1,27,6,61
2026-08-08,ENGLAND CUP,Stoke,Oldham,1.37,5.25,6.0,1.57,2.0,0.0,1,1.0,0.0,6.0,1,5840294,938221,1,1,0.59,0.57,1,3,6,5,0,2,1,2,12,12,63
2026-08-08,ENGLAND CUP,Salford,Shrewsbury,1.56,3.8,5.5,1.85,1.0,1.0,0,2.0,2.0,8.0,1,5840300,938221,1,1,0.89,0.39,2,1,8,6,2,2,2,1,18,12,63
2026-08-08,ENGLAND CUP,AFC Wimbledon,Newport,1.57,3.9,5.0,1.75,1.0,1.0,0,3.0,2.0,9.0,1,5840319,938221,1,1,0.50,0.19,3,1,9,6,2,2,1,0,11,13,56
2026-08-08,POLAND 2,Stal Mielec,S. Rzeszow,1.45,4.0,5.75,1.5,1.0,1.0,0,0.0,2.0,3.0,1,5862041,197,0,0,,,,,,,,,,,,,
2026-08-08,NORTHERN IRELAND 2,Rathfriland,Loughgall,0.0,0.0,0.0,0.0,1.0,3.0,0,0.0,0.0,0.0,0,,,0,0,,,,,,,,,,,,,
2026-08-09,URUGUAY 1,Nacional,Boston River,1.42,3.8,7.0,1.85,1.0,2.0,0,1.0,7.0,5.0,1,5991380,942853,0,0,,,,,,,,,,,,,
2026-08-09,WOM BRAZIL 1,Sao Paulo W,Bragantino W,1.5,4.15,5.9,1.91,1.0,0.0,1,4.0,2.0,6.0,1,,,0,0,,,,,,,,,,,,,
2026-08-09,ARGENTINA 2,Quilmes,Almagro,1.53,3.3,8.0,2.6,1.0,1.0,0,1.0,5.0,4.0,1,5113037,916553,0,0,,,,,,,,,,,,,
2026-08-09,BRAZIL 1,Palmeiras,Internacional,1.53,4.1,5.75,1.7,0.0,0.0,0,1.0,1.0,7.0,1,5103577,268,1,1,0.30,0.24,1,2,7,7,1,1,0,0,8,5,54
2026-08-09,ARGENTINA 2,Colon Santa Fe,San Telmo,1.45,4.0,7.0,2.25,1.0,0.0,1,1.0,5.0,4.0,1,5113403,916553,0,0,,,,,,,,,,,,,
2026-08-09,SERBIA 1,Vojvodina,Radnik,1.33,4.75,9.0,1.8,2.0,1.0,1,2.0,7.0,8.0,1,1000015096,182,1,0,,,2,1,8,2,7,1,0,0,19,1,65
2026-08-09,BULGARIA 2,Vihren,Chernomorets 1919,1.57,3.6,5.2,1.91,1.0,1.0,0,6.0,4.0,8.0,1,5874161,9096,0,0,,,,,,,,,,,,,
2026-08-09,PERU 2,Ayacucho,Estudiantil CNI,1.5,3.75,5.0,2.2,1.0,0.0,1,2.0,5.0,8.0,1,,,0,0,,,,,,,,,,,,,
2026-08-09,POLAND 1,Lech Poznan,Piast Gliwice,1.5,4.33,5.0,1.53,3.0,0.0,1,2.0,4.0,10.0,1,5803935,937879,1,1,0.88,1.36,2,2,10,10,4,0,1,1,12,10,48
2026-08-09,BULGARIA 2,Svoge,Pirin Blagoevgrad,1.5,3.7,5.9,1.95,1.0,0.0,1,2.0,2.0,2.0,1,5874160,9096,0,0,,,,,,,,,,,,,
2026-08-09,CZECH 1,Slavia Prague,FK Pardubice,1.22,5.75,11.0,1.48,2.0,1.0,1,2.0,2.0,18.0,1,5831130,938182,1,0,,,2,1,18,1,2,2,2,0,29,2,75
2026-08-09,CHINA 1,Henan Songshan Longmen,Qingdao West Coast,1.51,4.0,5.75,1.67,0.0,0.0,0,1.0,4.0,6.0,1,5186578,920266,1,0,,,1,0,6,4,4,2,1,0,7,6,58
2026-08-09,BELGIUM 1,Anderlecht,RAAL La Louviere,1.6,3.7,5.0,1.95,2.0,1.0,1,2.0,3.0,13.0,1,5811717,937988,1,1,1.03,0.17,2,0,13,2,3,0,2,0,32,4,75
2026-08-10,ENGLAND CUP,Plymouth,Exeter,1.39,4.5,6.5,1.62,2.0,0.0,1,3.0,2.0,10.0,1,5840308,938221,1,1,0.85,0.14,3,0,10,3,2,0,0,0,16,4,60
2026-08-11,NORTHERN IRELAND 2,Annagh,Rathfriland,0.0,0.0,0.0,0.0,4.0,2.0,1,0.0,0.0,0.0,0,,,0,0,,,,,,,,,,,,,
2026-08-11,NORTHERN IRELAND 2,Ards,Dundela,1.53,3.6,5.0,1.73,2.0,2.0,0,0.0,0.0,0.0,0,,,0,0,,,,,,,,,,,,,
2026-08-11,NORTHERN IRELAND 2,Institute,Ballinamallard,1.6,3.5,4.5,1.8,1.0,2.0,0,0.0,0.0,0.0,0,,,0,0,,,,,,,,,,,,,
2026-08-11,EUROPA CHAMPIONS LEAGUE,Celje (SLO),Ararat-Armenia (ARM),1.44,4.5,6.25,1.6,2.0,0.0,1,2.0,4.0,4.0,1,5954876,937348,0,0,,,,,,,,,,,,,
2026-08-11,NORTHERN IRELAND 2,Warrenpoint,Armagh,0.0,0.0,0.0,0.0,2.0,0.0,1,0.0,0.0,0.0,0,,,0,0,,,,,,,,,,,,,
2026-08-11,EUROPA CHAMPIONS LEAGUE,Crvena zvezda (SRB),H. Beer Sheva (ISR),1.22,6.25,10.0,1.44,0.0,2.0,0,0.0,0.0,5.0,1,5954877,937348,0,0,,,,,,,,,,,,,
2026-08-11,NORTHERN IRELAND 2,Newry City,Glenavon,0.0,0.0,0.0,0.0,1.0,4.0,0,0.0,0.0,0.0,0,,,0,0,,,,,,,,,,,,,
2026-08-12,ARGENTINA 3,Alvarado,Huracan Las Heras,1.47,3.3,6.5,2.6,1.0,0.0,1,2.0,5.0,5.0,1,5978470,942185,0,0,,,,,,,,,,,,,
2026-08-12,COPA LIBERTADORES,Palmeiras (BRA),Cerro Porteno (PAR),1.25,5.5,10.0,2.08,1.0,1.0,0,6.0,6.0,12.0,1,1000012917,1000001638,1,1,0.77,0.08,6,0,12,2,6,1,1,1,19,3,65
2026-08-12,CHILE 2,San Marcos de Arica,San Felipe,1.33,4.1,6.5,1.91,0.0,1.0,0,0.0,0.0,0.0,0,1000007270,9126,0,0,,,,,,,,,,,,,
2026-08-12,CHILE 2,Antofagasta,S. Wanderers,1.44,4.0,5.0,1.65,0.0,0.0,0,3.0,2.0,7.0,1,1000007269,9126,0,0,,,,,,,,,,,,,
2026-08-13,EUROPA CONFERENCE LEAGUE,Hajduk Split (CRO),Zalgiris (LTU),1.33,5.25,7.0,1.53,4.0,0.0,1,2.0,5.0,8.0,1,5955354,937351,0,0,,,,,,,,,,,,,
2026-08-13,ICELAND 2,Kopavogur,Leiknir,1.36,4.5,5.5,1.29,2.0,1.0,1,0.0,3.0,3.0,1,,,0,0,,,,,,,,,,,,,
2026-08-13,ECUADOR 2,Vinotinto,LDU Portoviejo,1.55,3.4,5.5,2.4,0.0,0.0,0,1.0,3.0,7.0,1,,,0,0,,,,,,,,,,,,,
2026-08-13,MEXICO 2,Alebrijes Oaxaca,Tepatitlan de Morelos,1.55,3.9,4.4,1.5,1.0,0.0,1,1.0,2.0,4.0,1,5898683,939530,0,0,,,,,,,,,,,,,
2026-08-14,WOM USA 1,Seattle Reign W,Chicago W,1.42,4.6,6.0,1.36,1.0,0.0,1,2.0,7.0,9.0,1,5161600,920228,1,1,0.97,0.35,2,2,11,5,7,2,2,1,17,5,63
2026-08-14,POLAND 2,Ruch Chorzow,Lechia Gdansk,1.5,3.9,5.0,1.62,1.0,0.0,1,2.0,6.0,12.0,1,5861892,197,0,0,,,,,,,,,,,,,
2026-08-14,BOLIVIA 1,Universitario de Vinto,Tomayapo,1.51,4.1,5.0,1.57,0.0,1.0,0,0.0,2.0,6.0,1,6000043,144,1,0,,,0,2,6,7,2,1,0,0,12,5,68
2026-08-14,WALES 1,TNS,Briton Ferry,1.06,8.5,14.0,1.29,1.0,0.0,1,2.0,2.0,5.0,1,,,0,0,,,,,,,,,,,,,
2026-08-14,TURKEY 1,Galatasaray,Corum,1.33,5.0,7.5,1.53,2.0,2.0,0,3.0,5.0,16.0,1,5904710,71,1,1,1.30,0.23,3,0,16,3,5,0,3,1,20,7,64
2026-08-14,BULGARIA 2,Fratria,Beroe,1.57,3.3,5.0,2.25,2.0,0.0,1,1.0,3.0,4.0,1,5874166,9096,0,0,,,,,,,,,,,,,
2026-08-14,CHINA 2,Shaanxi Union,Changchun Yatai,1.36,4.33,6.0,1.6,2.0,1.0,1,2.0,1.0,8.0,1,5207192,920267,0,0,,,,,,,,,,,,,
2026-08-14,FRANCE 2,Nancy,Montpellier,0.0,0.0,0.0,2.08,0.0,1.0,0,1.0,4.0,8.0,1,5803223,110,1,1,0.41,0.55,1,2,8,9,4,4,0,0,16,17,44
2026-08-15,TURKEY 2,Karagumruk,Umraniyespor,1.55,3.5,5.25,2.03,2.0,1.0,1,2.0,1.0,8.0,1,5908585,165,1,0,,,2,2,8,5,1,1,2,1,19,10,42
2026-08-15,USA 1,Los Angeles FC,San Diego FC,0.0,0.0,0.0,1.44,0.0,1.0,0,1.0,2.0,3.0,1,,,0,0,,,,,,,,,,,,,
2026-08-15,USA 1,Colorado Rapids,Sporting Kansas City,1.45,4.5,6.0,1.48,2.0,0.0,1,1.0,4.0,14.0,1,5071267,913550,1,1,1.15,0.42,1,3,14,5,4,1,3,2,21,4,70
2026-08-15,USA 2,Detroit,Loudoun,1.55,3.8,4.6,1.65,0.0,0.0,0,0.0,3.0,5.0,1,5109885,8972,1,0,,,0,0,5,1,3,0,0,0,6,7,57
2026-08-15,PERU 2,Minas,Ayacucho,1.5,3.6,5.5,2.1,3.0,1.0,1,0.0,1.0,0.0,1,,,0,0,,,,,,,,,,,,,
2026-08-15,AUSTRIA 1,Sturm Graz,Altach,1.57,3.9,5.25,1.7,1.0,0.0,1,0.0,4.0,7.0,1,5845965,938366,1,1,0.86,1.36,0,4,7,9,4,5,2,5,10,19,58
2026-08-15,SERBIA 2,Javor,Vrsac,1.5,3.6,5.0,2.0,1.0,2.0,0,3.0,4.0,6.0,1,,,0,0,,,,,,,,,,,,,
2026-08-15,NORTHERN IRELAND 2,Rathfriland,Newry City,0.0,0.0,0.0,0.0,1.0,2.0,0,0.0,0.0,0.0,0,,,0,0,,,,,,,,,,,,,
2026-08-15,SLOVAKIA 2,Z. Moravce-Vrable,Zilina B,1.57,3.9,4.33,1.57,0.0,0.0,0,4.0,6.0,11.0,1,5820707,938006,0,0,,,,,,,,,,,,,
2026-08-15,JAPAN 1,Okayama,V-Varen Nagasaki,1.53,3.9,5.5,1.98,1.0,0.0,1,1.0,2.0,9.0,1,5803534,937875,1,1,0.36,0.20,1,0,9,1,2,0,0,1,10,3,58
2026-08-15,NORTHERN IRELAND 2,Moyola,Ballinamallard,0.0,0.0,0.0,0.0,2.0,0.0,1,0.0,0.0,0.0,0,,,0,0,,,,,,,,,,,,,
2026-08-15,NORTHERN IRELAND 2,Warrenpoint,Ards,0.0,0.0,0.0,0.0,1.0,3.0,0,0.0,0.0,0.0,0,,,0,0,,,,,,,,,,,,,
2026-08-15,NORTHERN IRELAND 2,Glenavon,Strabane Athletic,0.0,0.0,0.0,0.0,4.0,1.0,1,0.0,0.0,0.0,0,,,0,0,,,,,,,,,,,,,
2026-08-15,NORTHERN IRELAND 2,H&W Welders,Armagh,0.0,0.0,0.0,0.0,1.0,0.0,1,0.0,0.0,0.0,0,,,0,0,,,,,,,,,,,,,
2026-08-15,BELGIUM 1,Royale Union SG,Waregem,1.45,4.1,6.5,1.73,0.0,0.0,0,0.0,4.0,3.0,1,,,0,0,,,,,,,,,,,,,
2026-08-15,FINLAND 2,Jippo,SJK Akatemia,1.33,4.2,6.5,1.65,0.0,1.0,0,2.0,7.0,12.0,1,5163747,251,0,0,,,,,,,,,,,,,
2026-08-15,GERMANY 3,RW Essen,TSV Havelse,1.27,6.0,7.5,1.29,1.0,0.0,1,1.0,5.0,12.0,1,5905864,208,1,0,,,4,0,16,1,5,2,3,0,16,4,64
2026-08-15,ROMANIA 2,Politehnica Timisoara,Unirea Slobozia,1.36,3.9,6.0,1.85,1.0,0.0,1,1.0,1.0,6.0,1,5976848,942122,0,0,,,,,,,,,,,,,
2026-08-15,SCOTLAND 3,East Kilbride,Cove Rangers,1.44,4.33,5.25,1.44,3.0,0.0,1,1.0,6.0,8.0,1,5794524,937670,0,0,,,,,,,,,,,,,
2026-08-16,ITALY CUP,Lazio,Mantova,1.24,5.5,11.0,1.57,0.0,2.0,0,2.0,1.0,9.0,1,5852782,938423,1,1,0.69,0.44,2,5,9,10,1,3,1,0,10,10,70
2026-08-16,URUGUAY 1,Penarol,Central Esp.,1.4,4.1,6.25,2.1,2.0,1.0,1,4.0,4.0,7.0,1,6002833,942853,0,0,,,,,,,,,,,,,
2026-08-16,CHILE 1,Colo Colo,O'Higgins,1.56,3.8,5.25,1.6,2.0,2.0,0,2.0,7.0,5.0,1,1000013196,273,1,0,,,2,1,5,4,7,3,1,1,9,8,61
2026-08-16,BOLIVIA 1,Always Ready,Real Potosi,1.39,4.75,6.5,1.48,1.0,1.0,0,3.0,4.0,7.0,1,6000048,144,1,0,,,3,1,7,5,4,2,0,0,6,5,65
2026-08-16,PERU 2,Tacna Heroica,Sport Huancayo 2,1.55,3.5,5.0,2.1,1.0,0.0,1,0.0,5.0,4.0,1,,,0,0,,,,,,,,,,,,,
2026-08-16,SPAIN 2,Girona,Leganes,1.49,3.75,7.0,2.05,1.0,1.0,0,1.0,1.0,7.0,1,5868398,938653,1,1,0.44,0.00,0,0,7,0,1,0,0,0,13,1,65
2026-08-16,SLOVAKIA 1,Trnava,Michalovce,1.5,3.9,5.0,1.73,2.0,0.0,1,2.0,3.0,6.0,1,5772158,936918,1,0,,,1,0,6,2,3,1,2,0,18,5,50
2026-08-16,BOSNIA 2,Tomislav,GOSK Gabela,0.0,0.0,0.0,0.0,0.0,3.0,0,0.0,0.0,0.0,0,,,0,0,,,,,,,,,,,,,
2026-08-16,ARGENTINA 3,Costa Brava,Guillermo Brown,1.57,3.2,6.0,2.88,1.0,0.0,1,1.0,0.0,2.0,1,5978549,942187,0,0,,,,,,,,,,,,,
2026-08-16,DENMARK 1,Nordsjaelland,Silkeborg,1.33,5.0,7.5,1.33,1.0,0.0,1,2.0,4.0,9.0,1,5739481,935487,1,1,1.13,0.06,2,0,9,2,4,0,2,0,25,2,50
2026-08-17,ESTONIA 2,Nomme Utd U21,Nomme Kalju U21,1.33,5.0,5.0,1.11,2.0,0.0,1,5.0,4.0,12.0,1,,,0,0,,,,,,,,,,,,,
2026-08-19,SERBIA 2,Borac 1926,Proleter 023,1.53,3.5,5.0,2.0,2.0,1.0,1,2.0,3.0,9.0,1,,,0,0,,,,,,,,,,,,,
2026-08-19,SPAIN 1,Atl. Madrid,Malaga,1.45,4.6,7.0,1.67,2.0,0.0,1,1.0,3.0,4.0,1,5868012,87,1,1,0.10,0.06,1,0,4,2,3,0,0,0,19,7,49
2026-08-19,COPA SUDAMERICANA,Santa Fe (COL),River Plate (ARG),0.0,0.0,0.0,2.7,0.0,0.0,0,3.0,2.0,4.0,1,1000013056,1000001655,1,0,,,3,2,4,3,2,2,0,0,4,4,39
2026-08-19,USA 1,Seattle Sounders,Austin FC,1.49,4.33,5.75,1.53,1.0,2.0,0,0.0,3.0,4.0,1,5071289,913550,1,1,0.21,0.20,0,1,4,4,3,3,0,0,3,11,36
2026-08-20,COPA LIBERTADORES,Corinthians (BRA),Rosario Central (ARG),0.0,0.0,0.0,3.4,1.0,0.0,1,2.0,3.0,6.0,1,1000012927,1000001638,1,1,0.29,0.04,2,0,6,2,3,5,0,0,8,4,55
2026-08-20,COPA LIBERTADORES,LDU Quito (ECU),Mirassol (BRA),1.53,3.8,7.5,2.3,0.0,0.0,0,1.0,3.0,7.0,1,1000012919,1000001638,1,1,0.61,0.19,1,0,7,5,3,0,2,0,3,7,67
2026-08-20,EUROPA CONFERENCE LEAGUE,Rangers (SCO),Jablonec (CZE),1.5,4.2,6.0,1.9,1.0,0.0,1,2.0,2.0,6.0,1,5988067,937351,1,1,0.28,0.02,2,1,6,1,2,1,2,0,10,3,67
2026-08-20,EUROPA CONFERENCE LEAGUE,Twente (NED),Qarabag (AZE),1.42,4.33,6.25,1.5,0.0,1.0,0,1.0,4.0,7.0,1,5988072,937351,1,1,0.21,0.15,1,2,7,4,4,2,0,0,9,8,45
2026-08-20,EUROPA CONFERENCE LEAGUE,Atalanta (ITA),Hapoel Tel Aviv (ISR),1.17,6.25,13.0,1.5,0.0,0.0,0,3.0,1.0,4.0,1,5988065,937351,1,1,0.34,0.56,3,1,4,1,1,1,0,1,7,3,68
2026-08-20,EUROPA CONFERENCE LEAGUE,PAOK (GRE),Brann (NOR),1.48,4.0,6.5,1.8,1.0,1.0,0,3.0,3.0,16.0,1,,,0,0,,,,,,,,,,,,,
2026-08-20,EUROPA CONFERENCE LEAGUE,Panathinaikos (GRE),Hradec Kralove (CZE),1.45,4.1,6.25,1.95,2.0,2.0,0,1.0,3.0,9.0,1,5988062,937351,0,0,,,,,,,,,,,,,
2026-08-21,SLOVENIA 1,O. Ljubljana,Nafta,1.55,3.7,4.75,1.85,1.0,0.0,1,6.0,5.0,15.0,1,5833561,173,0,0,,,,,,,,,,,,,
2026-08-21,MEXICO 1,Tigres UANL,Atlante,1.51,4.33,5.5,1.62,2.0,0.0,1,1.0,3.0,9.0,1,1000014540,230,1,1,0.49,0.04,1,1,9,1,3,1,0,0,6,3,64
2026-08-21,COLOMBIA 1,Alianza,Pereira,1.6,3.6,6.0,2.1,0.0,0.0,0,1.0,1.0,7.0,1,1000014101,274,1,1,0.59,0.57,1,2,7,4,1,3,0,0,5,7,53
2026-08-21,ECUADOR 2,Dep. Santo Domingo,Vinotinto,0.0,0.0,0.0,0.0,0.0,0.0,0,0.0,0.0,0.0,0,,,0,0,,,,,,,,,,,,,
2026-08-21,URUGUAY 1,Liverpool M.,CA Cerro,1.6,3.5,5.0,2.2,4.0,0.0,1,0.0,7.0,8.0,1,6012146,942853,0,0,,,,,,,,,,,,,
2026-08-21,BULGARIA 1,Cherno More,Dunav Ruse,1.53,3.9,5.75,2.2,3.0,1.0,1,2.0,5.0,7.0,1,5760469,936550,0,0,,,,,,,,,,,,,
2026-08-21,JAPAN 1,FC Tokyo,Chiba,1.46,4.5,5.75,1.6,2.0,0.0,1,2.0,1.0,11.0,1,5803538,937875,1,1,1.65,0.02,2,0,11,1,1,0,1,0,23,,73
2026-08-21,EGYPT 1,Zamalek,Al Ittihad,1.42,4.1,7.8,2.0,0.0,0.0,0,0.0,3.0,7.0,1,5995572,943009,1,1,0.54,0.18,0,2,7,5,3,0,0,0,20,1,58
2026-08-21,DENMARK 2,Fredericia,Aarhus Fremad,1.51,4.0,5.5,1.62,0.0,0.0,0,3.0,6.0,7.0,1,5764581,936592,1,0,,,3,0,7,6,6,3,0,0,13,13,47
2026-08-21,CZECH 2,Karvina,Zizkov,1.38,4.75,6.25,1.44,3.0,0.0,1,5.0,5.0,14.0,1,1000015681,253,0,0,,,,,,,,,,,,,
2026-08-21,SAUDI ARABIA 1,Al-Faisaly,Neom SC,0.0,0.0,0.0,1.65,0.0,2.0,0,1.0,0.0,3.0,1,5970093,536,1,1,0.26,0.10,1,1,3,1,0,0,0,0,3,6,57
2026-08-22,FRANCE 4,USLPV,Racing CFF,0.0,0.0,0.0,0.0,2.0,4.0,0,0.0,0.0,0.0,0,,,0,0,,,,,,,,,,,,,
2026-08-22,FRANCE 4,Chateaubriant,Avranches,0.0,0.0,0.0,0.0,0.0,3.0,0,0.0,0.0,0.0,0,,,0,0,,,,,,,,,,,,,
2026-08-22,FRANCE 4,Lorient II,Chauray,0.0,0.0,0.0,0.0,3.0,1.0,1,0.0,0.0,0.0,0,,,0,0,,,,,,,,,,,,,
2026-08-22,FRANCE 4,Angouleme CFC,Dinan,0.0,0.0,0.0,0.0,2.0,0.0,1,0.0,0.0,0.0,0,,,0,0,,,,,,,,,,,,,
2026-08-22,FRANCE 4,Saumur Olympique,Tarbes,0.0,0.0,0.0,0.0,0.0,0.0,0,0.0,0.0,0.0,0,,,0,0,,,,,,,,,,,,,
2026-08-22,SLOVAKIA 1,Ruzomberok,Banska Bystrica,1.55,3.8,4.6,1.65,0.0,1.0,0,4.0,4.0,12.0,1,5772163,936918,1,0,,,4,1,12,5,4,0,4,1,20,6,57
2026-08-22,FRANCE 4,Stade Briochin,Le Poire Sur Vie,1.53,3.95,5.5,1.83,1.0,0.0,1,0.0,0.0,0.0,0,,,0,0,,,,,,,,,,,,,
2026-08-22,FRANCE 4,St. Colomban Locmine,Les Herbiers,0.0,0.0,0.0,0.0,1.0,1.0,0,0.0,0.0,0.0,0,,,0,0,,,,,,,,,,,,,
2026-08-22,GREECE 1,Olympiacos Piraeus,Atromitos,1.19,5.75,15.0,1.7,1.0,0.0,1,2.0,3.0,7.0,1,5943228,941071,1,1,0.49,0.16,2,1,7,4,3,2,2,0,18,9,66
2026-08-22,NETHERLANDS 1,Heerenveen,Zwolle,1.48,4.75,6.0,1.44,0.0,2.0,0,4.0,4.0,13.0,1,5781719,937276,1,1,0.82,0.50,4,1,13,6,4,0,2,1,19,8,63
2026-08-22,USA 2,Birmingham,Sporting Jax,1.5,4.1,4.5,1.4,2.0,3.0,0,3.0,1.0,9.0,1,5109897,8972,1,0,,,3,0,9,7,1,1,2,2,15,9,58
2026-08-22,WOM BRAZIL 1,Sao Paulo W,Mixto W,1.15,6.7,15.5,1.45,1.0,0.0,1,1.0,1.0,7.0,1,,,0,0,,,,,,,,,,,,,
2026-08-22,WOM BRAZIL 1,Gremio W,Botafogo RJ W,1.19,5.9,13.5,1.57,1.0,0.0,1,7.0,6.0,9.0,1,,,0,0,,,,,,,,,,,,,
2026-08-22,USA 2,Loudoun,New Mexico,0.0,0.0,0.0,1.57,0.0,0.0,0,3.0,1.0,8.0,1,5109904,8972,1,0,,,4,1,8,5,1,1,0,0,13,10,37
2026-08-22,USA 1,Inter Miami,Toronto FC,1.3,5.75,7.5,1.2,1.0,2.0,0,1.0,1.0,5.0,1,5071293,913550,1,1,0.64,0.15,1,0,5,3,1,2,1,0,8,8,59
2026-08-22,FRANCE 4,Canet Roussillon,Nimes,0.0,0.0,0.0,0.0,1.0,3.0,0,0.0,0.0,0.0,0,,,0,0,,,,,,,,,,,,,
2026-08-22,FRANCE 4,Furiani Agliani,Feignies-Aulnoye,0.0,0.0,0.0,0.0,0.0,0.0,0,0.0,0.0,0.0,0,,,0,0,,,,,,,,,,,,,
2026-08-22,SOUTH AFRICA 2,Hope FC,Pretoria U.,0.0,0.0,0.0,0.0,1.0,0.0,1,0.0,0.0,0.0,0,,,0,0,,,,,,,,,,,,,
2026-08-22,FRANCE 4,Troyes II,Istres,0.0,0.0,0.0,0.0,0.0,0.0,0,0.0,0.0,0.0,0,,,0,0,,,,,,,,,,,,,
2026-08-22,SAUDI ARABIA 1,Al Fateh,Al Ettifaq,0.0,0.0,0.0,0.0,0.0,1.0,0,0.0,2.0,1.0,1,5970095,536,1,1,0.02,0.34,0,0,1,5,2,5,0,0,2,15,38
2026-08-22,MEXICO 2,Atletico La Paz,Cruz Azul Hidalgo,1.47,4.2,4.5,1.4,1.0,1.0,0,0.0,1.0,1.0,1,5898697,939530,0,0,,,,,,,,,,,,,
2026-08-22,SOUTH AFRICA 2,NWU FC,Upington City,0.0,0.0,0.0,0.0,1.0,1.0,0,0.0,0.0,0.0,0,,,0,0,,,,,,,,,,,,,
2026-08-22,SOUTH AFRICA 2,Leicesterford City,Orbit College,0.0,0.0,0.0,0.0,1.0,0.0,1,0.0,0.0,0.0,0,,,0,0,,,,,,,,,,,,,
2026-08-22,ENGLAND 2,Swansea,Sheffield Utd,0.0,0.0,0.0,2.03,0.0,0.0,0,0.0,1.0,4.0,1,5836774,938218,1,1,0.29,0.60,0,1,4,7,1,1,0,0,15,11,68
2026-08-22,ENGLAND 3,Stevenage,Oxford Utd,0.0,0.0,0.0,2.4,1.0,2.0,0,1.0,4.0,8.0,1,5837107,938219,1,1,0.37,0.24,1,2,8,5,4,3,0,0,18,4,44
2026-08-22,NORTHERN IRELAND 2,Armagh,Glenavon,0.0,0.0,0.0,0.0,2.0,2.0,0,0.0,0.0,0.0,0,,,0,0,,,,,,,,,,,,,
2026-08-22,SOUTH AFRICA 2,Midlands Wanderers,Magesi,0.0,0.0,0.0,0.0,0.0,1.0,0,0.0,0.0,0.0,0,,,0,0,,,,,,,,,,,,,
2026-08-22,NORTHERN IRELAND 2,Newington,Rathfriland,1.32,5.3,6.9,1.33,4.0,0.0,1,0.0,0.0,0.0,0,,,0,0,,,,,,,,,,,,,
2026-08-22,NORWAY 2,Sandnes,Bryne,0.0,0.0,0.0,1.7,0.0,1.0,0,3.0,1.0,4.0,1,5105229,203,0,0,,,,,,,,,,,,,
2026-08-22,BOSNIA 2,Jedinstvo Bihac,Kakanj,0.0,0.0,0.0,0.0,5.0,0.0,1,0.0,0.0,0.0,0,,,0,0,,,,,,,,,,,,,
2026-08-22,BOSNIA 2,Hadzici,TOSK Tesanj,0.0,0.0,0.0,0.0,2.0,0.0,1,0.0,0.0,0.0,0,,,0,0,,,,,,,,,,,,,
2026-08-22,FRANCE 4,Epinal,Dieppe,0.0,0.0,0.0,0.0,1.0,1.0,0,0.0,0.0,0.0,0,,,0,0,,,,,,,,,,,,,
2026-08-22,FRANCE 4,Biesheim,Lusitanos,0.0,0.0,0.0,0.0,1.0,1.0,0,0.0,0.0,0.0,0,,,0,0,,,,,,,,,,,,,
2026-08-22,NORTHERN IRELAND 2,Ballinamallard,Dundela,0.0,0.0,0.0,0.0,2.0,1.0,1,0.0,0.0,0.0,0,,,0,0,,,,,,,,,,,,,
2026-08-23,BRAZIL 1,Palmeiras,Vasco,1.57,3.9,5.5,2.03,4.0,1.0,1,1.0,4.0,5.0,1,5103597,268,1,1,0.20,0.13,1,1,5,4,4,1,0,0,8,4,58
2026-08-23,PERU 2,Union Comercio,Carlos Mannucci,1.47,3.75,5.5,1.91,0.0,0.0,0,0.0,1.0,0.0,1,,,0,0,,,,,,,,,,,,,
2026-08-23,PORTUGAL 1,FC Porto,Arouca,1.27,5.0,9.5,1.62,2.0,0.0,1,2.0,5.0,11.0,1,5887605,61,1,1,0.67,0.08,2,1,11,1,5,0,3,0,22,1,60
2026-08-23,ICELAND 1,Vikingur Reykjavik,Valur,1.22,5.5,7.0,1.2,2.0,0.0,1,2.0,5.0,13.0,1,5225716,215,1,0,,,2,0,13,3,5,1,0,0,19,5,58
2026-08-23,BRAZIL 3,Maringa FC,Barra FC,1.44,3.6,6.0,2.0,2.0,1.0,1,1.0,3.0,6.0,1,1000009517,8971,0,0,,,,,,,,,,,,,
2026-08-23,BRAZIL 1,Bragantino,Gremio,1.56,3.9,5.75,1.88,1.0,0.0,1,2.0,4.0,12.0,1,5103598,268,1,1,1.39,0.28,2,0,12,7,4,2,2,0,23,9,54
2026-08-23,ARGENTINA 3,Alvarado,Argentino MM,1.4,3.6,7.5,2.55,1.0,1.0,0,4.0,6.0,9.0,1,5978478,942185,0,0,,,,,,,,,,,,,
2026-08-23,URUGUAY 1,Nacional,Progreso,1.38,4.2,6.25,1.8,1.0,0.0,1,0.0,7.0,0.0,1,6012152,942853,0,0,,,,,,,,,,,,,
2026-08-23,ARGENTINA 3,Guillermo Brown,Santamarina,1.6,3.25,5.0,2.55,1.0,0.0,1,0.0,2.0,0.0,1,5978558,942187,0,0,,,,,,,,,,,,,
2026-08-23,SOUTH KOREA 1,Daejeon,Gangwon,0.0,0.0,0.0,2.25,3.0,0.0,1,0.0,0.0,3.0,1,5140004,919356,1,1,0.51,0.14,1,2,5,3,0,0,1,0,12,3,62
2026-08-23,SOUTH KOREA 2,Seoul E-Land,Paju Frontier,1.53,3.8,4.75,1.62,1.0,1.0,0,4.0,3.0,8.0,1,5155887,9116,1,0,,,4,1,10,1,4,3,1,0,13,10,60
2026-08-23,BOSNIA 2,Travnik,NK Vitez,0.0,0.0,0.0,0.0,2.0,0.0,1,0.0,0.0,0.0,0,,,0,0,,,,,,,,,,,,,
2026-08-23,ARGENTINA 3,Olimpo Bahia Blanca,Kimberley,1.47,3.3,6.5,2.6,1.0,0.0,1,0.0,2.0,4.0,1,5978481,942185,0,0,,,,,,,,,,,,,
2026-08-23,CROATIA 2,Croatia Zmijavci,Hrvace,1.57,3.5,5.25,2.15,3.0,0.0,1,2.0,4.0,4.0,1,,,0,0,,,,,,,,,,,,,
2026-08-23,ISRAEL 2,Kiryat Yam,Maccabi Bnei Raina,0.0,0.0,0.0,0.0,0.0,1.0,0,0.0,2.0,2.0,1,5832539,938187,0,0,,,,,,,,,,,,,
2026-08-23,SERBIA 2,Loznica,Bor 1919,1.4,3.8,6.0,1.95,0.0,0.0,0,2.0,1.0,4.0,1,,,0,0,,,,,,,,,,,,,
2026-08-24,ESTONIA 2,Viimsi JK,Nomme Utd U21,1.4,4.6,5.0,1.22,4.0,1.0,1,3.0,6.0,8.0,1,,,0,0,,,,,,,,,,,,,
2026-08-24,PARAGUAY 1,Libertad Asuncion,San Lorenzo,1.33,4.33,7.5,1.67,1.0,0.0,1,3.0,5.0,11.0,1,1000017386,199,1,0,,,3,1,11,4,5,1,0,0,17,7,78
2026-08-24,ISRAEL 2,SC Ashdod,Maccabi Jaffa,1.57,3.8,4.5,1.65,1.0,0.0,1,4.0,4.0,8.0,1,5832543,938187,0,0,,,,,,,,,,,,,
2026-08-25,SOUTH KOREA 1,Seoul,Bucheon FC 1995,1.38,4.5,6.5,1.62,1.0,0.0,1,0.0,3.0,7.0,1,5140008,919356,1,1,0.88,0.12,0,2,8,3,3,1,1,0,17,4,69
2026-08-25,BULGARIA 2,CSKA Sofia II,Ludogorets II,1.36,4.0,5.5,1.65,1.0,1.0,0,1.0,1.0,4.0,1,5874173,9096,0,0,,,,,,,,,,,,,
2026-08-25,SAUDI ARABIA 1,Al Taawon,Al Fayha,1.57,3.7,4.75,1.85,0.0,0.0,0,1.0,3.0,7.0,1,5970102,536,1,1,0.67,0.96,1,4,7,9,3,1,0,1,22,14,56
2026-08-25,SWEDEN 2,Oster,Sundsvall,1.5,4.0,4.75,1.48,1.0,0.0,1,1.0,1.0,3.0,1,5125602,168,0,0,,,,,,,,,,,,,
2026-08-25,ENGLAND CUP,Ipswich,Leicester,1.41,4.75,6.25,1.53,3.0,1.0,1,3.0,3.0,7.0,1,6005656,938221,1,1,0.40,0.55,3,4,7,9,3,2,0,1,11,14,44
2026-08-25,COPA LIBERTADORES,Ind. del Valle (ECU),Deportes Tolima (COL),1.48,4.5,6.5,2.0,3.0,1.0,1,1.0,2.0,10.0,1,1000012921,1000001638,1,1,0.52,0.02,1,0,10,1,2,1,1,0,9,5,47
2026-08-26,COPA SUDAMERICANA,River Plate (ARG),Santa Fe (COL),1.27,5.75,11.0,1.85,1.0,1.0,0,5.0,1.0,17.0,1,1000013050,1000001655,1,0,,,5,1,17,3,1,0,3,0,16,2,77
2026-08-26,BOLIVIA 1,Blooming,Real Oruro,1.27,6.25,6.5,1.25,1.0,1.0,0,5.0,7.0,7.0,1,1000019028,144,1,0,,,5,1,7,4,7,5,0,0,12,5,66
2026-08-26,BRAZIL CUP,Vasco,Vitoria,1.57,3.75,5.75,2.25,1.0,0.0,1,2.0,1.0,8.0,1,1000019462,9067,1,0,,,2,1,8,4,1,1,0,0,9,5,42
2026-08-26,ECUADOR 2,Cumbaya,LDU Portoviejo,1.6,3.25,5.0,2.4,0.0,0.0,0,4.0,5.0,7.0,1,,,0,0,,,,,,,,,,,,,
2026-08-26,NORWAY 2,Stromsgodset,Hodd,1.18,6.5,13.0,1.3,3.0,1.0,1,1.0,7.0,7.0,1,5105232,203,0,0,,,,,,,,,,,,,
2026-08-26,EGYPT 1,Smouha,Asyut Petroleum,1.53,3.5,6.0,2.55,0.0,0.0,0,1.0,5.0,8.0,1,5996692,943009,1,1,0.64,0.72,1,1,8,3,5,0,0,1,13,6,47
2026-08-26,BOLIVIA 1,Real Potosi,Tomayapo,1.22,5.5,10.0,1.53,0.0,1.0,0,1.0,2.0,8.0,1,1000019027,144,1,0,,,1,0,8,4,2,1,0,0,5,1,51
2026-08-27,SAUDI ARABIA 2,Al Jabalain,Al Jeel,1.5,3.75,5.5,1.73,1.0,0.0,1,6.0,8.0,15.0,1,1000018426,10721,1,0,,,6,0,15,1,8,2,0,0,,,64
2026-08-27,EUROPA CONFERENCE LEAGUE,Riga FC (LAT),Klaksvik (FAI),1.3,5.0,6.5,1.67,2.0,1.0,1,2.0,6.0,10.0,1,5988078,937351,0,0,,,,,,,,,,,,,
2026-08-27,EUROPA LEAGUE,Salzburg (AUT),Mjallby (SWE),1.25,5.5,9.0,1.44,3.0,0.0,1,2.0,4.0,7.0,1,5987973,937349,1,1,0.27,0.00,2,0,7,0,4,0,0,0,13,6,62
2026-08-27,ENGLAND CUP,Chelsea,Luton,1.09,10.0,17.0,1.22,2.0,0.0,1,4.0,7.0,17.0,1,6005665,938221,1,1,1.19,0.11,4,1,17,3,7,1,2,0,30,6,73
2026-08-27,BOLIVIA 1,Bolivar,Academia del Balompie,1.19,6.5,9.5,1.25,4.0,1.0,1,1.0,2.0,7.0,1,,,0,0,,,,,,,,,,,,,
2026-08-28,NORTHERN IRELAND 2,H&W Welders,Dundela,1.29,5.3,8.0,1.35,2.0,0.0,1,0.0,0.0,0.0,0,,,0,0,,,,,,,,,,,,,
2026-08-28,ITALY 1,AC Milan,Venezia,1.5,4.5,6.25,1.67,2.0,0.0,1,3.0,1.0,8.0,1,5749650,55,1,1,0.96,0.20,3,1,8,3,1,0,4,1,11,4,62
2026-08-28,IRELAND 1,St. Patricks,Waterford,1.33,4.5,7.0,1.5,0.0,2.0,0,3.0,3.0,5.0,1,5100956,126,1,1,0.52,0.36,3,2,5,5,3,4,0,1,11,12,74
2026-08-28,IRELAND 2,Cork City,Wexford,0.0,0.0,0.0,1.4,2.0,0.0,1,1.0,7.0,4.0,1,5101266,916016,0,0,,,,,,,,,,,,,
2026-08-28,CHINA 1,Shenzhen Xinpengcheng,Shanghai Port,0.0,0.0,0.0,1.67,0.0,1.0,0,3.0,1.0,10.0,1,5186598,920266,1,0,,,3,2,10,3,1,0,0,1,11,9,49
2026-08-28,EGYPT 2,Masar,Dayrout,1.44,3.7,6.0,2.2,4.0,0.0,1,3.0,2.0,11.0,1,,,0,0,,,,,,,,,,,,,
2026-08-28,SOUTH AFRICA 2,Highbury,Hope FC,0.0,0.0,0.0,0.0,1.0,0.0,1,0.0,0.0,0.0,0,,,0,0,,,,,,,,,,,,,
2026-08-28,NORTHERN IRELAND 2,Glenavon,Rathfriland,1.29,5.1,8.5,1.44,3.0,1.0,1,0.0,0.0,0.0,0,,,0,0,,,,,,,,,,,,,
2026-08-28,FRANCE 4,Le Poire Sur Vie,Saint-Malo,0.0,0.0,0.0,0.0,0.0,4.0,0,0.0,0.0,0.0,0,,,0,0,,,,,,,,,,,,,
2026-08-28,ECUADOR 1,Mushuc Runa,Delfin,1.53,3.6,6.0,2.05,1.0,0.0,1,1.0,2.0,3.0,1,1000009085,246,1,0,,,1,1,3,3,2,0,0,0,13,5,68
