mes,Date,League,Home,Away,odd_lay,p,ev,liga_0x0_rate,mkt_prob_0x0,target,pnl
2024-03,2024-03-16,ITALY 1,Udinese,Torino,8.0,0.9175,0.2942,0.07,0.1538,1,0.95
2024-03,2024-03-16,ENGLAND 1,Burnley,Brentford,16.0,0.943,0.0408,0.04,0.0667,1,0.95
2024-03,2024-03-17,MEXICO 1,Guadalajara Chivas,Club America,13.0,0.9371,0.136,0.06,0.0909,0,-12.0
2024-03,2024-03-17,FRANCE 1,Brest,Lille,9.6,0.9456,0.4301,0.06,0.1538,1,0.95
2024-03,2024-03-17,SPAIN 2,Leganes,Mirandes,8.0,0.8964,0.126,0.17,0.1667,1,0.95
2024-03,2024-03-17,FRANCE 1,Reims,Metz,13.5,0.9365,0.0954,0.06,0.0909,1,0.95
2024-03,2024-03-17,CHILE 1,Coquimbo,Colo Colo,17.0,0.9479,0.0663,0.04,0.1053,0,-16.0
2024-03,2024-03-17,PORTUGAL 3,Caldas,Amora,12.5,0.9365,0.1589,0.09,0.0909,1,0.95
2024-03,2024-03-17,SPAIN 1,Las Palmas,Almeria,12.5,0.9305,0.0844,0.09,0.0769,1,0.95
2024-03,2024-03-17,PORTUGAL 2,Leixoes,Mafra,11.0,0.9433,0.3296,0.05,0.1429,1,0.95
2024-03,2024-03-17,WOM SPAIN 1,Athletic Bilbao W,Valencia W,12.5,0.951,0.3399,0.02,0.1,1,0.95
2024-03,2024-03-17,SPAIN 1,Rayo Vallecano,Betis,9.6,0.9139,0.1277,0.09,0.1429,1,0.95
2024-03,2024-03-17,COLOMBIA 1,Envigado,Millonarios,12.0,0.9342,0.1638,0.09,0.125,1,0.95
2024-03,2024-03-17,MEXICO 1,Toluca,UNAM Pumas,18.5,0.9509,0.0444,0.06,0.0667,1,0.95
2024-03,2024-03-17,COLOMBIA 1,Pereira,Aguilas,8.6,0.9147,0.2205,0.09,0.1538,1,0.95
2024-03,2024-03-20,JAPAN 2,Tokushima,Renofa Yamaguchi,10.5,0.9157,0.0691,0.07,0.125,1,0.95
2024-03,2024-03-20,ECUADOR 1,Dep. Cuenca,Macara,11.5,0.9375,0.2349,0.11,0.1176,1,0.95
2024-03,2024-03-22,IRELAND 2,Bray,Wexford,14.5,0.9368,0.0371,0.04,0.1176,1,0.95
2024-03,2024-03-23,ENGLAND 3,Carlisle,Stevenage,10.5,0.9315,0.2343,0.09,0.1053,1,0.95
2024-03,2024-03-23,ENGLAND 4,Crewe,AFC Wimbledon,11.5,0.9426,0.293,0.06,0.1111,1,0.95
2024-03,2024-03-23,ENGLAND 4,Morecambe,Gillingham,10.5,0.9174,0.087,0.06,0.125,1,0.95
2024-03,2024-03-23,COLOMBIA 1,Millonarios,Dep. Cali,13.5,0.9309,0.0204,0.07,0.1,1,0.95
2024-03,2024-03-23,USA 1,FC Cincinnati,New York City,12.5,0.9297,0.0747,0.07,0.1111,1,0.95
2024-03,2024-03-24,URUGUAY 1,Danubio,Wanderers,8.6,0.8993,0.0894,0.11,0.1429,1,0.95
2024-03,2024-03-24,COLOMBIA 1,Aguilas,Santa Fe,9.0,0.9028,0.0804,0.07,0.1667,1,0.95
2024-03,2024-03-27,COLOMBIA 1,Millonarios,Santa Fe,8.2,0.9042,0.1694,0.07,0.1538,1,0.95
2024-03,2024-03-28,BOLIVIA 1,Blooming,Aurora,14.0,0.9396,0.1073,0.06,0.0909,1,0.95
2024-03,2024-03-29,ENGLAND 2,Millwall,West Brom,8.6,0.9275,0.3304,0.05,0.1538,1,0.95
2024-03,2024-03-29,ENGLAND 2,Cardiff,Sunderland,10.5,0.9157,0.0691,0.05,0.1429,1,0.95
2024-03,2024-03-29,ENGLAND 2,Hull,Stoke,13.5,0.9342,0.0652,0.05,0.0909,1,0.95
2024-03,2024-03-29,ENGLAND 2,Preston,Rotherham,12.5,0.9366,0.1612,0.05,0.1053,1,0.95
2024-03,2024-03-29,ENGLAND 2,QPR,Birmingham,12.0,0.9423,0.2599,0.05,0.1053,1,0.95
2024-03,2024-03-29,ENGLAND 4,Barrow,Grimsby,12.0,0.9391,0.2217,0.06,0.1111,1,0.95
2024-03,2024-03-29,FRANCE 3,Chateauroux,Martigues,10.0,0.9166,0.1205,0.08,0.1667,1,0.95
2024-03,2024-03-29,FRANCE 1,Lille,Lens,11.5,0.9243,0.0828,0.06,0.1111,1,0.95
2024-03,2024-03-30,WOM FRANCE 1,Guingamp W,St Etienne W,12.5,0.951,0.3399,0.02,0.1176,1,0.95
2024-03,2024-03-30,WOM ENGLAND 1,Aston Villa W,Leicester W,22.0,0.9743,0.3862,0.01,0.0667,1,0.95
2024-03,2024-03-30,GREECE 1,Panserraikos,Asteras Tripolis,11.0,0.9279,0.1606,0.05,0.1176,1,0.95
2024-03,2024-03-30,SERBIA 1,Radnicki 1923,Napredak,11.5,0.922,0.0566,0.04,0.125,1,0.95
2024-03,2024-03-30,WOM SPAIN 1,Betis W,Eibar W,9.6,0.9433,0.4089,0.03,0.1176,0,-8.6
2024-03,2024-03-30,GERMANY 1,Eintracht Frankfurt,Union Berlin,12.0,0.9408,0.2429,0.06,0.1111,0,-11.0
2024-03,2024-03-30,ENGLAND 1,Bournemouth,Everton,17.5,0.9472,0.0283,0.04,0.0667,1,0.95
2024-03,2024-03-30,ENGLAND 1,Nottingham,Crystal Palace,11.5,0.9386,0.2475,0.04,0.1053,1,0.95
2024-03,2024-03-30,SCOTLAND 1,Aberdeen,Ross County,15.0,0.951,0.2174,0.03,0.1053,1,0.95
2024-03,2024-03-30,SCOTLAND 1,Hearts,Kilmarnock,14.0,0.9445,0.1758,0.03,0.1053,1,0.95
2024-03,2024-03-30,SCOTLAND 1,Motherwell,St. Mirren,12.0,0.9242,0.0447,0.03,0.1176,1,0.95
2024-03,2024-03-30,SCOTLAND 1,St Johnstone,Dundee FC,10.5,0.946,0.3859,0.03,0.1333,1,0.95
2024-03,2024-03-30,SPAIN 1,Almeria,Osasuna,11.5,0.9305,0.1545,0.1,0.1111,1,0.95
2024-03,2024-03-30,PORTUGAL 1,Vitoria Guimaraes,Moreirense,10.0,0.9105,0.0595,0.1,0.125,1,0.95
2024-03,2024-03-30,FRANCE 1,Metz,Monaco,18.5,0.9504,0.0344,0.06,0.0667,1,0.95
2024-03,2024-03-30,ITALY 1,Lazio,Juventus,8.8,0.9157,0.2124,0.07,0.1429,1,0.95
2024-03,2024-03-30,SWITZERLAND 1,Winterthur,Servette,16.5,0.9504,0.1337,0.02,0.0769,1,0.95
2024-03,2024-03-30,NETHERLANDS 1,Sparta Rotterdam,Sittard,12.5,0.9295,0.0729,0.04,0.1053,1,0.95
2024-03,2024-03-30,GREECE 1,OFI Crete,Atromitos,12.5,0.9421,0.2292,0.05,0.1,0,-11.5
2024-03,2024-03-30,SWITZERLAND 1,Basel,Zurich,14.5,0.9372,0.0423,0.02,0.1176,1,0.95
2024-03,2024-03-30,BELGIUM 1,Anderlecht,Antwerp,15.5,0.9477,0.1418,0.03,0.0833,1,0.95
2024-03,2024-03-30,ITALY 1,Fiorentina,AC Milan,13.0,0.9401,0.1749,0.07,0.0909,1,0.95
2024-03,2024-03-30,FRANCE 1,Lyon,Reims,17.0,0.951,0.1194,0.06,0.0667,1,0.95
2024-03,2024-03-30,COLOMBIA 1,Chico,Jaguares de Cordoba,10.5,0.9157,0.0691,0.08,0.1111,1,0.95
2024-03,2024-03-30,USA 1,Orlando City,New York Red Bulls,11.5,0.9401,0.2638,0.06,0.125,1,0.95
2024-03,2024-03-30,USA 1,Houston Dynamo,San Jose Earthquakes,12.0,0.9263,0.0697,0.06,0.1111,1,0.95
2024-03,2024-03-30,MEXICO 1,Monterrey,Guadalajara Chivas,14.5,0.9408,0.095,0.05,0.0909,1,0.95
2024-03,2024-03-30,USA 1,Real Salt Lake,St. Louis City,14.5,0.9408,0.095,0.06,0.0667,1,0.95
2024-03,2024-03-30,USA 1,Vancouver Whitecaps,Portland Timbers,17.0,0.9453,0.0228,0.06,0.0667,1,0.95
2024-03,2024-03-31,MEXICO 1,UNAM Pumas,Cruz Azul,16.0,0.9429,0.0392,0.05,0.0769,0,-15.0
2024-03,2024-03-31,SPAIN 4,Alaves B,Mutilvera,7.6,0.9243,0.3782,0.06,0.1111,1,0.95
2024-03,2024-03-31,DENMARK 1,Randers FC,Lyngby,13.0,0.9435,0.2185,0.07,0.0909,1,0.95
2024-03,2024-03-31,FRANCE 1,Nice,Nantes,10.5,0.9278,0.1957,0.05,0.1333,1,0.95
2024-03,2024-03-31,SPAIN 4,Gernika,Real Sociedad C,7.6,0.9243,0.3782,0.06,0.1667,1,0.95
2024-03,2024-03-31,ENGLAND 1,Manchester City,Arsenal,16.0,0.9558,0.2455,0.04,0.0833,0,-15.0
2024-03,2024-03-31,PERU 1,Cajamarca,Sporting Cristal,17.0,0.9459,0.0334,0.06,0.0667,1,0.95
2024-03,2024-03-31,COLOMBIA 1,Pereira,Bucaramanga,9.0,0.9145,0.1852,0.07,0.1667,1,0.95
2024-03,2024-03-31,MEXICO 1,Atlas,Queretaro,11.5,0.9338,0.192,0.05,0.125,1,0.95
2024-03,2024-03-31,COLOMBIA 1,Ind. Medellin,America De Cali,10.5,0.9322,0.2418,0.07,0.125,1,0.95
2024-03,2024-03-31,COLOMBIA 1,Dep. Cali,Aguilas,9.8,0.9376,0.3412,0.07,0.1333,1,0.95
2024-04,2024-04-01,ITALY 2,Modena,Bari,9.6,0.9149,0.1373,0.07,0.1667,1,0.95
2024-04,2024-04-01,SWEDEN 1,Goteborg,Djurgarden,12.0,0.9223,0.0217,0.07,0.1176,1,0.95
2024-04,2024-04-01,DENMARK 2,Koge,Horsens,18.5,0.9531,0.0854,0.08,0.0667,1,0.95
2024-04,2024-04-01,ITALY 1,Cagliari,Verona,10.0,0.9155,0.1094,0.08,0.125,1,0.95
2024-04,2024-04-01,ITALY 2,Cosenza,Brescia,8.6,0.9202,0.2679,0.07,0.1333,1,0.95
2024-04,2024-04-01,POLAND 2,Zaglebie Sosnowiec,GKS Katowice,14.5,0.9362,0.0285,0.07,0.1053,1,0.95
2024-04,2024-04-01,ENGLAND 2,Coventry,Cardiff,17.5,0.9582,0.2204,0.05,0.0833,1,0.95
2024-04,2024-04-01,ENGLAND 2,Rotherham,Millwall,11.0,0.9382,0.2732,0.05,0.1333,1,0.95
2024-04,2024-04-01,ENGLAND 2,Sunderland,Blackburn,13.5,0.9409,0.1555,0.05,0.1,1,0.95
2024-04,2024-04-01,ENGLAND 2,West Brom,Watford,11.0,0.9198,0.0717,0.05,0.1111,1,0.95
2024-04,2024-04-01,SWITZERLAND 1,Grasshoppers,Lausanne,13.0,0.9456,0.2455,0.03,0.1,1,0.95
2024-04,2024-04-01,NORWAY 1,Rosenborg,Sandefjord,18.0,0.9514,0.0784,0.02,0.0769,1,0.95
2024-04,2024-04-02,SERBIA 1,Vojvodina,Cukaricki,14.0,0.9412,0.1303,0.04,0.1176,1,0.95
2024-04,2024-04-02,DENMARK 1,Odense,Vejle,13.0,0.9303,0.0472,0.07,0.1053,1,0.95
2024-04,2024-04-02,NORWAY 1,KFUM Oslo,HamKam,13.5,0.9522,0.3065,0.02,0.0909,1,0.95
2024-04,2024-04-02,TURKEY 1,Gaziantep,Alanyaspor,12.5,0.9327,0.1117,0.05,0.1053,1,0.95
2024-04,2024-04-02,ENGLAND 1,Nottingham,Fulham,15.5,0.9422,0.0565,0.05,0.0833,1,0.95
2024-04,2024-04-02,SWITZERLAND 1,Lugano,Basel,16.0,0.9472,0.1083,0.03,0.0769,1,0.95
2024-04,2024-04-03,TURKEY 1,Sivasspor,Karagumruk,11.5,0.9198,0.0316,0.05,0.125,1,0.95
2024-04,2024-04-03,NETHERLANDS 1,Heerenveen,Twente,18.0,0.9487,0.0284,0.04,0.0667,1,0.95
2024-04,2024-04-03,SAUDI ARABIA 1,Al Fateh,Al Ettifaq,17.0,0.9643,0.3441,0.06,0.0667,1,0.95
2024-04,2024-04-04,TURKEY 1,Basaksehir,Besiktas,14.5,0.9389,0.0669,0.05,0.1,1,0.95
2024-04,2024-04-05,GERMANY 1,Eintracht Frankfurt,Werder Bremen,17.5,0.9487,0.054,0.06,0.0769,1,0.95
2024-04,2024-04-05,IRELAND 1,Bohemians,Waterford,13.0,0.9317,0.0655,0.14,0.0909,1,0.95
2024-04,2024-04-05,ENGLAND 2,Rotherham,Plymouth,13.5,0.9356,0.0832,0.05,0.0909,1,0.95
2024-04,2024-04-05,COLOMBIA 1,Once Caldas,Deportes Tolima,8.6,0.8985,0.082,0.07,0.1538,1,0.95
2024-04,2024-04-06,MEXICO 1,Club Tijuana,Necaxa,18.0,0.9487,0.0284,0.05,0.0667,1,0.95
2024-04,2024-04-06,CHINA 1,Tianjin Jinmen Tiger,Chengdu Rongcheng,12.5,0.9364,0.1578,0.06,0.1176,1,0.95
2024-04,2024-04-06,GERMANY 1,FC Koln,Bochum,16.5,0.9466,0.0714,0.05,0.0769,1,0.95
2024-04,2024-04-06,ENGLAND 2,Stoke,West Brom,10.5,0.9198,0.1118,0.07,0.125,1,0.95
2024-04,2024-04-06,ENGLAND 2,Sunderland,Bristol City,10.0,0.9284,0.2372,0.07,0.125,0,-9.0
2024-04,2024-04-06,ENGLAND 1,Everton,Burnley,16.5,0.9531,0.1792,0.03,0.0833,1,0.95
2024-04,2024-04-06,ENGLAND 1,Wolves,West Ham,17.5,0.9487,0.054,0.03,0.0833,1,0.95
2024-04,2024-04-06,NORTHERN IRELAND 2,Dundela,Institute,10.0,0.9347,0.3004,0.04,0.0769,1,0.95
2024-04,2024-04-06,SCOTLAND 1,Livingston,Aberdeen,12.0,0.9389,0.2197,0.04,0.1176,0,-11.0
2024-04,2024-04-06,PORTUGAL 1,Rio Ave,Gil Vicente,9.4,0.9117,0.1245,0.1,0.1429,1,0.95
2024-04,2024-04-06,POLAND 1,Ruch Chorzow,Puszcza,12.5,0.9318,0.101,0.11,0.0909,0,-11.5
2024-04,2024-04-06,FINLAND 1,KuPS,HJK,11.5,0.9281,0.1265,0.07,0.125,1,0.95
2024-04,2024-04-06,ITALY 1,AS Roma,Lazio,10.0,0.9104,0.0588,0.08,0.1176,1,0.95
2024-04,2024-04-06,SWITZERLAND 2,Wil,Bellinzona,14.0,0.9375,0.0781,0.07,0.1176,1,0.95
2024-04,2024-04-06,GREECE 1,Asteras Tripolis,Kifisia,15.0,0.9485,0.1796,0.05,0.0833,1,0.95
2024-04,2024-04-06,ROMANIA 1,FC Rapid Bucuresti,CFR Cluj,13.5,0.9332,0.0515,0.1,0.0909,1,0.95
2024-04,2024-04-06,SWITZERLAND 2,Sion,Vaduz,22.0,0.9582,0.0323,0.07,0.0667,1,0.95
2024-04,2024-04-06,SWITZERLAND 1,Servette,Zurich,14.0,0.944,0.1692,0.04,0.0909,1,0.95
2024-04,2024-04-06,BOLIVIA 1,Royal Pari,Aurora,12.5,0.9403,0.2062,0.07,0.1,0,-11.5
2024-04,2024-04-06,COLOMBIA 1,Aguilas,Dep. Pasto,8.2,0.9375,0.4406,0.06,0.1667,1,0.95
2024-04,2024-04-06,MEXICO 1,Club Leon,Queretaro,18.0,0.9514,0.0784,0.05,0.0667,1,0.95
2024-04,2024-04-06,COLOMBIA 1,Bucaramanga,Dep. Cali,11.0,0.9313,0.1975,0.06,0.125,1,0.95
2024-04,2024-04-06,USA 1,FC Cincinnati,New York Red Bulls,11.0,0.9239,0.1167,0.07,0.1176,1,0.95
2024-04,2024-04-07,GERMANY 3,SG Dynamo Dresden,Saarbrucken,15.5,0.95,0.1777,0.07,0.0909,1,0.95
2024-04,2024-04-07,BULGARIA 1,Levski Sofia,CSKA Sofia,7.4,0.9327,0.4551,0.08,0.1538,1,0.95
2024-04,2024-04-07,NORWAY 1,Kristiansund,KFUM Oslo,18.0,0.9576,0.1887,0.01,0.0833,1,0.95
2024-04,2024-04-07,FRANCE 1,Reims,Nice,12.0,0.9361,0.186,0.07,0.1176,0,-11.0
2024-04,2024-04-07,GERMANY 1,Wolfsburg,B. Monchengladbach,19.5,0.9527,0.0308,0.05,0.0667,1,0.95
2024-04,2024-04-07,ITALY 1,Verona,Genoa,8.0,0.8854,0.0388,0.09,0.1667,1,0.95
2024-04,2024-04-07,ITALY 1,Juventus,Fiorentina,10.5,0.9206,0.1202,0.09,0.1111,1,0.95
2024-04,2024-04-08,SWEDEN 1,Varnamo,GAIS,15.5,0.9466,0.1248,0.06,0.0833,1,0.95
2024-04,2024-04-08,TURKEY 2,Goztepe,Erzurumspor,11.5,0.9216,0.0524,0.12,0.1176,1,0.95
2024-04,2024-04-08,ITALY 3,Renate,Mantova,9.8,0.9061,0.0346,0.11,0.1538,1,0.95
2024-04,2024-04-09,ENGLAND 2,Preston,Huddersfield,10.5,0.9307,0.226,0.07,0.125,1,0.95
2024-04,2024-04-10,CHINA 1,Chengdu Rongcheng,Zhejiang Professional,16.0,0.9556,0.2411,0.05,0.0667,1,0.95
2024-04,2024-04-12,DENMARK 2,Hobro,Aalborg,13.5,0.9374,0.1082,0.06,0.0909,1,0.95
2024-04,2024-04-12,DENMARK 2,Naestved,Horsens,15.0,0.9468,0.1542,0.06,0.1111,1,0.95
2024-04,2024-04-12,GERMANY 1,Augsburg,Union Berlin,14.0,0.9456,0.1911,0.05,0.1,1,0.95
2024-04,2024-04-12,IRELAND 2,Athlone,Finn Harps,12.0,0.9255,0.0595,0.06,0.1429,1,0.95
2024-04,2024-04-12,IRELAND 2,UC Dublin,Cork City,13.5,0.9313,0.0257,0.06,0.1333,0,-12.5
2024-04,2024-04-12,IRELAND 1,Waterford,Galway,9.2,0.9124,0.1483,0.16,0.125,0,-8.2
2024-04,2024-04-12,PERU 1,Sport Huancayo,Cienciano,14.0,0.9335,0.0222,0.06,0.0909,1,0.95
2024-04,2024-04-12,MEXICO 1,Queretaro,Mazatlan FC,16.5,0.9514,0.1512,0.04,0.0769,1,0.95
2024-04,2024-04-13,TURKEY 1,Kasimpasa,Konyaspor,15.5,0.9487,0.1567,0.06,0.0833,1,0.95
2024-04,2024-04-13,SWEDEN 1,Mjallby,AIK,10.0,0.9268,0.2218,0.05,0.1333,1,0.95
2024-04,2024-04-13,WALES 1,Barry,Aberystwyth,15.5,0.9436,0.078,0.06,0.1176,1,0.95
2024-04,2024-04-13,ENGLAND 2,Hull,QPR,11.0,0.9212,0.0872,0.09,0.1111,1,0.95
2024-04,2024-04-13,ENGLAND 4,Gillingham,Barrow,14.5,0.9436,0.1344,0.04,0.1176,1,0.95
2024-04,2024-04-13,ENGLAND 4,Newport,Tranmere,15.0,0.9438,0.1105,0.04,0.0833,1,0.95
2024-04,2024-04-13,ENGLAND 4,Salford,Bradford City,14.5,0.9466,0.1782,0.04,0.0833,1,0.95
2024-04,2024-04-13,ENGLAND 5,FC Halifax,Barnet,15.5,0.9514,0.1998,0.08,0.0769,1,0.95
2024-04,2024-04-13,ENGLAND 5,York City,Woking,13.5,0.9317,0.0311,0.08,0.1053,1,0.95
2024-04,2024-04-13,ENGLAND 1,Nottingham,Wolves,14.5,0.9419,0.1107,0.02,0.1,1,0.95
2024-04,2024-04-13,SCOTLAND 1,Aberdeen,Dundee FC,14.0,0.9419,0.1398,0.05,0.0909,0,-13.0
2024-04,2024-04-13,SCOTLAND 1,Motherwell,Hibernian,16.5,0.9456,0.0555,0.05,0.0667,1,0.95
2024-04,2024-04-13,SPAIN 1,Rayo Vallecano,Getafe,8.0,0.886,0.0439,0.11,0.1667,0,-7.0
2024-04,2024-04-13,FRANCE 2,Caen,Rodez,12.5,0.9379,0.1768,0.12,0.0769,1,0.95
2024-04,2024-04-13,GREECE 1,Kifisia,Panetolikos,11.5,0.9256,0.0981,0.04,0.1053,1,0.95
2024-04,2024-04-13,ROMANIA 1,U. Cluj,Petrolul,8.8,0.9149,0.2054,0.1,0.1429,1,0.95
2024-04,2024-04-13,COLOMBIA 1,Santa Fe,Atl. Nacional,9.0,0.9074,0.1216,0.08,0.1538,0,-8.0
2024-04,2024-04-13,BRAZIL 1,Criciuma,Juventude,9.0,0.9132,0.173,0.06,0.1538,1,0.95
2024-04,2024-04-13,BRAZIL 1,Sao Paulo,Fortaleza,11.0,0.9318,0.2027,0.06,0.1429,1,0.95
2024-04,2024-04-14,MEXICO 1,Monterrey,Tigres UANL,13.5,0.9389,0.128,0.04,0.0909,1,0.95
2024-04,2024-04-14,NETHERLANDS 1,Heracles,Heerenveen,18.5,0.9531,0.0854,0.03,0.0667,1,0.95
2024-04,2024-04-14,BELGIUM 2,Beveren,Beerschot VA,23.0,0.966,0.1687,0.06,0.0667,1,0.95
2024-04,2024-04-14,CHINA 1,Qingdao Hainiu,Zhejiang Professional,10.5,0.9307,0.226,0.07,0.0667,1,0.95
2024-04,2024-04-14,CZECH 1,Sigma Olomouc,Jablonec,17.5,0.9487,0.054,0.08,0.0667,1,0.95
2024-04,2024-04-14,ENGLAND 1,West Ham,Fulham,18.5,0.9544,0.1094,0.02,0.0769,1,0.95
2024-04,2024-04-14,FRANCE 1,Clermont,Montpellier,16.0,0.9477,0.1153,0.07,0.0667,1,0.95
2024-04,2024-04-14,SWEDEN 2,Helsingborg,Utsikten,14.5,0.9389,0.0669,0.07,0.1176,1,0.95
2024-04,2024-04-14,TURKEY 1,Rizespor,Antalyaspor,15.0,0.9544,0.2689,0.06,0.0667,1,0.95
2024-04,2024-04-14,BELGIUM 1,Kortrijk,Charleroi,13.5,0.9313,0.0257,0.05,0.1176,1,0.95
2024-04,2024-04-14,PORTUGAL 3,Sanjoanense,Anadia,9.2,0.9178,0.1983,0.09,0.1176,0,-8.2
2024-04,2024-04-14,PORTUGAL 2,Leixoes,Torreense,14.5,0.9514,0.2483,0.06,0.1111,1,0.95
2024-04,2024-04-14,NORWAY 1,Rosenborg,HamKam,15.0,0.955,0.2773,0.01,0.0909,1,0.95
2024-04,2024-04-14,PORTUGAL 1,Portimonense,Casa Pia,9.2,0.9055,0.0857,0.11,0.1176,1,0.95
2024-04,2024-04-14,URUGUAY 1,Defensor Sp.,River Plate,12.5,0.9272,0.0441,0.11,0.1176,1,0.95
2024-04,2024-04-14,BRAZIL 1,Athletico-PR,Cuiaba,10.5,0.9253,0.169,0.07,0.1333,1,0.95
2024-04,2024-04-14,BRAZIL 1,Corinthians,Atletico-MG,8.4,0.9125,0.219,0.07,0.1538,0,-7.4
2024-04,2024-04-14,PORTUGAL 2,Maritimo,Santa Clara,8.6,0.9392,0.43,0.06,0.1538,0,-7.6
2024-04,2024-04-14,MEXICO 1,Atlas,Atl. San Luis,18.5,0.9514,0.0541,0.04,0.0769,1,0.95
2024-04,2024-04-15,UKRAINE 1,Metalist 1925,Dnipro-1,11.0,0.9215,0.0901,0.08,0.1429,1,0.95
2024-04,2024-04-15,POLAND 1,Piast Gliwice,Zaglebie,8.6,0.9042,0.1311,0.12,0.1538,1,0.95
2024-04,2024-04-15,PORTUGAL 1,Vizela,Chaves,13.5,0.9429,0.1814,0.11,0.1,1,0.95
2024-04,2024-04-15,BOLIVIA 1,Independiente,Aurora,12.0,0.9459,0.3037,0.05,0.1,1,0.95
2024-04,2024-04-17,BRAZIL 1,Bragantino,Vasco,13.0,0.9389,0.1586,0.07,0.1053,1,0.95
2024-04,2024-04-17,BRAZIL 1,Fortaleza,Cruzeiro,9.8,0.9338,0.3042,0.07,0.1333,1,0.95
2024-04,2024-04-17,BRAZIL 1,Palmeiras,Internacional,11.0,0.9419,0.314,0.07,0.125,1,0.95
2024-04,2024-04-19,FINLAND 1,SJK,Ilves,15.5,0.9424,0.0596,0.05,0.0769,1,0.95
2024-04,2024-04-19,ITALY 1,Genoa,Lazio,9.2,0.9303,0.3121,0.08,0.1333,1,0.95
2024-04,2024-04-19,FRANCE 3,Orleans,Nimes,9.4,0.9201,0.2028,0.06,0.1667,1,0.95
2024-04,2024-04-19,IRELAND 2,Kerry,Athlone,14.0,0.9335,0.0218,0.07,0.125,1,0.95
2024-04,2024-04-19,IRELAND 2,Wexford,UC Dublin,12.5,0.9365,0.1596,0.07,0.125,1,0.95
2024-04,2024-04-20,JAPAN 1,Kyoto,Albirex Niigata,10.5,0.9307,0.226,0.07,0.1176,1,0.95
2024-04,2024-04-20,JAPAN 1,Sagan Tosu,Kashima Antlers,13.5,0.9472,0.2402,0.07,0.1053,1,0.95
2024-04,2024-04-20,SWEDEN 2,Skovde AIK,Trelleborg,12.5,0.9363,0.1575,0.06,0.1176,1,0.95
2024-04,2024-04-20,ROMANIA 1,Poli Iasi,FC Voluntari,10.5,0.919,0.104,0.1,0.1333,1,0.95
2024-04,2024-04-20,ENGLAND 2,Sunderland,Millwall,10.5,0.9149,0.0608,0.1,0.1333,1,0.95
2024-04,2024-04-20,ENGLAND 3,Blackpool,Barnsley,14.0,0.9438,0.1667,0.1,0.0769,1,0.95
2024-04,2024-04-20,ENGLAND 3,Charlton,Shrewsbury,12.5,0.9255,0.0222,0.1,0.1,1,0.95
2024-04,2024-04-20,SCOTLAND 3,Stirling,Queen of South,18.5,0.9635,0.2773,0.07,0.0667,0,-17.5
2024-04,2024-04-20,GREECE 1,OFI Crete,Volos,12.0,0.9466,0.3117,0.04,0.0909,1,0.95
2024-04,2024-04-20,ENGLAND 2,QPR,Preston,11.0,0.9313,0.1975,0.1,0.125,1,0.95
2024-04,2024-04-20,FRANCE 2,Angers,Troyes,11.5,0.9247,0.0884,0.14,0.0909,1,0.95
2024-04,2024-04-20,POLAND 2,Odra Opole,Chrobry Glogow,15.0,0.9487,0.1824,0.06,0.1111,1,0.95
2024-04,2024-04-20,SAUDI ARABIA 1,Al Ettifaq,Al Wehda,18.5,0.9565,0.1472,0.07,0.0667,0,-17.5
2024-04,2024-04-20,BRAZIL 2,Chapecoense-SC,Ituano,9.0,0.8976,0.0335,0.16,0.1538,1,0.95
2024-04,2024-04-20,ENGLAND 1,Wolves,Arsenal,23.0,0.9696,0.2519,0.02,0.0667,1,0.95
2024-04,2024-04-20,COLOMBIA 1,Pereira,Millonarios,8.6,0.9055,0.1424,0.09,0.1538,1,0.95
2024-04,2024-04-20,BRAZIL 1,Bragantino,Corinthians,11.0,0.9263,0.1427,0.07,0.1111,1,0.95
2024-04,2024-04-20,BRAZIL 1,Gremio,Cuiaba,9.2,0.929,0.3,0.07,0.1333,1,0.95
2024-04,2024-04-20,VENEZUELA 1,La Guaira,Dep. Tachira,8.6,0.8985,0.082,0.11,0.1667,1,0.95
2024-04,2024-04-20,BRAZIL 1,Atletico-MG,Cruzeiro,9.4,0.9338,0.3306,0.07,0.1333,1,0.95
2024-04,2024-04-20,ARGENTINA CUP,Godoy Cruz,Velez Sarsfield,7.6,0.9071,0.2485,0.08,0.1667,1,0.95
2024-04,2024-04-20,USA 1,Houston Dynamo,Austin FC,15.5,0.9531,0.226,0.07,0.0833,1,0.95
2024-04,2024-04-21,SWEDEN 1,AIK,Djurgarden,12.5,0.9407,0.2116,0.04,0.1333,1,0.95
2024-04,2024-04-21,ENGLAND 1,Everton,Nottingham,13.5,0.9332,0.0515,0.02,0.1176,1,0.95
2024-04,2024-04-21,FRANCE 1,Le Havre,Metz,9.6,0.9317,0.2977,0.06,0.1538,1,0.95
2024-04,2024-04-21,ITALY 4,Bra,Vado,15.5,0.9466,0.1248,0.02,0.1515,1,0.95
2024-04,2024-04-21,ITALY 4,Lavagnese,Asti,11.0,0.9306,0.1898,0.02,0.1471,1,0.95
2024-04,2024-04-21,ITALY 4,Varesina,Ponte San Pietro,11.5,0.9578,0.4667,0.02,0.0833,1,0.95
2024-04,2024-04-21,ENGLAND 1,Crystal Palace,West Ham,17.0,0.9466,0.0447,0.02,0.0833,1,0.95
2024-04,2024-04-21,WOM SPAIN 1,Valencia W,Real Sociedad W,8.0,0.9556,0.5967,0.03,0.0909,1,0.95
2024-04,2024-04-21,NORWAY 1,Kristiansund,Tromso,15.0,0.9487,0.1824,0.01,0.1053,1,0.95
2024-04,2024-04-21,ITALY 1,Salernitana,Fiorentina,16.0,0.9466,0.0981,0.08,0.0833,1,0.95
2024-04,2024-04-21,TURKEY 1,Antalyaspor,Hatayspor,13.0,0.9451,0.2392,0.06,0.0909,1,0.95
2024-04,2024-04-21,FRANCE 1,Toulouse,Marseille,12.5,0.9442,0.255,0.06,0.1053,1,0.95
2024-04,2024-04-21,ITALY 3,Taranto,Avellino,8.2,0.899,0.1265,0.1,0.1667,1,0.95
2024-04,2024-04-21,SERBIA 1,Radnicki Nis,Radnik,15.5,0.9487,0.1567,0.04,0.0769,1,0.95
2024-04,2024-04-21,ARGENTINA CUP,River Plate,Boca Juniors,9.0,0.9283,0.3087,0.08,0.1538,1,0.95
2024-04,2024-04-21,BRAZIL 1,Athletico-PR,Internacional,10.0,0.9231,0.1845,0.08,0.125,1,0.95
2024-04,2024-04-21,BRAZIL 1,Palmeiras,Flamengo RJ,9.4,0.9044,0.0566,0.08,0.1333,0,-8.4
2024-04,2024-04-21,CHILE 1,Palestino,U. De Chile,12.5,0.9419,0.2269,0.09,0.1053,1,0.95
2024-04,2024-04-21,COLOMBIA 1,Santa Fe,America De Cali,9.2,0.9426,0.4244,0.09,0.1429,1,0.95
2024-04,2024-04-21,COLOMBIA 2,Real Santander,Boca Juniors,9.0,0.9027,0.0791,0.07,0.1429,1,0.95
2024-04,2024-04-21,BRAZIL 1,Atletico GO,Sao Paulo,8.4,0.9058,0.1634,0.08,0.1538,1,0.95
2024-04,2024-04-22,IRELAND 1,Derry City,St. Patricks,11.0,0.9173,0.0441,0.16,0.1333,1,0.95
2024-04,2024-04-22,NORTHERN IRELAND 1,Linfield,Larne,14.5,0.9363,0.0291,0.04,0.1333,1,0.95
2024-04,2024-04-22,SPAIN 1,Sevilla,Mallorca,8.6,0.901,0.1035,0.09,0.1429,1,0.95
2024-04,2024-04-24,FINLAND 1,SJK,HJK,18.5,0.9582,0.1786,0.04,0.0769,1,0.95
2024-04,2024-04-24,GREECE 1,Aris,Olympiacos Piraeus,16.5,0.9565,0.2343,0.04,0.0667,1,0.95
2024-04,2024-04-24,SWEDEN 1,Brommapojkarna,Sirius,17.0,0.9582,0.2413,0.04,0.0667,1,0.95
2024-04,2024-04-24,SWEDEN 1,Goteborg,Hacken,19.0,0.9531,0.062,0.04,0.0667,1,0.95
2024-04,2024-04-24,ENGLAND 5,Solihull Moors,FC Halifax,12.0,0.924,0.0423,0.09,0.0769,1,0.95
2024-04,2024-04-24,ENGLAND 1,Wolves,Bournemouth,17.5,0.9648,0.3365,0.02,0.0667,1,0.95
2024-04,2024-04-24,FRANCE 1,Marseille,Nice,9.8,0.9379,0.3445,0.05,0.125,1,0.95
2024-04,2024-04-24,FRANCE 1,Monaco,Lille,16.5,0.9553,0.2145,0.05,0.0667,1,0.95
2024-04,2024-04-25,ROMANIA 1,FC Hermannstadt,Petrolul,7.8,0.8854,0.0617,0.1,0.1667,1,0.95
2024-04,2024-04-25,SWEDEN 1,Djurgarden,Malmo FF,14.0,0.9419,0.1398,0.04,0.0909,1,0.95
2024-04,2024-04-26,DENMARK 1,Lyngby,Vejle,11.0,0.9307,0.1913,0.07,0.1053,1,0.95
2024-04,2024-04-26,IRELAND 2,Treaty United,UC Dublin,14.5,0.9382,0.0568,0.07,0.125,1,0.95
2024-04,2024-04-26,IRELAND 1,Dundalk,Bohemians,11.0,0.9212,0.0873,0.17,0.1111,1,0.95
2024-04,2024-04-26,IRELAND 1,Shelbourne,St. Patricks,7.8,0.8944,0.1318,0.17,0.1538,1,0.95
2024-04,2024-04-26,SPAIN 1,Real Sociedad,Real Madrid,11.0,0.9159,0.0291,0.09,0.1333,1,0.95
2024-04,2024-04-26,PORTUGAL 1,Gil Vicente,Arouca,15.0,0.9466,0.1515,0.1,0.0667,1,0.95
2024-04,2024-04-26,BRAZIL 2,Ituano,Operario-PR,8.2,0.889,0.0456,0.15,0.1538,1,0.95
2024-04,2024-04-27,PORTUGAL 2,Mafra,Oliveirense,16.0,0.9514,0.1755,0.07,0.0909,1,0.95
2024-04,2024-04-27,ENGLAND 3,Port Vale,Cambridge Utd,10.5,0.9155,0.0672,0.07,0.1111,0,-9.5
2024-04,2024-04-27,GERMANY 1,Freiburg,Wolfsburg,15.5,0.9438,0.0824,0.03,0.1,1,0.95
2024-04,2024-04-27,ENGLAND 4,AFC Wimbledon,Walsall,19.0,0.9575,0.1439,0.02,0.0667,1,0.95
2024-04,2024-04-27,ENGLAND 4,Colchester,Crewe,7.6,0.9392,0.4908,0.02,0.1429,1,0.95
2024-04,2024-04-27,ENGLAND 4,Gillingham,Doncaster,16.0,0.9479,0.1188,0.02,0.0769,1,0.95
2024-04,2024-04-27,ENGLAND 1,Fulham,Crystal Palace,17.5,0.9487,0.054,0.02,0.0909,1,0.95
2024-04,2024-04-27,PORTUGAL 2,Leixoes,Vilaverdense,15.0,0.9389,0.0364,0.07,0.1111,1,0.95
2024-04,2024-04-27,PORTUGAL 1,Vizela,Rio Ave,11.0,0.9241,0.1194,0.09,0.0909,1,0.95
2024-04,2024-04-27,BULGARIA 1,Botev Plovdiv,Slavia Sofia,11.5,0.9211,0.0469,0.1,0.0909,1,0.95
2024-04,2024-04-27,CYPRUS 1,Nea Salamis,Achnas,10.5,0.9362,0.2836,0.08,0.0833,1,0.95
2024-04,2024-04-27,NORWAY 1,Rosenborg,Bodo/Glimt,18.5,0.9604,0.2189,0.01,0.0667,1,0.95
2024-04,2024-04-27,SERBIA 1,Javor,IMT Novi Beograd,11.5,0.9263,0.1062,0.06,0.1333,1,0.95
2024-04,2024-04-27,ENGLAND 1,Everton,Brentford,14.0,0.9609,0.4039,0.02,0.0909,1,0.95
2024-04,2024-04-27,SPAIN 2,Elche,Espanyol,9.6,0.9273,0.2557,0.13,0.125,1,0.95
2024-04,2024-04-27,ROMANIA 1,FCSB,Farul Constanta,18.5,0.9527,0.0781,0.1,0.0667,1,0.95
2024-04,2024-04-27,PERU 1,Cusco,Cienciano,12.5,0.9257,0.0251,0.07,0.1053,1,0.95
2024-04,2024-04-27,USA 1,Nashville SC,San Jose Earthquakes,15.0,0.9468,0.1542,0.07,0.0833,1,0.95
2024-04,2024-04-27,MEXICO 1,Toluca,Cruz Azul,17.0,0.9525,0.1447,0.04,0.0667,1,0.95
2024-04,2024-04-28,PORTUGAL 2,Torreense,Academico Viseu,11.5,0.9216,0.0524,0.07,0.125,1,0.95
2024-04,2024-04-28,NETHERLANDS 1,Nijmegen,AZ Alkmaar,18.5,0.9544,0.1094,0.03,0.0667,1,0.95
2024-04,2024-04-28,FRANCE 1,Metz,Lille,15.0,0.9412,0.0716,0.05,0.0909,1,0.95
2024-04,2024-04-28,SWEDEN 1,Varnamo,Halmstad,13.5,0.9317,0.0314,0.04,0.125,1,0.95
2024-04,2024-04-28,NETHERLANDS 1,Waalwijk,Utrecht,18.0,0.9527,0.1017,0.03,0.0769,1,0.95
2024-04,2024-04-28,WOM ENGLAND 1,Tottenham W,Brighton W,28.0,0.9708,0.1331,0.02,0.0667,1,0.95
2024-04,2024-04-28,FRANCE 1,Clermont,Reims,14.0,0.9487,0.2337,0.05,0.0667,1,0.95
2024-04,2024-04-28,FRANCE 1,Lorient,Toulouse,13.0,0.9442,0.2271,0.05,0.0909,1,0.95
2024-04,2024-04-28,ITALY 1,Bologna,Udinese,11.5,0.9362,0.2198,0.08,0.125,1,0.95
2024-04,2024-04-28,ITALY 4,Legnano,USD Casatese,11.5,0.9317,0.168,0.06,0.125,1,0.95
2024-04,2024-04-28,GERMANY 1,B. Monchengladbach,Union Berlin,14.0,0.9452,0.185,0.04,0.0909,0,-13.0
2024-04,2024-04-28,NORWAY 1,Lillestrom,HamKam,18.0,0.9793,0.5788,0.02,0.0833,1,0.95
2024-04,2024-04-28,NORWAY 1,Stromsgodset,Kristiansund,15.0,0.9479,0.1709,0.02,0.0833,1,0.95
2024-04,2024-04-28,NORWAY 1,Tromso,Sarpsborg 08,17.5,0.9583,0.2221,0.02,0.0769,1,0.95
2024-04,2024-04-28,ROMANIA 1,Poli Iasi,UTA Arad,13.5,0.94,0.1425,0.1,0.0909,1,0.95
2024-04,2024-04-28,FINLAND 1,Mariehamn,Ilves,15.5,0.9466,0.1248,0.04,0.0833,1,0.95
2024-04,2024-04-28,SPAIN 1,Villarreal,Rayo Vallecano,16.0,0.9514,0.1755,0.07,0.1,1,0.95
2024-04,2024-04-28,SPAIN 2,Levante,FC Cartagena SAD,12.0,0.9419,0.2559,0.13,0.1,1,0.95
2024-04,2024-04-28,SPAIN 2,Valladolid,Huesca,8.6,0.8933,0.0374,0.13,0.1667,1,0.95
2024-04,2024-04-28,ITALY 3,Gubbio,Rimini,12.5,0.9256,0.0236,0.09,0.125,1,0.95
2024-04,2024-04-28,BRAZIL 1,Corinthians,Fluminense,9.4,0.9151,0.1562,0.07,0.1333,1,0.95
2024-04,2024-04-28,FRANCE 1,Marseille,Lens,15.5,0.9421,0.0552,0.05,0.0833,1,0.95
2024-04,2024-04-28,BRAZIL 1,Juventude,Athletico-PR,9.4,0.915,0.1555,0.07,0.1538,1,0.95
2024-04,2024-04-28,BRAZIL 1,Internacional,Atletico GO,12.0,0.9246,0.0491,0.07,0.125,1,0.95
2024-04,2024-04-28,MEXICO 1,Necaxa,Monterrey,15.0,0.9379,0.0216,0.04,0.0909,1,0.95
2024-04,2024-04-29,SWEDEN 1,Brommapojkarna,Goteborg,14.0,0.944,0.1686,0.04,0.0909,1,0.95
2024-04,2024-04-29,TURKEY 1,Karagumruk,Antalyaspor,18.5,0.9514,0.0541,0.04,0.0667,1,0.95
2024-04,2024-04-29,ITALY 1,Genoa,Cagliari,9.2,0.9073,0.1016,0.08,0.125,1,0.95
2024-04,2024-04-29,BRAZIL 1,Sao Paulo,Palmeiras,7.8,0.891,0.1052,0.07,0.1667,0,-6.8
2024-05,2024-05-01,WOM ITALY 1,Como W,Sampdoria W,15.5,0.9462,0.1187,0.05,0.0833,1,0.95
2024-05,2024-05-01,SERBIA 1,Novi Pazar,Javor,15.0,0.9396,0.0472,0.07,0.1053,1,0.95
2024-05,2024-05-01,ICELAND 2,Grindavik,Fjolnir,34.0,0.9862,0.4823,0.0,0.0667,1,0.95
2024-05,2024-05-02,SOUTH AFRICA 1,Kaizer Chiefs,Mamelodi Sundowns,9.6,0.909,0.0812,0.09,0.1667,1,0.95
2024-05,2024-05-03,MEXICO 1,Pachuca,UNAM Pumas,18.0,0.9569,0.1769,0.04,0.0667,0,-17.0
2024-05,2024-05-03,AUSTRIA 2,Amstetten,Floridsdorfer AC,16.0,0.9437,0.0521,0.05,0.1053,1,0.95
2024-05,2024-05-03,DENMARK 1,Aarhus,Nordsjaelland,14.5,0.9381,0.0552,0.07,0.0769,1,0.95
2024-05,2024-05-03,NETHERLANDS 2,Den Bosch,FC Emmen,21.0,0.9581,0.0721,0.01,0.0769,1,0.95
2024-05,2024-05-03,ENGLAND 3,Barnsley,Bolton,16.0,0.9444,0.0634,0.07,0.0769,1,0.95
2024-05,2024-05-03,IRELAND 2,Finn Harps,Treaty United,13.0,0.9284,0.0229,0.06,0.1429,1,0.95
2024-05,2024-05-03,ITALY 1,Torino,Bologna,8.2,0.899,0.127,0.08,0.1667,0,-7.2
2024-05,2024-05-03,ENGLAND 1,Luton,Everton,17.5,0.9975,0.9063,0.02,0.0667,1,0.95
2024-05,2024-05-03,SPAIN 1,Getafe,Ath Bilbao,9.2,0.9133,0.1568,0.07,0.1429,1,0.95
2024-05,2024-05-03,PORTUGAL 1,Moreirense,Vizela,12.0,0.9303,0.1172,0.08,0.1,1,0.95
2024-05,2024-05-03,CHILE 1,Coquimbo,Huachipato,10.0,0.9188,0.1416,0.08,0.1111,1,0.95
2024-05,2024-05-03,PARAGUAY 1,Libertad Asuncion,Cerro Porteno,10.0,0.9083,0.0379,0.06,0.1667,1,0.95
2024-05,2024-05-04,ENGLAND 2,Stoke,Bristol City,14.0,0.9444,0.1746,0.08,0.0667,1,0.95
2024-05,2024-05-04,ENGLAND 2,Swansea,Millwall,14.0,0.9353,0.0474,0.08,0.0909,1,0.95
2024-05,2024-05-04,FINLAND 1,Ilves,AC Oulu,18.5,0.9688,0.3751,0.05,0.0769,1,0.95
2024-05,2024-05-04,UKRAINE 1,Obolon,LNZ Cherkasy,8.8,0.9147,0.2034,0.06,0.1667,1,0.95
2024-05,2024-05-04,FRANCE 1,Le Havre,Strasbourg,10.0,0.914,0.0944,0.04,0.1176,1,0.95
2024-05,2024-05-04,SCOTLAND 3,Hamilton,Kelty Hearts,21.0,0.9606,0.1243,0.05,0.0667,1,0.95
2024-05,2024-05-04,SCOTLAND 1,Dundee FC,St. Mirren,12.5,0.9354,0.1451,0.05,0.1429,1,0.95
2024-05,2024-05-04,SPAIN 1,Real Madrid,Cadiz CF,11.5,0.9308,0.1581,0.07,0.0909,1,0.95
2024-05,2024-05-04,AUSTRIA 1,Altach,Wolfsberger AC,9.2,0.9117,0.142,0.11,0.1333,1,0.95
2024-05,2024-05-04,PORTUGAL 3,Academica,Atletico CP,12.5,0.9409,0.2146,0.06,0.1053,1,0.95
2024-05,2024-05-04,UKRAINE 1,Metalist 1925,Vorskla Poltava,11.5,0.9407,0.2706,0.06,0.125,1,0.95
2024-05,2024-05-04,GERMANY 1,FC Koln,Freiburg,17.5,0.9527,0.1247,0.03,0.0667,0,-16.5
2024-05,2024-05-04,URUGUAY 1,Wanderers,Progreso,13.5,0.9401,0.1438,0.08,0.0909,1,0.95
2024-05,2024-05-04,SLOVENIA 1,Maribor,Celje,23.0,0.9711,0.2878,0.08,0.0909,1,0.95
2024-05,2024-05-04,FRANCE 1,Brest,Nantes,11.5,0.9256,0.0979,0.04,0.1176,0,-10.5
2024-05,2024-05-04,BRAZIL 2,Chapecoense-SC,America MG,8.6,0.9084,0.1669,0.15,0.1429,1,0.95
2024-05,2024-05-04,USA 1,Orlando City,FC Cincinnati,15.0,0.9407,0.0629,0.07,0.0833,1,0.95
2024-05,2024-05-04,USA 1,San Jose Earthquakes,Los Angeles FC,19.5,0.9533,0.0425,0.07,0.0667,1,0.95
2024-05,2024-05-04,BRAZIL 1,Corinthians,Fortaleza,8.2,0.8943,0.0885,0.07,0.1538,0,-7.2
2024-05,2024-05-05,SPAIN 3,Algeciras,Baleares,7.8,0.9151,0.2921,0.12,0.1111,1,0.95
2024-05,2024-05-05,SPAIN 4,Tudelano,Alaves B,7.8,0.9373,0.4638,0.07,0.0909,1,0.95
2024-05,2024-05-05,ROMANIA 1,Petrolul,Otelul,8.6,0.8951,0.0529,0.09,0.1667,1,0.95
2024-05,2024-05-05,UKRAINE 1,Dyn. Kyiv,Kolos Kovalivka,17.5,0.9569,0.1985,0.05,0.0909,1,0.95
2024-05,2024-05-05,CZECH 1,Teplice,Liberec,14.0,0.9353,0.0474,0.07,0.1,1,0.95
2024-05,2024-05-05,ITALY 4,Derthona FbC,Ligorna,10.5,0.9408,0.3316,0.05,0.1176,0,-9.5
2024-05,2024-05-05,URUGUAY 1,River Plate,Cerro Largo,10.5,0.9181,0.0946,0.08,0.1429,1,0.95
2024-05,2024-05-05,GERMANY 1,Union Berlin,Bochum,11.5,0.921,0.0452,0.04,0.1,1,0.95
2024-05,2024-05-05,DENMARK 1,Silkeborg,FC Copenhagen,19.5,0.9558,0.0904,0.07,0.0667,1,0.95
2024-05,2024-05-05,SPAIN 2,Andorra,Albacete,9.0,0.9182,0.2178,0.13,0.1053,1,0.95
2024-05,2024-05-05,NETHERLANDS 1,AZ Alkmaar,Twente,15.5,0.9453,0.1055,0.03,0.0909,1,0.95
2024-05,2024-05-05,NORWAY 1,Kristiansund,HamKam,14.0,0.9481,0.2255,0.02,0.0909,1,0.95
2024-05,2024-05-05,NORWAY 1,Sandefjord,Molde,14.5,0.9469,0.1828,0.02,0.0833,1,0.95
2024-05,2024-05-05,FINLAND 1,Mariehamn,Inter Turku,12.0,0.9286,0.0973,0.05,0.1111,1,0.95
2024-05,2024-05-05,GERMANY 1,Eintracht Frankfurt,Bayer Leverkusen,15.5,0.9434,0.076,0.04,0.0769,1,0.95
2024-05,2024-05-05,TURKEY 1,Gaziantep,Hatayspor,12.5,0.9255,0.0222,0.04,0.1111,1,0.95
2024-05,2024-05-05,SPAIN 1,Valencia,Alaves,7.8,0.9238,0.3595,0.07,0.1538,1,0.95
2024-05,2024-05-05,SPAIN 2,Zaragoza,Burgos CF,8.0,0.8929,0.0984,0.13,0.1429,1,0.95
2024-05,2024-05-05,NORWAY 1,Viking,Tromso,23.0,0.9705,0.272,0.02,0.0667,1,0.95
2024-05,2024-05-05,BRAZIL 1,Athletico-PR,Vasco,11.5,0.9229,0.0676,0.08,0.1053,1,0.95
2024-05,2024-05-05,BRAZIL 3,Botafogo PB,Remo,8.6,0.9076,0.1601,0.1,0.1667,1,0.95
2024-05,2024-05-05,BRAZIL 1,Cuiaba,Palmeiras,8.2,0.889,0.0452,0.08,0.1667,1,0.95
2024-05,2024-05-05,MEXICO 2,Atlante,Tapatio,12.5,0.9301,0.0795,0.07,0.1429,1,0.95
2024-05,2024-05-05,ECUADOR 1,Emelec,U. Catolica,12.0,0.9267,0.0739,0.08,0.125,1,0.95
2024-05,2024-05-06,ROMANIA 1,FC Hermannstadt,Poli Iasi,9.2,0.9278,0.2892,0.09,0.1,1,0.95
2024-05,2024-05-06,EGYPT 1,Pyramids,Modern Sport,14.0,0.9351,0.0442,0.11,0.1,1,0.95
2024-05,2024-05-06,ENGLAND 4,Crewe,Doncaster,13.0,0.9453,0.2422,0.02,0.1053,1,0.95
2024-05,2024-05-06,PERU 1,Grau,Sport Huancayo,13.5,0.9491,0.2655,0.07,0.0909,0,-12.5
2024-05,2024-05-07,SERBIA 1,Radnik,Javor,11.0,0.9174,0.0458,0.07,0.1471,1,0.95
2024-05,2024-05-07,SERBIA 1,Sp. Subotica,Radnicki Nis,8.8,0.9061,0.1283,0.07,0.1538,1,0.95
2024-05,2024-05-07,SCOTLAND 1,Airdrieonians,Partick Thistle,13.0,0.938,0.1465,0.04,0.1053,1,0.95
2024-05,2024-05-08,MEXICO 1,Guadalajara Chivas,Toluca,17.5,0.9489,0.0577,0.04,0.1,1,0.95
2024-05,2024-05-09,UKRAINE 1,Kolos Kovalivka,FK Zorya Luhansk,8.4,0.9244,0.3186,0.04,0.1667,1,0.95
2024-05,2024-05-10,EGYPT 1,Ceramica Cleopatra,El Gaish,9.4,0.9076,0.0862,0.11,0.125,1,0.95
2024-05,2024-05-10,FINLAND 1,KuPS,VPS,12.0,0.936,0.1854,0.05,0.125,1,0.95
2024-05,2024-05-10,DENMARK 1,Odense,Lyngby,16.0,0.9489,0.1357,0.07,0.0909,1,0.95
2024-05,2024-05-10,GERMANY 3,RW Essen,Munich 1860,18.5,0.9569,0.1554,0.07,0.0667,1,0.95
2024-05,2024-05-10,NETHERLANDS 2,Eindhoven FC,Den Bosch,21.0,0.964,0.196,0.01,0.0667,1,0.95
2024-05,2024-05-10,FRANCE 2,AC Ajaccio,Grenoble,9.6,0.9151,0.1393,0.09,0.1333,1,0.95
2024-05,2024-05-10,IRELAND 2,Athlone,Bray,10.5,0.921,0.1242,0.06,0.1429,1,0.95
2024-05,2024-05-10,ENGLAND 4,Doncaster,Crewe,17.5,0.9526,0.1227,0.02,0.0833,1,0.95
2024-05,2024-05-10,FRANCE 3,Nimes,Sochaux,12.5,0.9286,0.0616,0.06,0.1176,1,0.95
2024-05,2024-05-10,PORTUGAL 1,Chaves,Famalicao,12.5,0.9292,0.0682,0.09,0.0909,1,0.95
2024-05,2024-05-11,SWEDEN 1,Halmstad,Mjallby,10.0,0.9238,0.1919,0.04,0.1176,1,0.95
2024-05,2024-05-11,TURKEY 2,Goztepe,Bodrumspor,14.0,0.9398,0.1104,0.1,0.1111,1,0.95
2024-05,2024-05-11,GERMANY 1,FC Koln,Union Berlin,12.5,0.9355,0.1464,0.04,0.0909,1,0.95
2024-05,2024-05-11,BOSNIA 1,Siroki Brijeg,Velez Mostar,12.0,0.9344,0.1659,0.06,0.1538,1,0.95
2024-05,2024-05-11,ENGLAND 1,Wolves,Crystal Palace,16.5,0.9481,0.0956,0.03,0.0833,1,0.95
2024-05,2024-05-11,NORWAY 2,Aalesund,Valerenga,21.0,0.9688,0.2972,0.06,0.0667,1,0.95
2024-05,2024-05-11,SCOTLAND 1,Livingston,St Johnstone,9.6,0.9286,0.2685,0.04,0.1176,1,0.95
2024-05,2024-05-11,SCOTLAND 1,St. Mirren,Kilmarnock,11.0,0.9255,0.134,0.04,0.1333,1,0.95
2024-05,2024-05-11,PORTUGAL 1,Portimonense,Rio Ave,12.0,0.9267,0.0739,0.09,0.0909,1,0.95
2024-05,2024-05-11,AUSTRIA 1,Austria Vienna,Wolfsberger AC,14.0,0.9335,0.0219,0.11,0.0769,1,0.95
2024-05,2024-05-11,SWEDEN 1,GAIS,Vasteras SK,13.0,0.9381,0.1481,0.04,0.0909,1,0.95
2024-05,2024-05-11,FINLAND 1,Inter Turku,HJK,15.0,0.9398,0.0493,0.05,0.0769,1,0.95
2024-05,2024-05-11,SPAIN 2,Valladolid,Espanyol,9.8,0.918,0.151,0.14,0.125,0,-8.8
2024-05,2024-05-11,SPAIN 1,Ath Bilbao,Osasuna,14.5,0.9387,0.0637,0.06,0.1053,1,0.95
2024-05,2024-05-11,USA 1,FC Dallas,Austin FC,13.0,0.9469,0.2624,0.09,0.0909,1,0.95
2024-05,2024-05-12,SWITZERLAND 1,Winterthur,Zurich,15.5,0.9402,0.0261,0.06,0.0909,1,0.95
2024-05,2024-05-12,WOM ITALY 1,Inter W,Sassuolo W,14.5,0.9373,0.0443,0.05,0.0769,1,0.95
2024-05,2024-05-12,SWEDEN 2,Brage,Ostersund,12.0,0.9278,0.0871,0.09,0.1053,1,0.95
2024-05,2024-05-12,ITALY 4,Corticella,Victor San Marino,10.5,0.9353,0.2737,0.05,0.1,1,0.95
2024-05,2024-05-12,SCOTLAND 1,Hibernian,Aberdeen,17.0,0.9526,0.1464,0.04,0.0667,1,0.95
2024-05,2024-05-12,SWEDEN 1,Djurgarden,Elfsborg,16.5,0.9469,0.0766,0.03,0.0909,1,0.95
2024-05,2024-05-12,SWEDEN 1,Varnamo,Brommapojkarna,17.0,0.9462,0.038,0.03,0.0909,1,0.95
2024-05,2024-05-12,NORWAY 1,HamKam,Haugesund,12.5,0.9481,0.3034,0.02,0.0909,1,0.95
2024-05,2024-05-12,NORWAY 1,KFUM Oslo,Fredrikstad,12.5,0.9405,0.2093,0.02,0.1333,1,0.95
2024-05,2024-05-12,FINLAND 1,Lahti,Mariehamn,10.5,0.9133,0.0442,0.05,0.125,1,0.95
2024-05,2024-05-12,TURKEY 1,Hatayspor,Ankaragucu,14.5,0.9408,0.0942,0.04,0.0909,1,0.95
2024-05,2024-05-12,BULGARIA 1,Levski Sofia,Cherno More,9.2,0.9036,0.0678,0.12,0.1333,0,-8.2
2024-05,2024-05-12,SPAIN 1,Valencia,Rayo Vallecano,8.2,0.9194,0.293,0.06,0.1538,0,-7.2
2024-05,2024-05-12,NORWAY 1,Lillestrom,Brann,18.0,0.9884,0.7426,0.02,0.0667,1,0.95
2024-05,2024-05-12,ROMANIA 1,Poli Iasi,Petrolul,11.0,0.9232,0.1086,0.08,0.1333,1,0.95
2024-05,2024-05-12,ITALY 1,Atalanta,AS Roma,17.0,0.9459,0.0333,0.1,0.0667,1,0.95
2024-05,2024-05-12,BRAZIL 1,Fortaleza,Botafogo RJ,11.0,0.9181,0.0537,0.08,0.1176,1,0.95
2024-05,2024-05-12,FRANCE 1,Nantes,Lille,12.0,0.9371,0.1986,0.05,0.1,1,0.95
2024-05,2024-05-12,COLOMBIA 2,Tigres,Cartagena,8.0,0.9031,0.1793,0.08,0.125,1,0.95
2024-05,2024-05-12,USA 1,Portland Timbers,Seattle Sounders,17.0,0.9456,0.0275,0.09,0.0667,1,0.95
2024-05,2024-05-12,ARGENTINA 1,Atl. Tucuman,Boca Juniors,7.6,0.8897,0.1175,0.15,0.1429,1,0.95
2024-05,2024-05-12,COLOMBIA 1,Deportes Tolima,Once Caldas,11.0,0.9314,0.1989,0.11,0.1333,1,0.95
2024-05,2024-05-13,SWEDEN 1,Goteborg,Malmo FF,16.0,0.9699,0.4697,0.03,0.0909,1,0.95
2024-05,2024-05-13,BRAZIL 1,Sao Paulo,Fluminense,11.0,0.9247,0.1255,0.08,0.1176,1,0.95
2024-05,2024-05-14,SCOTLAND 1,Partick Thistle,Raith,13.5,0.944,0.1972,0.04,0.1053,1,0.95
2024-05,2024-05-15,DENMARK 1,Vejle,Lyngby,11.5,0.9286,0.1329,0.06,0.1176,1,0.95
2024-05,2024-05-15,GREECE 1,PAOK,Panathinaikos,18.0,0.9544,0.1322,0.04,0.0667,1,0.95
2024-05,2024-05-15,SWEDEN 1,Elfsborg,AIK,13.5,0.9481,0.2514,0.03,0.0909,1,0.95
2024-05,2024-05-15,SWEDEN 1,Mjallby,Hammarby,12.0,0.9456,0.2996,0.03,0.1,1,0.95
2024-05,2024-05-15,SWEDEN 1,Vasteras SK,Varnamo,16.0,0.9471,0.1067,0.03,0.0769,1,0.95
2024-05,2024-05-15,SCOTLAND 1,St Johnstone,Ross County,9.8,0.9187,0.1574,0.04,0.1176,1,0.95
2024-05,2024-05-15,SPAIN 1,Celta Vigo,Ath Bilbao,13.0,0.9353,0.1121,0.05,0.1111,1,0.95
2024-05,2024-05-15,SPAIN 1,Getafe,Atl. Madrid,12.0,0.9296,0.1086,0.05,0.1,1,0.95
2024-05,2024-05-15,MEXICO 1,Guadalajara Chivas,Club America,10.5,0.926,0.1767,0.04,0.125,0,-9.5
2024-05,2024-05-16,NORWAY 2,Mjondalen,Asane,19.0,0.9569,0.1339,0.05,0.0667,1,0.95
2024-05,2024-05-16,DENMARK 1,Aarhus,Silkeborg,11.5,0.9282,0.1277,0.06,0.1176,1,0.95
2024-05,2024-05-16,NORWAY 1,Haugesund,Kristiansund,14.5,0.9463,0.1745,0.02,0.0833,1,0.95
2024-05,2024-05-16,NORWAY 1,Sarpsborg 08,HamKam,19.5,0.9689,0.3456,0.02,0.0667,1,0.95
2024-05,2024-05-16,SWEDEN 1,Brommapojkarna,Djurgarden,15.5,0.9469,0.1297,0.02,0.0769,1,0.95
2024-05,2024-05-16,SWEDEN 1,Sirius,Goteborg,15.0,0.9526,0.2412,0.02,0.0769,1,0.95
2024-05,2024-05-16,SPAIN 1,Real Sociedad,Valencia,11.0,0.9202,0.076,0.05,0.125,1,0.95
2024-05,2024-05-17,FINLAND 1,HJK,VPS,15.5,0.9433,0.0734,0.05,0.0909,1,0.95
2024-05,2024-05-17,FINLAND 1,Ilves,Haka,15.0,0.9469,0.1562,0.05,0.0667,1,0.95
2024-05,2024-05-17,SWEDEN 2,Gefle,Sundsvall,13.5,0.9353,0.0798,0.09,0.1,1,0.95
2024-05,2024-05-17,SWEDEN 2,Trelleborg,Helsingborg,12.5,0.9344,0.133,0.09,0.0909,0,-11.5
2024-05,2024-05-17,IRELAND 2,UC Dublin,Finn Harps,12.0,0.9278,0.087,0.06,0.1429,1,0.95
2024-05,2024-05-17,SCOTLAND 1,Raith,Partick Thistle,15.5,0.9465,0.1227,0.04,0.0833,1,0.95
2024-05,2024-05-18,GERMANY 1,Union Berlin,Freiburg,13.5,0.9469,0.2359,0.04,0.0769,1,0.95
2024-05,2024-05-18,AUSTRIA 1,BW Linz,Austria Vienna,13.5,0.9359,0.0879,0.1,0.0769,1,0.95
2024-05,2024-05-18,AUSTRIA 1,Wolfsberger AC,Tirol,14.0,0.9429,0.1528,0.1,0.0909,1,0.95
2024-05,2024-05-18,TURKEY 1,Kayserispor,Konyaspor,11.0,0.938,0.2712,0.06,0.1333,1,0.95
2024-05,2024-05-18,ITALY 1,Torino,AC Milan,11.0,0.9254,0.1331,0.1,0.125,1,0.95
2024-05,2024-05-18,SPAIN 1,Alaves,Getafe,10.0,0.9181,0.1356,0.05,0.125,1,0.95
2024-05,2024-05-18,USA 1,Houston Dynamo,FC Dallas,12.5,0.9342,0.1306,0.11,0.0909,1,0.95
2024-05,2024-05-19,ROMANIA 1,Otelul,U. Cluj,9.4,0.918,0.1837,0.07,0.1667,1,0.95
2024-05,2024-05-19,DENMARK 1,Odense,Randers FC,19.0,0.9646,0.2788,0.06,0.0667,1,0.95
2024-05,2024-05-19,SWEDEN 1,Brommapojkarna,Norrkoping,19.0,0.966,0.3053,0.02,0.0667,1,0.95
2024-05,2024-05-19,SWEDEN 1,Hammarby,AIK,13.5,0.9533,0.3217,0.02,0.0769,1,0.95
2024-05,2024-05-19,SCOTLAND 1,Motherwell,St Johnstone,14.0,0.9378,0.0828,0.04,0.0833,1,0.95
2024-05,2024-05-19,SPAIN 1,Betis,Real Sociedad,9.6,0.916,0.148,0.05,0.1538,1,0.95
2024-05,2024-05-19,SPAIN 1,Valencia,Girona,17.0,0.9526,0.1464,0.05,0.0769,1,0.95
2024-05,2024-05-19,FRANCE 1,Lille,Nice,19.0,0.9601,0.1948,0.04,0.0667,1,0.95
2024-05,2024-05-19,FRANCE 1,Toulouse,Brest,19.5,0.9569,0.1123,0.04,0.0667,1,0.95
2024-05,2024-05-19,ECUADOR 1,Aucas,U. Catolica,15.5,0.9403,0.0269,0.08,0.0909,1,0.95
2024-05,2024-05-19,ARGENTINA 1,Central Cordoba,Boca Juniors,9.2,0.9153,0.1745,0.17,0.1111,1,0.95
2024-05,2024-05-20,DENMARK 1,Lyngby,Viborg,14.0,0.9441,0.1707,0.06,0.0769,1,0.95
2024-05,2024-05-20,DENMARK 1,Silkeborg,Brondby,18.0,0.9491,0.0355,0.06,0.0667,1,0.95
2024-05,2024-05-20,EGYPT 1,Arab Contractors,Pharco,7.4,0.8793,0.0632,0.12,0.1667,1,0.95
2024-05,2024-05-20,TURKEY 2,Corum,Bodrumspor,9.6,0.9123,0.1122,0.1,0.1333,1,0.95
2024-05,2024-05-20,BULGARIA 1,Slavia Sofia,Botev Plovdiv,11.5,0.9255,0.0967,0.13,0.1,1,0.95
2024-05,2024-05-20,NORWAY 1,Tromso,Rosenborg,16.5,0.9456,0.0547,0.03,0.0769,1,0.95
2024-05,2024-05-20,ITALY 1,Bologna,Juventus,10.0,0.9084,0.0387,0.09,0.1333,1,0.95
2024-05,2024-05-20,BOLIVIA 1,Royal Pari,Always Ready,12.5,0.9443,0.256,0.04,0.1111,1,0.95
2024-05,2024-05-21,AUSTRIA 1,Wolfsberger AC,Austria Vienna,13.0,0.938,0.1472,0.1,0.1,1,0.95
2024-05,2024-05-21,NORWAY 2,Moss,Start,21.0,0.9561,0.0309,0.05,0.0667,1,0.95
2024-05,2024-05-21,SWEDEN 1,Goteborg,Mjallby,12.5,0.9491,0.3157,0.03,0.1,1,0.95
2024-05,2024-05-21,ISRAEL 1,Maccabi Bnei Raina,Sakhnin,14.0,0.9405,0.1199,0.08,0.0769,1,0.95
2024-05,2024-05-21,BOLIVIA 1,Independiente,Oriente Petrolero,14.5,0.9401,0.0851,0.04,0.1,1,0.95
2024-05,2024-05-22,FINLAND 1,VPS,KuPS,10.0,0.9238,0.1919,0.06,0.1429,1,0.95
2024-05,2024-05-22,NORWAY 2,Bryne,Aalesund,19.5,0.9569,0.1123,0.04,0.0667,1,0.95
2024-05,2024-05-22,BOLIVIA 1,Tomayapo,Universitario de Vinto,14.5,0.946,0.1698,0.04,0.0833,1,0.95
2024-05,2024-05-22,BOLIVIA 1,Aurora,Bolivar,22.0,0.9711,0.3167,0.04,0.0667,1,0.95
2024-05,2024-05-22,BOLIVIA 1,Blooming,Wilstermann,11.5,0.9193,0.0256,0.04,0.1176,1,0.95
2024-05,2024-05-23,MEXICO 1,Cruz Azul,Club America,11.0,0.9373,0.263,0.05,0.1176,1,0.95
2024-05,2024-05-24,EGYPT 1,Enppi,Ceramica Cleopatra,7.6,0.884,0.0744,0.12,0.1538,1,0.95
2024-05,2024-05-24,SERBIA 1,Sp. Subotica,IMT Novi Beograd,9.2,0.9136,0.1599,0.07,0.125,1,0.95
2024-05,2024-05-24,IRELAND 2,Wexford,Bray,13.0,0.9305,0.0496,0.05,0.1176,1,0.95
2024-05,2024-05-24,ARGENTINA 1,Belgrano,Central Cordoba,11.5,0.9232,0.0703,0.17,0.1111,1,0.95
2024-05,2024-05-24,BRAZIL 2,America MG,Santos,8.0,0.9004,0.1581,0.15,0.1429,1,0.95
2024-05,2024-05-25,UKRAINE 1,Ch. Odesa,Dnipro-1,15.5,0.9471,0.1323,0.04,0.1,1,0.95
2024-05,2024-05-25,UKRAINE 1,FK Zorya Luhansk,Kolos Kovalivka,13.5,0.9453,0.2148,0.04,0.125,1,0.95
2024-05,2024-05-25,UKRAINE 1,Metalist 1925,Veres-Rivne,19.0,0.97,0.3819,0.04,0.0667,1,0.95
2024-05,2024-05-25,SPAIN 1,Real Sociedad,Atl. Madrid,14.0,0.938,0.0852,0.05,0.0909,1,0.95
2024-05,2024-05-25,AUSTRIA 2,Grazer AK,Kapfenberg,29.0,0.9726,0.1562,0.05,0.0667,1,0.95
2024-05,2024-05-25,SWEDEN 1,Mjallby,Djurgarden,14.5,0.9422,0.1142,0.02,0.1111,1,0.95
2024-05,2024-05-25,CZECH 1,Hradec Kralove,Teplice,15.5,0.9427,0.065,0.06,0.0909,1,0.95
2024-05,2024-05-26,SPAIN 1,Celta Vigo,Valencia,14.0,0.9359,0.0557,0.06,0.0769,1,0.95
2024-05,2024-05-26,SPAIN 1,Las Palmas,Alaves,13.0,0.9324,0.0744,0.06,0.0909,1,0.95
2024-05,2024-05-26,NORWAY 1,Haugesund,Sandefjord,16.0,0.9526,0.1938,0.03,0.0833,1,0.95
2024-05,2024-05-26,URUGUAY 1,CA Cerro,River Plate,9.2,0.9213,0.23,0.07,0.1429,1,0.95
2024-05,2024-05-26,ITALY 1,Atalanta,Torino,14.0,0.9361,0.0581,0.1,0.0667,1,0.95
2024-05,2024-05-26,BELGIUM 1,Antwerp,Anderlecht,17.5,0.9711,0.4465,0.06,0.0667,1,0.95
2024-05,2024-05-26,CHILE 2,Recoleta,Deportes Temuco,8.6,0.8962,0.0624,0.09,0.125,1,0.95
2024-05,2024-05-26,SPAIN 2,Burgos CF,Tenerife,9.0,0.9105,0.1488,0.12,0.125,1,0.95
2024-05,2024-05-27,BULGARIA 1,Slavia Sofia,CSKA 1948 Sofia,15.5,0.9463,0.1208,0.14,0.0769,1,0.95
2024-05,2024-05-27,SWEDEN 1,Norrkoping,Varnamo,16.5,0.9481,0.0956,0.02,0.0769,1,0.95
2024-05,2024-05-27,SWEDEN 1,AIK,Goteborg,12.5,0.9506,0.335,0.02,0.0909,1,0.95
2024-05,2024-05-29,SWEDEN 1,Mjallby,Hacken,18.5,0.9532,0.0858,0.02,0.0769,1,0.95
2024-06,2024-06-01,SWEDEN 1,Goteborg,Elfsborg,17.5,0.9524,0.1199,0.02,0.0769,1,0.95
2024-06,2024-06-01,NORWAY 1,HamKam,Brann,22.0,0.9581,0.0303,0.03,0.0667,1,0.95
2024-06,2024-06-01,BRAZIL 1,Gremio,Bragantino,11.0,0.932,0.2057,0.07,0.125,1,0.95
2024-06,2024-06-01,BRAZIL 1,Vitoria,Atletico GO,9.6,0.9252,0.2358,0.07,0.1333,1,0.95
2024-06,2024-06-01,BRAZIL 1,Cuiaba,Internacional,7.4,0.8776,0.0501,0.07,0.1667,1,0.95
2024-06,2024-06-01,BRAZIL 1,Fluminense,Juventude,15.0,0.9404,0.0585,0.07,0.0909,1,0.95
2024-06,2024-06-01,ECUADOR 1,Emelec,Libertad,15.5,0.9417,0.0497,0.08,0.0769,0,-14.5
2024-06,2024-06-02,SWEDEN 1,Djurgarden,Hammarby,17.0,0.994,0.8491,0.02,0.0667,1,0.95
2024-06,2024-06-02,SPAIN 2,Alcorcon,Burgos CF,11.5,0.9198,0.0314,0.1,0.0833,1,0.95
2024-06,2024-06-02,SWEDEN 1,Varnamo,Mjallby,12.5,0.9524,0.3577,0.02,0.1176,1,0.95
2024-06,2024-06-02,NORWAY 1,Tromso,Lillestrom,16.0,0.9465,0.097,0.03,0.0769,1,0.95
2024-06,2024-06-02,ARGENTINA 1,Rosario Central,Lanus,7.8,0.8805,0.024,0.13,0.1429,1,0.95
2024-06,2024-06-02,BRAZIL 1,Fortaleza,Athletico-PR,9.8,0.9252,0.2209,0.07,0.125,1,0.95
2024-06,2024-06-02,BRAZIL 1,Sao Paulo,Cruzeiro,8.6,0.932,0.3688,0.07,0.1538,1,0.95
2024-06,2024-06-03,URUGUAY 1,Liverpool M.,CA Cerro,14.0,0.942,0.1404,0.06,0.0909,1,0.95
2024-06,2024-06-03,URUGUAY 1,Danubio,Maldonado,11.5,0.9338,0.192,0.06,0.1429,1,0.95
2024-06,2024-06-04,ARGENTINA 1,Barracas Central,Huracan,8.8,0.9132,0.1905,0.11,0.1538,1,0.95
2024-06,2024-06-05,BRAZIL 1,Juventude,Atletico GO,8.8,0.9214,0.2623,0.06,0.1538,1,0.95
2024-06,2024-06-09,SPAIN 2,Gijon,Espanyol,9.6,0.9091,0.0815,0.11,0.1429,1,0.95
2024-06,2024-06-11,BRAZIL 1,Atletico GO,Corinthians,8.8,0.9125,0.1842,0.07,0.1429,1,0.95
2024-06,2024-06-11,BRAZIL 1,Juventude,Vitoria,8.6,0.9022,0.1135,0.07,0.1538,1,0.95
2024-06,2024-06-13,IRELAND 2,Finn Harps,UC Dublin,10.5,0.9183,0.0964,0.07,0.1667,1,0.95
2024-06,2024-06-13,BRAZIL 1,Internacional,Sao Paulo,7.0,0.9143,0.3542,0.07,0.1538,0,-6.0
2024-06,2024-06-13,BRAZIL 1,Palmeiras,Vasco,14.5,0.9424,0.1174,0.07,0.1,1,0.95
2024-06,2024-06-14,WORLD EUROCUP,Germany,Scotland,20.0,0.9554,0.0611,0.03,0.0667,1,0.95
2024-06,2024-06-14,ARGENTINA 1,Boca Juniors,Velez Sarsfield,8.4,0.9162,0.2501,0.09,0.1429,1,0.95
2024-06,2024-06-14,URUGUAY 1,Miramar,CA Cerro,11.0,0.9204,0.0783,0.06,0.1333,1,0.95
2024-06,2024-06-15,WORLD EUROCUP,Hungary,Switzerland,10.5,0.936,0.2808,0.03,0.1538,1,0.95
2024-06,2024-06-15,URUGUAY 1,River Plate,Maldonado,11.0,0.9342,0.2297,0.05,0.1333,1,0.95
2024-06,2024-06-15,WORLD EUROCUP,Italy,Albania,13.0,0.9385,0.1535,0.03,0.1111,1,0.95
2024-06,2024-06-15,URUGUAY 1,Nacional,Liverpool M.,17.5,0.9498,0.0749,0.05,0.0833,1,0.95
2024-06,2024-06-15,BRAZIL 1,Bragantino,Juventude,12.5,0.9272,0.0437,0.07,0.1053,1,0.95
2024-06,2024-06-15,COLOMBIA 1,Santa Fe,Bucaramanga,8.8,0.9032,0.103,0.13,0.1667,1,0.95
2024-06,2024-06-16,WORLD EUROCUP,Poland,Netherlands,13.5,0.9321,0.0368,0.02,0.0909,1,0.95
2024-06,2024-06-16,WORLD EUROCUP,Slovenia,Denmark,11.0,0.9594,0.5057,0.02,0.1333,1,0.95
2024-06,2024-06-16,WOM BRAZIL 1,Gremio W,Cruzeiro W,9.4,0.9358,0.3499,0.05,0.1,1,0.95
2024-06,2024-06-16,URUGUAY 1,Danubio,Rampla Juniors,11.5,0.9302,0.1504,0.04,0.1333,1,0.95
2024-06,2024-06-16,BRAZIL 1,Athletico-PR,Flamengo RJ,10.5,0.932,0.2397,0.07,0.125,1,0.95
2024-06,2024-06-16,BRAZIL 1,Corinthians,Sao Paulo,8.0,0.9251,0.3549,0.07,0.1538,1,0.95
2024-06,2024-06-16,BRAZIL 1,Cuiaba,Fortaleza,7.4,0.9224,0.3799,0.07,0.1538,1,0.95
2024-06,2024-06-16,BRAZIL 1,Vasco,Cruzeiro,9.4,0.9336,0.3287,0.07,0.1333,0,-8.4
2024-06,2024-06-16,BRAZIL 2,Goias,Coritiba,7.8,0.9022,0.1918,0.12,0.1667,1,0.95
2024-06,2024-06-17,WOM BRAZIL 1,Sao Paulo W,Palmeiras W,8.8,0.927,0.3112,0.05,0.0909,1,0.95
2024-06,2024-06-17,URUGUAY 1,Boston River,Cerro Largo,10.0,0.9378,0.3307,0.03,0.1176,1,0.95
2024-06,2024-06-18,WORLD EUROCUP,Turkey,Georgia,12.0,0.9415,0.2511,0.02,0.1,1,0.95
2024-06,2024-06-19,BRAZIL 1,Atletico GO,Criciuma,12.0,0.9224,0.0231,0.07,0.1176,1,0.95
2024-06,2024-06-19,USA 1,Charlotte,Orlando City,15.5,0.9504,0.1837,0.08,0.0769,1,0.95
2024-06,2024-06-19,USA 1,Toronto FC,Nashville SC,13.0,0.9308,0.0536,0.08,0.0833,1,0.95
2024-06,2024-06-19,BRAZIL 1,Internacional,Corinthians,8.4,0.9122,0.2165,0.07,0.1333,1,0.95
2024-06,2024-06-19,USA 1,Houston Dynamo,Seattle Sounders,13.0,0.9328,0.0798,0.08,0.1053,1,0.95
2024-06,2024-06-20,WORLD EUROCUP,Slovenia,Serbia,12.0,0.9396,0.2278,0.02,0.1053,1,0.95
2024-06,2024-06-20,WORLD EUROCUP,Denmark,England,10.5,0.9269,0.1857,0.02,0.125,1,0.95
2024-06,2024-06-20,WORLD EUROCUP,Spain,Italy,9.8,0.9461,0.4248,0.02,0.1333,1,0.95
2024-06,2024-06-20,BRAZIL 2,Vila Nova FC,Mirassol,8.4,0.9173,0.2593,0.13,0.1429,1,0.95
2024-06,2024-06-20,BRAZIL 1,Flamengo RJ,Bahia,13.5,0.9329,0.0476,0.07,0.0833,1,0.95
2024-06,2024-06-20,BRAZIL 1,Palmeiras,Bragantino,13.0,0.932,0.0698,0.07,0.1053,1,0.95
2024-06,2024-06-21,WORLD EUROCUP,Slovakia,Ukraine,11.0,0.9366,0.256,0.02,0.1176,1,0.95
2024-06,2024-06-21,EGYPT 1,Zamalek,Pharco,11.5,0.9257,0.099,0.09,0.0909,1,0.95
2024-06,2024-06-21,WORLD EUROCUP,Poland,Austria,13.0,0.9408,0.1832,0.02,0.1053,1,0.95
2024-06,2024-06-21,WORLD EUROCUP,Netherlands,France,12.0,0.945,0.2927,0.02,0.1176,0,-11.0
2024-06,2024-06-21,WORLD AMERICA CUP,Peru,Chile,7.2,0.9251,0.4147,0.07,0.1538,0,-6.2
2024-06,2024-06-22,URUGUAY 1,CA Cerro,Danubio,9.0,0.9122,0.1638,0.04,0.1538,0,-8.0
2024-06,2024-06-22,EGYPT 1,Enppi,El Gouna,8.8,0.9188,0.2392,0.09,0.1429,1,0.95
2024-06,2024-06-22,BRAZIL 2,CRB,Guarani,8.8,0.9146,0.2031,0.14,0.1333,1,0.95
2024-06,2024-06-22,BRAZIL 1,Gremio,Internacional,8.4,0.8907,0.0377,0.08,0.1429,1,0.95
2024-06,2024-06-22,BRAZIL 1,Cuiaba,Atletico GO,8.0,0.9103,0.2372,0.08,0.1429,0,-7.0
2024-06,2024-06-22,BRAZIL 1,Vasco,Sao Paulo,8.6,0.9052,0.1393,0.08,0.1429,1,0.95
2024-06,2024-06-22,WORLD AMERICA CUP,Mexico,Jamaica,15.0,0.9504,0.2085,0.08,0.0769,1,0.95
2024-06,2024-06-23,EGYPT 1,Modern Sport,El Ismaily,7.4,0.9167,0.3376,0.08,0.1667,1,0.95
2024-06,2024-06-23,URUGUAY 1,Liverpool M.,Boston River,15.0,0.9424,0.0886,0.03,0.0909,1,0.95
2024-06,2024-06-23,NORWAY 2,Asane,Moss,28.0,0.9828,0.4705,0.02,0.0667,1,0.95
2024-06,2024-06-23,URUGUAY 1,Rampla Juniors,Miramar,11.0,0.9471,0.3706,0.03,0.125,1,0.95
2024-06,2024-06-23,EGYPT 1,Al Masry,Ceramica Cleopatra,10.5,0.9287,0.2054,0.08,0.1176,1,0.95
2024-06,2024-06-23,EGYPT 1,Pyramids,Arab Contractors,17.0,0.9471,0.0531,0.08,0.0833,1,0.95
2024-06,2024-06-23,URUGUAY 1,Cerro Largo,Nacional,12.0,0.9259,0.0644,0.03,0.125,1,0.95
2024-06,2024-06-23,BRAZIL 1,Athletico-PR,Corinthians,10.5,0.9187,0.1006,0.08,0.0909,1,0.95
2024-06,2024-06-23,BRAZIL 1,Bahia,Cruzeiro,10.5,0.9235,0.1503,0.08,0.125,1,0.95
2024-06,2024-06-23,WORLD EUROCUP,Switzerland,Germany,15.0,0.9387,0.0342,0.03,0.1,1,0.95
2024-06,2024-06-23,URUGUAY 1,Wanderers,River Plate,12.5,0.9408,0.2128,0.03,0.1176,1,0.95
2024-06,2024-06-23,BRAZIL 2,Vila Nova FC,Goias,7.6,0.9053,0.2353,0.14,0.1667,1,0.95
2024-06,2024-06-24,WORLD EUROCUP,Albania,Spain,16.0,0.9622,0.3465,0.03,0.0909,1,0.95
2024-06,2024-06-24,WORLD EUROCUP,Croatia,Italy,11.0,0.9459,0.3572,0.03,0.1333,1,0.95
2024-06,2024-06-24,WORLD AMERICA CUP,Colombia,Paraguay,9.8,0.9224,0.1938,0.08,0.1429,1,0.95
2024-06,2024-06-25,WORLD EUROCUP,Netherlands,Austria,13.0,0.9366,0.1292,0.04,0.0909,1,0.95
2024-06,2024-06-25,WORLD EUROCUP,Denmark,Serbia,10.5,0.9324,0.2441,0.04,0.1176,0,-9.5
2024-06,2024-06-25,WORLD EUROCUP,England,Slovenia,15.5,0.9442,0.0876,0.04,0.0909,0,-14.5
2024-06,2024-06-26,BRAZIL 1,Cruzeiro,Athletico-PR,8.8,0.9188,0.2395,0.07,0.1333,1,0.95
2024-06,2024-06-26,BRAZIL 1,Atletico GO,Gremio,9.6,0.9132,0.1215,0.07,0.1333,1,0.95
2024-06,2024-06-26,BRAZIL 1,Corinthians,Cuiaba,8.8,0.9044,0.1132,0.07,0.1429,1,0.95
2024-06,2024-06-26,BRAZIL 1,Bahia,Vasco,14.0,0.9519,0.2787,0.07,0.0909,1,0.95
2024-06,2024-06-26,BRAZIL 1,Internacional,Atletico-MG,7.4,0.9025,0.2336,0.07,0.1538,1,0.95
2024-06,2024-06-28,CHILE CUP,Cobreloa,San Marcos de Arica,16.5,0.9523,0.1654,0.08,0.0833,0,-15.5
2024-06,2024-06-29,EGYPT 1,Al Ittihad,El Daklyeh,8.6,0.8992,0.0879,0.08,0.1429,1,0.95
2024-06,2024-06-29,WORLD EUROCUP,Switzerland,Italy,7.4,0.9204,0.3652,0.06,0.1667,1,0.95
2024-06,2024-06-29,BRAZIL 1,Cuiaba,Bragantino,9.0,0.9217,0.2496,0.07,0.1429,1,0.95
2024-06,2024-06-29,WORLD AMERICA CUP,Argentina,Peru,9.4,0.9146,0.1514,0.07,0.1429,1,0.95
2024-06,2024-06-29,USA 1,Nashville SC,Inter Miami,19.5,0.9581,0.1347,0.06,0.0667,1,0.95
2024-06,2024-06-29,USA 1,Sporting Kansas City,Austin FC,17.5,0.9479,0.0413,0.06,0.0667,1,0.95
2024-06,2024-06-30,FINLAND 1,Mariehamn,HJK,13.5,0.932,0.0358,0.08,0.1053,1,0.95
2024-06,2024-06-30,BRAZIL 1,Atletico-MG,Atletico GO,11.5,0.927,0.114,0.07,0.1111,1,0.95
2024-06,2024-06-30,WORLD EUROCUP,England,Slovakia,10.5,0.9204,0.1185,0.06,0.1176,1,0.95
2024-06,2024-06-30,BRAZIL 1,Flamengo RJ,Cruzeiro,10.5,0.9217,0.1322,0.07,0.1,1,0.95
2024-06,2024-06-30,WORLD AMERICA CUP,Mexico,Ecuador,9.0,0.9451,0.4584,0.08,0.1429,0,-8.0
2024-07,2024-07-01,WORLD EUROCUP,France,Belgium,9.6,0.9462,0.4361,0.06,0.1053,1,0.95
2024-07,2024-07-02,WORLD AMERICA CUP,Brazil,Colombia,10.5,0.9238,0.1537,0.09,0.1333,1,0.95
2024-07,2024-07-02,WORLD AMERICA CUP,Costa Rica,Paraguay,11.0,0.9331,0.217,0.09,0.1176,1,0.95
2024-07,2024-07-03,EGYPT 1,Ceramica Cleopatra,El Ismaily,13.0,0.9323,0.0731,0.07,0.1,1,0.95
2024-07,2024-07-03,BRAZIL 4,CSE,Juazeirense,7.8,0.888,0.0824,0.14,0.1667,1,0.95
2024-07,2024-07-03,BRAZIL 1,Criciuma,Cruzeiro,8.6,0.9127,0.2037,0.06,0.1429,1,0.95
2024-07,2024-07-03,USA 1,DC United,FC Cincinnati,23.0,0.963,0.1001,0.04,0.0667,1,0.95
2024-07,2024-07-03,BRAZIL 1,Athletico-PR,Sao Paulo,9.6,0.9213,0.1983,0.06,0.1333,1,0.95
2024-07,2024-07-03,BRAZIL 1,Atletico-MG,Flamengo RJ,10.5,0.9169,0.0814,0.06,0.1333,1,0.95
2024-07,2024-07-03,BRAZIL 1,Bragantino,Atletico GO,11.0,0.9422,0.3171,0.06,0.1176,1,0.95
2024-07,2024-07-03,USA 1,Chicago Fire,Philadelphia Union,21.0,0.9568,0.0455,0.04,0.0667,1,0.95
2024-07,2024-07-04,EGYPT 1,El Gaish,Al Ittihad,8.4,0.907,0.1737,0.07,0.1667,0,-7.4
2024-07,2024-07-04,BRAZIL 1,Bahia,Juventude,12.5,0.9406,0.2103,0.06,0.0833,1,0.95
2024-07,2024-07-04,BRAZIL 1,Gremio,Palmeiras,10.5,0.9323,0.2423,0.06,0.125,1,0.95
2024-07,2024-07-04,BRAZIL 1,Fluminense,Internacional,8.6,0.9213,0.277,0.06,0.1538,1,0.95
2024-07,2024-07-04,USA 1,FC Dallas,Portland Timbers,18.5,0.9508,0.0425,0.04,0.0667,1,0.95
2024-07,2024-07-06,SWEDEN 1,Mjallby,Sirius,15.0,0.9515,0.2256,0.02,0.0909,1,0.95
2024-07,2024-07-06,URUGUAY 1,Cerro Largo,Liverpool M.,9.6,0.9375,0.3532,0.03,0.125,1,0.95
2024-07,2024-07-06,URUGUAY 1,Boston River,CA Cerro,12.0,0.9391,0.2225,0.03,0.1333,1,0.95
2024-07,2024-07-06,BRAZIL 1,Sao Paulo,Bragantino,10.0,0.9266,0.2194,0.06,0.1333,1,0.95
2024-07,2024-07-06,MEXICO 1,Atl. San Luis,Club America,15.5,0.9447,0.0957,0.06,0.0769,1,0.95
2024-07,2024-07-07,SWEDEN 1,AIK,Kalmar,17.0,0.9495,0.0944,0.02,0.0769,1,0.95
2024-07,2024-07-07,SWEDEN 1,Varnamo,Goteborg,13.5,0.963,0.4519,0.02,0.0833,1,0.95
2024-07,2024-07-07,URUGUAY 1,Progreso,Racing Montevideo,12.5,0.9346,0.1359,0.03,0.1176,1,0.95
2024-07,2024-07-07,BRAZIL 1,Cruzeiro,Corinthians,9.8,0.9236,0.205,0.04,0.1053,1,0.95
2024-07,2024-07-07,BRAZIL 1,Fortaleza,Fluminense,11.5,0.9388,0.2496,0.04,0.1176,1,0.95
2024-07,2024-07-07,BRAZIL 1,Juventude,Gremio,9.8,0.9388,0.3536,0.04,0.125,1,0.95
2024-07,2024-07-07,BRAZIL 1,Internacional,Vasco,11.5,0.9418,0.2841,0.04,0.1333,1,0.95
2024-07,2024-07-07,BRAZIL 1,Atletico GO,Athletico-PR,10.5,0.9286,0.2039,0.04,0.1176,1,0.95
2024-07,2024-07-07,BRAZIL 1,Palmeiras,Bahia,15.5,0.9474,0.1377,0.04,0.0667,1,0.95
2024-07,2024-07-08,SWEDEN 1,Norrkoping,Djurgarden,18.5,0.963,0.2668,0.02,0.0769,1,0.95
2024-07,2024-07-09,WORLD EUROCUP,Spain,France,7.4,0.8983,0.2022,0.06,0.1538,1,0.95
2024-07,2024-07-10,BRAZIL 1,Gremio,Cruzeiro,9.6,0.9323,0.3033,0.04,0.125,1,0.95
2024-07,2024-07-10,BRAZIL 1,Athletico-PR,Bahia,12.5,0.9338,0.1254,0.04,0.1053,1,0.95
2024-07,2024-07-10,BRAZIL 1,Vasco,Corinthians,10.5,0.914,0.0511,0.04,0.125,1,0.95
2024-07,2024-07-11,ICELAND 1,Fram,KR Reykjavik,26.0,0.9765,0.3409,0.01,0.0667,1,0.95
2024-07,2024-07-11,BRAZIL 1,Palmeiras,Atletico GO,15.5,0.9515,0.2014,0.04,0.0833,1,0.95
2024-07,2024-07-11,BRAZIL 1,Criciuma,Fluminense,10.5,0.9418,0.3423,0.04,0.1333,1,0.95
2024-07,2024-07-11,BRAZIL 1,Flamengo RJ,Fortaleza,13.5,0.9415,0.163,0.04,0.1053,1,0.95
2024-07,2024-07-11,BRAZIL 1,Atletico-MG,Sao Paulo,8.6,0.917,0.2407,0.04,0.1429,1,0.95
2024-07,2024-07-12,URUGUAY 1,Maldonado,Racing Montevideo,12.0,0.9381,0.2105,0.03,0.1333,1,0.95
2024-07,2024-07-13,MEXICO 1,Club Tijuana,Guadalajara Chivas,12.5,0.9331,0.1174,0.07,0.1111,1,0.95
2024-07,2024-07-13,JAPAN 1,FC Tokyo,Albirex Niigata,14.0,0.9515,0.274,0.05,0.0833,1,0.95
2024-07,2024-07-13,SWEDEN 1,Mjallby,Malmo FF,17.0,0.9745,0.5171,0.02,0.0667,1,0.95
2024-07,2024-07-13,URUGUAY 1,Danubio,Nacional,12.0,0.9359,0.1843,0.03,0.125,1,0.95
2024-07,2024-07-13,BRAZIL 1,Bahia,Cuiaba,13.0,0.9418,0.1969,0.04,0.125,1,0.95
2024-07,2024-07-13,BRAZIL 1,Cruzeiro,Bragantino,11.5,0.9266,0.1096,0.04,0.1176,1,0.95
2024-07,2024-07-14,SWEDEN 1,Djurgarden,Varnamo,22.0,0.963,0.1372,0.02,0.0667,1,0.95
2024-07,2024-07-14,URUGUAY 1,CA Cerro,Cerro Largo,10.0,0.9403,0.3561,0.02,0.1667,1,0.95
2024-07,2024-07-14,BRAZIL 2,Vila Nova FC,Avai,7.8,0.8868,0.0726,0.11,0.1538,1,0.95
2024-07,2024-07-14,WORLD EUROCUP,Spain,England,7.8,0.9187,0.3196,0.06,0.1538,1,0.95
2024-07,2024-07-14,URUGUAY 1,Wanderers,Progreso,12.0,0.9478,0.3267,0.02,0.125,1,0.95
2024-07,2024-07-15,SWEDEN 1,Halmstad,AIK,17.0,0.9819,0.6433,0.02,0.0667,1,0.95
2024-07,2024-07-15,SWEDEN 1,Hammarby,Goteborg,17.0,0.9767,0.5547,0.02,0.0667,1,0.95
2024-07,2024-07-16,BRAZIL 1,Juventude,Atletico-MG,11.0,0.9175,0.0463,0.04,0.1,1,0.95
2024-07,2024-07-17,BRAZIL 1,Fortaleza,Vitoria,11.0,0.9187,0.0601,0.04,0.1176,1,0.95
2024-07,2024-07-17,USA 1,FC Dallas,Austin FC,16.5,0.9628,0.3385,0.02,0.0833,1,0.95
2024-07,2024-07-17,USA 1,Seattle Sounders,St. Louis City,19.0,0.9753,0.4824,0.02,0.0667,1,0.95
2024-07,2024-07-19,ARGENTINA 1,Barracas Central,Newells Old Boys,8.6,0.9184,0.2525,0.08,0.1538,1,0.95
2024-07,2024-07-19,PERU 1,Cajamarca,Cusco,12.5,0.9406,0.2103,0.11,0.0909,1,0.95
2024-07,2024-07-19,POLAND 1,Slask Wroclaw,Lechia Gdansk,14.0,0.9447,0.1781,0.09,0.0909,1,0.95
2024-07,2024-07-19,URUGUAY 1,Defensor Sp.,River Plate,13.5,0.9529,0.3165,0.02,0.1,1,0.95
2024-07,2024-07-20,SOUTH KOREA 2,Gyeongnam,Bucheon FC 1995,14.0,0.9338,0.0261,0.08,0.1176,1,0.95
2024-07,2024-07-20,SWEDEN 2,Orebro,Orgryte,19.5,0.9568,0.1103,0.06,0.0667,0,-18.5
2024-07,2024-07-20,PARAGUAY 1,Tacuary,Libertad Asuncion,18.5,0.9546,0.1119,0.09,0.0909,1,0.95
2024-07,2024-07-20,USA 1,New England Revolution,FC Dallas,18.5,0.9515,0.056,0.02,0.1053,1,0.95
2024-07,2024-07-20,USA 1,New York Red Bulls,FC Cincinnati,18.0,0.9572,0.1818,0.02,0.0667,1,0.95
2024-07,2024-07-20,USA 1,Philadelphia Union,Nashville SC,20.0,0.9821,0.592,0.02,0.0667,1,0.95
2024-07,2024-07-20,BRAZIL 1,Palmeiras,Cruzeiro,12.0,0.9281,0.0903,0.04,0.1,1,0.95
2024-07,2024-07-20,USA 1,Seattle Sounders,Los Angeles FC,15.0,0.9478,0.1702,0.02,0.0909,1,0.95
2024-07,2024-07-20,USA 1,Vancouver Whitecaps,Houston Dynamo,21.0,0.9587,0.084,0.02,0.0667,1,0.95
2024-07,2024-07-21,SWEDEN 1,Norrkoping,Halmstad,20.0,0.9946,0.8427,0.02,0.0667,1,0.95
2024-07,2024-07-21,URUGUAY 1,Liverpool M.,CA Cerro,12.0,0.95,0.3527,0.02,0.1176,1,0.95
2024-07,2024-07-21,NORWAY 1,HamKam,Fredrikstad,13.0,0.9323,0.0731,0.06,0.1053,1,0.95
2024-07,2024-07-21,BRAZIL 1,Bahia,Corinthians,15.0,0.9515,0.2256,0.04,0.0833,1,0.95
2024-07,2024-07-21,BRAZIL 1,Juventude,Sao Paulo,10.5,0.9197,0.1109,0.04,0.125,0,-9.5
2024-07,2024-07-21,ARGENTINA 1,Velez Sarsfield,Talleres Cordoba,9.4,0.9097,0.1055,0.08,0.1538,1,0.95
2024-07,2024-07-21,BRAZIL 1,Cuiaba,Fluminense,9.8,0.942,0.3841,0.04,0.1667,1,0.95
2024-07,2024-07-22,ICELAND 1,Hafnarfjordur,Akranes,29.0,1.0,0.95,0.01,0.0667,1,0.95
2024-07,2024-07-23,ARGENTINA 1,Gimnasia L.P.,San Lorenzo,7.4,0.9237,0.389,0.08,0.1667,1,0.95
2024-07,2024-07-23,BRAZIL 2,Mirassol,Avai,8.6,0.908,0.1634,0.1,0.1667,0,-7.6
2024-07,2024-07-24,ARGENTINA 1,Sarmiento Junin,Racing Club,8.4,0.8908,0.0386,0.08,0.1538,1,0.95
2024-07,2024-07-24,ARGENTINA 1,Godoy Cruz,River Plate,8.6,0.9092,0.1737,0.08,0.1333,1,0.95
2024-07,2024-07-24,BRAZIL 1,Atletico GO,Bahia,11.5,0.9418,0.2841,0.03,0.1111,1,0.95
2024-07,2024-07-24,BRAZIL 1,Fluminense,Palmeiras,11.0,0.9515,0.4194,0.03,0.1333,1,0.95
2024-07,2024-07-25,ARGENTINA 1,Lanus,Belgrano,9.0,0.8987,0.0436,0.08,0.1429,1,0.95
2024-07,2024-07-25,BRAZIL 1,Corinthians,Gremio,9.4,0.9472,0.4563,0.03,0.1429,1,0.95
2024-07,2024-07-25,ARGENTINA 1,Tigre,Central Cordoba,8.2,0.9059,0.183,0.08,0.1538,1,0.95
2024-07,2024-07-26,EGYPT 1,Zamalek,Pyramids,13.0,0.9323,0.0731,0.11,0.0909,1,0.95
2024-07,2024-07-26,PERU 1,U. de Deportes,Alianza Lima,8.8,0.9093,0.1561,0.12,0.1667,1,0.95
2024-07,2024-07-27,SWEDEN 2,Ostersund,Varberg,16.0,0.942,0.0243,0.07,0.0667,1,0.95
2024-07,2024-07-27,FINLAND 1,HJK,AC Oulu,18.5,0.9504,0.0348,0.05,0.0667,1,0.95
2024-07,2024-07-27,SWEDEN 1,Goteborg,Brommapojkarna,18.0,0.963,0.2853,0.02,0.0667,1,0.95
2024-07,2024-07-27,URUGUAY 1,Penarol,Defensor Sp.,12.5,0.9259,0.0271,0.03,0.1176,1,0.95
2024-07,2024-07-27,COLOMBIA 1,Once Caldas,Atl. Nacional,7.8,0.8817,0.0329,0.12,0.1667,1,0.95
2024-07,2024-07-27,BRAZIL 1,Juventude,Criciuma,10.5,0.934,0.2603,0.03,0.1429,1,0.95
2024-07,2024-07-27,BRAZIL 1,Bahia,Internacional,11.0,0.9472,0.3718,0.03,0.125,1,0.95
2024-07,2024-07-28,SOUTH KOREA 2,Jeonnam,Seoul E-Land,14.5,0.9521,0.2576,0.09,0.0667,1,0.95
2024-07,2024-07-28,SOUTH KOREA 2,Gyeongnam,Cheonan City,14.5,0.9384,0.0604,0.09,0.0909,1,0.95
2024-07,2024-07-28,DENMARK 1,Randers FC,Viborg,17.5,0.9515,0.1044,0.04,0.0769,1,0.95
2024-07,2024-07-28,BRAZIL 1,Bragantino,Fluminense,12.0,0.9478,0.3267,0.02,0.125,1,0.95
2024-07,2024-07-28,SWEDEN 1,Hammarby,Mjallby,16.0,0.9698,0.4682,0.02,0.0667,1,0.95
2024-07,2024-07-28,ARGENTINA 1,Estudiantes L.P.,Gimnasia L.P.,10.5,0.9239,0.1552,0.08,0.1429,1,0.95
2024-07,2024-07-28,URUGUAY 1,Danubio,Liverpool M.,10.5,0.9404,0.3275,0.03,0.1176,1,0.95
2024-07,2024-07-28,URUGUAY 1,Nacional,Boston River,14.0,0.9515,0.274,0.03,0.1176,1,0.95
2024-07,2024-07-28,BRAZIL 1,Flamengo RJ,Atletico GO,19.0,0.9642,0.2712,0.02,0.0833,1,0.95
2024-07,2024-07-28,ARGENTINA 1,Racing Club,Union de Santa Fe,9.2,0.9086,0.1134,0.08,0.1538,1,0.95
2024-07,2024-07-28,BRAZIL 1,Atletico-MG,Corinthians,9.6,0.9556,0.5262,0.02,0.1176,1,0.95
2024-07,2024-07-28,BRAZIL 1,Cuiaba,Athletico-PR,8.8,0.9282,0.3216,0.02,0.1538,1,0.95
2024-07,2024-07-28,BRAZIL 1,Gremio,Vasco,11.0,0.9382,0.2737,0.02,0.125,1,0.95
2024-07,2024-07-29,POLAND 1,Rakow,Cracovia,14.5,0.9447,0.151,0.06,0.0769,1,0.95
2024-07,2024-07-29,ROMANIA 1,Petrolul,FC Rapid Bucuresti,12.0,0.9245,0.048,0.09,0.125,1,0.95
2024-07,2024-07-29,ARGENTINA 1,Central Cordoba,Velez Sarsfield,9.6,0.9234,0.2186,0.09,0.125,1,0.95
2024-07,2024-07-29,ARGENTINA 1,Argentinos Jrs,Lanus,7.8,0.892,0.1132,0.09,0.1538,1,0.95
2024-07,2024-07-29,ARGENTINA 1,Belgrano,Godoy Cruz,7.4,0.8941,0.1714,0.09,0.1667,1,0.95
2024-07,2024-07-30,EGYPT 1,El Daklyeh,El Gaish,7.2,0.8927,0.183,0.11,0.1667,1,0.95
2024-07,2024-07-30,BOLIVIA 1,Oriente Petrolero,Wilstermann,12.0,0.9266,0.0727,0.06,0.1176,1,0.95
2024-07,2024-07-31,ICELAND 1,Fylkir,Fram,25.0,0.9627,0.0205,0.01,0.0714,0,-24.0
2024-07,2024-07-31,ARGENTINA 1,Boca Juniors,Banfield,8.0,0.934,0.4251,0.09,0.1538,1,0.95
2024-08,2024-08-02,POLAND 1,Zaglebie,Puszcza,15.0,0.9478,0.1689,0.06,0.0833,1,0.95
2024-08,2024-08-02,DENMARK 2,Kolding IF,Fredericia,16.0,0.947,0.1048,0.09,0.0667,1,0.95
2024-08,2024-08-02,DENMARK 1,Aarhus,Sonderjyske,16.0,0.9442,0.0596,0.04,0.0833,1,0.95
2024-08,2024-08-02,SERBIA 1,Napredak,IMT Novi Beograd,12.5,0.9286,0.0607,0.07,0.1111,1,0.95
2024-08,2024-08-03,GERMANY 3,Verl,Wehen,17.5,0.9547,0.1599,0.04,0.0769,1,0.95
2024-08,2024-08-03,CZECH 1,Slovacko,Bohemians,14.5,0.9421,0.1134,0.07,0.0833,0,-13.5
2024-08,2024-08-03,AUSTRIA 1,Altach,Tirol,12.0,0.9267,0.074,0.09,0.1111,1,0.95
2024-08,2024-08-03,AUSTRIA 1,Hartberg,LASK,15.5,0.9536,0.2329,0.09,0.0667,1,0.95
2024-08,2024-08-03,SWEDEN 1,Brommapojkarna,Halmstad,19.5,0.9711,0.3876,0.02,0.0667,1,0.95
2024-08,2024-08-03,FINLAND 1,Lahti,HJK,23.0,0.9711,0.2864,0.04,0.0667,1,0.95
2024-08,2024-08-03,SWITZERLAND 1,Grasshoppers,Basel,16.5,0.9529,0.1759,0.06,0.0833,1,0.95
2024-08,2024-08-03,POLAND 2,Polonia Warszawa,Arka Gdynia,14.0,0.934,0.029,0.07,0.1,1,0.95
2024-08,2024-08-03,ARGENTINA 1,Godoy Cruz,Argentinos Jrs,7.4,0.9141,0.3186,0.09,0.1538,1,0.95
2024-08,2024-08-03,ARGENTINA 1,Velez Sarsfield,Defensa y Justicia,9.2,0.9072,0.1006,0.09,0.1176,1,0.95
2024-08,2024-08-03,GERMANY 2,Schalke,Braunschweig,16.0,0.9555,0.2396,0.06,0.0667,1,0.95
2024-08,2024-08-03,ARGENTINA 1,Talleres Cordoba,Instituto,8.0,0.8957,0.1207,0.09,0.1429,1,0.95
2024-08,2024-08-03,ARGENTINA 1,Independiente,San Lorenzo,6.6,0.908,0.3472,0.09,0.1667,0,-5.6
2024-08,2024-08-03,ARGENTINA 1,Huracan,Racing Club,7.6,0.9328,0.4423,0.09,0.1429,0,-6.6
2024-08,2024-08-03,BRAZIL 1,Sao Paulo,Flamengo RJ,7.6,0.9219,0.3601,0.02,0.1667,1,0.95
2024-08,2024-08-04,GERMANY 2,Darmstadt,Dusseldorf,17.5,0.9557,0.1764,0.05,0.0769,1,0.95
2024-08,2024-08-04,DENMARK 1,Silkeborg,Viborg,17.5,0.9565,0.1902,0.03,0.0769,1,0.95
2024-08,2024-08-04,SWEDEN 1,Djurgarden,Goteborg,17.0,0.9631,0.3249,0.02,0.0769,1,0.95
2024-08,2024-08-04,SWEDEN 1,Varnamo,Sirius,17.0,0.9547,0.1826,0.02,0.0833,1,0.95
2024-08,2024-08-04,FINLAND 1,KuPS,SJK,17.0,0.9547,0.1826,0.04,0.0667,1,0.95
2024-08,2024-08-04,DENMARK 1,Lyngby,Brondby,17.0,0.9547,0.1826,0.03,0.0769,1,0.95
2024-08,2024-08-04,ARGENTINA 1,Union de Santa Fe,River Plate,9.2,0.9039,0.071,0.11,0.1429,0,-8.2
2024-08,2024-08-04,URUGUAY 1,Nacional,Penarol,11.0,0.9493,0.3949,0.03,0.125,1,0.95
2024-08,2024-08-04,POLAND 1,Legia,Piast Gliwice,9.0,0.9234,0.2642,0.06,0.1333,1,0.95
2024-08,2024-08-04,BRAZIL 1,Athletico-PR,Gremio,12.0,0.9631,0.5093,0.02,0.1,1,0.95
2024-08,2024-08-04,BRAZIL 1,Corinthians,Juventude,10.5,0.9497,0.4243,0.02,0.1111,1,0.95
2024-08,2024-08-04,BRAZIL 1,Fluminense,Bahia,11.0,0.9519,0.4231,0.02,0.125,1,0.95
2024-08,2024-08-04,BRAZIL 1,Internacional,Palmeiras,9.0,0.9555,0.5514,0.02,0.1333,1,0.95
2024-08,2024-08-04,ARGENTINA 1,Boca Juniors,Barracas Central,14.5,0.9361,0.0261,0.11,0.1176,1,0.95
2024-08,2024-08-04,ECUADOR 1,Macara,LDU Quito,10.5,0.927,0.1868,0.08,0.125,1,0.95
2024-08,2024-08-05,DENMARK 1,Vejle,Nordsjaelland,22.0,0.9711,0.3153,0.03,0.0667,1,0.95
2024-08,2024-08-05,EGYPT 1,Zamalek,Enppi,8.4,0.8964,0.0851,0.12,0.125,1,0.95
2024-08,2024-08-05,BULGARIA 1,Botev Vratsa,Beroe,9.6,0.903,0.0235,0.14,0.1429,1,0.95
2024-08,2024-08-05,SCOTLAND 1,St Johnstone,Aberdeen,12.0,0.9223,0.0217,0.06,0.0909,1,0.95
2024-08,2024-08-05,BRAZIL 1,Cruzeiro,Fortaleza,10.5,0.936,0.2807,0.02,0.1333,1,0.95
2024-08,2024-08-06,ICELAND 1,Fram,Stjarnan,26.0,0.9758,0.3232,0.02,0.0714,1,0.95
2024-08,2024-08-08,ARGENTINA 1,Argentinos Jrs,Sarmiento Junin,7.6,0.888,0.104,0.11,0.1667,0,-6.6
2024-08,2024-08-09,POLAND 1,Radomiak Radom,Gornik Zabrze,14.5,0.95,0.2282,0.05,0.0909,1,0.95
2024-08,2024-08-09,GERMANY 2,Regensburg,Ulm,14.0,0.9364,0.0624,0.05,0.1053,1,0.95
2024-08,2024-08-09,NETHERLANDS 2,Eindhoven FC,Den Bosch,19.5,0.9704,0.3748,0.0,0.0667,1,0.95
2024-08,2024-08-09,NETHERLANDS 2,Helmond,Jong Utrecht,24.0,0.9871,0.6406,0.0,0.0667,1,0.95
2024-08,2024-08-09,POLAND 1,Rakow,Lech Poznan,12.0,0.9304,0.1184,0.05,0.0909,0,-11.0
2024-08,2024-08-09,IRELAND 2,Bray,UC Dublin,12.0,0.9294,0.106,0.06,0.1429,1,0.95
2024-08,2024-08-09,ECUADOR 1,Dep. Cuenca,Orense,11.5,0.9243,0.0834,0.08,0.125,1,0.95
2024-08,2024-08-10,GERMANY 3,Wehen,Hansa Rostock,16.0,0.9447,0.0675,0.03,0.1053,1,0.95
2024-08,2024-08-10,SWEDEN 1,Halmstad,Malmo FF,26.0,0.9708,0.1915,0.02,0.0667,1,0.95
2024-08,2024-08-10,ENGLAND 4,Gillingham,Carlisle,13.5,0.9547,0.341,0.03,0.0909,1,0.95
2024-08,2024-08-10,UKRAINE 1,Kolos Kovalivka,Inhulets,12.0,0.9353,0.1772,0.04,0.1429,0,-11.0
2024-08,2024-08-10,SWEDEN 1,Goteborg,Varnamo,15.0,0.9485,0.1799,0.02,0.0909,0,-14.0
2024-08,2024-08-10,ENGLAND 3,Birmingham,Reading,17.0,0.9497,0.0974,0.07,0.0667,1,0.95
2024-08,2024-08-10,ENGLAND 3,Peterborough,Huddersfield,21.0,0.9577,0.0639,0.07,0.0667,1,0.95
2024-08,2024-08-10,ENGLAND 3,Stevenage,Shrewsbury,12.5,0.9296,0.0735,0.07,0.125,1,0.95
2024-08,2024-08-10,CHILE 1,U. De Chile,Colo Colo,12.5,0.9442,0.255,0.05,0.1053,0,-11.5
2024-08,2024-08-10,BRAZIL 2,Ituano,Chapecoense-SC,8.2,0.9088,0.2067,0.1,0.1538,1,0.95
2024-08,2024-08-10,BRAZIL 1,Cuiaba,Gremio,8.4,0.9407,0.4549,0.02,0.1667,1,0.95
2024-08,2024-08-10,USA 2,Pittsburgh,San Antonio,13.5,0.9324,0.0411,0.11,0.1429,0,-12.5
2024-08,2024-08-10,BRAZIL 1,Corinthians,Bragantino,9.8,0.9511,0.4737,0.02,0.1538,1,0.95
2024-08,2024-08-10,BRAZIL 1,Cruzeiro,Atletico-MG,8.2,0.9414,0.4725,0.02,0.1538,0,-7.2
2024-08,2024-08-10,BRAZIL 1,Vasco,Fluminense,9.4,0.9442,0.428,0.02,0.1429,1,0.95
2024-08,2024-08-11,DENMARK 1,Randers FC,Silkeborg,17.5,0.9485,0.0512,0.03,0.0909,1,0.95
2024-08,2024-08-11,CZECH 1,FK Pardubice,Slovacko,13.0,0.93,0.0434,0.06,0.0833,1,0.95
2024-08,2024-08-11,POLAND 1,Lechia Gdansk,Zaglebie,14.0,0.9478,0.2211,0.05,0.0769,1,0.95
2024-08,2024-08-11,SCOTLAND 1,Aberdeen,St. Mirren,11.5,0.9203,0.038,0.06,0.0909,1,0.95
2024-08,2024-08-11,SCOTLAND 1,Kilmarnock,St Johnstone,12.5,0.9478,0.2995,0.06,0.0769,1,0.95
2024-08,2024-08-11,SWEDEN 1,AIK,Mjallby,15.5,0.9547,0.2497,0.03,0.0909,1,0.95
2024-08,2024-08-11,GERMANY 3,Saarbrucken,Sandhausen,25.0,0.9674,0.1366,0.03,0.0769,1,0.95
2024-08,2024-08-11,EGYPT 1,El Gaish,Pyramids,12.5,0.933,0.1164,0.11,0.1053,1,0.95
2024-08,2024-08-11,BRAZIL 1,Flamengo RJ,Palmeiras,12.5,0.9547,0.3863,0.02,0.1176,1,0.95
2024-08,2024-08-11,BRAZIL 1,Sao Paulo,Atletico GO,11.0,0.9457,0.3557,0.02,0.1429,1,0.95
2024-08,2024-08-11,BRAZIL 2,Coritiba,Ponte Preta,10.5,0.9123,0.0333,0.1,0.1176,1,0.95
2024-08,2024-08-11,BOLIVIA 1,Aurora,Wilstermann,10.5,0.936,0.2807,0.08,0.1429,0,-9.5
2024-08,2024-08-11,BRAZIL 1,Internacional,Athletico-PR,10.0,0.9478,0.4301,0.02,0.1333,1,0.95
2024-08,2024-08-11,COLOMBIA 2,Llaneros,Atletico F.C.,10.0,0.9328,0.2813,0.09,0.087,1,0.95
2024-08,2024-08-11,BOLIVIA 1,Oriente Petrolero,Blooming,12.0,0.9265,0.0712,0.08,0.1,1,0.95
2024-08,2024-08-12,BOLIVIA 1,Independiente,Nacional Potosi,16.5,0.9511,0.1463,0.07,0.0833,1,0.95
2024-08,2024-08-12,ECUADOR 1,Tecnico U.,Aucas,10.5,0.9123,0.0333,0.07,0.125,1,0.95
2024-08,2024-08-13,SWEDEN 2,Helsingborg,Degerfors,12.5,0.9262,0.0307,0.07,0.0909,1,0.95
2024-08,2024-08-13,EGYPT 1,El Ismaily,Arab Contractors,9.6,0.9203,0.1893,0.09,0.1333,1,0.95
2024-08,2024-08-13,EGYPT 1,National Bank Egypt,Pharco,11.5,0.9267,0.1106,0.09,0.1176,0,-10.5
2024-08,2024-08-14,BRAZIL 1,Internacional,Juventude,13.0,0.9584,0.4107,0.02,0.0833,1,0.95
2024-08,2024-08-15,SPAIN 1,Ath Bilbao,Getafe,11.0,0.9264,0.1446,0.06,0.1538,1,0.95
2024-08,2024-08-16,DENMARK 1,Lyngby,Midtjylland,17.5,0.95,0.0783,0.03,0.0769,1,0.95
2024-08,2024-08-16,SPAIN 1,Celta Vigo,Alaves,10.5,0.9296,0.2143,0.06,0.1333,1,0.95
2024-08,2024-08-16,FRANCE 2,AC Ajaccio,Rodez,8.8,0.9152,0.2077,0.08,0.1429,1,0.95
2024-08,2024-08-16,FRANCE 2,Dunkerque,Annecy,10.0,0.9238,0.1916,0.08,0.1176,1,0.95
2024-08,2024-08-16,NETHERLANDS 2,Den Bosch,Jong AZ,21.0,0.9758,0.4439,0.01,0.0667,1,0.95
2024-08,2024-08-16,NETHERLANDS 2,Roda,Oss,23.0,0.9602,0.036,0.01,0.0667,0,-22.0
2024-08,2024-08-16,NETHERLANDS 2,Telstar,Eindhoven FC,21.0,0.9835,0.6042,0.01,0.0667,1,0.95
2024-08,2024-08-16,POLAND 1,GKS Katowice,Motor Lublin,15.0,0.9404,0.0587,0.06,0.0769,0,-14.0
2024-08,2024-08-16,SPAIN 1,Las Palmas,Sevilla,11.0,0.9267,0.1473,0.06,0.1111,1,0.95
2024-08,2024-08-16,URUGUAY 1,Wanderers,CA Cerro,10.5,0.9447,0.3718,0.03,0.1429,1,0.95
2024-08,2024-08-16,CHILE 1,Colo Colo,Coquimbo,11.5,0.9265,0.108,0.06,0.1176,1,0.95
2024-08,2024-08-16,BRAZIL 2,Vila Nova FC,Sport Recife,8.0,0.8901,0.076,0.1,0.1538,1,0.95
2024-08,2024-08-17,JAPAN 3,Imabari,Osaka,9.2,0.918,0.1998,0.1,0.1538,1,0.95
2024-08,2024-08-17,ENGLAND 4,Carlisle,Barrow,13.0,0.9433,0.2163,0.04,0.0909,1,0.95
2024-08,2024-08-17,SWEDEN 1,Varnamo,Hammarby,16.5,0.9478,0.0905,0.03,0.0909,1,0.95
2024-08,2024-08-17,WOM BRAZIL 1,Cruzeiro W,Corinthians W,7.6,0.9478,0.5555,0.05,0.0909,1,0.95
2024-08,2024-08-17,ENGLAND 2,Swansea,Preston,11.5,0.9493,0.3696,0.12,0.0909,1,0.95
2024-08,2024-08-17,ENGLAND 1,Everton,Brighton,15.5,0.9493,0.1668,0.03,0.0909,1,0.95
2024-08,2024-08-17,ENGLAND 1,Nottingham,Bournemouth,16.0,0.9427,0.0365,0.03,0.0909,1,0.95
2024-08,2024-08-17,ENGLAND 1,West Ham,Aston Villa,20.0,0.9547,0.0467,0.03,0.0769,1,0.95
2024-08,2024-08-17,CZECH 1,Jablonec,Sparta Prague,15.5,0.9417,0.0496,0.06,0.0833,1,0.95
2024-08,2024-08-17,PERU 2,Santos,Llacuabamba,9.8,0.9155,0.1266,0.08,0.1176,1,0.95
2024-08,2024-08-17,ITALY 2,Bari,Juve Stabia,9.2,0.9033,0.065,0.14,0.1429,1,0.95
2024-08,2024-08-17,TURKEY 1,Adana Demirspor,Rizespor,21.0,0.9557,0.0223,0.07,0.0909,1,0.95
2024-08,2024-08-17,BRAZIL 1,Atletico-MG,Cuiaba,9.0,0.945,0.4582,0.02,0.1667,1,0.95
2024-08,2024-08-17,BRAZIL 1,Gremio,Bahia,9.8,0.9514,0.476,0.02,0.1176,1,0.95
2024-08,2024-08-17,SPAIN 1,Valencia,Barcelona,15.5,0.9485,0.1542,0.06,0.0833,1,0.95
2024-08,2024-08-17,WOM BRAZIL 1,Gremio W,Real Brasilia W,9.8,0.9504,0.4667,0.05,0.0833,1,0.95
2024-08,2024-08-17,BRAZIL 1,Bragantino,Fortaleza,10.5,0.9421,0.345,0.02,0.1176,1,0.95
2024-08,2024-08-17,ARGENTINA 1,Velez Sarsfield,Instituto,7.6,0.881,0.0517,0.12,0.1538,1,0.95
2024-08,2024-08-17,BRAZIL 1,Fluminense,Corinthians,7.6,0.948,0.557,0.02,0.1667,0,-6.6
2024-08,2024-08-17,BRAZIL 3,Remo,Londrina,9.4,0.9128,0.1345,0.12,0.1667,1,0.95
2024-08,2024-08-18,WOM BRAZIL 1,Palmeiras W,Internacional W,8.8,0.9478,0.4928,0.05,0.0667,1,0.95
2024-08,2024-08-18,GREECE 1,Atromitos,Aris,12.0,0.9237,0.0382,0.05,0.1111,1,0.95
2024-08,2024-08-18,SPAIN 2,Burgos CF,FC Cartagena SAD,9.2,0.9175,0.1954,0.1,0.1429,1,0.95
2024-08,2024-08-18,CZECH 1,Slovacko,Ostrava,11.5,0.9362,0.2198,0.06,0.125,1,0.95
2024-08,2024-08-18,TURKEY 1,Gaziantep,Samsunspor,10.0,0.9286,0.2393,0.07,0.125,1,0.95
2024-08,2024-08-18,BRAZIL 1,Atletico GO,Internacional,8.8,0.9457,0.4751,0.03,0.1333,1,0.95
2024-08,2024-08-18,BRAZIL 1,Criciuma,Vasco,10.5,0.9478,0.404,0.03,0.125,1,0.95
2024-08,2024-08-18,BRAZIL 1,Palmeiras,Sao Paulo,9.8,0.9461,0.4247,0.03,0.1429,1,0.95
2024-08,2024-08-18,SPAIN 1,Mallorca,Real Madrid,15.5,0.941,0.0382,0.06,0.0833,1,0.95
2024-08,2024-08-18,BRAZIL 1,Athletico-PR,Juventude,16.0,0.9493,0.1415,0.03,0.0833,1,0.95
2024-08,2024-08-19,DENMARK 1,Aarhus,Vejle,16.5,0.9584,0.265,0.03,0.0833,1,0.95
2024-08,2024-08-19,NORWAY 2,Moss,Sogndal,17.0,0.9485,0.0769,0.02,0.0909,1,0.95
2024-08,2024-08-19,POLAND 1,Stal Mielec,Piast Gliwice,9.6,0.9123,0.1122,0.07,0.1429,1,0.95
2024-08,2024-08-19,GREECE 1,Panetolikos,Lamia,11.0,0.9303,0.1868,0.05,0.1176,1,0.95
2024-08,2024-08-19,ICELAND 1,Hafnarfjordur,Valur,30.0,0.9879,0.5869,0.02,0.0667,1,0.95
2024-08,2024-08-19,TURKEY 1,Eyupspor,Bodrumspor,10.5,0.9149,0.0606,0.07,0.125,1,0.95
2024-08,2024-08-19,FRANCE 2,Metz,Bastia,9.8,0.9103,0.0755,0.08,0.1333,1,0.95
2024-08,2024-08-19,ICELAND 1,Breidablik,Fram,30.0,0.9758,0.2265,0.02,0.0769,1,0.95
2024-08,2024-08-19,PORTUGAL 1,Estrela,Famalicao,10.5,0.9304,0.2228,0.04,0.1176,1,0.95
2024-08,2024-08-19,BRAZIL 1,Vitoria,Cruzeiro,8.0,0.9328,0.4157,0.03,0.1538,1,0.95
2024-08,2024-08-19,ECUADOR 1,Tecnico U.,Delfin,11.5,0.9353,0.2096,0.06,0.125,1,0.95
2024-08,2024-08-20,PERU 1,Cusco,U. de Deportes,10.5,0.9267,0.1839,0.11,0.125,1,0.95
2024-08,2024-08-21,FINLAND 1,Gnistan,Mariehamn,14.5,0.9442,0.1433,0.05,0.0909,1,0.95
2024-08,2024-08-22,ENGLAND 4,Notts Co,Grimsby,20.0,0.9555,0.0615,0.04,0.0667,1,0.95
2024-08,2024-08-22,COLOMBIA 2,Orsomarso,Quindio,10.0,0.9084,0.0389,0.09,0.125,1,0.95
2024-08,2024-08-22,BRAZIL 2,Sport Recife,Coritiba,9.0,0.9095,0.1401,0.08,0.1429,1,0.95
2024-08,2024-08-23,POLAND 1,Widzew Lodz,Radomiak Radom,14.5,0.9385,0.0617,0.07,0.0769,1,0.95
2024-08,2024-08-23,SPAIN 2,Racing Santander,Eibar,10.5,0.9157,0.0691,0.1,0.1053,1,0.95
2024-08,2024-08-23,FRANCE 2,Bastia,Amiens,9.4,0.9157,0.1619,0.08,0.1538,1,0.95
2024-08,2024-08-23,FRANCE 2,Laval,Guingamp,8.6,0.8993,0.0891,0.08,0.1538,1,0.95
2024-08,2024-08-23,IRELAND 1,Shelbourne,Bohemians,8.4,0.8942,0.0662,0.12,0.1429,1,0.95
2024-08,2024-08-23,BOLIVIA 1,Guabira,Blooming,13.0,0.9304,0.0489,0.08,0.1176,1,0.95
2024-08,2024-08-23,ECUADOR 1,Macara,Dep. Cuenca,12.0,0.9238,0.0392,0.05,0.125,1,0.95
2024-08,2024-08-23,BRAZIL 2,Ponte Preta,Operario-PR,8.4,0.9207,0.2881,0.08,0.1667,1,0.95
2024-08,2024-08-23,MEXICO 1,Mazatlan FC,Pachuca,12.0,0.9264,0.071,0.06,0.1176,1,0.95
2024-08,2024-08-24,MEXICO 2,Atletico La Paz,Venados,11.5,0.9214,0.0498,0.1,0.1176,1,0.95
2024-08,2024-08-24,GERMANY 1,Mainz,Union Berlin,10.5,0.9205,0.1191,0.04,0.1053,1,0.95
2024-08,2024-08-24,ENGLAND 3,Cambridge Utd,Blackpool,12.5,0.9275,0.0478,0.06,0.1111,1,0.95
2024-08,2024-08-24,ENGLAND 3,Charlton,Bolton,11.5,0.9243,0.0838,0.06,0.0909,1,0.95
2024-08,2024-08-24,ENGLAND 5,Hartlepool,Wealdstone,20.0,0.9555,0.0615,0.08,0.0769,1,0.95
2024-08,2024-08-24,ENGLAND 5,Rochdale,Forest Green,20.0,0.9584,0.1192,0.08,0.0667,0,-19.0
2024-08,2024-08-24,ENGLAND 1,Crystal Palace,West Ham,16.0,0.9708,0.4838,0.02,0.0667,1,0.95
2024-08,2024-08-24,ENGLAND 1,Fulham,Leicester,14.5,0.9632,0.4177,0.02,0.0833,1,0.95
2024-08,2024-08-24,ENGLAND 1,Southampton,Nottingham,13.5,0.9478,0.2473,0.02,0.0833,1,0.95
2024-08,2024-08-24,SLOVENIA 2,Ilirija,Drava,10.5,0.9138,0.0487,0.11,0.0769,1,0.95
2024-08,2024-08-24,SPAIN 1,Osasuna,Mallorca,7.8,0.9385,0.4736,0.04,0.1429,1,0.95
2024-08,2024-08-24,ENGLAND 1,Aston Villa,Arsenal,17.5,0.9561,0.1848,0.02,0.0769,1,0.95
2024-08,2024-08-24,CYPRUS 1,Karmiotissa,Aris,12.5,0.9514,0.3448,0.09,0.0667,1,0.95
2024-08,2024-08-24,PORTUGAL 1,FC Porto,Rio Ave,20.0,0.9584,0.1192,0.03,0.0667,1,0.95
2024-08,2024-08-24,SPAIN 1,Barcelona,Ath Bilbao,18.5,0.9547,0.1147,0.04,0.0667,1,0.95
2024-08,2024-08-24,CZECH 1,FK Pardubice,Hradec Kralove,12.0,0.9335,0.1548,0.06,0.1176,1,0.95
2024-08,2024-08-24,PORTUGAL 3,1º Dezembro,Covilha,9.8,0.9059,0.0322,0.07,0.1667,1,0.95
2024-08,2024-08-24,BULGARIA 1,Botev Plovdiv,Spartak Varna,14.5,0.9385,0.0617,0.1,0.1,1,0.95
2024-08,2024-08-24,ITALY 1,Monza,Genoa,9.2,0.9185,0.204,0.11,0.1333,1,0.95
2024-08,2024-08-24,BRAZIL 1,Atletico GO,Juventude,11.5,0.9421,0.2871,0.03,0.1,1,0.95
2024-08,2024-08-24,FRANCE 1,St Etienne,Le Havre,11.5,0.9267,0.1106,0.04,0.1176,1,0.95
2024-08,2024-08-24,PORTUGAL 1,Famalicao,Boavista,14.0,0.9457,0.1929,0.03,0.1176,1,0.95
2024-08,2024-08-24,SPAIN 1,Espanyol,Real Sociedad,8.2,0.9236,0.3276,0.04,0.1538,1,0.95
2024-08,2024-08-24,BOLIVIA 1,GV San Jose,Wilstermann,12.0,0.9457,0.3015,0.09,0.1053,0,-11.0
2024-08,2024-08-24,BRAZIL 1,Palmeiras,Cuiaba,12.5,0.9405,0.2088,0.03,0.1111,1,0.95
2024-08,2024-08-24,USA 1,Minnesota United,Seattle Sounders,16.5,0.9581,0.2606,0.02,0.0833,1,0.95
2024-08,2024-08-24,USA 1,CF Montreal,New England Revolution,18.0,0.9577,0.1908,0.02,0.0769,1,0.95
2024-08,2024-08-24,USA 1,Charlotte,New York Red Bulls,16.0,0.9631,0.3617,0.02,0.0833,1,0.95
2024-08,2024-08-24,BRAZIL 1,Atletico-MG,Fluminense,8.2,0.9369,0.4356,0.03,0.1538,1,0.95
2024-08,2024-08-24,USA 1,Nashville SC,Austin FC,15.5,0.9594,0.322,0.02,0.0833,1,0.95
2024-08,2024-08-24,MEXICO 1,Club Leon,Santos Laguna,20.0,0.9561,0.0751,0.05,0.0667,1,0.95
2024-08,2024-08-25,DENMARK 1,Vejle,Silkeborg,15.0,0.9503,0.207,0.03,0.0833,1,0.95
2024-08,2024-08-25,SWEDEN 1,Elfsborg,Goteborg,19.0,0.9555,0.106,0.03,0.0667,1,0.95
2024-08,2024-08-25,FINLAND 1,HJK,Inter Turku,17.5,0.9478,0.0383,0.05,0.0769,1,0.95
2024-08,2024-08-25,FRANCE 1,Lens,Brest,13.0,0.9338,0.093,0.04,0.1111,1,0.95
2024-08,2024-08-25,WOM BRAZIL 1,Internacional W,Ferroviaria W,8.4,0.936,0.4152,0.05,0.1538,1,0.95
2024-08,2024-08-25,SWEDEN 1,AIK,Brommapojkarna,19.5,0.9555,0.0838,0.03,0.0667,1,0.95
2024-08,2024-08-25,FRANCE 1,Nantes,Auxerre,12.0,0.9411,0.2466,0.04,0.1,1,0.95
2024-08,2024-08-25,DENMARK 1,Brondby,Randers FC,20.0,0.9624,0.2003,0.03,0.0667,1,0.95
2024-08,2024-08-25,SPAIN 1,Leganes,Las Palmas,7.6,0.9233,0.3706,0.06,0.1538,1,0.95
2024-08,2024-08-25,SPAIN 1,Alaves,Betis,9.0,0.8968,0.0263,0.06,0.1667,0,-8.0
2024-08,2024-08-25,ARGENTINA 1,Lanus,Godoy Cruz,7.8,0.881,0.0279,0.14,0.1538,1,0.95
2024-08,2024-08-25,CROATIA 1,Osijek,Rijeka,14.0,0.9355,0.0501,0.05,0.1,1,0.95
2024-08,2024-08-25,BRAZIL 1,Criciuma,Gremio,10.5,0.9234,0.1492,0.04,0.1176,1,0.95
2024-08,2024-08-25,BRAZIL 1,Fortaleza,Corinthians,10.5,0.9442,0.3666,0.04,0.1333,1,0.95
2024-08,2024-08-25,PORTUGAL 1,Braga,Moreirense,15.0,0.9417,0.078,0.04,0.0833,1,0.95
2024-08,2024-08-25,BRAZIL 1,Internacional,Cruzeiro,8.4,0.9478,0.5137,0.04,0.1538,1,0.95
2024-08,2024-08-26,UKRAINE 1,LNZ Cherkasy,Karpaty Lviv,13.5,0.9334,0.0545,0.05,0.1471,1,0.95
2024-08,2024-08-26,NORWAY 2,Start,Raufoss,21.0,0.9758,0.4439,0.02,0.0667,1,0.95
2024-08,2024-08-26,SPAIN 2,FC Cartagena SAD,Zaragoza,7.4,0.8932,0.1652,0.1,0.1667,1,0.95
2024-08,2024-08-26,SWEDEN 1,Halmstad,Vasteras SK,14.0,0.9353,0.0479,0.04,0.0909,1,0.95
2024-08,2024-08-26,ARGENTINA 1,Barracas Central,Velez Sarsfield,9.2,0.902,0.0535,0.16,0.1176,1,0.95
2024-08,2024-08-26,BRAZIL 2,Paysandu PA,Mirassol,8.0,0.8969,0.1301,0.11,0.1538,0,-7.0
2024-08,2024-08-26,BRAZIL 1,Vasco,Athletico-PR,10.5,0.9214,0.1284,0.04,0.1176,1,0.95
2024-08,2024-08-27,SPAIN 1,Mallorca,Sevilla,9.0,0.902,0.0731,0.07,0.125,0,-8.0
2024-08,2024-08-27,SWEDEN 2,Brage,Helsingborg,16.0,0.9631,0.3617,0.05,0.0769,1,0.95
2024-08,2024-08-28,SPAIN 1,Valladolid,Leganes,8.0,0.9028,0.1776,0.08,0.1667,0,-7.0
2024-08,2024-08-28,WOM BRAZIL 1,Ferroviaria W,Internacional W,9.0,0.9205,0.2384,0.04,0.125,1,0.95
2024-08,2024-08-28,CHILE 1,O'Higgins,Union La Calera,11.5,0.9205,0.0396,0.06,0.1176,1,0.95
2024-08,2024-08-28,BRAZIL 1,Cruzeiro,Internacional,9.0,0.9385,0.3998,0.04,0.1429,0,-8.0
2024-08,2024-08-28,USA 1,Philadelphia Union,Columbus Crew,23.0,0.9597,0.0261,0.02,0.0667,1,0.95
2024-08,2024-08-28,CHILE 1,A. Italiano,Everton,12.0,0.9267,0.0735,0.06,0.1176,1,0.95
2024-08,2024-08-30,DENMARK 1,Lyngby,Vejle,14.0,0.9493,0.2428,0.03,0.0769,1,0.95
2024-08,2024-08-30,SPAIN 2,Granada CF,Huesca,10.0,0.9095,0.0496,0.1,0.1333,1,0.95
2024-08,2024-08-30,DENMARK 2,Hvidovre IF,Horsens,15.5,0.9485,0.1542,0.1,0.0769,1,0.95
2024-08,2024-08-30,FRANCE 2,Dunkerque,Rodez,12.5,0.9328,0.1133,0.07,0.1,1,0.95
2024-08,2024-08-30,NETHERLANDS 2,Helmond,Venlo,13.5,0.9375,0.1095,0.04,0.0909,1,0.95
2024-08,2024-08-30,ENGLAND 2,Luton,QPR,16.0,0.9478,0.1166,0.1,0.0833,1,0.95
2024-08,2024-08-30,PORTUGAL 1,Moreirense,Benfica,16.5,0.9493,0.1161,0.04,0.0833,1,0.95
2024-08,2024-08-31,JAPAN 2,Renofa Yamaguchi,Okayama,9.6,0.9059,0.051,0.07,0.1333,1,0.95
2024-08,2024-08-31,ENGLAND 3,Rotherham,Huddersfield,13.5,0.9442,0.1991,0.06,0.0909,1,0.95
2024-08,2024-08-31,GERMANY 3,Arminia Bielefeld,Sandhausen,21.0,0.9835,0.6042,0.03,0.0769,1,0.95
2024-08,2024-08-31,GERMANY 3,Ingolstadt,Munich 1860,18.0,0.9547,0.1373,0.03,0.0769,1,0.95
2024-08,2024-08-31,GERMANY 3,Mannheim,Saarbrucken,29.0,0.9682,0.0291,0.03,0.0667,1,0.95
2024-08,2024-08-31,UKRAINE 1,Oleksandriya,Kolos Kovalivka,9.0,0.9186,0.2213,0.05,0.1667,1,0.95
2024-08,2024-08-31,ENGLAND 2,Portsmouth,Sunderland,13.0,0.9301,0.0453,0.08,0.1,1,0.95
2024-08,2024-08-31,ENGLAND 3,Reading,Charlton,14.0,0.936,0.0566,0.06,0.0909,1,0.95
2024-08,2024-08-31,ENGLAND 3,Stevenage,Lincoln,11.0,0.9215,0.0903,0.06,0.125,1,0.95
2024-08,2024-08-31,ENGLAND 1,Everton,Bournemouth,15.0,0.9631,0.3986,0.01,0.0833,1,0.95
2024-08,2024-08-31,ENGLAND 1,Leicester,Aston Villa,19.0,0.9835,0.6372,0.01,0.0769,1,0.95
2024-08,2024-08-31,ENGLAND 1,Nottingham,Wolves,16.0,0.9584,0.2858,0.01,0.0909,1,0.95
2024-08,2024-08-31,SCOTLAND 1,Dundee FC,St. Mirren,14.5,0.9412,0.1007,0.06,0.0909,1,0.95
2024-08,2024-08-31,TURKEY 2,Keciorengucu,Boluspor,11.5,0.9214,0.0505,0.1,0.1176,1,0.95
2024-08,2024-08-31,FRANCE 1,Brest,St Etienne,13.0,0.9427,0.2083,0.04,0.0833,1,0.95
2024-08,2024-08-31,SAUDI ARABIA 2,Al Najma,Al Batin,8.8,0.9205,0.2541,0.06,0.1111,1,0.95
2024-08,2024-08-31,ITALY 1,Bologna,Empoli,11.0,0.9242,0.12,0.1,0.125,1,0.95
2024-08,2024-08-31,FRANCE 1,Montpellier,Nantes,15.0,0.9391,0.0403,0.04,0.0833,1,0.95
2024-08,2024-08-31,GREECE 1,Aris,Asteras Tripolis,11.0,0.925,0.1287,0.04,0.125,1,0.95
2024-08,2024-08-31,PORTUGAL 1,Boavista,Estoril,8.6,0.9157,0.2293,0.04,0.1538,0,-7.6
2024-08,2024-08-31,PORTUGAL 1,Estrela,Casa Pia,10.0,0.9315,0.2682,0.04,0.1176,1,0.95
2024-08,2024-08-31,SPAIN 1,Espanyol,Rayo Vallecano,7.6,0.8826,0.0638,0.08,0.1667,1,0.95
2024-08,2024-08-31,ECUADOR 1,Dep. Cuenca,EL Nacional,11.5,0.9238,0.0772,0.06,0.1176,1,0.95
2024-08,2024-08-31,ITALY 3,Monopoli,Sorrento,9.0,0.8994,0.0499,0.09,0.1667,1,0.95
2024-08,2024-08-31,COLOMBIA 2,Boca Juniors,Real Cundinamarca,8.0,0.9176,0.2948,0.08,0.1429,1,0.95
2024-08,2024-08-31,FRANCE 1,Toulouse,Marseille,18.0,0.9561,0.1628,0.04,0.0769,1,0.95
2024-08,2024-08-31,GREECE 1,Panetolikos,Panserraikos,9.2,0.9205,0.2222,0.04,0.1429,1,0.95
2024-08,2024-08-31,MEXICO 1,Guadalajara Chivas,Juarez,17.5,0.9532,0.1334,0.05,0.0769,1,0.95
2024-08,2024-08-31,USA 1,Orlando City,Nashville SC,24.0,0.975,0.3524,0.02,0.0667,1,0.95
2024-08,2024-08-31,BRAZIL 1,Botafogo RJ,Fortaleza,8.4,0.918,0.2653,0.05,0.0909,1,0.95
2024-08,2024-08-31,CHILE 1,Everton,U. Espanola,15.5,0.9418,0.0506,0.06,0.0769,1,0.95
2024-09,2024-09-01,MEXICO 1,Cruz Azul,Club America,12.5,0.9265,0.0346,0.05,0.1053,1,0.95
2024-09,2024-09-01,PORTUGAL 2,Portimonense,Maritimo,13.0,0.9318,0.0673,0.09,0.1111,1,0.95
2024-09,2024-09-01,SOUTH KOREA 1,Gangwon,Suwon FC,15.5,0.9481,0.1486,0.03,0.0909,1,0.95
2024-09,2024-09-01,DENMARK 1,FC Copenhagen,Brondby,17.5,0.9509,0.0926,0.03,0.0769,1,0.95
2024-09,2024-09-01,DENMARK 1,Sonderjyske,Viborg,20.0,0.9763,0.4775,0.03,0.0667,1,0.95
2024-09,2024-09-01,FINLAND 1,Mariehamn,AC Oulu,11.0,0.9167,0.0374,0.05,0.1053,1,0.95
2024-09,2024-09-01,BRAZIL 1,Gremio,Atletico-MG,10.5,0.928,0.1981,0.05,0.1538,1,0.95
2024-09,2024-09-01,SWEDEN 1,Goteborg,Hammarby,17.5,0.9481,0.0449,0.04,0.0833,1,0.95
2024-09,2024-09-01,FRANCE 1,Angers,Nice,9.8,0.9265,0.2331,0.04,0.1333,1,0.95
2024-09,2024-09-01,FRANCE 1,Le Havre,Auxerre,11.0,0.9253,0.1323,0.04,0.1053,1,0.95
2024-09,2024-09-01,FRANCE 1,Reims,Rennes,16.0,0.9445,0.0651,0.04,0.0833,1,0.95
2024-09,2024-09-01,SPAIN 1,Alaves,Las Palmas,9.8,0.9193,0.1628,0.09,0.125,1,0.95
2024-09,2024-09-01,SPAIN 3,R. Union,Celta Vigo B,12.0,0.9411,0.2462,0.07,0.1111,1,0.95
2024-09,2024-09-01,GREECE 1,Volos,OFI Crete,12.0,0.9237,0.038,0.04,0.125,1,0.95
2024-09,2024-09-01,ITALY 1,Fiorentina,Monza,12.5,0.9402,0.2057,0.11,0.1176,1,0.95
2024-09,2024-09-01,SPAIN 4,UD Logrones,Zaragoza B,7.2,0.9341,0.4787,0.07,0.1111,1,0.95
2024-09,2024-09-01,ARGENTINA 1,Huracan,Tigre,8.0,0.9055,0.1991,0.2,0.1538,1,0.95
2024-09,2024-09-01,GREECE 1,Atromitos,PAOK,15.0,0.9484,0.1784,0.04,0.0909,1,0.95
2024-09,2024-09-01,ECUADOR 1,Macara,Tecnico U.,10.5,0.9253,0.1696,0.07,0.1333,0,-9.5
2024-09,2024-09-01,ITALY 1,Juventus,AS Roma,12.5,0.9253,0.0203,0.11,0.1111,0,-11.5
2024-09,2024-09-01,BRAZIL 1,Corinthians,Flamengo RJ,8.0,0.9249,0.3531,0.05,0.1667,1,0.95
2024-09,2024-09-01,PORTUGAL 1,Vitoria Guimaraes,Famalicao,9.8,0.9253,0.2219,0.05,0.1429,1,0.95
2024-09,2024-09-01,BRAZIL 1,Athletico-PR,Palmeiras,12.0,0.9292,0.1039,0.05,0.0909,1,0.95
2024-09,2024-09-01,BRAZIL 1,Bragantino,Bahia,12.0,0.9336,0.1563,0.05,0.1,1,0.95
2024-09,2024-09-01,BRAZIL 1,Juventude,Internacional,9.8,0.9265,0.2331,0.05,0.125,1,0.95
2024-09,2024-09-01,BRAZIL 1,Vitoria,Vasco,9.6,0.9118,0.1077,0.05,0.1429,1,0.95
2024-09,2024-09-01,CHILE 1,Union La Calera,A. Italiano,10.5,0.9265,0.1816,0.06,0.1429,1,0.95
2024-09,2024-09-02,ROMANIA 1,Unirea Slobozia,Gloria Buzau,8.8,0.8997,0.0726,0.09,0.1538,1,0.95
2024-09,2024-09-02,NORWAY 2,Raufoss,Sogndal,16.0,0.9442,0.0592,0.03,0.0833,1,0.95
2024-09,2024-09-05,WORLD UEFA NATIONS LEAGUE,Denmark,Switzerland,9.8,0.9167,0.1374,0.05,0.1667,1,0.95
2024-09,2024-09-05,WORLD UEFA NATIONS LEAGUE,Scotland,Poland,9.2,0.9253,0.2667,0.05,0.125,1,0.95
2024-09,2024-09-05,WORLD UEFA NATIONS LEAGUE,Belarus,Bulgaria,8.4,0.9253,0.3264,0.05,0.1429,0,-7.4
2024-09,2024-09-05,WORLD UEFA NATIONS LEAGUE,Northern Ireland,Luxembourg,8.0,0.9006,0.1599,0.05,0.1667,1,0.95
2024-09,2024-09-05,BRAZIL 1,Cuiaba,Juventude,10.0,0.9203,0.1567,0.05,0.125,0,-9.0
2024-09,2024-09-06,WORLD UEFA NATIONS LEAGUE,France,Italy,14.0,0.9529,0.2931,0.06,0.1053,1,0.95
2024-09,2024-09-06,WORLD UEFA NATIONS LEAGUE,Slovenia,Austria,12.0,0.9336,0.1563,0.06,0.1111,1,0.95
2024-09,2024-09-06,WORLD UEFA NATIONS LEAGUE,Kosovo,Romania,12.0,0.9318,0.1355,0.06,0.1111,1,0.95
2024-09,2024-09-06,IRELAND 2,Athlone,Finn Harps,15.0,0.9414,0.074,0.04,0.1176,1,0.95
2024-09,2024-09-07,ENGLAND 3,Charlton,Rotherham,11.0,0.9265,0.1448,0.05,0.1111,1,0.95
2024-09,2024-09-07,ITALY 3,Picerno,Casertana,9.6,0.9082,0.0733,0.1,0.1538,0,-8.6
2024-09,2024-09-07,WORLD UEFA NATIONS LEAGUE,Ukraine,Albania,10.5,0.9343,0.2634,0.05,0.1333,1,0.95
2024-09,2024-09-07,ITALY 3,ACR Messina,Taranto,9.4,0.903,0.0426,0.1,0.1667,1,0.95
2024-09,2024-09-07,SPAIN 2,Cordoba,Malaga,8.4,0.8971,0.0904,0.1,0.1538,0,-7.4
2024-09,2024-09-07,URUGUAY 1,Maldonado,River Plate,10.5,0.9336,0.2559,0.05,0.1333,1,0.95
2024-09,2024-09-08,SPAIN 4,Zaragoza B,Gernika,8.6,0.9324,0.3723,0.06,0.1333,1,0.95
2024-09,2024-09-08,WORLD UEFA NATIONS LEAGUE,Luxembourg,Belarus,10.0,0.9212,0.1664,0.05,0.1667,1,0.95
2024-09,2024-09-08,WORLD UEFA NATIONS LEAGUE,Slovakia,Azerbaijan,16.0,0.9426,0.0338,0.05,0.0833,1,0.95
2024-09,2024-09-08,SPAIN 2,Zaragoza,Elche,8.6,0.8938,0.0422,0.12,0.1538,1,0.95
2024-09,2024-09-08,URUGUAY 1,Danubio,Boston River,9.0,0.9318,0.34,0.04,0.1538,1,0.95
2024-09,2024-09-08,WORLD UEFA NATIONS LEAGUE,Switzerland,Spain,12.5,0.9414,0.2205,0.05,0.1,1,0.95
2024-09,2024-09-09,WORLD UEFA NATIONS LEAGUE,Cyprus,Kosovo,10.5,0.9265,0.1816,0.05,0.1429,1,0.95
2024-09,2024-09-09,WORLD UEFA NATIONS LEAGUE,Montenegro,Wales,9.4,0.9167,0.1707,0.05,0.1429,1,0.95
2024-09,2024-09-09,WORLD UEFA NATIONS LEAGUE,Slovenia,Kazakhstan,14.5,0.9389,0.0678,0.05,0.1,1,0.95
2024-09,2024-09-09,BRAZIL 2,Ponte Preta,Chapecoense-SC,8.6,0.9107,0.1867,0.11,0.1429,1,0.95
2024-09,2024-09-10,WORLD UEFA NATIONS LEAGUE,Latvia,Faroe Islands,9.4,0.9178,0.1815,0.06,0.1538,1,0.95
2024-09,2024-09-10,ENGLAND 5,Rochdale,Maidenhead,14.5,0.9465,0.1765,0.08,0.0909,1,0.95
2024-09,2024-09-10,WORLD UEFA NATIONS LEAGUE,Albania,Georgia,10.0,0.9395,0.3476,0.06,0.1176,1,0.95
2024-09,2024-09-11,BRAZIL 1,Internacional,Fortaleza,9.6,0.9238,0.222,0.06,0.1333,1,0.95
2024-09,2024-09-13,SAUDI ARABIA 1,Damac,Al Okhdood,12.5,0.9324,0.1087,0.09,0.1111,1,0.95
2024-09,2024-09-13,DENMARK 1,Aalborg,Lyngby,15.5,0.9508,0.1906,0.03,0.0833,1,0.95
2024-09,2024-09-13,FRANCE 1,St Etienne,Lille,13.5,0.9414,0.1619,0.04,0.1,1,0.95
2024-09,2024-09-14,GERMANY 3,Munich 1860,SG Dynamo Dresden,16.5,0.9495,0.1186,0.03,0.0833,1,0.95
2024-09,2024-09-14,GERMANY 3,Saarbrucken,Unterhaching,24.0,0.9613,0.023,0.03,0.0769,1,0.95
2024-09,2024-09-14,GERMANY 1,Freiburg,Bochum,20.0,0.9592,0.137,0.06,0.0667,1,0.95
2024-09,2024-09-14,ENGLAND 2,Swansea,Norwich,15.0,0.944,0.113,0.08,0.0909,1,0.95
2024-09,2024-09-14,ENGLAND 2,Watford,Coventry,17.0,0.9509,0.1172,0.08,0.0833,1,0.95
2024-09,2024-09-14,ENGLAND 3,Reading,Leyton Orient,15.5,0.9414,0.0447,0.05,0.0909,1,0.95
2024-09,2024-09-14,ENGLAND 1,Crystal Palace,Leicester,17.5,0.9508,0.0923,0.02,0.0833,1,0.95
2024-09,2024-09-14,ENGLAND 1,Fulham,West Ham,17.0,0.9521,0.1388,0.02,0.0833,1,0.95
2024-09,2024-09-14,SCOTLAND 1,St. Mirren,Kilmarnock,12.5,0.9318,0.1014,0.06,0.125,1,0.95
2024-09,2024-09-14,CROATIA 2,Cibalia,Orijent,10.5,0.9178,0.0911,0.08,0.1176,1,0.95
2024-09,2024-09-14,PORTUGAL 1,Casa Pia,Moreirense,10.5,0.9203,0.1169,0.05,0.1429,1,0.95
2024-09,2024-09-14,GREECE 1,Asteras Tripolis,Atromitos,9.2,0.9389,0.3914,0.05,0.1333,1,0.95
2024-09,2024-09-14,SPAIN 3,Gimnastic,Tarazona,8.2,0.9219,0.3136,0.05,0.1667,1,0.95
2024-09,2024-09-14,ROMANIA 1,Petrolul,Farul Constanta,10.5,0.9219,0.134,0.1,0.1333,1,0.95
2024-09,2024-09-14,BRAZIL 1,Atletico GO,Vitoria,9.2,0.9076,0.1043,0.06,0.125,1,0.95
2024-09,2024-09-14,ECUADOR 1,Delfin,Dep. Cuenca,11.0,0.9167,0.0374,0.07,0.1111,0,-10.0
2024-09,2024-09-14,URUGUAY 1,Progreso,CA Cerro,14.0,0.9472,0.2141,0.04,0.1111,1,0.95
2024-09,2024-09-14,PORTUGAL 1,Benfica,Santa Clara,25.0,0.9679,0.1499,0.05,0.0667,1,0.95
2024-09,2024-09-14,PORTUGAL 1,Famalicao,Gil Vicente,10.5,0.9289,0.2073,0.05,0.125,1,0.95
2024-09,2024-09-14,CHILE 1,O'Higgins,Coquimbo,12.0,0.9337,0.1572,0.06,0.1176,1,0.95
2024-09,2024-09-14,BRAZIL 1,Athletico-PR,Fortaleza,12.5,0.9265,0.0346,0.06,0.1,1,0.95
2024-09,2024-09-14,COLOMBIA 1,Deportes Tolima,Chico,14.0,0.9336,0.0234,0.09,0.125,1,0.95
2024-09,2024-09-14,USA 1,Chicago Fire,New York Red Bulls,16.5,0.9441,0.0309,0.05,0.0833,1,0.95
2024-09,2024-09-14,USA 1,Houston Dynamo,Real Salt Lake,21.0,0.9613,0.1391,0.05,0.0667,1,0.95
2024-09,2024-09-14,MEXICO 1,Club America,Guadalajara Chivas,13.5,0.9324,0.0412,0.05,0.1111,1,0.95
2024-09,2024-09-14,COLOMBIA 1,Aguilas,Ind. Medellin,8.8,0.8969,0.0475,0.09,0.1538,1,0.95
2024-09,2024-09-15,WOM SPAIN 1,Athletic Bilbao W,Granada CF W,10.5,0.9467,0.3934,0.03,0.1053,1,0.95
2024-09,2024-09-15,NETHERLANDS 1,Sparta Rotterdam,G.A. Eagles,14.5,0.9389,0.0678,0.06,0.0833,1,0.95
2024-09,2024-09-15,POLAND 1,Piast Gliwice,Puszcza,13.5,0.9324,0.0412,0.07,0.1176,1,0.95
2024-09,2024-09-15,NETHERLANDS 1,Willem II,Waalwijk,16.0,0.9476,0.1146,0.06,0.0833,1,0.95
2024-09,2024-09-15,WOM BRAZIL 1,Sao Paulo W,Corinthians W,7.4,0.9364,0.4824,0.05,0.0909,1,0.95
2024-09,2024-09-15,ITALY 2,Reggiana,Sudtirol,8.6,0.903,0.1203,0.09,0.1667,1,0.95
2024-09,2024-09-15,BULGARIA 1,Cherno More,Arda,11.5,0.9253,0.0949,0.1,0.125,1,0.95
2024-09,2024-09-15,ICELAND 1,Akranes,KA Akureyri,36.0,0.9763,0.0985,0.03,0.0667,1,0.95
2024-09,2024-09-15,URUGUAY 2,Juventud,Sud America,9.2,0.9132,0.1562,0.07,0.1667,1,0.95
2024-09,2024-09-15,NETHERLANDS 1,Heracles,Almere City,14.0,0.9441,0.1706,0.06,0.0833,0,-13.0
2024-09,2024-09-15,FRANCE 1,Strasbourg,Angers,14.0,0.9336,0.0234,0.04,0.0909,1,0.95
2024-09,2024-09-15,FRANCE 1,Toulouse,Le Havre,13.5,0.9492,0.2667,0.04,0.1176,1,0.95
2024-09,2024-09-15,ROMANIA 1,Poli Iasi,Univ. Craiova,15.5,0.9422,0.0567,0.1,0.0667,1,0.95
2024-09,2024-09-15,SPAIN 1,Las Palmas,Ath Bilbao,11.5,0.9318,0.1696,0.09,0.1176,1,0.95
2024-09,2024-09-15,GREECE 1,OFI Crete,Aris,12.0,0.9337,0.1572,0.05,0.1053,1,0.95
2024-09,2024-09-15,BRAZIL 1,Juventude,Fluminense,9.2,0.9116,0.1412,0.06,0.1176,1,0.95
2024-09,2024-09-15,URUGUAY 1,Maldonado,Liverpool M.,10.5,0.9126,0.0362,0.04,0.1429,1,0.95
2024-09,2024-09-15,PORTUGAL 1,Braga,Vitoria Guimaraes,11.5,0.925,0.0912,0.04,0.1,1,0.95
2024-09,2024-09-15,CHILE 1,U. De Chile,Palestino,16.0,0.9472,0.1086,0.06,0.0909,1,0.95
2024-09,2024-09-15,BRAZIL 1,Cruzeiro,Sao Paulo,8.0,0.9208,0.3202,0.06,0.1667,1,0.95
2024-09,2024-09-15,BRAZIL 1,Flamengo RJ,Vasco,11.5,0.9265,0.1081,0.06,0.1176,1,0.95
2024-09,2024-09-16,SPAIN 1,Rayo Vallecano,Osasuna,8.8,0.9082,0.1468,0.09,0.1429,1,0.95
2024-09,2024-09-16,PORTUGAL 1,Estrela,Boavista,10.0,0.9265,0.2184,0.04,0.1333,1,0.95
2024-09,2024-09-16,BRAZIL 1,Internacional,Cuiaba,10.5,0.9336,0.2559,0.06,0.1333,1,0.95
2024-09,2024-09-17,IRELAND 2,Wexford,Bray,12.0,0.9336,0.1563,0.04,0.1333,0,-11.0
2024-09,2024-09-18,MEXICO 1,Queretaro,Tigres UANL,16.5,0.9481,0.0967,0.05,0.0833,1,0.95
2024-09,2024-09-18,NORWAY 1,Brann,KFUM Oslo,15.0,0.9472,0.1613,0.07,0.1,1,0.95
2024-09,2024-09-18,SPAIN 1,Betis,Getafe,7.4,0.9003,0.2172,0.09,0.1667,1,0.95
2024-09,2024-09-18,MEXICO 1,Guadalajara Chivas,Club Leon,19.5,0.9525,0.0257,0.05,0.0833,1,0.95
2024-09,2024-09-19,FINLAND 1,Lahti,Mariehamn,12.0,0.9395,0.2265,0.05,0.0909,1,0.95
2024-09,2024-09-19,BRAZIL 2,CRB,Ponte Preta,8.2,0.8923,0.0723,0.08,0.1538,1,0.95
2024-09,2024-09-19,BRAZIL 2,Botafogo SP,Santos,8.4,0.903,0.1397,0.08,0.1429,1,0.95
2024-09,2024-09-21,SOUTH KOREA 1,Suwon FC,Gimcheon Sangmu,18.0,0.9492,0.0381,0.03,0.0833,1,0.95
2024-09,2024-09-21,WOM SPAIN 1,Levante W,Real Sociedad W,8.6,0.9414,0.4487,0.02,0.1053,1,0.95
2024-09,2024-09-21,ENGLAND 2,QPR,Millwall,10.5,0.9169,0.0813,0.06,0.125,1,0.95
2024-09,2024-09-21,ENGLAND 3,Exeter,Stevenage,11.0,0.9265,0.1448,0.06,0.1111,1,0.95
2024-09,2024-09-21,SPAIN 1,Valladolid,Real Sociedad,8.6,0.9019,0.1114,0.1,0.1667,0,-7.6
2024-09,2024-09-21,FRANCE 2,Metz,Lorient,15.5,0.9481,0.1486,0.05,0.1053,1,0.95
2024-09,2024-09-21,ENGLAND 3,Rotherham,Birmingham,15.5,0.9478,0.1442,0.06,0.0667,1,0.95
2024-09,2024-09-21,ENGLAND 4,Colchester,Tranmere,13.5,0.9363,0.0933,0.06,0.1053,1,0.95
2024-09,2024-09-21,ENGLAND 1,Aston Villa,Wolves,25.0,0.9863,0.6082,0.02,0.0667,1,0.95
2024-09,2024-09-21,ENGLAND 1,Fulham,Newcastle,18.0,0.9525,0.0967,0.02,0.0769,1,0.95
2024-09,2024-09-21,ENGLAND 1,Leicester,Everton,15.0,0.9613,0.3713,0.02,0.0833,1,0.95
2024-09,2024-09-21,ENGLAND 1,Southampton,Ipswich,16.0,0.9458,0.0852,0.02,0.0769,1,0.95
2024-09,2024-09-21,SCOTLAND 4,Forfar Athletic,Stranraer,8.0,0.8966,0.1283,0.14,0.1176,1,0.95
2024-09,2024-09-21,POLAND 1,Widzew Lodz,Piast Gliwice,12.5,0.9253,0.0203,0.07,0.1053,1,0.95
2024-09,2024-09-21,ENGLAND 1,Crystal Palace,Manchester Utd,22.0,0.9676,0.2378,0.02,0.0667,0,-21.0
2024-09,2024-09-21,FRANCE 1,Rennes,Lens,12.0,0.9423,0.2609,0.04,0.0909,1,0.95
2024-09,2024-09-21,BRAZIL 1,Corinthians,Atletico GO,11.5,0.9395,0.2568,0.06,0.1176,1,0.95
2024-09,2024-09-21,BRAZIL 1,Vitoria,Juventude,10.5,0.9253,0.1696,0.06,0.125,1,0.95
2024-09,2024-09-21,BRAZIL 1,Fortaleza,Bahia,13.5,0.9318,0.0333,0.06,0.125,1,0.95
2024-09,2024-09-22,WOM SPAIN 1,Valencia W,Atl. Madrid W,12.0,0.9389,0.2204,0.04,0.0909,1,0.95
2024-09,2024-09-22,ENGLAND 2,Preston,Blackburn,12.0,0.9253,0.0576,0.06,0.1,0,-11.0
2024-09,2024-09-22,GERMANY 2,Regensburg,Preussen Munster,15.5,0.945,0.1005,0.06,0.0769,1,0.95
2024-09,2024-09-22,DENMARK 1,Sonderjyske,Vejle,17.0,0.9763,0.5485,0.03,0.0667,1,0.95
2024-09,2024-09-22,SWEDEN 1,Varnamo,Vasteras SK,13.0,0.9386,0.1554,0.07,0.0909,1,0.95
2024-09,2024-09-22,NETHERLANDS 1,Almere City,Twente,21.0,0.9626,0.1668,0.05,0.0667,1,0.95
2024-09,2024-09-22,ENGLAND 1,Brighton,Nottingham,14.5,0.9492,0.2162,0.03,0.0833,1,0.95
2024-09,2024-09-22,ITALY 4,Lavagnese,NovaRomentin,6.6,0.882,0.1771,0.1,0.125,1,0.95
2024-09,2024-09-22,PORTUGAL 1,Gil Vicente,Casa Pia,9.2,0.9114,0.1394,0.05,0.1333,1,0.95
2024-09,2024-09-22,FRANCE 1,Angers,Nantes,10.5,0.9367,0.2885,0.03,0.1333,1,0.95
2024-09,2024-09-22,FRANCE 1,Montpellier,Auxerre,16.5,0.9474,0.0855,0.03,0.0667,1,0.95
2024-09,2024-09-22,ENGLAND 1,Manchester City,Arsenal,11.5,0.9375,0.2343,0.03,0.1053,1,0.95
2024-09,2024-09-22,DENMARK 1,Silkeborg,Brondby,19.0,0.9513,0.0264,0.03,0.0667,1,0.95
2024-09,2024-09-22,PORTUGAL 1,SC Farense,Arouca,17.0,0.9508,0.1169,0.05,0.0909,1,0.95
2024-09,2024-09-22,GREECE 1,Atromitos,Lamia,12.5,0.9265,0.0346,0.06,0.1,1,0.95
2024-09,2024-09-22,BRAZIL 1,Atletico-MG,Bragantino,11.0,0.9178,0.05,0.07,0.125,1,0.95
2024-09,2024-09-22,BRAZIL 1,Vasco,Palmeiras,12.5,0.9465,0.2836,0.07,0.0833,1,0.95
2024-09,2024-09-22,URUGUAY 1,Danubio,Liverpool M.,11.0,0.9318,0.2037,0.05,0.1429,1,0.95
2024-09,2024-09-22,ECUADOR 1,Mushuc Runa,Orense,12.0,0.9351,0.1747,0.07,0.125,1,0.95
2024-09,2024-09-22,BOLIVIA 1,Independiente,Wilstermann,6.4,0.9018,0.3262,0.1,0.1176,1,0.95
2024-09,2024-09-22,BRAZIL 1,Sao Paulo,Internacional,8.0,0.8835,0.0241,0.07,0.1667,1,0.95
2024-09,2024-09-22,COLOMBIA 2,Cartagena,Leones,6.2,0.9107,0.401,0.07,0.1111,1,0.95
2024-09,2024-09-24,FINLAND 1,Ilves,KuPS,16.0,0.9465,0.0962,0.04,0.0769,1,0.95
2024-09,2024-09-24,GERMANY 3,Aue,Wehen,25.0,0.9763,0.359,0.02,0.0667,1,0.95
2024-09,2024-09-24,GERMANY 3,Sandhausen,Ingolstadt,19.5,0.9857,0.6724,0.02,0.0667,1,0.95
2024-09,2024-09-24,SWEDEN 2,Landskrona,Helsingborg,15.0,0.9389,0.0373,0.1,0.0833,1,0.95
2024-09,2024-09-24,FRANCE 2,AC Ajaccio,Grenoble,7.4,0.9253,0.4011,0.04,0.1667,1,0.95
2024-09,2024-09-24,FRANCE 2,Caen,Amiens,11.5,0.9224,0.0614,0.04,0.1111,1,0.95
2024-09,2024-09-24,FRANCE 2,Dunkerque,Bastia,8.8,0.9212,0.2609,0.04,0.1429,1,0.95
2024-09,2024-09-24,FRANCE 2,Paris FC,Guingamp,10.5,0.9141,0.0527,0.04,0.1176,1,0.95
2024-09,2024-09-24,ENGLAND 5,Hartlepool,Rochdale,12.5,0.9363,0.157,0.1,0.1,1,0.95
2024-09,2024-09-25,COLOMBIA 1,Millonarios,Jaguares de Cordoba,12.0,0.9292,0.1039,0.08,0.1053,0,-11.0
2024-09,2024-09-27,FINLAND 1,Gnistan,AC Oulu,18.5,0.9509,0.0435,0.04,0.0667,1,0.95
2024-09,2024-09-27,BULGARIA 1,Beroe,Slavia Sofia,7.8,0.8903,0.1001,0.09,0.1667,1,0.95
2024-09,2024-09-27,FRANCE 1,Auxerre,Brest,15.5,0.9426,0.0625,0.03,0.0909,1,0.95
2024-09,2024-09-27,FRANCE 2,Amiens,Rodez,12.0,0.9414,0.25,0.04,0.1111,1,0.95
2024-09,2024-09-27,FRANCE 2,Lorient,AC Ajaccio,12.0,0.9465,0.3103,0.04,0.1053,1,0.95
2024-09,2024-09-27,FRANCE 2,Martigues,Dunkerque,10.0,0.9253,0.207,0.04,0.1333,1,0.95
2024-09,2024-09-27,WOM SPAIN 1,Atl. Madrid W,Madrid C. W,7.4,0.9465,0.5566,0.04,0.1053,1,0.95
2024-09,2024-09-27,IRELAND 1,Drogheda,Derry City,12.5,0.9253,0.0203,0.09,0.1111,1,0.95
2024-09,2024-09-27,IRELAND 1,Waterford,Galway,9.6,0.9219,0.2043,0.09,0.125,1,0.95
2024-09,2024-09-27,BRAZIL 2,Coritiba,Goias,10.5,0.9116,0.0263,0.08,0.1538,0,-9.5
2024-09,2024-09-29,WOM SPAIN 1,Valencia W,Sevilla FC W,13.0,0.9351,0.1098,0.04,0.1053,1,0.95
2024-09,2024-09-29,FRANCE 1,Toulouse,Lyon,15.5,0.9414,0.0447,0.04,0.0769,1,0.95
2024-09,2024-09-29,WOM ITALY 1,AC Milan W,Lazio W,9.8,0.9501,0.4633,0.04,0.0769,1,0.95
2024-09,2024-09-29,ITALY 4,Vogherese,Asti,12.5,0.9265,0.0346,0.06,0.1316,1,0.95
2024-09,2024-09-29,URUGUAY 1,River Plate,Fenix,12.0,0.9489,0.3393,0.06,0.1053,1,0.95
2024-09,2024-09-29,DENMARK 1,Lyngby,Silkeborg,16.5,0.9509,0.1418,0.03,0.0833,1,0.95
2024-09,2024-09-29,PORTUGAL 2,Leiria,Maritimo,14.5,0.9508,0.2397,0.06,0.1111,1,0.95
2024-09,2024-09-29,FRANCE 1,Nantes,St Etienne,13.0,0.9384,0.1529,0.04,0.1111,1,0.95
2024-09,2024-09-29,CHILE 1,Nublense,Union La Calera,16.5,0.945,0.0455,0.06,0.0833,1,0.95
2024-09,2024-09-29,CROATIA 1,Osijek,Varazdin,16.0,0.9478,0.1176,0.06,0.1053,1,0.95
2024-09,2024-09-29,POLAND 1,Piast Gliwice,Jagiellonia,14.5,0.9389,0.0678,0.06,0.0909,1,0.95
2024-09,2024-09-29,BULGARIA 1,Levski Sofia,Arda,15.0,0.9389,0.0373,0.09,0.1,1,0.95
2024-09,2024-09-29,SPAIN 1,Betis,Espanyol,14.5,0.9429,0.1256,0.11,0.1,1,0.95
2024-09,2024-09-29,SPAIN 2,Cordoba,Racing Club Ferrol,11.0,0.9219,0.095,0.09,0.1176,1,0.95
2024-09,2024-09-29,ICELAND 1,Fylkir,KA Akureyri,26.0,0.9711,0.1994,0.03,0.0667,1,0.95
2024-09,2024-09-29,WOM SPAIN 1,Costa Adeje Tenerife W,Real Madrid W,13.0,0.9411,0.1873,0.04,0.0833,1,0.95
2024-09,2024-09-29,ARGENTINA 1,Central Cordoba,Barracas Central,8.8,0.8961,0.0407,0.16,0.1538,1,0.95
2024-09,2024-09-29,ECUADOR 1,Aucas,Dep. Cuenca,12.5,0.934,0.1279,0.07,0.1111,1,0.95
2024-09,2024-09-29,GREECE 1,PAOK,Aris,13.0,0.9334,0.0873,0.07,0.0909,1,0.95
2024-09,2024-09-29,URUGUAY 1,Liverpool M.,Boston River,8.2,0.9322,0.3977,0.06,0.1667,1,0.95
2024-09,2024-09-29,BRAZIL 1,Fortaleza,Cuiaba,10.5,0.9265,0.1816,0.08,0.1333,1,0.95
2024-09,2024-09-29,COLOMBIA 1,Atl. Nacional,Chico,13.0,0.9422,0.2012,0.1,0.125,1,0.95
2024-09,2024-09-29,PORTUGAL 1,Santa Clara,Boavista,12.5,0.9253,0.0203,0.06,0.1111,1,0.95
2024-09,2024-09-29,URUGUAY 1,Defensor Sp.,Maldonado,13.5,0.9414,0.1619,0.06,0.1176,1,0.95
2024-09,2024-09-29,COLOMBIA 1,Jaguares de Cordoba,Junior,9.2,0.9114,0.1394,0.1,0.1538,1,0.95
2024-09,2024-09-29,BRAZIL 1,Cruzeiro,Vasco,11.0,0.9214,0.0896,0.08,0.1176,1,0.95
2024-09,2024-09-29,BRAZIL 2,Mirassol,Sport Recife,8.4,0.902,0.1313,0.08,0.1538,0,-7.4
2024-09,2024-09-29,COLOMBIA 1,Deportes Tolima,Santa Fe,8.0,0.8932,0.1009,0.1,0.1538,0,-7.0
2024-09,2024-09-30,FINLAND 1,Inter Turku,Lahti,20.0,0.9592,0.137,0.04,0.0667,1,0.95
2024-09,2024-09-30,GREECE 1,Lamia,Panserraikos,9.6,0.9324,0.3047,0.07,0.125,1,0.95
2024-09,2024-09-30,CHILE 1,Huachipato,Coquimbo,9.8,0.9265,0.2331,0.06,0.1429,1,0.95
2024-09,2024-09-30,ARGENTINA 1,Argentinos Jrs,Atl. Tucuman,8.4,0.8936,0.0612,0.15,0.1538,0,-7.4
2024-09,2024-09-30,URUGUAY 1,Penarol,Racing Montevideo,11.0,0.9318,0.2037,0.06,0.1429,0,-10.0
2024-09,2024-09-30,CHILE 1,A. Italiano,O'Higgins,13.5,0.9336,0.0566,0.06,0.125,1,0.95
2024-09,2024-09-30,ARGENTINA 1,Lanus,Gimnasia L.P.,7.8,0.8996,0.172,0.15,0.1538,0,-6.8
2024-10,2024-10-01,ENGLAND 2,Cardiff,Millwall,8.8,0.8973,0.0516,0.08,0.125,1,0.95
2024-10,2024-10-01,ENGLAND 2,QPR,Hull,14.0,0.935,0.0437,0.08,0.0909,1,0.95
2024-10,2024-10-01,ENGLAND 3,Wigan,Peterborough,15.0,0.9466,0.1518,0.08,0.0833,1,0.95
2024-10,2024-10-01,ENGLAND 4,Port Vale,Colchester,13.5,0.9343,0.0668,0.07,0.1111,1,0.95
2024-10,2024-10-02,USA 1,Charlotte,Chicago Fire,19.5,0.9536,0.048,0.04,0.0667,1,0.95
2024-10,2024-10-03,BRAZIL 1,Criciuma,Atletico GO,11.5,0.923,0.0685,0.08,0.1053,1,0.95
2024-10,2024-10-04,BULGARIA 1,Krumovgrad,CSKA 1948 Sofia,9.2,0.8996,0.0314,0.09,0.1538,1,0.95
2024-10,2024-10-04,POLAND 1,Puszcza,GKS Katowice,12.0,0.9234,0.0343,0.06,0.1,1,0.95
2024-10,2024-10-04,DENMARK 1,Vejle,Aalborg,17.5,0.9496,0.0703,0.03,0.0769,1,0.95
2024-10,2024-10-04,FRANCE 2,Annecy,Red Star,13.5,0.9378,0.114,0.03,0.1,1,0.95
2024-10,2024-10-04,FRANCE 2,Paris FC,Laval,12.5,0.9305,0.0845,0.03,0.1,1,0.95
2024-10,2024-10-04,FRANCE 2,Rodez,Grenoble,15.0,0.9428,0.0945,0.03,0.0909,1,0.95
2024-10,2024-10-04,NETHERLANDS 1,Almere City,Willem II,11.5,0.9245,0.0852,0.05,0.125,1,0.95
2024-10,2024-10-04,IRELAND 2,UC Dublin,Bray,10.5,0.9325,0.2443,0.05,0.1667,1,0.95
2024-10,2024-10-04,PORTUGAL 1,Rio Ave,Famalicao,8.4,0.9013,0.1255,0.07,0.1667,1,0.95
2024-10,2024-10-04,BRAZIL 2,CRB,Paysandu PA,8.6,0.9054,0.1409,0.1,0.1429,1,0.95
2024-10,2024-10-04,BRAZIL 1,Gremio,Fortaleza,10.5,0.9142,0.0539,0.08,0.1111,1,0.95
2024-10,2024-10-05,JAPAN 2,Chiba,Kusatsu,5.9,0.923,0.4996,0.08,0.0769,1,0.95
2024-10,2024-10-05,JAPAN 3,Nagano,Yamaga,8.2,0.9199,0.2973,0.08,0.1176,1,0.95
2024-10,2024-10-05,WOM SPAIN 1,Athletic Bilbao W,Atl. Madrid W,14.5,0.9376,0.048,0.04,0.1176,1,0.95
2024-10,2024-10-05,ENGLAND 2,Swansea,Stoke,13.0,0.9302,0.0462,0.09,0.0833,0,-12.0
2024-10,2024-10-05,ENGLAND 4,Crewe,Gillingham,9.8,0.9208,0.1773,0.08,0.1176,1,0.95
2024-10,2024-10-05,ENGLAND 1,Brentford,Wolves,16.5,0.9536,0.1871,0.03,0.0769,1,0.95
2024-10,2024-10-05,ENGLAND 1,Leicester,Bournemouth,18.5,0.9618,0.245,0.03,0.0667,1,0.95
2024-10,2024-10-05,PARAGUAY 2,3 de Febrero,San Lorenzo,7.2,0.8768,0.0688,0.19,0.1667,1,0.95
2024-10,2024-10-05,SPAIN 2,Eibar,Gijon,9.4,0.9189,0.1916,0.09,0.1176,1,0.95
2024-10,2024-10-05,SPAIN 2,Mirandes,Granada CF,8.2,0.9002,0.1367,0.09,0.1667,1,0.95
2024-10,2024-10-05,PORTUGAL 1,Gil Vicente,Estrela,11.5,0.9427,0.294,0.07,0.1111,1,0.95
2024-10,2024-10-05,AUSTRIA 1,Tirol,BW Linz,13.5,0.9361,0.0905,0.05,0.1053,1,0.95
2024-10,2024-10-05,GREECE 1,Atromitos,Volos,9.8,0.9213,0.1824,0.07,0.1111,1,0.95
2024-10,2024-10-05,SPAIN 3,Betis B,Algeciras,8.6,0.9038,0.1275,0.11,0.1538,1,0.95
2024-10,2024-10-05,ISRAEL 1,SC Ashdod,Hapoel Haifa,12.5,0.926,0.0286,0.07,0.1176,1,0.95
2024-10,2024-10-05,ISRAEL 1,Maccabi Petah Tikva,Maccabi Bnei Raina,10.5,0.9146,0.058,0.07,0.1333,1,0.95
2024-10,2024-10-05,BULGARIA 1,Botev Plovdiv,Levski Sofia,10.5,0.9391,0.3135,0.08,0.1429,1,0.95
2024-10,2024-10-05,ARGENTINA 1,Velez Sarsfield,Racing Club,9.4,0.9322,0.3157,0.15,0.1333,1,0.95
2024-10,2024-10-05,FRANCE 2,Metz,Amiens,13.0,0.938,0.1472,0.03,0.125,1,0.95
2024-10,2024-10-05,SPAIN 2,Tenerife,FC Cartagena SAD,9.2,0.9014,0.0482,0.09,0.1538,1,0.95
2024-10,2024-10-05,BRAZIL 1,Athletico-PR,Botafogo RJ,10.5,0.9119,0.029,0.09,0.0909,1,0.95
2024-10,2024-10-05,PARAGUAY 1,Libertad Asuncion,Guarani,9.2,0.9061,0.0907,0.14,0.1111,1,0.95
2024-10,2024-10-05,USA 1,Colorado Rapids,Seattle Sounders,18.0,0.9496,0.0451,0.04,0.0769,1,0.95
2024-10,2024-10-06,UKRAINE 1,Polissya Zhytomyr,Vorskla Poltava,10.0,0.9109,0.0634,0.09,0.1408,1,0.95
2024-10,2024-10-06,SERBIA 1,Napredak,Novi Pazar,10.5,0.9315,0.2342,0.06,0.1429,1,0.95
2024-10,2024-10-06,WOM ITALY 1,Napoli W,AC Milan W,16.5,0.9458,0.059,0.04,0.1053,1,0.95
2024-10,2024-10-06,NETHERLANDS 1,Feyenoord,Twente,19.5,0.9536,0.048,0.05,0.0667,1,0.95
2024-10,2024-10-06,GREECE 1,Panserraikos,OFI Crete,11.0,0.9296,0.1797,0.06,0.125,1,0.95
2024-10,2024-10-06,ITALY 3,Torres,Arezzo,9.8,0.9119,0.0907,0.08,0.1667,1,0.95
2024-10,2024-10-06,FINLAND 1,Mariehamn,Inter Turku,16.0,0.946,0.0887,0.04,0.0833,1,0.95
2024-10,2024-10-06,PORTUGAL 1,SC Farense,Estoril,11.0,0.9263,0.1425,0.07,0.1111,1,0.95
2024-10,2024-10-06,FRANCE 1,Brest,Le Havre,12.0,0.9266,0.0735,0.04,0.1111,1,0.95
2024-10,2024-10-06,FRANCE 1,Strasbourg,Lens,15.0,0.9378,0.0208,0.04,0.0909,1,0.95
2024-10,2024-10-06,ITALY 1,Monza,AS Roma,10.5,0.9297,0.2153,0.1,0.1176,1,0.95
2024-10,2024-10-06,ISRAEL 1,H. Beer Sheva,Hapoel Jerusalem,13.5,0.9313,0.0265,0.06,0.1111,1,0.95
2024-10,2024-10-06,CHILE 2,CD Santa Cruz,San Luis,9.0,0.916,0.1986,0.09,0.125,1,0.95
2024-10,2024-10-06,POLAND 1,Jagiellonia,Legia,15.0,0.9414,0.074,0.06,0.0909,1,0.95
2024-10,2024-10-06,SPAIN 1,Real Sociedad,Atl. Madrid,9.4,0.9018,0.0314,0.11,0.1429,1,0.95
2024-10,2024-10-06,URUGUAY 1,Maldonado,Progreso,9.6,0.9033,0.0265,0.08,0.1538,1,0.95
2024-10,2024-10-07,ARGENTINA 3,Sportivo Belgrano,Gimnasia E.R.,7.4,0.8834,0.0929,0.17,0.1429,1,0.95
2024-10,2024-10-07,BRAZIL 2,Goias,Santos,8.4,0.8908,0.0379,0.11,0.1667,1,0.95
2024-10,2024-10-09,BRAZIL 1,Atletico-MG,Gremio,11.5,0.9285,0.1316,0.09,0.1,1,0.95
2024-10,2024-10-10,WORLD UEFA NATIONS LEAGUE,Latvia,North Macedonia,9.2,0.9238,0.2531,0.06,0.1538,1,0.95
2024-10,2024-10-10,WORLD UEFA NATIONS LEAGUE,Italy,Belgium,11.5,0.9325,0.1767,0.06,0.1053,1,0.95
2024-10,2024-10-10,WORLD UEFA NATIONS LEAGUE,England,Greece,16.0,0.9447,0.0672,0.06,0.0909,1,0.95
2024-10,2024-10-10,WORLD UEFA NATIONS LEAGUE,Norway,Slovenia,11.5,0.9296,0.1445,0.06,0.125,1,0.95
2024-10,2024-10-10,WORLD UEFA NATIONS LEAGUE,Gibraltar,San Marino,7.4,0.9345,0.4686,0.06,0.1667,1,0.95
2024-10,2024-10-11,WORLD UEFA NATIONS LEAGUE,Estonia,Azerbaijan,9.0,0.9042,0.0929,0.06,0.1429,1,0.95
2024-10,2024-10-11,WORLD UEFA NATIONS LEAGUE,Ukraine,Georgia,11.5,0.9428,0.2948,0.06,0.1053,1,0.95
2024-10,2024-10-11,URUGUAY 1,Penarol,Maldonado,15.5,0.9506,0.1875,0.08,0.1111,1,0.95
2024-10,2024-10-12,WORLD UEFA NATIONS LEAGUE,Bulgaria,Luxembourg,9.6,0.9095,0.0859,0.08,0.1538,0,-8.6
2024-10,2024-10-12,WORLD UEFA NATIONS LEAGUE,Croatia,Scotland,15.0,0.9465,0.1507,0.08,0.0833,1,0.95
2024-10,2024-10-13,ITALY 3,Pergolettese,Trento,10.5,0.9325,0.2443,0.06,0.1538,0,-9.5
2024-10,2024-10-13,ITALY 3,Benevento,Latina,17.5,0.951,0.0945,0.06,0.1,1,0.95
2024-10,2024-10-13,PORTUGAL 2,Academico Viseu,Maritimo,11.5,0.926,0.1026,0.06,0.1429,1,0.95
2024-10,2024-10-13,CHILE 1,Huachipato,Colo Colo,14.0,0.9362,0.0604,0.05,0.1111,1,0.95
2024-10,2024-10-13,PORTUGAL 2,Pacos Ferreira,Torreense,14.0,0.9371,0.0732,0.06,0.125,1,0.95
2024-10,2024-10-13,COLOMBIA 2,Huila,Inter Palmira,10.5,0.9373,0.2949,0.06,0.1667,1,0.95
2024-10,2024-10-14,WORLD UEFA NATIONS LEAGUE,Wales,Montenegro,12.5,0.9373,0.1695,0.08,0.0909,1,0.95
2024-10,2024-10-14,COLOMBIA 1,Once Caldas,Dep. Pasto,11.0,0.9157,0.0267,0.1,0.1538,1,0.95
2024-10,2024-10-14,COLOMBIA 1,Atl. Nacional,Envigado,16.0,0.942,0.025,0.1,0.1,1,0.95
2024-10,2024-10-15,WORLD UEFA NATIONS LEAGUE,Switzerland,Denmark,9.4,0.9172,0.1758,0.09,0.1176,1,0.95
2024-10,2024-10-15,WORLD WORLD CUP,Colombia,Chile,11.0,0.9209,0.0833,0.13,0.1176,1,0.95
2024-10,2024-10-15,WORLD WORLD CUP,Paraguay,Venezuela,7.0,0.8761,0.0891,0.13,0.1538,1,0.95
2024-10,2024-10-16,BRAZIL 1,Sao Paulo,Vasco,10.0,0.911,0.0647,0.09,0.1111,1,0.95
2024-10,2024-10-17,URUGUAY 1,Cerro Largo,Maldonado,8.0,0.8971,0.1321,0.08,0.1667,1,0.95
2024-10,2024-10-17,BRAZIL 1,Flamengo RJ,Fluminense,7.8,0.8819,0.0348,0.09,0.1667,1,0.95
2024-10,2024-10-17,BRAZIL 2,America MG,Goias,8.4,0.8971,0.091,0.12,0.1333,1,0.95
2024-10,2024-10-18,AUSTRALIA 1,Central Coast Mariners,Melbourne Victory,12.0,0.9232,0.0325,0.07,0.0769,0,-11.0
2024-10,2024-10-18,POLAND 1,Korona Kielce,Piast Gliwice,9.2,0.925,0.2638,0.06,0.1538,1,0.95
2024-10,2024-10-18,BULGARIA 1,Botev Vratsa,Lok. Plovdiv,9.2,0.8992,0.0274,0.07,0.1538,0,-8.2
2024-10,2024-10-18,FRANCE 2,Laval,Dunkerque,10.5,0.9376,0.2977,0.04,0.1176,1,0.95
2024-10,2024-10-18,ITALY 3,Sestri Levante,Arezzo,10.5,0.9373,0.2949,0.06,0.1667,1,0.95
2024-10,2024-10-18,IRELAND 1,Shelbourne,Waterford,10.5,0.9421,0.3448,0.08,0.1,1,0.95
2024-10,2024-10-18,BRAZIL 1,Atletico GO,Cuiaba,8.6,0.9079,0.1628,0.1,0.1538,0,-7.6
2024-10,2024-10-18,MEXICO 1,Atlas,Mazatlan FC,10.5,0.9345,0.2655,0.06,0.1333,0,-9.5
2024-10,2024-10-19,FRANCE 2,Amiens,AC Ajaccio,8.0,0.9373,0.4516,0.04,0.1667,1,0.95
2024-10,2024-10-19,WOM GERMANY 1,Jena W,Koln W,9.8,0.9048,0.022,0.05,0.1053,1,0.95
2024-10,2024-10-19,BULGARIA 1,Levski Sofia,CSKA Sofia,11.0,0.9265,0.1457,0.09,0.125,1,0.95
2024-10,2024-10-19,WOM ITALY 1,Fiorentina W,Lazio W,9.0,0.9496,0.4988,0.05,0.08,1,0.95
2024-10,2024-10-19,ENGLAND 2,Millwall,Derby,10.5,0.9142,0.0539,0.08,0.1429,1,0.95
2024-10,2024-10-19,ENGLAND 3,Cambridge Utd,Wigan,9.6,0.9308,0.2895,0.06,0.125,1,0.95
2024-10,2024-10-19,ENGLAND 1,Southampton,Leicester,15.0,0.938,0.0232,0.04,0.0769,1,0.95
2024-10,2024-10-19,GREECE 1,Volos,Panserraikos,9.8,0.9266,0.2348,0.07,0.125,1,0.95
2024-10,2024-10-19,SCOTLAND 1,St Johnstone,Ross County,13.5,0.9315,0.0292,0.06,0.125,1,0.95
2024-10,2024-10-19,AUSTRIA 1,BW Linz,Wolfsberger AC,17.5,0.9549,0.1626,0.03,0.0769,1,0.95
2024-10,2024-10-19,FRANCE 1,Brest,Rennes,13.0,0.9411,0.1878,0.05,0.1111,1,0.95
2024-10,2024-10-19,GREECE 1,Atromitos,Panetolikos,10.5,0.9185,0.0984,0.07,0.125,1,0.95
2024-10,2024-10-19,GREECE 1,Lamia,Asteras Tripolis,10.5,0.926,0.1766,0.07,0.1429,0,-9.5
2024-10,2024-10-19,ITALY 1,Juventus,Lazio,9.0,0.9113,0.156,0.1,0.125,1,0.95
2024-10,2024-10-19,NETHERLANDS 1,G.A. Eagles,Feyenoord,17.0,0.9535,0.1627,0.04,0.0667,1,0.95
2024-10,2024-10-19,ARGENTINA 1,Tigre,Boca Juniors,9.4,0.904,0.0527,0.16,0.1333,1,0.95
2024-10,2024-10-19,URUGUAY 1,Penarol,Boston River,10.0,0.9262,0.2154,0.08,0.1333,1,0.95
2024-10,2024-10-20,MEXICO 1,Monterrey,Tigres UANL,10.5,0.9249,0.1648,0.05,0.1111,1,0.95
2024-10,2024-10-20,UKRAINE 1,LNZ Cherkasy,Inhulets,11.5,0.9423,0.289,0.09,0.1,1,0.95
2024-10,2024-10-20,SPAIN 1,Mallorca,Rayo Vallecano,7.6,0.8784,0.0317,0.1,0.1538,1,0.95
2024-10,2024-10-20,FRANCE 1,Le Havre,Lyon,16.5,0.95,0.1282,0.05,0.0667,1,0.95
2024-10,2024-10-20,CYPRUS 1,Achnas,Aris,12.5,0.9496,0.3224,0.05,0.0667,1,0.95
2024-10,2024-10-20,WOM ITALY 1,AS Roma W,AC Milan W,16.0,0.9461,0.0903,0.06,0.0667,1,0.95
2024-10,2024-10-20,NETHERLANDS 1,Zwolle,NAC Breda,14.0,0.9376,0.0792,0.05,0.1,1,0.95
2024-10,2024-10-20,FRANCE 1,Nantes,Nice,10.0,0.9095,0.0494,0.05,0.1111,1,0.95
2024-10,2024-10-20,SPAIN 4,Pontevedra,Rayo Cantabria,8.2,0.9077,0.1981,0.09,0.1176,1,0.95
2024-10,2024-10-20,CHILE 2,San Marcos de Arica,San Felipe,7.6,0.9057,0.238,0.07,0.1449,1,0.95
2024-10,2024-10-20,SPAIN 2,Elche,Gijon,9.2,0.9008,0.042,0.11,0.1333,1,0.95
2024-10,2024-10-20,SPAIN 4,Cacereno,San Sebastian Reyes,10.0,0.9241,0.195,0.09,0.1538,1,0.95
2024-10,2024-10-20,ARGENTINA 1,Argentinos Jrs,Talleres Cordoba,7.6,0.8788,0.0346,0.15,0.1538,1,0.95
2024-10,2024-10-20,CHILE 1,Palestino,Colo Colo,10.5,0.9267,0.1845,0.04,0.125,1,0.95
2024-10,2024-10-20,ECUADOR 1,Delfin,EL Nacional,12.5,0.9373,0.1695,0.08,0.1111,1,0.95
2024-10,2024-10-20,CHILE 1,A. Italiano,Huachipato,12.5,0.9419,0.2268,0.04,0.1053,1,0.95
2024-10,2024-10-20,CHILE 1,Coquimbo,Cobresal,14.5,0.9418,0.1095,0.04,0.1,1,0.95
2024-10,2024-10-21,DENMARK 1,Aarhus,Brondby,15.0,0.9378,0.0208,0.03,0.0909,1,0.95
2024-10,2024-10-21,ISRAEL 1,Hapoel Hadera,Netanya,15.5,0.94,0.0224,0.05,0.0769,1,0.95
2024-10,2024-10-21,NORWAY 2,Mjondalen,Sogndal,16.0,0.9427,0.0361,0.04,0.0909,0,-15.0
2024-10,2024-10-21,POLAND 1,Radomiak Radom,Puszcza,14.0,0.9427,0.1507,0.07,0.0909,1,0.95
2024-10,2024-10-21,SWEDEN 1,Goteborg,AIK,9.2,0.9107,0.1331,0.08,0.1333,1,0.95
2024-10,2024-10-21,ENGLAND 1,Nottingham,Crystal Palace,11.5,0.9427,0.294,0.04,0.125,1,0.95
2024-10,2024-10-22,ENGLAND 3,Exeter,Reading,14.5,0.9399,0.0814,0.06,0.0667,1,0.95
2024-10,2024-10-22,ENGLAND 3,Stevenage,Cambridge Utd,13.5,0.9374,0.1082,0.06,0.1111,1,0.95
2024-10,2024-10-22,BRAZIL 2,Novorizontino,Avai,9.4,0.9162,0.1666,0.08,0.1667,1,0.95
2024-10,2024-10-23,MEXICO 1,Mazatlan FC,Tigres UANL,14.5,0.9411,0.0988,0.04,0.1,1,0.95
2024-10,2024-10-23,FINLAND 1,Haka,Inter Turku,16.5,0.9458,0.0577,0.05,0.0769,1,0.95
2024-10,2024-10-23,SPAIN 2,Eldense,Zaragoza,9.4,0.9119,0.126,0.11,0.1333,1,0.95
2024-10,2024-10-23,MEXICO 1,Monterrey,UNAM Pumas,12.5,0.9373,0.1695,0.04,0.125,0,-11.5
2024-10,2024-10-24,MEXICO 1,Club Leon,Atlas,12.0,0.9279,0.088,0.06,0.1176,0,-11.0
2024-10,2024-10-24,MEXICO 1,Club Tijuana,Club America,16.5,0.9466,0.0717,0.06,0.0667,1,0.95
2024-10,2024-10-24,SPAIN 2,Gijon,Huesca,10.0,0.9299,0.2521,0.1,0.1538,1,0.95
2024-10,2024-10-24,SPAIN 2,Tenerife,Malaga,8.2,0.8908,0.0598,0.1,0.1667,0,-7.2
2024-10,2024-10-24,BOLIVIA 1,Always Ready,Wilstermann,14.0,0.9428,0.1518,0.09,0.1053,1,0.95
2024-10,2024-10-24,BRAZIL 2,Sport Recife,Guarani,8.2,0.9031,0.1603,0.08,0.1429,1,0.95
2024-10,2024-10-25,PORTUGAL 1,Casa Pia,Nacional,10.0,0.9131,0.0851,0.07,0.1111,1,0.95
2024-10,2024-10-25,FRANCE 2,Annecy,Laval,9.6,0.923,0.2148,0.03,0.1429,1,0.95
2024-10,2024-10-25,FRANCE 2,Dunkerque,Red Star,13.0,0.9496,0.2972,0.03,0.0909,1,0.95
2024-10,2024-10-25,FRANCE 2,Metz,Guingamp,12.0,0.9332,0.1513,0.03,0.1111,1,0.95
2024-10,2024-10-25,NETHERLANDS 1,Almere City,Nijmegen,13.0,0.9427,0.208,0.05,0.1,1,0.95
2024-10,2024-10-25,IRELAND 1,Shelbourne,Drogheda,12.5,0.9313,0.0951,0.08,0.1053,1,0.95
2024-10,2024-10-25,IRELAND 1,Waterford,Bohemians,13.0,0.9299,0.0427,0.08,0.0909,1,0.95
2024-10,2024-10-25,ENGLAND 1,Leicester,Nottingham,12.0,0.9457,0.3015,0.04,0.1,1,0.95
2024-10,2024-10-26,BULGARIA 1,Hebar,Krumovgrad,9.0,0.8975,0.0326,0.09,0.1538,0,-8.0
2024-10,2024-10-26,FRANCE 2,Paris FC,Grenoble,15.5,0.9418,0.0514,0.03,0.0909,1,0.95
2024-10,2024-10-26,TURKEY 1,Kasimpasa,Samsunspor,13.5,0.9337,0.0585,0.1,0.0909,1,0.95
2024-10,2024-10-26,FINLAND 1,Haka,Gnistan,15.5,0.9458,0.112,0.05,0.0769,1,0.95
2024-10,2024-10-26,SPAIN 1,Rayo Vallecano,Alaves,8.6,0.9077,0.1612,0.1,0.1538,1,0.95
2024-10,2024-10-26,AUSTRIA 1,Altach,A. Klagenfurt,14.0,0.9466,0.2052,0.03,0.1,1,0.95
2024-10,2024-10-26,FRANCE 1,Angers,St Etienne,11.5,0.9466,0.3386,0.04,0.0909,1,0.95
2024-10,2024-10-26,SAUDI ARABIA 1,Al Raed,Al Fateh,17.5,0.9549,0.1626,0.03,0.0909,1,0.95
2024-10,2024-10-26,ENGLAND 1,Everton,Fulham,15.5,0.9418,0.0514,0.04,0.0833,1,0.95
2024-10,2024-10-26,PORTUGAL 1,Boavista,Moreirense,8.4,0.9005,0.1191,0.07,0.1538,1,0.95
2024-10,2024-10-26,BOSNIA 1,Velez Mostar,Posusje,14.0,0.942,0.141,0.03,0.1667,1,0.95
2024-10,2024-10-26,FRANCE 1,Lens,Lille,12.5,0.937,0.1655,0.04,0.1111,1,0.95
2024-10,2024-10-26,PORTUGAL 1,Famalicao,Sporting CP,16.5,0.9458,0.059,0.07,0.0833,1,0.95
2024-10,2024-10-26,BRAZIL 1,Athletico-PR,Cruzeiro,10.5,0.9352,0.2728,0.09,0.125,1,0.95
2024-10,2024-10-26,BRAZIL 1,Atletico-MG,Internacional,8.0,0.9219,0.329,0.09,0.1538,1,0.95
2024-10,2024-10-27,DENMARK 1,Vejle,Lyngby,14.0,0.9509,0.2647,0.04,0.0909,1,0.95
2024-10,2024-10-27,SPAIN 2,Dep. La Coruna,Racing Santander,14.0,0.9374,0.0769,0.11,0.0833,1,0.95
2024-10,2024-10-27,SPAIN 2,Elche,Burgos CF,9.8,0.9089,0.0614,0.11,0.125,1,0.95
2024-10,2024-10-27,FRANCE 1,Montpellier,Toulouse,17.5,0.9496,0.0703,0.04,0.0667,1,0.95
2024-10,2024-10-27,FRANCE 1,Nice,Monaco,15.5,0.9465,0.1239,0.04,0.0769,1,0.95
2024-10,2024-10-27,FRANCE 1,Strasbourg,Nantes,14.5,0.9376,0.048,0.04,0.0909,1,0.95
2024-10,2024-10-27,GERMANY 1,Union Berlin,Eintracht Frankfurt,13.5,0.937,0.1025,0.05,0.0909,1,0.95
2024-10,2024-10-27,SPAIN 1,Betis,Atl. Madrid,13.0,0.9373,0.1382,0.1,0.1111,1,0.95
2024-10,2024-10-27,SPAIN 1,Real Sociedad,Osasuna,11.0,0.9202,0.0759,0.1,0.1176,1,0.95
2024-10,2024-10-27,ARGENTINA 1,Banfield,Racing Club,8.0,0.8846,0.0327,0.14,0.1429,1,0.95
2024-10,2024-10-27,PORTUGAL 1,Estrela,Vitoria Guimaraes,9.6,0.9256,0.2399,0.06,0.125,1,0.95
2024-10,2024-10-28,PORTUGAL 2,Mafra,Leiria,9.4,0.9202,0.2036,0.07,0.1429,1,0.95
2024-10,2024-10-28,ENGLAND 3,Blackpool,Wigan,15.0,0.938,0.0232,0.06,0.1,1,0.95
2024-10,2024-10-28,BRAZIL 2,Coritiba,CRB,8.6,0.9333,0.3796,0.07,0.1333,1,0.95
2024-10,2024-10-28,USA 1,FC Cincinnati,New York City,24.0,0.9618,0.0349,0.02,0.0667,1,0.95
2024-10,2024-10-28,USA 1,Seattle Sounders,Houston Dynamo,14.0,0.9373,0.0755,0.02,0.1053,0,-13.0
2024-10,2024-10-29,FRANCE 2,Amiens,Paris FC,11.0,0.9197,0.0711,0.04,0.1333,0,-10.0
2024-10,2024-10-29,FRANCE 2,Bastia,Rodez,11.0,0.9373,0.2636,0.04,0.125,1,0.95
2024-10,2024-10-29,FRANCE 2,Grenoble,Annecy,12.0,0.9278,0.0875,0.04,0.1053,0,-11.0
2024-10,2024-10-29,FRANCE 2,Guingamp,AC Ajaccio,9.6,0.9373,0.3513,0.04,0.125,1,0.95
2024-10,2024-10-29,BRAZIL 2,Goias,Operario-PR,8.2,0.9278,0.3618,0.07,0.1667,1,0.95
2024-10,2024-10-29,COLOMBIA 1,Dep. Pasto,Aguilas,7.6,0.8846,0.0789,0.09,0.1538,1,0.95
2024-10,2024-10-31,BOLIVIA 1,Aurora,Independiente,6.4,0.938,0.5564,0.09,0.0769,1,0.95
2024-11,2024-11-01,SAUDI ARABIA 1,Al Khaleej,Al Raed,14.5,0.9393,0.0723,0.03,0.1333,1,0.95
2024-11,2024-11-01,DENMARK 2,Hillerod,Hvidovre IF,15.5,0.94,0.0234,0.06,0.1,1,0.95
2024-11,2024-11-01,FRANCE 2,Clermont,Lorient,15.0,0.947,0.157,0.04,0.1,1,0.95
2024-11,2024-11-01,FRANCE 2,Dunkerque,Amiens,10.5,0.9351,0.2714,0.04,0.1176,1,0.95
2024-11,2024-11-01,AUSTRIA 2,Admira,Ried,11.5,0.9256,0.0983,0.08,0.1429,1,0.95
2024-11,2024-11-01,IRELAND 1,Derry City,Shelbourne,9.4,0.9179,0.1828,0.08,0.1538,1,0.95
2024-11,2024-11-01,ECUADOR 1,Orense,Delfin,9.6,0.9157,0.1453,0.08,0.1333,0,-8.6
2024-11,2024-11-01,COLOMBIA 1,Jaguares de Cordoba,Pereira,7.6,0.9003,0.1971,0.08,0.1667,1,0.95
2024-11,2024-11-01,BRAZIL 1,Fluminense,Gremio,8.8,0.8972,0.0506,0.09,0.1429,1,0.95
2024-11,2024-11-01,ARGENTINA 1,Argentinos Jrs,Velez Sarsfield,9.4,0.909,0.0994,0.13,0.1333,1,0.95
2024-11,2024-11-02,BULGARIA 1,Lok. Sofia,Arda,10.5,0.9193,0.1066,0.09,0.1429,1,0.95
2024-11,2024-11-02,SLOVAKIA 2,Presov,Malzenice,11.0,0.9361,0.2502,0.05,0.0833,1,0.95
2024-11,2024-11-02,FRANCE 2,Caen,Bastia,10.0,0.934,0.2935,0.05,0.1333,1,0.95
2024-11,2024-11-02,SPAIN 2,Eibar,Elche,8.6,0.893,0.0351,0.1,0.1538,1,0.95
2024-11,2024-11-02,UKRAINE 1,Karpaty Lviv,Livyi Bereg,9.2,0.904,0.0712,0.09,0.1667,1,0.95
2024-11,2024-11-02,ITALY 1,Bologna,Lecce,10.5,0.9262,0.1788,0.09,0.1111,1,0.95
2024-11,2024-11-02,GERMANY 1,Holstein Kiel,Heidenheim,16.5,0.947,0.0775,0.06,0.0909,1,0.95
2024-11,2024-11-02,ENGLAND CUP,Rotherham,Cheltenham,14.0,0.9433,0.1591,0.03,0.0833,1,0.95
2024-11,2024-11-02,ENGLAND 1,Ipswich,Leicester,17.5,0.9541,0.1491,0.04,0.0667,1,0.95
2024-11,2024-11-02,ENGLAND 1,Nottingham,West Ham,14.0,0.9348,0.0403,0.04,0.1,1,0.95
2024-11,2024-11-02,NORWAY 2,Kongsvinger,Sogndal,19.0,0.9528,0.0564,0.03,0.0769,1,0.95
2024-11,2024-11-02,SCOTLAND 1,St. Mirren,Ross County,11.5,0.9345,0.2004,0.05,0.1176,0,-10.5
2024-11,2024-11-02,SPAIN 1,Girona,Leganes,9.8,0.9243,0.2116,0.11,0.1333,1,0.95
2024-11,2024-11-02,NETHERLANDS 1,Willem II,Twente,15.0,0.9405,0.0601,0.04,0.1053,1,0.95
2024-11,2024-11-02,PORTUGAL 1,Rio Ave,Casa Pia,9.8,0.9272,0.2403,0.06,0.125,1,0.95
2024-11,2024-11-02,IRELAND 2,Bray,Athlone,12.5,0.9344,0.1334,0.06,0.1538,1,0.95
2024-11,2024-11-02,FRANCE 1,Brest,Nice,11.0,0.9364,0.2532,0.04,0.125,1,0.95
2024-11,2024-11-02,FRANCE 2,Guingamp,Grenoble,12.5,0.9419,0.2262,0.05,0.1,1,0.95
2024-11,2024-11-02,NETHERLANDS 1,Feyenoord,AZ Alkmaar,14.5,0.9381,0.0552,0.04,0.0909,1,0.95
2024-11,2024-11-02,NETHERLANDS 1,Sittard,Heerenveen,14.0,0.94,0.1133,0.04,0.0909,1,0.95
2024-11,2024-11-02,PORTUGAL 1,Gil Vicente,Boavista,11.5,0.9321,0.1729,0.06,0.1176,1,0.95
2024-11,2024-11-02,COLOMBIA 1,Aguilas,Deportes Tolima,9.2,0.9093,0.1199,0.08,0.1538,1,0.95
2024-11,2024-11-02,URUGUAY 1,Boston River,Cerro Largo,12.0,0.9419,0.2552,0.09,0.125,1,0.95
2024-11,2024-11-03,AUSTRIA 1,Tirol,Altach,15.5,0.9437,0.0798,0.05,0.1053,1,0.95
2024-11,2024-11-03,DENMARK 1,Aarhus,Lyngby,15.5,0.9488,0.1589,0.04,0.1,1,0.95
2024-11,2024-11-03,BULGARIA 1,Cherno More,Levski Sofia,9.0,0.9144,0.1842,0.09,0.1538,1,0.95
2024-11,2024-11-03,SWEDEN 1,Sirius,Mjallby,16.5,0.9437,0.0235,0.08,0.0667,1,0.95
2024-11,2024-11-03,FRANCE 1,Le Havre,Montpellier,15.5,0.9501,0.1783,0.04,0.0909,1,0.95
2024-11,2024-11-03,SPAIN 1,Sevilla,Real Sociedad,9.2,0.9144,0.167,0.1,0.1333,1,0.95
2024-11,2024-11-03,PORTUGAL 1,Vitoria Guimaraes,Moreirense,10.5,0.9131,0.042,0.06,0.1333,1,0.95
2024-11,2024-11-03,FRANCE 1,Nantes,Marseille,14.0,0.9455,0.1902,0.04,0.0909,1,0.95
2024-11,2024-11-03,COLOMBIA 1,Millonarios,Dep. Pasto,9.0,0.9195,0.2297,0.07,0.1538,1,0.95
2024-11,2024-11-03,USA 1,Houston Dynamo,Seattle Sounders,11.5,0.9383,0.2438,0.05,0.125,1,0.95
2024-11,2024-11-03,COLOMBIA 1,Bucaramanga,Ind. Medellin,9.6,0.9108,0.098,0.07,0.1667,1,0.95
2024-11,2024-11-04,TURKEY 2,Genclerbirligi,Istanbulspor AS,12.5,0.9285,0.0599,0.09,0.0909,1,0.95
2024-11,2024-11-04,ITALY 1,Parma,Genoa,15.0,0.9381,0.0242,0.07,0.0769,1,0.95
2024-11,2024-11-04,PORTUGAL 1,Nacional,Santa Clara,9.0,0.9348,0.3664,0.06,0.1333,1,0.95
2024-11,2024-11-04,ARGENTINA 1,Atl. Tucuman,Sarmiento Junin,8.0,0.9058,0.2012,0.14,0.1429,1,0.95
2024-11,2024-11-04,BRAZIL 2,Operario-PR,Sport Recife,9.4,0.9121,0.1279,0.07,0.1538,1,0.95
2024-11,2024-11-04,BRAZIL 1,Corinthians,Palmeiras,11.5,0.9423,0.289,0.09,0.125,1,0.95
2024-11,2024-11-04,COLOMBIA 1,Atl. Nacional,Santa Fe,10.0,0.9093,0.0479,0.07,0.1429,1,0.95
2024-11,2024-11-05,ENGLAND 2,QPR,Middlesbrough,15.0,0.9437,0.1079,0.13,0.0769,1,0.95
2024-11,2024-11-06,COLOMBIA 1,Chico,Bucaramanga,8.6,0.9005,0.099,0.07,0.1667,1,0.95
2024-11,2024-11-06,BRAZIL 1,Cruzeiro,Flamengo RJ,10.0,0.9077,0.0318,0.09,0.1429,1,0.95
2024-11,2024-11-06,COLOMBIA 1,Dep. Cali,Jaguares de Cordoba,13.0,0.9348,0.1055,0.07,0.1176,1,0.95
2024-11,2024-11-07,BULGARIA 1,CSKA 1948 Sofia,CSKA Sofia,11.0,0.9212,0.0872,0.09,0.1176,1,0.95
2024-11,2024-11-07,COLOMBIA 1,Dep. Pasto,America De Cali,8.2,0.8956,0.0995,0.08,0.1429,1,0.95
2024-11,2024-11-08,AUSTRIA 2,Horn,Floridsdorfer AC,18.0,0.9543,0.1306,0.09,0.1333,1,0.95
2024-11,2024-11-08,FRANCE 2,Laval,Bastia,9.0,0.9062,0.1109,0.05,0.1538,1,0.95
2024-11,2024-11-08,ITALY 1,Lecce,Empoli,8.2,0.9004,0.1382,0.07,0.1667,1,0.95
2024-11,2024-11-08,PORTUGAL 1,Moreirense,Gil Vicente,9.2,0.9109,0.1348,0.06,0.1538,1,0.95
2024-11,2024-11-08,MEXICO 1,Queretaro,Santos Laguna,12.0,0.9239,0.0409,0.1,0.0909,1,0.95
2024-11,2024-11-08,COLOMBIA 1,Santa Fe,Once Caldas,8.8,0.9036,0.1061,0.08,0.1538,1,0.95
2024-11,2024-11-09,ENGLAND 3,Wrexham,Mansfield,16.5,0.947,0.0775,0.06,0.0833,1,0.95
2024-11,2024-11-09,ENGLAND 5,Aldershot,Wealdstone,19.0,0.9509,0.0202,0.06,0.0833,1,0.95
2024-11,2024-11-09,ENGLAND 5,York City,Hartlepool,16.0,0.9433,0.0457,0.06,0.0769,1,0.95
2024-11,2024-11-09,ENGLAND 3,Wigan,Wycombe,13.0,0.9393,0.1634,0.06,0.1111,1,0.95
2024-11,2024-11-09,ENGLAND 5,AFC Fylde,Gateshead,21.0,0.9702,0.3259,0.06,0.0667,1,0.95
2024-11,2024-11-09,ENGLAND 5,FC Halifax,Woking,12.0,0.9256,0.0611,0.06,0.1111,1,0.95
2024-11,2024-11-09,WOM ITALY 1,Juventus W,AC Milan W,14.0,0.943,0.1546,0.05,0.0667,1,0.95
2024-11,2024-11-09,SCOTLAND 1,Dundee Utd,Ross County,12.5,0.9268,0.0389,0.04,0.1111,1,0.95
2024-11,2024-11-09,SCOTLAND 1,Hibernian,St. Mirren,13.0,0.9348,0.1055,0.04,0.1053,1,0.95
2024-11,2024-11-09,PORTUGAL 1,Casa Pia,SC Farense,10.0,0.9152,0.1065,0.08,0.1333,1,0.95
2024-11,2024-11-09,WOM ITALY 1,Sassuolo W,Sampdoria W,11.0,0.9426,0.3215,0.05,0.1,1,0.95
2024-11,2024-11-09,FRANCE 1,Lens,Nantes,12.5,0.9501,0.3282,0.04,0.1176,1,0.95
2024-11,2024-11-09,PORTUGAL 2,Feirense,Tondela,9.8,0.9321,0.2882,0.06,0.1333,1,0.95
2024-11,2024-11-09,PORTUGAL 1,Famalicao,Arouca,10.5,0.9285,0.2025,0.08,0.125,0,-9.5
2024-11,2024-11-09,FRANCE 2,Metz,Caen,15.5,0.9425,0.0622,0.06,0.0909,1,0.95
2024-11,2024-11-09,BELGIUM 1,Charleroi,Westerlo,17.5,0.9488,0.0565,0.08,0.0667,1,0.95
2024-11,2024-11-09,ECUADOR 1,LDU Quito,Ind. del Valle,13.5,0.9483,0.2548,0.07,0.0909,1,0.95
2024-11,2024-11-09,PORTUGAL 1,Boavista,Rio Ave,10.0,0.917,0.1244,0.08,0.1176,1,0.95
2024-11,2024-11-09,BRAZIL 1,Juventude,Bahia,14.0,0.9478,0.2224,0.1,0.0909,1,0.95
2024-11,2024-11-10,AUSTRALIA 1,Central Coast Mariners,Wellington Phoenix,11.5,0.9281,0.1272,0.08,0.1,1,0.95
2024-11,2024-11-10,FRANCE 1,Nice,Lille,11.5,0.924,0.0794,0.04,0.1053,1,0.95
2024-11,2024-11-10,ITALY 1,AS Roma,Bologna,11.0,0.9197,0.071,0.06,0.1333,1,0.95
2024-11,2024-11-10,SWEDEN 1,Mjallby,Goteborg,13.0,0.94,0.1733,0.08,0.0769,1,0.95
2024-11,2024-11-10,SPAIN 1,Mallorca,Atl. Madrid,7.8,0.9096,0.2496,0.06,0.1538,1,0.95
2024-11,2024-11-10,SPAIN 2,Burgos CF,Gijon,9.0,0.9186,0.2215,0.08,0.125,1,0.95
2024-11,2024-11-10,FRANCE 1,Le Havre,Reims,12.0,0.9256,0.0611,0.04,0.125,1,0.95
2024-11,2024-11-10,FRANCE 1,Montpellier,Brest,16.0,0.9433,0.0457,0.04,0.1111,1,0.95
2024-11,2024-11-10,FRANCE 1,Rennes,Toulouse,12.0,0.934,0.1616,0.04,0.1053,1,0.95
2024-11,2024-11-10,ENGLAND 1,Chelsea,Arsenal,16.5,0.9478,0.092,0.05,0.0833,1,0.95
2024-11,2024-11-10,DENMARK 1,Aarhus,FC Copenhagen,13.0,0.9393,0.1634,0.04,0.1111,1,0.95
2024-11,2024-11-10,SPAIN 1,Valladolid,Ath Bilbao,10.5,0.9365,0.2861,0.06,0.1333,1,0.95
2024-11,2024-11-10,ITALY 1,Inter,Napoli,13.5,0.9364,0.0941,0.06,0.0909,1,0.95
2024-11,2024-11-10,PORTUGAL 1,Benfica,FC Porto,14.0,0.9381,0.0861,0.08,0.0909,1,0.95
2024-11,2024-11-10,COLOMBIA 1,Aguilas,Chico,10.5,0.9239,0.1545,0.09,0.125,1,0.95
2024-11,2024-11-11,BRAZIL 2,Vila Nova FC,Ponte Preta,11.0,0.9174,0.0458,0.07,0.125,1,0.95
2024-11,2024-11-11,BRAZIL 2,Coritiba,Santos,8.2,0.9081,0.201,0.07,0.1538,1,0.95
2024-11,2024-11-14,WORLD UEFA NATIONS LEAGUE,North Macedonia,Latvia,13.0,0.9314,0.0611,0.07,0.1,1,0.95
2024-11,2024-11-15,WORLD UEFA NATIONS LEAGUE,Luxembourg,Bulgaria,8.2,0.9209,0.3054,0.06,0.1667,1,0.95
2024-11,2024-11-15,WORLD UEFA NATIONS LEAGUE,Romania,Kosovo,13.0,0.9285,0.0237,0.06,0.1111,1,0.95
2024-11,2024-11-15,WORLD UEFA NATIONS LEAGUE,Denmark,Spain,11.0,0.9384,0.2759,0.06,0.1333,1,0.95
2024-11,2024-11-15,WORLD UEFA NATIONS LEAGUE,Scotland,Croatia,14.0,0.947,0.2101,0.06,0.1,1,0.95
2024-11,2024-11-15,WORLD UEFA NATIONS LEAGUE,Switzerland,Serbia,12.5,0.9336,0.1238,0.06,0.0909,1,0.95
2024-11,2024-11-16,ENGLAND 4,Barrow,AFC Wimbledon,8.8,0.9285,0.3241,0.05,0.1538,1,0.95
2024-11,2024-11-16,ENGLAND 4,Morecambe,Port Vale,14.5,0.943,0.1261,0.05,0.0909,1,0.95
2024-11,2024-11-16,ENGLAND 5,Yeovil,FC Halifax,10.5,0.9178,0.0914,0.06,0.1333,1,0.95
2024-11,2024-11-16,SCOTLAND 4,Clyde,East Fife,14.5,0.9357,0.021,0.12,0.1,1,0.95
2024-11,2024-11-16,WORLD UEFA NATIONS LEAGUE,Albania,Czech Republic,11.0,0.9176,0.0474,0.08,0.1429,0,-10.0
2024-11,2024-11-17,SPAIN 4,Zaragoza B,Barbastro,11.5,0.9301,0.1496,0.08,0.1667,1,0.95
2024-11,2024-11-18,ARGENTINA 1,Instituto,Argentinos Jrs,7.6,0.8847,0.0798,0.14,0.1667,1,0.95
2024-11,2024-11-19,WORLD WORLD CUP,Argentina,Peru,17.0,0.947,0.0509,0.12,0.0909,1,0.95
2024-11,2024-11-20,BRAZIL 1,Corinthians,Cruzeiro,13.0,0.9364,0.1259,0.1,0.1053,1,0.95
2024-11,2024-11-20,BRAZIL 1,Bragantino,Sao Paulo,8.6,0.9103,0.1833,0.1,0.1333,1,0.95
2024-11,2024-11-20,ARGENTINA 1,Estudiantes L.P.,Rosario Central,7.2,0.8875,0.1457,0.15,0.1538,1,0.95
2024-11,2024-11-20,COLOMBIA 1,Millonarios,Dep. Pasto,8.4,0.8939,0.0644,0.11,0.1667,1,0.95
2024-11,2024-11-21,SWEDEN 1,Landskrona,Varnamo,9.4,0.9253,0.2518,0.08,0.1538,1,0.95
2024-11,2024-11-22,DENMARK 1,Nordsjaelland,Aarhus,13.0,0.9393,0.1634,0.04,0.1,1,0.95
2024-11,2024-11-22,ROMANIA 1,Farul Constanta,Otelul,8.8,0.8939,0.0219,0.1,0.1538,1,0.95
2024-11,2024-11-22,FRANCE 2,Guingamp,Amiens,13.0,0.9364,0.1259,0.06,0.1053,1,0.95
2024-11,2024-11-22,FRANCE 2,Troyes,Grenoble,10.5,0.9129,0.0395,0.06,0.125,0,-9.5
2024-11,2024-11-22,POLAND 1,Jagiellonia,Slask Wroclaw,16.0,0.9472,0.108,0.07,0.0833,1,0.95
2024-11,2024-11-22,SPAIN 1,Getafe,Valladolid,7.8,0.9232,0.3546,0.06,0.1538,1,0.95
2024-11,2024-11-23,SPAIN 1,Valencia,Betis,8.8,0.9007,0.081,0.06,0.1429,1,0.95
2024-11,2024-11-23,ITALY 3,Trento,Giana Erminio,8.6,0.894,0.0435,0.14,0.1667,1,0.95
2024-11,2024-11-23,SPAIN 1,Atl. Madrid,Alaves,13.5,0.9328,0.0463,0.06,0.1111,1,0.95
2024-11,2024-11-23,NETHERLANDS 1,G.A. Eagles,Almere City,17.5,0.9509,0.0938,0.03,0.0833,1,0.95
2024-11,2024-11-23,NORWAY 1,KFUM Oslo,Kristiansund,9.0,0.9301,0.3244,0.05,0.1176,1,0.95
2024-11,2024-11-23,ITALY 1,AC Milan,Juventus,11.5,0.9198,0.0313,0.07,0.1111,0,-10.5
2024-11,2024-11-23,SPAIN 1,Girona,Espanyol,12.5,0.9416,0.2231,0.06,0.1176,1,0.95
2024-11,2024-11-23,SPAIN 1,Las Palmas,Mallorca,8.2,0.9119,0.2323,0.06,0.1538,1,0.95
2024-11,2024-11-23,SPAIN 4,Arenas Getxo,Gernika,8.6,0.8927,0.0329,0.1,0.1538,1,0.95
2024-11,2024-11-23,NETHERLANDS 1,Heracles,Waalwijk,18.5,0.9586,0.1859,0.03,0.0769,1,0.95
2024-11,2024-11-23,SCOTLAND 1,Dundee FC,Hibernian,14.5,0.9364,0.0305,0.04,0.0909,1,0.95
2024-11,2024-11-23,SWITZERLAND 1,Lausanne,Sion,13.5,0.9425,0.1771,0.05,0.0909,1,0.95
2024-11,2024-11-23,BELGIUM 1,Genk,Charleroi,18.0,0.9528,0.1035,0.08,0.0769,1,0.95
2024-11,2024-11-23,NETHERLANDS 1,Sittard,Twente,13.5,0.9437,0.1924,0.03,0.0909,1,0.95
2024-11,2024-11-23,BRAZIL 1,Juventude,Cuiaba,10.5,0.9141,0.0518,0.1,0.125,1,0.95
2024-11,2024-11-23,BOLIVIA 1,Royal Pari,Wilstermann,13.0,0.9321,0.0711,0.07,0.1176,1,0.95
2024-11,2024-11-23,BRAZIL 1,Sao Paulo,Atletico-MG,8.0,0.8957,0.1207,0.1,0.1667,1,0.95
2024-11,2024-11-24,SPAIN 3,Alcorcon,Algeciras,10.5,0.9113,0.023,0.07,0.1429,1,0.95
2024-11,2024-11-24,SPAIN 4,Olot,Mallorca B,10.0,0.9176,0.1301,0.09,0.1667,1,0.95
2024-11,2024-11-24,ITALY 1,Genoa,Cagliari,10.5,0.9331,0.2507,0.07,0.1,1,0.95
2024-11,2024-11-24,BULGARIA 1,CSKA 1948 Sofia,Cherno More,8.6,0.9092,0.1741,0.08,0.1667,1,0.95
2024-11,2024-11-24,NETHERLANDS 1,Sparta Rotterdam,AZ Alkmaar,17.0,0.947,0.0509,0.03,0.0909,1,0.95
2024-11,2024-11-24,NETHERLANDS 1,Willem II,NAC Breda,12.0,0.9437,0.2769,0.03,0.1333,1,0.95
2024-11,2024-11-24,ITALY 1,Torino,Monza,7.8,0.8981,0.1606,0.07,0.1538,1,0.95
2024-11,2024-11-24,SAUDI ARABIA 1,Al Riyadh,Al Ettifaq,14.0,0.9413,0.1317,0.03,0.1176,0,-13.0
2024-11,2024-11-24,SPAIN 1,Sevilla,Rayo Vallecano,9.6,0.94,0.3772,0.06,0.1333,1,0.95
2024-11,2024-11-24,FRANCE 1,Nantes,Le Havre,9.8,0.9377,0.3424,0.04,0.1333,1,0.95
2024-11,2024-11-24,POLAND 1,Gornik Zabrze,Piast Gliwice,8.8,0.9301,0.3384,0.06,0.1538,1,0.95
2024-11,2024-11-24,BRAZIL 1,Internacional,Bragantino,14.0,0.951,0.2667,0.1,0.0833,1,0.95
2024-11,2024-11-24,FRANCE 1,Nice,Strasbourg,18.0,0.9529,0.104,0.04,0.0769,1,0.95
2024-11,2024-11-24,ITALY 1,Lazio,Bologna,12.0,0.9249,0.0529,0.07,0.1111,1,0.95
2024-11,2024-11-24,SPAIN 1,Ath Bilbao,Real Sociedad,7.8,0.9239,0.3604,0.06,0.1538,1,0.95
2024-11,2024-11-25,FRANCE 2,Dunkerque,AC Ajaccio,10.0,0.9319,0.2721,0.09,0.1429,1,0.95
2024-11,2024-11-25,ARGENTINA 1,Argentinos Jrs,Barracas Central,10.0,0.9177,0.1309,0.17,0.1176,1,0.95
2024-11,2024-11-26,ENGLAND 3,Cambridge Utd,Bolton,13.5,0.9348,0.0729,0.08,0.0909,1,0.95
2024-11,2024-11-26,ENGLAND 5,Woking,Southend,8.8,0.9314,0.3494,0.05,0.1429,0,-7.8
2024-11,2024-11-26,BRAZIL 1,Fortaleza,Flamengo RJ,11.0,0.9176,0.0477,0.12,0.1111,0,-10.0
2024-11,2024-11-27,ENGLAND 2,Cardiff,QPR,12.0,0.9231,0.0309,0.12,0.1111,1,0.95
2024-11,2024-11-27,URUGUAY 1,Cerro Largo,Defensor Sp.,10.5,0.9348,0.2686,0.13,0.1429,1,0.95
2024-11,2024-11-28,SAUDI ARABIA 1,Al Fateh,Al Riyadh,17.5,0.947,0.0244,0.03,0.1111,1,0.95
2024-11,2024-11-29,MEXICO 1,Monterrey,UNAM Pumas,11.5,0.9291,0.1383,0.11,0.1429,1,0.95
2024-11,2024-11-29,SAUDI ARABIA 1,Al Qadsiah,Al Khaleej,16.5,0.9449,0.0442,0.03,0.0909,1,0.95
2024-11,2024-11-29,DENMARK 2,Kolding IF,Horsens,11.5,0.9244,0.0841,0.07,0.1176,1,0.95
2024-11,2024-11-29,PORTUGAL 2,Academico Viseu,Leixoes,8.8,0.902,0.0924,0.07,0.1538,1,0.95
2024-11,2024-11-29,POLAND 1,Piast Gliwice,Lech Poznan,11.0,0.9163,0.0333,0.05,0.125,0,-10.0
2024-11,2024-11-29,FRANCE 1,Reims,Lens,14.5,0.947,0.1835,0.03,0.1,1,0.95
2024-11,2024-11-29,ITALY 1,Cagliari,Verona,14.0,0.947,0.2101,0.06,0.0833,1,0.95
2024-11,2024-11-29,PORTUGAL 1,SC Farense,Estrela,9.6,0.9212,0.1976,0.08,0.1333,1,0.95
2024-11,2024-11-30,PORTUGAL 2,Felgueiras,Torreense,12.0,0.9305,0.1193,0.07,0.1176,1,0.95
2024-11,2024-11-30,URUGUAY 1,CA Cerro,Liverpool M.,9.8,0.9086,0.0586,0.15,0.1429,1,0.95
2024-11,2024-11-30,POLAND 1,Slask Wroclaw,Puszcza,13.0,0.9285,0.0237,0.05,0.1053,1,0.95
2024-11,2024-11-30,ITALY 1,Como,Monza,10.5,0.9285,0.2025,0.05,0.1053,1,0.95
2024-11,2024-11-30,ENGLAND 2,Stoke,Burnley,11.0,0.9213,0.0879,0.11,0.125,1,0.95
2024-11,2024-11-30,ENGLAND 5,FC Halifax,Southend,9.8,0.9307,0.2748,0.07,0.1333,1,0.95
2024-11,2024-11-30,NETHERLANDS 1,NAC Breda,Almere City,11.5,0.9554,0.4395,0.03,0.0909,1,0.95
2024-11,2024-11-30,PORTUGAL 1,Rio Ave,Moreirense,9.4,0.9085,0.0945,0.09,0.1111,1,0.95
2024-11,2024-11-30,GREECE 1,Levadiakos,Panetolikos,8.4,0.9047,0.1546,0.08,0.1538,1,0.95
2024-11,2024-11-30,NETHERLANDS 1,Groningen,Willem II,9.4,0.9373,0.3638,0.03,0.1333,1,0.95
2024-11,2024-11-30,FRANCE 1,Brest,Strasbourg,13.5,0.9501,0.2782,0.03,0.1,1,0.95
2024-11,2024-11-30,POLAND 1,Widzew Lodz,Rakow,11.0,0.9221,0.0974,0.05,0.1176,1,0.95
2024-11,2024-11-30,ITALY 1,Bologna,Venezia,11.5,0.9224,0.0618,0.05,0.125,1,0.95
2024-11,2024-11-30,NETHERLANDS 1,Zwolle,Sparta Rotterdam,13.5,0.947,0.2366,0.03,0.0909,1,0.95
2024-11,2024-11-30,URUGUAY 1,Cerro Largo,Progreso,8.6,0.9309,0.3596,0.15,0.1538,1,0.95
2024-11,2024-11-30,ARGENTINA 1,Rosario Central,Racing Club,8.6,0.8976,0.0741,0.15,0.1538,1,0.95
2024-11,2024-11-30,ARGENTINA 1,Instituto,Dep. Riestra,9.0,0.8972,0.0301,0.15,0.1333,1,0.95
2024-12,2024-12-01,POLAND 1,Korona Kielce,Gornik Zabrze,12.5,0.9336,0.1228,0.05,0.1176,1,0.95
2024-12,2024-12-01,ITALY 1,Udinese,Genoa,10.5,0.9291,0.2092,0.04,0.1111,1,0.95
2024-12,2024-12-01,NORWAY 2,Moss,Kongsvinger,11.5,0.9436,0.3039,0.03,0.1333,1,0.95
2024-12,2024-12-01,FRANCE 1,Montpellier,Lille,17.0,0.9461,0.0365,0.03,0.0909,1,0.95
2024-12,2024-12-01,ITALY 1,Torino,Napoli,9.8,0.9297,0.2646,0.04,0.1429,1,0.95
2024-12,2024-12-01,BELGIUM 1,Leuven,Anderlecht,10.0,0.929,0.2432,0.08,0.1,0,-9.0
2024-12,2024-12-01,SCOTLAND 1,Hearts,Aberdeen,16.0,0.948,0.1209,0.04,0.0833,1,0.95
2024-12,2024-12-01,SPAIN 1,Real Madrid,Getafe,14.0,0.9441,0.1702,0.05,0.0909,1,0.95
2024-12,2024-12-01,PORTUGAL 1,Estoril,Famalicao,9.2,0.9023,0.0556,0.09,0.1429,1,0.95
2024-12,2024-12-01,FRANCE 1,Toulouse,Auxerre,17.0,0.9524,0.1432,0.03,0.0833,1,0.95
2024-12,2024-12-01,SPAIN 4,Tudelano,Calahorra,12.0,0.9227,0.0264,0.08,0.1538,1,0.95
2024-12,2024-12-01,UKRAINE 1,Shakhtar Donetsk,Rukh Lviv,19.0,0.9536,0.0701,0.09,0.0833,1,0.95
2024-12,2024-12-01,SPAIN 3,Arenteiro,Barcelona B,11.5,0.9333,0.186,0.05,0.1,1,0.95
2024-12,2024-12-01,SPAIN 3,Celta Vigo B,Zamora,13.0,0.9346,0.1037,0.05,0.1176,1,0.95
2024-12,2024-12-01,DENMARK 1,Silkeborg,Aarhus,13.5,0.9388,0.1273,0.04,0.1,1,0.95
2024-12,2024-12-01,SPAIN 1,Rayo Vallecano,Ath Bilbao,9.2,0.918,0.1992,0.05,0.1538,1,0.95
2024-12,2024-12-01,ROMANIA 1,Univ. Craiova,CFR Cluj,10.5,0.9168,0.0804,0.1,0.1176,1,0.95
2024-12,2024-12-01,FRANCE 1,Marseille,Monaco,18.5,0.9536,0.0933,0.03,0.0667,1,0.95
2024-12,2024-12-01,ITALY 1,Lecce,Juventus,8.6,0.9077,0.161,0.04,0.1538,1,0.95
2024-12,2024-12-01,ECUADOR 1,Orense,Ind. del Valle,12.5,0.9346,0.1363,0.07,0.1,0,-11.5
2024-12,2024-12-02,SPAIN 1,Sevilla,Osasuna,11.5,0.9393,0.2549,0.05,0.125,1,0.95
2024-12,2024-12-03,SPAIN 1,Mallorca,Barcelona,18.5,0.9524,0.0718,0.05,0.0833,1,0.95
2024-12,2024-12-03,ENGLAND 3,Leyton Orient,Bristol Rovers,12.5,0.9355,0.1475,0.08,0.1111,1,0.95
2024-12,2024-12-03,ENGLAND 3,Rotherham,Lincoln,9.6,0.9075,0.0661,0.08,0.1333,1,0.95
2024-12,2024-12-03,ENGLAND 3,Stevenage,Northampton,10.5,0.9219,0.1334,0.08,0.1111,1,0.95
2024-12,2024-12-03,ENGLAND 4,Colchester,Swindon,13.5,0.9359,0.0875,0.08,0.0909,1,0.95
2024-12,2024-12-04,BULGARIA 1,Beroe,Botev Vratsa,8.6,0.8972,0.0708,0.08,0.1538,1,0.95
2024-12,2024-12-04,ENGLAND 1,Everton,Wolves,13.0,0.9451,0.2392,0.05,0.1053,1,0.95
2024-12,2024-12-04,SCOTLAND 1,Dundee FC,Motherwell,16.0,0.9447,0.0685,0.04,0.0833,1,0.95
2024-12,2024-12-04,SPAIN 1,Ath Bilbao,Real Madrid,15.0,0.9388,0.0357,0.05,0.0909,1,0.95
2024-12,2024-12-04,ENGLAND 1,Arsenal,Manchester Utd,19.5,0.9536,0.0469,0.05,0.0667,1,0.95
2024-12,2024-12-04,ARGENTINA 1,Racing Club,Estudiantes L.P.,9.6,0.906,0.0519,0.17,0.1429,1,0.95
2024-12,2024-12-04,BOLIVIA 1,Royal Pari,Oriente Petrolero,14.5,0.9388,0.0662,0.04,0.1053,1,0.95
2024-12,2024-12-06,SAUDI ARABIA 1,Al Kholood,Al Qadsiah,17.0,0.949,0.0859,0.03,0.0909,1,0.95
2024-12,2024-12-06,SAUDI ARABIA 1,Al Orubah,Al Riyadh,12.5,0.9366,0.161,0.03,0.125,1,0.95
2024-12,2024-12-06,FRANCE 1,Lille,Brest,14.0,0.948,0.224,0.03,0.1111,1,0.95
2024-12,2024-12-06,GERMANY 1,Stuttgart,Union Berlin,12.0,0.9276,0.0853,0.1,0.1111,1,0.95
2024-12,2024-12-06,ENGLAND 2,Burnley,Middlesbrough,11.5,0.9394,0.2566,0.11,0.1111,1,0.95
2024-12,2024-12-06,SPAIN 1,Celta Vigo,Mallorca,9.8,0.9099,0.0718,0.05,0.1429,1,0.95
2024-12,2024-12-07,ENGLAND 2,Sunderland,Stoke,12.5,0.935,0.1411,0.11,0.0769,1,0.95
2024-12,2024-12-07,ENGLAND 3,Wigan,Leyton Orient,9.2,0.9299,0.3084,0.08,0.1429,1,0.95
2024-12,2024-12-07,SAUDI ARABIA 1,Al Khaleej,Al Ettifaq,12.0,0.9485,0.3345,0.03,0.1,1,0.95
2024-12,2024-12-07,FRANCE 2,Grenoble,Amiens,10.5,0.9177,0.0898,0.1,0.1111,1,0.95
2024-12,2024-12-07,SPAIN 2,Elche,Cadiz CF,10.5,0.9311,0.2295,0.11,0.125,1,0.95
2024-12,2024-12-07,ITALY 1,Genoa,Torino,9.0,0.9086,0.1324,0.05,0.1538,0,-8.0
2024-12,2024-12-07,PORTUGAL 2,Torreense,Academico Viseu,9.2,0.913,0.1541,0.05,0.1333,1,0.95
2024-12,2024-12-07,ENGLAND 3,Barnsley,Birmingham,17.0,0.948,0.0679,0.08,0.0769,1,0.95
2024-12,2024-12-07,SCOTLAND 1,Dundee Utd,Kilmarnock,12.5,0.9349,0.139,0.04,0.1111,1,0.95
2024-12,2024-12-07,NETHERLANDS 1,G.A. Eagles,Nijmegen,17.5,0.9536,0.1398,0.02,0.0833,1,0.95
2024-12,2024-12-07,AUSTRIA 1,Wolfsberger AC,LASK,13.0,0.9366,0.1293,0.05,0.1,1,0.95
2024-12,2024-12-07,ITALY 1,Juventus,Bologna,9.8,0.9141,0.1125,0.05,0.1538,1,0.95
2024-12,2024-12-07,ENGLAND 1,Manchester Utd,Nottingham,16.0,0.9441,0.0584,0.05,0.0833,1,0.95
2024-12,2024-12-07,SPAIN 1,Valencia,Rayo Vallecano,7.8,0.9021,0.1916,0.05,0.1667,1,0.95
2024-12,2024-12-07,BELGIUM 1,Gent,St. Truiden,9.0,0.9524,0.524,0.08,0.0667,1,0.95
2024-12,2024-12-07,ITALY 1,AS Roma,Lecce,13.5,0.9355,0.0831,0.05,0.1111,1,0.95
2024-12,2024-12-07,FRANCE 1,Angers,Lyon,22.0,0.9696,0.2823,0.04,0.0667,1,0.95
2024-12,2024-12-07,NETHERLANDS 1,Heracles,Sittard,13.0,0.9524,0.3336,0.02,0.1,1,0.95
2024-12,2024-12-07,BOLIVIA 1,Tomayapo,Royal Pari,19.5,0.9536,0.0469,0.03,0.0909,1,0.95
2024-12,2024-12-08,AUSTRALIA 1,Central Coast Mariners,Sydney FC,18.5,0.9524,0.0718,0.07,0.0667,1,0.95
2024-12,2024-12-08,WOM SPAIN 1,Eibar W,Real Sociedad W,7.4,0.9167,0.3375,0.09,0.1111,1,0.95
2024-12,2024-12-08,NETHERLANDS 1,Groningen,Zwolle,13.5,0.9446,0.2045,0.03,0.1176,0,-12.5
2024-12,2024-12-08,BELGIUM 1,Antwerp,Charleroi,16.0,0.949,0.1369,0.09,0.0909,1,0.95
2024-12,2024-12-08,GREECE 2,Kalamata,PAE Egaleo,8.2,0.9346,0.4174,0.07,0.1429,1,0.95
2024-12,2024-12-08,WOM GERMANY 1,Werder Bremen W,Freiburg W,18.5,0.9671,0.3438,0.03,0.0741,1,0.95
2024-12,2024-12-08,TURKEY 1,Kayserispor,Alanyaspor,15.0,0.9388,0.0358,0.09,0.0833,1,0.95
2024-12,2024-12-08,NETHERLANDS 1,AZ Alkmaar,Ajax,17.5,0.9524,0.1194,0.03,0.0667,1,0.95
2024-12,2024-12-08,NETHERLANDS 1,Willem II,Heerenveen,11.0,0.9471,0.3709,0.03,0.125,1,0.95
2024-12,2024-12-08,ITALY 1,Verona,Empoli,8.6,0.9174,0.2437,0.04,0.1538,1,0.95
2024-12,2024-12-08,ITALY 2,Catanzaro,Brescia,12.0,0.9297,0.11,0.14,0.1053,1,0.95
2024-12,2024-12-08,ITALY 3,Pro Vercelli,FeralpiSalo,10.5,0.9214,0.1284,0.06,0.1667,1,0.95
2024-12,2024-12-08,ITALY 3,Picerno,Turris,14.0,0.9369,0.07,0.06,0.1429,1,0.95
2024-12,2024-12-08,PORTUGAL 2,Mafra,Maritimo,11.0,0.9403,0.2968,0.04,0.1333,1,0.95
2024-12,2024-12-08,PORTUGAL 1,Boavista,SC Farense,9.4,0.9075,0.0847,0.09,0.1429,1,0.95
2024-12,2024-12-08,NETHERLANDS 1,Almere City,Utrecht,17.0,0.9524,0.1432,0.03,0.0833,1,0.95
2024-12,2024-12-08,FRANCE 1,Nantes,Rennes,10.0,0.9268,0.2216,0.05,0.1429,1,0.95
2024-12,2024-12-08,SPAIN 4,SD Logrones,Tudelano,13.0,0.9359,0.1198,0.07,0.1429,1,0.95
2024-12,2024-12-08,ITALY 1,Venezia,Como,12.5,0.9357,0.1498,0.04,0.1,1,0.95
2024-12,2024-12-08,ISRAEL 1,Hapoel Jerusalem,Sakhnin,13.5,0.9359,0.0875,0.07,0.1176,1,0.95
2024-12,2024-12-08,SPAIN 3,Ponferradina,Gimnastic,10.5,0.9203,0.1169,0.06,0.1538,1,0.95
2024-12,2024-12-08,BOLIVIA 1,Wilstermann,Aurora,13.0,0.9331,0.0836,0.03,0.1176,1,0.95
2024-12,2024-12-08,ITALY 1,Napoli,Lazio,11.5,0.9297,0.1451,0.04,0.1111,1,0.95
2024-12,2024-12-08,COLOMBIA 1,America De Cali,Junior,10.0,0.9306,0.2595,0.1,0.125,1,0.95
2024-12,2024-12-08,COLOMBIA 1,Deportes Tolima,Once Caldas,11.0,0.9188,0.0608,0.1,0.1053,1,0.95
2024-12,2024-12-08,BOLIVIA 1,Blooming,Oriente Petrolero,14.0,0.948,0.224,0.03,0.1,0,-13.0
2024-12,2024-12-09,BULGARIA 1,Spartak Varna,Slavia Sofia,13.0,0.9311,0.0571,0.07,0.0833,1,0.95
2024-12,2024-12-09,ROMANIA 1,U. Cluj,CFR Cluj,8.4,0.8929,0.0558,0.09,0.1667,1,0.95
2024-12,2024-12-09,ITALY 1,Monza,Udinese,8.8,0.918,0.2326,0.04,0.1538,1,0.95
2024-12,2024-12-09,PORTUGAL 1,Estrela,Arouca,11.0,0.923,0.1073,0.09,0.125,1,0.95
2024-12,2024-12-09,BOLIVIA 1,Independiente,Universitario de Vinto,9.2,0.9485,0.4787,0.03,0.0769,1,0.95
2024-12,2024-12-10,ENGLAND 2,Leeds,Middlesbrough,15.0,0.9399,0.0521,0.11,0.0909,1,0.95
2024-12,2024-12-11,ENGLAND 2,West Brom,Coventry,12.0,0.9402,0.2353,0.1,0.1,1,0.95
2024-12,2024-12-13,NETHERLANDS 1,Zwolle,Willem II,11.0,0.9485,0.386,0.03,0.1176,1,0.95
2024-12,2024-12-13,ITALY 3,Pineto,Rimini,9.6,0.9247,0.2307,0.05,0.1667,1,0.95
2024-12,2024-12-13,SPAIN 1,Valladolid,Valencia,8.6,0.9364,0.4061,0.04,0.1333,1,0.95
2024-12,2024-12-14,ENGLAND 2,Bristol City,QPR,12.0,0.9364,0.1898,0.08,0.1176,1,0.95
2024-12,2024-12-14,ENGLAND 2,Preston,Leeds,12.0,0.9287,0.0977,0.08,0.1053,1,0.95
2024-12,2024-12-14,ROMANIA 1,Otelul,UTA Arad,8.4,0.8969,0.0895,0.09,0.1538,1,0.95
2024-12,2024-12-14,SPAIN 1,Espanyol,Osasuna,9.6,0.9075,0.0661,0.05,0.125,0,-8.6
2024-12,2024-12-14,ITALY 3,Novara,Triestina,9.8,0.9283,0.2507,0.05,0.1667,1,0.95
2024-12,2024-12-14,ENGLAND 2,Stoke,Cardiff,14.5,0.9364,0.0308,0.08,0.0909,1,0.95
2024-12,2024-12-14,ENGLAND 2,Swansea,Sunderland,11.5,0.9331,0.184,0.08,0.1111,1,0.95
2024-12,2024-12-14,SCOTLAND 1,Hibernian,Ross County,17.5,0.949,0.0605,0.04,0.0909,1,0.95
2024-12,2024-12-14,SPAIN 1,Mallorca,Girona,9.4,0.91,0.1085,0.05,0.1538,1,0.95
2024-12,2024-12-14,PORTUGAL 2,Mafra,Benfica B,13.0,0.9399,0.1721,0.03,0.1111,1,0.95
2024-12,2024-12-14,POLAND 1,Slask Wroclaw,Radomiak Radom,14.5,0.9429,0.1256,0.06,0.1,1,0.95
2024-12,2024-12-14,ITALY 1,Udinese,Napoli,10.5,0.9245,0.1614,0.04,0.125,1,0.95
2024-12,2024-12-14,SPAIN 1,Sevilla,Celta Vigo,12.5,0.9384,0.1837,0.05,0.125,1,0.95
2024-12,2024-12-14,FRANCE 1,Auxerre,Lens,14.5,0.9369,0.0385,0.05,0.0833,1,0.95
2024-12,2024-12-14,GREECE 1,Volos,Asteras Tripolis,10.5,0.9232,0.1475,0.09,0.1429,1,0.95
2024-12,2024-12-14,NETHERLANDS 1,Sittard,Waalwijk,16.5,0.9524,0.167,0.03,0.0833,1,0.95
2024-12,2024-12-14,SPAIN 1,Rayo Vallecano,Real Madrid,15.5,0.9441,0.0867,0.05,0.0833,1,0.95
2024-12,2024-12-14,BOLIVIA 1,Blooming,Guabira,19.0,0.9536,0.0701,0.03,0.0833,1,0.95
2024-12,2024-12-15,SPAIN 4,Alaves B,Alfaro,8.6,0.8948,0.0503,0.09,0.1333,1,0.95
2024-12,2024-12-15,UKRAINE 1,Inhulets,Kolos Kovalivka,8.0,0.893,0.0995,0.11,0.1408,1,0.95
2024-12,2024-12-15,ITALY 1,Lecce,Monza,9.0,0.9266,0.2934,0.04,0.1176,1,0.95
2024-12,2024-12-15,SPAIN 1,Atl. Madrid,Getafe,11.5,0.9432,0.2997,0.04,0.1053,1,0.95
2024-12,2024-12-15,NETHERLANDS 1,Nijmegen,Sparta Rotterdam,15.5,0.9524,0.2146,0.02,0.0909,1,0.95
2024-12,2024-12-15,NETHERLANDS 1,Twente,Groningen,19.0,0.9702,0.3845,0.02,0.0667,1,0.95
2024-12,2024-12-15,ENGLAND 2,Watford,West Brom,12.0,0.9281,0.0911,0.08,0.1111,1,0.95
2024-12,2024-12-15,ITALY 1,Bologna,Fiorentina,11.0,0.9438,0.3345,0.04,0.125,1,0.95
2024-12,2024-12-15,ITALY 3,Pontedera,Perugia,11.0,0.9152,0.0214,0.06,0.1538,1,0.95
2024-12,2024-12-15,ITALY 3,Torres,Lucchese,13.5,0.9364,0.0944,0.06,0.1429,0,-12.5
2024-12,2024-12-15,ITALY 3,Monopoli,Taranto,13.0,0.9355,0.1145,0.06,0.1538,1,0.95
2024-12,2024-12-15,PORTUGAL 2,Tondela,Portimonense,12.5,0.9346,0.1363,0.04,0.1053,1,0.95
2024-12,2024-12-15,SCOTLAND 1,Kilmarnock,Hearts,12.5,0.9327,0.1123,0.04,0.1176,1,0.95
2024-12,2024-12-15,SPAIN 1,Alaves,Ath Bilbao,8.6,0.9015,0.1074,0.04,0.1538,1,0.95
2024-12,2024-12-15,PORTUGAL 2,FC Porto B,Feirense,15.5,0.9408,0.0349,0.04,0.1053,0,-14.5
2024-12,2024-12-15,ITALY 3,Arezzo,Pianese,12.5,0.9355,0.1475,0.06,0.1333,1,0.95
2024-12,2024-12-15,SPAIN 1,Real Sociedad,Las Palmas,12.5,0.9485,0.3087,0.04,0.1053,0,-11.5
2024-12,2024-12-15,ITALY 3,Foggia,Picerno,10.5,0.9229,0.1443,0.06,0.1667,1,0.95
2024-12,2024-12-15,ITALY 1,AC Milan,Genoa,15.5,0.9427,0.0642,0.04,0.0909,0,-14.5
2024-12,2024-12-15,ARGENTINA 1,Defensa y Justicia,Union de Santa Fe,9.0,0.9074,0.1213,0.14,0.1333,0,-8.0
2024-12,2024-12-15,ARGENTINA 1,Velez Sarsfield,Huracan,8.0,0.8982,0.1408,0.14,0.1429,1,0.95
2024-12,2024-12-18,SPAIN 1,Espanyol,Valencia,8.2,0.9182,0.2833,0.04,0.1538,1,0.95
2024-12,2024-12-19,SPAIN 2,Huesca,Tenerife,7.2,0.8789,0.084,0.11,0.1667,1,0.95
2024-12,2024-12-20,PORTUGAL 2,Leixoes,Mafra,10.5,0.9136,0.0476,0.04,0.1538,1,0.95
2024-12,2024-12-20,NETHERLANDS 1,Waalwijk,Zwolle,17.5,0.9536,0.1398,0.02,0.0667,1,0.95
2024-12,2024-12-20,ITALY 3,Ascoli,Spal,11.0,0.9266,0.1467,0.07,0.1429,1,0.95
2024-12,2024-12-20,ITALY 1,Verona,AC Milan,17.5,0.9512,0.0982,0.04,0.0833,1,0.95
2024-12,2024-12-20,ENGLAND 2,Luton,Derby,10.5,0.9152,0.0638,0.08,0.1333,1,0.95
2024-12,2024-12-21,ENGLAND 2,Hull,Swansea,13.0,0.9304,0.0492,0.07,0.1053,1,0.95
2024-12,2024-12-21,ITALY 1,Torino,Bologna,8.0,0.9386,0.462,0.04,0.1667,1,0.95
2024-12,2024-12-21,ITALY 3,Lumezzane,Virtus Verona,11.0,0.9218,0.0932,0.05,0.1538,1,0.95
2024-12,2024-12-21,ENGLAND 2,QPR,Preston,9.0,0.8982,0.039,0.07,0.1429,1,0.95
2024-12,2024-12-21,SCOTLAND 1,Aberdeen,Hibernian,16.0,0.9524,0.1908,0.03,0.0833,1,0.95
2024-12,2024-12-21,SCOTLAND 1,Ross County,St. Mirren,11.0,0.9364,0.2534,0.03,0.1176,1,0.95
2024-12,2024-12-21,PORTUGAL 1,Famalicao,SC Farense,10.0,0.9136,0.0908,0.09,0.1333,1,0.95
2024-12,2024-12-21,ITALY 2,Modena,Pisa,7.4,0.8737,0.0219,0.15,0.1429,1,0.95
2024-12,2024-12-21,ITALY 1,Genoa,Napoli,11.0,0.93,0.1836,0.04,0.1333,1,0.95
2024-12,2024-12-21,SPAIN 1,Osasuna,Ath Bilbao,8.8,0.9021,0.0938,0.04,0.1429,1,0.95
2024-12,2024-12-21,NETHERLANDS 1,Almere City,Heerenveen,13.5,0.9452,0.2132,0.02,0.1053,1,0.95
2024-12,2024-12-21,NETHERLANDS 1,AZ Alkmaar,Twente,18.0,0.9524,0.0956,0.02,0.0909,1,0.95
2024-12,2024-12-21,ITALY 1,Lecce,Lazio,14.5,0.9364,0.0308,0.04,0.0833,1,0.95
2024-12,2024-12-22,ROMANIA 1,Petrolul,Unirea Slobozia,9.0,0.8998,0.053,0.1,0.1538,1,0.95
2024-12,2024-12-22,SPAIN 4,Zaragoza B,Alaves B,8.0,0.8833,0.0219,0.12,0.1429,1,0.95
2024-12,2024-12-22,NETHERLANDS 1,Sparta Rotterdam,Ajax,19.5,0.969,0.3473,0.02,0.0667,1,0.95
2024-12,2024-12-22,ROMANIA 1,CFR Cluj,Otelul,8.6,0.9147,0.2205,0.1,0.1538,1,0.95
2024-12,2024-12-22,SPAIN 1,Valencia,Alaves,8.0,0.9151,0.2752,0.04,0.1429,1,0.95
2024-12,2024-12-22,NETHERLANDS 1,Utrecht,Sittard,24.0,0.969,0.2079,0.02,0.0833,1,0.95
2024-12,2024-12-22,ENGLAND 1,Everton,Chelsea,20.0,0.9536,0.0237,0.05,0.0667,0,-19.0
2024-12,2024-12-22,ITALY 1,Venezia,Cagliari,14.0,0.9417,0.137,0.04,0.1,1,0.95
2024-12,2024-12-22,ITALY 3,Giana Erminio,L.R. Vicenza,8.6,0.9268,0.3245,0.04,0.1667,0,-7.6
2024-12,2024-12-22,PORTUGAL 2,Oliveirense,Leiria,12.0,0.9346,0.169,0.04,0.1111,1,0.95
2024-12,2024-12-22,ENGLAND 2,West Brom,Bristol City,10.5,0.9165,0.0774,0.07,0.125,1,0.95
2024-12,2024-12-22,NETHERLANDS 1,Willem II,Nijmegen,11.5,0.9408,0.2718,0.02,0.1111,1,0.95
2024-12,2024-12-22,ITALY 1,Monza,Juventus,11.0,0.9399,0.2923,0.04,0.1176,1,0.95
2024-12,2024-12-22,SPAIN 1,Betis,Rayo Vallecano,12.5,0.9393,0.1941,0.04,0.1053,1,0.95
2024-12,2024-12-23,TURKEY 1,Basaksehir,Kasimpasa,15.5,0.9407,0.0342,0.07,0.0769,1,0.95
2024-12,2024-12-23,ITALY 1,Fiorentina,Udinese,17.0,0.9696,0.4344,0.03,0.0833,1,0.95
2024-12,2024-12-26,SCOTLAND 1,Hearts,Hibernian,15.0,0.9447,0.1237,0.03,0.0909,1,0.95
2024-12,2024-12-26,ENGLAND 2,Blackburn,Sunderland,11.5,0.9198,0.032,0.05,0.1053,1,0.95
2024-12,2024-12-26,ENGLAND 2,Bristol City,Luton,12.5,0.9349,0.139,0.05,0.1111,1,0.95
2024-12,2024-12-26,ENGLAND 2,Norwich,Millwall,11.5,0.9357,0.214,0.05,0.125,1,0.95
2024-12,2024-12-26,ENGLAND 2,Swansea,QPR,11.5,0.932,0.1709,0.05,0.1053,1,0.95
2024-12,2024-12-26,ENGLAND 3,Stevenage,Wycombe,10.0,0.9153,0.1072,0.11,0.1333,1,0.95
2024-12,2024-12-26,SCOTLAND 1,Dundee FC,Ross County,15.5,0.9536,0.2326,0.03,0.0909,1,0.95
2024-12,2024-12-26,SCOTLAND 1,Kilmarnock,Aberdeen,14.5,0.9456,0.1635,0.03,0.1,1,0.95
2024-12,2024-12-26,SCOTLAND 1,St Johnstone,Dundee Utd,14.0,0.9366,0.0659,0.03,0.125,1,0.95
2024-12,2024-12-26,ENGLAND 2,Derby,West Brom,9.4,0.9214,0.2149,0.05,0.1538,1,0.95
2024-12,2024-12-26,SCOTLAND 1,St. Mirren,Rangers,19.0,0.9524,0.048,0.03,0.0667,1,0.95
2024-12,2024-12-26,ENGLAND 2,Stoke,Leeds,17.0,0.9452,0.0215,0.05,0.0833,1,0.95
2024-12,2024-12-28,ITALY 1,Empoli,Genoa,8.0,0.928,0.3777,0.03,0.1667,1,0.95
2024-12,2024-12-28,ITALY 1,Parma,Monza,16.5,0.9485,0.1027,0.03,0.1,1,0.95
2024-12,2024-12-29,ITALY 1,Udinese,Torino,8.2,0.938,0.4447,0.03,0.1333,1,0.95
2024-12,2024-12-29,ENGLAND 2,Norwich,QPR,14.0,0.9452,0.1858,0.06,0.0833,1,0.95
2024-12,2024-12-29,ITALY 2,Bari,Spezia,8.8,0.8948,0.0293,0.13,0.125,1,0.95
2024-12,2024-12-29,ITALY 2,Carrarese,Cesena,8.4,0.9278,0.3475,0.13,0.1333,1,0.95
2024-12,2024-12-29,PORTUGAL 2,Mafra,Feirense,11.0,0.932,0.2049,0.05,0.1333,0,-10.0
2024-12,2024-12-29,ENGLAND 2,Blackburn,Hull,12.0,0.9301,0.1151,0.06,0.1053,1,0.95
2024-12,2024-12-29,ENGLAND 2,Coventry,Millwall,11.5,0.9441,0.3102,0.06,0.1111,0,-10.5
2024-12,2024-12-29,ENGLAND 2,Stoke,Sunderland,13.5,0.9355,0.0823,0.06,0.1,1,0.95
2024-12,2024-12-29,ENGLAND 2,Swansea,Luton,12.5,0.9336,0.1228,0.06,0.1053,1,0.95
2024-12,2024-12-29,ENGLAND 4,Tranmere,Barrow,12.5,0.9268,0.0386,0.08,0.125,1,0.95
2024-12,2024-12-29,SCOTLAND 1,Hibernian,Kilmarnock,16.0,0.9451,0.0745,0.03,0.0909,1,0.95
2024-12,2024-12-29,SCOTLAND 1,Ross County,Hearts,13.0,0.948,0.276,0.03,0.1053,1,0.95
2024-12,2024-12-29,SCOTLAND 1,St. Mirren,Dundee FC,14.5,0.9536,0.2791,0.03,0.0909,1,0.95
2024-12,2024-12-29,ITALY 1,Juventus,Fiorentina,10.5,0.9452,0.3775,0.03,0.1176,1,0.95
2024-12,2024-12-29,SCOTLAND 1,Dundee Utd,Aberdeen,14.0,0.9524,0.286,0.03,0.0909,1,0.95
2024-12,2024-12-29,ITALY 1,AC Milan,AS Roma,13.5,0.9456,0.2179,0.03,0.1176,1,0.95
2024-12,2024-12-30,ITALY 1,Como,Lecce,12.0,0.9536,0.3951,0.03,0.1053,1,0.95
2024-12,2024-12-30,ITALY 1,Bologna,Verona,14.0,0.9485,0.2314,0.03,0.1,1,0.95
2025-01,2025-01-03,PORTUGAL 1,Vitoria Guimaraes,Sporting CP,14.5,0.9411,0.0993,0.08,0.0833,1,0.95
2025-01,2025-01-04,ENGLAND 2,Blackburn,Burnley,8.6,0.9014,0.1068,0.07,0.1667,1,0.95
2025-01,2025-01-04,ENGLAND 3,Cambridge Utd,Bristol Rovers,13.0,0.9398,0.171,0.1,0.1053,1,0.95
2025-01,2025-01-04,ENGLAND 4,Bradford City,Grimsby,9.8,0.9102,0.0745,0.09,0.1,1,0.95
2025-01,2025-01-04,ITALY 1,Venezia,Empoli,9.8,0.9345,0.311,0.03,0.1333,1,0.95
2025-01,2025-01-04,ENGLAND 2,Bristol City,Derby,9.8,0.9204,0.1737,0.07,0.1176,1,0.95
2025-01,2025-01-04,ENGLAND 2,Hull,Leeds,15.5,0.9469,0.1289,0.07,0.1,1,0.95
2025-01,2025-01-04,ENGLAND 3,Huddersfield,Rotherham,12.0,0.9337,0.1574,0.1,0.1176,0,-11.0
2025-01,2025-01-04,ENGLAND 1,Bournemouth,Everton,14.5,0.9462,0.1726,0.07,0.0833,1,0.95
2025-01,2025-01-04,PORTUGAL 2,Feirense,Leixoes,11.5,0.9195,0.0279,0.05,0.1538,1,0.95
2025-01,2025-01-04,FRANCE 1,St Etienne,Reims,13.0,0.939,0.1602,0.05,0.0909,1,0.95
2025-01,2025-01-04,ITALY 1,Fiorentina,Napoli,10.5,0.9137,0.048,0.03,0.1333,1,0.95
2025-01,2025-01-04,FRANCE 1,Lille,Nantes,14.0,0.9407,0.123,0.05,0.1,1,0.95
2025-01,2025-01-04,PORTUGAL 2,Tondela,Leiria,9.8,0.9089,0.062,0.05,0.125,1,0.95
2025-01,2025-01-04,ITALY 1,Verona,Udinese,11.5,0.9578,0.4669,0.03,0.1333,0,-10.5
2025-01,2025-01-04,PORTUGAL 1,Boavista,Arouca,8.8,0.9199,0.2488,0.08,0.1333,1,0.95
2025-01,2025-01-05,TURKEY 2,Umraniyespor,Erzurumspor,12.0,0.9425,0.263,0.06,0.1,0,-11.0
2025-01,2025-01-05,PORTUGAL 2,Oliveirense,Felgueiras,15.5,0.9417,0.0489,0.05,0.1,1,0.95
2025-01,2025-01-05,ITALY 1,Monza,Cagliari,12.5,0.946,0.2773,0.06,0.1053,1,0.95
2025-01,2025-01-05,ITALY 4,Este,Mestre,9.2,0.9121,0.1453,0.1,0.1408,1,0.95
2025-01,2025-01-05,FRANCE 1,Angers,Brest,11.0,0.939,0.2819,0.05,0.1333,1,0.95
2025-01,2025-01-05,FRANCE 1,Lens,Toulouse,12.5,0.941,0.2157,0.05,0.0909,1,0.95
2025-01,2025-01-05,ITALY 1,Lecce,Genoa,9.0,0.9256,0.2839,0.06,0.1538,0,-8.0
2025-01,2025-01-05,PORTUGAL 2,Torreense,Mafra,11.5,0.9289,0.1358,0.05,0.125,1,0.95
2025-01,2025-01-05,SCOTLAND 1,Motherwell,Aberdeen,16.5,0.9507,0.1389,0.03,0.1053,1,0.95
2025-01,2025-01-05,ENGLAND 2,Sunderland,Portsmouth,17.5,0.95,0.0776,0.06,0.0667,1,0.95
2025-01,2025-01-05,SCOTLAND 1,Dundee Utd,Hearts,16.0,0.9423,0.0298,0.03,0.1053,1,0.95
2025-01,2025-01-05,SCOTLAND 1,St Johnstone,Dundee FC,15.0,0.9669,0.4554,0.03,0.0909,1,0.95
2025-01,2025-01-05,PORTUGAL 2,Vizela,Maritimo,14.0,0.9353,0.0474,0.05,0.1176,1,0.95
2025-01,2025-01-05,GREECE 1,Atromitos,Asteras Tripolis,9.2,0.9036,0.0682,0.09,0.1667,1,0.95
2025-01,2025-01-05,PORTUGAL 2,Pacos Ferreira,Academico Viseu,10.5,0.9301,0.2192,0.05,0.125,1,0.95
2025-01,2025-01-05,FRANCE 1,Marseille,Le Havre,19.5,0.9535,0.0448,0.05,0.0833,1,0.95
2025-01,2025-01-05,PORTUGAL 1,Estrela,Estoril,9.2,0.9049,0.0798,0.08,0.1429,1,0.95
2025-01,2025-01-06,ENGLAND 2,QPR,Luton,10.5,0.9304,0.2232,0.06,0.1333,1,0.95
2025-01,2025-01-06,PORTUGAL 1,Gil Vicente,Rio Ave,11.5,0.9363,0.2211,0.08,0.1176,1,0.95
2025-01,2025-01-08,SCOTLAND 1,Kilmarnock,Motherwell,12.0,0.9239,0.04,0.03,0.1111,0,-11.0
2025-01,2025-01-10,FRANCE 1,Nantes,Monaco,14.0,0.9365,0.0638,0.05,0.1176,1,0.95
2025-01,2025-01-10,NETHERLANDS 1,Sittard,G.A. Eagles,15.0,0.9565,0.2995,0.02,0.0833,1,0.95
2025-01,2025-01-10,SPAIN 1,Rayo Vallecano,Celta Vigo,10.5,0.9425,0.3492,0.03,0.1176,1,0.95
2025-01,2025-01-11,TURKEY 1,Kayserispor,Samsunspor,14.5,0.9564,0.32,0.06,0.0909,1,0.95
2025-01,2025-01-11,FRANCE 2,Bastia,AC Ajaccio,8.4,0.8953,0.0759,0.12,0.1429,1,0.95
2025-01,2025-01-11,SPAIN 1,Alaves,Girona,11.5,0.9533,0.4158,0.03,0.125,1,0.95
2025-01,2025-01-11,SPAIN 2,Racing Club Ferrol,FC Cartagena SAD,8.6,0.8962,0.0626,0.13,0.1538,0,-7.6
2025-01,2025-01-11,TURKEY 1,Hatayspor,Rizespor,12.0,0.9425,0.263,0.06,0.0909,1,0.95
2025-01,2025-01-11,ITALY 1,Empoli,Lecce,9.0,0.9268,0.2947,0.07,0.1333,1,0.95
2025-01,2025-01-11,GERMANY 1,Heidenheim,Union Berlin,12.0,0.947,0.3167,0.07,0.0909,1,0.95
2025-01,2025-01-11,ENGLAND CUP,Nottingham,Luton,16.0,0.9423,0.0298,0.03,0.0833,1,0.95
2025-01,2025-01-11,SCOTLAND 1,St. Mirren,Dundee Utd,11.0,0.9232,0.1095,0.04,0.1333,1,0.95
2025-01,2025-01-11,SPAIN 1,Valladolid,Betis,12.0,0.9462,0.3071,0.03,0.1053,1,0.95
2025-01,2025-01-11,NETHERLANDS 1,Heracles,Sparta Rotterdam,17.0,0.9527,0.148,0.02,0.1053,1,0.95
2025-01,2025-01-11,SPAIN 1,Espanyol,Leganes,7.6,0.8948,0.1561,0.03,0.1667,1,0.95
2025-01,2025-01-11,FRANCE 1,Reims,Nice,15.0,0.9442,0.1157,0.05,0.0909,1,0.95
2025-01,2025-01-11,NETHERLANDS 1,Zwolle,Nijmegen,16.5,0.9703,0.4616,0.02,0.0833,1,0.95
2025-01,2025-01-11,SPAIN 1,Sevilla,Valencia,9.8,0.9318,0.2849,0.03,0.1429,1,0.95
2025-01,2025-01-11,FRANCE 1,Rennes,Marseille,12.5,0.9435,0.2471,0.05,0.1053,1,0.95
2025-01,2025-01-12,TURKEY 1,Sivasspor,Alanyaspor,14.0,0.9425,0.148,0.05,0.1111,1,0.95
2025-01,2025-01-12,WOM SPAIN 1,Atl. Madrid W,Levante W,9.8,0.9318,0.2849,0.09,0.0833,1,0.95
2025-01,2025-01-12,FRANCE 1,Le Havre,Lens,13.0,0.9527,0.3373,0.05,0.0909,1,0.95
2025-01,2025-01-12,NETHERLANDS 1,NAC Breda,Heerenveen,14.5,0.9438,0.1378,0.03,0.1053,1,0.95
2025-01,2025-01-13,GREECE 1,Asteras Tripolis,Panetolikos,8.4,0.9049,0.1559,0.07,0.1429,1,0.95
2025-01,2025-01-13,ITALY 1,Monza,Fiorentina,12.5,0.9482,0.3046,0.07,0.1111,1,0.95
2025-01,2025-01-14,ENGLAND 1,West Ham,Fulham,18.5,0.957,0.1563,0.07,0.0909,1,0.95
2025-01,2025-01-14,ENGLAND 2,Cardiff,Watford,12.5,0.9464,0.2824,0.06,0.1111,1,0.95
2025-01,2025-01-14,ITALY 1,Atalanta,Juventus,11.5,0.9236,0.0753,0.07,0.1333,1,0.95
2025-01,2025-01-15,SAUDI ARABIA 1,Damac,Al Ettifaq,15.5,0.9527,0.219,0.02,0.0909,1,0.95
2025-01,2025-01-15,ENGLAND 1,Everton,Aston Villa,10.5,0.9363,0.2847,0.06,0.125,1,0.95
2025-01,2025-01-15,GERMANY 1,Union Berlin,Augsburg,11.0,0.9316,0.2007,0.07,0.1176,1,0.95
2025-01,2025-01-16,SPAIN CUP,Real Sociedad,Rayo Vallecano,12.0,0.9469,0.3149,0.06,0.125,1,0.95
2025-01,2025-01-17,SAUDI ARABIA 1,Al Khaleej,Al Orubah,14.0,0.9558,0.3339,0.01,0.1176,1,0.95
2025-01,2025-01-17,SAUDI ARABIA 1,Al Wehda,Al Qadsiah,23.0,0.9918,0.7611,0.01,0.0667,1,0.95
2025-01,2025-01-17,SAUDI ARABIA 1,Al Taawon,Al Nassr,25.0,0.9636,0.0428,0.01,0.0833,1,0.95
2025-01,2025-01-17,PORTUGAL 2,Benfica B,Leixoes,12.0,0.9289,0.1002,0.06,0.1111,1,0.95
2025-01,2025-01-17,SPAIN 3,Alcorcon,Fuenlabrada,7.8,0.9111,0.2613,0.08,0.1667,1,0.95
2025-01,2025-01-17,BELGIUM 1,Gent,Charleroi,15.0,0.939,0.0383,0.08,0.0909,1,0.95
2025-01,2025-01-17,ENGLAND 2,Burnley,Sunderland,8.4,0.9293,0.3599,0.06,0.1429,0,-7.4
2025-01,2025-01-17,SPAIN 1,Espanyol,Valladolid,9.8,0.9527,0.4887,0.03,0.1538,1,0.95
2025-01,2025-01-18,ENGLAND 2,Millwall,Hull,9.4,0.9102,0.1104,0.08,0.1538,1,0.95
2025-01,2025-01-18,ENGLAND 2,Plymouth,QPR,12.5,0.9363,0.1574,0.08,0.1053,1,0.95
2025-01,2025-01-18,ENGLAND 3,Blackpool,Huddersfield,13.5,0.9345,0.0685,0.11,0.1,1,0.95
2025-01,2025-01-18,ENGLAND 4,Gillingham,Doncaster,14.0,0.9513,0.2708,0.06,0.1053,1,0.95
2025-01,2025-01-18,SPAIN 1,Girona,Sevilla,13.5,0.9534,0.3236,0.03,0.1053,1,0.95
2025-01,2025-01-18,TURKEY 1,Gaziantep,Bodrumspor,15.5,0.9469,0.1289,0.06,0.0909,0,-14.5
2025-01,2025-01-18,ENGLAND 3,Stevenage,Wigan,8.8,0.9087,0.1509,0.11,0.1667,1,0.95
2025-01,2025-01-18,ENGLAND 4,AFC Wimbledon,Tranmere,14.0,0.9382,0.088,0.06,0.125,1,0.95
2025-01,2025-01-18,ENGLAND 4,Morecambe,Crewe,12.0,0.929,0.1019,0.06,0.1053,1,0.95
2025-01,2025-01-18,ENGLAND 4,Swindon,Barrow,11.0,0.9203,0.0776,0.06,0.1333,1,0.95
2025-01,2025-01-18,SCOTLAND 4,Stranraer,East Fife,16.0,0.952,0.1849,0.07,0.0909,1,0.95
2025-01,2025-01-18,PORTUGAL 2,Feirense,Torreense,12.0,0.9366,0.1921,0.06,0.1429,1,0.95
2025-01,2025-01-18,ITALY 2,Bari,Brescia,9.8,0.9214,0.1836,0.09,0.1333,1,0.95
2025-01,2025-01-18,ITALY 1,Juventus,AC Milan,10.0,0.9291,0.2448,0.07,0.125,1,0.95
2025-01,2025-01-18,SWITZERLAND 1,Sion,Grasshoppers,9.8,0.9279,0.2471,0.05,0.1333,1,0.95
2025-01,2025-01-18,WOM ENGLAND 1,Everton W,Aston Villa W,13.5,0.9315,0.0289,0.05,0.0909,1,0.95
2025-01,2025-01-18,SPAIN 1,Betis,Alaves,11.5,0.9366,0.2239,0.03,0.1176,1,0.95
2025-01,2025-01-18,SPAIN 2,Eibar,Albacete,8.4,0.9174,0.26,0.14,0.1429,1,0.95
2025-01,2025-01-18,NETHERLANDS 1,Utrecht,AZ Alkmaar,15.0,0.9578,0.3192,0.04,0.0909,0,-14.0
2025-01,2025-01-18,FRANCE 1,Rennes,Brest,10.0,0.9363,0.3166,0.05,0.1429,1,0.95
2025-01,2025-01-18,ITALY 1,Atalanta,Napoli,11.5,0.9272,0.1162,0.07,0.1176,1,0.95
2025-01,2025-01-18,FRANCE 1,Lyon,Toulouse,17.5,0.9594,0.2414,0.05,0.0667,0,-16.5
2025-01,2025-01-19,ITALY 1,Fiorentina,Torino,10.0,0.9268,0.2215,0.07,0.125,1,0.95
2025-01,2025-01-19,SPAIN 1,Celta Vigo,Ath Bilbao,9.8,0.9299,0.2667,0.03,0.1111,1,0.95
2025-01,2025-01-19,TURKEY 1,Konyaspor,Kasimpasa,15.0,0.939,0.0383,0.07,0.0909,1,0.95
2025-01,2025-01-19,SWITZERLAND 1,Zurich,Yverdon,15.0,0.9462,0.1457,0.06,0.0909,1,0.95
2025-01,2025-01-19,NETHERLANDS 1,Almere City,Heracles,13.5,0.939,0.1297,0.04,0.1111,1,0.95
2025-01,2025-01-19,FRANCE 1,St Etienne,Nantes,12.0,0.9316,0.1323,0.06,0.1053,1,0.95
2025-01,2025-01-19,ITALY 1,Cagliari,Lecce,12.0,0.9336,0.1562,0.07,0.1053,1,0.95
2025-01,2025-01-19,ITALY 2,Catanzaro,Pisa,9.6,0.9174,0.1608,0.1,0.125,0,-8.6
2025-01,2025-01-19,GERMANY 1,Union Berlin,Mainz,11.0,0.9428,0.3239,0.07,0.1053,1,0.95
2025-01,2025-01-19,PORTUGAL 1,Moreirense,SC Farense,8.0,0.9021,0.1715,0.08,0.1538,0,-7.0
2025-01,2025-01-19,SWITZERLAND 1,Lugano,Basel,18.0,0.9503,0.0575,0.06,0.0769,1,0.95
2025-01,2025-01-19,ROMANIA 1,FC Botosani,CFR Cluj,9.4,0.9074,0.0841,0.11,0.1429,1,0.95
2025-01,2025-01-19,FRANCE 1,Reims,Le Havre,13.5,0.9417,0.1656,0.06,0.1,1,0.95
2025-01,2025-01-19,ITALY 1,Verona,Lazio,14.0,0.9342,0.0318,0.07,0.1,1,0.95
2025-01,2025-01-19,WOM ITALY 1,Fiorentina W,Sassuolo W,10.0,0.9105,0.06,0.07,0.0769,1,0.95
2025-01,2025-01-19,SPAIN 1,Osasuna,Rayo Vallecano,9.2,0.9527,0.5171,0.03,0.1333,1,0.95
2025-01,2025-01-20,SAUDI ARABIA 1,Al Raed,Al Okhdood,16.5,0.9578,0.2559,0.01,0.1111,1,0.95
2025-01,2025-01-20,GREECE 1,Panserraikos,Lamia,11.0,0.9253,0.1325,0.08,0.1333,1,0.95
2025-01,2025-01-20,SAUDI ARABIA 1,Al Ettifaq,Al Ahli SC,23.0,0.9815,0.5265,0.01,0.0667,1,0.95
2025-01,2025-01-20,SPAIN 2,Mirandes,Malaga,7.0,0.8699,0.0455,0.15,0.1667,1,0.95
2025-01,2025-01-20,SPAIN 1,Villarreal,Mallorca,14.5,0.9423,0.1163,0.03,0.1,1,0.95
2025-01,2025-01-20,PORTUGAL 1,Boavista,Casa Pia,8.2,0.9232,0.3244,0.08,0.1429,1,0.95
2025-01,2025-01-21,SAUDI ARABIA 1,Al Riyadh,Al Taawon,13.5,0.9493,0.2687,0.01,0.1333,1,0.95
2025-01,2025-01-21,ENGLAND 2,Hull,QPR,11.0,0.9218,0.0936,0.06,0.1333,1,0.95
2025-01,2025-01-21,ENGLAND 2,Middlesbrough,West Brom,13.5,0.9503,0.2812,0.06,0.0909,1,0.95
2025-01,2025-01-21,ENGLAND 2,Watford,Preston,11.0,0.9431,0.3273,0.06,0.1176,1,0.95
2025-01,2025-01-21,ENGLAND 3,Bolton,Charlton,13.5,0.9363,0.0938,0.11,0.0833,1,0.95
2025-01,2025-01-21,ENGLAND 3,Peterborough,Exeter,17.0,0.9462,0.0381,0.11,0.0769,1,0.95
2025-01,2025-01-22,SAUDI ARABIA 1,Al Fateh,Damac,21.0,0.9764,0.4559,0.01,0.0667,1,0.95
2025-01,2025-01-22,SAUDI ARABIA 1,Al Ittihad,Al Shabab,32.0,0.9756,0.1705,0.01,0.0667,1,0.95
2025-01,2025-01-22,ENGLAND 2,Leeds,Norwich,18.5,0.9569,0.1548,0.06,0.0833,1,0.95
2025-01,2025-01-23,EUROPA LEAGUE,Ludogorets,Midtjylland,13.0,0.9337,0.0911,0.07,0.1,1,0.95
2025-01,2025-01-23,ARGENTINA 1,Defensa y Justicia,Banfield,9.4,0.9034,0.0465,0.14,0.1429,1,0.95
2025-01,2025-01-24,ROMANIA 1,Gloria Buzau,Unirea Slobozia,12.0,0.9272,0.0798,0.1,0.1429,1,0.95
2025-01,2025-01-24,ITALY 1,Torino,Cagliari,10.0,0.927,0.2238,0.07,0.1333,1,0.95
2025-01,2025-01-24,SPAIN 1,Las Palmas,Osasuna,10.5,0.949,0.417,0.03,0.1111,1,0.95
2025-01,2025-01-24,MEXICO 1,Atl. San Luis,Necaxa,20.0,0.96,0.1529,0.1,0.0909,1,0.95
2025-01,2025-01-25,AUSTRALIA 1,Wellington Phoenix,Central Coast Mariners,12.0,0.9337,0.1574,0.08,0.1,0,-11.0
2025-01,2025-01-25,TURKEY 1,Sivasspor,Kayserispor,16.0,0.9443,0.0622,0.07,0.0909,1,0.95
2025-01,2025-01-25,SPAIN 1,Mallorca,Betis,8.2,0.939,0.453,0.03,0.1538,1,0.95
2025-01,2025-01-25,ITALY 2,Cosenza,Cittadella,9.2,0.9173,0.1933,0.1,0.1333,1,0.95
2025-01,2025-01-25,PORTUGAL 2,Leixoes,Chaves,9.6,0.9102,0.0924,0.07,0.1429,0,-8.6
2025-01,2025-01-25,GERMANY 1,Augsburg,Heidenheim,14.0,0.9455,0.1897,0.06,0.0909,1,0.95
2025-01,2025-01-25,ENGLAND 2,Bristol City,Blackburn,11.0,0.9337,0.2237,0.07,0.1333,1,0.95
2025-01,2025-01-25,ENGLAND 2,Cardiff,Derby,8.6,0.9078,0.1618,0.07,0.1429,1,0.95
2025-01,2025-01-25,ENGLAND 3,Wigan,Bristol Rovers,11.5,0.9291,0.1385,0.1,0.1176,1,0.95
2025-01,2025-01-25,ENGLAND 4,Barrow,Grimsby,10.5,0.9232,0.1479,0.08,0.1176,1,0.95
2025-01,2025-01-25,ENGLAND 1,Brighton,Everton,13.5,0.9565,0.3648,0.05,0.1053,1,0.95
2025-01,2025-01-25,SCOTLAND 1,Aberdeen,St. Mirren,13.0,0.9558,0.3781,0.05,0.1,1,0.95
2025-01,2025-01-25,SCOTLAND 1,Hearts,Kilmarnock,12.0,0.9431,0.2705,0.05,0.1,1,0.95
2025-01,2025-01-25,SCOTLAND 1,Ross County,Hibernian,12.0,0.9392,0.224,0.05,0.1111,1,0.95
2025-01,2025-01-25,SCOTLAND 1,St Johnstone,Motherwell,10.5,0.9455,0.3809,0.05,0.125,1,0.95
2025-01,2025-01-25,PORTUGAL 1,Famalicao,Estrela,10.0,0.927,0.2238,0.08,0.125,0,-9.0
2025-01,2025-01-25,CYPRUS 1,Anorthosis,AEK Larnaca,12.0,0.9232,0.0328,0.07,0.125,1,0.95
2025-01,2025-01-25,ITALY 1,Napoli,Juventus,8.8,0.9141,0.1981,0.07,0.1538,1,0.95
2025-01,2025-01-25,SAUDI ARABIA 1,Al Wehda,Al Ettifaq,50.0,0.9851,0.2059,0.01,0.0769,1,0.95
2025-01,2025-01-25,SPAIN 1,Sevilla,Espanyol,11.0,0.9533,0.4391,0.03,0.125,1,0.95
2025-01,2025-01-25,FRANCE 1,Strasbourg,Lille,13.5,0.9425,0.1768,0.05,0.1053,1,0.95
2025-01,2025-01-25,ITALY 1,Empoli,Bologna,9.2,0.9316,0.3239,0.07,0.1333,1,0.95
2025-01,2025-01-25,NETHERLANDS 1,Groningen,Heerenveen,10.5,0.9425,0.3492,0.04,0.125,1,0.95
2025-01,2025-01-26,TURKEY 2,Ankaragucu,Erzurumspor,11.5,0.949,0.366,0.08,0.1111,1,0.95
2025-01,2025-01-26,SPAIN 4,Zaragoza B,Izarra,7.4,0.9066,0.2635,0.15,0.1333,1,0.95
2025-01,2025-01-26,NETHERLANDS 1,Sittard,Zwolle,14.0,0.9462,0.199,0.04,0.0833,1,0.95
2025-01,2025-01-26,SPAIN 1,Rayo Vallecano,Girona,10.5,0.9425,0.3492,0.04,0.125,1,0.95
2025-01,2025-01-26,NETHERLANDS 1,Waalwijk,Willem II,16.5,0.9475,0.0864,0.04,0.1,1,0.95
2025-01,2025-01-26,FRANCE 1,Le Havre,Brest,9.6,0.9316,0.2965,0.05,0.1111,1,0.95
2025-01,2025-01-26,ITALY 1,Udinese,AS Roma,12.0,0.9297,0.1097,0.07,0.1111,1,0.95
2025-01,2025-01-26,ITALY 2,Brescia,Catanzaro,11.5,0.9204,0.0391,0.1,0.1176,1,0.95
2025-01,2025-01-26,GREECE 1,Lamia,Aris,8.6,0.9061,0.1472,0.07,0.1667,1,0.95
2025-01,2025-01-26,PORTUGAL 2,FC Porto B,Tondela,12.0,0.9268,0.0753,0.07,0.1333,1,0.95
2025-01,2025-01-26,NETHERLANDS 1,AZ Alkmaar,Sparta Rotterdam,15.5,0.9416,0.0485,0.04,0.0909,1,0.95
2025-01,2025-01-26,FRANCE 1,Toulouse,Montpellier,16.0,0.9469,0.1024,0.05,0.0769,1,0.95
2025-01,2025-01-26,ITALY 2,Cremonese,Modena,10.5,0.9161,0.073,0.1,0.1333,1,0.95
2025-01,2025-01-26,GERMANY 1,St. Pauli,Union Berlin,10.5,0.9313,0.2319,0.06,0.1176,1,0.95
2025-01,2025-01-26,EGYPT 1,Al Ahly,Pyramids,9.6,0.903,0.024,0.2,0.1429,1,0.95
2025-01,2025-01-26,GERMANY 3,Dortmund II,Arminia Bielefeld,18.0,0.9513,0.0766,0.06,0.0769,1,0.95
2025-01,2025-01-26,GREECE 1,Olympiacos Piraeus,Panathinaikos,9.2,0.9232,0.2476,0.07,0.1429,1,0.95
2025-01,2025-01-27,SAUDI ARABIA 1,Damac,Al Ittihad,27.0,0.9728,0.2157,0.02,0.0667,1,0.95
2025-01,2025-01-27,ROMANIA 1,Petrolul,FC Botosani,8.2,0.9268,0.3533,0.1,0.1667,1,0.95
2025-01,2025-01-27,ITALY 1,Venezia,Verona,13.5,0.9363,0.0938,0.07,0.0909,1,0.95
2025-01,2025-01-27,ITALY 1,Genoa,Monza,8.8,0.9232,0.2783,0.07,0.1538,1,0.95
2025-01,2025-01-27,ENGLAND 2,Burnley,Leeds,7.8,0.9006,0.18,0.07,0.1333,0,-6.8
2025-01,2025-01-27,SPAIN 1,Alaves,Celta Vigo,10.5,0.941,0.3337,0.04,0.1333,1,0.95
2025-01,2025-01-28,ENGLAND 3,Bolton,Northampton,18.0,0.9533,0.1125,0.09,0.0769,1,0.95
2025-01,2025-01-28,ENGLAND 3,Charlton,Bristol Rovers,15.5,0.9462,0.1188,0.09,0.0909,1,0.95
2025-01,2025-01-28,ENGLAND 3,Mansfield,Crawley,12.0,0.9425,0.263,0.09,0.0667,1,0.95
2025-01,2025-01-28,ENGLAND 3,Peterborough,Wigan,12.5,0.9297,0.0746,0.09,0.1,1,0.95
2025-01,2025-01-28,ENGLAND 4,Chesterfield,Bromley,12.0,0.9256,0.0612,0.09,0.1053,1,0.95
2025-01,2025-01-28,ENGLAND 4,Crewe,AFC Wimbledon,7.8,0.887,0.0739,0.09,0.1667,1,0.95
2025-01,2025-01-28,ENGLAND 4,Grimsby,Gillingham,11.5,0.9237,0.0766,0.09,0.1176,1,0.95
2025-01,2025-01-28,ENGLAND 3,Huddersfield,Birmingham,10.5,0.9219,0.1336,0.09,0.125,1,0.95
2025-01,2025-01-28,ARGENTINA 1,Rosario Central,Lanus,7.2,0.8707,0.0255,0.16,0.1667,1,0.95
2025-01,2025-01-29,MEXICO 1,Club Leon,Guadalajara Chivas,14.5,0.9363,0.0301,0.1,0.1111,1,0.95
2025-01,2025-01-29,ENGLAND 4,Barrow,Doncaster,9.6,0.9049,0.0418,0.08,0.1333,1,0.95
2025-01,2025-01-29,EUROPA CHAMPIONS LEAGUE,Juventus,Benfica,11.5,0.9345,0.1996,0.05,0.1111,1,0.95
2025-01,2025-01-31,SAUDI ARABIA 1,Al Ettifaq,Al Shabab,19.0,0.9756,0.4876,0.03,0.0833,1,0.95
2025-01,2025-01-31,TURKEY 2,Corum,Bandirmaspor,13.0,0.9336,0.0898,0.08,0.1176,1,0.95
2025-01,2025-01-31,TURKEY 1,Konyaspor,Bodrumspor,10.0,0.9067,0.0215,0.07,0.1176,1,0.95
2025-01,2025-01-31,SWITZERLAND 2,Schaffhausen,Thun,19.0,0.9527,0.0534,0.06,0.0909,1,0.95
2025-01,2025-01-31,FRANCE 2,Amiens,Annecy,10.5,0.913,0.0412,0.12,0.1111,1,0.95
2025-01,2025-01-31,FRANCE 2,Bastia,Metz,9.0,0.9233,0.2633,0.12,0.1333,1,0.95
2025-01,2025-01-31,NETHERLANDS 2,Cambuur,Telstar,20.0,0.9538,0.029,0.05,0.0833,1,0.95
2025-01,2025-01-31,NETHERLANDS 1,NAC Breda,Heracles,16.5,0.9623,0.3298,0.03,0.0833,1,0.95
2025-01,2025-01-31,GERMANY 1,Werder Bremen,Mainz,16.0,0.9462,0.0913,0.06,0.0833,1,0.95
2025-01,2025-01-31,ITALY 1,Parma,Lecce,15.0,0.9402,0.0554,0.07,0.1053,1,0.95
2025-01,2025-01-31,ENGLAND 2,Blackburn,Preston,9.8,0.9084,0.0567,0.08,0.1538,1,0.95
2025-01,2025-01-31,PORTUGAL 1,Boavista,Famalicao,8.6,0.9313,0.3629,0.08,0.1176,1,0.95
2025-01,2025-01-31,COLOMBIA 1,Santa Fe,Deportes Tolima,9.4,0.9029,0.0422,0.1,0.1667,0,-8.4
2025-02,2025-02-01,WOM SPAIN 1,Madrid C. W,Real Sociedad W,11.0,0.9342,0.2291,0.08,0.0833,1,0.95
2025-02,2025-02-01,ENGLAND 4,Gillingham,Notts Co,13.0,0.9359,0.1202,0.06,0.1,1,0.95
2025-02,2025-02-01,ENGLAND 1,Nottingham,Brighton,14.0,0.9481,0.2262,0.05,0.0833,1,0.95
2025-02,2025-02-01,SAUDI ARABIA 1,Al Khaleej,Damac,16.5,0.9585,0.2672,0.03,0.0909,1,0.95
2025-02,2025-02-01,WOM FRANCE 1,Reims W,Paris FC W,11.0,0.9441,0.338,0.07,0.069,1,0.95
2025-02,2025-02-01,ITALY 1,Udinese,Venezia,12.5,0.9407,0.2116,0.06,0.1,1,0.95
2025-02,2025-02-01,ENGLAND 2,Millwall,QPR,7.8,0.8952,0.1378,0.09,0.1667,1,0.95
2025-02,2025-02-01,ENGLAND 3,Blackpool,Charlton,11.0,0.9343,0.2307,0.08,0.1176,1,0.95
2025-02,2025-02-01,ENGLAND 4,Carlisle,Swindon,13.0,0.9431,0.2132,0.06,0.1111,1,0.95
2025-02,2025-02-01,ENGLAND 4,Tranmere,Colchester,12.0,0.9383,0.2127,0.06,0.1333,1,0.95
2025-02,2025-02-01,ENGLAND 1,Everton,Leicester,12.0,0.9441,0.2821,0.05,0.125,1,0.95
2025-02,2025-02-01,ENGLAND 1,Ipswich,Southampton,15.5,0.9407,0.0336,0.05,0.0769,1,0.95
2025-02,2025-02-01,SCOTLAND 1,St. Mirren,St Johnstone,13.5,0.9441,0.1983,0.05,0.1176,1,0.95
2025-02,2025-02-01,PORTUGAL 1,Santa Clara,Casa Pia,9.2,0.9084,0.1114,0.08,0.1667,1,0.95
2025-02,2025-02-01,TURKEY 2,Pendikspor,Adanaspor AS,20.0,0.956,0.0714,0.07,0.0833,1,0.95
2025-02,2025-02-01,TURKEY 1,Basaksehir,Samsunspor,12.0,0.9298,0.1112,0.07,0.1176,1,0.95
2025-02,2025-02-01,ITALY 1,Atalanta,Torino,14.5,0.9481,0.2003,0.06,0.1,1,0.95
2025-02,2025-02-01,GERMANY 1,Union Berlin,RB Leipzig,16.5,0.9458,0.0587,0.04,0.0769,0,-15.5
2025-02,2025-02-01,GREECE 1,Panserraikos,Volos,11.5,0.9265,0.1085,0.07,0.1176,1,0.95
2025-02,2025-02-01,SPAIN 1,Atl. Madrid,Mallorca,11.0,0.9477,0.377,0.04,0.125,1,0.95
2025-02,2025-02-01,NETHERLANDS 1,Zwolle,Utrecht,18.5,0.951,0.0464,0.03,0.0769,1,0.95
2025-02,2025-02-01,NETHERLANDS 1,Heerenveen,Sittard,17.0,0.9602,0.2752,0.03,0.0833,1,0.95
2025-02,2025-02-01,FRANCE 1,Lille,St Etienne,18.0,0.9585,0.2049,0.05,0.0833,1,0.95
2025-02,2025-02-02,NETHERLANDS 1,Almere City,Waalwijk,14.5,0.9454,0.1607,0.03,0.0833,1,0.95
2025-02,2025-02-02,ITALY 1,Juventus,Empoli,14.5,0.9454,0.1608,0.06,0.0769,1,0.95
2025-02,2025-02-02,TURKEY 1,Goztepe,Alanyaspor,15.0,0.9471,0.1594,0.06,0.0833,1,0.95
2025-02,2025-02-02,NETHERLANDS 1,Ajax,Feyenoord,18.0,0.9746,0.4949,0.03,0.0833,1,0.95
2025-02,2025-02-02,FRANCE 1,Toulouse,Nice,13.5,0.9316,0.0306,0.05,0.0909,1,0.95
2025-02,2025-02-02,ITALY 1,Fiorentina,Genoa,12.0,0.9361,0.186,0.06,0.1,1,0.95
2025-02,2025-02-02,ITALY 2,Salernitana,Cremonese,11.0,0.9185,0.0576,0.09,0.125,1,0.95
2025-02,2025-02-02,ITALY 2,Sudtirol,Reggiana,8.8,0.903,0.1008,0.09,0.1667,1,0.95
2025-02,2025-02-02,ITALY 4,AS Acireale,Reggina,8.8,0.9218,0.2661,0.09,0.0952,1,0.95
2025-02,2025-02-02,SPAIN 1,Valencia,Celta Vigo,10.5,0.9155,0.067,0.04,0.1333,1,0.95
2025-02,2025-02-02,NETHERLANDS 1,Sparta Rotterdam,Groningen,14.0,0.9477,0.2201,0.03,0.1,1,0.95
2025-02,2025-02-02,FRANCE 1,Reims,Nantes,11.5,0.9401,0.2637,0.05,0.125,1,0.95
2025-02,2025-02-02,FRANCE 1,Rennes,Strasbourg,14.0,0.9371,0.0719,0.05,0.1,1,0.95
2025-02,2025-02-02,ITALY 1,AC Milan,Inter,16.5,0.9478,0.0918,0.06,0.0833,1,0.95
2025-02,2025-02-02,SPAIN 1,Osasuna,Real Sociedad,7.8,0.9351,0.4469,0.04,0.1429,1,0.95
2025-02,2025-02-02,NETHERLANDS 1,Willem II,AZ Alkmaar,13.5,0.9326,0.043,0.03,0.1176,1,0.95
2025-02,2025-02-02,ITALY 1,AS Roma,Napoli,11.0,0.9219,0.095,0.06,0.1176,1,0.95
2025-02,2025-02-02,SPAIN 1,Betis,Ath Bilbao,11.5,0.9265,0.1085,0.04,0.1176,1,0.95
2025-02,2025-02-03,GREECE 1,Asteras Tripolis,Lamia,10.5,0.9199,0.1132,0.07,0.1333,1,0.95
2025-02,2025-02-03,POLAND 1,Slask Wroclaw,Piast Gliwice,7.4,0.9054,0.2545,0.07,0.1538,1,0.95
2025-02,2025-02-03,ROMANIA 1,Farul Constanta,Petrolul,9.2,0.9228,0.2435,0.12,0.1333,1,0.95
2025-02,2025-02-03,ITALY 1,Cagliari,Lazio,14.5,0.938,0.0537,0.06,0.0909,1,0.95
2025-02,2025-02-04,ENGLAND 2,QPR,Blackburn,9.8,0.915,0.1215,0.09,0.1111,1,0.95
2025-02,2025-02-06,AUSTRALIA 1,Wellington Phoenix,Brisbane Roar,15.5,0.9469,0.1299,0.07,0.0833,1,0.95
2025-02,2025-02-06,ROMANIA 1,Petrolul,FCSB,7.4,0.9288,0.4266,0.1,0.1538,0,-6.4
2025-02,2025-02-06,SPAIN CUP,Real Sociedad,Osasuna,10.5,0.9257,0.1731,0.06,0.1176,1,0.95
2025-02,2025-02-06,SWITZERLAND 1,Winterthur,Zurich,15.5,0.9454,0.1061,0.07,0.0833,1,0.95
2025-02,2025-02-07,EGYPT 1,Zamalek,El Ismaily,14.0,0.9399,0.1113,0.17,0.1111,1,0.95
2025-02,2025-02-07,FRANCE 1,Nantes,Brest,11.0,0.9349,0.2376,0.05,0.125,1,0.95
2025-02,2025-02-07,SPAIN 2,Albacete,Zaragoza,9.4,0.9051,0.0629,0.12,0.1333,1,0.95
2025-02,2025-02-07,SPAIN 1,Rayo Vallecano,Valladolid,13.0,0.9551,0.3681,0.04,0.1111,1,0.95
2025-02,2025-02-08,BULGARIA 1,Septemvri Sofia,Botev Vratsa,10.5,0.9265,0.182,0.06,0.1333,1,0.95
2025-02,2025-02-08,ENGLAND CUP,Leeds,Millwall,13.5,0.9477,0.2462,0.02,0.1053,1,0.95
2025-02,2025-02-08,FRANCE 2,AC Ajaccio,Guingamp,7.8,0.8837,0.0483,0.11,0.1667,1,0.95
2025-02,2025-02-08,SPAIN 1,Celta Vigo,Betis,12.0,0.9371,0.1978,0.04,0.1,1,0.95
2025-02,2025-02-08,TURKEY 1,Kayserispor,Konyaspor,13.0,0.9436,0.2196,0.06,0.1,1,0.95
2025-02,2025-02-08,SAUDI ARABIA 1,Al Kholood,Al Riyadh,16.0,0.9425,0.0324,0.03,0.1111,1,0.95
2025-02,2025-02-08,EGYPT 1,Al Ittihad,Al Masry,8.0,0.9003,0.1575,0.17,0.1667,1,0.95
2025-02,2025-02-08,GERMANY 1,Hoffenheim,Union Berlin,16.0,0.9488,0.1334,0.05,0.0769,1,0.95
2025-02,2025-02-08,GERMANY 1,Mainz,Augsburg,12.5,0.9307,0.0867,0.05,0.1053,0,-11.5
2025-02,2025-02-08,ENGLAND CUP,Coventry,Ipswich,15.5,0.9488,0.159,0.02,0.1111,1,0.95
2025-02,2025-02-08,ENGLAND CUP,Southampton,Burnley,12.5,0.9425,0.2338,0.02,0.1,1,0.95
2025-02,2025-02-08,ENGLAND CUP,Stoke,Cardiff,12.5,0.9746,0.6344,0.02,0.0909,1,0.95
2025-02,2025-02-08,ENGLAND 3,Rotherham,Shrewsbury,14.5,0.9441,0.1424,0.09,0.1333,1,0.95
2025-02,2025-02-08,ENGLAND 4,Barrow,Gillingham,10.5,0.938,0.3018,0.06,0.1667,1,0.95
2025-02,2025-02-08,SPAIN 1,Ath Bilbao,Girona,13.0,0.9388,0.1578,0.04,0.1053,1,0.95
2025-02,2025-02-08,FRANCE 1,Nice,Lens,14.5,0.9454,0.1608,0.05,0.0769,1,0.95
2025-02,2025-02-08,TURKEY 1,Sivasspor,Besiktas,16.0,0.9457,0.0837,0.06,0.0833,1,0.95
2025-02,2025-02-08,ITALY 2,Sampdoria,Modena,9.2,0.9099,0.1253,0.1,0.1538,1,0.95
2025-02,2025-02-08,ITALY 1,Empoli,AC Milan,13.5,0.9434,0.1887,0.06,0.0769,1,0.95
2025-02,2025-02-08,GREECE 1,OFI Crete,PAOK,17.0,0.9506,0.1124,0.07,0.0769,1,0.95
2025-02,2025-02-08,NETHERLANDS 1,Groningen,Nijmegen,9.6,0.951,0.4823,0.03,0.1333,1,0.95
2025-02,2025-02-08,SWITZERLAND 1,Young Boys,Sion,14.5,0.9502,0.2299,0.07,0.0833,1,0.95
2025-02,2025-02-08,ITALY 1,Torino,Genoa,7.8,0.8973,0.1544,0.06,0.1538,1,0.95
2025-02,2025-02-08,SPAIN 1,Real Madrid,Atl. Madrid,18.5,0.9686,0.3705,0.04,0.0667,1,0.95
2025-02,2025-02-08,FRANCE 1,St Etienne,Rennes,13.5,0.9414,0.1618,0.05,0.0909,1,0.95
2025-02,2025-02-08,PERU 1,Grau,Ayacucho,19.5,0.9556,0.0863,0.08,0.0769,1,0.95
2025-02,2025-02-08,ARGENTINA 1,Rosario Central,Atl. Tucuman,8.2,0.8985,0.1231,0.14,0.1538,1,0.95
2025-02,2025-02-09,WOM SPAIN 1,Valencia W,Costa Adeje Tenerife W,9.0,0.9105,0.1492,0.07,0.1429,1,0.95
2025-02,2025-02-09,CZECH 1,Jablonec,Slovacko,15.0,0.9436,0.1068,0.08,0.1,1,0.95
2025-02,2025-02-09,GERMANY 2,Hannover,Dusseldorf,19.5,0.9547,0.0697,0.09,0.0667,1,0.95
2025-02,2025-02-09,SPAIN 2,Elche,Tenerife,9.2,0.8991,0.0265,0.13,0.1667,1,0.95
2025-02,2025-02-09,ITALY 4,Roma City,Sambenedettese,12.0,0.9248,0.0514,0.08,0.1081,0,-11.0
2025-02,2025-02-09,ITALY 4,Reggina,Siracusa,7.8,0.9076,0.2339,0.08,0.1667,1,0.95
2025-02,2025-02-09,ITALY 2,Spezia,Palermo,11.5,0.9237,0.0769,0.09,0.125,1,0.95
2025-02,2025-02-09,SPAIN 4,Real Sociedad C,Utebo FC,11.0,0.9247,0.1258,0.09,0.1333,0,-10.0
2025-02,2025-02-09,NETHERLANDS 1,Heerenveen,Twente,20.0,0.9548,0.0485,0.03,0.0769,1,0.95
2025-02,2025-02-09,FRANCE 1,Auxerre,Toulouse,12.0,0.9332,0.1515,0.05,0.1111,1,0.95
2025-02,2025-02-09,FRANCE 1,Strasbourg,Montpellier,17.5,0.9469,0.0238,0.05,0.0667,1,0.95
2025-02,2025-02-09,ITALY 2,Juve Stabia,Bari,8.2,0.9042,0.1693,0.09,0.1667,1,0.95
2025-02,2025-02-09,CYPRUS 1,Aris,AEK Larnaca,9.8,0.9187,0.1576,0.09,0.1333,1,0.95
2025-02,2025-02-09,GREECE 1,Aris,Panathinaikos,9.8,0.9372,0.3379,0.06,0.125,1,0.95
2025-02,2025-02-09,SPAIN 1,Real Sociedad,Espanyol,11.0,0.9229,0.1061,0.04,0.1429,1,0.95
2025-02,2025-02-09,PORTUGAL 1,Braga,Gil Vicente,15.0,0.9506,0.2112,0.09,0.0909,1,0.95
2025-02,2025-02-09,FRANCE 1,Angers,Marseille,17.5,0.962,0.2867,0.05,0.0769,1,0.95
2025-02,2025-02-09,ITALY 1,Napoli,Udinese,13.0,0.9301,0.0444,0.07,0.1053,1,0.95
2025-02,2025-02-09,CHILE CUP,Limache,S. Wanderers,9.2,0.9309,0.318,0.07,0.1053,1,0.95
2025-02,2025-02-09,PERU 1,Cienciano,AD Tarma,15.0,0.9551,0.2782,0.07,0.1053,1,0.95
2025-02,2025-02-09,MEXICO 1,UNAM Pumas,Mazatlan FC,13.5,0.9313,0.0264,0.08,0.1111,1,0.95
2025-02,2025-02-10,BULGARIA 1,Beroe,Krumovgrad,13.5,0.9372,0.1056,0.06,0.1538,0,-12.5
2025-02,2025-02-10,GREECE 1,Lamia,Levadiakos,9.4,0.9258,0.2563,0.05,0.1538,1,0.95
2025-02,2025-02-10,SPAIN 1,Mallorca,Osasuna,8.2,0.918,0.2816,0.04,0.1538,1,0.95
2025-02,2025-02-11,EGYPT 1,Al Ahly,Ghazl El Mahallah,14.5,0.9385,0.0613,0.16,0.0667,1,0.95
2025-02,2025-02-11,ENGLAND 2,Derby,Oxford Utd,8.2,0.8939,0.0854,0.1,0.1538,0,-7.2
2025-02,2025-02-11,ENGLAND 4,Barrow,MK Dons,12.0,0.9243,0.0451,0.07,0.1111,1,0.95
2025-02,2025-02-11,ENGLAND 4,Walsall,Gillingham,12.5,0.9383,0.1819,0.07,0.1111,1,0.95
2025-02,2025-02-11,ARGENTINA 1,Estudiantes L.P.,Banfield,9.6,0.9199,0.1851,0.14,0.1429,1,0.95
2025-02,2025-02-11,ARGENTINA 1,Tigre,Racing Club,8.4,0.8905,0.0359,0.14,0.1538,1,0.95
2025-02,2025-02-12,TURKEY 2,Erzurumspor,Genclerbirligi,11.0,0.929,0.1728,0.06,0.1667,1,0.95
2025-02,2025-02-12,ENGLAND 2,Sunderland,Luton,11.5,0.9253,0.0947,0.09,0.1053,1,0.95
2025-02,2025-02-12,ARGENTINA 1,Independiente,Velez Sarsfield,7.6,0.8971,0.1732,0.14,0.1667,1,0.95
2025-02,2025-02-13,TURKEY 2,Ankaragucu,Karagumruk,15.0,0.9412,0.0712,0.06,0.1,1,0.95
2025-02,2025-02-14,NETHERLANDS 1,G.A. Eagles,Sparta Rotterdam,17.0,0.9655,0.3649,0.03,0.0769,1,0.95
2025-02,2025-02-14,GERMANY 1,Augsburg,RB Leipzig,16.0,0.9454,0.0788,0.03,0.1,0,-15.0
2025-02,2025-02-14,ITALY 2,Catanzaro,Cittadella,10.5,0.9303,0.2211,0.09,0.1176,1,0.95
2025-02,2025-02-14,POLAND 1,Lech Poznan,Rakow,11.0,0.929,0.1721,0.07,0.125,1,0.95
2025-02,2025-02-14,FRANCE 1,Brest,Auxerre,13.5,0.9457,0.22,0.05,0.0909,1,0.95
2025-02,2025-02-14,ITALY 1,Bologna,Torino,9.4,0.9361,0.3527,0.07,0.1429,1,0.95
2025-02,2025-02-14,SPAIN 1,Girona,Getafe,8.6,0.9407,0.4429,0.04,0.1667,1,0.95
2025-02,2025-02-15,BULGARIA 1,Krumovgrad,Cherno More,10.5,0.913,0.0412,0.07,0.1538,1,0.95
2025-02,2025-02-15,ENGLAND 2,Preston,Burnley,7.6,0.904,0.2255,0.08,0.1667,0,-6.6
2025-02,2025-02-15,SPAIN 1,Leganes,Alaves,7.4,0.9219,0.376,0.04,0.1667,1,0.95
2025-02,2025-02-15,SAUDI ARABIA 1,Al Khaleej,Al Taawon,12.5,0.938,0.1778,0.04,0.1176,1,0.95
2025-02,2025-02-15,GERMANY 1,St. Pauli,Freiburg,11.0,0.9187,0.0602,0.04,0.125,1,0.95
2025-02,2025-02-15,GERMANY 1,Union Berlin,B. Monchengladbach,16.5,0.9476,0.088,0.04,0.0769,1,0.95
2025-02,2025-02-15,ENGLAND 2,Hull,Norwich,13.5,0.9488,0.2614,0.08,0.0909,1,0.95
2025-02,2025-02-15,ENGLAND 2,Millwall,West Brom,9.0,0.9163,0.2005,0.08,0.1538,1,0.95
2025-02,2025-02-15,ENGLAND 2,Stoke,Swansea,12.0,0.9412,0.2475,0.08,0.0909,1,0.95
2025-02,2025-02-15,ENGLAND 3,Barnsley,Huddersfield,14.0,0.9505,0.2596,0.09,0.0769,1,0.95
2025-02,2025-02-15,ENGLAND 3,Birmingham,Charlton,11.5,0.9346,0.2011,0.09,0.0909,1,0.95
2025-02,2025-02-15,ENGLAND 4,Carlisle,Colchester,10.5,0.9219,0.1338,0.1,0.125,0,-9.5
2025-02,2025-02-15,ENGLAND 4,Gillingham,Crewe,8.8,0.8985,0.0619,0.1,0.1538,0,-7.8
2025-02,2025-02-15,ENGLAND 4,Tranmere,MK Dons,13.0,0.9434,0.217,0.1,0.0909,1,0.95
2025-02,2025-02-15,ENGLAND 1,Fulham,Nottingham,14.5,0.9393,0.0735,0.05,0.1,1,0.95
2025-02,2025-02-15,GREECE 1,OFI Crete,Asteras Tripolis,12.5,0.9371,0.1663,0.05,0.125,1,0.95
2025-02,2025-02-15,SCOTLAND 4,East Fife,Bonnyrigg Rose,18.0,0.958,0.1955,0.05,0.0909,1,0.95
2025-02,2025-02-15,SCOTLAND 1,Kilmarnock,St Johnstone,15.5,0.9436,0.0786,0.05,0.1176,1,0.95
2025-02,2025-02-15,PORTUGAL 1,Moreirense,Casa Pia,8.4,0.9105,0.2029,0.07,0.1538,1,0.95
2025-02,2025-02-15,SAUDI ARABIA 1,Al Raed,Al Fayha,11.0,0.917,0.0411,0.04,0.1176,1,0.95
2025-02,2025-02-15,AUSTRIA 1,BW Linz,Altach,10.5,0.9139,0.0506,0.08,0.1538,1,0.95
2025-02,2025-02-15,ITALY 1,Lazio,Napoli,12.0,0.9239,0.0406,0.07,0.1333,1,0.95
2025-02,2025-02-15,ENGLAND 1,Crystal Palace,Everton,10.5,0.9358,0.2793,0.05,0.1538,1,0.95
2025-02,2025-02-15,PORTUGAL 1,Santa Clara,Benfica,10.5,0.9139,0.0506,0.07,0.1429,1,0.95
2025-02,2025-02-15,FRANCE 2,Guingamp,Metz,10.5,0.9305,0.2237,0.1,0.1333,1,0.95
2025-02,2025-02-15,NETHERLANDS 1,Willem II,Groningen,10.5,0.9187,0.1008,0.04,0.1667,1,0.95
2025-02,2025-02-15,SPAIN 1,Villarreal,Valencia,17.0,0.9454,0.0242,0.04,0.0833,1,0.95
2025-02,2025-02-15,COLOMBIA 1,America De Cali,Santa Fe,11.5,0.9336,0.1894,0.15,0.1429,1,0.95
2025-02,2025-02-16,TURKEY 2,Boluspor,Amedspor,13.5,0.9425,0.1765,0.07,0.1176,0,-12.5
2025-02,2025-02-16,TURKEY 1,Hatayspor,Alanyaspor,15.0,0.9459,0.1414,0.06,0.0769,1,0.95
2025-02,2025-02-16,NETHERLANDS 1,Nijmegen,Almere City,18.0,0.9548,0.1389,0.04,0.0769,1,0.95
2025-02,2025-02-16,GREECE 1,Levadiakos,Aris,9.6,0.932,0.3009,0.05,0.1429,1,0.95
2025-02,2025-02-16,SPAIN 1,Espanyol,Ath Bilbao,9.8,0.9136,0.1076,0.04,0.125,1,0.95
2025-02,2025-02-16,SPAIN 2,Levante,Gijon,9.8,0.9098,0.0704,0.14,0.125,0,-8.8
2025-02,2025-02-16,TURKEY 1,Konyaspor,Samsunspor,12.0,0.9409,0.2436,0.06,0.1333,1,0.95
2025-02,2025-02-16,IRELAND 1,Bohemians,Shamrock Rovers,13.0,0.9293,0.0347,0.09,0.1176,1,0.95
2025-02,2025-02-16,ITALY 1,Monza,Lecce,10.5,0.923,0.1455,0.08,0.1333,0,-9.5
2025-02,2025-02-16,SCOTLAND 1,St. Mirren,Hibernian,10.5,0.9342,0.262,0.05,0.1176,0,-9.5
2025-02,2025-02-16,TURKEY 2,Erokspor,Erzurumspor,12.5,0.9351,0.1418,0.07,0.1429,1,0.95
2025-02,2025-02-16,FRANCE 1,Le Havre,Nice,15.5,0.9459,0.1141,0.05,0.0769,1,0.95
2025-02,2025-02-16,SPAIN 3,Villarreal B,Alcoyano,11.5,0.9247,0.0882,0.07,0.1429,1,0.95
2025-02,2025-02-16,WOM SPAIN 1,Levante W,Betis W,9.8,0.9217,0.1869,0.07,0.1,1,0.95
2025-02,2025-02-16,BELGIUM 1,Charleroi,Anderlecht,11.5,0.9548,0.4326,0.06,0.1111,1,0.95
2025-02,2025-02-16,SPAIN 1,Mallorca,Las Palmas,9.2,0.9237,0.2523,0.04,0.125,1,0.95
2025-02,2025-02-16,SPAIN 2,Zaragoza,Burgos CF,7.0,0.8942,0.2146,0.14,0.1667,1,0.95
2025-02,2025-02-16,GERMANY 1,Heidenheim,Mainz,14.0,0.938,0.0847,0.05,0.0909,1,0.95
2025-02,2025-02-16,FRANCE 1,Rennes,Lille,11.5,0.9227,0.0644,0.05,0.1333,1,0.95
2025-02,2025-02-16,ITALY 1,Juventus,Inter,11.5,0.9327,0.179,0.08,0.1053,1,0.95
2025-02,2025-02-16,SPAIN 1,Betis,Real Sociedad,11.0,0.9388,0.28,0.04,0.1333,1,0.95
2025-02,2025-02-16,MEXICO 1,Pachuca,UNAM Pumas,12.5,0.9454,0.2702,0.07,0.1,1,0.95
2025-02,2025-02-17,EGYPT 1,Modern Sport,Pyramids,9.2,0.8991,0.0266,0.15,0.1333,1,0.95
2025-02,2025-02-17,DENMARK 1,Randers FC,FC Copenhagen,13.0,0.9482,0.279,0.04,0.0909,1,0.95
2025-02,2025-02-17,POLAND 1,Zaglebie,Lechia Gdansk,14.0,0.9454,0.188,0.08,0.0769,1,0.95
2025-02,2025-02-17,SPAIN 2,Almeria,Elche,13.0,0.9342,0.0974,0.14,0.1,1,0.95
2025-02,2025-02-17,ITALY 1,Genoa,Venezia,11.0,0.9272,0.1526,0.08,0.1429,1,0.95
2025-02,2025-02-17,PORTUGAL 1,Gil Vicente,Famalicao,8.0,0.9013,0.1653,0.08,0.1429,1,0.95
2025-02,2025-02-20,EUROPA LEAGUE,FCSB,PAOK,13.0,0.9291,0.0314,0.05,0.125,1,0.95
2025-02,2025-02-20,COLOMBIA 1,U. Magdalena,Millonarios,5.8,0.8743,0.2274,0.17,0.1429,1,0.95
2025-02,2025-02-21,BULGARIA 1,Beroe,Hebar,11.5,0.9388,0.2494,0.07,0.125,1,0.95
2025-02,2025-02-21,POLAND 1,Piast Gliwice,Stal Mielec,8.8,0.8986,0.0629,0.08,0.1429,1,0.95
2025-02,2025-02-21,TURKEY 1,Eyupspor,Besiktas,13.5,0.9409,0.1549,0.06,0.0909,1,0.95
2025-02,2025-02-21,DENMARK 1,Lyngby,Randers FC,12.5,0.9425,0.2338,0.04,0.1053,0,-11.5
2025-02,2025-02-21,NETHERLANDS 2,Oss,FC Emmen,16.0,0.9488,0.1334,0.05,0.0833,1,0.95
2025-02,2025-02-21,GERMANY 1,Freiburg,Werder Bremen,14.5,0.9407,0.0929,0.05,0.0909,1,0.95
2025-02,2025-02-21,ITALY 2,Sampdoria,Sassuolo,11.5,0.9249,0.0904,0.09,0.1111,0,-10.5
2025-02,2025-02-21,SPAIN 2,Malaga,Tenerife,8.0,0.8886,0.0647,0.14,0.1667,1,0.95
2025-02,2025-02-21,IRELAND 1,Derry City,Bohemians,12.5,0.9339,0.1272,0.09,0.1176,1,0.95
2025-02,2025-02-21,ITALY 1,Lecce,Udinese,9.6,0.9185,0.1718,0.08,0.1333,1,0.95
2025-02,2025-02-21,PORTUGAL 1,Braga,Nacional,17.5,0.9501,0.0796,0.08,0.0909,1,0.95
2025-02,2025-02-21,CHILE 1,A. Italiano,Deportes Iquique,15.0,0.9511,0.2189,0.04,0.0833,1,0.95
2025-02,2025-02-21,ARGENTINA 1,Estudiantes L.P.,Central Cordoba,10.5,0.9213,0.1271,0.16,0.1333,1,0.95
2025-02,2025-02-21,ECUADOR 1,Dep. Cuenca,Aucas,12.0,0.9273,0.0811,0.07,0.125,1,0.95
2025-02,2025-02-22,AUSTRALIA 1,Melbourne Victory,Melbourne City,16.5,0.9622,0.3283,0.05,0.0769,1,0.95
2025-02,2025-02-22,TURKEY 1,Sivasspor,Konyaspor,11.5,0.9436,0.3044,0.06,0.1176,1,0.95
2025-02,2025-02-22,ENGLAND 2,Plymouth,Cardiff,13.5,0.9383,0.1199,0.07,0.1176,1,0.95
2025-02,2025-02-22,ENGLAND 1,Everton,Manchester Utd,10.5,0.9121,0.0313,0.04,0.1333,1,0.95
2025-02,2025-02-22,BULGARIA 1,Botev Plovdiv,CSKA Sofia,12.0,0.9231,0.0305,0.06,0.1333,1,0.95
2025-02,2025-02-22,NORTHERN IRELAND 2,Dundela,Institute,8.0,0.9383,0.4595,0.07,0.0741,1,0.95
2025-02,2025-02-22,ENGLAND 2,Norwich,Stoke,15.5,0.9464,0.1219,0.07,0.0909,1,0.95
2025-02,2025-02-22,ENGLAND 3,Shrewsbury,Stevenage,7.8,0.8943,0.1309,0.06,0.1667,1,0.95
2025-02,2025-02-22,ENGLAND 3,Wycombe,Wigan,10.5,0.9361,0.2819,0.06,0.1429,0,-9.5
2025-02,2025-02-22,SCOTLAND 3,Montrose,Queen of South,14.0,0.9382,0.0878,0.05,0.1176,1,0.95
2025-02,2025-02-22,SCOTLAND 4,East Fife,Peterhead,14.5,0.9407,0.0929,0.06,0.0909,0,-13.5
2025-02,2025-02-22,SCOTLAND 1,Aberdeen,Kilmarnock,12.5,0.9307,0.0871,0.05,0.1,1,0.95
2025-02,2025-02-22,BULGARIA 1,Cherno More,Ludogorets,10.5,0.9298,0.2165,0.06,0.1333,1,0.95
2025-02,2025-02-22,TURKEY 1,Samsunspor,Rizespor,14.5,0.9414,0.1032,0.06,0.1176,1,0.95
2025-02,2025-02-22,ITALY 1,Torino,AC Milan,13.5,0.9351,0.0769,0.09,0.0833,1,0.95
2025-02,2025-02-22,GREECE 1,Atromitos,Panserraikos,11.0,0.9298,0.1814,0.05,0.1111,1,0.95
2025-02,2025-02-22,ROMANIA 1,CFR Cluj,Petrolul,9.6,0.9064,0.0559,0.09,0.1333,1,0.95
2025-02,2025-02-22,GERMANY 2,Hannover,Paderborn,15.5,0.9441,0.0865,0.09,0.0833,1,0.95
2025-02,2025-02-22,ITALY 1,Inter,Genoa,16.5,0.9511,0.1455,0.09,0.0909,1,0.95
2025-02,2025-02-22,PORTUGAL 1,Estoril,Rio Ave,15.0,0.9417,0.0786,0.07,0.0909,1,0.95
2025-02,2025-02-22,ARGENTINA 1,Independiente,Instituto,8.0,0.9011,0.1636,0.15,0.1667,1,0.95
2025-02,2025-02-22,URUGUAY 1,Cerro Largo,Miramar,10.5,0.9121,0.0317,0.14,0.1538,1,0.95
2025-02,2025-02-23,MEXICO 1,UNAM Pumas,Club America,12.0,0.9396,0.228,0.05,0.1053,1,0.95
2025-02,2025-02-23,JAPAN 3,Tegevajaro Miyazaki,Fukushima Utd,12.5,0.9288,0.0633,0.04,0.125,1,0.95
2025-02,2025-02-23,SCOTLAND 1,St Johnstone,Hearts,12.5,0.926,0.0289,0.05,0.1,1,0.95
2025-02,2025-02-23,ENGLAND 3,Mansfield,Wrexham,12.5,0.9275,0.0473,0.07,0.1053,1,0.95
2025-02,2025-02-23,PORTUGAL 1,Arouca,SC Farense,11.0,0.921,0.0853,0.08,0.1176,1,0.95
2025-02,2025-02-23,AUSTRIA 1,LASK,SK Rapid,14.5,0.9447,0.1508,0.09,0.1053,1,0.95
2025-02,2025-02-23,TURKEY 1,Trabzonspor,Gaziantep,24.0,0.9683,0.19,0.06,0.0769,1,0.95
2025-02,2025-02-23,FRANCE 1,Le Havre,Toulouse,10.5,0.9245,0.1615,0.06,0.125,1,0.95
2025-02,2025-02-23,ITALY 2,Salernitana,Frosinone,9.8,0.9171,0.1417,0.08,0.1333,1,0.95
2025-02,2025-02-23,CYPRUS 1,Aris,AEL Limassol,13.5,0.9454,0.2153,0.08,0.0769,1,0.95
2025-02,2025-02-23,SPAIN 1,Real Sociedad,Leganes,9.6,0.9138,0.1264,0.04,0.1333,1,0.95
2025-02,2025-02-23,PORTUGAL 1,Famalicao,Moreirense,8.2,0.9105,0.2208,0.08,0.1538,1,0.95
2025-02,2025-02-23,ARGENTINA 1,Atl. Tucuman,Gimnasia L.P.,10.5,0.9307,0.2254,0.15,0.125,1,0.95
2025-02,2025-02-24,ITALY 1,AS Roma,Monza,20.0,0.976,0.471,0.08,0.0833,1,0.95
2025-02,2025-02-24,SPAIN 1,Sevilla,Mallorca,8.8,0.9341,0.3738,0.04,0.1429,1,0.95
2025-02,2025-02-24,PORTUGAL 1,FC Porto,Vitoria Guimaraes,12.0,0.9228,0.0269,0.08,0.1176,1,0.95
2025-02,2025-02-26,MEXICO 1,Mazatlan FC,Monterrey,12.5,0.9407,0.2116,0.05,0.1111,1,0.95
2025-02,2025-02-26,TURKEY CUP,Trabzonspor,Rizespor,36.0,0.983,0.3382,0.02,0.0769,1,0.95
2025-02,2025-02-26,ENGLAND 1,Brentford,Everton,15.5,0.9488,0.159,0.03,0.0769,1,0.95
2025-02,2025-02-26,ENGLAND 1,Nottingham,Arsenal,11.5,0.9223,0.0604,0.03,0.125,0,-10.5
2025-02,2025-02-26,SCOTLAND 1,Motherwell,Dundee FC,13.5,0.9378,0.1134,0.04,0.1,1,0.95
2025-02,2025-02-26,SCOTLAND 1,St Johnstone,Ross County,10.5,0.9223,0.1376,0.04,0.1333,1,0.95
2025-02,2025-02-26,PORTUGAL CUP,Benfica,Braga,18.5,0.9511,0.0477,0.05,0.0667,1,0.95
2025-02,2025-02-27,MEXICO 1,Atl. San Luis,Guadalajara Chivas,14.0,0.9414,0.1325,0.05,0.0909,1,0.95
2025-02,2025-02-27,EGYPT 1,Smouha,Al Masry,7.0,0.8743,0.0762,0.12,0.1667,1,0.95
2025-02,2025-02-27,EGYPT 1,Zamalek,ZED,9.0,0.8987,0.0431,0.12,0.1538,1,0.95
2025-02,2025-02-27,NETHERLANDS CUP,Heracles,AZ Alkmaar,16.0,0.9454,0.0788,0.01,0.0909,1,0.95
2025-02,2025-02-27,ENGLAND 1,West Ham,Leicester,17.5,0.9548,0.1615,0.03,0.0909,1,0.95
2025-02,2025-02-28,AUSTRALIA 1,Wellington Phoenix,Melbourne City,16.5,0.9435,0.0208,0.05,0.0909,1,0.95
2025-02,2025-02-28,EGYPT 1,Al Ittihad,Pyramids,10.5,0.917,0.0828,0.11,0.1333,1,0.95
2025-02,2025-02-28,DENMARK 1,Randers FC,Aarhus,11.5,0.9207,0.0425,0.05,0.1333,1,0.95
2025-02,2025-02-28,NETHERLANDS 1,Waalwijk,Sittard,22.0,0.9655,0.1924,0.04,0.0769,1,0.95
2025-02,2025-02-28,IRELAND 2,Wexford,Bray,12.0,0.9459,0.3035,0.04,0.1429,1,0.95
2025-02,2025-02-28,ARGENTINA 1,Boca Juniors,Rosario Central,8.4,0.911,0.2064,0.16,0.1538,1,0.95
2025-03,2025-03-01,BULGARIA 1,Krumovgrad,Lok. Sofia,9.4,0.9215,0.2164,0.05,0.1538,1,0.95
2025-03,2025-03-01,GERMANY 2,Kaiserslautern,Regensburg,19.5,0.9617,0.2058,0.08,0.0769,1,0.95
2025-03,2025-03-01,ENGLAND CUP,Preston,Burnley,8.0,0.9207,0.3195,0.02,0.1333,1,0.95
2025-03,2025-03-01,ENGLAND 2,Blackburn,Norwich,12.0,0.9474,0.321,0.06,0.1053,1,0.95
2025-03,2025-03-01,ENGLAND 2,Leeds,West Brom,17.0,0.9546,0.1802,0.06,0.0833,1,0.95
2025-03,2025-03-01,ENGLAND 2,Oxford Utd,Coventry,13.0,0.9418,0.1962,0.06,0.1053,1,0.95
2025-03,2025-03-01,SPAIN 1,Girona,Celta Vigo,14.5,0.9465,0.1767,0.04,0.1053,1,0.95
2025-03,2025-03-01,SOUTH AFRICA 1,Mamelodi Sundowns,Kaizer Chiefs,15.0,0.9566,0.3004,0.08,0.125,1,0.95
2025-03,2025-03-01,POLAND 1,Stal Mielec,Korona Kielce,11.0,0.9209,0.0835,0.08,0.1176,1,0.95
2025-03,2025-03-01,ROMANIA 1,U. Cluj,FC Botosani,11.0,0.9193,0.0661,0.1,0.125,1,0.95
2025-03,2025-03-01,GERMANY 1,RB Leipzig,Mainz,16.0,0.949,0.1373,0.05,0.0769,1,0.95
2025-03,2025-03-01,GERMANY 1,St. Pauli,Dortmund,15.5,0.9446,0.0946,0.05,0.0909,1,0.95
2025-03,2025-03-01,ENGLAND 2,Middlesbrough,Derby,15.0,0.9432,0.1015,0.06,0.0909,1,0.95
2025-03,2025-03-01,ENGLAND 2,Stoke,Watford,14.0,0.9431,0.156,0.06,0.1111,0,-13.0
2025-03,2025-03-01,ENGLAND 3,Barnsley,Lincoln,15.5,0.9409,0.0376,0.07,0.0909,1,0.95
2025-03,2025-03-01,ENGLAND 3,Exeter,Northampton,11.5,0.9364,0.2212,0.07,0.1176,1,0.95
2025-03,2025-03-01,ENGLAND 3,Leyton Orient,Charlton,10.5,0.9256,0.173,0.07,0.125,1,0.95
2025-03,2025-03-01,GREECE 1,Volos,Aris,11.0,0.9172,0.0428,0.05,0.1429,1,0.95
2025-03,2025-03-01,SCOTLAND 3,Alloa,Cove Rangers,17.5,0.9473,0.0297,0.05,0.0769,1,0.95
2025-03,2025-03-01,SCOTLAND 1,Dundee FC,St Johnstone,12.5,0.9312,0.0933,0.04,0.1,1,0.95
2025-03,2025-03-01,SCOTLAND 1,Ross County,Kilmarnock,11.0,0.9356,0.2452,0.04,0.1333,1,0.95
2025-03,2025-03-01,SWITZERLAND 1,Basel,Sion,18.0,0.9588,0.2097,0.06,0.0667,1,0.95
2025-03,2025-03-01,SPAIN 2,Zaragoza,Gijon,7.4,0.8799,0.0676,0.13,0.1538,1,0.95
2025-03,2025-03-01,PORTUGAL 1,Arouca,FC Porto,12.5,0.9465,0.284,0.08,0.0909,1,0.95
2025-03,2025-03-01,NETHERLANDS 1,Groningen,Twente,11.5,0.9378,0.2383,0.04,0.1111,1,0.95
2025-03,2025-03-01,NETHERLANDS 1,Feyenoord,Nijmegen,22.0,0.9617,0.1101,0.04,0.0667,0,-21.0
2025-03,2025-03-01,SPAIN 1,Atl. Madrid,Ath Bilbao,12.0,0.9333,0.1525,0.04,0.1176,1,0.95
2025-03,2025-03-01,PORTUGAL 1,Vitoria Guimaraes,Casa Pia,10.5,0.9318,0.2377,0.08,0.125,1,0.95
2025-03,2025-03-01,USA 1,Real Salt Lake,Seattle Sounders,11.5,0.9372,0.231,0.08,0.125,1,0.95
2025-03,2025-03-01,CHILE 1,Everton,Nublense,26.0,0.9673,0.1008,0.02,0.1053,1,0.95
2025-03,2025-03-01,MEXICO 1,Necaxa,Tigres UANL,17.0,0.9504,0.1096,0.04,0.0769,1,0.95
2025-03,2025-03-02,TURKEY 2,Boluspor,Erzurumspor,9.6,0.9164,0.1513,0.1,0.1429,0,-8.6
2025-03,2025-03-02,BULGARIA 1,CSKA Sofia,Levski Sofia,12.0,0.9378,0.2064,0.05,0.1333,1,0.95
2025-03,2025-03-02,NETHERLANDS 1,Heracles,Zwolle,14.5,0.9411,0.0992,0.05,0.0909,1,0.95
2025-03,2025-03-02,POLAND 1,Legia,Slask Wroclaw,18.5,0.9499,0.0261,0.07,0.0833,1,0.95
2025-03,2025-03-02,FRANCE 1,Lyon,Brest,18.5,0.9532,0.0869,0.06,0.0667,1,0.95
2025-03,2025-03-02,ITALY 1,Bologna,Cagliari,12.5,0.949,0.3156,0.09,0.1176,1,0.95
2025-03,2025-03-02,ITALY 1,Genoa,Empoli,9.6,0.9092,0.0833,0.09,0.1333,1,0.95
2025-03,2025-03-02,PORTUGAL 1,Boavista,Santa Clara,8.4,0.9,0.1151,0.08,0.1429,1,0.95
2025-03,2025-03-02,PORTUGAL 1,Moreirense,Estrela,10.5,0.9168,0.0805,0.08,0.1429,1,0.95
2025-03,2025-03-02,FRANCE 1,Angers,Toulouse,10.5,0.9432,0.3566,0.06,0.1333,1,0.95
2025-03,2025-03-02,FRANCE 1,Auxerre,Strasbourg,13.0,0.9372,0.1368,0.06,0.0909,1,0.95
2025-03,2025-03-02,FRANCE 1,Montpellier,Rennes,16.0,0.9561,0.2506,0.06,0.1,1,0.95
2025-03,2025-03-02,ITALY 2,Bari,Sampdoria,10.5,0.9128,0.0385,0.07,0.1538,1,0.95
2025-03,2025-03-02,GERMANY 1,Augsburg,Freiburg,10.5,0.9127,0.0381,0.05,0.125,0,-9.5
2025-03,2025-03-02,ROMANIA 1,FC Rapid Bucuresti,FCSB,9.6,0.9122,0.1111,0.1,0.125,0,-8.6
2025-03,2025-03-02,ITALY 1,AC Milan,Lazio,15.5,0.9447,0.0963,0.09,0.0833,1,0.95
2025-03,2025-03-02,COLOMBIA 1,Once Caldas,Alianza,9.2,0.9209,0.2266,0.15,0.1667,1,0.95
2025-03,2025-03-02,SPAIN 1,Osasuna,Valencia,9.8,0.9274,0.2425,0.04,0.125,1,0.95
2025-03,2025-03-02,PORTUGAL 1,Rio Ave,Braga,15.5,0.9431,0.0706,0.08,0.0833,1,0.95
2025-03,2025-03-02,CHILE 1,Union La Calera,O'Higgins,11.0,0.9387,0.2783,0.02,0.1176,1,0.95
2025-03,2025-03-02,MEXICO 1,Atlas,Atl. San Luis,13.5,0.9431,0.1845,0.04,0.1,1,0.95
2025-03,2025-03-03,TURKEY 1,Konyaspor,Trabzonspor,14.5,0.9463,0.1736,0.08,0.0769,1,0.95
2025-03,2025-03-03,TURKEY 1,Basaksehir,Sivasspor,14.5,0.9432,0.1295,0.08,0.1,1,0.95
2025-03,2025-03-03,TURKEY 1,Goztepe,Samsunspor,11.0,0.9328,0.2141,0.08,0.125,1,0.95
2025-03,2025-03-03,ECUADOR 1,Manta,Delfin,11.5,0.9271,0.1148,0.07,0.125,1,0.95
2025-03,2025-03-04,EGYPT 1,ZED,El Ismaily,8.6,0.9166,0.2367,0.1,0.1176,1,0.95
2025-03,2025-03-04,ENGLAND 2,Cardiff,Burnley,8.4,0.8965,0.0854,0.06,0.1538,1,0.95
2025-03,2025-03-04,ENGLAND 2,Hull,Plymouth,13.0,0.9318,0.0673,0.06,0.1111,1,0.95
2025-03,2025-03-04,ENGLAND 2,Millwall,Bristol City,7.6,0.9258,0.3895,0.06,0.1667,1,0.95
2025-03,2025-03-04,ENGLAND 2,Preston,Swansea,9.8,0.9158,0.1289,0.06,0.1333,0,-8.8
2025-03,2025-03-04,ENGLAND 4,Carlisle,Walsall,13.5,0.9426,0.1781,0.09,0.1176,1,0.95
2025-03,2025-03-04,ENGLAND 4,Notts Co,Barrow,13.5,0.9437,0.1925,0.09,0.1,1,0.95
2025-03,2025-03-04,ENGLAND 3,Reading,Exeter,16.5,0.9465,0.07,0.11,0.1,0,-15.5
2025-03,2025-03-07,FRANCE 2,Grenoble,AC Ajaccio,9.2,0.9143,0.1663,0.05,0.1538,1,0.95
2025-03,2025-03-07,NETHERLANDS 2,Venlo,Jong Ajax,22.0,0.9663,0.21,0.02,0.0667,1,0.95
2025-03,2025-03-07,GERMANY 1,B. Monchengladbach,Mainz,15.5,0.9409,0.0374,0.06,0.0769,1,0.95
2025-03,2025-03-07,ITALY 2,Cosenza,Reggiana,8.8,0.9024,0.0962,0.07,0.1538,1,0.95
2025-03,2025-03-07,IRELAND 1,Derry City,Galway,8.4,0.9127,0.2214,0.07,0.1429,1,0.95
2025-03,2025-03-07,IRELAND 1,Waterford,Bohemians,11.5,0.935,0.2053,0.07,0.1111,1,0.95
2025-03,2025-03-07,ITALY 1,Cagliari,Genoa,9.0,0.9041,0.0921,0.09,0.1538,1,0.95
2025-03,2025-03-07,SPAIN 2,Dep. La Coruna,Cordoba,13.5,0.9365,0.0958,0.12,0.1053,1,0.95
2025-03,2025-03-07,ECUADOR 1,Dep. Cuenca,Libertad,10.5,0.9127,0.0381,0.07,0.1176,1,0.95
2025-03,2025-03-07,ARGENTINA 1,Central Cordoba,Boca Juniors,11.5,0.9456,0.3274,0.13,0.1176,1,0.95
2025-03,2025-03-07,MEXICO 1,Tigres UANL,Queretaro,18.5,0.9713,0.4201,0.04,0.0667,1,0.95
2025-03,2025-03-08,MEXICO 1,Puebla,UNAM Pumas,9.6,0.944,0.4149,0.03,0.1333,1,0.95
2025-03,2025-03-08,CZECH 2,Chrudim,Slavia Prague B,11.0,0.9199,0.0724,0.09,0.0833,1,0.95
2025-03,2025-03-08,CROATIA 2,Jarun,Orijent,9.2,0.9024,0.0572,0.14,0.1429,1,0.95
2025-03,2025-03-08,ENGLAND 2,Coventry,Stoke,16.5,0.9448,0.0414,0.07,0.0833,1,0.95
2025-03,2025-03-08,ENGLAND 5,Barnet,Dag & Red,34.0,0.9756,0.1219,0.08,0.0769,1,0.95
2025-03,2025-03-08,TURKEY 1,Antalyaspor,Rizespor,12.5,0.9373,0.1694,0.08,0.0909,1,0.95
2025-03,2025-03-08,GERMANY 1,Dortmund,Augsburg,17.5,0.9532,0.1337,0.06,0.0667,1,0.95
2025-03,2025-03-08,ENGLAND 2,Bristol City,Hull,11.5,0.9209,0.0446,0.07,0.1176,1,0.95
2025-03,2025-03-08,ENGLAND 2,Burnley,Luton,8.4,0.9517,0.5465,0.07,0.1333,1,0.95
2025-03,2025-03-08,ENGLAND 2,Derby,Blackburn,9.0,0.9145,0.1847,0.07,0.1667,1,0.95
2025-03,2025-03-08,ENGLAND 2,Sunderland,Cardiff,16.0,0.9447,0.0687,0.07,0.0909,1,0.95
2025-03,2025-03-08,ENGLAND 2,Swansea,Middlesbrough,14.5,0.9427,0.1216,0.07,0.0909,1,0.95
2025-03,2025-03-08,ENGLAND 2,West Brom,QPR,12.0,0.9352,0.1754,0.07,0.1111,1,0.95
2025-03,2025-03-08,ENGLAND 3,Burton,Bolton,8.4,0.9124,0.2189,0.11,0.1111,1,0.95
2025-03,2025-03-08,ENGLAND 3,Stevenage,Mansfield,9.6,0.9213,0.1985,0.11,0.1176,1,0.95
2025-03,2025-03-08,SPAIN 1,Alaves,Villarreal,12.0,0.9239,0.041,0.03,0.125,1,0.95
2025-03,2025-03-08,NETHERLANDS 1,Sittard,Heracles,14.0,0.948,0.2251,0.05,0.0833,1,0.95
2025-03,2025-03-08,SWITZERLAND 1,Yverdon,Winterthur,18.0,0.949,0.0354,0.06,0.0833,1,0.95
2025-03,2025-03-08,GERMANY 1,Freiburg,RB Leipzig,14.0,0.9561,0.3383,0.06,0.0833,0,-13.0
2025-03,2025-03-08,SPAIN 1,Valencia,Valladolid,13.5,0.9489,0.263,0.03,0.1,1,0.95
2025-03,2025-03-08,CZECH 1,Sparta Prague,Slavia Prague,11.0,0.9239,0.1163,0.08,0.1333,1,0.95
2025-03,2025-03-08,PORTUGAL 1,Estoril,SC Farense,9.8,0.9206,0.1758,0.08,0.1538,1,0.95
2025-03,2025-03-08,SAUDI ARABIA 1,Al Taawon,Damac,13.5,0.9426,0.1781,0.06,0.1176,1,0.95
2025-03,2025-03-08,ITALY 1,Inter,Monza,28.0,0.9673,0.0353,0.09,0.0667,1,0.95
2025-03,2025-03-08,ENGLAND 1,Wolves,Everton,8.6,0.9517,0.5368,0.02,0.1538,1,0.95
2025-03,2025-03-08,SPAIN 2,Zaragoza,Eldense,9.6,0.9031,0.0246,0.12,0.1176,1,0.95
2025-03,2025-03-08,PORTUGAL 1,Braga,FC Porto,12.0,0.9303,0.1167,0.08,0.125,1,0.95
2025-03,2025-03-08,ECUADOR 1,Barcelona SC,Ind. del Valle,14.0,0.9372,0.074,0.07,0.1176,1,0.95
2025-03,2025-03-08,MEXICO 1,Pachuca,Mazatlan FC,23.0,0.9754,0.3854,0.03,0.0667,1,0.95
2025-03,2025-03-08,USA 2,Birmingham,Loudoun,12.5,0.9447,0.2621,0.07,0.1053,1,0.95
2025-03,2025-03-08,MEXICO 1,Cruz Azul,Monterrey,17.5,0.9499,0.0762,0.03,0.1,1,0.95
2025-03,2025-03-09,TURKEY 1,Sivasspor,Goztepe,11.5,0.92,0.0341,0.08,0.1176,1,0.95
2025-03,2025-03-09,WOM SPAIN 1,Granada CF W,Athletic Bilbao W,11.5,0.9311,0.1614,0.07,0.1111,1,0.95
2025-03,2025-03-09,SPAIN 3,Real Madrid B,Sevilla FC B,8.8,0.9231,0.2769,0.1,0.1176,0,-7.8
2025-03,2025-03-09,NETHERLANDS 1,Willem II,Utrecht,14.5,0.9432,0.1295,0.05,0.1,1,0.95
2025-03,2025-03-09,GERMANY 2,Hannover,Braunschweig,16.5,0.9447,0.0411,0.06,0.0909,1,0.95
2025-03,2025-03-09,DENMARK 1,Silkeborg,Lyngby,16.0,0.9447,0.0687,0.06,0.0833,1,0.95
2025-03,2025-03-09,SPAIN 1,Getafe,Atl. Madrid,8.4,0.9328,0.3889,0.03,0.1538,1,0.95
2025-03,2025-03-09,TURKEY 2,Genclerbirligi,Corum,13.0,0.9657,0.5063,0.06,0.125,1,0.95
2025-03,2025-03-09,TURKEY 1,Eyupspor,Konyaspor,14.0,0.9357,0.0527,0.08,0.1,1,0.95
2025-03,2025-03-09,ITALY 1,Napoli,Fiorentina,12.0,0.9308,0.1229,0.09,0.125,1,0.95
2025-03,2025-03-09,ITALY 2,Spezia,Pisa,9.6,0.9342,0.3218,0.07,0.125,1,0.95
2025-03,2025-03-09,CHILE 1,Coquimbo,Cobresal,15.5,0.9488,0.1591,0.02,0.0909,1,0.95
2025-03,2025-03-09,AUSTRIA 1,LASK,Tirol,15.5,0.9446,0.0946,0.09,0.1,1,0.95
2025-03,2025-03-09,FRANCE 1,Le Havre,St Etienne,14.5,0.9484,0.2041,0.05,0.0909,1,0.95
2025-03,2025-03-09,FRANCE 1,Reims,Auxerre,13.5,0.9462,0.227,0.05,0.1,1,0.95
2025-03,2025-03-09,ITALY 2,Cittadella,Sudtirol,8.0,0.89,0.0756,0.07,0.1667,1,0.95
2025-03,2025-03-09,GREECE 1,Aris,AEK Athens,10.0,0.9429,0.3815,0.06,0.125,0,-9.0
2025-03,2025-03-09,GREECE 1,Asteras Tripolis,Panserraikos,10.5,0.925,0.1664,0.06,0.1429,1,0.95
2025-03,2025-03-09,GREECE 1,Atromitos,Panathinaikos,10.0,0.9422,0.3745,0.06,0.125,1,0.95
2025-03,2025-03-09,GREECE 1,Lamia,Volos,9.4,0.9086,0.0955,0.06,0.1538,1,0.95
2025-03,2025-03-09,GREECE 1,Panetolikos,Levadiakos,7.4,0.8903,0.1434,0.06,0.1667,0,-6.4
2025-03,2025-03-09,SPAIN 1,Ath Bilbao,Mallorca,10.0,0.9532,0.4845,0.03,0.125,1,0.95
2025-03,2025-03-09,SPAIN 1,Betis,Las Palmas,21.0,0.9713,0.3483,0.03,0.0769,1,0.95
2025-03,2025-03-09,ROMANIA 1,FCSB,Univ. Craiova,9.6,0.9258,0.241,0.1,0.1333,1,0.95
2025-03,2025-03-09,GERMANY 3,RW Essen,Mannheim,16.0,0.9447,0.0687,0.05,0.0909,1,0.95
2025-03,2025-03-09,ITALY 1,Juventus,Atalanta,11.5,0.9225,0.063,0.09,0.1176,1,0.95
2025-03,2025-03-09,COLOMBIA 1,Santa Fe,Fortaleza,8.0,0.8847,0.0331,0.14,0.125,1,0.95
2025-03,2025-03-09,SPAIN 1,Real Sociedad,Sevilla,8.8,0.9517,0.5271,0.03,0.1538,1,0.95
2025-03,2025-03-09,CHILE 1,O'Higgins,La Serena,13.0,0.9532,0.3442,0.02,0.1053,1,0.95
2025-03,2025-03-10,DENMARK 1,Randers FC,Brondby,15.5,0.9448,0.0966,0.06,0.0909,1,0.95
2025-03,2025-03-10,FRANCE 2,Rodez,Dunkerque,13.0,0.9324,0.0747,0.04,0.1,1,0.95
2025-03,2025-03-10,ENGLAND 1,West Ham,Newcastle,17.0,0.9531,0.1559,0.01,0.0909,1,0.95
2025-03,2025-03-10,SPAIN 1,Espanyol,Girona,10.0,0.9489,0.4418,0.02,0.125,1,0.95
2025-03,2025-03-10,COLOMBIA 1,Dep. Cali,Chico,10.5,0.9166,0.0782,0.15,0.1176,0,-9.5
2025-03,2025-03-10,COLOMBIA 1,Deportes Tolima,Once Caldas,12.5,0.9264,0.0334,0.15,0.1,1,0.95
2025-03,2025-03-11,GERMANY 3,Unterhaching,Verl,16.5,0.9462,0.0658,0.05,0.0833,1,0.95
2025-03,2025-03-11,NETHERLANDS 2,FC Volendam,Telstar,23.0,0.9675,0.2049,0.02,0.0667,1,0.95
2025-03,2025-03-11,NETHERLANDS 2,Jong Ajax,FC Emmen,20.0,0.9617,0.1866,0.02,0.0769,1,0.95
2025-03,2025-03-11,NETHERLANDS 2,Roda,Helmond,18.5,0.9765,0.5169,0.02,0.0769,1,0.95
2025-03,2025-03-11,ENGLAND 2,Burnley,West Brom,8.8,0.9447,0.4665,0.07,0.1333,1,0.95
2025-03,2025-03-11,ENGLAND 2,Cardiff,Luton,10.5,0.9364,0.2857,0.07,0.1176,1,0.95
2025-03,2025-03-11,ENGLAND 2,Sunderland,Preston,12.0,0.9301,0.1145,0.07,0.1111,1,0.95
2025-03,2025-03-11,ENGLAND 3,Blackpool,Cambridge Utd,15.0,0.9394,0.0437,0.1,0.0909,1,0.95
2025-03,2025-03-11,ENGLAND 4,AFC Wimbledon,Cheltenham,10.5,0.9164,0.076,0.08,0.1333,1,0.95
2025-03,2025-03-12,GERMANY 3,Wehen,Munich 1860,12.5,0.9293,0.0693,0.06,0.1053,0,-11.5
2025-03,2025-03-12,EGYPT 1,Pharco,National Bank Egypt,8.4,0.9026,0.1369,0.09,0.1667,1,0.95
2025-03,2025-03-12,ENGLAND 2,Leeds,Millwall,15.5,0.9411,0.0403,0.06,0.1,1,0.95
2025-03,2025-03-12,ENGLAND 2,Portsmouth,Plymouth,12.0,0.9377,0.2057,0.06,0.1053,1,0.95
2025-03,2025-03-12,ENGLAND 2,Watford,Swansea,11.0,0.9337,0.2236,0.06,0.125,1,0.95
2025-03,2025-03-12,ITALY 3,Benevento,Crotone,12.0,0.9246,0.0493,0.1,0.1333,1,0.95
2025-03,2025-03-12,ENGLAND 2,Stoke,Blackburn,11.0,0.9378,0.2686,0.06,0.1333,1,0.95
2025-03,2025-03-14,POLAND 1,Radomiak Radom,Lechia Gdansk,17.0,0.9462,0.0389,0.06,0.0769,1,0.95
2025-03,2025-03-14,GERMANY 2,Schalke,Hannover,14.0,0.9447,0.1792,0.07,0.0769,1,0.95
2025-03,2025-03-14,FRANCE 2,Amiens,Caen,11.5,0.9372,0.231,0.05,0.125,1,0.95
2025-03,2025-03-14,FRANCE 2,Annecy,Rodez,13.0,0.9378,0.1442,0.05,0.1,1,0.95
2025-03,2025-03-14,NETHERLANDS 2,Telstar,Roda,19.0,0.9588,0.1685,0.02,0.0833,1,0.95
2025-03,2025-03-14,NETHERLANDS 1,Almere City,NAC Breda,12.0,0.9365,0.1911,0.05,0.0909,1,0.95
2025-03,2025-03-14,ITALY 2,Palermo,Cremonese,11.5,0.922,0.0571,0.07,0.1111,1,0.95
2025-03,2025-03-14,POLAND 1,Pogon Szczecin,Cracovia,15.5,0.9431,0.0706,0.06,0.0833,1,0.95
2025-03,2025-03-14,IRELAND 1,Shelbourne,Cork City,10.5,0.9279,0.1966,0.07,0.125,1,0.95
2025-03,2025-03-14,IRELAND 1,St. Patricks,Bohemians,13.0,0.9398,0.1702,0.07,0.1053,1,0.95
2025-03,2025-03-14,ITALY 1,Genoa,Lecce,7.8,0.897,0.1519,0.09,0.1538,1,0.95
2025-03,2025-03-14,SCOTLAND 2,Raith,Dunfermline,8.0,0.9086,0.2235,0.08,0.1667,1,0.95
2025-03,2025-03-14,ENGLAND 2,Bristol City,Norwich,13.5,0.9426,0.1781,0.06,0.1053,1,0.95
2025-03,2025-03-14,SPAIN 1,Las Palmas,Alaves,9.0,0.9365,0.3816,0.02,0.1429,1,0.95
2025-03,2025-03-14,MEXICO 1,Queretaro,Mazatlan FC,11.5,0.9456,0.3274,0.03,0.125,1,0.95
2025-03,2025-03-15,MEXICO 1,Puebla,Toluca,24.0,0.9659,0.1324,0.03,0.0769,1,0.95
2025-03,2025-03-15,JAPAN 3,Sagamihara,Nara Club,13.0,0.9364,0.1257,0.05,0.1538,1,0.95
2025-03,2025-03-15,ENGLAND 2,Millwall,Stoke,8.4,0.9278,0.3469,0.06,0.1667,1,0.95
2025-03,2025-03-15,ENGLAND 2,QPR,Leeds,15.0,0.949,0.1882,0.06,0.0909,1,0.95
2025-03,2025-03-15,FRANCE 2,Laval,Paris FC,10.0,0.9258,0.2113,0.05,0.125,1,0.95
2025-03,2025-03-15,SPAIN 1,Valladolid,Celta Vigo,13.5,0.9532,0.3208,0.02,0.0909,1,0.95
2025-03,2025-03-15,ITALY 1,Monza,Parma,11.0,0.9239,0.117,0.06,0.1,1,0.95
2025-03,2025-03-15,ITALY 1,Udinese,Verona,11.5,0.9447,0.3173,0.06,0.1333,1,0.95
2025-03,2025-03-15,GERMANY 1,Mainz,Freiburg,12.0,0.9281,0.0908,0.07,0.1,1,0.95
2025-03,2025-03-15,ENGLAND 2,Blackburn,Cardiff,11.0,0.9394,0.2862,0.06,0.1176,1,0.95
2025-03,2025-03-15,ENGLAND 2,Coventry,Sunderland,12.5,0.9416,0.2224,0.06,0.1053,1,0.95
2025-03,2025-03-15,ENGLAND 2,Luton,Middlesbrough,14.0,0.9364,0.0632,0.06,0.0909,0,-13.0
2025-03,2025-03-15,ENGLAND 2,Plymouth,Derby,9.8,0.9315,0.2818,0.06,0.1667,1,0.95
2025-03,2025-03-15,ENGLAND 2,Swansea,Burnley,8.6,0.9177,0.2461,0.06,0.1429,1,0.95
2025-03,2025-03-15,ENGLAND 2,West Brom,Hull,12.0,0.9431,0.2699,0.06,0.1176,1,0.95
2025-03,2025-03-15,ENGLAND 3,Blackpool,Leyton Orient,14.0,0.9409,0.126,0.1,0.0909,1,0.95
2025-03,2025-03-15,ENGLAND 3,Charlton,Wigan,10.5,0.9271,0.1877,0.1,0.1538,1,0.95
2025-03,2025-03-15,ENGLAND 3,Lincoln,Bristol Rovers,14.5,0.9418,0.1089,0.1,0.1053,1,0.95
2025-03,2025-03-15,ENGLAND 4,Carlisle,AFC Wimbledon,9.6,0.9447,0.4223,0.08,0.1538,1,0.95
2025-03,2025-03-15,ENGLAND 4,Port Vale,MK Dons,13.0,0.9324,0.0748,0.08,0.1176,1,0.95
2025-03,2025-03-15,ENGLAND 1,Everton,West Ham,10.0,0.949,0.443,0.01,0.1333,1,0.95
2025-03,2025-03-15,ENGLAND 1,Ipswich,Nottingham,16.0,0.9618,0.3406,0.01,0.0909,1,0.95
2025-03,2025-03-15,ENGLAND 1,Southampton,Wolves,14.5,0.9517,0.2516,0.01,0.1111,1,0.95
2025-03,2025-03-15,SCOTLAND 1,Kilmarnock,Hibernian,14.0,0.9475,0.2176,0.04,0.1053,1,0.95
2025-03,2025-03-15,SPAIN 1,Mallorca,Espanyol,9.0,0.9517,0.5175,0.02,0.1429,1,0.95
2025-03,2025-03-15,PORTUGAL 1,SC Farense,Braga,10.5,0.9127,0.0381,0.08,0.1053,1,0.95
2025-03,2025-03-15,NETHERLANDS 1,Sparta Rotterdam,Zwolle,16.5,0.9462,0.0658,0.05,0.0909,1,0.95
2025-03,2025-03-15,FRANCE 2,Lorient,Bastia,11.0,0.9418,0.3129,0.05,0.1333,1,0.95
2025-03,2025-03-15,SPAIN 1,Girona,Valencia,12.0,0.9475,0.3226,0.02,0.1,1,0.95
2025-03,2025-03-15,FRANCE 1,Lens,Rennes,13.0,0.9448,0.2347,0.04,0.1053,1,0.95
2025-03,2025-03-15,ARGENTINA 1,Estudiantes L.P.,Newells Old Boys,11.5,0.9209,0.0439,0.15,0.1176,1,0.95
2025-03,2025-03-15,MEXICO 1,Juarez,Guadalajara Chivas,15.0,0.9456,0.1371,0.03,0.125,1,0.95
2025-03,2025-03-16,WOM SPAIN 1,Real Sociedad W,Levante W,8.0,0.9107,0.2398,0.07,0.1053,1,0.95
2025-03,2025-03-16,ITALY 1,Venezia,Napoli,12.5,0.9328,0.1135,0.06,0.1111,0,-11.5
2025-03,2025-03-16,TURKEY 1,Goztepe,Eyupspor,14.5,0.9409,0.0957,0.07,0.0909,1,0.95
2025-03,2025-03-16,ENGLAND 1,Arsenal,Chelsea,14.0,0.9548,0.3196,0.01,0.1176,1,0.95
2025-03,2025-03-16,ENGLAND 1,Fulham,Tottenham,22.0,0.9657,0.198,0.01,0.0769,1,0.95
2025-03,2025-03-16,POLAND 1,Zaglebie,Korona Kielce,14.0,0.9432,0.1579,0.06,0.1053,1,0.95
2025-03,2025-03-16,ITALY 1,Bologna,Lazio,11.0,0.9411,0.3048,0.06,0.1333,1,0.95
2025-03,2025-03-16,CZECH 1,Plzen,Ostrava,24.0,0.9617,0.0324,0.08,0.0769,1,0.95
2025-03,2025-03-16,ITALY 1,AS Roma,Cagliari,14.0,0.9659,0.4738,0.06,0.0909,1,0.95
2025-03,2025-03-16,WOM SPAIN 1,Madrid C. W,Granada CF W,9.4,0.9207,0.2085,0.07,0.0909,1,0.95
2025-03,2025-03-16,SPAIN 1,Sevilla,Ath Bilbao,9.2,0.9462,0.4582,0.02,0.1429,1,0.95
2025-03,2025-03-16,SPAIN 2,Huesca,Levante,8.0,0.8993,0.1498,0.1,0.1667,1,0.95
2025-03,2025-03-16,SPAIN 2,Racing Santander,Tenerife,13.5,0.948,0.251,0.1,0.1053,1,0.95
2025-03,2025-03-16,PORTUGAL 1,Arouca,Estoril,12.5,0.9447,0.2621,0.06,0.1,1,0.95
2025-03,2025-03-16,PORTUGAL 1,Nacional,Casa Pia,10.0,0.9242,0.1961,0.06,0.1111,1,0.95
2025-03,2025-03-16,NETHERLANDS 2,Den Bosch,Jong Ajax,19.0,0.9657,0.3008,0.02,0.0769,1,0.95
2025-03,2025-03-16,AUSTRIA 1,A. Klagenfurt,Altach,9.6,0.9086,0.0773,0.09,0.125,1,0.95
2025-03,2025-03-16,AUSTRIA 1,BW Linz,Hartberg,10.5,0.9278,0.1952,0.09,0.1176,1,0.95
2025-03,2025-03-16,DENMARK 1,Midtjylland,Randers FC,15.5,0.9431,0.0706,0.06,0.0833,1,0.95
2025-03,2025-03-16,DENMARK 1,Sonderjyske,Aalborg,15.5,0.9483,0.1518,0.06,0.0667,1,0.95
2025-03,2025-03-16,DENMARK 1,Viborg,FC Copenhagen,14.5,0.9364,0.0303,0.06,0.1053,1,0.95
2025-03,2025-03-16,FRANCE 1,Brest,Reims,14.0,0.9411,0.1286,0.04,0.1053,0,-13.0
2025-03,2025-03-16,FRANCE 1,Strasbourg,Toulouse,12.0,0.9287,0.0977,0.04,0.1111,1,0.95
2025-03,2025-03-16,ITALY 2,Catanzaro,Cosenza,11.0,0.9401,0.2945,0.08,0.125,1,0.95
2025-03,2025-03-16,ENGLAND CUP,Liverpool,Newcastle,16.5,0.9612,0.3124,0.02,0.0769,1,0.95
2025-03,2025-03-16,POLAND 1,Rakow,Legia,12.0,0.9447,0.2897,0.06,0.1176,1,0.95
2025-03,2025-03-16,CROATIA 1,Rijeka,Hajduk Split,7.6,0.908,0.2556,0.13,0.1667,1,0.95
2025-03,2025-03-16,ITALY 1,Fiorentina,Juventus,9.6,0.9333,0.3127,0.06,0.1333,1,0.95
2025-03,2025-03-16,SERBIA 1,Cukaricki,Partizan,12.0,0.9428,0.2665,0.05,0.1111,1,0.95
2025-03,2025-03-16,SPAIN 2,Cadiz CF,Granada CF,9.4,0.9026,0.0395,0.1,0.1333,1,0.95
2025-03,2025-03-16,ARGENTINA 1,Independiente,Racing Club,8.6,0.9125,0.2023,0.16,0.1538,1,0.95
2025-03,2025-03-16,ENGLAND 1,Leicester,Manchester Utd,15.0,0.9593,0.3417,0.01,0.0909,1,0.95
2025-03,2025-03-16,ROMANIA 1,FCSB,FC Rapid Bucuresti,10.5,0.9125,0.0352,0.11,0.1333,1,0.95
2025-03,2025-03-16,ITALY 1,Atalanta,Inter,13.0,0.9502,0.3057,0.06,0.1053,1,0.95
2025-03,2025-03-16,PORTUGAL 1,Moreirense,Boavista,9.8,0.9299,0.2661,0.06,0.1538,1,0.95
2025-03,2025-03-16,PORTUGAL 1,Vitoria Guimaraes,Estrela,10.5,0.9337,0.2568,0.06,0.1333,1,0.95
2025-03,2025-03-16,MEXICO 1,UNAM Pumas,Monterrey,15.0,0.952,0.2319,0.03,0.1053,1,0.95
2025-03,2025-03-17,ITALY 3,Entella,Sestri Levante,12.0,0.9378,0.2064,0.09,0.1176,1,0.95
2025-03,2025-03-17,ARGENTINA 1,Tigre,Central Cordoba,8.6,0.8936,0.0405,0.16,0.1429,1,0.95
2025-03,2025-03-18,ENGLAND 3,Rotherham,Wycombe,11.0,0.9221,0.0971,0.1,0.1111,1,0.95
2025-03,2025-03-19,MEXICO 2,Tapatio,Atlante,15.0,0.9431,0.0991,0.03,0.1,1,0.95
2025-03,2025-03-20,WORLD UEFA NATIONS LEAGUE,Turkey,Hungary,12.5,0.9324,0.1085,0.1,0.0909,1,0.95
2025-03,2025-03-20,WORLD UEFA NATIONS LEAGUE,Denmark,Portugal,12.0,0.926,0.0659,0.1,0.1111,1,0.95
2025-03,2025-03-20,WORLD UEFA NATIONS LEAGUE,Netherlands,Spain,14.5,0.9372,0.0426,0.1,0.0909,1,0.95
2025-03,2025-03-20,WORLD UEFA NATIONS LEAGUE,Austria,Serbia,12.0,0.9462,0.3076,0.1,0.1053,1,0.95
2025-03,2025-03-20,WORLD UEFA NATIONS LEAGUE,Slovakia,Slovenia,9.4,0.9103,0.1111,0.1,0.1538,0,-8.4
2025-03,2025-03-21,WORLD WORLD CUP,Rwanda,Nigeria,8.6,0.9026,0.1174,0.07,0.1667,1,0.95
2025-03,2025-03-21,SPAIN 2,Burgos CF,Almeria,9.0,0.9132,0.1731,0.1,0.1538,1,0.95
2025-03,2025-03-21,SCOTLAND 2,Partick Thistle,Raith,8.2,0.9113,0.2271,0.07,0.1538,0,-7.2
2025-03,2025-03-21,WORLD WORLD CUP,Romania,Bosnia & Herzegovina,8.6,0.9394,0.4317,0.07,0.1,1,0.95
2025-03,2025-03-21,WORLD WORLD CUP,Uruguay,Argentina,7.8,0.9202,0.3316,0.07,0.1667,1,0.95
2025-03,2025-03-22,ENGLAND 3,Lincoln,Exeter,11.5,0.9411,0.2758,0.1,0.1111,0,-10.5
2025-03,2025-03-22,ENGLAND 3,Northampton,Blackpool,12.0,0.9258,0.0628,0.1,0.0909,1,0.95
2025-03,2025-03-22,ENGLAND 4,Cheltenham,MK Dons,14.0,0.9418,0.1385,0.11,0.0833,1,0.95
2025-03,2025-03-22,ENGLAND 4,Port Vale,Morecambe,13.0,0.9332,0.0848,0.11,0.0909,1,0.95
2025-03,2025-03-22,ENGLAND 5,Oldham,FC Halifax,12.5,0.9356,0.1487,0.06,0.125,1,0.95
2025-03,2025-03-22,WOM ITALY 1,AC Milan W,AS Roma W,9.2,0.9227,0.243,0.08,0.0769,1,0.95
2025-03,2025-03-22,SPAIN 2,Elche,Eldense,12.0,0.9311,0.1268,0.1,0.1176,1,0.95
2025-03,2025-03-22,PARAGUAY 1,Olimpia Asuncion,Nacional Asuncion,10.5,0.9259,0.176,0.11,0.125,1,0.95
2025-03,2025-03-22,USA 2,Oakland Roots,San Antonio,15.0,0.9426,0.092,0.05,0.1333,1,0.95
2025-03,2025-03-22,USA 1,Seattle Sounders,Houston Dynamo,12.5,0.9482,0.3046,0.12,0.1,0,-11.5
2025-03,2025-03-23,JAPAN 3,Azul Claro Numazu,Tegevajaro Miyazaki,13.5,0.9356,0.0843,0.05,0.1429,1,0.95
2025-03,2025-03-23,SPAIN 2,Gijon,Albacete,10.5,0.9145,0.0564,0.1,0.1111,1,0.95
2025-03,2025-03-23,WORLD UEFA NATIONS LEAGUE,Hungary,Turkey,15.0,0.9387,0.034,0.09,0.0769,1,0.95
2025-03,2025-03-23,WORLD UEFA NATIONS LEAGUE,Germany,Italy,14.5,0.9463,0.1739,0.09,0.1,1,0.95
2025-03,2025-03-23,WORLD UEFA NATIONS LEAGUE,Portugal,Denmark,17.0,0.949,0.0863,0.09,0.0769,1,0.95
2025-03,2025-03-24,ITALY 3,Benevento,Picerno,9.8,0.9183,0.1537,0.09,0.1429,0,-8.8
2025-03,2025-03-24,WORLD WORLD CUP,Tunisia,Malawi,13.0,0.9411,0.1867,0.06,0.125,1,0.95
2025-03,2025-03-25,WORLD WORLD CUP,South Korea,Jordan,13.5,0.9489,0.263,0.06,0.1,1,0.95
2025-03,2025-03-25,WORLD WORLD CUP,Nigeria,Zimbabwe,12.5,0.9489,0.3141,0.06,0.1,1,0.95
2025-03,2025-03-25,WORLD WORLD CUP,Iran,Uzbekistan,8.0,0.9316,0.4063,0.06,0.1667,1,0.95
2025-03,2025-03-25,WORLD WORLD CUP,Palestine,Iraq,8.2,0.9029,0.1583,0.06,0.1667,1,0.95
2025-03,2025-03-25,WORLD WORLD CUP,North Macedonia,Wales,9.4,0.9128,0.1344,0.06,0.1333,1,0.95
2025-03,2025-03-25,WORLD WORLD CUP,Bolivia,Uruguay,9.0,0.9328,0.3486,0.06,0.1429,0,-8.0
2025-03,2025-03-25,WORLD WORLD CUP,Senegal,Togo,14.0,0.9386,0.0939,0.06,0.1111,1,0.95
2025-03,2025-03-25,WORLD WORLD CUP,Venezuela,Peru,8.2,0.886,0.0207,0.06,0.1667,1,0.95
2025-03,2025-03-27,CHILE 1,Colo Colo,Palestino,15.5,0.9406,0.0326,0.04,0.0909,1,0.95
2025-03,2025-03-28,ISRAEL 2,Hap. Ramat Gan,H. Raanana,9.4,0.9463,0.4478,0.06,0.1053,1,0.95
2025-03,2025-03-28,BULGARIA 1,Botev Vratsa,Hebar,11.5,0.9231,0.0692,0.05,0.1333,1,0.95
2025-03,2025-03-28,BOSNIA 1,Siroki Brijeg,Velez Mostar,13.0,0.9364,0.1257,0.05,0.1538,1,0.95
2025-03,2025-03-28,AUSTRIA 1,Altach,LASK,15.0,0.9463,0.1471,0.09,0.1053,1,0.95
2025-03,2025-03-28,NETHERLANDS 2,Eindhoven FC,Helmond,21.0,0.9647,0.2111,0.03,0.0833,1,0.95
2025-03,2025-03-28,BOSNIA 1,Zeljeznicar,Posusje,13.0,0.9298,0.0406,0.05,0.1538,1,0.95
2025-03,2025-03-28,PARAGUAY 2,San Lorenzo,Pastoreo,6.8,0.9333,0.4995,0.13,0.1111,1,0.95
2025-03,2025-03-29,BULGARIA 1,CSKA 1948 Sofia,Krumovgrad,12.0,0.9489,0.3396,0.05,0.1176,1,0.95
2025-03,2025-03-29,ITALY 1,Juventus,Genoa,13.5,0.9447,0.2068,0.06,0.1333,1,0.95
2025-03,2025-03-30,CZECH 2,Sparta Prague B,Brno,12.5,0.9356,0.1487,0.09,0.0769,1,0.95
2025-03,2025-03-30,POLAND 1,Korona Kielce,Radomiak Radom,13.0,0.9324,0.0747,0.06,0.125,1,0.95
2025-03,2025-03-30,BULGARIA 1,Beroe,Arda,8.8,0.9296,0.3339,0.05,0.1667,1,0.95
2025-03,2025-03-30,ITALY 1,Cagliari,Monza,12.0,0.9432,0.2715,0.06,0.1053,1,0.95
2025-03,2025-03-30,DENMARK 1,Lyngby,Vejle,13.0,0.9309,0.055,0.06,0.1111,1,0.95
2025-03,2025-03-30,SPAIN 1,Getafe,Villarreal,9.6,0.9463,0.4371,0.03,0.1333,1,0.95
2025-03,2025-03-30,WOM ENGLAND 1,Liverpool W,Aston Villa W,17.0,0.9607,0.2843,0.03,0.0833,1,0.95
2025-03,2025-03-30,FRANCE 1,Toulouse,Brest,11.5,0.939,0.2521,0.04,0.1053,1,0.95
2025-03,2025-03-30,ITALY 1,Fiorentina,Atalanta,14.0,0.9425,0.1483,0.06,0.0909,1,0.95
2025-03,2025-03-30,ITALY 3,Rimini,Sestri Levante,10.5,0.9146,0.0574,0.07,0.1667,1,0.95
2025-03,2025-03-30,ITALY 3,Audace Cerignola,Monopoli,9.6,0.9224,0.2093,0.07,0.1667,1,0.95
2025-03,2025-03-30,ITALY 4,Crema,Varesina,9.6,0.9356,0.3353,0.08,0.0909,1,0.95
2025-03,2025-03-30,ITALY 4,Poggibonsi,Flaminia,9.4,0.92,0.2021,0.08,0.125,1,0.95
2025-03,2025-03-30,GERMANY 1,Freiburg,Union Berlin,11.5,0.9294,0.1412,0.07,0.1053,1,0.95
2025-03,2025-03-30,GREECE 1,Panserraikos,Lamia,9.4,0.9447,0.4334,0.06,0.1176,1,0.95
2025-03,2025-03-30,WOM ITALY 1,Inter W,Juventus W,15.5,0.9532,0.2272,0.08,0.0833,1,0.95
2025-03,2025-03-30,PORTUGAL 1,Santa Clara,Nacional,9.0,0.9282,0.3073,0.06,0.125,1,0.95
2025-03,2025-03-30,SWITZERLAND 1,Grasshoppers,Zurich,17.5,0.9484,0.0492,0.06,0.0909,1,0.95
2025-03,2025-03-30,NORWAY 1,KFUM Oslo,Sandefjord,13.5,0.9346,0.0698,0.06,0.125,1,0.95
2025-03,2025-03-30,FRANCE 1,Angers,Rennes,13.5,0.9447,0.2068,0.04,0.1176,1,0.95
2025-03,2025-03-30,FRANCE 1,Auxerre,Montpellier,17.5,0.9532,0.1337,0.04,0.0769,1,0.95
2025-03,2025-03-30,FRANCE 1,Le Havre,Nantes,11.5,0.93,0.149,0.04,0.125,1,0.95
2025-03,2025-03-30,ITALY 1,Inter,Udinese,15.5,0.9447,0.0963,0.06,0.1,1,0.95
2025-03,2025-03-30,CZECH 1,Sparta Prague,Plzen,12.5,0.9349,0.1399,0.09,0.1,1,0.95
2025-03,2025-03-30,SPAIN 1,Ath Bilbao,Osasuna,13.5,0.9588,0.3953,0.03,0.1053,0,-12.5
2025-03,2025-03-30,SPAIN 1,Valencia,Mallorca,8.4,0.9462,0.5011,0.03,0.1538,1,0.95
2025-03,2025-03-30,SPAIN 2,Albacete,Mirandes,9.0,0.9108,0.1513,0.1,0.125,1,0.95
2025-03,2025-03-30,SPAIN 2,Huesca,Gijon,7.8,0.9027,0.1963,0.1,0.1538,1,0.95
2025-03,2025-03-30,PORTUGAL 1,Estoril,FC Porto,15.0,0.9427,0.0929,0.06,0.1,1,0.95
2025-03,2025-03-30,SERBIA 1,Zeleznicar Pancevo,Cukaricki,10.5,0.9253,0.1694,0.08,0.1538,1,0.95
2025-03,2025-03-30,SPAIN 1,Betis,Sevilla,12.5,0.9425,0.2346,0.03,0.125,1,0.95
2025-03,2025-03-30,PORTUGAL 1,Moreirense,Vitoria Guimaraes,9.4,0.9333,0.326,0.06,0.1538,1,0.95
2025-03,2025-03-30,CHILE 1,Coquimbo,A. Italiano,11.0,0.9183,0.0549,0.04,0.1176,1,0.95
2025-03,2025-03-30,BOLIVIA 1,Blooming,The Strongest,24.0,0.9715,0.2684,0.03,0.0769,1,0.95
2025-03,2025-03-30,CHILE 1,Union La Calera,Cobresal,15.0,0.9433,0.1027,0.04,0.1053,1,0.95
2025-03,2025-03-30,COLOMBIA 1,America De Cali,Fortaleza,15.0,0.9427,0.0929,0.17,0.1,1,0.95
2025-03,2025-03-30,MEXICO 1,Club Leon,UNAM Pumas,16.5,0.9489,0.1097,0.03,0.0909,1,0.95
2025-03,2025-03-31,DENMARK 1,FC Copenhagen,Randers FC,16.0,0.9487,0.1314,0.06,0.0833,1,0.95
2025-03,2025-03-31,NORWAY 2,Aalesund,Lillestrom,16.5,0.959,0.2759,0.03,0.0769,1,0.95
2025-03,2025-03-31,NORWAY 2,Start,Sogndal,23.0,0.974,0.3524,0.03,0.0667,1,0.95
2025-03,2025-03-31,TURKEY 1,Eyupspor,Basaksehir,11.0,0.9269,0.1497,0.08,0.1176,1,0.95
2025-03,2025-03-31,IRELAND 2,UC Dublin,Bray,10.5,0.9307,0.2255,0.05,0.1538,1,0.95
2025-03,2025-03-31,SPAIN 1,Celta Vigo,Las Palmas,16.0,0.9756,0.561,0.03,0.0909,1,0.95
2025-03,2025-03-31,URUGUAY 1,CA Cerro,Wanderers,7.6,0.8809,0.0504,0.11,0.1667,1,0.95
2025-03,2025-03-31,CHILE 2,Copiapo,S. Wanderers,7.6,0.9253,0.386,0.09,0.1176,1,0.95
2025-04,2025-04-01,NORWAY 2,Raufoss,Moss,18.5,0.9706,0.407,0.03,0.0909,1,0.95
2025-04,2025-04-01,ENGLAND 5,Woking,Rochdale,14.0,0.9424,0.1463,0.03,0.1176,1,0.95
2025-04,2025-04-01,ENGLAND 1,Arsenal,Fulham,12.5,0.9549,0.3887,0.01,0.1111,1,0.95
2025-04,2025-04-01,ENGLAND 1,Wolves,West Ham,11.0,0.9522,0.4265,0.01,0.125,1,0.95
2025-04,2025-04-01,ENGLAND 1,Nottingham,Manchester Utd,14.0,0.9416,0.1356,0.01,0.1,1,0.95
2025-04,2025-04-01,PORTUGAL 1,Boavista,Gil Vicente,9.0,0.9092,0.1372,0.06,0.1429,1,0.95
2025-04,2025-04-02,BULGARIA 1,Botev Plovdiv,Beroe,13.0,0.9382,0.1492,0.06,0.1053,0,-12.0
2025-04,2025-04-02,TURKEY CUP,Fenerbahce,Galatasaray,19.0,0.9739,0.4561,0.03,0.0667,1,0.95
2025-04,2025-04-02,SWITZERLAND 1,Zurich,Lausanne,14.5,0.9409,0.0956,0.05,0.0833,1,0.95
2025-04,2025-04-02,ENGLAND 1,Liverpool,Everton,16.0,0.9747,0.546,0.01,0.0833,1,0.95
2025-04,2025-04-02,ITALY CUP,AC Milan,Inter,13.5,0.9366,0.0975,0.05,0.1,1,0.95
2025-04,2025-04-03,TURKEY CUP,Besiktas,Goztepe,14.5,0.9532,0.2733,0.03,0.0909,1,0.95
2025-04,2025-04-04,DENMARK 2,Hillerod,Hobro,13.5,0.9379,0.1154,0.06,0.1,1,0.95
2025-04,2025-04-04,DENMARK 1,Randers FC,Midtjylland,17.5,0.9523,0.1168,0.06,0.0667,1,0.95
2025-04,2025-04-04,FRANCE 2,AC Ajaccio,Amiens,8.4,0.9399,0.4485,0.03,0.1538,1,0.95
2025-04,2025-04-04,FRANCE 2,Annecy,Bastia,8.2,0.9316,0.3928,0.03,0.1429,1,0.95
2025-04,2025-04-04,FRANCE 2,Laval,Grenoble,10.5,0.9399,0.3224,0.03,0.125,1,0.95
2025-04,2025-04-04,NETHERLANDS 2,FC Emmen,Cambuur,14.0,0.9436,0.1634,0.04,0.0833,1,0.95
2025-04,2025-04-04,NETHERLANDS 1,Heerenveen,Willem II,17.0,0.9551,0.1888,0.04,0.0833,1,0.95
2025-04,2025-04-04,ITALY 2,Reggiana,Cremonese,9.2,0.9195,0.2132,0.06,0.1333,1,0.95
2025-04,2025-04-04,FRANCE 1,Nice,Nantes,17.5,0.9516,0.1046,0.04,0.0769,1,0.95
2025-04,2025-04-04,IRELAND 1,Drogheda,Waterford,8.8,0.8991,0.0674,0.07,0.125,1,0.95
2025-04,2025-04-04,IRELAND 1,Galway,Shamrock Rovers,7.8,0.8938,0.1269,0.07,0.1667,1,0.95
2025-04,2025-04-04,IRELAND 1,St. Patricks,Shelbourne,9.6,0.9271,0.2537,0.07,0.1333,0,-8.6
2025-04,2025-04-04,ITALY 1,Genoa,Udinese,8.0,0.8899,0.075,0.07,0.1667,1,0.95
2025-04,2025-04-04,ENGLAND 2,Blackburn,Middlesbrough,14.0,0.9367,0.0675,0.06,0.0909,1,0.95
2025-04,2025-04-04,SPAIN 1,Rayo Vallecano,Espanyol,9.4,0.9532,0.5121,0.03,0.1429,1,0.95
2025-04,2025-04-04,MEXICO 1,Queretaro,Club Leon,14.0,0.9497,0.2485,0.03,0.0909,1,0.95
2025-04,2025-04-05,MEXICO 1,Puebla,Tigres UANL,11.0,0.9193,0.0664,0.04,0.125,0,-10.0
2025-04,2025-04-05,DENMARK 2,Fredericia,Odense,14.0,0.9337,0.0255,0.06,0.1,1,0.95
2025-04,2025-04-05,ENGLAND 2,Coventry,Burnley,9.8,0.9272,0.2399,0.06,0.1111,1,0.95
2025-04,2025-04-05,ENGLAND 2,West Brom,Sunderland,11.0,0.9323,0.2084,0.06,0.1111,1,0.95
2025-04,2025-04-05,FRANCE 2,Caen,Metz,17.0,0.9532,0.1562,0.03,0.0833,1,0.95
2025-04,2025-04-05,SPAIN 1,Girona,Alaves,11.0,0.9424,0.3194,0.03,0.1176,1,0.95
2025-04,2025-04-05,ENGLAND 2,Bristol City,Watford,13.5,0.9375,0.11,0.06,0.1,1,0.95
2025-04,2025-04-05,ENGLAND 2,Millwall,Portsmouth,8.4,0.9052,0.1588,0.06,0.1538,1,0.95
2025-04,2025-04-05,ENGLAND 5,Altrincham,Yeovil,16.0,0.9635,0.3674,0.03,0.0909,1,0.95
2025-04,2025-04-05,ENGLAND 5,Gateshead,Dag & Red,21.0,0.9635,0.1848,0.03,0.0769,1,0.95
2025-04,2025-04-05,ENGLAND 1,Crystal Palace,Brighton,15.0,0.9505,0.2105,0.01,0.0833,1,0.95
2025-04,2025-04-05,ENGLAND 1,Ipswich,Wolves,12.5,0.9488,0.3124,0.01,0.1176,1,0.95
2025-04,2025-04-05,ENGLAND 1,West Ham,Bournemouth,15.5,0.9722,0.5209,0.01,0.0833,1,0.95
2025-04,2025-04-05,NORTHERN IRELAND 2,Armagh,Newington,18.5,0.9673,0.3461,0.06,0.0625,1,0.95
2025-04,2025-04-05,SCOTLAND 2,Raith,Ayr,8.6,0.8929,0.0346,0.07,0.1667,1,0.95
2025-04,2025-04-05,SCOTLAND 3,Montrose,Arbroath,14.0,0.9367,0.0674,0.07,0.0909,1,0.95
2025-04,2025-04-05,NETHERLANDS 2,Helmond,Telstar,22.0,0.9603,0.0778,0.04,0.0667,1,0.95
2025-04,2025-04-05,AUSTRIA 1,A. Klagenfurt,Altach,10.5,0.913,0.0405,0.09,0.1176,1,0.95
2025-04,2025-04-05,ITALY 2,Pisa,Modena,12.0,0.9368,0.1946,0.07,0.1111,1,0.95
2025-04,2025-04-05,SPAIN 1,Mallorca,Celta Vigo,8.8,0.9504,0.5164,0.03,0.125,1,0.95
2025-04,2025-04-05,AUSTRIA 2,Floridsdorfer AC,Admira,8.6,0.9536,0.5531,0.06,0.1538,1,0.95
2025-04,2025-04-05,PORTUGAL 1,Vitoria Guimaraes,Santa Clara,7.4,0.9339,0.4644,0.06,0.1667,1,0.95
2025-04,2025-04-05,BRAZIL 1,Corinthians,Vasco,12.0,0.9334,0.1543,0.09,0.0909,1,0.95
2025-04,2025-04-05,MEXICO 1,Atlas,Juarez,13.5,0.9355,0.0831,0.04,0.0909,1,0.95
2025-04,2025-04-05,ECUADOR 1,Ind. del Valle,Dep. Cuenca,15.5,0.9409,0.0365,0.07,0.1111,1,0.95
2025-04,2025-04-05,PERU 1,Alianza Lima,U. de Deportes,11.5,0.9348,0.2036,0.06,0.1429,1,0.95
2025-04,2025-04-05,MEXICO 1,Atl. San Luis,Mazatlan FC,18.5,0.9497,0.0229,0.04,0.0909,1,0.95
2025-04,2025-04-06,MEXICO 1,Cruz Azul,UNAM Pumas,13.0,0.9316,0.0642,0.04,0.1176,1,0.95
2025-04,2025-04-06,DENMARK 1,Silkeborg,Lyngby,19.0,0.9515,0.0302,0.06,0.0769,1,0.95
2025-04,2025-04-06,GREECE 2,Niki Volos,Ethnikos Neou,9.4,0.9315,0.3094,0.11,0.1,1,0.95
2025-04,2025-04-06,SPAIN 1,Las Palmas,Real Sociedad,9.6,0.9532,0.5028,0.03,0.1111,1,0.95
2025-04,2025-04-06,NETHERLANDS 1,Sparta Rotterdam,Nijmegen,14.5,0.9522,0.2592,0.05,0.0769,1,0.95
2025-04,2025-04-06,POLAND 1,Gornik Zabrze,Legia,18.5,0.9497,0.0229,0.06,0.0769,1,0.95
2025-04,2025-04-06,ITALY 2,Catanzaro,Bari,11.5,0.9315,0.1655,0.06,0.1176,1,0.95
2025-04,2025-04-06,GREECE 1,Volos,Panetolikos,9.4,0.9143,0.1486,0.07,0.1667,0,-8.4
2025-04,2025-04-06,SPAIN 1,Sevilla,Atl. Madrid,11.0,0.9399,0.2924,0.03,0.1333,1,0.95
2025-04,2025-04-06,SWEDEN 1,Mjallby,GAIS,11.5,0.9215,0.0508,0.08,0.1176,1,0.95
2025-04,2025-04-06,NORWAY 1,Haugesund,Stromsgodset,15.0,0.9427,0.0933,0.06,0.0833,1,0.95
2025-04,2025-04-06,FRANCE 1,Montpellier,Le Havre,14.5,0.9366,0.0341,0.03,0.0909,1,0.95
2025-04,2025-04-06,FRANCE 1,Rennes,Auxerre,15.0,0.9706,0.51,0.03,0.0769,1,0.95
2025-04,2025-04-06,TURKEY 2,Ankaragucu,Genclerbirligi,13.5,0.9366,0.0975,0.09,0.1,1,0.95
2025-04,2025-04-06,SPAIN 1,Valladolid,Getafe,7.8,0.9222,0.3474,0.03,0.1667,1,0.95
2025-04,2025-04-06,SPAIN 2,Malaga,Cordoba,10.5,0.926,0.1769,0.09,0.125,1,0.95
2025-04,2025-04-06,PORTUGAL 1,Nacional,Estrela,12.0,0.9356,0.1805,0.06,0.1176,1,0.95
2025-04,2025-04-06,FRANCE 1,Marseille,Toulouse,17.0,0.9472,0.0546,0.03,0.0667,1,0.95
2025-04,2025-04-06,ITALY 1,AS Roma,Juventus,10.5,0.9209,0.1233,0.08,0.1333,1,0.95
2025-04,2025-04-06,SPAIN 1,Villarreal,Ath Bilbao,14.5,0.9505,0.2352,0.03,0.0909,0,-13.5
2025-04,2025-04-06,PORTUGAL 1,FC Porto,Benfica,13.0,0.9335,0.0892,0.06,0.1053,1,0.95
2025-04,2025-04-06,PERU 1,Cajamarca,Sporting Cristal,15.0,0.9523,0.2361,0.06,0.0833,1,0.95
2025-04,2025-04-06,ECUADOR 1,Emelec,Manta,14.5,0.937,0.0394,0.07,0.1,1,0.95
2025-04,2025-04-07,ROMANIA 1,Farul Constanta,Unirea Slobozia,14.5,0.9431,0.1272,0.1,0.0909,1,0.95
2025-04,2025-04-07,GREECE 1,Atromitos,Asteras Tripolis,10.0,0.9152,0.1066,0.07,0.1538,1,0.95
2025-04,2025-04-07,DENMARK 1,Brondby,Aarhus,14.0,0.9443,0.1734,0.06,0.0909,1,0.95
2025-04,2025-04-07,SWEDEN 1,Malmo FF,Elfsborg,15.5,0.948,0.1466,0.08,0.0833,1,0.95
2025-04,2025-04-07,SPAIN 2,Elche,Racing Club Ferrol,11.5,0.948,0.3546,0.09,0.125,1,0.95
2025-04,2025-04-07,FRANCE 2,Dunkerque,Guingamp,13.0,0.9407,0.182,0.03,0.0909,1,0.95
2025-04,2025-04-07,ITALY 1,Bologna,Napoli,8.4,0.9026,0.1369,0.08,0.1538,1,0.95
2025-04,2025-04-07,ENGLAND 1,Leicester,Newcastle,18.0,0.96,0.2323,0.03,0.0769,1,0.95
2025-04,2025-04-07,PORTUGAL 1,Rio Ave,Boavista,13.0,0.9397,0.1693,0.06,0.0909,1,0.95
2025-04,2025-04-08,GERMANY 3,Mannheim,Unterhaching,18.5,0.965,0.3035,0.04,0.0667,1,0.95
2025-04,2025-04-08,ENGLAND 3,Mansfield,Leyton Orient,13.5,0.9324,0.0407,0.08,0.0909,1,0.95
2025-04,2025-04-09,ENGLAND 2,Swansea,Plymouth,13.5,0.9366,0.0975,0.07,0.1111,1,0.95
2025-04,2025-04-10,BRAZIL 2,Athletico-PR,Criciuma,12.0,0.9324,0.1421,0.05,0.1538,1,0.95
2025-04,2025-04-10,BRAZIL 2,Cuiaba,Avai,9.6,0.9319,0.2994,0.05,0.1667,1,0.95
2025-04,2025-04-11,AUSTRALIA 1,Melbourne City,Brisbane Roar,20.0,0.9549,0.0506,0.04,0.0667,1,0.95
2025-04,2025-04-11,FINLAND 1,KTP,VPS,18.0,0.9488,0.0307,0.03,0.0667,1,0.95
2025-04,2025-04-11,AUSTRIA 2,Stripfing,St. Polten,13.5,0.9342,0.0655,0.05,0.125,1,0.95
2025-04,2025-04-11,GERMANY 3,Wehen,Saarbrucken,12.5,0.9339,0.1275,0.04,0.1176,1,0.95
2025-04,2025-04-11,FRANCE 2,Amiens,Dunkerque,14.5,0.9399,0.0822,0.02,0.1176,1,0.95
2025-04,2025-04-11,ITALY 2,Bari,Palermo,12.5,0.9358,0.1503,0.06,0.1,1,0.95
2025-04,2025-04-11,ITALY 1,Udinese,AC Milan,15.5,0.9467,0.127,0.08,0.0909,1,0.95
2025-04,2025-04-11,SPAIN 1,Valencia,Sevilla,9.4,0.9184,0.187,0.04,0.1429,1,0.95
2025-04,2025-04-11,MEXICO 1,Necaxa,Pachuca,32.0,0.9863,0.5117,0.03,0.0667,1,0.95
2025-04,2025-04-12,SPAIN 1,Real Sociedad,Mallorca,8.6,0.9039,0.128,0.04,0.1538,1,0.95
2025-04,2025-04-12,ENGLAND 2,Millwall,Middlesbrough,11.5,0.9189,0.021,0.07,0.1176,1,0.95
2025-04,2025-04-12,ENGLAND 2,QPR,Bristol City,11.5,0.9232,0.0704,0.07,0.125,1,0.95
2025-04,2025-04-12,ENGLAND 2,Sunderland,Swansea,12.0,0.9309,0.1244,0.07,0.1111,1,0.95
2025-04,2025-04-12,ENGLAND 2,West Brom,Watford,11.5,0.9213,0.0491,0.07,0.1,1,0.95
2025-04,2025-04-12,ENGLAND 5,FC Halifax,Maidenhead,13.0,0.9379,0.1454,0.03,0.125,1,0.95
2025-04,2025-04-12,ENGLAND 5,Yeovil,Oldham,13.0,0.9352,0.1108,0.03,0.1429,1,0.95
2025-04,2025-04-12,ENGLAND 1,Nottingham,Everton,11.0,0.9399,0.2924,0.03,0.125,1,0.95
2025-04,2025-04-12,SPAIN 1,Getafe,Las Palmas,9.2,0.9118,0.1429,0.04,0.125,1,0.95
2025-04,2025-04-12,SPAIN 4,Bergantinos,Langreo,11.0,0.9324,0.2097,0.06,0.1053,1,0.95
2025-04,2025-04-12,SPAIN 4,Real Sociedad C,Zaragoza B,8.6,0.9356,0.3994,0.06,0.1176,1,0.95
2025-04,2025-04-12,SPAIN 1,Celta Vigo,Espanyol,14.5,0.9366,0.0341,0.04,0.1111,1,0.95
2025-04,2025-04-12,BRAZIL 1,Vasco,Sport Recife,11.0,0.9267,0.1474,0.1,0.125,1,0.95
2025-04,2025-04-13,JAPAN 1,Albirex Niigata,Yokohama FC,9.4,0.9038,0.0506,0.07,0.1667,0,-8.4
2025-04,2025-04-13,SPAIN 4,Cornella,Som Maresme,9.6,0.9351,0.3301,0.05,0.125,1,0.95
2025-04,2025-04-13,NETHERLANDS 1,Zwolle,Twente,16.5,0.9523,0.1645,0.04,0.0769,1,0.95
2025-04,2025-04-13,FRANCE 1,St Etienne,Brest,17.0,0.9689,0.4226,0.02,0.0667,1,0.95
2025-04,2025-04-13,ITALY 3,Virtus Verona,L.R. Vicenza,7.0,0.8819,0.1294,0.09,0.1538,1,0.95
2025-04,2025-04-13,WOM SPAIN 1,Athletic Bilbao W,Levante W,9.2,0.9184,0.203,0.09,0.125,1,0.95
2025-04,2025-04-13,CZECH 1,Hradec Kralove,Liberec,11.5,0.9213,0.0486,0.08,0.125,1,0.95
2025-04,2025-04-13,GERMANY 3,Viktoria Koln,Arminia Bielefeld,17.0,0.9525,0.1445,0.04,0.0833,1,0.95
2025-04,2025-04-13,SPAIN 1,Ath Bilbao,Rayo Vallecano,9.2,0.9265,0.2775,0.04,0.1429,1,0.95
2025-04,2025-04-13,VENEZUELA 2,Mineros,Angostura,8.6,0.8968,0.0676,0.08,0.1299,0,-7.6
2025-04,2025-04-14,POLAND 1,Lechia Gdansk,Stal Mielec,16.0,0.9471,0.1059,0.05,0.0833,1,0.95
2025-04,2025-04-14,SPAIN 2,Huesca,Malaga,8.0,0.8869,0.0506,0.08,0.1667,1,0.95
2025-04,2025-04-14,FRANCE 2,Bastia,Laval,15.5,0.9424,0.0605,0.03,0.1053,1,0.95
2025-04,2025-04-14,ENGLAND 2,Hull,Coventry,13.5,0.9366,0.0975,0.07,0.1053,1,0.95
2025-04,2025-04-14,ENGLAND 1,Bournemouth,Fulham,16.5,0.9451,0.0471,0.03,0.0909,1,0.95
2025-04,2025-04-14,ECUADOR 1,Orense,Barcelona SC,11.0,0.9176,0.0476,0.07,0.1176,1,0.95
2025-04,2025-04-15,BRAZIL 2,Cuiaba,Athletico-PR,9.6,0.9073,0.0646,0.05,0.1333,1,0.95
2025-04,2025-04-15,MEXICO 1,Pachuca,Tigres UANL,11.5,0.9346,0.2014,0.06,0.1176,0,-10.5
2025-04,2025-04-16,BRAZIL 1,Internacional,Palmeiras,8.8,0.9101,0.163,0.1,0.1538,1,0.95
2025-04,2025-04-16,BRAZIL 2,Avai,Operario-PR,8.8,0.8945,0.0269,0.05,0.1667,1,0.95
2025-04,2025-04-16,MEXICO 1,Queretaro,Atlas,12.0,0.9285,0.0953,0.05,0.1111,1,0.95
2025-04,2025-04-17,BRAZIL 2,Goias,Vila Nova FC,8.4,0.9311,0.3746,0.05,0.1538,1,0.95
2025-04,2025-04-17,BRAZIL 2,America MG,Amazonas,13.5,0.9357,0.0848,0.05,0.125,1,0.95
2025-04,2025-04-18,BULGARIA 1,Lok. Sofia,Botev Plovdiv,14.0,0.9335,0.0229,0.06,0.0833,1,0.95
2025-04,2025-04-18,BULGARIA 1,Cherno More,Beroe,10.0,0.9305,0.258,0.06,0.1538,1,0.95
2025-04,2025-04-18,ENGLAND 5,AFC Fylde,FC Halifax,14.5,0.9494,0.2189,0.02,0.1053,1,0.95
2025-04,2025-04-18,ENGLAND 5,Altrincham,Rochdale,18.0,0.9603,0.2368,0.02,0.1,1,0.95
2025-04,2025-04-18,ENGLAND 5,Dag & Red,Ebbsfleet,19.5,0.9863,0.6832,0.02,0.0667,1,0.95
2025-04,2025-04-18,ENGLAND 5,Maidenhead,Woking,14.5,0.9495,0.2203,0.02,0.1,1,0.95
2025-04,2025-04-18,ENGLAND 5,Oldham,Hartlepool,15.0,0.9549,0.276,0.02,0.1053,1,0.95
2025-04,2025-04-18,ROMANIA 1,Otelul,Unirea Slobozia,11.0,0.9235,0.1127,0.09,0.125,1,0.95
2025-04,2025-04-18,PORTUGAL 1,Rio Ave,Santa Clara,9.0,0.9125,0.167,0.04,0.125,1,0.95
2025-04,2025-04-18,ENGLAND 5,Barnet,Eastleigh,50.0,0.9948,0.6878,0.02,0.0667,1,0.95
2025-04,2025-04-18,FRANCE 2,Clermont,Troyes,10.0,0.9126,0.0802,0.03,0.1053,1,0.95
2025-04,2025-04-18,FRANCE 2,Laval,Rodez,14.5,0.9368,0.0369,0.03,0.0909,1,0.95
2025-04,2025-04-18,FRANCE 1,Rennes,Nantes,14.0,0.9409,0.1252,0.02,0.0909,1,0.95
2025-04,2025-04-18,IRELAND 1,Waterford,Sligo Rovers,13.5,0.9316,0.0305,0.07,0.0833,1,0.95
2025-04,2025-04-18,ARGENTINA 1,Talleres Cordoba,Velez Sarsfield,9.2,0.9014,0.0478,0.16,0.1429,1,0.95
2025-04,2025-04-19,SPAIN 1,Rayo Vallecano,Valencia,9.6,0.9078,0.0699,0.03,0.125,1,0.95
2025-04,2025-04-19,NORTHERN IRELAND 2,Newington,Newry City,15.5,0.9516,0.2015,0.05,0.0769,1,0.95
2025-04,2025-04-19,WOM BRAZIL 1,Gremio W,Sao Paulo W,11.5,0.9316,0.1668,0.06,0.1053,1,0.95
2025-04,2025-04-20,JAPAN 2,Tokushima,Mito,11.5,0.9315,0.1655,0.11,0.1429,1,0.95
2025-04,2025-04-20,FRANCE 1,Lille,Auxerre,16.0,0.9451,0.0746,0.03,0.0667,1,0.95
2025-04,2025-04-20,SPAIN 1,Villarreal,Real Sociedad,14.5,0.9579,0.3412,0.03,0.0769,1,0.95
2025-04,2025-04-20,FRANCE 1,Reims,Toulouse,13.0,0.946,0.2512,0.03,0.0833,1,0.95
2025-04,2025-04-20,SPAIN 1,Sevilla,Alaves,8.6,0.9182,0.2508,0.03,0.1667,1,0.95
2025-04,2025-04-20,ROMANIA 1,FCSB,CFR Cluj,9.2,0.9362,0.3664,0.09,0.1667,1,0.95
2025-04,2025-04-20,SPAIN 3,Algeciras,Sanluqueno,7.2,0.8783,0.0798,0.1,0.1538,1,0.95
2025-04,2025-04-20,BRAZIL 2,America MG,Goias,12.0,0.9352,0.1756,0.06,0.1333,1,0.95
2025-04,2025-04-20,ARGENTINA 1,Rosario Central,Instituto,6.6,0.8594,0.0288,0.15,0.1667,1,0.95
2025-04,2025-04-21,NORWAY 1,Valerenga,Rosenborg,23.0,0.96,0.0312,0.06,0.0667,1,0.95
2025-04,2025-04-21,AUSTRIA 2,Ried,A. Lustenau,21.0,0.9635,0.1848,0.05,0.0909,1,0.95
2025-04,2025-04-21,ENGLAND 2,Hull,Preston,11.0,0.9222,0.0986,0.05,0.1176,1,0.95
2025-04,2025-04-21,NORWAY 2,Ranheim,Sogndal,24.0,0.9739,0.3258,0.03,0.0667,1,0.95
2025-04,2025-04-21,NORWAY 2,Start,Hodd,17.0,0.9532,0.1562,0.03,0.1,1,0.95
2025-04,2025-04-21,DENMARK 1,FC Copenhagen,Aarhus,15.0,0.9387,0.0332,0.06,0.1111,1,0.95
2025-04,2025-04-21,IRELAND 2,Bray,UC Dublin,13.5,0.9315,0.0285,0.04,0.1429,1,0.95
2025-04,2025-04-21,IRELAND 1,Shelbourne,Galway,8.4,0.8973,0.0927,0.08,0.1538,1,0.95
2025-04,2025-04-21,SPAIN 2,Eibar,Malaga,9.2,0.8993,0.0285,0.08,0.1538,1,0.95
2025-04,2025-04-21,SPAIN 1,Girona,Betis,14.0,0.94,0.1127,0.03,0.0833,1,0.95
2025-04,2025-04-22,POLAND 1,Stal Mielec,Gornik Zabrze,15.0,0.9424,0.0882,0.04,0.0833,0,-14.0
2025-04,2025-04-22,SPAIN 1,Valencia,Espanyol,11.0,0.9182,0.0541,0.03,0.125,1,0.95
2025-04,2025-04-23,SWEDEN 1,Hammarby,Malmo FF,13.5,0.9322,0.038,0.07,0.0909,1,0.95
2025-04,2025-04-23,NETHERLANDS 1,Groningen,Heracles,11.5,0.9261,0.1033,0.03,0.125,1,0.95
2025-04,2025-04-23,ENGLAND 1,Arsenal,Crystal Palace,16.5,0.9468,0.0744,0.04,0.0833,1,0.95
2025-04,2025-04-23,SPAIN 1,Alaves,Real Sociedad,8.0,0.9182,0.2996,0.03,0.1538,1,0.95
2025-04,2025-04-24,SPAIN 1,Leganes,Girona,10.0,0.9367,0.3203,0.03,0.1176,1,0.95
2025-04,2025-04-24,SPAIN 1,Osasuna,Sevilla,9.8,0.9157,0.1285,0.03,0.1538,1,0.95
2025-04,2025-04-25,ITALY 2,Bari,Modena,12.5,0.9319,0.1018,0.06,0.125,1,0.95
2025-04,2025-04-25,BULGARIA 1,Lok. Sofia,Krumovgrad,10.5,0.9227,0.1423,0.06,0.1429,1,0.95
2025-04,2025-04-25,FRANCE 2,Annecy,AC Ajaccio,8.2,0.8949,0.0936,0.04,0.1333,1,0.95
2025-04,2025-04-25,IRELAND 2,Bray,Kerry,14.0,0.9399,0.1122,0.04,0.1333,1,0.95
2025-04,2025-04-25,IRELAND 2,Wexford,UC Dublin,15.0,0.942,0.0829,0.04,0.1333,1,0.95
2025-04,2025-04-25,IRELAND 1,Shamrock Rovers,Shelbourne,9.8,0.9232,0.201,0.08,0.1538,1,0.95
2025-04,2025-04-26,ENGLAND 2,Hull,Derby,8.2,0.8911,0.0628,0.07,0.1538,1,0.95
2025-04,2025-04-26,ENGLAND 2,Millwall,Swansea,9.6,0.9029,0.023,0.07,0.1333,1,0.95
2025-04,2025-04-26,ENGLAND 5,Forest Green,Oldham,12.0,0.9399,0.2323,0.04,0.1053,1,0.95
2025-04,2025-04-26,SLOVAKIA 2,Presov,Pohronie,13.5,0.962,0.4391,0.01,0.0667,1,0.95
2025-04,2025-04-26,GREECE 1,Atromitos,Aris,10.5,0.9305,0.2241,0.05,0.125,1,0.95
2025-04,2025-04-26,PORTUGAL 1,Gil Vicente,SC Farense,9.8,0.9213,0.1829,0.04,0.1538,1,0.95
2025-04,2025-04-26,BRAZIL 1,Botafogo RJ,Fluminense,9.2,0.9018,0.0513,0.09,0.1538,1,0.95
2025-04,2025-04-27,SPAIN 4,Zaragoza B,Teruel,8.8,0.9148,0.2048,0.09,0.1333,1,0.95
2025-04,2025-04-27,NETHERLANDS 1,Sittard,Willem II,13.0,0.9377,0.1437,0.03,0.0909,1,0.95
2025-04,2025-04-27,BELGIUM 1,Gent,Anderlecht,14.5,0.9394,0.0744,0.08,0.0833,1,0.95
2025-04,2025-04-27,BULGARIA 1,Botev Plovdiv,Beroe,13.0,0.9352,0.1108,0.06,0.1176,1,0.95
2025-04,2025-04-27,NETHERLANDS 1,Heerenveen,Nijmegen,17.0,0.9583,0.2437,0.03,0.0667,1,0.95
2025-04,2025-04-27,FINLAND 1,Gnistan,KuPS,16.5,0.948,0.0946,0.03,0.0909,1,0.95
2025-04,2025-04-27,SPAIN 2,Malaga,Castellon,13.5,0.9447,0.2059,0.07,0.0909,1,0.95
2025-04,2025-04-27,SPAIN 2,Tenerife,Eibar,8.2,0.9092,0.2099,0.07,0.1667,1,0.95
2025-04,2025-04-27,ITALY 3,Picerno,Foggia,11.5,0.9232,0.0704,0.09,0.1429,0,-10.5
2025-04,2025-04-27,COLOMBIA 2,Bogota,Boca Juniors,9.2,0.919,0.2091,0.06,0.1333,1,0.95
2025-04,2025-04-27,COLOMBIA 2,Quindio,Real Santander,14.0,0.9348,0.0406,0.06,0.1429,1,0.95
2025-04,2025-04-27,COLOMBIA 1,Bucaramanga,Millonarios,9.2,0.9065,0.0946,0.15,0.1667,1,0.95
2025-04,2025-04-28,BULGARIA 1,Septemvri Sofia,Lok. Plovdiv,12.5,0.9338,0.1264,0.06,0.125,1,0.95
2025-04,2025-04-28,GREECE 1,Levadiakos,Lamia,19.5,0.9532,0.0391,0.06,0.0909,0,-18.5
2025-04,2025-04-28,ARGENTINA 1,Estudiantes L.P.,Tigre,7.4,0.8781,0.0543,0.17,0.1667,0,-6.4
2025-04,2025-04-29,PORTUGAL 1,Casa Pia,Estoril,9.0,0.9106,0.1496,0.04,0.1333,1,0.95
2025-05,2025-05-01,CHINA 1,Dalian Yingbo,Yunnan Yukun,14.0,0.9461,0.1982,0.05,0.1,1,0.95
2025-05,2025-05-01,ITALY 2,Modena,Reggiana,10.5,0.9191,0.1049,0.06,0.1333,1,0.95
2025-05,2025-05-01,ITALY 2,Palermo,Sudtirol,11.5,0.9446,0.3154,0.06,0.0909,1,0.95
2025-05,2025-05-01,ITALY 2,Sampdoria,Cremonese,16.0,0.9467,0.0995,0.06,0.1,0,-15.0
2025-05,2025-05-01,ITALY 2,Spezia,Salernitana,15.0,0.9493,0.1922,0.06,0.1053,1,0.95
2025-05,2025-05-01,ENGLAND 1,Nottingham,Brentford,16.5,0.9526,0.1702,0.04,0.0769,1,0.95
2025-05,2025-05-02,FINLAND 1,KuPS,SJK,18.5,0.9567,0.1517,0.03,0.0667,1,0.95
2025-05,2025-05-02,FRANCE 2,Amiens,Pau FC,17.0,0.9526,0.1463,0.04,0.0667,1,0.95
2025-05,2025-05-02,FRANCE 2,Dunkerque,Laval,13.5,0.9474,0.2432,0.04,0.0909,0,-12.5
2025-05,2025-05-02,FRANCE 2,Guingamp,Bastia,11.5,0.954,0.4237,0.04,0.1,1,0.95
2025-05,2025-05-02,NETHERLANDS 2,Den Bosch,Helmond,19.0,0.9807,0.5842,0.04,0.0667,1,0.95
2025-05,2025-05-02,ARGENTINA 1,Argentinos Jrs,Estudiantes L.P.,7.6,0.8797,0.0418,0.16,0.1538,1,0.95
2025-05,2025-05-02,IRELAND 1,Sligo Rovers,Drogheda,11.5,0.9298,0.146,0.08,0.1176,1,0.95
2025-05,2025-05-02,ITALY 1,Torino,Venezia,9.2,0.9053,0.0835,0.1,0.125,1,0.95
2025-05,2025-05-02,SCOTLAND 2,Morton,Dunfermline,8.0,0.9138,0.2645,0.09,0.1333,1,0.95
2025-05,2025-05-02,SCOTLAND 2,Queen's Park,Raith,15.0,0.9446,0.1212,0.09,0.0769,1,0.95
2025-05,2025-05-02,SPAIN 1,Rayo Vallecano,Getafe,7.2,0.8969,0.2128,0.03,0.1667,1,0.95
2025-05,2025-05-02,PORTUGAL 1,FC Porto,Moreirense,17.0,0.9474,0.0587,0.04,0.0769,1,0.95
2025-05,2025-05-02,BRAZIL 1,Sao Paulo,Fortaleza,8.8,0.9078,0.1428,0.08,0.1667,0,-7.8
2025-05,2025-05-03,JAPAN 1,Albirex Niigata,FC Tokyo,12.0,0.954,0.4007,0.07,0.125,1,0.95
2025-05,2025-05-03,WOM ITALY 1,Inter W,Fiorentina W,16.0,0.9552,0.2351,0.08,0.0741,1,0.95
2025-05,2025-05-03,CZECH 1,Dukla Prague,FK Pardubice,15.0,0.9528,0.2445,0.08,0.0909,1,0.95
2025-05,2025-05-03,ENGLAND 2,Bristol City,Preston,14.0,0.9441,0.1705,0.07,0.1111,1,0.95
2025-05,2025-05-03,ENGLAND 2,Burnley,Millwall,13.0,0.9389,0.1591,0.07,0.0833,1,0.95
2025-05,2025-05-03,ENGLAND 2,Sunderland,QPR,15.5,0.9526,0.2175,0.07,0.0769,1,0.95
2025-05,2025-05-03,ENGLAND 2,Swansea,Oxford Utd,14.0,0.9491,0.24,0.07,0.0833,1,0.95
2025-05,2025-05-03,SPAIN 1,Alaves,Atl. Madrid,8.6,0.927,0.3257,0.04,0.1333,0,-7.6
2025-05,2025-05-03,ENGLAND 3,Northampton,Wigan,11.5,0.9525,0.4059,0.06,0.125,1,0.95
2025-05,2025-05-03,FINLAND 1,Inter Turku,HJK,19.5,0.9624,0.2183,0.03,0.0909,1,0.95
2025-05,2025-05-03,SPAIN 1,Villarreal,Osasuna,21.0,0.9582,0.0753,0.04,0.0667,1,0.95
2025-05,2025-05-03,SPAIN 4,Alaves B,Zaragoza B,8.6,0.9103,0.1835,0.1,0.1111,1,0.95
2025-05,2025-05-03,CHILE 1,Everton,Palestino,18.0,0.9531,0.1073,0.06,0.1,1,0.95
2025-05,2025-05-03,ENGLAND 1,Arsenal,Bournemouth,15.5,0.9654,0.4157,0.04,0.0667,1,0.95
2025-05,2025-05-03,SPAIN 1,Las Palmas,Valencia,13.0,0.9523,0.3326,0.04,0.1176,1,0.95
2025-05,2025-05-03,FRANCE 1,Toulouse,Rennes,14.0,0.9503,0.2569,0.05,0.0769,1,0.95
2025-05,2025-05-03,GREECE 1,Asteras Tripolis,Atromitos,10.5,0.9131,0.0417,0.06,0.125,1,0.95
2025-05,2025-05-03,ISRAEL 1,Maccabi Bnei Raina,Hapoel Hadera,14.0,0.9518,0.277,0.06,0.1176,1,0.95
2025-05,2025-05-03,NETHERLANDS 1,Groningen,Waalwijk,17.0,0.9468,0.0488,0.04,0.0833,1,0.95
2025-05,2025-05-03,PERU 1,Cajamarca,Deportivo Garcilaso,13.0,0.9343,0.0998,0.06,0.1053,1,0.95
2025-05,2025-05-03,BRAZIL 1,Corinthians,Internacional,9.4,0.9168,0.1723,0.09,0.1538,1,0.95
2025-05,2025-05-03,BRAZIL 1,Fluminense,Sport Recife,10.0,0.9207,0.1614,0.09,0.1429,1,0.95
2025-05,2025-05-03,PERU 1,Cusco,U. de Deportes,12.0,0.9416,0.2526,0.06,0.1333,1,0.95
2025-05,2025-05-03,ARGENTINA 1,Atl. Tucuman,Lanus,8.0,0.8844,0.0313,0.13,0.1538,1,0.95
2025-05,2025-05-03,BOLIVIA 1,Tomayapo,Aurora,14.5,0.9371,0.0406,0.06,0.1053,0,-13.5
2025-05,2025-05-04,WOM SPAIN 1,Atl. Madrid W,Athletic Bilbao W,8.6,0.9228,0.29,0.1,0.1111,1,0.95
2025-05,2025-05-04,NETHERLANDS 1,NAC Breda,Zwolle,15.0,0.9621,0.384,0.04,0.0833,1,0.95
2025-05,2025-05-04,POLAND 1,Piast Gliwice,Radomiak Radom,8.4,0.9548,0.5722,0.05,0.1333,0,-7.4
2025-05,2025-05-04,BULGARIA 1,Cherno More,Arda,9.8,0.9361,0.3268,0.06,0.1538,1,0.95
2025-05,2025-05-04,FRANCE 1,Nantes,Angers,11.5,0.9395,0.2578,0.05,0.1176,1,0.95
2025-05,2025-05-04,ITALY 2,Bari,Pisa,9.4,0.9369,0.3604,0.07,0.1538,1,0.95
2025-05,2025-05-04,ITALY 2,Carrarese,Modena,10.5,0.9345,0.2653,0.07,0.1333,1,0.95
2025-05,2025-05-04,ITALY 2,Frosinone,Cittadella,11.0,0.9389,0.2812,0.07,0.1176,1,0.95
2025-05,2025-05-04,ITALY 2,Reggiana,Spezia,8.8,0.9434,0.4547,0.07,0.1053,1,0.95
2025-05,2025-05-04,ITALY 4,Trestina,Orvietana,11.0,0.9183,0.0559,0.07,0.1111,0,-10.0
2025-05,2025-05-04,PORTUGAL 2,Mafra,Leixoes,13.0,0.9309,0.0551,0.08,0.125,1,0.95
2025-05,2025-05-04,ITALY 4,Vibonese,Paterno,10.0,0.9343,0.2968,0.07,0.1026,1,0.95
2025-05,2025-05-04,WOM BRAZIL 1,Ferroviaria W,Flamengo W,10.5,0.9395,0.3182,0.05,0.0909,1,0.95
2025-05,2025-05-04,WOM ENGLAND 1,West Ham W,Aston Villa W,23.0,0.9624,0.0866,0.02,0.0667,1,0.95
2025-05,2025-05-04,BULGARIA 1,Botev Plovdiv,Spartak Varna,14.0,0.9395,0.1066,0.06,0.1,1,0.95
2025-05,2025-05-04,NORWAY 1,Tromso,Sandefjord,23.0,0.9615,0.0664,0.08,0.0667,1,0.95
2025-05,2025-05-04,FRANCE 1,Auxerre,Le Havre,16.5,0.9447,0.0409,0.05,0.0769,1,0.95
2025-05,2025-05-04,GERMANY 1,Freiburg,Bayer Leverkusen,16.5,0.9476,0.0872,0.08,0.0667,1,0.95
2025-05,2025-05-04,PORTUGAL 1,Arouca,Casa Pia,12.5,0.9497,0.3235,0.04,0.1111,0,-11.5
2025-05,2025-05-04,ECUADOR 1,Delfin,Orense,10.5,0.9263,0.1796,0.08,0.1538,0,-9.5
2025-05,2025-05-04,FRANCE 1,Lille,Marseille,14.5,0.944,0.1407,0.05,0.0909,1,0.95
2025-05,2025-05-04,ITALY 1,Bologna,Juventus,8.6,0.9115,0.1934,0.08,0.1429,1,0.95
2025-05,2025-05-04,BRAZIL 1,Gremio,Santos,9.6,0.9029,0.0224,0.09,0.1429,1,0.95
2025-05,2025-05-04,BRAZIL 1,Vasco,Palmeiras,11.5,0.9261,0.1037,0.09,0.1333,1,0.95
2025-05,2025-05-04,BRAZIL 2,Atletico GO,Novorizontino,7.8,0.9042,0.2077,0.07,0.1667,1,0.95
2025-05,2025-05-04,BRAZIL 4,Goianesia,Aparecidense,6.0,0.8813,0.2438,0.12,0.1333,1,0.95
2025-05,2025-05-04,SPAIN 1,Real Sociedad,Ath Bilbao,8.6,0.9177,0.2464,0.04,0.1667,0,-7.6
2025-05,2025-05-04,ARGENTINA 1,Tigre,Boca Juniors,7.0,0.869,0.0393,0.12,0.1667,1,0.95
2025-05,2025-05-04,CHILE 1,Nublense,Union La Calera,11.5,0.9291,0.138,0.06,0.125,1,0.95
2025-05,2025-05-05,ENGLAND 5,Eastleigh,York City,17.0,0.9457,0.0292,0.05,0.0769,1,0.95
2025-05,2025-05-05,ROMANIA 1,UTA Arad,Petrolul,12.5,0.9291,0.0672,0.07,0.125,1,0.95
2025-05,2025-05-05,GREECE 1,Athens Kallithea,Panetolikos,9.2,0.9131,0.1547,0.07,0.1429,0,-8.2
2025-05,2025-05-05,IRELAND 1,Galway,Bohemians,9.4,0.928,0.2763,0.08,0.125,1,0.95
2025-05,2025-05-05,IRELAND 1,Shelbourne,Waterford,12.0,0.9405,0.2395,0.08,0.1,1,0.95
2025-05,2025-05-05,DENMARK 1,Sonderjyske,Aalborg,15.5,0.9461,0.1173,0.07,0.0833,1,0.95
2025-05,2025-05-05,SWEDEN 2,Brage,Ostersund,11.0,0.952,0.4247,0.03,0.1176,1,0.95
2025-05,2025-05-05,SWEDEN 2,Orebro,Trelleborg,17.0,0.9474,0.0593,0.03,0.0769,0,-16.0
2025-05,2025-05-05,SWEDEN 1,Elfsborg,GAIS,14.5,0.9474,0.19,0.04,0.0909,1,0.95
2025-05,2025-05-05,PORTUGAL 1,Rio Ave,Estrela,12.0,0.9468,0.3146,0.04,0.1111,1,0.95
2025-05,2025-05-05,IRELAND 1,Derry City,St. Patricks,10.5,0.9318,0.2373,0.08,0.1538,1,0.95
2025-05,2025-05-05,COLOMBIA 2,Boca Juniors,Atletico F.C.,10.0,0.9121,0.075,0.06,0.1667,1,0.95
2025-05,2025-05-05,SPAIN 1,Girona,Mallorca,11.5,0.9457,0.328,0.05,0.1176,1,0.95
2025-05,2025-05-05,BRAZIL 2,Goias,Avai,8.2,0.8904,0.0568,0.07,0.1667,1,0.95
2025-05,2025-05-05,BRAZIL 1,Juventude,Atletico-MG,10.0,0.9345,0.298,0.07,0.1333,1,0.95
2025-05,2025-05-05,ECUADOR 1,Aucas,Libertad,19.5,0.9552,0.0783,0.08,0.0769,1,0.95
2025-05,2025-05-06,SWEDEN 2,Vasteras SK,Kalmar,13.5,0.9493,0.2682,0.04,0.1,1,0.95
2025-05,2025-05-06,SCOTLAND 1,Partick Thistle,Ayr,13.0,0.9361,0.1223,0.05,0.1053,1,0.95
2025-05,2025-05-07,MEXICO 1,Monterrey,Toluca,13.0,0.936,0.1217,0.05,0.1,1,0.95
2025-05,2025-05-08,MEXICO 1,Pachuca,Club America,12.0,0.9283,0.0937,0.06,0.1176,0,-11.0
2025-05,2025-05-08,COLOMBIA 1,Millonarios,Pereira,10.5,0.9116,0.026,0.16,0.1333,0,-9.5
2025-05,2025-05-08,BRAZIL 2,Athletico-PR,Chapecoense-SC,10.5,0.923,0.1456,0.07,0.1333,1,0.95
2025-05,2025-05-08,MEXICO 1,Necaxa,Tigres UANL,12.5,0.9371,0.1664,0.06,0.125,0,-11.5
2025-05,2025-05-09,BULGARIA 1,CSKA Sofia,Botev Plovdiv,17.5,0.952,0.1128,0.06,0.0833,1,0.95
2025-05,2025-05-09,NETHERLANDS 1,Willem II,Heracles,13.5,0.9514,0.2965,0.04,0.0833,1,0.95
2025-05,2025-05-09,ROMANIA 1,Sepsi Sf. Gheorghe,FC Botosani,13.0,0.9415,0.1928,0.07,0.1176,1,0.95
2025-05,2025-05-09,ITALY 2,Modena,Brescia,10.5,0.9172,0.085,0.05,0.125,1,0.95
2025-05,2025-05-09,ITALY 2,Palermo,Frosinone,16.0,0.9484,0.1275,0.05,0.0909,1,0.95
2025-05,2025-05-09,ITALY 2,Pisa,Sudtirol,11.0,0.9378,0.2688,0.05,0.1333,1,0.95
2025-05,2025-05-09,ITALY 2,Sampdoria,Salernitana,12.0,0.9235,0.0362,0.05,0.125,1,0.95
2025-05,2025-05-09,ITALY 2,Spezia,Cremonese,16.0,0.9468,0.102,0.05,0.1,1,0.95
2025-05,2025-05-09,SPAIN 2,Cadiz CF,Almeria,16.5,0.9447,0.0409,0.06,0.0833,1,0.95
2025-05,2025-05-09,IRELAND 2,UC Dublin,Longford,13.0,0.9389,0.1591,0.04,0.1333,1,0.95
2025-05,2025-05-09,IRELAND 1,Cork City,Derry City,9.8,0.9337,0.3032,0.07,0.1538,1,0.95
2025-05,2025-05-09,IRELAND 1,Shamrock Rovers,Drogheda,13.0,0.9459,0.2489,0.07,0.125,1,0.95
2025-05,2025-05-09,IRELAND 1,Shelbourne,St. Patricks,9.4,0.9441,0.4275,0.07,0.1538,1,0.95
2025-05,2025-05-09,ITALY 1,AC Milan,Bologna,13.5,0.9416,0.165,0.08,0.0909,1,0.95
2025-05,2025-05-09,ENGLAND 2,Coventry,Sunderland,10.0,0.9501,0.4537,0.07,0.1176,1,0.95
2025-05,2025-05-09,SPAIN 1,Las Palmas,Rayo Vallecano,12.5,0.9336,0.1234,0.05,0.1176,1,0.95
2025-05,2025-05-09,PORTUGAL 2,Feirense,Mafra,11.5,0.923,0.0689,0.07,0.1053,1,0.95
2025-05,2025-05-09,ECUADOR 1,Orense,Dep. Cuenca,9.6,0.9154,0.1419,0.08,0.1333,1,0.95
2025-05,2025-05-10,FINLAND 1,KuPS,KTP,28.0,0.9763,0.2868,0.03,0.0667,1,0.95
2025-05,2025-05-10,SPAIN 1,Valencia,Getafe,8.0,0.9473,0.5309,0.05,0.1538,1,0.95
2025-05,2025-05-10,ITALY 1,Como,Cagliari,15.5,0.954,0.2398,0.07,0.0769,1,0.95
2025-05,2025-05-10,TURKEY 1,Konyaspor,Rizespor,17.0,0.9523,0.1416,0.04,0.0833,1,0.95
2025-05,2025-05-10,GERMANY 1,Union Berlin,Heidenheim,13.5,0.9508,0.2888,0.08,0.0769,1,0.95
2025-05,2025-05-10,ENGLAND 1,Fulham,Everton,11.5,0.927,0.114,0.05,0.1,1,0.95
2025-05,2025-05-10,FINLAND 1,Mariehamn,Inter Turku,20.0,0.9567,0.0868,0.03,0.0667,1,0.95
2025-05,2025-05-10,GREECE 1,Levadiakos,Athens Kallithea,10.5,0.9416,0.3401,0.08,0.125,1,0.95
2025-05,2025-05-10,SCOTLAND 1,Hearts,Motherwell,18.0,0.952,0.0889,0.05,0.0769,1,0.95
2025-05,2025-05-10,SCOTLAND 1,Kilmarnock,Dundee FC,16.0,0.9474,0.1109,0.05,0.0833,1,0.95
2025-05,2025-05-10,SCOTLAND 1,St Johnstone,Ross County,11.0,0.9318,0.2028,0.05,0.1053,1,0.95
2025-05,2025-05-10,SCOTLAND 1,Dundee Utd,St. Mirren,14.0,0.9508,0.2643,0.05,0.1053,1,0.95
2025-05,2025-05-10,SPAIN 1,Celta Vigo,Sevilla,14.0,0.9559,0.3354,0.05,0.1,1,0.95
2025-05,2025-05-10,PORTUGAL 1,Santa Clara,Famalicao,9.0,0.9237,0.2674,0.04,0.1333,1,0.95
2025-05,2025-05-10,AUSTRIA 1,Altach,Grazer AK,11.5,0.9194,0.0271,0.1,0.1176,1,0.95
2025-05,2025-05-10,FRANCE 2,Red Star,Dunkerque,16.5,0.9533,0.1822,0.04,0.1053,1,0.95
2025-05,2025-05-10,POLAND 1,Zaglebie,Widzew Lodz,15.0,0.9468,0.1551,0.05,0.1,1,0.95
2025-05,2025-05-10,SWEDEN 1,GAIS,Varnamo,15.5,0.9484,0.1526,0.04,0.1053,1,0.95
2025-05,2025-05-10,ITALY 1,Lazio,Juventus,11.0,0.9415,0.3097,0.07,0.1176,1,0.95
2025-05,2025-05-10,GREECE 1,Atromitos,OFI Crete,17.0,0.952,0.1368,0.08,0.0667,0,-16.0
2025-05,2025-05-10,SPAIN 1,Mallorca,Valladolid,17.0,0.9513,0.1252,0.05,0.0833,1,0.95
2025-05,2025-05-10,SPAIN 2,Elche,Levante,11.5,0.9415,0.2805,0.06,0.1,1,0.95
2025-05,2025-05-10,PERU 1,Ayacucho,Sporting Cristal,16.5,0.9468,0.0754,0.06,0.0833,1,0.95
2025-05,2025-05-10,ISRAEL 1,Sakhnin,Maccabi Bnei Raina,11.0,0.9202,0.0765,0.07,0.1429,1,0.95
2025-05,2025-05-10,POLAND 1,Rakow,Jagiellonia,16.0,0.9527,0.1963,0.05,0.0769,1,0.95
2025-05,2025-05-10,BRAZIL 1,Fortaleza,Juventude,13.5,0.9416,0.165,0.07,0.1,1,0.95
2025-05,2025-05-10,FRANCE 1,Auxerre,Nantes,13.5,0.9441,0.1984,0.05,0.1053,1,0.95
2025-05,2025-05-10,FRANCE 1,Brest,Lille,16.5,0.9654,0.3811,0.05,0.0667,1,0.95
2025-05,2025-05-10,FRANCE 1,Toulouse,Lens,16.0,0.9476,0.1135,0.05,0.0833,1,0.95
2025-05,2025-05-10,NETHERLANDS 1,Almere City,Sparta Rotterdam,22.0,0.9591,0.0523,0.04,0.0667,1,0.95
2025-05,2025-05-10,SPAIN 1,Atl. Madrid,Real Sociedad,11.0,0.9199,0.0731,0.05,0.1176,1,0.95
2025-05,2025-05-10,PORTUGAL 1,Casa Pia,Braga,14.5,0.9468,0.1817,0.04,0.0909,1,0.95
2025-05,2025-05-10,PERU 1,Grau,Alianza Lima,11.5,0.9256,0.0985,0.06,0.125,1,0.95
2025-05,2025-05-10,BRAZIL 1,Vitoria,Vasco,8.6,0.9237,0.2975,0.07,0.1176,1,0.95
2025-05,2025-05-10,USA 1,New York City,CF Montreal,17.5,0.9468,0.0222,0.09,0.0769,1,0.95
2025-05,2025-05-10,ARGENTINA 3,San Martin Mendoza,Sportivo Estudiantes,7.4,0.8984,0.2035,0.08,0.1667,1,0.95
2025-05,2025-05-10,BRAZIL 1,Flamengo RJ,Bahia,17.0,0.9461,0.0365,0.07,0.1053,1,0.95
2025-05,2025-05-10,ECUADOR 1,Libertad,Delfin,17.5,0.9479,0.0409,0.08,0.0909,1,0.95
2025-05,2025-05-10,USA 1,Houston Dynamo,Seattle Sounders,13.0,0.9291,0.0317,0.09,0.125,1,0.95
2025-05,2025-05-11,CHINA 1,Changchun Yatai,Henan Songshan Longmen,17.0,0.9654,0.3639,0.03,0.0667,1,0.95
2025-05,2025-05-11,SPAIN 1,Leganes,Espanyol,8.4,0.9457,0.4962,0.05,0.1176,1,0.95
2025-05,2025-05-11,DENMARK 1,Aarhus,Randers FC,14.0,0.9525,0.2871,0.06,0.1,1,0.95
2025-05,2025-05-11,NETHERLANDS 1,AZ Alkmaar,Groningen,15.5,0.958,0.3004,0.04,0.0909,1,0.95
2025-05,2025-05-11,AUSTRIA 1,Austria Vienna,SK Rapid,13.0,0.9298,0.0411,0.1,0.0909,1,0.95
2025-05,2025-05-11,NORWAY 1,KFUM Oslo,Tromso,9.6,0.9049,0.0418,0.09,0.1538,1,0.95
2025-05,2025-05-11,ITALY 1,Torino,Inter,12.5,0.9262,0.0311,0.07,0.1111,1,0.95
2025-05,2025-05-11,SPAIN 2,Albacete,Huesca,14.5,0.9361,0.0264,0.06,0.0769,1,0.95
2025-05,2025-05-11,SPAIN 2,Eldense,Malaga,13.5,0.9552,0.3472,0.06,0.1111,1,0.95
2025-05,2025-05-11,PORTUGAL 1,Moreirense,Estoril,11.5,0.9416,0.2818,0.04,0.1176,1,0.95
2025-05,2025-05-11,PORTUGAL 1,Vitoria Guimaraes,SC Farense,14.0,0.9457,0.192,0.04,0.1053,1,0.95
2025-05,2025-05-11,ENGLAND 3,Wycombe,Charlton,8.0,0.9388,0.4635,0.06,0.1667,0,-7.0
2025-05,2025-05-11,ROMANIA 1,U. Cluj,FCSB,9.8,0.9468,0.4316,0.06,0.125,1,0.95
2025-05,2025-05-11,ECUADOR 1,Tecnico U.,Ind. del Valle,10.5,0.9326,0.2461,0.08,0.1333,1,0.95
2025-05,2025-05-11,ARGENTINA 1,Independiente,Ind. Rivadavia,10.0,0.9272,0.2255,0.12,0.1429,1,0.95
2025-05,2025-05-11,ITALY 1,Napoli,Genoa,13.5,0.95,0.2779,0.07,0.0833,1,0.95
2025-05,2025-05-11,BRAZIL 1,Sport Recife,Cruzeiro,8.2,0.9183,0.2844,0.07,0.1538,1,0.95
2025-05,2025-05-11,SPAIN 1,Betis,Osasuna,15.5,0.9474,0.1381,0.05,0.0769,1,0.95
2025-05,2025-05-11,BRAZIL 1,Atletico-MG,Fluminense,9.6,0.9473,0.4466,0.07,0.1429,1,0.95
2025-05,2025-05-11,BRAZIL 1,Palmeiras,Sao Paulo,8.4,0.9299,0.3647,0.07,0.1538,1,0.95
2025-05,2025-05-11,PERU 1,Deportivo Garcilaso,Cusco,11.0,0.9371,0.2608,0.05,0.125,1,0.95
2025-05,2025-05-11,BRAZIL 1,Botafogo RJ,Internacional,9.8,0.9074,0.0468,0.07,0.1176,1,0.95
2025-05,2025-05-11,ECUADOR 1,Emelec,Aucas,12.0,0.9309,0.1242,0.08,0.1333,1,0.95
2025-05,2025-05-11,MEXICO 1,Cruz Azul,Club Leon,17.5,0.9489,0.0591,0.07,0.0833,1,0.95
2025-05,2025-05-12,FINLAND 1,SJK,VPS,24.0,0.972,0.2804,0.03,0.0667,1,0.95
2025-05,2025-05-12,ITALY 1,Venezia,Fiorentina,10.0,0.929,0.2433,0.07,0.1333,1,0.95
2025-05,2025-05-12,DENMARK 1,Vejle,Lyngby,12.0,0.9528,0.3861,0.06,0.0909,1,0.95
2025-05,2025-05-12,POLAND 1,Puszcza,Stal Mielec,16.5,0.9534,0.1841,0.05,0.0769,1,0.95
2025-05,2025-05-12,TURKEY 1,Kayserispor,Antalyaspor,14.0,0.952,0.2808,0.05,0.0833,1,0.95
2025-05,2025-05-12,SWEDEN 1,Goteborg,Djurgarden,13.5,0.9591,0.3999,0.04,0.0909,1,0.95
2025-05,2025-05-12,SPAIN 2,Granada CF,Eibar,11.0,0.935,0.2387,0.07,0.1538,1,0.95
2025-05,2025-05-12,ITALY 1,Atalanta,AS Roma,15.0,0.9459,0.1407,0.07,0.0769,1,0.95
2025-05,2025-05-12,BRAZIL 2,Amazonas,CRB,8.8,0.9068,0.1345,0.09,0.1538,1,0.95
2025-05,2025-05-13,SOUTH AFRICA 1,Orlando Pirates,Golden Arrows,14.5,0.9395,0.0764,0.1,0.1111,1,0.95
2025-05,2025-05-13,SPAIN 1,Real Sociedad,Celta Vigo,12.5,0.9526,0.3597,0.05,0.1,1,0.95
2025-05,2025-05-13,ITALY 2,Modena,Cesena,10.0,0.9318,0.271,0.07,0.1176,1,0.95
2025-05,2025-05-13,ITALY 2,Pisa,Cremonese,15.0,0.9468,0.1551,0.07,0.0909,1,0.95
2025-05,2025-05-13,ITALY 2,Sudtirol,Bari,13.5,0.9416,0.165,0.07,0.0909,0,-12.5
2025-05,2025-05-13,SWITZERLAND 1,Zurich,Winterthur,23.0,0.9624,0.0866,0.05,0.0667,1,0.95
2025-05,2025-05-13,SCOTLAND 1,Partick Thistle,Livingston,12.5,0.9279,0.0524,0.05,0.1053,1,0.95
2025-05,2025-05-13,ENGLAND 2,Sunderland,Coventry,14.0,0.9361,0.0584,0.07,0.0909,1,0.95
2025-05,2025-05-13,SPAIN 1,Sevilla,Las Palmas,13.5,0.952,0.3047,0.05,0.0909,1,0.95
2025-05,2025-05-14,GREECE 1,Levadiakos,Panetolikos,18.0,0.952,0.0889,0.07,0.125,1,0.95
2025-05,2025-05-14,SWEDEN 1,Hacken,AIK,13.5,0.9476,0.2446,0.04,0.0909,1,0.95
2025-05,2025-05-14,SWEDEN 1,Halmstad,GAIS,10.5,0.9478,0.4046,0.04,0.125,1,0.95
2025-05,2025-05-14,NETHERLANDS 1,Almere City,Sittard,15.5,0.9577,0.2961,0.04,0.0769,1,0.95
2025-05,2025-05-14,NETHERLANDS 1,Willem II,Zwolle,17.5,0.9527,0.1254,0.04,0.0833,1,0.95
2025-05,2025-05-14,FRANCE 1,Dunkerque,Guingamp,10.5,0.9468,0.3944,0.05,0.1111,1,0.95
2025-05,2025-05-14,SWITZERLAND 1,Grasshoppers,Yverdon,12.5,0.9288,0.063,0.04,0.1053,1,0.95
2025-05,2025-05-14,ENGLAND 5,Oldham,FC Halifax,9.6,0.9225,0.2104,0.05,0.1111,1,0.95
2025-05,2025-05-14,SCOTLAND 1,Dundee FC,Ross County,17.5,0.948,0.0422,0.05,0.0833,1,0.95
2025-05,2025-05-14,SCOTLAND 1,Hearts,St Johnstone,15.0,0.9525,0.2396,0.05,0.0909,1,0.95
2025-05,2025-05-14,SCOTLAND 1,Motherwell,Kilmarnock,12.0,0.9371,0.1979,0.05,0.1111,1,0.95
2025-05,2025-05-14,SCOTLAND 1,St. Mirren,Hibernian,14.0,0.9428,0.1526,0.05,0.0909,1,0.95
2025-05,2025-05-14,ITALY CUP,AC Milan,Bologna,11.5,0.9484,0.3596,0.05,0.1333,1,0.95
2025-05,2025-05-14,BRAZIL 2,America MG,Paysandu PA,11.5,0.9361,0.2182,0.09,0.1,1,0.95
2025-05,2025-05-14,USA 1,Los Angeles FC,Seattle Sounders,12.5,0.9264,0.0334,0.11,0.0909,1,0.95
2025-05,2025-05-15,MEXICO 1,Tigres UANL,Toluca,11.0,0.9318,0.2032,0.07,0.125,1,0.95
2025-05,2025-05-15,TURKEY 2,Bandirmaspor,Erzurumspor,10.5,0.9371,0.2927,0.05,0.1333,1,0.95
2025-05,2025-05-15,SPAIN 1,Osasuna,Atl. Madrid,12.5,0.9389,0.1896,0.05,0.1,1,0.95
2025-05,2025-05-15,SWEDEN 1,Djurgarden,Mjallby,14.5,0.948,0.1983,0.04,0.1,1,0.95
2025-05,2025-05-15,SWEDEN 1,Varnamo,Malmo FF,16.5,0.9489,0.1102,0.04,0.0833,1,0.95
2025-05,2025-05-15,ENGLAND 5,Rochdale,Southend,13.0,0.95,0.3029,0.05,0.1,1,0.95
2025-05,2025-05-15,ENGLAND 3,Charlton,Wycombe,7.6,0.9364,0.4696,0.07,0.1429,1,0.95
2025-05,2025-05-15,MEXICO 1,Cruz Azul,Club America,10.0,0.9441,0.394,0.07,0.1429,1,0.95
2025-05,2025-05-16,FINLAND 1,Gnistan,SJK,18.5,0.9565,0.1465,0.03,0.0667,1,0.95
2025-05,2025-05-16,ROMANIA 1,Otelul,Farul Constanta,14.0,0.9468,0.2083,0.08,0.0909,0,-13.0
2025-05,2025-05-16,FINLAND 1,Haka,KuPS,22.0,0.9775,0.4571,0.03,0.0769,1,0.95
2025-05,2025-05-16,PORTUGAL 1,Famalicao,Casa Pia,16.5,0.9447,0.0409,0.03,0.0909,1,0.95
2025-05,2025-05-16,PORTUGAL 1,Rio Ave,Gil Vicente,14.5,0.9745,0.5816,0.03,0.0833,1,0.95
2025-05,2025-05-16,IRELAND 1,Bohemians,Shelbourne,11.0,0.9261,0.1407,0.06,0.1333,1,0.95
2025-05,2025-05-16,IRELAND 1,Drogheda,Derry City,8.0,0.9371,0.4496,0.06,0.1667,1,0.95
2025-05,2025-05-16,IRELAND 1,St. Patricks,Cork City,17.5,0.9526,0.1226,0.06,0.0909,1,0.95
2025-05,2025-05-16,IRELAND 1,Waterford,Shamrock Rovers,14.0,0.9438,0.1657,0.06,0.1,1,0.95
2025-05,2025-05-17,AUSTRALIA 1,Melbourne Victory,Auckland FC,14.0,0.9407,0.1224,0.04,0.1,1,0.95
2025-05,2025-05-17,CHINA 1,Changchun Yatai,Tianjin Jinmen Tiger,18.0,0.9624,0.2747,0.03,0.0667,1,0.95
2025-05,2025-05-17,PORTUGAL 2,Academico Viseu,Pacos Ferreira,14.0,0.9447,0.1791,0.06,0.0909,1,0.95
2025-05,2025-05-17,GERMANY 1,Augsburg,Union Berlin,19.0,0.9582,0.1583,0.07,0.0769,1,0.95
2025-05,2025-05-17,FINLAND 1,AC Oulu,Mariehamn,14.5,0.9484,0.2042,0.03,0.1,1,0.95
2025-05,2025-05-17,FINLAND 1,Inter Turku,Ilves,18.5,0.9741,0.4717,0.03,0.0667,1,0.95
2025-05,2025-05-17,SPAIN 2,Eibar,Burgos CF,9.6,0.9468,0.4422,0.06,0.1429,1,0.95
2025-05,2025-05-17,ITALY 2,Catanzaro,Cesena,12.5,0.9446,0.26,0.08,0.1333,1,0.95
2025-05,2025-05-17,POLAND 1,Piast Gliwice,Gornik Zabrze,14.0,0.9569,0.3488,0.04,0.1053,1,0.95
2025-05,2025-05-17,SAUDI ARABIA 1,Al Ettifaq,Damac,18.5,0.9619,0.2463,0.05,0.0909,0,-17.5
2025-05,2025-05-17,FINLAND 1,VPS,Jaro,17.0,0.952,0.1368,0.03,0.0909,0,-16.0
2025-05,2025-05-17,SPAIN 2,FC Cartagena SAD,Tenerife,12.0,0.9416,0.2526,0.06,0.1,1,0.95
2025-05,2025-05-17,SPAIN 2,Huesca,Elche,11.5,0.9318,0.1691,0.06,0.1333,1,0.95
2025-05,2025-05-17,PORTUGAL 1,Arouca,Boavista,14.5,0.9651,0.4463,0.02,0.0769,1,0.95
2025-05,2025-05-17,PORTUGAL 1,Estoril,Estrela,14.5,0.9503,0.232,0.02,0.1,1,0.95
2025-05,2025-05-17,PORTUGAL 1,SC Farense,Santa Clara,11.0,0.9503,0.4061,0.02,0.125,1,0.95
2025-05,2025-05-17,SWITZERLAND 1,Sion,Grasshoppers,19.0,0.9741,0.4587,0.02,0.1111,1,0.95
2025-05,2025-05-17,BRAZIL 1,Ceara,Sport Recife,9.4,0.9196,0.1983,0.08,0.1333,1,0.95
2025-05,2025-05-17,FRANCE 1,Nantes,Montpellier,15.5,0.9474,0.1381,0.04,0.0833,1,0.95
2025-05,2025-05-17,SPAIN 2,Malaga,Gijon,10.5,0.926,0.1768,0.06,0.1333,1,0.95
2025-05,2025-05-17,PERU 1,Sporting Cristal,AD Tarma,30.0,0.9778,0.2859,0.05,0.0667,1,0.95
2025-05,2025-05-17,BRAZIL 1,Vasco,Fortaleza,8.8,0.9364,0.3933,0.08,0.1429,1,0.95
2025-05,2025-05-17,CHILE 1,O'Higgins,U. Catolica,14.5,0.9388,0.0659,0.06,0.1111,1,0.95
2025-05,2025-05-17,PERU 1,Cusco,Los Chankas,21.0,0.9621,0.156,0.05,0.0769,1,0.95
2025-05,2025-05-17,BRAZIL 1,Sao Paulo,Gremio,10.5,0.9389,0.3118,0.08,0.1333,1,0.95
2025-05,2025-05-17,ECUADOR 1,Macara,EL Nacional,11.0,0.9358,0.2467,0.07,0.1176,1,0.95
2025-05,2025-05-18,SWEDEN 1,AIK,Hammarby,8.8,0.9388,0.4145,0.04,0.1333,0,-7.8
2025-05,2025-05-18,NETHERLANDS 1,Zwolle,Groningen,21.0,0.9585,0.0811,0.05,0.0769,1,0.95
2025-05,2025-05-18,ENGLAND 1,West Ham,Nottingham,14.0,0.9529,0.2925,0.05,0.1,1,0.95
2025-05,2025-05-18,CROATIA 1,Slaven Belupo,Gorica,7.6,0.8837,0.0717,0.12,0.0833,1,0.95
2025-05,2025-05-18,DENMARK 1,Sonderjyske,Lyngby,16.0,0.9513,0.1726,0.06,0.0833,1,0.95
2025-05,2025-05-18,SCOTLAND 1,St Johnstone,Dundee FC,16.0,0.9491,0.1382,0.04,0.0769,1,0.95
2025-05,2025-05-18,SWEDEN 1,Oster,GAIS,15.0,0.9468,0.1551,0.04,0.1176,1,0.95
2025-05,2025-05-18,ENGLAND 1,Arsenal,Newcastle,17.0,0.9567,0.2166,0.05,0.0769,1,0.95
2025-05,2025-05-18,DENMARK 1,Randers FC,FC Copenhagen,14.5,0.9416,0.1067,0.06,0.0909,1,0.95
2025-05,2025-05-18,TURKEY 1,Bodrumspor,Trabzonspor,14.0,0.9527,0.2908,0.06,0.0909,1,0.95
2025-05,2025-05-18,TURKEY 1,Rizespor,Goztepe,15.5,0.9434,0.0754,0.06,0.0833,1,0.95
2025-05,2025-05-18,SPAIN 1,Celta Vigo,Rayo Vallecano,15.5,0.952,0.2081,0.05,0.1,1,0.95
2025-05,2025-05-18,SPAIN 1,Las Palmas,Leganes,13.5,0.9457,0.2193,0.05,0.0833,1,0.95
2025-05,2025-05-18,SPAIN 1,Osasuna,Espanyol,11.0,0.9424,0.3188,0.05,0.1111,1,0.95
2025-05,2025-05-18,SPAIN 1,Real Sociedad,Girona,12.5,0.9287,0.0627,0.05,0.0769,1,0.95
2025-05,2025-05-18,SPAIN 1,Valencia,Ath Bilbao,9.0,0.9473,0.4782,0.05,0.1429,1,0.95
2025-05,2025-05-18,SPAIN 1,Valladolid,Alaves,12.0,0.9413,0.2484,0.05,0.1176,1,0.95
2025-05,2025-05-18,ITALY 1,AS Roma,AC Milan,17.5,0.9468,0.0222,0.07,0.0769,1,0.95
2025-05,2025-05-18,ITALY 1,Cagliari,Venezia,10.0,0.9416,0.3693,0.07,0.125,1,0.95
2025-05,2025-05-18,ITALY 1,Fiorentina,Bologna,10.0,0.9377,0.3298,0.07,0.1333,1,0.95
2025-05,2025-05-18,ITALY 1,Inter,Lazio,18.0,0.9615,0.2589,0.07,0.0769,1,0.95
2025-05,2025-05-18,ITALY 1,Juventus,Udinese,16.0,0.9468,0.102,0.07,0.0833,1,0.95
2025-05,2025-05-18,BRAZIL 1,Juventude,Fluminense,9.8,0.9318,0.2851,0.1,0.125,1,0.95
2025-05,2025-05-18,BRAZIL 2,CRB,Criciuma,9.0,0.9131,0.172,0.08,0.1429,1,0.95
2025-05,2025-05-18,COLOMBIA 2,Patriotas,Atletico F.C.,8.0,0.9206,0.3184,0.1,0.0833,1,0.95
2025-05,2025-05-18,MEXICO 1,Club America,Cruz Azul,12.0,0.9468,0.3146,0.07,0.1053,1,0.95
2025-05,2025-05-19,ESTONIA 1,Tallinna Kalev,Narva,21.0,0.9627,0.1679,0.02,0.0833,1,0.95
2025-05,2025-05-19,SWEDEN 2,Landskrona,Helsingborg,14.0,0.936,0.0577,0.05,0.1,1,0.95
2025-05,2025-05-19,IRELAND 1,Shelbourne,Drogheda,10.5,0.928,0.1971,0.07,0.1333,0,-9.5
2025-05,2025-05-19,IRELAND 1,Shamrock Rovers,St. Patricks,11.5,0.9468,0.3412,0.07,0.1176,1,0.95
2025-05,2025-05-19,URUGUAY 1,Plaza Colonia,Danubio,8.0,0.8851,0.0367,0.08,0.1667,1,0.95
2025-05,2025-05-19,CHILE 1,Colo Colo,Nublense,14.5,0.9484,0.2042,0.06,0.1,1,0.95
2025-05,2025-05-19,PERU 1,Binacional,Cienciano,17.0,0.9477,0.064,0.05,0.0833,1,0.95
2025-05,2025-05-19,ECUADOR 1,LDU Quito,Libertad,19.0,0.9525,0.0495,0.07,0.0833,1,0.95
2025-05,2025-05-19,CHILE 1,La Serena,Deportes Iquique,11.0,0.9225,0.1019,0.06,0.1333,1,0.95
2025-05,2025-05-20,ENGLAND 5,York City,Oldham,17.5,0.9624,0.2935,0.05,0.0769,1,0.95
2025-05,2025-05-20,ARGENTINA 1,River Plate,Platense,8.8,0.8966,0.045,0.11,0.1538,1,0.95
2025-05,2025-05-21,SWEDEN 2,Falkenberg,Trelleborg,13.0,0.9479,0.2754,0.05,0.0909,1,0.95
2025-05,2025-05-21,SWEDEN 2,Vasteras SK,Ostersund,16.0,0.944,0.0567,0.05,0.0833,1,0.95
2025-05,2025-05-21,FRANCE 1,Metz,Reims,13.5,0.9525,0.3109,0.04,0.1176,1,0.95
2025-05,2025-05-21,ITALY 2,Catanzaro,Spezia,11.0,0.9314,0.1987,0.08,0.125,1,0.95
2025-05,2025-05-21,ITALY 2,Juve Stabia,Cremonese,10.5,0.9309,0.2278,0.08,0.125,1,0.95
2025-05,2025-05-21,ENGLAND 5,Forest Green,Southend,14.5,0.9377,0.0504,0.05,0.0909,1,0.95
2025-05,2025-05-22,GREECE 1,Levadiakos,Volos,19.0,0.9616,0.2217,0.06,0.0667,1,0.95
2025-05,2025-05-22,SWEDEN 1,Malmo FF,AIK,12.0,0.9513,0.3675,0.04,0.1111,0,-11.0
2025-05,2025-05-22,SWEDEN 2,Sundsvall,Brage,10.5,0.9221,0.1362,0.05,0.1333,1,0.95
2025-05,2025-05-22,SWITZERLAND 1,Winterthur,Sion,19.5,0.9778,0.5187,0.02,0.0769,1,0.95
2025-05,2025-05-22,PERU 1,U. de Deportes,Sporting Cristal,15.5,0.9416,0.0483,0.05,0.1053,1,0.95
2025-05,2025-05-23,ROMANIA 1,CFR Cluj,FCSB,11.0,0.9413,0.307,0.09,0.0667,1,0.95
2025-05,2025-05-23,IRELAND 1,Derry City,Shamrock Rovers,8.2,0.9264,0.3505,0.06,0.1538,1,0.95
2025-05,2025-05-23,IRELAND 1,Drogheda,Bohemians,12.0,0.9318,0.135,0.06,0.1111,1,0.95
2025-05,2025-05-23,IRELAND 1,St. Patricks,Waterford,19.0,0.9624,0.2371,0.06,0.0667,1,0.95
2025-05,2025-05-24,SWEDEN 1,Varnamo,Oster,14.0,0.9459,0.1948,0.05,0.1176,1,0.95
2025-05,2025-05-24,NORWAY 1,Bryne,Fredrikstad,9.4,0.9208,0.2091,0.06,0.1429,1,0.95
2025-05,2025-05-24,SERBIA 1,Radnicki Nis,Jedinstvo U.,16.5,0.9474,0.0847,0.06,0.1,1,0.95
2025-05,2025-05-24,SWEDEN 1,GAIS,Sirius,14.5,0.9588,0.3549,0.05,0.0833,1,0.95
2025-05,2025-05-24,FINLAND 1,Mariehamn,HJK,19.5,0.9624,0.2183,0.05,0.0667,1,0.95
2025-05,2025-05-24,ITALY 1,Bologna,Genoa,16.5,0.9555,0.2183,0.07,0.1,1,0.95
2025-05,2025-05-24,PERU 1,Comerciantes Unidos,Cusco,15.0,0.9379,0.021,0.05,0.0909,1,0.95
2025-05,2025-05-24,SPAIN 1,Alaves,Osasuna,10.0,0.9414,0.3668,0.05,0.125,1,0.95
2025-05,2025-05-24,SPAIN 1,Rayo Vallecano,Mallorca,13.5,0.9525,0.3109,0.05,0.1053,0,-12.5
2025-05,2025-05-24,BRAZIL 2,Avai,Chapecoense-SC,11.5,0.9283,0.1295,0.08,0.125,1,0.95
2025-05,2025-05-24,CHILE 1,Coquimbo,Palestino,14.0,0.9371,0.0721,0.06,0.1176,0,-13.0
2025-05,2025-05-24,ECUADOR 1,Orense,Aucas,13.0,0.9345,0.1015,0.07,0.125,1,0.95
2025-05,2025-05-25,ENGLAND 3,Charlton,Leyton Orient,9.8,0.9312,0.2792,0.07,0.1333,1,0.95
2025-05,2025-05-25,NORWAY 1,HamKam,Molde,17.5,0.9474,0.033,0.06,0.0769,1,0.95
2025-05,2025-05-25,SWEDEN 2,Varberg,Kalmar,13.5,0.9361,0.0904,0.05,0.1,0,-12.5
2025-05,2025-05-25,SWEDEN 1,Brommapojkarna,AIK,13.5,0.9519,0.3025,0.05,0.0909,1,0.95
2025-05,2025-05-25,ITALY 2,Cremonese,Juve Stabia,15.0,0.952,0.2328,0.08,0.0909,1,0.95
2025-05,2025-05-25,TURKEY 1,Trabzonspor,Samsunspor,16.0,0.9537,0.212,0.04,0.0769,1,0.95
2025-05,2025-05-25,SPAIN 2,Burgos CF,Levante,9.8,0.928,0.2475,0.07,0.1333,1,0.95
2025-05,2025-05-25,ITALY 2,Spezia,Catanzaro,15.0,0.9524,0.2383,0.08,0.0909,1,0.95
2025-05,2025-05-25,BULGARIA 1,Lok. Plovdiv,CSKA 1948 Sofia,16.0,0.9474,0.1118,0.06,0.0769,1,0.95
2025-05,2025-05-25,ITALY 1,Torino,AS Roma,19.5,0.9523,0.0223,0.07,0.0667,1,0.95
2025-05,2025-05-25,BRAZIL 2,Novorizontino,Paysandu PA,10.5,0.9272,0.1891,0.08,0.1429,1,0.95
2025-05,2025-05-25,PERU 2,Comerciantes,Santos,8.8,0.9263,0.3054,0.05,0.1176,1,0.95
2025-05,2025-05-25,PERU 2,Pirata,San Marcos,8.8,0.927,0.3114,0.05,0.1429,1,0.95
2025-05,2025-05-25,COLOMBIA 1,Atl. Nacional,Junior,11.5,0.9194,0.0271,0.11,0.0909,1,0.95
2025-05,2025-05-25,COLOMBIA 1,Bucaramanga,Dep. Pasto,7.6,0.9074,0.2506,0.11,0.1538,1,0.95
2025-05,2025-05-25,BRAZIL 1,Fortaleza,Cruzeiro,8.8,0.9162,0.2172,0.11,0.1429,1,0.95
2025-05,2025-05-25,MEXICO 1,Toluca,Club America,12.0,0.9225,0.0245,0.08,0.1176,1,0.95
2025-05,2025-05-26,AUSTRIA 1,LASK,Hartberg,14.5,0.9412,0.1,0.12,0.0833,1,0.95
2025-05,2025-05-26,SWEDEN 2,Brage,Utsikten,15.0,0.9447,0.1238,0.06,0.0833,1,0.95
2025-05,2025-05-26,SAUDI ARABIA 1,Al Ettifaq,Al Wehda,17.5,0.9585,0.2251,0.03,0.0769,1,0.95
2025-05,2025-05-26,BOLIVIA 1,Independiente,Aurora,23.0,0.9654,0.1564,0.08,0.0667,1,0.95
2025-05,2025-05-27,GERMANY 2,Braunschweig,Saarbrucken,17.5,0.9591,0.2363,0.04,0.0667,1,0.95
2025-05,2025-05-27,BRAZIL 2,America MG,Atletico GO,11.0,0.9361,0.2501,0.08,0.125,1,0.95
2025-05,2025-05-28,NORWAY 1,Fredrikstad,Rosenborg,12.5,0.9336,0.1234,0.06,0.1053,1,0.95
2025-05,2025-05-28,USA 1,Toronto FC,Philadelphia Union,15.5,0.9447,0.0962,0.07,0.0833,1,0.95
2025-05,2025-05-28,USA 1,Austin FC,Real Salt Lake,16.0,0.9484,0.1275,0.07,0.0909,1,0.95
2025-05,2025-05-28,USA 1,Vancouver Whitecaps,Minnesota United,15.5,0.9476,0.1397,0.07,0.0909,0,-14.5
2025-05,2025-05-29,ICELAND 1,Fram,KA Akureyri,27.0,0.9748,0.2705,0.03,0.0667,1,0.95
2025-05,2025-05-29,FRANCE 1,Reims,Metz,11.5,0.9388,0.2494,0.04,0.1111,1,0.95
2025-05,2025-05-29,ITALY 2,Cremonese,Spezia,10.5,0.9416,0.3401,0.08,0.1176,0,-9.5
2025-05,2025-05-30,NORWAY 2,Skeid,Hodd,13.5,0.9447,0.2067,0.04,0.0909,1,0.95
2025-05,2025-05-30,IRELAND 1,Bohemians,Derry City,9.2,0.929,0.3007,0.06,0.1429,1,0.95
2025-05,2025-05-30,IRELAND 1,Cork City,Shelbourne,10.5,0.9309,0.2278,0.06,0.1176,1,0.95
2025-05,2025-05-30,IRELAND 1,Sligo Rovers,St. Patricks,16.5,0.952,0.1608,0.06,0.0769,1,0.95
2025-05,2025-05-30,IRELAND 1,Waterford,Drogheda,12.0,0.926,0.0658,0.06,0.1,1,0.95
2025-05,2025-05-30,ECUADOR 1,Macara,Manta,16.5,0.9468,0.0754,0.07,0.1053,1,0.95
2025-05,2025-05-31,JAPAN 1,Kyoto,FC Tokyo,12.0,0.9364,0.1897,0.06,0.1176,1,0.95
2025-05,2025-05-31,SWEDEN 1,Degerfors,Oster,13.5,0.9411,0.1577,0.05,0.0909,1,0.95
2025-05,2025-05-31,SWEDEN 1,Norrkoping,GAIS,16.0,0.9526,0.1938,0.05,0.0667,1,0.95
2025-05,2025-05-31,SWEDEN 2,Orgryte,Trelleborg,19.0,0.9565,0.1247,0.06,0.0769,1,0.95
2025-05,2025-05-31,FINLAND 1,Haka,VPS,15.0,0.9484,0.1784,0.05,0.0769,1,0.95
2025-05,2025-05-31,SPAIN 2,Racing Club Ferrol,Gijon,10.5,0.9424,0.3477,0.07,0.1,1,0.95
2025-05,2025-05-31,BULGARIA 1,Arda,CSKA Sofia,11.5,0.924,0.0794,0.06,0.1176,1,0.95
2025-05,2025-05-31,CHILE 1,Huachipato,Nublense,16.5,0.9484,0.1009,0.06,0.0909,1,0.95
2025-05,2025-05-31,CHILE 1,La Serena,Coquimbo,10.5,0.9341,0.2617,0.06,0.1538,1,0.95
2025-05,2025-05-31,SPAIN 2,Malaga,Burgos CF,11.0,0.9289,0.1713,0.07,0.1176,1,0.95
2025-05,2025-05-31,NORWAY 1,Tromso,Valerenga,17.0,0.9599,0.2711,0.06,0.0833,1,0.95
2025-05,2025-05-31,BRAZIL 2,Coritiba,Avai,8.2,0.9011,0.1438,0.08,0.1667,1,0.95
2025-05,2025-05-31,CHILE 1,U. De Chile,O'Higgins,17.0,0.9591,0.2568,0.06,0.0833,1,0.95
2025-05,2025-05-31,ECUADOR 1,Delfin,Ind. del Valle,14.5,0.9413,0.1015,0.07,0.125,1,0.95
2025-05,2025-05-31,BRAZIL 1,Vasco,Bragantino,8.8,0.9164,0.2186,0.11,0.125,1,0.95
2025-05,2025-05-31,CHILE 1,Everton,A. Italiano,17.0,0.9525,0.1446,0.06,0.1053,1,0.95
2025-06,2025-06-01,SWEDEN 1,Halmstad,Djurgarden,12.0,0.9695,0.5855,0.04,0.1111,1,0.95
2025-06,2025-06-01,SWEDEN 1,Sirius,AIK,12.5,0.9457,0.2736,0.04,0.125,1,0.95
2025-06,2025-06-01,AUSTRIA 1,SK Rapid,LASK,17.5,0.9505,0.0865,0.12,0.0667,1,0.95
2025-06,2025-06-01,NORWAY 1,Rosenborg,KFUM Oslo,14.5,0.9511,0.2434,0.06,0.0909,1,0.95
2025-06,2025-06-01,DENMARK 1,Randers FC,Silkeborg,14.5,0.9359,0.0243,0.05,0.0909,1,0.95
2025-06,2025-06-01,SPAIN 2,Racing Santander,Granada CF,15.0,0.9443,0.1167,0.06,0.0769,1,0.95
2025-06,2025-06-01,ICELAND 1,Akranes,Vestmannaeyjar,30.0,0.9718,0.1063,0.03,0.0667,1,0.95
2025-06,2025-06-01,ARGENTINA 3,Huracan Las Heras,Biblioteca Atenas,5.1,0.8585,0.2352,0.11,0.1667,1,0.95
2025-06,2025-06-01,PARAGUAY 1,2 de Mayo,Libertad Asuncion,9.8,0.9126,0.0975,0.13,0.1333,1,0.95
2025-06,2025-06-01,ICELAND 1,Breidablik,Vikingur Reykjavik,36.0,0.9948,0.7628,0.03,0.0667,1,0.95
2025-06,2025-06-01,ECUADOR 1,Dep. Cuenca,U. Catolica,13.5,0.9424,0.1755,0.06,0.1176,1,0.95
2025-06,2025-06-01,BRAZIL 2,CRB,Remo,8.4,0.9091,0.1908,0.08,0.1538,1,0.95
2025-06,2025-06-01,COLOMBIA 1,Santa Fe,Millonarios,12.5,0.9375,0.1722,0.11,0.1429,1,0.95
2025-06,2025-06-01,BRAZIL 1,Flamengo RJ,Fortaleza,16.5,0.9534,0.1841,0.1,0.0909,1,0.95
2025-06,2025-06-01,VENEZUELA 1,Puerto Cabello,Carabobo,10.5,0.9114,0.0237,0.14,0.1538,1,0.95
2025-06,2025-06-01,ECUADOR 1,Aucas,Barcelona SC,14.0,0.9398,0.1107,0.06,0.1,1,0.95
2025-06,2025-06-02,PARAGUAY 2,Rubio Nu,Independiente FBC,7.6,0.9044,0.2281,0.08,0.1667,1,0.95
2025-06,2025-06-02,CHILE 1,Cobresal,Deportes Iquique,21.0,0.9636,0.1871,0.06,0.0667,1,0.95
2025-06,2025-06-02,BRAZIL 2,Paysandu PA,Criciuma,8.2,0.8966,0.1069,0.07,0.1667,1,0.95
2025-06,2025-06-04,WORLD WORLD CUP,Montserrat,Belize,14.0,0.9429,0.1533,0.06,0.125,1,0.95
2025-06,2025-06-04,COLOMBIA 1,Deportes Tolima,Ind. Medellin,10.0,0.9246,0.1997,0.11,0.1538,1,0.95
2025-06,2025-06-04,COLOMBIA 1,America De Cali,Junior,11.0,0.9237,0.1145,0.11,0.1538,1,0.95
2025-06,2025-06-05,WORLD WORLD CUP,Indonesia,China,14.5,0.9411,0.0982,0.08,0.0769,1,0.95
2025-06,2025-06-05,WORLD WORLD CUP,Bahrain,Saudi Arabia,9.0,0.9126,0.1674,0.08,0.1667,1,0.95
2025-06,2025-06-05,WORLD WORLD CUP,Oman,Jordan,8.6,0.8996,0.0914,0.08,0.1667,1,0.95
2025-06,2025-06-05,WORLD WORLD CUP,Qatar,Iran,12.0,0.9419,0.2556,0.08,0.1176,1,0.95
2025-06,2025-06-05,BRAZIL 2,Botafogo SP,Coritiba,8.8,0.9232,0.2783,0.07,0.1667,0,-7.8
2025-06,2025-06-05,WORLD WORLD CUP,Chile,Argentina,9.4,0.9126,0.1325,0.08,0.1538,1,0.95
2025-06,2025-06-06,WORLD WORLD CUP,Czech Republic,Montenegro,14.5,0.9472,0.1869,0.09,0.0833,1,0.95
2025-06,2025-06-06,BRAZIL 2,Novorizontino,Chapecoense-SC,10.5,0.9335,0.2549,0.08,0.1538,1,0.95
2025-06,2025-06-07,WORLD WORLD CUP,Albania,Serbia,9.8,0.9132,0.1041,0.1,0.1538,0,-8.8
2025-06,2025-06-07,COLOMBIA 1,Deportes Tolima,America De Cali,6.8,0.9073,0.324,0.12,0.1429,1,0.95
2025-06,2025-06-07,USA 2,Phoenix Rising,Orange County SC,15.0,0.939,0.0374,0.09,0.1,1,0.95
2025-06,2025-06-08,SPAIN 2,Racing Santander,Mirandes,11.0,0.9248,0.1269,0.05,0.125,1,0.95
2025-06,2025-06-08,BRAZIL 2,Athletico-PR,Atletico GO,10.5,0.9263,0.1794,0.08,0.1333,1,0.95
2025-06,2025-06-08,BRAZIL 2,Remo,Operario-PR,7.8,0.8983,0.1621,0.08,0.1667,1,0.95
2025-06,2025-06-08,COLOMBIA 1,Junior,Ind. Medellin,10.0,0.9196,0.1505,0.12,0.1333,1,0.95
2025-06,2025-06-08,VENEZUELA 1,La Guaira,Portuguesa,14.0,0.9336,0.0241,0.13,0.0909,1,0.95
2025-06,2025-06-08,COLOMBIA 1,Once Caldas,Millonarios,9.2,0.9047,0.0778,0.12,0.1538,0,-8.2
2025-06,2025-06-09,WORLD WORLD CUP,Belgium,Wales,17.0,0.9465,0.0425,0.09,0.0833,1,0.95
2025-06,2025-06-10,WORLD WORLD CUP,Saudi Arabia,Australia,9.4,0.9336,0.3294,0.08,0.1333,1,0.95
2025-06,2025-06-10,WORLD WORLD CUP,El Salvador,Suriname,8.4,0.9123,0.2174,0.08,0.1667,1,0.95
2025-06,2025-06-12,SPAIN 2,Mirandes,Racing Santander,15.5,0.9429,0.0677,0.05,0.0909,1,0.95
2025-06,2025-06-12,COLOMBIA CUP,Fortaleza,Leones,9.4,0.9335,0.3285,0.0968,0.0909,1,0.95
2025-06,2025-06-12,BRAZIL 1,Vitoria,Cruzeiro,9.0,0.9208,0.2415,0.1,0.1429,0,-8.0
2025-06,2025-06-12,BRAZIL 1,Atletico-MG,Internacional,10.0,0.9158,0.1126,0.1,0.1429,1,0.95
2025-06,2025-06-12,BRAZIL 1,Sao Paulo,Vasco,8.0,0.9098,0.233,0.1,0.1667,1,0.95
2025-06,2025-06-13,IRELAND 1,Cork City,Bohemians,13.5,0.9427,0.1797,0.07,0.0909,1,0.95
2025-06,2025-06-13,IRELAND 1,Derry City,Galway,10.5,0.9195,0.1084,0.07,0.1176,1,0.95
2025-06,2025-06-13,IRELAND 1,Shelbourne,Shamrock Rovers,9.4,0.9283,0.2797,0.07,0.1538,1,0.95
2025-06,2025-06-13,IRELAND 1,St. Patricks,Drogheda,14.5,0.9393,0.0734,0.07,0.1,0,-13.5
2025-06,2025-06-13,BRAZIL 2,Paysandu PA,Botafogo SP,8.6,0.914,0.2151,0.08,0.1667,1,0.95
2025-06,2025-06-14,SWEDEN 2,Falkenberg,Helsingborg,14.5,0.9437,0.137,0.08,0.0909,1,0.95
2025-06,2025-06-14,FINLAND 1,AC Oulu,HJK,17.5,0.9744,0.5034,0.05,0.0769,1,0.95
2025-06,2025-06-14,FINLAND 1,KuPS,Ilves,16.0,0.9462,0.0915,0.05,0.0769,1,0.95
2025-06,2025-06-14,FINLAND 1,Mariehamn,VPS,16.5,0.9493,0.1155,0.05,0.0833,1,0.95
2025-06,2025-06-14,IRELAND 1,Sligo Rovers,Waterford,17.0,0.9505,0.1112,0.08,0.0769,1,0.95
2025-06,2025-06-14,BRAZIL 2,CRB,Goias,8.4,0.9248,0.3223,0.08,0.1429,1,0.95
2025-06,2025-06-14,USA 2,Indy Eleven,Pittsburgh,13.5,0.9483,0.2542,0.07,0.125,1,0.95
2025-06,2025-06-14,USA 1,Austin FC,New York Red Bulls,11.5,0.9505,0.3834,0.08,0.1176,1,0.95
2025-06,2025-06-14,USA 1,Real Salt Lake,DC United,18.0,0.9583,0.2014,0.08,0.0769,1,0.95
2025-06,2025-06-15,USA 2,Sacramento Republic,San Antonio,11.0,0.9505,0.4081,0.07,0.1333,0,-10.0
2025-06,2025-06-15,ESTONIA 1,Flora,Paide,16.5,0.9486,0.1044,0.01,0.1053,1,0.95
2025-06,2025-06-15,URUGUAY 2,Albion,Oriental,7.4,0.8947,0.1762,0.1,0.1538,1,0.95
2025-06,2025-06-15,ICELAND 1,Vestri,KA Akureyri,20.0,0.9695,0.3415,0.03,0.0909,1,0.95
2025-06,2025-06-15,NORWAY 2,Mjondalen,Moss,19.0,0.9856,0.6779,0.03,0.0667,1,0.95
2025-06,2025-06-15,ECUADOR 1,Tecnico U.,Aucas,13.0,0.9434,0.2173,0.05,0.125,1,0.95
2025-06,2025-06-15,ECUADOR 1,Delfin,Mushuc Runa,10.5,0.9419,0.3427,0.05,0.1176,1,0.95
2025-06,2025-06-15,CHILE 1,Nublense,A. Italiano,11.0,0.9337,0.2242,0.05,0.1111,1,0.95
2025-06,2025-06-15,COLOMBIA 1,Junior,America De Cali,10.5,0.9163,0.0751,0.13,0.1176,1,0.95
2025-06,2025-06-16,IRELAND 1,Drogheda,Shamrock Rovers,12.0,0.9256,0.0614,0.07,0.125,1,0.95
2025-06,2025-06-16,IRELAND 1,St. Patricks,Shelbourne,11.0,0.9505,0.4081,0.07,0.125,1,0.95
2025-06,2025-06-16,CHILE 1,Deportes Iquique,Everton,15.0,0.9429,0.0962,0.05,0.1053,1,0.95
2025-06,2025-06-16,ECUADOR 1,Orense,Macara,8.8,0.9375,0.4033,0.05,0.1538,1,0.95
2025-06,2025-06-17,ESTONIA 1,Kuressaare,Tammeka,24.0,0.9625,0.051,0.01,0.0667,1,0.95
2025-06,2025-06-18,FINLAND 1,VPS,Gnistan,18.5,0.9505,0.037,0.05,0.0833,0,-17.5
2025-06,2025-06-18,PERU 1,Comerciantes Unidos,Alianza Lima,14.0,0.9429,0.1533,0.07,0.0909,1,0.95
2025-06,2025-06-19,COLOMBIA 1,America De Cali,Ind. Medellin,10.5,0.9168,0.0809,0.13,0.1333,1,0.95
2025-06,2025-06-19,COLOMBIA 1,Millonarios,Santa Fe,8.8,0.9116,0.1768,0.13,0.1667,1,0.95
2025-06,2025-06-20,IRELAND 1,Waterford,Bohemians,15.0,0.9628,0.3945,0.06,0.0769,1,0.95
2025-06,2025-06-20,BRAZIL 2,Botafogo SP,Chapecoense-SC,6.6,0.9008,0.3001,0.08,0.1667,1,0.95
2025-06,2025-06-20,ECUADOR 1,Libertad,Tecnico U.,12.0,0.9364,0.1895,0.05,0.1176,1,0.95
2025-06,2025-06-21,NORWAY 2,Raufoss,Hodd,16.5,0.9539,0.1913,0.03,0.0667,1,0.95
2025-06,2025-06-21,BRAZIL 2,Avai,Athletico-PR,9.2,0.9148,0.1709,0.07,0.1538,1,0.95
2025-06,2025-06-22,NORWAY 1,Valerenga,Molde,23.0,0.9695,0.25,0.06,0.0667,1,0.95
2025-06,2025-06-22,NORWAY 1,HamKam,Tromso,18.0,0.9505,0.0618,0.06,0.0833,1,0.95
2025-06,2025-06-22,ITALY 2,Salernitana,Sampdoria,10.5,0.9195,0.1084,0.09,0.1111,1,0.95
2025-06,2025-06-22,CHILE 1,A. Italiano,Colo Colo,12.0,0.9337,0.1577,0.05,0.1,1,0.95
2025-06,2025-06-22,CHILE 1,Cobresal,Nublense,13.5,0.9505,0.2844,0.05,0.1,1,0.95
2025-06,2025-06-22,ECUADOR 1,Mushuc Runa,Barcelona SC,15.0,0.9465,0.1495,0.05,0.1111,1,0.95
2025-06,2025-06-22,CHILE 1,Everton,O'Higgins,14.0,0.9424,0.1468,0.05,0.1,1,0.95
2025-06,2025-06-23,NORWAY 2,Mjondalen,Skeid,20.0,0.9654,0.26,0.03,0.0769,1,0.95
2025-06,2025-06-23,ICELAND 1,Vestmannaeyjar,Afturelding,19.0,0.9529,0.0576,0.03,0.1053,1,0.95
2025-06,2025-06-23,IRELAND 1,Bohemians,Shamrock Rovers,8.6,0.9215,0.2788,0.06,0.1333,1,0.95
2025-06,2025-06-23,IRELAND 1,Sligo Rovers,Galway,14.5,0.958,0.3433,0.06,0.0909,1,0.95
2025-06,2025-06-23,IRELAND 1,St. Patricks,Derry City,9.0,0.9393,0.407,0.06,0.1538,1,0.95
2025-06,2025-06-23,IRELAND 1,Waterford,Shelbourne,17.0,0.9505,0.1112,0.06,0.1111,1,0.95
2025-06,2025-06-23,ECUADOR 1,Manta,Orense,14.0,0.9505,0.2597,0.05,0.1176,0,-13.0
2025-06,2025-06-25,USA 1,New England Revolution,Nashville SC,15.5,0.9515,0.201,0.08,0.0909,1,0.95
2025-06,2025-06-25,USA 1,Toronto FC,New York Red Bulls,13.5,0.9342,0.0645,0.08,0.1,1,0.95
2025-06,2025-06-25,PERU 1,Grau,U. de Deportes,10.5,0.9423,0.3466,0.06,0.1538,1,0.95
2025-06,2025-06-25,USA 1,Minnesota United,Houston Dynamo,17.0,0.952,0.1361,0.08,0.0833,1,0.95
2025-06,2025-06-26,BRAZIL 2,CRB,America MG,9.4,0.9263,0.2606,0.07,0.1429,1,0.95
2025-06,2025-06-27,FINLAND 1,Gnistan,Inter Turku,22.0,0.9796,0.5017,0.06,0.0667,1,0.95
2025-06,2025-06-27,FINLAND 2,Ekenas,PK-35,14.5,0.9481,0.1995,0.05,0.0833,1,0.95
2025-06,2025-06-27,IRELAND 1,Cork City,St. Patricks,14.0,0.9342,0.0315,0.07,0.1,0,-13.0
2025-06,2025-06-27,IRELAND 1,Derry City,Drogheda,12.0,0.933,0.1488,0.07,0.1538,1,0.95
2025-06,2025-06-27,IRELAND 1,Galway,Shelbourne,11.5,0.9216,0.0523,0.07,0.125,1,0.95
2025-06,2025-06-27,PERU 1,Binacional,Sport Huancayo,18.5,0.9505,0.037,0.05,0.1,1,0.95
2025-06,2025-06-28,JAPAN 1,FC Tokyo,Yokohama FC,9.4,0.9336,0.3294,0.06,0.1176,1,0.95
2025-06,2025-06-28,SWEDEN 2,Sundsvall,Ostersund,14.5,0.9382,0.0573,0.07,0.1333,1,0.95
2025-06,2025-06-28,PERU 1,AD Tarma,Deportivo Garcilaso,16.0,0.9418,0.0215,0.06,0.0769,0,-15.0
2025-06,2025-06-28,FINLAND 1,AC Oulu,VPS,13.0,0.9457,0.2465,0.06,0.1053,1,0.95
2025-06,2025-06-28,USA 1,CF Montreal,New York City,16.0,0.9777,0.595,0.07,0.0769,1,0.95
2025-06,2025-06-28,USA 1,DC United,Nashville SC,18.0,0.9669,0.356,0.07,0.0909,1,0.95
2025-06,2025-06-28,ECUADOR 1,Orense,LDU Quito,11.5,0.9262,0.1046,0.05,0.125,1,0.95
2025-06,2025-06-28,USA 1,Seattle Sounders,Austin FC,16.0,0.9434,0.0476,0.07,0.0833,1,0.95
2025-06,2025-06-29,CHINA 1,Qingdao West Coast,Qingdao Hainiu,15.0,0.9534,0.2539,0.03,0.0909,1,0.95
2025-06,2025-06-29,CHINA 1,Meizhou Hakka,Tianjin Jinmen Tiger,19.0,0.9602,0.196,0.03,0.0667,1,0.95
2025-06,2025-06-29,SWEDEN 1,AIK,Goteborg,10.5,0.9331,0.2508,0.04,0.125,1,0.95
2025-06,2025-06-29,SWEDEN 1,Degerfors,Brommapojkarna,16.5,0.977,0.5715,0.04,0.0667,1,0.95
2025-06,2025-06-29,SWEDEN 1,Hacken,GAIS,16.5,0.9711,0.4746,0.04,0.0769,1,0.95
2025-06,2025-06-29,SWEDEN 1,Varnamo,Elfsborg,15.5,0.9754,0.5701,0.04,0.0769,0,-14.5
2025-06,2025-06-29,NORWAY 1,Fredrikstad,Tromso,10.5,0.9315,0.2337,0.07,0.1176,1,0.95
2025-06,2025-06-29,NORWAY 1,Molde,KFUM Oslo,14.5,0.9384,0.0601,0.07,0.1,1,0.95
2025-06,2025-06-29,ECUADOR 1,U. Catolica,Ind. del Valle,28.0,0.967,0.0281,0.06,0.0769,1,0.95
2025-06,2025-06-29,BRAZIL 2,Novorizontino,Amazonas,9.2,0.8995,0.0307,0.06,0.1429,1,0.95
2025-07,2025-07-04,IRELAND 1,Drogheda,Galway,10.0,0.9308,0.2612,0.07,0.125,1,0.95
2025-07,2025-07-04,IRELAND 1,St. Patricks,Bohemians,12.5,0.944,0.2524,0.07,0.1,0,-11.5
2025-07,2025-07-05,SWEDEN 1,GAIS,Malmo FF,16.0,0.9533,0.2049,0.06,0.0833,0,-15.0
2025-07,2025-07-05,ICELAND 1,Vestmannaeyjar,Vikingur Reykjavik,22.0,0.9632,0.1412,0.03,0.0714,0,-21.0
2025-07,2025-07-05,NORWAY 1,Tromso,Molde,17.5,0.9519,0.1099,0.07,0.0769,1,0.95
2025-07,2025-07-05,BRAZIL 2,Avai,Paysandu PA,10.5,0.923,0.1452,0.07,0.1429,0,-9.5
2025-07,2025-07-05,USA 1,DC United,Atlanta Utd,18.0,0.9551,0.1434,0.04,0.0667,0,-17.0
2025-07,2025-07-06,SWEDEN 1,Halmstad,AIK,12.0,0.9341,0.1623,0.06,0.1176,1,0.95
2025-07,2025-07-06,ESTONIA 1,Flora,Kalju,23.0,0.9701,0.2627,0.01,0.0667,1,0.95
2025-07,2025-07-06,CHILE 1,U. Catolica,Colo Colo,9.2,0.9142,0.1653,0.05,0.1429,1,0.95
2025-07,2025-07-07,ICELAND 1,Hafnarfjordur,Stjarnan,26.0,0.9817,0.4751,0.04,0.0667,1,0.95
2025-07,2025-07-07,PARAGUAY 1,Ameliano,Atl. Tembetary,8.2,0.8885,0.0411,0.12,0.1538,1,0.95
2025-07,2025-07-07,BRAZIL 2,Operario-PR,Chapecoense-SC,8.6,0.9191,0.2579,0.08,0.1667,1,0.95
2025-07,2025-07-07,ECUADOR 1,Tecnico U.,Orense,10.0,0.9508,0.4609,0.05,0.1429,1,0.95
2025-07,2025-07-10,BRAZIL 2,CRB,Coritiba,9.0,0.9031,0.0824,0.08,0.1667,1,0.95
2025-07,2025-07-11,ESTONIA 1,Kuressaare,Tammeka,23.0,0.9721,0.3092,0.01,0.0714,1,0.95
2025-07,2025-07-11,IRELAND 1,Bohemians,Galway,15.5,0.9546,0.2492,0.08,0.0833,1,0.95
2025-07,2025-07-11,IRELAND 1,Waterford,Cork City,14.5,0.9498,0.2248,0.08,0.0833,1,0.95
2025-07,2025-07-11,PARAGUAY 1,Sp. Luqueno,General Caballero JLM,8.8,0.9324,0.3582,0.12,0.1538,1,0.95
2025-07,2025-07-11,BRAZIL 2,Vila Nova FC,Operario-PR,7.8,0.8933,0.1234,0.08,0.1538,0,-6.8
2025-07,2025-07-11,ARGENTINA 3,Sportivo Belgrano,Independiente Chivilcoy,8.2,0.8956,0.0994,0.11,0.1667,0,-7.2
2025-07,2025-07-11,ECUADOR 1,Macara,Ind. del Valle,13.5,0.9324,0.0411,0.05,0.1176,1,0.95
2025-07,2025-07-12,SWEDEN 1,Goteborg,Elfsborg,15.0,0.9514,0.2233,0.06,0.0909,1,0.95
2025-07,2025-07-12,ROMANIA 1,UTA Arad,Univ. Craiova,15.5,0.943,0.0689,0.08,0.1,1,0.95
2025-07,2025-07-12,ECUADOR 1,Manta,U. Catolica,19.0,0.9587,0.1668,0.05,0.0833,1,0.95
2025-07,2025-07-12,BRAZIL 1,Vasco,Botafogo RJ,9.6,0.9285,0.2669,0.1,0.1333,1,0.95
2025-07,2025-07-12,USA 1,Toronto FC,Atlanta Utd,18.0,0.9681,0.3768,0.04,0.0667,1,0.95
2025-07,2025-07-12,USA 2,FC Tulsa,Las Vegas Lights,15.0,0.9379,0.0219,0.07,0.1176,1,0.95
2025-07,2025-07-12,USA 1,Colorado Rapids,Vancouver Whitecaps,17.0,0.9546,0.1807,0.04,0.0667,1,0.95
2025-07,2025-07-12,USA 1,Real Salt Lake,Houston Dynamo,17.5,0.9563,0.1867,0.04,0.0667,1,0.95
2025-07,2025-07-13,NORWAY 1,Bryne,Valerenga,16.5,0.944,0.0283,0.07,0.0769,1,0.95
2025-07,2025-07-13,SWEDEN 1,Varnamo,Djurgarden,16.5,0.9601,0.2938,0.06,0.0769,1,0.95
2025-07,2025-07-13,ROMANIA 1,Otelul,Petrolul,8.6,0.9223,0.2854,0.09,0.1538,0,-7.6
2025-07,2025-07-13,ARGENTINA 1,Sarmiento Junin,Independiente,8.2,0.8966,0.1071,0.12,0.1429,1,0.95
2025-07,2025-07-13,ARGENTINA 1,Ind. Rivadavia,Newells Old Boys,8.6,0.8968,0.0676,0.12,0.1667,1,0.95
2025-07,2025-07-13,COLOMBIA 1,Ind. Medellin,Alianza,13.0,0.935,0.1088,0.11,0.1176,1,0.95
2025-07,2025-07-13,ECUADOR 1,Dep. Cuenca,Delfin,10.0,0.9078,0.033,0.05,0.1333,1,0.95
2025-07,2025-07-13,MEXICO 1,Pachuca,Monterrey,15.0,0.9469,0.1559,0.09,0.0909,1,0.95
2025-07,2025-07-13,BRAZIL 1,Cruzeiro,Gremio,11.0,0.9151,0.0202,0.1,0.125,1,0.95
2025-07,2025-07-14,ICELAND 1,Vestmannaeyjar,Stjarnan,44.0,0.9888,0.4599,0.04,0.0667,1,0.95
2025-07,2025-07-14,ARGENTINA 1,Banfield,Defensa y Justicia,9.2,0.9054,0.0843,0.13,0.1538,0,-8.2
2025-07,2025-07-14,ARGENTINA 1,Union de Santa Fe,Estudiantes L.P.,8.2,0.9044,0.1708,0.13,0.1667,1,0.95
2025-07,2025-07-15,SCOTLAND CUP,Alloa,Montrose,90.0,0.9899,0.0396,0.01,0.0769,1,0.95
2025-07,2025-07-15,SCOTLAND CUP,Dumbarton,Stirling,21.0,0.9722,0.3673,0.01,0.0667,1,0.95
2025-07,2025-07-15,SCOTLAND CUP,Queen of South,Edinburgh City,19.0,0.983,0.6271,0.01,0.0769,1,0.95
2025-07,2025-07-16,USA 1,New York Red Bulls,New England Revolution,18.5,0.9501,0.029,0.03,0.0769,1,0.95
2025-07,2025-07-16,USA 1,Orlando City,New York City,19.5,0.9817,0.594,0.03,0.0667,1,0.95
2025-07,2025-07-16,USA 1,Houston Dynamo,Vancouver Whitecaps,15.5,0.9573,0.2899,0.03,0.0833,1,0.95
2025-07,2025-07-16,USA 1,Nashville SC,Columbus Crew,17.0,0.9517,0.1318,0.03,0.0769,1,0.95
2025-07,2025-07-17,BRAZIL 2,Operario-PR,CRB,8.6,0.906,0.1464,0.1,0.1538,1,0.95
2025-07,2025-07-18,CHINA 1,Wuhan Three Towns,Qingdao West Coast,17.0,0.9632,0.3263,0.03,0.0667,1,0.95
2025-07,2025-07-18,BULGARIA 1,CSKA 1948 Sofia,Arda,10.5,0.9334,0.2545,0.06,0.125,1,0.95
2025-07,2025-07-18,BULGARIA 1,Lok. Sofia,Cherno More,10.5,0.9323,0.242,0.06,0.1429,1,0.95
2025-07,2025-07-18,BRAZIL 2,Atletico GO,Criciuma,8.6,0.8961,0.0615,0.09,0.1538,1,0.95
2025-07,2025-07-18,COLOMBIA 1,U. Magdalena,Llaneros,8.2,0.8966,0.1071,0.13,0.1538,0,-7.2
2025-07,2025-07-18,USA 2,Detroit,Pittsburgh,10.5,0.9398,0.3204,0.08,0.1667,0,-9.5
2025-07,2025-07-18,PERU 1,Deportivo Garcilaso,Los Chankas,12.5,0.9291,0.0676,0.08,0.1176,1,0.95
2025-07,2025-07-18,PERU 1,U. de Deportes,Comerciantes Unidos,55.0,0.9899,0.3939,0.08,0.0667,1,0.95
2025-07,2025-07-19,MEXICO 1,Atl. San Luis,Monterrey,15.5,0.9502,0.1799,0.09,0.0769,1,0.95
2025-07,2025-07-19,MEXICO 1,Mazatlan FC,Puebla,9.6,0.9169,0.1565,0.09,0.1429,1,0.95
2025-07,2025-07-19,CHINA 2,Yanbian Longding,Qingdao Red Lions,12.0,0.9465,0.3104,0.06,0.1333,1,0.95
2025-07,2025-07-19,CHINA 1,Shenzhen Xinpengcheng,Qingdao Hainiu,13.5,0.952,0.3045,0.03,0.1,1,0.95
2025-07,2025-07-19,DENMARK 2,Kolding IF,Aalborg,17.0,0.9489,0.0846,0.08,0.0769,1,0.95
2025-07,2025-07-19,POLAND 1,Widzew Lodz,Zaglebie,14.0,0.9398,0.1095,0.04,0.1111,1,0.95
2025-07,2025-07-19,PARAGUAY 2,Sol de America,Independiente FBC,8.8,0.9097,0.1596,0.09,0.1538,1,0.95
2025-07,2025-07-19,SWEDEN 1,Djurgarden,Elfsborg,16.5,0.9474,0.0852,0.05,0.0667,1,0.95
2025-07,2025-07-19,FINLAND 1,VPS,KuPS,18.0,0.9524,0.095,0.07,0.0769,1,0.95
2025-07,2025-07-19,SCOTLAND CUP,Peterhead,Clyde,16.0,0.9556,0.2415,0.03,0.0909,1,0.95
2025-07,2025-07-19,SCOTLAND CUP,Spartans,Brechin,27.0,0.9756,0.2921,0.03,0.0769,1,0.95
2025-07,2025-07-19,CZECH 1,Bohemians,Ostrava,18.0,0.952,0.0885,0.08,0.0769,1,0.95
2025-07,2025-07-19,PERU 2,U. San Martin,Deportivo Coopsol,6.8,0.9334,0.5008,0.07,0.1111,0,-5.8
2025-07,2025-07-19,CHILE 1,U. Espanola,Union La Calera,11.5,0.9302,0.1512,0.06,0.1111,1,0.95
2025-07,2025-07-19,CZECH 1,Jablonec,Sparta Prague,17.0,0.9494,0.0919,0.08,0.0833,1,0.95
2025-07,2025-07-19,POLAND 1,GKS Katowice,Rakow,18.0,0.9528,0.1027,0.04,0.0833,1,0.95
2025-07,2025-07-19,SLOVENIA 1,O. Ljubljana,Mura,28.0,0.975,0.2519,0.05,0.0667,1,0.95
2025-07,2025-07-19,ROMANIA 1,Petrolul,FCSB,10.5,0.9423,0.3467,0.08,0.1176,1,0.95
2025-07,2025-07-19,BULGARIA 1,Botev Plovdiv,CSKA Sofia,15.0,0.9403,0.0576,0.06,0.0833,1,0.95
2025-07,2025-07-19,BRAZIL 1,Mirassol,Santos,9.8,0.9191,0.1608,0.1,0.1429,1,0.95
2025-07,2025-07-19,BRAZIL 2,Coritiba,Paysandu PA,9.2,0.923,0.2453,0.08,0.1429,1,0.95
2025-07,2025-07-19,CHILE 1,Coquimbo,Deportes Iquique,15.0,0.942,0.0822,0.06,0.1111,1,0.95
2025-07,2025-07-19,PARAGUAY 1,Olimpia Asuncion,Atl. Tembetary,13.0,0.9333,0.0863,0.13,0.1,1,0.95
2025-07,2025-07-19,VENEZUELA 1,Carabobo,Puerto Cabello,11.5,0.9285,0.131,0.13,0.1429,1,0.95
2025-07,2025-07-19,USA 2,Loudoun,Oakland Roots,20.0,0.9559,0.0694,0.07,0.0909,1,0.95
2025-07,2025-07-19,USA 1,Nashville SC,Toronto FC,19.0,0.9757,0.4892,0.02,0.0769,1,0.95
2025-07,2025-07-19,USA 1,Portland Timbers,Minnesota United,21.0,0.9722,0.3686,0.02,0.0667,1,0.95
2025-07,2025-07-20,SWEDEN 1,Mjallby,AIK,11.0,0.9326,0.2118,0.06,0.125,1,0.95
2025-07,2025-07-20,SWEDEN 1,Sirius,Goteborg,22.0,0.9593,0.0562,0.06,0.0667,1,0.95
2025-07,2025-07-20,SWEDEN 1,Halmstad,Hacken,17.5,0.9587,0.2294,0.06,0.0769,0,-16.5
2025-07,2025-07-20,POLAND 2,Chrobry Glogow,Odra Opole,16.5,0.9517,0.1559,0.03,0.125,1,0.95
2025-07,2025-07-20,ROMANIA 1,Farul Constanta,Otelul,9.8,0.9166,0.1367,0.08,0.1176,1,0.95
2025-07,2025-07-20,BULGARIA 1,Slavia Sofia,Botev Vratsa,11.0,0.9323,0.2082,0.06,0.1333,1,0.95
2025-07,2025-07-20,ESTONIA 1,Kuressaare,Parnu JK Vaprus,17.0,0.9491,0.0869,0.02,0.1,1,0.95
2025-07,2025-07-20,ESTONIA 1,Paide,Narva,16.5,0.9563,0.2305,0.02,0.1,1,0.95
2025-07,2025-07-20,NORWAY 1,HamKam,Fredrikstad,11.5,0.9288,0.1346,0.07,0.1053,1,0.95
2025-07,2025-07-20,ECUADOR 1,Tecnico U.,Macara,8.4,0.9266,0.3373,0.05,0.1667,1,0.95
2025-07,2025-07-20,ROMANIA 1,FC Rapid Bucuresti,CFR Cluj,13.0,0.9437,0.2204,0.08,0.0833,1,0.95
2025-07,2025-07-20,BRAZIL 1,Palmeiras,Atletico-MG,9.4,0.9203,0.2049,0.1,0.1333,1,0.95
2025-07,2025-07-20,BRAZIL 2,America MG,Chapecoense-SC,9.8,0.9134,0.1054,0.08,0.1429,1,0.95
2025-07,2025-07-21,FINLAND 1,Mariehamn,Haka,18.0,0.9517,0.0835,0.07,0.0667,1,0.95
2025-07,2025-07-21,ROMANIA 1,Unirea Slobozia,Csikszereda M. Ciuc,11.0,0.9342,0.2298,0.08,0.1429,1,0.95
2025-07,2025-07-21,BULGARIA 1,Spartak Varna,Beroe,14.5,0.9491,0.2142,0.06,0.0667,0,-13.5
2025-07,2025-07-21,CHILE 1,Huachipato,O'Higgins,12.5,0.9424,0.2329,0.06,0.1176,1,0.95
2025-07,2025-07-22,SOUTH KOREA 1,Gwangju FC,Gimcheon Sangmu,15.5,0.9513,0.1973,0.05,0.0909,1,0.95
2025-07,2025-07-22,SCOTLAND CUP,Clyde,Stenhousemuir,19.5,0.953,0.0363,0.04,0.0833,1,0.95
2025-07,2025-07-22,SCOTLAND CUP,Motherwell,Morton,14.0,0.9372,0.0743,0.04,0.0909,1,0.95
2025-07,2025-07-22,BRAZIL 2,Vila Nova FC,CRB,8.8,0.9092,0.1554,0.08,0.1667,1,0.95
2025-07,2025-07-23,COLOMBIA 1,Llaneros,Chico,8.6,0.9013,0.1057,0.14,0.1538,1,0.95
2025-07,2025-07-23,BRAZIL 2,Amazonas,Paysandu PA,8.2,0.9098,0.2148,0.08,0.1667,1,0.95
2025-07,2025-07-23,BRAZIL 2,Cuiaba,America MG,8.2,0.9208,0.3043,0.08,0.1538,1,0.95
2025-07,2025-07-24,BRAZIL 1,Juventude,Sao Paulo,8.6,0.9032,0.1225,0.1,0.1429,1,0.95
2025-07,2025-07-24,BRAZIL 2,Botafogo SP,Criciuma,7.2,0.9367,0.4973,0.07,0.1667,1,0.95
2025-07,2025-07-24,BRAZIL 2,Remo,Avai,8.2,0.9191,0.2903,0.07,0.1667,1,0.95
2025-07,2025-07-25,IRELAND 1,Cork City,Sligo Rovers,17.5,0.9502,0.0803,0.08,0.1,1,0.95
2025-07,2025-07-25,COLOMBIA 2,Huila,Tigres,7.4,0.8885,0.1303,0.1,0.1538,1,0.95
2025-07,2025-07-25,PERU 1,Binacional,Cajamarca,12.5,0.927,0.0407,0.08,0.1053,0,-11.5
2025-07,2025-07-25,ECUADOR 1,EL Nacional,Libertad,15.0,0.9475,0.1647,0.05,0.0769,1,0.95
2025-07,2025-07-25,MEXICO 1,Queretaro,UNAM Pumas,11.5,0.9294,0.1414,0.09,0.1333,1,0.95
2025-07,2025-07-26,NORWAY 2,Aalesund,Moss,21.0,0.9601,0.1143,0.04,0.0667,1,0.95
2025-07,2025-07-26,NORWAY 2,Asane,Hodd,14.5,0.9358,0.0218,0.04,0.1053,1,0.95
2025-07,2025-07-26,POLAND 1,Piast Gliwice,Gornik Zabrze,12.0,0.9508,0.3619,0.04,0.1111,1,0.95
2025-07,2025-07-26,FINLAND 1,Mariehamn,AC Oulu,15.0,0.9411,0.0694,0.07,0.0833,1,0.95
2025-07,2025-07-26,PARAGUAY 2,Deportivo Santani,Dep. Capiata,7.8,0.8967,0.1491,0.09,0.1538,1,0.95
2025-07,2025-07-26,SWEDEN 1,GAIS,Halmstad,21.0,0.9597,0.1061,0.05,0.0769,1,0.95
2025-07,2025-07-26,SWEDEN 2,Oddevold,Sandviken,15.0,0.9379,0.0219,0.07,0.0909,1,0.95
2025-07,2025-07-26,NORWAY 1,Haugesund,HamKam,15.0,0.952,0.2325,0.07,0.0833,1,0.95
2025-07,2025-07-26,NORWAY 1,Kristiansund,KFUM Oslo,16.5,0.9462,0.0658,0.07,0.0833,1,0.95
2025-07,2025-07-26,SCOTLAND CUP,Airdrieonians,Alloa,17.0,0.947,0.0522,0.04,0.0909,1,0.95
2025-07,2025-07-26,CZECH 1,Zlin,Slovacko,11.0,0.9258,0.1376,0.08,0.1176,1,0.95
2025-07,2025-07-26,SLOVAKIA 2,Zvolen,Lubovna,11.0,0.9603,0.5152,0.03,0.0909,1,0.95
2025-07,2025-07-26,SWEDEN 1,Degerfors,Norrkoping,19.0,0.9517,0.0352,0.05,0.0667,0,-18.0
2025-07,2025-07-26,SWITZERLAND 1,Grasshoppers,Luzern,15.5,0.9437,0.0809,0.02,0.0833,1,0.95
2025-07,2025-07-26,ECUADOR 1,Aucas,Delfin,14.0,0.952,0.2805,0.04,0.0909,1,0.95
2025-07,2025-07-26,COLOMBIA 1,Chico,Dep. Pasto,8.2,0.8884,0.0406,0.11,0.1667,1,0.95
2025-07,2025-07-26,BRAZIL 1,Botafogo RJ,Corinthians,9.4,0.9257,0.255,0.1,0.1429,1,0.95
2025-07,2025-07-26,BRAZIL 1,Mirassol,Vitoria,10.0,0.9224,0.1775,0.1,0.125,1,0.95
2025-07,2025-07-26,BRAZIL 1,Sport Recife,Santos,10.5,0.9134,0.0448,0.1,0.125,1,0.95
2025-07,2025-07-26,CHILE 1,Everton,Huachipato,13.0,0.9376,0.1413,0.06,0.1176,1,0.95
2025-07,2025-07-26,ECUADOR 1,Manta,Emelec,11.0,0.9398,0.291,0.04,0.125,1,0.95
2025-07,2025-07-26,MEXICO 1,Pachuca,Mazatlan FC,17.5,0.9469,0.024,0.09,0.0769,1,0.95
2025-07,2025-07-26,PERU 1,Cienciano,U. de Deportes,8.8,0.898,0.0577,0.09,0.1333,1,0.95
2025-07,2025-07-26,USA 1,DC United,Austin FC,12.0,0.9587,0.4565,0.03,0.1,1,0.95
2025-07,2025-07-26,COLOMBIA 1,America De Cali,Aguilas,9.8,0.9067,0.0406,0.11,0.1667,1,0.95
2025-07,2025-07-27,MEXICO 1,Necaxa,Club America,20.0,0.9751,0.4527,0.09,0.0833,1,0.95
2025-07,2025-07-27,CHINA 1,Qingdao Hainiu,Tianjin Jinmen Tiger,16.0,0.9478,0.1177,0.03,0.0909,1,0.95
2025-07,2025-07-27,BELGIUM 1,Anderlecht,Westerlo,22.0,0.9614,0.1026,0.08,0.0667,1,0.95
2025-07,2025-07-27,NORWAY 1,Rosenborg,Tromso,15.0,0.9492,0.1905,0.07,0.0909,1,0.95
2025-07,2025-07-27,SWEDEN 1,Varnamo,Hammarby,21.0,0.9556,0.0208,0.07,0.0667,1,0.95
2025-07,2025-07-27,POLAND 1,Jagiellonia,Widzew Lodz,14.5,0.943,0.1267,0.04,0.0769,1,0.95
2025-07,2025-07-27,BULGARIA 1,Cherno More,Botev Plovdiv,10.5,0.9124,0.0344,0.07,0.1333,1,0.95
2025-07,2025-07-27,ECUADOR 1,Mushuc Runa,Tecnico U.,16.5,0.9454,0.0524,0.04,0.125,1,0.95
2025-07,2025-07-27,POLAND 1,Korona Kielce,Legia,15.0,0.944,0.1123,0.04,0.0833,1,0.95
2025-07,2025-07-27,BULGARIA 1,Arda,Lok. Sofia,9.4,0.9085,0.0948,0.07,0.1333,1,0.95
2025-07,2025-07-27,CHILE 1,U. Catolica,Coquimbo,8.0,0.926,0.3615,0.06,0.1538,1,0.95
2025-07,2025-07-27,PERU 1,Comerciantes Unidos,Deportivo Garcilaso,11.5,0.9334,0.1879,0.1,0.125,0,-10.5
2025-07,2025-07-27,PARAGUAY 1,Atl. Tembetary,Guarani,12.5,0.9334,0.1214,0.14,0.1333,1,0.95
2025-07,2025-07-27,BRAZIL 1,Internacional,Vasco,12.5,0.9358,0.1501,0.09,0.0909,1,0.95
2025-07,2025-07-27,BRAZIL 2,Atletico GO,Chapecoense-SC,8.6,0.9239,0.2994,0.08,0.1429,0,-7.6
2025-07,2025-07-27,CHILE 1,Deportes Iquique,A. Italiano,13.0,0.9376,0.1413,0.06,0.1053,1,0.95
2025-07,2025-07-27,ECUADOR 1,Dep. Cuenca,Ind. del Valle,13.0,0.9316,0.0645,0.04,0.125,1,0.95
2025-07,2025-07-28,ROMANIA 1,FC Botosani,Unirea Slobozia,10.5,0.9162,0.0741,0.09,0.1111,1,0.95
2025-07,2025-07-28,POLAND 1,GKS Katowice,Zaglebie,14.5,0.9589,0.3568,0.04,0.0833,1,0.95
2025-07,2025-07-28,SWEDEN 2,Vasteras SK,Trelleborg,17.0,0.9496,0.0964,0.07,0.0667,1,0.95
2025-07,2025-07-28,ROMANIA 1,Univ. Craiova,U. Cluj,15.0,0.9411,0.0694,0.09,0.0909,1,0.95
2025-07,2025-07-28,BRAZIL 2,Avai,Botafogo SP,9.0,0.9143,0.1826,0.09,0.1538,1,0.95
2025-07,2025-07-28,CHILE 1,Union La Calera,U. De Chile,14.5,0.947,0.1846,0.05,0.1,1,0.95
2025-07,2025-07-29,BRAZIL 1,Gremio,Fortaleza,11.5,0.9203,0.0375,0.09,0.1111,1,0.95
2025-07,2025-07-29,BRAZIL 2,Criciuma,Cuiaba,8.2,0.9351,0.421,0.09,0.1538,1,0.95
2025-07,2025-07-30,NORWAY 2,Lyn,Aalesund,16.0,0.9423,0.0301,0.04,0.0909,1,0.95
2025-07,2025-07-30,NORWAY 2,Odd,Stabaek,23.0,0.9604,0.0421,0.04,0.0667,1,0.95
2025-08,2025-08-01,BULGARIA 1,Spartak Varna,Botev Vratsa,10.5,0.9145,0.0563,0.06,0.125,1,0.95
2025-08,2025-08-01,POLAND 1,Zaglebie,Korona Kielce,13.0,0.9355,0.1144,0.04,0.1,1,0.95
2025-08,2025-08-01,DENMARK 1,Vejle,Odense,18.5,0.9515,0.0557,0.05,0.0667,1,0.95
2025-08,2025-08-01,GERMANY 2,Schalke,Hertha Berlin,22.0,0.9618,0.1116,0.04,0.0667,1,0.95
2025-08,2025-08-01,POLAND 1,Wisla Plock,Piast Gliwice,11.0,0.9244,0.1223,0.04,0.1111,1,0.95
2025-08,2025-08-01,CHILE 1,A. Italiano,Palestino,15.0,0.9393,0.0432,0.05,0.1,1,0.95
2025-08,2025-08-01,PERU 1,Deportivo Garcilaso,Cienciano,13.0,0.9317,0.0656,0.11,0.1053,1,0.95
2025-08,2025-08-01,BRAZIL 2,Operario-PR,Criciuma,8.2,0.908,0.2,0.09,0.1667,1,0.95
2025-08,2025-08-02,GERMANY 2,Darmstadt,Bochum,20.0,0.9562,0.0758,0.04,0.0667,1,0.95
2025-08,2025-08-02,GERMANY 2,Karlsruher SC,Preussen Munster,18.5,0.956,0.139,0.04,0.0769,1,0.95
2025-08,2025-08-02,CHINA 1,Qingdao West Coast,Henan Songshan Longmen,17.5,0.9606,0.262,0.03,0.0769,1,0.95
2025-08,2025-08-02,GERMANY 3,VfL Osnabruck,Alemannia Aachen,10.0,0.934,0.2937,0.06,0.125,0,-9.0
2025-08,2025-08-02,SCOTLAND 3,Kelty Hearts,Inverness,13.5,0.9361,0.0901,0.06,0.1,1,0.95
2025-08,2025-08-02,SCOTLAND 4,Edinburgh City,Stirling,15.0,0.9475,0.1649,0.08,0.0769,1,0.95
2025-08,2025-08-02,SCOTLAND 1,Kilmarnock,Livingston,13.0,0.944,0.2243,0.03,0.1,1,0.95
2025-08,2025-08-02,CZECH 1,Jablonec,Hradec Kralove,12.5,0.9414,0.2201,0.07,0.0909,1,0.95
2025-08,2025-08-02,CZECH 1,Karvina,Zlin,15.0,0.9393,0.0432,0.07,0.0833,1,0.95
2025-08,2025-08-02,UKRAINE 1,FK Zorya Luhansk,LNZ Cherkasy,8.0,0.895,0.1154,0.12,0.1538,0,-7.0
2025-08,2025-08-02,ROMANIA 1,FC Arges,Csikszereda M. Ciuc,10.5,0.9239,0.1552,0.08,0.1333,1,0.95
2025-08,2025-08-02,SWITZERLAND 1,Servette,St. Gallen,26.0,0.9922,0.7465,0.02,0.0667,1,0.95
2025-08,2025-08-02,SCOTLAND 1,Motherwell,Rangers,22.0,0.9581,0.0305,0.03,0.0667,1,0.95
2025-08,2025-08-02,IRELAND 1,Sligo Rovers,Shelbourne,13.0,0.9366,0.1292,0.08,0.1111,1,0.95
2025-08,2025-08-02,CHILE 1,Coquimbo,Limache,14.0,0.9342,0.0318,0.04,0.1,1,0.95
2025-08,2025-08-02,BRAZIL 2,Botafogo SP,America MG,8.4,0.8993,0.1089,0.09,0.1538,1,0.95
2025-08,2025-08-02,CHILE 1,Deportes Iquique,U. Catolica,10.5,0.9268,0.1853,0.04,0.1176,1,0.95
2025-08,2025-08-02,BRAZIL 2,Amazonas,Goias,8.2,0.8867,0.0266,0.09,0.1667,1,0.95
2025-08,2025-08-02,ECUADOR 1,Ind. del Valle,EL Nacional,16.5,0.9446,0.0379,0.04,0.0909,1,0.95
2025-08,2025-08-03,POLAND 2,Slask Wroclaw,Ruch Chorzow,21.0,0.962,0.1534,0.03,0.0833,1,0.95
2025-08,2025-08-03,SCOTLAND 1,Dundee FC,Hibernian,19.5,0.9631,0.2317,0.03,0.0833,1,0.95
2025-08,2025-08-03,SWITZERLAND 1,Luzern,Zurich,22.0,0.9678,0.2422,0.02,0.0769,1,0.95
2025-08,2025-08-03,SWITZERLAND 1,Sion,Lugano,19.0,0.9519,0.039,0.02,0.1111,1,0.95
2025-08,2025-08-03,CHILE 1,O'Higgins,Union La Calera,11.5,0.9219,0.0561,0.04,0.1429,1,0.95
2025-08,2025-08-03,ROMANIA 1,CFR Cluj,Univ. Craiova,12.0,0.9399,0.2318,0.08,0.1053,1,0.95
2025-08,2025-08-03,BRAZIL 1,Corinthians,Fortaleza,9.2,0.9323,0.3302,0.09,0.1538,1,0.95
2025-08,2025-08-03,BRAZIL 2,Chapecoense-SC,CRB,10.5,0.9209,0.123,0.09,0.1176,1,0.95
2025-08,2025-08-03,BRAZIL 2,Novorizontino,Avai,7.8,0.8882,0.0836,0.09,0.1667,1,0.95
2025-08,2025-08-03,ECUADOR 1,Tecnico U.,Manta,14.0,0.947,0.211,0.04,0.1053,1,0.95
2025-08,2025-08-03,ECUADOR 1,Libertad,Emelec,13.0,0.9432,0.2146,0.04,0.1,1,0.95
2025-08,2025-08-03,BRAZIL 1,Internacional,Sao Paulo,8.6,0.912,0.1976,0.09,0.1538,1,0.95
2025-08,2025-08-04,ROMANIA 1,FC Rapid Bucuresti,FC Botosani,13.5,0.9478,0.2476,0.08,0.0833,1,0.95
2025-08,2025-08-06,ICELAND 1,Afturelding,Vestri,16.0,0.9492,0.1399,0.04,0.1053,1,0.95
2025-08,2025-08-06,ICELAND 1,Fram,Stjarnan,50.0,0.9822,0.0589,0.04,0.0667,1,0.95
2025-08,2025-08-06,USA 2,Rhode Island,Detroit,13.0,0.9299,0.042,0.07,0.1429,1,0.95
2025-08,2025-08-08,POLAND 1,Korona Kielce,Radomiak Radom,13.5,0.9405,0.1492,0.04,0.1053,1,0.95
2025-08,2025-08-08,EGYPT 1,Al Masry,Al Ittihad,6.8,0.8945,0.2379,0.15,0.1667,1,0.95
2025-08,2025-08-08,NETHERLANDS 2,Oss,Maastricht,24.0,0.9703,0.2383,0.05,0.0667,1,0.95
2025-08,2025-08-08,NETHERLANDS 1,Sittard,G.A. Eagles,18.0,0.9537,0.1196,0.05,0.0769,1,0.95
2025-08,2025-08-08,POLAND 1,Gornik Zabrze,Termalica B-B.,16.0,0.9798,0.6273,0.04,0.0667,1,0.95
2025-08,2025-08-08,IRELAND 2,Kerry,Finn Harps,10.5,0.9146,0.0575,0.06,0.1538,1,0.95
2025-08,2025-08-08,IRELAND 2,UC Dublin,Wexford,15.0,0.944,0.1132,0.06,0.1,1,0.95
2025-08,2025-08-08,CHILE 1,Palestino,Deportes Iquique,17.5,0.9542,0.1511,0.04,0.0833,1,0.95
2025-08,2025-08-08,PORTUGAL 1,Casa Pia,Sporting CP,17.0,0.9548,0.1838,0.02,0.0667,1,0.95
2025-08,2025-08-08,PERU 2,AD Cantolao,Deportivo Coopsol,11.0,0.9174,0.0459,0.08,0.1429,0,-10.0
2025-08,2025-08-08,ECUADOR 1,Orense,U. Catolica,13.0,0.9464,0.2553,0.03,0.1053,1,0.95
2025-08,2025-08-09,MEXICO 1,Tigres UANL,Puebla,17.5,0.953,0.1295,0.08,0.0667,1,0.95
2025-08,2025-08-09,GERMANY 2,Braunschweig,Greuther Furth,18.5,0.9727,0.447,0.04,0.0667,1,0.95
2025-08,2025-08-09,FINLAND 1,KTP,KuPS,23.0,0.9708,0.28,0.07,0.0667,1,0.95
2025-08,2025-08-09,ENGLAND 2,Middlesbrough,Swansea,13.5,0.9327,0.0445,0.07,0.1176,1,0.95
2025-08,2025-08-09,ENGLAND 2,Oxford Utd,Portsmouth,12.0,0.9224,0.0231,0.07,0.1176,1,0.95
2025-08,2025-08-09,ENGLAND 2,QPR,Preston,10.0,0.9088,0.0424,0.07,0.1176,1,0.95
2025-08,2025-08-09,ENGLAND 2,Stoke,Derby,8.8,0.9014,0.0876,0.07,0.1538,1,0.95
2025-08,2025-08-09,ENGLAND 2,West Brom,Blackburn,10.0,0.9327,0.2808,0.07,0.1176,1,0.95
2025-08,2025-08-09,ENGLAND 3,Barnsley,Burton,15.5,0.9458,0.1119,0.07,0.0667,1,0.95
2025-08,2025-08-09,ENGLAND 3,Leyton Orient,Wigan,11.5,0.926,0.1027,0.07,0.125,1,0.95
2025-08,2025-08-09,ENGLAND 3,Stevenage,Rotherham,10.5,0.9296,0.2145,0.07,0.1176,1,0.95
2025-08,2025-08-09,SCOTLAND 1,Livingston,Falkirk,12.0,0.9441,0.2817,0.04,0.0833,1,0.95
2025-08,2025-08-09,SLOVENIA 1,Bravo,Aluminij,17.0,0.9465,0.0431,0.03,0.1053,1,0.95
2025-08,2025-08-09,TURKEY 1,Samsunspor,Genclerbirligi,19.0,0.9519,0.039,0.04,0.0909,1,0.95
2025-08,2025-08-09,CHILE 1,Huachipato,Union La Calera,12.5,0.9482,0.305,0.04,0.1333,1,0.95
2025-08,2025-08-09,FRANCE 2,Dunkerque,Clermont,11.0,0.9413,0.3067,0.05,0.125,1,0.95
2025-08,2025-08-09,FRANCE 2,Laval,St Etienne,11.5,0.9276,0.1207,0.05,0.1176,1,0.95
2025-08,2025-08-09,FRANCE 2,Rodez,Nancy,12.5,0.9306,0.0857,0.05,0.1111,0,-11.5
2025-08,2025-08-09,BULGARIA 1,Slavia Sofia,Ludogorets,11.5,0.9335,0.1884,0.07,0.1,1,0.95
2025-08,2025-08-09,TURKEY 1,Antalyaspor,Kasimpasa,13.5,0.9341,0.0643,0.04,0.1,1,0.95
2025-08,2025-08-09,BRAZIL 1,Sao Paulo,Vitoria,10.5,0.9116,0.0266,0.09,0.1538,1,0.95
2025-08,2025-08-09,BRAZIL 2,Goias,Operario-PR,7.2,0.9113,0.3155,0.09,0.1667,1,0.95
2025-08,2025-08-09,USA 1,Austin FC,Houston Dynamo,13.5,0.9766,0.635,0.03,0.0909,1,0.95
2025-08,2025-08-10,NETHERLANDS 1,Zwolle,Twente,17.0,0.9557,0.1984,0.05,0.0769,1,0.95
2025-08,2025-08-10,CHINA 1,Tianjin Jinmen Tiger,Qingdao West Coast,15.5,0.9708,0.499,0.04,0.0667,0,-14.5
2025-08,2025-08-10,CHINA 1,Wuhan Three Towns,Meizhou Hakka,26.0,0.9644,0.0266,0.04,0.0667,1,0.95
2025-08,2025-08-10,SWEDEN 1,AIK,Djurgarden,9.4,0.9219,0.2201,0.09,0.1333,0,-8.4
2025-08,2025-08-10,TURKEY 2,Bandirmaspor,Sakaryaspor,11.5,0.9336,0.1901,0.06,0.1,1,0.95
2025-08,2025-08-10,NORTHERN IRELAND 1,Coleraine,Larne,13.0,0.9377,0.1427,0.04,0.125,1,0.95
2025-08,2025-08-10,SCOTLAND 1,Hibernian,Kilmarnock,17.0,0.9595,0.2638,0.04,0.0833,1,0.95
2025-08,2025-08-10,PORTUGAL 2,Leixoes,Felgueiras,11.0,0.9416,0.3102,0.06,0.125,1,0.95
2025-08,2025-08-10,SWITZERLAND 1,Lausanne,Zurich,21.0,0.962,0.153,0.03,0.0667,1,0.95
2025-08,2025-08-10,SWITZERLAND 1,Servette,Grasshoppers,21.0,0.9618,0.1498,0.03,0.0667,1,0.95
2025-08,2025-08-10,NETHERLANDS 1,Utrecht,Heracles,16.5,0.9458,0.0576,0.05,0.0769,1,0.95
2025-08,2025-08-10,NORWAY 1,Bryne,KFUM Oslo,12.5,0.9432,0.2425,0.06,0.1429,0,-11.5
2025-08,2025-08-10,POLAND 1,Jagiellonia,Cracovia,15.0,0.9404,0.0585,0.04,0.0909,1,0.95
2025-08,2025-08-10,ESTONIA 1,Kalju,Parnu JK Vaprus,20.0,0.962,0.1914,0.02,0.0769,1,0.95
2025-08,2025-08-10,IRELAND 1,Galway,Shamrock Rovers,11.0,0.9208,0.0827,0.1,0.125,0,-10.0
2025-08,2025-08-10,PORTUGAL 1,Famalicao,Santa Clara,8.2,0.923,0.3223,0.02,0.1538,1,0.95
2025-08,2025-08-10,PORTUGAL 2,Leiria,Academico Viseu,12.0,0.9411,0.2463,0.06,0.1053,1,0.95
2025-08,2025-08-10,TURKEY 1,Eyupspor,Konyaspor,11.5,0.9334,0.1878,0.04,0.1176,1,0.95
2025-08,2025-08-10,ECUADOR 1,Macara,Delfin,10.0,0.9418,0.371,0.05,0.125,0,-9.0
2025-08,2025-08-10,BRAZIL 1,Cruzeiro,Santos,13.5,0.9502,0.2805,0.09,0.0909,1,0.95
2025-08,2025-08-10,BRAZIL 1,Gremio,Sport Recife,10.5,0.9267,0.1839,0.09,0.125,1,0.95
2025-08,2025-08-10,USA 1,Los Angeles Galaxy,Seattle Sounders,22.0,0.962,0.1149,0.03,0.0667,1,0.95
2025-08,2025-08-11,ESTONIA 2,Viimsi JK,Nomme Utd,23.0,0.9614,0.0636,0.01,0.0769,1,0.95
2025-08,2025-08-11,ROMANIA 1,FC Botosani,FC Arges,8.4,0.9157,0.2459,0.08,0.1667,1,0.95
2025-08,2025-08-11,SERBIA 1,IMT Novi Beograd,Zeleznicar Pancevo,19.0,0.9564,0.1239,0.08,0.0667,1,0.95
2025-08,2025-08-11,PORTUGAL 1,Estoril,Estrela,10.5,0.9568,0.4986,0.02,0.1176,1,0.95
2025-08,2025-08-11,BULGARIA 1,Arda,Lok. Plovdiv,8.6,0.9105,0.1851,0.07,0.1538,0,-7.6
2025-08,2025-08-11,ECUADOR 1,Emelec,Dep. Cuenca,9.8,0.9133,0.1048,0.05,0.1538,1,0.95
2025-08,2025-08-11,BRAZIL 2,Criciuma,Athletico-PR,8.6,0.8922,0.0284,0.1,0.1667,1,0.95
2025-08,2025-08-11,BRAZIL 1,Juventude,Corinthians,9.2,0.9208,0.2253,0.09,0.1538,1,0.95
2025-08,2025-08-12,ENGLAND CUP,Gillingham,AFC Wimbledon,10.0,0.9306,0.2598,0.04,0.125,1,0.95
2025-08,2025-08-12,ENGLAND CUP,Leyton Orient,Wycombe,12.0,0.9475,0.3224,0.04,0.1111,1,0.95
2025-08,2025-08-12,BRAZIL 2,CRB,Athletic Club,9.8,0.9275,0.2435,0.1,0.1111,1,0.95
2025-08,2025-08-15,AUSTRIA 2,Bregenz,Floridsdorfer AC,17.0,0.953,0.1531,0.03,0.0909,1,0.95
2025-08,2025-08-15,ITALY CUP,Sassuolo,Catanzaro,16.5,0.9453,0.0501,0.05,0.0769,1,0.95
2025-08,2025-08-15,DENMARK 2,Aalborg,Horsens,14.0,0.935,0.0433,0.1,0.1,1,0.95
2025-08,2025-08-15,FRANCE 2,Grenoble,Laval,11.0,0.9352,0.2408,0.06,0.125,1,0.95
2025-08,2025-08-15,NETHERLANDS 1,Telstar,Zwolle,16.5,0.9466,0.0709,0.05,0.0769,1,0.95
2025-08,2025-08-15,SERBIA 1,Cukaricki,Sp. Subotica,16.5,0.9597,0.287,0.08,0.0769,1,0.95
2025-08,2025-08-15,ECUADOR 1,Delfin,EL Nacional,12.0,0.9363,0.1884,0.05,0.1,1,0.95
2025-08,2025-08-16,ENGLAND 2,Derby,Coventry,9.6,0.9095,0.086,0.07,0.1333,1,0.95
2025-08,2025-08-16,ENGLAND 2,Portsmouth,Norwich,13.5,0.9455,0.2173,0.07,0.0909,1,0.95
2025-08,2025-08-16,FRANCE 2,Annecy,Dunkerque,12.5,0.9435,0.2462,0.06,0.125,1,0.95
2025-08,2025-08-16,ENGLAND 2,Millwall,Middlesbrough,10.5,0.9204,0.1177,0.07,0.1176,1,0.95
2025-08,2025-08-16,ENGLAND 3,Cardiff,Rotherham,13.5,0.9618,0.4362,0.07,0.0833,1,0.95
2025-08,2025-08-16,ENGLAND 1,Tottenham,Burnley,18.0,0.9519,0.0872,0.05,0.0909,1,0.95
2025-08,2025-08-16,SCOTLAND 3,Queen of South,Peterhead,16.5,0.9437,0.0244,0.05,0.1,1,0.95
2025-08,2025-08-16,PORTUGAL 2,Academico Viseu,Pacos Ferreira,11.0,0.9346,0.2339,0.06,0.1333,0,-10.0
2025-08,2025-08-16,PORTUGAL 1,Tondela,Famalicao,10.5,0.9437,0.3615,0.02,0.125,1,0.95
2025-08,2025-08-16,CZECH 1,Slovacko,Teplice,14.5,0.9365,0.033,0.04,0.1176,1,0.95
2025-08,2025-08-16,PORTUGAL 1,Vitoria Guimaraes,Estoril,13.5,0.949,0.2634,0.02,0.1,1,0.95
2025-08,2025-08-16,SPAIN 2,Malaga,Eibar,8.2,0.9355,0.4241,0.05,0.1667,1,0.95
2025-08,2025-08-16,ROMANIA 1,Petrolul,FC Hermannstadt,9.0,0.903,0.0817,0.08,0.1538,1,0.95
2025-08,2025-08-16,TURKEY 1,Alanyaspor,Rizespor,15.5,0.944,0.0842,0.05,0.0833,0,-14.5
2025-08,2025-08-16,URUGUAY 1,Liverpool M.,Wanderers,9.0,0.9061,0.1093,0.12,0.1429,1,0.95
2025-08,2025-08-16,BRAZIL 1,Fluminense,Fortaleza,11.5,0.9308,0.1579,0.08,0.1176,1,0.95
2025-08,2025-08-16,BRAZIL 2,Remo,Botafogo SP,8.2,0.8981,0.1192,0.1,0.1333,1,0.95
2025-08,2025-08-16,CHILE 1,Colo Colo,U. Catolica,11.0,0.9187,0.0596,0.03,0.1429,1,0.95
2025-08,2025-08-16,SPAIN 1,Alaves,Levante,8.6,0.9081,0.1639,0.06,0.1538,1,0.95
2025-08,2025-08-16,SPAIN 1,Valencia,Real Sociedad,8.8,0.9381,0.4083,0.06,0.1538,1,0.95
2025-08,2025-08-16,SPAIN 2,Granada CF,Dep. La Coruna,10.0,0.9467,0.4198,0.05,0.125,1,0.95
2025-08,2025-08-16,BRAZIL 1,Sport Recife,Sao Paulo,8.4,0.9278,0.3475,0.08,0.1333,1,0.95
2025-08,2025-08-16,BRAZIL 1,Vitoria,Juventude,11.0,0.9177,0.0491,0.08,0.1111,1,0.95
2025-08,2025-08-16,CHILE 1,O'Higgins,Cobresal,16.5,0.9618,0.3217,0.03,0.0667,1,0.95
2025-08,2025-08-16,MEXICO 1,Guadalajara Chivas,Juarez,14.5,0.9411,0.0984,0.08,0.0909,1,0.95
2025-08,2025-08-16,USA 1,CF Montreal,DC United,17.5,0.9679,0.3892,0.03,0.0667,1,0.95
2025-08,2025-08-16,USA 1,Toronto FC,Columbus Crew,18.0,0.9789,0.5708,0.03,0.0667,1,0.95
2025-08,2025-08-16,BRAZIL 1,Corinthians,Bahia,8.2,0.8904,0.057,0.08,0.1538,1,0.95
2025-08,2025-08-16,USA 1,Austin FC,FC Dallas,17.0,0.9571,0.222,0.03,0.0667,1,0.95
2025-08,2025-08-16,USA 1,Minnesota United,Seattle Sounders,17.0,0.9548,0.1838,0.03,0.0769,1,0.95
2025-08,2025-08-17,PORTUGAL 2,SC Farense,Torreense,11.5,0.9346,0.2012,0.06,0.125,1,0.95
2025-08,2025-08-17,SWEDEN 1,Goteborg,AIK,9.8,0.9201,0.1712,0.09,0.125,1,0.95
2025-08,2025-08-17,NETHERLANDS 1,Sparta Rotterdam,Utrecht,19.5,0.963,0.231,0.05,0.0833,1,0.95
2025-08,2025-08-17,ENGLAND 1,Nottingham,Brentford,12.5,0.9314,0.0964,0.06,0.1053,1,0.95
2025-08,2025-08-17,FRANCE 1,Brest,Lille,14.0,0.9357,0.0524,0.04,0.1053,1,0.95
2025-08,2025-08-17,ENGLAND 2,Hull,Oxford Utd,10.0,0.9275,0.2283,0.07,0.125,1,0.95
2025-08,2025-08-17,PORTUGAL 1,Rio Ave,Nacional,13.0,0.9587,0.4151,0.02,0.1111,1,0.95
2025-08,2025-08-17,AUSTRIA 1,LASK,Austria Vienna,21.0,0.9583,0.0767,0.08,0.0667,1,0.95
2025-08,2025-08-17,NORWAY 1,KFUM Oslo,Molde,11.0,0.9314,0.1993,0.06,0.1,0,-10.0
2025-08,2025-08-17,SPAIN 1,Celta Vigo,Getafe,9.0,0.9303,0.3259,0.05,0.1538,1,0.95
2025-08,2025-08-17,FRANCE 1,Angers,Paris FC,10.5,0.9358,0.2792,0.04,0.1053,1,0.95
2025-08,2025-08-17,FRANCE 1,Auxerre,Lorient,13.0,0.9426,0.2071,0.04,0.1111,1,0.95
2025-08,2025-08-17,FRANCE 1,Metz,Strasbourg,14.5,0.9411,0.0984,0.04,0.0909,1,0.95
2025-08,2025-08-17,DENMARK 1,Randers FC,Brondby,16.0,0.9454,0.0791,0.04,0.0909,1,0.95
2025-08,2025-08-17,SERBIA 1,Radnicki 1923,Napredak,18.5,0.9513,0.0511,0.08,0.0769,0,-17.5
2025-08,2025-08-17,SERBIA 1,Zeleznicar Pancevo,Radnicki Nis,15.5,0.9446,0.0933,0.08,0.0909,1,0.95
2025-08,2025-08-17,SPAIN 1,Ath Bilbao,Sevilla,11.0,0.9182,0.0545,0.05,0.125,1,0.95
2025-08,2025-08-17,NETHERLANDS 1,NAC Breda,Sittard,12.5,0.9507,0.3357,0.05,0.1,1,0.95
2025-08,2025-08-17,ITALY CUP,Cesena,Pisa,9.8,0.9386,0.3514,0.06,0.125,0,-8.8
2025-08,2025-08-17,SPAIN 1,Espanyol,Atl. Madrid,14.0,0.9335,0.0221,0.05,0.1,1,0.95
2025-08,2025-08-17,SPAIN 2,Las Palmas,Andorra,13.5,0.9333,0.0532,0.05,0.1,1,0.95
2025-08,2025-08-17,ECUADOR 1,Tecnico U.,Emelec,9.4,0.9299,0.2944,0.05,0.1429,1,0.95
2025-08,2025-08-17,COLOMBIA 2,Cucuta,Boca Juniors,7.2,0.9018,0.2476,0.1,0.125,1,0.95
2025-08,2025-08-17,BRAZIL 1,Internacional,Flamengo RJ,8.6,0.914,0.215,0.08,0.1333,1,0.95
2025-08,2025-08-17,CHILE 1,Coquimbo,Everton,11.0,0.9367,0.2574,0.03,0.1538,1,0.95
2025-08,2025-08-17,ECUADOR 1,Barcelona SC,Macara,15.5,0.9433,0.0734,0.05,0.1111,1,0.95
2025-08,2025-08-17,BRAZIL 1,Botafogo RJ,Palmeiras,8.4,0.8989,0.1061,0.08,0.1538,1,0.95
2025-08,2025-08-17,USA 1,Vancouver Whitecaps,Houston Dynamo,17.5,0.9567,0.1945,0.03,0.0667,1,0.95
2025-08,2025-08-18,GERMANY CUP,Preussen Munster,Hertha Berlin,14.0,0.9659,0.4746,0.02,0.0909,0,-13.0
2025-08,2025-08-18,ITALY CUP,Spezia,Sampdoria,10.5,0.9296,0.2145,0.06,0.125,1,0.95
2025-08,2025-08-18,NORWAY 2,Asane,Raufoss,15.5,0.9446,0.0933,0.03,0.0909,1,0.95
2025-08,2025-08-18,TURKEY 2,Amedspor,Erzurumspor,7.6,0.9458,0.5404,0.05,0.1667,1,0.95
2025-08,2025-08-18,TURKEY 1,Kasimpasa,Trabzonspor,17.0,0.9521,0.138,0.05,0.0833,1,0.95
2025-08,2025-08-18,PORTUGAL 1,Gil Vicente,FC Porto,15.5,0.9581,0.3028,0.02,0.0909,1,0.95
2025-08,2025-08-19,ENGLAND 3,Luton,Wigan,12.0,0.9364,0.19,0.04,0.1429,1,0.95
2025-08,2025-08-19,ENGLAND 3,Northampton,Lincoln,10.5,0.9283,0.2005,0.04,0.1429,1,0.95
2025-08,2025-08-19,ENGLAND 3,Port Vale,Stevenage,9.0,0.9306,0.3292,0.04,0.1538,1,0.95
2025-08,2025-08-19,ENGLAND 5,Boston Utd,FC Halifax,12.0,0.9373,0.2008,0.06,0.1111,1,0.95
2025-08,2025-08-22,POLAND 1,Radomiak Radom,Termalica B-B.,16.5,0.9441,0.03,0.05,0.0833,1,0.95
2025-08,2025-08-22,SERBIA 1,Javor,Napredak,11.5,0.9212,0.0478,0.07,0.125,0,-10.5
2025-08,2025-08-22,SPAIN 2,Eibar,Granada CF,9.6,0.9327,0.3071,0.04,0.1333,1,0.95
2025-08,2025-08-22,FRANCE 2,Amiens,Annecy,10.0,0.9283,0.2367,0.06,0.1333,1,0.95
2025-08,2025-08-22,FRANCE 2,Clermont,Grenoble,12.5,0.9341,0.1301,0.06,0.1053,1,0.95
2025-08,2025-08-22,FRANCE 2,Dunkerque,Nancy,11.0,0.9278,0.1599,0.06,0.1429,1,0.95
2025-08,2025-08-22,FRANCE 2,Rodez,Laval,14.0,0.9439,0.1676,0.06,0.1,1,0.95
2025-08,2025-08-22,SLOVENIA 1,Domzale,Aluminij,15.0,0.9421,0.0841,0.02,0.1,1,0.95
2025-08,2025-08-22,POLAND 1,Widzew Lodz,Pogon Szczecin,16.0,0.947,0.105,0.05,0.0833,1,0.95
2025-08,2025-08-22,TURKEY 1,Karagumruk,Goztepe,11.0,0.9245,0.1231,0.05,0.1111,1,0.95
2025-08,2025-08-22,IRELAND 2,Finn Harps,Athlone,15.0,0.9387,0.033,0.06,0.1053,1,0.95
2025-08,2025-08-22,IRELAND 1,Drogheda,St. Patricks,9.8,0.9093,0.0658,0.1,0.125,1,0.95
2025-08,2025-08-22,IRELAND 1,Galway,Derry City,9.0,0.9267,0.2942,0.1,0.1429,1,0.95
2025-08,2025-08-22,WALES 1,Bala,Colwyn Bay,16.5,0.9453,0.0501,0.07,0.1,1,0.95
2025-08,2025-08-22,ENGLAND 2,Derby,Bristol City,10.0,0.9327,0.2808,0.07,0.1538,1,0.95
2025-08,2025-08-22,SPAIN 1,Betis,Alaves,10.5,0.9384,0.3066,0.05,0.125,1,0.95
2025-08,2025-08-22,MEXICO 2,Leones Negros,Tapatio,7.4,0.9252,0.4003,0.08,0.0909,1,0.95
2025-08,2025-08-23,GERMANY 2,Hannover,Magdeburg,18.5,0.9513,0.0511,0.04,0.0667,1,0.95
2025-08,2025-08-23,ENGLAND 2,Swansea,Watford,11.0,0.9308,0.1921,0.05,0.1176,1,0.95
2025-08,2025-08-23,ENGLAND 3,Luton,Cardiff,11.0,0.9435,0.331,0.04,0.1053,1,0.95
2025-08,2025-08-23,FRANCE 2,Troyes,Montpellier,13.0,0.9385,0.1537,0.06,0.1111,1,0.95
2025-08,2025-08-23,GERMANY 3,Alemannia Aachen,Munich 1860,13.0,0.9326,0.0778,0.05,0.1,1,0.95
2025-08,2025-08-23,GERMANY 3,VfL Osnabruck,Saarbrucken,16.5,0.9515,0.1522,0.05,0.0769,1,0.95
2025-08,2025-08-23,GERMANY 1,Freiburg,Augsburg,13.5,0.9374,0.1076,0.07,0.0909,1,0.95
2025-08,2025-08-23,GERMANY 1,Union Berlin,Stuttgart,19.0,0.9545,0.0873,0.07,0.0667,1,0.95
2025-08,2025-08-23,ENGLAND 2,Coventry,QPR,14.5,0.9414,0.1031,0.05,0.0667,1,0.95
2025-08,2025-08-23,ENGLAND 2,Norwich,Middlesbrough,13.5,0.9461,0.2246,0.05,0.0909,1,0.95
2025-08,2025-08-23,ENGLAND 2,Preston,Ipswich,11.5,0.9381,0.2411,0.05,0.1176,1,0.95
2025-08,2025-08-23,ENGLAND 2,Sheffield Utd,Millwall,11.0,0.9412,0.3062,0.05,0.0909,1,0.95
2025-08,2025-08-23,ENGLAND 2,Southampton,Stoke,14.5,0.9405,0.0904,0.05,0.0909,1,0.95
2025-08,2025-08-23,ENGLAND 2,West Brom,Portsmouth,13.0,0.9405,0.179,0.05,0.0909,1,0.95
2025-08,2025-08-23,ENGLAND 3,Bolton,Lincoln,12.0,0.9411,0.2467,0.04,0.1176,1,0.95
2025-08,2025-08-23,ENGLAND 3,Huddersfield,Stevenage,10.5,0.9189,0.1027,0.04,0.1333,1,0.95
2025-08,2025-08-23,ENGLAND 3,Mansfield,Leyton Orient,14.0,0.9342,0.0324,0.04,0.1053,1,0.95
2025-08,2025-08-23,ENGLAND 3,Northampton,Exeter,10.0,0.9404,0.357,0.04,0.1333,1,0.95
2025-08,2025-08-23,ENGLAND 3,Port Vale,Doncaster,10.0,0.9314,0.2672,0.04,0.1333,1,0.95
2025-08,2025-08-23,ENGLAND 3,Stockport County,Burton,14.0,0.9482,0.2275,0.04,0.0909,1,0.95
2025-08,2025-08-23,ENGLAND 1,Burnley,Sunderland,9.2,0.9341,0.3474,0.06,0.1333,1,0.95
2025-08,2025-08-23,NORTHERN IRELAND 2,Armagh,Institute,6.2,0.9539,0.6662,0.04,0.069,1,0.95
2025-08,2025-08-23,NORWAY 2,Mjondalen,Hodd,16.5,0.9521,0.1625,0.03,0.0769,1,0.95
2025-08,2025-08-23,SCOTLAND 3,Peterhead,Cove Rangers,15.5,0.9453,0.1048,0.04,0.0769,1,0.95
2025-08,2025-08-23,SCOTLAND 1,Kilmarnock,Dundee FC,13.5,0.9375,0.11,0.04,0.1,0,-12.5
2025-08,2025-08-23,PORTUGAL 1,Moreirense,Vitoria Guimaraes,10.0,0.9481,0.4334,0.02,0.1333,1,0.95
2025-08,2025-08-23,SPAIN 1,Mallorca,Celta Vigo,9.4,0.9341,0.3343,0.05,0.1176,1,0.95
2025-08,2025-08-23,CYPRUS 1,Aris,Apollon,12.0,0.9479,0.3273,0.06,0.1,1,0.95
2025-08,2025-08-23,ITALY 3,Alcione Milano,Triestina,9.4,0.9109,0.117,0.08,0.1667,1,0.95
2025-08,2025-08-23,NORWAY 2,Start,Aalesund,16.5,0.9581,0.261,0.03,0.0833,1,0.95
2025-08,2025-08-23,ISRAEL 1,Hapoel Jerusalem,SC Ashdod,15.5,0.9498,0.174,0.06,0.1,1,0.95
2025-08,2025-08-23,BELGIUM 2,K. Lierse S.K.,Eupen,14.5,0.9405,0.0904,0.07,0.0909,1,0.95
2025-08,2025-08-23,PERU 1,Los Chankas,Sport Boys,13.0,0.9303,0.0479,0.14,0.1176,1,0.95
2025-08,2025-08-23,GERMANY 2,Schalke,Bochum,17.0,0.9585,0.2461,0.04,0.0769,1,0.95
2025-08,2025-08-23,ITALY 1,AS Roma,Bologna,10.5,0.9119,0.0289,0.08,0.125,1,0.95
2025-08,2025-08-23,BRAZIL 1,Bragantino,Fluminense,8.8,0.9061,0.128,0.06,0.1538,1,0.95
2025-08,2025-08-23,CHILE 1,Cobresal,Union La Calera,12.0,0.9618,0.4935,0.03,0.1176,1,0.95
2025-08,2025-08-23,GREECE 1,Panetolikos,Atromitos,9.0,0.9238,0.2682,0.06,0.1538,1,0.95
2025-08,2025-08-23,PORTUGAL 1,Arouca,Rio Ave,12.0,0.9377,0.2058,0.02,0.1053,1,0.95
2025-08,2025-08-23,SPAIN 2,Zaragoza,Andorra,12.0,0.9384,0.214,0.04,0.125,1,0.95
2025-08,2025-08-23,BRAZIL 1,Cruzeiro,Internacional,11.0,0.9351,0.2389,0.06,0.1176,1,0.95
2025-08,2025-08-23,CHILE 1,A. Italiano,Coquimbo,10.0,0.925,0.2037,0.03,0.125,1,0.95
2025-08,2025-08-23,USA 1,CF Montreal,Austin FC,16.0,0.9764,0.5741,0.02,0.0833,1,0.95
2025-08,2025-08-23,BRAZIL 1,Gremio,Ceara,8.2,0.9186,0.287,0.06,0.1538,0,-7.2
2025-08,2025-08-23,USA 1,FC Dallas,Los Angeles FC,17.5,0.9577,0.2119,0.02,0.0667,1,0.95
2025-08,2025-08-23,USA 1,Nashville SC,Orlando City,21.0,0.9667,0.2534,0.02,0.0667,1,0.95
2025-08,2025-08-23,USA 1,Real Salt Lake,Minnesota United,18.0,0.9618,0.2644,0.02,0.0667,1,0.95
2025-08,2025-08-24,GERMANY 2,Greuther Furth,Holstein Kiel,19.0,0.9539,0.0756,0.04,0.0667,1,0.95
2025-08,2025-08-24,POLAND 1,Piast Gliwice,Cracovia,9.4,0.9124,0.1311,0.06,0.1333,0,-8.4
2025-08,2025-08-24,CZECH 1,Hradec Kralove,Sigma Olomouc,13.5,0.9448,0.2072,0.04,0.1053,1,0.95
2025-08,2025-08-24,ENGLAND 1,Crystal Palace,Nottingham,10.5,0.9258,0.1742,0.06,0.1176,1,0.95
2025-08,2025-08-24,ENGLAND 1,Everton,Brighton,12.5,0.9374,0.1707,0.06,0.0909,1,0.95
2025-08,2025-08-24,PORTUGAL 2,Leixoes,Penafiel,12.0,0.9323,0.1412,0.06,0.1053,1,0.95
2025-08,2025-08-24,ROMANIA 1,Otelul,CFR Cluj,9.2,0.9355,0.3596,0.07,0.1111,1,0.95
2025-08,2025-08-24,WOM BRAZIL 1,Sao Paulo W,Corinthians W,9.2,0.9223,0.2389,0.05,0.1333,1,0.95
2025-08,2025-08-24,GERMANY 1,Mainz,FC Koln,16.0,0.9531,0.2018,0.06,0.0833,1,0.95
2025-08,2025-08-24,DENMARK 1,Sonderjyske,Brondby,19.0,0.9525,0.0491,0.04,0.0667,1,0.95
2025-08,2025-08-24,PORTUGAL 1,Famalicao,Gil Vicente,9.4,0.9014,0.0283,0.03,0.1333,0,-8.4
2025-08,2025-08-24,NETHERLANDS 2,Den Bosch,Oss,14.5,0.9764,0.6094,0.05,0.0833,1,0.95
2025-08,2025-08-24,AUSTRIA 1,Altach,Grazer AK,12.0,0.9327,0.1455,0.08,0.1176,1,0.95
2025-08,2025-08-24,EGYPT 1,Al Ittihad,National Bank Egypt,7.6,0.8838,0.0726,0.21,0.1538,0,-6.6
2025-08,2025-08-24,SPAIN 1,Osasuna,Valencia,9.6,0.9334,0.3143,0.05,0.125,1,0.95
2025-08,2025-08-24,SPAIN 2,Dep. La Coruna,Burgos CF,10.0,0.9496,0.4482,0.05,0.1333,0,-9.0
2025-08,2025-08-24,FRANCE 1,Le Havre,Lens,16.0,0.9787,0.6098,0.04,0.0833,1,0.95
2025-08,2025-08-24,TURKEY 2,Erzurumspor,Pendikspor,9.6,0.9244,0.2281,0.05,0.1429,1,0.95
2025-08,2025-08-24,ITALY 1,Como,Lazio,12.5,0.9354,0.1463,0.07,0.0909,1,0.95
2025-08,2025-08-24,ITALY 2,Spezia,Carrarese,10.5,0.9319,0.2382,0.07,0.125,1,0.95
2025-08,2025-08-24,ITALY 2,Venezia,Bari,11.0,0.9173,0.0441,0.07,0.1176,1,0.95
2025-08,2025-08-24,SLOVAKIA 1,Zilina,Podbrezova,17.0,0.9533,0.1577,0.06,0.0667,1,0.95
2025-08,2025-08-24,NORWAY 1,Molde,Tromso,15.0,0.9495,0.1954,0.05,0.0833,1,0.95
2025-08,2025-08-24,SPAIN 1,Real Sociedad,Espanyol,11.0,0.9346,0.2339,0.05,0.1,1,0.95
2025-08,2025-08-24,ROMANIA 1,FCSB,FC Arges,15.0,0.9432,0.1004,0.07,0.0909,1,0.95
2025-08,2025-08-24,FRANCE 1,Lille,Monaco,19.5,0.9531,0.037,0.04,0.0667,1,0.95
2025-08,2025-08-24,BRAZIL 1,Vasco,Corinthians,9.2,0.9411,0.4112,0.06,0.1429,1,0.95
2025-08,2025-08-24,BRAZIL 2,Paysandu PA,Operario-PR,8.2,0.8939,0.0851,0.12,0.1538,1,0.95
2025-08,2025-08-24,SPAIN 2,Malaga,Real Sociedad B,11.5,0.9432,0.2998,0.05,0.1176,1,0.95
2025-08,2025-08-24,BRAZIL 1,Juventude,Botafogo RJ,10.5,0.9333,0.2527,0.06,0.125,1,0.95
2025-08,2025-08-24,CHILE 1,Deportes Iquique,Nublense,19.5,0.9584,0.1405,0.03,0.0909,1,0.95
2025-08,2025-08-24,BRAZIL 1,Sao Paulo,Atletico-MG,9.2,0.9373,0.3763,0.06,0.1538,1,0.95
2025-08,2025-08-24,MEXICO 1,Atlas,Club America,16.0,0.9482,0.1236,0.08,0.0769,1,0.95
2025-08,2025-08-25,ENGLAND 5,Scunthorpe,FC Halifax,14.5,0.9432,0.1288,0.06,0.0909,1,0.95
2025-08,2025-08-25,ROMANIA 1,FC Hermannstadt,Farul Constanta,11.5,0.9299,0.1472,0.07,0.1176,1,0.95
2025-08,2025-08-25,TURKEY 1,Eyupspor,Alanyaspor,13.0,0.9405,0.179,0.05,0.1,1,0.95
2025-08,2025-08-25,ITALY 1,Udinese,Verona,9.6,0.9244,0.2278,0.07,0.1538,1,0.95
2025-08,2025-08-25,SWEDEN 2,Sundsvall,Oddevold,11.0,0.9176,0.0472,0.09,0.1176,1,0.95
2025-08,2025-08-25,SWEDEN 2,Trelleborg,Landskrona,16.0,0.9515,0.1765,0.09,0.0833,1,0.95
2025-08,2025-08-25,SPAIN 1,Ath Bilbao,Rayo Vallecano,12.0,0.9299,0.1121,0.04,0.1176,1,0.95
2025-08,2025-08-25,ITALY 2,Sampdoria,Modena,8.6,0.9034,0.1239,0.07,0.1429,1,0.95
2025-08,2025-08-25,SPAIN 1,Sevilla,Getafe,8.0,0.8918,0.0896,0.04,0.1667,1,0.95
2025-08,2025-08-25,ECUADOR 1,Orense,Delfin,12.0,0.9449,0.2915,0.04,0.1333,1,0.95
2025-08,2025-08-26,ENGLAND CUP,Cambridge Utd,Charlton,11.5,0.9404,0.2672,0.04,0.1176,1,0.95
2025-08,2025-08-26,ENGLAND CUP,Bournemouth,Brentford,22.0,0.9643,0.1656,0.04,0.0667,1,0.95
2025-08,2025-08-26,ENGLAND CUP,Millwall,Coventry,13.5,0.9476,0.2447,0.04,0.0769,1,0.95
2025-08,2025-08-26,ENGLAND CUP,Sunderland,Huddersfield,16.5,0.9557,0.2205,0.04,0.0769,1,0.95
2025-08,2025-08-28,SAUDI ARABIA 1,Damac,Al Hazem,17.0,0.9578,0.2345,0.03,0.0769,1,0.95
2025-08,2025-08-28,CHILE 1,Everton,La Serena,15.5,0.9789,0.6236,0.03,0.0769,1,0.95
2025-08,2025-08-29,SLOVENIA 1,Aluminij,Koper,18.0,0.9586,0.2069,0.01,0.0833,1,0.95
2025-08,2025-08-29,GERMANY 2,Hertha Berlin,Elversberg,18.0,0.9708,0.426,0.03,0.0667,1,0.95
2025-08,2025-08-29,GERMANY 2,Nurnberg,Paderborn,18.0,0.96,0.232,0.03,0.0667,0,-17.0
2025-08,2025-08-29,DENMARK 2,Hvidovre IF,Hobro,17.0,0.9575,0.23,0.09,0.0769,1,0.95
2025-08,2025-08-29,DENMARK 1,Vejle,Viborg,15.5,0.9741,0.5505,0.04,0.0909,1,0.95
2025-08,2025-08-29,PORTUGAL 2,Leiria,Torreense,9.6,0.9176,0.1627,0.06,0.1333,1,0.95
2025-08,2025-08-29,FRANCE 4,Saint Priest,Cannes,10.5,0.9377,0.2986,0.06,0.125,1,0.95
2025-08,2025-08-29,FRANCE 2,Red Star,Annecy,10.5,0.9346,0.2666,0.06,0.125,1,0.95
2025-08,2025-08-29,NETHERLANDS 2,Jong Ajax,Maastricht,22.0,0.959,0.0499,0.06,0.0667,0,-21.0
2025-08,2025-08-29,NETHERLANDS 2,Oss,Dordrecht,25.0,0.9633,0.0345,0.06,0.0667,1,0.95
2025-08,2025-08-29,AUSTRIA 2,A. Klagenfurt,Admira,13.5,0.9386,0.1243,0.05,0.125,1,0.95
2025-08,2025-08-29,TURKEY 1,Goztepe,Konyaspor,12.5,0.9418,0.2256,0.05,0.1,1,0.95
2025-08,2025-08-29,IRELAND 1,Derry City,St. Patricks,9.6,0.9121,0.111,0.09,0.1333,1,0.95
2025-08,2025-08-29,ENGLAND 2,Leicester,Birmingham,10.5,0.9321,0.2401,0.05,0.1111,1,0.95
2025-08,2025-08-29,CHILE 1,Union La Calera,Palestino,12.5,0.9375,0.1714,0.03,0.1333,1,0.95
2025-08,2025-08-30,PORTUGAL 2,Penafiel,Chaves,12.5,0.9439,0.2517,0.06,0.1176,1,0.95
2025-08,2025-08-30,ENGLAND 2,Stoke,West Brom,11.5,0.9298,0.1463,0.05,0.1176,1,0.95
2025-08,2025-08-30,ENGLAND 2,Bristol City,Hull,13.0,0.9421,0.2,0.05,0.0909,1,0.95
2025-08,2025-08-30,ENGLAND 2,Ipswich,Derby,12.0,0.9372,0.1996,0.05,0.125,1,0.95
2025-08,2025-08-30,ENGLAND 2,Portsmouth,Preston,11.0,0.9646,0.5622,0.05,0.1111,1,0.95
2025-08,2025-08-30,ENGLAND 2,Sheffield Wed,Swansea,11.5,0.9412,0.2768,0.05,0.1176,1,0.95
2025-08,2025-08-30,ENGLAND 2,Watford,Southampton,12.5,0.9355,0.1467,0.05,0.1,1,0.95
2025-08,2025-08-30,ENGLAND 3,Bradford City,AFC Wimbledon,11.5,0.9417,0.2829,0.04,0.1333,1,0.95
2025-08,2025-08-30,ENGLAND 3,Exeter,Peterborough,15.5,0.9502,0.18,0.04,0.0909,1,0.95
2025-08,2025-08-30,ENGLAND 3,Leyton Orient,Northampton,11.5,0.9346,0.2012,0.04,0.1111,1,0.95
2025-08,2025-08-30,ENGLAND 3,Reading,Port Vale,12.0,0.9377,0.2051,0.04,0.1111,1,0.95
2025-08,2025-08-30,ENGLAND 3,Stevenage,Wycombe,11.0,0.9216,0.0913,0.04,0.125,1,0.95
2025-08,2025-08-30,ENGLAND 3,Wigan,Stockport County,9.4,0.9306,0.3014,0.04,0.125,1,0.95
2025-08,2025-08-30,ENGLAND 5,Braintree,Forest Green,16.5,0.9511,0.1451,0.06,0.0667,0,-15.5
2025-08,2025-08-30,ENGLAND 5,FC Halifax,Yeovil,8.8,0.9112,0.1732,0.06,0.1538,1,0.95
2025-08,2025-08-30,ENGLAND 5,Hartlepool,Boreham Wood,15.0,0.9446,0.121,0.06,0.0909,0,-14.0
2025-08,2025-08-30,ENGLAND 1,Tottenham,Bournemouth,22.0,0.962,0.1154,0.05,0.0667,1,0.95
2025-08,2025-08-30,ENGLAND 1,Wolves,Everton,11.0,0.9356,0.245,0.05,0.1429,1,0.95
2025-08,2025-08-30,SCOTLAND 3,Montrose,Peterhead,19.0,0.9513,0.0267,0.05,0.0833,1,0.95
2025-08,2025-08-30,PORTUGAL 2,Feirense,Leixoes,11.0,0.9207,0.0818,0.06,0.1333,1,0.95
2025-08,2025-08-30,PORTUGAL 1,Casa Pia,Nacional,11.5,0.9725,0.6347,0.03,0.1333,1,0.95
2025-08,2025-08-30,SPAIN 1,Alaves,Atl. Madrid,10.5,0.9188,0.1019,0.04,0.1333,1,0.95
2025-08,2025-08-30,ITALY 3,Triestina,Lecco,9.2,0.8987,0.0229,0.1,0.1667,1,0.95
2025-08,2025-08-30,SWITZERLAND 1,Thun,Grasshoppers,21.0,0.956,0.0291,0.03,0.0667,1,0.95
2025-08,2025-08-30,GREECE 1,Panserraikos,OFI Crete,15.5,0.9405,0.0302,0.06,0.1,1,0.95
2025-08,2025-08-30,FRANCE 1,Nantes,Auxerre,11.0,0.9294,0.1773,0.03,0.1053,1,0.95
2025-08,2025-08-30,PORTUGAL 1,Vitoria Guimaraes,Arouca,13.5,0.9324,0.0403,0.03,0.1,1,0.95
2025-08,2025-08-30,ITALY 2,Spezia,Catanzaro,11.0,0.9268,0.1487,0.09,0.1176,0,-10.0
2025-08,2025-08-30,PORTUGAL 1,Sporting CP,FC Porto,15.5,0.9412,0.042,0.03,0.0909,1,0.95
2025-08,2025-08-30,CHILE 1,U. Catolica,Cobresal,17.0,0.9492,0.0891,0.03,0.0909,1,0.95
2025-08,2025-08-30,BRAZIL 1,Cruzeiro,Sao Paulo,11.5,0.9365,0.2234,0.06,0.1538,1,0.95
2025-08,2025-08-30,ECUADOR 1,Aucas,Emelec,14.0,0.9342,0.0323,0.04,0.125,1,0.95
2025-08,2025-08-31,GERMANY 2,Kaiserslautern,Darmstadt,18.5,0.9553,0.1248,0.04,0.0833,1,0.95
2025-08,2025-08-31,CHINA 1,Shenzhen Xinpengcheng,Meizhou Hakka,18.0,0.9507,0.0645,0.06,0.0667,1,0.95
2025-08,2025-08-31,SWEDEN 1,AIK,Sirius,15.0,0.9674,0.4631,0.09,0.0909,1,0.95
2025-08,2025-08-31,SWITZERLAND 1,Lausanne,St. Gallen,19.5,0.962,0.21,0.03,0.0769,1,0.95
2025-08,2025-08-31,CZECH 2,Ostrava B,Prostejov,14.0,0.9376,0.0793,0.06,0.0909,1,0.95
2025-08,2025-08-31,NETHERLANDS 1,Sparta Rotterdam,Feyenoord,21.0,0.9686,0.2923,0.04,0.0667,1,0.95
2025-08,2025-08-31,NETHERLANDS 1,Zwolle,Utrecht,16.5,0.9606,0.3012,0.04,0.0833,1,0.95
2025-08,2025-08-31,POLAND 2,Stal Mielec,Ruch Chorzow,16.0,0.9475,0.1123,0.03,0.0909,1,0.95
2025-08,2025-08-31,ENGLAND 1,Nottingham,West Ham,15.0,0.942,0.0827,0.05,0.0769,1,0.95
2025-08,2025-08-31,FRANCE 1,Angers,Rennes,12.5,0.9291,0.0677,0.03,0.1,1,0.95
2025-08,2025-08-31,PORTUGAL 2,Academico Viseu,FC Porto B,12.0,0.9377,0.2051,0.06,0.1111,1,0.95
2025-08,2025-08-31,WOM BRAZIL 1,Corinthians W,Sao Paulo W,8.0,0.9199,0.3135,0.05,0.125,1,0.95
2025-08,2025-08-31,WOM BRAZIL 1,Cruzeiro W,Palmeiras W,8.0,0.9727,0.7333,0.05,0.0667,1,0.95
2025-08,2025-08-31,TURKEY 2,Keciorengucu,Corum,32.0,0.9717,0.0451,0.04,0.0667,1,0.95
2025-08,2025-08-31,DENMARK 1,Odense,Nordsjaelland,17.5,0.9502,0.0805,0.04,0.0667,1,0.95
2025-08,2025-08-31,PORTUGAL 2,Vizela,Oliveirense,19.5,0.9537,0.0502,0.06,0.0667,1,0.95
2025-08,2025-08-31,PORTUGAL 1,Tondela,Estoril,9.6,0.9418,0.3937,0.03,0.1176,1,0.95
2025-08,2025-08-31,SWITZERLAND 1,Servette,Luzern,21.0,0.9614,0.1403,0.03,0.0667,1,0.95
2025-08,2025-08-31,AUSTRIA 1,Austria Vienna,Altach,12.5,0.9389,0.1889,0.08,0.1053,1,0.95
2025-08,2025-08-31,NORWAY 1,Tromso,KFUM Oslo,9.4,0.9242,0.2415,0.05,0.1429,1,0.95
2025-08,2025-08-31,SPAIN 1,Celta Vigo,Villarreal,14.0,0.94,0.1131,0.04,0.0909,1,0.95
2025-08,2025-08-31,SPAIN 2,Andorra,Burgos CF,8.8,0.9411,0.4344,0.04,0.1429,1,0.95
2025-08,2025-08-31,FRANCE 1,Le Havre,Nice,14.5,0.9463,0.1737,0.03,0.1,1,0.95
2025-08,2025-08-31,FRANCE 1,Paris FC,Metz,15.0,0.9498,0.1991,0.03,0.0833,1,0.95
2025-08,2025-08-31,POLAND 2,Odra Opole,LKS Lodz,13.0,0.9411,0.187,0.03,0.1053,1,0.95
2025-08,2025-08-31,ITALY 1,Genoa,Juventus,8.2,0.9248,0.3369,0.07,0.1667,1,0.95
2025-08,2025-08-31,ITALY 1,Torino,Fiorentina,10.5,0.9276,0.1931,0.07,0.125,0,-9.5
2025-08,2025-08-31,ITALY 2,Sudtirol,Sampdoria,9.6,0.9208,0.194,0.11,0.1333,1,0.95
2025-08,2025-08-31,SLOVAKIA 1,Trnava,Dun. Streda,13.0,0.9423,0.2024,0.06,0.1176,1,0.95
2025-08,2025-08-31,SPAIN 1,Betis,Ath Bilbao,11.5,0.9411,0.2761,0.04,0.1176,1,0.95
2025-08,2025-08-31,SPAIN 1,Espanyol,Osasuna,10.0,0.9335,0.2881,0.04,0.1429,1,0.95
2025-08,2025-08-31,SPAIN 2,Las Palmas,Malaga,10.5,0.934,0.2606,0.04,0.1333,1,0.95
2025-08,2025-08-31,ENGLAND 1,Aston Villa,Crystal Palace,12.5,0.9425,0.2341,0.05,0.0769,1,0.95
2025-08,2025-08-31,SLOVENIA 1,O. Ljubljana,Maribor,14.0,0.9365,0.0648,0.01,0.125,1,0.95
2025-08,2025-08-31,TURKEY 1,Trabzonspor,Samsunspor,16.0,0.9534,0.2073,0.06,0.0909,1,0.95
2025-08,2025-08-31,ITALY 1,Lazio,Verona,12.0,0.9272,0.0795,0.07,0.1111,1,0.95
2025-08,2025-08-31,BRAZIL 1,Santos,Fluminense,9.4,0.9076,0.086,0.06,0.1429,0,-8.4
2025-08,2025-08-31,CROATIA 1,Hajduk Split,Rijeka,10.5,0.9278,0.1951,0.1,0.125,1,0.95
2025-08,2025-08-31,GREECE 1,Panathinaikos,Levadiakos,17.0,0.9493,0.0901,0.06,0.0833,1,0.95
2025-08,2025-08-31,ITALY 3,Ternana,Ascoli,9.2,0.9032,0.0647,0.11,0.1538,1,0.95
2025-08,2025-08-31,PORTUGAL 1,Rio Ave,Braga,14.5,0.9451,0.157,0.03,0.0909,1,0.95
2025-08,2025-08-31,SPAIN 2,Granada CF,Mirandes,10.0,0.9336,0.289,0.04,0.1333,1,0.95
2025-08,2025-08-31,BRAZIL 1,Corinthians,Palmeiras,8.0,0.9125,0.2547,0.06,0.1667,1,0.95
2025-08,2025-08-31,BRAZIL 1,Vitoria,Atletico-MG,8.6,0.9372,0.4131,0.06,0.1429,1,0.95
2025-08,2025-08-31,CHILE 1,Nublense,U. Espanola,17.5,0.9577,0.2119,0.03,0.0833,1,0.95
2025-08,2025-08-31,BRAZIL 1,Internacional,Fortaleza,12.5,0.9306,0.0864,0.06,0.1053,1,0.95
2025-08,2025-08-31,BRAZIL 1,Sport Recife,Vasco,10.5,0.9255,0.1715,0.06,0.1111,1,0.95
2025-09,2025-09-01,ARGENTINA 2,Agropecuario,Almirante Brown,7.4,0.8748,0.0298,0.18,0.1667,1,0.95
2025-09,2025-09-01,ROMANIA 1,Farul Constanta,Petrolul,11.5,0.9222,0.0591,0.07,0.1111,1,0.95
2025-09,2025-09-01,ECUADOR 1,Delfin,Libertad,16.0,0.9478,0.1167,0.04,0.1053,0,-15.0
2025-09,2025-09-02,ENGLAND 5,Wealdstone,Southend,13.5,0.9353,0.08,0.06,0.0909,1,0.95
2025-09,2025-09-04,WORLD WORLD CUP,Lithuania,Malta,8.0,0.9027,0.1766,0.08,0.1667,1,0.95
2025-09,2025-09-04,WORLD WORLD CUP,Angola,Libya,9.4,0.9268,0.266,0.08,0.1429,1,0.95
2025-09,2025-09-04,WORLD WORLD CUP,Guatemala,El Salvador,9.4,0.9316,0.3106,0.08,0.1333,1,0.95
2025-09,2025-09-05,WORLD WORLD CUP,Lesotho,South Africa,8.2,0.8905,0.0574,0.07,0.1538,1,0.95
2025-09,2025-09-05,SPAIN 2,Albacete,Mirandes,11.5,0.927,0.1138,0.04,0.1176,1,0.95
2025-09,2025-09-05,PARAGUAY 2,Guairena,Deportivo Santani,10.5,0.9298,0.2168,0.09,0.1,1,0.95
2025-09,2025-09-05,IRELAND 2,Longford,Finn Harps,13.5,0.9319,0.0339,0.06,0.125,1,0.95
2025-09,2025-09-05,IRELAND 2,Treaty United,UC Dublin,14.5,0.9481,0.1998,0.06,0.1053,1,0.95
2025-09,2025-09-05,WORLD WORLD CUP,Moldova,Israel,15.0,0.9442,0.1151,0.07,0.0769,1,0.95
2025-09,2025-09-06,ENGLAND 3,Doncaster,Bradford City,12.5,0.9304,0.0831,0.04,0.1,1,0.95
2025-09,2025-09-06,ENGLAND 3,Huddersfield,Peterborough,20.0,0.9681,0.3129,0.04,0.0769,1,0.95
2025-09,2025-09-06,ENGLAND 3,Lincoln,Wigan,8.4,0.9391,0.4417,0.04,0.1333,1,0.95
2025-09,2025-09-06,ENGLAND 3,Port Vale,Leyton Orient,12.5,0.9355,0.1469,0.04,0.1111,1,0.95
2025-09,2025-09-06,SPAIN 2,Dep. La Coruna,Gijon,11.5,0.9334,0.1879,0.04,0.1111,1,0.95
2025-09,2025-09-06,WORLD WORLD CUP,Nigeria,Rwanda,10.5,0.9399,0.3217,0.06,0.1333,1,0.95
2025-09,2025-09-06,SPAIN 2,Zaragoza,Valladolid,11.5,0.9189,0.0219,0.04,0.125,1,0.95
2025-09,2025-09-06,SPAIN 2,Malaga,Granada CF,9.6,0.9187,0.1731,0.04,0.1333,1,0.95
2025-09,2025-09-06,PORTUGAL 1,Estoril,Santa Clara,9.4,0.9314,0.3083,0.04,0.1667,1,0.95
2025-09,2025-09-07,WORLD WORLD CUP,Georgia,Bulgaria,14.0,0.9451,0.1843,0.06,0.0833,1,0.95
2025-09,2025-09-07,SPAIN 2,Burgos CF,Las Palmas,9.0,0.9281,0.3065,0.05,0.1538,0,-8.0
2025-09,2025-09-07,CHILE 1,Cobresal,Palestino,14.5,0.9445,0.1475,0.03,0.1,1,0.95
2025-09,2025-09-07,WORLD WORLD CUP,Luxembourg,Slovakia,9.6,0.935,0.329,0.06,0.1538,1,0.95
2025-09,2025-09-07,USA 2,Oakland Roots,Pittsburgh,9.6,0.9155,0.1426,0.08,0.1667,1,0.95
2025-09,2025-09-08,SPAIN 2,Eibar,Andorra,10.5,0.9173,0.0855,0.06,0.1429,1,0.95
2025-09,2025-09-08,WORLD WORLD CUP,Greece,Denmark,10.5,0.9391,0.3139,0.07,0.1053,1,0.95
2025-09,2025-09-08,WORLD WORLD CUP,Kosovo,Sweden,20.0,0.9577,0.1055,0.07,0.0667,1,0.95
2025-09,2025-09-08,BRAZIL 2,Novorizontino,Atletico GO,8.6,0.9009,0.103,0.09,0.1667,1,0.95
2025-09,2025-09-09,WORLD WORLD CUP,Cyprus,Romania,13.5,0.9319,0.0339,0.09,0.0909,1,0.95
2025-09,2025-09-10,BRAZIL CUP,Corinthians,Athletico-PR,8.2,0.8955,0.0986,0.1,0.1429,1,0.95
2025-09,2025-09-12,BELGIUM 2,Sporting Lokeren,K. Lierse S.K.,14.5,0.9436,0.1347,0.05,0.0833,1,0.95
2025-09,2025-09-12,IRELAND 1,Bohemians,Derry City,9.0,0.9126,0.1679,0.1,0.1333,1,0.95
2025-09,2025-09-12,SPAIN 1,Sevilla,Elche,10.5,0.9451,0.3764,0.04,0.125,1,0.95
2025-09,2025-09-12,CHILE 1,Coquimbo,Nublense,10.0,0.9417,0.3696,0.03,0.1429,1,0.95
2025-09,2025-09-12,CHILE 1,Union La Calera,Everton,7.8,0.9375,0.4655,0.03,0.1667,1,0.95
2025-09,2025-09-12,ARGENTINA 1,Lanus,Ind. Rivadavia,7.4,0.8886,0.1314,0.21,0.1667,1,0.95
2025-09,2025-09-12,BRAZIL 2,Coritiba,Goias,7.6,0.9075,0.2515,0.1,0.1538,0,-6.6
2025-09,2025-09-13,GERMANY 2,Schalke,Holstein Kiel,17.5,0.9576,0.2098,0.04,0.0667,1,0.95
2025-09,2025-09-13,ENGLAND 2,Preston,Middlesbrough,12.0,0.9419,0.2556,0.05,0.1053,1,0.95
2025-09,2025-09-13,ENGLAND 3,Northampton,Blackpool,9.8,0.9303,0.2708,0.04,0.1333,1,0.95
2025-09,2025-09-13,CZECH 1,Ostrava,Liberec,16.5,0.959,0.2763,0.04,0.0667,1,0.95
2025-09,2025-09-13,ITALY 1,Cagliari,Parma,9.8,0.9292,0.2598,0.07,0.1176,1,0.95
2025-09,2025-09-13,TURKEY 2,Istanbulspor AS,Umraniyespor,14.0,0.9458,0.1934,0.05,0.1,1,0.95
2025-09,2025-09-13,ENGLAND 2,Stoke,Birmingham,10.0,0.9067,0.0221,0.05,0.125,1,0.95
2025-09,2025-09-13,ENGLAND 2,Swansea,Hull,13.5,0.9449,0.2092,0.05,0.0909,1,0.95
2025-09,2025-09-13,ENGLAND 2,West Brom,Derby,9.8,0.9408,0.3727,0.05,0.1333,1,0.95
2025-09,2025-09-13,ENGLAND 3,Burton,Lincoln,11.0,0.9187,0.0592,0.04,0.1176,1,0.95
2025-09,2025-09-13,ENGLAND 3,Exeter,Port Vale,12.0,0.9372,0.199,0.04,0.125,1,0.95
2025-09,2025-09-13,ENGLAND 3,Leyton Orient,Bolton,13.5,0.9427,0.1797,0.04,0.0667,1,0.95
2025-09,2025-09-13,ENGLAND 3,Luton,Plymouth,17.5,0.9531,0.1316,0.04,0.0769,1,0.95
2025-09,2025-09-13,ENGLAND 3,Mansfield,Stevenage,10.5,0.9275,0.1928,0.04,0.125,1,0.95
2025-09,2025-09-13,ENGLAND 3,Peterborough,Wycombe,14.0,0.9392,0.1025,0.04,0.0909,1,0.95
2025-09,2025-09-13,ENGLAND 3,Wigan,Doncaster,10.5,0.9334,0.254,0.04,0.125,1,0.95
2025-09,2025-09-13,ENGLAND 1,Bournemouth,Brighton,18.0,0.9537,0.1183,0.07,0.0667,1,0.95
2025-09,2025-09-13,SCOTLAND 1,Dundee FC,Motherwell,13.0,0.935,0.108,0.06,0.0909,1,0.95
2025-09,2025-09-13,TURKEY 1,Samsunspor,Antalyaspor,11.5,0.9445,0.3141,0.05,0.1176,1,0.95
2025-09,2025-09-13,SPAIN 1,Real Sociedad,Real Madrid,18.0,0.959,0.2133,0.03,0.0667,1,0.95
2025-09,2025-09-13,SPAIN 2,Cadiz CF,Eibar,8.4,0.946,0.4992,0.06,0.1538,1,0.95
2025-09,2025-09-13,SPAIN 2,Mirandes,Dep. La Coruna,9.4,0.9268,0.2659,0.06,0.125,1,0.95
2025-09,2025-09-13,FRANCE 1,Nice,Nantes,14.0,0.9591,0.38,0.03,0.0769,1,0.95
2025-09,2025-09-13,SPAIN 4,Mutilvera,Alaves B,10.0,0.9112,0.0669,0.08,0.1538,1,0.95
2025-09,2025-09-13,SPAIN 1,Ath Bilbao,Alaves,10.0,0.9353,0.3064,0.03,0.1333,1,0.95
2025-09,2025-09-13,SPAIN 2,Huesca,Malaga,7.6,0.9386,0.4863,0.06,0.1667,1,0.95
2025-09,2025-09-13,GREECE 1,Atromitos,Aris,9.0,0.9372,0.3876,0.06,0.1333,1,0.95
2025-09,2025-09-13,POLAND 1,Piast Gliwice,Jagiellonia,13.5,0.9352,0.079,0.05,0.1111,1,0.95
2025-09,2025-09-13,ITALY 1,Fiorentina,Napoli,9.2,0.9072,0.1011,0.07,0.125,1,0.95
2025-09,2025-09-13,BRAZIL 1,Fortaleza,Vitoria,11.0,0.929,0.1728,0.05,0.1111,1,0.95
2025-09,2025-09-13,BRAZIL 1,Gremio,Mirassol,11.0,0.9451,0.349,0.05,0.1333,1,0.95
2025-09,2025-09-13,BRAZIL 1,Palmeiras,Internacional,14.0,0.9405,0.1205,0.05,0.1053,1,0.95
2025-09,2025-09-14,ITALY 1,AS Roma,Torino,13.0,0.939,0.1603,0.06,0.1053,1,0.95
2025-09,2025-09-14,GERMANY 3,VfL Osnabruck,Hansa Rostock,14.0,0.9372,0.0733,0.06,0.1111,0,-13.0
2025-09,2025-09-14,SPAIN 1,Celta Vigo,Girona,18.5,0.9627,0.2623,0.03,0.0833,1,0.95
2025-09,2025-09-14,FRANCE 1,Lille,Toulouse,16.5,0.9531,0.1785,0.03,0.0909,1,0.95
2025-09,2025-09-14,GERMANY 1,St. Pauli,Augsburg,12.0,0.9419,0.2559,0.06,0.0909,1,0.95
2025-09,2025-09-14,BRAZIL 1,Bragantino,Sport Recife,14.5,0.9376,0.0479,0.05,0.1,1,0.95
2025-09,2025-09-14,TURKEY 1,Kayserispor,Goztepe,13.0,0.9331,0.0831,0.05,0.0833,1,0.95
2025-09,2025-09-14,SPAIN 1,Levante,Betis,13.0,0.9355,0.1143,0.03,0.0769,1,0.95
2025-09,2025-09-14,PORTUGAL 2,Torreense,Pacos Ferreira,14.0,0.9355,0.0501,0.08,0.1111,0,-13.0
2025-09,2025-09-14,PORTUGAL 1,Estrela,Vitoria Guimaraes,9.6,0.9355,0.334,0.03,0.1429,1,0.95
2025-09,2025-09-14,NORWAY 1,KFUM Oslo,Viking,14.5,0.9481,0.1998,0.05,0.0909,1,0.95
2025-09,2025-09-14,FRANCE 1,Metz,Angers,12.0,0.9629,0.5068,0.03,0.1111,1,0.95
2025-09,2025-09-14,POLAND 1,Widzew Lodz,Arka Gdynia,18.0,0.9553,0.1482,0.04,0.1,1,0.95
2025-09,2025-09-14,SPAIN 1,Osasuna,Rayo Vallecano,9.6,0.9497,0.4692,0.03,0.1667,1,0.95
2025-09,2025-09-14,SPAIN 2,Gijon,Burgos CF,11.5,0.935,0.2055,0.06,0.1538,1,0.95
2025-09,2025-09-14,ECUADOR 1,EL Nacional,Macara,11.5,0.9273,0.1171,0.05,0.125,1,0.95
2025-09,2025-09-14,BRAZIL 1,Atletico-MG,Santos,12.0,0.9419,0.2559,0.05,0.1176,1,0.95
2025-09,2025-09-14,PORTUGAL 1,Braga,Gil Vicente,15.0,0.9496,0.1968,0.03,0.1111,1,0.95
2025-09,2025-09-14,BRAZIL 1,Sao Paulo,Botafogo RJ,8.2,0.8994,0.1302,0.05,0.1667,1,0.95
2025-09,2025-09-15,ITALY 1,Verona,Cremonese,9.0,0.9179,0.2152,0.07,0.1429,0,-8.0
2025-09,2025-09-15,ICELAND 1,Akranes,Afturelding,30.0,0.9766,0.2482,0.03,0.0667,1,0.95
2025-09,2025-09-15,POLAND 1,Rakow,Gornik Zabrze,14.5,0.9377,0.0503,0.04,0.1,1,0.95
2025-09,2025-09-15,SWEDEN 1,AIK,Brommapojkarna,13.5,0.939,0.1298,0.08,0.0909,1,0.95
2025-09,2025-09-15,ITALY 1,Como,Genoa,11.0,0.9411,0.3047,0.07,0.125,1,0.95
2025-09,2025-09-15,SPAIN 1,Espanyol,Mallorca,9.6,0.9471,0.4449,0.03,0.1429,1,0.95
2025-09,2025-09-15,BRAZIL 1,Bahia,Cruzeiro,9.6,0.931,0.2908,0.05,0.1176,1,0.95
2025-09,2025-09-15,ECUADOR 1,Manta,Aucas,14.0,0.9413,0.1305,0.05,0.0909,1,0.95
2025-09,2025-09-15,BRAZIL 2,CRB,Amazonas,9.6,0.914,0.1292,0.11,0.1176,1,0.95
2025-09,2025-09-16,ENGLAND CUP,Brentford,Aston Villa,21.0,0.9677,0.2729,0.02,0.0667,1,0.95
2025-09,2025-09-16,ENGLAND CUP,Crystal Palace,Millwall,24.0,0.9616,0.0302,0.02,0.0833,1,0.95
2025-09,2025-09-17,SWITZERLAND 1,Lugano,Lausanne,20.0,0.9657,0.2648,0.03,0.0833,1,0.95
2025-09,2025-09-17,SWITZERLAND 1,Sion,Servette,19.5,0.9553,0.0812,0.03,0.0833,1,0.95
2025-09,2025-09-17,TURKEY 1,Samsunspor,Kasimpasa,13.5,0.9319,0.0339,0.05,0.1,0,-12.5
2025-09,2025-09-19,TURKEY 2,Umraniyespor,Igdir FK,14.5,0.9485,0.2062,0.04,0.1,1,0.95
2025-09,2025-09-19,GERMANY 2,Kaiserslautern,Preussen Munster,14.5,0.9371,0.0406,0.04,0.0833,1,0.95
2025-09,2025-09-19,FRANCE 2,Dunkerque,Le Mans,11.0,0.9457,0.3556,0.07,0.1176,1,0.95
2025-09,2025-09-19,FRANCE 2,Grenoble,Annecy,9.4,0.9084,0.0939,0.07,0.1429,1,0.95
2025-09,2025-09-19,FRANCE 2,Laval,Amiens,10.5,0.9142,0.0538,0.07,0.1429,1,0.95
2025-09,2025-09-19,FRANCE 2,Rodez,Clermont,14.5,0.9424,0.1177,0.07,0.0833,1,0.95
2025-09,2025-09-19,GERMANY 1,Stuttgart,St. Pauli,22.0,0.9576,0.0203,0.06,0.0667,1,0.95
2025-09,2025-09-19,POLAND 1,Wisla Plock,Jagiellonia,12.5,0.9256,0.024,0.04,0.1,1,0.95
2025-09,2025-09-19,SPAIN 2,Dep. La Coruna,Huesca,11.5,0.9222,0.0591,0.07,0.1176,1,0.95
2025-09,2025-09-19,FRANCE 1,Lyon,Angers,17.0,0.9509,0.1169,0.03,0.0833,1,0.95
2025-09,2025-09-19,ITALY 1,Lecce,Cagliari,9.0,0.9008,0.0623,0.07,0.1667,1,0.95
2025-09,2025-09-19,NORTHERN IRELAND 1,Coleraine,Glentoran,16.0,0.9419,0.0235,0.03,0.125,1,0.95
2025-09,2025-09-19,ENGLAND 2,Middlesbrough,West Brom,12.0,0.9295,0.107,0.06,0.1111,1,0.95
2025-09,2025-09-19,SPAIN 1,Betis,Real Sociedad,17.5,0.954,0.1473,0.03,0.0769,1,0.95
2025-09,2025-09-19,PARAGUAY 1,General Caballero JLM,Sp. Luqueno,9.2,0.9088,0.1153,0.14,0.1538,1,0.95
2025-09,2025-09-19,MEXICO 1,Necaxa,Puebla,16.5,0.946,0.0618,0.07,0.0833,1,0.95
2025-09,2025-09-20,POLAND 1,Radomiak Radom,Piast Gliwice,11.0,0.9396,0.2886,0.04,0.1111,1,0.95
2025-09,2025-09-20,GERMANY 2,Braunschweig,Elversberg,17.0,0.9536,0.1633,0.04,0.0769,1,0.95
2025-09,2025-09-20,GERMANY 2,Hertha Berlin,Paderborn,18.5,0.9631,0.2698,0.04,0.0667,1,0.95
2025-09,2025-09-20,ENGLAND 3,Bolton,Wigan,13.5,0.9509,0.2896,0.04,0.0833,1,0.95
2025-09,2025-09-20,POLAND 1,Arka Gdynia,Korona Kielce,13.0,0.9373,0.1375,0.04,0.1,0,-12.0
2025-09,2025-09-20,CZECH 1,FK Pardubice,Slovacko,13.5,0.9402,0.1463,0.05,0.1053,1,0.95
2025-09,2025-09-20,CZECH 1,Karvina,Jablonec,18.5,0.955,0.119,0.05,0.0667,1,0.95
2025-09,2025-09-20,CZECH 1,Zlin,Hradec Kralove,10.0,0.9298,0.2519,0.05,0.1176,1,0.95
2025-09,2025-09-20,ITALY 1,Bologna,Genoa,9.0,0.8994,0.0494,0.07,0.1667,1,0.95
2025-09,2025-09-20,GERMANY 1,Augsburg,Mainz,14.5,0.9441,0.1429,0.06,0.0769,1,0.95
2025-09,2025-09-20,ENGLAND 2,Derby,Preston,8.4,0.9187,0.2707,0.07,0.1429,1,0.95
2025-09,2025-09-20,ENGLAND 3,Doncaster,AFC Wimbledon,10.5,0.9381,0.3036,0.04,0.125,1,0.95
2025-09,2025-09-20,ENGLAND 3,Huddersfield,Burton,16.0,0.9513,0.1728,0.04,0.0833,0,-15.0
2025-09,2025-09-20,ENGLAND 3,Port Vale,Mansfield,12.5,0.9496,0.3228,0.04,0.125,1,0.95
2025-09,2025-09-20,ENGLAND 3,Stevenage,Exeter,11.0,0.9411,0.3047,0.04,0.125,1,0.95
2025-09,2025-09-20,ENGLAND 3,Wycombe,Northampton,11.0,0.926,0.1401,0.04,0.125,1,0.95
2025-09,2025-09-20,ENGLAND 5,Eastleigh,Braintree,14.0,0.9427,0.1511,0.06,0.0909,1,0.95
2025-09,2025-09-20,ENGLAND 1,West Ham,Crystal Palace,12.5,0.9378,0.1759,0.06,0.0833,1,0.95
2025-09,2025-09-20,ENGLAND 1,Wolves,Leeds,9.8,0.9216,0.1858,0.06,0.125,1,0.95
2025-09,2025-09-20,NORTHERN IRELAND 2,Institute,Newington,13.5,0.9531,0.3188,0.06,0.0769,1,0.95
2025-09,2025-09-20,NORTHERN IRELAND 1,Crusaders,Ballymena,15.5,0.9585,0.3096,0.03,0.1053,1,0.95
2025-09,2025-09-20,NORTHERN IRELAND 1,Larne,Carrick Rangers,17.5,0.955,0.1641,0.03,0.1111,1,0.95
2025-09,2025-09-20,PORTUGAL CUP,Sanjoanense,Felgueiras,13.5,0.9553,0.3492,0.02,0.1,1,0.95
2025-09,2025-09-20,SCOTLAND CUP,Aberdeen,Motherwell,15.0,0.9485,0.1804,0.04,0.0769,1,0.95
2025-09,2025-09-20,SCOTLAND 3,East Fife,Montrose,16.0,0.9427,0.0366,0.06,0.0909,1,0.95
2025-09,2025-09-20,TURKEY 1,Genclerbirligi,Eyupspor,12.0,0.9276,0.0848,0.06,0.1,1,0.95
2025-09,2025-09-20,PORTUGAL 1,Nacional,Arouca,10.5,0.9415,0.3385,0.03,0.1176,1,0.95
2025-09,2025-09-20,FRANCE 1,Nantes,Rennes,12.0,0.9485,0.3349,0.03,0.1,1,0.95
2025-09,2025-09-20,GREECE 1,Kifisia,Aris,9.6,0.9276,0.2586,0.06,0.125,1,0.95
2025-09,2025-09-20,GREECE 1,Panserraikos,Atromitos,8.4,0.9381,0.4331,0.06,0.1176,1,0.95
2025-09,2025-09-20,SLOVENIA 1,O. Ljubljana,Bravo,15.5,0.95,0.1769,0.01,0.1,1,0.95
2025-09,2025-09-20,ITALY 1,Verona,Juventus,12.0,0.9457,0.3013,0.07,0.1053,1,0.95
2025-09,2025-09-20,SPAIN 4,Langreo,Real Avila,8.6,0.9203,0.2683,0.08,0.1667,1,0.95
2025-09,2025-09-20,SPAIN 1,Alaves,Sevilla,8.4,0.9572,0.5929,0.03,0.1538,1,0.95
2025-09,2025-09-20,SPAIN 2,Leganes,Las Palmas,9.4,0.9287,0.2837,0.07,0.1429,1,0.95
2025-09,2025-09-20,ISRAEL 1,SC Ashdod,Hapoel Tel Aviv,22.0,0.9677,0.241,0.07,0.0667,1,0.95
2025-09,2025-09-20,FRANCE 1,Brest,Nice,17.5,0.9494,0.0678,0.03,0.0667,1,0.95
2025-09,2025-09-20,GREECE 1,Volos,Asteras Tripolis,10.0,0.9151,0.1048,0.06,0.125,1,0.95
2025-09,2025-09-20,TURKEY 1,Antalyaspor,Kayserispor,13.0,0.9389,0.159,0.06,0.0909,1,0.95
2025-09,2025-09-20,TURKEY 1,Trabzonspor,Gaziantep,16.0,0.9506,0.1617,0.06,0.0833,1,0.95
2025-09,2025-09-20,BELGIUM 2,Beerschot VA,Francs Borains,18.0,0.9499,0.0515,0.04,0.0769,1,0.95
2025-09,2025-09-20,BELGIUM 2,Eupen,Patro Eisden,13.0,0.9321,0.0712,0.04,0.125,0,-12.0
2025-09,2025-09-20,FRANCE 2,St Etienne,Reims,15.5,0.946,0.1159,0.07,0.0769,1,0.95
2025-09,2025-09-20,POLAND 1,Rakow,Legia,13.0,0.9431,0.2126,0.04,0.1053,1,0.95
2025-09,2025-09-20,SLOVENIA 1,Domzale,Koper,23.0,0.9717,0.3004,0.01,0.0769,1,0.95
2025-09,2025-09-20,ITALY 1,Udinese,AC Milan,12.5,0.9419,0.2268,0.07,0.0769,1,0.95
2025-09,2025-09-20,BRAZIL 1,Vitoria,Fluminense,9.0,0.914,0.1802,0.05,0.1538,1,0.95
2025-09,2025-09-20,BRAZIL 2,Goias,Paysandu PA,11.0,0.9175,0.0466,0.1,0.125,1,0.95
2025-09,2025-09-20,ECUADOR 1,Mushuc Runa,Ind. del Valle,12.0,0.9325,0.1439,0.05,0.1176,1,0.95
2025-09,2025-09-20,ENGLAND 1,Fulham,Brentford,13.0,0.9314,0.0613,0.06,0.1111,1,0.95
2025-09,2025-09-20,NETHERLANDS 1,NAC Breda,Heracles,17.0,0.949,0.0862,0.04,0.0769,1,0.95
2025-09,2025-09-20,SPAIN 1,Valencia,Ath Bilbao,9.2,0.9525,0.5153,0.03,0.1333,1,0.95
2025-09,2025-09-20,PORTUGAL 1,Vitoria Guimaraes,Braga,12.0,0.9521,0.3779,0.03,0.1053,1,0.95
2025-09,2025-09-20,BRAZIL 1,Botafogo RJ,Atletico-MG,10.0,0.9471,0.4232,0.05,0.1333,1,0.95
2025-09,2025-09-20,ECUADOR 1,Vinotinto,Manta,12.5,0.9422,0.2302,0.05,0.1053,1,0.95
2025-09,2025-09-20,COLOMBIA 2,Leones,Patriotas,9.4,0.9047,0.0586,0.07,0.1333,1,0.95
2025-09,2025-09-20,ARGENTINA 1,Atl. Tucuman,River Plate,10.5,0.918,0.0933,0.18,0.1053,1,0.95
2025-09,2025-09-20,USA 1,Houston Dynamo,Portland Timbers,17.0,0.9481,0.07,0.04,0.0769,1,0.95
2025-09,2025-09-20,MEXICO 1,UNAM Pumas,Tigres UANL,13.5,0.9487,0.26,0.07,0.1,1,0.95
2025-09,2025-09-20,MEXICO 1,Guadalajara Chivas,Toluca,15.0,0.9436,0.1065,0.07,0.0769,1,0.95
2025-09,2025-09-21,NETHERLANDS 1,Zwolle,G.A. Eagles,20.0,0.9738,0.4263,0.03,0.0769,1,0.95
2025-09,2025-09-21,CZECH 1,Dukla Prague,Bohemians,12.5,0.9362,0.1556,0.05,0.1053,1,0.95
2025-09,2025-09-21,CHINA 1,Tianjin Jinmen Tiger,Shenzhen Xinpengcheng,17.0,0.9499,0.1015,0.05,0.0769,1,0.95
2025-09,2025-09-21,DENMARK 1,Vejle,Sonderjyske,17.0,0.9521,0.1387,0.04,0.0667,1,0.95
2025-09,2025-09-21,SPAIN 1,Rayo Vallecano,Celta Vigo,12.0,0.9471,0.318,0.03,0.1,1,0.95
2025-09,2025-09-21,AUSTRIA 1,Altach,Tirol,11.0,0.9231,0.1082,0.07,0.1176,1,0.95
2025-09,2025-09-21,ITALY 1,Cremonese,Parma,11.5,0.9431,0.298,0.06,0.1053,0,-10.5
2025-09,2025-09-21,ITALY 1,Torino,Atalanta,11.5,0.9529,0.4102,0.06,0.1053,1,0.95
2025-09,2025-09-21,ITALY 4,Recanatese,Termoli,10.0,0.935,0.303,0.08,0.0976,1,0.95
2025-09,2025-09-21,ROMANIA 1,Unirea Slobozia,Petrolul,10.5,0.9314,0.2329,0.07,0.1538,1,0.95
2025-09,2025-09-21,SLOVENIA 1,Mura,Radomlje,15.5,0.9569,0.2836,0.02,0.1,0,-14.5
2025-09,2025-09-21,CZECH 1,Liberec,Slavia Prague,17.0,0.9487,0.0807,0.05,0.0833,1,0.95
2025-09,2025-09-21,TURKEY 1,Basaksehir,Alanyaspor,13.0,0.9372,0.1362,0.06,0.1,1,0.95
2025-09,2025-09-21,SPAIN 1,Mallorca,Atl. Madrid,11.0,0.9346,0.234,0.03,0.1176,1,0.95
2025-09,2025-09-21,PORTUGAL 1,Tondela,Estrela,9.4,0.9479,0.463,0.04,0.1111,0,-8.4
2025-09,2025-09-21,FRANCE 1,Auxerre,Toulouse,12.0,0.9392,0.224,0.03,0.1111,1,0.95
2025-09,2025-09-21,FRANCE 1,Le Havre,Lorient,10.5,0.9372,0.2933,0.03,0.1176,1,0.95
2025-09,2025-09-21,POLAND 1,Gornik Zabrze,Widzew Lodz,15.0,0.9506,0.2112,0.04,0.0909,1,0.95
2025-09,2025-09-21,DENMARK 1,Aarhus,Brondby,15.0,0.9525,0.2397,0.04,0.0833,1,0.95
2025-09,2025-09-21,SPAIN 2,Eibar,Real Sociedad B,11.5,0.9487,0.3628,0.06,0.1176,1,0.95
2025-09,2025-09-21,SPAIN 2,Malaga,Cadiz CF,9.6,0.9094,0.0848,0.06,0.1429,1,0.95
2025-09,2025-09-21,PORTUGAL 1,Gil Vicente,Estoril,11.5,0.9279,0.1247,0.04,0.1176,1,0.95
2025-09,2025-09-21,TURKEY 1,Samsunspor,Karagumruk,14.5,0.9454,0.1616,0.06,0.1,1,0.95
2025-09,2025-09-21,GREECE 1,Panathinaikos,Olympiacos Piraeus,11.0,0.9252,0.131,0.07,0.125,1,0.95
2025-09,2025-09-21,BRAZIL 2,America MG,Coritiba,8.4,0.8974,0.0931,0.1,0.1538,1,0.95
2025-09,2025-09-21,PORTUGAL 1,Casa Pia,Famalicao,9.2,0.9258,0.2707,0.04,0.1429,1,0.95
2025-09,2025-09-21,PERU 2,Santos,Comerciantes,8.6,0.8929,0.0347,0.11,0.1111,0,-7.6
2025-09,2025-09-21,BRAZIL 1,Internacional,Gremio,11.0,0.946,0.3588,0.04,0.1176,1,0.95
2025-09,2025-09-21,BRAZIL 1,Sport Recife,Corinthians,9.2,0.9276,0.2875,0.04,0.1667,1,0.95
2025-09,2025-09-21,ECUADOR 1,Aucas,Orense,12.5,0.9355,0.1469,0.06,0.1111,0,-11.5
2025-09,2025-09-21,ECUADOR 1,Dep. Cuenca,Barcelona SC,9.0,0.9112,0.1556,0.06,0.1538,1,0.95
2025-09,2025-09-21,ECUADOR 1,Emelec,EL Nacional,12.5,0.9478,0.2996,0.06,0.0833,1,0.95
2025-09,2025-09-21,ECUADOR 1,LDU Quito,U. Catolica,16.5,0.9487,0.1059,0.06,0.0833,1,0.95
2025-09,2025-09-21,MEXICO 1,Santos Laguna,Atl. San Luis,18.0,0.9485,0.026,0.07,0.0667,1,0.95
2025-09,2025-09-21,BOLIVIA 1,GV San Jose,Blooming,23.0,0.961,0.055,0.04,0.0667,1,0.95
2025-09,2025-09-21,BRAZIL 1,Cruzeiro,Bragantino,13.5,0.9445,0.2031,0.04,0.0909,1,0.95
2025-09,2025-09-21,BRAZIL 1,Santos,Sao Paulo,8.6,0.9281,0.3351,0.04,0.1429,1,0.95
2025-09,2025-09-22,ROMANIA 1,Csikszereda M. Ciuc,Metaloglobus Bucharest,14.5,0.9412,0.1004,0.07,0.0909,1,0.95
2025-09,2025-09-22,SPAIN 2,Burgos CF,Granada CF,9.6,0.9232,0.2162,0.06,0.1429,1,0.95
2025-09,2025-09-22,ENGLAND 2,Millwall,Watford,9.8,0.9155,0.1261,0.07,0.125,1,0.95
2025-09,2025-09-23,SPAIN 1,Ath Bilbao,Girona,14.5,0.9567,0.3241,0.02,0.0833,1,0.95
2025-09,2025-09-23,SPAIN 1,Espanyol,Valencia,9.8,0.939,0.3549,0.02,0.1333,1,0.95
2025-09,2025-09-23,ENGLAND CUP,Burnley,Cardiff,15.5,0.9576,0.2949,0.02,0.0833,1,0.95
2025-09,2025-09-23,ENGLAND CUP,Wigan,Wycombe,11.0,0.9439,0.3352,0.02,0.125,1,0.95
2025-09,2025-09-23,ENGLAND CUP,Wolves,Everton,15.5,0.962,0.3633,0.02,0.1176,1,0.95
2025-09,2025-09-23,SPAIN 1,Sevilla,Villarreal,14.5,0.9531,0.2719,0.02,0.1,1,0.95
2025-09,2025-09-24,ITALY CUP,Parma,Spezia,10.5,0.916,0.0719,0.07,0.1176,1,0.95
2025-09,2025-09-24,POLAND 1,Legia,Jagiellonia,20.0,0.9657,0.2648,0.04,0.0667,0,-19.0
2025-09,2025-09-24,SPAIN 1,Real Sociedad,Mallorca,11.5,0.9355,0.2116,0.02,0.1176,1,0.95
2025-09,2025-09-24,BRAZIL 1,Gremio,Botafogo RJ,9.2,0.9313,0.3216,0.04,0.1538,1,0.95
2025-09,2025-09-24,BRAZIL 1,Vasco,Bahia,11.5,0.9416,0.2815,0.04,0.1176,1,0.95
2025-09,2025-09-25,SPAIN 1,Osasuna,Elche,9.4,0.958,0.5574,0.01,0.1429,1,0.95
2025-09,2025-09-26,SLOVENIA 1,Aluminij,Radomlje,18.5,0.9526,0.076,0.02,0.0909,1,0.95
2025-09,2025-09-26,AUSTRIA 2,Admira,A. Lustenau,11.5,0.9336,0.1894,0.07,0.1333,1,0.95
2025-09,2025-09-26,PORTUGAL 2,Vizela,Leixoes,12.0,0.9294,0.1059,0.07,0.1111,1,0.95
2025-09,2025-09-26,NETHERLANDS 1,Twente,Sittard,21.0,0.9581,0.0719,0.03,0.0667,1,0.95
2025-09,2025-09-26,POLAND 1,Wisla Plock,GKS Katowice,14.0,0.9499,0.2517,0.05,0.0833,1,0.95
2025-09,2025-09-26,SPAIN 2,Mirandes,Zaragoza,9.2,0.8995,0.0306,0.06,0.1429,1,0.95
2025-09,2025-09-26,FRANCE 1,Strasbourg,Marseille,17.5,0.9552,0.1674,0.03,0.0769,1,0.95
2025-09,2025-09-26,IRELAND 1,Drogheda,Derry City,8.0,0.9106,0.2393,0.09,0.1667,1,0.95
2025-09,2025-09-26,ENGLAND 2,West Brom,Leicester,11.0,0.918,0.0523,0.07,0.1176,1,0.95
2025-09,2025-09-26,SPAIN 1,Girona,Espanyol,13.0,0.9373,0.1375,0.01,0.1111,0,-12.0
2025-09,2025-09-27,JAPAN 2,Iwata,Omiya Ardija,15.0,0.9504,0.2083,0.06,0.0667,1,0.95
2025-09,2025-09-27,ENGLAND 2,Coventry,Birmingham,13.5,0.9506,0.2853,0.06,0.1,1,0.95
2025-09,2025-09-27,ENGLAND 2,Swansea,Millwall,9.6,0.924,0.2241,0.06,0.125,1,0.95
2025-09,2025-09-27,ENGLAND 3,AFC Wimbledon,Wycombe,10.5,0.946,0.3858,0.03,0.1176,1,0.95
2025-09,2025-09-27,ENGLAND 3,Leyton Orient,Stevenage,10.5,0.9595,0.5268,0.03,0.0833,1,0.95
2025-09,2025-09-27,SPAIN 1,Getafe,Levante,8.6,0.9106,0.1858,0.02,0.1538,1,0.95
2025-09,2025-09-27,GERMANY 1,Heidenheim,Augsburg,16.5,0.9449,0.0439,0.06,0.0769,1,0.95
2025-09,2025-09-27,ENGLAND 2,Ipswich,Portsmouth,17.5,0.9553,0.1705,0.06,0.0667,1,0.95
2025-09,2025-09-27,ENGLAND 2,Oxford Utd,Sheffield Utd,11.5,0.9331,0.1835,0.06,0.1053,1,0.95
2025-09,2025-09-27,ENGLAND 2,Southampton,Middlesbrough,15.0,0.9393,0.0432,0.06,0.0833,1,0.95
2025-09,2025-09-27,ENGLAND 2,Stoke,Norwich,14.0,0.9422,0.1435,0.06,0.0909,1,0.95
2025-09,2025-09-27,ENGLAND 3,Exeter,Huddersfield,15.0,0.962,0.3823,0.03,0.1,1,0.95
2025-09,2025-09-27,ENGLAND 3,Peterborough,Lincoln,12.5,0.9297,0.0746,0.03,0.1,1,0.95
2025-09,2025-09-27,ENGLAND 3,Stockport County,Reading,17.5,0.9717,0.4561,0.03,0.0667,1,0.95
2025-09,2025-09-27,ENGLAND 3,Wigan,Cardiff,11.5,0.9487,0.3628,0.03,0.1111,1,0.95
2025-09,2025-09-27,PORTUGAL 1,Moreirense,Casa Pia,8.8,0.9369,0.3983,0.04,0.1333,1,0.95
2025-09,2025-09-27,PORTUGAL 1,Santa Clara,Tondela,11.0,0.93,0.1832,0.04,0.1429,1,0.95
2025-09,2025-09-27,SLOVAKIA 1,Michalovce,Skalica,17.0,0.9481,0.0707,0.04,0.1111,1,0.95
2025-09,2025-09-27,SCOTLAND 1,Motherwell,Aberdeen,14.5,0.9454,0.1616,0.07,0.0769,1,0.95
2025-09,2025-09-27,FRANCE 1,Toulouse,Nantes,12.0,0.9569,0.4346,0.03,0.1053,1,0.95
2025-09,2025-09-27,SPAIN 1,Villarreal,Ath Bilbao,13.5,0.9457,0.2198,0.02,0.1111,1,0.95
2025-09,2025-09-27,BRAZIL 1,Juventude,Internacional,11.0,0.9314,0.1985,0.04,0.125,1,0.95
2025-09,2025-09-27,BRAZIL 1,Vasco,Cruzeiro,12.0,0.9369,0.1956,0.04,0.1333,1,0.95
2025-09,2025-09-27,USA 2,San Antonio,Birmingham,13.5,0.9331,0.0497,0.07,0.1,0,-12.5
2025-09,2025-09-28,POLAND 1,Widzew Lodz,Rakow,15.5,0.94,0.0226,0.05,0.0909,1,0.95
2025-09,2025-09-28,SPAIN 1,Rayo Vallecano,Sevilla,11.5,0.9531,0.413,0.02,0.1053,1,0.95
2025-09,2025-09-28,ENGLAND 1,Aston Villa,Fulham,11.0,0.9277,0.1586,0.07,0.1053,1,0.95
2025-09,2025-09-28,SPAIN 1,Elche,Celta Vigo,10.0,0.9461,0.4136,0.02,0.1111,1,0.95
2025-09,2025-09-28,FRANCE 1,Angers,Brest,16.0,0.9657,0.4022,0.03,0.1333,1,0.95
2025-09,2025-09-28,FRANCE 1,Lille,Lyon,17.0,0.9569,0.2189,0.03,0.0769,1,0.95
2025-09,2025-09-28,FRANCE 1,Metz,Le Havre,15.0,0.9521,0.2345,0.03,0.0909,0,-14.0
2025-09,2025-09-28,GREECE 1,OFI Crete,Kifisia,11.5,0.9222,0.059,0.07,0.1176,1,0.95
2025-09,2025-09-28,ITALY 1,Lecce,Bologna,8.8,0.9148,0.2042,0.07,0.1333,1,0.95
2025-09,2025-09-28,FRANCE 1,Rennes,Lens,18.0,0.9657,0.3335,0.03,0.0667,0,-17.0
2025-09,2025-09-28,BRAZIL 1,Bahia,Palmeiras,13.0,0.9506,0.31,0.04,0.1176,1,0.95
2025-09,2025-09-28,BRAZIL 1,Fluminense,Botafogo RJ,11.0,0.9187,0.0592,0.04,0.1538,1,0.95
2025-09,2025-09-28,SPAIN 1,Betis,Osasuna,14.0,0.9509,0.2651,0.02,0.1,1,0.95
2025-09,2025-09-28,BRAZIL 1,Corinthians,Flamengo RJ,8.0,0.9346,0.4299,0.04,0.1667,1,0.95
2025-09,2025-09-29,FRANCE 2,Boulogne,Red Star,11.0,0.9222,0.098,0.06,0.1333,1,0.95
2025-09,2025-09-29,ITALY 1,Genoa,Lazio,9.2,0.9008,0.0425,0.07,0.1667,1,0.95
2025-09,2025-09-29,ENGLAND 1,Everton,West Ham,14.0,0.9372,0.0733,0.07,0.0909,1,0.95
2025-09,2025-09-29,BRAZIL 1,Sao Paulo,Ceara,8.8,0.924,0.2849,0.04,0.1538,1,0.95
2025-09,2025-09-30,ENGLAND 2,Bristol City,Ipswich,14.5,0.9401,0.085,0.06,0.0909,1,0.95
2025-09,2025-09-30,ENGLAND 2,Middlesbrough,Stoke,12.5,0.9375,0.1714,0.06,0.1053,0,-11.5
2025-09,2025-09-30,ENGLAND 3,Blackpool,Luton,14.0,0.9336,0.0234,0.03,0.1111,1,0.95
2025-09,2025-09-30,ENGLAND 5,Boreham Wood,Southend,14.5,0.939,0.0688,0.05,0.0833,1,0.95
2025-09,2025-09-30,ENGLAND 2,Derby,Charlton,8.2,0.9106,0.2217,0.06,0.1538,1,0.95
2025-09,2025-09-30,ARGENTINA 1,Newells Old Boys,Estudiantes L.P.,7.6,0.878,0.0287,0.14,0.1667,1,0.95
2025-09,2025-09-30,BRAZIL 1,Atletico-MG,Juventude,9.8,0.9336,0.3021,0.04,0.125,0,-8.8
2025-10,2025-10-01,GERMANY 3,Munich 1860,Viktoria Koln,15.0,0.9388,0.0344,0.08,0.0909,1,0.95
2025-10,2025-10-01,NORWAY 1,KFUM Oslo,Fredrikstad,10.5,0.9418,0.3418,0.05,0.1111,1,0.95
2025-10,2025-10-01,ITALY 2,Empoli,Monza,8.6,0.9085,0.1674,0.12,0.1429,1,0.95
2025-10,2025-10-01,ENGLAND 2,Norwich,West Brom,13.0,0.9505,0.3093,0.06,0.1053,1,0.95
2025-10,2025-10-01,ENGLAND 5,Rochdale,FC Halifax,16.0,0.9442,0.0594,0.06,0.0769,1,0.95
2025-10,2025-10-01,BRAZIL 1,Sport Recife,Fluminense,9.4,0.937,0.3611,0.04,0.1429,1,0.95
2025-10,2025-10-01,BRAZIL 1,Botafogo RJ,Bahia,12.5,0.9417,0.2244,0.04,0.0909,1,0.95
2025-10,2025-10-01,BRAZIL 1,Santos,Gremio,11.0,0.9352,0.2405,0.04,0.1111,1,0.95
2025-10,2025-10-02,BRAZIL 1,Vitoria,Ceara,8.4,0.9337,0.3968,0.04,0.1538,1,0.95
2025-10,2025-10-02,BRAZIL 1,Fortaleza,Sao Paulo,9.8,0.9253,0.2216,0.04,0.1667,1,0.95
2025-10,2025-10-02,BRAZIL 1,Flamengo RJ,Cruzeiro,13.5,0.9407,0.1519,0.04,0.1053,0,-12.5
2025-10,2025-10-03,GERMANY 2,Braunschweig,Paderborn,24.0,0.9768,0.3936,0.04,0.0667,1,0.95
2025-10,2025-10-03,NETHERLANDS 2,Maastricht,Eindhoven FC,25.0,0.9682,0.1563,0.03,0.0667,1,0.95
2025-10,2025-10-03,NETHERLANDS 2,Vitesse,Jong Utrecht,21.0,0.9696,0.3129,0.03,0.0769,1,0.95
2025-10,2025-10-03,NETHERLANDS 1,NAC Breda,Groningen,17.0,0.9501,0.1034,0.03,0.0909,1,0.95
2025-10,2025-10-03,POLAND 1,Pogon Szczecin,Piast Gliwice,18.5,0.9526,0.0759,0.05,0.0769,1,0.95
2025-10,2025-10-03,ENGLAND 2,Wrexham,Birmingham,12.0,0.9238,0.039,0.07,0.1176,1,0.95
2025-10,2025-10-03,BRAZIL 2,Coritiba,Botafogo SP,10.5,0.9234,0.1493,0.09,0.1333,1,0.95
2025-10,2025-10-04,MEXICO 2,Atletico La Paz,Cancun,22.0,0.96,0.0721,0.08,0.0667,1,0.95
2025-10,2025-10-04,ENGLAND 2,Hull,Sheffield Utd,15.5,0.9438,0.081,0.06,0.1,1,0.95
2025-10,2025-10-04,ENGLAND 2,Sheffield Wed,Coventry,21.0,0.962,0.1545,0.06,0.0667,1,0.95
2025-10,2025-10-04,ENGLAND 3,Doncaster,Burton,14.5,0.9646,0.4383,0.02,0.0667,1,0.95
2025-10,2025-10-04,ENGLAND 3,Wycombe,Barnsley,17.5,0.9663,0.3624,0.02,0.0769,1,0.95
2025-10,2025-10-04,ENGLAND 1,Leeds,Tottenham,13.5,0.9362,0.0912,0.07,0.0909,1,0.95
2025-10,2025-10-04,CZECH 1,Dukla Prague,Teplice,11.5,0.9348,0.203,0.05,0.1176,1,0.95
2025-10,2025-10-04,WOM FRANCE 1,Montpellier W,Strasbourg W,18.0,0.9505,0.0619,0.08,0.0769,1,0.95
2025-10,2025-10-04,ITALY 1,Lazio,Torino,11.5,0.9337,0.1913,0.07,0.1176,1,0.95
2025-10,2025-10-04,ITALY 1,Parma,Lecce,11.0,0.9173,0.0442,0.07,0.125,1,0.95
2025-10,2025-10-04,GERMANY 1,Werder Bremen,St. Pauli,16.0,0.9464,0.0953,0.06,0.0667,1,0.95
2025-10,2025-10-04,BELGIUM 1,KV Mechelen,St. Truiden,16.5,0.9534,0.1839,0.09,0.0833,1,0.95
2025-10,2025-10-04,CYPRUS 1,Ol. Nicosia,Paralimni,10.5,0.9133,0.0441,0.06,0.1538,1,0.95
2025-10,2025-10-04,ENGLAND 2,Portsmouth,Middlesbrough,13.0,0.9308,0.0542,0.06,0.1053,1,0.95
2025-10,2025-10-04,ENGLAND 2,Swansea,Leicester,11.0,0.9216,0.0915,0.06,0.1111,1,0.95
2025-10,2025-10-04,ENGLAND 2,Watford,Oxford Utd,13.0,0.9329,0.0805,0.06,0.1176,1,0.95
2025-10,2025-10-04,ENGLAND 3,Bolton,Peterborough,21.0,0.9777,0.4837,0.02,0.0667,1,0.95
2025-10,2025-10-04,ENGLAND 3,Huddersfield,Stockport County,12.5,0.9535,0.3715,0.02,0.0909,1,0.95
2025-10,2025-10-04,ENGLAND 3,Lincoln,Exeter,12.5,0.9659,0.5258,0.02,0.0769,1,0.95
2025-10,2025-10-04,ENGLAND 3,Plymouth,Wigan,14.0,0.9535,0.3018,0.02,0.1,1,0.95
2025-10,2025-10-04,ENGLAND 3,Port Vale,Northampton,10.5,0.9451,0.3758,0.02,0.1333,0,-9.5
2025-10,2025-10-04,ENGLAND 3,Reading,Mansfield,14.5,0.9652,0.4469,0.02,0.0769,1,0.95
2025-10,2025-10-04,ENGLAND 5,Yeovil,Boreham Wood,13.0,0.929,0.0308,0.06,0.0909,1,0.95
2025-10,2025-10-04,SPAIN 1,Girona,Valencia,13.0,0.9381,0.1487,0.02,0.1053,1,0.95
2025-10,2025-10-04,PORTUGAL 1,Gil Vicente,Estrela,13.5,0.9352,0.0785,0.05,0.1176,1,0.95
2025-10,2025-10-04,PORTUGAL 1,Nacional,Moreirense,10.5,0.924,0.1561,0.05,0.125,1,0.95
2025-10,2025-10-04,AUSTRIA 1,Austria Vienna,BW Linz,13.0,0.936,0.1211,0.07,0.0909,1,0.95
2025-10,2025-10-04,GREECE 1,Panserraikos,Asteras Tripolis,12.0,0.931,0.1254,0.07,0.1176,1,0.95
2025-10,2025-10-04,CZECH 2,Artis Brno,Prostejov,17.0,0.9511,0.1214,0.06,0.0833,1,0.95
2025-10,2025-10-04,NORTHERN IRELAND 1,Portadown,Glenavon,18.0,0.9644,0.3119,0.02,0.1111,1,0.95
2025-10,2025-10-04,SPAIN 1,Ath Bilbao,Mallorca,10.5,0.948,0.4068,0.02,0.125,1,0.95
2025-10,2025-10-04,SPAIN 2,Andorra,Leganes,10.0,0.9441,0.3942,0.06,0.1176,1,0.95
2025-10,2025-10-04,NETHERLANDS 1,Sittard,FC Volendam,24.0,0.9823,0.527,0.03,0.0667,1,0.95
2025-10,2025-10-04,ROMANIA 1,FC Rapid Bucuresti,Farul Constanta,16.0,0.9448,0.0698,0.05,0.0909,1,0.95
2025-10,2025-10-04,PARAGUAY 2,Fernando de la Mora,San Lorenzo,5.5,0.9032,0.4222,0.1,0.1538,1,0.95
2025-10,2025-10-04,FRANCE 1,Auxerre,Lens,15.5,0.9536,0.2336,0.05,0.0769,1,0.95
2025-10,2025-10-04,BRAZIL 1,Bragantino,Gremio,12.0,0.9472,0.3194,0.05,0.1176,1,0.95
2025-10,2025-10-04,BRAZIL 1,Fluminense,Atletico-MG,8.4,0.932,0.3818,0.05,0.1538,1,0.95
2025-10,2025-10-04,BRAZIL 1,Internacional,Botafogo RJ,11.0,0.9359,0.2486,0.05,0.125,1,0.95
2025-10,2025-10-04,ARGENTINA 1,Atl. Tucuman,Platense,8.8,0.8938,0.021,0.14,0.1429,1,0.95
2025-10,2025-10-04,MEXICO 1,Queretaro,Puebla,11.5,0.9398,0.2602,0.04,0.125,1,0.95
2025-10,2025-10-04,ECUADOR 1,U. Catolica,LDU Quito,19.5,0.9558,0.0912,0.06,0.0833,1,0.95
2025-10,2025-10-04,MEXICO 1,Tigres UANL,Cruz Azul,17.0,0.9499,0.1007,0.04,0.0833,1,0.95
2025-10,2025-10-05,PORTUGAL 2,Oliveirense,Pacos Ferreira,13.0,0.9289,0.0296,0.07,0.125,1,0.95
2025-10,2025-10-05,ITALY 1,Udinese,Cagliari,9.4,0.9098,0.1066,0.06,0.125,1,0.95
2025-10,2025-10-05,WOM ENGLAND 1,Tottenham W,Brighton W,15.0,0.9501,0.2033,0.03,0.0667,1,0.95
2025-10,2025-10-05,CZECH 2,Ostrava B,Slavia Prague B,14.0,0.9482,0.228,0.06,0.0833,1,0.95
2025-10,2025-10-05,DENMARK 1,Randers FC,Viborg,16.5,0.9464,0.0685,0.03,0.0769,1,0.95
2025-10,2025-10-05,SPAIN 1,Alaves,Elche,7.8,0.9331,0.4312,0.02,0.1667,1,0.95
2025-10,2025-10-05,POLAND 1,Rakow,Motor Lublin,24.0,0.9641,0.0896,0.05,0.0667,1,0.95
2025-10,2025-10-05,ENGLAND 1,Wolves,Brighton,15.0,0.9417,0.0787,0.07,0.0769,1,0.95
2025-10,2025-10-05,SWEDEN 1,Sirius,Malmo FF,17.0,0.9535,0.1624,0.06,0.0667,1,0.95
2025-10,2025-10-05,FRANCE 1,Le Havre,Rennes,13.5,0.9353,0.0799,0.05,0.1,1,0.95
2025-10,2025-10-05,FRANCE 1,Strasbourg,Angers,12.5,0.9298,0.0764,0.05,0.1053,1,0.95
2025-10,2025-10-05,SLOVENIA 1,Primorje,Koper,19.5,0.9558,0.091,0.02,0.0909,1,0.95
2025-10,2025-10-05,DENMARK 1,FC Copenhagen,Midtjylland,17.5,0.9511,0.0969,0.03,0.0833,1,0.95
2025-10,2025-10-05,SPAIN 1,Espanyol,Betis,15.0,0.9499,0.2009,0.02,0.0909,1,0.95
2025-10,2025-10-05,SPAIN 1,Real Sociedad,Rayo Vallecano,11.5,0.941,0.2745,0.02,0.1,1,0.95
2025-10,2025-10-05,SPAIN 2,Racing Santander,Malaga,15.5,0.9455,0.1079,0.06,0.0833,1,0.95
2025-10,2025-10-05,SPAIN 2,Valladolid,Mirandes,13.5,0.9317,0.031,0.06,0.1053,1,0.95
2025-10,2025-10-05,CYPRUS 1,Omonia,Aris,10.5,0.9289,0.2066,0.05,0.1,0,-9.5
2025-10,2025-10-05,GERMANY 1,B. Monchengladbach,Freiburg,17.0,0.9726,0.4854,0.06,0.0909,0,-16.0
2025-10,2025-10-05,GREECE 1,PAOK,Olympiacos Piraeus,10.5,0.9532,0.461,0.06,0.1111,1,0.95
2025-10,2025-10-05,ITALY 1,Juventus,AC Milan,11.5,0.9365,0.2225,0.06,0.1176,0,-10.5
2025-10,2025-10-05,SPAIN 1,Celta Vigo,Atl. Madrid,16.0,0.9464,0.0953,0.02,0.0909,1,0.95
2025-10,2025-10-05,SPAIN 2,Las Palmas,Cadiz CF,11.5,0.9219,0.0553,0.06,0.1333,1,0.95
2025-10,2025-10-05,BRAZIL 1,Bahia,Flamengo RJ,12.0,0.9234,0.0344,0.04,0.1111,1,0.95
2025-10,2025-10-05,ECUADOR 1,Barcelona SC,Ind. del Valle,13.5,0.9376,0.1103,0.06,0.1176,1,0.95
2025-10,2025-10-05,MEXICO 1,UNAM Pumas,Guadalajara Chivas,12.5,0.9475,0.296,0.03,0.1,1,0.95
2025-10,2025-10-09,BRAZIL 2,Coritiba,Atletico GO,9.4,0.934,0.3325,0.08,0.1538,1,0.95
2025-10,2025-10-09,CHILE 1,U. Catolica,Nublense,11.5,0.9518,0.3978,0.03,0.1111,1,0.95
2025-10,2025-10-10,SPAIN 2,Granada CF,Las Palmas,10.0,0.9102,0.0567,0.07,0.1333,0,-9.0
2025-10,2025-10-11,ENGLAND 3,AFC Wimbledon,Port Vale,9.2,0.9283,0.2936,0.02,0.1429,1,0.95
2025-10,2025-10-11,ENGLAND 3,Exeter,Reading,16.0,0.9596,0.3052,0.02,0.0769,1,0.95
2025-10,2025-10-11,ENGLAND 3,Leyton Orient,Doncaster,21.0,0.9682,0.2836,0.02,0.0769,1,0.95
2025-10,2025-10-11,ENGLAND 3,Stockport County,Blackpool,14.0,0.9558,0.3339,0.02,0.0909,1,0.95
2025-10,2025-10-11,ENGLAND 3,Wigan,Wycombe,11.5,0.9414,0.2792,0.02,0.1176,1,0.95
2025-10,2025-10-11,NORTHERN IRELAND 1,Carrick Rangers,Portadown,18.5,0.9528,0.0796,0.02,0.1,1,0.95
2025-10,2025-10-11,USA 2,FC Tulsa,San Antonio,16.5,0.9472,0.082,0.06,0.1053,1,0.95
2025-10,2025-10-12,GREECE 2,Panargiakos,PAE Chania,12.0,0.929,0.1018,0.06,0.1429,0,-11.0
2025-10,2025-10-12,GREECE 2,Panionios,Ilioupoli,20.0,0.9635,0.2225,0.06,0.0769,1,0.95
2025-10,2025-10-12,SPAIN 2,Cadiz CF,Huesca,8.2,0.9206,0.3029,0.11,0.1667,1,0.95
2025-10,2025-10-12,BOLIVIA CUP,Independiente,SA Bulo Bulo,8.6,0.9447,0.4772,0.04,0.0769,1,0.95
2025-10,2025-10-12,BRAZIL 2,Criciuma,America MG,11.0,0.9159,0.0294,0.08,0.1333,1,0.95
2025-10,2025-10-12,BRAZIL 2,Vila Nova FC,Amazonas,9.2,0.9016,0.0493,0.08,0.1429,1,0.95
2025-10,2025-10-12,BRAZIL 2,Cuiaba,Coritiba,8.8,0.9315,0.3506,0.08,0.1667,1,0.95
2025-10,2025-10-13,CHILE 1,U. De Chile,Palestino,17.0,0.9491,0.0874,0.03,0.1053,1,0.95
2025-10,2025-10-13,BRAZIL 2,Volta Redonda,Atletico GO,9.6,0.9293,0.2747,0.08,0.1538,1,0.95
2025-10,2025-10-14,BRAZIL 2,Paysandu PA,Remo,11.0,0.9258,0.1379,0.08,0.1429,1,0.95
2025-10,2025-10-15,BRAZIL 1,Atletico-MG,Cruzeiro,8.2,0.9379,0.444,0.04,0.1538,1,0.95
2025-10,2025-10-15,BRAZIL 1,Santos,Corinthians,8.6,0.9221,0.2836,0.04,0.1429,1,0.95
2025-10,2025-10-15,USA 2,Orange County SC,San Antonio,14.0,0.9337,0.0251,0.06,0.1,1,0.95
2025-10,2025-10-16,ENGLAND 3,Huddersfield,Bolton,15.5,0.9573,0.2899,0.02,0.0833,1,0.95
2025-10,2025-10-16,BRAZIL 1,Gremio,Sao Paulo,8.2,0.9469,0.517,0.04,0.1333,1,0.95
2025-10,2025-10-16,BRAZIL 1,Fluminense,Juventude,15.5,0.9411,0.0405,0.04,0.1,1,0.95
2025-10,2025-10-16,BRAZIL 1,Vitoria,Bahia,8.2,0.9119,0.2317,0.04,0.1538,1,0.95
2025-10,2025-10-17,GERMANY 2,Dusseldorf,Braunschweig,19.5,0.9577,0.1277,0.04,0.0769,1,0.95
2025-10,2025-10-17,FRANCE 2,Clermont,Annecy,9.0,0.9282,0.3076,0.07,0.1429,1,0.95
2025-10,2025-10-17,POLAND 1,Widzew Lodz,Radomiak Radom,15.0,0.9545,0.2691,0.05,0.0769,1,0.95
2025-10,2025-10-17,IRELAND 1,St. Patricks,Shamrock Rovers,12.5,0.9258,0.0258,0.09,0.125,1,0.95
2025-10,2025-10-17,ENGLAND 2,Middlesbrough,Ipswich,11.5,0.937,0.2288,0.06,0.1111,1,0.95
2025-10,2025-10-18,MEXICO 1,Atl. San Luis,Atlas,26.0,0.9662,0.0737,0.03,0.0667,1,0.95
2025-10,2025-10-18,AUSTRALIA 1,Perth Glory,Wellington Phoenix,20.0,0.9535,0.023,0.04,0.0667,1,0.95
2025-10,2025-10-18,GERMANY 2,Preussen Munster,SG Dynamo Dresden,20.0,0.9659,0.2694,0.04,0.0667,1,0.95
2025-10,2025-10-18,ENGLAND 2,Oxford Utd,Derby,9.6,0.9353,0.3322,0.06,0.125,1,0.95
2025-10,2025-10-18,ENGLAND 2,QPR,Millwall,10.5,0.9222,0.1371,0.06,0.125,1,0.95
2025-10,2025-10-18,ENGLAND 3,Burton,Peterborough,17.5,0.9555,0.1728,0.02,0.0909,1,0.95
2025-10,2025-10-18,ENGLAND 3,Lincoln,Stevenage,9.4,0.9356,0.3481,0.02,0.125,1,0.95
2025-10,2025-10-18,FRANCE 2,Laval,Red Star,9.4,0.9228,0.2283,0.07,0.125,1,0.95
2025-10,2025-10-18,SERBIA 1,OFK Beograd Mozzart Bet,Napredak,17.0,0.9469,0.0497,0.07,0.0769,1,0.95
2025-10,2025-10-18,SPAIN 1,Sevilla,Mallorca,11.0,0.9349,0.2372,0.02,0.125,1,0.95
2025-10,2025-10-18,POLAND 1,Korona Kielce,Gornik Zabrze,14.5,0.936,0.0251,0.05,0.1053,1,0.95
2025-10,2025-10-18,GERMANY 1,Mainz,Bayer Leverkusen,17.0,0.9554,0.1942,0.06,0.0667,1,0.95
2025-10,2025-10-18,ENGLAND 2,Norwich,Bristol City,15.5,0.9452,0.1036,0.06,0.0909,1,0.95
2025-10,2025-10-18,ENGLAND 2,West Brom,Preston,11.5,0.9411,0.276,0.06,0.125,1,0.95
2025-10,2025-10-18,ENGLAND 3,Blackpool,Wycombe,12.0,0.9374,0.2022,0.02,0.1176,1,0.95
2025-10,2025-10-18,ENGLAND 3,Doncaster,Northampton,12.5,0.9596,0.4467,0.02,0.1176,1,0.95
2025-10,2025-10-18,ENGLAND 3,Plymouth,AFC Wimbledon,12.5,0.9448,0.2629,0.02,0.1111,1,0.95
2025-10,2025-10-18,ENGLAND 3,Stockport County,Exeter,27.0,0.9732,0.2278,0.02,0.0833,1,0.95
2025-10,2025-10-18,ENGLAND 3,Wigan,Port Vale,10.0,0.932,0.2738,0.02,0.1429,1,0.95
2025-10,2025-10-18,ENGLAND 5,Boreham Wood,Eastleigh,16.5,0.9464,0.0685,0.06,0.0833,1,0.95
2025-10,2025-10-18,ENGLAND 1,Burnley,Leeds,10.5,0.9166,0.0784,0.06,0.125,1,0.95
2025-10,2025-10-18,ENGLAND 1,Crystal Palace,Bournemouth,14.5,0.9589,0.3559,0.06,0.0833,1,0.95
2025-10,2025-10-18,FINLAND 1,Haka,KTP,21.0,0.9604,0.12,0.05,0.0667,1,0.95
2025-10,2025-10-18,NORTHERN IRELAND 1,Cliftonville,Larne,13.0,0.9511,0.3169,0.02,0.1176,1,0.95
2025-10,2025-10-18,NORTHERN IRELAND 1,Glenavon,Carrick Rangers,16.0,0.9505,0.1608,0.02,0.1,1,0.95
2025-10,2025-10-18,PORTUGAL CUP,Leiria,Alverca,20.0,0.9621,0.1948,0.03,0.0833,1,0.95
2025-10,2025-10-18,SCOTLAND 3,Cove Rangers,Stenhousemuir,12.0,0.9374,0.2022,0.06,0.1053,1,0.95
2025-10,2025-10-18,SCOTLAND 1,St. Mirren,Aberdeen,13.0,0.9395,0.1662,0.06,0.1176,1,0.95
2025-10,2025-10-18,ROMANIA 1,Univ. Craiova,Unirea Slobozia,20.0,0.9573,0.0976,0.06,0.0667,1,0.95
2025-10,2025-10-18,FRANCE 1,Nice,Lyon,16.5,0.9448,0.0422,0.05,0.0769,1,0.95
2025-10,2025-10-18,CYPRUS 1,Apollon,Omonia Aradippou,14.0,0.934,0.0293,0.05,0.1176,1,0.95
2025-10,2025-10-18,GREECE 1,Atromitos,Levadiakos,11.5,0.9321,0.1727,0.06,0.125,1,0.95
2025-10,2025-10-18,CHILE 1,La Serena,Nublense,14.0,0.9641,0.4487,0.02,0.1,1,0.95
2025-10,2025-10-18,POLAND 1,Cracovia,Rakow,11.0,0.9293,0.1753,0.05,0.1176,1,0.95
2025-10,2025-10-18,COLOMBIA 2,Leones,Atletico F.C.,8.2,0.9049,0.175,0.06,0.1111,1,0.95
2025-10,2025-10-18,NETHERLANDS 1,NAC Breda,Zwolle,15.5,0.9535,0.2321,0.02,0.0769,1,0.95
2025-10,2025-10-18,ECUADOR 1,Mushuc Runa,Vinotinto,14.0,0.9348,0.0399,0.06,0.1053,1,0.95
2025-10,2025-10-18,BRAZIL 1,Corinthians,Atletico-MG,8.2,0.9339,0.4115,0.04,0.1538,1,0.95
2025-10,2025-10-18,BRAZIL 2,America MG,CRB,11.5,0.9244,0.084,0.07,0.1176,1,0.95
2025-10,2025-10-18,BRAZIL 1,Cruzeiro,Fortaleza,16.5,0.9491,0.1129,0.04,0.0833,1,0.95
2025-10,2025-10-18,MEXICO 1,Monterrey,UNAM Pumas,17.5,0.9558,0.1793,0.03,0.0833,1,0.95
2025-10,2025-10-19,MEXICO 1,Cruz Azul,Club America,17.0,0.9472,0.0556,0.03,0.0833,1,0.95
2025-10,2025-10-19,SOUTH KOREA 2,Ansan Greeners,Incheon,13.0,0.933,0.0817,0.09,0.1111,1,0.95
2025-10,2025-10-19,SOUTH KOREA 2,Seoul E-Land,Busan,8.8,0.9246,0.2904,0.09,0.1538,1,0.95
2025-10,2025-10-19,ITALY 1,Como,Juventus,11.0,0.9188,0.0607,0.11,0.1111,1,0.95
2025-10,2025-10-19,TURKEY 2,Keciorengucu,Sivasspor,13.5,0.9437,0.1923,0.08,0.1,0,-12.5
2025-10,2025-10-19,SWEDEN 2,Utsikten,Trelleborg,15.5,0.9448,0.0974,0.08,0.0769,1,0.95
2025-10,2025-10-19,SPAIN 1,Elche,Ath Bilbao,11.0,0.937,0.2603,0.03,0.125,0,-10.0
2025-10,2025-10-19,SWITZERLAND 1,Grasshoppers,Sion,16.0,0.951,0.1682,0.03,0.0909,1,0.95
2025-10,2025-10-19,AUSTRIA 1,BW Linz,Sturm Graz,15.0,0.9426,0.0913,0.07,0.0833,1,0.95
2025-10,2025-10-19,NETHERLANDS 1,Excelsior,Sittard,16.0,0.9682,0.4426,0.02,0.0909,1,0.95
2025-10,2025-10-19,NETHERLANDS 1,Groningen,Sparta Rotterdam,18.0,0.961,0.2495,0.02,0.0769,1,0.95
2025-10,2025-10-19,ENGLAND 1,Tottenham,Aston Villa,15.0,0.9418,0.0799,0.06,0.0909,1,0.95
2025-10,2025-10-19,WOM ITALY 1,Lazio W,Juventus W,11.0,0.9535,0.4412,0.05,0.0769,1,0.95
2025-10,2025-10-19,BELGIUM 1,Dender,KV Mechelen,14.0,0.9452,0.1858,0.09,0.1,1,0.95
2025-10,2025-10-19,CROATIA 1,Istra 1961,Hajduk Split,9.2,0.9202,0.2198,0.07,0.1333,1,0.95
2025-10,2025-10-19,ICELAND 1,Afturelding,Vestri,19.0,0.9535,0.0694,0.03,0.0769,1,0.95
2025-10,2025-10-19,TURKEY 1,Alanyaspor,Goztepe,10.5,0.949,0.4167,0.06,0.125,1,0.95
2025-10,2025-10-19,TURKEY 1,Gaziantep,Antalyaspor,14.0,0.9438,0.1654,0.06,0.0909,1,0.95
2025-10,2025-10-19,SPAIN 1,Celta Vigo,Real Sociedad,14.5,0.9452,0.1584,0.03,0.1111,1,0.95
2025-10,2025-10-19,GREECE 1,Volos,Panserraikos,15.5,0.9526,0.2181,0.05,0.0909,1,0.95
2025-10,2025-10-19,PORTUGAL 2,Penafiel,Feirense,11.0,0.9162,0.0328,0.08,0.125,1,0.95
2025-10,2025-10-19,ROMANIA 1,UTA Arad,Otelul,10.5,0.9219,0.1334,0.06,0.1333,1,0.95
2025-10,2025-10-19,NORWAY 1,KFUM Oslo,Kristiansund,16.0,0.9433,0.046,0.04,0.0909,1,0.95
2025-10,2025-10-19,SAUDI ARABIA 1,Al Taawon,Damac,13.0,0.9348,0.1052,0.04,0.0833,1,0.95
2025-10,2025-10-19,FRANCE 1,Rennes,Auxerre,17.0,0.9558,0.2014,0.03,0.0833,1,0.95
2025-10,2025-10-19,FRANCE 1,Toulouse,Metz,15.0,0.9454,0.1344,0.03,0.0769,1,0.95
2025-10,2025-10-19,CHILE 1,Coquimbo,Colo Colo,9.4,0.9573,0.5505,0.02,0.1429,1,0.95
2025-10,2025-10-19,GERMANY 1,St. Pauli,Hoffenheim,16.0,0.9517,0.1799,0.06,0.0769,1,0.95
2025-10,2025-10-19,BELGIUM 1,St. Truiden,Anderlecht,16.0,0.95,0.152,0.09,0.0769,1,0.95
2025-10,2025-10-19,GREECE 1,Aris,Panathinaikos,11.0,0.9212,0.0867,0.05,0.1111,1,0.95
2025-10,2025-10-19,SPAIN 1,Levante,Rayo Vallecano,13.5,0.933,0.0482,0.03,0.1111,1,0.95
2025-10,2025-10-19,EGYPT 1,Ceramica Cleopatra,El Gaish,9.2,0.9175,0.1955,0.19,0.1333,1,0.95
2025-10,2025-10-19,ECUADOR 1,Manta,Tecnico U.,8.8,0.8955,0.0355,0.07,0.1538,1,0.95
2025-10,2025-10-19,SLOVENIA 1,Koper,Maribor,18.0,0.9493,0.0399,0.03,0.0909,1,0.95
2025-10,2025-10-19,FRANCE 1,Nantes,Lille,15.0,0.9415,0.0754,0.03,0.0909,1,0.95
2025-10,2025-10-19,BRAZIL 1,Flamengo RJ,Palmeiras,9.6,0.9479,0.4523,0.04,0.125,1,0.95
2025-10,2025-10-19,BRAZIL 2,Avai,Criciuma,10.5,0.9337,0.2577,0.07,0.1429,1,0.95
2025-10,2025-10-19,ECUADOR 1,Aucas,Emelec,11.5,0.9224,0.0613,0.07,0.125,0,-10.5
2025-10,2025-10-19,BRAZIL 1,Ceara,Botafogo RJ,8.6,0.9417,0.4517,0.04,0.1538,1,0.95
2025-10,2025-10-19,BRAZIL 2,Coritiba,Athletico-PR,8.0,0.9085,0.2223,0.07,0.1667,0,-7.0
2025-10,2025-10-19,COLOMBIA 2,Orsomarso,Quindio,8.8,0.9259,0.3016,0.06,0.1667,1,0.95
2025-10,2025-10-20,TURKEY 1,Eyupspor,Kasimpasa,11.5,0.9339,0.1934,0.06,0.1176,1,0.95
2025-10,2025-10-20,COLOMBIA 2,Tigres,Bogota,7.2,0.9135,0.3318,0.06,0.1176,1,0.95
2025-10,2025-10-20,SPAIN 1,Alaves,Valencia,9.0,0.9511,0.5125,0.03,0.1333,0,-8.0
2025-10,2025-10-20,BRAZIL 1,Vasco,Fluminense,11.5,0.934,0.1947,0.04,0.125,1,0.95
2025-10,2025-10-21,ENGLAND 2,Ipswich,Charlton,12.5,0.9415,0.2217,0.06,0.1,1,0.95
2025-10,2025-10-21,ENGLAND 2,Millwall,Stoke,10.5,0.9212,0.1262,0.06,0.125,1,0.95
2025-10,2025-10-21,ENGLAND 2,Preston,Birmingham,10.5,0.933,0.2493,0.06,0.1429,1,0.95
2025-10,2025-10-21,ENGLAND 2,Bristol City,Southampton,15.0,0.9472,0.1613,0.06,0.0909,1,0.95
2025-10,2025-10-21,ENGLAND 3,Reading,Northampton,13.0,0.9495,0.2956,0.02,0.1176,1,0.95
2025-10,2025-10-21,MEXICO 1,Necaxa,Cruz Azul,19.5,0.9659,0.2865,0.03,0.0667,1,0.95
2025-10,2025-10-22,MEXICO 1,Mazatlan FC,Santos Laguna,19.5,0.9597,0.1667,0.03,0.0769,1,0.95
2025-10,2025-10-22,MEXICO 1,Monterrey,Juarez,19.5,0.9682,0.3313,0.03,0.0667,1,0.95
2025-10,2025-10-22,SAUDI ARABIA 2,Al Jubail,Al Taee,11.0,0.924,0.1181,0.06,0.125,1,0.95
2025-10,2025-10-22,TURKEY 1,Rizespor,Basaksehir,14.5,0.9472,0.1875,0.06,0.0909,0,-13.5
2025-10,2025-10-22,ENGLAND 2,Swansea,QPR,12.5,0.9321,0.1048,0.06,0.0909,1,0.95
2025-10,2025-10-22,ENGLAND 2,Watford,West Brom,11.5,0.9491,0.3673,0.06,0.1333,1,0.95
2025-10,2025-10-22,BRAZIL 1,Bahia,Internacional,12.0,0.9397,0.2291,0.04,0.1111,1,0.95
2025-10,2025-10-22,MEXICO 1,Pachuca,Tigres UANL,15.5,0.9418,0.0501,0.03,0.0833,1,0.95
2025-10,2025-10-22,MEXICO 1,Queretaro,Guadalajara Chivas,11.5,0.9448,0.3181,0.03,0.0909,1,0.95
2025-10,2025-10-22,USA 1,Portland Timbers,Real Salt Lake,20.0,0.9554,0.0604,0.02,0.0667,1,0.95
2025-10,2025-10-23,FINLAND 1,TPS,KTP,10.5,0.9156,0.0681,0.05,0.1176,1,0.95
2025-10,2025-10-23,ENGLAND 3,Exeter,Plymouth,14.0,0.9475,0.2172,0.02,0.1053,1,0.95
2025-10,2025-10-24,CHINA 1,Wuhan Three Towns,Shenzhen Xinpengcheng,17.0,0.9472,0.0556,0.05,0.1,1,0.95
2025-10,2025-10-24,CROATIA 1,Gorica,Hajduk Split,11.0,0.9224,0.1001,0.07,0.1176,1,0.95
2025-10,2025-10-24,POLAND 1,Termalica B-B.,Zaglebie,16.5,0.9511,0.1458,0.05,0.0769,1,0.95
2025-10,2025-10-24,GERMANY 2,Schalke,Darmstadt,18.0,0.9517,0.0834,0.05,0.0833,1,0.95
2025-10,2025-10-24,FRANCE 2,Guingamp,Clermont,15.0,0.9491,0.1892,0.07,0.0769,1,0.95
2025-10,2025-10-24,SWITZERLAND 2,Aarau,Wil,22.0,0.9604,0.0817,0.03,0.0769,1,0.95
2025-10,2025-10-24,GERMANY 1,Werder Bremen,Union Berlin,18.5,0.9518,0.0601,0.06,0.0769,1,0.95
2025-10,2025-10-24,ENGLAND 2,Preston,Sheffield Utd,9.8,0.9258,0.2269,0.06,0.1333,1,0.95
2025-10,2025-10-24,ENGLAND 1,Leeds,West Ham,12.5,0.9472,0.2931,0.06,0.1053,1,0.95
2025-10,2025-10-25,AUSTRALIA 1,Auckland FC,WS Wanderers,16.0,0.9577,0.2757,0.04,0.0833,1,0.95
2025-10,2025-10-25,SOUTH KOREA 1,Gwangju FC,Anyang,13.5,0.9321,0.0369,0.06,0.1429,1,0.95
2025-10,2025-10-25,GERMANY 2,SG Dynamo Dresden,Paderborn,22.0,0.9621,0.1191,0.05,0.0667,1,0.95
2025-10,2025-10-25,ENGLAND 2,Ipswich,West Brom,14.0,0.9418,0.1381,0.06,0.125,1,0.95
2025-10,2025-10-25,NORWAY 2,Skeid,Raufoss,21.0,0.9663,0.2445,0.03,0.0667,1,0.95
2025-10,2025-10-25,SERBIA 1,Radnicki 1923,TSC,19.0,0.9554,0.105,0.05,0.0769,1,0.95
2025-10,2025-10-25,ENGLAND 2,Bristol City,Birmingham,11.5,0.927,0.1141,0.06,0.1176,1,0.95
2025-10,2025-10-25,ENGLAND 2,Derby,QPR,12.0,0.9317,0.1335,0.06,0.1111,1,0.95
2025-10,2025-10-25,ENGLAND 3,AFC Wimbledon,Burton,10.5,0.9357,0.2777,0.02,0.1429,1,0.95
2025-10,2025-10-25,ENGLAND 3,Stevenage,Bradford City,12.5,0.9415,0.2217,0.02,0.1176,1,0.95
2025-10,2025-10-25,ENGLAND 3,Wycombe,Huddersfield,18.5,0.9573,0.1617,0.02,0.0909,1,0.95
2025-10,2025-10-25,NORTHERN IRELAND 1,Linfield,Ballymena,24.0,0.9745,0.3402,0.02,0.0909,1,0.95
2025-10,2025-10-25,SPAIN 1,Espanyol,Elche,11.5,0.9315,0.1656,0.04,0.1176,1,0.95
2025-10,2025-10-25,SPAIN 2,Eibar,Leganes,8.6,0.893,0.0349,0.14,0.1429,0,-7.6
2025-10,2025-10-25,CROATIA 1,Varazdin,Slaven Belupo,12.0,0.9262,0.0676,0.07,0.1111,1,0.95
2025-10,2025-10-25,CYPRUS 1,Ol. Nicosia,Apollon,12.5,0.9271,0.0418,0.05,0.125,1,0.95
2025-10,2025-10-25,NORWAY 1,Sarpsborg 08,KFUM Oslo,16.0,0.9763,0.5725,0.04,0.0769,1,0.95
2025-10,2025-10-25,BELGIUM 1,KV Mechelen,Leuven,14.0,0.9417,0.137,0.08,0.0909,1,0.95
2025-10,2025-10-25,GREECE 1,Panserraikos,AEL Larissa,11.5,0.9448,0.3181,0.05,0.125,1,0.95
2025-10,2025-10-25,SPAIN 1,Ath Bilbao,Getafe,8.2,0.9236,0.3276,0.04,0.1667,1,0.95
2025-10,2025-10-25,FRANCE 1,Monaco,Toulouse,20.0,0.9659,0.2694,0.03,0.0667,1,0.95
2025-10,2025-10-25,ITALY 2,Catanzaro,Palermo,11.0,0.9175,0.047,0.11,0.125,1,0.95
2025-10,2025-10-25,FRANCE 2,Annecy,St Etienne,13.5,0.937,0.1028,0.08,0.0833,1,0.95
2025-10,2025-10-25,NETHERLANDS 1,FC Volendam,Heracles,21.0,0.9646,0.2081,0.02,0.0667,1,0.95
2025-10,2025-10-25,BRAZIL 1,Atletico-MG,Ceara,9.6,0.9442,0.4167,0.04,0.1333,1,0.95
2025-10,2025-10-25,BRAZIL 1,Vitoria,Corinthians,8.8,0.9417,0.4401,0.04,0.1429,1,0.95
2025-10,2025-10-25,SPAIN 1,Valencia,Villarreal,15.5,0.9518,0.2048,0.04,0.0909,1,0.95
2025-10,2025-10-25,PORTUGAL 1,Estrela,Rio Ave,11.0,0.9272,0.1529,0.06,0.1176,1,0.95
2025-10,2025-10-25,COLOMBIA 2,Bogota,Leones,8.6,0.9243,0.303,0.06,0.1,1,0.95
2025-10,2025-10-25,BRAZIL 1,Fluminense,Internacional,10.5,0.9303,0.2218,0.04,0.125,1,0.95
2025-10,2025-10-25,CHILE 1,Huachipato,Deportes Iquique,28.0,0.9676,0.0458,0.02,0.0667,1,0.95
2025-10,2025-10-25,BRAZIL 1,Sport Recife,Mirassol,13.0,0.9388,0.1569,0.04,0.1,1,0.95
2025-10,2025-10-25,BRAZIL 1,Fortaleza,Flamengo RJ,12.0,0.9415,0.251,0.04,0.0909,1,0.95
2025-10,2025-10-25,BRAZIL 2,Criciuma,Goias,9.2,0.9143,0.1655,0.07,0.1333,1,0.95
2025-10,2025-10-25,MEXICO 1,Club Leon,UNAM Pumas,15.5,0.9537,0.2348,0.04,0.0909,1,0.95
2025-10,2025-10-25,BRAZIL 1,Sao Paulo,Bahia,10.5,0.9303,0.2216,0.04,0.125,1,0.95
2025-10,2025-10-25,AUSTRALIA 1,Wellington Phoenix,Brisbane Roar,14.0,0.9379,0.0839,0.04,0.1053,1,0.95
2025-10,2025-10-26,NETHERLANDS 1,Twente,Ajax,27.0,0.9751,0.2788,0.01,0.0667,1,0.95
2025-10,2025-10-26,DENMARK 1,Vejle,Silkeborg,18.5,0.9501,0.0285,0.03,0.0769,1,0.95
2025-10,2025-10-26,SPAIN 1,Mallorca,Levante,11.5,0.9577,0.4659,0.03,0.1053,1,0.95
2025-10,2025-10-26,ITALY 3,Pro Vercelli,Pergolettese,9.2,0.9239,0.2534,0.09,0.1667,1,0.95
2025-10,2025-10-26,ITALY 4,Sora,L Aquila,10.0,0.9177,0.1315,0.07,0.1176,1,0.95
2025-10,2025-10-26,POLAND 1,Rakow,Lechia Gdansk,15.0,0.9659,0.44,0.05,0.0833,1,0.95
2025-10,2025-10-26,ENGLAND 1,Bournemouth,Nottingham,13.5,0.9417,0.1661,0.06,0.0833,1,0.95
2025-10,2025-10-26,GERMANY 1,Bayer Leverkusen,Freiburg,17.0,0.9631,0.3238,0.05,0.0769,1,0.95
2025-10,2025-10-26,SPAIN 4,Rayo Cantabria,Bergantinos,10.5,0.9117,0.0276,0.08,0.1429,1,0.95
2025-10,2025-10-26,CHILE 1,U. Catolica,U. De Chile,16.0,0.9482,0.1245,0.02,0.1333,1,0.95
2025-10,2025-10-26,GERMANY 3,Viktoria Koln,Hansa Rostock,16.5,0.9472,0.0821,0.05,0.0769,1,0.95
2025-10,2025-10-26,PORTUGAL 1,Famalicao,Vitoria Guimaraes,10.5,0.9448,0.3734,0.05,0.1,1,0.95
2025-10,2025-10-26,SPAIN 4,Alfaro,Alaves B,8.4,0.9048,0.1547,0.08,0.1667,1,0.95
2025-10,2025-10-26,FRANCE 1,Angers,Lorient,9.6,0.9517,0.4889,0.03,0.1429,1,0.95
2025-10,2025-10-26,FRANCE 1,Auxerre,Le Havre,13.0,0.9504,0.3082,0.03,0.1176,1,0.95
2025-10,2025-10-26,FRANCE 1,Rennes,Nice,17.5,0.9749,0.5117,0.03,0.0667,1,0.95
2025-10,2025-10-26,ITALY 2,Bari,Mantova,13.5,0.9313,0.0264,0.11,0.1053,1,0.95
2025-10,2025-10-26,ENGLAND 1,Everton,Tottenham,12.0,0.937,0.1973,0.06,0.0909,1,0.95
2025-10,2025-10-26,ITALY 3,Sorrento,Latina,10.0,0.9209,0.163,0.09,0.1429,1,0.95
2025-10,2025-10-26,POLAND 1,Gornik Zabrze,Jagiellonia,17.5,0.9499,0.0756,0.05,0.0769,1,0.95
2025-10,2025-10-26,SLOVENIA 1,O. Ljubljana,Domzale,27.0,0.9663,0.0425,0.03,0.0714,1,0.95
2025-10,2025-10-26,DENMARK 1,FC Copenhagen,Viborg,23.0,0.9682,0.2199,0.03,0.0667,0,-22.0
2025-10,2025-10-26,TURKEY 1,Kasimpasa,Besiktas,19.0,0.9587,0.1668,0.07,0.0667,1,0.95
2025-10,2025-10-26,GREECE 1,PAOK,Volos,22.0,0.9659,0.2012,0.05,0.0667,1,0.95
2025-10,2025-10-26,SPAIN 1,Osasuna,Celta Vigo,11.0,0.9518,0.4219,0.03,0.125,1,0.95
2025-10,2025-10-26,BRAZIL 1,Botafogo RJ,Santos,12.5,0.9536,0.3723,0.03,0.0909,1,0.95
2025-10,2025-10-26,BRAZIL 1,Gremio,Juventude,12.5,0.9535,0.3715,0.03,0.1111,1,0.95
2025-10,2025-10-26,CHILE 1,Cobresal,U. Espanola,17.5,0.9535,0.1391,0.02,0.0769,1,0.95
2025-10,2025-10-26,POLAND 1,Legia,Lech Poznan,21.0,0.9641,0.1974,0.05,0.0667,0,-20.0
2025-10,2025-10-26,ITALY 1,Lazio,Juventus,11.0,0.9184,0.0564,0.12,0.125,1,0.95
2025-10,2025-10-26,SPAIN 1,Rayo Vallecano,Alaves,8.4,0.9366,0.4204,0.03,0.1538,1,0.95
2025-10,2025-10-26,PORTUGAL 1,Braga,Casa Pia,16.5,0.9472,0.082,0.05,0.0833,1,0.95
2025-10,2025-10-26,BRAZIL 1,Bragantino,Vasco,11.0,0.9442,0.3386,0.03,0.0909,1,0.95
2025-10,2025-10-26,CHILE 1,O'Higgins,Coquimbo,8.8,0.9314,0.3493,0.02,0.1429,1,0.95
2025-10,2025-10-26,CHILE 1,Union La Calera,Nublense,13.5,0.9388,0.1263,0.02,0.1176,1,0.95
2025-10,2025-10-26,VENEZUELA 1,Carabobo,Dep. Tachira,9.2,0.9103,0.1297,0.09,0.1538,1,0.95
2025-10,2025-10-26,MEXICO 1,Santos Laguna,Queretaro,18.5,0.9555,0.1283,0.04,0.0769,1,0.95
2025-10,2025-10-26,BRAZIL 1,Palmeiras,Cruzeiro,14.0,0.9374,0.0773,0.03,0.1,0,-13.0
2025-10,2025-10-27,CYPRUS 1,AEK Larnaca,APOEL,12.0,0.9407,0.2409,0.04,0.1333,1,0.95
2025-10,2025-10-27,TURKEY 1,Samsunspor,Rizespor,13.5,0.9397,0.1396,0.07,0.0909,1,0.95
2025-10,2025-10-27,DENMARK 1,Odense,Brondby,22.0,0.9591,0.0531,0.03,0.0667,1,0.95
2025-10,2025-10-27,ARGENTINA 1,Barracas Central,Boca Juniors,7.0,0.8706,0.0508,0.13,0.1667,1,0.95
2025-10,2025-10-27,SPAIN 1,Betis,Atl. Madrid,15.5,0.9451,0.1011,0.03,0.0909,1,0.95
2025-10,2025-10-27,BRAZIL 2,Chapecoense-SC,Operario-PR,9.2,0.9197,0.2154,0.07,0.1538,1,0.95
2025-10,2025-10-27,USA 1,Minnesota United,Seattle Sounders,15.0,0.9621,0.3841,0.01,0.0909,0,-14.0
2025-10,2025-10-28,GERMANY CUP,Hertha Berlin,Elversberg,23.0,0.9859,0.626,0.02,0.0667,1,0.95
2025-10,2025-10-28,GERMANY CUP,Wolfsburg,Holstein Kiel,23.0,0.9621,0.0813,0.02,0.0667,1,0.95
2025-10,2025-10-29,GERMANY CUP,Mainz,Stuttgart,19.0,0.9603,0.1983,0.02,0.0667,1,0.95
2025-10,2025-10-29,FRANCE 1,Le Havre,Brest,13.0,0.9323,0.0734,0.03,0.1333,1,0.95
2025-10,2025-10-29,PORTUGAL CUP,Braga,Santa Clara,10.5,0.9411,0.3341,0.03,0.1333,1,0.95
2025-10,2025-10-29,ITALY 2,Mantova,Catanzaro,12.0,0.927,0.078,0.09,0.1176,1,0.95
2025-10,2025-10-29,ENGLAND CUP,Arsenal,Brighton,22.0,0.9642,0.1636,0.03,0.0833,1,0.95
2025-10,2025-10-29,ENGLAND CUP,Liverpool,Crystal Palace,21.0,0.9577,0.0641,0.03,0.0667,1,0.95
2025-10,2025-10-29,ENGLAND CUP,Wolves,Chelsea,19.5,0.9585,0.143,0.03,0.0769,1,0.95
2025-10,2025-10-29,GERMANY CUP,Union Berlin,Arminia Bielefeld,18.0,0.9573,0.1831,0.02,0.0769,1,0.95
2025-10,2025-10-29,SCOTLAND 1,St. Mirren,Hearts,14.5,0.946,0.17,0.06,0.1,1,0.95
2025-10,2025-10-29,FRANCE 1,Nantes,Monaco,19.0,0.9534,0.0672,0.03,0.0769,1,0.95
2025-10,2025-10-29,FRANCE 1,Strasbourg,Auxerre,14.5,0.9597,0.368,0.03,0.0833,1,0.95
2025-10,2025-10-29,FRANCE 1,Toulouse,Rennes,14.5,0.9528,0.2679,0.03,0.0909,1,0.95
2025-10,2025-10-29,BRAZIL 1,Fluminense,Ceara,11.5,0.9511,0.3902,0.04,0.125,1,0.95
2025-10,2025-10-29,USA 1,Los Angeles FC,Austin FC,21.0,0.9742,0.409,0.02,0.0667,1,0.95
2025-10,2025-10-30,SWITZERLAND 1,Grasshoppers,Young Boys,32.0,0.9882,0.5725,0.03,0.0667,1,0.95
2025-10,2025-10-30,SWITZERLAND 1,Lugano,Luzern,28.0,0.9673,0.0366,0.03,0.0667,1,0.95
2025-10,2025-10-31,SPAIN 1,Getafe,Girona,8.2,0.9267,0.3526,0.03,0.1667,1,0.95
2025-11,2025-11-01,ITALY 3,Pergolettese,Novara,8.4,0.8897,0.0289,0.07,0.1667,1,0.95
2025-11,2025-11-01,ITALY 3,Pineto,Pianese,12.5,0.9288,0.0639,0.07,0.1429,1,0.95
2025-11,2025-11-01,ENGLAND 2,Oxford Utd,Millwall,10.5,0.9139,0.05,0.07,0.1176,1,0.95
2025-11,2025-11-01,ENGLAND 2,Sheffield Utd,Derby,10.5,0.9116,0.0258,0.07,0.1333,1,0.95
2025-11,2025-11-01,ENGLAND 2,Southampton,Preston,15.0,0.9565,0.299,0.07,0.0909,1,0.95
2025-11,2025-11-01,ENGLAND 2,Stoke,Bristol City,12.0,0.9244,0.0467,0.07,0.1176,1,0.95
2025-11,2025-11-01,ENGLAND CUP,Bolton,Huddersfield,21.0,0.9602,0.1153,0.0,0.0833,1,0.95
2025-11,2025-11-01,ENGLAND CUP,Colchester,MK Dons,19.5,0.9656,0.2814,0.0,0.0833,1,0.95
2025-11,2025-11-01,ENGLAND CUP,Crewe,Doncaster,17.5,0.9479,0.0409,0.0,0.0833,1,0.95
2025-11,2025-11-01,ENGLAND CUP,Oldham,Northampton,17.0,0.9535,0.162,0.0,0.125,1,0.95
2025-11,2025-11-01,ENGLAND CUP,Reading,Carlisle,20.0,0.9695,0.3411,0.0,0.0667,1,0.95
2025-11,2025-11-01,ENGLAND CUP,Wycombe,Plymouth,16.5,0.959,0.2758,0.0,0.0909,1,0.95
2025-11,2025-11-01,ENGLAND 1,Crystal Palace,Brentford,16.0,0.9462,0.0922,0.06,0.0909,1,0.95
2025-11,2025-11-01,ENGLAND 1,Fulham,Wolves,13.0,0.9411,0.1874,0.06,0.0909,1,0.95
2025-11,2025-11-01,ENGLAND 1,Nottingham,Manchester Utd,16.5,0.9479,0.093,0.06,0.0667,1,0.95
2025-11,2025-11-01,SCOTLAND 3,Queen of South,Stenhousemuir,13.0,0.939,0.1597,0.05,0.1,1,0.95
2025-11,2025-11-01,AUSTRIA 1,Grazer AK,Altach,8.6,0.9158,0.2301,0.07,0.1538,1,0.95
2025-11,2025-11-01,SERBIA 1,Cukaricki,Partizan,18.0,0.9509,0.0682,0.06,0.0833,1,0.95
2025-11,2025-11-01,SWITZERLAND 1,Thun,Sion,18.0,0.9656,0.3332,0.03,0.0769,1,0.95
2025-11,2025-11-01,SWITZERLAND 1,Winterthur,Servette,25.0,0.9674,0.1375,0.03,0.0667,1,0.95
2025-11,2025-11-01,ENGLAND 1,Tottenham,Chelsea,16.0,0.9481,0.1227,0.06,0.0833,1,0.95
2025-11,2025-11-01,NORTHERN IRELAND 1,Ballymena,Larne,13.0,0.9479,0.2754,0.02,0.125,1,0.95
2025-11,2025-11-01,SCOTLAND CUP,Motherwell,St. Mirren,16.0,0.9554,0.2386,0.01,0.1,1,0.95
2025-11,2025-11-01,SPAIN 1,Real Sociedad,Ath Bilbao,9.2,0.9479,0.4731,0.03,0.1538,1,0.95
2025-11,2025-11-01,NETHERLANDS 1,NAC Breda,G.A. Eagles,21.0,0.9673,0.2652,0.0,0.0667,1,0.95
2025-11,2025-11-01,PERU 1,Los Chankas,Ayacucho,14.5,0.9375,0.0469,0.08,0.1111,1,0.95
2025-11,2025-11-01,PORTUGAL 1,Casa Pia,Estrela,9.4,0.9251,0.2497,0.05,0.1538,1,0.95
2025-11,2025-11-01,ROMANIA 1,U. Cluj,FCSB,14.5,0.9435,0.1333,0.06,0.1176,1,0.95
2025-11,2025-11-01,ARGENTINA 1,Barracas Central,Argentinos Jrs,7.8,0.8949,0.1352,0.13,0.1667,1,0.95
2025-11,2025-11-01,BRAZIL 2,Goias,Athletico-PR,9.4,0.9097,0.1055,0.09,0.1333,1,0.95
2025-11,2025-11-01,GERMANY 2,Darmstadt,Arminia Bielefeld,19.5,0.9688,0.3433,0.05,0.0667,1,0.95
2025-11,2025-11-01,USA 1,New York City,Charlotte,18.0,0.9565,0.1697,0.03,0.0909,0,-17.0
2025-11,2025-11-01,ARGENTINA 1,Velez Sarsfield,Talleres Cordoba,7.8,0.8996,0.1718,0.13,0.1667,1,0.95
2025-11,2025-11-01,NETHERLANDS 1,Telstar,Excelsior,18.5,0.9572,0.1601,0.0,0.0667,1,0.95
2025-11,2025-11-01,FRANCE 1,Auxerre,Marseille,17.0,0.9492,0.0888,0.03,0.1,1,0.95
2025-11,2025-11-01,PORTUGAL 1,Vitoria Guimaraes,Benfica,20.0,0.9536,0.0253,0.05,0.0909,1,0.95
2025-11,2025-11-01,CHILE 1,Nublense,Colo Colo,14.5,0.9747,0.5849,0.02,0.1,1,0.95
2025-11,2025-11-01,USA 1,Chicago Fire,Philadelphia Union,21.0,0.9632,0.1794,0.03,0.0667,1,0.95
2025-11,2025-11-01,VENEZUELA 1,Dep. Tachira,Carabobo,9.2,0.9251,0.2647,0.09,0.1667,1,0.95
2025-11,2025-11-02,NETHERLANDS 1,Heracles,Zwolle,20.0,0.981,0.5709,0.0,0.0667,1,0.95
2025-11,2025-11-02,DENMARK 1,Viborg,Randers FC,21.0,0.96,0.1118,0.03,0.0769,1,0.95
2025-11,2025-11-02,SPAIN 1,Levante,Celta Vigo,17.0,0.9611,0.2898,0.03,0.0833,1,0.95
2025-11,2025-11-02,ITALY 4,Ciserano-Bergamo,Folgore Caratese,12.5,0.9396,0.1985,0.09,0.0833,1,0.95
2025-11,2025-11-02,FINLAND 1,KuPS,Inter Turku,17.0,0.9494,0.093,0.04,0.0769,1,0.95
2025-11,2025-11-02,FRANCE 1,Rennes,Strasbourg,18.0,0.9492,0.0373,0.04,0.0769,1,0.95
2025-11,2025-11-02,SLOVENIA 1,Koper,O. Ljubljana,16.0,0.9503,0.1565,0.03,0.1053,1,0.95
2025-11,2025-11-02,BELGIUM 1,Leuven,Gent,16.0,0.9465,0.0961,0.06,0.0833,1,0.95
2025-11,2025-11-02,NORTHERN IRELAND 1,Cliftonville,Linfield,17.0,0.9468,0.0487,0.02,0.1111,0,-16.0
2025-11,2025-11-02,SPAIN 1,Alaves,Espanyol,8.4,0.9479,0.515,0.03,0.1333,1,0.95
2025-11,2025-11-02,CHILE 1,Huachipato,U. De Chile,23.0,0.9611,0.0561,0.02,0.0833,1,0.95
2025-11,2025-11-02,FRANCE 1,Nantes,Metz,12.5,0.9261,0.0302,0.04,0.0769,1,0.95
2025-11,2025-11-02,BELGIUM 1,St. Truiden,Antwerp,16.0,0.9509,0.1665,0.06,0.0833,1,0.95
2025-11,2025-11-02,BRAZIL 1,Ceara,Fluminense,8.6,0.9251,0.3096,0.05,0.1667,1,0.95
2025-11,2025-11-02,SPAIN 1,Betis,Mallorca,15.5,0.9536,0.2339,0.03,0.0769,1,0.95
2025-11,2025-11-02,BRAZIL 1,Vasco,Sao Paulo,9.8,0.9356,0.3225,0.05,0.1429,1,0.95
2025-11,2025-11-02,MEXICO 1,Pachuca,Guadalajara Chivas,13.0,0.9292,0.0334,0.05,0.0909,1,0.95
2025-11,2025-11-02,USA 1,Austin FC,Los Angeles FC,15.0,0.9386,0.0323,0.03,0.1,1,0.95
2025-11,2025-11-03,UKRAINE 1,LNZ Cherkasy,Karpaty Lviv,7.8,0.8845,0.0552,0.09,0.1538,1,0.95
2025-11,2025-11-03,CROATIA 1,Gorica,Lok. Zagreb,13.5,0.9411,0.158,0.08,0.1053,1,0.95
2025-11,2025-11-03,TURKEY 1,Alanyaspor,Gaziantep,15.0,0.9445,0.1205,0.09,0.0769,0,-14.0
2025-11,2025-11-03,ROMANIA 1,Petrolul,FC Botosani,9.8,0.9165,0.1359,0.05,0.1333,0,-8.8
2025-11,2025-11-03,ITALY 3,Vis Pesaro,Juventus U23,11.0,0.9255,0.1344,0.06,0.1429,1,0.95
2025-11,2025-11-03,ARGENTINA 1,Platense,Sarmiento Junin,7.6,0.8811,0.0525,0.13,0.1667,1,0.95
2025-11,2025-11-03,PORTUGAL 1,Gil Vicente,Santa Clara,7.8,0.9346,0.4433,0.05,0.1667,1,0.95
2025-11,2025-11-03,BRAZIL 2,America MG,Novorizontino,8.8,0.9094,0.1572,0.09,0.1538,1,0.95
2025-11,2025-11-03,CHILE 1,Palestino,Limache,18.5,0.9527,0.0765,0.03,0.0769,1,0.95
2025-11,2025-11-04,USA 1,Seattle Sounders,Minnesota United,23.0,0.9632,0.1058,0.03,0.0667,1,0.95
2025-11,2025-11-04,ENGLAND 2,Leicester,Middlesbrough,13.0,0.932,0.0692,0.06,0.1053,1,0.95
2025-11,2025-11-04,ENGLAND 2,Oxford Utd,Stoke,12.5,0.9375,0.1713,0.06,0.1,1,0.95
2025-11,2025-11-04,ECUADOR 1,LDU Quito,Orense,16.0,0.9441,0.0582,0.08,0.0909,1,0.95
2025-11,2025-11-05,ENGLAND 2,Preston,Swansea,9.8,0.9291,0.2592,0.05,0.1429,1,0.95
2025-11,2025-11-05,CHILE 1,U. De Chile,Everton,17.5,0.9584,0.2248,0.03,0.0769,1,0.95
2025-11,2025-11-05,BRAZIL 1,Bragantino,Corinthians,10.0,0.9291,0.245,0.05,0.1176,1,0.95
2025-11,2025-11-05,BRAZIL 1,Vitoria,Internacional,9.8,0.9387,0.352,0.05,0.1333,1,0.95
2025-11,2025-11-05,BRAZIL 1,Botafogo RJ,Vasco,15.0,0.949,0.187,0.05,0.0769,1,0.95
2025-11,2025-11-05,BRAZIL 1,Atletico-MG,Bahia,11.0,0.9274,0.1547,0.05,0.1333,1,0.95
2025-11,2025-11-05,BRAZIL 1,Gremio,Cruzeiro,12.0,0.9374,0.2023,0.05,0.1176,1,0.95
2025-11,2025-11-05,BRAZIL 1,Sao Paulo,Flamengo RJ,9.0,0.9331,0.3517,0.05,0.1667,1,0.95
2025-11,2025-11-06,ENGLAND 3,Reading,Stevenage,9.8,0.9164,0.1353,0.03,0.1538,1,0.95
2025-11,2025-11-06,BRAZIL 1,Ceara,Fortaleza,7.6,0.9314,0.4318,0.05,0.1429,1,0.95
2025-11,2025-11-06,COLOMBIA 1,Chico,America De Cali,10.5,0.9251,0.1673,0.1,0.1111,1,0.95
2025-11,2025-11-07,UKRAINE 1,Epitsentr,Obolon,11.0,0.9169,0.0403,0.1,0.1429,1,0.95
2025-11,2025-11-07,GERMANY 2,SG Dynamo Dresden,Nurnberg,18.5,0.9643,0.2911,0.05,0.0769,1,0.95
2025-11,2025-11-07,DENMARK 2,Kolding IF,Horsens,9.6,0.9251,0.2347,0.06,0.1429,1,0.95
2025-11,2025-11-07,ITALY 3,Ascoli,Gubbio,10.0,0.921,0.1637,0.06,0.1667,1,0.95
2025-11,2025-11-07,ITALY 3,Campobasso,Sambenedettese,10.0,0.931,0.2637,0.06,0.1538,1,0.95
2025-11,2025-11-07,BELGIUM 1,Dender,Waregem,17.0,0.9481,0.0709,0.06,0.0769,1,0.95
2025-11,2025-11-07,ITALY 1,Pisa,Cremonese,9.2,0.904,0.0712,0.14,0.1538,1,0.95
2025-11,2025-11-07,SPAIN 1,Elche,Real Sociedad,11.0,0.9411,0.3052,0.04,0.125,1,0.95
2025-11,2025-11-07,PORTUGAL 1,Estoril,Arouca,15.0,0.9706,0.5101,0.05,0.0909,1,0.95
2025-11,2025-11-07,CHILE 1,Union La Calera,Deportes Iquique,13.5,0.9454,0.2154,0.03,0.1053,1,0.95
2025-11,2025-11-07,USA 1,Charlotte,New York City,15.0,0.9452,0.1302,0.03,0.1176,1,0.95
2025-11,2025-11-08,SOUTH KOREA 1,Jeju SK,Anyang,16.5,0.9452,0.0479,0.06,0.0833,1,0.95
2025-11,2025-11-08,AUSTRALIA 1,Melbourne Victory,Melbourne City,17.0,0.9479,0.067,0.04,0.0909,1,0.95
2025-11,2025-11-08,ENGLAND 3,Northampton,Mansfield,10.5,0.9507,0.4344,0.03,0.1111,1,0.95
2025-11,2025-11-08,ENGLAND 3,Wycombe,Leyton Orient,15.0,0.9519,0.2314,0.03,0.0909,1,0.95
2025-11,2025-11-08,ROMANIA 1,Petrolul,Otelul,8.6,0.9096,0.1775,0.07,0.1538,0,-7.6
2025-11,2025-11-08,FRANCE 2,Le Mans,Red Star,9.8,0.9051,0.0251,0.08,0.1333,0,-8.8
2025-11,2025-11-08,SPAIN 1,Girona,Alaves,10.5,0.9346,0.2668,0.04,0.1176,1,0.95
2025-11,2025-11-08,ITALY 3,Arzignano,Pergolettese,8.8,0.9356,0.3869,0.06,0.1538,1,0.95
2025-11,2025-11-08,ITALY 2,Frosinone,Modena,12.5,0.9328,0.1137,0.07,0.1176,1,0.95
2025-11,2025-11-08,ITALY 2,Mantova,Padova,11.5,0.9426,0.2929,0.07,0.1176,1,0.95
2025-11,2025-11-08,ITALY 2,Reggiana,Entella,9.4,0.9223,0.2232,0.07,0.125,0,-8.4
2025-11,2025-11-08,ENGLAND 2,Middlesbrough,Birmingham,11.5,0.9281,0.127,0.07,0.1176,1,0.95
2025-11,2025-11-08,ENGLAND 2,Norwich,Leicester,16.0,0.9468,0.1018,0.07,0.0909,1,0.95
2025-11,2025-11-08,ENGLAND 2,Sheffield Utd,QPR,14.0,0.9346,0.0379,0.07,0.1,0,-13.0
2025-11,2025-11-08,ENGLAND 2,Southampton,Sheffield Wed,20.0,0.9612,0.1756,0.07,0.0667,1,0.95
2025-11,2025-11-08,ENGLAND 2,Stoke,Coventry,17.0,0.9538,0.1675,0.07,0.0769,1,0.95
2025-11,2025-11-08,ENGLAND 2,West Brom,Oxford Utd,12.0,0.9267,0.0738,0.07,0.1176,1,0.95
2025-11,2025-11-08,ENGLAND 3,Blackpool,Cardiff,13.5,0.9441,0.1979,0.03,0.1,1,0.95
2025-11,2025-11-08,ENGLAND 3,Bolton,Port Vale,14.5,0.9365,0.0324,0.03,0.1,1,0.95
2025-11,2025-11-08,ENGLAND 3,Exeter,Wigan,10.5,0.9356,0.2775,0.03,0.1429,1,0.95
2025-11,2025-11-08,ENGLAND 3,Huddersfield,Plymouth,14.5,0.9511,0.2429,0.03,0.0909,1,0.95
2025-11,2025-11-08,ENGLAND 1,Everton,Fulham,11.0,0.9263,0.1427,0.05,0.1176,1,0.95
2025-11,2025-11-08,NORTHERN IRELAND 1,Cliftonville,Dungannon,18.0,0.9554,0.1494,0.03,0.1,1,0.95
2025-11,2025-11-08,NORWAY 2,Moss,Raufoss,16.0,0.9468,0.1019,0.05,0.0833,1,0.95
2025-11,2025-11-08,SCOTLAND 3,Montrose,Alloa,13.5,0.9566,0.3669,0.03,0.1,1,0.95
2025-11,2025-11-08,SCOTLAND 3,Queen of South,East Fife,22.0,0.9632,0.1426,0.03,0.0769,1,0.95
2025-11,2025-11-08,SCOTLAND 3,Stenhousemuir,Kelty Hearts,16.0,0.9566,0.2585,0.03,0.0909,1,0.95
2025-11,2025-11-08,SCOTLAND 1,Falkirk,Livingston,16.0,0.9525,0.1923,0.05,0.0909,1,0.95
2025-11,2025-11-08,SPAIN 1,Sevilla,Osasuna,11.5,0.9346,0.2014,0.04,0.1111,1,0.95
2025-11,2025-11-08,CHILE 1,La Serena,U. Catolica,13.0,0.9335,0.0888,0.03,0.1111,1,0.95
2025-11,2025-11-08,FRANCE 1,Marseille,Brest,22.0,0.9601,0.0736,0.05,0.0667,1,0.95
2025-11,2025-11-08,ITALY 2,Juve Stabia,Palermo,9.0,0.9089,0.1349,0.07,0.125,1,0.95
2025-11,2025-11-08,ITALY 3,Pro Patria,Lumezzane,11.0,0.9247,0.1254,0.06,0.1538,1,0.95
2025-11,2025-11-08,NETHERLANDS 1,FC Volendam,NAC Breda,16.5,0.9774,0.5788,0.01,0.0667,1,0.95
2025-11,2025-11-08,SCOTLAND 1,St. Mirren,Hibernian,14.0,0.9373,0.0748,0.05,0.1,1,0.95
2025-11,2025-11-08,CHILE 1,U. Espanola,Colo Colo,21.0,0.9586,0.0831,0.03,0.0769,1,0.95
2025-11,2025-11-08,FRANCE 1,Le Havre,Nantes,11.0,0.9291,0.1741,0.05,0.1176,1,0.95
2025-11,2025-11-08,PORTUGAL 1,Tondela,Vitoria Guimaraes,10.5,0.9396,0.3192,0.05,0.1333,1,0.95
2025-11,2025-11-08,BRAZIL 1,Sport Recife,Atletico-MG,11.5,0.9331,0.1845,0.05,0.125,1,0.95
2025-11,2025-11-08,CHILE 1,Palestino,Coquimbo,10.5,0.9496,0.4233,0.03,0.125,1,0.95
2025-11,2025-11-08,USA 1,Minnesota United,Seattle Sounders,15.5,0.9556,0.2638,0.03,0.0909,1,0.95
2025-11,2025-11-08,BRAZIL 1,Internacional,Bahia,11.0,0.9481,0.3821,0.05,0.1176,1,0.95
2025-11,2025-11-08,USA 1,FC Cincinnati,Columbus Crew,20.0,0.9556,0.0639,0.03,0.0667,1,0.95
2025-11,2025-11-08,BRAZIL 2,Vila Nova FC,Avai,10.5,0.9331,0.2514,0.06,0.125,1,0.95
2025-11,2025-11-08,CHILE 1,O'Higgins,Nublense,17.0,0.959,0.2553,0.03,0.0909,1,0.95
2025-11,2025-11-08,MEXICO 2,Cancun,Leones Negros,16.5,0.9499,0.126,0.06,0.1,1,0.95
2025-11,2025-11-09,MEXICO 1,Cruz Azul,UNAM Pumas,16.5,0.9468,0.0753,0.04,0.0769,1,0.95
2025-11,2025-11-09,JAPAN 3,Tochigi SC,Kagoshima Utd,16.0,0.9417,0.0203,0.01,0.1111,1,0.95
2025-11,2025-11-09,NETHERLANDS 1,Utrecht,Ajax,20.0,0.9859,0.6694,0.01,0.0769,1,0.95
2025-11,2025-11-09,DENMARK 1,Vejle,FC Copenhagen,20.0,0.9535,0.0226,0.03,0.0769,1,0.95
2025-11,2025-11-09,GREECE 1,Aris,Asteras Tripolis,14.0,0.9396,0.108,0.05,0.1176,0,-13.0
2025-11,2025-11-09,AUSTRIA 1,LASK,Altach,11.5,0.9374,0.2328,0.07,0.1176,1,0.95
2025-11,2025-11-09,ITALY 3,Catania,Altamura,16.0,0.9513,0.174,0.07,0.1111,1,0.95
2025-11,2025-11-09,NETHERLANDS 1,Nijmegen,Groningen,16.5,0.9458,0.059,0.01,0.0667,1,0.95
2025-11,2025-11-09,POLAND 1,Korona Kielce,Rakow,11.5,0.9226,0.0635,0.07,0.125,1,0.95
2025-11,2025-11-09,ENGLAND 1,Nottingham,Leeds,11.0,0.9202,0.0763,0.05,0.1429,1,0.95
2025-11,2025-11-09,WOM ITALY 1,Lazio W,Napoli W,8.6,0.9417,0.4517,0.05,0.0833,1,0.95
2025-11,2025-11-09,CZECH 1,Sigma Olomouc,FK Pardubice,13.0,0.9309,0.0549,0.09,0.1,1,0.95
2025-11,2025-11-09,GERMANY 1,Freiburg,St. Pauli,12.5,0.9439,0.251,0.04,0.1,1,0.95
2025-11,2025-11-09,BELGIUM 1,St. Truiden,St. Liege,15.5,0.9509,0.191,0.06,0.0833,1,0.95
2025-11,2025-11-09,DENMARK 1,Randers FC,Midtjylland,21.0,0.9733,0.3911,0.03,0.0667,1,0.95
2025-11,2025-11-09,SCOTLAND 1,Aberdeen,Motherwell,15.5,0.9525,0.2161,0.05,0.0769,1,0.95
2025-11,2025-11-09,SCOTLAND 1,Dundee FC,Rangers,20.0,0.9565,0.0828,0.05,0.0667,1,0.95
2025-11,2025-11-09,PORTUGAL 1,Estrela,Nacional,10.0,0.9382,0.3349,0.05,0.125,1,0.95
2025-11,2025-11-09,AUSTRIA 1,Sturm Graz,Salzburg,21.0,0.96,0.1118,0.07,0.0667,1,0.95
2025-11,2025-11-09,NORWAY 1,Brann,KFUM Oslo,16.0,0.9507,0.163,0.04,0.0833,1,0.95
2025-11,2025-11-09,NORWAY 1,Sandefjord,Tromso,18.5,0.9554,0.1271,0.04,0.0833,1,0.95
2025-11,2025-11-09,FRANCE 1,Angers,Auxerre,8.8,0.9328,0.3618,0.05,0.1429,1,0.95
2025-11,2025-11-09,FRANCE 1,Metz,Nice,18.0,0.9536,0.1164,0.05,0.0667,1,0.95
2025-11,2025-11-09,ITALY 3,Giana Erminio,AlbinoLeffe,9.4,0.9278,0.2749,0.07,0.1667,1,0.95
2025-11,2025-11-09,ITALY 3,Novara,Lecco,9.4,0.9248,0.2466,0.07,0.1538,1,0.95
2025-11,2025-11-09,CYPRUS 1,Omonia,APOEL,15.0,0.9386,0.0323,0.04,0.1053,1,0.95
2025-11,2025-11-09,GREECE 1,Atromitos,Volos,9.8,0.914,0.1117,0.05,0.1333,1,0.95
2025-11,2025-11-09,BELGIUM 1,Gent,Genk,17.5,0.9468,0.0213,0.06,0.0769,1,0.95
2025-11,2025-11-09,SPAIN 1,Valencia,Betis,14.0,0.936,0.0571,0.05,0.1,1,0.95
2025-11,2025-11-09,SPAIN 2,Granada CF,Zaragoza,10.5,0.9119,0.0293,0.13,0.1333,1,0.95
2025-11,2025-11-09,CHILE 1,Huachipato,A. Italiano,18.5,0.9554,0.1271,0.03,0.0833,1,0.95
2025-11,2025-11-09,ROMANIA 1,FC Hermannstadt,FCSB,12.5,0.9417,0.2243,0.07,0.1,1,0.95
2025-11,2025-11-09,BRAZIL 1,Vitoria,Botafogo RJ,11.5,0.9226,0.0635,0.07,0.125,0,-10.5
2025-11,2025-11-09,DENMARK 1,Brondby,Nordsjaelland,19.5,0.9747,0.4574,0.03,0.0667,1,0.95
2025-11,2025-11-09,GREECE 1,Panathinaikos,PAOK,12.0,0.9439,0.2791,0.05,0.1,1,0.95
2025-11,2025-11-09,ITALY 3,Ternana,Vis Pesaro,9.8,0.9152,0.1235,0.07,0.1538,1,0.95
2025-11,2025-11-09,BRAZIL 2,CRB,Operario-PR,13.5,0.9468,0.2348,0.06,0.0909,1,0.95
2025-11,2025-11-09,CHILE 1,Cobresal,Everton,15.5,0.9622,0.3666,0.03,0.0909,1,0.95
2025-11,2025-11-09,ECUADOR 1,Orense,Barcelona SC,11.0,0.9233,0.1103,0.08,0.125,1,0.95
2025-11,2025-11-09,BRAZIL 1,Fortaleza,Gremio,13.0,0.9424,0.2043,0.07,0.1053,1,0.95
2025-11,2025-11-09,BRAZIL 2,Paysandu PA,Coritiba,11.5,0.9397,0.2595,0.06,0.125,1,0.95
2025-11,2025-11-09,ARGENTINA 1,Atl. Tucuman,Godoy Cruz,8.4,0.8937,0.0627,0.14,0.1667,1,0.95
2025-11,2025-11-10,BRAZIL 2,Botafogo SP,Amazonas,9.2,0.9152,0.1743,0.06,0.1538,1,0.95
2025-11,2025-11-10,BRAZIL 2,Chapecoense-SC,America MG,11.5,0.936,0.217,0.06,0.125,1,0.95
2025-11,2025-11-11,ENGLAND 5,York City,Rochdale,20.0,0.9554,0.0602,0.06,0.0667,1,0.95
2025-11,2025-11-12,BRAZIL 1,Atletico-MG,Fortaleza,13.0,0.9305,0.0506,0.07,0.0909,1,0.95
2025-11,2025-11-12,COLOMBIA 1,Chico,Millonarios,13.0,0.9319,0.0686,0.09,0.1,1,0.95
2025-11,2025-11-13,COLOMBIA 1,Dep. Cali,Once Caldas,9.6,0.9228,0.2123,0.06,0.1429,1,0.95
2025-11,2025-11-13,COLOMBIA 1,Dep. Pasto,Bucaramanga,9.2,0.9291,0.3017,0.06,0.1333,1,0.95
2025-11,2025-11-13,COLOMBIA 1,Junior,Atl. Nacional,15.5,0.9465,0.1229,0.06,0.0769,1,0.95
2025-11,2025-11-13,COLOMBIA 1,Santa Fe,Alianza,11.5,0.9228,0.0666,0.06,0.1111,1,0.95
2025-11,2025-11-14,WORLD WORLD CUP,Slovakia,Northern Ireland,9.0,0.9269,0.2956,0.06,0.1667,1,0.95
2025-11,2025-11-14,BRAZIL 2,Paysandu PA,Amazonas,11.5,0.9339,0.1929,0.06,0.1053,1,0.95
2025-11,2025-11-15,WORLD WORLD CUP,Greece,Scotland,11.5,0.9359,0.2163,0.05,0.1176,1,0.95
2025-11,2025-11-16,ITALY 3,Lecco,Pro Patria,11.0,0.9244,0.1218,0.08,0.1538,1,0.95
2025-11,2025-11-16,WORLD WORLD CUP,Ukraine,Iceland,12.0,0.9439,0.2791,0.05,0.0833,1,0.95
2025-11,2025-11-16,BRAZIL 2,America MG,Cuiaba,12.5,0.9346,0.136,0.08,0.0909,1,0.95
2025-11,2025-11-16,BRAZIL 2,Goias,Novorizontino,10.5,0.9251,0.1673,0.08,0.125,1,0.95
2025-11,2025-11-16,WORLD WORLD CUP,Israel,Moldova,19.5,0.9538,0.0521,0.05,0.0769,1,0.95
2025-11,2025-11-16,WORLD WORLD CUP,Italy,Norway,17.5,0.9486,0.0532,0.05,0.0667,1,0.95
2025-11,2025-11-16,BRAZIL 1,Bragantino,Atletico-MG,11.0,0.9205,0.08,0.07,0.125,1,0.95
2025-11,2025-11-18,WORLD WORLD CUP,Kosovo,Switzerland,12.5,0.9292,0.068,0.06,0.125,1,0.95
2025-11,2025-11-18,WORLD WORLD CUP,Scotland,Denmark,11.5,0.939,0.2512,0.06,0.1,1,0.95
2025-11,2025-11-18,WORLD WORLD CUP,Wales,North Macedonia,13.0,0.946,0.2507,0.06,0.0909,1,0.95
2025-11,2025-11-18,WORLD WORLD CUP,Sweden,Slovenia,13.0,0.9547,0.3635,0.06,0.1,1,0.95
2025-11,2025-11-18,COLOMBIA 1,Fortaleza,Deportes Tolima,10.0,0.9292,0.2457,0.06,0.1333,1,0.95
2025-11,2025-11-18,WORLD WORLD CUP,Costa Rica,Honduras,13.5,0.9354,0.0812,0.06,0.1,0,-12.5
2025-11,2025-11-19,PERU 1,Grau,Sporting Cristal,14.5,0.9399,0.0822,0.07,0.0909,1,0.95
2025-11,2025-11-19,COLOMBIA 1,Bucaramanga,Santa Fe,14.0,0.9335,0.0223,0.06,0.1333,1,0.95
2025-11,2025-11-19,BRAZIL 1,Gremio,Vasco,17.5,0.9613,0.275,0.08,0.0769,1,0.95
2025-11,2025-11-20,BRAZIL 1,Ceara,Internacional,11.0,0.9176,0.0476,0.08,0.1333,1,0.95
2025-11,2025-11-20,MEXICO 1,Pachuca,UNAM Pumas,12.5,0.9331,0.1177,0.04,0.1176,1,0.95
2025-11,2025-11-21,MEXICO 1,Club Tijuana,Juarez,15.0,0.9439,0.1106,0.04,0.0909,1,0.95
2025-11,2025-11-21,SERBIA 1,Radnik,Vojvodina,11.0,0.9314,0.1984,0.05,0.1176,1,0.95
2025-11,2025-11-21,ROMANIA 1,Csikszereda M. Ciuc,Unirea Slobozia,12.5,0.9331,0.1177,0.07,0.0909,1,0.95
2025-11,2025-11-21,POLAND 1,Termalica B-B.,Arka Gdynia,14.5,0.9527,0.2659,0.07,0.0909,1,0.95
2025-11,2025-11-21,ROMANIA 1,FC Arges,Univ. Craiova,8.8,0.92,0.2501,0.07,0.1538,1,0.95
2025-11,2025-11-21,FRANCE 2,Rodez,Dunkerque,13.5,0.9314,0.0268,0.07,0.1,1,0.95
2025-11,2025-11-21,GERMANY 1,Mainz,Hoffenheim,21.0,0.9593,0.0974,0.04,0.0667,1,0.95
2025-11,2025-11-21,ITALY 2,Catanzaro,Pescara,13.0,0.9442,0.2279,0.06,0.1,1,0.95
2025-11,2025-11-21,NORTHERN IRELAND 1,Larne,Glenavon,18.5,0.9796,0.5745,0.03,0.0833,1,0.95
2025-11,2025-11-22,AUSTRALIA 1,Wellington Phoenix,Macarthur FC,16.0,0.9479,0.1191,0.04,0.0769,1,0.95
2025-11,2025-11-22,ENGLAND 2,Bristol City,Swansea,12.5,0.9396,0.1985,0.06,0.1,1,0.95
2025-11,2025-11-22,ENGLAND 1,Burnley,Chelsea,17.0,0.9555,0.1957,0.05,0.0667,1,0.95
2025-11,2025-11-22,FRANCE 2,Amiens,Guingamp,14.0,0.9373,0.0748,0.07,0.1,1,0.95
2025-11,2025-11-22,ROMANIA 1,UTA Arad,U. Cluj,12.0,0.9278,0.0872,0.06,0.1111,1,0.95
2025-11,2025-11-22,SPAIN 1,Alaves,Celta Vigo,9.6,0.9291,0.2733,0.05,0.1429,1,0.95
2025-11,2025-11-22,CZECH 1,Teplice,Ostrava,12.5,0.9417,0.2243,0.09,0.1053,1,0.95
2025-11,2025-11-22,ITALY 2,Carrarese,Reggiana,12.0,0.9414,0.2501,0.06,0.1,0,-11.0
2025-11,2025-11-22,GERMANY 1,Heidenheim,B. Monchengladbach,19.0,0.9556,0.1083,0.04,0.0667,1,0.95
2025-11,2025-11-22,ENGLAND 2,Leicester,Stoke,14.0,0.9479,0.2233,0.06,0.1,1,0.95
2025-11,2025-11-22,ENGLAND 2,Oxford Utd,Middlesbrough,13.0,0.9375,0.1406,0.06,0.1053,1,0.95
2025-11,2025-11-22,ENGLAND 2,Portsmouth,Millwall,11.5,0.9403,0.2662,0.06,0.1176,1,0.95
2025-11,2025-11-22,ENGLAND 3,AFC Wimbledon,Wigan,8.6,0.9003,0.0975,0.07,0.1667,1,0.95
2025-11,2025-11-22,ENGLAND 3,Leyton Orient,Blackpool,16.5,0.9439,0.0264,0.07,0.0833,1,0.95
2025-11,2025-11-22,ENGLAND 1,Fulham,Sunderland,11.5,0.9251,0.0924,0.05,0.1111,1,0.95
2025-11,2025-11-22,ENGLAND 1,Wolves,Crystal Palace,13.0,0.9346,0.1033,0.05,0.1,1,0.95
2025-11,2025-11-22,NORTHERN IRELAND 1,Carrick Rangers,Portadown,20.0,0.9588,0.1283,0.03,0.1,1,0.95
2025-11,2025-11-22,SCOTLAND 3,Cove Rangers,Alloa,14.0,0.9448,0.1797,0.04,0.0909,0,-13.0
2025-11,2025-11-22,SCOTLAND 1,Dundee Utd,Falkirk,15.5,0.9479,0.1451,0.05,0.0769,1,0.95
2025-11,2025-11-22,CROATIA 1,Rijeka,Hajduk Split,8.4,0.9274,0.3434,0.08,0.1333,1,0.95
2025-11,2025-11-22,SPAIN 1,Osasuna,Real Sociedad,9.8,0.9223,0.1927,0.05,0.1429,1,0.95
2025-11,2025-11-22,SPAIN 2,Eibar,Zaragoza,9.0,0.9165,0.2027,0.13,0.1333,1,0.95
2025-11,2025-11-22,ITALY 2,Bari,Frosinone,12.0,0.9227,0.0261,0.06,0.0909,1,0.95
2025-11,2025-11-22,ROMANIA 1,FCSB,Petrolul,13.5,0.9316,0.03,0.06,0.1111,1,0.95
2025-11,2025-11-22,ECUADOR 1,Mushuc Runa,Tecnico U.,9.6,0.92,0.1861,0.08,0.1429,1,0.95
2025-11,2025-11-22,NETHERLANDS 1,Heracles,G.A. Eagles,24.0,0.9729,0.2999,0.01,0.0667,1,0.95
2025-11,2025-11-22,NETHERLANDS 1,Sparta Rotterdam,Sittard,15.5,0.9565,0.2772,0.01,0.0909,1,0.95
2025-11,2025-11-22,BRAZIL 2,Novorizontino,CRB,13.5,0.9314,0.0268,0.08,0.1111,1,0.95
2025-11,2025-11-22,CHILE 1,U. Catolica,Palestino,13.0,0.9527,0.3369,0.02,0.1,1,0.95
2025-11,2025-11-22,BRAZIL 1,Palmeiras,Fluminense,12.5,0.9431,0.242,0.08,0.125,0,-11.5
2025-11,2025-11-22,COLOMBIA 1,Deportes Tolima,Bucaramanga,12.0,0.9224,0.0222,0.06,0.1333,0,-11.0
2025-11,2025-11-22,AUSTRALIA 1,Auckland FC,Brisbane Roar,15.0,0.9417,0.0786,0.04,0.1,1,0.95
2025-11,2025-11-23,JAPAN 3,Azul Claro Numazu,Fukushima Utd,24.0,0.9612,0.0203,0.03,0.0769,1,0.95
2025-11,2025-11-23,WOM ITALY 1,Como W,AS Roma W,12.5,0.9556,0.397,0.06,0.0667,1,0.95
2025-11,2025-11-23,ENGLAND 2,Sheffield Wed,Sheffield Utd,12.5,0.946,0.2771,0.06,0.0909,1,0.95
2025-11,2025-11-23,GERMANY 2,Nurnberg,Arminia Bielefeld,22.0,0.9673,0.2326,0.06,0.0667,1,0.95
2025-11,2025-11-23,SWITZERLAND 1,Sion,Zurich,19.0,0.9632,0.2529,0.03,0.0833,1,0.95
2025-11,2025-11-23,ENGLAND 1,Leeds,Aston Villa,11.5,0.932,0.1711,0.05,0.1111,1,0.95
2025-11,2025-11-23,ITALY 2,Mantova,Spezia,10.5,0.9163,0.0752,0.07,0.1111,1,0.95
2025-11,2025-11-23,FRANCE 1,Brest,Metz,16.0,0.9611,0.3287,0.06,0.0769,1,0.95
2025-11,2025-11-23,ENGLAND 1,Arsenal,Tottenham,16.5,0.9496,0.1209,0.05,0.1,1,0.95
2025-11,2025-11-23,GERMANY 1,St. Pauli,Union Berlin,11.5,0.9277,0.1216,0.04,0.1538,1,0.95
2025-11,2025-11-23,CYPRUS 1,APOEL,AEL Limassol,23.0,0.9611,0.0561,0.04,0.0909,1,0.95
2025-11,2025-11-23,PORTUGAL CUP,Braga,Nacional,12.5,0.94,0.2034,0.05,0.0833,1,0.95
2025-11,2025-11-23,SPAIN 1,Getafe,Atl. Madrid,9.0,0.9009,0.0634,0.06,0.1667,1,0.95
2025-11,2025-11-23,BRAZIL 2,Amazonas,Coritiba,11.5,0.9269,0.1128,0.09,0.1333,1,0.95
2025-11,2025-11-23,BOLIVIA 1,Universitario de Vinto,Nacional Potosi,23.0,0.9683,0.2231,0.02,0.0667,1,0.95
2025-11,2025-11-24,ITALY 2,Sampdoria,Juve Stabia,9.6,0.914,0.1283,0.07,0.1429,1,0.95
2025-11,2025-11-24,FRANCE 2,Reims,Montpellier,10.5,0.939,0.3123,0.07,0.1053,1,0.95
2025-11,2025-11-24,SPAIN 1,Espanyol,Sevilla,11.5,0.932,0.1711,0.06,0.0909,1,0.95
2025-11,2025-11-24,BRAZIL 1,Mirassol,Ceara,13.0,0.9355,0.1149,0.08,0.1176,1,0.95
2025-11,2025-11-24,CHILE 1,Nublense,Huachipato,17.5,0.9646,0.3331,0.02,0.0769,1,0.95
2025-11,2025-11-25,USA 1,San Diego FC,Minnesota United,23.0,0.9746,0.3668,0.03,0.0667,1,0.95
2025-11,2025-11-25,FRANCE 2,Bastia,Laval,8.6,0.9103,0.1827,0.07,0.1538,1,0.95
2025-11,2025-11-25,ENGLAND 2,Middlesbrough,Coventry,14.0,0.9479,0.2233,0.05,0.0909,1,0.95
2025-11,2025-11-25,ENGLAND 2,Swansea,Derby,9.2,0.9097,0.1234,0.05,0.1667,1,0.95
2025-11,2025-11-25,ENGLAND 2,Watford,Preston,12.5,0.9417,0.2243,0.05,0.125,1,0.95
2025-11,2025-11-25,NORTHERN IRELAND 1,Coleraine,Larne,11.5,0.9375,0.2338,0.03,0.1333,1,0.95
2025-11,2025-11-25,ENGLAND 2,Southampton,Leicester,15.5,0.9565,0.2772,0.05,0.0833,1,0.95
2025-11,2025-11-26,SWITZERLAND 1,Lugano,St. Gallen,21.0,0.9563,0.034,0.03,0.0769,1,0.95
2025-11,2025-11-26,ENGLAND 2,Sheffield Utd,Portsmouth,16.0,0.9536,0.2092,0.05,0.0909,1,0.95
2025-11,2025-11-26,ENGLAND 2,West Brom,Birmingham,10.5,0.9291,0.2096,0.05,0.1429,1,0.95
2025-11,2025-11-26,COLOMBIA 1,Bucaramanga,Fortaleza,10.5,0.9322,0.241,0.06,0.1429,1,0.95
2025-11,2025-11-27,MEXICO 1,Monterrey,Club America,14.0,0.9403,0.1169,0.04,0.1111,1,0.95
2025-11,2025-11-27,PARAGUAY 1,Libertad Asuncion,General Caballero JLM,13.5,0.939,0.1294,0.1,0.0833,1,0.95
2025-11,2025-11-27,BRAZIL 1,Fluminense,Sao Paulo,10.0,0.9186,0.1399,0.07,0.1176,1,0.95
2025-11,2025-11-28,AUSTRALIA 1,Brisbane Roar,Melbourne Victory,15.0,0.9468,0.155,0.04,0.0909,1,0.95
2025-11,2025-11-28,SPAIN 1,Getafe,Elche,7.2,0.9002,0.2365,0.06,0.1667,1,0.95
2025-11,2025-11-28,CHILE 1,Cobresal,Colo Colo,22.0,0.971,0.3129,0.02,0.0769,1,0.95
2025-11,2025-11-29,AUSTRALIA 1,Central Coast Mariners,Melbourne City,17.5,0.9494,0.0676,0.05,0.0833,0,-16.5
2025-11,2025-11-29,TURKEY 2,Erzurumspor,Istanbulspor AS,15.0,0.9437,0.1078,0.09,0.0909,1,0.95
2025-11,2025-11-29,GERMANY 2,Braunschweig,Kaiserslautern,19.5,0.9547,0.0691,0.05,0.0769,1,0.95
2025-11,2025-11-29,GERMANY 2,Holstein Kiel,Hertha Berlin,18.0,0.9496,0.0453,0.05,0.0769,1,0.95
2025-11,2025-11-29,SERBIA 1,Zeleznicar Pancevo,Radnicki 1923,15.5,0.9454,0.1063,0.05,0.0909,1,0.95
2025-11,2025-11-29,ENGLAND 2,Portsmouth,Bristol City,13.5,0.9441,0.1979,0.04,0.1111,1,0.95
2025-11,2025-11-29,SPAIN 1,Mallorca,Osasuna,9.0,0.9267,0.2943,0.06,0.1333,1,0.95
2025-11,2025-11-29,ROMANIA 1,FC Arges,CFR Cluj,8.2,0.921,0.3062,0.06,0.1538,1,0.95
2025-11,2025-11-29,CHILE 1,Huachipato,U. Catolica,13.0,0.9449,0.2366,0.03,0.1053,0,-12.0
2025-11,2025-11-29,ENGLAND 2,Sheffield Wed,Preston,12.0,0.9509,0.363,0.04,0.0909,1,0.95
2025-11,2025-11-29,ENGLAND 2,West Brom,Swansea,12.5,0.9439,0.251,0.04,0.1176,1,0.95
2025-11,2025-11-29,ENGLAND 3,Bradford City,Exeter,15.5,0.9411,0.0402,0.06,0.0833,1,0.95
2025-11,2025-11-29,ENGLAND 3,Burton,Leyton Orient,16.5,0.9439,0.0264,0.06,0.0833,1,0.95
2025-11,2025-11-29,ENGLAND 3,Wigan,Stevenage,8.0,0.9183,0.3002,0.06,0.1538,0,-7.0
2025-11,2025-11-29,ENGLAND 1,Brentford,Burnley,17.5,0.949,0.0594,0.05,0.0833,1,0.95
2025-11,2025-11-29,NORTHERN IRELAND 1,Glenavon,Ballymena,15.0,0.939,0.0376,0.02,0.1111,1,0.95
2025-11,2025-11-29,NORTHERN IRELAND 1,Portadown,Cliftonville,14.0,0.9439,0.1668,0.02,0.1111,1,0.95
2025-11,2025-11-29,SCOTLAND 1,Dundee FC,St. Mirren,12.5,0.9274,0.0456,0.06,0.1053,1,0.95
2025-11,2025-11-29,SCOTLAND CUP,Dunfermline,Queen of South,22.0,0.9823,0.5625,0.0,0.0769,1,0.95
2025-11,2025-11-29,NETHERLANDS 1,Excelsior,NAC Breda,18.0,0.9656,0.333,0.01,0.0667,1,0.95
2025-11,2025-11-29,PORTUGAL 1,Moreirense,Famalicao,11.5,0.932,0.1711,0.05,0.1176,1,0.95
2025-11,2025-11-29,AUSTRIA 1,Grazer AK,BW Linz,8.8,0.9035,0.1053,0.07,0.1667,1,0.95
2025-11,2025-11-29,SWITZERLAND 1,Lugano,Sion,15.5,0.9439,0.0825,0.03,0.1053,1,0.95
2025-11,2025-11-29,SWITZERLAND 1,Zurich,Grasshoppers,25.0,0.9761,0.3533,0.03,0.0769,1,0.95
2025-11,2025-11-29,TURKEY 1,Kasimpasa,Basaksehir,16.0,0.9483,0.1258,0.09,0.0833,1,0.95
2025-11,2025-11-29,ENGLAND 1,Everton,Newcastle,13.0,0.9346,0.1033,0.05,0.0909,1,0.95
2025-11,2025-11-29,NETHERLANDS 1,Sittard,Heracles,18.0,0.9586,0.2073,0.01,0.0667,1,0.95
2025-11,2025-11-29,ECUADOR 1,Vinotinto,Mushuc Runa,14.5,0.9411,0.0991,0.1,0.0769,0,-13.5
2025-11,2025-11-29,POLAND 1,GKS Katowice,Pogon Szczecin,19.5,0.9528,0.0328,0.06,0.0667,1,0.95
2025-11,2025-11-29,ENGLAND 1,Tottenham,Fulham,13.5,0.9375,0.1094,0.05,0.0909,1,0.95
2025-11,2025-11-29,PORTUGAL 1,Gil Vicente,Tondela,12.0,0.926,0.0658,0.05,0.1176,1,0.95
2025-11,2025-11-29,CHILE 1,La Serena,Palestino,18.5,0.9593,0.1991,0.03,0.0909,1,0.95
2025-11,2025-11-29,COLOMBIA 1,Deportes Tolima,Santa Fe,13.5,0.9356,0.0844,0.05,0.1333,1,0.95
2025-11,2025-11-29,COLOMBIA 1,Fortaleza,Bucaramanga,9.8,0.9396,0.3615,0.05,0.1538,1,0.95
2025-11,2025-11-29,USA 1,San Diego FC,Vancouver Whitecaps,21.0,0.9632,0.1794,0.03,0.0667,1,0.95
2025-11,2025-11-30,SOUTH KOREA 1,Suwon FC,Gwangju FC,17.0,0.9479,0.067,0.08,0.0667,1,0.95
2025-11,2025-11-30,ENGLAND 1,Crystal Palace,Manchester Utd,16.5,0.9519,0.1593,0.04,0.0769,1,0.95
2025-11,2025-11-30,NETHERLANDS 1,G.A. Eagles,Utrecht,22.0,0.9692,0.2736,0.01,0.0909,1,0.95
2025-11,2025-11-30,ENGLAND 1,Aston Villa,Wolves,17.0,0.957,0.2208,0.04,0.0833,1,0.95
2025-11,2025-11-30,ENGLAND 1,Nottingham,Brighton,14.5,0.9439,0.1387,0.04,0.1,1,0.95
2025-11,2025-11-30,GREECE 1,Atromitos,Asteras Tripolis,12.5,0.9492,0.3174,0.03,0.1333,1,0.95
2025-11,2025-11-30,SCOTLAND 1,Livingston,Aberdeen,11.5,0.9198,0.0322,0.07,0.1053,1,0.95
2025-11,2025-11-30,SPAIN 1,Sevilla,Betis,13.0,0.9356,0.1166,0.06,0.1111,1,0.95
2025-11,2025-11-30,FRANCE 1,Angers,Lens,16.0,0.9442,0.0607,0.06,0.0769,1,0.95
2025-11,2025-11-30,GREECE 1,Levadiakos,PAOK,18.0,0.9536,0.1164,0.03,0.0909,1,0.95
2025-11,2025-11-30,SPAIN 1,Celta Vigo,Espanyol,14.0,0.9356,0.0522,0.06,0.0833,1,0.95
2025-11,2025-11-30,SPAIN 2,Cordoba,Cadiz CF,10.5,0.9112,0.0219,0.13,0.1111,1,0.95
2025-11,2025-11-30,GERMANY 1,Freiburg,Mainz,13.5,0.9565,0.3643,0.05,0.0769,1,0.95
2025-11,2025-11-30,BRAZIL 1,Corinthians,Botafogo RJ,13.5,0.9374,0.1084,0.07,0.125,1,0.95
2025-12,2025-12-01,SPAIN 1,Rayo Vallecano,Valencia,11.0,0.9303,0.1873,0.06,0.125,1,0.95
2025-12,2025-12-01,CHILE 1,A. Italiano,Nublense,17.0,0.9692,0.4284,0.03,0.0833,1,0.95
2025-12,2025-12-01,COLOMBIA 1,Ind. Medellin,America De Cali,19.0,0.9533,0.0646,0.05,0.0833,1,0.95
2025-12,2025-12-02,ENGLAND 1,Bournemouth,Everton,13.5,0.9422,0.172,0.04,0.0833,1,0.95
2025-12,2025-12-03,ITALY CUP,Atalanta,Genoa,13.5,0.9538,0.3287,0.07,0.0769,1,0.95
2025-12,2025-12-03,SPAIN CUP,Eldense,Almeria,15.0,0.941,0.0685,0.03,0.0909,1,0.95
2025-12,2025-12-03,ENGLAND 1,Brighton,Aston Villa,15.5,0.9435,0.0768,0.02,0.0909,1,0.95
2025-12,2025-12-03,ENGLAND 1,Burnley,Crystal Palace,13.5,0.946,0.2235,0.02,0.1176,1,0.95
2025-12,2025-12-03,ENGLAND 1,Wolves,Nottingham,12.0,0.9538,0.398,0.02,0.1176,1,0.95
2025-12,2025-12-03,GERMANY CUP,Hamburger SV,Holstein Kiel,26.0,0.9647,0.0332,0.02,0.0667,1,0.95
2025-12,2025-12-04,ITALY CUP,Bologna,Parma,12.5,0.9419,0.2267,0.07,0.0909,1,0.95
2025-12,2025-12-04,SPAIN CUP,Leganes,Albacete,12.5,0.9479,0.3011,0.02,0.1176,1,0.95
2025-12,2025-12-04,ITALY 2,Juve Stabia,Bari,9.2,0.9331,0.3383,0.07,0.125,0,-8.2
2025-12,2025-12-04,SPAIN CUP,Ponferradina,Racing Santander,17.5,0.9579,0.2146,0.02,0.0769,1,0.95
2025-12,2025-12-05,AUSTRALIA 1,Macarthur FC,Melbourne Victory,19.0,0.9604,0.1999,0.05,0.0667,0,-18.0
2025-12,2025-12-05,GERMANY 2,Preussen Munster,Hannover,20.0,0.9583,0.1176,0.05,0.0769,1,0.95
2025-12,2025-12-05,ROMANIA 1,Otelul,Unirea Slobozia,11.5,0.9193,0.026,0.07,0.1176,1,0.95
2025-12,2025-12-05,FRANCE 2,Bastia,Red Star,9.2,0.9124,0.1484,0.07,0.1429,0,-8.2
2025-12,2025-12-05,FRANCE 2,Grenoble,Nancy,11.0,0.9379,0.2696,0.07,0.1111,1,0.95
2025-12,2025-12-05,FRANCE 2,Guingamp,Annecy,10.5,0.921,0.1244,0.07,0.1111,1,0.95
2025-12,2025-12-05,NETHERLANDS 1,Excelsior,Groningen,16.5,0.9451,0.047,0.01,0.0909,1,0.95
2025-12,2025-12-05,GERMANY 1,Mainz,B. Monchengladbach,18.0,0.9593,0.2199,0.05,0.0769,1,0.95
2025-12,2025-12-05,NORTHERN IRELAND 1,Larne,Linfield,9.4,0.9395,0.384,0.02,0.1538,0,-8.4
2025-12,2025-12-05,FRANCE 1,Lille,Marseille,18.0,0.9609,0.2484,0.06,0.0769,1,0.95
2025-12,2025-12-05,PORTUGAL 1,Benfica,Sporting CP,11.0,0.9202,0.0762,0.05,0.125,1,0.95
2025-12,2025-12-06,AUSTRALIA 1,Auckland FC,Wellington Phoenix,18.0,0.9533,0.1114,0.05,0.0667,1,0.95
2025-12,2025-12-06,GERMANY 2,Bochum,Arminia Bielefeld,17.5,0.9639,0.3201,0.04,0.0769,1,0.95
2025-12,2025-12-06,ENGLAND 2,Watford,Norwich,18.0,0.9583,0.2011,0.04,0.0667,1,0.95
2025-12,2025-12-06,GERMANY 1,Heidenheim,Freiburg,12.5,0.9347,0.137,0.04,0.1176,1,0.95
2025-12,2025-12-06,GERMANY 1,Wolfsburg,Union Berlin,13.0,0.9534,0.3466,0.04,0.1,1,0.95
2025-12,2025-12-06,BELGIUM 1,Cercle Brugge KSV,St. Liege,14.0,0.9474,0.2156,0.09,0.0909,1,0.95
2025-12,2025-12-06,ENGLAND 2,Bristol City,Millwall,12.5,0.9435,0.2461,0.04,0.1053,1,0.95
2025-12,2025-12-06,ENGLAND 2,Ipswich,Coventry,18.0,0.9569,0.1771,0.04,0.0769,1,0.95
2025-12,2025-12-06,ENGLAND 2,Sheffield Utd,Stoke,12.5,0.941,0.2159,0.04,0.1,1,0.95
2025-12,2025-12-06,ENGLAND 2,Southampton,Birmingham,15.5,0.9593,0.3216,0.04,0.0769,1,0.95
2025-12,2025-12-06,ENGLAND 2,Swansea,Oxford Utd,11.5,0.9387,0.2486,0.04,0.1176,1,0.95
2025-12,2025-12-06,ENGLAND CUP,Accrington,Mansfield,18.0,0.9534,0.1138,0.01,0.0833,1,0.95
2025-12,2025-12-06,ENGLAND CUP,Exeter,Wycombe,14.5,0.9519,0.2551,0.01,0.1053,1,0.95
2025-12,2025-12-06,ENGLAND CUP,Peterborough,Barnsley,25.0,0.9811,0.4778,0.01,0.0667,1,0.95
2025-12,2025-12-06,ENGLAND CUP,Port Vale,Bristol Rovers,16.5,0.9766,0.5651,0.01,0.0909,1,0.95
2025-12,2025-12-06,ENGLAND 5,Hartlepool,Yeovil,18.5,0.9538,0.0977,0.04,0.0769,1,0.95
2025-12,2025-12-06,ENGLAND 1,Everton,Nottingham,11.5,0.947,0.3432,0.03,0.1176,1,0.95
2025-12,2025-12-06,ENGLAND 1,Tottenham,Brentford,14.0,0.947,0.2101,0.03,0.1,1,0.95
2025-12,2025-12-06,NORTHERN IRELAND 2,Dundela,Armagh,11.5,0.9734,0.6459,0.03,0.0667,1,0.95
2025-12,2025-12-06,NORTHERN IRELAND 1,Glentoran,Cliftonville,12.0,0.9376,0.2038,0.03,0.1333,1,0.95
2025-12,2025-12-06,SCOTLAND 3,Alloa,Peterhead,14.0,0.94,0.1136,0.04,0.1,1,0.95
2025-12,2025-12-06,SCOTLAND 3,Kelty Hearts,Montrose,13.5,0.9376,0.1102,0.04,0.1053,1,0.95
2025-12,2025-12-06,SCOTLAND 3,Queen of South,Cove Rangers,15.5,0.947,0.131,0.04,0.0833,1,0.95
2025-12,2025-12-06,SCOTLAND 4,Stranraer,Stirling,17.0,0.947,0.051,0.08,0.0769,1,0.95
2025-12,2025-12-06,AUSTRIA 1,SK Rapid,Ried,14.5,0.9376,0.0477,0.06,0.0909,1,0.95
2025-12,2025-12-06,FRANCE 1,Nantes,Lens,16.5,0.9562,0.2303,0.06,0.0769,1,0.95
2025-12,2025-12-06,SWITZERLAND 1,Grasshoppers,Servette,17.5,0.9512,0.0992,0.04,0.0667,1,0.95
2025-12,2025-12-06,TURKEY 1,Basaksehir,Fenerbahce,20.0,0.9558,0.0685,0.08,0.0769,1,0.95
2025-12,2025-12-06,NETHERLANDS 1,Sittard,Ajax,24.0,0.9836,0.5577,0.01,0.0769,1,0.95
2025-12,2025-12-06,GREECE 1,Volos,Kifisia,16.0,0.943,0.0414,0.03,0.1,1,0.95
2025-12,2025-12-06,NETHERLANDS 1,Heracles,Telstar,21.0,0.9786,0.5018,0.01,0.0667,1,0.95
2025-12,2025-12-06,POLAND 1,Piast Gliwice,Legia,12.5,0.9286,0.0611,0.08,0.1111,1,0.95
2025-12,2025-12-06,ENGLAND CUP,Chesterfield,Doncaster,15.5,0.9716,0.5107,0.01,0.0769,1,0.95
2025-12,2025-12-06,SPAIN 1,Ath Bilbao,Atl. Madrid,11.5,0.9203,0.0371,0.07,0.125,1,0.95
2025-12,2025-12-06,CHILE 1,Coquimbo,U. Espanola,20.0,0.964,0.2326,0.03,0.0769,1,0.95
2025-12,2025-12-06,CHILE 1,Limache,La Serena,15.0,0.9588,0.3341,0.03,0.0909,1,0.95
2025-12,2025-12-07,ITALY 1,Cremonese,Lecce,8.6,0.8931,0.036,0.13,0.1333,1,0.95
2025-12,2025-12-07,GERMANY 2,Nurnberg,Greuther Furth,19.0,0.9644,0.2757,0.03,0.0667,1,0.95
2025-12,2025-12-07,AUSTRIA 1,Tirol,Altach,11.5,0.9402,0.2648,0.05,0.125,1,0.95
2025-12,2025-12-07,ITALY 3,Perugia,Ternana,8.8,0.9041,0.1109,0.08,0.1667,1,0.95
2025-12,2025-12-07,ITALY 4,Sora,Recanatese,11.0,0.9164,0.0344,0.13,0.1,1,0.95
2025-12,2025-12-07,ENGLAND 1,Brighton,West Ham,23.0,0.9685,0.2273,0.02,0.0667,1,0.95
2025-12,2025-12-07,FRANCE 1,Nice,Angers,14.5,0.9474,0.1892,0.07,0.1,1,0.95
2025-12,2025-12-07,SERBIA 1,IMT Novi Beograd,Novi Pazar,16.0,0.9528,0.1974,0.03,0.1,1,0.95
2025-12,2025-12-07,GERMANY 1,Hamburger SV,Werder Bremen,17.0,0.9499,0.1006,0.04,0.0769,1,0.95
2025-12,2025-12-07,CYPRUS 1,APOEL,Aris,16.5,0.9529,0.1744,0.03,0.1111,1,0.95
2025-12,2025-12-07,DENMARK 1,Randers FC,Aarhus,19.5,0.968,0.3276,0.05,0.0833,1,0.95
2025-12,2025-12-07,PORTUGAL 1,Estoril,Moreirense,12.0,0.9331,0.1511,0.05,0.1111,1,0.95
2025-12,2025-12-07,SWITZERLAND 1,Sion,Young Boys,21.0,0.9788,0.5049,0.05,0.0667,1,0.95
2025-12,2025-12-07,NETHERLANDS 1,Sparta Rotterdam,NAC Breda,17.5,0.9856,0.698,0.01,0.0833,1,0.95
2025-12,2025-12-07,AUSTRIA 1,Sturm Graz,Grazer AK,12.0,0.941,0.2454,0.05,0.1176,1,0.95
2025-12,2025-12-07,FRANCE 1,Le Havre,Paris FC,12.5,0.9307,0.0866,0.07,0.1176,0,-11.5
2025-12,2025-12-07,CROATIA 1,Osijek,Istra 1961,11.0,0.9429,0.3252,0.08,0.1111,1,0.95
2025-12,2025-12-07,ENGLAND 1,Fulham,Crystal Palace,12.5,0.9269,0.0395,0.02,0.1,1,0.95
2025-12,2025-12-07,DENMARK 1,FC Copenhagen,Sonderjyske,19.0,0.9519,0.0387,0.05,0.0667,1,0.95
2025-12,2025-12-07,SLOVAKIA 1,Dun. Streda,Trnava,15.0,0.941,0.0685,0.06,0.1053,1,0.95
2025-12,2025-12-07,ENGLAND CUP,Blackpool,Carlisle,19.0,0.9671,0.3265,0.01,0.0769,1,0.95
2025-12,2025-12-07,GREECE 1,PAOK,Aris,12.0,0.944,0.2807,0.02,0.1176,1,0.95
2025-12,2025-12-07,PORTUGAL 1,Estrela,Arouca,11.5,0.941,0.2748,0.05,0.1176,1,0.95
2025-12,2025-12-07,ITALY 2,Sampdoria,Carrarese,11.0,0.9202,0.0759,0.08,0.125,1,0.95
2025-12,2025-12-07,BRAZIL 1,Atletico-MG,Vasco,16.0,0.9538,0.2132,0.07,0.0833,1,0.95
2025-12,2025-12-07,BRAZIL 1,Internacional,Bragantino,17.0,0.9529,0.1522,0.07,0.0833,1,0.95
2025-12,2025-12-07,BRAZIL 1,Vitoria,Sao Paulo,10.0,0.9132,0.0865,0.07,0.1176,1,0.95
2025-12,2025-12-07,PORTUGAL 1,Tondela,FC Porto,22.0,0.9583,0.0342,0.05,0.0667,1,0.95
2025-12,2025-12-07,CHILE 1,Nublense,Cobresal,14.0,0.9461,0.1979,0.03,0.0909,1,0.95
2025-12,2025-12-08,ITALY 3,Lecco,Alcione Milano,10.0,0.9124,0.0783,0.06,0.1667,1,0.95
2025-12,2025-12-08,ITALY 3,Giana Erminio,Triestina,9.4,0.9287,0.2836,0.06,0.1667,1,0.95
2025-12,2025-12-08,GREECE 1,Panserraikos,Panetolikos,12.0,0.9237,0.0386,0.02,0.1429,1,0.95
2025-12,2025-12-08,SERBIA 1,Radnicki Nis,Cukaricki,16.5,0.9479,0.0926,0.04,0.1,1,0.95
2025-12,2025-12-08,COLOMBIA 1,Santa Fe,Bucaramanga,13.0,0.9376,0.1414,0.06,0.125,0,-12.0
2025-12,2025-12-09,ENGLAND 2,Swansea,Portsmouth,12.5,0.9416,0.2226,0.04,0.1,1,0.95
2025-12,2025-12-09,ENGLAND 2,QPR,Birmingham,13.5,0.9333,0.0534,0.04,0.0909,1,0.95
2025-12,2025-12-10,SWITZERLAND 2,Lausanne Ouchy,Xamax,23.0,0.968,0.2156,0.05,0.0667,1,0.95
2025-12,2025-12-10,ENGLAND 2,Ipswich,Stoke,14.0,0.9376,0.0789,0.04,0.1053,1,0.95
2025-12,2025-12-10,ECUADOR 1,Ind. del Valle,LDU Quito,12.0,0.9376,0.2038,0.1,0.1111,0,-11.0
2025-12,2025-12-12,SPAIN 3,Betis B,Alcorcon,8.4,0.9049,0.1559,0.09,0.1667,1,0.95
2025-12,2025-12-12,FRANCE 2,Annecy,Le Mans,11.5,0.9267,0.1106,0.07,0.1429,1,0.95
2025-12,2025-12-12,FRANCE 1,Angers,Nantes,10.0,0.9124,0.0783,0.07,0.1429,1,0.95
2025-12,2025-12-12,NORTHERN IRELAND 1,Larne,Glentoran,12.0,0.941,0.2454,0.03,0.1429,1,0.95
2025-12,2025-12-12,ENGLAND 2,West Brom,Sheffield Utd,12.5,0.9331,0.1177,0.04,0.1053,1,0.95
2025-12,2025-12-13,WOM SPAIN 1,Levante W,Espanyol W,6.2,0.9321,0.5326,0.08,0.1429,1,0.95
2025-12,2025-12-13,GERMANY 1,St. Pauli,Heidenheim,12.5,0.9474,0.2945,0.04,0.1176,1,0.95
2025-12,2025-12-13,ENGLAND 1,Chelsea,Everton,15.0,0.9702,0.5039,0.02,0.0909,1,0.95
2025-12,2025-12-13,ENGLAND 1,Burnley,Fulham,12.0,0.9425,0.263,0.02,0.1111,1,0.95
2025-12,2025-12-13,GREECE 1,Kifisia,Asteras Tripolis,12.0,0.9519,0.3753,0.02,0.1176,0,-11.0
2025-12,2025-12-13,PORTUGAL 1,Rio Ave,Vitoria Guimaraes,12.0,0.9309,0.1237,0.06,0.1176,1,0.95
2025-12,2025-12-13,SCOTLAND 1,Falkirk,Hearts,14.0,0.941,0.1274,0.09,0.0909,1,0.95
2025-12,2025-12-13,FRANCE 1,Paris FC,Toulouse,11.5,0.9333,0.1867,0.07,0.1176,1,0.95
2025-12,2025-12-14,GERMANY 2,Schalke,Nurnberg,15.5,0.941,0.039,0.05,0.0833,1,0.95
2025-12,2025-12-14,SWITZERLAND 2,Xamax,Bellinzona,22.0,0.9623,0.1222,0.05,0.0667,1,0.95
2025-12,2025-12-14,ITALY 4,Ligorna,Asti,10.5,0.9193,0.1067,0.08,0.1053,1,0.95
2025-12,2025-12-14,NETHERLANDS 1,Twente,G.A. Eagles,32.0,0.9872,0.5398,0.01,0.0667,1,0.95
2025-12,2025-12-14,ENGLAND 1,Nottingham,Tottenham,13.0,0.9368,0.1317,0.02,0.0909,1,0.95
2025-12,2025-12-14,ENGLAND 1,West Ham,Aston Villa,15.0,0.947,0.1571,0.02,0.0833,1,0.95
2025-12,2025-12-14,FRANCE 1,Lyon,Le Havre,14.5,0.9402,0.0853,0.08,0.0769,1,0.95
2025-12,2025-12-14,ITALY 1,Udinese,Napoli,9.4,0.9079,0.0888,0.12,0.1333,1,0.95
2025-12,2025-12-14,ITALY 2,Carrarese,Entella,13.5,0.9345,0.069,0.07,0.1176,1,0.95
2025-12,2025-12-14,GERMANY 1,Freiburg,Dortmund,16.0,0.942,0.0256,0.04,0.0833,1,0.95
2025-12,2025-12-14,GREECE 1,Atromitos,PAOK,17.5,0.9479,0.0402,0.04,0.0833,1,0.95
2025-12,2025-12-14,SERBIA 1,Novi Pazar,Radnicki Nis,13.5,0.941,0.1569,0.05,0.1176,1,0.95
2025-12,2025-12-14,ENGLAND 1,Brentford,Leeds,11.5,0.9274,0.1183,0.02,0.1176,1,0.95
2025-12,2025-12-14,ITALY 3,Casertana,Latina,8.8,0.9023,0.0948,0.07,0.1667,1,0.95
2025-12,2025-12-14,POLAND 1,Motor Lublin,Jagiellonia,19.0,0.9558,0.1129,0.08,0.0667,1,0.95
2025-12,2025-12-14,GREECE 1,Aris,Olympiacos Piraeus,14.0,0.9376,0.0789,0.04,0.1111,0,-13.0
2025-12,2025-12-14,POLAND 1,Legia,Piast Gliwice,13.0,0.9299,0.0421,0.08,0.1053,1,0.95
2025-12,2025-12-14,ITALY 3,Arzignano,Pro Patria,9.4,0.9044,0.0566,0.07,0.1538,1,0.95
2025-12,2025-12-14,MEXICO 1,Toluca,Tigres UANL,18.0,0.9533,0.1114,0.05,0.0769,1,0.95
2025-12,2025-12-15,PORTUGAL 1,Nacional,Tondela,11.5,0.9225,0.0621,0.05,0.125,1,0.95
2025-12,2025-12-15,ENGLAND 2,Sheffield Wed,Derby,11.5,0.933,0.1833,0.03,0.1111,1,0.95
2025-12,2025-12-15,SPAIN 1,Rayo Vallecano,Betis,13.5,0.9338,0.0593,0.07,0.125,0,-12.5
2025-12,2025-12-16,SPAIN CUP,Eibar,Elche,11.0,0.9598,0.5093,0.01,0.1333,1,0.95
2025-12,2025-12-17,TURKEY CUP,Trabzonspor,Alanyaspor,24.0,0.9663,0.1439,0.02,0.0667,1,0.95
2025-12,2025-12-17,SWITZERLAND 1,Zurich,Lugano,19.0,0.9583,0.1593,0.06,0.0667,1,0.95
2025-12,2025-12-17,SPAIN CUP,Alaves,Sevilla,9.4,0.9437,0.4238,0.01,0.1538,1,0.95
2025-12,2025-12-19,CROATIA 1,Varazdin,Istra 1961,7.6,0.8866,0.0938,0.06,0.1429,1,0.95
2025-12,2025-12-19,BULGARIA 1,Beroe,Ludogorets,17.5,0.947,0.0245,0.13,0.0667,1,0.95
2025-12,2025-12-19,GERMANY 2,Paderborn,Darmstadt,18.5,0.9583,0.1806,0.05,0.0769,1,0.95
2025-12,2025-12-19,SWITZERLAND 2,Etoile-Carouge,Lausanne Ouchy,19.5,0.9533,0.0413,0.05,0.0833,1,0.95
2025-12,2025-12-19,ITALY 2,Bari,Catanzaro,10.5,0.9308,0.2274,0.06,0.125,1,0.95
2025-12,2025-12-19,SPAIN 1,Valencia,Mallorca,9.6,0.9049,0.0418,0.07,0.1429,1,0.95
2025-12,2025-12-20,SERBIA 1,Radnicki Nis,Zeleznicar Pancevo,13.0,0.9352,0.1109,0.06,0.1176,1,0.95
2025-12,2025-12-20,ENGLAND 2,Preston,Norwich,16.0,0.9519,0.183,0.03,0.0833,1,0.95
2025-12,2025-12-20,ITALY 3,Torres,Arezzo,11.0,0.9291,0.1737,0.07,0.1538,1,0.95
2025-12,2025-12-20,GREECE 1,Asteras Tripolis,Aris,9.4,0.9429,0.4165,0.04,0.1667,1,0.95
2025-12,2025-12-20,ITALY 2,Cesena,Juve Stabia,10.5,0.9152,0.0635,0.05,0.1333,1,0.95
2025-12,2025-12-20,ITALY 2,Frosinone,Spezia,16.0,0.945,0.0726,0.05,0.0909,1,0.95
2025-12,2025-12-20,ITALY 2,Modena,Venezia,12.0,0.9366,0.1926,0.05,0.1176,1,0.95
2025-12,2025-12-20,GERMANY 1,Wolfsburg,Freiburg,16.0,0.9512,0.1717,0.06,0.0909,1,0.95
2025-12,2025-12-20,ENGLAND 2,Bristol City,Middlesbrough,15.5,0.9588,0.3135,0.03,0.0833,1,0.95
2025-12,2025-12-20,ENGLAND 2,Charlton,Oxford Utd,11.5,0.9269,0.1127,0.03,0.1176,1,0.95
2025-12,2025-12-20,ENGLAND 2,Derby,Portsmouth,11.0,0.9484,0.3854,0.03,0.125,1,0.95
2025-12,2025-12-20,ENGLAND 2,Ipswich,Sheffield Wed,26.0,0.9723,0.2308,0.03,0.0667,1,0.95
2025-12,2025-12-20,ENGLAND 2,QPR,Leicester,14.5,0.9377,0.0505,0.03,0.0909,1,0.95
2025-12,2025-12-20,ENGLAND 2,Sheffield Utd,Birmingham,14.5,0.938,0.0535,0.03,0.1111,1,0.95
2025-12,2025-12-20,ENGLAND 1,Wolves,Brentford,13.0,0.9461,0.2518,0.03,0.1,1,0.95
2025-12,2025-12-20,NORTHERN IRELAND 2,Dundela,Ards,13.0,0.941,0.1864,0.04,0.0769,1,0.95
2025-12,2025-12-20,SPAIN 3,Marbella,Hercules,10.0,0.9094,0.0485,0.07,0.1538,1,0.95
2025-12,2025-12-20,NETHERLANDS 1,Heracles,Heerenveen,25.0,0.9773,0.3828,0.01,0.0667,1,0.95
2025-12,2025-12-20,PORTUGAL 2,Feirense,Pacos Ferreira,12.5,0.9376,0.1726,0.07,0.125,1,0.95
2025-12,2025-12-20,GREECE 1,Volos,Panetolikos,12.5,0.946,0.2775,0.04,0.125,1,0.95
2025-12,2025-12-20,ITALY 2,Avellino,Palermo,14.5,0.9577,0.3381,0.05,0.1053,1,0.95
2025-12,2025-12-20,ENGLAND 1,Tottenham,Liverpool,19.0,0.9512,0.0261,0.03,0.0833,1,0.95
2025-12,2025-12-20,NETHERLANDS 1,Excelsior,Zwolle,21.0,0.9723,0.3694,0.01,0.0667,1,0.95
2025-12,2025-12-20,ITALY 2,Pescara,Reggiana,12.5,0.9331,0.1177,0.05,0.1176,1,0.95
2025-12,2025-12-20,NETHERLANDS 1,NAC Breda,Telstar,22.0,0.9673,0.2319,0.01,0.0769,1,0.95
2025-12,2025-12-20,AUSTRALIA 1,Wellington Phoenix,Central Coast Mariners,15.5,0.94,0.0237,0.06,0.1,1,0.95
2025-12,2025-12-21,ITALY 3,Latina,Crotone,12.5,0.9309,0.0895,0.07,0.1333,1,0.95
2025-12,2025-12-21,ITALY 4,Paganese,Citta di Fasano,10.0,0.9139,0.0936,0.1,0.0976,0,-9.0
2025-12,2025-12-21,GERMANY 1,Mainz,St. Pauli,11.5,0.9299,0.1478,0.07,0.125,0,-10.5
2025-12,2025-12-21,NETHERLANDS 1,FC Volendam,Sparta Rotterdam,22.0,0.9823,0.5608,0.01,0.0667,1,0.95
2025-12,2025-12-21,FRANCE CUP,Le Havre,Amiens,20.0,0.9558,0.0687,0.08,0.0769,1,0.95
2025-12,2025-12-21,SPAIN 1,Elche,Rayo Vallecano,9.2,0.8998,0.0333,0.08,0.1667,1,0.95
2025-12,2025-12-21,ROMANIA 1,FCSB,FC Rapid Bucuresti,11.5,0.9341,0.1957,0.09,0.1,1,0.95
2025-12,2025-12-21,PORTUGAL 1,Santa Clara,Arouca,9.8,0.9184,0.1545,0.06,0.1538,0,-8.8
2025-12,2025-12-22,ENGLAND 1,Fulham,Nottingham,13.5,0.947,0.2366,0.03,0.1,1,0.95
2025-12,2025-12-23,AUSTRALIA 1,Melbourne City,Macarthur FC,16.5,0.9474,0.0839,0.06,0.0769,1,0.95
2025-12,2025-12-23,TURKEY CUP,Konyaspor,Antalyaspor,15.0,0.9656,0.4361,0.02,0.1,1,0.95
2025-12,2025-12-23,ENGLAND CUP,Arsenal,Crystal Palace,15.0,0.9423,0.0875,0.01,0.0769,1,0.95
2025-12,2025-12-26,ENGLAND 2,Sheffield Wed,Hull,17.5,0.947,0.0245,0.05,0.0909,1,0.95
2025-12,2025-12-26,ENGLAND 2,West Brom,Bristol City,14.0,0.9376,0.0789,0.05,0.1,1,0.95
2025-12,2025-12-26,ENGLAND 5,Braintree,Southend,19.0,0.9816,0.6004,0.04,0.0769,1,0.95
2025-12,2025-12-26,ENGLAND 2,Wrexham,Sheffield Utd,13.0,0.9331,0.0842,0.05,0.0909,1,0.95
2025-12,2025-12-27,BELGIUM 1,Antwerp,Waregem,16.5,0.9459,0.0597,0.08,0.0833,1,0.95
2025-12,2025-12-27,ENGLAND 1,Nottingham,Manchester City,22.0,0.9581,0.0301,0.04,0.0667,1,0.95
2025-12,2025-12-27,ITALY 2,Carrarese,Mantova,13.0,0.941,0.1864,0.06,0.0833,0,-12.0
2025-12,2025-12-27,ITALY 2,Catanzaro,Cesena,10.5,0.9221,0.1358,0.06,0.125,1,0.95
2025-12,2025-12-27,ITALY 2,Empoli,Frosinone,12.0,0.9447,0.2888,0.06,0.0833,1,0.95
2025-12,2025-12-27,ITALY 2,Juve Stabia,Sudtirol,8.4,0.9269,0.3394,0.06,0.1667,1,0.95
2025-12,2025-12-27,ITALY 2,Sampdoria,Reggiana,10.0,0.9125,0.0798,0.06,0.125,1,0.95
2025-12,2025-12-27,ENGLAND 1,Burnley,Everton,9.8,0.9293,0.2603,0.04,0.1538,0,-8.8
2025-12,2025-12-27,SCOTLAND 3,East Fife,Kelty Hearts,16.5,0.9538,0.1901,0.06,0.0833,1,0.95
2025-12,2025-12-27,ENGLAND 1,Chelsea,Aston Villa,17.5,0.9538,0.1439,0.04,0.0667,1,0.95
2025-12,2025-12-27,PORTUGAL 1,Famalicao,Estrela,14.5,0.941,0.0979,0.06,0.1,1,0.95
2025-12,2025-12-27,ITALY 2,Bari,Avellino,9.8,0.9309,0.2758,0.06,0.1429,1,0.95
2025-12,2025-12-28,ENGLAND 1,Sunderland,Leeds,9.6,0.921,0.1951,0.04,0.1333,1,0.95
2025-12,2025-12-28,PORTUGAL 1,Casa Pia,Vitoria Guimaraes,8.8,0.9024,0.0956,0.07,0.1667,0,-7.8
2025-12,2025-12-28,ENGLAND 1,Crystal Palace,Tottenham,14.0,0.9337,0.0247,0.04,0.1,1,0.95
2025-12,2025-12-29,SAUDI ARABIA 1,Al Riyadh,Al Hazem,13.5,0.9324,0.0405,0.06,0.125,1,0.95
2025-12,2025-12-29,ENGLAND 2,Coventry,Ipswich,14.0,0.9376,0.0789,0.05,0.0909,1,0.95
2025-12,2025-12-29,ENGLAND 2,Middlesbrough,Hull,20.0,0.9638,0.2278,0.05,0.0769,1,0.95
2025-12,2025-12-29,ENGLAND 2,Millwall,Bristol City,13.0,0.9314,0.0613,0.05,0.1176,1,0.95
2025-12,2025-12-29,ENGLAND 2,Portsmouth,Charlton,9.8,0.9402,0.3666,0.05,0.1538,1,0.95
2025-12,2025-12-29,ENGLAND 2,Stoke,Sheffield Utd,14.0,0.9377,0.0816,0.05,0.1,1,0.95
2025-12,2025-12-29,ENGLAND 2,West Brom,QPR,12.0,0.9309,0.1237,0.05,0.0909,1,0.95
2025-12,2025-12-29,ENGLAND 2,Birmingham,Southampton,16.5,0.9479,0.0926,0.05,0.0769,1,0.95
2025-12,2025-12-30,SAUDI ARABIA 1,Al Okhdood,Damac,9.8,0.9124,0.0958,0.06,0.1538,1,0.95
2025-12,2025-12-30,ENGLAND 1,Burnley,Newcastle,16.5,0.9638,0.3542,0.04,0.0769,1,0.95
2025-12,2025-12-30,ENGLAND 1,Nottingham,Everton,10.0,0.9402,0.3546,0.04,0.1176,1,0.95
2025-12,2025-12-30,ENGLAND 5,Woking,Braintree,15.5,0.9593,0.3216,0.03,0.0909,1,0.95
2025-12,2025-12-30,ENGLAND 5,Yeovil,Eastleigh,12.5,0.9519,0.3513,0.03,0.1176,1,0.95
2025-12,2025-12-30,NORTHERN IRELAND 1,Bangor FC,Ballymena,15.0,0.9529,0.2451,0.02,0.1176,1,0.95
2025-12,2025-12-30,NORTHERN IRELAND 1,Coleraine,Linfield,13.0,0.9583,0.4097,0.02,0.125,1,0.95
2025-12,2025-12-30,NORTHERN IRELAND 1,Crusaders,Carrick Rangers,18.5,0.9529,0.0801,0.02,0.0833,1,0.95
2025-12,2025-12-30,NORTHERN IRELAND 1,Glenavon,Dungannon,13.0,0.9376,0.1414,0.02,0.125,1,0.95
2025-12,2025-12-30,NORTHERN IRELAND 1,Glentoran,Portadown,14.5,0.9376,0.0477,0.02,0.1111,1,0.95
2025-12,2025-12-30,ENGLAND 1,Arsenal,Aston Villa,19.0,0.9581,0.1558,0.04,0.0667,1,0.95
2026-01,2026-01-01,ENGLAND 2,Bristol City,Portsmouth,14.0,0.9473,0.2155,0.05,0.1111,1,0.95
2026-01,2026-01-01,ENGLAND 2,Derby,Middlesbrough,11.5,0.9375,0.2339,0.05,0.1176,1,0.95
2026-01,2026-01-01,ENGLAND 2,Hull,Stoke,12.0,0.9388,0.2188,0.05,0.1176,1,0.95
2026-01,2026-01-01,ENGLAND 2,Ipswich,Oxford Utd,18.5,0.9538,0.0971,0.05,0.0833,1,0.95
2026-01,2026-01-01,ENGLAND 2,Watford,Birmingham,13.5,0.9444,0.2018,0.05,0.1053,1,0.95
2026-01,2026-01-02,AUSTRALIA 1,Melbourne Victory,Perth Glory,18.5,0.9498,0.0246,0.06,0.0769,1,0.95
2026-01,2026-01-02,NORTHERN IRELAND 1,Larne,Coleraine,10.5,0.9424,0.3478,0.03,0.1429,1,0.95
2026-01,2026-01-03,AUSTRALIA 1,Melbourne City,Sydney FC,17.5,0.9502,0.081,0.06,0.0833,0,-16.5
2026-01,2026-01-03,SCOTLAND 1,Celtic,Rangers,18.5,0.9579,0.173,0.07,0.0667,1,0.95
2026-01,2026-01-03,SPAIN 1,Celta Vigo,Valencia,11.0,0.9154,0.0238,0.08,0.125,1,0.95
2026-01,2026-01-03,SAUDI ARABIA 1,Al Fateh,Al Shabab,17.5,0.9473,0.0312,0.06,0.0833,1,0.95
2026-01,2026-01-03,ITALY 3,Pianese,Ascoli,10.5,0.9264,0.1804,0.06,0.1667,1,0.95
2026-01,2026-01-03,ITALY 3,Pontedera,Torres,10.5,0.9138,0.0491,0.06,0.1538,1,0.95
2026-01,2026-01-03,PORTUGAL 2,Felgueiras,Oliveirense,14.5,0.944,0.1405,0.08,0.0769,1,0.95
2026-01,2026-01-03,ENGLAND 5,Boston Utd,Eastleigh,19.0,0.9544,0.0849,0.03,0.1053,1,0.95
2026-01,2026-01-03,NORTHERN IRELAND 1,Carrick Rangers,Glentoran,14.0,0.9407,0.1231,0.03,0.1111,1,0.95
2026-01,2026-01-03,SPAIN 1,Osasuna,Ath Bilbao,8.8,0.9026,0.0974,0.08,0.1538,1,0.95
2026-01,2026-01-03,ITALY 3,Pro Vercelli,Pro Patria,10.0,0.9231,0.185,0.06,0.1538,1,0.95
2026-01,2026-01-03,ENGLAND 5,Yeovil,Braintree,15.0,0.9388,0.0352,0.03,0.0909,1,0.95
2026-01,2026-01-03,FRANCE 2,Clermont,Laval,8.6,0.9043,0.1318,0.09,0.1538,1,0.95
2026-01,2026-01-03,ITALY 3,Vis Pesaro,Pineto,9.8,0.908,0.0532,0.06,0.1538,1,0.95
2026-01,2026-01-03,ITALY 3,Cavese,Sorrento,11.0,0.9208,0.0832,0.06,0.1333,1,0.95
2026-01,2026-01-03,ITALY 1,Atalanta,AS Roma,9.6,0.9099,0.0897,0.08,0.125,1,0.95
2026-01,2026-01-03,SPAIN 2,Cordoba,Burgos CF,8.2,0.8941,0.0869,0.09,0.1538,1,0.95
2026-01,2026-01-04,PORTUGAL 3,Santarem,1º Dezembro,9.4,0.9039,0.0512,0.08,0.1667,1,0.95
2026-01,2026-01-04,SPAIN 3,CF Talavera,Guadalajara,11.0,0.932,0.2059,0.04,0.1429,1,0.95
2026-01,2026-01-04,ITALY 1,Lazio,Napoli,8.4,0.9006,0.1197,0.07,0.1538,1,0.95
2026-01,2026-01-04,ENGLAND 2,Birmingham,Coventry,16.0,0.9502,0.1557,0.05,0.0833,1,0.95
2026-01,2026-01-04,SPAIN 1,Sevilla,Levante,14.5,0.944,0.1405,0.08,0.0833,1,0.95
2026-01,2026-01-04,SPAIN 2,Gijon,Malaga,11.5,0.9198,0.0321,0.08,0.1111,1,0.95
2026-01,2026-01-04,ENGLAND 2,Middlesbrough,Southampton,17.5,0.9509,0.0929,0.05,0.0769,1,0.95
2026-01,2026-01-04,ENGLAND 2,Millwall,Swansea,10.5,0.9208,0.1225,0.05,0.1429,1,0.95
2026-01,2026-01-04,ENGLAND 2,Norwich,Stoke,14.0,0.9457,0.1929,0.05,0.1,1,0.95
2026-01,2026-01-04,ENGLAND 1,Newcastle,Crystal Palace,16.0,0.9462,0.0922,0.07,0.0769,1,0.95
2026-01,2026-01-04,PORTUGAL 1,Rio Ave,Casa Pia,8.8,0.9189,0.24,0.06,0.1333,1,0.95
2026-01,2026-01-04,FRANCE 1,Le Havre,Angers,11.0,0.9341,0.2288,0.08,0.125,1,0.95
2026-01,2026-01-04,CYPRUS 1,Apollon,Pafos,11.0,0.9248,0.1271,0.06,0.1429,1,0.95
2026-01,2026-01-04,ITALY 1,Verona,Torino,8.2,0.9035,0.1639,0.07,0.1538,1,0.95
2026-01,2026-01-04,SPAIN 2,Zaragoza,Las Palmas,7.8,0.8941,0.1293,0.08,0.1667,1,0.95
2026-01,2026-01-04,PORTUGAL 1,Santa Clara,FC Porto,10.5,0.9275,0.1927,0.06,0.1538,1,0.95
2026-01,2026-01-06,AUSTRALIA 1,Melbourne City,Brisbane Roar,14.0,0.9448,0.1803,0.07,0.1,1,0.95
2026-01,2026-01-06,ITALY 1,Pisa,Como,10.5,0.9194,0.1078,0.07,0.1111,1,0.95
2026-01,2026-01-06,ITALY 1,Lecce,AS Roma,10.5,0.9198,0.1123,0.07,0.125,1,0.95
2026-01,2026-01-06,ENGLAND 1,West Ham,Nottingham,14.0,0.9371,0.0728,0.07,0.0833,1,0.95
2026-01,2026-01-07,ITALY 1,Bologna,Atalanta,13.0,0.9404,0.1776,0.07,0.1053,1,0.95
2026-01,2026-01-07,ITALY 1,Lazio,Fiorentina,9.2,0.9016,0.0493,0.07,0.1333,1,0.95
2026-01,2026-01-07,PORTUGAL CUP,Benfica,Braga,11.0,0.9171,0.042,0.05,0.1333,1,0.95
2026-01,2026-01-07,ENGLAND 1,Burnley,Manchester Utd,15.5,0.9499,0.1763,0.07,0.0833,1,0.95
2026-01,2026-01-09,SAUDI ARABIA 1,Al Taawon,Al Shabab,15.5,0.9466,0.1256,0.05,0.0909,1,0.95
2026-01,2026-01-09,ENGLAND CUP,MK Dons,Oxford Utd,16.0,0.9809,0.6449,0.01,0.1,1,0.95
2026-01,2026-01-09,ENGLAND CUP,Preston,Wigan,11.0,0.9453,0.3514,0.01,0.125,1,0.95
2026-01,2026-01-09,SPAIN 2,Cadiz CF,Gijon,10.0,0.907,0.0243,0.08,0.1333,1,0.95
2026-01,2026-01-09,SPAIN 1,Getafe,Real Sociedad,6.6,0.9025,0.3112,0.08,0.1667,1,0.95
2026-01,2026-01-10,MEXICO 2,Atletico La Paz,Tapatio,7.6,0.9457,0.5402,0.08,0.0667,1,0.95
2026-01,2026-01-10,ENGLAND 3,Luton,Stevenage,9.6,0.9043,0.0361,0.07,0.1538,1,0.95
2026-01,2026-01-10,ITALY 1,Como,Bologna,11.5,0.9251,0.0927,0.06,0.1176,1,0.95
2026-01,2026-01-10,ITALY 2,Carrarese,Bari,11.0,0.9275,0.1557,0.06,0.1333,1,0.95
2026-01,2026-01-10,ITALY 2,Sudtirol,Spezia,11.0,0.9366,0.2558,0.06,0.125,1,0.95
2026-01,2026-01-10,FRANCE CUP,Bastia,Troyes,10.5,0.9201,0.1146,0.07,0.1176,1,0.95
2026-01,2026-01-10,GERMANY 1,Union Berlin,Mainz,10.0,0.9099,0.0537,0.07,0.1333,1,0.95
2026-01,2026-01-10,ENGLAND CUP,Burnley,Millwall,14.5,0.9682,0.4901,0.01,0.0909,1,0.95
2026-01,2026-01-10,ENGLAND CUP,Fulham,Middlesbrough,14.0,0.9486,0.2332,0.01,0.0909,1,0.95
2026-01,2026-01-10,ENGLAND CUP,Stoke,Coventry,14.5,0.9682,0.4899,0.01,0.0909,1,0.95
2026-01,2026-01-10,GREECE 1,Kifisia,AEL Larissa,12.5,0.94,0.2024,0.05,0.1176,1,0.95
2026-01,2026-01-10,SCOTLAND 4,Edinburgh City,Stirling,26.0,0.9657,0.0588,0.07,0.0667,1,0.95
2026-01,2026-01-10,SCOTLAND 1,Livingston,Kilmarnock,11.0,0.9244,0.1226,0.06,0.125,1,0.95
2026-01,2026-01-10,CYPRUS 1,Aris,AEK Larnaca,11.5,0.9375,0.2339,0.06,0.125,1,0.95
2026-01,2026-01-10,ENGLAND 5,Braintree,Boston Utd,14.0,0.9538,0.3051,0.03,0.0909,0,-13.0
2026-01,2026-01-10,GREECE 1,Panetolikos,PAOK,23.0,0.9697,0.2548,0.05,0.0667,1,0.95
2026-01,2026-01-10,ENGLAND CUP,Bristol City,Watford,13.5,0.9506,0.2855,0.01,0.1053,1,0.95
2026-01,2026-01-10,ENGLAND CUP,Cambridge Utd,Birmingham,11.5,0.9246,0.0861,0.01,0.1176,1,0.95
2026-01,2026-01-10,ENGLAND CUP,Tottenham,Aston Villa,16.5,0.971,0.473,0.01,0.0769,1,0.95
2026-01,2026-01-10,NETHERLANDS 1,Groningen,NAC Breda,15.0,0.9568,0.3049,0.01,0.0909,0,-14.0
2026-01,2026-01-10,SPAIN 1,Valencia,Elche,10.5,0.9261,0.1781,0.08,0.1333,1,0.95
2026-01,2026-01-10,MEXICO 1,Guadalajara Chivas,Pachuca,18.0,0.9544,0.1306,0.05,0.0667,1,0.95
2026-01,2026-01-10,MEXICO 2,Atl. Morelia,Correcaminos,23.0,0.9648,0.1429,0.08,0.0769,1,0.95
2026-01,2026-01-10,MEXICO 1,Club Leon,Cruz Azul,16.0,0.9417,0.0203,0.05,0.0909,1,0.95
2026-01,2026-01-11,ITALY 1,Lecce,Parma,8.2,0.9198,0.2967,0.04,0.1538,1,0.95
2026-01,2026-01-11,ENGLAND CUP,Derby,Leeds,15.5,0.9533,0.2278,0.02,0.0833,1,0.95
2026-01,2026-01-11,GREECE 2,PAE Chania,Ilioupoli,10.5,0.9187,0.1004,0.08,0.1333,1,0.95
2026-01,2026-01-11,SPAIN 1,Rayo Vallecano,Mallorca,8.6,0.9143,0.2172,0.07,0.1538,1,0.95
2026-01,2026-01-11,SPAIN 2,Leganes,Valladolid,9.4,0.9201,0.2026,0.08,0.1429,1,0.95
2026-01,2026-01-11,ITALY 3,Virtus Verona,Arzignano,11.5,0.9238,0.078,0.09,0.1333,1,0.95
2026-01,2026-01-11,ITALY 3,Carpi,Pianese,10.5,0.9174,0.087,0.09,0.1429,1,0.95
2026-01,2026-01-11,NETHERLANDS 1,G.A. Eagles,Sittard,17.5,0.9579,0.2151,0.02,0.0769,1,0.95
2026-01,2026-01-11,NETHERLANDS 1,Telstar,Ajax,20.0,0.9825,0.6006,0.02,0.0667,1,0.95
2026-01,2026-01-11,GREECE 1,Levadiakos,Volos,14.5,0.9462,0.1729,0.05,0.0909,1,0.95
2026-01,2026-01-11,ITALY 2,Mantova,Palermo,14.5,0.9367,0.0347,0.06,0.0909,1,0.95
2026-01,2026-01-11,ENGLAND CUP,Hull,Blackburn,12.5,0.9473,0.2944,0.02,0.1111,0,-11.5
2026-01,2026-01-11,ENGLAND CUP,Swansea,West Brom,12.0,0.9501,0.3538,0.02,0.1111,1,0.95
2026-01,2026-01-11,GREECE 1,OFI Crete,Asteras Tripolis,10.0,0.9295,0.249,0.05,0.1429,1,0.95
2026-01,2026-01-11,PORTUGAL 1,Nacional,Santa Clara,8.0,0.9224,0.3331,0.06,0.1667,1,0.95
2026-01,2026-01-11,NETHERLANDS 1,Sparta Rotterdam,Heracles,18.5,0.9942,0.8421,0.02,0.0667,1,0.95
2026-01,2026-01-11,TURKEY 2,Pendikspor,Bodrumspor,12.0,0.9389,0.2194,0.07,0.1053,0,-11.0
2026-01,2026-01-11,SCOTLAND 1,Aberdeen,Rangers,18.0,0.9486,0.0278,0.06,0.0833,1,0.95
2026-01,2026-01-11,FRANCE CUP,Nantes,Nice,16.0,0.9421,0.0266,0.08,0.0769,1,0.95
2026-01,2026-01-11,MEXICO 1,UNAM Pumas,Queretaro,13.0,0.9421,0.2002,0.05,0.1111,1,0.95
2026-01,2026-01-11,PORTUGAL 1,Moreirense,Tondela,10.0,0.9114,0.0682,0.06,0.1429,1,0.95
2026-01,2026-01-11,ITALY 1,Inter,Napoli,11.0,0.9275,0.1565,0.04,0.125,1,0.95
2026-01,2026-01-11,PORTUGAL CUP,Torreense,Leiria,11.5,0.9332,0.1847,0.05,0.125,1,0.95
2026-01,2026-01-12,ITALY 1,Genoa,Cagliari,8.0,0.8974,0.1342,0.04,0.1667,1,0.95
2026-01,2026-01-12,SAUDI ARABIA 1,Al Ettifaq,Al Khaleej,21.0,0.98,0.532,0.05,0.0667,1,0.95
2026-01,2026-01-12,SPAIN 2,Huesca,Cordoba,9.8,0.907,0.0429,0.08,0.1429,1,0.95
2026-01,2026-01-12,SPAIN 1,Sevilla,Celta Vigo,9.8,0.9328,0.2951,0.07,0.1333,1,0.95
2026-01,2026-01-13,SAUDI ARABIA 1,Al Okhdood,Al Kholood,12.0,0.9263,0.0694,0.05,0.125,1,0.95
2026-01,2026-01-13,SAUDI ARABIA 1,Al Fateh,Al Riyadh,17.0,0.964,0.3398,0.05,0.0833,1,0.95
2026-01,2026-01-13,SPAIN CUP,Real Sociedad,Osasuna,13.0,0.9357,0.1168,0.01,0.1111,1,0.95
2026-01,2026-01-13,MEXICO 1,Puebla,Mazatlan FC,15.5,0.9556,0.2645,0.05,0.0909,1,0.95
2026-01,2026-01-13,MEXICO 1,Necaxa,Monterrey,19.5,0.9533,0.0408,0.05,0.0769,1,0.95
2026-01,2026-01-14,GERMANY 1,Wolfsburg,St. Pauli,12.0,0.9579,0.4467,0.06,0.1176,1,0.95
2026-01,2026-01-14,SAUDI ARABIA 1,Al Ahli SC,Al Taawon,24.0,0.9641,0.0893,0.03,0.0769,1,0.95
2026-01,2026-01-14,ENGLAND CUP,Chelsea,Arsenal,14.0,0.9568,0.3471,0.02,0.0909,1,0.95
2026-01,2026-01-14,SPAIN CUP,Alaves,Rayo Vallecano,9.0,0.9404,0.417,0.0,0.1538,1,0.95
2026-01,2026-01-14,SPAIN CUP,Betis,Elche,18.5,0.955,0.1204,0.0,0.0769,1,0.95
2026-01,2026-01-14,MEXICO 1,Queretaro,Club Tijuana,12.0,0.9351,0.1748,0.05,0.1176,1,0.95
2026-01,2026-01-15,ITALY 1,Verona,Bologna,9.6,0.9263,0.2462,0.05,0.1429,1,0.95
2026-01,2026-01-15,ITALY 1,Como,AC Milan,11.5,0.9198,0.0321,0.05,0.1176,1,0.95
2026-01,2026-01-16,AUSTRALIA 1,Perth Glory,Brisbane Roar,13.0,0.9338,0.0932,0.07,0.0909,1,0.95
2026-01,2026-01-16,SAUDI ARABIA 1,Al Khaleej,Al Okhdood,18.0,0.9609,0.2476,0.03,0.0833,1,0.95
2026-01,2026-01-16,FRANCE 3,Aubagne,Paris 13 Atl.,10.0,0.9077,0.0314,0.11,0.1333,1,0.95
2026-01,2026-01-16,GERMANY 1,Werder Bremen,Eintracht Frankfurt,18.5,0.954,0.1005,0.06,0.0769,1,0.95
2026-01,2026-01-16,ENGLAND 2,West Brom,Middlesbrough,13.0,0.9295,0.0376,0.05,0.1053,1,0.95
2026-01,2026-01-16,COLOMBIA 1,Pereira,Llaneros,12.0,0.9239,0.041,0.07,0.1176,1,0.95
2026-01,2026-01-16,COLOMBIA 1,Fortaleza,Alianza,9.0,0.9023,0.076,0.07,0.1538,1,0.95
2026-01,2026-01-17,GERMANY 2,Nurnberg,Elversberg,14.5,0.9361,0.0261,0.05,0.0909,1,0.95
2026-01,2026-01-17,GERMANY 2,Preussen Munster,Karlsruher SC,18.0,0.9641,0.3049,0.05,0.0769,1,0.95
2026-01,2026-01-17,ENGLAND 3,Wigan,Bolton,12.5,0.9298,0.0765,0.06,0.1111,1,0.95
2026-01,2026-01-17,FRANCE 2,Grenoble,Red Star,10.5,0.9276,0.193,0.08,0.125,1,0.95
2026-01,2026-01-17,GERMANY 3,Munich 1860,RW Essen,19.5,0.9612,0.1955,0.05,0.0667,1,0.95
2026-01,2026-01-17,GREECE 2,Makedonikos,PAOK B,16.5,0.944,0.0284,0.06,0.0909,1,0.95
2026-01,2026-01-17,GREECE 1,Panserraikos,Kifisia,11.0,0.9196,0.0699,0.05,0.125,1,0.95
2026-01,2026-01-17,ITALY 2,Monza,Frosinone,14.5,0.9486,0.2076,0.06,0.0833,1,0.95
2026-01,2026-01-17,ITALY 2,Padova,Mantova,11.5,0.938,0.2399,0.06,0.1176,1,0.95
2026-01,2026-01-17,GERMANY 1,Wolfsburg,Heidenheim,22.0,0.9746,0.392,0.06,0.0667,1,0.95
2026-01,2026-01-17,ENGLAND 2,Sheffield Wed,Portsmouth,12.0,0.9372,0.1995,0.07,0.1176,1,0.95
2026-01,2026-01-17,ENGLAND 3,Exeter,Stevenage,8.4,0.9332,0.3919,0.06,0.1538,1,0.95
2026-01,2026-01-17,ENGLAND 3,Leyton Orient,Reading,16.0,0.9424,0.0313,0.06,0.0909,1,0.95
2026-01,2026-01-17,ROMANIA 1,Farul Constanta,FC Hermannstadt,10.0,0.9156,0.1106,0.09,0.1333,1,0.95
2026-01,2026-01-17,SPAIN 1,Mallorca,Ath Bilbao,9.0,0.9265,0.2923,0.06,0.1429,1,0.95
2026-01,2026-01-17,PORTUGAL 1,Gil Vicente,Nacional,11.5,0.9255,0.0972,0.06,0.1176,1,0.95
2026-01,2026-01-17,ITALY 2,Reggiana,Cesena,10.5,0.9312,0.2308,0.06,0.1333,1,0.95
2026-01,2026-01-17,CYPRUS 1,Ol. Nicosia,Pafos,19.0,0.9556,0.1092,0.06,0.0909,1,0.95
2026-01,2026-01-17,ITALY 1,Napoli,Sassuolo,13.5,0.9417,0.1659,0.03,0.1176,1,0.95
2026-01,2026-01-17,ENGLAND 2,Swansea,Birmingham,11.5,0.9263,0.1062,0.07,0.1176,1,0.95
2026-01,2026-01-17,SPAIN 3,Zamora,Tenerife,8.6,0.9017,0.1094,0.08,0.1667,1,0.95
2026-01,2026-01-17,ITALY 2,Bari,Juve Stabia,7.8,0.9034,0.2017,0.06,0.1667,1,0.95
2026-01,2026-01-17,NETHERLANDS 1,Excelsior,Telstar,17.5,0.9498,0.0747,0.02,0.0833,1,0.95
2026-01,2026-01-17,GERMANY 2,Hertha Berlin,Schalke,12.0,0.9272,0.0803,0.05,0.1111,0,-11.0
2026-01,2026-01-17,ITALY 1,Cagliari,Juventus,13.0,0.9418,0.1969,0.03,0.1176,1,0.95
2026-01,2026-01-17,SCOTLAND CUP,Hearts,Falkirk,19.0,0.964,0.2686,0.01,0.0667,1,0.95
2026-01,2026-01-17,FRANCE 1,Angers,Marseille,17.0,0.9535,0.1618,0.05,0.0769,1,0.95
2026-01,2026-01-17,MEXICO 1,Tigres UANL,Toluca,15.5,0.9453,0.1054,0.05,0.0833,0,-14.5
2026-01,2026-01-17,COLOMBIA 1,Bucaramanga,Millonarios,8.4,0.8994,0.1101,0.07,0.1538,1,0.95
2026-01,2026-01-18,AUSTRALIA 1,Central Coast Mariners,Macarthur FC,14.5,0.9371,0.0406,0.07,0.0909,1,0.95
2026-01,2026-01-18,MEXICO 1,Club Tijuana,Atl. San Luis,13.0,0.9502,0.3051,0.06,0.0833,1,0.95
2026-01,2026-01-18,GERMANY 2,Holstein Kiel,Paderborn,15.0,0.9509,0.2157,0.06,0.0909,1,0.95
2026-01,2026-01-18,SPAIN 2,Mirandes,Andorra,11.0,0.9352,0.2403,0.08,0.1053,1,0.95
2026-01,2026-01-18,ITALY 3,Perugia,Gubbio,9.2,0.9156,0.1781,0.1,0.1667,1,0.95
2026-01,2026-01-18,NETHERLANDS 1,FC Volendam,Utrecht,18.0,0.9648,0.3187,0.02,0.0833,1,0.95
2026-01,2026-01-18,FRANCE 1,Strasbourg,Metz,19.0,0.9527,0.0542,0.05,0.0667,1,0.95
2026-01,2026-01-18,ITALY 1,Bologna,Fiorentina,14.0,0.9518,0.2775,0.03,0.0909,1,0.95
2026-01,2026-01-18,SCOTLAND CUP,Aberdeen,Raith,19.0,0.9546,0.0889,0.01,0.0833,1,0.95
2026-01,2026-01-18,SAUDI ARABIA 1,Al Hazem,Al Qadsiah,22.0,0.9579,0.0256,0.03,0.0769,1,0.95
2026-01,2026-01-18,PORTUGAL 1,Santa Clara,Famalicao,9.0,0.9153,0.1922,0.06,0.1538,1,0.95
2026-01,2026-01-18,SWITZERLAND 1,Basel,Sion,19.5,0.9641,0.251,0.05,0.0769,1,0.95
2026-01,2026-01-18,SWITZERLAND 1,Grasshoppers,Thun,19.0,0.9545,0.087,0.05,0.0769,1,0.95
2026-01,2026-01-18,ITALY 3,Renate,AlbinoLeffe,8.8,0.8958,0.0385,0.1,0.1538,1,0.95
2026-01,2026-01-18,CYPRUS 1,Apollon,APOEL,10.5,0.9139,0.0501,0.06,0.1429,1,0.95
2026-01,2026-01-18,ITALY 1,Torino,AS Roma,11.5,0.9453,0.3234,0.03,0.1176,1,0.95
2026-01,2026-01-18,BELGIUM 1,Charleroi,St. Liege,11.0,0.9184,0.0561,0.07,0.1176,1,0.95
2026-01,2026-01-18,SAUDI ARABIA 1,Al Riyadh,Al Taawon,15.0,0.9516,0.227,0.03,0.1,1,0.95
2026-01,2026-01-18,MEXICO 1,UNAM Pumas,Club Leon,14.5,0.9401,0.0842,0.06,0.0909,1,0.95
2026-01,2026-01-18,ISRAEL 1,Maccabi Haifa,Maccabi Tel Aviv,18.5,0.9546,0.1116,0.09,0.0667,1,0.95
2026-01,2026-01-18,COLOMBIA 1,Dep. Pasto,Ind. Medellin,9.8,0.921,0.1801,0.06,0.1538,1,0.95
2026-01,2026-01-18,ITALY 3,Monopoli,Catania,8.4,0.8967,0.0878,0.1,0.1667,1,0.95
2026-01,2026-01-18,ITALY 1,AC Milan,Lecce,17.5,0.9728,0.4752,0.03,0.0909,1,0.95
2026-01,2026-01-18,SPAIN 2,Cordoba,Malaga,13.0,0.943,0.2116,0.08,0.1,1,0.95
2026-01,2026-01-18,COLOMBIA 1,Jaguares de Cordoba,Dep. Cali,10.0,0.9091,0.0459,0.06,0.125,1,0.95
2026-01,2026-01-18,COLOMBIA 1,Junior,Deportes Tolima,10.5,0.9186,0.0994,0.06,0.1111,1,0.95
2026-01,2026-01-18,MEXICO 1,Pachuca,Club America,10.5,0.9332,0.2516,0.06,0.1333,0,-9.5
2026-01,2026-01-18,COLOMBIA 1,Santa Fe,Aguilas,11.0,0.9173,0.0447,0.06,0.1333,1,0.95
2026-01,2026-01-19,TURKEY 2,Istanbulspor AS,Keciorengucu,21.0,0.971,0.3431,0.05,0.0667,1,0.95
2026-01,2026-01-19,GREECE 1,Panetolikos,Levadiakos,13.5,0.9388,0.127,0.05,0.1111,1,0.95
2026-01,2026-01-19,ITALY 1,Cremonese,Verona,9.8,0.9268,0.2367,0.04,0.1333,0,-8.8
2026-01,2026-01-19,GREECE 1,Volos,Atromitos,9.8,0.9457,0.4208,0.05,0.1333,1,0.95
2026-01,2026-01-19,PORTUGAL 2,Feirense,FC Porto B,11.0,0.93,0.1833,0.09,0.1176,1,0.95
2026-01,2026-01-19,ROMANIA 1,Petrolul,Univ. Craiova,9.6,0.9064,0.0563,0.09,0.1538,1,0.95
2026-01,2026-01-19,SPAIN 2,Granada CF,Eibar,8.4,0.9253,0.3259,0.07,0.1538,0,-7.4
2026-01,2026-01-19,ITALY 1,Lazio,Como,8.0,0.923,0.338,0.04,0.1667,1,0.95
2026-01,2026-01-19,SPAIN 1,Elche,Sevilla,9.2,0.9049,0.0797,0.06,0.1429,1,0.95
2026-01,2026-01-19,PORTUGAL 1,Estrela,Estoril,14.5,0.9448,0.1527,0.06,0.0833,1,0.95
2026-01,2026-01-20,ENGLAND 2,Preston,Hull,11.5,0.9188,0.0202,0.08,0.125,1,0.95
2026-01,2026-01-20,ENGLAND 3,Stevenage,Bolton,11.0,0.9219,0.0947,0.06,0.125,0,-10.0
2026-01,2026-01-21,SAUDI ARABIA 1,Al Okhdood,Al Riyadh,11.5,0.9453,0.324,0.05,0.1333,1,0.95
2026-01,2026-01-21,ENGLAND 5,Solihull Moors,Rochdale,21.0,0.9556,0.0205,0.05,0.0769,1,0.95
2026-01,2026-01-23,GERMANY 3,Viktoria Koln,Saarbrucken,18.0,0.9497,0.0465,0.05,0.0769,1,0.95
2026-01,2026-01-23,SWITZERLAND 2,Stade Nyonnais,Etoile-Carouge,13.5,0.9339,0.0613,0.05,0.1,1,0.95
2026-01,2026-01-23,FRANCE 2,Amiens,Laval,8.4,0.9043,0.1509,0.07,0.1667,0,-7.4
2026-01,2026-01-23,FRANCE 2,Annecy,Clermont,10.5,0.9351,0.2721,0.07,0.1176,1,0.95
2026-01,2026-01-23,SWITZERLAND 2,Vaduz,Wil,12.5,0.9352,0.1431,0.05,0.0769,1,0.95
2026-01,2026-01-23,GERMANY 1,St. Pauli,Hamburger SV,8.4,0.9356,0.4121,0.06,0.1538,0,-7.4
2026-01,2026-01-23,SPAIN 2,Malaga,Burgos CF,8.2,0.8919,0.0694,0.07,0.1538,1,0.95
2026-01,2026-01-23,SPAIN 1,Levante,Elche,13.5,0.9404,0.1486,0.06,0.0909,1,0.95
2026-01,2026-01-23,COLOMBIA 1,Deportes Tolima,Alianza,11.0,0.9237,0.1142,0.06,0.1333,1,0.95
2026-01,2026-01-24,GERMANY 2,Hannover,Dusseldorf,19.0,0.955,0.0971,0.07,0.0667,1,0.95
2026-01,2026-01-24,FRANCE 2,Red Star,Boulogne,9.2,0.9189,0.2076,0.07,0.1429,1,0.95
2026-01,2026-01-24,SPAIN 1,Rayo Vallecano,Osasuna,9.2,0.9141,0.1643,0.06,0.1333,1,0.95
2026-01,2026-01-24,SPAIN 2,Valladolid,Albacete,11.0,0.9198,0.0722,0.07,0.1333,1,0.95
2026-01,2026-01-24,CROATIA 1,Lok. Zagreb,Vukovar 1991,17.5,0.9578,0.214,0.06,0.0909,1,0.95
2026-01,2026-01-24,ITALY 1,Como,Torino,14.0,0.9397,0.1086,0.04,0.0909,1,0.95
2026-01,2026-01-24,ITALY 2,Cesena,Bari,13.0,0.9347,0.1042,0.07,0.1053,1,0.95
2026-01,2026-01-24,PORTUGAL 2,Maritimo,Felgueiras,11.0,0.9268,0.1486,0.08,0.1176,1,0.95
2026-01,2026-01-24,ENGLAND 2,Hull,Swansea,11.5,0.9198,0.0321,0.08,0.1176,1,0.95
2026-01,2026-01-24,ENGLAND 3,Blackpool,Northampton,13.0,0.9457,0.2471,0.06,0.1111,1,0.95
2026-01,2026-01-24,ENGLAND 3,Bolton,Leyton Orient,24.0,0.9628,0.0597,0.06,0.0667,1,0.95
2026-01,2026-01-24,ENGLAND 3,Doncaster,Wigan,11.0,0.9207,0.0812,0.06,0.1176,1,0.95
2026-01,2026-01-24,ENGLAND 3,Reading,Barnsley,17.0,0.9453,0.0233,0.06,0.0769,1,0.95
2026-01,2026-01-24,ENGLAND 3,Stevenage,Mansfield,9.2,0.9201,0.2192,0.06,0.1429,1,0.95
2026-01,2026-01-24,SCOTLAND 4,Clyde,Spartans,15.0,0.9407,0.0628,0.05,0.0909,1,0.95
2026-01,2026-01-24,SCOTLAND 1,Aberdeen,Livingston,15.5,0.9441,0.0866,0.05,0.0833,1,0.95
2026-01,2026-01-24,SCOTLAND 1,Falkirk,Hibernian,11.5,0.9234,0.0727,0.05,0.1176,1,0.95
2026-01,2026-01-24,SPAIN 1,Valencia,Espanyol,9.8,0.9366,0.3315,0.06,0.1333,1,0.95
2026-01,2026-01-24,SAUDI ARABIA 1,Al Kholood,Al Ettifaq,17.5,0.9696,0.4189,0.06,0.0769,1,0.95
2026-01,2026-01-24,PORTUGAL 2,Leixoes,Benfica B,13.5,0.9349,0.0748,0.08,0.1,0,-12.5
2026-01,2026-01-24,TURKEY 2,Pendikspor,Erzurumspor,9.8,0.9453,0.417,0.05,0.1176,1,0.95
2026-01,2026-01-24,ITALY 2,Modena,Palermo,10.5,0.9204,0.1182,0.07,0.1176,0,-9.5
2026-01,2026-01-24,ITALY 3,Virtus Verona,Pro Vercelli,9.4,0.9089,0.0986,0.09,0.1538,1,0.95
2026-01,2026-01-24,ITALY 1,Fiorentina,Cagliari,12.5,0.9473,0.2944,0.04,0.1,1,0.95
2026-01,2026-01-24,SCOTLAND 3,Kelty Hearts,Stenhousemuir,11.0,0.9231,0.1082,0.07,0.125,1,0.95
2026-01,2026-01-24,SPAIN 1,Sevilla,Ath Bilbao,9.0,0.9294,0.3183,0.06,0.1538,1,0.95
2026-01,2026-01-24,SPAIN 2,Gijon,Mirandes,12.5,0.9351,0.1424,0.07,0.1111,1,0.95
2026-01,2026-01-24,SPAIN 3,Betis B,Marbella,9.0,0.9237,0.2669,0.07,0.1538,1,0.95
2026-01,2026-01-24,GREECE 1,AEL Larissa,Panserraikos,9.4,0.9385,0.3749,0.05,0.1538,1,0.95
2026-01,2026-01-24,ROMANIA 1,Univ. Craiova,FC Botosani,12.5,0.9305,0.0853,0.09,0.1111,1,0.95
2026-01,2026-01-24,COLOMBIA 1,Pereira,Fortaleza,8.4,0.9208,0.2888,0.07,0.1429,0,-7.4
2026-01,2026-01-24,COLOMBIA 1,Dep. Cali,Ind. Medellin,8.4,0.9124,0.2186,0.07,0.1538,1,0.95
2026-01,2026-01-25,AUSTRALIA 1,WS Wanderers,Perth Glory,16.5,0.9473,0.0826,0.07,0.0769,1,0.95
2026-01,2026-01-25,PORTUGAL 2,Portimonense,Feirense,9.8,0.9104,0.0767,0.09,0.125,1,0.95
2026-01,2026-01-25,WOM SPAIN 1,Real Sociedad W,Eibar W,12.0,0.9527,0.3851,0.06,0.0769,1,0.95
2026-01,2026-01-25,SPAIN 3,Guadalajara,Ponferradina,10.0,0.9226,0.1797,0.06,0.1538,1,0.95
2026-01,2026-01-25,ITALY 1,Sassuolo,Cremonese,10.0,0.9352,0.3051,0.05,0.1333,1,0.95
2026-01,2026-01-25,ROMANIA 1,Petrolul,Farul Constanta,9.8,0.9154,0.1253,0.09,0.1429,1,0.95
2026-01,2026-01-25,SPAIN 2,Andorra,Huesca,10.5,0.9154,0.0661,0.08,0.1176,1,0.95
2026-01,2026-01-25,NETHERLANDS 1,Groningen,Sittard,15.5,0.978,0.6097,0.03,0.0909,1,0.95
2026-01,2026-01-25,CROATIA 1,Hajduk Split,Istra 1961,11.5,0.9263,0.1062,0.06,0.1053,1,0.95
2026-01,2026-01-25,GREECE 1,Aris,Levadiakos,8.8,0.9219,0.2665,0.05,0.1538,1,0.95
2026-01,2026-01-25,ITALY 1,Genoa,Bologna,9.0,0.8962,0.0209,0.05,0.1429,1,0.95
2026-01,2026-01-25,SPAIN 2,Eibar,Almeria,12.0,0.9229,0.0287,0.08,0.1053,1,0.95
2026-01,2026-01-25,GERMANY 3,VfL Osnabruck,Munich 1860,15.0,0.9412,0.0707,0.05,0.0909,1,0.95
2026-01,2026-01-25,NETHERLANDS 1,Utrecht,Sparta Rotterdam,15.5,0.9641,0.3947,0.03,0.0909,1,0.95
2026-01,2026-01-25,FRANCE 1,Metz,Lyon,13.5,0.936,0.0893,0.07,0.1,1,0.95
2026-01,2026-01-25,FRANCE 1,Paris FC,Angers,11.0,0.9263,0.1429,0.07,0.125,0,-10.0
2026-01,2026-01-25,CROATIA 1,Osijek,Din. Zagreb,14.5,0.9468,0.1808,0.06,0.0909,1,0.95
2026-01,2026-01-25,GREECE 1,Atromitos,Panathinaikos,9.2,0.9263,0.2757,0.05,0.1538,0,-8.2
2026-01,2026-01-25,SPAIN 2,Zaragoza,Castellon,14.0,0.9391,0.1004,0.08,0.1,0,-13.0
2026-01,2026-01-25,BELGIUM 1,KV Mechelen,Westerlo,17.0,0.9468,0.0477,0.07,0.0769,1,0.95
2026-01,2026-01-25,ISRAEL 1,SC Ashdod,Beitar Jerusalem,23.0,0.9725,0.3193,0.07,0.0667,1,0.95
2026-01,2026-01-25,ITALY 1,AS Roma,AC Milan,10.5,0.9254,0.1707,0.05,0.125,1,0.95
2026-01,2026-01-25,SPAIN 1,Alaves,Betis,8.8,0.9245,0.2898,0.06,0.1538,1,0.95
2026-01,2026-01-25,COLOMBIA 1,Millonarios,Junior,12.0,0.9263,0.0694,0.07,0.1176,1,0.95
2026-01,2026-01-26,CROATIA 1,Gorica,Varazdin,12.0,0.9253,0.0568,0.06,0.1176,1,0.95
2026-01,2026-01-26,SAUDI ARABIA 1,Al Hazem,Damac,11.0,0.9416,0.3106,0.05,0.1176,1,0.95
2026-01,2026-01-26,ISRAEL 1,Maccabi Tel Aviv,Hapoel Tel Aviv,16.0,0.9604,0.318,0.07,0.0769,1,0.95
2026-01,2026-01-26,FRANCE 2,Le Mans,Dunkerque,11.0,0.9396,0.2891,0.07,0.1333,1,0.95
2026-01,2026-01-26,ITALY 1,Verona,Udinese,7.8,0.9037,0.2033,0.05,0.1667,1,0.95
2026-01,2026-01-26,ENGLAND 1,Everton,Leeds,9.6,0.9204,0.1899,0.1,0.125,1,0.95
2026-01,2026-01-26,SPAIN 1,Girona,Getafe,7.2,0.9141,0.3361,0.06,0.1667,1,0.95
2026-01,2026-01-27,ENGLAND 3,Blackpool,Stockport County,14.5,0.9453,0.1592,0.04,0.1,1,0.95
2026-01,2026-01-27,ENGLAND 3,Stevenage,Peterborough,14.0,0.9381,0.0862,0.04,0.1,1,0.95
2026-01,2026-01-27,ENGLAND 3,Wycombe,Wigan,10.5,0.9301,0.2193,0.04,0.1176,1,0.95
2026-01,2026-01-27,ENGLAND 3,Doncaster,Leyton Orient,18.5,0.9556,0.1314,0.04,0.0769,1,0.95
2026-01,2026-01-27,ITALY CUP,Fiorentina,Como,17.0,0.9473,0.0561,0.07,0.0833,1,0.95
2026-01,2026-01-27,COLOMBIA 1,Fortaleza,Llaneros,7.8,0.9011,0.1838,0.07,0.1667,1,0.95
2026-01,2026-01-28,PARAGUAY 1,Libertad Asuncion,Ameliano,9.4,0.9087,0.0962,0.1,0.1429,1,0.95
2026-01,2026-01-28,BRAZIL 1,Atletico-MG,Palmeiras,10.5,0.9276,0.193,0.07,0.1333,1,0.95
2026-01,2026-01-28,BRAZIL 1,Coritiba,Bragantino,8.8,0.9332,0.3652,0.07,0.1667,1,0.95
2026-01,2026-01-28,BRAZIL 1,Internacional,Athletico-PR,11.0,0.9187,0.0598,0.07,0.125,1,0.95
2026-01,2026-01-28,BRAZIL 1,Corinthians,Bahia,12.5,0.9453,0.2694,0.07,0.0909,1,0.95
2026-01,2026-01-28,COLOMBIA 1,Dep. Pasto,Millonarios,8.2,0.8922,0.0715,0.07,0.1667,1,0.95
2026-01,2026-01-29,SAUDI ARABIA 1,Al Hazem,Al Shabab,13.5,0.9457,0.22,0.05,0.1053,1,0.95
2026-01,2026-01-29,COLOMBIA 1,Aguilas,Dep. Cali,9.2,0.8995,0.0302,0.06,0.1429,1,0.95
2026-01,2026-01-29,BRAZIL 1,Mirassol,Vasco,11.0,0.9417,0.3115,0.07,0.125,1,0.95
2026-01,2026-01-29,COLOMBIA 1,America De Cali,Once Caldas,9.6,0.9243,0.2269,0.06,0.1333,1,0.95
2026-01,2026-01-30,SAUDI ARABIA 1,Al Taawon,Al Okhdood,14.5,0.9407,0.0935,0.05,0.1,1,0.95
2026-01,2026-01-30,EGYPT 1,Al Ittihad,Haras El Hodood,7.6,0.8908,0.1254,0.12,0.1538,1,0.95
2026-01,2026-01-30,SWITZERLAND 2,Lausanne Ouchy,Vaduz,20.0,0.9767,0.4855,0.05,0.0667,1,0.95
2026-01,2026-01-30,FRANCE 2,Bastia,Nancy,9.0,0.9141,0.1815,0.08,0.1429,0,-8.0
2026-01,2026-01-30,NETHERLANDS 1,NAC Breda,Twente,13.0,0.9365,0.1271,0.03,0.1111,1,0.95
2026-01,2026-01-30,SWITZERLAND 2,Etoile-Carouge,Rapperswil-Jona,15.0,0.9486,0.182,0.05,0.1,1,0.95
2026-01,2026-01-30,SWITZERLAND 2,Yverdon,Aarau,18.0,0.9509,0.0683,0.05,0.0833,1,0.95
2026-01,2026-01-30,GERMANY 1,FC Koln,Wolfsburg,20.0,0.964,0.2318,0.07,0.0667,1,0.95
2026-01,2026-01-30,ITALY 2,Bari,Palermo,10.0,0.9141,0.0956,0.08,0.1429,1,0.95
2026-01,2026-01-30,SPAIN 2,Real Sociedad B,Las Palmas,11.5,0.9283,0.1295,0.08,0.1111,1,0.95
2026-01,2026-01-30,ITALY 1,Lazio,Genoa,7.8,0.9091,0.2457,0.05,0.1667,1,0.95
2026-01,2026-01-30,SPAIN 1,Espanyol,Alaves,8.4,0.896,0.082,0.06,0.1538,1,0.95
2026-01,2026-01-30,PERU 1,Cajamarca,Grau,10.5,0.9408,0.3318,0.06,0.125,1,0.95
2026-01,2026-01-30,PORTUGAL 1,Vitoria Guimaraes,Moreirense,10.5,0.916,0.0721,0.05,0.125,1,0.95
2026-01,2026-01-30,CHILE 1,U. De Chile,A. Italiano,16.0,0.951,0.1688,0.03,0.0909,0,-15.0
2026-01,2026-01-31,AUSTRALIA 1,Perth Glory,Auckland FC,15.5,0.9486,0.1563,0.06,0.0833,1,0.95
2026-01,2026-01-31,WOM SPAIN 1,Levante W,Madrid C. W,17.0,0.9535,0.161,0.06,0.0909,1,0.95
2026-01,2026-01-31,ENGLAND 2,Stoke,Southampton,13.5,0.9367,0.0989,0.08,0.1053,1,0.95
2026-01,2026-01-31,ENGLAND 3,AFC Wimbledon,Bolton,11.5,0.9469,0.3421,0.05,0.1053,1,0.95
2026-01,2026-01-31,GERMANY 3,Saarbrucken,VfL Osnabruck,14.5,0.9377,0.0497,0.05,0.0909,1,0.95
2026-01,2026-01-31,CROATIA 1,Gorica,Hajduk Split,11.0,0.9251,0.1301,0.06,0.1176,1,0.95
2026-01,2026-01-31,ENGLAND 3,Northampton,Reading,12.0,0.9243,0.0451,0.05,0.1176,1,0.95
2026-01,2026-01-31,ITALY 1,Pisa,Sassuolo,10.5,0.9204,0.1178,0.05,0.1333,1,0.95
2026-01,2026-01-31,BELGIUM 1,Cercle Brugge KSV,Antwerp,13.5,0.9414,0.1622,0.07,0.1,1,0.95
2026-01,2026-01-31,ENGLAND 2,Middlesbrough,Norwich,19.5,0.9631,0.2319,0.08,0.0667,1,0.95
2026-01,2026-01-31,ENGLAND 3,Leyton Orient,Port Vale,12.5,0.93,0.0782,0.05,0.1053,1,0.95
2026-01,2026-01-31,ENGLAND 3,Luton,Blackpool,15.0,0.9397,0.0483,0.05,0.1,1,0.95
2026-01,2026-01-31,ENGLAND 3,Peterborough,Huddersfield,15.0,0.9392,0.0403,0.05,0.0833,1,0.95
2026-01,2026-01-31,GREECE 1,Panetolikos,Aris,9.2,0.9312,0.3203,0.05,0.1429,1,0.95
2026-01,2026-01-31,ROMANIA 1,FC Arges,UTA Arad,7.4,0.8798,0.0667,0.08,0.1667,1,0.95
2026-01,2026-01-31,SCOTLAND 3,East Fife,Montrose,13.5,0.9329,0.0472,0.08,0.0909,1,0.95
2026-01,2026-01-31,SCOTLAND 3,Kelty Hearts,Hamilton,14.5,0.94,0.0823,0.08,0.0909,0,-13.5
2026-01,2026-01-31,SCOTLAND 4,Annan,Clyde,25.0,0.9628,0.023,0.04,0.0667,1,0.95
2026-01,2026-01-31,SCOTLAND 4,Dumbarton,Edinburgh City,19.5,0.9641,0.251,0.04,0.0667,1,0.95
2026-01,2026-01-31,SCOTLAND 4,East Kilbride,Forfar Athletic,22.0,0.9782,0.4723,0.04,0.0667,1,0.95
2026-01,2026-01-31,SCOTLAND 4,Stirling,Stranraer,19.5,0.9523,0.0229,0.04,0.0769,1,0.95
2026-01,2026-01-31,SCOTLAND 1,St. Mirren,Dundee FC,12.0,0.9267,0.0735,0.06,0.1111,0,-11.0
2026-01,2026-01-31,PORTUGAL 1,Santa Clara,Estoril,10.5,0.9408,0.3318,0.04,0.125,1,0.95
2026-01,2026-01-31,GREECE 1,Atromitos,OFI Crete,10.5,0.9199,0.1131,0.05,0.1176,1,0.95
2026-01,2026-01-31,SOUTH AFRICA 1,Orlando Pirates,Magesi,12.5,0.9291,0.0679,0.12,0.1429,1,0.95
2026-01,2026-01-31,ITALY 1,Napoli,Fiorentina,10.5,0.9187,0.1006,0.05,0.125,1,0.95
2026-01,2026-01-31,SPAIN 1,Levante,Atl. Madrid,17.0,0.9493,0.0899,0.06,0.0833,0,-16.0
2026-01,2026-01-31,NETHERLANDS 1,Zwolle,Telstar,16.5,0.9457,0.0572,0.03,0.0769,1,0.95
2026-01,2026-01-31,PORTUGAL 1,Rio Ave,Arouca,12.5,0.9434,0.2459,0.04,0.1,1,0.95
2026-01,2026-01-31,CHILE 1,U. De Concepcion,Coquimbo,15.0,0.9441,0.1137,0.04,0.0909,1,0.95
2026-01,2026-01-31,ITALY 2,Sampdoria,Spezia,8.8,0.9099,0.1618,0.08,0.1538,1,0.95
2026-01,2026-01-31,ITALY 1,Cagliari,Verona,8.6,0.9156,0.2285,0.05,0.1538,1,0.95
2026-01,2026-01-31,COLOMBIA 1,Cucuta,Fortaleza,8.8,0.9198,0.2486,0.06,0.1538,1,0.95
2026-01,2026-01-31,ARGENTINA 1,Independiente,Velez Sarsfield,7.8,0.8947,0.1343,0.15,0.1667,1,0.95
2026-01,2026-01-31,COLOMBIA 1,Chico,Santa Fe,11.0,0.9224,0.1007,0.06,0.1538,1,0.95
2026-02,2026-02-01,ITALY 1,Torino,Lecce,8.0,0.9265,0.3653,0.06,0.1667,1,0.95
2026-02,2026-02-01,CZECH 1,Slovacko,Ostrava,12.0,0.9248,0.0513,0.1,0.1111,1,0.95
2026-02,2026-02-01,BELGIUM 1,St. Liege,Anderlecht,9.6,0.9256,0.2392,0.06,0.1333,1,0.95
2026-02,2026-02-01,GERMANY 2,Hertha Berlin,Darmstadt,19.0,0.9539,0.0768,0.06,0.0667,1,0.95
2026-02,2026-02-01,GERMANY 2,SG Dynamo Dresden,Arminia Bielefeld,13.5,0.9309,0.0203,0.06,0.0909,1,0.95
2026-02,2026-02-01,GERMANY 3,Ulm,Duisburg,15.0,0.9498,0.1996,0.05,0.1,1,0.95
2026-02,2026-02-01,ITALY 3,Pro Vercelli,Novara,8.8,0.9074,0.1399,0.09,0.1538,1,0.95
2026-02,2026-02-01,ITALY 3,Juventus U23,Pineto,10.0,0.9074,0.0285,0.09,0.1333,1,0.95
2026-02,2026-02-01,NETHERLANDS 1,Heracles,Sittard,15.0,0.9425,0.0907,0.03,0.1,1,0.95
2026-02,2026-02-01,CROATIA 1,Osijek,Rijeka,10.0,0.9074,0.0285,0.06,0.125,1,0.95
2026-02,2026-02-01,ITALY 1,Como,Atalanta,12.5,0.9389,0.1899,0.06,0.1053,0,-11.5
2026-02,2026-02-01,ROMANIA 1,Farul Constanta,Univ. Craiova,10.5,0.9352,0.2729,0.08,0.1333,1,0.95
2026-02,2026-02-01,SPAIN 2,Eibar,Gijon,9.0,0.9098,0.1424,0.08,0.1429,1,0.95
2026-02,2026-02-01,GREECE 1,Panathinaikos,Kifisia,12.5,0.9308,0.0882,0.05,0.1176,1,0.95
2026-02,2026-02-01,PORTUGAL 1,Gil Vicente,Famalicao,10.0,0.9087,0.0414,0.04,0.1333,1,0.95
2026-02,2026-02-01,NETHERLANDS 1,Heerenveen,Utrecht,16.5,0.9477,0.09,0.03,0.0833,1,0.95
2026-02,2026-02-01,POLAND 1,Legia,Korona Kielce,13.0,0.9291,0.0319,0.08,0.1053,1,0.95
2026-02,2026-02-01,SPAIN 3,Lugo,Ponferradina,8.4,0.9178,0.2633,0.07,0.1538,1,0.95
2026-02,2026-02-01,SAUDI ARABIA 1,Al Fateh,Al Hazem,16.5,0.9579,0.2577,0.05,0.0833,1,0.95
2026-02,2026-02-01,BELGIUM 1,Leuven,KV Mechelen,14.0,0.9438,0.1656,0.06,0.0909,1,0.95
2026-02,2026-02-01,COLOMBIA 1,Bucaramanga,Alianza,11.0,0.9338,0.2246,0.06,0.1429,1,0.95
2026-02,2026-02-01,NETHERLANDS 1,FC Volendam,G.A. Eagles,18.0,0.9538,0.1214,0.03,0.0833,1,0.95
2026-02,2026-02-01,SPAIN 1,Ath Bilbao,Real Sociedad,10.0,0.9327,0.2805,0.06,0.1111,1,0.95
2026-02,2026-02-01,SPAIN 2,Granada CF,Racing Santander,12.5,0.9437,0.2495,0.08,0.1053,1,0.95
2026-02,2026-02-01,CHILE CUP,San Felipe,S. Wanderers,9.6,0.904,0.0335,0.12,0.1053,1,0.95
2026-02,2026-02-01,CHILE 1,La Serena,U. Catolica,11.5,0.9296,0.1442,0.04,0.1111,1,0.95
2026-02,2026-02-01,COLOMBIA 1,Dep. Cali,Dep. Pasto,9.4,0.9163,0.1674,0.06,0.1429,1,0.95
2026-02,2026-02-01,PERU 1,U. de Deportes,AD Tarma,18.5,0.9531,0.0847,0.06,0.0833,1,0.95
2026-02,2026-02-01,CHILE 1,Palestino,Nublense,11.0,0.9188,0.0614,0.04,0.125,1,0.95
2026-02,2026-02-01,ARGENTINA 1,Rosario Central,River Plate,8.0,0.8946,0.1118,0.15,0.1667,0,-7.0
2026-02,2026-02-01,COLOMBIA 1,Llaneros,Aguilas,8.4,0.9019,0.131,0.06,0.1538,1,0.95
2026-02,2026-02-02,ROMANIA 1,FC Botosani,Otelul,9.6,0.9232,0.2162,0.08,0.1333,0,-8.6
2026-02,2026-02-02,ISRAEL 1,Kiryat Shmona,Maccabi Tel Aviv,21.0,0.9711,0.344,0.07,0.0667,1,0.95
2026-02,2026-02-02,ITALY 3,Renate,Alcione Milano,8.6,0.9096,0.1768,0.09,0.1429,1,0.95
2026-02,2026-02-02,SPAIN 2,Mirandes,Malaga,9.8,0.9208,0.1773,0.08,0.1333,1,0.95
2026-02,2026-02-02,ITALY 1,Udinese,AS Roma,8.6,0.9061,0.1469,0.06,0.1538,1,0.95
2026-02,2026-02-02,CHILE 1,Everton,Union La Calera,11.0,0.9499,0.4012,0.03,0.125,1,0.95
2026-02,2026-02-03,SLOVENIA 1,Koper,Primorje,30.0,0.9765,0.2465,0.04,0.0667,1,0.95
2026-02,2026-02-03,SAUDI ARABIA 1,Al Ettifaq,Al Taawon,16.0,0.9422,0.0288,0.07,0.0909,1,0.95
2026-02,2026-02-03,EGYPT 1,National Bank Egypt,Al Ahly,8.8,0.9163,0.2176,0.12,0.1429,1,0.95
2026-02,2026-02-03,ENGLAND 3,Port Vale,AFC Wimbledon,9.0,0.9002,0.0572,0.05,0.1538,1,0.95
2026-02,2026-02-03,POLAND 1,Piast Gliwice,Lech Poznan,14.0,0.9335,0.0224,0.08,0.0909,1,0.95
2026-02,2026-02-03,ENGLAND 3,Burton,Doncaster,13.5,0.9339,0.0605,0.05,0.1,1,0.95
2026-02,2026-02-03,ENGLAND 5,Rochdale,Boreham Wood,16.0,0.9565,0.2564,0.05,0.0769,1,0.95
2026-02,2026-02-03,ITALY 1,Bologna,AC Milan,11.0,0.9365,0.2545,0.06,0.125,1,0.95
2026-02,2026-02-03,ENGLAND CUP,Arsenal,Chelsea,18.0,0.96,0.2322,0.02,0.0833,1,0.95
2026-02,2026-02-03,SCOTLAND 1,St. Mirren,Hearts,11.0,0.9317,0.2026,0.07,0.1429,1,0.95
2026-02,2026-02-04,ROMANIA 1,Metaloglobus Bucharest,Csikszereda M. Ciuc,11.0,0.917,0.0413,0.08,0.125,1,0.95
2026-02,2026-02-04,EGYPT 1,Smouha,Pyramids,7.4,0.8926,0.1605,0.11,0.1538,1,0.95
2026-02,2026-02-04,GREECE 1,Asteras Tripolis,Olympiacos Piraeus,16.5,0.9457,0.057,0.05,0.1,1,0.95
2026-02,2026-02-04,CYPRUS 1,Pafos,APOEL,12.0,0.9285,0.0961,0.06,0.1333,1,0.95
2026-02,2026-02-04,SPAIN CUP,Alaves,Real Sociedad,10.0,0.936,0.3135,0.0,0.125,1,0.95
2026-02,2026-02-05,ROMANIA 1,FCSB,FC Botosani,13.5,0.9339,0.0613,0.08,0.1,1,0.95
2026-02,2026-02-05,ITALY CUP,Atalanta,Juventus,12.5,0.9364,0.1584,0.06,0.1176,1,0.95
2026-02,2026-02-05,BRAZIL 1,Bahia,Fluminense,11.0,0.9265,0.1446,0.06,0.1111,1,0.95
2026-02,2026-02-05,BRAZIL 1,Vasco,Chapecoense-SC,14.0,0.9394,0.1039,0.06,0.0909,1,0.95
2026-02,2026-02-05,BRAZIL 1,Cruzeiro,Coritiba,12.5,0.9332,0.1178,0.06,0.1176,1,0.95
2026-02,2026-02-06,CROATIA 1,Lok. Zagreb,Gorica,12.0,0.932,0.1377,0.06,0.1176,1,0.95
2026-02,2026-02-06,POLAND 2,Odra Opole,Pogon Siedlce,13.5,0.9381,0.118,0.04,0.1176,1,0.95
2026-02,2026-02-06,FRANCE 3,Rouen,Valenciennes,10.0,0.9072,0.0269,0.12,0.1429,1,0.95
2026-02,2026-02-06,NETHERLANDS 1,NAC Breda,Excelsior,14.5,0.972,0.5457,0.03,0.0909,1,0.95
2026-02,2026-02-06,ITALY 3,Latina,Cavese,9.0,0.9048,0.0982,0.09,0.1667,0,-8.0
2026-02,2026-02-06,SPAIN 2,Leganes,Granada CF,8.8,0.9074,0.1399,0.08,0.1538,1,0.95
2026-02,2026-02-06,PORTUGAL 2,Chaves,Penafiel,11.5,0.921,0.046,0.09,0.125,1,0.95
2026-02,2026-02-06,PARAGUAY 1,San Lorenzo,Recoleta,9.4,0.9096,0.1045,0.08,0.1429,1,0.95
2026-02,2026-02-06,PARAGUAY 1,Sp. Luqueno,Ameliano,9.0,0.8988,0.0442,0.08,0.1429,1,0.95
2026-02,2026-02-07,AUSTRALIA 1,Brisbane Roar,Central Coast Mariners,15.5,0.9438,0.0813,0.06,0.0769,1,0.95
2026-02,2026-02-07,AUSTRALIA 1,WS Wanderers,Melbourne City,14.0,0.9473,0.2148,0.06,0.0833,1,0.95
2026-02,2026-02-07,FRANCE 2,Le Mans,Laval,7.6,0.9218,0.3595,0.09,0.1667,1,0.95
2026-02,2026-02-07,ITALY 2,Carrarese,Sudtirol,10.5,0.9253,0.1699,0.07,0.125,0,-9.5
2026-02,2026-02-07,ITALY 2,Modena,Sampdoria,10.5,0.922,0.1347,0.07,0.1333,1,0.95
2026-02,2026-02-07,PORTUGAL 2,Maritimo,SC Farense,12.0,0.9235,0.0363,0.09,0.1176,1,0.95
2026-02,2026-02-07,SAUDI ARABIA 1,Al Kholood,Al Shabab,16.0,0.9658,0.4037,0.06,0.0833,1,0.95
2026-02,2026-02-07,SLOVENIA 1,Primorje,Bravo,16.5,0.9458,0.0582,0.04,0.0909,1,0.95
2026-02,2026-02-07,GERMANY 1,Freiburg,Werder Bremen,13.5,0.9353,0.0796,0.06,0.1,1,0.95
2026-02,2026-02-07,GERMANY 1,Heidenheim,Hamburger SV,14.5,0.9504,0.2326,0.06,0.0909,1,0.95
2026-02,2026-02-07,GERMANY 1,Mainz,Augsburg,15.5,0.9473,0.1351,0.06,0.0833,1,0.95
2026-02,2026-02-07,GERMANY 1,St. Pauli,Stuttgart,16.0,0.9516,0.1784,0.06,0.0909,1,0.95
2026-02,2026-02-07,SLOVAKIA 1,Trencin,Podbrezova,19.5,0.9539,0.0537,0.06,0.0833,1,0.95
2026-02,2026-02-07,BELGIUM 1,Waregem,Dender,15.0,0.9412,0.0704,0.06,0.1053,1,0.95
2026-02,2026-02-07,CHILE 1,Coquimbo,Palestino,11.0,0.9259,0.1391,0.03,0.1333,1,0.95
2026-02,2026-02-07,ENGLAND 5,Boston Utd,Sutton,15.5,0.9404,0.0298,0.05,0.0833,1,0.95
2026-02,2026-02-07,ENGLAND 5,Tamworth,Hartlepool,13.5,0.9339,0.0613,0.05,0.1,1,0.95
2026-02,2026-02-07,ENGLAND 1,Burnley,West Ham,17.0,0.968,0.4068,0.09,0.0769,1,0.95
2026-02,2026-02-07,SCOTLAND 3,Cove Rangers,Queen of South,14.5,0.9458,0.1661,0.08,0.0909,1,0.95
2026-02,2026-02-07,SCOTLAND 4,Forfar Athletic,Dumbarton,16.0,0.9539,0.215,0.03,0.0833,1,0.95
2026-02,2026-02-07,ENGLAND 3,AFC Wimbledon,Reading,11.5,0.9381,0.2417,0.06,0.1176,1,0.95
2026-02,2026-02-07,ENGLAND 3,Northampton,Stevenage,8.8,0.9201,0.2506,0.06,0.1538,1,0.95
2026-02,2026-02-07,ENGLAND 3,Wycombe,Doncaster,14.5,0.9377,0.0503,0.06,0.0909,1,0.95
2026-02,2026-02-07,ISRAEL 1,Hapoel Jerusalem,Maccabi Haifa,17.0,0.9472,0.0551,0.06,0.0833,1,0.95
2026-02,2026-02-07,PORTUGAL 1,Moreirense,Gil Vicente,8.6,0.9045,0.1333,0.05,0.1538,1,0.95
2026-02,2026-02-07,SAUDI ARABIA 1,Al Taawon,Al Khaleej,16.5,0.9463,0.0663,0.06,0.0833,1,0.95
2026-02,2026-02-07,AUSTRIA 1,SK Rapid,Hartberg,13.0,0.9411,0.1869,0.05,0.1053,1,0.95
2026-02,2026-02-07,GREECE 1,Asteras Tripolis,Volos,12.0,0.9237,0.0385,0.05,0.125,1,0.95
2026-02,2026-02-07,TURKEY 2,Pendikspor,Amedspor,14.5,0.9425,0.119,0.06,0.0909,1,0.95
2026-02,2026-02-07,ISRAEL 1,Sakhnin,Hapoel Petah Tikva,12.0,0.9292,0.1035,0.06,0.1176,1,0.95
2026-02,2026-02-07,SLOVAKIA 1,Dun. Streda,Slovan Bratislava,18.0,0.9539,0.1228,0.06,0.0909,1,0.95
2026-02,2026-02-07,SWITZERLAND 1,Sion,Luzern,17.5,0.9477,0.0378,0.06,0.0769,0,-16.5
2026-02,2026-02-07,ENGLAND 5,Eastleigh,Wealdstone,14.0,0.9488,0.2361,0.05,0.1,1,0.95
2026-02,2026-02-07,NETHERLANDS 1,Zwolle,FC Volendam,22.0,0.9755,0.4114,0.03,0.0667,1,0.95
2026-02,2026-02-07,GREECE 1,Kifisia,Atromitos,10.0,0.9412,0.3646,0.05,0.1333,1,0.95
2026-02,2026-02-07,PORTUGAL 2,Leixoes,Feirense,9.8,0.9089,0.0615,0.09,0.1333,1,0.95
2026-02,2026-02-07,BELGIUM 1,Gent,Leuven,15.0,0.9394,0.044,0.06,0.0833,1,0.95
2026-02,2026-02-07,NETHERLANDS 1,Sittard,Sparta Rotterdam,18.0,0.9868,0.7128,0.03,0.0769,1,0.95
2026-02,2026-02-07,PERU 1,Grau,Sport Huancayo,9.2,0.9205,0.2226,0.06,0.1538,0,-8.2
2026-02,2026-02-07,PORTUGAL 1,Arouca,Vitoria Guimaraes,11.5,0.9309,0.1585,0.05,0.1176,1,0.95
2026-02,2026-02-07,CHILE CUP,Deportes Temuco,D. Puerto Montt,10.0,0.9232,0.1854,0.11,0.0909,1,0.95
2026-02,2026-02-07,CHILE 1,O'Higgins,La Serena,15.5,0.9439,0.0833,0.03,0.0909,1,0.95
2026-02,2026-02-07,COLOMBIA 1,Fortaleza,Santa Fe,8.0,0.8961,0.1241,0.09,0.1538,1,0.95
2026-02,2026-02-07,CHILE 1,Colo Colo,Everton,13.5,0.9311,0.0228,0.03,0.1053,1,0.95
2026-02,2026-02-07,PERU 1,Cusco,U. de Deportes,9.4,0.918,0.1828,0.06,0.1333,1,0.95
2026-02,2026-02-08,SPAIN 4,Alaves B,Mutilvera,5.3,0.9096,0.4752,0.08,0.1333,1,0.95
2026-02,2026-02-08,WOM SPAIN 1,Levante W,Atl. Madrid W,22.0,0.9721,0.3376,0.05,0.0667,1,0.95
2026-02,2026-02-08,NETHERLANDS 1,Utrecht,Feyenoord,16.5,0.9501,0.1293,0.03,0.0909,1,0.95
2026-02,2026-02-08,ITALY 1,Bologna,Parma,13.5,0.9473,0.2406,0.07,0.1,1,0.95
2026-02,2026-02-08,ITALY 3,Torres,Juventus U23,10.0,0.9114,0.0681,0.09,0.1538,1,0.95
2026-02,2026-02-08,GERMANY 2,Arminia Bielefeld,Braunschweig,14.0,0.9338,0.0266,0.06,0.0909,1,0.95
2026-02,2026-02-08,DENMARK 1,Silkeborg,Viborg,23.0,0.9605,0.0441,0.05,0.0667,1,0.95
2026-02,2026-02-08,AUSTRIA 1,Wolfsberger AC,Grazer AK,11.0,0.9408,0.3016,0.05,0.1176,1,0.95
2026-02,2026-02-08,NETHERLANDS 2,Willem II,Waalwijk,21.0,0.96,0.1122,0.06,0.0667,1,0.95
2026-02,2026-02-08,NETHERLANDS 1,AZ Alkmaar,Ajax,23.0,0.9595,0.0208,0.03,0.0667,1,0.95
2026-02,2026-02-08,POLAND 2,Ruch Chorzow,Slask Wroclaw,18.0,0.9534,0.1135,0.04,0.0769,1,0.95
2026-02,2026-02-08,CYPRUS 1,APOEL,AEK Larnaca,10.5,0.9277,0.1945,0.05,0.1429,1,0.95
2026-02,2026-02-08,ENGLAND 1,Brighton,Crystal Palace,13.5,0.9385,0.1228,0.09,0.1,1,0.95
2026-02,2026-02-08,WOM ITALY 1,Napoli W,Ternana W,10.5,0.9422,0.3464,0.05,0.1053,1,0.95
2026-02,2026-02-08,CZECH 1,Bohemians,FK Pardubice,14.0,0.9352,0.0467,0.1,0.0909,1,0.95
2026-02,2026-02-08,CHILE 1,Huachipato,U. De Chile,15.0,0.9432,0.1002,0.03,0.1053,1,0.95
2026-02,2026-02-08,GREECE 1,OFI Crete,Levadiakos,11.0,0.9226,0.1023,0.06,0.125,1,0.95
2026-02,2026-02-08,SPAIN 1,Ath Bilbao,Levante,14.5,0.9506,0.2358,0.05,0.0909,1,0.95
2026-02,2026-02-08,AUSTRIA 1,Sturm Graz,Ried,12.0,0.9368,0.1945,0.05,0.1111,1,0.95
2026-02,2026-02-08,CYPRUS 1,Pafos,Omonia,13.5,0.9379,0.1147,0.05,0.1176,1,0.95
2026-02,2026-02-08,DENMARK 1,Brondby,Randers FC,16.0,0.9562,0.2521,0.05,0.0909,0,-15.0
2026-02,2026-02-08,CZECH 1,Plzen,Liberec,15.5,0.9432,0.0729,0.1,0.0909,1,0.95
2026-02,2026-02-08,BELGIUM 1,KV Mechelen,Antwerp,12.5,0.9397,0.1994,0.06,0.1053,1,0.95
2026-02,2026-02-08,SPAIN 1,Valencia,Real Madrid,22.0,0.96,0.0723,0.05,0.0667,1,0.95
2026-02,2026-02-08,CHILE CUP,Rangers,Curico Unido,9.6,0.9291,0.2729,0.12,0.0909,1,0.95
2026-02,2026-02-08,CHILE 1,Nublense,Limache,12.5,0.947,0.2896,0.03,0.1053,1,0.95
2026-02,2026-02-08,PARAGUAY 1,Libertad Asuncion,Guarani,11.0,0.9437,0.3339,0.09,0.125,1,0.95
2026-02,2026-02-09,POLAND 1,Piast Gliwice,Wisla Plock,9.6,0.9188,0.1749,0.07,0.125,1,0.95
2026-02,2026-02-09,PORTUGAL 2,Portimonense,Benfica B,13.5,0.9352,0.0785,0.09,0.0909,1,0.95
2026-02,2026-02-09,FRANCE 2,Amiens,Clermont,11.5,0.9388,0.2496,0.09,0.1053,1,0.95
2026-02,2026-02-09,CHILE 1,Union La Calera,Cobresal,13.0,0.9666,0.5173,0.03,0.1,1,0.95
2026-02,2026-02-10,ITALY 2,Sampdoria,Palermo,9.0,0.9123,0.1652,0.07,0.1538,1,0.95
2026-02,2026-02-10,ITALY 3,Casertana,Crotone,8.4,0.8943,0.0675,0.09,0.1538,1,0.95
2026-02,2026-02-10,ENGLAND 3,Mansfield,Peterborough,18.5,0.9534,0.0903,0.06,0.0833,1,0.95
2026-02,2026-02-10,ENGLAND 5,Altrincham,Wealdstone,20.0,0.9534,0.0203,0.05,0.0667,1,0.95
2026-02,2026-02-10,GERMANY CUP,Hertha Berlin,Freiburg,14.5,0.9539,0.2841,0.02,0.0909,1,0.95
2026-02,2026-02-10,SCOTLAND 4,Clyde,Elgin City,26.0,0.9732,0.2537,0.04,0.0667,1,0.95
2026-02,2026-02-10,ITALY CUP,Napoli,Como,9.8,0.9307,0.2739,0.06,0.1538,1,0.95
2026-02,2026-02-11,ITALY 3,Novara,AlbinoLeffe,10.0,0.9186,0.1403,0.09,0.1111,1,0.95
2026-02,2026-02-11,ITALY 2,Bari,Spezia,8.6,0.8928,0.0336,0.09,0.1667,0,-7.6
2026-02,2026-02-11,ENGLAND 5,Sutton,Braintree,21.0,0.96,0.1122,0.05,0.0667,1,0.95
2026-02,2026-02-11,SCOTLAND 1,Falkirk,Dundee FC,13.0,0.9385,0.1535,0.07,0.1053,1,0.95
2026-02,2026-02-11,ITALY CUP,Bologna,Lazio,9.8,0.935,0.3159,0.06,0.125,1,0.95
2026-02,2026-02-11,NETHERLANDS 1,Nijmegen,Utrecht,19.5,0.9627,0.2243,0.03,0.0667,1,0.95
2026-02,2026-02-11,SCOTLAND 1,Motherwell,Rangers,14.5,0.9397,0.0788,0.07,0.0833,1,0.95
2026-02,2026-02-11,BRAZIL 1,Chapecoense-SC,Coritiba,9.6,0.918,0.1664,0.05,0.1176,1,0.95
2026-02,2026-02-11,BRAZIL 1,Mirassol,Cruzeiro,10.5,0.9327,0.2466,0.05,0.125,1,0.95
2026-02,2026-02-11,BRAZIL 1,Atletico-MG,Remo,16.0,0.9473,0.1088,0.05,0.0833,1,0.95
2026-02,2026-02-11,BRAZIL 1,Sao Paulo,Gremio,11.5,0.9192,0.0245,0.05,0.1176,1,0.95
2026-02,2026-02-12,SAUDI ARABIA 1,Damac,Al Taawon,12.5,0.9438,0.25,0.05,0.1111,1,0.95
2026-02,2026-02-12,SAUDI ARABIA 1,Al Hazem,Al Okhdood,15.5,0.9534,0.2293,0.05,0.0833,1,0.95
2026-02,2026-02-12,SWITZERLAND 1,Sion,Basel,16.0,0.9539,0.215,0.05,0.0909,1,0.95
2026-02,2026-02-12,ENGLAND 1,Brentford,Arsenal,15.0,0.9473,0.162,0.1,0.0909,1,0.95
2026-02,2026-02-12,BRAZIL 1,Athletico-PR,Santos,11.0,0.9286,0.1678,0.04,0.125,1,0.95
2026-02,2026-02-12,BRAZIL 1,Corinthians,Bragantino,10.5,0.9379,0.3014,0.04,0.1333,1,0.95
2026-02,2026-02-12,BRAZIL 1,Internacional,Palmeiras,13.5,0.9473,0.2406,0.04,0.0909,1,0.95
2026-02,2026-02-13,SAUDI ARABIA 1,Al Shabab,Al Ahli SC,15.5,0.9498,0.175,0.05,0.0909,1,0.95
2026-02,2026-02-13,TURKEY 2,Corum,Istanbulspor AS,19.5,0.9533,0.042,0.07,0.0667,1,0.95
2026-02,2026-02-13,DENMARK 1,Randers FC,Vejle,14.0,0.9534,0.2995,0.06,0.1,1,0.95
2026-02,2026-02-13,PORTUGAL 1,Santa Clara,Benfica,12.5,0.9472,0.2932,0.06,0.125,1,0.95
2026-02,2026-02-13,SWITZERLAND 2,Wil,Rapperswil-Jona,14.0,0.9487,0.2339,0.06,0.0909,1,0.95
2026-02,2026-02-13,FRANCE 2,Clermont,Rodez,13.0,0.9394,0.1646,0.08,0.0909,1,0.95
2026-02,2026-02-13,FRANCE 2,Laval,Annecy,7.8,0.8895,0.0934,0.08,0.1667,1,0.95
2026-02,2026-02-13,BELGIUM 1,KV Mechelen,Genk,16.5,0.9437,0.0245,0.06,0.0833,1,0.95
2026-02,2026-02-13,IRELAND 2,UC Dublin,Kerry,12.0,0.9292,0.1035,0.06,0.1176,1,0.95
2026-02,2026-02-13,SPAIN 1,Elche,Osasuna,12.0,0.9432,0.2716,0.05,0.1111,0,-11.0
2026-02,2026-02-13,PORTUGAL 1,Tondela,Alverca,8.6,0.9457,0.4858,0.06,0.1538,1,0.95
2026-02,2026-02-13,CHILE 1,Everton,Huachipato,12.0,0.9438,0.2781,0.03,0.1111,1,0.95
2026-02,2026-02-13,CHILE 1,Palestino,U. De Chile,11.0,0.9333,0.2198,0.03,0.1176,0,-10.0
2026-02,2026-02-14,PORTUGAL 2,Feirense,Chaves,9.0,0.9175,0.2118,0.08,0.1429,1,0.95
2026-02,2026-02-14,WOM SPAIN 1,Granada CF W,Levante W,8.8,0.9498,0.5111,0.05,0.1053,1,0.95
2026-02,2026-02-14,SERBIA 1,Napredak,Radnicki Nis,11.5,0.9256,0.0977,0.09,0.1111,1,0.95
2026-02,2026-02-14,ENGLAND 3,Reading,Wycombe,13.0,0.9308,0.0536,0.07,0.1,1,0.95
2026-02,2026-02-14,GREECE 2,Iraklis 1908,Asteras Tripolis B,8.8,0.9226,0.2731,0.06,0.1053,1,0.95
2026-02,2026-02-14,GREECE 2,Kampaniakos,Chrisoupolis,8.8,0.9264,0.3064,0.06,0.1333,0,-7.8
2026-02,2026-02-14,SPAIN 1,Espanyol,Celta Vigo,9.2,0.9196,0.2142,0.06,0.1429,1,0.95
2026-02,2026-02-14,POLAND 1,Cracovia,Jagiellonia,11.0,0.9231,0.1078,0.09,0.1176,0,-10.0
2026-02,2026-02-14,SAUDI ARABIA 1,Al Riyadh,Al Khaleej,16.0,0.9658,0.4037,0.05,0.0833,1,0.95
2026-02,2026-02-14,CYPRUS 1,Chloraka,Aris,9.0,0.9473,0.478,0.05,0.0769,1,0.95
2026-02,2026-02-14,ITALY 1,Como,Fiorentina,18.0,0.9506,0.064,0.07,0.0667,1,0.95
2026-02,2026-02-14,BELGIUM 1,Leuven,Dender,12.0,0.9332,0.1515,0.06,0.1053,1,0.95
2026-02,2026-02-14,CHILE 1,La Serena,Coquimbo,10.5,0.9155,0.0673,0.04,0.1429,1,0.95
2026-02,2026-02-14,ENGLAND CUP,Norwich,West Brom,15.5,0.971,0.502,0.02,0.0909,1,0.95
2026-02,2026-02-14,ENGLAND CUP,Southampton,Leicester,18.5,0.9747,0.4837,0.02,0.0667,1,0.95
2026-02,2026-02-14,ENGLAND 5,Braintree,Solihull Moors,21.0,0.9599,0.1092,0.05,0.0667,0,-20.0
2026-02,2026-02-14,ENGLAND 5,Eastleigh,Boreham Wood,20.0,0.9594,0.1406,0.05,0.0667,1,0.95
2026-02,2026-02-14,SCOTLAND 3,East Fife,Cove Rangers,15.0,0.9411,0.0695,0.08,0.0909,1,0.95
2026-02,2026-02-14,SCOTLAND 3,Kelty Hearts,Peterhead,11.5,0.9188,0.0206,0.08,0.1176,1,0.95
2026-02,2026-02-14,SCOTLAND 3,Queen of South,Alloa,16.5,0.9437,0.0245,0.08,0.0833,1,0.95
2026-02,2026-02-14,SCOTLAND 4,Spartans,Edinburgh City,20.0,0.9539,0.0307,0.04,0.0769,0,-19.0
2026-02,2026-02-14,SCOTLAND 1,Dundee FC,Livingston,13.5,0.9364,0.0946,0.07,0.0909,1,0.95
2026-02,2026-02-14,SPAIN 2,Burgos CF,Cadiz CF,7.0,0.8886,0.1761,0.09,0.1667,1,0.95
2026-02,2026-02-14,ISRAEL 1,Kiryat Shmona,Ironi Tiberias,15.5,0.9516,0.2026,0.05,0.1,1,0.95
2026-02,2026-02-14,NETHERLANDS 1,Heracles,NAC Breda,15.0,0.9489,0.1865,0.02,0.1,1,0.95
2026-02,2026-02-14,PORTUGAL 2,SC Farense,Leixoes,9.6,0.9215,0.2008,0.08,0.1333,1,0.95
2026-02,2026-02-14,PORTUGAL 1,Casa Pia,Arouca,10.5,0.9342,0.2621,0.06,0.1176,1,0.95
2026-02,2026-02-14,SPAIN 4,Beasain,Alaves B,8.6,0.9017,0.11,0.08,0.1667,0,-7.6
2026-02,2026-02-14,SAUDI ARABIA 1,Al Najma,Al Kholood,16.0,0.949,0.1366,0.05,0.0769,1,0.95
2026-02,2026-02-14,AUSTRIA 1,Hartberg,Altach,9.2,0.9238,0.2528,0.06,0.1429,0,-8.2
2026-02,2026-02-14,AUSTRIA 1,Tirol,Sturm Graz,11.5,0.9256,0.0977,0.06,0.1111,1,0.95
2026-02,2026-02-14,POLAND 1,Zaglebie,Rakow,10.5,0.9165,0.0774,0.09,0.125,0,-9.5
2026-02,2026-02-14,CYPRUS 1,AEK Larnaca,Apollon,12.0,0.9312,0.1278,0.05,0.1333,1,0.95
2026-02,2026-02-14,BELGIUM 1,Charleroi,Gent,15.0,0.9385,0.0305,0.06,0.0909,1,0.95
2026-02,2026-02-14,SPAIN 1,Sevilla,Alaves,8.6,0.9079,0.1628,0.06,0.1667,1,0.95
2026-02,2026-02-14,NETHERLANDS 1,Excelsior,AZ Alkmaar,17.0,0.9473,0.0566,0.02,0.0833,1,0.95
2026-02,2026-02-14,GREECE 1,Volos,Aris,9.0,0.917,0.2068,0.07,0.1538,1,0.95
2026-02,2026-02-14,PERU 1,Deportivo Garcilaso,AD Tarma,12.5,0.9353,0.1448,0.05,0.1111,1,0.95
2026-02,2026-02-14,PORTUGAL 2,Benfica B,Felgueiras,12.0,0.9292,0.1035,0.08,0.1111,1,0.95
2026-02,2026-02-14,POLAND 2,LKS Lodz,Chrobry Glogow,12.0,0.9278,0.0878,0.04,0.1111,1,0.95
2026-02,2026-02-14,COLOMBIA 2,Patriotas,Bogota,7.2,0.9053,0.2732,0.1,0.1429,1,0.95
2026-02,2026-02-14,FRANCE 2,Guingamp,St Etienne,15.0,0.9425,0.0907,0.09,0.0769,1,0.95
2026-02,2026-02-14,POLAND 1,Wisla Plock,Widzew Lodz,10.0,0.9186,0.1399,0.09,0.125,1,0.95
2026-02,2026-02-14,NETHERLANDS 1,Groningen,Utrecht,12.5,0.9353,0.1442,0.02,0.1111,1,0.95
2026-02,2026-02-14,ARGENTINA 1,Banfield,Racing Club,9.4,0.9119,0.1263,0.14,0.1429,1,0.95
2026-02,2026-02-14,PORTUGAL 1,Gil Vicente,Braga,9.6,0.9056,0.0485,0.06,0.1333,1,0.95
2026-02,2026-02-14,ARGENTINA 2,Agropecuario,Deportivo Maipu,7.8,0.8904,0.1003,0.16,0.1667,1,0.95
2026-02,2026-02-14,CHILE 1,Limache,O'Higgins,14.5,0.9534,0.2766,0.04,0.0909,1,0.95
2026-02,2026-02-14,PERU 1,Sport Boys,Grau,9.2,0.9319,0.327,0.05,0.1538,1,0.95
2026-02,2026-02-14,VENEZUELA 1,Puerto Cabello,Zamora,10.5,0.9247,0.1628,0.1,0.1667,1,0.95
2026-02,2026-02-14,MEXICO 1,Juarez,Necaxa,10.5,0.9277,0.1947,0.1,0.1,1,0.95
2026-02,2026-02-15,WOM ITALY 1,Parma W,Inter W,8.0,0.9497,0.55,0.06,0.0851,1,0.95
2026-02,2026-02-15,ITALY 3,Triestina,Novara,10.5,0.9162,0.0741,0.07,0.1333,1,0.95
2026-02,2026-02-15,ENGLAND CUP,Birmingham,Leeds,16.0,0.9747,0.5469,0.02,0.0833,1,0.95
2026-02,2026-02-15,ROMANIA 1,UTA Arad,FC Botosani,9.8,0.9164,0.1352,0.07,0.125,1,0.95
2026-02,2026-02-15,CYPRUS 1,Ol. Nicosia,Omonia Aradippou,9.6,0.9254,0.2373,0.06,0.1429,0,-8.6
2026-02,2026-02-15,GREECE 2,Ilioupoli,Panargiakos,11.0,0.9269,0.1495,0.06,0.1333,1,0.95
2026-02,2026-02-15,ITALY 4,Poggibonsi,Foligno,9.6,0.9312,0.2932,0.07,0.1,1,0.95
2026-02,2026-02-15,ENGLAND CUP,Oxford Utd,Sunderland,13.5,0.9502,0.2798,0.02,0.1053,1,0.95
2026-02,2026-02-15,ENGLAND CUP,Stoke,Fulham,17.0,0.9605,0.2809,0.02,0.0833,1,0.95
2026-02,2026-02-15,ITALY 1,Parma,Verona,8.0,0.8873,0.0538,0.08,0.1538,1,0.95
2026-02,2026-02-15,ITALY 2,Bari,Sudtirol,8.6,0.8959,0.0596,0.08,0.1538,1,0.95
2026-02,2026-02-15,ITALY 2,Spezia,Frosinone,13.0,0.9383,0.1504,0.08,0.0833,1,0.95
2026-02,2026-02-15,GERMANY 1,Augsburg,Heidenheim,17.0,0.946,0.0341,0.06,0.0667,1,0.95
2026-02,2026-02-15,SCOTLAND 1,Motherwell,Aberdeen,18.0,0.9534,0.1135,0.07,0.0714,1,0.95
2026-02,2026-02-15,PORTUGAL 3,Amora,Covilha,9.6,0.9116,0.1054,0.1,0.1429,1,0.95
2026-02,2026-02-15,GREECE 1,Kifisia,OFI Crete,12.5,0.938,0.178,0.08,0.1,1,0.95
2026-02,2026-02-15,PORTUGAL 1,Nacional,FC Porto,16.0,0.9478,0.1176,0.06,0.0909,1,0.95
2026-02,2026-02-15,SWITZERLAND 1,Basel,Lugano,19.5,0.9596,0.1638,0.06,0.0667,1,0.95
2026-02,2026-02-15,SWITZERLAND 1,Lausanne,Servette,15.5,0.9425,0.062,0.06,0.0909,1,0.95
2026-02,2026-02-15,ITALY 2,Empoli,Reggiana,9.6,0.9066,0.0584,0.08,0.1333,1,0.95
2026-02,2026-02-15,ITALY 3,Lumezzane,Giana Erminio,8.2,0.9048,0.1743,0.07,0.1538,1,0.95
2026-02,2026-02-15,ITALY 3,Perugia,Carpi,12.0,0.9353,0.1767,0.07,0.1429,1,0.95
2026-02,2026-02-15,ITALY 3,Pontedera,Gubbio,8.6,0.9134,0.2098,0.07,0.1667,1,0.95
2026-02,2026-02-15,CYPRUS 1,AEL Limassol,Pafos,13.0,0.9367,0.1307,0.06,0.1176,1,0.95
2026-02,2026-02-15,DENMARK 1,Viborg,Brondby,17.0,0.9472,0.0557,0.05,0.0769,1,0.95
2026-02,2026-02-15,SPAIN 1,Levante,Valencia,11.5,0.9338,0.1915,0.06,0.1176,1,0.95
2026-02,2026-02-15,ITALY 3,Potenza,Altamura,9.4,0.9099,0.1078,0.07,0.1538,1,0.95
2026-02,2026-02-15,PERU 1,Comerciantes Unidos,Los Chankas,11.5,0.9408,0.272,0.05,0.1053,1,0.95
2026-02,2026-02-15,CHILE 1,Nublense,A. Italiano,12.0,0.9408,0.2424,0.04,0.1053,1,0.95
2026-02,2026-02-15,CHILE 1,Colo Colo,Union La Calera,16.0,0.9477,0.1163,0.04,0.0909,1,0.95
2026-02,2026-02-15,COLOMBIA 1,Fortaleza,Chico,8.4,0.8985,0.1021,0.1,0.1667,1,0.95
2026-02,2026-02-16,ITALY 3,Pineto,Ternana,8.6,0.9052,0.1394,0.06,0.1667,1,0.95
2026-02,2026-02-16,ITALY 3,Vis Pesaro,Campobasso,9.8,0.9239,0.2079,0.06,0.1429,1,0.95
2026-02,2026-02-16,PORTUGAL 1,Rio Ave,Moreirense,11.0,0.9308,0.192,0.06,0.125,1,0.95
2026-02,2026-02-17,TURKEY 2,Istanbulspor AS,Erokspor,18.0,0.96,0.2316,0.07,0.0667,1,0.95
2026-02,2026-02-17,ENGLAND 3,Bradford City,Stockport County,11.5,0.9257,0.0992,0.06,0.1176,1,0.95
2026-02,2026-02-17,ENGLAND 3,Exeter,Wycombe,10.5,0.9352,0.2734,0.06,0.1176,1,0.95
2026-02,2026-02-17,ENGLAND 5,Rochdale,Scunthorpe,17.0,0.9533,0.1593,0.05,0.0769,1,0.95
2026-02,2026-02-17,ENGLAND 5,Sutton,Woking,14.5,0.9495,0.2204,0.05,0.0909,1,0.95
2026-02,2026-02-17,ENGLAND 5,Yeovil,Aldershot,15.0,0.9411,0.0695,0.05,0.0833,1,0.95
2026-02,2026-02-17,SCOTLAND 3,Cove Rangers,Montrose,15.5,0.9516,0.2019,0.07,0.0909,1,0.95
2026-02,2026-02-18,ITALY 3,Catania,Trapani,16.0,0.942,0.0245,0.06,0.1,1,0.95
2026-02,2026-02-18,ENGLAND 3,Wigan,Luton,11.0,0.9301,0.1843,0.06,0.125,1,0.95
2026-02,2026-02-18,SCOTLAND CUP,Aberdeen,Motherwell,13.0,0.9473,0.2675,0.01,0.1,1,0.95
2026-02,2026-02-19,SAUDI ARABIA 2,Al Jubail,Al Batin,15.5,0.953,0.2235,0.04,0.0909,1,0.95
2026-02,2026-02-19,SAUDI ARABIA 1,Al Ettifaq,Al Fateh,21.0,0.9596,0.1032,0.05,0.0667,1,0.95
2026-02,2026-02-19,SAUDI ARABIA 1,Al Kholood,Al Riyadh,15.5,0.9437,0.0809,0.05,0.0833,1,0.95
2026-02,2026-02-19,EGYPT 1,Pharco,Petrojet,9.6,0.9091,0.0816,0.12,0.125,1,0.95
2026-02,2026-02-19,BRAZIL 1,Athletico-PR,Corinthians,9.2,0.9136,0.1597,0.04,0.1429,1,0.95
2026-02,2026-02-20,POLAND 1,Piast Gliwice,Motor Lublin,12.5,0.9257,0.0246,0.09,0.1,1,0.95
2026-02,2026-02-20,ROMANIA 1,FC Botosani,U. Cluj,9.4,0.9245,0.2444,0.07,0.1429,1,0.95
2026-02,2026-02-20,PORTUGAL 2,Leixoes,Vizela,10.0,0.9136,0.0906,0.09,0.125,1,0.95
2026-02,2026-02-20,NETHERLANDS 1,Sittard,Excelsior,16.0,0.9747,0.5459,0.02,0.0833,1,0.95
2026-02,2026-02-20,SAUDI ARABIA 1,Damac,Al Shabab,13.0,0.9352,0.1115,0.05,0.1053,1,0.95
2026-02,2026-02-20,SPAIN 1,Ath Bilbao,Elche,14.0,0.9397,0.1089,0.06,0.0833,1,0.95
2026-02,2026-02-20,ARGENTINA 1,Estudiantes L.P.,Sarmiento Junin,8.4,0.9017,0.1296,0.14,0.1667,1,0.95
2026-02,2026-02-21,ENGLAND 3,Wycombe,Stevenage,9.2,0.9188,0.2073,0.05,0.1429,1,0.95
2026-02,2026-02-21,SERBIA 1,OFK Beograd Mozzart Bet,Zeleznicar Pancevo,5.8,0.9146,0.459,0.11,0.0833,0,-4.8
2026-02,2026-02-21,BOSNIA 1,Velez Mostar,Zeljeznicar,8.4,0.8897,0.0293,0.14,0.1538,1,0.95
2026-02,2026-02-21,GERMANY 1,Union Berlin,Bayer Leverkusen,13.0,0.9354,0.1132,0.05,0.1176,1,0.95
2026-02,2026-02-21,ENGLAND 3,AFC Wimbledon,Bradford City,10.5,0.9212,0.1263,0.05,0.125,1,0.95
2026-02,2026-02-21,ENGLAND 3,Huddersfield,Barnsley,16.5,0.9458,0.0585,0.05,0.0769,1,0.95
2026-02,2026-02-21,ENGLAND 3,Mansfield,Lincoln,15.0,0.9394,0.0433,0.05,0.1,1,0.95
2026-02,2026-02-21,ENGLAND 3,Northampton,Leyton Orient,12.0,0.931,0.1254,0.05,0.1111,1,0.95
2026-02,2026-02-21,GREECE 1,Asteras Tripolis,Atromitos,8.6,0.8981,0.0784,0.08,0.1429,1,0.95
2026-02,2026-02-21,SCOTLAND 3,Montrose,Queen of South,17.0,0.9498,0.0996,0.06,0.0769,1,0.95
2026-02,2026-02-21,SCOTLAND 3,Peterhead,East Fife,14.5,0.9718,0.5425,0.06,0.0909,1,0.95
2026-02,2026-02-21,SCOTLAND 4,Elgin City,Stirling,22.0,0.9634,0.1464,0.05,0.0667,1,0.95
2026-02,2026-02-21,SCOTLAND 1,Dundee Utd,Kilmarnock,16.5,0.9498,0.1248,0.07,0.0769,1,0.95
2026-02,2026-02-21,SPAIN 2,Huesca,Mirandes,11.5,0.9254,0.0955,0.06,0.1667,1,0.95
2026-02,2026-02-21,ROMANIA 1,CFR Cluj,Petrolul,8.0,0.9072,0.2124,0.07,0.1667,1,0.95
2026-02,2026-02-21,FRANCE 4,Toulon,GOAL FC,11.0,0.947,0.3692,0.05,0.0889,1,0.95
2026-02,2026-02-21,SWITZERLAND 1,Servette,St. Gallen,18.5,0.9536,0.093,0.06,0.0769,1,0.95
2026-02,2026-02-21,ISRAEL 1,Ironi Tiberias,Maccabi Bnei Raina,10.5,0.9639,0.5728,0.05,0.0833,1,0.95
2026-02,2026-02-21,SPAIN 1,Osasuna,Real Madrid,20.0,0.9539,0.0296,0.05,0.0769,1,0.95
2026-02,2026-02-21,WOM BRAZIL 1,America Mineiro W,Internacional W,13.5,0.9338,0.059,0.04,0.1613,1,0.95
2026-02,2026-02-21,NETHERLANDS 1,NAC Breda,FC Volendam,19.5,0.9742,0.4481,0.02,0.0769,1,0.95
2026-02,2026-02-21,GERMANY 2,Schalke,Magdeburg,18.5,0.9519,0.0634,0.08,0.0667,1,0.95
2026-02,2026-02-21,SCOTLAND 1,St. Mirren,Motherwell,12.0,0.9222,0.0201,0.07,0.1176,1,0.95
2026-02,2026-02-21,SWITZERLAND 1,Grasshoppers,Zurich,14.0,0.9458,0.1934,0.06,0.1,1,0.95
2026-02,2026-02-21,ITALY 1,Cagliari,Lazio,8.0,0.9116,0.2469,0.07,0.1667,0,-7.0
2026-02,2026-02-21,SPAIN 1,Atl. Madrid,Espanyol,17.0,0.9477,0.064,0.05,0.0769,1,0.95
2026-02,2026-02-21,CHILE 1,O'Higgins,Colo Colo,12.5,0.9408,0.2126,0.04,0.1,1,0.95
2026-02,2026-02-21,PERU 1,Sporting Cristal,U. de Deportes,11.5,0.9256,0.0985,0.05,0.125,1,0.95
2026-02,2026-02-21,USA 1,FC Cincinnati,Atlanta Utd,17.5,0.9534,0.1368,0.03,0.0769,1,0.95
2026-02,2026-02-21,CHILE 1,U. Catolica,Coquimbo,9.8,0.9312,0.2794,0.04,0.125,1,0.95
2026-02,2026-02-21,USA 1,DC United,Philadelphia Union,12.0,0.9437,0.2777,0.03,0.1176,1,0.95
2026-02,2026-02-21,USA 1,Orlando City,New York Red Bulls,23.0,0.9599,0.0308,0.03,0.0667,1,0.95
2026-02,2026-02-21,USA 1,Austin FC,Minnesota United,13.5,0.9331,0.0508,0.03,0.1,1,0.95
2026-02,2026-02-21,USA 1,FC Dallas,Toronto FC,17.0,0.9539,0.1689,0.03,0.0769,1,0.95
2026-02,2026-02-21,USA 1,Houston Dynamo,Chicago Fire,18.5,0.9599,0.211,0.03,0.0667,1,0.95
2026-02,2026-02-22,CZECH 1,Bohemians,Dukla Prague,12.0,0.9253,0.0572,0.11,0.1053,1,0.95
2026-02,2026-02-22,BELGIUM 1,Genk,St. Liege,15.5,0.9451,0.1022,0.07,0.0909,1,0.95
2026-02,2026-02-22,GERMANY 3,Munich 1860,Hansa Rostock,16.5,0.9439,0.0279,0.06,0.0769,1,0.95
2026-02,2026-02-22,ROMANIA 1,FC Arges,Farul Constanta,11.5,0.9198,0.0312,0.06,0.1176,1,0.95
2026-02,2026-02-22,SWITZERLAND 1,Sion,Young Boys,18.5,0.9534,0.0902,0.06,0.0667,1,0.95
2026-02,2026-02-22,AUSTRIA 1,Sturm Graz,BW Linz,11.5,0.9478,0.352,0.05,0.1176,1,0.95
2026-02,2026-02-22,AUSTRIA 1,Tirol,Ried,10.0,0.9186,0.1403,0.05,0.1176,1,0.95
2026-02,2026-02-22,ITALY 3,Pro Vercelli,Trento,9.8,0.9066,0.0395,0.07,0.1429,1,0.95
2026-02,2026-02-22,NETHERLANDS 1,G.A. Eagles,Heracles,20.0,0.984,0.6309,0.02,0.0667,1,0.95
2026-02,2026-02-22,FRANCE 1,Auxerre,Rennes,13.5,0.9309,0.0203,0.09,0.0909,1,0.95
2026-02,2026-02-22,ITALY 2,Juve Stabia,Modena,9.4,0.9115,0.1221,0.07,0.1429,1,0.95
2026-02,2026-02-22,GERMANY 1,Freiburg,B. Monchengladbach,15.0,0.9397,0.0481,0.05,0.0909,1,0.95
2026-02,2026-02-22,CHILE 1,La Serena,U. De Concepcion,12.5,0.9423,0.2314,0.04,0.1111,1,0.95
2026-02,2026-02-22,SPAIN 2,Andorra,Zaragoza,13.5,0.9405,0.1494,0.06,0.1053,1,0.95
2026-02,2026-02-22,NETHERLANDS 1,AZ Alkmaar,Sparta Rotterdam,22.0,0.9742,0.3835,0.02,0.0667,1,0.95
2026-02,2026-02-22,AUSTRIA 1,LASK,Salzburg,17.5,0.9534,0.1368,0.05,0.0769,1,0.95
2026-02,2026-02-22,GERMANY 1,St. Pauli,Werder Bremen,11.5,0.923,0.0687,0.05,0.1176,1,0.95
2026-02,2026-02-22,CROATIA 1,Hajduk Split,Rijeka,11.5,0.9203,0.0373,0.06,0.125,1,0.95
2026-02,2026-02-22,BELGIUM 1,Waregem,Anderlecht,15.0,0.9484,0.1783,0.07,0.0833,1,0.95
2026-02,2026-02-22,CZECH 1,Plzen,Sparta Prague,14.0,0.9394,0.1039,0.11,0.0909,0,-13.0
2026-02,2026-02-22,SPAIN 1,Celta Vigo,Mallorca,11.5,0.9385,0.2458,0.05,0.125,1,0.95
2026-02,2026-02-22,SPAIN 2,Racing Santander,Burgos CF,11.0,0.9361,0.2502,0.06,0.125,1,0.95
2026-02,2026-02-22,PERU 1,Los Chankas,Sport Huancayo,11.5,0.9389,0.251,0.05,0.1176,1,0.95
2026-02,2026-02-22,CHILE 1,A. Italiano,Everton,10.0,0.9175,0.1293,0.04,0.125,1,0.95
2026-02,2026-02-22,CHILE 1,U. De Chile,Limache,18.5,0.9534,0.0902,0.04,0.0769,1,0.95
2026-02,2026-02-22,PERU 1,Cusco,Comerciantes Unidos,18.0,0.96,0.2322,0.05,0.0769,1,0.95
2026-02,2026-02-23,ROMANIA 1,Csikszereda M. Ciuc,FC Hermannstadt,11.5,0.9288,0.1349,0.05,0.125,1,0.95
2026-02,2026-02-23,DENMARK 1,Brondby,Sonderjyske,19.5,0.953,0.0365,0.05,0.0769,0,-18.5
2026-02,2026-02-23,SAUDI ARABIA 1,Al Shabab,Al Riyadh,19.0,0.9686,0.3541,0.05,0.0769,1,0.95
2026-02,2026-02-23,SAUDI ARABIA 1,Damac,Al Ahli SC,19.0,0.9534,0.0663,0.05,0.0909,1,0.95
2026-02,2026-02-23,SPAIN 1,Alaves,Girona,11.0,0.9186,0.0589,0.05,0.1176,1,0.95
2026-02,2026-02-24,SAUDI ARABIA 2,Al Batin,Al Wehda,32.0,0.9868,0.5277,0.03,0.0909,1,0.95
2026-02,2026-02-24,SAUDI ARABIA 2,Al Orubah,Al Jabalain,20.0,0.96,0.1523,0.03,0.0833,1,0.95
2026-02,2026-02-24,SAUDI ARABIA 1,Al Khaleej,Al Kholood,18.0,0.9491,0.0367,0.05,0.0769,1,0.95
2026-02,2026-02-24,EGYPT 1,Ghazl El Mahallah,Pyramids,11.5,0.9383,0.2432,0.1,0.1176,1,0.95
2026-02,2026-02-24,EGYPT 1,ZED,Zamalek,7.6,0.9174,0.3262,0.1,0.1538,1,0.95
2026-02,2026-02-24,ENGLAND 2,Middlesbrough,Leicester,22.0,0.9594,0.0583,0.09,0.0667,1,0.95
2026-02,2026-02-24,ENGLAND 3,Burton,Stockport County,13.0,0.9332,0.0847,0.05,0.1,1,0.95
2026-02,2026-02-24,ENGLAND 3,Northampton,Port Vale,11.5,0.9277,0.1224,0.05,0.125,1,0.95
2026-02,2026-02-24,ENGLAND 5,FC Halifax,Rochdale,13.0,0.9344,0.1011,0.05,0.1,1,0.95
2026-02,2026-02-25,EGYPT 1,Al Masry,Modern Sport,7.4,0.8936,0.1681,0.1,0.1429,1,0.95
2026-02,2026-02-25,BRAZIL 1,Coritiba,Sao Paulo,10.5,0.9487,0.4136,0.04,0.125,1,0.95
2026-02,2026-02-25,PARAGUAY 1,Olimpia Asuncion,Libertad Asuncion,10.5,0.9134,0.0454,0.09,0.125,1,0.95
2026-02,2026-02-25,BRAZIL 1,Palmeiras,Fluminense,13.5,0.96,0.4121,0.04,0.0909,1,0.95
2026-02,2026-02-26,EUROPA LEAGUE,Plzen,Panathinaikos,11.0,0.9321,0.2065,0.06,0.1333,1,0.95
2026-02,2026-02-26,BRAZIL 1,Santos,Vasco,14.0,0.9384,0.091,0.04,0.1,1,0.95
2026-02,2026-02-27,ROMANIA 1,FC Hermannstadt,FC Botosani,10.0,0.9226,0.1799,0.05,0.1333,1,0.95
2026-02,2026-02-27,POLAND 1,Cracovia,Piast Gliwice,10.0,0.9148,0.1026,0.1,0.1333,1,0.95
2026-02,2026-02-27,GERMANY 2,Dusseldorf,Bochum,17.0,0.9499,0.1005,0.09,0.0667,1,0.95
2026-02,2026-02-27,ROMANIA 1,U. Cluj,Otelul,11.0,0.9348,0.2361,0.05,0.125,1,0.95
2026-02,2026-02-27,NETHERLANDS 1,Telstar,NAC Breda,18.0,0.9534,0.1135,0.02,0.0667,1,0.95
2026-02,2026-02-27,SAUDI ARABIA 1,Al Hazem,Al Ettifaq,17.5,0.9472,0.0287,0.05,0.0833,1,0.95
2026-02,2026-02-27,IRELAND 1,Bohemians,Shamrock Rovers,10.0,0.9092,0.0468,0.1,0.125,1,0.95
2026-02,2026-02-27,SPAIN 1,Levante,Alaves,9.2,0.9281,0.2923,0.05,0.125,1,0.95
2026-02,2026-02-27,CHILE 1,Union La Calera,A. Italiano,10.5,0.932,0.2397,0.04,0.1538,1,0.95
2026-02,2026-02-28,GERMANY 2,Holstein Kiel,Elversberg,19.5,0.9639,0.248,0.09,0.0769,1,0.95
2026-02,2026-02-28,GREECE 2,Kampaniakos,Makedonikos,10.5,0.9168,0.0802,0.08,0.1111,1,0.95
2026-02,2026-02-28,SPAIN 1,Rayo Vallecano,Ath Bilbao,9.8,0.9296,0.2637,0.05,0.1333,1,0.95
2026-02,2026-02-28,ITALY 1,Como,Lecce,13.0,0.9487,0.2852,0.08,0.1053,1,0.95
2026-02,2026-02-28,GERMANY 1,B. Monchengladbach,Union Berlin,12.0,0.9389,0.2199,0.05,0.1053,1,0.95
2026-02,2026-02-28,GERMANY 1,Bayer Leverkusen,Mainz,19.5,0.9534,0.0436,0.05,0.0667,1,0.95
2026-02,2026-02-28,GERMANY 1,Hoffenheim,St. Pauli,18.5,0.959,0.1937,0.05,0.0909,1,0.95
2026-02,2026-02-28,ENGLAND 3,Exeter,Bolton,15.0,0.9595,0.3447,0.05,0.0909,1,0.95
2026-02,2026-02-28,ENGLAND 3,Stevenage,Stockport County,9.8,0.932,0.2873,0.05,0.1429,1,0.95
2026-02,2026-02-28,ENGLAND 3,Wigan,Huddersfield,12.0,0.9292,0.1035,0.05,0.1333,1,0.95
2026-02,2026-02-28,GREECE 1,Atromitos,Panetolikos,10.5,0.9148,0.06,0.08,0.1176,1,0.95
2026-02,2026-02-28,GREECE 1,Kifisia,Levadiakos,11.0,0.9335,0.2217,0.08,0.1176,1,0.95
2026-02,2026-02-28,ROMANIA 1,Farul Constanta,CFR Cluj,11.5,0.919,0.0223,0.05,0.1111,1,0.95
2026-02,2026-02-28,PERU 1,Cajamarca,Alianza Lima,10.0,0.9168,0.1218,0.06,0.125,1,0.95
2026-02,2026-02-28,USA 1,New York Red Bulls,New England Revolution,19.5,0.9602,0.1751,0.04,0.0769,1,0.95
2026-02,2026-02-28,BELGIUM 1,Anderlecht,Leuven,14.5,0.942,0.1115,0.07,0.0909,1,0.95
2026-02,2026-02-28,SPAIN 2,Castellon,Racing Santander,11.0,0.9499,0.4012,0.06,0.0667,1,0.95
2026-02,2026-02-28,CHILE 1,Limache,Huachipato,15.5,0.941,0.0389,0.04,0.0833,1,0.95
2026-02,2026-02-28,USA 1,Minnesota United,FC Cincinnati,15.0,0.9473,0.1615,0.04,0.0833,1,0.95
2026-02,2026-02-28,CHILE 1,Palestino,O'Higgins,12.0,0.9339,0.1597,0.04,0.1176,1,0.95
2026-02,2026-02-28,PARAGUAY 1,2 de Mayo,Sportivo Trinidense,9.2,0.9108,0.1339,0.09,0.1429,1,0.95
2026-02,2026-02-28,MEXICO 1,Monterrey,Cruz Azul,12.0,0.9379,0.2079,0.08,0.0833,1,0.95
2026-02,2026-02-28,COLOMBIA 1,Ind. Medellin,Bucaramanga,8.6,0.8961,0.0617,0.1,0.1538,1,0.95
2026-02,2026-02-28,USA 1,Houston Dynamo,Los Angeles FC,17.5,0.9538,0.1445,0.04,0.0667,1,0.95
2026-03,2026-03-01,JAPAN 2,Kumamoto,Oita Trinita,9.0,0.9036,0.0873,0.12,0.1333,1,0.95
2026-03,2026-03-01,JAPAN 1,Okayama,Nagoya Grampus,9.6,0.9076,0.0678,0.1,0.1538,1,0.95
2026-03,2026-03-01,SOUTH KOREA 1,Jeju SK,Gwangju FC,8.2,0.9199,0.2969,0.08,0.1538,0,-7.2
2026-03,2026-03-01,ITALY 1,Cremonese,AC Milan,20.0,0.9597,0.146,0.08,0.0769,1,0.95
2026-03,2026-03-01,BELGIUM 1,Genk,Gent,19.0,0.9571,0.137,0.06,0.0667,1,0.95
2026-03,2026-03-01,GERMANY 2,Hertha Berlin,Nurnberg,18.5,0.951,0.046,0.08,0.0769,1,0.95
2026-03,2026-03-01,SPAIN 1,Elche,Espanyol,13.0,0.9452,0.2406,0.05,0.1,1,0.95
2026-03,2026-03-01,SPAIN 2,Real Sociedad B,Dep. La Coruna,11.0,0.9398,0.2904,0.06,0.1176,1,0.95
2026-03,2026-03-01,ITALY 3,Giugliano,Latina,9.4,0.9156,0.1608,0.09,0.1538,1,0.95
2026-03,2026-03-01,ITALY 4,Mestre,Adriese,12.5,0.9425,0.2346,0.05,0.1176,1,0.95
2026-03,2026-03-01,NETHERLANDS 1,FC Volendam,Groningen,18.0,0.9543,0.1304,0.03,0.0769,1,0.95
2026-03,2026-03-01,ROMANIA 1,Petrolul,Csikszereda M. Ciuc,11.5,0.9307,0.1569,0.05,0.1333,1,0.95
2026-03,2026-03-01,ENGLAND 1,Brighton,Nottingham,14.5,0.9364,0.0313,0.09,0.0909,1,0.95
2026-03,2026-03-01,SLOVENIA 2,Tabor Sezana,Dravinja,9.6,0.9336,0.3163,0.06,0.0909,1,0.95
2026-03,2026-03-01,SPAIN 1,Valencia,Osasuna,9.8,0.9304,0.2717,0.05,0.125,1,0.95
2026-03,2026-03-01,PORTUGAL 1,Tondela,Santa Clara,7.6,0.9118,0.2841,0.07,0.1667,1,0.95
2026-03,2026-03-01,SWITZERLAND 1,Grasshoppers,Lugano,12.5,0.942,0.2277,0.07,0.1053,1,0.95
2026-03,2026-03-01,NETHERLANDS 1,Utrecht,AZ Alkmaar,13.5,0.9466,0.2321,0.03,0.0909,1,0.95
2026-03,2026-03-01,AUSTRIA 1,Altach,SK Rapid,9.0,0.9187,0.2227,0.06,0.1538,1,0.95
2026-03,2026-03-01,AUSTRIA 1,Austria Vienna,LASK,11.0,0.9296,0.1794,0.06,0.125,1,0.95
2026-03,2026-03-01,AUSTRIA 1,BW Linz,Tirol,12.0,0.9281,0.091,0.06,0.1111,1,0.95
2026-03,2026-03-01,AUSTRIA 1,Grazer AK,Ried,10.0,0.92,0.1541,0.06,0.125,1,0.95
2026-03,2026-03-01,AUSTRIA 1,Wolfsberger AC,Sturm Graz,14.0,0.9508,0.2635,0.06,0.0909,1,0.95
2026-03,2026-03-01,DENMARK 1,FC Copenhagen,Randers FC,18.5,0.9509,0.0438,0.07,0.0769,1,0.95
2026-03,2026-03-01,FRANCE 1,Lorient,Auxerre,10.5,0.9129,0.0399,0.08,0.125,1,0.95
2026-03,2026-03-01,FRANCE 1,Metz,Brest,12.5,0.9261,0.0295,0.08,0.1053,1,0.95
2026-03,2026-03-01,GERMANY 1,Eintracht Frankfurt,Freiburg,17.0,0.9564,0.2109,0.05,0.0769,1,0.95
2026-03,2026-03-01,BELGIUM 1,Charleroi,Club Brugge KV,19.0,0.953,0.0595,0.06,0.0667,1,0.95
2026-03,2026-03-01,GREECE 1,Panathinaikos,Aris,9.2,0.9078,0.1061,0.08,0.1538,1,0.95
2026-03,2026-03-01,PERU 1,Comerciantes Unidos,Grau,8.6,0.8989,0.0858,0.07,0.1538,1,0.95
2026-03,2026-03-01,PORTUGAL 1,Casa Pia,Moreirense,8.6,0.9006,0.1002,0.07,0.1538,1,0.95
2026-03,2026-03-01,BELGIUM 1,Cercle Brugge KSV,Dender,15.0,0.9509,0.2157,0.06,0.1,0,-14.0
2026-03,2026-03-01,NETHERLANDS 1,Excelsior,G.A. Eagles,18.5,0.9529,0.0812,0.03,0.0769,1,0.95
2026-03,2026-03-01,ROMANIA 1,UTA Arad,FCSB,15.0,0.9387,0.0329,0.05,0.0909,1,0.95
2026-03,2026-03-01,EGYPT 1,Enppi,Al Masry,7.4,0.8945,0.1747,0.09,0.1667,1,0.95
2026-03,2026-03-01,SPAIN 1,Girona,Celta Vigo,13.0,0.9296,0.0387,0.05,0.1176,1,0.95
2026-03,2026-03-01,SPAIN 2,Eibar,Cadiz CF,11.5,0.92,0.0341,0.06,0.1176,1,0.95
2026-03,2026-03-01,CHILE 1,Colo Colo,U. De Chile,13.0,0.9301,0.0451,0.04,0.1111,1,0.95
2026-03,2026-03-01,USA 1,Philadelphia Union,New York City,13.0,0.9387,0.1562,0.04,0.1053,1,0.95
2026-03,2026-03-01,CHILE 1,Nublense,U. Catolica,11.5,0.9347,0.2025,0.04,0.1176,1,0.95
2026-03,2026-03-02,ITALY 1,Udinese,Fiorentina,11.0,0.9223,0.099,0.08,0.1176,1,0.95
2026-03,2026-03-02,ENGLAND 2,Birmingham,Middlesbrough,15.0,0.9505,0.2099,0.07,0.0909,1,0.95
2026-03,2026-03-02,PARAGUAY 1,Sp. Luqueno,Rubio Nu,8.6,0.9074,0.1579,0.09,0.1429,1,0.95
2026-03,2026-03-02,ARGENTINA 1,Banfield,Aldosivi,7.8,0.8843,0.0534,0.16,0.1667,1,0.95
2026-03,2026-03-03,ITALY 2,Entella,Modena,10.0,0.9164,0.1177,0.07,0.1333,1,0.95
2026-03,2026-03-03,ITALY 2,Reggiana,Sudtirol,8.2,0.9046,0.1724,0.07,0.1538,1,0.95
2026-03,2026-03-03,ITALY 3,Lecco,Renate,8.2,0.9044,0.1705,0.09,0.1667,1,0.95
2026-03,2026-03-03,ENGLAND 3,Exeter,Burton,14.0,0.941,0.1272,0.04,0.1,1,0.95
2026-03,2026-03-03,ENGLAND 5,Boston Utd,Woking,11.5,0.9464,0.3368,0.03,0.1111,1,0.95
2026-03,2026-03-03,ENGLAND 5,Hartlepool,Sutton,16.5,0.95,0.1271,0.03,0.0833,1,0.95
2026-03,2026-03-03,ENGLAND 5,Yeovil,Tamworth,14.0,0.9503,0.2572,0.03,0.0909,1,0.95
2026-03,2026-03-03,SCOTLAND 1,Dundee Utd,St. Mirren,10.5,0.9125,0.0361,0.08,0.1176,1,0.95
2026-03,2026-03-03,ITALY CUP,Como,Inter,9.6,0.9206,0.192,0.06,0.1538,0,-8.6
2026-03,2026-03-04,ITALY 2,Carrarese,Catanzaro,11.5,0.9198,0.0316,0.07,0.1176,1,0.95
2026-03,2026-03-04,ITALY 2,Juve Stabia,Sampdoria,8.0,0.9068,0.2087,0.07,0.1538,1,0.95
2026-03,2026-03-04,ENGLAND 1,Aston Villa,Chelsea,17.5,0.9556,0.1747,0.08,0.0769,1,0.95
2026-03,2026-03-04,ENGLAND 1,Brighton,Arsenal,15.5,0.9472,0.1335,0.08,0.0909,1,0.95
2026-03,2026-03-04,SWITZERLAND 1,Zurich,Lausanne,23.0,0.9818,0.5321,0.07,0.0667,1,0.95
2026-03,2026-03-04,ITALY CUP,Lazio,Atalanta,8.8,0.9213,0.2611,0.07,0.1538,1,0.95
2026-03,2026-03-05,TURKEY CUP,Antalyaspor,Samsunspor,20.0,0.9593,0.1381,0.04,0.0667,1,0.95
2026-03,2026-03-05,SAUDI ARABIA 1,Damac,Al Riyadh,8.8,0.9366,0.3948,0.05,0.125,1,0.95
2026-03,2026-03-05,EGYPT 1,Arab Contractors,Al Ahly,9.0,0.9049,0.0992,0.08,0.1429,1,0.95
2026-03,2026-03-05,EGYPT 1,Haras El Hodood,Pyramids,14.0,0.9382,0.0884,0.08,0.0909,1,0.95
2026-03,2026-03-05,ITALY 3,Benevento,Catania,8.8,0.9064,0.1312,0.1,0.1667,1,0.95
2026-03,2026-03-06,CROATIA 1,Istra 1961,Osijek,10.5,0.9181,0.0938,0.06,0.1333,1,0.95
2026-03,2026-03-06,DENMARK 2,Kolding IF,Hobro,13.0,0.937,0.1346,0.05,0.1053,1,0.95
2026-03,2026-03-06,FRANCE 2,Laval,Guingamp,9.8,0.9047,0.0206,0.15,0.1176,1,0.95
2026-03,2026-03-06,NETHERLANDS 2,Helmond,Oss,19.0,0.9645,0.2779,0.03,0.0769,1,0.95
2026-03,2026-03-06,SAUDI ARABIA 1,Al Ahli SC,Al Ittihad,21.0,0.9584,0.0791,0.05,0.0667,1,0.95
2026-03,2026-03-06,SAUDI ARABIA 1,Al Khaleej,Al Hazem,19.0,0.9593,0.1791,0.05,0.0833,1,0.95
2026-03,2026-03-06,SAUDI ARABIA 1,Al Taawon,Al Fateh,17.0,0.9452,0.0215,0.05,0.0833,1,0.95
2026-03,2026-03-06,EGYPT 1,Zamalek,Al Ittihad,10.5,0.9136,0.0474,0.09,0.125,1,0.95
2026-03,2026-03-06,IRELAND 2,Treaty United,Kerry,11.5,0.9402,0.2655,0.04,0.1333,1,0.95
2026-03,2026-03-06,SCOTLAND CUP,Falkirk,Dundee Utd,16.0,0.9668,0.4204,0.01,0.0909,1,0.95
2026-03,2026-03-06,ENGLAND 2,Preston,Oxford Utd,11.0,0.9183,0.0553,0.07,0.1111,1,0.95
2026-03,2026-03-06,ENGLAND CUP,Wolves,Liverpool,19.5,0.9676,0.3189,0.02,0.0667,1,0.95
2026-03,2026-03-06,IRELAND 1,Shamrock Rovers,Derry City,10.5,0.9137,0.0477,0.1,0.1053,1,0.95
2026-03,2026-03-06,PORTUGAL 1,Famalicao,Arouca,13.5,0.9346,0.071,0.08,0.0909,1,0.95
2026-03,2026-03-06,CHILE 1,La Serena,Union La Calera,12.0,0.9324,0.1423,0.04,0.125,1,0.95
2026-03,2026-03-06,VENEZUELA 1,Estudiantes Merida,La Guaira,9.2,0.9056,0.0867,0.1,0.1429,1,0.95
2026-03,2026-03-07,CHINA 1,Shanghai Shenhua,Dalian Yingbo,20.0,0.9559,0.0708,0.06,0.0667,1,0.95
2026-03,2026-03-07,GERMANY 2,Darmstadt,Holstein Kiel,19.0,0.9654,0.2944,0.08,0.0667,1,0.95
2026-03,2026-03-07,GERMANY 2,Paderborn,Braunschweig,20.0,0.9659,0.2693,0.08,0.0667,1,0.95
2026-03,2026-03-07,SPAIN 1,Osasuna,Mallorca,11.0,0.952,0.424,0.03,0.125,1,0.95
2026-03,2026-03-07,CROATIA 1,Gorica,Slaven Belupo,11.5,0.9284,0.1304,0.06,0.125,1,0.95
2026-03,2026-03-07,ENGLAND 2,Charlton,Birmingham,8.2,0.9269,0.3544,0.06,0.1176,1,0.95
2026-03,2026-03-07,ENGLAND 3,Blackpool,Wigan,12.5,0.9314,0.0954,0.05,0.1111,1,0.95
2026-03,2026-03-07,ENGLAND 3,Bolton,Wycombe,15.0,0.9478,0.1692,0.05,0.0833,1,0.95
2026-03,2026-03-07,ENGLAND 3,Bradford City,Leyton Orient,12.0,0.9398,0.2301,0.05,0.1176,1,0.95
2026-03,2026-03-07,ENGLAND 3,Burton,Stevenage,8.8,0.9147,0.2038,0.05,0.1538,1,0.95
2026-03,2026-03-07,ENGLAND 3,Plymouth,Doncaster,19.0,0.9516,0.0321,0.05,0.0769,1,0.95
2026-03,2026-03-07,GREECE 1,Aris,Atromitos,8.6,0.9105,0.1846,0.09,0.1538,0,-7.6
2026-03,2026-03-07,SCOTLAND 4,Annan,Stirling,18.0,0.9492,0.0385,0.06,0.0769,1,0.95
2026-03,2026-03-07,FRANCE 1,Nantes,Angers,8.2,0.8877,0.0346,0.09,0.1667,1,0.95
2026-03,2026-03-07,SLOVENIA 2,ND Gorica,Tabor Sezana,11.5,0.9221,0.0584,0.07,0.1111,0,-10.5
2026-03,2026-03-07,SLOVENIA 1,Mura,Primorje,13.0,0.9341,0.096,0.04,0.1111,1,0.95
2026-03,2026-03-07,SWITZERLAND 2,Wil,Bellinzona,14.0,0.9357,0.0528,0.09,0.0909,1,0.95
2026-03,2026-03-07,SPAIN 1,Atl. Madrid,Real Sociedad,18.0,0.9546,0.135,0.03,0.0769,1,0.95
2026-03,2026-03-07,FRANCE 1,Auxerre,Strasbourg,12.0,0.9307,0.1223,0.09,0.1111,0,-11.0
2026-03,2026-03-07,ROMANIA 1,FCSB,U. Cluj,15.5,0.963,0.3788,0.05,0.0833,1,0.95
2026-03,2026-03-07,PERU 1,Comerciantes Unidos,Cajamarca,9.6,0.9182,0.1684,0.06,0.1333,1,0.95
2026-03,2026-03-07,FRANCE 1,Toulouse,Marseille,14.5,0.9397,0.0787,0.09,0.0833,1,0.95
2026-03,2026-03-07,PORTUGAL 1,Estoril,Casa Pia,17.0,0.946,0.0344,0.08,0.0909,0,-16.0
2026-03,2026-03-07,MEXICO 1,Queretaro,Club America,12.0,0.9276,0.0843,0.08,0.1176,1,0.95
2026-03,2026-03-07,PERU 1,Cusco,Deportivo Garcilaso,12.5,0.9431,0.2416,0.06,0.1111,1,0.95
2026-03,2026-03-07,USA 1,Atlanta Utd,Real Salt Lake,14.5,0.9425,0.1196,0.05,0.0909,1,0.95
2026-03,2026-03-07,USA 1,Charlotte,Austin FC,13.5,0.9486,0.2583,0.05,0.0909,1,0.95
2026-03,2026-03-07,USA 1,Philadelphia Union,San Jose Earthquakes,20.0,0.9603,0.1582,0.05,0.0667,1,0.95
2026-03,2026-03-07,USA 1,Nashville SC,Minnesota United,21.0,0.9576,0.0611,0.05,0.0667,1,0.95
2026-03,2026-03-08,SOUTH KOREA 1,Anyang,Jeju SK,9.2,0.9106,0.132,0.09,0.1333,1,0.95
2026-03,2026-03-08,SLOVAKIA 2,Petrzalka,Zvolen,13.5,0.9347,0.072,0.05,0.0909,1,0.95
2026-03,2026-03-08,ENGLAND 3,AFC Wimbledon,Northampton,13.0,0.9465,0.2567,0.05,0.1111,1,0.95
2026-03,2026-03-08,BELGIUM 2,Sporting Lokeren,Beveren,18.0,0.9508,0.0676,0.06,0.0833,1,0.95
2026-03,2026-03-08,GERMANY 2,Preussen Munster,Hertha Berlin,17.0,0.9783,0.5825,0.08,0.0769,1,0.95
2026-03,2026-03-08,ROMANIA 1,Otelul,FC Hermannstadt,10.5,0.9323,0.2429,0.06,0.1333,1,0.95
2026-03,2026-03-08,ITALY 1,Bologna,Verona,12.0,0.9284,0.0946,0.09,0.1176,1,0.95
2026-03,2026-03-08,ITALY 2,Frosinone,Sampdoria,15.0,0.9402,0.0563,0.08,0.0909,1,0.95
2026-03,2026-03-08,GREECE 1,Volos,OFI Crete,11.0,0.9363,0.253,0.08,0.1176,1,0.95
2026-03,2026-03-08,ROMANIA 1,FC Arges,Unirea Slobozia,10.5,0.9183,0.0961,0.06,0.1333,0,-9.5
2026-03,2026-03-08,PORTUGAL 1,Estrela,Gil Vicente,10.5,0.9123,0.0337,0.09,0.125,1,0.95
2026-03,2026-03-08,SWITZERLAND 1,Grasshoppers,Lausanne,16.0,0.9454,0.0789,0.06,0.0833,1,0.95
2026-03,2026-03-08,NETHERLANDS 1,NAC Breda,Feyenoord,18.5,0.951,0.046,0.04,0.0769,1,0.95
2026-03,2026-03-08,AUSTRIA 1,Hartberg,BW Linz,10.5,0.9258,0.1745,0.06,0.1176,1,0.95
2026-03,2026-03-08,AUSTRIA 1,Ried,Austria Vienna,11.0,0.9229,0.1057,0.06,0.125,1,0.95
2026-03,2026-03-08,AUSTRIA 1,SK Rapid,Salzburg,20.0,0.9575,0.1016,0.06,0.0769,1,0.95
2026-03,2026-03-08,AUSTRIA 1,Sturm Graz,Altach,10.5,0.9135,0.0462,0.06,0.1333,1,0.95
2026-03,2026-03-08,ITALY 2,Carrarese,Palermo,11.5,0.9276,0.1214,0.08,0.125,1,0.95
2026-03,2026-03-08,ENGLAND CUP,Leeds,Norwich,21.0,0.9717,0.3568,0.02,0.0667,1,0.95
2026-03,2026-03-08,GERMANY 1,Union Berlin,Werder Bremen,11.0,0.9253,0.1318,0.06,0.125,1,0.95
2026-03,2026-03-08,CROATIA 1,Vukovar 1991,Rijeka,14.0,0.9391,0.1003,0.06,0.1111,1,0.95
2026-03,2026-03-08,GREECE 1,Levadiakos,Panathinaikos,9.4,0.9211,0.2123,0.08,0.125,1,0.95
2026-03,2026-03-08,SPAIN 1,Sevilla,Rayo Vallecano,10.5,0.9489,0.4164,0.03,0.1333,1,0.95
2026-03,2026-03-08,SPAIN 2,Leganes,Eibar,7.8,0.9043,0.2086,0.08,0.1667,1,0.95
2026-03,2026-03-08,ROMANIA 1,FC Rapid Bucuresti,Univ. Craiova,11.0,0.9284,0.1662,0.06,0.125,1,0.95
2026-03,2026-03-08,ECUADOR 1,Macara,Tecnico U.,7.8,0.914,0.2838,0.11,0.1667,1,0.95
2026-03,2026-03-08,ITALY 1,AC Milan,Inter,12.5,0.9329,0.1142,0.09,0.1,1,0.95
2026-03,2026-03-08,SPAIN 1,Valencia,Alaves,8.8,0.9408,0.4318,0.03,0.1538,1,0.95
2026-03,2026-03-08,PORTUGAL 1,Santa Clara,Vitoria Guimaraes,8.4,0.9107,0.2046,0.09,0.1538,1,0.95
2026-03,2026-03-08,USA 1,New York Red Bulls,CF Montreal,21.0,0.984,0.6148,0.05,0.0667,1,0.95
2026-03,2026-03-08,USA 1,FC Cincinnati,Toronto FC,19.0,0.9533,0.0652,0.05,0.0667,1,0.95
2026-03,2026-03-08,CHILE 1,Palestino,Cobresal,16.0,0.9426,0.0347,0.04,0.0909,1,0.95
2026-03,2026-03-09,POLAND 2,Polonia Warszawa,LKS Lodz,19.5,0.9603,0.1781,0.05,0.0769,1,0.95
2026-03,2026-03-09,EGYPT 1,El Gaish,Al Ahly,9.8,0.912,0.0915,0.1,0.125,1,0.95
2026-03,2026-03-09,ENGLAND CUP,West Ham,Brentford,17.0,0.9809,0.6255,0.02,0.0769,1,0.95
2026-03,2026-03-09,IRELAND 1,Shelbourne,Shamrock Rovers,10.5,0.9195,0.1085,0.1,0.125,1,0.95
2026-03,2026-03-09,PERU 1,Cienciano,Sport Boys,20.0,0.9565,0.0826,0.06,0.0769,1,0.95
2026-03,2026-03-10,EGYPT 1,El Gouna,Al Masry,7.4,0.894,0.1705,0.1,0.1429,1,0.95
2026-03,2026-03-10,ENGLAND 2,Leicester,Bristol City,14.0,0.9402,0.1161,0.06,0.0909,1,0.95
2026-03,2026-03-10,ENGLAND 2,Portsmouth,Swansea,10.0,0.9385,0.3378,0.06,0.125,1,0.95
2026-03,2026-03-10,ENGLAND 3,Mansfield,Reading,13.5,0.9382,0.1193,0.05,0.1053,1,0.95
2026-03,2026-03-10,ENGLAND 3,Stevenage,Leyton Orient,9.2,0.9198,0.2158,0.05,0.1538,1,0.95
2026-03,2026-03-10,ENGLAND 3,Wigan,Plymouth,12.5,0.9325,0.1094,0.05,0.1111,1,0.95
2026-03,2026-03-10,NORTHERN IRELAND 1,Linfield,Portadown,13.5,0.9425,0.1771,0.04,0.0833,1,0.95
2026-03,2026-03-10,SCOTLAND 4,Dumbarton,Stranraer,16.0,0.9463,0.0932,0.06,0.0833,1,0.95
2026-03,2026-03-10,ENGLAND 2,Stoke,Ipswich,14.5,0.9431,0.1278,0.06,0.0769,1,0.95
2026-03,2026-03-10,BRAZIL 1,Mirassol,Santos,14.5,0.9425,0.1196,0.04,0.0909,1,0.95
2026-03,2026-03-11,TURKEY 2,Umraniyespor,Erzurumspor,14.0,0.9402,0.1161,0.06,0.0909,1,0.95
2026-03,2026-03-11,EGYPT 1,Enppi,Zamalek,8.8,0.9135,0.1932,0.08,0.1333,1,0.95
2026-03,2026-03-11,EGYPT 1,ZED,Modern Sport,6.4,0.9067,0.3573,0.08,0.1667,1,0.95
2026-03,2026-03-11,ENGLAND 2,Norwich,Sheffield Utd,16.0,0.9452,0.0763,0.06,0.0909,1,0.95
2026-03,2026-03-11,ENGLAND 3,Port Vale,Bradford City,10.5,0.9402,0.3253,0.05,0.1176,1,0.95
2026-03,2026-03-11,BRAZIL 1,Atletico-MG,Internacional,14.0,0.9392,0.1013,0.04,0.0909,1,0.95
2026-03,2026-03-11,BRAZIL 1,Bahia,Vitoria,13.0,0.9416,0.1933,0.04,0.1053,1,0.95
2026-03,2026-03-11,BRAZIL 1,Corinthians,Coritiba,11.0,0.9425,0.3208,0.04,0.1176,1,0.95
2026-03,2026-03-11,BRAZIL 1,Flamengo RJ,Cruzeiro,14.0,0.935,0.0436,0.04,0.1,1,0.95
2026-03,2026-03-12,EUROPA LEAGUE,Lille,Aston Villa,11.5,0.9421,0.2876,0.04,0.1176,1,0.95
2026-03,2026-03-12,BRAZIL 1,Vasco,Palmeiras,12.5,0.9425,0.2346,0.02,0.1053,1,0.95
2026-03,2026-03-12,BRAZIL 1,Sao Paulo,Chapecoense-SC,19.0,0.9683,0.3488,0.02,0.0769,1,0.95
2026-03,2026-03-13,AUSTRALIA 1,Brisbane Roar,WS Wanderers,17.0,0.9471,0.0533,0.05,0.0769,1,0.95
2026-03,2026-03-13,CHINA 1,Wuhan Three Towns,Dalian Yingbo,14.0,0.9568,0.3479,0.06,0.0833,1,0.95
2026-03,2026-03-13,ROMANIA 1,UTA Arad,FC Hermannstadt,11.0,0.9193,0.0664,0.06,0.1176,1,0.95
2026-03,2026-03-13,ROMANIA 1,Univ. Craiova,FC Arges,9.0,0.9124,0.166,0.06,0.1667,1,0.95
2026-03,2026-03-13,SAUDI ARABIA 1,Al Qadsiah,Al Ahli SC,17.0,0.9473,0.057,0.05,0.0769,1,0.95
2026-03,2026-03-13,GERMANY 1,B. Monchengladbach,St. Pauli,11.0,0.925,0.1285,0.06,0.125,1,0.95
2026-03,2026-03-13,ITALY 2,Modena,Spezia,13.5,0.9322,0.0387,0.08,0.1053,1,0.95
2026-03,2026-03-13,IRELAND 2,Athlone,Cobh Ramblers,11.5,0.9233,0.0723,0.04,0.1333,1,0.95
2026-03,2026-03-13,IRELAND 2,Bray,UC Dublin,13.5,0.9323,0.0399,0.04,0.1053,1,0.95
2026-03,2026-03-13,IRELAND 2,Finn Harps,Treaty United,12.0,0.9392,0.223,0.04,0.125,1,0.95
2026-03,2026-03-13,IRELAND 2,Wexford,Kerry,11.0,0.9357,0.2461,0.04,0.1333,1,0.95
2026-03,2026-03-13,ITALY 1,Torino,Parma,9.4,0.9063,0.0739,0.09,0.1429,1,0.95
2026-03,2026-03-13,SPAIN 1,Alaves,Villarreal,13.0,0.953,0.3415,0.03,0.1,1,0.95
2026-03,2026-03-13,PARAGUAY 1,Sp. Luqueno,San Lorenzo,11.0,0.9187,0.0597,0.09,0.125,1,0.95
2026-03,2026-03-13,CHILE 1,A. Italiano,D. Concepcion,11.0,0.9221,0.0974,0.04,0.1176,1,0.95
2026-03,2026-03-13,PARAGUAY 1,2 de Mayo,Libertad Asuncion,10.5,0.9269,0.1863,0.09,0.1333,1,0.95
2026-03,2026-03-13,AUSTRALIA 1,Wellington Phoenix,Perth Glory,20.0,0.9575,0.1016,0.05,0.0769,1,0.95
2026-03,2026-03-14,CHINA 1,Shenzhen Xinpengcheng,Tianjin Jinmen Tiger,13.0,0.9746,0.6207,0.05,0.1,1,0.95
2026-03,2026-03-14,GERMANY 2,Arminia Bielefeld,Paderborn,16.0,0.9462,0.0923,0.07,0.0769,1,0.95
2026-03,2026-03-14,GERMANY 2,Braunschweig,Dusseldorf,14.5,0.9408,0.0943,0.07,0.0909,1,0.95
2026-03,2026-03-14,ENGLAND 2,Oxford Utd,Charlton,10.5,0.9221,0.1363,0.06,0.1333,1,0.95
2026-03,2026-03-14,ENGLAND 3,Rotherham,Bolton,11.0,0.9598,0.5094,0.06,0.0769,1,0.95
2026-03,2026-03-14,ESTONIA 1,Kuressaare,Tammeka,28.0,0.9685,0.0708,0.03,0.0769,1,0.95
2026-03,2026-03-14,SPAIN 1,Girona,Ath Bilbao,12.5,0.9408,0.2127,0.03,0.1,1,0.95
2026-03,2026-03-14,CROATIA 1,Osijek,Gorica,9.6,0.9108,0.0984,0.07,0.1429,0,-8.6
2026-03,2026-03-14,CZECH 1,Hradec Kralove,Ostrava,12.5,0.9281,0.0551,0.09,0.1053,1,0.95
2026-03,2026-03-14,ITALY 2,Cesena,Frosinone,19.5,0.9685,0.3382,0.08,0.0667,1,0.95
2026-03,2026-03-14,ITALY 2,Juve Stabia,Carrarese,10.0,0.9086,0.0405,0.08,0.125,1,0.95
2026-03,2026-03-14,ENGLAND 2,Birmingham,Sheffield Utd,14.0,0.9345,0.0366,0.06,0.0833,1,0.95
2026-03,2026-03-14,ENGLAND 2,Leicester,QPR,13.5,0.9452,0.2133,0.06,0.0909,1,0.95
2026-03,2026-03-14,ENGLAND 2,Norwich,Preston,17.0,0.957,0.2208,0.06,0.0769,1,0.95
2026-03,2026-03-14,ENGLAND 2,Stoke,Watford,11.5,0.9387,0.2482,0.06,0.1111,1,0.95
2026-03,2026-03-14,ENGLAND 2,West Brom,Hull,12.5,0.9269,0.0401,0.06,0.1176,1,0.95
2026-03,2026-03-14,ENGLAND 3,Northampton,Burton,11.0,0.9218,0.0938,0.06,0.125,1,0.95
2026-03,2026-03-14,ENGLAND 3,Stevenage,AFC Wimbledon,8.8,0.9099,0.1619,0.06,0.1429,1,0.95
2026-03,2026-03-14,ENGLAND 5,Boston Utd,Yeovil,16.0,0.9569,0.2623,0.02,0.1,1,0.95
2026-03,2026-03-14,ENGLAND 5,Brackley Town,Woking,12.5,0.9466,0.2854,0.02,0.1111,1,0.95
2026-03,2026-03-14,ENGLAND 5,Southend,Forest Green,19.5,0.963,0.2302,0.02,0.0769,1,0.95
2026-03,2026-03-14,NORWAY 1,HamKam,Viking,17.0,0.9509,0.1175,0.01,0.0909,1,0.95
2026-03,2026-03-14,SPAIN 1,Atl. Madrid,Getafe,9.2,0.9387,0.3887,0.03,0.1429,1,0.95
2026-03,2026-03-14,SPAIN 2,Cultural Leonesa,Racing Santander,14.0,0.9452,0.1859,0.07,0.0833,1,0.95
2026-03,2026-03-14,NETHERLANDS 1,FC Volendam,Sittard,19.0,0.9589,0.1707,0.04,0.0769,1,0.95
2026-03,2026-03-14,PORTUGAL 1,Vitoria Guimaraes,Famalicao,12.0,0.9223,0.0217,0.09,0.1053,1,0.95
2026-03,2026-03-14,AUSTRIA 1,Altach,BW Linz,9.2,0.9149,0.1713,0.07,0.1538,1,0.95
2026-03,2026-03-14,AUSTRIA 1,Ried,Tirol,11.5,0.9198,0.0312,0.07,0.1176,1,0.95
2026-03,2026-03-14,ROMANIA 1,Otelul,Csikszereda M. Ciuc,12.0,0.9347,0.1699,0.06,0.1053,1,0.95
2026-03,2026-03-14,FRANCE 4,Saumur Olympique,Saint-Malo,7.8,0.8925,0.1168,0.13,0.1176,1,0.95
2026-03,2026-03-14,NORWAY 1,Molde,Rosenborg,18.0,0.9622,0.2722,0.01,0.0769,1,0.95
2026-03,2026-03-14,USA 1,Toronto FC,New York Red Bulls,15.5,0.942,0.0539,0.06,0.0909,1,0.95
2026-03,2026-03-14,ENGLAND 5,Eastleigh,Rochdale,16.0,0.9441,0.0582,0.02,0.0909,1,0.95
2026-03,2026-03-14,GERMANY 1,Hamburger SV,FC Koln,15.5,0.9514,0.1991,0.05,0.0833,1,0.95
2026-03,2026-03-14,SPAIN 2,Valladolid,Leganes,10.5,0.9142,0.0533,0.07,0.125,1,0.95
2026-03,2026-03-14,SPAIN 2,Zaragoza,Almeria,13.5,0.9465,0.2299,0.07,0.1,1,0.95
2026-03,2026-03-14,FRANCE 1,Angers,Nice,10.5,0.9162,0.0746,0.09,0.1333,1,0.95
2026-03,2026-03-14,PERU 1,Sport Huancayo,AD Tarma,13.5,0.9376,0.1105,0.06,0.0909,1,0.95
2026-03,2026-03-14,ITALY 2,Sampdoria,Venezia,12.5,0.9347,0.137,0.08,0.1053,0,-11.5
2026-03,2026-03-14,WOM BRAZIL 1,Cruzeiro W,Atletico-MG W,9.0,0.9501,0.5031,0.05,0.0667,1,0.95
2026-03,2026-03-14,POLAND 1,Cracovia,Wisla Plock,10.5,0.9331,0.2513,0.09,0.125,1,0.95
2026-03,2026-03-14,USA 1,Atlanta Utd,Philadelphia Union,14.0,0.9382,0.0884,0.06,0.0833,1,0.95
2026-03,2026-03-14,GERMANY 2,Hertha Berlin,Bochum,16.5,0.9439,0.0265,0.07,0.0769,1,0.95
2026-03,2026-03-14,BRAZIL 1,Vitoria,Atletico-MG,9.0,0.9411,0.4228,0.02,0.1538,1,0.95
2026-03,2026-03-14,USA 1,Columbus Crew,Nashville SC,18.0,0.9557,0.1546,0.06,0.0769,1,0.95
2026-03,2026-03-14,PERU 1,Deportivo Garcilaso,Alianza Lima,9.2,0.9084,0.1117,0.06,0.1429,1,0.95
2026-03,2026-03-14,COLOMBIA 1,Chico,Millonarios,8.8,0.9056,0.1244,0.09,0.1429,1,0.95
2026-03,2026-03-14,BRAZIL 1,Botafogo RJ,Flamengo RJ,11.0,0.9296,0.1794,0.02,0.125,1,0.95
2026-03,2026-03-14,CHILE 1,U. Catolica,Everton,15.0,0.9458,0.14,0.04,0.1,1,0.95
2026-03,2026-03-14,USA 1,Charlotte,Inter Miami,19.5,0.957,0.1133,0.06,0.0667,0,-18.5
2026-03,2026-03-14,USA 1,Chicago Fire,DC United,16.0,0.949,0.1366,0.06,0.0833,1,0.95
2026-03,2026-03-14,USA 1,FC Dallas,San Diego FC,19.5,0.9726,0.4164,0.06,0.0667,1,0.95
2026-03,2026-03-14,COLOMBIA 1,Santa Fe,Alianza,11.5,0.925,0.091,0.09,0.125,1,0.95
2026-03,2026-03-14,USA 1,Real Salt Lake,Austin FC,15.5,0.9546,0.2491,0.06,0.0909,1,0.95
2026-03,2026-03-15,SOUTH KOREA 1,Gangwon,Anyang,8.8,0.9132,0.1906,0.09,0.1538,1,0.95
2026-03,2026-03-15,ESTONIA 1,Paide,Narva,30.0,0.9755,0.216,0.03,0.0667,1,0.95
2026-03,2026-03-15,TURKEY 2,Sivasspor,Umraniyespor,15.5,0.9463,0.12,0.04,0.0909,1,0.95
2026-03,2026-03-15,CROATIA 2,Rudes,Opatija,8.2,0.9076,0.1972,0.07,0.1429,1,0.95
2026-03,2026-03-15,GERMANY 2,Schalke,Hannover,19.5,0.9529,0.0342,0.07,0.0667,1,0.95
2026-03,2026-03-15,ROMANIA 1,Farul Constanta,Petrolul,8.4,0.9038,0.1469,0.05,0.1429,1,0.95
2026-03,2026-03-15,SPAIN 1,Mallorca,Espanyol,10.0,0.9409,0.3624,0.03,0.1333,1,0.95
2026-03,2026-03-15,ITALY 4,Calvi Noale,Mestre,10.5,0.9387,0.3095,0.05,0.1212,1,0.95
2026-03,2026-03-15,NORWAY 1,Kristiansund,Brann,21.0,0.9719,0.3604,0.01,0.0667,1,0.95
2026-03,2026-03-15,POLAND 1,Zaglebie,Lech Poznan,19.0,0.9696,0.3744,0.09,0.0667,1,0.95
2026-03,2026-03-15,GREECE 1,Kifisia,Volos,10.5,0.9296,0.2144,0.1,0.125,1,0.95
2026-03,2026-03-15,ITALY 1,Pisa,Cagliari,8.2,0.8974,0.114,0.09,0.1667,1,0.95
2026-03,2026-03-15,CZECH 1,Plzen,Bohemians,18.5,0.9509,0.0441,0.09,0.0769,1,0.95
2026-03,2026-03-15,CZECH 1,Sigma Olomouc,Karvina,14.0,0.9398,0.1097,0.09,0.1,1,0.95
2026-03,2026-03-15,GERMANY 1,Werder Bremen,Mainz,16.5,0.9465,0.0693,0.04,0.0769,1,0.95
2026-03,2026-03-15,DENMARK 2,Hvidovre IF,Kolding IF,13.5,0.9317,0.032,0.05,0.1,0,-12.5
2026-03,2026-03-15,SPAIN 2,Granada CF,Andorra,12.0,0.9247,0.0499,0.08,0.1176,1,0.95
2026-03,2026-03-15,NETHERLANDS 1,G.A. Eagles,NAC Breda,16.0,0.9504,0.1591,0.04,0.0833,1,0.95
2026-03,2026-03-15,NORWAY 1,KFUM Oslo,Start,14.0,0.9505,0.2599,0.01,0.1176,1,0.95
2026-03,2026-03-15,SPAIN 4,Marino de Luanco,Burgos CF B,6.8,0.9006,0.2792,0.07,0.1429,0,-5.8
2026-03,2026-03-15,GERMANY 1,Freiburg,Union Berlin,14.5,0.9423,0.1156,0.04,0.0833,1,0.95
2026-03,2026-03-15,POLAND 1,Gornik Zabrze,Rakow,11.0,0.9153,0.0225,0.09,0.1176,1,0.95
2026-03,2026-03-15,CROATIA 1,Rijeka,Istra 1961,14.5,0.9371,0.0404,0.07,0.1176,1,0.95
2026-03,2026-03-15,DENMARK 1,Brondby,Viborg,17.5,0.9557,0.1778,0.07,0.0909,1,0.95
2026-03,2026-03-15,ITALY 1,Como,AS Roma,9.8,0.9227,0.1968,0.09,0.1538,1,0.95
2026-03,2026-03-15,BELGIUM 1,KV Mechelen,Anderlecht,16.5,0.9448,0.0417,0.07,0.0833,1,0.95
2026-03,2026-03-15,CZECH 1,Sparta Prague,Slovacko,19.5,0.9557,0.0893,0.09,0.0769,1,0.95
2026-03,2026-03-15,SPAIN 1,Betis,Celta Vigo,13.0,0.9463,0.2543,0.03,0.1053,1,0.95
2026-03,2026-03-15,SPAIN 2,Malaga,Huesca,11.5,0.9281,0.127,0.08,0.1176,1,0.95
2026-03,2026-03-15,NORWAY 1,Tromso,Fredrikstad,12.0,0.9565,0.4304,0.01,0.1176,1,0.95
2026-03,2026-03-15,BRAZIL 1,Fluminense,Athletico-PR,12.5,0.9454,0.2701,0.01,0.1176,1,0.95
2026-03,2026-03-15,BRAZIL 1,Internacional,Bahia,16.0,0.9649,0.3901,0.01,0.0769,1,0.95
2026-03,2026-03-15,BRAZIL 1,Santos,Corinthians,11.0,0.9371,0.2615,0.01,0.125,1,0.95
2026-03,2026-03-15,SPAIN 1,Real Sociedad,Osasuna,14.0,0.9546,0.3173,0.03,0.0909,1,0.95
2026-03,2026-03-15,SPAIN 2,Gijon,Castellon,15.0,0.9402,0.0563,0.08,0.0833,1,0.95
2026-03,2026-03-15,ECUADOR 1,Emelec,Orense,9.4,0.9234,0.2341,0.1,0.125,1,0.95
2026-03,2026-03-15,CHILE 1,Cobresal,Limache,16.5,0.9449,0.044,0.04,0.0769,1,0.95
2026-03,2026-03-15,BRAZIL 1,Coritiba,Remo,13.0,0.9812,0.7059,0.01,0.1,1,0.95
2026-03,2026-03-15,BRAZIL 1,Palmeiras,Mirassol,17.0,0.9637,0.3349,0.01,0.0909,1,0.95
2026-03,2026-03-15,WOM USA 1,Angel City W,Chicago W,6.2,0.9078,0.3831,0.07,0.0976,1,0.95
2026-03,2026-03-15,BRAZIL 1,Bragantino,Sao Paulo,10.5,0.9346,0.267,0.01,0.1333,1,0.95
2026-03,2026-03-15,BRAZIL 1,Cruzeiro,Vasco,11.5,0.9711,0.6196,0.01,0.1176,1,0.95
2026-03,2026-03-15,CHILE 1,Nublense,La Serena,12.0,0.9421,0.2586,0.04,0.1176,1,0.95
2026-03,2026-03-15,PARAGUAY 1,Ameliano,Guarani,10.0,0.9077,0.0319,0.08,0.1333,0,-9.0
2026-03,2026-03-16,TURKEY 2,Bandirmaspor,Igdir FK,13.5,0.9464,0.2297,0.05,0.0909,0,-12.5
2026-03,2026-03-16,ROMANIA 1,FC Botosani,Unirea Slobozia,14.5,0.9516,0.2501,0.05,0.0909,1,0.95
2026-03,2026-03-16,POLAND 1,Pogon Szczecin,Korona Kielce,16.0,0.9463,0.0932,0.09,0.0769,1,0.95
2026-03,2026-03-16,ROMANIA 1,U. Cluj,CFR Cluj,11.5,0.9258,0.1002,0.05,0.1176,1,0.95
2026-03,2026-03-16,NETHERLANDS 2,Roda,Vitesse,24.0,0.9875,0.6499,0.03,0.0667,1,0.95
2026-03,2026-03-16,SPAIN 2,Albacete,Las Palmas,10.5,0.9225,0.1403,0.07,0.125,1,0.95
2026-03,2026-03-16,ITALY 1,Cremonese,Fiorentina,12.0,0.925,0.0535,0.09,0.1176,1,0.95
2026-03,2026-03-16,SPAIN 1,Rayo Vallecano,Levante,14.0,0.952,0.2798,0.03,0.1111,1,0.95
2026-03,2026-03-16,CHILE 1,Union La Calera,O'Higgins,11.0,0.9452,0.3502,0.03,0.1176,1,0.95
2026-03,2026-03-16,BRAZIL 1,Chapecoense-SC,Gremio,14.5,0.9505,0.2354,0.01,0.0909,1,0.95
2026-03,2026-03-16,CHILE 1,Colo Colo,Huachipato,16.5,0.9492,0.1147,0.03,0.0909,1,0.95
2026-03,2026-03-17,AUSTRALIA 1,Sydney FC,Melbourne City,20.0,0.9575,0.1016,0.05,0.0769,1,0.95
2026-03,2026-03-17,NETHERLANDS 2,Dordrecht,Oss,22.0,0.976,0.4227,0.03,0.0667,1,0.95
2026-03,2026-03-17,ENGLAND 3,Blackpool,Port Vale,13.0,0.9307,0.053,0.06,0.1176,1,0.95
2026-03,2026-03-17,ENGLAND 3,Bradford City,Mansfield,14.0,0.9382,0.0884,0.06,0.0909,1,0.95
2026-03,2026-03-17,ENGLAND 5,Southend,Rochdale,11.0,0.9398,0.2904,0.02,0.1176,1,0.95
2026-03,2026-03-17,ENGLAND 5,Woking,Yeovil,13.0,0.9565,0.387,0.02,0.1053,1,0.95
2026-03,2026-03-18,JAPAN 1,Avispa Fukuoka,Shimizu S-Pulse,12.0,0.9347,0.1699,0.06,0.1176,1,0.95
2026-03,2026-03-18,JAPAN 1,Verdy,Kawasaki Frontale,13.0,0.9364,0.1266,0.06,0.1053,1,0.95
2026-03,2026-03-18,JAPAN 1,Vissel Kobe,Gamba Osaka,15.0,0.9469,0.156,0.06,0.0909,1,0.95
2026-03,2026-03-18,JAPAN 1,Machida,Kashima Antlers,9.2,0.9178,0.1981,0.06,0.1429,1,0.95
2026-03,2026-03-18,SOUTH KOREA 1,Pohang,Seoul,10.5,0.9233,0.149,0.09,0.1333,1,0.95
2026-03,2026-03-18,ITALY 2,Carrarese,Sampdoria,9.4,0.9262,0.2598,0.1,0.1333,1,0.95
2026-03,2026-03-18,BRAZIL 1,Bahia,Bragantino,13.0,0.9475,0.2703,0.01,0.1,1,0.95
2026-03,2026-03-18,BRAZIL 1,Palmeiras,Botafogo RJ,17.5,0.9603,0.2574,0.01,0.0833,1,0.95
2026-03,2026-03-18,BRAZIL 1,Athletico-PR,Cruzeiro,11.0,0.9509,0.4124,0.01,0.125,1,0.95
2026-03,2026-03-18,BRAZIL 1,Atletico-MG,Sao Paulo,9.6,0.9359,0.338,0.01,0.1333,1,0.95
2026-03,2026-03-18,BRAZIL 1,Mirassol,Coritiba,13.0,0.9358,0.1183,0.01,0.125,1,0.95
2026-03,2026-03-18,PARAGUAY 1,Libertad Asuncion,Nacional Asuncion,9.0,0.9102,0.1463,0.08,0.1429,1,0.95
2026-03,2026-03-18,VENEZUELA 1,Metropolitanos,Monagas,14.0,0.9374,0.0771,0.12,0.1111,1,0.95
2026-03,2026-03-18,BRAZIL 1,Santos,Internacional,14.0,0.952,0.2798,0.01,0.1,1,0.95
2026-03,2026-03-18,BRAZIL 1,Vasco,Fluminense,10.0,0.942,0.3729,0.01,0.1429,1,0.95
2026-03,2026-03-18,COLOMBIA 1,Dep. Cali,Santa Fe,8.6,0.9034,0.1239,0.09,0.1538,1,0.95
2026-03,2026-03-19,EUROPA LEAGUE,Aston Villa,Lille,14.0,0.9471,0.212,0.03,0.1053,1,0.95
2026-03,2026-03-19,BRAZIL 1,Gremio,Vitoria,12.5,0.945,0.2647,0.0,0.1176,1,0.95
2026-03,2026-03-19,PARAGUAY 1,Sportivo Trinidense,Ameliano,9.0,0.9145,0.1846,0.08,0.1429,1,0.95
2026-03,2026-03-19,BRAZIL 1,Chapecoense-SC,Corinthians,9.8,0.9402,0.3666,0.0,0.1333,0,-8.8
2026-03,2026-03-20,GERMANY 2,Hannover,Braunschweig,21.0,0.9809,0.549,0.07,0.0769,1,0.95
2026-03,2026-03-20,AUSTRIA 1,Sturm Graz,Salzburg,18.5,0.952,0.0637,0.07,0.0769,1,0.95
2026-03,2026-03-20,SWITZERLAND 2,Stade Nyonnais,Rapperswil-Jona,19.0,0.9602,0.1961,0.09,0.0769,1,0.95
2026-03,2026-03-20,NETHERLANDS 2,Jong Utrecht,Dordrecht,23.0,0.9603,0.0391,0.03,0.0667,1,0.95
2026-03,2026-03-20,NETHERLANDS 1,Heracles,Excelsior,18.0,0.9611,0.2521,0.04,0.0769,1,0.95
2026-03,2026-03-20,POLAND 1,Motor Lublin,Zaglebie,15.5,0.946,0.1159,0.09,0.0769,1,0.95
2026-03,2026-03-20,SPAIN 2,Huesca,Almeria,11.5,0.9359,0.2163,0.07,0.1111,1,0.95
2026-03,2026-03-20,IRELAND 2,Kerry,Finn Harps,9.8,0.9372,0.3373,0.04,0.1429,1,0.95
2026-03,2026-03-20,IRELAND 2,Treaty United,Athlone,11.5,0.9229,0.0672,0.04,0.1429,1,0.95
2026-03,2026-03-20,ENGLAND 2,Preston,Stoke,12.0,0.946,0.3049,0.06,0.1,1,0.95
2026-03,2026-03-20,SPAIN 1,Villarreal,Real Sociedad,17.5,0.9515,0.103,0.03,0.0769,1,0.95
2026-03,2026-03-20,PORTUGAL 1,Estrela,Casa Pia,11.0,0.92,0.0741,0.07,0.1333,1,0.95
2026-03,2026-03-21,AUSTRALIA 1,Brisbane Roar,Wellington Phoenix,15.5,0.9558,0.2676,0.05,0.0833,1,0.95
2026-03,2026-03-21,ENGLAND 2,Derby,Birmingham,14.0,0.941,0.1272,0.05,0.1,1,0.95
2026-03,2026-03-21,ENGLAND 2,Ipswich,Millwall,14.5,0.9478,0.1953,0.05,0.0909,1,0.95
2026-03,2026-03-21,ENGLAND 5,Woking,Aldershot,24.0,0.9625,0.0523,0.02,0.0667,1,0.95
2026-03,2026-03-21,ROMANIA 1,Metaloglobus Bucharest,Petrolul,12.5,0.9408,0.2127,0.04,0.125,1,0.95
2026-03,2026-03-21,SPAIN 1,Elche,Mallorca,12.0,0.9565,0.4304,0.03,0.0909,1,0.95
2026-03,2026-03-21,ITALY 2,Cesena,Catanzaro,16.5,0.962,0.3255,0.08,0.0769,1,0.95
2026-03,2026-03-21,GERMANY 1,FC Koln,B. Monchengladbach,16.0,0.9717,0.4984,0.03,0.1,1,0.95
2026-03,2026-03-21,GERMANY 1,Wolfsburg,Werder Bremen,18.0,0.9797,0.5857,0.03,0.0667,1,0.95
2026-03,2026-03-21,ENGLAND 2,Charlton,Norwich,13.5,0.937,0.1024,0.05,0.1176,1,0.95
2026-03,2026-03-21,ENGLAND 2,QPR,Portsmouth,10.5,0.9234,0.1498,0.05,0.1333,1,0.95
2026-03,2026-03-21,ENGLAND 3,Leyton Orient,Wycombe,15.5,0.9483,0.1519,0.05,0.0909,1,0.95
2026-03,2026-03-21,ENGLAND 3,Mansfield,Northampton,15.5,0.9516,0.2016,0.05,0.0909,1,0.95
2026-03,2026-03-21,ENGLAND 5,Hartlepool,Eastleigh,22.0,0.9602,0.0767,0.02,0.0769,1,0.95
2026-03,2026-03-21,ENGLAND 1,Fulham,Burnley,16.5,0.9463,0.0663,0.09,0.0769,1,0.95
2026-03,2026-03-21,SPAIN 2,Andorra,Eibar,10.5,0.9179,0.0919,0.07,0.1429,1,0.95
2026-03,2026-03-21,PORTUGAL 1,Famalicao,Nacional,18.5,0.9504,0.0343,0.07,0.0769,1,0.95
2026-03,2026-03-21,CROATIA 1,Lok. Zagreb,Din. Zagreb,23.0,0.9604,0.0419,0.07,0.0667,1,0.95
2026-03,2026-03-21,ENGLAND 5,Solihull Moors,FC Halifax,22.0,0.977,0.4445,0.02,0.0769,1,0.95
2026-03,2026-03-21,SPAIN 1,Osasuna,Girona,14.0,0.9482,0.2269,0.03,0.0833,1,0.95
2026-03,2026-03-21,PORTUGAL 1,Santa Clara,Gil Vicente,8.2,0.9042,0.1692,0.07,0.1667,1,0.95
2026-03,2026-03-21,ROMANIA 1,FC Arges,U. Cluj,9.0,0.9439,0.448,0.04,0.1538,1,0.95
2026-03,2026-03-21,BELGIUM 2,Beveren,RFC Liege,15.5,0.9419,0.0518,0.07,0.0833,1,0.95
2026-03,2026-03-21,ENGLAND 1,Leeds,Brentford,15.0,0.9398,0.0494,0.09,0.0909,0,-14.0
2026-03,2026-03-21,SPAIN 1,Sevilla,Valencia,9.4,0.9346,0.3389,0.03,0.1429,1,0.95
2026-03,2026-03-21,BRAZIL 2,Operario-PR,Atletico GO,8.8,0.9101,0.1635,0.09,0.1429,1,0.95
2026-03,2026-03-21,BRAZIL 1,Fluminense,Atletico-MG,15.5,0.9578,0.2979,0.01,0.1333,1,0.95
2026-03,2026-03-21,USA 1,Charlotte,New York Red Bulls,16.5,0.951,0.144,0.07,0.0667,1,0.95
2026-03,2026-03-21,BRAZIL 1,Sao Paulo,Palmeiras,11.5,0.9442,0.3108,0.01,0.1333,1,0.95
2026-03,2026-03-21,USA 1,Austin FC,Los Angeles FC,16.0,0.9476,0.1135,0.07,0.0769,0,-15.0
2026-03,2026-03-22,JAPAN 1,Kyoto,Nagoya Grampus,16.0,0.9421,0.0266,0.06,0.1,1,0.95
2026-03,2026-03-22,GERMANY 2,Bochum,Holstein Kiel,21.0,0.9717,0.3568,0.05,0.0667,1,0.95
2026-03,2026-03-22,GERMANY 2,Preussen Munster,Magdeburg,25.0,0.9652,0.0821,0.05,0.0667,1,0.95
2026-03,2026-03-22,DENMARK 1,Randers FC,Silkeborg,21.0,0.9781,0.4915,0.08,0.0667,1,0.95
2026-03,2026-03-22,NETHERLANDS 1,Utrecht,G.A. Eagles,19.5,0.955,0.0756,0.04,0.0667,1,0.95
2026-03,2026-03-22,ITALY 1,Atalanta,Verona,16.0,0.945,0.0733,0.08,0.1,1,0.95
2026-03,2026-03-22,ITALY 1,Bologna,Lazio,9.4,0.9276,0.2728,0.08,0.1111,1,0.95
2026-03,2026-03-23,ROMANIA 1,Unirea Slobozia,Otelul,11.0,0.9478,0.3781,0.03,0.1176,1,0.95
2026-03,2026-03-24,ENGLAND 3,Doncaster,Port Vale,14.0,0.9359,0.0561,0.05,0.1,1,0.95
2026-03,2026-03-24,ENGLAND 5,Boston Utd,Altrincham,17.5,0.9815,0.6277,0.01,0.0769,1,0.95
2026-03,2026-03-24,ENGLAND 5,Brackley Town,Braintree,24.0,0.9753,0.3586,0.01,0.0667,1,0.95
2026-03,2026-03-24,ENGLAND 5,Eastleigh,Sutton,20.0,0.9618,0.1872,0.01,0.0667,1,0.95
2026-03,2026-03-24,SCOTLAND 4,Elgin City,Forfar Athletic,16.5,0.9463,0.0663,0.06,0.0909,1,0.95
2026-03,2026-03-25,ENGLAND 5,Scunthorpe,Rochdale,22.0,0.965,0.1817,0.01,0.0667,1,0.95
2026-03,2026-03-25,ENGLAND 5,Southend,Woking,19.5,0.971,0.3857,0.01,0.0769,1,0.95
2026-03,2026-03-25,ENGLAND 5,Wealdstone,Yeovil,17.5,0.9635,0.3129,0.01,0.0909,1,0.95
2026-03,2026-03-26,WORLD WORLD CUP,Italy,Northern Ireland,17.0,0.951,0.1195,0.04,0.0909,1,0.95
2026-03,2026-03-26,WORLD WORLD CUP,Poland,Albania,10.5,0.9426,0.3503,0.04,0.1333,1,0.95
2026-03,2026-03-26,WORLD WORLD CUP,Ukraine,Sweden,11.5,0.9347,0.2023,0.04,0.125,1,0.95
2026-03,2026-03-27,IRELAND 2,Bray,Kerry,14.5,0.9472,0.1863,0.03,0.125,1,0.95
2026-03,2026-03-27,IRELAND 2,Cork City,Athlone,21.0,0.9558,0.0247,0.03,0.0833,1,0.95
2026-03,2026-03-27,COLOMBIA 1,Aguilas,Alianza,9.2,0.9092,0.1191,0.09,0.1429,1,0.95
2026-03,2026-03-27,PARAGUAY 1,Nacional Asuncion,Sp. Luqueno,9.0,0.8972,0.03,0.09,0.1538,1,0.95
2026-03,2026-03-27,PARAGUAY 1,Ameliano,Libertad Asuncion,10.0,0.9074,0.0282,0.09,0.125,1,0.95
2026-03,2026-03-28,ITALY 4,Bassano,Adriese,14.0,0.9392,0.1013,0.06,0.1176,1,0.95
2026-03,2026-03-28,ENGLAND 3,Exeter,Leyton Orient,17.0,0.9541,0.1713,0.05,0.0833,0,-16.0
2026-03,2026-03-28,ENGLAND 5,Eastleigh,Forest Green,21.0,0.9752,0.4306,0.01,0.0667,1,0.95
2026-03,2026-03-28,ENGLAND 5,FC Halifax,Scunthorpe,22.0,0.965,0.1817,0.01,0.0667,1,0.95
2026-03,2026-03-28,ENGLAND 5,Gateshead,Yeovil,17.5,0.9598,0.2478,0.01,0.0833,1,0.95
2026-03,2026-03-28,ENGLAND 5,Solihull Moors,Altrincham,23.0,0.9856,0.6191,0.01,0.0667,1,0.95
2026-03,2026-03-28,ENGLAND 5,Sutton,Rochdale,21.0,0.9625,0.1648,0.01,0.0667,1,0.95
2026-03,2026-03-28,NORTHERN IRELAND 1,Glentoran,Linfield,12.0,0.9284,0.0946,0.04,0.125,1,0.95
2026-03,2026-03-28,SCOTLAND 3,Hamilton,Kelty Hearts,14.0,0.9339,0.0276,0.06,0.1,1,0.95
2026-03,2026-03-28,SPAIN 2,Granada CF,Huesca,8.8,0.9036,0.1066,0.07,0.1538,1,0.95
2026-03,2026-03-28,SPAIN 2,Valladolid,Burgos CF,8.8,0.8945,0.0267,0.07,0.1538,1,0.95
2026-03,2026-03-28,IRELAND 2,Longford,Finn Harps,15.0,0.951,0.2175,0.03,0.1053,1,0.95
2026-03,2026-03-28,SPAIN 2,Gijon,Dep. La Coruna,10.5,0.9142,0.0533,0.07,0.125,1,0.95
2026-03,2026-03-28,COLOMBIA 1,Deportes Tolima,Jaguares de Cordoba,16.0,0.9421,0.0261,0.09,0.0833,1,0.95
2026-03,2026-03-29,SPAIN 2,Eibar,Las Palmas,8.4,0.8988,0.1051,0.06,0.1667,1,0.95
2026-03,2026-03-29,SPAIN 2,Cultural Leonesa,Andorra,11.5,0.9327,0.1793,0.06,0.125,1,0.95
2026-03,2026-03-29,BRAZIL 1,Athletico-PR,Botafogo RJ,11.0,0.9331,0.2179,0.02,0.1176,1,0.95
2026-03,2026-03-30,URUGUAY 1,Juventud,Boston River,9.0,0.9099,0.1439,0.09,0.1429,1,0.95
2026-03,2026-03-30,COLOMBIA 1,Millonarios,Fortaleza,13.5,0.9426,0.1785,0.09,0.0909,1,0.95
2026-03,2026-03-31,SPAIN 2,Mirandes,Albacete,13.0,0.9339,0.0938,0.06,0.1053,1,0.95
2026-03,2026-03-31,ENGLAND 5,Wealdstone,Hartlepool,18.0,0.9729,0.4643,0.01,0.0667,1,0.95
2026-03,2026-03-31,ENGLAND 5,Woking,Altrincham,21.0,0.984,0.6148,0.01,0.0769,1,0.95
2026-03,2026-03-31,WORLD WORLD CUP,Kosovo,Turkey,14.0,0.9478,0.2213,0.04,0.1053,1,0.95
2026-03,2026-03-31,WORLD WORLD CUP,Sweden,Poland,12.0,0.9307,0.1223,0.04,0.1111,1,0.95
2026-03,2026-03-31,SPAIN 2,Valladolid,Cadiz CF,13.0,0.9402,0.1758,0.06,0.0909,1,0.95
2026-04,2026-04-02,ENGLAND 3,Wigan,Leyton Orient,11.5,0.9251,0.0925,0.05,0.1176,0,-10.5
2026-04,2026-04-02,BRAZIL 1,Chapecoense-SC,Atletico-MG,11.0,0.9525,0.4303,0.02,0.1111,1,0.95
2026-04,2026-04-02,COLOMBIA 1,Jaguares de Cordoba,Millonarios,7.6,0.9125,0.2896,0.08,0.1,1,0.95
2026-04,2026-04-02,BRAZIL 1,Bragantino,Flamengo RJ,11.5,0.9462,0.3335,0.02,0.125,1,0.95
2026-04,2026-04-02,BRAZIL 1,Palmeiras,Gremio,18.0,0.9836,0.6555,0.02,0.0714,1,0.95
2026-04,2026-04-03,DENMARK 2,B.93,Hobro,23.0,0.9613,0.0628,0.06,0.0667,1,0.95
2026-04,2026-04-03,ENGLAND 2,Leicester,Preston,16.5,0.9552,0.2122,0.03,0.0909,1,0.95
2026-04,2026-04-03,FRANCE 2,Bastia,Amiens,12.0,0.927,0.0771,0.16,0.1176,1,0.95
2026-04,2026-04-03,NETHERLANDS 2,Dordrecht,Roda,23.0,0.9662,0.1751,0.02,0.0769,1,0.95
2026-04,2026-04-03,IRELAND 2,Kerry,Cobh Ramblers,11.5,0.9299,0.1475,0.05,0.1333,1,0.95
2026-04,2026-04-03,IRELAND 2,Treaty United,Longford,11.5,0.9328,0.1802,0.05,0.1333,0,-10.5
2026-04,2026-04-03,SPAIN 1,Rayo Vallecano,Elche,13.0,0.9559,0.3783,0.03,0.0909,1,0.95
2026-04,2026-04-03,CHILE 1,O'Higgins,A. Italiano,12.0,0.9454,0.297,0.03,0.1111,1,0.95
2026-04,2026-04-04,AUSTRALIA 1,Central Coast Mariners,Perth Glory,20.0,0.9708,0.3668,0.05,0.0769,1,0.95
2026-04,2026-04-04,CHINA 1,Qingdao Hainiu,Henan Songshan Longmen,20.0,0.984,0.6309,0.02,0.0667,1,0.95
2026-04,2026-04-04,DENMARK 2,Middelfart,Aalborg,17.0,0.9497,0.0975,0.06,0.0833,1,0.95
2026-04,2026-04-04,ROMANIA 1,Otelul,FC Hermannstadt,9.6,0.9348,0.3271,0.03,0.1333,1,0.95
2026-04,2026-04-04,SPAIN 2,Cadiz CF,Cordoba,15.0,0.9392,0.0404,0.06,0.1,1,0.95
2026-04,2026-04-04,DENMARK 2,Horsens,Lyngby,11.0,0.9427,0.3225,0.06,0.125,1,0.95
2026-04,2026-04-04,TURKEY 2,Erzurumspor,Igdir FK,14.5,0.9407,0.093,0.06,0.1,1,0.95
2026-04,2026-04-04,GERMANY 1,Hoffenheim,Mainz,20.0,0.9671,0.2941,0.03,0.0769,1,0.95
2026-04,2026-04-04,FINLAND 1,Ilves,KuPS,17.0,0.9481,0.0711,0.04,0.0769,1,0.95
2026-04,2026-04-04,FINLAND 1,Jaro,Lahti,17.5,0.9539,0.145,0.04,0.0769,1,0.95
2026-04,2026-04-04,SCOTLAND 3,Cove Rangers,Alloa,20.0,0.9559,0.0693,0.06,0.0667,1,0.95
2026-04,2026-04-04,SCOTLAND 3,Kelty Hearts,Queen of South,17.0,0.9496,0.0949,0.06,0.0833,1,0.95
2026-04,2026-04-04,SCOTLAND 4,Forfar Athletic,Elgin City,15.0,0.9395,0.0459,0.04,0.1,1,0.95
2026-04,2026-04-04,SCOTLAND 1,Motherwell,Falkirk,13.5,0.942,0.1694,0.07,0.0909,1,0.95
2026-04,2026-04-04,SPAIN 2,Albacete,Burgos CF,8.8,0.9131,0.1895,0.06,0.1538,1,0.95
2026-04,2026-04-04,EGYPT 1,Pharco,Ghazl El Mahallah,7.2,0.8838,0.1194,0.1,0.1667,1,0.95
2026-04,2026-04-04,FINLAND 1,Gnistan,AC Oulu,21.0,0.9619,0.152,0.04,0.0667,1,0.95
2026-04,2026-04-04,ITALY 1,Verona,Fiorentina,9.6,0.9178,0.1651,0.08,0.1429,1,0.95
2026-04,2026-04-04,SPAIN 1,Betis,Espanyol,15.0,0.9491,0.1896,0.04,0.0833,0,-14.0
2026-04,2026-04-04,PORTUGAL 1,Moreirense,Braga,13.5,0.9348,0.0727,0.07,0.1111,1,0.95
2026-04,2026-04-04,EGYPT 1,El Gouna,Al Ittihad,8.0,0.8834,0.0234,0.1,0.1667,0,-7.0
2026-04,2026-04-04,BOSNIA 1,Zeljeznicar,FK Sarajevo,8.0,0.8856,0.0404,0.11,0.1538,0,-7.0
2026-04,2026-04-04,ITALY 1,Lazio,Parma,9.6,0.9075,0.0668,0.08,0.1333,1,0.95
2026-04,2026-04-04,CHILE 1,Limache,Union La Calera,17.5,0.9547,0.1591,0.03,0.0833,1,0.95
2026-04,2026-04-04,BRAZIL 1,Sao Paulo,Cruzeiro,10.5,0.9438,0.3631,0.02,0.125,1,0.95
2026-04,2026-04-04,BRAZIL 1,Coritiba,Fluminense,8.4,0.9401,0.4496,0.02,0.1538,1,0.95
2026-04,2026-04-04,USA 1,Atlanta Utd,Columbus Crew,20.0,0.9565,0.0823,0.06,0.0769,1,0.95
2026-04,2026-04-04,USA 1,Charlotte,Philadelphia Union,17.5,0.9528,0.1263,0.06,0.0769,1,0.95
2026-04,2026-04-04,BRAZIL 1,Vasco,Botafogo RJ,12.0,0.9368,0.1953,0.02,0.1176,1,0.95
2026-04,2026-04-04,COLOMBIA 1,Deportes Tolima,Santa Fe,10.5,0.9142,0.053,0.08,0.1053,1,0.95
2026-04,2026-04-04,PERU 1,U. de Deportes,Alianza Lima,8.6,0.9102,0.1819,0.09,0.1429,1,0.95
2026-04,2026-04-05,MEXICO 1,Santos Laguna,Club America,15.0,0.949,0.1873,0.08,0.0667,1,0.95
2026-04,2026-04-05,WOM SPAIN 1,Levante W,Athletic Bilbao W,7.0,0.9083,0.3125,0.04,0.1111,1,0.95
2026-04,2026-04-05,CHINA 1,Shenzhen Xinpengcheng,Wuhan Three Towns,14.5,0.9705,0.524,0.02,0.0909,1,0.95
2026-04,2026-04-05,CZECH 1,Hradec Kralove,Bohemians,11.0,0.9187,0.0603,0.09,0.0909,1,0.95
2026-04,2026-04-05,CHINA 1,Tianjin Jinmen Tiger,Shanghai Shenhua,19.5,0.962,0.21,0.02,0.0667,1,0.95
2026-04,2026-04-05,ROMANIA 1,UTA Arad,Metaloglobus Bucharest,20.0,0.9651,0.2529,0.03,0.0833,1,0.95
2026-04,2026-04-05,SWEDEN 1,Kalmar,Vasteras SK,11.0,0.9351,0.2397,0.06,0.125,1,0.95
2026-04,2026-04-05,GERMANY 1,Union Berlin,St. Pauli,9.6,0.9482,0.4555,0.03,0.125,1,0.95
2026-04,2026-04-05,SPAIN 1,Valencia,Celta Vigo,10.5,0.9175,0.0881,0.04,0.125,1,0.95
2026-04,2026-04-05,ROMANIA 1,Farul Constanta,Unirea Slobozia,14.5,0.9558,0.3107,0.03,0.0909,1,0.95
2026-04,2026-04-05,NETHERLANDS 1,NAC Breda,Sparta Rotterdam,16.5,0.9611,0.3099,0.04,0.0769,0,-15.5
2026-04,2026-04-05,ENGLAND CUP,West Ham,Leeds,13.0,0.9402,0.1755,0.02,0.1,1,0.95
2026-04,2026-04-05,GERMANY 1,Eintracht Frankfurt,FC Koln,19.5,0.9731,0.427,0.03,0.0667,1,0.95
2026-04,2026-04-05,SAUDI ARABIA 1,Al Okhdood,Al Fateh,22.0,0.9793,0.4962,0.03,0.0667,1,0.95
2026-04,2026-04-05,CYPRUS 1,Apollon,AEK Larnaca,11.0,0.9174,0.0456,0.05,0.1333,1,0.95
2026-04,2026-04-05,ITALY 1,Pisa,Torino,9.4,0.9057,0.0681,0.07,0.1333,1,0.95
2026-04,2026-04-05,BELGIUM 1,Westerlo,Charleroi,18.0,0.9544,0.1313,0.08,0.0667,1,0.95
2026-04,2026-04-05,ISRAEL 1,Hapoel Haifa,Maccabi Tel Aviv,20.0,0.9571,0.0934,0.07,0.0667,1,0.95
2026-04,2026-04-05,SAUDI ARABIA 1,Al Riyadh,Al Shabab,20.0,0.9618,0.1884,0.03,0.0667,1,0.95
2026-04,2026-04-05,URUGUAY 1,CA Cerro,Defensor Sp.,8.4,0.899,0.1064,0.08,0.1538,1,0.95
2026-04,2026-04-05,BRAZIL 1,Chapecoense-SC,Vitoria,11.5,0.9619,0.514,0.02,0.1176,1,0.95
2026-04,2026-04-05,SPAIN 1,Alaves,Osasuna,10.5,0.9373,0.2946,0.04,0.125,1,0.95
2026-04,2026-04-05,SPAIN 2,Zaragoza,Mirandes,11.0,0.9165,0.0362,0.05,0.1176,1,0.95
2026-04,2026-04-05,BRAZIL 1,Atletico-MG,Athletico-PR,11.5,0.9398,0.2608,0.02,0.125,1,0.95
2026-04,2026-04-05,URUGUAY 1,Liverpool M.,Maldonado,11.5,0.9203,0.0379,0.08,0.1111,1,0.95
2026-04,2026-04-05,CHILE 1,U. De Chile,La Serena,12.5,0.9376,0.1737,0.04,0.1,1,0.95
2026-04,2026-04-05,BRAZIL 1,Bahia,Palmeiras,12.5,0.937,0.166,0.02,0.125,1,0.95
2026-04,2026-04-05,BRAZIL 1,Corinthians,Internacional,9.8,0.9342,0.3089,0.02,0.1538,1,0.95
2026-04,2026-04-05,BRAZIL 1,Mirassol,Bragantino,12.5,0.9615,0.471,0.02,0.1053,1,0.95
2026-04,2026-04-06,ENGLAND 2,Portsmouth,Oxford Utd,9.8,0.9505,0.4671,0.03,0.1333,1,0.95
2026-04,2026-04-06,SWEDEN 1,Hacken,Brommapojkarna,24.0,0.9745,0.3404,0.04,0.0667,1,0.95
2026-04,2026-04-06,NORWAY 2,Asane,Moss,15.0,0.95,0.2031,0.05,0.0833,1,0.95
2026-04,2026-04-06,DENMARK 2,Koge,Aarhus Fremad,20.0,0.9597,0.1456,0.06,0.0769,1,0.95
2026-04,2026-04-06,SWEDEN 2,Varberg,Ostersund,11.0,0.9237,0.1142,0.05,0.1176,1,0.95
2026-04,2026-04-06,AUSTRIA 2,Floridsdorfer AC,First Vienna,12.5,0.9275,0.0479,0.06,0.1429,1,0.95
2026-04,2026-04-06,ENGLAND 2,Bristol City,Sheffield Utd,16.5,0.9514,0.1501,0.03,0.1,1,0.95
2026-04,2026-04-06,ENGLAND 2,Derby,Stoke,15.5,0.9672,0.4428,0.03,0.0909,1,0.95
2026-04,2026-04-06,ENGLAND 2,Ipswich,Birmingham,16.0,0.9433,0.045,0.03,0.0909,1,0.95
2026-04,2026-04-06,ENGLAND 2,Preston,QPR,12.5,0.9435,0.246,0.03,0.0909,1,0.95
2026-04,2026-04-06,ENGLAND 2,Sheffield Wed,Leicester,17.0,0.9613,0.2948,0.03,0.0909,1,0.95
2026-04,2026-04-06,ENGLAND 3,Barnsley,Plymouth,22.0,0.9583,0.0344,0.08,0.0667,1,0.95
2026-04,2026-04-06,ENGLAND 5,Braintree,Woking,20.0,0.9606,0.1639,0.05,0.0667,0,-19.0
2026-04,2026-04-06,ROMANIA 1,Petrolul,Csikszereda M. Ciuc,11.5,0.9277,0.122,0.03,0.125,1,0.95
2026-04,2026-04-06,NORWAY 1,HamKam,Brann,17.5,0.9479,0.0417,0.01,0.0769,1,0.95
2026-04,2026-04-06,POLAND 2,Chrobry Glogow,Ruch Chorzow,14.5,0.9392,0.0708,0.04,0.0909,1,0.95
2026-04,2026-04-06,ITALY 2,Sampdoria,Empoli,10.0,0.9094,0.0486,0.07,0.125,1,0.95
2026-04,2026-04-06,ITALY 1,Juventus,Genoa,18.0,0.9545,0.1336,0.07,0.0769,1,0.95
2026-04,2026-04-06,ENGLAND 2,Swansea,Middlesbrough,17.5,0.9739,0.4946,0.03,0.0769,1,0.95
2026-04,2026-04-06,NORWAY 1,Tromso,Rosenborg,15.0,0.9636,0.4061,0.01,0.0909,1,0.95
2026-04,2026-04-06,ITALY 2,Carrarese,Spezia,11.0,0.9204,0.0781,0.07,0.125,1,0.95
2026-04,2026-04-06,ROMANIA 1,Univ. Craiova,CFR Cluj,12.0,0.9268,0.0753,0.03,0.1176,1,0.95
2026-04,2026-04-06,ENGLAND 2,Hull,Coventry,19.0,0.9532,0.064,0.03,0.0667,0,-18.0
2026-04,2026-04-07,ESTONIA 1,Narva,Tammeka,20.0,0.9645,0.2427,0.02,0.0769,1,0.95
2026-04,2026-04-07,NORWAY 1,KFUM Oslo,Sandefjord,16.0,0.9479,0.1196,0.01,0.0833,1,0.95
2026-04,2026-04-07,NORWAY 2,Hodd,Sandnes,14.5,0.9473,0.1879,0.05,0.0769,1,0.95
2026-04,2026-04-07,SWEDEN 2,Oddevold,Sandviken,14.5,0.9393,0.0733,0.05,0.0909,1,0.95
2026-04,2026-04-07,COLOMBIA 1,Aguilas,Bucaramanga,9.0,0.9187,0.2227,0.07,0.1538,1,0.95
2026-04,2026-04-09,SAUDI ARABIA 1,Al Ettifaq,Al Riyadh,22.0,0.968,0.2485,0.02,0.0667,1,0.95
2026-04,2026-04-09,EUROPA LEAGUE,Bologna,Aston Villa,11.5,0.9464,0.3363,0.03,0.1176,1,0.95
2026-04,2026-04-10,CHINA 1,Dalian Yingbo,Zhejiang Professional,19.5,0.9821,0.6024,0.02,0.0769,1,0.95
2026-04,2026-04-10,FINLAND 1,TPS,Lahti,16.0,0.9611,0.3296,0.03,0.0833,1,0.95
2026-04,2026-04-10,FINLAND 1,SJK,Mariehamn,25.0,0.9745,0.3132,0.03,0.0833,1,0.95
2026-04,2026-04-10,ROMANIA 1,FC Hermannstadt,Farul Constanta,12.0,0.947,0.3169,0.03,0.1111,1,0.95
2026-04,2026-04-10,AUSTRIA 2,A. Lustenau,St. Polten,12.5,0.9348,0.1379,0.05,0.1176,1,0.95
2026-04,2026-04-10,IRELAND 2,Kerry,UC Dublin,11.5,0.9197,0.0307,0.06,0.1429,1,0.95
2026-04,2026-04-10,ARGENTINA 1,Belgrano,Aldosivi,9.6,0.9051,0.0441,0.14,0.1538,1,0.95
2026-04,2026-04-10,MEXICO 1,Puebla,Club Leon,21.0,0.9714,0.3517,0.08,0.0769,1,0.95
2026-04,2026-04-11,DENMARK 2,Aarhus Fremad,B.93,26.0,0.9669,0.092,0.06,0.0667,1,0.95
2026-04,2026-04-11,SPAIN 1,Real Sociedad,Alaves,14.5,0.945,0.1548,0.04,0.0833,1,0.95
2026-04,2026-04-11,DENMARK 2,Lyngby,Kolding IF,15.5,0.9454,0.1061,0.06,0.0909,1,0.95
2026-04,2026-04-11,ITALY 1,Cagliari,Cremonese,9.6,0.9096,0.0869,0.06,0.1538,1,0.95
2026-04,2026-04-11,ITALY 1,Torino,Verona,9.4,0.9348,0.3401,0.06,0.1429,1,0.95
2026-04,2026-04-11,GERMANY 1,Heidenheim,Union Berlin,16.0,0.981,0.6473,0.02,0.0909,1,0.95
2026-04,2026-04-11,ENGLAND 3,Bradford City,Stevenage,8.0,0.9067,0.2084,0.08,0.1667,1,0.95
2026-04,2026-04-11,ENGLAND 1,Brentford,Everton,9.4,0.911,0.1179,0.09,0.0909,1,0.95
2026-04,2026-04-11,ROMANIA 1,UTA Arad,FC Botosani,16.0,0.947,0.1049,0.03,0.1,1,0.95
2026-04,2026-04-11,SPAIN 1,Elche,Valencia,12.5,0.9401,0.2039,0.04,0.0833,1,0.95
2026-04,2026-04-11,FINLAND 1,Inter Turku,Ilves,17.0,0.9714,0.4659,0.04,0.0769,1,0.95
2026-04,2026-04-11,SAUDI ARABIA 1,Al Najma,Neom SC,30.0,0.9924,0.7218,0.02,0.0769,1,0.95
2026-04,2026-04-11,BRAZIL 1,Remo,Vasco,13.5,0.9467,0.2335,0.03,0.1053,1,0.95
2026-04,2026-04-11,BRAZIL 1,Vitoria,Sao Paulo,9.2,0.9287,0.298,0.03,0.1538,1,0.95
2026-04,2026-04-11,BRAZIL 1,Santos,Atletico-MG,14.0,0.9362,0.0602,0.03,0.125,1,0.95
2026-04,2026-04-11,BRAZIL 1,Internacional,Gremio,16.0,0.9459,0.0867,0.03,0.1111,0,-15.0
2026-04,2026-04-12,NETHERLANDS 2,Dordrecht,Den Haag,21.0,0.9763,0.4533,0.02,0.0667,1,0.95
2026-04,2026-04-12,CHINA 1,Tianjin Jinmen Tiger,Qingdao Hainiu,14.0,0.9525,0.2879,0.02,0.1111,1,0.95
2026-04,2026-04-12,SWEDEN 1,Halmstad,Degerfors,9.8,0.9307,0.2739,0.04,0.1333,1,0.95
2026-04,2026-04-12,NORWAY 1,Rosenborg,Sarpsborg 08,18.5,0.9794,0.5704,0.01,0.0769,1,0.95
2026-04,2026-04-12,ENGLAND 1,Nottingham,Aston Villa,13.5,0.9443,0.2003,0.08,0.0833,1,0.95
2026-04,2026-04-12,ITALY 1,Parma,Napoli,10.5,0.9165,0.077,0.06,0.1429,1,0.95
2026-04,2026-04-12,URUGUAY 1,Central Esp.,Danubio,11.0,0.9166,0.0365,0.06,0.1538,1,0.95
2026-04,2026-04-12,CZECH 1,FK Pardubice,Sigma Olomouc,11.0,0.9203,0.0778,0.09,0.1176,1,0.95
2026-04,2026-04-12,BRAZIL 1,Athletico-PR,Chapecoense-SC,16.0,0.9426,0.0341,0.05,0.0833,1,0.95
2026-04,2026-04-12,CROATIA 1,Rijeka,Osijek,12.5,0.9345,0.1347,0.07,0.1176,1,0.95
2026-04,2026-04-12,DENMARK 1,Brondby,Midtjylland,17.0,0.9888,0.7608,0.08,0.0769,1,0.95
2026-04,2026-04-12,SPAIN 2,Huesca,Dep. La Coruna,10.0,0.9269,0.2227,0.05,0.125,1,0.95
2026-04,2026-04-12,SWITZERLAND 1,Sion,Lausanne,20.0,0.9588,0.128,0.04,0.0769,1,0.95
2026-04,2026-04-12,AUSTRIA 1,Austria Vienna,SK Rapid,10.0,0.9187,0.141,0.07,0.125,1,0.95
2026-04,2026-04-12,NORWAY 1,Fredrikstad,Valerenga,19.0,0.9844,0.654,0.01,0.0667,1,0.95
2026-04,2026-04-12,ITALY 2,Spezia,Mantova,12.0,0.9327,0.1459,0.06,0.1053,1,0.95
2026-04,2026-04-12,ROMANIA 1,Unirea Slobozia,Petrolul,9.2,0.9253,0.2663,0.03,0.1429,1,0.95
2026-04,2026-04-12,SOUTH AFRICA 1,Marumo Gallants,Orbit College,8.2,0.8945,0.0903,0.12,0.1667,0,-7.2
2026-04,2026-04-12,DENMARK 1,Randers FC,FC Copenhagen,19.5,0.9539,0.0537,0.08,0.0667,1,0.95
2026-04,2026-04-12,ITALY 1,Bologna,Lecce,10.5,0.938,0.3023,0.06,0.1111,1,0.95
2026-04,2026-04-12,SPAIN 2,Mirandes,Castellon,18.0,0.9571,0.1801,0.05,0.0667,1,0.95
2026-04,2026-04-12,GERMANY 3,Munich 1860,Regensburg,18.0,0.9506,0.0625,0.04,0.0769,1,0.95
2026-04,2026-04-12,GERMANY 1,Mainz,Freiburg,14.5,0.947,0.1844,0.01,0.1053,1,0.95
2026-04,2026-04-12,ITALY 2,Reggiana,Carrarese,10.5,0.9328,0.2474,0.06,0.1176,1,0.95
2026-04,2026-04-12,URUGUAY 1,Juventud,Progreso,10.5,0.9328,0.2474,0.06,0.125,1,0.95
2026-04,2026-04-12,BRAZIL 1,Fluminense,Flamengo RJ,9.0,0.9252,0.2808,0.05,0.1429,1,0.95
2026-04,2026-04-12,BRAZIL 2,Operario-PR,Cuiaba,9.0,0.9088,0.1337,0.12,0.1538,0,-8.0
2026-04,2026-04-12,BRAZIL 1,Corinthians,Palmeiras,9.2,0.9175,0.1948,0.05,0.1667,0,-8.2
2026-04,2026-04-12,BRAZIL 1,Cruzeiro,Bragantino,12.5,0.9373,0.1691,0.05,0.1176,1,0.95
2026-04,2026-04-12,CHILE 1,Nublense,U. De Chile,10.5,0.9348,0.2684,0.04,0.1333,1,0.95
2026-04,2026-04-12,ARGENTINA 1,Racing Club,River Plate,8.8,0.9,0.0751,0.13,0.1538,1,0.95
2026-04,2026-04-13,ROMANIA 1,Metaloglobus Bucharest,Csikszereda M. Ciuc,13.5,0.9348,0.0727,0.04,0.1111,1,0.95
2026-04,2026-04-13,EGYPT 1,Pharco,Haras El Hodood,7.6,0.8927,0.1397,0.14,0.1429,1,0.95
2026-04,2026-04-13,ROMANIA 1,FC Rapid Bucuresti,FC Arges,11.5,0.9195,0.0286,0.04,0.125,0,-10.5
2026-04,2026-04-13,SAUDI ARABIA 2,Al Jabalain,Al Jubail,32.0,0.9739,0.1161,0.0,0.0667,1,0.95
2026-04,2026-04-13,SWEDEN 1,Brommapojkarna,AIK,18.5,0.9511,0.0476,0.04,0.0769,1,0.95
2026-04,2026-04-13,EGYPT 1,National Bank Egypt,Arab Contractors,8.6,0.8938,0.0423,0.14,0.1333,1,0.95
2026-04,2026-04-13,SPAIN 2,Valladolid,Eibar,7.8,0.9213,0.3398,0.05,0.1538,0,-6.8
2026-04,2026-04-13,SPAIN 1,Levante,Getafe,8.2,0.9177,0.2795,0.04,0.1538,1,0.95
2026-04,2026-04-13,PORTUGAL 1,Tondela,Gil Vicente,11.5,0.9359,0.2164,0.07,0.1176,1,0.95
2026-04,2026-04-13,COLOMBIA 2,Bogota,Orsomarso,12.5,0.9268,0.0387,0.08,0.1333,1,0.95
2026-04,2026-04-13,COLOMBIA 2,Patriotas,Cartagena,9.2,0.9301,0.3106,0.08,0.1429,1,0.95
2026-04,2026-04-14,CYPRUS 1,AEK Larnaca,Omonia,13.0,0.9291,0.0318,0.04,0.1111,1,0.95
2026-04,2026-04-14,ITALY 2,Catanzaro,Modena,14.5,0.9395,0.0761,0.05,0.0833,1,0.95
2026-04,2026-04-14,SWEDEN 2,Varnamo,Sundsvall,15.0,0.9705,0.5092,0.06,0.0909,1,0.95
2026-04,2026-04-14,ENGLAND 5,Wealdstone,Boston Utd,19.5,0.953,0.0352,0.07,0.0667,1,0.95
2026-04,2026-04-14,PERU 1,AD Tarma,Alianza Lima,9.2,0.9348,0.3532,0.08,0.1333,1,0.95
2026-04,2026-04-17,CHINA 1,Qingdao Hainiu,Qingdao West Coast,12.0,0.9611,0.4846,0.03,0.0909,0,-11.0
2026-04,2026-04-17,ROMANIA 1,Otelul,UTA Arad,11.5,0.9282,0.1283,0.04,0.1111,1,0.95
2026-04,2026-04-17,DENMARK 2,Kolding IF,Horsens,10.5,0.9343,0.2634,0.06,0.125,1,0.95
2026-04,2026-04-17,NETHERLANDS 2,Helmond,Venlo,21.0,0.9719,0.3611,0.03,0.0667,1,0.95
2026-04,2026-04-18,AUSTRALIA 1,Brisbane Roar,Melbourne City,16.5,0.9588,0.2722,0.03,0.0909,1,0.95
2026-04,2026-04-18,FINLAND 1,Jaro,KuPS,19.0,0.972,0.4203,0.04,0.0667,1,0.95
2026-04,2026-04-18,ITALY 1,Udinese,Parma,9.8,0.9105,0.0776,0.06,0.1667,1,0.95
2026-04,2026-04-18,GERMANY 1,Union Berlin,Wolfsburg,17.0,0.9742,0.5124,0.01,0.0769,1,0.95
2026-04,2026-04-18,GERMANY 1,Werder Bremen,Hamburger SV,17.5,0.9597,0.2464,0.01,0.0769,1,0.95
2026-04,2026-04-18,SLOVAKIA 1,Ruzomberok,Komarno,11.5,0.9268,0.1122,0.09,0.125,1,0.95
2026-04,2026-04-18,FINLAND 1,AC Oulu,VPS,16.5,0.9506,0.1366,0.04,0.0909,1,0.95
2026-04,2026-04-18,FINLAND 1,Lahti,Inter Turku,11.5,0.9211,0.0471,0.04,0.1111,1,0.95
2026-04,2026-04-18,GREECE 1,Atromitos,AEL Larissa,10.0,0.921,0.164,0.15,0.1333,1,0.95
2026-04,2026-04-18,NORTHERN IRELAND 2,Institute,Ards,8.0,0.9179,0.2975,0.1,0.0833,1,0.95
2026-04,2026-04-18,NORWAY 1,Sandefjord,Rosenborg,21.0,0.9801,0.5337,0.03,0.0667,0,-20.0
2026-04,2026-04-18,SCOTLAND 3,Cove Rangers,Stenhousemuir,13.5,0.9342,0.0646,0.06,0.1,1,0.95
2026-04,2026-04-18,SCOTLAND 4,Annan,Spartans,18.5,0.9506,0.0377,0.04,0.0769,1,0.95
2026-04,2026-04-18,SCOTLAND 4,Stranraer,Forfar Athletic,13.0,0.9348,0.1053,0.04,0.1111,1,0.95
2026-04,2026-04-18,ITALY 2,Palermo,Cesena,17.0,0.9506,0.1119,0.05,0.0769,1,0.95
2026-04,2026-04-18,FINLAND 1,Mariehamn,Ilves,23.0,0.9613,0.0628,0.04,0.0667,1,0.95
2026-04,2026-04-18,GREECE 1,Aris,Volos,12.5,0.9256,0.0241,0.15,0.1176,1,0.95
2026-04,2026-04-18,ITALY 1,Napoli,Lazio,11.5,0.9191,0.0237,0.06,0.1053,1,0.95
2026-04,2026-04-18,URUGUAY 1,Progreso,Wanderers,11.0,0.9167,0.0376,0.06,0.1333,1,0.95
2026-04,2026-04-18,SPAIN 2,Cultural Leonesa,Cordoba,17.0,0.947,0.0519,0.06,0.0833,1,0.95
2026-04,2026-04-18,CROATIA 1,Istra 1961,Vukovar 1991,15.5,0.9406,0.032,0.07,0.0909,1,0.95
2026-04,2026-04-18,PORTUGAL 1,Casa Pia,Santa Clara,8.6,0.8972,0.0708,0.08,0.1538,0,-7.6
2026-04,2026-04-18,USA 1,Toronto FC,Austin FC,13.0,0.9307,0.0532,0.07,0.1053,1,0.95
2026-04,2026-04-18,GERMANY 2,Hannover,Paderborn,22.0,0.9609,0.0913,0.05,0.0667,1,0.95
2026-04,2026-04-18,ARGENTINA 3,Deportivo Rincon,Cipolletti,6.4,0.875,0.1561,0.16,0.1667,1,0.95
2026-04,2026-04-18,URUGUAY 1,Racing Montevideo,Defensor Sp.,9.4,0.9256,0.2547,0.06,0.1429,1,0.95
2026-04,2026-04-18,BRAZIL 1,Vasco,Sao Paulo,11.5,0.9322,0.1739,0.06,0.1176,1,0.95
2026-04,2026-04-18,CHILE 1,Everton,U. De Chile,11.0,0.9348,0.2357,0.05,0.125,0,-10.0
2026-04,2026-04-18,BRAZIL 1,Vitoria,Corinthians,8.0,0.9079,0.2179,0.06,0.1538,0,-7.0
2026-04,2026-04-18,MEXICO 1,Necaxa,Tigres UANL,15.5,0.9426,0.0628,0.06,0.0833,1,0.95
2026-04,2026-04-18,USA 1,New York City,Charlotte,17.0,0.9486,0.0784,0.07,0.0833,1,0.95
2026-04,2026-04-18,USA 1,Philadelphia Union,DC United,12.0,0.9348,0.1705,0.07,0.1111,0,-11.0
2026-04,2026-04-19,MEXICO 1,Club America,Toluca,12.5,0.9395,0.1962,0.06,0.1,1,0.95
2026-04,2026-04-19,ITALY 1,Cremonese,Torino,10.5,0.9201,0.1146,0.06,0.1176,0,-9.5
2026-04,2026-04-19,GERMANY 2,Schalke,Preussen Munster,17.5,0.9467,0.0204,0.05,0.0909,1,0.95
2026-04,2026-04-19,POLAND 1,Rakow,Cracovia,13.0,0.9301,0.0451,0.08,0.1176,1,0.95
2026-04,2026-04-19,ITALY 1,Verona,AC Milan,13.0,0.9348,0.1053,0.06,0.1,1,0.95
2026-04,2026-04-19,ITALY 4,Nissa,Enna,8.6,0.9125,0.2021,0.13,0.0952,1,0.95
2026-04,2026-04-19,BRAZIL 1,Internacional,Mirassol,13.5,0.9351,0.0776,0.06,0.1111,1,0.95
2026-04,2026-04-19,CYPRUS 1,Anorthosis,Omonia Aradippou,12.0,0.9457,0.3014,0.03,0.1333,1,0.95
2026-04,2026-04-19,CZECH 2,Opava,Slavia Prague B,15.0,0.9722,0.5341,0.05,0.0667,1,0.95
2026-04,2026-04-19,ENGLAND 3,Port Vale,Wigan,9.4,0.9028,0.0408,0.09,0.1429,0,-8.4
2026-04,2026-04-19,SWEDEN 1,Hacken,GAIS,20.0,0.9565,0.0827,0.03,0.0769,1,0.95
2026-04,2026-04-19,EGYPT 1,Haras El Hodood,Al Ittihad,8.0,0.9053,0.1969,0.14,0.1538,1,0.95
2026-04,2026-04-19,NORWAY 1,Kristiansund,Fredrikstad,21.0,0.9749,0.4238,0.03,0.0667,1,0.95
2026-04,2026-04-19,NORWAY 1,Sarpsborg 08,Tromso,17.5,0.9553,0.1698,0.03,0.0833,1,0.95
2026-04,2026-04-19,ROMANIA 1,Petrolul,FC Hermannstadt,9.0,0.9334,0.3543,0.04,0.1429,1,0.95
2026-04,2026-04-19,ENGLAND 1,Manchester City,Arsenal,13.0,0.9351,0.11,0.08,0.0909,1,0.95
2026-04,2026-04-19,ITALY 1,Pisa,Genoa,8.6,0.9161,0.2326,0.06,0.1538,1,0.95
2026-04,2026-04-19,CHILE 1,Coquimbo,Nublense,10.5,0.9186,0.0991,0.05,0.125,1,0.95
2026-04,2026-04-19,GERMANY 1,B. Monchengladbach,Mainz,16.0,0.9535,0.2077,0.01,0.0833,1,0.95
2026-04,2026-04-19,ROMANIA 1,Univ. Craiova,FC Rapid Bucuresti,12.0,0.9235,0.0354,0.04,0.1111,1,0.95
2026-04,2026-04-19,ITALY 1,Juventus,Bologna,19.0,0.953,0.0591,0.06,0.0667,1,0.95
2026-04,2026-04-19,BRAZIL 1,Coritiba,Atletico-MG,11.0,0.922,0.0955,0.06,0.1333,1,0.95
2026-04,2026-04-19,BRAZIL 1,Santos,Fluminense,11.5,0.9218,0.0543,0.06,0.1176,1,0.95
2026-04,2026-04-19,URUGUAY 1,Danubio,Maldonado,9.2,0.9348,0.3532,0.06,0.1429,1,0.95
2026-04,2026-04-19,ARGENTINA 1,River Plate,Boca Juniors,7.8,0.8972,0.1531,0.12,0.1538,1,0.95
2026-04,2026-04-19,BRAZIL 3,Figueirense,Botafogo PB,8.6,0.9009,0.1023,0.07,0.1667,1,0.95
2026-04,2026-04-19,CHILE 1,Colo Colo,Palestino,13.0,0.9395,0.1659,0.05,0.1111,1,0.95
2026-04,2026-04-19,URUGUAY 1,Liverpool M.,Nacional,11.0,0.922,0.0955,0.06,0.1176,1,0.95
2026-04,2026-04-19,MEXICO 1,Santos Laguna,Atlas,16.0,0.9418,0.0216,0.06,0.0769,1,0.95
2026-04,2026-04-19,ARGENTINA 1,Rosario Central,Sarmiento Junin,11.0,0.9201,0.0747,0.12,0.125,1,0.95
2026-04,2026-04-19,CHILE 1,Huachipato,A. Italiano,12.5,0.9401,0.2039,0.05,0.1053,1,0.95
2026-04,2026-04-19,COLOMBIA 1,America De Cali,Millonarios,9.4,0.9301,0.2966,0.07,0.1333,1,0.95
2026-04,2026-04-20,UKRAINE 1,Oleksandriya,Veres-Rivne,9.6,0.9093,0.0835,0.11,0.1429,1,0.95
2026-04,2026-04-20,DENMARK 1,Midtjylland,Aarhus,16.0,0.9525,0.193,0.08,0.0667,1,0.95
2026-04,2026-04-20,ITALY 1,Lecce,Fiorentina,10.5,0.9142,0.0532,0.06,0.125,1,0.95
2026-04,2026-04-20,PORTUGAL 1,Moreirense,Estoril,15.0,0.9395,0.0448,0.08,0.0909,1,0.95
2026-04,2026-04-20,URUGUAY 1,Boston River,Cerro Largo,10.5,0.9235,0.1501,0.05,0.1429,1,0.95
2026-04,2026-04-20,PARAGUAY 1,Ameliano,Nacional Asuncion,8.6,0.9187,0.2553,0.08,0.1538,1,0.95
2026-04,2026-04-20,CHILE 1,U. Catolica,Union La Calera,17.5,0.9579,0.2159,0.05,0.0769,1,0.95
2026-04,2026-04-20,COLOMBIA 1,Atl. Nacional,Bucaramanga,13.0,0.9401,0.1739,0.07,0.1111,1,0.95
2026-04,2026-04-21,ESTONIA 1,Kuressaare,Parnu JK Vaprus,18.5,0.9705,0.406,0.03,0.0909,1,0.95
2026-04,2026-04-21,DENMARK 2,Hvidovre IF,Kolding IF,11.5,0.9331,0.1843,0.06,0.1,1,0.95
2026-04,2026-04-21,SPAIN 1,Ath Bilbao,Osasuna,13.5,0.9395,0.1357,0.03,0.1,1,0.95
2026-04,2026-04-21,SPAIN 1,Mallorca,Valencia,11.5,0.9412,0.2769,0.03,0.1111,1,0.95
2026-04,2026-04-21,SWEDEN 2,Orebro,Norrkoping,16.5,0.9588,0.2718,0.05,0.0769,1,0.95
2026-04,2026-04-21,ENGLAND 2,Coventry,Portsmouth,18.0,0.9606,0.2426,0.07,0.0769,1,0.95
2026-04,2026-04-21,ENGLAND 2,West Brom,Watford,13.5,0.9348,0.0727,0.07,0.0909,1,0.95
2026-04,2026-04-21,SPAIN 1,Girona,Betis,15.0,0.95,0.2031,0.03,0.1,1,0.95
2026-04,2026-04-22,MEXICO 1,Club Leon,Club America,12.5,0.9346,0.1364,0.05,0.1053,1,0.95
2026-04,2026-04-22,JAPAN 1,Gamba Osaka,Avispa Fukuoka,13.0,0.9327,0.0786,0.05,0.1176,1,0.95
2026-04,2026-04-22,EGYPT 1,Al Masry,Enppi,6.4,0.8593,0.0568,0.14,0.1667,1,0.95
2026-04,2026-04-22,FINLAND 1,KuPS,AC Oulu,17.0,0.9588,0.2512,0.04,0.0769,1,0.95
2026-04,2026-04-22,DENMARK 2,Hobro,Koge,14.0,0.9337,0.0258,0.06,0.1,1,0.95
2026-04,2026-04-22,ESTONIA 1,Flora,Narva,28.0,0.9905,0.6845,0.03,0.0667,1,0.95
2026-04,2026-04-22,SWEDEN 1,Elfsborg,Djurgarden,13.5,0.9395,0.1357,0.03,0.1053,1,0.95
2026-04,2026-04-22,SWEDEN 1,Orgryte,Brommapojkarna,18.5,0.9742,0.4736,0.03,0.0667,1,0.95
2026-04,2026-04-22,SPAIN 1,Real Sociedad,Getafe,9.4,0.9223,0.2231,0.03,0.1538,1,0.95
2026-04,2026-04-22,PERU 1,Grau,Sporting Cristal,11.5,0.9348,0.2031,0.07,0.1176,1,0.95
2026-04,2026-04-22,ECUADOR 1,Dep. Cuenca,Orense,11.0,0.921,0.0848,0.1,0.125,1,0.95
2026-04,2026-04-22,BOLIVIA 1,Real Potosi,Guabira,23.0,0.992,0.7657,0.01,0.0667,1,0.95
2026-04,2026-04-22,MEXICO 1,Atlas,Tigres UANL,12.5,0.9525,0.3591,0.05,0.1111,0,-11.5
2026-04,2026-04-22,COLOMBIA 1,Fortaleza,America De Cali,10.0,0.9087,0.0418,0.06,0.1429,1,0.95
2026-04,2026-04-23,SPAIN 1,Levante,Sevilla,11.0,0.947,0.3698,0.02,0.125,1,0.95
2026-04,2026-04-23,SWEDEN 1,Degerfors,AIK,10.5,0.9373,0.2946,0.04,0.125,1,0.95
2026-04,2026-04-23,SAUDI ARABIA 1,Damac,Al Okhdood,14.5,0.9439,0.1393,0.02,0.0909,1,0.95
2026-04,2026-04-23,SPAIN 1,Rayo Vallecano,Espanyol,13.5,0.9619,0.4379,0.02,0.1,1,0.95
2026-04,2026-04-24,FINLAND 1,VPS,Ilves,17.5,0.9571,0.2008,0.04,0.0769,1,0.95
2026-04,2026-04-24,SAUDI ARABIA 1,Al Hazem,Al Riyadh,18.0,0.9586,0.207,0.02,0.0769,1,0.95
2026-04,2026-04-24,FRANCE 3,Sochaux,Bourg en Bresse,13.0,0.9342,0.0975,0.07,0.125,1,0.95
2026-04,2026-04-24,ROMANIA 1,FCSB,Petrolul,15.0,0.9447,0.1239,0.05,0.0909,1,0.95
2026-04,2026-04-24,IRELAND 1,St. Patricks,Bohemians,12.0,0.9241,0.0425,0.09,0.1176,1,0.95
2026-04,2026-04-25,SWEDEN 2,Oster,Ostersund,11.0,0.95,0.4029,0.05,0.0909,1,0.95
2026-04,2026-04-25,ENGLAND 3,Doncaster,Stevenage,11.0,0.9167,0.0377,0.09,0.125,1,0.95
2026-04,2026-04-25,SPAIN 1,Alaves,Mallorca,11.0,0.962,0.5334,0.02,0.1,1,0.95
2026-04,2026-04-25,ITALY 1,Parma,Pisa,10.0,0.9161,0.1151,0.05,0.1429,1,0.95
2026-04,2026-04-25,SOUTH AFRICA 1,AmaZulu,Chippa Utd.,10.5,0.9127,0.038,0.15,0.125,1,0.95
2026-04,2026-04-25,GERMANY 1,Heidenheim,St. Pauli,15.0,0.9826,0.6901,0.02,0.0909,1,0.95
2026-04,2026-04-25,CZECH 1,FK Pardubice,Zlin,12.5,0.9302,0.0812,0.11,0.1,1,0.95
2026-04,2026-04-25,FINLAND 1,Inter Turku,Mariehamn,22.0,0.9794,0.4984,0.04,0.0769,1,0.95
2026-04,2026-04-25,NORTHERN IRELAND 2,Warrenpoint,Ards,12.0,0.9556,0.4197,0.09,0.0645,1,0.95
2026-04,2026-04-25,SCOTLAND 3,Kelty Hearts,Cove Rangers,15.5,0.9448,0.0975,0.05,0.0909,1,0.95
2026-04,2026-04-25,SPAIN 1,Getafe,Barcelona,14.5,0.9447,0.1515,0.02,0.1,1,0.95
2026-04,2026-04-25,URUGUAY 1,Juventud,Liverpool M.,10.5,0.9328,0.2474,0.05,0.125,1,0.95
2026-04,2026-04-25,CYPRUS 1,AEK Larnaca,Aris,26.0,0.972,0.2246,0.03,0.0769,1,0.95
2026-04,2026-04-25,ITALY 1,Bologna,AS Roma,11.5,0.9447,0.3173,0.05,0.1176,1,0.95
2026-04,2026-04-25,SLOVAKIA 1,Komarno,Skalica,13.5,0.9311,0.0232,0.09,0.125,1,0.95
2026-04,2026-04-25,SPAIN 1,Valencia,Girona,13.0,0.9406,0.1808,0.02,0.1053,1,0.95
2026-04,2026-04-25,SPAIN 2,Burgos CF,Dep. La Coruna,8.2,0.8996,0.1315,0.06,0.1538,1,0.95
2026-04,2026-04-25,POLAND 1,Cracovia,Pogon Szczecin,13.0,0.9298,0.0414,0.08,0.125,1,0.95
2026-04,2026-04-25,ITALY 3,Pergolettese,Lecco,7.8,0.894,0.1283,0.09,0.125,1,0.95
2026-04,2026-04-25,ITALY 1,Verona,Lecce,7.8,0.9157,0.2966,0.05,0.1667,0,-6.8
2026-04,2026-04-25,SPAIN 1,Atl. Madrid,Ath Bilbao,15.5,0.9737,0.5437,0.02,0.0769,1,0.95
2026-04,2026-04-25,COLOMBIA 1,Pereira,Atl. Nacional,19.5,0.9645,0.2604,0.06,0.0769,1,0.95
2026-04,2026-04-25,BRAZIL 1,Bahia,Santos,16.0,0.9453,0.077,0.06,0.0909,1,0.95
2026-04,2026-04-25,BRAZIL 1,Remo,Cruzeiro,13.5,0.937,0.103,0.06,0.1,1,0.95
2026-04,2026-04-25,CHILE 1,U. De Chile,U. Catolica,13.0,0.9348,0.1053,0.04,0.125,1,0.95
2026-04,2026-04-25,USA 1,Columbus Crew,Philadelphia Union,16.0,0.9438,0.0543,0.06,0.0769,1,0.95
2026-04,2026-04-25,USA 1,DC United,Orlando City,15.5,0.9477,0.1413,0.06,0.0769,1,0.95
2026-04,2026-04-25,BRAZIL 1,Sao Paulo,Mirassol,12.0,0.9229,0.029,0.06,0.125,1,0.95
2026-04,2026-04-25,USA 1,Austin FC,Houston Dynamo,16.0,0.942,0.0243,0.06,0.0769,1,0.95
2026-04,2026-04-26,MEXICO 2,Atletico La Paz,Jaiba Brava,11.0,0.9348,0.2357,0.08,0.1,1,0.95
2026-04,2026-04-26,AUSTRALIA 1,Sydney FC,Auckland FC,19.0,0.9532,0.0638,0.04,0.0769,1,0.95
2026-04,2026-04-26,CHINA 1,Qingdao Hainiu,Shandong Taishan,17.5,0.947,0.0255,0.05,0.0833,1,0.95
2026-04,2026-04-26,NETHERLANDS 1,Excelsior,Utrecht,17.5,0.9506,0.0872,0.06,0.0769,1,0.95
2026-04,2026-04-26,WOM SPAIN 1,Costa Adeje Tenerife W,Sevilla FC W,11.0,0.9187,0.0603,0.04,0.1111,1,0.95
2026-04,2026-04-26,GERMANY 2,Bochum,Greuther Furth,18.0,0.9553,0.1475,0.05,0.0769,1,0.95
2026-04,2026-04-26,TURKEY 1,Genclerbirligi,Kocaelispor,9.8,0.9092,0.0647,0.09,0.125,1,0.95
2026-04,2026-04-26,CHINA 1,Henan Songshan Longmen,Shanghai Shenhua,18.0,0.9537,0.1198,0.05,0.0667,1,0.95
2026-04,2026-04-26,SPAIN 1,Rayo Vallecano,Real Sociedad,16.5,0.971,0.4722,0.02,0.0769,1,0.95
2026-04,2026-04-26,SPAIN 2,Cordoba,Gijon,20.0,0.9539,0.0297,0.06,0.0769,1,0.95
2026-04,2026-04-26,SWITZERLAND 1,Basel,Sion,17.5,0.9506,0.0872,0.03,0.0769,1,0.95
2026-04,2026-04-26,ITALY 4,NovaRomentin,Vado,11.0,0.935,0.2384,0.09,0.08,1,0.95
2026-04,2026-04-26,SWEDEN 2,Brage,Varberg,16.5,0.9467,0.0737,0.05,0.0769,1,0.95
2026-04,2026-04-26,WOM BRAZIL 1,Bragantino W,Cruzeiro W,11.5,0.9348,0.2031,0.07,0.0909,1,0.95
2026-04,2026-04-26,CYPRUS 1,APOEL,Pafos,12.5,0.945,0.2649,0.02,0.1111,1,0.95
2026-04,2026-04-26,ENGLAND CUP,Chelsea,Leeds,15.5,0.9805,0.6481,0.02,0.0667,1,0.95
2026-04,2026-04-26,PORTUGAL 3,AD Marco 09,Braga B,8.4,0.9278,0.3474,0.06,0.1333,1,0.95
2026-04,2026-04-26,SWEDEN 1,Goteborg,GAIS,14.0,0.9467,0.2069,0.04,0.1,1,0.95
2026-04,2026-04-26,AUSTRIA 1,Sturm Graz,Austria Vienna,13.0,0.9346,0.1037,0.08,0.0909,1,0.95
2026-04,2026-04-26,NORWAY 1,HamKam,Start,15.0,0.9523,0.2371,0.03,0.0833,1,0.95
2026-04,2026-04-26,NORWAY 1,KFUM Oslo,Sarpsborg 08,19.5,0.9648,0.2653,0.03,0.0667,1,0.95
2026-04,2026-04-26,NORWAY 1,Tromso,Sandefjord,20.0,0.9702,0.3561,0.03,0.0769,1,0.95
2026-04,2026-04-26,PORTUGAL 3,Amarante,Os Belenenses,8.2,0.8928,0.076,0.06,0.1538,1,0.95
2026-04,2026-04-26,CYPRUS 1,Apollon,Omonia,16.5,0.947,0.0784,0.02,0.1,1,0.95
2026-04,2026-04-26,ITALY 3,Picerno,Sorrento,11.5,0.9223,0.0598,0.08,0.125,0,-10.5
2026-04,2026-04-26,SPAIN 1,Osasuna,Sevilla,11.0,0.9525,0.4303,0.02,0.125,1,0.95
2026-04,2026-04-26,SPAIN 2,Huesca,Zaragoza,9.4,0.9328,0.3213,0.06,0.1538,1,0.95
2026-04,2026-04-26,PORTUGAL 1,Santa Clara,Braga,8.4,0.9137,0.229,0.08,0.1429,1,0.95
2026-04,2026-04-26,ECUADOR 1,Macara,Libertad,9.6,0.9083,0.0739,0.1,0.125,1,0.95
2026-04,2026-04-26,URUGUAY 1,Cerro Largo,Racing Montevideo,9.8,0.9151,0.1225,0.05,0.1333,1,0.95
2026-04,2026-04-26,BRAZIL 1,Corinthians,Vasco,11.0,0.9274,0.1553,0.06,0.1333,1,0.95
2026-04,2026-04-26,BRAZIL 1,Gremio,Coritiba,11.0,0.9278,0.1597,0.06,0.125,1,0.95
2026-04,2026-04-26,BRAZIL 4,Atletico-CE,Ferroviario,11.5,0.9203,0.0379,0.06,0.125,1,0.95
2026-04,2026-04-26,SPAIN 1,Villarreal,Celta Vigo,18.5,0.9676,0.3529,0.02,0.0667,1,0.95
2026-04,2026-04-26,PERU 2,Tacna Heroica,Comerciantes,6.8,0.8954,0.2438,0.13,0.1176,1,0.95
2026-04,2026-04-26,PERU 1,Grau,Alianza Lima,9.8,0.9098,0.0707,0.07,0.1429,1,0.95
2026-04,2026-04-26,PARAGUAY 1,2 de Mayo,Guarani,10.5,0.9281,0.1988,0.08,0.125,1,0.95
2026-04,2026-04-26,BRAZIL 1,Bragantino,Palmeiras,11.5,0.9346,0.2017,0.06,0.1176,1,0.95
2026-04,2026-04-26,CHILE 1,Everton,Cobresal,17.0,0.9617,0.3002,0.05,0.0833,1,0.95
2026-04,2026-04-26,PERU 1,U. de Deportes,Alianza Atl.,8.4,0.927,0.34,0.07,0.1,1,0.95
2026-04,2026-04-26,COLOMBIA 1,Llaneros,Alianza,8.4,0.9126,0.2199,0.07,0.1667,0,-7.4
2026-04,2026-04-26,COLOMBIA 1,Inter Bogotá,Chico,11.0,0.9336,0.2232,0.07,0.125,1,0.95
2026-04,2026-04-27,CYPRUS 1,AEL Limassol,Anorthosis,14.5,0.9506,0.2355,0.02,0.1176,1,0.95
2026-04,2026-04-27,SWEDEN 1,AIK,Malmo FF,13.5,0.9337,0.0589,0.04,0.1,1,0.95
2026-04,2026-04-27,ROMANIA 1,FC Arges,Univ. Craiova,9.2,0.9343,0.3493,0.06,0.1538,1,0.95
2026-04,2026-04-27,SPAIN 2,Cadiz CF,Las Palmas,11.0,0.9213,0.0882,0.07,0.125,1,0.95
2026-04,2026-04-27,SPAIN 1,Espanyol,Levante,12.0,0.9623,0.4991,0.01,0.0909,0,-11.0
2026-04,2026-04-27,PORTUGAL 1,Gil Vicente,Casa Pia,11.5,0.9273,0.1181,0.08,0.1176,1,0.95
2026-04,2026-04-27,PERU 1,AD Tarma,Los Chankas,13.0,0.9348,0.1053,0.07,0.0909,1,0.95
2026-04,2026-04-27,URUGUAY 1,Defensor Sp.,Progreso,11.0,0.9372,0.2623,0.05,0.125,1,0.95
2026-04,2026-04-28,SAUDI ARABIA 1,Neom SC,Al Hazem,28.0,0.992,0.7256,0.02,0.0667,1,0.95
2026-04,2026-04-28,PORTUGAL 3,AD Fafe,Sao Joao Ver,12.0,0.9273,0.0818,0.06,0.125,1,0.95
2026-04,2026-04-29,JAPAN 1,Shimizu S-Pulse,V-Varen Nagasaki,12.0,0.9337,0.1583,0.04,0.1176,1,0.95
2026-04,2026-04-29,JAPAN 1,Verdy,Kashima Antlers,9.6,0.9157,0.1452,0.04,0.1538,1,0.95
2026-04,2026-04-29,JAPAN 1,Avispa Fukuoka,Sanfrecce Hiroshima,13.0,0.9297,0.0398,0.04,0.1176,1,0.95
2026-04,2026-04-29,JAPAN 2,Oita Trinita,Kumamoto,9.4,0.9102,0.1101,0.05,0.1538,1,0.95
2026-04,2026-04-29,JAPAN 1,Kyoto,Gamba Osaka,15.5,0.9467,0.127,0.04,0.1,1,0.95
2026-04,2026-04-29,JAPAN 1,Urawa Reds,Kawasaki Frontale,18.0,0.9525,0.0981,0.04,0.0769,1,0.95
2026-04,2026-04-29,JAPAN 1,Mito,Machida,11.0,0.9298,0.1817,0.04,0.1333,1,0.95
2026-04,2026-04-29,EGYPT 1,El Gouna,Haras El Hodood,7.0,0.8852,0.152,0.16,0.1538,1,0.95
2026-04,2026-04-29,SAUDI ARABIA 1,Al Taawon,Al Ittihad,15.0,0.9586,0.3312,0.02,0.0769,1,0.95
2026-04,2026-04-29,NORWAY 1,Tromso,Brann,17.5,0.9644,0.3291,0.03,0.0769,1,0.95
2026-04,2026-04-29,SAUDI ARABIA 1,Al Nassr,Al Ahli SC,28.0,0.9676,0.0454,0.02,0.0667,1,0.95
2026-04,2026-04-30,DENMARK 2,Esbjerg,Horsens,12.5,0.931,0.0907,0.06,0.1053,1,0.95
2026-05,2026-05-01,CHINA 1,Dalian Yingbo,Chongqing Tonglianglong,9.6,0.9256,0.2397,0.05,0.125,1,0.95
2026-05,2026-05-01,CYPRUS 1,Chloraka,Achnas,15.0,0.9504,0.209,0.02,0.1053,1,0.95
2026-05,2026-05-01,EGYPT 1,Zamalek,Al Ahly,11.0,0.9519,0.4231,0.15,0.1111,1,0.95
2026-05,2026-05-01,POLAND 1,Legia,Widzew Lodz,10.5,0.913,0.0411,0.08,0.1333,1,0.95
2026-05,2026-05-01,SCOTLAND 1,Livingston,Aberdeen,14.5,0.9486,0.2078,0.06,0.0909,1,0.95
2026-05,2026-05-01,IRELAND 1,Bohemians,Derry City,11.0,0.9281,0.1623,0.09,0.1111,1,0.95
2026-05,2026-05-01,SPAIN 1,Girona,Mallorca,15.5,0.9655,0.417,0.02,0.0909,1,0.95
2026-05,2026-05-01,SPAIN 2,Zaragoza,Granada CF,14.0,0.9405,0.1198,0.06,0.1176,1,0.95
2026-05,2026-05-02,AUSTRALIA 1,Auckland FC,Melbourne City,14.5,0.9394,0.0745,0.04,0.0909,1,0.95
2026-05,2026-05-02,JAPAN 2,Tokushima,Ehime,12.0,0.9266,0.0726,0.04,0.1176,1,0.95
2026-05,2026-05-02,CHINA 1,Qingdao Hainiu,Shanghai Port,14.5,0.9378,0.0518,0.05,0.1,1,0.95
2026-05,2026-05-02,GERMANY 2,Holstein Kiel,Braunschweig,14.0,0.948,0.2247,0.05,0.0909,1,0.95
2026-05,2026-05-02,CHINA 1,Zhejiang Professional,Shenzhen Xinpengcheng,23.0,0.9647,0.1396,0.05,0.0833,1,0.95
2026-05,2026-05-02,SWEDEN 2,Varberg,Orebro,15.0,0.9404,0.0587,0.05,0.0909,0,-14.0
2026-05,2026-05-02,TURKEY 2,Corum,Erzurumspor,14.0,0.948,0.2247,0.07,0.0833,1,0.95
2026-05,2026-05-02,GERMANY 1,Union Berlin,FC Koln,15.5,0.9489,0.1605,0.02,0.0769,1,0.95
2026-05,2026-05-02,ENGLAND 3,Reading,Blackpool,17.0,0.9483,0.0743,0.08,0.0769,1,0.95
2026-05,2026-05-02,FINLAND 1,Jaro,TPS,16.0,0.9486,0.1307,0.04,0.0833,1,0.95
2026-05,2026-05-02,FINLAND 1,Mariehamn,VPS,15.0,0.9422,0.0858,0.04,0.1,1,0.95
2026-05,2026-05-02,SCOTLAND 3,Alloa,Queen of South,17.0,0.9472,0.0552,0.05,0.0833,1,0.95
2026-05,2026-05-02,SCOTLAND 3,Cove Rangers,East Fife,14.5,0.9399,0.0809,0.05,0.1,0,-13.5
2026-05,2026-05-02,SCOTLAND 1,Falkirk,Motherwell,17.0,0.9486,0.0794,0.06,0.0769,1,0.95
2026-05,2026-05-02,SCOTLAND 1,Dundee FC,St. Mirren,13.0,0.9394,0.1654,0.06,0.1,1,0.95
2026-05,2026-05-02,SPAIN 1,Valencia,Atl. Madrid,16.0,0.9525,0.1928,0.02,0.0833,1,0.95
2026-05,2026-05-02,NETHERLANDS 1,Utrecht,NAC Breda,22.0,0.9609,0.091,0.06,0.0667,1,0.95
2026-05,2026-05-02,PORTUGAL 1,Arouca,Santa Clara,9.8,0.9142,0.1137,0.07,0.1333,1,0.95
2026-05,2026-05-02,ROMANIA 1,Farul Constanta,FC Botosani,16.0,0.9614,0.3351,0.06,0.0769,1,0.95
2026-05,2026-05-02,SWEDEN 2,Sundsvall,Oddevold,12.5,0.9275,0.0473,0.05,0.1111,1,0.95
2026-05,2026-05-02,CYPRUS 1,Omonia,Aris,26.0,0.988,0.6394,0.02,0.0769,1,0.95
2026-05,2026-05-02,SAUDI ARABIA 1,Damac,Al Khaleej,15.0,0.952,0.2326,0.0,0.0909,1,0.95
2026-05,2026-05-02,SPAIN 1,Alaves,Ath Bilbao,13.0,0.948,0.2767,0.02,0.1176,1,0.95
2026-05,2026-05-02,WOM SPAIN 1,Sevilla FC W,Real Madrid W,16.0,0.9469,0.1036,0.04,0.0769,1,0.95
2026-05,2026-05-02,CROATIA 1,Vukovar 1991,Osijek,13.5,0.9321,0.0362,0.07,0.1053,1,0.95
2026-05,2026-05-02,BELGIUM 1,St. Truiden,Royale Union SG,11.5,0.9257,0.0992,0.08,0.1053,1,0.95
2026-05,2026-05-02,PERU 1,AD Tarma,Grau,14.0,0.9404,0.1191,0.07,0.1111,1,0.95
2026-05,2026-05-02,ARGENTINA 1,Union de Santa Fe,Talleres Cordoba,9.2,0.9111,0.1365,0.13,0.125,1,0.95
2026-05,2026-05-02,BRAZIL 1,Athletico-PR,Gremio,12.5,0.9333,0.1202,0.07,0.1429,0,-11.5
2026-05,2026-05-02,USA 1,Atlanta Utd,CF Montreal,17.0,0.9612,0.293,0.06,0.0667,1,0.95
2026-05,2026-05-02,USA 1,Philadelphia Union,Nashville SC,13.0,0.9378,0.1451,0.06,0.1,0,-12.0
2026-05,2026-05-03,SPAIN 4,Valladolid Promesas,Burgos CF B,9.4,0.9417,0.405,0.08,0.0667,1,0.95
2026-05,2026-05-03,GERMANY 1,St. Pauli,Mainz,12.0,0.9414,0.25,0.02,0.1111,1,0.95
2026-05,2026-05-03,CYPRUS 1,APOEL,AEK Larnaca,13.0,0.9417,0.1952,0.02,0.125,1,0.95
2026-05,2026-05-03,EGYPT 1,Haras El Hodood,El Gaish,6.6,0.8615,0.043,0.17,0.1667,0,-5.6
2026-05,2026-05-03,SPAIN 1,Getafe,Rayo Vallecano,7.6,0.9176,0.3278,0.02,0.1667,1,0.95
2026-05,2026-05-03,SWEDEN 1,GAIS,Orgryte,22.0,0.9579,0.0258,0.04,0.0667,1,0.95
2026-05,2026-05-03,FRANCE 1,Strasbourg,Toulouse,15.5,0.9463,0.1202,0.09,0.0769,1,0.95
2026-05,2026-05-03,ROMANIA 1,Petrolul,UTA Arad,10.5,0.9285,0.2023,0.05,0.1176,1,0.95
2026-05,2026-05-03,CYPRUS 1,Apollon,Pafos,12.5,0.9427,0.2366,0.02,0.1176,1,0.95
2026-05,2026-05-03,ICELAND 1,Vestmannaeyjar,Breidablik,29.0,0.98,0.3698,0.02,0.1081,1,0.95
2026-05,2026-05-03,SAUDI ARABIA 1,Al Shabab,Al Taawon,22.0,0.9786,0.4807,0.0,0.0667,1,0.95
2026-05,2026-05-03,SPAIN 2,Real Sociedad B,Burgos CF,9.4,0.9073,0.0833,0.06,0.1333,0,-8.4
2026-05,2026-05-03,BELGIUM 1,Dender,RAAL La Louviere,13.5,0.958,0.3857,0.08,0.0769,1,0.95
2026-05,2026-05-03,GERMANY 1,Freiburg,Wolfsburg,21.0,0.9721,0.3658,0.02,0.0667,1,0.95
2026-05,2026-05-03,URUGUAY 1,Racing Montevideo,Montevideo City,10.5,0.9229,0.1448,0.05,0.1429,1,0.95
2026-05,2026-05-03,SPAIN 1,Espanyol,Real Madrid,22.0,0.9634,0.1471,0.02,0.0667,1,0.95
2026-05,2026-05-03,SPAIN 2,Las Palmas,Valladolid,14.5,0.9376,0.0481,0.06,0.1,1,0.95
2026-05,2026-05-03,PORTUGAL 1,Rio Ave,Gil Vicente,14.5,0.9394,0.0743,0.06,0.0909,0,-13.5
2026-05,2026-05-03,BRAZIL 4,Operario VG,Ceilandia,10.5,0.9179,0.0925,0.1,0.1,1,0.95
2026-05,2026-05-03,COLOMBIA 1,Alianza,Millonarios,12.0,0.9295,0.1078,0.06,0.125,1,0.95
2026-05,2026-05-03,COLOMBIA 1,Deportes Tolima,Dep. Cali,10.0,0.9176,0.1302,0.06,0.1333,1,0.95
2026-05,2026-05-03,COLOMBIA 1,Fortaleza,Bucaramanga,9.8,0.9446,0.4103,0.06,0.125,1,0.95
2026-05,2026-05-03,COLOMBIA 1,Santa Fe,Inter Bogotá,10.0,0.9175,0.129,0.06,0.125,1,0.95
2026-05,2026-05-03,BRAZIL 1,Internacional,Fluminense,10.0,0.9209,0.163,0.07,0.1333,1,0.95
2026-05,2026-05-03,BRAZIL 1,Mirassol,Corinthians,8.4,0.8929,0.0554,0.07,0.1667,1,0.95
2026-05,2026-05-04,FINLAND 1,HJK,Lahti,17.5,0.948,0.0427,0.04,0.0833,1,0.95
2026-05,2026-05-04,SWEDEN 1,Djurgarden,Goteborg,18.0,0.9617,0.2632,0.04,0.0769,1,0.95
2026-05,2026-05-04,SWEDEN 1,Halmstad,Brommapojkarna,12.0,0.9224,0.0229,0.04,0.1176,1,0.95
2026-05,2026-05-04,ROMANIA 1,FC Rapid Bucuresti,CFR Cluj,12.5,0.9387,0.1873,0.05,0.1053,1,0.95
2026-05,2026-05-04,PERU 1,Los Chankas,Deportivo Garcilaso,13.5,0.9486,0.2591,0.06,0.1111,1,0.95
2026-05,2026-05-04,SAUDI ARABIA 1,Al Ittihad,Al Kholood,24.0,0.9781,0.4252,0.01,0.0769,0,-23.0
2026-05,2026-05-04,SPAIN 1,Sevilla,Real Sociedad,12.0,0.9476,0.3234,0.02,0.1176,1,0.95
2026-05,2026-05-04,URUGUAY 1,Penarol,Defensor Sp.,11.5,0.9434,0.3015,0.05,0.125,1,0.95
2026-05,2026-05-05,SOUTH KOREA 1,Gangwon,Pohang,7.8,0.9021,0.1916,0.09,0.1538,1,0.95
2026-05,2026-05-05,SCOTLAND 1,Dunfermline,Arbroath,11.5,0.9372,0.2306,0.05,0.1176,1,0.95
2026-05,2026-05-06,JAPAN 2,Kagoshima Utd,Oita Trinita,10.0,0.9348,0.3017,0.04,0.1333,1,0.95
2026-05,2026-05-06,CHINA 1,Wuhan Three Towns,Qingdao Hainiu,12.5,0.9381,0.1789,0.04,0.0909,1,0.95
2026-05,2026-05-06,CYPRUS 1,AEK Larnaca,Apollon,12.0,0.9472,0.3192,0.02,0.1053,1,0.95
2026-05,2026-05-06,CYPRUS 1,Pafos,Omonia,23.0,0.9625,0.0902,0.02,0.0667,1,0.95
2026-05,2026-05-06,SOUTH AFRICA 1,Marumo Gallants,TS Galaxy,8.4,0.9013,0.1258,0.13,0.1667,1,0.95
2026-05,2026-05-07,TURKEY 2,Bodrumspor,Pendikspor,14.0,0.9359,0.0553,0.07,0.1,1,0.95
2026-05,2026-05-08,ROMANIA 1,UTA Arad,Csikszereda M. Ciuc,15.5,0.9435,0.0774,0.05,0.0667,1,0.95
2026-05,2026-05-08,FINLAND 1,KuPS,SJK,20.0,0.9618,0.1869,0.04,0.0667,0,-19.0
2026-05,2026-05-08,SWEDEN 2,Varberg,Varnamo,15.5,0.9566,0.2797,0.05,0.0833,1,0.95
2026-05,2026-05-08,ITALY 2,Catanzaro,Bari,13.5,0.9383,0.1203,0.06,0.1176,1,0.95
2026-05,2026-05-08,ITALY 2,Monza,Empoli,15.5,0.9481,0.1484,0.06,0.0769,1,0.95
2026-05,2026-05-08,ITALY 2,Reggiana,Sampdoria,11.5,0.9259,0.1021,0.06,0.1111,1,0.95
2026-05,2026-05-08,SCOTLAND 1,Arbroath,Dunfermline,15.0,0.9388,0.0356,0.05,0.0909,0,-14.0
2026-05,2026-05-08,ENGLAND 2,Hull,Millwall,11.0,0.9183,0.0558,0.08,0.1111,0,-10.0
2026-05,2026-05-08,SPAIN 1,Levante,Osasuna,12.0,0.9534,0.3934,0.02,0.0909,1,0.95
2026-05,2026-05-08,URUGUAY 1,Wanderers,Liverpool M.,12.0,0.9254,0.059,0.05,0.1176,1,0.95
2026-05,2026-05-09,SOUTH KOREA 2,Cheongju,Gimpo FC,9.6,0.9209,0.1948,0.08,0.1667,1,0.95
2026-05,2026-05-09,ENGLAND 2,Middlesbrough,Southampton,12.0,0.9486,0.3362,0.09,0.0769,0,-11.0
2026-05,2026-05-09,FINLAND 1,Inter Turku,Jaro,16.0,0.9466,0.098,0.04,0.0833,1,0.95
2026-05,2026-05-09,SPAIN 1,Elche,Alaves,13.5,0.9476,0.2451,0.02,0.1,1,0.95
2026-05,2026-05-09,ESTONIA 1,Parnu JK Vaprus,Narva,23.0,0.9601,0.0349,0.03,0.0833,1,0.95
2026-05,2026-05-09,SCOTLAND 1,Falkirk,Hibernian,15.0,0.9391,0.0394,0.06,0.0833,1,0.95
2026-05,2026-05-09,SPAIN 1,Sevilla,Espanyol,8.8,0.9321,0.3561,0.02,0.1538,1,0.95
2026-05,2026-05-09,SPAIN 2,Burgos CF,Almeria,8.8,0.8977,0.0552,0.07,0.125,0,-7.8
2026-05,2026-05-09,CYPRUS 1,AEL Limassol,Ol. Nicosia,14.0,0.9495,0.245,0.02,0.1111,1,0.95
2026-05,2026-05-09,FINLAND 2,SJK Akatemia,JaPS,15.5,0.9405,0.0311,0.05,0.1053,1,0.95
2026-05,2026-05-09,ROMANIA 1,Otelul,Farul Constanta,14.0,0.9356,0.0519,0.06,0.1,1,0.95
2026-05,2026-05-09,UKRAINE 1,Obolon,Epitsentr,8.8,0.8982,0.0594,0.1,0.1333,1,0.95
2026-05,2026-05-09,SAUDI ARABIA 2,Al Batin,Al Taee,20.0,0.9626,0.2043,0.02,0.0769,1,0.95
2026-05,2026-05-09,SAUDI ARABIA 1,Al Najma,Al Hazem,19.5,0.9603,0.1784,0.02,0.0769,1,0.95
2026-05,2026-05-09,SPAIN 1,Atl. Madrid,Celta Vigo,18.5,0.9533,0.0885,0.02,0.0667,1,0.95
2026-05,2026-05-09,TURKEY 1,Goztepe,Gaziantep,18.5,0.9577,0.1693,0.09,0.0667,1,0.95
2026-05,2026-05-09,TURKEY 1,Kocaelispor,Karagumruk,12.5,0.9344,0.1331,0.09,0.1053,1,0.95
2026-05,2026-05-09,ARGENTINA 2,Temperley,Deportivo Maipu,8.2,0.8941,0.0872,0.18,0.1538,1,0.95
2026-05,2026-05-09,URUGUAY 1,Danubio,Albion,8.4,0.9314,0.377,0.05,0.1429,1,0.95
2026-05,2026-05-09,SCOTLAND 1,Motherwell,Hearts,15.0,0.9441,0.1138,0.06,0.1,1,0.95
2026-05,2026-05-09,SPAIN 1,Real Sociedad,Betis,20.0,0.9786,0.5234,0.02,0.0667,1,0.95
2026-05,2026-05-09,SPAIN 2,Malaga,Gijon,20.0,0.9557,0.0669,0.07,0.0769,1,0.95
2026-05,2026-05-09,PERU 1,Grau,Cienciano,11.0,0.9259,0.1389,0.06,0.1111,1,0.95
2026-05,2026-05-09,BRAZIL 1,Fluminense,Vitoria,15.0,0.9407,0.0628,0.07,0.0833,1,0.95
2026-05,2026-05-09,COLOMBIA 1,Inter Bogotá,Atl. Nacional,10.5,0.9275,0.1923,0.06,0.125,1,0.95
2026-05,2026-05-09,URUGUAY 1,Central Esp.,Racing Montevideo,10.5,0.9146,0.0579,0.05,0.1333,1,0.95
2026-05,2026-05-09,COLOMBIA 1,Deportes Tolima,Dep. Pasto,13.0,0.9309,0.0555,0.06,0.125,1,0.95
2026-05,2026-05-09,USA 1,Atlanta Utd,Los Angeles Galaxy,21.0,0.9575,0.059,0.04,0.0667,1,0.95
2026-05,2026-05-09,USA 1,New England Revolution,Philadelphia Union,14.0,0.9395,0.1056,0.04,0.0909,1,0.95
2026-05,2026-05-09,BRAZIL 1,Bahia,Cruzeiro,13.0,0.9452,0.2406,0.07,0.0833,1,0.95
2026-05,2026-05-09,USA 1,Nashville SC,DC United,15.0,0.9515,0.2245,0.04,0.0909,1,0.95
2026-05,2026-05-09,COLOMBIA 1,America De Cali,Santa Fe,12.0,0.9327,0.1456,0.06,0.125,1,0.95
2026-05,2026-05-10,SOUTH KOREA 2,Busan,Cheonan City,8.8,0.8989,0.0657,0.1,0.1,1,0.95
2026-05,2026-05-10,JAPAN 1,Chiba,Machida,10.5,0.9435,0.3591,0.03,0.125,1,0.95
2026-05,2026-05-10,CHINA 1,Qingdao West Coast,Wuhan Three Towns,12.0,0.9428,0.2659,0.04,0.1053,1,0.95
2026-05,2026-05-10,BELGIUM 1,Gent,Anderlecht,16.5,0.9466,0.0717,0.07,0.0769,1,0.95
2026-05,2026-05-10,CROATIA 2,Hrvace,Opatija,9.6,0.9105,0.0953,0.07,0.125,1,0.95
2026-05,2026-05-10,CHINA 1,Qingdao Hainiu,Dalian Yingbo,14.5,0.9379,0.0531,0.04,0.1111,1,0.95
2026-05,2026-05-10,SPAIN 1,Mallorca,Villarreal,18.5,0.9573,0.1618,0.03,0.0769,1,0.95
2026-05,2026-05-10,SWEDEN 1,AIK,Djurgarden,15.0,0.9433,0.1023,0.04,0.0909,1,0.95
2026-05,2026-05-10,NORWAY 1,Rosenborg,Lillestrom,16.5,0.9565,0.2342,0.03,0.0769,1,0.95
2026-05,2026-05-10,ROMANIA 1,FC Botosani,Petrolul,11.0,0.9361,0.2498,0.06,0.1176,1,0.95
2026-05,2026-05-10,GERMANY 1,Hamburger SV,Freiburg,19.0,0.9798,0.5666,0.02,0.0667,1,0.95
2026-05,2026-05-10,CROATIA 1,Osijek,Istra 1961,14.5,0.9425,0.1186,0.07,0.0909,1,0.95
2026-05,2026-05-10,ITALY 4,Teramo,Atletico Ascoli,13.0,0.9388,0.158,0.04,0.1,1,0.95
2026-05,2026-05-10,URUGUAY 1,Defensor Sp.,Juventud,13.5,0.9367,0.0988,0.05,0.1176,1,0.95
2026-05,2026-05-10,SPAIN 1,Ath Bilbao,Valencia,10.5,0.9248,0.1644,0.03,0.1111,1,0.95
2026-05,2026-05-10,SPAIN 2,Leganes,Racing Santander,21.0,0.9798,0.5261,0.06,0.0667,1,0.95
2026-05,2026-05-10,NETHERLANDS 1,Excelsior,FC Volendam,21.0,0.9588,0.0878,0.06,0.0667,1,0.95
2026-05,2026-05-10,NETHERLANDS 1,Groningen,Nijmegen,25.0,0.9798,0.4451,0.06,0.0667,1,0.95
2026-05,2026-05-10,CYPRUS 1,Apollon,APOEL,14.0,0.9513,0.2704,0.02,0.1053,1,0.95
2026-05,2026-05-10,CYPRUS 1,Omonia,AEK Larnaca,20.0,0.9556,0.0636,0.02,0.0833,1,0.95
2026-05,2026-05-10,CYPRUS 1,Pafos,Aris,19.0,0.9634,0.2568,0.02,0.0769,1,0.95
2026-05,2026-05-10,NORWAY 1,Tromso,Molde,16.5,0.9504,0.134,0.03,0.0833,1,0.95
2026-05,2026-05-10,ICELAND 1,KA Akureyri,Vestmannaeyjar,25.0,0.97,0.2019,0.02,0.0667,1,0.95
2026-05,2026-05-10,SPAIN 2,Mirandes,Eibar,13.0,0.9432,0.2147,0.06,0.1,1,0.95
2026-05,2026-05-10,ISRAEL 1,Hapoel Jerusalem,Sakhnin,11.5,0.92,0.0342,0.11,0.1333,1,0.95
2026-05,2026-05-10,PORTUGAL 1,AFS,FC Porto,15.0,0.9431,0.0992,0.07,0.0667,1,0.95
2026-05,2026-05-10,ARGENTINA 1,Rosario Central,Independiente,8.4,0.8938,0.0629,0.12,0.1538,1,0.95
2026-05,2026-05-10,SAUDI ARABIA 1,Al Ittihad,Damac,24.0,0.9966,0.8694,0.02,0.0667,1,0.95
2026-05,2026-05-10,FRANCE 1,Angers,Strasbourg,16.0,0.9442,0.0592,0.08,0.0769,1,0.95
2026-05,2026-05-10,URUGUAY 1,Montevideo City,Progreso,13.0,0.9339,0.0944,0.05,0.125,1,0.95
2026-05,2026-05-10,USA 1,New York City,Columbus Crew,19.0,0.9583,0.1595,0.03,0.0769,1,0.95
2026-05,2026-05-10,BRAZIL 1,Gremio,Flamengo RJ,11.0,0.9198,0.0716,0.07,0.1176,1,0.95
2026-05,2026-05-10,USA 1,Minnesota United,Austin FC,21.0,0.9798,0.5261,0.03,0.0667,1,0.95
2026-05,2026-05-10,USA 1,Los Angeles FC,Houston Dynamo,19.0,0.9649,0.2842,0.03,0.0769,1,0.95
2026-05,2026-05-11,SPAIN 1,Rayo Vallecano,Girona,13.5,0.9565,0.3647,0.03,0.1053,1,0.95
2026-05,2026-05-11,PARAGUAY 1,Cerro Porteno,Guarani,13.0,0.9372,0.137,0.08,0.125,0,-12.0
2026-05,2026-05-11,PERU 1,Sport Boys,U. de Deportes,14.0,0.9347,0.0392,0.05,0.125,0,-13.0
2026-05,2026-05-12,SAUDI ARABIA 1,Al Kholood,Al Okhdood,20.0,0.9643,0.2378,0.03,0.0667,0,-19.0
2026-05,2026-05-12,SPAIN 1,Celta Vigo,Levante,16.0,0.9464,0.0953,0.03,0.0833,1,0.95
2026-05,2026-05-12,SPAIN 1,Betis,Elche,23.0,0.9944,0.8208,0.03,0.0667,1,0.95
2026-05,2026-05-12,ITALY 2,Catanzaro,Avellino,10.5,0.9342,0.2626,0.06,0.125,1,0.95
2026-05,2026-05-12,SPAIN 1,Osasuna,Atl. Madrid,16.0,0.9501,0.1537,0.03,0.0833,1,0.95
2026-05,2026-05-13,SPAIN 1,Espanyol,Ath Bilbao,8.8,0.9347,0.3787,0.03,0.1667,1,0.95
2026-05,2026-05-13,SPAIN 1,Villarreal,Sevilla,16.5,0.9614,0.3143,0.03,0.0909,1,0.95
2026-05,2026-05-13,SWEDEN 2,Falkenberg,Varberg,14.0,0.9375,0.078,0.04,0.0909,1,0.95
2026-05,2026-05-13,ENGLAND 3,Stockport County,Stevenage,11.5,0.9192,0.0244,0.08,0.1111,1,0.95
2026-05,2026-05-13,ARGENTINA 1,Rosario Central,Racing Club,8.0,0.891,0.0831,0.12,0.1667,1,0.95
2026-05,2026-05-13,COLOMBIA 1,Dep. Pasto,Deportes Tolima,8.6,0.9219,0.2822,0.06,0.125,1,0.95
2026-05,2026-05-13,USA 1,DC United,Chicago Fire,18.5,0.9682,0.3636,0.03,0.0667,1,0.95
2026-05,2026-05-13,MEXICO 1,Cruz Azul,Guadalajara Chivas,14.5,0.9419,0.1099,0.07,0.1,1,0.95
2026-05,2026-05-14,BULGARIA 1,Septemvri Sofia,Spartak Varna,13.5,0.9394,0.1351,0.1,0.1,1,0.95
2026-05,2026-05-14,SPAIN 1,Valencia,Rayo Vallecano,10.0,0.9259,0.2127,0.03,0.1429,1,0.95
2026-05,2026-05-14,SPAIN 1,Girona,Real Sociedad,17.5,0.9472,0.0288,0.03,0.0833,1,0.95
2026-05,2026-05-15,CHINA 1,Henan Songshan Longmen,Shenzhen Xinpengcheng,20.0,0.9717,0.3853,0.04,0.0769,1,0.95
2026-05,2026-05-15,CYPRUS 1,Ol. Nicosia,Anorthosis,11.0,0.9422,0.3171,0.02,0.1333,1,0.95
2026-05,2026-05-15,POLAND 1,Zaglebie,Pogon Szczecin,13.0,0.9315,0.0632,0.08,0.0909,1,0.95
2026-05,2026-05-15,ROMANIA 1,FC Arges,FC Rapid Bucuresti,10.5,0.9114,0.024,0.07,0.125,1,0.95
2026-05,2026-05-15,POLAND 1,Korona Kielce,Widzew Lodz,9.2,0.9335,0.3418,0.08,0.1333,1,0.95
2026-05,2026-05-15,SCOTLAND 1,Partick Thistle,Dunfermline,11.5,0.9244,0.0846,0.07,0.125,1,0.95
2026-05,2026-05-15,PARAGUAY 1,Sportivo Trinidense,Cerro Porteno,10.5,0.9224,0.1393,0.09,0.1333,1,0.95
2026-05,2026-05-15,PERU 1,U. de Deportes,Grau,14.5,0.9405,0.0905,0.06,0.1,1,0.95
2026-05,2026-05-16,JAPAN 1,Urawa Reds,FC Tokyo,12.5,0.9372,0.1684,0.05,0.125,0,-11.5
2026-05,2026-05-16,SCOTLAND 1,Hibernian,Motherwell,15.5,0.9419,0.052,0.07,0.0769,1,0.95
2026-05,2026-05-16,WOM ENGLAND 1,Liverpool W,Arsenal W,11.5,0.9475,0.3488,0.07,0.0667,1,0.95
2026-05,2026-05-16,NORWAY 1,Brann,KFUM Oslo,30.0,0.9698,0.0462,0.02,0.0667,1,0.95
2026-05,2026-05-16,GERMANY 1,St. Pauli,Wolfsburg,20.0,0.9828,0.6073,0.02,0.0667,1,0.95
2026-05,2026-05-16,CROATIA 1,Gorica,Osijek,13.0,0.9297,0.0394,0.07,0.1053,1,0.95
2026-05,2026-05-16,FINLAND 1,SJK,Inter Turku,14.0,0.9472,0.2136,0.04,0.0833,1,0.95
2026-05,2026-05-16,ROMANIA 1,Csikszereda M. Ciuc,FC Botosani,14.5,0.9486,0.2078,0.07,0.0833,1,0.95
2026-05,2026-05-16,BULGARIA 1,Arda,Lok. Plovdiv,12.5,0.9263,0.0325,0.08,0.0909,1,0.95
2026-05,2026-05-16,SPAIN 2,Granada CF,Burgos CF,8.6,0.8955,0.0566,0.06,0.1538,1,0.95
2026-05,2026-05-16,ITALY 2,Juve Stabia,Monza,10.5,0.9146,0.0579,0.07,0.1538,1,0.95
2026-05,2026-05-16,ECUADOR 1,Macara,Ind. del Valle,11.5,0.9346,0.2016,0.08,0.1053,1,0.95
2026-05,2026-05-16,USA 1,CF Montreal,Chicago Fire,23.0,0.9608,0.0493,0.03,0.0667,1,0.95
2026-05,2026-05-16,ECUADOR 1,U. Catolica,Delfin,14.5,0.945,0.1548,0.08,0.0909,1,0.95
2026-05,2026-05-16,BRAZIL 1,Fluminense,Sao Paulo,12.5,0.9388,0.1884,0.07,0.1053,1,0.95
2026-05,2026-05-16,PERU 1,Cienciano,Alianza Lima,14.0,0.9434,0.1609,0.06,0.1111,1,0.95
2026-05,2026-05-16,USA 1,Philadelphia Union,Columbus Crew,19.0,0.9618,0.2252,0.03,0.0667,1,0.95
2026-05,2026-05-16,ECUADOR 1,Barcelona SC,Aucas,12.0,0.926,0.0656,0.08,0.1176,1,0.95
2026-05,2026-05-17,ESTONIA 1,Paide,Levadia,16.0,0.9562,0.2508,0.01,0.0833,1,0.95
2026-05,2026-05-17,UKRAINE 1,Kolos Kovalivka,Obolon,8.2,0.8951,0.0953,0.08,0.1538,1,0.95
2026-05,2026-05-17,BELGIUM 1,Club Brugge KV,Royale Union SG,15.5,0.95,0.1769,0.08,0.0909,1,0.95
2026-05,2026-05-17,CHILE 1,Huachipato,Union La Calera,11.0,0.9212,0.0866,0.05,0.125,1,0.95
2026-05,2026-05-17,SPAIN 1,Elche,Getafe,7.8,0.9394,0.4805,0.03,0.1667,1,0.95
2026-05,2026-05-17,SPAIN 1,Levante,Mallorca,15.0,0.9649,0.4247,0.03,0.0909,1,0.95
2026-05,2026-05-17,SPAIN 1,Osasuna,Espanyol,9.2,0.9477,0.4716,0.03,0.1429,1,0.95
2026-05,2026-05-17,SPAIN 1,Rayo Vallecano,Villarreal,17.5,0.967,0.3735,0.03,0.0833,1,0.95
2026-05,2026-05-17,SPAIN 1,Real Sociedad,Valencia,13.0,0.9441,0.2259,0.03,0.1,1,0.95
2026-05,2026-05-17,PERU 2,Cesar Vallejo,U. San Martin,6.6,0.8686,0.0892,0.14,0.125,1,0.95
2026-05,2026-05-17,PERU 1,Deportivo Garcilaso,Cajamarca,12.0,0.9288,0.0991,0.06,0.1111,1,0.95
2026-05,2026-05-17,BRAZIL 1,Botafogo RJ,Corinthians,10.5,0.9225,0.1406,0.07,0.1333,1,0.95
2026-05,2026-05-17,URUGUAY 1,Albion,Wanderers,11.5,0.9276,0.1206,0.04,0.125,0,-10.5
2026-05,2026-05-17,BRAZIL 1,Bragantino,Vitoria,13.5,0.9511,0.2926,0.07,0.0833,1,0.95
2026-05,2026-05-17,CHILE 1,Colo Colo,Nublense,13.0,0.9422,0.2014,0.05,0.1053,1,0.95
2026-05,2026-05-17,USA 1,Nashville SC,Los Angeles FC,16.0,0.975,0.5518,0.03,0.0769,1,0.95
2026-05,2026-05-18,FINLAND 1,Lahti,VPS,10.5,0.9381,0.3027,0.04,0.1176,1,0.95
2026-05,2026-05-18,EGYPT 1,Arab Contractors,Wadi Degla,7.8,0.8818,0.0341,0.2,0.1429,1,0.95
2026-05,2026-05-18,ROMANIA 1,FC Hermannstadt,FCSB,18.5,0.9512,0.0497,0.08,0.0667,1,0.95
2026-05,2026-05-18,SPAIN 2,Leganes,Huesca,13.0,0.952,0.329,0.06,0.1,0,-12.0
2026-05,2026-05-18,ICELAND 2,Kopavogur,Njardvik,27.0,0.9662,0.0393,0.02,0.0667,1,0.95
2026-05,2026-05-18,URUGUAY 1,Maldonado,Danubio,12.5,0.9332,0.1177,0.05,0.1111,1,0.95
2026-05,2026-05-19,CHINA 1,Qingdao West Coast,Beijing Guoan,17.5,0.9545,0.1565,0.04,0.0667,1,0.95
2026-05,2026-05-19,SWEDEN 2,Helsingborg,Varberg,12.0,0.9347,0.1698,0.05,0.0909,1,0.95
2026-05,2026-05-19,ITALY 2,Monza,Juve Stabia,11.0,0.9317,0.2025,0.06,0.125,1,0.95
2026-05,2026-05-20,CHINA 1,Chongqing Tonglianglong,Yunnan Yukun,15.0,0.95,0.203,0.04,0.0667,0,-14.0
2026-05,2026-05-20,SWEDEN 1,GAIS,Hammarby,14.5,0.9489,0.2116,0.04,0.0909,1,0.95
2026-05,2026-05-21,DENMARK 1,Brondby,FC Copenhagen,16.0,0.9489,0.135,0.08,0.0833,1,0.95
2026-05,2026-05-21,SWEDEN 1,Elfsborg,Mjallby,13.0,0.9404,0.1777,0.04,0.1176,1,0.95
2026-05,2026-05-21,ICELAND 1,Akranes,Vestmannaeyjar,26.0,0.9888,0.6591,0.02,0.0667,1,0.95
2026-05,2026-05-22,CYPRUS 1,Omonia,Apollon,19.0,0.9672,0.3288,0.03,0.0667,1,0.95
2026-05,2026-05-22,AUSTRIA 1,Ried,SK Rapid,11.5,0.9325,0.1769,0.07,0.125,1,0.95
2026-05,2026-05-22,TURKEY CUP,Trabzonspor,Konyaspor,15.0,0.9381,0.024,0.05,0.0909,1,0.95
2026-05,2026-05-22,ITALY 2,Sudtirol,Bari,10.5,0.9182,0.095,0.06,0.1333,0,-9.5
2026-05,2026-05-22,CHILE 1,Everton,Coquimbo,10.5,0.9159,0.0715,0.05,0.1111,1,0.95
2026-05,2026-05-22,IRELAND 1,Shamrock Rovers,Sligo Rovers,20.0,0.9565,0.0826,0.1,0.0769,1,0.95
2026-05,2026-05-22,URUGUAY 1,Liverpool M.,Racing Montevideo,8.2,0.9209,0.3054,0.05,0.1667,0,-7.2
2026-05,2026-05-23,AUSTRALIA 1,Auckland FC,Sydney FC,12.0,0.9328,0.1465,0.04,0.1429,1,0.95
2026-05,2026-05-23,SLOVENIA 2,NK Bistrica,Slovan Ljubljana,18.5,0.9515,0.0547,0.06,0.0667,1,0.95
2026-05,2026-05-23,SWEDEN 1,Halmstad,Orgryte,14.5,0.9367,0.0355,0.04,0.0909,1,0.95
2026-05,2026-05-23,URUGUAY 1,Progreso,Montevideo City,12.0,0.9256,0.0611,0.06,0.125,1,0.95
2026-05,2026-05-23,CROATIA 1,Rijeka,Gorica,16.0,0.958,0.2796,0.08,0.0769,1,0.95
2026-05,2026-05-23,FINLAND 1,Jaro,Mariehamn,13.5,0.9405,0.1499,0.04,0.0909,1,0.95
2026-05,2026-05-23,FINLAND 1,KuPS,Lahti,17.5,0.948,0.0427,0.04,0.0909,1,0.95
2026-05,2026-05-23,FINLAND 1,SJK,AC Oulu,19.0,0.9573,0.1405,0.04,0.0667,1,0.95
2026-05,2026-05-23,SWEDEN 2,Falkenberg,Varnamo,16.0,0.9438,0.0538,0.05,0.0769,1,0.95
2026-05,2026-05-23,POLAND 1,Cracovia,Korona Kielce,10.5,0.9229,0.1448,0.08,0.1333,1,0.95
2026-05,2026-05-23,PERU 2,U. San Martin,Union Comercio,7.4,0.8833,0.0919,0.15,0.1333,1,0.95
2026-05,2026-05-23,URUGUAY 1,Cerro Largo,Boston River,11.0,0.9195,0.0684,0.06,0.125,1,0.95
2026-05,2026-05-23,SPAIN 1,Alaves,Rayo Vallecano,13.0,0.9361,0.1219,0.03,0.1176,1,0.95
2026-05,2026-05-23,SPAIN 1,Betis,Levante,21.0,0.9845,0.6256,0.03,0.0667,1,0.95
2026-05,2026-05-23,SPAIN 1,Celta Vigo,Sevilla,13.0,0.9372,0.1366,0.03,0.125,1,0.95
2026-05,2026-05-23,SPAIN 1,Espanyol,Real Sociedad,18.0,0.9486,0.028,0.03,0.0667,1,0.95
2026-05,2026-05-23,SPAIN 1,Girona,Elche,19.0,0.9537,0.0732,0.03,0.0833,1,0.95
2026-05,2026-05-23,USA 1,Minnesota United,Real Salt Lake,20.0,0.9807,0.5653,0.02,0.0769,1,0.95
2026-05,2026-05-23,ECUADOR 1,Orense,U. Catolica,17.0,0.9572,0.2243,0.08,0.0667,1,0.95
2026-05,2026-05-23,PERU 1,Cusco,Grau,16.5,0.9442,0.0328,0.07,0.0833,1,0.95
2026-05,2026-05-23,USA 1,Charlotte,New England Revolution,18.5,0.9727,0.4455,0.02,0.0769,1,0.95
2026-05,2026-05-23,USA 1,DC United,CF Montreal,18.5,0.975,0.4894,0.02,0.0667,1,0.95
2026-05,2026-05-23,USA 1,Nashville SC,New York City,17.0,0.952,0.1367,0.02,0.0909,1,0.95
2026-05,2026-05-24,ENGLAND 3,Bolton,Stockport County,11.5,0.9214,0.0495,0.08,0.1111,1,0.95
2026-05,2026-05-24,URUGUAY 1,CA Cerro,Central Esp.,9.2,0.9348,0.3538,0.05,0.1429,1,0.95
2026-05,2026-05-24,POLAND 2,Odra Opole,Polonia Warszawa,16.5,0.9519,0.1584,0.03,0.0667,1,0.95
2026-05,2026-05-24,TURKEY 2,Erokspor,Corum,8.0,0.9391,0.4658,0.07,0.0909,1,0.95
2026-05,2026-05-24,CHILE 1,D. Concepcion,Huachipato,12.0,0.9317,0.1338,0.04,0.1053,1,0.95
2026-05,2026-05-24,WOM BRAZIL 1,Atletico-MG W,Ferroviaria W,8.8,0.9109,0.17,0.09,0.1053,1,0.95
2026-05,2026-05-24,BRAZIL 1,Corinthians,Atletico-MG,9.6,0.9084,0.075,0.07,0.1538,1,0.95
2026-05,2026-05-24,URUGUAY 1,Defensor Sp.,Penarol,10.5,0.9347,0.2677,0.05,0.125,1,0.95
2026-05,2026-05-24,CHILE 1,U. Catolica,Colo Colo,14.0,0.9492,0.2415,0.04,0.0909,1,0.95
2026-05,2026-05-24,BRAZIL 1,Vasco,Bragantino,12.5,0.9254,0.0209,0.07,0.1053,1,0.95
2026-05,2026-05-24,BRAZIL 2,Operario-PR,Criciuma,8.0,0.8959,0.1226,0.13,0.1667,1,0.95
2026-05,2026-05-25,NORWAY 1,HamKam,Lillestrom,23.0,0.9765,0.4113,0.02,0.0769,1,0.95
2026-05,2026-05-25,DENMARK 2,Lyngby,Horsens,17.0,0.9587,0.2497,0.07,0.0833,1,0.95
2026-05,2026-05-25,NORWAY 1,Sandefjord,Fredrikstad,17.5,0.9663,0.3615,0.02,0.0769,1,0.95
2026-05,2026-05-25,ROMANIA 1,FC Rapid Bucuresti,Univ. Craiova,14.0,0.9359,0.0553,0.08,0.1,0,-13.0
2026-05,2026-05-25,IRELAND 1,Bohemians,Shamrock Rovers,12.0,0.9372,0.1994,0.11,0.1111,1,0.95
2026-05,2026-05-25,PERU 1,Comerciantes Unidos,Deportivo Garcilaso,11.5,0.9215,0.0516,0.06,0.1333,0,-10.5
2026-05,2026-05-25,BRAZIL 1,Coritiba,Bahia,12.0,0.9331,0.1503,0.06,0.1,1,0.95
2026-05,2026-05-25,ECUADOR 1,Aucas,Manta,14.0,0.9357,0.0531,0.08,0.1111,1,0.95
2026-05,2026-05-26,SWEDEN 2,Orebro,Helsingborg,15.5,0.9435,0.0764,0.04,0.0909,1,0.95
2026-05,2026-05-28,POLAND 2,Wieczysta Krakow,Polonia Warszawa,23.0,0.9625,0.0902,0.03,0.0667,1,0.95
2026-05,2026-05-29,URUGUAY 1,Cerro Largo,CA Cerro,9.0,0.9284,0.3092,0.05,0.1429,1,0.95
2026-05,2026-05-29,BRAZIL 2,Juventude,America MG,8.2,0.886,0.021,0.13,0.1667,1,0.95
2026-05,2026-05-30,SWEDEN 2,Landskrona,Brage,18.5,0.9496,0.0205,0.03,0.0833,1,0.95
2026-05,2026-05-30,ESTONIA 1,Parnu JK Vaprus,Kalju,22.0,0.9624,0.1252,0.01,0.0714,1,0.95
2026-05,2026-05-30,URUGUAY 1,Racing Montevideo,Defensor Sp.,12.0,0.9264,0.0704,0.06,0.1538,0,-11.0
2026-05,2026-05-30,FINLAND 1,KuPS,Inter Turku,12.5,0.9391,0.1917,0.04,0.0909,1,0.95
2026-05,2026-05-30,FINLAND 1,Lahti,Ilves,12.5,0.9466,0.2849,0.04,0.1,1,0.95
2026-05,2026-05-30,PERU 1,AD Tarma,Cusco,17.5,0.9486,0.0537,0.07,0.0833,1,0.95
2026-05,2026-05-30,URUGUAY 1,Danubio,Progreso,11.5,0.9346,0.2016,0.06,0.1333,1,0.95
2026-05,2026-05-30,CHILE 1,La Serena,Colo Colo,14.0,0.9451,0.1837,0.05,0.0833,1,0.95
2026-05,2026-05-30,ECUADOR 1,Manta,Libertad,9.6,0.9053,0.0454,0.08,0.1333,1,0.95
2026-05,2026-05-30,SPAIN 2,Granada CF,Gijon,14.5,0.9552,0.3022,0.06,0.0769,1,0.95
2026-05,2026-05-30,BRAZIL 1,Bahia,Botafogo RJ,19.0,0.9519,0.0377,0.05,0.0667,1,0.95
2026-05,2026-05-30,BRAZIL 1,Gremio,Corinthians,9.0,0.9291,0.3158,0.05,0.125,1,0.95
2026-05,2026-05-30,PERU 1,Sport Boys,Comerciantes Unidos,11.5,0.927,0.1139,0.07,0.125,1,0.95
2026-05,2026-05-30,ECUADOR 1,Dep. Cuenca,Delfin,10.5,0.9155,0.0671,0.08,0.1538,1,0.95
2026-05,2026-05-31,BRAZIL 1,Bragantino,Internacional,13.5,0.9433,0.1874,0.05,0.1,1,0.95
2026-05,2026-05-31,ESTONIA 1,Paide,Kuressaare,25.0,0.9717,0.2437,0.01,0.0667,1,0.95
2026-05,2026-05-31,SWEDEN 2,Helsingborg,Norrkoping,19.0,0.9609,0.2084,0.03,0.0667,1,0.95
2026-05,2026-05-31,SWEDEN 2,Ostersund,Orebro,15.5,0.9513,0.1973,0.03,0.0909,1,0.95
2026-05,2026-05-31,PERU 1,FBC Melgar,Alianza Atl.,13.0,0.9303,0.0475,0.07,0.0909,1,0.95
2026-05,2026-05-31,BELGIUM 1,Gent,Genk,22.0,0.9638,0.1565,0.08,0.0769,1,0.95
2026-05,2026-05-31,SPAIN 2,Zaragoza,Malaga,12.5,0.9422,0.2303,0.06,0.0667,1,0.95
2026-05,2026-05-31,URUGUAY 1,Juventud,Wanderers,15.5,0.9414,0.0449,0.05,0.1111,1,0.95
2026-05,2026-05-31,BRAZIL 1,Vasco,Atletico-MG,13.0,0.936,0.1207,0.05,0.1053,1,0.95
2026-05,2026-05-31,CHILE 1,O'Higgins,Everton,14.5,0.939,0.0684,0.05,0.0909,1,0.95
2026-05,2026-05-31,PERU 1,Cienciano,Sporting Cristal,22.0,0.9609,0.091,0.07,0.0667,1,0.95
2026-05,2026-05-31,BRAZIL 1,Cruzeiro,Fluminense,14.5,0.9482,0.2019,0.05,0.125,1,0.95
2026-06,2026-06-01,URUGUAY 1,Boston River,Liverpool M.,11.5,0.9268,0.1123,0.05,0.125,1,0.95
2026-06,2026-06-06,URUGUAY 1,Central Esp.,Racing Montevideo,11.0,0.9178,0.05,0.06,0.1667,1,0.95
2026-06,2026-06-07,CHILE CUP,La Serena,Union La Calera,12.5,0.933,0.1157,0.04,0.1429,1,0.95
2026-06,2026-06-07,ARGENTINA 3,Argentino MM,Deportivo Rincon,9.2,0.9036,0.0682,0.19,0.0952,1,0.95
2026-06,2026-06-07,SPAIN 2,Las Palmas,Malaga,11.0,0.916,0.0301,0.06,0.125,1,0.95
2026-06,2026-06-07,URUGUAY 1,Defensor Sp.,Boston River,13.0,0.9387,0.1558,0.05,0.125,1,0.95
2026-06,2026-06-08,COLOMBIA 1,Atl. Nacional,Junior,18.0,0.9507,0.0659,0.06,0.0667,1,0.95
2026-06,2026-06-08,URUGUAY 1,Liverpool M.,Cerro Largo,10.5,0.9379,0.3008,0.05,0.1333,0,-9.5
2026-06,2026-06-08,CHILE 2,Deportes Temuco,Curico Unido,13.0,0.9377,0.1429,0.05,0.1389,1,0.95
2026-06,2026-06-10,SWEDEN 2,Orebro,Sundsvall,13.5,0.9507,0.2876,0.03,0.1111,1,0.95
2026-06,2026-06-13,ARGENTINA 2,Quilmes,Gimnasia y Tiro,6.6,0.8778,0.1498,0.19,0.1538,1,0.95
2026-06,2026-06-14,ESTONIA 1,Kalju,Paide,22.0,0.9702,0.2952,0.02,0.08,1,0.95
2026-06,2026-06-14,SWEDEN 2,Falkenberg,Orebro,17.0,0.9596,0.2655,0.03,0.0769,1,0.95
2026-06,2026-06-14,CHILE 1,Union La Calera,U. De Chile,13.0,0.9298,0.0411,0.06,0.1053,1,0.95
2026-06,2026-06-14,SPAIN 2,Malaga,Almeria,15.0,0.9432,0.1008,0.06,0.1053,0,-14.0
2026-06,2026-06-16,ESTONIA 1,Kuressaare,Narva,18.5,0.9545,0.1102,0.03,0.08,0,-17.5
2026-06,2026-06-16,SWEDEN 2,Varnamo,Helsingborg,24.0,0.9614,0.0262,0.03,0.0667,1,0.95
2026-06,2026-06-17,FINLAND 1,SJK,VPS,16.5,0.9486,0.104,0.04,0.0833,1,0.95
2026-06,2026-06-18,CHILE 1,U. De Chile,O'Higgins,13.5,0.9319,0.0345,0.06,0.1053,1,0.95
2026-06,2026-06-20,CHILE CUP,Palestino,Magallanes,20.0,0.9789,0.529,0.02,0.0667,1,0.95
2026-06,2026-06-20,WORLD WORLD CUP,Netherlands,Sweden,18.0,0.9601,0.2336,0.04,0.0667,1,0.95
2026-06,2026-06-21,ESTONIA 1,Tammeka,Narva,19.5,0.9599,0.1703,0.03,0.08,1,0.95
2026-06,2026-06-21,SWEDEN 2,Helsingborg,Sundsvall,14.0,0.9408,0.1239,0.04,0.1,1,0.95
2026-06,2026-06-22,SWEDEN 2,Varberg,Landskrona,16.5,0.9477,0.0896,0.05,0.0769,1,0.95
2026-06,2026-06-23,FINLAND 1,Lahti,TPS,16.0,0.9487,0.1318,0.05,0.0833,0,-15.0
2026-06,2026-06-27,FINLAND 1,TPS,Jaro,14.5,0.9418,0.109,0.05,0.0909,1,0.95
2026-06,2026-06-27,FINLAND 1,AC Oulu,Lahti,15.5,0.9477,0.1419,0.05,0.0833,1,0.95
2026-06,2026-06-28,ESTONIA 1,Kalju,Paide,18.0,0.9505,0.0613,0.03,0.0851,1,0.95
2026-06,2026-06-28,BRAZIL 2,Atletico GO,Ponte Preta,15.0,0.949,0.1882,0.08,0.1053,1,0.95
2026-07,2026-07-01,CHILE CUP,Cobresal,La Serena,16.5,0.9446,0.0381,0.04,0.1,1,0.95
2026-07,2026-07-03,IRELAND 1,Sligo Rovers,Shamrock Rovers,17.0,0.948,0.0694,0.08,0.0833,1,0.95
2026-07,2026-07-04,SOUTH KOREA 1,Anyang,Pohang,8.8,0.8962,0.0422,0.09,0.1429,1,0.95
2026-07,2026-07-04,SOUTH KOREA 2,Suwon Bluewings,Seongnam,11.5,0.9225,0.0627,0.11,0.1176,1,0.95
2026-07,2026-07-04,FINLAND 1,Lahti,Gnistan,16.5,0.9562,0.2288,0.05,0.0769,1,0.95
2026-07,2026-07-04,NORWAY 2,Bryne,Sandnes,6.2,0.9752,0.7977,0.02,0.0667,1,0.95
2026-07,2026-07-05,SWEDEN 1,Goteborg,AIK,19.5,0.956,0.094,0.03,0.0769,1,0.95
2026-07,2026-07-05,SWEDEN 1,Elfsborg,Hammarby,19.0,0.9652,0.291,0.03,0.0667,1,0.95
2026-07,2026-07-05,ESTONIA 1,Tammeka,Harju JK Laagri,23.0,0.967,0.1926,0.03,0.0714,1,0.95
2026-07,2026-07-05,CHILE CUP,La Serena,Antofagasta,21.0,0.9578,0.0651,0.02,0.0667,1,0.95
2026-07,2026-07-05,URUGUAY 1,Danubio,Juventud,10.5,0.9285,0.2027,0.06,0.1333,1,0.95
2026-07,2026-07-05,ECUADOR 1,Delfin,Emelec,8.4,0.8926,0.0535,0.07,0.1667,1,0.95
2026-07,2026-07-06,SWEDEN 1,Brommapojkarna,GAIS,17.0,0.9834,0.6683,0.02,0.0833,1,0.95
2026-07,2026-07-06,ECUADOR 1,Orense,Tecnico U.,12.0,0.9518,0.3742,0.07,0.1053,1,0.95
2026-07,2026-07-10,BRAZIL 2,Juventude,Vila Nova FC,8.6,0.9043,0.1316,0.08,0.1538,1,0.95
2026-07,2026-07-10,BRAZIL 2,Sport Recife,Botafogo SP,9.8,0.9204,0.1739,0.08,0.1429,1,0.95
2026-07,2026-07-10,ECUADOR 1,Tecnico U.,Macara,8.6,0.9121,0.1982,0.06,0.1538,1,0.95
2026-07,2026-07-11,ESTONIA 1,Parnu JK Vaprus,Tammeka,19.0,0.956,0.116,0.03,0.0769,1,0.95
2026-07,2026-07-11,NORWAY 1,Fredrikstad,Lillestrom,18.5,0.9602,0.2163,0.03,0.0769,1,0.95
2026-07,2026-07-11,SWEDEN 1,Mjallby,AIK,18.0,0.967,0.358,0.02,0.0769,1,0.95
2026-07,2026-07-11,SCOTLAND CUP,Peterhead,Hamilton,22.0,0.9736,0.3714,0.03,0.0667,1,0.95
2026-07,2026-07-11,SCOTLAND CUP,Queen of South,Kelty Hearts,22.0,0.9702,0.2967,0.03,0.0667,1,0.95
2026-07,2026-07-11,NORWAY 1,Tromso,Valerenga,17.5,0.9834,0.66,0.03,0.0769,1,0.95
2026-07,2026-07-11,ECUADOR 1,Mushuc Runa,Ind. del Valle,15.0,0.9465,0.1499,0.06,0.1,1,0.95
2026-07,2026-07-11,ECUADOR 1,Guayaquil City,Delfin,8.2,0.9223,0.3167,0.06,0.1667,1,0.95
2026-07,2026-07-12,SWEDEN 1,GAIS,Elfsborg,15.5,0.9786,0.6186,0.02,0.0909,1,0.95
2026-07,2026-07-12,NORWAY 1,Sandefjord,HamKam,19.0,0.9726,0.4315,0.03,0.0667,1,0.95
2026-07,2026-07-12,CHILE CUP,Antofagasta,Cobresal,17.0,0.9804,0.6173,0.02,0.0769,1,0.95
2026-07,2026-07-12,ECUADOR 1,Dep. Cuenca,Aucas,9.8,0.9211,0.1809,0.07,0.125,1,0.95
2026-07,2026-07-12,CHILE CUP,Deportes Temuco,Huachipato,20.0,0.9754,0.4595,0.02,0.0769,1,0.95
2026-07,2026-07-12,BRAZIL 2,CRB,Goias,12.5,0.933,0.1161,0.07,0.1176,1,0.95
2026-07,2026-07-13,URUGUAY 1,Cerro Largo,Defensor Sp.,8.6,0.9061,0.1474,0.08,0.1538,1,0.95
2026-07,2026-07-14,SCOTLAND CUP,Kilmarnock,Raith,21.0,0.9825,0.5829,0.04,0.0667,0,-20.0
2026-07,2026-07-16,BRAZIL 1,Vitoria,Vasco,12.0,0.9225,0.0241,0.05,0.1111,1,0.95
2026-07,2026-07-16,USA 1,CF Montreal,Toronto FC,21.0,0.9598,0.1088,0.03,0.0667,0,-20.0
2026-07,2026-07-16,ECUADOR 1,Orense,Emelec,9.8,0.9547,0.5086,0.07,0.1429,1,0.95
2026-07,2026-07-17,SWEDEN 1,Mjallby,Vasteras SK,22.0,0.9636,0.1509,0.02,0.0667,0,-21.0
2026-07,2026-07-17,ROMANIA 1,FCSB,FC Arges,17.5,0.9644,0.3293,0.09,0.0909,1,0.95
2026-07,2026-07-17,BRAZIL 1,Mirassol,Gremio,11.5,0.933,0.1831,0.05,0.1176,1,0.95
2026-07,2026-07-17,BRAZIL 2,Londrina,Botafogo SP,9.6,0.9069,0.0607,0.07,0.1429,0,-8.6
2026-07,2026-07-17,USA 1,Nashville SC,Atlanta Utd,22.0,0.9587,0.0441,0.03,0.0667,1,0.95
2026-07,2026-07-18,SOUTH KOREA 1,Jeju SK,Pohang,9.0,0.9004,0.0584,0.1,0.1429,1,0.95
2026-07,2026-07-18,SOUTH KOREA 2,Seongnam,Busan,12.5,0.9285,0.0597,0.08,0.1111,1,0.95
2026-07,2026-07-18,CHINA 1,Wuhan Three Towns,Shenzhen Xinpengcheng,19.0,0.9674,0.3319,0.02,0.0769,1,0.95
2026-07,2026-07-18,SWEDEN 1,AIK,GAIS,17.0,0.974,0.5099,0.03,0.0909,1,0.95
2026-07,2026-07-18,SWEDEN 2,Ostersund,Landskrona,16.0,0.9429,0.039,0.04,0.0833,1,0.95
2026-07,2026-07-18,SCOTLAND CUP,Hamilton,Raith,20.0,0.9565,0.0817,0.04,0.0769,1,0.95
2026-07,2026-07-18,SCOTLAND CUP,Dundee Utd,Arbroath,22.0,0.9599,0.0692,0.04,0.0667,1,0.95
2026-07,2026-07-18,PERU 1,AD Tarma,U. de Deportes,11.5,0.9381,0.2415,0.07,0.1176,1,0.95
2026-07,2026-07-18,BRAZIL 2,Criciuma,Vila Nova FC,9.6,0.933,0.3103,0.06,0.1429,1,0.95
2026-07,2026-07-18,BRAZIL 2,Sport Recife,Operario-PR,11.0,0.9348,0.2358,0.06,0.125,1,0.95
2026-07,2026-07-18,ECUADOR 1,Dep. Cuenca,U. Catolica,12.0,0.926,0.0656,0.07,0.1176,1,0.95
2026-07,2026-07-18,PERU 1,Grau,Cajamarca,11.5,0.9305,0.1543,0.07,0.125,1,0.95
2026-07,2026-07-18,BRAZIL 2,Atletico GO,Athletic Club,9.8,0.933,0.2969,0.06,0.1429,0,-8.8
2026-07,2026-07-18,MEXICO 1,Guadalajara Chivas,Toluca,19.5,0.9567,0.1087,0.08,0.0769,1,0.95
2026-07,2026-07-19,SWEDEN 1,Elfsborg,Sirius,21.0,0.9641,0.1986,0.02,0.0667,1,0.95
2026-07,2026-07-19,PERU 1,Los Chankas,Sport Boys,12.5,0.9318,0.1003,0.06,0.1111,1,0.95
2026-07,2026-07-19,BULGARIA 1,Botev Vratsa,Cherno More,7.6,0.8926,0.1391,0.08,0.1538,1,0.95
2026-07,2026-07-19,ECUADOR 1,Guayaquil City,Manta,9.2,0.9328,0.3349,0.07,0.1429,1,0.95
2026-07,2026-07-20,ECUADOR 1,Mushuc Runa,Orense,13.0,0.9328,0.0795,0.07,0.1053,1,0.95
2026-07,2026-07-21,SCOTLAND CUP,Arbroath,Montrose,23.0,0.9596,0.0226,0.04,0.0667,1,0.95
2026-07,2026-07-21,SCOTLAND CUP,Stranraer,Edinburgh City,22.0,0.9609,0.0917,0.04,0.0667,1,0.95
2026-07,2026-07-21,ECUADOR 1,U. Catolica,Barcelona SC,12.5,0.9366,0.1601,0.07,0.1053,1,0.95
2026-07,2026-07-22,ECUADOR 1,Macara,Dep. Cuenca,8.8,0.9016,0.0889,0.07,0.1538,1,0.95
2026-07,2026-07-22,BRAZIL 1,Coritiba,Palmeiras,9.2,0.9226,0.2414,0.05,0.1429,1,0.95
2026-07,2026-07-22,BRAZIL 2,Operario-PR,Ponte Preta,16.0,0.9439,0.0553,0.06,0.1,1,0.95
2026-07,2026-07-22,USA 1,Columbus Crew,New York City,15.0,0.9474,0.1643,0.03,0.0909,1,0.95
2026-07,2026-07-22,USA 1,New England Revolution,Toronto FC,18.0,0.9663,0.3451,0.03,0.0769,0,-17.0
2026-07,2026-07-22,USA 1,Charlotte,Atlanta Utd,17.5,0.9561,0.1845,0.03,0.0769,1,0.95
2026-07,2026-07-22,BRAZIL 1,Internacional,Cruzeiro,13.0,0.9351,0.1091,0.05,0.1,1,0.95
2026-07,2026-07-22,BRAZIL 1,Sao Paulo,Athletico-PR,9.4,0.9285,0.2814,0.05,0.1333,1,0.95
2026-07,2026-07-22,USA 1,Houston Dynamo,DC United,18.0,0.9676,0.3685,0.03,0.0769,1,0.95
2026-07,2026-07-22,USA 1,Nashville SC,CF Montreal,21.0,0.9659,0.2347,0.03,0.0667,1,0.95
2026-07,2026-07-22,USA 1,Austin FC,Seattle Sounders,17.0,0.9519,0.1348,0.03,0.0769,1,0.95
2026-07,2026-07-23,BRAZIL 1,Botafogo RJ,Vitoria,15.0,0.9424,0.0894,0.06,0.0769,0,-14.0
2026-07,2026-07-23,BRAZIL 2,Botafogo SP,Juventude,8.4,0.9273,0.343,0.06,0.1667,1,0.95
2026-07,2026-07-24,CZECH 2,Prostejov,Trinec,16.5,0.9439,0.0268,0.06,0.0833,1,0.95
2026-07,2026-07-24,POLAND 2,Odra Opole,Arka Gdynia,15.5,0.9423,0.0592,0.03,0.0909,1,0.95
2026-07,2026-07-24,PARAGUAY 1,Cerro Porteno,Sportivo Trinidense,8.2,0.8923,0.0727,0.09,0.1667,1,0.95
2026-07,2026-07-24,COLOMBIA 1,Llaneros,Pereira,11.0,0.9439,0.3358,0.06,0.1333,1,0.95
2026-07,2026-07-24,COLOMBIA 1,Dep. Cali,Jaguares de Cordoba,12.0,0.9242,0.0446,0.06,0.125,1,0.95
2026-07,2026-07-25,CHINA 1,Qingdao Hainiu,Tianjin Jinmen Tiger,13.0,0.941,0.1863,0.02,0.0909,1,0.95
2026-07,2026-07-25,POLAND 1,Jagiellonia,Korona Kielce,15.0,0.9391,0.039,0.08,0.0909,1,0.95
2026-07,2026-07-25,SWEDEN 1,Degerfors,Djurgarden,20.0,0.9707,0.3654,0.03,0.0833,1,0.95
2026-07,2026-07-25,POLAND 2,Pogon Siedlce,LKS Lodz,15.5,0.9444,0.0909,0.03,0.0909,1,0.95
2026-07,2026-07-25,NORWAY 1,Kristiansund,Start,15.5,0.9555,0.2625,0.04,0.0833,1,0.95
2026-07,2026-07-25,DENMARK 1,Aarhus,Brondby,18.5,0.9516,0.0577,0.08,0.0667,1,0.95
2026-07,2026-07-25,PERU 1,Sport Huancayo,Grau,13.5,0.9413,0.1599,0.05,0.1,1,0.95
2026-07,2026-07-25,URUGUAY 1,Defensor Sp.,Liverpool M.,9.8,0.918,0.1509,0.07,0.125,1,0.95
2026-07,2026-07-25,BRAZIL 1,Athletico-PR,Internacional,11.0,0.9223,0.0992,0.06,0.1176,1,0.95
2026-07,2026-07-25,PARAGUAY 1,Ameliano,Nacional Asuncion,8.6,0.9004,0.0982,0.09,0.1538,1,0.95
2026-07,2026-07-25,COLOMBIA 1,Millonarios,Bucaramanga,10.5,0.9346,0.2666,0.06,0.125,1,0.95
2026-07,2026-07-25,BRAZIL 1,Vasco,Mirassol,12.0,0.9386,0.2165,0.06,0.1111,1,0.95
2026-07,2026-07-25,USA 1,DC United,Toronto FC,18.0,0.9784,0.5619,0.04,0.0769,1,0.95
2026-07,2026-07-25,COLOMBIA 1,Deportes Tolima,Junior,11.0,0.9389,0.2806,0.06,0.1111,1,0.95
2026-07,2026-07-26,SWEDEN 1,GAIS,Halmstad,23.0,0.9752,0.3816,0.03,0.0769,1,0.95
2026-07,2026-07-26,ECUADOR 1,Aucas,Macara,9.4,0.9285,0.2814,0.06,0.1333,1,0.95
2026-07,2026-07-26,BRAZIL 1,Bahia,Corinthians,12.5,0.9361,0.1546,0.06,0.125,1,0.95
2026-07,2026-07-26,BRAZIL 1,Cruzeiro,Botafogo RJ,16.0,0.9517,0.1791,0.06,0.0769,1,0.95
2026-07,2026-07-26,COLOMBIA 1,Inter Bogotá,America De Cali,10.5,0.9285,0.2023,0.06,0.1333,1,0.95
2026-07,2026-07-26,PERU 1,Comerciantes Unidos,Alianza Lima,8.8,0.9164,0.2182,0.06,0.1538,1,0.95
2026-07,2026-07-26,COLOMBIA 1,Aguilas,Santa Fe,9.4,0.9056,0.0673,0.06,0.1538,1,0.95
2026-07,2026-07-26,BRAZIL 1,Flamengo RJ,Sao Paulo,16.0,0.9451,0.074,0.06,0.0833,1,0.95
2026-07,2026-07-26,BRAZIL 1,Gremio,Fluminense,12.0,0.9326,0.1441,0.06,0.1176,1,0.95
2026-07,2026-07-26,CHILE 1,A. Italiano,U. De Chile,15.0,0.9382,0.0259,0.06,0.0769,1,0.95
2026-07,2026-07-26,BRAZIL 1,Remo,Vitoria,12.0,0.928,0.09,0.06,0.1111,1,0.95
2026-07,2026-07-26,COLOMBIA 1,Alianza,Fortaleza,9.2,0.9191,0.2102,0.06,0.1538,1,0.95
2026-07,2026-07-26,ECUADOR 1,Barcelona SC,LDU Quito,12.5,0.9285,0.0597,0.06,0.1111,1,0.95
2026-07,2026-07-27,ECUADOR 1,Mushuc Runa,Libertad,14.5,0.9406,0.092,0.07,0.0769,1,0.95
2026-07,2026-07-27,ECUADOR 1,Guayaquil City,U. Catolica,12.0,0.9301,0.1144,0.07,0.1053,0,-11.0
2026-07,2026-07-27,BRAZIL 2,CRB,Vila Nova FC,12.0,0.9392,0.2231,0.07,0.1111,1,0.95
2026-07,2026-07-27,BRAZIL 2,Sport Recife,Cuiaba,7.8,0.9099,0.2517,0.07,0.1667,1,0.95
2026-07,2026-07-28,PARAGUAY 1,Rubio Nu,Ameliano,8.4,0.9012,0.125,0.09,0.1538,1,0.95
2026-07,2026-07-28,ARGENTINA 1,Rosario Central,Racing Club,8.8,0.9034,0.1047,0.1,0.1538,0,-7.8
2026-07,2026-07-29,BRAZIL 1,Internacional,Flamengo RJ,13.0,0.9289,0.0294,0.06,0.1,1,0.95
2026-07,2026-07-29,BRAZIL 1,Vitoria,Palmeiras,9.4,0.9231,0.2311,0.06,0.1538,1,0.95
2026-07,2026-07-30,PARAGUAY 1,San Lorenzo,Guarani,9.2,0.9012,0.0459,0.09,0.1429,1,0.95
2026-07,2026-07-30,PARAGUAY 1,Libertad Asuncion,Recoleta,14.5,0.9356,0.0201,0.09,0.1,1,0.95
2026-07,2026-07-30,ARGENTINA 1,Independiente,Newells Old Boys,10.5,0.9145,0.0566,0.11,0.125,1,0.95
2026-07,2026-07-30,COLOMBIA 1,Bucaramanga,Llaneros,12.0,0.9311,0.1269,0.06,0.125,1,0.95
2026-07,2026-07-30,MEXICO 2,Alebrijes Oaxaca,Dorados de Sinaloa,14.0,0.9391,0.0999,0.08,0.0952,1,0.95
2026-07,2026-07-31,DENMARK 2,Aarhus Fremad,Aalborg,21.0,0.9566,0.0398,0.06,0.0769,1,0.95
2026-07,2026-07-31,IRELAND 1,Drogheda,Shamrock Rovers,14.5,0.9437,0.136,0.09,0.1,0,-13.5
2026-08,2026-08-01,ENGLAND CUP,Tranmere,Rochdale,14.0,0.9545,0.3155,0.02,0.1,1,0.95
2026-08,2026-08-01,SCOTLAND 4,Edinburgh City,Elgin City,17.0,0.9484,0.0755,0.06,0.0769,1,0.95
2026-08,2026-08-01,SCOTLAND 1,Falkirk,St. Mirren,15.5,0.9424,0.0605,0.07,0.0833,1,0.95
2026-08,2026-08-01,AUSTRIA 1,Tirol,Sturm Graz,17.5,0.9599,0.2503,0.07,0.0833,1,0.95
2026-08,2026-08-01,URUGUAY 1,Albion,Danubio,9.6,0.9168,0.1558,0.08,0.1429,1,0.95
2026-08,2026-08-01,SWITZERLAND 1,Zurich,Servette,21.0,0.9623,0.1599,0.03,0.0667,1,0.95
2026-08,2026-08-01,PERU 2,Llacuabamba,U. San Martin,6.8,0.9012,0.2829,0.16,0.0889,1,0.95
2026-08,2026-08-01,BULGARIA 1,Botev Plovdiv,Cherno More,12.0,0.9382,0.2119,0.09,0.1053,1,0.95
2026-08,2026-08-01,ROMANIA 1,Univ. Craiova,Petrolul,14.0,0.9509,0.2653,0.08,0.0833,1,0.95
2026-08,2026-08-01,ECUADOR 1,Manta,Mushuc Runa,10.5,0.928,0.1973,0.06,0.1429,1,0.95
2026-08,2026-08-01,PARAGUAY 1,Ameliano,2 de Mayo,9.8,0.9129,0.1009,0.09,0.125,1,0.95
2026-08,2026-08-01,PERU 1,Grau,Sport Boys,9.4,0.9173,0.1766,0.05,0.1538,1,0.95
2026-08,2026-08-01,ARGENTINA 1,Estudiantes L.P.,Defensa y Justicia,9.4,0.9168,0.1725,0.12,0.1333,1,0.95
2026-08,2026-08-01,COLOMBIA 1,Alianza,Deportes Tolima,10.5,0.923,0.1457,0.07,0.1333,1,0.95
2026-08,2026-08-01,PARAGUAY 1,Cerro Porteno,Sp. Luqueno,13.0,0.9292,0.0325,0.09,0.1053,1,0.95
2026-08,2026-08-01,PERU 1,Cusco,Cajamarca,22.0,0.9684,0.2574,0.05,0.0769,1,0.95
2026-08,2026-08-01,USA 1,CF Montreal,New England Revolution,18.0,0.9482,0.0207,0.04,0.0769,1,0.95
2026-08,2026-08-02,CHINA 1,Qingdao West Coast,Qingdao Hainiu,19.5,0.9606,0.1838,0.01,0.0909,1,0.95
2026-08,2026-08-02,SOUTH KOREA 2,Gimpo FC,Gyeongnam,11.0,0.9154,0.0236,0.08,0.1333,1,0.95
2026-08,2026-08-02,FINLAND 1,VPS,Inter Turku,13.0,0.9394,0.1654,0.05,0.1053,1,0.95
2026-08,2026-08-02,SCOTLAND 1,St Johnstone,Kilmarnock,14.5,0.9376,0.0486,0.07,0.0833,1,0.95
2026-08,2026-08-02,SLOVAKIA 1,Dun. Streda,Banska Bystrica,18.0,0.963,0.2866,0.06,0.0769,1,0.95
2026-08,2026-08-02,SOUTH AFRICA 1,Siwelele,TS Galaxy,7.6,0.8825,0.0628,0.15,0.1667,1,0.95
2026-08,2026-08-02,CROATIA 1,Varazdin,Hajduk Split,12.5,0.9263,0.0324,0.09,0.1,1,0.95
2026-08,2026-08-02,CZECH 1,FK Pardubice,Jablonec,13.5,0.9621,0.4403,0.05,0.0909,1,0.95
2026-08,2026-08-02,ECUADOR 1,Ind. del Valle,Dep. Cuenca,22.0,0.965,0.1822,0.06,0.0667,1,0.95
2026-08,2026-08-02,PERU 1,AD Tarma,Deportivo Garcilaso,13.0,0.9488,0.2866,0.06,0.1053,1,0.95
2026-08,2026-08-02,ECUADOR 1,Macara,Guayaquil City,11.0,0.9239,0.1168,0.06,0.1333,1,0.95
2026-08,2026-08-03,ROMANIA 1,U. Cluj,FC Botosani,15.0,0.9468,0.1548,0.08,0.0833,1,0.95
2026-08,2026-08-03,POLAND 2,Chrobry Glogow,Odra Opole,12.0,0.944,0.2813,0.03,0.125,1,0.95
2026-08,2026-08-03,POLAND 1,Cracovia,Pogon Szczecin,12.5,0.9346,0.1364,0.08,0.1053,1,0.95
2026-08,2026-08-03,VENEZUELA 1,Caracas,Estudiantes Merida,13.0,0.9305,0.0499,0.09,0.1143,1,0.95
2026-08,2026-08-04,COLOMBIA 1,Llaneros,Fortaleza,9.2,0.9237,0.2515,0.06,0.1538,1,0.95
2026-08,2026-08-04,COLOMBIA 1,Deportes Tolima,Ind. Medellin,10.5,0.9192,0.1061,0.06,0.1333,1,0.95
2026-08,2026-08-05,COLOMBIA 1,Inter Bogotá,Jaguares de Cordoba,13.0,0.9328,0.0794,0.06,0.1176,1,0.95
2026-08,2026-08-05,COLOMBIA 1,Once Caldas,America De Cali,12.0,0.9222,0.0205,0.06,0.125,1,0.95
2026-08,2026-08-06,BOLIVIA 1,Blooming,Always Ready,21.0,0.9624,0.1626,0.08,0.0667,0,-20.0
2026-08,2026-08-07,SOUTH KOREA 2,Gimpo FC,Cheongju,12.0,0.9254,0.0584,0.09,0.1176,1,0.95
2026-08,2026-08-07,POLAND 2,Polonia Bytom,Pogon Siedlce,17.5,0.9505,0.0862,0.03,0.0909,1,0.95
2026-08,2026-08-07,NORWAY 1,Sandefjord,KFUM Oslo,17.5,0.9476,0.0348,0.04,0.0769,1,0.95
2026-08,2026-08-07,NETHERLANDS 2,FC Emmen,Roda,23.0,0.9701,0.2631,0.02,0.0667,1,0.95
2026-08,2026-08-07,NETHERLANDS 2,Venlo,Heracles,24.0,0.9735,0.3164,0.02,0.0667,1,0.95
2026-08,2026-08-07,NETHERLANDS 2,Vitesse,Waalwijk,23.0,0.9735,0.3417,0.02,0.0667,1,0.95
2026-08,2026-08-07,PERU 1,Sport Huancayo,Los Chankas,20.0,0.96,0.1527,0.06,0.0667,1,0.95
2026-08,2026-08-07,GERMANY 2,Bochum,Hertha Berlin,18.0,0.96,0.2311,0.02,0.0769,1,0.95
2026-08,2026-08-07,POLAND 2,Polonia Warszawa,Ruch Chorzow,18.0,0.9509,0.069,0.03,0.0833,1,0.95
2026-08,2026-08-07,TURKEY 2,Boluspor,Manisa FK,18.5,0.9545,0.1108,0.07,0.0769,1,0.95
2026-08,2026-08-07,ENGLAND CUP,Wycombe,Stevenage,12.5,0.9707,0.5847,0.02,0.1176,1,0.95
2026-08,2026-08-07,PARAGUAY 1,Rubio Nu,Recoleta,13.0,0.9329,0.0817,0.09,0.1053,1,0.95
2026-08,2026-08-07,PERU 1,U. de Deportes,Sporting Cristal,13.5,0.9411,0.1573,0.06,0.1,1,0.95
2026-08,2026-08-08,GERMANY 2,Darmstadt,Holstein Kiel,18.5,0.9606,0.2232,0.02,0.0667,1,0.95
2026-08,2026-08-08,GERMANY 2,Magdeburg,Braunschweig,21.0,0.9857,0.6496,0.02,0.0769,1,0.95
2026-08,2026-08-08,ENGLAND CUP,QPR,Millwall,15.0,0.9528,0.2447,0.01,0.0909,1,0.95
2026-08,2026-08-08,ENGLAND CUP,Barnsley,Wigan,18.0,0.966,0.3399,0.01,0.0909,1,0.95
2026-08,2026-08-08,ENGLAND CUP,Crewe,Accrington,16.5,0.9711,0.4739,0.01,0.0833,1,0.95
2026-08,2026-08-08,ENGLAND CUP,Derby,Lincoln,16.0,0.9745,0.5435,0.01,0.0769,1,0.95
2026-08,2026-08-08,ENGLAND CUP,Leyton Orient,Oxford Utd,16.5,0.9745,0.5303,0.01,0.0909,1,0.95
2026-08,2026-08-08,ENGLAND CUP,Preston,Huddersfield,18.5,0.9711,0.4169,0.01,0.0769,1,0.95
2026-08,2026-08-08,ENGLAND CUP,Swansea,Birmingham,15.0,0.9566,0.3016,0.01,0.0909,1,0.95
2026-08,2026-08-08,SCOTLAND 4,Elgin City,Forfar Athletic,15.0,0.9388,0.0349,0.06,0.1,1,0.95
2026-08,2026-08-08,CZECH 1,Teplice,Plzen,14.5,0.9366,0.0338,0.05,0.1,1,0.95
2026-08,2026-08-08,ROMANIA 1,Farul Constanta,Csikszereda M. Ciuc,18.0,0.951,0.0699,0.08,0.0769,1,0.95
2026-08,2026-08-08,SWEDEN 1,Mjallby,Elfsborg,13.0,0.9507,0.311,0.04,0.1333,1,0.95
2026-08,2026-08-08,FINLAND 1,Jaro,VPS,14.0,0.9441,0.1705,0.04,0.0909,1,0.95
2026-08,2026-08-08,PORTUGAL 3,Covilha,Santarem,9.8,0.9145,0.1166,0.08,0.137,1,0.95
2026-08,2026-08-08,BELGIUM 1,St. Liege,Cercle Brugge KSV,15.0,0.9434,0.1042,0.08,0.0833,1,0.95
2026-08,2026-08-08,ENGLAND CUP,Cheltenham,Charlton,17.0,0.9534,0.1593,0.01,0.0833,1,0.95
2026-08,2026-08-08,ENGLAND CUP,Rotherham,West Brom,17.5,0.9745,0.5048,0.01,0.0769,1,0.95
2026-08,2026-08-08,PORTUGAL 3,Os Belenenses,Caldas,12.0,0.9371,0.1983,0.08,0.1212,1,0.95
2026-08,2026-08-08,AUSTRIA 1,Hartberg,Sturm Graz,18.0,0.9637,0.2989,0.07,0.0769,1,0.95
2026-08,2026-08-08,PERU 1,Cajamarca,AD Tarma,14.0,0.9439,0.1669,0.07,0.1053,1,0.95
2026-08,2026-08-08,SWITZERLAND 1,Servette,Grasshoppers,21.0,0.9806,0.543,0.03,0.0769,1,0.95
2026-08,2026-08-08,BRAZIL 1,Gremio,Sao Paulo,10.5,0.9168,0.081,0.06,0.1429,1,0.95
2026-08,2026-08-08,COLOMBIA 1,Santa Fe,Chico,13.0,0.932,0.069,0.06,0.1111,1,0.95
2026-08,2026-08-08,PARAGUAY 1,Ameliano,Cerro Porteno,11.0,0.9224,0.1005,0.09,0.1333,1,0.95
2026-08,2026-08-08,COLOMBIA 1,Fortaleza,Cucuta,12.5,0.9348,0.1382,0.06,0.125,1,0.95
2026-08,2026-08-08,ARGENTINA 1,Boca Juniors,Velez Sarsfield,9.2,0.8997,0.0327,0.1,0.1538,1,0.95
2026-08,2026-08-08,USA 2,Loudoun,Charleston,17.0,0.9534,0.1593,0.08,0.0833,1,0.95
2026-08,2026-08-08,BRAZIL 1,Coritiba,Chapecoense-SC,12.5,0.9365,0.1593,0.06,0.1111,1,0.95
2026-08,2026-08-08,BRAZIL 1,Botafogo RJ,Fluminense,13.0,0.9492,0.292,0.06,0.1176,1,0.95
2026-08,2026-08-08,ARGENTINA 1,Independiente,Platense,8.4,0.904,0.1487,0.1,0.1667,1,0.95
2026-08,2026-08-08,MEXICO 2,Atl. Morelia,Cancun,13.5,0.9348,0.073,0.06,0.1026,1,0.95
2026-08,2026-08-08,PERU 1,Sport Boys,Alianza Lima,9.8,0.9134,0.1058,0.07,0.125,1,0.95
2026-08,2026-08-08,COLOMBIA 1,Dep. Pasto,Dep. Cali,8.4,0.9085,0.1858,0.06,0.1667,1,0.95
2026-08,2026-08-09,NETHERLANDS 2,Helmond,De Graafschap,23.0,0.9624,0.0868,0.02,0.0667,1,0.95
2026-08,2026-08-09,CHINA 1,Henan Songshan Longmen,Qingdao West Coast,21.0,0.9701,0.323,0.02,0.0769,0,-20.0
2026-08,2026-08-09,DENMARK 2,Hvidovre IF,Esbjerg,19.5,0.9555,0.0835,0.05,0.0769,1,0.95
2026-08,2026-08-09,GERMANY 2,Nurnberg,SG Dynamo Dresden,18.0,0.9505,0.0615,0.03,0.0833,1,0.95
2026-08,2026-08-09,DENMARK 2,Vejle,Hillerod,24.0,0.9624,0.0498,0.05,0.0769,1,0.95
2026-08,2026-08-09,POLAND 2,LKS Lodz,Chrobry Glogow,15.5,0.9456,0.1094,0.03,0.0909,1,0.95
2026-08,2026-08-09,BELGIUM 1,Charleroi,Leuven,14.0,0.9374,0.0768,0.08,0.0909,1,0.95
2026-08,2026-08-09,BRAZIL 1,Cruzeiro,Mirassol,13.5,0.9431,0.1844,0.07,0.1053,1,0.95
2026-08,2026-08-09,FINLAND 1,Inter Turku,Lahti,13.5,0.9426,0.1776,0.05,0.1053,0,-12.5
2026-08,2026-08-09,SCOTLAND 1,Hearts,Dundee Utd,18.0,0.9485,0.0262,0.06,0.0667,1,0.95
2026-08,2026-08-09,SCOTLAND 1,Motherwell,Falkirk,17.0,0.9456,0.0278,0.06,0.0769,0,-16.0
2026-08,2026-08-09,SWEDEN 1,Halmstad,GAIS,16.0,0.9484,0.1271,0.04,0.0667,1,0.95
2026-08,2026-08-09,AUSTRIA 1,Ried,SK Rapid,16.0,0.9509,0.1671,0.07,0.0769,1,0.95
2026-08,2026-08-09,FINLAND 1,AC Oulu,HJK,18.0,0.9589,0.2124,0.05,0.0769,1,0.95
2026-08,2026-08-09,CHILE 1,D. Concepcion,U. De Concepcion,12.5,0.9297,0.0749,0.06,0.125,1,0.95
2026-08,2026-08-09,POLAND 1,Jagiellonia,Widzew Lodz,11.5,0.9406,0.2698,0.09,0.1053,1,0.95
2026-08,2026-08-09,ARGENTINA 2,Colon Santa Fe,San Telmo,10.5,0.9275,0.192,0.1,0.1333,1,0.95
2026-08,2026-08-09,ROMANIA 1,Univ. Craiova,FC Arges,12.5,0.9383,0.1819,0.08,0.1176,1,0.95
2026-08,2026-08-09,BRAZIL 1,Palmeiras,Internacional,15.0,0.9548,0.2743,0.07,0.0769,0,-14.0
2026-08,2026-08-09,BRAZIL 2,Novorizontino,Juventude,8.4,0.9084,0.1853,0.07,0.1538,1,0.95
2026-08,2026-08-09,VENEZUELA 2,El Vigia,Puerto Cabello B,8.8,0.905,0.1188,0.14,0.1053,0,-7.8
2026-08,2026-08-09,VENEZUELA 1,Zamora,Puerto Cabello,8.8,0.9109,0.1702,0.08,0.1667,1,0.95
2026-08,2026-08-09,ECUADOR 1,Delfin,Orense,8.8,0.9163,0.2179,0.06,0.1538,1,0.95
2026-08,2026-08-09,COLOMBIA 1,Alianza,Bucaramanga,8.2,0.9323,0.3982,0.06,0.1667,1,0.95
2026-08,2026-08-09,BRAZIL 1,Bragantino,Corinthians,8.6,0.9084,0.1667,0.07,0.1667,1,0.95
2026-08,2026-08-09,BRAZIL 1,Santos,Athletico-PR,11.5,0.923,0.0687,0.07,0.1176,1,0.95
2026-08,2026-08-09,COLOMBIA 1,Jaguares de Cordoba,Once Caldas,11.5,0.9214,0.0501,0.06,0.125,1,0.95
2026-08,2026-08-09,ARGENTINA 1,Argentinos Jrs,Racing Club,8.4,0.9371,0.4248,0.09,0.1667,1,0.95
2026-08,2026-08-09,ECUADOR 1,Guayaquil City,Emelec,9.6,0.934,0.3193,0.06,0.1667,0,-8.6
2026-08,2026-08-09,COLOMBIA 1,America De Cali,Atl. Nacional,11.0,0.9224,0.1007,0.06,0.1333,1,0.95
2026-08,2026-08-10,ENGLAND CUP,Plymouth,Exeter,23.0,0.9828,0.5546,0.01,0.0667,1,0.95
2026-08,2026-08-10,PORTUGAL 1,Santa Clara,Nacional,8.8,0.8953,0.0337,0.08,0.1667,1,0.95
2026-08,2026-08-10,PARAGUAY 2,Tacuary,Guairena,9.6,0.9258,0.2418,0.08,0.125,1,0.95
2026-08,2026-08-10,ECUADOR 1,Libertad,U. Catolica,13.0,0.9295,0.0371,0.07,0.1111,1,0.95
2026-08,2026-08-10,ARGENTINA 1,Banfield,Belgrano,7.8,0.9142,0.2848,0.09,0.1538,1,0.95
2026-08,2026-08-10,URUGUAY 1,Maldonado,Racing Montevideo,8.8,0.9003,0.0777,0.09,0.1538,1,0.95
2026-08,2026-08-10,VENEZUELA 1,Caracas,La Guaira,9.6,0.9107,0.0976,0.08,0.1538,1,0.95
2026-08,2026-08-10,ECUADOR 1,Dep. Cuenca,Manta,11.0,0.9258,0.138,0.07,0.125,1,0.95
2026-08,2026-08-13,SAUDI ARABIA 1,Abha,Al Hazem,13.0,0.9484,0.2818,0.04,0.1053,1,0.95
2026-08,2026-08-14,GERMANY 2,Braunschweig,Bochum,18.0,0.963,0.2866,0.03,0.0667,1,0.95
2026-08,2026-08-14,GERMANY 3,Wurzburger Kickers,Wehen,18.5,0.9578,0.1708,0.03,0.0833,1,0.95
2026-08,2026-08-14,SWEDEN 1,Elfsborg,Vasteras SK,19.0,0.96,0.1916,0.04,0.0769,1,0.95
2026-08,2026-08-14,SWEDEN 2,Landskrona,Oddevold,14.0,0.9348,0.0404,0.06,0.1053,1,0.95
2026-08,2026-08-14,NETHERLANDS 2,Eindhoven FC,Maastricht,21.0,0.9737,0.3991,0.02,0.0667,1,0.95
2026-08,2026-08-14,NETHERLANDS 2,Roda,Helmond,17.0,0.9606,0.2823,0.02,0.0909,1,0.95
2026-08,2026-08-14,NETHERLANDS 2,Waalwijk,Dordrecht,23.0,0.9912,0.7478,0.02,0.0667,1,0.95
2026-08,2026-08-14,SAUDI ARABIA 1,Al Ettifaq,Al Riyadh,22.0,0.98,0.512,0.04,0.0667,1,0.95
2026-08,2026-08-14,POLAND 1,Legia,Radomiak Radom,18.5,0.9558,0.1343,0.09,0.0909,1,0.95
2026-08,2026-08-14,BELGIUM 1,Cercle Brugge KSV,St. Truiden,18.0,0.9534,0.1127,0.08,0.0769,1,0.95
2026-08,2026-08-14,WALES 1,Haverfordwest,Penybont,12.5,0.9275,0.0469,0.09,0.125,1,0.95
2026-08,2026-08-14,ARGENTINA 1,Racing Club,Banfield,12.0,0.9258,0.0638,0.08,0.125,1,0.95
2026-08,2026-08-14,BRAZIL 2,Sport Recife,Londrina,13.5,0.9378,0.1129,0.06,0.1,1,0.95
2026-08,2026-08-15,ROMANIA 2,Politehnica Timisoara,Unirea Slobozia,16.0,0.9481,0.1229,0.03,0.0909,1,0.95
2026-08,2026-08-15,DENMARK 2,Hillerod,Aarhus Fremad,18.5,0.9505,0.0367,0.05,0.0769,1,0.95
2026-08,2026-08-15,GERMANY 2,Greuther Furth,Nurnberg,21.0,0.9755,0.4367,0.03,0.0667,1,0.95
2026-08,2026-08-15,ENGLAND 3,Oxford Utd,MK Dons,12.0,0.9403,0.237,0.06,0.1111,1,0.95
2026-08,2026-08-15,SWEDEN 1,Mjallby,Sirius,20.0,0.98,0.552,0.04,0.0769,1,0.95
2026-08,2026-08-15,POLAND 2,Odra Opole,Warta Poznan,14.0,0.9431,0.1559,0.03,0.1,1,0.95
2026-08,2026-08-15,POLAND 2,Pogon Siedlce,Polonia Warszawa,17.5,0.9509,0.0935,0.03,0.0769,1,0.95
2026-08,2026-08-15,BELGIUM 1,Royale Union SG,Waregem,20.0,0.9554,0.06,0.09,0.0769,0,-19.0
2026-08,2026-08-15,ENGLAND 2,Norwich,West Brom,14.0,0.9338,0.0261,0.09,0.0909,1,0.95
2026-08,2026-08-15,ENGLAND 3,Blackpool,Wycombe,14.5,0.9401,0.0847,0.06,0.0909,1,0.95
2026-08,2026-08-15,ENGLAND 3,Burton,Stevenage,9.8,0.9084,0.0567,0.06,0.1333,1,0.95
2026-08,2026-08-15,ENGLAND 3,Cambridge Utd,Wigan,10.5,0.9272,0.1888,0.06,0.1176,1,0.95
2026-08,2026-08-15,ENGLAND 3,Mansfield,Doncaster,15.5,0.9459,0.1145,0.06,0.0909,1,0.95
2026-08,2026-08-15,NORTHERN IRELAND 1,Portadown,Dungannon,10.5,0.9365,0.2863,0.05,0.1,1,0.95
2026-08,2026-08-15,SCOTLAND 3,Hamilton,Airdrieonians,14.0,0.9373,0.075,0.05,0.1,1,0.95
2026-08,2026-08-15,SCOTLAND 3,Peterhead,East Fife,16.5,0.9538,0.1902,0.05,0.1,1,0.95
2026-08,2026-08-15,SCOTLAND 4,Annan,Clyde,19.5,0.9572,0.117,0.06,0.0667,1,0.95
2026-08,2026-08-15,GERMANY 3,Verl,Duisburg,22.0,0.9616,0.107,0.03,0.0667,1,0.95
2026-08,2026-08-15,ITALY CUP,Catanzaro,Sudtirol,12.0,0.9371,0.1983,0.06,0.125,1,0.95
2026-08,2026-08-15,SAUDI ARABIA 1,Al Taawon,Al Khaleej,16.5,0.944,0.0295,0.05,0.0833,0,-15.5
2026-08,2026-08-15,ARGENTINA 2,Ferro,Atletico Atlanta,7.2,0.8861,0.1358,0.09,0.1667,1,0.95
2026-08,2026-08-15,CZECH 1,Plzen,Zlin,23.0,0.9613,0.0617,0.05,0.0667,1,0.95
2026-08,2026-08-15,SLOVENIA 1,O. Ljubljana,Maribor,12.0,0.9403,0.237,0.05,0.1176,1,0.95
2026-08,2026-08-15,TURKEY 1,Gaziantep,Alanyaspor,12.5,0.9315,0.0975,0.08,0.125,1,0.95
2026-08,2026-08-15,BRAZIL 2,Atletico GO,Vila Nova FC,9.6,0.955,0.5204,0.06,0.1333,1,0.95
2026-08,2026-08-15,BRAZIL 2,Criciuma,Goias,9.6,0.9288,0.2705,0.06,0.1667,1,0.95
2026-08,2026-08-15,ARGENTINA 2,Colon Santa Fe,Patronato,8.6,0.9022,0.1135,0.09,0.1667,1,0.95
2026-08,2026-08-15,SPAIN 1,Sevilla,Rayo Vallecano,8.4,0.9323,0.3847,0.03,0.1667,1,0.95
2026-08,2026-08-15,SPAIN 2,Mallorca,Valladolid,14.0,0.9431,0.1559,0.09,0.1,1,0.95
2026-08,2026-08-15,ARGENTINA 1,Belgrano,Ind. Rivadavia,8.4,0.9066,0.1705,0.08,0.1538,1,0.95
2026-08,2026-08-15,BOLIVIA 1,Blooming,Aurora,19.5,0.9528,0.0324,0.08,0.0769,1,0.95
2026-08,2026-08-15,ECUADOR 1,Mushuc Runa,Barcelona SC,13.5,0.9321,0.0372,0.07,0.1111,0,-12.5
2026-08,2026-08-15,ARGENTINA 1,Platense,Boca Juniors,7.6,0.8833,0.0692,0.08,0.1667,1,0.95
2026-08,2026-08-15,USA 1,Houston Dynamo,Los Angeles Galaxy,21.0,0.9648,0.2125,0.04,0.0667,1,0.95
2026-08,2026-08-15,USA 2,Colorado Springs,Birmingham,13.0,0.9553,0.3716,0.08,0.0714,1,0.95
2026-08,2026-08-15,USA 1,Real Salt Lake,Minnesota United,20.0,0.9694,0.3404,0.04,0.0667,1,0.95
2026-08,2026-08-16,SWEDEN 1,Degerfors,Goteborg,15.0,0.9416,0.0763,0.03,0.1053,1,0.95
2026-08,2026-08-16,BELGIUM 1,RAAL La Louviere,Gent,11.0,0.9287,0.1691,0.08,0.1333,1,0.95
2026-08,2026-08-16,BRAZIL 2,Operario-PR,Avai,11.5,0.9217,0.0538,0.07,0.125,1,0.95
2026-08,2026-08-16,SWEDEN 1,GAIS,Malmo FF,21.0,0.9569,0.0481,0.03,0.0769,1,0.95
2026-08,2026-08-16,AUSTRIA 1,Hartberg,Austria Vienna,13.0,0.9408,0.184,0.06,0.1,1,0.95
2026-08,2026-08-16,ENGLAND 2,Burnley,West Ham,16.5,0.9484,0.1013,0.09,0.0833,1,0.95
2026-08,2026-08-16,POLAND 2,Stal Mielec,Polonia Bytom,22.0,0.963,0.1388,0.03,0.0769,1,0.95
2026-08,2026-08-16,SPAIN 2,Eibar,Tenerife,10.0,0.9145,0.0995,0.08,0.1333,1,0.95
2026-08,2026-08-16,POLAND 1,Cracovia,Rakow,11.5,0.9269,0.1131,0.08,0.1111,1,0.95
2026-08,2026-08-16,BELGIUM 1,KV Mechelen,St. Liege,12.0,0.923,0.0302,0.08,0.1176,1,0.95
2026-08,2026-08-16,PORTUGAL 1,Arouca,Moreirense,12.0,0.9246,0.0486,0.06,0.1111,1,0.95
2026-08,2026-08-16,SLOVAKIA 1,Komarno,Dun. Streda,13.5,0.939,0.1291,0.05,0.1176,1,0.95
2026-08,2026-08-16,SPAIN 1,Espanyol,Levante,10.5,0.9553,0.4832,0.03,0.125,1,0.95
2026-08,2026-08-16,SPAIN 2,Girona,Leganes,16.0,0.9429,0.04,0.08,0.1053,1,0.95
2026-08,2026-08-16,NORWAY 1,Fredrikstad,Kristiansund,18.0,0.9694,0.401,0.02,0.0769,1,0.95
2026-08,2026-08-16,TURKEY 1,Amedspor,Erzurumspor,9.8,0.9372,0.3382,0.07,0.0909,1,0.95
2026-08,2026-08-16,BRAZIL 1,Atletico-MG,Gremio,12.5,0.9315,0.0975,0.07,0.1111,1,0.95
2026-08,2026-08-16,BRAZIL 1,Vasco,Santos,12.5,0.9374,0.1707,0.07,0.1053,1,0.95
2026-08,2026-08-16,ECUADOR 1,Orense,Dep. Cuenca,11.0,0.9329,0.2152,0.08,0.125,1,0.95
2026-08,2026-08-16,PORTUGAL 1,Famalicao,Maritimo,12.0,0.9375,0.2025,0.06,0.125,1,0.95
2026-08,2026-08-16,BRAZIL 1,Mirassol,Flamengo RJ,13.0,0.9322,0.0724,0.07,0.1,1,0.95
2026-08,2026-08-16,USA 1,New York City,Philadelphia Union,20.0,0.9682,0.3165,0.04,0.0667,1,0.95
2026-08,2026-08-16,BRAZIL 1,Corinthians,Cruzeiro,8.6,0.9225,0.2874,0.07,0.1538,1,0.95
2026-08,2026-08-16,VENEZUELA 1,La Guaira,Zamora,12.5,0.9254,0.0211,0.06,0.1538,1,0.95
2026-08,2026-08-16,PERU 1,Cienciano,Deportivo Garcilaso,13.0,0.9398,0.1702,0.07,0.0833,0,-12.0
2026-08,2026-08-16,ECUADOR 1,Aucas,LDU Quito,11.5,0.9304,0.1533,0.08,0.125,1,0.95
2026-08,2026-08-17,FINLAND 1,Gnistan,Ilves,22.0,0.9612,0.0987,0.05,0.0667,1,0.95
2026-08,2026-08-17,TURKEY 1,Samsunspor,Goztepe,14.0,0.9428,0.1523,0.06,0.1,1,0.95
2026-08,2026-08-17,ARGENTINA 1,Velez Sarsfield,Defensa y Justicia,11.0,0.923,0.1072,0.07,0.1333,1,0.95
2026-08,2026-08-17,ECUADOR 1,Macara,U. Catolica,11.0,0.9187,0.0597,0.08,0.1176,1,0.95
2026-08,2026-08-19,BRAZIL 2,Cuiaba,Operario-PR,8.2,0.9109,0.2237,0.08,0.1538,1,0.95
2026-08,2026-08-20,DENMARK 2,Vendsyssel,Hillerod,15.5,0.9418,0.051,0.05,0.1111,1,0.95
2026-08,2026-08-20,SPAIN 1,Rayo Vallecano,Alaves,9.4,0.9476,0.4596,0.03,0.1333,1,0.95
2026-08,2026-08-21,BULGARIA 2,Lok. Gorna,Etar,10.0,0.9358,0.3108,0.09,0.0769,1,0.95
2026-08,2026-08-21,POLAND 2,Chrobry Glogow,Warta Poznan,15.0,0.9466,0.151,0.03,0.0909,1,0.95
2026-08,2026-08-21,AUSTRIA 1,Ried,Grazer AK,13.5,0.9429,0.182,0.06,0.1,1,0.95
2026-08,2026-08-21,NETHERLANDS 2,Dordrecht,Roda,21.0,0.9569,0.0481,0.02,0.0667,1,0.95
2026-08,2026-08-21,NETHERLANDS 2,Helmond,Waalwijk,21.0,0.9711,0.3447,0.02,0.0769,1,0.95
2026-08,2026-08-21,IRELAND 1,Bohemians,Derry City,15.5,0.9553,0.2587,0.08,0.0833,1,0.95
2026-08,2026-08-21,ITALY 3,Alcione Milano,Renate,9.0,0.9071,0.1183,0.08,0.1538,1,0.95
2026-08,2026-08-21,SPAIN 1,Betis,Real Sociedad,15.5,0.964,0.3943,0.03,0.0833,1,0.95
2026-08,2026-08-21,PERU 1,Alianza Atl.,Sporting Cristal,12.5,0.9374,0.1707,0.08,0.0833,1,0.95
2026-08,2026-08-21,CHILE 1,A. Italiano,Union La Calera,12.5,0.9348,0.1382,0.06,0.1053,0,-11.5
2026-08,2026-08-22,ROMANIA 2,CSM Slatina,Metalul Buzau,11.5,0.9528,0.4098,0.03,0.1111,1,0.95
2026-08,2026-08-22,ENGLAND 5,FC Halifax,Tamworth,17.5,0.9482,0.0466,0.07,0.0667,1,0.95
2026-08,2026-08-22,PARAGUAY 2,Independiente FBC,General Caballero JLM,7.8,0.9085,0.2407,0.07,0.1111,0,-6.8
2026-08,2026-08-22,ENGLAND 3,Stockport County,Blackpool,18.0,0.9528,0.1031,0.07,0.0769,1,0.95
2026-08,2026-08-22,FINLAND 1,Jaro,AC Oulu,17.0,0.9478,0.0659,0.05,0.0833,1,0.95
2026-08,2026-08-22,SCOTLAND 3,Cove Rangers,Peterhead,13.0,0.9288,0.0286,0.06,0.1053,1,0.95
2026-08,2026-08-22,CZECH 1,Zlin,Liberec,12.5,0.9436,0.2479,0.05,0.1053,1,0.95
2026-08,2026-08-22,SPAIN 1,Ath Bilbao,Sevilla,11.5,0.9382,0.2428,0.04,0.1176,1,0.95
2026-08,2026-08-22,ITALY 3,Guidonia,Gubbio,8.6,0.9084,0.167,0.08,0.1667,1,0.95
2026-08,2026-08-22,TURKEY 1,Rizespor,Samsunspor,16.0,0.9484,0.1271,0.05,0.0769,1,0.95
2026-08,2026-08-22,BELGIUM 1,Charleroi,KV Mechelen,18.0,0.956,0.1603,0.08,0.0769,1,0.95
2026-08,2026-08-22,CROATIA 1,Slaven Belupo,Gorica,17.0,0.9466,0.0441,0.08,0.0909,1,0.95
2026-08,2026-08-22,ITALY 2,Sudtirol,Entella,8.4,0.9029,0.1394,0.07,0.1429,1,0.95
2026-08,2026-08-22,SPAIN 1,Valencia,Celta Vigo,10.0,0.9264,0.2175,0.04,0.1333,0,-9.0
2026-08,2026-08-22,SAUDI ARABIA 1,Al Khaleej,Al Shabab,21.0,0.9826,0.5846,0.05,0.0667,0,-20.0
2026-08,2026-08-22,URUGUAY 1,Cerro Largo,Defensor Sp.,8.4,0.8932,0.0586,0.1,0.1429,1,0.95
2026-08,2026-08-22,PERU 1,Cajamarca,Comerciantes Unidos,11.0,0.9374,0.2646,0.08,0.125,1,0.95
2026-08,2026-08-22,ITALY 1,Genoa,Napoli,8.0,0.9188,0.3047,0.09,0.1538,1,0.95
2026-08,2026-08-22,ITALY 2,Empoli,Cremonese,11.5,0.9482,0.3572,0.07,0.1176,1,0.95
2026-08,2026-08-22,ITALY 3,Giana Erminio,AlbinoLeffe,8.8,0.9002,0.077,0.08,0.1538,1,0.95
2026-08,2026-08-22,COLOMBIA 1,Aguilas,Millonarios,12.0,0.9244,0.0465,0.07,0.1176,1,0.95
2026-08,2026-08-22,COLOMBIA 1,Deportes Tolima,Bucaramanga,10.0,0.9355,0.3085,0.07,0.1333,0,-9.0
2026-08,2026-08-22,BRAZIL 1,Cruzeiro,Flamengo RJ,14.0,0.9334,0.0209,0.08,0.0909,1,0.95
2026-08,2026-08-22,ECUADOR 1,Barcelona SC,Orense,11.0,0.9239,0.1168,0.09,0.1176,1,0.95
2026-08,2026-08-22,USA 1,St. Louis City,Houston Dynamo,16.0,0.9439,0.0547,0.04,0.0833,1,0.95
2026-08,2026-08-23,ROMANIA 2,Selimbar,Afumati,8.8,0.9476,0.4911,0.03,0.1053,1,0.95
2026-08,2026-08-23,ENGLAND 2,West Brom,Burnley,12.0,0.9456,0.2998,0.11,0.0909,1,0.95
2026-08,2026-08-23,GERMANY CUP,Greuther Furth,Bochum,22.0,0.965,0.1818,0.02,0.0769,1,0.95
2026-08,2026-08-23,CHINA 1,Chongqing Tonglianglong,Dalian Yingbo,12.0,0.9406,0.2401,0.04,0.1176,1,0.95
2026-08,2026-08-23,DENMARK 1,Aarhus,Odense,21.0,0.9624,0.1625,0.06,0.0667,1,0.95
2026-08,2026-08-23,PORTUGAL 1,Vitoria Guimaraes,Nacional,16.0,0.9484,0.1271,0.06,0.0909,1,0.95
2026-08,2026-08-23,CROATIA 1,Rijeka,Istra 1961,19.0,0.9575,0.144,0.08,0.0769,1,0.95
2026-08,2026-08-23,PORTUGAL 1,Santa Clara,Famalicao,8.0,0.9159,0.2814,0.06,0.1538,1,0.95
2026-08,2026-08-23,SPAIN 2,Castellon,Sabadell,15.0,0.9426,0.0925,0.09,0.1053,0,-14.0
2026-08,2026-08-23,SPAIN 2,Gijon,Burgos CF,9.6,0.9213,0.1984,0.09,0.1333,1,0.95
2026-08,2026-08-23,BRAZIL 1,Bragantino,Gremio,15.0,0.9398,0.0498,0.07,0.0909,1,0.95
2026-08,2026-08-23,BRAZIL 1,Palmeiras,Vasco,13.0,0.9409,0.1851,0.07,0.1053,1,0.95
2026-08,2026-08-23,BRAZIL 2,Ponte Preta,Avai,11.5,0.9216,0.0518,0.09,0.125,1,0.95
2026-08,2026-08-23,CROATIA 1,Hajduk Split,Osijek,16.5,0.9453,0.0496,0.08,0.0769,1,0.95
2026-08,2026-08-23,ITALY 2,Cesena,Sampdoria,12.0,0.9252,0.0557,0.06,0.1111,1,0.95
2026-08,2026-08-23,ITALY 3,Sambenedettese,Forli,8.8,0.9017,0.0902,0.07,0.1538,1,0.95
2026-08,2026-08-23,ECUADOR 1,Delfin,Aucas,8.2,0.892,0.0696,0.09,0.1538,1,0.95
2026-08,2026-08-23,BRAZIL 2,Operario-PR,Vila Nova FC,10.0,0.9162,0.1159,0.09,0.1429,0,-9.0
2026-08,2026-08-24,SPAIN 1,Osasuna,Levante,11.0,0.9297,0.1804,0.04,0.1176,0,-10.0
2026-08,2026-08-24,BULGARIA 1,Lok. Plovdiv,Arda,7.8,0.8881,0.0831,0.07,0.1667,1,0.95
2026-08,2026-08-24,ITALY 3,Livorno,Torres,11.0,0.9158,0.0279,0.07,0.1333,1,0.95
2026-08,2026-08-24,PORTUGAL 1,Gil Vicente,Casa Pia,10.5,0.939,0.3122,0.06,0.1429,1,0.95
2026-08,2026-08-24,BRAZIL 1,Botafogo RJ,Athletico-PR,13.0,0.9428,0.2095,0.07,0.1,1,0.95
2026-08,2026-08-25,ENGLAND CUP,Blackpool,Lincoln,16.5,0.9648,0.3709,0.02,0.0833,1,0.95
2026-08,2026-08-25,ENGLAND CUP,Cambridge Utd,Millwall,13.0,0.9427,0.2083,0.02,0.1176,1,0.95
2026-08,2026-08-25,ENGLAND CUP,Stevenage,Reading,11.0,0.9264,0.1438,0.02,0.125,1,0.95
2026-08,2026-08-25,ENGLAND CUP,Stoke,Hull,12.5,0.9456,0.2726,0.02,0.1,1,0.95
2026-08,2026-08-25,SPAIN 1,Valencia,Betis,12.0,0.9329,0.1481,0.04,0.1176,1,0.95
2026-08,2026-08-26,COLOMBIA 1,Chico,Fortaleza,9.0,0.9158,0.1964,0.08,0.1667,0,-8.0
2026-08,2026-08-26,CHILE 1,Coquimbo,U. Catolica,11.5,0.9196,0.0292,0.07,0.125,1,0.95
2026-08,2026-08-27,SAUDI ARABIA 2,Al Jabalain,Al Jeel,15.5,0.9606,0.3414,0.05,0.0909,1,0.95
2026-08,2026-08-27,SPAIN 1,Celta Vigo,Osasuna,10.5,0.9297,0.2149,0.04,0.1333,1,0.95
2026-08,2026-08-27,COLOMBIA 1,Inter Bogotá,Dep. Pasto,11.5,0.9244,0.0843,0.07,0.125,1,0.95
2026-08,2026-08-28,SOUTH KOREA 2,Jeonnam,Cheonan City,16.0,0.9429,0.0393,0.06,0.0769,1,0.95
2026-08,2026-08-28,SAUDI ARABIA 1,Al Riyadh,Neom SC,18.0,0.9485,0.0262,0.07,0.0769,1,0.95
2026-08,2026-08-28,BULGARIA 1,Slavia Sofia,Septemvri Sofia,8.8,0.9176,0.2287,0.06,0.1538,1,0.95
2026-08,2026-08-28,POLAND 1,Wisla Plock,Korona Kielce,12.0,0.9297,0.1101,0.08,0.1,1,0.95
2026-08,2026-08-28,TURKEY 2,Pendikspor,Bandirmaspor,12.5,0.9272,0.0431,0.07,0.1176,1,0.95
2026-08,2026-08-28,CYPRUS 1,Ol. Nicosia,Nea Salamis,11.5,0.9483,0.3577,0.03,0.1333,1,0.95
2026-08,2026-08-28,SPAIN 1,Racing Santander,Elche,17.5,0.9526,0.1236,0.04,0.0769,1,0.95
2026-08,2026-08-28,FRANCE 2,Montpellier,Boulogne,11.5,0.9217,0.0538,0.14,0.1429,0,-10.5
2026-08,2026-08-28,FRANCE 2,Nancy,Dunkerque,14.0,0.935,0.0439,0.14,0.0909,1,0.95
2026-08,2026-08-28,NETHERLANDS 2,Roda,NAC Breda,21.0,0.966,0.2379,0.02,0.0769,1,0.95
2026-08,2026-08-28,ENGLAND 5,Hartlepool,Eastleigh,16.5,0.9461,0.063,0.04,0.0833,1,0.95
2026-08,2026-08-28,ENGLAND 5,Southend,Kidderminster,19.5,0.9636,0.2416,0.04,0.0769,1,0.95
2026-08,2026-08-28,POLAND 2,Odra Opole,LKS Lodz,13.0,0.9502,0.3056,0.02,0.1111,0,-12.0
2026-08,2026-08-29,ROMANIA 2,Metalul Buzau,Chindia Targoviste,14.5,0.9485,0.2063,0.03,0.1,1,0.95
2026-08,2026-08-29,ENGLAND 2,Middlesbrough,West Brom,17.5,0.9509,0.0935,0.07,0.0769,1,0.95
2026-08,2026-08-29,ENGLAND 3,Blackpool,Peterborough,19.0,0.9598,0.1883,0.07,0.0667,1,0.95
2026-08,2026-08-29,SWEDEN 1,Elfsborg,Degerfors,16.5,0.9444,0.0355,0.04,0.0833,1,0.95
2026-08,2026-08-29,BELGIUM 2,RFC Liege,Dender,12.0,0.9459,0.3038,0.05,0.0769,1,0.95
2026-08,2026-08-29,BELGIUM 1,RAAL La Louviere,KV Mechelen,11.5,0.9444,0.3137,0.08,0.1111,1,0.95
2026-08,2026-08-29,ENGLAND 3,Stockport County,Wycombe,18.0,0.9603,0.2382,0.07,0.0769,1,0.95
2026-08,2026-08-29,ENGLAND 1,Bournemouth,Everton,17.0,0.9538,0.1669,0.06,0.0833,1,0.95
2026-08,2026-08-29,PORTUGAL 1,Alverca,Santa Clara,10.5,0.9371,0.2927,0.06,0.125,1,0.95
2026-08,2026-08-29,PORTUGAL 1,Arouca,Maritimo,12.5,0.9314,0.0956,0.06,0.1111,1,0.95
2026-08,2026-08-29,SPAIN 1,Levante,Betis,15.0,0.9482,0.176,0.04,0.0909,1,0.95
2026-08,2026-08-29,ROMANIA 1,FC Arges,Sepsi Sf. Gheorghe,8.0,0.8932,0.1013,0.11,0.1667,1,0.95
2026-08,2026-08-29,CYPRUS 1,AEK Larnaca,APOEL,13.0,0.944,0.2253,0.03,0.125,1,0.95
2026-08,2026-08-29,SWITZERLAND 1,Lausanne,Zurich,20.0,0.966,0.2719,0.02,0.0769,1,0.95
2026-08,2026-08-29,TURKEY 1,Konyaspor,Kocaelispor,9.8,0.9388,0.3532,0.04,0.1538,1,0.95
2026-08,2026-08-29,ITALY 2,Entella,Cesena,11.5,0.9351,0.2068,0.04,0.1176,1,0.95
2026-08,2026-08-29,ITALY 2,Sampdoria,Juve Stabia,10.5,0.9256,0.1727,0.04,0.1333,1,0.95
2026-08,2026-08-29,BELGIUM 1,Leuven,St. Liege,15.5,0.9484,0.1529,0.08,0.0909,1,0.95
2026-08,2026-08-29,ITALY 1,Juventus,Parma,21.0,0.9684,0.2889,0.09,0.0769,1,0.95
2026-08,2026-08-29,URUGUAY 2,Huracan FC,Cerrito,7.2,0.903,0.2565,0.09,0.1333,1,0.95
2026-08,2026-08-29,SPAIN 1,Sevilla,Atl. Madrid,12.0,0.939,0.2207,0.04,0.1176,1,0.95
2026-08,2026-08-29,BRAZIL 1,Vasco,Cruzeiro,12.5,0.9297,0.075,0.07,0.1053,1,0.95
2026-08,2026-08-29,USA 1,Colorado Rapids,Real Salt Lake,18.0,0.9484,0.0239,0.04,0.0769,1,0.95
2026-08,2026-08-30,BELGIUM 1,Gent,Club Brugge KV,21.0,0.9708,0.3373,0.08,0.0769,1,0.95
2026-08,2026-08-30,ESTONIA 1,Kalju,Levadia,21.0,0.9604,0.12,0.04,0.0714,1,0.95
2026-08,2026-08-30,ENGLAND 1,Leeds,Brentford,15.5,0.9554,0.2607,0.05,0.0833,1,0.95
2026-08,2026-08-30,ENGLAND 1,Sunderland,Fulham,12.5,0.9323,0.1071,0.05,0.1053,1,0.95
2026-08,2026-08-30,BELGIUM 1,Antwerp,St. Truiden,16.0,0.9528,0.1968,0.08,0.0833,1,0.95
2026-08,2026-08-30,BRAZIL 1,Athletico-PR,Fluminense,9.8,0.9075,0.048,0.07,0.1429,1,0.95
2026-08,2026-08-30,SCOTLAND 1,St. Mirren,Motherwell,14.0,0.9353,0.0469,0.06,0.0909,1,0.95
2026-08,2026-08-30,AUSTRIA 1,Hartberg,Ried,15.0,0.9459,0.1416,0.07,0.0909,1,0.95
2026-08,2026-08-30,IRELAND 1,Derry City,Shamrock Rovers,12.0,0.9432,0.2713,0.08,0.1,1,0.95
2026-08,2026-08-30,POLAND 2,Chrobry Glogow,Ruch Chorzow,12.5,0.9509,0.3389,0.03,0.0909,1,0.95
2026-08,2026-08-30,CYPRUS 1,AEL Limassol,Anorthosis,13.5,0.9482,0.2537,0.03,0.1333,1,0.95
2026-08,2026-08-30,TURKEY 1,Eyupspor,Alanyaspor,9.6,0.9304,0.2855,0.04,0.1429,1,0.95
2026-08,2026-08-30,BELGIUM 1,Royale Union SG,Anderlecht,16.0,0.9431,0.0421,0.08,0.0833,1,0.95
2026-08,2026-08-30,ITALY 2,Mantova,Empoli,14.0,0.9398,0.11,0.04,0.0909,1,0.95
2026-08,2026-08-30,PORTUGAL 1,Casa Pia,Moreirense,9.0,0.9403,0.416,0.05,0.1538,1,0.95
2026-08,2026-08-30,SLOVAKIA 1,Trnava,Zilina,22.0,0.9648,0.1773,0.04,0.0833,1,0.95
2026-08,2026-08-30,CZECH 1,Sparta Prague,Slavia Prague,17.0,0.9505,0.111,0.05,0.0769,1,0.95
2026-08,2026-08-30,BULGARIA 1,CSKA Sofia,Cherno More,16.0,0.9509,0.1671,0.06,0.0833,1,0.95
2026-08,2026-08-30,PERU 1,AD Tarma,Sport Huancayo,16.5,0.9454,0.0519,0.08,0.0833,1,0.95
2026-08,2026-08-30,TURKEY 1,Basaksehir,Kasimpasa,18.0,0.9737,0.478,0.04,0.0833,1,0.95
2026-08,2026-08-30,BRAZIL 1,Corinthians,Santos,10.5,0.9132,0.0428,0.07,0.1333,1,0.95
2026-08,2026-08-30,BRAZIL 2,Avai,Atletico GO,9.0,0.8965,0.0238,0.09,0.1429,1,0.95
2026-08,2026-08-30,ITALY 2,Benevento,Sudtirol,11.5,0.9258,0.1003,0.04,0.1053,1,0.95
2026-08,2026-08-30,ITALY 2,Pisa,Catanzaro,12.0,0.9459,0.3038,0.04,0.1176,1,0.95
2026-08,2026-08-30,PORTUGAL 1,Famalicao,Gil Vicente,10.5,0.9196,0.1103,0.05,0.1429,0,-9.5
2026-08,2026-08-30,PERU 1,Sport Boys,Sporting Cristal,13.0,0.9368,0.1312,0.08,0.0909,1,0.95
2026-08,2026-08-30,ARGENTINA 2,San Martin T.,Club A. Guemes,10.0,0.9214,0.168,0.08,0.1667,1,0.95
2026-08,2026-08-30,BRAZIL 1,Mirassol,Palmeiras,12.5,0.929,0.0666,0.07,0.1,1,0.95
2026-08,2026-08-30,PERU 1,Cienciano,Cusco,18.0,0.9693,0.3997,0.08,0.0769,1,0.95
2026-08,2026-08-30,COLOMBIA 1,Dep. Cali,Bucaramanga,11.0,0.9162,0.032,0.08,0.1333,1,0.95
2026-08,2026-08-31,ENGLAND 5,Sutton,Wealdstone,19.0,0.9534,0.0661,0.03,0.0769,1,0.95
2026-08,2026-08-31,ENGLAND 5,Woking,Southend,15.0,0.9482,0.176,0.03,0.1,1,0.95
2026-08,2026-08-31,ENGLAND 5,Yeovil,Tamworth,20.0,0.963,0.2127,0.03,0.0769,1,0.95
2026-08,2026-08-31,FINLAND 1,Mariehamn,Jaro,18.5,0.9674,0.3482,0.07,0.0667,1,0.95
2026-08,2026-08-31,BULGARIA 1,Arda,Botev Vratsa,11.0,0.9385,0.276,0.04,0.1333,1,0.95
2026-08,2026-08-31,PORTUGAL 1,Braga,Vitoria Guimaraes,11.5,0.9255,0.0972,0.06,0.125,1,0.95
2026-08,2026-08-31,WOM BRAZIL 1,Cruzeiro W,Corinthians W,10.5,0.9142,0.0531,0.11,0.1,1,0.95
2026-09,2026-09-01,TURKEY 2,Sariyer,Pendikspor,11.5,0.9205,0.0402,0.08,0.125,1,0.95
2026-09,2026-09-01,ENGLAND 5,FC Halifax,Hartlepool,23.0,0.9693,0.2452,0.03,0.0769,1,0.95
2026-09,2026-09-02,CROATIA 2,Opatija,Hrvace,15.0,0.9765,0.598,0.04,0.0769,1,0.95
2026-09,2026-09-02,BULGARIA 1,Slavia Sofia,Levski Sofia,15.0,0.9408,0.0654,0.04,0.0909,1,0.95
2026-09,2026-09-02,CZECH 1,Bohemians,Jablonec,13.5,0.9316,0.0299,0.04,0.1,1,0.95
2026-09,2026-09-02,ENGLAND 3,Wigan,MK Dons,15.5,0.9434,0.0762,0.06,0.0769,1,0.95
2026-09,2026-09-02,SCOTLAND 1,Dundee FC,St Johnstone,15.5,0.94,0.0227,0.06,0.0833,1,0.95
2026-09,2026-09-02,SCOTLAND 1,Kilmarnock,St. Mirren,18.5,0.9511,0.0478,0.06,0.0667,1,0.95
2026-09,2026-09-03,SWITZERLAND 1,Lugano,Servette,19.5,0.9564,0.1029,0.02,0.0667,1,0.95
2026-09,2026-09-03,VENEZUELA 1,Puerto Cabello,La Guaira,8.8,0.8945,0.027,0.08,0.1538,1,0.95
2026-09,2026-09-04,BULGARIA 1,Septemvri Sofia,Botev Vratsa,9.8,0.9314,0.2814,0.04,0.1429,1,0.95
2026-09,2026-09-04,FRANCE 2,Boulogne,Dijon,9.8,0.909,0.0632,0.11,0.125,1,0.95
2026-09,2026-09-04,NETHERLANDS 2,Helmond,Venlo,23.0,0.9599,0.0304,0.02,0.0667,1,0.95
2026-09,2026-09-04,BULGARIA 1,Arda,Botev Plovdiv,11.5,0.9442,0.3111,0.04,0.125,1,0.95
2026-09,2026-09-05,ESTONIA 1,Kuressaare,Narva,15.5,0.9531,0.2252,0.04,0.1,1,0.95
