Date,League,Home,Away,Odd_CS_0x0_Lay,Prob_ML,total_xGOT,total_Gf,liga_0x0_rate,mkt_prob_0x0,Decision,Reason,ev_lay,Timestamp
2026-03-01,MEXICO 1,CF America,Tigres,14.0,0.9620798826217651,1.3952464946810736,2.222719882974653,0.08,0.07142857142857142,APOSTA,APROVADO,0.421,2026-07-16T13:49:46.154778
2026-03-01,USA 1,LA Galaxy,Charlotte FC,19.0,0.9716732501983643,1.7885210225169688,2.501470489075224,0.04,0.05263157894736842,APOSTA,APROVADO,0.4132,2026-07-16T13:49:46.324936
2026-03-01,CZECH 1,Zizkov,MFK Chrudim,15.5,0.9470410943031311,0,2.628575140785043,0.11,0.06451612903225806,APOSTA,APROVADO,0.1318,2026-07-16T13:49:46.439017
2026-03-01,NETHERLANDS 1,PEC Zwolle,Ajax,34.0,0.988034188747406,3.5035702622875284,4.599424458590281,0.02,0.029411764705882353,APOSTA,APROVADO,0.5438,2026-07-16T13:49:47.221686
2026-03-01,ITALY 1,US Cremonese,AC Milan,20.0,0.985487699508667,2.2419528410351792,2.7144803314232537,0.08,0.05,APOSTA,APROVADO,0.6605,2026-07-16T13:49:47.450039
2026-03-01,GERMANY 2,FC Magdeburg,Karlsruhe,32.0,0.985487699508667,2.5281410485848665,2.6491116626790303,0.08,0.03125,APOSTA,APROVADO,0.4863,2026-07-16T13:49:48.422374
2026-03-01,GERMANY 2,Braunschweig,Preussen Munster,13.0,0.9646897315979004,2.4572166029371516,1.74959475161259,0.08,0.07692307692307693,APOSTA,APROVADO,0.4927,2026-07-16T13:49:48.430827
2026-03-01,GERMANY 2,Hertha Berlin,Nurnberg,18.5,0.985487699508667,2.5391963164222133,1.9279903285153956,0.08,0.05405405405405406,APOSTA,APROVADO,0.6822,2026-07-16T13:49:48.437736
2026-03-01,SPAIN 2,Sociedad B,Deportivo,11.0,0.9657142758369446,,,0.06,0.09090909090909091,APOSTA,APROVADO,0.5746,2026-07-16T13:49:48.829354
2026-03-01,SWITZERLAND 2,FC Vaduz,Stade Nyonnais,25.0,0.988034188747406,3.780763817267226,3.1797428786666027,0.06,0.04,APOSTA,APROVADO,0.6515,2026-07-16T13:49:49.071170
2026-03-01,SWITZERLAND 1,Lausanne,FC Basel,23.0,1.0,3.3406037266696114,2.9731483394294793,0.06,0.043478260869565216,APOSTA,APROVADO,0.95,2026-07-16T13:49:49.181112
2026-03-01,SPAIN 1,Elche,Espanyol,13.0,0.9551604986190796,2.8348639475708355,3.190981981994711,0.05,0.07692307692307693,APOSTA,APROVADO,0.3693,2026-07-16T13:49:49.189579
2026-03-01,TURKEY 2,Umraniyespor,Bandirmaspor,13.5,0.9646897315979004,3.3053293627585347,3.8710535383350706,0.07,0.07407407407407407,APOSTA,APROVADO,0.4751,2026-07-16T13:49:49.198953
2026-03-01,NETHERLANDS 1,FC Volendam,FC Groningen,18.0,0.9980806112289429,2.422429134642635,2.1734866026855464,0.02,0.05555555555555555,APOSTA,APROVADO,0.9155,2026-07-16T13:49:49.852885
2026-03-01,NETHERLANDS 1,FC Twente,Feyenoord,22.0,1.0,3.3050803635515704,3.014637050618079,0.02,0.045454545454545456,APOSTA,APROVADO,0.95,2026-07-16T13:49:49.969986
2026-03-01,CZECH 1,Banik Ostrava B,Ceske Budejovice,15.5,0.9431891441345215,0,2.558572000035846,0.11,0.06451612903225806,APOSTA,APROVADO,0.0723,2026-07-16T13:49:50.126659
2026-03-01,ROMANIA 1,ACS Petrolul 52,Csikszereda,11.5,0.9620798826217651,1.763035159751722,1.1747737462682075,0.05,0.08695652173913043,APOSTA,APROVADO,0.5158,2026-07-16T13:49:51.009331
2026-03-01,ITALY 1,Sassuolo,Atalanta,14.0,0.9470410943031311,1.8184610622084547,1.5960081756572595,0.08,0.07142857142857142,APOSTA,APROVADO,0.2112,2026-07-16T13:49:51.282075
2026-03-01,FRANCE 1,Paris FC,Nice,14.5,0.9646897315979004,2.533339790100503,2.224459897400904,0.09,0.06896551724137931,APOSTA,APROVADO,0.4398,2026-07-16T13:49:51.419837
2026-03-01,ITALY 2,Pescara,Palermo,19.0,0.9716732501983643,2.8932350581430817,2.741061887946276,0.08,0.05263157894736842,APOSTA,APROVADO,0.4132,2026-07-16T13:49:52.019506
2026-03-01,ITALY 2,Catanzaro,Frosinone,17.0,0.9470410943031311,3.226724019669002,3.455235986434393,0.08,0.058823529411764705,APOSTA,APROVADO,0.0523,2026-07-16T13:49:52.034537
2026-03-01,GERMANY 1,Stuttgart,Wolfsburg,48.0,0.988034188747406,3.6042011328059878,3.02703987848745,0.05,0.020833333333333332,APOSTA,APROVADO,0.3762,2026-07-16T13:49:52.043117
2026-03-01,CZECH 1,Zlin,Plzen,11.0,0.93829745054245,2.8658193817675173,3.531114569166,0.11,0.09090909090909091,APOSTA,APROVADO,0.2744,2026-07-16T13:49:52.051146
2026-03-01,PORTUGAL 2,Pacos Ferreira,Oliveirense,12.0,0.9646897315979004,0,1.143547625924978,0.09,0.08333333333333333,APOSTA,APROVADO,0.528,2026-07-16T13:49:53.504059
2026-03-01,SWITZERLAND 1,Grasshoppers Zurich,Lugano,12.5,1.0,2.783227192039209,2.4812995949687138,0.06,0.08,APOSTA,APROVADO,0.95,2026-07-16T13:49:53.708325
2026-03-01,SWITZERLAND 1,Young Boys,FC Zurich,32.0,0.988034188747406,2.9215234335754205,2.686030411110932,0.06,0.03125,APOSTA,APROVADO,0.5677,2026-07-16T13:49:53.833582
2026-03-01,GREECE 1,NFC Volos,AEK Athens,18.0,0.985487699508667,3.026100733741161,3.1536046690687716,0.08,0.05555555555555555,APOSTA,APROVADO,0.6895,2026-07-16T13:49:53.971013
2026-03-01,NETHERLANDS 1,FC Utrecht,Az Alkmaar,13.5,1.0,2.9570914317131556,2.2471952764847587,0.02,0.07407407407407407,APOSTA,APROVADO,0.95,2026-07-16T13:49:54.122796
2026-03-01,DENMARK 1,Fredericia,Silkeborg,25.0,0.985487699508667,2.15519717982692,1.6500925733265548,0.05,0.04,APOSTA,APROVADO,0.5879,2026-07-16T13:49:55.353646
2026-03-01,DENMARK 1,FC Copenhagen,Randers,18.5,0.9548254609107971,3.0174592957271833,1.934306762677589,0.05,0.05405405405405406,APOSTA,APROVADO,0.1165,2026-07-16T13:49:55.630102
2026-03-01,POLAND 2,Odra Opole,Stal Mielec,16.5,0.9470410943031311,0,2.5425703178693224,0.06,0.06060606060606061,APOSTA,APROVADO,0.0788,2026-07-16T13:49:55.705989
2026-03-01,ITALY 2,Mantova,Carrarese,12.5,0.93829745054245,2.686185778854128,2.4231035565071486,0.08,0.08,APOSTA,APROVADO,0.1818,2026-07-16T13:49:55.923898
2026-03-01,FRANCE 1,Lorient,Auxerre,10.5,0.9646897315979004,2.0293573132157756,1.850471606164655,0.09,0.09523809523809523,APOSTA,APROVADO,0.581,2026-07-16T13:49:55.934382
2026-03-01,FRANCE 1,Lille,Nantes,14.0,0.9756097793579102,3.050965463238442,2.7030486120134296,0.09,0.07142857142857142,APOSTA,APROVADO,0.6098,2026-07-16T13:49:55.957567
2026-03-01,FRANCE 1,Metz,Brest,12.5,0.9716732501983643,2.0903413123156813,2.1835482865237363,0.09,0.08,APOSTA,APROVADO,0.5973,2026-07-16T13:49:55.969230
2026-03-01,ITALY 3,Ternana,Nuovo Campobasso,12.0,0.9551604986190796,0,1.7155748589241986,0.1,0.08333333333333333,APOSTA,APROVADO,0.4142,2026-07-16T13:49:56.451823
2026-03-01,GERMANY 1,Eintracht Frankfurt,Freiburg,17.0,0.9716732501983643,2.0151993331153517,1.9272802852441668,0.05,0.058823529411764705,APOSTA,APROVADO,0.4699,2026-07-16T13:49:56.603057
2026-03-02,CYPRUS 1,Omonia,Apollon Limassol,14.0,0.9646897315979004,0.013617086438165716,3.1504347034193594,0.07,0.07142857142857142,APOSTA,APROVADO,0.4574,2026-07-16T13:49:58.193214
2026-03-02,POLAND 2,Wieczysta Krakow,Polonia Warszawa,29.0,0.9716732501983643,0,3.3979281644433996,0.06,0.034482758620689655,APOSTA,APROVADO,0.1299,2026-07-16T13:49:58.204835
2026-03-02,ITALY 1,Pisa,Bologna,10.5,0.985487699508667,2.4807740450649596,2.6764032624732814,0.08,0.09523809523809523,APOSTA,APROVADO,0.7983,2026-07-16T13:49:58.365349
2026-03-02,ROMANIA 1,Unirea Slobozia,Rapid Bucharest,26.0,0.985487699508667,2.92365201454656,2.819203363414485,0.05,0.038461538461538464,APOSTA,APROVADO,0.5734,2026-07-16T13:49:58.506284
2026-03-02,POLAND 1,Zaglebie Lubin,Wisla Plock,10.5,0.9551604986190796,1.6535082318936996,2.0683098894242815,0.1,0.09523809523809523,APOSTA,APROVADO,0.4814,2026-07-16T13:49:58.651732
2026-03-02,SAUDI ARABIA 1,Al-Adalh,Al Faisaly ( KSA ),29.0,0.987210214138031,2.3063891923090014,3.34966575008423,0.05,0.034482758620689655,APOSTA,APROVADO,0.5797,2026-07-16T13:49:58.868379
2026-03-02,SAUDI ARABIA 1,Al Jabalain,Al-Zulfi SC,17.0,0.985487699508667,3.14138613138742,3.9910374843571494,0.05,0.058823529411764705,APOSTA,APROVADO,0.704,2026-07-16T13:49:59.168865
2026-03-02,NETHERLANDS 2,Emmen,Jong FC Utrecht,29.0,0.9729729890823364,,,0.04,0.034482758620689655,APOSTA,APROVADO,0.1676,2026-07-16T13:49:59.304424
2026-03-02,SPAIN 2,Sporting Gijon,Leganes,12.0,0.9948652386665344,1.7855560841898686,2.3858736919161063,0.06,0.08333333333333333,APOSTA,APROVADO,0.8886,2026-07-16T13:49:59.437705
2026-03-02,SPAIN 2,Cordoba,Andorra CF,19.0,0.96484375,2.613743332229533,2.427678923287038,0.06,0.05263157894736842,APOSTA,APROVADO,0.2838,2026-07-16T13:49:59.861091
2026-03-02,IRELAND 1,St Patricks,Galway Utd,11.5,0.9551604986190796,2.901728610436374,2.1034413395294087,0.1,0.08695652173913043,APOSTA,APROVADO,0.4366,2026-07-16T13:50:00.101778
2026-03-02,ITALY 1,Udinese,Fiorentina,11.0,0.985487699508667,2.641029620638502,2.356552827578612,0.08,0.09090909090909091,APOSTA,APROVADO,0.7911,2026-07-16T13:50:00.109870
2026-03-02,SPAIN 1,Real Madrid,Getafe,14.0,1.0,3.6155877646738266,4.460205118832788,0.05,0.07142857142857142,APOSTA,APROVADO,0.95,2026-07-16T13:50:00.118396
2026-03-02,PORTUGAL 1,Gil Vicente,Benfica,14.5,0.9716732501983643,3.6370482590916984,3.3920369840929556,0.08,0.06896551724137931,APOSTA,APROVADO,0.5407,2026-07-16T13:50:00.126163
2026-03-03,ITALY 3,Lumezzane,Arzignanochiampo,11.5,0.9716732501983643,0,2.2764288506684935,0.08,0.08695652173913043,APOSTA,APROVADO,0.6257,2026-07-16T13:50:03.556378
2026-03-03,GERMANY 3,VfL Osnabruck,Viktoria Koln,13.5,0.9716732501983643,0,1.9604937902533086,0.07,0.07407407407407407,APOSTA,APROVADO,0.569,2026-07-16T13:50:03.931506
2026-03-03,SAUDI ARABIA 1,Al-Ula FC,Al Orubah,21.0,0.985487699508667,4.784109140611941,4.170692830340384,0.05,0.047619047619047616,APOSTA,APROVADO,0.646,2026-07-16T13:50:04.165525
2026-03-03,ITALY 2,Cesena,AC Monza,11.5,0.985487699508667,2.6164739114182525,1.8413208726048749,0.08,0.08695652173913043,APOSTA,APROVADO,0.7838,2026-07-16T13:50:04.386282
2026-03-03,ENGLAND 1,Everton,Burnley,12.5,0.985487699508667,1.6009617143564328,1.7557864712477236,0.09,0.08,APOSTA,APROVADO,0.7693,2026-07-16T13:50:04.757502
2026-03-03,ENGLAND 1,Leeds,Sunderland,13.0,0.9620798826217651,3.170348567440417,2.49861216038414,0.09,0.07692307692307693,APOSTA,APROVADO,0.4589,2026-07-16T13:50:04.767588
2026-03-03,ITALY 3,Albinoleffe,Union Brescia,10.5,0.9470410943031311,0,2.6445416999223323,0.08,0.09523809523809523,APOSTA,APROVADO,0.3966,2026-07-16T13:50:04.907824
2026-03-03,ITALY 3,SS Virtus Verona 1921,Novara,10.5,0.985487699508667,0,1.296745076956198,0.08,0.09523809523809523,APOSTA,APROVADO,0.7983,2026-07-16T13:50:05.494602
2026-03-03,ITALY 3,Triestina,SSD Dolomiti Bellunesi,11.5,0.9620798826217651,0,2.599123919305592,0.08,0.08695652173913043,APOSTA,APROVADO,0.5158,2026-07-16T13:50:05.648452
2026-03-03,SWITZERLAND 1,Winterthur,Servette,24.0,0.988034188747406,3.0709337531782643,2.9724429368526453,0.07,0.041666666666666664,APOSTA,APROVADO,0.6634,2026-07-16T13:50:05.781341
2026-03-03,ENGLAND 5,Boston Utd,Woking,11.5,0.9863013625144958,0,2.6869232682758994,0.04,0.08695652173913043,APOSTA,APROVADO,0.7932,2026-07-16T13:50:05.800308
2026-03-03,ENGLAND 5,Hartlepool,Sutton Utd,16.5,0.985487699508667,0,2.087063221529026,0.04,0.06060606060606061,APOSTA,APROVADO,0.7113,2026-07-16T13:50:05.921454
2026-03-03,ENGLAND 5,Wealdstone,Morecambe,19.5,0.985487699508667,0,1.2585443464352184,0.04,0.05128205128205128,APOSTA,APROVADO,0.6677,2026-07-16T13:50:06.058732
2026-03-03,ENGLAND 5,Yeovil,Tamworth FC,14.0,0.9756097793579102,0,2.4667859633920326,0.04,0.07142857142857142,APOSTA,APROVADO,0.6098,2026-07-16T13:50:06.186245
2026-03-03,SCOTLAND 3,Montrose,Kelty Hearts,13.5,0.9470410943031311,0,2.446662595715653,0.07,0.07407407407407407,APOSTA,APROVADO,0.2377,2026-07-16T13:50:06.319103
2026-03-03,SCOTLAND 4,Spartans,Stirling,21.0,0.985487699508667,0,2.7202377583874573,0.06,0.047619047619047616,APOSTA,APROVADO,0.646,2026-07-16T13:50:06.332869
2026-03-03,SCOTLAND 1,Dundee Utd,St Mirren,10.5,0.9756097793579102,1.522616863080473,2.3286895314961207,0.08,0.09523809523809523,APOSTA,APROVADO,0.6951,2026-07-16T13:50:06.347998
2026-03-03,SCOTLAND 3,Hamilton,Stenhousemuir,12.0,0.9716732501983643,0,2.5126267004143585,0.07,0.08333333333333333,APOSTA,APROVADO,0.6115,2026-07-16T13:50:06.736120
2026-03-03,MEXICO 1,Pachuca,Necaxa,18.5,0.9596469402313232,1.9831139563160354,3.2857022399408757,0.08,0.05405405405405406,APOSTA,APROVADO,0.2055,2026-07-16T13:50:07.149622
2026-03-03,MEXICO 1,Santos Laguna,Cruz Azul,28.0,0.987210214138031,3.513760256584913,3.3821273892840575,0.08,0.03571428571428571,APOSTA,APROVADO,0.5925,2026-07-16T13:50:07.159183
2026-03-04,MEXICO 1,Atletico San Luis,Mazatlan FC,17.0,0.9470410943031311,2.825060755392338,2.9060202676599025,0.08,0.058823529411764705,APOSTA,APROVADO,0.0523,2026-07-16T13:50:08.211669
2026-03-04,AUSTRALIA 1,Macarthur FC,Central Coast Mariners,23.0,0.9620798826217651,2.925189475711015,3.929772165479732,0.05,0.043478260869565216,APOSTA,APROVADO,0.0797,2026-07-16T13:50:08.323829
2026-03-04,ITALY 3,Pesaro,AC Bra,11.0,0.9551604986190796,1.3324901329851118,1.502610426852598,0.09,0.09090909090909091,APOSTA,APROVADO,0.459,2026-07-16T13:50:08.603268
2026-03-04,ITALY 3,Pontedera,Juventus B,10.5,0.9144254326820374,1.631241348949585,2.691123205080335,0.09,0.09523809523809523,APOSTA,APROVADO,0.0557,2026-07-16T13:50:08.718829
2026-03-04,GERMANY 3,Ingolstadt,Duisburg,15.5,0.985487699508667,0,2.548327744833525,0.07,0.06451612903225806,APOSTA,APROVADO,0.7258,2026-07-16T13:50:08.733319
2026-03-04,GREECE 1,Kifisia,PAOK,17.5,0.985487699508667,3.411410907830448,2.4163298533365793,0.08,0.05714285714285714,APOSTA,APROVADO,0.6968,2026-07-16T13:50:09.070854
2026-03-04,ITALY 2,Carrarese,Catanzaro,11.5,0.9948652386665344,2.7593742154392857,2.488743335157275,0.08,0.08695652173913043,APOSTA,APROVADO,0.8912,2026-07-16T13:50:09.081498
2026-03-04,SPAIN 1,Rayo Vallecano,Oviedo,10.5,0.9620798826217651,2.3342471328699235,2.4862741313903007,0.05,0.09523809523809523,APOSTA,APROVADO,0.5537,2026-07-16T13:50:09.091039
2026-03-04,ITALY 2,Palermo,Mantova,19.0,0.9596469402313232,2.407169676860704,3.337656687833365,0.08,0.05263157894736842,APOSTA,APROVADO,0.1853,2026-07-16T13:50:09.118354
2026-03-04,ITALY 2,SSD Bari,Empoli,12.0,0.985487699508667,1.8995482534680752,1.4422106479771617,0.08,0.08333333333333333,APOSTA,APROVADO,0.7766,2026-07-16T13:50:09.234672
2026-03-04,ENGLAND 1,Aston Villa,Chelsea,17.5,0.9620798826217651,3.0858624711088134,4.084494095857286,0.1,0.05714285714285714,APOSTA,APROVADO,0.2883,2026-07-16T13:50:09.243221
2026-03-04,ENGLAND 1,Brighton,Arsenal,15.5,0.9620798826217651,2.4325605197361093,2.8752478285867062,0.1,0.06451612903225806,APOSTA,APROVADO,0.3641,2026-07-16T13:50:09.252462
2026-03-04,GERMANY 1,Hamburger SV,Leverkusen,17.5,0.9948652386665344,3.1799590908699837,3.382044497295084,0.05,0.05714285714285714,APOSTA,APROVADO,0.8604,2026-07-16T13:50:09.540825
2026-03-04,ITALY 3,Livorno,Perugia,11.0,0.9431891441345215,0,2.5142249601561604,0.09,0.09090909090909091,APOSTA,APROVADO,0.3279,2026-07-16T13:50:09.705495
2026-03-04,ITALY 3,Ravenna,US Pianese,11.0,0.9620798826217651,0,2.558612769617879,0.09,0.09090909090909091,APOSTA,APROVADO,0.5348,2026-07-16T13:50:09.821327
2026-03-04,SWITZERLAND 1,FC Zurich,Lausanne,23.0,0.9646897315979004,3.34702427703979,3.3253321112585743,0.07,0.043478260869565216,APOSTA,APROVADO,0.1396,2026-07-16T13:50:10.146241
2026-03-04,SWITZERLAND 1,Lugano,Sion,14.0,0.9756097793579102,3.2188722254478765,3.654479964719123,0.07,0.07142857142857142,APOSTA,APROVADO,0.6098,2026-07-16T13:50:10.154348
2026-03-04,SWITZERLAND 1,Luzern,Young Boys,29.0,0.985487699508667,2.962250842880457,3.3165929365618876,0.07,0.034482758620689655,APOSTA,APROVADO,0.5299,2026-07-16T13:50:10.162871
2026-03-04,ENGLAND 5,Gateshead,Braintree,24.0,0.9716732501983643,0.012236535670608999,2.2111461192531237,0.03,0.041666666666666664,APOSTA,APROVADO,0.2716,2026-07-16T13:50:10.170721
2026-03-04,COLOMBIA 1,Fortaleza FC,Jaguares de Cordoba,14.0,0.9716732501983643,1.2023350153734051,2.862086139468218,0.1,0.07142857142857142,APOSTA,APROVADO,0.5548,2026-07-16T13:50:10.431386
2026-03-04,MEXICO 1,Monterrey,Queretaro,20.0,0.9620798826217651,2.678550719921586,2.3033259215154422,0.08,0.05,APOSTA,APROVADO,0.1935,2026-07-16T13:50:10.440415
2026-03-04,MEXICO 1,Puebla,Tigres,14.0,0.9646897315979004,0.8981114215172714,1.9184876518751959,0.08,0.07142857142857142,APOSTA,APROVADO,0.4574,2026-07-16T13:50:10.449258
2026-03-05,MEXICO 1,Atlas,Tijuana,13.5,0.9716732501983643,2.1125565164669857,2.8103234972310007,0.08,0.07407407407407407,APOSTA,APROVADO,0.569,2026-07-16T13:50:11.426585
2026-03-05,MEXICO 1,CF America,FC Juarez,13.5,0.9716732501983643,2.130492174268206,2.8899778159113465,0.08,0.07407407407407407,APOSTA,APROVADO,0.569,2026-07-16T13:50:11.647824
2026-03-05,ITALY 3,AZ Picerno ASD,Atalanta B,12.5,0.9551604986190796,1.5687824859415502,2.248641447197269,0.1,0.08,APOSTA,APROVADO,0.3917,2026-07-16T13:50:12.752352
2026-03-05,ITALY 3,FC Giugliano,Monopoli,16.0,0.9551604986190796,0,1.9747600515903283,0.1,0.0625,APOSTA,APROVADO,0.2348,2026-07-16T13:50:12.883025
2026-03-05,EGYPT 1,Ceramica Cleopatra,National Bank,11.0,0.9349064230918884,2.496949114130411,3.740050252434304,0.09,0.09090909090909091,APOSTA,APROVADO,0.2372,2026-07-16T13:50:13.967140
2026-03-05,EGYPT 1,Haras El Hodood,Pyramids,14.0,0.985487699508667,2.772032576608237,2.9421101944735715,0.09,0.07142857142857142,APOSTA,APROVADO,0.7476,2026-07-16T13:50:13.976517
2026-03-05,ITALY 3,Audace Cerignola,Trapani,12.5,0.9470410943031311,0,2.1089276565877086,0.1,0.08,APOSTA,APROVADO,0.2907,2026-07-16T13:50:14.092890
2026-03-05,ITALY 3,Potenza,Cosenza,11.5,0.9620798826217651,0,2.313387605353632,0.1,0.08695652173913043,APOSTA,APROVADO,0.5158,2026-07-16T13:50:14.249100
2026-03-05,SWITZERLAND 1,FC Basel,Grasshoppers Zurich,22.0,1.0,3.6501159614489467,3.224166053687163,0.07,0.045454545454545456,APOSTA,APROVADO,0.95,2026-07-16T13:50:14.681977
2026-03-05,ENGLAND 1,Tottenham,Crystal Palace,15.5,0.9756097793579102,2.4018749348082107,2.312870420693728,0.08,0.06451612903225806,APOSTA,APROVADO,0.5732,2026-07-16T13:50:14.698758
2026-03-06,AUSTRALIA 1,Adelaide United,Wellington Phoenix,32.0,1.0,2.860524492007464,3.0179944708556263,0.05,0.03125,APOSTA,APROVADO,0.95,2026-07-16T13:50:16.421361
2026-03-06,CHINA 1,Chengdu Rongcheng,Shenzhen Peng City,21.0,0.9716732501983643,2.8907529844065474,3.067868597375644,0.05,0.047619047619047616,APOSTA,APROVADO,0.3566,2026-07-16T13:50:16.705019
2026-03-06,TURKEY 2,Sariyer G.K.,Umraniyespor,13.0,0.9716732501983643,2.4792051950177267,1.8164517134762637,0.08,0.07692307692307693,APOSTA,APROVADO,0.5832,2026-07-16T13:50:16.829806
2026-03-06,AUSTRIA 2,Floridsdorfer AC,SK Sturm Graz II,18.0,0.9620798826217651,0,2.2560797833626394,0.09,0.05555555555555555,APOSTA,APROVADO,0.2693,2026-07-16T13:50:17.365100
2026-03-06,DENMARK 2,HB Koge,Esbjerg,19.5,0.9646897315979004,1.7242628449754343,1.2571743108635838,0.05,0.05128205128205128,APOSTA,APROVADO,0.2632,2026-07-16T13:50:18.680233
2026-03-06,GERMANY 2,Schalke 04,Arminia Bielefeld,15.0,0.9716732501983643,2.178133228363049,2.566687311319765,0.08,0.06666666666666667,APOSTA,APROVADO,0.5265,2026-07-16T13:50:18.926265
2026-03-06,DENMARK 2,Kolding IF,Hobro,13.0,0.9620798826217651,2.1343044798479,2.022775385337092,0.05,0.07692307692307693,APOSTA,APROVADO,0.4589,2026-07-16T13:50:19.127486
2026-03-06,FRANCE 3,Aubagne FC,Fleury Merogis,13.0,0.9646897315979004,0,2.104041416178287,0.11,0.07692307692307693,APOSTA,APROVADO,0.4927,2026-07-16T13:50:19.458028
2026-03-06,FRANCE 3,Caen,Chateauroux,14.5,0.9646897315979004,0,1.5987836123593708,0.11,0.06896551724137931,APOSTA,APROVADO,0.4398,2026-07-16T13:50:19.521500
2026-03-06,FRANCE 3,Quevilly Rouen,Versailles 78 FC,11.0,0.9620798826217651,0,1.9415284534677442,0.11,0.09090909090909091,APOSTA,APROVADO,0.5348,2026-07-16T13:50:19.807599
2026-03-06,FRANCE 3,Villefranche Beaujolais,Valenciennes,13.0,0.9596469402313232,0,2.239949798930714,0.11,0.07692307692307693,APOSTA,APROVADO,0.4274,2026-07-16T13:50:19.966144
2026-03-06,SWITZERLAND 2,Rapperswil-Jona,FC Vaduz,24.0,0.9646897315979004,3.0109162288566655,3.307595055360195,0.06,0.041666666666666664,APOSTA,APROVADO,0.1043,2026-07-16T13:50:20.057216
2026-03-06,NETHERLANDS 2,FC Dordrecht,MVV Maastricht,36.0,0.985487699508667,2.1243429841020465,2.82227369678639,0.03,0.027777777777777776,APOSTA,APROVADO,0.4283,2026-07-16T13:50:20.366159
2026-03-06,NETHERLANDS 2,Helmond Sport,FC Oss,19.0,1.0,2.2247155611734617,2.0882223053758935,0.03,0.05263157894736842,APOSTA,APROVADO,0.95,2026-07-16T13:50:20.732425
2026-03-06,NETHERLANDS 2,VVV Venlo,RKC Waalwijk,26.0,1.0,3.728464615058934,3.7438713986594703,0.03,0.038461538461538464,APOSTA,APROVADO,0.95,2026-07-16T13:50:21.094247
2026-03-06,NETHERLANDS 1,Heracles,FC Utrecht,15.5,0.9980806112289429,2.7802752368079124,2.790970088477378,0.03,0.06451612903225806,APOSTA,APROVADO,0.9203,2026-07-16T13:50:21.204392
2026-03-06,SAUDI ARABIA 1,Al Ahli,Al-Ittihad,21.0,0.9716732501983643,3.9086145081075268,3.8638907102403914,0.05,0.047619047619047616,APOSTA,APROVADO,0.3566,2026-07-16T13:50:21.406238
2026-03-06,SAUDI ARABIA 1,Al-Khaleej Saihat,Al-Hazm (KSA),19.0,0.9756097793579102,2.134821548278933,1.7336168562099568,0.05,0.05263157894736842,APOSTA,APROVADO,0.4878,2026-07-16T13:50:21.765885
2026-03-06,SWITZERLAND 2,Etoile Carouge,Aarau,28.0,0.985487699508667,3.1152374100813653,2.982504620690835,0.06,0.03571428571428571,APOSTA,APROVADO,0.5444,2026-07-16T13:50:22.030811
2026-03-06,EGYPT 1,Al-Masry,Ismaily,12.0,0.9620798826217651,1.3408637063566744,1.7547748357357529,0.08,0.08333333333333333,APOSTA,APROVADO,0.4969,2026-07-16T13:50:22.150884
2026-03-06,EGYPT 1,Zamalek,Al Ittihad (EGY),10.5,0.9620798826217651,2.5265255872697625,2.7005486833820083,0.08,0.09523809523809523,APOSTA,APROVADO,0.5537,2026-07-16T13:50:22.424222
2026-03-06,SPAIN 2,Cadiz,Zaragoza,13.5,0.985487699508667,3.2272377213262926,2.5051341422479085,0.06,0.07407407407407407,APOSTA,APROVADO,0.7548,2026-07-16T13:50:22.970003
2026-03-06,IRELAND 2,Bray Wanderers,Athlone Town,32.0,0.9716732501983643,,,0.04,0.03125,APOSTA,APROVADO,0.045,2026-07-16T13:50:23.280223
2026-03-06,IRELAND 2,Cobh Ramblers,Cork City,28.0,0.987210214138031,0.6423204763389874,1.9190877285240737,0.04,0.03571428571428571,APOSTA,APROVADO,0.5925,2026-07-16T13:50:23.288651
2026-03-06,IRELAND 2,Finn Harps,Wexford F.C,15.0,0.9620798826217651,0,4.011861613915968,0.04,0.06666666666666667,APOSTA,APROVADO,0.3831,2026-07-16T13:50:23.402140
2026-03-06,IRELAND 2,Treaty United,Kerry FC,11.5,0.9646897315979004,0,2.4459625971620107,0.04,0.08695652173913043,APOSTA,APROVADO,0.5457,2026-07-16T13:50:23.503301
2026-03-06,IRELAND 1,Galway Utd,Dundalk,13.5,0.9646897315979004,1.8372400439510237,2.3353349324012878,0.1,0.07407407407407407,APOSTA,APROVADO,0.4751,2026-07-16T13:50:23.618294
2026-03-06,IRELAND 1,Waterford,Bohemians,19.0,0.9551604986190796,2.4110622366541654,2.9040922778463303,0.1,0.05263157894736842,APOSTA,APROVADO,0.1003,2026-07-16T13:50:23.626698
2026-03-06,ITALY 1,Napoli,Torino,12.0,0.9620798826217651,2.3535233368351727,2.810712622155111,0.08,0.08333333333333333,APOSTA,APROVADO,0.4969,2026-07-16T13:50:23.637670
2026-03-06,IRELAND 1,Shamrock Rovers,Derry City,10.5,0.9401767253875732,3.7109928800305925,3.3976526563727094,0.1,0.09523809523809523,APOSTA,APROVADO,0.3248,2026-07-16T13:50:23.647548
2026-03-06,IRELAND 1,Shelbourne,St Patricks,13.5,0.9470410943031311,1.195427203444756,0.8577170837187,0.1,0.07407407407407407,APOSTA,APROVADO,0.2377,2026-07-16T13:50:23.661472
2026-03-06,SPAIN 1,Celta Vigo,Real Madrid,17.0,0.9646393060684204,3.8184255076553244,3.9190877285240733,0.05,0.058823529411764705,APOSTA,APROVADO,0.3506,2026-07-16T13:50:23.671011
2026-03-06,PORTUGAL 1,Famalicao,Arouca,13.5,0.9551604986190796,3.4564154684533257,4.131057507901847,0.08,0.07407407407407407,APOSTA,APROVADO,0.3469,2026-07-16T13:50:23.682806
2026-03-06,CHILE 1,La Serena,Union La Calera,12.0,0.985487699508667,1.4266649327008643,1.7279877315111558,0.04,0.08333333333333333,APOSTA,APROVADO,0.7766,2026-07-16T13:50:23.840807
2026-03-06,CHILE 1,Deportes Concepcion,Nublense,12.5,0.9756097793579102,1.4689517131382692,2.604247195609833,0.04,0.08,APOSTA,APROVADO,0.6463,2026-07-16T13:50:24.556036
2026-03-06,MEXICO 1,Mazatlan FC,Leon,19.0,0.9756097793579102,1.0687112045202998,2.1942746033567264,0.08,0.05263157894736842,APOSTA,APROVADO,0.4878,2026-07-16T13:50:24.571455
2026-03-06,COLOMBIA 1,Deportivo Cali,Once Caldas,14.0,0.9431891441345215,,,0.1,0.07142857142857142,APOSTA,APROVADO,0.1575,2026-07-16T13:50:24.706759
2026-03-07,CHINA 1,Tianjin Jinmen Tiger FC,Chongqing Tonglianglong,18.0,0.9646897315979004,2.3377522443361256,3.336246646008494,0.05,0.05555555555555555,APOSTA,APROVADO,0.3162,2026-07-16T13:50:26.289688
2026-03-07,AUSTRALIA 1,Sydney FC,Melbourne Victory,26.0,0.9716732501983643,3.6513346919498373,2.8360578964927385,0.05,0.038461538461538464,APOSTA,APROVADO,0.2149,2026-07-16T13:50:26.297371
2026-03-07,CHINA 1,Shanghai Shenhua,Dalian Yingbo,20.0,0.9756097793579102,3.100773711324882,4.1744383225459885,0.05,0.05,APOSTA,APROVADO,0.4634,2026-07-16T13:50:26.939964
2026-03-07,TURKEY 2,Sivasspor,Keciorengucu,19.5,0.987210214138031,2.5619219222098932,2.7000903614175797,0.06,0.05128205128205128,APOSTA,APROVADO,0.7012,2026-07-16T13:50:27.733243
2026-03-07,CHINA 1,Yunnan Yukun,Qingdao Hainiu,25.0,0.987210214138031,3.3287717739454177,3.1185310184614696,0.05,0.04,APOSTA,APROVADO,0.6309,2026-07-16T13:50:28.261220
2026-03-07,GERMANY 2,Nurnberg,Fortuna Dusseldorf,16.5,0.9716732501983643,2.7865904918848634,2.5779956116881904,0.08,0.06060606060606061,APOSTA,APROVADO,0.484,2026-07-16T13:50:28.585223
2026-03-07,GERMANY 2,Paderborn,Braunschweig,20.0,0.9646897315979004,3.1245569597691043,3.0114670849686664,0.08,0.05,APOSTA,APROVADO,0.2456,2026-07-16T13:50:28.594106
2026-03-07,GERMANY 2,SV Darmstadt,Holstein Kiel,19.0,0.9756097793579102,3.961520869459707,4.307901288295332,0.08,0.05263157894736842,APOSTA,APROVADO,0.4878,2026-07-16T13:50:28.719430
2026-03-07,ENGLAND 5,Boreham Wood,Brackley Town,25.0,0.988034188747406,0.030376577438985055,2.9342422063316658,0.03,0.04,APOSTA,APROVADO,0.6515,2026-07-16T13:50:28.869174
2026-03-07,ROMANIA 1,FC Metaloglobus Bucuresti,Uta Arad,13.0,0.987210214138031,2.446340572359435,1.9661275556465045,0.05,0.07692307692307693,APOSTA,APROVADO,0.7844,2026-07-16T13:50:29.198651
2026-03-07,TURKEY 2,Bandirmaspor,Istanbulspor,17.5,0.9646897315979004,2.865623901167413,3.1743792173209053,0.06,0.05714285714285714,APOSTA,APROVADO,0.3338,2026-07-16T13:50:29.603870
2026-03-07,DENMARK 2,Middelfart,Hvidovre,15.5,0.9646897315979004,2.3087366396198403,1.7957463622644485,0.05,0.06451612903225806,APOSTA,APROVADO,0.4045,2026-07-16T13:50:30.175737
2026-03-07,SPAIN 1,Osasuna,Mallorca,11.0,0.93829745054245,2.2678034344512574,2.4091672677715072,0.05,0.09090909090909091,APOSTA,APROVADO,0.2744,2026-07-16T13:50:30.583359
2026-03-07,AUSTRIA 2,Austria Wien (A),WSC Hertha Wels,13.0,0.9551604986190796,1.5341944326533368,3.403927267996817,0.09,0.07692307692307693,APOSTA,APROVADO,0.3693,2026-07-16T13:50:31.050780
2026-03-07,ITALY 3,Novara,Pergolettese,11.0,0.9401767253875732,0,2.910590230416601,0.1,0.09090909090909091,APOSTA,APROVADO,0.2949,2026-07-16T13:50:31.885559
2026-03-07,ITALY 3,SSD Dolomiti Bellunesi,AC Ospitaletto,11.0,0.9401767253875732,0,1.9884500230423598,0.1,0.09090909090909091,APOSTA,APROVADO,0.2949,2026-07-16T13:50:32.107668
2026-03-07,ITALY 2,Spezia,AC Monza,12.0,0.9648009538650513,1.7880653643875881,1.5846410125933579,0.07,0.08333333333333333,APOSTA,APROVADO,0.5294,2026-07-16T13:50:32.634323
2026-03-07,PORTUGAL 2,Portimonense,Pacos Ferreira,11.0,0.9470410943031311,0,1.1985791027603214,0.11,0.09090909090909091,APOSTA,APROVADO,0.3701,2026-07-16T13:50:32.655378
2026-03-07,ITALY 1,Cagliari,Como,13.5,0.9716732501983643,2.6234260605692046,3.3378041361682618,0.08,0.07407407407407407,APOSTA,APROVADO,0.569,2026-07-16T13:50:32.665868
2026-03-07,SLOVAKIA 1,FC Kosice,Trencin,22.0,0.9646897315979004,2.417250421847392,2.7957871318464815,0.07,0.045454545454545456,APOSTA,APROVADO,0.1749,2026-07-16T13:50:33.336076
2026-03-07,SLOVAKIA 1,Zemplin,Slovan Bratislava,25.0,0.9716732501983643,1.896872134612278,2.0309733460803763,0.07,0.04,APOSTA,APROVADO,0.2432,2026-07-16T13:50:33.429361
2026-03-07,GERMANY 1,FC Heidenheim,Hoffenheim,29.0,0.9948652386665344,2.3578821458380452,1.8827914906800332,0.05,0.034482758620689655,APOSTA,APROVADO,0.8013,2026-07-16T13:50:33.545800
2026-03-07,GERMANY 1,Wolfsburg,Hamburger SV,15.5,0.988034188747406,2.6634887002019747,2.609422639038601,0.05,0.06451612903225806,APOSTA,APROVADO,0.7651,2026-07-16T13:50:33.553497
2026-03-07,GERMANY 1,Freiburg,Leverkusen,17.0,0.985487699508667,2.614020413660919,2.375935669648924,0.05,0.058823529411764705,APOSTA,APROVADO,0.704,2026-07-16T13:50:33.676161
2026-03-07,GERMANY 1,Mainz,Stuttgart,23.0,0.9980806112289429,4.40595089394211,4.3981698410326135,0.05,0.043478260869565216,APOSTA,APROVADO,0.906,2026-07-16T13:50:33.684958
2026-03-07,GERMANY 1,RB Leipzig,Augsburg,38.0,0.985487699508667,3.3851496777836005,2.433765316994216,0.05,0.02631578947368421,APOSTA,APROVADO,0.3993,2026-07-16T13:50:33.693223
2026-03-07,SCOTLAND 4,Forfar,Clyde,15.0,0.9716732501983643,0,5.6157380202447404,0.06,0.06666666666666667,APOSTA,APROVADO,0.5265,2026-07-16T13:50:33.795145
2026-03-07,SCOTLAND 4,Edinburgh City,Stranraer,16.0,0.987210214138031,0,3.228088185014746,0.06,0.0625,APOSTA,APROVADO,0.746,2026-07-16T13:50:33.937609
2026-03-07,ROMANIA 1,Botosani,ACS Petrolul 52,21.0,0.987210214138031,2.365008285477435,1.9875971721306294,0.05,0.047619047619047616,APOSTA,APROVADO,0.6821,2026-07-16T13:50:34.407180
2026-03-07,SCOTLAND 1,Dundee,Motherwell,14.5,0.9646393060684204,2.1261150884554794,2.015030816236585,0.08,0.06896551724137931,APOSTA,APROVADO,0.439,2026-07-16T13:50:34.501654
2026-03-07,SCOTLAND 3,Alloa,Kelty Hearts,17.0,0.9716732501983643,0,2.840020797402355,0.07,0.058823529411764705,APOSTA,APROVADO,0.4699,2026-07-16T13:50:34.612610
2026-03-07,SCOTLAND 3,Cove Rangers,Peterhead,24.0,0.9716732501983643,0,2.225471532912875,0.07,0.041666666666666664,APOSTA,APROVADO,0.2716,2026-07-16T13:50:34.752382
2026-03-07,SCOTLAND 3,Queen of South,Stenhousemuir,22.0,0.9756097793579102,0,3.1178550492013253,0.07,0.045454545454545456,APOSTA,APROVADO,0.4146,2026-07-16T13:50:34.765767
2026-03-07,SCOTLAND 4,Annan,Stirling,18.0,0.9716732501983643,0,3.240609027902323,0.06,0.05555555555555555,APOSTA,APROVADO,0.4415,2026-07-16T13:50:34.773614
2026-03-07,ENGLAND 5,Woking,Tamworth FC,90.0,0.9948652386665344,0,1.5707093645521124,0.03,0.011111111111111112,APOSTA,APROVADO,0.4881,2026-07-16T13:50:34.893199
2026-03-07,ENGLAND 5,Solihull Moors,Gateshead,32.0,0.988034188747406,0,3.072303272668736,0.03,0.03125,APOSTA,APROVADO,0.5677,2026-07-16T13:50:34.910034
2026-03-07,ENGLAND 5,Hartlepool,FC Halifax Town,16.0,0.9948652386665344,0,3.1107275866654875,0.03,0.0625,APOSTA,APROVADO,0.8681,2026-07-16T13:50:35.063916
2026-03-07,ENGLAND 5,Rochdale,Boston Utd,18.0,0.985487699508667,0,4.916787354074926,0.03,0.05555555555555555,APOSTA,APROVADO,0.6895,2026-07-16T13:50:35.229128
2026-03-07,ENGLAND 5,Sutton Utd,Morecambe,44.0,1.0,0,2.899681099689872,0.03,0.022727272727272728,APOSTA,APROVADO,0.95,2026-07-16T13:50:35.355692
2026-03-07,ESTONIA 1,Trans Narva,Harju JK Laagri,22.0,0.9863013625144958,1.6995661149995163,2.5904629959034837,0.03,0.045454545454545456,APOSTA,APROVADO,0.6493,2026-07-16T13:50:36.030513
2026-03-08,USA 1,Monterey Bay FC,Oakland Roots,13.5,0.985487699508667,2.0325313156392815,2.6198780884952964,0.05,0.07407407407407407,APOSTA,APROVADO,0.7548,2026-07-16T13:50:37.150874
2026-03-08,MEXICO 1,Tigres,Monterrey,16.5,0.987210214138031,1.7004829799086612,2.7496822842959587,0.08,0.06060606060606061,APOSTA,APROVADO,0.7396,2026-07-16T13:50:37.157577
2026-03-08,USA 1,Orange County Blues,Las Vegas Lights FC,14.5,1.0,1.9620383185396517,1.7554394687305532,0.05,0.06896551724137931,APOSTA,APROVADO,0.95,2026-07-16T13:50:37.445135
2026-03-08,USA 1,Portland Timbers,Vancouver Whitecaps,25.0,0.988034188747406,3.7355944441774227,3.8577578533007335,0.05,0.04,APOSTA,APROVADO,0.6515,2026-07-16T13:50:37.617728
2026-03-08,POLAND 2,Znicz Pruszkow,Odra Opole,11.0,0.985487699508667,0,2.0495678935848805,0.06,0.09090909090909091,APOSTA,APROVADO,0.7911,2026-07-16T13:50:39.462399
2026-03-08,CHINA 1,Wuhan Three Towns,Beijing Guoan,27.0,0.988034188747406,2.5316049282736612,2.224213580117295,0.06,0.037037037037037035,APOSTA,APROVADO,0.6275,2026-07-16T13:50:39.471925
2026-03-08,NETHERLANDS 1,Sparta Rotterdam,PEC Zwolle,28.0,0.988034188747406,2.9027959336864515,2.6892403830135825,0.04,0.03571428571428571,APOSTA,APROVADO,0.6156,2026-07-16T13:50:39.587742
2026-03-08,POLAND 1,LKP Motor Lublin,Gornik Zabrze,15.0,0.93829745054245,1.996126242054978,2.584187331323325,0.09,0.06666666666666667,APOSTA,APROVADO,0.0275,2026-07-16T13:50:39.844555
2026-03-08,GERMANY 2,Preussen Munster,Hertha Berlin,17.0,0.985487699508667,2.9188790322736504,3.1077639320464456,0.08,0.058823529411764705,APOSTA,APROVADO,0.704,2026-07-16T13:50:40.762668
2026-03-08,ESTONIA 1,Tammeka Tartu,Nomme Kalju,28.0,0.985487699508667,0,3.1070639334928036,0.03,0.03571428571428571,APOSTA,APROVADO,0.5444,2026-07-16T13:50:41.033343
2026-03-08,GERMANY 2,Hannover,Greuther Furth,32.0,0.9948652386665344,3.466456350892731,3.2129052797488686,0.08,0.03125,APOSTA,APROVADO,0.7859,2026-07-16T13:50:41.284317
2026-03-08,GERMANY 2,Karlsruhe,Dynamo Dresden,18.0,0.985487699508667,2.085412914962599,2.899522315089632,0.08,0.05555555555555555,APOSTA,APROVADO,0.6895,2026-07-16T13:50:41.497076
2026-03-08,SWITZERLAND 1,St Gallen,FC Basel,25.0,0.9980806112289429,3.8594340806538048,3.1461121109023216,0.06,0.04,APOSTA,APROVADO,0.9021,2026-07-16T13:50:42.114621
2026-03-08,SWITZERLAND 2,Yverdon Sport,Stade Lausanne-Ouchy,17.5,0.9551604986190796,2.228667668917982,2.2251890867416275,0.09,0.05714285714285714,APOSTA,APROVADO,0.1676,2026-07-16T13:50:42.330481
2026-03-08,SPAIN 2,Las Palmas,AD Ceuta FC,12.5,0.988034188747406,3.076916196820516,2.220027338261515,0.08,0.08,APOSTA,APROVADO,0.801,2026-07-16T13:50:42.435075
2026-03-08,SPAIN 1,Villarreal,Elche,23.0,0.9756097793579102,2.4650960914651217,3.1000193629459387,0.04,0.043478260869565216,APOSTA,APROVADO,0.3902,2026-07-16T13:50:42.448016
2026-03-08,NETHERLANDS 2,Willem II,Den Bosch,30.0,0.9948652386665344,2.923061836397131,3.096607720707312,0.03,0.03333333333333333,APOSTA,APROVADO,0.7962,2026-07-16T13:50:43.058562
2026-03-08,POLAND 2,Polonia Bytom,Ruch Chorzow,16.0,0.9646897315979004,0,3.217169009570431,0.06,0.0625,APOSTA,APROVADO,0.3868,2026-07-16T13:50:43.361662
2026-03-08,NETHERLANDS 1,Go Ahead Eagles,FC Twente,25.0,0.9756097793579102,4.683100752598227,3.0033755133509885,0.04,0.04,APOSTA,APROVADO,0.3415,2026-07-16T13:50:44.406350
2026-03-08,POLAND 1,Radomiak Radom,GKS Katowice,18.0,0.9551604986190796,2.9499536358469833,3.80019831000294,0.09,0.05555555555555555,APOSTA,APROVADO,0.1451,2026-07-16T13:50:44.420733
2026-03-08,ITALY 2,Catanzaro,Empoli,14.0,0.9716732501983643,2.8795485438480317,2.883638647941316,0.08,0.07142857142857142,APOSTA,APROVADO,0.5548,2026-07-16T13:50:45.048578
2026-03-08,ITALY 2,Frosinone,Sampdoria,15.0,0.9646393060684204,2.7845168280561268,2.654603383760522,0.08,0.06666666666666667,APOSTA,APROVADO,0.4214,2026-07-16T13:50:45.056310
2026-03-08,ITALY 2,Mantova,Juve Stabia,10.5,0.9596469402313232,3.118618709290864,2.6330270885235345,0.08,0.09523809523809523,APOSTA,APROVADO,0.5283,2026-07-16T13:50:45.064657
2026-03-08,ITALY 1,Bologna,Verona,12.0,0.9551604986190796,1.6043386958270147,1.5144312711865329,0.08,0.08333333333333333,APOSTA,APROVADO,0.4142,2026-07-16T13:50:45.071662
2026-03-08,CYPRUS 1,Apollon Limassol,A.E.L.,14.5,0.9716732501983643,0,2.214979954568541,0.07,0.06896551724137931,APOSTA,APROVADO,0.5407,2026-07-16T13:50:45.285833
2026-03-08,GREECE 1,Asteras Tripolis,Panserraikos,11.5,0.9716732501983643,1.125533963557987,1.2036716542001156,0.08,0.08695652173913043,APOSTA,APROVADO,0.6257,2026-07-16T13:50:45.559651
2026-03-08,ITALY 1,Fiorentina,Parma,13.5,0.9716732501983643,2.435833013402452,1.9617992694790205,0.08,0.07407407407407407,APOSTA,APROVADO,0.569,2026-07-16T13:50:45.571385
2026-03-08,CHINA 1,Wuhan Three Towns,Beijing Guoan,26.0,0.988034188747406,2.5316049282736612,2.224213580117295,0.06,0.038461538461538464,APOSTA,APROVADO,0.6395,2026-07-16T13:50:45.591448
2026-03-08,POLAND 2,Znicz Pruszkow,Odra Opole,10.5,0.985487699508667,0,2.0495678935848805,0.06,0.09523809523809523,APOSTA,APROVADO,0.7983,2026-07-16T13:50:45.740780
2026-03-08,NETHERLANDS 1,Sparta Rotterdam,PEC Zwolle,28.0,0.988034188747406,2.9027959336864515,2.6892403830135825,0.04,0.03571428571428571,APOSTA,APROVADO,0.6156,2026-07-16T13:50:45.977241
2026-03-08,SLOVAKIA 1,KFC Komarno,Ruzomberok,13.0,0.9646897315979004,2.8552009721581424,2.6105218072339405,0.07,0.07692307692307693,APOSTA,APROVADO,0.4927,2026-07-16T13:50:46.577098
2026-03-08,GERMANY 1,St Pauli,Eintracht Frankfurt,13.0,0.985487699508667,2.614852612191994,2.761850131147064,0.05,0.07692307692307693,APOSTA,APROVADO,0.7621,2026-07-16T13:50:46.586228
2026-03-08,CZECH 1,MFK Karvina,Pardubice,17.0,0.9596469402313232,2.726533481220807,3.4705379125768814,0.1,0.058823529411764705,APOSTA,APROVADO,0.266,2026-07-16T13:50:46.812464
2026-03-08,CYPRUS 1,APOEL,Anorthosis,14.0,0.985487699508667,0,1.7032549230438019,0.07,0.07142857142857142,APOSTA,APROVADO,0.7476,2026-07-16T13:50:47.555268
2026-03-08,SPAIN 2,Andorra CF,Sporting Gijon,12.5,0.988034188747406,3.0215630547867263,2.6669233196409188,0.08,0.08,APOSTA,APROVADO,0.801,2026-07-16T13:50:47.893917
2026-03-08,GERMANY 2,Hannover,Greuther Furth,32.0,0.9948652386665344,3.466456350892731,3.2129052797488686,0.08,0.03125,APOSTA,APROVADO,0.7859,2026-07-16T13:50:47.907380
2026-03-09,MEXICO 1,Tijuana,Santos Laguna,22.0,0.9620798826217651,1.758008207180968,1.9252794481592077,0.08,0.045454545454545456,APOSTA,APROVADO,0.1177,2026-07-16T13:50:49.075419
2026-03-09,MEXICO 1,Tijuana,Santos Laguna,24.0,0.9620798826217651,1.758008207180968,1.9252794481592077,0.08,0.041666666666666664,APOSTA,APROVADO,0.0418,2026-07-16T13:50:49.198738
2026-03-09,SLOVENIA 1,NK Radomlje,NK Bravo,19.0,0.985487699508667,0,3.1954145411340997,0.04,0.05263157894736842,APOSTA,APROVADO,0.675,2026-07-16T13:50:51.540882
2026-03-09,POLAND 2,Polonia Warszawa,LKS Lodz,19.5,0.9548254609107971,0,4.5747435173786,0.06,0.05128205128205128,APOSTA,APROVADO,0.0714,2026-07-16T13:50:51.666314
2026-03-09,DENMARK 2,AC Horsens,Lyngby,12.0,0.9716732501983643,3.985293602319362,4.85348871945598,0.04,0.08333333333333333,APOSTA,APROVADO,0.6115,2026-07-16T13:50:52.385262
2026-03-09,POLAND 1,Wisla Plock,Arka Gdynia,10.5,0.96484375,1.3570010588829853,1.4069735720752234,0.08,0.09523809523809523,APOSTA,APROVADO,0.5826,2026-07-16T13:50:52.392673
2026-03-09,ROMANIA 1,CFR Cluj,Dinamo Bucharest,12.0,0.93829745054245,3.72874814142887,4.11563756674115,0.06,0.08333333333333333,APOSTA,APROVADO,0.2127,2026-07-16T13:50:52.532999
2026-03-09,NETHERLANDS 2,Jong AZ Alkmaar,Emmen,27.0,1.0,3.5610529774622615,3.464715929266755,0.03,0.037037037037037035,APOSTA,APROVADO,0.95,2026-07-16T13:50:53.129787
2026-03-09,GREECE 1,Panaitolikos,Kifisia,11.0,0.9470410943031311,1.4099428747522456,1.158578442161563,0.1,0.09090909090909091,APOSTA,APROVADO,0.3701,2026-07-16T13:50:53.284773
2026-03-09,ITALY 3,Ascoli,Ravenna,10.5,0.9456824660301208,0,2.7330103225818347,0.11,0.09523809523809523,APOSTA,APROVADO,0.3824,2026-07-16T13:50:53.814124
2026-03-09,ITALY 3,Catania,Casertana,12.0,0.9551604986190796,0,3.5819889949326447,0.11,0.08333333333333333,APOSTA,APROVADO,0.4142,2026-07-16T13:50:53.953690
2026-03-09,ITALY 3,Perugia,Pontedera,10.5,0.9551604986190796,0,1.9587821561876948,0.11,0.09523809523809523,APOSTA,APROVADO,0.4814,2026-07-16T13:50:54.198238
2026-03-09,SLOVENIA 1,NK Radomlje,NK Bravo,23.0,0.985487699508667,0,3.1954145411340997,0.04,0.043478260869565216,APOSTA,APROVADO,0.6169,2026-07-16T13:50:54.395514
2026-03-09,SPAIN 2,Almeria,Leonesa,21.0,0.9716732501983643,1.9348307797709794,3.41081974951439,0.08,0.047619047619047616,APOSTA,APROVADO,0.3566,2026-07-16T13:50:54.547266
2026-03-09,IRELAND 1,Shelbourne,Shamrock Rovers,10.5,0.9233813285827637,1.479999350549304,1.546051157148268,0.1,0.09523809523809523,APOSTA,APROVADO,0.1493,2026-07-16T13:50:54.564218
2026-03-09,ITALY 1,Lazio,Sassuolo,11.0,0.9646393060684204,3.1317321564404965,2.132427543473482,0.09,0.09090909090909091,APOSTA,APROVADO,0.5628,2026-07-16T13:50:54.573400
2026-03-09,POLAND 2,Polonia Warszawa,LKS Lodz,19.5,0.9548254609107971,0,4.5747435173786,0.06,0.05128205128205128,APOSTA,APROVADO,0.0714,2026-07-16T13:50:54.583500
2026-03-09,SPAIN 1,Espanyol,Oviedo,11.0,0.985487699508667,2.149088802958605,1.9628109049909914,0.03,0.09090909090909091,APOSTA,APROVADO,0.7911,2026-07-16T13:50:54.991516
2026-03-09,PORTUGAL 1,Tondela,Rio Ave,12.5,0.9620798826217651,1.7982294683958389,1.3530366227408246,0.09,0.08,APOSTA,APROVADO,0.4779,2026-07-16T13:50:55.012618
2026-03-09,COLOMBIA 1,Llaneros FC,Jaguares de Cordoba,11.0,0.9470410943031311,1.0032412943734887,1.9599946987068466,0.1,0.09090909090909091,APOSTA,APROVADO,0.3701,2026-07-16T13:50:55.144436
2026-03-09,DENMARK 2,AC Horsens,Lyngby,14.5,0.9716732501983643,3.985293602319362,4.85348871945598,0.04,0.06896551724137931,APOSTA,APROVADO,0.5407,2026-07-16T13:50:55.276522
2026-03-09,POLAND 1,Wisla Plock,Arka Gdynia,13.5,0.9716732501983643,1.3570010588829853,1.4069735720752234,0.08,0.07407407407407407,APOSTA,APROVADO,0.569,2026-07-16T13:50:55.285000
2026-03-09,PORTUGAL 2,Benfica B,Feirense,15.0,0.9620798826217651,0,2.9734138027825834,0.1,0.06666666666666667,APOSTA,APROVADO,0.3831,2026-07-16T13:50:55.294364
2026-03-09,ROMANIA 1,CFR Cluj,Dinamo Bucharest,13.5,0.93829745054245,3.72874814142887,4.11563756674115,0.06,0.07407407407407407,APOSTA,APROVADO,0.1201,2026-07-16T13:50:55.451029
2026-03-09,EGYPT 1,El Geish,Al Ahly Cairo,12.5,0.985487699508667,2.1198762331709906,2.26170890806144,0.09,0.08,APOSTA,APROVADO,0.7693,2026-07-16T13:50:56.194001
2026-03-09,ITALY 3,Ascoli,Ravenna,11.5,0.9470410943031311,0,2.7330103225818347,0.11,0.08695652173913043,APOSTA,APROVADO,0.3436,2026-07-16T13:50:56.320017
2026-03-09,ITALY 3,Catania,Casertana,14.5,0.9596469402313232,0,3.5819889949326447,0.11,0.06896551724137931,APOSTA,APROVADO,0.3669,2026-07-16T13:50:56.452668
2026-03-09,ITALY 3,Nuovo Campobasso,Arezzo,11.5,0.9401767253875732,0,3.0088390966014513,0.11,0.08695652173913043,APOSTA,APROVADO,0.265,2026-07-16T13:50:56.714397
2026-03-09,ITALY 3,Perugia,Pontedera,15.0,0.9551604986190796,0,1.9587821561876948,0.11,0.06666666666666667,APOSTA,APROVADO,0.2796,2026-07-16T13:50:56.721888
2026-03-09,SPAIN 2,Almeria,Leonesa,24.0,0.9716732501983643,1.9348307797709794,3.41081974951439,0.08,0.041666666666666664,APOSTA,APROVADO,0.2716,2026-07-16T13:50:56.954245
2026-03-09,IRELAND 1,Shelbourne,Shamrock Rovers,11.0,0.9233813285827637,1.479999350549304,1.546051157148268,0.1,0.09090909090909091,APOSTA,APROVADO,0.111,2026-07-16T13:50:56.963885
2026-03-09,ITALY 1,Lazio,Sassuolo,11.0,0.9646393060684204,3.1317321564404965,2.132427543473482,0.09,0.09090909090909091,APOSTA,APROVADO,0.5628,2026-07-16T13:50:56.972924
2026-03-09,CHILE 1,Universidad de Chile,Univ de Concepcion,15.5,0.987210214138031,1.718089557868111,3.0749315035655593,0.04,0.06451612903225806,APOSTA,APROVADO,0.7524,2026-07-16T13:50:57.232855
2026-03-09,SPAIN 1,Espanyol,Oviedo,11.0,0.985487699508667,2.149088802958605,1.9628109049909914,0.03,0.09090909090909091,APOSTA,APROVADO,0.7911,2026-07-16T13:50:57.240364
2026-03-09,PORTUGAL 1,Tondela,Rio Ave,12.0,0.9620798826217651,1.7982294683958389,1.3530366227408246,0.09,0.08333333333333333,APOSTA,APROVADO,0.4969,2026-07-16T13:50:57.249002
2026-03-09,COLOMBIA 1,Llaneros FC,Jaguares de Cordoba,13.5,0.9470410943031311,1.0032412943734887,1.9599946987068466,0.1,0.07407407407407407,APOSTA,APROVADO,0.2377,2026-07-16T13:50:57.822397
2026-03-09,PARAGUAY 1,Sportivo Trinidense,Nacional (Par),11.0,0.93829745054245,,,0.09,0.09090909090909091,APOSTA,APROVADO,0.2744,2026-07-16T13:50:58.123891
2026-03-09,PERU 1,Alianza Lima,Melgar,13.0,1.0,3.6796154406809793,3.6984786492567308,0.06,0.07692307692307693,APOSTA,APROVADO,0.95,2026-07-16T13:50:58.831140
2026-03-09,CHILE 1,Universidad de Chile,Univ de Concepcion,15.5,0.987210214138031,1.718089557868111,3.0749315035655593,0.04,0.06451612903225806,APOSTA,APROVADO,0.7524,2026-07-16T13:50:59.212756
2026-03-09,PARAGUAY 1,Deportivo Recoleta,Club Sportivo Ameliano,11.5,0.9716732501983643,,,0.09,0.08695652173913043,APOSTA,APROVADO,0.6257,2026-07-16T13:50:59.642717
2026-03-10,COLOMBIA 1,Deportivo Pasto,America de Cali S.A,10.5,0.985487699508667,1.5352415991305894,2.5806189593610105,0.09,0.09523809523809523,APOSTA,APROVADO,0.7983,2026-07-16T13:51:01.000576
2026-03-10,PERU 1,Alianza Lima,Melgar,12.5,0.985487699508667,3.072513995802193,3.2592443449888604,0.06,0.08,APOSTA,APROVADO,0.7693,2026-07-16T13:51:01.096323
2026-03-10,TURKEY 2,Manisa FK,Sariyer G.K.,15.5,0.9551604986190796,2.9007319212241875,3.215168172485471,0.06,0.06451612903225806,APOSTA,APROVADO,0.2572,2026-07-16T13:51:01.306264
2026-03-10,AUSTRIA 2,Floridsdorfer AC,Bregenz,15.5,0.9470410943031311,0,2.7487419007008596,0.08,0.06451612903225806,APOSTA,APROVADO,0.1318,2026-07-16T13:51:01.316844
2026-03-10,AUSTRIA 2,SK Sturm Graz II,FC Liefering,18.0,0.9620798826217651,0,1.7103823855796394,0.08,0.05555555555555555,APOSTA,APROVADO,0.2693,2026-07-16T13:51:01.574538
2026-03-10,ENGLAND 5,Aldershot,Carlisle,20.0,0.9756097793579102,0,4.188911947869433,0.02,0.05,APOSTA,APROVADO,0.4634,2026-07-16T13:51:01.706073
2026-03-10,ENGLAND 5,Eastleigh,Brackley Town,15.0,0.9948652386665344,0,3.5621765008857977,0.02,0.06666666666666667,APOSTA,APROVADO,0.8732,2026-07-16T13:51:01.716611
2026-03-10,ENGLAND 5,Scunthorpe,Sutton Utd,42.0,0.9948652386665344,0,2.92469770715338,0.02,0.023809523809523808,APOSTA,APROVADO,0.7346,2026-07-16T13:51:01.846191
2026-03-10,ENGLAND 5,Wealdstone,Tamworth FC,28.0,1.0,0,1.4602051188327883,0.02,0.03571428571428571,APOSTA,APROVADO,0.95,2026-07-16T13:51:01.981678
2026-03-10,ENGLAND 5,Woking,Boreham Wood,28.0,0.9948652386665344,0,3.7276474245649336,0.02,0.03571428571428571,APOSTA,APROVADO,0.8065,2026-07-16T13:51:01.990235
2026-03-10,SCOTLAND 3,Peterhead,Alloa,16.0,0.985487699508667,0,2.506786623990791,0.07,0.0625,APOSTA,APROVADO,0.7185,2026-07-16T13:51:02.004031
2026-03-10,SCOTLAND 4,Annan,Elgin City FC,19.0,0.987210214138031,0,3.3783173407325298,0.06,0.05263157894736842,APOSTA,APROVADO,0.7076,2026-07-16T13:51:02.130715
2026-03-10,SCOTLAND 4,Dumbarton,Stranraer,16.0,0.985487699508667,0,2.78955928332371,0.06,0.0625,APOSTA,APROVADO,0.7185,2026-07-16T13:51:02.140769
2026-03-10,EUROPA CHAMPIONS LEAGUE,Atletico Madrid,Tottenham,14.0,0.9948652386665344,,,0.05,0.07142857142857142,APOSTA,APROVADO,0.8784,2026-07-16T13:51:02.436936
2026-03-10,EUROPA CHAMPIONS LEAGUE,Atletico Madrid,Tottenham,21.0,0.985487699508667,,,0.05,0.047619047619047616,APOSTA,APROVADO,0.646,2026-07-16T13:51:03.270753
2026-03-10,COLOMBIA 1,Atletico Bucaramanga,Deportivo Pereira,15.5,0.9646897315979004,1.1386506350530967,2.198066558794812,0.09,0.06451612903225806,APOSTA,APROVADO,0.4045,2026-07-16T13:51:03.586590
2026-03-10,BRAZIL 1,Mirassol,Santos,14.5,0.9716732501983643,3.324409110450577,4.1060876635396735,0.04,0.06896551724137931,APOSTA,APROVADO,0.5407,2026-07-16T13:51:03.596578
2026-03-11,BRAZIL 1,Mirassol,Santos,18.0,0.9596469402313232,3.4471460744645435,3.7343576243456322,0.04,0.05555555555555555,APOSTA,APROVADO,0.2257,2026-07-16T13:51:04.992214
2026-03-11,TURKEY 2,Hatayspor,Sivasspor,60.0,0.987210214138031,1.704612862675998,1.324691265027663,0.06,0.016666666666666666,APOSTA,APROVADO,0.1833,2026-07-16T13:51:05.592470
2026-03-11,EUROPA CHAMPIONS LEAGUE,Leverkusen,Arsenal,16.5,0.9716732501983643,2.550078474289305,4.310247073020907,0.04,0.06060606060606061,APOSTA,APROVADO,0.484,2026-07-16T13:51:06.254612
2026-03-11,EUROPA CHAMPIONS LEAGUE,Bodo Glimt,Sporting Lisbon,21.0,0.9948652386665344,4.607320947003875,4.974054649013494,0.04,0.047619047619047616,APOSTA,APROVADO,0.8424,2026-07-16T13:51:06.597875
2026-03-11,EUROPA CHAMPIONS LEAGUE,Real Madrid,Man City,19.5,0.9551604986190796,,,0.04,0.05128205128205128,APOSTA,APROVADO,0.0779,2026-07-16T13:51:06.775286
2026-03-11,EUROPA CHAMPIONS LEAGUE,Leverkusen,Arsenal,16.5,0.9716732501983643,2.550078474289305,4.310247073020907,0.04,0.06060606060606061,APOSTA,APROVADO,0.484,2026-07-16T13:51:07.192517
2026-03-11,BRAZIL 1,Atletico MG,Internacional,14.0,0.9646897315979004,2.3310999885045733,3.098101417849953,0.04,0.07142857142857142,APOSTA,APROVADO,0.4574,2026-07-16T13:51:07.200883
2026-03-11,EUROPA CHAMPIONS LEAGUE,Bodo Glimt,Sporting Lisbon,25.0,0.9948652386665344,4.607320947003875,4.974054649013494,0.04,0.04,APOSTA,APROVADO,0.8219,2026-07-16T13:51:07.639717
2026-03-11,BRAZIL 1,Corinthians,Coritiba,11.0,0.9620798826217651,3.0051086245547447,2.874858703662596,0.04,0.09090909090909091,APOSTA,APROVADO,0.5348,2026-07-16T13:51:08.056903
2026-03-12,BRAZIL 1,Corinthians,Coritiba,14.0,0.987210214138031,3.3703442851634424,3.3449382942750496,0.04,0.07142857142857142,APOSTA,APROVADO,0.7716,2026-07-16T13:51:09.578155
2026-03-12,TURKEY 2,Boluspor,Corum Belediyespor,19.0,0.9646897315979004,,,0.05,0.05263157894736842,APOSTA,APROVADO,0.2809,2026-07-16T13:51:10.343022
2026-03-12,TURKEY 2,Erokspor A.S,Bandirmaspor,22.0,0.9620798826217651,3.0211251986269043,3.3179629721335218,0.05,0.045454545454545456,APOSTA,APROVADO,0.1177,2026-07-16T13:51:10.878957
2026-03-12,EUROPA CONFERENCE LEAGUE,Az Alkmaar,Sparta Prague,17.0,0.9620798826217651,3.984828726102161,4.070850587637736,0.08,0.058823529411764705,APOSTA,APROVADO,0.3073,2026-07-16T13:51:10.885667
2026-03-12,EUROPA CONFERENCE LEAGUE,Rijeka,Strasbourg,12.5,0.9756097793579102,3.7960085192867252,4.613228046895733,0.08,0.08,APOSTA,APROVADO,0.6463,2026-07-16T13:51:11.022611
2026-03-12,EUROPA LEAGUE,Lille,Aston Villa,11.5,0.9551604986190796,2.5556969025838194,2.029750758843638,0.05,0.08695652173913043,APOSTA,APROVADO,0.4366,2026-07-16T13:51:11.131024
2026-03-12,EUROPA LEAGUE,Panathinaikos,Betis,12.0,0.9596469402313232,3.0008352251547783,3.373594525617743,0.05,0.08333333333333333,APOSTA,APROVADO,0.4678,2026-07-16T13:51:11.138849
2026-03-12,EUROPA LEAGUE,Stuttgart,Porto,13.0,0.985487699508667,3.0172779555830607,2.3061842502065266,0.05,0.07692307692307693,APOSTA,APROVADO,0.7621,2026-07-16T13:51:11.240512
2026-03-12,SAUDI ARABIA 1,Al-Hazm (KSA),Al-Kholood Club,17.0,0.9863013625144958,3.0328109318139567,3.50301764489015,0.05,0.058823529411764705,APOSTA,APROVADO,0.7178,2026-07-16T13:51:11.590289
2026-03-12,SAUDI ARABIA 1,Al Najma Club,Dhamk,15.5,0.987210214138031,1.828864884994151,2.1476104487393584,0.05,0.06451612903225806,APOSTA,APROVADO,0.7524,2026-07-16T13:51:11.782526
2026-03-12,EUROPA CONFERENCE LEAGUE,Crystal Palace,AEK Larnaca,21.0,0.985487699508667,1.3989719094314252,2.3394566179111442,0.08,0.047619047619047616,APOSTA,APROVADO,0.646,2026-07-16T13:51:12.402991
2026-03-12,EUROPA CONFERENCE LEAGUE,Sigma Olomouc,Mainz,11.0,0.985487699508667,2.928713825313946,2.1530921251032638,0.08,0.09090909090909091,APOSTA,APROVADO,0.7911,2026-07-16T13:51:12.628832
2026-03-12,EUROPA LEAGUE,Celta Vigo,Lyon,13.5,0.9620798826217651,3.604254414150198,3.7691648057414264,0.05,0.07407407407407407,APOSTA,APROVADO,0.44,2026-07-16T13:51:12.636116
2026-03-12,EUROPA LEAGUE,Ferencvaros,Braga,12.5,0.987210214138031,3.427037963226292,3.189565049711541,0.05,0.08,APOSTA,APROVADO,0.7908,2026-07-16T13:51:12.645594
2026-03-12,EUROPA LEAGUE,Genk,Freiburg,11.5,0.9620798826217651,2.7655371063875034,2.24930608019207,0.05,0.08695652173913043,APOSTA,APROVADO,0.5158,2026-07-16T13:51:12.654197
2026-03-12,EUROPA CONFERENCE LEAGUE,Az Alkmaar,Sparta Prague,16.5,0.9620798826217651,3.984828726102161,4.070850587637736,0.08,0.06060606060606061,APOSTA,APROVADO,0.3262,2026-07-16T13:51:12.794413
2026-03-12,EUROPA CONFERENCE LEAGUE,Rijeka,Strasbourg,19.0,0.9716732501983643,3.7960085192867252,4.613228046895733,0.08,0.05263157894736842,APOSTA,APROVADO,0.4132,2026-07-16T13:51:12.900731
2026-03-12,EUROPA CONFERENCE LEAGUE,Samsunspor,Rayo Vallecano,16.5,0.9596469402313232,2.0679134564775126,2.514536597114489,0.08,0.06060606060606061,APOSTA,APROVADO,0.2862,2026-07-16T13:51:12.909839
2026-03-12,EUROPA LEAGUE,Lille,Aston Villa,13.0,0.9551604986190796,2.5556969025838194,2.029750758843638,0.05,0.07692307692307693,APOSTA,APROVADO,0.3693,2026-07-16T13:51:13.018795
2026-03-12,EUROPA LEAGUE,Panathinaikos,Betis,10.5,0.9551604986190796,3.0008352251547783,3.373594525617743,0.05,0.09523809523809523,APOSTA,APROVADO,0.4814,2026-07-16T13:51:13.028284
2026-03-12,EUROPA LEAGUE,Stuttgart,Porto,16.5,0.9756097793579102,3.0172779555830607,2.3061842502065266,0.05,0.06060606060606061,APOSTA,APROVADO,0.5488,2026-07-16T13:51:13.142217
2026-03-12,BRAZIL 1,Remo,Fluminense,14.5,0.987210214138031,2.736440174423574,3.1985791027603208,0.04,0.06896551724137931,APOSTA,APROVADO,0.7652,2026-07-16T13:51:13.151138
2026-03-12,BRAZIL 1,Vasco Da Gama,SE Palmeiras,12.5,0.9980806112289429,,,0.04,0.08,APOSTA,APROVADO,0.9261,2026-07-16T13:51:13.432849
2026-03-12,BRAZIL 1,Sao Paulo,Chapecoense,19.0,0.985487699508667,3.045441857788436,3.426067211126189,0.04,0.05263157894736842,APOSTA,APROVADO,0.675,2026-07-16T13:51:13.792957
2026-03-12,EUROPA CONFERENCE LEAGUE,Crystal Palace,AEK Larnaca,29.0,0.985487699508667,1.3989719094314252,2.3394566179111442,0.08,0.034482758620689655,APOSTA,APROVADO,0.5299,2026-07-16T13:51:13.801284
2026-03-12,EUROPA CONFERENCE LEAGUE,Sigma Olomouc,Mainz,17.5,0.985487699508667,2.928713825313946,2.1530921251032638,0.08,0.05714285714285714,APOSTA,APROVADO,0.6968,2026-07-16T13:51:14.015538
2026-03-12,EUROPA LEAGUE,Celta Vigo,Lyon,14.0,0.9620798826217651,3.604254414150198,3.7691648057414264,0.05,0.07142857142857142,APOSTA,APROVADO,0.421,2026-07-16T13:51:14.025194
2026-03-12,EUROPA LEAGUE,Ferencvaros,Braga,13.0,0.987210214138031,3.427037963226292,3.189565049711541,0.05,0.07692307692307693,APOSTA,APROVADO,0.7844,2026-07-16T13:51:14.034271
2026-03-12,EUROPA LEAGUE,Genk,Freiburg,17.0,0.9620798826217651,2.7655371063875034,2.24930608019207,0.05,0.058823529411764705,APOSTA,APROVADO,0.3073,2026-07-16T13:51:14.045331
2026-03-12,BRAZIL 1,Gremio,Red Bull Bragantino,12.5,0.9646897315979004,4.3870507811908475,3.2579977284586246,0.04,0.08,APOSTA,APROVADO,0.5104,2026-07-16T13:51:14.407084
2026-03-13,CHINA 1,Wuhan Three Towns,Dalian Yingbo,14.0,1.0,2.424418243518275,2.5839763795985577,0.06,0.07142857142857142,APOSTA,APROVADO,0.95,2026-07-16T13:51:15.653806
2026-03-13,ROMANIA 1,UTA Arad,Hermannstadt,11.0,0.985487699508667,3.1443006389708703,2.356552827578612,0.06,0.09090909090909091,APOSTA,APROVADO,0.7911,2026-07-16T13:51:16.188833
2026-03-13,AUSTRIA 2,Austria Klagenfurt,Floridsdorfer AC,14.0,0.9551604986190796,0,1.6531925786068538,0.08,0.07142857142857142,APOSTA,APROVADO,0.3245,2026-07-16T13:51:16.729289
2026-03-13,AUSTRIA 2,Rapid Vienna (Am),SKU Amstetten,16.5,0.9596469402313232,0,3.426308887715404,0.08,0.06060606060606061,APOSTA,APROVADO,0.2862,2026-07-16T13:51:17.028997
2026-03-13,GERMANY 2,Greuther Furth,Elversberg,21.0,0.985487699508667,3.9753495568946353,4.110356797384427,0.08,0.047619047619047616,APOSTA,APROVADO,0.646,2026-07-16T13:51:18.510196
2026-03-13,DENMARK 2,B93 Copenhagen,HB Koge,27.0,0.985487699508667,3.173378570881308,2.9645101498352084,0.04,0.037037037037037035,APOSTA,APROVADO,0.5589,2026-07-16T13:51:18.689593
2026-03-13,DENMARK 2,Lyngby,Middelfart,26.0,0.9756097793579102,3.033072212440978,3.616901744786004,0.04,0.038461538461538464,APOSTA,APROVADO,0.3171,2026-07-16T13:51:18.699277
2026-03-13,DENMARK 1,Fredericia,Randers,22.0,0.9716732501983643,1.6361359220437928,1.119777634991706,0.07,0.045454545454545456,APOSTA,APROVADO,0.3282,2026-07-16T13:51:18.819002
2026-03-13,PORTUGAL 2,Farense,Felgueiras,10.5,0.9470410943031311,0,2.0879568420227903,0.1,0.09523809523809523,APOSTA,APROVADO,0.3966,2026-07-16T13:51:18.936852
2026-03-13,PORTUGAL 2,Sporting Lisbon B,Chaves,11.5,0.9548254609107971,0.9157547756091458,1.9113431594235668,0.1,0.08695652173913043,APOSTA,APROVADO,0.4328,2026-07-16T13:51:19.109164
2026-03-13,FRANCE 3,Chateauroux,Villefranche Beaujolais,12.5,0.93829745054245,0,1.8114180247319451,0.1,0.08,APOSTA,APROVADO,0.1818,2026-07-16T13:51:19.370451
2026-03-13,FRANCE 3,Dijon,Aubagne FC,12.0,0.9470410943031311,0,3.320574220212201,0.1,0.08333333333333333,APOSTA,APROVADO,0.3171,2026-07-16T13:51:19.498912
2026-03-13,FRANCE 3,Fleury Merogis,Quevilly Rouen,10.5,0.9716732501983643,0,1.8325770572137934,0.1,0.09523809523809523,APOSTA,APROVADO,0.654,2026-07-16T13:51:19.509335
2026-03-13,FRANCE 3,Orleans,Paris 13 Atletico,12.0,0.9551604986190796,0.7261124117957789,2.1974799345649814,0.1,0.08333333333333333,APOSTA,APROVADO,0.4142,2026-07-16T13:51:19.707250
2026-03-13,FRANCE 3,Rouen,Stade Briochin,13.5,0.9349064230918884,0,2.076419554155401,0.1,0.07407407407407407,APOSTA,APROVADO,0.0745,2026-07-16T13:51:19.716005
2026-03-13,FRANCE 3,Versailles 78 FC,Bourg-en-Bresse,12.0,0.9470410943031311,0,1.9320485106353817,0.1,0.08333333333333333,APOSTA,APROVADO,0.3171,2026-07-16T13:51:19.865212
2026-03-13,SWITZERLAND 2,Bellinzona,Etoile Carouge,15.0,0.985487699508667,3.0825591898944875,3.337592131487443,0.08,0.06666666666666667,APOSTA,APROVADO,0.733,2026-07-16T13:51:20.132493
2026-03-13,NETHERLANDS 2,FC Oss,Willem II,25.0,0.988034188747406,3.1025764567532432,2.8150409083225956,0.03,0.04,APOSTA,APROVADO,0.6515,2026-07-16T13:51:20.492736
2026-03-13,NETHERLANDS 2,MVV Maastricht,VVV Venlo,32.0,0.987210214138031,2.6122985876643767,3.2479360446204355,0.03,0.03125,APOSTA,APROVADO,0.5414,2026-07-16T13:51:21.184545
2026-03-13,NETHERLANDS 2,RKC Waalwijk,Jong AZ Alkmaar,50.0,0.9948652386665344,2.501227083199575,2.2238190511699925,0.03,0.02,APOSTA,APROVADO,0.6935,2026-07-16T13:51:21.389888
2026-03-13,NETHERLANDS 1,PEC Zwolle,FC Groningen,21.0,0.9756097793579102,3.0379640129691112,3.0663397772037695,0.04,0.047619047619047616,APOSTA,APROVADO,0.439,2026-07-16T13:51:21.723378
2026-03-13,SAUDI ARABIA 1,Al-Feiha,Al-Ettifaq,13.5,0.988034188747406,3.5860302828802864,2.1654301540971024,0.05,0.07407407407407407,APOSTA,APROVADO,0.7891,2026-07-16T13:51:21.971120
2026-03-13,SAUDI ARABIA 1,Al Riyadh SC,Al-Ittihad,22.0,0.985487699508667,1.0865136687521622,1.1901936874289032,0.05,0.045454545454545456,APOSTA,APROVADO,0.6315,2026-07-16T13:51:22.298045
2026-03-13,SWITZERLAND 2,Yverdon Sport,FC Wil,14.5,0.9620798826217651,3.0671567935197506,2.614002646512886,0.08,0.06896551724137931,APOSTA,APROVADO,0.4021,2026-07-16T13:51:22.576823
2026-03-13,GERMANY 1,Mgladbach,St Pauli,11.0,0.93829745054245,2.1219392547899307,1.761209284916153,0.05,0.09090909090909091,APOSTA,APROVADO,0.2744,2026-07-16T13:51:22.902228
2026-03-13,ITALY 2,Modena,Spezia,13.5,0.9756097793579102,2.5252726010751823,2.127769284704619,0.08,0.07407407407407407,APOSTA,APROVADO,0.622,2026-07-16T13:51:22.911638
2026-03-13,SPAIN 2,Mirandes,Cadiz,12.0,0.9716732501983643,2.40294924707698,2.2010436658329007,0.08,0.08333333333333333,APOSTA,APROVADO,0.6115,2026-07-16T13:51:23.499972
2026-03-13,IRELAND 2,Athlone Town,Cobh Ramblers,11.5,0.985487699508667,0,2.2774451268748597,0.04,0.08695652173913043,APOSTA,APROVADO,0.7838,2026-07-16T13:51:23.677066
2026-03-13,IRELAND 2,Cork City,Longford,22.0,0.9620798826217651,0.5671770485985528,2.330365800002892,0.04,0.045454545454545456,APOSTA,APROVADO,0.1177,2026-07-16T13:51:23.889796
2026-03-13,IRELAND 2,Finn Harps,Treaty United,12.0,0.985487699508667,0,2.356246594643475,0.04,0.08333333333333333,APOSTA,APROVADO,0.7766,2026-07-16T13:51:23.902936
2026-03-13,IRELAND 2,Wexford F.C,Kerry FC,11.0,0.9716732501983643,0,1.7099049646433637,0.04,0.09090909090909091,APOSTA,APROVADO,0.6398,2026-07-16T13:51:24.127058
2026-03-13,IRELAND 1,Derry City,Shelbourne,11.5,0.9470410943031311,2.385283908849921,2.095591444500945,0.1,0.08695652173913043,APOSTA,APROVADO,0.3436,2026-07-16T13:51:24.275503
2026-03-13,IRELAND 1,St Patricks,Drogheda,12.0,0.9470410943031311,3.189145452211036,3.2863430861717866,0.1,0.08333333333333333,APOSTA,APROVADO,0.3171,2026-07-16T13:51:24.301027
2026-03-13,WALES 1,Caernarfon Town,Connahs Quay,18.0,0.9756097793579102,0,3.1469050461625248,0.08,0.05555555555555555,APOSTA,APROVADO,0.5122,2026-07-16T13:51:24.672125
2026-03-13,IRELAND 1,Sligo Rovers,Shamrock Rovers,13.0,0.93829745054245,1.2031566235209978,1.7089294580190313,0.1,0.07692307692307693,APOSTA,APROVADO,0.151,2026-07-16T13:51:24.920370
2026-03-13,PERU 1,FC Cajamarca,Comerciantes Unidos,13.5,0.9646393060684204,0.7939250326737376,3.226718149443111,0.06,0.07407407407407407,APOSTA,APROVADO,0.4744,2026-07-16T13:51:24.955175
2026-03-13,SPAIN 1,Alaves,Villarreal,13.0,0.988034188747406,3.062814043176693,2.3408212494595872,0.03,0.07692307692307693,APOSTA,APROVADO,0.795,2026-07-16T13:51:24.972590
2026-03-13,PARAGUAY 1,Sportivo Luqueno,Sportivo San Lorenzo,11.0,0.93829745054245,1.1385479787544959,2.796693441430497,0.09,0.09090909090909091,APOSTA,APROVADO,0.2744,2026-07-16T13:51:25.397857
2026-03-13,CHILE 1,Audax Italiano,Deportes Concepcion,11.0,0.987210214138031,1.4406683276511913,2.7071295279412526,0.04,0.09090909090909091,APOSTA,APROVADO,0.81,2026-07-16T13:51:25.788090
2026-03-13,MEXICO 1,Puebla,Necaxa,15.0,0.985487699508667,1.7554731880264283,2.6015773847045325,0.08,0.06666666666666667,APOSTA,APROVADO,0.733,2026-07-16T13:51:26.739272
2026-03-13,AUSTRALIA 1,Wellington Phoenix,Perth Glory,20.0,0.9756097793579102,1.9006623242716139,2.5380595074353556,0.05,0.05,APOSTA,APROVADO,0.4634,2026-07-16T13:51:27.006188
2026-03-14,MEXICO 1,FC Juarez,Monterrey,17.0,0.9646897315979004,3.2815351389614507,2.7991037825019953,0.07,0.058823529411764705,APOSTA,APROVADO,0.3515,2026-07-16T13:51:28.099630
2026-03-14,AUSTRALIA 1,Central Coast Mariners,Adelaide United,28.0,0.9716732501983643,2.755852802812872,3.470390464241985,0.05,0.03571428571428571,APOSTA,APROVADO,0.1583,2026-07-16T13:51:28.107546
2026-03-14,AUSTRALIA 1,Newcastle Jets,Auckland FC,29.0,0.9756097793579102,3.6010576839782216,3.8260791046435223,0.05,0.034482758620689655,APOSTA,APROVADO,0.2439,2026-07-16T13:51:28.116139
2026-03-14,ROMANIA 2,Ceahlaul,CS Afumati,21.0,0.9620798826217651,0,2.9356476074621423,0.07,0.047619047619047616,APOSTA,APROVADO,0.1556,2026-07-16T13:51:28.575269
2026-03-14,ROMANIA 2,ACS Dumbravita,Concordia Chiajna,11.0,0.9716732501983643,0,1.7159740285658958,0.07,0.09090909090909091,APOSTA,APROVADO,0.6398,2026-07-16T13:51:28.867918
2026-03-14,ROMANIA 2,CSM Satu Mare,CS FC Dinamo Bucuresti,14.0,0.985487699508667,1.3301142251423297,2.3488128991725,0.07,0.07142857142857142,APOSTA,APROVADO,0.7476,2026-07-16T13:51:29.275233
2026-03-14,ESTONIA 1,Nomme Utd,Parnu JK Vaprus,30.0,0.985487699508667,0,6.658015025999148,0.03,0.03333333333333333,APOSTA,APROVADO,0.5154,2026-07-16T13:51:29.962848
2026-03-14,ROMANIA 2,Chindia Targoviste,Metalul Buzau,13.5,0.9620798826217651,0,3.6435117287673098,0.07,0.07407407407407407,APOSTA,APROVADO,0.44,2026-07-16T13:51:29.975545
2026-03-14,PORTUGAL 2,Academico de Viseu,Leixoes,13.0,0.9431891441345215,0,3.5386128209828978,0.1,0.07692307692307693,APOSTA,APROVADO,0.2143,2026-07-16T13:51:30.365136
2026-03-14,CHINA 1,Meizhou Hakka,Yanbian Longding,14.0,0.985487699508667,2.4347059287179906,2.442398865894092,0.06,0.07142857142857142,APOSTA,APROVADO,0.7476,2026-07-16T13:51:30.732962
2026-03-14,CHINA 1,Guangdong GZ-Power FC,Shanghai Jiading,19.5,0.985487699508667,1.8036390271487268,2.799079995738106,0.06,0.05128205128205128,APOSTA,APROVADO,0.6677,2026-07-16T13:51:30.972412
2026-03-14,CHINA 1,Nantong Zhiyun F.C,Shijiazhuang Gongfu FC,10.5,0.9431891441345215,2.767814755466522,4.0818934246530585,0.06,0.09523809523809523,APOSTA,APROVADO,0.3563,2026-07-16T13:51:31.213267
2026-03-14,CHINA 1,Chongqing Tonglianglong,Liaoning Tieren FC,13.5,0.9756097793579102,2.346323897899403,2.5204995717802676,0.06,0.07407407407407407,APOSTA,APROVADO,0.622,2026-07-16T13:51:31.350656
2026-03-14,GERMANY 2,Braunschweig,Fortuna Dusseldorf,14.5,0.9716732501983643,2.7974319629307782,2.112033065891199,0.07,0.06896551724137931,APOSTA,APROVADO,0.5407,2026-07-16T13:51:31.707205
2026-03-14,GERMANY 2,Arminia Bielefeld,Paderborn,16.0,0.9716732501983643,3.559028682384598,2.9603938683485436,0.07,0.0625,APOSTA,APROVADO,0.4982,2026-07-16T13:51:31.716669
2026-03-14,GERMANY 2,Holstein Kiel,Nurnberg,14.5,0.9716732501983643,1.7755910600057878,1.605552674835545,0.07,0.06896551724137931,APOSTA,APROVADO,0.5407,2026-07-16T13:51:31.725260
2026-03-14,CHINA 1,Shenzhen Peng City,Tianjin Jinmen Tiger FC,13.0,0.9716732501983643,2.451554920713747,2.460805195481666,0.06,0.07692307692307693,APOSTA,APROVADO,0.5832,2026-07-16T13:51:31.967985
2026-03-14,ENGLAND 5,Wealdstone,Solihull Moors,25.0,1.0,0,2.7752692352228,0.02,0.04,APOSTA,APROVADO,0.95,2026-07-16T13:51:32.345910
2026-03-14,DENMARK 2,Aarhus Fremad,AC Horsens,12.5,0.9716732501983643,2.7578447623540163,2.9328719282304228,0.04,0.08,APOSTA,APROVADO,0.5973,2026-07-16T13:51:32.477161
2026-03-14,GERMANY 3,Saarbrucken,Jahn Regensburg,21.0,0.9620798826217651,0,2.5255874825256672,0.07,0.047619047619047616,APOSTA,APROVADO,0.1556,2026-07-16T13:51:32.817195
2026-03-14,GERMANY 3,Hansa Rostock,Duisburg,17.0,0.9470410943031311,0,2.6885995367826716,0.07,0.058823529411764705,APOSTA,APROVADO,0.0523,2026-07-16T13:51:33.027073
2026-03-14,SPAIN 1,Girona,Athletic Bilbao,12.5,1.0,2.934217485736512,2.1972382579757674,0.03,0.08,APOSTA,APROVADO,0.95,2026-07-16T13:51:33.164510
2026-03-14,ITALY 3,Potenza,Cavese 1919,12.0,0.9646897315979004,0,1.5475394502677182,0.1,0.08333333333333333,APOSTA,APROVADO,0.528,2026-07-16T13:51:33.833028
2026-03-14,PORTUGAL 2,Pacos Ferreira,Benfica B,15.5,0.9551604986190796,0,1.2903651394041342,0.1,0.06451612903225806,APOSTA,APROVADO,0.2572,2026-07-16T13:51:34.007422
2026-03-14,CZECH 1,Hradec Kralove,Banik Ostrava,12.5,0.9716732501983643,2.461971311537329,1.96942582356132,0.1,0.08,APOSTA,APROVADO,0.5973,2026-07-16T13:51:34.139683
2026-03-14,ITALY 2,Padova,Catanzaro,12.0,0.9756097793579102,2.3130862429135917,2.872788669537319,0.08,0.08333333333333333,APOSTA,APROVADO,0.6585,2026-07-16T13:51:34.441233
2026-03-14,ITALY 2,Cesena,Frosinone,19.5,0.9948652386665344,3.943478921298464,3.075237736500696,0.08,0.05128205128205128,APOSTA,APROVADO,0.8501,2026-07-16T13:51:34.449061
2026-03-14,ITALY 2,Empoli,Mantova,16.5,0.9646897315979004,1.7268909217258708,1.4703496946599515,0.08,0.06060606060606061,APOSTA,APROVADO,0.3691,2026-07-16T13:51:34.564557
2026-03-14,CZECH 1,Dukla Prague,FK Jablonec,10.5,0.9551604986190796,1.4158950416407063,2.1019713820530095,0.1,0.09523809523809523,APOSTA,APROVADO,0.4814,2026-07-16T13:51:34.720539
2026-03-14,GERMANY 1,Dortmund,Augsburg,27.0,0.9980806112289429,3.8357020399086466,3.733115648509791,0.06,0.037037037037037035,APOSTA,APROVADO,0.8983,2026-07-16T13:51:34.983759
2026-03-14,GERMANY 1,Leverkusen,Bayern Munich,44.0,0.985487699508667,4.19598265889663,4.677132451814004,0.06,0.022727272727272728,APOSTA,APROVADO,0.3122,2026-07-16T13:51:35.121801
2026-03-14,GERMANY 1,Eintracht Frankfurt,FC Heidenheim,29.0,0.9756097793579102,2.66804835995901,2.6248526249168833,0.06,0.034482758620689655,APOSTA,APROVADO,0.2439,2026-07-16T13:51:35.271934
2026-03-14,SLOVAKIA 1,Podbrezova,Zemplin,24.0,0.9646393060684204,3.8990339447101547,3.4163706229186124,0.07,0.041666666666666664,APOSTA,APROVADO,0.1031,2026-07-16T13:51:35.677556
2026-03-14,SLOVAKIA 1,Ruzomberok,FC Kosice,14.0,0.985487699508667,2.3882243475970313,2.503622062364569,0.07,0.07142857142857142,APOSTA,APROVADO,0.7476,2026-07-16T13:51:35.785599
2026-03-14,SCOTLAND 1,Aberdeen,Falkirk,13.0,0.9620798826217651,1.8927412033249222,3.6221771101195364,0.08,0.07692307692307693,APOSTA,APROVADO,0.4589,2026-07-16T13:51:35.813105
2026-03-14,NORWAY 1,Ham-Kam,Viking,17.0,0.985487699508667,3.728482452053723,4.78533091906099,0.02,0.058823529411764705,APOSTA,APROVADO,0.704,2026-07-16T13:51:35.993319
2026-03-14,ENGLAND 5,Truro City,Hartlepool,17.0,1.0,0,2.0714323286435636,0.02,0.058823529411764705,APOSTA,APROVADO,0.95,2026-07-16T13:51:36.225320
2026-03-14,ENGLAND 5,Gateshead,Sutton Utd,90.0,1.0,0,2.6043754978752354,0.02,0.011111111111111112,APOSTA,APROVADO,0.95,2026-07-16T13:51:36.518393
2026-03-14,ENGLAND 5,Brackley Town,Woking,12.5,1.0,0,1.5132086839497947,0.02,0.08,APOSTA,APROVADO,0.95,2026-07-16T13:51:36.527359
2026-03-14,ENGLAND 5,FC Halifax Town,Boreham Wood,23.0,1.0,0,3.313387605353632,0.02,0.043478260869565216,APOSTA,APROVADO,0.95,2026-07-16T13:51:36.667721
2026-03-14,ENGLAND 5,Tamworth FC,Carlisle,17.5,0.985487699508667,0,4.00062251058786,0.02,0.05714285714285714,APOSTA,APROVADO,0.6968,2026-07-16T13:51:36.816726
2026-03-14,ENGLAND 5,Aldershot,York City,38.0,0.9756097793579102,0,4.114443406962698,0.02,0.02631578947368421,APOSTA,APROVADO,0.0244,2026-07-16T13:51:36.825745
2026-03-14,ENGLAND 5,Boston Utd,Yeovil,16.0,1.0,0,2.1576674918831533,0.02,0.0625,APOSTA,APROVADO,0.95,2026-07-16T13:51:36.835782
2026-03-14,ENGLAND 5,Southend,Forest Green,19.5,1.0,0,3.0886114303000043,0.02,0.05128205128205128,APOSTA,APROVADO,0.95,2026-07-16T13:51:36.844670
2026-03-14,SCOTLAND 4,Stirling,Forfar,25.0,0.985487699508667,0,2.949543889944546,0.06,0.04,APOSTA,APROVADO,0.5879,2026-07-16T13:51:36.967289
2026-03-14,SCOTLAND 4,Elgin City FC,Dumbarton,20.0,0.9551604986190796,0,2.075902369495497,0.06,0.05,APOSTA,APROVADO,0.0555,2026-07-16T13:51:37.111398
2026-03-14,SCOTLAND 4,Annan,Edinburgh City,16.5,0.9646897315979004,0,2.934823947337493,0.06,0.06060606060606061,APOSTA,APROVADO,0.3691,2026-07-16T13:51:37.122166
2026-03-14,SCOTLAND 3,Peterhead,Stenhousemuir,11.5,0.9716732501983643,0,3.170440056077531,0.07,0.08695652173913043,APOSTA,APROVADO,0.6257,2026-07-16T13:51:37.138008
2026-03-14,CYPRUS 1,A.E.L.,Omonia FC Aradippou,22.0,0.9646897315979004,0,1.85790530163563,0.07,0.045454545454545456,APOSTA,APROVADO,0.1749,2026-07-16T13:51:37.368813
2026-03-15,CHINA 1,Henan Songshan Longmen,Yunnan Yukun,25.0,0.985487699508667,3.5325996876175134,4.423804318389587,0.05,0.04,APOSTA,APROVADO,0.5879,2026-07-16T13:51:38.640458
2026-03-15,CHINA 1,Shenzhen Juniors FC,Shaanxi Union FC,20.0,0.9948652386665344,2.3088581629635057,3.066738946845466,0.05,0.05,APOSTA,APROVADO,0.8476,2026-07-16T13:51:38.936261
2026-03-15,AUSTRIA 2,First Vienna FC 1894,Austria Wien (A),13.0,0.9716732501983643,1.472622043858156,2.9211339758854615,0.07,0.07692307692307693,APOSTA,APROVADO,0.5832,2026-07-16T13:51:39.313190
2026-03-15,TURKEY 2,Sivasspor,Umraniyespor,15.5,0.985487699508667,2.9745697559851076,2.6741450104310744,0.05,0.06451612903225806,APOSTA,APROVADO,0.7258,2026-07-16T13:51:39.455251
2026-03-15,POLAND 2,Pogon Siedlce,Znicz Pruszkow,14.0,0.985487699508667,0,2.2160744820694855,0.05,0.07142857142857142,APOSTA,APROVADO,0.7476,2026-07-16T13:51:40.283135
2026-03-15,POLAND 1,Arka Gdynia,Widzew Lodz,10.5,0.9470410943031311,2.8329353845338003,2.9134539631308773,0.08,0.09523809523809523,APOSTA,APROVADO,0.3966,2026-07-16T13:51:40.587303
2026-03-15,ITALY 3,Crotone,Salernitana,11.0,0.9431891441345215,0,2.7449364928437268,0.1,0.09090909090909091,APOSTA,APROVADO,0.3279,2026-07-16T13:51:40.729056
2026-03-15,CHINA 1,Nanjing City,Changchun Yatai,14.0,0.9716732501983643,2.0662345232114943,2.653504215565182,0.05,0.07142857142857142,APOSTA,APROVADO,0.5548,2026-07-16T13:51:40.738468
2026-03-15,CHINA 1,Chengdu Rongcheng,Qingdao Hainiu,27.0,0.9948652386665344,4.291932175824153,3.5492748239995735,0.05,0.037037037037037035,APOSTA,APROVADO,0.8116,2026-07-16T13:51:40.748461
2026-03-15,SCOTLAND 1,St Mirren,Rangers,19.5,0.9716732501983643,2.7529386585097226,1.5351366223983478,0.09,0.05128205128205128,APOSTA,APROVADO,0.399,2026-07-16T13:51:40.999574
2026-03-15,ESTONIA 1,Harju JK Laagri,FCI Tallinn,36.0,0.988034188747406,0,3.961840039061054,0.03,0.027777777777777776,APOSTA,APROVADO,0.5198,2026-07-16T13:51:41.415035
2026-03-15,GERMANY 2,Dynamo Dresden,Preussen Munster,14.0,0.9646897315979004,2.040499794176946,2.015883667148316,0.07,0.07142857142857142,APOSTA,APROVADO,0.4574,2026-07-16T13:51:41.868409
2026-03-15,DENMARK 1,Midtjylland,FC Nordsjaelland,42.0,0.987210214138031,3.9033379108428514,3.272165120846932,0.07,0.023809523809523808,APOSTA,APROVADO,0.4135,2026-07-16T13:51:42.167825
2026-03-15,TURKEY 2,Sariyer G.K.,Keciorengucu,15.5,0.985487699508667,3.1326565980811503,3.6577258229798035,0.05,0.06451612903225806,APOSTA,APROVADO,0.7258,2026-07-16T13:51:42.682307
2026-03-15,SPAIN 2,Cordoba,Sociedad B,22.0,0.9646897315979004,2.2291579127008587,2.7761809488300067,0.07,0.045454545454545456,APOSTA,APROVADO,0.1749,2026-07-16T13:51:42.811619
2026-03-15,SWITZERLAND 1,Lausanne,Young Boys,27.0,0.985487699508667,2.092515761261456,2.3916718884623434,0.06,0.037037037037037035,APOSTA,APROVADO,0.5589,2026-07-16T13:51:43.154823
2026-03-15,ITALY 3,Arezzo,Perugia,10.5,0.9470410943031311,0,2.379416508927869,0.1,0.09523809523809523,APOSTA,APROVADO,0.3966,2026-07-16T13:51:43.587759
2026-03-15,NETHERLANDS 1,Feyenoord,Excelsior,42.0,0.987210214138031,3.505010062566088,3.6105218072339405,0.04,0.023809523809523808,APOSTA,APROVADO,0.4135,2026-07-16T13:51:43.602257
2026-03-15,CZECH 1,Banik Ostrava B,MAS Taborsko,14.5,0.9620798826217651,0,3.781814714223202,0.09,0.06896551724137931,APOSTA,APROVADO,0.4021,2026-07-16T13:51:43.835728
2026-03-15,NORWAY 1,Kristiansund,Brann,21.0,0.9922480583190918,2.478730754908674,2.3494775321673007,0.02,0.047619047619047616,APOSTA,APROVADO,0.7876,2026-07-16T13:51:43.850986
2026-03-15,POLAND 2,GKS Tychy,Slask Wroclaw,17.5,0.985487699508667,0,3.1390775850730446,0.05,0.05714285714285714,APOSTA,APROVADO,0.6968,2026-07-16T13:51:44.306156
2026-03-15,ITALY 3,Triestina,Pro Vercelli,10.5,0.9456824660301208,0,3.2045191010886542,0.1,0.09523809523809523,APOSTA,APROVADO,0.3824,2026-07-16T13:51:44.320254
2026-03-15,ITALY 3,AZ Picerno ASD,Trapani,11.0,0.9470410943031311,0,1.8074891978334136,0.1,0.09090909090909091,APOSTA,APROVADO,0.3701,2026-07-16T13:51:44.637013
2026-03-15,POLAND 1,Zaglebie Lubin,Lech Poznan,19.0,0.9716732501983643,2.945184492165075,2.3579275038446417,0.08,0.05263157894736842,APOSTA,APROVADO,0.4132,2026-07-16T13:51:44.770103
2026-03-15,SCOTLAND 1,Dundee,Dundee Utd,12.0,0.9431891441345215,2.570610793126246,3.1594720626553268,0.09,0.08333333333333333,APOSTA,APROVADO,0.2711,2026-07-16T13:51:44.872078
2026-03-15,ENGLAND 1,Crystal Palace,Leeds,12.5,0.985487699508667,2.8854709522796447,2.971343768657306,0.07,0.08,APOSTA,APROVADO,0.7693,2026-07-16T13:51:44.999368
2026-03-15,ENGLAND 1,Man Utd,Aston Villa,22.0,0.9596469402313232,2.5255373265837244,3.0152190341535148,0.07,0.045454545454545456,APOSTA,APROVADO,0.0643,2026-07-16T13:51:45.220372
2026-03-15,CYPRUS 1,Anorthosis,Apollon Limassol,14.0,0.985487699508667,0,2.2031544695402117,0.07,0.07142857142857142,APOSTA,APROVADO,0.7476,2026-07-16T13:51:45.371126
2026-03-15,PORTUGAL 2,Leiria,Maritimo,12.0,0.9349064230918884,0,4.522964134852847,0.11,0.08333333333333333,APOSTA,APROVADO,0.1721,2026-07-16T13:51:45.378939
2026-03-15,GREECE 1,Kifisia,NFC Volos,10.5,0.9470410943031311,2.157397494368719,1.600977308055655,0.1,0.09523809523809523,APOSTA,APROVADO,0.3966,2026-07-16T13:51:45.502098
2026-03-15,ITALY 1,Sassuolo,Bologna,12.5,0.9620798826217651,2.501205170237128,3.0427760973008695,0.09,0.08,APOSTA,APROVADO,0.4779,2026-07-16T13:51:45.517347
2026-03-15,SLOVAKIA 1,Trencin,MFK Skalica,12.0,0.985487699508667,1.6231885807845614,1.27177059189963,0.08,0.08333333333333333,APOSTA,APROVADO,0.7766,2026-07-16T13:51:45.649971
2026-03-15,GERMANY 1,Werder Bremen,Mainz,16.5,0.985487699508667,2.790096020253947,1.8440916686125914,0.05,0.06060606060606061,APOSTA,APROVADO,0.7113,2026-07-16T13:51:45.658917
2026-03-15,CZECH 1,Plzen,Bohemians 1905,18.5,0.9646393060684204,3.7688131532180327,2.6310637331511195,0.09,0.05405405405405406,APOSTA,APROVADO,0.2976,2026-07-16T13:51:45.811132
2026-03-15,CZECH 1,Sigma Olomouc,MFK Karvina,14.0,0.9596469402313232,2.633125757108088,2.6023292505138476,0.09,0.07142857142857142,APOSTA,APROVADO,0.3871,2026-07-16T13:51:45.982579
2026-03-15,DENMARK 2,Hvidovre,Kolding IF,13.5,0.985487699508667,3.090482448200915,3.850713282753869,0.05,0.07407407407407407,APOSTA,APROVADO,0.7548,2026-07-16T13:51:46.138366
2026-03-15,CHILE 1,Univ de Concepcion,Palestino,14.5,0.9716732501983643,2.081018881843634,3.394447325164454,0.04,0.06896551724137931,APOSTA,APROVADO,0.5407,2026-07-16T13:51:46.325635
2026-03-15,SPAIN 2,Granada,Andorra CF,12.0,0.985487699508667,3.5198974078577576,3.148987179881942,0.07,0.08333333333333333,APOSTA,APROVADO,0.7766,2026-07-16T13:51:47.028902
2026-03-15,SPAIN 1,Barcelona,Sevilla,42.0,0.9922480583190918,3.7674151331557812,4.27110595890483,0.03,0.023809523809523808,APOSTA,APROVADO,0.6248,2026-07-16T13:51:47.037433
2026-03-15,SWITZERLAND 1,FC Basel,Servette,23.0,1.0,3.3195139169318635,3.27955593058217,0.06,0.043478260869565216,APOSTA,APROVADO,0.95,2026-07-16T13:51:47.250651
2026-03-15,NETHERLANDS 1,Go Ahead Eagles,NAC Breda,16.0,0.985487699508667,3.402488167113303,2.715826580230999,0.04,0.0625,APOSTA,APROVADO,0.7185,2026-07-16T13:51:47.639970
2026-03-15,POLAND 2,LKS Lodz,Odra Opole,22.0,0.985487699508667,0,1.588910146438111,0.05,0.045454545454545456,APOSTA,APROVADO,0.6315,2026-07-16T13:51:47.649944
2026-03-15,NORWAY 1,Valerenga,Sandefjord,26.0,0.985487699508667,3.3071585524340827,3.941404791896737,0.02,0.038461538461538464,APOSTA,APROVADO,0.5734,2026-07-16T13:51:47.658256
2026-03-15,NORWAY 1,Kfum Oslo,Start,14.0,1.0,1.150838319995592,2.197479934564982,0.02,0.07142857142857142,APOSTA,APROVADO,0.95,2026-07-16T13:51:47.984022
2026-03-15,GREECE 1,PAOK,Levadiakos,18.5,0.9716732501983643,2.661094556235327,3.2053719520003847,0.1,0.05405405405405406,APOSTA,APROVADO,0.4274,2026-07-16T13:51:47.995522
2026-03-15,PERU 1,Sporting Cristal,Sport Boys (Per),18.0,1.0,2.267931322240834,1.919793131100908,0.06,0.05555555555555555,APOSTA,APROVADO,0.95,2026-07-16T13:51:48.161685
2026-03-15,ITALY 2,Sudtirol,Pescara,15.0,0.9716732501983643,2.2857252003592707,2.3253966676044966,0.09,0.06666666666666667,APOSTA,APROVADO,0.5265,2026-07-16T13:51:48.468736
2026-03-16,ROMANIA 1,Botosani,Unirea Slobozia,14.5,0.9620798826217651,1.999092345597031,1.516624966882817,0.06,0.06896551724137931,APOSTA,APROVADO,0.4021,2026-07-16T13:51:49.946127
2026-03-16,POLAND 1,Pogon Szczecin,Korona Kielce,16.0,0.9551604986190796,3.1786775983074893,3.404898133926755,0.09,0.0625,APOSTA,APROVADO,0.2348,2026-07-16T13:51:50.886132
2026-03-16,PORTUGAL 2,Porto B,Oliveirense,15.0,0.9620798826217651,,,0.1,0.06666666666666667,APOSTA,APROVADO,0.3831,2026-07-16T13:51:51.230912
2026-03-16,SPAIN 2,Albacete,Las Palmas,10.5,0.985487699508667,2.2508643040066785,2.435112618758013,0.07,0.09523809523809523,APOSTA,APROVADO,0.7983,2026-07-16T13:51:52.260425
2026-03-16,IRELAND 1,Drogheda,Shamrock Rovers,11.0,0.9470410943031311,1.979285302413641,2.7328047748802597,0.09,0.09090909090909091,APOSTA,APROVADO,0.3701,2026-07-16T13:51:52.408493
2026-03-16,IRELAND 1,Shelbourne,Bohemians,10.5,0.985487699508667,2.817166141017288,2.344508399768905,0.09,0.09523809523809523,APOSTA,APROVADO,0.7983,2026-07-16T13:51:52.554319
2026-03-16,IRELAND 1,St Patricks,Derry City,10.5,0.9646897315979004,3.268110551374507,3.6278991715248985,0.09,0.09523809523809523,APOSTA,APROVADO,0.581,2026-07-16T13:51:52.564363
2026-03-16,ITALY 1,US Cremonese,Fiorentina,12.0,1.0,3.4044181430549925,2.3810282210887177,0.09,0.08333333333333333,APOSTA,APROVADO,0.95,2026-07-16T13:51:52.705714
2026-03-16,WALES 1,Cardiff Metropolitan,Briton Ferry Llansawel,18.0,0.9756097793579102,0,2.3034733698503382,0.08,0.05555555555555555,APOSTA,APROVADO,0.5122,2026-07-16T13:51:52.880500
2026-03-16,IRELAND 1,Galway Utd,Waterford,15.0,0.93829745054245,2.6683676739716327,2.1715991399243992,0.09,0.06666666666666667,APOSTA,APROVADO,0.0275,2026-07-16T13:51:53.010397
2026-03-16,SPAIN 1,Rayo Vallecano,Levante,14.0,0.9948652386665344,2.738444805622803,2.9102839974814643,0.03,0.07142857142857142,APOSTA,APROVADO,0.8784,2026-07-16T13:51:53.019891
2026-03-16,CHILE 1,Union La Calera,OHiggins,11.0,0.9863013625144958,2.35052931297326,3.488826227146248,0.04,0.09090909090909091,APOSTA,APROVADO,0.8,2026-07-16T13:51:53.202413
2026-03-16,BRAZIL 1,Chapecoense,Gremio,14.5,1.0,2.981135904907779,3.602112605138633,0.02,0.06896551724137931,APOSTA,APROVADO,0.95,2026-07-16T13:51:53.377533
2026-03-16,CHILE 1,Colo Colo,Huachipato,16.5,0.9646897315979004,3.4219930663515807,3.518301235389589,0.04,0.06060606060606061,APOSTA,APROVADO,0.3691,2026-07-16T13:51:53.641976
2026-03-17,AUSTRALIA 1,Sydney FC,Melbourne City,20.0,0.985487699508667,3.107336275769449,2.7516002293919444,0.05,0.05,APOSTA,APROVADO,0.6605,2026-07-16T13:51:54.777085
2026-03-17,EUROPA CHAMPIONS LEAGUE,Sporting Lisbon,Bodo Glimt,42.0,0.987210214138031,2.616332380539768,2.9527538618471967,0.04,0.023809523809523808,APOSTA,APROVADO,0.4135,2026-07-16T13:51:55.379786
2026-03-17,ITALY 2,Palermo,Juve Stabia,11.5,0.9470410943031311,2.9268192575900374,3.246324332459586,0.1,0.08695652173913043,APOSTA,APROVADO,0.3436,2026-07-16T13:51:55.390347
2026-03-17,SWITZERLAND 1,St Gallen,Lugano,21.0,0.985487699508667,3.783053307446551,3.036085286119273,0.06,0.047619047619047616,APOSTA,APROVADO,0.646,2026-07-16T13:51:55.596787
2026-03-17,FRANCE 3,Stade Briochin,Chateauroux,12.0,0.9470410943031311,0,2.262266862303378,0.1,0.08333333333333333,APOSTA,APROVADO,0.3171,2026-07-16T13:51:55.607330
2026-03-17,NETHERLANDS 2,ADO Den Haag,Jong FC Utrecht,44.0,0.987210214138031,3.276298569124026,2.6748741997717973,0.03,0.022727272727272728,APOSTA,APROVADO,0.3879,2026-07-16T13:51:55.833505
2026-03-17,NETHERLANDS 2,Almere City,RKC Waalwijk,30.0,0.9980806112289429,3.1835101466217983,3.640818178195768,0.03,0.03333333333333333,APOSTA,APROVADO,0.8925,2026-07-16T13:51:55.953838
2026-03-17,NETHERLANDS 2,FC Dordrecht,FC Oss,22.0,1.0,1.8386226003830095,2.1744574686154836,0.03,0.045454545454545456,APOSTA,APROVADO,0.95,2026-07-16T13:51:56.131837
2026-03-17,ITALY 2,Catanzaro,Modena,12.0,0.93829745054245,3.4878497249491556,3.0945376865820347,0.1,0.08333333333333333,APOSTA,APROVADO,0.2127,2026-07-16T13:51:56.344265
2026-03-17,ITALY 2,Reggiana,AC Monza,11.5,0.9470410943031311,2.2404491218616043,2.5080921032165024,0.1,0.08695652173913043,APOSTA,APROVADO,0.3436,2026-07-16T13:51:56.453014
2026-03-17,ITALY 2,Spezia,Empoli,11.0,0.9551604986190796,2.4528797255229704,1.7766392707944352,0.1,0.09090909090909091,APOSTA,APROVADO,0.459,2026-07-16T13:51:56.465347
2026-03-17,ENGLAND 5,Brackley Town,Solihull Moors,20.0,1.0,0,2.522171199592645,0.02,0.05,APOSTA,APROVADO,0.95,2026-07-16T13:51:56.480848
2026-03-17,ENGLAND 5,Gateshead,Wealdstone,29.0,0.985487699508667,0,1.7233194280247055,0.02,0.034482758620689655,APOSTA,APROVADO,0.5299,2026-07-16T13:51:56.494234
2026-03-17,ENGLAND 5,Southend,Rochdale,11.0,0.987210214138031,0,3.372336572822163,0.02,0.09090909090909091,APOSTA,APROVADO,0.81,2026-07-16T13:51:56.502907
2026-03-17,ENGLAND 5,Truro City,Scunthorpe,28.0,0.9980806112289429,0,2.9042985888767023,0.02,0.03571428571428571,APOSTA,APROVADO,0.8964,2026-07-16T13:51:56.618594
2026-03-17,ENGLAND 5,Woking,Yeovil,13.0,1.0,0,3.0806060385407887,0.02,0.07692307692307693,APOSTA,APROVADO,0.95,2026-07-16T13:51:56.627531
2026-03-17,SCOTLAND 4,Spartans,Forfar,13.0,0.985487699508667,0,3.6340908911600316,0.06,0.07692307692307693,APOSTA,APROVADO,0.7621,2026-07-16T13:51:56.871350
2026-03-17,EUROPA CHAMPIONS LEAGUE,Arsenal,Leverkusen,22.0,0.9596469402313232,2.978690106397568,3.66531160748007,0.04,0.045454545454545456,APOSTA,APROVADO,0.0643,2026-07-16T13:51:57.039933
2026-03-17,EUROPA CHAMPIONS LEAGUE,Man City,Real Madrid,38.0,0.9948652386665344,,,0.04,0.02631578947368421,APOSTA,APROVADO,0.7551,2026-07-16T13:51:57.227394
2026-03-17,COLOMBIA 1,Llaneros FC,Cucuta Deportivo,11.0,0.9646897315979004,0.9576641779809476,1.8048371801727008,0.09,0.09090909090909091,APOSTA,APROVADO,0.5634,2026-07-16T13:51:57.444452
2026-03-17,PARAGUAY 1,Olimpia,Sportivo Luqueno,12.5,0.9596469402313232,,,0.09,0.08,APOSTA,APROVADO,0.4476,2026-07-16T13:51:58.641278
2026-03-17,VENEZUELA 1,Caracas,Trujillanos,13.0,0.93829745054245,0.9616270623842217,1.3071958857184982,0.11,0.07692307692307693,APOSTA,APROVADO,0.151,2026-07-16T13:51:58.648559
2026-03-18,ITALY 4,ASD Varesina,USD Castellanzese,15.5,0.985487699508667,0,2.4643221636482497,0.07,0.06451612903225806,APOSTA,APROVADO,0.7258,2026-07-16T13:52:00.629459
2026-03-18,EUROPA LEAGUE,Braga,Ferencvaros,22.0,1.0,4.096279019986073,3.883057808840662,0.03,0.045454545454545456,APOSTA,APROVADO,0.95,2026-07-16T13:52:00.761214
2026-03-18,ECUADOR 1,Macara,Delfin,10.5,0.9431891441345215,1.5811391328523028,1.3894374231840252,0.11,0.09523809523809523,APOSTA,APROVADO,0.3563,2026-07-16T13:52:01.077887
2026-03-18,ITALY 2,Pescara,Entella,14.5,0.9470410943031311,1.6394733464180589,1.4833750331171824,0.1,0.06896551724137931,APOSTA,APROVADO,0.1847,2026-07-16T13:52:01.273482
2026-03-18,EUROPA CHAMPIONS LEAGUE,Bayern Munich,Atalanta,50.0,0.985487699508667,4.414715437667628,4.217997067859867,0.04,0.02,APOSTA,APROVADO,0.2251,2026-07-16T13:52:01.444513
2026-03-18,ECUADOR 1,Manta FC,Guayaquil City,13.5,0.9548254609107971,1.2623503567831453,3.39831728936751,0.11,0.07407407407407407,APOSTA,APROVADO,0.3424,2026-07-16T13:52:01.911014
2026-03-18,BRAZIL 1,Bahia,Red Bull Bragantino,13.0,1.0,3.4597703022086463,2.134497577598759,0.02,0.07692307692307693,APOSTA,APROVADO,0.95,2026-07-16T13:52:02.350377
2026-03-18,BRAZIL 1,SE Palmeiras,Botafogo FR,17.5,1.0,2.9878305209256637,3.6939440520588747,0.02,0.05714285714285714,APOSTA,APROVADO,0.95,2026-07-16T13:52:02.544366
2026-03-18,BRAZIL 1,Athletico-PR,Cruzeiro MG,11.0,0.9980806112289429,2.7236935543697185,2.856264156158092,0.02,0.09090909090909091,APOSTA,APROVADO,0.929,2026-07-16T13:52:02.664814
2026-03-18,BRAZIL 1,Mirassol,Coritiba,13.0,0.985487699508667,3.727543446001262,4.160872823091409,0.02,0.07692307692307693,APOSTA,APROVADO,0.7621,2026-07-16T13:52:02.901449
2026-03-18,COLOMBIA 1,Internacional de Bogotá,Deportivo Pereira,13.5,0.985487699508667,,,0.09,0.07407407407407407,APOSTA,APROVADO,0.7548,2026-07-16T13:52:03.288421
2026-03-18,PARAGUAY 1,Guarani (Par),Deportivo Recoleta,12.5,0.9349064230918884,0.8035992901664569,1.3470083284003265,0.09,0.08,APOSTA,APROVADO,0.1396,2026-07-16T13:52:03.499980
2026-03-18,ECUADOR 1,Libertad FC,Barcelona (ECU),13.0,0.93829745054245,,,0.11,0.07692307692307693,APOSTA,APROVADO,0.151,2026-07-16T13:52:03.834706
2026-03-18,BRAZIL 1,Santos,Internacional,14.0,1.0,2.318567564763338,2.74959475161259,0.02,0.07142857142857142,APOSTA,APROVADO,0.95,2026-07-16T13:52:03.844026
2026-03-18,COLOMBIA 1,Atletico Bucaramanga,Once Caldas,15.0,0.9948652386665344,1.58812908445184,2.2669842733949728,0.09,0.06666666666666667,APOSTA,APROVADO,0.8732,2026-07-16T13:52:04.028116
2026-03-18,MEXICO 1,Guadalajara,Leon,24.0,0.9646897315979004,0.014683842804730798,2.0143308176829424,0.08,0.041666666666666664,APOSTA,APROVADO,0.1043,2026-07-16T13:52:04.175566
2026-03-19,TURKEY 1,Konyaspor,Genclerbirligi,12.5,0.9716732501983643,1.4116207953924913,3.0199124159516115,0.1,0.08,APOSTA,APROVADO,0.5973,2026-07-16T13:52:05.817439
2026-03-19,EUROPA CONFERENCE LEAGUE,AEK Larnaca,Crystal Palace,11.5,0.93829745054245,1.1189443670597476,2.917782249298362,0.1,0.08695652173913043,APOSTA,APROVADO,0.2435,2026-07-16T13:52:05.921034
2026-03-19,EUROPA LEAGUE,Freiburg,Genk,19.0,0.985487699508667,4.288402760278545,4.409019819436612,0.03,0.05263157894736842,APOSTA,APROVADO,0.675,2026-07-16T13:52:06.077962
2026-03-19,EUROPA LEAGUE,Lyon,Celta Vigo,12.0,0.9980806112289429,3.14796474739197,3.6196771814881163,0.03,0.08333333333333333,APOSTA,APROVADO,0.9271,2026-07-16T13:52:06.086492
2026-03-19,FRANCE 3,Quevilly Rouen,Dijon,11.0,0.9431891441345215,0,2.910018534128361,0.09,0.09090909090909091,APOSTA,APROVADO,0.3279,2026-07-16T13:52:06.218230
2026-03-19,EUROPA CONFERENCE LEAGUE,Rayo Vallecano,Samsunspor,13.0,0.9470410943031311,2.595616941598062,3.082588539982697,0.1,0.07692307692307693,APOSTA,APROVADO,0.2642,2026-07-16T13:52:06.653694
2026-03-19,EUROPA CONFERENCE LEAGUE,Strasbourg,Rijeka,22.0,0.9646393060684204,3.4017798473691525,2.5530211266316227,0.1,0.045454545454545456,APOSTA,APROVADO,0.1738,2026-07-16T13:52:06.771323
2026-03-19,EUROPA LEAGUE,Aston Villa,Lille,14.0,0.9756097793579102,2.494514710528791,1.8893777392624687,0.03,0.07142857142857142,APOSTA,APROVADO,0.6098,2026-07-16T13:52:06.779832
2026-03-19,EUROPA LEAGUE,Betis,Panathinaikos,19.0,0.987210214138031,2.065956253878977,2.4385289016910354,0.03,0.05263157894736842,APOSTA,APROVADO,0.7076,2026-07-16T13:52:06.792348
2026-03-19,EUROPA LEAGUE,Porto,Stuttgart,15.5,0.987210214138031,4.126403414476334,4.679573228122694,0.03,0.06451612903225806,APOSTA,APROVADO,0.7524,2026-07-16T13:52:06.887080
2026-03-19,EUROPA LEAGUE,Roma,Bologna,11.5,0.985487699508667,3.065620504884123,3.821627156905031,0.03,0.08695652173913043,APOSTA,APROVADO,0.7838,2026-07-16T13:52:07.014969
2026-03-19,COLOMBIA 1,Tolima,Fortaleza FC,12.0,0.9470410943031311,0.6583876157912975,1.7940700937576768,0.09,0.08333333333333333,APOSTA,APROVADO,0.3171,2026-07-16T13:52:07.906209
2026-03-19,COLOMBIA 1,Ind Medellin,Junior FC Barranquilla,17.5,0.9548254609107971,1.184044677038042,2.2673005510476965,0.09,0.05714285714285714,APOSTA,APROVADO,0.1617,2026-07-16T13:52:08.363397
2026-03-20,EGYPT 1,Haras El Hodood,Ismaily,14.0,0.9596469402313232,1.1756649570176427,1.3488128991725004,0.09,0.07142857142857142,APOSTA,APROVADO,0.3871,2026-07-16T13:52:10.249920
2026-03-20,AUSTRIA 2,Austria Klagenfurt,First Vienna Fc 1894,16.5,0.9716732501983643,0,0.798215566031423,0.06,0.06060606060606061,APOSTA,APROVADO,0.484,2026-07-16T13:52:10.980793
2026-03-20,CZECH 1,FK Pribram,Slavia Praha B,17.0,0.9470410943031311,0,2.0382007305209795,0.09,0.058823529411764705,APOSTA,APROVADO,0.0523,2026-07-16T13:52:11.400325
2026-03-20,POLAND 1,Piast Gliwice,Radomiak Radom,13.5,0.9620798826217651,1.8894475191658544,2.085446868673783,0.09,0.07407407407407407,APOSTA,APROVADO,0.44,2026-07-16T13:52:11.549919
2026-03-20,POLAND 2,Znicz Pruszkow,Stal Rzeszow,34.0,0.9863013625144958,0,2.0770015376908364,0.05,0.029411764705882353,APOSTA,APROVADO,0.4849,2026-07-16T13:52:11.750871
2026-03-20,ROMANIA 1,FCSB,UTA Arad,22.0,0.9646897315979004,4.058345894490653,3.251499775888354,0.05,0.045454545454545456,APOSTA,APROVADO,0.1749,2026-07-16T13:52:11.759248
2026-03-20,GERMANY 2,Hannover,Braunschweig,21.0,1.0,3.0280803081999847,2.7013369779478156,0.07,0.047619047619047616,APOSTA,APROVADO,0.95,2026-07-16T13:52:11.770236
2026-03-20,GERMANY 2,Karlsruhe,Greuther Furth,25.0,0.987210214138031,2.2925965974327993,2.744630259908589,0.07,0.04,APOSTA,APROVADO,0.6309,2026-07-16T13:52:11.906008
2026-03-20,PORTUGAL 2,Chaves,Leiria,11.0,0.9470410943031311,0.14794733535863538,3.133250961068523,0.1,0.09090909090909091,APOSTA,APROVADO,0.3701,2026-07-16T13:52:12.229879
2026-03-20,FRANCE 3,Aubagne FC,Sochaux,11.5,0.96484375,0.4852822458164664,3.3414858824543883,0.09,0.08695652173913043,APOSTA,APROVADO,0.5475,2026-07-16T13:52:12.451652
2026-03-20,FRANCE 3,Paris 13 Atletico,Rouen,10.5,0.9620798826217651,0,2.4378234991142023,0.09,0.09523809523809523,APOSTA,APROVADO,0.5537,2026-07-16T13:52:12.605743
2026-03-20,SWITZERLAND 2,Stade Nyonnais,Rapperswil-Jona,19.0,0.9596469402313232,2.558262244985972,2.8294124955875715,0.09,0.05263157894736842,APOSTA,APROVADO,0.1853,2026-07-16T13:52:13.080390
2026-03-20,NETHERLANDS 2,FC Oss,FC Eindhoven,26.0,1.0,2.6687965171557835,2.315146765849377,0.03,0.038461538461538464,APOSTA,APROVADO,0.95,2026-07-16T13:52:13.537024
2026-03-20,NETHERLANDS 2,Jong FC Utrecht,FC Dordrecht,23.0,0.9646897315979004,2.7277413120322764,3.3898673176901695,0.03,0.043478260869565216,APOSTA,APROVADO,0.1396,2026-07-16T13:52:13.903092
2026-03-20,NETHERLANDS 2,Roda JC,Helmond Sport,32.0,0.9980806112289429,2.26301712101261,1.5100441223235728,0.03,0.03125,APOSTA,APROVADO,0.8887,2026-07-16T13:52:14.254327
2026-03-20,NETHERLANDS 1,Heracles,Excelsior,18.0,0.9948652386665344,2.170028705196763,2.087063221529026,0.04,0.05555555555555555,APOSTA,APROVADO,0.8578,2026-07-16T13:52:14.262321
2026-03-20,GERMANY 1,RB Leipzig,Hoffenheim,38.0,1.0,4.028439710312757,3.1513283239131233,0.04,0.02631578947368421,APOSTA,APROVADO,0.95,2026-07-16T13:52:14.577033
2026-03-20,ITALY 3,AC Bra,Arezzo,15.0,0.9716732501983643,1.2674159415173043,2.3162412933503216,0.08,0.06666666666666667,APOSTA,APROVADO,0.5265,2026-07-16T13:52:14.683252
2026-03-20,ITALY 3,Ternana,Sambenedettese,13.0,0.9620798826217651,0,2.7345685760703997,0.08,0.07692307692307693,APOSTA,APROVADO,0.4589,2026-07-16T13:52:15.027442
2026-03-20,SPAIN 2,Huesca,Almeria,11.5,0.987210214138031,3.2486038883010577,2.568451112509905,0.07,0.08695652173913043,APOSTA,APROVADO,0.8036,2026-07-16T13:52:15.504943
2026-03-20,IRELAND 2,Cobh Ramblers,Bray Wanderers,15.5,0.9551604986190796,,,0.04,0.06451612903225806,APOSTA,APROVADO,0.2572,2026-07-16T13:52:15.653028
2026-03-20,IRELAND 2,Treaty United,Athlone Town,11.5,0.9756097793579102,0,2.4919078967834967,0.04,0.08695652173913043,APOSTA,APROVADO,0.6707,2026-07-16T13:52:15.904933
2026-03-20,IRELAND 1,Derry City,Drogheda,13.5,0.9470410943031311,3.7050767532792874,2.939640990706597,0.11,0.07407407407407407,APOSTA,APROVADO,0.2377,2026-07-16T13:52:15.989062
2026-03-20,IRELAND 1,Waterford,St Patricks,14.5,0.9470410943031311,1.0702425648642968,0.9831692536856358,0.11,0.06896551724137931,APOSTA,APROVADO,0.1847,2026-07-16T13:52:15.997914
2026-03-20,ROMANIA 1,CFR Cluj,Rapid Bucharest,12.0,0.9349064230918884,3.787060244610413,4.048844397894604,0.05,0.08333333333333333,APOSTA,APROVADO,0.1721,2026-07-16T13:52:16.164196
2026-03-20,WALES 1,Llanelli Town,Cardiff Metropolitan,17.5,0.9620798826217651,0,1.3494775321673007,0.08,0.05714285714285714,APOSTA,APROVADO,0.2883,2026-07-16T13:52:16.433932
2026-03-20,IRELAND 1,Bohemians,Dundalk,16.5,0.9470410943031311,1.9841963557229778,2.0764843530309323,0.11,0.06060606060606061,APOSTA,APROVADO,0.0788,2026-07-16T13:52:16.657642
2026-03-20,IRELAND 1,Shamrock Rovers,Galway Utd,14.0,0.9646897315979004,2.340320955866062,2.066339777203769,0.11,0.07142857142857142,APOSTA,APROVADO,0.4574,2026-07-16T13:52:16.790307
2026-03-20,SPAIN 1,Villarreal,Real Sociedad,17.5,0.9646897315979004,3.0916224427168784,3.2557689097331073,0.03,0.05714285714285714,APOSTA,APROVADO,0.3338,2026-07-16T13:52:16.801347
2026-03-20,URUGUAY 1,Cerro Largo FC,Deportivo Maldonado,10.5,0.9233813285827637,,,0.11,0.09523809523809523,APOSTA,APROVADO,0.1493,2026-07-16T13:52:17.728869
2026-03-20,PERU 1,Cienciano,FC Cajamarca,19.5,0.985487699508667,2.239430285474943,3.39484109078296,0.06,0.05128205128205128,APOSTA,APROVADO,0.6677,2026-07-16T13:52:17.906936
2026-03-20,MEXICO 1,Necaxa,Tijuana,17.5,0.9470410943031311,2.4294292202862495,2.368260297588735,0.08,0.05714285714285714,APOSTA,APROVADO,0.0259,2026-07-16T13:52:18.252979
2026-03-20,AUSTRALIA 1,Auckland FC,Macarthur FC,21.0,0.9620798826217651,4.034645381026862,3.085910594661402,0.05,0.047619047619047616,APOSTA,APROVADO,0.1556,2026-07-16T13:52:18.262497
2026-03-21,MEXICO 1,Mazatlan FC,Cruz Azul,24.0,0.9863013625144958,2.767750073104043,2.991550028322659,0.08,0.041666666666666664,APOSTA,APROVADO,0.6219,2026-07-16T13:52:19.319565
2026-03-21,AUSTRALIA 1,Brisbane Roar,Wellington Phoenix,15.5,0.9980806112289429,3.0346302766967943,2.6598787490940543,0.05,0.06451612903225806,APOSTA,APROVADO,0.9203,2026-07-16T13:52:19.328644
2026-03-21,CHINA 1,Liaoning Tieren FC,Tianjin Jinmen Tiger FC,13.0,0.9922480583190918,1.660562214971594,2.1999491383319563,0.05,0.07692307692307693,APOSTA,APROVADO,0.8496,2026-07-16T13:52:19.618232
2026-03-21,TURKEY 2,Boluspor,Bandirmaspor,18.0,0.9756097793579102,2.8115304781860253,3.072526856144508,0.05,0.05555555555555555,APOSTA,APROVADO,0.5122,2026-07-16T13:52:21.556206
2026-03-21,CHINA 1,Foshan Nanshi FC,Guangdong GZ-Power FC,15.0,0.9596469402313232,2.77109064887375,3.3698720097495833,0.05,0.06666666666666667,APOSTA,APROVADO,0.3467,2026-07-16T13:52:22.568235
2026-03-21,CHINA 1,Nanjing City,Yanbian Longding,14.5,0.96484375,2.2936289122021982,2.8161454805411266,0.05,0.06896551724137931,APOSTA,APROVADO,0.442,2026-07-16T13:52:22.575543
2026-03-21,CHINA 1,Meizhou Hakka,Suzhou Dongwu,16.0,0.9620798826217651,2.5294590872962104,2.285248558670842,0.05,0.0625,APOSTA,APROVADO,0.3452,2026-07-16T13:52:22.724798
2026-03-21,CHINA 1,Chongqing Tonglianglong,Chengdu Rongcheng,15.0,1.0,3.00900608263421,2.821109972245127,0.05,0.06666666666666667,APOSTA,APROVADO,0.95,2026-07-16T13:52:23.144297
2026-03-21,GERMANY 2,Elversberg,Arminia Bielefeld,24.0,0.985487699508667,2.1315236089807015,2.3302183516679955,0.07,0.041666666666666664,APOSTA,APROVADO,0.6024,2026-07-16T13:52:23.158279
2026-03-21,CHINA 1,Yunnan Yukun,Shandong Taishan,48.0,0.987210214138031,3.9702307696008763,3.3426211795373666,0.05,0.020833333333333332,APOSTA,APROVADO,0.3367,2026-07-16T13:52:23.168004
2026-03-21,DENMARK 2,AC Horsens,Hvidovre,12.5,0.9756097793579102,2.8939736727854912,3.1019713820530095,0.06,0.08,APOSTA,APROVADO,0.6463,2026-07-16T13:52:23.370401
2026-03-21,GERMANY 2,Paderborn,Dynamo Dresden,26.0,0.9756097793579102,3.4885471228731255,3.777586349960483,0.07,0.038461538461538464,APOSTA,APROVADO,0.3171,2026-07-16T13:52:23.883349
2026-03-21,GERMANY 2,Nurnberg,Kaiserslautern,26.0,0.985487699508667,3.5024387057271533,4.109480970135251,0.07,0.038461538461538464,APOSTA,APROVADO,0.5734,2026-07-16T13:52:23.892239
2026-03-21,ENGLAND 5,Woking,Aldershot,24.0,0.9863013625144958,0,4.201542757379363,0.02,0.041666666666666664,APOSTA,APROVADO,0.6219,2026-07-16T13:52:24.041293
2026-03-21,SPAIN 1,Elche,Mallorca,12.0,0.9948652386665344,2.0964525886859735,1.6046055956694971,0.03,0.08333333333333333,APOSTA,APROVADO,0.8886,2026-07-16T13:52:24.053425
2026-03-21,ROMANIA 1,FC Metaloglobus Bucuresti,ACS Petrolul 52,12.5,0.985487699508667,2.3241291958797428,1.4784887927077608,0.05,0.08,APOSTA,APROVADO,0.7693,2026-07-16T13:52:24.718961
2026-03-21,GERMANY 3,Ingolstadt,Alemannia Aachen,26.0,0.985487699508667,0,3.250488140376383,0.07,0.038461538461538464,APOSTA,APROVADO,0.5734,2026-07-16T13:52:25.386940
2026-03-21,POLAND 2,LKS Lodz,Ruch Chorzow,12.5,0.985487699508667,0,1.8718415903712704,0.05,0.08,APOSTA,APROVADO,0.7693,2026-07-16T13:52:26.330332
2026-03-21,POLAND 1,Cracovia Krakow,GKS Katowice,14.0,0.985487699508667,2.371902065841754,2.7865127367156948,0.09,0.07142857142857142,APOSTA,APROVADO,0.7476,2026-07-16T13:52:26.599743
2026-03-21,ITALY 1,Parma,US Cremonese,10.5,0.920619547367096,1.143281788406888,1.1177076008664288,0.09,0.09523809523809523,APOSTA,APROVADO,0.1205,2026-07-16T13:52:26.725764
2026-03-21,PORTUGAL 2,Penafiel,Vizela,14.0,0.9551604986190796,0,1.8577578533007335,0.11,0.07142857142857142,APOSTA,APROVADO,0.3245,2026-07-16T13:52:26.734615
2026-03-21,ITALY 2,Padova,Palermo,14.5,0.9551604986190796,2.6790889642499853,2.8759532311635403,0.1,0.06896551724137931,APOSTA,APROVADO,0.3021,2026-07-16T13:52:26.745197
2026-03-21,ITALY 2,Juve Stabia,Spezia,10.5,0.93829745054245,2.948190593101039,2.766430138621349,0.1,0.09523809523809523,APOSTA,APROVADO,0.3052,2026-07-16T13:52:26.754073
2026-03-21,ITALY 2,Cesena,Catanzaro,16.5,0.9548254609107971,3.1360903135897185,3.2060535678133295,0.1,0.06060606060606061,APOSTA,APROVADO,0.2069,2026-07-16T13:52:26.763225
2026-03-21,GERMANY 1,Bayern Munich,Union Berlin,55.0,0.9948652386665344,4.087361312382097,4.026975322141527,0.03,0.01818181818181818,APOSTA,APROVADO,0.6678,2026-07-16T13:52:27.027917
2026-03-21,GERMANY 1,FC Koln,Mgladbach,16.0,1.0,2.0041752155459243,1.899828548024769,0.03,0.0625,APOSTA,APROVADO,0.95,2026-07-16T13:52:27.656672
2026-03-21,SLOVAKIA 1,Zilina,Dunajska Streda,18.0,0.9620798826217651,3.4815294702539843,3.331030432997693,0.08,0.05555555555555555,APOSTA,APROVADO,0.2693,2026-07-16T13:52:27.991673
2026-03-21,SLOVAKIA 1,Trencin,Ruzomberok,16.0,0.985487699508667,1.71603156825408,1.6028417944793565,0.08,0.0625,APOSTA,APROVADO,0.7185,2026-07-16T13:52:27.999983
2026-03-21,GERMANY 1,Wolfsburg,Werder Bremen,18.0,1.0,2.3490488116679997,2.2397615810137843,0.03,0.05555555555555555,APOSTA,APROVADO,0.95,2026-07-16T13:52:28.010651
2026-03-21,GERMANY 1,FC Heidenheim,Leverkusen,25.0,1.0,3.082302922590781,2.980758912614137,0.03,0.04,APOSTA,APROVADO,0.95,2026-07-16T13:52:28.234876
2026-03-21,NORWAY 1,Start,Aalesunds,20.0,0.9756097793579102,0,5.033162401082265,0.01,0.05,APOSTA,APROVADO,0.4634,2026-07-16T13:52:28.453012
2026-03-21,SCOTLAND 1,Hearts,Dundee,17.5,0.9756097793579102,1.2364678851622666,1.790264685900544,0.08,0.05714285714285714,APOSTA,APROVADO,0.5244,2026-07-16T13:52:28.580381
2026-03-21,SCOTLAND 4,Clyde,Stranraer,17.0,0.9756097793579102,0,3.805143413107838,0.06,0.058823529411764705,APOSTA,APROVADO,0.5366,2026-07-16T13:52:28.723539
2026-03-21,SCOTLAND 4,Forfar,Spartans,14.0,0.985487699508667,0,5.349156613820183,0.06,0.07142857142857142,APOSTA,APROVADO,0.7476,2026-07-16T13:52:28.843043
2026-03-21,SCOTLAND 4,East Kilbride,Stirling,44.0,0.985487699508667,0,2.7891009613592814,0.06,0.022727272727272728,APOSTA,APROVADO,0.3122,2026-07-16T13:52:28.858212
2026-03-21,SCOTLAND 1,Motherwell,Hibernian,18.5,0.9756097793579102,3.205262132838194,3.127128438473707,0.08,0.05405405405405406,APOSTA,APROVADO,0.5,2026-07-16T13:52:28.871878
2026-03-21,SCOTLAND 3,Queen of South,East Fife,16.5,0.9470410943031311,0,1.942257642808468,0.07,0.06060606060606061,APOSTA,APROVADO,0.0788,2026-07-16T13:52:28.881913
2026-03-21,SCOTLAND 3,Stenhousemuir,Kelty Hearts,18.0,0.9716732501983643,0,3.0486161737244375,0.07,0.05555555555555555,APOSTA,APROVADO,0.4415,2026-07-16T13:52:28.899625
2026-03-22,AUSTRALIA 1,Perth Glory,Melbourne City,18.5,0.9596469402313232,2.060733293149832,2.331771201133369,0.05,0.05405405405405406,APOSTA,APROVADO,0.2055,2026-07-16T13:52:30.017255
2026-03-22,ITALY 1,Como,Pisa,20.0,0.985487699508667,2.5469951944977507,2.430295575388909,0.09,0.05,APOSTA,APROVADO,0.6605,2026-07-16T13:52:30.932202
2026-03-22,GERMANY 2,Bochum,Holstein Kiel,21.0,1.0,3.2437651710654136,2.7663847283449208,0.06,0.047619047619047616,APOSTA,APROVADO,0.95,2026-07-16T13:52:31.225006
2026-03-22,DENMARK 1,Randers,Silkeborg,21.0,0.9716732501983643,2.405775474788526,2.0302679435035422,0.07,0.047619047619047616,APOSTA,APROVADO,0.3566,2026-07-16T13:52:31.781341
2026-03-22,SPAIN 1,Barcelona,Rayo Vallecano,46.0,0.985487699508667,4.392209245088692,4.747647373199914,0.03,0.021739130434782608,APOSTA,APROVADO,0.2832,2026-07-16T13:52:32.203763
2026-03-22,NETHERLANDS 1,FC Utrecht,Go Ahead Eagles,19.5,0.985487699508667,2.0828792670697105,1.2910705419809683,0.04,0.05128205128205128,APOSTA,APROVADO,0.6677,2026-07-16T13:52:33.168825
2026-03-22,NETHERLANDS 1,Feyenoord,Ajax,25.0,1.0,3.2988881285704474,3.362186592971808,0.04,0.04,APOSTA,APROVADO,0.95,2026-07-16T13:52:33.176656
2026-03-22,GERMANY 1,Mainz,Eintracht Frankfurt,18.5,1.0,3.8002015844576365,3.580766407695907,0.03,0.05405405405405406,APOSTA,APROVADO,0.95,2026-07-16T13:52:34.419931
2026-03-22,SPAIN 1,Celta Vigo,Alaves,10.5,0.9980806112289429,2.6185294537778496,2.1124913878556275,0.03,0.09523809523809523,APOSTA,APROVADO,0.9299,2026-07-16T13:52:34.878635
2026-03-22,FRANCE 1,Paris FC,Le Havre,11.5,0.9401767253875732,1.7031110143159967,0.7209431609642913,0.1,0.08695652173913043,APOSTA,APROVADO,0.265,2026-07-16T13:52:36.001593
2026-03-22,GERMANY 1,St Pauli,Freiburg,10.5,0.988034188747406,1.8580797164199383,1.7310048448024808,0.03,0.09523809523809523,APOSTA,APROVADO,0.825,2026-07-16T13:52:36.151516
2026-03-22,ITALY 1,Roma,Lecce,12.5,0.9470410943031311,2.4845896268494556,3.1817891260279905,0.09,0.08,APOSTA,APROVADO,0.2907,2026-07-16T13:52:36.755143
2026-03-22,SPAIN 1,Athletic Bilbao,Betis,15.5,0.987210214138031,2.537058734102837,1.6197600734770892,0.03,0.06451612903225806,APOSTA,APROVADO,0.7524,2026-07-16T13:52:37.054379
2026-03-23,ITALY 3,Monopoli,Benevento,13.0,0.9716732501983643,0,3.5375957814477355,0.09,0.07692307692307693,APOSTA,APROVADO,0.5832,2026-07-16T13:52:39.112437
2026-03-23,ITALY 3,Salernitana,Team Altamura,14.0,0.9716732501983643,0,1.3621865929718082,0.09,0.07142857142857142,APOSTA,APROVADO,0.5548,2026-07-16T13:52:39.227223
2026-03-23,SPAIN 2,CD Castellon,Leonesa,20.0,0.9620798826217651,1.7072604028069296,3.062158939371181,0.07,0.05,APOSTA,APROVADO,0.1935,2026-07-16T13:52:39.420941
2026-03-23,COLOMBIA 1,Santa Fe,Ind Medellin,11.0,0.9596469402313232,2.4033913159089098,2.6589078831641166,0.08,0.09090909090909091,APOSTA,APROVADO,0.5081,2026-07-16T13:52:39.429784
2026-03-23,PARAGUAY 1,Sportivo Trinidense,Deportivo Recoleta,11.0,0.9620798826217651,0.5296866596718299,0.7839255179305139,0.09,0.09090909090909091,APOSTA,APROVADO,0.5348,2026-07-16T13:52:39.748988
2026-03-23,VENEZUELA 1,Metropolitanos,Academia Anzoategui FC,13.0,0.9470410943031311,2.3723421222410126,3.155908331387408,0.11,0.07692307692307693,APOSTA,APROVADO,0.2642,2026-07-16T13:52:40.287583
2026-03-24,URUGUAY 1,Deportivo Maldonado,Torque,12.5,0.9620798826217651,,,0.1,0.08,APOSTA,APROVADO,0.4779,2026-07-16T13:52:42.095002
2026-03-24,ENGLAND 5,Aldershot,Boreham Wood,34.0,1.0,0,3.1663183705676747,0.02,0.029411764705882353,APOSTA,APROVADO,0.95,2026-07-16T13:52:42.260384
2026-03-24,ENGLAND 5,Boston Utd,Altrincham,17.5,1.0,0,2.4524605497322813,0.02,0.05714285714285714,APOSTA,APROVADO,0.95,2026-07-16T13:52:42.268738
2026-03-24,ENGLAND 5,Brackley Town,Braintree,24.0,0.9980806112289429,0,1.636402601874523,0.02,0.041666666666666664,APOSTA,APROVADO,0.904,2026-07-16T13:52:42.277638
2026-03-24,ENGLAND 5,Eastleigh,Sutton Utd,20.0,0.9980806112289429,0,3.4871804409743157,0.02,0.05,APOSTA,APROVADO,0.9117,2026-07-16T13:52:42.420827
2026-03-24,ENGLAND 5,FC Halifax Town,Carlisle,20.0,0.9948652386665344,0,3.421939831965886,0.02,0.05,APOSTA,APROVADO,0.8476,2026-07-16T13:52:42.570739
2026-03-24,ENGLAND 5,Gateshead,York City,50.0,1.0,0,3.316241293350321,0.02,0.02,APOSTA,APROVADO,0.95,2026-07-16T13:52:42.580245
2026-03-24,SCOTLAND 4,Elgin City FC,Forfar,16.5,0.9716732501983643,0,4.109839370194915,0.06,0.06060606060606061,APOSTA,APROVADO,0.484,2026-07-16T13:52:42.934292
2026-03-24,SCOTLAND 4,Stranraer,Clyde,15.0,0.9863013625144958,0,2.4174290215319187,0.06,0.06666666666666667,APOSTA,APROVADO,0.7452,2026-07-16T13:52:42.941565
2026-03-24,COLOMBIA 1,Deportivo Pereira,Cucuta Deportivo,11.5,0.9646897315979004,0,3.41844065704389,0.08,0.08695652173913043,APOSTA,APROVADO,0.5457,2026-07-16T13:52:43.353789
2026-03-24,COLOMBIA 1,Junior FC Barranquilla,Atletico Bucaramanga,10.5,0.9470410943031311,0.6920523725419304,2.4313606695731638,0.08,0.09523809523809523,APOSTA,APROVADO,0.3966,2026-07-16T13:52:43.610272
2026-03-24,URUGUAY 1,Nacional (Uru),Cerro Largo FC,14.5,0.96484375,,,0.1,0.06896551724137931,APOSTA,APROVADO,0.442,2026-07-16T13:52:43.976274
2026-03-24,COLOMBIA 1,Fortaleza FC,Deportivo Pasto,11.5,0.9596469402313232,0.7363527977585089,2.6360088362560177,0.08,0.08695652173913043,APOSTA,APROVADO,0.488,2026-07-16T13:52:44.237536
2026-03-25,ITALY 4,Lentigione Calcio,Pistoiese,12.0,0.9233813285827637,0,2.5865284753545055,0.07,0.08333333333333333,APOSTA,APROVADO,0.0344,2026-07-16T13:52:45.298586
2026-03-25,ENGLAND 5,Morecambe,Hartlepool,19.0,1.0,0,3.4483197181529306,0.02,0.05263157894736842,APOSTA,APROVADO,0.95,2026-07-16T13:52:45.760388
2026-03-25,ENGLAND 5,Scunthorpe,Rochdale,22.0,1.0,0,3.7484356677657225,0.02,0.045454545454545456,APOSTA,APROVADO,0.95,2026-07-16T13:52:45.767959
2026-03-25,ENGLAND 5,Southend,Woking,19.5,0.9980806112289429,0,3.0346016336942183,0.02,0.05128205128205128,APOSTA,APROVADO,0.9127,2026-07-16T13:52:45.776890
2026-03-25,ENGLAND 5,Tamworth FC,Forest Green,23.0,0.988034188747406,0,3.904343999153131,0.02,0.043478260869565216,APOSTA,APROVADO,0.6754,2026-07-16T13:52:45.903542
2026-03-25,ENGLAND 5,Truro City,Solihull Moors,15.5,1.0,0,2.754721377063469,0.02,0.06451612903225806,APOSTA,APROVADO,0.95,2026-07-16T13:52:46.027270
2026-03-25,ENGLAND 5,Wealdstone,Yeovil,17.5,0.9948652386665344,0,2.617207977721142,0.02,0.05714285714285714,APOSTA,APROVADO,0.8604,2026-07-16T13:52:46.035960
2026-03-25,URUGUAY 1,Boston River,Penarol,13.0,0.9716732501983643,0,1.6471289187075135,0.1,0.07692307692307693,APOSTA,APROVADO,0.5832,2026-07-16T13:52:47.045298
2026-03-25,COLOMBIA 1,America de Cali S.A,Llaneros FC,14.0,0.9716732501983643,1.9371668225730916,3.182449118328396,0.08,0.07142857142857142,APOSTA,APROVADO,0.5548,2026-07-16T13:52:47.468757
2026-03-26,URUGUAY 1,Racing Club (Uru),Progreso,12.0,0.9596469402313232,1.0534934866711,2.2615614597265434,0.1,0.08333333333333333,APOSTA,APROVADO,0.4678,2026-07-16T13:52:48.563935
2026-03-26,PARAGUAY 1,Deportivo Recoleta,Rubio Nu,14.5,0.9646393060684204,,,0.09,0.06896551724137931,APOSTA,APROVADO,0.439,2026-07-16T13:52:48.888747
2026-03-27,SPAIN 2,Cordoba,Mirandes,20.0,0.9596469402313232,2.182648021495058,2.2645251143455853,0.07,0.05,APOSTA,APROVADO,0.145,2026-07-16T13:52:50.216720
2026-03-27,FRANCE 3,Chateauroux,Concarneau,13.0,0.9596469402313232,0,2.082987709624395,0.08,0.07692307692307693,APOSTA,APROVADO,0.4274,2026-07-16T13:52:50.226533
2026-03-27,FRANCE 3,Dijon,Versailles 78 FC,12.0,0.9646393060684204,0,3.4656867951966923,0.08,0.08333333333333333,APOSTA,APROVADO,0.5274,2026-07-16T13:52:50.357834
2026-03-27,FRANCE 3,Sochaux,Quevilly Rouen,13.0,0.9716732501983643,0.0921772005045064,1.7271302399050301,0.08,0.07692307692307693,APOSTA,APROVADO,0.5832,2026-07-16T13:52:50.563804
2026-03-27,FRANCE 3,Stade Briochin,Paris 13 Atletico,12.5,0.9646897315979004,0,1.8627269856991293,0.08,0.08,APOSTA,APROVADO,0.5104,2026-07-16T13:52:50.723050
2026-03-27,FRANCE 3,Valenciennes,Aubagne FC,15.0,0.9756097793579102,0,1.9611584232481092,0.08,0.06666666666666667,APOSTA,APROVADO,0.5854,2026-07-16T13:52:50.856625
2026-03-27,FRANCE 3,Rouen,Caen,15.0,0.9863013625144958,0,2.5982018713535435,0.08,0.06666666666666667,APOSTA,APROVADO,0.7452,2026-07-16T13:52:50.866535
2026-03-27,IRELAND 2,Bray Wanderers,Kerry FC,14.5,0.9756097793579102,,,0.03,0.06896551724137931,APOSTA,APROVADO,0.5976,2026-07-16T13:52:51.069373
2026-03-27,IRELAND 2,Cork City,Athlone Town,21.0,0.985487699508667,0.4296468197430359,2.216074482069486,0.03,0.047619047619047616,APOSTA,APROVADO,0.646,2026-07-16T13:52:51.206654
2026-03-27,IRELAND 2,Wexford F.C,Treaty United,17.0,0.9646897315979004,0,1.1137922263869444,0.03,0.058823529411764705,APOSTA,APROVADO,0.3515,2026-07-16T13:52:51.368114
2026-03-28,SPAIN 2,AD Ceuta FC,Cadiz,12.5,0.9596469402313232,2.629941840572218,2.985985459969781,0.07,0.08,APOSTA,APROVADO,0.4476,2026-07-16T13:52:54.417794
2026-03-28,WALES 1,Cardiff Metropolitan,Bala Town,10.5,0.9551604986190796,,,0.08,0.09523809523809523,APOSTA,APROVADO,0.4814,2026-07-16T13:52:56.246315
2026-03-28,WALES 1,Penybont FC,Colwyn Bay,18.0,0.9716732501983643,0,1.2374444662761013,0.08,0.05555555555555555,APOSTA,APROVADO,0.4415,2026-07-16T13:52:56.366064
2026-03-28,SCOTLAND 4,Stirling,Edinburgh City,28.0,0.9716732501983643,0,1.6675233962897966,0.05,0.03571428571428571,APOSTA,APROVADO,0.1583,2026-07-16T13:52:56.606857
2026-03-28,ENGLAND 5,Brackley Town,Tamworth FC,90.0,1.0,0,1.611932612387609,0.01,0.011111111111111112,APOSTA,APROVADO,0.95,2026-07-16T13:52:56.740109
2026-03-28,ENGLAND 5,Morecambe,Aldershot,36.0,1.0,0,3.19793825652941,0.01,0.027777777777777776,APOSTA,APROVADO,0.95,2026-07-16T13:52:56.748470
2026-03-28,ENGLAND 5,Truro City,Boreham Wood,23.0,1.0,0,2.927779376790629,0.01,0.043478260869565216,APOSTA,APROVADO,0.95,2026-07-16T13:52:56.886478
2026-03-28,ENGLAND 5,Gateshead,Yeovil,17.5,1.0,0,1.8568107741346855,0.01,0.05714285714285714,APOSTA,APROVADO,0.95,2026-07-16T13:52:56.896834
2026-03-28,ENGLAND 5,Solihull Moors,Altrincham,23.0,1.0,0,2.6802778673707324,0.01,0.043478260869565216,APOSTA,APROVADO,0.95,2026-07-16T13:52:56.905223
2026-03-28,ENGLAND 5,Eastleigh,Forest Green,21.0,1.0,0,2.5611648653738266,0.01,0.047619047619047616,APOSTA,APROVADO,0.95,2026-07-16T13:52:56.914249
2026-03-28,ENGLAND 5,Sutton Utd,Rochdale,21.0,1.0,0,3.3668902620171,0.01,0.047619047619047616,APOSTA,APROVADO,0.95,2026-07-16T13:52:57.034472
2026-03-28,ENGLAND 5,FC Halifax Town,Scunthorpe,22.0,0.988034188747406,0,3.960040108983275,0.01,0.045454545454545456,APOSTA,APROVADO,0.6874,2026-07-16T13:52:57.184510
2026-03-28,SCOTLAND 3,Hamilton,Kelty Hearts,14.0,0.985487699508667,0,1.5510202895466636,0.07,0.07142857142857142,APOSTA,APROVADO,0.7476,2026-07-16T13:52:57.321586
2026-03-28,ENGLAND 5,Braintree,Carlisle,23.0,1.0,0,2.2978396044571427,0.01,0.043478260869565216,APOSTA,APROVADO,0.95,2026-07-16T13:52:57.331659
2026-03-28,SCOTLAND 4,Annan,Stranraer,19.5,0.9756097793579102,0,3.0185945475045037,0.05,0.05128205128205128,APOSTA,APROVADO,0.4756,2026-07-16T13:52:57.341208
2026-03-28,SCOTLAND 3,Alloa,Peterhead,19.5,0.9646897315979004,0,3.4445925615903756,0.07,0.05128205128205128,APOSTA,APROVADO,0.2632,2026-07-16T13:52:57.350963
2026-03-28,ITALY 3,Triestina,SS Virtus Verona 1921,20.0,0.9620798826217651,0,3.1092576291890874,0.08,0.05,APOSTA,APROVADO,0.1935,2026-07-16T13:52:57.939166
2026-03-28,ITALY 3,Renate,Novara,11.5,0.9646897315979004,0,2.605346363805173,0.08,0.08695652173913043,APOSTA,APROVADO,0.5457,2026-07-16T13:52:57.946485
2026-03-28,ITALY 3,SSD Dolomiti Bellunesi,Arzignanochiampo,17.0,0.9646393060684204,0,1.7287058231782402,0.08,0.058823529411764705,APOSTA,APROVADO,0.3506,2026-07-16T13:52:58.233739
2026-03-28,SPAIN 2,Malaga,Leganes,14.0,0.987210214138031,3.1283740614826545,2.987744620465526,0.07,0.07142857142857142,APOSTA,APROVADO,0.7716,2026-07-16T13:52:58.243764
2026-03-28,NETHERLANDS 2,Willem II,De Graafschap,90.0,0.9980806112289429,3.4739955696017573,2.8347353873512358,0.03,0.011111111111111112,APOSTA,APROVADO,0.7774,2026-07-16T13:52:58.252275
2026-03-28,USA 1,New Mexico United,Colorado Springs Switchbacks,15.0,0.9756097793579102,2.549416181646086,3.10932218553501,0.07,0.06666666666666667,APOSTA,APROVADO,0.5854,2026-07-16T13:52:58.924829
2026-03-28,IRELAND 2,Longford,Finn Harps,15.0,0.985487699508667,0,2.3432858125321667,0.03,0.06666666666666667,APOSTA,APROVADO,0.733,2026-07-16T13:52:59.141404
2026-03-28,SPAIN 2,Sporting Gijon,Deportivo,10.5,0.985487699508667,,,0.07,0.09523809523809523,APOSTA,APROVADO,0.7983,2026-07-16T13:52:59.569112
2026-03-28,SPAIN 2,Albacete,CD Castellon,17.0,0.9756097793579102,2.8762073716598167,2.7796563840857607,0.07,0.058823529411764705,APOSTA,APROVADO,0.5366,2026-07-16T13:52:59.713901
2026-03-28,USA 1,Miami FC,Rhode Island FC,17.0,0.96484375,1.8327255545204495,1.3544466645656965,0.07,0.058823529411764705,APOSTA,APROVADO,0.3541,2026-07-16T13:53:00.831954
2026-03-28,USA 1,Brooklyn FC,Louisville FC,18.5,0.9596469402313232,,,0.07,0.05405405405405406,APOSTA,APROVADO,0.2055,2026-07-16T13:53:01.707571
2026-03-28,USA 1,Oakland Roots,Orange County Blues,12.5,0.9756097793579102,2.412560308033179,2.558612769617879,0.07,0.08,APOSTA,APROVADO,0.6463,2026-07-16T13:53:01.852847
2026-03-28,COLOMBIA 1,Deportivo Cali,Deportivo Pereira,13.5,0.985487699508667,,,0.09,0.07407407407407407,APOSTA,APROVADO,0.7548,2026-07-16T13:53:02.283110
2026-03-29,ITALY 3,Benevento,Cosenza,16.5,0.9470410943031311,0,3.065299471703905,0.08,0.06060606060606061,APOSTA,APROVADO,0.0788,2026-07-16T13:53:03.611887
2026-03-29,ITALY 3,Crotone,Audace Cerignola,16.0,0.9620798826217651,0,2.4293735274368604,0.08,0.0625,APOSTA,APROVADO,0.3452,2026-07-16T13:53:03.625996
2026-03-29,SPAIN 2,Leonesa,Andorra CF,11.5,0.9948652386665344,2.0327178736437648,2.426515198745776,0.07,0.08695652173913043,APOSTA,APROVADO,0.8912,2026-07-16T13:53:04.523876
2026-03-29,ITALY 3,Cittadella,Lecco,12.0,0.9620798826217651,0,3.0284145547534798,0.08,0.08333333333333333,APOSTA,APROVADO,0.4969,2026-07-16T13:53:04.538609
2026-03-29,ITALY 3,Forli,US Pianese,11.0,0.9756097793579102,0,2.6066518430308845,0.08,0.09090909090909091,APOSTA,APROVADO,0.6829,2026-07-16T13:53:04.682020
2026-03-29,SPAIN 2,Zaragoza,Racing Santander,13.5,0.987210214138031,2.4629909564831207,1.93933475777146,0.07,0.07407407407407407,APOSTA,APROVADO,0.778,2026-07-16T13:53:05.313541
2026-03-29,SPAIN 2,Almeria,Sociedad B,24.0,0.9716732501983643,2.9648751498329995,3.9527538618471967,0.07,0.041666666666666664,APOSTA,APROVADO,0.2716,2026-07-16T13:53:05.660291
2026-03-29,USA 1,San Antonio FC,Lexington SC,12.5,0.985487699508667,1.161256089701057,2.604330087598807,0.07,0.08,APOSTA,APROVADO,0.7693,2026-07-16T13:53:06.101694
2026-03-29,COLOMBIA 1,Internacional de Bogotá,Junior FC Barranquilla,13.5,0.9646897315979004,,,0.09,0.07407407407407407,APOSTA,APROVADO,0.4751,2026-07-16T13:53:06.382013
2026-03-29,BRAZIL 1,Athletico-PR,Botafogo FR,13.5,1.0,2.2090891757024202,2.703319479389725,0.02,0.07407407407407407,APOSTA,APROVADO,0.95,2026-07-16T13:53:06.521312
2026-03-29,URUGUAY 1,Penarol,Racing Club (Uru),11.5,0.9233813285827637,1.1267457427847547,3.090109768137041,0.1,0.08695652173913043,APOSTA,APROVADO,0.0727,2026-07-16T13:53:06.664423
2026-03-29,BRAZIL 1,Athletico-PR,Botafogo FR,11.0,0.9948652386665344,2.2090891757024202,2.703319479389725,0.02,0.09090909090909091,APOSTA,APROVADO,0.8938,2026-07-16T13:53:06.788399
2026-03-29,COLOMBIA 1,Llaneros FC,Once Caldas,15.0,0.9646897315979004,1.7716382234032602,2.7124102972979767,0.09,0.06666666666666667,APOSTA,APROVADO,0.4221,2026-07-16T13:53:07.335198
2026-03-30,ITALY 3,Arezzo,Ascoli,10.5,0.9620798826217651,0,3.370572008303226,0.1,0.09523809523809523,APOSTA,APROVADO,0.5537,2026-07-16T13:53:08.404825
2026-03-30,COLOMBIA 1,Ind Medellin,America de Cali S.A,12.5,0.93829745054245,3.3129990248066976,2.270094323392858,0.09,0.08,APOSTA,APROVADO,0.1818,2026-07-16T13:53:08.728287
2026-03-30,PARAGUAY 1,Libertad,Deportivo Recoleta,14.0,0.9716732501983643,1.0538792542457085,1.7421610561416154,0.09,0.07142857142857142,APOSTA,APROVADO,0.5548,2026-07-16T13:53:08.893307
2026-03-30,URUGUAY 1,Central Espanol,Deportivo Maldonado,12.0,0.9470410943031311,,,0.09,0.08333333333333333,APOSTA,APROVADO,0.3171,2026-07-16T13:53:09.174330
2026-03-30,COLOMBIA 1,Millonarios,Fortaleza FC,13.5,0.9646393060684204,2.0082946396146424,3.036524462014208,0.09,0.07407407407407407,APOSTA,APROVADO,0.4744,2026-07-16T13:53:09.307820
2026-03-31,SPAIN 2,Mirandes,Albacete,13.0,0.9716732501983643,2.3433292503454837,1.098366881203057,0.06,0.07692307692307693,APOSTA,APROVADO,0.5832,2026-07-16T13:53:10.342709
2026-03-31,ENGLAND 5,Southend,Yeovil,27.0,0.9980806112289429,0,3.0460041623169616,0.02,0.037037037037037035,APOSTA,APROVADO,0.8983,2026-07-16T13:53:10.469659
2026-03-31,ENGLAND 5,Wealdstone,Hartlepool,18.0,0.9756097793579102,0,4.4364942331246,0.02,0.05555555555555555,APOSTA,APROVADO,0.5122,2026-07-16T13:53:10.478693
2026-03-31,ENGLAND 5,Woking,Altrincham,21.0,1.0,0,3.323321229456028,0.02,0.047619047619047616,APOSTA,APROVADO,0.95,2026-07-16T13:53:10.487513
2026-03-31,SPAIN 2,Valladolid,Cadiz,13.0,0.9716732501983643,2.281122594299749,2.307753839960436,0.06,0.07692307692307693,APOSTA,APROVADO,0.5832,2026-07-16T13:53:10.591826
2026-03-31,BRAZIL 2,Fortaleza EC,Cuiaba,12.5,0.93829745054245,1.5755888136864507,3.1783728430949685,0.1,0.08,APOSTA,APROVADO,0.1818,2026-07-16T13:53:10.737059
2026-07-16,NORWAY 1,Valerenga,Aalesunds,34.0,0.985487699508667,1.981766438666765,3.462733185295238,0.03,0.029411764705882353,APOSTA,APROVADO,0.4573,2026-07-16T15:18:39.063059
2026-07-16,ECUADOR 1,Aucas,Independiente (Ecu),11.5,0.9756097793579102,2.4222634255732087,3.6034826407102676,0.06,0.08695652173913043,APOSTA,APROVADO,0.6707,2026-07-16T15:18:39.443517
2026-07-16,BRAZIL 1,Botafogo FR,Santos,13.5,0.987210214138031,1.8306925756420045,2.6170491931209003,0.05,0.07407407407407407,APOSTA,APROVADO,0.778,2026-07-16T15:18:39.548900
2026-07-16,BRAZIL 2,CRB,Nautico PE,13.5,0.9716732501983643,3.492988969297609,3.868002351032662,0.08,0.07407407407407407,APOSTA,APROVADO,0.569,2026-07-16T15:18:39.784046
2026-07-16,USA 1,CF Montreal,Toronto FC,22.0,0.988034188747406,2.7674285340895732,2.8486024790465585,0.02,0.045454545454545456,APOSTA,APROVADO,0.6874,2026-07-16T15:18:39.791535
2026-07-16,USA 1,Chicago Fire,Vancouver Whitecaps,30.0,0.9948652386665344,3.4999010611212977,3.385549365867527,0.02,0.03333333333333333,APOSTA,APROVADO,0.7962,2026-07-16T15:18:39.938619
2026-07-16,USA 1,St Louis City SC,Kansas City,36.0,0.988034188747406,3.1846351208234385,2.6087626467381955,0.02,0.027777777777777776,APOSTA,APROVADO,0.5198,2026-07-16T15:18:40.119111
2026-07-16,MEXICO 1,Necaxa,Atlante,18.5,0.9716732501983643,1.427030503348555,2.9916192253629768,0.08,0.05405405405405406,APOSTA,APROVADO,0.4274,2026-07-16T15:18:40.125110
2026-07-16,USA 1,Seattle Sounders,Portland Timbers,36.0,1.0,4.0539396471417,3.7826381318182434,0.02,0.027777777777777776,APOSTA,APROVADO,0.95,2026-07-16T15:18:40.131617
2026-07-16,NORWAY 1,Valerenga,Aalesunds,34.0,0.985487699508667,1.981766438666765,3.462733185295238,0.03,0.029411764705882353,APOSTA,APROVADO,0.4573,2026-07-16T15:22:45.406335
2026-07-16,ECUADOR 1,Aucas,Independiente (Ecu),11.5,0.9756097793579102,2.4222634255732087,3.6034826407102676,0.06,0.08695652173913043,APOSTA,APROVADO,0.6707,2026-07-16T15:22:45.809838
2026-07-16,BRAZIL 1,Botafogo FR,Santos,13.5,0.987210214138031,1.8306925756420045,2.6170491931209003,0.05,0.07407407407407407,APOSTA,APROVADO,0.778,2026-07-16T15:22:45.906982
2026-07-16,BRAZIL 2,CRB,Nautico PE,13.5,0.9716732501983643,3.492988969297609,3.868002351032662,0.08,0.07407407407407407,APOSTA,APROVADO,0.569,2026-07-16T15:22:46.123374
2026-07-16,USA 1,CF Montreal,Toronto FC,22.0,0.988034188747406,2.7674285340895732,2.8486024790465585,0.02,0.045454545454545456,APOSTA,APROVADO,0.6874,2026-07-16T15:22:46.131276
2026-07-16,USA 1,Chicago Fire,Vancouver Whitecaps,30.0,0.9948652386665344,3.4999010611212977,3.385549365867527,0.02,0.03333333333333333,APOSTA,APROVADO,0.7962,2026-07-16T15:22:46.271116
2026-07-16,USA 1,St Louis City SC,Kansas City,36.0,0.988034188747406,3.1846351208234385,2.6087626467381955,0.02,0.027777777777777776,APOSTA,APROVADO,0.5198,2026-07-16T15:22:46.456508
2026-07-16,MEXICO 1,Necaxa,Atlante,18.5,0.9716732501983643,1.427030503348555,2.9916192253629768,0.08,0.05405405405405406,APOSTA,APROVADO,0.4274,2026-07-16T15:22:46.463285
2026-07-16,USA 1,Seattle Sounders,Portland Timbers,36.0,1.0,4.0539396471417,3.7826381318182434,0.02,0.027777777777777776,APOSTA,APROVADO,0.95,2026-07-16T15:22:46.471565
2026-07-01,WORLD WORLD CUP,England,DR Congo,13.0,0.9470410943031311,2.7012618418808283,4.180610074473615,0.08,0.07692307692307693,APOSTA,APROVADO,0.2642,2026-07-29T22:33:20.165523
2026-07-01,WORLD WORLD CUP,Belgium,Senegal,13.5,0.93829745054245,2.3184448752678475,6.149540530347493,0.08,0.07407407407407407,APOSTA,APROVADO,0.1201,2026-07-29T22:33:20.372313
2026-07-01,WORLD WORLD CUP,USA,Bosnia,19.0,0.985487699508667,,,0.08,0.05263157894736842,APOSTA,APROVADO,0.675,2026-07-29T22:33:21.564656
2026-07-02,WORLD WORLD CUP,Spain,Austria,20.0,0.9948652386665344,3.6963256482774973,3.330165579172829,0.07,0.05,APOSTA,APROVADO,0.8476,2026-07-29T22:33:49.671159
2026-07-02,BRAZIL 2,Fortaleza EC,Ponte Preta,20.0,0.9620798826217651,2.734195263765341,2.610604699222914,0.08,0.05,APOSTA,APROVADO,0.1935,2026-07-29T22:33:49.948413
2026-07-03,WORLD WORLD CUP,Switzerland,Algeria,11.5,0.985487699508667,2.58126670803206,4.767243015272484,0.07,0.08695652173913043,APOSTA,APROVADO,0.7838,2026-07-29T22:34:23.682758
2026-07-03,IRELAND 2,Cobh Ramblers,Cork City,16.5,0.9551604986190796,0,2.8645961128172255,0.08,0.06060606060606061,APOSTA,APROVADO,0.2124,2026-07-29T22:34:24.451471
2026-07-03,IRELAND 2,Finn Harps,Wexford F.C,18.5,0.9548254609107971,0,1.6273525535483047,0.08,0.05405405405405406,APOSTA,APROVADO,0.1165,2026-07-29T22:34:24.624142
2026-07-03,IRELAND 2,Treaty United,Kerry FC,18.5,0.9551604986190796,0,1.1654120609836605,0.08,0.05405405405405406,APOSTA,APROVADO,0.1227,2026-07-29T22:34:24.794141
2026-07-03,IRELAND 1,Drogheda,Bohemians,15.0,0.9431891441345215,2.7576425801726216,3.956623826050252,0.08,0.06666666666666667,APOSTA,APROVADO,0.1007,2026-07-29T22:34:24.815352
2026-07-03,IRELAND 1,Sligo Rovers,Shamrock Rovers,17.0,0.988034188747406,2.526273857677756,2.3709665372505286,0.08,0.058823529411764705,APOSTA,APROVADO,0.7472,2026-07-29T22:34:24.836610
2026-07-03,IRELAND 1,Shelbourne,Dundalk,18.0,0.9657142758369446,2.728553278757813,2.9528184181931194,0.08,0.05555555555555555,APOSTA,APROVADO,0.3346,2026-07-29T22:34:25.049908
2026-07-03,WORLD WORLD CUP,Colombia,Ghana,12.5,0.9716732501983643,1.333668665077104,3.2854708505988564,0.07,0.08,APOSTA,APROVADO,0.5973,2026-07-29T22:34:26.359113
2026-07-04,CHINA 1,Ningbo Professional,Shijiazhuang Gongfu FC,11.5,0.9756097793579102,1.418782829610221,1.6326039070290175,0.04,0.08695652173913043,APOSTA,APROVADO,0.6707,2026-07-29T22:35:00.017044
2026-07-04,CHINA 1,Shaanxi Union FC,Wuxi Wugou,13.0,0.9948652386665344,2.8075973243980052,3.044397976176958,0.04,0.07692307692307693,APOSTA,APROVADO,0.8835,2026-07-29T22:35:00.193760
2026-07-04,CHINA 1,Suzhou Dongwu,Guangdong GZ-Power FC,17.0,0.985487699508667,1.852178580656316,2.2378389952234032,0.04,0.058823529411764705,APOSTA,APROVADO,0.704,2026-07-29T22:35:00.767697
2026-07-04,CHINA 1,Liaoning Tieren FC,Chongqing Tonglianglong,15.5,0.985487699508667,2.561387476757271,2.7355156552364477,0.04,0.06451612903225806,APOSTA,APROVADO,0.7258,2026-07-29T22:35:01.008336
2026-07-04,CHINA 1,Dalian Yingbo,Wuhan Three Towns,20.0,0.9756097793579102,2.9530190840118666,3.5953435426624587,0.04,0.05,APOSTA,APROVADO,0.4634,2026-07-29T22:35:01.449529
2026-07-04,CHINA 1,Tianjin Jinmen Tiger FC,Shenzhen Peng City,18.0,0.987210214138031,1.49754694547141,1.7302994422256468,0.04,0.05555555555555555,APOSTA,APROVADO,0.7204,2026-07-29T22:35:01.812713
2026-07-04,FINLAND 1,Lahti,Gnistan,16.5,0.9756097793579102,3.9641968597063126,3.3562873642255084,0.05,0.06060606060606061,APOSTA,APROVADO,0.5488,2026-07-29T22:35:01.820585
2026-07-04,SWEDEN 1,Degerfors,Malmo FF,17.0,0.9756097793579102,1.8383712216457204,2.2181852857767965,0.04,0.058823529411764705,APOSTA,APROVADO,0.5366,2026-07-29T22:35:01.834975
2026-07-04,SWEDEN 1,Halmstads,Vasteras SK,16.5,0.9596469402313232,0.8735786313204374,1.6977732466798972,0.04,0.06060606060606061,APOSTA,APROVADO,0.2862,2026-07-29T22:35:01.989241
2026-07-04,WORLD WORLD CUP,Canada,Morocco,10.5,0.9756097793579102,,,0.07,0.09523809523809523,APOSTA,APROVADO,0.6951,2026-07-29T22:35:02.990693
2026-07-04,BRAZIL 2,Criciuma,Sport Recife,10.5,0.93829745054245,2.3237326408857553,2.218332734111693,0.08,0.09523809523809523,APOSTA,APROVADO,0.3052,2026-07-29T22:35:03.094476
2026-07-04,BRAZIL 2,Londrina,CRB,12.0,0.9716732501983643,2.4236511542149026,2.9497026745447865,0.08,0.08333333333333333,APOSTA,APROVADO,0.6115,2026-07-29T22:35:03.109976
2026-07-04,BRAZIL 2,Novorizontino,Atletico GO,12.5,0.9470410943031311,2.65860995625631,2.791211765066592,0.08,0.08,APOSTA,APROVADO,0.2907,2026-07-29T22:35:03.122888
2026-07-04,ECUADOR 1,Libertad FC,CD Leones del Norte,10.5,0.9620798826217651,,,0.09,0.09523809523809523,APOSTA,APROVADO,0.5537,2026-07-29T22:35:03.356753
2026-07-04,USA 1,Indy Eleven,Charleston Battery,19.5,1.0,3.0143179644960734,3.1018884900640358,0.02,0.05128205128205128,APOSTA,APROVADO,0.95,2026-07-29T22:35:03.792022
2026-07-04,BRAZIL 2,Goias,Ceara SC Fortaleza,11.0,0.93829745054245,1.8207527300743473,1.2024490669633772,0.08,0.09090909090909091,APOSTA,APROVADO,0.2744,2026-07-29T22:35:04.670464
2026-07-04,ECUADOR 1,Barcelona (Ecu),Deportivo Cuenca,13.5,0.9470410943031311,,,0.09,0.07407407407407407,APOSTA,APROVADO,0.2377,2026-07-29T22:35:05.583949
2026-07-04,USA 1,San Antonio FC,Monterey Bay FC,14.0,0.987210214138031,0.704604550742228,1.7005486833820083,0.02,0.07142857142857142,APOSTA,APROVADO,0.7716,2026-07-29T22:35:06.300575
2026-07-05,CHINA 1,Guangxi Hengchen,Dalian Kun City FC,17.0,0.987210214138031,2.0185011241606996,1.893524789450051,0.04,0.058823529411764705,APOSTA,APROVADO,0.7332,2026-07-29T22:35:30.340805
2026-07-05,CHINA 1,Nanjing City,Foshan Nanshi FC,12.5,0.985487699508667,2.145391817542687,2.7439656269137886,0.04,0.08,APOSTA,APROVADO,0.7693,2026-07-29T22:35:30.536071
2026-07-05,SWEDEN 1,IFK Goteborg,AIK,19.5,0.985487699508667,1.553888595866042,2.1380613088666784,0.04,0.05128205128205128,APOSTA,APROVADO,0.6677,2026-07-29T22:35:31.001730
2026-07-05,SWEDEN 1,Elfsborg,Hammarby,19.0,0.9716732501983643,2.3450776642801667,2.1233413662596248,0.04,0.05263157894736842,APOSTA,APROVADO,0.4132,2026-07-29T22:35:31.718892
2026-07-06,SWEDEN 1,Brommapojkarna,GAIS,17.0,0.988034188747406,2.5298830844858466,2.309000456490672,0.03,0.058823529411764705,APOSTA,APROVADO,0.7472,2026-07-29T22:35:56.097135
2026-07-06,BRAZIL 2,Botafogo SP,Avai,10.5,0.9551604986190796,2.3236059361556536,2.746241972069438,0.07,0.09523809523809523,APOSTA,APROVADO,0.4814,2026-07-29T22:35:56.348111
2026-07-06,BRAZIL 2,Vila Nova,Sao Bernardo,10.5,0.987210214138031,3.2425631061374194,3.831171656083316,0.07,0.09523809523809523,APOSTA,APROVADO,0.8163,2026-07-29T22:35:56.499755
2026-07-06,WORLD WORLD CUP,USA,Belgium,16.5,0.9620798826217651,,,0.07,0.06060606060606061,APOSTA,APROVADO,0.3262,2026-07-29T22:35:57.540725
2026-07-07,WORLD WORLD CUP,Argentina,Egypt,14.0,0.9620798826217651,2.847124813346621,4.278532462999463,0.07,0.07142857142857142,APOSTA,APROVADO,0.421,2026-07-29T22:36:19.904771
2026-07-07,ECUADOR 1,Aucas,Guayaquil City,18.5,0.9716732501983643,1.5001668101099577,2.5873472522551513,0.07,0.05405405405405406,APOSTA,APROVADO,0.4274,2026-07-29T22:36:20.297086
2026-07-08,BRAZIL 2,Ponte Preta,Criciuma,11.5,0.985487699508667,1.884718301378578,1.831877058660151,0.08,0.08695652173913043,APOSTA,APROVADO,0.7838,2026-07-29T22:36:42.948253
2026-07-08,USA 1,Hartford Athletic FC,Orange County Blues,17.0,1.0,2.4709984908875815,3.4346589374879795,0.02,0.058823529411764705,APOSTA,APROVADO,0.95,2026-07-29T22:36:43.342261
2026-07-08,USA 1,Sacramento Republic,Rhode Island FC,12.5,0.9948652386665344,2.9826008073788026,3.0844760027438447,0.02,0.08,APOSTA,APROVADO,0.8861,2026-07-29T22:36:44.346873
2026-07-10,IRELAND 2,Athlone Town,Cobh Ramblers,18.0,0.987210214138031,0,2.140689297233893,0.08,0.05555555555555555,APOSTA,APROVADO,0.7204,2026-07-29T22:37:25.476156
2026-07-10,IRELAND 2,Wexford F.C,Kerry FC,12.5,0.9756097793579102,0,1.6241472223400493,0.08,0.08,APOSTA,APROVADO,0.6463,2026-07-29T22:37:26.009846
2026-07-10,ECUADOR 1,CD Leones del Norte,Univ Catolica (Ecu),13.0,0.9716732501983643,3.1516855623732223,3.009855372807817,0.06,0.07692307692307693,APOSTA,APROVADO,0.5832,2026-07-29T22:37:26.549673
2026-07-10,URUGUAY 1,Deportivo Maldonado,Albion FC,13.0,0.985487699508667,,,0.06,0.07692307692307693,APOSTA,APROVADO,0.7621,2026-07-29T22:37:26.922583
2026-07-11,CHINA 1,Yanbian Longding,Suzhou Dongwu,13.5,0.988034188747406,2.0027783793039875,1.947596511531871,0.04,0.07407407407407407,APOSTA,APROVADO,0.7891,2026-07-29T22:37:57.814614
2026-07-11,CHINA 1,Dalian Kun City FC,Nanjing City,12.5,0.9948652386665344,1.6978492468198996,1.773675616175394,0.04,0.08,APOSTA,APROVADO,0.8861,2026-07-29T22:37:58.024299
2026-07-11,CHINA 1,Wuhan Three Towns,Henan Songshan Longmen,18.0,0.9716732501983643,2.267093279685093,2.7846309205073476,0.04,0.05555555555555555,APOSTA,APROVADO,0.4415,2026-07-29T22:37:58.238654
2026-07-11,CHINA 1,Guangdong GZ-Power FC,Shijiazhuang Gongfu FC,18.5,0.9756097793579102,1.8645592160798072,1.9594821547413377,0.04,0.05405405405405406,APOSTA,APROVADO,0.5,2026-07-29T22:37:58.845682
2026-07-11,ESTONIA 1,Parnu JK Vaprus,Tammeka Tartu,19.0,0.9948652386665344,0,2.363291165190339,0.03,0.05263157894736842,APOSTA,APROVADO,0.8527,2026-07-29T22:37:59.053339
2026-07-11,NORWAY 1,Fredrikstad,Lillestrom,18.5,0.988034188747406,2.133194872203923,2.6675233962897966,0.03,0.05405405405405406,APOSTA,APROVADO,0.7292,2026-07-29T22:37:59.596222
2026-07-11,SWEDEN 1,Mjallby,AIK,18.0,0.9948652386665344,2.5481643665437446,3.2944868249139905,0.02,0.05555555555555555,APOSTA,APROVADO,0.8578,2026-07-29T22:37:59.604928
2026-07-11,FINLAND 1,TPS,AC Oulu,16.5,0.9620798826217651,1.5820265777798488,1.8336408598502913,0.05,0.06060606060606061,APOSTA,APROVADO,0.3262,2026-07-29T22:38:00.278096
2026-07-11,IRELAND 1,Galway Utd,Sligo Rovers,19.5,0.9620798826217651,1.6318018080306527,2.1555613288702378,0.08,0.05128205128205128,APOSTA,APROVADO,0.2125,2026-07-29T22:38:00.623703
2026-07-11,NORWAY 1,Tromso,Valerenga,17.5,0.9716732501983643,2.4642737675183524,2.228394417949883,0.03,0.05714285714285714,APOSTA,APROVADO,0.4557,2026-07-29T22:38:00.635910
2026-07-11,URUGUAY 1,Danubio,Nacional (Uru),12.0,0.987210214138031,1.8979324565465663,2.846014254402972,0.06,0.08333333333333333,APOSTA,APROVADO,0.7972,2026-07-29T22:38:01.006094
2026-07-11,BRAZIL 4,Portuguesa SP,Marcilio,12.0,0.9620798826217651,0.35536348234054665,2.086852269804259,0.08,0.08333333333333333,APOSTA,APROVADO,0.4969,2026-07-29T22:38:01.689918
2026-07-11,ECUADOR 1,Mushuc Runa,Independiente (Ecu),15.0,0.9620798826217651,2.6473945173882942,3.4342597678462825,0.06,0.06666666666666667,APOSTA,APROVADO,0.3831,2026-07-29T22:38:01.862312
2026-07-11,BRAZIL 4,XV De Piracicaba,Cianorte PR,11.0,0.9620798826217651,0,2.0156563354543833,0.08,0.09090909090909091,APOSTA,APROVADO,0.5348,2026-07-29T22:38:02.180552
2026-07-11,URUGUAY 1,Wanderers (Uru),Progreso,11.0,0.9756097793579102,0,1.6991432822515316,0.06,0.09090909090909091,APOSTA,APROVADO,0.6829,2026-07-29T22:38:02.357111
2026-07-12,SWEDEN 1,Vasteras SK,Degerfors,15.0,0.9716732501983643,2.193727837634437,3.454678032192455,0.02,0.06666666666666667,APOSTA,APROVADO,0.5265,2026-07-29T22:38:40.685831
2026-07-12,SWEDEN 1,GAIS,Elfsborg,15.5,1.0,2.229290603431486,2.5117557563891864,0.02,0.06451612903225806,APOSTA,APROVADO,0.95,2026-07-29T22:38:41.659404
2026-07-12,NORWAY 1,Sandefjord,Ham-Kam,19.0,0.9948652386665344,2.700326337424535,2.140689297233893,0.03,0.05263157894736842,APOSTA,APROVADO,0.8527,2026-07-29T22:38:41.707960
2026-07-12,URUGUAY 1,Boston River,Central Espanol,11.5,0.9596469402313232,0,3.217874412147265,0.07,0.08695652173913043,APOSTA,APROVADO,0.488,2026-07-29T22:38:43.320616
2026-07-12,BOLIVIA 1,Real Potosi,Nacional Potosi,18.5,0.9620798826217651,1.91135604987215,3.5254286979254266,0.05,0.05405405405405406,APOSTA,APROVADO,0.2504,2026-07-29T22:38:43.589459
2026-07-12,BRAZIL 2,Avai,Nautico PE,12.0,0.987210214138031,2.2991738028980357,2.6378679186565277,0.08,0.08333333333333333,APOSTA,APROVADO,0.7972,2026-07-29T22:38:43.831203
2026-07-12,BRAZIL 4,ABC RN,Aguia de Maraba,17.0,0.9646393060684204,0.0016315380894145332,2.7217960118760214,0.08,0.058823529411764705,APOSTA,APROVADO,0.3506,2026-07-29T22:38:44.653511
2026-07-12,BRAZIL 4,AD Iguatu,Maguary,11.5,0.9596469402313232,0,2.358957474999663,0.08,0.08695652173913043,APOSTA,APROVADO,0.488,2026-07-29T22:38:44.877072
2026-07-12,BRAZIL 4,Asa AL,Ivinhema FC,14.0,0.987210214138031,0,1.774983486559481,0.08,0.07142857142857142,APOSTA,APROVADO,0.7716,2026-07-29T22:38:46.460924
2026-07-12,BRAZIL 4,Ferroviario,Imperatriz MA,12.5,0.9716732501983643,0,2.470537912576881,0.08,0.08,APOSTA,APROVADO,0.5973,2026-07-29T22:38:46.899160
2026-07-12,BRAZIL 2,Atletico GO,Fortaleza EC,11.0,0.985487699508667,2.622209566888338,1.6965266301496609,0.08,0.09090909090909091,APOSTA,APROVADO,0.7911,2026-07-29T22:38:47.307200
2026-07-12,BRAZIL 4,Guapore RO,Luverdense,10.5,0.96484375,0,2.5416546650889185,0.08,0.09523809523809523,APOSTA,APROVADO,0.5826,2026-07-29T22:38:47.510060
2026-07-12,BRAZIL 2,CRB,Goias,12.5,0.9716732501983643,2.9252932712606534,2.979729183988724,0.08,0.08,APOSTA,APROVADO,0.5973,2026-07-29T22:38:47.736088
2026-07-13,CHINA 1,Ningbo Professional,Foshan Nanshi FC,16.0,0.985487699508667,2.5680008353791246,3.2939670621185675,0.04,0.0625,APOSTA,APROVADO,0.7185,2026-07-29T22:39:11.966981
2026-07-13,BRAZIL 2,America MG,Londrina,11.0,0.9548254609107971,2.0220195429430636,1.533125740595802,0.07,0.09090909090909091,APOSTA,APROVADO,0.4553,2026-07-29T22:39:12.147560
2026-07-14,ECUADOR 1,Macara,Mushuc Runa,11.0,0.9596469402313232,1.498692153286661,1.9538076197661076,0.07,0.09090909090909091,APOSTA,APROVADO,0.5081,2026-07-29T22:39:34.398691
2026-07-15,ECUADOR 1,Barcelona (Ecu),Guayaquil City,13.0,0.9756097793579102,1.0503904939337794,2.047688014987994,0.08,0.07692307692307693,APOSTA,APROVADO,0.6341,2026-07-29T22:39:59.359923
2026-07-16,ECUADOR 1,Aucas,Independiente (Ecu),12.0,0.9716732501983643,2.5402460680060006,3.4183226420256823,0.07,0.08333333333333333,APOSTA,APROVADO,0.6115,2026-07-29T22:40:25.306735
2026-07-16,BRAZIL 1,Botafogo FR,Santos,14.0,0.987210214138031,1.8306925756420045,2.6170491931209003,0.05,0.07142857142857142,APOSTA,APROVADO,0.7716,2026-07-29T22:40:25.502968
2026-07-16,BRAZIL 2,CRB,Nautico PE,14.5,0.9646897315979004,4.039690343702445,4.024264441785339,0.08,0.06896551724137931,APOSTA,APROVADO,0.4398,2026-07-29T22:40:25.916928
2026-07-16,MEXICO 1,Necaxa,Atlante,19.0,0.9716732501983643,1.427030503348555,2.9916192253629768,0.08,0.05263157894736842,APOSTA,APROVADO,0.4132,2026-07-29T22:40:26.487030
2026-07-17,MEXICO 1,Tijuana,Tigres,14.0,0.985487699508667,0.5332216564513542,1.561471098308964,0.08,0.07142857142857142,APOSTA,APROVADO,0.7476,2026-07-29T22:41:02.790840
2026-07-17,CHINA 1,Changchun Yatai,Wuxi Wugou,17.0,0.987210214138031,2.901040831011919,3.014572494272157,0.04,0.058823529411764705,APOSTA,APROVADO,0.7332,2026-07-29T22:41:02.805876
2026-07-17,CHINA 1,Suzhou Dongwu,Shenzhen Juniors FC,18.0,0.9980806112289429,2.0816666811875835,2.988326604000961,0.04,0.05555555555555555,APOSTA,APROVADO,0.9155,2026-07-29T22:41:03.073117
2026-07-17,CHINA 1,Foshan Nanshi FC,Nantong Zhiyun F.C,13.0,0.985487699508667,1.5117037189983984,1.335852117061192,0.04,0.07692307692307693,APOSTA,APROVADO,0.7621,2026-07-29T22:41:03.779500
2026-07-17,ROMANIA 1,FC Voluntari,Botosani,11.5,0.9233813285827637,1.1041973002850638,2.678937022586179,0.09,0.08695652173913043,APOSTA,APROVADO,0.0727,2026-07-29T22:41:04.607087
2026-07-17,BULGARIA 1,Spartak Varna,CSKA 1948 Sofia,15.0,0.9646897315979004,0,3.0364008004432,0.08,0.06666666666666667,APOSTA,APROVADO,0.4221,2026-07-29T22:41:04.620918
2026-07-17,PERU 1,FC Cajamarca,Juan Pablo II College,17.0,0.9551604986190796,2.143787323651971,3.4076836153464516,0.07,0.058823529411764705,APOSTA,APROVADO,0.19,2026-07-29T22:41:05.687469
2026-07-17,BRAZIL 2,Sao Bernardo,Avai,11.0,0.9716732501983643,1.4296363550629942,1.5871102163603323,0.08,0.09090909090909091,APOSTA,APROVADO,0.6398,2026-07-29T22:41:06.962423
2026-07-17,URUGUAY 1,Nacional (Uru),Wanderers (Uru),17.0,0.9756097793579102,1.1574609928856285,1.6635181809746058,0.08,0.058823529411764705,APOSTA,APROVADO,0.5366,2026-07-29T22:41:07.407047
2026-07-17,BRAZIL 1,Fluminense,Red Bull Bragantino,13.5,0.9646897315979004,2.886791710146721,2.758044723289931,0.05,0.07407407407407407,APOSTA,APROVADO,0.4751,2026-07-29T22:41:07.684234
2026-07-17,BRAZIL 1,Mirassol,Gremio,11.5,0.9620798826217651,1.9969404265711235,2.311623804163492,0.05,0.08695652173913043,APOSTA,APROVADO,0.5158,2026-07-29T22:41:07.694567
2026-07-17,BRAZIL 2,Fortaleza EC,Novorizontino,10.5,0.9551604986190796,3.30745509845886,3.8005145876556634,0.08,0.09523809523809523,APOSTA,APROVADO,0.4814,2026-07-29T22:41:07.913763
2026-07-17,ECUADOR 1,Delfin,Macara,13.0,0.9756097793579102,1.2829642543490003,1.3635328417795536,0.07,0.07692307692307693,APOSTA,APROVADO,0.6341,2026-07-29T22:41:07.935016
2026-07-17,MEXICO 1,Atletico San Luis,Cruz Azul,18.0,0.985487699508667,3.0227074116555563,2.9869746615427686,0.08,0.05555555555555555,APOSTA,APROVADO,0.6895,2026-07-29T22:41:08.216483
2026-07-18,SWEDEN 2,Oddevold,Varbergs BoIS,18.0,0.9620798826217651,0,4.19727362353461,0.04,0.05555555555555555,APOSTA,APROVADO,0.2693,2026-07-29T22:41:49.743217
2026-07-18,CHINA 1,Guangxi Hengchen,Shaanxi Union FC,14.0,0.9948652386665344,2.7033752732959258,3.858998407530791,0.03,0.07142857142857142,APOSTA,APROVADO,0.8784,2026-07-29T22:41:49.940608
2026-07-18,CHINA 1,Meizhou Hakka,Dalian Kun City FC,18.5,0.9980806112289429,2.3501785564031192,2.2258252922781434,0.03,0.05405405405405406,APOSTA,APROVADO,0.9146,2026-07-29T22:41:50.134697
2026-07-18,CHINA 1,Nanjing City,Guangdong GZ-Power FC,15.0,0.988034188747406,2.2650206517546856,3.260466932225599,0.03,0.06666666666666667,APOSTA,APROVADO,0.7711,2026-07-29T22:41:50.338302
2026-07-18,CHINA 1,Wuhan Three Towns,Shenzhen Peng City,19.0,0.985487699508667,2.3326903163661785,2.432254290066928,0.03,0.05263157894736842,APOSTA,APROVADO,0.675,2026-07-29T22:41:51.125720
2026-07-18,NORWAY 1,Ham-Kam,Tromso,15.5,0.987210214138031,2.3684968809395657,3.148581314669296,0.03,0.06451612903225806,APOSTA,APROVADO,0.7524,2026-07-29T22:41:51.364026
2026-07-18,SWEDEN 1,AIK,GAIS,17.0,1.0,3.513785060041065,2.3470083284003262,0.02,0.058823529411764705,APOSTA,APROVADO,0.95,2026-07-29T22:41:51.374933
2026-07-18,SWEDEN 2,Ostersunds FK,Landskrona,16.0,0.9620798826217651,0,4.011861613915968,0.04,0.0625,APOSTA,APROVADO,0.3452,2026-07-29T22:41:51.577570
2026-07-18,FINLAND 1,AC Oulu,Gnistan,18.0,0.985487699508667,3.146703119175377,2.911777694624106,0.05,0.05555555555555555,APOSTA,APROVADO,0.6895,2026-07-29T22:41:51.780143
2026-07-18,NORWAY 1,Start,Rosenborg,18.5,0.9756097793579102,1.1854888620708817,1.349477532167301,0.03,0.05405405405405406,APOSTA,APROVADO,0.5,2026-07-29T22:41:51.976117
2026-07-18,URUGUAY 1,Progreso,Deportivo Maldonado,12.0,0.9470410943031311,,,0.08,0.08333333333333333,APOSTA,APROVADO,0.3171,2026-07-29T22:41:52.616791
2026-07-18,BULGARIA 1,Septemvri,Arda,10.5,0.985487699508667,0,1.8682086620630338,0.08,0.09523809523809523,APOSTA,APROVADO,0.7983,2026-07-29T22:41:52.795711
2026-07-18,PERU 1,Cesar Vallejo Moquegua,Comerciantes Unidos,10.5,0.985487699508667,0.790439102634934,2.343991215109001,0.07,0.09523809523809523,APOSTA,APROVADO,0.7983,2026-07-29T22:41:53.203198
2026-07-18,BULGARIA 1,Ludogorets,Lokomotiv Plovdiv,19.5,0.9716732501983643,0,1.8514471127889878,0.08,0.05128205128205128,APOSTA,APROVADO,0.399,2026-07-29T22:41:54.471526
2026-07-18,BRAZIL 2,Ponte Preta,Goias,11.0,0.9646897315979004,1.9549578332295474,1.5723210767129614,0.07,0.09090909090909091,APOSTA,APROVADO,0.5634,2026-07-29T22:41:55.725989
2026-07-18,BRAZIL 2,Sport Recife,Operario PR,11.0,0.985487699508667,2.1066900886205686,2.9148593642613543,0.07,0.09090909090909091,APOSTA,APROVADO,0.7911,2026-07-29T22:41:55.735657
2026-07-18,ECUADOR 1,Deportivo Cuenca,Univ Catolica (Ecu),12.0,0.9756097793579102,,,0.07,0.08333333333333333,APOSTA,APROVADO,0.6585,2026-07-29T22:41:56.842087
2026-07-18,URUGUAY 1,Penarol,Boston River,15.0,0.9431891441345215,0,2.171603780618794,0.08,0.06666666666666667,APOSTA,APROVADO,0.1007,2026-07-29T22:41:56.852468
2026-07-18,PERU 1,Atletico Grau,UTC Cajamarca,11.5,0.9646897315979004,2.71288370968416,2.7478355911168446,0.07,0.08695652173913043,APOSTA,APROVADO,0.5457,2026-07-29T22:41:57.227875
2026-07-18,PERU 1,Cusco FC,Alianza Atletico,16.5,0.9716732501983643,2.7611255598419047,2.7078349305180867,0.07,0.06060606060606061,APOSTA,APROVADO,0.484,2026-07-29T22:41:58.813846
2026-07-18,ECUADOR 1,Barcelona (ECU),Libertad FC,17.0,0.9646897315979004,,,0.07,0.058823529411764705,APOSTA,APROVADO,0.3515,2026-07-29T22:41:59.137235
2026-07-18,MEXICO 1,Guadalajara,Toluca,19.5,0.9620798826217651,1.6624634845782889,3.2636368978750125,0.08,0.05128205128205128,APOSTA,APROVADO,0.2125,2026-07-29T22:41:59.628453
2026-07-19,MEXICO 1,Queretaro,CF America,17.5,0.9646897315979004,3.317746315292911,3.519712040543257,0.08,0.05714285714285714,APOSTA,APROVADO,0.3338,2026-07-29T22:42:32.747432
2026-07-19,SWEDEN 2,Varnamo,Ljungskile,19.0,0.985487699508667,0.030999223698876133,2.724813125167347,0.04,0.05263157894736842,APOSTA,APROVADO,0.675,2026-07-29T22:42:33.153111
2026-07-19,PERU 1,CD Los Chankas,Sport Boys (Per),12.5,0.9646897315979004,2.1606960752322495,2.52675120706693,0.07,0.08,APOSTA,APROVADO,0.5104,2026-07-29T22:42:34.955385
2026-07-19,ROMANIA 1,ACS Petrolul 52,Dinamo Bucharest,10.5,0.9716732501983643,2.532373512890852,2.307195885718498,0.09,0.09523809523809523,APOSTA,APROVADO,0.654,2026-07-29T22:42:36.039412
2026-07-19,ECUADOR 1,Independiente (Ecu),Emelec,19.5,0.9716732501983643,1.5795464646336925,1.5671456332841933,0.07,0.05128205128205128,APOSTA,APROVADO,0.399,2026-07-29T22:42:37.319537
2026-07-20,BULGARIA 1,Slavia Sofia,CSKA Sofia,15.5,0.9646393060684204,0,1.8749415956515696,0.08,0.06451612903225806,APOSTA,APROVADO,0.4037,2026-07-29T22:43:00.985214
2026-07-20,SWEDEN 2,Norrby IF,Sundsvall,15.5,0.985487699508667,0,1.841627105540012,0.04,0.06451612903225806,APOSTA,APROVADO,0.7258,2026-07-29T22:43:01.391668
2026-07-20,BULGARIA 1,Botev Plovdiv,Lokomotiv Sofia,15.5,0.9646897315979004,0,3.1874182507267914,0.08,0.06451612903225806,APOSTA,APROVADO,0.4045,2026-07-29T22:43:01.589858
2026-07-21,ECUADOR 1,Libertad FC,Delfin,10.5,0.987210214138031,,,0.07,0.09523809523809523,APOSTA,APROVADO,0.8163,2026-07-29T22:43:25.622658
2026-07-21,BRAZIL 1,Atletico MG,Bahia,15.0,0.9756097793579102,2.932049877323018,2.2689951551975183,0.05,0.06666666666666667,APOSTA,APROVADO,0.5854,2026-07-29T22:43:25.635757
2026-07-21,BRAZIL 2,Avai,America MG,10.5,0.9646897315979004,1.6703451062332204,1.70204238052465,0.06,0.09523809523809523,APOSTA,APROVADO,0.581,2026-07-29T22:43:25.652697
2026-07-21,ECUADOR 1,Univ Catolica (Ecu),Barcelona (Ecu),12.5,0.988034188747406,,,0.07,0.08,APOSTA,APROVADO,0.801,2026-07-29T22:43:26.144011
2026-07-22,BRAZIL 2,Ceara SC Fortaleza,CRB,11.0,0.9646393060684204,3.2588174147851436,3.4622988926243075,0.07,0.09090909090909091,APOSTA,APROVADO,0.5628,2026-07-29T22:44:04.200539
2026-07-22,BRAZIL 2,Goias,Sport Recife,10.5,0.9470410943031311,2.13036419340226,1.540765747097149,0.07,0.09523809523809523,APOSTA,APROVADO,0.3966,2026-07-29T22:44:04.378916
2026-07-22,USA 1,Columbus,New York City,15.0,0.985487699508667,2.2049039214920203,2.290405908986168,0.03,0.06666666666666667,APOSTA,APROVADO,0.733,2026-07-29T22:44:04.538403
2026-07-22,USA 1,Charlotte FC,Atlanta Utd,17.5,0.985487699508667,2.376915118781569,2.600189013489847,0.03,0.05714285714285714,APOSTA,APROVADO,0.6968,2026-07-29T22:44:05.368954
2026-07-22,BRAZIL 1,Chapecoense,Flamengo,18.0,0.988034188747406,0.6693107727572244,2.3622273625538415,0.05,0.05555555555555555,APOSTA,APROVADO,0.7352,2026-07-29T22:44:05.723464
2026-07-22,BRAZIL 1,Internacional,Cruzeiro MG,13.0,0.9756097793579102,2.741069887999378,3.11414386959851,0.05,0.07692307692307693,APOSTA,APROVADO,0.6341,2026-07-29T22:44:05.894097
2026-07-22,BRAZIL 2,Nautico PE,Londrina,12.5,0.985487699508667,2.4066538806618714,1.8997185814024176,0.07,0.08,APOSTA,APROVADO,0.7693,2026-07-29T22:44:06.062697
2026-07-22,USA 1,Houston Dynamo,DC Utd,18.0,0.9948652386665344,2.6546016648538173,2.6927395579355786,0.03,0.05555555555555555,APOSTA,APROVADO,0.8578,2026-07-29T22:44:06.180421
2026-07-22,USA 1,Austin FC,Seattle Sounders,17.0,0.9716732501983643,3.2129669941115115,2.280861409807882,0.03,0.058823529411764705,APOSTA,APROVADO,0.4699,2026-07-29T22:44:06.770877
2026-07-23,BRAZIL 1,Corinthians,Remo,13.5,0.9716732501983643,2.4924989449856705,2.7843600531310524,0.05,0.07407407407407407,APOSTA,APROVADO,0.569,2026-07-29T22:44:32.967963
2026-07-23,ECUADOR 1,Emelec,Mushuc Runa,14.5,0.9756097793579102,1.8667654729844845,2.4349651704231166,0.07,0.06896551724137931,APOSTA,APROVADO,0.5976,2026-07-29T22:44:32.985270
2026-07-24,BULGARIA 1,Arda,Slavia Sofia,11.5,0.985487699508667,0,1.7704656442727436,0.08,0.08695652173913043,APOSTA,APROVADO,0.7838,2026-07-29T22:45:12.315560
2026-07-24,IRELAND 2,Treaty United,Athlone Town,13.0,0.96484375,0,1.5943918228020157,0.08,0.07692307692307693,APOSTA,APROVADO,0.4947,2026-07-29T22:45:13.639952
2026-07-24,IRELAND 1,St Patricks,Dundalk,19.5,0.9657142758369446,2.8035795887010853,3.477325068166498,0.08,0.05128205128205128,APOSTA,APROVADO,0.2831,2026-07-29T22:45:13.743582
2026-07-24,POLAND 2,Odra Opole,Arka Gdynia,15.5,0.9948652386665344,1.2492561222466212,2.490661280253261,0.03,0.06451612903225806,APOSTA,APROVADO,0.8707,2026-07-29T22:45:13.926365
2026-07-24,PERU 1,Alianza Atletico,CD Los Chankas,15.0,0.9756097793579102,2.1226289337633153,3.0398078019874326,0.07,0.06666666666666667,APOSTA,APROVADO,0.5854,2026-07-29T22:45:14.435202
2026-07-24,URUGUAY 1,Nacional (Uru),Progreso,17.0,0.985487699508667,,,0.08,0.058823529411764705,APOSTA,APROVADO,0.704,2026-07-29T22:45:14.808631
2026-07-24,COLOMBIA 1,Llaneros FC,Deportivo Pereira,11.0,0.985487699508667,1.3389488783348125,2.1293221341699913,0.06,0.09090909090909091,APOSTA,APROVADO,0.7911,2026-07-29T22:45:15.455799
2026-07-24,COLOMBIA 1,Deportivo Cali,Jaguares de Cordoba,12.0,0.9431891441345215,,,0.06,0.08333333333333333,APOSTA,APROVADO,0.2711,2026-07-29T22:45:16.315769
2026-07-24,PERU 1,Universitario de Deportes,Cusco FC,18.0,0.9551604986190796,2.532467939791034,3.421487203651905,0.07,0.05555555555555555,APOSTA,APROVADO,0.1451,2026-07-29T22:45:16.756670
2026-07-25,MEXICO 1,Atlante,CF America,18.0,0.9620798826217651,1.3511144592040079,3.5146194891034623,0.08,0.05555555555555555,APOSTA,APROVADO,0.2693,2026-07-29T22:46:03.625256
2026-07-25,CHINA 1,Qingdao Hainiu,Tianjin Jinmen Tiger FC,13.0,1.0,3.0490552216232034,3.672163319415609,0.02,0.07692307692307693,APOSTA,APROVADO,0.95,2026-07-29T22:46:03.990207
2026-07-25,CHINA 1,Changchun Yatai,Nanjing City,14.5,0.988034188747406,1.5379420835494235,1.9377230456106114,0.02,0.06896551724137931,APOSTA,APROVADO,0.7771,2026-07-29T22:46:04.000208
2026-07-25,CHINA 1,Ningbo Professional,Guangdong GZ-Power FC,13.0,0.987210214138031,2.6420806744146024,3.451690590809524,0.02,0.07692307692307693,APOSTA,APROVADO,0.7844,2026-07-29T22:46:04.232875
2026-07-25,CHINA 1,Shaanxi Union FC,Shenzhen Juniors FC,17.5,0.988034188747406,2.9530851365650044,4.1814726058456575,0.02,0.05714285714285714,APOSTA,APROVADO,0.7412,2026-07-29T22:46:04.623970
2026-07-25,CHINA 1,Foshan Nanshi FC,Wuxi Wugou,15.0,0.9756097793579102,1.9843591351846293,1.9847628727330424,0.02,0.06666666666666667,APOSTA,APROVADO,0.5854,2026-07-29T22:46:04.829298
2026-07-25,CHINA 1,Wuhan Three Towns,Chongqing Tonglianglong,15.0,0.988034188747406,2.1965750987590447,2.6075581526148994,0.02,0.06666666666666667,APOSTA,APROVADO,0.7711,2026-07-29T22:46:05.865106
2026-07-25,DENMARK 2,Hvidovre,Vendsyssel FF,19.5,0.9620798826217651,,,0.06,0.05128205128205128,APOSTA,APROVADO,0.2125,2026-07-29T22:46:06.160920
2026-07-25,POLAND 2,Pogon Siedlce,LKS Lodz,15.5,0.9980806112289429,0,2.374841142147979,0.03,0.06451612903225806,APOSTA,APROVADO,0.9203,2026-07-29T22:46:07.110307
2026-07-25,FINLAND 1,KuPS,VPS,16.0,0.9646897315979004,2.7909636392718493,2.5632756690811376,0.06,0.0625,APOSTA,APROVADO,0.3868,2026-07-29T22:46:07.453747
2026-07-25,NORWAY 1,Kristiansund,Start,15.5,0.9646393060684204,2.292700897786865,2.5184940940009137,0.04,0.06451612903225806,APOSTA,APROVADO,0.4037,2026-07-29T22:46:07.465039
2026-07-25,CZECH 1,Teplice,Bohemians 1905,12.5,0.985487699508667,2.771894784907004,3.4590413942915252,0.09,0.08,APOSTA,APROVADO,0.7693,2026-07-29T22:46:08.076950
2026-07-25,CZECH 1,Zlin,Banik Ostrava,12.5,0.9401767253875732,2.495541407878234,3.4268260723753077,0.09,0.08,APOSTA,APROVADO,0.2052,2026-07-29T22:46:08.301507
2026-07-25,POLAND 1,Gornik Zabrze,Slask Wroclaw,16.0,0.9756097793579102,1.0348549873290802,4.273364210947036,0.08,0.0625,APOSTA,APROVADO,0.561,2026-07-29T22:46:08.807779
2026-07-25,SWEDEN 1,Kalmar FF,Mjallby,17.0,0.9948652386665344,2.8134654561445815,3.6175971026452522,0.03,0.058823529411764705,APOSTA,APROVADO,0.863,2026-07-29T22:46:08.996780
2026-07-25,BULGARIA 1,CSKA 1948 Sofia,Botev Vratsa,14.5,0.985487699508667,0,2.047951540729637,0.08,0.06896551724137931,APOSTA,APROVADO,0.7403,2026-07-29T22:46:09.005293
2026-07-25,SLOVAKIA 1,Spartak Trnava,MFK Skalica,15.5,0.9646897315979004,1.2676478797593727,2.2797622416125423,0.07,0.06451612903225806,APOSTA,APROVADO,0.4045,2026-07-29T22:46:09.606125
2026-07-25,SLOVAKIA 1,Trencin,KFC Komarno,17.5,0.9646897315979004,1.8281042661395257,2.5153194876571052,0.07,0.05714285714285714,APOSTA,APROVADO,0.3338,2026-07-29T22:46:09.757026
2026-07-25,ROMANIA 1,Dinamo Bucharest,Universitatea Craiova,12.0,0.985487699508667,1.8008326523954925,1.9363122404569428,0.09,0.08333333333333333,APOSTA,APROVADO,0.7766,2026-07-29T22:46:10.951569
2026-07-25,PERU 1,Sport Huancayo,Atletico Grau,13.5,0.9716732501983643,2.1115787487296775,2.2056236733071857,0.07,0.07407407407407407,APOSTA,APROVADO,0.569,2026-07-29T22:46:11.405585
2026-07-25,URUGUAY 1,Central Espanol,Cerro Largo FC,11.5,0.9596469402313232,0,2.826596289303427,0.08,0.08695652173913043,APOSTA,APROVADO,0.488,2026-07-29T22:46:12.005176
2026-07-25,IRELAND 1,Sligo Rovers,Drogheda,15.0,0.9470410943031311,2.2181279100267624,2.2093054195933117,0.08,0.06666666666666667,APOSTA,APROVADO,0.1583,2026-07-29T22:46:13.509107
2026-07-25,PARAGUAY 1,Deportivo Recoleta,Sportivo San Lorenzo,13.0,0.985487699508667,,,0.09,0.07692307692307693,APOSTA,APROVADO,0.7621,2026-07-29T22:46:14.518642
2026-07-25,PERU 1,Juan Pablo II College,Cienciano,18.0,0.9756097793579102,2.4679708168371066,2.886561532978324,0.07,0.05555555555555555,APOSTA,APROVADO,0.5122,2026-07-29T22:46:15.216361
2026-07-25,COLOMBIA 1,Ind Medellin,Deportivo Pasto,12.0,0.9646897315979004,1.0641835304354148,2.1121805142260954,0.06,0.08333333333333333,APOSTA,APROVADO,0.528,2026-07-29T22:46:16.024959
2026-07-25,BRAZIL 1,Athletico-PR,Internacional,11.0,0.9980806112289429,2.9757116681303897,2.664417986986306,0.05,0.09090909090909091,APOSTA,APROVADO,0.929,2026-07-29T22:46:16.031944
2026-07-25,CHILE 1,Huachipato,Cobresal,19.0,0.9620798826217651,0.4630855868268703,1.5403766221730382,0.06,0.05263157894736842,APOSTA,APROVADO,0.2314,2026-07-29T22:46:16.206881
2026-07-25,COLOMBIA 1,Millonarios,Atletico Bucaramanga,10.5,0.9922480583190918,1.9187703451459517,2.5871102163603323,0.06,0.09523809523809523,APOSTA,APROVADO,0.869,2026-07-29T22:46:18.390840
2026-07-25,BRAZIL 1,Vasco Da Gama,Mirassol,12.0,0.985487699508667,,,0.05,0.08333333333333333,APOSTA,APROVADO,0.7766,2026-07-29T22:46:18.528915
2026-07-25,USA 1,DC Utd,Toronto FC,18.0,0.987210214138031,1.855868432235325,2.0995713753263527,0.03,0.05555555555555555,APOSTA,APROVADO,0.7204,2026-07-29T22:46:18.842835
2026-07-25,USA 1,New England Revolution,Atlanta Utd,19.0,0.9948652386665344,1.4980313618808734,1.8018146628581837,0.03,0.05263157894736842,APOSTA,APROVADO,0.8527,2026-07-29T22:46:18.852554
2026-07-25,USA 1,Houston Dynamo,Austin FC,18.5,0.9980806112289429,2.1328146665388434,2.3838865497798025,0.03,0.05405405405405406,APOSTA,APROVADO,0.9146,2026-07-29T22:46:19.702178
2026-07-25,USA 1,St Louis City SC,Colorado,19.0,0.9922480583190918,2.8010844349888373,3.1213893471525544,0.03,0.05263157894736842,APOSTA,APROVADO,0.8031,2026-07-29T22:46:20.093996
2026-07-25,COLOMBIA 1,Tolima,Junior FC Barranquilla,11.0,0.96484375,0,2.5204120390968994,0.06,0.09090909090909091,APOSTA,APROVADO,0.565,2026-07-29T22:46:21.757699
2026-07-26,MEXICO 1,Santos Laguna,Atlas,15.0,0.9596469402313232,2.173057675019006,1.7968455304597883,0.08,0.06666666666666667,APOSTA,APROVADO,0.3467,2026-07-29T22:47:07.002367
2026-07-26,MEXICO 1,Tigres,Atletico San Luis,18.5,0.9551604986190796,0.9977173304966237,2.0998605783456985,0.08,0.05405405405405406,APOSTA,APROVADO,0.1227,2026-07-29T22:47:07.218007
2026-07-26,CZECH 1,Slavia Praha B,FK Pribram,18.5,0.9620798826217651,0,2.088621475017591,0.09,0.05405405405405406,APOSTA,APROVADO,0.2504,2026-07-29T22:47:07.825849
2026-07-26,CHINA 1,Yanbian Longding,Meizhou Hakka,17.5,0.988034188747406,2.0088720979159183,2.9351063935087405,0.02,0.05714285714285714,APOSTA,APROVADO,0.7412,2026-07-29T22:47:07.837180
2026-07-26,CHINA 1,Dalian Kun City FC,Suzhou Dongwu,13.0,1.0,2.25448349758448,2.721308256594904,0.02,0.07692307692307693,APOSTA,APROVADO,0.95,2026-07-29T22:47:08.024562
2026-07-26,SWEDEN 2,Sundsvall,Falkenbergs,18.5,0.9948652386665344,0,3.296345907314501,0.04,0.05405405405405406,APOSTA,APROVADO,0.8553,2026-07-29T22:47:08.286633
2026-07-26,DENMARK 2,Hobro,Aarhus Fremad,15.0,0.9756097793579102,2.533536363628916,2.35448743414773,0.06,0.06666666666666667,APOSTA,APROVADO,0.5854,2026-07-29T22:47:08.779905
2026-07-26,FINLAND 1,FC Inter,Gnistan,19.5,0.9620798826217651,3.0211348141579837,3.619360903835392,0.06,0.05128205128205128,APOSTA,APROVADO,0.2125,2026-07-29T22:47:08.973053
2026-07-26,FINLAND 1,Ilves,Lahti,18.5,0.9657142758369446,2.7239175368931736,2.9553772095200164,0.06,0.05405405405405406,APOSTA,APROVADO,0.3174,2026-07-29T22:47:08.986070
2026-07-26,SWEDEN 1,Malmo FF,Elfsborg,19.5,0.985487699508667,2.6670823153015246,4.103688420141815,0.03,0.05128205128205128,APOSTA,APROVADO,0.6677,2026-07-29T22:47:10.483634
2026-07-26,SLOVAKIA 1,Ruzomberok,Dunajska Streda,14.0,0.9646897315979004,2.0064119145808035,2.018594547504504,0.07,0.07142857142857142,APOSTA,APROVADO,0.4574,2026-07-29T22:47:11.753620
2026-07-26,SWEDEN 2,Norrby IF,Ostersunds FK,16.5,0.9863013625144958,0,2.0844305924674162,0.04,0.06060606060606061,APOSTA,APROVADO,0.7247,2026-07-29T22:47:12.135815
2026-07-26,CZECH 1,FK Jablonec,Sigma Olomouc,13.0,0.9620798826217651,2.990323242113774,3.0578069135374544,0.09,0.07692307692307693,APOSTA,APROVADO,0.4589,2026-07-29T22:47:12.274547
2026-07-26,POLAND 1,Widzew Lodz,LKP Motor Lublin,14.0,0.9716732501983643,2.7160405081186747,3.671351238085912,0.08,0.07142857142857142,APOSTA,APROVADO,0.5548,2026-07-29T22:47:12.433852
2026-07-26,BULGARIA 1,Cherno More,Spartak Varna,12.5,0.9716732501983643,0,1.473954195509904,0.08,0.08,APOSTA,APROVADO,0.5973,2026-07-29T22:47:12.442141
2026-07-26,ROMANIA 1,Csikszereda,FCSB,16.5,0.9548254609107971,3.0447132035698017,2.8358991118924983,0.09,0.06060606060606061,APOSTA,APROVADO,0.2069,2026-07-29T22:47:13.755481
2026-07-26,CZECH 1,Hradec Kralove,Pardubice,13.0,0.9551604986190796,1.941470574226527,2.368501974177949,0.09,0.07692307692307693,APOSTA,APROVADO,0.3693,2026-07-29T22:47:14.109413
2026-07-26,PERU 1,UTC Cajamarca,Cesar Vallejo Moquegua,16.5,0.9646393060684204,1.0331340970166982,2.6820370278664774,0.07,0.06060606060606061,APOSTA,APROVADO,0.3683,2026-07-29T22:47:14.434902
2026-07-26,URUGUAY 1,Cerro,Racing Club (Uru),10.5,0.9470410943031311,0.9643184187947852,1.71688033814991,0.08,0.09523809523809523,APOSTA,APROVADO,0.3966,2026-07-29T22:47:14.748037
2026-07-26,BULGARIA 1,Lokomotiv Plovdiv,Septemvri,11.0,0.9716732501983643,0,1.9064093925840133,0.08,0.09090909090909091,APOSTA,APROVADO,0.6398,2026-07-29T22:47:15.058564
2026-07-26,POLAND 1,Wisla Krakow,GKS Katowice,16.5,0.9716732501983643,1.7106014904556712,2.690093233925313,0.08,0.06060606060606061,APOSTA,APROVADO,0.484,2026-07-29T22:47:15.444533
2026-07-26,BRAZIL 1,Bahia,Corinthians,12.5,0.9948652386665344,2.3127253789177544,2.2031544695402117,0.05,0.08,APOSTA,APROVADO,0.8861,2026-07-29T22:47:16.005284
2026-07-26,BRAZIL 1,Cruzeiro MG,Botafogo FR,16.0,0.9669687747955322,3.911630989925505,2.973620113812955,0.05,0.0625,APOSTA,APROVADO,0.4232,2026-07-29T22:47:16.268506
2026-07-26,BRAZIL 2,Criciuma,Nautico PE,12.5,0.9863013625144958,2.9400877471858378,2.8838552933165307,0.07,0.08,APOSTA,APROVADO,0.7795,2026-07-29T22:47:16.416057
2026-07-26,CHILE 1,Nublense,Palestino,12.5,0.9657142758369446,0.8934000971022908,3.8655024224012404,0.06,0.08,APOSTA,APROVADO,0.5231,2026-07-29T22:47:16.950734
2026-07-26,COLOMBIA 1,Internacional de Bogotá,America de Cali S.A,10.5,0.9948652386665344,,,0.06,0.09523809523809523,APOSTA,APROVADO,0.8963,2026-07-29T22:47:17.370736
2026-07-26,PARAGUAY 1,Olimpia,Libertad,14.0,0.9646897315979004,,,0.09,0.07142857142857142,APOSTA,APROVADO,0.4574,2026-07-29T22:47:17.500047
2026-07-26,BRAZIL 1,Gremio,Fluminense,12.0,0.985487699508667,1.8742074745851378,2.1304347547843783,0.05,0.08333333333333333,APOSTA,APROVADO,0.7766,2026-07-29T22:47:18.949151
2026-07-26,BRAZIL 1,Red Bull Bragantino,Coritiba,14.5,0.985487699508667,3.0954201872035276,2.9614055038605143,0.05,0.06896551724137931,APOSTA,APROVADO,0.7403,2026-07-29T22:47:19.195105
2026-07-26,BRAZIL 2,Londrina,Novorizontino,11.0,0.9716732501983643,3.2637695221920535,4.2882475788487255,0.07,0.09090909090909091,APOSTA,APROVADO,0.6398,2026-07-29T22:47:19.211216
2026-07-26,CHILE 1,Audax Italiano,Universidad de Chile,15.0,0.9716732501983643,1.6456668418921456,2.0840414675433054,0.06,0.06666666666666667,APOSTA,APROVADO,0.5265,2026-07-29T22:47:19.809041
2026-07-26,PARAGUAY 1,Guarani (Par),Sportivo Luqueno,11.0,0.9470410943031311,,,0.09,0.09090909090909091,APOSTA,APROVADO,0.3701,2026-07-29T22:47:20.002374
2026-07-26,BRAZIL 1,SE Palmeiras,Atletico MG,12.0,0.9756097793579102,2.8040938545730256,2.81962091579688,0.05,0.08333333333333333,APOSTA,APROVADO,0.6585,2026-07-29T22:47:20.702250
2026-07-26,PERU 1,Deportivo Garcilaso,FC Cajamarca,14.0,0.9646393060684204,2.7856325954852914,2.648264215790492,0.07,0.07142857142857142,APOSTA,APROVADO,0.4567,2026-07-29T22:47:21.589623
2026-07-27,ROMANIA 1,CFR Cluj,FC Voluntari,16.5,0.9596469402313232,0.7979029398878658,2.729905676607141,0.09,0.06060606060606061,APOSTA,APROVADO,0.2862,2026-07-29T22:47:51.205006
2026-07-27,BULGARIA 1,Dunav Ruse,Ludogorets,19.5,0.9620798826217651,0.02610460943063253,2.1088230939885486,0.08,0.05128205128205128,APOSTA,APROVADO,0.2125,2026-07-29T22:47:51.214296
2026-07-27,CZECH 1,SFC Opava,MFK Karvina,16.0,0.9470410943031311,1.9744368376221877,3.198268229130789,0.09,0.0625,APOSTA,APROVADO,0.1053,2026-07-29T22:47:51.744200
2026-07-27,DENMARK 1,Randers,Silkeborg,19.0,0.9620798826217651,2.511781634317635,3.0563369560610547,0.08,0.05263157894736842,APOSTA,APROVADO,0.2314,2026-07-29T22:47:51.912184
2026-07-27,NORWAY 1,Rosenborg,Fredrikstad,19.5,0.9716732501983643,2.3041657838553578,2.695767768900543,0.04,0.05128205128205128,APOSTA,APROVADO,0.399,2026-07-29T22:47:51.932677
2026-07-27,POLAND 1,Zaglebie Lubin,Piast Gliwice,11.0,0.985487699508667,1.619955839165538,2.0390535814327095,0.08,0.09090909090909091,APOSTA,APROVADO,0.7911,2026-07-29T22:47:52.129181
2026-07-27,SWEDEN 2,Orebro,Oddevold,19.0,0.988034188747406,0,2.61847268736482,0.04,0.05263157894736842,APOSTA,APROVADO,0.7232,2026-07-29T22:47:52.463467
2026-07-27,BULGARIA 1,CSKA Sofia,Botev Plovdiv,16.0,0.9596469402313232,0,2.335334932401288,0.08,0.0625,APOSTA,APROVADO,0.3064,2026-07-29T22:47:52.839246
2026-07-27,ROMANIA 1,Botosani,Rapid Bucharest,12.5,0.9551604986190796,2.286315412379726,2.4659625457969914,0.09,0.08,APOSTA,APROVADO,0.3917,2026-07-29T22:47:53.195387
2026-07-27,ECUADOR 1,Mushuc Runa,Libertad FC,14.5,0.9551604986190796,,,0.07,0.06896551724137931,APOSTA,APROVADO,0.3021,2026-07-29T22:47:53.480123
2026-07-27,ECUADOR 1,Guayaquil City,Univ Catolica (Ecu),12.0,0.9551604986190796,2.698039325937946,2.3701828833791154,0.07,0.08333333333333333,APOSTA,APROVADO,0.4142,2026-07-29T22:47:53.806868
2026-07-27,BRAZIL 2,CRB,Vila Nova,12.0,0.985487699508667,2.604846440902144,2.4850696372670047,0.07,0.08333333333333333,APOSTA,APROVADO,0.7766,2026-07-29T22:47:53.979663
2026-07-28,SWEDEN 2,Landskrona,Norrkoping,18.5,0.985487699508667,0,3.1390083880327264,0.04,0.05405405405405406,APOSTA,APROVADO,0.6822,2026-07-29T22:48:17.511611
2026-07-28,BRAZIL 2,Fortaleza EC,Botafogo SP,10.5,0.9716732501983643,2.3145915242162696,3.028197909378265,0.07,0.09523809523809523,APOSTA,APROVADO,0.654,2026-07-29T22:48:18.588365
2026-07-29,PARAGUAY 1,Sportivo Luqueno,Sportivo Trinidense,12.0,0.9349064230918884,2.2916203249853133,2.4928549759495455,0.09,0.08333333333333333,APOSTA,APROVADO,0.1721,2026-07-29T22:48:41.097661
2026-07-29,PARAGUAY 1,Nacional (Par),Olimpia,11.5,0.9716732501983643,,,0.09,0.08695652173913043,APOSTA,APROVADO,0.6257,2026-07-29T22:48:41.649292
2026-07-29,BRAZIL 1,Internacional,Flamengo,13.5,0.985487699508667,1.7870240567829174,3.0021108037073105,0.05,0.07407407407407407,APOSTA,APROVADO,0.7548,2026-07-29T22:48:41.970221
2026-07-29,BRAZIL 1,Mirassol,Remo,13.5,0.9646897315979004,2.2778968955179506,2.85477610556825,0.05,0.07407407407407407,APOSTA,APROVADO,0.4751,2026-07-29T22:48:41.978594
2026-07-29,BRAZIL 1,Fluminense,Bahia,15.5,0.9646897315979004,3.7109139400295104,3.4045090090026444,0.05,0.06451612903225806,APOSTA,APROVADO,0.4045,2026-07-29T22:48:43.252743
2026-07-01,WORLD WORLD CUP,England,DR Congo,13.0,0.9470410943031311,2.7012618418808283,4.180610074473615,0.08,0.07692307692307693,APOSTA,APROVADO,0.2642,2026-07-29T22:50:23.940723
2026-07-01,WORLD WORLD CUP,Belgium,Senegal,13.5,0.93829745054245,2.3184448752678475,6.149540530347493,0.08,0.07407407407407407,APOSTA,APROVADO,0.1201,2026-07-29T22:50:24.126121
2026-07-01,WORLD WORLD CUP,USA,Bosnia,19.0,0.985487699508667,,,0.08,0.05263157894736842,APOSTA,APROVADO,0.675,2026-07-29T22:50:25.101684
2026-07-02,WORLD WORLD CUP,Spain,Austria,20.0,0.9948652386665344,3.6963256482774973,3.330165579172829,0.07,0.05,APOSTA,APROVADO,0.8476,2026-07-29T22:50:49.936518
2026-07-02,BRAZIL 2,Fortaleza EC,Ponte Preta,20.0,0.9620798826217651,2.734195263765341,2.610604699222914,0.08,0.05,APOSTA,APROVADO,0.1935,2026-07-29T22:50:50.114796
2026-07-03,WORLD WORLD CUP,Switzerland,Algeria,11.5,0.985487699508667,2.58126670803206,4.767243015272484,0.07,0.08695652173913043,APOSTA,APROVADO,0.7838,2026-07-29T22:51:20.196870
2026-07-03,IRELAND 2,Cobh Ramblers,Cork City,16.5,0.9551604986190796,0,2.8645961128172255,0.08,0.06060606060606061,APOSTA,APROVADO,0.2124,2026-07-29T22:51:20.922848
2026-07-03,IRELAND 2,Finn Harps,Wexford F.C,18.5,0.9548254609107971,0,1.6273525535483047,0.08,0.05405405405405406,APOSTA,APROVADO,0.1165,2026-07-29T22:51:21.096214
2026-07-03,IRELAND 2,Treaty United,Kerry FC,18.5,0.9551604986190796,0,1.1654120609836605,0.08,0.05405405405405406,APOSTA,APROVADO,0.1227,2026-07-29T22:51:21.287080
2026-07-03,IRELAND 1,Drogheda,Bohemians,15.0,0.9431891441345215,2.7576425801726216,3.956623826050252,0.08,0.06666666666666667,APOSTA,APROVADO,0.1007,2026-07-29T22:51:21.309381
2026-07-03,IRELAND 1,Sligo Rovers,Shamrock Rovers,17.0,0.988034188747406,2.526273857677756,2.3709665372505286,0.08,0.058823529411764705,APOSTA,APROVADO,0.7472,2026-07-29T22:51:21.331983
2026-07-03,IRELAND 1,Shelbourne,Dundalk,18.0,0.9657142758369446,2.728553278757813,2.9528184181931194,0.08,0.05555555555555555,APOSTA,APROVADO,0.3346,2026-07-29T22:51:21.543189
2026-07-03,WORLD WORLD CUP,Colombia,Ghana,12.5,0.9716732501983643,1.333668665077104,3.2854708505988564,0.07,0.08,APOSTA,APROVADO,0.5973,2026-07-29T22:51:22.456335
2026-07-04,CHINA 1,Ningbo Professional,Shijiazhuang Gongfu FC,11.5,0.9756097793579102,1.418782829610221,1.6326039070290175,0.04,0.08695652173913043,APOSTA,APROVADO,0.6707,2026-07-29T22:51:56.796415
2026-07-04,CHINA 1,Shaanxi Union FC,Wuxi Wugou,13.0,0.9948652386665344,2.8075973243980052,3.044397976176958,0.04,0.07692307692307693,APOSTA,APROVADO,0.8835,2026-07-29T22:51:56.999823
2026-07-04,CHINA 1,Suzhou Dongwu,Guangdong GZ-Power FC,17.0,0.985487699508667,1.852178580656316,2.2378389952234032,0.04,0.058823529411764705,APOSTA,APROVADO,0.704,2026-07-29T22:51:57.595872
2026-07-04,CHINA 1,Liaoning Tieren FC,Chongqing Tonglianglong,15.5,0.985487699508667,2.561387476757271,2.7355156552364477,0.04,0.06451612903225806,APOSTA,APROVADO,0.7258,2026-07-29T22:51:57.785591
2026-07-04,CHINA 1,Dalian Yingbo,Wuhan Three Towns,20.0,0.9756097793579102,2.9530190840118666,3.5953435426624587,0.04,0.05,APOSTA,APROVADO,0.4634,2026-07-29T22:51:58.120375
2026-07-04,CHINA 1,Tianjin Jinmen Tiger FC,Shenzhen Peng City,18.0,0.987210214138031,1.49754694547141,1.7302994422256468,0.04,0.05555555555555555,APOSTA,APROVADO,0.7204,2026-07-29T22:51:58.476873
2026-07-04,FINLAND 1,Lahti,Gnistan,16.5,0.9756097793579102,3.9641968597063126,3.3562873642255084,0.05,0.06060606060606061,APOSTA,APROVADO,0.5488,2026-07-29T22:51:58.488874
2026-07-04,SWEDEN 1,Degerfors,Malmo FF,17.0,0.9756097793579102,1.8383712216457204,2.2181852857767965,0.04,0.058823529411764705,APOSTA,APROVADO,0.5366,2026-07-29T22:51:58.510420
2026-07-04,SWEDEN 1,Halmstads,Vasteras SK,16.5,0.9596469402313232,0.8735786313204374,1.6977732466798972,0.04,0.06060606060606061,APOSTA,APROVADO,0.2862,2026-07-29T22:51:58.695423
2026-07-04,WORLD WORLD CUP,Canada,Morocco,10.5,0.9756097793579102,,,0.07,0.09523809523809523,APOSTA,APROVADO,0.6951,2026-07-29T22:51:59.951218
2026-07-04,BRAZIL 2,Criciuma,Sport Recife,10.5,0.93829745054245,2.3237326408857553,2.218332734111693,0.08,0.09523809523809523,APOSTA,APROVADO,0.3052,2026-07-29T22:52:00.065208
2026-07-04,BRAZIL 2,Londrina,CRB,12.0,0.9716732501983643,2.4236511542149026,2.9497026745447865,0.08,0.08333333333333333,APOSTA,APROVADO,0.6115,2026-07-29T22:52:00.078857
2026-07-04,BRAZIL 2,Novorizontino,Atletico GO,12.5,0.9470410943031311,2.65860995625631,2.791211765066592,0.08,0.08,APOSTA,APROVADO,0.2907,2026-07-29T22:52:00.099236
2026-07-04,ECUADOR 1,Libertad FC,CD Leones del Norte,10.5,0.9620798826217651,,,0.09,0.09523809523809523,APOSTA,APROVADO,0.5537,2026-07-29T22:52:00.314347
2026-07-04,USA 1,Indy Eleven,Charleston Battery,19.5,1.0,3.0143179644960734,3.1018884900640358,0.02,0.05128205128205128,APOSTA,APROVADO,0.95,2026-07-29T22:52:00.751917
2026-07-04,BRAZIL 2,Goias,Ceara SC Fortaleza,11.0,0.93829745054245,1.8207527300743473,1.2024490669633772,0.08,0.09090909090909091,APOSTA,APROVADO,0.2744,2026-07-29T22:52:01.748859
2026-07-04,ECUADOR 1,Barcelona (Ecu),Deportivo Cuenca,13.5,0.9470410943031311,,,0.09,0.07407407407407407,APOSTA,APROVADO,0.2377,2026-07-29T22:52:02.545634
2026-07-04,USA 1,San Antonio FC,Monterey Bay FC,14.0,0.987210214138031,0.704604550742228,1.7005486833820083,0.02,0.07142857142857142,APOSTA,APROVADO,0.7716,2026-07-29T22:52:03.513261
2026-07-05,CHINA 1,Guangxi Hengchen,Dalian Kun City FC,17.0,0.987210214138031,2.0185011241606996,1.893524789450051,0.04,0.058823529411764705,APOSTA,APROVADO,0.7332,2026-07-29T22:52:28.751480
2026-07-05,CHINA 1,Nanjing City,Foshan Nanshi FC,12.5,0.985487699508667,2.145391817542687,2.7439656269137886,0.04,0.08,APOSTA,APROVADO,0.7693,2026-07-29T22:52:28.982581
2026-07-05,SWEDEN 1,IFK Goteborg,AIK,19.5,0.985487699508667,1.553888595866042,2.1380613088666784,0.04,0.05128205128205128,APOSTA,APROVADO,0.6677,2026-07-29T22:52:29.352055
2026-07-05,SWEDEN 1,Elfsborg,Hammarby,19.0,0.9716732501983643,2.3450776642801667,2.1233413662596248,0.04,0.05263157894736842,APOSTA,APROVADO,0.4132,2026-07-29T22:52:29.932152
2026-07-06,SWEDEN 1,Brommapojkarna,GAIS,17.0,0.988034188747406,2.5298830844858466,2.309000456490672,0.03,0.058823529411764705,APOSTA,APROVADO,0.7472,2026-07-29T22:52:53.542794
2026-07-06,BRAZIL 2,Botafogo SP,Avai,10.5,0.9551604986190796,2.3236059361556536,2.746241972069438,0.07,0.09523809523809523,APOSTA,APROVADO,0.4814,2026-07-29T22:52:53.811394
2026-07-06,BRAZIL 2,Vila Nova,Sao Bernardo,10.5,0.987210214138031,3.2425631061374194,3.831171656083316,0.07,0.09523809523809523,APOSTA,APROVADO,0.8163,2026-07-29T22:52:53.961585
2026-07-06,WORLD WORLD CUP,USA,Belgium,16.5,0.9620798826217651,,,0.07,0.06060606060606061,APOSTA,APROVADO,0.3262,2026-07-29T22:52:54.932449
2026-07-07,WORLD WORLD CUP,Argentina,Egypt,14.0,0.9620798826217651,2.847124813346621,4.278532462999463,0.07,0.07142857142857142,APOSTA,APROVADO,0.421,2026-07-29T22:53:14.849573
2026-07-07,ECUADOR 1,Aucas,Guayaquil City,18.5,0.9716732501983643,1.5001668101099577,2.5873472522551513,0.07,0.05405405405405406,APOSTA,APROVADO,0.4274,2026-07-29T22:53:15.331116
2026-07-08,BRAZIL 2,Ponte Preta,Criciuma,11.5,0.985487699508667,1.884718301378578,1.831877058660151,0.08,0.08695652173913043,APOSTA,APROVADO,0.7838,2026-07-29T22:53:38.580137
2026-07-08,USA 1,Hartford Athletic FC,Orange County Blues,17.0,1.0,2.4709984908875815,3.4346589374879795,0.02,0.058823529411764705,APOSTA,APROVADO,0.95,2026-07-29T22:53:39.027522
2026-07-08,USA 1,Sacramento Republic,Rhode Island FC,12.5,0.9948652386665344,2.9826008073788026,3.0844760027438447,0.02,0.08,APOSTA,APROVADO,0.8861,2026-07-29T22:53:40.072125
2026-07-10,IRELAND 2,Athlone Town,Cobh Ramblers,18.0,0.987210214138031,0,2.140689297233893,0.08,0.05555555555555555,APOSTA,APROVADO,0.7204,2026-07-29T22:54:23.667411
2026-07-10,IRELAND 2,Wexford F.C,Kerry FC,12.5,0.9756097793579102,0,1.6241472223400493,0.08,0.08,APOSTA,APROVADO,0.6463,2026-07-29T22:54:24.179332
2026-07-10,ECUADOR 1,CD Leones del Norte,Univ Catolica (Ecu),13.0,0.9716732501983643,3.1516855623732223,3.009855372807817,0.06,0.07692307692307693,APOSTA,APROVADO,0.5832,2026-07-29T22:54:24.829873
2026-07-10,URUGUAY 1,Deportivo Maldonado,Albion FC,13.0,0.985487699508667,,,0.06,0.07692307692307693,APOSTA,APROVADO,0.7621,2026-07-29T22:54:25.266656
2026-07-11,CHINA 1,Yanbian Longding,Suzhou Dongwu,13.5,0.988034188747406,2.0027783793039875,1.947596511531871,0.04,0.07407407407407407,APOSTA,APROVADO,0.7891,2026-07-29T22:54:57.171804
2026-07-11,CHINA 1,Dalian Kun City FC,Nanjing City,12.5,0.9948652386665344,1.6978492468198996,1.773675616175394,0.04,0.08,APOSTA,APROVADO,0.8861,2026-07-29T22:54:57.427164
2026-07-11,CHINA 1,Wuhan Three Towns,Henan Songshan Longmen,18.0,0.9716732501983643,2.267093279685093,2.7846309205073476,0.04,0.05555555555555555,APOSTA,APROVADO,0.4415,2026-07-29T22:54:57.711210
2026-07-11,CHINA 1,Guangdong GZ-Power FC,Shijiazhuang Gongfu FC,18.5,0.9756097793579102,1.8645592160798072,1.9594821547413377,0.04,0.05405405405405406,APOSTA,APROVADO,0.5,2026-07-29T22:54:58.345766
2026-07-11,ESTONIA 1,Parnu JK Vaprus,Tammeka Tartu,19.0,0.9948652386665344,0,2.363291165190339,0.03,0.05263157894736842,APOSTA,APROVADO,0.8527,2026-07-29T22:54:58.538434
2026-07-11,NORWAY 1,Fredrikstad,Lillestrom,18.5,0.988034188747406,2.133194872203923,2.6675233962897966,0.03,0.05405405405405406,APOSTA,APROVADO,0.7292,2026-07-29T22:54:59.241520
2026-07-11,SWEDEN 1,Mjallby,AIK,18.0,0.9948652386665344,2.5481643665437446,3.2944868249139905,0.02,0.05555555555555555,APOSTA,APROVADO,0.8578,2026-07-29T22:54:59.254435
2026-07-11,FINLAND 1,TPS,AC Oulu,16.5,0.9620798826217651,1.5820265777798488,1.8336408598502913,0.05,0.06060606060606061,APOSTA,APROVADO,0.3262,2026-07-29T22:55:00.143744
2026-07-11,IRELAND 1,Galway Utd,Sligo Rovers,19.5,0.9620798826217651,1.6318018080306527,2.1555613288702378,0.08,0.05128205128205128,APOSTA,APROVADO,0.2125,2026-07-29T22:55:00.524271
2026-07-11,NORWAY 1,Tromso,Valerenga,17.5,0.9716732501983643,2.4642737675183524,2.228394417949883,0.03,0.05714285714285714,APOSTA,APROVADO,0.4557,2026-07-29T22:55:00.534038
2026-07-11,URUGUAY 1,Danubio,Nacional (Uru),12.0,0.987210214138031,1.8979324565465663,2.846014254402972,0.06,0.08333333333333333,APOSTA,APROVADO,0.7972,2026-07-29T22:55:00.961887
2026-07-11,BRAZIL 4,Portuguesa SP,Marcilio,12.0,0.9620798826217651,0.35536348234054665,2.086852269804259,0.08,0.08333333333333333,APOSTA,APROVADO,0.4969,2026-07-29T22:55:01.838434
2026-07-11,ECUADOR 1,Mushuc Runa,Independiente (Ecu),15.0,0.9620798826217651,2.6473945173882942,3.4342597678462825,0.06,0.06666666666666667,APOSTA,APROVADO,0.3831,2026-07-29T22:55:02.039495
2026-07-11,BRAZIL 4,XV De Piracicaba,Cianorte PR,11.0,0.9620798826217651,0,2.0156563354543833,0.08,0.09090909090909091,APOSTA,APROVADO,0.5348,2026-07-29T22:55:02.425000
2026-07-11,URUGUAY 1,Wanderers (Uru),Progreso,11.0,0.9756097793579102,0,1.6991432822515316,0.06,0.09090909090909091,APOSTA,APROVADO,0.6829,2026-07-29T22:55:02.636546
2026-07-12,SWEDEN 1,Vasteras SK,Degerfors,15.0,0.9716732501983643,2.193727837634437,3.454678032192455,0.02,0.06666666666666667,APOSTA,APROVADO,0.5265,2026-07-29T22:55:44.553376
2026-07-12,SWEDEN 1,GAIS,Elfsborg,15.5,1.0,2.229290603431486,2.5117557563891864,0.02,0.06451612903225806,APOSTA,APROVADO,0.95,2026-07-29T22:55:45.744996
2026-07-12,NORWAY 1,Sandefjord,Ham-Kam,19.0,0.9948652386665344,2.700326337424535,2.140689297233893,0.03,0.05263157894736842,APOSTA,APROVADO,0.8527,2026-07-29T22:55:45.799474
2026-07-12,URUGUAY 1,Boston River,Central Espanol,11.5,0.9596469402313232,0,3.217874412147265,0.07,0.08695652173913043,APOSTA,APROVADO,0.488,2026-07-29T22:55:47.347715
2026-07-12,BOLIVIA 1,Real Potosi,Nacional Potosi,18.5,0.9620798826217651,1.91135604987215,3.5254286979254266,0.05,0.05405405405405406,APOSTA,APROVADO,0.2504,2026-07-29T22:55:47.575146
2026-07-12,BRAZIL 2,Avai,Nautico PE,12.0,0.987210214138031,2.2991738028980357,2.6378679186565277,0.08,0.08333333333333333,APOSTA,APROVADO,0.7972,2026-07-29T22:55:47.784880
2026-07-12,BRAZIL 4,ABC RN,Aguia de Maraba,17.0,0.9646393060684204,0.0016315380894145332,2.7217960118760214,0.08,0.058823529411764705,APOSTA,APROVADO,0.3506,2026-07-29T22:55:48.576791
2026-07-12,BRAZIL 4,AD Iguatu,Maguary,11.5,0.9596469402313232,0,2.358957474999663,0.08,0.08695652173913043,APOSTA,APROVADO,0.488,2026-07-29T22:55:48.743665
2026-07-12,BRAZIL 4,Asa AL,Ivinhema FC,14.0,0.987210214138031,0,1.774983486559481,0.08,0.07142857142857142,APOSTA,APROVADO,0.7716,2026-07-29T22:55:50.163731
2026-07-12,BRAZIL 4,Ferroviario,Imperatriz MA,12.5,0.9716732501983643,0,2.470537912576881,0.08,0.08,APOSTA,APROVADO,0.5973,2026-07-29T22:55:50.514317
2026-07-12,BRAZIL 2,Atletico GO,Fortaleza EC,11.0,0.985487699508667,2.622209566888338,1.6965266301496609,0.08,0.09090909090909091,APOSTA,APROVADO,0.7911,2026-07-29T22:55:50.905190
2026-07-12,BRAZIL 4,Guapore RO,Luverdense,10.5,0.96484375,0,2.5416546650889185,0.08,0.09523809523809523,APOSTA,APROVADO,0.5826,2026-07-29T22:55:51.118886
2026-07-12,BRAZIL 2,CRB,Goias,12.5,0.9716732501983643,2.9252932712606534,2.979729183988724,0.08,0.08,APOSTA,APROVADO,0.5973,2026-07-29T22:55:51.378212
2026-07-13,CHINA 1,Ningbo Professional,Foshan Nanshi FC,16.0,0.985487699508667,2.5680008353791246,3.2939670621185675,0.04,0.0625,APOSTA,APROVADO,0.7185,2026-07-29T22:56:16.419483
2026-07-13,BRAZIL 2,America MG,Londrina,11.0,0.9548254609107971,2.0220195429430636,1.533125740595802,0.07,0.09090909090909091,APOSTA,APROVADO,0.4553,2026-07-29T22:56:16.597362
2026-07-14,ECUADOR 1,Macara,Mushuc Runa,11.0,0.9596469402313232,1.498692153286661,1.9538076197661076,0.07,0.09090909090909091,APOSTA,APROVADO,0.5081,2026-07-29T22:56:42.608022
2026-07-15,ECUADOR 1,Barcelona (Ecu),Guayaquil City,13.0,0.9756097793579102,1.0503904939337794,2.047688014987994,0.08,0.07692307692307693,APOSTA,APROVADO,0.6341,2026-07-29T22:57:14.582904
2026-07-16,ECUADOR 1,Aucas,Independiente (Ecu),12.0,0.9716732501983643,2.5402460680060006,3.4183226420256823,0.07,0.08333333333333333,APOSTA,APROVADO,0.6115,2026-07-29T22:57:41.854885
2026-07-16,BRAZIL 1,Botafogo FR,Santos,14.0,0.987210214138031,1.8306925756420045,2.6170491931209003,0.05,0.07142857142857142,APOSTA,APROVADO,0.7716,2026-07-29T22:57:42.021231
2026-07-16,BRAZIL 2,CRB,Nautico PE,14.5,0.9646897315979004,4.039690343702445,4.024264441785339,0.08,0.06896551724137931,APOSTA,APROVADO,0.4398,2026-07-29T22:57:42.438330
2026-07-16,MEXICO 1,Necaxa,Atlante,19.0,0.9716732501983643,1.427030503348555,2.9916192253629768,0.08,0.05263157894736842,APOSTA,APROVADO,0.4132,2026-07-29T22:57:43.115706
2026-07-17,MEXICO 1,Tijuana,Tigres,14.0,0.985487699508667,0.5332216564513542,1.561471098308964,0.08,0.07142857142857142,APOSTA,APROVADO,0.7476,2026-07-29T22:58:20.038684
2026-07-17,CHINA 1,Changchun Yatai,Wuxi Wugou,17.0,0.987210214138031,2.901040831011919,3.014572494272157,0.04,0.058823529411764705,APOSTA,APROVADO,0.7332,2026-07-29T22:58:20.051091
2026-07-17,CHINA 1,Suzhou Dongwu,Shenzhen Juniors FC,18.0,0.9980806112289429,2.0816666811875835,2.988326604000961,0.04,0.05555555555555555,APOSTA,APROVADO,0.9155,2026-07-29T22:58:20.242287
2026-07-17,CHINA 1,Foshan Nanshi FC,Nantong Zhiyun F.C,13.0,0.985487699508667,1.5117037189983984,1.335852117061192,0.04,0.07692307692307693,APOSTA,APROVADO,0.7621,2026-07-29T22:58:20.820498
2026-07-17,ROMANIA 1,FC Voluntari,Botosani,11.5,0.9233813285827637,1.1041973002850638,2.678937022586179,0.09,0.08695652173913043,APOSTA,APROVADO,0.0727,2026-07-29T22:58:21.674141
2026-07-17,BULGARIA 1,Spartak Varna,CSKA 1948 Sofia,15.0,0.9646897315979004,0,3.0364008004432,0.08,0.06666666666666667,APOSTA,APROVADO,0.4221,2026-07-29T22:58:21.683604
2026-07-17,PERU 1,FC Cajamarca,Juan Pablo II College,17.0,0.9551604986190796,2.143787323651971,3.4076836153464516,0.07,0.058823529411764705,APOSTA,APROVADO,0.19,2026-07-29T22:58:22.402292
2026-07-17,BRAZIL 2,Sao Bernardo,Avai,11.0,0.9716732501983643,1.4296363550629942,1.5871102163603323,0.08,0.09090909090909091,APOSTA,APROVADO,0.6398,2026-07-29T22:58:23.662140
2026-07-17,URUGUAY 1,Nacional (Uru),Wanderers (Uru),17.0,0.9756097793579102,1.1574609928856285,1.6635181809746058,0.08,0.058823529411764705,APOSTA,APROVADO,0.5366,2026-07-29T22:58:24.036712
2026-07-17,BRAZIL 1,Fluminense,Red Bull Bragantino,13.5,0.9646897315979004,2.886791710146721,2.758044723289931,0.05,0.07407407407407407,APOSTA,APROVADO,0.4751,2026-07-29T22:58:24.224286
2026-07-17,BRAZIL 1,Mirassol,Gremio,11.5,0.9620798826217651,1.9969404265711235,2.311623804163492,0.05,0.08695652173913043,APOSTA,APROVADO,0.5158,2026-07-29T22:58:24.234311
2026-07-17,BRAZIL 2,Fortaleza EC,Novorizontino,10.5,0.9551604986190796,3.30745509845886,3.8005145876556634,0.08,0.09523809523809523,APOSTA,APROVADO,0.4814,2026-07-29T22:58:24.422430
2026-07-17,ECUADOR 1,Delfin,Macara,13.0,0.9756097793579102,1.2829642543490003,1.3635328417795536,0.07,0.07692307692307693,APOSTA,APROVADO,0.6341,2026-07-29T22:58:24.438812
2026-07-17,MEXICO 1,Atletico San Luis,Cruz Azul,18.0,0.985487699508667,3.0227074116555563,2.9869746615427686,0.08,0.05555555555555555,APOSTA,APROVADO,0.6895,2026-07-29T22:58:24.704074
2026-07-18,SWEDEN 2,Oddevold,Varbergs BoIS,18.0,0.9620798826217651,0,4.19727362353461,0.04,0.05555555555555555,APOSTA,APROVADO,0.2693,2026-07-29T22:59:03.139733
2026-07-18,CHINA 1,Guangxi Hengchen,Shaanxi Union FC,14.0,0.9948652386665344,2.7033752732959258,3.858998407530791,0.03,0.07142857142857142,APOSTA,APROVADO,0.8784,2026-07-29T22:59:03.325448
2026-07-18,CHINA 1,Meizhou Hakka,Dalian Kun City FC,18.5,0.9980806112289429,2.3501785564031192,2.2258252922781434,0.03,0.05405405405405406,APOSTA,APROVADO,0.9146,2026-07-29T22:59:03.508203
2026-07-18,CHINA 1,Nanjing City,Guangdong GZ-Power FC,15.0,0.988034188747406,2.2650206517546856,3.260466932225599,0.03,0.06666666666666667,APOSTA,APROVADO,0.7711,2026-07-29T22:59:03.701197
2026-07-18,CHINA 1,Wuhan Three Towns,Shenzhen Peng City,19.0,0.985487699508667,2.3326903163661785,2.432254290066928,0.03,0.05263157894736842,APOSTA,APROVADO,0.675,2026-07-29T22:59:04.312180
2026-07-18,NORWAY 1,Ham-Kam,Tromso,15.5,0.987210214138031,2.3684968809395657,3.148581314669296,0.03,0.06451612903225806,APOSTA,APROVADO,0.7524,2026-07-29T22:59:04.490660
2026-07-18,SWEDEN 1,AIK,GAIS,17.0,1.0,3.513785060041065,2.3470083284003262,0.02,0.058823529411764705,APOSTA,APROVADO,0.95,2026-07-29T22:59:04.503608
2026-07-18,SWEDEN 2,Ostersunds FK,Landskrona,16.0,0.9620798826217651,0,4.011861613915968,0.04,0.0625,APOSTA,APROVADO,0.3452,2026-07-29T22:59:04.699946
2026-07-18,FINLAND 1,AC Oulu,Gnistan,18.0,0.985487699508667,3.146703119175377,2.911777694624106,0.05,0.05555555555555555,APOSTA,APROVADO,0.6895,2026-07-29T22:59:04.910489
2026-07-18,NORWAY 1,Start,Rosenborg,18.5,0.9756097793579102,1.1854888620708817,1.349477532167301,0.03,0.05405405405405406,APOSTA,APROVADO,0.5,2026-07-29T22:59:05.115933
2026-07-18,URUGUAY 1,Progreso,Deportivo Maldonado,12.0,0.9470410943031311,,,0.08,0.08333333333333333,APOSTA,APROVADO,0.3171,2026-07-29T22:59:05.741745
2026-07-18,BULGARIA 1,Septemvri,Arda,10.5,0.985487699508667,0,1.8682086620630338,0.08,0.09523809523809523,APOSTA,APROVADO,0.7983,2026-07-29T22:59:05.891628
2026-07-18,PERU 1,Cesar Vallejo Moquegua,Comerciantes Unidos,10.5,0.985487699508667,0.790439102634934,2.343991215109001,0.07,0.09523809523809523,APOSTA,APROVADO,0.7983,2026-07-29T22:59:06.176939
2026-07-18,BULGARIA 1,Ludogorets,Lokomotiv Plovdiv,19.5,0.9716732501983643,0,1.8514471127889878,0.08,0.05128205128205128,APOSTA,APROVADO,0.399,2026-07-29T22:59:07.285544
2026-07-18,BRAZIL 2,Ponte Preta,Goias,11.0,0.9646897315979004,1.9549578332295474,1.5723210767129614,0.07,0.09090909090909091,APOSTA,APROVADO,0.5634,2026-07-29T22:59:08.194892
2026-07-18,BRAZIL 2,Sport Recife,Operario PR,11.0,0.985487699508667,2.1066900886205686,2.9148593642613543,0.07,0.09090909090909091,APOSTA,APROVADO,0.7911,2026-07-29T22:59:08.204478
2026-07-18,ECUADOR 1,Deportivo Cuenca,Univ Catolica (Ecu),12.0,0.9756097793579102,,,0.07,0.08333333333333333,APOSTA,APROVADO,0.6585,2026-07-29T22:59:09.257227
2026-07-18,URUGUAY 1,Penarol,Boston River,15.0,0.9431891441345215,0,2.171603780618794,0.08,0.06666666666666667,APOSTA,APROVADO,0.1007,2026-07-29T22:59:09.266515
2026-07-18,PERU 1,Atletico Grau,UTC Cajamarca,11.5,0.9646897315979004,2.71288370968416,2.7478355911168446,0.07,0.08695652173913043,APOSTA,APROVADO,0.5457,2026-07-29T22:59:09.568512
2026-07-18,PERU 1,Cusco FC,Alianza Atletico,16.5,0.9716732501983643,2.7611255598419047,2.7078349305180867,0.07,0.06060606060606061,APOSTA,APROVADO,0.484,2026-07-29T22:59:10.755265
2026-07-18,ECUADOR 1,Barcelona (ECU),Libertad FC,17.0,0.9646897315979004,,,0.07,0.058823529411764705,APOSTA,APROVADO,0.3515,2026-07-29T22:59:10.951432
2026-07-18,MEXICO 1,Guadalajara,Toluca,19.5,0.9620798826217651,1.6624634845782889,3.2636368978750125,0.08,0.05128205128205128,APOSTA,APROVADO,0.2125,2026-07-29T22:59:11.396370
2026-07-19,MEXICO 1,Queretaro,CF America,17.5,0.9646897315979004,3.317746315292911,3.519712040543257,0.08,0.05714285714285714,APOSTA,APROVADO,0.3338,2026-07-29T22:59:42.893238
2026-07-19,SWEDEN 2,Varnamo,Ljungskile,19.0,0.985487699508667,0.030999223698876133,2.724813125167347,0.04,0.05263157894736842,APOSTA,APROVADO,0.675,2026-07-29T22:59:43.302052
2026-07-19,PERU 1,CD Los Chankas,Sport Boys (Per),12.5,0.9646897315979004,2.1606960752322495,2.52675120706693,0.07,0.08,APOSTA,APROVADO,0.5104,2026-07-29T22:59:45.547345
2026-07-19,ROMANIA 1,ACS Petrolul 52,Dinamo Bucharest,10.5,0.9716732501983643,2.532373512890852,2.307195885718498,0.09,0.09523809523809523,APOSTA,APROVADO,0.654,2026-07-29T22:59:46.355682
2026-07-19,ECUADOR 1,Independiente (Ecu),Emelec,19.5,0.9716732501983643,1.5795464646336925,1.5671456332841933,0.07,0.05128205128205128,APOSTA,APROVADO,0.399,2026-07-29T22:59:47.660735
2026-07-20,BULGARIA 1,Slavia Sofia,CSKA Sofia,15.5,0.9646393060684204,0,1.8749415956515696,0.08,0.06451612903225806,APOSTA,APROVADO,0.4037,2026-07-29T23:00:14.290563
2026-07-20,SWEDEN 2,Norrby IF,Sundsvall,15.5,0.985487699508667,0,1.841627105540012,0.04,0.06451612903225806,APOSTA,APROVADO,0.7258,2026-07-29T23:00:14.695275
2026-07-20,BULGARIA 1,Botev Plovdiv,Lokomotiv Sofia,15.5,0.9646897315979004,0,3.1874182507267914,0.08,0.06451612903225806,APOSTA,APROVADO,0.4045,2026-07-29T23:00:14.955864
2026-07-21,ECUADOR 1,Libertad FC,Delfin,10.5,0.987210214138031,,,0.07,0.09523809523809523,APOSTA,APROVADO,0.8163,2026-07-29T23:00:41.432118
2026-07-21,BRAZIL 1,Atletico MG,Bahia,15.0,0.9756097793579102,2.932049877323018,2.2689951551975183,0.05,0.06666666666666667,APOSTA,APROVADO,0.5854,2026-07-29T23:00:41.458809
2026-07-21,BRAZIL 2,Avai,America MG,10.5,0.9646897315979004,1.6703451062332204,1.70204238052465,0.06,0.09523809523809523,APOSTA,APROVADO,0.581,2026-07-29T23:00:41.506623
2026-07-21,ECUADOR 1,Univ Catolica (Ecu),Barcelona (Ecu),12.5,0.988034188747406,,,0.07,0.08,APOSTA,APROVADO,0.801,2026-07-29T23:00:42.167587
2026-07-22,BRAZIL 2,Ceara SC Fortaleza,CRB,11.0,0.9646393060684204,3.2588174147851436,3.4622988926243075,0.07,0.09090909090909091,APOSTA,APROVADO,0.5628,2026-07-29T23:01:25.334135
2026-07-22,BRAZIL 2,Goias,Sport Recife,10.5,0.9470410943031311,2.13036419340226,1.540765747097149,0.07,0.09523809523809523,APOSTA,APROVADO,0.3966,2026-07-29T23:01:25.719985
2026-07-22,USA 1,Columbus,New York City,15.0,0.985487699508667,2.2049039214920203,2.290405908986168,0.03,0.06666666666666667,APOSTA,APROVADO,0.733,2026-07-29T23:01:26.001839
2026-07-22,USA 1,Charlotte FC,Atlanta Utd,17.5,0.985487699508667,2.376915118781569,2.600189013489847,0.03,0.05714285714285714,APOSTA,APROVADO,0.6968,2026-07-29T23:01:27.143697
2026-07-22,BRAZIL 1,Chapecoense,Flamengo,18.0,0.988034188747406,0.6693107727572244,2.3622273625538415,0.05,0.05555555555555555,APOSTA,APROVADO,0.7352,2026-07-29T23:01:27.658237
2026-07-22,BRAZIL 1,Internacional,Cruzeiro MG,13.0,0.9756097793579102,2.741069887999378,3.11414386959851,0.05,0.07692307692307693,APOSTA,APROVADO,0.6341,2026-07-29T23:01:27.887223
2026-07-22,BRAZIL 2,Nautico PE,Londrina,12.5,0.985487699508667,2.4066538806618714,1.8997185814024176,0.07,0.08,APOSTA,APROVADO,0.7693,2026-07-29T23:01:28.134933
2026-07-22,USA 1,Houston Dynamo,DC Utd,18.0,0.9948652386665344,2.6546016648538173,2.6927395579355786,0.03,0.05555555555555555,APOSTA,APROVADO,0.8578,2026-07-29T23:01:28.302257
2026-07-22,USA 1,Austin FC,Seattle Sounders,17.0,0.9716732501983643,3.2129669941115115,2.280861409807882,0.03,0.058823529411764705,APOSTA,APROVADO,0.4699,2026-07-29T23:01:29.037234
2026-07-23,BRAZIL 1,Corinthians,Remo,13.5,0.9716732501983643,2.4924989449856705,2.7843600531310524,0.05,0.07407407407407407,APOSTA,APROVADO,0.569,2026-07-29T23:01:58.727620
2026-07-23,ECUADOR 1,Emelec,Mushuc Runa,14.5,0.9756097793579102,1.8667654729844845,2.4349651704231166,0.07,0.06896551724137931,APOSTA,APROVADO,0.5976,2026-07-29T23:01:58.748361
2026-07-24,BULGARIA 1,Arda,Slavia Sofia,11.5,0.985487699508667,0,1.7704656442727436,0.08,0.08695652173913043,APOSTA,APROVADO,0.7838,2026-07-29T23:02:43.833462
2026-07-24,IRELAND 2,Treaty United,Athlone Town,13.0,0.96484375,0,1.5943918228020157,0.08,0.07692307692307693,APOSTA,APROVADO,0.4947,2026-07-29T23:02:45.040177
2026-07-24,IRELAND 1,St Patricks,Dundalk,19.5,0.9657142758369446,2.8035795887010853,3.477325068166498,0.08,0.05128205128205128,APOSTA,APROVADO,0.2831,2026-07-29T23:02:45.158408
2026-07-24,POLAND 2,Odra Opole,Arka Gdynia,15.5,0.9948652386665344,1.2492561222466212,2.490661280253261,0.03,0.06451612903225806,APOSTA,APROVADO,0.8707,2026-07-29T23:02:45.375836
2026-07-24,PERU 1,Alianza Atletico,CD Los Chankas,15.0,0.9756097793579102,2.1226289337633153,3.0398078019874326,0.07,0.06666666666666667,APOSTA,APROVADO,0.5854,2026-07-29T23:02:45.972883
2026-07-24,URUGUAY 1,Nacional (Uru),Progreso,17.0,0.985487699508667,,,0.08,0.058823529411764705,APOSTA,APROVADO,0.704,2026-07-29T23:02:46.327470
2026-07-24,COLOMBIA 1,Llaneros FC,Deportivo Pereira,11.0,0.985487699508667,1.3389488783348125,2.1293221341699913,0.06,0.09090909090909091,APOSTA,APROVADO,0.7911,2026-07-29T23:02:47.118278
2026-07-24,COLOMBIA 1,Deportivo Cali,Jaguares de Cordoba,12.0,0.9431891441345215,,,0.06,0.08333333333333333,APOSTA,APROVADO,0.2711,2026-07-29T23:02:48.282241
2026-07-24,PERU 1,Universitario de Deportes,Cusco FC,18.0,0.9551604986190796,2.532467939791034,3.421487203651905,0.07,0.05555555555555555,APOSTA,APROVADO,0.1451,2026-07-29T23:02:48.772387
2026-07-25,MEXICO 1,Atlante,CF America,18.0,0.9620798826217651,1.3511144592040079,3.5146194891034623,0.08,0.05555555555555555,APOSTA,APROVADO,0.2693,2026-07-29T23:03:44.689491
2026-07-25,CHINA 1,Qingdao Hainiu,Tianjin Jinmen Tiger FC,13.0,1.0,3.0490552216232034,3.672163319415609,0.02,0.07692307692307693,APOSTA,APROVADO,0.95,2026-07-29T23:03:45.139386
2026-07-25,CHINA 1,Changchun Yatai,Nanjing City,14.5,0.988034188747406,1.5379420835494235,1.9377230456106114,0.02,0.06896551724137931,APOSTA,APROVADO,0.7771,2026-07-29T23:03:45.150683
2026-07-25,CHINA 1,Ningbo Professional,Guangdong GZ-Power FC,13.0,0.987210214138031,2.6420806744146024,3.451690590809524,0.02,0.07692307692307693,APOSTA,APROVADO,0.7844,2026-07-29T23:03:45.412268
2026-07-25,CHINA 1,Shaanxi Union FC,Shenzhen Juniors FC,17.5,0.988034188747406,2.9530851365650044,4.1814726058456575,0.02,0.05714285714285714,APOSTA,APROVADO,0.7412,2026-07-29T23:03:45.834981
2026-07-25,CHINA 1,Foshan Nanshi FC,Wuxi Wugou,15.0,0.9756097793579102,1.9843591351846293,1.9847628727330424,0.02,0.06666666666666667,APOSTA,APROVADO,0.5854,2026-07-29T23:03:46.035856
2026-07-25,CHINA 1,Wuhan Three Towns,Chongqing Tonglianglong,15.0,0.988034188747406,2.1965750987590447,2.6075581526148994,0.02,0.06666666666666667,APOSTA,APROVADO,0.7711,2026-07-29T23:03:47.049859
2026-07-25,DENMARK 2,Hvidovre,Vendsyssel FF,19.5,0.9620798826217651,,,0.06,0.05128205128205128,APOSTA,APROVADO,0.2125,2026-07-29T23:03:47.403865
2026-07-25,POLAND 2,Pogon Siedlce,LKS Lodz,15.5,0.9980806112289429,0,2.374841142147979,0.03,0.06451612903225806,APOSTA,APROVADO,0.9203,2026-07-29T23:03:48.324355
2026-07-25,FINLAND 1,KuPS,VPS,16.0,0.9646897315979004,2.7909636392718493,2.5632756690811376,0.06,0.0625,APOSTA,APROVADO,0.3868,2026-07-29T23:03:48.695152
2026-07-25,NORWAY 1,Kristiansund,Start,15.5,0.9646393060684204,2.292700897786865,2.5184940940009137,0.04,0.06451612903225806,APOSTA,APROVADO,0.4037,2026-07-29T23:03:48.705397
2026-07-25,CZECH 1,Teplice,Bohemians 1905,12.5,0.985487699508667,2.771894784907004,3.4590413942915252,0.09,0.08,APOSTA,APROVADO,0.7693,2026-07-29T23:03:49.402796
2026-07-25,CZECH 1,Zlin,Banik Ostrava,12.5,0.9401767253875732,2.495541407878234,3.4268260723753077,0.09,0.08,APOSTA,APROVADO,0.2052,2026-07-29T23:03:49.622827
2026-07-25,POLAND 1,Gornik Zabrze,Slask Wroclaw,16.0,0.9756097793579102,1.0348549873290802,4.273364210947036,0.08,0.0625,APOSTA,APROVADO,0.561,2026-07-29T23:03:50.034215
2026-07-25,SWEDEN 1,Kalmar FF,Mjallby,17.0,0.9948652386665344,2.8134654561445815,3.6175971026452522,0.03,0.058823529411764705,APOSTA,APROVADO,0.863,2026-07-29T23:03:50.191031
2026-07-25,BULGARIA 1,CSKA 1948 Sofia,Botev Vratsa,14.5,0.985487699508667,0,2.047951540729637,0.08,0.06896551724137931,APOSTA,APROVADO,0.7403,2026-07-29T23:03:50.201508
2026-07-25,SLOVAKIA 1,Spartak Trnava,MFK Skalica,15.5,0.9646897315979004,1.2676478797593727,2.2797622416125423,0.07,0.06451612903225806,APOSTA,APROVADO,0.4045,2026-07-29T23:03:50.847342
2026-07-25,SLOVAKIA 1,Trencin,KFC Komarno,17.5,0.9646897315979004,1.8281042661395257,2.5153194876571052,0.07,0.05714285714285714,APOSTA,APROVADO,0.3338,2026-07-29T23:03:51.136664
2026-07-25,ROMANIA 1,Dinamo Bucharest,Universitatea Craiova,12.0,0.985487699508667,1.8008326523954925,1.9363122404569428,0.09,0.08333333333333333,APOSTA,APROVADO,0.7766,2026-07-29T23:03:52.397008
2026-07-25,PERU 1,Sport Huancayo,Atletico Grau,13.5,0.9716732501983643,2.1115787487296775,2.2056236733071857,0.07,0.07407407407407407,APOSTA,APROVADO,0.569,2026-07-29T23:03:52.846966
2026-07-25,URUGUAY 1,Central Espanol,Cerro Largo FC,11.5,0.9596469402313232,0,2.826596289303427,0.08,0.08695652173913043,APOSTA,APROVADO,0.488,2026-07-29T23:03:53.587353
2026-07-25,IRELAND 1,Sligo Rovers,Drogheda,15.0,0.9470410943031311,2.2181279100267624,2.2093054195933117,0.08,0.06666666666666667,APOSTA,APROVADO,0.1583,2026-07-29T23:03:54.961948
2026-07-25,PARAGUAY 1,Deportivo Recoleta,Sportivo San Lorenzo,13.0,0.985487699508667,,,0.09,0.07692307692307693,APOSTA,APROVADO,0.7621,2026-07-29T23:03:56.083776
2026-07-25,PERU 1,Juan Pablo II College,Cienciano,18.0,0.9756097793579102,2.4679708168371066,2.886561532978324,0.07,0.05555555555555555,APOSTA,APROVADO,0.5122,2026-07-29T23:03:56.838799
2026-07-25,COLOMBIA 1,Ind Medellin,Deportivo Pasto,12.0,0.9646897315979004,1.0641835304354148,2.1121805142260954,0.06,0.08333333333333333,APOSTA,APROVADO,0.528,2026-07-29T23:03:57.990127
2026-07-25,BRAZIL 1,Athletico-PR,Internacional,11.0,0.9980806112289429,2.9757116681303897,2.664417986986306,0.05,0.09090909090909091,APOSTA,APROVADO,0.929,2026-07-29T23:03:58.001528
2026-07-25,CHILE 1,Huachipato,Cobresal,19.0,0.9620798826217651,0.4630855868268703,1.5403766221730382,0.06,0.05263157894736842,APOSTA,APROVADO,0.2314,2026-07-29T23:03:58.232638
2026-07-25,COLOMBIA 1,Millonarios,Atletico Bucaramanga,10.5,0.9922480583190918,1.9187703451459517,2.5871102163603323,0.06,0.09523809523809523,APOSTA,APROVADO,0.869,2026-07-29T23:04:01.590969
2026-07-25,BRAZIL 1,Vasco Da Gama,Mirassol,12.0,0.985487699508667,,,0.05,0.08333333333333333,APOSTA,APROVADO,0.7766,2026-07-29T23:04:01.758790
2026-07-25,USA 1,DC Utd,Toronto FC,18.0,0.987210214138031,1.855868432235325,2.0995713753263527,0.03,0.05555555555555555,APOSTA,APROVADO,0.7204,2026-07-29T23:04:02.073660
2026-07-25,USA 1,New England Revolution,Atlanta Utd,19.0,0.9948652386665344,1.4980313618808734,1.8018146628581837,0.03,0.05263157894736842,APOSTA,APROVADO,0.8527,2026-07-29T23:04:02.083997
2026-07-25,USA 1,Houston Dynamo,Austin FC,18.5,0.9980806112289429,2.1328146665388434,2.3838865497798025,0.03,0.05405405405405406,APOSTA,APROVADO,0.9146,2026-07-29T23:04:03.038965
2026-07-25,USA 1,St Louis City SC,Colorado,19.0,0.9922480583190918,2.8010844349888373,3.1213893471525544,0.03,0.05263157894736842,APOSTA,APROVADO,0.8031,2026-07-29T23:04:03.683499
2026-07-25,COLOMBIA 1,Tolima,Junior FC Barranquilla,11.0,0.96484375,0,2.5204120390968994,0.06,0.09090909090909091,APOSTA,APROVADO,0.565,2026-07-29T23:04:05.862291
2026-07-26,MEXICO 1,Santos Laguna,Atlas,15.0,0.9596469402313232,2.173057675019006,1.7968455304597883,0.08,0.06666666666666667,APOSTA,APROVADO,0.3467,2026-07-29T23:05:03.605236
2026-07-26,MEXICO 1,Tigres,Atletico San Luis,18.5,0.9551604986190796,0.9977173304966237,2.0998605783456985,0.08,0.05405405405405406,APOSTA,APROVADO,0.1227,2026-07-29T23:05:03.844657
2026-07-26,CZECH 1,Slavia Praha B,FK Pribram,18.5,0.9620798826217651,0,2.088621475017591,0.09,0.05405405405405406,APOSTA,APROVADO,0.2504,2026-07-29T23:05:04.454603
2026-07-26,CHINA 1,Yanbian Longding,Meizhou Hakka,17.5,0.988034188747406,2.0088720979159183,2.9351063935087405,0.02,0.05714285714285714,APOSTA,APROVADO,0.7412,2026-07-29T23:05:04.465875
2026-07-26,CHINA 1,Dalian Kun City FC,Suzhou Dongwu,13.0,1.0,2.25448349758448,2.721308256594904,0.02,0.07692307692307693,APOSTA,APROVADO,0.95,2026-07-29T23:05:04.684898
2026-07-26,SWEDEN 2,Sundsvall,Falkenbergs,18.5,0.9948652386665344,0,3.296345907314501,0.04,0.05405405405405406,APOSTA,APROVADO,0.8553,2026-07-29T23:05:05.009576
2026-07-26,DENMARK 2,Hobro,Aarhus Fremad,15.0,0.9756097793579102,2.533536363628916,2.35448743414773,0.06,0.06666666666666667,APOSTA,APROVADO,0.5854,2026-07-29T23:05:05.520028
2026-07-26,FINLAND 1,FC Inter,Gnistan,19.5,0.9620798826217651,3.0211348141579837,3.619360903835392,0.06,0.05128205128205128,APOSTA,APROVADO,0.2125,2026-07-29T23:05:05.687218
2026-07-26,FINLAND 1,Ilves,Lahti,18.5,0.9657142758369446,2.7239175368931736,2.9553772095200164,0.06,0.05405405405405406,APOSTA,APROVADO,0.3174,2026-07-29T23:05:05.698298
2026-07-26,SWEDEN 1,Malmo FF,Elfsborg,19.5,0.985487699508667,2.6670823153015246,4.103688420141815,0.03,0.05128205128205128,APOSTA,APROVADO,0.6677,2026-07-29T23:05:07.899405
2026-07-26,SLOVAKIA 1,Ruzomberok,Dunajska Streda,14.0,0.9646897315979004,2.0064119145808035,2.018594547504504,0.07,0.07142857142857142,APOSTA,APROVADO,0.4574,2026-07-29T23:05:09.547144
2026-07-26,SWEDEN 2,Norrby IF,Ostersunds FK,16.5,0.9863013625144958,0,2.0844305924674162,0.04,0.06060606060606061,APOSTA,APROVADO,0.7247,2026-07-29T23:05:10.080866
2026-07-26,CZECH 1,FK Jablonec,Sigma Olomouc,13.0,0.9620798826217651,2.990323242113774,3.0578069135374544,0.09,0.07692307692307693,APOSTA,APROVADO,0.4589,2026-07-29T23:05:10.283709
2026-07-26,POLAND 1,Widzew Lodz,LKP Motor Lublin,14.0,0.9716732501983643,2.7160405081186747,3.671351238085912,0.08,0.07142857142857142,APOSTA,APROVADO,0.5548,2026-07-29T23:05:10.696188
2026-07-26,BULGARIA 1,Cherno More,Spartak Varna,12.5,0.9716732501983643,0,1.473954195509904,0.08,0.08,APOSTA,APROVADO,0.5973,2026-07-29T23:05:10.717712
2026-07-26,ROMANIA 1,Csikszereda,FCSB,16.5,0.9548254609107971,3.0447132035698017,2.8358991118924983,0.09,0.06060606060606061,APOSTA,APROVADO,0.2069,2026-07-29T23:05:12.462818
2026-07-26,CZECH 1,Hradec Kralove,Pardubice,13.0,0.9551604986190796,1.941470574226527,2.368501974177949,0.09,0.07692307692307693,APOSTA,APROVADO,0.3693,2026-07-29T23:05:12.997921
2026-07-26,PERU 1,UTC Cajamarca,Cesar Vallejo Moquegua,16.5,0.9646393060684204,1.0331340970166982,2.6820370278664774,0.07,0.06060606060606061,APOSTA,APROVADO,0.3683,2026-07-29T23:05:13.578769
2026-07-26,URUGUAY 1,Cerro,Racing Club (Uru),10.5,0.9470410943031311,0.9643184187947852,1.71688033814991,0.08,0.09523809523809523,APOSTA,APROVADO,0.3966,2026-07-29T23:05:14.033020
2026-07-26,BULGARIA 1,Lokomotiv Plovdiv,Septemvri,11.0,0.9716732501983643,0,1.9064093925840133,0.08,0.09090909090909091,APOSTA,APROVADO,0.6398,2026-07-29T23:05:14.461157
2026-07-26,POLAND 1,Wisla Krakow,GKS Katowice,16.5,0.9716732501983643,1.7106014904556712,2.690093233925313,0.08,0.06060606060606061,APOSTA,APROVADO,0.484,2026-07-29T23:05:15.085015
2026-07-26,BRAZIL 1,Bahia,Corinthians,12.5,0.9948652386665344,2.3127253789177544,2.2031544695402117,0.05,0.08,APOSTA,APROVADO,0.8861,2026-07-29T23:05:15.971726
2026-07-26,BRAZIL 1,Cruzeiro MG,Botafogo FR,16.0,0.9669687747955322,3.911630989925505,2.973620113812955,0.05,0.0625,APOSTA,APROVADO,0.4232,2026-07-29T23:05:16.370155
2026-07-26,BRAZIL 2,Criciuma,Nautico PE,12.5,0.9863013625144958,2.9400877471858378,2.8838552933165307,0.07,0.08,APOSTA,APROVADO,0.7795,2026-07-29T23:05:16.680554
2026-07-26,CHILE 1,Nublense,Palestino,12.5,0.9657142758369446,0.8934000971022908,3.8655024224012404,0.06,0.08,APOSTA,APROVADO,0.5231,2026-07-29T23:05:17.583598
2026-07-26,COLOMBIA 1,Internacional de Bogotá,America de Cali S.A,10.5,0.9948652386665344,,,0.06,0.09523809523809523,APOSTA,APROVADO,0.8963,2026-07-29T23:05:18.117191
2026-07-26,PARAGUAY 1,Olimpia,Libertad,14.0,0.9646897315979004,,,0.09,0.07142857142857142,APOSTA,APROVADO,0.4574,2026-07-29T23:05:18.335201
2026-07-26,BRAZIL 1,Gremio,Fluminense,12.0,0.985487699508667,1.8742074745851378,2.1304347547843783,0.05,0.08333333333333333,APOSTA,APROVADO,0.7766,2026-07-29T23:05:20.364414
2026-07-26,BRAZIL 1,Red Bull Bragantino,Coritiba,14.5,0.985487699508667,3.0954201872035276,2.9614055038605143,0.05,0.06896551724137931,APOSTA,APROVADO,0.7403,2026-07-29T23:05:20.684219
2026-07-26,BRAZIL 2,Londrina,Novorizontino,11.0,0.9716732501983643,3.2637695221920535,4.2882475788487255,0.07,0.09090909090909091,APOSTA,APROVADO,0.6398,2026-07-29T23:05:20.734248
2026-07-26,CHILE 1,Audax Italiano,Universidad de Chile,15.0,0.9716732501983643,1.6456668418921456,2.0840414675433054,0.06,0.06666666666666667,APOSTA,APROVADO,0.5265,2026-07-29T23:05:21.747635
2026-07-26,PARAGUAY 1,Guarani (Par),Sportivo Luqueno,11.0,0.9470410943031311,,,0.09,0.09090909090909091,APOSTA,APROVADO,0.3701,2026-07-29T23:05:22.020298
2026-07-26,BRAZIL 1,SE Palmeiras,Atletico MG,12.0,0.9756097793579102,2.8040938545730256,2.81962091579688,0.05,0.08333333333333333,APOSTA,APROVADO,0.6585,2026-07-29T23:05:23.052578
2026-07-26,PERU 1,Deportivo Garcilaso,FC Cajamarca,14.0,0.9646393060684204,2.7856325954852914,2.648264215790492,0.07,0.07142857142857142,APOSTA,APROVADO,0.4567,2026-07-29T23:05:24.248565
2026-07-27,ROMANIA 1,CFR Cluj,FC Voluntari,16.5,0.9596469402313232,0.7979029398878658,2.729905676607141,0.09,0.06060606060606061,APOSTA,APROVADO,0.2862,2026-07-29T23:06:03.607854
2026-07-27,BULGARIA 1,Dunav Ruse,Ludogorets,19.5,0.9620798826217651,0.02610460943063253,2.1088230939885486,0.08,0.05128205128205128,APOSTA,APROVADO,0.2125,2026-07-29T23:06:03.617551
2026-07-27,CZECH 1,SFC Opava,MFK Karvina,16.0,0.9470410943031311,1.9744368376221877,3.198268229130789,0.09,0.0625,APOSTA,APROVADO,0.1053,2026-07-29T23:06:04.125193
2026-07-27,DENMARK 1,Randers,Silkeborg,19.0,0.9620798826217651,2.511781634317635,3.0563369560610547,0.08,0.05263157894736842,APOSTA,APROVADO,0.2314,2026-07-29T23:06:04.348525
2026-07-27,NORWAY 1,Rosenborg,Fredrikstad,19.5,0.9716732501983643,2.3041657838553578,2.695767768900543,0.04,0.05128205128205128,APOSTA,APROVADO,0.399,2026-07-29T23:06:04.376874
2026-07-27,POLAND 1,Zaglebie Lubin,Piast Gliwice,11.0,0.985487699508667,1.619955839165538,2.0390535814327095,0.08,0.09090909090909091,APOSTA,APROVADO,0.7911,2026-07-29T23:06:04.643131
2026-07-27,SWEDEN 2,Orebro,Oddevold,19.0,0.988034188747406,0,2.61847268736482,0.04,0.05263157894736842,APOSTA,APROVADO,0.7232,2026-07-29T23:06:05.077342
2026-07-27,BULGARIA 1,CSKA Sofia,Botev Plovdiv,16.0,0.9596469402313232,0,2.335334932401288,0.08,0.0625,APOSTA,APROVADO,0.3064,2026-07-29T23:06:05.551078
2026-07-27,ROMANIA 1,Botosani,Rapid Bucharest,12.5,0.9551604986190796,2.286315412379726,2.4659625457969914,0.09,0.08,APOSTA,APROVADO,0.3917,2026-07-29T23:06:05.890681
2026-07-27,ECUADOR 1,Mushuc Runa,Libertad FC,14.5,0.9551604986190796,,,0.07,0.06896551724137931,APOSTA,APROVADO,0.3021,2026-07-29T23:06:06.169874
2026-07-27,ECUADOR 1,Guayaquil City,Univ Catolica (Ecu),12.0,0.9551604986190796,2.698039325937946,2.3701828833791154,0.07,0.08333333333333333,APOSTA,APROVADO,0.4142,2026-07-29T23:06:06.531860
2026-07-27,BRAZIL 2,CRB,Vila Nova,12.0,0.985487699508667,2.604846440902144,2.4850696372670047,0.07,0.08333333333333333,APOSTA,APROVADO,0.7766,2026-07-29T23:06:06.735748
2026-07-28,SWEDEN 2,Landskrona,Norrkoping,18.5,0.985487699508667,0,3.1390083880327264,0.04,0.05405405405405406,APOSTA,APROVADO,0.6822,2026-07-29T23:06:33.810646
2026-07-28,BRAZIL 2,Fortaleza EC,Botafogo SP,10.5,0.9716732501983643,2.3145915242162696,3.028197909378265,0.07,0.09523809523809523,APOSTA,APROVADO,0.654,2026-07-29T23:06:34.973544
2026-07-29,PARAGUAY 1,Sportivo Luqueno,Sportivo Trinidense,12.0,0.9349064230918884,2.2916203249853133,2.4928549759495455,0.09,0.08333333333333333,APOSTA,APROVADO,0.1721,2026-07-29T23:07:00.473307
2026-07-29,PARAGUAY 1,Nacional (Par),Olimpia,11.5,0.9716732501983643,,,0.09,0.08695652173913043,APOSTA,APROVADO,0.6257,2026-07-29T23:07:01.076322
2026-07-29,BRAZIL 1,Internacional,Flamengo,13.5,0.985487699508667,1.7870240567829174,3.0021108037073105,0.05,0.07407407407407407,APOSTA,APROVADO,0.7548,2026-07-29T23:07:01.516643
2026-07-29,BRAZIL 1,Mirassol,Remo,13.5,0.9646897315979004,2.2778968955179506,2.85477610556825,0.05,0.07407407407407407,APOSTA,APROVADO,0.4751,2026-07-29T23:07:01.551933
2026-07-29,BRAZIL 1,Fluminense,Bahia,15.5,0.9646897315979004,3.7109139400295104,3.4045090090026444,0.05,0.06451612903225806,APOSTA,APROVADO,0.4045,2026-07-29T23:07:02.857064
2026-08-02,UKRAINE 1,Chernomorets Odesa,Polissya Zhytomyr,16.5,0.9456824660301208,0,3.03563160484924,0.1,0.06060606060606061,APOSTA,APROVADO,0.0565,2026-08-02T16:10:45.843971
2026-08-02,CHINA 1,Changchun Yatai,Shijiazhuang Gongfu FC,12.0,1.0,1.2667756482579846,1.5201058061617625,0.02,0.08333333333333333,APOSTA,APROVADO,0.95,2026-08-02T16:10:46.046701
2026-08-02,CHINA 1,Suzhou Dongwu,Meizhou Hakka,15.0,1.0,1.5097549738103264,2.3757053293250543,0.02,0.06666666666666667,APOSTA,APROVADO,0.95,2026-08-02T16:10:46.259579
2026-08-02,CHINA 1,Shenzhen Peng City,Chongqing Tonglianglong,14.5,0.987210214138031,2.3886171133101457,2.757980166944008,0.02,0.06896551724137931,APOSTA,APROVADO,0.7652,2026-08-02T16:10:46.722714
2026-08-02,DENMARK 2,Vendsyssel FF,Hobro,15.5,0.9716732501983643,,,0.06,0.06451612903225806,APOSTA,APROVADO,0.5124,2026-08-02T16:10:46.955663
2026-08-02,FINLAND 1,VPS,FC Inter,13.0,0.985487699508667,4.3024826621261045,5.261685121297551,0.06,0.07692307692307693,APOSTA,APROVADO,0.7621,2026-08-02T16:10:47.710065
2026-08-02,SWEDEN 1,Brommapojkarna,Malmo FF,20.0,0.9756097793579102,1.820233041539669,2.2256189812477714,0.03,0.05,APOSTA,APROVADO,0.4634,2026-08-02T16:10:47.721574
2026-08-02,SWEDEN 1,IFK Goteborg,Degerfors,17.0,0.9948652386665344,2.496017580359368,2.0265454276353827,0.03,0.058823529411764705,APOSTA,APROVADO,0.863,2026-08-02T16:10:47.917773
2026-08-02,POLAND 2,Ruch Chorzow,Miedz Legnica,20.0,0.9980806112289429,0,2.5627765775346756,0.03,0.05,APOSTA,APROVADO,0.9117,2026-08-02T16:10:48.260880
2026-08-02,ROMANIA 2,CSA Steaua Bucuresti,CSM Slatina,17.0,0.987210214138031,0,3.824984577142578,0.03,0.058823529411764705,APOSTA,APROVADO,0.7332,2026-08-02T16:10:49.507563
2026-08-02,SCOTLAND 1,St Johnstone,Kilmarnock,14.5,0.9620798826217651,0.6656677152230345,3.321374614372149,0.07,0.06896551724137931,APOSTA,APROVADO,0.4021,2026-08-02T16:10:49.517983
2026-08-02,WALES 1,Connahs Quay,Caernarfon Town,16.5,0.9756097793579102,0,2.7113986617860055,0.08,0.06060606060606061,APOSTA,APROVADO,0.5488,2026-08-02T16:10:50.234053
2026-08-02,FINLAND 1,AC Oulu,Ilves,15.5,0.9948652386665344,2.739220531477229,2.986068351958754,0.06,0.06451612903225806,APOSTA,APROVADO,0.8707,2026-08-02T16:10:51.397867
2026-08-02,IRELAND 1,Waterford,Shelbourne,18.5,0.985487699508667,3.102815138628551,3.281008858142778,0.08,0.05405405405405406,APOSTA,APROVADO,0.6822,2026-08-02T16:10:51.596238
2026-08-02,SWITZERLAND 1,Grasshoppers Zurich,Lugano,20.0,0.9756097793579102,2.670199827713973,2.213216153378401,0.04,0.05,APOSTA,APROVADO,0.4634,2026-08-02T16:10:51.886943
2026-08-02,SLOVAKIA 1,Dunajska Streda,Dukla Banska Bystrica,18.0,0.9551604986190796,1.7347379643750829,3.518342004971622,0.07,0.05555555555555555,APOSTA,APROVADO,0.1451,2026-08-02T16:10:54.065186
2026-08-02,URUGUAY 1,Racing Club (Uru),Boston River,11.5,0.9470410943031311,0.7304598867176758,1.8107771785010338,0.08,0.08695652173913043,APOSTA,APROVADO,0.3436,2026-08-02T16:10:54.438652
2026-08-02,CZECH 1,Bohemians 1905,Hradec Kralove,14.5,0.9620798826217651,2.714098127235321,2.4946141364452905,0.09,0.06896551724137931,APOSTA,APROVADO,0.4021,2026-08-02T16:10:55.060030
2026-08-02,SCOTLAND 1,Hibernian,Motherwell,15.0,0.985487699508667,1.998232066471302,2.963873944298692,0.07,0.06666666666666667,APOSTA,APROVADO,0.733,2026-08-02T16:10:55.533374
2026-08-02,BULGARIA 1,Ludogorets,Botev Vratsa,18.0,0.9756097793579102,0,2.3436020901848904,0.08,0.05555555555555555,APOSTA,APROVADO,0.5122,2026-08-02T16:10:55.542998
2026-08-02,IRELAND 1,St Patricks,Derry City,14.0,0.988034188747406,2.4916586713501854,2.9849691837634142,0.08,0.07142857142857142,APOSTA,APROVADO,0.7831,2026-08-02T16:10:55.967209
2026-08-02,SLOVENIA 1,NK Radomlje,NK Bravo,20.0,0.9716732501983643,0,2.784831827514528,0.06,0.05,APOSTA,APROVADO,0.3849,2026-08-02T16:10:56.485580
2026-08-02,CHILE 1,Deportes Concepcion,Univ Catolica (Chile),14.5,0.985487699508667,,,0.06,0.06896551724137931,APOSTA,APROVADO,0.7403,2026-08-02T16:10:56.910164
2026-08-02,AUSTRIA 1,Rapid Vienna,SCR Altach,15.5,0.9620798826217651,0.682874161650921,2.0771897556077663,0.07,0.06451612903225806,APOSTA,APROVADO,0.3641,2026-08-02T16:10:57.204786
2026-08-02,SLOVAKIA 1,KFC Komarno,Spartak Trnava,14.5,0.985487699508667,1.4270230088242832,1.0749960599114823,0.07,0.06896551724137931,APOSTA,APROVADO,0.7403,2026-08-02T16:10:57.788397
2026-08-02,ROMANIA 1,Rapid Bucharest,CFR Cluj,13.0,0.9456824660301208,2.3021296387973034,2.3456029272698498,0.09,0.07692307692307693,APOSTA,APROVADO,0.2466,2026-08-02T16:11:00.941171
2026-08-02,CHILE 1,La Serena,OHiggins,16.0,0.985487699508667,0.8759592725279444,2.7014603969892144,0.06,0.0625,APOSTA,APROVADO,0.7185,2026-08-02T16:11:01.139923
2026-08-02,PARAGUAY 1,Olimpia,Rubio Nu,17.0,0.9620798826217651,,,0.09,0.058823529411764705,APOSTA,APROVADO,0.3073,2026-08-02T16:11:01.264224
2026-08-02,ECUADOR 1,Macara,Guayaquil City,11.0,0.9620798826217651,1.5836625388294312,2.1408367455687896,0.07,0.09090909090909091,APOSTA,APROVADO,0.5348,2026-08-02T16:11:01.840822
2026-08-02,PERU 1,Cesar Vallejo Moquegua,Melgar,11.5,0.9646897315979004,1.3924295232376873,2.4598296888573334,0.07,0.08695652173913043,APOSTA,APROVADO,0.5457,2026-08-02T16:11:02.154847
2026-08-02,PARAGUAY 1,Guarani (Par),Libertad,11.0,0.9646897315979004,,,0.09,0.09090909090909091,APOSTA,APROVADO,0.5634,2026-08-02T16:11:02.744551
2026-08-02,URUGUAY 1,Nacional (Uru),Progreso,16.0,0.985487699508667,,,0.08,0.0625,APOSTA,APROVADO,0.7185,2026-08-02T16:11:02.753271
2026-08-02,VENEZUELA 1,Metropolitanos,Puerto Cabello,10.5,0.9431891441345215,1.7971809902995697,2.038200730520979,0.1,0.09523809523809523,APOSTA,APROVADO,0.3563,2026-08-02T16:11:02.767467
2026-08-02,ECUADOR 1,CD Leones del Norte,Barcelona (ECU),10.5,0.9646897315979004,1.3102913848929734,2.1542512089501313,0.07,0.09523809523809523,APOSTA,APROVADO,0.581,2026-08-02T16:11:03.472942
2026-08-02,CHINA 1,Suzhou Dongwu,Meizhou Hakka,15.0,1.0,1.5097549738103264,2.3757053293250543,0.02,0.06666666666666667,APOSTA,APROVADO,0.95,2026-08-02T16:34:44.012343
2026-08-02,CHINA 1,Shenzhen Peng City,Chongqing Tonglianglong,14.5,0.987210214138031,2.3886171133101457,2.757980166944008,0.02,0.06896551724137931,APOSTA,APROVADO,0.7652,2026-08-02T16:34:44.041905
2026-08-02,DENMARK 2,Vendsyssel FF,Hobro,15.5,0.9716732501983643,,,0.06,0.06451612903225806,APOSTA,APROVADO,0.5124,2026-08-02T16:34:44.059776
2026-08-02,SWEDEN 1,Brommapojkarna,Malmo FF,20.0,0.9756097793579102,1.820233041539669,2.2256189812477714,0.03,0.05,APOSTA,APROVADO,0.4634,2026-08-02T16:34:44.093976
2026-08-02,SWEDEN 1,IFK Goteborg,Degerfors,17.0,0.9948652386665344,2.496017580359368,2.0265454276353827,0.03,0.058823529411764705,APOSTA,APROVADO,0.863,2026-08-02T16:34:44.107319
2026-08-02,POLAND 2,Ruch Chorzow,Miedz Legnica,20.0,0.9980806112289429,0,2.5627765775346756,0.03,0.05,APOSTA,APROVADO,0.9117,2026-08-02T16:34:44.122266
2026-08-02,SCOTLAND 1,St Johnstone,Kilmarnock,14.5,0.9620798826217651,0.6656677152230345,3.321374614372149,0.07,0.06896551724137931,APOSTA,APROVADO,0.4021,2026-08-02T16:34:44.170745
2026-08-02,WALES 1,Connahs Quay,Caernarfon Town,16.5,0.9756097793579102,0,2.7113986617860055,0.08,0.06060606060606061,APOSTA,APROVADO,0.5488,2026-08-02T16:34:44.188262
2026-08-02,FINLAND 1,AC Oulu,Ilves,15.5,0.9948652386665344,2.739220531477229,2.986068351958754,0.06,0.06451612903225806,APOSTA,APROVADO,0.8707,2026-08-02T16:34:44.222849
2026-08-02,SWITZERLAND 1,Grasshoppers Zurich,Lugano,20.0,0.9756097793579102,2.670199827713973,2.213216153378401,0.04,0.05,APOSTA,APROVADO,0.4634,2026-08-02T16:34:44.260585
2026-08-02,SLOVAKIA 1,Dunajska Streda,Dukla Banska Bystrica,18.0,0.9551604986190796,1.7347379643750829,3.518342004971622,0.07,0.05555555555555555,APOSTA,APROVADO,0.1451,2026-08-02T16:34:44.370096
2026-08-02,SCOTLAND 1,Hibernian,Motherwell,15.0,0.985487699508667,1.998232066471302,2.963873944298692,0.07,0.06666666666666667,APOSTA,APROVADO,0.733,2026-08-02T16:34:44.410588
2026-08-02,BULGARIA 1,Ludogorets,Botev Vratsa,18.0,0.9756097793579102,0,2.3436020901848904,0.08,0.05555555555555555,APOSTA,APROVADO,0.5122,2026-08-02T16:34:44.421101
2026-08-02,SLOVENIA 1,NK Radomlje,NK Bravo,20.0,0.9716732501983643,0,2.784831827514528,0.06,0.05,APOSTA,APROVADO,0.3849,2026-08-02T16:34:44.466914
2026-08-02,ROMANIA 1,Rapid Bucharest,CFR Cluj,13.0,0.9456824660301208,2.3021296387973034,2.3456029272698498,0.09,0.07692307692307693,APOSTA,APROVADO,0.2466,2026-08-02T16:34:44.626689
2026-08-02,CHILE 1,La Serena,OHiggins,16.0,0.985487699508667,0.8759592725279444,2.7014603969892144,0.06,0.0625,APOSTA,APROVADO,0.7185,2026-08-02T16:34:44.643807
2026-08-02,ECUADOR 1,Macara,Guayaquil City,11.0,0.9620798826217651,1.5836625388294312,2.1408367455687896,0.07,0.09090909090909091,APOSTA,APROVADO,0.5348,2026-08-02T16:34:44.665879
2026-08-02,PARAGUAY 1,Guarani (Par),Libertad,11.0,0.9646897315979004,,,0.09,0.09090909090909091,APOSTA,APROVADO,0.5634,2026-08-02T16:34:44.709136
2026-08-02,VENEZUELA 1,Metropolitanos,Puerto Cabello,10.5,0.9431891441345215,1.7971809902995697,2.038200730520979,0.1,0.09523809523809523,APOSTA,APROVADO,0.3563,2026-08-02T16:34:44.739147
2026-08-02,ECUADOR 1,CD Leones del Norte,Barcelona (ECU),10.5,0.9716732501983643,1.4404051748811784,2.5727747579829945,0.07,0.09523809523809523,APOSTA,APROVADO,0.654,2026-08-02T16:34:44.770665
2026-07-01,WORLD WORLD CUP,England,DR Congo,13.0,0.9620798826217651,2.5466757659290296,4.3445083997689045,0.08,0.07692307692307693,APOSTA,APROVADO,0.4589,2026-08-02T16:46:51.549203
2026-07-01,WORLD WORLD CUP,Belgium,Senegal,13.5,0.9646897315979004,2.363011233048843,5.323996149698022,0.08,0.07407407407407407,APOSTA,APROVADO,0.4751,2026-08-02T16:46:51.560714
2026-07-02,WORLD WORLD CUP,Spain,Austria,20.0,0.985487699508667,3.539181964888453,3.3032316932611243,0.08,0.05,APOSTA,APROVADO,0.6605,2026-08-02T16:46:51.584440
2026-07-03,WORLD WORLD CUP,Switzerland,Algeria,11.5,0.9646393060684204,2.1003154843525995,4.791294657055565,0.08,0.08695652173913043,APOSTA,APROVADO,0.5451,2026-08-02T16:46:51.604694
2026-07-03,IRELAND 2,Cobh Ramblers,Cork City,16.5,0.9551604986190796,0,2.8645961128172255,0.08,0.06060606060606061,APOSTA,APROVADO,0.2124,2026-08-02T16:46:51.616270
2026-07-03,IRELAND 2,Finn Harps,Wexford F.C,18.5,0.9548254609107971,0,1.6273525535483047,0.08,0.05405405405405406,APOSTA,APROVADO,0.1165,2026-08-02T16:46:51.631488
2026-07-03,IRELAND 2,Treaty United,Kerry FC,18.5,0.9551604986190796,0,1.1654120609836605,0.08,0.05405405405405406,APOSTA,APROVADO,0.1227,2026-08-02T16:46:51.646593
2026-07-03,IRELAND 1,Drogheda,Bohemians,15.0,0.9431891441345215,2.7576425801726216,3.956623826050252,0.08,0.06666666666666667,APOSTA,APROVADO,0.1007,2026-08-02T16:46:51.658785
2026-07-03,IRELAND 1,Sligo Rovers,Shamrock Rovers,17.0,0.988034188747406,2.526273857677756,2.3709665372505286,0.08,0.058823529411764705,APOSTA,APROVADO,0.7472,2026-08-02T16:46:51.677689
2026-07-03,WORLD WORLD CUP,Colombia,Ghana,12.5,0.9620798826217651,0.9057993490780503,3.439710961875349,0.08,0.08,APOSTA,APROVADO,0.4779,2026-08-02T16:46:51.696761
2026-07-04,CHINA 1,Liaoning Tieren FC,Chongqing Tonglianglong,15.5,0.985487699508667,2.561387476757271,2.7355156552364477,0.04,0.06451612903225806,APOSTA,APROVADO,0.7258,2026-08-02T16:46:51.723964
2026-07-04,CHINA 1,Dalian Yingbo,Wuhan Three Towns,20.0,0.9756097793579102,2.9530190840118666,3.5953435426624587,0.04,0.05,APOSTA,APROVADO,0.4634,2026-08-02T16:46:51.742544
2026-07-04,CHINA 1,Tianjin Jinmen Tiger FC,Shenzhen Peng City,18.0,0.987210214138031,1.49754694547141,1.7302994422256468,0.04,0.05555555555555555,APOSTA,APROVADO,0.7204,2026-08-02T16:46:51.773019
2026-07-04,FINLAND 1,Lahti,Gnistan,16.5,0.9756097793579102,3.9641968597063126,3.3562873642255084,0.05,0.06060606060606061,APOSTA,APROVADO,0.5488,2026-08-02T16:46:51.804966
2026-07-04,SWEDEN 1,Degerfors,Malmo FF,17.0,0.9756097793579102,1.8383712216457204,2.2181852857767965,0.04,0.058823529411764705,APOSTA,APROVADO,0.5366,2026-08-02T16:46:51.818024
2026-07-04,SWEDEN 1,Halmstads,Vasteras SK,16.5,0.9596469402313232,0.8735786313204374,1.6977732466798972,0.04,0.06060606060606061,APOSTA,APROVADO,0.2862,2026-08-02T16:46:51.830968
2026-07-04,WORLD WORLD CUP,Canada,Morocco,10.5,0.9756097793579102,0.517161176386653,3.2805743229422397,0.08,0.09523809523809523,APOSTA,APROVADO,0.6951,2026-08-02T16:46:51.844427
2026-07-04,ECUADOR 1,Libertad FC,CD Leones del Norte,10.5,0.9620798826217651,,,0.09,0.09523809523809523,APOSTA,APROVADO,0.5537,2026-08-02T16:46:51.923487
2026-07-04,ECUADOR 1,Barcelona (Ecu),Deportivo Cuenca,13.5,0.9551604986190796,1.774928563266597,2.4176172394488487,0.09,0.07407407407407407,APOSTA,APROVADO,0.3469,2026-08-02T16:46:51.948266
2026-07-05,SWEDEN 1,IFK Goteborg,AIK,19.5,0.985487699508667,1.553888595866042,2.1380613088666784,0.04,0.05128205128205128,APOSTA,APROVADO,0.6677,2026-08-02T16:46:51.967323
2026-07-05,SWEDEN 1,Elfsborg,Hammarby,19.0,0.9716732501983643,2.3450776642801667,2.1233413662596248,0.04,0.05263157894736842,APOSTA,APROVADO,0.4132,2026-08-02T16:46:51.977655
2026-07-06,SWEDEN 1,Brommapojkarna,GAIS,17.0,0.987210214138031,2.5298830844858466,2.309000456490672,0.04,0.058823529411764705,APOSTA,APROVADO,0.7332,2026-08-02T16:46:51.988252
2026-07-07,WORLD WORLD CUP,Argentina,Egypt,14.0,0.93829745054245,1.4866205203911718,4.311212245300398,0.08,0.07142857142857142,APOSTA,APROVADO,0.0892,2026-08-02T16:46:52.046771
2026-07-07,ECUADOR 1,Aucas,Guayaquil City,18.5,0.9646393060684204,1.5001668101099577,2.5873472522551513,0.09,0.05405405405405406,APOSTA,APROVADO,0.2976,2026-08-02T16:46:52.062519
2026-07-10,IRELAND 2,Athlone Town,Cobh Ramblers,18.0,0.987210214138031,0,2.140689297233893,0.08,0.05555555555555555,APOSTA,APROVADO,0.7204,2026-08-02T16:46:52.091157
2026-07-10,IRELAND 2,Wexford F.C,Kerry FC,12.5,0.9646897315979004,0,1.4673325813686262,0.08,0.08,APOSTA,APROVADO,0.5104,2026-08-02T16:46:52.116061
2026-07-10,ECUADOR 1,CD Leones del Norte,Univ Catolica (Ecu),13.0,0.9551604986190796,2.278328384179767,4.203460702475348,0.09,0.07692307692307693,APOSTA,APROVADO,0.3693,2026-08-02T16:46:52.134710
2026-07-11,CHINA 1,Yanbian Longding,Suzhou Dongwu,13.5,0.9980806112289429,2.265775708993785,1.955493932990466,0.04,0.07407407407407407,APOSTA,APROVADO,0.9242,2026-08-02T16:46:52.148267
2026-07-11,ESTONIA 1,Parnu JK Vaprus,Tammeka Tartu,19.0,0.9948652386665344,0,2.363291165190339,0.03,0.05263157894736842,APOSTA,APROVADO,0.8527,2026-08-02T16:46:52.169406
2026-07-11,NORWAY 1,Fredrikstad,Lillestrom,18.5,0.988034188747406,2.133194872203923,2.6675233962897966,0.03,0.05405405405405406,APOSTA,APROVADO,0.7292,2026-08-02T16:46:52.205817
2026-07-11,SWEDEN 1,Mjallby,AIK,18.0,0.9716732501983643,2.3852654262067596,3.0858460383154798,0.04,0.05555555555555555,APOSTA,APROVADO,0.4415,2026-08-02T16:46:52.229347
2026-07-11,FINLAND 1,TPS,AC Oulu,16.5,0.9620798826217651,1.5820265777798488,1.8336408598502913,0.05,0.06060606060606061,APOSTA,APROVADO,0.3262,2026-08-02T16:46:52.243774
2026-07-11,IRELAND 1,Galway Utd,Sligo Rovers,19.5,0.9620798826217651,1.6318018080306527,2.1555613288702378,0.08,0.05128205128205128,APOSTA,APROVADO,0.2125,2026-08-02T16:46:52.256654
2026-07-11,NORWAY 1,Tromso,Valerenga,17.5,0.9716732501983643,2.4642737675183524,2.228394417949883,0.03,0.05714285714285714,APOSTA,APROVADO,0.4557,2026-08-02T16:46:52.267219
2026-07-11,URUGUAY 1,Danubio,Nacional (Uru),12.0,0.987210214138031,1.6362311423552394,2.6893878313484785,0.05,0.08333333333333333,APOSTA,APROVADO,0.7972,2026-08-02T16:46:52.282261
2026-07-11,BRAZIL 4,Portuguesa SP,Marcilio,12.0,0.9575471878051758,0.35536348234054665,2.086852269804259,0.09,0.08333333333333333,APOSTA,APROVADO,0.4427,2026-08-02T16:46:52.309665
2026-07-11,BRAZIL 4,XV De Piracicaba,Cianorte PR,11.0,0.9470410943031311,0,1.9877446204655258,0.09,0.09090909090909091,APOSTA,APROVADO,0.3701,2026-08-02T16:46:52.353888
2026-07-11,URUGUAY 1,Wanderers (Uru),Progreso,11.0,0.9980806112289429,0,1.0030493743865352,0.05,0.09090909090909091,APOSTA,APROVADO,0.929,2026-08-02T16:46:52.371863
2026-07-12,SWEDEN 1,Vasteras SK,Degerfors,15.0,0.93829745054245,2.193727837634437,3.454678032192455,0.04,0.06666666666666667,APOSTA,APROVADO,0.0275,2026-08-02T16:46:52.386556
2026-07-12,SWEDEN 1,GAIS,Elfsborg,15.5,1.0,2.229290603431486,2.5117557563891864,0.04,0.06451612903225806,APOSTA,APROVADO,0.95,2026-08-02T16:46:52.395434
2026-07-12,NORWAY 1,Sandefjord,Ham-Kam,19.0,0.9948652386665344,2.700326337424535,2.140689297233893,0.03,0.05263157894736842,APOSTA,APROVADO,0.8527,2026-08-02T16:46:52.403845
2026-07-12,URUGUAY 1,Boston River,Central Espanol,11.5,0.9716732501983643,0,3.217874412147265,0.05,0.08695652173913043,APOSTA,APROVADO,0.6257,2026-08-02T16:46:52.417900
2026-07-12,BOLIVIA 1,Real Potosi,Nacional Potosi,18.5,0.9646897315979004,1.436306166878971,4.014596281036046,0.05,0.05405405405405406,APOSTA,APROVADO,0.2985,2026-08-02T16:46:52.430572
2026-07-12,BRAZIL 4,ABC RN,Aguia de Maraba,17.0,0.9551604986190796,0.0016315380894145332,2.7217960118760214,0.09,0.058823529411764705,APOSTA,APROVADO,0.19,2026-08-02T16:46:52.485985
2026-07-12,BRAZIL 4,AD Iguatu,Maguary,11.5,0.9456824660301208,0,2.358957474999663,0.09,0.08695652173913043,APOSTA,APROVADO,0.3281,2026-08-02T16:46:52.503728
2026-07-12,BRAZIL 4,Asa AL,Ivinhema FC,14.0,0.985487699508667,0,1.774983486559481,0.09,0.07142857142857142,APOSTA,APROVADO,0.7476,2026-08-02T16:46:52.552460
2026-07-12,BRAZIL 4,Ferroviario,Imperatriz MA,12.5,0.9646393060684204,0,2.470537912576881,0.09,0.08,APOSTA,APROVADO,0.5098,2026-08-02T16:46:52.574019
2026-07-12,BRAZIL 4,Guapore RO,Luverdense,10.5,0.9620798826217651,0,2.5416546650889185,0.09,0.09523809523809523,APOSTA,APROVADO,0.5537,2026-08-02T16:46:52.612935
2026-07-14,ECUADOR 1,Macara,Mushuc Runa,11.0,0.9620798826217651,2.0516486625640833,2.671892452039314,0.09,0.09090909090909091,APOSTA,APROVADO,0.5348,2026-08-02T16:46:52.653194
2026-07-15,ECUADOR 1,Barcelona (Ecu),Guayaquil City,13.0,0.9551604986190796,1.569045348659654,2.4416934633172573,0.09,0.07692307692307693,APOSTA,APROVADO,0.3693,2026-08-02T16:46:52.666756
2026-07-16,BRAZIL 1,Botafogo FR,Santos,14.0,0.987210214138031,1.8306925756420045,2.6170491931209003,0.05,0.07142857142857142,APOSTA,APROVADO,0.7716,2026-08-02T16:46:52.690527
2026-07-16,MEXICO 1,Necaxa,Atlante,17.5,0.9716732501983643,1.427030503348555,2.9916192253629768,0.08,0.05714285714285714,APOSTA,APROVADO,0.4557,2026-08-02T16:46:52.727934
2026-07-17,MEXICO 1,Tijuana,Tigres,14.0,0.985487699508667,0.5332216564513542,1.561471098308964,0.08,0.07142857142857142,APOSTA,APROVADO,0.7476,2026-08-02T16:46:52.746878
2026-07-17,CHINA 1,Changchun Yatai,Wuxi Wugou,17.0,0.987210214138031,2.406275995483507,2.4570359165121713,0.04,0.058823529411764705,APOSTA,APROVADO,0.7332,2026-08-02T16:46:52.771919
2026-07-17,ROMANIA 1,FC Voluntari,Botosani,12.0,0.9233813285827637,1.1041973002850638,2.678937022586179,0.09,0.08333333333333333,APOSTA,APROVADO,0.0344,2026-08-02T16:46:52.799141
2026-07-17,BULGARIA 1,Spartak Varna,CSKA 1948 Sofia,15.0,0.9646897315979004,0,3.0364008004432,0.08,0.06666666666666667,APOSTA,APROVADO,0.4221,2026-08-02T16:46:52.824846
2026-07-17,PERU 1,FC Cajamarca,Juan Pablo II College,17.0,0.9551604986190796,2.143787323651971,3.4076836153464516,0.07,0.058823529411764705,APOSTA,APROVADO,0.19,2026-08-02T16:46:52.838996
2026-07-17,URUGUAY 1,Nacional (Uru),Wanderers (Uru),17.0,0.985487699508667,1.0235010698314864,2.221954499586219,0.05,0.058823529411764705,APOSTA,APROVADO,0.704,2026-08-02T16:46:52.853886
2026-07-17,BRAZIL 1,Fluminense,Red Bull Bragantino,12.5,0.9646897315979004,2.886791710146721,2.758044723289931,0.05,0.08,APOSTA,APROVADO,0.5104,2026-08-02T16:46:52.869478
2026-07-17,BRAZIL 1,Mirassol,Gremio,11.5,0.9620798826217651,1.9969404265711235,2.311623804163492,0.05,0.08695652173913043,APOSTA,APROVADO,0.5158,2026-08-02T16:46:52.891610
2026-07-18,SWEDEN 2,Oddevold,Varbergs BoIS,18.0,0.9620798826217651,0,4.19727362353461,0.04,0.05555555555555555,APOSTA,APROVADO,0.2693,2026-08-02T16:46:52.959631
2026-07-18,CHINA 1,Wuhan Three Towns,Shenzhen Peng City,19.0,0.9922480583190918,1.9833211523254457,2.031619885961735,0.04,0.05263157894736842,APOSTA,APROVADO,0.8031,2026-08-02T16:46:52.988185
2026-07-18,NORWAY 1,Ham-Kam,Tromso,15.5,0.987210214138031,2.3684968809395657,3.148581314669296,0.03,0.06451612903225806,APOSTA,APROVADO,0.7524,2026-08-02T16:46:52.998789
2026-07-18,SWEDEN 1,AIK,GAIS,17.0,0.9948652386665344,3.1397686715454047,2.47763594179603,0.04,0.058823529411764705,APOSTA,APROVADO,0.863,2026-08-02T16:46:53.008297
2026-07-18,SWEDEN 2,Ostersunds FK,Landskrona,16.0,0.9620798826217651,0,4.011861613915968,0.04,0.0625,APOSTA,APROVADO,0.3452,2026-08-02T16:46:53.021502
2026-07-18,FINLAND 1,AC Oulu,Gnistan,18.0,0.985487699508667,3.3882509445699065,2.883944880876453,0.05,0.05555555555555555,APOSTA,APROVADO,0.6895,2026-08-02T16:46:53.032202
2026-07-18,NORWAY 1,Start,Rosenborg,18.5,0.9756097793579102,1.1854888620708817,1.349477532167301,0.03,0.05405405405405406,APOSTA,APROVADO,0.5,2026-08-02T16:46:53.042400
2026-07-18,BULGARIA 1,Septemvri,Arda,10.5,0.985487699508667,0,1.8682086620630338,0.08,0.09523809523809523,APOSTA,APROVADO,0.7983,2026-08-02T16:46:53.059565
2026-07-18,PERU 1,Cesar Vallejo Moquegua,Comerciantes Unidos,10.5,0.985487699508667,0.790439102634934,2.343991215109001,0.07,0.09523809523809523,APOSTA,APROVADO,0.7983,2026-08-02T16:46:53.075021
2026-07-18,ECUADOR 1,Deportivo Cuenca,Univ Catolica (Ecu),12.0,0.9646897315979004,2.5216011305409523,3.6391733978822396,0.09,0.08333333333333333,APOSTA,APROVADO,0.528,2026-08-02T16:46:53.115378
2026-07-18,URUGUAY 1,Penarol,Boston River,15.0,0.9620798826217651,0,2.171603780618794,0.05,0.06666666666666667,APOSTA,APROVADO,0.3831,2026-08-02T16:46:53.127462
2026-07-18,PERU 1,Cusco FC,Alianza Atletico,15.5,0.9716732501983643,2.7611255598419047,2.7078349305180867,0.07,0.06451612903225806,APOSTA,APROVADO,0.5124,2026-08-02T16:46:53.149753
2026-07-18,MEXICO 1,Guadalajara,Toluca,19.0,0.9620798826217651,1.6624634845782889,3.2636368978750125,0.08,0.05263157894736842,APOSTA,APROVADO,0.2314,2026-08-02T16:46:53.170282
2026-07-19,MEXICO 1,Queretaro,CF America,17.5,0.9646897315979004,3.317746315292911,3.519712040543257,0.08,0.05714285714285714,APOSTA,APROVADO,0.3338,2026-08-02T16:46:53.183949
2026-07-19,SWEDEN 2,Varnamo,Ljungskile,19.0,0.985487699508667,0.030999223698876133,2.724813125167347,0.04,0.05263157894736842,APOSTA,APROVADO,0.675,2026-08-02T16:46:53.194801
2026-07-19,PERU 1,CD Los Chankas,Sport Boys (Per),12.5,0.9551604986190796,,,0.07,0.08,APOSTA,APROVADO,0.3917,2026-08-02T16:46:53.208427
2026-07-19,ROMANIA 1,ACS Petrolul 52,Dinamo Bucharest,10.5,0.9716732501983643,2.532373512890852,2.307195885718498,0.09,0.09523809523809523,APOSTA,APROVADO,0.654,2026-08-02T16:46:53.226174
2026-07-20,BULGARIA 1,Slavia Sofia,CSKA Sofia,15.5,0.9646393060684204,0,1.8749415956515696,0.08,0.06451612903225806,APOSTA,APROVADO,0.4037,2026-08-02T16:46:53.240669
2026-07-20,SWEDEN 2,Norrby IF,Sundsvall,15.5,0.985487699508667,0,1.841627105540012,0.04,0.06451612903225806,APOSTA,APROVADO,0.7258,2026-08-02T16:46:53.253535
2026-07-20,BULGARIA 1,Botev Plovdiv,Lokomotiv Sofia,15.5,0.9646897315979004,0,3.1874182507267914,0.08,0.06451612903225806,APOSTA,APROVADO,0.4045,2026-08-02T16:46:53.265605
2026-07-21,ECUADOR 1,Libertad FC,Delfin,10.5,0.987210214138031,,,0.09,0.09523809523809523,APOSTA,APROVADO,0.8163,2026-08-02T16:46:53.275675
2026-07-21,BRAZIL 1,Atletico MG,Bahia,15.0,0.9756097793579102,2.932049877323018,2.2689951551975183,0.05,0.06666666666666667,APOSTA,APROVADO,0.5854,2026-08-02T16:46:53.286909
2026-07-22,BRAZIL 1,Chapecoense,Flamengo,18.0,1.0,2.58954923304823,2.361521959977008,0.05,0.05555555555555555,APOSTA,APROVADO,0.95,2026-08-02T16:46:53.362198
2026-07-22,BRAZIL 1,Internacional,Cruzeiro MG,13.0,0.9756097793579102,2.741069887999378,3.11414386959851,0.05,0.07692307692307693,APOSTA,APROVADO,0.6341,2026-08-02T16:46:53.376324
2026-07-23,BRAZIL 1,Corinthians,Remo,13.5,0.9716732501983643,2.4924989449856705,2.7843600531310524,0.05,0.07407407407407407,APOSTA,APROVADO,0.569,2026-08-02T16:46:53.397049
2026-07-23,ECUADOR 1,Emelec,Mushuc Runa,14.5,0.9551604986190796,1.713627396963981,2.279056839035708,0.09,0.06896551724137931,APOSTA,APROVADO,0.3021,2026-08-02T16:46:53.407914
2026-07-24,BULGARIA 1,Arda,Slavia Sofia,11.5,0.985487699508667,0,1.7704656442727436,0.08,0.08695652173913043,APOSTA,APROVADO,0.7838,2026-08-02T16:46:53.418585
2026-07-24,IRELAND 2,Treaty United,Athlone Town,13.0,0.9646897315979004,0,1.3976118867906764,0.08,0.07692307692307693,APOSTA,APROVADO,0.4927,2026-08-02T16:46:53.431106
2026-07-24,POLAND 2,Odra Opole,Arka Gdynia,15.5,0.9948652386665344,1.2492561222466212,2.490661280253261,0.03,0.06451612903225806,APOSTA,APROVADO,0.8707,2026-08-02T16:46:53.448855
2026-07-24,PERU 1,Alianza Atletico,CD Los Chankas,15.0,0.9756097793579102,2.1226289337633153,3.0398078019874326,0.07,0.06666666666666667,APOSTA,APROVADO,0.5854,2026-08-02T16:46:53.465207
2026-07-25,MEXICO 1,Atlante,CF America,18.0,0.9620798826217651,1.3511144592040079,3.5146194891034623,0.08,0.05555555555555555,APOSTA,APROVADO,0.2693,2026-08-02T16:46:53.492335
2026-07-25,CHINA 1,Qingdao Hainiu,Tianjin Jinmen Tiger FC,13.0,0.985487699508667,2.640589891495841,3.3343186561949216,0.04,0.07692307692307693,APOSTA,APROVADO,0.7621,2026-08-02T16:46:53.506685
2026-07-25,CHINA 1,Changchun Yatai,Nanjing City,14.5,0.9716732501983643,1.9468620576487203,1.8384579032193953,0.04,0.06896551724137931,APOSTA,APROVADO,0.5407,2026-08-02T16:46:53.517804
2026-07-25,CHINA 1,Wuhan Three Towns,Chongqing Tonglianglong,15.0,0.985487699508667,2.5120248152281714,2.657567038379563,0.04,0.06666666666666667,APOSTA,APROVADO,0.733,2026-08-02T16:46:53.542554
2026-07-25,DENMARK 2,Hvidovre,Vendsyssel FF,19.5,0.988034188747406,1.4130179475993598,1.8518770072951318,0.06,0.05128205128205128,APOSTA,APROVADO,0.7173,2026-08-02T16:46:53.557591
2026-07-25,SWEDEN 1,Degerfors,Djurgardens,20.0,0.985487699508667,1.9559380215281559,2.4133481056040953,0.04,0.05,APOSTA,APROVADO,0.6605,2026-08-02T16:46:53.568182
2026-07-25,POLAND 2,Pogon Siedlce,LKS Lodz,15.5,0.9980806112289429,0,2.374841142147979,0.03,0.06451612903225806,APOSTA,APROVADO,0.9203,2026-08-02T16:46:53.578329
2026-07-25,FINLAND 1,KuPS,VPS,16.0,0.9716732501983643,2.8011527790406947,2.472460498367262,0.05,0.0625,APOSTA,APROVADO,0.4982,2026-08-02T16:46:53.588917
2026-07-25,NORWAY 1,Kristiansund,Start,15.5,0.985487699508667,2.647017629072452,2.665759595099656,0.03,0.06451612903225806,APOSTA,APROVADO,0.7258,2026-08-02T16:46:53.600344
2026-07-25,CZECH 1,Teplice,Bohemians 1905,12.5,0.9470410943031311,2.64070939658043,3.178372843094968,0.09,0.08,APOSTA,APROVADO,0.2907,2026-08-02T16:46:53.619028
2026-07-25,CZECH 1,Zlin,Banik Ostrava,12.5,0.9401767253875732,2.495541407878234,3.4268260723753077,0.09,0.08,APOSTA,APROVADO,0.2052,2026-08-02T16:46:53.642464
2026-07-25,POLAND 1,Gornik Zabrze,Slask Wroclaw,16.0,0.9756097793579102,1.0348549873290802,4.273364210947036,0.08,0.0625,APOSTA,APROVADO,0.561,2026-08-02T16:46:53.667175
2026-07-25,SWEDEN 1,Kalmar FF,Mjallby,17.0,0.9646897315979004,2.400227846162516,3.632843511300999,0.04,0.058823529411764705,APOSTA,APROVADO,0.3515,2026-08-02T16:46:53.683287
2026-07-25,BULGARIA 1,CSKA 1948 Sofia,Botev Vratsa,14.5,0.985487699508667,0,2.047951540729637,0.08,0.06896551724137931,APOSTA,APROVADO,0.7403,2026-08-02T16:46:53.694649
2026-07-25,SLOVAKIA 1,Trencin,KFC Komarno,17.5,0.9646897315979004,1.8281042661395257,2.5153194876571052,0.07,0.05714285714285714,APOSTA,APROVADO,0.3338,2026-08-02T16:46:53.713824
2026-07-25,ROMANIA 1,Dinamo Bucharest,Universitatea Craiova,12.0,0.985487699508667,1.8008326523954925,1.9363122404569428,0.09,0.08333333333333333,APOSTA,APROVADO,0.7766,2026-08-02T16:46:53.735586
2026-07-25,URUGUAY 1,Central Espanol,Cerro Largo FC,11.5,0.9646897315979004,0,2.826596289303427,0.05,0.08695652173913043,APOSTA,APROVADO,0.5457,2026-08-02T16:46:53.758983
2026-07-25,IRELAND 1,Sligo Rovers,Drogheda,15.0,0.9657142758369446,2.491922001980879,2.268753478608305,0.08,0.06666666666666667,APOSTA,APROVADO,0.4374,2026-08-02T16:46:53.769472
2026-07-25,PERU 1,Juan Pablo II College,Cienciano,18.0,0.9756097793579102,2.4679708168371066,2.886561532978324,0.07,0.05555555555555555,APOSTA,APROVADO,0.5122,2026-08-02T16:46:53.790219
2026-07-25,COLOMBIA 1,Ind Medellin,Deportivo Pasto,12.0,0.9646897315979004,2.606403872487588,3.794775496334511,0.06,0.08333333333333333,APOSTA,APROVADO,0.528,2026-08-02T16:46:53.803606
2026-07-25,BRAZIL 1,Athletico-PR,Internacional,11.0,0.9980806112289429,2.9757116681303897,2.664417986986306,0.05,0.09090909090909091,APOSTA,APROVADO,0.929,2026-08-02T16:46:53.814631
2026-07-25,COLOMBIA 1,Millonarios,Atletico Bucaramanga,10.5,0.9922480583190918,1.9187703451459517,2.5871102163603323,0.06,0.09523809523809523,APOSTA,APROVADO,0.869,2026-08-02T16:46:53.828306
2026-07-25,BRAZIL 1,Vasco Da Gama,Mirassol,12.0,0.985487699508667,,,0.05,0.08333333333333333,APOSTA,APROVADO,0.7766,2026-08-02T16:46:53.839194
2026-07-26,MEXICO 1,Santos Laguna,Atlas,15.0,0.9596469402313232,2.173057675019006,1.7968455304597883,0.08,0.06666666666666667,APOSTA,APROVADO,0.3467,2026-08-02T16:46:53.854763
2026-07-26,MEXICO 1,Tigres,Atletico San Luis,18.5,0.9551604986190796,0.9977173304966237,2.0998605783456985,0.08,0.05405405405405406,APOSTA,APROVADO,0.1227,2026-08-02T16:46:53.870195
2026-07-26,CZECH 1,Slavia Praha B,FK Pribram,18.5,0.9551604986190796,2.884841967627308,3.9237085055803913,0.09,0.05405405405405406,APOSTA,APROVADO,0.1227,2026-08-02T16:46:53.899027
2026-07-26,CHINA 1,Yanbian Longding,Meizhou Hakka,17.5,0.985487699508667,2.2308319582356977,2.1540730357507876,0.04,0.05714285714285714,APOSTA,APROVADO,0.6968,2026-08-02T16:46:53.911779
2026-07-26,SWEDEN 2,Sundsvall,Falkenbergs,18.5,0.9948652386665344,0,3.296345907314501,0.04,0.05405405405405406,APOSTA,APROVADO,0.8553,2026-08-02T16:46:53.929136
2026-07-26,DENMARK 2,Hobro,Aarhus Fremad,15.0,0.9756097793579102,2.533536363628916,2.35448743414773,0.06,0.06666666666666667,APOSTA,APROVADO,0.5854,2026-08-02T16:46:53.943869
2026-07-26,FINLAND 1,Ilves,Lahti,18.5,0.9716732501983643,2.689809892985632,3.017347930974268,0.05,0.05405405405405406,APOSTA,APROVADO,0.4274,2026-08-02T16:46:53.962015
2026-07-26,SWEDEN 1,Malmo FF,Elfsborg,19.5,0.9716732501983643,2.1214165352255714,2.8731777944614296,0.04,0.05128205128205128,APOSTA,APROVADO,0.399,2026-08-02T16:46:53.987230
2026-07-26,SLOVAKIA 1,Ruzomberok,Dunajska Streda,14.0,0.9646897315979004,2.0064119145808035,2.018594547504504,0.07,0.07142857142857142,APOSTA,APROVADO,0.4574,2026-08-02T16:46:54.005589
2026-07-26,SWEDEN 2,Norrby IF,Ostersunds FK,16.5,0.985487699508667,0,2.6013664329797654,0.04,0.06060606060606061,APOSTA,APROVADO,0.7113,2026-08-02T16:46:54.022580
2026-07-26,CZECH 1,FK Jablonec,Sigma Olomouc,13.0,0.9620798826217651,2.990323242113774,3.0578069135374544,0.09,0.07692307692307693,APOSTA,APROVADO,0.4589,2026-08-02T16:46:54.037901
2026-07-26,POLAND 1,Widzew Lodz,LKP Motor Lublin,14.0,0.9716732501983643,2.7160405081186747,3.671351238085912,0.08,0.07142857142857142,APOSTA,APROVADO,0.5548,2026-08-02T16:46:54.075038
2026-07-26,BULGARIA 1,Cherno More,Spartak Varna,12.5,0.9716732501983643,0,1.473954195509904,0.08,0.08,APOSTA,APROVADO,0.5973,2026-08-02T16:46:54.091123
2026-07-26,ROMANIA 1,Csikszereda,FCSB,16.5,0.9548254609107971,3.0447132035698017,2.8358991118924983,0.09,0.06060606060606061,APOSTA,APROVADO,0.2069,2026-08-02T16:46:54.108754
2026-07-26,CZECH 1,Hradec Kralove,Pardubice,13.0,0.9551604986190796,1.941470574226527,2.368501974177949,0.09,0.07692307692307693,APOSTA,APROVADO,0.3693,2026-08-02T16:46:54.122471
2026-07-26,PERU 1,UTC Cajamarca,Cesar Vallejo Moquegua,16.5,0.9646393060684204,1.3047492277602484,3.124046768836458,0.07,0.06060606060606061,APOSTA,APROVADO,0.3683,2026-08-02T16:46:54.142045
2026-07-26,BULGARIA 1,Lokomotiv Plovdiv,Septemvri,11.0,0.9716732501983643,0,1.9064093925840133,0.08,0.09090909090909091,APOSTA,APROVADO,0.6398,2026-08-02T16:46:54.212809
2026-07-26,BRAZIL 1,Bahia,Corinthians,12.5,0.988034188747406,2.243098408061111,2.119777634991706,0.05,0.08,APOSTA,APROVADO,0.801,2026-08-02T16:46:54.291213
2026-07-26,BRAZIL 1,Cruzeiro MG,Botafogo FR,16.0,0.9669687747955322,3.911630989925505,2.973620113812955,0.05,0.0625,APOSTA,APROVADO,0.4232,2026-08-02T16:46:54.384419
2026-07-26,CHILE 1,Nublense,Palestino,12.5,0.9716732501983643,1.4864029179063927,2.885191497406689,0.06,0.08,APOSTA,APROVADO,0.5973,2026-08-02T16:46:54.512664
2026-07-26,BRAZIL 1,Gremio,Fluminense,12.0,0.985487699508667,1.8742074745851378,2.1304347547843783,0.05,0.08333333333333333,APOSTA,APROVADO,0.7766,2026-08-02T16:46:54.600426
2026-07-26,BRAZIL 1,Red Bull Bragantino,Coritiba,14.5,0.985487699508667,3.0954201872035276,2.9614055038605143,0.05,0.06896551724137931,APOSTA,APROVADO,0.7403,2026-08-02T16:46:54.646719
2026-07-26,BRAZIL 1,SE Palmeiras,Atletico MG,12.0,0.9756097793579102,2.8040938545730256,2.81962091579688,0.05,0.08333333333333333,APOSTA,APROVADO,0.6585,2026-08-02T16:46:54.734178
2026-07-26,PERU 1,Deportivo Garcilaso,FC Cajamarca,14.0,0.9646393060684204,2.7856325954852914,2.648264215790492,0.07,0.07142857142857142,APOSTA,APROVADO,0.4567,2026-08-02T16:46:54.792899
2026-07-27,ROMANIA 1,CFR Cluj,FC Voluntari,16.5,0.9596469402313232,0.7979029398878658,2.729905676607141,0.09,0.06060606060606061,APOSTA,APROVADO,0.2862,2026-08-02T16:46:54.834906
2026-07-27,BULGARIA 1,Dunav Ruse,Ludogorets,19.5,0.9620798826217651,0.02610460943063253,2.1088230939885486,0.08,0.05128205128205128,APOSTA,APROVADO,0.2125,2026-08-02T16:46:54.856759
2026-07-27,CZECH 1,SFC Opava,MFK Karvina,16.0,0.9470410943031311,1.9744368376221877,3.198268229130789,0.09,0.0625,APOSTA,APROVADO,0.1053,2026-08-02T16:46:54.873747
2026-07-27,DENMARK 1,Randers,Silkeborg,19.0,0.9620798826217651,2.511781634317635,3.0563369560610547,0.08,0.05263157894736842,APOSTA,APROVADO,0.2314,2026-08-02T16:46:54.886408
2026-07-27,POLAND 1,Zaglebie Lubin,Piast Gliwice,11.0,0.985487699508667,1.619955839165538,2.0390535814327095,0.08,0.09090909090909091,APOSTA,APROVADO,0.7911,2026-08-02T16:46:54.900802
2026-07-27,SWEDEN 2,Orebro,Oddevold,19.0,0.988034188747406,0,2.61847268736482,0.04,0.05263157894736842,APOSTA,APROVADO,0.7232,2026-08-02T16:46:54.912568
2026-07-27,BULGARIA 1,CSKA Sofia,Botev Plovdiv,16.0,0.9596469402313232,0,2.335334932401288,0.08,0.0625,APOSTA,APROVADO,0.3064,2026-08-02T16:46:54.924291
2026-07-27,ROMANIA 1,Botosani,Rapid Bucharest,12.5,0.9551604986190796,2.286315412379726,2.4659625457969914,0.09,0.08,APOSTA,APROVADO,0.3917,2026-08-02T16:46:54.953607
2026-07-27,ECUADOR 1,Guayaquil City,Univ Catolica (Ecu),12.0,0.987210214138031,1.5859669520140092,2.724620266556022,0.09,0.08333333333333333,APOSTA,APROVADO,0.7972,2026-08-02T16:46:54.982131
2026-07-28,SWEDEN 2,Landskrona,Norrkoping,18.5,0.985487699508667,0,3.1390083880327264,0.04,0.05405405405405406,APOSTA,APROVADO,0.6822,2026-08-02T16:46:55.082398
2026-07-29,PARAGUAY 1,Sportivo Luqueno,Sportivo Trinidense,12.0,0.9349064230918884,2.2916203249853133,2.4928549759495455,0.09,0.08333333333333333,APOSTA,APROVADO,0.1721,2026-08-02T16:46:55.123104
2026-07-29,BRAZIL 1,Internacional,Flamengo,13.5,0.9620798826217651,3.7072625170739233,3.0014054011304765,0.05,0.07407407407407407,APOSTA,APROVADO,0.44,2026-08-02T16:46:55.151675
2026-07-29,BRAZIL 1,Mirassol,Remo,13.5,0.9620798826217651,2.1601961736010438,2.8512123743003306,0.05,0.07407407407407407,APOSTA,APROVADO,0.44,2026-08-02T16:46:55.249482
2026-07-29,BRAZIL 1,Fluminense,Bahia,15.5,0.9620798826217651,3.8036081410223295,3.072220623209371,0.05,0.06451612903225806,APOSTA,APROVADO,0.3641,2026-08-02T16:46:55.272318
2026-07-30,BRAZIL 1,Coritiba,Cruzeiro MG,10.5,0.985487699508667,1.6149577861213693,2.485568728813467,0.05,0.09523809523809523,APOSTA,APROVADO,0.7983,2026-08-02T16:46:55.307357
2026-07-30,COLOMBIA 1,Atletico Bucaramanga,Llaneros FC,12.0,0.985487699508667,1.2410991248440744,2.6976211576506053,0.06,0.08333333333333333,APOSTA,APROVADO,0.7766,2026-08-02T16:46:55.345314
2026-07-01,WORLD WORLD CUP,England,DR Congo,13.0,0.9620798826217651,2.5466757659290296,4.3445083997689045,0.08,0.07692307692307693,APOSTA,APROVADO,0.4589,2026-08-02T16:47:23.091290
2026-07-01,WORLD WORLD CUP,Belgium,Senegal,13.5,0.9646897315979004,2.363011233048843,5.323996149698022,0.08,0.07407407407407407,APOSTA,APROVADO,0.4751,2026-08-02T16:47:23.101404
2026-07-02,WORLD WORLD CUP,Spain,Austria,20.0,0.985487699508667,3.539181964888453,3.3032316932611243,0.08,0.05,APOSTA,APROVADO,0.6605,2026-08-02T16:47:23.126458
2026-07-03,WORLD WORLD CUP,Switzerland,Algeria,11.5,0.9646393060684204,2.1003154843525995,4.791294657055565,0.08,0.08695652173913043,APOSTA,APROVADO,0.5451,2026-08-02T16:47:23.146149
2026-07-03,IRELAND 2,Cobh Ramblers,Cork City,16.5,0.9551604986190796,0,2.8645961128172255,0.08,0.06060606060606061,APOSTA,APROVADO,0.2124,2026-08-02T16:47:23.156769
2026-07-03,IRELAND 2,Finn Harps,Wexford F.C,18.5,0.9548254609107971,0,1.6273525535483047,0.08,0.05405405405405406,APOSTA,APROVADO,0.1165,2026-08-02T16:47:23.168559
2026-07-03,IRELAND 2,Treaty United,Kerry FC,18.5,0.9551604986190796,0,1.1654120609836605,0.08,0.05405405405405406,APOSTA,APROVADO,0.1227,2026-08-02T16:47:23.180106
2026-07-03,IRELAND 1,Drogheda,Bohemians,15.0,0.9431891441345215,2.7576425801726216,3.956623826050252,0.08,0.06666666666666667,APOSTA,APROVADO,0.1007,2026-08-02T16:47:23.190784
2026-07-03,IRELAND 1,Sligo Rovers,Shamrock Rovers,17.0,0.988034188747406,2.526273857677756,2.3709665372505286,0.08,0.058823529411764705,APOSTA,APROVADO,0.7472,2026-08-02T16:47:23.202027
2026-07-03,WORLD WORLD CUP,Colombia,Ghana,12.5,0.9620798826217651,0.9057993490780503,3.439710961875349,0.08,0.08,APOSTA,APROVADO,0.4779,2026-08-02T16:47:23.212108
2026-07-04,CHINA 1,Liaoning Tieren FC,Chongqing Tonglianglong,15.5,0.985487699508667,2.561387476757271,2.7355156552364477,0.04,0.06451612903225806,APOSTA,APROVADO,0.7258,2026-08-02T16:47:23.237788
2026-07-04,CHINA 1,Dalian Yingbo,Wuhan Three Towns,20.0,0.9756097793579102,2.9530190840118666,3.5953435426624587,0.04,0.05,APOSTA,APROVADO,0.4634,2026-08-02T16:47:23.249310
2026-07-04,CHINA 1,Tianjin Jinmen Tiger FC,Shenzhen Peng City,18.0,0.987210214138031,1.49754694547141,1.7302994422256468,0.04,0.05555555555555555,APOSTA,APROVADO,0.7204,2026-08-02T16:47:23.265755
2026-07-04,FINLAND 1,Lahti,Gnistan,16.5,0.9756097793579102,3.9641968597063126,3.3562873642255084,0.05,0.06060606060606061,APOSTA,APROVADO,0.5488,2026-08-02T16:47:23.276301
2026-07-04,SWEDEN 1,Degerfors,Malmo FF,17.0,0.9756097793579102,1.8383712216457204,2.2181852857767965,0.04,0.058823529411764705,APOSTA,APROVADO,0.5366,2026-08-02T16:47:23.285350
2026-07-04,SWEDEN 1,Halmstads,Vasteras SK,16.5,0.9596469402313232,0.8735786313204374,1.6977732466798972,0.04,0.06060606060606061,APOSTA,APROVADO,0.2862,2026-08-02T16:47:23.297332
2026-07-04,WORLD WORLD CUP,Canada,Morocco,10.5,0.9756097793579102,0.517161176386653,3.2805743229422397,0.08,0.09523809523809523,APOSTA,APROVADO,0.6951,2026-08-02T16:47:23.307386
2026-07-04,ECUADOR 1,Libertad FC,CD Leones del Norte,10.5,0.9620798826217651,,,0.09,0.09523809523809523,APOSTA,APROVADO,0.5537,2026-08-02T16:47:23.341670
2026-07-04,ECUADOR 1,Barcelona (Ecu),Deportivo Cuenca,13.5,0.9551604986190796,1.774928563266597,2.4176172394488487,0.09,0.07407407407407407,APOSTA,APROVADO,0.3469,2026-08-02T16:47:23.364197
2026-07-05,SWEDEN 1,IFK Goteborg,AIK,19.5,0.985487699508667,1.553888595866042,2.1380613088666784,0.04,0.05128205128205128,APOSTA,APROVADO,0.6677,2026-08-02T16:47:23.382123
2026-07-05,SWEDEN 1,Elfsborg,Hammarby,19.0,0.9716732501983643,2.3450776642801667,2.1233413662596248,0.04,0.05263157894736842,APOSTA,APROVADO,0.4132,2026-08-02T16:47:23.392225
2026-07-06,SWEDEN 1,Brommapojkarna,GAIS,17.0,0.987210214138031,2.5298830844858466,2.309000456490672,0.04,0.058823529411764705,APOSTA,APROVADO,0.7332,2026-08-02T16:47:23.403756
2026-07-07,WORLD WORLD CUP,Argentina,Egypt,14.0,0.93829745054245,1.4866205203911718,4.311212245300398,0.08,0.07142857142857142,APOSTA,APROVADO,0.0892,2026-08-02T16:47:23.438454
2026-07-07,ECUADOR 1,Aucas,Guayaquil City,18.5,0.9646393060684204,1.5001668101099577,2.5873472522551513,0.09,0.05405405405405406,APOSTA,APROVADO,0.2976,2026-08-02T16:47:23.449647
2026-07-10,IRELAND 2,Athlone Town,Cobh Ramblers,18.0,0.987210214138031,0,2.140689297233893,0.08,0.05555555555555555,APOSTA,APROVADO,0.7204,2026-08-02T16:47:23.468786
2026-07-10,IRELAND 2,Wexford F.C,Kerry FC,12.5,0.9646897315979004,0,1.4673325813686262,0.08,0.08,APOSTA,APROVADO,0.5104,2026-08-02T16:47:23.482437
2026-07-10,ECUADOR 1,CD Leones del Norte,Univ Catolica (Ecu),13.0,0.9551604986190796,2.278328384179767,4.203460702475348,0.09,0.07692307692307693,APOSTA,APROVADO,0.3693,2026-08-02T16:47:23.497130
2026-07-11,CHINA 1,Yanbian Longding,Suzhou Dongwu,13.5,0.9980806112289429,2.265775708993785,1.955493932990466,0.04,0.07407407407407407,APOSTA,APROVADO,0.9242,2026-08-02T16:47:23.512816
2026-07-11,ESTONIA 1,Parnu JK Vaprus,Tammeka Tartu,19.0,0.9948652386665344,0,2.363291165190339,0.03,0.05263157894736842,APOSTA,APROVADO,0.8527,2026-08-02T16:47:23.535422
2026-07-11,NORWAY 1,Fredrikstad,Lillestrom,18.5,0.988034188747406,2.133194872203923,2.6675233962897966,0.03,0.05405405405405406,APOSTA,APROVADO,0.7292,2026-08-02T16:47:23.545098
2026-07-11,SWEDEN 1,Mjallby,AIK,18.0,0.9716732501983643,2.3852654262067596,3.0858460383154798,0.04,0.05555555555555555,APOSTA,APROVADO,0.4415,2026-08-02T16:47:23.555181
2026-07-11,FINLAND 1,TPS,AC Oulu,16.5,0.9620798826217651,1.5820265777798488,1.8336408598502913,0.05,0.06060606060606061,APOSTA,APROVADO,0.3262,2026-08-02T16:47:23.565765
2026-07-11,IRELAND 1,Galway Utd,Sligo Rovers,19.5,0.9620798826217651,1.6318018080306527,2.1555613288702378,0.08,0.05128205128205128,APOSTA,APROVADO,0.2125,2026-08-02T16:47:23.577773
2026-07-11,NORWAY 1,Tromso,Valerenga,17.5,0.9716732501983643,2.4642737675183524,2.228394417949883,0.03,0.05714285714285714,APOSTA,APROVADO,0.4557,2026-08-02T16:47:23.588264
2026-07-11,URUGUAY 1,Danubio,Nacional (Uru),12.0,0.987210214138031,1.6362311423552394,2.6893878313484785,0.05,0.08333333333333333,APOSTA,APROVADO,0.7972,2026-08-02T16:47:23.598742
2026-07-11,BRAZIL 4,Portuguesa SP,Marcilio,12.0,0.9575471878051758,0.35536348234054665,2.086852269804259,0.09,0.08333333333333333,APOSTA,APROVADO,0.4427,2026-08-02T16:47:23.636158
2026-07-11,BRAZIL 4,XV De Piracicaba,Cianorte PR,11.0,0.9470410943031311,0,1.9877446204655258,0.09,0.09090909090909091,APOSTA,APROVADO,0.3701,2026-08-02T16:47:23.676065
2026-07-11,URUGUAY 1,Wanderers (Uru),Progreso,11.0,0.9980806112289429,0,1.0030493743865352,0.05,0.09090909090909091,APOSTA,APROVADO,0.929,2026-08-02T16:47:23.687897
2026-07-12,SWEDEN 1,Vasteras SK,Degerfors,15.0,0.93829745054245,2.193727837634437,3.454678032192455,0.04,0.06666666666666667,APOSTA,APROVADO,0.0275,2026-08-02T16:47:23.699037
2026-07-12,SWEDEN 1,GAIS,Elfsborg,15.5,1.0,2.229290603431486,2.5117557563891864,0.04,0.06451612903225806,APOSTA,APROVADO,0.95,2026-08-02T16:47:23.710166
2026-07-12,NORWAY 1,Sandefjord,Ham-Kam,19.0,0.9948652386665344,2.700326337424535,2.140689297233893,0.03,0.05263157894736842,APOSTA,APROVADO,0.8527,2026-08-02T16:47:23.721235
2026-07-12,URUGUAY 1,Boston River,Central Espanol,11.5,0.9716732501983643,0,3.217874412147265,0.05,0.08695652173913043,APOSTA,APROVADO,0.6257,2026-08-02T16:47:23.737046
2026-07-12,BOLIVIA 1,Real Potosi,Nacional Potosi,18.5,0.9646897315979004,1.436306166878971,4.014596281036046,0.05,0.05405405405405406,APOSTA,APROVADO,0.2985,2026-08-02T16:47:23.750951
2026-07-12,BRAZIL 4,ABC RN,Aguia de Maraba,17.0,0.9551604986190796,0.0016315380894145332,2.7217960118760214,0.09,0.058823529411764705,APOSTA,APROVADO,0.19,2026-08-02T16:47:23.782721
2026-07-12,BRAZIL 4,AD Iguatu,Maguary,11.5,0.9456824660301208,0,2.358957474999663,0.09,0.08695652173913043,APOSTA,APROVADO,0.3281,2026-08-02T16:47:23.809378
2026-07-12,BRAZIL 4,Asa AL,Ivinhema FC,14.0,0.985487699508667,0,1.774983486559481,0.09,0.07142857142857142,APOSTA,APROVADO,0.7476,2026-08-02T16:47:23.849786
2026-07-12,BRAZIL 4,Ferroviario,Imperatriz MA,12.5,0.9646393060684204,0,2.470537912576881,0.09,0.08,APOSTA,APROVADO,0.5098,2026-08-02T16:47:23.872613
2026-07-12,BRAZIL 4,Guapore RO,Luverdense,10.5,0.9620798826217651,0,2.5416546650889185,0.09,0.09523809523809523,APOSTA,APROVADO,0.5537,2026-08-02T16:47:23.908109
2026-07-14,ECUADOR 1,Macara,Mushuc Runa,11.0,0.9620798826217651,2.0516486625640833,2.671892452039314,0.09,0.09090909090909091,APOSTA,APROVADO,0.5348,2026-08-02T16:47:23.941635
2026-07-15,ECUADOR 1,Barcelona (Ecu),Guayaquil City,13.0,0.9551604986190796,1.569045348659654,2.4416934633172573,0.09,0.07692307692307693,APOSTA,APROVADO,0.3693,2026-08-02T16:47:23.954445
2026-07-16,BRAZIL 1,Botafogo FR,Santos,14.0,0.987210214138031,1.8306925756420045,2.6170491931209003,0.05,0.07142857142857142,APOSTA,APROVADO,0.7716,2026-08-02T16:47:23.972837
2026-07-16,MEXICO 1,Necaxa,Atlante,17.5,0.9716732501983643,1.427030503348555,2.9916192253629768,0.08,0.05714285714285714,APOSTA,APROVADO,0.4557,2026-08-02T16:47:23.998948
2026-07-17,MEXICO 1,Tijuana,Tigres,14.0,0.985487699508667,0.5332216564513542,1.561471098308964,0.08,0.07142857142857142,APOSTA,APROVADO,0.7476,2026-08-02T16:47:24.011347
2026-07-17,CHINA 1,Changchun Yatai,Wuxi Wugou,17.0,0.987210214138031,2.406275995483507,2.4570359165121713,0.04,0.058823529411764705,APOSTA,APROVADO,0.7332,2026-08-02T16:47:24.023025
2026-07-17,ROMANIA 1,FC Voluntari,Botosani,12.0,0.9233813285827637,1.1041973002850638,2.678937022586179,0.09,0.08333333333333333,APOSTA,APROVADO,0.0344,2026-08-02T16:47:24.048649
2026-07-17,BULGARIA 1,Spartak Varna,CSKA 1948 Sofia,15.0,0.9646897315979004,0,3.0364008004432,0.08,0.06666666666666667,APOSTA,APROVADO,0.4221,2026-08-02T16:47:24.058671
2026-07-17,PERU 1,FC Cajamarca,Juan Pablo II College,17.0,0.9551604986190796,2.143787323651971,3.4076836153464516,0.07,0.058823529411764705,APOSTA,APROVADO,0.19,2026-08-02T16:47:24.075311
2026-07-17,URUGUAY 1,Nacional (Uru),Wanderers (Uru),17.0,0.985487699508667,1.0235010698314864,2.221954499586219,0.05,0.058823529411764705,APOSTA,APROVADO,0.704,2026-08-02T16:47:24.096391
2026-07-17,BRAZIL 1,Fluminense,Red Bull Bragantino,12.5,0.9646897315979004,2.886791710146721,2.758044723289931,0.05,0.08,APOSTA,APROVADO,0.5104,2026-08-02T16:47:24.113700
2026-07-17,BRAZIL 1,Mirassol,Gremio,11.5,0.9620798826217651,1.9969404265711235,2.311623804163492,0.05,0.08695652173913043,APOSTA,APROVADO,0.5158,2026-08-02T16:47:24.126326
2026-07-18,SWEDEN 2,Oddevold,Varbergs BoIS,18.0,0.9620798826217651,0,4.19727362353461,0.04,0.05555555555555555,APOSTA,APROVADO,0.2693,2026-08-02T16:47:24.152983
2026-07-18,CHINA 1,Wuhan Three Towns,Shenzhen Peng City,19.0,0.9922480583190918,1.9833211523254457,2.031619885961735,0.04,0.05263157894736842,APOSTA,APROVADO,0.8031,2026-08-02T16:47:24.181424
2026-07-18,NORWAY 1,Ham-Kam,Tromso,15.5,0.987210214138031,2.3684968809395657,3.148581314669296,0.03,0.06451612903225806,APOSTA,APROVADO,0.7524,2026-08-02T16:47:24.204575
2026-07-18,SWEDEN 1,AIK,GAIS,17.0,0.9948652386665344,3.1397686715454047,2.47763594179603,0.04,0.058823529411764705,APOSTA,APROVADO,0.863,2026-08-02T16:47:24.226514
2026-07-18,SWEDEN 2,Ostersunds FK,Landskrona,16.0,0.9620798826217651,0,4.011861613915968,0.04,0.0625,APOSTA,APROVADO,0.3452,2026-08-02T16:47:24.243978
2026-07-18,FINLAND 1,AC Oulu,Gnistan,18.0,0.985487699508667,3.3882509445699065,2.883944880876453,0.05,0.05555555555555555,APOSTA,APROVADO,0.6895,2026-08-02T16:47:24.257044
2026-07-18,NORWAY 1,Start,Rosenborg,18.5,0.9756097793579102,1.1854888620708817,1.349477532167301,0.03,0.05405405405405406,APOSTA,APROVADO,0.5,2026-08-02T16:47:24.268929
2026-07-18,BULGARIA 1,Septemvri,Arda,10.5,0.985487699508667,0,1.8682086620630338,0.08,0.09523809523809523,APOSTA,APROVADO,0.7983,2026-08-02T16:47:24.286921
2026-07-18,PERU 1,Cesar Vallejo Moquegua,Comerciantes Unidos,10.5,0.985487699508667,0.790439102634934,2.343991215109001,0.07,0.09523809523809523,APOSTA,APROVADO,0.7983,2026-08-02T16:47:24.302521
2026-07-18,ECUADOR 1,Deportivo Cuenca,Univ Catolica (Ecu),12.0,0.9646897315979004,2.5216011305409523,3.6391733978822396,0.09,0.08333333333333333,APOSTA,APROVADO,0.528,2026-08-02T16:47:24.338643
2026-07-18,URUGUAY 1,Penarol,Boston River,15.0,0.9620798826217651,0,2.171603780618794,0.05,0.06666666666666667,APOSTA,APROVADO,0.3831,2026-08-02T16:47:24.353412
2026-07-18,PERU 1,Cusco FC,Alianza Atletico,15.5,0.9716732501983643,2.7611255598419047,2.7078349305180867,0.07,0.06451612903225806,APOSTA,APROVADO,0.5124,2026-08-02T16:47:24.380096
2026-07-18,MEXICO 1,Guadalajara,Toluca,19.0,0.9620798826217651,1.6624634845782889,3.2636368978750125,0.08,0.05263157894736842,APOSTA,APROVADO,0.2314,2026-08-02T16:47:24.404029
2026-07-19,MEXICO 1,Queretaro,CF America,17.5,0.9646897315979004,3.317746315292911,3.519712040543257,0.08,0.05714285714285714,APOSTA,APROVADO,0.3338,2026-08-02T16:47:24.419731
2026-07-19,SWEDEN 2,Varnamo,Ljungskile,19.0,0.985487699508667,0.030999223698876133,2.724813125167347,0.04,0.05263157894736842,APOSTA,APROVADO,0.675,2026-08-02T16:47:24.430454
2026-07-19,PERU 1,CD Los Chankas,Sport Boys (Per),12.5,0.9551604986190796,,,0.07,0.08,APOSTA,APROVADO,0.3917,2026-08-02T16:47:24.445040
2026-07-19,ROMANIA 1,ACS Petrolul 52,Dinamo Bucharest,10.5,0.9716732501983643,2.532373512890852,2.307195885718498,0.09,0.09523809523809523,APOSTA,APROVADO,0.654,2026-08-02T16:47:24.467198
2026-07-20,BULGARIA 1,Slavia Sofia,CSKA Sofia,15.5,0.9646393060684204,0,1.8749415956515696,0.08,0.06451612903225806,APOSTA,APROVADO,0.4037,2026-08-02T16:47:24.485141
2026-07-20,SWEDEN 2,Norrby IF,Sundsvall,15.5,0.985487699508667,0,1.841627105540012,0.04,0.06451612903225806,APOSTA,APROVADO,0.7258,2026-08-02T16:47:24.501750
2026-07-20,BULGARIA 1,Botev Plovdiv,Lokomotiv Sofia,15.5,0.9646897315979004,0,3.1874182507267914,0.08,0.06451612903225806,APOSTA,APROVADO,0.4045,2026-08-02T16:47:24.515383
2026-07-21,ECUADOR 1,Libertad FC,Delfin,10.5,0.987210214138031,,,0.09,0.09523809523809523,APOSTA,APROVADO,0.8163,2026-08-02T16:47:24.524954
2026-07-21,BRAZIL 1,Atletico MG,Bahia,15.0,0.9756097793579102,2.932049877323018,2.2689951551975183,0.05,0.06666666666666667,APOSTA,APROVADO,0.5854,2026-08-02T16:47:24.534824
2026-07-22,BRAZIL 1,Chapecoense,Flamengo,18.0,1.0,2.58954923304823,2.361521959977008,0.05,0.05555555555555555,APOSTA,APROVADO,0.95,2026-08-02T16:47:24.618063
2026-07-22,BRAZIL 1,Internacional,Cruzeiro MG,13.0,0.9756097793579102,2.741069887999378,3.11414386959851,0.05,0.07692307692307693,APOSTA,APROVADO,0.6341,2026-08-02T16:47:24.635157
2026-07-23,BRAZIL 1,Corinthians,Remo,13.5,0.9716732501983643,2.4924989449856705,2.7843600531310524,0.05,0.07407407407407407,APOSTA,APROVADO,0.569,2026-08-02T16:47:24.657935
2026-07-23,ECUADOR 1,Emelec,Mushuc Runa,14.5,0.9551604986190796,1.713627396963981,2.279056839035708,0.09,0.06896551724137931,APOSTA,APROVADO,0.3021,2026-08-02T16:47:24.668898
2026-07-24,BULGARIA 1,Arda,Slavia Sofia,11.5,0.985487699508667,0,1.7704656442727436,0.08,0.08695652173913043,APOSTA,APROVADO,0.7838,2026-08-02T16:47:24.680116
2026-07-24,IRELAND 2,Treaty United,Athlone Town,13.0,0.9646897315979004,0,1.3976118867906764,0.08,0.07692307692307693,APOSTA,APROVADO,0.4927,2026-08-02T16:47:24.693286
2026-07-24,POLAND 2,Odra Opole,Arka Gdynia,15.5,0.9948652386665344,1.2492561222466212,2.490661280253261,0.03,0.06451612903225806,APOSTA,APROVADO,0.8707,2026-08-02T16:47:24.716490
2026-07-24,PERU 1,Alianza Atletico,CD Los Chankas,15.0,0.9756097793579102,2.1226289337633153,3.0398078019874326,0.07,0.06666666666666667,APOSTA,APROVADO,0.5854,2026-08-02T16:47:24.735508
2026-07-25,MEXICO 1,Atlante,CF America,18.0,0.9620798826217651,1.3511144592040079,3.5146194891034623,0.08,0.05555555555555555,APOSTA,APROVADO,0.2693,2026-08-02T16:47:24.769153
2026-07-25,CHINA 1,Qingdao Hainiu,Tianjin Jinmen Tiger FC,13.0,0.985487699508667,2.640589891495841,3.3343186561949216,0.04,0.07692307692307693,APOSTA,APROVADO,0.7621,2026-08-02T16:47:24.783137
2026-07-25,CHINA 1,Changchun Yatai,Nanjing City,14.5,0.9716732501983643,1.9468620576487203,1.8384579032193953,0.04,0.06896551724137931,APOSTA,APROVADO,0.5407,2026-08-02T16:47:24.794847
2026-07-25,CHINA 1,Wuhan Three Towns,Chongqing Tonglianglong,15.0,0.985487699508667,2.5120248152281714,2.657567038379563,0.04,0.06666666666666667,APOSTA,APROVADO,0.733,2026-08-02T16:47:24.825007
2026-07-25,DENMARK 2,Hvidovre,Vendsyssel FF,19.5,0.988034188747406,1.4130179475993598,1.8518770072951318,0.06,0.05128205128205128,APOSTA,APROVADO,0.7173,2026-08-02T16:47:24.841895
2026-07-25,SWEDEN 1,Degerfors,Djurgardens,20.0,0.985487699508667,1.9559380215281559,2.4133481056040953,0.04,0.05,APOSTA,APROVADO,0.6605,2026-08-02T16:47:24.853755
2026-07-25,POLAND 2,Pogon Siedlce,LKS Lodz,15.5,0.9980806112289429,0,2.374841142147979,0.03,0.06451612903225806,APOSTA,APROVADO,0.9203,2026-08-02T16:47:24.866306
2026-07-25,FINLAND 1,KuPS,VPS,16.0,0.9716732501983643,2.8011527790406947,2.472460498367262,0.05,0.0625,APOSTA,APROVADO,0.4982,2026-08-02T16:47:24.882248
2026-07-25,NORWAY 1,Kristiansund,Start,15.5,0.985487699508667,2.647017629072452,2.665759595099656,0.03,0.06451612903225806,APOSTA,APROVADO,0.7258,2026-08-02T16:47:24.891795
2026-07-25,CZECH 1,Teplice,Bohemians 1905,12.5,0.9470410943031311,2.64070939658043,3.178372843094968,0.09,0.08,APOSTA,APROVADO,0.2907,2026-08-02T16:47:24.904248
2026-07-25,CZECH 1,Zlin,Banik Ostrava,12.5,0.9401767253875732,2.495541407878234,3.4268260723753077,0.09,0.08,APOSTA,APROVADO,0.2052,2026-08-02T16:47:24.917450
2026-07-25,POLAND 1,Gornik Zabrze,Slask Wroclaw,16.0,0.9756097793579102,1.0348549873290802,4.273364210947036,0.08,0.0625,APOSTA,APROVADO,0.561,2026-08-02T16:47:24.929495
2026-07-25,SWEDEN 1,Kalmar FF,Mjallby,17.0,0.9646897315979004,2.400227846162516,3.632843511300999,0.04,0.058823529411764705,APOSTA,APROVADO,0.3515,2026-08-02T16:47:24.942776
2026-07-25,BULGARIA 1,CSKA 1948 Sofia,Botev Vratsa,14.5,0.985487699508667,0,2.047951540729637,0.08,0.06896551724137931,APOSTA,APROVADO,0.7403,2026-08-02T16:47:24.952245
2026-07-25,SLOVAKIA 1,Trencin,KFC Komarno,17.5,0.9646897315979004,1.8281042661395257,2.5153194876571052,0.07,0.05714285714285714,APOSTA,APROVADO,0.3338,2026-08-02T16:47:24.968699
2026-07-25,ROMANIA 1,Dinamo Bucharest,Universitatea Craiova,12.0,0.985487699508667,1.8008326523954925,1.9363122404569428,0.09,0.08333333333333333,APOSTA,APROVADO,0.7766,2026-08-02T16:47:24.984468
2026-07-25,URUGUAY 1,Central Espanol,Cerro Largo FC,11.5,0.9646897315979004,0,2.826596289303427,0.05,0.08695652173913043,APOSTA,APROVADO,0.5457,2026-08-02T16:47:25.004029
2026-07-25,IRELAND 1,Sligo Rovers,Drogheda,15.0,0.9657142758369446,2.491922001980879,2.268753478608305,0.08,0.06666666666666667,APOSTA,APROVADO,0.4374,2026-08-02T16:47:25.013511
2026-07-25,PERU 1,Juan Pablo II College,Cienciano,18.0,0.9756097793579102,2.4679708168371066,2.886561532978324,0.07,0.05555555555555555,APOSTA,APROVADO,0.5122,2026-08-02T16:47:25.031760
2026-07-25,COLOMBIA 1,Ind Medellin,Deportivo Pasto,12.0,0.9646897315979004,2.606403872487588,3.794775496334511,0.06,0.08333333333333333,APOSTA,APROVADO,0.528,2026-08-02T16:47:25.043929
2026-07-25,BRAZIL 1,Athletico-PR,Internacional,11.0,0.9980806112289429,2.9757116681303897,2.664417986986306,0.05,0.09090909090909091,APOSTA,APROVADO,0.929,2026-08-02T16:47:25.053596
2026-07-25,COLOMBIA 1,Millonarios,Atletico Bucaramanga,10.5,0.9922480583190918,1.9187703451459517,2.5871102163603323,0.06,0.09523809523809523,APOSTA,APROVADO,0.869,2026-08-02T16:47:25.066935
2026-07-25,BRAZIL 1,Vasco Da Gama,Mirassol,12.0,0.985487699508667,,,0.05,0.08333333333333333,APOSTA,APROVADO,0.7766,2026-08-02T16:47:25.076703
2026-07-26,MEXICO 1,Santos Laguna,Atlas,15.0,0.9596469402313232,2.173057675019006,1.7968455304597883,0.08,0.06666666666666667,APOSTA,APROVADO,0.3467,2026-08-02T16:47:25.091817
2026-07-26,MEXICO 1,Tigres,Atletico San Luis,18.5,0.9551604986190796,0.9977173304966237,2.0998605783456985,0.08,0.05405405405405406,APOSTA,APROVADO,0.1227,2026-08-02T16:47:25.104609
2026-07-26,CZECH 1,Slavia Praha B,FK Pribram,18.5,0.9551604986190796,2.884841967627308,3.9237085055803913,0.09,0.05405405405405406,APOSTA,APROVADO,0.1227,2026-08-02T16:47:25.120393
2026-07-26,CHINA 1,Yanbian Longding,Meizhou Hakka,17.5,0.985487699508667,2.2308319582356977,2.1540730357507876,0.04,0.05714285714285714,APOSTA,APROVADO,0.6968,2026-08-02T16:47:25.132463
2026-07-26,SWEDEN 2,Sundsvall,Falkenbergs,18.5,0.9948652386665344,0,3.296345907314501,0.04,0.05405405405405406,APOSTA,APROVADO,0.8553,2026-08-02T16:47:25.147223
2026-07-26,DENMARK 2,Hobro,Aarhus Fremad,15.0,0.9756097793579102,2.533536363628916,2.35448743414773,0.06,0.06666666666666667,APOSTA,APROVADO,0.5854,2026-08-02T16:47:25.157972
2026-07-26,FINLAND 1,Ilves,Lahti,18.5,0.9716732501983643,2.689809892985632,3.017347930974268,0.05,0.05405405405405406,APOSTA,APROVADO,0.4274,2026-08-02T16:47:25.170749
2026-07-26,SWEDEN 1,Malmo FF,Elfsborg,19.5,0.9716732501983643,2.1214165352255714,2.8731777944614296,0.04,0.05128205128205128,APOSTA,APROVADO,0.399,2026-08-02T16:47:25.181704
2026-07-26,SLOVAKIA 1,Ruzomberok,Dunajska Streda,14.0,0.9646897315979004,2.0064119145808035,2.018594547504504,0.07,0.07142857142857142,APOSTA,APROVADO,0.4574,2026-08-02T16:47:25.193462
2026-07-26,SWEDEN 2,Norrby IF,Ostersunds FK,16.5,0.985487699508667,0,2.6013664329797654,0.04,0.06060606060606061,APOSTA,APROVADO,0.7113,2026-08-02T16:47:25.208335
2026-07-26,CZECH 1,FK Jablonec,Sigma Olomouc,13.0,0.9620798826217651,2.990323242113774,3.0578069135374544,0.09,0.07692307692307693,APOSTA,APROVADO,0.4589,2026-08-02T16:47:25.220944
2026-07-26,POLAND 1,Widzew Lodz,LKP Motor Lublin,14.0,0.9716732501983643,2.7160405081186747,3.671351238085912,0.08,0.07142857142857142,APOSTA,APROVADO,0.5548,2026-08-02T16:47:25.234350
2026-07-26,BULGARIA 1,Cherno More,Spartak Varna,12.5,0.9716732501983643,0,1.473954195509904,0.08,0.08,APOSTA,APROVADO,0.5973,2026-08-02T16:47:25.247314
2026-07-26,ROMANIA 1,Csikszereda,FCSB,16.5,0.9548254609107971,3.0447132035698017,2.8358991118924983,0.09,0.06060606060606061,APOSTA,APROVADO,0.2069,2026-08-02T16:47:25.264334
2026-07-26,CZECH 1,Hradec Kralove,Pardubice,13.0,0.9551604986190796,1.941470574226527,2.368501974177949,0.09,0.07692307692307693,APOSTA,APROVADO,0.3693,2026-08-02T16:47:25.275978
2026-07-26,PERU 1,UTC Cajamarca,Cesar Vallejo Moquegua,16.5,0.9646393060684204,1.3047492277602484,3.124046768836458,0.07,0.06060606060606061,APOSTA,APROVADO,0.3683,2026-08-02T16:47:25.292089
2026-07-26,BULGARIA 1,Lokomotiv Plovdiv,Septemvri,11.0,0.9716732501983643,0,1.9064093925840133,0.08,0.09090909090909091,APOSTA,APROVADO,0.6398,2026-08-02T16:47:25.311240
2026-07-26,BRAZIL 1,Bahia,Corinthians,12.5,0.988034188747406,2.243098408061111,2.119777634991706,0.05,0.08,APOSTA,APROVADO,0.801,2026-08-02T16:47:25.325309
2026-07-26,BRAZIL 1,Cruzeiro MG,Botafogo FR,16.0,0.9669687747955322,3.911630989925505,2.973620113812955,0.05,0.0625,APOSTA,APROVADO,0.4232,2026-08-02T16:47:25.339643
2026-07-26,CHILE 1,Nublense,Palestino,12.5,0.9716732501983643,1.4864029179063927,2.885191497406689,0.06,0.08,APOSTA,APROVADO,0.5973,2026-08-02T16:47:25.360096
2026-07-26,BRAZIL 1,Gremio,Fluminense,12.0,0.985487699508667,1.8742074745851378,2.1304347547843783,0.05,0.08333333333333333,APOSTA,APROVADO,0.7766,2026-08-02T16:47:25.378669
2026-07-26,BRAZIL 1,Red Bull Bragantino,Coritiba,14.5,0.985487699508667,3.0954201872035276,2.9614055038605143,0.05,0.06896551724137931,APOSTA,APROVADO,0.7403,2026-08-02T16:47:25.391770
2026-07-26,BRAZIL 1,SE Palmeiras,Atletico MG,12.0,0.9756097793579102,2.8040938545730256,2.81962091579688,0.05,0.08333333333333333,APOSTA,APROVADO,0.6585,2026-08-02T16:47:25.417422
2026-07-26,PERU 1,Deportivo Garcilaso,FC Cajamarca,14.0,0.9646393060684204,2.7856325954852914,2.648264215790492,0.07,0.07142857142857142,APOSTA,APROVADO,0.4567,2026-08-02T16:47:25.427336
2026-07-27,ROMANIA 1,CFR Cluj,FC Voluntari,16.5,0.9596469402313232,0.7979029398878658,2.729905676607141,0.09,0.06060606060606061,APOSTA,APROVADO,0.2862,2026-08-02T16:47:25.436586
2026-07-27,BULGARIA 1,Dunav Ruse,Ludogorets,19.5,0.9620798826217651,0.02610460943063253,2.1088230939885486,0.08,0.05128205128205128,APOSTA,APROVADO,0.2125,2026-08-02T16:47:25.446061
2026-07-27,CZECH 1,SFC Opava,MFK Karvina,16.0,0.9470410943031311,1.9744368376221877,3.198268229130789,0.09,0.0625,APOSTA,APROVADO,0.1053,2026-08-02T16:47:25.458908
2026-07-27,DENMARK 1,Randers,Silkeborg,19.0,0.9620798826217651,2.511781634317635,3.0563369560610547,0.08,0.05263157894736842,APOSTA,APROVADO,0.2314,2026-08-02T16:47:25.470564
2026-07-27,POLAND 1,Zaglebie Lubin,Piast Gliwice,11.0,0.985487699508667,1.619955839165538,2.0390535814327095,0.08,0.09090909090909091,APOSTA,APROVADO,0.7911,2026-08-02T16:47:25.483418
2026-07-27,SWEDEN 2,Orebro,Oddevold,19.0,0.988034188747406,0,2.61847268736482,0.04,0.05263157894736842,APOSTA,APROVADO,0.7232,2026-08-02T16:47:25.493484
2026-07-27,BULGARIA 1,CSKA Sofia,Botev Plovdiv,16.0,0.9596469402313232,0,2.335334932401288,0.08,0.0625,APOSTA,APROVADO,0.3064,2026-08-02T16:47:25.504138
2026-07-27,ROMANIA 1,Botosani,Rapid Bucharest,12.5,0.9551604986190796,2.286315412379726,2.4659625457969914,0.09,0.08,APOSTA,APROVADO,0.3917,2026-08-02T16:47:25.520890
2026-07-27,ECUADOR 1,Guayaquil City,Univ Catolica (Ecu),12.0,0.987210214138031,1.5859669520140092,2.724620266556022,0.09,0.08333333333333333,APOSTA,APROVADO,0.7972,2026-08-02T16:47:25.533944
2026-07-28,SWEDEN 2,Landskrona,Norrkoping,18.5,0.985487699508667,0,3.1390083880327264,0.04,0.05405405405405406,APOSTA,APROVADO,0.6822,2026-08-02T16:47:25.553684
2026-07-29,PARAGUAY 1,Sportivo Luqueno,Sportivo Trinidense,12.0,0.9349064230918884,2.2916203249853133,2.4928549759495455,0.09,0.08333333333333333,APOSTA,APROVADO,0.1721,2026-08-02T16:47:25.576055
2026-07-29,BRAZIL 1,Internacional,Flamengo,13.5,0.9620798826217651,3.7072625170739233,3.0014054011304765,0.05,0.07407407407407407,APOSTA,APROVADO,0.44,2026-08-02T16:47:25.592361
2026-07-29,BRAZIL 1,Mirassol,Remo,13.5,0.9620798826217651,2.1601961736010438,2.8512123743003306,0.05,0.07407407407407407,APOSTA,APROVADO,0.44,2026-08-02T16:47:25.604361
2026-07-29,BRAZIL 1,Fluminense,Bahia,15.5,0.9620798826217651,3.8036081410223295,3.072220623209371,0.05,0.06451612903225806,APOSTA,APROVADO,0.3641,2026-08-02T16:47:25.615133
2026-07-30,BRAZIL 1,Coritiba,Cruzeiro MG,10.5,0.985487699508667,1.6149577861213693,2.485568728813467,0.05,0.09523809523809523,APOSTA,APROVADO,0.7983,2026-08-02T16:47:25.631430
2026-07-30,COLOMBIA 1,Atletico Bucaramanga,Llaneros FC,12.0,0.985487699508667,1.2410991248440744,2.6976211576506053,0.06,0.08333333333333333,APOSTA,APROVADO,0.7766,2026-08-02T16:47:25.655689
2026-07-01,WORLD WORLD CUP,England,DR Congo,13.0,0.9620798826217651,2.5466757659290296,4.3445083997689045,0.08,0.07692307692307693,APOSTA,APROVADO,0.4589,2026-08-02T16:48:10.959552
2026-07-01,WORLD WORLD CUP,Belgium,Senegal,13.5,0.9646897315979004,2.363011233048843,5.323996149698022,0.08,0.07407407407407407,APOSTA,APROVADO,0.4751,2026-08-02T16:48:10.969455
2026-07-02,WORLD WORLD CUP,Spain,Austria,20.0,0.985487699508667,3.539181964888453,3.3032316932611243,0.08,0.05,APOSTA,APROVADO,0.6605,2026-08-02T16:48:10.991404
2026-07-03,WORLD WORLD CUP,Switzerland,Algeria,11.5,0.9646393060684204,2.1003154843525995,4.791294657055565,0.08,0.08695652173913043,APOSTA,APROVADO,0.5451,2026-08-02T16:48:11.009144
2026-07-03,IRELAND 2,Cobh Ramblers,Cork City,16.5,0.9551604986190796,0,2.8645961128172255,0.08,0.06060606060606061,APOSTA,APROVADO,0.2124,2026-08-02T16:48:11.018498
2026-07-03,IRELAND 2,Finn Harps,Wexford F.C,18.5,0.9548254609107971,0,1.6273525535483047,0.08,0.05405405405405406,APOSTA,APROVADO,0.1165,2026-08-02T16:48:11.028894
2026-07-03,IRELAND 2,Treaty United,Kerry FC,18.5,0.9551604986190796,0,1.1654120609836605,0.08,0.05405405405405406,APOSTA,APROVADO,0.1227,2026-08-02T16:48:11.041304
2026-07-03,IRELAND 1,Drogheda,Bohemians,15.0,0.9431891441345215,2.7576425801726216,3.956623826050252,0.08,0.06666666666666667,APOSTA,APROVADO,0.1007,2026-08-02T16:48:11.050859
2026-07-03,IRELAND 1,Sligo Rovers,Shamrock Rovers,17.0,0.988034188747406,2.526273857677756,2.3709665372505286,0.08,0.058823529411764705,APOSTA,APROVADO,0.7472,2026-08-02T16:48:11.062005
2026-07-03,WORLD WORLD CUP,Colombia,Ghana,12.5,0.9620798826217651,0.9057993490780503,3.439710961875349,0.08,0.08,APOSTA,APROVADO,0.4779,2026-08-02T16:48:11.071368
2026-07-04,ECUADOR 1,Libertad FC,CD Leones del Norte,10.5,0.9620798826217651,,,0.09,0.09523809523809523,APOSTA,APROVADO,0.5537,2026-08-02T16:48:11.093526
2026-07-04,WORLD WORLD CUP,Canada,Morocco,10.5,0.9756097793579102,0.517161176386653,3.2805743229422397,0.08,0.09523809523809523,APOSTA,APROVADO,0.6951,2026-08-02T16:48:11.117205
2026-07-04,SWEDEN 1,Halmstads,Vasteras SK,16.5,0.9596469402313232,0.8735786313204374,1.6977732466798972,0.04,0.06060606060606061,APOSTA,APROVADO,0.2862,2026-08-02T16:48:11.128124
2026-07-04,CHINA 1,Liaoning Tieren FC,Chongqing Tonglianglong,15.5,0.985487699508667,2.561387476757271,2.7355156552364477,0.04,0.06451612903225806,APOSTA,APROVADO,0.7258,2026-08-02T16:48:11.142114
2026-07-04,FINLAND 1,Lahti,Gnistan,16.5,0.9756097793579102,3.9641968597063126,3.3562873642255084,0.05,0.06060606060606061,APOSTA,APROVADO,0.5488,2026-08-02T16:48:11.153769
2026-07-04,CHINA 1,Tianjin Jinmen Tiger FC,Shenzhen Peng City,18.0,0.987210214138031,1.49754694547141,1.7302994422256468,0.04,0.05555555555555555,APOSTA,APROVADO,0.7204,2026-08-02T16:48:11.170316
2026-07-04,CHINA 1,Dalian Yingbo,Wuhan Three Towns,20.0,0.9756097793579102,2.9530190840118666,3.5953435426624587,0.04,0.05,APOSTA,APROVADO,0.4634,2026-08-02T16:48:11.183230
2026-07-04,ECUADOR 1,Barcelona (Ecu),Deportivo Cuenca,13.5,0.9551604986190796,1.774928563266597,2.4176172394488487,0.09,0.07407407407407407,APOSTA,APROVADO,0.3469,2026-08-02T16:48:11.197414
2026-07-04,SWEDEN 1,Degerfors,Malmo FF,17.0,0.9756097793579102,1.8383712216457204,2.2181852857767965,0.04,0.058823529411764705,APOSTA,APROVADO,0.5366,2026-08-02T16:48:11.219691
2026-07-05,SWEDEN 1,Elfsborg,Hammarby,19.0,0.9716732501983643,2.3450776642801667,2.1233413662596248,0.04,0.05263157894736842,APOSTA,APROVADO,0.4132,2026-08-02T16:48:11.257478
2026-07-05,SWEDEN 1,IFK Goteborg,AIK,19.5,0.985487699508667,1.553888595866042,2.1380613088666784,0.04,0.05128205128205128,APOSTA,APROVADO,0.6677,2026-08-02T16:48:11.269560
2026-07-06,SWEDEN 1,Brommapojkarna,GAIS,17.0,0.987210214138031,2.5298830844858466,2.309000456490672,0.04,0.058823529411764705,APOSTA,APROVADO,0.7332,2026-08-02T16:48:11.305411
2026-07-07,ECUADOR 1,Aucas,Guayaquil City,18.5,0.9646393060684204,1.5001668101099577,2.5873472522551513,0.09,0.05405405405405406,APOSTA,APROVADO,0.2976,2026-08-02T16:48:11.316089
2026-07-07,WORLD WORLD CUP,Argentina,Egypt,14.0,0.93829745054245,1.4866205203911718,4.311212245300398,0.08,0.07142857142857142,APOSTA,APROVADO,0.0892,2026-08-02T16:48:11.326055
2026-07-10,ECUADOR 1,CD Leones del Norte,Univ Catolica (Ecu),13.0,0.9551604986190796,2.278328384179767,4.203460702475348,0.09,0.07692307692307693,APOSTA,APROVADO,0.3693,2026-08-02T16:48:11.353157
2026-07-10,IRELAND 2,Athlone Town,Cobh Ramblers,18.0,0.987210214138031,0,2.140689297233893,0.08,0.05555555555555555,APOSTA,APROVADO,0.7204,2026-08-02T16:48:11.364729
2026-07-10,IRELAND 2,Wexford F.C,Kerry FC,12.5,0.9646897315979004,0,1.4673325813686262,0.08,0.08,APOSTA,APROVADO,0.5104,2026-08-02T16:48:11.377858
2026-07-11,CHINA 1,Yanbian Longding,Suzhou Dongwu,13.5,0.9980806112289429,2.265775708993785,1.955493932990466,0.04,0.07407407407407407,APOSTA,APROVADO,0.9242,2026-08-02T16:48:11.387266
2026-07-11,BRAZIL 4,XV De Piracicaba,Cianorte PR,11.0,0.9470410943031311,0,1.9877446204655258,0.09,0.09090909090909091,APOSTA,APROVADO,0.3701,2026-08-02T16:48:11.421479
2026-07-11,BRAZIL 4,Portuguesa SP,Marcilio,12.0,0.9575471878051758,0.35536348234054665,2.086852269804259,0.09,0.08333333333333333,APOSTA,APROVADO,0.4427,2026-08-02T16:48:11.456131
2026-07-11,URUGUAY 1,Danubio,Nacional (Uru),12.0,0.987210214138031,1.6362311423552394,2.6893878313484785,0.05,0.08333333333333333,APOSTA,APROVADO,0.7972,2026-08-02T16:48:11.466597
2026-07-11,NORWAY 1,Tromso,Valerenga,17.5,0.9716732501983643,2.4642737675183524,2.228394417949883,0.03,0.05714285714285714,APOSTA,APROVADO,0.4557,2026-08-02T16:48:11.476016
2026-07-11,URUGUAY 1,Wanderers (Uru),Progreso,11.0,0.9980806112289429,0,1.0030493743865352,0.05,0.09090909090909091,APOSTA,APROVADO,0.929,2026-08-02T16:48:11.485861
2026-07-11,SWEDEN 1,Mjallby,AIK,18.0,0.9716732501983643,2.3852654262067596,3.0858460383154798,0.04,0.05555555555555555,APOSTA,APROVADO,0.4415,2026-08-02T16:48:11.495265
2026-07-11,FINLAND 1,TPS,AC Oulu,16.5,0.9620798826217651,1.5820265777798488,1.8336408598502913,0.05,0.06060606060606061,APOSTA,APROVADO,0.3262,2026-08-02T16:48:11.504695
2026-07-11,IRELAND 1,Galway Utd,Sligo Rovers,19.5,0.9620798826217651,1.6318018080306527,2.1555613288702378,0.08,0.05128205128205128,APOSTA,APROVADO,0.2125,2026-08-02T16:48:11.519894
2026-07-11,ESTONIA 1,Parnu JK Vaprus,Tammeka Tartu,19.0,0.9948652386665344,0,2.363291165190339,0.03,0.05263157894736842,APOSTA,APROVADO,0.8527,2026-08-02T16:48:11.535113
2026-07-11,NORWAY 1,Fredrikstad,Lillestrom,18.5,0.988034188747406,2.133194872203923,2.6675233962897966,0.03,0.05405405405405406,APOSTA,APROVADO,0.7292,2026-08-02T16:48:11.551903
2026-07-12,SWEDEN 1,Vasteras SK,Degerfors,15.0,0.93829745054245,2.193727837634437,3.454678032192455,0.04,0.06666666666666667,APOSTA,APROVADO,0.0275,2026-08-02T16:48:11.577629
2026-07-12,SWEDEN 1,GAIS,Elfsborg,15.5,1.0,2.229290603431486,2.5117557563891864,0.04,0.06451612903225806,APOSTA,APROVADO,0.95,2026-08-02T16:48:11.588069
2026-07-12,NORWAY 1,Sandefjord,Ham-Kam,19.0,0.9948652386665344,2.700326337424535,2.140689297233893,0.03,0.05263157894736842,APOSTA,APROVADO,0.8527,2026-08-02T16:48:11.603155
2026-07-12,URUGUAY 1,Boston River,Central Espanol,11.5,0.9716732501983643,0,3.217874412147265,0.05,0.08695652173913043,APOSTA,APROVADO,0.6257,2026-08-02T16:48:11.626457
2026-07-12,BRAZIL 4,ABC RN,Aguia de Maraba,17.0,0.9551604986190796,0.0016315380894145332,2.7217960118760214,0.09,0.058823529411764705,APOSTA,APROVADO,0.19,2026-08-02T16:48:11.668263
2026-07-12,BRAZIL 4,AD Iguatu,Maguary,11.5,0.9456824660301208,0,2.358957474999663,0.09,0.08695652173913043,APOSTA,APROVADO,0.3281,2026-08-02T16:48:11.696213
2026-07-12,BRAZIL 4,Asa AL,Ivinhema FC,14.0,0.985487699508667,0,1.774983486559481,0.09,0.07142857142857142,APOSTA,APROVADO,0.7476,2026-08-02T16:48:11.729869
2026-07-12,BRAZIL 4,Ferroviario,Imperatriz MA,12.5,0.9646393060684204,0,2.470537912576881,0.09,0.08,APOSTA,APROVADO,0.5098,2026-08-02T16:48:11.759197
2026-07-12,BRAZIL 4,Guapore RO,Luverdense,10.5,0.9620798826217651,0,2.5416546650889185,0.09,0.09523809523809523,APOSTA,APROVADO,0.5537,2026-08-02T16:48:11.784741
2026-07-12,BOLIVIA 1,Real Potosi,Nacional Potosi,18.5,0.9646897315979004,1.436306166878971,4.014596281036046,0.05,0.05405405405405406,APOSTA,APROVADO,0.2985,2026-08-02T16:48:11.807311
2026-07-14,ECUADOR 1,Macara,Mushuc Runa,11.0,0.9620798826217651,2.0516486625640833,2.671892452039314,0.09,0.09090909090909091,APOSTA,APROVADO,0.5348,2026-08-02T16:48:11.850512
2026-07-15,ECUADOR 1,Barcelona (Ecu),Guayaquil City,13.0,0.9551604986190796,1.569045348659654,2.4416934633172573,0.09,0.07692307692307693,APOSTA,APROVADO,0.3693,2026-08-02T16:48:11.898667
2026-07-16,MEXICO 1,Necaxa,Atlante,17.5,0.9716732501983643,1.427030503348555,2.9916192253629768,0.08,0.05714285714285714,APOSTA,APROVADO,0.4557,2026-08-02T16:48:11.922784
2026-07-16,BRAZIL 1,Botafogo FR,Santos,14.0,0.987210214138031,1.8306925756420045,2.6170491931209003,0.05,0.07142857142857142,APOSTA,APROVADO,0.7716,2026-08-02T16:48:11.962312
2026-07-17,MEXICO 1,Tijuana,Tigres,14.0,0.985487699508667,0.5332216564513542,1.561471098308964,0.08,0.07142857142857142,APOSTA,APROVADO,0.7476,2026-08-02T16:48:11.984116
2026-07-17,BRAZIL 1,Mirassol,Gremio,11.5,0.9620798826217651,1.9969404265711235,2.311623804163492,0.05,0.08695652173913043,APOSTA,APROVADO,0.5158,2026-08-02T16:48:11.997265
2026-07-17,URUGUAY 1,Nacional (Uru),Wanderers (Uru),17.0,0.985487699508667,1.0235010698314864,2.221954499586219,0.05,0.058823529411764705,APOSTA,APROVADO,0.704,2026-08-02T16:48:12.019216
2026-07-17,PERU 1,FC Cajamarca,Juan Pablo II College,17.0,0.9551604986190796,2.143787323651971,3.4076836153464516,0.07,0.058823529411764705,APOSTA,APROVADO,0.19,2026-08-02T16:48:12.050388
2026-07-17,BULGARIA 1,Spartak Varna,CSKA 1948 Sofia,15.0,0.9646897315979004,0,3.0364008004432,0.08,0.06666666666666667,APOSTA,APROVADO,0.4221,2026-08-02T16:48:12.067442
2026-07-17,ROMANIA 1,FC Voluntari,Botosani,12.0,0.9233813285827637,1.1041973002850638,2.678937022586179,0.09,0.08333333333333333,APOSTA,APROVADO,0.0344,2026-08-02T16:48:12.083725
2026-07-17,CHINA 1,Changchun Yatai,Wuxi Wugou,17.0,0.987210214138031,2.406275995483507,2.4570359165121713,0.04,0.058823529411764705,APOSTA,APROVADO,0.7332,2026-08-02T16:48:12.107929
2026-07-17,BRAZIL 1,Fluminense,Red Bull Bragantino,12.5,0.9646897315979004,2.886791710146721,2.758044723289931,0.05,0.08,APOSTA,APROVADO,0.5104,2026-08-02T16:48:12.131299
2026-07-18,BULGARIA 1,Septemvri,Arda,10.5,0.985487699508667,0,1.8682086620630338,0.08,0.09523809523809523,APOSTA,APROVADO,0.7983,2026-08-02T16:48:12.150354
2026-07-18,NORWAY 1,Start,Rosenborg,18.5,0.9756097793579102,1.1854888620708817,1.349477532167301,0.03,0.05405405405405406,APOSTA,APROVADO,0.5,2026-08-02T16:48:12.166823
2026-07-18,FINLAND 1,AC Oulu,Gnistan,18.0,0.985487699508667,3.3882509445699065,2.883944880876453,0.05,0.05555555555555555,APOSTA,APROVADO,0.6895,2026-08-02T16:48:12.177051
2026-07-18,CHINA 1,Wuhan Three Towns,Shenzhen Peng City,19.0,0.9922480583190918,1.9833211523254457,2.031619885961735,0.04,0.05263157894736842,APOSTA,APROVADO,0.8031,2026-08-02T16:48:12.208357
2026-07-18,SWEDEN 1,AIK,GAIS,17.0,0.9948652386665344,3.1397686715454047,2.47763594179603,0.04,0.058823529411764705,APOSTA,APROVADO,0.863,2026-08-02T16:48:12.224359
2026-07-18,NORWAY 1,Ham-Kam,Tromso,15.5,0.987210214138031,2.3684968809395657,3.148581314669296,0.03,0.06451612903225806,APOSTA,APROVADO,0.7524,2026-08-02T16:48:12.239388
2026-07-18,SWEDEN 2,Oddevold,Varbergs BoIS,18.0,0.9620798826217651,0,4.19727362353461,0.04,0.05555555555555555,APOSTA,APROVADO,0.2693,2026-08-02T16:48:12.268718
2026-07-18,SWEDEN 2,Ostersunds FK,Landskrona,16.0,0.9620798826217651,0,4.011861613915968,0.04,0.0625,APOSTA,APROVADO,0.3452,2026-08-02T16:48:12.284261
2026-07-18,PERU 1,Cesar Vallejo Moquegua,Comerciantes Unidos,10.5,0.985487699508667,0.790439102634934,2.343991215109001,0.07,0.09523809523809523,APOSTA,APROVADO,0.7983,2026-08-02T16:48:12.311277
2026-07-18,ECUADOR 1,Deportivo Cuenca,Univ Catolica (Ecu),12.0,0.9646897315979004,2.5216011305409523,3.6391733978822396,0.09,0.08333333333333333,APOSTA,APROVADO,0.528,2026-08-02T16:48:12.328973
2026-07-18,MEXICO 1,Guadalajara,Toluca,19.0,0.9620798826217651,1.6624634845782889,3.2636368978750125,0.08,0.05263157894736842,APOSTA,APROVADO,0.2314,2026-08-02T16:48:12.353675
2026-07-18,URUGUAY 1,Penarol,Boston River,15.0,0.9620798826217651,0,2.171603780618794,0.05,0.06666666666666667,APOSTA,APROVADO,0.3831,2026-08-02T16:48:12.367691
2026-07-18,PERU 1,Cusco FC,Alianza Atletico,15.5,0.9716732501983643,2.7611255598419047,2.7078349305180867,0.07,0.06451612903225806,APOSTA,APROVADO,0.5124,2026-08-02T16:48:12.389063
2026-07-19,MEXICO 1,Queretaro,CF America,17.5,0.9646897315979004,3.317746315292911,3.519712040543257,0.08,0.05714285714285714,APOSTA,APROVADO,0.3338,2026-08-02T16:48:12.423181
2026-07-19,SWEDEN 2,Varnamo,Ljungskile,19.0,0.985487699508667,0.030999223698876133,2.724813125167347,0.04,0.05263157894736842,APOSTA,APROVADO,0.675,2026-08-02T16:48:12.435821
2026-07-19,PERU 1,CD Los Chankas,Sport Boys (Per),12.5,0.9551604986190796,,,0.07,0.08,APOSTA,APROVADO,0.3917,2026-08-02T16:48:12.450489
2026-07-19,ROMANIA 1,ACS Petrolul 52,Dinamo Bucharest,10.5,0.9716732501983643,2.532373512890852,2.307195885718498,0.09,0.09523809523809523,APOSTA,APROVADO,0.654,2026-08-02T16:48:12.471116
2026-07-20,BULGARIA 1,Slavia Sofia,CSKA Sofia,15.5,0.9646393060684204,0,1.8749415956515696,0.08,0.06451612903225806,APOSTA,APROVADO,0.4037,2026-08-02T16:48:12.492181
2026-07-20,SWEDEN 2,Norrby IF,Sundsvall,15.5,0.985487699508667,0,1.841627105540012,0.04,0.06451612903225806,APOSTA,APROVADO,0.7258,2026-08-02T16:48:12.518722
2026-07-20,BULGARIA 1,Botev Plovdiv,Lokomotiv Sofia,15.5,0.9646897315979004,0,3.1874182507267914,0.08,0.06451612903225806,APOSTA,APROVADO,0.4045,2026-08-02T16:48:12.537311
2026-07-21,BRAZIL 1,Atletico MG,Bahia,15.0,0.9756097793579102,2.932049877323018,2.2689951551975183,0.05,0.06666666666666667,APOSTA,APROVADO,0.5854,2026-08-02T16:48:12.572791
2026-07-21,ECUADOR 1,Libertad FC,Delfin,10.5,0.987210214138031,,,0.09,0.09523809523809523,APOSTA,APROVADO,0.8163,2026-08-02T16:48:12.599068
2026-07-22,BRAZIL 1,Chapecoense,Flamengo,18.0,1.0,2.58954923304823,2.361521959977008,0.05,0.05555555555555555,APOSTA,APROVADO,0.95,2026-08-02T16:48:12.660835
2026-07-22,BRAZIL 1,Internacional,Cruzeiro MG,13.0,0.9756097793579102,2.741069887999378,3.11414386959851,0.05,0.07692307692307693,APOSTA,APROVADO,0.6341,2026-08-02T16:48:12.678038
2026-07-23,BRAZIL 1,Corinthians,Remo,13.5,0.9716732501983643,2.4924989449856705,2.7843600531310524,0.05,0.07407407407407407,APOSTA,APROVADO,0.569,2026-08-02T16:48:12.719517
2026-07-23,ECUADOR 1,Emelec,Mushuc Runa,14.5,0.9551604986190796,1.713627396963981,2.279056839035708,0.09,0.06896551724137931,APOSTA,APROVADO,0.3021,2026-08-02T16:48:12.733049
2026-07-24,POLAND 2,Odra Opole,Arka Gdynia,15.5,0.9948652386665344,1.2492561222466212,2.490661280253261,0.03,0.06451612903225806,APOSTA,APROVADO,0.8707,2026-08-02T16:48:12.756428
2026-07-24,PERU 1,Alianza Atletico,CD Los Chankas,15.0,0.9756097793579102,2.1226289337633153,3.0398078019874326,0.07,0.06666666666666667,APOSTA,APROVADO,0.5854,2026-08-02T16:48:12.776408
2026-07-24,BULGARIA 1,Arda,Slavia Sofia,11.5,0.985487699508667,0,1.7704656442727436,0.08,0.08695652173913043,APOSTA,APROVADO,0.7838,2026-08-02T16:48:12.806587
2026-07-24,IRELAND 2,Treaty United,Athlone Town,13.0,0.9646897315979004,0,1.3976118867906764,0.08,0.07692307692307693,APOSTA,APROVADO,0.4927,2026-08-02T16:48:12.828433
2026-07-25,CZECH 1,Teplice,Bohemians 1905,12.5,0.9470410943031311,2.64070939658043,3.178372843094968,0.09,0.08,APOSTA,APROVADO,0.2907,2026-08-02T16:48:12.857539
2026-07-25,NORWAY 1,Kristiansund,Start,15.5,0.985487699508667,2.647017629072452,2.665759595099656,0.03,0.06451612903225806,APOSTA,APROVADO,0.7258,2026-08-02T16:48:12.880791
2026-07-25,SLOVAKIA 1,Trencin,KFC Komarno,17.5,0.9646897315979004,1.8281042661395257,2.5153194876571052,0.07,0.05714285714285714,APOSTA,APROVADO,0.3338,2026-08-02T16:48:12.894346
2026-07-25,ROMANIA 1,Dinamo Bucharest,Universitatea Craiova,12.0,0.985487699508667,1.8008326523954925,1.9363122404569428,0.09,0.08333333333333333,APOSTA,APROVADO,0.7766,2026-08-02T16:48:12.914621
2026-07-25,BRAZIL 1,Vasco Da Gama,Mirassol,12.0,0.985487699508667,,,0.05,0.08333333333333333,APOSTA,APROVADO,0.7766,2026-08-02T16:48:12.931490
2026-07-25,COLOMBIA 1,Millonarios,Atletico Bucaramanga,10.5,0.9922480583190918,1.9187703451459517,2.5871102163603323,0.06,0.09523809523809523,APOSTA,APROVADO,0.869,2026-08-02T16:48:12.953551
2026-07-25,BRAZIL 1,Athletico-PR,Internacional,11.0,0.9980806112289429,2.9757116681303897,2.664417986986306,0.05,0.09090909090909091,APOSTA,APROVADO,0.929,2026-08-02T16:48:12.969883
2026-07-25,COLOMBIA 1,Ind Medellin,Deportivo Pasto,12.0,0.9646897315979004,2.606403872487588,3.794775496334511,0.06,0.08333333333333333,APOSTA,APROVADO,0.528,2026-08-02T16:48:12.987530
2026-07-25,PERU 1,Juan Pablo II College,Cienciano,18.0,0.9756097793579102,2.4679708168371066,2.886561532978324,0.07,0.05555555555555555,APOSTA,APROVADO,0.5122,2026-08-02T16:48:13.001474
2026-07-25,URUGUAY 1,Central Espanol,Cerro Largo FC,11.5,0.9646897315979004,0,2.826596289303427,0.05,0.08695652173913043,APOSTA,APROVADO,0.5457,2026-08-02T16:48:13.028416
2026-07-25,BULGARIA 1,CSKA 1948 Sofia,Botev Vratsa,14.5,0.985487699508667,0,2.047951540729637,0.08,0.06896551724137931,APOSTA,APROVADO,0.7403,2026-08-02T16:48:13.046639
2026-07-25,SWEDEN 1,Kalmar FF,Mjallby,17.0,0.9646897315979004,2.400227846162516,3.632843511300999,0.04,0.058823529411764705,APOSTA,APROVADO,0.3515,2026-08-02T16:48:13.058861
2026-07-25,IRELAND 1,Sligo Rovers,Drogheda,15.0,0.9657142758369446,2.491922001980879,2.268753478608305,0.08,0.06666666666666667,APOSTA,APROVADO,0.4374,2026-08-02T16:48:13.069236
2026-07-25,CZECH 1,Zlin,Banik Ostrava,12.5,0.9401767253875732,2.495541407878234,3.4268260723753077,0.09,0.08,APOSTA,APROVADO,0.2052,2026-08-02T16:48:13.081885
2026-07-25,POLAND 1,Gornik Zabrze,Slask Wroclaw,16.0,0.9756097793579102,1.0348549873290802,4.273364210947036,0.08,0.0625,APOSTA,APROVADO,0.561,2026-08-02T16:48:13.091909
2026-07-25,POLAND 2,Pogon Siedlce,LKS Lodz,15.5,0.9980806112289429,0,2.374841142147979,0.03,0.06451612903225806,APOSTA,APROVADO,0.9203,2026-08-02T16:48:13.102361
2026-07-25,SWEDEN 1,Degerfors,Djurgardens,20.0,0.985487699508667,1.9559380215281559,2.4133481056040953,0.04,0.05,APOSTA,APROVADO,0.6605,2026-08-02T16:48:13.112849
2026-07-25,FINLAND 1,KuPS,VPS,16.0,0.9716732501983643,2.8011527790406947,2.472460498367262,0.05,0.0625,APOSTA,APROVADO,0.4982,2026-08-02T16:48:13.122783
2026-07-25,CHINA 1,Wuhan Three Towns,Chongqing Tonglianglong,15.0,0.985487699508667,2.5120248152281714,2.657567038379563,0.04,0.06666666666666667,APOSTA,APROVADO,0.733,2026-08-02T16:48:13.133186
2026-07-25,DENMARK 2,Hvidovre,Vendsyssel FF,19.5,0.988034188747406,1.4130179475993598,1.8518770072951318,0.06,0.05128205128205128,APOSTA,APROVADO,0.7173,2026-08-02T16:48:13.147964
2026-07-25,CHINA 1,Changchun Yatai,Nanjing City,14.5,0.9716732501983643,1.9468620576487203,1.8384579032193953,0.04,0.06896551724137931,APOSTA,APROVADO,0.5407,2026-08-02T16:48:13.169137
2026-07-25,CHINA 1,Qingdao Hainiu,Tianjin Jinmen Tiger FC,13.0,0.985487699508667,2.640589891495841,3.3343186561949216,0.04,0.07692307692307693,APOSTA,APROVADO,0.7621,2026-08-02T16:48:13.183244
2026-07-25,MEXICO 1,Atlante,CF America,18.0,0.9620798826217651,1.3511144592040079,3.5146194891034623,0.08,0.05555555555555555,APOSTA,APROVADO,0.2693,2026-08-02T16:48:13.195606
2026-07-26,FINLAND 1,Ilves,Lahti,18.5,0.9716732501983643,2.689809892985632,3.017347930974268,0.05,0.05405405405405406,APOSTA,APROVADO,0.4274,2026-08-02T16:48:13.210423
2026-07-26,DENMARK 2,Hobro,Aarhus Fremad,15.0,0.9756097793579102,2.533536363628916,2.35448743414773,0.06,0.06666666666666667,APOSTA,APROVADO,0.5854,2026-08-02T16:48:13.224261
2026-07-26,SWEDEN 2,Sundsvall,Falkenbergs,18.5,0.9948652386665344,0,3.296345907314501,0.04,0.05405405405405406,APOSTA,APROVADO,0.8553,2026-08-02T16:48:13.236716
2026-07-26,MEXICO 1,Santos Laguna,Atlas,15.0,0.9596469402313232,2.173057675019006,1.7968455304597883,0.08,0.06666666666666667,APOSTA,APROVADO,0.3467,2026-08-02T16:48:13.247637
2026-07-26,CHINA 1,Yanbian Longding,Meizhou Hakka,17.5,0.985487699508667,2.2308319582356977,2.1540730357507876,0.04,0.05714285714285714,APOSTA,APROVADO,0.6968,2026-08-02T16:48:13.258800
2026-07-26,CZECH 1,Slavia Praha B,FK Pribram,18.5,0.9551604986190796,2.884841967627308,3.9237085055803913,0.09,0.05405405405405406,APOSTA,APROVADO,0.1227,2026-08-02T16:48:13.277212
2026-07-26,MEXICO 1,Tigres,Atletico San Luis,18.5,0.9551604986190796,0.9977173304966237,2.0998605783456985,0.08,0.05405405405405406,APOSTA,APROVADO,0.1227,2026-08-02T16:48:13.289312
2026-07-26,SLOVAKIA 1,Ruzomberok,Dunajska Streda,14.0,0.9646897315979004,2.0064119145808035,2.018594547504504,0.07,0.07142857142857142,APOSTA,APROVADO,0.4574,2026-08-02T16:48:13.304740
2026-07-26,SWEDEN 1,Malmo FF,Elfsborg,19.5,0.9716732501983643,2.1214165352255714,2.8731777944614296,0.04,0.05128205128205128,APOSTA,APROVADO,0.399,2026-08-02T16:48:13.315684
2026-07-26,CZECH 1,FK Jablonec,Sigma Olomouc,13.0,0.9620798826217651,2.990323242113774,3.0578069135374544,0.09,0.07692307692307693,APOSTA,APROVADO,0.4589,2026-08-02T16:48:13.329264
2026-07-26,PERU 1,Deportivo Garcilaso,FC Cajamarca,14.0,0.9646393060684204,2.7856325954852914,2.648264215790492,0.07,0.07142857142857142,APOSTA,APROVADO,0.4567,2026-08-02T16:48:13.339317
2026-07-26,BRAZIL 1,SE Palmeiras,Atletico MG,12.0,0.9756097793579102,2.8040938545730256,2.81962091579688,0.05,0.08333333333333333,APOSTA,APROVADO,0.6585,2026-08-02T16:48:13.352846
2026-07-26,BRAZIL 1,Red Bull Bragantino,Coritiba,14.5,0.985487699508667,3.0954201872035276,2.9614055038605143,0.05,0.06896551724137931,APOSTA,APROVADO,0.7403,2026-08-02T16:48:13.379161
2026-07-26,BRAZIL 1,Gremio,Fluminense,12.0,0.985487699508667,1.8742074745851378,2.1304347547843783,0.05,0.08333333333333333,APOSTA,APROVADO,0.7766,2026-08-02T16:48:13.389132
2026-07-26,CHILE 1,Nublense,Palestino,12.5,0.9716732501983643,1.4864029179063927,2.885191497406689,0.06,0.08,APOSTA,APROVADO,0.5973,2026-08-02T16:48:13.409335
2026-07-26,BRAZIL 1,Cruzeiro MG,Botafogo FR,16.0,0.9669687747955322,3.911630989925505,2.973620113812955,0.05,0.0625,APOSTA,APROVADO,0.4232,2026-08-02T16:48:13.433480
2026-07-26,BRAZIL 1,Bahia,Corinthians,12.5,0.988034188747406,2.243098408061111,2.119777634991706,0.05,0.08,APOSTA,APROVADO,0.801,2026-08-02T16:48:13.443937
2026-07-26,BULGARIA 1,Lokomotiv Plovdiv,Septemvri,11.0,0.9716732501983643,0,1.9064093925840133,0.08,0.09090909090909091,APOSTA,APROVADO,0.6398,2026-08-02T16:48:13.461400
2026-07-26,PERU 1,UTC Cajamarca,Cesar Vallejo Moquegua,16.5,0.9646393060684204,1.3047492277602484,3.124046768836458,0.07,0.06060606060606061,APOSTA,APROVADO,0.3683,2026-08-02T16:48:13.477613
2026-07-26,CZECH 1,Hradec Kralove,Pardubice,13.0,0.9551604986190796,1.941470574226527,2.368501974177949,0.09,0.07692307692307693,APOSTA,APROVADO,0.3693,2026-08-02T16:48:13.490510
2026-07-26,ROMANIA 1,Csikszereda,FCSB,16.5,0.9548254609107971,3.0447132035698017,2.8358991118924983,0.09,0.06060606060606061,APOSTA,APROVADO,0.2069,2026-08-02T16:48:13.503917
2026-07-26,BULGARIA 1,Cherno More,Spartak Varna,12.5,0.9716732501983643,0,1.473954195509904,0.08,0.08,APOSTA,APROVADO,0.5973,2026-08-02T16:48:13.513431
2026-07-26,POLAND 1,Widzew Lodz,LKP Motor Lublin,14.0,0.9716732501983643,2.7160405081186747,3.671351238085912,0.08,0.07142857142857142,APOSTA,APROVADO,0.5548,2026-08-02T16:48:13.526860
2026-07-26,SWEDEN 2,Norrby IF,Ostersunds FK,16.5,0.985487699508667,0,2.6013664329797654,0.04,0.06060606060606061,APOSTA,APROVADO,0.7113,2026-08-02T16:48:13.541897
2026-07-27,POLAND 1,Zaglebie Lubin,Piast Gliwice,11.0,0.985487699508667,1.619955839165538,2.0390535814327095,0.08,0.09090909090909091,APOSTA,APROVADO,0.7911,2026-08-02T16:48:13.558722
2026-07-27,ROMANIA 1,CFR Cluj,FC Voluntari,16.5,0.9596469402313232,0.7979029398878658,2.729905676607141,0.09,0.06060606060606061,APOSTA,APROVADO,0.2862,2026-08-02T16:48:13.569391
2026-07-27,SWEDEN 2,Orebro,Oddevold,19.0,0.988034188747406,0,2.61847268736482,0.04,0.05263157894736842,APOSTA,APROVADO,0.7232,2026-08-02T16:48:13.581845
2026-07-27,BULGARIA 1,CSKA Sofia,Botev Plovdiv,16.0,0.9596469402313232,0,2.335334932401288,0.08,0.0625,APOSTA,APROVADO,0.3064,2026-08-02T16:48:13.593901
2026-07-27,CZECH 1,SFC Opava,MFK Karvina,16.0,0.9470410943031311,1.9744368376221877,3.198268229130789,0.09,0.0625,APOSTA,APROVADO,0.1053,2026-08-02T16:48:13.611281
2026-07-27,ECUADOR 1,Guayaquil City,Univ Catolica (Ecu),12.0,0.987210214138031,1.5859669520140092,2.724620266556022,0.09,0.08333333333333333,APOSTA,APROVADO,0.7972,2026-08-02T16:48:13.627296
2026-07-27,DENMARK 1,Randers,Silkeborg,19.0,0.9620798826217651,2.511781634317635,3.0563369560610547,0.08,0.05263157894736842,APOSTA,APROVADO,0.2314,2026-08-02T16:48:13.652288
2026-07-27,ROMANIA 1,Botosani,Rapid Bucharest,12.5,0.9551604986190796,2.286315412379726,2.4659625457969914,0.09,0.08,APOSTA,APROVADO,0.3917,2026-08-02T16:48:13.671572
2026-07-27,BULGARIA 1,Dunav Ruse,Ludogorets,19.5,0.9620798826217651,0.02610460943063253,2.1088230939885486,0.08,0.05128205128205128,APOSTA,APROVADO,0.2125,2026-08-02T16:48:13.683715
2026-07-28,SWEDEN 2,Landskrona,Norrkoping,18.5,0.985487699508667,0,3.1390083880327264,0.04,0.05405405405405406,APOSTA,APROVADO,0.6822,2026-08-02T16:48:13.695538
2026-07-29,BRAZIL 1,Internacional,Flamengo,13.5,0.9620798826217651,3.7072625170739233,3.0014054011304765,0.05,0.07407407407407407,APOSTA,APROVADO,0.44,2026-08-02T16:48:13.725699
2026-07-29,BRAZIL 1,Mirassol,Remo,13.5,0.9620798826217651,2.1601961736010438,2.8512123743003306,0.05,0.07407407407407407,APOSTA,APROVADO,0.44,2026-08-02T16:48:13.747822
2026-07-29,BRAZIL 1,Fluminense,Bahia,15.5,0.9620798826217651,3.8036081410223295,3.072220623209371,0.05,0.06451612903225806,APOSTA,APROVADO,0.3641,2026-08-02T16:48:13.761511
2026-07-29,PARAGUAY 1,Sportivo Luqueno,Sportivo Trinidense,12.0,0.9349064230918884,2.2916203249853133,2.4928549759495455,0.09,0.08333333333333333,APOSTA,APROVADO,0.1721,2026-08-02T16:48:13.781950
2026-07-30,COLOMBIA 1,Atletico Bucaramanga,Llaneros FC,12.0,0.985487699508667,1.2410991248440744,2.6976211576506053,0.06,0.08333333333333333,APOSTA,APROVADO,0.7766,2026-08-02T16:48:13.805971
2026-07-30,BRAZIL 1,Coritiba,Cruzeiro MG,10.5,0.985487699508667,1.6149577861213693,2.485568728813467,0.05,0.09523809523809523,APOSTA,APROVADO,0.7983,2026-08-02T16:48:13.819695
2026-07-31,CHILE 1,Univ de Concepcion,Audax Italiano,13.0,0.9756097793579102,0.5334769152343044,2.6535042155651825,0.06,0.07692307692307693,APOSTA,APROVADO,0.6341,2026-08-02T16:48:13.846659
2026-07-31,VENEZUELA 1,Portuguesa FC,Carabobo FC,11.0,0.9551604986190796,1.7588426047299177,2.7842317508656507,0.1,0.09090909090909091,APOSTA,APROVADO,0.459,2026-08-02T16:48:13.879760
2026-07-31,PERU 1,CD Los Chankas,Comerciantes Unidos,14.0,0.9948652386665344,1.719864489361845,2.265854380335186,0.07,0.07142857142857142,APOSTA,APROVADO,0.8784,2026-08-02T16:48:13.916334
2026-07-31,IRELAND 1,Drogheda,Shamrock Rovers,14.5,0.985487699508667,2.3273341830629164,2.864338697859978,0.08,0.06896551724137931,APOSTA,APROVADO,0.7403,2026-08-02T16:48:13.942962
2026-07-31,IRELAND 2,Treaty United,Longford,14.0,0.9620798826217651,0,2.2326989173534777,0.08,0.07142857142857142,APOSTA,APROVADO,0.421,2026-08-02T16:48:13.971813
2026-07-31,AUSTRIA 2,Floridsdorfer AC,St Polten,13.0,0.9551604986190796,0,2.430902347608736,0.09,0.07692307692307693,APOSTA,APROVADO,0.3693,2026-08-02T16:48:13.986303
2026-07-31,CZECH 1,Zizkov,Prostejov,17.5,0.9470410943031311,0,2.374841142147979,0.09,0.05714285714285714,APOSTA,APROVADO,0.0259,2026-08-02T16:48:14.001307
2026-07-31,DENMARK 2,HB Koge,Vejle,19.5,0.9716732501983643,2.6055223592426437,2.7987100168834895,0.06,0.05128205128205128,APOSTA,APROVADO,0.399,2026-08-02T16:48:14.018124
2026-07-31,CZECH 1,MAS Taborsko,Dukla Prague,12.5,0.9349064230918884,1.4136337242623591,2.6655532840692837,0.09,0.08,APOSTA,APROVADO,0.1396,2026-08-02T16:48:14.030714
2026-07-31,POLAND 2,LKS Lodz,Polonia Bytom,15.0,0.985487699508667,0,4.881668535720803,0.03,0.06666666666666667,APOSTA,APROVADO,0.733,2026-08-02T16:48:14.044992
2026-07-31,POLAND 1,Wisla Plock,Widzew Lodz,10.5,0.9756097793579102,0.9650440702219395,0.8934532511671002,0.08,0.09523809523809523,APOSTA,APROVADO,0.6951,2026-08-02T16:48:14.067051
2026-07-31,CZECH 1,FK Pribram,SFC Opava,13.5,0.93829745054245,0,1.7816672658883064,0.09,0.07407407407407407,APOSTA,APROVADO,0.1201,2026-08-02T16:48:14.089802
2026-07-31,BULGARIA 1,Slavia Sofia,Lokomotiv Sofia,12.0,0.9716732501983643,0,2.86660159059658,0.08,0.08333333333333333,APOSTA,APROVADO,0.6115,2026-08-02T16:48:14.111074
2026-07-31,SWEDEN 2,Oddevold,Norrby IF,19.5,0.9756097793579102,0,2.592385581693865,0.04,0.05128205128205128,APOSTA,APROVADO,0.4756,2026-08-02T16:48:14.134625
2026-08-01,SCOTLAND 4,Annan,Spartans,16.5,0.985487699508667,0,3.2333635503482787,0.06,0.06060606060606061,APOSTA,APROVADO,0.7113,2026-08-02T16:48:19.491216
2026-08-01,SCOTLAND 4,Clyde,Stranraer,16.0,0.9657142758369446,0,3.2031544695402108,0.06,0.0625,APOSTA,APROVADO,0.4031,2026-08-02T16:48:19.499102
2026-08-01,SCOTLAND 4,Edinburgh City,Elgin City FC,17.0,0.987210214138031,0,3.4496022210411965,0.06,0.058823529411764705,APOSTA,APROVADO,0.7332,2026-08-02T16:48:19.509640
2026-08-01,SCOTLAND 1,Falkirk,St Mirren,15.5,0.9596469402313232,2.891070833544306,2.982380959119828,0.07,0.06451612903225806,APOSTA,APROVADO,0.3265,2026-08-02T16:48:19.519146
2026-08-01,SCOTLAND 4,Stirling,Dumbarton,18.0,0.9863013625144958,0,1.7688947016939283,0.06,0.05555555555555555,APOSTA,APROVADO,0.7041,2026-08-02T16:48:19.528096
2026-08-01,SCOTLAND 3,Montrose,Hamilton,17.5,0.9756097793579102,0,3.513725868609699,0.05,0.05714285714285714,APOSTA,APROVADO,0.5244,2026-08-02T16:48:19.537315
2026-08-01,CZECH 1,Banik Ostrava,Slavia Prague,18.5,0.9646897315979004,2.713779811439953,3.0532496398710065,0.09,0.05405405405405406,APOSTA,APROVADO,0.2985,2026-08-02T16:48:19.548402
2026-08-01,CZECH 1,Slovacko,SK Artis Brno,19.5,0.96484375,0.9830521550686955,2.6372554527862535,0.09,0.05128205128205128,APOSTA,APROVADO,0.2662,2026-08-02T16:48:19.559765
2026-08-01,SCOTLAND 3,Cove Rangers,Airdrieonians,14.0,0.9716732501983643,0,2.6433542357148276,0.05,0.07142857142857142,APOSTA,APROVADO,0.5548,2026-08-02T16:48:19.571857
2026-08-01,POLAND 2,Arka Gdynia,Stal Rzeszow,18.5,0.9980806112289429,1.2424498207138188,2.444468900019369,0.03,0.05405405405405406,APOSTA,APROVADO,0.9146,2026-08-02T16:48:19.583492
2026-08-01,NORWAY 1,Fredrikstad,Sandefjord,16.5,0.9756097793579102,2.497343009412168,2.657567038379563,0.04,0.06060606060606061,APOSTA,APROVADO,0.5488,2026-08-02T16:48:19.592440
2026-08-01,DENMARK 2,Kolding IF,Hvidovre,15.0,0.987210214138031,2.537466786935031,2.3796920169985594,0.06,0.06666666666666667,APOSTA,APROVADO,0.7588,2026-08-02T16:48:19.607079
2026-08-01,SWEDEN 2,Varbergs BoIS,Falkenbergs,20.0,0.9646897315979004,0,4.545587431160648,0.04,0.05,APOSTA,APROVADO,0.2456,2026-08-02T16:48:19.620778
2026-08-01,SWEDEN 2,Sandvikens IF,Sundsvall,17.5,0.9596469402313232,0,2.8763931703872716,0.04,0.05714285714285714,APOSTA,APROVADO,0.2458,2026-08-02T16:48:19.633519
2026-08-01,CHINA 1,Ningbo Professional,Guangxi Hengchen,17.5,1.0,2.406655583770311,2.7414556535647807,0.02,0.05714285714285714,APOSTA,APROVADO,0.95,2026-08-02T16:48:19.646196
2026-08-01,SWEDEN 2,IK Brage,Landskrona,20.0,0.9716732501983643,0,4.766489001316824,0.04,0.05,APOSTA,APROVADO,0.3849,2026-08-02T16:48:19.658547
2026-08-01,CHINA 1,Yanbian Longding,Nanjing City,12.0,1.0,1.8479829398553267,2.3888135597712585,0.02,0.08333333333333333,APOSTA,APROVADO,0.95,2026-08-02T16:48:19.668206
2026-08-01,ROMANIA 2,FC Metaloglobus Bucuresti,Metalul Buzau,11.5,1.0,0.839566660921206,2.520994022632335,0.03,0.08695652173913043,APOSTA,APROVADO,0.95,2026-08-02T16:48:19.681895
2026-08-01,ROMANIA 2,CSM Scolar Resita,ASA Targu Mures,13.0,0.985487699508667,0,2.087916072440757,0.03,0.07692307692307693,APOSTA,APROVADO,0.7621,2026-08-02T16:48:19.697941
2026-08-01,MEXICO 1,Atletico San Luis,Tijuana,15.0,0.9716732501983643,2.284413522034601,2.413637308623441,0.08,0.06666666666666667,APOSTA,APROVADO,0.5265,2026-08-02T16:48:19.712279
2026-08-01,SCOTLAND 3,Alloa,East Fife,16.5,0.987210214138031,0,1.8389162251838238,0.05,0.06060606060606061,APOSTA,APROVADO,0.7396,2026-08-02T16:48:19.724102
2026-08-01,ROMANIA 1,FC Voluntari,UTA Arad,11.0,0.9386263489723206,0.9589745880630998,2.8613861409145755,0.09,0.09090909090909091,APOSTA,APROVADO,0.278,2026-08-02T16:48:19.740256
2026-08-01,CHILE 1,Cobresal,Union La Calera,13.0,0.987210214138031,0.41951072676173917,1.545345754571434,0.06,0.07692307692307693,APOSTA,APROVADO,0.7844,2026-08-02T16:48:19.749650
2026-08-01,SCOTLAND 1,Aberdeen,Hearts,16.0,0.9716732501983643,2.451175595949298,2.822126248451493,0.07,0.0625,APOSTA,APROVADO,0.4982,2026-08-02T16:48:19.759387
2026-08-01,PERU 1,FC Cajamarca,Sport Huancayo,15.0,0.9551604986190796,1.6410651028581853,3.0049691323983954,0.07,0.06666666666666667,APOSTA,APROVADO,0.2796,2026-08-02T16:48:19.771008
2026-08-01,SERBIA 2,Vozdovac,FK Dubocica,14.5,0.9551604986190796,0,2.672839531205362,0.1,0.06896551724137931,APOSTA,APROVADO,0.3021,2026-08-02T16:48:19.787620
2026-08-01,BULGARIA 1,Botev Plovdiv,Cherno More,12.0,0.9470410943031311,0,2.149882153200613,0.08,0.08333333333333333,APOSTA,APROVADO,0.3171,2026-08-02T16:48:19.802790
2026-08-01,ROMANIA 1,Universitatea Craiova,ACS Petrolul 52,14.0,0.9620798826217651,2.7644104595846217,2.342232054613256,0.09,0.07142857142857142,APOSTA,APROVADO,0.421,2026-08-02T16:48:19.820261
2026-08-01,ECUADOR 1,Manta FC,Mushuc Runa,10.5,0.988034188747406,1.5325225927446466,1.8430379106936798,0.07,0.09523809523809523,APOSTA,APROVADO,0.825,2026-08-02T16:48:19.840103
2026-08-01,SLOVAKIA 1,MFK Skalica,Ruzomberok,12.0,0.9470410943031311,2.40746555594806,2.9464146938771663,0.07,0.08333333333333333,APOSTA,APROVADO,0.3171,2026-08-02T16:48:19.852136
2026-08-02,BULGARIA 1,Ludogorets,Botev Vratsa,18.0,0.9756097793579102,0,2.3436020901848904,0.08,0.05555555555555555,APOSTA,APROVADO,0.5122,2026-08-02T16:48:19.864270
2026-08-02,IRELAND 1,St Patricks,Derry City,14.0,0.988034188747406,2.4916586713501854,2.9849691837634142,0.08,0.07142857142857142,APOSTA,APROVADO,0.7831,2026-08-02T16:48:19.874700
2026-08-02,SLOVENIA 1,NK Radomlje,NK Bravo,20.0,0.9716732501983643,0,2.784831827514528,0.06,0.05,APOSTA,APROVADO,0.3849,2026-08-02T16:48:19.889188
2026-08-02,ECUADOR 1,Macara,Guayaquil City,11.0,0.9620798826217651,1.5836625388294312,2.1408367455687896,0.07,0.09090909090909091,APOSTA,APROVADO,0.5348,2026-08-02T16:48:19.914233
2026-08-02,CHILE 1,La Serena,OHiggins,16.0,0.985487699508667,0.8759592725279444,2.7014603969892144,0.06,0.0625,APOSTA,APROVADO,0.7185,2026-08-02T16:48:19.925975
2026-08-02,SCOTLAND 1,Hibernian,Motherwell,15.0,0.985487699508667,1.998232066471302,2.963873944298692,0.07,0.06666666666666667,APOSTA,APROVADO,0.733,2026-08-02T16:48:19.940311
2026-08-02,PERU 1,Cesar Vallejo Moquegua,Melgar,11.5,0.9646897315979004,1.3924295232376873,2.4598296888573334,0.07,0.08695652173913043,APOSTA,APROVADO,0.5457,2026-08-02T16:48:19.957186
2026-08-02,PARAGUAY 1,Guarani (Par),Libertad,11.0,0.93829745054245,1.4809813997387513,2.3724364947269274,0.09,0.09090909090909091,APOSTA,APROVADO,0.2744,2026-08-02T16:48:19.966521
2026-08-02,URUGUAY 1,Nacional (Uru),Progreso,16.0,0.985487699508667,,,0.08,0.0625,APOSTA,APROVADO,0.7185,2026-08-02T16:48:19.977019
2026-08-02,VENEZUELA 1,Metropolitanos,Puerto Cabello,10.5,0.9431891441345215,1.7971809902995697,2.038200730520979,0.1,0.09523809523809523,APOSTA,APROVADO,0.3563,2026-08-02T16:48:19.989058
2026-08-02,ROMANIA 1,Rapid Bucharest,CFR Cluj,13.0,0.9456824660301208,2.3021296387973034,2.3456029272698498,0.09,0.07692307692307693,APOSTA,APROVADO,0.2466,2026-08-02T16:48:20.001408
2026-08-02,CZECH 1,Bohemians 1905,Hradec Kralove,14.5,0.9620798826217651,2.714098127235321,2.4946141364452905,0.09,0.06896551724137931,APOSTA,APROVADO,0.4021,2026-08-02T16:48:20.017108
2026-08-02,IRELAND 1,Waterford,Shelbourne,18.5,0.985487699508667,3.102815138628551,3.281008858142778,0.08,0.05405405405405406,APOSTA,APROVADO,0.6822,2026-08-02T16:48:20.026951
2026-08-02,SLOVAKIA 1,Dunajska Streda,Dukla Banska Bystrica,18.0,0.9551604986190796,1.7347379643750829,3.518342004971622,0.07,0.05555555555555555,APOSTA,APROVADO,0.1451,2026-08-02T16:48:20.053636
2026-08-02,CHINA 1,Suzhou Dongwu,Meizhou Hakka,15.0,1.0,1.5097549738103264,2.3757053293250543,0.02,0.06666666666666667,APOSTA,APROVADO,0.95,2026-08-02T16:48:20.079287
2026-08-02,CHINA 1,Shenzhen Peng City,Chongqing Tonglianglong,14.5,0.987210214138031,2.3886171133101457,2.757980166944008,0.02,0.06896551724137931,APOSTA,APROVADO,0.7652,2026-08-02T16:48:20.102701
2026-08-02,DENMARK 2,Vendsyssel FF,Hobro,15.5,0.985487699508667,2.1564202035797457,2.9079668827437812,0.06,0.06451612903225806,APOSTA,APROVADO,0.7258,2026-08-02T16:48:20.129340
2026-08-02,SWEDEN 1,Brommapojkarna,Malmo FF,20.0,0.9756097793579102,1.820233041539669,2.2256189812477714,0.03,0.05,APOSTA,APROVADO,0.4634,2026-08-02T16:48:20.145611
2026-08-02,POLAND 2,Ruch Chorzow,Miedz Legnica,20.0,0.9980806112289429,0,2.5627765775346756,0.03,0.05,APOSTA,APROVADO,0.9117,2026-08-02T16:48:20.158022
2026-08-02,ROMANIA 2,CSA Steaua Bucuresti,CSM Slatina,17.0,0.987210214138031,0,3.824984577142578,0.03,0.058823529411764705,APOSTA,APROVADO,0.7332,2026-08-02T16:48:20.170881
2026-08-02,SCOTLAND 1,St Johnstone,Kilmarnock,14.5,0.9620798826217651,0.6656677152230345,3.321374614372149,0.07,0.06896551724137931,APOSTA,APROVADO,0.4021,2026-08-02T16:48:20.184317
2026-08-02,WALES 1,Connahs Quay,Caernarfon Town,16.5,0.9756097793579102,0,2.7113986617860055,0.08,0.06060606060606061,APOSTA,APROVADO,0.5488,2026-08-02T16:48:20.203176
2026-08-02,FINLAND 1,AC Oulu,Ilves,15.5,0.9948652386665344,2.739220531477229,2.986068351958754,0.06,0.06451612903225806,APOSTA,APROVADO,0.8707,2026-08-02T16:48:20.219484
2026-08-02,SWITZERLAND 1,Grasshoppers Zurich,Lugano,20.0,0.9756097793579102,2.670199827713973,2.213216153378401,0.04,0.05,APOSTA,APROVADO,0.4634,2026-08-02T16:48:20.234396
2026-08-02,SWEDEN 1,IFK Goteborg,Degerfors,17.0,0.9948652386665344,2.496017580359368,2.0265454276353827,0.03,0.058823529411764705,APOSTA,APROVADO,0.863,2026-08-02T16:48:20.259035
2026-08-02,ECUADOR 1,CD Leones del Norte,Barcelona (ECU),10.5,0.9716732501983643,1.4404051748811784,2.5727747579829945,0.07,0.09523809523809523,APOSTA,APROVADO,0.654,2026-08-02T16:48:20.277739
2026-08-01,SCOTLAND 4,Annan,Spartans,16.5,0.985487699508667,0,3.2333635503482787,0.06,0.06060606060606061,APOSTA,APROVADO,0.7113,2026-08-02T16:48:47.681641
2026-08-01,SCOTLAND 4,Clyde,Stranraer,16.0,0.9657142758369446,0,3.2031544695402108,0.06,0.0625,APOSTA,APROVADO,0.4031,2026-08-02T16:48:47.694759
2026-08-01,SCOTLAND 4,Edinburgh City,Elgin City FC,17.0,0.987210214138031,0,3.4496022210411965,0.06,0.058823529411764705,APOSTA,APROVADO,0.7332,2026-08-02T16:48:47.709032
2026-08-01,SCOTLAND 1,Falkirk,St Mirren,15.5,0.9596469402313232,2.891070833544306,2.982380959119828,0.07,0.06451612903225806,APOSTA,APROVADO,0.3265,2026-08-02T16:48:47.719841
2026-08-01,SCOTLAND 4,Stirling,Dumbarton,18.0,0.9863013625144958,0,1.7688947016939283,0.06,0.05555555555555555,APOSTA,APROVADO,0.7041,2026-08-02T16:48:47.731472
2026-08-01,SCOTLAND 3,Montrose,Hamilton,17.5,0.9756097793579102,0,3.513725868609699,0.05,0.05714285714285714,APOSTA,APROVADO,0.5244,2026-08-02T16:48:47.742575
2026-08-01,CZECH 1,Banik Ostrava,Slavia Prague,18.5,0.9646897315979004,2.713779811439953,3.0532496398710065,0.09,0.05405405405405406,APOSTA,APROVADO,0.2985,2026-08-02T16:48:47.758141
2026-08-01,CZECH 1,Slovacko,SK Artis Brno,19.5,0.96484375,0.9830521550686955,2.6372554527862535,0.09,0.05128205128205128,APOSTA,APROVADO,0.2662,2026-08-02T16:48:47.778118
2026-08-01,SCOTLAND 3,Cove Rangers,Airdrieonians,14.0,0.9716732501983643,0,2.6433542357148276,0.05,0.07142857142857142,APOSTA,APROVADO,0.5548,2026-08-02T16:48:47.790766
2026-08-01,POLAND 2,Arka Gdynia,Stal Rzeszow,18.5,0.9980806112289429,1.2424498207138188,2.444468900019369,0.03,0.05405405405405406,APOSTA,APROVADO,0.9146,2026-08-02T16:48:47.808897
2026-08-01,NORWAY 1,Fredrikstad,Sandefjord,16.5,0.9756097793579102,2.497343009412168,2.657567038379563,0.04,0.06060606060606061,APOSTA,APROVADO,0.5488,2026-08-02T16:48:47.819610
2026-08-01,DENMARK 2,Kolding IF,Hvidovre,15.0,0.987210214138031,2.537466786935031,2.3796920169985594,0.06,0.06666666666666667,APOSTA,APROVADO,0.7588,2026-08-02T16:48:47.832822
2026-08-01,SWEDEN 2,Varbergs BoIS,Falkenbergs,20.0,0.9646897315979004,0,4.545587431160648,0.04,0.05,APOSTA,APROVADO,0.2456,2026-08-02T16:48:47.849876
2026-08-01,SWEDEN 2,Sandvikens IF,Sundsvall,17.5,0.9596469402313232,0,2.8763931703872716,0.04,0.05714285714285714,APOSTA,APROVADO,0.2458,2026-08-02T16:48:47.865452
2026-08-01,CHINA 1,Ningbo Professional,Guangxi Hengchen,17.5,1.0,2.406655583770311,2.7414556535647807,0.02,0.05714285714285714,APOSTA,APROVADO,0.95,2026-08-02T16:48:47.881306
2026-08-01,SWEDEN 2,IK Brage,Landskrona,20.0,0.9716732501983643,0,4.766489001316824,0.04,0.05,APOSTA,APROVADO,0.3849,2026-08-02T16:48:47.896743
2026-08-01,CHINA 1,Yanbian Longding,Nanjing City,12.0,1.0,1.8479829398553267,2.3888135597712585,0.02,0.08333333333333333,APOSTA,APROVADO,0.95,2026-08-02T16:48:47.906658
2026-08-01,ROMANIA 2,FC Metaloglobus Bucuresti,Metalul Buzau,11.5,1.0,0.839566660921206,2.520994022632335,0.03,0.08695652173913043,APOSTA,APROVADO,0.95,2026-08-02T16:48:47.922667
2026-08-01,ROMANIA 2,CSM Scolar Resita,ASA Targu Mures,13.0,0.985487699508667,0,2.087916072440757,0.03,0.07692307692307693,APOSTA,APROVADO,0.7621,2026-08-02T16:48:47.942257
2026-08-01,MEXICO 1,Atletico San Luis,Tijuana,15.0,0.9716732501983643,2.284413522034601,2.413637308623441,0.08,0.06666666666666667,APOSTA,APROVADO,0.5265,2026-08-02T16:48:47.961877
2026-08-01,SCOTLAND 3,Alloa,East Fife,16.5,0.987210214138031,0,1.8389162251838238,0.05,0.06060606060606061,APOSTA,APROVADO,0.7396,2026-08-02T16:48:47.972398
2026-08-01,ROMANIA 1,FC Voluntari,UTA Arad,11.0,0.9386263489723206,0.9589745880630998,2.8613861409145755,0.09,0.09090909090909091,APOSTA,APROVADO,0.278,2026-08-02T16:48:47.992694
2026-08-01,CHILE 1,Cobresal,Union La Calera,13.0,0.987210214138031,0.41951072676173917,1.545345754571434,0.06,0.07692307692307693,APOSTA,APROVADO,0.7844,2026-08-02T16:48:48.008936
2026-08-01,SCOTLAND 1,Aberdeen,Hearts,16.0,0.9716732501983643,2.451175595949298,2.822126248451493,0.07,0.0625,APOSTA,APROVADO,0.4982,2026-08-02T16:48:48.034494
2026-08-01,PERU 1,FC Cajamarca,Sport Huancayo,15.0,0.9551604986190796,1.6410651028581853,3.0049691323983954,0.07,0.06666666666666667,APOSTA,APROVADO,0.2796,2026-08-02T16:48:48.048418
2026-08-01,SERBIA 2,Vozdovac,FK Dubocica,14.5,0.9551604986190796,0,2.672839531205362,0.1,0.06896551724137931,APOSTA,APROVADO,0.3021,2026-08-02T16:48:48.062116
2026-08-01,BULGARIA 1,Botev Plovdiv,Cherno More,12.0,0.9470410943031311,0,2.149882153200613,0.08,0.08333333333333333,APOSTA,APROVADO,0.3171,2026-08-02T16:48:48.082948
2026-08-01,ROMANIA 1,Universitatea Craiova,ACS Petrolul 52,14.0,0.9620798826217651,2.7644104595846217,2.342232054613256,0.09,0.07142857142857142,APOSTA,APROVADO,0.421,2026-08-02T16:48:48.107220
2026-08-01,ECUADOR 1,Manta FC,Mushuc Runa,10.5,0.988034188747406,1.5325225927446466,1.8430379106936798,0.07,0.09523809523809523,APOSTA,APROVADO,0.825,2026-08-02T16:48:48.125226
2026-08-01,SLOVAKIA 1,MFK Skalica,Ruzomberok,12.0,0.9470410943031311,2.40746555594806,2.9464146938771663,0.07,0.08333333333333333,APOSTA,APROVADO,0.3171,2026-08-02T16:48:48.141460
2026-08-02,BULGARIA 1,Ludogorets,Botev Vratsa,18.0,0.9756097793579102,0,2.3436020901848904,0.08,0.05555555555555555,APOSTA,APROVADO,0.5122,2026-08-02T16:48:48.156268
2026-08-02,IRELAND 1,St Patricks,Derry City,14.0,0.988034188747406,2.4916586713501854,2.9849691837634142,0.08,0.07142857142857142,APOSTA,APROVADO,0.7831,2026-08-02T16:48:48.172269
2026-08-02,SLOVENIA 1,NK Radomlje,NK Bravo,20.0,0.9716732501983643,0,2.784831827514528,0.06,0.05,APOSTA,APROVADO,0.3849,2026-08-02T16:48:48.189178
2026-08-02,ECUADOR 1,Macara,Guayaquil City,11.0,0.9620798826217651,1.5836625388294312,2.1408367455687896,0.07,0.09090909090909091,APOSTA,APROVADO,0.5348,2026-08-02T16:48:48.217895
2026-08-02,CHILE 1,La Serena,OHiggins,16.0,0.985487699508667,0.8759592725279444,2.7014603969892144,0.06,0.0625,APOSTA,APROVADO,0.7185,2026-08-02T16:48:48.229143
2026-08-02,SCOTLAND 1,Hibernian,Motherwell,15.0,0.985487699508667,1.998232066471302,2.963873944298692,0.07,0.06666666666666667,APOSTA,APROVADO,0.733,2026-08-02T16:48:48.250042
2026-08-02,PERU 1,Cesar Vallejo Moquegua,Melgar,11.5,0.9646897315979004,1.3924295232376873,2.4598296888573334,0.07,0.08695652173913043,APOSTA,APROVADO,0.5457,2026-08-02T16:48:48.270011
2026-08-02,PARAGUAY 1,Guarani (Par),Libertad,11.0,0.93829745054245,1.4809813997387513,2.3724364947269274,0.09,0.09090909090909091,APOSTA,APROVADO,0.2744,2026-08-02T16:48:48.280669
2026-08-02,URUGUAY 1,Nacional (Uru),Progreso,16.0,0.985487699508667,,,0.08,0.0625,APOSTA,APROVADO,0.7185,2026-08-02T16:48:48.291344
2026-08-02,VENEZUELA 1,Metropolitanos,Puerto Cabello,10.5,0.9431891441345215,1.7971809902995697,2.038200730520979,0.1,0.09523809523809523,APOSTA,APROVADO,0.3563,2026-08-02T16:48:48.306970
2026-08-02,ROMANIA 1,Rapid Bucharest,CFR Cluj,13.0,0.9456824660301208,2.3021296387973034,2.3456029272698498,0.09,0.07692307692307693,APOSTA,APROVADO,0.2466,2026-08-02T16:48:48.343297
2026-08-02,CZECH 1,Bohemians 1905,Hradec Kralove,14.5,0.9620798826217651,2.714098127235321,2.4946141364452905,0.09,0.06896551724137931,APOSTA,APROVADO,0.4021,2026-08-02T16:48:48.366512
2026-08-02,IRELAND 1,Waterford,Shelbourne,18.5,0.985487699508667,3.102815138628551,3.281008858142778,0.08,0.05405405405405406,APOSTA,APROVADO,0.6822,2026-08-02T16:48:48.380790
2026-08-02,SLOVAKIA 1,Dunajska Streda,Dukla Banska Bystrica,18.0,0.9551604986190796,1.7347379643750829,3.518342004971622,0.07,0.05555555555555555,APOSTA,APROVADO,0.1451,2026-08-02T16:48:48.394536
2026-08-02,CHINA 1,Suzhou Dongwu,Meizhou Hakka,15.0,1.0,1.5097549738103264,2.3757053293250543,0.02,0.06666666666666667,APOSTA,APROVADO,0.95,2026-08-02T16:48:48.422264
2026-08-02,CHINA 1,Shenzhen Peng City,Chongqing Tonglianglong,14.5,0.987210214138031,2.3886171133101457,2.757980166944008,0.02,0.06896551724137931,APOSTA,APROVADO,0.7652,2026-08-02T16:48:48.441852
2026-08-02,DENMARK 2,Vendsyssel FF,Hobro,15.5,0.985487699508667,2.1564202035797457,2.9079668827437812,0.06,0.06451612903225806,APOSTA,APROVADO,0.7258,2026-08-02T16:48:48.456179
2026-08-02,SWEDEN 1,Brommapojkarna,Malmo FF,20.0,0.9756097793579102,1.820233041539669,2.2256189812477714,0.03,0.05,APOSTA,APROVADO,0.4634,2026-08-02T16:48:48.482793
2026-08-02,POLAND 2,Ruch Chorzow,Miedz Legnica,20.0,0.9980806112289429,0,2.5627765775346756,0.03,0.05,APOSTA,APROVADO,0.9117,2026-08-02T16:48:48.503824
2026-08-02,ROMANIA 2,CSA Steaua Bucuresti,CSM Slatina,17.0,0.987210214138031,0,3.824984577142578,0.03,0.058823529411764705,APOSTA,APROVADO,0.7332,2026-08-02T16:48:48.524611
2026-08-02,SCOTLAND 1,St Johnstone,Kilmarnock,14.5,0.9620798826217651,0.6656677152230345,3.321374614372149,0.07,0.06896551724137931,APOSTA,APROVADO,0.4021,2026-08-02T16:48:48.543645
2026-08-02,WALES 1,Connahs Quay,Caernarfon Town,16.5,0.9756097793579102,0,2.7113986617860055,0.08,0.06060606060606061,APOSTA,APROVADO,0.5488,2026-08-02T16:48:48.568662
2026-08-02,FINLAND 1,AC Oulu,Ilves,15.5,0.9948652386665344,2.739220531477229,2.986068351958754,0.06,0.06451612903225806,APOSTA,APROVADO,0.8707,2026-08-02T16:48:48.585687
2026-08-02,SWITZERLAND 1,Grasshoppers Zurich,Lugano,20.0,0.9756097793579102,2.670199827713973,2.213216153378401,0.04,0.05,APOSTA,APROVADO,0.4634,2026-08-02T16:48:48.604108
2026-08-02,SWEDEN 1,IFK Goteborg,Degerfors,17.0,0.9948652386665344,2.496017580359368,2.0265454276353827,0.03,0.058823529411764705,APOSTA,APROVADO,0.863,2026-08-02T16:48:48.620497
2026-08-02,ECUADOR 1,CD Leones del Norte,Barcelona (ECU),10.5,0.9716732501983643,1.4404051748811784,2.5727747579829945,0.07,0.09523809523809523,APOSTA,APROVADO,0.654,2026-08-02T16:48:48.645553
2026-07-04,SWEDEN 1,Halmstads,Vasteras SK,16.5,0.9596469402313232,0.8735786313204374,1.6977732466798972,0.04,0.06060606060606061,APOSTA,APROVADO,0.2862,2026-08-02T22:33:54.387457
2026-07-04,CHINA 1,Liaoning Tieren FC,Chongqing Tonglianglong,15.5,0.985487699508667,2.561387476757271,2.7355156552364477,0.04,0.06451612903225806,APOSTA,APROVADO,0.7258,2026-08-02T22:33:54.403800
2026-07-04,FINLAND 1,Lahti,Gnistan,16.5,0.9756097793579102,3.9641968597063126,3.3562873642255084,0.05,0.06060606060606061,APOSTA,APROVADO,0.5488,2026-08-02T22:33:54.414165
2026-07-04,CHINA 1,Tianjin Jinmen Tiger FC,Shenzhen Peng City,18.0,0.987210214138031,1.49754694547141,1.7302994422256468,0.04,0.05555555555555555,APOSTA,APROVADO,0.7204,2026-08-02T22:33:54.430028
2026-07-04,CHINA 1,Dalian Yingbo,Wuhan Three Towns,20.0,0.9756097793579102,2.9530190840118666,3.5953435426624587,0.04,0.05,APOSTA,APROVADO,0.4634,2026-08-02T22:33:54.439478
2026-07-04,SWEDEN 1,Degerfors,Malmo FF,17.0,0.9756097793579102,1.8383712216457204,2.2181852857767965,0.04,0.058823529411764705,APOSTA,APROVADO,0.5366,2026-08-02T22:33:54.467127
2026-07-05,SWEDEN 1,Elfsborg,Hammarby,19.0,0.9716732501983643,2.3450776642801667,2.1233413662596248,0.04,0.05263157894736842,APOSTA,APROVADO,0.4132,2026-08-02T22:33:54.497184
2026-07-05,SWEDEN 1,IFK Goteborg,AIK,19.5,0.985487699508667,1.553888595866042,2.1380613088666784,0.04,0.05128205128205128,APOSTA,APROVADO,0.6677,2026-08-02T22:33:54.510706
2026-07-06,SWEDEN 1,Brommapojkarna,GAIS,17.0,0.987210214138031,2.5298830844858466,2.309000456490672,0.04,0.058823529411764705,APOSTA,APROVADO,0.7332,2026-08-02T22:33:54.542851
2026-07-11,CHINA 1,Yanbian Longding,Suzhou Dongwu,13.5,0.9980806112289429,2.265775708993785,1.955493932990466,0.04,0.07407407407407407,APOSTA,APROVADO,0.9242,2026-08-02T22:33:54.603918
2026-07-11,URUGUAY 1,Danubio,Nacional (Uru),12.0,0.987210214138031,1.6362311423552394,2.6893878313484785,0.05,0.08333333333333333,APOSTA,APROVADO,0.7972,2026-08-02T22:33:54.676619
2026-07-11,NORWAY 1,Tromso,Valerenga,17.5,0.9716732501983643,2.4642737675183524,2.228394417949883,0.03,0.05714285714285714,APOSTA,APROVADO,0.4557,2026-08-02T22:33:54.687575
2026-07-11,URUGUAY 1,Wanderers (Uru),Progreso,11.0,0.9980806112289429,0,1.0030493743865352,0.05,0.09090909090909091,APOSTA,APROVADO,0.929,2026-08-02T22:33:54.699042
2026-07-11,SWEDEN 1,Mjallby,AIK,18.0,0.9716732501983643,2.3852654262067596,3.0858460383154798,0.04,0.05555555555555555,APOSTA,APROVADO,0.4415,2026-08-02T22:33:54.710344
2026-07-11,FINLAND 1,TPS,AC Oulu,16.5,0.9620798826217651,1.5820265777798488,1.8336408598502913,0.05,0.06060606060606061,APOSTA,APROVADO,0.3262,2026-08-02T22:33:54.722449
2026-07-11,ESTONIA 1,Parnu JK Vaprus,Tammeka Tartu,19.0,0.9948652386665344,0,2.363291165190339,0.03,0.05263157894736842,APOSTA,APROVADO,0.8527,2026-08-02T22:33:54.749115
2026-07-11,NORWAY 1,Fredrikstad,Lillestrom,18.5,0.988034188747406,2.133194872203923,2.6675233962897966,0.03,0.05405405405405406,APOSTA,APROVADO,0.7292,2026-08-02T22:33:54.759775
2026-07-12,SWEDEN 1,Vasteras SK,Degerfors,15.0,0.93829745054245,2.193727837634437,3.454678032192455,0.04,0.06666666666666667,APOSTA,APROVADO,0.0275,2026-08-02T22:33:54.777905
2026-07-12,SWEDEN 1,GAIS,Elfsborg,15.5,1.0,2.229290603431486,2.5117557563891864,0.04,0.06451612903225806,APOSTA,APROVADO,0.95,2026-08-02T22:33:54.788044
2026-07-12,NORWAY 1,Sandefjord,Ham-Kam,19.0,0.9948652386665344,2.700326337424535,2.140689297233893,0.03,0.05263157894736842,APOSTA,APROVADO,0.8527,2026-08-02T22:33:54.798581
2026-07-12,URUGUAY 1,Boston River,Central Espanol,11.5,0.9716732501983643,0,3.217874412147265,0.05,0.08695652173913043,APOSTA,APROVADO,0.6257,2026-08-02T22:33:54.812914
2026-07-12,BOLIVIA 1,Real Potosi,Nacional Potosi,18.5,0.9646897315979004,1.436306166878971,4.014596281036046,0.05,0.05405405405405406,APOSTA,APROVADO,0.2985,2026-08-02T22:33:54.944856
2026-07-16,BRAZIL 1,Botafogo FR,Santos,14.0,0.987210214138031,1.8306925756420045,2.6170491931209003,0.05,0.07142857142857142,APOSTA,APROVADO,0.7716,2026-08-02T22:33:55.017626
2026-07-17,BRAZIL 1,Mirassol,Gremio,11.5,0.9620798826217651,1.9969404265711235,2.311623804163492,0.05,0.08695652173913043,APOSTA,APROVADO,0.5158,2026-08-02T22:33:55.045195
2026-07-17,URUGUAY 1,Nacional (Uru),Wanderers (Uru),17.0,0.985487699508667,1.0235010698314864,2.221954499586219,0.05,0.058823529411764705,APOSTA,APROVADO,0.704,2026-08-02T22:33:55.066841
2026-07-17,PERU 1,FC Cajamarca,Juan Pablo II College,17.0,0.9551604986190796,2.143787323651971,3.4076836153464516,0.07,0.058823529411764705,APOSTA,APROVADO,0.19,2026-08-02T22:33:55.088747
2026-07-17,CHINA 1,Changchun Yatai,Wuxi Wugou,17.0,0.987210214138031,2.406275995483507,2.4570359165121713,0.04,0.058823529411764705,APOSTA,APROVADO,0.7332,2026-08-02T22:33:55.124906
2026-07-17,BRAZIL 1,Fluminense,Red Bull Bragantino,12.5,0.9646897315979004,2.886791710146721,2.758044723289931,0.05,0.08,APOSTA,APROVADO,0.5104,2026-08-02T22:33:55.139801
2026-07-18,NORWAY 1,Start,Rosenborg,18.5,0.9756097793579102,1.1854888620708817,1.349477532167301,0.03,0.05405405405405406,APOSTA,APROVADO,0.5,2026-08-02T22:33:55.168148
2026-07-18,FINLAND 1,AC Oulu,Gnistan,18.0,0.985487699508667,3.3882509445699065,2.883944880876453,0.05,0.05555555555555555,APOSTA,APROVADO,0.6895,2026-08-02T22:33:55.178247
2026-07-18,CHINA 1,Wuhan Three Towns,Shenzhen Peng City,19.0,0.9922480583190918,1.9833211523254457,2.031619885961735,0.04,0.05263157894736842,APOSTA,APROVADO,0.8031,2026-08-02T22:33:55.191537
2026-07-18,SWEDEN 1,AIK,GAIS,17.0,0.9948652386665344,3.1397686715454047,2.47763594179603,0.04,0.058823529411764705,APOSTA,APROVADO,0.863,2026-08-02T22:33:55.203030
2026-07-18,NORWAY 1,Ham-Kam,Tromso,15.5,0.987210214138031,2.3684968809395657,3.148581314669296,0.03,0.06451612903225806,APOSTA,APROVADO,0.7524,2026-08-02T22:33:55.213008
2026-07-18,SWEDEN 2,Oddevold,Varbergs BoIS,18.0,0.9620798826217651,0,4.19727362353461,0.04,0.05555555555555555,APOSTA,APROVADO,0.2693,2026-08-02T22:33:55.238119
2026-07-18,SWEDEN 2,Ostersunds FK,Landskrona,16.0,0.9620798826217651,0,4.011861613915968,0.04,0.0625,APOSTA,APROVADO,0.3452,2026-08-02T22:33:55.251866
2026-07-18,PERU 1,Cesar Vallejo Moquegua,Comerciantes Unidos,10.5,0.985487699508667,0.790439102634934,2.343991215109001,0.07,0.09523809523809523,APOSTA,APROVADO,0.7983,2026-08-02T22:33:55.272705
2026-07-18,URUGUAY 1,Penarol,Boston River,15.0,0.9620798826217651,0,2.171603780618794,0.05,0.06666666666666667,APOSTA,APROVADO,0.3831,2026-08-02T22:33:55.309880
2026-07-18,PERU 1,Cusco FC,Alianza Atletico,15.5,0.9716732501983643,2.7611255598419047,2.7078349305180867,0.07,0.06451612903225806,APOSTA,APROVADO,0.5124,2026-08-02T22:33:55.325980
2026-07-19,SWEDEN 2,Varnamo,Ljungskile,19.0,0.985487699508667,0.030999223698876133,2.724813125167347,0.04,0.05263157894736842,APOSTA,APROVADO,0.675,2026-08-02T22:33:55.360634
2026-07-19,PERU 1,CD Los Chankas,Sport Boys (Per),12.5,0.9551604986190796,,,0.07,0.08,APOSTA,APROVADO,0.3917,2026-08-02T22:33:55.373792
2026-07-20,SWEDEN 2,Norrby IF,Sundsvall,15.5,0.985487699508667,0,1.841627105540012,0.04,0.06451612903225806,APOSTA,APROVADO,0.7258,2026-08-02T22:33:55.408693
2026-07-21,BRAZIL 1,Atletico MG,Bahia,15.0,0.9756097793579102,2.932049877323018,2.2689951551975183,0.05,0.06666666666666667,APOSTA,APROVADO,0.5854,2026-08-02T22:33:55.448750
2026-07-22,BRAZIL 1,Chapecoense,Flamengo,18.0,1.0,2.58954923304823,2.361521959977008,0.05,0.05555555555555555,APOSTA,APROVADO,0.95,2026-08-02T22:33:55.496033
2026-07-22,BRAZIL 1,Internacional,Cruzeiro MG,13.0,0.9756097793579102,2.741069887999378,3.11414386959851,0.05,0.07692307692307693,APOSTA,APROVADO,0.6341,2026-08-02T22:33:55.508774
2026-07-23,BRAZIL 1,Corinthians,Remo,13.5,0.9716732501983643,2.4924989449856705,2.7843600531310524,0.05,0.07407407407407407,APOSTA,APROVADO,0.569,2026-08-02T22:33:55.530102
2026-07-24,POLAND 2,Odra Opole,Arka Gdynia,15.5,0.9948652386665344,1.2492561222466212,2.490661280253261,0.03,0.06451612903225806,APOSTA,APROVADO,0.8707,2026-08-02T22:33:55.555704
2026-07-24,PERU 1,Alianza Atletico,CD Los Chankas,15.0,0.9756097793579102,2.1226289337633153,3.0398078019874326,0.07,0.06666666666666667,APOSTA,APROVADO,0.5854,2026-08-02T22:33:55.572097
2026-07-25,NORWAY 1,Kristiansund,Start,15.5,0.985487699508667,2.647017629072452,2.665759595099656,0.03,0.06451612903225806,APOSTA,APROVADO,0.7258,2026-08-02T22:33:55.622464
2026-07-25,SLOVAKIA 1,Trencin,KFC Komarno,17.5,0.9646897315979004,1.8281042661395257,2.5153194876571052,0.07,0.05714285714285714,APOSTA,APROVADO,0.3338,2026-08-02T22:33:55.635864
2026-07-25,BRAZIL 1,Vasco Da Gama,Mirassol,12.0,0.985487699508667,,,0.05,0.08333333333333333,APOSTA,APROVADO,0.7766,2026-08-02T22:33:55.663839
2026-07-25,COLOMBIA 1,Millonarios,Atletico Bucaramanga,10.5,0.9922480583190918,1.9187703451459517,2.5871102163603323,0.06,0.09523809523809523,APOSTA,APROVADO,0.869,2026-08-02T22:33:55.678747
2026-07-25,BRAZIL 1,Athletico-PR,Internacional,11.0,0.9980806112289429,2.9757116681303897,2.664417986986306,0.05,0.09090909090909091,APOSTA,APROVADO,0.929,2026-08-02T22:33:55.689441
2026-07-25,COLOMBIA 1,Ind Medellin,Deportivo Pasto,12.0,0.9646897315979004,2.606403872487588,3.794775496334511,0.06,0.08333333333333333,APOSTA,APROVADO,0.528,2026-08-02T22:33:55.702996
2026-07-25,PERU 1,Juan Pablo II College,Cienciano,18.0,0.9756097793579102,2.4679708168371066,2.886561532978324,0.07,0.05555555555555555,APOSTA,APROVADO,0.5122,2026-08-02T22:33:55.716222
2026-07-25,URUGUAY 1,Central Espanol,Cerro Largo FC,11.5,0.9646897315979004,0,2.826596289303427,0.05,0.08695652173913043,APOSTA,APROVADO,0.5457,2026-08-02T22:33:55.745272
2026-07-25,SWEDEN 1,Kalmar FF,Mjallby,17.0,0.9646897315979004,2.400227846162516,3.632843511300999,0.04,0.058823529411764705,APOSTA,APROVADO,0.3515,2026-08-02T22:33:55.772290
2026-07-25,POLAND 2,Pogon Siedlce,LKS Lodz,15.5,0.9980806112289429,0,2.374841142147979,0.03,0.06451612903225806,APOSTA,APROVADO,0.9203,2026-08-02T22:33:55.817125
2026-07-25,SWEDEN 1,Degerfors,Djurgardens,20.0,0.985487699508667,1.9559380215281559,2.4133481056040953,0.04,0.05,APOSTA,APROVADO,0.6605,2026-08-02T22:33:55.831332
2026-07-25,FINLAND 1,KuPS,VPS,16.0,0.9716732501983643,2.8011527790406947,2.472460498367262,0.05,0.0625,APOSTA,APROVADO,0.4982,2026-08-02T22:33:55.841119
2026-07-25,CHINA 1,Wuhan Three Towns,Chongqing Tonglianglong,15.0,0.985487699508667,2.5120248152281714,2.657567038379563,0.04,0.06666666666666667,APOSTA,APROVADO,0.733,2026-08-02T22:33:55.850776
2026-07-25,DENMARK 2,Hvidovre,Vendsyssel FF,19.5,0.988034188747406,1.4130179475993598,1.8518770072951318,0.06,0.05128205128205128,APOSTA,APROVADO,0.7173,2026-08-02T22:33:55.866276
2026-07-25,CHINA 1,Changchun Yatai,Nanjing City,14.5,0.9716732501983643,1.9468620576487203,1.8384579032193953,0.04,0.06896551724137931,APOSTA,APROVADO,0.5407,2026-08-02T22:33:55.890343
2026-07-25,CHINA 1,Qingdao Hainiu,Tianjin Jinmen Tiger FC,13.0,0.985487699508667,2.640589891495841,3.3343186561949216,0.04,0.07692307692307693,APOSTA,APROVADO,0.7621,2026-08-02T22:33:55.907015
2026-07-26,FINLAND 1,Ilves,Lahti,18.5,0.9716732501983643,2.689809892985632,3.017347930974268,0.05,0.05405405405405406,APOSTA,APROVADO,0.4274,2026-08-02T22:33:55.929037
2026-07-26,DENMARK 2,Hobro,Aarhus Fremad,15.0,0.9756097793579102,2.533536363628916,2.35448743414773,0.06,0.06666666666666667,APOSTA,APROVADO,0.5854,2026-08-02T22:33:55.941981
2026-07-26,SWEDEN 2,Sundsvall,Falkenbergs,18.5,0.9948652386665344,0,3.296345907314501,0.04,0.05405405405405406,APOSTA,APROVADO,0.8553,2026-08-02T22:33:55.953689
2026-07-26,CHINA 1,Yanbian Longding,Meizhou Hakka,17.5,0.985487699508667,2.2308319582356977,2.1540730357507876,0.04,0.05714285714285714,APOSTA,APROVADO,0.6968,2026-08-02T22:33:55.970083
2026-07-26,SLOVAKIA 1,Ruzomberok,Dunajska Streda,14.0,0.9646897315979004,2.0064119145808035,2.018594547504504,0.07,0.07142857142857142,APOSTA,APROVADO,0.4574,2026-08-02T22:33:56.015004
2026-07-26,SWEDEN 1,Malmo FF,Elfsborg,19.5,0.9716732501983643,2.1214165352255714,2.8731777944614296,0.04,0.05128205128205128,APOSTA,APROVADO,0.399,2026-08-02T22:33:56.025595
2026-07-26,PERU 1,Deportivo Garcilaso,FC Cajamarca,14.0,0.9646393060684204,2.7856325954852914,2.648264215790492,0.07,0.07142857142857142,APOSTA,APROVADO,0.4567,2026-08-02T22:33:56.046957
2026-07-26,BRAZIL 1,SE Palmeiras,Atletico MG,12.0,0.9756097793579102,2.8040938545730256,2.81962091579688,0.05,0.08333333333333333,APOSTA,APROVADO,0.6585,2026-08-02T22:33:56.061390
2026-07-26,BRAZIL 1,Red Bull Bragantino,Coritiba,14.5,0.985487699508667,3.0954201872035276,2.9614055038605143,0.05,0.06896551724137931,APOSTA,APROVADO,0.7403,2026-08-02T22:33:56.089498
2026-07-26,BRAZIL 1,Gremio,Fluminense,12.0,0.985487699508667,1.8742074745851378,2.1304347547843783,0.05,0.08333333333333333,APOSTA,APROVADO,0.7766,2026-08-02T22:33:56.100639
2026-07-26,CHILE 1,Nublense,Palestino,12.5,0.9716732501983643,1.4864029179063927,2.885191497406689,0.06,0.08,APOSTA,APROVADO,0.5973,2026-08-02T22:33:56.119602
2026-07-26,BRAZIL 1,Cruzeiro MG,Botafogo FR,16.0,0.9669687747955322,3.911630989925505,2.973620113812955,0.05,0.0625,APOSTA,APROVADO,0.4232,2026-08-02T22:33:56.147782
2026-07-26,BRAZIL 1,Bahia,Corinthians,12.5,0.988034188747406,2.243098408061111,2.119777634991706,0.05,0.08,APOSTA,APROVADO,0.801,2026-08-02T22:33:56.158333
2026-07-26,PERU 1,UTC Cajamarca,Cesar Vallejo Moquegua,16.5,0.9646393060684204,1.3047492277602484,3.124046768836458,0.07,0.06060606060606061,APOSTA,APROVADO,0.3683,2026-08-02T22:33:56.211455
2026-07-26,SWEDEN 2,Norrby IF,Ostersunds FK,16.5,0.985487699508667,0,2.6013664329797654,0.04,0.06060606060606061,APOSTA,APROVADO,0.7113,2026-08-02T22:33:56.263707
2026-07-27,SWEDEN 2,Orebro,Oddevold,19.0,0.988034188747406,0,2.61847268736482,0.04,0.05263157894736842,APOSTA,APROVADO,0.7232,2026-08-02T22:33:56.298415
2026-07-28,SWEDEN 2,Landskrona,Norrkoping,18.5,0.985487699508667,0,3.1390083880327264,0.04,0.05405405405405406,APOSTA,APROVADO,0.6822,2026-08-02T22:33:56.379156
2026-07-29,BRAZIL 1,Internacional,Flamengo,13.5,0.9620798826217651,3.7072625170739233,3.0014054011304765,0.05,0.07407407407407407,APOSTA,APROVADO,0.44,2026-08-02T22:33:56.406632
2026-07-29,BRAZIL 1,Mirassol,Remo,13.5,0.9620798826217651,2.1601961736010438,2.8512123743003306,0.05,0.07407407407407407,APOSTA,APROVADO,0.44,2026-08-02T22:33:56.416140
2026-07-29,BRAZIL 1,Fluminense,Bahia,15.5,0.9620798826217651,3.8036081410223295,3.072220623209371,0.05,0.06451612903225806,APOSTA,APROVADO,0.3641,2026-08-02T22:33:56.426142
2026-07-30,COLOMBIA 1,Atletico Bucaramanga,Llaneros FC,12.0,0.985487699508667,1.2410991248440744,2.6976211576506053,0.06,0.08333333333333333,APOSTA,APROVADO,0.7766,2026-08-02T22:33:56.457007
2026-07-30,BRAZIL 1,Coritiba,Cruzeiro MG,10.5,0.985487699508667,1.6149577861213693,2.485568728813467,0.05,0.09523809523809523,APOSTA,APROVADO,0.7983,2026-08-02T22:33:56.469580
2026-07-31,CHILE 1,Univ de Concepcion,Audax Italiano,13.0,0.9756097793579102,0.5334769152343044,2.6535042155651825,0.06,0.07692307692307693,APOSTA,APROVADO,0.6341,2026-08-02T22:33:56.491386
2026-07-31,PERU 1,CD Los Chankas,Comerciantes Unidos,14.0,0.9948652386665344,1.719864489361845,2.265854380335186,0.07,0.07142857142857142,APOSTA,APROVADO,0.8784,2026-08-02T22:33:56.518836
2026-07-31,DENMARK 2,HB Koge,Vejle,19.5,0.9716732501983643,2.6055223592426437,2.7987100168834895,0.06,0.05128205128205128,APOSTA,APROVADO,0.399,2026-08-02T22:33:56.568388
2026-07-31,POLAND 2,LKS Lodz,Polonia Bytom,15.0,0.985487699508667,0,4.881668535720803,0.03,0.06666666666666667,APOSTA,APROVADO,0.733,2026-08-02T22:33:56.588771
2026-07-31,SWEDEN 2,Oddevold,Norrby IF,19.5,0.9756097793579102,0,2.592385581693865,0.04,0.05128205128205128,APOSTA,APROVADO,0.4756,2026-08-02T22:33:56.637072
2026-08-01,SCOTLAND 4,Annan,Spartans,16.5,0.985487699508667,0,3.2333635503482787,0.06,0.06060606060606061,APOSTA,APROVADO,0.7113,2026-08-02T22:34:02.951570
2026-08-01,SCOTLAND 4,Clyde,Stranraer,16.0,0.9657142758369446,0,3.2031544695402108,0.06,0.0625,APOSTA,APROVADO,0.4031,2026-08-02T22:34:02.961756
2026-08-01,SCOTLAND 4,Edinburgh City,Elgin City FC,17.0,0.987210214138031,0,3.4496022210411965,0.06,0.058823529411764705,APOSTA,APROVADO,0.7332,2026-08-02T22:34:02.974296
2026-08-01,SCOTLAND 1,Falkirk,St Mirren,15.5,0.9596469402313232,2.891070833544306,2.982380959119828,0.07,0.06451612903225806,APOSTA,APROVADO,0.3265,2026-08-02T22:34:02.988839
2026-08-01,SCOTLAND 4,Stirling,Dumbarton,18.0,0.9863013625144958,0,1.7688947016939283,0.06,0.05555555555555555,APOSTA,APROVADO,0.7041,2026-08-02T22:34:03.001899
2026-08-01,SCOTLAND 3,Montrose,Hamilton,17.5,0.9756097793579102,0,3.513725868609699,0.05,0.05714285714285714,APOSTA,APROVADO,0.5244,2026-08-02T22:34:03.012830
2026-08-01,SCOTLAND 3,Cove Rangers,Airdrieonians,14.0,0.9716732501983643,0,2.6433542357148276,0.05,0.07142857142857142,APOSTA,APROVADO,0.5548,2026-08-02T22:34:03.047184
2026-08-01,POLAND 2,Arka Gdynia,Stal Rzeszow,18.5,0.9980806112289429,1.2424498207138188,2.444468900019369,0.03,0.05405405405405406,APOSTA,APROVADO,0.9146,2026-08-02T22:34:03.060931
2026-08-01,NORWAY 1,Fredrikstad,Sandefjord,16.5,0.9756097793579102,2.497343009412168,2.657567038379563,0.04,0.06060606060606061,APOSTA,APROVADO,0.5488,2026-08-02T22:34:03.071967
2026-08-01,DENMARK 2,Kolding IF,Hvidovre,15.0,0.987210214138031,2.537466786935031,2.3796920169985594,0.06,0.06666666666666667,APOSTA,APROVADO,0.7588,2026-08-02T22:34:03.088560
2026-08-01,SWEDEN 2,Varbergs BoIS,Falkenbergs,20.0,0.9646897315979004,0,4.545587431160648,0.04,0.05,APOSTA,APROVADO,0.2456,2026-08-02T22:34:03.106001
2026-08-01,SWEDEN 2,Sandvikens IF,Sundsvall,17.5,0.9596469402313232,0,2.8763931703872716,0.04,0.05714285714285714,APOSTA,APROVADO,0.2458,2026-08-02T22:34:03.119579
2026-08-01,CHINA 1,Ningbo Professional,Guangxi Hengchen,17.5,1.0,2.406655583770311,2.7414556535647807,0.02,0.05714285714285714,APOSTA,APROVADO,0.95,2026-08-02T22:34:03.133962
2026-08-01,SWEDEN 2,IK Brage,Landskrona,20.0,0.9716732501983643,0,4.766489001316824,0.04,0.05,APOSTA,APROVADO,0.3849,2026-08-02T22:34:03.147984
2026-08-01,CHINA 1,Yanbian Longding,Nanjing City,12.0,1.0,1.8479829398553267,2.3888135597712585,0.02,0.08333333333333333,APOSTA,APROVADO,0.95,2026-08-02T22:34:03.158623
2026-08-01,ROMANIA 2,FC Metaloglobus Bucuresti,Metalul Buzau,11.5,1.0,0.839566660921206,2.520994022632335,0.03,0.08695652173913043,APOSTA,APROVADO,0.95,2026-08-02T22:34:03.174919
2026-08-01,ROMANIA 2,CSM Scolar Resita,ASA Targu Mures,13.0,0.985487699508667,0,2.087916072440757,0.03,0.07692307692307693,APOSTA,APROVADO,0.7621,2026-08-02T22:34:03.194108
2026-08-01,SCOTLAND 3,Alloa,East Fife,16.5,0.987210214138031,0,1.8389162251838238,0.05,0.06060606060606061,APOSTA,APROVADO,0.7396,2026-08-02T22:34:03.216158
2026-08-01,CHILE 1,Cobresal,Union La Calera,13.0,0.987210214138031,0.41951072676173917,1.545345754571434,0.06,0.07692307692307693,APOSTA,APROVADO,0.7844,2026-08-02T22:34:03.240507
2026-08-01,SCOTLAND 1,Aberdeen,Hearts,16.0,0.9716732501983643,2.451175595949298,2.822126248451493,0.07,0.0625,APOSTA,APROVADO,0.4982,2026-08-02T22:34:03.251830
2026-08-01,PERU 1,FC Cajamarca,Sport Huancayo,15.0,0.9551604986190796,1.6410651028581853,3.0049691323983954,0.07,0.06666666666666667,APOSTA,APROVADO,0.2796,2026-08-02T22:34:03.262264
2026-08-01,ECUADOR 1,Manta FC,Mushuc Runa,10.5,0.988034188747406,1.5325225927446466,1.8430379106936798,0.07,0.09523809523809523,APOSTA,APROVADO,0.825,2026-08-02T22:34:03.311636
2026-08-01,SLOVAKIA 1,MFK Skalica,Ruzomberok,12.0,0.9470410943031311,2.40746555594806,2.9464146938771663,0.07,0.08333333333333333,APOSTA,APROVADO,0.3171,2026-08-02T22:34:03.323631
2026-08-02,SLOVENIA 1,NK Radomlje,NK Bravo,20.0,0.9716732501983643,0,2.784831827514528,0.06,0.05,APOSTA,APROVADO,0.3849,2026-08-02T22:34:03.353923
2026-08-02,ECUADOR 1,Macara,Guayaquil City,11.0,0.9620798826217651,1.5836625388294312,2.1408367455687896,0.07,0.09090909090909091,APOSTA,APROVADO,0.5348,2026-08-02T22:34:03.385397
2026-08-02,CHILE 1,La Serena,OHiggins,16.0,0.985487699508667,0.8759592725279444,2.7014603969892144,0.06,0.0625,APOSTA,APROVADO,0.7185,2026-08-02T22:34:03.396104
2026-08-02,SCOTLAND 1,Hibernian,Motherwell,15.0,0.985487699508667,1.998232066471302,2.963873944298692,0.07,0.06666666666666667,APOSTA,APROVADO,0.733,2026-08-02T22:34:03.409701
2026-08-02,PERU 1,Cesar Vallejo Moquegua,Melgar,11.5,0.9646897315979004,1.3924295232376873,2.4598296888573334,0.07,0.08695652173913043,APOSTA,APROVADO,0.5457,2026-08-02T22:34:03.425186
2026-08-02,SLOVAKIA 1,Dunajska Streda,Dukla Banska Bystrica,18.0,0.9551604986190796,1.7347379643750829,3.518342004971622,0.07,0.05555555555555555,APOSTA,APROVADO,0.1451,2026-08-02T22:34:03.488734
2026-08-02,CHINA 1,Suzhou Dongwu,Meizhou Hakka,15.0,1.0,1.5097549738103264,2.3757053293250543,0.02,0.06666666666666667,APOSTA,APROVADO,0.95,2026-08-02T22:34:03.508429
2026-08-02,CHINA 1,Shenzhen Peng City,Chongqing Tonglianglong,14.5,0.987210214138031,2.3886171133101457,2.757980166944008,0.02,0.06896551724137931,APOSTA,APROVADO,0.7652,2026-08-02T22:34:03.522841
2026-08-02,DENMARK 2,Vendsyssel FF,Hobro,15.5,0.985487699508667,2.1564202035797457,2.9079668827437812,0.06,0.06451612903225806,APOSTA,APROVADO,0.7258,2026-08-02T22:34:03.535993
2026-08-02,SWEDEN 1,Brommapojkarna,Malmo FF,20.0,0.9756097793579102,1.820233041539669,2.2256189812477714,0.03,0.05,APOSTA,APROVADO,0.4634,2026-08-02T22:34:03.553318
2026-08-02,POLAND 2,Ruch Chorzow,Miedz Legnica,20.0,0.9980806112289429,0,2.5627765775346756,0.03,0.05,APOSTA,APROVADO,0.9117,2026-08-02T22:34:03.567187
2026-08-02,ROMANIA 2,CSA Steaua Bucuresti,CSM Slatina,17.0,0.987210214138031,0,3.824984577142578,0.03,0.058823529411764705,APOSTA,APROVADO,0.7332,2026-08-02T22:34:03.583284
2026-08-02,SCOTLAND 1,St Johnstone,Kilmarnock,14.5,0.9620798826217651,0.6656677152230345,3.321374614372149,0.07,0.06896551724137931,APOSTA,APROVADO,0.4021,2026-08-02T22:34:03.593334
2026-08-02,FINLAND 1,AC Oulu,Ilves,15.5,0.9948652386665344,2.739220531477229,2.986068351958754,0.06,0.06451612903225806,APOSTA,APROVADO,0.8707,2026-08-02T22:34:03.617899
2026-08-02,SWITZERLAND 1,Grasshoppers Zurich,Lugano,20.0,0.9756097793579102,2.670199827713973,2.213216153378401,0.04,0.05,APOSTA,APROVADO,0.4634,2026-08-02T22:34:03.632829
2026-08-02,SWEDEN 1,IFK Goteborg,Degerfors,17.0,0.9948652386665344,2.496017580359368,2.0265454276353827,0.03,0.058823529411764705,APOSTA,APROVADO,0.863,2026-08-02T22:34:03.646436
2026-08-02,ECUADOR 1,CD Leones del Norte,Barcelona (ECU),10.5,0.9716732501983643,1.4404051748811784,2.5727747579829945,0.07,0.09523809523809523,APOSTA,APROVADO,0.654,2026-08-02T22:34:03.663337
2026-08-01,ROMANIA 2,CSM Scolar Resita,ASA Targu Mures,13.0,0.985487699508667,0,2.087916072440757,0.03,0.07692307692307693,APOSTA,APROVADO,0.7621,2026-08-02T23:47:19.022034
2026-08-01,ECUADOR 1,Manta FC,Mushuc Runa,10.5,0.988034188747406,1.5325225927446466,1.8430379106936798,0.07,0.09523809523809523,APOSTA,APROVADO,0.825,2026-08-02T23:47:19.037514
2026-08-01,PERU 1,FC Cajamarca,Sport Huancayo,15.0,0.9551604986190796,1.6410651028581853,3.0049691323983954,0.07,0.06666666666666667,APOSTA,APROVADO,0.2796,2026-08-02T23:47:19.046537
2026-08-01,SCOTLAND 1,Aberdeen,Hearts,16.0,0.9716732501983643,2.451175595949298,2.822126248451493,0.07,0.0625,APOSTA,APROVADO,0.4982,2026-08-02T23:47:19.055416
2026-08-01,SLOVAKIA 1,MFK Skalica,Ruzomberok,12.0,0.9470410943031311,2.40746555594806,2.9464146938771663,0.07,0.08333333333333333,APOSTA,APROVADO,0.3171,2026-08-02T23:47:19.066702
2026-08-01,SWEDEN 2,IK Brage,Landskrona,20.0,0.9716732501983643,0,4.766489001316824,0.04,0.05,APOSTA,APROVADO,0.3849,2026-08-02T23:47:19.078342
2026-08-01,SCOTLAND 1,Falkirk,St Mirren,15.5,0.9596469402313232,2.891070833544306,2.982380959119828,0.07,0.06451612903225806,APOSTA,APROVADO,0.3265,2026-08-02T23:47:19.087930
2026-08-01,SCOTLAND 4,Stirling,Dumbarton,18.0,0.9863013625144958,0,1.7688947016939283,0.06,0.05555555555555555,APOSTA,APROVADO,0.7041,2026-08-02T23:47:19.096721
2026-08-01,SCOTLAND 4,Edinburgh City,Elgin City FC,17.0,0.987210214138031,0,3.4496022210411965,0.06,0.058823529411764705,APOSTA,APROVADO,0.7332,2026-08-02T23:47:19.108706
2026-08-01,SCOTLAND 4,Clyde,Stranraer,16.0,0.9657142758369446,0,3.2031544695402108,0.06,0.0625,APOSTA,APROVADO,0.4031,2026-08-02T23:47:19.118036
2026-08-01,SCOTLAND 4,Annan,Spartans,16.5,0.985487699508667,0,3.2333635503482787,0.06,0.06060606060606061,APOSTA,APROVADO,0.7113,2026-08-02T23:47:19.128633
2026-08-01,CHILE 1,Cobresal,Union La Calera,13.0,0.987210214138031,0.41951072676173917,1.545345754571434,0.06,0.07692307692307693,APOSTA,APROVADO,0.7844,2026-08-02T23:47:19.137558
2026-08-01,SCOTLAND 3,Cove Rangers,Airdrieonians,14.0,0.9716732501983643,0,2.6433542357148276,0.05,0.07142857142857142,APOSTA,APROVADO,0.5548,2026-08-02T23:47:19.147000
2026-08-01,SCOTLAND 3,Montrose,Hamilton,17.5,0.9756097793579102,0,3.513725868609699,0.05,0.05714285714285714,APOSTA,APROVADO,0.5244,2026-08-02T23:47:19.156677
2026-08-01,ROMANIA 2,FC Metaloglobus Bucuresti,Metalul Buzau,11.5,1.0,0.839566660921206,2.520994022632335,0.03,0.08695652173913043,APOSTA,APROVADO,0.95,2026-08-02T23:47:19.170558
2026-08-01,CHINA 1,Yanbian Longding,Nanjing City,12.0,1.0,1.8479829398553267,2.3888135597712585,0.02,0.08333333333333333,APOSTA,APROVADO,0.95,2026-08-02T23:47:19.180610
2026-08-01,SWEDEN 2,Sandvikens IF,Sundsvall,17.5,0.9596469402313232,0,2.8763931703872716,0.04,0.05714285714285714,APOSTA,APROVADO,0.2458,2026-08-02T23:47:19.194440
2026-08-01,CHINA 1,Ningbo Professional,Guangxi Hengchen,17.5,1.0,2.406655583770311,2.7414556535647807,0.02,0.05714285714285714,APOSTA,APROVADO,0.95,2026-08-02T23:47:19.205201
2026-08-01,POLAND 2,Arka Gdynia,Stal Rzeszow,18.5,0.9980806112289429,1.2424498207138188,2.444468900019369,0.03,0.05405405405405406,APOSTA,APROVADO,0.9146,2026-08-02T23:47:19.217900
2026-08-01,DENMARK 2,Kolding IF,Hvidovre,15.0,0.987210214138031,2.537466786935031,2.3796920169985594,0.06,0.06666666666666667,APOSTA,APROVADO,0.7588,2026-08-02T23:47:19.229678
2026-08-01,NORWAY 1,Fredrikstad,Sandefjord,16.5,0.9756097793579102,2.497343009412168,2.657567038379563,0.04,0.06060606060606061,APOSTA,APROVADO,0.5488,2026-08-02T23:47:19.239650
2026-08-01,SCOTLAND 3,Alloa,East Fife,16.5,0.987210214138031,0,1.8389162251838238,0.05,0.06060606060606061,APOSTA,APROVADO,0.7396,2026-08-02T23:47:19.249659
2026-08-01,SWEDEN 2,Varbergs BoIS,Falkenbergs,20.0,0.9646897315979004,0,4.545587431160648,0.04,0.05,APOSTA,APROVADO,0.2456,2026-08-02T23:47:19.265631
2026-08-02,CHILE 1,La Serena,OHiggins,16.0,0.985487699508667,0.8759592725279444,2.7014603969892144,0.06,0.0625,APOSTA,APROVADO,0.7185,2026-08-02T23:47:19.276439
2026-08-02,FINLAND 1,AC Oulu,Ilves,15.5,0.9948652386665344,2.739220531477229,2.986068351958754,0.06,0.06451612903225806,APOSTA,APROVADO,0.8707,2026-08-02T23:47:19.286454
2026-08-02,SLOVENIA 1,NK Radomlje,NK Bravo,20.0,0.9716732501983643,0,2.784831827514528,0.06,0.05,APOSTA,APROVADO,0.3849,2026-08-02T23:47:19.299788
2026-08-02,SCOTLAND 1,Hibernian,Motherwell,15.0,0.985487699508667,1.998232066471302,2.963873944298692,0.07,0.06666666666666667,APOSTA,APROVADO,0.733,2026-08-02T23:47:19.311574
2026-08-02,SLOVAKIA 1,Dunajska Streda,Dukla Banska Bystrica,18.0,0.9551604986190796,1.7347379643750829,3.518342004971622,0.07,0.05555555555555555,APOSTA,APROVADO,0.1451,2026-08-02T23:47:19.326905
2026-08-02,SWITZERLAND 1,Grasshoppers Zurich,Lugano,20.0,0.9756097793579102,2.670199827713973,2.213216153378401,0.04,0.05,APOSTA,APROVADO,0.4634,2026-08-02T23:47:19.339114
2026-08-02,SCOTLAND 1,St Johnstone,Kilmarnock,14.5,0.9620798826217651,0.6656677152230345,3.321374614372149,0.07,0.06896551724137931,APOSTA,APROVADO,0.4021,2026-08-02T23:47:19.349471
2026-08-02,DENMARK 2,Vendsyssel FF,Hobro,15.5,0.985487699508667,2.1564202035797457,2.9079668827437812,0.06,0.06451612903225806,APOSTA,APROVADO,0.7258,2026-08-02T23:47:19.361935
2026-08-02,POLAND 2,Ruch Chorzow,Miedz Legnica,20.0,0.9980806112289429,0,2.5627765775346756,0.03,0.05,APOSTA,APROVADO,0.9117,2026-08-02T23:47:19.375266
2026-08-02,SWEDEN 1,IFK Goteborg,Degerfors,17.0,0.9948652386665344,2.496017580359368,2.0265454276353827,0.03,0.058823529411764705,APOSTA,APROVADO,0.863,2026-08-02T23:47:19.387993
2026-08-02,SWEDEN 1,Brommapojkarna,Malmo FF,20.0,0.9756097793579102,1.820233041539669,2.2256189812477714,0.03,0.05,APOSTA,APROVADO,0.4634,2026-08-02T23:47:19.399109
2026-08-02,CHINA 1,Shenzhen Peng City,Chongqing Tonglianglong,14.5,0.987210214138031,2.3886171133101457,2.757980166944008,0.02,0.06896551724137931,APOSTA,APROVADO,0.7652,2026-08-02T23:47:19.412065
2026-08-02,CHINA 1,Suzhou Dongwu,Meizhou Hakka,15.0,1.0,1.5097549738103264,2.3757053293250543,0.02,0.06666666666666667,APOSTA,APROVADO,0.95,2026-08-02T23:47:19.422553
2026-08-02,ECUADOR 1,Macara,Guayaquil City,11.0,0.9620798826217651,1.5836625388294312,2.1408367455687896,0.07,0.09090909090909091,APOSTA,APROVADO,0.5348,2026-08-02T23:47:19.433091
2026-08-02,ROMANIA 2,CSA Steaua Bucuresti,CSM Slatina,17.0,0.987210214138031,0,3.824984577142578,0.03,0.058823529411764705,APOSTA,APROVADO,0.7332,2026-08-02T23:47:19.449135
2026-08-02,ECUADOR 1,CD Leones del Norte,Barcelona (ECU),10.5,0.9716732501983643,1.4404051748811784,2.5727747579829945,0.07,0.09523809523809523,APOSTA,APROVADO,0.654,2026-08-02T23:47:19.463902
2026-07-16,BRAZIL 1,Botafogo FR,Santos,14.0,0.987210214138031,1.8306925756420045,2.6170491931209003,0.05,0.07142857142857142,APOSTA,APROVADO,0.7716,2026-08-02T23:50:17.813611
2026-07-17,CHINA 1,Changchun Yatai,Wuxi Wugou,17.0,0.987210214138031,2.901040831011919,3.014572494272157,0.04,0.058823529411764705,APOSTA,APROVADO,0.7332,2026-08-02T23:50:17.835523
2026-07-17,PERU 1,FC Cajamarca,Juan Pablo II College,17.0,0.9551604986190796,2.143787323651971,3.4076836153464516,0.07,0.058823529411764705,APOSTA,APROVADO,0.19,2026-08-02T23:50:17.852544
2026-07-17,BRAZIL 1,Fluminense,Red Bull Bragantino,13.5,0.9646897315979004,2.886791710146721,2.758044723289931,0.05,0.07407407407407407,APOSTA,APROVADO,0.4751,2026-08-02T23:50:17.867121
2026-07-17,BRAZIL 1,Mirassol,Gremio,11.5,0.9620798826217651,1.9969404265711235,2.311623804163492,0.05,0.08695652173913043,APOSTA,APROVADO,0.5158,2026-08-02T23:50:17.882006
2026-07-17,ECUADOR 1,Delfin,Macara,13.0,0.9756097793579102,1.2829642543490003,1.3635328417795536,0.07,0.07692307692307693,APOSTA,APROVADO,0.6341,2026-08-02T23:50:17.893068
2026-07-18,SWEDEN 2,Oddevold,Varbergs BoIS,18.0,0.9620798826217651,0,4.19727362353461,0.04,0.05555555555555555,APOSTA,APROVADO,0.2693,2026-08-02T23:50:17.909563
2026-07-18,CHINA 1,Wuhan Three Towns,Shenzhen Peng City,19.0,0.985487699508667,2.3326903163661785,2.432254290066928,0.04,0.05263157894736842,APOSTA,APROVADO,0.675,2026-08-02T23:50:17.927677
2026-07-18,NORWAY 1,Ham-Kam,Tromso,15.5,0.987210214138031,2.3684968809395657,3.148581314669296,0.03,0.06451612903225806,APOSTA,APROVADO,0.7524,2026-08-02T23:50:17.945888
2026-07-18,SWEDEN 1,AIK,GAIS,17.0,1.0,3.513785060041065,2.3470083284003262,0.02,0.058823529411764705,APOSTA,APROVADO,0.95,2026-08-02T23:50:17.961311
2026-07-18,SWEDEN 2,Ostersunds FK,Landskrona,16.0,0.9620798826217651,0,4.011861613915968,0.04,0.0625,APOSTA,APROVADO,0.3452,2026-08-02T23:50:17.978682
2026-07-18,FINLAND 1,AC Oulu,Gnistan,18.0,0.985487699508667,3.146703119175377,2.911777694624106,0.05,0.05555555555555555,APOSTA,APROVADO,0.6895,2026-08-02T23:50:17.996468
2026-07-18,NORWAY 1,Start,Rosenborg,18.5,0.9756097793579102,1.1854888620708817,1.349477532167301,0.03,0.05405405405405406,APOSTA,APROVADO,0.5,2026-08-02T23:50:18.011373
2026-07-18,ECUADOR 1,Deportivo Cuenca,Univ Catolica (Ecu),12.0,0.9646897315979004,1.97116722693052,3.1013351765164927,0.07,0.08333333333333333,APOSTA,APROVADO,0.528,2026-08-02T23:50:18.030352
2026-07-18,PERU 1,Cusco FC,Alianza Atletico,16.5,0.9716732501983643,2.7611255598419047,2.7078349305180867,0.07,0.06060606060606061,APOSTA,APROVADO,0.484,2026-08-02T23:50:18.047993
2026-07-19,PERU 1,CD Los Chankas,Sport Boys (Per),12.5,0.9551604986190796,,,0.07,0.08,APOSTA,APROVADO,0.3917,2026-08-02T23:50:18.071742
2026-07-19,SWEDEN 2,Varnamo,Ljungskile,19.0,0.985487699508667,0.030999223698876133,2.724813125167347,0.04,0.05263157894736842,APOSTA,APROVADO,0.675,2026-08-02T23:50:18.084729
2026-07-20,SWEDEN 2,Norrby IF,Sundsvall,15.5,0.985487699508667,0,1.841627105540012,0.04,0.06451612903225806,APOSTA,APROVADO,0.7258,2026-08-02T23:50:18.101251
2026-07-21,ECUADOR 1,Libertad FC,Delfin,10.5,0.987210214138031,,,0.07,0.09523809523809523,APOSTA,APROVADO,0.8163,2026-08-02T23:50:18.115018
2026-07-21,BRAZIL 1,Atletico MG,Bahia,15.0,0.9756097793579102,2.932049877323018,2.2689951551975183,0.05,0.06666666666666667,APOSTA,APROVADO,0.5854,2026-08-02T23:50:18.126452
2026-07-22,BRAZIL 1,Chapecoense,Flamengo,18.0,1.0,2.58954923304823,2.361521959977008,0.05,0.05555555555555555,APOSTA,APROVADO,0.95,2026-08-02T23:50:18.178571
2026-07-22,BRAZIL 1,Internacional,Cruzeiro MG,13.0,0.9756097793579102,2.741069887999378,3.11414386959851,0.05,0.07692307692307693,APOSTA,APROVADO,0.6341,2026-08-02T23:50:18.195523
2026-07-23,BRAZIL 1,Corinthians,Remo,13.5,0.9716732501983643,2.4924989449856705,2.7843600531310524,0.05,0.07407407407407407,APOSTA,APROVADO,0.569,2026-08-02T23:50:18.207716
2026-07-23,ECUADOR 1,Emelec,Mushuc Runa,14.5,0.9756097793579102,1.8667654729844845,2.4349651704231166,0.07,0.06896551724137931,APOSTA,APROVADO,0.5976,2026-08-02T23:50:18.223994
2026-07-24,POLAND 2,Odra Opole,Arka Gdynia,15.5,0.9948652386665344,1.2492561222466212,2.490661280253261,0.03,0.06451612903225806,APOSTA,APROVADO,0.8707,2026-08-02T23:50:18.238509
2026-07-24,PERU 1,Alianza Atletico,CD Los Chankas,15.0,0.9756097793579102,2.1226289337633153,3.0398078019874326,0.07,0.06666666666666667,APOSTA,APROVADO,0.5854,2026-08-02T23:50:18.264279
2026-07-25,COLOMBIA 1,Ind Medellin,Deportivo Pasto,12.0,0.9646897315979004,2.606403872487588,3.794775496334511,0.06,0.08333333333333333,APOSTA,APROVADO,0.528,2026-08-02T23:50:18.283195
2026-07-25,BRAZIL 1,Athletico-PR,Internacional,11.0,0.9980806112289429,2.9757116681303897,2.664417986986306,0.05,0.09090909090909091,APOSTA,APROVADO,0.929,2026-08-02T23:50:18.301584
2026-07-25,SLOVAKIA 1,Trencin,KFC Komarno,17.5,0.9646897315979004,1.8281042661395257,2.5153194876571052,0.07,0.05714285714285714,APOSTA,APROVADO,0.3338,2026-08-02T23:50:18.318519
2026-07-25,COLOMBIA 1,Millonarios,Atletico Bucaramanga,10.5,0.9922480583190918,1.9187703451459517,2.5871102163603323,0.06,0.09523809523809523,APOSTA,APROVADO,0.869,2026-08-02T23:50:18.339036
2026-07-25,BRAZIL 1,Vasco Da Gama,Mirassol,12.0,0.985487699508667,,,0.05,0.08333333333333333,APOSTA,APROVADO,0.7766,2026-08-02T23:50:18.355020
2026-07-25,CHILE 1,Huachipato,Cobresal,19.0,0.9620798826217651,0.4630855868268703,1.5403766221730382,0.06,0.05263157894736842,APOSTA,APROVADO,0.2314,2026-08-02T23:50:18.367554
2026-07-25,SWEDEN 1,Kalmar FF,Mjallby,17.0,0.987210214138031,2.7411070016394468,3.17519823675116,0.02,0.058823529411764705,APOSTA,APROVADO,0.7332,2026-08-02T23:50:18.386420
2026-07-25,PERU 1,Juan Pablo II College,Cienciano,18.0,0.9756097793579102,2.4679708168371066,2.886561532978324,0.07,0.05555555555555555,APOSTA,APROVADO,0.5122,2026-08-02T23:50:18.408374
2026-07-25,FINLAND 1,KuPS,VPS,16.0,0.9716732501983643,2.8011527790406947,2.472460498367262,0.05,0.0625,APOSTA,APROVADO,0.4982,2026-08-02T23:50:18.426476
2026-07-25,POLAND 2,Pogon Siedlce,LKS Lodz,15.5,0.9980806112289429,0,2.374841142147979,0.03,0.06451612903225806,APOSTA,APROVADO,0.9203,2026-08-02T23:50:18.444136
2026-07-25,DENMARK 2,Hvidovre,Vendsyssel FF,19.5,0.988034188747406,1.4130179475993598,1.8518770072951318,0.06,0.05128205128205128,APOSTA,APROVADO,0.7173,2026-08-02T23:50:18.460973
2026-07-25,CHINA 1,Wuhan Three Towns,Chongqing Tonglianglong,15.0,0.985487699508667,2.2982843097320607,2.6669233196409188,0.04,0.06666666666666667,APOSTA,APROVADO,0.733,2026-08-02T23:50:18.472470
2026-07-25,CHINA 1,Changchun Yatai,Nanjing City,14.5,0.9716732501983643,1.7362850924217543,1.899828548024769,0.04,0.06896551724137931,APOSTA,APROVADO,0.5407,2026-08-02T23:50:18.483997
2026-07-25,CHINA 1,Qingdao Hainiu,Tianjin Jinmen Tiger FC,13.0,0.96484375,3.2891522244814526,4.010909894055525,0.04,0.07692307692307693,APOSTA,APROVADO,0.4947,2026-08-02T23:50:18.500632
2026-07-25,NORWAY 1,Kristiansund,Start,15.5,0.985487699508667,2.6302178661068805,2.670422494562915,0.03,0.06451612903225806,APOSTA,APROVADO,0.7258,2026-08-02T23:50:18.514903
2026-07-26,PERU 1,Deportivo Garcilaso,FC Cajamarca,14.0,0.9646393060684204,2.7856325954852914,2.648264215790492,0.07,0.07142857142857142,APOSTA,APROVADO,0.4567,2026-08-02T23:50:18.527653
2026-07-26,BRAZIL 1,SE Palmeiras,Atletico MG,12.0,0.9756097793579102,2.8040938545730256,2.81962091579688,0.05,0.08333333333333333,APOSTA,APROVADO,0.6585,2026-08-02T23:50:18.543923
2026-07-26,BRAZIL 1,Red Bull Bragantino,Coritiba,14.5,0.985487699508667,3.0954201872035276,2.9614055038605143,0.05,0.06896551724137931,APOSTA,APROVADO,0.7403,2026-08-02T23:50:18.561756
2026-07-26,BRAZIL 1,Flamengo,Sao Paulo,16.0,0.9575471878051758,2.9008641899620002,2.684812464568589,0.05,0.0625,APOSTA,APROVADO,0.2729,2026-08-02T23:50:18.577894
2026-07-26,CHILE 1,Nublense,Palestino,12.5,0.9657142758369446,0.8934000971022908,3.8655024224012404,0.06,0.08,APOSTA,APROVADO,0.5231,2026-08-02T23:50:18.594204
2026-07-26,BRAZIL 1,Cruzeiro MG,Botafogo FR,16.0,0.9669687747955322,3.911630989925505,2.973620113812955,0.05,0.0625,APOSTA,APROVADO,0.4232,2026-08-02T23:50:18.632563
2026-07-26,BRAZIL 1,Bahia,Corinthians,12.5,0.988034188747406,2.243098408061111,2.119777634991706,0.05,0.08,APOSTA,APROVADO,0.801,2026-08-02T23:50:18.661503
2026-07-26,BRAZIL 1,Gremio,Fluminense,12.0,0.985487699508667,1.8742074745851378,2.1304347547843783,0.05,0.08333333333333333,APOSTA,APROVADO,0.7766,2026-08-02T23:50:18.676978
2026-07-26,SLOVAKIA 1,Ruzomberok,Dunajska Streda,14.0,0.9646897315979004,2.0064119145808035,2.018594547504504,0.07,0.07142857142857142,APOSTA,APROVADO,0.4574,2026-08-02T23:50:18.694276
2026-07-26,SWEDEN 1,Malmo FF,Elfsborg,19.5,0.9948652386665344,2.6670823153015246,4.103688420141815,0.02,0.05128205128205128,APOSTA,APROVADO,0.8501,2026-08-02T23:50:18.705488
2026-07-26,FINLAND 1,Ilves,Lahti,18.5,0.9716732501983643,2.689809892985632,3.017347930974268,0.05,0.05405405405405406,APOSTA,APROVADO,0.4274,2026-08-02T23:50:18.719529
2026-07-26,DENMARK 2,Hobro,Aarhus Fremad,15.0,0.9756097793579102,2.533536363628916,2.35448743414773,0.06,0.06666666666666667,APOSTA,APROVADO,0.5854,2026-08-02T23:50:18.734672
2026-07-26,SWEDEN 2,Sundsvall,Falkenbergs,18.5,0.9948652386665344,0,3.296345907314501,0.04,0.05405405405405406,APOSTA,APROVADO,0.8553,2026-08-02T23:50:18.747762
2026-07-26,CHINA 1,Yanbian Longding,Meizhou Hakka,17.5,0.9620798826217651,2.0088720979159183,2.9351063935087405,0.04,0.05714285714285714,APOSTA,APROVADO,0.2883,2026-08-02T23:50:18.765908
2026-07-26,SWEDEN 2,Norrby IF,Ostersunds FK,16.5,0.985487699508667,0,2.6013664329797654,0.04,0.06060606060606061,APOSTA,APROVADO,0.7113,2026-08-02T23:50:18.798126
2026-07-27,ECUADOR 1,Mushuc Runa,Libertad FC,14.5,0.9596469402313232,,,0.07,0.06896551724137931,APOSTA,APROVADO,0.3669,2026-08-02T23:50:18.830448
2026-07-27,ECUADOR 1,Guayaquil City,Univ Catolica (Ecu),12.0,0.985487699508667,1.423122738136712,2.737344012772511,0.07,0.08333333333333333,APOSTA,APROVADO,0.7766,2026-08-02T23:50:18.854771
2026-07-27,SWEDEN 2,Orebro,Oddevold,19.0,0.988034188747406,0,2.61847268736482,0.04,0.05263157894736842,APOSTA,APROVADO,0.7232,2026-08-02T23:50:18.875011
2026-07-28,SWEDEN 2,Landskrona,Norrkoping,18.5,0.985487699508667,0,3.1390083880327264,0.04,0.05405405405405406,APOSTA,APROVADO,0.6822,2026-08-02T23:50:18.889474
2026-07-29,BRAZIL 1,Internacional,Flamengo,13.0,0.9620798826217651,3.7072625170739233,3.0014054011304765,0.05,0.07692307692307693,APOSTA,APROVADO,0.4589,2026-08-02T23:50:18.911402
2026-07-29,BRAZIL 1,Mirassol,Remo,14.5,0.9620798826217651,2.1601961736010438,2.8512123743003306,0.05,0.06896551724137931,APOSTA,APROVADO,0.4021,2026-08-02T23:50:18.927937
2026-07-29,BRAZIL 1,Fluminense,Bahia,15.0,0.9620798826217651,3.8036081410223295,3.072220623209371,0.05,0.06666666666666667,APOSTA,APROVADO,0.3831,2026-08-02T23:50:18.942731
2026-07-30,BRAZIL 1,Coritiba,Cruzeiro MG,10.5,0.985487699508667,1.6149577861213693,2.485568728813467,0.05,0.09523809523809523,APOSTA,APROVADO,0.7983,2026-08-02T23:50:18.963127
2026-07-30,COLOMBIA 1,Atletico Bucaramanga,Llaneros FC,12.0,0.985487699508667,1.2410991248440744,2.6976211576506053,0.06,0.08333333333333333,APOSTA,APROVADO,0.7766,2026-08-02T23:50:18.982644
2026-07-31,PERU 1,CD Los Chankas,Comerciantes Unidos,14.0,0.9948652386665344,1.719864489361845,2.265854380335186,0.07,0.07142857142857142,APOSTA,APROVADO,0.8784,2026-08-02T23:50:19.010767
2026-07-31,POLAND 2,LKS Lodz,Polonia Bytom,15.0,0.985487699508667,0,4.881668535720803,0.03,0.06666666666666667,APOSTA,APROVADO,0.733,2026-08-02T23:50:19.036067
2026-07-31,DENMARK 2,HB Koge,Vejle,19.5,0.9716732501983643,2.6055223592426437,2.7987100168834895,0.06,0.05128205128205128,APOSTA,APROVADO,0.399,2026-08-02T23:50:19.059582
2026-07-31,SWEDEN 2,Oddevold,Norrby IF,19.5,0.9756097793579102,0,2.592385581693865,0.04,0.05128205128205128,APOSTA,APROVADO,0.4756,2026-08-02T23:50:19.078470
2026-07-31,CHILE 1,Univ de Concepcion,Audax Italiano,13.0,0.988034188747406,0.2735106670203086,1.9845746548161123,0.06,0.07692307692307693,APOSTA,APROVADO,0.795,2026-08-02T23:50:19.098163
2026-07-26,BRAZIL 1,Red Bull Bragantino,Coritiba,14.5,0.985487699508667,3.0954201872035276,2.9614055038605143,0.05,0.06896551724137931,APOSTA,APROVADO,0.7403,2026-08-02T23:50:52.344182
2026-07-27,SWEDEN 2,Orebro,Oddevold,19.0,0.988034188747406,0,2.61847268736482,0.04,0.05263157894736842,APOSTA,APROVADO,0.7232,2026-08-02T23:50:52.355190
2026-07-27,ECUADOR 1,Guayaquil City,Univ Catolica (Ecu),12.0,0.9756097793579102,1.417628618225916,2.4471797803755573,0.07,0.08333333333333333,APOSTA,APROVADO,0.6585,2026-08-02T23:50:52.368584
2026-07-29,BRAZIL 1,Fluminense,Bahia,15.0,0.9646897315979004,3.7109139400295104,3.4045090090026444,0.05,0.06666666666666667,APOSTA,APROVADO,0.4221,2026-08-02T23:50:52.380118
2026-07-31,SWEDEN 2,Oddevold,Norrby IF,19.5,0.985487699508667,0,2.1114751116492614,0.04,0.05128205128205128,APOSTA,APROVADO,0.6677,2026-08-02T23:50:52.391396
