Date,League,Home,Away,Odd_D_FT,Prob_ML,total_WR,wr_diff,liga_draw_rate,mkt_prob_draw,Decision,Reason,ev_lay,Timestamp
2026-08-20,EUROPA CONFERENCE LEAGUE,Lincoln Red Imps,Larne,3.6,0.8165592699466897,0.45742968213067714,0.45742968213067714,,0.2777777777777778,APOSTA,APROVADO,0.2988,2026-08-21T15:57:44.720650
2026-08-20,EUROPA CONFERENCE LEAGUE,Midtjylland,Rijeka,4.7,0.9421848162143593,0,0,,0.2127659574468085,APOSTA,APROVADO,0.6812,2026-08-21T15:57:44.796014
2026-08-20,EUROPA LEAGUE,Lech Poznan,Thun,5.5,0.9421848162143593,0,0,,0.18181818181818182,APOSTA,APROVADO,0.6349,2026-08-21T15:57:44.851617
2026-08-20,EUROPA LEAGUE,Trabzonspor,Ferencvaros,4.3,0.8620933636668253,0.32082130082460697,0.32082130082460697,,0.23255813953488372,APOSTA,APROVADO,0.3639,2026-08-21T15:57:44.869943
2026-08-20,EUROPA CONFERENCE LEAGUE,PAOK,Brann,4.4,0.8746050892705295,0.46099341339859606,0.46099341339859606,,0.22727272727272727,APOSTA,APROVADO,0.4045,2026-08-21T15:57:44.905786
2026-08-20,EUROPA CONFERENCE LEAGUE,Gornik Zabrze,Monaco,3.85,0.9188514828810259,0,0,,0.2597402597402597,APOSTA,APROVADO,0.6416,2026-08-21T15:57:44.951248
2026-08-20,EUROPA CONFERENCE LEAGUE,Vikingur Reykjavik,Borac Banja Luka,4.4,0.8739785350043755,0.3726474464516951,0.0,,0.22727272727272727,APOSTA,APROVADO,0.4018,2026-08-21T15:57:44.983204
2026-08-20,EUROPA LEAGUE,OFI,CSKA Sofia,3.35,0.8191445508191062,0.5621765008857981,0.5621765008857981,,0.29850746268656714,APOSTA,APROVADO,0.3532,2026-08-21T15:57:45.016229
2026-08-20,EUROPA CONFERENCE LEAGUE,Sion,Ajax,4.4,0.9421848162143593,0,0,,0.22727272727272727,APOSTA,APROVADO,0.6985,2026-08-21T15:57:45.054724
2026-08-20,EUROPA CONFERENCE LEAGUE,Lugano,Maccabi Tel Aviv,4.2,0.9188514828810259,0,0,,0.23809523809523808,APOSTA,APROVADO,0.6132,2026-08-21T15:57:45.108803
2026-08-20,EUROPA CONFERENCE LEAGUE,Motherwell,Freiburg,4.3,0.9421848162143593,0,0,,0.23255813953488372,APOSTA,APROVADO,0.7043,2026-08-21T15:57:45.128950
2026-08-20,EUROPA CONFERENCE LEAGUE,Panathinaikos,Hradec Kralove,4.7,0.8620933636668253,0.18632372322584756,0.18632372322584756,,0.2127659574468085,APOSTA,APROVADO,0.3087,2026-08-21T15:57:45.154139
2026-08-20,EUROPA CONFERENCE LEAGUE,Hajduk Split,Rakow Czestochowa,3.5,0.8966292606588038,0,0,,0.2857142857142857,APOSTA,APROVADO,0.5934,2026-08-21T15:57:45.282415
2026-08-20,EUROPA CONFERENCE LEAGUE,Shamrock Rovers,KuPS,3.65,0.8249684512770686,0.28473137401093823,0.28473137401093823,,0.273972602739726,APOSTA,APROVADO,0.3199,2026-08-21T15:57:45.302616
2026-08-20,COPA SUDAMERICANA,Macara,Santos,3.4,0.8966292606588038,0,0,,0.29411764705882354,APOSTA,APROVADO,0.6037,2026-08-21T15:57:45.403682
2026-08-20,EUROPA CONFERENCE LEAGUE,Lincoln Red Imps,Larne,3.6,0.8165592699466897,0.45742968213067714,0.45742968213067714,,0.2777777777777778,APOSTA,APROVADO,0.2988,2026-08-21T15:59:52.972402
2026-08-20,EUROPA CONFERENCE LEAGUE,Midtjylland,Rijeka,4.7,0.9421848162143593,0,0,,0.2127659574468085,APOSTA,APROVADO,0.6812,2026-08-21T15:59:53.064697
2026-08-20,EUROPA LEAGUE,Lech Poznan,Thun,5.5,0.9421848162143593,0,0,,0.18181818181818182,APOSTA,APROVADO,0.6349,2026-08-21T15:59:53.110055
2026-08-20,EUROPA LEAGUE,Trabzonspor,Ferencvaros,4.3,0.8620933636668253,0.32082130082460697,0.32082130082460697,,0.23255813953488372,APOSTA,APROVADO,0.3639,2026-08-21T15:59:53.133196
2026-08-20,EUROPA CONFERENCE LEAGUE,PAOK,Brann,4.4,0.8746050892705295,0.46099341339859606,0.46099341339859606,,0.22727272727272727,APOSTA,APROVADO,0.4045,2026-08-21T15:59:53.173570
2026-08-20,EUROPA CONFERENCE LEAGUE,Gornik Zabrze,Monaco,3.85,0.9188514828810259,0,0,,0.2597402597402597,APOSTA,APROVADO,0.6416,2026-08-21T15:59:53.218565
2026-08-20,EUROPA CONFERENCE LEAGUE,Vikingur Reykjavik,Borac Banja Luka,4.4,0.8739785350043755,0.3726474464516951,0.0,,0.22727272727272727,APOSTA,APROVADO,0.4018,2026-08-21T15:59:53.250608
2026-08-20,EUROPA LEAGUE,OFI,CSKA Sofia,3.35,0.8191445508191062,0.5621765008857981,0.5621765008857981,,0.29850746268656714,APOSTA,APROVADO,0.3532,2026-08-21T15:59:53.281615
2026-08-20,EUROPA CONFERENCE LEAGUE,Sion,Ajax,4.4,0.9421848162143593,0,0,,0.22727272727272727,APOSTA,APROVADO,0.6985,2026-08-21T15:59:53.316377
2026-08-20,EUROPA CONFERENCE LEAGUE,Lugano,Maccabi Tel Aviv,4.2,0.9188514828810259,0,0,,0.23809523809523808,APOSTA,APROVADO,0.6132,2026-08-21T15:59:53.370614
2026-08-20,EUROPA CONFERENCE LEAGUE,Motherwell,Freiburg,4.3,0.9421848162143593,0,0,,0.23255813953488372,APOSTA,APROVADO,0.7043,2026-08-21T15:59:53.392243
2026-08-20,EUROPA CONFERENCE LEAGUE,Panathinaikos,Hradec Kralove,4.7,0.8620933636668253,0.18632372322584756,0.18632372322584756,,0.2127659574468085,APOSTA,APROVADO,0.3087,2026-08-21T15:59:53.411580
2026-08-20,EUROPA CONFERENCE LEAGUE,Hajduk Split,Rakow Czestochowa,3.5,0.8966292606588038,0,0,,0.2857142857142857,APOSTA,APROVADO,0.5934,2026-08-21T15:59:53.519175
2026-08-20,EUROPA CONFERENCE LEAGUE,Shamrock Rovers,KuPS,3.65,0.8249684512770686,0.28473137401093823,0.28473137401093823,,0.273972602739726,APOSTA,APROVADO,0.3199,2026-08-21T15:59:53.539631
2026-08-20,COPA SUDAMERICANA,Macara,Santos,3.4,0.8966292606588038,0,0,,0.29411764705882354,APOSTA,APROVADO,0.6037,2026-08-21T15:59:53.637025
2026-08-15,DENMARK 2,Esbjerg,Hobro,3.95,0.8088878966210297,0.5317203394653254,0.023169914284394244,,0.2531645569620253,APOSTA,APROVADO,0.2047,2026-08-21T16:18:10.033653
2026-08-15,POLAND 2,Odra Opole,Warta Poznan,3.65,0.7574345910501548,0.3562465946434752,0.3562465946434752,0.23,0.273972602739726,APOSTA,APROVADO,0.0768,2026-08-21T16:18:10.388386
2026-08-15,DENMARK 2,Esbjerg,Hobro,3.95,0.8088878966210297,0.5317203394653254,0.023169914284394244,,0.2531645569620253,APOSTA,APROVADO,0.2047,2026-08-21T16:25:11.117893
2026-08-15,POLAND 2,Odra Opole,Warta Poznan,3.65,0.7574345910501548,0.3562465946434752,0.3562465946434752,0.23,0.273972602739726,APOSTA,APROVADO,0.0768,2026-08-21T16:25:11.447193
2026-08-15,SOUTH KOREA 1,FC Seoul,Daejeon Citizen,3.55,0.8830699386249055,0,0,1.0,0.28169014084507044,APOSTA,APROVADO,0.5407,2026-08-21T16:25:55.069281
2026-08-15,SOUTH KOREA 2,Gimhae City,Gyeongnam,3.6,0.8830699386249055,0,0,1.0,0.2777777777777778,APOSTA,APROVADO,0.5349,2026-08-21T16:25:55.158745
2026-08-15,GERMANY 2,Greuther Furth,Nurnberg,3.8,0.8966292606588038,0,0,1.0,0.2631578947368421,APOSTA,APROVADO,0.5624,2026-08-21T16:25:55.254068
2026-08-15,ENGLAND 4,Newport County,Rochdale,3.6,0.8830699386249055,0,0,1.0,0.2777777777777778,APOSTA,APROVADO,0.5349,2026-08-21T16:25:55.462846
2026-08-15,DENMARK 2,Esbjerg,Hobro,3.95,0.8088878966210297,0.5317203394653254,0.023169914284394244,,0.2531645569620253,APOSTA,APROVADO,0.2047,2026-08-21T16:25:55.603861
2026-08-15,SWEDEN 1,Mjallby,Sirius,3.9,0.8966292606588038,0,0,1.0,0.25641025641025644,APOSTA,APROVADO,0.552,2026-08-21T16:25:55.853855
2026-08-15,POLAND 2,Odra Opole,Warta Poznan,3.65,0.7574345910501548,0.3562465946434752,0.3562465946434752,0.23,0.273972602739726,APOSTA,APROVADO,0.0768,2026-08-21T16:25:55.977647
2026-08-15,ENGLAND 2,Bristol City,Millwall,3.6,0.8830699386249055,0,0,1.0,0.2777777777777778,APOSTA,APROVADO,0.5349,2026-08-21T16:25:56.371201
2026-08-15,ENGLAND 3,Barnsley,Bromley,3.7,0.8966292606588038,0,0,1.0,0.27027027027027023,APOSTA,APROVADO,0.5727,2026-08-21T16:25:56.507546
2026-08-15,ENGLAND 3,Burton Albion,Stevenage,3.25,0.8485710909121742,0,0,1.0,0.3076923076923077,APOSTA,APROVADO,0.4654,2026-08-21T16:25:56.574602
2026-08-15,ENGLAND 4,Barnet,Salford City,3.65,0.8966292606588038,0,0,1.0,0.273972602739726,APOSTA,APROVADO,0.5779,2026-08-21T16:25:56.781559
2026-08-15,ENGLAND 4,Chesterfield,Fleetwood Town,3.75,0.8830699386249055,0,0,1.0,0.26666666666666666,APOSTA,APROVADO,0.5174,2026-08-21T16:25:56.833195
2026-08-15,ENGLAND 4,Gillingham,Walsall,3.45,0.8698992069175884,0,0,1.0,0.2898550724637681,APOSTA,APROVADO,0.5077,2026-08-21T16:25:56.908712
2026-08-15,ENGLAND 4,York City,Bristol Rovers,3.65,0.8966292606588038,0,0,1.0,0.273972602739726,APOSTA,APROVADO,0.5779,2026-08-21T16:25:57.022436
2026-08-15,NORWAY 2,Bryne,Moss,5.1,0.9188514828810259,0,0,1.0,0.19607843137254904,APOSTA,APROVADO,0.5402,2026-08-21T16:25:57.070002
2026-08-15,CZECH 1,Pardubice,Mlada Boleslav,4.0,0.8966292606588038,0,0,1.0,0.25,APOSTA,APROVADO,0.5417,2026-08-21T16:25:57.500174
2026-08-15,CZECH 1,Slovacko,Sigma Olomouc,3.55,0.8830699386249055,0,0,1.0,0.28169014084507044,APOSTA,APROVADO,0.5407,2026-08-21T16:25:57.535535
2026-08-15,POLAND 1,Piast Gliwice,Wieczysta Krakow,3.75,0.8830699386249055,0,0,1.0,0.26666666666666666,APOSTA,APROVADO,0.5174,2026-08-21T16:25:57.689820
2026-08-15,TURKEY 1,Konyaspor,Rizespor,3.45,0.7292580291398761,0.6920987117046674,0.5289449027632142,0.25,0.2898550724637681,APOSTA,APROVADO,0.0295,2026-08-21T16:25:57.947752
2026-08-15,ICELAND 1,Thor,Keflavik,4.7,0.831354320534653,0,0,0.62,0.2127659574468085,APOSTA,APROVADO,0.1658,2026-08-21T16:25:58.096579
2026-08-15,SERBIA 1,Radnik Surdulica,Macva Sabac,4.3,0.8830699386249055,0,0,1.0,0.23255813953488372,APOSTA,APROVADO,0.453,2026-08-21T16:25:58.160933
2026-08-15,ARGENTINA 1,San Lorenzo,Union Santa Fe,3.15,0.8217464401066492,0,0,1.0,0.31746031746031744,APOSTA,APROVADO,0.3974,2026-08-21T16:25:58.276426
2026-08-15,ARGENTINA 2,Agropecuario,Ciudad de Bolivar,3.2,0.853948811782853,0,0,1.0,0.3125,APOSTA,APROVADO,0.4899,2026-08-21T16:25:58.358388
2026-08-15,NETHERLANDS 1,Excelsior,PSV,5.5,0.9421848162143593,0,0,1.0,0.18181818181818182,APOSTA,APROVADO,0.6349,2026-08-21T16:25:58.486221
2026-08-15,BULGARIA 1,Ludogorets,Botev Plovdiv,4.5,0.8830699386249055,0,0,1.0,0.2222222222222222,APOSTA,APROVADO,0.4297,2026-08-21T16:25:58.643221
2026-08-15,BRAZIL 2,Atletico GO,Vila Nova,3.35,0.853948811782853,0,0,1.0,0.29850746268656714,APOSTA,APROVADO,0.468,2026-08-21T16:25:58.953083
2026-08-15,BRAZIL 2,Criciuma,Goias,3.45,0.8698992069175884,0,0,1.0,0.2898550724637681,APOSTA,APROVADO,0.5077,2026-08-21T16:25:59.004190
2026-08-15,SERBIA 1,Cukaricki,OFK Beograd,3.6,0.8830699386249055,0,0,1.0,0.2777777777777778,APOSTA,APROVADO,0.5349,2026-08-21T16:25:59.131001
2026-08-15,ARGENTINA 2,Colon,Patronato,3.6,0.8830699386249055,0,0,1.0,0.2777777777777778,APOSTA,APROVADO,0.5349,2026-08-21T16:25:59.165799
2026-08-15,ARGENTINA 1,Estudiantes,Gimnasia La Plata,3.05,0.8217464401066492,0,0,1.0,0.3278688524590164,APOSTA,APROVADO,0.4152,2026-08-21T16:25:59.299432
2026-08-15,ARGENTINA 2,Quilmes,San Telmo,3.95,0.8966292606588038,0,0,1.0,0.2531645569620253,APOSTA,APROVADO,0.5469,2026-08-21T16:25:59.716846
2026-08-15,USA 1,Orlando City,FC Cincinnati,4.5,0.8830699386249055,0,0,1.0,0.2222222222222222,APOSTA,APROVADO,0.4297,2026-08-21T16:25:59.922971
2026-08-15,BRAZIL 1,Sao Paulo,Coritiba,3.75,0.8830699386249055,0,0,1.0,0.26666666666666666,APOSTA,APROVADO,0.5174,2026-08-21T16:26:00.019656
2026-08-15,USA 1,Houston Dynamo,LA Galaxy,4.4,0.8830699386249055,0,0,1.0,0.22727272727272727,APOSTA,APROVADO,0.4414,2026-08-21T16:26:00.156179
2026-08-15,DENMARK 2,Esbjerg,Hobro,3.95,0.8088878966210297,0.5317203394653254,0.023169914284394244,,0.2531645569620253,APOSTA,APROVADO,0.2047,2026-08-21T16:26:48.330948
2026-08-15,POLAND 2,Odra Opole,Warta Poznan,3.65,0.7574345910501548,0.3562465946434752,0.3562465946434752,0.23,0.273972602739726,APOSTA,APROVADO,0.0768,2026-08-21T16:26:48.662757
2026-08-15,TURKEY 1,Konyaspor,Rizespor,3.45,0.7292580291398761,0.6920987117046674,0.5289449027632142,0.25,0.2898550724637681,APOSTA,APROVADO,0.0295,2026-08-21T16:26:50.494525
2026-08-15,DENMARK 2,Esbjerg,Hobro,3.95,0.8088878966210297,0.5317203394653254,0.023169914284394244,,0.2531645569620253,APOSTA,APROVADO,0.2047,2026-08-21T16:27:29.940444
2026-08-15,POLAND 2,Odra Opole,Warta Poznan,3.65,0.7574345910501548,0.3562465946434752,0.3562465946434752,0.23,0.273972602739726,APOSTA,APROVADO,0.0768,2026-08-21T16:27:30.291315
2026-08-15,TURKEY 1,Konyaspor,Rizespor,3.45,0.7292580291398761,0.6920987117046674,0.5289449027632142,0.25,0.2898550724637681,APOSTA,APROVADO,0.0295,2026-08-21T16:27:32.318173
2026-08-15,DENMARK 2,Esbjerg,Hobro,3.95,0.8088878966210297,0.5317203394653254,0.023169914284394244,,0.2531645569620253,APOSTA,APROVADO,0.2047,2026-08-21T16:32:23.152949
2026-08-15,POLAND 2,Odra Opole,Warta Poznan,3.65,0.7574345910501548,0.3562465946434752,0.3562465946434752,0.23,0.273972602739726,APOSTA,APROVADO,0.0768,2026-08-21T16:32:23.523802
2026-08-15,TURKEY 1,Konyaspor,Rizespor,3.45,0.7292580291398761,0.6920987117046674,0.5289449027632142,0.25,0.2898550724637681,APOSTA,APROVADO,0.0295,2026-08-21T16:32:25.334917
2026-08-15,DENMARK 2,Esbjerg,Hobro,3.95,0.8088878966210297,0.5317203394653254,0.023169914284394244,,0.2531645569620253,APOSTA,APROVADO,0.2047,2026-08-21T16:34:06.707629
2026-08-15,POLAND 2,Odra Opole,Warta Poznan,3.65,0.7574345910501548,0.3562465946434752,0.3562465946434752,0.23,0.273972602739726,APOSTA,APROVADO,0.0768,2026-08-21T16:34:07.036700
2026-08-15,TURKEY 1,Konyaspor,Rizespor,3.45,0.7292580291398761,0.6920987117046674,0.5289449027632142,0.25,0.2898550724637681,APOSTA,APROVADO,0.0295,2026-08-21T16:34:08.440258
2026-08-16,GERMANY 3,Hansa Rostock,Waldhof Mannheim,5.0,0.8556807511737089,0.6437534053565246,0.6437534053565246,0.21,0.2,APOSTA,APROVADO,0.2356,2026-08-21T16:37:57.397555
2026-08-16,TURKEY 2,Kayserispor,Sivasspor,3.95,0.7696137553439824,1.0556961098301438,0.06865689194145219,0.23,0.2531645569620253,APOSTA,APROVADO,0.0515,2026-08-21T16:37:58.713423
2026-08-16,TURKEY 2,Keciorengucu,Pendikspor,3.65,0.7689025935676247,0.6735041642001631,0.5103503552587099,0.23,0.273972602739726,APOSTA,APROVADO,0.118,2026-08-21T16:37:58.746142
2026-08-16,GERMANY 3,Hansa Rostock,Waldhof Mannheim,5.0,0.8556807511737089,0.6437534053565246,0.6437534053565246,0.21,0.2,APOSTA,APROVADO,0.2356,2026-08-21T16:40:22.988485
2026-08-16,TURKEY 2,Kayserispor,Sivasspor,3.95,0.7696137553439824,1.0556961098301438,0.06865689194145219,0.23,0.2531645569620253,APOSTA,APROVADO,0.0515,2026-08-21T16:40:24.297562
2026-08-16,TURKEY 2,Keciorengucu,Pendikspor,3.65,0.7689025935676247,0.6735041642001631,0.5103503552587099,0.23,0.273972602739726,APOSTA,APROVADO,0.118,2026-08-21T16:40:24.334165
2026-08-16,GERMANY 3,Hansa Rostock,Waldhof Mannheim,5.0,0.8556807511737089,0.6437534053565246,0.6437534053565246,0.21,0.2,APOSTA,APROVADO,0.2356,2026-08-21T16:41:44.946035
2026-08-16,SWEDEN 1,Brommapojkarna,Orgryte,4.4,0.816018243861745,0.13449757759875944,0.13449757759875944,0.45,0.22727272727272727,APOSTA,APROVADO,0.1497,2026-08-21T16:41:45.095223
2026-08-16,SPAIN 1,Racing Santander,Villarreal,3.75,0.7804914486137741,1.0529206731280327,0.7839255179305139,0.21,0.26666666666666666,APOSTA,APROVADO,0.1378,2026-08-21T16:41:46.091248
2026-08-16,TURKEY 2,Kayserispor,Sivasspor,3.95,0.7696137553439824,1.0556961098301438,0.06865689194145219,0.23,0.2531645569620253,APOSTA,APROVADO,0.0515,2026-08-21T16:41:46.371942
2026-08-16,TURKEY 2,Keciorengucu,Pendikspor,3.65,0.7689025935676247,0.6735041642001631,0.5103503552587099,0.23,0.273972602739726,APOSTA,APROVADO,0.118,2026-08-21T16:41:46.410004
2026-08-16,CHILE 1,Nublense,Union La Calera,3.85,0.757574966601521,0.27744512687485984,0.06795148936461805,0.28,0.2597402597402597,APOSTA,APROVADO,0.0288,2026-08-21T16:41:46.483151
2026-08-16,CROATIA 1,Varazdin,Rijeka,3.2,0.7361240866131258,0.7874892491984327,0.1344975775987594,0.26,0.3125,APOSTA,APROVADO,0.1188,2026-08-21T16:41:46.518058
2026-08-16,BOSNIA 1,Sloga Doboj,Borac Banja Luka,4.2,0.7788117212074004,0.950949291075023,0.17340371069657307,0.27,0.23809523809523808,APOSTA,APROVADO,0.0321,2026-08-21T16:41:46.566788
2026-08-16,ARGENTINA 1,River Plate,Argentinos Juniors,3.45,0.8092601246475445,0.08157690447072666,0.08157690447072666,1.0,0.2898550724637681,APOSTA,APROVADO,0.3015,2026-08-21T16:41:47.549793
2026-08-16,ARGENTINA 1,Barracas Central,Rosario Central,3.2,0.7296544463877964,0.4760242296351813,0.4760242296351813,1.0,0.3125,APOSTA,APROVADO,0.0984,2026-08-21T16:41:47.988757
2026-08-16,ARGENTINA 1,Central Cordoba (SdE),Instituto,3.15,0.726745057491577,0.5880572955263806,0.5880572955263806,1.0,0.31746031746031744,APOSTA,APROVADO,0.1029,2026-08-21T16:41:48.023860
2026-08-16,CHILE 2,Deportes Iquique,Antofagasta,3.95,0.8052712664807056,0.20949363751024178,0.0,0.43,0.2531645569620253,APOSTA,APROVADO,0.1906,2026-08-21T16:41:48.135478
2026-08-16,GERMANY 3,Hansa Rostock,Waldhof Mannheim,5.0,0.8556807511737089,0.6437534053565246,0.6437534053565246,0.21,0.2,APOSTA,APROVADO,0.2356,2026-08-21T16:50:27.376169
2026-08-16,TURKEY 2,Kayserispor,Sivasspor,3.95,0.7696137553439824,1.0556961098301438,0.06865689194145219,0.23,0.2531645569620253,APOSTA,APROVADO,0.0515,2026-08-21T16:50:28.716508
2026-08-16,TURKEY 2,Keciorengucu,Pendikspor,3.65,0.7689025935676247,0.6735041642001631,0.5103503552587099,0.23,0.273972602739726,APOSTA,APROVADO,0.118,2026-08-21T16:50:28.746622
2026-08-16,MEXICO 1,Atlas,Tigres,3.4,0.8333630065629857,0.6,0.09999999999999998,,0.29411764705882354,APOSTA,APROVADO,0.3918,2026-08-21T16:51:12.696011
2026-08-16,CZECH 1,Zizkov,Banik Ostrava B,4.0,0.8660955490216018,0.6,0.09999999999999998,0.23,0.25,APOSTA,APROVADO,0.4211,2026-08-21T16:51:12.735477
2026-08-16,JAPAN 2,Yokohama FC,Iwata,3.7,0.8165592699466897,0.6,0.09999999999999998,0.27,0.27027027027027023,APOSTA,APROVADO,0.2804,2026-08-21T16:51:12.775087
2026-08-16,JAPAN 2,Tokushima,Tosu,3.25,0.7922728639881624,0.6,0.09999999999999998,0.27,0.3076923076923077,APOSTA,APROVADO,0.2853,2026-08-21T16:51:12.822432
2026-08-16,PORTUGAL 2,Portimonense,Vizela,3.3,0.8032151380919104,1.0107556036461196,0.5107556036461196,0.2,0.30303030303030304,APOSTA,APROVADO,0.3104,2026-08-21T16:51:12.863488
2026-08-16,UKRAINE 1,LNZ-Lebedyn,Chernomorets Odesa,4.8,0.9337199668599834,0.6,0.09999999999999998,,0.20833333333333334,APOSTA,APROVADO,0.6352,2026-08-21T16:51:12.907199
2026-08-16,NETHERLANDS 1,ADO Den Haag,FC Groningen,3.7,0.8156332538486424,1.25,0.75,0.26,0.27027027027027023,APOSTA,APROVADO,0.2771,2026-08-21T16:51:12.958829
2026-08-16,BELGIUM 1,Waasland-Beveren,Anderlecht,3.75,0.8388666095505446,1.25,0.75,0.24,0.26666666666666666,APOSTA,APROVADO,0.3538,2026-08-21T16:51:13.413863
2026-08-16,GERMANY 3,Hansa Rostock,Waldhof Mannheim,5.0,0.8556807511737089,0.6437534053565246,0.6437534053565246,0.21,0.2,APOSTA,APROVADO,0.2356,2026-08-21T16:51:13.538656
2026-08-16,GERMANY 2,Arminia Bielefeld,Cottbus,4.5,0.8299636076235103,0.6692289516096976,0.1692289516096977,0.25,0.2222222222222222,APOSTA,APROVADO,0.1933,2026-08-21T16:51:13.656399
2026-08-16,GERMANY 2,Dynamo Dresden,SV Darmstadt,4.1,0.8372155474343662,1.1155024224012404,0.6155024224012405,0.25,0.24390243902439027,APOSTA,APROVADO,0.2907,2026-08-21T16:51:13.700913
2026-08-16,GERMANY 2,Hannover,Wolfsburg,3.95,0.8000144281214373,0.8074296821306771,0.10742968213067716,0.25,0.2531645569620253,APOSTA,APROVADO,0.1701,2026-08-21T16:51:13.744734
2026-08-16,DENMARK 2,Vendsyssel FF,AB,4.1,0.8551373021556836,0.5717490170447157,0.12825098295528423,,0.24390243902439027,APOSTA,APROVADO,0.3633,2026-08-21T16:51:13.786618
2026-08-16,DENMARK 1,OB,AC Horsens,3.9,0.7606965801714937,0.6619427044736192,0.1619427044736192,0.31,0.25641025641025644,APOSTA,APROVADO,0.0287,2026-08-21T16:51:13.865489
2026-08-16,POLAND 2,LKS Lodz,Nieciecza,3.85,0.8029142149018211,0.8074296821306771,0.10742968213067716,0.23,0.2597402597402597,APOSTA,APROVADO,0.2011,2026-08-21T16:51:14.162715
2026-08-16,UKRAINE 1,FC Kharkiv,Shakhtar,3.95,0.8881644113044278,0.6,0.09999999999999998,,0.2531645569620253,APOSTA,APROVADO,0.5138,2026-08-21T16:51:14.194394
2026-08-16,POLAND 1,LKP Motor Lublin,GKS Katowice,3.8,0.7867704227658161,0.35,0.35,0.36,0.2631578947368421,APOSTA,APROVADO,0.1504,2026-08-21T16:51:14.232514
2026-08-16,CZECH 1,Banik Ostrava,SK Artis Brno,5.0,0.8540192840506624,0.6163082784816649,0.11630827848166492,0.23,0.2,APOSTA,APROVADO,0.2274,2026-08-21T16:51:14.267865
2026-08-16,PARAGUAY 1,Cerro Porteno,Sportivo San Lorenzo,4.9,0.9421848162143593,0.6,0.09999999999999998,,0.2040816326530612,APOSTA,APROVADO,0.6696,2026-08-21T16:51:14.329481
2026-08-16,PORTUGAL 2,Amarante,Lusitania Futebol Clube,3.25,0.8148499000137864,0.8937534053565246,0.3937534053565246,0.2,0.3076923076923077,APOSTA,APROVADO,0.3575,2026-08-21T16:51:14.366081
2026-08-16,BELGIUM 1,RAAL La Louviere,Gent,3.4,0.7542647483520556,0.5347313740109383,0.03473137401093823,0.24,0.29411764705882354,APOSTA,APROVADO,0.1268,2026-08-21T16:51:14.406540
2026-08-16,ESTONIA 1,Trans Narva,Paide Linnameeskond,4.2,0.873402506542523,0.6,0.09999999999999998,0.19,0.23809523809523808,APOSTA,APROVADO,0.4246,2026-08-21T16:51:14.575186
2026-08-16,FINLAND 1,AC Oulu,FC Inter Turku,3.5,0.8333630065629857,0.6,0.09999999999999998,,0.2857142857142857,APOSTA,APROVADO,0.3751,2026-08-21T16:51:14.629983
2026-08-16,FINLAND 1,Lahti,KuPS,3.65,0.8215544262931311,0.6347313740109382,0.06526862598906175,,0.273972602739726,APOSTA,APROVADO,0.3076,2026-08-21T16:51:14.675174
2026-08-16,URUGUAY 1,Progreso,Deportivo Maldonado,3.6,0.8456573082085725,0.6,0.09999999999999998,,0.2777777777777778,APOSTA,APROVADO,0.4021,2026-08-21T16:51:14.716569
2026-08-16,PORTUGAL 1,CD Nacional Funchal,Estoril Praia,3.5,0.7933322989707616,0.6,0.09999999999999998,0.33,0.2857142857142857,APOSTA,APROVADO,0.237,2026-08-21T16:51:14.790768
2026-08-16,PORTUGAL 2,Leixoes,Tondela,3.2,0.8092601246475445,1.0636762767741526,0.5636762767741524,0.2,0.3125,APOSTA,APROVADO,0.3492,2026-08-21T16:51:14.822535
2026-08-16,BOSNIA 1,FK BSK Banja Luka,Fk Velez Mostar,3.75,0.8288535715922766,0.6,0.09999999999999998,0.27,0.26666666666666666,APOSTA,APROVADO,0.3168,2026-08-21T16:51:15.035292
2026-08-16,ENGLAND 2,Burnley,West Ham,3.7,0.8045707316301911,0.25,0.25,0.33,0.27027027027027023,APOSTA,APROVADO,0.2367,2026-08-21T16:51:15.103847
2026-08-16,NORWAY 2,Egersund,Stabaek,4.4,0.8250303866562121,0.8380572955263806,0.33805729552638064,0.24,0.22727272727272727,APOSTA,APROVADO,0.1889,2026-08-21T16:51:15.138000
2026-08-16,NORWAY 2,Hodd,Strommen,4.1,0.8551373021556836,0.6,0.09999999999999998,0.24,0.24390243902439027,APOSTA,APROVADO,0.3633,2026-08-21T16:51:15.174468
2026-08-16,SLOVAKIA 1,Spartak Trnava,Zemplin,4.7,0.9337199668599834,0.6,0.09999999999999998,,0.2127659574468085,APOSTA,APROVADO,0.6418,2026-08-21T16:51:15.600345
2026-08-16,SPAIN 1,Racing Santander,Villarreal,3.75,0.7804914486137741,1.0529206731280327,0.7839255179305139,0.21,0.26666666666666666,APOSTA,APROVADO,0.1378,2026-08-21T16:51:15.649331
2026-08-16,SPAIN 2,Eibar,Tenerife,3.45,0.8307777256905691,0.6,0.09999999999999998,0.21,0.2898550724637681,APOSTA,APROVADO,0.3746,2026-08-21T16:51:15.695718
2026-08-16,UKRAINE 1,Dynamo Kiev,Kolos Kovalyovka,4.3,0.9114977446377612,0.6,0.09999999999999998,,0.23255813953488372,APOSTA,APROVADO,0.5739,2026-08-21T16:51:15.741244
2026-08-16,DENMARK 1,Randers,FC Copenhagen,4.4,0.819531136150438,0.42269830811973896,0.07730169188026106,0.31,0.22727272727272727,APOSTA,APROVADO,0.165,2026-08-21T16:51:16.004278
2026-08-16,PERU 1,Sporting Cristal,Sport Huancayo,4.4,0.9182741673909576,0.6,0.09999999999999998,,0.22727272727272727,APOSTA,APROVADO,0.5945,2026-08-21T16:51:16.121833
2026-08-16,TURKEY 2,Kayserispor,Sivasspor,3.95,0.7696137553439824,1.0556961098301438,0.06865689194145219,0.23,0.2531645569620253,APOSTA,APROVADO,0.0515,2026-08-21T16:51:16.154825
2026-08-16,TURKEY 2,Keciorengucu,Pendikspor,3.65,0.7689025935676247,0.6735041642001631,0.5103503552587099,0.23,0.273972602739726,APOSTA,APROVADO,0.118,2026-08-21T16:51:16.194475
2026-08-16,TURKEY 1,Basaksehir,Kocaelispor,3.85,0.808593598533663,0.4315769044707266,0.26842309552927335,0.25,0.2597402597402597,APOSTA,APROVADO,0.2227,2026-08-21T16:51:16.228361
2026-08-16,BELGIUM 1,Yellow-Red Mechelen,Standard,3.45,0.8165592699466897,0.6,0.09999999999999998,0.24,0.2898550724637681,APOSTA,APROVADO,0.3263,2026-08-21T16:51:16.258666
2026-08-16,CHILE 1,Nublense,Union La Calera,3.85,0.757574966601521,0.27744512687485984,0.06795148936461805,0.28,0.2597402597402597,APOSTA,APROVADO,0.0288,2026-08-21T16:51:16.294245
2026-08-16,CROATIA 1,Varazdin,Rijeka,3.2,0.7361240866131258,0.7874892491984327,0.1344975775987594,0.26,0.3125,APOSTA,APROVADO,0.1188,2026-08-21T16:51:16.332130
2026-08-16,AUSTRIA 1,Rapid Vienna,Grazer AK,4.4,0.8598431845086247,0.6533259215154423,0.04667407848455757,0.29,0.22727272727272727,APOSTA,APROVADO,0.3403,2026-08-21T16:51:16.369453
2026-08-16,BOSNIA 1,Sloga Doboj,Borac Banja Luka,4.2,0.7788117212074004,0.950949291075023,0.17340371069657307,0.27,0.23809523809523808,APOSTA,APROVADO,0.0321,2026-08-21T16:51:16.412462
2026-08-16,PORTUGAL 1,Arouca,Moreirense,3.65,0.8049375050445142,0.6,0.09999999999999998,0.33,0.273972602739726,APOSTA,APROVADO,0.2478,2026-08-21T16:51:16.450844
2026-08-16,PORTUGAL 2,Porto B,Farense,3.45,0.8122425182091433,0.7444473251644546,0.044447325164454654,0.2,0.2898550724637681,APOSTA,APROVADO,0.3116,2026-08-21T16:51:16.488166
2026-08-16,SLOVAKIA 1,KFC Komarno,Dunajska Streda,3.55,0.8456573082085725,0.6,0.09999999999999998,,0.28169014084507044,APOSTA,APROVADO,0.4098,2026-08-21T16:51:16.573168
2026-08-16,SPAIN 1,Espanyol,Levante,3.3,0.8165592699466897,0.6,0.09999999999999998,0.21,0.30303030303030304,APOSTA,APROVADO,0.3538,2026-08-21T16:51:16.616057
2026-08-16,SPAIN 2,Burgos,Cordoba,3.35,0.7696893090726394,0.878944902763214,0.17894490276321406,0.21,0.29850746268656714,APOSTA,APROVADO,0.19,2026-08-21T16:51:16.658048
2026-08-16,SPAIN 2,Girona,Leganes,4.3,0.8540192840506624,0.35,0.35,0.21,0.23255813953488372,APOSTA,APROVADO,0.3296,2026-08-21T16:51:16.699270
2026-08-16,BELGIUM 1,Lommel,Charleroi,4.2,0.8551373021556836,0.6,0.09999999999999998,0.24,0.23809523809523808,APOSTA,APROVADO,0.3488,2026-08-21T16:51:16.736987
2026-08-16,POLAND 2,Unia Skierniewice,Miedz Legnica,3.85,0.8065703083909698,0.8074296821306771,0.10742968213067716,0.23,0.2597402597402597,APOSTA,APROVADO,0.215,2026-08-21T16:51:16.844165
2026-08-16,CZECH 1,Slovan Liberec,Slavia Prague,4.1,0.7879102197046036,0.38449757759875947,0.11550242240124056,0.23,0.24390243902439027,APOSTA,APROVADO,0.091,2026-08-21T16:51:16.943982
2026-08-16,ICELAND 1,Hafnarfjordur,Vikingur Reykjavik,4.9,0.8802162937807205,0.8435196089443459,0.1435196089443459,0.31,0.2040816326530612,APOSTA,APROVADO,0.369,2026-08-21T16:51:16.986961
2026-08-16,ICELAND 1,IBV,IA Akranes,4.3,0.8013156620603624,0.778944902763214,0.27894490276321404,0.31,0.23255813953488372,APOSTA,APROVADO,0.1056,2026-08-21T16:51:17.023203
2026-08-16,MEXICO 1,Pumas UNAM,Queretaro,3.9,0.8881644113044278,0.6,0.09999999999999998,,0.25641025641025644,APOSTA,APROVADO,0.5194,2026-08-21T16:51:17.092296
2026-08-16,URUGUAY 1,Defensor Sporting,Liverpool Montevideo,3.2,0.8324287878067477,0.6,0.09999999999999998,,0.3125,APOSTA,APROVADO,0.4222,2026-08-21T16:51:17.128000
2026-08-16,PERU 1,Cesar Vallejo Moquegua,Sport Boys (Per),3.25,0.8333630065629857,0.6,0.09999999999999998,,0.3076923076923077,APOSTA,APROVADO,0.4168,2026-08-21T16:51:17.238084
2026-08-16,POLAND 1,Gornik Zabrze,Wisla Krakow,3.9,0.7913090088280684,0.6090220313455865,0.10902203134558647,0.36,0.25641025641025644,APOSTA,APROVADO,0.1465,2026-08-21T16:51:17.288033
2026-08-16,TURKEY 2,Mardin Buyuksehir Belediyespor,Antalyaspor,3.65,0.8039936042731883,0.35,0.35,0.23,0.273972602739726,APOSTA,APROVADO,0.2444,2026-08-21T16:51:17.411075
2026-08-16,TURKEY 2,Muglaspor,Bandirmaspor,3.25,0.8165592699466897,0.6,0.09999999999999998,0.23,0.3076923076923077,APOSTA,APROVADO,0.363,2026-08-21T16:51:17.451974
2026-08-16,TURKEY 1,Amed Sportif Faaliyetler,Erzurum BB,3.5,0.8165592699466897,0.6,0.09999999999999998,0.25,0.2857142857142857,APOSTA,APROVADO,0.3171,2026-08-21T16:51:17.490557
2026-08-16,CHILE 1,Cobresal,Deportes Concepcion,3.75,0.7669720962991816,0.5533259215154425,0.05332592151544241,0.28,0.26666666666666666,APOSTA,APROVADO,0.0878,2026-08-21T16:51:17.816253
2026-08-16,CROATIA 1,HNK Gorica,Hajduk Split,4.3,0.8312968004787431,0.4315769044707266,0.26842309552927335,0.26,0.23255813953488372,APOSTA,APROVADO,0.233,2026-08-21T16:51:17.849275
2026-08-16,PARAGUAY 1,Sportivo Luqueno,Libertad,3.7,0.8314915979202097,0.45474681875512085,0.2452531812448791,,0.27027027027027023,APOSTA,APROVADO,0.3349,2026-08-21T16:51:17.907954
2026-08-16,PORTUGAL 1,Braga,Gil Vicente,4.3,0.8165330291031792,0.35,0.35,0.33,0.23255813953488372,APOSTA,APROVADO,0.1703,2026-08-21T16:51:18.001810
2026-08-16,PORTUGAL 1,Famalicao,Maritimo,3.8,0.80435961718242,0.8555526748355452,0.3555526748355452,0.33,0.2631578947368421,APOSTA,APROVADO,0.2163,2026-08-21T16:51:18.034799
2026-08-16,SPAIN 2,Las Palmas,Albacete,3.8,0.8687429265920124,0.6,0.09999999999999998,0.21,0.2631578947368421,APOSTA,APROVADO,0.4578,2026-08-21T16:51:18.065092
2026-08-16,PERU 1,FC Cajamarca,Universitario de Deportes,3.8,0.8881644113044278,0.6,0.09999999999999998,,0.2631578947368421,APOSTA,APROVADO,0.5306,2026-08-21T16:51:18.187585
2026-08-16,VENEZUELA 1,Deportivo Tachira,Monagas,5.0,0.9421848162143593,0.6,0.09999999999999998,,0.2,APOSTA,APROVADO,0.6638,2026-08-21T16:51:18.318476
2026-08-16,PARAGUAY 1,Olimpia,Club Sportivo Ameliano,3.75,0.8542684127167753,0.6,0.09999999999999998,,0.26666666666666666,APOSTA,APROVADO,0.4108,2026-08-21T16:51:18.649554
2026-08-16,URUGUAY 1,Penarol,Central Espanol,4.7,0.9337199668599834,0.6,0.09999999999999998,,0.2127659574468085,APOSTA,APROVADO,0.6418,2026-08-21T16:51:18.684219
2026-08-16,VENEZUELA 1,Deportivo La Guaira,Zamora FC,3.9,0.8881644113044278,0.6,0.09999999999999998,,0.25641025641025644,APOSTA,APROVADO,0.5194,2026-08-21T16:51:18.812899
2026-08-16,MEXICO 1,CF America,Atletico San Luis,4.8,0.9421848162143593,0.6,0.09999999999999998,,0.20833333333333334,APOSTA,APROVADO,0.6754,2026-08-21T16:51:18.848365
2026-08-16,VENEZUELA 1,Carabobo FC,Metropolitanos,4.4,0.9182741673909576,0.6,0.09999999999999998,,0.22727272727272727,APOSTA,APROVADO,0.5945,2026-08-21T16:51:18.884277
2026-08-16,PERU 1,Cienciano,Deportivo Garcilaso,3.65,0.8456573082085725,0.6,0.09999999999999998,,0.273972602739726,APOSTA,APROVADO,0.3944,2026-08-21T16:51:19.056816
2026-08-16,MEXICO 1,Santos Laguna,Guadalajara,4.9,0.9188514828810259,0.6042752125904656,0.09572478740953438,,0.2040816326530612,APOSTA,APROVADO,0.5564,2026-08-21T16:51:19.182008
2026-08-16,MEXICO 1,Atlas,Tigres,3.4,0.8333630065629857,0.6,0.09999999999999998,,0.29411764705882354,APOSTA,APROVADO,0.3918,2026-08-21T16:56:28.984269
2026-08-16,CZECH 1,Zizkov,Banik Ostrava B,4.0,0.8660955490216018,0.6,0.09999999999999998,0.23,0.25,APOSTA,APROVADO,0.4211,2026-08-21T16:56:29.018024
2026-08-16,JAPAN 2,Yokohama FC,Iwata,3.7,0.8165592699466897,0.6,0.09999999999999998,0.27,0.27027027027027023,APOSTA,APROVADO,0.2804,2026-08-21T16:56:29.041065
2026-08-16,JAPAN 2,Tokushima,Tosu,3.25,0.7922728639881624,0.6,0.09999999999999998,0.27,0.3076923076923077,APOSTA,APROVADO,0.2853,2026-08-21T16:56:29.066666
2026-08-16,PORTUGAL 2,Portimonense,Vizela,3.3,0.8032151380919104,1.0107556036461196,0.5107556036461196,0.2,0.30303030303030304,APOSTA,APROVADO,0.3104,2026-08-21T16:56:29.094745
2026-08-16,UKRAINE 1,LNZ-Lebedyn,Chernomorets Odesa,4.8,0.9337199668599834,0.6,0.09999999999999998,,0.20833333333333334,APOSTA,APROVADO,0.6352,2026-08-21T16:56:29.122289
2026-08-16,NETHERLANDS 1,ADO Den Haag,FC Groningen,3.7,0.8156332538486424,1.25,0.75,0.26,0.27027027027027023,APOSTA,APROVADO,0.2771,2026-08-21T16:56:29.144322
2026-08-16,BELGIUM 1,Waasland-Beveren,Anderlecht,3.75,0.8388666095505446,1.25,0.75,0.24,0.26666666666666666,APOSTA,APROVADO,0.3538,2026-08-21T16:56:29.429501
2026-08-16,GERMANY 3,Hansa Rostock,Waldhof Mannheim,5.0,0.8556807511737089,0.6437534053565246,0.6437534053565246,0.21,0.2,APOSTA,APROVADO,0.2356,2026-08-21T16:56:29.539641
2026-08-16,GERMANY 2,Arminia Bielefeld,Cottbus,4.5,0.8299636076235103,0.6692289516096976,0.1692289516096977,0.25,0.2222222222222222,APOSTA,APROVADO,0.1933,2026-08-21T16:56:29.624795
2026-08-16,GERMANY 2,Dynamo Dresden,SV Darmstadt,4.1,0.8372155474343662,1.1155024224012404,0.6155024224012405,0.25,0.24390243902439027,APOSTA,APROVADO,0.2907,2026-08-21T16:56:29.659082
2026-08-16,GERMANY 2,Hannover,Wolfsburg,3.95,0.8000144281214373,0.8074296821306771,0.10742968213067716,0.25,0.2531645569620253,APOSTA,APROVADO,0.1701,2026-08-21T16:56:29.698631
2026-08-16,DENMARK 2,Vendsyssel FF,AB,4.1,0.8551373021556836,0.5717490170447157,0.12825098295528423,,0.24390243902439027,APOSTA,APROVADO,0.3633,2026-08-21T16:56:29.730745
2026-08-16,DENMARK 1,OB,AC Horsens,3.9,0.7606965801714937,0.6619427044736192,0.1619427044736192,0.31,0.25641025641025644,APOSTA,APROVADO,0.0287,2026-08-21T16:56:29.805030
2026-08-16,POLAND 2,LKS Lodz,Nieciecza,3.85,0.8029142149018211,0.8074296821306771,0.10742968213067716,0.23,0.2597402597402597,APOSTA,APROVADO,0.2011,2026-08-21T16:56:30.120699
2026-08-16,UKRAINE 1,FC Kharkiv,Shakhtar,3.95,0.8881644113044278,0.6,0.09999999999999998,,0.2531645569620253,APOSTA,APROVADO,0.5138,2026-08-21T16:56:30.167628
2026-08-16,POLAND 1,LKP Motor Lublin,GKS Katowice,3.8,0.7867704227658161,0.35,0.35,0.36,0.2631578947368421,APOSTA,APROVADO,0.1504,2026-08-21T16:56:30.244263
2026-08-16,CZECH 1,Banik Ostrava,SK Artis Brno,5.0,0.8540192840506624,0.6163082784816649,0.11630827848166492,0.23,0.2,APOSTA,APROVADO,0.2274,2026-08-21T16:56:30.297020
2026-08-16,PARAGUAY 1,Cerro Porteno,Sportivo San Lorenzo,4.9,0.9421848162143593,0.6,0.09999999999999998,,0.2040816326530612,APOSTA,APROVADO,0.6696,2026-08-21T16:56:30.371100
2026-08-16,PORTUGAL 2,Amarante,Lusitania Futebol Clube,3.25,0.8148499000137864,0.8937534053565246,0.3937534053565246,0.2,0.3076923076923077,APOSTA,APROVADO,0.3575,2026-08-21T16:56:30.403301
2026-08-16,BELGIUM 1,RAAL La Louviere,Gent,3.4,0.7542647483520556,0.5347313740109383,0.03473137401093823,0.24,0.29411764705882354,APOSTA,APROVADO,0.1268,2026-08-21T16:56:30.441651
2026-08-16,ESTONIA 1,Trans Narva,Paide Linnameeskond,4.2,0.873402506542523,0.6,0.09999999999999998,0.19,0.23809523809523808,APOSTA,APROVADO,0.4246,2026-08-21T16:56:30.623391
2026-08-16,FINLAND 1,AC Oulu,FC Inter Turku,3.5,0.8333630065629857,0.6,0.09999999999999998,,0.2857142857142857,APOSTA,APROVADO,0.3751,2026-08-21T16:56:30.653497
2026-08-16,FINLAND 1,Lahti,KuPS,3.65,0.8215544262931311,0.6347313740109382,0.06526862598906175,,0.273972602739726,APOSTA,APROVADO,0.3076,2026-08-21T16:56:30.679259
2026-08-16,URUGUAY 1,Progreso,Deportivo Maldonado,3.6,0.8456573082085725,0.6,0.09999999999999998,,0.2777777777777778,APOSTA,APROVADO,0.4021,2026-08-21T16:56:30.710780
2026-08-16,PORTUGAL 1,CD Nacional Funchal,Estoril Praia,3.5,0.7933322989707616,0.6,0.09999999999999998,0.33,0.2857142857142857,APOSTA,APROVADO,0.237,2026-08-21T16:56:30.761224
2026-08-16,PORTUGAL 2,Leixoes,Tondela,3.2,0.8092601246475445,1.0636762767741526,0.5636762767741524,0.2,0.3125,APOSTA,APROVADO,0.3492,2026-08-21T16:56:30.793603
2026-08-16,BOSNIA 1,FK BSK Banja Luka,Fk Velez Mostar,3.75,0.8288535715922766,0.6,0.09999999999999998,0.27,0.26666666666666666,APOSTA,APROVADO,0.3168,2026-08-21T16:56:30.982837
2026-08-16,ENGLAND 2,Burnley,West Ham,3.7,0.8045707316301911,0.25,0.25,0.33,0.27027027027027023,APOSTA,APROVADO,0.2367,2026-08-21T16:56:31.052197
2026-08-16,NORWAY 2,Egersund,Stabaek,4.4,0.8250303866562121,0.8380572955263806,0.33805729552638064,0.24,0.22727272727272727,APOSTA,APROVADO,0.1889,2026-08-21T16:56:31.088533
2026-08-16,NORWAY 2,Hodd,Strommen,4.1,0.8551373021556836,0.6,0.09999999999999998,0.24,0.24390243902439027,APOSTA,APROVADO,0.3633,2026-08-21T16:56:31.122181
2026-08-16,SLOVAKIA 1,Spartak Trnava,Zemplin,4.7,0.9337199668599834,0.6,0.09999999999999998,,0.2127659574468085,APOSTA,APROVADO,0.6418,2026-08-21T16:56:31.365223
2026-08-16,SPAIN 1,Racing Santander,Villarreal,3.75,0.7804914486137741,1.0529206731280327,0.7839255179305139,0.21,0.26666666666666666,APOSTA,APROVADO,0.1378,2026-08-21T16:56:31.389053
2026-08-16,SPAIN 2,Eibar,Tenerife,3.45,0.8307777256905691,0.6,0.09999999999999998,0.21,0.2898550724637681,APOSTA,APROVADO,0.3746,2026-08-21T16:56:31.413307
2026-08-16,UKRAINE 1,Dynamo Kiev,Kolos Kovalyovka,4.3,0.9114977446377612,0.6,0.09999999999999998,,0.23255813953488372,APOSTA,APROVADO,0.5739,2026-08-21T16:56:31.453576
2026-08-16,DENMARK 1,Randers,FC Copenhagen,4.4,0.819531136150438,0.42269830811973896,0.07730169188026106,0.31,0.22727272727272727,APOSTA,APROVADO,0.165,2026-08-21T16:56:31.668438
2026-08-16,PERU 1,Sporting Cristal,Sport Huancayo,4.4,0.9182741673909576,0.6,0.09999999999999998,,0.22727272727272727,APOSTA,APROVADO,0.5945,2026-08-21T16:56:31.759159
2026-08-16,TURKEY 2,Kayserispor,Sivasspor,3.95,0.7696137553439824,1.0556961098301438,0.06865689194145219,0.23,0.2531645569620253,APOSTA,APROVADO,0.0515,2026-08-21T16:56:31.791883
2026-08-16,TURKEY 2,Keciorengucu,Pendikspor,3.65,0.7689025935676247,0.6735041642001631,0.5103503552587099,0.23,0.273972602739726,APOSTA,APROVADO,0.118,2026-08-21T16:56:31.830349
2026-08-16,TURKEY 1,Basaksehir,Kocaelispor,3.85,0.808593598533663,0.4315769044707266,0.26842309552927335,0.25,0.2597402597402597,APOSTA,APROVADO,0.2227,2026-08-21T16:56:31.865681
2026-08-16,BELGIUM 1,Yellow-Red Mechelen,Standard,3.45,0.8165592699466897,0.6,0.09999999999999998,0.24,0.2898550724637681,APOSTA,APROVADO,0.3263,2026-08-21T16:56:31.903943
2026-08-16,CHILE 1,Nublense,Union La Calera,3.85,0.757574966601521,0.27744512687485984,0.06795148936461805,0.28,0.2597402597402597,APOSTA,APROVADO,0.0288,2026-08-21T16:56:31.932302
2026-08-16,CROATIA 1,Varazdin,Rijeka,3.2,0.7361240866131258,0.7874892491984327,0.1344975775987594,0.26,0.3125,APOSTA,APROVADO,0.1188,2026-08-21T16:56:31.956541
2026-08-16,AUSTRIA 1,Rapid Vienna,Grazer AK,4.4,0.8598431845086247,0.6533259215154423,0.04667407848455757,0.29,0.22727272727272727,APOSTA,APROVADO,0.3403,2026-08-21T16:56:31.984914
2026-08-16,BOSNIA 1,Sloga Doboj,Borac Banja Luka,4.2,0.7788117212074004,0.950949291075023,0.17340371069657307,0.27,0.23809523809523808,APOSTA,APROVADO,0.0321,2026-08-21T16:56:32.011226
2026-08-16,PORTUGAL 1,Arouca,Moreirense,3.65,0.8049375050445142,0.6,0.09999999999999998,0.33,0.273972602739726,APOSTA,APROVADO,0.2478,2026-08-21T16:56:32.039968
2026-08-16,PORTUGAL 2,Porto B,Farense,3.45,0.8122425182091433,0.7444473251644546,0.044447325164454654,0.2,0.2898550724637681,APOSTA,APROVADO,0.3116,2026-08-21T16:56:32.072853
2026-08-16,SLOVAKIA 1,KFC Komarno,Dunajska Streda,3.55,0.8456573082085725,0.6,0.09999999999999998,,0.28169014084507044,APOSTA,APROVADO,0.4098,2026-08-21T16:56:32.138779
2026-08-16,SPAIN 1,Espanyol,Levante,3.3,0.8165592699466897,0.6,0.09999999999999998,0.21,0.30303030303030304,APOSTA,APROVADO,0.3538,2026-08-21T16:56:32.167911
2026-08-16,SPAIN 2,Burgos,Cordoba,3.35,0.7696893090726394,0.878944902763214,0.17894490276321406,0.21,0.29850746268656714,APOSTA,APROVADO,0.19,2026-08-21T16:56:32.198720
2026-08-16,SPAIN 2,Girona,Leganes,4.3,0.8540192840506624,0.35,0.35,0.21,0.23255813953488372,APOSTA,APROVADO,0.3296,2026-08-21T16:56:32.224946
2026-08-16,BELGIUM 1,Lommel,Charleroi,4.2,0.8551373021556836,0.6,0.09999999999999998,0.24,0.23809523809523808,APOSTA,APROVADO,0.3488,2026-08-21T16:56:32.255313
2026-08-16,POLAND 2,Unia Skierniewice,Miedz Legnica,3.85,0.8065703083909698,0.8074296821306771,0.10742968213067716,0.23,0.2597402597402597,APOSTA,APROVADO,0.215,2026-08-21T16:56:32.363961
2026-08-16,CZECH 1,Slovan Liberec,Slavia Prague,4.1,0.7879102197046036,0.38449757759875947,0.11550242240124056,0.23,0.24390243902439027,APOSTA,APROVADO,0.091,2026-08-21T16:56:32.468043
2026-08-16,ICELAND 1,Hafnarfjordur,Vikingur Reykjavik,4.9,0.8802162937807205,0.8435196089443459,0.1435196089443459,0.31,0.2040816326530612,APOSTA,APROVADO,0.369,2026-08-21T16:56:32.509191
2026-08-16,ICELAND 1,IBV,IA Akranes,4.3,0.8013156620603624,0.778944902763214,0.27894490276321404,0.31,0.23255813953488372,APOSTA,APROVADO,0.1056,2026-08-21T16:56:32.539236
2026-08-16,MEXICO 1,Pumas UNAM,Queretaro,3.9,0.8881644113044278,0.6,0.09999999999999998,,0.25641025641025644,APOSTA,APROVADO,0.5194,2026-08-21T16:56:32.607708
2026-08-16,URUGUAY 1,Defensor Sporting,Liverpool Montevideo,3.2,0.8324287878067477,0.6,0.09999999999999998,,0.3125,APOSTA,APROVADO,0.4222,2026-08-21T16:56:32.642331
2026-08-16,PERU 1,Cesar Vallejo Moquegua,Sport Boys (Per),3.25,0.8333630065629857,0.6,0.09999999999999998,,0.3076923076923077,APOSTA,APROVADO,0.4168,2026-08-21T16:56:32.710360
2026-08-16,POLAND 1,Gornik Zabrze,Wisla Krakow,3.9,0.7913090088280684,0.6090220313455865,0.10902203134558647,0.36,0.25641025641025644,APOSTA,APROVADO,0.1465,2026-08-21T16:56:32.744914
2026-08-16,TURKEY 2,Mardin Buyuksehir Belediyespor,Antalyaspor,3.65,0.8039936042731883,0.35,0.35,0.23,0.273972602739726,APOSTA,APROVADO,0.2444,2026-08-21T16:56:32.833682
2026-08-16,TURKEY 2,Muglaspor,Bandirmaspor,3.25,0.8165592699466897,0.6,0.09999999999999998,0.23,0.3076923076923077,APOSTA,APROVADO,0.363,2026-08-21T16:56:32.868784
2026-08-16,TURKEY 1,Amed Sportif Faaliyetler,Erzurum BB,3.5,0.8165592699466897,0.6,0.09999999999999998,0.25,0.2857142857142857,APOSTA,APROVADO,0.3171,2026-08-21T16:56:32.903916
2026-08-16,CHILE 1,Cobresal,Deportes Concepcion,3.75,0.7669720962991816,0.5533259215154425,0.05332592151544241,0.28,0.26666666666666666,APOSTA,APROVADO,0.0878,2026-08-21T16:56:33.290433
2026-08-16,CROATIA 1,HNK Gorica,Hajduk Split,4.3,0.8312968004787431,0.4315769044707266,0.26842309552927335,0.26,0.23255813953488372,APOSTA,APROVADO,0.233,2026-08-21T16:56:33.327290
2026-08-16,PARAGUAY 1,Sportivo Luqueno,Libertad,3.7,0.8314915979202097,0.45474681875512085,0.2452531812448791,,0.27027027027027023,APOSTA,APROVADO,0.3349,2026-08-21T16:56:33.401708
2026-08-16,PORTUGAL 1,Braga,Gil Vicente,4.3,0.8165330291031792,0.35,0.35,0.33,0.23255813953488372,APOSTA,APROVADO,0.1703,2026-08-21T16:56:33.491260
2026-08-16,PORTUGAL 1,Famalicao,Maritimo,3.8,0.80435961718242,0.8555526748355452,0.3555526748355452,0.33,0.2631578947368421,APOSTA,APROVADO,0.2163,2026-08-21T16:56:33.517712
2026-08-16,SPAIN 2,Las Palmas,Albacete,3.8,0.8687429265920124,0.6,0.09999999999999998,0.21,0.2631578947368421,APOSTA,APROVADO,0.4578,2026-08-21T16:56:33.546494
2026-08-16,PERU 1,FC Cajamarca,Universitario de Deportes,3.8,0.8881644113044278,0.6,0.09999999999999998,,0.2631578947368421,APOSTA,APROVADO,0.5306,2026-08-21T16:56:33.673473
2026-08-16,VENEZUELA 1,Deportivo Tachira,Monagas,5.0,0.9421848162143593,0.6,0.09999999999999998,,0.2,APOSTA,APROVADO,0.6638,2026-08-21T16:56:33.783976
2026-08-16,PARAGUAY 1,Olimpia,Club Sportivo Ameliano,3.75,0.8542684127167753,0.6,0.09999999999999998,,0.26666666666666666,APOSTA,APROVADO,0.4108,2026-08-21T16:56:34.094557
2026-08-16,URUGUAY 1,Penarol,Central Espanol,4.7,0.9337199668599834,0.6,0.09999999999999998,,0.2127659574468085,APOSTA,APROVADO,0.6418,2026-08-21T16:56:34.135186
2026-08-16,VENEZUELA 1,Deportivo La Guaira,Zamora FC,3.9,0.8881644113044278,0.6,0.09999999999999998,,0.25641025641025644,APOSTA,APROVADO,0.5194,2026-08-21T16:56:34.265523
2026-08-16,MEXICO 1,CF America,Atletico San Luis,4.8,0.9421848162143593,0.6,0.09999999999999998,,0.20833333333333334,APOSTA,APROVADO,0.6754,2026-08-21T16:56:34.297784
2026-08-16,VENEZUELA 1,Carabobo FC,Metropolitanos,4.4,0.9182741673909576,0.6,0.09999999999999998,,0.22727272727272727,APOSTA,APROVADO,0.5945,2026-08-21T16:56:34.322752
2026-08-16,PERU 1,Cienciano,Deportivo Garcilaso,3.65,0.8456573082085725,0.6,0.09999999999999998,,0.273972602739726,APOSTA,APROVADO,0.3944,2026-08-21T16:56:34.464239
2026-08-16,MEXICO 1,Santos Laguna,Guadalajara,4.9,0.9188514828810259,0.6042752125904656,0.09572478740953438,,0.2040816326530612,APOSTA,APROVADO,0.5564,2026-08-21T16:56:34.580286
2026-08-16,CZECH 1,Zizkov,Banik Ostrava B,4.0,0.8660955490216018,0.6,0.09999999999999998,0.23,0.25,APOSTA,APROVADO,0.4211,2026-08-21T17:11:39.814483
2026-08-16,DENMARK 2,Vendsyssel FF,AB,4.1,0.8551373021556836,0.5717490170447157,0.12825098295528423,,0.24390243902439027,APOSTA,APROVADO,0.3633,2026-08-21T17:11:40.522824
2026-08-16,UKRAINE 1,FC Kharkiv,Shakhtar,3.95,0.8881644113044278,0.6,0.09999999999999998,,0.2531645569620253,APOSTA,APROVADO,0.5138,2026-08-21T17:11:40.875035
2026-08-16,ESTONIA 1,Trans Narva,Paide Linnameeskond,4.2,0.873402506542523,0.6,0.09999999999999998,0.19,0.23809523809523808,APOSTA,APROVADO,0.4246,2026-08-21T17:11:41.194734
2026-08-16,NORWAY 2,Hodd,Strommen,4.1,0.8551373021556836,0.6,0.09999999999999998,0.24,0.24390243902439027,APOSTA,APROVADO,0.3633,2026-08-21T17:11:41.674895
2026-08-16,UKRAINE 1,Dynamo Kiev,Kolos Kovalyovka,4.3,0.9114977446377612,0.6,0.09999999999999998,,0.23255813953488372,APOSTA,APROVADO,0.5739,2026-08-21T17:11:41.991936
2026-08-16,PERU 1,Sporting Cristal,Sport Huancayo,4.4,0.9182741673909576,0.6,0.09999999999999998,,0.22727272727272727,APOSTA,APROVADO,0.5945,2026-08-21T17:11:42.351588
2026-08-16,AUSTRIA 1,Rapid Vienna,Grazer AK,4.4,0.8598431845086247,0.6533259215154423,0.04667407848455757,0.29,0.22727272727272727,APOSTA,APROVADO,0.3403,2026-08-21T17:11:42.584335
2026-08-16,SPAIN 2,Girona,Leganes,4.3,0.8540192840506624,0.35,0.35,0.21,0.23255813953488372,APOSTA,APROVADO,0.3296,2026-08-21T17:11:42.798826
2026-08-16,BELGIUM 1,Lommel,Charleroi,4.2,0.8551373021556836,0.6,0.09999999999999998,0.24,0.23809523809523808,APOSTA,APROVADO,0.3488,2026-08-21T17:11:42.828632
2026-08-16,MEXICO 1,Pumas UNAM,Queretaro,3.9,0.8881644113044278,0.6,0.09999999999999998,,0.25641025641025644,APOSTA,APROVADO,0.5194,2026-08-21T17:11:43.116235
2026-08-16,SPAIN 2,Las Palmas,Albacete,3.8,0.8687429265920124,0.6,0.09999999999999998,0.21,0.2631578947368421,APOSTA,APROVADO,0.4578,2026-08-21T17:11:43.977234
2026-08-16,PERU 1,FC Cajamarca,Universitario de Deportes,3.8,0.8881644113044278,0.6,0.09999999999999998,,0.2631578947368421,APOSTA,APROVADO,0.5306,2026-08-21T17:11:44.106491
2026-08-16,PARAGUAY 1,Olimpia,Club Sportivo Ameliano,3.75,0.8542684127167753,0.6,0.09999999999999998,,0.26666666666666666,APOSTA,APROVADO,0.4108,2026-08-21T17:11:44.636613
2026-08-16,VENEZUELA 1,Deportivo La Guaira,Zamora FC,3.9,0.8881644113044278,0.6,0.09999999999999998,,0.25641025641025644,APOSTA,APROVADO,0.5194,2026-08-21T17:11:44.784146
2026-08-16,VENEZUELA 1,Carabobo FC,Metropolitanos,4.4,0.9182741673909576,0.6,0.09999999999999998,,0.22727272727272727,APOSTA,APROVADO,0.5945,2026-08-21T17:11:44.898813
2026-08-16,CZECH 1,Zizkov,Banik Ostrava B,4.0,0.8660955490216018,0.6,0.09999999999999998,0.23,0.25,APOSTA,APROVADO,0.4211,2026-08-21T17:15:03.808365
2026-08-16,DENMARK 2,Vendsyssel FF,AB,4.1,0.8551373021556836,0.5717490170447157,0.12825098295528423,,0.24390243902439027,APOSTA,APROVADO,0.3633,2026-08-21T17:15:04.472109
2026-08-16,UKRAINE 1,FC Kharkiv,Shakhtar,3.95,0.8881644113044278,0.6,0.09999999999999998,,0.2531645569620253,APOSTA,APROVADO,0.5138,2026-08-21T17:15:04.760833
2026-08-16,ESTONIA 1,Trans Narva,Paide Linnameeskond,4.2,0.873402506542523,0.6,0.09999999999999998,0.19,0.23809523809523808,APOSTA,APROVADO,0.4246,2026-08-21T17:15:05.246191
2026-08-16,NORWAY 2,Hodd,Strommen,4.1,0.8551373021556836,0.6,0.09999999999999998,0.24,0.24390243902439027,APOSTA,APROVADO,0.3633,2026-08-21T17:15:05.657246
2026-08-16,UKRAINE 1,Dynamo Kiev,Kolos Kovalyovka,4.3,0.9114977446377612,0.6,0.09999999999999998,,0.23255813953488372,APOSTA,APROVADO,0.5739,2026-08-21T17:15:06.027365
2026-08-16,PERU 1,Sporting Cristal,Sport Huancayo,4.4,0.9182741673909576,0.6,0.09999999999999998,,0.22727272727272727,APOSTA,APROVADO,0.5945,2026-08-21T17:15:06.307780
2026-08-16,AUSTRIA 1,Rapid Vienna,Grazer AK,4.4,0.8598431845086247,0.6533259215154423,0.04667407848455757,0.29,0.22727272727272727,APOSTA,APROVADO,0.3403,2026-08-21T17:15:06.474474
2026-08-16,SPAIN 2,Girona,Leganes,4.3,0.8540192840506624,0.35,0.35,0.21,0.23255813953488372,APOSTA,APROVADO,0.3296,2026-08-21T17:15:06.693712
2026-08-16,BELGIUM 1,Lommel,Charleroi,4.2,0.8551373021556836,0.6,0.09999999999999998,0.24,0.23809523809523808,APOSTA,APROVADO,0.3488,2026-08-21T17:15:06.726585
2026-08-16,MEXICO 1,Pumas UNAM,Queretaro,3.9,0.8881644113044278,0.6,0.09999999999999998,,0.25641025641025644,APOSTA,APROVADO,0.5194,2026-08-21T17:15:06.990632
2026-08-16,SPAIN 2,Las Palmas,Albacete,3.8,0.8687429265920124,0.6,0.09999999999999998,0.21,0.2631578947368421,APOSTA,APROVADO,0.4578,2026-08-21T17:15:07.671944
2026-08-16,PERU 1,FC Cajamarca,Universitario de Deportes,3.8,0.8881644113044278,0.6,0.09999999999999998,,0.2631578947368421,APOSTA,APROVADO,0.5306,2026-08-21T17:15:07.783519
2026-08-16,PARAGUAY 1,Olimpia,Club Sportivo Ameliano,3.75,0.8542684127167753,0.6,0.09999999999999998,,0.26666666666666666,APOSTA,APROVADO,0.4108,2026-08-21T17:15:08.162447
2026-08-16,VENEZUELA 1,Deportivo La Guaira,Zamora FC,3.9,0.8881644113044278,0.6,0.09999999999999998,,0.25641025641025644,APOSTA,APROVADO,0.5194,2026-08-21T17:15:08.299244
2026-08-16,VENEZUELA 1,Carabobo FC,Metropolitanos,4.4,0.9182741673909576,0.6,0.09999999999999998,,0.22727272727272727,APOSTA,APROVADO,0.5945,2026-08-21T17:15:08.346714
2026-08-16,CZECH 1,Zizkov,Banik Ostrava B,4.0,0.8660955490216018,0.6,0.09999999999999998,0.23,0.25,APOSTA,APROVADO,0.4211,2026-08-21T17:20:58.646987
2026-08-16,DENMARK 2,Vendsyssel FF,AB,4.1,0.8551373021556836,0.5717490170447157,0.12825098295528423,,0.24390243902439027,APOSTA,APROVADO,0.3633,2026-08-21T17:20:59.354235
2026-08-16,UKRAINE 1,FC Kharkiv,Shakhtar,3.95,0.8881644113044278,0.6,0.09999999999999998,,0.2531645569620253,APOSTA,APROVADO,0.5138,2026-08-21T17:20:59.690292
2026-08-16,ESTONIA 1,Trans Narva,Paide Linnameeskond,4.2,0.873402506542523,0.6,0.09999999999999998,0.19,0.23809523809523808,APOSTA,APROVADO,0.4246,2026-08-21T17:20:59.983465
2026-08-16,NORWAY 2,Hodd,Strommen,4.1,0.8551373021556836,0.6,0.09999999999999998,0.24,0.24390243902439027,APOSTA,APROVADO,0.3633,2026-08-21T17:21:00.591311
2026-08-16,UKRAINE 1,Dynamo Kiev,Kolos Kovalyovka,4.3,0.9114977446377612,0.6,0.09999999999999998,,0.23255813953488372,APOSTA,APROVADO,0.5739,2026-08-21T17:21:00.984361
2026-08-16,PERU 1,Sporting Cristal,Sport Huancayo,4.4,0.9182741673909576,0.6,0.09999999999999998,,0.22727272727272727,APOSTA,APROVADO,0.5945,2026-08-21T17:21:01.283219
2026-08-16,AUSTRIA 1,Rapid Vienna,Grazer AK,4.4,0.8598431845086247,0.6533259215154423,0.04667407848455757,0.29,0.22727272727272727,APOSTA,APROVADO,0.3403,2026-08-21T17:21:01.486537
2026-08-16,SPAIN 2,Girona,Leganes,4.3,0.8540192840506624,0.35,0.35,0.21,0.23255813953488372,APOSTA,APROVADO,0.3296,2026-08-21T17:21:01.719451
2026-08-16,BELGIUM 1,Lommel,Charleroi,4.2,0.8551373021556836,0.6,0.09999999999999998,0.24,0.23809523809523808,APOSTA,APROVADO,0.3488,2026-08-21T17:21:01.754914
2026-08-16,MEXICO 1,Pumas UNAM,Queretaro,3.9,0.8881644113044278,0.6,0.09999999999999998,,0.25641025641025644,APOSTA,APROVADO,0.5194,2026-08-21T17:21:02.052896
2026-08-16,SPAIN 2,Las Palmas,Albacete,3.8,0.8687429265920124,0.6,0.09999999999999998,0.21,0.2631578947368421,APOSTA,APROVADO,0.4578,2026-08-21T17:21:02.748213
2026-08-16,PERU 1,FC Cajamarca,Universitario de Deportes,3.8,0.8881644113044278,0.6,0.09999999999999998,,0.2631578947368421,APOSTA,APROVADO,0.5306,2026-08-21T17:21:02.838763
2026-08-16,PARAGUAY 1,Olimpia,Club Sportivo Ameliano,3.75,0.8542684127167753,0.6,0.09999999999999998,,0.26666666666666666,APOSTA,APROVADO,0.4108,2026-08-21T17:21:03.238949
2026-08-16,VENEZUELA 1,Deportivo La Guaira,Zamora FC,3.9,0.8881644113044278,0.6,0.09999999999999998,,0.25641025641025644,APOSTA,APROVADO,0.5194,2026-08-21T17:21:03.383605
2026-08-16,VENEZUELA 1,Carabobo FC,Metropolitanos,4.4,0.9182741673909576,0.6,0.09999999999999998,,0.22727272727272727,APOSTA,APROVADO,0.5945,2026-08-21T17:21:03.435222
2026-08-16,UKRAINE 1,FC Kharkiv,Shakhtar,3.95,0.8881644113044278,0.6,0.09999999999999998,,0.2531645569620253,APOSTA,APROVADO,0.5138,2026-08-21T17:23:01.309312
2026-08-16,MEXICO 1,Pumas UNAM,Queretaro,3.9,0.8881644113044278,0.6,0.09999999999999998,,0.25641025641025644,APOSTA,APROVADO,0.5194,2026-08-21T17:23:03.371183
2026-08-16,PERU 1,FC Cajamarca,Universitario de Deportes,3.8,0.8881644113044278,0.6,0.09999999999999998,,0.2631578947368421,APOSTA,APROVADO,0.5306,2026-08-21T17:23:04.182513
2026-08-16,VENEZUELA 1,Deportivo La Guaira,Zamora FC,3.9,0.8881644113044278,0.6,0.09999999999999998,,0.25641025641025644,APOSTA,APROVADO,0.5194,2026-08-21T17:23:04.802909
2026-08-01,ROMANIA 2,CSM Ramnicu-Valcea,Gloria Popesti-Leordeni,3.9,0.8881644113044278,0.6,0.09999999999999998,,0.25641025641025644,APOSTA,APROVADO,0.5194,2026-08-21T17:51:29.760393
2026-08-01,SCOTLAND 3,Alloa,East Fife,3.95,0.8881644113044278,0.6,0.09999999999999998,,0.2531645569620253,APOSTA,APROVADO,0.5138,2026-08-21T17:51:31.236285
2026-08-01,SCOTLAND 4,Edinburgh City,Elgin City FC,4.1,0.8881644113044278,0.6,0.09999999999999998,,0.24390243902439027,APOSTA,APROVADO,0.4971,2026-08-21T17:51:31.450046
2026-08-01,URUGUAY 1,Deportivo Maldonado,Juventud De Las Piedras,4.0,0.8881644113044278,0.6,0.09999999999999998,,0.25,APOSTA,APROVADO,0.5082,2026-08-21T17:51:32.811196
2026-08-01,PARAGUAY 1,Cerro Porteno,Sportivo Luqueno,4.2,0.8881644113044278,0.6,0.09999999999999998,,0.23809523809523808,APOSTA,APROVADO,0.4859,2026-08-21T17:51:33.739350
2026-08-01,URUGUAY 1,Penarol,Cerro Largo FC,4.2,0.8881644113044278,0.6,0.09999999999999998,,0.23809523809523808,APOSTA,APROVADO,0.4859,2026-08-21T17:51:33.767358
2026-08-01,MEXICO 2,Cancun FC,Universidad Guadalajara,3.95,0.8881644113044278,0.6,0.09999999999999998,,0.2531645569620253,APOSTA,APROVADO,0.5138,2026-08-21T17:51:34.439420
2026-08-02,ROMANIA 2,CSA Steaua Bucuresti,CSM Slatina,4.2,0.8881644113044278,0.6,0.09999999999999998,,0.23809523809523808,APOSTA,APROVADO,0.4859,2026-08-21T17:51:38.039621
2026-08-02,URUGUAY 1,Racing Club (Uru),Boston River,3.8,0.8881644113044278,0.6,0.09999999999999998,,0.2631578947368421,APOSTA,APROVADO,0.5306,2026-08-21T17:51:38.866900
2026-08-02,PARAGUAY 1,Olimpia,Rubio Nu,4.2,0.8881644113044278,0.6,0.09999999999999998,,0.23809523809523808,APOSTA,APROVADO,0.4859,2026-08-21T17:51:40.212676
2026-08-02,VENEZUELA 1,Zamora FC,Rayo Zuliano,3.9,0.8881644113044278,0.6,0.09999999999999998,,0.25641025641025644,APOSTA,APROVADO,0.5194,2026-08-21T17:51:40.461125
2026-08-02,COLOMBIA 2,Internacional de Palmira,Bogota,3.95,0.8881644113044278,0.6,0.09999999999999998,,0.2531645569620253,APOSTA,APROVADO,0.5138,2026-08-21T17:51:40.631516
2026-08-03,FINLAND 1,SJK,HJK Helsinki,4.2,0.8881644113044278,0.6,0.09999999999999998,,0.23809523809523808,APOSTA,APROVADO,0.4859,2026-08-21T17:51:43.438877
2026-08-03,PARAGUAY 1,Sportivo Trinidense,Sportivo San Lorenzo,4.2,0.8881644113044278,0.6,0.09999999999999998,,0.23809523809523808,APOSTA,APROVADO,0.4859,2026-08-21T17:51:43.980442
2026-08-03,URUGUAY 1,Defensor Sporting,Cerro,3.8,0.8881644113044278,0.6,0.09999999999999998,,0.2631578947368421,APOSTA,APROVADO,0.5306,2026-08-21T17:51:44.344707
2026-08-03,COLOMBIA 1,Atletico Bucaramanga,Cucuta Deportivo,4.1,0.8881644113044278,0.6,0.09999999999999998,,0.24390243902439027,APOSTA,APROVADO,0.4971,2026-08-21T17:51:44.561765
2026-08-04,VENEZUELA 1,Universidad de Venezuela,Monagas,3.9,0.8881644113044278,0.6,0.09999999999999998,,0.25641025641025644,APOSTA,APROVADO,0.5194,2026-08-21T17:51:47.718435
2026-08-05,ROMANIA 2,ACS Dumbravita,CSM Satu Mare,4.2,0.8881644113044278,0.6,0.09999999999999998,,0.23809523809523808,APOSTA,APROVADO,0.4859,2026-08-21T17:51:50.199136
2026-08-05,EUROPA LEAGUE,Ferencvaros,Gornik Zabrze,4.1,0.8823405108464654,1.071515220632537,0.3590220313455865,,0.24390243902439027,APOSTA,APROVADO,0.4735,2026-08-21T17:51:50.363319
2026-08-05,URUGUAY 1,Penarol,Wanderers (Uru),3.85,0.8881644113044278,0.6,0.09999999999999998,,0.2597402597402597,APOSTA,APROVADO,0.525,2026-08-21T17:51:50.590140
2026-08-06,EUROPA CONFERENCE LEAGUE,FC Inter,FC Vaduz,4.1,0.8881644113044278,0.6,0.09999999999999998,,0.24390243902439027,APOSTA,APROVADO,0.4971,2026-08-21T17:51:53.365933
2026-08-06,EUROPA CONFERENCE LEAGUE,FK Jablonec,Rigas Futbola Skola,3.85,0.8881644113044278,0.6,0.09999999999999998,,0.2597402597402597,APOSTA,APROVADO,0.525,2026-08-21T17:51:53.463294
2026-08-06,EUROPA CONFERENCE LEAGUE,FK Riga,Gyori,4.0,0.8881644113044278,0.6,0.09999999999999998,,0.25,APOSTA,APROVADO,0.5082,2026-08-21T17:51:53.683679
2026-08-06,EUROPA LEAGUE,PAOK,Anderlecht,4.2,0.8890352174651769,0.710993413398596,0.21099341339859606,,0.23809523809523808,APOSTA,APROVADO,0.4895,2026-08-21T17:51:54.048190
2026-08-06,VENEZUELA 1,Puerto Cabello,Caracas,3.95,0.8881644113044278,0.6,0.09999999999999998,,0.2531645569620253,APOSTA,APROVADO,0.5138,2026-08-21T17:51:54.785317
2026-08-06,MEXICO 2,Universidad Guadalajara,Correcaminos UAT,3.8,0.8881644113044278,0.6,0.09999999999999998,,0.2631578947368421,APOSTA,APROVADO,0.5306,2026-08-21T17:51:54.896344
2026-08-07,FINLAND 1,SJK,Gnistan,4.1,0.8881644113044278,0.6,0.09999999999999998,,0.24390243902439027,APOSTA,APROVADO,0.4971,2026-08-21T17:51:58.077491
2026-08-07,WALES 1,Caernarfon Town,Penybont FC,3.9,0.8881644113044278,0.6,0.09999999999999998,,0.25641025641025644,APOSTA,APROVADO,0.5194,2026-08-21T17:51:59.609369
2026-08-07,WALES 1,Trefelin,Llandudno FC,4.2,0.8881644113044278,0.6,0.09999999999999998,,0.23809523809523808,APOSTA,APROVADO,0.4859,2026-08-21T17:51:59.769808
2026-08-07,PERU 1,Comerciantes Unidos,Cusco FC,3.9,0.8881644113044278,0.6,0.09999999999999998,,0.25641025641025644,APOSTA,APROVADO,0.5194,2026-08-21T17:52:00.025503
2026-08-08,ROMANIA 2,CSC 1599 Selimbar,Politehnica Timisoara,4.2,0.8881644113044278,0.6,0.09999999999999998,,0.23809523809523808,APOSTA,APROVADO,0.4859,2026-08-21T17:52:03.264315
2026-08-08,ROMANIA 2,CSM Satu Mare,CSM Scolar Resita,3.95,0.8881644113044278,0.6,0.09999999999999998,,0.2531645569620253,APOSTA,APROVADO,0.5138,2026-08-21T17:52:03.326999
2026-08-08,ENGLAND CUP,Crewe,Accrington,3.95,0.8881644113044278,0.6,0.09999999999999998,,0.2531645569620253,APOSTA,APROVADO,0.5138,2026-08-21T17:52:05.347795
2026-08-08,ENGLAND CUP,Derby,Lincoln,4.1,0.8881644113044278,0.6,0.09999999999999998,,0.24390243902439027,APOSTA,APROVADO,0.4971,2026-08-21T17:52:05.384320
2026-08-08,ENGLAND 5,Boston Utd,Aldershot,4.2,0.8881644113044278,0.6,0.09999999999999998,,0.23809523809523808,APOSTA,APROVADO,0.4859,2026-08-21T17:52:06.019980
2026-08-08,SCOTLAND 3,Hamilton,Alloa,4.2,0.8881644113044278,0.6,0.09999999999999998,,0.23809523809523808,APOSTA,APROVADO,0.4859,2026-08-21T17:52:06.717028
2026-08-08,SCOTLAND 4,Dumbarton,Clyde,4.0,0.8881644113044278,0.6,0.09999999999999998,,0.25,APOSTA,APROVADO,0.5082,2026-08-21T17:52:06.806030
2026-08-08,SCOTLAND 4,Elgin City FC,Forfar,3.9,0.8881644113044278,0.6,0.09999999999999998,,0.25641025641025644,APOSTA,APROVADO,0.5194,2026-08-21T17:52:06.843286
2026-08-08,SCOTLAND 4,Kelty Hearts,Stirling,3.9,0.8881644113044278,0.6,0.09999999999999998,,0.25641025641025644,APOSTA,APROVADO,0.5194,2026-08-21T17:52:06.875293
2026-08-08,FINLAND 1,Jaro,VPS,3.9,0.8881644113044278,0.6,0.09999999999999998,,0.25641025641025644,APOSTA,APROVADO,0.5194,2026-08-21T17:52:07.615139
2026-08-08,PERU 1,UTC Cajamarca,Asociacion Deportiva Tarma,3.95,0.8881644113044278,0.6,0.09999999999999998,,0.2531645569620253,APOSTA,APROVADO,0.5138,2026-08-21T17:52:08.427303
2026-08-08,VENEZUELA 1,Monagas,Carabobo FC,3.85,0.8881644113044278,0.6,0.09999999999999998,,0.2597402597402597,APOSTA,APROVADO,0.525,2026-08-21T17:52:09.783949
2026-08-08,COLOMBIA 1,Fortaleza FC,Cucuta Deportivo,3.9,0.8881644113044278,0.6,0.09999999999999998,,0.25641025641025644,APOSTA,APROVADO,0.5194,2026-08-21T17:52:09.925239
2026-08-08,COLOMBIA 1,Tolima,Internacional de Bogotá,4.1,0.8881644113044278,0.6,0.09999999999999998,,0.24390243902439027,APOSTA,APROVADO,0.4971,2026-08-21T17:52:10.315329
2026-08-08,MEXICO 2,Club Atletico Morelia,Cancun FC,3.8,0.8881644113044278,0.6,0.09999999999999998,,0.2631578947368421,APOSTA,APROVADO,0.5306,2026-08-21T17:52:10.588900
2026-08-09,POLAND 2,LKS Lodz,Chrobry Glogow,4.2,0.8881644113044278,0.6,0.09999999999999998,0.23,0.23809523809523808,APOSTA,APROVADO,0.4859,2026-08-21T17:52:14.638527
2026-08-09,ENGLAND CUP,Mansfield,Sheff Utd,3.95,0.8881644113044278,0.6,0.09999999999999998,,0.2531645569620253,APOSTA,APROVADO,0.5138,2026-08-21T17:52:15.619662
2026-08-09,PERU 1,Deportivo Garcilaso,Cesar Vallejo Moquegua,4.2,0.8881644113044278,0.6,0.09999999999999998,,0.23809523809523808,APOSTA,APROVADO,0.4859,2026-08-21T17:52:17.032582
2026-08-09,VENEZUELA 1,Trujillanos,Deportivo Tachira,3.9,0.8881644113044278,0.6,0.09999999999999998,,0.25641025641025644,APOSTA,APROVADO,0.5194,2026-08-21T17:52:18.206393
2026-08-11,EUROPA LEAGUE,FC Iberia 1999,Larne,3.95,0.9188514828810259,1.0466740784845574,0.34667407848455745,,0.2531645569620253,APOSTA,APROVADO,0.6335,2026-08-21T17:52:24.341003
2026-08-11,COLOMBIA 1,Aguilas Doradas,Llaneros FC,3.8,0.8881644113044278,0.6,0.09999999999999998,,0.2631578947368421,APOSTA,APROVADO,0.5306,2026-08-21T17:52:24.932262
2026-08-12,COPA SUDAMERICANA,Santa Fe,River Plate,3.3,0.8966292606588038,0.35,0.35,,0.30303030303030304,APOSTA,APROVADO,0.614,2026-08-21T17:52:28.343223
2026-08-13,EUROPA CONFERENCE LEAGUE,Qarabag FK,Dynamo Kiev,4.0,0.8881644113044278,0.6,0.09999999999999998,,0.25,APOSTA,APROVADO,0.5082,2026-08-21T17:52:30.863989
2026-08-13,EUROPA CONFERENCE LEAGUE,FC Vaduz,FC Inter Turku,4.2,0.8881644113044278,0.6,0.09999999999999998,,0.23809523809523808,APOSTA,APROVADO,0.4859,2026-08-21T17:52:31.295132
2026-08-13,EUROPA CONFERENCE LEAGUE,Dinamo Tirana,FK Auda,3.95,0.8881644113044278,0.6,0.09999999999999998,,0.2531645569620253,APOSTA,APROVADO,0.5138,2026-08-21T17:52:31.895362
2026-08-13,MEXICO 2,Alebrijes De Oaxaca,CD Tepatitlan De Morelos,4.2,0.8881644113044278,0.6,0.09999999999999998,,0.23809523809523808,APOSTA,APROVADO,0.4859,2026-08-21T17:52:32.301028
2026-08-14,FINLAND 1,VPS,TPS,4.2,0.8881644113044278,0.6,0.09999999999999998,,0.23809523809523808,APOSTA,APROVADO,0.4859,2026-08-21T17:52:35.340642
2026-08-15,ROMANIA 2,Bihor Oradea,ASA Targu Mures,3.9,0.8881644113044278,0.6,0.09999999999999998,,0.25641025641025644,APOSTA,APROVADO,0.5194,2026-08-21T17:52:39.999281
2026-08-15,ENGLAND 5,FC Halifax Town,Boreham Wood,4.1,0.8881644113044278,0.6,0.09999999999999998,,0.24390243902439027,APOSTA,APROVADO,0.4971,2026-08-21T17:52:42.026518
2026-08-15,ENGLAND 5,Southend,Scunthorpe,4.2,0.8881644113044278,0.6,0.09999999999999998,,0.23809523809523808,APOSTA,APROVADO,0.4859,2026-08-21T17:52:42.143567
2026-08-15,ENGLAND 5,Sutton Utd,Altrincham,3.95,0.8881644113044278,0.6,0.09999999999999998,,0.2531645569620253,APOSTA,APROVADO,0.5138,2026-08-21T17:52:42.169171
2026-08-15,ENGLAND 5,Yeovil,Carlisle,3.95,0.8881644113044278,0.6,0.09999999999999998,,0.2531645569620253,APOSTA,APROVADO,0.5138,2026-08-21T17:52:42.386215
2026-08-15,SCOTLAND 3,Peterhead,East Fife,4.0,0.8881644113044278,0.6,0.09999999999999998,,0.25,APOSTA,APROVADO,0.5082,2026-08-21T17:52:43.465162
2026-08-15,UKRAINE 1,Karpaty,FC Bukovyna,3.9,0.8881644113044278,0.6,0.09999999999999998,,0.25641025641025644,APOSTA,APROVADO,0.5194,2026-08-21T17:52:44.044898
2026-08-15,URUGUAY 1,Juventud De Las Piedras,Torque,3.9,0.8881644113044278,0.6,0.09999999999999998,,0.25641025641025644,APOSTA,APROVADO,0.5194,2026-08-21T17:52:44.492410
2026-08-15,CROATIA 1,NK Istra,Slaven Belupo,4.2,0.8834585289514866,0.6,0.09999999999999998,0.26,0.23809523809523808,APOSTA,APROVADO,0.4664,2026-08-21T17:52:44.619508
2026-08-15,PERU 1,Asociacion Deportiva Tarma,Alianza Atletico,4.1,0.8881644113044278,0.6,0.09999999999999998,,0.24390243902439027,APOSTA,APROVADO,0.4971,2026-08-21T17:52:45.253018
2026-08-15,TURKEY 2,Manisa FK,Van Buyuksehir Belediyespor,4.2,0.8881644113044278,0.6,0.09999999999999998,0.23,0.23809523809523808,APOSTA,APROVADO,0.4859,2026-08-21T17:52:45.622780
2026-08-15,VENEZUELA 1,Portuguesa FC,Trujillanos,3.85,0.8881644113044278,0.6,0.09999999999999998,,0.2597402597402597,APOSTA,APROVADO,0.525,2026-08-21T17:52:47.123183
2026-08-16,UKRAINE 1,FC Kharkiv,Shakhtar,3.95,0.8881644113044278,0.6,0.09999999999999998,,0.2531645569620253,APOSTA,APROVADO,0.5138,2026-08-21T17:52:51.297220
2026-08-16,MEXICO 1,Pumas UNAM,Queretaro,3.9,0.8881644113044278,0.6,0.09999999999999998,,0.25641025641025644,APOSTA,APROVADO,0.5194,2026-08-21T17:52:53.287397
2026-08-16,PERU 1,FC Cajamarca,Universitario de Deportes,3.8,0.8881644113044278,0.6,0.09999999999999998,,0.2631578947368421,APOSTA,APROVADO,0.5306,2026-08-21T17:52:54.210300
2026-08-16,VENEZUELA 1,Deportivo La Guaira,Zamora FC,3.9,0.8881644113044278,0.6,0.09999999999999998,,0.25641025641025644,APOSTA,APROVADO,0.5194,2026-08-21T17:52:54.988563
2026-08-18,COPA SUDAMERICANA,Deportivo Recoleta,Boca Juniors,3.95,0.8802162937807205,0.4315769044707266,0.26842309552927335,,0.2531645569620253,APOSTA,APROVADO,0.4828,2026-08-21T17:53:01.396072
2026-08-19,COLOMBIA 2,Boyaca Patriotas,Orsomarso,3.85,0.8881644113044278,0.6,0.09999999999999998,,0.2597402597402597,APOSTA,APROVADO,0.525,2026-08-21T17:53:05.174066
2026-08-20,EUROPA CONFERENCE LEAGUE,KF Drita,Inter Club Escaldes,4.0,0.8881644113044278,0.6,0.09999999999999998,,0.25,APOSTA,APROVADO,0.5082,2026-08-21T17:53:08.185624
2026-08-01,ROMANIA 2,CSM Ramnicu-Valcea,Gloria Popesti-Leordeni,3.9,0.8881644113044278,0.6,0.09999999999999998,,0.25641025641025644,APOSTA,APROVADO,0.5194,2026-08-21T17:53:44.620185
2026-08-01,SCOTLAND 3,Alloa,East Fife,3.95,0.8881644113044278,0.6,0.09999999999999998,,0.2531645569620253,APOSTA,APROVADO,0.5138,2026-08-21T17:53:45.844892
2026-08-01,SCOTLAND 4,Edinburgh City,Elgin City FC,4.1,0.8881644113044278,0.6,0.09999999999999998,,0.24390243902439027,APOSTA,APROVADO,0.4971,2026-08-21T17:53:46.018302
2026-08-01,URUGUAY 1,Deportivo Maldonado,Juventud De Las Piedras,4.0,0.8881644113044278,0.6,0.09999999999999998,,0.25,APOSTA,APROVADO,0.5082,2026-08-21T17:53:47.324018
2026-08-01,PARAGUAY 1,Cerro Porteno,Sportivo Luqueno,4.2,0.8881644113044278,0.6,0.09999999999999998,,0.23809523809523808,APOSTA,APROVADO,0.4859,2026-08-21T17:53:48.167749
2026-08-01,URUGUAY 1,Penarol,Cerro Largo FC,4.2,0.8881644113044278,0.6,0.09999999999999998,,0.23809523809523808,APOSTA,APROVADO,0.4859,2026-08-21T17:53:48.202648
2026-08-01,MEXICO 2,Cancun FC,Universidad Guadalajara,3.95,0.8881644113044278,0.6,0.09999999999999998,,0.2531645569620253,APOSTA,APROVADO,0.5138,2026-08-21T17:53:48.836320
2026-08-02,ROMANIA 2,CSA Steaua Bucuresti,CSM Slatina,4.2,0.8881644113044278,0.6,0.09999999999999998,,0.23809523809523808,APOSTA,APROVADO,0.4859,2026-08-21T17:53:52.327832
2026-08-02,URUGUAY 1,Racing Club (Uru),Boston River,3.8,0.8881644113044278,0.6,0.09999999999999998,,0.2631578947368421,APOSTA,APROVADO,0.5306,2026-08-21T17:53:53.165212
2026-08-02,PARAGUAY 1,Olimpia,Rubio Nu,4.2,0.8881644113044278,0.6,0.09999999999999998,,0.23809523809523808,APOSTA,APROVADO,0.4859,2026-08-21T17:53:54.479854
2026-08-02,VENEZUELA 1,Zamora FC,Rayo Zuliano,3.9,0.8881644113044278,0.6,0.09999999999999998,,0.25641025641025644,APOSTA,APROVADO,0.5194,2026-08-21T17:53:54.694118
2026-08-02,COLOMBIA 2,Internacional de Palmira,Bogota,3.95,0.8881644113044278,0.6,0.09999999999999998,,0.2531645569620253,APOSTA,APROVADO,0.5138,2026-08-21T17:53:54.877287
2026-08-03,FINLAND 1,SJK,HJK Helsinki,4.2,0.8881644113044278,0.6,0.09999999999999998,,0.23809523809523808,APOSTA,APROVADO,0.4859,2026-08-21T17:53:57.637892
2026-08-03,PARAGUAY 1,Sportivo Trinidense,Sportivo San Lorenzo,4.2,0.8881644113044278,0.6,0.09999999999999998,,0.23809523809523808,APOSTA,APROVADO,0.4859,2026-08-21T17:53:58.161971
2026-08-03,URUGUAY 1,Defensor Sporting,Cerro,3.8,0.8881644113044278,0.6,0.09999999999999998,,0.2631578947368421,APOSTA,APROVADO,0.5306,2026-08-21T17:53:58.415610
2026-08-03,COLOMBIA 1,Atletico Bucaramanga,Cucuta Deportivo,4.1,0.8881644113044278,0.6,0.09999999999999998,,0.24390243902439027,APOSTA,APROVADO,0.4971,2026-08-21T17:53:58.569336
2026-08-04,VENEZUELA 1,Universidad de Venezuela,Monagas,3.9,0.8881644113044278,0.6,0.09999999999999998,,0.25641025641025644,APOSTA,APROVADO,0.5194,2026-08-21T17:54:01.329953
2026-08-05,ROMANIA 2,ACS Dumbravita,CSM Satu Mare,4.2,0.8881644113044278,0.6,0.09999999999999998,,0.23809523809523808,APOSTA,APROVADO,0.4859,2026-08-21T17:54:03.582762
2026-08-05,EUROPA LEAGUE,Ferencvaros,Gornik Zabrze,4.1,0.8823405108464654,1.071515220632537,0.3590220313455865,,0.24390243902439027,APOSTA,APROVADO,0.4735,2026-08-21T17:54:03.755599
2026-08-05,URUGUAY 1,Penarol,Wanderers (Uru),3.85,0.8881644113044278,0.6,0.09999999999999998,,0.2597402597402597,APOSTA,APROVADO,0.525,2026-08-21T17:54:03.996938
2026-08-06,EUROPA CONFERENCE LEAGUE,FC Inter,FC Vaduz,4.1,0.8881644113044278,0.6,0.09999999999999998,,0.24390243902439027,APOSTA,APROVADO,0.4971,2026-08-21T17:54:06.591464
2026-08-06,EUROPA CONFERENCE LEAGUE,FK Jablonec,Rigas Futbola Skola,3.85,0.8881644113044278,0.6,0.09999999999999998,,0.2597402597402597,APOSTA,APROVADO,0.525,2026-08-21T17:54:06.680504
2026-08-06,EUROPA CONFERENCE LEAGUE,FK Riga,Gyori,4.0,0.8881644113044278,0.6,0.09999999999999998,,0.25,APOSTA,APROVADO,0.5082,2026-08-21T17:54:06.896238
2026-08-06,EUROPA LEAGUE,PAOK,Anderlecht,4.2,0.8890352174651769,0.710993413398596,0.21099341339859606,,0.23809523809523808,APOSTA,APROVADO,0.4895,2026-08-21T17:54:07.248137
2026-08-06,VENEZUELA 1,Puerto Cabello,Caracas,3.95,0.8881644113044278,0.6,0.09999999999999998,,0.2531645569620253,APOSTA,APROVADO,0.5138,2026-08-21T17:54:08.151217
2026-08-06,MEXICO 2,Universidad Guadalajara,Correcaminos UAT,3.8,0.8881644113044278,0.6,0.09999999999999998,,0.2631578947368421,APOSTA,APROVADO,0.5306,2026-08-21T17:54:08.282670
2026-08-07,FINLAND 1,SJK,Gnistan,4.1,0.8881644113044278,0.6,0.09999999999999998,,0.24390243902439027,APOSTA,APROVADO,0.4971,2026-08-21T17:54:11.314437
2026-08-07,WALES 1,Caernarfon Town,Penybont FC,3.9,0.8881644113044278,0.6,0.09999999999999998,,0.25641025641025644,APOSTA,APROVADO,0.5194,2026-08-21T17:54:12.859149
2026-08-07,WALES 1,Trefelin,Llandudno FC,4.2,0.8881644113044278,0.6,0.09999999999999998,,0.23809523809523808,APOSTA,APROVADO,0.4859,2026-08-21T17:54:12.976633
2026-08-07,PERU 1,Comerciantes Unidos,Cusco FC,3.9,0.8881644113044278,0.6,0.09999999999999998,,0.25641025641025644,APOSTA,APROVADO,0.5194,2026-08-21T17:54:13.203869
2026-08-08,ROMANIA 2,CSC 1599 Selimbar,Politehnica Timisoara,4.2,0.8881644113044278,0.6,0.09999999999999998,,0.23809523809523808,APOSTA,APROVADO,0.4859,2026-08-21T17:54:16.245838
2026-08-08,ROMANIA 2,CSM Satu Mare,CSM Scolar Resita,3.95,0.8881644113044278,0.6,0.09999999999999998,,0.2531645569620253,APOSTA,APROVADO,0.5138,2026-08-21T17:54:16.314535
2026-08-08,ENGLAND CUP,Crewe,Accrington,3.95,0.8881644113044278,0.6,0.09999999999999998,,0.2531645569620253,APOSTA,APROVADO,0.5138,2026-08-21T17:54:18.261716
2026-08-08,ENGLAND CUP,Derby,Lincoln,4.1,0.8881644113044278,0.6,0.09999999999999998,,0.24390243902439027,APOSTA,APROVADO,0.4971,2026-08-21T17:54:18.299543
2026-08-08,ENGLAND 5,Boston Utd,Aldershot,4.2,0.8881644113044278,0.6,0.09999999999999998,,0.23809523809523808,APOSTA,APROVADO,0.4859,2026-08-21T17:54:18.887598
2026-08-08,SCOTLAND 3,Hamilton,Alloa,4.2,0.8881644113044278,0.6,0.09999999999999998,,0.23809523809523808,APOSTA,APROVADO,0.4859,2026-08-21T17:54:19.654906
2026-08-08,SCOTLAND 4,Dumbarton,Clyde,4.0,0.8881644113044278,0.6,0.09999999999999998,,0.25,APOSTA,APROVADO,0.5082,2026-08-21T17:54:19.801486
2026-08-08,SCOTLAND 4,Elgin City FC,Forfar,3.9,0.8881644113044278,0.6,0.09999999999999998,,0.25641025641025644,APOSTA,APROVADO,0.5194,2026-08-21T17:54:19.849675
2026-08-08,SCOTLAND 4,Kelty Hearts,Stirling,3.9,0.8881644113044278,0.6,0.09999999999999998,,0.25641025641025644,APOSTA,APROVADO,0.5194,2026-08-21T17:54:19.894714
2026-08-08,FINLAND 1,Jaro,VPS,3.9,0.8881644113044278,0.6,0.09999999999999998,,0.25641025641025644,APOSTA,APROVADO,0.5194,2026-08-21T17:54:20.677300
2026-08-08,PERU 1,UTC Cajamarca,Asociacion Deportiva Tarma,3.95,0.8881644113044278,0.6,0.09999999999999998,,0.2531645569620253,APOSTA,APROVADO,0.5138,2026-08-21T17:54:21.470203
2026-08-08,VENEZUELA 1,Monagas,Carabobo FC,3.85,0.8881644113044278,0.6,0.09999999999999998,,0.2597402597402597,APOSTA,APROVADO,0.525,2026-08-21T17:54:22.606815
2026-08-08,COLOMBIA 1,Fortaleza FC,Cucuta Deportivo,3.9,0.8881644113044278,0.6,0.09999999999999998,,0.25641025641025644,APOSTA,APROVADO,0.5194,2026-08-21T17:54:22.731593
2026-08-08,COLOMBIA 1,Tolima,Internacional de Bogotá,4.1,0.8881644113044278,0.6,0.09999999999999998,,0.24390243902439027,APOSTA,APROVADO,0.4971,2026-08-21T17:54:23.064193
2026-08-08,MEXICO 2,Club Atletico Morelia,Cancun FC,3.8,0.8881644113044278,0.6,0.09999999999999998,,0.2631578947368421,APOSTA,APROVADO,0.5306,2026-08-21T17:54:23.344175
2026-08-09,POLAND 2,LKS Lodz,Chrobry Glogow,4.2,0.8881644113044278,0.6,0.09999999999999998,0.23,0.23809523809523808,APOSTA,APROVADO,0.4859,2026-08-21T17:54:27.177724
2026-08-09,ENGLAND CUP,Mansfield,Sheff Utd,3.95,0.8881644113044278,0.6,0.09999999999999998,,0.2531645569620253,APOSTA,APROVADO,0.5138,2026-08-21T17:54:28.117298
2026-08-09,PERU 1,Deportivo Garcilaso,Cesar Vallejo Moquegua,4.2,0.8881644113044278,0.6,0.09999999999999998,,0.23809523809523808,APOSTA,APROVADO,0.4859,2026-08-21T17:54:29.556232
2026-08-09,VENEZUELA 1,Trujillanos,Deportivo Tachira,3.9,0.8881644113044278,0.6,0.09999999999999998,,0.25641025641025644,APOSTA,APROVADO,0.5194,2026-08-21T17:54:30.458304
2026-08-11,EUROPA LEAGUE,FC Iberia 1999,Larne,3.95,0.9188514828810259,1.0466740784845574,0.34667407848455745,,0.2531645569620253,APOSTA,APROVADO,0.6335,2026-08-21T17:54:36.384010
2026-08-11,COLOMBIA 1,Aguilas Doradas,Llaneros FC,3.8,0.8881644113044278,0.6,0.09999999999999998,,0.2631578947368421,APOSTA,APROVADO,0.5306,2026-08-21T17:54:36.948430
2026-08-12,COPA SUDAMERICANA,Santa Fe,River Plate,3.3,0.8966292606588038,0.35,0.35,,0.30303030303030304,APOSTA,APROVADO,0.614,2026-08-21T17:54:40.035966
2026-08-13,EUROPA CONFERENCE LEAGUE,Qarabag FK,Dynamo Kiev,4.0,0.8881644113044278,0.6,0.09999999999999998,,0.25,APOSTA,APROVADO,0.5082,2026-08-21T17:54:42.269651
2026-08-13,EUROPA CONFERENCE LEAGUE,FC Vaduz,FC Inter Turku,4.2,0.8881644113044278,0.6,0.09999999999999998,,0.23809523809523808,APOSTA,APROVADO,0.4859,2026-08-21T17:54:42.729884
2026-08-13,EUROPA CONFERENCE LEAGUE,Dinamo Tirana,FK Auda,3.95,0.8881644113044278,0.6,0.09999999999999998,,0.2531645569620253,APOSTA,APROVADO,0.5138,2026-08-21T17:54:43.331077
2026-08-13,MEXICO 2,Alebrijes De Oaxaca,CD Tepatitlan De Morelos,4.2,0.8881644113044278,0.6,0.09999999999999998,,0.23809523809523808,APOSTA,APROVADO,0.4859,2026-08-21T17:54:43.761287
2026-08-14,FINLAND 1,VPS,TPS,4.2,0.8881644113044278,0.6,0.09999999999999998,,0.23809523809523808,APOSTA,APROVADO,0.4859,2026-08-21T17:54:46.349203
2026-08-15,ROMANIA 2,Bihor Oradea,ASA Targu Mures,3.9,0.8881644113044278,0.6,0.09999999999999998,,0.25641025641025644,APOSTA,APROVADO,0.5194,2026-08-21T17:54:51.238168
2026-08-15,ENGLAND 5,FC Halifax Town,Boreham Wood,4.1,0.8881644113044278,0.6,0.09999999999999998,,0.24390243902439027,APOSTA,APROVADO,0.4971,2026-08-21T17:54:53.400121
2026-08-15,ENGLAND 5,Southend,Scunthorpe,4.2,0.8881644113044278,0.6,0.09999999999999998,,0.23809523809523808,APOSTA,APROVADO,0.4859,2026-08-21T17:54:53.521716
2026-08-15,ENGLAND 5,Sutton Utd,Altrincham,3.95,0.8881644113044278,0.6,0.09999999999999998,,0.2531645569620253,APOSTA,APROVADO,0.5138,2026-08-21T17:54:53.556310
2026-08-15,ENGLAND 5,Yeovil,Carlisle,3.95,0.8881644113044278,0.6,0.09999999999999998,,0.2531645569620253,APOSTA,APROVADO,0.5138,2026-08-21T17:54:53.666841
2026-08-15,SCOTLAND 3,Peterhead,East Fife,4.0,0.8881644113044278,0.6,0.09999999999999998,,0.25,APOSTA,APROVADO,0.5082,2026-08-21T17:54:54.774096
2026-08-15,UKRAINE 1,Karpaty,FC Bukovyna,3.9,0.8881644113044278,0.6,0.09999999999999998,,0.25641025641025644,APOSTA,APROVADO,0.5194,2026-08-21T17:54:55.431380
2026-08-15,URUGUAY 1,Juventud De Las Piedras,Torque,3.9,0.8881644113044278,0.6,0.09999999999999998,,0.25641025641025644,APOSTA,APROVADO,0.5194,2026-08-21T17:54:55.864068
2026-08-15,CROATIA 1,NK Istra,Slaven Belupo,4.2,0.8834585289514866,0.6,0.09999999999999998,0.26,0.23809523809523808,APOSTA,APROVADO,0.4664,2026-08-21T17:54:55.986517
2026-08-15,PERU 1,Asociacion Deportiva Tarma,Alianza Atletico,4.1,0.8881644113044278,0.6,0.09999999999999998,,0.24390243902439027,APOSTA,APROVADO,0.4971,2026-08-21T17:54:56.588215
2026-08-15,TURKEY 2,Manisa FK,Van Buyuksehir Belediyespor,4.2,0.8881644113044278,0.6,0.09999999999999998,0.23,0.23809523809523808,APOSTA,APROVADO,0.4859,2026-08-21T17:54:56.974672
2026-08-15,VENEZUELA 1,Portuguesa FC,Trujillanos,3.85,0.8881644113044278,0.6,0.09999999999999998,,0.2597402597402597,APOSTA,APROVADO,0.525,2026-08-21T17:54:58.271201
2026-08-16,UKRAINE 1,FC Kharkiv,Shakhtar,3.95,0.8881644113044278,0.6,0.09999999999999998,,0.2531645569620253,APOSTA,APROVADO,0.5138,2026-08-21T17:55:02.913213
2026-08-16,MEXICO 1,Pumas UNAM,Queretaro,3.9,0.8881644113044278,0.6,0.09999999999999998,,0.25641025641025644,APOSTA,APROVADO,0.5194,2026-08-21T17:55:05.025967
2026-08-16,PERU 1,FC Cajamarca,Universitario de Deportes,3.8,0.8881644113044278,0.6,0.09999999999999998,,0.2631578947368421,APOSTA,APROVADO,0.5306,2026-08-21T17:55:05.901897
2026-08-16,VENEZUELA 1,Deportivo La Guaira,Zamora FC,3.9,0.8881644113044278,0.6,0.09999999999999998,,0.25641025641025644,APOSTA,APROVADO,0.5194,2026-08-21T17:55:06.447296
2026-08-18,COPA SUDAMERICANA,Deportivo Recoleta,Boca Juniors,3.95,0.8802162937807205,0.4315769044707266,0.26842309552927335,,0.2531645569620253,APOSTA,APROVADO,0.4828,2026-08-21T17:55:12.991898
2026-08-19,COLOMBIA 2,Boyaca Patriotas,Orsomarso,3.85,0.8881644113044278,0.6,0.09999999999999998,,0.2597402597402597,APOSTA,APROVADO,0.525,2026-08-21T17:55:16.627570
2026-08-20,EUROPA CONFERENCE LEAGUE,KF Drita,Inter Club Escaldes,4.0,0.8881644113044278,0.6,0.09999999999999998,,0.25,APOSTA,APROVADO,0.5082,2026-08-21T17:55:19.652948
2026-08-20,EUROPA CONFERENCE LEAGUE,KF Drita,Inter Club Escaldes,4.0,0.8881644113044278,0.6,0.09999999999999998,,0.25,APOSTA,APROVADO,0.5082,2026-08-21T18:12:44.685297
2026-08-20,EUROPA LEAGUE,Mjallby,Red Bull Salzburg,4.4,0.8881644113044278,0.4892443963538803,0.010755603646119688,,0.22727272727272727,APOSTA,APROVADO,0.4635,2026-08-21T18:13:03.753570
2026-08-20,EUROPA LEAGUE,Trabzonspor,Ferencvaros,4.3,0.868781188812567,0.7586447999388088,0.11700219828959485,,0.23255813953488372,APOSTA,APROVADO,0.3923,2026-08-21T18:13:04.001793
2026-08-20,EUROPA CONFERENCE LEAGUE,PAOK,Brann,4.4,0.8389016119274524,0.5954909909973555,0.32649583579983665,,0.22727272727272727,APOSTA,APROVADO,0.2492,2026-08-21T18:13:04.104114
2026-08-20,EUROPA CONFERENCE LEAGUE,Gornik Zabrze,Monaco,3.85,0.8631410877033877,0.7670947716161498,0.04905070892497687,,0.2597402597402597,APOSTA,APROVADO,0.4299,2026-08-21T18:13:04.199153
2026-08-20,EUROPA CONFERENCE LEAGUE,KF Drita,Inter Club Escaldes,4.0,0.8881644113044278,0.6,0.09999999999999998,,0.25,APOSTA,APROVADO,0.5082,2026-08-21T18:13:04.283796
2026-08-20,EUROPA CONFERENCE LEAGUE,Vikingur Reykjavik,Borac Banja Luka,4.4,0.8823405108464654,1.1040414161782868,0.3264958357998367,,0.22727272727272727,APOSTA,APROVADO,0.4382,2026-08-21T18:13:04.320773
2026-08-20,EUROPA LEAGUE,Crvena Zvezda,Plzen,4.3,0.9114977446377612,0.6,0.09999999999999998,,0.23255813953488372,APOSTA,APROVADO,0.5739,2026-08-21T18:13:04.357483
2026-08-20,EUROPA CONFERENCE LEAGUE,Sion,Ajax,4.4,0.8698992069175884,0.870471554799636,0.08157690447072669,,0.22727272727272727,APOSTA,APROVADO,0.3841,2026-08-21T18:13:04.447741
2026-08-20,EUROPA CONFERENCE LEAGUE,Gent,Hibernian,3.95,0.8537051469812249,0.9380572955263806,0.23805729552638066,,0.2531645569620253,APOSTA,APROVADO,0.3795,2026-08-21T18:13:04.510348
2026-08-20,EUROPA CONFERENCE LEAGUE,Lugano,Maccabi Tel Aviv,4.2,0.8379673931712144,0.6473171366244437,0.2746696901727485,,0.23809523809523808,APOSTA,APROVADO,0.2776,2026-08-21T18:13:04.539983
2026-08-20,EUROPA CONFERENCE LEAGUE,Dinamo Tirana,Pafos FC,3.55,0.8456573082085725,0.6,0.09999999999999998,,0.28169014084507044,APOSTA,APROVADO,0.4098,2026-08-21T18:13:04.773941
2026-08-20,COPA LIBERTADORES,LDU,Mirassol,4.1,0.8589000649651437,0.45474681875512085,0.2452531812448791,,0.24390243902439027,APOSTA,APROVADO,0.3785,2026-08-21T18:13:04.998601
2026-08-20,COLOMBIA 2,Real Cartagena,Bogota,4.5,0.9182741673909576,0.6,0.09999999999999998,,0.2222222222222222,APOSTA,APROVADO,0.5863,2026-08-21T18:13:05.110394
2026-08-20,MEXICO 2,Venados FC,Dorados,4.5,0.9182741673909576,0.6,0.09999999999999998,,0.2222222222222222,APOSTA,APROVADO,0.5863,2026-08-21T18:13:05.145045
2026-08-20,MEXICO 2,Club Atletico Morelia,Correcaminos UAT,4.5,0.9182741673909576,0.6,0.09999999999999998,,0.2222222222222222,APOSTA,APROVADO,0.5863,2026-08-21T18:13:05.281809
2026-08-01,ROMANIA 2,Bihor Oradea,Unirea Slobozia,3.8,0.846790432819976,0.48449757759875944,0.21550242240124054,,0.2631578947368421,APOSTA,APROVADO,0.3755,2026-08-21T18:13:41.913238
2026-08-01,ROMANIA 2,CS Gloria 2018 Bistrita-Nasaud,CSC 1599 Selimbar,3.75,0.8542684127167753,0.6,0.09999999999999998,,0.26666666666666666,APOSTA,APROVADO,0.4108,2026-08-21T18:13:41.977217
2026-08-01,ROMANIA 2,CSM Ramnicu-Valcea,Gloria Popesti-Leordeni,3.9,0.8881644113044278,0.6,0.09999999999999998,,0.25641025641025644,APOSTA,APROVADO,0.5194,2026-08-21T18:13:42.011646
2026-08-01,UKRAINE 1,Fc Kharkiv,Veres Rivne,4.5,0.9182741673909576,0.6,0.09999999999999998,,0.2222222222222222,APOSTA,APROVADO,0.5863,2026-08-21T18:13:42.698774
2026-08-01,SCOTLAND 2,Raith,Stenhousemuir,4.5,0.8834585289514866,0.6,0.09999999999999998,0.32,0.2222222222222222,APOSTA,APROVADO,0.4314,2026-08-21T18:13:43.277355
2026-08-01,SCOTLAND 3,Alloa,East Fife,3.95,0.8881644113044278,0.6,0.09999999999999998,,0.2531645569620253,APOSTA,APROVADO,0.5138,2026-08-21T18:13:43.306019
2026-08-01,SCOTLAND 3,East Kilbride,Queen of South,4.5,0.9182741673909576,0.6,0.09999999999999998,,0.2222222222222222,APOSTA,APROVADO,0.5863,2026-08-21T18:13:43.365782
2026-08-01,SCOTLAND 3,Peterhead,Ross Co,4.3,0.9114977446377612,0.6,0.09999999999999998,,0.23255813953488372,APOSTA,APROVADO,0.5739,2026-08-21T18:13:43.429166
2026-08-01,SCOTLAND 4,Edinburgh City,Elgin City FC,4.1,0.8881644113044278,0.6,0.09999999999999998,,0.24390243902439027,APOSTA,APROVADO,0.4971,2026-08-21T18:13:43.518673
2026-08-01,SWITZERLAND 1,FC Basel,Lausanne,4.1,0.851481208666535,0.6,0.09999999999999998,0.27,0.24390243902439027,APOSTA,APROVADO,0.3485,2026-08-21T18:13:44.295344
2026-08-01,AUSTRIA 2,First Vienna Fc 1894,SK Sturm Graz II,4.5,0.8497595812850051,0.6,0.09999999999999998,0.35,0.2222222222222222,APOSTA,APROVADO,0.2814,2026-08-21T18:13:44.346300
2026-08-01,SERBIA 2,FK Jedinstvo Ub,Metalac Gornji Milanovac,3.9,0.8498301465503566,0.6,0.09999999999999998,0.28,0.25641025641025644,APOSTA,APROVADO,0.3718,2026-08-21T18:13:44.759594
2026-08-01,URUGUAY 1,Deportivo Maldonado,Juventud De Las Piedras,4.0,0.8881644113044278,0.6,0.09999999999999998,,0.25,APOSTA,APROVADO,0.5082,2026-08-21T18:13:44.878188
2026-08-01,COLOMBIA 1,Deportivo Pasto,Aguilas Doradas,3.45,0.8338091861502696,0.6,0.09999999999999998,,0.2898550724637681,APOSTA,APROVADO,0.385,2026-08-21T18:13:45.284669
2026-08-01,COLOMBIA 2,Boca Juniors de Cali,Tigres FC Zipaquira,3.7,0.8607357810793935,0.6,0.09999999999999998,,0.27027027027027023,APOSTA,APROVADO,0.4417,2026-08-21T18:13:45.507814
2026-08-01,PARAGUAY 1,Cerro Porteno,Sportivo Luqueno,4.2,0.8881644113044278,0.6,0.09999999999999998,,0.23809523809523808,APOSTA,APROVADO,0.4859,2026-08-21T18:13:45.723272
2026-08-01,URUGUAY 1,Penarol,Cerro Largo FC,4.2,0.8881644113044278,0.6,0.09999999999999998,,0.23809523809523808,APOSTA,APROVADO,0.4859,2026-08-21T18:13:45.756474
2026-08-01,MEXICO 2,Cancun FC,Universidad Guadalajara,3.95,0.8881644113044278,0.6,0.09999999999999998,,0.2531645569620253,APOSTA,APROVADO,0.5138,2026-08-21T18:13:46.314461
2026-08-02,SWITZERLAND 1,FC Vaduz,St Gallen,4.4,0.8746050892705295,1.029178699175393,0.329178699175393,0.27,0.22727272727272727,APOSTA,APROVADO,0.4045,2026-08-21T18:13:50.210662
2026-08-02,ROMANIA 2,CSA Steaua Bucuresti,CSM Slatina,4.2,0.8881644113044278,0.6,0.09999999999999998,,0.23809523809523808,APOSTA,APROVADO,0.4859,2026-08-21T18:13:50.344794
2026-08-02,SLOVAKIA 1,Zemplin,Zilina,4.4,0.9182741673909576,0.6,0.09999999999999998,,0.22727272727272727,APOSTA,APROVADO,0.5945,2026-08-21T18:13:51.132107
2026-08-02,URUGUAY 1,Racing Club (Uru),Boston River,3.8,0.8881644113044278,0.6,0.09999999999999998,,0.2631578947368421,APOSTA,APROVADO,0.5306,2026-08-21T18:13:51.160700
2026-08-02,AUSTRIA 1,Rapid Vienna,SCR Altach,4.1,0.8498301465503566,0.6,0.09999999999999998,0.29,0.24390243902439027,APOSTA,APROVADO,0.3418,2026-08-21T18:13:51.694942
2026-08-02,PARAGUAY 1,Olimpia,Rubio Nu,4.2,0.8881644113044278,0.6,0.09999999999999998,,0.23809523809523808,APOSTA,APROVADO,0.4859,2026-08-21T18:13:52.631066
2026-08-02,PERU 1,Cesar Vallejo Moquegua,Melgar,3.65,0.8456573082085725,0.6,0.09999999999999998,,0.273972602739726,APOSTA,APROVADO,0.3944,2026-08-21T18:13:52.783042
2026-08-02,COLOMBIA 1,Jaguares de Cordoba,Atletico Nacional Medellin,4.3,0.9114977446377612,0.6,0.09999999999999998,,0.23255813953488372,APOSTA,APROVADO,0.5739,2026-08-21T18:13:52.817624
2026-08-02,VENEZUELA 1,Zamora FC,Rayo Zuliano,3.9,0.8881644113044278,0.6,0.09999999999999998,,0.25641025641025644,APOSTA,APROVADO,0.5194,2026-08-21T18:13:52.877959
2026-08-02,COLOMBIA 2,Barranquilla,Atletico FC Cali,4.4,0.9182741673909576,0.6,0.09999999999999998,,0.22727272727272727,APOSTA,APROVADO,0.5945,2026-08-21T18:13:53.029684
2026-08-02,COLOMBIA 2,Internacional de Palmira,Bogota,3.95,0.8881644113044278,0.6,0.09999999999999998,,0.2531645569620253,APOSTA,APROVADO,0.5138,2026-08-21T18:13:53.062601
2026-08-03,UKRAINE 1,FC Bukovyna,LNZ-Lebedyn,3.5,0.8333630065629857,0.6,0.09999999999999998,,0.2857142857142857,APOSTA,APROVADO,0.3751,2026-08-21T18:13:56.104865
2026-08-03,FINLAND 1,SJK,HJK Helsinki,4.2,0.8881644113044278,0.6,0.09999999999999998,,0.23809523809523808,APOSTA,APROVADO,0.4859,2026-08-21T18:13:56.210367
2026-08-03,ENGLAND CUP,York City,Crawley Town,4.4,0.8830699386249055,0.5226983081197389,0.17730169188026104,,0.22727272727272727,APOSTA,APROVADO,0.4414,2026-08-21T18:13:56.647902
2026-08-03,PARAGUAY 1,Sportivo Trinidense,Sportivo San Lorenzo,4.2,0.8881644113044278,0.6,0.09999999999999998,,0.23809523809523808,APOSTA,APROVADO,0.4859,2026-08-21T18:13:56.780720
2026-08-03,PARAGUAY 1,Deportivo Recoleta,Nacional (Par),3.45,0.8333630065629857,0.6,0.09999999999999998,,0.2898550724637681,APOSTA,APROVADO,0.3834,2026-08-21T18:13:56.914801
2026-08-03,URUGUAY 1,Defensor Sporting,Cerro,3.8,0.8881644113044278,0.6,0.09999999999999998,,0.2631578947368421,APOSTA,APROVADO,0.5306,2026-08-21T18:13:57.013158
2026-08-03,VENEZUELA 1,Caracas,Estudiantes de Merida,3.6,0.8456573082085725,0.6,0.09999999999999998,,0.2777777777777778,APOSTA,APROVADO,0.4021,2026-08-21T18:13:57.043823
2026-08-03,COLOMBIA 1,Atletico Bucaramanga,Cucuta Deportivo,4.1,0.8881644113044278,0.6,0.09999999999999998,,0.24390243902439027,APOSTA,APROVADO,0.4971,2026-08-21T18:13:57.162738
2026-08-04,VENEZUELA 1,Universidad de Venezuela,Monagas,3.9,0.8881644113044278,0.6,0.09999999999999998,,0.25641025641025644,APOSTA,APROVADO,0.5194,2026-08-21T18:14:00.246644
2026-08-04,VENEZUELA 1,Deportivo Tachira,Portuguesa FC,4.5,0.9182741673909576,0.6,0.09999999999999998,,0.2222222222222222,APOSTA,APROVADO,0.5863,2026-08-21T18:14:00.280762
2026-08-04,COLOMBIA 1,Tolima,Ind Medellin,3.4,0.8333630065629857,0.6,0.09999999999999998,,0.29411764705882354,APOSTA,APROVADO,0.3918,2026-08-21T18:14:00.316062
2026-08-05,ROMANIA 2,ACS Dumbravita,CSM Satu Mare,4.2,0.8881644113044278,0.6,0.09999999999999998,,0.23809523809523808,APOSTA,APROVADO,0.4859,2026-08-21T18:14:02.768383
2026-08-05,EUROPA CONFERENCE LEAGUE,Brann,Apollon Limassol,4.4,0.8881644113044278,0.4892443963538803,0.010755603646119688,,0.22727272727272727,APOSTA,APROVADO,0.4635,2026-08-21T18:14:02.828036
2026-08-05,EUROPA LEAGUE,Ferencvaros,Gornik Zabrze,4.1,0.8823405108464654,1.071515220632537,0.3590220313455865,,0.24390243902439027,APOSTA,APROVADO,0.4735,2026-08-21T18:14:02.935494
2026-08-05,VENEZUELA 1,Deportivo La Guaira,Metropolitanos,3.55,0.8456573082085725,0.6,0.09999999999999998,,0.28169014084507044,APOSTA,APROVADO,0.4098,2026-08-21T18:14:03.114412
2026-08-05,URUGUAY 1,Penarol,Wanderers (Uru),3.85,0.8881644113044278,0.6,0.09999999999999998,,0.2597402597402597,APOSTA,APROVADO,0.525,2026-08-21T18:14:03.170617
2026-08-05,COLOMBIA 1,Internacional de Bogotá,Jaguares de Cordoba,4.5,0.9182741673909576,0.6,0.09999999999999998,,0.2222222222222222,APOSTA,APROVADO,0.5863,2026-08-21T18:14:03.202940
2026-08-05,COLOMBIA 1,Deportivo Pereira,Santa Fe,3.45,0.8461034877958564,0.6,0.09999999999999998,,0.2898550724637681,APOSTA,APROVADO,0.4268,2026-08-21T18:14:03.231567
2026-08-06,EUROPA CONFERENCE LEAGUE,FC Inter,FC Vaduz,4.1,0.8881644113044278,0.6,0.09999999999999998,,0.24390243902439027,APOSTA,APROVADO,0.4971,2026-08-21T18:14:05.922061
2026-08-06,EUROPA CONFERENCE LEAGUE,FK Jablonec,Rigas Futbola Skola,3.85,0.8881644113044278,0.6,0.09999999999999998,,0.2597402597402597,APOSTA,APROVADO,0.525,2026-08-21T18:14:06.008511
2026-08-06,EUROPA LEAGUE,Maccabi Tel Aviv,CSKA Sofia,3.5,0.8640753064596259,0.9545130223429419,0.312870420693728,,0.2857142857142857,APOSTA,APROVADO,0.4811,2026-08-21T18:14:06.118567
2026-08-06,EUROPA CONFERENCE LEAGUE,Debreceni VSC,FC Copenhagen,4.4,0.9182741673909576,0.6,0.09999999999999998,,0.22727272727272727,APOSTA,APROVADO,0.5945,2026-08-21T18:14:06.181470
2026-08-06,EUROPA CONFERENCE LEAGUE,FK Riga,Gyori,4.0,0.8881644113044278,0.6,0.09999999999999998,,0.25,APOSTA,APROVADO,0.5082,2026-08-21T18:14:06.247331
2026-08-06,EUROPA CONFERENCE LEAGUE,Sheriff Tiraspol,St Gallen,4.0,0.8615523375818807,1.029178699175393,0.329178699175393,,0.25,APOSTA,APROVADO,0.4031,2026-08-21T18:14:06.356698
2026-08-06,EUROPA CONFERENCE LEAGUE,VMFD Zalgiris,Hajduk Split,3.85,0.8451393707037974,0.4315769044707266,0.26842309552927335,,0.2597402597402597,APOSTA,APROVADO,0.3615,2026-08-21T18:14:06.386800
2026-08-06,EUROPA LEAGUE,PAOK,Anderlecht,4.2,0.8890352174651769,0.710993413398596,0.21099341339859606,,0.23809523809523808,APOSTA,APROVADO,0.4895,2026-08-21T18:14:06.577903
2026-08-06,EUROPA CONFERENCE LEAGUE,Borac Banja Luka,ML Vitebsk,4.0,0.8760434554389365,0.8605218072339408,0.3605218072339408,,0.25,APOSTA,APROVADO,0.4604,2026-08-21T18:14:06.732879
2026-08-06,COLOMBIA 2,Real Soacha Cundinamarca FC,Boca Juniors de Cali,3.7,0.8608653925577612,0.6,0.09999999999999998,,0.27027027027027023,APOSTA,APROVADO,0.4422,2026-08-21T18:14:06.961387
2026-08-06,COLOMBIA 2,Bogota,Leones FC,3.75,0.8542684127167753,0.6,0.09999999999999998,,0.26666666666666666,APOSTA,APROVADO,0.4108,2026-08-21T18:14:07.241636
2026-08-06,VENEZUELA 1,Puerto Cabello,Caracas,3.95,0.8881644113044278,0.6,0.09999999999999998,,0.2531645569620253,APOSTA,APROVADO,0.5138,2026-08-21T18:14:07.330794
2026-08-06,MEXICO 2,Universidad Guadalajara,Correcaminos UAT,3.8,0.8881644113044278,0.6,0.09999999999999998,,0.2631578947368421,APOSTA,APROVADO,0.5306,2026-08-21T18:14:07.449798
2026-08-07,CZECH 1,Vysocina Jihlava,FK Pribram,3.9,0.8534862400395051,0.6444473251644547,0.14444732516445463,0.23,0.25641025641025644,APOSTA,APROVADO,0.3859,2026-08-21T18:14:10.717598
2026-08-07,CZECH 1,FC Sellier & Bellot Vlasim,Zizkov,4.1,0.8660955490216018,0.6,0.09999999999999998,0.23,0.24390243902439027,APOSTA,APROVADO,0.4077,2026-08-21T18:14:10.828947
2026-08-07,CZECH 1,Prostejov,MFK Karvina,4.2,0.8456247287647451,0.5764958357998367,0.07649583579983665,0.23,0.23809523809523808,APOSTA,APROVADO,0.3093,2026-08-21T18:14:10.872764
2026-08-07,CZECH 1,Usti Nad Labem,Arsenal Ceska Lipa,4.4,0.8640753064596259,0.9652686259890617,0.4652686259890617,0.23,0.22727272727272727,APOSTA,APROVADO,0.3587,2026-08-21T18:14:10.942215
2026-08-07,FINLAND 1,SJK,Gnistan,4.1,0.8881644113044278,0.6,0.09999999999999998,,0.24390243902439027,APOSTA,APROVADO,0.4971,2026-08-21T18:14:11.020187
2026-08-07,AUSTRIA 2,FC Liefering,WSC Hertha Wels,4.4,0.8493134016977212,0.6,0.09999999999999998,0.35,0.22727272727272727,APOSTA,APROVADO,0.2945,2026-08-21T18:14:11.099353
2026-08-07,AUSTRIA 1,SCR Altach,WSG Wattens,4.1,0.8498301465503566,0.6,0.09999999999999998,0.29,0.24390243902439027,APOSTA,APROVADO,0.3418,2026-08-21T18:14:11.397777
2026-08-07,PERU 1,Sport Huancayo,CD Los Chankas,4.5,0.9182741673909576,0.6,0.09999999999999998,,0.2222222222222222,APOSTA,APROVADO,0.5863,2026-08-21T18:14:11.707825
2026-08-07,WALES 1,Caernarfon Town,Penybont FC,3.9,0.8881644113044278,0.6,0.09999999999999998,,0.25641025641025644,APOSTA,APROVADO,0.5194,2026-08-21T18:14:12.562846
2026-08-07,WALES 1,Trefelin,Llandudno FC,4.2,0.8881644113044278,0.6,0.09999999999999998,,0.23809523809523808,APOSTA,APROVADO,0.4859,2026-08-21T18:14:12.709116
2026-08-07,PERU 1,Comerciantes Unidos,Cusco FC,3.9,0.8881644113044278,0.6,0.09999999999999998,,0.25641025641025644,APOSTA,APROVADO,0.5194,2026-08-21T18:14:12.935202
2026-08-07,PERU 1,Universitario de Deportes,Sporting Cristal,3.7,0.8608653925577612,0.6,0.09999999999999998,,0.27027027027027023,APOSTA,APROVADO,0.4422,2026-08-21T18:14:13.415674
2026-08-08,ROMANIA 2,CSC 1599 Selimbar,Politehnica Timisoara,4.2,0.8881644113044278,0.6,0.09999999999999998,,0.23809523809523808,APOSTA,APROVADO,0.4859,2026-08-21T18:14:16.545472
2026-08-08,ROMANIA 2,CSM Satu Mare,CSM Scolar Resita,3.95,0.8881644113044278,0.6,0.09999999999999998,,0.2531645569620253,APOSTA,APROVADO,0.5138,2026-08-21T18:14:16.606396
2026-08-08,JAPAN 1,Kashiwa,Mito,4.3,0.8834585289514866,0.6,0.09999999999999998,0.29,0.23255813953488372,APOSTA,APROVADO,0.4547,2026-08-21T18:14:16.866403
2026-08-08,PORTUGAL 2,Chaves,Academica,3.55,0.8447230894523343,0.6,0.09999999999999998,0.2,0.28169014084507044,APOSTA,APROVADO,0.4065,2026-08-21T18:14:17.047302
2026-08-08,UKRAINE 1,Chernomorets Odesa,Kolos Kovalyovka,3.4,0.8333630065629857,0.6,0.09999999999999998,,0.29411764705882354,APOSTA,APROVADO,0.3918,2026-08-21T18:14:17.084584
2026-08-08,GERMANY 2,FC Heidenheim,VfL Osnabruck,4.4,0.8834585289514866,0.6,0.09999999999999998,0.25,0.22727272727272727,APOSTA,APROVADO,0.443,2026-08-21T18:14:17.454249
2026-08-08,GERMANY 2,FC Magdeburg,Braunschweig,4.3,0.8834585289514866,0.6,0.09999999999999998,0.25,0.23255813953488372,APOSTA,APROVADO,0.4547,2026-08-21T18:14:17.487924
2026-08-08,ENGLAND CUP,Cambridge Utd,Barnet,3.95,0.8779506593461404,1.1636762767741524,0.46367627677415246,,0.2531645569620253,APOSTA,APROVADO,0.474,2026-08-21T18:14:17.867224
2026-08-08,ENGLAND CUP,Bradford,Rochdale,4.5,0.8830699386249055,0.48449757759875944,0.21550242240124054,,0.2222222222222222,APOSTA,APROVADO,0.4297,2026-08-21T18:14:18.425511
2026-08-08,ENGLAND CUP,Crewe,Accrington,3.95,0.8881644113044278,0.6,0.09999999999999998,,0.2531645569620253,APOSTA,APROVADO,0.5138,2026-08-21T18:14:18.618284
2026-08-08,ENGLAND CUP,Derby,Lincoln,4.1,0.8881644113044278,0.6,0.09999999999999998,,0.24390243902439027,APOSTA,APROVADO,0.4971,2026-08-21T18:14:18.653149
2026-08-08,ENGLAND CUP,Gillingham,Luton,4.3,0.8527709282249869,0.7074296821306771,0.20742968213067714,,0.23255813953488372,APOSTA,APROVADO,0.3243,2026-08-21T18:14:18.734533
2026-08-08,ENGLAND CUP,Stockport,Doncaster,4.4,0.9182741673909576,0.6,0.09999999999999998,,0.22727272727272727,APOSTA,APROVADO,0.5945,2026-08-21T18:14:18.971211
2026-08-08,ENGLAND 5,Altrincham,Southend,4.3,0.9114977446377612,0.6,0.09999999999999998,,0.23255813953488372,APOSTA,APROVADO,0.5739,2026-08-21T18:14:19.124746
2026-08-08,ENGLAND 5,Boston Utd,Aldershot,4.2,0.8881644113044278,0.6,0.09999999999999998,,0.23809523809523808,APOSTA,APROVADO,0.4859,2026-08-21T18:14:19.172711
2026-08-08,ENGLAND 5,Forest Green,FC Halifax Town,4.5,0.9182741673909576,0.6,0.09999999999999998,,0.2222222222222222,APOSTA,APROVADO,0.5863,2026-08-21T18:14:19.259618
2026-08-08,ENGLAND 5,Harrogate Town,Solihull Moors,4.3,0.8506644113044277,0.4717490170447157,0.02825098295528425,,0.23255813953488372,APOSTA,APROVADO,0.3153,2026-08-21T18:14:19.296520
2026-08-08,ENGLAND 5,Scunthorpe,Yeovil,4.3,0.9114977446377612,0.6,0.09999999999999998,,0.23255813953488372,APOSTA,APROVADO,0.5739,2026-08-21T18:14:19.393669
2026-08-08,SCOTLAND 3,Hamilton,Alloa,4.2,0.8881644113044278,0.6,0.09999999999999998,,0.23809523809523808,APOSTA,APROVADO,0.4859,2026-08-21T18:14:19.827985
2026-08-08,SCOTLAND 4,Dumbarton,Clyde,4.0,0.8881644113044278,0.6,0.09999999999999998,,0.25,APOSTA,APROVADO,0.5082,2026-08-21T18:14:19.929770
2026-08-08,SCOTLAND 4,Elgin City FC,Forfar,3.9,0.8881644113044278,0.6,0.09999999999999998,,0.25641025641025644,APOSTA,APROVADO,0.5194,2026-08-21T18:14:19.961577
2026-08-08,SCOTLAND 4,Kelty Hearts,Stirling,3.9,0.8881644113044278,0.6,0.09999999999999998,,0.25641025641025644,APOSTA,APROVADO,0.5194,2026-08-21T18:14:19.987041
2026-08-08,CZECH 1,Teplice,Plzen,3.9,0.8319686389964804,0.6444473251644547,0.14444732516445463,0.23,0.25641025641025644,APOSTA,APROVADO,0.3031,2026-08-21T18:14:20.352411
2026-08-08,UKRAINE 1,FC Bukovyna,Obolon-Brovar Kiev,3.6,0.8456573082085725,0.6,0.09999999999999998,,0.2777777777777778,APOSTA,APROVADO,0.4021,2026-08-21T18:14:20.444230
2026-08-08,AUSTRIA 2,SK Sturm Graz II,Floridsdorfer AC,4.3,0.8354718239777785,0.8925703178693227,0.19257031786932277,0.35,0.23255813953488372,APOSTA,APROVADO,0.2508,2026-08-21T18:14:20.503326
2026-08-08,ESTONIA 1,Trans Narva,Nomme Kalju,4.5,0.8897981151253846,0.7580727402705634,0.05807274027056336,0.19,0.2222222222222222,APOSTA,APROVADO,0.4596,2026-08-21T18:14:20.679213
2026-08-08,FINLAND 1,Jaro,VPS,3.9,0.8881644113044278,0.6,0.09999999999999998,,0.25641025641025644,APOSTA,APROVADO,0.5194,2026-08-21T18:14:20.714616
2026-08-08,ENGLAND CUP,Cheltenham,Charlton,4.3,0.9114977446377612,0.6,0.09999999999999998,,0.23255813953488372,APOSTA,APROVADO,0.5739,2026-08-21T18:14:21.049029
2026-08-08,PORTUGAL 2,Tondela,Amarante,4.3,0.8683080338630006,0.9937534053565246,0.2937534053565246,0.2,0.23255813953488372,APOSTA,APROVADO,0.3903,2026-08-21T18:14:21.223736
2026-08-08,PERU 1,UTC Cajamarca,Asociacion Deportiva Tarma,3.95,0.8881644113044278,0.6,0.09999999999999998,,0.2531645569620253,APOSTA,APROVADO,0.5138,2026-08-21T18:14:21.478213
2026-08-08,BELGIUM 1,Westerlo,Union St Gilloise,4.2,0.8551373021556836,0.6,0.09999999999999998,0.24,0.23809523809523808,APOSTA,APROVADO,0.3488,2026-08-21T18:14:21.863575
2026-08-08,CROATIA 1,Lokomotiva,HNK Gorica,3.85,0.851481208666535,0.6,0.09999999999999998,0.26,0.2597402597402597,APOSTA,APROVADO,0.3856,2026-08-21T18:14:22.541006
2026-08-08,VENEZUELA 1,Monagas,Carabobo FC,3.85,0.8881644113044278,0.6,0.09999999999999998,,0.2597402597402597,APOSTA,APROVADO,0.525,2026-08-21T18:14:22.778113
2026-08-08,COLOMBIA 1,Fortaleza FC,Cucuta Deportivo,3.9,0.8881644113044278,0.6,0.09999999999999998,,0.25641025641025644,APOSTA,APROVADO,0.5194,2026-08-21T18:14:22.904489
2026-08-08,PARAGUAY 1,Club 2 de Mayo,Olimpia,3.65,0.8456573082085725,0.6,0.09999999999999998,,0.273972602739726,APOSTA,APROVADO,0.3944,2026-08-21T18:14:23.085166
2026-08-08,COLOMBIA 1,Tolima,Internacional de Bogotá,4.1,0.8881644113044278,0.6,0.09999999999999998,,0.24390243902439027,APOSTA,APROVADO,0.4971,2026-08-21T18:14:23.236640
2026-08-08,MEXICO 2,Club Atletico Morelia,Cancun FC,3.8,0.8881644113044278,0.6,0.09999999999999998,,0.2631578947368421,APOSTA,APROVADO,0.5306,2026-08-21T18:14:23.557851
2026-08-08,PERU 1,Sport Boys (Per),Alianza Lima,3.7,0.8459738763174889,0.6,0.09999999999999998,,0.27027027027027023,APOSTA,APROVADO,0.3878,2026-08-21T18:14:23.587971
2026-08-09,BELGIUM 1,Gent,Yellow-Red Mechelen,3.8,0.8456573082085725,0.6,0.09999999999999998,0.24,0.2631578947368421,APOSTA,APROVADO,0.3712,2026-08-21T18:14:28.233981
2026-08-09,POLAND 2,LKS Lodz,Chrobry Glogow,4.2,0.8881644113044278,0.6,0.09999999999999998,0.23,0.23809523809523808,APOSTA,APROVADO,0.4859,2026-08-21T18:14:28.714664
2026-08-09,ROMANIA 2,Chindia Targoviste,FC Metaloglobus Bucuresti,4.5,0.8556807511737089,0.42269830811973896,0.07730169188026106,,0.2222222222222222,APOSTA,APROVADO,0.3078,2026-08-21T18:14:28.965751
2026-08-09,BELGIUM 1,Charleroi,Oud-Heverlee Leuven,3.8,0.8456573082085725,0.6,0.09999999999999998,0.24,0.2631578947368421,APOSTA,APROVADO,0.3712,2026-08-21T18:14:29.003229
2026-08-09,FINLAND 1,FC Inter,Lahti,3.75,0.8542684127167753,0.6,0.09999999999999998,,0.26666666666666666,APOSTA,APROVADO,0.4108,2026-08-21T18:14:29.141511
2026-08-09,SCOTLAND 1,Hearts,Dundee Utd,4.4,0.8505784220860326,0.9652686259890617,0.4652686259890617,0.22,0.22727272727272727,APOSTA,APROVADO,0.3,2026-08-21T18:14:29.191660
2026-08-09,URUGUAY 1,Danubio,Cerro,3.35,0.8333630065629857,0.6,0.09999999999999998,,0.29850746268656714,APOSTA,APROVADO,0.4001,2026-08-21T18:14:29.257557
2026-08-09,PORTUGAL 2,AVS Futebol SAD,Sporting Lisbon B,3.6,0.8447230894523343,0.6,0.09999999999999998,0.2,0.2777777777777778,APOSTA,APROVADO,0.3988,2026-08-21T18:14:29.326638
2026-08-09,AUSTRIA 1,RZ Pellets WAC,Red Bull Salzburg,4.3,0.8834585289514866,0.6,0.09999999999999998,0.29,0.23255813953488372,APOSTA,APROVADO,0.4547,2026-08-21T18:14:29.576740
2026-08-09,CZECH 1,FK Jablonec,Slovacko,4.2,0.8524385160029428,0.5226983081197389,0.17730169188026104,0.23,0.23809523809523808,APOSTA,APROVADO,0.3376,2026-08-21T18:14:29.633536
2026-08-09,ENGLAND CUP,Mansfield,Sheff Utd,3.95,0.8881644113044278,0.6,0.09999999999999998,,0.2531645569620253,APOSTA,APROVADO,0.5138,2026-08-21T18:14:29.695243
2026-08-09,NORWAY 2,Sandnes Ulf,Hodd,4.5,0.8827866904337492,0.883691721518335,0.38369172151833497,0.24,0.2222222222222222,APOSTA,APROVADO,0.4284,2026-08-21T18:14:29.823338
2026-08-09,DENMARK 1,AC Horsens,Brondby,4.4,0.8633189033189034,0.6,0.09999999999999998,0.31,0.22727272727272727,APOSTA,APROVADO,0.3554,2026-08-21T18:14:30.269164
2026-08-09,TURKEY 2,Sariyer G.K.,Muglaspor,3.7,0.8324287878067477,0.6,0.09999999999999998,0.23,0.27027027027027023,APOSTA,APROVADO,0.3384,2026-08-21T18:14:30.494870
2026-08-09,BOSNIA 1,Borac Banja Luka,Fk Velez Mostar,4.4,0.873402506542523,0.8605218072339408,0.3605218072339408,0.27,0.22727272727272727,APOSTA,APROVADO,0.3993,2026-08-21T18:14:30.574634
2026-08-09,PERU 1,Deportivo Garcilaso,Cesar Vallejo Moquegua,4.2,0.8881644113044278,0.6,0.09999999999999998,,0.23809523809523808,APOSTA,APROVADO,0.4859,2026-08-21T18:14:31.197394
2026-08-09,TURKEY 2,Van Buyuksehir Belediyespor,Kayserispor,4.4,0.8540192840506624,0.35,0.35,0.23,0.22727272727272727,APOSTA,APROVADO,0.315,2026-08-21T18:14:31.545189
2026-08-09,PORTUGAL 1,Moreirense,Braga,4.3,0.8493134016977212,0.6,0.09999999999999998,0.33,0.23255813953488372,APOSTA,APROVADO,0.3096,2026-08-21T18:14:32.076626
2026-08-09,VENEZUELA 1,Trujillanos,Deportivo Tachira,3.9,0.8881644113044278,0.6,0.09999999999999998,,0.25641025641025644,APOSTA,APROVADO,0.5194,2026-08-21T18:14:32.165758
2026-08-09,CHILE 1,Universidad de Chile,Palestino,4.4,0.8551373021556836,0.878944902763214,0.17894490276321406,0.28,0.22727272727272727,APOSTA,APROVADO,0.3198,2026-08-21T18:14:32.854558
2026-08-10,UKRAINE 1,Polissya Zhytomyr,Fc Kharkiv,3.6,0.8456573082085725,0.6,0.09999999999999998,,0.2777777777777778,APOSTA,APROVADO,0.4021,2026-08-21T18:14:36.198433
2026-08-10,NETHERLANDS 2,Jong AZ Alkmaar,FC Eindhoven,4.5,0.8881644113044278,0.6,0.09999999999999998,0.22,0.2222222222222222,APOSTA,APROVADO,0.4523,2026-08-21T18:14:36.580581
2026-08-11,EUROPA LEAGUE,FC Iberia 1999,Larne,3.95,0.9188514828810259,1.0466740784845574,0.34667407848455745,,0.2531645569620253,APOSTA,APROVADO,0.6335,2026-08-21T18:14:39.414806
2026-08-11,COLOMBIA 1,Aguilas Doradas,Llaneros FC,3.8,0.8881644113044278,0.6,0.09999999999999998,,0.2631578947368421,APOSTA,APROVADO,0.5306,2026-08-21T18:14:39.949111
2026-08-11,COPA LIBERTADORES,Fluminense,Independiente Rivadavia,3.7,0.8683080338630006,0.5317203394653254,0.023169914284394244,,0.27027027027027023,APOSTA,APROVADO,0.4693,2026-08-21T18:14:39.984455
2026-08-11,COLOMBIA 2,Boyaca Patriotas,Orsomarso,4.3,0.9182741673909576,0.6,0.09999999999999998,,0.23255813953488372,APOSTA,APROVADO,0.6027,2026-08-21T18:14:40.183470
2026-08-11,COPA LIBERTADORES,Estudiantes,Univ Catolica (Chile),3.65,0.8698992069175884,0.25,0.25,,0.273972602739726,APOSTA,APROVADO,0.4816,2026-08-21T18:14:40.292448
2026-08-11,COLOMBIA 2,Boca Juniors de Cali,Union Magdalena,3.45,0.8461034877958564,0.6,0.09999999999999998,,0.2898550724637681,APOSTA,APROVADO,0.4268,2026-08-21T18:14:40.390478
2026-08-12,COPA SUDAMERICANA,Tigre,Torque,3.3,0.8615499146488,1.1155024224012404,0.6155024224012405,,0.30303030303030304,APOSTA,APROVADO,0.5,2026-08-21T18:14:43.432157
2026-08-12,COPA SUDAMERICANA,Santa Fe,River Plate,3.3,0.8966292606588038,0.35,0.35,,0.30303030303030304,APOSTA,APROVADO,0.614,2026-08-21T18:14:43.597586
2026-08-13,EUROPA CONFERENCE LEAGUE,Ilves,Rijeka,3.75,0.8636349341715196,0.6764958357998366,0.023504164200163324,,0.26666666666666666,APOSTA,APROVADO,0.4454,2026-08-21T18:14:46.005097
2026-08-13,EUROPA CONFERENCE LEAGUE,Qarabag FK,Dynamo Kiev,4.0,0.8881644113044278,0.6,0.09999999999999998,,0.25,APOSTA,APROVADO,0.5082,2026-08-21T18:14:46.035686
2026-08-13,EUROPA CONFERENCE LEAGUE,Tallinna FC Flora,Inter Club Escaldes,4.1,0.8551373021556836,0.43632372322584756,0.06367627677415244,,0.24390243902439027,APOSTA,APROVADO,0.3633,2026-08-21T18:14:46.069689
2026-08-13,EUROPA CONFERENCE LEAGUE,Dunajska Streda,FC Twente,4.3,0.9114977446377612,0.6,0.09999999999999998,,0.23255813953488372,APOSTA,APROVADO,0.5739,2026-08-21T18:14:46.187829
2026-08-13,EUROPA CONFERENCE LEAGUE,Hammarby,Rakow Czestochowa,4.3,0.844725512385415,0.6409779686544135,0.37198281345689455,,0.23255813953488372,APOSTA,APROVADO,0.2901,2026-08-21T18:14:46.246889
2026-08-13,EUROPA CONFERENCE LEAGUE,FC Vaduz,FC Inter Turku,4.2,0.8881644113044278,0.6,0.09999999999999998,,0.23809523809523808,APOSTA,APROVADO,0.4859,2026-08-21T18:14:46.528843
2026-08-13,EUROPA CONFERENCE LEAGUE,Sion,FC Noah,4.3,0.9188514828810259,0.7260242296351813,0.22602422963518132,,0.23255813953488372,APOSTA,APROVADO,0.6051,2026-08-21T18:14:46.865731
2026-08-13,EUROPA CONFERENCE LEAGUE,Gent,IFK Goteborg,4.5,0.9052921608471276,0.6571958857184983,0.04280411428150166,,0.2222222222222222,APOSTA,APROVADO,0.5286,2026-08-21T18:14:46.937171
2026-08-13,EUROPA CONFERENCE LEAGUE,Dinamo Tirana,FK Auda,3.95,0.8881644113044278,0.6,0.09999999999999998,,0.2531645569620253,APOSTA,APROVADO,0.5138,2026-08-21T18:14:47.145783
2026-08-13,COPA LIBERTADORES,Mirassol,LDU,3.6,0.8598431845086247,0.5274451268748599,0.027445126874859838,,0.2777777777777778,APOSTA,APROVADO,0.4524,2026-08-21T18:14:47.366636
2026-08-13,MEXICO 2,Alebrijes De Oaxaca,CD Tepatitlan De Morelos,4.2,0.8881644113044278,0.6,0.09999999999999998,,0.23809523809523808,APOSTA,APROVADO,0.4859,2026-08-21T18:14:47.571152
2026-08-14,FINLAND 1,VPS,TPS,4.2,0.8881644113044278,0.6,0.09999999999999998,,0.23809523809523808,APOSTA,APROVADO,0.4859,2026-08-21T18:14:50.603796
2026-08-14,UKRAINE 1,FC Epicentr Dunaivtsi,Veres Rivne,3.65,0.8461034877958564,0.6,0.09999999999999998,,0.273972602739726,APOSTA,APROVADO,0.396,2026-08-21T18:14:50.636926
2026-08-14,CZECH 1,Dukla Prague,Slavia Praha B,4.3,0.8881644113044278,0.6,0.09999999999999998,0.23,0.23255813953488372,APOSTA,APROVADO,0.4747,2026-08-21T18:14:50.699886
2026-08-14,POLAND 2,Pogon Grodzisk Mazowiecki,Stal Rzeszow,4.4,0.8523682219344838,0.6764958357998366,0.023504164200163324,0.23,0.22727272727272727,APOSTA,APROVADO,0.3078,2026-08-21T18:14:50.779368
2026-08-14,TURKEY 2,Erokspor A.S,Sariyer G.K.,3.95,0.8598431845086247,0.6,0.09999999999999998,0.23,0.2531645569620253,APOSTA,APROVADO,0.4034,2026-08-21T18:14:51.826735
2026-08-14,ENGLAND 2,Wolves,Blackburn,4.4,0.8493134016977212,0.6,0.09999999999999998,0.33,0.22727272727272727,APOSTA,APROVADO,0.2945,2026-08-21T18:14:52.399817
2026-08-14,MEXICO 2,Correcaminos UAT,Tapatio,4.3,0.9114977446377612,0.6,0.09999999999999998,,0.23255813953488372,APOSTA,APROVADO,0.5739,2026-08-21T18:14:52.913727
2026-08-15,ROMANIA 2,Bihor Oradea,ASA Targu Mures,3.9,0.8881644113044278,0.6,0.09999999999999998,,0.25641025641025644,APOSTA,APROVADO,0.5194,2026-08-21T18:14:55.914207
2026-08-15,ROMANIA 2,FC Metaloglobus Bucuresti,CSC 1599 Selimbar,3.6,0.8456573082085725,0.6,0.09999999999999998,,0.2777777777777778,APOSTA,APROVADO,0.4021,2026-08-21T18:14:56.029086
2026-08-15,JAPAN 1,Kashima,Nagoya,3.85,0.8498301465503566,0.6,0.09999999999999998,0.29,0.2597402597402597,APOSTA,APROVADO,0.3794,2026-08-21T18:14:56.100475
2026-08-15,JAPAN 1,Okayama,Nagasaki,3.9,0.8498301465503566,0.6,0.09999999999999998,0.29,0.25641025641025644,APOSTA,APROVADO,0.3718,2026-08-21T18:14:56.282417
2026-08-15,JAPAN 1,Jef Utd Chiba,FC Machida,3.85,0.8498301465503566,0.6,0.09999999999999998,0.29,0.2597402597402597,APOSTA,APROVADO,0.3794,2026-08-21T18:14:56.378753
2026-08-15,JAPAN 1,Urawa,Hiroshima,3.8,0.8444524256796779,0.6,0.09999999999999998,0.29,0.2631578947368421,APOSTA,APROVADO,0.3667,2026-08-21T18:14:56.458568
2026-08-15,GERMANY 3,Fortuna Koln,Alemannia Aachen,4.4,0.9103866335266501,1.0957247874095342,0.3957247874095343,0.21,0.22727272727272727,APOSTA,APROVADO,0.5602,2026-08-21T18:14:57.387064
2026-08-15,CZECH 1,Arsenal Ceska Lipa,MFK Karvina,4.3,0.8881644113044278,0.6,0.09999999999999998,0.23,0.23255813953488372,APOSTA,APROVADO,0.4747,2026-08-21T18:14:57.930238
2026-08-15,DENMARK 2,HB Koge,Hvidovre,3.9,0.8431160805611043,0.5226983081197389,0.17730169188026104,,0.25641025641025644,APOSTA,APROVADO,0.346,2026-08-21T18:14:57.968534
2026-08-15,ENGLAND 5,Barrow,Hornchurch,4.3,0.8376346284935241,0.5274451268748599,0.027445126874859838,,0.23255813953488372,APOSTA,APROVADO,0.2599,2026-08-21T18:14:58.042950
2026-08-15,ENGLAND 5,FC Halifax Town,Boreham Wood,4.1,0.8881644113044278,0.6,0.09999999999999998,,0.24390243902439027,APOSTA,APROVADO,0.4971,2026-08-21T18:14:58.078806
2026-08-15,ENGLAND 5,Southend,Scunthorpe,4.2,0.8881644113044278,0.6,0.09999999999999998,,0.23809523809523808,APOSTA,APROVADO,0.4859,2026-08-21T18:14:58.220017
2026-08-15,ENGLAND 5,Sutton Utd,Altrincham,3.95,0.8881644113044278,0.6,0.09999999999999998,,0.2531645569620253,APOSTA,APROVADO,0.5138,2026-08-21T18:14:58.260074
2026-08-15,ENGLAND 5,Worthing,Forest Green,4.3,0.9114977446377612,0.6,0.09999999999999998,,0.23255813953488372,APOSTA,APROVADO,0.5739,2026-08-21T18:14:58.355435
2026-08-15,ENGLAND 5,Yeovil,Carlisle,3.95,0.8881644113044278,0.6,0.09999999999999998,,0.2531645569620253,APOSTA,APROVADO,0.5138,2026-08-21T18:14:58.395052
2026-08-15,ENGLAND 3,Bradford,Peterborough,4.4,0.8834585289514866,0.6,0.09999999999999998,0.27,0.22727272727272727,APOSTA,APROVADO,0.443,2026-08-21T18:14:58.663995
2026-08-15,ENGLAND 3,Huddersfield,AFC Wimbledon,4.4,0.851481208666535,0.6347313740109382,0.06526862598906175,0.27,0.22727272727272727,APOSTA,APROVADO,0.3039,2026-08-21T18:14:58.769755
2026-08-15,ENGLAND 4,Grimsby,Exeter,4.1,0.8660955490216018,0.6,0.09999999999999998,0.23,0.24390243902439027,APOSTA,APROVADO,0.4077,2026-08-21T18:14:59.201731
2026-08-15,SCOTLAND 3,Peterhead,East Fife,4.0,0.8881644113044278,0.6,0.09999999999999998,,0.25,APOSTA,APROVADO,0.5082,2026-08-21T18:14:59.606879
2026-08-15,UKRAINE 1,Karpaty,FC Bukovyna,3.9,0.8881644113044278,0.6,0.09999999999999998,,0.25641025641025644,APOSTA,APROVADO,0.5194,2026-08-21T18:15:00.198699
2026-08-15,SLOVAKIA 1,Dukla Banska Bystrica,Zilina,4.4,0.9182741673909576,0.6,0.09999999999999998,,0.22727272727272727,APOSTA,APROVADO,0.5945,2026-08-21T18:15:00.395998
2026-08-15,URUGUAY 1,Juventud De Las Piedras,Torque,3.9,0.8881644113044278,0.6,0.09999999999999998,,0.25641025641025644,APOSTA,APROVADO,0.5194,2026-08-21T18:15:00.624197
2026-08-15,CROATIA 1,NK Istra,Slaven Belupo,4.2,0.8834585289514866,0.6,0.09999999999999998,0.26,0.23809523809523808,APOSTA,APROVADO,0.4664,2026-08-21T18:15:00.763080
2026-08-15,AUSTRIA 1,Sturm Graz,SCR Altach,4.4,0.8598431845086247,0.4717490170447157,0.02825098295528425,0.29,0.22727272727272727,APOSTA,APROVADO,0.3403,2026-08-21T18:15:01.100777
2026-08-15,PERU 1,Asociacion Deportiva Tarma,Alianza Atletico,4.1,0.8881644113044278,0.6,0.09999999999999998,,0.24390243902439027,APOSTA,APROVADO,0.4971,2026-08-21T18:15:01.360179
2026-08-15,SAUDI ARABIA 1,Al-Ittihad,Al-Kholood Club,4.5,0.8359025065425231,0.8419272597294365,0.3419272597294365,0.23,0.2222222222222222,APOSTA,APROVADO,0.2198,2026-08-21T18:15:01.396174
2026-08-15,GERMANY 2,Kaiserslautern,Karlsruhe,4.1,0.843072027336156,0.9235041642001632,0.42350416420016324,0.25,0.24390243902439027,APOSTA,APROVADO,0.3144,2026-08-21T18:15:01.631078
2026-08-15,TURKEY 2,Manisa FK,Van Buyuksehir Belediyespor,4.2,0.8881644113044278,0.6,0.09999999999999998,0.23,0.23809523809523808,APOSTA,APROVADO,0.4859,2026-08-21T18:15:01.745001
2026-08-15,PARAGUAY 1,Guarani (Par),Rubio Nu,3.45,0.8391869070209482,0.6,0.09999999999999998,,0.2898550724637681,APOSTA,APROVADO,0.4032,2026-08-21T18:15:02.144789
2026-08-15,SPAIN 2,Mallorca,Valladolid,3.95,0.8687429265920124,0.6,0.09999999999999998,0.21,0.2531645569620253,APOSTA,APROVADO,0.4381,2026-08-21T18:15:02.335245
2026-08-15,VENEZUELA 1,Estudiantes de Merida,Academia Anzoategui FC,3.75,0.8619820322895657,0.6,0.09999999999999998,,0.26666666666666666,APOSTA,APROVADO,0.4393,2026-08-21T18:15:02.498452
2026-08-15,VENEZUELA 1,Portuguesa FC,Trujillanos,3.85,0.8881644113044278,0.6,0.09999999999999998,,0.2597402597402597,APOSTA,APROVADO,0.525,2026-08-21T18:15:03.001260
2026-08-15,COLOMBIA 1,Boyaca Chico,Junior FC Barranquilla,3.65,0.8619820322895657,0.6,0.09999999999999998,,0.273972602739726,APOSTA,APROVADO,0.4531,2026-08-21T18:15:03.460293
2026-08-16,GERMANY 2,Dynamo Dresden,SV Darmstadt,4.1,0.8372155474343662,1.1155024224012404,0.6155024224012405,0.25,0.24390243902439027,APOSTA,APROVADO,0.2907,2026-08-21T18:15:08.247436
2026-08-16,UKRAINE 1,FC Kharkiv,Shakhtar,3.95,0.8881644113044278,0.6,0.09999999999999998,,0.2531645569620253,APOSTA,APROVADO,0.5138,2026-08-21T18:15:08.591657
2026-08-16,ESTONIA 1,Trans Narva,Paide Linnameeskond,4.2,0.873402506542523,0.6,0.09999999999999998,0.19,0.23809523809523808,APOSTA,APROVADO,0.4246,2026-08-21T18:15:08.907809
2026-08-16,URUGUAY 1,Progreso,Deportivo Maldonado,3.6,0.8456573082085725,0.6,0.09999999999999998,,0.2777777777777778,APOSTA,APROVADO,0.4021,2026-08-21T18:15:09.008759
2026-08-16,SPAIN 2,Eibar,Tenerife,3.45,0.8307777256905691,0.6,0.09999999999999998,0.21,0.2898550724637681,APOSTA,APROVADO,0.3746,2026-08-21T18:15:09.845681
2026-08-16,UKRAINE 1,Dynamo Kiev,Kolos Kovalyovka,4.3,0.9114977446377612,0.6,0.09999999999999998,,0.23255813953488372,APOSTA,APROVADO,0.5739,2026-08-21T18:15:09.882574
2026-08-16,PERU 1,Sporting Cristal,Sport Huancayo,4.4,0.9182741673909576,0.6,0.09999999999999998,,0.22727272727272727,APOSTA,APROVADO,0.5945,2026-08-21T18:15:10.206415
2026-08-16,AUSTRIA 1,Rapid Vienna,Grazer AK,4.4,0.8598431845086247,0.6533259215154423,0.04667407848455757,0.29,0.22727272727272727,APOSTA,APROVADO,0.3403,2026-08-21T18:15:10.438401
2026-08-16,SPAIN 2,Girona,Leganes,4.3,0.8540192840506624,0.35,0.35,0.21,0.23255813953488372,APOSTA,APROVADO,0.3296,2026-08-21T18:15:10.675147
2026-08-16,BELGIUM 1,Lommel,Charleroi,4.2,0.8551373021556836,0.6,0.09999999999999998,0.24,0.23809523809523808,APOSTA,APROVADO,0.3488,2026-08-21T18:15:10.709334
2026-08-16,MEXICO 1,Pumas UNAM,Queretaro,3.9,0.8881644113044278,0.6,0.09999999999999998,,0.25641025641025644,APOSTA,APROVADO,0.5194,2026-08-21T18:15:11.027089
2026-08-16,CROATIA 1,HNK Gorica,Hajduk Split,4.3,0.8312968004787431,0.4315769044707266,0.26842309552927335,0.26,0.23255813953488372,APOSTA,APROVADO,0.233,2026-08-21T18:15:11.574176
2026-08-16,PARAGUAY 1,Sportivo Luqueno,Libertad,3.7,0.8314915979202097,0.45474681875512085,0.2452531812448791,,0.27027027027027023,APOSTA,APROVADO,0.3349,2026-08-21T18:15:11.638008
2026-08-16,SPAIN 2,Las Palmas,Albacete,3.8,0.8687429265920124,0.6,0.09999999999999998,0.21,0.2631578947368421,APOSTA,APROVADO,0.4578,2026-08-21T18:15:11.779571
2026-08-16,PERU 1,FC Cajamarca,Universitario de Deportes,3.8,0.8881644113044278,0.6,0.09999999999999998,,0.2631578947368421,APOSTA,APROVADO,0.5306,2026-08-21T18:15:11.901591
2026-08-16,PARAGUAY 1,Olimpia,Club Sportivo Ameliano,3.75,0.8542684127167753,0.6,0.09999999999999998,,0.26666666666666666,APOSTA,APROVADO,0.4108,2026-08-21T18:15:12.305360
2026-08-16,VENEZUELA 1,Deportivo La Guaira,Zamora FC,3.9,0.8881644113044278,0.6,0.09999999999999998,,0.25641025641025644,APOSTA,APROVADO,0.5194,2026-08-21T18:15:12.449114
2026-08-16,VENEZUELA 1,Carabobo FC,Metropolitanos,4.4,0.9182741673909576,0.6,0.09999999999999998,,0.22727272727272727,APOSTA,APROVADO,0.5945,2026-08-21T18:15:12.501808
2026-08-17,SPAIN 2,Sporting Gijon,Sabadell,3.7,0.8327147962205295,0.9235041642001632,0.42350416420016324,0.21,0.27027027027027023,APOSTA,APROVADO,0.3394,2026-08-21T18:15:16.120507
2026-08-17,NETHERLANDS 2,Jong FC Utrecht,Vitesse Arnhem,4.1,0.873402506542523,0.6,0.09999999999999998,0.22,0.24390243902439027,APOSTA,APROVADO,0.4373,2026-08-21T18:15:16.288136
2026-08-17,ICELAND 2,IR Reykjavik,Njardvik,4.3,0.9114977446377612,0.6,0.09999999999999998,,0.23255813953488372,APOSTA,APROVADO,0.5739,2026-08-21T18:15:16.356616
2026-08-17,TURKEY 2,Batman Petrolspor,Boluspor,4.5,0.8966292606588038,0.35,0.35,0.23,0.2222222222222222,APOSTA,APROVADO,0.49,2026-08-21T18:15:16.577527
2026-08-17,ICELAND 2,Throttur,Fylkir,4.5,0.9052921608471276,0.7394781927660591,0.03947819276605913,,0.2222222222222222,APOSTA,APROVADO,0.5286,2026-08-21T18:15:16.735428
2026-08-18,COPA SUDAMERICANA,Deportivo Recoleta,Boca Juniors,3.95,0.8802162937807205,0.4315769044707266,0.26842309552927335,,0.2531645569620253,APOSTA,APROVADO,0.4828,2026-08-21T18:15:19.929962
2026-08-18,ARGENTINA CUP,Banfield,FC Midland,3.5,0.8576049052720014,0.25,0.25,,0.2857142857142857,APOSTA,APROVADO,0.4587,2026-08-21T18:15:19.994624
2026-08-19,SERBIA 2,FK Vrsac,FK Dubocica,3.8,0.8444524256796779,0.6,0.09999999999999998,0.28,0.2631578947368421,APOSTA,APROVADO,0.3667,2026-08-21T18:15:22.516590
2026-08-19,SERBIA 2,FK Javor Ivanjica,FK Jedinstvo Ub,4.5,0.8834585289514866,0.6,0.09999999999999998,0.28,0.2222222222222222,APOSTA,APROVADO,0.4314,2026-08-21T18:15:22.575305
2026-08-19,COLOMBIA 1,Aguilas Doradas,Llaneros FC,3.55,0.8456573082085725,0.6,0.09999999999999998,,0.28169014084507044,APOSTA,APROVADO,0.4098,2026-08-21T18:15:23.069195
2026-08-19,COPA LIBERTADORES,Cerro Porteno,SE Palmeiras,3.45,0.8333630065629857,0.6,0.09999999999999998,,0.2898550724637681,APOSTA,APROVADO,0.3834,2026-08-21T18:15:23.110826
2026-08-19,COPA LIBERTADORES,Flamengo,Cruzeiro MG,3.95,0.8683080338630006,0.6580727402705633,0.15807274027056334,,0.2531645569620253,APOSTA,APROVADO,0.4364,2026-08-21T18:15:23.894989
2026-08-19,COLOMBIA 2,Boyaca Patriotas,Orsomarso,3.85,0.8881644113044278,0.6,0.09999999999999998,,0.2597402597402597,APOSTA,APROVADO,0.525,2026-08-21T18:15:24.030170
2026-08-20,EUROPA LEAGUE,Mjallby,Red Bull Salzburg,4.4,0.8881644113044278,0.4892443963538803,0.010755603646119688,,0.22727272727272727,APOSTA,APROVADO,0.4635,2026-08-21T18:15:26.828509
2026-08-20,EUROPA LEAGUE,Trabzonspor,Ferencvaros,4.3,0.868781188812567,0.7586447999388088,0.11700219828959485,,0.23255813953488372,APOSTA,APROVADO,0.3923,2026-08-21T18:15:27.090979
2026-08-20,EUROPA CONFERENCE LEAGUE,PAOK,Brann,4.4,0.8389016119274524,0.5954909909973555,0.32649583579983665,,0.22727272727272727,APOSTA,APROVADO,0.2492,2026-08-21T18:15:27.190739
2026-08-20,EUROPA CONFERENCE LEAGUE,Gornik Zabrze,Monaco,3.85,0.8631410877033877,0.7670947716161498,0.04905070892497687,,0.2597402597402597,APOSTA,APROVADO,0.4299,2026-08-21T18:15:27.282604
2026-08-20,EUROPA CONFERENCE LEAGUE,KF Drita,Inter Club Escaldes,4.0,0.8881644113044278,0.6,0.09999999999999998,,0.25,APOSTA,APROVADO,0.5082,2026-08-21T18:15:27.317502
2026-08-20,EUROPA CONFERENCE LEAGUE,Vikingur Reykjavik,Borac Banja Luka,4.4,0.8823405108464654,1.1040414161782868,0.3264958357998367,,0.22727272727272727,APOSTA,APROVADO,0.4382,2026-08-21T18:15:27.353571
2026-08-20,EUROPA LEAGUE,Crvena Zvezda,Plzen,4.3,0.9114977446377612,0.6,0.09999999999999998,,0.23255813953488372,APOSTA,APROVADO,0.5739,2026-08-21T18:15:27.394688
2026-08-20,EUROPA CONFERENCE LEAGUE,Sion,Ajax,4.4,0.8698992069175884,0.870471554799636,0.08157690447072669,,0.22727272727272727,APOSTA,APROVADO,0.3841,2026-08-21T18:15:27.504043
2026-08-20,EUROPA CONFERENCE LEAGUE,Gent,Hibernian,3.95,0.8537051469812249,0.9380572955263806,0.23805729552638066,,0.2531645569620253,APOSTA,APROVADO,0.3795,2026-08-21T18:15:27.578848
2026-08-20,EUROPA CONFERENCE LEAGUE,Lugano,Maccabi Tel Aviv,4.2,0.8379673931712144,0.6473171366244437,0.2746696901727485,,0.23809523809523808,APOSTA,APROVADO,0.2776,2026-08-21T18:15:27.617567
2026-08-20,EUROPA CONFERENCE LEAGUE,Dinamo Tirana,Pafos FC,3.55,0.8456573082085725,0.6,0.09999999999999998,,0.28169014084507044,APOSTA,APROVADO,0.4098,2026-08-21T18:15:27.889227
2026-08-20,COPA LIBERTADORES,LDU,Mirassol,4.1,0.8589000649651437,0.45474681875512085,0.2452531812448791,,0.24390243902439027,APOSTA,APROVADO,0.3785,2026-08-21T18:15:28.132064
2026-08-20,COLOMBIA 2,Real Cartagena,Bogota,4.5,0.9182741673909576,0.6,0.09999999999999998,,0.2222222222222222,APOSTA,APROVADO,0.5863,2026-08-21T18:15:28.270422
2026-08-20,MEXICO 2,Venados FC,Dorados,4.5,0.9182741673909576,0.6,0.09999999999999998,,0.2222222222222222,APOSTA,APROVADO,0.5863,2026-08-21T18:15:28.311575
2026-08-20,MEXICO 2,Club Atletico Morelia,Correcaminos UAT,4.5,0.9182741673909576,0.6,0.09999999999999998,,0.2222222222222222,APOSTA,APROVADO,0.5863,2026-08-21T18:15:28.485100
