data,ko,jogo,home,away,competicao,minuto,placar_ht,odd,odd_draw,odd_away,odd_over25,odd_under25,liq_home,xg_h,xg_a,sot_h,sot_a,shots_h,shots_a,corners_h,corners_a,bigch_h,bigch_a,touches_box_h,touches_box_a,poss_h,degrau,status,resultado,ft_total,pnl,market_id,selection_id,eventid,league_id,ou_market_id,ou_selection_id
2026-09-08,2026-09-08 15:00,Lahti x IFK Mariehamn,Lahti,IFK Mariehamn,Finnish Veikkausliiga,50,2-0,1.28,5.9,17.5,2.06,1.92,81.71,,,3,0,4,2,1,6,2,0,12,7,64,2,Pendente,,,,1.261943596,139506,6145896,945700,1.261943606,47973
2026-09-08,2026-09-08 15:00,VPS x AC Oulu,VPS,AC Oulu,Finnish Veikkausliiga,50,1-0,1.48,4.2,9.6,2.06,1.92,74.1,,,2,4,5,9,2,5,1,1,13,18,49,2,Pendente,,,,1.261943816,139511,6145866,945694,1.261943826,47973
2026-09-08,2026-09-08 15:00,TPS x SJK,TPS,SJK,Finnish Veikkausliiga,50,0-0,4.2,2.6,2.6,5.8,1.2,3111.87,,,1,1,2,7,0,5,0,0,7,15,42,2,Pendente,,,,1.262160221,344793,6145898,945700,1.262160224,47973
2026-09-08,2026-09-08 15:30,Al-Ettifaq x Al Faisaly ( KSA ),Al-Ettifaq,Al Faisaly ( KSA ),Saudi Professional League,50,1-0,2.06,2.86,5.3,4.9,1.25,5701.17,0.34,0.09,5,1,9,2,2,1,0,0,6,3,54,1,Pendente,,,,1.262070871,6160611,5970128,536,1.262070881,47973
2026-09-08,2026-09-08 16:00,Gnistan x KuPS,Gnistan,KuPS,Finnish Veikkausliiga,50,0-1,13.0,5.2,1.36,1.95,2.0,283.96,,,2,1,4,8,2,3,1,0,11,15,36,2,Pendente,,,,1.261943706,495186,6145867,945694,1.261943716,47973
2026-09-08,2026-09-08 16:45,Club Brugge x Aston Villa,Club Brugge,Aston Villa,UEFA Champions League,45,2-3,30.0,9.6,1.15,,,1260.52,0.30,2.51,3,7,5,14,2,3,1,4,11,16,59,1,Pendente,,,,1.261698113,10762,6106295,943230,,
2026-09-08,2026-09-08 16:45,NEC Nijmegen x Excelsior,NEC Nijmegen,Excelsior,Dutch Eredivisie,45,2-1,2.24,3.15,4.1,1.16,6.8,6485.56,0.20,0.99,1,2,4,8,1,0,0,2,12,6,67,1,Pendente,,,,1.261872555,48456,5781720,937276,1.261872565,47973
2026-09-08,2026-09-08 17:00,Smouha x Ceramica Cleopatra,Smouha,Ceramica Cleopatra,Egyptian Premier,50,0-0,4.3,2.18,3.1,9.8,1.1,1622.67,0.18,0.12,1,0,3,2,1,2,0,0,3,1,44,1,Pendente,,,,1.261975155,5170871,5996717,943009,1.261975165,47973
2026-09-08,2026-09-08 17:00,Zamalek x Abo Qair Semads,Zamalek,Abo Qair Semads,Egyptian Premier,50,1-0,1.2,6.6,36.0,2.84,1.5,5709.93,0.45,0.14,3,0,5,5,3,1,0,0,10,5,52,1,Pendente,,,,1.262123349,5174134,5996718,943009,1.262123359,47973
2026-09-08,2026-09-08 18:45,Bournemouth x Lincoln,Bournemouth,Lincoln,English Football League Cup,45,2-0,1.1,11.5,65.0,1.85,2.14,34258.04,0.83,0.32,3,1,13,2,5,0,1,2,21,3,69,1,Pendente,,,,1.261957826,1141,6099334,938221,1.261957829,47973
2026-09-08,2026-09-08 18:45,Crystal Palace x Middlesbrough,Crystal Palace,Middlesbrough,English Football League Cup,45,1-0,1.52,4.3,8.6,1.9,2.08,725.16,0.73,0.24,3,2,5,6,1,1,1,0,7,19,35,1,Pendente,,,,1.261958042,62523,6099328,938221,1.261958045,47973
2026-09-08,2026-09-08 18:45,Leyton Orient x Bradford,Leyton Orient,Bradford,English Football League Cup,45,1-1,3.1,2.52,3.5,1.32,3.95,433.45,0.77,0.44,2,2,6,6,3,3,2,1,13,15,50,1,Pendente,,,,1.261957601,69717,6099339,938221,1.261957604,47973
2026-09-08,2026-09-08 18:45,Sunderland x Hull,Sunderland,Hull,English Football League Cup,45,0-0,2.46,2.56,4.7,6.2,1.18,2910.36,0.32,0.21,2,0,6,2,2,4,0,0,11,9,47,1,Pendente,,,,1.261957934,62783,6099331,938221,1.261957937,47973
2026-09-08,2026-09-08 18:45,Blackburn x Sheff Utd,Blackburn,Sheff Utd,English Sky Bet Championship,45,1-2,10.5,4.0,1.51,,,112.55,0.51,0.18,2,2,7,2,3,1,1,1,10,9,59,1,Pendente,,,,1.262025990,48350,5836814,938218,,
2026-09-08,2026-09-08 18:45,Wrexham x Burnley,Wrexham,Burnley,English Sky Bet Championship,45,0-1,6.8,3.6,1.71,2.18,1.82,385.32,0.73,0.58,3,2,7,10,2,2,4,2,17,10,48,1,Pendente,,,,1.262062801,63604,5836825,938218,1.262062804,47973
2026-09-08,2026-09-08 18:45,Watford x Preston,Watford,Preston,English Sky Bet Championship,45,1-1,6.4,3.6,1.75,2.12,1.88,334.78,0.60,1.57,2,4,9,9,1,3,1,2,18,5,63,1,Pendente,,,,1.262026902,56301,5836820,938218,1.262026905,47973
2026-09-08,2026-09-08 18:45,Southampton x Swansea,Southampton,Swansea,English Sky Bet Championship,45,2-0,1.09,13.5,48.0,1.23,5.1,40459.69,1.01,0.10,2,0,11,4,3,2,2,0,17,11,52,1,Pendente,,,,1.262047770,58943,5836819,938218,1.262047773,47973
2026-09-08,2026-09-08 18:45,Cardiff x Stoke,Cardiff,Stoke,English Sky Bet Championship,45,1-1,5.5,3.5,1.85,1.92,2.06,732.79,1.10,0.54,0,3,9,9,4,4,1,1,12,7,68,1,Pendente,,,,1.262062910,79343,5836817,938218,1.262062913,47973
2026-09-08,2026-09-08 18:45,Olympiakos x NFC Volos,Olympiakos,NFC Volos,Greek Cup,45,2-0,1.06,18.5,110.0,1.69,2.38,10117.25,,,5,0,13,2,6,1,2,1,24,5,75,2,Pendente,,,,1.262148839,55243,6106050,944879,1.262148842,47973
2026-09-08,2026-09-08 19:00,Lille x Betis,Lille,Betis,UEFA Champions League,50,2-1,1.53,4.2,8.6,,,398.12,0.79,1.20,2,1,5,12,1,2,1,2,7,19,49,1,Pendente,,,,1.261698251,44790,6106311,943230,,
2026-09-08,2026-09-08 19:00,Dortmund x Villarreal,Dortmund,Villarreal,UEFA Champions League,50,1-0,2.26,2.94,4.5,3.8,1.34,16511.22,0.41,0.67,1,1,6,4,4,2,2,2,10,5,57,1,Pendente,,,,1.261698393,44785,6106272,943230,1.261698332,47973
2026-09-08,2026-09-08 19:00,Porto x Man City,Porto,Man City,UEFA Champions League,50,0-1,6.6,2.98,1.94,4.6,1.27,887.23,0.00,1.25,0,5,0,6,0,1,0,3,,,31,1,Pendente,,,,1.261698531,48785,6106286,943230,1.261698470,47973
2026-09-08,2026-09-08 19:00,Real Madrid x Inter,Real Madrid,Inter,UEFA Champions League,50,3-1,1.11,12.5,34.0,1.12,9.0,377926.47,1.57,0.78,4,3,6,11,1,4,4,0,11,27,30,1,Pendente,,,,1.261698669,2426,6106242,943230,1.261698608,47973
2026-09-08,2026-09-08 19:00,Millwall x Newcastle,Millwall,Newcastle,English Football League Cup,50,0-1,8.2,3.15,1.77,4.6,1.26,1537.07,0.21,0.81,2,1,3,14,1,8,2,0,4,15,33,1,Pendente,,,,1.261957479,56036,6099336,938221,1.261957482,47973
2026-09-08,2026-09-08 19:00,Bolton x West Ham,Bolton,West Ham,English Sky Bet Championship,50,2-3,4.6,2.94,2.24,,,226.71,1.08,0.89,4,4,7,5,1,2,1,3,13,12,54,1,Pendente,,,,1.261987404,48322,5836815,938218,,
2026-09-08,2026-09-08 22:00,Santa Fe x Vasco Da Gama,Santa Fe,Vasco Da Gama,CONMEBOL Copa Sudamericana,50,0-0,3.1,2.28,4.1,9.4,1.11,980.91,,,0,2,3,9,1,5,1,0,5,8,50,2,Pendente,,,,1.261615199,4908158,1000021050,1000001659,1.261615209,47973
2026-09-09,2026-09-08 23:00,Hartford Athletic FC x Colorado Switchbacks FC,Hartford Athletic FC,Colorado Switchbacks FC,US USL Cup,50,2-0,1.14,9.0,18.0,1.21,5.3,4306.21,,,2,3,4,6,1,2,0,0,9,7,35,2,Pendente,,,,1.262163366,23254090,6020981,10654,1.262163376,47973
2026-09-09,2026-09-08 23:30,Cuiaba x Athletic Club,Cuiaba,Athletic Club,Brazilian Serie B,50,1-0,1.27,5.6,24.0,3.1,1.45,2249.22,1.12,0.30,2,1,7,5,2,1,1,1,10,4,56,1,Pendente,,,,1.262012239,5327095,5190707,8814,1.262012242,47973
2026-09-09,2026-09-09 00:00,Criciuma x Juventude,Criciuma,Juventude,Brazilian Serie B,50,0-0,2.58,2.22,6.0,11.0,1.09,331.16,0.22,0.08,3,0,6,2,7,0,0,0,8,1,68,1,Pendente,,,,1.262056091,356589,5190705,8814,1.262056094,47973
2026-09-09,2026-09-09 00:30,Boca Juniors x Sao Paulo,Boca Juniors,Sao Paulo,CONMEBOL Copa Sudamericana,50,0-0,2.34,2.28,7.0,11.0,1.09,2021.99,,,0,1,6,5,3,2,0,1,10,4,57,2,Pendente,,,,1.261319169,17304,1000019988,1000001659,1.261319180,47973
2026-09-09,2026-09-09 00:30,San Antonio FC x Louisville FC,San Antonio FC,Louisville FC,US USL Cup,50,0-0,3.8,2.04,3.85,12.0,1.08,174.17,,,0,0,9,5,2,0,0,0,14,2,70,2,Pendente,,,,1.262163586,10992747,6020982,10654,1.262163596,47973
2026-09-09,2026-09-09 09:30,Sydney FC x Melbourne Victory,Sydney FC,Melbourne Victory,Australia Cup,50,1-1,7.0,3.45,1.74,2.24,1.78,96.91,0.82,0.32,0,1,6,3,1,1,3,1,14,3,76,1,Pendente,,,,1.261729581,1205121,6097682,9471,1.261729585,47973
2026-09-09,2026-09-09 18:45,Derby x West Brom,Derby,West Brom,English Sky Bet Championship,45,1-1,4.5,2.98,2.22,2.54,1.63,1398.99,0.62,0.37,1,1,3,3,3,1,1,1,19,6,58,1,Pendente,,,,1.262025882,48325,5836823,938218,1.262025885,47973
2026-09-09,2026-09-09 18:45,Norwich x Birmingham,Norwich,Birmingham,English Sky Bet Championship,45,2-0,1.12,11.0,40.0,1.25,4.9,22578.73,0.47,0.85,2,2,7,9,0,4,1,0,16,23,50,1,Pendente,,,,1.262063018,47998,5836824,938218,1.262063021,47973
2026-09-09,2026-09-09 18:45,Rangers x St Mirren,Rangers,St Mirren,Scottish Premiership,45,1-0,1.38,4.6,15.0,3.25,1.43,4699.66,1.47,0.13,6,0,13,3,9,0,4,0,29,6,56,1,Pendente,,,,1.262123125,52458346,5793914,937650,1.262123135,47973
2026-09-09,2026-09-09 19:00,Napoli x Arsenal,Napoli,Arsenal,UEFA Champions League,50,0-1,6.8,2.96,1.93,5.0,1.24,1221.78,0.12,1.82,3,3,4,13,0,4,0,2,5,26,47,1,Pendente,,,,1.261699262,676464,6106318,943230,1.261699197,47973
2026-09-09,2026-09-09 19:00,Liverpool x Atletico Madrid,Liverpool,Atletico Madrid,UEFA Champions League,50,2-1,2.0,3.05,5.5,1.22,5.4,3991.95,0.83,0.55,3,3,6,6,3,1,3,1,17,3,50,1,Pendente,,,,1.261699988,56323,6106246,943230,1.261699992,47973
2026-09-09,2026-09-09 19:00,St Johnstone x Celtic,St Johnstone,Celtic,Scottish Premiership,50,0-1,6.6,3.15,1.84,4.3,1.29,1386.29,0.51,0.22,1,1,5,3,2,7,1,0,7,17,31,1,Pendente,,,,1.262123237,57425,5793915,937650,1.262123247,47973
2026-09-09,2026-09-09 19:15,Chelsea x Leeds,Chelsea,Leeds,English Football League Cup,45,1-1,4.8,3.5,1.96,1.91,2.08,278.14,0.33,1.52,2,4,5,9,2,4,0,1,7,15,52,1,Pendente,,,,1.262017400,55190,6099342,938221,1.261957720,47973
2026-09-09,2026-09-09 19:45,Moreirense x Benfica,Moreirense,Benfica,Portuguese Primeira Liga,45,0-2,70.0,13.5,1.09,1.72,2.36,234.18,0.08,2.25,1,5,4,13,1,6,1,5,3,32,24,1,Pendente,,,,1.262040419,191604,5887604,61,1.262040422,47973
2026-09-09,2026-09-09 22:00,Santos x Atletico MG,Santos,Atletico MG,CONMEBOL Copa Sudamericana,50,1-0,1.42,4.3,13.5,3.25,1.43,2539.51,,,2,1,4,3,3,1,1,0,9,7,45,2,Pendente,,,,1.261592867,198127,1000020424,1000001659,1.261592878,47973
2026-09-09,2026-09-09 22:00,Deportivo Riestra x Banfield,Deportivo Riestra,Banfield,Argentinian Cup,50,1-0,1.55,3.65,10.5,3.3,1.41,1606.43,,,2,3,8,8,1,8,0,0,15,8,37,2,Pendente,,,,1.262119393,5994579,1000020034,9305,1.262119403,47973
2026-09-09,2026-09-09 22:30,Fortaleza EC x Avai,Fortaleza EC,Avai,Brazilian Serie B,50,0-0,2.22,2.46,6.6,8.4,1.13,1408.98,0.55,0.42,0,1,5,7,2,1,1,1,4,6,54,1,Pendente,,,,1.262047654,5287007,5190703,8814,1.262047657,47973
2026-09-09,2026-09-09 22:30,Botafogo SP x Novorizontino,Botafogo SP,Novorizontino,Brazilian Serie B,50,1-1,4.2,2.34,2.92,1.42,3.25,1585.95,0.40,0.80,1,1,3,2,3,3,1,1,7,3,55,1,Pendente,,,,1.262047986,4435648,5190699,8814,1.262047989,47973
2026-09-10,2026-09-09 23:30,Atlanta Utd x Orlando City,Atlanta Utd,Orlando City,US MLS,50,2-2,2.84,3.15,2.96,1.14,7.6,1060.5,0.67,1.14,1,3,7,7,5,4,2,4,7,16,34,1,Pendente,,,,1.261768381,12592557,5071336,913550,1.261768391,47973
2026-09-10,2026-09-09 23:30,Toronto FC x Nashville SC,Toronto FC,Nashville SC,US MLS,50,0-1,9.8,4.6,1.45,1.92,2.06,196.37,0.98,0.36,4,2,9,4,3,1,1,0,15,11,38,1,Pendente,,,,1.261768601,2362969,5071341,913550,1.261768611,47973
2026-09-10,2026-09-09 23:30,CF Montreal x Charlotte FC,CF Montreal,Charlotte FC,US MLS,50,1-1,3.05,2.88,2.98,1.2,5.8,3925.13,0.33,0.32,2,3,4,5,6,1,1,2,19,5,58,1,Pendente,,,,1.261768839,42741189,5071338,913550,1.261768849,47973
2026-09-10,2026-09-09 23:30,America MG x Nautico PE,America MG,Nautico PE,Brazilian Serie B,50,2-0,1.14,10.0,2.1,1.15,5.5,2191.43,2.62,0.93,5,1,12,6,5,4,5,1,13,8,42,1,Pendente,,,,1.262013016,4516149,5190701,8814,1.262013019,47973
2026-09-10,2026-09-09 23:30,Operario PR x CRB,Operario PR,CRB,Brazilian Serie B,50,3-0,1.05,23.0,95.0,1.22,5.2,410.92,0.22,0.67,2,3,6,9,0,4,1,0,2,8,55,1,Pendente,,,,1.262084456,6219238,5190702,8814,1.262084459,47973
2026-09-10,2026-09-09 23:30,Inter Toronto FC x Pacific,Inter Toronto FC,Pacific,Canadian Premier League,50,0-1,7.6,4.0,1.59,1.87,2.06,796.72,,,2,4,8,6,4,2,4,0,6,13,50,2,Pendente,,,,1.262164846,97403084,1000008700,9986,1.262164856,47973
2026-09-10,2026-09-09 23:45,Philadelphia x FC Cincinnati,Philadelphia,FC Cincinnati,US MLS,45,3-0,1.03,34.0,85.0,1.08,12.0,52245.64,2.11,0.02,3,0,9,1,3,1,3,1,20,10,61,1,Pendente,,,,1.261768729,4589333,5071340,913550,1.261768739,47973
2026-09-10,2026-09-10 00:00,New York City x New England Revolution,New York City,New England Revolution,US MLS,50,1-1,5.6,3.4,1.88,2.08,1.88,156.42,0.35,0.79,1,1,8,1,3,1,0,1,11,3,75,1,Pendente,,,,1.261769299,9280784,5071339,913550,1.261769309,47973
2026-09-10,2026-09-10 00:30,Estudiantes x Corinthians,Estudiantes,Corinthians,CONMEBOL Copa Libertadores,50,1-0,1.31,5.1,20.0,4.3,1.29,6769.39,0.59,0.08,3,0,5,2,4,1,2,0,8,4,39,1,Pendente,,,,1.261368903,194509,1000020028,1000001641,1.261368913,47973
2026-09-10,2026-09-10 00:30,Austin FC x Colorado,Austin FC,Colorado,US MLS,50,0-1,7.0,3.6,1.67,2.28,1.75,1382.39,0.20,0.35,0,4,4,6,3,2,0,0,7,4,53,1,Pendente,,,,1.261767771,39013198,5071342,913550,1.261767781,47973
2026-09-10,2026-09-10 00:30,Minnesota Utd x FC Dallas,Minnesota Utd,FC Dallas,US MLS,50,1-0,2.2,2.94,4.8,4.4,1.28,1524.3,0.30,0.25,1,1,4,4,1,3,0,1,4,9,46,1,Pendente,,,,1.261769519,7533070,5071346,913550,1.261769529,47973
2026-09-10,2026-09-10 00:30,Chicago Fire x Inter Miami CF,Chicago Fire,Inter Miami CF,US MLS,50,1-1,1.8,4.0,4.9,1.51,2.92,266.44,0.38,0.46,1,3,3,9,0,3,2,0,3,10,38,1,Pendente,,,,1.261769990,226469,5071343,913550,1.261770000,47973
2026-09-10,2026-09-10 00:30,Houston Dynamo x Real Salt Lake,Houston Dynamo,Real Salt Lake,US MLS,50,0-0,2.22,2.64,5.5,6.0,1.19,1419.88,0.64,0.15,3,0,6,2,0,3,2,0,3,5,54,1,Pendente,,,,1.261770100,1432923,5071344,913550,1.261770110,47973
2026-09-10,2026-09-10 14:00,Al Shamal x Al-Wakra,Al Shamal,Al-Wakra,Qatari Stars League,50,1-1,3.1,2.9,2.82,1.18,6.0,2686.0,,,3,2,4,7,2,1,0,1,13,13,49,2,Pendente,,,,1.262004609,6533265,5952268,535,1.262004612,47973
2026-09-10,2026-09-10 16:00,SK Super Nova x FK Tukums 2000,SK Super Nova,FK Tukums 2000,Latvian Virsliga,50,0-0,2.74,2.6,3.7,5.0,1.23,205.03,,,2,0,4,6,1,2,0,0,,,58,2,Pendente,,,,1.262118448,19582511,5162062,226,1.262118451,47973
2026-09-10,2026-09-10 16:15,Al Ain x Al Wasl,Al Ain,Al Wasl,UAE Arabian Gulf League,45,1-1,2.44,2.76,4.1,1.24,5.0,1164.71,,,1,1,6,3,1,1,0,0,6,9,54,2,Pendente,,,,1.262004389,1252830,1000020518,538,1.262004392,47973
2026-09-10,2026-09-10 16:15,Al Sailiya x Al-Sadd,Al Sailiya,Al-Sadd,Qatari Stars League,45,1-3,60.0,14.0,1.08,,,84.69,,,1,5,1,10,0,2,0,2,2,25,26,2,Pendente,,,,1.262032190,5183548,5952266,535,,
2026-09-10,2026-09-10 16:45,Fenerbahce x Roma,Fenerbahce,Roma,UEFA Champions League,45,0-1,14.5,4.7,1.38,2.08,1.91,3486.8,0.16,0.30,2,2,4,3,0,1,0,1,7,6,46,1,Pendente,,,,1.261700602,46726,6106331,943230,1.261700541,47973
2026-09-10,2026-09-10 17:00,Radnik Surdulica x Crvena Zvezda,Radnik Surdulica,Crvena Zvezda,Serbian Super League,50,0-1,11.5,3.65,1.54,3.7,1.35,92.02,,,2,2,4,6,1,5,0,0,4,10,32,2,Pendente,,,,1.262166797,8860947,1000015084,182,1.262166800,47973
2026-09-10,2026-09-10 19:00,Como x RB Leipzig,Como,RB Leipzig,UEFA Champions League,50,3-0,1.09,14.5,48.0,1.13,8.0,218320.94,0.96,0.81,3,3,7,5,1,1,2,2,17,8,58,1,Pendente,,,,1.261700878,60298,6106411,943230,1.261700817,47973
2026-09-10,2026-09-10 19:00,Slavia Prague x Lens,Slavia Prague,Lens,UEFA Champions League,50,0-0,2.9,2.72,3.4,4.4,1.28,771.65,1.05,0.12,2,2,8,5,3,3,2,0,15,6,38,1,Pendente,,,,1.261701784,10777,6106392,943230,1.261701787,47973
2026-09-10,2026-09-10 19:00,Bayern Munich x Bodo Glimt,Bayern Munich,Bodo Glimt,UEFA Champions League,50,2-0,1.17,8.2,30.0,1.87,2.12,83955.96,1.00,0.10,5,0,11,1,4,2,1,0,17,1,72,1,Pendente,,,,1.261702095,5774350,6106240,943230,1.261701612,47973
2026-09-10,2026-09-10 19:00,Stevenage x Luton,Stevenage,Luton,English Sky Bet League 1,50,1-1,1.73,3.45,7.0,2.46,1.67,1439.27,0.28,0.45,1,1,6,5,2,2,0,0,7,9,35,1,Pendente,,,,1.262027118,49204,5837157,938219,1.262027121,47973
2026-09-10,2026-09-10 22:30,Vila Nova x Goias,Vila Nova,Goias,Brazilian Serie B,50,0-0,3.2,2.1,4.5,11.0,1.09,2942.6,0.12,0.19,1,2,8,4,1,0,0,0,12,8,34,1,Pendente,,,,1.262063126,376829,5190708,8814,1.262063129,47973
2026-09-11,2026-09-11 00:30,Cienciano x Torque,Cienciano,Torque,CONMEBOL Copa Sudamericana,50,3-0,1.03,36.0,190.0,1.22,5.1,27503.06,,,7,0,16,4,4,2,5,0,23,3,63,2,Pendente,,,,1.261592732,480160,1000020423,1000001659,1.261592742,47973
2026-09-11,2026-09-11 00:30,Sport Recife x Ponte Preta,Sport Recife,Ponte Preta,Brazilian Serie B,50,3-0,1.02,46.0,220.0,1.15,7.2,75600.95,1.64,0.36,2,0,8,7,1,2,3,0,15,4,68,1,Pendente,,,,1.262108139,2405306,5190706,8814,1.262108142,47973
2026-09-11,2026-09-11 01:00,Millonarios x Deportivo Cali,Millonarios,Deportivo Cali,Colombian Primera A,50,1-1,5.5,3.2,1.88,2.34,1.72,158.53,0.48,0.22,1,2,6,6,2,1,1,0,5,7,54,1,Pendente,,,,1.262110558,900849,1000014090,274,1.262110561,47973
2026-09-11,2026-09-11 10:00,Kyoto x Kashiwa,Kyoto,Kashiwa,Japanese J League,50,2-1,1.37,5.5,10.0,1.16,7.0,18857.23,1.12,0.60,3,1,5,8,4,2,4,1,14,12,39,1,Pendente,,,,1.262072585,441085,5803579,937875,1.262072588,47973
2026-09-11,2026-09-11 11:00,Buriram Utd x Chiangrai Utd,Buriram Utd,Chiangrai Utd,Thai League 1,50,2-0,1.1,11.0,60.0,1.88,2.1,11580.68,0.34,0.05,1,1,6,4,1,1,1,0,8,1,57,1,Pendente,,,,1.262274361,7039295,1000017725,8984,1.262274371,47973
2026-09-11,2026-09-11 11:30,Port FC x Lamphun Warrior,Port FC,Lamphun Warrior,Thai League 1,50,2-0,1.2,7.2,24.0,1.74,2.3,158.43,1.13,0.59,1,6,8,8,5,4,1,0,11,10,64,1,Pendente,,,,1.262274472,9255164,1000017726,8984,1.262274482,47973
2026-09-11,2026-09-11 12:00,Ratchaburi x Bangkok Utd,Ratchaburi,Bangkok Utd,Thai League 1,50,1-0,1.45,4.3,10.5,2.24,1.76,345.43,0.26,0.41,2,1,4,7,4,1,0,0,7,4,47,1,Pendente,,,,1.262277514,7583019,1000017727,8984,1.262277524,47973
2026-09-11,2026-09-11 13:40,Al-Khaleej Khor Fakkan x Bani Yas,Al-Khaleej Khor Fakkan,Bani Yas,UAE Arabian Gulf League,45,0-0,3.0,2.96,2.9,3.6,1.37,1913.05,,,2,1,5,8,3,4,0,0,7,11,60,2,Pendente,,,,1.262037022,10423044,1000020520,538,1.262037032,47973
2026-09-11,2026-09-11 13:40,Hatta x Al Dhafra,Hatta,Al Dhafra,UAE Arabian Gulf League,45,1-1,2.46,3.15,3.35,1.81,2.16,757.35,,,0,3,5,3,2,1,1,0,9,8,45,2,Pendente,,,,1.262270382,10398576,1000020519,538,1.262270385,47973
2026-09-11,2026-09-11 14:00,Al Gharafa x Lusail,Al Gharafa,Lusail,Qatari Stars League,50,1-0,2.34,2.9,4.0,3.95,1.32,3480.62,,,3,0,11,4,2,0,0,0,18,9,55,2,Pendente,,,,1.262263039,2909657,5952267,535,1.262263042,47973
2026-09-11,2026-09-11 15:00,Farul Constanta x UTA Arad,Farul Constanta,UTA Arad,Romanian Liga I,50,3-1,1.13,9.8,40.0,,,19062.54,,,8,1,10,11,1,4,5,3,13,12,51,2,Pendente,,,,1.261961539,1556985,5853498,938428,,
2026-09-11,2026-09-11 15:45,Al Faisaly ( KSA ) x Al-Ittihad,Al Faisaly ( KSA ),Al-Ittihad,Saudi Professional League,45,0-3,90.0,19.5,1.06,1.23,5.2,93.19,0.63,0.68,0,3,5,8,0,3,1,1,12,6,38,1,Pendente,,,,1.262212168,22139784,5970137,536,1.262212178,47973
2026-09-11,2026-09-11 16:00,Rakow Czestochowa x LKP Motor Lublin,Rakow Czestochowa,LKP Motor Lublin,Polish Ekstraklasa,50,2-1,2.42,2.9,4.0,1.22,5.4,4363.42,0.27,0.44,1,1,5,5,3,3,0,1,14,11,55,1,Pendente,,,,1.262004011,5876552,5803981,937879,1.262004014,47973
2026-09-11,2026-09-11 16:00,Hobro x Vejle,Hobro,Vejle,Danish 1st Division,50,0-1,4.8,2.9,2.16,4.8,1.25,139.77,,,1,2,4,7,2,2,0,0,9,13,35,2,Pendente,,,,1.262009635,1212772,5764489,936592,1.262009645,47973
2026-09-11,2026-09-11 16:15,Al Rayyan x Al Ahli (QAT),Al Rayyan,Al Ahli (QAT),Qatari Stars League,45,3-0,1.06,17.5,80.0,1.18,6.0,106256.62,,,4,0,7,1,0,1,3,0,16,2,47,2,Pendente,,,,1.262026098,4692599,5952269,535,1.262026101,47973
2026-09-11,2026-09-11 16:30,SV Darmstadt x Arminia Bielefeld,SV Darmstadt,Arminia Bielefeld,German Bundesliga 2,50,1-1,1.72,3.8,6.2,2.0,1.98,2957.54,0.81,0.21,4,0,5,5,1,6,1,0,7,12,38,1,Pendente,,,,1.262004933,993093,5881665,146,1.262004943,47973
2026-09-11,2026-09-11 16:30,Nurnberg x Hannover,Nurnberg,Hannover,German Bundesliga 2,50,2-2,2.98,3.05,2.88,1.16,7.0,1862.52,1.08,0.93,5,1,12,5,4,1,2,1,13,8,56,1,Pendente,,,,1.262009415,121724,5881669,146,1.262009425,47973
2026-09-11,2026-09-11 16:30,Zeleznicar Pancevo x Macva Sabac,Zeleznicar Pancevo,Macva Sabac,Serbian Super League,50,1-0,1.61,3.3,10.5,4.8,1.24,1730.02,,,4,0,15,3,5,0,2,0,20,3,63,2,Pendente,,,,1.262170361,17203915,1000015126,182,1.262170371,47973
2026-09-11,2026-09-11 17:00,Vendsyssel FF x Aarhus Fremad,Vendsyssel FF,Aarhus Fremad,Danish 1st Division,50,0-0,2.88,2.44,3.8,6.4,1.17,2108.52,,,5,1,9,3,1,2,0,0,19,7,36,2,Pendente,,,,1.262097913,7431787,5764494,936592,1.262097923,47973
2026-09-11,2026-09-11 17:00,Hacken x Mjallby,Hacken,Mjallby,Swedish Allsvenskan,50,1-1,3.95,3.35,2.18,1.81,2.22,5228.89,0.79,0.46,6,2,13,3,3,2,0,1,17,13,60,1,Pendente,,,,1.262120994,30681,5107601,67,1.262120997,47973
2026-09-11,2026-09-11 17:00,Empoli x Arezzo,Empoli,Arezzo,Italian Serie B,50,0-0,5.8,2.44,2.36,8.0,1.13,295.54,0.39,0.09,1,0,7,2,2,0,0,0,12,3,60,1,Pendente,,,,1.262193323,60294,5967073,941726,1.262193326,47973
2026-09-11,2026-09-11 17:30,Rapperswil-Jona x Yverdon Sport,Rapperswil-Jona,Yverdon Sport,Swiss Challenge League,50,0-1,4.4,3.2,2.1,3.15,1.45,177.5,,,2,1,7,9,2,2,1,1,11,11,45,2,Pendente,,,,1.262078677,4240101,5804588,163,1.262078680,47973
2026-09-11,2026-09-11 17:30,Stade Nyonnais x Neuchatel Xamax,Stade Nyonnais,Neuchatel Xamax,Swiss Challenge League,50,1-1,4.1,2.84,2.32,1.22,5.4,1184.69,,,1,2,5,4,0,1,0,0,6,10,50,2,Pendente,,,,1.262078785,2597350,5804589,163,1.262078788,47973
2026-09-11,2026-09-11 17:30,Stellenbosch FC x Sekhukhune United,Stellenbosch FC,Sekhukhune United,South African Premier Division,50,0-0,3.45,1.96,4.7,16.0,1.06,698.97,0.76,0.42,3,1,6,3,2,1,0,0,9,3,55,1,Pendente,,,,1.262276209,12678248,5955086,537,1.262276219,47973
2026-09-11,2026-09-11 18:00,Csikszereda x Dinamo Bucharest,Csikszereda,Dinamo Bucharest,Romanian Liga I,50,1-3,110.0,21.0,1.05,,,88.09,,,2,5,4,9,2,4,1,1,3,17,34,2,Pendente,,,,1.261977964,8886239,5853497,938428,,
2026-09-11,2026-09-11 18:00,Jong Ajax Amsterdam x RKC Waalwijk,Jong Ajax Amsterdam,RKC Waalwijk,Dutch Eerste Divisie,50,1-1,3.65,2.76,2.68,3.3,1.41,609.57,,,4,3,7,10,2,2,1,0,10,10,51,2,Pendente,,,,1.262007134,10698710,5832861,111,1.262007137,47973
2026-09-11,2026-09-11 18:00,Clermont x Boulogne,Clermont,Boulogne,French Ligue 2,50,0-0,3.65,2.16,3.65,9.4,1.11,1807.41,0.18,0.16,0,1,1,3,1,2,0,0,8,8,59,1,Pendente,,,,1.262009525,309686,5803254,110,1.262009535,47973
2026-09-11,2026-09-11 18:00,Emmen x De Graafschap,Emmen,De Graafschap,Dutch Eerste Divisie,50,2-1,2.02,3.4,4.5,1.14,7.4,70.85,,,3,2,13,5,7,2,2,1,18,6,65,2,Pendente,,,,1.262009861,419126,5832858,111,1.262009871,47973
2026-09-11,2026-09-11 18:00,Dijon x Laval,Dijon,Laval,French Ligue 2,50,2-1,1.4,4.5,13.0,,,638.44,0.63,2.13,2,4,6,9,2,4,0,2,6,13,45,1,Pendente,,,,1.262019587,305995,5803255,110,,
2026-09-11,2026-09-11 18:00,Rodez x Grenoble,Rodez,Grenoble,French Ligue 2,50,1-1,4.5,3.15,2.08,2.02,1.93,1304.39,0.52,0.20,2,1,9,3,6,1,0,0,16,5,52,1,Pendente,,,,1.262023438,1029663,5803261,110,1.262023441,47973
2026-09-11,2026-09-11 18:00,Heracles x Jong AZ Alkmaar,Heracles,Jong AZ Alkmaar,Dutch Eerste Divisie,50,2-2,2.62,3.45,2.96,,,16428.28,,,2,4,14,9,4,1,3,2,9,14,66,2,Pendente,,,,1.262029685,419132,5832860,111,,
2026-09-11,2026-09-11 18:00,FC Eindhoven x FC Dordrecht,FC Eindhoven,FC Dordrecht,Dutch Eerste Divisie,50,1-1,2.98,2.84,3.05,1.22,5.4,1534.9,,,0,2,3,4,0,4,0,2,11,9,58,2,Pendente,,,,1.262157236,503439,5832857,111,1.262157239,47973
2026-09-11,2026-09-11 18:00,Helmond Sport x Jong PSV Eindhoven,Helmond Sport,Jong PSV Eindhoven,Dutch Eerste Divisie,50,1-1,2.92,2.86,3.05,1.2,5.6,790.46,,,2,1,6,4,3,2,1,0,13,20,43,2,Pendente,,,,1.262157457,419129,5832859,111,1.262157460,47973
2026-09-11,2026-09-11 18:00,NAC Breda x Jong FC Utrecht,NAC Breda,Jong FC Utrecht,Dutch Eerste Divisie,50,3-1,1.19,7.0,29.0,,,15941.62,,,3,1,10,5,5,1,0,0,9,9,68,2,Pendente,,,,1.262157675,1328613,5832863,111,,
2026-09-11,2026-09-11 18:00,Nancy x Reims,Nancy,Reims,French Ligue 2,50,0-2,36.0,9.2,1.15,1.27,4.4,79.53,0.96,1.02,2,3,9,7,1,0,3,3,10,7,45,1,Pendente,,,,1.262161364,70468,5803259,110,1.262161367,47973
2026-09-11,2026-09-11 18:00,Montpellier x Pau,Montpellier,Pau,French Ligue 2,50,0-0,2.16,2.56,6.0,6.4,1.18,1186.67,0.55,1.10,3,2,10,9,4,1,0,0,11,11,74,1,Pendente,,,,1.262044833,44797,5803258,110,1.262044836,47973
2026-09-11,2026-09-11 18:00,MVV Maastricht x Almere City,MVV Maastricht,Almere City,Dutch Eerste Divisie,50,0-0,3.6,2.8,2.66,4.1,1.31,105.27,,,1,4,5,6,4,2,0,2,6,9,66,2,Pendente,,,,1.262086303,8704630,5832862,111,1.262086307,47973
2026-09-11,2026-09-11 18:15,Etoile Carouge x Winterthur,Etoile Carouge,Winterthur,Swiss Challenge League,45,0-1,3.6,3.1,2.42,3.4,1.39,206.8,,,2,4,9,13,3,4,0,0,10,14,51,2,Pendente,,,,1.262284590,544529,5804590,163,1.262284593,47973
2026-09-11,2026-09-11 18:30,Union Berlin x Schalke 04,Union Berlin,Schalke 04,German Bundesliga,50,1-1,6.2,3.65,1.75,1.9,2.02,819.1,0.16,1.32,2,5,5,12,1,5,0,2,14,16,66,1,Pendente,,,,1.261751619,50347,5881169,54,1.261751603,47973
2026-09-11,2026-09-11 18:30,Wisla Krakow x Jagiellonia Bialystock,Wisla Krakow,Jagiellonia Bialystock,Polish Ekstraklasa,50,2-0,1.37,5.0,11.0,1.84,2.12,740.98,0.57,0.08,1,0,10,2,8,0,1,0,16,3,42,1,Pendente,,,,1.262007330,10782,5803983,937879,1.262007333,47973
2026-09-11,2026-09-11 18:30,Burgos x AD Ceuta FC,Burgos,AD Ceuta FC,Spanish Segunda Division,50,1-1,2.64,2.5,4.4,1.34,3.8,772.38,0.04,0.42,1,2,2,7,1,5,0,1,5,8,49,1,Pendente,,,,1.262084867,968180,5868438,938653,1.262084870,47973
2026-09-11,2026-09-11 18:45,Rennes x Marseille,Rennes,Marseille,French Ligue 1,45,1-0,2.66,2.94,3.45,3.6,1.37,1918.06,0.38,0.45,4,2,7,7,2,2,1,0,9,14,48,1,Pendente,,,,1.261748553,44799,5802935,53,1.261748537,47973
2026-09-11,2026-09-11 18:45,Venezia x Fiorentina,Venezia,Fiorentina,Italian Serie A,45,1-2,11.5,4.7,1.41,,,3663.6,0.23,1.70,1,6,3,11,1,1,1,3,5,30,58,1,Pendente,,,,1.261754097,44504,5749679,55,,
2026-09-11,2026-09-11 18:45,Shelbourne x Derry City,Shelbourne,Derry City,Irish Premier Division,45,0-0,3.1,2.5,3.4,5.4,1.21,1627.75,0.18,0.47,1,3,5,7,1,4,0,1,7,10,47,1,Pendente,,,,1.262007806,46928,5100964,126,1.262007809,47973
2026-09-11,2026-09-11 18:45,Drogheda x Sligo Rovers,Drogheda,Sligo Rovers,Irish Premier Division,45,2-0,1.07,16.5,80.0,1.29,4.3,300.53,1.45,0.12,3,0,10,2,2,3,1,0,23,5,46,1,Pendente,,,,1.262008755,184329,5100962,126,1.262008765,47973
2026-09-11,2026-09-11 18:45,Waterford x Dundalk,Waterford,Dundalk,Irish Premier Division,45,2-1,2.54,2.92,3.6,1.2,5.7,1783.31,1.19,0.15,6,1,13,2,7,1,0,0,22,18,40,1,Pendente,,,,1.262009085,364470,5100966,126,1.262009095,47973
2026-09-11,2026-09-11 19:00,St Patricks x Shamrock Rovers,St Patricks,Shamrock Rovers,Irish Premier Division,50,2-0,1.15,9.0,32.0,1.32,3.9,2603.0,0.75,0.59,3,3,4,5,0,5,3,1,4,12,38,1,Pendente,,,,1.262008239,364471,5100965,126,1.262008242,47973
2026-09-11,2026-09-11 19:00,West Ham x Wrexham,West Ham,Wrexham,English Sky Bet Championship,50,3-0,1.07,16.5,85.0,1.23,5.3,128916.07,1.07,0.28,3,1,9,5,2,3,4,0,12,8,55,1,Pendente,,,,1.262081971,48756,5836837,938218,1.262081974,47973
2026-09-11,2026-09-11 19:00,Pisa x Entella,Pisa,Entella,Italian Serie B,50,0-3,290.0,70.0,1.01,,,69.93,0.60,1.42,3,3,5,10,5,1,2,3,5,11,62,1,Pendente,,,,1.262194601,501200,5967077,941726,,
2026-09-11,2026-09-11 19:00,Benevento x Verona,Benevento,Verona,Italian Serie B,50,1-1,3.85,2.44,2.96,1.35,3.8,1329.43,0.42,1.02,2,2,6,6,3,6,1,3,6,11,45,1,Pendente,,,,1.262194711,522054,5967070,941726,1.262194721,47973
2026-09-11,2026-09-11 19:00,Sevilla x Valencia,Sevilla,Valencia,Spanish La Liga,50,1-0,2.02,2.76,6.8,6.0,1.19,20195.41,0.17,0.01,0,0,4,1,1,2,0,0,18,2,41,1,Pendente,,,,1.261760867,52480974,5868059,87,1.261760732,47973
2026-09-11,2026-09-11 19:00,Club Sportivo Ameliano x Sportivo San Lorenzo,Club Sportivo Ameliano,Sportivo San Lorenzo,Paraguayan Primera Division,50,0-0,2.64,2.38,4.5,6.8,1.16,1230.45,,,2,2,6,8,1,2,0,0,6,2,72,2,Pendente,,,,1.262169278,39325793,1000017408,199,1.262169281,47973
2026-09-11,2026-09-11 20:00,Newells x Velez Sarsfield,Newells,Velez Sarsfield,Argentinian Primera Division,50,0-1,9.4,3.55,1.6,2.88,1.49,134.16,0.29,0.38,2,1,5,6,3,2,0,1,13,5,48,1,Pendente,,,,1.261711110,194506,5116004,916957,1.261711120,47973
2026-09-11,2026-09-11 22:00,San Antonio Bulo Bulo x Aurora,San Antonio Bulo Bulo,Aurora,Bolivian Liga de Futbol Profesional,50,0-3,70.0,36.0,1.02,1.13,8.0,76.48,,,2,5,6,9,1,3,0,1,2,16,40,2,Pendente,,,,1.262255442,82392723,1000019040,144,1.262255452,47973
2026-09-11,2026-09-11 22:15,Defensa y Justicia x Gimnasia Mendoza,Defensa y Justicia,Gimnasia Mendoza,Argentinian Primera Division,45,1-0,1.3,5.4,18.5,2.54,1.63,21326.08,0.44,0.21,3,0,6,4,3,1,1,0,11,8,54,1,Pendente,,,,1.261710364,5178272,5115997,916957,1.261710374,47973
2026-09-11,2026-09-11 22:30,Racing Louisville FC (W) x NJ/NY Gotham FC (W),Racing Louisville FC (W),NJ/NY Gotham FC (W),US National Women Soccer League,50,1-2,5.5,3.05,1.91,1.2,5.7,444.46,0.72,0.43,2,4,5,8,3,4,2,0,5,16,27,1,Pendente,,,,1.262285026,39089136,5161633,920228,1.262285029,47973
2026-09-12,2026-09-12 00:00,Cusco FC x Melgar,Cusco FC,Melgar,Peruvian Primera Division,50,0-0,3.1,2.52,3.4,5.7,1.2,189.32,,,0,2,3,7,5,2,1,1,8,12,50,2,Pendente,,,,1.262097727,27767097,1000017230,131,1.262097730,47973
2026-09-12,2026-09-12 00:00,Real Potosi x Oriente Petrolero,Real Potosi,Oriente Petrolero,Bolivian Liga de Futbol Profesional,50,2-1,2.1,2.84,5.3,1.24,4.8,462.75,,,1,4,7,6,1,1,0,0,7,8,58,2,Pendente,,,,1.262251825,2295425,1000019041,144,1.262251828,47973
2026-09-12,2026-09-12 01:00,Necaxa x Puebla,Necaxa,Puebla,Mexican Liga MX,50,0-0,2.62,2.6,3.95,5.3,1.22,275.72,0.33,0.28,1,1,2,5,2,1,1,0,5,8,56,1,Pendente,,,,1.262058604,230910,1000014562,230,1.262058607,47973
2026-09-12,2026-09-12 01:30,Santa Fe x Tolima,Santa Fe,Tolima,Colombian Primera A,50,0-0,3.05,2.4,3.6,6.8,1.16,1950.94,0.76,0.10,2,2,8,5,3,2,0,0,14,9,51,1,Pendente,,,,1.262178228,4908158,1000014140,274,1.262178238,47973
2026-09-12,2026-09-12 09:30,Shimizu x Fukuoka,Shimizu,Fukuoka,Japanese J League,50,0-0,3.4,2.24,3.7,9.2,1.11,4383.98,0.47,0.09,0,1,4,2,0,3,2,0,10,6,65,1,Pendente,,,,1.262069629,441086,5803583,937875,1.262069632,47973
2026-09-12,2026-09-12 10:00,Nagasaki x Nagoya,Nagasaki,Nagoya,Japanese J League,50,1-1,1.83,3.5,5.4,1.96,2.02,3103.43,1.26,0.72,2,1,4,6,0,2,3,1,6,15,33,1,Pendente,,,,1.262069737,7081211,5803587,937875,1.262069740,47973
2026-09-12,2026-09-12 10:00,Hiroshima x Cerezo Osaka,Hiroshima,Cerezo Osaka,Japanese J League,50,3-0,1.01,70.0,120.0,,,291973.28,3.10,0.09,6,1,13,3,5,0,3,0,16,5,51,1,Pendente,,,,1.262070280,744103,5803582,937875,,
2026-09-12,2026-09-12 11:00,FC Magdeburg x Kaiserslautern,FC Magdeburg,Kaiserslautern,German Bundesliga 2,50,3-0,1.11,12.5,36.0,1.17,6.6,81745.38,0.47,0.46,4,2,6,5,2,2,1,1,13,5,50,1,Pendente,,,,1.262021951,516219,5881668,146,1.262021961,47973
2026-09-12,2026-09-12 11:00,Bochum x Greuther Furth,Bochum,Greuther Furth,German Bundesliga 2,50,2-0,1.35,5.1,13.5,1.82,2.2,4335.83,1.30,0.56,4,3,10,8,3,4,3,2,12,14,51,1,Pendente,,,,1.262024726,67143,5881663,146,1.262024736,47973
2026-09-12,2026-09-12 11:00,Braunschweig x Dynamo Dresden,Braunschweig,Dynamo Dresden,German Bundesliga 2,50,1-2,3.55,3.05,2.56,1.16,6.8,681.65,0.41,0.44,4,3,7,9,0,3,0,0,8,17,32,1,Pendente,,,,1.262024847,199184,5881664,146,1.262024896,47973
2026-09-12,2026-09-12 11:00,Tianjin Jinmen Tiger FC x Liaoning Tieren FC,Tianjin Jinmen Tiger FC,Liaoning Tieren FC,Chinese Super League,50,1-0,1.56,3.9,8.2,2.06,1.89,8110.4,,,1,0,3,3,1,2,1,0,6,6,36,2,Pendente,,,,1.262080347,50443178,5186547,920266,1.262080357,47973
2026-09-12,2026-09-12 11:00,SC Grobina x FK Jelgava,SC Grobina,FK Jelgava,Latvian Virsliga,50,0-0,3.2,2.46,3.35,6.0,1.18,1465.81,,,1,2,5,10,1,2,0,0,,,27,2,Pendente,,,,1.262190305,11279685,5162063,226,1.262190315,47973
2026-09-12,2026-09-12 11:00,Sisaket x Ayutthaya United,Sisaket,Ayutthaya United,Thai League 1,50,0-0,2.84,2.4,4.1,8.0,1.14,101.76,0.78,0.07,3,0,10,2,2,0,0,0,14,1,52,1,Pendente,,,,1.262276042,7619553,1000017728,8984,1.262276045,47973
2026-09-12,2026-09-12 11:30,Grimsby x Bristol Rovers,Grimsby,Bristol Rovers,English Sky Bet League 2,50,2-0,1.13,10.5,34.0,1.19,6.0,4917.58,0.35,0.03,3,0,4,2,4,3,2,0,6,4,48,1,Pendente,,,,1.262028619,48001,5837923,938220,1.262028629,47973
2026-09-12,2026-09-12 11:30,Crawley Town x Cheltenham,Crawley Town,Cheltenham,English Sky Bet League 2,50,2-2,7.4,4.0,1.61,,,812.52,0.90,0.76,4,2,8,6,3,2,0,1,15,6,53,1,Pendente,,,,1.262028729,266068,5837921,938220,,
2026-09-12,2026-09-12 11:30,Notts Co x Bradford,Notts Co,Bradford,English Sky Bet League 1,50,0-0,3.3,2.44,3.35,7.0,1.15,468.72,0.35,0.05,1,1,5,2,4,1,1,0,6,5,52,1,Pendente,,,,1.262035033,486328,5837153,938219,1.262035036,47973
2026-09-12,2026-09-12 11:30,Derby x Birmingham,Derby,Birmingham,English Sky Bet Championship,50,1-1,3.95,2.56,2.78,1.32,4.0,132.82,0.19,0.71,1,3,4,7,2,1,1,2,12,9,56,1,Pendente,,,,1.262082173,48325,5836829,938218,1.262082176,47973
2026-09-12,2026-09-12 11:30,Uthai Thani x Pattani FC,Uthai Thani,Pattani FC,Thai League 1,50,2-1,1.73,2.96,9.8,1.28,4.2,682.2,0.93,0.17,1,1,9,3,3,1,2,0,10,6,44,1,Pendente,,,,1.262273809,42165826,1000017729,8984,1.262273812,47973
2026-09-12,2026-09-12 11:30,Leyton Orient x Wycombe,Leyton Orient,Wycombe,English Sky Bet League 1,50,1-2,7.2,4.0,1.61,,,333.65,0.51,0.50,0,3,7,7,4,4,1,0,13,9,52,1,Pendente,,,,1.262028949,69717,5837150,938219,,
2026-09-12,2026-09-12 11:30,Bolton x Cardiff,Bolton,Cardiff,English Sky Bet Championship,50,0-0,3.45,2.92,2.68,4.0,1.33,563.12,0.21,1.01,3,5,4,9,2,4,0,1,7,15,46,1,Pendente,,,,1.262082065,48322,5836827,938218,1.262082068,47973
2026-09-12,2026-09-12 11:45,West Ham United (W) x London City Lionesses,West Ham United (W),London City Lionesses,English WSL,45,1-1,2.24,3.15,3.9,1.9,2.0,76.93,1.27,0.37,2,4,5,6,2,1,2,2,11,6,41,1,Pendente,,,,1.262076660,22333102,5981634,9227,1.262076663,47973
2026-09-12,2026-09-12 12:00,Racing Santander x Alaves,Racing Santander,Alaves,Spanish La Liga,50,1-1,2.98,2.82,3.2,1.23,5.2,77.49,0.69,1.57,3,6,5,8,2,3,1,3,7,8,64,1,Pendente,,,,1.261759725,24072,5868056,87,1.261759728,47973
2026-09-12,2026-09-12 12:00,Guingamp x Annecy,Guingamp,Annecy,French Ligue 2,50,1-1,7.0,3.6,1.65,2.22,1.76,69.27,0.73,0.32,2,3,5,5,3,2,1,0,6,13,51,1,Pendente,,,,1.262023572,44801,5803257,110,1.262023575,47973
2026-09-12,2026-09-12 12:00,Hvidovre x AaB,Hvidovre,AaB,Danish 1st Division,50,2-2,3.5,3.05,2.52,,,86.64,,,3,3,11,4,6,1,2,2,14,4,59,2,Pendente,,,,1.262024506,151007,5764490,936592,,
2026-09-12,2026-09-12 12:00,FC Andorra x Sociedad B,FC Andorra,Sociedad B,Spanish Segunda Division,50,1-3,38.0,13.5,1.09,,,127.38,0.32,0.41,3,3,10,5,5,0,0,1,21,5,78,1,Pendente,,,,1.262033543,46845986,5868437,938653,,
2026-09-12,2026-09-12 12:00,Sochaux x Nantes,Sochaux,Nantes,French Ligue 2,50,0-0,4.1,2.44,2.78,6.8,1.15,404.89,0.29,0.52,1,1,6,4,2,2,1,2,2,7,47,1,Pendente,,,,1.262160930,44796,5803262,110,1.262160933,47973
2026-09-12,2026-09-12 12:00,BG Pathumthani United x Rasi Salai United FC,BG Pathumthani United,Rasi Salai United FC,Thai League 1,50,3-2,1.6,3.5,9.6,,,152.89,1.21,1.32,4,2,6,3,2,0,2,3,9,5,63,1,Pendente,,,,1.262274009,23353035,1000017730,8984,,
2026-09-12,2026-09-12 12:45,Slask Wroclaw x Korona Kielce,Slask Wroclaw,Korona Kielce,Polish Ekstraklasa,45,0-1,13.0,4.5,1.39,2.36,1.71,318.69,0.05,1.06,1,3,2,8,2,1,0,1,5,12,51,1,Pendente,,,,1.262023962,3143307,5803982,937879,1.262023965,47973
2026-09-12,2026-09-12 13:00,Genoa x Frosinone,Genoa,Frosinone,Italian Serie A,50,1-1,5.3,3.35,1.92,2.02,1.95,1362.03,1.38,0.37,2,1,9,4,5,2,2,1,13,7,47,1,Pendente,,,,1.261753133,60310,5749672,55,1.261753117,47973
2026-09-12,2026-09-12 13:00,Esbjerg x HB Koge,Esbjerg,HB Koge,Danish 1st Division,50,2-0,1.44,4.7,9.2,1.72,2.2,263.01,,,3,0,5,9,4,4,1,0,8,19,41,2,Pendente,,,,1.262024396,113193,5764492,936592,1.262024406,47973
2026-09-12,2026-09-12 13:00,AIK x Vasteras SK,AIK,Vasteras SK,Swedish Allsvenskan,50,1-0,1.37,4.9,13.5,2.2,1.82,7418.17,1.40,0.64,3,1,6,8,4,1,1,0,10,11,72,1,Pendente,,,,1.262120304,168731,5107597,67,1.262120307,47973
2026-09-12,2026-09-12 13:00,Padova x Ascoli,Padova,Ascoli,Italian Serie B,50,0-0,2.86,2.4,4.1,6.6,1.17,527.17,0.35,0.31,1,1,6,5,1,4,1,0,7,13,30,1,Pendente,,,,1.262193649,522042,5967076,941726,1.262193652,47973
2026-09-12,2026-09-12 13:00,LR Vicenza Virtus x Juve Stabia,LR Vicenza Virtus,Juve Stabia,Italian Serie B,50,0-0,2.46,2.66,4.4,5.2,1.22,337.78,0.44,0.22,1,1,5,5,4,1,1,0,11,7,40,1,Pendente,,,,1.262193760,19857199,5967074,941726,1.262193763,47973
2026-09-12,2026-09-12 13:00,Sudtirol x Modena,Sudtirol,Modena,Italian Serie B,50,1-1,1.92,3.2,5.7,2.36,1.71,4138.14,0.53,0.51,2,1,7,5,3,4,1,1,14,12,54,1,Pendente,,,,1.262193956,4893599,5967078,941726,1.262193959,47973
2026-09-12,2026-09-12 13:30,Hoffenheim x Stuttgart,Hoffenheim,Stuttgart,German Bundesliga,50,2-1,1.5,4.6,8.2,1.59,2.66,2055.11,1.08,0.66,2,3,7,5,1,0,2,2,10,13,41,1,Pendente,,,,1.261750575,208026,5881166,54,1.261750559,47973
2026-09-12,2026-09-12 13:30,Augsburg x Leverkusen,Augsburg,Leverkusen,German Bundesliga,50,0-2,14.5,5.7,1.31,1.67,2.44,333.41,0.10,1.11,1,3,2,13,1,5,0,0,3,17,44,1,Pendente,,,,1.261751043,498560,5881161,54,1.261751016,47973
2026-09-12,2026-09-12 13:30,Mainz x Eintracht Frankfurt,Mainz,Eintracht Frankfurt,German Bundesliga,50,1-2,16.5,7.0,1.25,1.17,6.8,307.5,1.40,1.15,1,3,7,7,1,4,2,2,11,15,50,1,Pendente,,,,1.261751743,64374,5881167,54,1.261751727,47973
2026-09-12,2026-09-12 13:30,Dortmund x Paderborn,Dortmund,Paderborn,German Bundesliga,50,2-0,1.17,8.0,36.0,1.66,2.44,141865.18,0.20,0.31,2,0,4,6,2,2,1,0,8,15,55,1,Pendente,,,,1.261752136,44785,5881162,54,1.261752120,47973
2026-09-12,2026-09-12 14:00,Bournemouth x Brentford,Bournemouth,Brentford,English Premier League,50,1-1,2.74,2.6,3.7,1.27,4.5,158.87,0.79,0.28,2,1,5,4,1,0,2,1,9,13,58,1,Pendente,,,,1.261736331,1141,5795445,47,1.261736270,47973
2026-09-12,2026-09-12 14:00,Crystal Palace x Ipswich,Crystal Palace,Ipswich,English Premier League,50,1-3,22.0,5.9,1.26,,,70.02,0.41,0.83,2,2,5,4,5,0,0,2,7,10,50,1,Pendente,,,,1.261736816,62523,5795449,47,,
2026-09-12,2026-09-12 14:00,Mansfield x Huddersfield,Mansfield,Huddersfield,English Sky Bet League 1,50,0-0,3.8,2.78,2.58,4.5,1.27,1350.89,0.91,0.27,0,1,7,6,1,2,2,0,9,10,58,1,Pendente,,,,1.262029169,69716,5837152,938219,1.262029179,47973
2026-09-12,2026-09-12 14:00,Colchester x Crewe,Colchester,Crewe,English Sky Bet League 2,50,1-0,1.49,4.2,9.4,2.1,1.86,77.66,0.16,0.15,1,0,3,5,0,0,1,1,3,6,46,1,Pendente,,,,1.262030942,148734,5837920,938220,1.262030952,47973
2026-09-12,2026-09-12 14:00,Oldham x Chesterfield,Oldham,Chesterfield,English Sky Bet League 2,50,1-1,6.6,3.75,1.65,2.04,1.92,1204.56,0.22,1.39,2,2,4,8,1,2,0,2,5,10,46,1,Pendente,,,,1.262031828,69819,5837925,938220,1.262031838,47973
2026-09-12,2026-09-12 14:00,Boluspor x Pendikspor,Boluspor,Pendikspor,Turkish 1 Lig,50,1-1,2.32,3.1,3.8,2.04,1.9,759.92,,,2,2,7,3,2,5,1,0,6,5,25,2,Pendente,,,,1.262041714,2553026,5908630,165,1.262041724,47973
2026-09-12,2026-09-12 14:00,Blackburn x Millwall,Blackburn,Millwall,English Sky Bet Championship,50,1-0,1.45,4.3,12.0,2.54,1.63,251.02,0.44,0.14,2,1,9,4,5,0,1,1,12,8,42,1,Pendente,,,,1.262082497,48350,5836826,938218,1.262082500,47973
2026-09-12,2026-09-12 14:00,IFK Mariehamn x TPS,IFK Mariehamn,TPS,Finnish Veikkausliiga,50,1-0,1.61,3.85,7.4,2.04,1.92,8900.96,,,2,2,6,12,0,3,1,1,15,13,48,2,Pendente,,,,1.262208323,1099216,6145899,945700,1.262208326,47973
2026-09-12,2026-09-12 14:00,Newport County x Fleetwood Town,Newport County,Fleetwood Town,English Sky Bet League 2,50,1-0,1.54,3.95,8.4,2.26,1.74,969.48,1.56,0.09,1,1,7,4,5,1,2,0,12,4,53,1,Pendente,,,,1.262032048,62623,5837924,938220,1.262032058,47973
2026-09-12,2026-09-12 14:00,Port Vale x Exeter,Port Vale,Exeter,English Sky Bet League 2,50,0-0,2.7,2.36,4.6,8.0,1.13,166.67,0.31,0.13,0,0,6,4,3,2,0,0,12,4,48,1,Pendente,,,,1.262037572,256373,5837926,938220,1.262037582,47973
2026-09-12,2026-09-12 14:00,Shrewsbury x Northampton,Shrewsbury,Northampton,English Sky Bet League 2,50,2-0,1.08,15.0,44.0,1.39,3.35,207.82,0.48,0.29,3,2,8,3,1,2,1,0,11,4,42,1,Pendente,,,,1.262042413,148735,5837928,938220,1.262042423,47973
2026-09-12,2026-09-12 14:00,Watford x Stoke,Watford,Stoke,English Sky Bet Championship,50,0-1,9.8,4.0,1.53,2.4,1.69,121.16,0.15,0.55,0,4,2,11,2,6,0,0,5,10,36,1,Pendente,,,,1.262082720,56301,5836835,938218,1.262082723,47973
2026-09-12,2026-09-12 14:00,Southampton x Bristol City,Southampton,Bristol City,English Sky Bet Championship,50,1-0,1.45,4.5,10.0,1.98,1.98,1891.54,0.18,1.38,2,5,4,14,2,3,2,2,11,20,52,1,Pendente,,,,1.262082828,58943,5836833,938218,1.262082831,47973
2026-09-12,2026-09-12 14:00,Plymouth x Barnsley,Plymouth,Barnsley,English Sky Bet League 1,50,3-0,1.08,14.5,50.0,1.18,6.0,10701.02,0.30,0.28,3,0,6,4,2,1,1,0,6,6,36,1,Pendente,,,,1.262029059,148733,5837155,938219,1.262029069,47973
2026-09-12,2026-09-12 14:00,AFC Wimbledon x Doncaster,AFC Wimbledon,Doncaster,English Sky Bet League 1,50,1-1,1.82,3.4,5.8,2.12,1.86,3462.26,0.15,0.81,2,5,4,12,1,2,0,1,7,14,36,1,Pendente,,,,1.262037242,2662218,5837147,938219,1.262037252,47973
2026-09-12,2026-09-12 14:00,Walsall x Rochdale,Walsall,Rochdale,English Sky Bet League 2,50,0-0,2.2,2.74,5.1,4.8,1.25,166.26,0.63,0.34,2,1,7,8,4,3,1,0,10,9,64,1,Pendente,,,,1.262037772,55213,5837929,938220,1.262037782,47973
2026-09-12,2026-09-12 14:00,York City x Swindon,York City,Swindon,English Sky Bet League 2,50,3-0,1.06,18.5,65.0,1.15,7.4,22919.7,0.93,0.20,5,3,9,3,4,0,1,0,13,6,70,1,Pendente,,,,1.262037992,256226,5837930,938220,1.262038002,47973
2026-09-12,2026-09-12 14:00,Stockport x Leicester,Stockport,Leicester,English Sky Bet League 1,50,2-2,4.3,3.45,2.04,,,1038.25,1.10,0.78,2,2,7,5,2,0,3,1,15,7,40,1,Pendente,,,,1.262038522,47997,5837158,938219,,
2026-09-12,2026-09-12 14:00,Charlton x Portsmouth,Charlton,Portsmouth,English Sky Bet Championship,50,0-0,3.0,2.4,3.9,7.0,1.16,371.16,0.59,0.01,3,0,7,1,5,1,1,0,16,9,48,1,Pendente,,,,1.262083260,48349,5836828,938218,1.262083263,47973
2026-09-12,2026-09-12 14:00,Liverpool x Fulham,Liverpool,Fulham,English Premier League,50,1-0,1.85,3.25,6.2,4.2,1.3,932.92,0.38,0.40,1,2,6,5,3,3,2,1,7,17,53,1,Pendente,,,,1.261737136,56323,5795451,47,1.261737075,47973
2026-09-12,2026-09-12 14:00,Al Arabi (QAT) x Qatar SC,Al Arabi (QAT),Qatar SC,Qatari Stars League,50,1-0,1.94,3.35,5.0,3.2,1.42,870.24,,,3,2,7,11,4,2,0,0,11,12,61,2,Pendente,,,,1.261974727,11093561,5952271,535,1.261974737,47973
2026-09-12,2026-09-12 14:00,Barnet x Accrington,Barnet,Accrington,English Sky Bet League 2,50,1-1,3.65,3.2,2.32,1.9,2.08,963.59,0.55,0.36,1,2,7,4,3,1,4,1,19,3,60,1,Pendente,,,,1.262031938,1165,5837919,938220,1.262031948,47973
2026-09-12,2026-09-12 14:00,Gillingham x Tranmere,Gillingham,Tranmere,English Sky Bet League 2,50,0-0,3.5,2.4,3.15,6.4,1.18,110.84,0.28,0.45,2,2,4,6,3,4,0,0,11,10,54,1,Pendente,,,,1.262032158,56298,5837922,938220,1.262032168,47973
2026-09-12,2026-09-12 14:00,Oxford Utd x Burton Albion,Oxford Utd,Burton Albion,English Sky Bet League 1,50,0-0,2.8,2.34,4.3,7.6,1.13,117.76,0.09,0.17,0,1,3,2,0,3,0,0,5,11,66,1,Pendente,,,,1.262036835,256171,5837154,938219,1.262036886,47973
2026-09-12,2026-09-12 14:00,Blackpool x Bromley,Blackpool,Bromley,English Sky Bet League 1,50,3-1,1.3,5.6,16.5,,,2976.94,0.87,0.62,3,4,10,8,5,6,1,1,12,12,58,1,Pendente,,,,1.262037132,64964,5837148,938219,,
2026-09-12,2026-09-12 14:00,Eyupspor x Rizespor,Eyupspor,Rizespor,Turkish Super League,50,1-1,6.0,3.3,1.85,2.3,1.75,1141.88,0.30,1.23,2,1,6,5,1,1,0,2,9,8,38,1,Pendente,,,,1.262038212,4202656,5904741,71,1.262038222,47973
2026-09-12,2026-09-12 14:00,Cambridge Utd x Reading,Cambridge Utd,Reading,English Sky Bet League 1,50,0-1,12.0,4.4,1.42,2.5,1.63,1158.26,0.08,0.71,0,3,3,7,2,2,0,2,5,9,50,1,Pendente,,,,1.262038632,256400,5837149,938219,1.262038642,47973
2026-09-12,2026-09-12 14:00,Rotherham x Salford City,Rotherham,Salford City,English Sky Bet League 2,50,2-3,3.8,2.98,2.4,,,341.78,1.38,0.34,4,3,9,7,1,3,1,3,13,9,42,1,Pendente,,,,1.262040805,18565,5837927,938220,,
2026-09-12,2026-09-12 14:00,Swansea x Burnley,Swansea,Burnley,English Sky Bet Championship,50,2-0,1.12,11.0,38.0,1.23,5.2,31181.03,1.37,1.21,3,2,7,13,2,4,2,2,12,9,50,1,Pendente,,,,1.262082936,62683,5836834,938218,1.262082939,47973
2026-09-12,2026-09-12 14:00,Middlesbrough x Norwich,Middlesbrough,Norwich,English Sky Bet Championship,50,3-1,1.1,12.5,46.0,,,68121.36,1.43,0.31,4,2,10,5,0,4,3,1,23,16,55,1,Pendente,,,,1.262083152,74303,5836830,938218,,
2026-09-12,2026-09-12 14:00,Lillestrom x Valerenga,Lillestrom,Valerenga,Norwegian Eliteserien,50,1-1,1.54,4.2,8.2,1.86,2.1,15988.59,0.14,0.57,1,0,2,7,1,3,1,0,5,16,51,1,Pendente,,,,1.262086152,10770,5105003,59,1.262086159,47973
2026-09-12,2026-09-12 14:00,Preston x Lincoln,Preston,Lincoln,English Sky Bet Championship,50,0-0,2.8,2.42,4.1,7.0,1.15,131.34,0.20,0.21,1,0,3,2,7,2,0,0,6,11,46,1,Pendente,,,,1.262082612,56295,5836831,938218,1.262082615,47973
2026-09-12,2026-09-12 14:15,Osasuna x Espanyol,Osasuna,Espanyol,Spanish La Liga,45,1-2,22.0,7.4,1.21,1.27,4.5,166.3,0.43,1.40,1,3,5,5,1,1,0,2,16,10,56,1,Pendente,,,,1.261758763,10543,5868055,87,1.261758702,47973
2026-09-12,2026-09-12 14:15,Cadiz x Las Palmas,Cadiz,Las Palmas,Spanish Segunda Division,45,0-0,3.5,2.44,3.15,6.2,1.18,866.49,0.14,0.94,0,3,2,10,1,5,0,0,7,19,54,1,Pendente,,,,1.262100418,516259,5868439,938653,1.262100421,47973
2026-09-12,2026-09-12 14:30,FC Twente x ADO Den Haag,FC Twente,ADO Den Haag,Dutch Eredivisie,50,1-0,1.43,4.5,11.0,2.7,1.56,502.37,0.46,0.32,3,2,7,5,5,2,2,1,15,5,64,1,Pendente,,,,1.261744735,7928242,5781746,937276,1.261744832,47973
2026-09-12,2026-09-12 14:30,CD Nacional Funchal x Alverca,CD Nacional Funchal,Alverca,Portuguese Primeira Liga,50,0-3,100.0,46.0,1.02,,,69.72,0.14,0.98,1,7,3,8,1,0,0,2,7,18,46,1,Pendente,,,,1.262053220,22012893,5887633,61,,
2026-09-12,2026-09-12 14:30,Roda JC x Vitesse Arnhem,Roda JC,Vitesse Arnhem,Dutch Eerste Divisie,50,1-0,1.51,4.1,9.0,2.02,1.96,79.58,,,2,4,4,8,1,5,1,1,5,5,51,2,Pendente,,,,1.262086468,50331,5832865,111,1.262086471,47973
2026-09-12,2026-09-12 15:00,SCR Altach x Grazer AK,SCR Altach,Grazer AK,Austrian Bundesliga,50,2-2,5.1,3.3,1.96,,,113.19,1.14,0.15,2,3,9,3,4,1,2,1,10,5,58,1,Pendente,,,,1.261752595,872710,5845981,938366,,
2026-09-12,2026-09-12 15:00,Osijek x Dinamo Zagreb,Osijek,Dinamo Zagreb,Croatian HNL,50,2-1,1.38,5.4,9.6,1.16,6.6,758.44,,,7,1,11,6,1,3,4,0,12,11,47,2,Pendente,,,,1.262052890,16777,5765928,252,1.262052900,47973
2026-09-12,2026-09-12 15:15,Strasbourg x Monaco,Strasbourg,Monaco,French Ligue 1,45,0-1,3.8,2.86,2.56,3.85,1.34,819.05,0.73,0.31,1,1,9,5,2,2,0,0,21,11,45,1,Pendente,,,,1.261748193,51404,5802936,53,1.261748301,47973
2026-09-12,2026-09-12 15:15,Catanzaro x Carrarese,Catanzaro,Carrarese,Italian Serie B,45,0-0,2.24,2.7,5.2,5.3,1.22,24609.59,0.84,0.30,0,1,9,6,1,1,2,1,16,8,76,1,Pendente,,,,1.262194193,522058,5967071,941726,1.262194196,47973
2026-09-12,2026-09-12 15:30,ACS Sepsi OSK x CFR Cluj,ACS Sepsi OSK,CFR Cluj,Romanian Liga I,50,0-1,9.4,3.6,1.58,2.74,1.54,305.01,,,2,3,5,7,0,2,1,1,7,8,62,2,Pendente,,,,1.261991309,8916863,5853502,938428,1.261991319,47973
2026-09-12,2026-09-12 15:30,Gornik Zabrze x Lech Poznan,Gornik Zabrze,Lech Poznan,Polish Ekstraklasa,50,0-1,9.2,4.1,1.5,2.08,1.88,77.31,0.23,0.18,1,1,4,5,1,2,0,0,8,9,55,1,Pendente,,,,1.262030703,503499,5803977,937879,1.262030706,47973
2026-09-12,2026-09-12 15:30,CD Los Chankas x FC Cajamarca,CD Los Chankas,FC Cajamarca,Peruvian Primera Division,50,1-2,14.5,6.2,1.26,1.16,6.2,93.6,,,0,2,4,9,2,1,0,0,7,10,63,2,Pendente,,,,1.262093244,65437610,1000017236,131,1.262093254,47973
2026-09-12,2026-09-12 15:30,IFK Goteborg x Halmstads,IFK Goteborg,Halmstads,Swedish Allsvenskan,50,2-0,1.18,7.6,27.0,2.0,1.97,3881.18,0.56,0.09,3,0,10,3,4,4,0,0,17,4,51,1,Pendente,,,,1.262120043,30689,5107600,67,1.262120046,47973
2026-09-12,2026-09-12 15:50,Al-Taawoun Buraidah x Al-Hilal,Al-Taawoun Buraidah,Al-Hilal,Saudi Professional League,45,0-3,140.0,100.0,,,,318.13,0.40,3.11,0,4,3,12,1,2,0,3,4,26,43,1,Pendente,,,,1.262226224,12157288,5970142,536,,
2026-09-12,2026-09-12 16:00,Lazio x AC Milan,Lazio,AC Milan,Italian Serie A,50,2-1,1.23,7.0,20.0,1.26,4.7,7045.74,2.04,0.47,5,2,7,7,2,4,4,1,10,11,39,1,Pendente,,,,1.261755359,56966,5749674,55,1.261755343,47973
2026-09-12,2026-09-12 16:00,Trencin x Dunajska Streda,Trencin,Dunajska Streda,Slovakian Super League,50,0-3,60.0,36.0,1.02,,,74.54,,,1,5,6,6,1,2,0,3,10,7,53,2,Pendente,,,,1.262046511,501167,5772181,936918,,
2026-09-12,2026-09-12 16:00,St Gallen x Sion,St Gallen,Sion,Swiss Super League,50,1-2,11.0,6.2,1.32,1.12,8.4,90.15,0.48,0.81,3,2,12,4,5,0,0,2,26,3,53,1,Pendente,,,,1.262085398,6392,5804262,937880,1.262085401,47973
2026-09-12,2026-09-12 16:00,Ruzomberok x Zemplin,Ruzomberok,Zemplin,Slovakian Super League,50,1-0,1.32,5.3,14.5,2.14,1.82,2496.81,,,4,0,12,5,4,0,4,0,26,6,48,2,Pendente,,,,1.262096688,52764,5772182,936918,1.262096698,47973
2026-09-12,2026-09-12 16:00,AC Oulu x Gnistan,AC Oulu,Gnistan,Finnish Veikkausliiga,50,0-0,2.72,2.52,3.95,5.7,1.2,238.85,,,3,0,6,5,1,1,0,1,9,6,66,2,Pendente,,,,1.262209514,396699,6145869,945694,1.262209517,47973
2026-09-12,2026-09-12 16:00,Aarau x Kriens,Aarau,Kriens,Swiss Challenge League,50,2-2,4.0,3.6,2.02,,,1332.15,,,4,5,12,14,4,2,1,3,16,18,52,2,Pendente,,,,1.262031532,65777,5804591,163,,
2026-09-12,2026-09-12 16:00,Thun x Grasshoppers Zurich,Thun,Grasshoppers Zurich,Swiss Super League,50,1-2,9.2,5.2,1.41,1.55,2.7,501.88,0.98,1.40,0,3,11,11,4,3,2,2,17,15,61,1,Pendente,,,,1.262089101,176184,5804263,937880,1.262089111,47973
2026-09-12,2026-09-12 16:00,Ilves x Lahti,Ilves,Lahti,Finnish Veikkausliiga,50,1-1,1.6,3.9,7.2,1.93,2.02,2264.12,,,2,1,7,14,0,5,2,0,11,17,38,2,Pendente,,,,1.262208431,1229635,6145901,945700,1.262208434,47973
2026-09-12,2026-09-12 16:15,Westerlo x Standard,Westerlo,Standard,Belgian Pro League,45,1-1,1.71,3.8,6.2,1.89,2.08,852.97,0.27,0.24,3,2,5,6,0,4,1,0,8,12,35,1,Pendente,,,,1.262052780,51406,5811757,937988,1.262052790,47973
2026-09-12,2026-09-12 16:15,Al-Duhail SC x Al Shahaniya,Al-Duhail SC,Al Shahaniya,Qatari Stars League,45,0-0,2.16,5.6,,5.4,1.21,1484.8,,,1,1,6,1,3,1,0,0,15,3,62,2,Pendente,,,,1.262262220,18349055,5952270,535,1.262262223,47973
2026-09-12,2026-09-12 16:30,Girona x CD Castellon,Girona,CD Castellon,Spanish Segunda Division,50,1-1,1.65,3.85,7.2,1.92,2.06,1231.19,0.71,0.24,4,4,6,6,1,5,2,0,5,15,42,1,Pendente,,,,1.262128122,968185,5868442,938653,1.262128125,47973
2026-09-12,2026-09-12 16:30,Tottenham x Everton,Tottenham,Everton,English Premier League,50,0-0,2.32,2.76,4.7,5.0,1.24,4773.96,0.32,0.18,0,1,7,4,2,3,1,0,21,4,61,1,Pendente,,,,1.261737498,48224,5795454,47,1.261737437,47973
2026-09-12,2026-09-12 16:30,FC Koln x Werder Bremen,FC Koln,Werder Bremen,German Bundesliga,50,1-0,1.45,4.6,10.0,1.79,2.24,11107.96,1.01,0.34,3,1,7,6,4,3,1,0,14,14,40,1,Pendente,,,,1.261751991,44783,5881164,54,1.261751975,47973
2026-09-12,2026-09-12 16:30,Granada x Albacete,Granada,Albacete,Spanish Segunda Division,50,0-0,2.64,2.52,4.3,6.0,1.18,215.65,0.04,0.23,1,2,2,4,2,3,0,0,4,10,52,1,Pendente,,,,1.262091056,2255452,5868443,938653,1.262091059,47973
2026-09-12,2026-09-12 16:30,Kolding IF x Fredericia,Kolding IF,Fredericia,Danish 1st Division,50,0-0,5.3,2.98,2.02,3.8,1.35,997.53,,,1,4,3,11,3,6,0,0,7,23,46,2,Pendente,,,,1.262097695,151010,5764491,936592,1.262097705,47973
2026-09-12,2026-09-12 16:30,Cukaricki x FK Novi Pazar,Cukaricki,FK Novi Pazar,Serbian Super League,50,1-1,2.8,3.8,,1.34,3.75,1086.57,,,2,3,4,3,0,1,1,0,9,1,56,2,Pendente,,,,1.262166931,2503611,1000015127,182,1.262166934,47973
2026-09-12,2026-09-12 16:45,Go Ahead Eagles x FC Groningen,Go Ahead Eagles,FC Groningen,Dutch Eredivisie,45,1-1,4.3,3.55,2.02,1.62,2.56,1166.9,0.94,0.15,4,2,9,4,4,0,2,0,18,6,57,1,Pendente,,,,1.261742212,419123,5781748,937276,1.261742222,47973
2026-09-12,2026-09-12 17:00,Alanyaspor x Goztepe,Alanyaspor,Goztepe,Turkish Super League,50,0-1,7.4,3.7,1.66,2.18,1.8,1175.67,0.24,0.67,1,2,6,7,4,2,0,1,10,8,60,1,Pendente,,,,1.262041242,2080777,5904742,71,1.262041261,47973
2026-09-12,2026-09-12 17:00,Konyaspor x Trabzonspor,Konyaspor,Trabzonspor,Turkish Super League,50,1-1,1.83,3.55,5.6,1.92,2.02,537.01,0.85,0.31,4,0,7,5,3,2,2,1,13,13,29,1,Pendente,,,,1.262041582,482032,5904745,71,1.262041593,47973
2026-09-12,2026-09-12 17:00,Lugano x Young Boys,Lugano,Young Boys,Swiss Super League,50,2-2,5.8,4.0,1.71,,,231.36,0.70,2.07,3,5,10,10,3,3,0,2,13,15,56,1,Pendente,,,,1.262085640,65780,5804264,937880,,
2026-09-12,2026-09-12 17:00,Umraniyespor x Antalyaspor,Umraniyespor,Antalyaspor,Turkish 1 Lig,50,1-0,1.66,3.65,7.6,2.12,1.76,3215.35,,,1,1,6,7,0,1,1,0,5,12,32,2,Pendente,,,,1.262094495,6250160,5908629,165,1.262094498,47973
2026-09-12,2026-09-12 17:00,Casa Pia x Porto,Casa Pia,Porto,Portuguese Primeira Liga,50,1-2,14.0,4.2,1.44,1.16,6.8,153.17,1.14,1.14,2,1,6,8,1,6,2,1,6,20,32,1,Pendente,,,,1.262097585,616839,5887630,61,1.262097595,47973
2026-09-12,2026-09-12 17:30,Cesena x US Cremonese,Cesena,US Cremonese,Italian Serie B,50,1-1,1.77,3.5,6.4,2.08,1.89,1034.1,0.42,0.59,1,2,6,6,2,2,1,2,8,5,35,1,Pendente,,,,1.262194083,501219,5967072,941726,1.262194086,47973
2026-09-12,2026-09-12 17:45,Independiente Rivadavia x Aldosivi,Independiente Rivadavia,Aldosivi,Argentinian Primera Division,45,3-1,1.02,36.0,110.0,,,104080.39,1.95,0.23,6,1,9,5,1,3,3,1,9,7,54,1,Pendente,,,,1.261712066,5333044,5116002,916957,,
2026-09-12,2026-09-12 18:00,Fortuna Sittard x Ajax,Fortuna Sittard,Ajax,Dutch Eredivisie,50,0-2,28.0,7.8,1.19,1.69,2.42,683.58,0.09,1.16,2,5,3,13,1,6,0,1,6,31,26,1,Pendente,,,,1.261742648,49058,5781747,937276,1.261742658,47973
2026-09-12,2026-09-12 18:00,Dunkerque x St Etienne,Dunkerque,St Etienne,French Ligue 2,50,0-1,19.5,5.9,1.26,2.16,1.81,76.2,0.25,0.87,0,2,3,3,2,1,0,2,4,12,40,1,Pendente,,,,1.262053000,2250259,5803256,110,1.262053010,47973
2026-09-12,2026-09-12 18:00,Comerciantes Unidos x Sport Huancayo,Comerciantes Unidos,Sport Huancayo,Peruvian Primera Division,50,0-1,6.0,2.72,2.02,5.6,1.2,651.03,,,0,0,2,6,0,2,0,0,2,6,58,2,Pendente,,,,1.262059253,10778457,1000017233,131,1.262059263,47973
2026-09-12,2026-09-12 18:00,Cobresal x Coquimbo Unido,Cobresal,Coquimbo Unido,Chilean Primera Division,50,1-1,3.45,2.62,2.72,1.24,4.9,96.98,,,1,4,6,8,5,1,0,2,8,7,52,2,Pendente,,,,1.262061206,5129865,1000013229,273,1.262061216,47973
2026-09-12,2026-09-12 18:00,Lokomotiva x Rijeka,Lokomotiva,Rijeka,Croatian HNL,50,0-1,7.4,2.82,1.9,5.5,1.21,914.02,,,1,2,3,9,0,5,0,1,4,17,33,2,Pendente,,,,1.262104367,4057235,5765927,252,1.262104377,47973
2026-09-12,2026-09-12 18:00,Al-Khaleej Saihat x Al Nassr,Al-Khaleej Saihat,Al Nassr,Saudi Professional League,50,1-1,2.84,3.25,2.88,1.73,2.32,1462.66,0.43,0.63,2,0,4,5,4,3,2,1,10,11,42,1,Pendente,,,,1.262224795,10369569,5970138,536,1.262224805,47973
2026-09-12,2026-09-12 18:15,Zaglebie Lubin x GKS Katowice,Zaglebie Lubin,GKS Katowice,Polish Ekstraklasa,45,1-0,1.58,4.0,7.6,1.96,2.0,3677.12,1.23,0.08,1,1,11,3,3,1,3,0,14,4,50,1,Pendente,,,,1.262046037,166904,5803985,937879,1.262046040,47973
2026-09-12,2026-09-12 18:30,St Pauli x Wolfsburg,St Pauli,Wolfsburg,German Bundesliga 2,50,0-0,3.2,2.84,2.92,3.85,1.34,365.69,0.72,0.35,2,2,10,6,6,1,3,1,7,8,36,1,Pendente,,,,1.262053110,44526,5881670,146,1.262053120,47973
2026-09-12,2026-09-12 18:30,Spartak Trnava x FC Kosice,Spartak Trnava,FC Kosice,Slovakian Super League,50,2-1,1.31,5.4,14.5,,,1981.83,,,3,2,5,3,1,1,0,1,10,4,59,2,Pendente,,,,1.262096908,427643,5772185,936918,,
2026-09-12,2026-09-12 18:30,Rapid Bucharest x FC Voluntari,Rapid Bucharest,FC Voluntari,Romanian Liga I,50,1-1,2.66,3.15,3.1,1.7,2.28,342.21,,,3,3,14,7,4,2,3,1,16,5,62,2,Pendente,,,,1.262011752,6394,5853500,938428,1.262011762,47973
2026-09-12,2026-09-12 18:45,Auxerre x Nice,Auxerre,Nice,French Ligue 1,45,0-0,3.35,2.56,3.15,5.4,1.22,958.95,0.51,0.33,3,2,5,3,1,1,0,0,15,9,34,1,Pendente,,,,1.261747673,44800,5802928,53,1.261747657,47973
2026-09-12,2026-09-12 18:45,Paris FC x Lyon,Paris FC,Lyon,French Ligue 1,45,0-0,3.1,2.6,3.35,5.8,1.2,9194.58,0.11,0.32,2,0,3,3,1,0,0,0,5,8,51,1,Pendente,,,,1.261747797,5168454,5802934,53,1.261747781,47973
2026-09-12,2026-09-12 18:45,Le Havre x Angers,Le Havre,Angers,French Ligue 1,45,0-0,3.25,2.64,3.1,4.8,1.25,8497.91,0.96,0.33,4,1,10,4,2,3,0,0,10,9,47,1,Pendente,,,,1.261747945,70446,5802930,53,1.261747929,47973
2026-09-12,2026-09-12 18:45,Lorient x Toulouse,Lorient,Toulouse,French Ligue 1,45,2-0,1.14,9.6,36.0,1.25,4.7,42566.87,0.32,0.34,3,1,5,4,1,2,0,0,11,17,40,1,Pendente,,,,1.261748069,44794,5802933,53,1.261748053,47973
2026-09-12,2026-09-12 18:45,Atalanta x Cagliari,Atalanta,Cagliari,Italian Serie A,45,2-1,1.99,2.84,6.8,1.29,4.3,16123.91,0.29,0.28,2,3,8,3,2,1,0,1,13,2,57,1,Pendente,,,,1.261753008,215817,5749670,55,1.261752992,47973
2026-09-12,2026-09-12 18:45,Union St Gilloise x Lommel,Union St Gilloise,Lommel,Belgian Pro League,45,3-0,1.03,32.0,160.0,1.16,6.8,72315.87,1.17,0.50,5,3,10,7,0,2,2,0,27,14,48,1,Pendente,,,,1.262047878,892024,5811759,937988,1.262047881,47973
2026-09-12,2026-09-12 19:00,Sunderland x Arsenal,Sunderland,Arsenal,English Premier League,50,0-0,7.2,2.66,2.04,6.0,1.19,2702.68,0.13,0.91,0,2,5,5,2,1,0,2,6,10,33,1,Pendente,,,,1.261737702,62783,5795453,47,1.261737641,47973
2026-09-12,2026-09-12 19:00,Cambuur Leeuwarden x NEC Nijmegen,Cambuur Leeuwarden,NEC Nijmegen,Dutch Eredivisie,50,1-1,2.1,3.6,3.95,1.54,2.72,6904.51,1.56,0.46,4,1,8,3,1,2,4,0,19,12,32,1,Pendente,,,,1.261743304,8942269,5781741,937276,1.261743314,47973
2026-09-12,2026-09-12 19:00,Gremio x Vasco da Gama,Gremio,Vasco da Gama,Brazilian Serie A,50,1-1,1.8,6.4,,2.28,1.76,1641.64,0.31,0.47,3,2,7,8,2,3,0,2,10,11,52,1,Pendente,,,,1.261823144,198134,5103630,268,1.261823154,47973
2026-09-12,2026-09-12 19:00,Cordoba x Almeria,Cordoba,Almeria,Spanish Segunda Division,50,0-0,2.62,2.66,4.0,4.8,1.25,234.29,0.37,0.05,1,0,6,1,5,0,0,0,15,,55,1,Pendente,,,,1.262126285,68247,5868441,938653,1.262126288,47973
2026-09-12,2026-09-12 19:00,Atletico MG x Fluminense,Atletico MG,Fluminense,Brazilian Serie A,50,0-0,2.7,2.44,4.5,7.0,1.16,2120.72,0.58,0.15,2,1,5,4,2,1,1,0,7,3,57,1,Pendente,,,,1.261819438,361329,5103629,268,1.261819448,47973
2026-09-12,2026-09-12 19:00,Manta FC x Aucas,Manta FC,Aucas,Ecuadorian Serie A,50,0-0,3.0,2.28,4.0,9.4,1.1,83.13,,,3,0,5,1,2,1,0,0,18,1,62,2,Pendente,,,,1.262167438,5366102,1000009106,246,1.262167448,47973
2026-09-12,2026-09-12 19:00,Guarani (Par) x Cerro Porteno,Guarani (Par),Cerro Porteno,Paraguayan Primera Division,50,1-1,3.7,2.26,3.25,1.42,3.3,431.91,,,3,1,8,8,4,2,2,0,10,8,47,2,Pendente,,,,1.262182037,489163,1000017405,199,1.262182040,47973
2026-09-12,2026-09-12 19:30,Academico de Viseu x Guimaraes,Academico de Viseu,Guimaraes,Portuguese Primeira Liga,50,0-0,5.0,2.5,2.46,6.6,1.17,678.83,0.31,0.92,1,3,4,9,3,5,0,1,6,14,52,1,Pendente,,,,1.262149376,7611327,5887627,61,1.262149379,47973
2026-09-12,2026-09-12 20:00,Chapecoense x Internacional,Chapecoense,Internacional,Brazilian Serie A,50,1-1,4.0,2.56,2.74,1.32,3.95,5191.71,0.39,0.19,1,1,8,3,3,0,2,0,11,4,62,1,Pendente,,,,1.261823691,2909511,5103633,268,1.261823701,47973
2026-09-12,2026-09-12 20:00,FC Supra du Quebec x HFX Wanderers,FC Supra du Quebec,HFX Wanderers,Canadian Premier League,50,1-2,10.0,5.6,1.26,1.19,3.45,79.71,,,2,3,9,4,0,0,2,3,9,6,52,2,Pendente,,,,1.262305411,97281288,5175963,9986,1.262305414,47973
2026-09-12,2026-09-12 20:00,Academia Anzoategui FC x Metropolitanos,Academia Anzoategui FC,Metropolitanos,Venezuelan Primera Division,50,0-1,9.8,4.4,1.45,1.95,2.02,445.98,,,3,3,9,8,3,4,0,0,,,52,2,Pendente,,,,1.262308940,48712776,1000018914,339,1.262308950,47973
2026-09-12,2026-09-12 21:05,Internacional de Bogotá x Llaneros FC,Internacional de Bogotá,Llaneros FC,Colombian Primera A,45,2-2,2.44,2.54,4.8,,,1183.39,0.80,0.13,5,2,9,3,2,3,2,0,10,5,48,1,Pendente,,,,1.262178558,94680813,1000014138,274,,
2026-09-12,2026-09-12 21:00,Estudiantes de Merida x Deportivo Tachira,Estudiantes de Merida,Deportivo Tachira,Venezuelan Primera Division,50,0-0,3.4,2.28,3.35,7.0,1.15,609.66,,,0,3,7,5,6,5,0,0,,,64,2,Pendente,,,,1.262307447,7838019,1000018911,339,1.262307467,47973
2026-09-12,2026-09-12 21:15,The Strongest x CDT Real Oruro,The Strongest,CDT Real Oruro,Bolivian Liga de Futbol Profesional,45,2-1,1.01,60.0,60.0,1.04,17.5,30293.28,,,3,0,10,0,5,1,2,0,13,,64,2,Pendente,,,,1.262252258,328205,1000019043,144,1.262252261,47973
2026-09-12,2026-09-12 21:30,SE Palmeiras x Sao Paulo,SE Palmeiras,Sao Paulo,Brazilian Serie A,50,2-0,1.08,14.5,85.0,2.1,1.9,13858.48,0.80,0.23,2,1,9,5,6,3,1,0,7,7,56,1,Pendente,,,,1.261823034,22498185,5103627,268,1.261823044,47973
2026-09-12,2026-09-12 21:30,Guayaquil City x Mushuc Runa,Guayaquil City,Mushuc Runa,Ecuadorian Serie A,50,1-1,1.7,3.45,7.0,2.28,1.75,1837.88,,,4,2,5,8,2,1,1,0,7,3,58,2,Pendente,,,,1.262167548,15116449,1000009109,246,1.262167558,47973
2026-09-12,2026-09-12 21:30,Deportivo Recoleta x Sportivo Trinidense,Deportivo Recoleta,Sportivo Trinidense,Paraguayan Primera Division,50,0-0,4.6,2.5,2.58,5.8,1.19,99.17,,,2,6,4,8,0,1,1,1,5,13,59,2,Pendente,,,,1.262181011,19840150,1000017406,199,1.262181021,47973
2026-09-13,2026-09-12 23:00,Talleres x Union Santa Fe,Talleres,Union Santa Fe,Argentinian Primera Division,50,1-0,1.28,5.4,22.0,2.72,1.56,13235.56,1.71,0.17,4,0,12,6,7,0,2,0,15,5,73,1,Pendente,,,,1.261710016,194518,5116006,916957,1.261710026,47973
2026-09-13,2026-09-12 23:00,Forge x Atletico Ottawa,Forge,Atletico Ottawa,Canadian Premier League,50,1-0,2.02,2.76,6.0,5.0,1.24,1537.31,,,3,1,9,4,1,2,1,1,19,8,44,2,Pendente,,,,1.262164626,24213752,1000008701,9986,1.262164636,47973
2026-09-13,2026-09-12 23:00,Puerto Cabello x Carabobo FC,Puerto Cabello,Carabobo FC,Venezuelan Primera Division,50,0-1,1.04,1.01,1.04,1.01,1.24,1232.28,,,3,0,12,6,3,2,0,0,,,64,2,Pendente,,,,1.262312201,13442344,1000018912,339,1.262312211,47973
2026-09-13,2026-09-12 23:30,Botafogo FR x Red Bull Bragantino,Botafogo FR,Red Bull Bragantino,Brazilian Serie A,50,1-1,3.65,3.15,2.42,1.89,2.1,1466.02,0.45,0.23,2,2,9,7,1,3,0,1,4,10,49,1,Pendente,,,,1.261819878,11302836,5103625,268,1.261819888,47973
2026-09-13,2026-09-12 23:30,FC Cincinnati x Charlotte FC,FC Cincinnati,Charlotte FC,US MLS,50,2-2,5.0,3.65,1.89,,,92.9,0.91,1.27,3,3,13,6,3,2,0,2,32,5,64,1,Pendente,,,,1.262089216,10962520,5071351,913550,,
2026-09-13,2026-09-12 23:30,Inter Miami CF x Nashville SC,Inter Miami CF,Nashville SC,US MLS,50,2-1,2.42,3.2,3.55,1.14,8.0,2128.76,0.18,0.76,1,1,3,9,3,3,0,0,3,12,63,1,Pendente,,,,1.262089326,27785243,5071354,913550,1.262089336,47973
2026-09-13,2026-09-12 23:30,Orlando City x Toronto FC,Orlando City,Toronto FC,US MLS,50,1-0,1.39,5.2,10.5,1.64,2.5,2348.63,1.01,0.74,2,2,4,6,3,2,1,1,12,8,64,1,Pendente,,,,1.262089683,5640226,5071355,913550,1.262089693,47973
2026-09-13,2026-09-13 00:00,Santos x Cruzeiro MG,Santos,Cruzeiro MG,Brazilian Serie A,50,2-0,1.11,11.5,40.0,1.24,4.9,79629.92,1.10,0.54,6,2,16,5,4,3,1,2,16,6,54,1,Pendente,,,,1.261822687,198127,5103626,268,1.261822697,47973
2026-09-13,2026-09-13 00:30,St Louis City SC x Minnesota Utd,St Louis City SC,Minnesota Utd,US MLS,50,3-1,1.1,13.0,48.0,,,8783.47,1.24,0.38,7,1,10,1,4,1,2,1,11,4,70,1,Pendente,,,,1.262089794,52290449,5071362,913550,,
2026-09-13,2026-09-13 00:30,Kansas City x Los Angeles FC,Kansas City,Los Angeles FC,US MLS,50,2-1,1.31,6.2,12.0,1.15,7.0,34389.62,1.19,0.31,4,3,8,7,3,3,1,0,10,10,49,1,Pendente,,,,1.262089904,171912,5071358,913550,1.262089914,47973
2026-09-13,2026-09-13 00:30,FC Dallas x Portland Timbers,FC Dallas,Portland Timbers,US MLS,50,1-0,1.4,4.9,11.5,1.86,2.14,371.25,0.23,0.20,2,1,3,5,2,1,1,0,10,8,44,1,Pendente,,,,1.262090014,2937353,5071357,913550,1.262090024,47973
2026-09-13,2026-09-13 01:00,Alianza Lima x Universitario de Deportes,Alianza Lima,Universitario de Deportes,Peruvian Primera Division,50,1-1,5.6,3.1,1.94,2.52,1.62,786.73,,,1,3,9,4,6,2,0,1,19,7,67,2,Pendente,,,,1.262098428,219457,1000017235,131,1.262098431,47973
2026-09-13,2026-09-13 01:10,Monterrey x Tigres,Monterrey,Tigres,Mexican Liga MX,45,0-0,2.5,2.62,4.3,5.3,1.22,1250.34,0.33,0.02,1,1,9,1,2,0,0,0,9,,62,1,Pendente,,,,1.262058496,328949,1000014570,230,1.262058499,47973
2026-09-13,2026-09-13 01:20,Alianza FC Valledupar x Junior FC Barranquilla,Alianza FC Valledupar,Junior FC Barranquilla,Colombian Primera A,45,1-0,1.63,3.8,7.4,2.14,1.83,1237.42,0.54,0.64,3,4,9,11,2,1,0,0,10,16,28,1,Pendente,,,,1.262178338,79102706,1000014142,274,1.262178348,47973
2026-09-13,2026-09-13 01:30,Colorado x CF Montreal,Colorado,CF Montreal,US MLS,50,2-0,1.25,6.2,19.0,1.88,2.08,22761.43,1.19,0.40,2,3,8,5,3,0,2,1,13,5,70,1,Pendente,,,,1.262090124,171911,5071356,913550,1.262090134,47973
2026-09-13,2026-09-13 01:30,Real Salt Lake x New York City,Real Salt Lake,New York City,US MLS,50,1-1,5.9,3.55,1.77,2.1,1.88,2922.41,0.68,0.11,4,2,8,4,2,0,0,0,11,6,43,1,Pendente,,,,1.262090234,1101610,5071360,913550,1.262090244,47973
2026-09-13,2026-09-13 09:00,Tokyo-V x Jef Utd Chiba,Tokyo-V,Jef Utd Chiba,Japanese J League,45,0-0,2.52,2.46,4.8,7.0,1.16,9203.14,0.99,0.48,2,1,10,2,4,1,1,2,15,3,62,1,Pendente,,,,1.262069954,263080,5803585,937875,1.262069957,47973
2026-09-13,2026-09-13 09:30,Urawa x Okayama,Urawa,Okayama,Japanese J League,45,1-1,2.56,2.68,4.1,1.27,4.5,9531.7,0.18,0.44,2,1,6,3,1,2,1,1,6,4,63,1,Pendente,,,,1.262068478,441088,5803584,937875,1.262068481,47973
2026-09-13,2026-09-13 10:15,Excelsior x FC Utrecht,Excelsior,FC Utrecht,Dutch Eredivisie,45,1-1,7.4,3.8,1.64,1.99,2.0,768.22,0.21,0.90,2,3,3,5,0,1,0,2,7,10,55,1,Pendente,,,,1.261740461,67164,5781745,937276,1.261740471,47973
2026-09-13,2026-09-13 10:15,Wisla Plock x Cracovia Krakow,Wisla Plock,Cracovia Krakow,Polish Ekstraklasa,45,1-1,1.62,3.95,7.4,2.02,1.93,248.0,0.73,0.70,2,0,7,6,1,2,2,1,13,11,47,1,Pendente,,,,1.262071436,487520,5803984,937879,1.262071439,47973
2026-09-13,2026-09-13 11:00,Prachuap x Sukhothai,Prachuap,Sukhothai,Thai League 1,45,2-0,1.17,7.8,34.0,2.1,1.85,4372.81,1.48,0.46,4,0,9,3,3,0,1,1,17,13,61,1,Pendente,,,,1.262281561,11386388,1000017731,8984,1.262281606,47973
2026-09-13,2026-09-13 11:30,Club Brugge x Antwerp,Club Brugge,Antwerp,Belgian Pro League,45,2-1,1.53,4.0,10.0,1.12,8.8,1125.0,1.70,1.41,5,3,11,6,5,1,2,1,29,5,62,1,Pendente,,,,1.262077220,10762,5811760,937988,1.262077223,47973
2026-09-13,2026-09-13 11:30,FC Heidenheim x Holstein Kiel,FC Heidenheim,Holstein Kiel,German Bundesliga 2,45,1-0,2.4,2.94,4.0,3.8,1.35,1194.89,0.21,0.22,1,1,4,5,0,5,0,1,9,6,42,1,Pendente,,,,1.262080565,3237590,5881666,146,1.262080575,47973
2026-09-13,2026-09-13 11:30,Karlsruhe x Cottbus,Karlsruhe,Cottbus,German Bundesliga 2,45,1-1,3.95,3.8,2.02,1.48,3.05,2695.69,1.08,1.08,4,5,10,11,3,4,1,4,18,13,52,1,Pendente,,,,1.262080696,113191,5881667,146,1.262080706,47973
2026-09-13,2026-09-13 12:00,Lyngby x SonderjyskE,Lyngby,SonderjyskE,Danish Superliga,45,2-0,1.31,5.7,14.5,1.82,2.16,1341.06,0.63,0.53,4,1,9,5,3,2,1,1,11,13,55,1,Pendente,,,,1.262006873,28218,5739508,935487,1.262006876,47973
2026-09-13,2026-09-13 12:00,Elfsborg x Kalmar FF,Elfsborg,Kalmar FF,Swedish Allsvenskan,45,0-0,2.58,2.58,4.3,5.4,1.21,3011.37,0.54,0.53,1,1,7,7,1,2,0,1,18,11,50,1,Pendente,,,,1.262120522,30684,5107603,67,1.262120525,47973
2026-09-13,2026-09-13 12:00,Sporting Gijon x Eldense,Sporting Gijon,Eldense,Spanish Segunda Division,45,0-0,2.4,2.58,5.1,5.8,1.2,1987.65,0.13,0.27,0,1,2,5,0,4,0,1,7,4,51,1,Pendente,,,,1.262128526,68246,5868445,938653,1.262128555,47973
2026-09-13,2026-09-13 12:00,Chonburi x Rayong FC,Chonburi,Rayong FC,Thai League 1,45,1-1,4.3,3.05,2.18,2.08,1.91,125.66,0.46,0.46,0,2,8,2,1,1,0,0,10,4,64,1,Pendente,,,,1.262274617,2899298,1000017732,8984,1.262274620,47973
2026-09-13,2026-09-13 12:00,VfB Stuttgart (W) x Wolfsburg (W),VfB Stuttgart (W),Wolfsburg (W),German Frauen-Bundesliga,45,0-2,22.0,7.6,1.18,1.6,2.52,90.05,,,1,1,4,5,1,3,0,0,5,13,44,2,Pendente,,,,1.262320676,101638911,5934526,9676,1.262320721,47973
2026-09-13,2026-09-13 12:00,Celta Vigo x Malaga,Celta Vigo,Malaga,Spanish La Liga,45,1-0,1.25,6.0,24.0,2.4,1.7,111496.08,0.76,0.15,4,0,8,3,0,2,1,0,15,6,42,1,Pendente,,,,1.261759492,66483,5868052,87,1.261759495,47973
2026-09-13,2026-09-13 12:00,Silkeborg x Viborg,Silkeborg,Viborg,Danish Superliga,45,1-1,2.06,3.4,4.4,1.84,2.14,527.17,0.58,0.13,3,1,7,3,1,3,1,0,14,7,55,1,Pendente,,,,1.262078053,28216,5739510,935487,1.262078056,47973
2026-09-13,2026-09-13 12:00,FC Zurich x FC Vaduz,FC Zurich,FC Vaduz,Swiss Super League,45,1-2,8.0,4.4,1.53,1.62,2.56,1515.35,0.20,0.89,2,2,3,9,2,0,0,1,13,8,26,1,Pendente,,,,1.262080891,65783,5804265,937880,1.262080894,47973
2026-09-13,2026-09-13 12:00,Hammarby x Brommapojkarna,Hammarby,Brommapojkarna,Swedish Allsvenskan,45,3-1,1.12,10.0,48.0,,,4819.49,1.14,0.32,5,1,6,4,3,0,1,0,20,3,62,1,Pendente,,,,1.262085748,30679,5107599,67,,
2026-09-13,2026-09-13 12:30,Austria Wien x SC Austria Lustenau,Austria Wien,SC Austria Lustenau,Austrian Bundesliga,45,0-0,2.16,5.3,,4.7,1.25,1724.9,0.52,0.50,1,4,9,6,5,2,1,1,17,5,64,1,Pendente,,,,1.261753931,181248,5845982,938366,1.261753941,47973
2026-09-13,2026-09-13 12:30,Heerenveen x SC Telstar,Heerenveen,SC Telstar,Dutch Eredivisie,45,1-0,1.93,3.3,5.4,3.2,1.44,4519.51,0.61,0.15,1,0,7,4,2,2,2,0,11,7,64,1,Pendente,,,,1.261742868,3630179,5781744,937276,1.261742878,47973
2026-09-13,2026-09-13 12:45,Pogon Szczecin x Wieczysta Krakow,Pogon Szczecin,Wieczysta Krakow,Polish Ekstraklasa,45,0-0,2.92,2.94,3.0,3.75,1.35,801.77,1.27,0.86,3,1,9,9,1,2,3,1,12,15,39,1,Pendente,,,,1.262081654,46953,5803979,937879,1.262081657,47973
2026-09-13,2026-09-13 13:00,Lecce x AC Monza,Lecce,AC Monza,Italian Serie A,45,3-1,1.2,7.4,26.0,,,6349.67,0.93,2.41,3,6,4,10,2,1,4,6,6,17,43,1,Pendente,,,,1.261754974,508827,5749675,55,,
2026-09-13,2026-09-13 13:00,Birmingham (W) x Brighton (W),Birmingham (W),Brighton (W),English WSL,45,1-1,1.92,3.5,4.6,1.78,2.16,75.89,0.60,0.83,3,2,5,5,2,7,1,1,7,19,28,1,Pendente,,,,1.262266716,5470466,5981636,9227,1.262266719,47973
2026-09-13,2026-09-13 13:00,Everton (W) x Charlton (W),Everton (W),Charlton (W),English WSL,45,1-0,1.94,2.68,7.8,6.0,1.17,1223.85,0.26,0.52,0,0,3,3,1,0,1,0,8,3,72,1,Pendente,,,,1.262269212,1128445,5981637,9227,1.262269215,47973
2026-09-13,2026-09-13 13:00,Coventry x Brighton,Coventry,Brighton,English Premier League,45,0-1,11.5,5.0,1.4,1.91,2.08,2047.93,1.18,0.87,3,2,10,12,4,3,1,2,18,18,33,1,Pendente,,,,1.261738905,48043,5795448,47,1.261738844,47973
2026-09-13,2026-09-13 13:00,Lille x ESTAC Troyes,Lille,ESTAC Troyes,French Ligue 1,45,2-0,1.26,6.0,20.0,1.94,2.02,5441.06,0.59,0.12,2,0,5,4,1,3,1,0,16,10,67,1,Pendente,,,,1.261747163,44790,5802932,53,1.261747147,47973
2026-09-13,2026-09-13 13:30,RB Leipzig x Hamburger SV,RB Leipzig,Hamburger SV,German Bundesliga,45,3-0,1.04,26.0,110.0,1.14,7.6,516374.2,0.50,0.17,2,0,9,3,3,4,0,0,10,8,57,1,Pendente,,,,1.261751867,5340398,5881168,54,1.261751851,47973
2026-09-13,2026-09-13 13:45,Arsenal (W) x Crystal Palace (W),Arsenal (W),Crystal Palace (W),English WSL,45,2-0,1.16,8.0,29.0,2.5,1.64,1474.14,1.20,0.24,3,0,9,1,7,1,2,1,32,2,79,1,Pendente,,,,1.262266499,802851,5981639,9227,1.262266502,47973
2026-09-13,2026-09-13 14:00,Randers x OB,Randers,OB,Danish Superliga,45,1-1,6.6,3.95,1.63,1.81,2.18,788.18,0.68,0.29,0,3,6,6,3,6,0,0,8,12,46,1,Pendente,,,,1.262084303,342868,5739507,935487,1.262084306,47973
2026-09-13,2026-09-13 14:00,Genclerbirligi x Kasimpasa,Genclerbirligi,Kasimpasa,Turkish Super League,45,1-0,1.48,4.1,10.5,2.4,1.7,3133.72,0.42,0.26,2,0,8,3,3,3,0,1,17,7,42,1,Pendente,,,,1.262084759,50350,5904744,71,1.262084769,47973
2026-09-13,2026-09-13 14:00,Genk x Gent,Genk,Gent,Belgian Pro League,45,1-1,7.2,3.7,1.68,2.14,1.85,353.36,0.40,0.50,2,3,5,6,2,5,0,1,10,11,58,1,Pendente,,,,1.262091164,14072,5811761,937988,1.262091167,47973
2026-09-13,2026-09-13 14:00,FC Liege x Club Brugge B,FC Liege,Club Brugge B,Belgian Challenger Pro League,45,3-2,2.4,2.86,3.95,,,705.17,1.63,1.12,4,2,11,4,3,3,1,1,23,11,40,1,Pendente,,,,1.262105418,3247345,1000015470,264,,
2026-09-13,2026-09-13 14:00,Sivasspor x Muglaspor,Sivasspor,Muglaspor,Turkish 1 Lig,45,2-1,2.24,2.84,4.2,1.2,5.4,1624.21,,,2,4,3,6,3,5,2,1,4,9,50,2,Pendente,,,,1.262105511,508773,5908632,165,1.262105556,47973
2026-09-13,2026-09-13 14:00,Radnicki Nis x OFK Beograd,Radnicki Nis,OFK Beograd,Serbian Super League,45,1-0,1.44,4.2,11.0,2.52,1.64,154.13,,,3,1,6,5,2,2,2,0,13,9,36,2,Pendente,,,,1.262169072,6555084,1000015131,182,1.262169075,47973
2026-09-13,2026-09-13 14:00,Hafnarfjordur x KA Akureyri,Hafnarfjordur,KA Akureyri,Icelandic Urvalsdeild,45,1-0,1.42,4.8,9.8,1.8,2.22,1311.45,,,3,2,5,8,1,1,1,1,6,5,45,2,Pendente,,,,1.262206065,166884,1000021892,215,1.262206075,47973
2026-09-13,2026-09-13 14:00,Eintracht Frankfurt (W) x Hoffenheim (W),Eintracht Frankfurt (W),Hoffenheim (W),German Frauen-Bundesliga,45,2-0,1.07,14.0,44.0,1.48,2.8,22787.2,,,6,0,10,7,5,1,0,0,22,4,49,2,Pendente,,,,1.262320856,18931732,5934522,9676,1.262320901,47973
2026-09-13,2026-09-13 14:00,KR Reykjavik x IA Akranes,KR Reykjavik,IA Akranes,Icelandic Urvalsdeild,45,3-0,1.04,22.0,50.0,,,22224.25,,,5,1,9,9,2,8,2,0,18,17,54,2,Pendente,,,,1.262205710,399808,1000021877,215,,
2026-09-13,2026-09-13 14:00,Leicester City (W) x Durham (W),Leicester City (W),Durham (W),English Women's Matches,45,3-1,1.02,36.0,11.5,,,12612.33,,,4,1,8,2,5,2,0,1,20,5,58,2,Pendente,,,,1.262304248,22340477,1000018683,9294,,
2026-09-13,2026-09-13 14:15,Levante x Barcelona,Levante,Barcelona,Spanish La Liga,45,0-3,160.0,38.0,1.03,1.12,8.8,69.27,0.41,0.92,2,2,6,3,1,0,1,1,13,12,25,1,Pendente,,,,1.261760462,214865,5868054,87,1.261760465,47973
2026-09-13,2026-09-13 14:15,Valladolid x Oviedo,Valladolid,Oviedo,Spanish Segunda Division,45,0-1,8.8,3.6,1.62,2.58,1.62,350.29,0.47,0.48,0,3,5,6,2,2,1,1,10,8,59,1,Pendente,,,,1.262129256,13362,5868447,938653,1.262129259,47973
2026-09-13,2026-09-13 14:30,Lausanne x Servette,Lausanne,Servette,Swiss Super League,45,0-0,3.7,2.54,2.88,5.6,1.2,860.48,0.22,0.29,2,2,4,4,4,1,0,1,15,5,53,1,Pendente,,,,1.262086707,2093796,5804266,937880,1.262086710,47973
2026-09-13,2026-09-13 14:30,Luzern x FC Basel,Luzern,FC Basel,Swiss Super League,45,2-2,5.3,4.0,1.73,,,3124.94,0.84,1.34,1,4,6,11,3,3,2,2,20,15,44,1,Pendente,,,,1.262086815,65784,5804267,937880,,
2026-09-13,2026-09-13 14:30,Malmo FF x Orgryte,Malmo FF,Orgryte,Swedish Allsvenskan,45,1-0,1.71,3.35,8.0,3.9,1.33,1956.27,1.08,0.05,7,0,17,2,3,2,0,0,21,,59,1,Pendente,,,,1.262121322,174383,5107602,67,1.262121325,47973
2026-09-13,2026-09-13 14:45,PEC Zwolle x Feyenoord,PEC Zwolle,Feyenoord,Dutch Eredivisie,45,0-3,250.0,110.0,,,,84.89,0.05,1.59,0,4,1,16,1,6,0,2,1,31,26,1,Pendente,,,,1.261741251,8750569,5781749,937276,,
2026-09-13,2026-09-13 14:45,FC Volendam x Den Bosch,FC Volendam,Den Bosch,Dutch Eerste Divisie,45,1-0,2.14,3.3,4.1,2.98,1.49,1281.62,,,3,2,7,7,1,4,2,0,13,8,52,2,Pendente,,,,1.262158123,14170968,5832866,111,1.262158126,47973
2026-09-13,2026-09-13 15:00,Start x Brann,Start,Brann,Norwegian Eliteserien,45,1-1,1.85,3.65,5.2,1.82,2.16,164.32,1.63,0.48,3,2,15,5,5,4,3,0,20,13,41,1,Pendente,,,,1.262088921,774893,5105001,59,1.262088931,47973
2026-09-13,2026-09-13 15:00,Partizan Belgrade x Vojvodina,Partizan Belgrade,Vojvodina,Serbian Super League,45,1-2,17.5,7.6,1.2,1.15,6.8,118.46,,,2,3,9,7,2,2,0,2,9,12,53,2,Pendente,,,,1.262168915,46980,1000015129,182,1.262168918,47973
2026-09-13,2026-09-13 15:00,Kalamata x NFC Volos,Kalamata,NFC Volos,Greek Super League,45,0-1,7.2,3.65,1.66,2.28,1.76,1008.54,1.35,0.28,2,1,8,3,6,0,3,1,17,5,59,1,Pendente,,,,1.262056545,650859,5943248,941071,1.262056555,47973
2026-09-13,2026-09-13 15:00,Podbrezova x KFC Komarno,Podbrezova,KFC Komarno,Slovakian Super League,45,1-1,4.7,3.4,1.94,1.84,2.12,1239.81,,,0,1,10,6,4,1,0,1,13,11,48,2,Pendente,,,,1.262091616,8672708,5772180,936918,1.262091626,47973
2026-09-13,2026-09-13 15:00,NK Istra x Rudes,NK Istra,Rudes,Croatian HNL,45,3-0,1.06,17.0,55.0,1.2,5.5,17215.21,,,2,0,3,4,1,4,1,0,10,4,56,2,Pendente,,,,1.262092695,3991406,5765926,252,1.262092705,47973
2026-09-13,2026-09-13 15:15,Le Mans x Lens,Le Mans,Lens,French Ligue 1,45,2-2,2.26,3.3,3.85,,,2069.83,2.17,0.51,3,3,8,7,2,5,4,2,9,8,57,1,Pendente,,,,1.261747288,269791,5802931,53,,
2026-09-13,2026-09-13 15:15,Mantova x Sampdoria,Mantova,Sampdoria,Italian Serie B,45,0-0,2.76,2.32,4.7,7.4,1.14,365.9,0.18,0.05,0,0,4,1,4,2,0,0,5,8,63,1,Pendente,,,,1.262194323,924269,5967075,941726,1.262194326,47973
2026-09-13,2026-09-13 15:30,Elversberg x Bayern Munich,Elversberg,Bayern Munich,German Bundesliga,45,0-3,46.0,12.5,1.11,1.38,3.55,109.6,0.55,0.86,0,2,3,11,2,1,1,2,5,21,28,1,Pendente,,,,1.261750699,500893,5881163,54,1.261750683,47973
2026-09-13,2026-09-13 15:30,Legia Warsaw x Widzew Lodz,Legia Warsaw,Widzew Lodz,Polish Ekstraklasa,45,1-1,2.42,2.76,4.3,1.26,4.7,655.18,0.55,0.35,1,2,9,4,3,1,1,0,15,9,47,1,Pendente,,,,1.262087072,241091,5803978,937879,1.262087075,47973
2026-09-13,2026-09-13 16:00,Napoli x Bologna,Napoli,Bologna,Italian Serie A,45,1-0,2.14,2.72,5.9,5.3,1.22,3840.56,0.84,0.09,0,1,4,3,2,0,2,0,12,9,55,1,Pendente,,,,1.261755719,676464,5749676,55,1.261755703,47973
2026-09-13,2026-09-13 16:00,Asteras Tripolis x AEK Athens,Asteras Tripolis,AEK Athens,Greek Super League,45,1-2,6.4,2.9,1.97,1.25,4.8,324.75,0.70,0.57,3,2,8,7,3,2,2,0,9,15,43,1,Pendente,,,,1.261944961,1300930,5943246,941071,1.261944971,47973
2026-09-13,2026-09-13 16:00,FC Nordsjaelland x AGF,FC Nordsjaelland,AGF,Danish Superliga,45,1-0,2.2,3.05,4.5,3.3,1.42,1286.33,0.70,0.26,1,0,9,6,1,3,1,0,17,12,51,1,Pendente,,,,1.262002801,466299,5739511,935487,1.262002804,47973
2026-09-13,2026-09-13 16:30,Getafe x Deportivo,Getafe,Deportivo,Spanish La Liga,45,0-0,3.15,2.3,3.85,8.0,1.14,27750.31,0.33,0.39,2,2,8,3,0,2,0,1,15,7,40,1,Pendente,,,,1.261760089,248010,5868053,87,1.261760092,47973
2026-09-13,2026-09-13 16:30,Zulte-Waregem x Charleroi,Zulte-Waregem,Charleroi,Belgian Pro League,45,0-1,7.6,4.0,1.57,1.92,2.06,1382.82,0.67,1.57,2,5,13,11,6,1,1,1,18,17,42,1,Pendente,,,,1.262091272,505726,5811762,937988,1.262091275,47973
2026-09-13,2026-09-13 16:30,Mallorca x Sabadell,Mallorca,Sabadell,Spanish Segunda Division,45,2-0,1.09,14.0,65.0,1.32,4.0,3036.06,1.49,0.22,3,1,6,3,0,2,3,0,7,17,54,1,Pendente,,,,1.262127271,10542,5868444,938653,1.262127299,47973
2026-09-13,2026-09-13 16:30,Freiburg (W) x FSV Mainz 05 (W),Freiburg (W),FSV Mainz 05 (W),German Frauen-Bundesliga,45,2-0,1.29,5.5,14.5,1.94,1.97,1038.82,,,1,2,3,9,3,4,0,0,3,13,39,2,Pendente,,,,1.262320766,6320700,5934523,9676,1.262320811,47973
2026-09-13,2026-09-13 17:00,Slovan Bratislava x Zilina,Slovan Bratislava,Zilina,Slovakian Super League,45,1-1,3.1,3.5,2.44,1.57,2.64,854.6,,,5,3,12,9,3,2,1,0,16,9,59,2,Pendente,,,,1.262096798,46933,5772184,936918,1.262096808,47973
2026-09-13,2026-09-13 17:00,Galatasaray x Kocaelispor,Galatasaray,Kocaelispor,Turkish Super League,45,1-0,1.37,4.6,15.5,3.2,1.43,16112.3,1.05,0.19,6,0,13,3,6,0,4,1,23,5,68,1,Pendente,,,,1.262105027,2436,5904746,71,1.262105037,47973
2026-09-13,2026-09-13 17:00,Arouca x Santa Clara,Arouca,Santa Clara,Portuguese Primeira Liga,45,0-2,24.0,7.8,1.19,1.26,4.6,121.35,0.46,1.06,2,5,4,9,2,1,1,2,6,14,64,1,Pendente,,,,1.262166109,3413603,5887628,61,1.262166119,47973
2026-09-13,2026-09-13 17:00,FK IMT Novi Beograd x Crvena Zvezda,FK IMT Novi Beograd,Crvena Zvezda,Serbian Super League,45,0-2,60.0,10.0,1.11,2.08,1.86,153.51,,,0,2,3,4,1,0,0,0,4,8,31,2,Pendente,,,,1.262167713,17203916,1000015130,182,1.262167716,47973
2026-09-13,2026-09-13 17:00,Amed Sportif Faaliyetler x Basaksehir,Amed Sportif Faaliyetler,Basaksehir,Turkish Super League,45,1-0,1.48,4.3,10.0,1.97,1.94,260.95,0.83,0.19,1,0,10,3,0,2,1,1,11,5,53,1,Pendente,,,,1.262167896,12171081,5904743,71,1.262167899,47973
2026-09-13,2026-09-13 17:00,Benfica x Gil Vicente,Benfica,Gil Vicente,Portuguese Primeira Liga,45,2-1,1.27,5.4,28.0,1.11,9.2,48941.47,1.52,0.60,1,1,8,1,8,0,3,1,25,1,63,1,Pendente,,,,1.262172777,48783,5887635,61,1.262172787,47973
2026-09-13,2026-09-13 17:15,Fredrikstad x Sarpsborg,Fredrikstad,Sarpsborg,Norwegian Eliteserien,45,1-1,2.62,2.76,3.7,1.22,5.1,324.91,0.74,0.16,1,2,8,3,6,1,0,0,19,5,64,1,Pendente,,,,1.262096578,168742,5105004,59,1.262096588,47973
2026-09-13,2026-09-13 17:15,Patro Eisden Maasmechelen x Eupen,Patro Eisden Maasmechelen,Eupen,Belgian Challenger Pro League,45,0-1,10.0,4.3,1.45,2.18,1.81,1160.1,0.00,0.67,0,7,0,9,0,1,0,0,4,21,31,1,Pendente,,,,1.262105328,25213143,1000015469,264,1.262105373,47973
2026-09-13,2026-09-13 17:15,RAAL La Louviere x Kortrijk,RAAL La Louviere,Kortrijk,Belgian Pro League,45,2-0,1.09,13.0,50.0,1.28,4.5,17412.58,1.27,0.31,2,1,8,3,0,2,3,0,12,6,41,1,Pendente,,,,1.262118143,36030194,5811763,937988,1.262118146,47973
2026-09-13,2026-09-13 17:30,Hapoel Petach Tikva x Hapoel Be'er Sheva,Hapoel Petach Tikva,Hapoel Be'er Sheva,Israeli Premier League,45,0-1,5.7,2.76,2.08,5.1,1.22,606.49,,,0,0,0,6,0,2,0,1,1,10,26,2,Pendente,,,,1.262180571,6094761,1000015272,127,1.262180581,47973
2026-09-13,2026-09-13 17:45,Tigre x Rosario Central,Tigre,Rosario Central,Argentinian Primera Division,45,0-0,4.1,2.1,3.45,11.5,1.09,1634.73,0.76,0.32,2,3,7,4,3,2,2,1,10,13,31,1,Pendente,,,,1.261710240,2451815,5116007,916957,1.261710250,47973
2026-09-13,2026-09-13 17:45,Sarmiento de Junin x Belgrano,Sarmiento de Junin,Belgrano,Argentinian Primera Division,45,1-0,1.78,3.3,6.6,2.58,1.62,2296.6,1.05,0.15,3,2,4,6,0,4,3,0,8,15,26,1,Pendente,,,,1.261711000,5971606,5116005,916957,1.261711010,47973
2026-09-13,2026-09-13 18:00,Kifisia x Levadiakos,Kifisia,Levadiakos,Greek Super League,45,0-0,3.0,2.4,3.9,6.8,1.16,2229.48,0.62,0.50,1,1,5,4,5,4,0,1,8,10,58,1,Pendente,,,,1.261941955,16093929,5943249,941071,1.261941965,47973
2026-09-13,2026-09-13 18:00,La Serena x Universidad de Chile,La Serena,Universidad de Chile,Chilean Primera Division,45,0-0,4.1,2.74,2.48,4.6,1.26,100.81,,,1,2,4,6,1,4,0,0,5,8,54,2,Pendente,,,,1.262104146,5129868,1000013230,273,1.262104156,47973
2026-09-13,2026-09-13 18:00,Hajduk Split x Slaven Belupo,Hajduk Split,Slaven Belupo,Croatian HNL,45,2-0,1.17,8.0,32.0,1.92,2.06,191.26,,,1,1,3,4,1,2,1,0,9,4,66,2,Pendente,,,,1.262104256,46725,5765925,252,1.262104266,47973
2026-09-13,2026-09-13 18:00,CD Leones del Norte x Tecnico Universitario,CD Leones del Norte,Tecnico Universitario,Ecuadorian Serie A,45,0-1,7.4,3.4,1.71,2.62,1.59,150.6,,,3,3,7,6,2,2,0,1,9,10,61,2,Pendente,,,,1.262171189,67023925,1000009108,246,1.262171199,47973
2026-09-13,2026-09-13 18:00,Al Riyadh SC x Al-Kholood Club,Al Riyadh SC,Al-Kholood Club,Saudi Professional League,45,0-0,6.0,2.44,2.3,8.2,1.13,700.54,0.09,0.25,0,1,2,5,0,4,0,0,5,12,49,1,Pendente,,,,1.262224257,5327845,5970140,536,1.262224287,47973
2026-09-13,2026-09-13 18:00,Sport Boys (Per) x Deportivo Garcilaso,Sport Boys (Per),Deportivo Garcilaso,Peruvian Primera Division,45,0-0,2.2,2.6,5.6,5.6,1.2,1120.08,,,2,3,10,7,5,3,1,3,13,12,64,2,Pendente,,,,1.262099935,7587321,1000017232,131,1.262099938,47973
2026-09-13,2026-09-13 18:45,Sassuolo x Juventus,Sassuolo,Juventus,Italian Serie A,45,0-0,5.4,2.64,2.28,5.4,1.22,275.17,0.30,0.13,2,2,5,3,1,4,1,0,4,8,41,1,Pendente,,,,1.261752429,2013140,5749677,55,1.261752413,47973
2026-09-13,2026-09-13 19:00,Real Sociedad x Atletico Madrid,Real Sociedad,Atletico Madrid,Spanish La Liga,45,0-0,3.85,2.64,2.7,5.4,1.22,20836.62,0.17,0.18,1,0,5,4,6,2,1,0,7,8,52,1,Pendente,,,,1.261759277,18573,5868058,87,1.261759224,47973
2026-09-13,2026-09-13 19:00,Mirassol x EC Vitoria Salvador,Mirassol,EC Vitoria Salvador,Brazilian Serie A,45,1-2,15.5,6.2,1.27,1.23,5.2,467.83,0.30,1.64,2,6,6,8,4,4,0,3,9,4,70,1,Pendente,,,,1.261823362,2760854,5103628,268,1.261823372,47973
2026-09-13,2026-09-13 19:00,Tenerife x Leganes,Tenerife,Leganes,Spanish Segunda Division,45,1-0,1.37,4.6,17.5,3.15,1.45,1935.35,0.85,0.31,2,1,3,4,1,1,1,0,9,8,52,1,Pendente,,,,1.262128230,44509,5868446,938653,1.262128233,47973
2026-09-13,2026-09-13 19:00,Deportivo Pereira x Atletico Bucaramanga,Deportivo Pereira,Atletico Bucaramanga,Colombian Primera A,45,1-2,26.0,6.0,1.24,,,160.85,0.15,0.48,3,4,5,4,2,0,0,2,7,4,55,1,Pendente,,,,1.262178888,5284708,1000014146,274,,
2026-09-13,2026-09-13 19:00,Olimpia x Sportivo Luqueno,Olimpia,Sportivo Luqueno,Paraguayan Primera Division,45,3-0,1.04,23.0,90.0,1.2,5.7,23874.42,,,6,1,10,4,1,1,2,0,14,7,59,2,Pendente,,,,1.262271410,328699,1000017407,199,1.262271413,47973
2026-09-13,2026-09-13 19:00,Inter Toronto FC x Vancouver FC,Inter Toronto FC,Vancouver FC,Canadian Premier League,45,1-1,1.54,4.1,7.8,1.89,2.04,107.13,,,3,0,6,3,2,3,1,1,5,7,58,2,Pendente,,,,1.262356114,97403084,1000008702,9986,1.262356117,47973
2026-09-13,2026-09-13 19:30,Rayo Zuliano x Portuguesa FC,Rayo Zuliano,Portuguesa FC,Venezuelan Primera Division,45,1-1,2.54,2.58,4.1,1.3,4.1,181.53,,,1,3,5,9,1,4,0,0,,,50,2,Pendente,,,,1.262308829,46783501,1000018915,339,1.262308839,47973
2026-09-13,2026-09-13 20:00,Zamora FC x Trujillanos,Zamora FC,Trujillanos,Venezuelan Primera Division,45,0-0,3.1,2.32,3.75,7.0,1.16,213.92,,,1,2,7,6,1,6,0,0,,,52,2,Pendente,,,,1.262359810,4129326,1000018910,339,1.262359813,47973
2026-09-13,2026-09-13 20:15,Atletico Grau x Alianza Atletico,Atletico Grau,Alianza Atletico,Peruvian Primera Division,45,1-2,1.04,2.48,5.3,1.25,1.02,1223.46,,,1,3,1,6,3,1,1,0,5,8,56,2,Pendente,,,,1.262106261,16192656,1000017229,131,1.262106271,47973
2026-09-13,2026-09-13 20:30,Flamengo x Corinthians,Flamengo,Corinthians,Brazilian Serie A,45,1-0,1.37,4.3,21.0,4.2,1.31,18667.6,1.77,0.00,6,0,18,0,11,0,3,0,28,1,76,1,Pendente,,,,1.261820098,198138,5103624,268,1.261820108,47973
2026-09-13,2026-09-13 20:30,Colo Colo x Deportes Concepcion,Colo Colo,Deportes Concepcion,Chilean Primera Division,45,1-1,3.1,3.1,2.7,1.79,2.2,2515.79,,,1,1,6,5,3,2,0,1,6,4,69,2,Pendente,,,,1.262066415,330239,1000013228,273,1.262066425,47973
2026-09-13,2026-09-13 20:30,Macara x Emelec,Macara,Emelec,Ecuadorian Serie A,45,0-0,2.28,2.46,5.7,7.6,1.14,1665.21,,,0,2,12,4,5,0,0,0,4,3,64,2,Pendente,,,,1.262167659,6161547,1000009105,246,1.262167669,47973
2026-09-13,2026-09-13 21:00,Juventude x Athletic Club,Juventude,Athletic Club,Brazilian Serie B,45,0-0,2.18,2.4,7.6,9.6,1.11,429.77,0.23,0.05,2,0,4,3,1,1,0,0,7,4,60,1,Pendente,,,,1.262230229,198144,5190718,8814,1.262230232,47973
2026-09-13,2026-09-13 21:05,Atletico Nacional Medellin x Aguilas Doradas,Atletico Nacional Medellin,Aguilas Doradas,Colombian Primera A,50,1-0,1.95,2.74,7.6,5.5,1.2,447.37,0.03,0.01,1,0,2,1,2,0,0,0,4,2,61,1,Pendente,,,,1.262178448,10632891,1000014137,274,1.262178458,47973
2026-09-13,2026-09-13 21:30,Chicago Fire x New England Revolution,Chicago Fire,New England Revolution,US MLS,45,1-1,4.5,3.55,2.0,1.73,2.3,1969.07,0.36,0.62,1,1,3,2,2,0,0,1,16,14,52,1,Pendente,,,,1.262090587,226469,5071363,913550,1.262090597,47973
2026-09-13,2026-09-13 21:30,Rubio Nu x Nacional (Par),Rubio Nu,Nacional (Par),Paraguayan Primera Division,45,0-0,4.0,2.34,2.98,8.2,1.13,1752.47,,,1,1,4,3,1,1,1,0,5,9,29,2,Pendente,,,,1.262182145,5363620,1000017410,199,1.262182148,47973
2026-09-13,2026-09-13 21:30,Universitario de Vinto x Club Independiente Petrol,Universitario de Vinto,Club Independiente Petrol,Bolivian Liga de Futbol Profesional,45,2-1,1.87,5.7,,1.18,6.2,360.91,,,4,2,13,3,6,2,2,0,24,3,57,2,Pendente,,,,1.262254400,21094424,1000019046,144,1.262254411,47973
2026-09-13,2026-09-13 21:30,Novorizontino x Cuiaba,Novorizontino,Cuiaba,Brazilian Serie B,45,1-1,2.16,2.5,7.0,1.37,3.6,195.73,1.18,0.40,3,2,9,6,6,2,2,0,5,7,58,1,Pendente,,,,1.262256728,9173038,5190710,8814,1.262256731,47973
2026-09-13,2026-09-13 21:30,Fortaleza EC x Ceara SC Fortaleza,Fortaleza EC,Ceara SC Fortaleza,Brazilian Serie B,45,1-0,1.42,4.3,14.0,2.74,1.55,6029.78,0.78,0.16,1,1,4,4,0,0,1,0,6,9,60,1,Pendente,,,,1.262258068,5287007,5190713,8814,1.262258071,47973
2026-09-13,2026-09-13 21:30,Caracas x Monagas,Caracas,Monagas,Venezuelan Primera Division,45,1-1,6.6,3.45,1.72,2.28,1.72,447.78,,,0,2,5,4,1,3,0,0,,,54,2,Pendente,,,,1.262308972,3738659,1000018909,339,1.262308975,47973
2026-09-13,2026-09-13 22:00,Pacific x Cavalry,Pacific,Cavalry,Canadian Premier League,45,0-1,5.6,3.1,1.94,3.8,1.34,413.21,,,0,1,6,9,3,1,0,0,12,14,45,2,Pendente,,,,1.262356024,23522859,1000008703,9986,1.262356027,47973
2026-09-13,2026-09-13 22:15,CA Independiente x San Lorenzo,CA Independiente,San Lorenzo,Argentinian Primera Division,45,1-0,1.27,5.5,24.0,2.96,1.49,1037.09,0.79,0.29,2,1,12,5,3,2,3,0,14,3,60,1,Pendente,,,,1.261712286,8015153,5116001,916957,1.261712296,47973
2026-09-13,2026-09-13 22:30,Vancouver Whitecaps x Austin FC,Vancouver Whitecaps,Austin FC,US MLS,45,1-1,2.52,3.2,3.3,1.66,2.44,118.6,1.10,0.39,1,1,6,1,2,0,1,1,16,3,59,1,Pendente,,,,1.262090718,5383053,5071364,913550,1.262090729,47973
2026-09-14,2026-09-13 23:00,Audax Italiano x OHiggins,Audax Italiano,OHiggins,Chilean Primera Division,45,1-0,1.65,3.6,7.4,2.26,1.76,3941.19,,,1,3,2,6,1,4,0,1,1,8,36,2,Pendente,,,,1.262104036,2295419,1000013232,273,1.262104046,47973
2026-09-14,2026-09-13 23:00,Barcelona (Ecu) x Delfin,Barcelona (Ecu),Delfin,Ecuadorian Serie A,45,1-1,4.1,3.1,2.22,2.16,1.82,802.77,,,2,2,5,4,6,2,0,1,10,6,67,2,Pendente,,,,1.262111337,13749040,1000009110,246,1.262111348,47973
2026-09-14,2026-09-13 23:10,Once Caldas x Deportivo Cali,Once Caldas,Deportivo Cali,Colombian Primera A,45,1-1,5.5,3.25,1.89,2.24,1.76,758.13,0.45,0.34,5,3,16,7,4,0,0,1,11,5,61,1,Pendente,,,,1.262178778,816112,1000014143,274,1.262178788,47973
2026-09-14,2026-09-14 00:00,Real Tomayapo x Bolivar,Real Tomayapo,Bolivar,Bolivian Liga de Futbol Profesional,45,0-2,26.0,7.4,1.19,1.84,2.12,106.93,,,2,1,4,8,1,1,0,0,4,8,33,2,Pendente,,,,1.262252373,25238903,1000019047,144,1.262252376,47973
2026-09-14,2026-09-14 00:30,CA Huracan x Racing Club,CA Huracan,Racing Club,Argentinian Primera Division,45,0-0,3.95,2.14,3.5,11.0,1.09,427.57,0.22,0.84,0,5,4,8,1,2,1,0,7,23,37,1,Pendente,,,,1.261709899,12545982,5116000,916957,1.261709909,47973
2026-09-14,2026-09-14 01:00,San Diego FC x Philadelphia,San Diego FC,Philadelphia,US MLS,45,0-0,3.15,2.84,2.44,2.16,1.41,1543.4,0.85,0.69,2,1,4,10,4,3,2,1,9,14,63,1,Pendente,,,,1.262091506,79351400,5071365,913550,1.262091516,47973
2026-09-14,2026-09-14 01:00,Santos Laguna x FC Juarez,Santos Laguna,FC Juarez,Mexican Liga MX,45,0-0,2.36,2.8,4.1,4.3,1.29,74.78,1.62,0.51,4,4,13,7,8,3,2,1,15,13,53,1,Pendente,,,,1.262111775,328957,1000014568,230,1.262111778,47973
2026-09-14,2026-09-14 01:15,Cucuta Deportivo x Millonarios,Cucuta Deportivo,Millonarios,Colombian Primera A,45,0-0,4.1,2.44,2.76,6.4,1.17,3576.53,0.18,0.16,4,2,5,5,5,1,0,0,7,4,43,1,Pendente,,,,1.262261234,2301978,1000014139,274,1.262261244,47973
2026-09-14,2026-09-14 13:45,Neftchi Fargona x Al Quwa Al Jawiya,Neftchi Fargona,Al Quwa Al Jawiya,AFC Champions League,45,1-0,1.82,2.9,8.0,5.6,1.21,1666.59,,,0,0,3,1,5,2,0,0,11,4,53,2,Pendente,,,,1.262363236,4170422,6050064,943983,1.262363247,47973
2026-09-14,2026-09-14 15:00,Universitatea Cluj x Otelul Galati,Universitatea Cluj,Otelul Galati,Romanian Liga I,50,2-0,1.24,6.4,24.0,2.18,1.82,303.14,,,1,1,5,4,3,1,2,0,14,4,61,2,Pendente,,,,1.262020627,2487034,5853503,938428,1.262020637,47973
2026-09-14,2026-09-14 15:00,FC Inter Turku x VPS,FC Inter Turku,VPS,Finnish Veikkausliiga,50,0-0,2.26,2.72,5.1,5.3,1.22,6321.09,,,0,0,1,5,0,4,1,0,10,6,64,2,Pendente,,,,1.262250968,7066086,6145871,945694,1.262250978,47973
2026-09-14,2026-09-14 16:00,HNK Gorica x Varazdin,HNK Gorica,Varazdin,Croatian HNL,50,0-0,4.6,2.6,2.46,6.4,1.17,411.85,,,1,3,2,8,0,3,0,1,3,8,40,2,Pendente,,,,1.262181384,6692727,5765924,252,1.262181394,47973
2026-09-14,2026-09-14 16:00,Leverkusen (W) x Bayern Munich (W),Leverkusen (W),Bayern Munich (W),German Frauen-Bundesliga,50,1-1,3.45,3.2,2.4,1.69,2.42,737.41,,,2,2,4,11,0,1,0,0,5,18,22,2,Pendente,,,,1.262321214,5323133,5934521,9676,1.262321259,47973
2026-09-14,2026-09-14 16:00,Al Shamal x Al-Ittihad,Al Shamal,Al-Ittihad,AFC Champions League,50,0-1,4.4,3.1,2.2,3.85,1.33,238.54,,,0,4,4,5,1,4,1,0,7,6,48,2,Pendente,,,,1.262327471,6533265,6050067,943983,1.262327481,47973
2026-09-14,2026-09-14 16:00,Shabab Al-Ahli Dubai FC x Tractor SC,Shabab Al-Ahli Dubai FC,Tractor SC,AFC Champions League,50,1-0,1.23,6.0,26.0,2.5,1.6,9518.75,,,3,0,8,2,3,1,1,0,8,5,50,2,Pendente,,,,1.262438663,14768688,6050066,943983,1.262438674,47973
2026-09-14,2026-09-14 16:30,Como x Parma,Como,Parma,Italian Serie A,50,2-0,1.12,10.5,50.0,1.75,2.3,127618.24,1.55,0.35,3,1,13,4,7,3,1,1,31,9,68,1,Pendente,,,,1.261752773,60298,5749671,55,1.261752757,47973
2026-09-14,2026-09-14 16:30,Torino x Roma,Torino,Roma,Italian Serie A,50,0-1,27.0,6.4,1.23,2.16,1.85,725.55,0.11,1.46,1,2,3,7,1,4,0,3,4,12,55,1,Pendente,,,,1.261753531,44503,5749678,55,1.261753515,47973
2026-09-14,2026-09-14 16:30,Hapoel Haifa x Bnei Sakhnin,Hapoel Haifa,Bnei Sakhnin,Israeli Premier League,50,3-1,1.08,15.0,50.0,,,644.6,,,3,2,6,4,2,4,2,1,9,4,48,2,Pendente,,,,1.262180791,5266551,1000015269,127,,
2026-09-14,2026-09-14 16:30,Hapoel Ramat Gan x Maccabi Netanya,Hapoel Ramat Gan,Maccabi Netanya,Israeli Premier League,50,2-1,1.35,5.6,10.0,1.16,6.6,9135.11,,,2,1,4,11,2,6,1,0,10,21,49,2,Pendente,,,,1.262362262,542944,1000015270,127,1.262362265,47973
2026-09-14,2026-09-14 17:00,Djurgardens x GAIS,Djurgardens,GAIS,Swedish Allsvenskan,50,2-0,1.26,6.2,19.5,2.08,1.9,6534.1,0.85,0.07,2,0,6,1,2,2,2,0,13,2,54,1,Pendente,,,,1.262122012,232104,5107598,67,1.262122015,47973
2026-09-14,2026-09-14 17:00,Sirius x Degerfors,Sirius,Degerfors,Swedish Allsvenskan,50,2-0,1.24,6.6,20.0,1.78,2.26,9615.7,0.54,0.80,2,3,6,6,1,3,0,1,13,11,44,1,Pendente,,,,1.262122122,4638067,5107604,67,1.262122125,47973
2026-09-14,2026-09-14 17:00,Bodo Glimt x Sandefjord,Bodo Glimt,Sandefjord,Norwegian Eliteserien,50,3-0,1.07,16.5,85.0,1.4,3.35,38756.98,1.29,0.05,2,0,14,2,5,1,1,0,39,2,68,1,Pendente,,,,1.262161224,373549,5105005,59,1.262161234,47973
2026-09-14,2026-09-14 17:00,Gaziantep FK x Fenerbahce,Gaziantep FK,Fenerbahce,Turkish Super League,50,0-1,7.0,3.3,1.8,4.3,1.29,1671.29,0.51,0.76,0,1,9,5,5,2,1,1,6,13,29,1,Pendente,,,,1.262169918,13848831,5904740,71,1.262169928,47973
2026-09-14,2026-09-14 17:00,Zemun x Radnik Surdulica,Zemun,Radnik Surdulica,Serbian Super League,50,1-1,2.04,3.15,4.7,2.2,1.79,1025.92,,,0,5,3,11,0,4,0,0,3,23,39,2,Pendente,,,,1.262172645,2020602,1000015128,182,1.262172655,47973
2026-09-14,2026-09-14 17:00,Radomiak Radom x Piast Gliwice,Radomiak Radom,Piast Gliwice,Polish Ekstraklasa,50,1-1,5.4,3.9,1.73,1.68,2.4,1148.48,1.83,1.08,7,2,12,9,7,2,4,2,25,11,44,1,Pendente,,,,1.262173846,1306561,5803980,937879,1.262173849,47973
2026-09-14,2026-09-14 17:00,Hapoel Kiryat Shmona x Maccabi Haifa,Hapoel Kiryat Shmona,Maccabi Haifa,Israeli Premier League,50,0-2,38.0,9.6,1.13,1.65,2.48,135.04,,,1,3,2,10,1,2,2,3,3,15,35,2,Pendente,,,,1.262180351,5538497,1000015273,127,1.262180361,47973
2026-09-14,2026-09-14 17:00,Ceramica Cleopatra x National Bank,Ceramica Cleopatra,National Bank,Egyptian Premier,50,0-0,3.3,2.38,3.35,6.4,1.17,4339.83,0.14,0.10,1,0,4,4,3,0,0,0,3,,59,1,Pendente,,,,1.262213186,37456793,5996723,943009,1.262213196,47973
2026-09-14,2026-09-14 17:30,Maccabi Tel Aviv x Hapoel Tel Aviv,Maccabi Tel Aviv,Hapoel Tel Aviv,Israeli Premier League,50,3-1,1.22,6.6,23.0,,,6107.53,,,3,2,6,5,0,1,3,0,7,8,57,2,Pendente,,,,1.262180131,197970,1000015271,127,,
2026-09-14,2026-09-14 18:00,Jong PSV Eindhoven x Jong AZ Alkmaar,Jong PSV Eindhoven,Jong AZ Alkmaar,Dutch Eerste Divisie,50,2-1,1.42,4.9,9.2,1.59,2.66,2766.82,,,6,2,13,4,3,0,2,1,22,8,57,2,Pendente,,,,1.262314549,7976153,5832867,111,1.262314552,47973
2026-09-14,2026-09-14 18:00,Jong FC Utrecht x Jong Ajax Amsterdam,Jong FC Utrecht,Jong Ajax Amsterdam,Dutch Eerste Divisie,50,3-0,1.03,32.0,11.5,,,934.06,,,4,2,9,6,3,5,2,1,12,16,47,2,Pendente,,,,1.262314657,11378686,5832868,111,,
2026-09-14,2026-09-14 18:15,Al Ahli x Pakhtakor,Al Ahli,Pakhtakor,AFC Champions League,45,1-0,1.45,3.95,14.0,3.85,1.33,10965.88,,,2,0,12,4,2,0,1,0,28,6,55,2,Pendente,,,,1.262303648,1252792,6050068,943983,1.262303693,47973
2026-09-14,2026-09-14 18:45,Inter x Udinese,Inter,Udinese,Italian Serie A,45,3-2,1.42,4.4,14.0,,,28803.47,0.95,0.66,6,2,13,3,3,1,2,2,19,9,57,1,Pendente,,,,1.261755483,63347,5749673,55,,
2026-09-14,2026-09-14 18:45,Red Star x Metz,Red Star,Metz,French Ligue 2,45,0-0,2.84,2.62,3.7,5.5,1.21,188.2,0.31,0.32,2,1,6,5,4,1,0,0,13,8,54,1,Pendente,,,,1.262162343,496950,5803260,110,1.262162346,47973
2026-09-14,2026-09-14 18:45,Waterford x Derry City,Waterford,Derry City,Irish Premier Division,45,1-1,3.15,2.66,3.15,1.26,4.7,2944.86,0.59,0.55,3,1,7,6,2,5,2,0,13,9,41,1,Pendente,,,,1.262316075,364470,5100959,126,1.262316078,47973
2026-09-14,2026-09-14 18:45,Dundalk x St Patricks,Dundalk,St Patricks,Irish Premier Division,45,0-2,44.0,12.0,1.1,1.22,5.3,109.89,0.14,1.44,0,4,4,7,1,1,0,1,6,10,48,1,Pendente,,,,1.262316187,198746,5100957,126,1.262316190,47973
2026-09-14,2026-09-14 18:45,Shelbourne x Drogheda,Shelbourne,Drogheda,Irish Premier Division,45,1-1,2.38,2.68,4.6,1.27,4.5,4520.41,0.61,0.48,3,2,8,6,4,1,1,1,10,12,55,1,Pendente,,,,1.262316295,46928,5100958,126,1.262316298,47973
2026-09-14,2026-09-14 19:00,Leeds x Newcastle,Leeds,Newcastle,English Premier League,50,3-0,1.03,40.0,140.0,,,113802.29,1.35,0.26,5,1,11,1,3,2,2,1,25,4,58,1,Pendente,,,,1.261739444,48317,5795450,47,,
2026-09-14,2026-09-14 19:00,Villarreal x Betis,Villarreal,Betis,Spanish La Liga,50,2-2,4.5,3.65,1.97,,,6707.18,1.36,1.64,6,5,8,15,5,3,2,3,17,23,59,1,Pendente,,,,1.261761261,28191,5868060,87,,
2026-09-14,2026-09-14 19:15,Moreirense x Maritimo,Moreirense,Maritimo,Portuguese Primeira Liga,45,2-0,1.14,10.0,36.0,1.33,3.95,1995.44,0.57,0.39,2,1,4,5,1,2,2,0,7,8,36,1,Pendente,,,,1.262181495,191604,5887632,61,1.262181505,47973
2026-09-14,2026-09-14 19:45,Braga x Estoril Praia,Braga,Estoril Praia,Portuguese Primeira Liga,45,1-0,1.81,3.1,7.8,4.8,1.25,11812.06,1.20,0.28,3,0,10,6,2,1,2,0,14,8,53,1,Pendente,,,,1.262170139,48799,5887629,61,1.262170149,47973
2026-09-14,2026-09-14 22:00,Deportivo Riestra x Lanus,Deportivo Riestra,Lanus,Argentinian Primera Division,50,0-1,10.0,3.9,1.52,2.94,1.49,953.34,1.00,0.76,3,3,11,7,1,2,1,1,14,13,34,1,Pendente,,,,1.261709782,5994579,5115998,916957,1.261709792,47973
2026-09-14,2026-09-14 22:00,Banfield x Barracas Central,Banfield,Barracas Central,Argentinian Primera Division,50,1-0,1.42,4.2,15.0,3.4,1.4,26247.29,0.27,0.34,2,2,5,4,0,2,2,1,7,5,45,1,Pendente,,,,1.261711224,194508,5115995,916957,1.261711264,47973
2026-09-14,2026-09-14 22:30,America MG x Sao Bernardo,America MG,Sao Bernardo,Brazilian Serie B,50,0-0,3.5,2.42,3.25,6.8,1.16,284.49,0.46,0.53,2,3,8,8,2,2,1,2,7,8,57,1,Pendente,,,,1.262276637,4516149,5190711,8814,1.262276640,47973
2026-09-14,2026-09-14 22:30,Botafogo SP x Goias,Botafogo SP,Goias,Brazilian Serie B,50,1-1,3.7,1.98,3.75,1.59,2.66,70.63,1.05,0.14,2,1,5,5,2,5,2,0,6,6,35,1,Pendente,,,,1.262286923,4435648,5190709,8814,1.262286926,47973
2026-09-15,2026-09-14 23:00,Bahia x Remo,Bahia,Remo,Brazilian Serie A,50,2-0,1.18,7.4,36.0,1.93,2.06,22286.15,0.88,0.12,5,0,10,2,2,1,2,0,25,7,69,1,Pendente,,,,1.261819658,198139,5103632,268,1.261819668,47973
2026-09-15,2026-09-14 23:30,Union La Calera x Deportes Limache,Union La Calera,Deportes Limache,Chilean Primera Division,50,1-1,1.63,3.9,7.0,2.0,1.96,134.18,,,2,2,3,9,0,2,0,0,8,9,47,2,Pendente,,,,1.262116922,5271439,1000013231,273,1.262116932,47973
2026-09-15,2026-09-15 00:15,Instituto x Estudiantes Rio Cuarto,Instituto,Estudiantes Rio Cuarto,Argentinian Primera Division,45,0-0,2.02,2.46,9.8,9.6,1.11,10356.7,0.32,0.25,1,2,8,5,1,2,0,0,11,9,48,1,Pendente,,,,1.261850413,897267,5116003,916957,1.261850423,47973
2026-09-15,2026-09-15 00:30,Avai x Vila Nova,Avai,Vila Nova,Brazilian Serie B,50,1-1,3.0,2.36,3.95,1.39,3.45,515.87,0.80,0.58,2,2,6,9,1,3,1,0,9,12,42,1,Pendente,,,,1.262287031,3859186,5190715,8814,1.262287034,47973
2026-09-15,2026-09-15 10:00,Daejeon Citizen x Kyoto,Daejeon Citizen,Kyoto,AFC Champions League,50,0-0,2.1,2.64,6.4,6.4,1.17,3633.8,,,1,1,7,1,1,1,2,0,9,2,57,2,Pendente,,,,1.262303558,5352230,6049976,943984,1.262303603,47973
2026-09-15,2026-09-15 10:00,Ratchaburi x Shanghai Port FC,Ratchaburi,Shanghai Port FC,AFC Champions League,50,1-3,75.0,23.0,1.05,,,85.68,,,3,3,7,6,4,0,1,2,13,9,59,2,Pendente,,,,1.262363015,7583019,6049979,943984,,
2026-09-15,2026-09-15 12:15,Beijing Guoan x Pohang Steelers,Beijing Guoan,Pohang Steelers,AFC Champions League,45,2-1,1.26,6.0,21.0,,,13309.7,,,3,2,5,3,2,0,2,1,12,7,54,2,Pendente,,,,1.262362789,2955487,6049980,943984,,
2026-09-15,2026-09-15 12:15,Johor Darul Ta'zim x Buriram Utd,Johor Darul Ta'zim,Buriram Utd,AFC Champions League,45,2-1,1.89,3.05,6.4,1.23,5.1,2513.01,,,3,4,4,5,1,0,1,0,2,4,42,2,Pendente,,,,1.262364362,10556616,6049981,943984,1.262364372,47973
2026-09-15,2026-09-15 13:45,Arkadag FK x Al-Muharraq,Arkadag FK,Al-Muharraq,AFC Champions League Two,45,0-0,3.45,2.26,3.45,8.8,1.12,630.51,,,2,1,3,6,0,3,0,2,4,8,40,2,Pendente,,,,1.262440639,75688968,6054605,1000001775,1.262440649,47973
2026-09-15,2026-09-15 14:00,Asyut Petroleum x Modern Sport FC,Asyut Petroleum,Modern Sport FC,Egyptian Premier,50,0-1,25.0,5.7,1.25,2.74,1.55,202.36,0.38,0.34,3,3,6,6,1,8,0,0,7,10,40,1,Pendente,,,,1.262362373,5174055,5996725,943009,1.262362418,47973
2026-09-15,2026-09-15 16:00,Rakow Czestochowa x Zaglebie Lubin,Rakow Czestochowa,Zaglebie Lubin,Polish Ekstraklasa,50,1-0,1.29,5.6,18.0,2.18,1.82,4368.12,0.55,0.07,3,0,9,3,3,0,1,0,15,2,65,1,Pendente,,,,1.262284721,5876552,5803938,937879,1.262284724,47973
2026-09-15,2026-09-15 16:00,Al Ain x Al Nassr,Al Ain,Al Nassr,AFC Champions League,50,1-1,1.67,4.3,5.7,1.71,2.38,7532.18,,,3,1,7,5,2,4,2,1,8,8,53,2,Pendente,,,,1.262364252,1252830,6050070,943983,1.262364262,47973
2026-09-15,2026-09-15 16:00,Genoa x Sudtirol,Genoa,Sudtirol,Italian Coppa Italia,50,1-0,1.78,2.9,9.8,5.8,1.19,6773.1,0.64,0.03,3,0,13,1,4,0,0,0,21,3,60,1,Pendente,,,,1.262365339,60310,6003652,938423,1.262365349,47973
2026-09-15,2026-09-15 16:30,Ironi Tiberias x Hapoel Jerusalem,Ironi Tiberias,Hapoel Jerusalem,Israeli Premier League,50,1-0,1.59,3.75,7.8,2.34,1.71,2714.69,,,1,0,4,3,2,4,1,0,8,7,45,2,Pendente,,,,1.262452891,6064987,1000015274,127,1.262452894,47973
2026-09-15,2026-09-15 17:00,Rayo Vallecano x Espanyol,Rayo Vallecano,Espanyol,Spanish La Liga,50,2-0,1.1,12.5,50.0,1.28,4.4,145757.4,1.26,0.37,2,0,11,5,2,2,2,0,13,12,67,1,Pendente,,,,1.262067688,10779,5868069,87,1.262067627,47973
2026-09-15,2026-09-15 17:00,Beitar Jerusalem x Maccabi Petach Tikva,Beitar Jerusalem,Maccabi Petach Tikva,Israeli Premier League,50,3-0,1.06,17.0,70.0,1.15,6.8,41848.92,,,2,3,14,7,3,0,3,0,25,7,75,2,Pendente,,,,1.262362460,1169738,1000015268,127,1.262362463,47973
2026-09-15,2026-09-15 17:00,Grasshoppers Zurich x Sion,Grasshoppers Zurich,Sion,Swiss Super League,50,1-2,4.1,3.1,2.28,1.15,7.4,1037.89,0.99,1.05,2,1,6,5,0,3,1,2,10,7,39,1,Pendente,,,,1.262366020,373489,5804241,937880,1.262366030,47973
2026-09-15,2026-09-15 18:00,Ajax x Willem II,Ajax,Willem II,Dutch Eredivisie,50,3-0,1.01,75.0,420.0,1.08,12.0,283315.83,1.76,0.28,6,2,18,4,6,1,1,0,41,9,69,1,Pendente,,,,1.261741879,52494689,5781718,937276,1.261741889,47973
2026-09-15,2026-09-15 18:00,Alaves x Valencia,Alaves,Valencia,Spanish La Liga,50,0-0,2.38,2.6,4.9,5.6,1.21,24427.39,0.74,0.19,2,1,8,5,1,4,2,0,14,15,40,1,Pendente,,,,1.262067550,60324,5868061,87,1.262067489,47973
2026-09-15,2026-09-15 18:15,Al-Hilal x Al Gharafa,Al-Hilal,Al Gharafa,AFC Champions League,45,2-0,1.05,20.0,110.0,1.56,2.74,46828.31,,,2,2,6,5,8,2,1,0,22,8,75,2,Pendente,,,,1.262362902,3725113,6050071,943983,1.262362912,47973
2026-09-15,2026-09-15 18:30,Peterborough x Barnsley,Peterborough,Barnsley,English Football League Cup,50,2-3,3.15,3.0,2.8,,,766.41,1.14,2.12,6,8,8,15,1,0,4,2,12,20,52,1,Pendente,,,,1.261959715,18563,6099341,938221,,
2026-09-15,2026-09-15 18:30,Korona Kielce x Gornik Zabrze,Korona Kielce,Gornik Zabrze,Polish Ekstraklasa,50,0-1,10.0,3.95,1.51,2.46,1.65,114.65,0.09,0.76,0,2,2,9,2,2,0,0,3,15,58,1,Pendente,,,,1.262340095,1209555,5803925,937879,1.262340098,47973
2026-09-15,2026-09-15 18:45,West Ham x Fulham,West Ham,Fulham,English Football League Cup,45,2-2,3.2,2.84,2.92,,,4184.18,0.75,1.99,2,4,6,6,2,1,2,4,11,13,38,1,Pendente,,,,1.261959943,48756,6099343,938221,,
2026-09-15,2026-09-15 18:45,Middlesbrough x Millwall,Middlesbrough,Millwall,English Sky Bet Championship,45,1-2,6.4,4.6,1.56,1.14,7.8,442.58,0.59,1.18,2,3,11,7,7,1,0,2,24,8,82,1,Pendente,,,,1.262334745,74303,5836818,938218,1.262334748,47973
2026-09-15,2026-09-15 18:45,Bristol City x Lincoln,Bristol City,Lincoln,English Sky Bet Championship,45,0-0,2.26,2.62,5.5,6.2,1.18,775.29,0.58,0.20,1,1,6,3,6,1,0,0,9,5,68,1,Pendente,,,,1.262335183,69745,5836816,938218,1.262335186,47973
2026-09-15,2026-09-15 18:45,Motherwell x Aberdeen,Motherwell,Aberdeen,Scottish Premiership,45,1-1,5.3,3.5,1.88,1.98,2.0,146.06,0.19,0.13,4,1,6,6,3,2,0,0,18,13,71,1,Pendente,,,,1.262427226,10707,5793913,937650,1.262427236,47973
2026-09-15,2026-09-15 18:45,Hibernian x Kilmarnock,Hibernian,Kilmarnock,Scottish Premiership,45,1-1,3.2,3.2,2.6,1.76,2.28,1265.68,0.22,0.41,2,1,4,4,2,4,0,0,18,8,60,1,Pendente,,,,1.262427336,9166,5793912,937650,1.262427346,47973
2026-09-15,2026-09-15 19:00,Reading x Brentford,Reading,Brentford,English Football League Cup,50,0-3,140.0,32.0,1.03,1.14,7.6,109.56,0.81,1.43,1,4,9,10,2,2,2,4,12,16,31,1,Pendente,,,,1.261959829,103122,6099340,938221,1.261959839,47973
2026-09-15,2026-09-15 19:00,Ipswich x Arsenal,Ipswich,Arsenal,English Football League Cup,50,0-3,120.0,25.0,1.04,1.15,7.2,71.96,0.26,0.53,0,3,5,7,2,0,0,2,9,17,41,1,Pendente,,,,1.261960053,48324,6099332,938221,1.261960063,47973
2026-09-15,2026-09-15 19:00,Liverpool x Tottenham,Liverpool,Tottenham,English Football League Cup,50,1-1,1.5,4.3,9.4,1.79,2.24,7776.92,0.70,0.87,2,1,6,6,3,2,1,2,10,8,47,1,Pendente,,,,1.261960164,56323,6099335,938221,1.261960174,47973
2026-09-15,2026-09-15 19:00,Fiorentina x Pisa,Fiorentina,Pisa,Italian Coppa Italia,50,2-0,1.24,6.2,26.0,2.02,1.94,5254.04,0.48,0.17,2,0,6,4,2,0,1,0,7,6,58,1,Pendente,,,,1.262401163,676467,6003659,938423,1.262401166,47973
2026-09-15,2026-09-15 19:00,CDT Real Oruro x Real Potosi,CDT Real Oruro,Real Potosi,Bolivian Liga de Futbol Profesional,50,0-1,12.5,4.9,1.36,2.1,1.84,245.89,,,1,1,10,7,4,5,0,1,15,11,55,2,Pendente,,,,1.262426317,57257944,1000019048,144,1.262426320,47973
2026-09-15,2026-09-15 19:30,Elche x Real Madrid,Elche,Real Madrid,Spanish La Liga,50,0-3,240.0,46.0,1.02,1.12,8.6,107.28,0.27,2.03,1,3,5,8,1,4,0,3,6,24,52,1,Pendente,,,,1.262067412,309111,5868065,87,1.262067351,47973
2026-09-15,2026-09-15 22:00,Vasco Da Gama x Santa Fe,Vasco Da Gama,Santa Fe,CONMEBOL Copa Sudamericana,50,1-0,1.18,7.6,38.0,2.48,1.65,28235.38,,,1,1,5,3,2,1,1,1,3,3,59,2,Pendente,,,,1.262234815,198124,1000021051,1000001659,1.262234825,47973
2026-09-15,2026-09-15 22:00,Carabobo FC x Deportivo La Guaira,Carabobo FC,Deportivo La Guaira,Venezuelan Primera Division,50,0-0,2.32,2.64,5.0,5.9,1.2,184.67,,,0,0,4,2,4,1,0,0,,,32,2,Pendente,,,,1.262457747,893607,1000018920,339,1.262457792,47973
2026-09-15,2026-09-15 22:30,Nautico PE x Operario PR,Nautico PE,Operario PR,Brazilian Serie B,50,2-1,2.2,2.8,5.1,1.25,4.8,2913.68,0.83,0.44,3,2,11,8,3,1,2,2,15,7,48,1,Pendente,,,,1.262256912,7210009,5190716,8814,1.262256915,47973
2026-09-15,2026-09-15 22:30,Deportivo Tachira x Puerto Cabello,Deportivo Tachira,Puerto Cabello,Venezuelan Primera Division,50,0-1,6.6,3.35,1.78,2.4,1.68,516.6,,,2,2,10,2,2,0,0,0,,,59,2,Pendente,,,,1.262453474,712865,1000018921,339,1.262453484,47973
2026-09-16,2026-09-16 00:00,CRB x Sport Recife,CRB,Sport Recife,Brazilian Serie B,50,1-0,1.35,5.0,14.0,2.1,1.88,7234.74,0.45,0.16,2,1,8,3,2,2,0,0,22,7,44,1,Pendente,,,,1.262291007,6368159,5190717,8814,1.262291010,47973
2026-09-16,2026-09-16 00:30,Sao Paulo x Boca Juniors,Sao Paulo,Boca Juniors,CONMEBOL Copa Sudamericana,50,0-0,2.92,2.24,4.6,11.5,1.08,2220.34,,,1,0,2,2,1,0,1,0,3,,54,2,Pendente,,,,1.262235017,198126,1000019989,1000001659,1.262235027,47973
2026-09-16,2026-09-16 12:00,Niki Volou x Asteras Tripolis,Niki Volou,Asteras Tripolis,Greek Cup,46,0-0,6.0,2.22,2.5,9.4,1.11,119.04,,,1,5,1,11,1,2,0,0,3,14,48,2,Pendente,,,,1.262369294,1210423,6176259,944879,1.262369297,47973
2026-09-16,2026-09-16 12:15,Viettel FC x Melbourne Victory,Viettel FC,Melbourne Victory,AFC Champions League Two,46,0-0,4.3,2.58,2.6,5.9,1.19,361.15,,,1,0,5,5,0,2,0,1,12,8,59,2,Pendente,,,,1.262463190,7313668,6054692,9469,1.262463201,47973
2026-09-16,2026-09-16 14:00,El Gounah x Petrojet,El Gounah,Petrojet,Egyptian Premier,43,0-2,80.0,16.0,1.07,1.37,3.55,104.8,0.14,0.51,0,2,1,9,2,1,0,1,9,9,63,1,Pendente,,,,1.262250160,5202561,5996729,943009,1.262250170,47973
2026-09-16,2026-09-16 14:45,Kifisia x Panathinaikos,Kifisia,Panathinaikos,Greek Cup,43,0-1,11.5,3.55,1.55,4.3,1.29,147.39,,,1,0,5,4,1,1,0,0,5,9,27,2,Pendente,,,,1.262369402,16093929,6106054,944879,1.262369405,47973
2026-09-16,2026-09-16 16:00,Al Khalidiyah x Nasaf,Al Khalidiyah,Nasaf,AFC Champions League Two,43,0-0,2.48,2.42,5.1,7.0,1.16,885.26,,,2,2,7,5,0,2,2,0,5,7,48,2,Pendente,,,,1.262461951,37188078,6054372,9469,1.262461961,47973
2026-09-16,2026-09-16 16:00,Al Wahda (Abu Dhabi) x Kuwait SC,Al Wahda (Abu Dhabi),Kuwait SC,AFC Champions League Two,43,2-2,2.94,3.05,2.78,,,602.05,,,3,2,13,2,6,1,1,0,30,7,63,2,Pendente,,,,1.262462171,6132829,6054373,9469,,
2026-09-16,2026-09-16 16:45,Omonia x Celta Vigo,Omonia,Celta Vigo,UEFA Europa League,43,0-0,4.9,2.46,2.5,6.2,1.18,6354.04,0.11,0.32,3,2,5,8,3,4,0,0,3,17,44,1,Pendente,,,,1.261738682,1209587,6112344,943229,1.261738692,47973
2026-09-16,2026-09-16 16:45,Ararat Armenia x Sparta Prague,Ararat Armenia,Sparta Prague,UEFA Europa League,43,0-3,85.0,16.5,1.07,1.14,7.8,170.8,0.56,1.27,1,4,9,15,1,9,1,2,7,24,44,1,Pendente,,,,1.261738792,20740727,6112383,943229,1.261738802,47973
2026-09-16,2026-09-16 17:00,Atletico Madrid x Osasuna,Atletico Madrid,Osasuna,Spanish La Liga,43,2-0,1.1,12.0,55.0,1.81,2.2,231750.43,3.15,0.43,5,1,16,2,2,0,8,1,29,4,70,1,Pendente,,,,1.262070651,52480965,5868062,87,1.262070590,47973
2026-09-16,2026-09-16 17:00,Deportivo x Sevilla,Deportivo,Sevilla,Spanish La Liga,43,0-0,3.8,2.34,3.15,7.6,1.14,9643.83,0.05,0.12,1,2,1,4,2,3,0,0,6,3,58,1,Pendente,,,,1.262073378,51266,5868064,87,1.262073317,47973
2026-09-16,2026-09-16 17:00,Ghazl El Mahallah x Zamalek,Ghazl El Mahallah,Zamalek,Egyptian Premier,43,0-0,5.2,2.22,2.7,9.0,1.12,1189.69,0.39,0.20,1,2,8,6,2,0,0,0,10,9,37,1,Pendente,,,,1.262254020,10562474,5996731,943009,1.262254030,47973
2026-09-16,2026-09-16 17:00,AIK x Mjallby,AIK,Mjallby,Swedish Allsvenskan,43,1-1,2.82,2.78,3.45,1.24,5.0,4939.37,1.26,0.55,4,3,8,6,3,0,2,2,12,4,75,1,Pendente,,,,1.262333194,168731,5107573,67,1.262333197,47973
2026-09-16,2026-09-16 17:00,Thun x Servette,Thun,Servette,Swiss Super League,43,2-2,5.2,3.75,1.82,,,455.39,1.16,0.73,1,2,7,7,1,2,2,2,12,10,55,1,Pendente,,,,1.262388073,176184,5804243,937880,,
2026-09-16,2026-09-16 18:15,Al Rayyan x Al Faisaly SC,Al Rayyan,Al Faisaly SC,AFC Champions League Two,43,3-1,1.03,29.0,110.0,,,88741.64,,,4,3,8,5,2,1,2,1,8,8,68,2,Pendente,,,,1.262462281,4692599,6054494,9469,,
2026-09-16,2026-09-16 19:00,Sunderland x Az Alkmaar,Sunderland,Az Alkmaar,UEFA Europa League,43,1-0,1.91,3.15,6.0,4.2,1.29,10476.38,1.21,0.27,2,1,13,2,7,3,1,1,20,7,58,1,Pendente,,,,1.261739040,62783,6112330,943229,1.261739050,47973
2026-09-16,2026-09-16 19:00,AC Milan x Benfica,AC Milan,Benfica,UEFA Europa League,43,1-1,4.9,3.7,1.88,1.9,2.1,9658.7,0.35,0.16,2,2,6,4,4,1,0,0,13,3,55,1,Pendente,,,,1.261739331,127991,6112254,943229,1.261739341,47973
2026-09-16,2026-09-16 19:00,Olympiakos x Jagiellonia Bialystock,Olympiakos,Jagiellonia Bialystock,UEFA Europa League,43,2-1,1.55,3.5,12.0,1.22,5.5,14460.0,1.49,0.52,4,3,11,4,7,0,5,2,20,9,54,1,Pendente,,,,1.261739579,55243,6112268,943229,1.261739589,47973
2026-09-16,2026-09-16 19:00,Leverkusen x NK Celje,Leverkusen,NK Celje,UEFA Europa League,43,3-0,1.04,24.0,130.0,1.41,3.35,90828.33,1.31,0.70,5,3,12,3,4,1,3,3,19,7,61,1,Pendente,,,,1.261739689,44787,6112244,943229,1.261739699,47973
2026-09-16,2026-09-16 19:00,Hapoel Be'er Sheva x Dinamo Zagreb,Hapoel Be'er Sheva,Dinamo Zagreb,UEFA Europa League,43,0-0,3.8,2.64,2.74,5.1,1.23,650.6,0.42,0.21,1,0,7,3,3,1,1,0,10,6,64,1,Pendente,,,,1.261739799,102137986,6112363,943229,1.261739809,47973
2026-09-16,2026-09-16 19:00,Anderlecht x Lyon,Anderlecht,Lyon,UEFA Europa League,43,0-2,34.0,10.5,1.14,1.22,5.3,114.83,0.53,0.82,2,4,5,7,4,3,1,1,7,12,50,1,Pendente,,,,1.261739909,58163,6112310,943229,1.261739919,47973
2026-09-16,2026-09-16 19:00,Sturm Graz x Rennes,Sturm Graz,Rennes,UEFA Europa League,43,0-0,5.7,3.05,1.99,4.1,1.3,1045.72,0.10,0.91,1,2,2,9,1,4,0,1,7,17,40,1,Pendente,,,,1.261740019,71085,6112315,943229,1.261740029,47973
2026-09-16,2026-09-16 19:00,Coventry x Aston Villa,Coventry,Aston Villa,English Football League Cup,43,1-2,11.5,4.7,1.41,,,1453.66,0.44,1.97,3,6,8,12,0,3,0,3,11,20,35,1,Pendente,,,,1.261960445,48043,6099333,938221,,
2026-09-16,2026-09-16 19:00,Guabira x Aurora,Guabira,Aurora,Bolivian Liga de Futbol Profesional,43,2-2,1.78,3.7,5.6,,,413.98,,,2,3,3,8,0,3,1,1,6,12,39,2,Pendente,,,,1.262448548,5892455,1000019050,1000001249,,
2026-09-16,2026-09-16 21:00,Portuguesa FC x Estudiantes de Merida,Portuguesa FC,Estudiantes de Merida,Venezuelan Primera Division,43,2-0,1.16,9.4,26.0,1.28,4.4,10748.96,,,3,1,3,8,0,3,0,0,,,34,2,Pendente,,,,1.262466590,10939060,1000018922,1000001689,1.262466600,47973
2026-09-16,2026-09-16 22:00,Nacional Potosi x Always Ready,Nacional Potosi,Always Ready,Bolivian Liga de Futbol Profesional,43,0-1,11.0,4.6,1.4,2.04,1.9,335.33,,,0,4,5,11,5,0,0,1,8,17,51,2,Pendente,,,,1.262449097,5885611,1000019051,1000001249,1.262449100,47973
2026-09-16,2026-09-16 22:00,Monagas x Zamora FC,Monagas,Zamora FC,Venezuelan Primera Division,43,1-0,1.26,5.9,19.5,1.97,1.98,2220.87,,,5,0,8,4,3,3,0,0,,,49,2,Pendente,,,,1.262466370,224547,1000018919,1000001689,1.262466380,47973
2026-09-16,2026-09-16 22:01,Atletico MG x Santos,Atletico MG,Santos,CONMEBOL Copa Sudamericana,47,3-1,1.06,19.5,85.0,,,97150.17,,,3,1,8,8,2,2,3,0,10,4,54,2,Pendente,,,,1.261375810,361329,1000020425,1000001659,,
2026-09-16,2026-09-16 22:30,Botafogo FR x Gremio,Botafogo FR,Gremio,Brazilian Serie A,43,1-1,2.38,2.76,4.4,1.25,4.8,3016.79,0.55,0.32,4,1,6,5,1,2,1,0,7,7,41,1,Pendente,,,,1.262336729,11302836,5103565,1000001407,1.262336732,47973
2026-09-16,2026-09-16 23:00,Trujillanos x Rayo Zuliano,Trujillanos,Rayo Zuliano,Venezuelan Primera Division,43,1-3,30.0,10.0,1.14,,,105.13,,,3,4,9,7,2,1,0,0,,,54,2,Pendente,,,,1.262465676,1224046,1000018917,1000001689,,
2026-09-16,2026-09-16 23:00,Columbus x Orlando City,Columbus,Orlando City,US Lamar Hunt U.S Open Cup,43,2-1,2.24,3.25,3.95,1.15,7.2,2410.15,,,3,4,9,7,5,2,1,1,10,15,52,2,Pendente,,,,1.262475502,171903,5658846,922585,1.262475505,47973
2026-09-17,2026-09-16 23:00,Trujillanos x Rayo Zuliano,Trujillanos,Rayo Zuliano,Venezuelan Primera Division,43,1-3,30.0,10.0,1.14,,,105.13,,,3,4,9,7,2,1,0,0,,,54,2,Pendente,,,,1.262465676,1224046,1000018917,1000001689,,
2026-09-17,2026-09-16 23:00,Columbus x Orlando City,Columbus,Orlando City,US Lamar Hunt U.S Open Cup,43,2-1,2.24,3.25,3.95,1.15,7.2,2410.15,,,3,4,9,7,5,2,1,1,11,15,52,2,Pendente,,,,1.262475502,171903,5658846,922585,1.262475505,47973
2026-09-17,2026-09-16 23:15,Once Caldas x Tolima,Once Caldas,Tolima,Colombian Primera A,43,1-0,1.59,3.85,8.2,2.3,1.74,396.75,0.51,0.21,2,2,6,12,0,4,1,1,4,7,37,1,Pendente,,,,1.262334415,816112,1000014113,1000001696,1.262334418,47973
2026-09-17,2026-09-16 23:30,Metropolitanos x Caracas,Metropolitanos,Caracas,Venezuelan Primera Division,43,1-0,1.57,3.85,8.4,2.12,1.84,456.56,,,2,3,7,8,0,4,0,0,,,43,2,Pendente,,,,1.262466480,8761113,1000018916,1000001689,1.262466490,47973
2026-09-17,2026-09-17 00:30,Corinthians x Estudiantes,Corinthians,Estudiantes,CONMEBOL Copa Libertadores,43,0-0,2.92,2.02,5.8,13.5,1.07,2568.01,0.14,0.05,1,0,4,2,1,1,0,0,5,1,60,1,Pendente,,,,1.262276010,198136,1000020031,1000001641,1.262276020,47973
2026-09-17,2026-09-17 00:30,Blooming Santa Cruz x Universitario de Vinto,Blooming Santa Cruz,Universitario de Vinto,Bolivian Liga de Futbol Profesional,43,1-1,3.7,3.15,2.3,1.91,2.04,73.86,,,1,2,7,4,3,4,0,1,9,8,67,2,Pendente,,,,1.262448989,10259108,1000019052,1000001249,1.262448992,47973
2026-09-17,2026-09-17 00:30,Birmingham Legion FC x New Mexico United,Birmingham Legion FC,New Mexico United,US United Soccer League,43,1-3,8.6,4.8,1.44,,,234.31,,,2,3,5,3,4,0,1,0,13,4,45,2,Pendente,,,,1.262550149,23254091,5109844,8972,,
2026-09-17,2026-09-17 01:20,Internacional de Bogot x Atletico Nacional Medel,Internacional de Bogot,Atletico Nacional Medel,Colombian Primera A,43,1-2,6.8,3.05,1.87,1.22,5.3,2627.98,0.36,1.12,2,5,2,11,2,5,0,1,4,10,26,1,Pendente,,,,1.262334295,96517732,1000014168,1000001696,1.262334305,47973
2026-09-17,2026-09-17 01:30,Colorado x St Louis City SC,Colorado,St Louis City SC,US Lamar Hunt U.S Open Cup,43,0-1,7.0,3.5,1.67,2.34,1.68,299.76,,,1,2,5,3,1,2,0,2,3,4,56,2,Pendente,,,,1.262411570,171911,5658845,922585,1.262411580,47973
2026-09-17,2026-09-17 10:00,Lion City Sailors FC x BG Pathumthani United,Lion City Sailors FC,BG Pathumthani United,AFC Champions League Two,50,1-0,1.44,4.5,11.0,2.08,1.86,539.78,,,0,3,5,7,5,1,0,0,7,9,53,2,Pendente,,,,1.262462501,42948438,6054751,9469,1.262462511,47973
2026-09-17,2026-09-17 10:00,Adelaide United x Wofoo Tai Po,Adelaide United,Wofoo Tai Po,AFC Champions League Two,50,2-0,1.09,14.5,60.0,1.62,2.5,800.91,,,1,1,8,4,6,2,2,0,16,2,73,2,Pendente,,,,1.262538767,571273,6054750,9469,1.262538777,47973
2026-09-17,2026-09-17 12:15,Kitchee SC x Gangwon,Kitchee SC,Gangwon,AFC Champions League Two,45,0-0,2.52,2.64,4.3,6.0,1.19,1681.43,,,0,2,5,3,2,3,0,0,7,6,40,2,Pendente,,,,1.262462611,5696599,6054844,9469,1.262462621,47973
2026-09-17,2026-09-17 12:15,Shanghai Shenhua x Tampines Rovers,Shanghai Shenhua,Tampines Rovers,AFC Champions League Two,45,2-1,1.53,4.0,9.8,1.15,7.4,1414.36,,,6,3,11,3,4,1,2,0,16,7,48,2,Pendente,,,,1.262463904,1550828,6054833,9469,1.262463914,47973
2026-09-17,2026-09-17 14:00,ZED FC x Olympic El Qanal,ZED FC,Olympic El Qanal,Egyptian Premier,50,0-0,2.76,2.1,5.6,11.5,1.09,99.43,0.38,0.12,0,0,5,3,5,1,0,0,10,9,56,1,Pendente,,,,1.262444612,38208152,5996724,943009,1.262444622,47973
2026-09-17,2026-09-17 16:45,PFC Levski Sofia x Red Bull Salzburg,PFC Levski Sofia,Red Bull Salzburg,UEFA Europa League,45,0-1,11.5,4.6,1.42,2.06,1.92,994.8,0.21,1.06,0,3,4,4,3,2,0,2,4,10,48,1,Pendente,,,,1.261740131,21868583,6112379,943229,1.261740141,47973
2026-09-17,2026-09-17 17:00,Betis x Getafe,Betis,Getafe,Spanish La Liga,50,1-0,1.19,7.6,30.0,2.28,1.76,223230.35,0.75,0.13,5,1,13,3,3,1,1,0,16,4,80,1,Pendente,,,,1.262068223,44507,5868063,87,1.262068162,47973
2026-09-17,2026-09-17 17:00,ENPPI x Pyramids,ENPPI,Pyramids,Egyptian Premier,50,0-1,9.8,2.98,1.76,6.0,1.19,238.89,0.32,0.71,1,0,3,8,2,3,0,0,5,6,36,1,Pendente,,,,1.262254245,5259327,5996730,943009,1.262254256,47973
2026-09-17,2026-09-17 17:30,Orlando Pirates (SA) x Durban City,Orlando Pirates (SA),Durban City,South African Premier Division,50,1-0,1.97,2.56,8.0,6.4,1.16,339.23,0.28,0.54,2,3,7,5,4,3,0,1,4,11,62,1,Pendente,,,,1.262474010,1532826,5955093,1000001719,1.262474020,47973
2026-09-17,2026-09-17 18:00,Zeleznicar Pancevo x Crvena Zvezda,Zeleznicar Pancevo,Crvena Zvezda,Serbian Super League,50,1-2,5.4,2.82,2.14,1.25,4.7,503.82,,,2,1,3,2,1,1,1,0,4,5,47,2,Pendente,,,,1.262546454,17203915,1000015099,1000001612,1.262546457,47973
2026-09-17,2026-09-17 19:00,Celtic x Ferencvaros,Celtic,Ferencvaros,UEFA Europa League,50,2-3,4.1,3.3,2.18,,,88712.96,0.49,0.80,3,4,7,9,6,2,2,1,17,12,62,1,Pendente,,,,1.261741114,52495022,6112299,943229,,
2026-09-17,2026-09-17 19:00,Crystal Palace x Lech Poznan,Crystal Palace,Lech Poznan,UEFA Europa League,50,3-0,1.01,85.0,110.0,,,285092.16,1.64,0.67,4,1,8,7,4,2,2,2,11,11,49,1,Pendente,,,,1.261741552,62523,6112324,943229,,
2026-09-17,2026-09-17 19:00,Lillestrom x Torreense,Lillestrom,Torreense,UEFA Europa League,50,1-1,5.0,3.4,1.96,1.99,2.0,924.92,1.30,1.15,4,2,10,8,7,1,1,3,18,8,62,1,Pendente,,,,1.261741991,10770,6112377,943229,1.261742001,47973
2026-09-17,2026-09-17 19:00,Plzen x Union St Gilloise,Plzen,Union St Gilloise,UEFA Europa League,50,0-3,30.0,10.5,1.13,1.15,7.2,770.8,0.46,2.39,2,8,7,14,3,0,0,5,12,20,45,1,Pendente,,,,1.261742538,52613879,6112283,943229,1.261742548,47973
2026-09-17,2026-09-17 19:00,Real Sociedad x Bournemouth,Real Sociedad,Bournemouth,UEFA Europa League,50,0-3,50.0,15.0,1.09,1.19,6.2,207.21,0.13,0.55,0,2,4,7,2,2,0,2,4,13,53,1,Pendente,,,,1.261742758,18573,6112272,943229,1.261742768,47973
2026-09-17,2026-09-17 19:00,Besiktas x Marseille,Besiktas,Marseille,UEFA Europa League,50,2-1,2.16,2.98,4.9,1.22,5.3,1599.07,1.49,0.61,2,2,8,8,2,3,2,1,15,13,63,1,Pendente,,,,1.261742978,232068,6112354,943229,1.261742988,47973
2026-09-17,2026-09-17 19:30,Malaga x Villarreal,Malaga,Villarreal,Spanish La Liga,50,1-2,19.0,5.7,1.29,,,342.64,0.25,1.13,1,5,1,11,0,5,0,3,2,22,34,1,Pendente,,,,1.262071220,13360,5868068,87,,
2026-09-17,2026-09-17 22:00,Real Tomayapo x Oriente Petrolero,Real Tomayapo,Oriente Petrolero,Bolivian Liga de Futbol Profesional,50,0-2,32.0,11.0,1.12,1.23,5.1,195.53,,,2,3,7,9,3,4,0,1,8,6,57,2,Pendente,,,,1.262449226,25238903,1000019053,1000001249,1.262449229,47973
2026-09-18,2026-09-18 00:30,Torque x Cienciano,Torque,Cienciano,CONMEBOL Copa Sudamericana,50,1-0,1.19,7.4,32.0,2.58,1.62,1931.91,,,1,2,4,4,0,4,0,0,10,7,66,2,Pendente,,,,1.261369034,9459683,1000020422,1000001659,1.261369044,47973
2026-09-18,2026-09-18 12:00,Ayutthaya United x Uthai Thani,Ayutthaya United,Uthai Thani,Thai League 1,50,0-0,3.65,2.38,3.1,6.6,1.17,155.66,0.27,0.95,0,2,3,7,1,3,0,0,5,7,50,1,Pendente,,,,1.262536529,13318786,1000017733,1000001471,1.262536532,47973
2026-09-18,2026-09-18 12:45,Hapoel Tel Aviv x Hapoel Petach Tikva,Hapoel Tel Aviv,Hapoel Petach Tikva,Israeli Premier League,45,3-0,1.01,55.0,11.5,1.15,7.0,12506.85,,,2,0,7,4,3,1,2,1,10,4,55,2,Pendente,,,,1.262454767,121248,1000015278,1000001618,1.262454770,47973
2026-09-18,2026-09-18 13:00,Bandirmaspor x Umraniyespor,Bandirmaspor,Umraniyespor,Turkish 1 Lig,50,0-0,2.08,2.76,5.8,5.5,1.21,485.11,,,1,2,4,3,2,1,0,0,10,4,65,2,Pendente,,,,1.262403714,4985299,5908637,1000001750,1.262403717,47973
2026-09-18,2026-09-18 15:00,UTA Arad x ACS Sepsi OSK,UTA Arad,ACS Sepsi OSK,Romanian Liga I,50,1-0,1.86,2.88,8.2,5.5,1.21,322.49,,,3,1,12,5,8,2,1,0,11,3,54,2,Pendente,,,,1.262070248,2311174,5853511,938428,1.262070258,47973
2026-09-18,2026-09-18 15:00,SJK x IFK Mariehamn,SJK,IFK Mariehamn,Finnish Veikkausliiga,50,1-1,4.9,3.15,2.02,2.06,1.88,301.78,,,0,1,4,6,2,3,1,0,6,6,53,2,Pendente,,,,1.262342611,5418845,6145903,945700,1.262342614,47973
2026-09-18,2026-09-18 15:50,Al Taee x Al Bukayriyah,Al Taee,Al Bukayriyah,Saudi 1st Division,45,0-0,3.0,2.4,3.65,6.2,1.17,94.54,,,1,2,6,7,2,1,0,0,9,14,43,2,Pendente,,,,1.262571859,14116284,1000018459,1000001576,1.262571869,47973
2026-09-18,2026-09-18 16:00,AC Oulu x FC Inter Turku,AC Oulu,FC Inter Turku,Finnish Veikkausliiga,50,0-1,21.0,5.5,1.28,2.62,1.59,432.39,,,0,2,4,3,0,4,0,0,3,6,38,2,Pendente,,,,1.262430737,396699,6145872,945694,1.262430747,47973
2026-09-18,2026-09-18 16:05,Jeddah Club x Al-Saqer FC,Jeddah Club,Al-Saqer FC,Saudi 1st Division,45,0-0,1.03,2.98,1.01,1.01,1.24,1146.98,,,1,0,2,3,0,1,0,0,8,8,56,2,Pendente,,,,1.262571969,14841985,1000018460,1000001576,1.262571979,47973
2026-09-18,2026-09-18 16:30,Widzew Lodz x Wieczysta Krakow,Widzew Lodz,Wieczysta Krakow,Polish Ekstraklasa,50,2-1,2.02,3.0,5.3,1.21,5.5,534.15,0.70,1.17,4,2,13,4,7,0,1,2,19,3,52,1,Pendente,,,,1.262312506,502304,5803992,937879,1.262312509,47973
2026-09-18,2026-09-18 16:30,Greuther Furth x FC Magdeburg,Greuther Furth,FC Magdeburg,German Bundesliga 2,50,1-1,3.45,2.82,2.78,1.21,5.5,101.21,0.30,0.26,2,2,5,6,2,2,1,2,6,9,45,1,Pendente,,,,1.262313686,64375,5881674,146,1.262313696,47973
2026-09-18,2026-09-18 16:30,Wolfsburg x SV Darmstadt,Wolfsburg,SV Darmstadt,German Bundesliga 2,50,3-1,1.29,6.0,15.0,,,42606.39,0.76,0.99,2,2,10,6,3,1,1,3,14,9,63,1,Pendente,,,,1.262318891,44521,5881680,146,,
2026-09-18,2026-09-18 16:30,FSV Mainz 05 (W) x Eintracht Frankfurt (W),FSV Mainz 05 (W),Eintracht Frankfurt (W),German Frauen-Bundesliga,50,2-2,1.67,4.3,5.1,1.11,8.8,298.32,,,3,1,4,7,1,4,2,0,12,14,48,2,Pendente,,,,1.262557341,63263065,5934532,9676,1.262557351,47973
2026-09-18,2026-09-18 16:30,Hoffenheim (W) x Wolfsburg (W),Hoffenheim (W),Wolfsburg (W),German Frauen-Bundesliga,50,1-1,2.68,3.3,2.84,1.09,3.6,127.36,,,4,0,6,6,2,2,0,1,6,16,35,2,Pendente,,,,1.262557451,7636672,5934531,9676,1.262557461,47973
2026-09-18,2026-09-18 17:00,Kasimpasa x Konyaspor,Kasimpasa,Konyaspor,Turkish Super League,50,0-0,3.15,2.36,3.8,7.4,1.15,694.8,0.22,0.66,1,3,6,5,4,2,1,1,14,10,46,1,Pendente,,,,1.262313796,2080735,5904750,71,1.262313806,47973
2026-09-18,2026-09-18 17:00,Lyngby x Silkeborg,Lyngby,Silkeborg,Danish Superliga,50,1-1,3.85,3.2,2.3,1.83,2.18,4399.25,0.27,0.25,2,2,6,5,5,1,0,0,17,8,51,1,Pendente,,,,1.262374756,28218,5739514,935487,1.262374759,47973
2026-09-18,2026-09-18 17:00,Strasbourg (W) x Paris FC (W),Strasbourg (W),Paris FC (W),French Premiere Ligue,50,0-2,1.01,1.01,1.08,1.01,1.02,1164.9,0.00,0.91,0,4,0,10,1,1,0,1,,,56,1,Pendente,,,,1.262556854,41097207,5901172,938005,1.262556864,47973
2026-09-18,2026-09-18 17:30,Neuchatel Xamax x Rapperswil-Jona,Neuchatel Xamax,Rapperswil-Jona,Swiss Challenge League,50,0-2,14.0,7.0,1.25,1.11,9.0,92.74,,,0,3,7,6,3,0,1,3,14,10,60,2,Pendente,,,,1.262314027,65779,5804594,1000001739,1.262314030,47973
2026-09-18,2026-09-18 17:30,Kriens x Etoile Carouge,Kriens,Etoile Carouge,Swiss Challenge League,50,2-2,1.6,4.1,7.0,,,102.5,,,5,2,5,7,1,2,3,1,9,10,40,2,Pendente,,,,1.262342067,328828,5804592,1000001739,,
2026-09-18,2026-09-18 18:00,Rapid Bucharest x Arges Pitesti,Rapid Bucharest,Arges Pitesti,Romanian Liga I,50,1-0,1.21,30.0,,2.48,1.65,13995.66,,,5,1,10,3,6,3,1,0,16,3,60,2,Pendente,,,,1.262066305,6394,5853506,938428,1.262066315,47973
2026-09-18,2026-09-18 18:00,FC Groningen x PEC Zwolle,FC Groningen,PEC Zwolle,Dutch Eredivisie,50,3-0,1.06,19.5,70.0,1.14,7.6,6933.15,0.62,0.30,4,1,7,6,2,3,0,0,13,12,57,1,Pendente,,,,1.262096282,24931403,5781754,937276,1.262096285,47973
2026-09-18,2026-09-18 18:00,RKC Waalwijk x MVV Maastricht,RKC Waalwijk,MVV Maastricht,Dutch Eerste Divisie,50,3-0,1.01,55.0,11.5,,,1793.34,,,3,0,8,0,3,1,1,0,11,2,39,2,Pendente,,,,1.262314808,3954225,5832876,111,,
2026-09-18,2026-09-18 18:00,Almere City x Heracles,Almere City,Heracles,Dutch Eerste Divisie,50,0-1,5.1,3.15,2.0,3.7,1.36,1791.5,,,1,1,1,9,3,2,0,1,2,21,36,2,Pendente,,,,1.262314916,4835124,5832869,111,1.262314919,47973
2026-09-18,2026-09-18 18:00,Reims x Montpellier,Reims,Montpellier,French Ligue 2,50,1-1,2.76,2.54,4.0,1.32,3.9,166.23,0.58,0.34,2,3,6,4,1,1,2,1,8,5,37,1,Pendente,,,,1.262315133,298233,5803270,110,1.262315136,47973
2026-09-18,2026-09-18 18:00,FC Eindhoven x Emmen,FC Eindhoven,Emmen,Dutch Eerste Divisie,50,1-1,1.91,3.5,4.9,1.8,2.18,1533.48,,,1,0,5,1,1,1,1,0,7,8,48,2,Pendente,,,,1.262315328,503439,5832871,111,1.262315331,47973
2026-09-18,2026-09-18 18:00,Rodez x Nancy,Rodez,Nancy,French Ligue 2,50,2-2,1.78,3.5,6.0,,,1185.27,0.75,1.68,2,2,5,12,2,2,2,3,7,16,36,1,Pendente,,,,1.262315866,1029663,5803271,110,,
2026-09-18,2026-09-18 18:00,Annecy x Dijon,Annecy,Dijon,French Ligue 2,50,1-0,1.42,4.5,12.0,2.3,1.73,11844.41,0.49,0.57,2,1,7,4,1,0,1,0,15,4,40,1,Pendente,,,,1.262330357,10572632,5803263,110,1.262330360,47973
2026-09-18,2026-09-18 18:00,Pau x Dunkerque,Pau,Dunkerque,French Ligue 2,50,1-0,1.69,3.05,10.0,5.0,1.23,811.21,0.86,0.41,4,2,10,3,5,0,0,1,13,3,63,1,Pendente,,,,1.262350390,4364244,5803269,110,1.262350393,47973
2026-09-18,2026-09-18 18:00,Den Bosch x Helmond Sport,Den Bosch,Helmond Sport,Dutch Eerste Divisie,50,3-1,1.34,5.5,13.0,,,706.89,,,4,1,7,4,2,1,0,0,13,3,44,2,Pendente,,,,1.262391625,48452,5832870,111,,
2026-09-18,2026-09-18 18:00,Laval x Sochaux,Laval,Sochaux,French Ligue 2,50,0-0,2.8,2.3,3.95,6.4,1.16,2142.94,0.42,0.37,1,0,10,4,4,3,1,0,14,5,61,1,Pendente,,,,1.262431453,77585,5803267,110,1.262431456,47973
2026-09-18,2026-09-18 18:00,Jong AZ Alkmaar x FC Volendam,Jong AZ Alkmaar,FC Volendam,Dutch Eerste Divisie,50,3-0,1.12,10.5,29.0,1.11,8.8,17562.36,,,4,0,8,1,3,0,1,0,19,4,49,2,Pendente,,,,1.262432940,5320893,5832873,111,1.262432943,47973
2026-09-18,2026-09-18 18:00,Jong FC Utrecht x VVV Venlo,Jong FC Utrecht,VVV Venlo,Dutch Eerste Divisie,50,2-2,7.0,4.2,1.56,,,1039.26,,,2,5,9,8,3,1,3,2,11,14,49,2,Pendente,,,,1.262433048,11378686,5832874,111,,
2026-09-18,2026-09-18 18:00,Jong Ajax Amsterdam x Roda JC,Jong Ajax Amsterdam,Roda JC,Dutch Eerste Divisie,50,0-0,3.5,2.56,2.94,5.3,1.22,3243.16,,,0,1,5,2,0,1,0,0,10,10,49,2,Pendente,,,,1.262433156,10698710,5832872,111,1.262433159,47973
2026-09-18,2026-09-18 18:00,Grenoble x Clermont,Grenoble,Clermont,French Ligue 2,50,1-0,1.5,3.9,11.5,3.2,1.45,275.64,1.01,0.36,0,3,7,8,2,3,1,0,7,7,48,1,Pendente,,,,1.262315977,269792,5803265,110,1.262315987,47973
2026-09-18,2026-09-18 18:00,Rudes x Slaven Belupo,Rudes,Slaven Belupo,Croatian HNL,50,0-0,4.5,2.42,2.56,7.2,1.15,1766.97,,,1,1,3,10,3,5,0,3,2,15,42,2,Pendente,,,,1.262401602,4940512,5765932,252,1.262401605,47973
2026-09-18,2026-09-18 18:15,Winterthur x Aarau,Winterthur,Aarau,Swiss Challenge League,45,2-1,2.4,3.0,3.7,1.17,6.6,1841.23,,,1,1,6,9,3,0,1,1,11,9,53,2,Pendente,,,,1.262342395,458019,5804595,1000001739,1.262342398,47973
2026-09-18,2026-09-18 18:30,Juve Stabia x Cesena,Juve Stabia,Cesena,Italian Serie B,50,0-1,8.0,3.75,1.6,2.18,1.82,425.2,0.48,0.91,1,1,6,10,2,2,1,1,8,9,59,1,Pendente,,,,1.262450510,1270340,5967083,941726,1.262450513,47973
2026-09-18,2026-09-18 18:30,Wisla Krakow x Slask Wroclaw,Wisla Krakow,Slask Wroclaw,Polish Ekstraklasa,50,2-0,1.24,6.2,20.0,1.87,2.1,38449.61,1.28,0.22,3,1,13,2,3,2,1,1,16,4,56,1,Pendente,,,,1.262315437,10782,5803993,937879,1.262315440,47973
2026-09-18,2026-09-18 18:30,Albacete x Cordoba,Albacete,Cordoba,Spanish Segunda Division,50,1-0,1.57,4.1,7.6,1.94,2.04,7207.93,1.06,0.30,2,0,7,7,1,1,1,0,8,5,38,1,Pendente,,,,1.262354409,309089,5868448,938653,1.262354412,47973
2026-09-18,2026-09-18 18:45,Monaco x Lens,Monaco,Lens,French Ligue 1,45,2-0,1.32,5.5,14.5,1.82,2.2,59005.16,1.30,0.24,4,1,7,4,2,2,3,0,12,11,51,1,Pendente,,,,1.262088473,361706,5802941,53,1.262088483,47973
2026-09-18,2026-09-18 18:45,AC Monza x Sassuolo,AC Monza,Sassuolo,Italian Serie A,45,0-0,3.75,2.78,2.64,4.1,1.31,2019.67,0.43,0.83,3,4,7,10,2,3,1,3,8,13,39,1,Pendente,,,,1.262103368,13659467,5749686,55,1.262103352,47973
2026-09-18,2026-09-18 18:45,Dundalk x Shelbourne,Dundalk,Shelbourne,Irish Premier Division,45,1-1,3.6,2.8,2.68,1.23,5.0,538.69,0.20,1.21,2,3,5,7,0,3,0,1,8,14,45,1,Pendente,,,,1.262375045,198746,5100969,126,1.262375048,47973
2026-09-18,2026-09-18 18:45,Gent x Standard,Gent,Standard,Belgian Pro League,45,1-1,2.74,2.52,4.1,1.33,3.85,3949.57,0.81,0.69,5,3,7,8,3,4,2,3,9,17,31,1,Pendente,,,,1.262386108,350594,5811764,937988,1.262386111,47973
2026-09-18,2026-09-18 19:00,Bristol City x Watford,Bristol City,Watford,English Sky Bet Championship,50,1-0,1.29,5.7,18.0,2.24,1.77,4393.3,0.91,0.16,3,0,8,3,1,3,1,0,20,5,43,1,Pendente,,,,1.262344373,69745,5836839,938218,1.262344376,47973
2026-09-18,2026-09-18 19:00,Shamrock Rovers x Waterford,Shamrock Rovers,Waterford,Irish Premier Division,50,1-1,3.6,3.25,2.36,1.9,2.08,1417.6,0.65,0.68,2,3,8,9,2,5,0,0,13,12,66,1,Pendente,,,,1.262374648,184325,5100970,126,1.262374651,47973
2026-09-18,2026-09-18 19:00,Brentford x Chelsea,Brentford,Chelsea,English Premier League,50,0-0,3.4,2.8,2.84,4.4,1.29,832.02,0.39,0.39,2,2,7,4,2,3,0,0,9,11,46,1,Pendente,,,,1.262038986,78864,5795456,47,1.262038925,47973
2026-09-18,2026-09-18 19:00,Espanyol x Elche,Espanyol,Elche,Spanish La Liga,50,1-2,7.0,4.4,1.57,1.17,6.6,5930.68,0.26,0.76,2,2,6,3,1,1,1,2,11,7,61,1,Pendente,,,,1.262105264,59044,5868075,87,1.262105203,47973
2026-09-18,2026-09-18 19:00,Bohemians x Drogheda,Bohemians,Drogheda,Irish Premier Division,50,2-0,1.18,7.8,30.0,2.04,1.94,4673.03,1.28,0.52,3,1,8,7,3,2,2,1,15,11,73,1,Pendente,,,,1.262375369,3814,5100967,126,1.262375372,47973
2026-09-18,2026-09-18 19:00,Sportivo Trinidense x Guarani (Par),Sportivo Trinidense,Guarani (Par),Paraguayan Primera Division,50,0-0,7.2,2.68,1.98,6.4,1.17,137.83,,,0,4,2,11,2,4,0,0,8,15,31,2,Pendente,,,,1.262418399,9610998,1000017416,1000001212,1.262418402,47973
2026-09-18,2026-09-18 20:00,Alianza Atletico x Comerciantes Unidos,Alianza Atletico,Comerciantes Unidos,Peruvian Primera Division,50,2-1,1.44,4.0,13.5,1.18,6.0,2246.52,,,2,1,13,3,6,2,0,1,12,5,69,2,Pendente,,,,1.262366712,898396,1000017245,1000001681,1.262366715,47973
2026-09-18,2026-09-18 21:00,Aguilas Doradas x Deportivo Pereira,Aguilas Doradas,Deportivo Pereira,Colombian Primera A,50,2-0,1.17,8.2,34.0,2.18,1.8,551.17,0.64,0.16,5,1,8,3,4,0,1,0,13,6,54,1,Pendente,,,,1.262474510,8717595,1000014149,1000001696,1.262474520,47973
2026-09-18,2026-09-18 21:30,Nacional (Par) x Club 2 de Mayo de Pedro Juan Cab,Nacional (Par),Club 2 de Mayo de Pedro Juan Cab,Paraguayan Primera Division,45,2-0,1.06,90.0,,1.35,3.7,6106.99,,,3,2,8,6,2,1,1,0,14,7,49,2,Pendente,,,,1.262577157,1370433,1000017412,1000001212,1.262577160,47973
2026-09-18,2026-09-18 22:30,Vila Nova x America MG,Vila Nova,America MG,Brazilian Serie B,45,1-0,1.31,5.5,16.5,2.22,1.81,4907.67,0.55,1.72,1,4,7,14,4,3,0,3,9,11,46,1,Pendente,,,,1.262463365,376829,5190728,1000001415,1.262463368,47973
2026-09-19,2026-09-18 23:00,Club Independiente Petrol x San Antonio Bulo Bulo,Club Independiente Petrol,San Antonio Bulo Bulo,Bolivian Liga de Futbol Profesional,45,1-1,3.35,3.45,2.28,1.59,2.6,226.21,,,2,2,8,5,3,2,1,1,12,4,60,2,Pendente,,,,1.262453852,43856362,1000019055,1000001249,1.262453862,47973
2026-09-19,2026-09-18 23:30,Ceara SC Fortaleza x Novorizontino,Ceara SC Fortaleza,Novorizontino,Brazilian Serie B,45,0-1,11.0,4.4,1.44,2.32,1.74,1306.62,0.13,1.20,0,3,4,8,2,5,0,2,3,10,51,1,Pendente,,,,1.262406856,5287019,5190723,1000001415,1.262406859,47973
2026-09-19,2026-09-19 00:00,Sao Bernardo x Atletico GO,Sao Bernardo,Atletico GO,Brazilian Serie B,45,0-0,4.3,2.7,,6.8,1.16,2447.33,0.02,1.00,1,3,1,13,0,5,0,1,1,19,39,1,Pendente,,,,1.262460666,5231799,5190720,1000001415,1.262460669,47973
2026-09-19,2026-09-19 00:15,Racing Club x Sarmiento de Junin,Racing Club,Sarmiento de Junin,Argentinian Primera Division,45,1-1,2.24,2.62,5.7,1.34,3.85,2962.99,0.18,0.45,2,1,5,1,2,0,0,1,13,1,70,1,Pendente,,,,1.262100965,198558,1000019542,1000001729,1.262100975,47973
2026-09-19,2026-09-19 00:30,Aucas x Macara,Aucas,Macara,Ecuadorian Serie A,45,0-1,9.4,3.55,1.6,3.15,1.43,108.09,,,0,3,1,5,0,0,0,1,3,3,64,2,Pendente,,,,1.262532153,897347,1000022022,1000001250,1.262532163,47973
2026-09-19,2026-09-19 01:00,Alianza Lima x Asociacion Deportiva Tarma,Alianza Lima,Asociacion Deportiva Tarma,Peruvian Primera Division,45,2-0,1.06,18.5,75.0,,,9193.12,,,1,1,7,6,9,1,0,0,19,6,64,2,Pendente,,,,1.262363488,219457,1000017238,1000001681,1.262363491,
2026-09-19,2026-09-19 01:00,Puebla x Atlante,Puebla,Atlante,Mexican Liga MX,45,0-1,8.4,3.85,1.58,,,229.5,0.21,0.51,1,1,5,10,4,2,0,1,9,18,54,1,Pendente,,,,1.262444280,328956,1000014571,1000001644,1.262444290,
2026-09-19,2026-09-19 09:00,Kawasaki x Kashima,Kawasaki,Kashima,Japanese J League,50,1-1,2.72,2.94,3.3,1.2,5.8,2600.03,1.22,0.25,7,1,16,5,1,1,2,0,14,8,52,1,Pendente,,,,1.262323498,1080507,5803591,937875,1.262323501,47973
2026-09-19,2026-09-19 09:00,Fukuoka x Hiroshima,Fukuoka,Hiroshima,Japanese J League,50,0-2,80.0,7.8,1.15,2.54,1.63,134.24,0.01,1.31,0,3,1,11,0,4,0,0,1,16,21,1,Pendente,,,,1.262324449,1405180,5803588,937875,1.262324452,47973
2026-09-19,2026-09-19 09:30,Nagasaki x Cerezo Osaka,Nagasaki,Cerezo Osaka,Japanese J League,50,1-1,1.73,3.55,6.6,2.12,1.86,746.7,0.71,0.41,1,3,5,7,4,0,1,0,7,11,40,1,Pendente,,,,1.262324934,7081211,5803596,937875,1.262324937,47973
2026-09-19,2026-09-19 09:30,Shimizu x Jef Utd Chiba,Shimizu,Jef Utd Chiba,Japanese J League,50,1-1,5.5,3.3,1.93,2.28,1.76,1635.97,0.26,0.57,1,5,6,5,4,2,0,1,6,5,51,1,Pendente,,,,1.262371069,441086,5803594,937875,1.262371072,47973
2026-09-19,2026-09-19 09:30,Urawa x Tokyo-V,Urawa,Tokyo-V,Japanese J League,50,3-0,1.01,80.0,220.0,,,397.96,0.91,0.03,4,0,11,1,5,1,2,0,18,3,51,1,Pendente,,,,1.262372941,441088,5803595,937875,,
2026-09-19,2026-09-19 10:00,FC Tokyo x Nagoya,FC Tokyo,Nagoya,Japanese J League,50,1-0,2.06,3.0,5.3,3.9,1.33,7648.02,0.37,0.35,1,0,6,5,2,2,1,0,9,6,48,1,Pendente,,,,1.262326866,350849,5803589,937875,1.262326869,47973
2026-09-19,2026-09-19 10:00,Okayama x Kyoto,Okayama,Kyoto,Japanese J League,50,1-1,2.38,2.54,5.0,1.33,3.95,2905.44,0.19,0.08,1,2,6,3,5,0,0,0,10,1,48,1,Pendente,,,,1.262373049,5561025,5803593,937875,1.262373052,47973
2026-09-19,2026-09-19 11:00,Holstein Kiel x VfL Osnabruck,Holstein Kiel,VfL Osnabruck,German Bundesliga 2,50,1-0,1.37,12.0,,1.89,2.12,29329.99,1.42,0.69,3,2,10,9,4,1,2,1,23,9,68,1,Pendente,,,,1.262328373,247830,5881676,146,1.262328383,47973
2026-09-19,2026-09-19 11:00,Karlsruhe x Nurnberg,Karlsruhe,Nurnberg,German Bundesliga 2,50,0-2,8.8,4.5,1.49,1.72,2.36,284.94,0.10,0.28,2,3,2,6,1,0,0,1,2,14,22,1,Pendente,,,,1.262328484,113191,5881678,146,1.262328494,47973
2026-09-19,2026-09-19 11:00,Kaiserslautern x Braunschweig,Kaiserslautern,Braunschweig,German Bundesliga 2,50,1-0,2.04,3.0,5.4,3.85,1.34,2835.18,0.85,0.45,4,1,9,5,4,1,1,1,17,7,61,1,Pendente,,,,1.262328594,14075,5881677,146,1.262328604,47973
2026-09-19,2026-09-19 11:00,Rasi Salai United FC x Lamphun Warrior,Rasi Salai United FC,Lamphun Warrior,Thai League 1,50,1-1,3.15,2.64,3.1,1.24,5.0,144.22,0.43,0.54,4,4,8,10,3,4,1,1,13,9,55,1,Pendente,,,,1.262536660,48175263,1000017734,1000001471,1.262536663,47973
2026-09-19,2026-09-19 11:30,Barnsley x Leicester,Barnsley,Leicester,English Sky Bet League 1,50,0-2,23.0,7.2,1.21,1.63,2.56,169.92,0.25,1.28,2,4,4,8,4,2,0,3,10,14,27,1,Pendente,,,,1.262337357,1117,5837160,938219,1.262337367,47973
2026-09-19,2026-09-19 11:30,Walsall x Port Vale,Walsall,Port Vale,English Sky Bet League 2,50,1-0,1.55,3.9,9.2,2.46,1.66,174.74,0.15,0.43,1,1,4,7,3,2,0,0,7,13,56,1,Pendente,,,,1.262339953,55213,5837942,938220,1.262339963,47973
2026-09-19,2026-09-19 11:30,Rochdale x Oldham,Rochdale,Oldham,English Sky Bet League 2,50,1-1,1.94,3.4,5.0,2.04,1.93,106.62,0.30,1.59,1,1,3,11,0,5,0,4,8,20,55,1,Pendente,,,,1.262340063,256383,5837940,938220,1.262340073,47973
2026-09-19,2026-09-19 11:30,Charlton (W) x London City Lionesses,Charlton (W),London City Lionesses,English WSL,50,1-3,11.5,34.0,1.01,,,138.89,0.27,1.85,1,4,4,14,1,6,0,3,6,20,23,1,Pendente,,,,1.262480425,761012,5981642,9227,,
2026-09-19,2026-09-19 11:30,Tottenham x Aston Villa,Tottenham,Aston Villa,English Premier League,50,1-1,4.3,3.45,2.06,1.78,2.28,20744.91,0.59,0.83,4,3,10,9,7,1,1,1,14,11,57,1,Pendente,,,,1.262040086,48224,5795464,47,1.262040025,47973
2026-09-19,2026-09-19 11:30,Burton Albion x Mansfield,Burton Albion,Mansfield,English Sky Bet League 1,50,2-1,1.52,4.0,9.2,,,2579.44,0.71,0.40,1,1,6,4,4,3,2,0,13,7,48,1,Pendente,,,,1.262337247,28592,5837163,938219,,
2026-09-19,2026-09-19 11:30,Cardiff x Charlton,Cardiff,Charlton,English Sky Bet Championship,50,3-1,1.26,6.0,20.0,,,9716.84,1.63,0.60,4,1,10,3,2,1,2,1,18,7,58,1,Pendente,,,,1.262341598,79343,5836841,938218,,
2026-09-19,2026-09-19 11:30,Millwall x West Ham,Millwall,West Ham,English Sky Bet Championship,50,2-1,1.26,6.8,15.5,1.19,6.0,3216.51,2.55,0.06,7,0,16,1,2,0,3,0,27,6,33,1,Pendente,,,,1.262345026,56036,5836843,938218,1.262345029,47973
2026-09-19,2026-09-19 11:30,Pattani FC x Prachuap,Pattani FC,Prachuap,Thai League 1,50,0-1,16.5,5.0,1.32,2.74,1.56,132.61,0.01,0.31,0,2,1,4,1,1,0,1,2,6,54,1,Pendente,,,,1.262536441,10371564,1000017735,1000001471,1.262536444,47973
2026-09-19,2026-09-19 11:45,Chelsea (W) x Birmingham (W),Chelsea (W),Birmingham (W),English WSL,45,3-0,1.02,36.0,110.0,1.42,3.2,47691.25,2.32,0.02,5,1,14,1,6,1,4,0,37,1,80,1,Pendente,,,,1.262480898,5467180,5981643,9227,1.262480901,47973
2026-09-19,2026-09-19 12:00,Aarhus Fremad x Hvidovre,Aarhus Fremad,Hvidovre,Danish 1st Division,50,0-1,10.0,4.3,1.46,2.14,1.83,94.77,,,1,5,4,10,1,1,0,3,10,19,58,2,Pendente,,,,1.262334075,895064,5764498,936592,1.262334085,47973
2026-09-19,2026-09-19 12:00,Boulogne x Nantes,Boulogne,Nantes,French Ligue 2,50,0-0,5.1,2.38,2.54,7.6,1.13,103.32,0.21,0.26,0,0,4,5,0,5,0,0,1,6,49,1,Pendente,,,,1.262332553,669346,5803264,110,1.262332556,47973
2026-09-19,2026-09-19 12:00,AB x Esbjerg,AB,Esbjerg,Danish 1st Division,50,2-0,1.43,4.5,9.6,1.83,2.12,2258.96,,,2,1,7,7,3,6,1,0,5,11,43,2,Pendente,,,,1.262333965,113194,5764500,936592,1.262333975,47973
2026-09-19,2026-09-19 12:00,TPS x Ilves,TPS,Ilves,Finnish Veikkausliiga,50,1-1,6.6,3.75,1.68,1.89,2.1,1033.43,,,7,3,16,5,6,1,1,2,19,11,58,2,Pendente,,,,1.262342719,344793,6145904,945700,1.262342722,47973
2026-09-19,2026-09-19 12:00,Sociedad B x Mallorca,Sociedad B,Mallorca,Spanish Segunda Division,50,0-0,3.65,2.56,2.9,5.8,1.2,712.05,0.54,0.15,2,0,8,3,5,1,0,0,11,7,40,1,Pendente,,,,1.262426781,2250345,5868457,938653,1.262426784,47973
2026-09-19,2026-09-19 12:00,Guingamp x Red Star,Guingamp,Red Star,French Ligue 2,50,0-3,55.0,27.0,1.03,1.2,5.3,78.59,0.25,1.08,2,3,4,16,1,2,0,1,9,17,34,1,Pendente,,,,1.262431777,44801,5803266,110,1.262431780,47973
2026-09-19,2026-09-19 12:00,Osasuna x Rayo Vallecano,Osasuna,Rayo Vallecano,Spanish La Liga,50,1-0,1.58,3.75,9.6,2.56,1.63,110.0,0.41,0.81,1,1,6,11,2,4,1,0,12,8,31,1,Pendente,,,,1.262437538,10543,5868077,87,1.262437477,47973
2026-09-19,2026-09-19 12:00,Chiangrai Utd x Sisaket United,Chiangrai Utd,Sisaket United,Thai League 1,50,0-0,2.7,2.22,5.0,8.8,1.12,1277.85,0.25,0.54,2,3,6,4,4,1,0,0,7,6,50,1,Pendente,,,,1.262540300,9306470,1000017736,1000001471,1.262540310,47973
2026-09-19,2026-09-19 12:45,Korona Kielce x Rakow Czestochowa,Korona Kielce,Rakow Czestochowa,Polish Ekstraklasa,45,2-0,1.08,15.0,55.0,1.2,5.7,2494.08,1.73,0.43,5,1,10,5,2,1,2,1,11,10,45,1,Pendente,,,,1.262333037,1209555,5803988,937879,1.262333040,47973
2026-09-19,2026-09-19 13:00,Bologna x Torino,Bologna,Torino,Italian Serie A,50,1-0,1.42,4.3,14.5,3.0,1.48,7709.61,0.19,0.15,1,0,4,5,0,2,0,0,5,13,41,1,Pendente,,,,1.262102376,199545,5749682,55,1.262102360,47973
2026-09-19,2026-09-19 13:00,Udinese x Cagliari,Udinese,Cagliari,Italian Serie A,50,0-0,3.0,2.24,4.3,8.0,1.13,2356.01,0.77,0.05,2,1,12,2,4,0,0,0,11,1,57,1,Pendente,,,,1.262102500,215821,5749688,55,1.262102484,47973
2026-09-19,2026-09-19 13:00,Mlada Boleslav x FC Zbrojovka Brno,Mlada Boleslav,FC Zbrojovka Brno,Czech 1 Liga,50,1-0,1.46,4.3,10.0,2.16,1.84,1603.59,,,1,0,3,5,5,1,1,1,6,14,59,2,Pendente,,,,1.262333302,886284,5831177,938182,1.262333305,47973
2026-09-19,2026-09-19 13:00,SK Artis Brno x Slovan Liberec,SK Artis Brno,Slovan Liberec,Czech 1 Liga,50,0-0,6.2,2.74,2.02,5.3,1.21,206.63,,,0,0,0,6,2,2,0,0,3,21,50,2,Pendente,,,,1.262334185,85908106,5943693,938182,1.262334195,47973
2026-09-19,2026-09-19 13:00,Pardubice x Bohemians 1905,Pardubice,Bohemians 1905,Czech 1 Liga,50,1-1,2.6,2.56,4.0,1.29,4.2,1061.53,,,1,1,2,3,1,1,0,0,3,2,58,2,Pendente,,,,1.262367279,4940265,5831173,938182,1.262367282,47973
2026-09-19,2026-09-19 13:00,Brommapojkarna x IFK Goteborg,Brommapojkarna,IFK Goteborg,Swedish Allsvenskan,50,0-0,4.0,2.82,2.48,4.6,1.26,2671.35,0.21,1.52,0,2,7,12,3,7,0,1,13,35,49,1,Pendente,,,,1.262379967,151472,5107608,67,1.262379970,47973
2026-09-19,2026-09-19 13:00,Vasteras SK x Malmo FF,Vasteras SK,Malmo FF,Swedish Allsvenskan,50,1-1,1.89,3.4,5.2,2.04,1.9,1584.17,0.24,0.67,1,3,4,8,1,3,0,1,6,15,41,1,Pendente,,,,1.262387854,4638399,5107610,67,1.262387857,47973
2026-09-19,2026-09-19 13:00,US Cremonese x Entella,US Cremonese,Entella,Italian Serie B,50,0-0,3.05,2.24,4.3,8.6,1.12,1249.84,0.19,0.17,2,3,4,7,0,0,0,0,6,5,55,1,Pendente,,,,1.262450078,10513040,5967082,941726,1.262450081,47973
2026-09-19,2026-09-19 13:00,Carrarese x Benevento,Carrarese,Benevento,Italian Serie B,50,0-0,3.8,2.34,3.1,7.2,1.16,219.37,0.27,0.36,2,1,4,7,5,2,0,0,7,9,38,1,Pendente,,,,1.262450294,5727549,5967081,941726,1.262450297,47973
2026-09-19,2026-09-19 13:00,Palermo x Padova,Palermo,Padova,Italian Serie B,50,2-1,2.18,2.86,5.0,1.21,5.5,2358.97,1.32,0.49,4,4,11,8,3,7,3,1,13,8,53,1,Pendente,,,,1.262450834,60307,5967086,941726,1.262450837,47973
2026-09-19,2026-09-19 13:30,Werder Bremen x Augsburg,Werder Bremen,Augsburg,German Bundesliga,50,1-1,6.2,3.6,1.76,1.94,2.04,692.97,0.36,0.71,3,2,7,2,2,0,0,1,10,3,67,1,Pendente,,,,1.262095078,6555433,5881178,54,1.262095062,47973
2026-09-19,2026-09-19 13:30,Hamburger SV x FC Koln,Hamburger SV,FC Koln,German Bundesliga,50,1-1,1.82,3.5,5.9,2.04,1.93,816.81,0.42,0.79,3,3,3,8,2,3,1,1,3,8,29,1,Pendente,,,,1.262095312,44784,5881174,54,1.262095296,47973
2026-09-19,2026-09-19 13:30,Eintracht Frankfurt x Freiburg,Eintracht Frankfurt,Freiburg,German Bundesliga,50,2-2,1.71,3.85,6.0,,,3203.83,0.87,1.82,2,5,3,13,1,5,2,3,6,14,34,1,Pendente,,,,1.262094954,347774,5881173,54,,
2026-09-19,2026-09-19 14:00,Northampton x Rotherham,Northampton,Rotherham,English Sky Bet League 2,50,0-0,3.25,2.22,4.0,10.0,1.1,337.43,0.33,0.25,2,2,9,4,3,1,0,0,16,6,43,1,Pendente,,,,1.262339733,5034,5837939,938220,1.262339743,47973
2026-09-19,2026-09-19 14:00,Portsmouth x Blackburn,Portsmouth,Blackburn,English Sky Bet Championship,50,1-1,2.68,2.52,4.2,1.3,4.2,181.15,0.61,0.25,3,3,8,4,7,4,0,0,12,12,53,1,Pendente,,,,1.262342253,58344,5836845,938218,1.262342263,47973
2026-09-19,2026-09-19 14:00,Sporting Hasselt x KFCO Beerschot Wilrijk,Sporting Hasselt,KFCO Beerschot Wilrijk,Belgian Challenger Pro League,50,0-0,3.95,2.48,,4.4,1.27,577.5,0.19,0.11,0,2,6,4,1,1,0,0,13,6,52,1,Pendente,,,,1.262395375,52974985,1000015479,1000001509,1.262395385,47973
2026-09-19,2026-09-19 14:00,Dundee x Motherwell,Dundee,Motherwell,Scottish Premiership,50,2-1,1.63,3.85,6.8,,,309.11,1.08,0.72,3,2,8,4,3,1,3,1,13,8,41,1,Pendente,,,,1.262427776,13133,5793934,937650,,
2026-09-19,2026-09-19 14:00,KR Reykjavik x Vikingur Reykjavik,KR Reykjavik,Vikingur Reykjavik,Icelandic Urvalsdeild,50,2-2,3.15,3.5,2.4,1.09,11.0,1040.04,,,3,2,3,9,4,0,0,1,7,12,52,2,Pendente,,,,1.262458136,399808,1000021880,1000001706,1.262458139,47973
2026-09-19,2026-09-19 14:00,Everton x Ipswich,Everton,Ipswich,English Premier League,50,1-0,1.33,5.3,15.0,2.04,1.95,5762.54,1.19,0.77,1,2,10,6,0,3,3,1,10,7,54,1,Pendente,,,,1.262040224,56343,5795458,47,1.262040163,47973
2026-09-19,2026-09-19 14:00,Kocaelispor x Gaziantep FK,Kocaelispor,Gaziantep FK,Turkish Super League,50,0-0,3.9,2.24,3.25,8.6,1.12,165.58,0.08,0.71,2,1,3,11,0,1,0,3,6,11,52,1,Pendente,,,,1.262337025,113126,5904756,71,1.262337035,47973
2026-09-19,2026-09-19 14:00,Peterborough x Doncaster,Peterborough,Doncaster,English Sky Bet League 1,50,1-2,6.2,4.1,1.63,1.72,2.3,288.99,0.81,0.48,0,2,8,5,4,2,1,2,15,12,57,1,Pendente,,,,1.262338246,18563,5837167,938219,1.262338256,47973
2026-09-19,2026-09-19 14:00,Accrington x Newport County,Accrington,Newport County,English Sky Bet League 2,50,0-0,3.0,2.56,3.45,5.7,1.2,662.03,0.52,0.25,4,2,7,5,1,3,1,0,7,7,61,1,Pendente,,,,1.262338854,422179,5837931,938220,1.262338864,47973
2026-09-19,2026-09-19 14:00,Chesterfield x York City,Chesterfield,York City,English Sky Bet League 2,50,0-0,2.9,2.72,3.25,4.3,1.29,296.17,0.56,0.33,3,0,8,6,4,4,0,0,10,12,45,1,Pendente,,,,1.262339292,219596,5837933,938220,1.262339302,47973
2026-09-19,2026-09-19 14:00,Barnet x Fleetwood Town,Barnet,Fleetwood Town,English Sky Bet League 2,50,1-1,2.2,2.68,5.3,1.28,4.3,2408.35,0.98,1.07,3,4,6,10,5,4,2,3,14,14,47,1,Pendente,,,,1.262339402,1165,5837932,938220,1.262339412,47973
2026-09-19,2026-09-19 14:00,Wrexham x Southampton,Wrexham,Southampton,English Sky Bet Championship,50,1-1,1.79,3.65,5.6,1.9,2.08,3427.25,0.24,0.71,3,4,4,11,2,1,1,1,8,13,32,1,Pendente,,,,1.262341927,63604,5836849,938218,1.262341937,47973
2026-09-19,2026-09-19 14:00,Birmingham x Middlesbrough,Birmingham,Middlesbrough,English Sky Bet Championship,50,0-1,9.6,4.2,1.52,1.99,1.97,220.61,0.64,1.07,3,2,8,11,2,2,2,1,8,18,48,1,Pendente,,,,1.262346838,48759,5836838,938218,1.262346848,47973
2026-09-19,2026-09-19 14:00,VPS x KuPS,VPS,KuPS,Finnish Veikkausliiga,50,0-2,60.0,13.5,1.09,1.26,4.6,93.95,,,0,3,8,5,4,3,1,0,18,9,45,2,Pendente,,,,1.262430627,139511,6145874,945694,1.262430637,47973
2026-09-19,2026-09-19 14:00,St Mirren x Dundee Utd,St Mirren,Dundee Utd,Scottish Premiership,50,1-3,75.0,22.0,1.05,,,202.25,0.23,1.01,0,4,4,5,1,1,0,1,8,7,65,1,Pendente,,,,1.262583457,674748,5793938,937650,,
2026-09-19,2026-09-19 14:00,Blackpool x Plymouth,Blackpool,Plymouth,English Sky Bet League 1,50,1-2,3.75,2.92,2.52,1.2,5.7,287.22,0.37,1.40,3,3,7,12,2,3,0,3,10,16,48,1,Pendente,,,,1.262337467,64964,5837161,938219,1.262337477,47973
2026-09-19,2026-09-19 14:00,Luton x Bradford,Luton,Bradford,English Sky Bet League 1,50,1-1,5.5,3.4,1.87,2.08,1.87,645.12,0.70,0.21,2,2,10,3,6,3,0,1,14,10,64,1,Pendente,,,,1.262337577,223467,5837165,938219,1.262337587,47973
2026-09-19,2026-09-19 14:00,Wigan x Wycombe,Wigan,Wycombe,English Sky Bet League 1,50,0-0,3.4,2.54,3.05,5.6,1.2,1029.44,0.10,1.14,1,0,3,6,3,2,0,1,5,11,52,1,Pendente,,,,1.262337806,69746,5837170,938219,1.262337816,47973
2026-09-19,2026-09-19 14:00,Bromley x Huddersfield,Bromley,Huddersfield,English Sky Bet League 1,50,1-2,5.2,3.05,2.02,1.19,6.0,1272.52,0.24,1.61,2,5,2,9,3,5,1,5,3,18,31,1,Pendente,,,,1.262337916,1282856,5837162,938219,1.262337926,47973
2026-09-19,2026-09-19 14:00,Leyton Orient x Stevenage,Leyton Orient,Stevenage,English Sky Bet League 1,50,0-0,3.25,2.38,3.6,6.8,1.16,524.64,0.25,0.49,0,2,4,7,3,2,0,1,6,12,50,1,Pendente,,,,1.262338356,69717,5837164,938219,1.262338366,47973
2026-09-19,2026-09-19 14:00,Colchester x Cheltenham,Colchester,Cheltenham,English Sky Bet League 2,50,0-0,2.66,2.58,3.95,5.6,1.21,249.02,0.11,0.10,0,0,3,3,2,4,0,0,10,4,48,1,Pendente,,,,1.262338744,148734,5837934,938220,1.262338754,47973
2026-09-19,2026-09-19 14:00,Grimsby x Crawley Town,Grimsby,Crawley Town,English Sky Bet League 2,50,3-0,1.05,22.0,95.0,1.17,6.4,451.83,3.06,0.57,6,1,15,8,6,2,8,0,22,15,45,1,Pendente,,,,1.262338964,48001,5837938,938220,1.262338974,47973
2026-09-19,2026-09-19 14:00,Exeter x Tranmere,Exeter,Tranmere,English Sky Bet League 2,50,0-0,3.1,2.4,3.6,6.2,1.17,232.74,0.33,0.58,1,1,4,5,2,2,1,2,11,4,47,1,Pendente,,,,1.262339074,66243,5837936,938220,1.262339084,47973
2026-09-19,2026-09-19 14:00,Gillingham x Bristol Rovers,Gillingham,Bristol Rovers,English Sky Bet League 2,50,0-0,3.9,2.5,2.76,5.8,1.2,1066.49,0.31,0.11,1,0,4,2,1,1,0,0,9,8,59,1,Pendente,,,,1.262339513,56298,5837937,938220,1.262339523,47973
2026-09-19,2026-09-19 14:00,Crewe x Shrewsbury,Crewe,Shrewsbury,English Sky Bet League 2,50,1-1,2.66,2.54,4.0,1.31,4.1,693.04,0.47,1.28,2,2,4,7,3,6,1,1,14,12,58,1,Pendente,,,,1.262339623,47991,5837935,938220,1.262339633,47973
2026-09-19,2026-09-19 14:00,Lincoln x Swansea,Lincoln,Swansea,English Sky Bet Championship,50,1-0,3.15,2.22,3.2,2.56,1.63,98.86,1.22,0.11,4,1,8,6,1,0,2,0,10,2,23,1,Pendente,,,,1.262346948,148737,5836842,938218,1.262346958,47973
2026-09-19,2026-09-19 14:00,Oxford Utd x Cambridge Utd,Oxford Utd,Cambridge Utd,English Sky Bet League 1,50,1-0,1.43,4.3,12.5,2.5,1.63,133.07,0.22,0.15,1,1,3,5,3,5,0,0,8,11,66,1,Pendente,,,,1.262347058,256171,5837166,938219,1.262347068,47973
2026-09-19,2026-09-19 14:00,Kristiansund x Rosenborg,Kristiansund,Rosenborg,Norwegian Eliteserien,50,1-2,5.6,3.3,1.9,1.15,7.2,397.67,0.21,0.89,4,4,6,9,2,6,0,1,9,18,40,1,Pendente,,,,1.262380705,2440424,5105013,59,1.262380708,47973
2026-09-19,2026-09-19 14:00,St Johnstone x Falkirk,St Johnstone,Falkirk,Scottish Premiership,50,0-0,3.2,2.4,3.5,6.4,1.17,1840.74,0.53,0.47,2,2,4,7,2,5,1,1,6,8,47,1,Pendente,,,,1.262427556,57425,5793937,937650,1.262427566,47973
2026-09-19,2026-09-19 14:00,Hibernian x Aberdeen,Hibernian,Aberdeen,Scottish Premiership,50,1-1,5.9,3.5,1.79,2.06,1.89,969.88,0.11,0.35,1,1,3,4,1,5,0,1,11,4,54,1,Pendente,,,,1.262427666,9166,5793935,937650,1.262427676,47973
2026-09-19,2026-09-19 14:00,Brighton x Arsenal,Brighton,Arsenal,English Premier League,50,2-1,1.42,5.1,9.2,1.18,6.2,13758.9,0.33,0.52,3,1,8,3,2,0,1,1,11,15,44,1,Pendente,,,,1.262042236,18567,5795457,47,1.262042175,47973
2026-09-19,2026-09-19 14:00,Reading x Notts Co,Reading,Notts Co,English Sky Bet League 1,50,1-0,2.14,2.8,5.5,4.6,1.25,145.47,1.11,0.29,2,1,10,5,4,0,1,0,13,1,60,1,Pendente,,,,1.262338136,103122,5837168,938219,1.262338146,47973
2026-09-19,2026-09-19 14:00,Salford City x Swindon,Salford City,Swindon,English Sky Bet League 2,50,1-0,1.91,3.0,6.2,4.3,1.29,917.65,0.69,0.18,0,0,11,7,6,3,0,0,21,6,65,1,Pendente,,,,1.262339843,4236580,5837941,938220,1.262339853,47973
2026-09-19,2026-09-19 14:00,Burnley x Derby,Burnley,Derby,English Sky Bet Championship,50,1-0,1.36,5.0,13.5,2.18,1.83,7549.88,0.21,0.88,1,2,2,5,3,2,1,1,7,10,56,1,Pendente,,,,1.262342363,56299,5836840,938218,1.262342373,47973
2026-09-19,2026-09-19 14:00,Keciorengucu x Sivasspor,Keciorengucu,Sivasspor,Turkish 1 Lig,50,1-0,1.96,2.96,5.9,3.85,1.32,360.06,,,3,2,7,4,0,1,0,0,10,6,67,2,Pendente,,,,1.262386219,2080693,5908634,1000001750,1.262386222,47973
2026-09-19,2026-09-19 14:15,FC Andorra x Sporting Gijon,FC Andorra,Sporting Gijon,Spanish Segunda Division,45,0-1,6.0,3.35,1.79,2.34,1.71,2225.66,0.34,0.12,1,1,2,2,3,2,1,0,3,8,62,1,Pendente,,,,1.262380075,46845986,5868450,938653,1.262380078,47973
2026-09-19,2026-09-19 14:30,CFR Cluj x Botosani,CFR Cluj,Botosani,Romanian Liga I,50,3-0,1.02,38.0,220.0,1.21,5.5,73541.06,,,3,1,7,6,4,0,1,0,15,3,64,2,Pendente,,,,1.262091851,1193695,5853504,938428,1.262091862,47973
2026-09-19,2026-09-19 14:30,ADO Den Haag x Cambuur Leeuwarden,ADO Den Haag,Cambuur Leeuwarden,Dutch Eredivisie,50,1-1,4.6,3.6,1.95,1.66,2.48,724.24,1.36,0.16,2,2,9,3,4,3,2,0,13,9,54,1,Pendente,,,,1.262098885,315069,5781755,937276,1.262098888,47973
2026-09-19,2026-09-19 14:30,CD Nacional Funchal x Famalicao,CD Nacional Funchal,Famalicao,Portuguese Primeira Liga,50,0-3,110.0,13.5,1.01,,,82.62,1.09,0.77,1,3,6,7,2,2,2,1,11,12,59,1,Pendente,,,,1.262404699,22012893,5887640,61,,
2026-09-19,2026-09-19 14:30,Vitesse Arnhem x Jong PSV Eindhoven,Vitesse Arnhem,Jong PSV Eindhoven,Dutch Eerste Divisie,50,2-1,1.84,3.55,5.5,1.13,7.8,2819.15,,,6,4,14,8,1,0,1,1,18,9,44,2,Pendente,,,,1.262433372,56363,5832877,111,1.262433375,47973
2026-09-19,2026-09-19 14:30,Gil Vicente x Maritimo,Gil Vicente,Maritimo,Portuguese Primeira Liga,50,1-0,1.29,5.2,19.5,2.62,1.58,18962.65,0.81,0.41,2,0,10,6,1,2,2,2,18,7,65,1,Pendente,,,,1.262433828,48784,5887639,61,1.262433831,47973
2026-09-19,2026-09-19 15:00,Vojvodina x FK IMT Novi Beograd,Vojvodina,FK IMT Novi Beograd,Serbian Super League,50,1-0,1.32,5.2,16.0,2.18,1.8,125.08,,,2,1,5,3,1,2,1,0,8,10,46,2,Pendente,,,,1.262425902,2020542,1000015136,1000001612,1.262425905,47973
2026-09-19,2026-09-19 15:00,Varazdin x Osijek,Varazdin,Osijek,Croatian HNL,50,0-0,2.2,2.68,5.0,5.1,1.23,3364.73,,,1,1,5,4,4,2,1,0,11,3,46,2,Pendente,,,,1.262453205,5611653,5765933,252,1.262453215,47973
2026-09-19,2026-09-19 15:15,Paris FC x Strasbourg,Paris FC,Strasbourg,French Ligue 1,45,2-0,1.24,6.4,24.0,2.02,1.94,24549.35,0.69,0.00,4,0,11,0,2,0,0,0,19,,60,1,Pendente,,,,1.262087285,5168454,5802943,53,1.262087269,47973
2026-09-19,2026-09-19 15:15,Sampdoria x Catanzaro,Sampdoria,Catanzaro,Italian Serie B,45,1-1,5.3,3.25,1.95,2.14,1.85,408.37,0.64,0.43,1,1,6,5,3,1,1,1,12,12,43,1,Pendente,,,,1.262450726,60311,5967087,941726,1.262450729,47973
2026-09-19,2026-09-19 15:30,GKS Katowice x Cracovia Krakow,GKS Katowice,Cracovia Krakow,Polish Ekstraklasa,50,0-1,5.5,3.55,1.64,2.0,1.93,191.59,0.68,0.17,1,0,10,6,2,0,2,0,18,6,68,1,Pendente,,,,1.262339106,3351396,5803986,937879,1.262339109,47973
2026-09-19,2026-09-19 15:30,Orgryte x Sirius,Orgryte,Sirius,Swedish Allsvenskan,50,0-2,21.0,6.6,1.22,1.88,2.08,415.72,0.26,0.19,0,1,6,2,3,3,0,0,10,9,47,1,Pendente,,,,1.262436340,30686,5107606,67,1.262436343,47973
2026-09-19,2026-09-19 15:35,Al-Anwar Club x Al Najma Club,Al-Anwar Club,Al Najma Club,Saudi 1st Division,45,1-1,1.75,3.4,5.9,2.22,1.76,2502.67,,,2,1,3,4,0,4,1,0,4,5,36,2,Pendente,,,,1.262607683,26786643,1000018461,1000001576,1.262607693,47973
2026-09-19,2026-09-19 16:00,Roma x Inter,Roma,Inter,Italian Serie A,50,2-1,1.21,8.2,19.0,1.15,7.4,129.17,1.23,0.88,3,1,11,3,2,1,3,2,23,15,52,1,Pendente,,,,1.262102872,56967,5749681,55,1.262102856,47973
2026-09-19,2026-09-19 16:00,OB x Midtjylland,OB,Midtjylland,Danish Superliga,50,1-1,4.6,3.35,2.04,1.85,2.12,261.94,0.19,0.49,0,2,4,3,5,1,0,1,6,7,51,1,Pendente,,,,1.262344069,113225,5739512,935487,1.262344072,47973
2026-09-19,2026-09-19 16:00,Slovacko x Banik Ostrava,Slovacko,Banik Ostrava,Czech 1 Liga,50,1-1,6.6,3.75,1.66,2.08,1.9,1308.37,,,0,4,5,9,0,2,0,4,4,11,55,2,Pendente,,,,1.262367387,1533861,5831180,938182,1.262367390,47973
2026-09-19,2026-09-19 16:00,Atromitos x Kifisia,Atromitos,Kifisia,Greek Super League,50,0-0,2.96,2.3,4.3,8.6,1.12,158.76,0.05,0.00,1,0,2,0,0,1,0,0,7,3,49,1,Pendente,,,,1.262375569,1234639,5943254,941071,1.262375572,47973
2026-09-19,2026-09-19 16:00,Molde x Aalesunds,Molde,Aalesunds,Norwegian Eliteserien,50,1-2,7.4,5.2,1.47,1.08,11.5,1574.6,0.36,0.89,3,3,4,10,3,4,0,2,16,19,56,1,Pendente,,,,1.262390963,31321,5105016,59,1.262390966,47973
2026-09-19,2026-09-19 16:00,Zilina x Trencin,Zilina,Trencin,Slovakian Super League,50,2-0,1.17,8.2,30.0,1.65,2.44,431.51,,,7,0,14,1,3,1,1,0,11,2,66,2,Pendente,,,,1.262402489,189806,5772186,936918,1.262402499,47973
2026-09-19,2026-09-19 16:00,Young Boys x Servette,Young Boys,Servette,Swiss Super League,50,2-2,3.1,3.55,2.48,,,98.08,1.32,0.41,2,3,16,5,5,4,1,1,23,8,66,1,Pendente,,,,1.262434310,65778,5804269,937880,,
2026-09-19,2026-09-19 16:00,Luzern x Grasshoppers Zurich,Luzern,Grasshoppers Zurich,Swiss Super League,50,3-0,1.09,12.5,38.0,1.1,10.0,2486.37,1.53,0.91,5,1,13,7,1,1,3,1,21,10,60,1,Pendente,,,,1.262435075,65784,5804268,937880,1.262435078,47973
2026-09-19,2026-09-19 16:00,FC Kosice x Ruzomberok,FC Kosice,Ruzomberok,Slovakian Super League,50,1-0,2.12,3.0,4.7,3.8,1.33,427.77,,,2,3,10,10,2,3,0,2,15,13,57,2,Pendente,,,,1.262597237,1539445,5772187,936918,1.262597240,47973
2026-09-19,2026-09-19 16:00,Zemplin x Dukla Banska Bystrica,Zemplin,Dukla Banska Bystrica,Slovakian Super League,50,0-0,2.36,3.95,,4.5,1.26,508.04,,,2,4,6,9,4,4,2,0,16,8,60,2,Pendente,,,,1.262597476,4985275,5772189,936918,1.262597479,47973
2026-09-19,2026-09-19 16:15,Charleroi x Cercle Brugge,Charleroi,Cercle Brugge,Belgian Pro League,45,3-1,1.25,6.2,22.0,,,3427.88,0.81,0.57,3,1,7,2,3,0,1,1,14,7,73,1,Pendente,,,,1.262399197,65808,5811766,937988,,
2026-09-19,2026-09-19 16:15,Al Wasl x Al Ain,Al Wasl,Al Ain,UAE League Cup,45,2-2,7.0,4.1,1.6,,,226.09,,,4,2,8,5,3,0,0,0,,,60,2,Pendente,,,,1.262613280,3618587,1000020525,1000001461,,
2026-09-19,2026-09-19 16:30,Stuttgart x Dortmund,Stuttgart,Dortmund,German Bundesliga,50,1-1,2.82,3.1,3.0,3.25,1.43,915.34,0.31,0.69,2,0,5,6,2,2,0,2,4,14,45,1,Pendente,,,,1.262094830,44519,5881177,54,1.262094814,47973
2026-09-19,2026-09-19 16:30,Eldense x Eibar,Eldense,Eibar,Spanish Segunda Division,50,0-1,7.4,3.7,1.66,2.2,1.82,394.91,0.49,0.36,3,3,10,5,5,2,0,1,14,9,52,1,Pendente,,,,1.262440799,2250350,5868454,938653,1.262440802,47973
2026-09-19,2026-09-19 16:30,CD Castellon x Tenerife,CD Castellon,Tenerife,Spanish Segunda Division,50,3-0,1.01,70.0,640.0,,,4809.61,1.60,0.13,3,2,5,4,0,2,2,0,15,3,70,1,Pendente,,,,1.262426650,8916596,5868452,938653,,
2026-09-19,2026-09-19 16:30,Celta Vigo x Racing Santander,Celta Vigo,Racing Santander,Spanish La Liga,50,3-0,1.09,14.5,55.0,1.2,5.6,25404.8,1.06,0.21,3,2,5,4,3,1,1,0,9,12,40,1,Pendente,,,,1.262436034,66483,5868073,87,1.262435973,47973
2026-09-19,2026-09-19 16:30,Bnei Sakhnin x Hapoel Ramat Gan,Bnei Sakhnin,Hapoel Ramat Gan,Israeli Premier League,50,0-0,3.25,2.32,3.3,6.0,1.18,718.28,,,0,1,3,3,1,2,1,0,7,9,46,2,Pendente,,,,1.262479927,3157354,1000015280,1000001618,1.262479930,47973
2026-09-19,2026-09-19 16:30,Maccabi Petach Tikva x Hapoel Jerusalem,Maccabi Petach Tikva,Hapoel Jerusalem,Israeli Premier League,50,2-3,22.0,8.0,1.2,,,137.36,,,3,4,7,6,2,1,1,2,6,15,64,2,Pendente,,,,1.262480143,939576,1000015275,1000001618,,
2026-09-19,2026-09-19 16:45,Sparta Rotterdam x Heerenveen,Sparta Rotterdam,Heerenveen,Dutch Eredivisie,45,1-2,20.0,8.4,1.19,1.13,8.0,115.99,0.38,1.39,0,4,4,14,2,6,1,3,12,24,51,1,Pendente,,,,1.262098777,111703,5781756,937276,1.262098780,47973
2026-09-19,2026-09-19 17:00,Alverca x Rio Ave,Alverca,Rio Ave,Portuguese Primeira Liga,50,2-0,1.29,5.6,18.5,2.06,1.9,181.7,2.80,0.15,4,1,12,3,3,2,4,0,23,3,45,1,Pendente,,,,1.262433504,48789,5887636,61,1.262433507,47973
2026-09-19,2026-09-19 17:00,Maccabi Haifa x Ironi Tiberias,Maccabi Haifa,Ironi Tiberias,Israeli Premier League,50,2-1,1.56,3.75,8.6,1.15,7.4,2977.09,,,5,4,13,7,1,1,0,3,20,11,62,2,Pendente,,,,1.262479819,52465647,1000015276,1000001618,1.262479822,47973
2026-09-19,2026-09-19 17:00,Al-Zulfi SC x Al-Raed (KSA),Al-Zulfi SC,Al-Raed (KSA),Saudi 1st Division,50,3-0,1.02,26.0,11.5,,,2816.93,,,4,0,8,4,1,2,2,0,7,6,35,2,Pendente,,,,1.262597806,16660302,1000018463,1000001576,,
2026-09-19,2026-09-19 17:00,Trabzonspor x Galatasaray,Trabzonspor,Galatasaray,Turkish Super League,50,3-1,1.08,16.5,48.0,,,9906.43,1.55,0.63,3,2,5,9,0,3,4,1,12,15,49,1,Pendente,,,,1.262359292,113125,5904749,71,,
2026-09-19,2026-09-19 17:00,Basaksehir x Genclerbirligi,Basaksehir,Genclerbirligi,Turkish Super League,50,3-0,1.08,15.5,65.0,1.19,6.0,1614.78,1.30,0.33,6,0,8,4,1,3,2,0,13,4,49,1,Pendente,,,,1.262359558,10071088,5904751,71,1.262359569,47973
2026-09-19,2026-09-19 17:00,Batman Petrolspor x Bursaspor,Batman Petrolspor,Bursaspor,Turkish 1 Lig,50,1-0,1.48,4.1,9.6,2.1,1.79,2583.2,,,1,0,3,3,4,0,1,0,8,5,37,2,Pendente,,,,1.262399904,5291013,5908641,1000001750,1.262399907,47973
2026-09-19,2026-09-19 17:00,Radnik Surdulica x Partizan Belgrade,Radnik Surdulica,Partizan Belgrade,Serbian Super League,50,3-1,1.07,14.5,50.0,,,4435.51,,,5,3,10,7,2,2,4,1,14,13,46,2,Pendente,,,,1.262425686,8860947,1000015137,1000001612,,
2026-09-19,2026-09-19 17:00,OFK Beograd x FK Radnicki 1923,OFK Beograd,FK Radnicki 1923,Serbian Super League,50,2-2,3.25,2.5,3.05,,,444.67,,,4,2,8,11,1,4,2,2,9,13,50,2,Pendente,,,,1.262426432,9790651,1000015134,1000001612,,
2026-09-19,2026-09-19 17:00,Maccabi Netanya x Maccabi Tel Aviv,Maccabi Netanya,Maccabi Tel Aviv,Israeli Premier League,50,0-2,6.4,3.8,1.13,1.74,2.12,71.68,,,0,3,0,6,1,5,0,2,3,15,37,2,Pendente,,,,1.262455031,427639,1000015279,1000001618,1.262455034,47973
2026-09-19,2026-09-19 17:15,Hapoel Be'er Sheva x Hapoel Kiryat Shmona,Hapoel Be'er Sheva,Hapoel Kiryat Shmona,Israeli Premier League,45,2-0,1.2,7.2,21.0,1.76,2.24,3293.35,,,2,0,9,5,3,3,1,0,25,10,70,2,Pendente,,,,1.262459338,102137986,1000015277,1000001618,1.262459348,47973
2026-09-19,2026-09-19 17:30,Grazer AK x Austria Wien,Grazer AK,Austria Wien,Austrian Bundesliga,50,1-1,3.55,2.48,3.0,1.34,3.75,699.58,0.14,0.59,2,3,5,8,2,4,0,1,9,8,51,1,Pendente,,,,1.262068389,14074,5845988,938366,1.262068392,47973
2026-09-19,2026-09-19 17:30,Universitatea Craiova x FCSB,Universitatea Craiova,FCSB,Romanian Liga I,50,3-0,1.06,19.0,75.0,1.17,6.4,85724.98,,,6,0,12,3,2,1,3,0,18,3,53,2,Pendente,,,,1.262070466,2487036,5853510,938428,1.262070476,47973
2026-09-19,2026-09-19 17:30,Gimnasia Mendoza x Deportivo Riestra,Gimnasia Mendoza,Deportivo Riestra,Argentinian Primera Division,50,0-0,3.1,2.18,4.3,10.0,1.1,1952.02,0.11,0.15,1,0,5,3,2,0,1,0,8,6,76,1,Pendente,,,,1.262101075,9229725,1000019532,1000001729,1.262101085,47973
2026-09-19,2026-09-19 17:30,Ascoli x Calcio Avellino SSD,Ascoli,Calcio Avellino SSD,Italian Serie B,50,0-1,6.2,1.76,,2.12,1.85,764.19,0.75,0.60,4,2,8,9,2,1,0,1,12,7,61,1,Pendente,,,,1.262452417,201261,5967080,941726,1.262452427,47973
2026-09-19,2026-09-19 17:30,Beitar Jerusalem x Hapoel Haifa,Beitar Jerusalem,Hapoel Haifa,Israeli Premier League,50,3-0,1.08,14.5,55.0,1.14,7.4,34275.78,,,2,2,9,4,1,1,1,0,11,6,62,2,Pendente,,,,1.262480035,1169738,1000015281,1000001618,1.262480038,47973
2026-09-19,2026-09-19 18:00,Ajax x Excelsior,Ajax,Excelsior,Dutch Eredivisie,50,2-1,1.39,4.9,12.5,1.09,11.0,284.39,1.16,0.28,3,1,12,3,2,0,1,1,16,6,78,1,Pendente,,,,1.262098654,52494689,5781757,937276,1.262098657,47973
2026-09-19,2026-09-19 18:00,FC Cajamarca x Cusco FC,FC Cajamarca,Cusco FC,Peruvian Primera Division,50,1-2,8.4,4.1,1.54,,,381.34,,,4,3,7,9,1,2,0,1,11,10,35,2,Pendente,,,,1.262359702,84010697,1000017237,1000001681,,
2026-09-19,2026-09-19 18:00,Eupen x FC Liege,Eupen,FC Liege,Belgian Challenger Pro League,50,3-0,1.07,17.0,60.0,1.14,7.2,1820.9,0.84,0.72,3,1,9,3,4,0,1,1,19,5,53,1,Pendente,,,,1.262400514,505721,1000015475,1000001509,1.262400517,47973
2026-09-19,2026-09-19 18:00,Metz x St Etienne,Metz,St Etienne,French Ligue 2,50,0-0,4.2,2.64,2.52,5.5,1.2,89.33,0.33,0.61,1,1,5,3,0,2,0,1,5,6,56,1,Pendente,,,,1.262431345,44795,5803268,110,1.262431348,47973
2026-09-19,2026-09-19 18:00,NK Istra x HNK Gorica,NK Istra,HNK Gorica,Croatian HNL,50,0-0,2.2,2.7,5.3,5.6,1.2,3142.69,,,3,1,8,3,0,0,0,1,18,4,47,2,Pendente,,,,1.262451479,3991406,5765930,252,1.262451482,47973
2026-09-19,2026-09-19 18:15,LKP Motor Lublin x Gornik Zabrze,LKP Motor Lublin,Gornik Zabrze,Polish Ekstraklasa,45,0-0,3.75,2.42,2.98,6.0,1.18,148.57,0.39,0.63,2,0,10,6,2,2,0,2,10,7,47,1,Pendente,,,,1.262352779,6635878,5803990,937879,1.262352782,47973
2026-09-19,2026-09-19 18:30,KFC Komarno x Slovan Bratislava,KFC Komarno,Slovan Bratislava,Slovakian Super League,50,1-1,2.68,3.2,2.96,1.68,2.42,1211.69,,,1,1,4,3,1,3,2,0,10,8,33,2,Pendente,,,,1.262402116,11450136,5772190,936918,1.262402126,47973
2026-09-19,2026-09-19 18:45,Toulouse x Le Havre,Toulouse,Le Havre,French Ligue 1,45,0-0,2.36,2.8,4.4,4.2,1.3,3904.84,0.51,1.00,1,3,5,11,1,5,1,1,9,18,54,1,Pendente,,,,1.262087409,305969,5802944,53,1.262087393,47973
2026-09-19,2026-09-19 18:45,Angers x ESTAC Troyes,Angers,ESTAC Troyes,French Ligue 1,45,1-0,1.49,4.3,9.6,2.12,1.87,16203.33,1.14,0.52,2,2,7,10,0,8,1,0,7,21,61,1,Pendente,,,,1.262087557,473963,5802937,53,1.262087541,47973
2026-09-19,2026-09-19 18:45,Lyon x Rennes,Lyon,Rennes,French Ligue 1,45,2-1,1.13,11.0,30.0,1.12,8.2,10423.97,1.66,0.46,5,1,9,7,3,4,4,0,15,8,47,1,Pendente,,,,1.262087681,55271,5802940,53,1.262087665,47973
2026-09-19,2026-09-19 18:45,Le Mans x Lorient,Le Mans,Lorient,French Ligue 1,45,1-0,1.5,4.0,10.0,2.3,1.74,1568.33,0.28,0.47,5,0,6,2,0,0,0,1,8,4,53,1,Pendente,,,,1.262087805,269791,5802939,53,1.262087789,47973
2026-09-19,2026-09-19 18:45,Venezia x Lazio,Venezia,Lazio,Italian Serie A,45,0-0,4.2,2.78,2.46,4.6,1.27,725.12,1.26,0.19,5,0,9,6,5,1,2,0,10,11,46,1,Pendente,,,,1.262103244,44504,5749689,55,1.262103228,47973
2026-09-19,2026-09-19 18:45,Anderlecht x Zulte-Waregem,Anderlecht,Zulte-Waregem,Belgian Pro League,45,2-0,1.3,5.7,17.5,1.99,1.98,174.95,1.27,0.13,3,2,6,4,3,1,3,0,14,4,66,1,Pendente,,,,1.262398981,58163,5811767,937988,1.262398984,47973
2026-09-19,2026-09-19 18:45,Sligo Rovers x St Patricks,Sligo Rovers,St Patricks,Irish Premier Division,45,0-1,10.0,3.3,1.66,4.7,1.26,109.17,0.24,1.16,2,3,3,9,3,3,0,0,5,12,45,1,Pendente,,,,1.262425535,387040,5100971,126,1.262425538,47973
2026-09-19,2026-09-19 19:00,Willem II x Fortuna Sittard,Willem II,Fortuna Sittard,Dutch Eredivisie,50,0-0,3.1,2.74,3.15,4.2,1.3,1827.08,0.84,0.25,3,0,8,6,1,1,1,1,8,7,46,1,Pendente,,,,1.262098993,48455,5781758,937276,1.262098996,47973
2026-09-19,2026-09-19 19:00,Atletico MG x Chapecoense,Atletico MG,Chapecoense,Brazilian Serie A,50,1-1,3.15,3.1,2.72,1.77,2.24,752.82,0.82,0.79,4,1,11,5,6,2,0,1,30,8,62,1,Pendente,,,,1.262176217,361329,5103639,1000001407,1.262176220,47973
2026-09-19,2026-09-19 19:00,Cadiz x Girona,Cadiz,Girona,Spanish Segunda Division,50,0-2,60.0,14.5,1.08,1.26,4.6,139.82,0.31,0.59,2,5,6,10,1,4,1,1,6,11,48,1,Pendente,,,,1.262376903,516259,5868451,938653,1.262376906,47973
2026-09-19,2026-09-19 19:00,Sevilla x Barcelona,Sevilla,Barcelona,Spanish La Liga,50,1-2,6.6,3.8,1.69,1.12,9.0,2004.48,0.40,0.45,2,2,4,8,0,2,1,1,10,11,38,1,Pendente,,,,1.262436283,52480974,5868078,87,1.262436222,47973
2026-09-19,2026-09-19 19:00,Libertad x Club Sportivo Ameliano,Libertad,Club Sportivo Ameliano,Paraguayan Primera Division,50,1-0,1.43,4.0,15.0,3.75,1.35,294.57,,,1,0,8,4,4,0,2,0,14,7,58,2,Pendente,,,,1.262445847,328196,1000017413,1000001212,1.262445850,47973
2026-09-19,2026-09-19 19:30,Sport Recife x Juventude,Sport Recife,Juventude,Brazilian Serie B,50,1-1,2.9,2.38,4.0,1.37,3.55,595.72,0.26,0.82,2,1,6,3,1,0,0,1,7,4,53,1,Pendente,,,,1.262531214,2405306,5190726,1000001415,1.262531217,47973
2026-09-19,2026-09-19 19:30,Rayo Zuliano x Monagas,Rayo Zuliano,Monagas,Venezuelan Primera Division,50,0-1,18.5,5.6,1.27,2.08,1.87,136.42,,,2,2,4,9,2,2,0,0,,,46,2,Pendente,,,,1.262605461,46783501,1000018924,1000001689,1.262605471,47973
2026-09-19,2026-09-19 19:45,Union Santa Fe x CA Independiente,Union Santa Fe,CA Independiente,Argentinian Primera Division,45,0-0,2.72,2.22,5.0,8.8,1.12,2861.43,0.90,0.06,2,2,10,3,1,0,1,0,11,2,51,1,Pendente,,,,1.262101296,194516,1000019535,1000001729,1.262101308,47973
2026-09-19,2026-09-19 20:00,Mirassol x Botafogo FR,Mirassol,Botafogo FR,Brazilian Serie A,50,2-0,1.12,11.0,42.0,1.23,5.0,33763.32,0.74,0.34,4,2,7,7,1,1,1,0,12,7,45,1,Pendente,,,,1.262180241,2760854,5103638,1000001407,1.262180251,47973
2026-09-19,2026-09-19 20:00,Orlando Pride SC (W) x Portland Thorns (W),Orlando Pride SC (W),Portland Thorns (W),US National Women Soccer League,50,2-2,6.6,3.9,1.54,,,122.4,0.58,1.33,5,7,9,7,2,2,0,1,13,15,54,1,Pendente,,,,1.262595580,11076817,5161644,920228,,
2026-09-19,2026-09-19 20:30,Sporting Cristal x Atletico Grau,Sporting Cristal,Atletico Grau,Peruvian Primera Division,50,3-1,1.24,6.6,19.5,,,1336.14,,,8,3,10,6,3,4,1,1,12,8,54,2,Pendente,,,,1.262367057,328696,1000017240,1000001681,,
2026-09-19,2026-09-19 21:00,Cavalry x Forge,Cavalry,Forge,Canadian Premier League,50,0-0,2.86,2.38,4.0,6.6,1.17,328.75,,,2,1,5,5,1,2,0,0,8,6,63,2,Pendente,,,,1.262428617,24151527,1000008704,1000001192,1.262428627,47973
2026-09-19,2026-09-19 21:05,Alianza FC Valledupar x Santa Fe,Alianza FC Valledupar,Santa Fe,Colombian Primera A,45,0-2,50.0,11.0,1.11,1.34,3.8,134.03,0.51,0.36,0,4,8,5,1,3,0,1,18,5,51,1,Pendente,,,,1.262452197,79102706,1000014151,1000001696,1.262452207,47973
2026-09-19,2026-09-19 21:30,Remo x Santos,Remo,Santos,Brazilian Serie A,50,0-0,3.8,2.48,2.96,6.2,1.17,420.98,0.25,0.15,1,1,6,4,3,1,0,0,7,3,49,1,Pendente,,,,1.262175484,376830,5103643,1000001407,1.262175487,47973
2026-09-19,2026-09-19 21:30,Cerro Porteno x Rubio Nu,Cerro Porteno,Rubio Nu,Paraguayan Primera Division,50,1-0,1.28,5.5,22.0,2.66,1.58,1689.42,,,1,1,9,4,4,3,2,0,12,4,73,2,Pendente,,,,1.262445689,335852,1000017411,1000001212,1.262445692,47973
2026-09-19,2026-09-19 21:30,Athletic Club x Botafogo SP,Athletic Club,Botafogo SP,Brazilian Serie B,50,1-1,2.94,2.24,4.5,1.45,3.1,129.49,0.74,0.11,2,1,8,2,1,1,2,0,4,5,60,1,Pendente,,,,1.262460558,23018379,5190721,1000001415,1.262460561,47973
2026-09-19,2026-09-19 21:30,Guayaquil City x CD Leones del Norte,Guayaquil City,CD Leones del Norte,Ecuadorian Serie A,50,0-1,11.5,3.95,1.47,2.78,1.53,641.94,,,1,3,2,11,0,2,0,1,2,15,58,2,Pendente,,,,1.262541260,15116449,1000022051,1000001251,1.262541270,47973
2026-09-19,2026-09-19 22:00,River Plate x CA Huracan,River Plate,CA Huracan,Argentinian Primera Division,50,1-1,4.2,2.92,2.34,2.5,1.66,2848.56,0.50,0.21,2,1,9,6,3,0,2,0,20,3,72,1,Pendente,,,,1.262459583,194515,1000019541,1000001729,1.262459593,47973
2026-09-19,2026-09-19 22:00,Puerto Cabello x Portuguesa FC,Puerto Cabello,Portuguesa FC,Venezuelan Primera Division,50,2-1,1.85,2.78,8.4,1.29,4.1,73.28,,,4,4,9,5,5,1,0,0,,,67,2,Pendente,,,,1.262584814,13442344,1000018929,1000001689,1.262584824,47973
2026-09-20,2026-09-19 23:00,Deportivo Garcilaso x Universitario de Deportes,Deportivo Garcilaso,Universitario de Deportes,Peruvian Primera Division,50,3-0,1.03,32.0,100.0,,,2842.24,,,7,1,11,4,3,3,0,0,11,3,44,2,Pendente,,,,1.262366949,12104874,1000017241,1000001681,,
2026-09-20,2026-09-19 23:00,Atlas x Pumas UNAM,Atlas,Pumas UNAM,Mexican Liga MX,50,1-1,2.54,2.64,3.95,1.26,4.7,4859.79,1.53,0.55,2,3,12,7,3,2,3,1,28,16,53,1,Pendente,,,,1.262410764,328950,1000014573,1000001644,1.262410767,47973
2026-09-20,2026-09-19 23:00,Atletico San Luis x Necaxa,Atletico San Luis,Necaxa,Mexican Liga MX,50,1-1,2.8,2.66,3.55,1.27,4.4,1888.84,0.35,0.34,1,1,1,3,0,1,1,1,8,5,69,1,Pendente,,,,1.262435183,10781957,1000014574,1000001644,1.262435186,47973
2026-09-20,2026-09-19 23:10,Deportivo Cali x Cucuta Deportivo,Deportivo Cali,Cucuta Deportivo,Colombian Primera A,45,1-0,1.19,7.2,38.0,2.62,1.58,1480.51,1.54,0.20,4,1,8,1,3,1,1,0,13,5,54,1,Pendente,,,,1.262452527,328690,1000014156,1000001696,1.262452537,47973
2026-09-20,2026-09-19 23:30,San Jose Earthquakes x Los Angeles FC,San Jose Earthquakes,Los Angeles FC,US MLS,50,1-1,3.75,3.3,2.28,1.81,2.16,1993.66,0.15,0.06,1,1,3,2,6,1,0,0,11,5,62,1,Pendente,,,,1.262537521,408102,5071370,913550,1.262537531,47973
2026-09-20,2026-09-19 23:30,CF Montreal x Columbus,CF Montreal,Columbus,US MLS,50,0-0,3.2,2.7,3.0,4.5,1.27,642.81,0.28,0.38,1,0,3,6,2,0,0,0,9,8,49,1,Pendente,,,,1.262537741,42741189,5071368,913550,1.262537751,47973
2026-09-20,2026-09-19 23:30,New England Revolution x Orlando City,New England Revolution,Orlando City,US MLS,50,2-0,1.32,5.7,13.5,1.64,2.52,4629.36,0.41,0.14,4,2,10,3,6,1,2,0,17,8,58,1,Pendente,,,,1.262537961,408103,5071369,913550,1.262537971,47973
2026-09-20,2026-09-20 00:00,Sao Paulo x Internacional,Sao Paulo,Internacional,Brazilian Serie A,50,1-0,1.36,4.7,16.5,2.66,1.58,226290.96,0.86,0.16,1,1,3,4,2,0,1,0,7,5,55,1,Pendente,,,,1.262175268,198126,5103636,1000001407,1.262175271,47973
2026-09-20,2026-09-20 00:00,Pacific x Vancouver FC,Pacific,Vancouver FC,Canadian Premier League,50,1-1,2.98,3.45,2.12,1.01,1.24,69.82,,,2,2,5,5,2,2,0,2,10,10,60,2,Pendente,,,,1.262428355,23522859,1000008705,1000001192,1.262428365,47973
2026-09-20,2026-09-20 00:00,Emelec x Libertad FC,Emelec,Libertad FC,Ecuadorian Serie A,50,1-0,1.23,5.9,27.0,2.76,1.53,11805.01,,,3,2,8,4,3,3,1,0,11,2,55,2,Pendente,,,,1.262507305,328197,1000022050,1000001251,1.262507308,47973
2026-09-20,2026-09-20 00:00,Deportivo La Guaira x Deportivo Tachira,Deportivo La Guaira,Deportivo Tachira,Venezuelan Primera Division,50,1-3,50.0,14.0,1.08,,,134.44,,,2,6,5,11,2,3,0,0,,,58,2,Pendente,,,,1.262605571,7658015,1000018926,1000001689,,
2026-09-20,2026-09-20 00:15,Instituto x Talleres,Instituto,Talleres,Argentinian Primera Division,45,1-0,1.77,2.72,12.0,7.6,1.14,1794.31,0.36,0.00,1,0,7,0,1,2,2,0,8,2,46,1,Pendente,,,,1.262101426,897267,1000019536,1000001729,1.262101436,47973
2026-09-20,2026-09-20 00:30,Houston Dynamo x FC Cincinnati,Houston Dynamo,FC Cincinnati,US MLS,50,1-0,1.56,4.1,8.4,1.97,1.99,2396.96,0.28,0.22,1,1,4,6,3,1,1,0,7,5,48,1,Pendente,,,,1.262536862,1432923,5071373,913550,1.262536872,47973
2026-09-20,2026-09-20 00:30,St Louis City SC x Toronto FC,St Louis City SC,Toronto FC,US MLS,50,1-0,1.33,5.3,15.0,2.06,1.9,1020.14,0.66,0.10,3,0,6,3,4,0,1,0,13,2,68,1,Pendente,,,,1.262537082,52290449,5071379,913550,1.262537092,47973
2026-09-20,2026-09-20 00:30,Kansas City x Philadelphia,Kansas City,Philadelphia,US MLS,50,3-1,1.11,13.0,30.0,,,31045.89,0.54,0.11,5,4,6,5,2,2,0,0,9,6,36,1,Pendente,,,,1.262538079,171912,5071374,913550,,
2026-09-20,2026-09-20 00:30,Minnesota Utd x LA Galaxy,Minnesota Utd,LA Galaxy,US MLS,50,3-1,1.37,5.1,12.0,,,136.17,1.08,0.43,3,1,6,6,1,2,2,0,12,6,45,1,Pendente,,,,1.262538312,7533070,5071375,913550,,
2026-09-20,2026-09-20 00:30,FC Dallas x Austin FC,FC Dallas,Austin FC,US MLS,50,1-0,2.14,2.74,5.4,4.7,1.26,6689.06,0.99,0.09,2,1,6,3,3,3,1,0,8,3,48,1,Pendente,,,,1.262538482,2937353,5071372,913550,1.262538492,47973
2026-09-20,2026-09-20 10:15,Piast Gliwice x Pogon Szczecin,Piast Gliwice,Pogon Szczecin,Polish Ekstraklasa,45,1-1,2.9,2.64,3.35,1.26,4.7,1252.18,0.29,0.43,3,1,3,3,1,2,1,0,4,11,69,1,Pendente,,,,1.262374270,3157365,5803991,937879,1.262374273,47973
2026-09-20,2026-09-20 10:30,Fiorentina x Napoli,Fiorentina,Napoli,Italian Serie A,50,0-1,9.4,4.1,1.53,2.04,1.93,568.71,0.31,0.73,1,2,6,7,1,2,0,2,10,11,44,1,Pendente,,,,1.262103120,676467,5749683,55,1.262103104,47973
2026-09-20,2026-09-20 11:00,FC Voluntari x Universitatea Cluj,FC Voluntari,Universitatea Cluj,Romanian Liga I,50,0-0,4.2,2.86,2.36,4.3,1.29,2492.15,,,3,1,8,8,4,3,1,1,12,16,43,2,Pendente,,,,1.262091967,8838645,5853507,938428,1.262091977,47973
2026-09-20,2026-09-20 11:00,Celtic x Rangers,Celtic,Rangers,Scottish Premiership,50,1-1,5.6,3.55,1.83,1.01,1.98,158.42,0.06,0.74,0,6,1,8,5,2,0,2,10,13,56,1,Pendente,,,,1.262428046,52495022,5793939,937650,1.262428049,47973
2026-09-20,2026-09-20 11:00,Chonburi x Buriram Utd,Chonburi,Buriram Utd,Thai League 1,50,0-2,40.0,8.8,1.14,1.95,2.0,151.53,0.18,0.70,0,5,4,11,1,2,0,0,5,15,36,1,Pendente,,,,1.262537335,2899298,1000017737,1000001471,1.262537338,47973
2026-09-20,2026-09-20 11:00,Rayong FC x Ratchaburi,Rayong FC,Ratchaburi,Thai League 1,50,0-1,15.5,5.1,1.32,2.18,1.8,75.37,0.78,0.55,3,2,8,7,0,5,0,0,6,15,28,1,Pendente,,,,1.262539436,7906034,1000017738,1000001471,1.262539439,47973
2026-09-20,2026-09-20 11:00,Ogre United x SK Super Nova,Ogre United,SK Super Nova,Latvian Virsliga,50,1-1,1.83,3.45,5.5,2.06,1.89,1223.19,,,2,5,8,17,4,8,0,0,,,50,2,Pendente,,,,1.262612482,86159298,5162070,1000001180,1.262612485,47973
2026-09-20,2026-09-20 11:30,Antwerp x Union St Gilloise,Antwerp,Union St Gilloise,Belgian Pro League,50,0-1,6.6,3.15,1.85,3.95,1.33,571.06,0.14,1.06,1,2,3,7,1,2,0,2,4,18,50,1,Pendente,,,,1.262379385,3247346,5811769,937988,1.262379388,47973
2026-09-20,2026-09-20 11:30,Arminia Bielefeld x FC Heidenheim,Arminia Bielefeld,FC Heidenheim,German Bundesliga 2,50,2-2,6.8,3.95,1.65,,,1841.94,0.12,2.19,1,5,2,10,2,4,0,4,7,23,38,1,Pendente,,,,1.262389012,347829,5881672,146,,
2026-09-20,2026-09-20 11:30,Cottbus x St Pauli,Cottbus,St Pauli,German Bundesliga 2,50,2-0,1.21,7.0,24.0,1.73,2.32,46161.53,0.61,0.13,2,1,9,3,4,2,0,0,16,4,72,1,Pendente,,,,1.262389146,204683,5881673,146,1.262389156,47973
2026-09-20,2026-09-20 11:30,Hannover x Bochum,Hannover,Bochum,German Bundesliga 2,50,3-0,1.12,11.0,34.0,1.14,7.8,39392.24,1.63,0.73,6,6,7,13,1,5,2,1,11,12,43,1,Pendente,,,,1.262389256,197307,5881675,146,1.262389266,47973
2026-09-20,2026-09-20 11:30,Sukhothai x Port FC,Sukhothai,Port FC,Thai League 1,50,2-2,2.2,3.45,3.65,,,268.21,0.66,0.75,3,4,9,13,0,7,1,0,9,19,34,1,Pendente,,,,1.262540080,10915417,1000017739,1000001471,,
2026-09-20,2026-09-20 12:00,Yverdon Sport x Stade Lausanne-Ouchy,Yverdon Sport,Stade Lausanne-Ouchy,Swiss Challenge League,50,0-0,3.0,2.64,3.25,4.5,1.27,206.63,,,0,2,1,8,0,1,0,0,3,13,47,2,Pendente,,,,1.262380247,15979003,5804596,1000001739,1.262380250,47973
2026-09-20,2026-09-20 12:00,Kalmar FF x Hacken,Kalmar FF,Hacken,Swedish Allsvenskan,50,0-2,19.0,19.0,1.04,1.01,4.9,158.3,0.64,0.87,1,3,4,6,5,1,0,3,18,8,50,1,Pendente,,,,1.262380813,130433,5107611,67,1.262380816,47973
2026-09-20,2026-09-20 12:00,AaB x Vendsyssel FF,AaB,Vendsyssel FF,Danish 1st Division,50,1-0,1.38,4.8,11.5,1.99,1.96,2564.75,,,4,1,11,6,2,4,1,0,14,8,41,2,Pendente,,,,1.262392613,28212,5764496,936592,1.262392623,47973
2026-09-20,2026-09-20 12:00,Sabadell x Oviedo,Sabadell,Oviedo,Spanish Segunda Division,50,2-0,1.07,15.5,90.0,1.42,3.25,76131.38,0.91,0.27,5,1,7,4,2,0,2,1,12,5,46,1,Pendente,,,,1.262426542,565026,5868458,938653,1.262426545,47973
2026-09-20,2026-09-20 12:00,FC Vaduz x Thun,FC Vaduz,Thun,Swiss Super League,50,1-1,6.4,4.2,1.63,1.57,2.64,244.1,1.20,0.43,2,1,11,5,2,3,1,0,21,7,68,1,Pendente,,,,1.262435291,46945,5804271,937880,1.262435294,47973
2026-09-20,2026-09-20 12:00,Djurgardens x Elfsborg,Djurgardens,Elfsborg,Swedish Allsvenskan,50,1-1,5.3,3.6,1.85,1.9,2.08,2182.84,0.19,0.68,0,2,3,12,0,4,0,0,9,15,49,1,Pendente,,,,1.262436587,232104,5107605,67,1.262436590,47973
2026-09-20,2026-09-20 12:00,Halmstads x AIK,Halmstads,AIK,Swedish Allsvenskan,50,1-1,1.72,3.65,4.5,1.96,1.7,172.19,0.49,0.71,6,1,10,8,3,0,0,0,14,18,33,1,Pendente,,,,1.262438085,10765,5107612,67,1.262438088,47973
2026-09-20,2026-09-20 12:00,Getafe x Malaga,Getafe,Malaga,Spanish La Liga,50,0-0,2.74,2.38,4.5,6.8,1.16,1044.58,0.35,0.34,3,2,8,7,2,3,0,0,7,10,37,1,Pendente,,,,1.262438784,248010,5868076,87,1.262438721,47973
2026-09-20,2026-09-20 12:00,Hamburger SV (W) x FC Nurnberg (W),Hamburger SV (W),FC Nurnberg (W),German Frauen-Bundesliga,50,3-1,1.07,16.5,50.0,,,3355.89,,,4,4,12,13,3,4,2,0,13,18,48,2,Pendente,,,,1.262559808,25345907,5934530,9676,,
2026-09-20,2026-09-20 12:30,Norwich x Bolton,Norwich,Bolton,English Sky Bet Championship,50,3-2,1.88,3.15,6.4,,,2219.91,0.41,0.44,2,2,4,5,1,1,1,1,7,16,54,1,Pendente,,,,1.262355409,47998,5836844,938218,,
2026-09-20,2026-09-20 12:30,Az Alkmaar x SC Telstar,Az Alkmaar,SC Telstar,Dutch Eredivisie,50,2-0,1.16,8.8,34.0,1.71,2.36,5282.39,0.50,0.03,2,1,3,2,0,1,2,0,11,1,64,1,Pendente,,,,1.262104477,9220660,5781752,937276,1.262104487,47973
2026-09-20,2026-09-20 12:30,Valerenga x Fredrikstad,Valerenga,Fredrikstad,Norwegian Eliteserien,50,0-0,2.48,2.8,4.0,4.3,1.29,272.06,0.68,0.48,0,0,5,5,0,2,0,0,6,10,41,1,Pendente,,,,1.262400406,132563,5105010,59,1.262400409,47973
2026-09-20,2026-09-20 12:45,Zaglebie Lubin x Wisla Plock,Zaglebie Lubin,Wisla Plock,Polish Ekstraklasa,45,0-1,10.0,4.2,1.47,2.22,1.8,843.95,0.48,1.10,3,3,5,6,2,3,0,2,9,11,42,1,Pendente,,,,1.262381521,166904,5803994,937879,1.262381524,47973
2026-09-20,2026-09-20 13:00,Bournemouth x Liverpool,Bournemouth,Liverpool,English Premier League,50,0-0,3.5,2.84,2.76,4.4,1.28,5421.31,0.15,0.48,1,1,3,7,2,1,0,0,13,10,42,1,Pendente,,,,1.262039124,1141,5795455,47,1.262039063,47973
2026-09-20,2026-09-20 13:00,West Ham United (W) x Everton (W),West Ham United (W),Everton (W),English WSL,50,0-0,3.45,2.16,3.4,7.6,1.13,733.06,0.42,0.39,2,0,7,5,2,2,1,1,12,7,46,1,Pendente,,,,1.262385010,22333102,5981647,9227,1.262385013,47973
2026-09-20,2026-09-20 13:00,Brighton (W) x Aston Villa (W),Brighton (W),Aston Villa (W),English WSL,50,2-0,1.19,7.2,24.0,1.89,1.89,1533.55,1.02,0.02,3,0,9,1,3,0,1,0,16,4,53,1,Pendente,,,,1.262400838,9549626,5981645,9227,1.262400841,47973
2026-09-20,2026-09-20 13:00,Milford x Durban City,Milford,Durban City,South African Premier Division,50,1-0,1.45,3.9,11.5,2.84,1.51,1854.64,1.44,0.09,2,1,5,3,0,4,1,0,16,14,55,1,Pendente,,,,1.262489568,61940122,5955096,1000001719,1.262489578,47973
2026-09-20,2026-09-20 13:00,Golden Arrows x Kaizer Chiefs,Golden Arrows,Kaizer Chiefs,South African Premier Division,50,0-0,5.4,2.14,2.64,9.6,1.1,252.85,0.77,1.06,2,1,5,5,1,6,1,1,7,15,36,1,Pendente,,,,1.262489973,365511,5955095,1000001719,1.262489983,47973
2026-09-20,2026-09-20 13:00,Sunderland (W) x Southampton (W),Sunderland (W),Southampton (W),English Women's Matches,50,0-0,3.05,2.46,3.3,5.7,1.16,502.22,,,1,1,2,1,0,5,0,0,2,8,54,2,Pendente,,,,1.262611575,5419644,1000018687,1000001465,1.262611578,47973
2026-09-20,2026-09-20 13:00,Leeds x Crystal Palace,Leeds,Crystal Palace,English Premier League,50,1-0,2.24,2.76,5.1,5.0,1.23,98339.66,0.56,0.19,1,2,9,5,4,1,0,0,9,8,52,1,Pendente,,,,1.262039840,48317,5795460,47,1.262039779,47973
2026-09-20,2026-09-20 13:00,Auxerre x Brest,Auxerre,Brest,French Ligue 1,50,1-1,3.25,2.14,2.88,1.27,4.5,295.33,0.02,0.24,0,1,1,7,2,2,0,0,5,6,48,1,Pendente,,,,1.262088257,44800,5802938,53,1.262088236,47973
2026-09-20,2026-09-20 13:00,Frosinone x Como,Frosinone,Como,Italian Serie A,50,2-1,1.49,5.1,7.2,1.09,11.5,3344.59,1.70,1.34,6,4,15,16,4,2,3,2,19,32,30,1,Pendente,,,,1.262102748,924268,5749684,55,1.262102732,47973
2026-09-20,2026-09-20 13:00,Parma x Genoa,Parma,Genoa,Italian Serie A,50,1-0,1.78,3.3,7.0,2.84,1.53,1906.86,0.14,0.17,1,2,2,6,1,4,1,0,2,9,52,1,Pendente,,,,1.262102996,191607,5749687,55,1.262102980,47973
2026-09-20,2026-09-20 13:00,Sigma Olomouc x Sparta Prague,Sigma Olomouc,Sparta Prague,Czech 1 Liga,50,0-1,10.0,4.6,1.42,1.86,2.12,525.39,,,1,2,6,9,2,2,0,0,9,16,49,2,Pendente,,,,1.262383187,50337,5831178,938182,1.262383190,47973
2026-09-20,2026-09-20 13:00,Fredericia x Vejle,Fredericia,Vejle,Danish 1st Division,50,1-1,2.96,2.96,2.98,1.18,6.2,164.45,,,2,3,8,8,0,3,1,1,10,7,48,2,Pendente,,,,1.262392944,151003,5764495,936592,1.262392954,47973
2026-09-20,2026-09-20 13:00,Arezzo x Sudtirol,Arezzo,Sudtirol,Italian Serie B,50,0-1,10.5,3.8,1.54,3.0,1.47,776.38,0.01,0.26,0,1,1,2,3,0,0,1,4,11,33,1,Pendente,,,,1.262450186,522048,5967079,941726,1.262450189,47973
2026-09-20,2026-09-20 13:00,Verona x LR Vicenza Virtus,Verona,LR Vicenza Virtus,Italian Serie B,50,0-0,2.48,2.48,5.0,6.2,1.18,2294.36,0.42,0.23,2,0,9,3,1,2,0,1,9,3,58,1,Pendente,,,,1.262452637,676465,5967088,941726,1.262452647,47973
2026-09-20,2026-09-20 13:00,Marumo Gallants FC x Orlando Pirates (SA),Marumo Gallants FC,Orlando Pirates (SA),South African Premier Division,50,0-1,2.58,2.22,1.14,2.02,1.47,81.22,0.20,0.51,0,2,1,4,2,5,1,1,1,7,29,1,Pendente,,,,1.262489863,55480642,5955099,1000001719,1.262489873,47973
2026-09-20,2026-09-20 13:00,FK Tukums 2000 x SC Grobina,FK Tukums 2000,SC Grobina,Latvian Virsliga,50,0-1,14.0,4.5,1.38,2.76,1.54,188.1,,,3,3,8,6,2,1,0,0,,,62,2,Pendente,,,,1.262554056,6415425,5162071,1000001180,1.262554066,47973
2026-09-20,2026-09-20 13:00,Watford (W) x Bristol City (W),Watford (W),Bristol City (W),English Women's Matches,50,0-1,15.5,5.7,1.27,1.84,2.12,100.46,,,0,5,0,10,2,2,0,1,11,12,46,2,Pendente,,,,1.262611245,8498853,1000018688,1000001465,1.262611248,47973
2026-09-20,2026-09-20 13:00,Newcastle Utd (W) x Sheffield United (W),Newcastle Utd (W),Sheffield United (W),English Women's Matches,50,3-1,1.01,1.2,1.25,,,220.41,,,2,2,7,5,1,2,0,1,10,8,58,2,Pendente,,,,1.262611355,39046772,1000018686,1000001465,,
2026-09-20,2026-09-20 13:30,Leverkusen x RB Leipzig,Leverkusen,RB Leipzig,German Bundesliga,50,2-0,1.37,5.4,11.0,1.56,2.74,371.94,0.74,0.70,2,2,6,8,1,3,2,1,7,7,50,1,Pendente,,,,1.262095835,44787,5881170,54,1.262095845,47973
2026-09-20,2026-09-20 14:00,Gremio x SE Palmeiras,Gremio,SE Palmeiras,Brazilian Serie A,50,0-0,4.8,2.68,2.34,5.1,1.23,5036.11,0.89,1.01,4,4,5,17,2,3,2,0,8,20,27,1,Pendente,,,,1.262175006,198134,5103640,1000001407,1.262175009,47973
2026-09-20,2026-09-20 14:00,AC Horsens x AGF,AC Horsens,AGF,Danish Superliga,50,0-0,4.8,2.76,2.26,4.7,1.26,110.2,0.14,0.73,0,1,5,10,2,2,1,3,10,14,50,1,Pendente,,,,1.262344804,195583,5739517,935487,1.262344807,47973
2026-09-20,2026-09-20 14:00,Levadiakos x Olympiakos,Levadiakos,Olympiakos,Greek Super League,50,0-1,11.0,3.25,1.64,5.3,1.22,1162.83,0.14,0.60,2,2,3,10,2,6,1,0,1,20,27,1,Pendente,,,,1.262377397,531200,5943256,941071,1.262377407,47973
2026-09-20,2026-09-20 14:00,Sint Truiden x Westerlo,Sint Truiden,Westerlo,Belgian Pro League,50,1-1,4.5,3.55,1.97,1.68,2.38,2799.57,0.40,1.00,2,5,4,11,4,2,1,1,8,15,44,1,Pendente,,,,1.262386635,189832,5811770,937988,1.262386638,47973
2026-09-20,2026-09-20 14:00,Ponte Preta x CRB,Ponte Preta,CRB,Brazilian Serie B,50,1-1,3.05,3.05,2.82,1.85,2.14,592.54,0.97,0.82,2,0,2,6,0,2,2,1,4,16,26,1,Pendente,,,,1.262531106,204603,5190719,1000001415,1.262531109,47973
2026-09-20,2026-09-20 14:00,Pendikspor x Bodrum FK,Pendikspor,Bodrum FK,Turkish 1 Lig,50,0-0,2.3,2.5,5.3,6.4,1.16,1436.65,,,1,0,8,1,4,0,0,0,12,2,69,2,Pendente,,,,1.262643544,5342556,5908635,1000001750,1.262643547,47973
2026-09-20,2026-09-20 14:15,AD Ceuta FC x Valladolid,AD Ceuta FC,Valladolid,Spanish Segunda Division,45,0-0,4.4,2.38,2.76,6.8,1.16,5943.47,0.52,1.56,0,4,4,7,0,2,0,4,3,16,39,1,Pendente,,,,1.262387964,8179917,5868453,938653,1.262387967,47973
2026-09-20,2026-09-20 14:15,Atletico Madrid x Real Madrid,Atletico Madrid,Real Madrid,Spanish La Liga,45,0-1,3.9,2.9,2.48,4.1,1.31,13446.98,0.19,0.13,0,1,4,6,0,1,0,0,13,8,55,1,Pendente,,,,1.262437259,52480965,5868072,87,1.262437181,47973
2026-09-20,2026-09-20 14:30,FC Basel x St Gallen,FC Basel,St Gallen,Swiss Super League,50,2-2,3.25,3.1,2.62,1.15,7.2,254.29,0.92,1.17,1,3,4,7,2,2,1,3,16,10,72,1,Pendente,,,,1.262434149,2939090,5804272,937880,1.262434155,47973
2026-09-20,2026-09-20 14:30,Lausanne x Lugano,Lausanne,Lugano,Swiss Super League,50,0-1,15.5,5.1,1.34,2.12,1.84,109.75,0.42,1.44,3,2,4,11,0,3,1,2,9,10,34,1,Pendente,,,,1.262434418,2093796,5804273,937880,1.262434421,47973
2026-09-20,2026-09-20 14:30,Mjallby x GAIS,Mjallby,GAIS,Swedish Allsvenskan,50,0-1,7.6,3.8,1.61,2.26,1.77,725.3,0.33,1.22,3,1,7,10,5,0,1,0,18,11,54,1,Pendente,,,,1.262438303,60143,5107607,67,1.262438306,47973
2026-09-20,2026-09-20 14:30,Guimaraes x Moreirense,Guimaraes,Moreirense,Portuguese Primeira Liga,50,0-0,2.22,2.56,6.0,6.6,1.17,6030.66,0.15,0.21,2,2,3,4,0,0,0,0,10,3,61,1,Pendente,,,,1.262442379,50085,5887644,61,1.262442390,47973
2026-09-20,2026-09-20 14:30,Degerfors x Hammarby,Degerfors,Hammarby,Swedish Allsvenskan,50,0-1,10.0,3.8,1.55,3.45,1.38,516.39,0.41,0.36,1,4,3,6,0,4,0,0,5,15,39,1,Pendente,,,,1.262437706,784612,5107609,67,1.262437709,47973
2026-09-20,2026-09-20 14:45,NEC Nijmegen x Go Ahead Eagles,NEC Nijmegen,Go Ahead Eagles,Dutch Eredivisie,45,2-1,2.54,3.05,3.5,1.14,7.8,223.37,0.53,1.43,2,4,10,6,1,2,0,3,14,14,44,1,Pendente,,,,1.262104587,48456,5781751,937276,1.262104597,47973
2026-09-20,2026-09-20 14:45,De Graafschap x NAC Breda,De Graafschap,NAC Breda,Dutch Eerste Divisie,45,2-3,9.8,4.7,1.42,,,367.09,,,2,4,5,8,2,0,2,1,15,7,58,2,Pendente,,,,1.262391315,48453,5832878,111,,
2026-09-20,2026-09-20 15:00,Red Bull Salzburg x Sturm Graz,Red Bull Salzburg,Sturm Graz,Austrian Bundesliga,50,1-0,2.24,3.1,4.2,3.4,1.4,310.77,0.24,0.30,2,1,4,6,1,6,0,1,5,15,52,1,Pendente,,,,1.262072552,52495026,5845991,938366,1.262072562,47973
2026-09-20,2026-09-20 15:00,NFC Volos x AEK Athens,NFC Volos,AEK Athens,Greek Super League,50,0-1,7.8,3.35,1.73,3.75,1.36,130.32,0.69,0.62,3,0,8,4,3,3,2,0,14,7,38,1,Pendente,,,,1.262377507,16417407,5943259,941071,1.262377517,47973
2026-09-20,2026-09-20 15:00,MFK Skalica x Podbrezova,MFK Skalica,Podbrezova,Slovakian Super League,50,0-1,9.2,4.2,1.49,2.04,1.9,96.43,,,1,2,5,6,1,1,0,0,12,8,56,2,Pendente,,,,1.262393280,12690369,5772191,936918,1.262393290,47973
2026-09-20,2026-09-20 15:00,Viking x Lillestrom,Viking,Lillestrom,Norwegian Eliteserien,50,3-0,1.05,22.0,95.0,1.1,10.0,2675.43,1.16,0.66,4,0,11,5,6,2,0,1,25,10,44,1,Pendente,,,,1.262392088,168747,5105015,59,1.262392098,47973
2026-09-20,2026-09-20 15:00,Rijeka x Hajduk Split,Rijeka,Hajduk Split,Croatian HNL,50,2-0,1.12,10.5,38.0,1.22,5.2,4083.46,,,2,3,3,7,0,3,2,0,5,9,45,2,Pendente,,,,1.262403142,166890,5765931,252,1.262403152,47973
2026-09-20,2026-09-20 15:00,Macva Sabac x Mladost Lucani,Macva Sabac,Mladost Lucani,Serbian Super League,50,1-0,1.49,3.85,10.5,3.0,1.45,713.47,,,2,0,4,1,2,1,1,0,4,3,52,2,Pendente,,,,1.262445061,13082371,1000015133,1000001612,1.262445080,47973
2026-09-20,2026-09-20 15:00,Sandefjord x Start,Sandefjord,Start,Norwegian Eliteserien,50,0-0,2.78,2.52,3.8,5.7,1.2,129.8,0.19,0.10,0,0,3,3,2,0,0,0,6,3,59,1,Pendente,,,,1.262454100,199646,5105014,59,1.262454103,47973
2026-09-20,2026-09-20 15:15,Nice x Lille,Nice,Lille,French Ligue 1,45,1-1,1.79,3.75,5.5,1.93,2.04,12090.41,0.31,0.82,1,2,5,7,1,3,1,1,8,19,40,1,Pendente,,,,1.262087950,189829,5802942,53,1.262087934,47973
2026-09-20,2026-09-20 15:15,Mantova x Pisa,Mantova,Pisa,Italian Serie B,45,1-1,3.25,2.44,3.35,1.32,4.0,2882.37,0.47,1.12,2,3,8,7,1,2,1,3,8,14,62,1,Pendente,,,,1.262450402,924269,5967084,941726,1.262450405,47973
2026-09-20,2026-09-20 15:30,Schalke 04 x Elversberg,Schalke 04,Elversberg,German Bundesliga,50,1-0,2.38,2.84,4.2,3.95,1.33,5753.87,0.32,0.26,0,0,6,4,3,1,0,0,15,11,45,1,Pendente,,,,1.262095704,44517,5881176,54,1.262095714,47973
2026-09-20,2026-09-20 15:30,Jagiellonia Bialystock x Legia Warsaw,Jagiellonia Bialystock,Legia Warsaw,Polish Ekstraklasa,50,1-2,7.8,3.8,1.6,,,132.89,1.27,1.39,2,2,5,6,1,1,2,2,10,17,61,1,Pendente,,,,1.262394386,7391394,5803987,937879,,
2026-09-20,2026-09-20 15:30,TS Galaxy FC x Chippa Utd,TS Galaxy FC,Chippa Utd,South African Premier Division,50,0-0,3.45,2.0,4.2,11.5,1.08,809.43,0.15,0.21,1,2,2,8,1,4,0,0,5,5,54,1,Pendente,,,,1.262489700,20785087,5955100,1000001719,1.262489710,47973
2026-09-20,2026-09-20 16:00,Viborg x FC Nordsjaelland,Viborg,FC Nordsjaelland,Danish Superliga,50,3-2,1.18,8.4,24.0,,,10553.67,0.83,0.87,5,2,11,8,3,1,2,1,20,16,52,1,Pendente,,,,1.262397732,10780,5739516,935487,,
2026-09-20,2026-09-20 16:00,Slavia Prague x Plzen,Slavia Prague,Plzen,Czech 1 Liga,50,1-0,1.85,3.15,6.8,4.0,1.31,111.51,,,2,2,12,6,6,2,0,2,17,8,60,2,Pendente,,,,1.262398418,10777,5831179,938182,1.262398428,47973
2026-09-20,2026-09-20 16:00,Atletico Ottawa x FC Supra du Quebec,Atletico Ottawa,FC Supra du Quebec,Canadian Premier League,50,0-0,3.7,2.76,2.52,3.95,1.31,150.98,,,2,4,4,10,3,4,0,0,6,21,45,2,Pendente,,,,1.262428486,35556466,5175969,1000001192,1.262428496,47973
2026-09-20,2026-09-20 16:00,IA Akranes x Breidablik,IA Akranes,Breidablik,Icelandic Urvalsdeild,50,3-0,1.13,10.5,28.0,1.12,8.4,65245.48,,,3,0,9,3,3,0,2,1,18,6,65,2,Pendente,,,,1.262507818,399801,1000021881,1000001706,1.262507821,47973
2026-09-20,2026-09-20 16:00,Juventus x Atalanta,Juventus,Atalanta,Italian Serie A,50,1-0,1.35,5.0,14.5,2.16,1.85,17405.48,0.21,0.35,1,0,3,6,1,2,1,0,10,12,50,1,Pendente,,,,1.262102252,52475015,5749685,55,1.262102236,47973
2026-09-20,2026-09-20 16:15,Al Dhafra x Bani Yas,Al Dhafra,Bani Yas,UAE League Cup,45,0-2,24.0,9.0,1.16,1.23,5.1,98.4,,,0,2,2,5,4,0,0,0,,,55,2,Pendente,,,,1.262640416,3584581,1000020528,1000001461,1.262640426,47973
2026-09-20,2026-09-20 16:15,Al Jazira x Al Wahda (Abu Dhabi),Al Jazira,Al Wahda (Abu Dhabi),UAE League Cup,45,0-0,1.81,3.15,7.0,4.0,1.3,841.29,,,0,0,7,2,5,0,0,0,,,57,2,Pendente,,,,1.262640636,3630205,1000020529,1000001461,1.262640646,47973
2026-09-20,2026-09-20 16:30,Kalamata x Panathinaikos,Kalamata,Panathinaikos,Greek Super League,50,0-2,50.0,10.0,1.11,1.88,2.08,427.83,0.41,0.41,1,5,6,7,1,4,0,1,7,13,29,1,Pendente,,,,1.262377817,650859,5943255,941071,1.262377827,47973
2026-09-20,2026-09-20 16:30,Club Brugge x Genk,Club Brugge,Genk,Belgian Pro League,50,1-0,1.24,6.6,20.0,1.75,2.24,5980.55,0.49,0.95,3,2,12,9,4,0,0,1,19,11,59,1,Pendente,,,,1.262399089,10762,5811771,937988,1.262399092,47973
2026-09-20,2026-09-20 16:30,Deportivo x Betis,Deportivo,Betis,Spanish La Liga,50,0-1,17.0,5.5,1.31,2.2,1.82,1064.2,0.07,0.47,2,2,3,5,0,3,0,0,,,33,1,Pendente,,,,1.262439367,51266,5868074,87,1.262439304,47973
2026-09-20,2026-09-20 16:30,Las Palmas x Burgos,Las Palmas,Burgos,Spanish Segunda Division,50,1-0,1.28,5.5,22.0,2.5,1.66,6485.69,0.41,0.02,2,0,9,1,3,0,0,0,15,4,64,1,Pendente,,,,1.262399796,9163,5868456,938653,1.262399799,47973
2026-09-20,2026-09-20 16:30,Villarreal x Levante,Villarreal,Levante,Spanish La Liga,50,2-1,1.68,3.45,8.2,1.18,6.2,1306.81,2.24,0.10,4,1,14,2,4,0,5,1,27,5,67,1,Pendente,,,,1.262438493,28191,5868080,87,1.262438431,47973
2026-09-20,2026-09-20 16:30,1. FC Union Berlin (W) x RB Leipzig (W),1. FC Union Berlin (W),RB Leipzig (W),German Frauen-Bundesliga,50,2-0,1.27,5.6,14.5,1.87,2.06,1365.04,,,4,0,15,5,7,3,0,0,19,5,45,2,Pendente,,,,1.262559718,12882482,5934533,9676,1.262559763,47973
2026-09-20,2026-09-20 17:00,Goztepe x Rizespor,Goztepe,Rizespor,Turkish Super League,50,1-0,1.43,4.5,11.5,2.18,1.82,8704.1,1.35,0.06,7,0,15,3,2,1,3,0,18,4,46,1,Pendente,,,,1.262402269,113239,5904753,71,1.262402279,47973
2026-09-20,2026-09-20 17:00,Crvena Zvezda x Radnicki Nis,Crvena Zvezda,Radnicki Nis,Serbian Super League,50,3-0,1.01,50.0,140.0,1.11,8.6,27798.27,,,7,0,15,5,3,1,2,0,21,5,70,2,Pendente,,,,1.262431561,6399,1000015135,1000001612,1.262431564,47973
2026-09-20,2026-09-20 17:00,Santa Clara x Braga,Santa Clara,Braga,Portuguese Primeira Liga,50,0-0,4.3,2.3,2.94,8.0,1.13,631.64,0.15,0.39,0,0,4,4,1,1,0,1,4,7,45,1,Pendente,,,,1.262433264,48793,5887642,61,1.262433267,47973
2026-09-20,2026-09-20 17:00,Estoril Praia x Casa Pia,Estoril Praia,Casa Pia,Portuguese Primeira Liga,50,0-0,2.54,2.6,4.4,5.5,1.21,1540.23,0.08,0.92,1,0,3,5,4,3,0,1,1,12,53,1,Pendente,,,,1.262433720,8942696,5887638,61,1.262433723,47973
2026-09-20,2026-09-20 17:00,Al Jeel x Hajer Club,Al Jeel,Hajer Club,Saudi 1st Division,50,0-0,3.65,2.32,3.25,7.4,1.14,850.33,,,1,1,5,9,3,2,0,0,5,9,51,2,Pendente,,,,1.262607463,7899418,1000018467,1000001576,1.262607473,47973
2026-09-20,2026-09-20 17:00,Dunajska Streda x Spartak Trnava,Dunajska Streda,Spartak Trnava,Slovakian Super League,50,2-1,1.33,5.2,14.0,,,2046.35,,,3,1,10,2,1,1,4,0,12,10,42,2,Pendente,,,,1.262402006,3176495,5772188,936918,,
2026-09-20,2026-09-20 17:00,Amed Sportif Faaliyetler x Besiktas,Amed Sportif Faaliyetler,Besiktas,Turkish Super League,50,2-1,1.36,5.6,10.5,1.17,6.6,7904.27,0.60,0.17,6,0,7,4,1,0,1,0,2,4,36,1,Pendente,,,,1.262402379,12171081,5904752,71,1.262402389,47973
2026-09-20,2026-09-20 17:15,FCV Dender x Patro Eisden Maasmechelen,FCV Dender,Patro Eisden Maasmechelen,Belgian Challenger Pro League,45,0-0,2.2,2.64,5.7,6.0,1.18,146.09,0.11,0.49,0,0,3,7,3,2,0,0,6,11,50,1,Pendente,,,,1.262400730,1308816,1000015478,1000001509,1.262400733,47973
2026-09-20,2026-09-20 17:15,Brann x Bodo Glimt,Brann,Bodo Glimt,Norwegian Eliteserien,45,1-2,5.1,3.5,1.9,1.12,9.2,342.53,0.15,0.35,1,3,1,4,3,1,0,1,8,10,44,1,Pendente,,,,1.262454316,31317,5105011,59,1.262454319,47973
2026-09-20,2026-09-20 17:30,Dinamo Bucharest x Farul Constanta,Dinamo Bucharest,Farul Constanta,Romanian Liga I,50,2-0,1.08,15.0,55.0,1.22,5.3,7682.25,,,2,5,5,7,2,4,2,2,14,6,48,2,Pendente,,,,1.262069597,46937,5853505,938428,1.262069607,47973
2026-09-20,2026-09-20 17:30,Paderborn x Hoffenheim,Paderborn,Hoffenheim,German Bundesliga,50,2-1,1.37,5.5,10.5,1.11,9.4,26435.34,0.43,0.25,3,0,8,6,5,0,1,0,11,24,35,1,Pendente,,,,1.262105083,208035,5881175,54,1.262105067,47973
2026-09-20,2026-09-20 17:30,Modena x Empoli,Modena,Empoli,Italian Serie B,50,1-1,3.3,2.98,2.7,1.99,1.97,2764.51,0.81,0.21,4,2,14,4,2,1,3,0,21,4,69,1,Pendente,,,,1.262450618,60293,5967085,941726,1.262450621,47973
2026-09-20,2026-09-20 17:45,San Lorenzo x Boca Juniors,San Lorenzo,Boca Juniors,Argentinian Primera Division,45,0-1,17.5,3.15,1.57,7.0,1.16,636.62,0.10,1.23,1,2,2,9,0,6,1,2,1,11,28,1,Pendente,,,,1.262101536,194503,1000019534,1000001729,1.262101546,47973
2026-09-20,2026-09-20 18:00,Sport Huancayo x UTC Cajamarca,Sport Huancayo,UTC Cajamarca,Peruvian Primera Division,50,3-1,1.1,12.0,60.0,,,9941.57,,,4,1,12,4,3,0,2,1,20,3,68,2,Pendente,,,,1.262367495,4972227,1000017239,1000001681,,
2026-09-20,2026-09-20 18:00,Dinamo Zagreb x Lokomotiva,Dinamo Zagreb,Lokomotiva,Croatian HNL,50,3-1,1.13,10.0,38.0,,,26966.22,,,3,1,11,2,5,0,4,1,15,4,70,2,Pendente,,,,1.262403606,52628041,5765929,252,,
2026-09-20,2026-09-20 18:00,Zeleznicar Pancevo x Cukaricki,Zeleznicar Pancevo,Cukaricki,Serbian Super League,50,1-1,4.5,3.15,2.02,2.0,1.96,584.28,,,0,2,5,5,2,0,0,1,9,2,76,2,Pendente,,,,1.262444853,17203915,1000015139,1000001612,1.262444753,47973
2026-09-20,2026-09-20 18:15,Lech Poznan x Radomiak Radom,Lech Poznan,Radomiak Radom,Polish Ekstraklasa,45,3-1,1.03,32.0,120.0,,,28856.02,2.27,0.67,6,2,11,6,6,2,6,1,22,12,66,1,Pendente,,,,1.262402956,502303,5803989,937879,,
2026-09-20,2026-09-20 18:30,Tecnico Universitario x Delfin,Tecnico Universitario,Delfin,Ecuadorian Serie A,50,1-0,1.31,5.0,17.5,2.5,1.63,82.53,,,2,4,6,7,5,2,1,0,9,12,57,2,Pendente,,,,1.262536224,6290900,1000022064,1000001253,1.262536227,47973
2026-09-20,2026-09-20 18:45,AC Milan x Lecce,AC Milan,Lecce,Italian Serie A,45,2-0,1.1,11.5,75.0,1.92,2.06,192159.29,0.91,0.07,2,1,5,3,1,0,2,0,11,4,75,1,Pendente,,,,1.262102624,127991,5749680,55,1.262102608,47973
2026-09-20,2026-09-20 19:00,Corinthians x Fluminense,Corinthians,Fluminense,Brazilian Serie A,50,0-1,7.6,3.45,1.71,2.62,1.6,154.12,0.12,1.59,1,3,5,6,3,1,0,3,15,9,57,1,Pendente,,,,1.262174898,198136,5103637,1000001407,1.262174901,47973
2026-09-20,2026-09-20 19:00,EC Vitoria Salvador x Cruzeiro MG,EC Vitoria Salvador,Cruzeiro MG,Brazilian Serie A,50,1-0,1.6,3.95,7.8,1.94,2.04,2919.69,0.21,0.21,3,1,9,4,3,1,0,0,7,9,39,1,Pendente,,,,1.262180461,5336581,5103642,1000001407,1.262180471,47973
2026-09-20,2026-09-20 19:00,Leganes x Granada,Leganes,Granada,Spanish Segunda Division,50,2-1,1.38,4.4,15.5,,,604.98,1.23,1.31,9,4,13,8,5,1,2,2,9,13,37,1,Pendente,,,,1.262404807,309109,5868455,938653,,
2026-09-20,2026-09-20 19:00,Fortaleza FC x Junior FC Barranquilla,Fortaleza FC,Junior FC Barranquilla,Colombian Primera A,50,0-2,140.0,24.0,1.03,1.29,4.1,137.75,0.72,0.95,0,3,5,4,2,1,0,1,4,7,43,1,Pendente,,,,1.262406714,8220578,1000014150,1000001696,1.262406724,47973
2026-09-20,2026-09-20 19:00,HFX Wanderers x Inter Toronto FC,HFX Wanderers,Inter Toronto FC,Canadian Premier League,50,3-2,1.14,9.4,24.0,,,871.36,,,5,2,7,9,0,1,4,1,15,7,44,2,Pendente,,,,1.262428727,24201651,1000008706,1000001192,,
2026-09-20,2026-09-20 19:00,Valencia x Real Sociedad,Valencia,Real Sociedad,Spanish La Liga,50,0-1,11.5,4.7,1.41,2.04,1.94,934.08,0.24,1.13,0,3,5,13,2,3,0,0,9,19,53,1,Pendente,,,,1.262439186,66183,5868079,87,1.262439122,47973
2026-09-20,2026-09-20 19:00,Sportivo San Lorenzo x Olimpia,Sportivo San Lorenzo,Olimpia,Paraguayan Primera Division,50,0-3,85.0,23.0,1.05,1.17,6.4,73.01,,,4,3,9,8,3,3,0,2,8,18,34,2,Pendente,,,,1.262448516,7598628,1000017414,1000001212,1.262448526,47973
2026-09-20,2026-09-20 19:00,Goias x Avai,Goias,Avai,Brazilian Serie B,50,1-1,5.1,3.0,2.08,2.6,1.6,188.55,0.31,0.50,2,2,7,4,5,2,0,1,15,1,60,1,Pendente,,,,1.262463473,198131,5190724,1000001415,1.262463476,47973
2026-09-20,2026-09-20 19:30,Porto x Benfica,Porto,Benfica,Portuguese Primeira Liga,50,2-0,1.24,6.2,23.0,2.0,1.97,81832.08,0.90,0.39,2,1,10,8,2,3,2,1,9,11,44,1,Pendente,,,,1.262404915,48785,5887641,61,1.262404918,47973
2026-09-20,2026-09-20 20:00,Rosario Central x Argentinos Juniors,Rosario Central,Argentinos Juniors,Argentinian Primera Division,50,1-0,1.46,4.1,11.5,2.66,1.58,677.75,0.24,0.19,1,1,4,5,2,4,0,0,6,11,43,1,Pendente,,,,1.262101756,220949,1000019537,1000001729,1.262101766,47973
2026-09-20,2026-09-20 20:00,Zamora FC x Metropolitanos,Zamora FC,Metropolitanos,Venezuelan Primera Division,50,0-3,55.0,15.5,1.07,1.18,6.0,144.85,,,1,7,5,14,3,4,0,0,,,40,2,Pendente,,,,1.262614874,4129326,1000018928,1000001689,1.262614884,47973
2026-09-20,2026-09-20 20:00,Academia Anzoategui FC x Caracas,Academia Anzoategui FC,Caracas,Venezuelan Primera Division,50,1-1,3.7,2.44,2.76,1.28,4.2,661.06,,,3,2,5,7,3,5,0,0,,,45,2,Pendente,,,,1.262617002,48712776,1000018923,1000001689,1.262617012,47973
2026-09-20,2026-09-20 21:05,Atletico Bucaramanga x Internacional de Bogotá,Atletico Bucaramanga,Internacional de Bogotá,Colombian Primera A,45,1-0,1.34,5.0,16.5,2.48,1.66,552.67,0.46,0.65,2,3,9,9,2,4,1,0,8,9,43,1,Pendente,,,,1.262452087,7227021,1000014153,1000001696,1.262452097,47973
2026-09-20,2026-09-20 21:00,Deportivo Cuenca x Mushuc Runa,Deportivo Cuenca,Mushuc Runa,Ecuadorian Serie A,50,0-0,3.1,2.24,3.85,7.8,1.13,69.04,,,1,0,8,5,2,3,1,0,7,8,62,2,Pendente,,,,1.262536116,1067928,1000022062,1000001253,1.262536119,47973
2026-09-20,2026-09-20 21:00,Estudiantes de Merida x Trujillanos,Estudiantes de Merida,Trujillanos,Venezuelan Primera Division,50,1-0,1.93,2.82,6.6,4.8,1.24,1237.2,,,1,0,10,3,1,2,0,0,,,58,2,Pendente,,,,1.262617112,7838019,1000018925,1000001689,1.262617122,47973
2026-09-20,2026-09-20 21:30,Flamengo x Red Bull Bragantino,Flamengo,Red Bull Bragantino,Brazilian Serie A,50,2-0,1.17,8.2,34.0,1.86,2.14,21622.29,1.20,0.39,4,2,8,5,1,1,3,0,16,7,70,1,Pendente,,,,1.262180681,198138,5103634,1000001407,1.262180691,47973
2026-09-20,2026-09-20 21:30,Sportivo Luqueno x Deportivo Recoleta,Sportivo Luqueno,Deportivo Recoleta,Paraguayan Primera Division,50,0-0,2.9,2.46,3.75,6.0,1.19,144.06,,,1,0,6,3,4,6,0,0,12,5,43,2,Pendente,,,,1.262448734,2844791,1000017415,1000001212,1.262448744,47973
2026-09-20,2026-09-20 21:30,Londrina x Fortaleza EC,Londrina,Fortaleza EC,Brazilian Serie B,50,0-1,10.0,3.95,1.52,2.52,1.62,957.45,0.16,0.21,0,0,4,6,0,2,0,0,8,6,44,1,Pendente,,,,1.262529166,4525642,5190722,1000001415,1.262529169,47973
2026-09-20,2026-09-20 22:15,Belgrano x Estudiantes Rio Cuarto,Belgrano,Estudiantes Rio Cuarto,Argentinian Primera Division,45,0-0,2.14,2.42,7.8,8.8,1.12,15537.63,0.16,0.44,2,1,3,7,1,3,0,1,4,11,63,1,Pendente,,,,1.262453992,1496989,1000019543,1000001729,1.262453995,47973
2026-09-21,2026-09-20 23:00,Inter Miami CF x San Diego FC,Inter Miami CF,San Diego FC,US MLS,50,2-1,1.6,4.0,7.4,1.1,10.0,9388.27,0.60,0.79,3,1,8,4,1,1,1,1,10,7,40,1,Pendente,,,,1.262537631,27785243,5071380,913550,1.262537641,47973
2026-09-21,2026-09-20 23:10,Tolima x America de Cali S.A,Tolima,America de Cali S.A,Colombian Primera A,45,2-1,1.89,2.84,7.6,1.3,4.2,723.98,1.04,0.29,4,1,9,4,4,1,1,0,8,5,61,1,Pendente,,,,1.262452307,2277370,1000014147,1000001696,1.262452317,47973
2026-09-21,2026-09-21 00:00,Pachuca x Tijuana,Pachuca,Tijuana,Mexican Liga MX,50,1-2,14.5,6.0,1.3,1.22,5.3,123.29,0.70,1.07,0,3,8,4,3,0,0,2,12,5,57,1,Pendente,,,,1.262409807,328954,1000014577,1000001644,1.262409817,47973
2026-09-21,2026-09-21 00:00,Toluca x Santos Laguna,Toluca,Santos Laguna,Mexican Liga MX,50,3-1,1.33,5.7,12.5,,,7045.01,2.37,0.95,6,3,17,7,5,2,4,1,29,4,60,1,Pendente,,,,1.262435400,230914,1000014578,1000001644,,
2026-09-21,2026-09-21 00:30,Velez Sarsfield x Tigre,Velez Sarsfield,Tigre,Argentinian Primera Division,50,1-0,1.3,5.1,21.0,3.15,1.45,69766.88,0.46,0.05,3,0,11,2,2,2,1,0,9,6,65,1,Pendente,,,,1.262101866,192085,1000019529,1000001729,1.262101876,47973
2026-09-21,2026-09-21 02:05,Queretaro x Leon,Queretaro,Leon,Mexican Liga MX,45,0-0,2.82,2.66,3.45,4.7,1.25,300.61,0.31,0.23,1,2,9,4,2,0,0,1,6,5,32,1,Pendente,,,,1.262444035,328926,1000014579,1000001644,1.262444056,47973
2026-09-21,2026-09-21 16:00,Werder Bremen (W) x VfB Stuttgart (W),Werder Bremen (W),VfB Stuttgart (W),German Frauen-Bundesliga,50,1-0,1.38,4.9,11.0,1.9,2.04,1214.91,,,2,3,6,8,1,1,2,1,10,9,43,2,Pendente,,,,1.262681836,10215613,5934534,9676,1.262681846,47973
2026-09-21,2026-09-21 17:00,HB Koge x Hobro,HB Koge,Hobro,Danish 1st Division,50,1-1,2.54,2.7,4.1,1.26,4.7,693.32,,,3,1,7,3,3,1,1,1,12,6,50,2,Pendente,,,,1.262333855,3981030,5764499,936592,1.262333865,47973
2026-09-21,2026-09-21 19:00,Manta FC x Orense Sporting Club,Manta FC,Orense Sporting Club,Ecuadorian Serie A,50,2-0,1.13,10.5,36.0,1.31,4.1,1298.7,,,5,2,7,6,2,3,5,0,11,6,44,2,Pendente,,,,1.262493560,5366102,1000022063,1000001253,1.262493564,47973
2026-09-21,2026-09-21 22:00,Barracas Central x Independiente Rivadavia,Barracas Central,Independiente Rivadavia,Argentinian Primera Division,50,0-1,19.5,4.9,1.32,3.3,1.42,585.58,0.05,0.64,0,4,2,7,1,3,0,2,9,10,68,1,Pendente,,,,1.262102086,5408226,1000019539,1000001729,1.262102096,47973
2026-09-22,2026-09-22 00:15,Lanus x Estudiantes,Lanus,Estudiantes,Argentinian Primera Division,45,1-0,1.57,3.7,9.8,3.0,1.48,11926.68,0.36,0.89,1,3,4,11,0,3,1,3,7,16,45,1,Pendente,,,,1.262102196,194513,1000019531,1000001729,1.262102206,47973
2026-09-22,2026-09-22 00:30,Cuiaba x Nautico PE,Cuiaba,Nautico PE,Brazilian Serie B,50,1-0,1.27,5.8,21.0,2.44,1.67,11392.34,1.19,0.19,2,1,17,3,4,1,3,0,20,3,52,1,Pendente,,,,1.262529058,5327095,5190727,1000001415,1.262529061,47973
2026-09-22,2026-09-22 19:00,Juventus FC (W) x S.L. Benfica (W),Juventus FC (W),S.L. Benfica (W),UEFA Women's Champions League,50,1-1,4.1,3.25,2.18,2.02,1.95,1085.64,,,0,1,5,5,2,0,2,1,15,9,65,2,Pendente,,,,1.262679280,22099611,6148599,945923,1.262679290,47973
2026-09-22,2026-09-22 22:30,Criciuma x Operario PR,Criciuma,Operario PR,Brazilian Serie B,50,1-1,4.6,3.0,2.18,2.3,1.75,616.84,0.64,0.09,3,1,11,3,9,1,0,0,16,3,63,1,Pendente,,,,1.262529274,356589,5190725,1000001415,1.262529277,47973
2026-09-23,2026-09-23 16:00,Birmingham Legion FC x Brooklyn FC,Birmingham Legion FC,Brooklyn FC,US United Soccer League,50,2-0,1.24,6.4,19.5,1.78,2.2,5370.77,,,2,0,6,3,3,2,1,0,16,7,66,2,Pendente,,,,1.262776513,23254091,5109960,8972,1.262776516,47973
2026-09-23,2026-09-23 16:45,Oud-Heverlee Leuven (W) x AS Roma (W),Oud-Heverlee Leuven (W),AS Roma (W),UEFA Women's Champions League,45,0-1,8.0,3.15,1.77,5.0,1.23,176.13,,,0,3,2,8,1,0,0,1,1,6,54,2,Pendente,,,,1.262722973,10840806,6148620,945923,1.262722983,47973
2026-09-23,2026-09-23 18:00,Saudi Arabia x Kuwait,Saudi Arabia,Kuwait,Gulf Cup Matches,50,1-0,1.56,3.6,11.5,4.0,1.3,701.07,,,1,1,8,4,9,1,0,0,22,6,64,2,Pendente,,,,1.262776623,51092,6052035,943992,1.262776626,47973
2026-09-23,2026-09-23 19:00,Chelsea (W) x FK Austria Wien (W),Chelsea (W),FK Austria Wien (W),UEFA Women's Champions League,50,2-0,1.07,16.5,90.0,1.63,2.54,13874.26,,,3,1,8,6,2,4,0,0,16,13,69,2,Pendente,,,,1.262679507,5467180,6148579,945923,1.262679517,47973
2026-09-23,2026-09-23 19:00,Turks and Caicos Islands x Montserrat,Turks and Caicos Islands,Montserrat,CONCACAF Nations League C,50,0-2,60.0,11.5,1.1,2.0,1.92,127.48,,,0,1,0,9,1,1,0,2,2,14,33,2,Pendente,,,,1.262767159,17785976,5991938,941126,1.262767169,47973
2026-09-23,2026-09-23 20:00,Asociacion Deportiva Tarma x Cienciano,Asociacion Deportiva Tarma,Cienciano,Peruvian Primera Division,50,0-1,10.5,4.6,1.43,2.12,1.87,74.39,,,2,1,8,6,2,4,0,1,7,9,48,2,Pendente,,,,1.262118000,26776138,1000017231,1000001681,1.262118010,47973
2026-09-24,2026-09-23 23:00,Aruba x Antigua and Barbuda,Aruba,Antigua and Barbuda,CONCACAF Nations League C,50,0-0,3.0,2.48,3.55,6.4,1.17,600.08,,,2,1,5,4,3,2,0,1,10,3,56,2,Pendente,,,,1.262767377,5651940,5991944,941127,1.262767387,47973
2026-09-24,2026-09-23 23:30,Deportes Iquique x Antofagasta,Deportes Iquique,Antofagasta,Chilean Cup,50,1-0,1.62,3.7,8.0,2.36,1.71,5272.93,,,4,4,7,11,3,3,0,1,8,11,44,2,Pendente,,,,1.262767191,5271441,6162927,946196,1.262767194,47973
2026-09-24,2026-09-24 00:30,America de Cali S.A x Aguilas Doradas,America de Cali S.A,Aguilas Doradas,Colombian Primera A,50,1-0,1.3,5.3,21.0,2.42,1.67,1333.0,1.16,0.13,2,0,10,2,6,1,1,0,9,2,49,1,Pendente,,,,1.262686371,26076470,1000014164,1000001696,1.262686374,47973
2026-09-24,2026-09-24 02:00,Vancouver FC x Inter Toronto FC,Vancouver FC,Inter Toronto FC,Canadian Premier League,50,2-2,5.8,3.6,1.78,,,295.85,,,4,3,6,5,1,1,2,0,5,12,46,2,Pendente,,,,1.262771373,55667494,1000008707,1000001192,,
2026-09-24,2026-09-24 13:00,Namibia x Congo,Namibia,Congo,CAF African Cup of Nations Qualifiers,50,0-0,4.9,1.91,3.2,6.6,1.06,128.69,,,4,0,7,5,7,4,1,1,16,6,60,2,Pendente,,,,1.262826711,2002516,6040333,943882,1.262826722,47973
2026-09-24,2026-09-24 16:00,Andorra x Malta,Andorra,Malta,UEFA Nations League,50,1-1,4.2,2.36,2.9,1.4,3.45,5621.42,0.47,0.82,2,2,7,5,3,0,3,2,8,9,38,1,Pendente,,,,1.260981392,15283,5181874,920754,1.260981402,47973
2026-09-24,2026-09-24 16:00,Mauritania x Central African Republic,Mauritania,Central African Republic,CAF African Cup of Nations Qualifiers,50,1-0,1.19,7.0,30.0,2.48,1.65,9179.31,,,4,1,9,4,2,2,2,0,9,9,58,2,Pendente,,,,1.262786492,3388438,6040274,943881,1.262786502,47973
2026-09-24,2026-09-24 16:00,Libya x Botswana,Libya,Botswana,CAF African Cup of Nations Qualifiers,50,1-2,13.0,5.5,1.33,1.31,3.95,104.59,,,1,2,8,3,2,1,1,1,9,2,62,2,Pendente,,,,1.262786602,380406,6040344,943883,1.262786612,47973
2026-09-24,2026-09-24 16:00,DR Congo x Equatorial Guinea,DR Congo,Equatorial Guinea,CAF African Cup of Nations Qualifiers,50,2-0,1.07,15.0,100.0,2.24,1.8,34542.21,,,3,0,11,1,2,1,1,0,16,,60,2,Pendente,,,,1.262853093,85303,6040259,943880,1.262853096,47973
2026-09-24,2026-09-24 18:00,Qatar x Bahrain,Qatar,Bahrain,Gulf Cup Matches,50,0-0,2.58,2.38,4.6,6.8,1.16,2252.73,,,0,1,5,3,1,1,1,2,14,6,47,2,Pendente,,,,1.262830534,53447,6052083,943993,1.262830544,47973
2026-09-24,2026-09-24 18:45,Serbia x Greece,Serbia,Greece,UEFA Nations League,45,1-1,1.93,3.45,5.0,1.88,2.1,1430.55,0.74,1.20,2,2,5,14,2,5,2,2,10,26,38,1,Pendente,,,,1.260442331,412319,5181826,920744,1.260442341,47973
2026-09-24,2026-09-24 18:45,Austria x Israel,Austria,Israel,UEFA Nations League,45,2-0,1.24,6.2,23.0,2.06,1.9,20322.77,1.45,0.13,2,0,7,2,1,0,3,0,16,2,44,1,Pendente,,,,1.260981151,61463,5181812,920747,1.260981161,47973
2026-09-24,2026-09-24 18:45,Norway x Denmark,Norway,Denmark,UEFA Nations League,45,3-1,1.31,5.7,14.5,,,37595.89,0.86,0.23,3,3,4,5,1,2,1,0,14,9,54,1,Pendente,,,,1.260981612,30,5181861,920742,,
2026-09-24,2026-09-24 18:45,Kosovo x Republic of Ireland,Kosovo,Republic of Ireland,UEFA Nations League,45,0-0,2.62,2.32,5.2,8.4,1.13,1542.7,0.59,0.06,4,0,7,1,0,0,0,0,14,2,60,1,Pendente,,,,1.260985527,8541909,5181813,920747,1.260985537,47973
2026-09-24,2026-09-24 18:45,Portugal x Wales,Portugal,Wales,UEFA Nations League,45,2-0,1.07,16.0,80.0,1.59,2.68,523385.01,0.99,0.03,2,0,13,1,5,0,0,0,16,2,61,1,Pendente,,,,1.260987536,19,5181862,920742,1.260987520,47973
2026-09-24,2026-09-24 18:45,Netherlands x Germany,Netherlands,Germany,UEFA Nations League,45,1-1,5.2,3.9,1.79,1.57,2.74,7922.27,0.50,1.26,3,2,8,5,5,0,1,2,16,15,47,1,Pendente,,,,1.260987830,231787,5181825,920744,1.260987840,47973
2026-09-24,2026-09-24 18:45,Liechtenstein x Lithuania,Liechtenstein,Lithuania,UEFA Nations League,45,0-1,30.0,3.45,1.47,6.8,1.17,73.02,0.05,0.32,0,2,2,6,0,6,0,0,1,17,28,1,Pendente,,,,1.261034807,25909,5181880,920753,1.261034810,47973
2026-09-24,2026-09-24 19:00,Cameroon x Comoros,Cameroon,Comoros,CAF African Cup of Nations Qualifiers,50,2-0,1.12,9.8,55.0,2.48,1.64,2569.76,,,2,0,10,1,5,1,3,0,14,4,65,2,Pendente,,,,1.262733952,7282,6040332,943882,1.262733962,47973
2026-09-24,2026-09-24 19:00,Ivory Coast x Ghana,Ivory Coast,Ghana,CAF African Cup of Nations Qualifiers,50,2-0,1.18,6.8,29.0,2.7,1.54,8453.98,,,2,0,9,5,4,1,1,0,15,7,66,2,Pendente,,,,1.262734282,75104,6040236,943878,1.262734292,47973
2026-09-24,2026-09-24 19:00,Tunisia x Uganda,Tunisia,Uganda,CAF African Cup of Nations Qualifiers,50,1-0,1.2,6.8,29.0,2.78,1.53,32686.11,,,2,1,5,4,1,3,1,0,13,8,38,2,Pendente,,,,1.262772682,15292,6040345,943883,1.262772692,47973
2026-09-24,2026-09-24 19:00,Sierra Leone x Zimbabwe,Sierra Leone,Zimbabwe,CAF African Cup of Nations Qualifiers,50,2-0,1.13,10.0,38.0,1.33,3.95,7038.69,,,3,1,9,6,2,1,1,0,13,13,47,2,Pendente,,,,1.262773888,3087886,6040260,943880,1.262773898,47973
2026-09-24,2026-09-24 19:00,Puerto Rico x Guyana,Puerto Rico,Guyana,CONCACAF Nations League B,50,0-0,4.8,2.5,2.44,6.2,1.17,795.5,,,0,1,2,3,0,0,0,0,4,6,48,2,Pendente,,,,1.262848141,3112846,5991903,941122,1.262848151,47973
2026-09-24,2026-09-24 21:00,OHiggins x Club Deportes Santa Cruz,OHiggins,Club Deportes Santa Cruz,Chilean Cup,50,1-0,1.57,3.85,9.0,2.48,1.65,553.12,,,2,0,5,4,4,3,2,0,9,6,58,2,Pendente,,,,1.262840396,5129871,6162928,946196,1.262840399,47973
2026-09-25,2026-09-25 00:00,Dominican Republic x Nicaragua,Dominican Republic,Nicaragua,CONCACAF Nations League A,50,3-1,1.15,9.2,30.0,,,1643.29,,,6,3,17,4,0,1,3,0,15,4,53,2,Pendente,,,,1.262847545,840708,5991879,941120,,
2026-09-25,2026-09-25 00:10,Cayman Islands x Dominica,Cayman Islands,Dominica,CONCACAF Nations League B,45,0-1,6.0,2.92,1.92,4.8,1.25,153.36,,,1,3,4,13,1,6,1,0,5,10,52,2,Pendente,,,,1.262874890,5774595,5991904,941122,1.262874893,47973
2026-09-25,2026-09-25 00:20,Haiti x Trinidad & Tobago,Haiti,Trinidad & Tobago,CONCACAF Nations League A,45,2-1,1.82,3.1,7.0,1.24,5.0,1032.06,,,2,2,5,4,1,2,1,2,15,6,62,2,Pendente,,,,1.262847758,834087,5991878,941120,1.262847773,47973
2026-09-25,2026-09-25 00:30,Atletico Nacional Medellin x Millonarios,Atletico Nacional Medellin,Millonarios,Colombian Primera A,50,2-1,2.14,2.72,5.9,1.29,4.2,102.88,0.48,0.38,3,3,6,4,2,2,0,0,8,6,69,1,Pendente,,,,1.262688953,10632891,1000014157,1000001696,1.262688956,47973
2026-09-25,2026-09-25 02:00,Costa Rica x Curacao,Costa Rica,Curacao,CONCACAF Nations League A,50,3-0,1.01,55.0,380.0,,,25422.01,,,3,0,6,2,0,1,1,0,7,5,39,2,Pendente,,,,1.262847873,43376,5991877,941120,,
2026-09-25,2026-09-25 13:00,Tanzania x Guinea-Bissau,Tanzania,Guinea-Bissau,CAF African Cup of Nations Qualifiers,50,0-1,7.0,3.4,1.73,2.68,1.56,114.43,,,2,1,11,6,1,0,2,0,12,7,60,2,Pendente,,,,1.262834887,3099612,6040385,943887,1.262834897,47973
2026-09-25,2026-09-25 16:00,Georgia x Northern Ireland,Georgia,Northern Ireland,UEFA Nations League,50,0-0,2.86,2.24,4.7,10.0,1.1,973.4,0.05,0.22,1,0,2,5,1,1,0,0,1,3,57,1,Pendente,,,,1.260985968,61283,5181800,920746,1.260985978,47973
2026-09-25,2026-09-25 16:00,Armenia x Latvia,Armenia,Latvia,UEFA Nations League,50,1-0,1.27,5.6,25.0,2.58,1.61,635.75,0.59,0.11,2,0,9,2,6,1,1,0,6,5,64,1,Pendente,,,,1.260987720,29579,5181921,920750,1.260987730,47973
2026-09-25,2026-09-25 16:00,Gambia x Somalia,Gambia,Somalia,CAF African Cup of Nations Qualifiers,50,2-0,1.08,13.5,100.0,2.18,1.8,3114.22,,,1,0,6,0,1,0,1,0,5,1,57,2,Pendente,,,,1.262732164,3088127,6040235,943878,1.262732174,47973
2026-09-25,2026-09-25 16:00,Nigeria x Madagascar,Nigeria,Madagascar,CAF African Cup of Nations Qualifiers,50,2-1,1.33,4.6,20.0,1.17,6.4,5437.58,,,2,1,14,3,3,1,4,1,21,3,63,2,Pendente,,,,1.262733622,49844,6040384,943887,1.262733632,47973
2026-09-25,2026-09-25 16:00,Rwanda x Liberia,Rwanda,Liberia,CAF African Cup of Nations Qualifiers,50,3-1,1.05,21.0,95.0,,,16931.82,,,4,3,6,8,0,2,3,2,9,7,44,2,Pendente,,,,1.262824081,659801,6040373,943886,,
2026-09-25,2026-09-25 16:00,Togo x Burundi,Togo,Burundi,CAF African Cup of Nations Qualifiers,50,1-0,1.06,6.2,27.0,2.36,1.22,138.41,,,2,4,6,9,6,2,1,2,15,7,63,2,Pendente,,,,1.262827504,75106,6040357,943884,1.262827514,47973
2026-09-25,2026-09-25 18:30,Girona x Albacete,Girona,Albacete,Spanish Segunda Division,50,2-0,1.11,11.5,44.0,1.19,6.0,9912.05,0.66,0.78,2,3,7,8,1,4,1,1,13,24,60,1,Pendente,,,,1.262658594,968185,5868463,938653,1.262658597,47973
2026-09-25,2026-09-25 18:45,Hungary x Ukraine,Hungary,Ukraine,UEFA Nations League,45,0-1,7.0,3.75,1.67,2.2,1.82,3238.68,1.26,0.97,1,2,7,8,2,1,1,2,14,7,54,1,Pendente,,,,1.260489650,15290,5181801,920746,1.260489661,47973
2026-09-25,2026-09-25 18:45,Poland x Bosnia,Poland,Bosnia,UEFA Nations League,45,1-0,1.93,2.94,6.8,5.4,1.21,1536.37,0.24,0.12,1,0,4,4,2,0,0,0,10,4,49,1,Pendente,,,,1.260984179,8207,5181837,920748,1.260984189,47973
2026-09-25,2026-09-25 18:45,Türkiye x France,Türkiye,France,UEFA Nations League,45,0-1,8.0,3.85,1.61,3.2,1.44,1857.03,0.50,0.51,1,1,2,5,0,2,1,2,4,15,30,1,Pendente,,,,1.260991737,84448959,5181789,920741,1.260991721,47973
2026-09-25,2026-09-25 18:45,Sweden x Romania,Sweden,Romania,UEFA Nations League,45,3-1,1.27,6.0,19.5,,,9302.06,0.50,0.28,4,1,7,6,2,0,2,0,12,4,63,1,Pendente,,,,1.261034178,25912,5181838,920748,,
2026-09-25,2026-09-25 18:45,Italy x Belgium,Italy,Belgium,UEFA Nations League,45,1-1,7.8,4.4,1.54,1.72,2.38,156.4,0.30,2.13,2,5,5,14,1,8,1,5,11,20,50,1,Pendente,,,,1.261034587,29,5181788,920741,1.261034590,47973
2026-09-25,2026-09-25 18:45,Montenegro x Cyprus,Montenegro,Cyprus,UEFA Nations League,45,1-0,1.8,3.1,7.8,4.6,1.26,6339.54,1.26,0.10,2,2,13,5,8,0,0,0,16,2,74,1,Pendente,,,,1.261034697,2345367,5181922,920750,1.261034700,47973
2026-09-25,2026-09-25 19:00,FC Dordrecht x Almere City,FC Dordrecht,Almere City,Dutch Eerste Divisie,50,1-1,3.05,2.92,2.98,1.2,5.8,2355.22,,,3,1,5,3,1,0,1,1,8,4,48,2,Pendente,,,,1.262614499,11434104,5832879,111,1.262614502,47973
2026-09-25,2026-09-25 19:00,Algeria x Zambia,Algeria,Zambia,CAF African Cup of Nations Qualifiers,50,2-0,1.07,15.0,95.0,1.77,2.24,68233.61,,,1,0,9,6,3,1,0,0,19,10,64,2,Pendente,,,,1.262732384,54600,6040356,943884,1.262732394,47973
2026-09-25,2026-09-25 19:00,Morocco x Gabon,Morocco,Gabon,CAF African Cup of Nations Qualifiers,50,2-0,1.06,17.5,100.0,1.79,2.2,148830.76,,,2,1,9,3,3,2,2,0,16,5,73,2,Pendente,,,,1.262733170,75103,6040199,943876,1.262733189,47973
2026-09-25,2026-09-25 19:00,Egypt x Angola,Egypt,Angola,CAF African Cup of Nations Qualifiers,50,1-0,1.96,2.66,8.2,6.8,1.16,75.77,,,1,2,7,6,7,2,0,0,14,8,66,2,Pendente,,,,1.262733292,75105,6040212,943877,1.262733332,47973
2026-09-25,2026-09-25 19:00,Mali x Cape Verde,Mali,Cape Verde,CAF African Cup of Nations Qualifiers,50,2-1,1.24,5.8,19.0,,,185.06,,,4,1,10,1,3,0,0,0,15,,62,2,Pendente,,,,1.262742228,75109,6040372,943886,,
2026-09-25,2026-09-25 19:00,Bermuda x Guadeloupe,Bermuda,Guadeloupe,CONCACAF Nations League B,50,1-0,1.37,4.9,13.0,2.04,1.92,526.03,,,4,1,8,4,3,1,2,0,6,6,56,2,Pendente,,,,1.262850802,835852,5991913,941123,1.262850812,47973
2026-09-25,2026-09-25 19:00,Burkina Faso x Benin,Burkina Faso,Benin,CAF African Cup of Nations Qualifiers,50,1-1,1.01,1.01,1.01,1.01,1.25,1168.21,,,2,2,7,2,5,0,1,0,12,6,72,2,Pendente,,,,1.262876456,75111,6040273,943881,1.262876460,47973
2026-09-25,2026-09-25 19:30,Sportivo Luqueno x Guarani (Par),Sportivo Luqueno,Guarani (Par),Paraguayan Primera Division,50,0-0,4.0,2.4,2.94,8.0,1.13,146.57,,,3,0,6,5,5,4,2,0,9,4,41,2,Pendente,,,,1.262747161,2844791,1000017418,1000001212,1.262747164,47973
2026-09-25,2026-09-25 22:00,Nacional (Par) x Club Sportivo Ameliano,Nacional (Par),Club Sportivo Ameliano,Paraguayan Primera Division,50,1-0,1.4,4.5,13.0,2.44,1.68,233.81,,,3,2,5,7,3,5,1,0,8,2,37,2,Pendente,,,,1.262747269,1370433,1000017421,1000001212,1.262747272,47973
2026-09-25,2026-09-25 22:30,Novorizontino x Sao Bernardo,Novorizontino,Sao Bernardo,Brazilian Serie B,50,1-0,1.99,2.8,6.8,5.9,1.19,305.97,0.22,0.21,2,1,8,3,3,0,1,0,9,7,46,1,Pendente,,,,1.262617863,9173038,5190730,1000001415,1.262617866,47973
2026-09-25,2026-09-25 22:30,Racing Louisville FC (W) x San Diego Wave FC (W),Racing Louisville FC (W),San Diego Wave FC (W),US National Women Soccer League,50,0-2,18.5,6.8,1.22,1.78,2.18,82.23,0.31,1.27,0,4,5,11,1,5,1,2,5,20,35,1,Pendente,,,,1.262686801,39089136,5161651,920228,1.262686846,47973
2026-09-26,2026-09-25 23:00,Colo Colo x Audax Italiano,Colo Colo,Audax Italiano,Chilean Cup,50,2-0,1.23,6.6,21.0,1.8,2.24,16243.11,,,3,2,11,4,3,0,0,0,7,4,65,2,Pendente,,,,1.262851919,330239,6162930,946196,1.262851922,47973
2026-09-26,2026-09-25 23:00,Hartford Athletic FC x Louisville FC,Hartford Athletic FC,Louisville FC,US United Soccer League,50,1-2,2.5,3.25,2.38,1.08,1.07,229.17,,,2,2,7,5,2,5,2,0,8,12,43,2,Pendente,,,,1.262891519,23254090,5109963,8972,1.262891522,47973
2026-09-26,2026-09-25 23:30,Vila Nova x Londrina,Vila Nova,Londrina,Brazilian Serie B,50,1-0,1.25,6.2,23.0,2.28,1.75,4619.82,0.73,0.24,7,1,14,3,7,3,3,2,15,4,64,1,Pendente,,,,1.262685958,376829,5190738,1000001415,1.262685961,47973
2026-09-26,2026-09-26 00:00,Jamaica x Guatemala,Jamaica,Guatemala,CONCACAF Nations League A,50,2-1,2.12,2.86,5.4,1.28,4.4,2296.38,,,2,1,5,8,0,1,2,2,9,13,64,2,Pendente,,,,1.262850582,54786,5991890,941121,1.262850592,47973
2026-09-26,2026-09-26 00:00,Barbados x St Lucia,Barbados,St Lucia,CONCACAF Nations League B,50,1-0,1.53,4.1,8.4,1.95,1.9,4825.66,,,2,1,9,7,1,1,1,0,10,7,54,2,Pendente,,,,1.262850692,824543,5991914,941123,1.262850702,47973
2026-09-26,2026-09-26 00:30,Seattle Reign FC (W) x Boston Legacy FC (W),Seattle Reign FC (W),Boston Legacy FC (W),US National Women Soccer League,50,1-0,1.21,7.0,18.5,2.2,1.76,1219.72,0.50,0.06,3,0,5,1,2,2,1,0,15,5,41,1,Pendente,,,,1.262882083,7212833,5161653,920228,1.262882086,47973
2026-09-26,2026-09-26 10:00,Real Sociedad (W) x Real Madrid FC (W),Real Sociedad (W),Real Madrid FC (W),Spanish Liga F,50,1-2,6.2,2.78,1.97,1.25,4.7,1102.93,,,1,1,4,2,2,3,0,1,5,4,51,2,Pendente,,,,1.262886367,6794562,5882304,938777,1.262886377,47973
2026-09-26,2026-09-26 12:00,AD Ceuta FC x Sociedad B,AD Ceuta FC,Sociedad B,Spanish Segunda Division,50,1-0,1.68,3.2,9.8,4.5,1.27,2258.41,0.40,0.07,3,1,10,2,5,0,0,0,20,3,64,1,Pendente,,,,1.262678416,8179917,5868461,938653,1.262678419,47973
2026-09-26,2026-09-26 13:00,Slovenia x Scotland,Slovenia,Scotland,UEFA Nations League,50,0-0,3.05,2.28,4.2,9.0,1.11,1077.42,0.44,0.26,0,0,3,3,4,0,1,0,5,6,39,1,Pendente,,,,1.261034288,25913,5181776,920745,1.261034298,47973
2026-09-26,2026-09-26 13:00,Kenya x Eritrea,Kenya,Eritrea,CAF African Cup of Nations Qualifiers,50,1-1,2.82,2.94,3.15,1.97,2.0,566.66,,,2,2,14,3,5,0,2,0,25,3,63,2,Pendente,,,,1.262732727,659799,6040247,943879,1.262732758,47973
2026-09-26,2026-09-26 13:00,South Africa x Guinea,South Africa,Guinea,CAF African Cup of Nations Qualifiers,50,1-0,1.19,7.0,32.0,2.4,1.68,17973.75,,,4,1,14,2,3,2,2,0,21,3,62,2,Pendente,,,,1.262811727,33291,6040248,943879,1.262811737,47973
2026-09-26,2026-09-26 14:00,Wycombe x Reading,Wycombe,Reading,English Sky Bet League 1,50,0-0,3.75,2.74,2.7,4.9,1.24,203.49,0.38,0.63,0,2,7,10,1,4,0,0,8,16,50,1,Pendente,,,,1.262642467,49584,5837182,938219,1.262642477,47973
2026-09-26,2026-09-26 14:00,York City x Gillingham,York City,Gillingham,English Sky Bet League 2,50,2-0,1.24,6.4,19.5,1.76,2.26,16829.82,1.86,0.08,2,0,10,2,2,1,4,0,11,4,53,1,Pendente,,,,1.262643072,256226,5837954,938220,1.262643082,47973
2026-09-26,2026-09-26 14:00,Swindon x Accrington,Swindon,Accrington,English Sky Bet League 2,50,1-1,2.94,2.72,3.3,1.24,4.8,182.93,1.53,0.60,4,1,8,4,3,4,2,1,14,10,58,1,Pendente,,,,1.262643292,18570,5837952,938220,1.262643302,47973
2026-09-26,2026-09-26 14:00,Cambridge Utd x AFC Wimbledon,Cambridge Utd,AFC Wimbledon,English Sky Bet League 1,50,1-1,4.7,3.25,2.04,2.1,1.89,1138.22,0.19,0.54,2,2,4,3,2,0,0,2,6,4,62,1,Pendente,,,,1.262642247,256400,5837172,938219,1.262642257,47973
2026-09-26,2026-09-26 14:00,Shrewsbury x Colchester,Shrewsbury,Colchester,English Sky Bet League 2,50,1-1,2.6,2.66,4.0,1.29,4.3,214.14,0.61,0.34,3,3,9,4,5,3,2,1,12,7,48,1,Pendente,,,,1.262643182,148735,5837951,938220,1.262643192,47973
2026-09-26,2026-09-26 14:00,Bristol Rovers x Exeter,Bristol Rovers,Exeter,English Sky Bet League 2,50,0-0,2.4,2.62,4.8,6.2,1.18,578.15,0.75,0.34,2,4,7,5,3,2,1,2,11,8,48,1,Pendente,,,,1.262643402,69821,5837943,938220,1.262643412,47973
2026-09-26,2026-09-26 14:00,Tranmere x Walsall,Tranmere,Walsall,English Sky Bet League 2,50,0-0,3.0,2.62,3.4,4.9,1.25,527.82,1.49,0.52,8,0,12,2,2,3,2,1,16,12,48,1,Pendente,,,,1.262643732,54004,5837953,938220,1.262643742,47973
2026-09-26,2026-09-26 14:00,Fleetwood Town x Rochdale,Fleetwood Town,Rochdale,English Sky Bet League 2,50,2-2,5.7,3.4,1.84,,,96.83,0.33,0.54,2,3,6,6,1,5,1,2,12,16,48,1,Pendente,,,,1.262643952,3396710,5837946,938220,,
2026-09-26,2026-09-26 14:00,Newport County x Grimsby,Newport County,Grimsby,English Sky Bet League 2,50,0-0,4.2,2.7,2.5,4.9,1.25,323.1,0.05,0.84,0,2,3,4,2,3,0,1,7,15,36,1,Pendente,,,,1.262644062,62623,5837947,938220,1.262644072,47973
2026-09-26,2026-09-26 14:00,Plymouth x Burton Albion,Plymouth,Burton Albion,English Sky Bet League 1,50,1-0,1.85,3.1,7.0,4.4,1.28,377.0,0.92,0.38,0,0,3,4,1,3,2,1,10,10,50,1,Pendente,,,,1.262642137,148733,5837179,938219,1.262642147,47973
2026-09-26,2026-09-26 14:00,Stockport x Peterborough,Stockport,Peterborough,English Sky Bet League 1,50,1-0,1.74,3.5,6.8,3.65,1.36,270.79,1.01,0.17,3,2,8,3,5,1,0,0,20,10,64,1,Pendente,,,,1.262642616,47997,5837181,938219,1.262642676,47973
2026-09-26,2026-09-26 14:00,Cheltenham x Chesterfield,Cheltenham,Chesterfield,English Sky Bet League 2,50,2-1,1.32,5.8,13.5,1.18,6.2,201.08,0.75,1.05,3,5,7,13,2,4,2,1,10,25,39,1,Pendente,,,,1.262643842,18559,5837944,938220,1.262643852,47973
2026-09-26,2026-09-26 14:00,Rotherham x Crewe,Rotherham,Crewe,English Sky Bet League 2,50,1-1,2.7,2.66,3.85,1.27,4.4,706.28,0.37,0.07,2,0,5,2,0,2,0,0,3,4,55,1,Pendente,,,,1.262643512,18565,5837950,938220,1.262643522,47973
2026-09-26,2026-09-26 14:15,Granada x FC Andorra,Granada,FC Andorra,Spanish Segunda Division,45,1-2,20.0,7.2,1.22,1.26,4.7,103.95,0.35,0.20,1,3,8,4,5,1,0,0,11,3,63,1,Pendente,,,,1.262683948,2255452,5868464,938653,1.262683951,47973
2026-09-26,2026-09-26 14:30,Heracles x Vitesse Arnhem,Heracles,Vitesse Arnhem,Dutch Eerste Divisie,50,3-0,1.04,25.0,120.0,1.14,7.6,19914.22,,,5,0,12,4,6,1,4,1,22,7,57,2,Pendente,,,,1.262645350,419132,5832880,111,1.262645353,47973
2026-09-26,2026-09-26 16:00,Iceland x Estonia,Iceland,Estonia,UEFA Nations League,50,2-0,1.13,9.8,55.0,2.2,1.81,781.36,0.50,0.36,3,1,6,3,3,1,1,1,14,4,59,1,Pendente,,,,1.260982058,231372,5181950,920752,1.260982068,47973
2026-09-26,2026-09-26 16:00,Bulgaria x Luxembourg,Bulgaria,Luxembourg,UEFA Nations League,50,1-1,2.98,2.42,3.9,1.37,3.7,558.69,0.82,0.92,5,1,6,8,3,1,2,2,6,15,43,1,Pendente,,,,1.260987940,29632,5181949,920752,1.260987950,47973
2026-09-26,2026-09-26 16:00,Faroe Islands x Kazakhstan,Faroe Islands,Kazakhstan,UEFA Nations League,50,1-1,2.52,2.5,4.8,1.36,3.65,1426.39,0.71,0.25,3,1,7,5,4,3,2,2,8,5,39,1,Pendente,,,,1.262627871,29633,5181933,920751,1.262627881,47973
2026-09-26,2026-09-26 16:00,London City Lionesses x Brighton (W),London City Lionesses,Brighton (W),English WSL,50,1-0,1.29,5.4,18.0,2.18,1.78,209.79,0.46,1.04,2,0,5,4,3,2,1,3,9,7,51,1,Pendente,,,,1.262673147,26482948,5981649,9227,1.262673150,47973
2026-09-26,2026-09-26 16:30,Oldham x Salford City,Oldham,Salford City,English Sky Bet League 2,50,2-2,7.4,4.0,1.6,,,910.05,0.54,0.31,3,4,10,8,2,3,1,0,14,10,44,1,Pendente,,,,1.262653836,69819,5837948,938220,,
2026-09-26,2026-09-26 16:30,Tenerife x Cadiz,Tenerife,Cadiz,Spanish Segunda Division,50,1-0,1.31,5.1,19.5,2.54,1.63,2261.84,0.43,0.92,2,1,4,6,0,1,1,1,11,9,45,1,Pendente,,,,1.262658486,44509,5868468,938653,1.262658489,47973
2026-09-26,2026-09-26 16:30,Madrid (W) x Deportivo Alaves (W),Madrid (W),Deportivo Alaves (W),Spanish Liga F,50,0-0,3.35,2.56,2.94,5.1,1.23,918.98,,,1,2,5,10,1,4,1,0,11,16,56,2,Pendente,,,,1.262886839,14773976,5882300,938777,1.262886842,47973
2026-09-26,2026-09-26 18:00,Roda JC x RKC Waalwijk,Roda JC,RKC Waalwijk,Dutch Eerste Divisie,50,1-0,1.55,3.95,8.6,2.28,1.78,2391.84,,,1,4,1,6,0,2,1,1,4,7,44,2,Pendente,,,,1.262656870,50331,5832885,111,1.262656873,47973
2026-09-26,2026-09-26 18:00,MVV Maastricht x Helmond Sport,MVV Maastricht,Helmond Sport,Dutch Eerste Divisie,50,0-0,2.96,2.66,3.35,5.6,1.21,135.63,,,0,2,4,6,3,1,0,2,11,16,58,2,Pendente,,,,1.262656978,8704630,5832883,111,1.262656981,47973
2026-09-26,2026-09-26 18:00,FC Volendam x VVV Venlo,FC Volendam,VVV Venlo,Dutch Eerste Divisie,50,3-2,1.18,9.0,22.0,,,7931.95,,,4,3,7,15,1,5,2,3,12,32,45,2,Pendente,,,,1.262657194,14170968,5832882,111,,
2026-09-26,2026-09-26 18:00,NAC Breda x FC Eindhoven,NAC Breda,FC Eindhoven,Dutch Eerste Divisie,50,2-0,1.12,10.5,44.0,1.71,2.38,6854.69,,,2,1,11,1,7,1,2,0,17,3,54,2,Pendente,,,,1.262679884,1328613,5832884,111,1.262679887,47973
2026-09-26,2026-09-26 18:00,Oman x Saudi Arabia,Oman,Saudi Arabia,Gulf Cup Matches,50,0-3,140.0,100.0,,,,255.69,,,0,3,1,7,0,5,0,3,2,15,30,2,Pendente,,,,1.262899068,51305,6052047,943992,,
2026-09-26,2026-09-26 18:45,England x Spain,England,Spain,UEFA Nations League,45,2-2,1.78,3.85,5.4,,,17681.43,0.44,1.88,2,2,6,8,3,3,1,3,10,10,45,1,Pendente,,,,1.260983934,27,5181850,920743,,
2026-09-26,2026-09-26 18:45,Slovakia x Moldova,Slovakia,Moldova,UEFA Nations League,45,3-0,1.02,48.0,270.0,1.16,6.8,303340.64,1.26,0.22,3,0,8,3,5,3,1,1,16,5,67,1,Pendente,,,,1.260984311,15288,5181934,920751,1.260984322,47973
2026-09-26,2026-09-26 18:45,Czechia x Croatia,Czechia,Croatia,UEFA Nations League,45,0-1,6.2,2.74,2.08,5.5,1.21,2792.42,0.00,0.82,0,1,0,9,0,4,0,2,1,20,40,1,Pendente,,,,1.260988050,84483772,5181849,920743,1.260988060,47973
2026-09-26,2026-09-26 18:45,Albania x Belarus,Albania,Belarus,UEFA Nations League,45,2-0,1.04,23.0,120.0,1.31,4.1,179804.75,1.14,0.33,2,2,8,4,3,1,1,0,5,8,60,1,Pendente,,,,1.261033992,15285,5181895,920749,1.261034005,47973
2026-09-26,2026-09-26 18:45,North Macedonia x Switzerland,North Macedonia,Switzerland,UEFA Nations League,45,0-3,300.0,50.0,1.02,1.2,5.7,76.63,0.02,0.88,0,7,1,17,0,5,0,0,1,26,41,1,Pendente,,,,1.261034402,23439043,5181777,920745,1.261034413,47973
2026-09-26,2026-09-26 19:00,Estudiantes x Rosario Central,Estudiantes,Rosario Central,Argentinian Super Cup,50,1-1,6.2,2.56,1.53,1.01,1.25,97.6,0.65,1.07,3,3,7,7,1,2,2,1,9,12,51,1,Pendente,,,,1.262009305,194509,6148418,10832,1.262009315,47973
2026-09-26,2026-09-26 19:30,Nautico PE x Sport Recife,Nautico PE,Sport Recife,Brazilian Serie B,50,1-0,1.48,4.2,9.8,2.04,1.94,10952.59,0.60,0.75,2,2,4,12,9,5,1,0,5,13,54,1,Pendente,,,,1.262748121,7210009,5190736,1000001415,1.262748124,47973
2026-09-26,2026-09-26 19:30,Operario PR x Ceara SC Fortaleza,Operario PR,Ceara SC Fortaleza,Brazilian Serie B,50,1-0,1.41,4.5,13.0,2.52,1.65,16826.83,0.36,0.17,3,2,5,5,5,2,1,0,5,8,62,1,Pendente,,,,1.262827236,6219238,5190732,1000001415,1.262827239,47973
2026-09-26,2026-09-26 21:00,Deportivo Pereira x Internacional de Bogotá,Deportivo Pereira,Internacional de Bogotá,Colombian Primera A,50,0-0,4.1,2.32,2.88,7.2,1.14,2709.19,0.03,0.33,0,3,2,6,2,3,0,1,2,3,55,1,Pendente,,,,1.262685926,5284708,1000014166,1000001696,1.262685936,47973
2026-09-26,2026-09-26 21:30,Goias x Atletico GO,Goias,Atletico GO,Brazilian Serie B,50,0-1,9.8,1.52,,2.44,1.65,153.99,0.31,0.48,1,2,6,8,0,4,0,2,5,12,46,1,Pendente,,,,1.262683838,198131,5190734,1000001415,1.262683841,47973
2026-09-26,2026-09-26 22:00,Sportivo Trinidense x Cerro Porteno,Sportivo Trinidense,Cerro Porteno,Paraguayan Primera Division,50,1-1,3.7,2.42,2.98,1.36,3.6,220.1,,,2,2,7,4,1,1,1,1,12,7,33,2,Pendente,,,,1.262747377,9610998,1000017417,1000001212,1.262747380,47973
2026-09-26,2026-09-26 22:30,Washington Spirit (W) x Angel City FC (W),Washington Spirit (W),Angel City FC (W),US National Women Soccer League,50,0-0,3.35,2.66,2.88,4.7,1.24,546.63,0.32,0.27,2,0,7,6,2,4,0,0,8,5,52,1,Pendente,,,,1.262686621,7196209,5161655,920228,1.262686666,47973
2026-09-26,2026-09-26 22:50,Cruz Azul x Toluca,Cruz Azul,Toluca,Mexican Liga MX,45,2-1,1.2,8.0,17.5,1.17,6.6,40444.27,0.95,0.40,5,4,7,9,0,3,1,0,7,11,43,1,Pendente,,,,1.262687592,328204,1000014585,1000001644,1.262687595,47973
2026-09-27,2026-09-26 22:50,Cruz Azul x Toluca,Cruz Azul,Toluca,Mexican Liga MX,50,2-1,1.2,8.0,17.5,1.17,6.6,49928.66,0.82,0.41,5,4,7,9,0,3,1,0,7,11,43,1,Pendente,,,,,328204,1000014585,1000001644,,47973
2026-09-27,2026-09-26 23:00,Vancouver FC x Forge,Vancouver FC,Forge,Canadian Premier League,50,0-1,12.0,4.4,1.41,2.26,1.74,104.58,,,1,3,3,8,3,3,0,3,11,14,49,2,Pendente,,,,1.262765492,55667494,1000008709,1000001192,1.262765502,47973
2026-09-27,2026-09-26 23:15,Cucuta Deportivo x Llaneros FC,Cucuta Deportivo,Llaneros FC,Colombian Primera A,45,2-0,1.14,9.4,32.0,1.3,4.1,7432.78,1.25,0.63,3,4,7,9,2,2,1,0,11,7,42,1,Pendente,,,,1.262689243,2301978,1000014159,1000001696,1.262689246,47973
2026-09-27,2026-09-26 23:30,Philadelphia x Orlando City,Philadelphia,Orlando City,US MLS,50,3-0,1.09,14.5,44.0,1.11,9.4,34460.8,1.51,0.25,4,0,12,3,5,3,3,0,17,11,37,1,Pendente,,,,1.262565642,4589333,5071385,913550,1.262565652,47973
2026-09-27,2026-09-26 23:30,Atlanta Utd x New York City,Atlanta Utd,New York City,US MLS,50,1-1,3.35,2.64,3.0,1.26,4.6,3668.38,0.77,0.42,3,2,5,6,1,3,1,0,7,9,41,1,Pendente,,,,1.262565862,12592557,5071381,913550,1.262565872,47973
2026-09-27,2026-09-26 23:30,CF Montreal x FC Cincinnati,CF Montreal,FC Cincinnati,US MLS,50,1-1,1.88,3.65,4.9,1.67,2.44,352.73,0.71,0.75,1,2,8,8,1,2,1,3,9,15,46,1,Pendente,,,,1.262565972,42741189,5071383,913550,1.262565982,47973
2026-09-27,2026-09-26 23:30,Charlotte FC x Chicago Fire,Charlotte FC,Chicago Fire,US MLS,50,0-0,3.0,2.94,3.0,3.6,1.37,1663.08,0.05,0.49,0,6,2,10,4,2,0,1,4,14,35,1,Pendente,,,,1.262566082,42741188,5071382,913550,1.262566092,47973
2026-09-27,2026-09-27 00:30,FC Dallas x Los Angeles FC,FC Dallas,Los Angeles FC,US MLS,50,1-0,1.5,4.2,9.8,2.18,1.81,244.46,0.22,0.27,2,1,6,6,1,0,0,1,3,5,58,1,Pendente,,,,1.262566192,2937353,5071388,913550,1.262566202,47973
2026-09-27,2026-09-27 00:30,Houston Dynamo x Kansas City,Houston Dynamo,Kansas City,US MLS,50,0-2,34.0,11.5,1.12,1.22,5.3,170.08,0.46,0.38,2,2,7,2,4,1,0,0,8,5,59,1,Pendente,,,,1.262566657,1432923,5071389,913550,1.262566707,47973
2026-09-27,2026-09-27 00:30,Austin FC x San Diego FC,Austin FC,San Diego FC,US MLS,50,0-0,2.78,2.7,3.55,4.8,1.25,179.7,0.57,0.00,2,0,7,0,4,0,1,0,9,,40,1,Pendente,,,,1.262566866,39013198,5071386,913550,1.262566876,47973
2026-09-27,2026-09-27 00:30,Seattle Sounders x Minnesota Utd,Seattle Sounders,Minnesota Utd,US MLS,50,2-0,1.13,10.0,32.0,1.18,6.0,23644.54,1.20,0.50,5,0,6,7,3,5,2,0,15,16,66,1,Pendente,,,,1.262566976,4019787,5071394,913550,1.262566986,47973
2026-09-27,2026-09-27 00:30,Nashville SC x Toronto FC,Nashville SC,Toronto FC,US MLS,50,3-0,1.04,27.0,120.0,1.15,7.2,30097.58,1.89,0.32,5,3,12,5,6,0,4,0,24,4,64,1,Pendente,,,,1.262567107,17790476,5071391,913550,1.262567117,47973
2026-09-27,2026-09-27 00:45,Portland Thorns (W) x Houston Dash (W),Portland Thorns (W),Houston Dash (W),US National Women Soccer League,45,1-1,3.15,3.3,2.3,1.62,2.34,687.93,0.33,0.34,2,1,8,4,5,1,0,1,17,6,50,1,Pendente,,,,1.262940673,7201332,5161656,920228,1.262940678,47973
2026-09-27,2026-09-27 02:00,Sint Maarten x Belize,Sint Maarten,Belize,CONCACAF Nations League B,50,0-1,9.6,3.65,1.56,3.75,1.33,157.39,,,0,2,3,4,3,3,0,0,6,8,30,2,Pendente,,,,1.262929274,23440636,5991931,941125,1.262929319,47973
2026-09-27,2026-09-27 10:00,Valencia (W) x UDG Tenerife Sur (W),Valencia (W),UDG Tenerife Sur (W),Spanish Liga F,50,0-0,3.5,2.18,3.65,10.0,1.1,786.37,,,2,1,7,4,1,1,1,1,5,6,64,2,Pendente,,,,1.262886587,5226526,5882306,938777,1.262886597,47973
2026-09-27,2026-09-27 11:00,Rangers LFC (W) x Celtic (W),Rangers LFC (W),Celtic (W),Scottish Ladies Premier League,50,3-1,1.34,5.0,12.0,,,213.34,,,3,1,7,4,4,2,0,0,,,53,2,Pendente,,,,1.262969018,84080533,1000016483,1000001595,,
2026-09-27,2026-09-27 12:00,Valladolid x Cordoba,Valladolid,Cordoba,Spanish Segunda Division,50,1-1,2.72,2.62,3.9,1.29,4.3,634.65,1.55,0.12,2,1,5,3,1,1,3,0,9,5,45,1,Pendente,,,,1.262678537,13362,5868469,938653,1.262678542,47973
2026-09-27,2026-09-27 12:00,Partick Thistle (W) x Montrose FC (W),Partick Thistle (W),Montrose FC (W),Scottish Ladies Premier League,50,1-1,3.55,3.4,2.16,1.68,2.3,205.25,,,2,3,8,7,4,1,0,0,,,60,2,Pendente,,,,1.262968887,24306998,1000016482,1000001595,1.262968897,47973
2026-09-27,2026-09-27 12:30,De Graafschap x Den Bosch,De Graafschap,Den Bosch,Dutch Eerste Divisie,50,2-1,1.42,5.0,9.4,1.54,2.78,3274.2,,,5,1,8,5,1,4,3,0,11,15,55,2,Pendente,,,,1.262679776,48453,5832886,111,1.262679779,47973
2026-09-27,2026-09-27 13:00,Lithuania x Azerbaijan,Lithuania,Azerbaijan,UEFA Nations League,50,1-1,2.6,2.36,5.0,1.46,3.1,1107.55,0.96,0.30,2,2,4,4,0,0,1,0,6,7,51,1,Pendente,,,,1.260986600,29635,5181881,920753,1.260986610,47973
2026-09-27,2026-09-27 13:00,Liverpool (W) x Everton (W),Liverpool (W),Everton (W),English WSL,50,1-0,1.26,5.9,20.0,2.34,1.73,998.3,0.23,0.30,3,1,5,5,1,1,1,1,11,7,70,1,Pendente,,,,1.262675193,5468050,5981652,9227,1.262675196,47973
2026-09-27,2026-09-27 13:00,Birmingham (W) x Crystal Palace (W),Birmingham (W),Crystal Palace (W),English WSL,50,3-1,1.3,5.4,15.5,,,2885.27,1.11,0.37,3,2,9,6,5,4,2,1,14,4,58,1,Pendente,,,,1.262774988,5470466,5981651,9227,,
2026-09-27,2026-09-27 14:00,Criciuma x Avai,Criciuma,Avai,Brazilian Serie B,50,0-0,2.1,2.48,7.6,8.0,1.14,1464.27,0.27,0.00,0,0,9,0,3,2,0,0,5,1,66,1,Pendente,,,,1.262827128,356589,5190735,1000001415,1.262827131,47973
2026-09-27,2026-09-27 14:00,Sevilla FC (W) x SD Eibar (W),Sevilla FC (W),SD Eibar (W),Spanish Liga F,50,0-0,2.3,2.28,6.4,9.2,1.11,328.12,,,1,0,5,1,4,0,1,0,16,3,63,2,Pendente,,,,1.262886807,6686055,5882305,938777,1.262886817,47973
2026-09-27,2026-09-27 14:15,Mallorca x Almeria,Mallorca,Almeria,Spanish Segunda Division,45,1-1,4.8,3.2,2.06,2.16,1.84,585.73,0.90,0.80,3,2,9,3,2,1,1,1,8,3,48,1,Pendente,,,,1.262681868,10542,5868466,938653,1.262681871,47973
2026-09-27,2026-09-27 15:00,Motherwell (W) x Spartans WFC (W),Motherwell (W),Spartans WFC (W),Scottish Ladies Premier League,50,1-0,1.92,2.96,5.9,4.3,1.28,1454.97,,,1,0,5,1,7,1,0,0,,,64,2,Pendente,,,,1.262969459,9650419,1000016481,1000001595,1.262969469,47973
2026-09-27,2026-09-27 15:30,Chelsea (W) x Arsenal (W),Chelsea (W),Arsenal (W),English WSL,50,1-0,1.52,4.3,7.6,1.89,2.06,275.69,1.33,0.42,5,0,8,9,2,2,2,0,12,19,48,1,Pendente,,,,1.262681644,5467180,5981654,9227,1.262681647,47973
2026-09-27,2026-09-27 15:30,Antofagasta x Deportes Iquique,Antofagasta,Deportes Iquique,Chilean Cup,50,1-1,2.38,1.88,2.9,1.41,2.4,582.33,,,9,2,13,6,4,1,1,1,19,6,57,2,Pendente,,,,1.262890437,6105741,6162933,946196,1.262890447,47973
2026-09-27,2026-09-27 16:00,Austria x Kosovo,Austria,Kosovo,UEFA Nations League,50,2-0,1.04,25.0,160.0,1.3,4.2,270062.38,1.24,0.29,3,0,7,1,5,0,1,1,14,4,55,1,Pendente,,,,1.260981502,61463,5181814,920747,1.260981512,47973
2026-09-27,2026-09-27 16:00,Denmark x Wales,Denmark,Wales,UEFA Nations League,50,1-0,1.77,3.3,7.4,3.75,1.36,20695.54,0.25,0.43,0,1,6,5,0,3,0,1,10,6,68,1,Pendente,,,,1.260985349,32,5181863,920742,1.260985333,47973
2026-09-27,2026-09-27 16:00,Serbia x Netherlands,Serbia,Netherlands,UEFA Nations League,50,0-2,30.0,7.2,1.2,1.92,2.06,696.16,0.32,1.31,1,4,2,10,0,3,1,2,2,15,31,1,Pendente,,,,1.261034475,412319,5181827,920744,1.261034478,47973
2026-09-27,2026-09-27 16:00,Gibraltar x Andorra,Gibraltar,Andorra,UEFA Nations League,50,0-0,5.5,1.94,3.15,19.0,1.05,77.54,0.00,0.08,0,1,0,2,0,3,0,0,3,6,44,1,Pendente,,,,1.261058524,6458563,5181875,920754,1.261058534,47973
2026-09-27,2026-09-27 16:00,Deportivo La Coruna (W) x Espanyol (W),Deportivo La Coruna (W),Espanyol (W),Spanish Liga F,50,0-1,7.8,3.55,1.63,2.56,1.6,156.45,,,2,2,6,3,1,0,0,1,4,6,61,2,Pendente,,,,1.262887059,22168616,5882301,938777,1.262887062,47973
2026-09-27,2026-09-27 16:30,Eibar x Las Palmas,Eibar,Las Palmas,Spanish Segunda Division,50,3-1,1.31,5.5,15.5,,,9423.61,1.32,0.32,5,2,11,3,4,0,2,1,18,5,53,1,Pendente,,,,1.262682489,247969,5868462,938653,,
2026-09-27,2026-09-27 16:30,Burgos x Eldense,Burgos,Eldense,Spanish Segunda Division,50,1-0,1.53,3.85,10.5,2.76,1.55,262.74,0.35,0.14,2,1,4,4,1,3,1,0,9,10,52,1,Pendente,,,,1.262682597,968180,5868459,938653,1.262682600,47973
2026-09-27,2026-09-27 18:00,Pumas UNAM x Atletico San Luis,Pumas UNAM,Atletico San Luis,Mexican Liga MX,50,1-1,5.1,3.25,1.99,2.1,1.88,244.02,0.38,0.82,2,1,7,2,4,0,0,1,19,6,50,1,Pendente,,,,1.262682935,328955,1000014586,1000001644,1.262682938,47973
2026-09-27,2026-09-27 18:00,Inter Toronto FC x Pacific,Inter Toronto FC,Pacific,Canadian Premier League,50,2-3,10.5,5.2,1.37,,,268.11,,,2,3,6,8,3,1,1,3,10,11,41,2,Pendente,,,,1.262765271,97403084,1000008710,1000001192,,
2026-09-27,2026-09-27 18:00,Deportes Concepcion x Curico Unido,Deportes Concepcion,Curico Unido,Chilean Cup,50,1-0,2.0,2.82,6.6,4.9,1.24,774.14,,,1,0,5,6,1,1,0,0,5,5,53,2,Pendente,,,,1.262911947,5704675,6162934,946196,1.262911950,47973
2026-09-27,2026-09-27 18:00,Bahrain x UAE,Bahrain,UAE,Gulf Cup Matches,50,0-1,55.0,8.0,1.15,3.0,1.47,160.34,,,0,6,1,10,0,3,0,2,,,41,2,Pendente,,,,1.262937243,51307,6052085,943993,1.262937253,47973
2026-09-27,2026-09-27 18:45,Israel x Republic of Ireland,Israel,Republic of Ireland,UEFA Nations League,45,0-3,170.0,42.0,1.02,,,139.62,0.06,1.29,0,3,1,5,0,1,0,3,8,7,58,1,Pendente,,,,1.260989192,15291,5181815,920747,,
2026-09-27,2026-09-27 18:45,Germany x Greece,Germany,Greece,UEFA Nations League,45,1-0,1.66,3.5,8.4,3.55,1.38,7028.68,0.78,0.13,1,0,7,4,3,1,1,0,16,5,79,1,Pendente,,,,1.260990749,18,5181828,920744,1.260990752,47973
2026-09-27,2026-09-27 18:45,Norway x Portugal,Norway,Portugal,UEFA Nations League,45,1-1,4.7,3.85,1.88,1.66,2.5,6255.38,1.45,0.43,3,2,15,8,4,2,2,1,27,11,59,1,Pendente,,,,1.260991861,30,5181864,920742,1.260991845,47973
2026-09-27,2026-09-27 19:00,Oviedo x Sporting Gijon,Oviedo,Sporting Gijon,Spanish Segunda Division,50,1-0,1.42,4.3,13.5,2.54,1.64,15944.85,1.17,0.27,3,1,9,6,4,1,1,0,11,9,48,1,Pendente,,,,1.262684696,21678,5868467,938653,1.262684699,47973
2026-09-27,2026-09-27 19:00,CRB x Cuiaba,CRB,Cuiaba,Brazilian Serie B,50,1-0,1.26,5.8,21.0,2.18,1.79,9001.61,0.60,0.68,6,1,13,4,5,1,0,0,14,3,66,1,Pendente,,,,1.262748229,6368159,5190737,1000001415,1.262748232,47973
2026-09-27,2026-09-27 20:00,Racing Club x Boca Juniors,Racing Club,Boca Juniors,Argentinian Cup,50,1-1,2.04,3.0,5.3,2.42,1.64,2574.67,,,2,2,7,9,2,7,1,1,4,22,26,2,Pendente,,,,1.262019963,198558,1000020036,1000001402,1.262019973,47973
2026-09-27,2026-09-27 21:00,Bay FC (W) x Orlando Pride SC (W),Bay FC (W),Orlando Pride SC (W),US National Women Soccer League,50,2-2,2.7,3.2,2.88,1.15,7.2,190.0,1.70,0.44,4,2,11,5,6,4,3,0,16,10,53,1,Pendente,,,,1.262686711,67003168,5161657,920228,1.262686756,47973
2026-09-27,2026-09-27 21:30,Fortaleza EC x Athletic Club,Fortaleza EC,Athletic Club,Brazilian Serie B,50,1-1,1.99,2.58,7.6,1.37,3.55,1295.09,1.41,0.24,3,2,5,4,2,1,2,1,7,3,64,1,Pendente,,,,1.262686218,5287007,5190733,1000001415,1.262686221,47973
2026-09-28,2026-09-27 23:00,Columbus x Inter Miami CF,Columbus,Inter Miami CF,US MLS,50,1-2,3.15,3.15,2.68,1.17,6.8,210.85,0.89,0.03,2,1,5,1,4,0,1,0,11,4,42,1,Pendente,,,,1.262567678,171903,5071387,913550,1.262567688,47973
2026-09-28,2026-09-27 23:05,Fortaleza FC x Tolima,Fortaleza FC,Tolima,Colombian Primera A,45,0-1,13.5,4.5,1.4,2.6,1.6,654.15,0.18,0.07,3,0,6,4,5,0,0,0,7,3,59,1,Pendente,,,,1.262686586,8220578,1000014158,1000001696,1.262686596,47973
2026-09-28,2026-09-27 23:00,Club Deportes Santa Cruz x OHiggins,Club Deportes Santa Cruz,OHiggins,Chilean Cup,50,0-1,12.0,4.7,1.4,2.12,1.87,148.93,,,1,3,10,5,1,0,0,1,12,3,50,2,Pendente,,,,1.262971715,11023627,6162936,946196,1.262971718,47973
2026-09-28,2026-09-27 23:00,Haiti x Costa Rica,Haiti,Costa Rica,CONCACAF Nations League A,50,2-0,1.14,10.0,25.0,1.25,4.9,14317.88,,,1,3,2,8,2,1,0,0,12,12,47,2,Pendente,,,,1.262992931,834087,5991880,941120,1.262992941,47973
2026-09-28,2026-09-28 00:00,Dominica x Puerto Rico,Dominica,Puerto Rico,CONCACAF Nations League B,50,0-3,210.0,38.0,1.02,1.28,4.3,90.8,,,0,4,4,11,1,4,0,3,3,20,29,2,Pendente,,,,1.262992725,840646,5991906,941122,1.262992735,47973
2026-09-28,2026-09-28 16:00,Georgia x Ukraine,Georgia,Ukraine,UEFA Nations League,50,0-0,2.44,2.62,4.7,5.9,1.19,1401.8,0.54,0.11,3,1,8,4,3,0,1,0,11,4,51,1,Pendente,,,,1.260989302,61283,5181802,920746,1.260989312,47973
2026-09-28,2026-09-28 16:00,Armenia x Montenegro,Armenia,Montenegro,UEFA Nations League,50,1-2,13.0,4.5,1.41,,,724.34,0.46,0.45,2,2,2,7,1,3,1,1,5,12,54,1,Pendente,,,,1.261925521,29579,5181923,920750,,
2026-09-28,2026-09-28 16:00,Latvia x Cyprus,Latvia,Cyprus,UEFA Nations League,50,0-0,5.3,2.42,2.5,7.2,1.15,254.18,0.11,0.68,0,3,1,10,1,7,0,2,2,15,35,1,Pendente,,,,1.261925678,15284,5181924,920750,1.261925688,47973
2026-09-28,2026-09-28 16:00,Central African Republic x Burkina Faso,Central African Republic,Burkina Faso,CAF African Cup of Nations Qualifiers,50,0-1,9.4,2.98,1.76,5.7,1.2,218.66,,,1,1,5,4,4,2,0,1,8,16,41,2,Pendente,,,,1.262983015,15988273,6040276,943881,1.262983025,47973
2026-09-28,2026-09-28 16:00,Equatorial Guinea x Sierra Leone,Equatorial Guinea,Sierra Leone,CAF African Cup of Nations Qualifiers,50,1-0,1.52,3.85,11.0,3.1,1.45,1748.78,,,1,0,4,5,1,1,1,0,6,9,35,2,Pendente,,,,1.263022119,2110436,6040261,943880,1.263022122,47973
2026-09-28,2026-09-28 16:00,Zimbabwe x DR Congo,Zimbabwe,DR Congo,CAF African Cup of Nations Qualifiers,50,0-2,18.0,16.0,1.04,1.38,3.5,96.7,,,3,2,5,6,1,1,0,3,10,16,44,2,Pendente,,,,1.263046923,659800,6040262,943880,1.263046933,47973
2026-09-28,2026-09-28 18:30,Leganes x CD Castellon,Leganes,CD Castellon,Spanish Segunda Division,50,0-1,11.5,4.5,1.43,2.12,1.88,955.74,0.54,0.94,1,3,8,9,4,0,1,2,6,12,46,1,Pendente,,,,1.262720734,309109,5868465,938653,1.262720738,47973
2026-09-28,2026-09-28 18:45,Northern Ireland x Hungary,Northern Ireland,Hungary,UEFA Nations League,45,0-0,3.1,2.28,4.1,9.2,1.11,139.31,0.34,0.10,1,0,7,2,0,1,1,0,5,4,34,1,Pendente,,,,1.261925410,231384,5181803,920746,1.261925420,47973
2026-09-28,2026-09-28 18:45,Türkiye x Italy,Türkiye,Italy,UEFA Nations League,45,0-3,220.0,48.0,1.02,,,150.53,0.09,1.63,1,5,2,10,0,1,0,2,4,15,42,1,Pendente,,,,1.262004755,84448959,5181791,920741,,
2026-09-28,2026-09-28 18:45,Belgium x France,Belgium,France,UEFA Nations League,45,0-1,4.6,2.98,2.2,3.8,1.35,1389.9,0.24,0.57,0,4,5,9,1,4,0,1,13,21,36,1,Pendente,,,,1.262637795,29578,5181790,920741,1.262637734,47973
2026-09-28,2026-09-28 18:45,Sweden x Poland,Sweden,Poland,UEFA Nations League,45,1-1,2.86,2.8,3.3,1.22,5.3,183.39,1.03,0.83,3,6,6,13,1,0,3,1,10,22,51,1,Pendente,,,,1.262647263,25912,5181840,920748,1.262647202,47973
2026-09-28,2026-09-28 18:45,Romania x Bosnia,Romania,Bosnia,UEFA Nations League,45,1-3,34.0,9.4,1.14,,,713.1,0.65,1.40,3,4,5,9,1,2,2,4,7,11,56,1,Pendente,,,,1.262648453,26,5181839,920748,,
2026-09-28,2026-09-28 19:00,Tunisia x Botswana,Tunisia,Botswana,CAF African Cup of Nations Qualifiers,50,2-1,1.39,4.2,18.5,1.18,6.2,4227.36,,,5,1,14,3,2,1,2,1,28,3,67,2,Pendente,,,,1.263021987,15292,6040346,943883,1.263021990,47973
2026-09-28,2026-09-28 19:00,Guadeloupe x Barbados,Guadeloupe,Barbados,CONCACAF Nations League B,50,0-0,2.84,2.34,3.85,6.6,1.17,739.07,,,0,0,1,4,0,2,0,0,1,5,50,2,Pendente,,,,1.263022345,2435347,5991915,941123,1.263022348,47973
2026-09-28,2026-09-28 20:00,Sportivo San Lorenzo x Deportivo Recoleta,Sportivo San Lorenzo,Deportivo Recoleta,Paraguayan Primera Division,50,0-0,3.25,2.42,3.35,6.6,1.17,1580.48,,,1,0,8,4,5,1,0,0,9,2,52,2,Pendente,,,,1.262747979,7598628,1000017419,1000001212,1.262747989,47973
2026-09-28,2026-09-28 21:00,Cuba x Bonaire,Cuba,Bonaire,CONCACAF Nations League B,50,3-0,1.05,17.5,60.0,1.51,2.84,9430.48,,,2,1,7,1,3,1,2,0,12,5,66,2,Pendente,,,,1.263050486,449499,5991924,941124,1.263050496,47973
2026-09-28,2026-09-28 22:00,Suriname x Martinique,Suriname,Martinique,CONCACAF Nations League A,50,1-0,1.99,2.8,6.8,6.4,1.17,2547.79,,,0,1,6,3,4,2,0,0,16,3,76,2,Pendente,,,,1.263010113,3280747,5991894,941121,1.263010123,47973
2026-09-28,2026-09-28 22:15,Libertad x Olimpia,Libertad,Olimpia,Paraguayan Primera Division,45,0-2,30.0,8.0,1.17,2.08,1.88,117.43,,,1,3,1,6,3,2,0,1,9,12,42,2,Pendente,,,,1.262748089,328196,1000017420,1000001212,1.262748099,47973
2026-09-28,2026-09-28 22:30,America MG x Juventude,America MG,Juventude,Brazilian Serie B,50,0-0,4.7,2.54,2.5,6.8,1.16,691.86,0.15,0.78,1,2,7,8,1,4,0,1,6,16,43,1,Pendente,,,,1.262727198,4516149,5190731,1000001415,1.262727201,47973
2026-09-29,2026-09-29 00:00,Jamaica x Honduras,Jamaica,Honduras,CONCACAF Nations League A,45,0-1,7.4,4.1,1.58,2.22,1.78,287.36,,,2,5,3,9,0,4,1,3,6,9,37,2,Pendente,,,,1.263010223,54786,5991892,941121,1.263010233,47973
2026-09-29,2026-09-29 00:00,St Kitts & Nevis x Grenada,St Kitts & Nevis,Grenada,CONCACAF Nations League B,45,2-0,1.1,13.0,40.0,1.24,5.0,5093.84,,,5,1,5,3,3,2,2,0,3,7,63,2,Pendente,,,,1.263035899,5774349,5991925,941124,1.263035902,47973
2026-09-29,2026-09-29 00:00,St Lucia x Bermuda,St Lucia,Bermuda,CONCACAF Nations League B,45,3-2,1.18,8.6,21.0,,,111.18,,,5,5,8,9,2,5,2,1,10,10,43,2,Pendente,,,,1.263036009,5651941,5991916,941123,,
