settled_ts,ko,home,away,status,cs_winner,gh,ga,mo_winner,ou05,ou15,ou25,ou35,btts,ht05,mercados_fechados,fonte
2026-09-12 20:57,2026-09-12 19:00,Cambuur Leeuwarden,NEC Nijmegen,LIQUIDADO,3 - 0,3,0,Cambuur Leeuwarden,,,,Under 3.5 Goals,No,,4/4,betfair_oficial
2026-09-12 20:57,2026-09-12 19:00,Atletico MG,Fluminense,LIQUIDADO,3 - 1,3,1,Atletico MG,,,,,,,2/2,betfair_oficial
2026-09-12 21:02,2026-09-12 19:00,Gremio,Vasco da Gama,LIQUIDADO,1 - 2,1,2,Vasco Da Gama,,,,Under 3.5 Goals,,,3/3,betfair_oficial
2026-09-12 21:02,2026-09-12 19:00,Cordoba,Almeria,LIQUIDADO,0 - 2,0,2,Almeria,,,Under 2.5 Goals,Under 3.5 Goals,No,,5/5,betfair_oficial
2026-09-12 21:02,2026-09-12 19:00,Real Madrid,Rayo Vallecano,LIQUIDADO,Any Other Home Win,,,Real Madrid,,,,,,,2/2,betfair_oficial
2026-09-12 21:02,2026-09-12 19:00,Sunderland,Arsenal,LIQUIDADO,0 - 2,0,2,Arsenal,,Over 1.5 Goals,Under 2.5 Goals,Under 3.5 Goals,No,,6/6,betfair_oficial
2026-09-12 21:02,2026-09-12 19:00,Ciudad de Bolivar,CA Central Norte,LIQUIDADO,0 - 0,0,0,The Draw,Under 0.5 Goals,Under 1.5 Goals,Under 2.5 Goals,Under 3.5 Goals,No,,7/7,betfair_oficial
2026-09-12 21:02,2026-09-12 19:00,Guarani (Par),Cerro Porteno,LIQUIDADO,1 - 1,1,1,The Draw,,,Under 2.5 Goals,Under 3.5 Goals,,,4/4,betfair_oficial
2026-09-12 21:07,2026-09-12 18:45,Lorient,Toulouse,LIQUIDADO,2 - 2,2,2,The Draw,,,,,,,2/2,betfair_oficial
2026-09-12 21:07,2026-09-12 19:00,CD Gualberto Villarroel,Nacional Potosi,LIQUIDADO,0 - 3,0,3,Nacional Potosi,,,Over 2.5 Goals,Under 3.5 Goals,No,,5/5,betfair_oficial
2026-09-12 21:07,2026-09-12 19:00,Manta FC,Aucas,LIQUIDADO,0 - 0,0,0,The Draw,Under 0.5 Goals,Under 1.5 Goals,Under 2.5 Goals,Under 3.5 Goals,No,,7/7,betfair_oficial
2026-09-12 21:12,2026-09-12 19:00,Brown de Adrogue,San Martin de Burzaco,LIQUIDADO,0 - 2,0,2,San Martin de Burzaco,,,Under 2.5 Goals,Under 3.5 Goals,No,,5/5,betfair_oficial
2026-09-13 15:12,2026-09-12 19:30,Wanderers (Uru),Nacional (Uru),LIQUIDADO,1 - 1,1,1,The Draw,,Over 1.5 Goals,Under 2.5 Goals,Under 3.5 Goals,Yes,,6/6,betfair_oficial
2026-09-13 15:12,2026-09-12 19:30,Academico de Viseu,Guimaraes,LIQUIDADO,2 - 1,2,1,Academico de Viseu,,,Over 2.5 Goals,Under 3.5 Goals,,,4/6,betfair_oficial
2026-09-13 15:12,2026-09-12 20:00,Chapecoense,Internacional,LIQUIDADO,1 - 2,1,2,Internacional,,,Over 2.5 Goals,Under 3.5 Goals,,,4/4,betfair_oficial
2026-09-13 15:12,2026-09-12 20:00,Botafogo PB,Floresta EC,LIQUIDADO,0 - 1,0,1,Floresta EC,Over 0.5 Goals,Under 1.5 Goals,Under 2.5 Goals,Under 3.5 Goals,No,,7/8,betfair_oficial
2026-09-13 15:12,2026-09-12 20:00,Quilmes,San Martin de San Juan,LIQUIDADO,1 - 0,1,0,Quilmes,Over 0.5 Goals,Under 1.5 Goals,Under 2.5 Goals,Under 3.5 Goals,No,,7/7,betfair_oficial
2026-09-13 15:12,2026-09-12 20:00,CS Constantine,ASO Chlef,LIQUIDADO,3 - 0,3,0,CS Constantine,,Over 1.5 Goals,Over 2.5 Goals,Under 3.5 Goals,No,,6/6,betfair_oficial
2026-09-13 15:12,2026-09-12 20:00,Academia Anzoategui FC,Metropolitanos,LIQUIDADO,0 - 2,0,2,Metropolitanos,,Over 1.5 Goals,Under 2.5 Goals,Under 3.5 Goals,No,,6/6,betfair_oficial
2026-09-13 15:12,2026-09-12 20:00,FC Supra du Quebec,HFX Wanderers,LIQUIDADO,0 - 2,0,2,HFX Wanderers,Over 0.5 Goals,Over 1.5 Goals,Under 2.5 Goals,Under 3.5 Goals,No,,7/8,betfair_oficial
2026-09-13 15:12,2026-09-12 20:30,Envigado,Leones FC,LIQUIDADO,1 - 1,1,1,The Draw,,,Under 2.5 Goals,Under 3.5 Goals,,,4/8,betfair_oficial
2026-09-13 15:12,2026-09-12 20:30,Atl Tucuman,River Plate,LIQUIDADO,1 - 2,1,2,River Plate,,,,Under 3.5 Goals,,,3/6,betfair_oficial
2026-09-13 15:12,2026-09-12 21:00,Atletico Balboa,CD Platense,LIQUIDADO,3 - 1,3,1,Atletico Balboa,,Over 1.5 Goals,Over 2.5 Goals,Over 3.5 Goals,Yes,,6/8,betfair_oficial
2026-09-13 15:12,2026-09-12 21:00,Paysandu FC,La Luz FC,LIQUIDADO,0 - 1,0,1,La Luz FC,Over 0.5 Goals,Under 1.5 Goals,Under 2.5 Goals,Under 3.5 Goals,No,Over 0.5 Goals,8/8,betfair_oficial
2026-09-13 15:12,2026-09-12 21:00,Estudiantes de Merida,Deportivo Tachira,LIQUIDADO,2 - 0,2,0,Estudiantes de Merida,Over 0.5 Goals,Over 1.5 Goals,Under 2.5 Goals,Under 3.5 Goals,No,Under 0.5 Goals,8/8,betfair_oficial
2026-09-13 15:12,2026-09-12 21:05,Internacional de Bogotá,Llaneros FC,LIQUIDADO,3 - 2,3,2,Internacional de Bogotá,Over 0.5 Goals,Over 1.5 Goals,Over 2.5 Goals,Over 3.5 Goals,Yes,Over 0.5 Goals,8/8,betfair_oficial
2026-09-13 15:12,2026-09-12 21:15,The Strongest,CDT Real Oruro,LIQUIDADO,Any Other Home Win,,,The Strongest,Over 0.5 Goals,Over 1.5 Goals,Over 2.5 Goals,Over 3.5 Goals,No,Over 0.5 Goals,8/8,betfair_oficial
2026-09-13 15:12,2026-09-12 21:30,Deportivo La Guaira,Universidad de Venezuela,LIQUIDADO,0 - 2,0,2,Universidad de Venezuela,,Over 1.5 Goals,Under 2.5 Goals,Under 3.5 Goals,No,,6/8,betfair_oficial
2026-09-13 15:12,2026-09-12 21:30,Guayaquil City,Mushuc Runa,LIQUIDADO,3 - 1,3,1,Guayaquil City,,Over 1.5 Goals,Over 2.5 Goals,Over 3.5 Goals,Yes,,6/8,betfair_oficial
2026-09-13 15:12,2026-09-12 21:30,SE Palmeiras,Sao Paulo,LIQUIDADO,2 - 0,2,0,SE Palmeiras,,Over 1.5 Goals,Under 2.5 Goals,Under 3.5 Goals,No,Over 0.5 Goals,7/8,betfair_oficial
2026-09-13 15:12,2026-09-12 21:30,Deportivo Recoleta,Sportivo Trinidense,LIQUIDADO,1 - 3,1,3,Sportivo Trinidense,Over 0.5 Goals,Over 1.5 Goals,Over 2.5 Goals,Over 3.5 Goals,Yes,Under 0.5 Goals,8/8,betfair_oficial
2026-09-13 15:12,2026-09-12 21:30,CD Aguila,CD Inca,LIQUIDADO,3 - 1,3,1,CD Aguila,Over 0.5 Goals,Over 1.5 Goals,Over 2.5 Goals,Over 3.5 Goals,Yes,Over 0.5 Goals,8/8,betfair_oficial
2026-09-13 15:12,2026-09-12 22:30,Maringa,Santa Cruz PE,LIQUIDADO,0 - 1,0,1,Santa Cruz PE,Over 0.5 Goals,Under 1.5 Goals,Under 2.5 Goals,Under 3.5 Goals,No,Under 0.5 Goals,8/8,betfair_oficial
2026-09-13 15:12,2026-09-12 23:00,Palestino,Univ Catolica (Chile),LIQUIDADO,2 - 3,2,3,Univ Catolica (Chile),Over 0.5 Goals,Over 1.5 Goals,Over 2.5 Goals,Over 3.5 Goals,Yes,Over 0.5 Goals,8/8,betfair_oficial
2026-09-13 15:12,2026-09-12 23:00,Toluca,Atlas,LIQUIDADO,Any Other Home Win,,,Toluca,Over 0.5 Goals,Over 1.5 Goals,Over 2.5 Goals,Over 3.5 Goals,Yes,Over 0.5 Goals,8/8,betfair_oficial
2026-09-13 15:12,2026-09-12 23:00,Talleres,Union Santa Fe,LIQUIDADO,2 - 1,2,1,Talleres,Over 0.5 Goals,Over 1.5 Goals,Over 2.5 Goals,Under 3.5 Goals,Yes,Over 0.5 Goals,8/8,betfair_oficial
2026-09-13 15:12,2026-09-12 23:00,Internacional de Palmira,Real Cartagena,LIQUIDADO,2 - 1,2,1,Internacional de Palmira,Over 0.5 Goals,Over 1.5 Goals,Over 2.5 Goals,Under 3.5 Goals,Yes,Over 0.5 Goals,8/8,betfair_oficial
2026-09-13 15:12,2026-09-12 23:00,Puerto Cabello,Carabobo FC,LIQUIDADO,0 - 2,0,2,Carabobo FC,Over 0.5 Goals,Over 1.5 Goals,Under 2.5 Goals,Under 3.5 Goals,No,Under 0.5 Goals,8/8,betfair_oficial
2026-09-13 15:12,2026-09-12 23:00,Cerro Largo FC,Central Espanol,LIQUIDADO,0 - 0,0,0,The Draw,Under 0.5 Goals,Under 1.5 Goals,Under 2.5 Goals,Under 3.5 Goals,No,Under 0.5 Goals,8/8,betfair_oficial
2026-09-13 15:12,2026-09-12 23:00,Forge,Atletico Ottawa,LIQUIDADO,3 - 0,3,0,Forge,Over 0.5 Goals,Over 1.5 Goals,Over 2.5 Goals,Under 3.5 Goals,No,Under 0.5 Goals,8/8,betfair_oficial
2026-09-13 15:12,2026-09-12 23:00,Inter San Carlos,Puntarenas F.C.,LIQUIDADO,1 - 1,1,1,The Draw,Over 0.5 Goals,Over 1.5 Goals,Under 2.5 Goals,Under 3.5 Goals,Yes,Over 0.5 Goals,8/8,betfair_oficial
2026-09-13 15:12,2026-09-12 23:00,Real Soacha Cundinamarca FC,Union Magdalena,LIQUIDADO,2 - 1,2,1,Real Soacha Cundinamarca FC,Over 0.5 Goals,Over 1.5 Goals,Over 2.5 Goals,Under 3.5 Goals,Yes,Over 0.5 Goals,8/8,betfair_oficial
2026-09-13 15:12,2026-09-12 23:10,Boyaca Chico,Ind Medellin,LIQUIDADO,2 - 1,2,1,Boyaca Chico,Over 0.5 Goals,Over 1.5 Goals,Over 2.5 Goals,Under 3.5 Goals,Yes,Over 0.5 Goals,8/8,betfair_oficial
2026-09-13 15:12,2026-09-12 23:30,DC Utd,Atlanta Utd,LIQUIDADO,0 - 0,0,0,The Draw,Under 0.5 Goals,Under 1.5 Goals,Under 2.5 Goals,Under 3.5 Goals,No,Under 0.5 Goals,8/8,betfair_oficial
2026-09-13 15:12,2026-09-12 23:30,Botafogo FR,Red Bull Bragantino,LIQUIDADO,1 - 1,1,1,The Draw,Over 0.5 Goals,Over 1.5 Goals,Under 2.5 Goals,Under 3.5 Goals,Yes,Over 0.5 Goals,8/8,betfair_oficial
2026-09-13 15:12,2026-09-12 23:30,Inter Miami CF,Nashville SC,LIQUIDADO,2 - 2,2,2,The Draw,Over 0.5 Goals,Over 1.5 Goals,Over 2.5 Goals,Over 3.5 Goals,Yes,Over 0.5 Goals,8/8,betfair_oficial
2026-09-13 15:12,2026-09-12 23:30,FC Cincinnati,Charlotte FC,LIQUIDADO,3 - 3,3,3,The Draw,Over 0.5 Goals,Over 1.5 Goals,Over 2.5 Goals,Over 3.5 Goals,Yes,Over 0.5 Goals,8/8,betfair_oficial
2026-09-13 15:12,2026-09-12 23:30,Orlando City,Toronto FC,LIQUIDADO,3 - 0,3,0,Orlando City,Over 0.5 Goals,Over 1.5 Goals,Over 2.5 Goals,Under 3.5 Goals,No,Over 0.5 Goals,8/8,betfair_oficial
2026-09-13 15:12,2026-09-12 23:30,Blooming Santa Cruz,Academia de Balompie Bolivi,LIQUIDADO,Any Other Home Win,,,Blooming Santa Cruz,Over 0.5 Goals,Over 1.5 Goals,Over 2.5 Goals,Over 3.5 Goals,Yes,Over 0.5 Goals,8/8,betfair_oficial
2026-09-13 15:12,2026-09-12 23:30,Columbus,New York Red Bulls,LIQUIDADO,0 - 1,0,1,New York Red Bulls,Over 0.5 Goals,Under 1.5 Goals,Under 2.5 Goals,Under 3.5 Goals,No,Under 0.5 Goals,8/8,betfair_oficial
2026-09-13 15:12,2026-09-13 00:00,Santos,Cruzeiro MG,LIQUIDADO,2 - 1,2,1,Santos,Over 0.5 Goals,Over 1.5 Goals,Over 2.5 Goals,Under 3.5 Goals,Yes,Over 0.5 Goals,8/8,betfair_oficial
2026-09-13 15:12,2026-09-13 00:00,LDU,Deportivo Cuenca,LIQUIDADO,1 - 1,1,1,The Draw,Over 0.5 Goals,Over 1.5 Goals,Under 2.5 Goals,Under 3.5 Goals,Yes,Under 0.5 Goals,8/8,betfair_oficial
2026-09-13 15:12,2026-09-13 00:30,St Louis City SC,Minnesota Utd,LIQUIDADO,Any Other Home Win,,,St Louis City SC,Over 0.5 Goals,Over 1.5 Goals,Over 2.5 Goals,Over 3.5 Goals,Yes,Over 0.5 Goals,8/8,betfair_oficial
2026-09-13 15:12,2026-09-13 00:30,FC Dallas,Portland Timbers,LIQUIDADO,2 - 1,2,1,FC Dallas,Over 0.5 Goals,Over 1.5 Goals,Over 2.5 Goals,Under 3.5 Goals,Yes,Over 0.5 Goals,8/8,betfair_oficial
2026-09-13 15:12,2026-09-13 00:30,Kansas City,Los Angeles FC,LIQUIDADO,3 - 1,3,1,Kansas City,Over 0.5 Goals,Over 1.5 Goals,Over 2.5 Goals,Over 3.5 Goals,Yes,Over 0.5 Goals,8/8,betfair_oficial
2026-09-13 15:12,2026-09-13 01:00,CD Fas,Alianza FC (SLV),LIQUIDADO,,,,,,,,,,,8/8,betfair_oficial
2026-09-13 15:12,2026-09-13 01:00,Alianza Lima,Universitario de Deportes,LIQUIDADO,1 - 2,1,2,Universitario de Deportes,Over 0.5 Goals,Over 1.5 Goals,Over 2.5 Goals,Under 3.5 Goals,Yes,Over 0.5 Goals,8/8,betfair_oficial
2026-09-13 15:12,2026-09-13 01:10,Monterrey,Tigres,LIQUIDADO,0 - 0,0,0,The Draw,Under 0.5 Goals,Under 1.5 Goals,Under 2.5 Goals,Under 3.5 Goals,No,Under 0.5 Goals,8/8,betfair_oficial
2026-09-13 15:12,2026-09-13 01:20,Alianza FC Valledupar,Junior FC Barranquilla,LIQUIDADO,1 - 0,1,0,Alianza FC Valledupar,Over 0.5 Goals,Under 1.5 Goals,Under 2.5 Goals,Under 3.5 Goals,No,Over 0.5 Goals,8/8,betfair_oficial
2026-09-13 15:12,2026-09-13 01:30,Real Salt Lake,New York City,LIQUIDADO,0 - 2,0,2,New York City,Over 0.5 Goals,Over 1.5 Goals,Under 2.5 Goals,Under 3.5 Goals,No,Over 0.5 Goals,8/8,betfair_oficial
2026-09-13 15:12,2026-09-13 01:30,Colorado,CF Montreal,LIQUIDADO,1 - 0,1,0,Colorado,Over 0.5 Goals,Under 1.5 Goals,Under 2.5 Goals,Under 3.5 Goals,No,Over 0.5 Goals,8/8,betfair_oficial
2026-09-13 15:12,2026-09-13 02:00,Municipal Grecia,ADR Jicaral,LIQUIDADO,1 - 1,1,1,The Draw,Over 0.5 Goals,Over 1.5 Goals,Under 2.5 Goals,Under 3.5 Goals,Yes,Under 0.5 Goals,8/8,betfair_oficial
2026-09-13 15:12,2026-09-13 02:00,Escorpiones FC,Cs Herediano,LIQUIDADO,0 - 2,0,2,CS Herediano,Over 0.5 Goals,Over 1.5 Goals,Under 2.5 Goals,Under 3.5 Goals,No,Under 0.5 Goals,8/8,betfair_oficial
2026-09-13 15:12,2026-09-13 02:30,San Jose Earthquakes,Houston Dynamo,LIQUIDADO,1 - 0,1,0,San Jose Earthquakes,Over 0.5 Goals,Under 1.5 Goals,Under 2.5 Goals,Under 3.5 Goals,No,Over 0.5 Goals,8/8,betfair_oficial
2026-09-13 15:12,2026-09-13 02:30,LA Galaxy,Seattle Sounders,LIQUIDADO,1 - 1,1,1,The Draw,Over 0.5 Goals,Over 1.5 Goals,Under 2.5 Goals,Under 3.5 Goals,Yes,Over 0.5 Goals,8/8,betfair_oficial
2026-09-13 15:12,2026-09-13 03:15,Cruz Azul,CF America,LIQUIDADO,Any Other Home Win,,,Cruz Azul,Over 0.5 Goals,Over 1.5 Goals,Over 2.5 Goals,Over 3.5 Goals,Yes,Over 0.5 Goals,8/8,betfair_oficial
2026-09-13 15:12,2026-09-13 00:00,Blooming Santa Cruz,Academia de Balompie Bolivia,LIQUIDADO,Any Other Home Win,,,Blooming Santa Cruz,Over 0.5 Goals,Over 1.5 Goals,Over 2.5 Goals,Over 3.5 Goals,Yes,Over 0.5 Goals,8/8,betfair_oficial
2026-09-13 15:12,2026-09-12 23:00,Blooming Santa Cruz,Academia de Balompie Bolivia,LIQUIDADO,Any Other Home Win,,,,,,Over 2.5 Goals,Over 3.5 Goals,Yes,Over 0.5 Goals,5/5,betfair_oficial
2026-09-13 15:12,2026-09-13 05:30,Yuen Long,Kui Tan SC,LIQUIDADO,Any Other Home Win,,,Yuen Long,Over 0.5 Goals,Over 1.5 Goals,Over 2.5 Goals,Over 3.5 Goals,No,Under 0.5 Goals,8/8,betfair_oficial
2026-09-13 15:12,2026-09-13 06:00,Yokohama SCC,Minebea Mitsumi FC,LIQUIDADO,1 - 2,1,2,Minebea Mitsumi FC,Over 0.5 Goals,Over 1.5 Goals,Over 2.5 Goals,Under 3.5 Goals,Yes,Under 0.5 Goals,8/8,betfair_oficial
2026-09-13 15:12,2026-09-13 06:00,Iwate Grulla Morioka,Azul Claro Numazu,LIQUIDADO,1 - 1,1,1,The Draw,Over 0.5 Goals,Over 1.5 Goals,Under 2.5 Goals,Under 3.5 Goals,Yes,Over 0.5 Goals,8/8,betfair_oficial
2026-09-13 15:12,2026-09-13 07:00,Tung Sing,Sham Shui Po,LIQUIDADO,2 - 1,2,1,Tung Sing,Over 0.5 Goals,Over 1.5 Goals,Over 2.5 Goals,Under 3.5 Goals,Yes,Over 0.5 Goals,8/8,betfair_oficial
2026-09-13 15:12,2026-09-13 07:00,J-Lease,Yokogawa Musashino,LIQUIDADO,,,,,,,,,,,8/8,betfair_oficial
2026-09-13 15:12,2026-09-13 07:00,Criacao Shinjuku,Maruyasu Okazaki,LIQUIDADO,1 - 0,1,0,Criacao Shinjuku,Over 0.5 Goals,Under 1.5 Goals,Under 2.5 Goals,Under 3.5 Goals,No,Under 0.5 Goals,8/8,betfair_oficial
2026-09-13 15:12,2026-09-13 07:30,Sui Tung,Double Flower,LIQUIDADO,0 - 2,0,2,Double Flower,Over 0.5 Goals,Over 1.5 Goals,Under 2.5 Goals,Under 3.5 Goals,No,Under 0.5 Goals,8/8,betfair_oficial
2026-09-13 15:12,2026-09-13 07:30,Gimcheon Sangmu,Gangwon,LIQUIDADO,2 - 2,2,2,The Draw,Over 0.5 Goals,Over 1.5 Goals,Over 2.5 Goals,Over 3.5 Goals,Yes,Over 0.5 Goals,8/8,betfair_oficial
2026-09-13 15:12,2026-09-13 07:30,Jeonnam Dragons,Gimpo Citizen,LIQUIDADO,2 - 2,2,2,The Draw,Over 0.5 Goals,Over 1.5 Goals,Over 2.5 Goals,Over 3.5 Goals,Yes,Over 0.5 Goals,8/8,betfair_oficial
2026-09-13 15:12,2026-09-13 07:30,Dreams Metro Gallery,Citizen AA,LIQUIDADO,1 - 2,1,2,Citizen AA,Over 0.5 Goals,Over 1.5 Goals,Over 2.5 Goals,Under 3.5 Goals,Yes,Over 0.5 Goals,8/8,betfair_oficial
2026-09-13 15:12,2026-09-13 07:30,Resources Capital FC,Hoi King SA,LIQUIDADO,Any Other Home Win,,,Resources Capital FC,Over 0.5 Goals,Over 1.5 Goals,Over 2.5 Goals,Over 3.5 Goals,Yes,Over 0.5 Goals,8/8,betfair_oficial
2026-09-13 15:12,2026-09-13 07:30,WSE,South China,LIQUIDADO,1 - 0,1,0,WSE,Over 0.5 Goals,Under 1.5 Goals,Under 2.5 Goals,Under 3.5 Goals,No,Under 0.5 Goals,8/8,betfair_oficial
2026-09-13 15:12,2026-09-13 07:30,Sai Kung Friends,Tuen Mun SA,LIQUIDADO,1 - 0,1,0,Sai Kung Friends,Over 0.5 Goals,Under 1.5 Goals,Under 2.5 Goals,Under 3.5 Goals,No,Under 0.5 Goals,8/8,betfair_oficial
2026-09-13 15:12,2026-09-13 07:30,Gyeongnam,Seongnam FC,LIQUIDADO,1 - 0,1,0,Gyeongnam,Over 0.5 Goals,Under 1.5 Goals,Under 2.5 Goals,Under 3.5 Goals,No,Under 0.5 Goals,8/8,betfair_oficial
2026-09-13 15:12,2026-09-13 08:00,Chindia Targoviste,CSC 1599 Selimbar,LIQUIDADO,Any Other Home Win,,,Chindia Targoviste,Over 0.5 Goals,Over 1.5 Goals,Over 2.5 Goals,Over 3.5 Goals,No,Over 0.5 Goals,8/8,betfair_oficial
2026-09-13 15:12,2026-09-13 08:00,Guangzhou Alpha,Lanzhou Longyuan Athletic,LIQUIDADO,1 - 2,1,2,Lanzhou Longyuan Athletic,Over 0.5 Goals,Over 1.5 Goals,Over 2.5 Goals,Under 3.5 Goals,Yes,Under 0.5 Goals,8/8,betfair_oficial
2026-09-13 15:12,2026-09-13 08:00,Shatin SA,Kowloon City FC,LIQUIDADO,2 - 3,2,3,Kowloon City FC,Over 0.5 Goals,Over 1.5 Goals,Over 2.5 Goals,Over 3.5 Goals,Yes,Over 0.5 Goals,8/8,betfair_oficial
2026-09-13 15:12,2026-09-13 08:00,Briobecca Urayasu SC,Verspah Oita,LIQUIDADO,0 - 0,0,0,The Draw,Under 0.5 Goals,Under 1.5 Goals,Under 2.5 Goals,Under 3.5 Goals,No,Under 0.5 Goals,8/8,betfair_oficial
2026-09-13 15:12,2026-09-13 08:00,North District,Hong Kong Rangers FC,LIQUIDADO,Any Other Home Win,,,North District,Over 0.5 Goals,Over 1.5 Goals,Over 2.5 Goals,Over 3.5 Goals,No,Over 0.5 Goals,8/8,betfair_oficial
2026-09-13 15:12,2026-09-13 08:15,Slavia Praha B,Zizkov,LIQUIDADO,0 - 1,0,1,Zizkov,Over 0.5 Goals,Under 1.5 Goals,Under 2.5 Goals,Under 3.5 Goals,No,Under 0.5 Goals,8/8,betfair_oficial
2026-09-13 15:12,2026-09-13 08:30,Persela Lamongan,Persis Solo,LIQUIDADO,2 - 0,2,0,Persela Lamongan,Over 0.5 Goals,Over 1.5 Goals,Under 2.5 Goals,Under 3.5 Goals,No,Over 0.5 Goals,8/8,betfair_oficial
2026-09-13 15:12,2026-09-13 08:30,PSM Makassar,Arema Cronus,LIQUIDADO,3 - 3,3,3,The Draw,Over 0.5 Goals,Over 1.5 Goals,Over 2.5 Goals,Over 3.5 Goals,Yes,Over 0.5 Goals,8/8,betfair_oficial
2026-09-13 15:12,2026-09-13 08:30,RANS Nusantara FC,Persiba Balikpapan,LIQUIDADO,3 - 2,3,2,RANS Nusantara FC,Over 0.5 Goals,Over 1.5 Goals,Over 2.5 Goals,Over 3.5 Goals,Yes,Over 0.5 Goals,8/8,betfair_oficial
2026-09-13 15:12,2026-09-13 08:30,Persita Tangerang,Malut United,LIQUIDADO,3 - 2,3,2,Persita Tangerang,Over 0.5 Goals,Over 1.5 Goals,Over 2.5 Goals,Over 3.5 Goals,Yes,Over 0.5 Goals,8/8,betfair_oficial
2026-09-13 15:12,2026-09-13 08:30,Sumset United,Psms Medan,LIQUIDADO,2 - 2,2,2,The Draw,Over 0.5 Goals,Over 1.5 Goals,Over 2.5 Goals,Over 3.5 Goals,Yes,Over 0.5 Goals,8/8,betfair_oficial
2026-09-13 15:12,2026-09-13 09:00,Tokyo-V,Jef Utd Chiba,LIQUIDADO,1 - 1,1,1,The Draw,Over 0.5 Goals,Over 1.5 Goals,Under 2.5 Goals,Under 3.5 Goals,Yes,Under 0.5 Goals,8/8,betfair_oficial
2026-09-13 15:12,2026-09-13 09:00,Matsumoto,Sagamihara,LIQUIDADO,1 - 3,1,3,Sagamihara,Over 0.5 Goals,Over 1.5 Goals,Over 2.5 Goals,Over 3.5 Goals,Yes,Over 0.5 Goals,8/8,betfair_oficial
2026-09-13 15:12,2026-09-13 09:00,Sendai,Sapporo,LIQUIDADO,1 - 1,1,1,The Draw,Over 0.5 Goals,Over 1.5 Goals,Under 2.5 Goals,Under 3.5 Goals,Yes,Over 0.5 Goals,8/8,betfair_oficial
2026-09-13 15:12,2026-09-13 09:00,FC Ryukyu,Kamatamare Sanuki,LIQUIDADO,1 - 0,1,0,FC Ryukyu,Over 0.5 Goals,Under 1.5 Goals,Under 2.5 Goals,Under 3.5 Goals,No,Over 0.5 Goals,8/8,betfair_oficial
2026-09-13 15:12,2026-09-13 09:00,Albirex Niigata,Yamagata,LIQUIDADO,1 - 0,1,0,Albirex Niigata,Over 0.5 Goals,Under 1.5 Goals,Under 2.5 Goals,Under 3.5 Goals,No,Under 0.5 Goals,8/8,betfair_oficial
2026-09-13 15:12,2026-09-13 09:30,Urawa,Okayama,LIQUIDADO,1 - 2,1,2,Okayama,Over 0.5 Goals,Over 1.5 Goals,Over 2.5 Goals,Under 3.5 Goals,Yes,Over 0.5 Goals,8/8,betfair_oficial
2026-09-13 15:12,2026-09-13 09:30,Mio Biwako Shiga,Kagoshima Utd,LIQUIDADO,1 - 2,1,2,Kagoshima Utd,Over 0.5 Goals,Over 1.5 Goals,Over 2.5 Goals,Under 3.5 Goals,Yes,Over 0.5 Goals,8/8,betfair_oficial
2026-09-13 15:12,2026-09-13 10:00,Gwangju FC,FC Anyang,LIQUIDADO,1 - 1,1,1,The Draw,Over 0.5 Goals,Over 1.5 Goals,Under 2.5 Goals,Under 3.5 Goals,Yes,Over 0.5 Goals,8/8,betfair_oficial
2026-09-13 15:12,2026-09-13 10:00,Kochi United,Kanazawa,LIQUIDADO,1 - 1,1,1,The Draw,Over 0.5 Goals,Over 1.5 Goals,Under 2.5 Goals,Under 3.5 Goals,Yes,Over 0.5 Goals,8/8,betfair_oficial
2026-09-13 15:12,2026-09-13 10:00,Nagano Parceiro,Tochigi SC,LIQUIDADO,1 - 1,1,1,The Draw,Over 0.5 Goals,Over 1.5 Goals,Under 2.5 Goals,Under 3.5 Goals,Yes,Over 0.5 Goals,8/8,betfair_oficial
2026-09-13 15:12,2026-09-13 10:00,Unia Skierniewice,Pogon Grodzisk Mazowiecki,LIQUIDADO,3 - 2,3,2,Unia Skierniewice,Over 0.5 Goals,Over 1.5 Goals,Over 2.5 Goals,Over 3.5 Goals,Yes,Over 0.5 Goals,8/8,betfair_oficial
2026-09-13 15:12,2026-09-13 10:00,Suwon FC,Cheonan City,LIQUIDADO,1 - 1,1,1,The Draw,Over 0.5 Goals,Over 1.5 Goals,Under 2.5 Goals,Under 3.5 Goals,Yes,Under 0.5 Goals,8/8,betfair_oficial
2026-09-13 15:12,2026-09-13 10:00,Busan IPark,Gimhae City,LIQUIDADO,2 - 0,2,0,Busan IPark,Over 0.5 Goals,Over 1.5 Goals,Under 2.5 Goals,Under 3.5 Goals,No,Over 0.5 Goals,8/8,betfair_oficial
2026-09-13 15:12,2026-09-13 10:00,AVS Futebol SAD,Farense,LIQUIDADO,0 - 0,0,0,The Draw,Under 0.5 Goals,Under 1.5 Goals,Under 2.5 Goals,Under 3.5 Goals,No,Under 0.5 Goals,8/8,betfair_oficial
2026-09-13 15:12,2026-09-13 10:00,Metalul Buzau,Unirea Slobozia,LIQUIDADO,2 - 0,2,0,Metalul Buzau,Over 0.5 Goals,Over 1.5 Goals,Under 2.5 Goals,Under 3.5 Goals,No,Under 0.5 Goals,8/8,betfair_oficial
2026-09-13 15:12,2026-09-13 10:00,Hoang Anh Gia Lai,Hai Phong,LIQUIDADO,1 - 3,1,3,Hai Phong,Over 0.5 Goals,Over 1.5 Goals,Over 2.5 Goals,Over 3.5 Goals,Yes,Over 0.5 Goals,8/8,betfair_oficial
2026-09-13 15:12,2026-09-13 10:15,Excelsior,FC Utrecht,LIQUIDADO,1 - 2,1,2,FC Utrecht,Over 0.5 Goals,Over 1.5 Goals,Over 2.5 Goals,Under 3.5 Goals,Yes,Over 0.5 Goals,8/8,betfair_oficial
2026-09-13 15:12,2026-09-13 10:15,Wisla Plock,Cracovia Krakow,LIQUIDADO,3 - 1,3,1,Wisla Plock,Over 0.5 Goals,Over 1.5 Goals,Over 2.5 Goals,Over 3.5 Goals,Yes,Over 0.5 Goals,8/8,betfair_oficial
2026-09-13 15:12,2026-09-13 11:00,Wuxi Wugou,Nantong Zhiyun F.C,LIQUIDADO,1 - 3,1,3,Nantong Zhiyun F.C,Over 0.5 Goals,Over 1.5 Goals,Over 2.5 Goals,Over 3.5 Goals,Yes,Over 0.5 Goals,8/8,betfair_oficial
2026-09-13 15:12,2026-09-13 11:00,Man Utd (W),Chelsea (W),LIQUIDADO,Any Other Away Win,,,Chelsea (W),Over 0.5 Goals,Over 1.5 Goals,Over 2.5 Goals,Over 3.5 Goals,No,Over 0.5 Goals,8/8,betfair_oficial
2026-09-13 15:12,2026-09-13 11:00,Prachuap,Sukhothai,LIQUIDADO,1 - 0,1,0,Prachuap,Over 0.5 Goals,Under 1.5 Goals,Under 2.5 Goals,Under 3.5 Goals,No,Over 0.5 Goals,8/8,betfair_oficial
2026-09-13 15:12,2026-09-13 11:00,Hong Linh Ha Tinh,Truong Tuoi Dong Nai,LIQUIDADO,1 - 0,1,0,Hong Linh Ha Tinh,Over 0.5 Goals,Under 1.5 Goals,Under 2.5 Goals,Under 3.5 Goals,No,Under 0.5 Goals,8/8,betfair_oficial
2026-09-13 15:12,2026-09-13 11:00,Rangers,Celtic,LIQUIDADO,3 - 0,3,0,Rangers,Over 0.5 Goals,Over 1.5 Goals,Over 2.5 Goals,Under 3.5 Goals,No,Over 0.5 Goals,8/8,betfair_oficial
2026-09-13 15:12,2026-09-13 11:00,Banik Ostrava,Pardubice,LIQUIDADO,1 - 2,1,2,Pardubice,Over 0.5 Goals,Over 1.5 Goals,Over 2.5 Goals,Under 3.5 Goals,Yes,Over 0.5 Goals,8/8,betfair_oficial
2026-09-13 15:12,2026-09-13 11:00,Irtysh Pavlodar,Okzhetpes,LIQUIDADO,2 - 1,2,1,Irtysh Pavlodar,Over 0.5 Goals,Over 1.5 Goals,Over 2.5 Goals,Under 3.5 Goals,Yes,Over 0.5 Goals,8/8,betfair_oficial
2026-09-13 15:12,2026-09-13 11:00,Sheff Utd,Wolves,LIQUIDADO,0 - 1,0,1,Wolves,Over 0.5 Goals,Under 1.5 Goals,Under 2.5 Goals,Under 3.5 Goals,No,Under 0.5 Goals,8/8,betfair_oficial
2026-09-13 15:12,2026-09-13 11:00,Shandong Taishan B,Hangzhou Linping Wuyue,LIQUIDADO,0 - 0,0,0,The Draw,Under 0.5 Goals,Under 1.5 Goals,Under 2.5 Goals,Under 3.5 Goals,No,Under 0.5 Goals,8/8,betfair_oficial
2026-09-13 15:12,2026-09-13 11:00,Qingdao Red Lions,Xiamen Feilu,LIQUIDADO,1 - 0,1,0,Qingdao Red Lions,Over 0.5 Goals,Under 1.5 Goals,Under 2.5 Goals,Under 3.5 Goals,No,Under 0.5 Goals,8/8,betfair_oficial
2026-09-13 15:12,2026-09-13 11:00,BFC Daugavpils,Rigas Futbola Skola,LIQUIDADO,1 - 2,1,2,Rigas Futbola Skola,Over 0.5 Goals,Over 1.5 Goals,Over 2.5 Goals,Under 3.5 Goals,Yes,Over 0.5 Goals,8/8,betfair_oficial
2026-09-13 15:12,2026-09-13 11:30,Wenzhou Professional,Dalian Yingbo II,LIQUIDADO,1 - 0,1,0,Wenzhou Professional,Over 0.5 Goals,Under 1.5 Goals,Under 2.5 Goals,Under 3.5 Goals,No,Under 0.5 Goals,8/8,betfair_oficial
2026-09-13 15:12,2026-09-13 11:30,VfL Osnabruck,Hertha Berlin,LIQUIDADO,1 - 3,1,3,Hertha Berlin,Over 0.5 Goals,Over 1.5 Goals,Over 2.5 Goals,Over 3.5 Goals,Yes,Under 0.5 Goals,8/8,betfair_oficial
2026-09-13 15:12,2026-09-13 11:30,Shijiazhuang Gongfu FC,Shenzhen Juniors FC,LIQUIDADO,0 - 0,0,0,The Draw,Under 0.5 Goals,Under 1.5 Goals,Under 2.5 Goals,Under 3.5 Goals,No,Under 0.5 Goals,8/8,betfair_oficial
2026-09-13 15:12,2026-09-13 11:30,Shenzhen 2028,Xian Chongde Ronghai,LIQUIDADO,1 - 0,1,0,Shenzhen 2028,Over 0.5 Goals,Under 1.5 Goals,Under 2.5 Goals,Under 3.5 Goals,No,Under 0.5 Goals,8/8,betfair_oficial
2026-09-13 15:12,2026-09-13 11:30,Sabah FA,Brunei DPMM FC,LIQUIDADO,1 - 2,1,2,Brunei DPMM FC,Over 0.5 Goals,Over 1.5 Goals,Over 2.5 Goals,Under 3.5 Goals,Yes,Over 0.5 Goals,8/8,betfair_oficial
2026-09-13 15:12,2026-09-13 11:30,Karlsruhe,Cottbus,LIQUIDADO,0 - 3,0,3,Cottbus,Over 0.5 Goals,Over 1.5 Goals,Over 2.5 Goals,Under 3.5 Goals,No,Over 0.5 Goals,8/8,betfair_oficial
2026-09-13 15:12,2026-09-13 11:30,Stuttgart II,Preussen Munster,LIQUIDADO,1 - 2,1,2,Preussen Munster,Over 0.5 Goals,Over 1.5 Goals,Over 2.5 Goals,Under 3.5 Goals,Yes,Over 0.5 Goals,8/8,betfair_oficial
2026-09-13 15:12,2026-09-13 11:30,Club Brugge,Antwerp,LIQUIDADO,3 - 1,3,1,Club Brugge,Over 0.5 Goals,Over 1.5 Goals,Over 2.5 Goals,Over 3.5 Goals,Yes,Over 0.5 Goals,8/8,betfair_oficial
2026-09-13 15:12,2026-09-13 11:30,Meizhou Hakka,Nanjing City,LIQUIDADO,2 - 1,2,1,Meizhou Hakka,Over 0.5 Goals,Over 1.5 Goals,Over 2.5 Goals,Under 3.5 Goals,Yes,Over 0.5 Goals,8/8,betfair_oficial
2026-09-13 15:12,2026-09-13 11:30,FC Heidenheim,Holstein Kiel,LIQUIDADO,1 - 0,1,0,FC Heidenheim,Over 0.5 Goals,Under 1.5 Goals,Under 2.5 Goals,Under 3.5 Goals,No,Under 0.5 Goals,8/8,betfair_oficial
2026-09-13 15:12,2026-09-13 11:30,Paide Linnameeskond,Harju JK Laagri,LIQUIDADO,1 - 2,1,2,Harju JK Laagri,Over 0.5 Goals,Over 1.5 Goals,Over 2.5 Goals,Under 3.5 Goals,Yes,Over 0.5 Goals,8/8,betfair_oficial
2026-09-13 15:12,2026-09-13 11:30,Panevezys,FK Kauno Zalgiris,LIQUIDADO,0 - 1,0,1,FK Kauno Zalgiris,Over 0.5 Goals,Under 1.5 Goals,Under 2.5 Goals,Under 3.5 Goals,No,Under 0.5 Goals,8/8,betfair_oficial
2026-09-13 15:12,2026-09-13 11:30,Courts Young Lions,FC Jurong,LIQUIDADO,Any Other Away Win,,,FC Jurong,Over 0.5 Goals,Over 1.5 Goals,Over 2.5 Goals,Over 3.5 Goals,No,Over 0.5 Goals,8/8,betfair_oficial
2026-09-13 15:12,2026-09-13 12:00,Persebaya Surabaya,PSIM Yogyakarta,LIQUIDADO,1 - 0,1,0,Persebaya Surabaya,Over 0.5 Goals,Under 1.5 Goals,Under 2.5 Goals,Under 3.5 Goals,No,Under 0.5 Goals,8/8,betfair_oficial
2026-09-13 15:12,2026-09-13 12:00,Lyngby,SonderjyskE,LIQUIDADO,1 - 1,1,1,The Draw,Over 0.5 Goals,Over 1.5 Goals,Under 2.5 Goals,Under 3.5 Goals,Yes,Over 0.5 Goals,8/8,betfair_oficial
2026-09-13 15:12,2026-09-13 12:00,Arges Pitesti,Botosani,LIQUIDADO,1 - 1,1,1,The Draw,Over 0.5 Goals,Over 1.5 Goals,Under 2.5 Goals,Under 3.5 Goals,Yes,Under 0.5 Goals,8/8,betfair_oficial
2026-09-13 15:12,2026-09-13 12:00,Sporting Gijon,Eldense,LIQUIDADO,0 - 1,0,1,Eldense,Over 0.5 Goals,Under 1.5 Goals,Under 2.5 Goals,Under 3.5 Goals,No,Under 0.5 Goals,8/8,betfair_oficial
2026-09-13 15:12,2026-09-13 12:00,Chonburi,Rayong FC,LIQUIDADO,2 - 3,2,3,Rayong FC,Over 0.5 Goals,Over 1.5 Goals,Over 2.5 Goals,Over 3.5 Goals,Yes,Over 0.5 Goals,8/8,betfair_oficial
2026-09-13 15:12,2026-09-13 12:00,VfB Stuttgart (W),Wolfsburg (W),LIQUIDADO,0 - 2,0,2,Wolfsburg (W),Over 0.5 Goals,Over 1.5 Goals,Under 2.5 Goals,Under 3.5 Goals,No,Over 0.5 Goals,8/8,betfair_oficial
2026-09-13 15:12,2026-09-13 12:00,Inter Club Escaldes,CE Carroi,LIQUIDADO,3 - 0,3,0,Inter Club Escaldes,Over 0.5 Goals,Over 1.5 Goals,Over 2.5 Goals,Under 3.5 Goals,No,Over 0.5 Goals,8/8,betfair_oficial
2026-09-13 15:12,2026-09-13 12:00,Elfsborg,Kalmar FF,LIQUIDADO,1 - 0,1,0,Elfsborg,Over 0.5 Goals,Under 1.5 Goals,Under 2.5 Goals,Under 3.5 Goals,No,Under 0.5 Goals,8/8,betfair_oficial
2026-09-13 15:12,2026-09-13 12:00,Sardarapat FC,Alashkert,LIQUIDADO,1 - 1,1,1,The Draw,Over 0.5 Goals,Over 1.5 Goals,Under 2.5 Goals,Under 3.5 Goals,Yes,Over 0.5 Goals,8/8,betfair_oficial
2026-09-13 15:12,2026-09-13 12:00,Celta Vigo,Malaga,LIQUIDADO,1 - 1,1,1,The Draw,Over 0.5 Goals,Over 1.5 Goals,Under 2.5 Goals,Under 3.5 Goals,Yes,Over 0.5 Goals,8/8,betfair_oficial
2026-09-13 15:12,2026-09-13 12:00,FC Zurich,FC Vaduz,LIQUIDADO,2 - 1,2,1,FC Zurich,Over 0.5 Goals,Over 1.5 Goals,Over 2.5 Goals,Under 3.5 Goals,Yes,Over 0.5 Goals,8/8,betfair_oficial
2026-09-13 15:12,2026-09-13 12:00,Dorogi,Ujpest,LIQUIDADO,0 - 0,0,0,The Draw,Under 0.5 Goals,Under 1.5 Goals,Under 2.5 Goals,Under 3.5 Goals,No,Under 0.5 Goals,8/8,betfair_oficial
2026-09-13 15:12,2026-09-13 12:00,FK Ulytau Zhezkazgan,FK Altay,LIQUIDADO,0 - 3,0,3,FK Altay,Over 0.5 Goals,Over 1.5 Goals,Over 2.5 Goals,Under 3.5 Goals,No,Under 0.5 Goals,8/8,betfair_oficial
2026-09-13 15:12,2026-09-13 12:00,Silkeborg,Viborg,LIQUIDADO,1 - 1,1,1,The Draw,Over 0.5 Goals,Over 1.5 Goals,Under 2.5 Goals,Under 3.5 Goals,Yes,Over 0.5 Goals,8/8,betfair_oficial
2026-09-13 15:12,2026-09-13 12:00,KuPS,HJK Helsinki,LIQUIDADO,0 - 0,0,0,The Draw,Under 0.5 Goals,Under 1.5 Goals,Under 2.5 Goals,Under 3.5 Goals,No,Under 0.5 Goals,8/8,betfair_oficial
2026-09-13 15:12,2026-09-13 12:00,Hammarby,Brommapojkarna,LIQUIDADO,3 - 1,3,1,Hammarby,Over 0.5 Goals,Over 1.5 Goals,Over 2.5 Goals,Over 3.5 Goals,Yes,Over 0.5 Goals,8/8,betfair_oficial
2026-09-13 15:12,2026-09-13 12:15,Slavia Sofia,Spartak Varna,LIQUIDADO,0 - 0,0,0,The Draw,Under 0.5 Goals,Under 1.5 Goals,Under 2.5 Goals,Under 3.5 Goals,No,Under 0.5 Goals,8/8,betfair_oficial
2026-09-13 15:12,2026-09-13 12:15,Selangor FA,Kuala Lumpur,LIQUIDADO,3 - 0,3,0,Selangor FA,Over 0.5 Goals,Over 1.5 Goals,Over 2.5 Goals,Under 3.5 Goals,No,Over 0.5 Goals,8/8,betfair_oficial
2026-09-13 15:12,2026-09-13 12:30,Lechia Gdansk,Miedz Legnica,LIQUIDADO,2 - 1,2,1,Lechia Gdansk,Over 0.5 Goals,Over 1.5 Goals,Over 2.5 Goals,Under 3.5 Goals,Yes,Over 0.5 Goals,8/8,betfair_oficial
2026-09-13 15:12,2026-09-13 12:30,Viking,Kristiansund,LIQUIDADO,Any Other Home Win,,,Viking,Over 0.5 Goals,Over 1.5 Goals,Over 2.5 Goals,Over 3.5 Goals,Yes,Over 0.5 Goals,8/8,betfair_oficial
2026-09-13 15:12,2026-09-13 12:30,Austria Wien,SC Austria Lustenau,LIQUIDADO,2 - 1,2,1,Austria Wien,Over 0.5 Goals,Over 1.5 Goals,Over 2.5 Goals,Under 3.5 Goals,Yes,Under 0.5 Goals,8/8,betfair_oficial
2026-09-13 15:12,2026-09-13 12:30,Araz Nakhchivan PFK,PFK Turan Tovuz,LIQUIDADO,2 - 2,2,2,The Draw,Over 0.5 Goals,Over 1.5 Goals,Over 2.5 Goals,Over 3.5 Goals,Yes,Over 0.5 Goals,8/8,betfair_oficial
2026-09-13 15:12,2026-09-13 12:30,WSG Wattens,Hartberg,LIQUIDADO,2 - 2,2,2,The Draw,Over 0.5 Goals,Over 1.5 Goals,Over 2.5 Goals,Over 3.5 Goals,Yes,Over 0.5 Goals,8/8,betfair_oficial
2026-09-13 15:12,2026-09-13 12:30,Polissya Zhytomyr,Livyi Bereg Kyiv,LIQUIDADO,1 - 0,1,0,Polissya Zhytomyr,Over 0.5 Goals,Under 1.5 Goals,Under 2.5 Goals,Under 3.5 Goals,No,Over 0.5 Goals,8/8,betfair_oficial
2026-09-13 15:12,2026-09-13 12:30,Heerenveen,SC Telstar,LIQUIDADO,0 - 0,0,0,The Draw,Under 0.5 Goals,Under 1.5 Goals,Under 2.5 Goals,Under 3.5 Goals,No,Under 0.5 Goals,8/8,betfair_oficial
2026-09-13 15:12,2026-09-13 12:30,Kjelsas,Stjordals-Blink,LIQUIDADO,Any Other Home Win,,,Kjelsas,Over 0.5 Goals,Over 1.5 Goals,Over 2.5 Goals,Over 3.5 Goals,No,Over 0.5 Goals,8/8,betfair_oficial
2026-09-13 15:12,2026-09-13 12:45,Pogon Szczecin,Wieczysta Krakow,LIQUIDADO,2 - 0,2,0,Pogon Szczecin,Over 0.5 Goals,Over 1.5 Goals,Under 2.5 Goals,Under 3.5 Goals,No,Under 0.5 Goals,8/8,betfair_oficial
2026-09-13 15:12,2026-09-13 13:00,Mezohegyesi,Puskas Akademia,LIQUIDADO,Any Other Away Win,,,Puskas Akademia,Over 0.5 Goals,Over 1.5 Goals,Over 2.5 Goals,Over 3.5 Goals,Yes,Over 0.5 Goals,8/8,betfair_oficial
2026-09-13 15:12,2026-09-13 13:00,Nottm Forest (W),Watford (W),LIQUIDADO,2 - 2,2,2,The Draw,Over 0.5 Goals,Over 1.5 Goals,Over 2.5 Goals,Over 3.5 Goals,Yes,Over 0.5 Goals,8/8,betfair_oficial
2026-09-13 15:12,2026-09-13 13:00,Everton (W),Charlton (W),LIQUIDADO,1 - 0,1,0,Everton (W),Over 0.5 Goals,Under 1.5 Goals,Under 2.5 Goals,Under 3.5 Goals,No,Under 0.5 Goals,8/8,betfair_oficial
2026-09-13 15:12,2026-09-13 13:00,Dunaharaszti MTK,Zalaegerszeg,LIQUIDADO,Any Other Away Win,,,Zalaegerszeg,Over 0.5 Goals,Over 1.5 Goals,Over 2.5 Goals,Over 3.5 Goals,Yes,Over 0.5 Goals,8/8,betfair_oficial
2026-09-13 15:12,2026-09-13 13:00,Norrkoping,Oddevold,LIQUIDADO,0 - 0,0,0,The Draw,Under 0.5 Goals,Under 1.5 Goals,Under 2.5 Goals,Under 3.5 Goals,No,Under 0.5 Goals,8/8,betfair_oficial
2026-09-13 15:12,2026-09-13 13:00,Birmingham (W),Brighton (W),LIQUIDADO,2 - 2,2,2,The Draw,Over 0.5 Goals,Over 1.5 Goals,Over 2.5 Goals,Over 3.5 Goals,Yes,Over 0.5 Goals,8/8,betfair_oficial
2026-09-13 15:12,2026-09-13 13:00,Burnley (W),Sunderland (W),LIQUIDADO,1 - 2,1,2,Sunderland (W),Over 0.5 Goals,Over 1.5 Goals,Over 2.5 Goals,Under 3.5 Goals,Yes,Over 0.5 Goals,8/8,betfair_oficial
2026-09-13 15:12,2026-09-13 13:00,Lecce,AC Monza,LIQUIDADO,3 - 2,3,2,Lecce,Over 0.5 Goals,Over 1.5 Goals,Over 2.5 Goals,Over 3.5 Goals,Yes,Over 0.5 Goals,8/8,betfair_oficial
2026-09-13 15:12,2026-09-13 13:00,Varfurdo-Gyula Termal FC,Szentlorinc,LIQUIDADO,0 - 1,0,1,Szentlorinc,Over 0.5 Goals,Under 1.5 Goals,Under 2.5 Goals,Under 3.5 Goals,No,Under 0.5 Goals,8/8,betfair_oficial
2026-09-13 15:28,2026-09-13 13:30,RB Leipzig,Hamburger SV,LIQUIDADO,Any Other Home Win,,,RB Leipzig,Over 0.5 Goals,Over 1.5 Goals,Over 2.5 Goals,Over 3.5 Goals,No,Over 0.5 Goals,8/8,betfair_oficial
2026-09-13 15:38,2026-09-13 13:45,FK Sileks,Bregalnica Stip,LIQUIDADO,2 - 2,2,2,The Draw,Over 0.5 Goals,Over 1.5 Goals,Over 2.5 Goals,Over 3.5 Goals,Yes,Over 0.5 Goals,8/8,betfair_oficial
2026-09-13 15:43,2026-09-13 13:45,Arsenal (W),Crystal Palace (W),LIQUIDADO,0 - 0,0,0,The Draw,Under 0.5 Goals,Under 1.5 Goals,Under 2.5 Goals,Under 3.5 Goals,No,Under 0.5 Goals,8/8,betfair_oficial
2026-09-13 15:53,2026-09-13 14:00,Kuressaare,Tammeka Tartu,LIQUIDADO,1 - 3,1,3,Tammeka Tartu,Over 0.5 Goals,Over 1.5 Goals,Over 2.5 Goals,Over 3.5 Goals,Yes,Over 0.5 Goals,8/8,betfair_oficial
2026-09-13 15:58,2026-09-13 14:00,Hafnarfjordur,KA Akureyri,LIQUIDADO,3 - 0,3,0,Hafnarfjordur,Over 0.5 Goals,Over 1.5 Goals,Over 2.5 Goals,Under 3.5 Goals,No,Over 0.5 Goals,8/8,betfair_oficial
2026-09-13 15:58,2026-09-13 14:00,EB/Streymur,B36 Torshavn,LIQUIDADO,2 - 1,2,1,EB/Streymur,Over 0.5 Goals,Over 1.5 Goals,Over 2.5 Goals,Under 3.5 Goals,Yes,Over 0.5 Goals,8/8,betfair_oficial
2026-09-13 15:58,2026-09-13 14:00,Valur,Thor,LIQUIDADO,Any Other Home Win,,,Valur,Over 0.5 Goals,Over 1.5 Goals,Over 2.5 Goals,Over 3.5 Goals,Yes,Over 0.5 Goals,8/8,betfair_oficial
2026-09-13 15:58,2026-09-13 14:00,Eintracht Frankfurt (W),Hoffenheim (W),LIQUIDADO,Any Other Home Win,,,Eintracht Frankfurt (W),Over 0.5 Goals,Over 1.5 Goals,Over 2.5 Goals,Over 3.5 Goals,Yes,Over 0.5 Goals,8/8,betfair_oficial
2026-09-13 15:58,2026-09-13 14:00,Kairat Almaty,Tobol Kostanay,LIQUIDADO,Any Other Away Win,,,Tobol Kostanay,Over 0.5 Goals,Over 1.5 Goals,Over 2.5 Goals,Over 3.5 Goals,Yes,Over 0.5 Goals,8/8,betfair_oficial
2026-09-13 15:58,2026-09-13 14:00,Rilski Sportist,FC Yantra,LIQUIDADO,2 - 0,2,0,Rilski Sportist,Over 0.5 Goals,Over 1.5 Goals,Under 2.5 Goals,Under 3.5 Goals,No,Under 0.5 Goals,8/8,betfair_oficial
2026-09-13 15:58,2026-09-13 14:00,Fk Siauliai,Hegelmann Litauen,LIQUIDADO,0 - 0,0,0,The Draw,Under 0.5 Goals,Under 1.5 Goals,Under 2.5 Goals,Under 3.5 Goals,No,Under 0.5 Goals,8/8,betfair_oficial
2026-09-13 15:58,2026-09-13 14:00,Genclerbirligi,Kasimpasa,LIQUIDADO,1 - 2,1,2,Kasimpasa,Over 0.5 Goals,Over 1.5 Goals,Over 2.5 Goals,Under 3.5 Goals,Yes,Over 0.5 Goals,8/8,betfair_oficial
2026-09-13 15:58,2026-09-13 14:00,Randers,OB,LIQUIDADO,1 - 2,1,2,OB,Over 0.5 Goals,Over 1.5 Goals,Over 2.5 Goals,Under 3.5 Goals,Yes,Over 0.5 Goals,8/8,betfair_oficial
2026-09-13 15:58,2026-09-13 14:00,Sivasspor,Muglaspor,LIQUIDADO,1 - 1,1,1,The Draw,Over 0.5 Goals,Over 1.5 Goals,Under 2.5 Goals,Under 3.5 Goals,Yes,Over 0.5 Goals,8/8,betfair_oficial
2026-09-13 15:58,2026-09-13 14:00,Radnicki Nis,OFK Beograd,LIQUIDADO,3 - 1,3,1,Radnicki Nis,Over 0.5 Goals,Over 1.5 Goals,Over 2.5 Goals,Over 3.5 Goals,Yes,Over 0.5 Goals,8/8,betfair_oficial
2026-09-13 15:58,2026-09-13 14:00,76 Igdir Belediyespor,Mardin Buyuksehir Belediy,LIQUIDADO,1 - 0,1,0,76 Igdir Belediyespor,Over 0.5 Goals,Under 1.5 Goals,Under 2.5 Goals,Under 3.5 Goals,No,Under 0.5 Goals,8/8,betfair_oficial
2026-09-13 15:58,2026-09-13 14:00,KR Reykjavik,IA Akranes,LIQUIDADO,Any Other Home Win,,,KR Reykjavik,Over 0.5 Goals,Over 1.5 Goals,Over 2.5 Goals,Over 3.5 Goals,Yes,Over 0.5 Goals,8/8,betfair_oficial
2026-09-13 15:58,2026-09-13 14:00,Dila Gori,Dinamo Batumi,LIQUIDADO,2 - 2,2,2,The Draw,Over 0.5 Goals,Over 1.5 Goals,Over 2.5 Goals,Over 3.5 Goals,Yes,Over 0.5 Goals,8/8,betfair_oficial
2026-09-13 16:03,2026-09-13 14:00,FC Liege,Club Brugge B,LIQUIDADO,Any Other Draw,,,The Draw,Over 0.5 Goals,Over 1.5 Goals,Over 2.5 Goals,Over 3.5 Goals,Yes,Over 0.5 Goals,8/8,betfair_oficial
2026-09-13 16:03,2026-09-13 14:00,Stjarnan,IBV,LIQUIDADO,2 - 0,2,0,Stjarnan,Over 0.5 Goals,Over 1.5 Goals,Under 2.5 Goals,Under 3.5 Goals,No,Over 0.5 Goals,8/8,betfair_oficial
2026-09-13 16:03,2026-09-13 14:00,Nestos Chrysoupoli FC,Pyrgos AFC,LIQUIDADO,1 - 0,1,0,Nestos Chrysoupoli FC,Over 0.5 Goals,Under 1.5 Goals,Under 2.5 Goals,Under 3.5 Goals,No,Over 0.5 Goals,8/8,betfair_oficial
2026-09-13 16:03,2026-09-13 14:00,Leicester City (W),Durham (W),LIQUIDADO,Any Other Home Win,,,Leicester City (W),Over 0.5 Goals,Over 1.5 Goals,Over 2.5 Goals,Over 3.5 Goals,Yes,Over 0.5 Goals,8/8,betfair_oficial
2026-09-13 16:08,2026-09-13 14:00,Genk,Gent,LIQUIDADO,1 - 1,1,1,The Draw,Over 0.5 Goals,Over 1.5 Goals,Under 2.5 Goals,Under 3.5 Goals,Yes,Over 0.5 Goals,8/8,betfair_oficial
2026-09-13 16:18,2026-09-13 14:00,KF Laci,Vllaznia Shkoder,LIQUIDADO,2 - 0,2,0,KF Laci,Over 0.5 Goals,Over 1.5 Goals,Under 2.5 Goals,Under 3.5 Goals,No,Under 0.5 Goals,8/8,betfair_oficial
2026-09-13 16:18,2026-09-13 14:15,Valladolid,Oviedo,LIQUIDADO,0 - 3,0,3,Oviedo,Over 0.5 Goals,Over 1.5 Goals,Over 2.5 Goals,Under 3.5 Goals,No,Over 0.5 Goals,8/8,betfair_oficial
2026-09-13 16:23,2026-09-13 14:15,Levante,Barcelona,LIQUIDADO,Any Other Away Win,,,Barcelona,Over 0.5 Goals,Over 1.5 Goals,Over 2.5 Goals,Over 3.5 Goals,Yes,Over 0.5 Goals,8/8,betfair_oficial
2026-09-13 16:28,2026-09-13 14:30,Wehen Wiesbaden,Waldhof Mannheim,LIQUIDADO,0 - 1,0,1,Waldhof Mannheim,Over 0.5 Goals,Under 1.5 Goals,Under 2.5 Goals,Under 3.5 Goals,No,Over 0.5 Goals,8/8,betfair_oficial
2026-09-13 16:28,2026-09-13 14:30,Luzern,FC Basel,LIQUIDADO,Any Other Away Win,,,FC Basel,Over 0.5 Goals,Over 1.5 Goals,Over 2.5 Goals,Over 3.5 Goals,Yes,Over 0.5 Goals,8/8,betfair_oficial
2026-09-13 16:28,2026-09-13 14:30,Lausanne,Servette,LIQUIDADO,0 - 1,0,1,Servette,Over 0.5 Goals,Under 1.5 Goals,Under 2.5 Goals,Under 3.5 Goals,No,Under 0.5 Goals,8/8,betfair_oficial
2026-09-13 16:33,2026-09-13 14:30,Malmo FF,Orgryte,LIQUIDADO,Any Other Home Win,,,Malmo FF,Over 0.5 Goals,Over 1.5 Goals,Over 2.5 Goals,Over 3.5 Goals,Yes,Under 0.5 Goals,8/8,betfair_oficial
2026-09-13 16:33,2026-09-13 14:30,Amarante,Leiria,LIQUIDADO,2 - 2,2,2,The Draw,Over 0.5 Goals,Over 1.5 Goals,Over 2.5 Goals,Over 3.5 Goals,Yes,Over 0.5 Goals,8/8,betfair_oficial
2026-09-13 16:43,2026-09-13 14:45,PEC Zwolle,Feyenoord,LIQUIDADO,Any Other Away Win,,,Feyenoord,Over 0.5 Goals,Over 1.5 Goals,Over 2.5 Goals,Over 3.5 Goals,No,Over 0.5 Goals,8/8,betfair_oficial
2026-09-13 16:43,2026-09-13 14:45,FC Volendam,Den Bosch,LIQUIDADO,2 - 0,2,0,FC Volendam,Over 0.5 Goals,Over 1.5 Goals,Under 2.5 Goals,Under 3.5 Goals,No,Under 0.5 Goals,8/8,betfair_oficial
2026-09-13 16:43,2026-09-13 14:45,Botev Vratsa,PFC Levski Sofia,LIQUIDADO,0 - 0,0,0,The Draw,Under 0.5 Goals,Under 1.5 Goals,Under 2.5 Goals,Under 3.5 Goals,No,Under 0.5 Goals,8/8,betfair_oficial
2026-09-13 16:53,2026-09-13 14:00,Stromsgodset,Sandnes Ulf,LIQUIDADO,Any Other Home Win,,,Stromsgodset,Over 0.5 Goals,Over 1.5 Goals,Over 2.5 Goals,Over 3.5 Goals,Yes,Over 0.5 Goals,8/8,betfair_oficial
2026-09-13 16:53,2026-09-13 15:00,Ljungskile,Falkenbergs,LIQUIDADO,0 - 2,0,2,Falkenbergs,Over 0.5 Goals,Over 1.5 Goals,Under 2.5 Goals,Under 3.5 Goals,No,Over 0.5 Goals,8/8,betfair_oficial
2026-09-13 16:53,2026-09-13 15:00,Stromsgodset,Sandnes Ulf,LIQUIDADO,Any Other Home Win,,,Stromsgodset,Over 0.5 Goals,Over 1.5 Goals,Over 2.5 Goals,Over 3.5 Goals,Yes,Over 0.5 Goals,8/8,betfair_oficial
2026-09-13 16:58,2026-09-13 14:00,Moss,Haugesund,LIQUIDADO,Any Other Away Win,,,Haugesund,Over 0.5 Goals,Over 1.5 Goals,Over 2.5 Goals,Over 3.5 Goals,Yes,Over 0.5 Goals,8/8,betfair_oficial
2026-09-13 16:58,2026-09-13 14:00,Hodd,Lyn,LIQUIDADO,0 - 2,0,2,Lyn,Over 0.5 Goals,Over 1.5 Goals,Under 2.5 Goals,Under 3.5 Goals,No,Under 0.5 Goals,8/8,betfair_oficial
2026-09-13 16:58,2026-09-13 14:00,Egersund,Kongsvinger,LIQUIDADO,1 - 1,1,1,The Draw,Over 0.5 Goals,Over 1.5 Goals,Under 2.5 Goals,Under 3.5 Goals,Yes,Over 0.5 Goals,8/8,betfair_oficial
2026-09-13 16:58,2026-09-13 14:00,Sogndal,Strommen,LIQUIDADO,1 - 1,1,1,The Draw,Over 0.5 Goals,Over 1.5 Goals,Under 2.5 Goals,Under 3.5 Goals,Yes,Under 0.5 Goals,8/8,betfair_oficial
2026-09-13 16:58,2026-09-13 15:00,Zira,Qarabag FK,LIQUIDADO,1 - 1,1,1,The Draw,Over 0.5 Goals,Over 1.5 Goals,Under 2.5 Goals,Under 3.5 Goals,Yes,Under 0.5 Goals,8/8,betfair_oficial
2026-09-13 16:58,2026-09-13 15:00,Odra Opole,Stal Rzeszow,LIQUIDADO,0 - 1,0,1,Stal Rzeszow,Over 0.5 Goals,Under 1.5 Goals,Under 2.5 Goals,Under 3.5 Goals,No,Over 0.5 Goals,8/8,betfair_oficial
2026-09-13 16:58,2026-09-13 15:00,FC Bukovyna,Zorya,LIQUIDADO,1 - 1,1,1,The Draw,Over 0.5 Goals,Over 1.5 Goals,Under 2.5 Goals,Under 3.5 Goals,Yes,Over 0.5 Goals,8/8,betfair_oficial
2026-09-13 16:58,2026-09-13 15:00,NK Istra,Rudes,LIQUIDADO,3 - 2,3,2,NK Istra,Over 0.5 Goals,Over 1.5 Goals,Over 2.5 Goals,Over 3.5 Goals,Yes,Over 0.5 Goals,8/8,betfair_oficial
2026-09-13 16:58,2026-09-13 15:00,Ranheim IL,Asane,LIQUIDADO,2 - 2,2,2,The Draw,Over 0.5 Goals,Over 1.5 Goals,Over 2.5 Goals,Over 3.5 Goals,Yes,Over 0.5 Goals,8/8,betfair_oficial
2026-09-13 16:58,2026-09-13 15:00,Podbrezova,KFC Komarno,LIQUIDADO,1 - 1,1,1,The Draw,Over 0.5 Goals,Over 1.5 Goals,Under 2.5 Goals,Under 3.5 Goals,Yes,Over 0.5 Goals,8/8,betfair_oficial
2026-09-13 16:58,2026-09-13 15:00,Moss,Haugesund,LIQUIDADO,Any Other Away Win,,,Haugesund,Over 0.5 Goals,Over 1.5 Goals,Over 2.5 Goals,Over 3.5 Goals,Yes,Over 0.5 Goals,8/8,betfair_oficial
2026-09-13 16:58,2026-09-13 15:00,Hodd,Lyn,LIQUIDADO,0 - 2,0,2,Lyn,Over 0.5 Goals,Over 1.5 Goals,Under 2.5 Goals,Under 3.5 Goals,No,Under 0.5 Goals,8/8,betfair_oficial
2026-09-13 16:58,2026-09-13 15:00,Sogndal,Strommen,LIQUIDADO,1 - 1,1,1,The Draw,Over 0.5 Goals,Over 1.5 Goals,Under 2.5 Goals,Under 3.5 Goals,Yes,Under 0.5 Goals,8/8,betfair_oficial
2026-09-13 16:58,2026-09-13 15:00,Egersund,Kongsvinger,LIQUIDADO,1 - 1,1,1,The Draw,Over 0.5 Goals,Over 1.5 Goals,Under 2.5 Goals,Under 3.5 Goals,Yes,Over 0.5 Goals,8/8,betfair_oficial
2026-09-13 17:03,2026-09-13 14:00,Raufoss,Odds BK,LIQUIDADO,2 - 1,2,1,Raufoss,Over 0.5 Goals,Over 1.5 Goals,Over 2.5 Goals,Under 3.5 Goals,Yes,Over 0.5 Goals,8/8,betfair_oficial
2026-09-13 17:03,2026-09-13 15:00,Panserraikos,Asteras Tripolis II,LIQUIDADO,1 - 0,1,0,Panserraikos,Over 0.5 Goals,Under 1.5 Goals,Under 2.5 Goals,Under 3.5 Goals,No,Over 0.5 Goals,8/8,betfair_oficial
2026-09-13 17:03,2026-09-13 15:00,Start,Brann,LIQUIDADO,2 - 0,2,0,Start,Over 0.5 Goals,Over 1.5 Goals,Under 2.5 Goals,Under 3.5 Goals,No,Over 0.5 Goals,8/8,betfair_oficial
2026-09-13 17:03,2026-09-13 15:00,Ham-Kam,Molde,LIQUIDADO,Any Other Away Win,,,Molde,Over 0.5 Goals,Over 1.5 Goals,Over 2.5 Goals,Over 3.5 Goals,Yes,Over 0.5 Goals,8/8,betfair_oficial
2026-09-13 17:03,2026-09-13 15:00,Cesar Vallejo Moquegua,Sporting Cristal,LIQUIDADO,1 - 2,1,2,Sporting Cristal,Over 0.5 Goals,Over 1.5 Goals,Over 2.5 Goals,Under 3.5 Goals,Yes,Over 0.5 Goals,8/8,betfair_oficial
2026-09-13 17:03,2026-09-13 15:00,FC Ranger's,CF Esperanca d'Andorra,LIQUIDADO,2 - 1,2,1,FC Ranger's,Over 0.5 Goals,Over 1.5 Goals,Over 2.5 Goals,Under 3.5 Goals,Yes,Over 0.5 Goals,8/8,betfair_oficial
2026-09-13 17:03,2026-09-13 15:00,Kfum Oslo,Aalesunds,LIQUIDADO,2 - 1,2,1,KFUM Oslo,Over 0.5 Goals,Over 1.5 Goals,Over 2.5 Goals,Under 3.5 Goals,Yes,Over 0.5 Goals,8/8,betfair_oficial
2026-09-13 17:03,2026-09-13 15:00,Kalamata,NFC Volos,LIQUIDADO,3 - 1,3,1,Kalamata,Over 0.5 Goals,Over 1.5 Goals,Over 2.5 Goals,Over 3.5 Goals,Yes,Over 0.5 Goals,8/8,betfair_oficial
2026-09-13 17:03,2026-09-13 15:00,JS Omrane,ES Metlaoui,LIQUIDADO,1 - 0,1,0,JS Omrane,Over 0.5 Goals,Under 1.5 Goals,Under 2.5 Goals,Under 3.5 Goals,No,Over 0.5 Goals,8/8,betfair_oficial
2026-09-13 17:03,2026-09-13 15:00,Sturm Graz,LASK Linz,LIQUIDADO,2 - 1,2,1,Sturm Graz,Over 0.5 Goals,Over 1.5 Goals,Over 2.5 Goals,Under 3.5 Goals,Yes,Over 0.5 Goals,8/8,betfair_oficial
2026-09-13 17:03,2026-09-13 15:00,Raufoss,Odds BK,LIQUIDADO,2 - 1,2,1,Raufoss,Over 0.5 Goals,Over 1.5 Goals,Over 2.5 Goals,Under 3.5 Goals,Yes,Over 0.5 Goals,8/8,betfair_oficial
2026-09-13 17:08,2026-09-13 15:00,Partizan Belgrade,Vojvodina,LIQUIDADO,2 - 3,2,3,Vojvodina,Over 0.5 Goals,Over 1.5 Goals,Over 2.5 Goals,Over 3.5 Goals,Yes,Over 0.5 Goals,8/8,betfair_oficial
2026-09-13 17:13,2026-09-13 15:00,Olympique De Beja,Progres Sakiet Eddaier,LIQUIDADO,1 - 1,1,1,The Draw,Over 0.5 Goals,Over 1.5 Goals,Under 2.5 Goals,Under 3.5 Goals,Yes,Over 0.5 Goals,8/8,betfair_oficial
2026-09-13 17:13,2026-09-13 15:15,Mantova,Sampdoria,LIQUIDADO,2 - 0,2,0,Mantova,Over 0.5 Goals,Over 1.5 Goals,Under 2.5 Goals,Under 3.5 Goals,No,Under 0.5 Goals,8/8,betfair_oficial
2026-09-13 17:13,2026-09-13 15:15,Le Mans,Lens,LIQUIDADO,2 - 2,2,2,The Draw,Over 0.5 Goals,Over 1.5 Goals,Over 2.5 Goals,Over 3.5 Goals,Yes,Over 0.5 Goals,8/8,betfair_oficial
2026-09-13 17:23,2026-09-13 13:00,Calcio Avellino SSD,Palermo,LIQUIDADO,1 - 1,1,1,The Draw,Over 0.5 Goals,Over 1.5 Goals,Under 2.5 Goals,Under 3.5 Goals,Yes,Under 0.5 Goals,8/8,betfair_oficial
2026-09-13 17:23,2026-09-13 15:15,Calcio Avellino SSD,Palermo,LIQUIDADO,1 - 1,1,1,The Draw,Over 0.5 Goals,Over 1.5 Goals,Under 2.5 Goals,Under 3.5 Goals,Yes,Under 0.5 Goals,8/8,betfair_oficial
2026-09-13 17:28,2026-09-13 15:30,Man Utd,Man City,LIQUIDADO,0 - 1,0,1,Man City,Over 0.5 Goals,Under 1.5 Goals,Under 2.5 Goals,Under 3.5 Goals,No,Under 0.5 Goals,8/8,betfair_oficial
2026-09-13 17:28,2026-09-13 15:30,Legia Warsaw,Widzew Lodz,LIQUIDADO,1 - 1,1,1,The Draw,Over 0.5 Goals,Over 1.5 Goals,Under 2.5 Goals,Under 3.5 Goals,Yes,Over 0.5 Goals,8/8,betfair_oficial
2026-09-13 17:33,2026-09-13 15:30,Elversberg,Bayern Munich,LIQUIDADO,1 - 2,1,2,Bayern Munich,Over 0.5 Goals,Over 1.5 Goals,Over 2.5 Goals,Under 3.5 Goals,Yes,Over 0.5 Goals,8/8,betfair_oficial
2026-09-13 17:43,2026-09-13 15:00,FC Pyunik,FC Shirak,LIQUIDADO,2 - 0,2,0,FC Pyunik,Over 0.5 Goals,Over 1.5 Goals,Under 2.5 Goals,Under 3.5 Goals,No,Under 0.5 Goals,8/8,betfair_oficial
2026-09-13 17:43,2026-09-13 15:30,Univ de Concepcion,Huachipato,LIQUIDADO,,,,,,,,,,,8/8,betfair_oficial
2026-09-13 17:43,2026-09-13 15:45,FK Suduva,VMFD Zalgiris,LIQUIDADO,0 - 0,0,0,The Draw,Under 0.5 Goals,Under 1.5 Goals,Under 2.5 Goals,Under 3.5 Goals,No,Under 0.5 Goals,8/8,betfair_oficial
2026-09-13 17:58,2026-09-13 16:00,AEK Larnaca,Pafos FC,LIQUIDADO,0 - 1,0,1,Pafos FC,Over 0.5 Goals,Under 1.5 Goals,Under 2.5 Goals,Under 3.5 Goals,No,Under 0.5 Goals,8/8,betfair_oficial
2026-09-13 18:03,2026-09-13 16:00,Napoli,Bologna,LIQUIDADO,1 - 0,1,0,Napoli,Over 0.5 Goals,Under 1.5 Goals,Under 2.5 Goals,Under 3.5 Goals,No,Under 0.5 Goals,8/8,betfair_oficial
2026-09-13 18:03,2026-09-13 16:00,Asteras Tripolis,AEK Athens,LIQUIDADO,1 - 1,1,1,The Draw,Over 0.5 Goals,Over 1.5 Goals,Under 2.5 Goals,Under 3.5 Goals,Yes,Over 0.5 Goals,8/8,betfair_oficial
2026-09-13 18:08,2026-09-13 16:00,Juventud De Las Piedras,Danubio,LIQUIDADO,1 - 1,1,1,The Draw,Over 0.5 Goals,Over 1.5 Goals,Under 2.5 Goals,Under 3.5 Goals,Yes,Over 0.5 Goals,8/8,betfair_oficial
2026-09-13 18:08,2026-09-13 16:00,Valletta,Balzan FC,LIQUIDADO,2 - 2,2,2,The Draw,Over 0.5 Goals,Over 1.5 Goals,Over 2.5 Goals,Over 3.5 Goals,Yes,Over 0.5 Goals,8/8,betfair_oficial
2026-09-13 18:08,2026-09-13 16:00,FC Nordsjaelland,AGF,LIQUIDADO,2 - 0,2,0,FC Nordsjaelland,Over 0.5 Goals,Over 1.5 Goals,Under 2.5 Goals,Under 3.5 Goals,No,Under 0.5 Goals,8/8,betfair_oficial
2026-09-13 18:08,2026-09-13 16:15,07 Vestur,Klaksvikar Itrottarfelag,LIQUIDADO,0 - 1,0,1,Klaksvikar Itrottarfelag,Over 0.5 Goals,Under 1.5 Goals,Under 2.5 Goals,Under 3.5 Goals,No,Over 0.5 Goals,8/8,betfair_oficial
2026-09-13 18:13,2026-09-13 16:15,Throttur,Njardvik,LIQUIDADO,2 - 1,2,1,Throttur,Over 0.5 Goals,Over 1.5 Goals,Over 2.5 Goals,Under 3.5 Goals,Yes,Over 0.5 Goals,8/8,betfair_oficial
2026-09-13 18:18,2026-09-13 16:00,FC Iberia 1999,FC Spaeri,LIQUIDADO,1 - 0,1,0,FC Iberia 1999,Over 0.5 Goals,Under 1.5 Goals,Under 2.5 Goals,Under 3.5 Goals,No,Under 0.5 Goals,8/8,betfair_oficial
2026-09-13 18:18,2026-09-13 16:15,NSI Runavik,Vikingur Gota,LIQUIDADO,1 - 1,1,1,The Draw,Over 0.5 Goals,Over 1.5 Goals,Under 2.5 Goals,Under 3.5 Goals,Yes,Over 0.5 Goals,8/8,betfair_oficial
2026-09-13 18:23,2026-09-13 16:00,Teplice,Slavia Prague,LIQUIDADO,0 - 2,0,2,Slavia Prague,Over 0.5 Goals,Over 1.5 Goals,Under 2.5 Goals,Under 3.5 Goals,No,Over 0.5 Goals,8/8,betfair_oficial
2026-09-13 18:23,2026-09-13 16:20,NEOM Sports Club,Al-Fateh (KSA),LIQUIDADO,Any Other Home Win,,,NEOM Sports Club,Over 0.5 Goals,Over 1.5 Goals,Over 2.5 Goals,Over 3.5 Goals,Yes,Over 0.5 Goals,8/8,betfair_oficial
2026-09-13 18:28,2026-09-13 16:30,Freiburg (W),FSV Mainz 05 (W),LIQUIDADO,3 - 0,3,0,Freiburg (W),Over 0.5 Goals,Over 1.5 Goals,Over 2.5 Goals,Under 3.5 Goals,No,Over 0.5 Goals,8/8,betfair_oficial
2026-09-13 18:28,2026-09-13 16:30,AF Elbasani,Egnatia Rrogozhine,LIQUIDADO,2 - 1,2,1,AF Elbasani,Over 0.5 Goals,Over 1.5 Goals,Over 2.5 Goals,Under 3.5 Goals,Yes,Over 0.5 Goals,8/8,betfair_oficial
2026-09-13 18:28,2026-09-13 16:30,Zulte-Waregem,Charleroi,LIQUIDADO,0 - 1,0,1,Charleroi,Over 0.5 Goals,Under 1.5 Goals,Under 2.5 Goals,Under 3.5 Goals,No,Over 0.5 Goals,8/8,betfair_oficial
2026-09-13 18:33,2026-09-13 16:30,Mallorca,Sabadell,LIQUIDADO,2 - 0,2,0,Mallorca,Over 0.5 Goals,Over 1.5 Goals,Under 2.5 Goals,Under 3.5 Goals,No,Over 0.5 Goals,8/8,betfair_oficial
2026-09-13 18:38,2026-09-13 16:30,Getafe,Deportivo,LIQUIDADO,1 - 1,1,1,The Draw,Over 0.5 Goals,Over 1.5 Goals,Under 2.5 Goals,Under 3.5 Goals,Yes,Under 0.5 Goals,8/8,betfair_oficial
2026-09-13 18:43,2026-09-13 16:30,Sloga Doboj,Zeljeznicar,LIQUIDADO,1 - 1,1,1,The Draw,Over 0.5 Goals,Over 1.5 Goals,Under 2.5 Goals,Under 3.5 Goals,Yes,Over 0.5 Goals,8/8,betfair_oficial
2026-09-13 18:53,2026-09-13 17:00,Amed Sportif Faaliyetler,Basaksehir,LIQUIDADO,Any Other Home Win,,,Amed Sportif Faaliyetler,Over 0.5 Goals,Over 1.5 Goals,Over 2.5 Goals,Over 3.5 Goals,No,Over 0.5 Goals,8/8,betfair_oficial
2026-09-13 18:58,2026-09-13 17:00,Arouca,Santa Clara,LIQUIDADO,1 - 2,1,2,Santa Clara,Over 0.5 Goals,Over 1.5 Goals,Over 2.5 Goals,Under 3.5 Goals,Yes,Over 0.5 Goals,8/8,betfair_oficial
2026-09-13 18:58,2026-09-13 17:00,FK IMT Novi Beograd,Crvena Zvezda,LIQUIDADO,0 - 1,0,1,Crvena Zvezda,Over 0.5 Goals,Under 1.5 Goals,Under 2.5 Goals,Under 3.5 Goals,No,Over 0.5 Goals,8/8,betfair_oficial
2026-09-13 18:58,2026-09-13 17:00,Galatasaray,Kocaelispor,LIQUIDADO,1 - 0,1,0,Galatasaray,Over 0.5 Goals,Under 1.5 Goals,Under 2.5 Goals,Under 3.5 Goals,No,Under 0.5 Goals,8/8,betfair_oficial
2026-09-13 18:58,2026-09-13 17:00,Fatih Karagumruk Istanbul,Manisa FK,LIQUIDADO,1 - 1,1,1,The Draw,Over 0.5 Goals,Over 1.5 Goals,Under 2.5 Goals,Under 3.5 Goals,Yes,Over 0.5 Goals,8/8,betfair_oficial
2026-09-13 19:03,2026-09-13 17:00,KF Drita,KF Gjilani,LIQUIDADO,0 - 0,0,0,The Draw,Under 0.5 Goals,Under 1.5 Goals,Under 2.5 Goals,Under 3.5 Goals,No,Under 0.5 Goals,8/8,betfair_oficial
2026-09-13 19:03,2026-09-13 17:00,Municipal Santa Ana,Guadalupe F.C,LIQUIDADO,2 - 1,2,1,Municipal Santa Ana,Over 0.5 Goals,Over 1.5 Goals,Over 2.5 Goals,Under 3.5 Goals,Yes,Over 0.5 Goals,8/8,betfair_oficial
2026-09-13 19:03,2026-09-13 17:00,Benfica,Gil Vicente,LIQUIDADO,3 - 1,3,1,Benfica,Over 0.5 Goals,Over 1.5 Goals,Over 2.5 Goals,Over 3.5 Goals,Yes,Over 0.5 Goals,8/8,betfair_oficial
2026-09-13 19:03,2026-09-13 17:00,Olympiakos Nicosia FC,Omonia 29th May,LIQUIDADO,3 - 3,3,3,The Draw,Over 0.5 Goals,Over 1.5 Goals,Over 2.5 Goals,Over 3.5 Goals,Yes,Over 0.5 Goals,8/8,betfair_oficial
2026-09-13 19:03,2026-09-13 17:00,Slovan Bratislava,Zilina,LIQUIDADO,3 - 3,3,3,The Draw,Over 0.5 Goals,Over 1.5 Goals,Over 2.5 Goals,Over 3.5 Goals,Yes,Over 0.5 Goals,8/8,betfair_oficial
2026-09-13 19:03,2026-09-13 17:00,Bursaspor,Erokspor A.S,LIQUIDADO,2 - 2,2,2,The Draw,Over 0.5 Goals,Over 1.5 Goals,Over 2.5 Goals,Over 3.5 Goals,Yes,Over 0.5 Goals,8/8,betfair_oficial
2026-09-13 19:13,2026-09-13 17:15,Fredrikstad,Sarpsborg,LIQUIDADO,1 - 1,1,1,The Draw,Over 0.5 Goals,Over 1.5 Goals,Under 2.5 Goals,Under 3.5 Goals,Yes,Over 0.5 Goals,8/8,betfair_oficial
2026-09-13 19:13,2026-09-13 17:15,Patro Eisden Maasmechelen,Eupen,LIQUIDADO,1 - 2,1,2,Eupen,Over 0.5 Goals,Over 1.5 Goals,Over 2.5 Goals,Under 3.5 Goals,Yes,Over 0.5 Goals,8/8,betfair_oficial
2026-09-13 19:13,2026-09-13 17:15,RAAL La Louviere,Kortrijk,LIQUIDADO,3 - 0,3,0,RAAL La Louviere,Over 0.5 Goals,Over 1.5 Goals,Over 2.5 Goals,Under 3.5 Goals,No,Over 0.5 Goals,8/8,betfair_oficial
2026-09-13 19:23,2026-09-13 17:30,Aston Villa (W),Man City (W),LIQUIDADO,Any Other Away Win,,,Man City (W),Over 0.5 Goals,Over 1.5 Goals,Over 2.5 Goals,Over 3.5 Goals,Yes,Over 0.5 Goals,8/8,betfair_oficial
2026-09-13 19:28,2026-09-13 17:30,Hoffenheim II,Fortuna Koln,LIQUIDADO,2 - 2,2,2,The Draw,Over 0.5 Goals,Over 1.5 Goals,Over 2.5 Goals,Over 3.5 Goals,Yes,Over 0.5 Goals,8/8,betfair_oficial
2026-09-13 19:28,2026-09-13 17:30,Hapoel Petach Tikva,Hapoel Be'er Sheva,LIQUIDADO,0 - 2,0,2,Hapoel Be'er Sheva,Over 0.5 Goals,Over 1.5 Goals,Under 2.5 Goals,Under 3.5 Goals,No,Under 0.5 Goals,8/8,betfair_oficial
2026-09-13 19:28,2026-09-13 17:30,FC Hunedoara,Universitatea Craiova,LIQUIDADO,0 - 1,0,1,Universitatea Craiova,Over 0.5 Goals,Under 1.5 Goals,Under 2.5 Goals,Under 3.5 Goals,No,Under 0.5 Goals,8/8,betfair_oficial
2026-09-13 19:33,2026-09-13 17:30,Botev Plovdiv,Lokomotiv Plovdiv,LIQUIDADO,2 - 0,2,0,Botev Plovdiv,Over 0.5 Goals,Over 1.5 Goals,Under 2.5 Goals,Under 3.5 Goals,No,Over 0.5 Goals,8/8,betfair_oficial
2026-09-13 19:33,2026-09-13 17:30,Skala,HB Torshavn,LIQUIDADO,2 - 2,2,2,The Draw,Over 0.5 Goals,Over 1.5 Goals,Over 2.5 Goals,Over 3.5 Goals,Yes,Over 0.5 Goals,8/8,betfair_oficial
2026-09-13 19:43,2026-09-13 17:30,AB Argir,B68 Toftir,LIQUIDADO,1 - 1,1,1,The Draw,Over 0.5 Goals,Over 1.5 Goals,Under 2.5 Goals,Under 3.5 Goals,Yes,Under 0.5 Goals,8/8,betfair_oficial
2026-09-13 19:48,2026-09-13 17:45,Tigre,Rosario Central,LIQUIDADO,0 - 1,0,1,Rosario Central,Over 0.5 Goals,Under 1.5 Goals,Under 2.5 Goals,Under 3.5 Goals,No,Under 0.5 Goals,8/8,betfair_oficial
2026-09-13 19:53,2026-09-13 17:45,Sarmiento de Junin,Belgrano,LIQUIDADO,1 - 1,1,1,The Draw,Over 0.5 Goals,Over 1.5 Goals,Under 2.5 Goals,Under 3.5 Goals,Yes,Over 0.5 Goals,8/8,betfair_oficial
2026-09-13 19:58,2026-09-13 18:00,PSV,Sparta Rotterdam,LIQUIDADO,Any Other Home Win,,,PSV,Over 0.5 Goals,Over 1.5 Goals,Over 2.5 Goals,Over 3.5 Goals,Yes,Over 0.5 Goals,8/8,betfair_oficial
2026-09-13 19:58,2026-09-13 18:00,Al Draih,Abha,LIQUIDADO,0 - 0,0,0,The Draw,Under 0.5 Goals,Under 1.5 Goals,Under 2.5 Goals,Under 3.5 Goals,No,Under 0.5 Goals,8/8,betfair_oficial
2026-09-13 20:03,2026-09-13 18:00,Hajduk Split,Slaven Belupo,LIQUIDADO,1 - 0,1,0,Hajduk Split,Over 0.5 Goals,Under 1.5 Goals,Under 2.5 Goals,Under 3.5 Goals,No,Over 0.5 Goals,8/8,betfair_oficial
2026-09-13 20:03,2026-09-13 18:00,FC Santa Coloma,Penya Encarnada,LIQUIDADO,Any Other Home Win,,,FC Santa Coloma,Over 0.5 Goals,Over 1.5 Goals,Over 2.5 Goals,Over 3.5 Goals,No,Under 0.5 Goals,8/8,betfair_oficial
2026-09-13 20:03,2026-09-13 18:00,Kifisia,Levadiakos,LIQUIDADO,0 - 0,0,0,The Draw,Under 0.5 Goals,Under 1.5 Goals,Under 2.5 Goals,Under 3.5 Goals,No,Under 0.5 Goals,8/8,betfair_oficial
2026-09-13 20:03,2026-09-13 18:00,CD Leones del Norte,Tecnico Universitario,LIQUIDADO,0 - 1,0,1,Tecnico Universitario,Over 0.5 Goals,Under 1.5 Goals,Under 2.5 Goals,Under 3.5 Goals,No,Over 0.5 Goals,8/8,betfair_oficial
2026-09-13 20:03,2026-09-13 18:00,Los Andes,CA San Miguel,LIQUIDADO,1 - 1,1,1,The Draw,Over 0.5 Goals,Over 1.5 Goals,Under 2.5 Goals,Under 3.5 Goals,Yes,Under 0.5 Goals,8/8,betfair_oficial
2026-09-13 20:03,2026-09-13 18:00,La Serena,Universidad de Chile,LIQUIDADO,0 - 3,0,3,Universidad de Chile,Over 0.5 Goals,Over 1.5 Goals,Over 2.5 Goals,Under 3.5 Goals,No,Under 0.5 Goals,8/8,betfair_oficial
2026-09-13 20:03,2026-09-13 18:00,Al Riyadh SC,Al-Kholood Club,LIQUIDADO,2 - 0,2,0,Al Riyadh SC,Over 0.5 Goals,Over 1.5 Goals,Under 2.5 Goals,Under 3.5 Goals,No,Under 0.5 Goals,8/8,betfair_oficial
2026-09-13 20:03,2026-09-13 18:00,PAOK,Aris,LIQUIDADO,2 - 0,2,0,PAOK,Over 0.5 Goals,Over 1.5 Goals,Under 2.5 Goals,Under 3.5 Goals,No,Over 0.5 Goals,8/8,betfair_oficial
2026-09-13 20:08,2026-09-13 18:00,Sport Boys (Per),Deportivo Garcilaso,LIQUIDADO,1 - 0,1,0,Sport Boys (Per),Over 0.5 Goals,Under 1.5 Goals,Under 2.5 Goals,Under 3.5 Goals,No,Under 0.5 Goals,8/8,betfair_oficial
2026-09-13 20:18,2026-09-13 18:15,NK Radomlje,NK Maribor,LIQUIDADO,0 - 3,0,3,NK Maribor,Over 0.5 Goals,Over 1.5 Goals,Over 2.5 Goals,Under 3.5 Goals,No,Over 0.5 Goals,8/8,betfair_oficial
2026-09-13 20:33,2026-09-13 18:30,Panathinaikos,Panaitolikos,LIQUIDADO,3 - 0,3,0,Panathinaikos,Over 0.5 Goals,Over 1.5 Goals,Over 2.5 Goals,Under 3.5 Goals,No,Over 0.5 Goals,8/8,betfair_oficial
2026-09-13 20:33,2026-09-13 18:30,Mosta,Sliema Wanderers FC,LIQUIDADO,1 - 3,1,3,Sliema Wanderers FC,Over 0.5 Goals,Over 1.5 Goals,Over 2.5 Goals,Over 3.5 Goals,Yes,Over 0.5 Goals,8/8,betfair_oficial
2026-09-13 20:38,2026-09-13 18:30,Almirante Brown,Ferro Carril Oeste,LIQUIDADO,0 - 0,0,0,The Draw,Under 0.5 Goals,Under 1.5 Goals,Under 2.5 Goals,Under 3.5 Goals,No,Under 0.5 Goals,8/8,betfair_oficial
2026-09-13 20:38,2026-09-13 18:30,Patronato,CA Temperley,LIQUIDADO,0 - 0,0,0,The Draw,Under 0.5 Goals,Under 1.5 Goals,Under 2.5 Goals,Under 3.5 Goals,No,Under 0.5 Goals,8/8,betfair_oficial
2026-09-13 20:43,2026-09-13 18:45,Sassuolo,Juventus,LIQUIDADO,3 - 2,3,2,Sassuolo,Over 0.5 Goals,Over 1.5 Goals,Over 2.5 Goals,Over 3.5 Goals,Yes,Under 0.5 Goals,8/8,betfair_oficial
2026-09-13 20:43,2026-09-13 18:45,Fk Velez Mostar,Sarajevo,LIQUIDADO,1 - 0,1,0,FK Velez Mostar,Over 0.5 Goals,Under 1.5 Goals,Under 2.5 Goals,Under 3.5 Goals,No,Under 0.5 Goals,8/8,betfair_oficial
2026-09-13 20:48,2026-09-13 18:45,Brest,Paris St-G,LIQUIDADO,0 - 1,0,1,Paris St-G,Over 0.5 Goals,Under 1.5 Goals,Under 2.5 Goals,Under 3.5 Goals,No,Over 0.5 Goals,8/8,betfair_oficial
2026-09-13 20:53,2026-09-13 19:00,Always Ready,Guabira,LIQUIDADO,Any Other Home Win,,,Always Ready,Over 0.5 Goals,Over 1.5 Goals,Over 2.5 Goals,Over 3.5 Goals,No,Over 0.5 Goals,8/8,betfair_oficial
2026-09-13 20:58,2026-09-13 19:00,Olimpia,Sportivo Luqueno,LIQUIDADO,3 - 0,3,0,Olimpia,Over 0.5 Goals,Over 1.5 Goals,Over 2.5 Goals,Under 3.5 Goals,No,Over 0.5 Goals,8/8,betfair_oficial
2026-09-13 20:58,2026-09-13 19:00,Club Atletico Mitre,Chaco For Ever,LIQUIDADO,0 - 0,0,0,The Draw,Under 0.5 Goals,Under 1.5 Goals,Under 2.5 Goals,Under 3.5 Goals,No,Under 0.5 Goals,8/8,betfair_oficial
2026-09-13 21:03,2026-09-13 19:00,Defensor Sporting,Deportivo Maldonado,LIQUIDADO,1 - 0,1,0,Defensor Sporting,Over 0.5 Goals,Under 1.5 Goals,Under 2.5 Goals,Under 3.5 Goals,No,Under 0.5 Goals,8/8,betfair_oficial
2026-09-13 21:03,2026-09-13 19:00,Real Sociedad,Atletico Madrid,LIQUIDADO,0 - 3,0,3,Atletico Madrid,Over 0.5 Goals,Over 1.5 Goals,Over 2.5 Goals,Under 3.5 Goals,No,Under 0.5 Goals,8/8,betfair_oficial
2026-09-13 21:03,2026-09-13 19:00,Deportivo Pereira,Atletico Bucaramanga,LIQUIDADO,1 - 3,1,3,Atletico Bucaramanga,Over 0.5 Goals,Over 1.5 Goals,Over 2.5 Goals,Over 3.5 Goals,Yes,Over 0.5 Goals,8/8,betfair_oficial
2026-09-13 21:03,2026-09-13 19:00,Tenerife,Leganes,LIQUIDADO,2 - 0,2,0,Tenerife,Over 0.5 Goals,Over 1.5 Goals,Under 2.5 Goals,Under 3.5 Goals,No,Over 0.5 Goals,8/8,betfair_oficial
2026-09-13 21:08,2026-09-13 19:00,Ferroviaria,Paysandu,LIQUIDADO,1 - 0,1,0,Ferroviaria,Over 0.5 Goals,Under 1.5 Goals,Under 2.5 Goals,Under 3.5 Goals,No,Over 0.5 Goals,8/8,betfair_oficial
2026-09-13 21:08,2026-09-13 19:00,Atletico GO,Criciuma,LIQUIDADO,Any Other Home Win,,,Atletico Go,Over 0.5 Goals,Over 1.5 Goals,Over 2.5 Goals,Over 3.5 Goals,No,Over 0.5 Goals,8/8,betfair_oficial
2026-09-13 21:13,2026-09-13 19:00,Gimnasia Jujuy,Atletico Rafaela,LIQUIDADO,2 - 1,2,1,Gimnasia Jujuy,Over 0.5 Goals,Over 1.5 Goals,Over 2.5 Goals,Under 3.5 Goals,Yes,Over 0.5 Goals,8/8,betfair_oficial
2026-09-13 21:13,2026-09-13 19:00,Mirassol,EC Vitoria Salvador,LIQUIDADO,2 - 2,2,2,The Draw,Over 0.5 Goals,Over 1.5 Goals,Over 2.5 Goals,Over 3.5 Goals,Yes,Over 0.5 Goals,8/8,betfair_oficial
2026-09-13 21:18,2026-09-13 19:00,Coban Imperial,Comunicaciones,LIQUIDADO,2 - 2,2,2,The Draw,Over 0.5 Goals,Over 1.5 Goals,Over 2.5 Goals,Over 3.5 Goals,Yes,Over 0.5 Goals,8/8,betfair_oficial
2026-09-13 21:18,2026-09-13 19:00,Inter Toronto FC,Vancouver FC,LIQUIDADO,3 - 1,3,1,Inter Toronto FC,Over 0.5 Goals,Over 1.5 Goals,Over 2.5 Goals,Over 3.5 Goals,Yes,Over 0.5 Goals,8/8,betfair_oficial
2026-09-13 21:18,2026-09-13 19:15,Fylkir,HK Kopavogur,LIQUIDADO,1 - 2,1,2,HK Kopavogur,Over 0.5 Goals,Over 1.5 Goals,Over 2.5 Goals,Under 3.5 Goals,Yes,Over 0.5 Goals,8/8,betfair_oficial
2026-09-13 21:38,2026-09-13 19:30,Rayo Zuliano,Portuguesa FC,LIQUIDADO,1 - 1,1,1,The Draw,Over 0.5 Goals,Over 1.5 Goals,Under 2.5 Goals,Under 3.5 Goals,Yes,Over 0.5 Goals,8/8,betfair_oficial
2026-09-13 21:38,2026-09-13 19:30,Famalicao,Sporting Lisbon,LIQUIDADO,1 - 1,1,1,The Draw,Over 0.5 Goals,Over 1.5 Goals,Under 2.5 Goals,Under 3.5 Goals,Yes,Under 0.5 Goals,8/8,betfair_oficial
2026-09-13 21:38,2026-09-13 19:30,FC Midland,Chacarita,LIQUIDADO,1 - 0,1,0,FC Midland,Over 0.5 Goals,Under 1.5 Goals,Under 2.5 Goals,Under 3.5 Goals,No,Over 0.5 Goals,8/8,betfair_oficial
2026-09-13 21:58,2026-09-13 20:00,Argentinos Juniors,Gimnasia La Plata,LIQUIDADO,1 - 1,1,1,The Draw,Over 0.5 Goals,Over 1.5 Goals,Under 2.5 Goals,Under 3.5 Goals,Yes,Over 0.5 Goals,8/8,betfair_oficial
2026-09-13 22:03,2026-09-13 20:00,Zamora FC,Trujillanos,LIQUIDADO,1 - 2,1,2,Trujillanos,Over 0.5 Goals,Over 1.5 Goals,Over 2.5 Goals,Under 3.5 Goals,Yes,Under 0.5 Goals,8/8,betfair_oficial
2026-09-13 22:13,2026-09-13 20:15,Club ADA Jaén,Union Comercio,LIQUIDADO,1 - 0,1,0,Club ADA Jaén,Over 0.5 Goals,Under 1.5 Goals,Under 2.5 Goals,Under 3.5 Goals,No,Under 0.5 Goals,8/8,betfair_oficial
2026-09-13 22:18,2026-09-13 20:15,Uni San Martin,AD Cantolao,LIQUIDADO,2 - 2,2,2,The Draw,Over 0.5 Goals,Over 1.5 Goals,Over 2.5 Goals,Over 3.5 Goals,Yes,Over 0.5 Goals,8/8,betfair_oficial
2026-09-13 22:28,2026-09-13 20:15,Atletico Grau,Alianza Atletico,LIQUIDADO,3 - 1,3,1,Atletico Grau,Over 0.5 Goals,Over 1.5 Goals,Over 2.5 Goals,Over 3.5 Goals,Yes,Over 0.5 Goals,8/8,betfair_oficial
2026-09-13 22:28,2026-09-13 20:30,Boca Juniors de Cali,Real Santander,LIQUIDADO,2 - 0,2,0,Boca Juniors de Cali,Over 0.5 Goals,Over 1.5 Goals,Under 2.5 Goals,Under 3.5 Goals,No,Over 0.5 Goals,8/8,betfair_oficial
2026-09-13 22:33,2026-09-13 20:30,Flamengo,Corinthians,LIQUIDADO,2 - 1,2,1,Flamengo,Over 0.5 Goals,Over 1.5 Goals,Over 2.5 Goals,Under 3.5 Goals,Yes,Under 0.5 Goals,8/8,betfair_oficial
2026-09-13 22:33,2026-09-13 20:30,Macara,Emelec,LIQUIDADO,1 - 0,1,0,Macara,Over 0.5 Goals,Under 1.5 Goals,Under 2.5 Goals,Under 3.5 Goals,No,Under 0.5 Goals,8/8,betfair_oficial
2026-09-13 22:38,2026-09-13 20:30,Colo Colo,Deportes Concepcion,LIQUIDADO,1 - 1,1,1,The Draw,Over 0.5 Goals,Over 1.5 Goals,Under 2.5 Goals,Under 3.5 Goals,Yes,Over 0.5 Goals,8/8,betfair_oficial
2026-09-13 22:58,2026-09-13 21:00,Herrera FC,UMECIT,LIQUIDADO,1 - 3,1,3,UMECIT,Over 0.5 Goals,Over 1.5 Goals,Over 2.5 Goals,Over 3.5 Goals,Yes,Over 0.5 Goals,8/8,betfair_oficial
2026-09-13 22:58,2026-09-13 21:00,Lobos UPNFM,CD Choloma (Res),LIQUIDADO,1 - 0,1,0,Lobos UPNFM,Over 0.5 Goals,Under 1.5 Goals,Under 2.5 Goals,Under 3.5 Goals,No,Over 0.5 Goals,8/8,betfair_oficial
2026-09-13 23:03,2026-09-13 21:00,Fuerte San Francisco,CD Municipal Limeno,LIQUIDADO,0 - 2,0,2,CD Municipal Limeno,Over 0.5 Goals,Over 1.5 Goals,Under 2.5 Goals,Under 3.5 Goals,No,Over 0.5 Goals,8/8,betfair_oficial
2026-09-13 23:03,2026-09-13 21:05,Atletico Nacional Medellin,Aguilas Doradas,LIQUIDADO,2 - 0,2,0,Atletico Nacional Medellin,Over 0.5 Goals,Over 1.5 Goals,Under 2.5 Goals,Under 3.5 Goals,No,Under 0.5 Goals,8/8,betfair_oficial
2026-09-13 23:08,2026-09-13 21:00,Juventude,Athletic Club,LIQUIDADO,0 - 2,0,2,Athletic Club,Over 0.5 Goals,Over 1.5 Goals,Under 2.5 Goals,Under 3.5 Goals,No,Under 0.5 Goals,8/8,betfair_oficial
2026-09-13 23:08,2026-09-13 21:00,Godoy Cruz,Colon,LIQUIDADO,2 - 0,2,0,Godoy Cruz,Over 0.5 Goals,Over 1.5 Goals,Under 2.5 Goals,Under 3.5 Goals,No,Over 0.5 Goals,8/8,betfair_oficial
2026-09-13 23:28,2026-09-13 21:30,Caracas,Monagas,LIQUIDADO,0 - 1,0,1,Monagas,Over 0.5 Goals,Under 1.5 Goals,Under 2.5 Goals,Under 3.5 Goals,No,Over 0.5 Goals,8/8,betfair_oficial
2026-09-13 23:33,2026-09-13 21:30,Brusque FC,Inter Limeira,LIQUIDADO,2 - 2,2,2,The Draw,Over 0.5 Goals,Over 1.5 Goals,Over 2.5 Goals,Over 3.5 Goals,Yes,Over 0.5 Goals,8/8,betfair_oficial
2026-09-13 23:33,2026-09-13 21:30,Novorizontino,Cuiaba,LIQUIDADO,1 - 1,1,1,The Draw,Over 0.5 Goals,Over 1.5 Goals,Under 2.5 Goals,Under 3.5 Goals,Yes,Over 0.5 Goals,8/8,betfair_oficial
2026-09-13 23:33,2026-09-13 21:30,Fortaleza EC,Ceara SC Fortaleza,LIQUIDADO,1 - 1,1,1,The Draw,Over 0.5 Goals,Over 1.5 Goals,Under 2.5 Goals,Under 3.5 Goals,Yes,Over 0.5 Goals,8/8,betfair_oficial
2026-09-13 23:33,2026-09-13 21:30,Universitario de Vinto,Club Independiente Petrol,LIQUIDADO,3 - 1,3,1,Universitario de Vinto,Over 0.5 Goals,Over 1.5 Goals,Over 2.5 Goals,Over 3.5 Goals,Yes,Over 0.5 Goals,8/8,betfair_oficial
2026-09-13 23:38,2026-09-13 21:30,Rubio Nu,Nacional (Par),LIQUIDADO,0 - 1,0,1,Nacional (Par),Over 0.5 Goals,Under 1.5 Goals,Under 2.5 Goals,Under 3.5 Goals,No,Under 0.5 Goals,8/8,betfair_oficial
2026-09-13 23:38,2026-09-13 21:30,San Martin de Tucuman,Agropecuario,LIQUIDADO,3 - 0,3,0,San Martin de Tucuman,Over 0.5 Goals,Over 1.5 Goals,Over 2.5 Goals,Under 3.5 Goals,No,Under 0.5 Goals,8/8,betfair_oficial
2026-09-13 23:43,2026-09-13 21:30,Chicago Fire,New England Revolution,LIQUIDADO,1 - 2,1,2,New England Revolution,Over 0.5 Goals,Over 1.5 Goals,Over 2.5 Goals,Under 3.5 Goals,Yes,Over 0.5 Goals,8/8,betfair_oficial
2026-09-14 00:03,2026-09-13 22:00,Sporting San Jose FC,Deportivo Saprissa,LIQUIDADO,Any Other Home Win,,,Sporting San Jose FC,Over 0.5 Goals,Over 1.5 Goals,Over 2.5 Goals,Over 3.5 Goals,Yes,Over 0.5 Goals,8/8,betfair_oficial
2026-09-14 00:08,2026-09-13 22:00,Pacific,Cavalry,LIQUIDADO,0 - 1,0,1,Cavalry,Over 0.5 Goals,Under 1.5 Goals,Under 2.5 Goals,Under 3.5 Goals,No,Under 0.5 Goals,8/8,betfair_oficial
2026-09-14 00:18,2026-09-13 22:15,CA Independiente,San Lorenzo,LIQUIDADO,1 - 1,1,1,The Draw,Over 0.5 Goals,Over 1.5 Goals,Under 2.5 Goals,Under 3.5 Goals,Yes,Over 0.5 Goals,8/8,betfair_oficial
2026-09-14 00:28,2026-09-13 22:30,Penarol,Albion FC,LIQUIDADO,3 - 1,3,1,Penarol,Over 0.5 Goals,Over 1.5 Goals,Over 2.5 Goals,Over 3.5 Goals,Yes,Over 0.5 Goals,8/8,betfair_oficial
2026-09-14 00:43,2026-09-13 22:30,Vancouver Whitecaps,Austin FC,LIQUIDADO,1 - 2,1,2,Austin FC,Over 0.5 Goals,Over 1.5 Goals,Over 2.5 Goals,Under 3.5 Goals,Yes,Over 0.5 Goals,8/8,betfair_oficial
2026-09-14 00:58,2026-09-13 23:00,Quindio,Boyaca Patriotas,LIQUIDADO,1 - 2,1,2,Boyaca Patriotas,Over 0.5 Goals,Over 1.5 Goals,Over 2.5 Goals,Under 3.5 Goals,Yes,Over 0.5 Goals,8/8,betfair_oficial
2026-09-14 01:03,2026-09-13 22:30,Ad Carmelita,AD Cariari Pococi,LIQUIDADO,1 - 1,1,1,The Draw,Over 0.5 Goals,Over 1.5 Goals,Under 2.5 Goals,Under 3.5 Goals,Yes,Under 0.5 Goals,8/8,betfair_oficial
2026-09-14 01:03,2026-09-13 23:00,Barcelona (Ecu),Delfin,LIQUIDADO,1 - 1,1,1,The Draw,Over 0.5 Goals,Over 1.5 Goals,Under 2.5 Goals,Under 3.5 Goals,Yes,Over 0.5 Goals,8/8,betfair_oficial
2026-09-14 01:08,2026-09-13 23:00,Libertad FC,Independiente (Ecu),LIQUIDADO,2 - 3,2,3,Independiente (Ecu),Over 0.5 Goals,Over 1.5 Goals,Over 2.5 Goals,Over 3.5 Goals,Yes,Over 0.5 Goals,8/8,betfair_oficial
2026-09-14 01:08,2026-09-13 23:00,Audax Italiano,OHiggins,LIQUIDADO,1 - 0,1,0,Audax Italiano,Over 0.5 Goals,Under 1.5 Goals,Under 2.5 Goals,Under 3.5 Goals,No,Over 0.5 Goals,8/8,betfair_oficial
2026-09-14 01:08,2026-09-13 23:15,Veraguas FC,Alianza FC (Pan),LIQUIDADO,2 - 1,2,1,Veraguas FC,Over 0.5 Goals,Over 1.5 Goals,Over 2.5 Goals,Under 3.5 Goals,Yes,Over 0.5 Goals,8/8,betfair_oficial
2026-09-14 01:13,2026-09-13 23:10,Once Caldas,Deportivo Cali,LIQUIDADO,1 - 2,1,2,Deportivo Cali,Over 0.5 Goals,Over 1.5 Goals,Over 2.5 Goals,Under 3.5 Goals,Yes,Over 0.5 Goals,8/8,betfair_oficial
2026-09-14 01:18,2026-09-13 23:15,CD Marathon,CD Olimpia,LIQUIDADO,1 - 0,1,0,CD Marathon,Over 0.5 Goals,Under 1.5 Goals,Under 2.5 Goals,Under 3.5 Goals,No,Under 0.5 Goals,8/8,betfair_oficial
2026-09-14 01:38,2026-09-13 23:30,CD Luis Angel Firpo,AD Isidro Metapan,LIQUIDADO,1 - 2,1,2,AD Isidro Metapan,Over 0.5 Goals,Over 1.5 Goals,Over 2.5 Goals,Under 3.5 Goals,Yes,Over 0.5 Goals,8/8,betfair_oficial
2026-09-14 01:58,2026-09-14 00:00,Real Tomayapo,Bolivar,LIQUIDADO,1 - 2,1,2,Bolivar,Over 0.5 Goals,Over 1.5 Goals,Over 2.5 Goals,Under 3.5 Goals,Yes,Over 0.5 Goals,8/8,betfair_oficial
2026-09-14 02:03,2026-09-14 00:00,CS Cartagines,LD Alajuelense,LIQUIDADO,3 - 1,3,1,CS Cartagines,Over 0.5 Goals,Over 1.5 Goals,Over 2.5 Goals,Over 3.5 Goals,Yes,Over 0.5 Goals,8/8,betfair_oficial
2026-09-14 02:28,2026-09-14 00:30,CA Huracan,Racing Club,LIQUIDADO,2 - 1,2,1,CA Huracan,Over 0.5 Goals,Over 1.5 Goals,Over 2.5 Goals,Under 3.5 Goals,Yes,Under 0.5 Goals,8/8,betfair_oficial
2026-09-14 03:03,2026-09-14 01:00,Santos Laguna,FC Juarez,LIQUIDADO,2 - 1,2,1,Santos Laguna,Over 0.5 Goals,Over 1.5 Goals,Over 2.5 Goals,Under 3.5 Goals,Yes,Under 0.5 Goals,8/8,betfair_oficial
2026-09-14 03:08,2026-09-14 01:00,CSD Municipal,Malacateco,LIQUIDADO,2 - 2,2,2,The Draw,Over 0.5 Goals,Over 1.5 Goals,Over 2.5 Goals,Over 3.5 Goals,Yes,Over 0.5 Goals,8/8,betfair_oficial
2026-09-14 03:13,2026-09-14 01:00,San Diego FC,Philadelphia,LIQUIDADO,Any Other Away Win,,,Philadelphia,Over 0.5 Goals,Over 1.5 Goals,Over 2.5 Goals,Over 3.5 Goals,No,Over 0.5 Goals,8/8,betfair_oficial
2026-09-14 03:13,2026-09-14 01:07,Guadalajara,Pumas UNAM,LIQUIDADO,3 - 0,3,0,Guadalajara,Over 0.5 Goals,Over 1.5 Goals,Over 2.5 Goals,Under 3.5 Goals,No,Over 0.5 Goals,8/8,betfair_oficial
2026-09-14 03:18,2026-09-14 01:15,Cucuta Deportivo,Millonarios,LIQUIDADO,1 - 2,1,2,Millonarios,Over 0.5 Goals,Over 1.5 Goals,Over 2.5 Goals,Under 3.5 Goals,Yes,Under 0.5 Goals,8/8,betfair_oficial
2026-09-14 06:58,2026-09-14 04:00,Philippines (W),Uzbekistan (W),LIQUIDADO,1 - 1,1,1,The Draw,Over 0.5 Goals,Over 1.5 Goals,Under 2.5 Goals,Under 3.5 Goals,Yes,Under 0.5 Goals,8/8,betfair_oficial
2026-09-14 08:58,2026-09-14 06:00,Chinese Taipei (W),Vietnam (W),LIQUIDADO,2 - 1,2,1,Chinese Taipei (W),Over 0.5 Goals,Over 1.5 Goals,Over 2.5 Goals,Under 3.5 Goals,Yes,Over 0.5 Goals,8/8,betfair_oficial
2026-09-14 09:08,2026-09-14 07:00,Korea DPR (W),Bangladesh (W),LIQUIDADO,Any Other Home Win,,,Korea DPR (W),Over 0.5 Goals,Over 1.5 Goals,Over 2.5 Goals,Over 3.5 Goals,No,Over 0.5 Goals,8/8,betfair_oficial
2026-09-14 11:38,2026-09-14 09:30,SC East Bengal (Res),Mohammedan SC (Res),LIQUIDADO,1 - 1,1,1,The Draw,Over 0.5 Goals,Over 1.5 Goals,Under 2.5 Goals,Under 3.5 Goals,Yes,Under 0.5 Goals,8/8,betfair_oficial
2026-09-14 11:43,2026-09-14 09:30,United SC,Mohun Super Giant (Res),LIQUIDADO,1 - 1,1,1,The Draw,Over 0.5 Goals,Over 1.5 Goals,Under 2.5 Goals,Under 3.5 Goals,Yes,Under 0.5 Goals,8/8,betfair_oficial
2026-09-14 11:58,2026-09-14 10:00,Zhytomyr 2,Agrobiznes Volochysk,LIQUIDADO,3 - 2,3,2,Zhytomyr 2,Over 0.5 Goals,Over 1.5 Goals,Over 2.5 Goals,Over 3.5 Goals,Yes,Over 0.5 Goals,8/8,betfair_oficial
2026-09-14 11:58,2026-09-14 10:00,China (W),Hong Kong (W),LIQUIDADO,Any Other Home Win,,,China (W),Over 0.5 Goals,Over 1.5 Goals,Over 2.5 Goals,Over 3.5 Goals,Yes,Over 0.5 Goals,8/8,betfair_oficial
2026-09-14 12:03,2026-09-14 10:00,Seoul City Amazones (W),Hwacheon KSPO (W),LIQUIDADO,0 - 0,0,0,The Draw,Under 0.5 Goals,Under 1.5 Goals,Under 2.5 Goals,Under 3.5 Goals,No,Under 0.5 Goals,8/8,betfair_oficial
2026-09-14 12:08,2026-09-14 10:00,FC Osaka,Ehime,LIQUIDADO,2 - 1,2,1,FC Osaka,Over 0.5 Goals,Over 1.5 Goals,Over 2.5 Goals,Under 3.5 Goals,Yes,Over 0.5 Goals,8/8,betfair_oficial
2026-09-14 12:28,2026-09-14 10:30,Japan (W),Thailand (W),LIQUIDADO,Any Other Home Win,,,Japan (W),Over 0.5 Goals,Over 1.5 Goals,Over 2.5 Goals,Over 3.5 Goals,No,Over 0.5 Goals,8/8,betfair_oficial
2026-09-14 12:33,2026-09-14 10:30,South Korea (W),Myanmar (W),LIQUIDADO,Any Other Home Win,,,South Korea (W),Over 0.5 Goals,Over 1.5 Goals,Over 2.5 Goals,Over 3.5 Goals,No,Over 0.5 Goals,8/8,betfair_oficial
2026-09-14 13:33,2026-09-14 11:30,Shan United,Ezra FC,LIQUIDADO,1 - 0,1,0,Shan United,Over 0.5 Goals,Under 1.5 Goals,Under 2.5 Goals,Under 3.5 Goals,No,Under 0.5 Goals,8/8,betfair_oficial
2026-09-14 13:38,2026-09-14 11:30,Geylang International,Tanjong Pagar United,LIQUIDADO,1 - 0,1,0,Geylang International,Over 0.5 Goals,Under 1.5 Goals,Under 2.5 Goals,Under 3.5 Goals,No,Over 0.5 Goals,8/8,betfair_oficial
2026-09-14 13:58,2026-09-14 12:00,Drukpa FC,RTC FC,LIQUIDADO,1 - 3,1,3,RTC FC,Over 0.5 Goals,Over 1.5 Goals,Over 2.5 Goals,Over 3.5 Goals,Yes,Over 0.5 Goals,8/8,betfair_oficial
2026-09-14 14:03,2026-09-14 11:00,FC Meshakhte Tkibuli,FC Rustavi,LIQUIDADO,0 - 1,0,1,FC Rustavi,Over 0.5 Goals,Under 1.5 Goals,Under 2.5 Goals,Under 3.5 Goals,No,Over 0.5 Goals,8/8,betfair_oficial
2026-09-14 14:03,2026-09-14 12:00,FC Meshakhte Tkibuli,FC Rustavi,LIQUIDADO,0 - 1,0,1,FC Rustavi,Over 0.5 Goals,Under 1.5 Goals,Under 2.5 Goals,Under 3.5 Goals,No,Over 0.5 Goals,8/8,betfair_oficial
2026-09-14 14:28,2026-09-14 12:30,Dynamo Kiev,FC Epicentr Dunaivtsi,LIQUIDADO,3 - 0,3,0,Dynamo Kiev,Over 0.5 Goals,Over 1.5 Goals,Over 2.5 Goals,Under 3.5 Goals,No,Over 0.5 Goals,8/8,betfair_oficial
2026-09-14 14:58,2026-09-14 13:00,Panionios,Apollon Kalamarias,LIQUIDADO,1 - 0,1,0,Panionios,Over 0.5 Goals,Under 1.5 Goals,Under 2.5 Goals,Under 3.5 Goals,No,Over 0.5 Goals,8/8,betfair_oficial
2026-09-14 15:48,2026-09-14 13:45,Neftchi Fargona,Al Quwa Al Jawiya,LIQUIDADO,1 - 0,1,0,Neftchi Fargona,Over 0.5 Goals,Under 1.5 Goals,Under 2.5 Goals,Under 3.5 Goals,No,Under 0.5 Goals,8/8,betfair_oficial
2026-09-14 15:53,2026-09-14 14:00,KF Llapi,Malisheva,LIQUIDADO,Any Other Away Win,,,Malisheva,Over 0.5 Goals,Over 1.5 Goals,Over 2.5 Goals,Over 3.5 Goals,No,Over 0.5 Goals,8/8,betfair_oficial
2026-09-14 15:58,2026-09-14 14:00,Rigas Futbola Skola II,Skanstes SK,LIQUIDADO,Any Other Away Win,,,Skanstes SK,Over 0.5 Goals,Over 1.5 Goals,Over 2.5 Goals,Over 3.5 Goals,Yes,Over 0.5 Goals,8/8,betfair_oficial
2026-09-14 15:58,2026-09-14 14:00,KF Shkendija Haracine,FK Skopje,LIQUIDADO,1 - 0,1,0,KF Shkendija Haracine,Over 0.5 Goals,Under 1.5 Goals,Under 2.5 Goals,Under 3.5 Goals,No,Under 0.5 Goals,8/8,betfair_oficial
2026-09-14 15:58,2026-09-14 14:00,KF Ballkani,KF Dukagjini,LIQUIDADO,0 - 0,0,0,The Draw,Under 0.5 Goals,Under 1.5 Goals,Under 2.5 Goals,Under 3.5 Goals,No,Under 0.5 Goals,8/8,betfair_oficial
2026-09-14 16:03,2026-09-14 14:00,Panthrakikos,PAOK B,LIQUIDADO,2 - 0,2,0,Panthrakikos,Over 0.5 Goals,Over 1.5 Goals,Under 2.5 Goals,Under 3.5 Goals,No,Over 0.5 Goals,8/8,betfair_oficial
2026-09-14 16:08,2026-09-14 14:00,El Geish,Smouha,LIQUIDADO,0 - 1,0,1,Smouha,Over 0.5 Goals,Under 1.5 Goals,Under 2.5 Goals,Under 3.5 Goals,No,Under 0.5 Goals,8/8,betfair_oficial
2026-09-14 16:43,2026-09-14 14:45,Hebar,Etar,LIQUIDADO,Any Other Home Win,,,Hebar,Over 0.5 Goals,Over 1.5 Goals,Over 2.5 Goals,Over 3.5 Goals,Yes,Over 0.5 Goals,8/8,betfair_oficial
2026-09-14 16:53,2026-09-14 15:00,Zlate Moravce,Lokomotiva Zvolen,LIQUIDADO,Any Other Home Win,,,Zlate Moravce,Over 0.5 Goals,Over 1.5 Goals,Over 2.5 Goals,Over 3.5 Goals,No,Over 0.5 Goals,8/8,betfair_oficial
2026-09-14 16:58,2026-09-14 14:00,Torpedo Kutaisi,Samgurali Tskaltubo,LIQUIDADO,3 - 2,3,2,Torpedo Kutaisi,Over 0.5 Goals,Over 1.5 Goals,Over 2.5 Goals,Over 3.5 Goals,Yes,Over 0.5 Goals,8/8,betfair_oficial
2026-09-14 16:58,2026-09-14 15:00,Shafa Baku FC,FC Sabah,LIQUIDADO,0 - 3,0,3,FC Sabah,Over 0.5 Goals,Over 1.5 Goals,Over 2.5 Goals,Under 3.5 Goals,No,Over 0.5 Goals,8/8,betfair_oficial
2026-09-14 16:58,2026-09-14 15:00,FK Mladost Donja Gorica,Fk Buducnost Podgorica,LIQUIDADO,0 - 2,0,2,FK Buducnost Podgorica,Over 0.5 Goals,Over 1.5 Goals,Under 2.5 Goals,Under 3.5 Goals,No,Over 0.5 Goals,8/8,betfair_oficial
2026-09-14 16:58,2026-09-14 15:00,Shakhtar,Chernomorets Odesa,LIQUIDADO,2 - 0,2,0,Shakhtar,Over 0.5 Goals,Over 1.5 Goals,Under 2.5 Goals,Under 3.5 Goals,No,Over 0.5 Goals,8/8,betfair_oficial
2026-09-14 16:58,2026-09-14 15:00,Torpedo Kutaisi,Samgurali Tskaltubo,LIQUIDADO,3 - 2,3,2,Torpedo Kutaisi,Over 0.5 Goals,Over 1.5 Goals,Over 2.5 Goals,Over 3.5 Goals,Yes,Over 0.5 Goals,8/8,betfair_oficial
2026-09-14 17:03,2026-09-14 15:00,FC Inter Turku,VPS,LIQUIDADO,1 - 0,1,0,FC Inter Turku,Over 0.5 Goals,Under 1.5 Goals,Under 2.5 Goals,Under 3.5 Goals,No,Under 0.5 Goals,8/8,betfair_oficial
2026-09-14 17:33,2026-09-14 15:00,Universitatea Cluj,Otelul Galati,LIQUIDADO,3 - 0,3,0,Universitatea Cluj,Over 0.5 Goals,Over 1.5 Goals,Over 2.5 Goals,Under 3.5 Goals,No,Over 0.5 Goals,8/8,betfair_oficial
2026-09-14 17:43,2026-09-14 15:45,FK Banga Gargzdu,TransINVEST Vilnius,LIQUIDADO,1 - 3,1,3,TransINVEST Vilnius,Over 0.5 Goals,Over 1.5 Goals,Over 2.5 Goals,Over 3.5 Goals,Yes,Over 0.5 Goals,8/8,betfair_oficial
2026-09-14 17:58,2026-09-14 15:00,Qalali,Um Al Hassam,LIQUIDADO,0 - 3,0,3,Um Al Hassam,Over 0.5 Goals,Over 1.5 Goals,Over 2.5 Goals,Under 3.5 Goals,No,Over 0.5 Goals,8/8,betfair_oficial
2026-09-14 17:58,2026-09-14 15:50,Al Bukayriyah,Dhamk,LIQUIDADO,1 - 2,1,2,Dhamk,Over 0.5 Goals,Over 1.5 Goals,Over 2.5 Goals,Under 3.5 Goals,Yes,Over 0.5 Goals,8/8,betfair_oficial
2026-09-14 17:58,2026-09-14 16:00,HNK Gorica,Varazdin,LIQUIDADO,2 - 2,2,2,The Draw,Over 0.5 Goals,Over 1.5 Goals,Over 2.5 Goals,Over 3.5 Goals,Yes,Under 0.5 Goals,8/8,betfair_oficial
2026-09-14 17:58,2026-09-14 16:00,Gzira United FC,St. Patrick F.C.,LIQUIDADO,0 - 0,0,0,The Draw,Under 0.5 Goals,Under 1.5 Goals,Under 2.5 Goals,Under 3.5 Goals,No,Under 0.5 Goals,8/8,betfair_oficial
2026-09-14 17:58,2026-09-14 16:00,Maccabi Herzliya,MS Kfar Kasem,LIQUIDADO,1 - 0,1,0,Maccabi Herzliya,Over 0.5 Goals,Under 1.5 Goals,Under 2.5 Goals,Under 3.5 Goals,No,Over 0.5 Goals,8/8,betfair_oficial
2026-09-14 17:58,2026-09-14 16:00,Al Shamal,Al-Ittihad,LIQUIDADO,1 - 1,1,1,The Draw,Over 0.5 Goals,Over 1.5 Goals,Under 2.5 Goals,Under 3.5 Goals,Yes,Under 0.5 Goals,8/8,betfair_oficial
2026-09-14 17:58,2026-09-14 16:00,Leverkusen (W),Bayern Munich (W),LIQUIDADO,2 - 3,2,3,Bayern Munich (W),Over 0.5 Goals,Over 1.5 Goals,Over 2.5 Goals,Over 3.5 Goals,Yes,Over 0.5 Goals,8/8,betfair_oficial
2026-09-14 17:58,2026-09-14 16:00,Shabab Al-Ahli Dubai FC,Tractor SC,LIQUIDADO,1 - 0,1,0,Shabab Al-Ahli Dubai FC,Over 0.5 Goals,Under 1.5 Goals,Under 2.5 Goals,Under 3.5 Goals,No,Over 0.5 Goals,8/8,betfair_oficial
2026-09-14 17:58,2026-09-14 16:00,Qalali,Um Al Hassam,LIQUIDADO,0 - 3,0,3,Um Al Hassam,Over 0.5 Goals,Over 1.5 Goals,Over 2.5 Goals,Under 3.5 Goals,No,Over 0.5 Goals,8/8,betfair_oficial
2026-09-14 18:03,2026-09-14 15:00,Isa Town FC,Al Budaiya,LIQUIDADO,0 - 1,0,1,Al Budaiya,Over 0.5 Goals,Under 1.5 Goals,Under 2.5 Goals,Under 3.5 Goals,No,Under 0.5 Goals,8/8,betfair_oficial
2026-09-14 18:03,2026-09-14 15:00,Buri FC,Al-Shabbab (BRN),LIQUIDADO,0 - 0,0,0,The Draw,Under 0.5 Goals,Under 1.5 Goals,Under 2.5 Goals,Under 3.5 Goals,No,Under 0.5 Goals,8/8,betfair_oficial
2026-09-14 18:03,2026-09-14 16:00,Buri FC,Al-Shabbab (BRN),LIQUIDADO,0 - 0,0,0,The Draw,Under 0.5 Goals,Under 1.5 Goals,Under 2.5 Goals,Under 3.5 Goals,No,Under 0.5 Goals,8/8,betfair_oficial
2026-09-14 18:03,2026-09-14 16:00,Isa Town FC,Al Budaiya,LIQUIDADO,0 - 1,0,1,Al Budaiya,Over 0.5 Goals,Under 1.5 Goals,Under 2.5 Goals,Under 3.5 Goals,No,Under 0.5 Goals,8/8,betfair_oficial
2026-09-14 18:08,2026-09-14 16:05,Al-Ula FC,Jeddah Club,LIQUIDADO,3 - 0,3,0,Al-Ula FC,Over 0.5 Goals,Over 1.5 Goals,Over 2.5 Goals,Under 3.5 Goals,No,Over 0.5 Goals,8/8,betfair_oficial
2026-09-14 18:13,2026-09-14 16:05,Al-Wahda (KSA),Al-Akhdoud,LIQUIDADO,Any Other Home Win,,,Al-Wahda (KSA),Over 0.5 Goals,Over 1.5 Goals,Over 2.5 Goals,Over 3.5 Goals,Yes,Over 0.5 Goals,8/8,betfair_oficial
2026-09-14 18:28,2026-09-14 16:30,Hapoel Haifa,Bnei Sakhnin,LIQUIDADO,3 - 1,3,1,Hapoel Haifa,Over 0.5 Goals,Over 1.5 Goals,Over 2.5 Goals,Over 3.5 Goals,Yes,Over 0.5 Goals,8/8,betfair_oficial
2026-09-14 18:33,2026-09-14 16:30,Como,Parma,LIQUIDADO,2 - 1,2,1,Como,Over 0.5 Goals,Over 1.5 Goals,Over 2.5 Goals,Under 3.5 Goals,Yes,Over 0.5 Goals,8/8,betfair_oficial
2026-09-14 18:33,2026-09-14 16:30,Torino,Roma,LIQUIDADO,0 - 2,0,2,Roma,Over 0.5 Goals,Over 1.5 Goals,Under 2.5 Goals,Under 3.5 Goals,No,Over 0.5 Goals,8/8,betfair_oficial
2026-09-14 18:33,2026-09-14 16:30,Hapoel Ramat Gan,Maccabi Netanya,LIQUIDADO,2 - 0,2,0,Hapoel Ramat Gan,Over 0.5 Goals,Over 1.5 Goals,Under 2.5 Goals,Under 3.5 Goals,No,Over 0.5 Goals,8/8,betfair_oficial
2026-09-14 18:53,2026-09-14 17:00,Norrby IF,Varbergs BoIS,LIQUIDADO,1 - 2,1,2,Varbergs BoIS,Over 0.5 Goals,Over 1.5 Goals,Over 2.5 Goals,Under 3.5 Goals,Yes,Over 0.5 Goals,8/8,betfair_oficial
2026-09-14 18:53,2026-09-14 17:00,Kayserispor,Istanbulspor,LIQUIDADO,Any Other Home Win,,,Kayserispor,Over 0.5 Goals,Over 1.5 Goals,Over 2.5 Goals,Over 3.5 Goals,No,Over 0.5 Goals,8/8,betfair_oficial
2026-09-14 18:58,2026-09-14 16:00,Dinamo Tbilisi,Gagra,LIQUIDADO,Any Other Home Win,,,Dinamo Tbilisi,Over 0.5 Goals,Over 1.5 Goals,Over 2.5 Goals,Over 3.5 Goals,No,Over 0.5 Goals,8/8,betfair_oficial
2026-09-14 18:58,2026-09-14 17:00,Gaziantep FK,Fenerbahce,LIQUIDADO,0 - 0,0,0,The Draw,Under 0.5 Goals,Under 1.5 Goals,Under 2.5 Goals,Under 3.5 Goals,No,Under 0.5 Goals,8/8,betfair_oficial
2026-09-14 18:58,2026-09-14 17:00,FK Mornar,FK Otrant,LIQUIDADO,0 - 1,0,1,FK Otrant,Over 0.5 Goals,Under 1.5 Goals,Under 2.5 Goals,Under 3.5 Goals,No,Over 0.5 Goals,8/8,betfair_oficial
2026-09-14 18:58,2026-09-14 17:00,OFK Petrovac,FK Arsenal Tivat,LIQUIDADO,1 - 2,1,2,FK Arsenal Tivat,Over 0.5 Goals,Over 1.5 Goals,Over 2.5 Goals,Under 3.5 Goals,Yes,Over 0.5 Goals,8/8,betfair_oficial
2026-09-14 18:58,2026-09-14 17:00,Hapoel Kiryat Shmona,Maccabi Haifa,LIQUIDADO,Any Other Away Win,,,Maccabi Haifa,Over 0.5 Goals,Over 1.5 Goals,Over 2.5 Goals,Over 3.5 Goals,No,Over 0.5 Goals,8/8,betfair_oficial
2026-09-14 18:58,2026-09-14 17:00,Orebro,United IK Nordic,LIQUIDADO,1 - 1,1,1,The Draw,Over 0.5 Goals,Over 1.5 Goals,Under 2.5 Goals,Under 3.5 Goals,Yes,Under 0.5 Goals,8/8,betfair_oficial
2026-09-14 18:58,2026-09-14 17:00,Dinamo Tbilisi,Gagra,LIQUIDADO,Any Other Home Win,,,Dinamo Tbilisi,Over 0.5 Goals,Over 1.5 Goals,Over 2.5 Goals,Over 3.5 Goals,No,Over 0.5 Goals,8/8,betfair_oficial
2026-09-14 19:03,2026-09-14 17:00,Sporting Lisbon B,Lusitania Futebol Clube,LIQUIDADO,1 - 2,1,2,Lusitania Futebol Clube,Over 0.5 Goals,Over 1.5 Goals,Over 2.5 Goals,Under 3.5 Goals,Yes,Over 0.5 Goals,8/8,betfair_oficial
2026-09-14 19:03,2026-09-14 17:00,Zemun,Radnik Surdulica,LIQUIDADO,1 - 1,1,1,The Draw,Over 0.5 Goals,Over 1.5 Goals,Under 2.5 Goals,Under 3.5 Goals,Yes,Over 0.5 Goals,8/8,betfair_oficial
2026-09-14 19:03,2026-09-14 17:00,Midtjylland,Brondby,LIQUIDADO,Any Other Home Win,,,Midtjylland,Over 0.5 Goals,Over 1.5 Goals,Over 2.5 Goals,Over 3.5 Goals,Yes,Over 0.5 Goals,8/8,betfair_oficial
2026-09-14 19:03,2026-09-14 17:00,Stal Mielec,Nieciecza,LIQUIDADO,1 - 2,1,2,Nieciecza,Over 0.5 Goals,Over 1.5 Goals,Over 2.5 Goals,Under 3.5 Goals,Yes,Over 0.5 Goals,8/8,betfair_oficial
2026-09-14 19:03,2026-09-14 17:00,Radomiak Radom,Piast Gliwice,LIQUIDADO,0 - 2,0,2,Piast Gliwice,Over 0.5 Goals,Over 1.5 Goals,Under 2.5 Goals,Under 3.5 Goals,No,Over 0.5 Goals,8/8,betfair_oficial
2026-09-14 19:03,2026-09-14 17:00,Digenis Ypsona,Aris FC Limassol,LIQUIDADO,0 - 1,0,1,Aris FC Limassol,Over 0.5 Goals,Under 1.5 Goals,Under 2.5 Goals,Under 3.5 Goals,No,Under 0.5 Goals,8/8,betfair_oficial
2026-09-14 19:03,2026-09-14 17:00,Porto B,Vizela,LIQUIDADO,2 - 2,2,2,The Draw,Over 0.5 Goals,Over 1.5 Goals,Over 2.5 Goals,Over 3.5 Goals,Yes,Over 0.5 Goals,8/8,betfair_oficial
2026-09-14 19:03,2026-09-14 17:00,Ceramica Cleopatra,National Bank,LIQUIDADO,2 - 0,2,0,Ceramica Cleopatra,Over 0.5 Goals,Over 1.5 Goals,Under 2.5 Goals,Under 3.5 Goals,No,Under 0.5 Goals,8/8,betfair_oficial
2026-09-14 19:03,2026-09-14 17:00,Djurgardens,GAIS,LIQUIDADO,2 - 0,2,0,Djurgardens,Over 0.5 Goals,Over 1.5 Goals,Under 2.5 Goals,Under 3.5 Goals,No,Over 0.5 Goals,8/8,betfair_oficial
2026-09-14 19:03,2026-09-14 17:00,Bodo Glimt,Sandefjord,LIQUIDADO,3 - 2,3,2,Bodo Glimt,Over 0.5 Goals,Over 1.5 Goals,Over 2.5 Goals,Over 3.5 Goals,Yes,Over 0.5 Goals,8/8,betfair_oficial
2026-09-14 19:03,2026-09-14 17:05,Ostersunds FK,Helsingborgs,LIQUIDADO,1 - 0,1,0,Ostersunds FK,Over 0.5 Goals,Under 1.5 Goals,Under 2.5 Goals,Under 3.5 Goals,No,Under 0.5 Goals,8/8,betfair_oficial
2026-09-14 19:18,2026-09-14 17:00,Sirius,Degerfors,LIQUIDADO,2 - 0,2,0,Sirius,Over 0.5 Goals,Over 1.5 Goals,Under 2.5 Goals,Under 3.5 Goals,No,Over 0.5 Goals,8/8,betfair_oficial
2026-09-14 19:23,2026-09-14 17:20,Al Najma Club,Al-Raed (KSA),LIQUIDADO,1 - 1,1,1,The Draw,Over 0.5 Goals,Over 1.5 Goals,Under 2.5 Goals,Under 3.5 Goals,Yes,Over 0.5 Goals,8/8,betfair_oficial
2026-09-14 19:28,2026-09-14 17:30,Ludogorets,Septemvri,LIQUIDADO,2 - 1,2,1,Ludogorets,Over 0.5 Goals,Over 1.5 Goals,Over 2.5 Goals,Under 3.5 Goals,Yes,Over 0.5 Goals,8/8,betfair_oficial
2026-09-14 19:38,2026-09-14 17:30,Maccabi Tel Aviv,Hapoel Tel Aviv,LIQUIDADO,Any Other Home Win,,,Maccabi Tel Aviv,Over 0.5 Goals,Over 1.5 Goals,Over 2.5 Goals,Over 3.5 Goals,Yes,Over 0.5 Goals,8/8,betfair_oficial
2026-09-14 19:48,2026-09-14 17:45,Rio Ave,Club Football Estrela,LIQUIDADO,3 - 3,3,3,The Draw,Over 0.5 Goals,Over 1.5 Goals,Over 2.5 Goals,Over 3.5 Goals,Yes,Over 0.5 Goals,8/8,betfair_oficial
2026-09-14 19:58,2026-09-14 18:00,Jong PSV Eindhoven,Jong AZ Alkmaar,LIQUIDADO,1 - 1,1,1,The Draw,Over 0.5 Goals,Over 1.5 Goals,Under 2.5 Goals,Under 3.5 Goals,Yes,Over 0.5 Goals,8/8,betfair_oficial
2026-09-14 20:03,2026-09-13 14:00,Ranheim IL,Asane,NAO_LIQUIDADO_30H,,,,,,,,,,,,betfair_oficial
2026-09-14 20:03,2026-09-14 18:00,Jong FC Utrecht,Jong Ajax Amsterdam,LIQUIDADO,Any Other Home Win,,,Jong FC Utrecht,Over 0.5 Goals,Over 1.5 Goals,Over 2.5 Goals,Over 3.5 Goals,Yes,Over 0.5 Goals,8/8,betfair_oficial
2026-09-14 20:03,2026-09-14 18:00,FCSB,ACS Petrolul 52,LIQUIDADO,2 - 2,2,2,The Draw,Over 0.5 Goals,Over 1.5 Goals,Over 2.5 Goals,Over 3.5 Goals,Yes,Over 0.5 Goals,8/8,betfair_oficial
2026-09-14 20:03,2026-09-14 18:00,CA Fenix,CSR Espanol BA,LIQUIDADO,1 - 1,1,1,The Draw,Over 0.5 Goals,Over 1.5 Goals,Under 2.5 Goals,Under 3.5 Goals,Yes,Over 0.5 Goals,8/8,betfair_oficial
2026-09-14 20:18,2026-09-14 18:15,Al Ahli,Pakhtakor,LIQUIDADO,1 - 1,1,1,The Draw,Over 0.5 Goals,Over 1.5 Goals,Under 2.5 Goals,Under 3.5 Goals,Yes,Under 0.5 Goals,8/8,betfair_oficial
2026-09-14 20:18,2026-09-14 18:15,Al-Quadisiya (KSA),Al Wasl,LIQUIDADO,2 - 1,2,1,Al-Quadisiya (KSA),Over 0.5 Goals,Over 1.5 Goals,Over 2.5 Goals,Under 3.5 Goals,Yes,Under 0.5 Goals,8/8,betfair_oficial
2026-09-14 20:28,2026-09-14 18:30,Celta Vigo B,Eibar,LIQUIDADO,Any Other Away Win,,,Eibar,Over 0.5 Goals,Over 1.5 Goals,Over 2.5 Goals,Over 3.5 Goals,No,Over 0.5 Goals,8/8,betfair_oficial
2026-09-14 20:33,2026-09-14 18:30,Defensores de Belgrano,Deportivo Madryn,LIQUIDADO,2 - 1,2,1,Defensores de Belgrano,Over 0.5 Goals,Over 1.5 Goals,Over 2.5 Goals,Under 3.5 Goals,Yes,Over 0.5 Goals,8/8,betfair_oficial
2026-09-14 20:38,2026-09-14 18:45,Dundalk,St Patricks,LIQUIDADO,Any Other Away Win,,,St Patricks,Over 0.5 Goals,Over 1.5 Goals,Over 2.5 Goals,Over 3.5 Goals,No,Over 0.5 Goals,8/8,betfair_oficial
2026-09-14 20:43,2026-09-14 18:45,Sligo Rovers,Galway Utd,LIQUIDADO,1 - 3,1,3,Galway Utd,Over 0.5 Goals,Over 1.5 Goals,Over 2.5 Goals,Over 3.5 Goals,Yes,Over 0.5 Goals,8/8,betfair_oficial
2026-09-14 20:43,2026-09-14 18:45,Waterford,Derry City,LIQUIDADO,2 - 2,2,2,The Draw,Over 0.5 Goals,Over 1.5 Goals,Over 2.5 Goals,Over 3.5 Goals,Yes,Over 0.5 Goals,8/8,betfair_oficial
2026-09-14 20:43,2026-09-14 18:45,Inter,Udinese,LIQUIDADO,Any Other Home Win,,,Inter,Over 0.5 Goals,Over 1.5 Goals,Over 2.5 Goals,Over 3.5 Goals,Yes,Over 0.5 Goals,8/8,betfair_oficial
2026-09-14 20:48,2026-09-14 18:45,Shelbourne,Drogheda,LIQUIDADO,1 - 2,1,2,Drogheda,Over 0.5 Goals,Over 1.5 Goals,Over 2.5 Goals,Under 3.5 Goals,Yes,Over 0.5 Goals,8/8,betfair_oficial
2026-09-14 20:48,2026-09-14 18:45,Red Star,Metz,LIQUIDADO,1 - 0,1,0,Red Star,Over 0.5 Goals,Under 1.5 Goals,Under 2.5 Goals,Under 3.5 Goals,No,Under 0.5 Goals,8/8,betfair_oficial
2026-09-14 20:58,2026-09-14 19:00,Leeds,Newcastle,LIQUIDADO,Any Other Home Win,,,Leeds,Over 0.5 Goals,Over 1.5 Goals,Over 2.5 Goals,Over 3.5 Goals,Yes,Over 0.5 Goals,8/8,betfair_oficial
2026-09-14 20:58,2026-09-14 19:00,Villarreal,Betis,LIQUIDADO,1 - 2,1,2,Betis,Over 0.5 Goals,Over 1.5 Goals,Over 2.5 Goals,Under 3.5 Goals,Yes,Over 0.5 Goals,8/8,betfair_oficial
2026-09-14 21:08,2026-09-14 19:15,Vikingur Reykjavik,Keflavik,LIQUIDADO,Any Other Home Win,,,Vikingur Reykjavik,Over 0.5 Goals,Over 1.5 Goals,Over 2.5 Goals,Over 3.5 Goals,Yes,Over 0.5 Goals,8/8,betfair_oficial
2026-09-14 21:13,2026-09-14 19:15,Moreirense,Maritimo,LIQUIDADO,3 - 1,3,1,Moreirense,Over 0.5 Goals,Over 1.5 Goals,Over 2.5 Goals,Over 3.5 Goals,Yes,Over 0.5 Goals,8/8,betfair_oficial
2026-09-14 21:48,2026-09-14 19:45,Braga,Estoril Praia,LIQUIDADO,1 - 0,1,0,Braga,Over 0.5 Goals,Under 1.5 Goals,Under 2.5 Goals,Under 3.5 Goals,No,Under 0.5 Goals,8/8,betfair_oficial
2026-09-14 22:28,2026-09-14 20:30,Tigres FC Zipaquira,Bogota,LIQUIDADO,0 - 0,0,0,The Draw,Under 0.5 Goals,Under 1.5 Goals,Under 2.5 Goals,Under 3.5 Goals,No,Under 0.5 Goals,8/8,betfair_oficial
2026-09-14 23:03,2026-09-14 21:00,Club Deportes Santa Cruz,Deportes Recoleta,LIQUIDADO,0 - 0,0,0,The Draw,Under 0.5 Goals,Under 1.5 Goals,Under 2.5 Goals,Under 3.5 Goals,No,Under 0.5 Goals,8/8,betfair_oficial
2026-09-14 23:58,2026-09-14 22:00,Deportivo Riestra,Lanus,LIQUIDADO,0 - 3,0,3,Lanus,Over 0.5 Goals,Over 1.5 Goals,Over 2.5 Goals,Under 3.5 Goals,No,Over 0.5 Goals,8/8,betfair_oficial
2026-09-14 23:58,2026-09-14 22:00,Torque,Liverpool Montevideo,LIQUIDADO,3 - 1,3,1,Torque,Over 0.5 Goals,Over 1.5 Goals,Over 2.5 Goals,Over 3.5 Goals,Yes,Over 0.5 Goals,8/8,betfair_oficial
2026-09-15 00:03,2026-09-14 22:00,Banfield,Barracas Central,LIQUIDADO,1 - 1,1,1,The Draw,Over 0.5 Goals,Over 1.5 Goals,Under 2.5 Goals,Under 3.5 Goals,Yes,Over 0.5 Goals,8/8,betfair_oficial
2026-09-15 00:33,2026-09-14 22:30,America MG,Sao Bernardo,LIQUIDADO,0 - 2,0,2,Sao Bernardo,Over 0.5 Goals,Over 1.5 Goals,Under 2.5 Goals,Under 3.5 Goals,No,Under 0.5 Goals,8/8,betfair_oficial
2026-09-15 00:33,2026-09-14 22:30,Botafogo SP,Goias,LIQUIDADO,1 - 3,1,3,Goias,Over 0.5 Goals,Over 1.5 Goals,Over 2.5 Goals,Over 3.5 Goals,Yes,Over 0.5 Goals,8/8,betfair_oficial
2026-09-15 00:43,2026-09-14 22:45,Orsomarso,Atletico FC Cali,LIQUIDADO,0 - 2,0,2,Atletico FC Cali,Over 0.5 Goals,Over 1.5 Goals,Under 2.5 Goals,Under 3.5 Goals,No,Over 0.5 Goals,8/8,betfair_oficial
2026-09-15 01:08,2026-09-14 23:00,Bahia,Remo,LIQUIDADO,2 - 1,2,1,Bahia,Over 0.5 Goals,Over 1.5 Goals,Over 2.5 Goals,Under 3.5 Goals,Yes,Over 0.5 Goals,8/8,betfair_oficial
2026-09-15 01:33,2026-09-14 23:30,Union La Calera,Deportes Limache,LIQUIDADO,1 - 0,1,0,Union La Calera,Over 0.5 Goals,Under 1.5 Goals,Under 2.5 Goals,Under 3.5 Goals,No,Over 0.5 Goals,8/8,betfair_oficial
2026-09-15 01:38,2026-09-14 23:30,CSD Rangers,Deportes Iquique,LIQUIDADO,1 - 2,1,2,Deportes Iquique,Over 0.5 Goals,Over 1.5 Goals,Over 2.5 Goals,Under 3.5 Goals,Yes,Over 0.5 Goals,8/8,betfair_oficial
2026-09-15 03:03,2026-09-15 00:15,Instituto,Estudiantes Rio Cuarto,LIQUIDADO,2 - 1,2,1,Instituto,Over 0.5 Goals,Over 1.5 Goals,Over 2.5 Goals,Under 3.5 Goals,Yes,Under 0.5 Goals,8/8,betfair_oficial
2026-09-15 03:03,2026-09-15 00:30,Avai,Vila Nova,LIQUIDADO,1 - 1,1,1,The Draw,Over 0.5 Goals,Over 1.5 Goals,Under 2.5 Goals,Under 3.5 Goals,Yes,Over 0.5 Goals,8/8,betfair_oficial
2026-09-15 03:03,2026-09-15 01:00,Leon,Atletico San Luis,LIQUIDADO,2 - 0,2,0,Leon,Over 0.5 Goals,Over 1.5 Goals,Under 2.5 Goals,Under 3.5 Goals,No,Under 0.5 Goals,8/8,betfair_oficial
2026-09-15 03:03,2026-09-15 01:00,Sporting San Miguelito,San Francisco FC,LIQUIDADO,0 - 2,0,2,San Francisco FC,Over 0.5 Goals,Over 1.5 Goals,Under 2.5 Goals,Under 3.5 Goals,No,Over 0.5 Goals,8/8,betfair_oficial
2026-09-15 03:03,2026-09-15 01:00,Racing United FC,Arnett Gardens FC,LIQUIDADO,3 - 2,3,2,Racing United FC,Over 0.5 Goals,Over 1.5 Goals,Over 2.5 Goals,Over 3.5 Goals,Yes,Over 0.5 Goals,8/8,betfair_oficial
2026-09-15 03:08,2026-09-15 01:00,Pitbulls,Consultants Desamparados,LIQUIDADO,3 - 2,3,2,Pitbulls,Over 0.5 Goals,Over 1.5 Goals,Over 2.5 Goals,Over 3.5 Goals,Yes,Over 0.5 Goals,8/8,betfair_oficial
2026-09-15 03:08,2026-09-15 01:00,America de Cali S.A,Deportivo Pasto,LIQUIDADO,0 - 1,0,1,Deportivo Pasto,Over 0.5 Goals,Under 1.5 Goals,Under 2.5 Goals,Under 3.5 Goals,No,Under 0.5 Goals,8/8,betfair_oficial
2026-09-15 03:08,2026-09-15 01:00,Antigua GFC,Suchitepequez,LIQUIDADO,3 - 2,3,2,Antigua GFC,Over 0.5 Goals,Over 1.5 Goals,Over 2.5 Goals,Over 3.5 Goals,Yes,Over 0.5 Goals,8/8,betfair_oficial
2026-09-15 04:58,2026-09-14 22:00,Molynes United FC,Treasure Beach FC,LIQUIDADO,3 - 2,3,2,Molynes United FC,Over 0.5 Goals,Over 1.5 Goals,Over 2.5 Goals,Over 3.5 Goals,Yes,Over 0.5 Goals,8/8,betfair_oficial
2026-09-15 08:23,2026-09-15 06:30,Uzbekistan U23,Philippines U23,LIQUIDADO,Any Other Home Win,,,Uzbekistan U23,Over 0.5 Goals,Over 1.5 Goals,Over 2.5 Goals,Over 3.5 Goals,Yes,Over 0.5 Goals,8/8,betfair_oficial
2026-09-15 10:03,2026-09-15 07:00,South United,FC Real Bengaluru,LIQUIDADO,2 - 1,2,1,South United,Over 0.5 Goals,Over 1.5 Goals,Over 2.5 Goals,Under 3.5 Goals,Yes,Over 0.5 Goals,8/8,betfair_oficial
2026-09-15 11:28,2026-09-15 09:30,MLS FC,Dinthar FC,LIQUIDADO,2 - 1,2,1,MLS FC,Over 0.5 Goals,Over 1.5 Goals,Over 2.5 Goals,Under 3.5 Goals,Yes,Over 0.5 Goals,8/8,betfair_oficial
2026-09-15 11:33,2026-09-15 09:30,Coal India,Bhawanipore FC,LIQUIDADO,0 - 3,0,3,Bhawanipore FC,Over 0.5 Goals,Over 1.5 Goals,Over 2.5 Goals,Under 3.5 Goals,No,Over 0.5 Goals,8/8,betfair_oficial
2026-09-15 11:58,2026-09-15 10:00,G-Osaka,Cong An Nhan Dan,LIQUIDADO,Any Other Home Win,,,G-Osaka,Over 0.5 Goals,Over 1.5 Goals,Over 2.5 Goals,Over 3.5 Goals,Yes,Over 0.5 Goals,8/8,betfair_oficial
2026-09-15 11:58,2026-09-15 10:00,Vietnam U23,Kuwait U23,LIQUIDADO,1 - 1,1,1,The Draw,Over 0.5 Goals,Over 1.5 Goals,Under 2.5 Goals,Under 3.5 Goals,Yes,Under 0.5 Goals,8/8,betfair_oficial
2026-09-15 11:58,2026-09-15 10:00,Daejeon Citizen,Kyoto,LIQUIDADO,1 - 0,1,0,Daejeon Citizen,Over 0.5 Goals,Under 1.5 Goals,Under 2.5 Goals,Under 3.5 Goals,No,Under 0.5 Goals,8/8,betfair_oficial
2026-09-15 11:58,2026-09-15 10:00,SSU Poli Timisoara (W),Olimpia Cluj (W),LIQUIDADO,1 - 0,1,0,SSU Poli Timisoara (W),Over 0.5 Goals,Under 1.5 Goals,Under 2.5 Goals,Under 3.5 Goals,No,Under 0.5 Goals,8/8,betfair_oficial
2026-09-15 11:58,2026-09-15 10:00,Kashima,Newcastle Jets,LIQUIDADO,Any Other Home Win,,,Kashima,Over 0.5 Goals,Over 1.5 Goals,Over 2.5 Goals,Over 3.5 Goals,Yes,Over 0.5 Goals,8/8,betfair_oficial
2026-09-15 12:03,2026-09-15 10:00,Ratchaburi,Shanghai Port FC,LIQUIDADO,Any Other Away Win,,,Shanghai Port FC,Over 0.5 Goals,Over 1.5 Goals,Over 2.5 Goals,Over 3.5 Goals,Yes,Over 0.5 Goals,8/8,betfair_oficial
2026-09-15 12:28,2026-09-15 10:30,Qatar U23,South Korea U23,LIQUIDADO,Any Other Away Win,,,South Korea U23,Over 0.5 Goals,Over 1.5 Goals,Over 2.5 Goals,Over 3.5 Goals,Yes,Over 0.5 Goals,8/8,betfair_oficial
2026-09-15 12:38,2026-09-15 09:30,Bengaluru United,Kickstart FC,LIQUIDADO,2 - 1,2,1,Bengaluru United,Over 0.5 Goals,Over 1.5 Goals,Over 2.5 Goals,Under 3.5 Goals,Yes,Over 0.5 Goals,8/8,betfair_oficial
2026-09-15 12:38,2026-09-15 10:30,Bengaluru United,Kickstart FC,LIQUIDADO,2 - 1,2,1,Bengaluru United,Over 0.5 Goals,Over 1.5 Goals,Over 2.5 Goals,Under 3.5 Goals,Yes,Over 0.5 Goals,8/8,betfair_oficial
2026-09-15 13:03,2026-09-15 11:00,JL Chiangmai United,Khonkaen,LIQUIDADO,3 - 1,3,1,JL Chiangmai United,Over 0.5 Goals,Over 1.5 Goals,Over 2.5 Goals,Over 3.5 Goals,Yes,Over 0.5 Goals,8/8,betfair_oficial
2026-09-15 13:18,2026-09-15 11:30,Bengaluru United,Kickstart FC,LIQUIDADO,2 - 1,2,1,Bengaluru United,Over 0.5 Goals,Over 1.5 Goals,Over 2.5 Goals,Under 3.5 Goals,Yes,Over 0.5 Goals,8/8,betfair_oficial
2026-09-15 13:58,2026-09-15 12:00,Derby (Res),Salford City (Res),LIQUIDADO,0 - 2,0,2,Salford City (Res),Over 0.5 Goals,Over 1.5 Goals,Under 2.5 Goals,Under 3.5 Goals,No,Over 0.5 Goals,8/8,betfair_oficial
2026-09-15 14:03,2026-09-15 12:00,Satun United FC,Muangthong Utd,LIQUIDADO,3 - 0,3,0,Satun United FC,Over 0.5 Goals,Over 1.5 Goals,Over 2.5 Goals,Under 3.5 Goals,No,Over 0.5 Goals,8/8,betfair_oficial
2026-09-15 14:18,2026-09-15 12:15,Beijing Guoan,Pohang Steelers,LIQUIDADO,3 - 1,3,1,Beijing Guoan,Over 0.5 Goals,Over 1.5 Goals,Over 2.5 Goals,Over 3.5 Goals,Yes,Over 0.5 Goals,8/8,betfair_oficial
2026-09-15 14:23,2026-09-15 12:15,Johor Darul Ta'zim,Buriram Utd,LIQUIDADO,1 - 1,1,1,The Draw,Over 0.5 Goals,Over 1.5 Goals,Under 2.5 Goals,Under 3.5 Goals,Yes,Over 0.5 Goals,8/8,betfair_oficial
2026-09-15 14:58,2026-09-15 13:00,Bul FC,Bukedea TC,LIQUIDADO,2 - 1,2,1,Bul FC,Over 0.5 Goals,Over 1.5 Goals,Over 2.5 Goals,Under 3.5 Goals,Yes,Over 0.5 Goals,8/8,betfair_oficial
2026-09-15 14:58,2026-09-15 13:00,NEC FC,Uganda Revenue Authority,LIQUIDADO,Any Other Home Win,,,NEC FC,Over 0.5 Goals,Over 1.5 Goals,Over 2.5 Goals,Over 3.5 Goals,Yes,Over 0.5 Goals,8/8,betfair_oficial
2026-09-15 14:58,2026-09-15 13:00,Widzew Lodz II,Polonia Bytom,LIQUIDADO,1 - 2,1,2,Polonia Bytom,Over 0.5 Goals,Over 1.5 Goals,Over 2.5 Goals,Under 3.5 Goals,Yes,Over 0.5 Goals,8/8,betfair_oficial
2026-09-15 15:03,2026-09-15 11:30,Police Tero,Songkla FC,LIQUIDADO,0 - 3,0,3,Songkla FC,Over 0.5 Goals,Over 1.5 Goals,Over 2.5 Goals,Under 3.5 Goals,No,Under 0.5 Goals,8/8,betfair_oficial
2026-09-15 15:03,2026-09-15 12:00,Police Tero,Songkla FC,LIQUIDADO,0 - 3,0,3,Songkla FC,Over 0.5 Goals,Over 1.5 Goals,Over 2.5 Goals,Under 3.5 Goals,No,Under 0.5 Goals,8/8,betfair_oficial
2026-09-15 15:28,2026-09-15 13:30,Druzstevnik Velke Ludince,Dunajska Streda,LIQUIDADO,3 - 2,3,2,Druzstevnik Velke Ludince,Over 0.5 Goals,Over 1.5 Goals,Over 2.5 Goals,Over 3.5 Goals,Yes,Over 0.5 Goals,8/8,betfair_oficial
2026-09-15 15:28,2026-09-15 13:30,Ramthar Veng FC,Kanan FC,LIQUIDADO,1 - 1,1,1,The Draw,Over 0.5 Goals,Over 1.5 Goals,Under 2.5 Goals,Under 3.5 Goals,Yes,Under 0.5 Goals,8/8,betfair_oficial
2026-09-15 15:33,2026-09-15 13:30,Bunyodkor,Lokomotiv Tashkent,LIQUIDADO,0 - 1,0,1,Lokomotiv Tashkent,Over 0.5 Goals,Under 1.5 Goals,Under 2.5 Goals,Under 3.5 Goals,No,Over 0.5 Goals,8/8,betfair_oficial
2026-09-15 15:43,2026-09-15 13:45,Arkadag FK,Al-Muharraq,LIQUIDADO,1 - 0,1,0,Arkadag FK,Over 0.5 Goals,Under 1.5 Goals,Under 2.5 Goals,Under 3.5 Goals,No,Under 0.5 Goals,8/8,betfair_oficial
2026-09-15 15:58,2026-09-15 14:00,CSM Scolar Resita,ACS Fotbal Club Bacau,LIQUIDADO,0 - 1,0,1,ACS Fotbal Club Bacau,Over 0.5 Goals,Under 1.5 Goals,Under 2.5 Goals,Under 3.5 Goals,No,Under 0.5 Goals,8/8,betfair_oficial
2026-09-15 16:03,2026-09-15 14:00,Asyut Petroleum,Modern Sport FC,LIQUIDADO,0 - 2,0,2,Modern Sport FC,Over 0.5 Goals,Over 1.5 Goals,Under 2.5 Goals,Under 3.5 Goals,No,Over 0.5 Goals,8/8,betfair_oficial
2026-09-15 16:08,2026-09-15 14:00,Wadi Degla,Al Mokawloon,LIQUIDADO,0 - 2,0,2,Al Mokawloon,Over 0.5 Goals,Over 1.5 Goals,Under 2.5 Goals,Under 3.5 Goals,No,Under 0.5 Goals,8/8,betfair_oficial
2026-09-15 16:08,2026-09-15 14:00,FK Andijan,Olimpik Mobiuz,LIQUIDADO,2 - 2,2,2,The Draw,Over 0.5 Goals,Over 1.5 Goals,Over 2.5 Goals,Over 3.5 Goals,Yes,Over 0.5 Goals,8/8,betfair_oficial
2026-09-15 16:23,2026-09-15 14:30,Trinec,Mlada Boleslav,LIQUIDADO,0 - 3,0,3,Mlada Boleslav,Over 0.5 Goals,Over 1.5 Goals,Over 2.5 Goals,Under 3.5 Goals,No,Over 0.5 Goals,8/8,betfair_oficial
2026-09-15 16:33,2026-09-15 14:30,Bjelovar,Karlovac,LIQUIDADO,0 - 2,0,2,Karlovac,Over 0.5 Goals,Over 1.5 Goals,Under 2.5 Goals,Under 3.5 Goals,No,Over 0.5 Goals,8/8,betfair_oficial
2026-09-15 16:53,2026-09-15 15:00,FC Sellier & Bellot Vlasim,Slovan Liberec,LIQUIDADO,0 - 2,0,2,Slovan Liberec,Over 0.5 Goals,Over 1.5 Goals,Under 2.5 Goals,Under 3.5 Goals,No,Over 0.5 Goals,8/8,betfair_oficial
2026-09-15 17:28,2026-09-15 15:30,Lokomotiv GO,Nesebar,LIQUIDADO,1 - 1,1,1,The Draw,Over 0.5 Goals,Over 1.5 Goals,Under 2.5 Goals,Under 3.5 Goals,Yes,Under 0.5 Goals,8/8,betfair_oficial
2026-09-15 17:33,2026-09-15 15:30,Al-Adalh,Al-Jndal,LIQUIDADO,1 - 0,1,0,Al-Adalh,Over 0.5 Goals,Under 1.5 Goals,Under 2.5 Goals,Under 3.5 Goals,No,Over 0.5 Goals,8/8,betfair_oficial
2026-09-15 17:58,2026-09-15 16:00,Ludogorets Razgrad B,FC Fratria,LIQUIDADO,1 - 1,1,1,The Draw,Over 0.5 Goals,Over 1.5 Goals,Under 2.5 Goals,Under 3.5 Goals,Yes,Under 0.5 Goals,8/8,betfair_oficial
2026-09-15 17:58,2026-09-15 16:00,Genoa,Sudtirol,LIQUIDADO,1 - 0,1,0,Genoa,Over 0.5 Goals,Under 1.5 Goals,Under 2.5 Goals,Under 3.5 Goals,No,Under 0.5 Goals,8/8,betfair_oficial
2026-09-15 17:58,2026-09-15 16:00,SK Super Nova,FK Riga,LIQUIDADO,0 - 1,0,1,FK Riga,Over 0.5 Goals,Under 1.5 Goals,Under 2.5 Goals,Under 3.5 Goals,No,Under 0.5 Goals,8/8,betfair_oficial
2026-09-15 18:08,2026-09-15 16:00,Al Ain,Al Nassr,LIQUIDADO,Any Other Home Win,,,Al Ain,Over 0.5 Goals,Over 1.5 Goals,Over 2.5 Goals,Over 3.5 Goals,No,Over 0.5 Goals,8/8,betfair_oficial
2026-09-15 18:08,2026-09-15 16:05,AL Orubah,AL Jeel,LIQUIDADO,1 - 0,1,0,Al Orubah,Over 0.5 Goals,Under 1.5 Goals,Under 2.5 Goals,Under 3.5 Goals,No,Under 0.5 Goals,8/8,betfair_oficial
2026-09-15 18:13,2026-09-15 16:00,Rakow Czestochowa,Zaglebie Lubin,LIQUIDADO,2 - 3,2,3,Zaglebie Lubin,Over 0.5 Goals,Over 1.5 Goals,Over 2.5 Goals,Over 3.5 Goals,Yes,Over 0.5 Goals,8/8,betfair_oficial
2026-09-15 18:33,2026-09-15 16:30,Ironi Tiberias,Hapoel Jerusalem,LIQUIDADO,2 - 2,2,2,The Draw,Over 0.5 Goals,Over 1.5 Goals,Over 2.5 Goals,Over 3.5 Goals,Yes,Over 0.5 Goals,8/8,betfair_oficial
2026-09-15 18:53,2026-09-15 17:00,Landskrona,Sundsvall,LIQUIDADO,Any Other Home Win,,,Landskrona,Over 0.5 Goals,Over 1.5 Goals,Over 2.5 Goals,Over 3.5 Goals,No,Over 0.5 Goals,8/8,betfair_oficial
2026-09-15 18:53,2026-09-15 17:00,Beitar Jerusalem,Maccabi Petach Tikva,LIQUIDADO,3 - 1,3,1,Beitar Jerusalem,Over 0.5 Goals,Over 1.5 Goals,Over 2.5 Goals,Over 3.5 Goals,Yes,Over 0.5 Goals,8/8,betfair_oficial
2026-09-15 18:53,2026-09-15 17:00,HIK Hellerup,Esbjerg,LIQUIDADO,Any Other Away Win,,,Esbjerg,Over 0.5 Goals,Over 1.5 Goals,Over 2.5 Goals,Over 3.5 Goals,No,Over 0.5 Goals,8/8,betfair_oficial
2026-09-15 18:53,2026-09-15 17:00,IK Brage,Sandvikens IF,LIQUIDADO,1 - 1,1,1,The Draw,Over 0.5 Goals,Over 1.5 Goals,Under 2.5 Goals,Under 3.5 Goals,Yes,Over 0.5 Goals,8/8,betfair_oficial
2026-09-15 18:58,2026-09-15 17:00,SV Meppen,Viktoria Koln,LIQUIDADO,1 - 3,1,3,Viktoria Koln,Over 0.5 Goals,Over 1.5 Goals,Over 2.5 Goals,Over 3.5 Goals,Yes,Over 0.5 Goals,8/8,betfair_oficial
2026-09-15 18:58,2026-09-15 17:00,Jahn Regensburg,Fortuna Dusseldorf,LIQUIDADO,1 - 2,1,2,Fortuna Dusseldorf,Over 0.5 Goals,Over 1.5 Goals,Over 2.5 Goals,Under 3.5 Goals,Yes,Over 0.5 Goals,8/8,betfair_oficial
2026-09-15 18:58,2026-09-15 17:00,Fk Jezero,FK Bokelj,LIQUIDADO,1 - 1,1,1,The Draw,Over 0.5 Goals,Over 1.5 Goals,Under 2.5 Goals,Under 3.5 Goals,Yes,Under 0.5 Goals,8/8,betfair_oficial
2026-09-15 18:58,2026-09-15 17:00,Grasshoppers Zurich,Sion,LIQUIDADO,Any Other Away Win,,,Sion,Over 0.5 Goals,Over 1.5 Goals,Over 2.5 Goals,Over 3.5 Goals,Yes,Over 0.5 Goals,8/8,betfair_oficial
2026-09-15 18:58,2026-09-15 17:00,SG Sonnenhof,Verl,LIQUIDADO,1 - 1,1,1,The Draw,Over 0.5 Goals,Over 1.5 Goals,Under 2.5 Goals,Under 3.5 Goals,Yes,Over 0.5 Goals,8/8,betfair_oficial
2026-09-15 18:58,2026-09-15 17:00,Varnamo,Osters,LIQUIDADO,1 - 3,1,3,Osters,Over 0.5 Goals,Over 1.5 Goals,Over 2.5 Goals,Over 3.5 Goals,Yes,Over 0.5 Goals,8/8,betfair_oficial
2026-09-15 19:03,2026-09-15 17:00,Rayo Vallecano,Espanyol,LIQUIDADO,2 - 1,2,1,Rayo Vallecano,Over 0.5 Goals,Over 1.5 Goals,Over 2.5 Goals,Under 3.5 Goals,Yes,Over 0.5 Goals,8/8,betfair_oficial
2026-09-15 19:03,2026-09-15 17:00,Duisburg,TSV Havelse,LIQUIDADO,2 - 1,2,1,Duisburg,Over 0.5 Goals,Over 1.5 Goals,Over 2.5 Goals,Under 3.5 Goals,Yes,Over 0.5 Goals,8/8,betfair_oficial
2026-09-15 19:08,2026-09-15 17:00,Al Ahly Cairo,Abo Qair Semads,LIQUIDADO,2 - 0,2,0,Al Ahly Cairo,Over 0.5 Goals,Over 1.5 Goals,Under 2.5 Goals,Under 3.5 Goals,No,Over 0.5 Goals,8/8,betfair_oficial
2026-09-15 19:08,2026-09-15 17:00,Al-Masry,Al Ittihad (EGY),LIQUIDADO,0 - 2,0,2,Al Ittihad (EGY),Over 0.5 Goals,Over 1.5 Goals,Under 2.5 Goals,Under 3.5 Goals,No,Under 0.5 Goals,8/8,betfair_oficial
2026-09-15 19:08,2026-09-15 17:00,Wurzburger Kickers,Alemannia Aachen,LIQUIDADO,1 - 0,1,0,Wurzburger Kickers,Over 0.5 Goals,Under 1.5 Goals,Under 2.5 Goals,Under 3.5 Goals,No,Over 0.5 Goals,8/8,betfair_oficial
2026-09-15 19:53,2026-09-15 18:00,Ajax,Willem II,LIQUIDADO,Any Other Home Win,,,Ajax,Over 0.5 Goals,Over 1.5 Goals,Over 2.5 Goals,Over 3.5 Goals,Yes,Over 0.5 Goals,8/8,betfair_oficial
2026-09-15 19:58,2026-09-15 18:00,Tottenham U21,GNK Dinamo Zagreb U21,LIQUIDADO,3 - 1,3,1,Tottenham U21,Over 0.5 Goals,Over 1.5 Goals,Over 2.5 Goals,Over 3.5 Goals,Yes,Over 0.5 Goals,8/8,betfair_oficial
2026-09-15 20:03,2026-09-15 18:00,Alaves,Valencia,LIQUIDADO,0 - 1,0,1,Valencia,Over 0.5 Goals,Under 1.5 Goals,Under 2.5 Goals,Under 3.5 Goals,No,Under 0.5 Goals,8/8,betfair_oficial
2026-09-15 20:03,2026-09-15 18:00,Aston Villa U21,Real Sociedad U21,LIQUIDADO,Any Other Home Win,,,Aston Villa U21,Over 0.5 Goals,Over 1.5 Goals,Over 2.5 Goals,Over 3.5 Goals,Yes,Over 0.5 Goals,8/8,betfair_oficial
2026-09-15 20:13,2026-09-15 18:15,Al-Hilal,Al Gharafa,LIQUIDADO,2 - 1,2,1,Al-Hilal,Over 0.5 Goals,Over 1.5 Goals,Over 2.5 Goals,Under 3.5 Goals,Yes,Over 0.5 Goals,8/8,betfair_oficial
2026-09-15 20:23,2026-09-15 18:30,Korona Kielce,Gornik Zabrze,LIQUIDADO,0 - 2,0,2,Gornik Zabrze,Over 0.5 Goals,Over 1.5 Goals,Under 2.5 Goals,Under 3.5 Goals,No,Over 0.5 Goals,8/8,betfair_oficial
2026-09-15 20:28,2026-09-15 18:30,Peterborough,Barnsley,LIQUIDADO,3 - 3,3,3,The Draw,Over 0.5 Goals,Over 1.5 Goals,Over 2.5 Goals,Over 3.5 Goals,Yes,Over 0.5 Goals,8/8,betfair_oficial
2026-09-15 20:38,2026-09-15 18:45,Ross Co,Queen of South,LIQUIDADO,Any Other Home Win,,,Ross Co,Over 0.5 Goals,Over 1.5 Goals,Over 2.5 Goals,Over 3.5 Goals,No,Over 0.5 Goals,8/8,betfair_oficial
2026-09-15 20:38,2026-09-15 18:45,East Fife,Motherwell B,LIQUIDADO,Any Other Home Win,,,East Fife,Over 0.5 Goals,Over 1.5 Goals,Over 2.5 Goals,Over 3.5 Goals,Yes,Over 0.5 Goals,8/8,betfair_oficial
2026-09-15 20:43,2026-09-15 18:45,Motherwell,Aberdeen,LIQUIDADO,Any Other Away Win,,,Aberdeen,Over 0.5 Goals,Over 1.5 Goals,Over 2.5 Goals,Over 3.5 Goals,No,Over 0.5 Goals,8/8,betfair_oficial
2026-09-15 20:43,2026-09-15 18:45,West Ham,Fulham,LIQUIDADO,2 - 3,2,3,Fulham,Over 0.5 Goals,Over 1.5 Goals,Over 2.5 Goals,Over 3.5 Goals,Yes,Over 0.5 Goals,8/8,betfair_oficial
2026-09-15 20:43,2026-09-15 18:45,Middlesbrough,Millwall,LIQUIDADO,2 - 2,2,2,The Draw,Over 0.5 Goals,Over 1.5 Goals,Over 2.5 Goals,Over 3.5 Goals,Yes,Over 0.5 Goals,8/8,betfair_oficial
2026-09-15 20:43,2026-09-15 18:45,Boston Utd,Woking,LIQUIDADO,1 - 1,1,1,The Draw,Over 0.5 Goals,Over 1.5 Goals,Under 2.5 Goals,Under 3.5 Goals,Yes,Over 0.5 Goals,8/8,betfair_oficial
2026-09-15 20:43,2026-09-15 18:45,Aldershot,Yeovil,LIQUIDADO,1 - 1,1,1,The Draw,Over 0.5 Goals,Over 1.5 Goals,Under 2.5 Goals,Under 3.5 Goals,Yes,Over 0.5 Goals,8/8,betfair_oficial
2026-09-15 20:43,2026-09-15 18:45,Bristol City,Lincoln,LIQUIDADO,0 - 1,0,1,Lincoln,Over 0.5 Goals,Under 1.5 Goals,Under 2.5 Goals,Under 3.5 Goals,No,Under 0.5 Goals,8/8,betfair_oficial
2026-09-15 20:43,2026-09-15 18:45,Truro City,Salisbury City,LIQUIDADO,0 - 1,0,1,Salisbury City,Over 0.5 Goals,Under 1.5 Goals,Under 2.5 Goals,Under 3.5 Goals,No,Over 0.5 Goals,8/8,betfair_oficial
2026-09-15 20:43,2026-09-15 18:45,Falkirk,Hearts,LIQUIDADO,2 - 1,2,1,Falkirk,Over 0.5 Goals,Over 1.5 Goals,Over 2.5 Goals,Under 3.5 Goals,Yes,Over 0.5 Goals,8/8,betfair_oficial
2026-09-15 20:43,2026-09-15 18:45,Harrogate Town,AFC Fylde,LIQUIDADO,1 - 2,1,2,AFC Fylde,Over 0.5 Goals,Over 1.5 Goals,Over 2.5 Goals,Under 3.5 Goals,Yes,Under 0.5 Goals,8/8,betfair_oficial
2026-09-15 20:43,2026-09-15 18:45,Wealdstone,FC Halifax Town,LIQUIDADO,0 - 1,0,1,FC Halifax Town,Over 0.5 Goals,Under 1.5 Goals,Under 2.5 Goals,Under 3.5 Goals,No,Under 0.5 Goals,8/8,betfair_oficial
2026-09-15 20:43,2026-09-15 18:45,Worthing,Hornchurch,LIQUIDADO,1 - 0,1,0,Worthing,Over 0.5 Goals,Under 1.5 Goals,Under 2.5 Goals,Under 3.5 Goals,No,Over 0.5 Goals,8/8,betfair_oficial
2026-09-15 20:48,2026-09-15 18:45,Southend,Tamworth FC,LIQUIDADO,3 - 1,3,1,Southend,Over 0.5 Goals,Over 1.5 Goals,Over 2.5 Goals,Over 3.5 Goals,Yes,Under 0.5 Goals,8/8,betfair_oficial
2026-09-15 20:48,2026-09-15 18:45,Billericay Town,Braintree,LIQUIDADO,3 - 2,3,2,Billericay Town,Over 0.5 Goals,Over 1.5 Goals,Over 2.5 Goals,Over 3.5 Goals,Yes,Over 0.5 Goals,8/8,betfair_oficial
2026-09-15 20:48,2026-09-15 18:45,Stenhousemuir,Partick,LIQUIDADO,1 - 0,1,0,Stenhousemuir,Over 0.5 Goals,Under 1.5 Goals,Under 2.5 Goals,Under 3.5 Goals,No,Under 0.5 Goals,8/8,betfair_oficial
2026-09-15 20:48,2026-09-15 18:45,Solihull Moors,Barrow,LIQUIDADO,1 - 0,1,0,Solihull Moors,Over 0.5 Goals,Under 1.5 Goals,Under 2.5 Goals,Under 3.5 Goals,No,Under 0.5 Goals,8/8,betfair_oficial
2026-09-15 20:48,2026-09-15 18:45,Sutton Utd,Eastleigh,LIQUIDADO,2 - 1,2,1,Sutton Utd,Over 0.5 Goals,Over 1.5 Goals,Over 2.5 Goals,Under 3.5 Goals,Yes,Over 0.5 Goals,8/8,betfair_oficial
2026-09-15 20:48,2026-09-15 18:45,Carlisle,Forest Green,LIQUIDADO,1 - 1,1,1,The Draw,Over 0.5 Goals,Over 1.5 Goals,Under 2.5 Goals,Under 3.5 Goals,Yes,Over 0.5 Goals,8/8,betfair_oficial
2026-09-15 20:48,2026-09-15 18:45,Hibernian,Kilmarnock,LIQUIDADO,0 - 1,0,1,Kilmarnock,Over 0.5 Goals,Under 1.5 Goals,Under 2.5 Goals,Under 3.5 Goals,No,Over 0.5 Goals,8/8,betfair_oficial
2026-09-15 20:58,2026-09-15 19:00,Reading,Brentford,LIQUIDADO,1 - 2,1,2,Brentford,Over 0.5 Goals,Over 1.5 Goals,Over 2.5 Goals,Under 3.5 Goals,Yes,Over 0.5 Goals,8/8,betfair_oficial
2026-09-15 20:58,2026-09-15 19:00,Liverpool,Tottenham,LIQUIDADO,3 - 1,3,1,Liverpool,Over 0.5 Goals,Over 1.5 Goals,Over 2.5 Goals,Over 3.5 Goals,Yes,Over 0.5 Goals,8/8,betfair_oficial
2026-09-15 20:58,2026-09-15 19:00,Ipswich,Arsenal,LIQUIDADO,Any Other Away Win,,,Arsenal,Over 0.5 Goals,Over 1.5 Goals,Over 2.5 Goals,Over 3.5 Goals,Yes,Over 0.5 Goals,8/8,betfair_oficial
2026-09-15 21:03,2026-09-15 19:00,Fiorentina,Pisa,LIQUIDADO,3 - 0,3,0,Fiorentina,Over 0.5 Goals,Over 1.5 Goals,Over 2.5 Goals,Under 3.5 Goals,No,Over 0.5 Goals,8/8,betfair_oficial
2026-09-15 21:03,2026-09-15 19:00,CDT Real Oruro,Real Potosi,LIQUIDADO,0 - 2,0,2,Real Potosi,Over 0.5 Goals,Over 1.5 Goals,Under 2.5 Goals,Under 3.5 Goals,No,Over 0.5 Goals,8/8,betfair_oficial
2026-09-15 21:13,2026-09-15 19:15,Fram,Breidablik,LIQUIDADO,1 - 3,1,3,Breidablik,Over 0.5 Goals,Over 1.5 Goals,Over 2.5 Goals,Over 3.5 Goals,Yes,Over 0.5 Goals,8/8,betfair_oficial
2026-09-15 21:33,2026-09-15 18:45,The New Saints,Flint Town United,LIQUIDADO,Any Other Home Win,,,The New Saints,Over 0.5 Goals,Over 1.5 Goals,Over 2.5 Goals,Over 3.5 Goals,No,Over 0.5 Goals,8/8,betfair_oficial
2026-09-15 21:33,2026-09-15 19:30,Elche,Real Madrid,LIQUIDADO,2 - 3,2,3,Real Madrid,Over 0.5 Goals,Over 1.5 Goals,Over 2.5 Goals,Over 3.5 Goals,Yes,Over 0.5 Goals,8/8,betfair_oficial
2026-09-15 21:38,2026-09-15 18:45,Barry Town Utd,Ammanford AFC,LIQUIDADO,2 - 2,2,2,The Draw,Over 0.5 Goals,Over 1.5 Goals,Over 2.5 Goals,Over 3.5 Goals,Yes,Over 0.5 Goals,8/8,betfair_oficial
2026-09-15 21:43,2026-09-15 18:45,Connahs Quay,Airbus UK Broughton,LIQUIDADO,3 - 0,3,0,Connahs Quay,Over 0.5 Goals,Over 1.5 Goals,Over 2.5 Goals,Under 3.5 Goals,No,Under 0.5 Goals,8/8,betfair_oficial
2026-09-15 21:53,2026-09-15 18:45,Penybont FC,Briton Ferry Llansawel,LIQUIDADO,Any Other Home Win,,,Penybont FC,Over 0.5 Goals,Over 1.5 Goals,Over 2.5 Goals,Over 3.5 Goals,Yes,Over 0.5 Goals,8/8,betfair_oficial
2026-09-15 23:13,2026-09-15 21:00,San Luis,Antofagasta,LIQUIDADO,2 - 1,2,1,San Luis,Over 0.5 Goals,Over 1.5 Goals,Over 2.5 Goals,Under 3.5 Goals,Yes,Over 0.5 Goals,8/8,betfair_oficial
2026-09-15 23:53,2026-09-15 21:30,Academia de Balompie Boliviano,The Strongest,LIQUIDADO,1 - 2,1,2,The Strongest,Over 0.5 Goals,Over 1.5 Goals,Over 2.5 Goals,Under 3.5 Goals,Yes,Over 0.5 Goals,8/8,betfair_oficial
2026-09-15 23:53,2026-09-15 21:15,Academia de Balompie Boliviano,The Strongest,LIQUIDADO,1 - 2,1,2,The Strongest,Over 0.5 Goals,Over 1.5 Goals,Over 2.5 Goals,Under 3.5 Goals,Yes,Over 0.5 Goals,8/8,betfair_oficial
2026-09-15 23:58,2026-09-15 22:00,CA Platense,Fluminense,LIQUIDADO,2 - 1,2,1,CA Platense,Over 0.5 Goals,Over 1.5 Goals,Over 2.5 Goals,Under 3.5 Goals,Yes,Over 0.5 Goals,8/8,betfair_oficial
2026-09-15 23:58,2026-09-15 22:00,Carabobo FC,Deportivo La Guaira,LIQUIDADO,1 - 0,1,0,Carabobo FC,Over 0.5 Goals,Under 1.5 Goals,Under 2.5 Goals,Under 3.5 Goals,No,Under 0.5 Goals,8/8,betfair_oficial
2026-09-15 23:58,2026-09-15 22:00,Barranquilla,Independiente Yumbo,LIQUIDADO,0 - 2,0,2,Independiente Yumbo,Over 0.5 Goals,Over 1.5 Goals,Under 2.5 Goals,Under 3.5 Goals,No,Under 0.5 Goals,8/8,betfair_oficial
2026-09-16 00:03,2026-09-15 22:00,Vasco Da Gama,Santa Fe,LIQUIDADO,2 - 0,2,0,Vasco Da Gama,Over 0.5 Goals,Over 1.5 Goals,Under 2.5 Goals,Under 3.5 Goals,No,Over 0.5 Goals,8/8,betfair_oficial
2026-09-16 00:23,2026-09-15 22:30,Londrina,Ponte Preta,LIQUIDADO,Any Other Home Win,,,Londrina,Over 0.5 Goals,Over 1.5 Goals,Over 2.5 Goals,Over 3.5 Goals,No,Over 0.5 Goals,8/8,betfair_oficial
2026-09-16 00:33,2026-09-15 22:30,Deportivo Tachira,Puerto Cabello,LIQUIDADO,1 - 1,1,1,The Draw,Over 0.5 Goals,Over 1.5 Goals,Under 2.5 Goals,Under 3.5 Goals,Yes,Over 0.5 Goals,8/8,betfair_oficial
2026-09-16 00:38,2026-09-15 22:30,Nautico PE,Operario PR,LIQUIDADO,3 - 3,3,3,The Draw,Over 0.5 Goals,Over 1.5 Goals,Over 2.5 Goals,Over 3.5 Goals,Yes,Over 0.5 Goals,8/8,betfair_oficial
2026-09-16 01:28,2026-09-15 23:30,Universidad de Venezuela,Academia Anzoategui FC,LIQUIDADO,1 - 0,1,0,Universidad de Venezuela,Over 0.5 Goals,Under 1.5 Goals,Under 2.5 Goals,Under 3.5 Goals,No,Under 0.5 Goals,8/8,betfair_oficial
2026-09-16 01:28,2026-09-15 23:30,Union Espanola,Deportes Temuco,LIQUIDADO,1 - 1,1,1,The Draw,Over 0.5 Goals,Over 1.5 Goals,Under 2.5 Goals,Under 3.5 Goals,Yes,Under 0.5 Goals,8/8,betfair_oficial
2026-09-16 03:03,2026-09-16 00:00,CRB,Sport Recife,LIQUIDADO,2 - 1,2,1,CRB,Over 0.5 Goals,Over 1.5 Goals,Over 2.5 Goals,Under 3.5 Goals,Yes,Over 0.5 Goals,8/8,betfair_oficial
2026-09-16 03:03,2026-09-16 00:30,Sao Paulo,Boca Juniors,LIQUIDADO,1 - 1,1,1,The Draw,Over 0.5 Goals,Over 1.5 Goals,Under 2.5 Goals,Under 3.5 Goals,Yes,Under 0.5 Goals,8/8,betfair_oficial
2026-09-16 03:03,2026-09-16 00:30,Boyaca Chico,Alianza FC Valledupar,LIQUIDADO,1 - 2,1,2,Alianza FC Valledupar,Over 0.5 Goals,Over 1.5 Goals,Over 2.5 Goals,Under 3.5 Goals,Yes,Over 0.5 Goals,8/8,betfair_oficial
2026-09-16 03:03,2026-09-16 01:00,Puebla,Toluca,LIQUIDADO,0 - 1,0,1,Toluca,Over 0.5 Goals,Under 1.5 Goals,Under 2.5 Goals,Under 3.5 Goals,No,Under 0.5 Goals,8/8,betfair_oficial
2026-09-16 03:03,2026-09-16 01:00,Dorados,Cancun FC,LIQUIDADO,1 - 1,1,1,The Draw,Over 0.5 Goals,Over 1.5 Goals,Under 2.5 Goals,Under 3.5 Goals,Yes,Over 0.5 Goals,8/8,betfair_oficial
2026-09-16 08:58,2026-09-16 07:00,Thailand U23,Kyrgyzstan U23,LIQUIDADO,3 - 2,3,2,Thailand U23,Over 0.5 Goals,Over 1.5 Goals,Over 2.5 Goals,Over 3.5 Goals,Yes,Over 0.5 Goals,8/8,betfair_oficial
2026-09-16 11:36,2026-09-16 08:00,Khovd Western,Ulaangom City FC,LIQUIDADO,Any Other Home Win,,,Khovd Western,Over 0.5 Goals,Over 1.5 Goals,Over 2.5 Goals,Over 3.5 Goals,Yes,Over 0.5 Goals,8/8,betfair_oficial
2026-09-16 11:36,2026-09-16 08:30,Pusamania Borneo FC,Dewa United FC,LIQUIDADO,1 - 3,1,3,Dewa United FC,Over 0.5 Goals,Over 1.5 Goals,Over 2.5 Goals,Over 3.5 Goals,Yes,Over 0.5 Goals,8/8,betfair_oficial
2026-09-16 11:36,2026-09-16 09:00,Tsirang FC,Thimphu FC,LIQUIDADO,Any Other Away Win,,,Thimphu FC,Over 0.5 Goals,Over 1.5 Goals,Over 2.5 Goals,Over 3.5 Goals,No,Over 0.5 Goals,8/8,betfair_oficial
2026-09-16 11:36,2026-09-16 09:00,Kolos Kovalyovka,Karpaty,LIQUIDADO,2 - 3,2,3,Karpaty,Over 0.5 Goals,Over 1.5 Goals,Over 2.5 Goals,Over 3.5 Goals,Yes,Over 0.5 Goals,8/8,betfair_oficial
2026-09-16 11:36,2026-09-16 09:30,Aizawl FC,Mizoram Police,LIQUIDADO,1 - 1,1,1,The Draw,Over 0.5 Goals,Over 1.5 Goals,Under 2.5 Goals,Under 3.5 Goals,Yes,Under 0.5 Goals,8/8,betfair_oficial
2026-09-16 11:56,2026-09-16 05:00,China U23,North Korea U23,LIQUIDADO,2 - 1,2,1,China U23,Over 0.5 Goals,Over 1.5 Goals,Over 2.5 Goals,Under 3.5 Goals,Yes,Over 0.5 Goals,8/8,betfair_oficial
2026-09-16 11:56,2026-09-16 10:00,Jeonbuk Motors,Kashiwa,LIQUIDADO,2 - 1,2,1,Jeonbuk Motors,Over 0.5 Goals,Over 1.5 Goals,Over 2.5 Goals,Under 3.5 Goals,Yes,Over 0.5 Goals,8/8,betfair_oficial
2026-09-16 12:01,2026-09-16 10:00,FC Seoul,Persib Bandung,LIQUIDADO,0 - 1,0,1,Persib Bandung,Over 0.5 Goals,Under 1.5 Goals,Under 2.5 Goals,Under 3.5 Goals,No,Over 0.5 Goals,8/8,betfair_oficial
2026-09-16 12:26,2026-09-16 07:00,Japan U23,Hong Kong U23,LIQUIDADO,2 - 0,2,0,Japan U23,Over 0.5 Goals,Over 1.5 Goals,Under 2.5 Goals,Under 3.5 Goals,No,Over 0.5 Goals,8/8,betfair_oficial
2026-09-16 12:56,2026-09-16 11:00,Uttaradit FC,Nongbua Pitchaya FC,LIQUIDADO,2 - 2,2,2,The Draw,Over 0.5 Goals,Over 1.5 Goals,Over 2.5 Goals,Over 3.5 Goals,Yes,Over 0.5 Goals,8/8,betfair_oficial
2026-09-16 12:56,2026-09-16 11:00,Chainat Hornbill,Esan Pattaya,LIQUIDADO,0 - 0,0,0,The Draw,Under 0.5 Goals,Under 1.5 Goals,Under 2.5 Goals,Under 3.5 Goals,No,Under 0.5 Goals,8/8,betfair_oficial
2026-09-16 13:01,2026-09-16 11:00,Karaman Belediyespor,Kepez Belediyespor,LIQUIDADO,2 - 3,2,3,Kepez Belediyespor,Over 0.5 Goals,Over 1.5 Goals,Over 2.5 Goals,Over 3.5 Goals,Yes,Over 0.5 Goals,8/8,betfair_oficial
2026-09-16 13:21,2026-09-16 11:00,Prykarpattya,Fc Kharkiv,LIQUIDADO,0 - 2,0,2,FC Kharkiv,Over 0.5 Goals,Over 1.5 Goals,Under 2.5 Goals,Under 3.5 Goals,No,Over 0.5 Goals,8/8,betfair_oficial
2026-09-16 13:31,2026-09-16 11:30,Nakhon Pathom,Kanchanaburi,LIQUIDADO,1 - 1,1,1,The Draw,Over 0.5 Goals,Over 1.5 Goals,Under 2.5 Goals,Under 3.5 Goals,Yes,Under 0.5 Goals,8/8,betfair_oficial
2026-09-16 13:31,2026-09-16 11:30,Langsning SC,Mawlai SC,LIQUIDADO,0 - 0,0,0,The Draw,Under 0.5 Goals,Under 1.5 Goals,Under 2.5 Goals,Under 3.5 Goals,No,Under 0.5 Goals,8/8,betfair_oficial
2026-09-16 13:56,2026-09-16 12:00,FC Gareji,Gori FC,LIQUIDADO,2 - 1,2,1,FC Gareji,Over 0.5 Goals,Over 1.5 Goals,Over 2.5 Goals,Under 3.5 Goals,Yes,Over 0.5 Goals,8/8,betfair_oficial
2026-09-16 13:56,2026-09-16 12:00,Niki Volou,Asteras Tripolis,LIQUIDADO,0 - 3,0,3,Asteras Tripolis,Over 0.5 Goals,Over 1.5 Goals,Over 2.5 Goals,Under 3.5 Goals,No,Under 0.5 Goals,8/8,betfair_oficial
2026-09-16 13:56,2026-09-16 12:00,FC Merani Martvili,Sioni Bolnisi,LIQUIDADO,2 - 1,2,1,FC Merani Martvili,Over 0.5 Goals,Over 1.5 Goals,Over 2.5 Goals,Under 3.5 Goals,Yes,Over 0.5 Goals,8/8,betfair_oficial
2026-09-16 14:01,2026-09-16 12:00,Kulikiv-Bilka FC,Veres Rivne,LIQUIDADO,0 - 1,0,1,Veres Rivne,Over 0.5 Goals,Under 1.5 Goals,Under 2.5 Goals,Under 3.5 Goals,No,Over 0.5 Goals,8/8,betfair_oficial
2026-09-16 14:01,2026-09-16 12:00,Inkilapspor,Beykoz Anadolu Spor,LIQUIDADO,1 - 3,1,3,Beykoz Anadolu Spor,Over 0.5 Goals,Over 1.5 Goals,Over 2.5 Goals,Over 3.5 Goals,Yes,Over 0.5 Goals,8/8,betfair_oficial
2026-09-16 14:06,2026-09-16 12:00,Mahasarakham Sam Bai Tao FC,Nakhon Ratchasima,LIQUIDADO,1 - 1,1,1,The Draw,Over 0.5 Goals,Over 1.5 Goals,Under 2.5 Goals,Under 3.5 Goals,Yes,Over 0.5 Goals,8/8,betfair_oficial
2026-09-16 14:06,2026-09-16 12:00,Galata SK,Yesil Yalova FK,LIQUIDADO,1 - 1,1,1,The Draw,Over 0.5 Goals,Over 1.5 Goals,Under 2.5 Goals,Under 3.5 Goals,Yes,Over 0.5 Goals,8/8,betfair_oficial
2026-09-16 14:16,2026-09-16 12:15,Port FC,Kobe,LIQUIDADO,1 - 2,1,2,Kobe,Over 0.5 Goals,Over 1.5 Goals,Over 2.5 Goals,Under 3.5 Goals,Yes,Over 0.5 Goals,8/8,betfair_oficial
2026-09-16 14:26,2026-09-16 12:30,Karvan Evlakh,Zaqatala,LIQUIDADO,3 - 0,3,0,Karvan Evlakh,Over 0.5 Goals,Over 1.5 Goals,Over 2.5 Goals,Under 3.5 Goals,No,Over 0.5 Goals,8/8,betfair_oficial
2026-09-16 14:31,2026-09-16 12:15,Viettel FC,Melbourne Victory,LIQUIDADO,1 - 1,1,1,The Draw,Over 0.5 Goals,Over 1.5 Goals,Under 2.5 Goals,Under 3.5 Goals,Yes,Under 0.5 Goals,8/8,betfair_oficial
2026-09-16 14:56,2026-09-16 13:00,Mbarara City FC,Entebbe FC,LIQUIDADO,0 - 0,0,0,The Draw,Under 0.5 Goals,Under 1.5 Goals,Under 2.5 Goals,Under 3.5 Goals,No,Under 0.5 Goals,8/8,betfair_oficial
2026-09-16 14:56,2026-09-16 13:00,Lugazi FC,Uganda Police,LIQUIDADO,0 - 2,0,2,Uganda Police,Over 0.5 Goals,Over 1.5 Goals,Under 2.5 Goals,Under 3.5 Goals,No,Under 0.5 Goals,8/8,betfair_oficial
2026-09-16 15:01,2026-09-16 13:00,FC Kolkheti Poti,Samtredia,LIQUIDADO,1 - 0,1,0,FC Kolkheti Poti,Over 0.5 Goals,Under 1.5 Goals,Under 2.5 Goals,Under 3.5 Goals,No,Over 0.5 Goals,8/8,betfair_oficial
2026-09-16 15:01,2026-09-16 13:00,Terengganu,Brunei DPMM FC,LIQUIDADO,1 - 3,1,3,Brunei DPMM FC,Over 0.5 Goals,Over 1.5 Goals,Over 2.5 Goals,Over 3.5 Goals,Yes,Over 0.5 Goals,8/8,betfair_oficial
2026-09-16 15:01,2026-09-16 13:00,FC Bukovyna,LNZ-Lebedyn,LIQUIDADO,0 - 0,0,0,The Draw,Under 0.5 Goals,Under 1.5 Goals,Under 2.5 Goals,Under 3.5 Goals,No,Under 0.5 Goals,8/8,betfair_oficial
2026-09-16 15:36,2026-09-16 13:30,Levels FC,Cascada SC,LIQUIDADO,Any Other Home Win,,,Levels FC,Over 0.5 Goals,Over 1.5 Goals,Over 2.5 Goals,Over 3.5 Goals,Yes,Over 0.5 Goals,8/8,betfair_oficial
2026-09-16 15:41,2026-09-16 13:30,El Olympi,Sporting Club,LIQUIDADO,1 - 0,1,0,El Olympi,Over 0.5 Goals,Under 1.5 Goals,Under 2.5 Goals,Under 3.5 Goals,No,Over 0.5 Goals,8/8,betfair_oficial
2026-09-16 15:41,2026-09-16 13:30,Egypt Insurance,Banha,LIQUIDADO,2 - 0,2,0,Egypt Insurance,Over 0.5 Goals,Over 1.5 Goals,Under 2.5 Goals,Under 3.5 Goals,No,Over 0.5 Goals,8/8,betfair_oficial
2026-09-16 15:41,2026-09-16 13:30,Olmaliq,Xorazm FK Urganch,LIQUIDADO,2 - 1,2,1,Olmaliq,Over 0.5 Goals,Over 1.5 Goals,Over 2.5 Goals,Under 3.5 Goals,Yes,Under 0.5 Goals,8/8,betfair_oficial
2026-09-16 15:41,2026-09-16 13:30,Alo Egypt Club,Mustaqbal Sport,LIQUIDADO,1 - 0,1,0,Alo Egypt Club,Over 0.5 Goals,Under 1.5 Goals,Under 2.5 Goals,Under 3.5 Goals,No,Under 0.5 Goals,8/8,betfair_oficial
2026-09-16 15:46,2026-09-16 13:30,Delphi SC,Aljazeera Matrouh,LIQUIDADO,Any Other Home Win,,,Delphi SC,Over 0.5 Goals,Over 1.5 Goals,Over 2.5 Goals,Over 3.5 Goals,Yes,Over 0.5 Goals,8/8,betfair_oficial
2026-09-16 15:46,2026-09-16 13:30,Samanod,Porto El Sokhna,LIQUIDADO,1 - 2,1,2,Porto El Sokhna,Over 0.5 Goals,Over 1.5 Goals,Over 2.5 Goals,Under 3.5 Goals,Yes,Over 0.5 Goals,8/8,betfair_oficial
2026-09-16 15:46,2026-09-16 13:30,Diamond FC,Raa SC,LIQUIDADO,0 - 2,0,2,Raa SC,Over 0.5 Goals,Over 1.5 Goals,Under 2.5 Goals,Under 3.5 Goals,No,Over 0.5 Goals,8/8,betfair_oficial
2026-09-16 15:46,2026-09-16 13:45,Aris,Marko,LIQUIDADO,1 - 0,1,0,Aris,Over 0.5 Goals,Under 1.5 Goals,Under 2.5 Goals,Under 3.5 Goals,No,Under 0.5 Goals,8/8,betfair_oficial
2026-09-16 15:51,2026-09-16 14:00,Kraluv Dvur,FC Zbrojovka Brno,LIQUIDADO,0 - 3,0,3,FC Zbrojovka Brno,Over 0.5 Goals,Over 1.5 Goals,Over 2.5 Goals,Under 3.5 Goals,No,Over 0.5 Goals,8/8,betfair_oficial
2026-09-16 15:51,2026-09-16 14:00,Vitkovice,SK Artis Brno,LIQUIDADO,0 - 3,0,3,SK Artis Brno,Over 0.5 Goals,Over 1.5 Goals,Over 2.5 Goals,Under 3.5 Goals,No,Under 0.5 Goals,8/8,betfair_oficial
2026-09-16 15:51,2026-09-16 14:00,MAS Taborsko,Teplice,LIQUIDADO,Any Other Away Win,,,Teplice,Over 0.5 Goals,Over 1.5 Goals,Over 2.5 Goals,Over 3.5 Goals,No,Over 0.5 Goals,8/8,betfair_oficial
2026-09-16 15:56,2026-09-16 14:00,Varnsdorf,Slavia Prague,LIQUIDADO,Any Other Away Win,,,Slavia Prague,Over 0.5 Goals,Over 1.5 Goals,Over 2.5 Goals,Over 3.5 Goals,Yes,Over 0.5 Goals,8/8,betfair_oficial
2026-09-16 15:56,2026-09-16 14:00,MFK Havirov,Zlin,LIQUIDADO,Any Other Away Win,,,Zlin,Over 0.5 Goals,Over 1.5 Goals,Over 2.5 Goals,Over 3.5 Goals,No,Under 0.5 Goals,8/8,betfair_oficial
2026-09-16 15:56,2026-09-16 14:00,FK Neratovice-Byskovice,Slovacko,LIQUIDADO,Any Other Away Win,,,Slovacko,Over 0.5 Goals,Over 1.5 Goals,Over 2.5 Goals,Over 3.5 Goals,No,Over 0.5 Goals,8/8,betfair_oficial
2026-09-16 15:56,2026-09-16 14:00,FK Pribram,Hradec Kralove,LIQUIDADO,1 - 2,1,2,Hradec Kralove,Over 0.5 Goals,Over 1.5 Goals,Over 2.5 Goals,Under 3.5 Goals,Yes,Over 0.5 Goals,8/8,betfair_oficial
2026-09-16 15:56,2026-09-16 14:00,FK Kozlovice,Pardubice,LIQUIDADO,Any Other Away Win,,,Pardubice,Over 0.5 Goals,Over 1.5 Goals,Over 2.5 Goals,Over 3.5 Goals,No,Over 0.5 Goals,8/8,betfair_oficial
2026-09-16 15:56,2026-09-16 14:00,Bucaspor,Gaziemir GOG Sor Yat AS,LIQUIDADO,Any Other Away Win,,,Gaziemir GOG Sor Yat AS,Over 0.5 Goals,Over 1.5 Goals,Over 2.5 Goals,Over 3.5 Goals,No,Over 0.5 Goals,8/8,betfair_oficial
2026-09-16 16:01,2026-09-16 14:00,Gʻazalkent FK,FK Kokand 1912,LIQUIDADO,2 - 1,2,1,Gʻazalkent FK,Over 0.5 Goals,Over 1.5 Goals,Over 2.5 Goals,Under 3.5 Goals,Yes,Over 0.5 Goals,8/8,betfair_oficial
2026-09-16 16:01,2026-09-16 14:00,Fk Smederevo,FK Spartak,LIQUIDADO,2 - 1,2,1,FK Smederevo,Over 0.5 Goals,Over 1.5 Goals,Over 2.5 Goals,Under 3.5 Goals,Yes,Over 0.5 Goals,8/8,betfair_oficial
2026-09-16 16:01,2026-09-16 14:00,El Gounah,Petrojet,LIQUIDADO,1 - 2,1,2,Petrojet,Over 0.5 Goals,Over 1.5 Goals,Over 2.5 Goals,Under 3.5 Goals,Yes,Over 0.5 Goals,8/8,betfair_oficial
2026-09-16 16:21,2026-09-16 14:30,Vrbovec,Rijeka,LIQUIDADO,Any Other Away Win,,,Rijeka,Over 0.5 Goals,Over 1.5 Goals,Over 2.5 Goals,Over 3.5 Goals,No,Over 0.5 Goals,8/8,betfair_oficial
2026-09-16 16:26,2026-09-16 14:30,Naesby,AC Horsens,LIQUIDADO,2 - 3,2,3,AC Horsens,Over 0.5 Goals,Over 1.5 Goals,Over 2.5 Goals,Over 3.5 Goals,Yes,Over 0.5 Goals,8/8,betfair_oficial
2026-09-16 16:26,2026-09-16 14:30,Kustosija,BSK Bijelo Brdo,LIQUIDADO,1 - 2,1,2,BSK Bijelo Brdo,Over 0.5 Goals,Over 1.5 Goals,Over 2.5 Goals,Under 3.5 Goals,Yes,Under 0.5 Goals,8/8,betfair_oficial
2026-09-16 16:26,2026-09-16 14:30,Brabrand,Viborg,LIQUIDADO,2 - 1,2,1,Brabrand,Over 0.5 Goals,Over 1.5 Goals,Over 2.5 Goals,Under 3.5 Goals,Yes,Over 0.5 Goals,8/8,betfair_oficial
2026-09-16 16:26,2026-09-16 14:30,Horsholm Usserod IK,Aarhus Fremad,LIQUIDADO,0 - 0,0,0,The Draw,Under 0.5 Goals,Under 1.5 Goals,Under 2.5 Goals,Under 3.5 Goals,No,Under 0.5 Goals,8/8,betfair_oficial
2026-09-16 16:41,2026-09-16 14:45,Kifisia,Panathinaikos,LIQUIDADO,0 - 2,0,2,Panathinaikos,Over 0.5 Goals,Over 1.5 Goals,Under 2.5 Goals,Under 3.5 Goals,No,Under 0.5 Goals,8/8,betfair_oficial
2026-09-16 16:56,2026-09-16 15:00,FK Lovcen,Rudar Pljevlja,LIQUIDADO,Any Other Away Win,,,Rudar Pljevlja,Over 0.5 Goals,Over 1.5 Goals,Over 2.5 Goals,Over 3.5 Goals,Yes,Over 0.5 Goals,8/8,betfair_oficial
2026-09-16 16:56,2026-09-16 15:00,Rivers United FC,Warri Wolves,LIQUIDADO,2 - 0,2,0,Rivers United FC,Over 0.5 Goals,Over 1.5 Goals,Under 2.5 Goals,Under 3.5 Goals,No,Over 0.5 Goals,8/8,betfair_oficial
2026-09-16 17:01,2026-09-16 15:00,Grorud IL,Tromsdalen,LIQUIDADO,2 - 0,2,0,Grorud IL,Over 0.5 Goals,Over 1.5 Goals,Under 2.5 Goals,Under 3.5 Goals,No,Under 0.5 Goals,8/8,betfair_oficial
2026-09-16 17:06,2026-09-16 15:00,Ben Guerdane,Club Sportif Sfaxien,LIQUIDADO,1 - 1,1,1,The Draw,Over 0.5 Goals,Over 1.5 Goals,Under 2.5 Goals,Under 3.5 Goals,Yes,Over 0.5 Goals,8/8,betfair_oficial
2026-09-16 17:11,2026-09-16 15:00,Esperance Sportive Zarzis,US Monastirienne,LIQUIDADO,1 - 2,1,2,US Monastirienne,Over 0.5 Goals,Over 1.5 Goals,Over 2.5 Goals,Under 3.5 Goals,Yes,Over 0.5 Goals,8/8,betfair_oficial
2026-09-16 17:41,2026-09-16 15:45,VMFD Zalgiris,FK Kauno Zalgiris,LIQUIDADO,3 - 2,3,2,VMFD Zalgiris,Over 0.5 Goals,Over 1.5 Goals,Over 2.5 Goals,Over 3.5 Goals,Yes,Over 0.5 Goals,8/8,betfair_oficial
2026-09-16 17:51,2026-09-16 16:00,Triglav,Brezice,LIQUIDADO,Any Other Home Win,,,Triglav,Over 0.5 Goals,Over 1.5 Goals,Over 2.5 Goals,Over 3.5 Goals,No,Over 0.5 Goals,8/8,betfair_oficial
2026-09-16 17:56,2026-09-16 16:00,Al Hussein,Quess East Bengal,LIQUIDADO,2 - 2,2,2,The Draw,Over 0.5 Goals,Over 1.5 Goals,Over 2.5 Goals,Over 3.5 Goals,Yes,Over 0.5 Goals,8/8,betfair_oficial
2026-09-16 17:56,2026-09-16 16:00,FK Napredak,FK Vrsac,LIQUIDADO,1 - 2,1,2,FK Vrsac,Over 0.5 Goals,Over 1.5 Goals,Over 2.5 Goals,Under 3.5 Goals,Yes,Under 0.5 Goals,8/8,betfair_oficial
2026-09-16 17:56,2026-09-16 16:00,IL Sandviken Bergen,Asane,LIQUIDADO,2 - 2,2,2,The Draw,Over 0.5 Goals,Over 1.5 Goals,Over 2.5 Goals,Over 3.5 Goals,Yes,Over 0.5 Goals,8/8,betfair_oficial
2026-09-16 17:56,2026-09-16 16:00,Vozdovac,FK Jedinstvo Ub,LIQUIDADO,1 - 0,1,0,Vozdovac,Over 0.5 Goals,Under 1.5 Goals,Under 2.5 Goals,Under 3.5 Goals,No,Over 0.5 Goals,8/8,betfair_oficial
2026-09-16 17:56,2026-09-16 16:00,Arendal,Sandnes Ulf,LIQUIDADO,1 - 2,1,2,Sandnes Ulf,Over 0.5 Goals,Over 1.5 Goals,Over 2.5 Goals,Under 3.5 Goals,Yes,Under 0.5 Goals,8/8,betfair_oficial
2026-09-16 17:56,2026-09-16 16:00,Sloga Doboj,Borac Banja Luka,LIQUIDADO,1 - 2,1,2,Borac Banja Luka,Over 0.5 Goals,Over 1.5 Goals,Over 2.5 Goals,Under 3.5 Goals,Yes,Over 0.5 Goals,8/8,betfair_oficial
2026-09-16 17:56,2026-09-16 16:00,FK Dubocica,FK Teleoptik Zemun,LIQUIDADO,2 - 0,2,0,FK Dubocica,Over 0.5 Goals,Over 1.5 Goals,Under 2.5 Goals,Under 3.5 Goals,No,Over 0.5 Goals,8/8,betfair_oficial
2026-09-16 17:56,2026-09-16 16:00,Trygg/Lade,Molde,LIQUIDADO,Any Other Away Win,,,Molde,Over 0.5 Goals,Over 1.5 Goals,Over 2.5 Goals,Over 3.5 Goals,No,Over 0.5 Goals,8/8,betfair_oficial
2026-09-16 17:56,2026-09-16 16:00,Gamle Oslo,Lyn,LIQUIDADO,1 - 3,1,3,Lyn,Over 0.5 Goals,Over 1.5 Goals,Over 2.5 Goals,Over 3.5 Goals,Yes,Over 0.5 Goals,8/8,betfair_oficial
2026-09-16 17:56,2026-09-16 16:00,AB,SonderjyskE,LIQUIDADO,3 - 1,3,1,AB,Over 0.5 Goals,Over 1.5 Goals,Over 2.5 Goals,Over 3.5 Goals,Yes,Under 0.5 Goals,8/8,betfair_oficial
2026-09-16 17:56,2026-09-16 16:00,Jerv,Egersund,LIQUIDADO,1 - 2,1,2,Egersund,Over 0.5 Goals,Over 1.5 Goals,Over 2.5 Goals,Under 3.5 Goals,Yes,Over 0.5 Goals,8/8,betfair_oficial
2026-09-16 18:01,2026-09-16 16:00,Al Khalidiyah,Nasaf,LIQUIDADO,0 - 0,0,0,The Draw,Under 0.5 Goals,Under 1.5 Goals,Under 2.5 Goals,Under 3.5 Goals,No,Under 0.5 Goals,8/8,betfair_oficial
2026-09-16 18:01,2026-09-16 16:00,Elverum,Raufoss,LIQUIDADO,0 - 3,0,3,Raufoss,Over 0.5 Goals,Over 1.5 Goals,Over 2.5 Goals,Under 3.5 Goals,No,Over 0.5 Goals,8/8,betfair_oficial
2026-09-16 18:01,2026-09-16 16:00,Kirikkale Buyuk Anadoluspor FC,Kirsehir Belediye,LIQUIDADO,0 - 3,0,3,Kirsehir Belediyespor,Over 0.5 Goals,Over 1.5 Goals,Over 2.5 Goals,Under 3.5 Goals,No,Over 0.5 Goals,8/8,betfair_oficial
2026-09-16 18:01,2026-09-16 16:00,Notodden,Odds BK,LIQUIDADO,2 - 3,2,3,Odds BK,Over 0.5 Goals,Over 1.5 Goals,Over 2.5 Goals,Over 3.5 Goals,Yes,Over 0.5 Goals,8/8,betfair_oficial
2026-09-16 18:01,2026-09-16 16:00,Paide Linnameeskond,Parnu JK Vaprus,LIQUIDADO,2 - 0,2,0,Paide Linnameeskond,Over 0.5 Goals,Over 1.5 Goals,Under 2.5 Goals,Under 3.5 Goals,No,Over 0.5 Goals,8/8,betfair_oficial
2026-09-16 18:01,2026-09-16 16:00,Brattvag,Kristiansund,LIQUIDADO,1 - 2,1,2,Kristiansund,Over 0.5 Goals,Over 1.5 Goals,Over 2.5 Goals,Under 3.5 Goals,Yes,Over 0.5 Goals,8/8,betfair_oficial
2026-09-16 18:01,2026-09-16 16:00,FK Auda,Ogre United,LIQUIDADO,1 - 0,1,0,FK Auda,Over 0.5 Goals,Under 1.5 Goals,Under 2.5 Goals,Under 3.5 Goals,No,Over 0.5 Goals,8/8,betfair_oficial
2026-09-16 18:01,2026-09-16 16:00,Lokomotiv Sofia,CSKA Sofia,LIQUIDADO,0 - 2,0,2,CSKA Sofia,Over 0.5 Goals,Over 1.5 Goals,Under 2.5 Goals,Under 3.5 Goals,No,Over 0.5 Goals,8/8,betfair_oficial
2026-09-16 18:01,2026-09-16 16:00,FK Proleter Zrenjanin,FK Backa Topola,LIQUIDADO,1 - 1,1,1,The Draw,Over 0.5 Goals,Over 1.5 Goals,Under 2.5 Goals,Under 3.5 Goals,Yes,Over 0.5 Goals,8/8,betfair_oficial
2026-09-16 18:01,2026-09-16 16:00,OS Turn Fotball,Brann,LIQUIDADO,1 - 2,1,2,Brann,Over 0.5 Goals,Over 1.5 Goals,Over 2.5 Goals,Under 3.5 Goals,Yes,Over 0.5 Goals,8/8,betfair_oficial
2026-09-16 18:01,2026-09-16 16:00,Kjelsas,Ham-Kam,LIQUIDADO,0 - 2,0,2,Ham-Kam,Over 0.5 Goals,Over 1.5 Goals,Under 2.5 Goals,Under 3.5 Goals,No,Over 0.5 Goals,8/8,betfair_oficial
2026-09-16 18:01,2026-09-16 16:00,Al Nahdha,Al-Taawoun Buraidah,LIQUIDADO,1 - 1,1,1,The Draw,Over 0.5 Goals,Over 1.5 Goals,Under 2.5 Goals,Under 3.5 Goals,Yes,Under 0.5 Goals,8/8,betfair_oficial
2026-09-16 18:06,2026-09-16 16:00,Vindbjart,Start,LIQUIDADO,2 - 3,2,3,Start,Over 0.5 Goals,Over 1.5 Goals,Over 2.5 Goals,Over 3.5 Goals,Yes,Over 0.5 Goals,8/8,betfair_oficial
2026-09-16 18:06,2026-09-16 16:00,Azam FC,Simba,LIQUIDADO,0 - 2,0,2,Simba,Over 0.5 Goals,Over 1.5 Goals,Under 2.5 Goals,Under 3.5 Goals,No,Under 0.5 Goals,8/8,betfair_oficial
2026-09-16 18:06,2026-09-16 16:00,Al Wahda (Abu Dhabi),Kuwait SC,LIQUIDADO,3 - 2,3,2,Al Wahda (Abu Dhabi),Over 0.5 Goals,Over 1.5 Goals,Over 2.5 Goals,Over 3.5 Goals,Yes,Over 0.5 Goals,8/8,betfair_oficial
2026-09-16 18:31,2026-09-16 16:30,APR FC,Marines FC,LIQUIDADO,Any Other Home Win,,,APR FC,Over 0.5 Goals,Over 1.5 Goals,Over 2.5 Goals,Over 3.5 Goals,Yes,Over 0.5 Goals,8/8,betfair_oficial
2026-09-16 18:36,2026-09-16 16:30,FC Nitra,Slovan Bratislava,LIQUIDADO,1 - 3,1,3,Slovan Bratislava,Over 0.5 Goals,Over 1.5 Goals,Over 2.5 Goals,Over 3.5 Goals,Yes,Over 0.5 Goals,8/8,betfair_oficial
2026-09-16 18:41,2026-09-16 13:30,Nogoom Masr,El Minya,LIQUIDADO,1 - 1,1,1,The Draw,Over 0.5 Goals,Over 1.5 Goals,Under 2.5 Goals,Under 3.5 Goals,Yes,Over 0.5 Goals,8/8,betfair_oficial
2026-09-16 18:41,2026-09-16 16:45,Ararat Armenia,Sparta Prague,LIQUIDADO,Any Other Away Win,,,Sparta Prague,Over 0.5 Goals,Over 1.5 Goals,Over 2.5 Goals,Over 3.5 Goals,Yes,Over 0.5 Goals,8/8,betfair_oficial
2026-09-16 18:41,2026-09-16 16:45,Omonia,Celta Vigo,LIQUIDADO,1 - 0,1,0,Omonia,Over 0.5 Goals,Under 1.5 Goals,Under 2.5 Goals,Under 3.5 Goals,No,Under 0.5 Goals,8/8,betfair_oficial
2026-09-16 18:51,2026-09-16 17:00,Vendsyssel FF,Randers,LIQUIDADO,1 - 3,1,3,Randers,Over 0.5 Goals,Over 1.5 Goals,Over 2.5 Goals,Over 3.5 Goals,Yes,Over 0.5 Goals,8/8,betfair_oficial
2026-09-16 18:56,2026-09-16 17:00,Pitea,Umea FC,LIQUIDADO,0 - 2,0,2,Umea FC,Over 0.5 Goals,Over 1.5 Goals,Under 2.5 Goals,Under 3.5 Goals,No,Over 0.5 Goals,8/8,betfair_oficial
2026-09-16 18:56,2026-09-16 17:00,Thun,Servette,LIQUIDADO,Any Other Away Win,,,Servette,Over 0.5 Goals,Over 1.5 Goals,Over 2.5 Goals,Over 3.5 Goals,Yes,Over 0.5 Goals,8/8,betfair_oficial
2026-09-16 18:56,2026-09-16 17:00,Lunds BK,Angelholms,LIQUIDADO,2 - 0,2,0,Lunds BK,Over 0.5 Goals,Over 1.5 Goals,Under 2.5 Goals,Under 3.5 Goals,No,Over 0.5 Goals,8/8,betfair_oficial
2026-09-16 18:56,2026-09-16 17:00,AIK,Mjallby,LIQUIDADO,1 - 1,1,1,The Draw,Over 0.5 Goals,Over 1.5 Goals,Under 2.5 Goals,Under 3.5 Goals,Yes,Over 0.5 Goals,8/8,betfair_oficial
2026-09-16 18:56,2026-09-16 17:00,Waldhof Mannheim,Rot-Weiss Essen,LIQUIDADO,1 - 2,1,2,Rot-Weiss Essen,Over 0.5 Goals,Over 1.5 Goals,Over 2.5 Goals,Under 3.5 Goals,Yes,Under 0.5 Goals,8/8,betfair_oficial
2026-09-16 18:56,2026-09-16 17:00,Atromitos,PAOK,LIQUIDADO,0 - 1,0,1,PAOK,Over 0.5 Goals,Under 1.5 Goals,Under 2.5 Goals,Under 3.5 Goals,No,Over 0.5 Goals,8/8,betfair_oficial
2026-09-16 18:56,2026-09-16 17:00,Ingolstadt,Hoffenheim II,LIQUIDADO,1 - 2,1,2,Hoffenheim II,Over 0.5 Goals,Over 1.5 Goals,Over 2.5 Goals,Under 3.5 Goals,Yes,Over 0.5 Goals,8/8,betfair_oficial
2026-09-16 18:56,2026-09-16 17:00,IF Karlstad,FBK Karlstad,LIQUIDADO,0 - 0,0,0,The Draw,Under 0.5 Goals,Under 1.5 Goals,Under 2.5 Goals,Under 3.5 Goals,No,Under 0.5 Goals,8/8,betfair_oficial
2026-09-16 18:56,2026-09-16 17:00,Lugano,St Gallen,LIQUIDADO,Any Other Home Win,,,Lugano,Over 0.5 Goals,Over 1.5 Goals,Over 2.5 Goals,Over 3.5 Goals,Yes,Over 0.5 Goals,8/8,betfair_oficial
2026-09-16 18:56,2026-09-16 17:00,Fortuna Koln,Wehen Wiesbaden,LIQUIDADO,0 - 2,0,2,Wehen Wiesbaden,Over 0.5 Goals,Over 1.5 Goals,Under 2.5 Goals,Under 3.5 Goals,No,Over 0.5 Goals,8/8,betfair_oficial
2026-09-16 19:01,2026-09-16 17:00,Hassleholms IF,Ariana FC,LIQUIDADO,2 - 0,2,0,Hassleholms IF,Over 0.5 Goals,Over 1.5 Goals,Under 2.5 Goals,Under 3.5 Goals,No,Over 0.5 Goals,8/8,betfair_oficial
2026-09-16 19:01,2026-09-16 17:00,Preussen Munster,Saarbrucken,LIQUIDADO,3 - 3,3,3,The Draw,Over 0.5 Goals,Over 1.5 Goals,Over 2.5 Goals,Over 3.5 Goals,Yes,Over 0.5 Goals,8/8,betfair_oficial
2026-09-16 19:01,2026-09-16 17:00,Deportivo,Sevilla,LIQUIDADO,0 - 1,0,1,Sevilla,Over 0.5 Goals,Under 1.5 Goals,Under 2.5 Goals,Under 3.5 Goals,No,Under 0.5 Goals,8/8,betfair_oficial
2026-09-16 19:01,2026-09-16 17:00,Atletico Madrid,Osasuna,LIQUIDADO,Any Other Home Win,,,Atletico Madrid,Over 0.5 Goals,Over 1.5 Goals,Over 2.5 Goals,Over 3.5 Goals,No,Over 0.5 Goals,8/8,betfair_oficial
2026-09-16 19:01,2026-09-16 17:00,Hansa Rostock,Stuttgart II,LIQUIDADO,3 - 2,3,2,Hansa Rostock,Over 0.5 Goals,Over 1.5 Goals,Over 2.5 Goals,Over 3.5 Goals,Yes,Over 0.5 Goals,8/8,betfair_oficial
2026-09-16 19:01,2026-09-16 17:00,Jonkopings Sodra,Aatvidabergs Ff,LIQUIDADO,1 - 0,1,0,Jonkopings Sodra,Over 0.5 Goals,Under 1.5 Goals,Under 2.5 Goals,Under 3.5 Goals,No,Over 0.5 Goals,8/8,betfair_oficial
2026-09-16 19:01,2026-09-16 17:00,Utsiktens,Laholms,LIQUIDADO,0 - 0,0,0,The Draw,Under 0.5 Goals,Under 1.5 Goals,Under 2.5 Goals,Under 3.5 Goals,No,Under 0.5 Goals,8/8,betfair_oficial
2026-09-16 19:01,2026-09-16 17:00,Eidsvold Turn,Kongsvinger,LIQUIDADO,2 - 3,2,3,Kongsvinger,Over 0.5 Goals,Over 1.5 Goals,Over 2.5 Goals,Over 3.5 Goals,Yes,Over 0.5 Goals,8/8,betfair_oficial
2026-09-16 19:06,2026-09-16 17:00,Ghazl El Mahallah,Zamalek,LIQUIDADO,0 - 1,0,1,Zamalek,Over 0.5 Goals,Under 1.5 Goals,Under 2.5 Goals,Under 3.5 Goals,No,Under 0.5 Goals,8/8,betfair_oficial
2026-09-16 19:16,2026-09-16 17:00,FC Aragvi Dusheti,FC Odishi 1919,LIQUIDADO,0 - 1,0,1,FC Odishi 1919,Over 0.5 Goals,Under 1.5 Goals,Under 2.5 Goals,Under 3.5 Goals,No,Under 0.5 Goals,8/8,betfair_oficial
2026-09-16 19:16,2026-09-16 17:15,FC Aragvi Dusheti,FC Odishi 1919,LIQUIDADO,0 - 1,0,1,FC Odishi 1919,Over 0.5 Goals,Under 1.5 Goals,Under 2.5 Goals,Under 3.5 Goals,No,Under 0.5 Goals,8/8,betfair_oficial
2026-09-16 19:21,2026-09-16 13:30,Gomhoryet Shebin,Nogoom El Mostakbal,LIQUIDADO,1 - 0,1,0,Gomhoryet Shebin,Over 0.5 Goals,Under 1.5 Goals,Under 2.5 Goals,Under 3.5 Goals,No,Under 0.5 Goals,8/8,betfair_oficial
2026-09-16 19:26,2026-09-16 17:30,Sollentuna FF,Enkopings SK,LIQUIDADO,2 - 3,2,3,Enkopings SK,Over 0.5 Goals,Over 1.5 Goals,Over 2.5 Goals,Over 3.5 Goals,Yes,Over 0.5 Goals,8/8,betfair_oficial
2026-09-16 19:31,2026-09-16 17:30,Gefle,FC Arlanda,LIQUIDADO,0 - 2,0,2,FC Arlanda,Over 0.5 Goals,Over 1.5 Goals,Under 2.5 Goals,Under 3.5 Goals,No,Under 0.5 Goals,8/8,betfair_oficial
2026-09-16 19:56,2026-09-16 18:00,Progreso,Nacional (Uru),LIQUIDADO,0 - 1,0,1,Nacional (Uru),Over 0.5 Goals,Under 1.5 Goals,Under 2.5 Goals,Under 3.5 Goals,No,Over 0.5 Goals,8/8,betfair_oficial
2026-09-16 19:56,2026-09-16 18:00,Albion FC,River Plate (Uru),LIQUIDADO,0 - 0,0,0,The Draw,Under 0.5 Goals,Under 1.5 Goals,Under 2.5 Goals,Under 3.5 Goals,No,Under 0.5 Goals,8/8,betfair_oficial
2026-09-16 20:01,2026-09-16 18:00,FK Borac Cacak,Metalac Gornji Milanovac,LIQUIDADO,1 - 2,1,2,Metalac Gornji Milanovac,Over 0.5 Goals,Over 1.5 Goals,Over 2.5 Goals,Under 3.5 Goals,Yes,Over 0.5 Goals,8/8,betfair_oficial
2026-09-16 20:06,2026-09-16 18:00,San Martin De San Juan,Tristan Suarez,LIQUIDADO,0 - 0,0,0,The Draw,Under 0.5 Goals,Under 1.5 Goals,Under 2.5 Goals,Under 3.5 Goals,No,Under 0.5 Goals,8/8,betfair_oficial
2026-09-16 20:11,2026-09-16 18:15,Al Rayyan,Al Faisaly SC,LIQUIDADO,Any Other Home Win,,,Al Rayyan,Over 0.5 Goals,Over 1.5 Goals,Over 2.5 Goals,Over 3.5 Goals,Yes,Over 0.5 Goals,8/8,betfair_oficial
2026-09-16 20:36,2026-09-16 18:30,CA Rentistas,Plaza Colonia,LIQUIDADO,2 - 1,2,1,CA Rentistas,Over 0.5 Goals,Over 1.5 Goals,Over 2.5 Goals,Under 3.5 Goals,Yes,Under 0.5 Goals,8/8,betfair_oficial
2026-09-16 20:41,2026-09-16 18:45,Scunthorpe,Boreham Wood,LIQUIDADO,1 - 2,1,2,Boreham Wood,Over 0.5 Goals,Over 1.5 Goals,Over 2.5 Goals,Under 3.5 Goals,Yes,Under 0.5 Goals,8/8,betfair_oficial
2026-09-16 20:41,2026-09-16 18:45,Fleetwood Town,Sheff Utd,LIQUIDADO,1 - 0,1,0,Fleetwood Town,Over 0.5 Goals,Under 1.5 Goals,Under 2.5 Goals,Under 3.5 Goals,No,Under 0.5 Goals,8/8,betfair_oficial
2026-09-16 20:41,2026-09-16 18:45,Kidderminster,Gateshead,LIQUIDADO,1 - 0,1,0,Kidderminster,Over 0.5 Goals,Under 1.5 Goals,Under 2.5 Goals,Under 3.5 Goals,No,Over 0.5 Goals,8/8,betfair_oficial
2026-09-16 20:46,2026-09-16 18:45,Everton,Wolves,LIQUIDADO,1 - 0,1,0,Everton,Over 0.5 Goals,Under 1.5 Goals,Under 2.5 Goals,Under 3.5 Goals,No,Under 0.5 Goals,8/8,betfair_oficial
2026-09-16 20:46,2026-09-16 18:45,Altrincham,Hartlepool,LIQUIDADO,2 - 1,2,1,Altrincham,Over 0.5 Goals,Over 1.5 Goals,Over 2.5 Goals,Under 3.5 Goals,Yes,Over 0.5 Goals,8/8,betfair_oficial
2026-09-16 20:56,2026-09-16 19:00,Leverkusen,NK Celje,LIQUIDADO,2 - 0,2,0,Leverkusen,Over 0.5 Goals,Over 1.5 Goals,Under 2.5 Goals,Under 3.5 Goals,No,Over 0.5 Goals,8/8,betfair_oficial
2026-09-16 20:56,2026-09-16 19:00,Anderlecht,Lyon,LIQUIDADO,1 - 2,1,2,Lyon,Over 0.5 Goals,Over 1.5 Goals,Over 2.5 Goals,Under 3.5 Goals,Yes,Over 0.5 Goals,8/8,betfair_oficial
2026-09-16 20:56,2026-09-16 19:00,Olympiakos,Jagiellonia Bialystock,LIQUIDADO,2 - 1,2,1,Olympiakos,Over 0.5 Goals,Over 1.5 Goals,Over 2.5 Goals,Under 3.5 Goals,Yes,Over 0.5 Goals,8/8,betfair_oficial
2026-09-16 20:56,2026-09-16 19:00,Sunderland,Az Alkmaar,LIQUIDADO,1 - 0,1,0,Sunderland,Over 0.5 Goals,Under 1.5 Goals,Under 2.5 Goals,Under 3.5 Goals,No,Under 0.5 Goals,8/8,betfair_oficial
2026-09-16 21:01,2026-09-16 19:00,AC Milan,Benfica,LIQUIDADO,0 - 2,0,2,Benfica,Over 0.5 Goals,Over 1.5 Goals,Under 2.5 Goals,Under 3.5 Goals,No,Over 0.5 Goals,8/8,betfair_oficial
2026-09-16 21:01,2026-09-16 19:00,Man Utd,Brighton,LIQUIDADO,2 - 3,2,3,Brighton,Over 0.5 Goals,Over 1.5 Goals,Over 2.5 Goals,Over 3.5 Goals,Yes,Over 0.5 Goals,8/8,betfair_oficial
2026-09-16 21:01,2026-09-16 19:00,Coventry,Aston Villa,LIQUIDADO,1 - 3,1,3,Aston Villa,Over 0.5 Goals,Over 1.5 Goals,Over 2.5 Goals,Over 3.5 Goals,Yes,Over 0.5 Goals,8/8,betfair_oficial
2026-09-16 21:01,2026-09-16 19:00,Guabira,Aurora,LIQUIDADO,3 - 1,3,1,Guabira,Over 0.5 Goals,Over 1.5 Goals,Over 2.5 Goals,Over 3.5 Goals,Yes,Over 0.5 Goals,8/8,betfair_oficial
2026-09-16 21:01,2026-09-16 19:00,Hapoel Be'er Sheva,Dinamo Zagreb,LIQUIDADO,0 - 0,0,0,The Draw,Under 0.5 Goals,Under 1.5 Goals,Under 2.5 Goals,Under 3.5 Goals,No,Under 0.5 Goals,8/8,betfair_oficial
2026-09-16 21:06,2026-09-16 19:00,Sturm Graz,Rennes,LIQUIDADO,0 - 0,0,0,The Draw,Under 0.5 Goals,Under 1.5 Goals,Under 2.5 Goals,Under 3.5 Goals,No,Under 0.5 Goals,8/8,betfair_oficial
2026-09-16 21:16,2026-09-16 19:30,Levante,Athletic Bilbao,LIQUIDADO,,,,,,,,,,,8/8,betfair_oficial
2026-09-16 21:36,2026-09-16 19:30,Barcelona,Racing Santander,LIQUIDADO,Any Other Home Win,,,Barcelona,Over 0.5 Goals,Over 1.5 Goals,Over 2.5 Goals,Over 3.5 Goals,Yes,Over 0.5 Goals,8/8,betfair_oficial
2026-09-16 23:06,2026-09-16 21:00,Portuguesa FC,Estudiantes de Merida,LIQUIDADO,2 - 1,2,1,Portuguesa FC,Over 0.5 Goals,Over 1.5 Goals,Over 2.5 Goals,Under 3.5 Goals,Yes,Over 0.5 Goals,8/8,betfair_oficial
2026-09-16 23:56,2026-09-16 22:00,LDU,SE Palmeiras,LIQUIDADO,3 - 2,3,2,LDU,Over 0.5 Goals,Over 1.5 Goals,Over 2.5 Goals,Over 3.5 Goals,Yes,Over 0.5 Goals,8/8,betfair_oficial
2026-09-16 23:56,2026-09-16 22:00,Nacional Potosi,Always Ready,LIQUIDADO,Any Other Away Win,,,Always Ready,Over 0.5 Goals,Over 1.5 Goals,Over 2.5 Goals,Over 3.5 Goals,No,Over 0.5 Goals,8/8,betfair_oficial
2026-09-17 00:01,2026-09-16 22:00,Monagas,Zamora FC,LIQUIDADO,1 - 0,1,0,Monagas,Over 0.5 Goals,Under 1.5 Goals,Under 2.5 Goals,Under 3.5 Goals,No,Over 0.5 Goals,8/8,betfair_oficial
2026-09-17 00:01,2026-09-16 22:00,Independiente Rivadavia,Atl Tucuman,LIQUIDADO,1 - 1,1,1,The Draw,Over 0.5 Goals,Over 1.5 Goals,Under 2.5 Goals,Under 3.5 Goals,Yes,Over 0.5 Goals,8/8,betfair_oficial
2026-09-17 00:36,2026-09-16 22:30,Botafogo FR,Gremio,LIQUIDADO,3 - 2,3,2,Botafogo FR,Over 0.5 Goals,Over 1.5 Goals,Over 2.5 Goals,Over 3.5 Goals,Yes,Over 0.5 Goals,8/8,betfair_oficial
2026-09-17 00:46,2026-09-16 22:01,Atletico MG,Santos,LIQUIDADO,Any Other Home Win,,,Atletico MG,Over 0.5 Goals,Over 1.5 Goals,Over 2.5 Goals,Over 3.5 Goals,Yes,Over 0.5 Goals,8/8,betfair_oficial
2026-09-17 00:46,2026-09-16 22:00,Atletico MG,Santos,LIQUIDADO,Any Other Home Win,,,Atletico MG,Over 0.5 Goals,Over 1.5 Goals,Over 2.5 Goals,Over 3.5 Goals,Yes,Over 0.5 Goals,8/8,betfair_oficial
2026-09-17 01:06,2026-09-16 23:00,Columbus,Orlando City,LIQUIDADO,2 - 1,2,1,Columbus,Over 0.5 Goals,Over 1.5 Goals,Over 2.5 Goals,Under 3.5 Goals,Yes,Over 0.5 Goals,8/8,betfair_oficial
2026-09-17 01:06,2026-09-16 23:00,Trujillanos,Rayo Zuliano,LIQUIDADO,Any Other Away Win,,,Rayo Zuliano,Over 0.5 Goals,Over 1.5 Goals,Over 2.5 Goals,Over 3.5 Goals,Yes,Over 0.5 Goals,8/8,betfair_oficial
2026-09-17 01:16,2026-09-16 23:15,Once Caldas,Tolima,LIQUIDADO,1 - 0,1,0,Once Caldas,Over 0.5 Goals,Under 1.5 Goals,Under 2.5 Goals,Under 3.5 Goals,No,Over 0.5 Goals,8/8,betfair_oficial
2026-09-17 01:21,2026-09-16 23:30,Metropolitanos,Caracas,LIQUIDADO,3 - 0,3,0,Metropolitanos,Over 0.5 Goals,Over 1.5 Goals,Over 2.5 Goals,Under 3.5 Goals,No,Over 0.5 Goals,8/8,betfair_oficial
2026-09-17 02:01,2026-09-17 00:00,Inter Miami CF,Cruz Azul,LIQUIDADO,2 - 0,2,0,Inter Miami CF,Over 0.5 Goals,Over 1.5 Goals,Under 2.5 Goals,Under 3.5 Goals,No,Over 0.5 Goals,8/8,betfair_oficial
2026-09-17 02:31,2026-09-17 00:30,CS Cartagines,Deportivo Saprissa,LIQUIDADO,3 - 2,3,2,CS Cartagines,Over 0.5 Goals,Over 1.5 Goals,Over 2.5 Goals,Over 3.5 Goals,Yes,Over 0.5 Goals,8/8,betfair_oficial
2026-09-17 02:36,2026-09-17 00:30,Blooming Santa Cruz,Universitario de Vinto,LIQUIDADO,1 - 1,1,1,The Draw,Over 0.5 Goals,Over 1.5 Goals,Under 2.5 Goals,Under 3.5 Goals,Yes,Over 0.5 Goals,8/8,betfair_oficial
2026-09-17 02:36,2026-09-17 00:30,Corinthians,Estudiantes,LIQUIDADO,0 - 1,0,1,Estudiantes,Over 0.5 Goals,Under 1.5 Goals,Under 2.5 Goals,Under 3.5 Goals,No,Under 0.5 Goals,8/8,betfair_oficial
2026-09-17 02:41,2026-09-17 00:30,Birmingham Legion FC,New Mexico United,LIQUIDADO,Any Other Draw,,,The Draw,Over 0.5 Goals,Over 1.5 Goals,Over 2.5 Goals,Over 3.5 Goals,Yes,Over 0.5 Goals,8/8,betfair_oficial
2026-09-17 03:01,2026-09-17 01:00,Internacional Santa Tecla,CD Fas,LIQUIDADO,2 - 2,2,2,The Draw,Over 0.5 Goals,Over 1.5 Goals,Over 2.5 Goals,Over 3.5 Goals,Yes,Over 0.5 Goals,8/8,betfair_oficial
2026-09-17 03:26,2026-09-17 01:20,Internacional de Bogot,Atletico Nacional Medel,LIQUIDADO,2 - 3,2,3,Atletico Nacional Medel,Over 0.5 Goals,Over 1.5 Goals,Over 2.5 Goals,Over 3.5 Goals,Yes,Over 0.5 Goals,8/8,betfair_oficial
2026-09-17 03:41,2026-09-17 01:30,Colorado,St Louis City SC,LIQUIDADO,0 - 3,0,3,St Louis City SC,Over 0.5 Goals,Over 1.5 Goals,Over 2.5 Goals,Under 3.5 Goals,No,Over 0.5 Goals,8/8,betfair_oficial
2026-09-17 05:11,2026-09-17 03:15,Alianza FC (SLV),CD Motagua,LIQUIDADO,0 - 0,0,0,The Draw,Under 0.5 Goals,Under 1.5 Goals,Under 2.5 Goals,Under 3.5 Goals,No,Under 0.5 Goals,8/8,betfair_oficial
2026-09-17 07:01,2026-09-17 05:00,Uzbekistan (W),China (W),LIQUIDADO,1 - 1,1,1,The Draw,Over 0.5 Goals,Over 1.5 Goals,Under 2.5 Goals,Under 3.5 Goals,Yes,Over 0.5 Goals,8/8,betfair_oficial
2026-09-17 07:36,2026-09-17 05:30,United Stars,ASC,LIQUIDADO,3 - 2,3,2,United Stars,,,,,,,2/2,betfair_oficial
2026-09-17 08:16,2026-09-17 06:30,United Stars,ASC,LIQUIDADO,3 - 2,3,2,United Stars,Over 0.5 Goals,Over 1.5 Goals,Over 2.5 Goals,Over 3.5 Goals,Yes,Over 0.5 Goals,8/8,betfair_oficial
2026-09-17 08:56,2026-09-17 07:00,Bangladesh (W),South Korea (W),LIQUIDADO,Any Other Away Win,,,South Korea (W),Over 0.5 Goals,Over 1.5 Goals,Over 2.5 Goals,Over 3.5 Goals,No,Over 0.5 Goals,8/8,betfair_oficial
2026-09-17 09:01,2026-09-17 07:00,Thailand (W),Chinese Taipei (W),LIQUIDADO,0 - 1,0,1,Chinese Taipei (W),Over 0.5 Goals,Under 1.5 Goals,Under 2.5 Goals,Under 3.5 Goals,No,Under 0.5 Goals,8/8,betfair_oficial
2026-09-17 09:56,2026-09-17 08:00,Central Stallions FC,Hunters FC,LIQUIDADO,3 - 0,3,0,Central Stallions FC,Over 0.5 Goals,Over 1.5 Goals,Over 2.5 Goals,Under 3.5 Goals,No,Over 0.5 Goals,8/8,betfair_oficial
2026-09-17 10:46,2026-09-17 09:00,Rebels FC,Megt & Centre,LIQUIDADO,1 - 2,1,2,Megt & Centre,Over 0.5 Goals,Over 1.5 Goals,Over 2.5 Goals,Under 3.5 Goals,Yes,Under 0.5 Goals,8/8,betfair_oficial
2026-09-17 11:31,2026-09-17 09:30,Nangkiew Irat SC,Rangdajied Utd,LIQUIDADO,1 - 2,1,2,Rangdajied Utd,Over 0.5 Goals,Over 1.5 Goals,Over 2.5 Goals,Under 3.5 Goals,Yes,Over 0.5 Goals,8/8,betfair_oficial
2026-09-17 11:56,2026-09-17 10:00,Hong Kong (W),Philippines (W),LIQUIDADO,0 - 2,0,2,Philippines (W),Over 0.5 Goals,Over 1.5 Goals,Under 2.5 Goals,Under 3.5 Goals,No,Over 0.5 Goals,8/8,betfair_oficial
2026-09-17 11:56,2026-09-17 10:00,Adelaide United,Wofoo Tai Po,LIQUIDADO,3 - 0,3,0,Adelaide United,Over 0.5 Goals,Over 1.5 Goals,Over 2.5 Goals,Under 3.5 Goals,No,Over 0.5 Goals,8/8,betfair_oficial
2026-09-17 11:56,2026-09-17 10:00,FC Machida,Svay Rieng FC,LIQUIDADO,2 - 0,2,0,FC Machida,Over 0.5 Goals,Over 1.5 Goals,Under 2.5 Goals,Under 3.5 Goals,No,Over 0.5 Goals,8/8,betfair_oficial
2026-09-17 11:56,2026-09-17 10:00,Rwanda U20,Ethiopia U20,LIQUIDADO,0 - 0,0,0,The Draw,Under 0.5 Goals,Under 1.5 Goals,Under 2.5 Goals,Under 3.5 Goals,No,Under 0.5 Goals,8/8,betfair_oficial
2026-09-17 12:01,2026-09-17 10:00,Lion City Sailors FC,BG Pathumthani United,LIQUIDADO,1 - 1,1,1,The Draw,Over 0.5 Goals,Over 1.5 Goals,Under 2.5 Goals,Under 3.5 Goals,Yes,Over 0.5 Goals,8/8,betfair_oficial
2026-09-17 12:26,2026-09-17 10:30,Vietnam (W),Japan (W),LIQUIDADO,Any Other Away Win,,,Japan (W),Over 0.5 Goals,Over 1.5 Goals,Over 2.5 Goals,Over 3.5 Goals,No,Over 0.5 Goals,8/8,betfair_oficial
2026-09-17 12:26,2026-09-17 10:30,Myanmar (W),Korea DPR (W),LIQUIDADO,Any Other Away Win,,,Korea DPR (W),Over 0.5 Goals,Over 1.5 Goals,Over 2.5 Goals,Over 3.5 Goals,No,Over 0.5 Goals,8/8,betfair_oficial
2026-09-17 12:36,2026-09-17 10:30,Sporting Club Bengaluru,Bangalore City FC,LIQUIDADO,0 - 0,0,0,The Draw,Under 0.5 Goals,Under 1.5 Goals,Under 2.5 Goals,Under 3.5 Goals,No,Under 0.5 Goals,8/8,betfair_oficial
2026-09-17 12:46,2026-09-17 11:00,Rwanda U20,Ethiopia U20,LIQUIDADO,0 - 0,0,0,The Draw,Under 0.5 Goals,Under 1.5 Goals,Under 2.5 Goals,Under 3.5 Goals,No,Under 0.5 Goals,8/8,betfair_oficial
2026-09-17 12:56,2026-09-17 11:00,Deren FC,FC Ulaanbaatar,LIQUIDADO,0 - 0,0,0,The Draw,Under 0.5 Goals,Under 1.5 Goals,Under 2.5 Goals,Under 3.5 Goals,No,Under 0.5 Goals,8/8,betfair_oficial
2026-09-17 13:01,2026-09-17 11:00,Chanthaburi FC,Kasetsart FC,LIQUIDADO,2 - 0,2,0,Chanthaburi FC,Over 0.5 Goals,Over 1.5 Goals,Under 2.5 Goals,Under 3.5 Goals,No,Over 0.5 Goals,8/8,betfair_oficial
2026-09-17 13:01,2026-09-17 11:00,BuxDU,Respublika FA,LIQUIDADO,1 - 2,1,2,Respublika FA,Over 0.5 Goals,Over 1.5 Goals,Over 2.5 Goals,Under 3.5 Goals,Yes,Over 0.5 Goals,8/8,betfair_oficial
2026-09-17 13:16,2026-09-17 11:30,Sporting Club Bengaluru,Bangalore City FC,LIQUIDADO,0 - 0,0,0,The Draw,Under 0.5 Goals,Under 1.5 Goals,Under 2.5 Goals,Under 3.5 Goals,No,Under 0.5 Goals,8/8,betfair_oficial
2026-09-17 13:16,2026-09-17 11:30,BuxDU,Respublika FA,LIQUIDADO,1 - 2,1,2,Respublika FA,Over 0.5 Goals,Over 1.5 Goals,Over 2.5 Goals,Under 3.5 Goals,Yes,Over 0.5 Goals,8/8,betfair_oficial
2026-09-17 13:56,2026-09-17 12:00,FC Margveti 2006,FC Gardabani,LIQUIDADO,3 - 0,3,0,FC Margveti 2006,Over 0.5 Goals,Over 1.5 Goals,Over 2.5 Goals,Under 3.5 Goals,No,Over 0.5 Goals,8/8,betfair_oficial
2026-09-17 14:01,2026-09-17 12:00,Vilkhivtsi Zakarpattia,Shakhtar,LIQUIDADO,0 - 3,0,3,Shakhtar,Over 0.5 Goals,Over 1.5 Goals,Over 2.5 Goals,Under 3.5 Goals,No,Over 0.5 Goals,8/8,betfair_oficial
2026-09-17 14:01,2026-09-17 12:00,Muang Loei United F.C.,Phrae United,LIQUIDADO,2 - 0,2,0,Muang Loei United F.C.,Over 0.5 Goals,Over 1.5 Goals,Under 2.5 Goals,Under 3.5 Goals,No,Under 0.5 Goals,8/8,betfair_oficial
2026-09-17 14:01,2026-09-17 12:00,Guria Lanchkhuti,Dinamo Tbilisi II,LIQUIDADO,2 - 0,2,0,Guria Lanchkhuti,Over 0.5 Goals,Over 1.5 Goals,Under 2.5 Goals,Under 3.5 Goals,No,Over 0.5 Goals,8/8,betfair_oficial
2026-09-17 14:11,2026-09-17 12:15,Shanghai Shenhua,Tampines Rovers,LIQUIDADO,2 - 1,2,1,Shanghai Shenhua,Over 0.5 Goals,Over 1.5 Goals,Over 2.5 Goals,Under 3.5 Goals,Yes,Over 0.5 Goals,8/8,betfair_oficial
2026-09-17 14:16,2026-09-17 12:15,Kitchee SC,Gangwon,LIQUIDADO,0 - 0,0,0,The Draw,Under 0.5 Goals,Under 1.5 Goals,Under 2.5 Goals,Under 3.5 Goals,No,Under 0.5 Goals,8/8,betfair_oficial
2026-09-17 14:16,2026-09-17 12:15,Phnom Penh,Kuching FA,LIQUIDADO,2 - 1,2,1,Phnom Penh,Over 0.5 Goals,Over 1.5 Goals,Over 2.5 Goals,Under 3.5 Goals,Yes,Under 0.5 Goals,8/8,betfair_oficial
2026-09-17 14:16,2026-09-17 12:00,FC Iberia 2010,FC Merani Tbilisi,LIQUIDADO,2 - 2,2,2,The Draw,Over 0.5 Goals,Over 1.5 Goals,Over 2.5 Goals,Over 3.5 Goals,Yes,Under 0.5 Goals,8/8,betfair_oficial
2026-09-17 14:26,2026-09-17 12:30,Baku Sporting,Sabail,LIQUIDADO,0 - 1,0,1,Sabail,Over 0.5 Goals,Under 1.5 Goals,Under 2.5 Goals,Under 3.5 Goals,No,Over 0.5 Goals,8/8,betfair_oficial
2026-09-17 14:31,2026-09-17 12:30,Energetik Mingechevir,Cebrayil FK,LIQUIDADO,0 - 3,0,3,Cebrayil FK,Over 0.5 Goals,Over 1.5 Goals,Over 2.5 Goals,Under 3.5 Goals,No,Over 0.5 Goals,8/8,betfair_oficial
2026-09-17 14:36,2026-09-17 12:30,Simal FK,FK Sahdag Qusar,LIQUIDADO,Any Other Away Win,,,FK Sahdag Qusar,Over 0.5 Goals,Over 1.5 Goals,Over 2.5 Goals,Over 3.5 Goals,Yes,Over 0.5 Goals,8/8,betfair_oficial
2026-09-17 14:56,2026-09-17 13:00,Mukura Victory Sports,Police FC,LIQUIDADO,0 - 1,0,1,Police FC,Over 0.5 Goals,Under 1.5 Goals,Under 2.5 Goals,Under 3.5 Goals,No,Under 0.5 Goals,8/8,betfair_oficial
2026-09-17 14:56,2026-09-17 13:00,FC Iberia 1999 II,FC WIT Georgia Tbilisi,LIQUIDADO,3 - 0,3,0,FC Iberia 1999 II,Over 0.5 Goals,Over 1.5 Goals,Over 2.5 Goals,Under 3.5 Goals,No,Over 0.5 Goals,8/8,betfair_oficial
2026-09-17 15:06,2026-09-17 13:00,FK Navbahor Namangan,FK Dinamo Samarkand,LIQUIDADO,3 - 2,3,2,FK Navbahor Namangan,Over 0.5 Goals,Over 1.5 Goals,Over 2.5 Goals,Over 3.5 Goals,Yes,Over 0.5 Goals,8/8,betfair_oficial
2026-09-17 15:36,2026-09-17 13:30,Kalamata,Athlitiki Enosi Larissa,LIQUIDADO,1 - 1,1,1,The Draw,Over 0.5 Goals,Over 1.5 Goals,Under 2.5 Goals,Under 3.5 Goals,Yes,Over 0.5 Goals,8/8,betfair_oficial
2026-09-17 15:36,2026-09-17 13:30,El Daklyeh,Tersana SC,LIQUIDADO,1 - 2,1,2,Tersana SC,Over 0.5 Goals,Over 1.5 Goals,Over 2.5 Goals,Under 3.5 Goals,Yes,Over 0.5 Goals,8/8,betfair_oficial
2026-09-17 15:41,2026-09-17 13:30,Tanta,Al Nasr Cairo,LIQUIDADO,1 - 0,1,0,Tanta,Over 0.5 Goals,Under 1.5 Goals,Under 2.5 Goals,Under 3.5 Goals,No,Over 0.5 Goals,8/8,betfair_oficial
2026-09-17 15:41,2026-09-17 13:30,El Mansurah,Team FC,LIQUIDADO,1 - 1,1,1,The Draw,Over 0.5 Goals,Over 1.5 Goals,Under 2.5 Goals,Under 3.5 Goals,Yes,Over 0.5 Goals,8/8,betfair_oficial
2026-09-17 15:41,2026-09-17 13:30,Ismaily,Haras El Hodood,LIQUIDADO,0 - 2,0,2,Haras El Hodood,Over 0.5 Goals,Over 1.5 Goals,Under 2.5 Goals,Under 3.5 Goals,No,Over 0.5 Goals,8/8,betfair_oficial
2026-09-17 16:01,2026-09-17 14:00,FC Astana,Kairat Almaty,LIQUIDADO,1 - 0,1,0,FC Astana,Over 0.5 Goals,Under 1.5 Goals,Under 2.5 Goals,Under 3.5 Goals,No,Over 0.5 Goals,8/8,betfair_oficial
2026-09-17 16:01,2026-09-17 14:00,FK Graficar,FK Bor 1919,LIQUIDADO,3 - 0,3,0,FK Graficar,Over 0.5 Goals,Over 1.5 Goals,Over 2.5 Goals,Under 3.5 Goals,No,Over 0.5 Goals,8/8,betfair_oficial
2026-09-17 16:01,2026-09-17 14:00,UPDF FC,Maroons FC,LIQUIDADO,1 - 0,1,0,Updf FC,Over 0.5 Goals,Under 1.5 Goals,Under 2.5 Goals,Under 3.5 Goals,No,Over 0.5 Goals,8/8,betfair_oficial
2026-09-17 16:01,2026-09-17 14:00,Tobol Kostanay,Elimai FC,LIQUIDADO,0 - 2,0,2,Elimai FC,Over 0.5 Goals,Over 1.5 Goals,Under 2.5 Goals,Under 3.5 Goals,No,Over 0.5 Goals,8/8,betfair_oficial
2026-09-17 16:06,2026-09-17 14:00,ZED FC,Olympic El Qanal,LIQUIDADO,2 - 1,2,1,ZED FC,Over 0.5 Goals,Over 1.5 Goals,Over 2.5 Goals,Under 3.5 Goals,Yes,Under 0.5 Goals,8/8,betfair_oficial
2026-09-17 16:16,2026-09-17 13:00,Gasogi United,Gorilla FC,LIQUIDADO,,,,,,,,,,,8/8,betfair_oficial
2026-09-17 16:26,2026-09-17 14:30,FK Podgorica,Fk Zeta Golubovci,LIQUIDADO,3 - 3,3,3,The Draw,Over 0.5 Goals,Over 1.5 Goals,Over 2.5 Goals,Over 3.5 Goals,Yes,Over 0.5 Goals,8/8,betfair_oficial
2026-09-17 16:41,2026-09-17 14:45,AEK Athens,Panserraikos,LIQUIDADO,Any Other Home Win,,,AEK Athens,Over 0.5 Goals,Over 1.5 Goals,Over 2.5 Goals,Over 3.5 Goals,Yes,Over 0.5 Goals,8/8,betfair_oficial
2026-09-17 16:56,2026-09-17 15:00,Shimshon Tel Aviv,FC Holon Yermiyahu,LIQUIDADO,3 - 1,3,1,Shimshon Tel Aviv,Over 0.5 Goals,Over 1.5 Goals,Over 2.5 Goals,Over 3.5 Goals,Yes,Over 0.5 Goals,8/8,betfair_oficial
2026-09-17 16:56,2026-09-17 15:00,FK Atyrau,FC Ordabasy,LIQUIDADO,0 - 3,0,3,FC Ordabasy,Over 0.5 Goals,Over 1.5 Goals,Over 2.5 Goals,Under 3.5 Goals,No,Over 0.5 Goals,8/8,betfair_oficial
2026-09-17 17:01,2026-09-17 09:00,FC Locomotivi Tbilisi,FC Orbi,LIQUIDADO,2 - 0,2,0,FC Locomotivi Tbilisi,Over 0.5 Goals,Over 1.5 Goals,Under 2.5 Goals,Under 3.5 Goals,No,Under 0.5 Goals,8/8,betfair_oficial
2026-09-17 17:01,2026-09-17 15:00,FC Locomotivi Tbilisi,FC Orbi,LIQUIDADO,2 - 0,2,0,FC Locomotivi Tbilisi,Over 0.5 Goals,Over 1.5 Goals,Under 2.5 Goals,Under 3.5 Goals,No,Under 0.5 Goals,8/8,betfair_oficial
2026-09-17 17:06,2026-09-17 15:00,FC Gonio,FC Tbilisi 2025,LIQUIDADO,1 - 0,1,0,FC Gonio,Over 0.5 Goals,Under 1.5 Goals,Under 2.5 Goals,Under 3.5 Goals,No,Over 0.5 Goals,8/8,betfair_oficial
2026-09-17 17:56,2026-09-17 16:00,FK Loznica,FK Javor Ivanjica,LIQUIDADO,2 - 2,2,2,The Draw,Over 0.5 Goals,Over 1.5 Goals,Over 2.5 Goals,Over 3.5 Goals,Yes,Under 0.5 Goals,8/8,betfair_oficial
2026-09-17 17:56,2026-09-17 16:00,MS Kfar Kasem,Hapoel Kfar Saba,LIQUIDADO,Any Other Home Win,,,MS Kfar Kasem,Over 0.5 Goals,Over 1.5 Goals,Over 2.5 Goals,Over 3.5 Goals,Yes,Over 0.5 Goals,8/8,betfair_oficial
2026-09-17 17:56,2026-09-17 16:00,FCI Tallinn,Tammeka Tartu,LIQUIDADO,Any Other Home Win,,,Fci Tallinn,Over 0.5 Goals,Over 1.5 Goals,Over 2.5 Goals,Over 3.5 Goals,No,Over 0.5 Goals,8/8,betfair_oficial
2026-09-17 17:56,2026-09-17 16:00,Maccabi Ahi Nazareth,Hapoel Akko,LIQUIDADO,1 - 0,1,0,Maccabi Ahi Nazareth,Over 0.5 Goals,Under 1.5 Goals,Under 2.5 Goals,Under 3.5 Goals,No,Over 0.5 Goals,8/8,betfair_oficial
2026-09-17 17:56,2026-09-17 16:00,Hayy Al-Amir Hassan,Al Sarhan,LIQUIDADO,0 - 0,0,0,The Draw,Under 0.5 Goals,Under 1.5 Goals,Under 2.5 Goals,Under 3.5 Goals,No,Under 0.5 Goals,8/8,betfair_oficial
2026-09-17 17:56,2026-09-17 16:00,Maccabi Kabilio Jaffa,Maccabi Bnei Raina,LIQUIDADO,0 - 2,0,2,Maccabi Bnei Raina,Over 0.5 Goals,Over 1.5 Goals,Under 2.5 Goals,Under 3.5 Goals,No,Under 0.5 Goals,8/8,betfair_oficial
2026-09-17 17:56,2026-09-17 16:00,SC Kiryat Yam,Ironi Modiin,LIQUIDADO,3 - 2,3,2,SC Kiryat Yam,Over 0.5 Goals,Over 1.5 Goals,Over 2.5 Goals,Over 3.5 Goals,Yes,Over 0.5 Goals,8/8,betfair_oficial
2026-09-17 17:56,2026-09-17 16:00,Skeid,Valerenga,LIQUIDADO,Any Other Away Win,,,Valerenga,Over 0.5 Goals,Over 1.5 Goals,Over 2.5 Goals,Over 3.5 Goals,Yes,Over 0.5 Goals,8/8,betfair_oficial
2026-09-17 17:56,2026-09-17 16:00,FC Ashdod,Hapoel Rishon Lezion,LIQUIDADO,3 - 2,3,2,FC Ashdod,Over 0.5 Goals,Over 1.5 Goals,Over 2.5 Goals,Over 3.5 Goals,Yes,Over 0.5 Goals,8/8,betfair_oficial
2026-09-17 18:01,2026-09-17 16:00,Hapoel Afula,Hapoel Kfar Shelem,LIQUIDADO,3 - 3,3,3,The Draw,Over 0.5 Goals,Over 1.5 Goals,Over 2.5 Goals,Over 3.5 Goals,Yes,Over 0.5 Goals,8/8,betfair_oficial
2026-09-17 18:01,2026-09-17 16:00,Hapoel Raanana,FC Maccabi Kiryat Gat Dudu,LIQUIDADO,0 - 1,0,1,FC Maccabi Kiryat Gat Dudu,Over 0.5 Goals,Under 1.5 Goals,Under 2.5 Goals,Under 3.5 Goals,No,Under 0.5 Goals,8/8,betfair_oficial
2026-09-17 18:01,2026-09-17 16:00,Bnei Yehuda,Maccabi Herzliya,LIQUIDADO,1 - 1,1,1,The Draw,Over 0.5 Goals,Over 1.5 Goals,Under 2.5 Goals,Under 3.5 Goals,Yes,Over 0.5 Goals,8/8,betfair_oficial
2026-09-17 18:06,2026-09-17 16:00,Doqarah FC,Al Salt,LIQUIDADO,2 - 0,2,0,Doqarah FC,Over 0.5 Goals,Over 1.5 Goals,Under 2.5 Goals,Under 3.5 Goals,No,Over 0.5 Goals,8/8,betfair_oficial
2026-09-17 18:06,2026-09-17 16:00,FC Iberia 1999,Dila Gori,LIQUIDADO,2 - 1,2,1,FC Iberia 1999,Over 0.5 Goals,Over 1.5 Goals,Over 2.5 Goals,Under 3.5 Goals,Yes,Under 0.5 Goals,8/8,betfair_oficial
2026-09-17 18:16,2026-09-17 16:00,Al Sareeh,Al Ahli Amman,LIQUIDADO,0 - 0,0,0,The Draw,Under 0.5 Goals,Under 1.5 Goals,Under 2.5 Goals,Under 3.5 Goals,No,Under 0.5 Goals,8/8,betfair_oficial
2026-09-17 18:31,2026-09-17 16:30,Vejle,Brondby,LIQUIDADO,1 - 2,1,2,Brondby,Over 0.5 Goals,Over 1.5 Goals,Over 2.5 Goals,Under 3.5 Goals,Yes,Over 0.5 Goals,8/8,betfair_oficial
2026-09-17 18:31,2026-09-17 16:30,MK Kfar Saba 1928,Hapoel Eran Hadera,LIQUIDADO,0 - 1,0,1,Hapoel Eran Hadera,Over 0.5 Goals,Under 1.5 Goals,Under 2.5 Goals,Under 3.5 Goals,No,Under 0.5 Goals,8/8,betfair_oficial
2026-09-17 18:31,2026-09-17 16:30,Rayon Sports FC,Sunrise FC,LIQUIDADO,1 - 1,1,1,The Draw,Over 0.5 Goals,Over 1.5 Goals,Under 2.5 Goals,Under 3.5 Goals,Yes,Over 0.5 Goals,8/8,betfair_oficial
2026-09-17 18:41,2026-09-17 15:00,Stade Tunisien,Club Africain,LIQUIDADO,,,,,,,,,,,8/8,betfair_oficial
2026-09-17 18:41,2026-09-17 16:45,OFI,Hoffenheim,LIQUIDADO,2 - 0,2,0,OFI,Over 0.5 Goals,Over 1.5 Goals,Under 2.5 Goals,Under 3.5 Goals,No,Over 0.5 Goals,8/8,betfair_oficial
2026-09-17 18:41,2026-09-17 16:45,PFC Levski Sofia,Red Bull Salzburg,LIQUIDADO,0 - 1,0,1,Red Bull Salzburg,Over 0.5 Goals,Under 1.5 Goals,Under 2.5 Goals,Under 3.5 Goals,No,Over 0.5 Goals,8/8,betfair_oficial
2026-09-17 18:51,2026-09-17 17:00,FC Stockholm Internazionale,IFK Stocksund,LIQUIDADO,Any Other Home Win,,,FC Stockholm Internazionale,Over 0.5 Goals,Over 1.5 Goals,Over 2.5 Goals,Over 3.5 Goals,Yes,Over 0.5 Goals,8/8,betfair_oficial
2026-09-17 18:56,2026-09-17 17:00,Al Aqaba,Amman,LIQUIDADO,Any Other Away Win,,,Amman,Over 0.5 Goals,Over 1.5 Goals,Over 2.5 Goals,Over 3.5 Goals,Yes,Over 0.5 Goals,8/8,betfair_oficial
2026-09-17 18:56,2026-09-17 17:00,Express,Airtel Kitara FC,LIQUIDADO,1 - 1,1,1,The Draw,Over 0.5 Goals,Over 1.5 Goals,Under 2.5 Goals,Under 3.5 Goals,Yes,Over 0.5 Goals,8/8,betfair_oficial
2026-09-17 18:56,2026-09-17 17:00,Kristianstads,BK Olympic,LIQUIDADO,0 - 1,0,1,BK Olympic,Over 0.5 Goals,Under 1.5 Goals,Under 2.5 Goals,Under 3.5 Goals,No,Under 0.5 Goals,8/8,betfair_oficial
2026-09-17 18:56,2026-09-17 17:00,Vasalunds IF,Hammarby TFF,LIQUIDADO,0 - 0,0,0,The Draw,Under 0.5 Goals,Under 1.5 Goals,Under 2.5 Goals,Under 3.5 Goals,No,Under 0.5 Goals,8/8,betfair_oficial
2026-09-17 18:56,2026-09-17 17:00,Eskilsminne,Tvaakers,LIQUIDADO,Any Other Home Win,,,Eskilsminne,Over 0.5 Goals,Over 1.5 Goals,Over 2.5 Goals,Over 3.5 Goals,Yes,Over 0.5 Goals,8/8,betfair_oficial
2026-09-17 18:56,2026-09-17 17:00,Skovde AIK,FC Trollhattan,LIQUIDADO,1 - 3,1,3,FC Trollhattan,Over 0.5 Goals,Over 1.5 Goals,Over 2.5 Goals,Over 3.5 Goals,Yes,Over 0.5 Goals,8/8,betfair_oficial
2026-09-17 19:01,2026-09-17 17:00,Rosengard,Trelleborgs,LIQUIDADO,Any Other Away Win,,,Trelleborgs,Over 0.5 Goals,Over 1.5 Goals,Over 2.5 Goals,Over 3.5 Goals,Yes,Over 0.5 Goals,8/8,betfair_oficial
2026-09-17 19:01,2026-09-17 17:00,US Biskra,Belouizdad,LIQUIDADO,0 - 1,0,1,Belouizdad,Over 0.5 Goals,Under 1.5 Goals,Under 2.5 Goals,Under 3.5 Goals,No,Under 0.5 Goals,8/8,betfair_oficial
2026-09-17 19:06,2026-09-17 17:00,ENPPI,Pyramids,LIQUIDADO,1 - 2,1,2,Pyramids,Over 0.5 Goals,Over 1.5 Goals,Over 2.5 Goals,Under 3.5 Goals,Yes,Under 0.5 Goals,8/8,betfair_oficial
2026-09-17 19:06,2026-09-17 17:00,Betis,Getafe,LIQUIDADO,1 - 0,1,0,Betis,Over 0.5 Goals,Under 1.5 Goals,Under 2.5 Goals,Under 3.5 Goals,No,Over 0.5 Goals,8/8,betfair_oficial
2026-09-17 19:26,2026-09-17 17:30,Assyriska FF,AFC Eskilstuna,LIQUIDADO,Any Other Away Win,,,AFC Eskilstuna,Over 0.5 Goals,Over 1.5 Goals,Over 2.5 Goals,Over 3.5 Goals,Yes,Over 0.5 Goals,8/8,betfair_oficial
2026-09-17 19:26,2026-09-17 17:30,FC Jarfalla,Karlbergs BK,LIQUIDADO,Any Other Home Win,,,FC Jarfalla,Over 0.5 Goals,Over 1.5 Goals,Over 2.5 Goals,Over 3.5 Goals,No,Over 0.5 Goals,8/8,betfair_oficial
2026-09-17 19:31,2026-09-17 17:30,Orlando Pirates (SA),Durban City,LIQUIDADO,2 - 0,2,0,Orlando Pirates (SA),Over 0.5 Goals,Over 1.5 Goals,Under 2.5 Goals,Under 3.5 Goals,No,Under 0.5 Goals,8/8,betfair_oficial
2026-09-17 19:36,2026-09-17 17:30,Tzeirey Tira FC,SC Dimona,LIQUIDADO,0 - 1,0,1,SC Dimona,Over 0.5 Goals,Under 1.5 Goals,Under 2.5 Goals,Under 3.5 Goals,No,Under 0.5 Goals,8/8,betfair_oficial
2026-09-17 19:56,2026-09-17 18:00,Independiente Juniors,Atletico Rojiblanco,LIQUIDADO,1 - 1,1,1,The Draw,Over 0.5 Goals,Over 1.5 Goals,Under 2.5 Goals,Under 3.5 Goals,Yes,Under 0.5 Goals,8/8,betfair_oficial
2026-09-17 20:06,2026-09-17 18:00,Zeleznicar Pancevo,Crvena Zvezda,LIQUIDADO,1 - 2,1,2,Crvena Zvezda,Over 0.5 Goals,Over 1.5 Goals,Over 2.5 Goals,Under 3.5 Goals,Yes,Over 0.5 Goals,8/8,betfair_oficial
2026-09-17 20:06,2026-09-17 18:00,Hapoel Mahane Yehuda,Sderot FC,LIQUIDADO,0 - 1,0,1,Sderot FC,Over 0.5 Goals,Under 1.5 Goals,Under 2.5 Goals,Under 3.5 Goals,No,Under 0.5 Goals,8/8,betfair_oficial
2026-09-17 20:26,2026-09-17 18:30,Man City,Norwich,LIQUIDADO,Any Other Home Win,,,Man City,Over 0.5 Goals,Over 1.5 Goals,Over 2.5 Goals,Over 3.5 Goals,No,Over 0.5 Goals,8/8,betfair_oficial
2026-09-17 20:26,2026-09-17 18:30,Juventud De Las Piedras,Racing Club (Uru),LIQUIDADO,3 - 0,3,0,Juventud De Las Piedras,Over 0.5 Goals,Over 1.5 Goals,Over 2.5 Goals,Under 3.5 Goals,No,Over 0.5 Goals,8/8,betfair_oficial
2026-09-17 20:31,2026-09-17 18:30,Central Espanol,Club Oriental de La Paz,LIQUIDADO,1 - 1,1,1,The Draw,Over 0.5 Goals,Over 1.5 Goals,Under 2.5 Goals,Under 3.5 Goals,Yes,Over 0.5 Goals,8/8,betfair_oficial
2026-09-17 20:56,2026-09-17 19:00,Juventus,NEC Nijmegen,LIQUIDADO,Any Other Home Win,,,Juventus,Over 0.5 Goals,Over 1.5 Goals,Over 2.5 Goals,Over 3.5 Goals,No,Over 0.5 Goals,8/8,betfair_oficial
2026-09-17 20:56,2026-09-17 19:00,AFC Wimbledon,MK Dons,LIQUIDADO,0 - 0,0,0,The Draw,Under 0.5 Goals,Under 1.5 Goals,Under 2.5 Goals,Under 3.5 Goals,No,Under 0.5 Goals,8/8,betfair_oficial
2026-09-17 20:56,2026-09-17 19:00,Celtic,Ferencvaros,LIQUIDADO,1 - 3,1,3,Ferencvaros,Over 0.5 Goals,Over 1.5 Goals,Over 2.5 Goals,Over 3.5 Goals,Yes,Over 0.5 Goals,8/8,betfair_oficial
2026-09-17 20:56,2026-09-17 19:00,Real Sociedad,Bournemouth,LIQUIDADO,1 - 2,1,2,Bournemouth,Over 0.5 Goals,Over 1.5 Goals,Over 2.5 Goals,Under 3.5 Goals,Yes,Over 0.5 Goals,8/8,betfair_oficial
2026-09-17 20:56,2026-09-17 19:00,Crystal Palace,Lech Poznan,LIQUIDADO,Any Other Home Win,,,Crystal Palace,Over 0.5 Goals,Over 1.5 Goals,Over 2.5 Goals,Over 3.5 Goals,No,Over 0.5 Goals,8/8,betfair_oficial
2026-09-17 21:01,2026-09-17 19:00,Lillestrom,Torreense,LIQUIDADO,1 - 2,1,2,Torreense,Over 0.5 Goals,Over 1.5 Goals,Over 2.5 Goals,Under 3.5 Goals,Yes,Over 0.5 Goals,8/8,betfair_oficial
2026-09-17 21:01,2026-09-17 19:00,Plzen,Union St Gilloise,LIQUIDADO,0 - 3,0,3,Union St Gilloise,Over 0.5 Goals,Over 1.5 Goals,Over 2.5 Goals,Under 3.5 Goals,No,Over 0.5 Goals,8/8,betfair_oficial
2026-09-17 21:01,2026-09-17 19:00,Cr Temouchent,Kabylie,LIQUIDADO,1 - 0,1,0,Cr Temouchent,Over 0.5 Goals,Under 1.5 Goals,Under 2.5 Goals,Under 3.5 Goals,No,Under 0.5 Goals,8/8,betfair_oficial
2026-09-17 21:01,2026-09-17 19:00,Besiktas,Marseille,LIQUIDADO,Any Other Home Win,,,Besiktas,Over 0.5 Goals,Over 1.5 Goals,Over 2.5 Goals,Over 3.5 Goals,Yes,Over 0.5 Goals,8/8,betfair_oficial
2026-09-17 21:31,2026-09-17 19:30,Malaga,Villarreal,LIQUIDADO,1 - 3,1,3,Villarreal,Over 0.5 Goals,Over 1.5 Goals,Over 2.5 Goals,Over 3.5 Goals,Yes,Over 0.5 Goals,8/8,betfair_oficial
2026-09-17 21:51,2026-09-17 18:45,Bastia,Cannes,LIQUIDADO,1 - 1,1,1,The Draw,Over 0.5 Goals,Over 1.5 Goals,Under 2.5 Goals,Under 3.5 Goals,Yes,Over 0.5 Goals,8/8,betfair_oficial
2026-09-17 22:16,2026-09-17 20:15,Vinotinto Ecuador,Club Nueve de Octubre,LIQUIDADO,1 - 0,1,0,Vinotinto Ecuador,Over 0.5 Goals,Under 1.5 Goals,Under 2.5 Goals,Under 3.5 Goals,No,Under 0.5 Goals,8/8,betfair_oficial
2026-09-17 22:26,2026-09-17 20:30,22 de Julio FC,Cumbaya FC,LIQUIDADO,Any Other Away Win,,,Cumbaya FC,Over 0.5 Goals,Over 1.5 Goals,Over 2.5 Goals,Over 3.5 Goals,Yes,Over 0.5 Goals,8/8,betfair_oficial
2026-09-18 00:01,2026-09-17 22:00,Durazno FC,Deportivo Colonia,LIQUIDADO,2 - 0,2,0,Durazno FC,Over 0.5 Goals,Over 1.5 Goals,Under 2.5 Goals,Under 3.5 Goals,No,Under 0.5 Goals,8/8,betfair_oficial
2026-09-18 00:01,2026-09-17 22:00,Real Tomayapo,Oriente Petrolero,LIQUIDADO,0 - 2,0,2,Oriente Petrolero,Over 0.5 Goals,Over 1.5 Goals,Under 2.5 Goals,Under 3.5 Goals,No,Over 0.5 Goals,8/8,betfair_oficial
2026-09-18 01:01,2026-09-17 23:00,Mount Pleasant FC,Cavalier,LIQUIDADO,1 - 0,1,0,Mount Pleasant FC,Over 0.5 Goals,Under 1.5 Goals,Under 2.5 Goals,Under 3.5 Goals,No,Over 0.5 Goals,8/8,betfair_oficial
2026-09-18 01:06,2026-09-17 23:00,Cibao FC,Portmore Utd,LIQUIDADO,1 - 2,1,2,Portmore Utd,Over 0.5 Goals,Over 1.5 Goals,Over 2.5 Goals,Under 3.5 Goals,Yes,Over 0.5 Goals,8/8,betfair_oficial
2026-09-18 03:01,2026-09-18 00:00,Atletico Bucaramanga,Ind Medellin,LIQUIDADO,2 - 2,2,2,The Draw,Over 0.5 Goals,Over 1.5 Goals,Over 2.5 Goals,Over 3.5 Goals,Yes,Over 0.5 Goals,8/8,betfair_oficial
2026-09-18 03:01,2026-09-18 00:30,Torque,Cienciano,LIQUIDADO,3 - 0,3,0,Torque,Over 0.5 Goals,Over 1.5 Goals,Over 2.5 Goals,Under 3.5 Goals,No,Over 0.5 Goals,8/8,betfair_oficial
2026-09-18 03:01,2026-09-18 00:30,Ld Alajuelense,CD Marathon,LIQUIDADO,3 - 1,3,1,LD Alajuelense,Over 0.5 Goals,Over 1.5 Goals,Over 2.5 Goals,Over 3.5 Goals,Yes,Over 0.5 Goals,8/8,betfair_oficial
2026-09-18 03:01,2026-09-18 00:30,Bolivar,CD Gualberto Villarroel,LIQUIDADO,Any Other Home Win,,,Bolivar,Over 0.5 Goals,Over 1.5 Goals,Over 2.5 Goals,Over 3.5 Goals,Yes,Over 0.5 Goals,8/8,betfair_oficial
2026-09-18 03:01,2026-09-18 00:30,Flamengo,Independiente (Ecu),LIQUIDADO,1 - 1,1,1,The Draw,Over 0.5 Goals,Over 1.5 Goals,Under 2.5 Goals,Under 3.5 Goals,Yes,Over 0.5 Goals,8/8,betfair_oficial
2026-09-18 03:56,2026-09-18 01:00,Alacranes de Durango,Cruz Azul Hidalgo,LIQUIDADO,2 - 0,2,0,Alacranes de Durango,Over 0.5 Goals,Over 1.5 Goals,Under 2.5 Goals,Under 3.5 Goals,No,Over 0.5 Goals,8/8,betfair_oficial
2026-09-18 04:06,2026-09-18 02:00,Papua New Guinea,Vanuatu,LIQUIDADO,2 - 1,2,1,Papua New Guinea,Over 0.5 Goals,Over 1.5 Goals,Over 2.5 Goals,Under 3.5 Goals,Yes,Under 0.5 Goals,8/8,betfair_oficial
2026-09-18 05:16,2026-09-18 03:15,CD Olimpia,CD Luis Angel Firpo,LIQUIDADO,3 - 0,3,0,CD Olimpia,Over 0.5 Goals,Over 1.5 Goals,Over 2.5 Goals,Under 3.5 Goals,No,Over 0.5 Goals,8/8,betfair_oficial
2026-09-18 06:01,2026-09-18 04:00,Vanraure Hachinohe,Tegevajaro Miyazaki,LIQUIDADO,0 - 3,0,3,Tegevajaro Miyazaki,Over 0.5 Goals,Over 1.5 Goals,Over 2.5 Goals,Under 3.5 Goals,No,Over 0.5 Goals,8/8,betfair_oficial
2026-09-18 07:31,2026-09-18 05:30,Stride Sports FC,Bengaluru United,LIQUIDADO,Any Other Away Win,,,Bengaluru United,Over 0.5 Goals,Over 1.5 Goals,Over 2.5 Goals,Over 3.5 Goals,No,Over 0.5 Goals,8/8,betfair_oficial
2026-09-18 08:26,2026-09-18 06:30,Philippines U23,Vietnam U23,LIQUIDADO,0 - 2,0,2,Vietnam U23,Over 0.5 Goals,Over 1.5 Goals,Under 2.5 Goals,Under 3.5 Goals,No,Under 0.5 Goals,8/8,betfair_oficial
2026-09-18 09:56,2026-09-18 08:00,Changchun Xidu,Guangdong Mingtu,LIQUIDADO,0 - 0,0,0,The Draw,Under 0.5 Goals,Under 1.5 Goals,Under 2.5 Goals,Under 3.5 Goals,No,Under 0.5 Goals,8/8,betfair_oficial
2026-09-18 09:56,2026-09-18 08:00,Lanzhou Longyuan Athletic,Wenzhou Professional,LIQUIDADO,2 - 0,2,0,Lanzhou Longyuan Athletic,Over 0.5 Goals,Over 1.5 Goals,Under 2.5 Goals,Under 3.5 Goals,No,Under 0.5 Goals,8/8,betfair_oficial
2026-09-18 10:01,2026-09-18 07:00,Fiji,Solomon Islands,LIQUIDADO,3 - 3,3,3,The Draw,Over 0.5 Goals,Over 1.5 Goals,Over 2.5 Goals,Over 3.5 Goals,Yes,Over 0.5 Goals,8/8,betfair_oficial
2026-09-18 10:01,2026-09-18 08:00,FC Real Bengaluru,Bengaluru B,LIQUIDADO,Any Other Away Win,,,Bengaluru B,Over 0.5 Goals,Over 1.5 Goals,Over 2.5 Goals,Over 3.5 Goals,No,Over 0.5 Goals,8/8,betfair_oficial
2026-09-18 10:26,2026-09-18 08:30,Persipura Jayapura,Tornado FC,LIQUIDADO,0 - 0,0,0,The Draw,Under 0.5 Goals,Under 1.5 Goals,Under 2.5 Goals,Under 3.5 Goals,No,Under 0.5 Goals,8/8,betfair_oficial
2026-09-18 10:31,2026-09-18 08:30,Arema Cronus,Persik Kediri,LIQUIDADO,1 - 1,1,1,The Draw,Over 0.5 Goals,Over 1.5 Goals,Under 2.5 Goals,Under 3.5 Goals,Yes,Over 0.5 Goals,8/8,betfair_oficial
2026-09-18 11:01,2026-09-18 09:00,Wuhan Three Towns II,Haimen Codion,LIQUIDADO,0 - 2,0,2,Haimen Codion,Over 0.5 Goals,Over 1.5 Goals,Under 2.5 Goals,Under 3.5 Goals,No,Over 0.5 Goals,8/8,betfair_oficial
2026-09-18 11:01,2026-09-18 09:00,Fortis FC Limited,Chattogram City,LIQUIDADO,Any Other Home Win,,,Fortis FC Limited,Over 0.5 Goals,Over 1.5 Goals,Over 2.5 Goals,Over 3.5 Goals,No,Under 0.5 Goals,8/8,betfair_oficial
2026-09-18 11:06,2026-09-18 09:00,PWD Sports Club,Dhaka Abahani,LIQUIDADO,0 - 0,0,0,The Draw,Under 0.5 Goals,Under 1.5 Goals,Under 2.5 Goals,Under 3.5 Goals,No,Under 0.5 Goals,8/8,betfair_oficial
2026-09-18 11:06,2026-09-18 09:00,Bangladesh Police,Rahmatganj MFS,LIQUIDADO,1 - 0,1,0,Bangladesh Police,Over 0.5 Goals,Under 1.5 Goals,Under 2.5 Goals,Under 3.5 Goals,No,Under 0.5 Goals,8/8,betfair_oficial
2026-09-18 11:21,2026-09-18 09:00,Fakirapool Young Men,Dhaka Wanderers Club,LIQUIDADO,2 - 1,2,1,Fakirapool Young Men,Over 0.5 Goals,Over 1.5 Goals,Over 2.5 Goals,Under 3.5 Goals,Yes,Over 0.5 Goals,8/8,betfair_oficial
2026-09-18 11:31,2026-09-18 09:30,Laitkor SC,Sawmer SC,LIQUIDADO,2 - 1,2,1,Laitkor SC,Over 0.5 Goals,Over 1.5 Goals,Over 2.5 Goals,Under 3.5 Goals,Yes,Over 0.5 Goals,8/8,betfair_oficial
2026-09-18 11:31,2026-09-18 09:30,Dinthar FC,Aizawl FC,LIQUIDADO,Any Other Away Win,,,Aizawl FC,Over 0.5 Goals,Over 1.5 Goals,Over 2.5 Goals,Over 3.5 Goals,No,Over 0.5 Goals,8/8,betfair_oficial
2026-09-18 11:56,2026-09-18 10:00,Kuwait U23,Uzbekistan U23,LIQUIDADO,0 - 2,0,2,Uzbekistan U23,Over 0.5 Goals,Over 1.5 Goals,Under 2.5 Goals,Under 3.5 Goals,No,Over 0.5 Goals,8/8,betfair_oficial
2026-09-18 12:01,2026-09-18 10:00,Yanbian Longding,Guangdong GZ-Power FC,LIQUIDADO,1 - 2,1,2,Guangdong GZ-Power FC,Over 0.5 Goals,Over 1.5 Goals,Over 2.5 Goals,Under 3.5 Goals,Yes,Over 0.5 Goals,8/8,betfair_oficial
2026-09-18 12:01,2026-09-18 10:00,FC Osaka,Fukushima Utd,LIQUIDADO,Any Other Home Win,,,FC Osaka,Over 0.5 Goals,Over 1.5 Goals,Over 2.5 Goals,Over 3.5 Goals,Yes,Over 0.5 Goals,8/8,betfair_oficial
2026-09-18 12:01,2026-09-18 10:00,Kumamoto,Matsumoto,LIQUIDADO,0 - 0,0,0,The Draw,Under 0.5 Goals,Under 1.5 Goals,Under 2.5 Goals,Under 3.5 Goals,No,Under 0.5 Goals,8/8,betfair_oficial
2026-09-18 12:26,2026-09-18 10:30,Saudi Arabia U23,Qatar U23,LIQUIDADO,2 - 0,2,0,Saudi Arabia U23,Over 0.5 Goals,Over 1.5 Goals,Under 2.5 Goals,Under 3.5 Goals,No,Over 0.5 Goals,8/8,betfair_oficial
2026-09-18 12:31,2026-09-18 10:30,Kickstart FC,Bangalore Dream United,LIQUIDADO,1 - 0,1,0,Kickstart FC,Over 0.5 Goals,Under 1.5 Goals,Under 2.5 Goals,Under 3.5 Goals,No,Under 0.5 Goals,8/8,betfair_oficial
2026-09-18 12:56,2026-09-18 11:00,Binh Dinh,Ho Chi Minh City FC,LIQUIDADO,1 - 1,1,1,The Draw,Over 0.5 Goals,Over 1.5 Goals,Under 2.5 Goals,Under 3.5 Goals,Yes,Over 0.5 Goals,8/8,betfair_oficial
2026-09-18 12:56,2026-09-18 11:00,Dalian Kun City FC,Ningbo Professional,LIQUIDADO,1 - 0,1,0,Dalian Kun City FC,Over 0.5 Goals,Under 1.5 Goals,Under 2.5 Goals,Under 3.5 Goals,No,Over 0.5 Goals,8/8,betfair_oficial
2026-09-18 12:56,2026-09-18 11:00,Okzhetpes,Zhenys,LIQUIDADO,3 - 1,3,1,Okzhetpes,Over 0.5 Goals,Over 1.5 Goals,Over 2.5 Goals,Over 3.5 Goals,Yes,Over 0.5 Goals,8/8,betfair_oficial
2026-09-18 13:26,2026-09-18 11:30,Nantong Zhiyun F.C,Guangxi Hengchen,LIQUIDADO,0 - 1,0,1,Guangxi Hengchen,Over 0.5 Goals,Under 1.5 Goals,Under 2.5 Goals,Under 3.5 Goals,No,Under 0.5 Goals,8/8,betfair_oficial
2026-09-18 13:36,2026-09-18 11:30,FC Jurong,Hougang Utd,LIQUIDADO,3 - 0,3,0,FC Jurong,Over 0.5 Goals,Over 1.5 Goals,Over 2.5 Goals,Under 3.5 Goals,No,Over 0.5 Goals,8/8,betfair_oficial
2026-09-18 13:36,2026-09-18 11:35,Zhejiang Greentown,Wuhan Three Towns,LIQUIDADO,Any Other Home Win,,,Zhejiang Greentown,Over 0.5 Goals,Over 1.5 Goals,Over 2.5 Goals,Over 3.5 Goals,Yes,Over 0.5 Goals,8/8,betfair_oficial
2026-09-18 13:41,2026-09-18 11:30,Jiangxi Lushan,Shandong Taishan B,LIQUIDADO,2 - 1,2,1,Jiangxi Lushan,Over 0.5 Goals,Over 1.5 Goals,Over 2.5 Goals,Under 3.5 Goals,Yes,Over 0.5 Goals,8/8,betfair_oficial
2026-09-18 13:56,2026-09-18 12:00,Transport United FC,RTC FC,LIQUIDADO,1 - 1,1,1,The Draw,Over 0.5 Goals,Over 1.5 Goals,Under 2.5 Goals,Under 3.5 Goals,Yes,Over 0.5 Goals,8/8,betfair_oficial
2026-09-18 14:01,2026-09-18 12:00,FK Altay,Irtysh Pavlodar,LIQUIDADO,1 - 2,1,2,Irtysh Pavlodar,Over 0.5 Goals,Over 1.5 Goals,Over 2.5 Goals,Under 3.5 Goals,Yes,Over 0.5 Goals,8/8,betfair_oficial
2026-09-18 14:01,2026-09-18 12:00,Khankhedi,Moik Baku,LIQUIDADO,0 - 2,0,2,MOIK Baku,Over 0.5 Goals,Over 1.5 Goals,Under 2.5 Goals,Under 3.5 Goals,No,Under 0.5 Goals,8/8,betfair_oficial
2026-09-18 14:01,2026-09-18 12:00,Bekasi City,Persikad Depok,LIQUIDADO,1 - 2,1,2,Persikad Depok,Over 0.5 Goals,Over 1.5 Goals,Over 2.5 Goals,Under 3.5 Goals,Yes,Over 0.5 Goals,8/8,betfair_oficial
2026-09-18 14:06,2026-09-18 12:00,Madura Utd,Psim Yogyakarta,LIQUIDADO,2 - 1,2,1,Madura Utd,Over 0.5 Goals,Over 1.5 Goals,Over 2.5 Goals,Under 3.5 Goals,Yes,Over 0.5 Goals,8/8,betfair_oficial
2026-09-18 14:06,2026-09-18 12:00,FC Zhetysu,FK Kaspyi Aktau,LIQUIDADO,0 - 1,0,1,FK Kaspyi Aktau,Over 0.5 Goals,Under 1.5 Goals,Under 2.5 Goals,Under 3.5 Goals,No,Under 0.5 Goals,8/8,betfair_oficial
2026-09-18 14:06,2026-09-18 12:00,Ayutthaya United,Uthai Thani,LIQUIDADO,1 - 2,1,2,Uthai Thani,Over 0.5 Goals,Over 1.5 Goals,Over 2.5 Goals,Under 3.5 Goals,Yes,Under 0.5 Goals,8/8,betfair_oficial
2026-09-18 14:46,2026-09-18 10:00,Chernomorets Odesa,Obolon-Brovar Kiev,LIQUIDADO,1 - 1,1,1,,Over 0.5 Goals,Over 1.5 Goals,Under 2.5 Goals,,,Over 0.5 Goals,5/8,betfair_oficial
2026-09-18 14:46,2026-09-18 12:45,Hapoel Tel Aviv,Hapoel Petach Tikva,LIQUIDADO,3 - 0,3,0,Hapoel Tel Aviv,Over 0.5 Goals,Over 1.5 Goals,Over 2.5 Goals,Under 3.5 Goals,No,Over 0.5 Goals,8/8,betfair_oficial
2026-09-18 14:56,2026-09-18 13:00,Bandirmaspor,Umraniyespor,LIQUIDADO,0 - 1,0,1,Umraniyespor,Over 0.5 Goals,Under 1.5 Goals,Under 2.5 Goals,Under 3.5 Goals,No,Under 0.5 Goals,8/8,betfair_oficial
2026-09-18 15:01,2026-09-18 12:30,Polissya Zhytomyr,Kryvbas Krivyi Rih,LIQUIDADO,1 - 0,1,0,Polissya Zhytomyr,Over 0.5 Goals,Under 1.5 Goals,Under 2.5 Goals,Under 3.5 Goals,No,Over 0.5 Goals,8/8,betfair_oficial
2026-09-18 15:01,2026-09-18 13:00,Amagaju,Al Merreikh,LIQUIDADO,0 - 0,0,0,The Draw,Under 0.5 Goals,Under 1.5 Goals,Under 2.5 Goals,Under 3.5 Goals,No,Under 0.5 Goals,8/8,betfair_oficial
2026-09-18 15:31,2026-09-18 13:30,FK Qabala,Neftchi Baku,LIQUIDADO,0 - 3,0,3,Neftchi Baku,Over 0.5 Goals,Over 1.5 Goals,Over 2.5 Goals,Under 3.5 Goals,No,Over 0.5 Goals,8/8,betfair_oficial
2026-09-18 15:36,2026-09-18 13:30,Baladeyet Al-Mahalla,Kahraba Ismailia,LIQUIDADO,0 - 1,0,1,Kahraba Ismailia,Over 0.5 Goals,Under 1.5 Goals,Under 2.5 Goals,Under 3.5 Goals,No,Over 0.5 Goals,8/8,betfair_oficial
2026-09-18 15:36,2026-09-18 13:30,La Viena FC,FC Masar,LIQUIDADO,1 - 1,1,1,The Draw,Over 0.5 Goals,Over 1.5 Goals,Under 2.5 Goals,Under 3.5 Goals,Yes,Over 0.5 Goals,8/8,betfair_oficial
2026-09-18 15:41,2026-09-18 13:30,Pharco FC,Delta United,LIQUIDADO,2 - 1,2,1,Pharco FC,Over 0.5 Goals,Over 1.5 Goals,Over 2.5 Goals,Under 3.5 Goals,Yes,Under 0.5 Goals,8/8,betfair_oficial
2026-09-18 15:41,2026-09-18 13:30,Dayrout,El Entag El Harby,LIQUIDADO,0 - 3,0,3,El Entag El Harby,Over 0.5 Goals,Over 1.5 Goals,Over 2.5 Goals,Under 3.5 Goals,No,Over 0.5 Goals,8/8,betfair_oficial
2026-09-18 15:41,2026-09-18 13:30,Proxy Work Club,Maleyeit Kafr El Zayiat,LIQUIDADO,0 - 1,0,1,Maleyeit Kafr El Zayiat,Over 0.5 Goals,Under 1.5 Goals,Under 2.5 Goals,Under 3.5 Goals,No,Under 0.5 Goals,8/8,betfair_oficial
2026-09-18 15:46,2026-09-18 13:30,El Seka Elhadeed,Telecom Egypt SC,LIQUIDADO,1 - 0,1,0,El Seka Elhadeed,Over 0.5 Goals,Under 1.5 Goals,Under 2.5 Goals,Under 3.5 Goals,No,Over 0.5 Goals,8/8,betfair_oficial
2026-09-18 15:56,2026-09-18 14:00,FK Kyzyl-Zhar,FK Kaisar,LIQUIDADO,1 - 1,1,1,The Draw,Over 0.5 Goals,Over 1.5 Goals,Under 2.5 Goals,Under 3.5 Goals,Yes,Over 0.5 Goals,8/8,betfair_oficial
2026-09-18 15:56,2026-09-18 14:00,Sokol Kleczew,GP TS Avia Swidnik,LIQUIDADO,2 - 2,2,2,The Draw,Over 0.5 Goals,Over 1.5 Goals,Over 2.5 Goals,Over 3.5 Goals,Yes,Over 0.5 Goals,8/8,betfair_oficial
2026-09-18 15:56,2026-09-18 14:00,Shkendija,KF Bashkimi Kumanovo,LIQUIDADO,Any Other Home Win,,,Shkendija,Over 0.5 Goals,Over 1.5 Goals,Over 2.5 Goals,Over 3.5 Goals,Yes,Over 0.5 Goals,8/8,betfair_oficial
2026-09-18 15:56,2026-09-18 14:00,Mladost Zdralovi,Segesta,LIQUIDADO,1 - 3,1,3,Segesta,Over 0.5 Goals,Over 1.5 Goals,Over 2.5 Goals,Over 3.5 Goals,Yes,Over 0.5 Goals,8/8,betfair_oficial
2026-09-18 15:56,2026-09-18 14:00,FK Sileks,Tikves Kavadarci,LIQUIDADO,0 - 0,0,0,The Draw,Under 0.5 Goals,Under 1.5 Goals,Under 2.5 Goals,Under 3.5 Goals,No,Under 0.5 Goals,8/8,betfair_oficial
2026-09-18 16:01,2026-09-18 14:00,FC Gandzasar,FC Urartu,LIQUIDADO,0 - 3,0,3,FC Urartu,Over 0.5 Goals,Over 1.5 Goals,Over 2.5 Goals,Under 3.5 Goals,No,Over 0.5 Goals,8/8,betfair_oficial
2026-09-18 16:26,2026-09-18 14:30,BTS Rekord B-B,Swit Skolwin,LIQUIDADO,3 - 0,3,0,BTS Rekord B-B,Over 0.5 Goals,Over 1.5 Goals,Over 2.5 Goals,Under 3.5 Goals,No,Over 0.5 Goals,8/8,betfair_oficial
2026-09-18 16:26,2026-09-18 14:30,NK Sesvete,Cibalia Vinkovci,LIQUIDADO,1 - 2,1,2,Cibalia Vinkovci,Over 0.5 Goals,Over 1.5 Goals,Over 2.5 Goals,Under 3.5 Goals,Yes,Over 0.5 Goals,8/8,betfair_oficial
2026-09-18 16:41,2026-09-18 14:40,Al Oruba,Emirates Club,LIQUIDADO,1 - 3,1,3,Emirates Club,Over 0.5 Goals,Over 1.5 Goals,Over 2.5 Goals,Over 3.5 Goals,Yes,Over 0.5 Goals,8/8,betfair_oficial
2026-09-18 16:41,2026-09-18 14:40,Palm City FC,Gulf Heroes FC,LIQUIDADO,2 - 3,2,3,Gulf Heroes FC,Over 0.5 Goals,Over 1.5 Goals,Over 2.5 Goals,Over 3.5 Goals,Yes,Over 0.5 Goals,8/8,betfair_oficial
2026-09-18 16:41,2026-09-18 14:40,Al Bataeh,Al Hamriyah,LIQUIDADO,1 - 3,1,3,Al Hamriyah,Over 0.5 Goals,Over 1.5 Goals,Over 2.5 Goals,Over 3.5 Goals,Yes,Over 0.5 Goals,8/8,betfair_oficial
2026-09-18 16:46,2026-09-18 14:40,Al-Fujairah FC,Dibba Al-Hisn,LIQUIDADO,1 - 2,1,2,Dibba Al-Hisn,Over 0.5 Goals,Over 1.5 Goals,Over 2.5 Goals,Under 3.5 Goals,Yes,Over 0.5 Goals,8/8,betfair_oficial
2026-09-18 16:46,2026-09-18 14:40,Dibba Al Fujairah,Al-Ittifaq Maqaba,LIQUIDADO,Any Other Home Win,,,Dibba Al Fujairah,Over 0.5 Goals,Over 1.5 Goals,Over 2.5 Goals,Over 3.5 Goals,Yes,Over 0.5 Goals,8/8,betfair_oficial
2026-09-18 16:46,2026-09-18 14:40,City FC,Al-Arabi Umm Quwain,LIQUIDADO,2 - 3,2,3,Al-Arabi Umm Quwain,Over 0.5 Goals,Over 1.5 Goals,Over 2.5 Goals,Over 3.5 Goals,Yes,Over 0.5 Goals,8/8,betfair_oficial
2026-09-18 16:46,2026-09-18 14:40,Gulf United,Al Jazira Al Hamra,LIQUIDADO,2 - 0,2,0,Gulf United,Over 0.5 Goals,Over 1.5 Goals,Under 2.5 Goals,Under 3.5 Goals,No,Over 0.5 Goals,8/8,betfair_oficial
2026-09-18 16:56,2026-09-18 15:00,NRB Teleghma,Msp Batna,LIQUIDADO,1 - 1,1,1,The Draw,Over 0.5 Goals,Over 1.5 Goals,Under 2.5 Goals,Under 3.5 Goals,Yes,Over 0.5 Goals,8/8,betfair_oficial
2026-09-18 16:56,2026-09-18 15:00,Lahti,Jaro,LIQUIDADO,1 - 1,1,1,The Draw,Over 0.5 Goals,Over 1.5 Goals,Under 2.5 Goals,Under 3.5 Goals,Yes,Over 0.5 Goals,8/8,betfair_oficial
2026-09-18 17:01,2026-09-18 15:00,SJK,IFK Mariehamn,LIQUIDADO,2 - 1,2,1,SJK,Over 0.5 Goals,Over 1.5 Goals,Over 2.5 Goals,Under 3.5 Goals,Yes,Over 0.5 Goals,8/8,betfair_oficial
2026-09-18 17:01,2026-09-18 15:00,Al Arabi (JOR),Al-Jazeera,LIQUIDADO,0 - 0,0,0,The Draw,Under 0.5 Goals,Under 1.5 Goals,Under 2.5 Goals,Under 3.5 Goals,No,Under 0.5 Goals,8/8,betfair_oficial
2026-09-18 17:01,2026-09-18 15:00,USM Khenchela,ES Ben Aknoun,LIQUIDADO,1 - 1,1,1,The Draw,Over 0.5 Goals,Over 1.5 Goals,Under 2.5 Goals,Under 3.5 Goals,Yes,Under 0.5 Goals,8/8,betfair_oficial
2026-09-18 17:01,2026-09-18 15:00,UTA Arad,ACS Sepsi OSK,LIQUIDADO,1 - 0,1,0,UTA Arad,Over 0.5 Goals,Under 1.5 Goals,Under 2.5 Goals,Under 3.5 Goals,No,Under 0.5 Goals,8/8,betfair_oficial
2026-09-18 17:01,2026-09-18 15:00,JS El Biar,JS Saoura,LIQUIDADO,Any Other Home Win,,,JS El Biar,Over 0.5 Goals,Over 1.5 Goals,Over 2.5 Goals,Over 3.5 Goals,No,Under 0.5 Goals,8/8,betfair_oficial
2026-09-18 17:01,2026-09-18 15:00,FK Aktobe,FK Ulytau Zhezkazgan,LIQUIDADO,2 - 2,2,2,The Draw,Over 0.5 Goals,Over 1.5 Goals,Over 2.5 Goals,Over 3.5 Goals,Yes,Over 0.5 Goals,8/8,betfair_oficial
2026-09-18 17:06,2026-09-18 15:00,JSM Skikda,IRB Nezla,LIQUIDADO,2 - 0,2,0,JSM Skikda,Over 0.5 Goals,Over 1.5 Goals,Under 2.5 Goals,Under 3.5 Goals,No,Under 0.5 Goals,8/8,betfair_oficial
2026-09-18 17:06,2026-09-18 15:00,Usm Annaba,NC Magra,LIQUIDADO,3 - 0,3,0,USM Annaba,Over 0.5 Goals,Over 1.5 Goals,Over 2.5 Goals,Under 3.5 Goals,No,Over 0.5 Goals,8/8,betfair_oficial
2026-09-18 17:11,2026-09-18 15:00,US Chaouia,Beni Oualbane,LIQUIDADO,1 - 1,1,1,The Draw,Over 0.5 Goals,Over 1.5 Goals,Under 2.5 Goals,Under 3.5 Goals,Yes,Over 0.5 Goals,8/8,betfair_oficial
2026-09-18 17:41,2026-09-18 15:45,Qarabag FK,Shafa Baku FC,LIQUIDADO,1 - 0,1,0,Qarabag Fk,Over 0.5 Goals,Under 1.5 Goals,Under 2.5 Goals,Under 3.5 Goals,No,Under 0.5 Goals,8/8,betfair_oficial
2026-09-18 17:51,2026-09-18 16:00,MFK Karvina,H Slavia Kromeriz,LIQUIDADO,3 - 2,3,2,MFK Karvina,Over 0.5 Goals,Over 1.5 Goals,Over 2.5 Goals,Over 3.5 Goals,Yes,Over 0.5 Goals,8/8,betfair_oficial
2026-09-18 17:56,2026-09-18 16:00,SFC Opava,Arsenal Ceska Lipa,LIQUIDADO,2 - 1,2,1,SFC Opava,Over 0.5 Goals,Over 1.5 Goals,Over 2.5 Goals,Under 3.5 Goals,Yes,Over 0.5 Goals,8/8,betfair_oficial
2026-09-18 17:56,2026-09-18 16:00,Prostejov,Dukla Prague,LIQUIDADO,2 - 2,2,2,The Draw,Over 0.5 Goals,Over 1.5 Goals,Over 2.5 Goals,Over 3.5 Goals,Yes,Over 0.5 Goals,8/8,betfair_oficial
2026-09-18 17:56,2026-09-18 16:00,Vysocina Jihlava,Slavia Praha B,LIQUIDADO,3 - 2,3,2,Vysocina Jihlava,Over 0.5 Goals,Over 1.5 Goals,Over 2.5 Goals,Over 3.5 Goals,Yes,Over 0.5 Goals,8/8,betfair_oficial
2026-09-18 17:56,2026-09-18 16:00,Zawisza Bydgoszcz,Gornik Leczna,LIQUIDADO,0 - 0,0,0,The Draw,Under 0.5 Goals,Under 1.5 Goals,Under 2.5 Goals,Under 3.5 Goals,No,Under 0.5 Goals,8/8,betfair_oficial
2026-09-18 17:56,2026-09-18 16:00,Etihad Al Ramtha,Yarmouk,LIQUIDADO,1 - 2,1,2,Yarmouk,Over 0.5 Goals,Over 1.5 Goals,Over 2.5 Goals,Under 3.5 Goals,Yes,Over 0.5 Goals,8/8,betfair_oficial
2026-09-18 17:56,2026-09-18 16:00,Harju JK Laagri,Kuressaare,LIQUIDADO,0 - 0,0,0,The Draw,Under 0.5 Goals,Under 1.5 Goals,Under 2.5 Goals,Under 3.5 Goals,No,Under 0.5 Goals,8/8,betfair_oficial
2026-09-18 18:01,2026-09-18 15:50,Al Taee,Al Bukayriyah,LIQUIDADO,3 - 1,3,1,Al Taee,Over 0.5 Goals,Over 1.5 Goals,Over 2.5 Goals,Over 3.5 Goals,Yes,Under 0.5 Goals,8/8,betfair_oficial
2026-09-18 18:01,2026-09-18 16:00,Warta Poznan,Puszcza Niepolomice,LIQUIDADO,3 - 2,3,2,Warta Poznan,Over 0.5 Goals,Over 1.5 Goals,Over 2.5 Goals,Over 3.5 Goals,Yes,Over 0.5 Goals,8/8,betfair_oficial
2026-09-18 18:01,2026-09-18 16:00,AC Oulu,FC Inter Turku,LIQUIDADO,0 - 1,0,1,FC Inter Turku,Over 0.5 Goals,Under 1.5 Goals,Under 2.5 Goals,Under 3.5 Goals,No,Over 0.5 Goals,8/8,betfair_oficial
2026-09-18 18:01,2026-09-18 16:00,Gnistan,HJK Helsinki,LIQUIDADO,1 - 1,1,1,The Draw,Over 0.5 Goals,Over 1.5 Goals,Under 2.5 Goals,Under 3.5 Goals,Yes,Over 0.5 Goals,8/8,betfair_oficial
2026-09-18 18:06,2026-09-18 16:00,Jerash SC,Sahl Houran,LIQUIDADO,1 - 1,1,1,The Draw,Over 0.5 Goals,Over 1.5 Goals,Under 2.5 Goals,Under 3.5 Goals,Yes,Over 0.5 Goals,8/8,betfair_oficial
2026-09-18 18:16,2026-09-18 16:00,FC Noah,FC Van Yerevan,LIQUIDADO,2 - 0,2,0,FC Noah,Over 0.5 Goals,Over 1.5 Goals,Under 2.5 Goals,Under 3.5 Goals,No,Under 0.5 Goals,8/8,betfair_oficial
2026-09-18 18:21,2026-09-18 16:05,Jeddah Club,Al-Saqer FC,LIQUIDADO,0 - 2,0,2,Al-Saqer FC,Over 0.5 Goals,Over 1.5 Goals,Under 2.5 Goals,Under 3.5 Goals,No,Under 0.5 Goals,8/8,betfair_oficial
2026-09-18 18:26,2026-09-18 16:30,Greuther Furth,FC Magdeburg,LIQUIDADO,1 - 1,1,1,The Draw,Over 0.5 Goals,Over 1.5 Goals,Under 2.5 Goals,Under 3.5 Goals,Yes,Over 0.5 Goals,8/8,betfair_oficial
2026-09-18 18:26,2026-09-18 16:30,FSV Mainz 05 (W),Eintracht Frankfurt (W),LIQUIDADO,2 - 3,2,3,Eintracht Frankfurt (W),Over 0.5 Goals,Over 1.5 Goals,Over 2.5 Goals,Over 3.5 Goals,Yes,Over 0.5 Goals,8/8,betfair_oficial
2026-09-18 18:26,2026-09-18 16:30,Wolfsburg,SV Darmstadt,LIQUIDADO,Any Other Home Win,,,Wolfsburg,Over 0.5 Goals,Over 1.5 Goals,Over 2.5 Goals,Over 3.5 Goals,Yes,Over 0.5 Goals,8/8,betfair_oficial
2026-09-18 18:26,2026-09-18 16:30,Hoffenheim (W),Wolfsburg (W),LIQUIDADO,2 - 1,2,1,Hoffenheim (W),Over 0.5 Goals,Over 1.5 Goals,Over 2.5 Goals,Under 3.5 Goals,Yes,Over 0.5 Goals,8/8,betfair_oficial
2026-09-18 18:31,2026-09-18 16:00,Widzew Lodz,Wieczysta Krakow,LIQUIDADO,2 - 2,2,2,The Draw,Over 0.5 Goals,Over 1.5 Goals,Over 2.5 Goals,Over 3.5 Goals,Yes,Over 0.5 Goals,8/8,betfair_oficial
2026-09-18 18:31,2026-09-18 16:30,Widzew Lodz,Wieczysta Krakow,LIQUIDADO,2 - 2,2,2,The Draw,Over 0.5 Goals,Over 1.5 Goals,Over 2.5 Goals,Over 3.5 Goals,Yes,Over 0.5 Goals,8/8,betfair_oficial
2026-09-18 18:41,2026-09-18 16:30,Vllaznia Shkoder,KS Teuta Durres,LIQUIDADO,0 - 2,0,2,KS Teuta Durres,Over 0.5 Goals,Over 1.5 Goals,Under 2.5 Goals,Under 3.5 Goals,No,Over 0.5 Goals,8/8,betfair_oficial
2026-09-18 18:56,2026-09-18 17:00,Falkenbergs,Ostersunds FK,LIQUIDADO,0 - 0,0,0,The Draw,Under 0.5 Goals,Under 1.5 Goals,Under 2.5 Goals,Under 3.5 Goals,No,Under 0.5 Goals,8/8,betfair_oficial
2026-09-18 18:56,2026-09-18 17:00,Kolding IF,Hillerod Fodbold,LIQUIDADO,1 - 1,1,1,The Draw,Over 0.5 Goals,Over 1.5 Goals,Under 2.5 Goals,Under 3.5 Goals,Yes,Over 0.5 Goals,8/8,betfair_oficial
2026-09-18 18:56,2026-09-18 17:00,FK Buducnost Podgorica,OFK Petrovac,LIQUIDADO,Any Other Home Win,,,FK Buducnost Podgorica,Over 0.5 Goals,Over 1.5 Goals,Over 2.5 Goals,Over 3.5 Goals,Yes,Under 0.5 Goals,8/8,betfair_oficial
2026-09-18 18:56,2026-09-18 17:00,Verl,Wurzburger Kickers,LIQUIDADO,2 - 1,2,1,Verl,Over 0.5 Goals,Over 1.5 Goals,Over 2.5 Goals,Under 3.5 Goals,Yes,Over 0.5 Goals,8/8,betfair_oficial
2026-09-18 18:56,2026-09-18 17:00,Le Havre AC (W),Lyon (W),LIQUIDADO,Any Other Away Win,,,Lyon (W),Over 0.5 Goals,Over 1.5 Goals,Over 2.5 Goals,Over 3.5 Goals,Yes,Over 0.5 Goals,8/8,betfair_oficial
2026-09-18 18:56,2026-09-18 17:00,Sarpsborg,Kfum Oslo,LIQUIDADO,1 - 3,1,3,KFUM Oslo,Over 0.5 Goals,Over 1.5 Goals,Over 2.5 Goals,Over 3.5 Goals,Yes,Over 0.5 Goals,8/8,betfair_oficial
2026-09-18 18:56,2026-09-18 17:00,Kasimpasa,Konyaspor,LIQUIDADO,0 - 0,0,0,The Draw,Under 0.5 Goals,Under 1.5 Goals,Under 2.5 Goals,Under 3.5 Goals,No,Under 0.5 Goals,8/8,betfair_oficial
2026-09-18 19:01,2026-09-18 17:00,KF Gjilani,Prishtina,LIQUIDADO,1 - 2,1,2,Prishtina,Over 0.5 Goals,Over 1.5 Goals,Over 2.5 Goals,Under 3.5 Goals,Yes,Over 0.5 Goals,8/8,betfair_oficial
2026-09-18 19:01,2026-09-18 17:00,Slavia Sofia,CSKA 1948 Sofia,LIQUIDADO,1 - 2,1,2,CSKA 1948 Sofia,Over 0.5 Goals,Over 1.5 Goals,Over 2.5 Goals,Under 3.5 Goals,Yes,Over 0.5 Goals,8/8,betfair_oficial
2026-09-18 19:01,2026-09-18 17:00,Pafos FC,A.E.L.,LIQUIDADO,0 - 2,0,2,A.E.L.,Over 0.5 Goals,Over 1.5 Goals,Under 2.5 Goals,Under 3.5 Goals,No,Under 0.5 Goals,8/8,betfair_oficial
2026-09-18 19:01,2026-09-18 17:00,Strasbourg (W),Paris FC (W),LIQUIDADO,0 - 2,0,2,Paris FC (W),Over 0.5 Goals,Over 1.5 Goals,Under 2.5 Goals,Under 3.5 Goals,No,Over 0.5 Goals,8/8,betfair_oficial
2026-09-18 19:01,2026-09-18 17:00,Omonia 29th May,AEK Larnaca,LIQUIDADO,1 - 2,1,2,AEK Larnaca,Over 0.5 Goals,Over 1.5 Goals,Over 2.5 Goals,Under 3.5 Goals,Yes,Over 0.5 Goals,8/8,betfair_oficial
2026-09-18 19:01,2026-09-18 17:00,Muglaspor,76 Igdir Belediyespor,LIQUIDADO,2 - 2,2,2,The Draw,Over 0.5 Goals,Over 1.5 Goals,Over 2.5 Goals,Over 3.5 Goals,Yes,Over 0.5 Goals,8/8,betfair_oficial
2026-09-18 19:01,2026-09-18 17:00,Lyngby,Silkeborg,LIQUIDADO,Any Other Away Win,,,Silkeborg,Over 0.5 Goals,Over 1.5 Goals,Over 2.5 Goals,Over 3.5 Goals,No,Over 0.5 Goals,8/8,betfair_oficial
2026-09-18 19:26,2026-09-18 17:30,Rapid Vienna,WSG Wattens,LIQUIDADO,3 - 0,3,0,Rapid Vienna,Over 0.5 Goals,Over 1.5 Goals,Over 2.5 Goals,Under 3.5 Goals,No,Over 0.5 Goals,8/8,betfair_oficial
2026-09-18 19:26,2026-09-18 17:30,Kriens,Etoile Carouge,LIQUIDADO,Any Other Home Win,,,Kriens,Over 0.5 Goals,Over 1.5 Goals,Over 2.5 Goals,Over 3.5 Goals,Yes,Over 0.5 Goals,8/8,betfair_oficial
2026-09-18 19:26,2026-09-18 17:30,Puskas Akademia,Honved,LIQUIDADO,3 - 1,3,1,Puskas Akademia,Over 0.5 Goals,Over 1.5 Goals,Over 2.5 Goals,Over 3.5 Goals,Yes,Over 0.5 Goals,8/8,betfair_oficial
2026-09-18 19:26,2026-09-18 17:30,FC Wil,Stade Nyonnais,LIQUIDADO,Any Other Home Win,,,FC Wil,Over 0.5 Goals,Over 1.5 Goals,Over 2.5 Goals,Over 3.5 Goals,No,Over 0.5 Goals,8/8,betfair_oficial
2026-09-18 19:31,2026-09-18 17:30,Neuchatel Xamax,Rapperswil-Jona,LIQUIDADO,0 - 3,0,3,Rapperswil-Jona,Over 0.5 Goals,Over 1.5 Goals,Over 2.5 Goals,Under 3.5 Goals,No,Over 0.5 Goals,8/8,betfair_oficial
2026-09-18 19:31,2026-09-18 17:30,Klaksvikar Itrottarfelag,Skala,LIQUIDADO,2 - 2,2,2,The Draw,Over 0.5 Goals,Over 1.5 Goals,Over 2.5 Goals,Over 3.5 Goals,Yes,Over 0.5 Goals,8/8,betfair_oficial
2026-09-18 19:31,2026-09-18 17:30,B36 Torshavn,NSI Runavik,LIQUIDADO,1 - 2,1,2,NSI Runavik,Over 0.5 Goals,Over 1.5 Goals,Over 2.5 Goals,Under 3.5 Goals,Yes,Over 0.5 Goals,8/8,betfair_oficial
2026-09-18 19:56,2026-09-18 18:00,Laval,Sochaux,LIQUIDADO,1 - 1,1,1,The Draw,Over 0.5 Goals,Over 1.5 Goals,Under 2.5 Goals,Under 3.5 Goals,Yes,Under 0.5 Goals,8/8,betfair_oficial
2026-09-18 19:56,2026-09-18 18:00,Den Bosch,Helmond Sport,LIQUIDADO,2 - 1,2,1,Den Bosch,Over 0.5 Goals,Over 1.5 Goals,Over 2.5 Goals,Under 3.5 Goals,Yes,Over 0.5 Goals,8/8,betfair_oficial
2026-09-18 19:56,2026-09-18 18:00,Reims,Montpellier,LIQUIDADO,1 - 1,1,1,The Draw,Over 0.5 Goals,Over 1.5 Goals,Under 2.5 Goals,Under 3.5 Goals,Yes,Over 0.5 Goals,8/8,betfair_oficial
2026-09-18 19:56,2026-09-18 18:00,FC Groningen,PEC Zwolle,LIQUIDADO,3 - 0,3,0,FC Groningen,Over 0.5 Goals,Over 1.5 Goals,Over 2.5 Goals,Under 3.5 Goals,No,Over 0.5 Goals,8/8,betfair_oficial
2026-09-18 19:56,2026-09-18 18:00,FC Eindhoven,Emmen,LIQUIDADO,3 - 1,3,1,FC Eindhoven,Over 0.5 Goals,Over 1.5 Goals,Over 2.5 Goals,Over 3.5 Goals,Yes,Over 0.5 Goals,8/8,betfair_oficial
2026-09-18 19:56,2026-09-18 18:00,RKC Waalwijk,MVV Maastricht,LIQUIDADO,Any Other Home Win,,,RKC Waalwijk,Over 0.5 Goals,Over 1.5 Goals,Over 2.5 Goals,Over 3.5 Goals,Yes,Over 0.5 Goals,8/8,betfair_oficial
2026-09-18 19:56,2026-09-18 18:00,Jong FC Utrecht,VVV Venlo,LIQUIDADO,1 - 3,1,3,VVV Venlo,Over 0.5 Goals,Over 1.5 Goals,Over 2.5 Goals,Over 3.5 Goals,Yes,Over 0.5 Goals,8/8,betfair_oficial
2026-09-18 19:56,2026-09-18 18:00,Jong AZ Alkmaar,FC Volendam,LIQUIDADO,Any Other Home Win,,,Jong AZ Alkmaar,Over 0.5 Goals,Over 1.5 Goals,Over 2.5 Goals,Over 3.5 Goals,Yes,Over 0.5 Goals,8/8,betfair_oficial
2026-09-18 19:56,2026-09-18 18:00,Zeljeznicar,Celik Zenica,LIQUIDADO,1 - 1,1,1,The Draw,Over 0.5 Goals,Over 1.5 Goals,Under 2.5 Goals,Under 3.5 Goals,Yes,Under 0.5 Goals,8/8,betfair_oficial
2026-09-18 19:56,2026-09-18 18:00,Grenoble,Clermont,LIQUIDADO,1 - 1,1,1,The Draw,Over 0.5 Goals,Over 1.5 Goals,Under 2.5 Goals,Under 3.5 Goals,Yes,Over 0.5 Goals,8/8,betfair_oficial
2026-09-18 19:56,2026-09-18 18:00,Club Brugge B,KAA Gent II,LIQUIDADO,2 - 2,2,2,The Draw,Over 0.5 Goals,Over 1.5 Goals,Over 2.5 Goals,Over 3.5 Goals,Yes,Over 0.5 Goals,8/8,betfair_oficial
2026-09-18 20:01,2026-09-18 18:00,Rodez,Nancy,LIQUIDADO,Any Other Away Win,,,Nancy,Over 0.5 Goals,Over 1.5 Goals,Over 2.5 Goals,Over 3.5 Goals,Yes,Over 0.5 Goals,8/8,betfair_oficial
2026-09-18 20:01,2026-09-18 18:00,MC Alger,MB Rouissat,LIQUIDADO,2 - 0,2,0,MC Alger,Over 0.5 Goals,Over 1.5 Goals,Under 2.5 Goals,Under 3.5 Goals,No,Over 0.5 Goals,8/8,betfair_oficial
2026-09-18 20:01,2026-09-18 18:00,Jong Ajax Amsterdam,Roda JC,LIQUIDADO,0 - 0,0,0,The Draw,Under 0.5 Goals,Under 1.5 Goals,Under 2.5 Goals,Under 3.5 Goals,No,Under 0.5 Goals,8/8,betfair_oficial
2026-09-18 20:01,2026-09-18 18:00,Pau,Dunkerque,LIQUIDADO,2 - 0,2,0,Pau,Over 0.5 Goals,Over 1.5 Goals,Under 2.5 Goals,Under 3.5 Goals,No,Under 0.5 Goals,8/8,betfair_oficial
2026-09-18 20:01,2026-09-18 18:00,Rudes,Slaven Belupo,LIQUIDADO,2 - 2,2,2,The Draw,Over 0.5 Goals,Over 1.5 Goals,Over 2.5 Goals,Over 3.5 Goals,Yes,Under 0.5 Goals,8/8,betfair_oficial
2026-09-18 20:01,2026-09-18 18:00,Almere City,Heracles,LIQUIDADO,1 - 0,1,0,Almere City,Over 0.5 Goals,Under 1.5 Goals,Under 2.5 Goals,Under 3.5 Goals,No,Under 0.5 Goals,8/8,betfair_oficial
2026-09-18 20:01,2026-09-18 18:00,Annecy,Dijon,LIQUIDADO,1 - 2,1,2,Dijon,Over 0.5 Goals,Over 1.5 Goals,Over 2.5 Goals,Under 3.5 Goals,Yes,Over 0.5 Goals,8/8,betfair_oficial
2026-09-18 20:01,2026-09-18 18:00,Rapid Bucharest,Arges Pitesti,LIQUIDADO,3 - 1,3,1,Rapid Bucharest,Over 0.5 Goals,Over 1.5 Goals,Over 2.5 Goals,Over 3.5 Goals,Yes,Over 0.5 Goals,8/8,betfair_oficial
2026-09-18 20:01,2026-09-18 18:00,FC Oss,FC Dordrecht,LIQUIDADO,3 - 0,3,0,FC Oss,Over 0.5 Goals,Over 1.5 Goals,Over 2.5 Goals,Under 3.5 Goals,No,Over 0.5 Goals,8/8,betfair_oficial
2026-09-18 20:06,2026-09-18 18:00,Man City (W),Liverpool (W),LIQUIDADO,Any Other Home Win,,,Man City (W),Over 0.5 Goals,Over 1.5 Goals,Over 2.5 Goals,Over 3.5 Goals,Yes,Over 0.5 Goals,8/8,betfair_oficial
2026-09-18 20:06,2026-09-18 18:00,Francs Borains,Anderlecht B,LIQUIDADO,3 - 2,3,2,Francs Borains,Over 0.5 Goals,Over 1.5 Goals,Over 2.5 Goals,Over 3.5 Goals,Yes,Over 0.5 Goals,8/8,betfair_oficial
2026-09-18 20:11,2026-09-18 18:15,Winterthur,Aarau,LIQUIDADO,2 - 1,2,1,Winterthur,Over 0.5 Goals,Over 1.5 Goals,Over 2.5 Goals,Under 3.5 Goals,Yes,Over 0.5 Goals,8/8,betfair_oficial
2026-09-18 20:26,2026-09-18 18:30,Queens Park,Ayr,LIQUIDADO,0 - 2,0,2,Ayr,Over 0.5 Goals,Over 1.5 Goals,Under 2.5 Goals,Under 3.5 Goals,No,Over 0.5 Goals,8/8,betfair_oficial
2026-09-18 20:26,2026-09-18 18:30,Bayern Munich,Union Berlin,LIQUIDADO,Any Other Home Win,,,Bayern Munich,Over 0.5 Goals,Over 1.5 Goals,Over 2.5 Goals,Over 3.5 Goals,No,Over 0.5 Goals,8/8,betfair_oficial
2026-09-18 20:31,2026-09-18 18:30,Juve Stabia,Cesena,LIQUIDADO,1 - 1,1,1,The Draw,Over 0.5 Goals,Over 1.5 Goals,Under 2.5 Goals,Under 3.5 Goals,Yes,Over 0.5 Goals,8/8,betfair_oficial
2026-09-18 20:31,2026-09-18 18:30,Albacete,Cordoba,LIQUIDADO,1 - 2,1,2,Cordoba,Over 0.5 Goals,Over 1.5 Goals,Over 2.5 Goals,Under 3.5 Goals,Yes,Over 0.5 Goals,8/8,betfair_oficial
2026-09-18 20:31,2026-09-18 18:30,Wisla Krakow,Slask Wroclaw,LIQUIDADO,2 - 1,2,1,Wisla Krakow,Over 0.5 Goals,Over 1.5 Goals,Over 2.5 Goals,Under 3.5 Goals,Yes,Over 0.5 Goals,8/8,betfair_oficial
2026-09-18 20:36,2026-09-18 18:45,Ammanford AFC,Penybont FC,LIQUIDADO,Any Other Away Win,,,Penybont FC,Over 0.5 Goals,Over 1.5 Goals,Over 2.5 Goals,Over 3.5 Goals,Yes,Over 0.5 Goals,8/8,betfair_oficial
2026-09-18 20:36,2026-09-18 18:45,Finn Harps,Longford,LIQUIDADO,0 - 1,0,1,Longford,Over 0.5 Goals,Under 1.5 Goals,Under 2.5 Goals,Under 3.5 Goals,No,Under 0.5 Goals,8/8,betfair_oficial
2026-09-18 20:36,2026-09-18 18:45,Cork City,UCD,LIQUIDADO,Any Other Home Win,,,Cork City,Over 0.5 Goals,Over 1.5 Goals,Over 2.5 Goals,Over 3.5 Goals,Yes,Over 0.5 Goals,8/8,betfair_oficial
2026-09-18 20:36,2026-09-18 18:45,Athlone Town,Kerry FC,LIQUIDADO,3 - 0,3,0,Athlone Town,Over 0.5 Goals,Over 1.5 Goals,Over 2.5 Goals,Under 3.5 Goals,No,Over 0.5 Goals,8/8,betfair_oficial
2026-09-18 20:41,2026-09-18 18:45,Bray Wanderers,Treaty United,LIQUIDADO,2 - 0,2,0,Bray Wanderers,Over 0.5 Goals,Over 1.5 Goals,Under 2.5 Goals,Under 3.5 Goals,No,Under 0.5 Goals,8/8,betfair_oficial
2026-09-18 20:41,2026-09-18 18:45,Wexford F.C,Cobh Ramblers,LIQUIDADO,3 - 1,3,1,Wexford F.C,Over 0.5 Goals,Over 1.5 Goals,Over 2.5 Goals,Over 3.5 Goals,Yes,Over 0.5 Goals,8/8,betfair_oficial
2026-09-18 20:41,2026-09-18 18:45,Derry City,Galway Utd,LIQUIDADO,1 - 0,1,0,Derry City,Over 0.5 Goals,Under 1.5 Goals,Under 2.5 Goals,Under 3.5 Goals,No,Over 0.5 Goals,8/8,betfair_oficial
2026-09-18 20:41,2026-09-18 18:45,Dundalk,Shelbourne,LIQUIDADO,2 - 3,2,3,Shelbourne,Over 0.5 Goals,Over 1.5 Goals,Over 2.5 Goals,Over 3.5 Goals,Yes,Over 0.5 Goals,8/8,betfair_oficial
2026-09-18 20:46,2026-09-18 18:45,Gent,Standard,LIQUIDADO,2 - 1,2,1,Gent,Over 0.5 Goals,Over 1.5 Goals,Over 2.5 Goals,Under 3.5 Goals,Yes,Over 0.5 Goals,8/8,betfair_oficial
2026-09-18 20:46,2026-09-18 18:45,AC Monza,Sassuolo,LIQUIDADO,2 - 1,2,1,AC Monza,Over 0.5 Goals,Over 1.5 Goals,Over 2.5 Goals,Under 3.5 Goals,Yes,Under 0.5 Goals,8/8,betfair_oficial
2026-09-18 20:46,2026-09-18 18:45,Connahs Quay,Cardiff Metropolitan,LIQUIDADO,1 - 0,1,0,Connahs Quay,Over 0.5 Goals,Under 1.5 Goals,Under 2.5 Goals,Under 3.5 Goals,No,Under 0.5 Goals,8/8,betfair_oficial
2026-09-18 20:46,2026-09-18 18:45,Colwyn Bay,Barry Town Utd,LIQUIDADO,Any Other Home Win,,,Colwyn Bay,Over 0.5 Goals,Over 1.5 Goals,Over 2.5 Goals,Over 3.5 Goals,Yes,Over 0.5 Goals,8/8,betfair_oficial
2026-09-18 20:46,2026-09-18 18:45,Yeovil,Solihull Moors,LIQUIDADO,Any Other Home Win,,,Yeovil,Over 0.5 Goals,Over 1.5 Goals,Over 2.5 Goals,Over 3.5 Goals,Yes,Over 0.5 Goals,8/8,betfair_oficial
2026-09-18 20:46,2026-09-18 18:45,Airbus UK Broughton,Flint Town United,LIQUIDADO,Any Other Home Win,,,Airbus Uk Broughton,Over 0.5 Goals,Over 1.5 Goals,Over 2.5 Goals,Over 3.5 Goals,Yes,Over 0.5 Goals,8/8,betfair_oficial
2026-09-18 20:46,2026-09-18 18:45,Monaco,Lens,LIQUIDADO,2 - 1,2,1,Monaco,Over 0.5 Goals,Over 1.5 Goals,Over 2.5 Goals,Under 3.5 Goals,Yes,Over 0.5 Goals,8/8,betfair_oficial
2026-09-18 20:51,2026-09-18 18:45,Polonia Bytom,Ruch Chorzow,LIQUIDADO,0 - 0,0,0,The Draw,Under 0.5 Goals,Under 1.5 Goals,Under 2.5 Goals,Under 3.5 Goals,No,Under 0.5 Goals,8/8,betfair_oficial
2026-09-18 20:56,2026-09-18 19:00,Bristol City,Watford,LIQUIDADO,1 - 0,1,0,Bristol City,Over 0.5 Goals,Under 1.5 Goals,Under 2.5 Goals,Under 3.5 Goals,No,Over 0.5 Goals,8/8,betfair_oficial
2026-09-18 20:56,2026-09-18 19:00,Shamrock Rovers,Waterford,LIQUIDADO,3 - 2,3,2,Shamrock Rovers,Over 0.5 Goals,Over 1.5 Goals,Over 2.5 Goals,Over 3.5 Goals,Yes,Over 0.5 Goals,8/8,betfair_oficial
2026-09-18 20:56,2026-09-18 19:00,Sportivo Trinidense,Guarani (Par),LIQUIDADO,0 - 1,0,1,Guarani (Par),Over 0.5 Goals,Under 1.5 Goals,Under 2.5 Goals,Under 3.5 Goals,No,Under 0.5 Goals,8/8,betfair_oficial
2026-09-18 21:01,2026-09-18 19:00,Paris St-G (W),Nantes FC (W),LIQUIDADO,1 - 0,1,0,Paris St-G (W),Over 0.5 Goals,Under 1.5 Goals,Under 2.5 Goals,Under 3.5 Goals,No,Under 0.5 Goals,8/8,betfair_oficial
2026-09-18 21:01,2026-09-18 19:00,Brentford,Chelsea,LIQUIDADO,3 - 0,3,0,Brentford,Over 0.5 Goals,Over 1.5 Goals,Over 2.5 Goals,Under 3.5 Goals,No,Under 0.5 Goals,8/8,betfair_oficial
2026-09-18 21:01,2026-09-18 19:00,Bohemians,Drogheda,LIQUIDADO,2 - 1,2,1,Bohemians,Over 0.5 Goals,Over 1.5 Goals,Over 2.5 Goals,Under 3.5 Goals,Yes,Over 0.5 Goals,8/8,betfair_oficial
2026-09-18 21:06,2026-09-18 15:00,Mo Bejaia,MO Constantine,LIQUIDADO,0 - 0,0,0,The Draw,Under 0.5 Goals,Under 1.5 Goals,Under 2.5 Goals,Under 3.5 Goals,No,Under 0.5 Goals,8/8,betfair_oficial
2026-09-18 21:06,2026-09-18 19:00,Espanyol,Elche,LIQUIDADO,1 - 3,1,3,Elche,Over 0.5 Goals,Over 1.5 Goals,Over 2.5 Goals,Over 3.5 Goals,Yes,Over 0.5 Goals,8/8,betfair_oficial
2026-09-18 21:31,2026-09-18 19:30,Real Massama,Academica,LIQUIDADO,Any Other Away Win,,,Academica,Over 0.5 Goals,Over 1.5 Goals,Over 2.5 Goals,Over 3.5 Goals,Yes,Over 0.5 Goals,8/8,betfair_oficial
2026-09-18 22:06,2026-09-18 20:00,ASO Chlef,MC Oran,LIQUIDADO,0 - 1,0,1,MC Oran,Over 0.5 Goals,Under 1.5 Goals,Under 2.5 Goals,Under 3.5 Goals,No,Under 0.5 Goals,8/8,betfair_oficial
2026-09-18 22:06,2026-09-18 20:00,Alianza Atletico,Comerciantes Unidos,LIQUIDADO,2 - 1,2,1,Alianza Atletico,Over 0.5 Goals,Over 1.5 Goals,Over 2.5 Goals,Under 3.5 Goals,Yes,Over 0.5 Goals,8/8,betfair_oficial
2026-09-18 23:01,2026-09-18 21:00,Aguilas Doradas,Deportivo Pereira,LIQUIDADO,2 - 2,2,2,The Draw,Over 0.5 Goals,Over 1.5 Goals,Over 2.5 Goals,Over 3.5 Goals,Yes,Over 0.5 Goals,8/8,betfair_oficial
2026-09-18 23:01,2026-09-18 21:00,Platense FC,Lobos UPNFM,LIQUIDADO,0 - 2,0,2,Lobos UPNFM,Over 0.5 Goals,Over 1.5 Goals,Under 2.5 Goals,Under 3.5 Goals,No,Over 0.5 Goals,8/8,betfair_oficial
2026-09-18 23:21,2026-09-18 21:00,Central Cordoba (SdE),Defensa y Justicia,LIQUIDADO,2 - 2,2,2,The Draw,Over 0.5 Goals,Over 1.5 Goals,Over 2.5 Goals,Over 3.5 Goals,Yes,Over 0.5 Goals,8/8,betfair_oficial
2026-09-18 23:31,2026-09-18 21:30,Nacional (Par),Club 2 de Mayo de Pedro Juan Cab,LIQUIDADO,3 - 0,3,0,Nacional (Par),Over 0.5 Goals,Over 1.5 Goals,Over 2.5 Goals,Under 3.5 Goals,No,Over 0.5 Goals,8/8,betfair_oficial
2026-09-19 00:36,2026-09-18 22:30,Vila Nova,America MG,LIQUIDADO,1 - 0,1,0,Vila Nova,Over 0.5 Goals,Under 1.5 Goals,Under 2.5 Goals,Under 3.5 Goals,No,Over 0.5 Goals,8/8,betfair_oficial
2026-09-19 01:06,2026-09-18 23:05,Boyaca Patriotas,Union Magdalena,LIQUIDADO,1 - 2,1,2,Union Magdalena,Over 0.5 Goals,Over 1.5 Goals,Over 2.5 Goals,Under 3.5 Goals,Yes,Over 0.5 Goals,8/8,betfair_oficial
2026-09-19 01:16,2026-09-18 23:00,Club Independiente Petrol,San Antonio Bulo Bulo,LIQUIDADO,1 - 3,1,3,San Antonio Bulo Bulo,Over 0.5 Goals,Over 1.5 Goals,Over 2.5 Goals,Over 3.5 Goals,Yes,Over 0.5 Goals,8/8,betfair_oficial
2026-09-19 01:41,2026-09-18 23:30,New York City,New York Red Bulls,LIQUIDADO,0 - 1,0,1,New York Red Bulls,Over 0.5 Goals,Under 1.5 Goals,Under 2.5 Goals,Under 3.5 Goals,No,Under 0.5 Goals,8/8,betfair_oficial
2026-09-19 01:41,2026-09-18 23:30,Ceara SC Fortaleza,Novorizontino,LIQUIDADO,2 - 1,2,1,Ceara SC Fortaleza,Over 0.5 Goals,Over 1.5 Goals,Over 2.5 Goals,Under 3.5 Goals,Yes,Over 0.5 Goals,8/8,betfair_oficial
2026-09-19 03:01,2026-09-19 00:00,CD Inca,Fuerte San Francisco,LIQUIDADO,2 - 1,2,1,CD Inca,Over 0.5 Goals,Over 1.5 Goals,Over 2.5 Goals,Under 3.5 Goals,Yes,Over 0.5 Goals,8/8,betfair_oficial
2026-09-19 03:01,2026-09-19 00:00,Sao Bernardo,Atletico GO,LIQUIDADO,1 - 0,1,0,Sao Bernardo,Over 0.5 Goals,Under 1.5 Goals,Under 2.5 Goals,Under 3.5 Goals,No,Under 0.5 Goals,8/8,betfair_oficial
2026-09-19 03:01,2026-09-19 00:15,Racing Club,Sarmiento de Junin,LIQUIDADO,3 - 1,3,1,Racing Club,Over 0.5 Goals,Over 1.5 Goals,Over 2.5 Goals,Over 3.5 Goals,Yes,Over 0.5 Goals,8/8,betfair_oficial
2026-09-19 03:01,2026-09-19 00:30,Aucas,Macara,LIQUIDADO,1 - 2,1,2,Macara,Over 0.5 Goals,Over 1.5 Goals,Over 2.5 Goals,Under 3.5 Goals,Yes,Over 0.5 Goals,8/8,betfair_oficial
2026-09-19 03:01,2026-09-19 01:00,CD Tepatitlan De Morelos,Mineros de Zacatecas,LIQUIDADO,0 - 1,0,1,Mineros de Zacatecas,Over 0.5 Goals,Under 1.5 Goals,Under 2.5 Goals,Under 3.5 Goals,No,Under 0.5 Goals,8/8,betfair_oficial
2026-09-19 03:06,2026-09-19 01:00,Alianza Lima,Asociacion Deportiva Tarma,LIQUIDADO,2 - 0,2,0,Alianza Lima,Over 0.5 Goals,Over 1.5 Goals,Under 2.5 Goals,Under 3.5 Goals,No,Over 0.5 Goals,8/8,betfair_oficial
2026-09-19 03:06,2026-09-19 01:00,Puebla,Atlante,LIQUIDADO,1 - 1,1,1,The Draw,Over 0.5 Goals,Over 1.5 Goals,Under 2.5 Goals,Under 3.5 Goals,Yes,Over 0.5 Goals,8/8,betfair_oficial
2026-09-19 03:11,2026-09-19 01:00,Piratas FC,Venados FC,LIQUIDADO,2 - 1,2,1,Piratas FC,Over 0.5 Goals,Over 1.5 Goals,Over 2.5 Goals,Under 3.5 Goals,Yes,Over 0.5 Goals,8/8,betfair_oficial
2026-09-19 03:31,2026-09-19 01:30,CD Choloma,Estrella Roja,LIQUIDADO,2 - 0,2,0,CD Choloma,Over 0.5 Goals,Over 1.5 Goals,Under 2.5 Goals,Under 3.5 Goals,No,Under 0.5 Goals,8/8,betfair_oficial
2026-09-19 03:31,2026-09-19 01:30,San Francisco FC,Arabe Unido,LIQUIDADO,1 - 2,1,2,Arabe Unido,Over 0.5 Goals,Over 1.5 Goals,Over 2.5 Goals,Under 3.5 Goals,Yes,Over 0.5 Goals,8/8,betfair_oficial
2026-09-19 04:01,2026-09-19 02:00,Municipal Perez Zeledon,Sporting San Jose FC,LIQUIDADO,1 - 2,1,2,Sporting San Jose FC,Over 0.5 Goals,Over 1.5 Goals,Over 2.5 Goals,Under 3.5 Goals,Yes,Over 0.5 Goals,8/8,betfair_oficial
2026-09-19 04:06,2026-09-19 02:00,Comunicaciones,Guastatoya,LIQUIDADO,1 - 2,1,2,Guastatoya,Over 0.5 Goals,Over 1.5 Goals,Over 2.5 Goals,Under 3.5 Goals,Yes,Under 0.5 Goals,8/8,betfair_oficial
2026-09-19 04:11,2026-09-19 02:00,San Diego Wave FC (W),Kansas City (W),LIQUIDADO,2 - 0,2,0,San Diego Wave FC (W),Over 0.5 Goals,Over 1.5 Goals,Under 2.5 Goals,Under 3.5 Goals,No,Under 0.5 Goals,8/8,betfair_oficial
2026-09-19 05:06,2026-09-19 03:00,FC Juarez,Tigres,LIQUIDADO,2 - 0,2,0,FC Juarez,Over 0.5 Goals,Over 1.5 Goals,Under 2.5 Goals,Under 3.5 Goals,No,Under 0.5 Goals,8/8,betfair_oficial
2026-09-19 05:06,2026-09-19 03:00,Club Atletico La Paz,Correcaminos UAT,LIQUIDADO,3 - 1,3,1,Club Atletico La Paz,Over 0.5 Goals,Over 1.5 Goals,Over 2.5 Goals,Over 3.5 Goals,Yes,Over 0.5 Goals,8/8,betfair_oficial
2026-09-19 06:16,2026-09-18 21:00,Ad Carmelita,Uruguay de Coronado,LIQUIDADO,Any Other Home Win,,,AD Carmelita,Over 0.5 Goals,Over 1.5 Goals,Over 2.5 Goals,Over 3.5 Goals,No,Over 0.5 Goals,8/8,betfair_oficial
2026-09-19 06:16,2026-09-18 22:15,Ad Carmelita,Uruguay de Coronado,LIQUIDADO,Any Other Home Win,,,AD Carmelita,Over 0.5 Goals,Over 1.5 Goals,Over 2.5 Goals,Over 3.5 Goals,No,Over 0.5 Goals,8/8,betfair_oficial
2026-09-19 06:16,2026-09-18 23:15,Ad Carmelita,Uruguay de Coronado,LIQUIDADO,Any Other Home Win,,,AD Carmelita,Over 0.5 Goals,Over 1.5 Goals,Over 2.5 Goals,Over 3.5 Goals,No,Over 0.5 Goals,8/8,betfair_oficial
2026-09-19 07:02,2026-09-19 05:00,Sapporo,Oita,LIQUIDADO,1 - 1,1,1,The Draw,Over 0.5 Goals,Over 1.5 Goals,Under 2.5 Goals,Under 3.5 Goals,Yes,Under 0.5 Goals,8/8,betfair_oficial
2026-09-19 09:27,2026-09-19 07:30,Bucheon FC 1995,Gimcheon Sangmu,LIQUIDADO,0 - 2,0,2,Gimcheon Sangmu,Over 0.5 Goals,Over 1.5 Goals,Under 2.5 Goals,Under 3.5 Goals,No,Under 0.5 Goals,8/8,betfair_oficial
2026-09-19 09:32,2026-09-19 07:30,Chungnam Asan,Cheonan City,LIQUIDADO,3 - 1,3,1,Chungnam Asan,Over 0.5 Goals,Over 1.5 Goals,Over 2.5 Goals,Over 3.5 Goals,Yes,Over 0.5 Goals,8/8,betfair_oficial
2026-09-19 09:32,2026-09-19 07:30,Jeonnam Dragons,Suwon FC,LIQUIDADO,0 - 3,0,3,Suwon FC,Over 0.5 Goals,Over 1.5 Goals,Over 2.5 Goals,Under 3.5 Goals,No,Over 0.5 Goals,8/8,betfair_oficial
2026-09-19 09:57,2026-09-19 08:00,CSL Stefanestii de Jos,FC Metaloglobus Bucuresti,LIQUIDADO,0 - 1,0,1,FC Metaloglobus Bucuresti,Over 0.5 Goals,Under 1.5 Goals,Under 2.5 Goals,Under 3.5 Goals,No,Over 0.5 Goals,8/8,betfair_oficial
2026-09-19 09:57,2026-09-19 08:00,CSA Steaua Bucuresti,CS Gloria 2018 Bistrita-Na,LIQUIDADO,2 - 1,2,1,CSA Steaua Bucuresti,Over 0.5 Goals,Over 1.5 Goals,Over 2.5 Goals,Under 3.5 Goals,Yes,Over 0.5 Goals,8/8,betfair_oficial
2026-09-19 09:57,2026-09-19 08:00,CSM Satu Mare,CS Afumati,LIQUIDADO,0 - 2,0,2,CS Afumati,Over 0.5 Goals,Over 1.5 Goals,Under 2.5 Goals,Under 3.5 Goals,No,Under 0.5 Goals,8/8,betfair_oficial
2026-09-19 09:57,2026-09-19 08:00,ACS Fotbal Club Bacau,ACSM Cetatea 1932 Suceava,LIQUIDADO,2 - 2,2,2,The Draw,Over 0.5 Goals,Over 1.5 Goals,Over 2.5 Goals,Over 3.5 Goals,Yes,Over 0.5 Goals,8/8,betfair_oficial
2026-09-19 09:57,2026-09-19 08:00,Dalian Yingbo II,Guangzhou Alpha,LIQUIDADO,1 - 0,1,0,Dalian Yingbo II,Over 0.5 Goals,Under 1.5 Goals,Under 2.5 Goals,Under 3.5 Goals,No,Over 0.5 Goals,8/8,betfair_oficial
2026-09-19 10:02,2026-09-19 08:00,Xian Chongde Ronghai,Guizhou Zhucheng Athletic,LIQUIDADO,1 - 0,1,0,Xian Chongde Ronghai,Over 0.5 Goals,Under 1.5 Goals,Under 2.5 Goals,Under 3.5 Goals,No,Under 0.5 Goals,8/8,betfair_oficial
2026-09-19 10:02,2026-09-19 08:00,Unirea Slobozia,Chindia Targoviste,LIQUIDADO,0 - 1,0,1,Chindia Targoviste,Over 0.5 Goals,Under 1.5 Goals,Under 2.5 Goals,Under 3.5 Goals,No,Under 0.5 Goals,8/8,betfair_oficial
2026-09-19 10:02,2026-09-19 08:00,Shatin SA,Lee Man Warriors,LIQUIDADO,0 - 1,0,1,Lee Man Warriors,Over 0.5 Goals,Under 1.5 Goals,Under 2.5 Goals,Under 3.5 Goals,No,Under 0.5 Goals,8/8,betfair_oficial
2026-09-19 10:02,2026-09-19 08:00,CSM Slatina,CSC 1599 Selimbar,LIQUIDADO,2 - 1,2,1,Csm Slatina,Over 0.5 Goals,Over 1.5 Goals,Over 2.5 Goals,Under 3.5 Goals,Yes,Over 0.5 Goals,8/8,betfair_oficial
2026-09-19 10:02,2026-09-19 08:00,Shanghai Second,Hubei Istar,LIQUIDADO,0 - 0,0,0,The Draw,Under 0.5 Goals,Under 1.5 Goals,Under 2.5 Goals,Under 3.5 Goals,No,Under 0.5 Goals,8/8,betfair_oficial
2026-09-19 10:02,2026-09-19 08:00,Concordia Chiajna,Metalul Buzau,LIQUIDADO,0 - 1,0,1,Metalul Buzau,Over 0.5 Goals,Under 1.5 Goals,Under 2.5 Goals,Under 3.5 Goals,No,Under 0.5 Goals,8/8,betfair_oficial
2026-09-19 10:02,2026-09-19 08:00,Kowloon City FC,Hong Kong FC,LIQUIDADO,Any Other Home Win,,,Kowloon City FC,Over 0.5 Goals,Over 1.5 Goals,Over 2.5 Goals,Over 3.5 Goals,Yes,Over 0.5 Goals,8/8,betfair_oficial
2026-09-19 10:27,2026-09-19 08:30,PSM Makassar,Persita Tangerang,LIQUIDADO,2 - 2,2,2,The Draw,Over 0.5 Goals,Over 1.5 Goals,Over 2.5 Goals,Over 3.5 Goals,Yes,Over 0.5 Goals,8/8,betfair_oficial
2026-09-19 10:32,2026-09-19 08:30,PSPS Pekanbaru,Persiraja Banda Aceh,LIQUIDADO,2 - 1,2,1,PSPS Pekanbaru,Over 0.5 Goals,Over 1.5 Goals,Over 2.5 Goals,Under 3.5 Goals,Yes,Over 0.5 Goals,8/8,betfair_oficial
2026-09-19 10:37,2026-09-19 08:30,Persebaya Surabaya,Garudayaksa FC,LIQUIDADO,1 - 1,1,1,The Draw,Over 0.5 Goals,Over 1.5 Goals,Under 2.5 Goals,Under 3.5 Goals,Yes,Under 0.5 Goals,8/8,betfair_oficial
2026-09-19 10:37,2026-09-19 08:30,De Red FC,RANS Nusantara FC,LIQUIDADO,3 - 3,3,3,The Draw,Over 0.5 Goals,Over 1.5 Goals,Over 2.5 Goals,Over 3.5 Goals,Yes,Over 0.5 Goals,8/8,betfair_oficial
2026-09-19 10:57,2026-09-19 09:00,J-Lease,Verspah Oita,LIQUIDADO,1 - 2,1,2,Verspah Oita,Over 0.5 Goals,Over 1.5 Goals,Over 2.5 Goals,Under 3.5 Goals,Yes,Over 0.5 Goals,8/8,betfair_oficial
2026-09-19 10:57,2026-09-19 09:00,ReinMeer Aomori,Honda FC,LIQUIDADO,2 - 0,2,0,ReinMeer Aomori,Over 0.5 Goals,Over 1.5 Goals,Under 2.5 Goals,Under 3.5 Goals,No,Over 0.5 Goals,8/8,betfair_oficial
2026-09-19 10:57,2026-09-19 09:00,Dalian Kewei,Shenzhen 2028,LIQUIDADO,0 - 0,0,0,The Draw,Under 0.5 Goals,Under 1.5 Goals,Under 2.5 Goals,Under 3.5 Goals,No,Under 0.5 Goals,8/8,betfair_oficial
2026-09-19 11:02,2026-09-19 09:00,Dong Tam Long An,Bac Ninh FC,LIQUIDADO,2 - 3,2,3,Bac Ninh FC,Over 0.5 Goals,Over 1.5 Goals,Over 2.5 Goals,Over 3.5 Goals,Yes,Over 0.5 Goals,8/8,betfair_oficial
2026-09-19 11:02,2026-09-19 09:00,Veertien Kuwana,Yokogawa Musashino,LIQUIDADO,3 - 0,3,0,Veertien Kuwana,Over 0.5 Goals,Over 1.5 Goals,Over 2.5 Goals,Under 3.5 Goals,No,Over 0.5 Goals,8/8,betfair_oficial
2026-09-19 11:02,2026-09-19 09:00,Azul Claro Numazu,Criacao Shinjuku,LIQUIDADO,0 - 0,0,0,The Draw,Under 0.5 Goals,Under 1.5 Goals,Under 2.5 Goals,Under 3.5 Goals,No,Under 0.5 Goals,8/8,betfair_oficial
2026-09-19 11:07,2026-09-19 09:00,Arambagh,Bashundhara Kings,LIQUIDADO,1 - 1,1,1,The Draw,Over 0.5 Goals,Over 1.5 Goals,Under 2.5 Goals,Under 3.5 Goals,Yes,Over 0.5 Goals,8/8,betfair_oficial
2026-09-19 11:12,2026-09-19 09:00,Kawasaki,Kashima,LIQUIDADO,3 - 3,3,3,The Draw,Over 0.5 Goals,Over 1.5 Goals,Over 2.5 Goals,Over 3.5 Goals,Yes,Over 0.5 Goals,8/8,betfair_oficial
2026-09-19 11:17,2026-09-19 09:00,Fukuoka,Hiroshima,LIQUIDADO,0 - 1,0,1,Hiroshima,Over 0.5 Goals,Under 1.5 Goals,Under 2.5 Goals,Under 3.5 Goals,No,Under 0.5 Goals,8/8,betfair_oficial
2026-09-19 11:32,2026-09-19 09:30,Ehime,Kamatamare Sanuki,LIQUIDADO,2 - 1,2,1,Ehime,Over 0.5 Goals,Over 1.5 Goals,Over 2.5 Goals,Under 3.5 Goals,Yes,Over 0.5 Goals,8/8,betfair_oficial
2026-09-19 11:32,2026-09-19 09:30,Nagasaki,Cerezo Osaka,LIQUIDADO,1 - 1,1,1,The Draw,Over 0.5 Goals,Over 1.5 Goals,Under 2.5 Goals,Under 3.5 Goals,Yes,Over 0.5 Goals,8/8,betfair_oficial
2026-09-19 11:32,2026-09-19 09:30,Urawa,Tokyo-V,LIQUIDADO,3 - 1,3,1,Urawa,Over 0.5 Goals,Over 1.5 Goals,Over 2.5 Goals,Over 3.5 Goals,Yes,Over 0.5 Goals,8/8,betfair_oficial
2026-09-19 11:32,2026-09-19 09:30,Gloria Popesti-Leordeni,Politehnica Timisoara,LIQUIDADO,Any Other Away Win,,,Politehnica Timisoara,Over 0.5 Goals,Over 1.5 Goals,Over 2.5 Goals,Over 3.5 Goals,Yes,Over 0.5 Goals,8/8,betfair_oficial
2026-09-19 11:32,2026-09-19 09:30,Fujieda Myfc,Omiya,LIQUIDADO,1 - 1,1,1,The Draw,Over 0.5 Goals,Over 1.5 Goals,Under 2.5 Goals,Under 3.5 Goals,Yes,Over 0.5 Goals,8/8,betfair_oficial
2026-09-19 11:37,2026-09-19 09:30,Coal India,SC East Bengal (Res),LIQUIDADO,Any Other Away Win,,,SC East Bengal (Res),Over 0.5 Goals,Over 1.5 Goals,Over 2.5 Goals,Over 3.5 Goals,No,Over 0.5 Goals,8/8,betfair_oficial
2026-09-19 11:37,2026-09-19 09:30,Shimizu,Jef Utd Chiba,LIQUIDADO,2 - 1,2,1,Shimizu,Over 0.5 Goals,Over 1.5 Goals,Over 2.5 Goals,Under 3.5 Goals,Yes,Over 0.5 Goals,8/8,betfair_oficial
2026-09-19 11:42,2026-09-19 09:30,Bhawanipore FC,United SC,LIQUIDADO,0 - 0,0,0,The Draw,Under 0.5 Goals,Under 1.5 Goals,Under 2.5 Goals,Under 3.5 Goals,No,Under 0.5 Goals,8/8,betfair_oficial
2026-09-19 11:52,2026-09-19 09:30,MLS FC,Mizoram Police,LIQUIDADO,0 - 1,0,1,Mizoram Police,Over 0.5 Goals,Under 1.5 Goals,Under 2.5 Goals,Under 3.5 Goals,No,Under 0.5 Goals,8/8,betfair_oficial
2026-09-19 11:57,2026-09-19 10:00,Gimpo Citizen,Busan IPark,LIQUIDADO,1 - 0,1,0,Gimpo Citizen,Over 0.5 Goals,Under 1.5 Goals,Under 2.5 Goals,Under 3.5 Goals,No,Over 0.5 Goals,8/8,betfair_oficial
2026-09-19 11:57,2026-09-19 10:00,FC Legia Warsaw II,NKP Podhale Nowy Targ,LIQUIDADO,3 - 0,3,0,FC Legia Warsaw II,Over 0.5 Goals,Over 1.5 Goals,Over 2.5 Goals,Under 3.5 Goals,No,Over 0.5 Goals,8/8,betfair_oficial
2026-09-19 11:57,2026-09-19 10:00,Sanna Khanh Hoa,Dai Hoc Van Hien,LIQUIDADO,1 - 1,1,1,The Draw,Over 0.5 Goals,Over 1.5 Goals,Under 2.5 Goals,Under 3.5 Goals,Yes,Over 0.5 Goals,8/8,betfair_oficial
2026-09-19 12:02,2026-09-19 10:00,Tosu,Iwaki SC,LIQUIDADO,1 - 3,1,3,Iwaki SC,Over 0.5 Goals,Over 1.5 Goals,Over 2.5 Goals,Over 3.5 Goals,Yes,Under 0.5 Goals,8/8,betfair_oficial
2026-09-19 12:02,2026-09-19 10:00,Yokohama FC,FC Imabari,LIQUIDADO,2 - 1,2,1,Yokohama FC,Over 0.5 Goals,Over 1.5 Goals,Over 2.5 Goals,Under 3.5 Goals,Yes,Over 0.5 Goals,8/8,betfair_oficial
2026-09-19 12:02,2026-09-19 10:00,Thespakusatsu Gunma,Kochi United,LIQUIDADO,1 - 0,1,0,Thespakusatsu Gunma,Over 0.5 Goals,Under 1.5 Goals,Under 2.5 Goals,Under 3.5 Goals,No,Under 0.5 Goals,8/8,betfair_oficial
2026-09-19 12:02,2026-09-19 10:00,Yamagata,Toyama,LIQUIDADO,0 - 2,0,2,Toyama,Over 0.5 Goals,Over 1.5 Goals,Under 2.5 Goals,Under 3.5 Goals,No,Under 0.5 Goals,8/8,betfair_oficial
2026-09-19 12:02,2026-09-19 10:00,FC Anyang,Ulsan Hyundai Horang-i,LIQUIDADO,2 - 1,2,1,FC Anyang,Over 0.5 Goals,Over 1.5 Goals,Over 2.5 Goals,Under 3.5 Goals,Yes,Over 0.5 Goals,8/8,betfair_oficial
2026-09-19 12:02,2026-09-19 10:00,Tottori,Nara Club,LIQUIDADO,2 - 3,2,3,Nara Club,Over 0.5 Goals,Over 1.5 Goals,Over 2.5 Goals,Over 3.5 Goals,Yes,Over 0.5 Goals,8/8,betfair_oficial
2026-09-19 12:02,2026-09-19 10:00,FC Tokyo,Nagoya,LIQUIDADO,1 - 0,1,0,FC Tokyo,Over 0.5 Goals,Under 1.5 Goals,Under 2.5 Goals,Under 3.5 Goals,No,Under 0.5 Goals,8/8,betfair_oficial
2026-09-19 12:02,2026-09-19 10:00,Shonan,Blaublitz Akita,LIQUIDADO,1 - 1,1,1,The Draw,Over 0.5 Goals,Over 1.5 Goals,Under 2.5 Goals,Under 3.5 Goals,Yes,Over 0.5 Goals,8/8,betfair_oficial
2026-09-19 12:07,2026-09-19 10:00,Okayama,Kyoto,LIQUIDADO,1 - 2,1,2,Kyoto,Over 0.5 Goals,Over 1.5 Goals,Over 2.5 Goals,Under 3.5 Goals,Yes,Over 0.5 Goals,8/8,betfair_oficial
2026-09-19 12:07,2026-09-19 10:00,Kofu,Tokushima,LIQUIDADO,0 - 1,0,1,Tokushima,Over 0.5 Goals,Under 1.5 Goals,Under 2.5 Goals,Under 3.5 Goals,No,Under 0.5 Goals,8/8,betfair_oficial
2026-09-19 12:07,2026-09-19 10:00,Albirex Niigata,Iwata,LIQUIDADO,2 - 1,2,1,Albirex Niigata,Over 0.5 Goals,Over 1.5 Goals,Over 2.5 Goals,Under 3.5 Goals,Yes,Over 0.5 Goals,8/8,betfair_oficial
2026-09-19 12:07,2026-09-19 10:00,Kagoshima Utd,Tochigi SC,LIQUIDADO,3 - 1,3,1,Kagoshima Utd,Over 0.5 Goals,Over 1.5 Goals,Over 2.5 Goals,Over 3.5 Goals,Yes,Over 0.5 Goals,8/8,betfair_oficial
2026-09-19 12:12,2026-09-19 10:00,Seoul E-Land FC,Daegu Fc,LIQUIDADO,2 - 1,2,1,Seoul E-Land FC,Over 0.5 Goals,Over 1.5 Goals,Over 2.5 Goals,Under 3.5 Goals,Yes,Over 0.5 Goals,8/8,betfair_oficial
2026-09-19 12:22,2026-09-19 08:30,Psgc Ciamis,Sumset United,LIQUIDADO,2 - 0,2,0,PSGC Ciamis,Over 0.5 Goals,Over 1.5 Goals,Under 2.5 Goals,Under 3.5 Goals,No,Over 0.5 Goals,8/8,betfair_oficial
2026-09-19 12:27,2026-09-19 10:30,Lechia Gdansk,Stal Mielec,LIQUIDADO,Any Other Home Win,,,Lechia Gdansk,Over 0.5 Goals,Over 1.5 Goals,Over 2.5 Goals,Over 3.5 Goals,Yes,Over 0.5 Goals,8/8,betfair_oficial
2026-09-19 12:32,2026-09-19 10:00,Fc Kharkiv,FC Bukovyna,LIQUIDADO,2 - 0,2,0,FC Kharkiv,Over 0.5 Goals,Over 1.5 Goals,Under 2.5 Goals,Under 3.5 Goals,No,Under 0.5 Goals,8/8,betfair_oficial
2026-09-19 12:32,2026-09-19 10:30,Yokohama FM,Mito,LIQUIDADO,2 - 0,2,0,Yokohama FM,Over 0.5 Goals,Over 1.5 Goals,Under 2.5 Goals,Under 3.5 Goals,No,Over 0.5 Goals,8/8,betfair_oficial
2026-09-19 12:47,2026-09-19 11:00,Ulinzi Stars,Tusker FC,LIQUIDADO,,,,,,,,,,,8/8,betfair_oficial
2026-09-19 12:52,2026-09-19 11:00,Mjondalen,Sotra SK,LIQUIDADO,3 - 1,3,1,Mjondalen,Over 0.5 Goals,Over 1.5 Goals,Over 2.5 Goals,Over 3.5 Goals,Yes,Over 0.5 Goals,8/8,betfair_oficial
2026-09-19 12:57,2026-09-19 11:00,Liepajas Metalurgs,BFC Daugavpils,LIQUIDADO,0 - 0,0,0,The Draw,Under 0.5 Goals,Under 1.5 Goals,Under 2.5 Goals,Under 3.5 Goals,No,Under 0.5 Goals,8/8,betfair_oficial
2026-09-19 12:57,2026-09-19 11:00,Karlsruhe,Nurnberg,LIQUIDADO,0 - 1,0,1,Nurnberg,Over 0.5 Goals,Under 1.5 Goals,Under 2.5 Goals,Under 3.5 Goals,No,Over 0.5 Goals,8/8,betfair_oficial
2026-09-19 12:57,2026-09-19 11:00,United IK Nordic,Landskrona,LIQUIDADO,Any Other Away Win,,,Landskrona,Over 0.5 Goals,Over 1.5 Goals,Over 2.5 Goals,Over 3.5 Goals,Yes,Over 0.5 Goals,8/8,betfair_oficial
2026-09-19 12:57,2026-09-19 11:00,Rasi Salai United FC,Lamphun Warrior,LIQUIDADO,1 - 1,1,1,The Draw,Over 0.5 Goals,Over 1.5 Goals,Under 2.5 Goals,Under 3.5 Goals,Yes,Over 0.5 Goals,8/8,betfair_oficial
2026-09-19 12:57,2026-09-19 11:00,Tiffy Army FC,Nagaworld FC,LIQUIDADO,Any Other Away Win,,,Nagaworld FC,Over 0.5 Goals,Over 1.5 Goals,Over 2.5 Goals,Over 3.5 Goals,Yes,Over 0.5 Goals,8/8,betfair_oficial
2026-09-19 12:57,2026-09-19 11:00,Holstein Kiel,VfL Osnabruck,LIQUIDADO,1 - 1,1,1,The Draw,Over 0.5 Goals,Over 1.5 Goals,Under 2.5 Goals,Under 3.5 Goals,Yes,Over 0.5 Goals,8/8,betfair_oficial
2026-09-19 12:57,2026-09-19 11:00,Shenzhen Juniors FC,Changchun Yatai,LIQUIDADO,1 - 1,1,1,The Draw,Over 0.5 Goals,Over 1.5 Goals,Under 2.5 Goals,Under 3.5 Goals,Yes,Under 0.5 Goals,8/8,betfair_oficial
2026-09-19 12:57,2026-09-19 11:00,Shaanxi Union FC,Suzhou Dongwu,LIQUIDADO,2 - 2,2,2,The Draw,Over 0.5 Goals,Over 1.5 Goals,Over 2.5 Goals,Over 3.5 Goals,Yes,Over 0.5 Goals,8/8,betfair_oficial
2026-09-19 12:57,2026-09-19 11:00,Osters,Norrkoping,LIQUIDADO,1 - 3,1,3,Norrkoping,Over 0.5 Goals,Over 1.5 Goals,Over 2.5 Goals,Over 3.5 Goals,Yes,Over 0.5 Goals,8/8,betfair_oficial
2026-09-19 13:02,2026-09-19 11:00,Khonkaen,Police Tero,LIQUIDADO,2 - 0,2,0,Khonkaen,Over 0.5 Goals,Over 1.5 Goals,Under 2.5 Goals,Under 3.5 Goals,No,Over 0.5 Goals,8/8,betfair_oficial
2026-09-19 13:02,2026-09-19 11:00,Dunav Ruse,Botev Vratsa,LIQUIDADO,2 - 2,2,2,The Draw,Over 0.5 Goals,Over 1.5 Goals,Over 2.5 Goals,Over 3.5 Goals,Yes,Over 0.5 Goals,8/8,betfair_oficial
2026-09-19 13:02,2026-09-19 11:00,Ganzhou Ruishi FC,Qingdao Red Lions,LIQUIDADO,2 - 1,2,1,Ganzhou Ruishi FC,Over 0.5 Goals,Over 1.5 Goals,Over 2.5 Goals,Under 3.5 Goals,Yes,Over 0.5 Goals,8/8,betfair_oficial
2026-09-19 13:02,2026-09-19 11:00,Kaiserslautern,Braunschweig,LIQUIDADO,1 - 0,1,0,Kaiserslautern,Over 0.5 Goals,Under 1.5 Goals,Under 2.5 Goals,Under 3.5 Goals,No,Under 0.5 Goals,8/8,betfair_oficial
2026-09-19 13:07,2026-09-19 11:00,Boeung Ket,Visakha FC,LIQUIDADO,1 - 2,1,2,Visakha FC,Over 0.5 Goals,Over 1.5 Goals,Over 2.5 Goals,Under 3.5 Goals,Yes,Over 0.5 Goals,8/8,betfair_oficial
2026-09-19 13:12,2026-09-19 11:15,FK Banga Gargzdu,FC Dziugas,LIQUIDADO,2 - 0,2,0,FK Banga Gargzdu,Over 0.5 Goals,Over 1.5 Goals,Under 2.5 Goals,Under 3.5 Goals,No,Under 0.5 Goals,8/8,betfair_oficial
2026-09-19 13:27,2026-09-19 11:30,Stoke,Sheff Utd,LIQUIDADO,2 - 1,2,1,Stoke,Over 0.5 Goals,Over 1.5 Goals,Over 2.5 Goals,Under 3.5 Goals,Yes,Under 0.5 Goals,8/8,betfair_oficial
2026-09-19 13:27,2026-09-19 11:30,Muangthong Utd,JL Chiangmai United,LIQUIDADO,1 - 0,1,0,Muangthong Utd,Over 0.5 Goals,Under 1.5 Goals,Under 2.5 Goals,Under 3.5 Goals,No,Over 0.5 Goals,8/8,betfair_oficial
2026-09-19 13:27,2026-09-19 11:30,Nanjing City,Wuxi Wugou,LIQUIDADO,0 - 3,0,3,Wuxi Wugou,Over 0.5 Goals,Over 1.5 Goals,Over 2.5 Goals,Under 3.5 Goals,No,Over 0.5 Goals,8/8,betfair_oficial
2026-09-19 13:27,2026-09-19 11:30,Xiamen Feilu,Beijing Tech FC,LIQUIDADO,3 - 0,3,0,Xiamen Feilu,Over 0.5 Goals,Over 1.5 Goals,Over 2.5 Goals,Under 3.5 Goals,No,Over 0.5 Goals,8/8,betfair_oficial
2026-09-19 13:27,2026-09-19 11:30,Burton Albion,Mansfield,LIQUIDADO,2 - 2,2,2,The Draw,Over 0.5 Goals,Over 1.5 Goals,Over 2.5 Goals,Over 3.5 Goals,Yes,Over 0.5 Goals,8/8,betfair_oficial
2026-09-19 13:32,2026-09-19 11:30,Jiangxi Dingnan United,Foshan Nanshi FC,LIQUIDADO,1 - 1,1,1,The Draw,Over 0.5 Goals,Over 1.5 Goals,Under 2.5 Goals,Under 3.5 Goals,Yes,Over 0.5 Goals,8/8,betfair_oficial
2026-09-19 13:32,2026-09-19 11:30,Pattani FC,Prachuap,LIQUIDADO,0 - 3,0,3,Prachuap,Over 0.5 Goals,Over 1.5 Goals,Over 2.5 Goals,Under 3.5 Goals,No,Over 0.5 Goals,8/8,betfair_oficial
2026-09-19 13:32,2026-09-19 11:30,Charlton (W),London City Lionesses,LIQUIDADO,Any Other Away Win,,,London City Lionesses,Over 0.5 Goals,Over 1.5 Goals,Over 2.5 Goals,Over 3.5 Goals,Yes,Over 0.5 Goals,8/8,betfair_oficial
2026-09-19 13:32,2026-09-19 11:30,Rochdale,Oldham,LIQUIDADO,2 - 0,2,0,Rochdale,Over 0.5 Goals,Over 1.5 Goals,Under 2.5 Goals,Under 3.5 Goals,No,Over 0.5 Goals,8/8,betfair_oficial
2026-09-19 13:32,2026-09-19 11:30,Hangzhou Linping Wuyue,Shanghai Port B,LIQUIDADO,0 - 2,0,2,Shanghai Port B,Over 0.5 Goals,Over 1.5 Goals,Under 2.5 Goals,Under 3.5 Goals,No,Under 0.5 Goals,8/8,betfair_oficial
2026-09-19 13:32,2026-09-19 11:30,Walsall,Port Vale,LIQUIDADO,2 - 0,2,0,Walsall,Over 0.5 Goals,Over 1.5 Goals,Under 2.5 Goals,Under 3.5 Goals,No,Over 0.5 Goals,8/8,betfair_oficial
2026-09-19 13:32,2026-09-19 11:30,Barnsley,Leicester,LIQUIDADO,1 - 1,1,1,The Draw,Over 0.5 Goals,Over 1.5 Goals,Under 2.5 Goals,Under 3.5 Goals,Yes,Over 0.5 Goals,8/8,betfair_oficial
2026-09-19 13:32,2026-09-19 11:30,Cardiff,Charlton,LIQUIDADO,3 - 1,3,1,Cardiff,Over 0.5 Goals,Over 1.5 Goals,Over 2.5 Goals,Over 3.5 Goals,Yes,Over 0.5 Goals,8/8,betfair_oficial
2026-09-19 13:32,2026-09-19 11:30,Meizhou Hakka,Shijiazhuang Gongfu FC,LIQUIDADO,1 - 3,1,3,Shijiazhuang Gongfu FC,Over 0.5 Goals,Over 1.5 Goals,Over 2.5 Goals,Over 3.5 Goals,Yes,Under 0.5 Goals,8/8,betfair_oficial
2026-09-19 13:32,2026-09-19 11:30,Hartlepool,Worthing,LIQUIDADO,1 - 3,1,3,Worthing,Over 0.5 Goals,Over 1.5 Goals,Over 2.5 Goals,Over 3.5 Goals,Yes,Over 0.5 Goals,8/8,betfair_oficial
2026-09-19 13:32,2026-09-19 11:30,Millwall,West Ham,LIQUIDADO,2 - 2,2,2,The Draw,Over 0.5 Goals,Over 1.5 Goals,Over 2.5 Goals,Over 3.5 Goals,Yes,Over 0.5 Goals,8/8,betfair_oficial
2026-09-19 13:32,2026-09-19 11:35,Chengdu Rongcheng II,Taian Tiankuang,LIQUIDADO,1 - 1,1,1,The Draw,Over 0.5 Goals,Over 1.5 Goals,Under 2.5 Goals,Under 3.5 Goals,Yes,Over 0.5 Goals,8/8,betfair_oficial
2026-09-19 13:37,2026-09-19 11:30,Tamworth FC,Wealdstone,LIQUIDADO,2 - 1,2,1,Tamworth FC,Over 0.5 Goals,Over 1.5 Goals,Over 2.5 Goals,Under 3.5 Goals,Yes,Over 0.5 Goals,8/8,betfair_oficial
2026-09-19 13:37,2026-09-19 11:30,Courts Young Lions,Geylang International,LIQUIDADO,Any Other Away Win,,,Geylang International,Over 0.5 Goals,Over 1.5 Goals,Over 2.5 Goals,Over 3.5 Goals,Yes,Over 0.5 Goals,8/8,betfair_oficial
2026-09-19 13:42,2026-09-19 11:30,Tottenham,Aston Villa,LIQUIDADO,2 - 3,2,3,Aston Villa,Over 0.5 Goals,Over 1.5 Goals,Over 2.5 Goals,Over 3.5 Goals,Yes,Over 0.5 Goals,8/8,betfair_oficial
2026-09-19 13:42,2026-09-19 11:45,Chelsea (W),Birmingham (W),LIQUIDADO,2 - 0,2,0,Chelsea (W),Over 0.5 Goals,Over 1.5 Goals,Under 2.5 Goals,Under 3.5 Goals,No,Over 0.5 Goals,8/8,betfair_oficial
2026-09-19 13:47,2026-09-19 11:30,Balestier Khalsa,Tanjong Pagar United,LIQUIDADO,Any Other Away Win,,,Tanjong Pagar United,Over 0.5 Goals,Over 1.5 Goals,Over 2.5 Goals,Over 3.5 Goals,Yes,Over 0.5 Goals,8/8,betfair_oficial
2026-09-19 13:47,2026-09-19 12:00,Mathare United FC,Adm Police Service Bomet,LIQUIDADO,,,,,,,,,,,8/8,betfair_oficial
2026-09-19 13:47,2026-09-19 12:00,Posta Rangers,Shabana,LIQUIDADO,,,,,,,,,,,8/8,betfair_oficial
2026-09-19 13:57,2026-09-19 12:00,Viktoria Koln,Ingolstadt,LIQUIDADO,3 - 0,3,0,Viktoria Koln,Over 0.5 Goals,Over 1.5 Goals,Over 2.5 Goals,Under 3.5 Goals,No,Under 0.5 Goals,8/8,betfair_oficial
2026-09-19 13:57,2026-09-19 12:00,Hoffenheim II,SV Meppen,LIQUIDADO,1 - 0,1,0,Hoffenheim II,Over 0.5 Goals,Under 1.5 Goals,Under 2.5 Goals,Under 3.5 Goals,No,Over 0.5 Goals,8/8,betfair_oficial
2026-09-19 13:57,2026-09-19 12:00,Sociedad B,Mallorca,LIQUIDADO,0 - 1,0,1,Mallorca,Over 0.5 Goals,Under 1.5 Goals,Under 2.5 Goals,Under 3.5 Goals,No,Under 0.5 Goals,8/8,betfair_oficial
2026-09-19 13:57,2026-09-19 12:00,Aarhus Fremad,Hvidovre,LIQUIDADO,1 - 3,1,3,Hvidovre,Over 0.5 Goals,Over 1.5 Goals,Over 2.5 Goals,Over 3.5 Goals,Yes,Over 0.5 Goals,8/8,betfair_oficial
2026-09-19 13:57,2026-09-19 12:00,AB,Esbjerg,LIQUIDADO,3 - 0,3,0,AB,Over 0.5 Goals,Over 1.5 Goals,Over 2.5 Goals,Under 3.5 Goals,No,Over 0.5 Goals,8/8,betfair_oficial
2026-09-19 14:02,2026-09-19 12:00,Persija Jakarta,Malut United,LIQUIDADO,1 - 0,1,0,Persija Jakarta,Over 0.5 Goals,Under 1.5 Goals,Under 2.5 Goals,Under 3.5 Goals,No,Over 0.5 Goals,8/8,betfair_oficial
2026-09-19 14:02,2026-09-19 12:00,Osasuna,Rayo Vallecano,LIQUIDADO,1 - 1,1,1,The Draw,Over 0.5 Goals,Over 1.5 Goals,Under 2.5 Goals,Under 3.5 Goals,Yes,Over 0.5 Goals,8/8,betfair_oficial
2026-09-19 14:02,2026-09-19 12:00,Stuttgart II,Jahn Regensburg,LIQUIDADO,3 - 3,3,3,The Draw,Over 0.5 Goals,Over 1.5 Goals,Over 2.5 Goals,Over 3.5 Goals,Yes,Over 0.5 Goals,8/8,betfair_oficial
2026-09-19 14:02,2026-09-19 12:00,Nakhon Ratchasima,Chainat Hornbill,LIQUIDADO,1 - 2,1,2,Chainat Hornbill,Over 0.5 Goals,Over 1.5 Goals,Over 2.5 Goals,Under 3.5 Goals,Yes,Over 0.5 Goals,8/8,betfair_oficial
2026-09-19 14:02,2026-09-19 12:00,Bhayangkara FC,Adhyaksa FC,LIQUIDADO,2 - 0,2,0,Bhayangkara FC,Over 0.5 Goals,Over 1.5 Goals,Under 2.5 Goals,Under 3.5 Goals,No,Under 0.5 Goals,8/8,betfair_oficial
2026-09-19 14:02,2026-09-19 12:00,Boulogne,Nantes,LIQUIDADO,1 - 2,1,2,Nantes,Over 0.5 Goals,Over 1.5 Goals,Over 2.5 Goals,Under 3.5 Goals,Yes,Under 0.5 Goals,8/8,betfair_oficial
2026-09-19 14:02,2026-09-19 12:00,Alashkert,FC Pyunik,LIQUIDADO,3 - 3,3,3,The Draw,Over 0.5 Goals,Over 1.5 Goals,Over 2.5 Goals,Over 3.5 Goals,Yes,Over 0.5 Goals,8/8,betfair_oficial
2026-09-19 14:02,2026-09-19 12:00,Chiangrai Utd,Sisaket United,LIQUIDADO,0 - 1,0,1,Sisaket United,Over 0.5 Goals,Under 1.5 Goals,Under 2.5 Goals,Under 3.5 Goals,No,Under 0.5 Goals,8/8,betfair_oficial
2026-09-19 14:02,2026-09-19 12:00,Alemannia Aachen,Fortuna Dusseldorf,LIQUIDADO,1 - 0,1,0,Alemannia Aachen,Over 0.5 Goals,Under 1.5 Goals,Under 2.5 Goals,Under 3.5 Goals,No,Over 0.5 Goals,8/8,betfair_oficial
2026-09-19 14:02,2026-09-19 12:00,TPS,Ilves,LIQUIDADO,0 - 3,0,3,Ilves,Over 0.5 Goals,Over 1.5 Goals,Over 2.5 Goals,Under 3.5 Goals,No,Over 0.5 Goals,8/8,betfair_oficial
2026-09-19 14:02,2026-09-19 12:00,Guingamp,Red Star,LIQUIDADO,1 - 3,1,3,Red Star,Over 0.5 Goals,Over 1.5 Goals,Over 2.5 Goals,Over 3.5 Goals,Yes,Over 0.5 Goals,8/8,betfair_oficial
2026-09-19 14:02,2026-09-19 12:00,Persiba Balikpapan,Persela Lamongan,LIQUIDADO,0 - 1,0,1,Persela Lamongan,Over 0.5 Goals,Under 1.5 Goals,Under 2.5 Goals,Under 3.5 Goals,No,Under 0.5 Goals,8/8,betfair_oficial
2026-09-19 14:32,2026-09-19 12:30,Nongbua Pitchaya FC,Satun United FC,LIQUIDADO,Any Other Home Win,,,Nongbua Pitchaya FC,Over 0.5 Goals,Over 1.5 Goals,Over 2.5 Goals,Over 3.5 Goals,Yes,Over 0.5 Goals,8/8,betfair_oficial
2026-09-19 14:32,2026-09-19 12:30,Zorya,Dynamo Kiev,LIQUIDADO,0 - 2,0,2,Dynamo Kiev,Over 0.5 Goals,Over 1.5 Goals,Under 2.5 Goals,Under 3.5 Goals,No,Under 0.5 Goals,8/8,betfair_oficial
2026-09-19 14:42,2026-09-19 12:45,HNK Orijent 1919,Opatija,LIQUIDADO,1 - 0,1,0,HNK Orijent 1919,Over 0.5 Goals,Under 1.5 Goals,Under 2.5 Goals,Under 3.5 Goals,No,Under 0.5 Goals,8/8,betfair_oficial
2026-09-19 14:42,2026-09-19 12:45,Korona Kielce,Rakow Czestochowa,LIQUIDADO,3 - 2,3,2,Korona Kielce,Over 0.5 Goals,Over 1.5 Goals,Over 2.5 Goals,Over 3.5 Goals,Yes,Over 0.5 Goals,8/8,betfair_oficial
2026-09-19 14:47,2026-09-19 13:00,Gor Mahia FC,Muranga Seal,LIQUIDADO,,,,,,,,,,,8/8,betfair_oficial
2026-09-19 14:57,2026-09-19 13:00,Brommapojkarna,IFK Goteborg,LIQUIDADO,0 - 1,0,1,IFK Goteborg,Over 0.5 Goals,Under 1.5 Goals,Under 2.5 Goals,Under 3.5 Goals,No,Under 0.5 Goals,8/8,betfair_oficial
2026-09-19 14:57,2026-09-19 13:00,Pardubice,Bohemians 1905,LIQUIDADO,2 - 1,2,1,Pardubice,Over 0.5 Goals,Over 1.5 Goals,Over 2.5 Goals,Under 3.5 Goals,Yes,Over 0.5 Goals,8/8,betfair_oficial
2026-09-19 14:57,2026-09-19 13:00,Oddevold,Varnamo,LIQUIDADO,1 - 2,1,2,Varnamo,Over 0.5 Goals,Over 1.5 Goals,Over 2.5 Goals,Under 3.5 Goals,Yes,Over 0.5 Goals,8/8,betfair_oficial
2026-09-19 14:57,2026-09-19 13:00,Varbergs BoIS,IK Brage,LIQUIDADO,3 - 2,3,2,Varbergs BoIS,Over 0.5 Goals,Over 1.5 Goals,Over 2.5 Goals,Over 3.5 Goals,Yes,Over 0.5 Goals,8/8,betfair_oficial
2026-09-19 14:57,2026-09-19 13:00,Vasteras SK,Malmo FF,LIQUIDADO,2 - 0,2,0,Vasteras SK,Over 0.5 Goals,Over 1.5 Goals,Under 2.5 Goals,Under 3.5 Goals,No,Over 0.5 Goals,8/8,betfair_oficial
2026-09-19 14:57,2026-09-19 13:00,FK Jelgava,FK Riga,LIQUIDADO,0 - 1,0,1,FK Riga,Over 0.5 Goals,Under 1.5 Goals,Under 2.5 Goals,Under 3.5 Goals,No,Over 0.5 Goals,8/8,betfair_oficial
2026-09-19 15:02,2026-09-19 13:00,US Cremonese,Entella,LIQUIDADO,0 - 0,0,0,The Draw,Under 0.5 Goals,Under 1.5 Goals,Under 2.5 Goals,Under 3.5 Goals,No,Under 0.5 Goals,8/8,betfair_oficial
2026-09-19 15:02,2026-09-19 13:00,SK Artis Brno,Slovan Liberec,LIQUIDADO,0 - 0,0,0,The Draw,Under 0.5 Goals,Under 1.5 Goals,Under 2.5 Goals,Under 3.5 Goals,No,Under 0.5 Goals,8/8,betfair_oficial
2026-09-19 15:02,2026-09-19 13:00,Carrarese,Benevento,LIQUIDADO,0 - 1,0,1,Benevento,Over 0.5 Goals,Under 1.5 Goals,Under 2.5 Goals,Under 3.5 Goals,No,Under 0.5 Goals,8/8,betfair_oficial
2026-09-19 15:02,2026-09-19 13:00,Udinese,Cagliari,LIQUIDADO,0 - 1,0,1,Cagliari,Over 0.5 Goals,Under 1.5 Goals,Under 2.5 Goals,Under 3.5 Goals,No,Under 0.5 Goals,8/8,betfair_oficial
2026-09-19 15:02,2026-09-19 13:00,Bologna,Torino,LIQUIDADO,1 - 1,1,1,The Draw,Over 0.5 Goals,Over 1.5 Goals,Under 2.5 Goals,Under 3.5 Goals,Yes,Over 0.5 Goals,8/8,betfair_oficial
2026-09-19 15:02,2026-09-19 13:00,Mash al Mubarek,Pakhtakor,LIQUIDADO,1 - 2,1,2,Pakhtakor,Over 0.5 Goals,Over 1.5 Goals,Over 2.5 Goals,Under 3.5 Goals,Yes,Under 0.5 Goals,8/8,betfair_oficial
2026-09-19 15:02,2026-09-19 13:00,Mlada Boleslav,FC Zbrojovka Brno,LIQUIDADO,2 - 0,2,0,Mlada Boleslav,Over 0.5 Goals,Over 1.5 Goals,Under 2.5 Goals,Under 3.5 Goals,No,Over 0.5 Goals,8/8,betfair_oficial
2026-09-19 15:07,2026-09-19 13:00,Palermo,Padova,LIQUIDADO,2 - 1,2,1,Palermo,Over 0.5 Goals,Over 1.5 Goals,Over 2.5 Goals,Under 3.5 Goals,Yes,Over 0.5 Goals,8/8,betfair_oficial
2026-09-19 15:17,2026-09-19 13:00,Centro Atletico Fenix,Colon FC,LIQUIDADO,1 - 1,1,1,The Draw,Over 0.5 Goals,Over 1.5 Goals,Under 2.5 Goals,Under 3.5 Goals,Yes,Over 0.5 Goals,8/8,betfair_oficial
2026-09-19 15:27,2026-09-19 13:30,Hamburger SV,FC Koln,LIQUIDADO,2 - 1,2,1,Hamburger SV,Over 0.5 Goals,Over 1.5 Goals,Over 2.5 Goals,Under 3.5 Goals,Yes,Over 0.5 Goals,8/8,betfair_oficial
2026-09-19 15:27,2026-09-19 13:30,Septemvri,Botev Plovdiv,LIQUIDADO,0 - 3,0,3,Botev Plovdiv,Over 0.5 Goals,Over 1.5 Goals,Over 2.5 Goals,Under 3.5 Goals,No,Over 0.5 Goals,8/8,betfair_oficial
2026-09-19 15:27,2026-09-19 13:30,Eintracht Frankfurt,Freiburg,LIQUIDADO,2 - 2,2,2,The Draw,Over 0.5 Goals,Over 1.5 Goals,Over 2.5 Goals,Over 3.5 Goals,Yes,Over 0.5 Goals,8/8,betfair_oficial
2026-09-19 15:32,2026-09-19 13:30,PFK Turan Tovuz,Zira,LIQUIDADO,1 - 0,1,0,PFK Turan Tovuz,Over 0.5 Goals,Under 1.5 Goals,Under 2.5 Goals,Under 3.5 Goals,No,Under 0.5 Goals,8/8,betfair_oficial
2026-09-19 15:32,2026-09-19 13:30,Al-Ittihad Kalba,Al-Khaleej Khor Fakkan,LIQUIDADO,2 - 1,2,1,Al-Ittihad Kalba,Over 0.5 Goals,Over 1.5 Goals,Over 2.5 Goals,Under 3.5 Goals,Yes,Over 0.5 Goals,8/8,betfair_oficial
2026-09-19 15:32,2026-09-19 13:30,Werder Bremen,Augsburg,LIQUIDADO,3 - 2,3,2,Werder Bremen,Over 0.5 Goals,Over 1.5 Goals,Over 2.5 Goals,Over 3.5 Goals,Yes,Over 0.5 Goals,8/8,betfair_oficial
2026-09-19 15:32,2026-09-19 13:30,Hatta,Al Ahli (UAE),LIQUIDADO,2 - 2,2,2,The Draw,Over 0.5 Goals,Over 1.5 Goals,Over 2.5 Goals,Over 3.5 Goals,Yes,Over 0.5 Goals,8/8,betfair_oficial
2026-09-19 15:32,2026-09-19 13:30,Polonia Warszawa,Chrobry Glogow,LIQUIDADO,2 - 0,2,0,Polonia Warszawa,Over 0.5 Goals,Over 1.5 Goals,Under 2.5 Goals,Under 3.5 Goals,No,Under 0.5 Goals,8/8,betfair_oficial
2026-09-19 15:32,2026-09-19 13:30,Nieciecza,Odra Opole,LIQUIDADO,1 - 0,1,0,Nieciecza,Over 0.5 Goals,Under 1.5 Goals,Under 2.5 Goals,Under 3.5 Goals,No,Over 0.5 Goals,8/8,betfair_oficial
2026-09-19 15:37,2026-09-19 13:30,Mgladbach,Mainz,LIQUIDADO,Any Other Away Win,,,Mainz,Over 0.5 Goals,Over 1.5 Goals,Over 2.5 Goals,Over 3.5 Goals,Yes,Over 0.5 Goals,8/8,betfair_oficial
2026-09-19 15:37,2026-09-19 13:30,Pogon Grodzisk Mazowiecki,LKS Lodz,LIQUIDADO,2 - 0,2,0,Pogon Grodzisk Mazowiecki,Over 0.5 Goals,Over 1.5 Goals,Under 2.5 Goals,Under 3.5 Goals,No,Over 0.5 Goals,8/8,betfair_oficial
2026-09-19 15:47,2026-09-19 13:30,Breitenrain,Biel Bienne,LIQUIDADO,Any Other Away Win,,,Biel Bienne,Over 0.5 Goals,Over 1.5 Goals,Over 2.5 Goals,Over 3.5 Goals,No,Over 0.5 Goals,8/8,betfair_oficial
2026-09-19 15:52,2026-09-19 14:00,Forfar,Annan,LIQUIDADO,1 - 0,1,0,Forfar,Over 0.5 Goals,Under 1.5 Goals,Under 2.5 Goals,Under 3.5 Goals,No,Over 0.5 Goals,8/8,betfair_oficial
2026-09-19 15:52,2026-09-19 14:00,Kelty Hearts,Edinburgh City,LIQUIDADO,1 - 3,1,3,Edinburgh City,Over 0.5 Goals,Over 1.5 Goals,Over 2.5 Goals,Over 3.5 Goals,Yes,Over 0.5 Goals,8/8,betfair_oficial
2026-09-19 15:52,2026-09-19 14:00,Elgin City FC,Stranraer,LIQUIDADO,Any Other Away Win,,,Stranraer,Over 0.5 Goals,Over 1.5 Goals,Over 2.5 Goals,Over 3.5 Goals,Yes,Over 0.5 Goals,8/8,betfair_oficial
2026-09-19 15:52,2026-09-19 14:00,Nomme Utd,Paide Linnameeskond,LIQUIDADO,1 - 3,1,3,Paide Linnameeskond,Over 0.5 Goals,Over 1.5 Goals,Over 2.5 Goals,Over 3.5 Goals,Yes,Over 0.5 Goals,8/8,betfair_oficial
2026-09-19 15:57,2026-09-19 14:00,Alloa,East Kilbride,LIQUIDADO,1 - 2,1,2,East Kilbride,Over 0.5 Goals,Over 1.5 Goals,Over 2.5 Goals,Under 3.5 Goals,Yes,Over 0.5 Goals,8/8,betfair_oficial
2026-09-19 15:57,2026-09-19 14:00,Kocaelispor,Gaziantep FK,LIQUIDADO,2 - 0,2,0,Kocaelispor,Over 0.5 Goals,Over 1.5 Goals,Under 2.5 Goals,Under 3.5 Goals,No,Under 0.5 Goals,8/8,betfair_oficial
2026-09-19 15:57,2026-09-19 14:00,St Mirren,Dundee Utd,LIQUIDADO,0 - 3,0,3,Dundee Utd,Over 0.5 Goals,Over 1.5 Goals,Over 2.5 Goals,Under 3.5 Goals,No,Over 0.5 Goals,8/8,betfair_oficial
2026-09-19 15:57,2026-09-19 14:00,Cove Rangers,Ross Co,LIQUIDADO,0 - 2,0,2,Ross Co,Over 0.5 Goals,Over 1.5 Goals,Under 2.5 Goals,Under 3.5 Goals,No,Over 0.5 Goals,8/8,betfair_oficial
2026-09-19 15:57,2026-09-19 14:00,Morton,Dunfermline,LIQUIDADO,0 - 1,0,1,Dunfermline,Over 0.5 Goals,Under 1.5 Goals,Under 2.5 Goals,Under 3.5 Goals,No,Under 0.5 Goals,8/8,betfair_oficial
2026-09-19 15:57,2026-09-19 14:00,Peterborough,Doncaster,LIQUIDADO,0 - 2,0,2,Doncaster,Over 0.5 Goals,Over 1.5 Goals,Under 2.5 Goals,Under 3.5 Goals,No,Over 0.5 Goals,8/8,betfair_oficial
2026-09-19 15:57,2026-09-19 14:00,Birmingham,Middlesbrough,LIQUIDADO,2 - 2,2,2,The Draw,Over 0.5 Goals,Over 1.5 Goals,Over 2.5 Goals,Over 3.5 Goals,Yes,Over 0.5 Goals,8/8,betfair_oficial
2026-09-19 15:57,2026-09-19 14:00,Corum Belediyespor,Alanyaspor,LIQUIDADO,1 - 2,1,2,Alanyaspor,Over 0.5 Goals,Over 1.5 Goals,Over 2.5 Goals,Under 3.5 Goals,Yes,Under 0.5 Goals,8/8,betfair_oficial
2026-09-19 15:57,2026-09-19 14:00,Livingston,Inverness CT,LIQUIDADO,2 - 2,2,2,The Draw,Over 0.5 Goals,Over 1.5 Goals,Over 2.5 Goals,Over 3.5 Goals,Yes,Over 0.5 Goals,8/8,betfair_oficial
2026-09-19 15:57,2026-09-19 14:00,Cham,SC Bruhl St Gallen,LIQUIDADO,2 - 1,2,1,Cham,Over 0.5 Goals,Over 1.5 Goals,Over 2.5 Goals,Under 3.5 Goals,Yes,Over 0.5 Goals,8/8,betfair_oficial
2026-09-19 15:57,2026-09-19 14:00,Gateshead,Southend,LIQUIDADO,Any Other Away Win,,,Southend,Over 0.5 Goals,Over 1.5 Goals,Over 2.5 Goals,Over 3.5 Goals,Yes,Over 0.5 Goals,8/8,betfair_oficial
2026-09-19 15:57,2026-09-19 14:00,Hamilton,Queen of South,LIQUIDADO,Any Other Home Win,,,Hamilton,Over 0.5 Goals,Over 1.5 Goals,Over 2.5 Goals,Over 3.5 Goals,Yes,Over 0.5 Goals,8/8,betfair_oficial
2026-09-19 15:57,2026-09-19 14:00,Colchester,Cheltenham,LIQUIDADO,1 - 1,1,1,The Draw,Over 0.5 Goals,Over 1.5 Goals,Under 2.5 Goals,Under 3.5 Goals,Yes,Under 0.5 Goals,8/8,betfair_oficial
2026-09-19 15:57,2026-09-19 14:00,Hibernian,Aberdeen,LIQUIDADO,1 - 1,1,1,The Draw,Over 0.5 Goals,Over 1.5 Goals,Under 2.5 Goals,Under 3.5 Goals,Yes,Over 0.5 Goals,8/8,betfair_oficial
2026-09-19 15:57,2026-09-19 14:00,Partick,Raith,LIQUIDADO,0 - 0,0,0,The Draw,Under 0.5 Goals,Under 1.5 Goals,Under 2.5 Goals,Under 3.5 Goals,No,Under 0.5 Goals,8/8,betfair_oficial
2026-09-19 15:57,2026-09-19 14:00,Ariana FC,Utsiktens,LIQUIDADO,3 - 1,3,1,Ariana FC,Over 0.5 Goals,Over 1.5 Goals,Over 2.5 Goals,Over 3.5 Goals,Yes,Over 0.5 Goals,8/8,betfair_oficial
2026-09-19 15:57,2026-09-19 14:00,Lincoln,Swansea,LIQUIDADO,1 - 2,1,2,Swansea,Over 0.5 Goals,Over 1.5 Goals,Over 2.5 Goals,Under 3.5 Goals,Yes,Over 0.5 Goals,8/8,betfair_oficial
2026-09-19 16:02,2026-09-19 14:00,Northampton,Rotherham,LIQUIDADO,0 - 1,0,1,Rotherham,Over 0.5 Goals,Under 1.5 Goals,Under 2.5 Goals,Under 3.5 Goals,No,Under 0.5 Goals,8/8,betfair_oficial
2026-09-19 16:02,2026-09-19 14:00,Stirling,Clyde,LIQUIDADO,1 - 1,1,1,The Draw,Over 0.5 Goals,Over 1.5 Goals,Under 2.5 Goals,Under 3.5 Goals,Yes,Over 0.5 Goals,8/8,betfair_oficial
2026-09-19 16:02,2026-09-19 14:00,Wrexham,Southampton,LIQUIDADO,2 - 1,2,1,Wrexham,Over 0.5 Goals,Over 1.5 Goals,Over 2.5 Goals,Under 3.5 Goals,Yes,Over 0.5 Goals,8/8,betfair_oficial
2026-09-19 16:02,2026-09-19 14:00,Everton,Ipswich,LIQUIDADO,1 - 0,1,0,Everton,Over 0.5 Goals,Under 1.5 Goals,Under 2.5 Goals,Under 3.5 Goals,No,Over 0.5 Goals,8/8,betfair_oficial
2026-09-19 16:02,2026-09-19 14:00,QPR,Preston,LIQUIDADO,2 - 2,2,2,The Draw,Over 0.5 Goals,Over 1.5 Goals,Over 2.5 Goals,Over 3.5 Goals,Yes,Over 0.5 Goals,8/8,betfair_oficial
2026-09-19 16:02,2026-09-19 14:00,Exeter,Tranmere,LIQUIDADO,0 - 0,0,0,The Draw,Under 0.5 Goals,Under 1.5 Goals,Under 2.5 Goals,Under 3.5 Goals,No,Under 0.5 Goals,8/8,betfair_oficial
2026-09-19 16:02,2026-09-19 14:00,Kristiansund,Rosenborg,LIQUIDADO,1 - 3,1,3,Rosenborg,Over 0.5 Goals,Over 1.5 Goals,Over 2.5 Goals,Over 3.5 Goals,Yes,Over 0.5 Goals,8/8,betfair_oficial
2026-09-19 16:02,2026-09-19 14:00,Blackpool,Plymouth,LIQUIDADO,Any Other Away Win,,,Plymouth,Over 0.5 Goals,Over 1.5 Goals,Over 2.5 Goals,Over 3.5 Goals,Yes,Over 0.5 Goals,8/8,betfair_oficial
2026-09-19 16:02,2026-09-19 14:00,Burnley,Derby,LIQUIDADO,1 - 1,1,1,The Draw,Over 0.5 Goals,Over 1.5 Goals,Under 2.5 Goals,Under 3.5 Goals,Yes,Over 0.5 Goals,8/8,betfair_oficial
2026-09-19 16:02,2026-09-19 14:00,Reading,Notts Co,LIQUIDADO,2 - 0,2,0,Reading,Over 0.5 Goals,Over 1.5 Goals,Under 2.5 Goals,Under 3.5 Goals,No,Under 0.5 Goals,8/8,betfair_oficial
2026-09-19 16:02,2026-09-19 14:00,Portsmouth,Blackburn,LIQUIDADO,2 - 2,2,2,The Draw,Over 0.5 Goals,Over 1.5 Goals,Over 2.5 Goals,Over 3.5 Goals,Yes,Over 0.5 Goals,8/8,betfair_oficial
2026-09-19 16:02,2026-09-19 14:00,VPS,KuPS,LIQUIDADO,0 - 2,0,2,KuPS,Over 0.5 Goals,Over 1.5 Goals,Under 2.5 Goals,Under 3.5 Goals,No,Over 0.5 Goals,8/8,betfair_oficial
2026-09-19 16:02,2026-09-19 14:00,Barnet,Fleetwood Town,LIQUIDADO,3 - 1,3,1,Barnet,Over 0.5 Goals,Over 1.5 Goals,Over 2.5 Goals,Over 3.5 Goals,Yes,Over 0.5 Goals,8/8,betfair_oficial
2026-09-19 16:02,2026-09-19 14:00,Accrington,Newport County,LIQUIDADO,0 - 0,0,0,The Draw,Under 0.5 Goals,Under 1.5 Goals,Under 2.5 Goals,Under 3.5 Goals,No,Under 0.5 Goals,8/8,betfair_oficial
2026-09-19 16:02,2026-09-19 14:00,Oxford Utd,Cambridge Utd,LIQUIDADO,1 - 1,1,1,The Draw,Over 0.5 Goals,Over 1.5 Goals,Under 2.5 Goals,Under 3.5 Goals,Yes,Over 0.5 Goals,8/8,betfair_oficial
2026-09-19 16:02,2026-09-19 14:00,Bromley,Huddersfield,LIQUIDADO,2 - 1,2,1,Bromley,Over 0.5 Goals,Over 1.5 Goals,Over 2.5 Goals,Under 3.5 Goals,Yes,Over 0.5 Goals,8/8,betfair_oficial
2026-09-19 16:02,2026-09-19 14:00,St Johnstone,Falkirk,LIQUIDADO,1 - 1,1,1,The Draw,Over 0.5 Goals,Over 1.5 Goals,Under 2.5 Goals,Under 3.5 Goals,Yes,Under 0.5 Goals,8/8,betfair_oficial
2026-09-19 16:02,2026-09-19 14:00,Leyton Orient,Stevenage,LIQUIDADO,1 - 0,1,0,Leyton Orient,Over 0.5 Goals,Under 1.5 Goals,Under 2.5 Goals,Under 3.5 Goals,No,Under 0.5 Goals,8/8,betfair_oficial
2026-09-19 16:02,2026-09-19 14:00,Wigan,Wycombe,LIQUIDADO,0 - 1,0,1,Wycombe,Over 0.5 Goals,Under 1.5 Goals,Under 2.5 Goals,Under 3.5 Goals,No,Under 0.5 Goals,8/8,betfair_oficial
2026-09-19 16:02,2026-09-19 14:00,Keciorengucu,Sivasspor,LIQUIDADO,1 - 1,1,1,The Draw,Over 0.5 Goals,Over 1.5 Goals,Under 2.5 Goals,Under 3.5 Goals,Yes,Under 0.5 Goals,8/8,betfair_oficial
2026-09-19 16:02,2026-09-19 14:00,Brighton,Arsenal,LIQUIDADO,3 - 0,3,0,Brighton,Over 0.5 Goals,Over 1.5 Goals,Over 2.5 Goals,Under 3.5 Goals,No,Over 0.5 Goals,8/8,betfair_oficial
2026-09-19 16:02,2026-09-19 14:00,Salford City,Swindon,LIQUIDADO,1 - 0,1,0,Salford City,Over 0.5 Goals,Under 1.5 Goals,Under 2.5 Goals,Under 3.5 Goals,No,Under 0.5 Goals,8/8,betfair_oficial
2026-09-19 16:07,2026-09-19 14:00,Forest Green,Boston Utd,LIQUIDADO,1 - 3,1,3,Boston Utd,Over 0.5 Goals,Over 1.5 Goals,Over 2.5 Goals,Over 3.5 Goals,Yes,Over 0.5 Goals,8/8,betfair_oficial
2026-09-19 16:07,2026-09-19 14:00,AFC Fylde,Altrincham,LIQUIDADO,1 - 2,1,2,Altrincham,Over 0.5 Goals,Over 1.5 Goals,Over 2.5 Goals,Under 3.5 Goals,Yes,Over 0.5 Goals,8/8,betfair_oficial
2026-09-19 16:07,2026-09-19 14:00,Sporting Hasselt,KFCO Beerschot Wilrijk,LIQUIDADO,0 - 1,0,1,Kfco Beerschot Wilrijk,Over 0.5 Goals,Under 1.5 Goals,Under 2.5 Goals,Under 3.5 Goals,No,Under 0.5 Goals,8/8,betfair_oficial
2026-09-19 16:07,2026-09-19 14:00,KR Reykjavik,Vikingur Reykjavik,LIQUIDADO,1 - 2,1,2,Vikingur Reykjavik,Over 0.5 Goals,Over 1.5 Goals,Over 2.5 Goals,Under 3.5 Goals,Yes,Over 0.5 Goals,8/8,betfair_oficial
2026-09-19 16:07,2026-09-19 14:00,Asane,Bryne,LIQUIDADO,Any Other Away Win,,,Bryne,Over 0.5 Goals,Over 1.5 Goals,Over 2.5 Goals,Over 3.5 Goals,No,Over 0.5 Goals,8/8,betfair_oficial
2026-09-19 16:07,2026-09-19 14:00,Sariyer G.K.,Boluspor,LIQUIDADO,2 - 1,2,1,Sariyer G.K.,Over 0.5 Goals,Over 1.5 Goals,Over 2.5 Goals,Under 3.5 Goals,Yes,Over 0.5 Goals,8/8,betfair_oficial
2026-09-19 16:07,2026-09-19 14:00,Eastleigh,Carlisle,LIQUIDADO,1 - 0,1,0,Eastleigh,Over 0.5 Goals,Under 1.5 Goals,Under 2.5 Goals,Under 3.5 Goals,No,Over 0.5 Goals,8/8,betfair_oficial
2026-09-19 16:07,2026-09-19 14:00,Boreham Wood,Harrogate Town,LIQUIDADO,Any Other Home Win,,,Boreham Wood,Over 0.5 Goals,Over 1.5 Goals,Over 2.5 Goals,Over 3.5 Goals,Yes,Over 0.5 Goals,8/8,betfair_oficial
2026-09-19 16:07,2026-09-19 14:00,FC Halifax Town,Sutton Utd,LIQUIDADO,1 - 1,1,1,The Draw,Over 0.5 Goals,Over 1.5 Goals,Under 2.5 Goals,Under 3.5 Goals,Yes,Under 0.5 Goals,8/8,betfair_oficial
2026-09-19 16:07,2026-09-19 14:00,FK BSK Banja Luka,Radnik Bijeljina,LIQUIDADO,Any Other Draw,,,The Draw,Over 0.5 Goals,Over 1.5 Goals,Over 2.5 Goals,Over 3.5 Goals,Yes,Over 0.5 Goals,8/8,betfair_oficial
2026-09-19 16:07,2026-09-19 14:00,FK Vora,KS Skenderbeu Korce,LIQUIDADO,1 - 1,1,1,The Draw,Over 0.5 Goals,Over 1.5 Goals,Under 2.5 Goals,Under 3.5 Goals,Yes,Over 0.5 Goals,8/8,betfair_oficial
2026-09-19 16:07,2026-09-19 14:00,Crewe,Shrewsbury,LIQUIDADO,1 - 1,1,1,The Draw,Over 0.5 Goals,Over 1.5 Goals,Under 2.5 Goals,Under 3.5 Goals,Yes,Over 0.5 Goals,8/8,betfair_oficial
2026-09-19 16:07,2026-09-19 14:00,Luton,Bradford,LIQUIDADO,0 - 1,0,1,Bradford,Over 0.5 Goals,Under 1.5 Goals,Under 2.5 Goals,Under 3.5 Goals,No,Over 0.5 Goals,8/8,betfair_oficial
2026-09-19 16:07,2026-09-19 14:00,Oud-Heverlee Leuven,RAAL La Louviere,LIQUIDADO,2 - 0,2,0,Oud-Heverlee Leuven,Over 0.5 Goals,Over 1.5 Goals,Under 2.5 Goals,Under 3.5 Goals,No,Over 0.5 Goals,8/8,betfair_oficial
2026-09-19 16:07,2026-09-19 14:00,Gillingham,Bristol Rovers,LIQUIDADO,3 - 0,3,0,Gillingham,Over 0.5 Goals,Over 1.5 Goals,Over 2.5 Goals,Under 3.5 Goals,No,Under 0.5 Goals,8/8,betfair_oficial
2026-09-19 16:07,2026-09-19 14:00,Woking,Kidderminster,LIQUIDADO,0 - 0,0,0,The Draw,Under 0.5 Goals,Under 1.5 Goals,Under 2.5 Goals,Under 3.5 Goals,No,Under 0.5 Goals,8/8,betfair_oficial
2026-09-19 16:07,2026-09-19 14:00,Grimsby,Crawley Town,LIQUIDADO,2 - 0,2,0,Grimsby,Over 0.5 Goals,Over 1.5 Goals,Under 2.5 Goals,Under 3.5 Goals,No,Over 0.5 Goals,8/8,betfair_oficial
2026-09-19 16:07,2026-09-19 14:00,Peterhead,Airdrieonians,LIQUIDADO,1 - 2,1,2,Airdrieonians,Over 0.5 Goals,Over 1.5 Goals,Over 2.5 Goals,Under 3.5 Goals,Yes,Over 0.5 Goals,8/8,betfair_oficial
2026-09-19 16:07,2026-09-19 14:00,Dundee,Motherwell,LIQUIDADO,2 - 1,2,1,Dundee,Over 0.5 Goals,Over 1.5 Goals,Over 2.5 Goals,Under 3.5 Goals,Yes,Over 0.5 Goals,8/8,betfair_oficial
2026-09-19 16:07,2026-09-19 14:00,Stenhousemuir,Arbroath,LIQUIDADO,1 - 0,1,0,Stenhousemuir,Over 0.5 Goals,Under 1.5 Goals,Under 2.5 Goals,Under 3.5 Goals,No,Over 0.5 Goals,8/8,betfair_oficial
2026-09-19 16:07,2026-09-19 14:00,East Fife,Montrose,LIQUIDADO,1 - 2,1,2,Montrose,Over 0.5 Goals,Over 1.5 Goals,Over 2.5 Goals,Under 3.5 Goals,Yes,Over 0.5 Goals,8/8,betfair_oficial
2026-09-19 16:07,2026-09-19 14:00,Sheff Wed,Stockport,LIQUIDADO,0 - 0,0,0,The Draw,Under 0.5 Goals,Under 1.5 Goals,Under 2.5 Goals,Under 3.5 Goals,No,Under 0.5 Goals,8/8,betfair_oficial
2026-09-19 16:07,2026-09-19 14:00,Barrow,Aldershot,LIQUIDADO,1 - 0,1,0,Barrow,Over 0.5 Goals,Under 1.5 Goals,Under 2.5 Goals,Under 3.5 Goals,No,Under 0.5 Goals,8/8,betfair_oficial
2026-09-19 16:07,2026-09-19 14:00,Racing Genk B,Seraing Utd,LIQUIDADO,2 - 2,2,2,The Draw,Over 0.5 Goals,Over 1.5 Goals,Over 2.5 Goals,Over 3.5 Goals,Yes,Over 0.5 Goals,8/8,betfair_oficial
2026-09-19 16:07,2026-09-19 14:00,Kvik Halden,Jerv,LIQUIDADO,0 - 2,0,2,Jerv,Over 0.5 Goals,Over 1.5 Goals,Under 2.5 Goals,Under 3.5 Goals,No,Over 0.5 Goals,8/8,betfair_oficial
2026-09-19 16:07,2026-09-19 14:00,Chesterfield,York City,LIQUIDADO,2 - 0,2,0,Chesterfield,Over 0.5 Goals,Over 1.5 Goals,Under 2.5 Goals,Under 3.5 Goals,No,Under 0.5 Goals,8/8,betfair_oficial
2026-09-19 16:07,2026-09-19 14:00,Newcastle,Hull,LIQUIDADO,2 - 1,2,1,Newcastle,Over 0.5 Goals,Over 1.5 Goals,Over 2.5 Goals,Under 3.5 Goals,Yes,Over 0.5 Goals,8/8,betfair_oficial
2026-09-19 16:12,2026-09-19 14:00,Dumbarton,Spartans,LIQUIDADO,3 - 0,3,0,Dumbarton,Over 0.5 Goals,Over 1.5 Goals,Over 2.5 Goals,Under 3.5 Goals,No,Over 0.5 Goals,8/8,betfair_oficial
2026-09-19 16:12,2026-09-19 14:15,FC Andorra,Sporting Gijon,LIQUIDADO,1 - 3,1,3,Sporting Gijon,Over 0.5 Goals,Over 1.5 Goals,Over 2.5 Goals,Over 3.5 Goals,Yes,Over 0.5 Goals,8/8,betfair_oficial
2026-09-19 16:17,2026-09-19 14:15,Athletic Bilbao,Alaves,LIQUIDADO,0 - 0,0,0,The Draw,Under 0.5 Goals,Under 1.5 Goals,Under 2.5 Goals,Under 3.5 Goals,No,Under 0.5 Goals,8/8,betfair_oficial
2026-09-19 16:27,2026-09-19 14:30,NK Dugopolje,GNK Dinamo Zagreb II,LIQUIDADO,3 - 2,3,2,NK Dugopolje,Over 0.5 Goals,Over 1.5 Goals,Over 2.5 Goals,Over 3.5 Goals,Yes,Over 0.5 Goals,8/8,betfair_oficial
2026-09-19 16:27,2026-09-19 14:30,CD Nacional Funchal,Famalicao,LIQUIDADO,Any Other Away Win,,,Famalicao,Over 0.5 Goals,Over 1.5 Goals,Over 2.5 Goals,Over 3.5 Goals,No,Over 0.5 Goals,8/8,betfair_oficial
2026-09-19 16:27,2026-09-19 14:30,BSK Bijelo Brdo,Hrvace,LIQUIDADO,1 - 2,1,2,Hrvace,Over 0.5 Goals,Over 1.5 Goals,Over 2.5 Goals,Under 3.5 Goals,Yes,Over 0.5 Goals,8/8,betfair_oficial
2026-09-19 16:27,2026-09-19 14:30,Vitesse Arnhem,Jong PSV Eindhoven,LIQUIDADO,3 - 1,3,1,Vitesse Arnhem,Over 0.5 Goals,Over 1.5 Goals,Over 2.5 Goals,Over 3.5 Goals,Yes,Over 0.5 Goals,8/8,betfair_oficial
2026-09-19 16:27,2026-09-19 14:30,CFR Cluj,Botosani,LIQUIDADO,3 - 1,3,1,CFR Cluj,Over 0.5 Goals,Over 1.5 Goals,Over 2.5 Goals,Over 3.5 Goals,Yes,Over 0.5 Goals,8/8,betfair_oficial
2026-09-19 16:27,2026-09-19 14:30,Vukovar,Jadran Luka Ploce,LIQUIDADO,2 - 3,2,3,Jadran Luka Ploce,Over 0.5 Goals,Over 1.5 Goals,Over 2.5 Goals,Over 3.5 Goals,Yes,Over 0.5 Goals,8/8,betfair_oficial
2026-09-19 16:32,2026-09-19 14:30,Saarbrucken,SG Sonnenhof,LIQUIDADO,2 - 1,2,1,Saarbrucken,Over 0.5 Goals,Over 1.5 Goals,Over 2.5 Goals,Under 3.5 Goals,Yes,Under 0.5 Goals,8/8,betfair_oficial
2026-09-19 16:32,2026-09-19 14:30,ADO Den Haag,Cambuur Leeuwarden,LIQUIDADO,1 - 1,1,1,The Draw,Over 0.5 Goals,Over 1.5 Goals,Under 2.5 Goals,Under 3.5 Goals,Yes,Over 0.5 Goals,8/8,betfair_oficial
2026-09-19 16:32,2026-09-19 14:30,Gil Vicente,Maritimo,LIQUIDADO,1 - 1,1,1,The Draw,Over 0.5 Goals,Over 1.5 Goals,Under 2.5 Goals,Under 3.5 Goals,Yes,Over 0.5 Goals,8/8,betfair_oficial
2026-09-19 16:57,2026-09-19 15:00,SC Austria Lustenau,SCR Altach,LIQUIDADO,2 - 0,2,0,SC AUSTRIA LUSTENAU,Over 0.5 Goals,Over 1.5 Goals,Under 2.5 Goals,Under 3.5 Goals,No,Over 0.5 Goals,8/8,betfair_oficial
2026-09-19 16:57,2026-09-19 15:00,Kisvarda,Paks,LIQUIDADO,0 - 1,0,1,Paks,Over 0.5 Goals,Under 1.5 Goals,Under 2.5 Goals,Under 3.5 Goals,No,Under 0.5 Goals,8/8,betfair_oficial
2026-09-19 16:57,2026-09-19 15:00,FC Epicentr Dunaivtsi,Livyi Bereg Kyiv,LIQUIDADO,0 - 2,0,2,Livyi Bereg Kyiv,Over 0.5 Goals,Over 1.5 Goals,Under 2.5 Goals,Under 3.5 Goals,No,Over 0.5 Goals,8/8,betfair_oficial
2026-09-19 17:02,2026-09-19 15:00,FK Novi Pazar,Zemun,LIQUIDADO,2 - 2,2,2,The Draw,Over 0.5 Goals,Over 1.5 Goals,Over 2.5 Goals,Over 3.5 Goals,Yes,Over 0.5 Goals,8/8,betfair_oficial
2026-09-19 17:02,2026-09-19 15:00,Varazdin,Osijek,LIQUIDADO,0 - 0,0,0,The Draw,Under 0.5 Goals,Under 1.5 Goals,Under 2.5 Goals,Under 3.5 Goals,No,Under 0.5 Goals,8/8,betfair_oficial
2026-09-19 17:02,2026-09-19 15:00,Olympique Akbou,USM Alger,LIQUIDADO,2 - 3,2,3,USM Alger,Over 0.5 Goals,Over 1.5 Goals,Over 2.5 Goals,Over 3.5 Goals,Yes,Over 0.5 Goals,8/8,betfair_oficial
2026-09-19 17:02,2026-09-19 15:00,Sandvikens IF,Orebro,LIQUIDADO,Any Other Home Win,,,Sandvikens IF,Over 0.5 Goals,Over 1.5 Goals,Over 2.5 Goals,Over 3.5 Goals,Yes,Over 0.5 Goals,8/8,betfair_oficial
2026-09-19 17:02,2026-09-19 15:00,Vojvodina,FK IMT Novi Beograd,LIQUIDADO,1 - 1,1,1,The Draw,Over 0.5 Goals,Over 1.5 Goals,Under 2.5 Goals,Under 3.5 Goals,Yes,Over 0.5 Goals,8/8,betfair_oficial
2026-09-19 17:02,2026-09-19 15:00,Boston River,Progreso,LIQUIDADO,1 - 2,1,2,Progreso,Over 0.5 Goals,Over 1.5 Goals,Over 2.5 Goals,Under 3.5 Goals,Yes,Over 0.5 Goals,8/8,betfair_oficial
2026-09-19 17:17,2026-09-19 15:15,Paris FC,Strasbourg,LIQUIDADO,2 - 1,2,1,Paris FC,Over 0.5 Goals,Over 1.5 Goals,Over 2.5 Goals,Under 3.5 Goals,Yes,Over 0.5 Goals,8/8,betfair_oficial
2026-09-19 17:17,2026-09-19 15:15,Bunyodkor,Buxoro FK,LIQUIDADO,2 - 1,2,1,Bunyodkor,Over 0.5 Goals,Over 1.5 Goals,Over 2.5 Goals,Under 3.5 Goals,Yes,Over 0.5 Goals,8/8,betfair_oficial
2026-09-19 17:22,2026-09-19 15:15,Sampdoria,Catanzaro,LIQUIDADO,2 - 1,2,1,Sampdoria,Over 0.5 Goals,Over 1.5 Goals,Over 2.5 Goals,Under 3.5 Goals,Yes,Over 0.5 Goals,8/8,betfair_oficial
2026-09-19 17:27,2026-09-19 15:30,Orgryte,Sirius,LIQUIDADO,1 - 2,1,2,Sirius,Over 0.5 Goals,Over 1.5 Goals,Over 2.5 Goals,Under 3.5 Goals,Yes,Over 0.5 Goals,8/8,betfair_oficial
2026-09-19 17:32,2026-09-19 15:30,Koper,Nafta Lendava,LIQUIDADO,2 - 0,2,0,Koper,Over 0.5 Goals,Over 1.5 Goals,Under 2.5 Goals,Under 3.5 Goals,No,Over 0.5 Goals,8/8,betfair_oficial
2026-09-19 17:32,2026-09-19 15:30,GKS Katowice,Cracovia Krakow,LIQUIDADO,3 - 2,3,2,GKS Katowice,Over 0.5 Goals,Over 1.5 Goals,Over 2.5 Goals,Over 3.5 Goals,Yes,Under 0.5 Goals,8/8,betfair_oficial
2026-09-19 17:37,2026-09-19 15:35,Al-Anwar Club,Al Najma Club,LIQUIDADO,1 - 1,1,1,The Draw,Over 0.5 Goals,Over 1.5 Goals,Under 2.5 Goals,Under 3.5 Goals,Yes,Over 0.5 Goals,8/8,betfair_oficial
2026-09-19 17:47,2026-09-19 15:45,FC Sabah,Imisli FK,LIQUIDADO,3 - 1,3,1,FC Sabah,Over 0.5 Goals,Over 1.5 Goals,Over 2.5 Goals,Over 3.5 Goals,Yes,Over 0.5 Goals,8/8,betfair_oficial
2026-09-19 17:57,2026-09-19 16:00,Arda,Cherno More,LIQUIDADO,1 - 1,1,1,The Draw,Over 0.5 Goals,Over 1.5 Goals,Under 2.5 Goals,Under 3.5 Goals,Yes,Under 0.5 Goals,8/8,betfair_oficial
2026-09-19 17:57,2026-09-19 16:00,Young Boys,Servette,LIQUIDADO,3 - 2,3,2,Young Boys,Over 0.5 Goals,Over 1.5 Goals,Over 2.5 Goals,Over 3.5 Goals,Yes,Over 0.5 Goals,8/8,betfair_oficial
2026-09-19 17:57,2026-09-19 16:00,Zilina,Trencin,LIQUIDADO,2 - 1,2,1,Zilina,Over 0.5 Goals,Over 1.5 Goals,Over 2.5 Goals,Under 3.5 Goals,Yes,Over 0.5 Goals,8/8,betfair_oficial
2026-09-19 17:57,2026-09-19 16:00,Luzern,Grasshoppers Zurich,LIQUIDADO,Any Other Home Win,,,Luzern,Over 0.5 Goals,Over 1.5 Goals,Over 2.5 Goals,Over 3.5 Goals,Yes,Over 0.5 Goals,8/8,betfair_oficial
2026-09-19 17:57,2026-09-19 16:00,Slovacko,Banik Ostrava,LIQUIDADO,2 - 2,2,2,The Draw,Over 0.5 Goals,Over 1.5 Goals,Over 2.5 Goals,Over 3.5 Goals,Yes,Over 0.5 Goals,8/8,betfair_oficial
2026-09-19 17:57,2026-09-19 16:00,Zemplin,Dukla Banska Bystrica,LIQUIDADO,1 - 0,1,0,Zemplin,Over 0.5 Goals,Under 1.5 Goals,Under 2.5 Goals,Under 3.5 Goals,No,Under 0.5 Goals,8/8,betfair_oficial
2026-09-19 17:57,2026-09-19 16:00,Sion,FC Zurich,LIQUIDADO,1 - 1,1,1,The Draw,Over 0.5 Goals,Over 1.5 Goals,Under 2.5 Goals,Under 3.5 Goals,Yes,Over 0.5 Goals,8/8,betfair_oficial
2026-09-19 18:02,2026-09-19 16:00,Nea Salamis,Anorthosis,LIQUIDADO,3 - 0,3,0,Nea Salamis,Over 0.5 Goals,Over 1.5 Goals,Over 2.5 Goals,Under 3.5 Goals,No,Over 0.5 Goals,8/8,betfair_oficial
2026-09-19 18:02,2026-09-19 16:00,FC Kosice,Ruzomberok,LIQUIDADO,2 - 0,2,0,FC Kosice,Over 0.5 Goals,Over 1.5 Goals,Under 2.5 Goals,Under 3.5 Goals,No,Under 0.5 Goals,8/8,betfair_oficial
2026-09-19 18:02,2026-09-19 16:00,Atromitos,Kifisia,LIQUIDADO,1 - 2,1,2,Kifisia,Over 0.5 Goals,Over 1.5 Goals,Over 2.5 Goals,Under 3.5 Goals,Yes,Under 0.5 Goals,8/8,betfair_oficial
2026-09-19 18:02,2026-09-19 16:00,Roma,Inter,LIQUIDADO,2 - 2,2,2,The Draw,Over 0.5 Goals,Over 1.5 Goals,Over 2.5 Goals,Over 3.5 Goals,Yes,Over 0.5 Goals,8/8,betfair_oficial
2026-09-19 18:02,2026-09-19 16:00,Miramar Misiones,Uruguay Montevideo FC,LIQUIDADO,1 - 0,1,0,Miramar Misiones,Over 0.5 Goals,Under 1.5 Goals,Under 2.5 Goals,Under 3.5 Goals,No,Over 0.5 Goals,8/8,betfair_oficial
2026-09-19 18:07,2026-09-19 16:00,Molde,Aalesunds,LIQUIDADO,1 - 2,1,2,Aalesunds,Over 0.5 Goals,Over 1.5 Goals,Over 2.5 Goals,Under 3.5 Goals,Yes,Over 0.5 Goals,8/8,betfair_oficial
2026-09-19 18:07,2026-09-19 16:00,Apollon Limassol,APOEL,LIQUIDADO,2 - 2,2,2,The Draw,Over 0.5 Goals,Over 1.5 Goals,Over 2.5 Goals,Over 3.5 Goals,Yes,Over 0.5 Goals,8/8,betfair_oficial
2026-09-19 18:07,2026-09-19 16:00,OB,Midtjylland,LIQUIDADO,1 - 1,1,1,The Draw,Over 0.5 Goals,Over 1.5 Goals,Under 2.5 Goals,Under 3.5 Goals,Yes,Over 0.5 Goals,8/8,betfair_oficial
2026-09-19 18:12,2026-09-19 16:15,Throttur,Fylkir,LIQUIDADO,1 - 0,1,0,Throttur,Over 0.5 Goals,Under 1.5 Goals,Under 2.5 Goals,Under 3.5 Goals,No,Under 0.5 Goals,8/8,betfair_oficial
2026-09-19 18:17,2026-09-19 16:15,Charleroi,Cercle Brugge,LIQUIDADO,3 - 2,3,2,Charleroi,Over 0.5 Goals,Over 1.5 Goals,Over 2.5 Goals,Over 3.5 Goals,Yes,Over 0.5 Goals,8/8,betfair_oficial
2026-09-19 18:17,2026-09-19 16:15,Ajman Club,Al Sharjah,LIQUIDADO,3 - 2,3,2,Ajman Club,Over 0.5 Goals,Over 1.5 Goals,Over 2.5 Goals,Over 3.5 Goals,Yes,Over 0.5 Goals,8/8,betfair_oficial
2026-09-19 18:22,2026-09-19 16:15,Al Wasl,Al Ain,LIQUIDADO,3 - 2,3,2,Al Wasl,Over 0.5 Goals,Over 1.5 Goals,Over 2.5 Goals,Over 3.5 Goals,Yes,Over 0.5 Goals,8/8,betfair_oficial
2026-09-19 18:27,2026-09-19 16:30,TransINVEST Vilnius,VMFD Zalgiris,LIQUIDADO,3 - 0,3,0,TransINVEST Vilnius,Over 0.5 Goals,Over 1.5 Goals,Over 2.5 Goals,Under 3.5 Goals,No,Over 0.5 Goals,8/8,betfair_oficial
2026-09-19 18:27,2026-09-19 16:30,Eldense,Eibar,LIQUIDADO,1 - 2,1,2,Eibar,Over 0.5 Goals,Over 1.5 Goals,Over 2.5 Goals,Under 3.5 Goals,Yes,Over 0.5 Goals,8/8,betfair_oficial
2026-09-19 18:27,2026-09-19 16:30,Stuttgart,Dortmund,LIQUIDADO,0 - 1,0,1,Dortmund,Over 0.5 Goals,Under 1.5 Goals,Under 2.5 Goals,Under 3.5 Goals,No,Under 0.5 Goals,8/8,betfair_oficial
2026-09-19 18:27,2026-09-19 16:30,Maccabi Petach Tikva,Hapoel Jerusalem,LIQUIDADO,Any Other Away Win,,,Hapoel Jerusalem,Over 0.5 Goals,Over 1.5 Goals,Over 2.5 Goals,Over 3.5 Goals,Yes,Over 0.5 Goals,8/8,betfair_oficial
2026-09-19 18:32,2026-09-19 16:30,Dinamo Tirana,KF Laci,LIQUIDADO,3 - 1,3,1,Dinamo Tirana,Over 0.5 Goals,Over 1.5 Goals,Over 2.5 Goals,Over 3.5 Goals,Yes,Over 0.5 Goals,8/8,betfair_oficial
2026-09-19 18:32,2026-09-19 16:30,Nottm Forest,Coventry,LIQUIDADO,0 - 1,0,1,Coventry,Over 0.5 Goals,Under 1.5 Goals,Under 2.5 Goals,Under 3.5 Goals,No,Under 0.5 Goals,8/8,betfair_oficial
2026-09-19 18:32,2026-09-19 16:30,Celta Vigo,Racing Santander,LIQUIDADO,Any Other Home Win,,,Celta Vigo,Over 0.5 Goals,Over 1.5 Goals,Over 2.5 Goals,Over 3.5 Goals,No,Over 0.5 Goals,8/8,betfair_oficial
2026-09-19 18:32,2026-09-19 16:30,Aris,Iraklis,LIQUIDADO,0 - 0,0,0,The Draw,Under 0.5 Goals,Under 1.5 Goals,Under 2.5 Goals,Under 3.5 Goals,No,Under 0.5 Goals,8/8,betfair_oficial
2026-09-19 18:32,2026-09-19 16:30,Hornchurch,Scunthorpe,LIQUIDADO,1 - 0,1,0,Hornchurch,Over 0.5 Goals,Under 1.5 Goals,Under 2.5 Goals,Under 3.5 Goals,No,Under 0.5 Goals,8/8,betfair_oficial
2026-09-19 18:32,2026-09-19 16:30,CD Castellon,Tenerife,LIQUIDADO,Any Other Home Win,,,CD Castellon,Over 0.5 Goals,Over 1.5 Goals,Over 2.5 Goals,Over 3.5 Goals,No,Over 0.5 Goals,8/8,betfair_oficial
2026-09-19 18:32,2026-09-19 16:30,Zrinjski,Fk Velez Mostar,LIQUIDADO,2 - 0,2,0,Zrinjski,Over 0.5 Goals,Over 1.5 Goals,Under 2.5 Goals,Under 3.5 Goals,No,Over 0.5 Goals,8/8,betfair_oficial
2026-09-19 18:32,2026-09-19 16:30,Bnei Sakhnin,Hapoel Ramat Gan,LIQUIDADO,1 - 0,1,0,Bnei Sakhnin,Over 0.5 Goals,Under 1.5 Goals,Under 2.5 Goals,Under 3.5 Goals,No,Under 0.5 Goals,8/8,betfair_oficial
2026-09-19 18:37,2026-09-19 16:30,Arsenal (W),Man Utd (W),LIQUIDADO,1 - 1,1,1,The Draw,Over 0.5 Goals,Over 1.5 Goals,Under 2.5 Goals,Under 3.5 Goals,Yes,Under 0.5 Goals,8/8,betfair_oficial
2026-09-19 18:42,2026-09-19 16:45,Sparta Rotterdam,Heerenveen,LIQUIDADO,Any Other Away Win,,,Heerenveen,Over 0.5 Goals,Over 1.5 Goals,Over 2.5 Goals,Over 3.5 Goals,No,Over 0.5 Goals,8/8,betfair_oficial
2026-09-19 18:42,2026-09-19 16:45,Kilmarnock,Hearts,LIQUIDADO,1 - 1,1,1,The Draw,Over 0.5 Goals,Over 1.5 Goals,Under 2.5 Goals,Under 3.5 Goals,Yes,Over 0.5 Goals,8/8,betfair_oficial
2026-09-19 18:57,2026-09-19 17:00,Miedz Legnica,Stal Rzeszow,LIQUIDADO,2 - 3,2,3,Stal Rzeszow,Over 0.5 Goals,Over 1.5 Goals,Over 2.5 Goals,Over 3.5 Goals,Yes,Over 0.5 Goals,8/8,betfair_oficial
2026-09-19 18:57,2026-09-19 17:00,Radnik Surdulica,Partizan Belgrade,LIQUIDADO,Any Other Draw,,,The Draw,Over 0.5 Goals,Over 1.5 Goals,Over 2.5 Goals,Over 3.5 Goals,Yes,Over 0.5 Goals,8/8,betfair_oficial
2026-09-19 18:57,2026-09-19 17:00,Basaksehir,Genclerbirligi,LIQUIDADO,Any Other Home Win,,,Basaksehir,Over 0.5 Goals,Over 1.5 Goals,Over 2.5 Goals,Over 3.5 Goals,No,Over 0.5 Goals,8/8,betfair_oficial
2026-09-19 19:02,2026-09-19 17:00,Alverca,Rio Ave,LIQUIDADO,1 - 0,1,0,Alverca,Over 0.5 Goals,Under 1.5 Goals,Under 2.5 Goals,Under 3.5 Goals,No,Over 0.5 Goals,8/8,betfair_oficial
2026-09-19 19:02,2026-09-19 17:00,Maccabi Haifa,Ironi Tiberias,LIQUIDADO,3 - 2,3,2,Maccabi Haifa,Over 0.5 Goals,Over 1.5 Goals,Over 2.5 Goals,Over 3.5 Goals,Yes,Over 0.5 Goals,8/8,betfair_oficial
2026-09-19 19:02,2026-09-19 17:00,Erokspor A.S,Fatih Karagumruk Istanbul,LIQUIDADO,0 - 2,0,2,Fatih Karagumruk Istanbul,Over 0.5 Goals,Over 1.5 Goals,Under 2.5 Goals,Under 3.5 Goals,No,Over 0.5 Goals,8/8,betfair_oficial
2026-09-19 19:02,2026-09-19 17:00,Al-Zulfi SC,Al-Raed (KSA),LIQUIDADO,Any Other Home Win,,,Al-Zulfi SC,Over 0.5 Goals,Over 1.5 Goals,Over 2.5 Goals,Over 3.5 Goals,No,Over 0.5 Goals,8/8,betfair_oficial
2026-09-19 19:02,2026-09-19 17:00,OFK Beograd,FK Radnicki 1923,LIQUIDADO,Any Other Away Win,,,FK Radnicki 1923,Over 0.5 Goals,Over 1.5 Goals,Over 2.5 Goals,Over 3.5 Goals,Yes,Over 0.5 Goals,8/8,betfair_oficial
2026-09-19 19:02,2026-09-19 17:00,Trabzonspor,Galatasaray,LIQUIDADO,Any Other Home Win,,,Trabzonspor,Over 0.5 Goals,Over 1.5 Goals,Over 2.5 Goals,Over 3.5 Goals,No,Over 0.5 Goals,8/8,betfair_oficial
2026-09-19 19:07,2026-09-19 17:00,Maccabi Netanya,Maccabi Tel Aviv,LIQUIDADO,1 - 2,1,2,Maccabi Tel Aviv,Over 0.5 Goals,Over 1.5 Goals,Over 2.5 Goals,Under 3.5 Goals,Yes,Over 0.5 Goals,8/8,betfair_oficial
2026-09-19 19:07,2026-09-19 17:00,Batman Petrolspor,Bursaspor,LIQUIDADO,1 - 2,1,2,Bursaspor,Over 0.5 Goals,Over 1.5 Goals,Over 2.5 Goals,Under 3.5 Goals,Yes,Over 0.5 Goals,8/8,betfair_oficial
2026-09-19 19:17,2026-09-19 17:15,Hapoel Be'er Sheva,Hapoel Kiryat Shmona,LIQUIDADO,1 - 0,1,0,Hapoel Be'er Sheva,Over 0.5 Goals,Under 1.5 Goals,Under 2.5 Goals,Under 3.5 Goals,No,Over 0.5 Goals,8/8,betfair_oficial
2026-09-19 19:27,2026-09-19 17:30,Grazer AK,Austria Wien,LIQUIDADO,2 - 2,2,2,The Draw,Over 0.5 Goals,Over 1.5 Goals,Over 2.5 Goals,Over 3.5 Goals,Yes,Over 0.5 Goals,8/8,betfair_oficial
2026-09-19 19:27,2026-09-19 17:30,Universitatea Craiova,FCSB,LIQUIDADO,Any Other Home Win,,,Universitatea Craiova,Over 0.5 Goals,Over 1.5 Goals,Over 2.5 Goals,Over 3.5 Goals,No,Over 0.5 Goals,8/8,betfair_oficial
2026-09-19 19:32,2026-09-19 17:30,Gimnasia La Plata,Banfield,LIQUIDADO,2 - 2,2,2,The Draw,Over 0.5 Goals,Over 1.5 Goals,Over 2.5 Goals,Over 3.5 Goals,Yes,Over 0.5 Goals,8/8,betfair_oficial
2026-09-19 19:32,2026-09-19 17:30,Debreceni VSC,Vasas,LIQUIDADO,Any Other Away Win,,,Vasas,Over 0.5 Goals,Over 1.5 Goals,Over 2.5 Goals,Over 3.5 Goals,Yes,Over 0.5 Goals,8/8,betfair_oficial
2026-09-19 19:32,2026-09-19 17:30,Beitar Jerusalem,Hapoel Haifa,LIQUIDADO,2 - 1,2,1,Beitar Jerusalem,Over 0.5 Goals,Over 1.5 Goals,Over 2.5 Goals,Under 3.5 Goals,Yes,Over 0.5 Goals,8/8,betfair_oficial
2026-09-19 19:37,2026-09-19 17:30,Gimnasia Mendoza,Deportivo Riestra,LIQUIDADO,0 - 0,0,0,The Draw,Under 0.5 Goals,Under 1.5 Goals,Under 2.5 Goals,Under 3.5 Goals,No,Under 0.5 Goals,8/8,betfair_oficial
2026-09-19 19:37,2026-09-19 17:30,Ascoli,Calcio Avellino SSD,LIQUIDADO,3 - 1,3,1,Ascoli,Over 0.5 Goals,Over 1.5 Goals,Over 2.5 Goals,Over 3.5 Goals,Yes,Over 0.5 Goals,8/8,betfair_oficial
2026-09-19 19:57,2026-09-19 18:00,Metz,St Etienne,LIQUIDADO,2 - 2,2,2,The Draw,Over 0.5 Goals,Over 1.5 Goals,Over 2.5 Goals,Over 3.5 Goals,Yes,Under 0.5 Goals,8/8,betfair_oficial
2026-09-19 20:02,2026-09-19 18:00,Ajax,Excelsior,LIQUIDADO,2 - 2,2,2,The Draw,Over 0.5 Goals,Over 1.5 Goals,Over 2.5 Goals,Over 3.5 Goals,Yes,Over 0.5 Goals,8/8,betfair_oficial
2026-09-19 20:02,2026-09-19 18:00,Eupen,FC Liege,LIQUIDADO,3 - 1,3,1,Eupen,Over 0.5 Goals,Over 1.5 Goals,Over 2.5 Goals,Over 3.5 Goals,Yes,Over 0.5 Goals,8/8,betfair_oficial
2026-09-19 20:02,2026-09-19 18:00,ES Setif,CS Constantine,LIQUIDADO,Any Other Home Win,,,ES Setif,Over 0.5 Goals,Over 1.5 Goals,Over 2.5 Goals,Over 3.5 Goals,Yes,Over 0.5 Goals,8/8,betfair_oficial
2026-09-19 20:07,2026-09-19 18:00,FC Cajamarca,Cusco FC,LIQUIDADO,1 - 2,1,2,Cusco FC,Over 0.5 Goals,Over 1.5 Goals,Over 2.5 Goals,Under 3.5 Goals,Yes,Over 0.5 Goals,8/8,betfair_oficial
2026-09-19 20:12,2026-09-19 18:00,NK Istra,HNK Gorica,LIQUIDADO,0 - 1,0,1,HNK Gorica,Over 0.5 Goals,Under 1.5 Goals,Under 2.5 Goals,Under 3.5 Goals,No,Under 0.5 Goals,8/8,betfair_oficial
2026-09-19 20:17,2026-09-19 18:15,NK Maribor,NK Aluminij,LIQUIDADO,2 - 2,2,2,The Draw,Over 0.5 Goals,Over 1.5 Goals,Over 2.5 Goals,Over 3.5 Goals,Yes,Over 0.5 Goals,8/8,betfair_oficial
2026-09-19 20:17,2026-09-19 18:15,LKP Motor Lublin,Gornik Zabrze,LIQUIDADO,0 - 0,0,0,The Draw,Under 0.5 Goals,Under 1.5 Goals,Under 2.5 Goals,Under 3.5 Goals,No,Under 0.5 Goals,8/8,betfair_oficial
2026-09-19 20:27,2026-09-19 18:30,Cerro,Penarol,LIQUIDADO,1 - 2,1,2,Penarol,Over 0.5 Goals,Over 1.5 Goals,Over 2.5 Goals,Under 3.5 Goals,Yes,Over 0.5 Goals,8/8,betfair_oficial
2026-09-19 20:32,2026-09-19 18:30,San Telmo,Estudiantes de Caseros,LIQUIDADO,0 - 1,0,1,Estudiantes de Caseros,Over 0.5 Goals,Under 1.5 Goals,Under 2.5 Goals,Under 3.5 Goals,No,Under 0.5 Goals,8/8,betfair_oficial
2026-09-19 20:32,2026-09-19 18:30,Dynamo Dresden,Hertha Berlin,LIQUIDADO,1 - 2,1,2,Hertha Berlin,Over 0.5 Goals,Over 1.5 Goals,Over 2.5 Goals,Under 3.5 Goals,Yes,Over 0.5 Goals,8/8,betfair_oficial
2026-09-19 20:32,2026-09-19 18:30,CA San Miguel,All Boys,LIQUIDADO,1 - 1,1,1,The Draw,Over 0.5 Goals,Over 1.5 Goals,Under 2.5 Goals,Under 3.5 Goals,Yes,Under 0.5 Goals,8/8,betfair_oficial
2026-09-19 20:37,2026-09-19 18:30,Ferro Carril Oeste,Ciudad de Bolivar,LIQUIDADO,1 - 0,1,0,Ferro Carril Oeste,Over 0.5 Goals,Under 1.5 Goals,Under 2.5 Goals,Under 3.5 Goals,No,Over 0.5 Goals,8/8,betfair_oficial
2026-09-19 20:37,2026-09-19 18:30,KFC Komarno,Slovan Bratislava,LIQUIDADO,1 - 2,1,2,Slovan Bratislava,Over 0.5 Goals,Over 1.5 Goals,Over 2.5 Goals,Under 3.5 Goals,Yes,Over 0.5 Goals,8/8,betfair_oficial
2026-09-19 20:42,2026-09-19 18:45,Toulouse,Le Havre,LIQUIDADO,3 - 2,3,2,Toulouse,Over 0.5 Goals,Over 1.5 Goals,Over 2.5 Goals,Over 3.5 Goals,Yes,Under 0.5 Goals,8/8,betfair_oficial
2026-09-19 20:42,2026-09-19 18:45,Venezia,Lazio,LIQUIDADO,0 - 2,0,2,Lazio,Over 0.5 Goals,Over 1.5 Goals,Under 2.5 Goals,Under 3.5 Goals,No,Under 0.5 Goals,8/8,betfair_oficial
2026-09-19 20:42,2026-09-19 18:45,Sligo Rovers,St Patricks,LIQUIDADO,0 - 1,0,1,St Patricks,Over 0.5 Goals,Under 1.5 Goals,Under 2.5 Goals,Under 3.5 Goals,No,Under 0.5 Goals,8/8,betfair_oficial
2026-09-19 20:42,2026-09-19 18:45,Lommel,Yellow-Red Mechelen,LIQUIDADO,0 - 0,0,0,The Draw,Under 0.5 Goals,Under 1.5 Goals,Under 2.5 Goals,Under 3.5 Goals,No,Under 0.5 Goals,8/8,betfair_oficial
2026-09-19 20:47,2026-09-19 18:45,Angers,ESTAC Troyes,LIQUIDADO,2 - 0,2,0,Angers,Over 0.5 Goals,Over 1.5 Goals,Under 2.5 Goals,Under 3.5 Goals,No,Over 0.5 Goals,8/8,betfair_oficial
2026-09-19 20:47,2026-09-19 18:45,Anderlecht,Zulte-Waregem,LIQUIDADO,3 - 0,3,0,Anderlecht,Over 0.5 Goals,Over 1.5 Goals,Over 2.5 Goals,Under 3.5 Goals,No,Over 0.5 Goals,8/8,betfair_oficial
2026-09-19 20:47,2026-09-19 18:45,Le Mans,Lorient,LIQUIDADO,2 - 1,2,1,Le Mans,Over 0.5 Goals,Over 1.5 Goals,Over 2.5 Goals,Under 3.5 Goals,Yes,Over 0.5 Goals,8/8,betfair_oficial
2026-09-19 20:57,2026-09-19 18:45,Lyon,Rennes,LIQUIDADO,Any Other Home Win,,,Lyon,Over 0.5 Goals,Over 1.5 Goals,Over 2.5 Goals,Over 3.5 Goals,No,Over 0.5 Goals,8/8,betfair_oficial
2026-09-19 20:57,2026-09-19 19:00,Libertad,Club Sportivo Ameliano,LIQUIDADO,1 - 1,1,1,The Draw,Over 0.5 Goals,Over 1.5 Goals,Under 2.5 Goals,Under 3.5 Goals,Yes,Under 0.5 Goals,8/8,betfair_oficial
2026-09-19 21:02,2026-09-19 19:00,Cadiz,Girona,LIQUIDADO,1 - 2,1,2,Girona,Over 0.5 Goals,Over 1.5 Goals,Over 2.5 Goals,Under 3.5 Goals,Yes,Over 0.5 Goals,8/8,betfair_oficial
2026-09-19 21:02,2026-09-19 19:00,Willem II,Fortuna Sittard,LIQUIDADO,0 - 1,0,1,Fortuna Sittard,Over 0.5 Goals,Under 1.5 Goals,Under 2.5 Goals,Under 3.5 Goals,No,Under 0.5 Goals,8/8,betfair_oficial
2026-09-19 21:02,2026-09-19 19:00,Millonarios,Boyaca Chico,LIQUIDADO,3 - 0,3,0,Millonarios,Over 0.5 Goals,Over 1.5 Goals,Over 2.5 Goals,Under 3.5 Goals,No,Over 0.5 Goals,8/8,betfair_oficial
2026-09-19 21:02,2026-09-19 19:00,Atletico MG,Chapecoense,LIQUIDADO,1 - 1,1,1,The Draw,Over 0.5 Goals,Over 1.5 Goals,Under 2.5 Goals,Under 3.5 Goals,Yes,Over 0.5 Goals,8/8,betfair_oficial
2026-09-19 21:02,2026-09-19 19:00,CA Temperley,Almagro BA,LIQUIDADO,3 - 1,3,1,CA Temperley,Over 0.5 Goals,Over 1.5 Goals,Over 2.5 Goals,Over 3.5 Goals,Yes,Over 0.5 Goals,8/8,betfair_oficial
2026-09-19 21:02,2026-09-19 19:00,Atletico Rafaela,San Martin de Tucuman,LIQUIDADO,Any Other Home Win,,,Atletico Rafaela,Over 0.5 Goals,Over 1.5 Goals,Over 2.5 Goals,Over 3.5 Goals,Yes,Over 0.5 Goals,8/8,betfair_oficial
2026-09-19 21:07,2026-09-19 19:00,Sevilla,Barcelona,LIQUIDADO,1 - 3,1,3,Barcelona,Over 0.5 Goals,Over 1.5 Goals,Over 2.5 Goals,Over 3.5 Goals,Yes,Over 0.5 Goals,8/8,betfair_oficial
2026-09-19 21:32,2026-09-19 17:00,FK Arsenal Tivat,FK Sutjeska,LIQUIDADO,,,,,Over 0.5 Goals,Over 1.5 Goals,,,,Over 0.5 Goals,8/8,betfair_oficial
2026-09-19 21:32,2026-09-19 19:00,Plaza Colonia,Paysandu FC,LIQUIDADO,1 - 1,1,1,The Draw,Over 0.5 Goals,Over 1.5 Goals,Under 2.5 Goals,Under 3.5 Goals,Yes,Over 0.5 Goals,8/8,betfair_oficial
2026-09-19 21:32,2026-09-19 19:30,Rayo Zuliano,Monagas,LIQUIDADO,1 - 1,1,1,The Draw,Over 0.5 Goals,Over 1.5 Goals,Under 2.5 Goals,Under 3.5 Goals,Yes,Over 0.5 Goals,8/8,betfair_oficial
2026-09-19 21:37,2026-09-19 19:30,Sporting Lisbon,Arouca,LIQUIDADO,2 - 2,2,2,The Draw,Over 0.5 Goals,Over 1.5 Goals,Over 2.5 Goals,Over 3.5 Goals,Yes,Over 0.5 Goals,8/8,betfair_oficial
2026-09-19 21:37,2026-09-19 19:30,Sport Recife,Juventude,LIQUIDADO,2 - 1,2,1,Sport Recife,Over 0.5 Goals,Over 1.5 Goals,Over 2.5 Goals,Under 3.5 Goals,Yes,Over 0.5 Goals,8/8,betfair_oficial
2026-09-19 21:37,2026-09-19 19:30,KA Akureyri,Thor,LIQUIDADO,3 - 0,3,0,KA Akureyri,Over 0.5 Goals,Over 1.5 Goals,Over 2.5 Goals,Under 3.5 Goals,No,Under 0.5 Goals,8/8,betfair_oficial
2026-09-19 21:52,2026-09-19 19:45,Union Santa Fe,CA Independiente,LIQUIDADO,1 - 2,1,2,CA Independiente,Over 0.5 Goals,Over 1.5 Goals,Over 2.5 Goals,Under 3.5 Goals,Yes,Under 0.5 Goals,8/8,betfair_oficial
2026-09-19 21:57,2026-09-19 20:00,Orlando Pride SC (W),Portland Thorns (W),LIQUIDADO,Any Other Away Win,,,Portland Thorns (W),Over 0.5 Goals,Over 1.5 Goals,Over 2.5 Goals,Over 3.5 Goals,Yes,Over 0.5 Goals,8/8,betfair_oficial
2026-09-19 22:02,2026-09-19 20:00,Universidad de Venezuela,Carabobo FC,LIQUIDADO,1 - 1,1,1,The Draw,Over 0.5 Goals,Over 1.5 Goals,Under 2.5 Goals,Under 3.5 Goals,Yes,Over 0.5 Goals,8/8,betfair_oficial
2026-09-19 22:02,2026-09-19 20:00,Mirassol,Botafogo FR,LIQUIDADO,2 - 0,2,0,Mirassol,Over 0.5 Goals,Over 1.5 Goals,Under 2.5 Goals,Under 3.5 Goals,No,Over 0.5 Goals,8/8,betfair_oficial
2026-09-19 22:02,2026-09-19 20:00,Guadalupe F.C,Consultants Desamparados,LIQUIDADO,0 - 3,0,3,Consultants Desamparados,Over 0.5 Goals,Over 1.5 Goals,Over 2.5 Goals,Under 3.5 Goals,No,Over 0.5 Goals,8/8,betfair_oficial
2026-09-19 22:07,2026-09-19 20:00,Maringa,Botafogo PB,LIQUIDADO,2 - 0,2,0,Maringa,Over 0.5 Goals,Over 1.5 Goals,Under 2.5 Goals,Under 3.5 Goals,No,Under 0.5 Goals,8/8,betfair_oficial
2026-09-19 22:27,2026-09-19 20:30,Sporting Cristal,Atletico Grau,LIQUIDADO,3 - 1,3,1,Sporting Cristal,Over 0.5 Goals,Over 1.5 Goals,Over 2.5 Goals,Over 3.5 Goals,Yes,Over 0.5 Goals,8/8,betfair_oficial
2026-09-19 22:32,2026-09-19 20:30,Leones FC,Boca Juniors de Cali,LIQUIDADO,1 - 2,1,2,Boca Juniors de Cali,Over 0.5 Goals,Over 1.5 Goals,Over 2.5 Goals,Under 3.5 Goals,Yes,Over 0.5 Goals,8/8,betfair_oficial
2026-09-19 23:02,2026-09-19 21:00,Aurora FC,Marquense,LIQUIDADO,1 - 0,1,0,Aurora FC,Over 0.5 Goals,Under 1.5 Goals,Under 2.5 Goals,Under 3.5 Goals,No,Under 0.5 Goals,8/8,betfair_oficial
2026-09-19 23:02,2026-09-19 21:05,Alianza FC Valledupar,Santa Fe,LIQUIDADO,Any Other Away Win,,,Santa Fe,Over 0.5 Goals,Over 1.5 Goals,Over 2.5 Goals,Over 3.5 Goals,Yes,Over 0.5 Goals,8/8,betfair_oficial
2026-09-19 23:07,2026-09-19 21:00,CD Cacahuatique,CD Fas,LIQUIDADO,0 - 2,0,2,Cd Fas,Over 0.5 Goals,Over 1.5 Goals,Under 2.5 Goals,Under 3.5 Goals,No,Over 0.5 Goals,8/8,betfair_oficial
2026-09-19 23:12,2026-09-19 21:00,A.D. Cofutpa,AD Sarchi,LIQUIDADO,1 - 2,1,2,AD Sarchi,Over 0.5 Goals,Over 1.5 Goals,Over 2.5 Goals,Under 3.5 Goals,Yes,Over 0.5 Goals,8/8,betfair_oficial
2026-09-19 23:22,2026-09-19 21:00,Cavalry,Forge,LIQUIDADO,1 - 1,1,1,The Draw,Over 0.5 Goals,Over 1.5 Goals,Under 2.5 Goals,Under 3.5 Goals,Yes,Under 0.5 Goals,8/8,betfair_oficial
2026-09-19 23:27,2026-09-19 21:30,Cerro Porteno,Rubio Nu,LIQUIDADO,1 - 0,1,0,Cerro Porteno,Over 0.5 Goals,Under 1.5 Goals,Under 2.5 Goals,Under 3.5 Goals,No,Over 0.5 Goals,8/8,betfair_oficial
2026-09-19 23:27,2026-09-19 21:30,Deportivo Maldonado,Cerro Largo FC,LIQUIDADO,2 - 0,2,0,Deportivo Maldonado,Over 0.5 Goals,Over 1.5 Goals,Under 2.5 Goals,Under 3.5 Goals,No,Over 0.5 Goals,8/8,betfair_oficial
2026-09-19 23:32,2026-09-19 21:30,Genesis Huracan,Olancho,LIQUIDADO,0 - 0,0,0,The Draw,Under 0.5 Goals,Under 1.5 Goals,Under 2.5 Goals,Under 3.5 Goals,No,Under 0.5 Goals,8/8,betfair_oficial
2026-09-19 23:32,2026-09-19 21:30,Calor de San Pedro,Ciervos FC,LIQUIDADO,Any Other Home Win,,,Calor de San Pedro,Over 0.5 Goals,Over 1.5 Goals,Over 2.5 Goals,Over 3.5 Goals,No,Over 0.5 Goals,8/8,betfair_oficial
2026-09-19 23:32,2026-09-19 21:30,Aurora,Universitario de Vinto,LIQUIDADO,Any Other Home Win,,,Aurora,Over 0.5 Goals,Over 1.5 Goals,Over 2.5 Goals,Over 3.5 Goals,Yes,Over 0.5 Goals,8/8,betfair_oficial
2026-09-19 23:32,2026-09-19 21:30,Athletic Club,Botafogo SP,LIQUIDADO,1 - 1,1,1,The Draw,Over 0.5 Goals,Over 1.5 Goals,Under 2.5 Goals,Under 3.5 Goals,Yes,Over 0.5 Goals,8/8,betfair_oficial
2026-09-19 23:37,2026-09-19 21:30,Remo,Santos,LIQUIDADO,1 - 2,1,2,Santos,Over 0.5 Goals,Over 1.5 Goals,Over 2.5 Goals,Under 3.5 Goals,Yes,Under 0.5 Goals,8/8,betfair_oficial
2026-09-19 23:42,2026-09-19 21:30,Guayaquil City,CD Leones del Norte,LIQUIDADO,1 - 1,1,1,The Draw,Over 0.5 Goals,Over 1.5 Goals,Under 2.5 Goals,Under 3.5 Goals,Yes,Over 0.5 Goals,8/8,betfair_oficial
2026-09-20 00:02,2026-09-19 22:00,La Luz FC,Atenas,LIQUIDADO,0 - 1,0,1,Atenas,Over 0.5 Goals,Under 1.5 Goals,Under 2.5 Goals,Under 3.5 Goals,No,Under 0.5 Goals,8/8,betfair_oficial
2026-09-20 00:02,2026-09-19 22:00,Puerto Cabello,Portuguesa FC,LIQUIDADO,2 - 1,2,1,Puerto Cabello,Over 0.5 Goals,Over 1.5 Goals,Over 2.5 Goals,Under 3.5 Goals,Yes,Over 0.5 Goals,8/8,betfair_oficial
2026-09-20 00:07,2026-09-19 22:00,River Plate,CA Huracan,LIQUIDADO,1 - 2,1,2,CA Huracan,Over 0.5 Goals,Over 1.5 Goals,Over 2.5 Goals,Under 3.5 Goals,Yes,Over 0.5 Goals,8/8,betfair_oficial
2026-09-20 00:37,2026-09-19 22:30,North Carolina (W),NJ/NY Gotham FC (W),LIQUIDADO,1 - 2,1,2,NJ/NY Gotham FC (W),Over 0.5 Goals,Over 1.5 Goals,Over 2.5 Goals,Under 3.5 Goals,Yes,Over 0.5 Goals,8/8,betfair_oficial
2026-09-20 00:57,2026-09-19 23:00,Deportivo Garcilaso,Universitario de Deportes,LIQUIDADO,Any Other Home Win,,,Deportivo Garcilaso,Over 0.5 Goals,Over 1.5 Goals,Over 2.5 Goals,Over 3.5 Goals,No,Over 0.5 Goals,8/8,betfair_oficial
2026-09-20 00:57,2026-09-19 23:00,Internacional Santa Tecla,AD Isidro Metapan,LIQUIDADO,0 - 0,0,0,The Draw,Under 0.5 Goals,Under 1.5 Goals,Under 2.5 Goals,Under 3.5 Goals,No,Under 0.5 Goals,8/8,betfair_oficial
2026-09-20 01:02,2026-09-19 23:00,Atletico San Luis,Necaxa,LIQUIDADO,3 - 1,3,1,Atletico San Luis,Over 0.5 Goals,Over 1.5 Goals,Over 2.5 Goals,Over 3.5 Goals,Yes,Over 0.5 Goals,8/8,betfair_oficial
2026-09-20 01:07,2026-09-19 23:00,Puntarenas F.C.,Escorpiones FC,LIQUIDADO,1 - 0,1,0,Puntarenas F.C.,Over 0.5 Goals,Under 1.5 Goals,Under 2.5 Goals,Under 3.5 Goals,No,Over 0.5 Goals,8/8,betfair_oficial
2026-09-20 01:07,2026-09-19 23:10,Deportivo Cali,Cucuta Deportivo,LIQUIDADO,3 - 0,3,0,Deportivo Cali,Over 0.5 Goals,Over 1.5 Goals,Over 2.5 Goals,Under 3.5 Goals,No,Over 0.5 Goals,8/8,betfair_oficial
2026-09-20 01:12,2026-09-19 23:00,Atlas,Pumas UNAM,LIQUIDADO,1 - 1,1,1,The Draw,Over 0.5 Goals,Over 1.5 Goals,Under 2.5 Goals,Under 3.5 Goals,Yes,Over 0.5 Goals,8/8,betfair_oficial
2026-09-20 01:17,2026-09-19 23:15,Alianza FC (Pan),CD Universitario,LIQUIDADO,0 - 0,0,0,The Draw,Under 0.5 Goals,Under 1.5 Goals,Under 2.5 Goals,Under 3.5 Goals,No,Under 0.5 Goals,8/8,betfair_oficial
2026-09-20 01:37,2026-09-19 23:30,Vasco da Gama,Coritiba,LIQUIDADO,Any Other Home Win,,,Vasco Da Gama,Over 0.5 Goals,Over 1.5 Goals,Over 2.5 Goals,Over 3.5 Goals,No,Over 0.5 Goals,8/8,betfair_oficial
2026-09-20 01:42,2026-09-19 23:30,CF Montreal,Columbus,LIQUIDADO,0 - 2,0,2,Columbus,Over 0.5 Goals,Over 1.5 Goals,Under 2.5 Goals,Under 3.5 Goals,No,Under 0.5 Goals,8/8,betfair_oficial
2026-09-20 01:42,2026-09-19 23:30,DC Utd,Charlotte FC,LIQUIDADO,1 - 2,1,2,Charlotte FC,Over 0.5 Goals,Over 1.5 Goals,Over 2.5 Goals,Under 3.5 Goals,Yes,Over 0.5 Goals,8/8,betfair_oficial
2026-09-20 01:47,2026-09-19 23:30,San Jose Earthquakes,Los Angeles FC,LIQUIDADO,2 - 2,2,2,The Draw,Over 0.5 Goals,Over 1.5 Goals,Over 2.5 Goals,Over 3.5 Goals,Yes,Over 0.5 Goals,8/8,betfair_oficial
2026-09-20 01:47,2026-09-19 23:30,New England Revolution,Orlando City,LIQUIDADO,Any Other Home Win,,,New England Revolution,Over 0.5 Goals,Over 1.5 Goals,Over 2.5 Goals,Over 3.5 Goals,Yes,Over 0.5 Goals,8/8,betfair_oficial
2026-09-20 03:02,2026-09-19 23:30,Deportivo La Guaira,Deportivo Tachira,LIQUIDADO,Any Other Away Win,,,Deportivo Tachira,Over 0.5 Goals,Over 1.5 Goals,Over 2.5 Goals,Over 3.5 Goals,Yes,Over 0.5 Goals,8/8,betfair_oficial
2026-09-20 03:02,2026-09-20 00:00,Emelec,Libertad FC,LIQUIDADO,1 - 2,1,2,Libertad FC,Over 0.5 Goals,Over 1.5 Goals,Over 2.5 Goals,Under 3.5 Goals,Yes,Over 0.5 Goals,8/8,betfair_oficial
2026-09-20 03:02,2026-09-20 00:00,Sao Paulo,Internacional,LIQUIDADO,1 - 0,1,0,Sao Paulo,Over 0.5 Goals,Under 1.5 Goals,Under 2.5 Goals,Under 3.5 Goals,No,Over 0.5 Goals,8/8,betfair_oficial
2026-09-20 03:02,2026-09-20 00:00,Real Potosi,Nacional Potosi,LIQUIDADO,2 - 2,2,2,The Draw,Over 0.5 Goals,Over 1.5 Goals,Over 2.5 Goals,Over 3.5 Goals,Yes,Over 0.5 Goals,8/8,betfair_oficial
2026-09-20 03:02,2026-09-20 00:15,Instituto,Talleres,LIQUIDADO,3 - 1,3,1,Instituto,Over 0.5 Goals,Over 1.5 Goals,Over 2.5 Goals,Over 3.5 Goals,Yes,Under 0.5 Goals,8/8,betfair_oficial
2026-09-20 03:02,2026-09-20 00:30,St Louis City SC,Toronto FC,LIQUIDADO,3 - 1,3,1,St Louis City SC,Over 0.5 Goals,Over 1.5 Goals,Over 2.5 Goals,Over 3.5 Goals,Yes,Over 0.5 Goals,8/8,betfair_oficial
2026-09-20 03:02,2026-09-20 00:30,Minnesota Utd,LA Galaxy,LIQUIDADO,2 - 3,2,3,LA Galaxy,Over 0.5 Goals,Over 1.5 Goals,Over 2.5 Goals,Over 3.5 Goals,Yes,Over 0.5 Goals,8/8,betfair_oficial
2026-09-20 03:02,2026-09-20 00:30,Houston Dynamo,FC Cincinnati,LIQUIDADO,2 - 2,2,2,The Draw,Over 0.5 Goals,Over 1.5 Goals,Over 2.5 Goals,Over 3.5 Goals,Yes,Over 0.5 Goals,8/8,betfair_oficial
2026-09-20 03:02,2026-09-20 00:30,FC Dallas,Austin FC,LIQUIDADO,0 - 0,0,0,The Draw,Under 0.5 Goals,Under 1.5 Goals,Under 2.5 Goals,Under 3.5 Goals,No,Under 0.5 Goals,8/8,betfair_oficial
2026-09-20 03:02,2026-09-20 00:30,Kansas City,Philadelphia,LIQUIDADO,Any Other Away Win,,,Philadelphia,Over 0.5 Goals,Over 1.5 Goals,Over 2.5 Goals,Over 3.5 Goals,Yes,Over 0.5 Goals,8/8,betfair_oficial
2026-09-20 03:02,2026-09-20 01:00,Cancun FC,Alebrijes De Oaxaca,LIQUIDADO,3 - 0,3,0,Cancun FC,Over 0.5 Goals,Over 1.5 Goals,Over 2.5 Goals,Under 3.5 Goals,No,Under 0.5 Goals,8/8,betfair_oficial
2026-09-20 03:02,2026-09-20 01:00,Club Atletico Morelia,Universidad Guadalajara,LIQUIDADO,2 - 0,2,0,Club Atletico Morelia,Over 0.5 Goals,Over 1.5 Goals,Under 2.5 Goals,Under 3.5 Goals,No,Over 0.5 Goals,8/8,betfair_oficial
2026-09-20 03:02,2026-09-20 00:00,Deportivo La Guaira,Deportivo Tachira,LIQUIDADO,Any Other Away Win,,,Deportivo Tachira,Over 0.5 Goals,Over 1.5 Goals,Over 2.5 Goals,Over 3.5 Goals,Yes,Over 0.5 Goals,8/8,betfair_oficial
2026-09-20 03:07,2026-09-20 01:00,Club Jaiba Brava,Dorados,LIQUIDADO,1 - 1,1,1,The Draw,Over 0.5 Goals,Over 1.5 Goals,Under 2.5 Goals,Under 3.5 Goals,Yes,Under 0.5 Goals,8/8,betfair_oficial
2026-09-20 03:17,2026-09-20 01:10,Monterrey,Cruz Azul,LIQUIDADO,1 - 0,1,0,Monterrey,Over 0.5 Goals,Under 1.5 Goals,Under 2.5 Goals,Under 3.5 Goals,No,Over 0.5 Goals,8/8,betfair_oficial
2026-09-20 03:17,2026-09-20 01:15,Deportivo Pasto,Once Caldas,LIQUIDADO,1 - 0,1,0,Deportivo Pasto,Over 0.5 Goals,Under 1.5 Goals,Under 2.5 Goals,Under 3.5 Goals,No,Under 0.5 Goals,8/8,betfair_oficial
2026-09-20 03:27,2026-09-20 01:15,Melgar,Sport Boys (Per),LIQUIDADO,1 - 1,1,1,The Draw,Over 0.5 Goals,Over 1.5 Goals,Under 2.5 Goals,Under 3.5 Goals,Yes,Over 0.5 Goals,8/8,betfair_oficial
2026-09-20 03:27,2026-09-20 01:30,Plaza Amador,Veraguas FC,LIQUIDADO,1 - 1,1,1,The Draw,Over 0.5 Goals,Over 1.5 Goals,Under 2.5 Goals,Under 3.5 Goals,Yes,Over 0.5 Goals,8/8,betfair_oficial
2026-09-20 03:32,2026-09-20 01:30,Real Espana,CD Motagua,LIQUIDADO,1 - 0,1,0,Real Espana,Over 0.5 Goals,Under 1.5 Goals,Under 2.5 Goals,Under 3.5 Goals,No,Under 0.5 Goals,8/8,betfair_oficial
2026-09-20 03:37,2026-09-20 01:30,Nashville SC,Chicago Fire,LIQUIDADO,3 - 0,3,0,Nashville SC,Over 0.5 Goals,Over 1.5 Goals,Over 2.5 Goals,Under 3.5 Goals,No,Over 0.5 Goals,8/8,betfair_oficial
2026-09-20 03:47,2026-09-20 01:30,Real Salt Lake,Vancouver Whitecaps,LIQUIDADO,0 - 3,0,3,Vancouver Whitecaps,Over 0.5 Goals,Over 1.5 Goals,Over 2.5 Goals,Under 3.5 Goals,No,Over 0.5 Goals,8/8,betfair_oficial
2026-09-20 04:07,2026-09-20 02:00,Deportivo Saprissa,Cs Herediano,LIQUIDADO,2 - 0,2,0,Deportivo Saprissa,Over 0.5 Goals,Over 1.5 Goals,Under 2.5 Goals,Under 3.5 Goals,No,Over 0.5 Goals,8/8,betfair_oficial
2026-09-20 04:32,2026-09-20 01:30,Colorado,Seattle Sounders,LIQUIDADO,3 - 3,3,3,The Draw,Over 0.5 Goals,Over 1.5 Goals,Over 2.5 Goals,Over 3.5 Goals,Yes,Over 0.5 Goals,8/8,betfair_oficial
2026-09-20 04:32,2026-09-20 02:30,Colorado,Seattle Sounders,LIQUIDADO,3 - 3,3,3,The Draw,Over 0.5 Goals,Over 1.5 Goals,Over 2.5 Goals,Over 3.5 Goals,Yes,Over 0.5 Goals,8/8,betfair_oficial
2026-09-20 04:42,2026-09-20 02:30,Portland Timbers,Atlanta Utd,LIQUIDADO,0 - 1,0,1,Atlanta Utd,Over 0.5 Goals,Under 1.5 Goals,Under 2.5 Goals,Under 3.5 Goals,No,Over 0.5 Goals,8/8,betfair_oficial
2026-09-20 05:27,2026-09-20 03:15,CF America,Guadalajara,LIQUIDADO,2 - 2,2,2,The Draw,Over 0.5 Goals,Over 1.5 Goals,Over 2.5 Goals,Over 3.5 Goals,Yes,Over 0.5 Goals,8/8,betfair_oficial
2026-09-20 05:37,2026-09-20 00:00,Pacific,Vancouver FC,LIQUIDADO,1 - 1,1,1,The Draw,Over 0.5 Goals,Under 1.5 Goals,Under 2.5 Goals,Under 3.5 Goals,Yes,Over 0.5 Goals,8/8,betfair_oficial
2026-09-20 06:07,2026-09-20 04:00,Kanazawa,Renofa Yamaguchi,LIQUIDADO,1 - 2,1,2,Renofa Yamaguchi,Over 0.5 Goals,Over 1.5 Goals,Over 2.5 Goals,Under 3.5 Goals,Yes,Over 0.5 Goals,8/8,betfair_oficial
2026-09-20 07:07,2026-09-20 05:00,Sham Shui Po,Dreams Metro Gallery,LIQUIDADO,2 - 1,2,1,Sham Shui Po,Over 0.5 Goals,Over 1.5 Goals,Over 2.5 Goals,Under 3.5 Goals,Yes,Over 0.5 Goals,8/8,betfair_oficial
2026-09-20 07:32,2026-09-20 05:30,Supreme FC,Central & West DR & SA,LIQUIDADO,Any Other Away Win,,,Central & West DR & SA,Over 0.5 Goals,Over 1.5 Goals,Over 2.5 Goals,Over 3.5 Goals,No,Over 0.5 Goals,8/8,betfair_oficial
2026-09-20 08:57,2026-09-20 07:00,Hong Kong U23,Thailand U23,LIQUIDADO,Any Other Away Win,,,Thailand U23,Over 0.5 Goals,Over 1.5 Goals,Over 2.5 Goals,Over 3.5 Goals,Yes,Over 0.5 Goals,8/8,betfair_oficial
2026-09-20 09:12,2026-09-20 07:00,Tung Sing,WSE,LIQUIDADO,2 - 1,2,1,Tung Sing,Over 0.5 Goals,Over 1.5 Goals,Over 2.5 Goals,Under 3.5 Goals,Yes,Over 0.5 Goals,8/8,betfair_oficial
2026-09-20 09:27,2026-09-20 07:30,Gangwon,Jeju Utd,LIQUIDADO,0 - 1,0,1,Jeju Utd,Over 0.5 Goals,Under 1.5 Goals,Under 2.5 Goals,Under 3.5 Goals,No,Over 0.5 Goals,8/8,betfair_oficial
2026-09-20 09:32,2026-09-20 07:30,Resources Capital FC,South China,LIQUIDADO,1 - 1,1,1,The Draw,Over 0.5 Goals,Over 1.5 Goals,Under 2.5 Goals,Under 3.5 Goals,Yes,Under 0.5 Goals,8/8,betfair_oficial
2026-09-20 09:32,2026-09-20 07:30,Jeonbuk Motors,Gwangju FC,LIQUIDADO,2 - 2,2,2,The Draw,Over 0.5 Goals,Over 1.5 Goals,Over 2.5 Goals,Over 3.5 Goals,Yes,Over 0.5 Goals,8/8,betfair_oficial
2026-09-20 09:32,2026-09-20 07:30,Yongin FC,Gyeongnam,LIQUIDADO,0 - 0,0,0,The Draw,Under 0.5 Goals,Under 1.5 Goals,Under 2.5 Goals,Under 3.5 Goals,No,Under 0.5 Goals,8/8,betfair_oficial
2026-09-20 09:37,2026-09-20 07:30,3 Sing FC,Yuen Long,LIQUIDADO,1 - 3,1,3,Yuen Long,Over 0.5 Goals,Over 1.5 Goals,Over 2.5 Goals,Over 3.5 Goals,Yes,Over 0.5 Goals,8/8,betfair_oficial
2026-09-20 09:37,2026-09-20 07:30,Ansan Greeners FC,Cheongju FC,LIQUIDADO,2 - 3,2,3,Cheongju FC,Over 0.5 Goals,Over 1.5 Goals,Over 2.5 Goals,Over 3.5 Goals,Yes,Over 0.5 Goals,8/8,betfair_oficial
2026-09-20 09:42,2026-09-20 07:30,Citizen AA,Lucky Mile,LIQUIDADO,3 - 1,3,1,Citizen AA,Over 0.5 Goals,Over 1.5 Goals,Over 2.5 Goals,Over 3.5 Goals,Yes,Over 0.5 Goals,8/8,betfair_oficial
2026-09-20 09:52,2026-09-20 08:00,Ulaangom City FC,Deren FC,LIQUIDADO,Any Other Away Win,,,Deren FC,Over 0.5 Goals,Over 1.5 Goals,Over 2.5 Goals,Over 3.5 Goals,No,Over 0.5 Goals,8/8,betfair_oficial
2026-09-20 09:57,2026-09-20 08:00,Yokohama SCC,Briobecca Urayasu SC,LIQUIDADO,Any Other Home Win,,,Yokohama SCC,Over 0.5 Goals,Over 1.5 Goals,Over 2.5 Goals,Over 3.5 Goals,Yes,Over 0.5 Goals,8/8,betfair_oficial
2026-09-20 10:02,2026-09-20 08:00,Southern District,Eastern District SA,LIQUIDADO,2 - 1,2,1,Southern District,Over 0.5 Goals,Over 1.5 Goals,Over 2.5 Goals,Under 3.5 Goals,Yes,Under 0.5 Goals,8/8,betfair_oficial
2026-09-20 10:02,2026-09-20 08:00,Mio Biwako Shiga,FC Ryukyu,LIQUIDADO,3 - 0,3,0,MIO Biwako Shiga,Over 0.5 Goals,Over 1.5 Goals,Over 2.5 Goals,Under 3.5 Goals,No,Over 0.5 Goals,8/8,betfair_oficial
2026-09-20 10:02,2026-09-20 08:00,Tochigi Uva FC,Sendai,LIQUIDADO,1 - 3,1,3,Sendai,Over 0.5 Goals,Over 1.5 Goals,Over 2.5 Goals,Over 3.5 Goals,Yes,Over 0.5 Goals,8/8,betfair_oficial
2026-09-20 10:02,2026-09-20 08:00,G-Osaka,Kobe,LIQUIDADO,0 - 1,0,1,Kobe,Over 0.5 Goals,Under 1.5 Goals,Under 2.5 Goals,Under 3.5 Goals,No,Under 0.5 Goals,8/8,betfair_oficial
2026-09-20 10:02,2026-09-20 08:00,Nagano Parceiro,FC Gifu,LIQUIDADO,1 - 0,1,0,Nagano Parceiro,Over 0.5 Goals,Under 1.5 Goals,Under 2.5 Goals,Under 3.5 Goals,No,Under 0.5 Goals,8/8,betfair_oficial
2026-09-20 10:02,2026-09-20 08:00,Sagamihara,Kitakyushu,LIQUIDADO,1 - 2,1,2,Kitakyushu,Over 0.5 Goals,Over 1.5 Goals,Over 2.5 Goals,Under 3.5 Goals,Yes,Over 0.5 Goals,8/8,betfair_oficial
2026-09-20 10:02,2026-09-20 08:00,FC Machida,Kashiwa,LIQUIDADO,Any Other Away Win,,,Kashiwa,Over 0.5 Goals,Over 1.5 Goals,Over 2.5 Goals,Over 3.5 Goals,Yes,Over 0.5 Goals,8/8,betfair_oficial
2026-09-20 10:07,2026-09-20 08:15,Zizkov,Trinec,LIQUIDADO,3 - 0,3,0,Zizkov,Over 0.5 Goals,Over 1.5 Goals,Over 2.5 Goals,Under 3.5 Goals,No,Over 0.5 Goals,8/8,betfair_oficial
2026-09-20 10:12,2026-09-20 08:15,Unicov,CSK Uhersky Brod,LIQUIDADO,Any Other Home Win,,,Unicov,Over 0.5 Goals,Over 1.5 Goals,Over 2.5 Goals,Over 3.5 Goals,Yes,Over 0.5 Goals,8/8,betfair_oficial
2026-09-20 10:12,2026-09-20 08:15,FC Zbrojovka Brno B,RSM Hodonin,LIQUIDADO,0 - 1,0,1,Rsm Hodonin,Over 0.5 Goals,Under 1.5 Goals,Under 2.5 Goals,Under 3.5 Goals,No,Under 0.5 Goals,8/8,betfair_oficial
2026-09-20 10:17,2026-09-20 08:15,MFK Karvina B,FK Blansko,LIQUIDADO,Any Other Away Win,,,FK Blansko,Over 0.5 Goals,Over 1.5 Goals,Over 2.5 Goals,Over 3.5 Goals,Yes,Over 0.5 Goals,8/8,betfair_oficial
2026-09-20 10:27,2026-09-20 08:30,MSK Zilina II,MSK Povazska Bystrica,LIQUIDADO,Any Other Home Win,,,MSK Zilina II,Over 0.5 Goals,Over 1.5 Goals,Over 2.5 Goals,Over 3.5 Goals,Yes,Over 0.5 Goals,8/8,betfair_oficial
2026-09-20 10:27,2026-09-20 08:30,CSM Ramnicu-Valcea,Bihor Oradea,LIQUIDADO,3 - 2,3,2,Csm Ramnicu-Valcea,Over 0.5 Goals,Over 1.5 Goals,Over 2.5 Goals,Over 3.5 Goals,Yes,Over 0.5 Goals,8/8,betfair_oficial
2026-09-20 10:32,2026-09-20 08:30,Dewa United FC,Pss Sleman,LIQUIDADO,2 - 1,2,1,Dewa United FC,Over 0.5 Goals,Over 1.5 Goals,Over 2.5 Goals,Under 3.5 Goals,Yes,Under 0.5 Goals,8/8,betfair_oficial
2026-09-20 10:32,2026-09-20 08:30,Pusamania Borneo FC,Bali Utd Pusam,LIQUIDADO,1 - 0,1,0,Pusamania Borneo FC,Over 0.5 Goals,Under 1.5 Goals,Under 2.5 Goals,Under 3.5 Goals,No,Under 0.5 Goals,8/8,betfair_oficial
2026-09-20 10:37,2026-09-20 08:30,Deltras Sidoarjo,PS Barito Putera,LIQUIDADO,3 - 2,3,2,Deltras Sidoarjo,Over 0.5 Goals,Over 1.5 Goals,Over 2.5 Goals,Over 3.5 Goals,Yes,Over 0.5 Goals,8/8,betfair_oficial
2026-09-20 10:52,2026-09-20 08:45,Kirivong Sok Sen Chey,Angkor Tiger FC,LIQUIDADO,2 - 1,2,1,Kirivong Sok Sen Chey,Over 0.5 Goals,Over 1.5 Goals,Over 2.5 Goals,Under 3.5 Goals,Yes,Over 0.5 Goals,8/8,betfair_oficial
2026-09-20 10:57,2026-09-20 09:00,Tensung FC,Drukpa FC,LIQUIDADO,1 - 3,1,3,Drukpa FC,Over 0.5 Goals,Over 1.5 Goals,Over 2.5 Goals,Over 3.5 Goals,Yes,Over 0.5 Goals,8/8,betfair_oficial
2026-09-20 11:02,2026-09-20 09:00,Pulau Pinang,Johor Darul Ta'zim,LIQUIDADO,Any Other Away Win,,,Johor Darul Ta'zim,Over 0.5 Goals,Over 1.5 Goals,Over 2.5 Goals,Over 3.5 Goals,Yes,Over 0.5 Goals,8/8,betfair_oficial
2026-09-20 11:37,2026-09-20 09:30,Kui Tan SC,Hoi King SA,LIQUIDADO,2 - 1,2,1,Kui Tan SC,Over 0.5 Goals,Over 1.5 Goals,Over 2.5 Goals,Under 3.5 Goals,Yes,Under 0.5 Goals,8/8,betfair_oficial
2026-09-20 11:42,2026-09-20 09:45,Azkals Development Team,Maharlika Manila FC,LIQUIDADO,2 - 0,2,0,Azkals Development Team,Over 0.5 Goals,Over 1.5 Goals,Under 2.5 Goals,Under 3.5 Goals,No,Under 0.5 Goals,8/8,betfair_oficial
2026-09-20 11:57,2026-09-20 10:00,Stal Stalowa Wola,Resovia Rzeszow,LIQUIDADO,2 - 0,2,0,Stal Stalowa Wola,Over 0.5 Goals,Over 1.5 Goals,Under 2.5 Goals,Under 3.5 Goals,No,Over 0.5 Goals,8/8,betfair_oficial
2026-09-20 11:57,2026-09-20 10:00,Incheon Utd,Daejeon Citizen,LIQUIDADO,1 - 1,1,1,The Draw,Over 0.5 Goals,Over 1.5 Goals,Under 2.5 Goals,Under 3.5 Goals,Yes,Over 0.5 Goals,8/8,betfair_oficial
2026-09-20 12:02,2026-09-20 10:00,Seongnam FC,Hwaseong FC,LIQUIDADO,2 - 2,2,2,The Draw,Over 0.5 Goals,Over 1.5 Goals,Over 2.5 Goals,Over 3.5 Goals,Yes,Over 0.5 Goals,8/8,betfair_oficial
2026-09-20 12:02,2026-09-20 10:00,Pohang Steelers,FC Seoul,LIQUIDADO,2 - 1,2,1,Pohang Steelers,Over 0.5 Goals,Over 1.5 Goals,Over 2.5 Goals,Under 3.5 Goals,Yes,Over 0.5 Goals,8/8,betfair_oficial
2026-09-20 12:02,2026-09-20 10:00,Gimhae City,Paju Citizen,LIQUIDADO,0 - 2,0,2,Paju Citizen,Over 0.5 Goals,Over 1.5 Goals,Under 2.5 Goals,Under 3.5 Goals,No,Over 0.5 Goals,8/8,betfair_oficial
2026-09-20 12:12,2026-09-20 08:00,SK Poltava,FK Metal Kharkiv,LIQUIDADO,3 - 0,3,0,SK Poltava,Over 0.5 Goals,Over 1.5 Goals,Over 2.5 Goals,Under 3.5 Goals,No,Over 0.5 Goals,8/8,betfair_oficial
2026-09-20 12:12,2026-09-20 10:15,Feyenoord,FC Utrecht,LIQUIDADO,Any Other Home Win,,,Feyenoord,Over 0.5 Goals,Over 1.5 Goals,Over 2.5 Goals,Over 3.5 Goals,No,Over 0.5 Goals,8/8,betfair_oficial
2026-09-20 12:17,2026-09-20 10:15,Piast Gliwice,Pogon Szczecin,LIQUIDADO,1 - 2,1,2,Pogon Szczecin,Over 0.5 Goals,Over 1.5 Goals,Over 2.5 Goals,Under 3.5 Goals,Yes,Over 0.5 Goals,8/8,betfair_oficial
2026-09-20 12:27,2026-09-20 10:30,Kyrgyzstan U23,Japan U23,LIQUIDADO,Any Other Away Win,,,Japan U23,Over 0.5 Goals,Over 1.5 Goals,Over 2.5 Goals,Over 3.5 Goals,No,Over 0.5 Goals,8/8,betfair_oficial
2026-09-20 12:32,2026-09-20 10:00,FK Kudrivka,Kolos Kovalyovka,LIQUIDADO,2 - 3,2,3,Kolos Kovalyovka,Over 0.5 Goals,Over 1.5 Goals,Over 2.5 Goals,Over 3.5 Goals,Yes,Over 0.5 Goals,8/8,betfair_oficial
2026-09-20 12:37,2026-09-20 10:30,Fiorentina,Napoli,LIQUIDADO,1 - 1,1,1,The Draw,Over 0.5 Goals,Over 1.5 Goals,Under 2.5 Goals,Under 3.5 Goals,Yes,Over 0.5 Goals,8/8,betfair_oficial
2026-09-20 12:52,2026-09-20 11:00,Tvaakers,Trelleborgs,LIQUIDADO,0 - 1,0,1,Trelleborgs,Over 0.5 Goals,Under 1.5 Goals,Under 2.5 Goals,Under 3.5 Goals,No,Under 0.5 Goals,8/8,betfair_oficial
2026-09-20 12:57,2026-09-20 11:00,Celtic,Rangers,LIQUIDADO,0 - 1,0,1,Rangers,Over 0.5 Goals,Under 1.5 Goals,Under 2.5 Goals,Under 3.5 Goals,No,Over 0.5 Goals,8/8,betfair_oficial
2026-09-20 12:57,2026-09-20 11:00,Sundsvall,Ljungskile,LIQUIDADO,3 - 2,3,2,Sundsvall,Over 0.5 Goals,Over 1.5 Goals,Over 2.5 Goals,Over 3.5 Goals,Yes,Over 0.5 Goals,8/8,betfair_oficial
2026-09-20 12:57,2026-09-20 11:00,Truong Tuoi Dong Nai,Cong An Nhan Dan,LIQUIDADO,0 - 3,0,3,Cong An Nhan Dan,Over 0.5 Goals,Over 1.5 Goals,Over 2.5 Goals,Under 3.5 Goals,No,Under 0.5 Goals,8/8,betfair_oficial
2026-09-20 12:57,2026-09-20 11:00,Hong Kong Rangers FC,Eastern AA,LIQUIDADO,1 - 0,1,0,Hong Kong Rangers FC,Over 0.5 Goals,Under 1.5 Goals,Under 2.5 Goals,Under 3.5 Goals,No,Under 0.5 Goals,8/8,betfair_oficial
2026-09-20 12:57,2026-09-20 11:00,BK Olympic,Rosengard,LIQUIDADO,1 - 1,1,1,The Draw,Over 0.5 Goals,Over 1.5 Goals,Under 2.5 Goals,Under 3.5 Goals,Yes,Over 0.5 Goals,8/8,betfair_oficial
2026-09-20 12:57,2026-09-20 11:00,Laholms,Kristianstads,LIQUIDADO,2 - 3,2,3,Kristianstads,Over 0.5 Goals,Over 1.5 Goals,Over 2.5 Goals,Over 3.5 Goals,Yes,Over 0.5 Goals,8/8,betfair_oficial
2026-09-20 12:57,2026-09-20 11:00,Ogre United,SK Super Nova,LIQUIDADO,1 - 0,1,0,Ogre United,Over 0.5 Goals,Under 1.5 Goals,Under 2.5 Goals,Under 3.5 Goals,No,Over 0.5 Goals,8/8,betfair_oficial
2026-09-20 13:02,2026-09-20 11:00,FC Voluntari,Universitatea Cluj,LIQUIDADO,0 - 2,0,2,Universitatea Cluj,Over 0.5 Goals,Over 1.5 Goals,Under 2.5 Goals,Under 3.5 Goals,No,Under 0.5 Goals,8/8,betfair_oficial
2026-09-20 13:02,2026-09-20 11:00,Hai Phong,Than Quang Ninh FC,LIQUIDADO,0 - 1,0,1,Than Quang Ninh FC,Over 0.5 Goals,Under 1.5 Goals,Under 2.5 Goals,Under 3.5 Goals,No,Over 0.5 Goals,8/8,betfair_oficial
2026-09-20 13:02,2026-09-20 11:00,Wolves,West Brom,LIQUIDADO,1 - 0,1,0,Wolves,Over 0.5 Goals,Under 1.5 Goals,Under 2.5 Goals,Under 3.5 Goals,No,Under 0.5 Goals,8/8,betfair_oficial
2026-09-20 13:02,2026-09-20 11:00,Hradec Kralove,Teplice,LIQUIDADO,0 - 2,0,2,Teplice,Over 0.5 Goals,Over 1.5 Goals,Under 2.5 Goals,Under 3.5 Goals,No,Over 0.5 Goals,8/8,betfair_oficial
2026-09-20 13:02,2026-09-20 11:00,Chonburi,Buriram Utd,LIQUIDADO,0 - 1,0,1,Buriram Utd,Over 0.5 Goals,Under 1.5 Goals,Under 2.5 Goals,Under 3.5 Goals,No,Over 0.5 Goals,8/8,betfair_oficial
2026-09-20 13:02,2026-09-20 11:00,Rayong FC,Ratchaburi,LIQUIDADO,1 - 1,1,1,The Draw,Over 0.5 Goals,Over 1.5 Goals,Under 2.5 Goals,Under 3.5 Goals,Yes,Over 0.5 Goals,8/8,betfair_oficial
2026-09-20 13:12,2026-09-20 11:15,SK Kladno,FK Pribram,LIQUIDADO,2 - 2,2,2,The Draw,Over 0.5 Goals,Over 1.5 Goals,Over 2.5 Goals,Over 3.5 Goals,Yes,Over 0.5 Goals,8/8,betfair_oficial
2026-09-20 13:12,2026-09-20 11:15,Hegelmann Litauen,FK Suduva,LIQUIDADO,1 - 1,1,1,The Draw,Over 0.5 Goals,Over 1.5 Goals,Under 2.5 Goals,Under 3.5 Goals,Yes,Over 0.5 Goals,8/8,betfair_oficial
2026-09-20 13:22,2026-09-20 11:30,Tammeka Tartu,Nomme Kalju,LIQUIDADO,1 - 3,1,3,Nomme Kalju,Over 0.5 Goals,Over 1.5 Goals,Over 2.5 Goals,Over 3.5 Goals,Yes,Over 0.5 Goals,8/8,betfair_oficial
2026-09-20 13:27,2026-09-20 11:30,Hannover,Bochum,LIQUIDADO,2 - 1,2,1,Hannover,Over 0.5 Goals,Over 1.5 Goals,Over 2.5 Goals,Under 3.5 Goals,Yes,Over 0.5 Goals,8/8,betfair_oficial
2026-09-20 13:27,2026-09-20 11:30,Antwerp,Union St Gilloise,LIQUIDADO,0 - 2,0,2,Union St Gilloise,Over 0.5 Goals,Over 1.5 Goals,Under 2.5 Goals,Under 3.5 Goals,No,Under 0.5 Goals,8/8,betfair_oficial
2026-09-20 13:27,2026-09-20 11:30,Arminia Bielefeld,FC Heidenheim,LIQUIDADO,2 - 2,2,2,The Draw,Over 0.5 Goals,Over 1.5 Goals,Over 2.5 Goals,Over 3.5 Goals,Yes,Over 0.5 Goals,8/8,betfair_oficial
2026-09-20 13:27,2026-09-20 11:30,Cottbus,St Pauli,LIQUIDADO,1 - 1,1,1,The Draw,Over 0.5 Goals,Over 1.5 Goals,Under 2.5 Goals,Under 3.5 Goals,Yes,Over 0.5 Goals,8/8,betfair_oficial
2026-09-20 13:32,2026-09-20 11:00,Kasetsart FC,Nakhon Pathom,LIQUIDADO,0 - 0,0,0,The Draw,Under 0.5 Goals,Under 1.5 Goals,Under 2.5 Goals,Under 3.5 Goals,No,Under 0.5 Goals,8/8,betfair_oficial
2026-09-20 13:32,2026-09-20 11:30,Rot-Weiss Essen,Hansa Rostock,LIQUIDADO,1 - 1,1,1,The Draw,Over 0.5 Goals,Over 1.5 Goals,Under 2.5 Goals,Under 3.5 Goals,Yes,Under 0.5 Goals,8/8,betfair_oficial
2026-09-20 13:32,2026-09-20 11:30,Sukhothai,Port FC,LIQUIDADO,2 - 1,2,1,Sukhothai,Over 0.5 Goals,Over 1.5 Goals,Over 2.5 Goals,Under 3.5 Goals,Yes,Over 0.5 Goals,8/8,betfair_oficial
2026-09-20 13:32,2026-09-20 11:30,Esan Pattaya,Phrae United,LIQUIDADO,0 - 3,0,3,Phrae United,Over 0.5 Goals,Over 1.5 Goals,Over 2.5 Goals,Under 3.5 Goals,No,Over 0.5 Goals,8/8,betfair_oficial
2026-09-20 13:52,2026-09-20 12:00,Kalmar FF,Hacken,LIQUIDADO,Any Other Away Win,,,Hacken,Over 0.5 Goals,Over 1.5 Goals,Over 2.5 Goals,Over 3.5 Goals,No,Over 0.5 Goals,8/8,betfair_oficial
2026-09-20 13:57,2026-09-20 12:00,Hamburger SV (W),FC Nurnberg (W),LIQUIDADO,Any Other Home Win,,,Hamburger SV (W),Over 0.5 Goals,Over 1.5 Goals,Over 2.5 Goals,Over 3.5 Goals,Yes,Over 0.5 Goals,8/8,betfair_oficial
2026-09-20 13:57,2026-09-20 12:00,FC Vaduz,Thun,LIQUIDADO,1 - 2,1,2,Thun,Over 0.5 Goals,Over 1.5 Goals,Over 2.5 Goals,Under 3.5 Goals,Yes,Over 0.5 Goals,8/8,betfair_oficial
2026-09-20 13:57,2026-09-20 12:00,Halmstads,AIK,LIQUIDADO,2 - 1,2,1,Halmstads,Over 0.5 Goals,Over 1.5 Goals,Over 2.5 Goals,Under 3.5 Goals,Yes,Under 0.5 Goals,8/8,betfair_oficial
2026-09-20 13:57,2026-09-20 12:00,Yverdon Sport,Stade Lausanne-Ouchy,LIQUIDADO,0 - 0,0,0,The Draw,Under 0.5 Goals,Under 1.5 Goals,Under 2.5 Goals,Under 3.5 Goals,No,Under 0.5 Goals,8/8,betfair_oficial
2026-09-20 13:57,2026-09-20 12:00,Sonderjyske,Randers,LIQUIDADO,Any Other Home Win,,,SonderjyskE,Over 0.5 Goals,Over 1.5 Goals,Over 2.5 Goals,Over 3.5 Goals,Yes,Over 0.5 Goals,8/8,betfair_oficial
2026-09-20 13:57,2026-09-20 12:00,Persis Solo,PSBS Biak Numfor,LIQUIDADO,Any Other Home Win,,,Persis Solo,Over 0.5 Goals,Over 1.5 Goals,Over 2.5 Goals,Over 3.5 Goals,No,Over 0.5 Goals,8/8,betfair_oficial
2026-09-20 13:57,2026-09-20 12:00,Kustosija,NK Croatia Zmijavci,LIQUIDADO,1 - 0,1,0,Kustosija,Over 0.5 Goals,Under 1.5 Goals,Under 2.5 Goals,Under 3.5 Goals,No,Under 0.5 Goals,8/8,betfair_oficial
2026-09-20 14:02,2026-09-20 12:00,Persijap Jepara,Persib Bandung,LIQUIDADO,1 - 2,1,2,Persib Bandung,Over 0.5 Goals,Over 1.5 Goals,Over 2.5 Goals,Under 3.5 Goals,Yes,Over 0.5 Goals,8/8,betfair_oficial
2026-09-20 14:02,2026-09-20 12:00,Sabadell,Oviedo,LIQUIDADO,3 - 1,3,1,Sabadell,Over 0.5 Goals,Over 1.5 Goals,Over 2.5 Goals,Over 3.5 Goals,Yes,Over 0.5 Goals,8/8,betfair_oficial
2026-09-20 14:02,2026-09-20 12:00,Brondby,FC Copenhagen,LIQUIDADO,0 - 1,0,1,FC Copenhagen,Over 0.5 Goals,Under 1.5 Goals,Under 2.5 Goals,Under 3.5 Goals,No,Under 0.5 Goals,8/8,betfair_oficial
2026-09-20 14:02,2026-09-20 12:00,Djurgardens,Elfsborg,LIQUIDADO,1 - 2,1,2,Elfsborg,Over 0.5 Goals,Over 1.5 Goals,Over 2.5 Goals,Under 3.5 Goals,Yes,Over 0.5 Goals,8/8,betfair_oficial
2026-09-20 14:02,2026-09-20 12:00,AaB,Vendsyssel FF,LIQUIDADO,2 - 2,2,2,The Draw,Over 0.5 Goals,Over 1.5 Goals,Over 2.5 Goals,Over 3.5 Goals,Yes,Over 0.5 Goals,8/8,betfair_oficial
2026-09-20 14:02,2026-09-20 12:00,FC Ararat Yerevan,FC Syunik,LIQUIDADO,1 - 0,1,0,FC Ararat Yerevan,Over 0.5 Goals,Under 1.5 Goals,Under 2.5 Goals,Under 3.5 Goals,No,Under 0.5 Goals,8/8,betfair_oficial
2026-09-20 14:02,2026-09-20 12:00,FK Teleoptik Zemun,FK Borac Cacak,LIQUIDADO,1 - 2,1,2,FK Borac Cacak,Over 0.5 Goals,Over 1.5 Goals,Over 2.5 Goals,Under 3.5 Goals,Yes,Over 0.5 Goals,8/8,betfair_oficial
2026-09-20 14:02,2026-09-20 12:00,Semen Padang,PSIS Semarang,LIQUIDADO,1 - 1,1,1,The Draw,Over 0.5 Goals,Over 1.5 Goals,Under 2.5 Goals,Under 3.5 Goals,Yes,Over 0.5 Goals,8/8,betfair_oficial
2026-09-20 14:12,2026-09-20 12:00,Getafe,Malaga,LIQUIDADO,1 - 0,1,0,Getafe,Over 0.5 Goals,Under 1.5 Goals,Under 2.5 Goals,Under 3.5 Goals,No,Under 0.5 Goals,8/8,betfair_oficial
2026-09-20 14:12,2026-09-20 12:15,FK Andijan,Nasaf,LIQUIDADO,Any Other Away Win,,,Nasaf,Over 0.5 Goals,Over 1.5 Goals,Over 2.5 Goals,Over 3.5 Goals,Yes,Over 0.5 Goals,8/8,betfair_oficial
2026-09-20 14:12,2026-09-20 12:15,Spartak Varna,Lokomotiv Sofia,LIQUIDADO,0 - 1,0,1,Lokomotiv Sofia,Over 0.5 Goals,Under 1.5 Goals,Under 2.5 Goals,Under 3.5 Goals,No,Under 0.5 Goals,8/8,betfair_oficial
2026-09-20 14:22,2026-09-20 12:15,Ha Noi FC,SHB Da Nang,LIQUIDADO,1 - 1,1,1,The Draw,Over 0.5 Goals,Over 1.5 Goals,Under 2.5 Goals,Under 3.5 Goals,Yes,Over 0.5 Goals,8/8,betfair_oficial
2026-09-20 14:27,2026-09-20 12:30,FC Twente,PSV,LIQUIDADO,3 - 2,3,2,FC Twente,Over 0.5 Goals,Over 1.5 Goals,Over 2.5 Goals,Over 3.5 Goals,Yes,Over 0.5 Goals,8/8,betfair_oficial
2026-09-20 14:27,2026-09-20 12:30,SV Ried,RZ Pellets WAC,LIQUIDADO,Any Other Home Win,,,SV Ried,Over 0.5 Goals,Over 1.5 Goals,Over 2.5 Goals,Over 3.5 Goals,Yes,Over 0.5 Goals,8/8,betfair_oficial
2026-09-20 14:27,2026-09-20 12:30,Hartberg,LASK Linz,LIQUIDADO,3 - 3,3,3,The Draw,Over 0.5 Goals,Over 1.5 Goals,Over 2.5 Goals,Over 3.5 Goals,Yes,Over 0.5 Goals,8/8,betfair_oficial
2026-09-20 14:27,2026-09-20 12:30,Az Alkmaar,SC Telstar,LIQUIDADO,1 - 0,1,0,Az Alkmaar,Over 0.5 Goals,Under 1.5 Goals,Under 2.5 Goals,Under 3.5 Goals,No,Over 0.5 Goals,8/8,betfair_oficial
2026-09-20 14:27,2026-09-20 12:30,Banik Ostrava B,Usti Nad Labem,LIQUIDADO,0 - 2,0,2,Usti Nad Labem,Over 0.5 Goals,Over 1.5 Goals,Under 2.5 Goals,Under 3.5 Goals,No,Over 0.5 Goals,8/8,betfair_oficial
2026-09-20 14:32,2026-09-20 12:30,Norwich,Bolton,LIQUIDADO,Any Other Away Win,,,Bolton,Over 0.5 Goals,Over 1.5 Goals,Over 2.5 Goals,Over 3.5 Goals,Yes,Over 0.5 Goals,8/8,betfair_oficial
2026-09-20 14:32,2026-09-20 12:30,Shamakhi FK,Araz Nakhchivan PFK,LIQUIDADO,2 - 1,2,1,Shamakhi FK,Over 0.5 Goals,Over 1.5 Goals,Over 2.5 Goals,Under 3.5 Goals,Yes,Over 0.5 Goals,8/8,betfair_oficial
2026-09-20 14:32,2026-09-20 12:30,Karpaty,Veres Rivne,LIQUIDADO,1 - 1,1,1,The Draw,Over 0.5 Goals,Over 1.5 Goals,Under 2.5 Goals,Under 3.5 Goals,Yes,Over 0.5 Goals,8/8,betfair_oficial
2026-09-20 14:32,2026-09-20 12:30,Pogon Siedlce,Arka Gdynia,LIQUIDADO,2 - 1,2,1,Pogon Siedlce,Over 0.5 Goals,Over 1.5 Goals,Over 2.5 Goals,Under 3.5 Goals,Yes,Over 0.5 Goals,8/8,betfair_oficial
2026-09-20 14:32,2026-09-20 12:30,Valerenga,Fredrikstad,LIQUIDADO,1 - 1,1,1,The Draw,Over 0.5 Goals,Over 1.5 Goals,Under 2.5 Goals,Under 3.5 Goals,Yes,Under 0.5 Goals,8/8,betfair_oficial
2026-09-20 14:32,2026-09-20 12:30,Stallion Penson FC,Manila Digger FC,LIQUIDADO,0 - 3,0,3,Manila Digger FC,Over 0.5 Goals,Over 1.5 Goals,Over 2.5 Goals,Under 3.5 Goals,No,Over 0.5 Goals,8/8,betfair_oficial
2026-09-20 14:42,2026-09-20 12:45,MTK Budapest,Gyori,LIQUIDADO,1 - 2,1,2,Gyori,Over 0.5 Goals,Over 1.5 Goals,Over 2.5 Goals,Under 3.5 Goals,Yes,Under 0.5 Goals,8/8,betfair_oficial
2026-09-20 14:47,2026-09-20 12:45,Zaglebie Lubin,Wisla Plock,LIQUIDADO,0 - 2,0,2,Wisla Plock,Over 0.5 Goals,Over 1.5 Goals,Under 2.5 Goals,Under 3.5 Goals,No,Over 0.5 Goals,8/8,betfair_oficial
2026-09-20 14:57,2026-09-20 13:00,Bournemouth,Liverpool,LIQUIDADO,0 - 1,0,1,Liverpool,Over 0.5 Goals,Under 1.5 Goals,Under 2.5 Goals,Under 3.5 Goals,No,Under 0.5 Goals,8/8,betfair_oficial
2026-09-20 14:57,2026-09-20 13:00,Milford,Durban City,LIQUIDADO,1 - 1,1,1,The Draw,Over 0.5 Goals,Over 1.5 Goals,Under 2.5 Goals,Under 3.5 Goals,Yes,Over 0.5 Goals,8/8,betfair_oficial
2026-09-20 14:57,2026-09-20 13:00,Crystal Palace (W),Tottenham (W),LIQUIDADO,Any Other Away Win,,,Tottenham (W),Over 0.5 Goals,Over 1.5 Goals,Over 2.5 Goals,Over 3.5 Goals,No,Under 0.5 Goals,8/8,betfair_oficial
2026-09-20 14:57,2026-09-20 13:00,Helsingborgs,Norrby IF,LIQUIDADO,0 - 0,0,0,The Draw,Under 0.5 Goals,Under 1.5 Goals,Under 2.5 Goals,Under 3.5 Goals,No,Under 0.5 Goals,8/8,betfair_oficial
2026-09-20 14:57,2026-09-20 13:00,Albion FC,Juventud De Las Piedras,LIQUIDADO,1 - 3,1,3,Juventud De Las Piedras,Over 0.5 Goals,Over 1.5 Goals,Over 2.5 Goals,Over 3.5 Goals,Yes,Over 0.5 Goals,8/8,betfair_oficial
2026-09-20 14:57,2026-09-20 13:00,Fredericia,Vejle,LIQUIDADO,2 - 2,2,2,The Draw,Over 0.5 Goals,Over 1.5 Goals,Over 2.5 Goals,Over 3.5 Goals,Yes,Over 0.5 Goals,8/8,betfair_oficial
2026-09-20 14:57,2026-09-20 13:00,Newcastle Utd (W),Sheffield United (W),LIQUIDADO,Any Other Home Win,,,Newcastle Utd (W),Over 0.5 Goals,Over 1.5 Goals,Over 2.5 Goals,Over 3.5 Goals,Yes,Over 0.5 Goals,8/8,betfair_oficial
2026-09-20 14:57,2026-09-20 13:00,Leeds,Crystal Palace,LIQUIDADO,0 - 0,0,0,The Draw,Under 0.5 Goals,Under 1.5 Goals,Under 2.5 Goals,Under 3.5 Goals,No,Under 0.5 Goals,8/8,betfair_oficial
2026-09-20 14:57,2026-09-20 13:00,Auxerre,Brest,LIQUIDADO,2 - 1,2,1,Auxerre,Over 0.5 Goals,Over 1.5 Goals,Over 2.5 Goals,Under 3.5 Goals,Yes,Over 0.5 Goals,8/8,betfair_oficial
2026-09-20 14:57,2026-09-20 13:00,FK Jablonec,Zlin,LIQUIDADO,1 - 1,1,1,The Draw,Over 0.5 Goals,Over 1.5 Goals,Under 2.5 Goals,Under 3.5 Goals,Yes,Over 0.5 Goals,8/8,betfair_oficial
2026-09-20 15:02,2026-09-20 13:00,Golden Arrows,Kaizer Chiefs,LIQUIDADO,0 - 0,0,0,The Draw,Under 0.5 Goals,Under 1.5 Goals,Under 2.5 Goals,Under 3.5 Goals,No,Under 0.5 Goals,8/8,betfair_oficial
2026-09-20 15:02,2026-09-20 13:00,Brighton (W),Aston Villa (W),LIQUIDADO,1 - 1,1,1,The Draw,Over 0.5 Goals,Over 1.5 Goals,Under 2.5 Goals,Under 3.5 Goals,Yes,Over 0.5 Goals,8/8,betfair_oficial
2026-09-20 15:02,2026-09-20 13:00,West Ham United (W),Everton (W),LIQUIDADO,0 - 1,0,1,Everton (W),Over 0.5 Goals,Under 1.5 Goals,Under 2.5 Goals,Under 3.5 Goals,No,Under 0.5 Goals,8/8,betfair_oficial
2026-09-20 15:02,2026-09-20 13:00,Sunderland (W),Southampton (W),LIQUIDADO,0 - 0,0,0,The Draw,Under 0.5 Goals,Under 1.5 Goals,Under 2.5 Goals,Under 3.5 Goals,No,Under 0.5 Goals,8/8,betfair_oficial
2026-09-20 15:02,2026-09-20 13:00,Fk Siauliai,FK Kauno Zalgiris,LIQUIDADO,0 - 2,0,2,FK Kauno Zalgiris,Over 0.5 Goals,Over 1.5 Goals,Under 2.5 Goals,Under 3.5 Goals,No,Under 0.5 Goals,8/8,betfair_oficial
2026-09-20 15:02,2026-09-20 13:00,Termez Surkhon,FK Kokand 1912,LIQUIDADO,1 - 0,1,0,Termez Surkhon,Over 0.5 Goals,Under 1.5 Goals,Under 2.5 Goals,Under 3.5 Goals,No,Over 0.5 Goals,8/8,betfair_oficial
2026-09-20 15:02,2026-09-20 13:00,Sigma Olomouc,Sparta Prague,LIQUIDADO,0 - 3,0,3,Sparta Prague,Over 0.5 Goals,Over 1.5 Goals,Over 2.5 Goals,Under 3.5 Goals,No,Over 0.5 Goals,8/8,betfair_oficial
2026-09-20 15:02,2026-09-20 13:00,Verona,LR Vicenza Virtus,LIQUIDADO,2 - 1,2,1,Verona,Over 0.5 Goals,Over 1.5 Goals,Over 2.5 Goals,Under 3.5 Goals,Yes,Under 0.5 Goals,8/8,betfair_oficial
2026-09-20 15:02,2026-09-20 13:00,Man City,Sunderland,LIQUIDADO,Any Other Home Win,,,Man City,Over 0.5 Goals,Over 1.5 Goals,Over 2.5 Goals,Over 3.5 Goals,Yes,Over 0.5 Goals,8/8,betfair_oficial
2026-09-20 15:02,2026-09-20 13:00,Parma,Genoa,LIQUIDADO,2 - 1,2,1,Parma,Over 0.5 Goals,Over 1.5 Goals,Over 2.5 Goals,Under 3.5 Goals,Yes,Over 0.5 Goals,8/8,betfair_oficial
2026-09-20 15:02,2026-09-20 13:00,FK Tukums 2000,SC Grobina,LIQUIDADO,1 - 1,1,1,The Draw,Over 0.5 Goals,Over 1.5 Goals,Under 2.5 Goals,Under 3.5 Goals,Yes,Over 0.5 Goals,8/8,betfair_oficial
2026-09-20 15:02,2026-09-20 13:00,Watford (W),Bristol City (W),LIQUIDADO,Any Other Away Win,,,Bristol City (W),Over 0.5 Goals,Over 1.5 Goals,Over 2.5 Goals,Over 3.5 Goals,Yes,Over 0.5 Goals,8/8,betfair_oficial
2026-09-20 15:02,2026-09-20 13:00,Marumo Gallants FC,Orlando Pirates (SA),LIQUIDADO,0 - 2,0,2,Orlando Pirates (SA),Over 0.5 Goals,Over 1.5 Goals,Under 2.5 Goals,Under 3.5 Goals,No,Over 0.5 Goals,8/8,betfair_oficial
2026-09-20 15:02,2026-09-20 13:00,Kelantan WTS,Kuching FA,LIQUIDADO,0 - 0,0,0,The Draw,Under 0.5 Goals,Under 1.5 Goals,Under 2.5 Goals,Under 3.5 Goals,No,Under 0.5 Goals,8/8,betfair_oficial
2026-09-20 15:07,2026-09-20 12:00,Bangkok Utd,BG Pathumthani United,LIQUIDADO,3 - 2,3,2,Bangkok Utd,Over 0.5 Goals,Over 1.5 Goals,Over 2.5 Goals,Over 3.5 Goals,Yes,Over 0.5 Goals,8/8,betfair_oficial
2026-09-20 15:07,2026-09-20 13:00,Arezzo,Sudtirol,LIQUIDADO,Any Other Away Win,,,Sudtirol,Over 0.5 Goals,Over 1.5 Goals,Over 2.5 Goals,Over 3.5 Goals,Yes,Over 0.5 Goals,8/8,betfair_oficial
2026-09-20 15:07,2026-09-20 13:00,NK Bravo,Olimpija,LIQUIDADO,2 - 1,2,1,NK Bravo,Over 0.5 Goals,Over 1.5 Goals,Over 2.5 Goals,Under 3.5 Goals,Yes,Over 0.5 Goals,8/8,betfair_oficial
2026-09-20 15:12,2026-09-20 13:00,Frosinone,Como,LIQUIDADO,2 - 0,2,0,Frosinone,Over 0.5 Goals,Over 1.5 Goals,Under 2.5 Goals,Under 3.5 Goals,No,Over 0.5 Goals,8/8,betfair_oficial
2026-09-20 15:32,2026-09-20 13:30,Al Nasr (UAE),United FC,LIQUIDADO,3 - 1,3,1,Al Nasr (UAE),Over 0.5 Goals,Over 1.5 Goals,Over 2.5 Goals,Over 3.5 Goals,Yes,Over 0.5 Goals,8/8,betfair_oficial
2026-09-20 15:32,2026-09-20 13:30,Leverkusen,RB Leipzig,LIQUIDADO,2 - 0,2,0,Leverkusen,Over 0.5 Goals,Over 1.5 Goals,Under 2.5 Goals,Under 3.5 Goals,No,Over 0.5 Goals,8/8,betfair_oficial
2026-09-20 15:52,2026-09-20 14:00,Trans Narva,FCI Tallinn,LIQUIDADO,1 - 1,1,1,The Draw,Over 0.5 Goals,Over 1.5 Goals,Under 2.5 Goals,Under 3.5 Goals,Yes,Over 0.5 Goals,8/8,betfair_oficial
2026-09-20 15:57,2026-09-20 14:00,Fenerbahce,Eyupspor,LIQUIDADO,Any Other Home Win,,,Fenerbahce,Over 0.5 Goals,Over 1.5 Goals,Over 2.5 Goals,Over 3.5 Goals,No,Over 0.5 Goals,8/8,betfair_oficial
2026-09-20 15:57,2026-09-20 14:00,FC Shirak,Ararat Armenia,LIQUIDADO,1 - 3,1,3,Ararat Armenia,Over 0.5 Goals,Over 1.5 Goals,Over 2.5 Goals,Over 3.5 Goals,Yes,Over 0.5 Goals,8/8,betfair_oficial
2026-09-20 15:57,2026-09-20 14:00,Pendikspor,Bodrum FK,LIQUIDADO,1 - 1,1,1,The Draw,Over 0.5 Goals,Over 1.5 Goals,Under 2.5 Goals,Under 3.5 Goals,Yes,Under 0.5 Goals,8/8,betfair_oficial
2026-09-20 15:57,2026-09-20 14:00,Manisa FK,Istanbulspor,LIQUIDADO,0 - 1,0,1,Istanbulspor,Over 0.5 Goals,Under 1.5 Goals,Under 2.5 Goals,Under 3.5 Goals,No,Under 0.5 Goals,8/8,betfair_oficial
2026-09-20 15:57,2026-09-20 14:00,AC Horsens,AGF,LIQUIDADO,2 - 2,2,2,The Draw,Over 0.5 Goals,Over 1.5 Goals,Over 2.5 Goals,Over 3.5 Goals,Yes,Under 0.5 Goals,8/8,betfair_oficial
2026-09-20 15:57,2026-09-20 14:00,Leicester City (W),Ipswich (W),LIQUIDADO,0 - 1,0,1,Ipswich (W),Over 0.5 Goals,Under 1.5 Goals,Under 2.5 Goals,Under 3.5 Goals,No,Over 0.5 Goals,8/8,betfair_oficial
2026-09-20 15:57,2026-09-20 14:00,Erzurum BB,Samsunspor,LIQUIDADO,1 - 0,1,0,Erzurum BB,Over 0.5 Goals,Under 1.5 Goals,Under 2.5 Goals,Under 3.5 Goals,No,Over 0.5 Goals,8/8,betfair_oficial
2026-09-20 16:02,2026-09-20 14:00,SC Lokeren-Temse,Excelsior Virton,LIQUIDADO,1 - 1,1,1,The Draw,Over 0.5 Goals,Over 1.5 Goals,Under 2.5 Goals,Under 3.5 Goals,Yes,Under 0.5 Goals,8/8,betfair_oficial
2026-09-20 16:02,2026-09-20 14:00,FK Otrant,Fk Jezero,LIQUIDADO,Any Other Home Win,,,FK Otrant,Over 0.5 Goals,Over 1.5 Goals,Over 2.5 Goals,Over 3.5 Goals,Yes,Over 0.5 Goals,8/8,betfair_oficial
2026-09-20 16:02,2026-09-20 14:00,Levadiakos,Olympiakos,LIQUIDADO,0 - 1,0,1,Olympiakos,Over 0.5 Goals,Under 1.5 Goals,Under 2.5 Goals,Under 3.5 Goals,No,Under 0.5 Goals,8/8,betfair_oficial
2026-09-20 16:02,2026-09-20 14:00,KF Tirana,AF Elbasani,LIQUIDADO,2 - 2,2,2,The Draw,Over 0.5 Goals,Over 1.5 Goals,Over 2.5 Goals,Over 3.5 Goals,Yes,Over 0.5 Goals,8/8,betfair_oficial
2026-09-20 16:02,2026-09-20 14:00,Sint Truiden,Westerlo,LIQUIDADO,0 - 2,0,2,Westerlo,Over 0.5 Goals,Over 1.5 Goals,Under 2.5 Goals,Under 3.5 Goals,No,Over 0.5 Goals,8/8,betfair_oficial
2026-09-20 16:02,2026-09-20 14:00,Sogdiana Jizak,Olmaliq,LIQUIDADO,1 - 2,1,2,Olmaliq,Over 0.5 Goals,Over 1.5 Goals,Over 2.5 Goals,Under 3.5 Goals,Yes,Over 0.5 Goals,8/8,betfair_oficial
2026-09-20 16:07,2026-09-20 14:00,Ponte Preta,CRB,LIQUIDADO,1 - 0,1,0,Ponte Preta,Over 0.5 Goals,Under 1.5 Goals,Under 2.5 Goals,Under 3.5 Goals,No,Over 0.5 Goals,8/8,betfair_oficial
2026-09-20 16:07,2026-09-20 14:00,Gremio,SE Palmeiras,LIQUIDADO,0 - 0,0,0,The Draw,Under 0.5 Goals,Under 1.5 Goals,Under 2.5 Goals,Under 3.5 Goals,No,Under 0.5 Goals,8/8,betfair_oficial
2026-09-20 16:22,2026-09-20 14:15,AD Ceuta FC,Valladolid,LIQUIDADO,1 - 1,1,1,The Draw,Over 0.5 Goals,Over 1.5 Goals,Under 2.5 Goals,Under 3.5 Goals,Yes,Under 0.5 Goals,8/8,betfair_oficial
2026-09-20 16:22,2026-09-20 14:15,Atletico Madrid,Real Madrid,LIQUIDADO,2 - 1,2,1,Atletico Madrid,Over 0.5 Goals,Over 1.5 Goals,Over 2.5 Goals,Under 3.5 Goals,Yes,Under 0.5 Goals,8/8,betfair_oficial
2026-09-20 16:22,2026-09-20 14:30,Lausanne,Lugano,LIQUIDADO,Any Other Away Win,,,Lugano,Over 0.5 Goals,Over 1.5 Goals,Over 2.5 Goals,Over 3.5 Goals,No,Over 0.5 Goals,8/8,betfair_oficial
2026-09-20 16:27,2026-09-20 14:30,Waldhof Mannheim,Preussen Munster,LIQUIDADO,2 - 0,2,0,Waldhof Mannheim,Over 0.5 Goals,Over 1.5 Goals,Under 2.5 Goals,Under 3.5 Goals,No,Over 0.5 Goals,8/8,betfair_oficial
2026-09-20 16:27,2026-09-20 14:30,FC Sellier & Bellot Vlasim,MAS Taborsko,LIQUIDADO,Any Other Home Win,,,FC Sellier & Bellot Vlasim,Over 0.5 Goals,Over 1.5 Goals,Over 2.5 Goals,Over 3.5 Goals,Yes,Over 0.5 Goals,8/8,betfair_oficial
2026-09-20 16:27,2026-09-20 14:30,FC Basel,St Gallen,LIQUIDADO,1 - 3,1,3,St Gallen,Over 0.5 Goals,Over 1.5 Goals,Over 2.5 Goals,Over 3.5 Goals,Yes,Over 0.5 Goals,8/8,betfair_oficial
2026-09-20 16:27,2026-09-20 14:30,Mjallby,GAIS,LIQUIDADO,0 - 3,0,3,GAIS,Over 0.5 Goals,Over 1.5 Goals,Over 2.5 Goals,Under 3.5 Goals,No,Over 0.5 Goals,8/8,betfair_oficial
2026-09-20 16:27,2026-09-20 14:30,Club Football Estrela,Academico de Viseu,LIQUIDADO,0 - 2,0,2,Academico de Viseu,Over 0.5 Goals,Over 1.5 Goals,Under 2.5 Goals,Under 3.5 Goals,No,Over 0.5 Goals,8/8,betfair_oficial
2026-09-20 16:32,2026-09-20 14:30,Lokomotiv Tashkent,Neftchi Fargona,LIQUIDADO,0 - 1,0,1,Neftchi Fargona,Over 0.5 Goals,Under 1.5 Goals,Under 2.5 Goals,Under 3.5 Goals,No,Under 0.5 Goals,8/8,betfair_oficial
2026-09-20 16:32,2026-09-20 14:30,Degerfors,Hammarby,LIQUIDADO,0 - 1,0,1,Hammarby,Over 0.5 Goals,Under 1.5 Goals,Under 2.5 Goals,Under 3.5 Goals,No,Under 0.5 Goals,8/8,betfair_oficial
2026-09-20 16:37,2026-09-20 14:30,Guimaraes,Moreirense,LIQUIDADO,1 - 1,1,1,The Draw,Over 0.5 Goals,Over 1.5 Goals,Under 2.5 Goals,Under 3.5 Goals,Yes,Under 0.5 Goals,8/8,betfair_oficial
2026-09-20 16:42,2026-09-20 14:45,NEC Nijmegen,Go Ahead Eagles,LIQUIDADO,1 - 1,1,1,The Draw,Over 0.5 Goals,Over 1.5 Goals,Under 2.5 Goals,Under 3.5 Goals,Yes,Over 0.5 Goals,8/8,betfair_oficial
2026-09-20 16:42,2026-09-20 14:45,De Graafschap,NAC Breda,LIQUIDADO,1 - 2,1,2,NAC Breda,Over 0.5 Goals,Over 1.5 Goals,Over 2.5 Goals,Under 3.5 Goals,Yes,Over 0.5 Goals,8/8,betfair_oficial
2026-09-20 16:47,2026-09-20 14:45,Lokomotiv Plovdiv,CSKA Sofia,LIQUIDADO,1 - 1,1,1,The Draw,Over 0.5 Goals,Over 1.5 Goals,Under 2.5 Goals,Under 3.5 Goals,Yes,Over 0.5 Goals,8/8,betfair_oficial
2026-09-20 16:57,2026-09-20 15:00,Haugesund,Strommen,LIQUIDADO,Any Other Home Win,,,Haugesund,Over 0.5 Goals,Over 1.5 Goals,Over 2.5 Goals,Over 3.5 Goals,Yes,Over 0.5 Goals,8/8,betfair_oficial
2026-09-20 16:57,2026-09-20 15:00,Odds BK,Egersund,LIQUIDADO,Any Other Home Win,,,Odds BK,Over 0.5 Goals,Over 1.5 Goals,Over 2.5 Goals,Over 3.5 Goals,Yes,Over 0.5 Goals,8/8,betfair_oficial
2026-09-20 16:57,2026-09-20 15:00,MFK Skalica,Podbrezova,LIQUIDADO,0 - 1,0,1,Podbrezova,Over 0.5 Goals,Under 1.5 Goals,Under 2.5 Goals,Under 3.5 Goals,No,Over 0.5 Goals,8/8,betfair_oficial
2026-09-20 16:57,2026-09-20 15:00,Shakhtar,LNZ-Lebedyn,LIQUIDADO,3 - 0,3,0,Shakhtar,Over 0.5 Goals,Over 1.5 Goals,Over 2.5 Goals,Under 3.5 Goals,No,Under 0.5 Goals,8/8,betfair_oficial
2026-09-20 16:57,2026-09-20 15:00,Al-Wakra,Al Sailiya,LIQUIDADO,1 - 0,1,0,Al-Wakra,Over 0.5 Goals,Under 1.5 Goals,Under 2.5 Goals,Under 3.5 Goals,No,Over 0.5 Goals,8/8,betfair_oficial
2026-09-20 16:57,2026-09-20 15:00,Red Bull Salzburg,Sturm Graz,LIQUIDADO,3 - 0,3,0,Red Bull Salzburg,Over 0.5 Goals,Over 1.5 Goals,Over 2.5 Goals,Under 3.5 Goals,No,Under 0.5 Goals,8/8,betfair_oficial
2026-09-20 16:57,2026-09-20 15:00,Sandefjord,Start,LIQUIDADO,3 - 0,3,0,Sandefjord,Over 0.5 Goals,Over 1.5 Goals,Over 2.5 Goals,Under 3.5 Goals,No,Under 0.5 Goals,8/8,betfair_oficial
2026-09-20 16:57,2026-09-20 15:00,Stabaek,Sogndal,LIQUIDADO,2 - 1,2,1,Stabaek,Over 0.5 Goals,Over 1.5 Goals,Over 2.5 Goals,Under 3.5 Goals,Yes,Over 0.5 Goals,8/8,betfair_oficial
2026-09-20 16:57,2026-09-20 15:00,Lyn,Ranheim IL,LIQUIDADO,Any Other Away Win,,,Ranheim IL,Over 0.5 Goals,Over 1.5 Goals,Over 2.5 Goals,Over 3.5 Goals,Yes,Over 0.5 Goals,8/8,betfair_oficial
2026-09-20 16:57,2026-09-20 15:00,Kongsvinger,Hodd,LIQUIDADO,Any Other Home Win,,,Kongsvinger,Over 0.5 Goals,Over 1.5 Goals,Over 2.5 Goals,Over 3.5 Goals,Yes,Over 0.5 Goals,8/8,betfair_oficial
2026-09-20 16:57,2026-09-20 15:00,Raufoss,Stromsgodset,LIQUIDADO,0 - 2,0,2,Stromsgodset,Over 0.5 Goals,Over 1.5 Goals,Under 2.5 Goals,Under 3.5 Goals,No,Over 0.5 Goals,8/8,betfair_oficial
2026-09-20 16:57,2026-09-20 15:00,Siroki Brijeg,Borac Banja Luka,LIQUIDADO,2 - 3,2,3,Borac Banja Luka,Over 0.5 Goals,Over 1.5 Goals,Over 2.5 Goals,Over 3.5 Goals,Yes,Over 0.5 Goals,8/8,betfair_oficial
2026-09-20 16:57,2026-09-20 15:00,Ujpest,Zalaegerszeg,LIQUIDADO,2 - 1,2,1,Ujpest,Over 0.5 Goals,Over 1.5 Goals,Over 2.5 Goals,Under 3.5 Goals,Yes,Over 0.5 Goals,8/8,betfair_oficial
2026-09-20 16:57,2026-09-20 15:00,Viking,Lillestrom,LIQUIDADO,3 - 0,3,0,Viking,Over 0.5 Goals,Over 1.5 Goals,Over 2.5 Goals,Under 3.5 Goals,No,Over 0.5 Goals,8/8,betfair_oficial
2026-09-20 16:57,2026-09-20 15:00,Sandnes Ulf,Moss,LIQUIDADO,1 - 2,1,2,Moss,Over 0.5 Goals,Over 1.5 Goals,Over 2.5 Goals,Under 3.5 Goals,Yes,Over 0.5 Goals,8/8,betfair_oficial
2026-09-20 17:02,2026-09-20 15:00,FK Auda,Rigas Futbola Skola,LIQUIDADO,1 - 1,1,1,The Draw,Over 0.5 Goals,Over 1.5 Goals,Under 2.5 Goals,Under 3.5 Goals,Yes,Over 0.5 Goals,8/8,betfair_oficial
2026-09-20 17:02,2026-09-20 15:00,Kapaz Ganja,FK Sumqayit,LIQUIDADO,1 - 1,1,1,The Draw,Over 0.5 Goals,Over 1.5 Goals,Under 2.5 Goals,Under 3.5 Goals,Yes,Over 0.5 Goals,8/8,betfair_oficial
2026-09-20 17:02,2026-09-20 15:00,Club Africain,Esperance Sportive Zarzis,LIQUIDADO,1 - 0,1,0,Club Africain,Over 0.5 Goals,Under 1.5 Goals,Under 2.5 Goals,Under 3.5 Goals,No,Under 0.5 Goals,8/8,betfair_oficial
2026-09-20 17:02,2026-09-20 15:00,Tromso,Ham-Kam,LIQUIDADO,3 - 2,3,2,Tromso,Over 0.5 Goals,Over 1.5 Goals,Over 2.5 Goals,Over 3.5 Goals,Yes,Over 0.5 Goals,8/8,betfair_oficial
2026-09-20 17:02,2026-09-20 15:00,Rijeka,Hajduk Split,LIQUIDADO,3 - 0,3,0,Rijeka,Over 0.5 Goals,Over 1.5 Goals,Over 2.5 Goals,Under 3.5 Goals,No,Over 0.5 Goals,8/8,betfair_oficial
2026-09-20 17:07,2026-09-20 15:00,Ben Guerdane,Hammam-Lif,LIQUIDADO,1 - 0,1,0,Ben Guerdane,Over 0.5 Goals,Under 1.5 Goals,Under 2.5 Goals,Under 3.5 Goals,No,Under 0.5 Goals,8/8,betfair_oficial
2026-09-20 17:07,2026-09-20 15:00,NFC Volos,AEK Athens,LIQUIDADO,1 - 2,1,2,AEK Athens,Over 0.5 Goals,Over 1.5 Goals,Over 2.5 Goals,Under 3.5 Goals,Yes,Under 0.5 Goals,8/8,betfair_oficial
2026-09-20 17:07,2026-09-20 15:00,Club Sportif Sfaxien,CA Bizertin,LIQUIDADO,2 - 0,2,0,Club Sportif Sfaxien,Over 0.5 Goals,Over 1.5 Goals,Under 2.5 Goals,Under 3.5 Goals,No,Over 0.5 Goals,8/8,betfair_oficial
2026-09-20 17:07,2026-09-20 15:00,Macva Sabac,Mladost Lucani,LIQUIDADO,1 - 2,1,2,Mladost Lucani,Over 0.5 Goals,Over 1.5 Goals,Over 2.5 Goals,Under 3.5 Goals,Yes,Over 0.5 Goals,8/8,betfair_oficial
2026-09-20 17:17,2026-09-20 15:15,Nice,Lille,LIQUIDADO,2 - 1,2,1,Nice,Over 0.5 Goals,Over 1.5 Goals,Over 2.5 Goals,Under 3.5 Goals,Yes,Over 0.5 Goals,8/8,betfair_oficial
2026-09-20 17:17,2026-09-20 15:15,Mantova,Pisa,LIQUIDADO,2 - 2,2,2,The Draw,Over 0.5 Goals,Over 1.5 Goals,Over 2.5 Goals,Over 3.5 Goals,Yes,Over 0.5 Goals,8/8,betfair_oficial
2026-09-20 17:27,2026-09-20 15:30,TS Galaxy FC,Chippa Utd,LIQUIDADO,0 - 1,0,1,Chippa Utd,Over 0.5 Goals,Under 1.5 Goals,Under 2.5 Goals,Under 3.5 Goals,No,Under 0.5 Goals,8/8,betfair_oficial
2026-09-20 17:27,2026-09-20 15:30,Fulham,Man Utd,LIQUIDADO,1 - 1,1,1,The Draw,Over 0.5 Goals,Over 1.5 Goals,Under 2.5 Goals,Under 3.5 Goals,Yes,Under 0.5 Goals,8/8,betfair_oficial
2026-09-20 17:27,2026-09-20 15:30,Mura,NK Celje,LIQUIDADO,0 - 0,0,0,The Draw,Under 0.5 Goals,Under 1.5 Goals,Under 2.5 Goals,Under 3.5 Goals,No,Under 0.5 Goals,8/8,betfair_oficial
2026-09-20 17:27,2026-09-20 15:30,Podbeskidzie B-B,Unia Skierniewice,LIQUIDADO,1 - 1,1,1,The Draw,Over 0.5 Goals,Over 1.5 Goals,Under 2.5 Goals,Under 3.5 Goals,Yes,Under 0.5 Goals,8/8,betfair_oficial
2026-09-20 17:27,2026-09-20 15:30,Schalke 04,Elversberg,LIQUIDADO,0 - 0,0,0,The Draw,Under 0.5 Goals,Under 1.5 Goals,Under 2.5 Goals,Under 3.5 Goals,No,Under 0.5 Goals,8/8,betfair_oficial
2026-09-20 17:32,2026-09-20 15:30,Jagiellonia Bialystock,Legia Warsaw,LIQUIDADO,1 - 3,1,3,Legia Warsaw,Over 0.5 Goals,Over 1.5 Goals,Over 2.5 Goals,Over 3.5 Goals,Yes,Over 0.5 Goals,8/8,betfair_oficial
2026-09-20 17:47,2026-09-20 15:45,Dhamk,Al-Adalh,LIQUIDADO,3 - 2,3,2,Dhamk,Over 0.5 Goals,Over 1.5 Goals,Over 2.5 Goals,Over 3.5 Goals,Yes,Over 0.5 Goals,8/8,betfair_oficial
2026-09-20 17:57,2026-09-20 15:55,Al Jabalain,Al Orubah,LIQUIDADO,0 - 0,0,0,The Draw,Under 0.5 Goals,Under 1.5 Goals,Under 2.5 Goals,Under 3.5 Goals,No,Under 0.5 Goals,8/8,betfair_oficial
2026-09-20 17:57,2026-09-20 16:00,IBV,Valur,LIQUIDADO,1 - 1,1,1,The Draw,Over 0.5 Goals,Over 1.5 Goals,Under 2.5 Goals,Under 3.5 Goals,Yes,Under 0.5 Goals,8/8,betfair_oficial
2026-09-20 17:57,2026-09-20 16:00,Keflavik,Fram,LIQUIDADO,2 - 2,2,2,The Draw,Over 0.5 Goals,Over 1.5 Goals,Over 2.5 Goals,Over 3.5 Goals,Yes,Under 0.5 Goals,8/8,betfair_oficial
2026-09-20 17:57,2026-09-20 16:00,Viborg,FC Nordsjaelland,LIQUIDADO,Any Other Home Win,,,Viborg,Over 0.5 Goals,Over 1.5 Goals,Over 2.5 Goals,Over 3.5 Goals,Yes,Over 0.5 Goals,8/8,betfair_oficial
2026-09-20 17:57,2026-09-20 16:00,IA Akranes,Breidablik,LIQUIDADO,Any Other Home Win,,,IA Akranes,Over 0.5 Goals,Over 1.5 Goals,Over 2.5 Goals,Over 3.5 Goals,Yes,Over 0.5 Goals,8/8,betfair_oficial
2026-09-20 17:57,2026-09-20 16:00,Juventus,Atalanta,LIQUIDADO,2 - 0,2,0,Juventus,Over 0.5 Goals,Over 1.5 Goals,Under 2.5 Goals,Under 3.5 Goals,No,Over 0.5 Goals,8/8,betfair_oficial
2026-09-20 18:02,2026-09-20 15:55,Al-Jndal,Al-Wahda (KSA),LIQUIDADO,2 - 2,2,2,The Draw,Over 0.5 Goals,Over 1.5 Goals,Over 2.5 Goals,Over 3.5 Goals,Yes,Over 0.5 Goals,8/8,betfair_oficial
2026-09-20 18:02,2026-09-20 16:00,Omonia,Digenis Ypsona,LIQUIDADO,Any Other Home Win,,,Omonia,Over 0.5 Goals,Over 1.5 Goals,Over 2.5 Goals,Over 3.5 Goals,Yes,Over 0.5 Goals,8/8,betfair_oficial
2026-09-20 18:02,2026-09-20 16:00,Tallinna FC Flora,Parnu JK Vaprus,LIQUIDADO,3 - 2,3,2,Tallinna FC Flora,Over 0.5 Goals,Over 1.5 Goals,Over 2.5 Goals,Over 3.5 Goals,Yes,Under 0.5 Goals,8/8,betfair_oficial
2026-09-20 18:02,2026-09-20 16:00,Danubio,Wanderers (Uru),LIQUIDADO,1 - 1,1,1,The Draw,Over 0.5 Goals,Over 1.5 Goals,Under 2.5 Goals,Under 3.5 Goals,Yes,Under 0.5 Goals,8/8,betfair_oficial
2026-09-20 18:02,2026-09-20 16:00,OFI,Asteras Tripolis,LIQUIDADO,2 - 2,2,2,The Draw,Over 0.5 Goals,Over 1.5 Goals,Over 2.5 Goals,Over 3.5 Goals,Yes,Over 0.5 Goals,8/8,betfair_oficial
2026-09-20 18:02,2026-09-20 16:00,Paola Hibernians FC,Floriana,LIQUIDADO,Any Other Away Win,,,Floriana,Over 0.5 Goals,Over 1.5 Goals,Over 2.5 Goals,Over 3.5 Goals,No,Over 0.5 Goals,8/8,betfair_oficial
2026-09-20 18:02,2026-09-20 16:00,Hafnarfjordur,Stjarnan,LIQUIDADO,Any Other Home Win,,,Hafnarfjordur,Over 0.5 Goals,Over 1.5 Goals,Over 2.5 Goals,Over 3.5 Goals,Yes,Over 0.5 Goals,8/8,betfair_oficial
2026-09-20 18:07,2026-09-20 16:00,Dinamo Batumi,Torpedo Kutaisi,LIQUIDADO,3 - 2,3,2,Dinamo Batumi,Over 0.5 Goals,Over 1.5 Goals,Over 2.5 Goals,Over 3.5 Goals,Yes,Over 0.5 Goals,8/8,betfair_oficial
2026-09-20 18:07,2026-09-20 16:00,Al Buqaa,Al Faisaly SC,LIQUIDADO,Any Other Away Win,,,Al Faisaly SC,Over 0.5 Goals,Over 1.5 Goals,Over 2.5 Goals,Over 3.5 Goals,No,Over 0.5 Goals,8/8,betfair_oficial
2026-09-20 18:07,2026-09-20 16:00,Aris FC Limassol,Karmiotissa Polemidion,LIQUIDADO,0 - 0,0,0,The Draw,Under 0.5 Goals,Under 1.5 Goals,Under 2.5 Goals,Under 3.5 Goals,No,Under 0.5 Goals,8/8,betfair_oficial
2026-09-20 18:12,2026-09-20 16:00,Atletico Ottawa,FC Supra du Quebec,LIQUIDADO,0 - 2,0,2,FC Supra du Quebec,Over 0.5 Goals,Over 1.5 Goals,Under 2.5 Goals,Under 3.5 Goals,No,Under 0.5 Goals,8/8,betfair_oficial
2026-09-20 18:17,2026-09-20 16:00,Slavia Prague,Plzen,LIQUIDADO,2 - 1,2,1,Slavia Prague,Over 0.5 Goals,Over 1.5 Goals,Over 2.5 Goals,Under 3.5 Goals,Yes,Under 0.5 Goals,8/8,betfair_oficial
2026-09-20 18:17,2026-09-20 16:15,Al Dhafra,Bani Yas,LIQUIDADO,1 - 3,1,3,Bani Yas,Over 0.5 Goals,Over 1.5 Goals,Over 2.5 Goals,Over 3.5 Goals,Yes,Over 0.5 Goals,8/8,betfair_oficial
2026-09-20 18:22,2026-09-20 16:15,Al Jazira,Al Wahda (Abu Dhabi),LIQUIDADO,1 - 0,1,0,Al Jazira,Over 0.5 Goals,Under 1.5 Goals,Under 2.5 Goals,Under 3.5 Goals,No,Under 0.5 Goals,8/8,betfair_oficial
2026-09-20 18:27,2026-09-20 16:30,Kalamata,Panathinaikos,LIQUIDADO,0 - 1,0,1,Panathinaikos,Over 0.5 Goals,Under 1.5 Goals,Under 2.5 Goals,Under 3.5 Goals,No,Over 0.5 Goals,8/8,betfair_oficial
2026-09-20 18:27,2026-09-20 16:30,Club Brugge,Genk,LIQUIDADO,3 - 0,3,0,Club Brugge,Over 0.5 Goals,Over 1.5 Goals,Over 2.5 Goals,Under 3.5 Goals,No,Over 0.5 Goals,8/8,betfair_oficial
2026-09-20 18:27,2026-09-20 16:30,1. FC Union Berlin (W),RB Leipzig (W),LIQUIDADO,3 - 2,3,2,1. FC Union Berlin (W),Over 0.5 Goals,Over 1.5 Goals,Over 2.5 Goals,Over 3.5 Goals,Yes,Over 0.5 Goals,8/8,betfair_oficial
2026-09-20 18:27,2026-09-20 16:30,Almeria,Celta Vigo B,LIQUIDADO,2 - 0,2,0,Almeria,Over 0.5 Goals,Over 1.5 Goals,Under 2.5 Goals,Under 3.5 Goals,No,Over 0.5 Goals,8/8,betfair_oficial
2026-09-20 18:27,2026-09-20 16:30,Egnatia Rrogozhine,Partizani Tirana,LIQUIDADO,2 - 1,2,1,Egnatia Rrogozhine,Over 0.5 Goals,Over 1.5 Goals,Over 2.5 Goals,Under 3.5 Goals,Yes,Over 0.5 Goals,8/8,betfair_oficial
2026-09-20 18:32,2026-09-20 16:30,Deportivo,Betis,LIQUIDADO,1 - 1,1,1,The Draw,Over 0.5 Goals,Over 1.5 Goals,Under 2.5 Goals,Under 3.5 Goals,Yes,Over 0.5 Goals,8/8,betfair_oficial
2026-09-20 18:32,2026-09-20 16:30,Karlovac,NK Dubrava Zagreb,LIQUIDADO,0 - 1,0,1,NK Dubrava Zagreb,Over 0.5 Goals,Under 1.5 Goals,Under 2.5 Goals,Under 3.5 Goals,No,Over 0.5 Goals,8/8,betfair_oficial
2026-09-20 18:32,2026-09-20 16:30,Villarreal,Levante,LIQUIDADO,3 - 1,3,1,Villarreal,Over 0.5 Goals,Over 1.5 Goals,Over 2.5 Goals,Over 3.5 Goals,Yes,Over 0.5 Goals,8/8,betfair_oficial
2026-09-20 18:32,2026-09-20 16:30,Las Palmas,Burgos,LIQUIDADO,1 - 2,1,2,Burgos,Over 0.5 Goals,Over 1.5 Goals,Over 2.5 Goals,Under 3.5 Goals,Yes,Over 0.5 Goals,8/8,betfair_oficial
2026-09-20 18:57,2026-09-20 17:00,FK Decic,FK Mornar,LIQUIDADO,1 - 1,1,1,The Draw,Over 0.5 Goals,Over 1.5 Goals,Under 2.5 Goals,Under 3.5 Goals,Yes,Over 0.5 Goals,8/8,betfair_oficial
2026-09-20 18:57,2026-09-20 17:00,Drenica Skenderaj,KF Llapi,LIQUIDADO,Any Other Home Win,,,Drenica Skenderaj,Over 0.5 Goals,Over 1.5 Goals,Over 2.5 Goals,Over 3.5 Goals,No,Over 0.5 Goals,8/8,betfair_oficial
2026-09-20 18:57,2026-09-20 17:00,FK Bokelj,FK Mladost Donja Gorica,LIQUIDADO,3 - 0,3,0,FK Bokelj,Over 0.5 Goals,Over 1.5 Goals,Over 2.5 Goals,Under 3.5 Goals,No,Over 0.5 Goals,8/8,betfair_oficial
2026-09-20 19:02,2026-09-20 17:00,Omonia FC Aradippou,Olympiakos Nicosia FC,LIQUIDADO,1 - 1,1,1,The Draw,Over 0.5 Goals,Over 1.5 Goals,Under 2.5 Goals,Under 3.5 Goals,Yes,Over 0.5 Goals,8/8,betfair_oficial
2026-09-20 19:02,2026-09-20 17:00,Goztepe,Rizespor,LIQUIDADO,2 - 2,2,2,The Draw,Over 0.5 Goals,Over 1.5 Goals,Over 2.5 Goals,Over 3.5 Goals,Yes,Over 0.5 Goals,8/8,betfair_oficial
2026-09-20 19:02,2026-09-20 17:00,Al Jeel,Hajer Club,LIQUIDADO,0 - 0,0,0,The Draw,Under 0.5 Goals,Under 1.5 Goals,Under 2.5 Goals,Under 3.5 Goals,No,Under 0.5 Goals,8/8,betfair_oficial
2026-09-20 19:02,2026-09-20 17:00,PFA Santa Cruz,Quepos Cambute,LIQUIDADO,0 - 2,0,2,Quepos Cambute,Over 0.5 Goals,Over 1.5 Goals,Under 2.5 Goals,Under 3.5 Goals,No,Under 0.5 Goals,8/8,betfair_oficial
2026-09-20 19:02,2026-09-20 17:00,ADR Jicaral,AD Rosario,LIQUIDADO,1 - 1,1,1,The Draw,Over 0.5 Goals,Over 1.5 Goals,Under 2.5 Goals,Under 3.5 Goals,Yes,Over 0.5 Goals,8/8,betfair_oficial
2026-09-20 19:02,2026-09-20 17:00,Dunajska Streda,Spartak Trnava,LIQUIDADO,2 - 2,2,2,The Draw,Over 0.5 Goals,Over 1.5 Goals,Over 2.5 Goals,Over 3.5 Goals,Yes,Over 0.5 Goals,8/8,betfair_oficial
2026-09-20 19:02,2026-09-20 17:00,Crvena Zvezda,Radnicki Nis,LIQUIDADO,3 - 0,3,0,Crvena Zvezda,Over 0.5 Goals,Over 1.5 Goals,Over 2.5 Goals,Under 3.5 Goals,No,Over 0.5 Goals,8/8,betfair_oficial
2026-09-20 19:02,2026-09-20 17:00,Santa Clara,Braga,LIQUIDADO,0 - 0,0,0,The Draw,Under 0.5 Goals,Under 1.5 Goals,Under 2.5 Goals,Under 3.5 Goals,No,Under 0.5 Goals,8/8,betfair_oficial
2026-09-20 19:02,2026-09-20 17:00,Mardin BB,Kayserispor,LIQUIDADO,0 - 1,0,1,Kayserispor,Over 0.5 Goals,Under 1.5 Goals,Under 2.5 Goals,Under 3.5 Goals,No,Under 0.5 Goals,8/8,betfair_oficial
2026-09-20 19:02,2026-09-20 17:00,Cerrito,River Plate (Uru),LIQUIDADO,1 - 1,1,1,The Draw,Over 0.5 Goals,Over 1.5 Goals,Under 2.5 Goals,Under 3.5 Goals,Yes,Over 0.5 Goals,8/8,betfair_oficial
2026-09-20 19:02,2026-09-20 17:00,AD Aserri,Municipal Santa Ana,LIQUIDADO,1 - 0,1,0,AD Aserri,Over 0.5 Goals,Under 1.5 Goals,Under 2.5 Goals,Under 3.5 Goals,No,Over 0.5 Goals,8/8,betfair_oficial
2026-09-20 19:07,2026-09-20 17:00,KF Dukagjini,KF Drita,LIQUIDADO,1 - 2,1,2,KF Drita,Over 0.5 Goals,Over 1.5 Goals,Over 2.5 Goals,Under 3.5 Goals,Yes,Over 0.5 Goals,8/8,betfair_oficial
2026-09-20 19:07,2026-09-20 17:00,Estoril Praia,Casa Pia,LIQUIDADO,1 - 2,1,2,Casa Pia,Over 0.5 Goals,Over 1.5 Goals,Over 2.5 Goals,Under 3.5 Goals,Yes,Under 0.5 Goals,8/8,betfair_oficial
2026-09-20 19:07,2026-09-20 17:00,Antalyaspor,Van Buyuksehir Belediyespor,LIQUIDADO,3 - 0,3,0,Antalyaspor,Over 0.5 Goals,Over 1.5 Goals,Over 2.5 Goals,Under 3.5 Goals,No,Over 0.5 Goals,8/8,betfair_oficial
2026-09-20 19:07,2026-09-20 17:00,Amed Sportif Faaliyetler,Besiktas,LIQUIDADO,3 - 2,3,2,Amed Sportif Faaliyetler,Over 0.5 Goals,Over 1.5 Goals,Over 2.5 Goals,Over 3.5 Goals,Yes,Over 0.5 Goals,8/8,betfair_oficial
2026-09-20 19:12,2026-09-20 17:15,Al Rayyan,Qatar SC,LIQUIDADO,2 - 2,2,2,The Draw,Over 0.5 Goals,Over 1.5 Goals,Over 2.5 Goals,Over 3.5 Goals,Yes,Over 0.5 Goals,8/8,betfair_oficial
2026-09-20 19:17,2026-09-20 17:15,Brann,Bodo Glimt,LIQUIDADO,2 - 1,2,1,Brann,Over 0.5 Goals,Over 1.5 Goals,Over 2.5 Goals,Under 3.5 Goals,Yes,Over 0.5 Goals,8/8,betfair_oficial
2026-09-20 19:17,2026-09-20 17:15,Al Ahli (QAT),Al Shahaniya,LIQUIDADO,0 - 1,0,1,AL Shahaniya,Over 0.5 Goals,Under 1.5 Goals,Under 2.5 Goals,Under 3.5 Goals,No,Under 0.5 Goals,8/8,betfair_oficial
2026-09-20 19:17,2026-09-20 17:15,FCV Dender,Patro Eisden Maasmechelen,LIQUIDADO,1 - 0,1,0,FCV Dender,Over 0.5 Goals,Under 1.5 Goals,Under 2.5 Goals,Under 3.5 Goals,No,Under 0.5 Goals,8/8,betfair_oficial
2026-09-20 19:17,2026-09-20 17:15,Kortrijk,Waasland-Beveren,LIQUIDADO,1 - 0,1,0,Kortrijk,Over 0.5 Goals,Under 1.5 Goals,Under 2.5 Goals,Under 3.5 Goals,No,Under 0.5 Goals,8/8,betfair_oficial
2026-09-20 19:27,2026-09-20 17:30,Wehen Wiesbaden,Duisburg,LIQUIDADO,Any Other Away Win,,,Duisburg,Over 0.5 Goals,Over 1.5 Goals,Over 2.5 Goals,Over 3.5 Goals,Yes,Over 0.5 Goals,8/8,betfair_oficial
2026-09-20 19:27,2026-09-20 17:30,Etar,Chernomorets Bourgas,LIQUIDADO,Any Other Away Win,,,Chernomorets Bourgas,Over 0.5 Goals,Over 1.5 Goals,Over 2.5 Goals,Over 3.5 Goals,Yes,Over 0.5 Goals,8/8,betfair_oficial
2026-09-20 19:27,2026-09-20 17:30,Paderborn,Hoffenheim,LIQUIDADO,3 - 1,3,1,Paderborn,Over 0.5 Goals,Over 1.5 Goals,Over 2.5 Goals,Over 3.5 Goals,Yes,Over 0.5 Goals,8/8,betfair_oficial
2026-09-20 19:27,2026-09-20 17:30,Dinamo Bucharest,Farul Constanta,LIQUIDADO,Any Other Home Win,,,Dinamo Bucharest,Over 0.5 Goals,Over 1.5 Goals,Over 2.5 Goals,Over 3.5 Goals,No,Over 0.5 Goals,8/8,betfair_oficial
2026-09-20 19:32,2026-09-20 17:30,Modena,Empoli,LIQUIDADO,2 - 1,2,1,Modena,Over 0.5 Goals,Over 1.5 Goals,Over 2.5 Goals,Under 3.5 Goals,Yes,Over 0.5 Goals,8/8,betfair_oficial
2026-09-20 19:32,2026-09-20 17:30,Nyiregyhaza,Ferencvaros,LIQUIDADO,1 - 1,1,1,The Draw,Over 0.5 Goals,Over 1.5 Goals,Under 2.5 Goals,Under 3.5 Goals,Yes,Over 0.5 Goals,8/8,betfair_oficial
2026-09-20 19:47,2026-09-20 17:45,San Lorenzo,Boca Juniors,LIQUIDADO,0 - 2,0,2,Boca Juniors,Over 0.5 Goals,Over 1.5 Goals,Under 2.5 Goals,Under 3.5 Goals,No,Under 0.5 Goals,8/8,betfair_oficial
2026-09-20 20:02,2026-09-20 18:00,Sarajevo,Sloga Doboj,LIQUIDADO,2 - 0,2,0,Sarajevo,Over 0.5 Goals,Over 1.5 Goals,Under 2.5 Goals,Under 3.5 Goals,No,Over 0.5 Goals,8/8,betfair_oficial
2026-09-20 20:02,2026-09-20 18:00,Zeleznicar Pancevo,Cukaricki,LIQUIDADO,2 - 1,2,1,Zeleznicar Pancevo,Over 0.5 Goals,Over 1.5 Goals,Over 2.5 Goals,Under 3.5 Goals,Yes,Over 0.5 Goals,8/8,betfair_oficial
2026-09-20 20:02,2026-09-20 18:00,Chacarita,Quilmes,LIQUIDADO,3 - 0,3,0,Chacarita,Over 0.5 Goals,Over 1.5 Goals,Over 2.5 Goals,Under 3.5 Goals,No,Over 0.5 Goals,8/8,betfair_oficial
2026-09-20 20:02,2026-09-20 18:00,Dinamo Zagreb,Lokomotiva,LIQUIDADO,3 - 2,3,2,Dinamo Zagreb,Over 0.5 Goals,Over 1.5 Goals,Over 2.5 Goals,Over 3.5 Goals,Yes,Over 0.5 Goals,8/8,betfair_oficial
2026-09-20 20:07,2026-09-20 18:00,Sport Huancayo,UTC Cajamarca,LIQUIDADO,3 - 2,3,2,Sport Huancayo,Over 0.5 Goals,Over 1.5 Goals,Over 2.5 Goals,Over 3.5 Goals,Yes,Over 0.5 Goals,8/8,betfair_oficial
2026-09-20 20:07,2026-09-20 18:00,Panaitolikos,PAOK,LIQUIDADO,1 - 3,1,3,PAOK,Over 0.5 Goals,Over 1.5 Goals,Over 2.5 Goals,Over 3.5 Goals,Yes,Over 0.5 Goals,8/8,betfair_oficial
2026-09-20 20:07,2026-09-20 18:00,Agropecuario,Club Gimnasia y Tiro,LIQUIDADO,1 - 0,1,0,Agropecuario,Over 0.5 Goals,Under 1.5 Goals,Under 2.5 Goals,Under 3.5 Goals,No,Under 0.5 Goals,8/8,betfair_oficial
2026-09-20 20:07,2026-09-20 18:15,Lech Poznan,Radomiak Radom,LIQUIDADO,Any Other Home Win,,,Lech Poznan,Over 0.5 Goals,Over 1.5 Goals,Over 2.5 Goals,Over 3.5 Goals,Yes,Over 0.5 Goals,8/8,betfair_oficial
2026-09-20 20:12,2026-09-20 18:00,Deportivo Moron,Godoy Cruz,LIQUIDADO,1 - 2,1,2,Godoy Cruz,Over 0.5 Goals,Over 1.5 Goals,Over 2.5 Goals,Under 3.5 Goals,Yes,Over 0.5 Goals,8/8,betfair_oficial
2026-09-20 20:17,2026-09-20 18:15,NK Brinje Grosuplje,NK Radomlje,LIQUIDADO,2 - 1,2,1,NK Brinje Grosuplje,Over 0.5 Goals,Over 1.5 Goals,Over 2.5 Goals,Under 3.5 Goals,Yes,Over 0.5 Goals,8/8,betfair_oficial
2026-09-20 20:32,2026-09-20 18:30,Balzan FC,Sliema Wanderers FC,LIQUIDADO,0 - 0,0,0,The Draw,Under 0.5 Goals,Under 1.5 Goals,Under 2.5 Goals,Under 3.5 Goals,No,Under 0.5 Goals,8/8,betfair_oficial
2026-09-20 20:32,2026-09-20 18:30,Tecnico Universitario,Delfin,LIQUIDADO,1 - 1,1,1,The Draw,Over 0.5 Goals,Over 1.5 Goals,Under 2.5 Goals,Under 3.5 Goals,Yes,Over 0.5 Goals,8/8,betfair_oficial
2026-09-20 20:47,2026-09-20 18:45,AC Milan,Lecce,LIQUIDADO,3 - 0,3,0,AC Milan,Over 0.5 Goals,Over 1.5 Goals,Over 2.5 Goals,Under 3.5 Goals,No,Over 0.5 Goals,8/8,betfair_oficial
2026-09-20 20:47,2026-09-20 18:45,Marseille,Paris St-G,LIQUIDADO,1 - 2,1,2,Paris St-G,Over 0.5 Goals,Over 1.5 Goals,Over 2.5 Goals,Under 3.5 Goals,Yes,Under 0.5 Goals,8/8,betfair_oficial
2026-09-20 20:57,2026-09-20 19:00,Leganes,Granada,LIQUIDADO,3 - 2,3,2,Leganes,Over 0.5 Goals,Over 1.5 Goals,Over 2.5 Goals,Over 3.5 Goals,Yes,Over 0.5 Goals,8/8,betfair_oficial
2026-09-20 20:57,2026-09-20 19:00,Fortaleza FC,Junior FC Barranquilla,LIQUIDADO,Any Other Away Win,,,Junior FC Barranquilla,Over 0.5 Goals,Over 1.5 Goals,Over 2.5 Goals,Over 3.5 Goals,Yes,Over 0.5 Goals,8/8,betfair_oficial
2026-09-20 21:02,2026-09-20 19:00,Sportivo San Lorenzo,Olimpia,LIQUIDADO,0 - 3,0,3,Olimpia,Over 0.5 Goals,Over 1.5 Goals,Over 2.5 Goals,Under 3.5 Goals,No,Over 0.5 Goals,8/8,betfair_oficial
2026-09-20 21:02,2026-09-20 19:00,Deportivo Madryn,Club Atletico Racing,LIQUIDADO,2 - 0,2,0,Deportivo Madryn,Over 0.5 Goals,Over 1.5 Goals,Under 2.5 Goals,Under 3.5 Goals,No,Under 0.5 Goals,8/8,betfair_oficial
2026-09-20 21:02,2026-09-20 19:00,Valencia,Real Sociedad,LIQUIDADO,2 - 3,2,3,Real Sociedad,Over 0.5 Goals,Over 1.5 Goals,Over 2.5 Goals,Over 3.5 Goals,Yes,Over 0.5 Goals,8/8,betfair_oficial
2026-09-20 21:02,2026-09-20 19:00,CDT Real Oruro,CD Gualberto Villarroel,LIQUIDADO,1 - 0,1,0,CDT Real Oruro,Over 0.5 Goals,Under 1.5 Goals,Under 2.5 Goals,Under 3.5 Goals,No,Under 0.5 Goals,8/8,betfair_oficial
2026-09-20 21:07,2026-09-20 19:00,Corinthians,Fluminense,LIQUIDADO,1 - 3,1,3,Fluminense,Over 0.5 Goals,Over 1.5 Goals,Over 2.5 Goals,Over 3.5 Goals,Yes,Over 0.5 Goals,8/8,betfair_oficial
2026-09-20 21:07,2026-09-20 19:00,Santa Cruz PE,Floresta EC,LIQUIDADO,1 - 0,1,0,Santa Cruz PE,Over 0.5 Goals,Under 1.5 Goals,Under 2.5 Goals,Under 3.5 Goals,No,Over 0.5 Goals,8/8,betfair_oficial
2026-09-20 21:07,2026-09-20 19:00,EC Vitoria Salvador,Cruzeiro MG,LIQUIDADO,1 - 3,1,3,Cruzeiro MG,Over 0.5 Goals,Over 1.5 Goals,Over 2.5 Goals,Over 3.5 Goals,Yes,Over 0.5 Goals,8/8,betfair_oficial
2026-09-20 21:07,2026-09-20 19:00,Goias,Avai,LIQUIDADO,2 - 1,2,1,Goias,Over 0.5 Goals,Over 1.5 Goals,Over 2.5 Goals,Under 3.5 Goals,Yes,Over 0.5 Goals,8/8,betfair_oficial
2026-09-20 21:12,2026-09-20 19:00,HFX Wanderers,Inter Toronto FC,LIQUIDADO,Any Other Home Win,,,HFX Wanderers,Over 0.5 Goals,Over 1.5 Goals,Over 2.5 Goals,Over 3.5 Goals,Yes,Over 0.5 Goals,8/8,betfair_oficial
2026-09-20 21:32,2026-09-20 19:30,Nacional (Uru),Defensor Sporting,LIQUIDADO,3 - 2,3,2,Nacional (Uru),Over 0.5 Goals,Over 1.5 Goals,Over 2.5 Goals,Over 3.5 Goals,Yes,Over 0.5 Goals,8/8,betfair_oficial
2026-09-20 21:32,2026-09-20 19:30,CD Maipu,Gimnasia Jujuy,LIQUIDADO,1 - 1,1,1,The Draw,Over 0.5 Goals,Over 1.5 Goals,Under 2.5 Goals,Under 3.5 Goals,Yes,Under 0.5 Goals,8/8,betfair_oficial
2026-09-20 21:37,2026-09-20 19:30,Colon,Los Andes,LIQUIDADO,3 - 0,3,0,Colon,Over 0.5 Goals,Over 1.5 Goals,Over 2.5 Goals,Under 3.5 Goals,No,Over 0.5 Goals,8/8,betfair_oficial
2026-09-20 21:37,2026-09-20 19:30,Porto,Benfica,LIQUIDADO,3 - 1,3,1,Porto,Over 0.5 Goals,Over 1.5 Goals,Over 2.5 Goals,Over 3.5 Goals,Yes,Over 0.5 Goals,8/8,betfair_oficial
2026-09-20 22:02,2026-09-20 20:00,Academia Anzoategui FC,Caracas,LIQUIDADO,1 - 1,1,1,The Draw,Over 0.5 Goals,Over 1.5 Goals,Under 2.5 Goals,Under 3.5 Goals,Yes,Over 0.5 Goals,8/8,betfair_oficial
2026-09-20 22:02,2026-09-20 20:00,CA Guemes,FC Midland,LIQUIDADO,0 - 2,0,2,FC Midland,Over 0.5 Goals,Over 1.5 Goals,Under 2.5 Goals,Under 3.5 Goals,No,Over 0.5 Goals,8/8,betfair_oficial
2026-09-20 22:02,2026-09-20 20:00,Rosario Central,Argentinos Juniors,LIQUIDADO,1 - 0,1,0,Rosario Central,Over 0.5 Goals,Under 1.5 Goals,Under 2.5 Goals,Under 3.5 Goals,No,Over 0.5 Goals,8/8,betfair_oficial
2026-09-20 22:02,2026-09-20 20:00,CA Platense,Newells,LIQUIDADO,0 - 1,0,1,Newells,Over 0.5 Goals,Under 1.5 Goals,Under 2.5 Goals,Under 3.5 Goals,No,Over 0.5 Goals,8/8,betfair_oficial
2026-09-20 22:07,2026-09-20 20:00,Chaco For Ever,Almirante Brown,LIQUIDADO,1 - 0,1,0,Chaco For Ever,Over 0.5 Goals,Under 1.5 Goals,Under 2.5 Goals,Under 3.5 Goals,No,Over 0.5 Goals,8/8,betfair_oficial
2026-09-20 22:07,2026-09-20 20:00,CA Central Norte,Defensores de Belgrano,LIQUIDADO,0 - 1,0,1,Defensores de Belgrano,Over 0.5 Goals,Under 1.5 Goals,Under 2.5 Goals,Under 3.5 Goals,No,Over 0.5 Goals,8/8,betfair_oficial
2026-09-20 22:07,2026-09-20 20:00,Zamora FC,Metropolitanos,LIQUIDADO,1 - 3,1,3,Metropolitanos,Over 0.5 Goals,Over 1.5 Goals,Over 2.5 Goals,Over 3.5 Goals,Yes,Over 0.5 Goals,8/8,betfair_oficial
2026-09-20 22:07,2026-09-20 20:00,San Martin De San Juan,CA Colegiales,LIQUIDADO,2 - 0,2,0,San Martin de San Juan,Over 0.5 Goals,Over 1.5 Goals,Under 2.5 Goals,Under 3.5 Goals,No,Over 0.5 Goals,8/8,betfair_oficial
2026-09-20 22:32,2026-09-20 20:30,Treasure Beach FC,Tivoli Gardens,LIQUIDADO,1 - 1,1,1,The Draw,Over 0.5 Goals,Over 1.5 Goals,Under 2.5 Goals,Under 3.5 Goals,Yes,Over 0.5 Goals,8/8,betfair_oficial
2026-09-20 22:32,2026-09-20 20:30,Juan Pablo II College,Cesar Vallejo Moquegua,LIQUIDADO,Any Other Home Win,,,Juan Pablo II College,Over 0.5 Goals,Over 1.5 Goals,Over 2.5 Goals,Over 3.5 Goals,No,Over 0.5 Goals,8/8,betfair_oficial
2026-09-20 22:32,2026-09-20 20:30,Mount Pleasant FC,Racing United FC,LIQUIDADO,0 - 1,0,1,Racing United FC,Over 0.5 Goals,Under 1.5 Goals,Under 2.5 Goals,Under 3.5 Goals,No,Under 0.5 Goals,8/8,betfair_oficial
2026-09-20 22:37,2026-09-20 20:30,Chapelton,Molynes United FC,LIQUIDADO,2 - 1,2,1,Chapelton,Over 0.5 Goals,Over 1.5 Goals,Over 2.5 Goals,Under 3.5 Goals,Yes,Over 0.5 Goals,8/8,betfair_oficial
2026-09-20 22:42,2026-09-20 20:30,Montego Bay United,Tru-Juice FC,LIQUIDADO,0 - 0,0,0,The Draw,Under 0.5 Goals,Under 1.5 Goals,Under 2.5 Goals,Under 3.5 Goals,No,Under 0.5 Goals,8/8,betfair_oficial
2026-09-20 23:02,2026-09-20 20:50,Deportivo San Pedro,Coban Imperial,LIQUIDADO,1 - 1,1,1,The Draw,Over 0.5 Goals,Over 1.5 Goals,Under 2.5 Goals,Under 3.5 Goals,Yes,Under 0.5 Goals,8/8,betfair_oficial
2026-09-20 23:02,2026-09-20 21:00,Deportivo Cuenca,Mushuc Runa,LIQUIDADO,1 - 1,1,1,The Draw,Over 0.5 Goals,Over 1.5 Goals,Under 2.5 Goals,Under 3.5 Goals,Yes,Under 0.5 Goals,8/8,betfair_oficial
2026-09-20 23:02,2026-09-20 21:00,Estudiantes de Merida,Trujillanos,LIQUIDADO,1 - 1,1,1,The Draw,Over 0.5 Goals,Over 1.5 Goals,Under 2.5 Goals,Under 3.5 Goals,Yes,Under 0.5 Goals,8/8,betfair_oficial
2026-09-20 23:07,2026-09-20 21:00,CD Platense,CD Aguila,LIQUIDADO,0 - 1,0,1,CD Aguila,Over 0.5 Goals,Under 1.5 Goals,Under 2.5 Goals,Under 3.5 Goals,No,Over 0.5 Goals,8/8,betfair_oficial
2026-09-20 23:07,2026-09-20 21:00,Alianza FC (SLV),CD Municipal Limeno,LIQUIDADO,3 - 2,3,2,Alianza FC (SLV),Over 0.5 Goals,Over 1.5 Goals,Over 2.5 Goals,Over 3.5 Goals,Yes,Over 0.5 Goals,8/8,betfair_oficial
2026-09-20 23:12,2026-09-20 21:05,Atletico Bucaramanga,Internacional de Bogotá,LIQUIDADO,2 - 0,2,0,Atletico Bucaramanga,Over 0.5 Goals,Over 1.5 Goals,Under 2.5 Goals,Under 3.5 Goals,No,Over 0.5 Goals,8/8,betfair_oficial
2026-09-20 23:17,2026-09-20 21:15,The Strongest,Bolivar,LIQUIDADO,1 - 1,1,1,The Draw,Over 0.5 Goals,Over 1.5 Goals,Under 2.5 Goals,Under 3.5 Goals,Yes,Over 0.5 Goals,8/8,betfair_oficial
2026-09-20 23:32,2026-09-20 21:30,Londrina,Fortaleza EC,LIQUIDADO,1 - 2,1,2,Fortaleza EC,Over 0.5 Goals,Over 1.5 Goals,Over 2.5 Goals,Under 3.5 Goals,Yes,Over 0.5 Goals,8/8,betfair_oficial
2026-09-20 23:32,2026-09-20 21:30,Sportivo Luqueno,Deportivo Recoleta,LIQUIDADO,1 - 0,1,0,Sportivo Luqueno,Over 0.5 Goals,Under 1.5 Goals,Under 2.5 Goals,Under 3.5 Goals,No,Under 0.5 Goals,8/8,betfair_oficial
2026-09-20 23:37,2026-09-20 21:30,Flamengo,Red Bull Bragantino,LIQUIDADO,2 - 1,2,1,Flamengo,Over 0.5 Goals,Over 1.5 Goals,Over 2.5 Goals,Under 3.5 Goals,Yes,Over 0.5 Goals,8/8,betfair_oficial
2026-09-20 23:42,2026-09-20 21:30,Ferroviaria,Brusque FC,LIQUIDADO,3 - 2,3,2,Ferroviaria,Over 0.5 Goals,Over 1.5 Goals,Over 2.5 Goals,Over 3.5 Goals,Yes,Over 0.5 Goals,8/8,betfair_oficial
2026-09-21 00:17,2026-09-20 22:15,Belgrano,Estudiantes Rio Cuarto,LIQUIDADO,2 - 1,2,1,Belgrano,Over 0.5 Goals,Over 1.5 Goals,Over 2.5 Goals,Under 3.5 Goals,Yes,Under 0.5 Goals,8/8,betfair_oficial
2026-09-21 00:22,2026-09-20 21:30,Paysandu,Inter Limeira,LIQUIDADO,2 - 2,2,2,The Draw,Over 0.5 Goals,Over 1.5 Goals,Over 2.5 Goals,Over 3.5 Goals,Yes,Over 0.5 Goals,8/8,betfair_oficial
2026-09-21 00:27,2026-09-20 20:00,CA Rentistas,Club Oriental de La Paz,LIQUIDADO,0 - 2,0,2,Club Oriental de La Paz,Over 0.5 Goals,Over 1.5 Goals,Under 2.5 Goals,Under 3.5 Goals,No,Under 0.5 Goals,8/8,betfair_oficial
2026-09-21 00:42,2026-09-20 22:30,Athletico-PR,Bahia,LIQUIDADO,2 - 1,2,1,Athletico-PR,Over 0.5 Goals,Over 1.5 Goals,Over 2.5 Goals,Under 3.5 Goals,Yes,Over 0.5 Goals,8/8,betfair_oficial
2026-09-21 01:02,2026-09-20 23:00,Liverpool Montevideo,Racing Club (Uru),LIQUIDADO,0 - 0,0,0,The Draw,Under 0.5 Goals,Under 1.5 Goals,Under 2.5 Goals,Under 3.5 Goals,No,Under 0.5 Goals,8/8,betfair_oficial
2026-09-21 01:02,2026-09-20 23:00,Ld Alajuelense,Inter San Carlos,LIQUIDADO,Any Other Home Win,,,LD Alajuelense,Over 0.5 Goals,Over 1.5 Goals,Over 2.5 Goals,Over 3.5 Goals,No,Over 0.5 Goals,8/8,betfair_oficial
2026-09-21 01:12,2026-09-20 23:10,Tolima,America de Cali S.A,LIQUIDADO,1 - 1,1,1,The Draw,Over 0.5 Goals,Over 1.5 Goals,Under 2.5 Goals,Under 3.5 Goals,Yes,Over 0.5 Goals,8/8,betfair_oficial
2026-09-21 01:17,2026-09-20 23:15,CD Olimpia,Siguatepeque,LIQUIDADO,Any Other Home Win,,,CD Olimpia,Over 0.5 Goals,Over 1.5 Goals,Over 2.5 Goals,Over 3.5 Goals,No,Over 0.5 Goals,8/8,betfair_oficial
2026-09-21 01:17,2026-09-20 23:15,Atletico Independiente,Sporting San Miguelito,LIQUIDADO,Any Other Home Win,,,Atletico Independiente,Over 0.5 Goals,Over 1.5 Goals,Over 2.5 Goals,Over 3.5 Goals,Yes,Over 0.5 Goals,8/8,betfair_oficial
2026-09-21 01:22,2026-09-20 23:00,Inter Miami CF,San Diego FC,LIQUIDADO,2 - 2,2,2,The Draw,Over 0.5 Goals,Over 1.5 Goals,Over 2.5 Goals,Over 3.5 Goals,Yes,Over 0.5 Goals,8/8,betfair_oficial
2026-09-21 01:37,2026-09-20 23:30,CD Luis Angel Firpo,Atletico Balboa,LIQUIDADO,3 - 1,3,1,CD Luis Angel Firpo,Over 0.5 Goals,Over 1.5 Goals,Over 2.5 Goals,Over 3.5 Goals,Yes,Over 0.5 Goals,8/8,betfair_oficial
2026-09-21 01:42,2026-09-20 23:30,LDU,Univ Catolica (Ecu),LIQUIDADO,2 - 1,2,1,LDU,Over 0.5 Goals,Over 1.5 Goals,Over 2.5 Goals,Under 3.5 Goals,Yes,Over 0.5 Goals,8/8,betfair_oficial
2026-09-21 01:42,2026-09-20 23:30,Oriente Petrolero,Blooming Santa Cruz,LIQUIDADO,3 - 1,3,1,Oriente Petrolero,Over 0.5 Goals,Over 1.5 Goals,Over 2.5 Goals,Over 3.5 Goals,Yes,Over 0.5 Goals,8/8,betfair_oficial
2026-09-21 03:02,2026-09-21 00:00,Pachuca,Tijuana,LIQUIDADO,2 - 2,2,2,The Draw,Over 0.5 Goals,Over 1.5 Goals,Over 2.5 Goals,Over 3.5 Goals,Yes,Over 0.5 Goals,8/8,betfair_oficial
2026-09-21 03:02,2026-09-21 00:00,Toluca,Santos Laguna,LIQUIDADO,2 - 3,2,3,Santos Laguna,Over 0.5 Goals,Over 1.5 Goals,Over 2.5 Goals,Over 3.5 Goals,Yes,Over 0.5 Goals,8/8,betfair_oficial
2026-09-21 03:02,2026-09-21 00:30,Velez Sarsfield,Tigre,LIQUIDADO,3 - 2,3,2,Velez Sarsfield,Over 0.5 Goals,Over 1.5 Goals,Over 2.5 Goals,Over 3.5 Goals,Yes,Over 0.5 Goals,8/8,betfair_oficial
2026-09-21 03:07,2026-09-21 01:00,Malacateco,Deportivo Mixco,LIQUIDADO,1 - 0,1,0,Malacateco,Over 0.5 Goals,Under 1.5 Goals,Under 2.5 Goals,Under 3.5 Goals,No,Under 0.5 Goals,8/8,betfair_oficial
2026-09-21 03:12,2026-09-21 01:15,Llaneros FC,Atletico Nacional Medellin,LIQUIDADO,2 - 0,2,0,Llaneros FC,Over 0.5 Goals,Over 1.5 Goals,Under 2.5 Goals,Under 3.5 Goals,No,Over 0.5 Goals,8/8,betfair_oficial
2026-09-21 03:17,2026-09-20 23:00,Suchitepequez,Xelaju,LIQUIDADO,2 - 2,2,2,The Draw,Over 0.5 Goals,Over 1.5 Goals,Over 2.5 Goals,Over 3.5 Goals,Yes,Over 0.5 Goals,8/8,betfair_oficial
2026-09-21 03:17,2026-09-21 00:00,Suchitepequez,Xelaju,LIQUIDADO,2 - 2,2,2,The Draw,Over 0.5 Goals,Over 1.5 Goals,Over 2.5 Goals,Over 3.5 Goals,Yes,Over 0.5 Goals,8/8,betfair_oficial
2026-09-21 03:17,2026-09-21 01:00,Suchitepequez,Xelaju,LIQUIDADO,2 - 2,2,2,The Draw,Over 0.5 Goals,Over 1.5 Goals,Over 2.5 Goals,Over 3.5 Goals,Yes,Over 0.5 Goals,8/8,betfair_oficial
2026-09-21 03:32,2026-09-21 01:30,Juticalpa,CD Marathon,LIQUIDADO,3 - 2,3,2,Juticalpa,Over 0.5 Goals,Over 1.5 Goals,Over 2.5 Goals,Over 3.5 Goals,Yes,Over 0.5 Goals,8/8,betfair_oficial
2026-09-21 04:17,2026-09-21 02:05,Queretaro,Leon,LIQUIDADO,1 - 1,1,1,The Draw,Over 0.5 Goals,Over 1.5 Goals,Under 2.5 Goals,Under 3.5 Goals,Yes,Under 0.5 Goals,8/8,betfair_oficial
2026-09-21 07:57,2026-09-21 06:00,Okinawa SV,FC Tiamo Hirakata,LIQUIDADO,2 - 1,2,1,Okinawa SV,Over 0.5 Goals,Over 1.5 Goals,Over 2.5 Goals,Under 3.5 Goals,Yes,Over 0.5 Goals,8/8,betfair_oficial
2026-09-21 08:57,2026-09-21 07:00,South Korea (W),Korea DPR (W),LIQUIDADO,1 - 1,1,1,The Draw,Over 0.5 Goals,Over 1.5 Goals,Under 2.5 Goals,Under 3.5 Goals,Yes,Over 0.5 Goals,8/8,betfair_oficial
2026-09-21 08:57,2026-09-21 07:00,Uzbekistan (W),Hong Kong (W),LIQUIDADO,2 - 1,2,1,Uzbekistan (W),Over 0.5 Goals,Over 1.5 Goals,Over 2.5 Goals,Under 3.5 Goals,Yes,Over 0.5 Goals,8/8,betfair_oficial
2026-09-21 08:57,2026-09-21 07:00,Bangladesh (W),Myanmar (W),LIQUIDADO,0 - 0,0,0,The Draw,Under 0.5 Goals,Under 1.5 Goals,Under 2.5 Goals,Under 3.5 Goals,No,Under 0.5 Goals,8/8,betfair_oficial
2026-09-21 09:02,2026-09-21 07:00,China (W),Philippines (W),LIQUIDADO,Any Other Home Win,,,China (W),Over 0.5 Goals,Over 1.5 Goals,Over 2.5 Goals,Over 3.5 Goals,Yes,Over 0.5 Goals,8/8,betfair_oficial
2026-09-21 09:02,2026-09-21 07:00,Fiji,Vanuatu,LIQUIDADO,0 - 1,0,1,Vanuatu,Over 0.5 Goals,Under 1.5 Goals,Under 2.5 Goals,Under 3.5 Goals,No,Under 0.5 Goals,8/8,betfair_oficial
2026-09-21 10:02,2026-09-21 08:00,Khovd Western,Khaan Khuns Erchim,LIQUIDADO,2 - 3,2,3,Khaan Khuns Erchim,Over 0.5 Goals,Over 1.5 Goals,Over 2.5 Goals,Over 3.5 Goals,Yes,Over 0.5 Goals,8/8,betfair_oficial
2026-09-21 10:37,2026-09-21 08:00,FC Viktoriya Sumy,Nyva Ternopil,LIQUIDADO,1 - 3,1,3,Nyva Ternopil,Over 0.5 Goals,Over 1.5 Goals,Over 2.5 Goals,Over 3.5 Goals,Yes,Over 0.5 Goals,8/8,betfair_oficial
2026-09-21 12:27,2026-09-21 10:30,Vietnam (W),Thailand (W),LIQUIDADO,0 - 0,0,0,The Draw,Under 0.5 Goals,Under 1.5 Goals,Under 2.5 Goals,Under 3.5 Goals,No,Under 0.5 Goals,8/8,betfair_oficial
2026-09-21 12:27,2026-09-21 10:30,Japan (W),Chinese Taipei (W),LIQUIDADO,Any Other Home Win,,,Japan (W),Over 0.5 Goals,Over 1.5 Goals,Over 2.5 Goals,Over 3.5 Goals,No,Over 0.5 Goals,8/8,betfair_oficial
2026-09-21 12:57,2026-09-21 11:00,Pakhtakor Tashkent II,FK Shortan Guzor,LIQUIDADO,Any Other Away Win,,,FK Shortan Guzor,Over 0.5 Goals,Over 1.5 Goals,Over 2.5 Goals,Over 3.5 Goals,No,Over 0.5 Goals,8/8,betfair_oficial
2026-09-21 12:57,2026-09-21 11:00,FC Lochin,Respublika FA,LIQUIDADO,0 - 3,0,3,Respublika FA,Over 0.5 Goals,Over 1.5 Goals,Over 2.5 Goals,Under 3.5 Goals,No,Over 0.5 Goals,8/8,betfair_oficial
2026-09-21 14:02,2026-09-21 12:00,Thimphu FC,Ugyen Academy,LIQUIDADO,1 - 0,1,0,Thimphu FC,Over 0.5 Goals,Under 1.5 Goals,Under 2.5 Goals,Under 3.5 Goals,No,Over 0.5 Goals,8/8,betfair_oficial
2026-09-21 14:57,2026-09-21 13:00,Pyrgos AFC,Athlitiki Enosi Larissa,LIQUIDADO,Any Other Away Win,,,Athlitiki Enosi Larissa,Over 0.5 Goals,Over 1.5 Goals,Over 2.5 Goals,Over 3.5 Goals,No,Over 0.5 Goals,8/8,betfair_oficial
2026-09-21 15:12,2026-09-21 13:00,El Seka Elhadeed,Golden Gate SC,LIQUIDADO,1 - 0,1,0,El Seka Elhadeed,Over 0.5 Goals,Under 1.5 Goals,Under 2.5 Goals,Under 3.5 Goals,No,Under 0.5 Goals,8/8,betfair_oficial
2026-09-21 15:57,2026-09-21 14:00,FK Backa Topola,FK Dubocica,LIQUIDADO,0 - 0,0,0,The Draw,Under 0.5 Goals,Under 1.5 Goals,Under 2.5 Goals,Under 3.5 Goals,No,Under 0.5 Goals,8/8,betfair_oficial
2026-09-21 15:57,2026-09-21 14:00,PAOK B,Nestos Chrysoupoli FC,LIQUIDADO,2 - 1,2,1,PAOK B,Over 0.5 Goals,Over 1.5 Goals,Over 2.5 Goals,Under 3.5 Goals,Yes,Over 0.5 Goals,8/8,betfair_oficial
2026-09-21 15:57,2026-09-21 14:00,FK Struga Trim-Lum,KF Arsimi 1973,LIQUIDADO,Any Other Home Win,,,FK Struga Trim-Lum,Over 0.5 Goals,Over 1.5 Goals,Over 2.5 Goals,Over 3.5 Goals,No,Under 0.5 Goals,8/8,betfair_oficial
2026-09-21 15:57,2026-09-21 14:00,Sportist Svoge,Vihren Sandanski,LIQUIDADO,3 - 2,3,2,Sportist Svoge,Over 0.5 Goals,Over 1.5 Goals,Over 2.5 Goals,Over 3.5 Goals,Yes,Under 0.5 Goals,8/8,betfair_oficial
2026-09-21 16:02,2026-09-21 14:00,FK Vrsac,FK Bor 1919,LIQUIDADO,1 - 0,1,0,FK Vrsac,Over 0.5 Goals,Under 1.5 Goals,Under 2.5 Goals,Under 3.5 Goals,No,Over 0.5 Goals,8/8,betfair_oficial
2026-09-21 16:02,2026-09-21 14:00,Panthrakikos,Niki Volou,LIQUIDADO,1 - 0,1,0,Panthrakikos,Over 0.5 Goals,Under 1.5 Goals,Under 2.5 Goals,Under 3.5 Goals,No,Under 0.5 Goals,8/8,betfair_oficial
2026-09-21 16:32,2026-09-21 14:30,Primeiro de Maio,Clube Desportivo Lunda Sul,LIQUIDADO,1 - 0,1,0,Primeiro de Maio,Over 0.5 Goals,Under 1.5 Goals,Under 2.5 Goals,Under 3.5 Goals,No,Under 0.5 Goals,8/8,betfair_oficial
2026-09-21 16:32,2026-09-21 13:40,Al-Nasr,Bahla,LIQUIDADO,2 - 2,2,2,The Draw,Over 0.5 Goals,Over 1.5 Goals,Over 2.5 Goals,Over 3.5 Goals,Yes,Over 0.5 Goals,8/8,betfair_oficial
2026-09-21 16:57,2026-09-21 15:00,FC Petrzalka,Pohronie,LIQUIDADO,1 - 0,1,0,FC Petrzalka,Over 0.5 Goals,Under 1.5 Goals,Under 2.5 Goals,Under 3.5 Goals,No,Under 0.5 Goals,8/8,betfair_oficial
2026-09-21 17:02,2026-09-21 15:00,Accra Great Olympics,Attram De Visser,LIQUIDADO,1 - 1,1,1,The Draw,Over 0.5 Goals,Over 1.5 Goals,Under 2.5 Goals,Under 3.5 Goals,Yes,Over 0.5 Goals,8/8,betfair_oficial
2026-09-21 17:02,2026-09-21 15:00,FC Rustavi,FC Iberia 1999,LIQUIDADO,0 - 2,0,2,FC Iberia 1999,Over 0.5 Goals,Over 1.5 Goals,Under 2.5 Goals,Under 3.5 Goals,No,Over 0.5 Goals,8/8,betfair_oficial
2026-09-21 17:02,2026-09-21 15:00,Umm Salal,Al Kharitiyath,LIQUIDADO,1 - 0,1,0,Umm Salal,Over 0.5 Goals,Under 1.5 Goals,Under 2.5 Goals,Under 3.5 Goals,No,Under 0.5 Goals,8/8,betfair_oficial
2026-09-21 17:07,2026-09-21 15:00,Otelul Galati,FC Hunedoara,LIQUIDADO,2 - 3,2,3,FC Hunedoara,Over 0.5 Goals,Over 1.5 Goals,Over 2.5 Goals,Over 3.5 Goals,Yes,Over 0.5 Goals,8/8,betfair_oficial
2026-09-21 17:12,2026-09-21 15:15,Xorazm FK Urganch,Qizilqum Zarafshon,LIQUIDADO,1 - 3,1,3,Qizilqum Zarafshon,Over 0.5 Goals,Over 1.5 Goals,Over 2.5 Goals,Over 3.5 Goals,Yes,Over 0.5 Goals,8/8,betfair_oficial
2026-09-21 17:42,2026-09-21 15:00,Dominica,Anguilla,LIQUIDADO,1 - 0,1,0,Dominica,Over 0.5 Goals,Under 1.5 Goals,Under 2.5 Goals,Under 3.5 Goals,No,Under 0.5 Goals,8/8,betfair_oficial
2026-09-21 17:52,2026-09-21 16:00,FK Jedinstvo Ub,FK Loznica,LIQUIDADO,2 - 3,2,3,FK Loznica,Over 0.5 Goals,Over 1.5 Goals,Over 2.5 Goals,Over 3.5 Goals,Yes,Over 0.5 Goals,8/8,betfair_oficial
2026-09-21 17:52,2026-09-21 16:00,FK Napredak,Fk Smederevo,LIQUIDADO,Any Other Away Win,,,FK Smederevo,Over 0.5 Goals,Over 1.5 Goals,Over 2.5 Goals,Over 3.5 Goals,Yes,Over 0.5 Goals,8/8,betfair_oficial
2026-09-21 17:57,2026-09-21 16:00,Metalac Gornji Milanovac,FK Graficar,LIQUIDADO,1 - 0,1,0,Metalac Gornji Milanovac,Over 0.5 Goals,Under 1.5 Goals,Under 2.5 Goals,Under 3.5 Goals,No,Under 0.5 Goals,8/8,betfair_oficial
2026-09-21 17:57,2026-09-21 16:00,Spartak Pleven,Ludogorets Razgrad B,LIQUIDADO,1 - 0,1,0,Spartak Pleven,Over 0.5 Goals,Under 1.5 Goals,Under 2.5 Goals,Under 3.5 Goals,No,Under 0.5 Goals,8/8,betfair_oficial
2026-09-21 17:57,2026-09-21 16:00,FK Javor Ivanjica,FK Proleter Zrenjanin,LIQUIDADO,Any Other Home Win,,,FK Javor Ivanjica,Over 0.5 Goals,Over 1.5 Goals,Over 2.5 Goals,Over 3.5 Goals,Yes,Over 0.5 Goals,8/8,betfair_oficial
2026-09-21 17:57,2026-09-21 16:00,Werder Bremen (W),VfB Stuttgart (W),LIQUIDADO,1 - 1,1,1,The Draw,Over 0.5 Goals,Over 1.5 Goals,Under 2.5 Goals,Under 3.5 Goals,Yes,Over 0.5 Goals,8/8,betfair_oficial
2026-09-21 17:57,2026-09-21 16:00,Fk Zeta Golubovci,Fk Jedinstvo Bijelo Polje,LIQUIDADO,2 - 3,2,3,FK Jedinstvo Bijelo Polje,Over 0.5 Goals,Over 1.5 Goals,Over 2.5 Goals,Over 3.5 Goals,Yes,Over 0.5 Goals,8/8,betfair_oficial
2026-09-21 18:27,2026-09-21 16:30,Montana,Hebar,LIQUIDADO,Any Other Away Win,,,Hebar,Over 0.5 Goals,Over 1.5 Goals,Over 2.5 Goals,Over 3.5 Goals,No,Over 0.5 Goals,8/8,betfair_oficial
2026-09-21 18:57,2026-09-21 17:00,Vasalunds IF,Assyriska FF,LIQUIDADO,Any Other Away Win,,,Assyriska Ff,Over 0.5 Goals,Over 1.5 Goals,Over 2.5 Goals,Over 3.5 Goals,Yes,Under 0.5 Goals,8/8,betfair_oficial
2026-09-21 18:57,2026-09-21 17:00,Angelholms,Eskilsminne,LIQUIDADO,2 - 2,2,2,The Draw,Over 0.5 Goals,Over 1.5 Goals,Over 2.5 Goals,Over 3.5 Goals,Yes,Over 0.5 Goals,8/8,betfair_oficial
2026-09-21 18:57,2026-09-21 17:00,HB Koge,Hobro,LIQUIDADO,Any Other Home Win,,,HB Koge,Over 0.5 Goals,Over 1.5 Goals,Over 2.5 Goals,Over 3.5 Goals,Yes,Over 0.5 Goals,8/8,betfair_oficial
2026-09-21 18:57,2026-09-21 17:00,FC Spaeri,Dila Gori,LIQUIDADO,Any Other Away Win,,,Dila Gori,Over 0.5 Goals,Over 1.5 Goals,Over 2.5 Goals,Over 3.5 Goals,Yes,Over 0.5 Goals,8/8,betfair_oficial
2026-09-21 18:57,2026-09-21 17:00,FC Arlanda,Hammarby TFF,LIQUIDADO,Any Other Home Win,,,FC Arlanda,Over 0.5 Goals,Over 1.5 Goals,Over 2.5 Goals,Over 3.5 Goals,Yes,Over 0.5 Goals,8/8,betfair_oficial
2026-09-21 19:02,2026-09-21 17:00,Jonkopings Sodra,Skovde Aik,LIQUIDADO,3 - 2,3,2,Jonkopings Sodra,Over 0.5 Goals,Over 1.5 Goals,Over 2.5 Goals,Over 3.5 Goals,Yes,Over 0.5 Goals,8/8,betfair_oficial
2026-09-21 19:12,2026-09-21 17:15,Al-Duhail SC,Al Arabi (QAT),LIQUIDADO,2 - 0,2,0,Al-Duhail SC,Over 0.5 Goals,Over 1.5 Goals,Under 2.5 Goals,Under 3.5 Goals,No,Over 0.5 Goals,8/8,betfair_oficial
2026-09-21 19:17,2026-09-21 17:15,Lusail,Al Markhiya,LIQUIDADO,1 - 0,1,0,Lusail,Over 0.5 Goals,Under 1.5 Goals,Under 2.5 Goals,Under 3.5 Goals,No,Under 0.5 Goals,8/8,betfair_oficial
2026-09-21 19:32,2026-09-21 17:30,Aldosivi,Atl Tucuman,LIQUIDADO,1 - 0,1,0,Aldosivi,Over 0.5 Goals,Under 1.5 Goals,Under 2.5 Goals,Under 3.5 Goals,No,Under 0.5 Goals,8/8,betfair_oficial
2026-09-21 19:57,2026-09-21 18:00,ACS Petrolul 52,Csikszereda,LIQUIDADO,2 - 0,2,0,ACS Petrolul 52,Over 0.5 Goals,Over 1.5 Goals,Under 2.5 Goals,Under 3.5 Goals,No,Under 0.5 Goals,8/8,betfair_oficial
2026-09-21 20:02,2026-09-21 18:00,Tristan Suarez,CA Atlanta,LIQUIDADO,0 - 0,0,0,The Draw,Under 0.5 Goals,Under 1.5 Goals,Under 2.5 Goals,Under 3.5 Goals,No,Under 0.5 Goals,8/8,betfair_oficial
2026-09-21 20:02,2026-09-21 18:00,FK Spartak,Vozdovac,LIQUIDADO,0 - 2,0,2,Vozdovac,Over 0.5 Goals,Over 1.5 Goals,Under 2.5 Goals,Under 3.5 Goals,No,Over 0.5 Goals,8/8,betfair_oficial
2026-09-21 20:32,2026-09-21 17:00,FC Porto (W),Braga (W),LIQUIDADO,1 - 1,1,1,The Draw,Over 0.5 Goals,Over 1.5 Goals,Under 2.5 Goals,Under 3.5 Goals,Yes,Over 0.5 Goals,8/8,betfair_oficial
2026-09-21 21:07,2026-09-21 19:00,Ingenieros,CD 26 de Febrero,LIQUIDADO,0 - 1,0,1,CD 26 de Febrero,Over 0.5 Goals,Under 1.5 Goals,Under 2.5 Goals,Under 3.5 Goals,No,Under 0.5 Goals,8/8,betfair_oficial
2026-09-21 21:12,2026-09-21 19:00,Manta FC,Orense Sporting Club,LIQUIDADO,2 - 1,2,1,Manta FC,Over 0.5 Goals,Over 1.5 Goals,Over 2.5 Goals,Under 3.5 Goals,Yes,Over 0.5 Goals,8/8,betfair_oficial
2026-09-21 22:32,2026-09-21 20:30,Bogota,Barranquilla,LIQUIDADO,2 - 1,2,1,Bogota,Over 0.5 Goals,Over 1.5 Goals,Over 2.5 Goals,Under 3.5 Goals,Yes,Over 0.5 Goals,8/8,betfair_oficial
2026-09-21 23:52,2026-09-21 21:45,Atlante (W),Queretaro (W),LIQUIDADO,2 - 1,2,1,Atlante (W),Over 0.5 Goals,Over 1.5 Goals,Over 2.5 Goals,Under 3.5 Goals,Yes,Over 0.5 Goals,8/8,betfair_oficial
2026-09-22 00:02,2026-09-21 22:00,Guabira,San Antonio Bulo Bulo,LIQUIDADO,2 - 1,2,1,Guabira,Over 0.5 Goals,Over 1.5 Goals,Over 2.5 Goals,Under 3.5 Goals,Yes,Over 0.5 Goals,8/8,betfair_oficial
2026-09-22 00:02,2026-09-21 22:00,Barracas Central,Independiente Rivadavia,LIQUIDADO,0 - 1,0,1,Independiente Rivadavia,Over 0.5 Goals,Under 1.5 Goals,Under 2.5 Goals,Under 3.5 Goals,No,Over 0.5 Goals,8/8,betfair_oficial
2026-09-22 00:02,2026-09-21 22:00,Real Soacha Cundinamarca FC,Quindio,LIQUIDADO,3 - 1,3,1,Real Soacha Cundinamarca FC,Over 0.5 Goals,Over 1.5 Goals,Over 2.5 Goals,Over 3.5 Goals,Yes,Over 0.5 Goals,8/8,betfair_oficial
2026-09-22 00:07,2026-09-21 22:00,Nueva Chicago,Patronato,LIQUIDADO,1 - 1,1,1,The Draw,Over 0.5 Goals,Over 1.5 Goals,Under 2.5 Goals,Under 3.5 Goals,Yes,Over 0.5 Goals,8/8,betfair_oficial
2026-09-22 00:27,2026-09-21 22:30,Central Espanol,Torque,LIQUIDADO,Any Other Away Win,,,Torque,Over 0.5 Goals,Over 1.5 Goals,Over 2.5 Goals,Over 3.5 Goals,Yes,Over 0.5 Goals,8/8,betfair_oficial
2026-09-22 01:02,2026-09-21 23:00,Club Leon FC (W),FC Juarez (W),LIQUIDADO,0 - 2,0,2,FC Juarez (W),Over 0.5 Goals,Over 1.5 Goals,Under 2.5 Goals,Under 3.5 Goals,No,Under 0.5 Goals,8/8,betfair_oficial
2026-09-22 03:02,2026-09-22 00:15,Lanus,Estudiantes,LIQUIDADO,2 - 1,2,1,Lanus,Over 0.5 Goals,Over 1.5 Goals,Over 2.5 Goals,Under 3.5 Goals,Yes,Over 0.5 Goals,8/8,betfair_oficial
2026-09-22 03:02,2026-09-22 00:30,Cuiaba,Nautico PE,LIQUIDADO,3 - 0,3,0,Cuiaba,Over 0.5 Goals,Over 1.5 Goals,Over 2.5 Goals,Under 3.5 Goals,No,Over 0.5 Goals,8/8,betfair_oficial
2026-09-22 03:02,2026-09-22 00:30,Real Cartagena,Envigado,LIQUIDADO,0 - 0,0,0,The Draw,Under 0.5 Goals,Under 1.5 Goals,Under 2.5 Goals,Under 3.5 Goals,No,Under 0.5 Goals,8/8,betfair_oficial
2026-09-22 03:02,2026-09-22 00:30,Club Independiente Petrolero,Real Tomayapo,LIQUIDADO,Any Other Home Win,,,Club Independiente Petrolero,Over 0.5 Goals,Over 1.5 Goals,Over 2.5 Goals,Over 3.5 Goals,Yes,Over 0.5 Goals,8/8,betfair_oficial
2026-09-22 03:02,2026-09-22 01:00,UMECIT,Union Cocle,LIQUIDADO,1 - 0,1,0,UMECIT,Over 0.5 Goals,Under 1.5 Goals,Under 2.5 Goals,Under 3.5 Goals,No,Under 0.5 Goals,8/8,betfair_oficial
2026-09-22 03:02,2026-09-22 00:00,Toluca (W),Tigres (W),LIQUIDADO,Any Other Away Win,,,Tigres (W),Over 0.5 Goals,Over 1.5 Goals,Over 2.5 Goals,Over 3.5 Goals,Yes,Over 0.5 Goals,8/8,betfair_oficial
2026-09-22 03:07,2026-09-22 01:00,Arnett Gardens FC,Dunbeholden FC,LIQUIDADO,3 - 0,3,0,Arnett Gardens FC,Over 0.5 Goals,Over 1.5 Goals,Over 2.5 Goals,Under 3.5 Goals,No,Over 0.5 Goals,8/8,betfair_oficial
2026-09-22 03:07,2026-09-22 01:00,Pitbulls,AD Cariari Pococi,LIQUIDADO,1 - 0,1,0,Pitbulls,Over 0.5 Goals,Under 1.5 Goals,Under 2.5 Goals,Under 3.5 Goals,No,Under 0.5 Goals,8/8,betfair_oficial
2026-09-22 03:17,2026-09-22 01:06,Santos Laguna (W),Cruz Azul (W),LIQUIDADO,2 - 0,2,0,Santos Laguna (W),Over 0.5 Goals,Over 1.5 Goals,Under 2.5 Goals,Under 3.5 Goals,No,Over 0.5 Goals,8/8,betfair_oficial
2026-09-22 04:07,2026-09-22 02:05,Reboceros De La Piedad,Deportivo Irapuato FC,LIQUIDADO,2 - 3,2,3,Deportivo Irapuato FC,Over 0.5 Goals,Over 1.5 Goals,Over 2.5 Goals,Over 3.5 Goals,Yes,Over 0.5 Goals,8/8,betfair_oficial
2026-09-22 04:27,2026-09-22 00:30,Barcelona (Ecu),Independiente (Ecu),LIQUIDADO,,,,,,,,,,,8/8,betfair_oficial
2026-09-22 06:57,2026-09-22 05:00,Vietnam U23,Uzbekistan U23,LIQUIDADO,0 - 2,0,2,Uzbekistan U23,Over 0.5 Goals,Over 1.5 Goals,Under 2.5 Goals,Under 3.5 Goals,No,Over 0.5 Goals,8/8,betfair_oficial
2026-09-22 06:57,2026-09-22 05:00,Philippines U23,Kuwait U23,LIQUIDADO,2 - 1,2,1,Philippines U23,Over 0.5 Goals,Over 1.5 Goals,Over 2.5 Goals,Under 3.5 Goals,Yes,Over 0.5 Goals,8/8,betfair_oficial
2026-09-22 10:02,2026-09-22 08:00,Bangalore City FC,United Stars,LIQUIDADO,3 - 0,3,0,Bangalore City FC,Over 0.5 Goals,Over 1.5 Goals,Over 2.5 Goals,Under 3.5 Goals,No,Over 0.5 Goals,8/8,betfair_oficial
2026-09-22 10:42,2026-09-22 08:30,Futera United,BFB Pattaya City,LIQUIDADO,Any Other Away Win,,,BFB Pattaya City,Over 0.5 Goals,Over 1.5 Goals,Over 2.5 Goals,Over 3.5 Goals,Yes,Over 0.5 Goals,8/8,betfair_oficial
2026-09-22 10:57,2026-09-22 09:00,RTC FC,Tsirang FC,LIQUIDADO,Any Other Home Win,,,RTC FC,Over 0.5 Goals,Over 1.5 Goals,Over 2.5 Goals,Over 3.5 Goals,Yes,Over 0.5 Goals,8/8,betfair_oficial
2026-09-22 11:27,2026-09-22 09:30,Uganda U20,Sudan U20,LIQUIDADO,2 - 3,2,3,Sudan U20,Over 0.5 Goals,Over 1.5 Goals,Over 2.5 Goals,Over 3.5 Goals,Yes,Over 0.5 Goals,8/8,betfair_oficial
2026-09-22 11:32,2026-09-22 09:30,Langsning SC,Nangkiew Irat SC,LIQUIDADO,3 - 0,3,0,Langsning SC,Over 0.5 Goals,Over 1.5 Goals,Over 2.5 Goals,Under 3.5 Goals,No,Under 0.5 Goals,8/8,betfair_oficial
2026-09-22 11:57,2026-09-22 10:00,South Korea U23,Saudi Arabia U23,LIQUIDADO,2 - 0,2,0,South Korea U23,Over 0.5 Goals,Over 1.5 Goals,Under 2.5 Goals,Under 3.5 Goals,No,Under 0.5 Goals,8/8,betfair_oficial
2026-09-22 12:57,2026-09-22 11:00,Fardu Ferghana,BuxDU,LIQUIDADO,3 - 1,3,1,Fardu Ferghana,Over 0.5 Goals,Over 1.5 Goals,Over 2.5 Goals,Over 3.5 Goals,Yes,Over 0.5 Goals,8/8,betfair_oficial
2026-09-22 14:27,2026-09-22 12:30,Bnei Maghar,Hapoel Bnei Bi'ina,LIQUIDADO,0 - 1,0,1,Hapoel Bnei Bi'ina,Over 0.5 Goals,Under 1.5 Goals,Under 2.5 Goals,Under 3.5 Goals,No,Under 0.5 Goals,8/8,betfair_oficial
2026-09-22 15:02,2026-09-22 13:00,Tanzania U20,Burundi U20,LIQUIDADO,2 - 0,2,0,Tanzania U20,Over 0.5 Goals,Over 1.5 Goals,Under 2.5 Goals,Under 3.5 Goals,No,Over 0.5 Goals,8/8,betfair_oficial
2026-09-22 15:07,2026-09-22 13:00,Delta United,Pioneers FC,LIQUIDADO,Any Other Home Win,,,Delta United,Over 0.5 Goals,Over 1.5 Goals,Over 2.5 Goals,Over 3.5 Goals,No,Over 0.5 Goals,8/8,betfair_oficial
2026-09-22 15:52,2026-09-22 14:00,ACS Axi Arena,Oxigen Bucuresti,LIQUIDADO,0 - 1,0,1,Oxigen Bucuresti,Over 0.5 Goals,Under 1.5 Goals,Under 2.5 Goals,Under 3.5 Goals,No,Under 0.5 Goals,8/8,betfair_oficial
2026-09-22 15:52,2026-09-22 14:00,Sanatatea Cluj,Minaur Baia Mare,LIQUIDADO,0 - 2,0,2,Minaur Baia Mare,Over 0.5 Goals,Over 1.5 Goals,Under 2.5 Goals,Under 3.5 Goals,No,Over 0.5 Goals,8/8,betfair_oficial
2026-09-22 15:52,2026-09-22 14:00,FCSB II,CSM Alexandria,LIQUIDADO,1 - 3,1,3,Csm Alexandria,Over 0.5 Goals,Over 1.5 Goals,Over 2.5 Goals,Over 3.5 Goals,Yes,Over 0.5 Goals,8/8,betfair_oficial
2026-09-22 15:57,2026-09-22 14:00,Politehnica Timisoara II,ACS CIL Blaj,LIQUIDADO,1 - 2,1,2,ACS CIL Blaj,Over 0.5 Goals,Over 1.5 Goals,Over 2.5 Goals,Under 3.5 Goals,Yes,Over 0.5 Goals,8/8,betfair_oficial
2026-09-22 15:57,2026-09-22 14:00,TerDU,Gazalkent,LIQUIDADO,Any Other Away Win,,,Gazalkent,Over 0.5 Goals,Over 1.5 Goals,Over 2.5 Goals,Over 3.5 Goals,Yes,Over 0.5 Goals,8/8,betfair_oficial
2026-09-22 15:57,2026-09-22 14:00,FC Paulesti,CS Tunari,LIQUIDADO,0 - 2,0,2,CS Tunari,Over 0.5 Goals,Over 1.5 Goals,Under 2.5 Goals,Under 3.5 Goals,No,Under 0.5 Goals,8/8,betfair_oficial
2026-09-22 15:57,2026-09-22 14:00,SC FC Voluntari SA II,ACS LPS HD Clinceni,LIQUIDADO,2 - 3,2,3,ACS LPS HD Clinceni,Over 0.5 Goals,Over 1.5 Goals,Over 2.5 Goals,Over 3.5 Goals,Yes,Over 0.5 Goals,8/8,betfair_oficial
2026-09-22 15:57,2026-09-22 14:00,CSM Adjud,USV Iasi,LIQUIDADO,1 - 2,1,2,USV Iasi,Over 0.5 Goals,Over 1.5 Goals,Over 2.5 Goals,Under 3.5 Goals,Yes,Over 0.5 Goals,8/8,betfair_oficial
2026-09-22 15:57,2026-09-22 14:00,CSO Plopeni,CS Blejoi,LIQUIDADO,0 - 3,0,3,CS Blejoi,Over 0.5 Goals,Over 1.5 Goals,Over 2.5 Goals,Under 3.5 Goals,No,Over 0.5 Goals,8/8,betfair_oficial
2026-09-22 15:57,2026-09-22 14:00,ACSO Filiasi,CS Uni Craiova II,LIQUIDADO,2 - 2,2,2,The Draw,Over 0.5 Goals,Over 1.5 Goals,Over 2.5 Goals,Over 3.5 Goals,Yes,Over 0.5 Goals,8/8,betfair_oficial
2026-09-22 16:17,2026-09-22 14:30,Delta United,Pioneers FC,LIQUIDADO,Any Other Home Win,,,Delta United,Over 0.5 Goals,Over 1.5 Goals,Over 2.5 Goals,Over 3.5 Goals,No,Over 0.5 Goals,8/8,betfair_oficial
2026-09-22 16:27,2026-09-22 14:30,ACS Dumbravita,CSM Scolar Resita,LIQUIDADO,0 - 2,0,2,CSM Scolar Resita,Over 0.5 Goals,Over 1.5 Goals,Under 2.5 Goals,Under 3.5 Goals,No,Over 0.5 Goals,8/8,betfair_oficial
2026-09-22 16:42,2026-09-22 14:40,Al Oruba,City FC,LIQUIDADO,1 - 0,1,0,Al Oruba,Over 0.5 Goals,Under 1.5 Goals,Under 2.5 Goals,Under 3.5 Goals,No,Under 0.5 Goals,8/8,betfair_oficial
2026-09-22 16:42,2026-09-22 14:40,Al Hamriyah,Al-Thaid,LIQUIDADO,1 - 2,1,2,Al-Thaid,Over 0.5 Goals,Over 1.5 Goals,Over 2.5 Goals,Under 3.5 Goals,Yes,Over 0.5 Goals,8/8,betfair_oficial
2026-09-22 16:52,2026-09-22 14:40,Dibba Al Fujairah,Al-Ittifaq Maqaba,LIQUIDADO,1 - 3,1,3,Al-Ittifaq Maqaba,Over 0.5 Goals,Over 1.5 Goals,Over 2.5 Goals,Over 3.5 Goals,Yes,Over 0.5 Goals,8/8,betfair_oficial
2026-09-22 18:02,2026-09-22 16:00,US Biskra,JS Saoura,LIQUIDADO,0 - 0,0,0,The Draw,Under 0.5 Goals,Under 1.5 Goals,Under 2.5 Goals,Under 3.5 Goals,No,Under 0.5 Goals,8/8,betfair_oficial
2026-09-22 18:42,2026-09-22 16:45,Bayern Munich (W),Man City (W),LIQUIDADO,2 - 2,2,2,The Draw,Over 0.5 Goals,Over 1.5 Goals,Over 2.5 Goals,Over 3.5 Goals,Yes,Over 0.5 Goals,8/8,betfair_oficial
2026-09-22 18:47,2026-09-22 16:45,Inter Milan (W),BK Hacken (W),LIQUIDADO,1 - 0,1,0,Inter Milan (W),Over 0.5 Goals,Under 1.5 Goals,Under 2.5 Goals,Under 3.5 Goals,No,Over 0.5 Goals,8/8,betfair_oficial
2026-09-22 18:57,2026-09-22 17:00,ASA Targu Mures,CS FC Dinamo Bucuresti,LIQUIDADO,Any Other Home Win,,,Asa Targu Mures,Over 0.5 Goals,Over 1.5 Goals,Over 2.5 Goals,Over 3.5 Goals,Yes,Over 0.5 Goals,8/8,betfair_oficial
2026-09-22 19:12,2026-09-22 17:15,Al Mu Aidar SC,Al Khor,LIQUIDADO,2 - 0,2,0,Al Mu Aidar SC,Over 0.5 Goals,Over 1.5 Goals,Under 2.5 Goals,Under 3.5 Goals,No,Over 0.5 Goals,8/8,betfair_oficial
2026-09-22 19:17,2026-09-22 17:15,Al Mesaimeer,Al Waab Sports Club,LIQUIDADO,0 - 1,0,1,Al Waab Sports Club,Over 0.5 Goals,Under 1.5 Goals,Under 2.5 Goals,Under 3.5 Goals,No,Over 0.5 Goals,8/8,betfair_oficial
2026-09-22 19:52,2026-09-22 18:00,GVVV,SV DVS 33 Ermelo,LIQUIDADO,Any Other Home Win,,,GVVV,Over 0.5 Goals,Over 1.5 Goals,Over 2.5 Goals,Over 3.5 Goals,No,Over 0.5 Goals,8/8,betfair_oficial
2026-09-22 19:57,2026-09-22 18:00,HHC Hardenberg,BVV Barendrecht,LIQUIDADO,0 - 1,0,1,BVV Barendrecht,Over 0.5 Goals,Under 1.5 Goals,Under 2.5 Goals,Under 3.5 Goals,No,Over 0.5 Goals,8/8,betfair_oficial
2026-09-22 19:57,2026-09-22 18:00,Groene Ster,AFC Amsterdam,LIQUIDADO,Any Other Away Win,,,AFC Amsterdam,Over 0.5 Goals,Over 1.5 Goals,Over 2.5 Goals,Over 3.5 Goals,Yes,Over 0.5 Goals,8/8,betfair_oficial
2026-09-22 19:57,2026-09-22 18:00,VV Eemdijk,RBC Roosendaal,LIQUIDADO,2 - 1,2,1,VV Eemdijk,Over 0.5 Goals,Over 1.5 Goals,Over 2.5 Goals,Under 3.5 Goals,Yes,Over 0.5 Goals,8/8,betfair_oficial
2026-09-22 19:57,2026-09-22 18:00,Staphorst,Genemuiden,LIQUIDADO,2 - 3,2,3,Genemuiden,Over 0.5 Goals,Over 1.5 Goals,Over 2.5 Goals,Over 3.5 Goals,Yes,Over 0.5 Goals,8/8,betfair_oficial
2026-09-22 19:57,2026-09-22 18:00,ACV Assen,Hoogeveen,LIQUIDADO,2 - 1,2,1,ACV Assen,Over 0.5 Goals,Over 1.5 Goals,Over 2.5 Goals,Under 3.5 Goals,Yes,Over 0.5 Goals,8/8,betfair_oficial
2026-09-22 19:57,2026-09-22 18:00,Excelsior '31,AFC '34,LIQUIDADO,Any Other Home Win,,,Excelsior '31,Over 0.5 Goals,Over 1.5 Goals,Over 2.5 Goals,Over 3.5 Goals,Yes,Over 0.5 Goals,8/8,betfair_oficial
2026-09-22 20:02,2026-09-22 18:00,FC Rijnvogels,VVSB,LIQUIDADO,0 - 1,0,1,VVSB,Over 0.5 Goals,Under 1.5 Goals,Under 2.5 Goals,Under 3.5 Goals,No,Under 0.5 Goals,8/8,betfair_oficial
2026-09-22 20:02,2026-09-22 18:00,EVV Echt,RKSV Halsteren,LIQUIDADO,3 - 1,3,1,EVV Echt,Over 0.5 Goals,Over 1.5 Goals,Over 2.5 Goals,Over 3.5 Goals,Yes,Over 0.5 Goals,8/8,betfair_oficial
2026-09-22 20:02,2026-09-22 18:00,RKAV Volendam,Spakenburg,LIQUIDADO,2 - 2,2,2,The Draw,Over 0.5 Goals,Over 1.5 Goals,Over 2.5 Goals,Over 3.5 Goals,Yes,Over 0.5 Goals,8/8,betfair_oficial
2026-09-22 20:02,2026-09-22 18:00,Sportlust 46,Excelsior Maassluis,LIQUIDADO,0 - 2,0,2,Excelsior Maassluis,Over 0.5 Goals,Over 1.5 Goals,Under 2.5 Goals,Under 3.5 Goals,No,Over 0.5 Goals,8/8,betfair_oficial
2026-09-22 20:02,2026-09-22 18:00,Koninklijke HFC,Dovo,LIQUIDADO,1 - 1,1,1,The Draw,Over 0.5 Goals,Over 1.5 Goals,Under 2.5 Goals,Under 3.5 Goals,Yes,Under 0.5 Goals,8/8,betfair_oficial
2026-09-22 20:37,2026-09-22 18:45,Stirling,Cumbernauld Colts,LIQUIDADO,1 - 1,1,1,The Draw,Over 0.5 Goals,Over 1.5 Goals,Under 2.5 Goals,Under 3.5 Goals,Yes,Over 0.5 Goals,8/8,betfair_oficial
2026-09-22 20:37,2026-09-22 18:45,Alloa,Hibernian B,LIQUIDADO,Any Other Home Win,,,Alloa,Over 0.5 Goals,Over 1.5 Goals,Over 2.5 Goals,Over 3.5 Goals,Yes,Over 0.5 Goals,8/8,betfair_oficial
2026-09-22 20:37,2026-09-22 18:45,Clachnacuddin,Ross Co,LIQUIDADO,Any Other Away Win,,,Ross Co,Over 0.5 Goals,Over 1.5 Goals,Over 2.5 Goals,Over 3.5 Goals,Yes,Over 0.5 Goals,8/8,betfair_oficial
2026-09-22 20:37,2026-09-22 18:45,Kelty Hearts,Hearts B,LIQUIDADO,Any Other Away Win,,,Hearts B,Over 0.5 Goals,Over 1.5 Goals,Over 2.5 Goals,Over 3.5 Goals,Yes,Over 0.5 Goals,8/8,betfair_oficial
2026-09-22 20:37,2026-09-22 18:45,Clydebank,St Mirren B,LIQUIDADO,2 - 1,2,1,Clydebank,Over 0.5 Goals,Over 1.5 Goals,Over 2.5 Goals,Under 3.5 Goals,Yes,Over 0.5 Goals,8/8,betfair_oficial
2026-09-22 20:37,2026-09-22 18:45,Bonnyrigg,Airdrieonians,LIQUIDADO,Any Other Away Win,,,Airdrieonians,Over 0.5 Goals,Over 1.5 Goals,Over 2.5 Goals,Over 3.5 Goals,Yes,Over 0.5 Goals,8/8,betfair_oficial
2026-09-22 20:37,2026-09-22 18:45,Queen of South,Annan,LIQUIDADO,1 - 1,1,1,The Draw,Over 0.5 Goals,Over 1.5 Goals,Under 2.5 Goals,Under 3.5 Goals,Yes,Under 0.5 Goals,8/8,betfair_oficial
2026-09-22 20:42,2026-09-22 18:45,Dumbarton,Kilmarnock B,LIQUIDADO,3 - 2,3,2,Dumbarton,Over 0.5 Goals,Over 1.5 Goals,Over 2.5 Goals,Over 3.5 Goals,Yes,Over 0.5 Goals,8/8,betfair_oficial
2026-09-22 20:42,2026-09-22 18:45,Berwick,Stranraer,LIQUIDADO,3 - 2,3,2,Berwick,Over 0.5 Goals,Over 1.5 Goals,Over 2.5 Goals,Over 3.5 Goals,Yes,Over 0.5 Goals,8/8,betfair_oficial
2026-09-22 20:42,2026-09-22 18:45,Formartine Utd,Montrose,LIQUIDADO,3 - 2,3,2,Formartine Utd,Over 0.5 Goals,Over 1.5 Goals,Over 2.5 Goals,Over 3.5 Goals,Yes,Over 0.5 Goals,8/8,betfair_oficial
2026-09-22 20:42,2026-09-22 18:45,Forfar,Peterhead,LIQUIDADO,0 - 2,0,2,Peterhead,Over 0.5 Goals,Over 1.5 Goals,Under 2.5 Goals,Under 3.5 Goals,No,Under 0.5 Goals,8/8,betfair_oficial
2026-09-22 20:42,2026-09-22 18:45,Clyde,Rangers B,LIQUIDADO,1 - 2,1,2,Rangers B,Over 0.5 Goals,Over 1.5 Goals,Over 2.5 Goals,Under 3.5 Goals,Yes,Over 0.5 Goals,8/8,betfair_oficial
2026-09-22 20:42,2026-09-22 18:45,Elgin City FC,Dundee B,LIQUIDADO,3 - 0,3,0,Elgin City FC,Over 0.5 Goals,Over 1.5 Goals,Over 2.5 Goals,Under 3.5 Goals,No,Over 0.5 Goals,8/8,betfair_oficial
2026-09-22 20:42,2026-09-22 18:45,Banks O'Dee,Aberdeen B,LIQUIDADO,2 - 1,2,1,Banks o'Dee,Over 0.5 Goals,Over 1.5 Goals,Over 2.5 Goals,Under 3.5 Goals,Yes,Over 0.5 Goals,8/8,betfair_oficial
2026-09-22 20:42,2026-09-22 18:45,East Kilbride,Celtic B,LIQUIDADO,3 - 3,3,3,The Draw,Over 0.5 Goals,Over 1.5 Goals,Over 2.5 Goals,Over 3.5 Goals,Yes,Over 0.5 Goals,8/8,betfair_oficial
2026-09-22 20:47,2026-09-22 18:45,Edinburgh City,Dundee United B,LIQUIDADO,1 - 0,1,0,Edinburgh City,Over 0.5 Goals,Under 1.5 Goals,Under 2.5 Goals,Under 3.5 Goals,No,Over 0.5 Goals,8/8,betfair_oficial
2026-09-22 20:57,2026-09-22 18:45,Gala Fairydean,Spartans,LIQUIDADO,0 - 0,0,0,The Draw,Under 0.5 Goals,Under 1.5 Goals,Under 2.5 Goals,Under 3.5 Goals,No,Under 0.5 Goals,8/8,betfair_oficial
2026-09-22 20:57,2026-09-22 18:45,Fraserburgh,Cove Rangers,LIQUIDADO,Any Other Away Win,,,Cove Rangers,Over 0.5 Goals,Over 1.5 Goals,Over 2.5 Goals,Over 3.5 Goals,No,Over 0.5 Goals,8/8,betfair_oficial
2026-09-22 20:57,2026-09-22 19:00,Arsenal (W),Koge (W),LIQUIDADO,1 - 0,1,0,Arsenal (W),Over 0.5 Goals,Under 1.5 Goals,Under 2.5 Goals,Under 3.5 Goals,No,Under 0.5 Goals,8/8,betfair_oficial
2026-09-22 20:57,2026-09-22 19:00,Real Madrid FC (W),Paris St-G (W),LIQUIDADO,1 - 1,1,1,The Draw,Over 0.5 Goals,Over 1.5 Goals,Under 2.5 Goals,Under 3.5 Goals,Yes,Over 0.5 Goals,8/8,betfair_oficial
2026-09-22 20:57,2026-09-22 19:00,Juventus FC (W),S.L. Benfica (W),LIQUIDADO,1 - 2,1,2,S.L. Benfica (W),Over 0.5 Goals,Over 1.5 Goals,Over 2.5 Goals,Under 3.5 Goals,Yes,Over 0.5 Goals,8/8,betfair_oficial
2026-09-22 22:57,2026-09-22 21:00,Independiente Yumbo,Internacional de Palmira,LIQUIDADO,0 - 1,0,1,Internacional de Palmira,Over 0.5 Goals,Under 1.5 Goals,Under 2.5 Goals,Under 3.5 Goals,No,Under 0.5 Goals,8/8,betfair_oficial
2026-09-22 22:57,2026-09-22 21:00,Real Santander,Orsomarso,LIQUIDADO,0 - 0,0,0,The Draw,Under 0.5 Goals,Under 1.5 Goals,Under 2.5 Goals,Under 3.5 Goals,No,Under 0.5 Goals,8/8,betfair_oficial
2026-09-22 23:02,2026-09-22 21:00,Puerto Montt,Nublense,LIQUIDADO,2 - 0,2,0,Puerto Montt,Over 0.5 Goals,Over 1.5 Goals,Under 2.5 Goals,Under 3.5 Goals,No,Under 0.5 Goals,8/8,betfair_oficial
2026-09-22 23:02,2026-09-22 21:00,Atletico FC Cali,Tigres FC Zipaquira,LIQUIDADO,0 - 3,0,3,Tigres FC Zipaquira,Over 0.5 Goals,Over 1.5 Goals,Over 2.5 Goals,Under 3.5 Goals,No,Under 0.5 Goals,8/8,betfair_oficial
2026-09-22 23:07,2026-09-22 19:00,MC Alger,MC Oran,LIQUIDADO,,,,,,,,,,,8/8,betfair_oficial
2026-09-22 23:27,2026-09-22 21:30,Club 2 de Mayo,Sol de America,LIQUIDADO,Any Other Away Win,,,Sol de America,Over 0.5 Goals,Over 1.5 Goals,Over 2.5 Goals,Over 3.5 Goals,No,Over 0.5 Goals,8/8,betfair_oficial
2026-09-22 23:27,2026-09-22 21:30,Club 2 de Mayo de Pedro Juan Cab,Sol de America,LIQUIDADO,Any Other Away Win,,,Sol de America,,,Over 2.5 Goals,Over 3.5 Goals,No,,5/5,betfair_oficial
2026-09-23 00:37,2026-09-21 22:30,Criciuma,Operario PR,LIQUIDADO,0 - 2,0,2,Operario PR,Over 0.5 Goals,Over 1.5 Goals,Under 2.5 Goals,Under 3.5 Goals,No,Over 0.5 Goals,8/8,betfair_oficial
2026-09-23 00:37,2026-09-22 22:30,Criciuma,Operario PR,LIQUIDADO,0 - 2,0,2,Operario PR,Over 0.5 Goals,Over 1.5 Goals,Under 2.5 Goals,Under 3.5 Goals,No,Over 0.5 Goals,8/8,betfair_oficial
2026-09-23 00:57,2026-09-22 23:00,Ind Medellin,Jaguares de Cordoba,LIQUIDADO,2 - 1,2,1,Ind Medellin,Over 0.5 Goals,Over 1.5 Goals,Over 2.5 Goals,Under 3.5 Goals,Yes,Over 0.5 Goals,8/8,betfair_oficial
2026-09-23 00:57,2026-09-22 23:00,Nacional Potosi,Real Potosi,LIQUIDADO,0 - 1,0,1,Real Potosi,Over 0.5 Goals,Under 1.5 Goals,Under 2.5 Goals,Under 3.5 Goals,No,Over 0.5 Goals,8/8,betfair_oficial
2026-09-23 01:07,2026-09-22 23:00,Inter Playa DC,Dep Venados,LIQUIDADO,1 - 3,1,3,Dep Venados,Over 0.5 Goals,Over 1.5 Goals,Over 2.5 Goals,Over 3.5 Goals,Yes,Under 0.5 Goals,8/8,betfair_oficial
2026-09-23 01:07,2026-09-22 23:00,Inter Playa Del Carmen,Deportiva Venados,LIQUIDADO,1 - 3,1,3,Dep Venados,Over 0.5 Goals,Over 1.5 Goals,Over 2.5 Goals,Over 3.5 Goals,Yes,Under 0.5 Goals,8/8,betfair_oficial
2026-09-23 01:32,2026-09-22 23:30,Cobreloa Calama,Coquimbo Unido,LIQUIDADO,1 - 2,1,2,Coquimbo Unido,Over 0.5 Goals,Over 1.5 Goals,Over 2.5 Goals,Under 3.5 Goals,Yes,Under 0.5 Goals,8/8,betfair_oficial
2026-09-23 01:32,2026-09-22 23:30,Audax Italiano,Colo Colo,LIQUIDADO,0 - 0,0,0,The Draw,Under 0.5 Goals,Under 1.5 Goals,Under 2.5 Goals,Under 3.5 Goals,No,Under 0.5 Goals,8/8,betfair_oficial
2026-09-23 03:02,2026-09-23 01:00,Santa Fe,Deportivo Cali,LIQUIDADO,0 - 1,0,1,Deportivo Cali,Over 0.5 Goals,Under 1.5 Goals,Under 2.5 Goals,Under 3.5 Goals,No,Over 0.5 Goals,8/8,betfair_oficial
2026-09-23 03:02,2026-09-22 23:00,CD Ayense,Atlas U21,LIQUIDADO,1 - 3,1,3,Atlas U21,Over 0.5 Goals,Over 1.5 Goals,Over 2.5 Goals,Over 3.5 Goals,Yes,Over 0.5 Goals,8/8,betfair_oficial
2026-09-23 03:02,2026-09-22 23:00,Club Deportivo Ayense,Atlas U21,LIQUIDADO,1 - 3,1,3,Atlas U21,Over 0.5 Goals,Over 1.5 Goals,Over 2.5 Goals,Over 3.5 Goals,Yes,Over 0.5 Goals,8/8,betfair_oficial
2026-09-23 04:07,2026-09-23 02:00,Sol de Sonora,Dep Etchojoa,LIQUIDADO,2 - 0,2,0,Sol de Sonora,Over 0.5 Goals,Over 1.5 Goals,Under 2.5 Goals,Under 3.5 Goals,No,Over 0.5 Goals,8/8,betfair_oficial
2026-09-23 04:07,2026-09-23 02:00,Soles de Sonora,Deportivo Etchojoa,LIQUIDADO,2 - 0,2,0,Sol de Sonora,Over 0.5 Goals,Over 1.5 Goals,Under 2.5 Goals,Under 3.5 Goals,No,Over 0.5 Goals,8/8,betfair_oficial
2026-09-23 06:57,2026-09-23 05:00,Nojima (W),Chifure Elfen Saitama (W),LIQUIDADO,1 - 1,1,1,The Draw,Over 0.5 Goals,Over 1.5 Goals,Under 2.5 Goals,Under 3.5 Goals,Yes,Over 0.5 Goals,8/8,betfair_oficial
2026-09-23 07:02,2026-09-23 05:00,NTV Beleza (W),Albirex Niigata (W),LIQUIDADO,1 - 3,1,3,Albirex Niigata (W),Over 0.5 Goals,Over 1.5 Goals,Over 2.5 Goals,Over 3.5 Goals,Yes,Over 0.5 Goals,8/8,betfair_oficial
2026-09-23 07:27,2026-09-23 05:30,Iran U23,North Korea U23,LIQUIDADO,Any Other Away Win,,,North Korea U23,Over 0.5 Goals,Over 1.5 Goals,Over 2.5 Goals,Over 3.5 Goals,Yes,Over 0.5 Goals,8/8,betfair_oficial
2026-09-23 07:27,2026-09-23 05:30,China U23,United Arab Emirates U23,LIQUIDADO,0 - 0,0,0,The Draw,Under 0.5 Goals,Under 1.5 Goals,Under 2.5 Goals,Under 3.5 Goals,No,Under 0.5 Goals,8/8,betfair_oficial
2026-09-23 07:32,2026-09-23 05:30,Parikrma,FC Real Bengaluru,LIQUIDADO,2 - 2,2,2,The Draw,Over 0.5 Goals,Over 1.5 Goals,Over 2.5 Goals,Over 3.5 Goals,Yes,Under 0.5 Goals,8/8,betfair_oficial
2026-09-23 08:57,2026-09-23 07:00,Urawa Red Diamonds (W),Parceiro Nagano (W),LIQUIDADO,2 - 0,2,0,Urawa Red Diamonds (W),Over 0.5 Goals,Over 1.5 Goals,Under 2.5 Goals,Under 3.5 Goals,No,Over 0.5 Goals,8/8,betfair_oficial
2026-09-23 08:57,2026-09-23 07:00,Omiya Ardija (W),Mynavi Sendai (W),LIQUIDADO,1 - 2,1,2,Mynavi Sendai (W),Over 0.5 Goals,Over 1.5 Goals,Over 2.5 Goals,Under 3.5 Goals,Yes,Under 0.5 Goals,8/8,betfair_oficial
2026-09-23 08:57,2026-09-23 07:00,JEF United (W),INAC Leonessa Kobe (W),LIQUIDADO,3 - 2,3,2,JEF United (W),Over 0.5 Goals,Over 1.5 Goals,Over 2.5 Goals,Over 3.5 Goals,Yes,Under 0.5 Goals,8/8,betfair_oficial
2026-09-23 09:57,2026-09-23 08:00,Kashima,Kofu,LIQUIDADO,3 - 1,3,1,Kashima,Over 0.5 Goals,Over 1.5 Goals,Over 2.5 Goals,Over 3.5 Goals,Yes,Over 0.5 Goals,8/8,betfair_oficial
2026-09-23 09:57,2026-09-23 08:00,Kashiwa,FC Imabari,LIQUIDADO,Any Other Home Win,,,Kashiwa,Over 0.5 Goals,Over 1.5 Goals,Over 2.5 Goals,Over 3.5 Goals,No,Over 0.5 Goals,8/8,betfair_oficial
2026-09-23 10:02,2026-09-23 08:00,Kobe,Tosu,LIQUIDADO,1 - 0,1,0,Kobe,Over 0.5 Goals,Under 1.5 Goals,Under 2.5 Goals,Under 3.5 Goals,No,Under 0.5 Goals,8/8,betfair_oficial
2026-09-23 10:02,2026-09-23 08:00,FC Machida,Tochigi Uva FC,LIQUIDADO,2 - 1,2,1,FC Machida,Over 0.5 Goals,Over 1.5 Goals,Over 2.5 Goals,Under 3.5 Goals,Yes,Over 0.5 Goals,8/8,betfair_oficial
2026-09-23 10:02,2026-09-23 08:00,G-Osaka,Tokushima,LIQUIDADO,Any Other Home Win,,,G-Osaka,Over 0.5 Goals,Over 1.5 Goals,Over 2.5 Goals,Over 3.5 Goals,No,Over 0.5 Goals,8/8,betfair_oficial
2026-09-23 10:02,2026-09-23 08:00,Kyoto,Fujieda Myfc,LIQUIDADO,1 - 0,1,0,Kyoto,Over 0.5 Goals,Under 1.5 Goals,Under 2.5 Goals,Under 3.5 Goals,No,Under 0.5 Goals,8/8,betfair_oficial
2026-09-23 10:02,2026-09-23 08:00,Bangalore Dream United,Stride Sports FC,LIQUIDADO,1 - 2,1,2,Stride Sports FC,Over 0.5 Goals,Over 1.5 Goals,Over 2.5 Goals,Under 3.5 Goals,Yes,Over 0.5 Goals,8/8,betfair_oficial
2026-09-23 10:27,2026-09-23 08:30,Nakhon Sawan See Khwae City,Kamphaeng Phet,LIQUIDADO,Any Other Home Win,,,Nakhon Sawan See Khwae City,Over 0.5 Goals,Over 1.5 Goals,Over 2.5 Goals,Over 3.5 Goals,Yes,Over 0.5 Goals,8/8,betfair_oficial
2026-09-23 11:02,2026-09-23 09:00,Cerezo Osaka (W),Sanfrecce Hiroshima (W),LIQUIDADO,3 - 0,3,0,Cerezo Osaka (W),Over 0.5 Goals,Over 1.5 Goals,Over 2.5 Goals,Under 3.5 Goals,No,Over 0.5 Goals,8/8,betfair_oficial
2026-09-23 11:32,2026-09-23 09:30,Rangdajied Utd,Nongkseh SCC,LIQUIDADO,0 - 2,0,2,Nongkseh SCC,Over 0.5 Goals,Over 1.5 Goals,Under 2.5 Goals,Under 3.5 Goals,No,Under 0.5 Goals,8/8,betfair_oficial
2026-09-23 11:57,2026-09-23 10:00,Metalist Kharkiv (W),SCU Torreense (W),LIQUIDADO,1 - 2,1,2,SCU Torreense (W),Over 0.5 Goals,Over 1.5 Goals,Over 2.5 Goals,Under 3.5 Goals,Yes,Over 0.5 Goals,8/8,betfair_oficial
2026-09-23 12:22,2026-09-23 10:30,Kyrgyzstan U23,Hong Kong U23,LIQUIDADO,Any Other Home Win,,,Kyrgyzstan U23,Over 0.5 Goals,Over 1.5 Goals,Over 2.5 Goals,Over 3.5 Goals,No,Over 0.5 Goals,8/8,betfair_oficial
2026-09-23 12:27,2026-09-23 10:30,Japan U23,Thailand U23,LIQUIDADO,3 - 0,3,0,Japan U23,Over 0.5 Goals,Over 1.5 Goals,Over 2.5 Goals,Under 3.5 Goals,No,Over 0.5 Goals,8/8,betfair_oficial
2026-09-23 12:27,2026-09-23 10:30,Bengaluru B,FC Agniputhra,LIQUIDADO,3 - 0,3,0,Bengaluru B,Over 0.5 Goals,Over 1.5 Goals,Over 2.5 Goals,Under 3.5 Goals,No,Over 0.5 Goals,8/8,betfair_oficial
2026-09-23 13:02,2026-09-23 11:00,Khon Kaen United,Navy FC,LIQUIDADO,3 - 0,3,0,Khon Kaen United,Over 0.5 Goals,Over 1.5 Goals,Over 2.5 Goals,Under 3.5 Goals,No,Under 0.5 Goals,8/8,betfair_oficial
2026-09-23 13:02,2026-09-23 11:00,Nakhon Si United F.C.,Kasetsart FC,LIQUIDADO,0 - 2,0,2,Kasetsart FC,Over 0.5 Goals,Over 1.5 Goals,Under 2.5 Goals,Under 3.5 Goals,No,Under 0.5 Goals,8/8,betfair_oficial
2026-09-23 13:02,2026-09-23 11:00,Chachoengsao FC,Bangkok FC,LIQUIDADO,Any Other Away Win,,,Bangkok FC,Over 0.5 Goals,Over 1.5 Goals,Over 2.5 Goals,Over 3.5 Goals,No,Over 0.5 Goals,8/8,betfair_oficial
2026-09-23 13:57,2026-09-23 12:00,Thimphu City,Transport United FC,LIQUIDADO,3 - 0,3,0,Thimphu City,Over 0.5 Goals,Over 1.5 Goals,Over 2.5 Goals,Under 3.5 Goals,No,Over 0.5 Goals,8/8,betfair_oficial
2026-09-23 14:57,2026-09-23 13:00,Paraguay U20 (W),Uruguay U20 (W),LIQUIDADO,1 - 1,1,1,The Draw,Over 0.5 Goals,Over 1.5 Goals,Under 2.5 Goals,Under 3.5 Goals,Yes,Over 0.5 Goals,8/8,betfair_oficial
2026-09-23 14:57,2026-09-23 13:00,PAOK (W),Spartak Myjava (W),LIQUIDADO,2 - 3,2,3,Spartak Myjava (W),Over 0.5 Goals,Over 1.5 Goals,Over 2.5 Goals,Over 3.5 Goals,Yes,Over 0.5 Goals,8/8,betfair_oficial
2026-09-23 15:22,2026-09-23 13:30,FK 05 Levoca,Tatran Lip Mikulas,LIQUIDADO,0 - 2,0,2,Tatran Lip Mikulas,Over 0.5 Goals,Over 1.5 Goals,Under 2.5 Goals,Under 3.5 Goals,No,Over 0.5 Goals,8/8,betfair_oficial
2026-09-23 15:47,2026-09-23 14:00,ACS Petrolul Hartiesti,CS Unirea Bascov,LIQUIDADO,Any Other Away Win,,,CS Unirea Bascov,Over 0.5 Goals,Over 1.5 Goals,Over 2.5 Goals,Over 3.5 Goals,No,Over 0.5 Goals,8/8,betfair_oficial
2026-09-23 15:52,2026-09-23 14:00,FK Majevica,Fk Laktasi,LIQUIDADO,1 - 1,1,1,The Draw,Over 0.5 Goals,Over 1.5 Goals,Under 2.5 Goals,Under 3.5 Goals,Yes,Over 0.5 Goals,8/8,betfair_oficial
2026-09-23 15:52,2026-09-23 14:00,SK Kladno,Banik Ostrava,LIQUIDADO,1 - 1,1,1,The Draw,Over 0.5 Goals,Over 1.5 Goals,Under 2.5 Goals,Under 3.5 Goals,Yes,Over 0.5 Goals,8/8,betfair_oficial
2026-09-23 15:52,2026-09-23 14:00,ACS Urban Titu,Viitorul Corbeanca,LIQUIDADO,0 - 0,0,0,The Draw,Under 0.5 Goals,Under 1.5 Goals,Under 2.5 Goals,Under 3.5 Goals,No,Under 0.5 Goals,8/8,betfair_oficial
2026-09-23 15:52,2026-09-23 14:00,CS Academica Recea,Transilvania Sport Academy,LIQUIDADO,Any Other Home Win,,,CS Academica Recea,Over 0.5 Goals,Over 1.5 Goals,Over 2.5 Goals,Over 3.5 Goals,Yes,Over 0.5 Goals,8/8,betfair_oficial
2026-09-23 15:52,2026-09-23 14:00,CSM Ramnicu Sarat,Vointa 2024 Crevedia,LIQUIDADO,Any Other Away Win,,,Vointa 2024 Crevedia,Over 0.5 Goals,Over 1.5 Goals,Over 2.5 Goals,Over 3.5 Goals,Yes,Over 0.5 Goals,8/8,betfair_oficial
2026-09-23 15:52,2026-09-23 14:00,CS Agigea,ACS Unirea Branistea,LIQUIDADO,2 - 1,2,1,CS Agigea,Over 0.5 Goals,Over 1.5 Goals,Over 2.5 Goals,Under 3.5 Goals,Yes,Over 0.5 Goals,8/8,betfair_oficial
2026-09-23 15:57,2026-09-23 14:00,Acs Progresul Fundulea,CS Axiopolis Cernavoda,LIQUIDADO,Any Other Home Win,,,Acs Progresul Fundulea,Over 0.5 Goals,Over 1.5 Goals,Over 2.5 Goals,Over 3.5 Goals,No,Under 0.5 Goals,8/8,betfair_oficial
2026-09-23 15:57,2026-09-23 14:00,FK Drina Zvornik,Rudar Prijedor,LIQUIDADO,1 - 0,1,0,FK Drina Zvornik,Over 0.5 Goals,Under 1.5 Goals,Under 2.5 Goals,Under 3.5 Goals,No,Over 0.5 Goals,8/8,betfair_oficial
2026-09-23 15:57,2026-09-23 14:00,CSM FC Vaslui,KSE Targu Secuiesc,LIQUIDADO,3 - 1,3,1,CSM FC Vaslui,Over 0.5 Goals,Over 1.5 Goals,Over 2.5 Goals,Over 3.5 Goals,Yes,Over 0.5 Goals,8/8,betfair_oficial
2026-09-23 15:57,2026-09-23 14:00,CS Omega Sport Bucuresti,Progresul Mogosoaia,LIQUIDADO,1 - 0,1,0,CS Omega Sport Bucuresti,Over 0.5 Goals,Under 1.5 Goals,Under 2.5 Goals,Under 3.5 Goals,No,Under 0.5 Goals,8/8,betfair_oficial
2026-09-23 15:57,2026-09-23 14:00,FC Otelul Galati II,CS Gloria Baneasa,LIQUIDADO,1 - 2,1,2,CS Gloria Baneasa,Over 0.5 Goals,Over 1.5 Goals,Over 2.5 Goals,Under 3.5 Goals,Yes,Over 0.5 Goals,8/8,betfair_oficial
2026-09-23 15:57,2026-09-23 14:00,ACS Viitorul Arad,Ghiroda si Giarmata Vii,LIQUIDADO,1 - 1,1,1,The Draw,Over 0.5 Goals,Over 1.5 Goals,Under 2.5 Goals,Under 3.5 Goals,Yes,Over 0.5 Goals,8/8,betfair_oficial
2026-09-23 15:57,2026-09-23 14:00,AFC Odorheiu Secuiesc,CS Aerostar Bacau,LIQUIDADO,2 - 0,2,0,AFC Odorheiu Secuiesc,Over 0.5 Goals,Over 1.5 Goals,Under 2.5 Goals,Under 3.5 Goals,No,Over 0.5 Goals,8/8,betfair_oficial
2026-09-23 15:57,2026-09-23 14:00,Drobeta Turnu Severin,Vulturii Farcasesti,LIQUIDADO,3 - 2,3,2,Drobeta Turnu Severin,Over 0.5 Goals,Over 1.5 Goals,Over 2.5 Goals,Over 3.5 Goals,Yes,Over 0.5 Goals,8/8,betfair_oficial
2026-09-23 16:02,2026-09-23 14:00,Unirea Dej,ACS Viitorul Cluj,LIQUIDADO,0 - 2,0,2,ACS Viitorul Cluj,Over 0.5 Goals,Over 1.5 Goals,Under 2.5 Goals,Under 3.5 Goals,No,Under 0.5 Goals,8/8,betfair_oficial
2026-09-23 16:07,2026-09-23 14:00,ACS Kids Tampa Brasov,ACS Olimpic Zarnesti,LIQUIDADO,0 - 1,0,1,ACS Olimpic Zarnesti,Over 0.5 Goals,Under 1.5 Goals,Under 2.5 Goals,Under 3.5 Goals,No,Under 0.5 Goals,8/8,betfair_oficial
2026-09-23 16:07,2026-09-23 14:00,Hapoel Azor,Hapoel Mahane Yehuda,LIQUIDADO,2 - 0,2,0,Hapoel Azor,Over 0.5 Goals,Over 1.5 Goals,Under 2.5 Goals,Under 3.5 Goals,No,Over 0.5 Goals,8/8,betfair_oficial
2026-09-23 16:42,2026-09-23 14:40,Al Jazira Al Hamra,Gulf Heroes FC,LIQUIDADO,1 - 0,1,0,Al Jazira Al Hamra,Over 0.5 Goals,Under 1.5 Goals,Under 2.5 Goals,Under 3.5 Goals,No,Over 0.5 Goals,8/8,betfair_oficial
2026-09-23 16:42,2026-09-23 14:40,Al Bataeh,Palm City FC,LIQUIDADO,0 - 2,0,2,Palm City FC,Over 0.5 Goals,Over 1.5 Goals,Under 2.5 Goals,Under 3.5 Goals,No,Over 0.5 Goals,8/8,betfair_oficial
2026-09-23 16:42,2026-09-23 14:30,Iraq,Oman,LIQUIDADO,1 - 1,1,1,The Draw,Over 0.5 Goals,Over 1.5 Goals,Under 2.5 Goals,Under 3.5 Goals,Yes,Over 0.5 Goals,8/8,betfair_oficial
2026-09-23 16:47,2026-09-23 14:40,Al-Arabi Umm Quwain,Emirates Club,LIQUIDADO,3 - 2,3,2,Al-Arabi Umm Quwain,Over 0.5 Goals,Over 1.5 Goals,Over 2.5 Goals,Over 3.5 Goals,Yes,Over 0.5 Goals,8/8,betfair_oficial
2026-09-23 16:52,2026-09-23 15:00,SD Videm,SD Hajdina,LIQUIDADO,2 - 2,2,2,The Draw,Over 0.5 Goals,Over 1.5 Goals,Over 2.5 Goals,Over 3.5 Goals,Yes,Over 0.5 Goals,8/8,betfair_oficial
2026-09-23 16:52,2026-09-23 15:00,FC Inter Sibiu,ACS Sepsi II,LIQUIDADO,Any Other Home Win,,,FC Inter Sibiu,Over 0.5 Goals,Over 1.5 Goals,Over 2.5 Goals,Over 3.5 Goals,Yes,Over 0.5 Goals,8/8,betfair_oficial
2026-09-23 16:57,2026-09-23 15:00,Slovan Liberec (W),Rosenborg BK (W),LIQUIDADO,3 - 1,3,1,Slovan Liberec (W),Over 0.5 Goals,Over 1.5 Goals,Over 2.5 Goals,Over 3.5 Goals,Yes,Over 0.5 Goals,8/8,betfair_oficial
2026-09-23 16:57,2026-09-23 15:00,Barau FC,Abia Warriors,LIQUIDADO,2 - 0,2,0,Barau FC,Over 0.5 Goals,Over 1.5 Goals,Under 2.5 Goals,Under 3.5 Goals,No,Over 0.5 Goals,8/8,betfair_oficial
2026-09-23 16:57,2026-09-23 14:40,Gulf United,Al-Fujairah FC,LIQUIDADO,Any Other Away Win,,,Al-Fujairah FC,Over 0.5 Goals,Over 1.5 Goals,Over 2.5 Goals,Over 3.5 Goals,Yes,Over 0.5 Goals,8/8,betfair_oficial
2026-09-23 17:02,2026-09-23 15:00,Shooting Stars,Katsina United,LIQUIDADO,2 - 0,2,0,Shooting Stars,Over 0.5 Goals,Over 1.5 Goals,Under 2.5 Goals,Under 3.5 Goals,No,Over 0.5 Goals,8/8,betfair_oficial
2026-09-23 17:02,2026-09-23 15:00,Dreams FC,Medeama SC,LIQUIDADO,2 - 2,2,2,The Draw,Over 0.5 Goals,Over 1.5 Goals,Over 2.5 Goals,Over 3.5 Goals,Yes,Over 0.5 Goals,8/8,betfair_oficial
2026-09-23 17:02,2026-09-23 15:00,Enyimba,Sporting Lagos FC,LIQUIDADO,2 - 3,2,3,Sporting Lagos FC,Over 0.5 Goals,Over 1.5 Goals,Over 2.5 Goals,Over 3.5 Goals,Yes,Over 0.5 Goals,8/8,betfair_oficial
2026-09-23 17:02,2026-09-23 15:00,Hapoel Ironi Karmiel,Ironi Nesher,LIQUIDADO,1 - 1,1,1,The Draw,Over 0.5 Goals,Over 1.5 Goals,Under 2.5 Goals,Under 3.5 Goals,Yes,Over 0.5 Goals,8/8,betfair_oficial
2026-09-23 17:07,2026-09-23 15:00,Inter Lagos FC,Kano Pillars FC,LIQUIDADO,1 - 1,1,1,The Draw,Over 0.5 Goals,Over 1.5 Goals,Under 2.5 Goals,Under 3.5 Goals,Yes,Over 0.5 Goals,8/8,betfair_oficial
2026-09-23 17:22,2026-09-23 15:00,Enugu Rangers International,Ranchers Bees FC,LIQUIDADO,1 - 0,1,0,Enugu Rangers International,Over 0.5 Goals,Under 1.5 Goals,Under 2.5 Goals,Under 3.5 Goals,No,Under 0.5 Goals,8/8,betfair_oficial
2026-09-23 17:27,2026-09-23 15:30,HJK Helsinki (W),SK Brann (W),LIQUIDADO,0 - 2,0,2,SK Brann (W),Over 0.5 Goals,Over 1.5 Goals,Under 2.5 Goals,Under 3.5 Goals,No,Under 0.5 Goals,8/8,betfair_oficial
2026-09-23 17:52,2026-09-23 16:00,Sparta Prague (W),FC Farul Constanta (W),LIQUIDADO,Any Other Home Win,,,Sparta Prague (W),Over 0.5 Goals,Over 1.5 Goals,Over 2.5 Goals,Over 3.5 Goals,Yes,Over 0.5 Goals,8/8,betfair_oficial
2026-09-23 17:57,2026-09-23 16:00,Azerbaijan,Tajikistan,LIQUIDADO,1 - 0,1,0,Azerbaijan,Over 0.5 Goals,Under 1.5 Goals,Under 2.5 Goals,Under 3.5 Goals,No,Under 0.5 Goals,8/8,betfair_oficial
2026-09-23 17:57,2026-09-23 16:00,Brondby (W),Sporting Lisbon (W),LIQUIDADO,Any Other Home Win,,,Brondby (W),Over 0.5 Goals,Over 1.5 Goals,Over 2.5 Goals,Over 3.5 Goals,Yes,Over 0.5 Goals,8/8,betfair_oficial
2026-09-23 17:57,2026-09-23 16:00,Grorud IL,Moss,LIQUIDADO,1 - 1,1,1,The Draw,Over 0.5 Goals,Over 1.5 Goals,Under 2.5 Goals,Under 3.5 Goals,Yes,Over 0.5 Goals,8/8,betfair_oficial
2026-09-23 17:57,2026-09-23 16:00,Ironi Beit Shemesh,AS Nordia Jerusalem,LIQUIDADO,1 - 0,1,0,Ironi Beit Shemesh,Over 0.5 Goals,Under 1.5 Goals,Under 2.5 Goals,Under 3.5 Goals,No,Over 0.5 Goals,8/8,betfair_oficial
2026-09-23 17:57,2026-09-23 16:00,Breidablik (W),Czarni Sosnowiec (W),LIQUIDADO,Any Other Away Win,,,Czarni Sosnowiec (W),Over 0.5 Goals,Over 1.5 Goals,Over 2.5 Goals,Over 3.5 Goals,Yes,Over 0.5 Goals,8/8,betfair_oficial
2026-09-23 18:02,2026-09-23 16:00,Hapoel Marmorek,Shimshon Tel Aviv,LIQUIDADO,1 - 2,1,2,Shimshon Tel Aviv,Over 0.5 Goals,Over 1.5 Goals,Over 2.5 Goals,Under 3.5 Goals,Yes,Over 0.5 Goals,8/8,betfair_oficial
2026-09-23 18:02,2026-09-23 16:00,Gibraltar,Sao Tome E Principe,LIQUIDADO,0 - 0,0,0,The Draw,Under 0.5 Goals,Under 1.5 Goals,Under 2.5 Goals,Under 3.5 Goals,No,Under 0.5 Goals,8/8,betfair_oficial
2026-09-23 18:02,2026-09-23 16:00,Bregalnica Stip,FK Skopje,LIQUIDADO,1 - 0,1,0,Bregalnica Stip,Over 0.5 Goals,Under 1.5 Goals,Under 2.5 Goals,Under 3.5 Goals,No,Under 0.5 Goals,8/8,betfair_oficial
2026-09-23 18:07,2026-09-23 16:00,Birmingham Legion FC,Brooklyn FC,LIQUIDADO,Any Other Home Win,,,Birmingham Legion FC,Over 0.5 Goals,Over 1.5 Goals,Over 2.5 Goals,Over 3.5 Goals,No,Over 0.5 Goals,8/8,betfair_oficial
2026-09-23 18:42,2026-09-23 16:45,Servette FC (W),Lyon (W),LIQUIDADO,Any Other Away Win,,,Lyon (W),Over 0.5 Goals,Over 1.5 Goals,Over 2.5 Goals,Over 3.5 Goals,No,Over 0.5 Goals,8/8,betfair_oficial
2026-09-23 18:42,2026-09-23 16:45,Oud-Heverlee Leuven (W),AS Roma (W),LIQUIDADO,0 - 0,0,0,The Draw,Under 0.5 Goals,Under 1.5 Goals,Under 2.5 Goals,Under 3.5 Goals,No,Under 0.5 Goals,8/8,betfair_oficial
2026-09-23 18:42,2026-09-23 16:45,SKN St. Polten (W),Malmo (W),LIQUIDADO,0 - 2,0,2,Malmo (W),Over 0.5 Goals,Over 1.5 Goals,Under 2.5 Goals,Under 3.5 Goals,No,Over 0.5 Goals,8/8,betfair_oficial
2026-09-23 18:52,2026-09-23 17:00,Hammarby (W),Rangers LFC (W),LIQUIDADO,2 - 0,2,0,Hammarby (W),Over 0.5 Goals,Over 1.5 Goals,Under 2.5 Goals,Under 3.5 Goals,No,Over 0.5 Goals,8/8,betfair_oficial
2026-09-23 18:57,2026-09-23 17:00,Wolfsburg (W),Sturm Graz (W),LIQUIDADO,Any Other Home Win,,,Wolfsburg (W),Over 0.5 Goals,Over 1.5 Goals,Over 2.5 Goals,Over 3.5 Goals,Yes,Over 0.5 Goals,8/8,betfair_oficial
2026-09-23 18:57,2026-09-23 17:00,Beitar Nahariya,Maccabi Neve Shaanan Eldad,LIQUIDADO,3 - 0,3,0,Beitar Nahariya,Over 0.5 Goals,Over 1.5 Goals,Over 2.5 Goals,Under 3.5 Goals,No,Over 0.5 Goals,8/8,betfair_oficial
2026-09-23 18:57,2026-09-23 17:00,Feyenoord (W),Valerenga (W),LIQUIDADO,Any Other Home Win,,,Feyenoord (W),Over 0.5 Goals,Over 1.5 Goals,Over 2.5 Goals,Over 3.5 Goals,Yes,Over 0.5 Goals,8/8,betfair_oficial
2026-09-23 18:57,2026-09-23 17:00,PSV Eindhoven (W),Fortuna Hjorring (W),LIQUIDADO,1 - 0,1,0,PSV Eindhoven (W),Over 0.5 Goals,Under 1.5 Goals,Under 2.5 Goals,Under 3.5 Goals,No,Over 0.5 Goals,8/8,betfair_oficial
2026-09-23 19:07,2026-09-23 17:10,SC Dimona,Maccabi Ironi Kiryat Malakhi,LIQUIDADO,Any Other Away Win,,,Maccabi Ironi Kiryat,Over 0.5 Goals,Over 1.5 Goals,Over 2.5 Goals,Over 3.5 Goals,Yes,Over 0.5 Goals,8/8,betfair_oficial
2026-09-23 19:12,2026-09-23 17:15,Hapoel Herzliya,Tzeirey Tira FC,LIQUIDADO,1 - 0,1,0,Hapoel Herzliya,Over 0.5 Goals,Under 1.5 Goals,Under 2.5 Goals,Under 3.5 Goals,No,Under 0.5 Goals,8/8,betfair_oficial
2026-09-23 19:12,2026-09-23 17:15,Ironi Ramat Hasharon,Sderot FC,LIQUIDADO,1 - 0,1,0,Ironi Ramat HaSharon,Over 0.5 Goals,Under 1.5 Goals,Under 2.5 Goals,Under 3.5 Goals,No,Under 0.5 Goals,8/8,betfair_oficial
2026-09-23 19:22,2026-09-23 17:00,MS Tira,Hapoel Bnei Musmus,LIQUIDADO,1 - 1,1,1,The Draw,Over 0.5 Goals,Over 1.5 Goals,Under 2.5 Goals,Under 3.5 Goals,Yes,Over 0.5 Goals,8/8,betfair_oficial
2026-09-23 19:27,2026-09-23 17:30,Ajax (W),FK Aktobe (W),LIQUIDADO,Any Other Home Win,,,Ajax (W),Over 0.5 Goals,Over 1.5 Goals,Over 2.5 Goals,Over 3.5 Goals,No,Over 0.5 Goals,8/8,betfair_oficial
2026-09-23 19:37,2026-09-23 17:20,Tzeirey Umm al-Fahm,Hapoel Umm Al Fahm,LIQUIDADO,,,,,,,,,,,8/8,betfair_oficial
2026-09-23 19:47,2026-09-23 17:45,Ironi Baka El Garbiya,Hapoel Tirat HaCarmel,LIQUIDADO,3 - 1,3,1,Ironi Baka El Garbiya,Over 0.5 Goals,Over 1.5 Goals,Over 2.5 Goals,Over 3.5 Goals,Yes,Under 0.5 Goals,8/8,betfair_oficial
2026-09-23 19:52,2026-09-23 18:00,Club Atletico Saguntino,CDA Navalcarnero,LIQUIDADO,Any Other Away Win,,,CDA Navalcarnero,Over 0.5 Goals,Over 1.5 Goals,Over 2.5 Goals,Over 3.5 Goals,No,Over 0.5 Goals,8/8,betfair_oficial
2026-09-23 19:57,2026-09-23 18:00,Nottm Forest (W),Aston Villa (W),LIQUIDADO,0 - 2,0,2,Aston Villa (W),Over 0.5 Goals,Over 1.5 Goals,Under 2.5 Goals,Under 3.5 Goals,No,Under 0.5 Goals,8/8,betfair_oficial
2026-09-23 19:57,2026-09-23 18:00,West Ham U21,Valencia U21,LIQUIDADO,2 - 0,2,0,West Ham U21,Over 0.5 Goals,Over 1.5 Goals,Under 2.5 Goals,Under 3.5 Goals,No,Under 0.5 Goals,8/8,betfair_oficial
2026-09-23 19:57,2026-09-23 18:00,Middlesbrough U21,Genk (Res),LIQUIDADO,1 - 1,1,1,The Draw,Over 0.5 Goals,Over 1.5 Goals,Under 2.5 Goals,Under 3.5 Goals,Yes,Over 0.5 Goals,8/8,betfair_oficial
2026-09-23 19:57,2026-09-23 18:00,Everton (W),Birmingham (W),LIQUIDADO,2 - 0,2,0,Everton (W),Over 0.5 Goals,Over 1.5 Goals,Under 2.5 Goals,Under 3.5 Goals,No,Over 0.5 Goals,8/8,betfair_oficial
2026-09-23 19:57,2026-09-23 18:00,Boreham Wood,Everton U21,LIQUIDADO,1 - 1,1,1,The Draw,Over 0.5 Goals,Over 1.5 Goals,Under 2.5 Goals,Under 3.5 Goals,Yes,Under 0.5 Goals,8/8,betfair_oficial
2026-09-23 19:57,2026-09-23 18:00,Man Utd (W),Sheffield United (W),LIQUIDADO,Any Other Home Win,,,Man Utd (W),Over 0.5 Goals,Over 1.5 Goals,Over 2.5 Goals,Over 3.5 Goals,Yes,Over 0.5 Goals,8/8,betfair_oficial
2026-09-23 19:57,2026-09-23 18:00,Ijsselmeervogels,VV Gemert,LIQUIDADO,0 - 3,0,3,VV Gemert,Over 0.5 Goals,Over 1.5 Goals,Over 2.5 Goals,Under 3.5 Goals,No,Over 0.5 Goals,8/8,betfair_oficial
2026-09-23 19:57,2026-09-23 18:00,Sparta Nijkerk,RKSV UDI 1919,LIQUIDADO,3 - 1,3,1,Sparta Nijkerk,Over 0.5 Goals,Over 1.5 Goals,Over 2.5 Goals,Over 3.5 Goals,Yes,Over 0.5 Goals,8/8,betfair_oficial
2026-09-23 19:57,2026-09-23 18:00,Hearts (W),Real Sociedad (W),LIQUIDADO,0 - 0,0,0,The Draw,Under 0.5 Goals,Under 1.5 Goals,Under 2.5 Goals,Under 3.5 Goals,No,Under 0.5 Goals,8/8,betfair_oficial
2026-09-23 19:57,2026-09-23 18:00,Liverpool (W),Sunderland (W),LIQUIDADO,Any Other Home Win,,,Liverpool (W),Over 0.5 Goals,Over 1.5 Goals,Over 2.5 Goals,Over 3.5 Goals,Yes,Over 0.5 Goals,8/8,betfair_oficial
2026-09-23 19:57,2026-09-23 18:00,Crystal Palace (W),Watford (W),LIQUIDADO,1 - 0,1,0,Crystal Palace (W),Over 0.5 Goals,Under 1.5 Goals,Under 2.5 Goals,Under 3.5 Goals,No,Under 0.5 Goals,8/8,betfair_oficial
2026-09-23 19:57,2026-09-23 18:00,Tottenham (W),West Ham United (W),LIQUIDADO,0 - 0,0,0,The Draw,Under 0.5 Goals,Under 1.5 Goals,Under 2.5 Goals,Under 3.5 Goals,No,Under 0.5 Goals,8/8,betfair_oficial
2026-09-23 20:02,2026-09-23 18:00,Chile U20 (W),Venezuela U20 (W),LIQUIDADO,1 - 1,1,1,The Draw,Over 0.5 Goals,Over 1.5 Goals,Under 2.5 Goals,Under 3.5 Goals,Yes,Under 0.5 Goals,8/8,betfair_oficial
2026-09-23 20:02,2026-09-23 18:00,JOS Watergraafsmeer,SV TEC Tiel,LIQUIDADO,2 - 2,2,2,The Draw,Over 0.5 Goals,Over 1.5 Goals,Over 2.5 Goals,Over 3.5 Goals,Yes,Over 0.5 Goals,8/8,betfair_oficial
2026-09-23 20:02,2026-09-23 18:00,TOGB,Rohda Raalte,LIQUIDADO,Any Other Away Win,,,Rohda Raalte,Over 0.5 Goals,Over 1.5 Goals,Over 2.5 Goals,Over 3.5 Goals,Yes,Over 0.5 Goals,8/8,betfair_oficial
2026-09-23 20:02,2026-09-23 18:00,Zwaluwen,Purmersteijn,LIQUIDADO,0 - 1,0,1,Purmersteijn,Over 0.5 Goals,Under 1.5 Goals,Under 2.5 Goals,Under 3.5 Goals,No,Over 0.5 Goals,8/8,betfair_oficial
2026-09-23 20:12,2026-09-23 18:15,MS Hapoel Lod,Beitar Tel Aviv Bat Yam FC,LIQUIDADO,1 - 3,1,3,Beitar Tel Aviv Bat Yam FC,Over 0.5 Goals,Over 1.5 Goals,Over 2.5 Goals,Over 3.5 Goals,Yes,Over 0.5 Goals,8/8,betfair_oficial
2026-09-23 20:17,2026-09-23 18:00,Saudi Arabia,Kuwait,LIQUIDADO,1 - 0,1,0,Saudi Arabia,Over 0.5 Goals,Under 1.5 Goals,Under 2.5 Goals,Under 3.5 Goals,No,Under 0.5 Goals,8/8,betfair_oficial
2026-09-23 20:22,2026-09-23 18:30,Boston River,Centro Atletico Fenix,LIQUIDADO,3 - 2,3,2,Boston River,Over 0.5 Goals,Over 1.5 Goals,Over 2.5 Goals,Over 3.5 Goals,Yes,Over 0.5 Goals,8/8,betfair_oficial
2026-09-23 20:27,2026-09-23 18:30,Liverpool Montevideo,Colon FC,LIQUIDADO,3 - 0,3,0,Liverpool Montevideo,Over 0.5 Goals,Over 1.5 Goals,Over 2.5 Goals,Under 3.5 Goals,No,Over 0.5 Goals,8/8,betfair_oficial
2026-09-23 20:27,2026-09-23 18:30,Leicester City (W),London City Lionesses,LIQUIDADO,0 - 2,0,2,London City Lionesses,Over 0.5 Goals,Over 1.5 Goals,Under 2.5 Goals,Under 3.5 Goals,No,Under 0.5 Goals,8/8,betfair_oficial
2026-09-23 20:37,2026-09-23 18:45,Brighton (W),Charlton (W),LIQUIDADO,Any Other Home Win,,,Brighton (W),Over 0.5 Goals,Over 1.5 Goals,Over 2.5 Goals,Over 3.5 Goals,No,Over 0.5 Goals,8/8,betfair_oficial
2026-09-23 20:42,2026-09-23 18:45,Hamilton,Cowdenbeath,LIQUIDADO,1 - 0,1,0,Hamilton,Over 0.5 Goals,Under 1.5 Goals,Under 2.5 Goals,Under 3.5 Goals,No,Under 0.5 Goals,8/8,betfair_oficial
2026-09-23 20:57,2026-09-23 19:00,Turks and Caicos Islands,Montserrat,LIQUIDADO,0 - 2,0,2,Montserrat,Over 0.5 Goals,Over 1.5 Goals,Under 2.5 Goals,Under 3.5 Goals,No,Over 0.5 Goals,8/8,betfair_oficial
2026-09-23 20:57,2026-09-23 19:00,Barcelona (W),Paris FC (W),LIQUIDADO,Any Other Home Win,,,Barcelona (W),Over 0.5 Goals,Over 1.5 Goals,Over 2.5 Goals,Over 3.5 Goals,Yes,Over 0.5 Goals,8/8,betfair_oficial
2026-09-23 20:57,2026-09-23 19:00,Sportivo San Lorenzo,Club 4 de Mayo,LIQUIDADO,2 - 1,2,1,Sportivo San Lorenzo,Over 0.5 Goals,Over 1.5 Goals,Over 2.5 Goals,Under 3.5 Goals,Yes,Under 0.5 Goals,8/8,betfair_oficial
2026-09-23 20:57,2026-09-23 19:00,Chelsea (W),FK Austria Wien (W),LIQUIDADO,1 - 0,1,0,Chelsea (W),Over 0.5 Goals,Under 1.5 Goals,Under 2.5 Goals,Under 3.5 Goals,No,Over 0.5 Goals,8/8,betfair_oficial
2026-09-23 21:07,2026-09-23 19:00,UE Sant Andreu,Real Madrid Castilla,LIQUIDADO,1 - 1,1,1,The Draw,Over 0.5 Goals,Over 1.5 Goals,Under 2.5 Goals,Under 3.5 Goals,Yes,Over 0.5 Goals,8/8,betfair_oficial
2026-09-23 22:02,2026-09-23 20:00,Bahamas,Saint Martin,LIQUIDADO,Any Other Away Win,,,Saint Martin,Over 0.5 Goals,Over 1.5 Goals,Over 2.5 Goals,Over 3.5 Goals,No,Over 0.5 Goals,8/8,betfair_oficial
2026-09-23 22:02,2026-09-23 20:00,Salcedo FC,Cibao FC,LIQUIDADO,0 - 0,0,0,The Draw,Under 0.5 Goals,Under 1.5 Goals,Under 2.5 Goals,Under 3.5 Goals,No,Under 0.5 Goals,8/8,betfair_oficial
2026-09-23 22:02,2026-09-23 20:00,Asociacion Deportiva Tarma,Cienciano,LIQUIDADO,2 - 1,2,1,Asociacion Deportiva Tarma,Over 0.5 Goals,Over 1.5 Goals,Over 2.5 Goals,Under 3.5 Goals,Yes,Over 0.5 Goals,8/8,betfair_oficial
2026-09-23 22:52,2026-09-23 20:00,UNIVERSIDAD O&M,Atlantico FC,LIQUIDADO,3 - 1,3,1,UNIVERSIDAD O&M,Over 0.5 Goals,Over 1.5 Goals,Over 2.5 Goals,Over 3.5 Goals,Yes,Over 0.5 Goals,8/8,betfair_oficial
2026-09-23 23:02,2026-09-23 21:00,Curico Unido,Deportes Concepcion,LIQUIDADO,Any Other Away Win,,,Deportes Concepcion,Over 0.5 Goals,Over 1.5 Goals,Over 2.5 Goals,Over 3.5 Goals,No,Over 0.5 Goals,8/8,betfair_oficial
2026-09-23 23:27,2026-09-23 21:30,Club F de la Mora,Libertad,LIQUIDADO,1 - 1,1,1,The Draw,Over 0.5 Goals,Over 1.5 Goals,Under 2.5 Goals,Under 3.5 Goals,Yes,Over 0.5 Goals,8/8,betfair_oficial
2026-09-24 00:02,2026-09-23 22:00,Moca FC,Delfines Del Este,LIQUIDADO,1 - 1,1,1,The Draw,Over 0.5 Goals,Over 1.5 Goals,Under 2.5 Goals,Under 3.5 Goals,Yes,Over 0.5 Goals,8/8,betfair_oficial
2026-09-24 00:02,2026-09-23 22:00,Vega Real,Don Bosco Jarabacoa,LIQUIDADO,3 - 1,3,1,Vega Real,Over 0.5 Goals,Over 1.5 Goals,Over 2.5 Goals,Over 3.5 Goals,Yes,Over 0.5 Goals,8/8,betfair_oficial
2026-09-24 00:52,2026-09-23 23:00,Cerro,Deportivo Maldonado,LIQUIDADO,1 - 2,1,2,Deportivo Maldonado,Over 0.5 Goals,Over 1.5 Goals,Over 2.5 Goals,Under 3.5 Goals,Yes,Under 0.5 Goals,8/8,betfair_oficial
2026-09-24 00:57,2026-09-23 23:00,Aruba,Antigua and Barbuda,LIQUIDADO,1 - 0,1,0,Aruba,Over 0.5 Goals,Under 1.5 Goals,Under 2.5 Goals,Under 3.5 Goals,No,Under 0.5 Goals,8/8,betfair_oficial
2026-09-24 01:02,2026-09-23 23:00,Wanderers (Uru),Cerrito,LIQUIDADO,1 - 3,1,3,Cerrito,Over 0.5 Goals,Over 1.5 Goals,Over 2.5 Goals,Over 3.5 Goals,Yes,Over 0.5 Goals,8/8,betfair_oficial
2026-09-24 01:32,2026-09-23 23:30,Deportes Iquique,Antofagasta,LIQUIDADO,1 - 1,1,1,The Draw,Over 0.5 Goals,Over 1.5 Goals,Under 2.5 Goals,Under 3.5 Goals,Yes,Over 0.5 Goals,8/8,betfair_oficial
2026-09-24 01:32,2026-09-23 23:30,Union La Calera,Univ Catolica (Chile),LIQUIDADO,1 - 1,1,1,The Draw,Over 0.5 Goals,Over 1.5 Goals,Under 2.5 Goals,Under 3.5 Goals,Yes,Under 0.5 Goals,8/8,betfair_oficial
2026-09-24 03:08,2026-09-24 00:30,America de Cali S.A,Aguilas Doradas,LIQUIDADO,1 - 0,1,0,America de Cali S.A,Over 0.5 Goals,Under 1.5 Goals,Under 2.5 Goals,Under 3.5 Goals,No,Over 0.5 Goals,8/8,betfair_oficial
2026-09-24 03:08,2026-09-24 01:00,CD Luis Angel Firpo,CD Cacahuatique,LIQUIDADO,0 - 0,0,0,The Draw,Under 0.5 Goals,Under 1.5 Goals,Under 2.5 Goals,Under 3.5 Goals,No,Under 0.5 Goals,8/8,betfair_oficial
2026-09-24 03:08,2026-09-24 01:00,Alianza FC (SLV),Fuerte San Francisco,LIQUIDADO,2 - 2,2,2,The Draw,Over 0.5 Goals,Over 1.5 Goals,Over 2.5 Goals,Over 3.5 Goals,Yes,Over 0.5 Goals,8/8,betfair_oficial
2026-09-24 03:38,2026-09-24 01:30,Seattle Sounders,Real Salt Lake,LIQUIDADO,2 - 0,2,0,Seattle Sounders,Over 0.5 Goals,Over 1.5 Goals,Under 2.5 Goals,Under 3.5 Goals,No,Under 0.5 Goals,8/8,betfair_oficial
2026-09-24 04:08,2026-09-24 02:00,Xelaju,Antigua GFC,LIQUIDADO,Any Other Home Win,,,Xelaju,Over 0.5 Goals,Over 1.5 Goals,Over 2.5 Goals,Over 3.5 Goals,No,Over 0.5 Goals,8/8,betfair_oficial
2026-09-24 04:13,2026-09-24 02:00,Vancouver FC,Inter Toronto FC,LIQUIDADO,3 - 3,3,3,The Draw,Over 0.5 Goals,Over 1.5 Goals,Over 2.5 Goals,Over 3.5 Goals,Yes,Over 0.5 Goals,8/8,betfair_oficial
2026-09-24 04:18,2026-09-24 02:00,Gimnastico FC Tegucigalpa,Real Tegus,LIQUIDADO,2 - 2,2,2,The Draw,Over 0.5 Goals,Over 1.5 Goals,Over 2.5 Goals,Over 3.5 Goals,Yes,Over 0.5 Goals,8/8,betfair_oficial
2026-09-24 06:08,2026-09-24 04:00,Solomon Islands,Vanuatu,LIQUIDADO,3 - 3,3,3,The Draw,Over 0.5 Goals,Over 1.5 Goals,Over 2.5 Goals,Over 3.5 Goals,Yes,Over 0.5 Goals,8/8,betfair_oficial
2026-09-24 07:33,2026-09-24 05:30,HAL SC Bangalore,Kickstart FC,LIQUIDADO,2 - 3,2,3,Kickstart FC,Over 0.5 Goals,Over 1.5 Goals,Over 2.5 Goals,Over 3.5 Goals,Yes,Over 0.5 Goals,8/8,betfair_oficial
2026-09-24 08:58,2026-09-24 07:00,Papua New Guinea,New Caledonia,LIQUIDADO,1 - 2,1,2,New Caledonia,Over 0.5 Goals,Over 1.5 Goals,Over 2.5 Goals,Under 3.5 Goals,Yes,Over 0.5 Goals,8/8,betfair_oficial
2026-09-24 10:03,2026-09-24 08:00,South United,ASC,LIQUIDADO,Any Other Home Win,,,South United,Over 0.5 Goals,Over 1.5 Goals,Over 2.5 Goals,Over 3.5 Goals,No,Over 0.5 Goals,8/8,betfair_oficial
2026-09-24 11:33,2026-09-24 09:30,Shillong Lajong FC Reserves,Laitkor SC,LIQUIDADO,3 - 0,3,0,Shillong Lajong FC Reserves,Over 0.5 Goals,Over 1.5 Goals,Over 2.5 Goals,Under 3.5 Goals,No,Over 0.5 Goals,8/8,betfair_oficial
2026-09-24 12:03,2026-09-24 09:30,Palestine,New Zealand,LIQUIDADO,2 - 2,2,2,The Draw,Over 0.5 Goals,Over 1.5 Goals,Over 2.5 Goals,Over 3.5 Goals,Yes,Over 0.5 Goals,8/8,betfair_oficial
2026-09-24 12:08,2026-09-24 10:05,Japan,Uruguay,LIQUIDADO,3 - 1,3,1,Japan,Over 0.5 Goals,Over 1.5 Goals,Over 2.5 Goals,Over 3.5 Goals,Yes,Over 0.5 Goals,8/8,betfair_oficial
2026-09-24 12:33,2026-09-24 10:30,Rebels FC,Roots FC,LIQUIDADO,0 - 0,0,0,The Draw,Under 0.5 Goals,Under 1.5 Goals,Under 2.5 Goals,Under 3.5 Goals,No,Under 0.5 Goals,8/8,betfair_oficial
2026-09-24 13:03,2026-09-24 11:00,South Korea,Ecuador,LIQUIDADO,3 - 0,3,0,South Korea,Over 0.5 Goals,Over 1.5 Goals,Over 2.5 Goals,Under 3.5 Goals,No,Under 0.5 Goals,8/8,betfair_oficial
2026-09-24 13:03,2026-09-24 11:00,Hapoel Bnei Jadeidi,Maccabi Ihud Bnei Avtin,LIQUIDADO,1 - 2,1,2,Maccabi Ihud Bnei Avtin,Over 0.5 Goals,Over 1.5 Goals,Over 2.5 Goals,Under 3.5 Goals,Yes,Under 0.5 Goals,8/8,betfair_oficial
2026-09-24 13:38,2026-09-24 11:35,China,Republic of Maldives,LIQUIDADO,3 - 0,3,0,China,Over 0.5 Goals,Over 1.5 Goals,Over 2.5 Goals,Under 3.5 Goals,No,Under 0.5 Goals,8/8,betfair_oficial
2026-09-24 13:43,2026-09-24 11:45,Maccabi Kiryat Ata-Bialik,Hapoel Ihud Bnei Jat,LIQUIDADO,Any Other Home Win,,,Maccabi Kiryat Ata-Bialik,Over 0.5 Goals,Over 1.5 Goals,Over 2.5 Goals,Over 3.5 Goals,Yes,Over 0.5 Goals,8/8,betfair_oficial
2026-09-24 14:38,2026-09-24 12:30,Maccabi Isffiya,SC Givat Olga,LIQUIDADO,Any Other Home Win,,,Maccabi Isffiya,Over 0.5 Goals,Over 1.5 Goals,Over 2.5 Goals,Over 3.5 Goals,Yes,Over 0.5 Goals,8/8,betfair_oficial
2026-09-24 15:08,2026-09-24 13:00,Namibia,Congo,LIQUIDADO,1 - 0,1,0,Namibia,Over 0.5 Goals,Under 1.5 Goals,Under 2.5 Goals,Under 3.5 Goals,No,Under 0.5 Goals,8/8,betfair_oficial
2026-09-24 15:23,2026-09-24 13:30,FK Podkonice,MFK Ruzomberok B,LIQUIDADO,Any Other Draw,,,The Draw,Over 0.5 Goals,Over 1.5 Goals,Over 2.5 Goals,Over 3.5 Goals,Yes,Over 0.5 Goals,8/8,betfair_oficial
2026-09-24 15:28,2026-09-24 13:30,Detonit Plackovica,GFK Ohrid Lihnidos,LIQUIDADO,0 - 2,0,2,GFK Ohrid Lihnidos,Over 0.5 Goals,Over 1.5 Goals,Under 2.5 Goals,Under 3.5 Goals,No,Under 0.5 Goals,8/8,betfair_oficial
2026-09-24 15:28,2026-09-24 13:30,Maccabi Nujeidat Ahmad,Hapoel Ironi Arraba,LIQUIDADO,Any Other Home Win,,,Maccabi Nujeidat Ahmad,Over 0.5 Goals,Over 1.5 Goals,Over 2.5 Goals,Over 3.5 Goals,Yes,Over 0.5 Goals,8/8,betfair_oficial
2026-09-24 15:28,2026-09-24 13:30,Teteks Tetovo,Rabotnicki Skopje,LIQUIDADO,0 - 1,0,1,Rabotnicki Skopje,Over 0.5 Goals,Under 1.5 Goals,Under 2.5 Goals,Under 3.5 Goals,No,Over 0.5 Goals,8/8,betfair_oficial
2026-09-24 15:28,2026-09-24 13:30,FK Mogila,KF Arsimi 1973,LIQUIDADO,Any Other Away Win,,,KF Arsimi 1973,Over 0.5 Goals,Over 1.5 Goals,Over 2.5 Goals,Over 3.5 Goals,No,Over 0.5 Goals,8/8,betfair_oficial
2026-09-24 15:33,2026-09-24 13:30,Kahraba Ismailia,Pharco FC,LIQUIDADO,3 - 1,3,1,Kahraba Ismailia,Over 0.5 Goals,Over 1.5 Goals,Over 2.5 Goals,Over 3.5 Goals,Yes,Over 0.5 Goals,8/8,betfair_oficial
2026-09-24 15:38,2026-09-24 13:30,FC Masar,Proxy Work Club,LIQUIDADO,1 - 0,1,0,FC Masar,Over 0.5 Goals,Under 1.5 Goals,Under 2.5 Goals,Under 3.5 Goals,No,Over 0.5 Goals,8/8,betfair_oficial
2026-09-24 15:38,2026-09-24 13:30,Maleyeit Kafr El Zayiat,El Mansurah,LIQUIDADO,2 - 0,2,0,Maleyeit Kafr El Zayiat,Over 0.5 Goals,Over 1.5 Goals,Under 2.5 Goals,Under 3.5 Goals,No,Over 0.5 Goals,8/8,betfair_oficial
2026-09-24 15:43,2026-09-24 13:30,Team FC,El Daklyeh,LIQUIDADO,1 - 2,1,2,El Daklyeh,Over 0.5 Goals,Over 1.5 Goals,Over 2.5 Goals,Under 3.5 Goals,Yes,Under 0.5 Goals,8/8,betfair_oficial
2026-09-24 15:48,2026-09-24 13:30,Al Nasr Cairo,El Seka Elhadeed,LIQUIDADO,3 - 1,3,1,Al Nasr Cairo,Over 0.5 Goals,Over 1.5 Goals,Over 2.5 Goals,Over 3.5 Goals,Yes,Over 0.5 Goals,8/8,betfair_oficial
2026-09-24 15:48,2026-09-24 13:45,Umm Salal U20,Al Markhiya U20,LIQUIDADO,1 - 0,1,0,Umm Salal U20,Over 0.5 Goals,Under 1.5 Goals,Under 2.5 Goals,Under 3.5 Goals,No,Under 0.5 Goals,8/8,betfair_oficial
2026-09-24 15:48,2026-09-24 13:45,Al-Arabi U20,Al Duhail U20,LIQUIDADO,1 - 3,1,3,AL Duhail U20,Over 0.5 Goals,Over 1.5 Goals,Over 2.5 Goals,Over 3.5 Goals,Yes,Over 0.5 Goals,8/8,betfair_oficial
2026-09-24 15:53,2026-09-24 14:00,FC Elva,Tallinna Kalev,LIQUIDADO,3 - 2,3,2,FC Elva,Over 0.5 Goals,Over 1.5 Goals,Over 2.5 Goals,Over 3.5 Goals,Yes,Over 0.5 Goals,8/8,betfair_oficial
2026-09-24 16:03,2026-09-24 14:00,Uzbekistan,Iran,LIQUIDADO,3 - 1,3,1,Uzbekistan,Over 0.5 Goals,Over 1.5 Goals,Over 2.5 Goals,Over 3.5 Goals,Yes,Over 0.5 Goals,8/8,betfair_oficial
2026-09-24 16:43,2026-09-24 14:40,Sohar,Al Seeb,LIQUIDADO,1 - 3,1,3,Al Seeb,Over 0.5 Goals,Over 1.5 Goals,Over 2.5 Goals,Over 3.5 Goals,Yes,Over 0.5 Goals,8/8,betfair_oficial
2026-09-24 17:13,2026-09-24 15:00,Rivers United FC,Kun Khalifat FC,LIQUIDADO,Any Other Home Win,,,Rivers United FC,Over 0.5 Goals,Over 1.5 Goals,Over 2.5 Goals,Over 3.5 Goals,No,Over 0.5 Goals,8/8,betfair_oficial
2026-09-24 17:28,2026-09-24 14:30,Oman FC,Sur Club,LIQUIDADO,1 - 2,1,2,Sur Club,Over 0.5 Goals,Over 1.5 Goals,Over 2.5 Goals,Under 3.5 Goals,Yes,Over 0.5 Goals,8/8,betfair_oficial
2026-09-24 17:28,2026-09-24 15:30,SC Ramla,Beitar Ironi Kiryat Gat,LIQUIDADO,Any Other Home Win,,,SC Ramla,Over 0.5 Goals,Over 1.5 Goals,Over 2.5 Goals,Over 3.5 Goals,Yes,Over 0.5 Goals,8/8,betfair_oficial
2026-09-24 17:33,2026-09-24 15:30,Tzofey Haifa Samir Farhud,Tzeirey Haifa,LIQUIDADO,1 - 2,1,2,Tzeirey Haifa,Over 0.5 Goals,Over 1.5 Goals,Over 2.5 Goals,Under 3.5 Goals,Yes,Over 0.5 Goals,8/8,betfair_oficial
2026-09-24 17:53,2026-09-24 16:00,Hapoel Rishon Lezion,Maccabi Ahi Nazareth,LIQUIDADO,1 - 0,1,0,Hapoel Rishon Lezion,Over 0.5 Goals,Under 1.5 Goals,Under 2.5 Goals,Under 3.5 Goals,No,Under 0.5 Goals,8/8,betfair_oficial
2026-09-24 17:58,2026-09-24 15:55,Al Wakra U20,Qatar SC Doha U20,LIQUIDADO,0 - 1,0,1,Qatar SC Doha U20,Over 0.5 Goals,Under 1.5 Goals,Under 2.5 Goals,Under 3.5 Goals,No,Over 0.5 Goals,8/8,betfair_oficial
2026-09-24 17:58,2026-09-24 15:55,Al Gharafa U20,Al Khor U20,LIQUIDADO,1 - 0,1,0,Al Gharafa U20,Over 0.5 Goals,Under 1.5 Goals,Under 2.5 Goals,Under 3.5 Goals,No,Over 0.5 Goals,8/8,betfair_oficial
2026-09-24 17:58,2026-09-24 16:00,Mauritania,Central African Republic,LIQUIDADO,3 - 1,3,1,Mauritania,Over 0.5 Goals,Over 1.5 Goals,Over 2.5 Goals,Over 3.5 Goals,Yes,Over 0.5 Goals,8/8,betfair_oficial
2026-09-24 17:58,2026-09-24 16:00,Andorra,Malta,LIQUIDADO,1 - 2,1,2,Malta,Over 0.5 Goals,Over 1.5 Goals,Over 2.5 Goals,Under 3.5 Goals,Yes,Over 0.5 Goals,8/8,betfair_oficial
2026-09-24 17:58,2026-09-24 16:00,Maccabi Herzliya,SC Kiryat Yam,LIQUIDADO,1 - 3,1,3,SC Kiryat Yam,Over 0.5 Goals,Over 1.5 Goals,Over 2.5 Goals,Over 3.5 Goals,Yes,Over 0.5 Goals,8/8,betfair_oficial
2026-09-24 17:58,2026-09-24 16:00,Hapoel Akko,Hapoel Afula,LIQUIDADO,0 - 3,0,3,Hapoel Afula,Over 0.5 Goals,Over 1.5 Goals,Over 2.5 Goals,Under 3.5 Goals,No,Over 0.5 Goals,8/8,betfair_oficial
2026-09-24 18:03,2026-09-24 15:55,UAE,Yemen,LIQUIDADO,Any Other Home Win,,,UAE,Over 0.5 Goals,Over 1.5 Goals,Over 2.5 Goals,Over 3.5 Goals,No,Over 0.5 Goals,8/8,betfair_oficial
2026-09-24 18:03,2026-09-24 16:00,Sahl Houran,Hayy Al-Amir Hassan,LIQUIDADO,1 - 0,1,0,Sahl Houran,Over 0.5 Goals,Under 1.5 Goals,Under 2.5 Goals,Under 3.5 Goals,No,Under 0.5 Goals,8/8,betfair_oficial
2026-09-24 18:03,2026-09-24 16:00,Al Ahli Amman,Ma'an,LIQUIDADO,0 - 1,0,1,Ma'an,Over 0.5 Goals,Under 1.5 Goals,Under 2.5 Goals,Under 3.5 Goals,No,Over 0.5 Goals,8/8,betfair_oficial
2026-09-24 18:03,2026-09-24 16:00,DR Congo,Equatorial Guinea,LIQUIDADO,2 - 0,2,0,DR Congo,Over 0.5 Goals,Over 1.5 Goals,Under 2.5 Goals,Under 3.5 Goals,No,Over 0.5 Goals,8/8,betfair_oficial
2026-09-24 18:03,2026-09-24 16:00,Ironi Modiin,FC Ashdod,LIQUIDADO,1 - 3,1,3,FC Ashdod,Over 0.5 Goals,Over 1.5 Goals,Over 2.5 Goals,Over 3.5 Goals,Yes,Over 0.5 Goals,8/8,betfair_oficial
2026-09-24 18:13,2026-09-24 16:00,Libya,Botswana,LIQUIDADO,2 - 2,2,2,The Draw,Over 0.5 Goals,Over 1.5 Goals,Over 2.5 Goals,Over 3.5 Goals,Yes,Over 0.5 Goals,8/8,betfair_oficial
2026-09-24 18:48,2026-09-24 16:45,FC Holon Yermiyahu,MK Kfar Saba 1928,LIQUIDADO,1 - 0,1,0,FC Holon Yermiyahu,Over 0.5 Goals,Under 1.5 Goals,Under 2.5 Goals,Under 3.5 Goals,No,Under 0.5 Goals,8/8,betfair_oficial
2026-09-24 18:58,2026-09-24 16:00,MS Jerusalem,Maccabi Yavne,LIQUIDADO,1 - 0,1,0,MS Jerusalem,Over 0.5 Goals,Under 1.5 Goals,Under 2.5 Goals,Under 3.5 Goals,No,Over 0.5 Goals,8/8,betfair_oficial
2026-09-24 18:58,2026-09-24 17:00,FC Shikhun HaMizrah,Bnei Eilat,LIQUIDADO,Any Other Home Win,,,FC Shikhun HaMizrah,Over 0.5 Goals,Over 1.5 Goals,Over 2.5 Goals,Over 3.5 Goals,No,Over 0.5 Goals,8/8,betfair_oficial
2026-09-24 19:18,2026-09-24 17:15,Hapoel Eran Hadera,Ironi Ashdod Sportclub,LIQUIDADO,1 - 1,1,1,The Draw,Over 0.5 Goals,Over 1.5 Goals,Under 2.5 Goals,Under 3.5 Goals,Yes,Over 0.5 Goals,8/8,betfair_oficial
2026-09-24 19:38,2026-09-24 17:30,Hapoel Hod Hasharon,Hapoel Kafr Qasim Shouaa,LIQUIDADO,0 - 2,0,2,Hapoel Kafr Qasim Shouaa,Over 0.5 Goals,Over 1.5 Goals,Under 2.5 Goals,Under 3.5 Goals,No,Under 0.5 Goals,8/8,betfair_oficial
2026-09-24 19:48,2026-09-24 17:45,Beitar Haifa Yakov,FC Kababir,LIQUIDADO,3 - 1,3,1,Beitar Haifa Yakov,Over 0.5 Goals,Over 1.5 Goals,Over 2.5 Goals,Over 3.5 Goals,Yes,Over 0.5 Goals,8/8,betfair_oficial
2026-09-24 19:58,2026-09-24 18:00,Maccabi Ironi Kfar Yona,Hapoel Ramot Menashe Me,LIQUIDADO,1 - 1,1,1,The Draw,Over 0.5 Goals,Over 1.5 Goals,Under 2.5 Goals,Under 3.5 Goals,Yes,Under 0.5 Goals,8/8,betfair_oficial
2026-09-24 19:58,2026-09-24 18:00,Hapoel Bnei Ashdod,Ihud Tzeirey Abu Gosh,LIQUIDADO,2 - 1,2,1,Hapoel Bnei Ashdod,Over 0.5 Goals,Over 1.5 Goals,Over 2.5 Goals,Under 3.5 Goals,Yes,Over 0.5 Goals,8/8,betfair_oficial
2026-09-24 20:08,2026-09-24 18:00,Qatar,Bahrain,LIQUIDADO,2 - 0,2,0,Qatar,Over 0.5 Goals,Over 1.5 Goals,Under 2.5 Goals,Under 3.5 Goals,No,Under 0.5 Goals,8/8,betfair_oficial
2026-09-24 20:23,2026-09-24 18:00,Maccabi Beer Sheva,Maccabi Ashkelon,LIQUIDADO,0 - 3,0,3,Maccabi Ashkelon,Over 0.5 Goals,Over 1.5 Goals,Over 2.5 Goals,Under 3.5 Goals,No,Over 0.5 Goals,8/8,betfair_oficial
2026-09-24 20:38,2026-09-24 18:30,Torque,Atenas,LIQUIDADO,3 - 3,3,3,The Draw,Over 0.5 Goals,Over 1.5 Goals,Over 2.5 Goals,Over 3.5 Goals,Yes,Over 0.5 Goals,8/8,betfair_oficial
2026-09-24 20:38,2026-09-24 18:45,Liechtenstein,Lithuania,LIQUIDADO,0 - 2,0,2,Lithuania,Over 0.5 Goals,Over 1.5 Goals,Under 2.5 Goals,Under 3.5 Goals,No,Under 0.5 Goals,8/8,betfair_oficial
2026-09-24 20:43,2026-09-24 18:45,Portugal,Wales,LIQUIDADO,1 - 0,1,0,Portugal,Over 0.5 Goals,Under 1.5 Goals,Under 2.5 Goals,Under 3.5 Goals,No,Over 0.5 Goals,8/8,betfair_oficial
2026-09-24 20:43,2026-09-24 18:45,Kosovo,Republic of Ireland,LIQUIDADO,1 - 0,1,0,Kosovo,Over 0.5 Goals,Under 1.5 Goals,Under 2.5 Goals,Under 3.5 Goals,No,Under 0.5 Goals,8/8,betfair_oficial
2026-09-24 20:48,2026-09-24 18:45,Serbia,Greece,LIQUIDADO,1 - 2,1,2,Greece,Over 0.5 Goals,Over 1.5 Goals,Over 2.5 Goals,Under 3.5 Goals,Yes,Over 0.5 Goals,8/8,betfair_oficial
2026-09-24 20:48,2026-09-24 18:45,Netherlands,Germany,LIQUIDADO,1 - 1,1,1,The Draw,Over 0.5 Goals,Over 1.5 Goals,Under 2.5 Goals,Under 3.5 Goals,Yes,Over 0.5 Goals,8/8,betfair_oficial
2026-09-24 20:48,2026-09-24 18:45,Austria,Israel,LIQUIDADO,3 - 1,3,1,Austria,Over 0.5 Goals,Over 1.5 Goals,Over 2.5 Goals,Over 3.5 Goals,Yes,Over 0.5 Goals,8/8,betfair_oficial
2026-09-24 20:48,2026-09-24 18:45,Norway,Denmark,LIQUIDADO,3 - 2,3,2,Norway,Over 0.5 Goals,Over 1.5 Goals,Over 2.5 Goals,Over 3.5 Goals,Yes,Over 0.5 Goals,8/8,betfair_oficial
2026-09-24 20:53,2026-09-24 18:45,Caen,Rouen,LIQUIDADO,3 - 2,3,2,Caen,Over 0.5 Goals,Over 1.5 Goals,Over 2.5 Goals,Over 3.5 Goals,Yes,Over 0.5 Goals,8/8,betfair_oficial
2026-09-24 20:58,2026-09-24 18:30,Danubio,Penarol,LIQUIDADO,1 - 1,1,1,The Draw,Over 0.5 Goals,Over 1.5 Goals,Under 2.5 Goals,Under 3.5 Goals,Yes,Under 0.5 Goals,8/8,betfair_oficial
2026-09-24 20:58,2026-09-24 19:00,AD Cariari Pococi,Pitbulls,LIQUIDADO,2 - 1,2,1,AD Cariari Pococi,Over 0.5 Goals,Over 1.5 Goals,Over 2.5 Goals,Under 3.5 Goals,Yes,Over 0.5 Goals,8/8,betfair_oficial
2026-09-24 20:58,2026-09-24 19:00,Club Atletico Tembetary,Sportivo Iteno,LIQUIDADO,2 - 0,2,0,Club Atletico Tembetary,Over 0.5 Goals,Over 1.5 Goals,Under 2.5 Goals,Under 3.5 Goals,No,Over 0.5 Goals,8/8,betfair_oficial
2026-09-24 20:58,2026-09-24 19:00,Sierra Leone,Zimbabwe,LIQUIDADO,2 - 3,2,3,Zimbabwe,Over 0.5 Goals,Over 1.5 Goals,Over 2.5 Goals,Over 3.5 Goals,Yes,Over 0.5 Goals,8/8,betfair_oficial
2026-09-24 20:58,2026-09-24 19:00,Danubio,Penarol,LIQUIDADO,1 - 1,1,1,The Draw,Over 0.5 Goals,Over 1.5 Goals,Under 2.5 Goals,Under 3.5 Goals,Yes,Under 0.5 Goals,8/8,betfair_oficial
2026-09-24 21:03,2026-09-24 19:00,Puerto Rico,Guyana,LIQUIDADO,0 - 1,0,1,Guyana,Over 0.5 Goals,Under 1.5 Goals,Under 2.5 Goals,Under 3.5 Goals,No,Under 0.5 Goals,8/8,betfair_oficial
2026-09-24 21:03,2026-09-24 19:00,Tunisia,Uganda,LIQUIDADO,1 - 1,1,1,The Draw,Over 0.5 Goals,Over 1.5 Goals,Under 2.5 Goals,Under 3.5 Goals,Yes,Over 0.5 Goals,8/8,betfair_oficial
2026-09-24 21:03,2026-09-24 19:00,Cameroon,Comoros,LIQUIDADO,3 - 1,3,1,Cameroon,Over 0.5 Goals,Over 1.5 Goals,Over 2.5 Goals,Over 3.5 Goals,Yes,Over 0.5 Goals,8/8,betfair_oficial
2026-09-24 21:03,2026-09-24 19:00,Atletico Rojiblanco,CD Cuenca Juniors,LIQUIDADO,2 - 0,2,0,Atletico Rojiblanco,Over 0.5 Goals,Over 1.5 Goals,Under 2.5 Goals,Under 3.5 Goals,No,Over 0.5 Goals,8/8,betfair_oficial
2026-09-24 21:03,2026-09-24 19:00,Ivory Coast,Ghana,LIQUIDADO,2 - 0,2,0,Ivory Coast,Over 0.5 Goals,Over 1.5 Goals,Under 2.5 Goals,Under 3.5 Goals,No,Over 0.5 Goals,8/8,betfair_oficial
2026-09-24 21:58,2026-09-24 20:00,US Amal Tiznit,IRT Tanger,LIQUIDADO,1 - 3,1,3,IRT Tanger,Over 0.5 Goals,Over 1.5 Goals,Over 2.5 Goals,Over 3.5 Goals,Yes,Over 0.5 Goals,8/8,betfair_oficial
2026-09-24 22:53,2026-09-24 20:30,Independiente Juniors,Vinotinto Ecuador,LIQUIDADO,2 - 3,2,3,Vinotinto Ecuador,Over 0.5 Goals,Over 1.5 Goals,Over 2.5 Goals,Over 3.5 Goals,Yes,Over 0.5 Goals,8/8,betfair_oficial
2026-09-24 23:03,2026-09-24 21:00,OHiggins,Club Deportes Santa Cruz,LIQUIDADO,2 - 1,2,1,OHiggins,Over 0.5 Goals,Over 1.5 Goals,Over 2.5 Goals,Under 3.5 Goals,Yes,Over 0.5 Goals,8/8,betfair_oficial
2026-09-24 23:28,2026-09-24 21:30,Deportivo Recoleta,Guairena,LIQUIDADO,3 - 1,3,1,Deportivo Recoleta,Over 0.5 Goals,Over 1.5 Goals,Over 2.5 Goals,Over 3.5 Goals,Yes,Over 0.5 Goals,8/8,betfair_oficial
2026-09-24 23:33,2026-09-24 21:30,LDU de Portoviejo,22 de Julio FC,LIQUIDADO,2 - 2,2,2,The Draw,Over 0.5 Goals,Over 1.5 Goals,Over 2.5 Goals,Over 3.5 Goals,Yes,Over 0.5 Goals,8/8,betfair_oficial
2026-09-25 01:58,2026-09-25 00:00,Dominican Republic,Nicaragua,LIQUIDADO,3 - 2,3,2,Dominican Republic,Over 0.5 Goals,Over 1.5 Goals,Over 2.5 Goals,Over 3.5 Goals,Yes,Over 0.5 Goals,8/8,betfair_oficial
2026-09-25 03:03,2026-09-24 23:00,Haiti,Trinidad & Tobago,LIQUIDADO,3 - 2,3,2,Haiti,Over 0.5 Goals,Over 1.5 Goals,Over 2.5 Goals,Over 3.5 Goals,Yes,Over 0.5 Goals,8/8,betfair_oficial
2026-09-25 03:03,2026-09-25 00:10,Cayman Islands,Dominica,LIQUIDADO,0 - 0,0,0,The Draw,Under 0.5 Goals,Under 1.5 Goals,Under 2.5 Goals,Under 3.5 Goals,No,Under 0.5 Goals,8/8,betfair_oficial
2026-09-25 03:03,2026-09-25 00:30,Atletico Nacional Medellin,Millonarios,LIQUIDADO,1 - 1,1,1,The Draw,Over 0.5 Goals,Over 1.5 Goals,Under 2.5 Goals,Under 3.5 Goals,Yes,Over 0.5 Goals,8/8,betfair_oficial
2026-09-25 03:03,2026-09-25 01:00,Alebrijes De Oaxaca,Club Atletico La Paz,LIQUIDADO,1 - 3,1,3,Club Atletico La Paz,Over 0.5 Goals,Over 1.5 Goals,Over 2.5 Goals,Over 3.5 Goals,Yes,Over 0.5 Goals,8/8,betfair_oficial
2026-09-25 03:03,2026-09-25 00:20,Haiti,Trinidad & Tobago,LIQUIDADO,3 - 2,3,2,Haiti,Over 0.5 Goals,Over 1.5 Goals,Over 2.5 Goals,Over 3.5 Goals,Yes,Over 0.5 Goals,8/8,betfair_oficial
2026-09-25 03:08,2026-09-25 01:00,Mineros de Zacatecas,Piratas FC,LIQUIDADO,3 - 0,3,0,Mineros de Zacatecas,Over 0.5 Goals,Over 1.5 Goals,Over 2.5 Goals,Under 3.5 Goals,No,Over 0.5 Goals,8/8,betfair_oficial
2026-09-25 03:33,2026-09-24 23:30,Everton De Vina,Universidad de Chile,LIQUIDADO,,,,,Over 0.5 Goals,,,,,Under 0.5 Goals,8/8,betfair_oficial
2026-09-25 03:58,2026-09-25 02:00,Costa Rica,Curacao,LIQUIDADO,Any Other Away Win,,,Curacao,Over 0.5 Goals,Over 1.5 Goals,Over 2.5 Goals,Over 3.5 Goals,Yes,Over 0.5 Goals,8/8,betfair_oficial
2026-09-25 04:08,2026-09-25 02:00,CSD Municipal,Suchitepequez,LIQUIDADO,3 - 0,3,0,CSD Municipal,Over 0.5 Goals,Over 1.5 Goals,Over 2.5 Goals,Under 3.5 Goals,No,Over 0.5 Goals,8/8,betfair_oficial
2026-09-25 06:58,2026-09-25 05:00,Uzbekistan U23,Saudi Arabia U23,LIQUIDADO,3 - 0,3,0,Uzbekistan U23,Over 0.5 Goals,Over 1.5 Goals,Over 2.5 Goals,Under 3.5 Goals,No,Over 0.5 Goals,8/8,betfair_oficial
2026-09-25 07:28,2026-09-25 05:30,Bangalore City FC,Kodagu FC,LIQUIDADO,0 - 2,0,2,Kodagu FC,Over 0.5 Goals,Over 1.5 Goals,Under 2.5 Goals,Under 3.5 Goals,No,Over 0.5 Goals,8/8,betfair_oficial
2026-09-25 07:58,2026-09-25 06:00,Korea DPR (W),Chinese Taipei (W),LIQUIDADO,Any Other Home Win,,,Korea DPR (W),Over 0.5 Goals,Over 1.5 Goals,Over 2.5 Goals,Over 3.5 Goals,Yes,Over 0.5 Goals,8/8,betfair_oficial
2026-09-25 07:58,2026-09-25 06:00,China (W),Vietnam (W),LIQUIDADO,0 - 0,0,0,The Draw,Under 0.5 Goals,Under 1.5 Goals,Under 2.5 Goals,Under 3.5 Goals,No,Under 0.5 Goals,8/8,betfair_oficial
2026-09-25 10:08,2026-09-25 08:00,Sporting Club Bengaluru,Technico FF,LIQUIDADO,1 - 2,1,2,Technico FF,Over 0.5 Goals,Over 1.5 Goals,Over 2.5 Goals,Under 3.5 Goals,Yes,Over 0.5 Goals,8/8,betfair_oficial
2026-09-25 10:58,2026-09-25 09:00,Bangladesh,Malaysia,LIQUIDADO,0 - 3,0,3,Malaysia,Over 0.5 Goals,Over 1.5 Goals,Over 2.5 Goals,Under 3.5 Goals,No,Over 0.5 Goals,8/8,betfair_oficial
2026-09-25 11:33,2026-09-25 09:30,Kanan FC,Dinthar FC,LIQUIDADO,1 - 2,1,2,Dinthar FC,Over 0.5 Goals,Over 1.5 Goals,Over 2.5 Goals,Under 3.5 Goals,Yes,Under 0.5 Goals,8/8,betfair_oficial
2026-09-25 11:33,2026-09-25 09:30,Nangkiew Irat SC,Mawlai SC,LIQUIDADO,0 - 0,0,0,The Draw,Under 0.5 Goals,Under 1.5 Goals,Under 2.5 Goals,Under 3.5 Goals,No,Under 0.5 Goals,8/8,betfair_oficial
2026-09-25 12:13,2026-09-25 10:00,Australia,Brazil,LIQUIDADO,1 - 1,1,1,The Draw,Over 0.5 Goals,Over 1.5 Goals,Under 2.5 Goals,Under 3.5 Goals,Yes,Under 0.5 Goals,8/8,betfair_oficial
2026-09-25 12:23,2026-09-25 10:30,South Korea U23,Vietnam U23,LIQUIDADO,Any Other Home Win,,,South Korea U23,Over 0.5 Goals,Over 1.5 Goals,Over 2.5 Goals,Over 3.5 Goals,No,Over 0.5 Goals,8/8,betfair_oficial
2026-09-25 12:33,2026-09-25 10:30,South Korea (W),Uzbekistan (W),LIQUIDADO,Any Other Home Win,,,South Korea (W),Over 0.5 Goals,Over 1.5 Goals,Over 2.5 Goals,Over 3.5 Goals,Yes,Over 0.5 Goals,8/8,betfair_oficial
2026-09-25 12:58,2026-09-25 11:00,Wuxi Wugou,Guangxi Hengchen,LIQUIDADO,0 - 1,0,1,Guangxi Hengchen,Over 0.5 Goals,Under 1.5 Goals,Under 2.5 Goals,Under 3.5 Goals,No,Under 0.5 Goals,8/8,betfair_oficial
2026-09-25 13:58,2026-09-25 12:00,Persiba Balikpapan,De Red FC,LIQUIDADO,0 - 1,0,1,De Red FC,Over 0.5 Goals,Under 1.5 Goals,Under 2.5 Goals,Under 3.5 Goals,No,Over 0.5 Goals,8/8,betfair_oficial
2026-09-25 13:58,2026-09-25 12:00,Thimphu FC,Tensung FC,LIQUIDADO,Any Other Home Win,,,Thimphu FC,Over 0.5 Goals,Over 1.5 Goals,Over 2.5 Goals,Over 3.5 Goals,Yes,Over 0.5 Goals,8/8,betfair_oficial
2026-09-25 14:53,2026-09-25 13:00,Slavia TU Kosice,MFK Spartak Medzev,LIQUIDADO,Any Other Home Win,,,Slavia TU Kosice,Over 0.5 Goals,Over 1.5 Goals,Over 2.5 Goals,Over 3.5 Goals,Yes,Over 0.5 Goals,8/8,betfair_oficial
2026-09-25 14:58,2026-09-25 13:00,GNK Dinamo Zagreb II,Mladost Zdralovi,LIQUIDADO,1 - 0,1,0,GNK Dinamo Zagreb II,Over 0.5 Goals,Under 1.5 Goals,Under 2.5 Goals,Under 3.5 Goals,No,Under 0.5 Goals,8/8,betfair_oficial
2026-09-25 14:58,2026-09-25 13:00,Tanzania,Guinea-Bissau,LIQUIDADO,0 - 2,0,2,Guinea-Bissau,Over 0.5 Goals,Over 1.5 Goals,Under 2.5 Goals,Under 3.5 Goals,No,Over 0.5 Goals,8/8,betfair_oficial
2026-09-25 15:03,2026-09-25 13:00,Al Sarhan,Al Aqaba,LIQUIDADO,1 - 0,1,0,Al Sarhan,Over 0.5 Goals,Under 1.5 Goals,Under 2.5 Goals,Under 3.5 Goals,No,Under 0.5 Goals,8/8,betfair_oficial
2026-09-25 15:03,2026-09-25 13:00,Indonesia,Singapore,LIQUIDADO,2 - 0,2,0,Indonesia,Over 0.5 Goals,Over 1.5 Goals,Under 2.5 Goals,Under 3.5 Goals,No,Over 0.5 Goals,8/8,betfair_oficial
2026-09-25 15:03,2026-09-25 13:00,Mozambique,Senegal,LIQUIDADO,1 - 1,1,1,The Draw,Over 0.5 Goals,Over 1.5 Goals,Under 2.5 Goals,Under 3.5 Goals,Yes,Over 0.5 Goals,8/8,betfair_oficial
2026-09-25 15:23,2026-09-25 13:20,Samail,Dhufar,LIQUIDADO,Any Other Draw,,,The Draw,Over 0.5 Goals,Over 1.5 Goals,Over 2.5 Goals,Over 3.5 Goals,Yes,Over 0.5 Goals,8/8,betfair_oficial
2026-09-25 15:28,2026-09-25 13:20,Fanja,Al-Nasr,LIQUIDADO,3 - 1,3,1,Fanja,Over 0.5 Goals,Over 1.5 Goals,Over 2.5 Goals,Over 3.5 Goals,Yes,Over 0.5 Goals,8/8,betfair_oficial
2026-09-25 15:28,2026-09-25 13:30,MFK Karvina B,SK Artis Brno B,LIQUIDADO,2 - 2,2,2,The Draw,Over 0.5 Goals,Over 1.5 Goals,Over 2.5 Goals,Over 3.5 Goals,Yes,Under 0.5 Goals,8/8,betfair_oficial
2026-09-25 15:28,2026-09-25 13:30,FC Fastav Zlin B,Vitkovice,LIQUIDADO,0 - 3,0,3,Vitkovice,Over 0.5 Goals,Over 1.5 Goals,Over 2.5 Goals,Under 3.5 Goals,No,Over 0.5 Goals,8/8,betfair_oficial
2026-09-25 15:28,2026-09-25 13:30,Aizawl FC,MLS FC,LIQUIDADO,1 - 0,1,0,Aizawl FC,Over 0.5 Goals,Under 1.5 Goals,Under 2.5 Goals,Under 3.5 Goals,No,Under 0.5 Goals,8/8,betfair_oficial
2026-09-25 15:28,2026-09-25 13:30,Slovacko B,FC Zbrojovka Brno B,LIQUIDADO,0 - 1,0,1,FC Zbrojovka Brno B,Over 0.5 Goals,Under 1.5 Goals,Under 2.5 Goals,Under 3.5 Goals,No,Over 0.5 Goals,8/8,betfair_oficial
2026-09-25 15:33,2026-09-25 13:30,Banha,Gomhoryet Shebin,LIQUIDADO,0 - 0,0,0,The Draw,Under 0.5 Goals,Under 1.5 Goals,Under 2.5 Goals,Under 3.5 Goals,No,Under 0.5 Goals,8/8,betfair_oficial
2026-09-25 15:33,2026-09-25 13:30,Telecom Egypt SC,La Viena FC,LIQUIDADO,1 - 0,1,0,Telecom Egypt SC,Over 0.5 Goals,Under 1.5 Goals,Under 2.5 Goals,Under 3.5 Goals,No,Over 0.5 Goals,8/8,betfair_oficial
2026-09-25 15:38,2026-09-25 13:30,Haras El Hodood,Dayrout,LIQUIDADO,0 - 0,0,0,The Draw,Under 0.5 Goals,Under 1.5 Goals,Under 2.5 Goals,Under 3.5 Goals,No,Under 0.5 Goals,8/8,betfair_oficial
2026-09-25 15:38,2026-09-25 13:30,Raa SC,Egypt Insurance,LIQUIDADO,0 - 0,0,0,The Draw,Under 0.5 Goals,Under 1.5 Goals,Under 2.5 Goals,Under 3.5 Goals,No,Under 0.5 Goals,8/8,betfair_oficial
2026-09-25 15:38,2026-09-25 13:30,Cascada SC,Orange Sport FSI,LIQUIDADO,3 - 0,3,0,Cascada SC,Over 0.5 Goals,Over 1.5 Goals,Over 2.5 Goals,Under 3.5 Goals,No,Under 0.5 Goals,8/8,betfair_oficial
2026-09-25 15:43,2026-09-25 13:30,El Entag El Harby,Tanta,LIQUIDADO,0 - 0,0,0,The Draw,Under 0.5 Goals,Under 1.5 Goals,Under 2.5 Goals,Under 3.5 Goals,No,Under 0.5 Goals,8/8,betfair_oficial
2026-09-25 15:43,2026-09-25 13:30,Tersana SC,Baladeyet Al-Mahalla,LIQUIDADO,1 - 1,1,1,The Draw,Over 0.5 Goals,Over 1.5 Goals,Under 2.5 Goals,Under 3.5 Goals,Yes,Under 0.5 Goals,8/8,betfair_oficial
2026-09-25 15:48,2026-09-25 13:30,Delta United,Ismaily,LIQUIDADO,2 - 3,2,3,Ismaily,Over 0.5 Goals,Over 1.5 Goals,Over 2.5 Goals,Over 3.5 Goals,Yes,Over 0.5 Goals,8/8,betfair_oficial
2026-09-25 15:48,2026-09-25 13:30,El-Obour SC,El Alameen,LIQUIDADO,0 - 1,0,1,El Alameen,Over 0.5 Goals,Under 1.5 Goals,Under 2.5 Goals,Under 3.5 Goals,No,Under 0.5 Goals,8/8,betfair_oficial
2026-09-25 15:48,2026-09-25 13:30,Al Qanater Al Khayreyah,Levels FC,LIQUIDADO,0 - 1,0,1,Levels FC,Over 0.5 Goals,Under 1.5 Goals,Under 2.5 Goals,Under 3.5 Goals,No,Under 0.5 Goals,8/8,betfair_oficial
2026-09-25 15:53,2026-09-25 14:00,ACS Medias 2022,Tricolorul Breaza,LIQUIDADO,2 - 1,2,1,ACS Medias 2022,Over 0.5 Goals,Over 1.5 Goals,Over 2.5 Goals,Under 3.5 Goals,Yes,Over 0.5 Goals,8/8,betfair_oficial
2026-09-25 15:53,2026-09-25 14:00,CS Timisul Sag,Universitatea Alba Iulia,LIQUIDADO,1 - 0,1,0,CS Timisul Sag,Over 0.5 Goals,Under 1.5 Goals,Under 2.5 Goals,Under 3.5 Goals,No,Under 0.5 Goals,8/8,betfair_oficial
2026-09-25 15:53,2026-09-25 14:00,Viitorul Corbeanca,FC Paulesti,LIQUIDADO,1 - 1,1,1,The Draw,Over 0.5 Goals,Over 1.5 Goals,Under 2.5 Goals,Under 3.5 Goals,Yes,Over 0.5 Goals,8/8,betfair_oficial
2026-09-25 15:53,2026-09-25 14:00,NK Jadran Dekani,Ilirija Extra-Lux,LIQUIDADO,1 - 0,1,0,NK Jadran Dekani,Over 0.5 Goals,Under 1.5 Goals,Under 2.5 Goals,Under 3.5 Goals,No,Over 0.5 Goals,8/8,betfair_oficial
2026-09-25 15:53,2026-09-25 14:00,CS Blejoi,FC Petrolul Berca,LIQUIDADO,Any Other Home Win,,,CS Blejoi,Over 0.5 Goals,Over 1.5 Goals,Over 2.5 Goals,Over 3.5 Goals,Yes,Over 0.5 Goals,8/8,betfair_oficial
2026-09-25 15:58,2026-09-25 14:00,Oxigen Bucuresti,SC FC Voluntari SA II,LIQUIDADO,1 - 2,1,2,SC FC Voluntari SA II,Over 0.5 Goals,Over 1.5 Goals,Over 2.5 Goals,Under 3.5 Goals,Yes,Over 0.5 Goals,8/8,betfair_oficial
2026-09-25 15:58,2026-09-25 14:00,Sanatatea Cluj,CS Lotus Baile Felix,LIQUIDADO,1 - 1,1,1,The Draw,Over 0.5 Goals,Over 1.5 Goals,Under 2.5 Goals,Under 3.5 Goals,Yes,Under 0.5 Goals,8/8,betfair_oficial
2026-09-25 15:58,2026-09-25 14:00,ACSO Filiasi,AS FC Pausesti-Otasau,LIQUIDADO,1 - 1,1,1,The Draw,Over 0.5 Goals,Over 1.5 Goals,Under 2.5 Goals,Under 3.5 Goals,Yes,Over 0.5 Goals,8/8,betfair_oficial
2026-09-25 16:03,2026-09-25 14:00,India,Panama,LIQUIDADO,1 - 1,1,1,The Draw,Over 0.5 Goals,Over 1.5 Goals,Under 2.5 Goals,Under 3.5 Goals,Yes,Over 0.5 Goals,8/8,betfair_oficial
2026-09-25 16:23,2026-09-25 13:30,Al-Shanwani,Diamond FC,LIQUIDADO,1 - 1,1,1,The Draw,Over 0.5 Goals,Over 1.5 Goals,Under 2.5 Goals,Under 3.5 Goals,Yes,Over 0.5 Goals,8/8,betfair_oficial
2026-09-25 16:23,2026-09-25 14:30,Pohronie,Inter Bratislava,LIQUIDADO,0 - 3,0,3,Inter Bratislava,Over 0.5 Goals,Over 1.5 Goals,Over 2.5 Goals,Under 3.5 Goals,No,Over 0.5 Goals,8/8,betfair_oficial
2026-09-25 16:23,2026-09-25 14:30,Stuttgart,FC Heidenheim,LIQUIDADO,3 - 0,3,0,Stuttgart,Over 0.5 Goals,Over 1.5 Goals,Over 2.5 Goals,Under 3.5 Goals,No,Over 0.5 Goals,8/8,betfair_oficial
2026-09-25 16:38,2026-09-25 14:35,Saham,Al Msnaa,LIQUIDADO,1 - 1,1,1,The Draw,Over 0.5 Goals,Over 1.5 Goals,Under 2.5 Goals,Under 3.5 Goals,Yes,Over 0.5 Goals,8/8,betfair_oficial
2026-09-25 16:38,2026-09-25 14:35,Ibri,Al Nahdha,LIQUIDADO,0 - 0,0,0,The Draw,Under 0.5 Goals,Under 1.5 Goals,Under 2.5 Goals,Under 3.5 Goals,No,Under 0.5 Goals,8/8,betfair_oficial
2026-09-25 16:53,2026-09-25 15:00,KFC Komarno II,Banik Horna Nitra,LIQUIDADO,Any Other Away Win,,,Banik Horna Nitra,Over 0.5 Goals,Over 1.5 Goals,Over 2.5 Goals,Over 3.5 Goals,Yes,Over 0.5 Goals,8/8,betfair_oficial
2026-09-25 17:08,2026-09-25 15:00,Niger,Lesotho,LIQUIDADO,2 - 1,2,1,Niger,Over 0.5 Goals,Over 1.5 Goals,Over 2.5 Goals,Under 3.5 Goals,Yes,Over 0.5 Goals,8/8,betfair_oficial
2026-09-25 17:33,2026-09-24 11:30,Hapoel Bnei Ein Mahel,Bnei Maghar,NAO_LIQUIDADO_30H,,,,,,,,,,,,betfair_oficial
2026-09-25 17:58,2026-09-25 16:00,Armenia,Latvia,LIQUIDADO,2 - 0,2,0,Armenia,Over 0.5 Goals,Over 1.5 Goals,Under 2.5 Goals,Under 3.5 Goals,No,Over 0.5 Goals,8/8,betfair_oficial
2026-09-25 17:58,2026-09-25 16:00,Nigeria,Madagascar,LIQUIDADO,2 - 1,2,1,Nigeria,Over 0.5 Goals,Over 1.5 Goals,Over 2.5 Goals,Under 3.5 Goals,Yes,Over 0.5 Goals,8/8,betfair_oficial
2026-09-25 17:58,2026-09-25 16:00,Malawi,South Sudan,LIQUIDADO,2 - 1,2,1,Malawi,Over 0.5 Goals,Over 1.5 Goals,Over 2.5 Goals,Under 3.5 Goals,Yes,Over 0.5 Goals,8/8,betfair_oficial
2026-09-25 18:03,2026-09-25 16:00,Amman,Etihad Al Ramtha,LIQUIDADO,0 - 0,0,0,The Draw,Under 0.5 Goals,Under 1.5 Goals,Under 2.5 Goals,Under 3.5 Goals,No,Under 0.5 Goals,8/8,betfair_oficial
2026-09-25 18:03,2026-09-25 16:00,Gambia,Somalia,LIQUIDADO,2 - 1,2,1,Gambia,Over 0.5 Goals,Over 1.5 Goals,Over 2.5 Goals,Under 3.5 Goals,Yes,Over 0.5 Goals,8/8,betfair_oficial
2026-09-25 18:08,2026-09-25 16:00,Georgia,Northern Ireland,LIQUIDADO,0 - 1,0,1,Northern Ireland,Over 0.5 Goals,Under 1.5 Goals,Under 2.5 Goals,Under 3.5 Goals,No,Under 0.5 Goals,8/8,betfair_oficial
2026-09-25 18:08,2026-09-25 16:00,Rwanda,Liberia,LIQUIDADO,3 - 1,3,1,Rwanda,Over 0.5 Goals,Over 1.5 Goals,Over 2.5 Goals,Over 3.5 Goals,Yes,Over 0.5 Goals,8/8,betfair_oficial
2026-09-25 18:08,2026-09-25 16:00,Togo,Burundi,LIQUIDADO,1 - 0,1,0,Togo,Over 0.5 Goals,Under 1.5 Goals,Under 2.5 Goals,Under 3.5 Goals,No,Over 0.5 Goals,8/8,betfair_oficial
2026-09-25 18:18,2026-09-25 16:00,Sudan,Ethiopia,LIQUIDADO,1 - 0,1,0,Sudan,Over 0.5 Goals,Under 1.5 Goals,Under 2.5 Goals,Under 3.5 Goals,No,Under 0.5 Goals,8/8,betfair_oficial
2026-09-25 18:58,2026-09-25 17:00,TSV Havelse,Fortuna Koln,LIQUIDADO,1 - 3,1,3,Fortuna Koln,Over 0.5 Goals,Over 1.5 Goals,Over 2.5 Goals,Over 3.5 Goals,Yes,Over 0.5 Goals,8/8,betfair_oficial
2026-09-25 18:58,2026-09-25 17:00,FC Helsingor,Holbaek,LIQUIDADO,Any Other Home Win,,,FC Helsingor,Over 0.5 Goals,Over 1.5 Goals,Over 2.5 Goals,Over 3.5 Goals,Yes,Over 0.5 Goals,8/8,betfair_oficial
2026-09-25 18:58,2026-09-25 17:00,Lunds BK,Kristianstads,LIQUIDADO,0 - 1,0,1,Kristianstads,Over 0.5 Goals,Under 1.5 Goals,Under 2.5 Goals,Under 3.5 Goals,No,Under 0.5 Goals,8/8,betfair_oficial
2026-09-25 18:58,2026-09-25 17:00,HIK Hellerup,Roskilde,LIQUIDADO,1 - 1,1,1,The Draw,Over 0.5 Goals,Over 1.5 Goals,Under 2.5 Goals,Under 3.5 Goals,Yes,Under 0.5 Goals,8/8,betfair_oficial
2026-09-25 18:58,2026-09-25 17:00,Hammarby TFF,IFK Stocksund,LIQUIDADO,2 - 1,2,1,Hammarby TFF,Over 0.5 Goals,Over 1.5 Goals,Over 2.5 Goals,Under 3.5 Goals,Yes,Over 0.5 Goals,8/8,betfair_oficial
2026-09-25 19:03,2026-09-25 17:00,Spartak Myjava,SK 1923 Gabcikovo,LIQUIDADO,2 - 0,2,0,Spartak Myjava,Over 0.5 Goals,Over 1.5 Goals,Under 2.5 Goals,Under 3.5 Goals,No,Over 0.5 Goals,8/8,betfair_oficial
2026-09-25 20:28,2026-09-25 18:30,Girona,Albacete,LIQUIDADO,2 - 0,2,0,Girona,Over 0.5 Goals,Over 1.5 Goals,Under 2.5 Goals,Under 3.5 Goals,No,Over 0.5 Goals,8/8,betfair_oficial
2026-09-25 20:38,2026-09-25 18:45,Treaty United,Finn Harps,LIQUIDADO,2 - 1,2,1,Treaty United,Over 0.5 Goals,Over 1.5 Goals,Over 2.5 Goals,Under 3.5 Goals,Yes,Over 0.5 Goals,8/8,betfair_oficial
2026-09-25 20:38,2026-09-25 18:45,Kerry FC,Wexford F.C,LIQUIDADO,1 - 0,1,0,Kerry FC,Over 0.5 Goals,Under 1.5 Goals,Under 2.5 Goals,Under 3.5 Goals,No,Under 0.5 Goals,8/8,betfair_oficial
2026-09-25 20:43,2026-09-25 18:45,Sweden,Romania,LIQUIDADO,2 - 1,2,1,Sweden,Over 0.5 Goals,Over 1.5 Goals,Over 2.5 Goals,Under 3.5 Goals,Yes,Over 0.5 Goals,8/8,betfair_oficial
2026-09-25 20:43,2026-09-25 18:45,Italy,Belgium,LIQUIDADO,0 - 2,0,2,Belgium,Over 0.5 Goals,Over 1.5 Goals,Under 2.5 Goals,Under 3.5 Goals,No,Over 0.5 Goals,8/8,betfair_oficial
2026-09-25 20:43,2026-09-25 18:45,Raith,Livingston,LIQUIDADO,0 - 2,0,2,Livingston,Over 0.5 Goals,Over 1.5 Goals,Under 2.5 Goals,Under 3.5 Goals,No,Under 0.5 Goals,8/8,betfair_oficial
2026-09-25 20:43,2026-09-25 18:45,UCD,Bray Wanderers,LIQUIDADO,1 - 3,1,3,Bray Wanderers,Over 0.5 Goals,Over 1.5 Goals,Over 2.5 Goals,Over 3.5 Goals,Yes,Over 0.5 Goals,8/8,betfair_oficial
2026-09-25 20:43,2026-09-25 18:45,Spartans,Dundee B,LIQUIDADO,1 - 0,1,0,Spartans,Over 0.5 Goals,Under 1.5 Goals,Under 2.5 Goals,Under 3.5 Goals,No,Under 0.5 Goals,8/8,betfair_oficial
2026-09-25 20:43,2026-09-25 18:45,Cobh Ramblers,Athlone Town,LIQUIDADO,3 - 3,3,3,The Draw,Over 0.5 Goals,Over 1.5 Goals,Over 2.5 Goals,Over 3.5 Goals,Yes,Over 0.5 Goals,8/8,betfair_oficial
2026-09-25 20:43,2026-09-25 18:45,Inverness CT,Morton,LIQUIDADO,2 - 0,2,0,Inverness CT,Over 0.5 Goals,Over 1.5 Goals,Under 2.5 Goals,Under 3.5 Goals,No,Over 0.5 Goals,8/8,betfair_oficial
2026-09-25 20:43,2026-09-25 18:45,Ayr,Stenhousemuir,LIQUIDADO,0 - 1,0,1,Stenhousemuir,Over 0.5 Goals,Under 1.5 Goals,Under 2.5 Goals,Under 3.5 Goals,No,Over 0.5 Goals,8/8,betfair_oficial
2026-09-25 20:43,2026-09-25 18:45,Arbroath,Queens Park,LIQUIDADO,2 - 1,2,1,Arbroath,Over 0.5 Goals,Over 1.5 Goals,Over 2.5 Goals,Under 3.5 Goals,Yes,Over 0.5 Goals,8/8,betfair_oficial
2026-09-25 20:48,2026-09-25 18:45,Poland,Bosnia,LIQUIDADO,0 - 0,0,0,The Draw,Under 0.5 Goals,Under 1.5 Goals,Under 2.5 Goals,Under 3.5 Goals,No,Under 0.5 Goals,8/8,betfair_oficial
2026-09-25 20:48,2026-09-25 18:45,Montenegro,Cyprus,LIQUIDADO,2 - 1,2,1,Montenegro,Over 0.5 Goals,Over 1.5 Goals,Over 2.5 Goals,Under 3.5 Goals,Yes,Under 0.5 Goals,8/8,betfair_oficial
2026-09-25 20:48,2026-09-25 18:45,Galway Utd,Shelbourne,LIQUIDADO,1 - 1,1,1,The Draw,Over 0.5 Goals,Over 1.5 Goals,Under 2.5 Goals,Under 3.5 Goals,Yes,Over 0.5 Goals,8/8,betfair_oficial
2026-09-25 20:53,2026-09-25 18:45,Türkiye,France,LIQUIDADO,0 - 1,0,1,France,Over 0.5 Goals,Under 1.5 Goals,Under 2.5 Goals,Under 3.5 Goals,No,Under 0.5 Goals,8/8,betfair_oficial
2026-09-25 20:53,2026-09-25 18:45,Hungary,Ukraine,LIQUIDADO,0 - 1,0,1,Ukraine,Over 0.5 Goals,Under 1.5 Goals,Under 2.5 Goals,Under 3.5 Goals,No,Over 0.5 Goals,8/8,betfair_oficial
2026-09-25 20:58,2026-09-25 19:00,FC Dordrecht,Almere City,LIQUIDADO,3 - 2,3,2,FC Dordrecht,Over 0.5 Goals,Over 1.5 Goals,Over 2.5 Goals,Over 3.5 Goals,Yes,Over 0.5 Goals,8/8,betfair_oficial
2026-09-25 20:58,2026-09-25 19:00,San Antonio Bulo Bulo,Real Potosi,LIQUIDADO,3 - 0,3,0,San Antonio Bulo Bulo,Over 0.5 Goals,Over 1.5 Goals,Over 2.5 Goals,Under 3.5 Goals,No,Over 0.5 Goals,8/8,betfair_oficial
2026-09-25 21:03,2026-09-25 19:00,Bermuda,Guadeloupe,LIQUIDADO,1 - 2,1,2,Guadeloupe,Over 0.5 Goals,Over 1.5 Goals,Over 2.5 Goals,Under 3.5 Goals,Yes,Over 0.5 Goals,8/8,betfair_oficial
2026-09-25 21:03,2026-09-25 19:00,Mali,Cape Verde,LIQUIDADO,3 - 1,3,1,Mali,Over 0.5 Goals,Over 1.5 Goals,Over 2.5 Goals,Over 3.5 Goals,Yes,Over 0.5 Goals,8/8,betfair_oficial
2026-09-25 21:03,2026-09-25 19:00,Morocco,Gabon,LIQUIDADO,2 - 0,2,0,Morocco,Over 0.5 Goals,Over 1.5 Goals,Under 2.5 Goals,Under 3.5 Goals,No,Over 0.5 Goals,8/8,betfair_oficial
2026-09-25 21:03,2026-09-25 19:00,Egypt,Angola,LIQUIDADO,0 - 0,0,0,The Draw,Under 0.5 Goals,Under 1.5 Goals,Under 2.5 Goals,Under 3.5 Goals,No,Under 0.5 Goals,8/8,betfair_oficial
2026-09-25 21:03,2026-09-25 19:00,Algeria,Zambia,LIQUIDADO,3 - 1,3,1,Algeria,Over 0.5 Goals,Over 1.5 Goals,Over 2.5 Goals,Over 3.5 Goals,Yes,Over 0.5 Goals,8/8,betfair_oficial
2026-09-25 21:18,2026-09-25 19:00,Burkina Faso,Benin,LIQUIDADO,1 - 1,1,1,The Draw,Over 0.5 Goals,Over 1.5 Goals,Under 2.5 Goals,Under 3.5 Goals,Yes,Over 0.5 Goals,8/8,betfair_oficial
2026-09-25 21:28,2026-09-25 19:30,Sportivo Luqueno,Guarani (Par),LIQUIDADO,0 - 1,0,1,Guarani (Par),Over 0.5 Goals,Under 1.5 Goals,Under 2.5 Goals,Under 3.5 Goals,No,Under 0.5 Goals,8/8,betfair_oficial
2026-09-25 23:13,2026-09-25 21:15,Academia de Balompie Boliviano,Aurora,LIQUIDADO,0 - 1,0,1,Aurora,Over 0.5 Goals,Under 1.5 Goals,Under 2.5 Goals,Under 3.5 Goals,No,Under 0.5 Goals,8/8,betfair_oficial
2026-09-25 23:58,2026-09-25 22:00,CA Ituzaingo,Defensores Unidos,LIQUIDADO,0 - 1,0,1,Defensores Unidos,Over 0.5 Goals,Under 1.5 Goals,Under 2.5 Goals,Under 3.5 Goals,No,Under 0.5 Goals,8/8,betfair_oficial
2026-09-26 00:03,2026-09-25 22:00,Nacional (Par),Club Sportivo Ameliano,LIQUIDADO,1 - 1,1,1,The Draw,Over 0.5 Goals,Over 1.5 Goals,Under 2.5 Goals,Under 3.5 Goals,Yes,Over 0.5 Goals,8/8,betfair_oficial
2026-09-26 00:08,2026-09-25 22:00,Acatlan,FC Santiago,LIQUIDADO,1 - 0,1,0,Acatlan,Over 0.5 Goals,Under 1.5 Goals,Under 2.5 Goals,Under 3.5 Goals,No,Over 0.5 Goals,8/8,betfair_oficial
2026-09-26 00:33,2026-09-25 22:30,Novorizontino,Sao Bernardo,LIQUIDADO,0 - 0,0,0,The Draw,Under 0.5 Goals,Under 1.5 Goals,Under 2.5 Goals,Under 3.5 Goals,No,Under 0.5 Goals,8/8,betfair_oficial
2026-09-26 00:48,2026-09-25 22:30,Racing Louisville FC (W),San Diego Wave FC (W),LIQUIDADO,0 - 2,0,2,San Diego Wave FC (W),Over 0.5 Goals,Over 1.5 Goals,Under 2.5 Goals,Under 3.5 Goals,No,Over 0.5 Goals,8/8,betfair_oficial
2026-09-26 00:58,2026-09-25 23:00,Excursionistas,Real Pilar FC,LIQUIDADO,3 - 0,3,0,Excursionistas,Over 0.5 Goals,Over 1.5 Goals,Over 2.5 Goals,Under 3.5 Goals,No,Over 0.5 Goals,8/8,betfair_oficial
2026-09-26 00:58,2026-09-25 23:00,Union Magdalena,Santa Fe,LIQUIDADO,1 - 1,1,1,The Draw,Over 0.5 Goals,Over 1.5 Goals,Under 2.5 Goals,Under 3.5 Goals,Yes,Over 0.5 Goals,8/8,betfair_oficial
2026-09-26 01:03,2026-09-25 23:00,Colo Colo,Audax Italiano,LIQUIDADO,1 - 0,1,0,Colo Colo,Over 0.5 Goals,Under 1.5 Goals,Under 2.5 Goals,Under 3.5 Goals,No,Over 0.5 Goals,8/8,betfair_oficial
2026-09-26 01:08,2026-09-25 23:10,Boyaca Chico,Deportivo Pasto,LIQUIDADO,3 - 0,3,0,Boyaca Chico,Over 0.5 Goals,Over 1.5 Goals,Over 2.5 Goals,Under 3.5 Goals,No,Under 0.5 Goals,8/8,betfair_oficial
2026-09-26 01:28,2026-09-25 23:30,Nacional Potosi,Always Ready,LIQUIDADO,Any Other Home Win,,,Nacional Potosi,Over 0.5 Goals,Over 1.5 Goals,Over 2.5 Goals,Over 3.5 Goals,No,Over 0.5 Goals,8/8,betfair_oficial
2026-09-26 01:33,2026-09-25 23:30,Vila Nova,Londrina,LIQUIDADO,2 - 0,2,0,Vila Nova,Over 0.5 Goals,Over 1.5 Goals,Under 2.5 Goals,Under 3.5 Goals,No,Over 0.5 Goals,8/8,betfair_oficial
2026-09-26 01:58,2026-09-26 00:00,Jamaica,Guatemala,LIQUIDADO,3 - 2,3,2,Jamaica,Over 0.5 Goals,Over 1.5 Goals,Over 2.5 Goals,Over 3.5 Goals,Yes,Over 0.5 Goals,8/8,betfair_oficial
2026-09-26 01:58,2026-09-26 00:00,Barbados,St Lucia,LIQUIDADO,2 - 0,2,0,Barbados,Over 0.5 Goals,Over 1.5 Goals,Under 2.5 Goals,Under 3.5 Goals,No,Over 0.5 Goals,8/8,betfair_oficial
2026-09-26 03:03,2026-09-25 23:00,Hartford Athletic FC,Louisville FC,LIQUIDADO,2 - 2,2,2,The Draw,Over 0.5 Goals,Over 1.5 Goals,Over 2.5 Goals,Over 3.5 Goals,Yes,Over 0.5 Goals,8/8,betfair_oficial
2026-09-26 03:03,2026-09-26 00:00,El Nacional,Cumbaya FC,LIQUIDADO,0 - 3,0,3,Cumbaya FC,Over 0.5 Goals,Over 1.5 Goals,Over 2.5 Goals,Under 3.5 Goals,No,Over 0.5 Goals,8/8,betfair_oficial
2026-09-26 03:03,2026-09-26 00:00,NJ/NY Gotham (W),Chicago Red Stars (W),LIQUIDADO,3 - 1,3,1,NJ/NY Gotham (W),Over 0.5 Goals,Over 1.5 Goals,Over 2.5 Goals,Over 3.5 Goals,Yes,Over 0.5 Goals,8/8,betfair_oficial
2026-09-26 03:03,2026-09-26 00:30,Seattle Reign FC (W),Boston Legacy FC (W),LIQUIDADO,2 - 0,2,0,Seattle Reign FC (W),Over 0.5 Goals,Over 1.5 Goals,Under 2.5 Goals,Under 3.5 Goals,No,Over 0.5 Goals,8/8,betfair_oficial
2026-09-26 03:03,2026-09-26 01:00,Carlos Mannucci,Uni San Martin,LIQUIDADO,Any Other Home Win,,,Carlos Mannucci,Over 0.5 Goals,Over 1.5 Goals,Over 2.5 Goals,Over 3.5 Goals,No,Over 0.5 Goals,8/8,betfair_oficial
2026-09-26 03:03,2026-09-26 01:00,Honduras,Suriname,LIQUIDADO,2 - 3,2,3,Suriname,Over 0.5 Goals,Over 1.5 Goals,Over 2.5 Goals,Over 3.5 Goals,Yes,Over 0.5 Goals,8/8,betfair_oficial
2026-09-26 03:03,2026-09-26 00:00,NJ/NY Gotham FC (W),Chicago Red Stars (W),LIQUIDADO,3 - 1,3,1,NJ/NY Gotham (W),Over 0.5 Goals,Over 1.5 Goals,Over 2.5 Goals,Over 3.5 Goals,Yes,Over 0.5 Goals,8/8,betfair_oficial
2026-09-26 03:08,2026-09-26 01:00,Atlante,Monterrey,LIQUIDADO,Any Other Home Win,,,Atlante,Over 0.5 Goals,Over 1.5 Goals,Over 2.5 Goals,Over 3.5 Goals,Yes,Over 0.5 Goals,8/8,betfair_oficial
2026-09-26 03:13,2026-09-26 01:00,Cavalry,FC Supra du Quebec,LIQUIDADO,Any Other Home Win,,,Cavalry,Over 0.5 Goals,Over 1.5 Goals,Over 2.5 Goals,Over 3.5 Goals,No,Over 0.5 Goals,8/8,betfair_oficial
2026-09-26 03:13,2026-09-26 01:15,Once Caldas,Atletico Bucaramanga,LIQUIDADO,1 - 3,1,3,Atletico Bucaramanga,Over 0.5 Goals,Over 1.5 Goals,Over 2.5 Goals,Over 3.5 Goals,Yes,Over 0.5 Goals,8/8,betfair_oficial
2026-09-26 03:23,2026-09-26 01:00,Correcaminos UAT,Club Jaiba Brava,LIQUIDADO,1 - 0,1,0,Correcaminos Uat,Over 0.5 Goals,Under 1.5 Goals,Under 2.5 Goals,Under 3.5 Goals,No,Under 0.5 Goals,8/8,betfair_oficial
2026-09-26 03:33,2026-09-26 01:30,Arabe Unido,Herrera FC,LIQUIDADO,2 - 1,2,1,Arabe Unido,Over 0.5 Goals,Over 1.5 Goals,Over 2.5 Goals,Under 3.5 Goals,Yes,Over 0.5 Goals,8/8,betfair_oficial
2026-09-26 04:23,2026-09-26 02:00,Ad Carmelita,Municipal Santa Ana,LIQUIDADO,1 - 0,1,0,AD Carmelita,Over 0.5 Goals,Under 1.5 Goals,Under 2.5 Goals,Under 3.5 Goals,No,Over 0.5 Goals,8/8,betfair_oficial
2026-09-26 04:58,2026-09-26 03:00,El Salvador,Martinique,LIQUIDADO,3 - 1,3,1,El Salvador,Over 0.5 Goals,Over 1.5 Goals,Over 2.5 Goals,Over 3.5 Goals,Yes,Over 0.5 Goals,8/8,betfair_oficial
2026-09-26 05:13,2026-09-26 03:00,Tijuana,Atlas,LIQUIDADO,2 - 3,2,3,Atlas,Over 0.5 Goals,Over 1.5 Goals,Over 2.5 Goals,Over 3.5 Goals,Yes,Over 0.5 Goals,8/8,betfair_oficial
2026-09-26 05:58,2026-09-26 04:00,Kanazawa,Tottori,LIQUIDADO,Any Other Home Win,,,Kanazawa,Over 0.5 Goals,Over 1.5 Goals,Over 2.5 Goals,Over 3.5 Goals,Yes,Over 0.5 Goals,8/8,betfair_oficial
2026-09-26 07:03,2026-09-26 05:00,Khaan Khuns Erchim,Khovd,LIQUIDADO,Any Other Away Win,,,Khovd,Over 0.5 Goals,Over 1.5 Goals,Over 2.5 Goals,Over 3.5 Goals,Yes,Over 0.5 Goals,8/8,betfair_oficial
2026-09-26 07:03,2026-09-26 05:00,Renofa Yamaguchi,Sagamihara,LIQUIDADO,2 - 2,2,2,The Draw,Over 0.5 Goals,Over 1.5 Goals,Over 2.5 Goals,Over 3.5 Goals,Yes,Over 0.5 Goals,8/8,betfair_oficial
2026-09-26 07:58,2026-09-26 06:00,China U23,Thailand U23,LIQUIDADO,3 - 0,3,0,China U23,Over 0.5 Goals,Over 1.5 Goals,Over 2.5 Goals,Under 3.5 Goals,No,Over 0.5 Goals,8/8,betfair_oficial
2026-09-26 07:58,2026-09-26 06:00,Nara Club,MIO Biwako Shiga,LIQUIDADO,Any Other Home Win,,,Nara Club,Over 0.5 Goals,Over 1.5 Goals,Over 2.5 Goals,Over 3.5 Goals,Yes,Over 0.5 Goals,8/8,betfair_oficial
2026-09-26 09:58,2026-09-26 08:00,Iwaki SC,Sendai,LIQUIDADO,0 - 2,0,2,Sendai,Over 0.5 Goals,Over 1.5 Goals,Under 2.5 Goals,Under 3.5 Goals,No,Over 0.5 Goals,8/8,betfair_oficial
2026-09-26 09:58,2026-09-26 08:00,Iwata,Vanraure Hachinohe,LIQUIDADO,1 - 2,1,2,Vanraure Hachinohe,Over 0.5 Goals,Over 1.5 Goals,Over 2.5 Goals,Under 3.5 Goals,Yes,Over 0.5 Goals,8/8,betfair_oficial
2026-09-26 09:58,2026-09-26 08:00,Thespakusatsu Gunma,Kumamoto,LIQUIDADO,0 - 1,0,1,Kumamoto,Over 0.5 Goals,Under 1.5 Goals,Under 2.5 Goals,Under 3.5 Goals,No,Under 0.5 Goals,8/8,betfair_oficial
2026-09-26 09:58,2026-09-26 08:00,Eastern AA,Kitchee SC,LIQUIDADO,3 - 1,3,1,Eastern AA,Over 0.5 Goals,Over 1.5 Goals,Over 2.5 Goals,Over 3.5 Goals,Yes,Over 0.5 Goals,8/8,betfair_oficial
2026-09-26 10:03,2026-09-26 08:00,Omiya,Kofu,LIQUIDADO,Any Other Home Win,,,Omiya,Over 0.5 Goals,Over 1.5 Goals,Over 2.5 Goals,Over 3.5 Goals,Yes,Over 0.5 Goals,8/8,betfair_oficial
2026-09-26 10:03,2026-09-26 08:00,Tochigi SC,Matsumoto,LIQUIDADO,1 - 2,1,2,Matsumoto,Over 0.5 Goals,Over 1.5 Goals,Over 2.5 Goals,Under 3.5 Goals,Yes,Over 0.5 Goals,8/8,betfair_oficial
2026-09-26 10:03,2026-09-26 08:00,Oita,Fujieda Myfc,LIQUIDADO,1 - 1,1,1,The Draw,Over 0.5 Goals,Over 1.5 Goals,Under 2.5 Goals,Under 3.5 Goals,Yes,Over 0.5 Goals,8/8,betfair_oficial
2026-09-26 10:03,2026-09-26 08:00,Toyama,Yokohama FC,LIQUIDADO,3 - 3,3,3,The Draw,Over 0.5 Goals,Over 1.5 Goals,Over 2.5 Goals,Over 3.5 Goals,Yes,Over 0.5 Goals,8/8,betfair_oficial
2026-09-26 10:03,2026-09-26 08:00,Fukushima Utd,Nagano Parceiro,LIQUIDADO,Any Other Home Win,,,Fukushima Utd,Over 0.5 Goals,Over 1.5 Goals,Over 2.5 Goals,Over 3.5 Goals,Yes,Over 0.5 Goals,8/8,betfair_oficial
2026-09-26 10:03,2026-09-26 08:00,Kochi United,FC Osaka,LIQUIDADO,Any Other Away Win,,,FC Osaka,Over 0.5 Goals,Over 1.5 Goals,Over 2.5 Goals,Over 3.5 Goals,No,Over 0.5 Goals,8/8,betfair_oficial
2026-09-26 10:03,2026-09-26 08:00,Kamatamare Sanuki,FC Gifu,LIQUIDADO,Any Other Away Win,,,FC Gifu,Over 0.5 Goals,Over 1.5 Goals,Over 2.5 Goals,Over 3.5 Goals,Yes,Over 0.5 Goals,8/8,betfair_oficial
2026-09-26 10:03,2026-09-26 08:00,Blaublitz Akita,Albirex Niigata,LIQUIDADO,2 - 2,2,2,The Draw,Over 0.5 Goals,Over 1.5 Goals,Over 2.5 Goals,Over 3.5 Goals,Yes,Over 0.5 Goals,8/8,betfair_oficial
2026-09-26 10:03,2026-09-26 08:00,Tokushima,Tochigi Uva FC,LIQUIDADO,3 - 0,3,0,Tokushima,Over 0.5 Goals,Over 1.5 Goals,Over 2.5 Goals,Under 3.5 Goals,No,Over 0.5 Goals,8/8,betfair_oficial
2026-09-26 10:03,2026-09-26 08:00,Tegevajaro Miyazaki,Sapporo,LIQUIDADO,3 - 2,3,2,Tegevajaro Miyazaki,Over 0.5 Goals,Over 1.5 Goals,Over 2.5 Goals,Over 3.5 Goals,Yes,Over 0.5 Goals,8/8,betfair_oficial
2026-09-26 10:03,2026-09-26 08:00,Kitakyushu,Kagoshima Utd,LIQUIDADO,1 - 1,1,1,The Draw,Over 0.5 Goals,Over 1.5 Goals,Under 2.5 Goals,Under 3.5 Goals,Yes,Under 0.5 Goals,8/8,betfair_oficial
2026-09-26 10:03,2026-09-26 08:00,Yamagata,Tosu,LIQUIDADO,2 - 0,2,0,Yamagata,Over 0.5 Goals,Over 1.5 Goals,Under 2.5 Goals,Under 3.5 Goals,No,Over 0.5 Goals,8/8,betfair_oficial
2026-09-26 10:03,2026-09-26 08:00,FC Ryukyu,Ehime,LIQUIDADO,1 - 1,1,1,The Draw,Over 0.5 Goals,Over 1.5 Goals,Under 2.5 Goals,Under 3.5 Goals,Yes,Under 0.5 Goals,8/8,betfair_oficial
2026-09-26 10:08,2026-09-26 08:00,FC Imabari,Shonan,LIQUIDADO,1 - 2,1,2,Shonan,Over 0.5 Goals,Over 1.5 Goals,Over 2.5 Goals,Under 3.5 Goals,Yes,Over 0.5 Goals,8/8,betfair_oficial
2026-09-26 10:28,2026-09-26 08:30,Sumset United,PSPS Pekanbaru,LIQUIDADO,1 - 2,1,2,PSPS Pekanbaru,Over 0.5 Goals,Over 1.5 Goals,Over 2.5 Goals,Under 3.5 Goals,Yes,Over 0.5 Goals,8/8,betfair_oficial
2026-09-26 10:28,2026-09-26 08:30,Tornado FC,PS Barito Putera,LIQUIDADO,2 - 2,2,2,The Draw,Over 0.5 Goals,Over 1.5 Goals,Over 2.5 Goals,Over 3.5 Goals,Yes,Over 0.5 Goals,8/8,betfair_oficial
2026-09-26 10:33,2026-09-26 08:30,Psgc Ciamis,Semen Padang,LIQUIDADO,0 - 2,0,2,Semen Padang,Over 0.5 Goals,Over 1.5 Goals,Under 2.5 Goals,Under 3.5 Goals,No,Over 0.5 Goals,8/8,betfair_oficial
2026-09-26 10:53,2026-09-26 09:00,Banik Ostrava (W),Slovan Liberec (W),LIQUIDADO,1 - 2,1,2,Slovan Liberec (W),Over 0.5 Goals,Over 1.5 Goals,Over 2.5 Goals,Under 3.5 Goals,Yes,Over 0.5 Goals,8/8,betfair_oficial
2026-09-26 11:33,2026-09-26 09:30,Mizoram Police,Chanmari FC,LIQUIDADO,1 - 2,1,2,Chanmari FC,Over 0.5 Goals,Over 1.5 Goals,Over 2.5 Goals,Under 3.5 Goals,Yes,Over 0.5 Goals,8/8,betfair_oficial
2026-09-26 11:58,2026-09-26 10:00,FC Badalona (W),Granada (W),LIQUIDADO,0 - 1,0,1,Granada (W),Over 0.5 Goals,Under 1.5 Goals,Under 2.5 Goals,Under 3.5 Goals,No,Under 0.5 Goals,8/8,betfair_oficial
2026-09-26 12:08,2026-09-26 10:00,Real Sociedad (W),Real Madrid FC (W),LIQUIDADO,Any Other Away Win,,,Real Madrid FC (W),Over 0.5 Goals,Over 1.5 Goals,Over 2.5 Goals,Over 3.5 Goals,Yes,Over 0.5 Goals,8/8,betfair_oficial
2026-09-26 12:28,2026-09-26 10:30,Gyori ETO (W),Astra Hungary (W),LIQUIDADO,2 - 0,2,0,Gyori ETO (W),Over 0.5 Goals,Over 1.5 Goals,Under 2.5 Goals,Under 3.5 Goals,No,Over 0.5 Goals,8/8,betfair_oficial
2026-09-26 12:28,2026-09-26 10:30,Japan U23,North Korea U23,LIQUIDADO,1 - 0,1,0,Japan U23,Over 0.5 Goals,Under 1.5 Goals,Under 2.5 Goals,Under 3.5 Goals,No,Over 0.5 Goals,8/8,betfair_oficial
2026-09-26 12:53,2026-09-26 10:00,Sotra SK,Pors,LIQUIDADO,3 - 2,3,2,Sotra SK,Over 0.5 Goals,Over 1.5 Goals,Over 2.5 Goals,Over 3.5 Goals,Yes,Over 0.5 Goals,8/8,betfair_oficial
2026-09-26 12:53,2026-09-26 11:00,Koge (W),Kolding IF (W),LIQUIDADO,Any Other Home Win,,,Koge (W),Over 0.5 Goals,Over 1.5 Goals,Over 2.5 Goals,Over 3.5 Goals,Yes,Over 0.5 Goals,8/8,betfair_oficial
2026-09-26 12:53,2026-09-26 11:00,Sotra SK,Pors,LIQUIDADO,3 - 2,3,2,Sotra SK,Over 0.5 Goals,Over 1.5 Goals,Over 2.5 Goals,Over 3.5 Goals,Yes,Over 0.5 Goals,8/8,betfair_oficial
2026-09-26 12:58,2026-09-26 11:00,FC Trollhattan,Tvaakers,LIQUIDADO,Any Other Home Win,,,FC Trollhattan,Over 0.5 Goals,Over 1.5 Goals,Over 2.5 Goals,Over 3.5 Goals,Yes,Over 0.5 Goals,8/8,betfair_oficial
2026-09-26 12:58,2026-09-26 11:00,Rosengard,Hassleholms IF,LIQUIDADO,2 - 1,2,1,Rosengard,Over 0.5 Goals,Over 1.5 Goals,Over 2.5 Goals,Under 3.5 Goals,Yes,Under 0.5 Goals,8/8,betfair_oficial
2026-09-26 12:58,2026-09-26 11:00,Brondby (W),ASA Aarhus (W),LIQUIDADO,3 - 0,3,0,Brondby (W),Over 0.5 Goals,Over 1.5 Goals,Over 2.5 Goals,Under 3.5 Goals,No,Over 0.5 Goals,8/8,betfair_oficial
2026-09-26 12:58,2026-09-26 11:00,Fortuna Hjorring (W),FC Nordsjaelland (W),LIQUIDADO,1 - 1,1,1,The Draw,Over 0.5 Goals,Over 1.5 Goals,Under 2.5 Goals,Under 3.5 Goals,Yes,Under 0.5 Goals,8/8,betfair_oficial
2026-09-26 13:28,2026-09-26 11:30,VSK Aarhus FC,Skive,LIQUIDADO,1 - 0,1,0,VSK Aarhus FC,Over 0.5 Goals,Under 1.5 Goals,Under 2.5 Goals,Under 3.5 Goals,No,Under 0.5 Goals,8/8,betfair_oficial
2026-09-26 13:28,2026-09-26 11:30,Nantong Zhiyun F.C,Changchun Yatai,LIQUIDADO,2 - 0,2,0,Nantong Zhiyun F.C,Over 0.5 Goals,Over 1.5 Goals,Under 2.5 Goals,Under 3.5 Goals,No,Over 0.5 Goals,8/8,betfair_oficial
2026-09-26 13:53,2026-09-26 11:00,Kjelsas,Follo,LIQUIDADO,2 - 2,2,2,The Draw,Over 0.5 Goals,Over 1.5 Goals,Over 2.5 Goals,Over 3.5 Goals,Yes,Over 0.5 Goals,8/8,betfair_oficial
2026-09-26 13:53,2026-09-26 12:00,Kjelsas,Follo,LIQUIDADO,2 - 2,2,2,The Draw,Over 0.5 Goals,Over 1.5 Goals,Over 2.5 Goals,Over 3.5 Goals,Yes,Over 0.5 Goals,8/8,betfair_oficial
2026-09-26 13:58,2026-09-26 12:00,Brabrand,Nykobing FC,LIQUIDADO,1 - 1,1,1,The Draw,Over 0.5 Goals,Over 1.5 Goals,Under 2.5 Goals,Under 3.5 Goals,Yes,Over 0.5 Goals,8/8,betfair_oficial
2026-09-26 13:58,2026-09-26 12:00,PSV Eindhoven (W),De Graafschap (W),LIQUIDADO,Any Other Home Win,,,PSV Eindhoven (W),Over 0.5 Goals,Over 1.5 Goals,Over 2.5 Goals,Over 3.5 Goals,No,Over 0.5 Goals,8/8,betfair_oficial
2026-09-26 14:03,2026-09-26 12:00,Persikad Depok,Persiraja Banda Aceh,LIQUIDADO,2 - 1,2,1,Persikad Depok,Over 0.5 Goals,Over 1.5 Goals,Over 2.5 Goals,Under 3.5 Goals,Yes,Over 0.5 Goals,8/8,betfair_oficial
2026-09-26 14:03,2026-09-26 12:00,Persipura Jayapura,Persis Solo,LIQUIDADO,1 - 1,1,1,The Draw,Over 0.5 Goals,Over 1.5 Goals,Under 2.5 Goals,Under 3.5 Goals,Yes,Over 0.5 Goals,8/8,betfair_oficial
2026-09-26 14:08,2026-09-26 12:00,AD Ceuta FC,Sociedad B,LIQUIDADO,3 - 1,3,1,AD Ceuta FC,Over 0.5 Goals,Over 1.5 Goals,Over 2.5 Goals,Over 3.5 Goals,Yes,Under 0.5 Goals,8/8,betfair_oficial
2026-09-26 14:28,2026-09-26 12:30,Ankaraspor,Somaspor Spor Kulubu,LIQUIDADO,0 - 1,0,1,Somaspor Spor Kulubu,Over 0.5 Goals,Under 1.5 Goals,Under 2.5 Goals,Under 3.5 Goals,No,Over 0.5 Goals,8/8,betfair_oficial
2026-09-26 14:33,2026-09-26 11:00,Lysekloster,IL Sandviken Bergen,LIQUIDADO,2 - 3,2,3,IL Sandviken Bergen,Over 0.5 Goals,Over 1.5 Goals,Over 2.5 Goals,Over 3.5 Goals,Yes,Over 0.5 Goals,8/8,betfair_oficial
2026-09-26 14:33,2026-09-26 12:30,Charlton (W),Man City (W),LIQUIDADO,0 - 1,0,1,Man City (W),Over 0.5 Goals,Under 1.5 Goals,Under 2.5 Goals,Under 3.5 Goals,No,Over 0.5 Goals,8/8,betfair_oficial
2026-09-26 14:58,2026-09-26 13:00,B93 Copenhagen,Thisted,LIQUIDADO,1 - 0,1,0,B93 Copenhagen,Over 0.5 Goals,Under 1.5 Goals,Under 2.5 Goals,Under 3.5 Goals,No,Over 0.5 Goals,8/8,betfair_oficial
2026-09-26 14:58,2026-09-26 13:00,Slovenia,Scotland,LIQUIDADO,0 - 0,0,0,The Draw,Under 0.5 Goals,Under 1.5 Goals,Under 2.5 Goals,Under 3.5 Goals,No,Under 0.5 Goals,8/8,betfair_oficial
2026-09-26 14:58,2026-09-26 13:00,Beyoglu Yeni Carsi,Iskenderunspor,LIQUIDADO,Any Other Home Win,,,Beyoglu Yeni Carsi,Over 0.5 Goals,Over 1.5 Goals,Over 2.5 Goals,Over 3.5 Goals,No,Over 0.5 Goals,8/8,betfair_oficial
2026-09-26 14:58,2026-09-26 13:00,Lokomotiv GO,Marek Dupnitsa,LIQUIDADO,0 - 0,0,0,The Draw,Under 0.5 Goals,Under 1.5 Goals,Under 2.5 Goals,Under 3.5 Goals,No,Under 0.5 Goals,8/8,betfair_oficial
2026-09-26 14:58,2026-09-26 13:00,Kenya,Eritrea,LIQUIDADO,1 - 1,1,1,The Draw,Over 0.5 Goals,Over 1.5 Goals,Under 2.5 Goals,Under 3.5 Goals,Yes,Over 0.5 Goals,8/8,betfair_oficial
2026-09-26 15:03,2026-09-26 13:00,Samtredia,FC Rustavi,LIQUIDADO,1 - 2,1,2,FC Rustavi,Over 0.5 Goals,Over 1.5 Goals,Over 2.5 Goals,Under 3.5 Goals,Yes,Under 0.5 Goals,8/8,betfair_oficial
2026-09-26 15:03,2026-09-26 13:00,South Africa,Guinea,LIQUIDADO,2 - 1,2,1,South Africa,Over 0.5 Goals,Over 1.5 Goals,Over 2.5 Goals,Under 3.5 Goals,Yes,Over 0.5 Goals,8/8,betfair_oficial
2026-09-26 15:03,2026-09-26 13:00,Lazio (W),Parma (W),LIQUIDADO,0 - 0,0,0,The Draw,Under 0.5 Goals,Under 1.5 Goals,Under 2.5 Goals,Under 3.5 Goals,No,Under 0.5 Goals,8/8,betfair_oficial
2026-09-26 15:23,2026-09-26 13:30,Samorin,Lokomotiva Zvolen,LIQUIDADO,3 - 1,3,1,Samorin,Over 0.5 Goals,Over 1.5 Goals,Over 2.5 Goals,Over 3.5 Goals,Yes,Over 0.5 Goals,8/8,betfair_oficial
2026-09-26 15:23,2026-09-26 13:30,MSK Povazska Bystrica,FO Kinex Bytca,LIQUIDADO,Any Other Home Win,,,MSK Povazska Bystrica,Over 0.5 Goals,Over 1.5 Goals,Over 2.5 Goals,Over 3.5 Goals,Yes,Over 0.5 Goals,8/8,betfair_oficial
2026-09-26 15:38,2026-09-26 13:00,Inegol Kafkas Genclikspor,Kastamonuspor,LIQUIDADO,Any Other Home Win,,,Inegol Kafkas Genclikspor,Over 0.5 Goals,Over 1.5 Goals,Over 2.5 Goals,Over 3.5 Goals,Yes,Over 0.5 Goals,8/8,betfair_oficial
2026-09-26 15:53,2026-09-26 13:00,Yarmouk,Al Sareeh,LIQUIDADO,2 - 2,2,2,The Draw,Over 0.5 Goals,Over 1.5 Goals,Over 2.5 Goals,Over 3.5 Goals,Yes,Over 0.5 Goals,8/8,betfair_oficial
2026-09-26 15:53,2026-09-26 14:00,Bonnyrigg,Motherwell B,LIQUIDADO,3 - 0,3,0,Bonnyrigg,Over 0.5 Goals,Over 1.5 Goals,Over 2.5 Goals,Under 3.5 Goals,No,Over 0.5 Goals,8/8,betfair_oficial
2026-09-26 15:53,2026-09-26 14:00,Airdrieonians,Berwick,LIQUIDADO,Any Other Home Win,,,Airdrieonians,Over 0.5 Goals,Over 1.5 Goals,Over 2.5 Goals,Over 3.5 Goals,Yes,Over 0.5 Goals,8/8,betfair_oficial
2026-09-26 15:53,2026-09-26 14:00,Kelty Hearts,Montrose,LIQUIDADO,2 - 1,2,1,Kelty Hearts,Over 0.5 Goals,Over 1.5 Goals,Over 2.5 Goals,Under 3.5 Goals,Yes,Over 0.5 Goals,8/8,betfair_oficial
2026-09-26 15:53,2026-09-26 14:00,Peterhead,Elgin City FC,LIQUIDADO,0 - 1,0,1,Elgin City FC,Over 0.5 Goals,Under 1.5 Goals,Under 2.5 Goals,Under 3.5 Goals,No,Over 0.5 Goals,8/8,betfair_oficial
2026-09-26 15:53,2026-09-26 14:00,Alloa,Gala Fairydean,LIQUIDADO,2 - 2,2,2,The Draw,Over 0.5 Goals,Over 1.5 Goals,Over 2.5 Goals,Over 3.5 Goals,Yes,Over 0.5 Goals,8/8,betfair_oficial
2026-09-26 15:53,2026-09-26 14:00,Hamilton,Kilmarnock B,LIQUIDADO,3 - 0,3,0,Hamilton,Over 0.5 Goals,Over 1.5 Goals,Over 2.5 Goals,Under 3.5 Goals,No,Over 0.5 Goals,8/8,betfair_oficial
2026-09-26 15:53,2026-09-26 14:00,Annan,Hibernian B,LIQUIDADO,2 - 1,2,1,Annan,Over 0.5 Goals,Over 1.5 Goals,Over 2.5 Goals,Under 3.5 Goals,Yes,Over 0.5 Goals,8/8,betfair_oficial
2026-09-26 15:53,2026-09-26 14:00,Forfar,Dundee United B,LIQUIDADO,2 - 1,2,1,Forfar,Over 0.5 Goals,Over 1.5 Goals,Over 2.5 Goals,Under 3.5 Goals,Yes,Over 0.5 Goals,8/8,betfair_oficial
2026-09-26 15:53,2026-09-26 14:00,Stranraer,East Kilbride,LIQUIDADO,Any Other Home Win,,,Stranraer,Over 0.5 Goals,Over 1.5 Goals,Over 2.5 Goals,Over 3.5 Goals,Yes,Over 0.5 Goals,8/8,betfair_oficial
2026-09-26 15:53,2026-09-26 14:00,Formartine Utd,Edinburgh City,LIQUIDADO,2 - 0,2,0,Formartine Utd,Over 0.5 Goals,Over 1.5 Goals,Under 2.5 Goals,Under 3.5 Goals,No,Under 0.5 Goals,8/8,betfair_oficial
2026-09-26 15:58,2026-09-26 14:00,Maidstone Utd,Truro City,LIQUIDADO,1 - 2,1,2,Truro City,Over 0.5 Goals,Over 1.5 Goals,Over 2.5 Goals,Under 3.5 Goals,Yes,Over 0.5 Goals,8/8,betfair_oficial
2026-09-26 15:58,2026-09-26 14:00,Solihull Moors,Boreham Wood,LIQUIDADO,0 - 3,0,3,Boreham Wood,Over 0.5 Goals,Over 1.5 Goals,Over 2.5 Goals,Under 3.5 Goals,No,Over 0.5 Goals,8/8,betfair_oficial
2026-09-26 15:58,2026-09-26 14:00,AFC Telford,Kings Lynn,LIQUIDADO,Any Other Away Win,,,Kings Lynn,Over 0.5 Goals,Over 1.5 Goals,Over 2.5 Goals,Over 3.5 Goals,No,Over 0.5 Goals,8/8,betfair_oficial
2026-09-26 15:58,2026-09-26 14:00,East Fife,Clydebank,LIQUIDADO,0 - 2,0,2,Clydebank,Over 0.5 Goals,Over 1.5 Goals,Under 2.5 Goals,Under 3.5 Goals,No,Over 0.5 Goals,8/8,betfair_oficial
2026-09-26 15:58,2026-09-26 14:00,Wycombe,Reading,LIQUIDADO,2 - 2,2,2,The Draw,Over 0.5 Goals,Over 1.5 Goals,Over 2.5 Goals,Over 3.5 Goals,Yes,Under 0.5 Goals,8/8,betfair_oficial
2026-09-26 15:58,2026-09-26 14:00,Chester,Worksop Town,LIQUIDADO,Any Other Home Win,,,Chester,Over 0.5 Goals,Over 1.5 Goals,Over 2.5 Goals,Over 3.5 Goals,Yes,Over 0.5 Goals,8/8,betfair_oficial
2026-09-26 15:58,2026-09-26 14:00,Swindon,Accrington,LIQUIDADO,1 - 1,1,1,The Draw,Over 0.5 Goals,Over 1.5 Goals,Under 2.5 Goals,Under 3.5 Goals,Yes,Over 0.5 Goals,8/8,betfair_oficial
2026-09-26 15:58,2026-09-26 14:00,Cowdenbeath,Clyde,LIQUIDADO,1 - 3,1,3,Clyde,Over 0.5 Goals,Over 1.5 Goals,Over 2.5 Goals,Over 3.5 Goals,Yes,Over 0.5 Goals,8/8,betfair_oficial
2026-09-26 15:58,2026-09-26 14:00,Boston Utd,AFC Fylde,LIQUIDADO,0 - 1,0,1,AFC Fylde,Over 0.5 Goals,Under 1.5 Goals,Under 2.5 Goals,Under 3.5 Goals,No,Under 0.5 Goals,8/8,betfair_oficial
2026-09-26 15:58,2026-09-26 14:00,Bristol Rovers,Exeter,LIQUIDADO,1 - 0,1,0,Bristol Rovers,Over 0.5 Goals,Under 1.5 Goals,Under 2.5 Goals,Under 3.5 Goals,No,Under 0.5 Goals,8/8,betfair_oficial
2026-09-26 15:58,2026-09-26 14:00,Fleetwood Town,Rochdale,LIQUIDADO,1 - 2,1,2,Rochdale,Over 0.5 Goals,Over 1.5 Goals,Over 2.5 Goals,Under 3.5 Goals,Yes,Over 0.5 Goals,8/8,betfair_oficial
2026-09-26 15:58,2026-09-26 14:00,Cambridge Utd,AFC Wimbledon,LIQUIDADO,1 - 1,1,1,The Draw,Over 0.5 Goals,Over 1.5 Goals,Under 2.5 Goals,Under 3.5 Goals,Yes,Over 0.5 Goals,8/8,betfair_oficial
2026-09-26 15:58,2026-09-26 14:00,Cumbernauld Colts,St Mirren B,LIQUIDADO,Any Other Away Win,,,St Mirren B,Over 0.5 Goals,Over 1.5 Goals,Over 2.5 Goals,Over 3.5 Goals,Yes,Over 0.5 Goals,8/8,betfair_oficial
2026-09-26 15:58,2026-09-26 14:00,Cove Rangers,Aberdeen B,LIQUIDADO,2 - 1,2,1,Cove Rangers,Over 0.5 Goals,Over 1.5 Goals,Over 2.5 Goals,Under 3.5 Goals,Yes,Over 0.5 Goals,8/8,betfair_oficial
2026-09-26 15:58,2026-09-26 14:00,Kidderminster,Yeovil,LIQUIDADO,0 - 1,0,1,Yeovil,Over 0.5 Goals,Under 1.5 Goals,Under 2.5 Goals,Under 3.5 Goals,No,Under 0.5 Goals,8/8,betfair_oficial
2026-09-26 15:58,2026-09-26 14:00,FC Jarfalla,AFC Eskilstuna,LIQUIDADO,Any Other Away Win,,,AFC Eskilstuna,Over 0.5 Goals,Over 1.5 Goals,Over 2.5 Goals,Over 3.5 Goals,Yes,Over 0.5 Goals,8/8,betfair_oficial
2026-09-26 15:58,2026-09-26 14:00,Tranmere,Walsall,LIQUIDADO,1 - 1,1,1,The Draw,Over 0.5 Goals,Over 1.5 Goals,Under 2.5 Goals,Under 3.5 Goals,Yes,Under 0.5 Goals,8/8,betfair_oficial
2026-09-26 15:58,2026-09-26 14:00,Hednesford Town,Radcliffe Borough,LIQUIDADO,Any Other Home Win,,,Hednesford Town,Over 0.5 Goals,Over 1.5 Goals,Over 2.5 Goals,Over 3.5 Goals,Yes,Over 0.5 Goals,8/8,betfair_oficial
2026-09-26 15:58,2026-09-26 14:00,Skovde Aik,BK Olympic,LIQUIDADO,2 - 1,2,1,Skovde AIK,Over 0.5 Goals,Over 1.5 Goals,Over 2.5 Goals,Under 3.5 Goals,Yes,Under 0.5 Goals,8/8,betfair_oficial
2026-09-26 15:58,2026-09-26 14:00,Chorley,Spalding Utd,LIQUIDADO,2 - 1,2,1,Chorley,Over 0.5 Goals,Over 1.5 Goals,Over 2.5 Goals,Under 3.5 Goals,Yes,Under 0.5 Goals,8/8,betfair_oficial
2026-09-26 15:58,2026-09-26 14:00,Stockport,Peterborough,LIQUIDADO,1 - 0,1,0,Stockport,Over 0.5 Goals,Under 1.5 Goals,Under 2.5 Goals,Under 3.5 Goals,No,Under 0.5 Goals,8/8,betfair_oficial
2026-09-26 15:58,2026-09-26 14:00,Clachnacuddin,Celtic B,LIQUIDADO,3 - 3,3,3,The Draw,Over 0.5 Goals,Over 1.5 Goals,Over 2.5 Goals,Over 3.5 Goals,Yes,Over 0.5 Goals,8/8,betfair_oficial
2026-09-26 15:58,2026-09-26 14:00,Progreso,Racing Club (Uru),LIQUIDADO,2 - 1,2,1,Progreso,Over 0.5 Goals,Over 1.5 Goals,Over 2.5 Goals,Under 3.5 Goals,Yes,Over 0.5 Goals,8/8,betfair_oficial
2026-09-26 15:58,2026-09-26 14:00,Harrogate Town,Eastleigh,LIQUIDADO,Any Other Home Win,,,Harrogate Town,Over 0.5 Goals,Over 1.5 Goals,Over 2.5 Goals,Over 3.5 Goals,Yes,Over 0.5 Goals,8/8,betfair_oficial
2026-09-26 15:58,2026-09-26 14:00,Rotherham,Crewe,LIQUIDADO,1 - 1,1,1,The Draw,Over 0.5 Goals,Over 1.5 Goals,Under 2.5 Goals,Under 3.5 Goals,Yes,Over 0.5 Goals,8/8,betfair_oficial
2026-09-26 16:03,2026-09-26 14:00,Dover,AFC Totton,LIQUIDADO,2 - 0,2,0,Dover,Over 0.5 Goals,Over 1.5 Goals,Under 2.5 Goals,Under 3.5 Goals,No,Over 0.5 Goals,8/8,betfair_oficial
2026-09-26 16:03,2026-09-26 14:00,York City,Gillingham,LIQUIDADO,3 - 0,3,0,York City,Over 0.5 Goals,Over 1.5 Goals,Over 2.5 Goals,Under 3.5 Goals,No,Over 0.5 Goals,8/8,betfair_oficial
2026-09-26 16:03,2026-09-26 14:00,Sutton Utd,Forest Green,LIQUIDADO,3 - 3,3,3,The Draw,Over 0.5 Goals,Over 1.5 Goals,Over 2.5 Goals,Over 3.5 Goals,Yes,Over 0.5 Goals,8/8,betfair_oficial
2026-09-26 16:03,2026-09-26 14:00,Chesham Utd,Maidenhead,LIQUIDADO,Any Other Away Win,,,Maidenhead,Over 0.5 Goals,Over 1.5 Goals,Over 2.5 Goals,Over 3.5 Goals,No,Over 0.5 Goals,8/8,betfair_oficial
2026-09-26 16:03,2026-09-26 14:00,Walton & Hersham,Farnborough FC,LIQUIDADO,2 - 2,2,2,The Draw,Over 0.5 Goals,Over 1.5 Goals,Over 2.5 Goals,Over 3.5 Goals,Yes,Over 0.5 Goals,8/8,betfair_oficial
2026-09-26 16:03,2026-09-26 14:00,Worthing,FC Halifax Town,LIQUIDADO,2 - 1,2,1,Worthing,Over 0.5 Goals,Over 1.5 Goals,Over 2.5 Goals,Under 3.5 Goals,Yes,Over 0.5 Goals,8/8,betfair_oficial
2026-09-26 16:03,2026-09-26 14:00,Dumbarton,Banks O'Dee,LIQUIDADO,3 - 2,3,2,Dumbarton,Over 0.5 Goals,Over 1.5 Goals,Over 2.5 Goals,Over 3.5 Goals,Yes,Over 0.5 Goals,8/8,betfair_oficial
2026-09-26 16:03,2026-09-26 14:00,Farnham Town,Weston-super-Mare,LIQUIDADO,3 - 2,3,2,Farnham Town,Over 0.5 Goals,Over 1.5 Goals,Over 2.5 Goals,Over 3.5 Goals,Yes,Over 0.5 Goals,8/8,betfair_oficial
2026-09-26 16:03,2026-09-26 14:00,Chelmsford,Horsham FC,LIQUIDADO,0 - 0,0,0,The Draw,Under 0.5 Goals,Under 1.5 Goals,Under 2.5 Goals,Under 3.5 Goals,No,Under 0.5 Goals,8/8,betfair_oficial
2026-09-26 16:03,2026-09-26 14:00,Salisbury City,Folkestone Invicta,LIQUIDADO,2 - 0,2,0,Salisbury City,Over 0.5 Goals,Over 1.5 Goals,Under 2.5 Goals,Under 3.5 Goals,No,Over 0.5 Goals,8/8,betfair_oficial
2026-09-26 16:03,2026-09-26 14:00,Macclesfield,Harborough Town,LIQUIDADO,1 - 0,1,0,Macclesfield,Over 0.5 Goals,Under 1.5 Goals,Under 2.5 Goals,Under 3.5 Goals,No,Over 0.5 Goals,8/8,betfair_oficial
2026-09-26 16:03,2026-09-26 14:00,Altrincham,Hornchurch,LIQUIDADO,3 - 0,3,0,Altrincham,Over 0.5 Goals,Over 1.5 Goals,Over 2.5 Goals,Under 3.5 Goals,No,Over 0.5 Goals,8/8,betfair_oficial
2026-09-26 16:03,2026-09-26 14:00,Oxford City,Morecambe,LIQUIDADO,1 - 1,1,1,The Draw,Over 0.5 Goals,Over 1.5 Goals,Under 2.5 Goals,Under 3.5 Goals,Yes,Under 0.5 Goals,8/8,betfair_oficial
2026-09-26 16:03,2026-09-26 14:00,Bedford Town,Hereford FC,LIQUIDADO,1 - 1,1,1,The Draw,Over 0.5 Goals,Over 1.5 Goals,Under 2.5 Goals,Under 3.5 Goals,Yes,Under 0.5 Goals,8/8,betfair_oficial
2026-09-26 16:03,2026-09-26 14:00,Southport,Spennymoor Town,LIQUIDADO,2 - 2,2,2,The Draw,Over 0.5 Goals,Over 1.5 Goals,Over 2.5 Goals,Over 3.5 Goals,Yes,Over 0.5 Goals,8/8,betfair_oficial
2026-09-26 16:03,2026-09-26 14:00,FK Borac Cacak,FK Backa Topola,LIQUIDADO,2 - 2,2,2,The Draw,Over 0.5 Goals,Over 1.5 Goals,Over 2.5 Goals,Over 3.5 Goals,Yes,Over 0.5 Goals,8/8,betfair_oficial
2026-09-26 16:03,2026-09-26 14:00,Carlisle,Woking,LIQUIDADO,Any Other Away Win,,,Woking,Over 0.5 Goals,Over 1.5 Goals,Over 2.5 Goals,Over 3.5 Goals,Yes,Over 0.5 Goals,8/8,betfair_oficial
2026-09-26 16:03,2026-09-26 14:00,Newport County,Grimsby,LIQUIDADO,2 - 1,2,1,Newport County,Over 0.5 Goals,Over 1.5 Goals,Over 2.5 Goals,Under 3.5 Goals,Yes,Under 0.5 Goals,8/8,betfair_oficial
2026-09-26 16:03,2026-09-26 14:00,South Shields,Buxton,LIQUIDADO,Any Other Home Win,,,South Shields,Over 0.5 Goals,Over 1.5 Goals,Over 2.5 Goals,Over 3.5 Goals,No,Over 0.5 Goals,8/8,betfair_oficial
2026-09-26 16:03,2026-09-26 14:00,Shrewsbury,Colchester,LIQUIDADO,2 - 2,2,2,The Draw,Over 0.5 Goals,Over 1.5 Goals,Over 2.5 Goals,Over 3.5 Goals,Yes,Over 0.5 Goals,8/8,betfair_oficial
2026-09-26 16:03,2026-09-26 14:00,Dag and Red,Hampton and Richmond,LIQUIDADO,1 - 0,1,0,Dag and Red,Over 0.5 Goals,Under 1.5 Goals,Under 2.5 Goals,Under 3.5 Goals,No,Under 0.5 Goals,8/8,betfair_oficial
2026-09-26 16:03,2026-09-26 14:00,BSC Young Boys II,FC Basel II,LIQUIDADO,0 - 2,0,2,FC Basel II,Over 0.5 Goals,Over 1.5 Goals,Under 2.5 Goals,Under 3.5 Goals,No,Over 0.5 Goals,8/8,betfair_oficial
2026-09-26 16:03,2026-09-26 14:00,Brackley Town,Scarborough Athletic,LIQUIDADO,1 - 1,1,1,The Draw,Over 0.5 Goals,Over 1.5 Goals,Under 2.5 Goals,Under 3.5 Goals,Yes,Over 0.5 Goals,8/8,betfair_oficial
2026-09-26 16:03,2026-09-26 14:00,Tonbridge Angels,Ebbsfleet Utd,LIQUIDADO,1 - 2,1,2,Ebbsfleet Utd,Over 0.5 Goals,Over 1.5 Goals,Over 2.5 Goals,Under 3.5 Goals,Yes,Over 0.5 Goals,8/8,betfair_oficial
2026-09-26 16:03,2026-09-26 14:00,Plymouth,Burton Albion,LIQUIDADO,0 - 1,0,1,Burton Albion,Over 0.5 Goals,Under 1.5 Goals,Under 2.5 Goals,Under 3.5 Goals,No,Under 0.5 Goals,8/8,betfair_oficial
2026-09-26 16:03,2026-09-26 14:00,Sollentuna FF,FC Stockholm Internazionale,LIQUIDADO,1 - 2,1,2,FC Stockholm Internazionale,Over 0.5 Goals,Over 1.5 Goals,Over 2.5 Goals,Under 3.5 Goals,Yes,Under 0.5 Goals,8/8,betfair_oficial
2026-09-26 16:03,2026-09-26 14:00,Cheltenham,Chesterfield,LIQUIDADO,2 - 1,2,1,Cheltenham,Over 0.5 Goals,Over 1.5 Goals,Over 2.5 Goals,Under 3.5 Goals,Yes,Over 0.5 Goals,8/8,betfair_oficial
2026-09-26 16:03,2026-09-26 14:00,Billericay Town,Torquay,LIQUIDADO,3 - 0,3,0,Billericay Town,Over 0.5 Goals,Over 1.5 Goals,Over 2.5 Goals,Under 3.5 Goals,No,Over 0.5 Goals,8/8,betfair_oficial
2026-09-26 16:03,2026-09-26 14:00,Southend,Barrow,LIQUIDADO,Any Other Away Win,,,Barrow,Over 0.5 Goals,Over 1.5 Goals,Over 2.5 Goals,Over 3.5 Goals,Yes,Under 0.5 Goals,8/8,betfair_oficial
2026-09-26 16:03,2026-09-26 14:00,Darlington,Hebburn Town,LIQUIDADO,1 - 1,1,1,The Draw,Over 0.5 Goals,Over 1.5 Goals,Under 2.5 Goals,Under 3.5 Goals,Yes,Over 0.5 Goals,8/8,betfair_oficial
2026-09-26 16:03,2026-09-26 14:00,Merthyr Town,Marine FC,LIQUIDADO,1 - 2,1,2,Marine FC,Over 0.5 Goals,Over 1.5 Goals,Over 2.5 Goals,Under 3.5 Goals,Yes,Over 0.5 Goals,8/8,betfair_oficial
2026-09-26 16:03,2026-09-26 14:00,Wealdstone,Gateshead,LIQUIDADO,Any Other Home Win,,,Wealdstone,Over 0.5 Goals,Over 1.5 Goals,Over 2.5 Goals,Over 3.5 Goals,No,Over 0.5 Goals,8/8,betfair_oficial
2026-09-26 16:08,2026-09-26 14:00,Slough Town,Hemel Hempstead,LIQUIDADO,0 - 2,0,2,Hemel Hempstead,Over 0.5 Goals,Over 1.5 Goals,Under 2.5 Goals,Under 3.5 Goals,No,Over 0.5 Goals,8/8,betfair_oficial
2026-09-26 16:08,2026-09-26 14:00,Aldershot,Tamworth FC,LIQUIDADO,Any Other Home Win,,,Aldershot,Over 0.5 Goals,Over 1.5 Goals,Over 2.5 Goals,Over 3.5 Goals,Yes,Over 0.5 Goals,8/8,betfair_oficial
2026-09-26 16:08,2026-09-26 14:00,Dorking Wanderers,Braintree,LIQUIDADO,Any Other Home Win,,,Dorking Wanderers,Over 0.5 Goals,Over 1.5 Goals,Over 2.5 Goals,Over 3.5 Goals,Yes,Over 0.5 Goals,8/8,betfair_oficial
2026-09-26 16:08,2026-09-26 14:00,Scunthorpe,Hartlepool,LIQUIDADO,Any Other Home Win,,,Scunthorpe,Over 0.5 Goals,Over 1.5 Goals,Over 2.5 Goals,Over 3.5 Goals,Yes,Over 0.5 Goals,8/8,betfair_oficial
2026-09-26 16:23,2026-09-26 14:15,Granada,FC Andorra,LIQUIDADO,2 - 3,2,3,FC Andorra,Over 0.5 Goals,Over 1.5 Goals,Over 2.5 Goals,Over 3.5 Goals,Yes,Over 0.5 Goals,8/8,betfair_oficial
2026-09-26 16:28,2026-09-26 14:30,Feyenoord (W),FC Zwolle (W),LIQUIDADO,2 - 3,2,3,FC Zwolle (W),Over 0.5 Goals,Over 1.5 Goals,Over 2.5 Goals,Over 3.5 Goals,Yes,Over 0.5 Goals,8/8,betfair_oficial
2026-09-26 16:28,2026-09-26 14:30,Ajax (W),ADO Den Haag (W),LIQUIDADO,Any Other Home Win,,,Ajax (W),Over 0.5 Goals,Over 1.5 Goals,Over 2.5 Goals,Over 3.5 Goals,Yes,Over 0.5 Goals,8/8,betfair_oficial
2026-09-26 16:28,2026-09-26 14:30,Heracles,Vitesse Arnhem,LIQUIDADO,2 - 0,2,0,Heracles,Over 0.5 Goals,Over 1.5 Goals,Under 2.5 Goals,Under 3.5 Goals,No,Over 0.5 Goals,8/8,betfair_oficial
2026-09-26 16:38,2026-09-26 14:00,Ross Co,Hearts B,LIQUIDADO,Any Other Home Win,,,Ross Co,Over 0.5 Goals,Over 1.5 Goals,Over 2.5 Goals,Over 3.5 Goals,No,Over 0.5 Goals,8/8,betfair_oficial
2026-09-26 16:43,2026-09-26 14:00,Fraserburgh,Stirling,LIQUIDADO,Any Other Home Win,,,Fraserburgh,Over 0.5 Goals,Over 1.5 Goals,Over 2.5 Goals,Over 3.5 Goals,Yes,Over 0.5 Goals,8/8,betfair_oficial
2026-09-26 16:58,2026-09-26 15:00,52 Orduspor,Kahramanmaras Istiklal Spor,LIQUIDADO,0 - 1,0,1,Kahramanmaras Istiklal Spor,Over 0.5 Goals,Under 1.5 Goals,Under 2.5 Goals,Under 3.5 Goals,No,Over 0.5 Goals,8/8,betfair_oficial
2026-09-26 17:03,2026-09-26 15:00,ASM Oran,WA Mostaganem,LIQUIDADO,3 - 1,3,1,ASM Oran,Over 0.5 Goals,Over 1.5 Goals,Over 2.5 Goals,Over 3.5 Goals,Yes,Over 0.5 Goals,8/8,betfair_oficial
2026-09-26 17:03,2026-09-26 15:00,NC Magra,US Chaouia,LIQUIDADO,1 - 0,1,0,NC Magra,Over 0.5 Goals,Under 1.5 Goals,Under 2.5 Goals,Under 3.5 Goals,No,Over 0.5 Goals,8/8,betfair_oficial
2026-09-26 17:03,2026-09-26 15:00,Paradou,NRB Teleghma,LIQUIDADO,2 - 1,2,1,Paradou,Over 0.5 Goals,Over 1.5 Goals,Over 2.5 Goals,Under 3.5 Goals,Yes,Over 0.5 Goals,8/8,betfair_oficial
2026-09-26 17:03,2026-09-26 15:00,RC Kouba,WA Tlemcen,LIQUIDADO,2 - 0,2,0,RC Kouba,Over 0.5 Goals,Over 1.5 Goals,Under 2.5 Goals,Under 3.5 Goals,No,Over 0.5 Goals,8/8,betfair_oficial
2026-09-26 17:03,2026-09-26 15:00,Sporting Lagos FC,Barau FC,LIQUIDADO,1 - 1,1,1,The Draw,Over 0.5 Goals,Over 1.5 Goals,Under 2.5 Goals,Under 3.5 Goals,Yes,Over 0.5 Goals,8/8,betfair_oficial
2026-09-26 17:03,2026-09-26 15:00,USM Blida,Sidi Benali,LIQUIDADO,3 - 1,3,1,USM Blida,Over 0.5 Goals,Over 1.5 Goals,Over 2.5 Goals,Over 3.5 Goals,Yes,Over 0.5 Goals,8/8,betfair_oficial
2026-09-26 17:08,2026-09-26 15:00,ES Mostaganem,NA Hussein Dey,LIQUIDADO,1 - 0,1,0,ES Mostaganem,Over 0.5 Goals,Under 1.5 Goals,Under 2.5 Goals,Under 3.5 Goals,No,Under 0.5 Goals,8/8,betfair_oficial
2026-09-26 17:08,2026-09-26 15:00,Msp Batna,MO Constantine,LIQUIDADO,0 - 0,0,0,The Draw,Under 0.5 Goals,Under 1.5 Goals,Under 2.5 Goals,Under 3.5 Goals,No,Under 0.5 Goals,8/8,betfair_oficial
2026-09-26 17:08,2026-09-26 15:00,JSM Tiaret,USM El Harrach,LIQUIDADO,1 - 1,1,1,The Draw,Over 0.5 Goals,Over 1.5 Goals,Under 2.5 Goals,Under 3.5 Goals,Yes,Over 0.5 Goals,8/8,betfair_oficial
2026-09-26 17:18,2026-09-26 15:00,AS Khroub,USM Annaba,LIQUIDADO,1 - 0,1,0,AS Khroub,Over 0.5 Goals,Under 1.5 Goals,Under 2.5 Goals,Under 3.5 Goals,No,Over 0.5 Goals,8/8,betfair_oficial
2026-09-26 17:28,2026-09-26 15:30,FC Lugano II,Cham,LIQUIDADO,0 - 1,0,1,Cham,Over 0.5 Goals,Under 1.5 Goals,Under 2.5 Goals,Under 3.5 Goals,No,Under 0.5 Goals,8/8,betfair_oficial
2026-09-26 17:38,2026-09-26 15:30,Union San Felipe,Deportes Copiapo,LIQUIDADO,Any Other Away Win,,,Deportes Copiapo,Over 0.5 Goals,Over 1.5 Goals,Over 2.5 Goals,Over 3.5 Goals,Yes,Over 0.5 Goals,8/8,betfair_oficial
2026-09-26 17:58,2026-09-26 16:00,London City Lionesses,Brighton (W),LIQUIDADO,2 - 0,2,0,London City Lionesses,Over 0.5 Goals,Over 1.5 Goals,Under 2.5 Goals,Under 3.5 Goals,No,Over 0.5 Goals,8/8,betfair_oficial
2026-09-26 17:58,2026-09-26 16:00,Bulgaria,Luxembourg,LIQUIDADO,1 - 2,1,2,Luxembourg,Over 0.5 Goals,Over 1.5 Goals,Over 2.5 Goals,Under 3.5 Goals,Yes,Over 0.5 Goals,8/8,betfair_oficial
2026-09-26 17:58,2026-09-26 16:00,Faroe Islands,Kazakhstan,LIQUIDADO,1 - 1,1,1,The Draw,Over 0.5 Goals,Over 1.5 Goals,Under 2.5 Goals,Under 3.5 Goals,Yes,Over 0.5 Goals,8/8,betfair_oficial
2026-09-26 17:58,2026-09-26 16:00,Iceland,Estonia,LIQUIDADO,1 - 1,1,1,The Draw,Over 0.5 Goals,Over 1.5 Goals,Under 2.5 Goals,Under 3.5 Goals,Yes,Over 0.5 Goals,8/8,betfair_oficial
2026-09-26 17:58,2026-09-26 16:00,Zlate Moravce,FC Petrzalka,LIQUIDADO,0 - 2,0,2,FC Petrzalka,Over 0.5 Goals,Over 1.5 Goals,Under 2.5 Goals,Under 3.5 Goals,No,Over 0.5 Goals,8/8,betfair_oficial
2026-09-26 17:58,2026-09-26 16:00,San Marino,Finland,LIQUIDADO,Any Other Away Win,,,Finland,Over 0.5 Goals,Over 1.5 Goals,Over 2.5 Goals,Over 3.5 Goals,No,Over 0.5 Goals,8/8,betfair_oficial
2026-09-26 18:03,2026-09-26 15:55,Kuwait,Iraq,LIQUIDADO,2 - 3,2,3,Iraq,Over 0.5 Goals,Over 1.5 Goals,Over 2.5 Goals,Over 3.5 Goals,Yes,Under 0.5 Goals,8/8,betfair_oficial
2026-09-26 18:03,2026-09-26 16:00,Union de Touarga,FUS Rabat,LIQUIDADO,2 - 1,2,1,Union de Touarga,Over 0.5 Goals,Over 1.5 Goals,Over 2.5 Goals,Under 3.5 Goals,Yes,Over 0.5 Goals,8/8,betfair_oficial
2026-09-26 18:03,2026-09-26 16:00,Alhashemyya,Jerash SC,LIQUIDADO,0 - 2,0,2,Jerash SC,Over 0.5 Goals,Over 1.5 Goals,Under 2.5 Goals,Under 3.5 Goals,No,Over 0.5 Goals,8/8,betfair_oficial
2026-09-26 18:03,2026-09-26 16:00,KAC Kenitra,Waf Widad Fes,LIQUIDADO,0 - 1,0,1,Waf Widad Fes,Over 0.5 Goals,Under 1.5 Goals,Under 2.5 Goals,Under 3.5 Goals,No,Over 0.5 Goals,8/8,betfair_oficial
2026-09-26 18:08,2026-09-26 16:00,Uruguay Montevideo FC,CA Rentistas,LIQUIDADO,1 - 3,1,3,CA Rentistas,Over 0.5 Goals,Over 1.5 Goals,Over 2.5 Goals,Over 3.5 Goals,Yes,Over 0.5 Goals,8/8,betfair_oficial
2026-09-26 18:08,2026-09-26 16:00,Como (W),AC Milan (W),LIQUIDADO,Any Other Home Win,,,Como (W),Over 0.5 Goals,Over 1.5 Goals,Over 2.5 Goals,Over 3.5 Goals,Yes,Over 0.5 Goals,8/8,betfair_oficial
2026-09-26 18:23,2026-09-26 16:30,Triglav,NK Primorje,LIQUIDADO,1 - 1,1,1,The Draw,Over 0.5 Goals,Over 1.5 Goals,Under 2.5 Goals,Under 3.5 Goals,Yes,Under 0.5 Goals,8/8,betfair_oficial
2026-09-26 18:28,2026-09-26 16:30,Tenerife,Cadiz,LIQUIDADO,1 - 1,1,1,The Draw,Over 0.5 Goals,Over 1.5 Goals,Under 2.5 Goals,Under 3.5 Goals,Yes,Over 0.5 Goals,8/8,betfair_oficial
2026-09-26 18:28,2026-09-26 16:30,Oldham,Salford City,LIQUIDADO,Any Other Away Win,,,Salford City,Over 0.5 Goals,Over 1.5 Goals,Over 2.5 Goals,Over 3.5 Goals,Yes,Over 0.5 Goals,8/8,betfair_oficial
2026-09-26 18:28,2026-09-26 16:30,Celta Vigo B,Sabadell,LIQUIDADO,1 - 1,1,1,The Draw,Over 0.5 Goals,Over 1.5 Goals,Under 2.5 Goals,Under 3.5 Goals,Yes,Over 0.5 Goals,8/8,betfair_oficial
2026-09-26 18:38,2026-09-26 16:30,Madrid (W),Deportivo Alaves (W),LIQUIDADO,1 - 0,1,0,Madrid (W),Over 0.5 Goals,Under 1.5 Goals,Under 2.5 Goals,Under 3.5 Goals,No,Under 0.5 Goals,8/8,betfair_oficial
2026-09-26 18:38,2026-09-26 16:30,Kansas City (W),Denver Summit FC (W),LIQUIDADO,Any Other Home Win,,,Kansas City (W),Over 0.5 Goals,Over 1.5 Goals,Over 2.5 Goals,Over 3.5 Goals,Yes,Over 0.5 Goals,8/8,betfair_oficial
2026-09-26 18:58,2026-09-26 17:00,Tabor Sezana,NK Slovenska Bistrica,LIQUIDADO,1 - 0,1,0,Tabor Sezana,Over 0.5 Goals,Under 1.5 Goals,Under 2.5 Goals,Under 3.5 Goals,No,Over 0.5 Goals,8/8,betfair_oficial
2026-09-26 19:13,2026-09-26 16:00,Olympique Dcheira,Olympique Khouribga,LIQUIDADO,1 - 0,1,0,Olympique Dcheira,Over 0.5 Goals,Under 1.5 Goals,Under 2.5 Goals,Under 3.5 Goals,No,Over 0.5 Goals,8/8,betfair_oficial
2026-09-26 19:33,2026-09-26 17:30,Bulle,Schaffhausen,LIQUIDADO,0 - 1,0,1,Schaffhausen,Over 0.5 Goals,Under 1.5 Goals,Under 2.5 Goals,Under 3.5 Goals,No,Over 0.5 Goals,8/8,betfair_oficial
2026-09-26 19:58,2026-09-26 18:00,Cerro Largo FC,Nacional (Uru),LIQUIDADO,0 - 2,0,2,Nacional (Uru),Over 0.5 Goals,Over 1.5 Goals,Under 2.5 Goals,Under 3.5 Goals,No,Over 0.5 Goals,8/8,betfair_oficial
2026-09-26 19:58,2026-09-26 18:00,FC Volendam,VVV Venlo,LIQUIDADO,3 - 2,3,2,FC Volendam,Over 0.5 Goals,Over 1.5 Goals,Over 2.5 Goals,Over 3.5 Goals,Yes,Over 0.5 Goals,8/8,betfair_oficial
2026-09-26 19:58,2026-09-26 18:00,Oman,Saudi Arabia,LIQUIDADO,0 - 3,0,3,Saudi Arabia,Over 0.5 Goals,Over 1.5 Goals,Over 2.5 Goals,Under 3.5 Goals,No,Over 0.5 Goals,8/8,betfair_oficial
2026-09-26 19:58,2026-09-26 18:00,MVV Maastricht,Helmond Sport,LIQUIDADO,2 - 0,2,0,MVV Maastricht,Over 0.5 Goals,Over 1.5 Goals,Under 2.5 Goals,Under 3.5 Goals,No,Under 0.5 Goals,8/8,betfair_oficial
2026-09-26 19:58,2026-09-26 18:00,Argentino de Merlo,Villa San Carlos,LIQUIDADO,0 - 1,0,1,Villa San Carlos,Over 0.5 Goals,Under 1.5 Goals,Under 2.5 Goals,Under 3.5 Goals,No,Under 0.5 Goals,8/8,betfair_oficial
2026-09-26 19:58,2026-09-26 18:00,Emmen,FC Oss,LIQUIDADO,1 - 0,1,0,Emmen,Over 0.5 Goals,Under 1.5 Goals,Under 2.5 Goals,Under 3.5 Goals,No,Over 0.5 Goals,8/8,betfair_oficial
2026-09-26 19:58,2026-09-26 18:00,Talleres (RE),San Martin de Burzaco,LIQUIDADO,3 - 2,3,2,Talleres (RE),Over 0.5 Goals,Over 1.5 Goals,Over 2.5 Goals,Over 3.5 Goals,Yes,Over 0.5 Goals,8/8,betfair_oficial
2026-09-26 19:58,2026-09-26 18:00,Roda JC,RKC Waalwijk,LIQUIDADO,2 - 0,2,0,Roda JC,Over 0.5 Goals,Over 1.5 Goals,Under 2.5 Goals,Under 3.5 Goals,No,Over 0.5 Goals,8/8,betfair_oficial
2026-09-26 20:03,2026-09-26 18:00,NAC Breda,FC Eindhoven,LIQUIDADO,Any Other Home Win,,,NAC Breda,Over 0.5 Goals,Over 1.5 Goals,Over 2.5 Goals,Over 3.5 Goals,Yes,Over 0.5 Goals,8/8,betfair_oficial
2026-09-26 20:03,2026-09-26 18:00,9 de Octubre,San Antonio FC,LIQUIDADO,3 - 0,3,0,9 de Octubre,Over 0.5 Goals,Over 1.5 Goals,Over 2.5 Goals,Under 3.5 Goals,No,Over 0.5 Goals,8/8,betfair_oficial
2026-09-26 20:08,2026-09-26 18:00,DHJ El Jadida,CODM Meknes,LIQUIDADO,Any Other Away Win,,,CODM Meknes,Over 0.5 Goals,Over 1.5 Goals,Over 2.5 Goals,Over 3.5 Goals,Yes,Over 0.5 Goals,8/8,betfair_oficial
2026-09-26 20:13,2026-09-26 18:06,Queretaro (W),FC Atlas (W),LIQUIDADO,0 - 1,0,1,FC Atlas (W),Over 0.5 Goals,Under 1.5 Goals,Under 2.5 Goals,Under 3.5 Goals,No,Under 0.5 Goals,8/8,betfair_oficial
2026-09-26 20:23,2026-09-26 18:30,Longford,Cork City,LIQUIDADO,2 - 1,2,1,Longford,Over 0.5 Goals,Over 1.5 Goals,Over 2.5 Goals,Under 3.5 Goals,Yes,Over 0.5 Goals,8/8,betfair_oficial
2026-09-26 20:28,2026-09-26 18:30,Deportivo Armenio,Deportivo Merlo,LIQUIDADO,1 - 0,1,0,Deportivo Armenio,Over 0.5 Goals,Under 1.5 Goals,Under 2.5 Goals,Under 3.5 Goals,No,Over 0.5 Goals,8/8,betfair_oficial
2026-09-26 20:33,2026-09-26 17:30,Estudiantes de Caseros,CA San Miguel,LIQUIDADO,2 - 1,2,1,Estudiantes de Caseros,Over 0.5 Goals,Over 1.5 Goals,Over 2.5 Goals,Under 3.5 Goals,Yes,Under 0.5 Goals,8/8,betfair_oficial
2026-09-26 20:33,2026-09-26 18:30,Estudiantes de Caseros,CA San Miguel,LIQUIDADO,2 - 1,2,1,Estudiantes de Caseros,Over 0.5 Goals,Over 1.5 Goals,Over 2.5 Goals,Under 3.5 Goals,Yes,Under 0.5 Goals,8/8,betfair_oficial
2026-09-26 20:43,2026-09-26 18:45,Slovakia,Moldova,LIQUIDADO,2 - 0,2,0,Slovakia,Over 0.5 Goals,Over 1.5 Goals,Under 2.5 Goals,Under 3.5 Goals,No,Over 0.5 Goals,8/8,betfair_oficial
2026-09-26 20:43,2026-09-26 18:45,Czechia,Croatia,LIQUIDADO,1 - 2,1,2,Croatia,Over 0.5 Goals,Over 1.5 Goals,Over 2.5 Goals,Under 3.5 Goals,Yes,Under 0.5 Goals,8/8,betfair_oficial
2026-09-26 20:48,2026-09-26 18:45,England,Spain,LIQUIDADO,2 - 3,2,3,Spain,Over 0.5 Goals,Over 1.5 Goals,Over 2.5 Goals,Over 3.5 Goals,Yes,Over 0.5 Goals,8/8,betfair_oficial
2026-09-26 20:48,2026-09-26 18:45,North Macedonia,Switzerland,LIQUIDADO,0 - 3,0,3,Switzerland,Over 0.5 Goals,Over 1.5 Goals,Over 2.5 Goals,Under 3.5 Goals,No,Over 0.5 Goals,8/8,betfair_oficial
2026-09-26 20:48,2026-09-26 18:45,Albania,Belarus,LIQUIDADO,2 - 0,2,0,Albania,Over 0.5 Goals,Over 1.5 Goals,Under 2.5 Goals,Under 3.5 Goals,No,Over 0.5 Goals,8/8,betfair_oficial
2026-09-26 20:53,2026-09-26 19:00,Queen of South,Rangers B,LIQUIDADO,Any Other Home Win,,,Queen of South,Over 0.5 Goals,Over 1.5 Goals,Over 2.5 Goals,Over 3.5 Goals,Yes,Over 0.5 Goals,8/8,betfair_oficial
2026-09-26 20:58,2026-09-26 19:00,Tigres FC Zipaquira,Real Santander,LIQUIDADO,1 - 1,1,1,The Draw,Over 0.5 Goals,Over 1.5 Goals,Under 2.5 Goals,Under 3.5 Goals,Yes,Under 0.5 Goals,8/8,betfair_oficial
2026-09-26 20:58,2026-09-26 19:00,Ciudad de Bolivar,Chaco For Ever,LIQUIDADO,2 - 1,2,1,Ciudad de Bolivar,Over 0.5 Goals,Over 1.5 Goals,Over 2.5 Goals,Under 3.5 Goals,Yes,Under 0.5 Goals,8/8,betfair_oficial
2026-09-26 21:03,2026-09-26 19:00,All Boys,Colon,LIQUIDADO,0 - 0,0,0,The Draw,Under 0.5 Goals,Under 1.5 Goals,Under 2.5 Goals,Under 3.5 Goals,No,Under 0.5 Goals,8/8,betfair_oficial
2026-09-26 21:03,2026-09-26 19:00,Santiago City,Brujas de Salamanca,LIQUIDADO,1 - 0,1,0,Santiago City,Over 0.5 Goals,Under 1.5 Goals,Under 2.5 Goals,Under 3.5 Goals,No,Over 0.5 Goals,8/8,betfair_oficial
2026-09-26 21:03,2026-09-26 19:00,Quilmes,CA Guemes,LIQUIDADO,2 - 0,2,0,Quilmes,Over 0.5 Goals,Over 1.5 Goals,Under 2.5 Goals,Under 3.5 Goals,No,Over 0.5 Goals,8/8,betfair_oficial
2026-09-26 21:03,2026-09-26 19:00,River Plate (Uru),Colon FC,LIQUIDADO,3 - 0,3,0,River Plate (Uru),Over 0.5 Goals,Over 1.5 Goals,Over 2.5 Goals,Under 3.5 Goals,No,Over 0.5 Goals,8/8,betfair_oficial
2026-09-26 21:18,2026-09-26 19:30,Estudiantes de Caseros,CA San Miguel,LIQUIDADO,2 - 1,2,1,,Over 0.5 Goals,,,,Yes,,3/3,betfair_oficial
2026-09-26 21:28,2026-09-26 19:00,Estudiantes,Rosario Central,LIQUIDADO,1 - 3,1,3,Rosario Central,Over 0.5 Goals,Over 1.5 Goals,Over 2.5 Goals,Over 3.5 Goals,Yes,Over 0.5 Goals,8/8,betfair_oficial
2026-09-26 21:33,2026-09-26 19:30,Rubio Nu,Club 2 de Mayo,LIQUIDADO,2 - 2,2,2,The Draw,Over 0.5 Goals,Over 1.5 Goals,Over 2.5 Goals,Over 3.5 Goals,Yes,Over 0.5 Goals,8/8,betfair_oficial
2026-09-26 21:38,2026-09-26 19:30,Operario PR,Ceara SC Fortaleza,LIQUIDADO,2 - 2,2,2,The Draw,Over 0.5 Goals,Over 1.5 Goals,Over 2.5 Goals,Over 3.5 Goals,Yes,Over 0.5 Goals,8/8,betfair_oficial
2026-09-26 21:38,2026-09-26 19:30,Nautico PE,Sport Recife,LIQUIDADO,3 - 1,3,1,Nautico PE,Over 0.5 Goals,Over 1.5 Goals,Over 2.5 Goals,Over 3.5 Goals,Yes,Over 0.5 Goals,8/8,betfair_oficial
2026-09-26 22:03,2026-09-26 20:00,Botafogo PB,Maringa,LIQUIDADO,0 - 0,0,0,The Draw,Under 0.5 Goals,Under 1.5 Goals,Under 2.5 Goals,Under 3.5 Goals,No,Under 0.5 Goals,8/8,betfair_oficial
2026-09-26 22:08,2026-09-26 20:00,Lota Schwager,Provincial Ovalle FC,LIQUIDADO,1 - 2,1,2,Provincial Ovalle FC,Over 0.5 Goals,Over 1.5 Goals,Over 2.5 Goals,Under 3.5 Goals,Yes,Over 0.5 Goals,8/8,betfair_oficial
2026-09-26 22:08,2026-09-26 20:00,Floresta EC,Santa Cruz PE,LIQUIDADO,1 - 1,1,1,The Draw,Over 0.5 Goals,Over 1.5 Goals,Under 2.5 Goals,Under 3.5 Goals,Yes,Over 0.5 Goals,8/8,betfair_oficial
2026-09-26 22:08,2026-09-26 20:00,HFX Wanderers,Atletico Ottawa,LIQUIDADO,0 - 1,0,1,Atletico Ottawa,Over 0.5 Goals,Under 1.5 Goals,Under 2.5 Goals,Under 3.5 Goals,No,Over 0.5 Goals,8/8,betfair_oficial
2026-09-26 22:13,2026-09-26 20:00,Wydad Casablanca,Widad Temara,LIQUIDADO,1 - 3,1,3,Widad Temara,Over 0.5 Goals,Over 1.5 Goals,Over 2.5 Goals,Over 3.5 Goals,Yes,Over 0.5 Goals,8/8,betfair_oficial
2026-09-26 22:38,2026-09-26 20:30,Nublense,Puerto Montt,LIQUIDADO,2 - 1,2,1,Nublense,Over 0.5 Goals,Over 1.5 Goals,Over 2.5 Goals,Under 3.5 Goals,Yes,Over 0.5 Goals,8/8,betfair_oficial
2026-09-26 22:43,2026-09-26 20:30,USA,Peru,LIQUIDADO,Any Other Home Win,,,USA,Over 0.5 Goals,Over 1.5 Goals,Over 2.5 Goals,Over 3.5 Goals,Yes,Over 0.5 Goals,8/8,betfair_oficial
2026-09-26 22:58,2026-09-26 21:00,Deportivo Pereira,Internacional de Bogotá,LIQUIDADO,0 - 0,0,0,The Draw,Under 0.5 Goals,Under 1.5 Goals,Under 2.5 Goals,Under 3.5 Goals,No,Under 0.5 Goals,8/8,betfair_oficial
2026-09-26 23:03,2026-09-26 21:00,St Vincent & Grenadines,French Guyana,LIQUIDADO,2 - 1,2,1,St Vincent & Grenadines,Over 0.5 Goals,Over 1.5 Goals,Over 2.5 Goals,Under 3.5 Goals,Yes,Over 0.5 Goals,8/8,betfair_oficial
2026-09-26 23:18,2026-09-26 20:00,Consultants Desamparados,AD Aserri,LIQUIDADO,1 - 0,1,0,Consultants Desamparados,Over 0.5 Goals,Under 1.5 Goals,Under 2.5 Goals,Under 3.5 Goals,No,Under 0.5 Goals,8/8,betfair_oficial
2026-09-26 23:28,2026-09-26 21:15,The Strongest,Guabira,LIQUIDADO,2 - 1,2,1,The Strongest,Over 0.5 Goals,Over 1.5 Goals,Over 2.5 Goals,Under 3.5 Goals,Yes,Over 0.5 Goals,8/8,betfair_oficial
2026-09-26 23:28,2026-09-26 21:30,Penarol,Boston River,LIQUIDADO,2 - 1,2,1,Penarol,Over 0.5 Goals,Over 1.5 Goals,Over 2.5 Goals,Under 3.5 Goals,Yes,Over 0.5 Goals,8/8,betfair_oficial
2026-09-26 23:28,2026-09-26 21:30,The Strongest,Guabira,LIQUIDADO,2 - 1,2,1,The Strongest,Over 0.5 Goals,Over 1.5 Goals,Over 2.5 Goals,Under 3.5 Goals,Yes,Over 0.5 Goals,8/8,betfair_oficial
2026-09-26 23:33,2026-09-26 21:30,Goias,Atletico GO,LIQUIDADO,0 - 1,0,1,Atletico Go,Over 0.5 Goals,Under 1.5 Goals,Under 2.5 Goals,Under 3.5 Goals,No,Over 0.5 Goals,8/8,betfair_oficial
2026-09-26 23:58,2026-09-26 22:00,Boca Juniors de Cali,Boyaca Patriotas,LIQUIDADO,Any Other Home Win,,,Boca Juniors de Cali,Over 0.5 Goals,Over 1.5 Goals,Over 2.5 Goals,Over 3.5 Goals,Yes,Over 0.5 Goals,8/8,betfair_oficial
2026-09-27 00:03,2026-09-26 21:00,Deportivo Madryn,CA Central Norte,LIQUIDADO,0 - 0,0,0,The Draw,Under 0.5 Goals,Under 1.5 Goals,Under 2.5 Goals,Under 3.5 Goals,No,Under 0.5 Goals,8/8,betfair_oficial
2026-09-27 00:03,2026-09-26 22:00,Club Oriental de La Paz,Centro Atletico Fenix,LIQUIDADO,3 - 2,3,2,Club Oriental de La Paz,Over 0.5 Goals,Over 1.5 Goals,Over 2.5 Goals,Over 3.5 Goals,Yes,Over 0.5 Goals,8/8,betfair_oficial
2026-09-27 00:03,2026-09-26 22:00,Sportivo Trinidense,Cerro Porteno,LIQUIDADO,2 - 1,2,1,Sportivo Trinidense,Over 0.5 Goals,Over 1.5 Goals,Over 2.5 Goals,Under 3.5 Goals,Yes,Over 0.5 Goals,8/8,betfair_oficial
2026-09-27 00:03,2026-09-26 22:00,Deportivo Madryn,CA Central Norte,LIQUIDADO,0 - 0,0,0,The Draw,Under 0.5 Goals,Under 1.5 Goals,Under 2.5 Goals,Under 3.5 Goals,No,Under 0.5 Goals,8/8,betfair_oficial
2026-09-27 00:28,2026-09-26 22:30,Washington Spirit (W),Angel City FC (W),LIQUIDADO,0 - 1,0,1,Angel City FC (W),Over 0.5 Goals,Under 1.5 Goals,Under 2.5 Goals,Under 3.5 Goals,No,Under 0.5 Goals,8/8,betfair_oficial
2026-09-27 00:38,2026-09-26 22:30,Inter Limeira,Paysandu,LIQUIDADO,2 - 0,2,0,Inter Limeira,Over 0.5 Goals,Over 1.5 Goals,Under 2.5 Goals,Under 3.5 Goals,No,Over 0.5 Goals,8/8,betfair_oficial
2026-09-27 00:53,2026-09-26 22:50,Cruz Azul,Toluca,LIQUIDADO,3 - 3,3,3,The Draw,Over 0.5 Goals,Over 1.5 Goals,Over 2.5 Goals,Over 3.5 Goals,Yes,Over 0.5 Goals,8/8,betfair_oficial
2026-09-27 01:03,2026-09-26 23:00,Antigua And Barbuda,Anguilla,LIQUIDADO,Any Other Home Win,,,Antigua and Barbuda,Over 0.5 Goals,Over 1.5 Goals,Over 2.5 Goals,Over 3.5 Goals,No,Over 0.5 Goals,8/8,betfair_oficial
2026-09-27 01:03,2026-09-26 23:00,CA Colegiales,Chacarita,LIQUIDADO,2 - 1,2,1,CA Colegiales,Over 0.5 Goals,Over 1.5 Goals,Over 2.5 Goals,Under 3.5 Goals,Yes,Over 0.5 Goals,8/8,betfair_oficial
2026-09-27 01:08,2026-09-26 23:00,Univ Catolica (Chile),Union La Calera,LIQUIDADO,0 - 0,0,0,The Draw,Under 0.5 Goals,Under 1.5 Goals,Under 2.5 Goals,Under 3.5 Goals,No,Under 0.5 Goals,8/8,betfair_oficial
2026-09-27 01:13,2026-09-26 23:00,Vancouver FC,Forge,LIQUIDADO,1 - 1,1,1,The Draw,Over 0.5 Goals,Over 1.5 Goals,Under 2.5 Goals,Under 3.5 Goals,Yes,Over 0.5 Goals,8/8,betfair_oficial
2026-09-27 01:13,2026-09-26 23:07,Guadalajara,Queretaro,LIQUIDADO,0 - 2,0,2,Queretaro,Over 0.5 Goals,Over 1.5 Goals,Under 2.5 Goals,Under 3.5 Goals,No,Over 0.5 Goals,8/8,betfair_oficial
2026-09-27 01:18,2026-09-26 23:00,Canada,Chile,LIQUIDADO,1 - 0,1,0,Canada,Over 0.5 Goals,Under 1.5 Goals,Under 2.5 Goals,Under 3.5 Goals,No,Over 0.5 Goals,8/8,betfair_oficial
2026-09-27 01:18,2026-09-26 23:15,Cucuta Deportivo,Llaneros FC,LIQUIDADO,2 - 1,2,1,Cucuta Deportivo,Over 0.5 Goals,Over 1.5 Goals,Over 2.5 Goals,Under 3.5 Goals,Yes,Over 0.5 Goals,8/8,betfair_oficial
2026-09-27 01:18,2026-09-26 23:15,CD Universitario,UMECIT,LIQUIDADO,2 - 1,2,1,CD Universitario,Over 0.5 Goals,Over 1.5 Goals,Over 2.5 Goals,Under 3.5 Goals,Yes,Under 0.5 Goals,8/8,betfair_oficial
2026-09-27 01:18,2026-09-26 23:30,New York Red Bulls,St Louis City SC,LIQUIDADO,,,,,,,,,,,8/8,betfair_oficial
2026-09-27 01:43,2026-09-26 23:30,Charlotte FC,Chicago Fire,LIQUIDADO,0 - 1,0,1,Chicago Fire,Over 0.5 Goals,Under 1.5 Goals,Under 2.5 Goals,Under 3.5 Goals,No,Under 0.5 Goals,8/8,betfair_oficial
2026-09-27 01:43,2026-09-26 23:30,Atlanta Utd,New York City,LIQUIDADO,2 - 2,2,2,The Draw,Over 0.5 Goals,Over 1.5 Goals,Over 2.5 Goals,Over 3.5 Goals,Yes,Over 0.5 Goals,8/8,betfair_oficial
2026-09-27 01:43,2026-09-26 23:30,Philadelphia,Orlando City,LIQUIDADO,Any Other Home Win,,,Philadelphia,Over 0.5 Goals,Over 1.5 Goals,Over 2.5 Goals,Over 3.5 Goals,Yes,Over 0.5 Goals,8/8,betfair_oficial
2026-09-27 01:43,2026-09-26 23:30,CF Montreal,FC Cincinnati,LIQUIDADO,3 - 1,3,1,CF Montreal,Over 0.5 Goals,Over 1.5 Goals,Over 2.5 Goals,Over 3.5 Goals,Yes,Over 0.5 Goals,8/8,betfair_oficial
2026-09-27 03:03,2026-09-27 00:00,Marquense,Malacateco,LIQUIDADO,1 - 0,1,0,Marquense,Over 0.5 Goals,Under 1.5 Goals,Under 2.5 Goals,Under 3.5 Goals,No,Under 0.5 Goals,8/8,betfair_oficial
2026-09-27 03:03,2026-09-27 00:00,Universitario de Vinto,Oriente Petrolero,LIQUIDADO,3 - 0,3,0,Universitario de Vinto,Over 0.5 Goals,Over 1.5 Goals,Over 2.5 Goals,Under 3.5 Goals,No,Over 0.5 Goals,8/8,betfair_oficial
2026-09-27 03:03,2026-09-27 00:00,Internacional Santa Tecla,Atletico Balboa,LIQUIDADO,1 - 1,1,1,The Draw,Over 0.5 Goals,Over 1.5 Goals,Under 2.5 Goals,Under 3.5 Goals,Yes,Over 0.5 Goals,8/8,betfair_oficial
2026-09-27 03:03,2026-09-27 00:00,CD Luis Angel Firpo,CD Aguila,LIQUIDADO,2 - 0,2,0,CD Luis Angel Firpo,Over 0.5 Goals,Over 1.5 Goals,Under 2.5 Goals,Under 3.5 Goals,No,Over 0.5 Goals,8/8,betfair_oficial
2026-09-27 03:03,2026-09-27 00:00,Reynosa,Fresnillo FC,LIQUIDADO,2 - 1,2,1,Reynosa,Over 0.5 Goals,Over 1.5 Goals,Over 2.5 Goals,Under 3.5 Goals,Yes,Over 0.5 Goals,8/8,betfair_oficial
2026-09-27 03:03,2026-09-27 00:00,Halcones Negros,CD San Pedro,LIQUIDADO,Any Other Home Win,,,Halcones Negros,Over 0.5 Goals,Over 1.5 Goals,Over 2.5 Goals,Over 3.5 Goals,No,Over 0.5 Goals,8/8,betfair_oficial
2026-09-27 03:03,2026-09-27 00:30,Nashville SC,Toronto FC,LIQUIDADO,2 - 0,2,0,Nashville SC,Over 0.5 Goals,Over 1.5 Goals,Under 2.5 Goals,Under 3.5 Goals,No,Over 0.5 Goals,8/8,betfair_oficial
2026-09-27 03:03,2026-09-27 00:30,Torque,Deportivo Maldonado,LIQUIDADO,0 - 2,0,2,Deportivo Maldonado,Over 0.5 Goals,Over 1.5 Goals,Under 2.5 Goals,Under 3.5 Goals,No,Under 0.5 Goals,8/8,betfair_oficial
2026-09-27 03:03,2026-09-27 00:30,Seattle Sounders,Minnesota Utd,LIQUIDADO,3 - 1,3,1,Seattle Sounders,Over 0.5 Goals,Over 1.5 Goals,Over 2.5 Goals,Over 3.5 Goals,Yes,Over 0.5 Goals,8/8,betfair_oficial
2026-09-27 03:03,2026-09-27 00:30,Austin FC,San Diego FC,LIQUIDADO,3 - 3,3,3,The Draw,Over 0.5 Goals,Over 1.5 Goals,Over 2.5 Goals,Over 3.5 Goals,Yes,Under 0.5 Goals,8/8,betfair_oficial
2026-09-27 03:03,2026-09-27 00:30,FC Dallas,Los Angeles FC,LIQUIDADO,1 - 0,1,0,FC Dallas,Over 0.5 Goals,Under 1.5 Goals,Under 2.5 Goals,Under 3.5 Goals,No,Over 0.5 Goals,8/8,betfair_oficial
2026-09-27 03:03,2026-09-27 00:30,Houston Dynamo,Kansas City,LIQUIDADO,0 - 2,0,2,Kansas City,Over 0.5 Goals,Over 1.5 Goals,Under 2.5 Goals,Under 3.5 Goals,No,Over 0.5 Goals,8/8,betfair_oficial
2026-09-27 03:03,2026-09-27 00:45,Portland Thorns (W),Houston Dash (W),LIQUIDADO,1 - 1,1,1,The Draw,Over 0.5 Goals,Over 1.5 Goals,Under 2.5 Goals,Under 3.5 Goals,Yes,Over 0.5 Goals,8/8,betfair_oficial
2026-09-27 03:03,2026-09-27 01:00,Mexico,Colombia,LIQUIDADO,1 - 1,1,1,The Draw,Over 0.5 Goals,Over 1.5 Goals,Under 2.5 Goals,Under 3.5 Goals,Yes,Over 0.5 Goals,8/8,betfair_oficial
2026-09-27 03:03,2026-09-27 01:00,Dorados,Alacranes de Durango,LIQUIDADO,0 - 1,0,1,Alacranes de Durango,Over 0.5 Goals,Under 1.5 Goals,Under 2.5 Goals,Under 3.5 Goals,No,Under 0.5 Goals,8/8,betfair_oficial
2026-09-27 03:03,2026-09-27 01:00,Vaqueros Reynosa,Mineros de Fresnillo FC,LIQUIDADO,2 - 1,2,1,Reynosa,Over 0.5 Goals,Over 1.5 Goals,Over 2.5 Goals,Under 3.5 Goals,Yes,Over 0.5 Goals,8/8,betfair_oficial
2026-09-27 03:08,2026-09-27 01:00,Irapuato FC,Lobos,LIQUIDADO,3 - 0,3,0,Irapuato FC,Over 0.5 Goals,Over 1.5 Goals,Over 2.5 Goals,Under 3.5 Goals,No,Over 0.5 Goals,8/8,betfair_oficial
2026-09-27 03:08,2026-09-27 01:06,FC Juarez (W),Club Tijuana (W),LIQUIDADO,Any Other Home Win,,,FC Juarez (W),Over 0.5 Goals,Over 1.5 Goals,Over 2.5 Goals,Over 3.5 Goals,Yes,Over 0.5 Goals,8/8,betfair_oficial
2026-09-27 03:28,2026-09-27 01:20,Junior FC Barranquilla,Ind Medellin,LIQUIDADO,2 - 0,2,0,Junior FC Barranquilla,Over 0.5 Goals,Over 1.5 Goals,Under 2.5 Goals,Under 3.5 Goals,No,Under 0.5 Goals,8/8,betfair_oficial
2026-09-27 03:28,2026-09-27 01:30,Tauro FC,San Francisco FC,LIQUIDADO,1 - 3,1,3,San Francisco FC,Over 0.5 Goals,Over 1.5 Goals,Over 2.5 Goals,Over 3.5 Goals,Yes,Over 0.5 Goals,8/8,betfair_oficial
2026-09-27 03:38,2026-09-27 01:30,Real Salt Lake,New England Revolution,LIQUIDADO,3 - 0,3,0,Real Salt Lake,Over 0.5 Goals,Over 1.5 Goals,Over 2.5 Goals,Under 3.5 Goals,No,Over 0.5 Goals,8/8,betfair_oficial
2026-09-27 03:58,2026-09-27 02:00,Sint Maarten,Belize,LIQUIDADO,0 - 1,0,1,Belize,Over 0.5 Goals,Under 1.5 Goals,Under 2.5 Goals,Under 3.5 Goals,No,Under 0.5 Goals,8/8,betfair_oficial
2026-09-27 04:13,2026-09-27 02:00,AD Isidro Metapan,CD Cacahuatique,LIQUIDADO,2 - 0,2,0,AD Isidro Metapan,Over 0.5 Goals,Over 1.5 Goals,Under 2.5 Goals,Under 3.5 Goals,No,Over 0.5 Goals,8/8,betfair_oficial
2026-09-27 04:28,2026-09-27 02:10,Xelaju,Comunicaciones,LIQUIDADO,2 - 3,2,3,Comunicaciones,Over 0.5 Goals,Over 1.5 Goals,Over 2.5 Goals,Over 3.5 Goals,Yes,Over 0.5 Goals,8/8,betfair_oficial
2026-09-27 04:38,2026-09-27 02:30,San Jose Earthquakes,Portland Timbers,LIQUIDADO,3 - 1,3,1,San Jose Earthquakes,Over 0.5 Goals,Over 1.5 Goals,Over 2.5 Goals,Over 3.5 Goals,Yes,Over 0.5 Goals,8/8,betfair_oficial
2026-09-27 04:43,2026-09-27 02:30,Vancouver Whitecaps,DC Utd,LIQUIDADO,3 - 3,3,3,The Draw,Over 0.5 Goals,Over 1.5 Goals,Over 2.5 Goals,Over 3.5 Goals,Yes,Over 0.5 Goals,8/8,betfair_oficial
2026-09-27 04:43,2026-09-27 02:30,LA Galaxy,Colorado,LIQUIDADO,3 - 2,3,2,LA Galaxy,Over 0.5 Goals,Over 1.5 Goals,Over 2.5 Goals,Over 3.5 Goals,Yes,Over 0.5 Goals,8/8,betfair_oficial
2026-09-27 05:13,2026-09-27 03:10,Tigres,Puebla,LIQUIDADO,1 - 0,1,0,Tigres,Over 0.5 Goals,Under 1.5 Goals,Under 2.5 Goals,Under 3.5 Goals,No,Under 0.5 Goals,8/8,betfair_oficial
2026-09-27 06:03,2026-09-27 04:00,Vanuatu,New Caledonia,LIQUIDADO,Any Other Home Win,,,Vanuatu,Over 0.5 Goals,Over 1.5 Goals,Over 2.5 Goals,Over 3.5 Goals,Yes,Over 0.5 Goals,8/8,betfair_oficial
2026-09-27 06:18,2026-09-27 03:05,Santos Laguna,Pachuca,LIQUIDADO,2 - 0,2,0,Santos Laguna,Over 0.5 Goals,Under 1.5 Goals,Under 2.5 Goals,Under 3.5 Goals,No,Over 0.5 Goals,8/8,betfair_oficial
2026-09-27 06:58,2026-09-27 05:00,Sun Hei SC,Wing Yee,LIQUIDADO,Any Other Home Win,,,Sun Hei SC,Over 0.5 Goals,Over 1.5 Goals,Over 2.5 Goals,Over 3.5 Goals,Yes,Over 0.5 Goals,8/8,betfair_oficial
2026-09-27 07:23,2026-09-27 05:30,Sui Tung,Yau Tsim Mong,LIQUIDADO,2 - 2,2,2,The Draw,Over 0.5 Goals,Over 1.5 Goals,Over 2.5 Goals,Over 3.5 Goals,Yes,Over 0.5 Goals,8/8,betfair_oficial
2026-09-27 07:28,2026-09-27 05:30,Wanchai,Kowloon Cricket Club,LIQUIDADO,2 - 2,2,2,The Draw,Over 0.5 Goals,Over 1.5 Goals,Over 2.5 Goals,Over 3.5 Goals,Yes,Over 0.5 Goals,8/8,betfair_oficial
2026-09-27 07:33,2026-09-27 05:30,WSE,Supreme FC,LIQUIDADO,3 - 1,3,1,WSE,Over 0.5 Goals,Over 1.5 Goals,Over 2.5 Goals,Over 3.5 Goals,Yes,Over 0.5 Goals,8/8,betfair_oficial
2026-09-27 07:33,2026-09-27 05:30,Yuen Long,Tung Sing,LIQUIDADO,2 - 2,2,2,The Draw,Over 0.5 Goals,Over 1.5 Goals,Over 2.5 Goals,Over 3.5 Goals,Yes,Over 0.5 Goals,8/8,betfair_oficial
2026-09-27 07:58,2026-09-27 06:00,Verspah Oita,Azul Claro Numazu,LIQUIDADO,1 - 1,1,1,The Draw,Over 0.5 Goals,Over 1.5 Goals,Under 2.5 Goals,Under 3.5 Goals,Yes,Over 0.5 Goals,8/8,betfair_oficial
2026-09-27 09:03,2026-09-27 07:00,Fiji,Papua New Guinea,LIQUIDADO,2 - 0,2,0,Fiji,Over 0.5 Goals,Over 1.5 Goals,Under 2.5 Goals,Under 3.5 Goals,No,Over 0.5 Goals,8/8,betfair_oficial
2026-09-27 09:08,2026-09-27 07:00,Wong Tai Sin,Tuen Mun SA,LIQUIDADO,3 - 1,3,1,Wong Tai Sin,Over 0.5 Goals,Over 1.5 Goals,Over 2.5 Goals,Over 3.5 Goals,Yes,Over 0.5 Goals,8/8,betfair_oficial
2026-09-27 09:33,2026-09-27 07:30,Fu Moon,Kwong Wah,LIQUIDADO,1 - 1,1,1,The Draw,Over 0.5 Goals,Over 1.5 Goals,Under 2.5 Goals,Under 3.5 Goals,Yes,Over 0.5 Goals,8/8,betfair_oficial
2026-09-27 09:33,2026-09-27 07:30,Central & West,Kui Tan SC,LIQUIDADO,Any Other Home Win,,,Central & West,Over 0.5 Goals,Over 1.5 Goals,Over 2.5 Goals,Over 3.5 Goals,Yes,Over 0.5 Goals,8/8,betfair_oficial
2026-09-27 09:43,2026-09-27 07:30,Citizen,Sham Shui Po,LIQUIDADO,1 - 1,1,1,The Draw,Over 0.5 Goals,Over 1.5 Goals,Under 2.5 Goals,Under 3.5 Goals,Yes,Over 0.5 Goals,8/8,betfair_oficial
2026-09-27 09:58,2026-09-27 08:00,Criacao Shinjuku,Okinawa SV,LIQUIDADO,0 - 3,0,3,Okinawa SV,Over 0.5 Goals,Over 1.5 Goals,Over 2.5 Goals,Under 3.5 Goals,No,Over 0.5 Goals,8/8,betfair_oficial
2026-09-27 09:58,2026-09-27 08:00,FC Ulaanbaatar,Hunters FC,LIQUIDADO,Any Other Home Win,,,FC Ulaanbaatar,Over 0.5 Goals,Over 1.5 Goals,Over 2.5 Goals,Over 3.5 Goals,Yes,Over 0.5 Goals,8/8,betfair_oficial
2026-09-27 10:13,2026-09-27 08:15,MFK Havirov,Unicov,LIQUIDADO,0 - 2,0,2,Unicov,Over 0.5 Goals,Over 1.5 Goals,Under 2.5 Goals,Under 3.5 Goals,No,Over 0.5 Goals,8/8,betfair_oficial
2026-09-27 10:23,2026-09-27 08:30,Malzenice,Tatran Lip Mikulas,LIQUIDADO,1 - 2,1,2,Tatran Lip Mikulas,Over 0.5 Goals,Over 1.5 Goals,Over 2.5 Goals,Under 3.5 Goals,Yes,Over 0.5 Goals,8/8,betfair_oficial
2026-09-27 10:28,2026-09-27 08:30,Slovan Bratislava II,Tatran Presov,LIQUIDADO,2 - 2,2,2,The Draw,Over 0.5 Goals,Over 1.5 Goals,Over 2.5 Goals,Over 3.5 Goals,Yes,Over 0.5 Goals,8/8,betfair_oficial
2026-09-27 10:28,2026-09-27 08:30,Nusantara FC,Sidoarjo,LIQUIDADO,1 - 2,1,2,Sidoarjo,Over 0.5 Goals,Over 1.5 Goals,Over 2.5 Goals,Under 3.5 Goals,Yes,Over 0.5 Goals,8/8,betfair_oficial
2026-09-27 10:58,2026-09-27 09:00,Honda FC,Yokohama SCC,LIQUIDADO,1 - 0,1,0,Honda FC,Over 0.5 Goals,Under 1.5 Goals,Under 2.5 Goals,Under 3.5 Goals,No,Over 0.5 Goals,8/8,betfair_oficial
2026-09-27 10:58,2026-09-27 09:00,FK Metal Kharkiv,FC Chernigiv,LIQUIDADO,2 - 0,2,0,FK Metal Kharkiv,Over 0.5 Goals,Over 1.5 Goals,Under 2.5 Goals,Under 3.5 Goals,No,Under 0.5 Goals,8/8,betfair_oficial
2026-09-27 11:33,2026-09-27 09:30,South China,Dreams Metro,LIQUIDADO,1 - 0,1,0,South China,Over 0.5 Goals,Under 1.5 Goals,Under 2.5 Goals,Under 3.5 Goals,No,Over 0.5 Goals,8/8,betfair_oficial
2026-09-27 11:53,2026-09-27 10:00,Umea FC,FBK Karlstad,LIQUIDADO,1 - 3,1,3,FBK Karlstad,Over 0.5 Goals,Over 1.5 Goals,Over 2.5 Goals,Over 3.5 Goals,Yes,Over 0.5 Goals,8/8,betfair_oficial
2026-09-27 11:58,2026-09-27 10:00,Gangwon,Incheon Utd,LIQUIDADO,0 - 0,0,0,The Draw,Under 0.5 Goals,Under 1.5 Goals,Under 2.5 Goals,Under 3.5 Goals,No,Under 0.5 Goals,8/8,betfair_oficial
2026-09-27 12:08,2026-09-27 10:00,Valencia (W),UDG Tenerife Sur (W),LIQUIDADO,1 - 2,1,2,UDG Tenerife Sur (W),Over 0.5 Goals,Over 1.5 Goals,Over 2.5 Goals,Under 3.5 Goals,Yes,Under 0.5 Goals,8/8,betfair_oficial
2026-09-27 12:08,2026-09-27 10:00,Athletic Bilbao (W),Atletico Madrid (W),LIQUIDADO,3 - 2,3,2,Athletic Bilbao (W),Over 0.5 Goals,Over 1.5 Goals,Over 2.5 Goals,Over 3.5 Goals,Yes,Over 0.5 Goals,8/8,betfair_oficial
2026-09-27 12:08,2026-09-27 10:15,Az Alkmaar (W),Twente (W),LIQUIDADO,Any Other Away Win,,,Twente (W),Over 0.5 Goals,Over 1.5 Goals,Over 2.5 Goals,Over 3.5 Goals,No,Over 0.5 Goals,8/8,betfair_oficial
2026-09-27 12:58,2026-09-27 11:00,Trelleborgs,Angelholms,LIQUIDADO,Any Other Home Win,,,Trelleborgs,Over 0.5 Goals,Over 1.5 Goals,Over 2.5 Goals,Over 3.5 Goals,Yes,Over 0.5 Goals,8/8,betfair_oficial
2026-09-27 12:58,2026-09-27 11:00,Rangers LFC (W),Celtic (W),LIQUIDADO,Any Other Home Win,,,Rangers LFC (W),Over 0.5 Goals,Over 1.5 Goals,Over 2.5 Goals,Over 3.5 Goals,Yes,Over 0.5 Goals,8/8,betfair_oficial
2026-09-27 12:58,2026-09-27 11:00,Naestved,Middelfart,LIQUIDADO,2 - 2,2,2,The Draw,Over 0.5 Goals,Over 1.5 Goals,Over 2.5 Goals,Over 3.5 Goals,Yes,Under 0.5 Goals,8/8,betfair_oficial
2026-09-27 12:58,2026-09-27 11:00,FC Arlanda,Enkopings SK,LIQUIDADO,2 - 0,2,0,FC Arlanda,Over 0.5 Goals,Over 1.5 Goals,Under 2.5 Goals,Under 3.5 Goals,No,Over 0.5 Goals,8/8,betfair_oficial
2026-09-27 12:58,2026-09-27 11:00,Shaanxi Union FC,Dalian Kun City FC,LIQUIDADO,3 - 0,3,0,Shaanxi Union FC,Over 0.5 Goals,Over 1.5 Goals,Over 2.5 Goals,Under 3.5 Goals,No,Over 0.5 Goals,8/8,betfair_oficial
2026-09-27 12:58,2026-09-27 11:00,Eskilsminne,Ariana FC,LIQUIDADO,1 - 2,1,2,Ariana FC,Over 0.5 Goals,Over 1.5 Goals,Over 2.5 Goals,Under 3.5 Goals,Yes,Over 0.5 Goals,8/8,betfair_oficial
2026-09-27 12:58,2026-09-27 11:00,Vihren Sandanski,Nesebar,LIQUIDADO,2 - 0,2,0,Vihren Sandanski,Over 0.5 Goals,Over 1.5 Goals,Under 2.5 Goals,Under 3.5 Goals,No,Under 0.5 Goals,8/8,betfair_oficial
2026-09-27 12:58,2026-09-27 11:00,FC Midtjylland (W),FC Copenhagen (W),LIQUIDADO,2 - 0,2,0,Fc Midtjylland (W),Over 0.5 Goals,Over 1.5 Goals,Under 2.5 Goals,Under 3.5 Goals,No,Over 0.5 Goals,8/8,betfair_oficial
2026-09-27 13:33,2026-09-27 11:35,China,New Zealand,LIQUIDADO,0 - 3,0,3,New Zealand,Over 0.5 Goals,Over 1.5 Goals,Over 2.5 Goals,Under 3.5 Goals,No,Over 0.5 Goals,8/8,betfair_oficial
2026-09-27 13:53,2026-09-27 12:00,Eidsvold Turn,Trygg/Lade,LIQUIDADO,Any Other Home Win,,,Eidsvold Turn,Over 0.5 Goals,Over 1.5 Goals,Over 2.5 Goals,Over 3.5 Goals,Yes,Over 0.5 Goals,8/8,betfair_oficial
2026-09-27 13:58,2026-09-27 12:00,Aberdeen (W),Hibernian (W),LIQUIDADO,0 - 2,0,2,Hibernian (W),Over 0.5 Goals,Over 1.5 Goals,Under 2.5 Goals,Under 3.5 Goals,No,Over 0.5 Goals,8/8,betfair_oficial
2026-09-27 13:58,2026-09-27 12:00,Bekasi City,Psms Medan,LIQUIDADO,0 - 1,0,1,PSMS Medan,Over 0.5 Goals,Under 1.5 Goals,Under 2.5 Goals,Under 3.5 Goals,No,Under 0.5 Goals,8/8,betfair_oficial
2026-09-27 13:58,2026-09-27 12:00,Partick Thistle (W),Montrose FC (W),LIQUIDADO,3 - 2,3,2,Partick Thistle (W),Over 0.5 Goals,Over 1.5 Goals,Over 2.5 Goals,Over 3.5 Goals,Yes,Over 0.5 Goals,8/8,betfair_oficial
2026-09-27 13:58,2026-09-27 12:00,Lorenskog,Skeid,LIQUIDADO,Any Other Home Win,,,Lorenskog,Over 0.5 Goals,Over 1.5 Goals,Over 2.5 Goals,Over 3.5 Goals,Yes,Over 0.5 Goals,8/8,betfair_oficial
2026-09-27 13:58,2026-09-27 12:00,Man Utd (W),West Ham United (W),LIQUIDADO,2 - 1,2,1,Man Utd (W),Over 0.5 Goals,Over 1.5 Goals,Over 2.5 Goals,Under 3.5 Goals,Yes,Over 0.5 Goals,8/8,betfair_oficial
2026-09-27 13:58,2026-09-27 12:00,Sebat SK,Menemen Bld,LIQUIDADO,0 - 1,0,1,Menemen Belediyespor,Over 0.5 Goals,Under 1.5 Goals,Under 2.5 Goals,Under 3.5 Goals,No,Over 0.5 Goals,8/8,betfair_oficial
2026-09-27 14:03,2026-09-27 12:00,Valladolid,Cordoba,LIQUIDADO,3 - 1,3,1,Valladolid,Over 0.5 Goals,Over 1.5 Goals,Over 2.5 Goals,Over 3.5 Goals,Yes,Over 0.5 Goals,8/8,betfair_oficial
2026-09-27 14:08,2026-09-27 12:00,Seychelles,Sri Lanka,LIQUIDADO,0 - 3,0,3,Sri Lanka,Over 0.5 Goals,Over 1.5 Goals,Over 2.5 Goals,Under 3.5 Goals,No,Over 0.5 Goals,8/8,betfair_oficial
2026-09-27 14:23,2026-09-27 12:30,Hapoel Bnei Ein Mahel,Bnei Maghar,LIQUIDADO,Any Other Away Win,,,Bnei Maghar,Over 0.5 Goals,Over 1.5 Goals,Over 2.5 Goals,Over 3.5 Goals,Yes,Over 0.5 Goals,8/8,betfair_oficial
2026-09-27 14:23,2026-09-27 12:30,Eik-Tonsberg,Bjarg,LIQUIDADO,0 - 2,0,2,Bjarg,Over 0.5 Goals,Over 1.5 Goals,Under 2.5 Goals,Under 3.5 Goals,No,Over 0.5 Goals,8/8,betfair_oficial
2026-09-27 14:23,2026-09-27 12:30,Segesta,Karlovac,LIQUIDADO,1 - 1,1,1,The Draw,Over 0.5 Goals,Over 1.5 Goals,Under 2.5 Goals,Under 3.5 Goals,Yes,Over 0.5 Goals,8/8,betfair_oficial
2026-09-27 14:33,2026-09-27 12:30,De Graafschap,Den Bosch,LIQUIDADO,1 - 0,1,0,De Graafschap,Over 0.5 Goals,Under 1.5 Goals,Under 2.5 Goals,Under 3.5 Goals,No,Over 0.5 Goals,8/8,betfair_oficial
2026-09-27 14:53,2026-09-27 13:00,Krsko,NK Bilje,LIQUIDADO,3 - 1,3,1,Krsko,Over 0.5 Goals,Over 1.5 Goals,Over 2.5 Goals,Over 3.5 Goals,Yes,Over 0.5 Goals,8/8,betfair_oficial
2026-09-27 14:58,2026-09-27 13:00,Liverpool (W),Everton (W),LIQUIDADO,2 - 0,2,0,Liverpool (W),Over 0.5 Goals,Over 1.5 Goals,Under 2.5 Goals,Under 3.5 Goals,No,Over 0.5 Goals,8/8,betfair_oficial
2026-09-27 14:58,2026-09-27 13:00,Lithuania,Azerbaijan,LIQUIDADO,1 - 1,1,1,The Draw,Over 0.5 Goals,Over 1.5 Goals,Under 2.5 Goals,Under 3.5 Goals,Yes,Over 0.5 Goals,8/8,betfair_oficial
2026-09-27 14:58,2026-09-27 13:00,Athlitiki Enosi Larissa,PAOK B,LIQUIDADO,1 - 0,1,0,Athlitiki Enosi Larissa,Over 0.5 Goals,Under 1.5 Goals,Under 2.5 Goals,Under 3.5 Goals,No,Over 0.5 Goals,8/8,betfair_oficial
2026-09-27 14:58,2026-09-27 13:00,Tottenham (W),Aston Villa (W),LIQUIDADO,Any Other Home Win,,,Tottenham (W),Over 0.5 Goals,Over 1.5 Goals,Over 2.5 Goals,Over 3.5 Goals,No,Under 0.5 Goals,8/8,betfair_oficial
2026-09-27 14:58,2026-09-27 13:00,Birmingham (W),Crystal Palace (W),LIQUIDADO,3 - 3,3,3,The Draw,Over 0.5 Goals,Over 1.5 Goals,Over 2.5 Goals,Over 3.5 Goals,Yes,Over 0.5 Goals,8/8,betfair_oficial
2026-09-27 15:03,2026-09-27 13:00,Apollon Kalamarias,Anagennisi Karditsas,LIQUIDADO,1 - 0,1,0,Apollon Kalamarias,Over 0.5 Goals,Under 1.5 Goals,Under 2.5 Goals,Under 3.5 Goals,No,Over 0.5 Goals,8/8,betfair_oficial
2026-09-27 15:03,2026-09-27 13:00,Panionios,Zakynthos,LIQUIDADO,1 - 0,1,0,Panionios,Over 0.5 Goals,Under 1.5 Goals,Under 2.5 Goals,Under 3.5 Goals,No,Under 0.5 Goals,8/8,betfair_oficial
2026-09-27 15:08,2026-09-27 13:00,FC Masar,Ittihad El Shorta,LIQUIDADO,1 - 2,1,2,Ittihad El Shorta,Over 0.5 Goals,Over 1.5 Goals,Over 2.5 Goals,Under 3.5 Goals,Yes,Over 0.5 Goals,8/8,betfair_oficial
2026-09-27 15:28,2026-09-27 13:30,Beroe Stara Za,FC Yantra,LIQUIDADO,1 - 0,1,0,Beroe Stara Za,Over 0.5 Goals,Under 1.5 Goals,Under 2.5 Goals,Under 3.5 Goals,No,Under 0.5 Goals,8/8,betfair_oficial
2026-09-27 15:28,2026-09-27 13:30,Polanka,MFK Frydek-Mistek,LIQUIDADO,1 - 0,1,0,Polanka,Over 0.5 Goals,Under 1.5 Goals,Under 2.5 Goals,Under 3.5 Goals,No,Under 0.5 Goals,8/8,betfair_oficial
2026-09-27 15:53,2026-09-27 14:00,Jesenice,NK Dren Vrhnika,LIQUIDADO,Any Other Home Win,,,Jesenice,Over 0.5 Goals,Over 1.5 Goals,Over 2.5 Goals,Over 3.5 Goals,No,Over 0.5 Goals,8/8,betfair_oficial
2026-09-27 15:58,2026-09-27 14:00,KFC Merelbeke,Eupen,LIQUIDADO,0 - 1,0,1,Eupen,Over 0.5 Goals,Under 1.5 Goals,Under 2.5 Goals,Under 3.5 Goals,No,Under 0.5 Goals,8/8,betfair_oficial
2026-09-27 15:58,2026-09-27 14:00,Assyriska FF,Pitea,LIQUIDADO,1 - 2,1,2,Pitea,Over 0.5 Goals,Over 1.5 Goals,Over 2.5 Goals,Under 3.5 Goals,Yes,Over 0.5 Goals,8/8,betfair_oficial
2026-09-27 15:58,2026-09-27 14:00,Chernomorets Bourgas,Montana,LIQUIDADO,2 - 0,2,0,Chernomorets Bourgas,Over 0.5 Goals,Over 1.5 Goals,Under 2.5 Goals,Under 3.5 Goals,No,Over 0.5 Goals,8/8,betfair_oficial
2026-09-27 15:58,2026-09-27 14:00,Central Espanol,Liverpool Montevideo,LIQUIDADO,1 - 2,1,2,Liverpool Montevideo,Over 0.5 Goals,Over 1.5 Goals,Over 2.5 Goals,Under 3.5 Goals,Yes,Over 0.5 Goals,8/8,betfair_oficial
2026-09-27 15:58,2026-09-27 14:00,Bellinzona,Breitenrain,LIQUIDADO,2 - 2,2,2,The Draw,Over 0.5 Goals,Over 1.5 Goals,Over 2.5 Goals,Over 3.5 Goals,Yes,Over 0.5 Goals,8/8,betfair_oficial
2026-09-27 15:58,2026-09-27 14:00,IF Karlstad,Karlbergs BK,LIQUIDADO,1 - 1,1,1,The Draw,Over 0.5 Goals,Over 1.5 Goals,Under 2.5 Goals,Under 3.5 Goals,Yes,Over 0.5 Goals,8/8,betfair_oficial
2026-09-27 15:58,2026-09-27 14:00,Opatija,Vukovar,LIQUIDADO,1 - 0,1,0,Opatija,Over 0.5 Goals,Under 1.5 Goals,Under 2.5 Goals,Under 3.5 Goals,No,Under 0.5 Goals,8/8,betfair_oficial
2026-09-27 15:58,2026-09-27 14:00,Levanger,Grorud IL,LIQUIDADO,0 - 2,0,2,Grorud IL,Over 0.5 Goals,Over 1.5 Goals,Under 2.5 Goals,Under 3.5 Goals,No,Over 0.5 Goals,8/8,betfair_oficial
2026-09-27 15:58,2026-09-27 14:00,NK Croatia Zmijavci,NK Sesvete,LIQUIDADO,2 - 0,2,0,NK Croatia Zmijavci,Over 0.5 Goals,Over 1.5 Goals,Under 2.5 Goals,Under 3.5 Goals,No,Under 0.5 Goals,8/8,betfair_oficial
2026-09-27 15:58,2026-09-27 14:00,Slovan Ljublana,Brezice,LIQUIDADO,1 - 0,1,0,Slovan Ljublana,Over 0.5 Goals,Under 1.5 Goals,Under 2.5 Goals,Under 3.5 Goals,No,Over 0.5 Goals,8/8,betfair_oficial
2026-09-27 15:58,2026-09-27 14:00,Beltinci,Krka,LIQUIDADO,3 - 0,3,0,Beltinci,Over 0.5 Goals,Over 1.5 Goals,Over 2.5 Goals,Under 3.5 Goals,No,Over 0.5 Goals,8/8,betfair_oficial
2026-09-27 16:03,2026-09-27 14:00,Sevilla FC (W),SD Eibar (W),LIQUIDADO,0 - 1,0,1,SD Eibar (W),Over 0.5 Goals,Under 1.5 Goals,Under 2.5 Goals,Under 3.5 Goals,No,Under 0.5 Goals,8/8,betfair_oficial
2026-09-27 16:08,2026-09-27 14:00,Gefle,Vasalunds IF,LIQUIDADO,0 - 1,0,1,Vasalunds IF,Over 0.5 Goals,Under 1.5 Goals,Under 2.5 Goals,Under 3.5 Goals,No,Under 0.5 Goals,8/8,betfair_oficial
2026-09-27 16:08,2026-09-27 14:00,Criciuma,Avai,LIQUIDADO,3 - 0,3,0,Criciuma,Over 0.5 Goals,Over 1.5 Goals,Over 2.5 Goals,Under 3.5 Goals,No,Under 0.5 Goals,8/8,betfair_oficial
2026-09-27 16:23,2026-09-27 14:15,Mallorca,Almeria,LIQUIDADO,0 - 1,0,1,Almeria,Over 0.5 Goals,Under 1.5 Goals,Under 2.5 Goals,Under 3.5 Goals,No,Over 0.5 Goals,8/8,betfair_oficial
2026-09-27 16:33,2026-09-27 14:30,Athlone Town (W),Shelbourne (W),LIQUIDADO,1 - 3,1,3,Shelbourne (W),Over 0.5 Goals,Over 1.5 Goals,Over 2.5 Goals,Over 3.5 Goals,Yes,Over 0.5 Goals,8/8,betfair_oficial
2026-09-27 16:43,2026-09-27 14:45,Heerenveen (W),FC Utrecht (W),LIQUIDADO,2 - 0,2,0,Heerenveen (W),Over 0.5 Goals,Over 1.5 Goals,Under 2.5 Goals,Under 3.5 Goals,No,Over 0.5 Goals,8/8,betfair_oficial
2026-09-27 16:58,2026-09-27 15:00,Motherwell (W),Spartans WFC (W),LIQUIDADO,0 - 2,0,2,Spartans WFC (W),Over 0.5 Goals,Over 1.5 Goals,Under 2.5 Goals,Under 3.5 Goals,No,Under 0.5 Goals,8/8,betfair_oficial
2026-09-27 17:03,2026-09-27 15:00,Asante Kotoko,Aduana FC,LIQUIDADO,0 - 2,0,2,Aduana FC,Over 0.5 Goals,Over 1.5 Goals,Under 2.5 Goals,Under 3.5 Goals,No,Over 0.5 Goals,8/8,betfair_oficial
2026-09-27 17:03,2026-09-27 15:00,Medeama SC,Basake Holy Stars FC,LIQUIDADO,Any Other Home Win,,,Medeama SC,Over 0.5 Goals,Over 1.5 Goals,Over 2.5 Goals,Over 3.5 Goals,Yes,Over 0.5 Goals,8/8,betfair_oficial
2026-09-27 17:08,2026-09-27 15:00,Swedru All Blacks FC,Samartex,LIQUIDADO,1 - 1,1,1,The Draw,Over 0.5 Goals,Over 1.5 Goals,Under 2.5 Goals,Under 3.5 Goals,Yes,Over 0.5 Goals,8/8,betfair_oficial
2026-09-27 17:13,2026-09-27 15:00,Panserraikos,Olympiacos B,LIQUIDADO,Any Other Home Win,,,Panserraikos,Over 0.5 Goals,Over 1.5 Goals,Over 2.5 Goals,Over 3.5 Goals,Yes,Over 0.5 Goals,8/8,betfair_oficial
2026-09-27 17:13,2026-09-27 15:10,Hearts (W),Glasgow City (W),LIQUIDADO,2 - 2,2,2,The Draw,Over 0.5 Goals,Over 1.5 Goals,Over 2.5 Goals,Over 3.5 Goals,Yes,Over 0.5 Goals,8/8,betfair_oficial
2026-09-27 17:28,2026-09-27 15:30,Chelsea (W),Arsenal (W),LIQUIDADO,1 - 0,1,0,Chelsea (W),Over 0.5 Goals,Under 1.5 Goals,Under 2.5 Goals,Under 3.5 Goals,No,Over 0.5 Goals,8/8,betfair_oficial
2026-09-27 17:33,2026-09-27 15:30,Honefoss,Tromsdalen,LIQUIDADO,2 - 1,2,1,Honefoss,Over 0.5 Goals,Over 1.5 Goals,Over 2.5 Goals,Under 3.5 Goals,Yes,Over 0.5 Goals,8/8,betfair_oficial
2026-09-27 17:38,2026-09-27 15:30,Antofagasta,Deportes Iquique,LIQUIDADO,Any Other Home Win,,,Antofagasta,Over 0.5 Goals,Over 1.5 Goals,Over 2.5 Goals,Over 3.5 Goals,Yes,Over 0.5 Goals,8/8,betfair_oficial
2026-09-27 17:58,2026-09-27 15:55,Yemen,Qatar,LIQUIDADO,0 - 1,0,1,Qatar,Over 0.5 Goals,Under 1.5 Goals,Under 2.5 Goals,Under 3.5 Goals,No,Under 0.5 Goals,8/8,betfair_oficial
2026-09-27 17:58,2026-09-27 16:00,Denmark,Wales,LIQUIDADO,2 - 0,2,0,Denmark,Over 0.5 Goals,Over 1.5 Goals,Under 2.5 Goals,Under 3.5 Goals,No,Under 0.5 Goals,8/8,betfair_oficial
2026-09-27 17:58,2026-09-27 16:00,Hebar,Dobrudzha,LIQUIDADO,1 - 2,1,2,Dobrudzha,Over 0.5 Goals,Over 1.5 Goals,Over 2.5 Goals,Under 3.5 Goals,Yes,Over 0.5 Goals,8/8,betfair_oficial
2026-09-27 17:58,2026-09-27 16:00,Gibraltar,Andorra,LIQUIDADO,0 - 0,0,0,The Draw,Under 0.5 Goals,Under 1.5 Goals,Under 2.5 Goals,Under 3.5 Goals,No,Under 0.5 Goals,8/8,betfair_oficial
2026-09-27 17:58,2026-09-27 16:00,Aliaga Futbol AS,Sanliurfaspor,LIQUIDADO,2 - 1,2,1,Aliaga Futbol AS,Over 0.5 Goals,Over 1.5 Goals,Over 2.5 Goals,Under 3.5 Goals,Yes,Under 0.5 Goals,8/8,betfair_oficial
2026-09-27 17:58,2026-09-27 16:00,FC Fratria,Spartak Pleven,LIQUIDADO,3 - 0,3,0,FC Fratria,Over 0.5 Goals,Over 1.5 Goals,Over 2.5 Goals,Under 3.5 Goals,No,Over 0.5 Goals,8/8,betfair_oficial
2026-09-27 17:58,2026-09-27 16:00,Deportivo La Coruna (W),Espanyol (W),LIQUIDADO,1 - 1,1,1,The Draw,Over 0.5 Goals,Over 1.5 Goals,Under 2.5 Goals,Under 3.5 Goals,Yes,Over 0.5 Goals,8/8,betfair_oficial
2026-09-27 17:58,2026-09-27 16:00,Serbia,Netherlands,LIQUIDADO,1 - 2,1,2,Netherlands,Over 0.5 Goals,Over 1.5 Goals,Over 2.5 Goals,Under 3.5 Goals,Yes,Over 0.5 Goals,8/8,betfair_oficial
2026-09-27 17:58,2026-09-27 16:00,Chabab Ben Guerir,CC Riadi Salmi,LIQUIDADO,2 - 0,2,0,Chabab Ben Guerir,Over 0.5 Goals,Over 1.5 Goals,Under 2.5 Goals,Under 3.5 Goals,No,Over 0.5 Goals,8/8,betfair_oficial
2026-09-27 18:03,2026-09-27 16:00,Adana Demirspor,Erbaaspor,LIQUIDADO,0 - 3,0,3,Erbaaspor,Over 0.5 Goals,Over 1.5 Goals,Over 2.5 Goals,Under 3.5 Goals,No,Over 0.5 Goals,8/8,betfair_oficial
2026-09-27 18:03,2026-09-27 16:00,Austria,Kosovo,LIQUIDADO,3 - 1,3,1,Austria,Over 0.5 Goals,Over 1.5 Goals,Over 2.5 Goals,Over 3.5 Goals,Yes,Over 0.5 Goals,8/8,betfair_oficial
2026-09-27 18:08,2026-09-27 16:00,Moghreb Tetouan,RSB Berkane,LIQUIDADO,0 - 0,0,0,The Draw,Under 0.5 Goals,Under 1.5 Goals,Under 2.5 Goals,Under 3.5 Goals,No,Under 0.5 Goals,8/8,betfair_oficial
2026-09-27 18:13,2026-09-27 14:00,Ellas Syros,Pyrgos AFC,LIQUIDADO,0 - 0,0,0,The Draw,Under 0.5 Goals,Under 1.5 Goals,Under 2.5 Goals,Under 3.5 Goals,No,Under 0.5 Goals,8/8,betfair_oficial
2026-09-27 18:18,2026-09-27 16:00,Sakaryaspor,Kutahyaspor,LIQUIDADO,2 - 0,2,0,Sakaryaspor,Over 0.5 Goals,Over 1.5 Goals,Under 2.5 Goals,Under 3.5 Goals,No,Over 0.5 Goals,8/8,betfair_oficial
2026-09-27 18:23,2026-09-27 16:00,Atenas,Plaza Colonia,LIQUIDADO,0 - 0,0,0,The Draw,Under 0.5 Goals,Under 1.5 Goals,Under 2.5 Goals,Under 3.5 Goals,No,Under 0.5 Goals,8/8,betfair_oficial
2026-09-27 18:23,2026-09-27 16:30,Burgos,Eldense,LIQUIDADO,1 - 0,1,0,Burgos,Over 0.5 Goals,Under 1.5 Goals,Under 2.5 Goals,Under 3.5 Goals,No,Over 0.5 Goals,8/8,betfair_oficial
2026-09-27 18:28,2026-09-27 16:30,Eibar,Las Palmas,LIQUIDADO,3 - 2,3,2,Eibar,Over 0.5 Goals,Over 1.5 Goals,Over 2.5 Goals,Over 3.5 Goals,Yes,Over 0.5 Goals,8/8,betfair_oficial
2026-09-27 18:28,2026-09-27 16:30,Cibalia Vinkovci,NK Dugopolje,LIQUIDADO,1 - 0,1,0,Cibalia Vinkovci,Over 0.5 Goals,Under 1.5 Goals,Under 2.5 Goals,Under 3.5 Goals,No,Under 0.5 Goals,8/8,betfair_oficial
2026-09-27 18:28,2026-09-27 16:30,Malta,Liechtenstein,LIQUIDADO,2 - 0,2,0,Malta,Over 0.5 Goals,Over 1.5 Goals,Under 2.5 Goals,Under 3.5 Goals,No,Over 0.5 Goals,8/8,betfair_oficial
2026-09-27 19:58,2026-09-27 18:00,Unión de Santa Fe (W),Boca Juniors (W),LIQUIDADO,0 - 3,0,3,Boca Juniors (W),Over 0.5 Goals,Over 1.5 Goals,Over 2.5 Goals,Under 3.5 Goals,No,Over 0.5 Goals,8/8,betfair_oficial
2026-09-27 19:58,2026-09-27 18:00,Juventud De Las Piedras,Cerro,LIQUIDADO,0 - 0,0,0,The Draw,Under 0.5 Goals,Under 1.5 Goals,Under 2.5 Goals,Under 3.5 Goals,No,Under 0.5 Goals,8/8,betfair_oficial
2026-09-27 20:03,2026-09-26 14:00,Laholms,Aatvidabergs Ff,NAO_LIQUIDADO_30H,,,,,,,,,,,,betfair_oficial
2026-09-27 20:03,2026-09-27 18:00,Pumas UNAM,Atletico San Luis,LIQUIDADO,2 - 3,2,3,Atletico San Luis,Over 0.5 Goals,Over 1.5 Goals,Over 2.5 Goals,Over 3.5 Goals,Yes,Over 0.5 Goals,8/8,betfair_oficial
2026-09-27 20:03,2026-09-27 18:00,Puebla FC (W),Monterrey (W),LIQUIDADO,1 - 2,1,2,Monterrey (W),Over 0.5 Goals,Over 1.5 Goals,Over 2.5 Goals,Under 3.5 Goals,Yes,Under 0.5 Goals,8/8,betfair_oficial
2026-09-27 20:03,2026-09-27 18:00,Deportes Concepcion,Curico Unido,LIQUIDADO,2 - 0,2,0,Deportes Concepcion,Over 0.5 Goals,Over 1.5 Goals,Under 2.5 Goals,Under 3.5 Goals,No,Under 0.5 Goals,8/8,betfair_oficial
2026-09-27 20:03,2026-09-27 18:00,Bahrain,UAE,LIQUIDADO,0 - 3,0,3,UAE,Over 0.5 Goals,Over 1.5 Goals,Over 2.5 Goals,Under 3.5 Goals,No,Over 0.5 Goals,8/8,betfair_oficial
2026-09-27 20:03,2026-09-27 18:00,Sport Boys (Per),Alianza Atletico,LIQUIDADO,Any Other Away Win,,,Alianza Atletico,Over 0.5 Goals,Over 1.5 Goals,Over 2.5 Goals,Over 3.5 Goals,Yes,Over 0.5 Goals,8/8,betfair_oficial
2026-09-27 20:03,2026-09-27 18:00,Quepos Cambute,Municipal Grecia,LIQUIDADO,1 - 0,1,0,Quepos Cambute,Over 0.5 Goals,Under 1.5 Goals,Under 2.5 Goals,Under 3.5 Goals,No,Over 0.5 Goals,8/8,betfair_oficial
2026-09-27 20:03,2026-09-27 18:00,Villa Dalmine,UAI Urquiza,LIQUIDADO,0 - 0,0,0,The Draw,Under 0.5 Goals,Under 1.5 Goals,Under 2.5 Goals,Under 3.5 Goals,No,Under 0.5 Goals,8/8,betfair_oficial
2026-09-27 20:03,2026-09-27 18:00,Argentino de Quilmes,Comunicaciones B Aires,LIQUIDADO,0 - 0,0,0,The Draw,Under 0.5 Goals,Under 1.5 Goals,Under 2.5 Goals,Under 3.5 Goals,No,Under 0.5 Goals,8/8,betfair_oficial
2026-09-27 20:03,2026-09-27 18:00,MAS Maghrib A Fes,Club R Zemamra,LIQUIDADO,2 - 1,2,1,Mas Maghrib A Fes,Over 0.5 Goals,Over 1.5 Goals,Over 2.5 Goals,Under 3.5 Goals,Yes,Under 0.5 Goals,8/8,betfair_oficial
2026-09-27 20:13,2026-09-27 16:00,Ludogorets Razgrad B,Etar,LIQUIDADO,,,,,,,,,,,8/8,betfair_oficial
2026-09-27 20:23,2026-09-27 18:30,Defensores de Belgrano,Ferro Carril Oeste,LIQUIDADO,0 - 1,0,1,Ferro Carril Oeste,Over 0.5 Goals,Under 1.5 Goals,Under 2.5 Goals,Under 3.5 Goals,No,Over 0.5 Goals,8/8,betfair_oficial
2026-09-27 20:33,2026-09-27 18:30,Los Andes,Deportivo Moron,LIQUIDADO,2 - 1,2,1,Los Andes,Over 0.5 Goals,Over 1.5 Goals,Over 2.5 Goals,Under 3.5 Goals,Yes,Over 0.5 Goals,8/8,betfair_oficial
2026-09-27 20:33,2026-09-27 18:30,CA Atlanta,Agropecuario,LIQUIDADO,1 - 0,1,0,CA Atlanta,Over 0.5 Goals,Under 1.5 Goals,Under 2.5 Goals,Under 3.5 Goals,No,Over 0.5 Goals,8/8,betfair_oficial
2026-09-27 20:38,2026-09-27 18:30,Almagro BA,Nueva Chicago,LIQUIDADO,0 - 1,0,1,Nueva Chicago,Over 0.5 Goals,Under 1.5 Goals,Under 2.5 Goals,Under 3.5 Goals,No,Over 0.5 Goals,8/8,betfair_oficial
2026-09-27 20:38,2026-09-27 18:45,Israel,Republic of Ireland,LIQUIDADO,0 - 3,0,3,Republic of Ireland,Over 0.5 Goals,Over 1.5 Goals,Over 2.5 Goals,Under 3.5 Goals,No,Over 0.5 Goals,8/8,betfair_oficial
2026-09-27 20:48,2026-09-27 18:45,Norway,Portugal,LIQUIDADO,1 - 2,1,2,Portugal,Over 0.5 Goals,Over 1.5 Goals,Over 2.5 Goals,Under 3.5 Goals,Yes,Over 0.5 Goals,8/8,betfair_oficial
2026-09-27 20:48,2026-09-27 18:45,Germany,Greece,LIQUIDADO,0 - 1,0,1,Greece,Over 0.5 Goals,Under 1.5 Goals,Under 2.5 Goals,Under 3.5 Goals,No,Under 0.5 Goals,8/8,betfair_oficial
2026-09-27 20:58,2026-09-27 19:00,Envigado,Atletico FC Cali,LIQUIDADO,3 - 0,3,0,Envigado,Over 0.5 Goals,Over 1.5 Goals,Over 2.5 Goals,Under 3.5 Goals,No,Under 0.5 Goals,8/8,betfair_oficial
2026-09-27 21:03,2026-09-27 19:00,Patronato,San Martin de San Juan,LIQUIDADO,3 - 0,3,0,Patronato,Over 0.5 Goals,Over 1.5 Goals,Over 2.5 Goals,Under 3.5 Goals,No,Over 0.5 Goals,8/8,betfair_oficial
2026-09-27 21:03,2026-09-27 19:00,Cerrito,La Luz FC,LIQUIDADO,1 - 2,1,2,La Luz FC,Over 0.5 Goals,Over 1.5 Goals,Over 2.5 Goals,Under 3.5 Goals,Yes,Over 0.5 Goals,8/8,betfair_oficial
2026-09-27 21:03,2026-09-27 19:00,GV San Jose,INDE,LIQUIDADO,1 - 3,1,3,Inde,Over 0.5 Goals,Over 1.5 Goals,Over 2.5 Goals,Over 3.5 Goals,Yes,Under 0.5 Goals,8/8,betfair_oficial
2026-09-27 21:03,2026-09-27 19:00,Club Atletico Mitre,San Telmo,LIQUIDADO,0 - 2,0,2,San Telmo,Over 0.5 Goals,Over 1.5 Goals,Under 2.5 Goals,Under 3.5 Goals,No,Over 0.5 Goals,8/8,betfair_oficial
2026-09-27 21:03,2026-09-27 19:00,CRB,Cuiaba,LIQUIDADO,3 - 0,3,0,CRB,Over 0.5 Goals,Over 1.5 Goals,Over 2.5 Goals,Under 3.5 Goals,No,Over 0.5 Goals,8/8,betfair_oficial
2026-09-27 21:08,2026-09-27 19:00,Coban Imperial,Aurora FC,LIQUIDADO,3 - 2,3,2,Coban Imperial,Over 0.5 Goals,Over 1.5 Goals,Over 2.5 Goals,Over 3.5 Goals,Yes,Over 0.5 Goals,8/8,betfair_oficial
2026-09-27 21:08,2026-09-27 19:00,Oviedo,Sporting Gijon,LIQUIDADO,2 - 0,2,0,Oviedo,Over 0.5 Goals,Over 1.5 Goals,Under 2.5 Goals,Under 3.5 Goals,No,Over 0.5 Goals,8/8,betfair_oficial
2026-09-27 21:18,2026-09-27 19:00,CD Platense (Res),Fuerte San Francisco (Res),LIQUIDADO,2 - 1,2,1,CD Platense (Res),Over 0.5 Goals,Over 1.5 Goals,Over 2.5 Goals,Under 3.5 Goals,Yes,Over 0.5 Goals,8/8,betfair_oficial
2026-09-27 21:28,2026-09-27 18:00,Inter Toronto FC,Pacific,LIQUIDADO,Any Other Away Win,,,Pacific,Over 0.5 Goals,Over 1.5 Goals,Over 2.5 Goals,Over 3.5 Goals,Yes,Over 0.5 Goals,8/8,betfair_oficial
2026-09-27 21:33,2026-09-27 19:00,Guyana,Cayman Islands,LIQUIDADO,2 - 0,2,0,Guyana,Over 0.5 Goals,Over 1.5 Goals,Under 2.5 Goals,Under 3.5 Goals,No,Over 0.5 Goals,8/8,betfair_oficial
2026-09-27 21:33,2026-09-27 19:30,CD Maipu,CA Temperley,LIQUIDADO,1 - 0,1,0,CD MAIPU,Over 0.5 Goals,Under 1.5 Goals,Under 2.5 Goals,Under 3.5 Goals,No,Under 0.5 Goals,8/8,betfair_oficial
2026-09-27 21:38,2026-09-27 19:30,FC Midland,Tristan Suarez,LIQUIDADO,0 - 1,0,1,Tristan Suarez,Over 0.5 Goals,Under 1.5 Goals,Under 2.5 Goals,Under 3.5 Goals,No,Over 0.5 Goals,8/8,betfair_oficial
2026-09-27 21:58,2026-09-27 20:00,Racing Club,Boca Juniors,LIQUIDADO,2 - 3,2,3,Boca Juniors,Over 0.5 Goals,Over 1.5 Goals,Over 2.5 Goals,Over 3.5 Goals,Yes,Over 0.5 Goals,8/8,betfair_oficial
2026-09-27 22:03,2026-09-27 20:00,Deportes Colina,Real San Joaquin,LIQUIDADO,1 - 0,1,0,Deportes Colina,Over 0.5 Goals,Under 1.5 Goals,Under 2.5 Goals,Under 3.5 Goals,No,Under 0.5 Goals,8/8,betfair_oficial
2026-09-27 22:03,2026-09-27 20:00,Kawkab Marrakech,HUSA Agadir,LIQUIDADO,2 - 3,2,3,HUSA Agadir,Over 0.5 Goals,Over 1.5 Goals,Over 2.5 Goals,Over 3.5 Goals,Yes,Over 0.5 Goals,8/8,betfair_oficial
2026-09-27 22:13,2026-09-27 20:14,Asociacion Deportiva Tarma,Sporting Cristal,LIQUIDADO,0 - 1,0,1,Sporting Cristal,Over 0.5 Goals,Under 1.5 Goals,Under 2.5 Goals,Under 3.5 Goals,No,Over 0.5 Goals,8/8,betfair_oficial
2026-09-27 22:23,2026-09-27 20:30,Dunbeholden FC,Mount Pleasant FC,LIQUIDADO,0 - 2,0,2,Mount Pleasant FC,Over 0.5 Goals,Over 1.5 Goals,Under 2.5 Goals,Under 3.5 Goals,No,Over 0.5 Goals,8/8,betfair_oficial
2026-09-27 22:28,2026-09-27 20:00,Racing Cordoba,Godoy Cruz,LIQUIDADO,2 - 2,2,2,The Draw,Over 0.5 Goals,Over 1.5 Goals,Over 2.5 Goals,Over 3.5 Goals,Yes,Over 0.5 Goals,8/8,betfair_oficial
2026-09-27 22:28,2026-09-27 20:30,Portmore Utd,Humble Lions,LIQUIDADO,Any Other Home Win,,,Portmore Utd,Over 0.5 Goals,Over 1.5 Goals,Over 2.5 Goals,Over 3.5 Goals,Yes,Under 0.5 Goals,8/8,betfair_oficial
2026-09-27 22:28,2026-09-27 20:30,Bolivia,Paraguay,LIQUIDADO,0 - 2,0,2,Paraguay,Over 0.5 Goals,Over 1.5 Goals,Under 2.5 Goals,Under 3.5 Goals,No,Over 0.5 Goals,8/8,betfair_oficial
2026-09-27 22:28,2026-09-27 20:30,Tivoli Gardens,Chapelton,LIQUIDADO,1 - 1,1,1,The Draw,Over 0.5 Goals,Over 1.5 Goals,Under 2.5 Goals,Under 3.5 Goals,Yes,Over 0.5 Goals,8/8,betfair_oficial
2026-09-27 22:33,2026-09-27 20:30,Universidad de Chile,Everton De Vina,LIQUIDADO,1 - 1,1,1,The Draw,Over 0.5 Goals,Over 1.5 Goals,Under 2.5 Goals,Under 3.5 Goals,Yes,Over 0.5 Goals,8/8,betfair_oficial
2026-09-27 22:33,2026-09-27 20:30,Cavalier,Arnett Gardens FC,LIQUIDADO,3 - 2,3,2,Cavalier,Over 0.5 Goals,Over 1.5 Goals,Over 2.5 Goals,Over 3.5 Goals,Yes,Over 0.5 Goals,8/8,betfair_oficial
2026-09-27 22:38,2026-09-27 20:30,Molynes United FC,Tru-Juice FC,LIQUIDADO,0 - 1,0,1,Tru-Juice FC,Over 0.5 Goals,Under 1.5 Goals,Under 2.5 Goals,Under 3.5 Goals,No,Under 0.5 Goals,8/8,betfair_oficial
2026-09-27 22:53,2026-09-27 21:00,Union Cocle,Plaza Amador,LIQUIDADO,1 - 2,1,2,Plaza Amador,Over 0.5 Goals,Over 1.5 Goals,Over 2.5 Goals,Under 3.5 Goals,Yes,Over 0.5 Goals,8/8,betfair_oficial
2026-09-27 23:03,2026-09-27 21:00,Defensor Sporting,Danubio,LIQUIDADO,1 - 0,1,0,Defensor Sporting,Over 0.5 Goals,Under 1.5 Goals,Under 2.5 Goals,Under 3.5 Goals,No,Over 0.5 Goals,8/8,betfair_oficial
2026-09-27 23:03,2026-09-27 21:00,A.D. Cofutpa,PFA Santa Cruz,LIQUIDADO,3 - 1,3,1,A.D. Cofutpa,Over 0.5 Goals,Over 1.5 Goals,Over 2.5 Goals,Over 3.5 Goals,Yes,Over 0.5 Goals,8/8,betfair_oficial
2026-09-27 23:03,2026-09-27 21:00,CD Platense,Fuerte San Francisco,LIQUIDADO,0 - 0,0,0,The Draw,Under 0.5 Goals,Under 1.5 Goals,Under 2.5 Goals,Under 3.5 Goals,No,Under 0.5 Goals,8/8,betfair_oficial
2026-09-27 23:03,2026-09-27 21:00,Bay FC (W),Orlando Pride SC (W),LIQUIDADO,1 - 3,1,3,Orlando Pride SC (W),Over 0.5 Goals,Over 1.5 Goals,Over 2.5 Goals,Over 3.5 Goals,Yes,Over 0.5 Goals,8/8,betfair_oficial
2026-09-27 23:03,2026-09-27 21:00,Jaguares de Cordoba,Alianza FC Valledupar,LIQUIDADO,1 - 2,1,2,Alianza FC Valledupar,Over 0.5 Goals,Over 1.5 Goals,Over 2.5 Goals,Under 3.5 Goals,Yes,Over 0.5 Goals,8/8,betfair_oficial
2026-09-27 23:03,2026-09-27 21:00,Deportivo Mixco,Antigua GFC,LIQUIDADO,3 - 1,3,1,Deportivo Mixco,Over 0.5 Goals,Over 1.5 Goals,Over 2.5 Goals,Over 3.5 Goals,Yes,Over 0.5 Goals,8/8,betfair_oficial
2026-09-27 23:08,2026-09-27 21:00,Club Gimnasia y Tiro,Atletico Rafaela,LIQUIDADO,1 - 0,1,0,Club Gimnasia y Tiro,Over 0.5 Goals,Under 1.5 Goals,Under 2.5 Goals,Under 3.5 Goals,No,Over 0.5 Goals,8/8,betfair_oficial
2026-09-27 23:18,2026-09-27 21:00,Alianza FC (SLV),CD Inca,LIQUIDADO,1 - 1,1,1,The Draw,Over 0.5 Goals,Over 1.5 Goals,Under 2.5 Goals,Under 3.5 Goals,Yes,Over 0.5 Goals,8/8,betfair_oficial
2026-09-27 23:18,2026-09-27 21:15,Bolivar,Blooming Santa Cruz,LIQUIDADO,3 - 0,3,0,Bolivar,Over 0.5 Goals,Over 1.5 Goals,Over 2.5 Goals,Under 3.5 Goals,No,Under 0.5 Goals,8/8,betfair_oficial
2026-09-27 23:33,2026-09-27 21:30,Brusque FC,Ferroviaria,LIQUIDADO,1 - 1,1,1,The Draw,Over 0.5 Goals,Over 1.5 Goals,Under 2.5 Goals,Under 3.5 Goals,Yes,Over 0.5 Goals,8/8,betfair_oficial
2026-09-27 23:38,2026-09-27 21:30,Fortaleza EC,Athletic Club,LIQUIDADO,2 - 2,2,2,The Draw,Over 0.5 Goals,Over 1.5 Goals,Over 2.5 Goals,Over 3.5 Goals,Yes,Over 0.5 Goals,8/8,betfair_oficial
2026-09-28 00:03,2026-09-27 22:00,Barranquilla,Real Soacha Cundinamarca FC,LIQUIDADO,0 - 1,0,1,Real Soacha Cundinamarca FC,Over 0.5 Goals,Under 1.5 Goals,Under 2.5 Goals,Under 3.5 Goals,No,Over 0.5 Goals,8/8,betfair_oficial
2026-09-28 00:03,2026-09-27 22:05,Racing United FC,Montego Bay United,LIQUIDADO,0 - 1,0,1,Montego Bay United,Over 0.5 Goals,Under 1.5 Goals,Under 2.5 Goals,Under 3.5 Goals,No,Over 0.5 Goals,8/8,betfair_oficial
2026-09-28 00:58,2026-09-27 23:00,Haiti,Costa Rica,LIQUIDADO,2 - 0,2,0,Haiti,Over 0.5 Goals,Over 1.5 Goals,Under 2.5 Goals,Under 3.5 Goals,No,Over 0.5 Goals,8/8,betfair_oficial
2026-09-28 01:03,2026-09-27 23:00,Club Deportes Santa Cruz,OHiggins,LIQUIDADO,1 - 3,1,3,OHiggins,Over 0.5 Goals,Over 1.5 Goals,Over 2.5 Goals,Over 3.5 Goals,Yes,Over 0.5 Goals,8/8,betfair_oficial
2026-09-28 01:03,2026-09-27 23:00,Huracan del Paso,Miramar Misiones,LIQUIDADO,2 - 1,2,1,Huracan Del Paso,Over 0.5 Goals,Over 1.5 Goals,Over 2.5 Goals,Under 3.5 Goals,Yes,Over 0.5 Goals,8/8,betfair_oficial
2026-09-28 01:03,2026-09-27 23:00,CD Municipal Limeno,CD Fas,LIQUIDADO,1 - 3,1,3,Cd Fas,Over 0.5 Goals,Over 1.5 Goals,Over 2.5 Goals,Over 3.5 Goals,Yes,Under 0.5 Goals,8/8,betfair_oficial
2026-09-28 01:08,2026-09-27 23:05,Fortaleza FC,Tolima,LIQUIDADO,2 - 2,2,2,The Draw,Over 0.5 Goals,Over 1.5 Goals,Over 2.5 Goals,Over 3.5 Goals,Yes,Over 0.5 Goals,8/8,betfair_oficial
2026-09-28 01:13,2026-09-27 23:00,Utah Royals (W),North Carolina (W),LIQUIDADO,2 - 1,2,1,Utah Royals (W),Over 0.5 Goals,Over 1.5 Goals,Over 2.5 Goals,Under 3.5 Goals,Yes,Over 0.5 Goals,8/8,betfair_oficial
2026-09-28 01:13,2026-09-27 23:15,Veraguas FC,Sporting San Miguelito,LIQUIDADO,1 - 1,1,1,The Draw,Over 0.5 Goals,Over 1.5 Goals,Under 2.5 Goals,Under 3.5 Goals,Yes,Over 0.5 Goals,8/8,betfair_oficial
2026-09-28 01:23,2026-09-27 23:00,Columbus,Inter Miami CF,LIQUIDADO,2 - 1,2,1,Columbus,Over 0.5 Goals,Over 1.5 Goals,Over 2.5 Goals,Under 3.5 Goals,Yes,Over 0.5 Goals,8/8,betfair_oficial
2026-09-28 01:43,2026-09-27 23:30,Real Tomayapo,CDT Real Oruro,LIQUIDADO,2 - 1,2,1,Real Tomayapo,Over 0.5 Goals,Over 1.5 Goals,Over 2.5 Goals,Under 3.5 Goals,Yes,Over 0.5 Goals,8/8,betfair_oficial
2026-09-28 01:53,2026-09-28 00:00,Curacao,Nicaragua,LIQUIDADO,Any Other Home Win,,,Curacao,Over 0.5 Goals,Over 1.5 Goals,Over 2.5 Goals,Over 3.5 Goals,Yes,Over 0.5 Goals,8/8,betfair_oficial
2026-09-28 01:58,2026-09-28 00:00,Dominica,Puerto Rico,LIQUIDADO,0 - 2,0,2,Puerto Rico,Over 0.5 Goals,Over 1.5 Goals,Under 2.5 Goals,Under 3.5 Goals,No,Over 0.5 Goals,8/8,betfair_oficial
2026-09-28 03:03,2026-09-27 23:00,Tapatio,CD Tepatitlan De Morelos,LIQUIDADO,,,,,,,,,,,8/8,betfair_oficial
2026-09-28 03:03,2026-09-28 00:00,Gimnasia Jujuy,San Martin de Tucuman,LIQUIDADO,2 - 2,2,2,The Draw,Over 0.5 Goals,Over 1.5 Goals,Over 2.5 Goals,Over 3.5 Goals,Yes,Over 0.5 Goals,8/8,betfair_oficial
2026-09-28 03:03,2026-09-28 00:06,Tigres (W),Atletico San Luis (W),LIQUIDADO,1 - 1,1,1,The Draw,Over 0.5 Goals,Over 1.5 Goals,Under 2.5 Goals,Under 3.5 Goals,Yes,Over 0.5 Goals,8/8,betfair_oficial
2026-09-28 03:03,2026-09-28 01:00,Waterhouse FC,Treasure Beach FC,LIQUIDADO,2 - 0,2,0,Waterhouse FC,Over 0.5 Goals,Over 1.5 Goals,Under 2.5 Goals,Under 3.5 Goals,No,Over 0.5 Goals,8/8,betfair_oficial
2026-09-28 03:03,2026-09-28 01:00,Trinidad & Tobago,Dominican Republic,LIQUIDADO,1 - 2,1,2,Dominican Republic,Over 0.5 Goals,Over 1.5 Goals,Over 2.5 Goals,Under 3.5 Goals,Yes,Over 0.5 Goals,8/8,betfair_oficial
2026-09-28 03:08,2026-09-28 01:10,Deportivo Cali,Aguilas Doradas,LIQUIDADO,2 - 0,2,0,Deportivo Cali,Over 0.5 Goals,Over 1.5 Goals,Under 2.5 Goals,Under 3.5 Goals,No,Over 0.5 Goals,8/8,betfair_oficial
2026-09-28 03:18,2026-09-28 01:00,Leon,FC Juarez,LIQUIDADO,2 - 1,2,1,Leon,Over 0.5 Goals,Over 1.5 Goals,Over 2.5 Goals,Under 3.5 Goals,Yes,Under 0.5 Goals,8/8,betfair_oficial
2026-09-28 05:03,2026-09-26 23:00,Deportivo Madryn,CA Central Norte,NAO_LIQUIDADO_30H,,,,,,,,,,,,betfair_oficial
2026-09-28 05:18,2026-09-28 03:10,Necaxa,CF America,LIQUIDADO,Any Other Away Win,,,CF America,Over 0.5 Goals,Over 1.5 Goals,Over 2.5 Goals,Over 3.5 Goals,Yes,Over 0.5 Goals,8/8,betfair_oficial
2026-09-28 10:08,2026-09-28 08:00,FC Agniputhra,Parikrma,LIQUIDADO,2 - 0,2,0,FC Agniputhra,Over 0.5 Goals,Over 1.5 Goals,Under 2.5 Goals,Under 3.5 Goals,No,Over 0.5 Goals,8/8,betfair_oficial
2026-09-28 10:53,2026-09-28 09:00,Tensung FC,RTC FC,LIQUIDADO,Any Other Away Win,,,RTC FC,Over 0.5 Goals,Over 1.5 Goals,Over 2.5 Goals,Over 3.5 Goals,Yes,Over 0.5 Goals,8/8,betfair_oficial
2026-09-28 11:28,2026-09-28 09:30,Sawmer SC,Nongkseh SCC,LIQUIDADO,0 - 3,0,3,Nongkseh SCC,Over 0.5 Goals,Over 1.5 Goals,Over 2.5 Goals,Under 3.5 Goals,No,Over 0.5 Goals,8/8,betfair_oficial
2026-09-28 11:58,2026-09-28 10:00,Zhytomyr 2,FC Kolos Kovalivka 2,LIQUIDADO,0 - 3,0,3,FC Kolos Kovalivka 2,Over 0.5 Goals,Over 1.5 Goals,Over 2.5 Goals,Under 3.5 Goals,No,Over 0.5 Goals,8/8,betfair_oficial
2026-09-28 12:28,2026-09-28 10:25,Japan,Venezuela,LIQUIDADO,2 - 1,2,1,Japan,Over 0.5 Goals,Over 1.5 Goals,Over 2.5 Goals,Under 3.5 Goals,Yes,Under 0.5 Goals,8/8,betfair_oficial
2026-09-28 12:33,2026-09-28 10:30,Stride Sports FC,HAL SC Bangalore,LIQUIDADO,1 - 1,1,1,The Draw,Over 0.5 Goals,Over 1.5 Goals,Under 2.5 Goals,Under 3.5 Goals,Yes,Over 0.5 Goals,8/8,betfair_oficial
2026-09-28 13:13,2026-09-28 11:00,South Korea,Uruguay,LIQUIDADO,Any Other Away Win,,,Uruguay,Over 0.5 Goals,Over 1.5 Goals,Over 2.5 Goals,Over 3.5 Goals,Yes,Over 0.5 Goals,8/8,betfair_oficial
2026-09-28 14:03,2026-09-28 12:00,Kenya U23,Tanzania U23,LIQUIDADO,Any Other Home Win,,,Kenya U23,Over 0.5 Goals,Over 1.5 Goals,Over 2.5 Goals,Over 3.5 Goals,Yes,Over 0.5 Goals,8/8,betfair_oficial
2026-09-28 14:38,2026-09-28 12:30,Malaysia,Indonesia,LIQUIDADO,0 - 0,0,0,The Draw,Under 0.5 Goals,Under 1.5 Goals,Under 2.5 Goals,Under 3.5 Goals,No,Under 0.5 Goals,8/8,betfair_oficial
2026-09-28 14:53,2026-09-28 13:00,FK Graficar,FK Teleoptik Zemun,LIQUIDADO,Any Other Home Win,,,FK Graficar,Over 0.5 Goals,Over 1.5 Goals,Over 2.5 Goals,Over 3.5 Goals,Yes,Over 0.5 Goals,8/8,betfair_oficial
2026-09-28 14:53,2026-09-28 13:00,Kallithea,Asteras Tripolis II,LIQUIDADO,2 - 0,2,0,Kallithea,Over 0.5 Goals,Over 1.5 Goals,Under 2.5 Goals,Under 3.5 Goals,No,Under 0.5 Goals,8/8,betfair_oficial
2026-09-28 14:58,2026-09-28 13:00,Marko,Panthrakikos,LIQUIDADO,2 - 1,2,1,Marko,Over 0.5 Goals,Over 1.5 Goals,Over 2.5 Goals,Under 3.5 Goals,Yes,Over 0.5 Goals,8/8,betfair_oficial
2026-09-28 16:03,2026-09-28 14:00,Kyrgyzstan,Republic of Maldives,LIQUIDADO,Any Other Home Win,,,Kyrgyzstan,Over 0.5 Goals,Over 1.5 Goals,Over 2.5 Goals,Over 3.5 Goals,No,Over 0.5 Goals,8/8,betfair_oficial
2026-09-28 16:28,2026-09-28 14:40,Al-Ittifaq Maqaba,Al Oruba,LIQUIDADO,,,,,,,,,,,8/8,betfair_oficial
2026-09-28 16:48,2026-09-28 14:40,Al-Arabi Umm Quwain,Al-Thaid,LIQUIDADO,2 - 0,2,0,Al-Arabi Umm Quwain,Over 0.5 Goals,Over 1.5 Goals,Under 2.5 Goals,Under 3.5 Goals,No,Over 0.5 Goals,8/8,betfair_oficial
2026-09-28 16:53,2026-09-28 15:00,MSK Zilina II,FK Humenne,LIQUIDADO,0 - 0,0,0,The Draw,Under 0.5 Goals,Under 1.5 Goals,Under 2.5 Goals,Under 3.5 Goals,No,Under 0.5 Goals,8/8,betfair_oficial
2026-09-28 17:03,2026-09-28 15:00,Al Kharitiyath,Al-Wakra,LIQUIDADO,1 - 1,1,1,The Draw,Over 0.5 Goals,Over 1.5 Goals,Under 2.5 Goals,Under 3.5 Goals,Yes,Over 0.5 Goals,8/8,betfair_oficial
2026-09-28 17:18,2026-09-28 14:40,AL-Ittifaq,Al Oruba,LIQUIDADO,1 - 2,1,2,Al Oruba,Over 0.5 Goals,Over 1.5 Goals,Over 2.5 Goals,Under 3.5 Goals,Yes,Over 0.5 Goals,8/8,betfair_oficial
2026-09-28 17:54,2026-09-28 16:00,Hapoel Kfar Saba,Bnei Yehuda,LIQUIDADO,1 - 2,1,2,Bnei Yehuda,Over 0.5 Goals,Over 1.5 Goals,Over 2.5 Goals,Under 3.5 Goals,Yes,Over 0.5 Goals,8/8,betfair_oficial
2026-09-28 17:54,2026-09-28 16:00,FK Proleter Zrenjanin,FK Jedinstvo Ub,LIQUIDADO,3 - 0,3,0,FK Proleter Zrenjanin,Over 0.5 Goals,Over 1.5 Goals,Over 2.5 Goals,Under 3.5 Goals,No,Over 0.5 Goals,8/8,betfair_oficial
2026-09-28 17:54,2026-09-28 16:00,FK Bor 1919,Metalac Gornji Milanovac,LIQUIDADO,0 - 2,0,2,Metalac Gornji Milanovac,Over 0.5 Goals,Over 1.5 Goals,Under 2.5 Goals,Under 3.5 Goals,No,Over 0.5 Goals,8/8,betfair_oficial
2026-09-28 17:54,2026-09-28 16:00,Latvia,Cyprus,LIQUIDADO,0 - 0,0,0,The Draw,Under 0.5 Goals,Under 1.5 Goals,Under 2.5 Goals,Under 3.5 Goals,No,Under 0.5 Goals,8/8,betfair_oficial
2026-09-28 17:54,2026-09-28 16:00,Armenia,Montenegro,LIQUIDADO,2 - 3,2,3,Montenegro,Over 0.5 Goals,Over 1.5 Goals,Over 2.5 Goals,Over 3.5 Goals,Yes,Over 0.5 Goals,8/8,betfair_oficial
2026-09-28 17:59,2026-09-28 16:00,Equatorial Guinea,Sierra Leone,LIQUIDADO,1 - 0,1,0,Equatorial Guinea,Over 0.5 Goals,Under 1.5 Goals,Under 2.5 Goals,Under 3.5 Goals,No,Over 0.5 Goals,8/8,betfair_oficial
2026-09-28 17:59,2026-09-28 16:00,Hapoel Kfar Shelem,Maccabi Kabilio Jaffa,LIQUIDADO,3 - 1,3,1,Hapoel Kfar Shelem,Over 0.5 Goals,Over 1.5 Goals,Over 2.5 Goals,Over 3.5 Goals,Yes,Over 0.5 Goals,8/8,betfair_oficial
2026-09-28 17:59,2026-09-28 16:00,FC Maccabi Kiryat Gat Dudu,MS Kfar Kasem,LIQUIDADO,0 - 1,0,1,MS Kfar Kasem,Over 0.5 Goals,Under 1.5 Goals,Under 2.5 Goals,Under 3.5 Goals,No,Under 0.5 Goals,8/8,betfair_oficial
2026-09-28 17:59,2026-09-28 16:00,FK Dubocica,FK Javor Ivanjica,LIQUIDADO,1 - 1,1,1,The Draw,Over 0.5 Goals,Over 1.5 Goals,Under 2.5 Goals,Under 3.5 Goals,Yes,Over 0.5 Goals,8/8,betfair_oficial
2026-09-28 18:04,2026-09-28 16:00,Georgia,Ukraine,LIQUIDADO,0 - 0,0,0,The Draw,Under 0.5 Goals,Under 1.5 Goals,Under 2.5 Goals,Under 3.5 Goals,No,Under 0.5 Goals,8/8,betfair_oficial
2026-09-28 18:04,2026-09-28 16:00,Central African Republic,Burkina Faso,LIQUIDADO,0 - 1,0,1,Burkina Faso,Over 0.5 Goals,Under 1.5 Goals,Under 2.5 Goals,Under 3.5 Goals,No,Under 0.5 Goals,8/8,betfair_oficial
2026-09-28 18:09,2026-09-28 16:00,Zimbabwe,DR Congo,LIQUIDADO,1 - 2,1,2,DR Congo,Over 0.5 Goals,Over 1.5 Goals,Over 2.5 Goals,Under 3.5 Goals,Yes,Over 0.5 Goals,8/8,betfair_oficial
2026-09-28 18:44,2026-09-28 16:45,Maccabi Bnei Raina,Hapoel Raanana,LIQUIDADO,1 - 2,1,2,Hapoel Raanana,Over 0.5 Goals,Over 1.5 Goals,Over 2.5 Goals,Under 3.5 Goals,Yes,Over 0.5 Goals,8/8,betfair_oficial
2026-09-28 18:59,2026-09-28 17:00,Mauritania U23,DR Congo U23,LIQUIDADO,1 - 0,1,0,Mauritania U23,Over 0.5 Goals,Under 1.5 Goals,Under 2.5 Goals,Under 3.5 Goals,No,Over 0.5 Goals,8/8,betfair_oficial
2026-09-28 19:04,2026-09-28 17:00,Rudar,Dravinja Kostroj,LIQUIDADO,3 - 1,3,1,Rudar,Over 0.5 Goals,Over 1.5 Goals,Over 2.5 Goals,Over 3.5 Goals,Yes,Over 0.5 Goals,8/8,betfair_oficial
2026-09-28 19:14,2026-09-28 17:15,Al Shahaniya,Al-Duhail SC,LIQUIDADO,1 - 3,1,3,Al-Duhail SC,Over 0.5 Goals,Over 1.5 Goals,Over 2.5 Goals,Over 3.5 Goals,Yes,Over 0.5 Goals,8/8,betfair_oficial
2026-09-28 19:19,2026-09-28 17:15,Al Sailiya,Al Rayyan,LIQUIDADO,1 - 1,1,1,The Draw,Over 0.5 Goals,Over 1.5 Goals,Under 2.5 Goals,Under 3.5 Goals,Yes,Under 0.5 Goals,8/8,betfair_oficial
2026-09-28 19:59,2026-09-28 18:00,FK Loznica,FK Spartak,LIQUIDADO,2 - 0,2,0,FK Loznica,Over 0.5 Goals,Over 1.5 Goals,Under 2.5 Goals,Under 3.5 Goals,No,Over 0.5 Goals,8/8,betfair_oficial
2026-09-28 20:04,2026-09-28 18:00,Leones de Rosario,Club Lujan,LIQUIDADO,0 - 1,0,1,Club Lujan,Over 0.5 Goals,Under 1.5 Goals,Under 2.5 Goals,Under 3.5 Goals,No,Under 0.5 Goals,8/8,betfair_oficial
2026-09-28 20:04,2026-09-28 18:00,Justo Jose de Urquiza,Leandro N Alem,LIQUIDADO,1 - 2,1,2,Leandro N Alem,Over 0.5 Goals,Over 1.5 Goals,Over 2.5 Goals,Under 3.5 Goals,Yes,Over 0.5 Goals,8/8,betfair_oficial
2026-09-28 20:04,2026-09-28 18:00,CSR Espanol BA,CD Cambaceres,LIQUIDADO,2 - 0,2,0,CSR Espanol BA,Over 0.5 Goals,Over 1.5 Goals,Under 2.5 Goals,Under 3.5 Goals,No,Over 0.5 Goals,8/8,betfair_oficial
2026-09-28 20:09,2026-09-28 18:00,Flandria,CS Dock Sud,LIQUIDADO,1 - 2,1,2,CS Dock Sud,Over 0.5 Goals,Over 1.5 Goals,Over 2.5 Goals,Under 3.5 Goals,Yes,Under 0.5 Goals,8/8,betfair_oficial
2026-09-28 20:34,2026-09-28 18:30,Leganes,CD Castellon,LIQUIDADO,0 - 2,0,2,CD Castellon,Over 0.5 Goals,Over 1.5 Goals,Under 2.5 Goals,Under 3.5 Goals,No,Over 0.5 Goals,8/8,betfair_oficial
2026-09-28 20:39,2026-09-28 18:45,Romania,Bosnia,LIQUIDADO,Any Other Away Win,,,Bosnia,Over 0.5 Goals,Over 1.5 Goals,Over 2.5 Goals,Over 3.5 Goals,Yes,Over 0.5 Goals,8/8,betfair_oficial
2026-09-28 20:44,2026-09-28 18:45,Türkiye,Italy,LIQUIDADO,Any Other Away Win,,,Italy,Over 0.5 Goals,Over 1.5 Goals,Over 2.5 Goals,Over 3.5 Goals,Yes,Over 0.5 Goals,8/8,betfair_oficial
2026-09-28 20:44,2026-09-28 18:45,Northern Ireland,Hungary,LIQUIDADO,0 - 0,0,0,The Draw,Under 0.5 Goals,Under 1.5 Goals,Under 2.5 Goals,Under 3.5 Goals,No,Under 0.5 Goals,8/8,betfair_oficial
2026-09-28 20:44,2026-09-28 18:45,Sweden,Poland,LIQUIDADO,3 - 1,3,1,Sweden,Over 0.5 Goals,Over 1.5 Goals,Over 2.5 Goals,Over 3.5 Goals,Yes,Over 0.5 Goals,8/8,betfair_oficial
2026-09-28 20:49,2026-09-28 18:45,Belgium,France,LIQUIDADO,0 - 1,0,1,France,Over 0.5 Goals,Under 1.5 Goals,Under 2.5 Goals,Under 3.5 Goals,No,Under 0.5 Goals,8/8,betfair_oficial
2026-09-28 20:59,2026-09-28 19:00,Guadeloupe,Barbados,LIQUIDADO,2 - 2,2,2,The Draw,Over 0.5 Goals,Over 1.5 Goals,Over 2.5 Goals,Over 3.5 Goals,Yes,Under 0.5 Goals,8/8,betfair_oficial
2026-09-28 21:09,2026-09-28 19:00,Tunisia,Botswana,LIQUIDADO,2 - 2,2,2,The Draw,Over 0.5 Goals,Over 1.5 Goals,Over 2.5 Goals,Over 3.5 Goals,Yes,Over 0.5 Goals,8/8,betfair_oficial
2026-09-28 22:04,2026-09-28 20:00,Sportivo San Lorenzo,Deportivo Recoleta,LIQUIDADO,0 - 0,0,0,The Draw,Under 0.5 Goals,Under 1.5 Goals,Under 2.5 Goals,Under 3.5 Goals,No,Under 0.5 Goals,8/8,betfair_oficial
2026-09-28 22:34,2026-09-28 20:30,Independiente Yumbo,Orsomarso,LIQUIDADO,Any Other Home Win,,,Independiente Yumbo,Over 0.5 Goals,Over 1.5 Goals,Over 2.5 Goals,Over 3.5 Goals,Yes,Over 0.5 Goals,8/8,betfair_oficial
2026-09-28 22:59,2026-09-28 21:00,Cuba,Bonaire,LIQUIDADO,2 - 0,2,0,Cuba,Over 0.5 Goals,Over 1.5 Goals,Under 2.5 Goals,Under 3.5 Goals,No,Over 0.5 Goals,8/8,betfair_oficial
2026-09-28 22:59,2026-09-28 21:00,Internacional de Palmira,Leones FC,LIQUIDADO,1 - 0,1,0,Internacional de Palmira,Over 0.5 Goals,Under 1.5 Goals,Under 2.5 Goals,Under 3.5 Goals,No,Over 0.5 Goals,8/8,betfair_oficial
2026-09-28 23:59,2026-09-28 22:00,Suriname,Martinique,LIQUIDADO,2 - 1,2,1,Suriname,Over 0.5 Goals,Over 1.5 Goals,Over 2.5 Goals,Under 3.5 Goals,Yes,Under 0.5 Goals,8/8,betfair_oficial
2026-09-28 23:59,2026-09-28 22:00,Paysandu FC,Tacuarembo,LIQUIDADO,2 - 2,2,2,The Draw,Over 0.5 Goals,Over 1.5 Goals,Over 2.5 Goals,Over 3.5 Goals,Yes,Over 0.5 Goals,8/8,betfair_oficial
2026-09-29 00:19,2026-09-28 22:15,Libertad,Olimpia,LIQUIDADO,0 - 1,0,1,Olimpia,Over 0.5 Goals,Under 1.5 Goals,Under 2.5 Goals,Under 3.5 Goals,No,Over 0.5 Goals,8/8,betfair_oficial
2026-09-29 00:34,2026-09-28 22:30,America MG,Juventude,LIQUIDADO,0 - 1,0,1,Juventude,Over 0.5 Goals,Under 1.5 Goals,Under 2.5 Goals,Under 3.5 Goals,No,Under 0.5 Goals,8/8,betfair_oficial
2026-09-29 00:59,2026-09-28 23:00,Quindio,Bogota,LIQUIDADO,1 - 0,1,0,Quindio,Over 0.5 Goals,Under 1.5 Goals,Under 2.5 Goals,Under 3.5 Goals,No,Under 0.5 Goals,8/8,betfair_oficial
2026-09-29 00:59,2026-09-28 23:00,Wanderers (Uru),Albion FC,LIQUIDADO,2 - 1,2,1,Wanderers (Uru),Over 0.5 Goals,Over 1.5 Goals,Over 2.5 Goals,Under 3.5 Goals,Yes,Over 0.5 Goals,8/8,betfair_oficial
2026-09-29 01:04,2026-09-28 23:00,Club Leon FC (W),CF America (W),LIQUIDADO,Any Other Away Win,,,CF America (W),Over 0.5 Goals,Over 1.5 Goals,Over 2.5 Goals,Over 3.5 Goals,No,Over 0.5 Goals,8/8,betfair_oficial
2026-09-29 01:59,2026-09-29 00:00,St Lucia,Bermuda,LIQUIDADO,Any Other Home Win,,,St Lucia,Over 0.5 Goals,Over 1.5 Goals,Over 2.5 Goals,Over 3.5 Goals,Yes,Over 0.5 Goals,8/8,betfair_oficial
2026-09-29 01:59,2026-09-29 00:00,Jamaica,Honduras,LIQUIDADO,0 - 1,0,1,Honduras,Over 0.5 Goals,Under 1.5 Goals,Under 2.5 Goals,Under 3.5 Goals,No,Over 0.5 Goals,8/8,betfair_oficial
2026-09-29 01:59,2026-09-29 00:00,St Kitts & Nevis,Grenada,LIQUIDADO,3 - 0,3,0,St Kitts & Nevis,Over 0.5 Goals,Over 1.5 Goals,Over 2.5 Goals,Under 3.5 Goals,No,Over 0.5 Goals,8/8,betfair_oficial
2026-09-29 03:04,2026-09-29 01:00,Alianza FC (Pan),Atletico Independiente,LIQUIDADO,2 - 0,2,0,Alianza FC (Pan),Over 0.5 Goals,Over 1.5 Goals,Under 2.5 Goals,Under 3.5 Goals,No,Under 0.5 Goals,8/8,betfair_oficial
2026-09-29 03:04,2026-09-29 01:00,AD Cariari Pococi,Uruguay de Coronado,LIQUIDADO,1 - 1,1,1,The Draw,Over 0.5 Goals,Over 1.5 Goals,Under 2.5 Goals,Under 3.5 Goals,Yes,Over 0.5 Goals,8/8,betfair_oficial
2026-09-29 03:09,2026-09-29 01:06,Club Necaxa (W),Toluca (W),LIQUIDADO,Any Other Away Win,,,Toluca (W),Over 0.5 Goals,Over 1.5 Goals,Over 2.5 Goals,Over 3.5 Goals,No,Over 0.5 Goals,8/8,betfair_oficial
2026-09-29 03:54,2026-09-29 02:00,Guatemala,El Salvador,LIQUIDADO,Any Other Home Win,,,Guatemala,Over 0.5 Goals,Over 1.5 Goals,Over 2.5 Goals,Over 3.5 Goals,No,Over 0.5 Goals,8/8,betfair_oficial
2026-09-29 05:59,2026-09-29 04:00,Papua New Guinea (W),Solomon Islands (W),LIQUIDADO,Any Other Home Win,,,Papua New Guinea (W),Over 0.5 Goals,Over 1.5 Goals,Over 2.5 Goals,Over 3.5 Goals,Yes,Over 0.5 Goals,8/8,betfair_oficial
2026-09-29 07:59,2026-09-29 06:00,Korea DPR (W),China (W),LIQUIDADO,2 - 0,2,0,Korea DPR (W),Over 0.5 Goals,Over 1.5 Goals,Under 2.5 Goals,Under 3.5 Goals,No,Under 0.5 Goals,8/8,betfair_oficial
2026-09-29 08:59,2026-09-29 07:00,Fiji (W),New Caledonia (W),LIQUIDADO,1 - 0,1,0,Fiji (W),Over 0.5 Goals,Under 1.5 Goals,Under 2.5 Goals,Under 3.5 Goals,No,Under 0.5 Goals,8/8,betfair_oficial
2026-09-29 11:04,2026-09-29 09:00,Mohun Bagan Super Giants,Northeast United,LIQUIDADO,1 - 1,1,1,The Draw,Over 0.5 Goals,Over 1.5 Goals,Under 2.5 Goals,Under 3.5 Goals,Yes,Under 0.5 Goals,8/8,betfair_oficial
2026-09-29 11:29,2026-09-29 09:30,Dinthar FC,Ramthar Veng FC,LIQUIDADO,1 - 0,1,0,Dinthar FC,Over 0.5 Goals,Under 1.5 Goals,Under 2.5 Goals,Under 3.5 Goals,No,Over 0.5 Goals,8/8,betfair_oficial
2026-09-29 11:39,2026-09-29 09:30,Mawlai SC,MLP Football Team,LIQUIDADO,2 - 0,2,0,Mawlai SC,Over 0.5 Goals,Over 1.5 Goals,Under 2.5 Goals,Under 3.5 Goals,No,Over 0.5 Goals,8/8,betfair_oficial
2026-09-29 11:59,2026-09-29 10:00,Kanazawa,Shimizu,LIQUIDADO,0 - 2,0,2,Shimizu,Over 0.5 Goals,Over 1.5 Goals,Under 2.5 Goals,Under 3.5 Goals,No,Under 0.5 Goals,8/8,betfair_oficial
2026-09-29 11:59,2026-09-29 10:00,FC Gifu,Yokohama FC,LIQUIDADO,1 - 2,1,2,Yokohama FC,Over 0.5 Goals,Over 1.5 Goals,Over 2.5 Goals,Under 3.5 Goals,Yes,Over 0.5 Goals,8/8,betfair_oficial
2026-09-29 11:59,2026-09-29 10:00,Matsumoto,Albirex Niigata,LIQUIDADO,1 - 0,1,0,Matsumoto,Over 0.5 Goals,Under 1.5 Goals,Under 2.5 Goals,Under 3.5 Goals,No,Over 0.5 Goals,8/8,betfair_oficial
2026-09-29 11:59,2026-09-29 10:00,Kumamoto,Kawasaki,LIQUIDADO,0 - 1,0,1,Kawasaki,Over 0.5 Goals,Under 1.5 Goals,Under 2.5 Goals,Under 3.5 Goals,No,Under 0.5 Goals,8/8,betfair_oficial
2026-09-29 11:59,2026-09-29 10:00,Toyama,Urawa,LIQUIDADO,2 - 3,2,3,Urawa,Over 0.5 Goals,Over 1.5 Goals,Over 2.5 Goals,Over 3.5 Goals,Yes,Over 0.5 Goals,8/8,betfair_oficial
2026-09-29 11:59,2026-09-29 10:00,Fukushima Utd,Mito,LIQUIDADO,Any Other Away Win,,,Mito,Over 0.5 Goals,Over 1.5 Goals,Over 2.5 Goals,Over 3.5 Goals,No,Over 0.5 Goals,8/8,betfair_oficial
2026-09-29 11:59,2026-09-29 10:00,Kitakyushu,Nagoya,LIQUIDADO,1 - 3,1,3,Nagoya,Over 0.5 Goals,Over 1.5 Goals,Over 2.5 Goals,Over 3.5 Goals,Yes,Over 0.5 Goals,8/8,betfair_oficial
2026-09-29 12:04,2026-09-29 10:00,Ehime,FC Tokyo,LIQUIDADO,0 - 2,0,2,FC Tokyo,Over 0.5 Goals,Over 1.5 Goals,Under 2.5 Goals,Under 3.5 Goals,No,Over 0.5 Goals,8/8,betfair_oficial
2026-09-29 12:04,2026-09-29 10:00,Tottori,Nagasaki,LIQUIDADO,2 - 0,2,0,Tottori,Over 0.5 Goals,Over 1.5 Goals,Under 2.5 Goals,Under 3.5 Goals,No,Under 0.5 Goals,8/8,betfair_oficial
2026-09-29 12:04,2026-09-29 10:00,Tosu,Tokyo-V,LIQUIDADO,1 - 1,1,1,The Draw,Over 0.5 Goals,Over 1.5 Goals,Under 2.5 Goals,Under 3.5 Goals,Yes,Under 0.5 Goals,8/8,betfair_oficial
2026-09-29 12:04,2026-09-29 10:00,Tochigi Uva FC,Hiroshima,LIQUIDADO,0 - 2,0,2,Hiroshima,Over 0.5 Goals,Over 1.5 Goals,Under 2.5 Goals,Under 3.5 Goals,No,Over 0.5 Goals,8/8,betfair_oficial
2026-09-29 12:04,2026-09-29 10:00,FC Osaka,Fukuoka,LIQUIDADO,1 - 1,1,1,The Draw,Over 0.5 Goals,Over 1.5 Goals,Under 2.5 Goals,Under 3.5 Goals,Yes,Under 0.5 Goals,8/8,betfair_oficial
2026-09-29 12:04,2026-09-29 10:00,Iwata,Jef Utd Chiba,LIQUIDADO,Any Other Home Win,,,Iwata,Over 0.5 Goals,Over 1.5 Goals,Over 2.5 Goals,Over 3.5 Goals,Yes,Over 0.5 Goals,8/8,betfair_oficial
2026-09-29 12:04,2026-09-29 10:00,Sapporo,Okayama,LIQUIDADO,1 - 2,1,2,Okayama,Over 0.5 Goals,Over 1.5 Goals,Over 2.5 Goals,Under 3.5 Goals,Yes,Over 0.5 Goals,8/8,betfair_oficial
2026-09-29 12:04,2026-09-29 10:00,Fujieda Myfc,Cerezo Osaka,LIQUIDADO,1 - 2,1,2,Cerezo Osaka,Over 0.5 Goals,Over 1.5 Goals,Over 2.5 Goals,Under 3.5 Goals,Yes,Over 0.5 Goals,8/8,betfair_oficial
2026-09-29 12:09,2026-09-29 10:00,Yamagata,Yokohama FM,LIQUIDADO,1 - 2,1,2,Yokohama FM,Over 0.5 Goals,Over 1.5 Goals,Over 2.5 Goals,Under 3.5 Goals,Yes,Over 0.5 Goals,8/8,betfair_oficial
2026-09-29 12:14,2026-09-29 10:00,Australia,Brazil,LIQUIDADO,Any Other Away Win,,,Brazil,Over 0.5 Goals,Over 1.5 Goals,Over 2.5 Goals,Over 3.5 Goals,Yes,Over 0.5 Goals,8/8,betfair_oficial
2026-09-29 12:24,2026-09-29 10:30,Japan (W),South Korea (W),LIQUIDADO,2 - 0,2,0,Japan (W),Over 0.5 Goals,Over 1.5 Goals,Under 2.5 Goals,Under 3.5 Goals,No,Under 0.5 Goals,8/8,betfair_oficial
2026-09-29 12:59,2026-09-29 11:00,Wuxi Wugou,Ningbo Professional,LIQUIDADO,1 - 0,1,0,Wuxi Wugou,Over 0.5 Goals,Under 1.5 Goals,Under 2.5 Goals,Under 3.5 Goals,No,Under 0.5 Goals,8/8,betfair_oficial
2026-09-29 13:59,2026-09-29 11:00,Comoros,Namibia,LIQUIDADO,1 - 0,1,0,Comoros,Over 0.5 Goals,Under 1.5 Goals,Under 2.5 Goals,Under 3.5 Goals,No,Under 0.5 Goals,8/8,betfair_oficial
2026-09-29 13:59,2026-09-29 12:00,Comoros,Namibia,LIQUIDADO,1 - 0,1,0,Comoros,Over 0.5 Goals,Under 1.5 Goals,Under 2.5 Goals,Under 3.5 Goals,No,Under 0.5 Goals,8/8,betfair_oficial
2026-09-29 14:59,2026-09-29 13:00,Lesotho,Morocco,LIQUIDADO,0 - 2,0,2,Morocco,Over 0.5 Goals,Over 1.5 Goals,Under 2.5 Goals,Under 3.5 Goals,No,Over 0.5 Goals,8/8,betfair_oficial
2026-09-29 14:59,2026-09-29 13:00,Mozambique,Sudan,LIQUIDADO,Any Other Home Win,,,Mozambique,Over 0.5 Goals,Over 1.5 Goals,Over 2.5 Goals,Over 3.5 Goals,Yes,Over 0.5 Goals,8/8,betfair_oficial
2026-09-29 15:04,2026-09-29 13:00,Ethiopia,Senegal,LIQUIDADO,0 - 1,0,1,Senegal,Over 0.5 Goals,Under 1.5 Goals,Under 2.5 Goals,Under 3.5 Goals,No,Over 0.5 Goals,8/8,betfair_oficial
2026-09-29 15:04,2026-09-29 13:00,Burundi,Algeria,LIQUIDADO,2 - 2,2,2,The Draw,Over 0.5 Goals,Over 1.5 Goals,Over 2.5 Goals,Over 3.5 Goals,Yes,Over 0.5 Goals,8/8,betfair_oficial
2026-09-29 15:04,2026-09-29 13:00,South Sudan,Egypt,LIQUIDADO,Any Other Away Win,,,Egypt,Over 0.5 Goals,Over 1.5 Goals,Over 2.5 Goals,Over 3.5 Goals,No,Over 0.5 Goals,8/8,betfair_oficial
2026-09-29 15:29,2026-09-29 13:30,Inter Bratislava,Podbrezova,LIQUIDADO,0 - 2,0,2,Podbrezova,Over 0.5 Goals,Over 1.5 Goals,Under 2.5 Goals,Under 3.5 Goals,No,Over 0.5 Goals,8/8,betfair_oficial
2026-09-29 15:29,2026-09-29 13:30,Aizawl FC,Chanmari FC,LIQUIDADO,1 - 2,1,2,Chanmari FC,Over 0.5 Goals,Over 1.5 Goals,Over 2.5 Goals,Under 3.5 Goals,Yes,Over 0.5 Goals,8/8,betfair_oficial
2026-09-29 16:09,2026-09-29 13:00,Madagascar,Tanzania,LIQUIDADO,1 - 1,1,1,The Draw,Over 0.5 Goals,Over 1.5 Goals,Under 2.5 Goals,Under 3.5 Goals,Yes,Over 0.5 Goals,8/8,betfair_oficial
2026-09-29 16:09,2026-09-29 14:00,Madagascar,Tanzania,LIQUIDADO,1 - 1,1,1,The Draw,Over 0.5 Goals,Over 1.5 Goals,Under 2.5 Goals,Under 3.5 Goals,Yes,Over 0.5 Goals,8/8,betfair_oficial
2026-09-29 16:34,2026-09-29 14:35,Al-Fujairah FC,Al Jazira Al Hamra,LIQUIDADO,Any Other Home Win,,,Al-Fujairah FC,Over 0.5 Goals,Over 1.5 Goals,Over 2.5 Goals,Over 3.5 Goals,Yes,Over 0.5 Goals,8/8,betfair_oficial
2026-09-29 16:44,2026-09-29 14:40,Palm City FC,Dibba Al-Hisn,LIQUIDADO,1 - 1,1,1,The Draw,Over 0.5 Goals,Over 1.5 Goals,Under 2.5 Goals,Under 3.5 Goals,Yes,Over 0.5 Goals,8/8,betfair_oficial
2026-09-29 17:04,2026-09-29 15:00,Al Khor,Umm Salal,LIQUIDADO,0 - 2,0,2,Umm Salal,Over 0.5 Goals,Over 1.5 Goals,Under 2.5 Goals,Under 3.5 Goals,No,Under 0.5 Goals,8/8,betfair_oficial
2026-09-29 17:54,2026-09-29 16:00,Odense BK (W),AGF Aarhus (W),LIQUIDADO,1 - 0,1,0,Odense BK (W),Over 0.5 Goals,Under 1.5 Goals,Under 2.5 Goals,Under 3.5 Goals,No,Over 0.5 Goals,8/8,betfair_oficial
2026-09-29 17:59,2026-09-29 16:00,Moldova,Faroe Islands,LIQUIDADO,1 - 1,1,1,The Draw,Over 0.5 Goals,Over 1.5 Goals,Under 2.5 Goals,Under 3.5 Goals,Yes,Over 0.5 Goals,8/8,betfair_oficial
2026-09-29 17:59,2026-09-29 16:00,Vozdovac,FK Napredak,LIQUIDADO,0 - 0,0,0,The Draw,Under 0.5 Goals,Under 1.5 Goals,Under 2.5 Goals,Under 3.5 Goals,No,Under 0.5 Goals,8/8,betfair_oficial
2026-09-29 17:59,2026-09-29 16:00,Finland,Belarus,LIQUIDADO,0 - 0,0,0,The Draw,Under 0.5 Goals,Under 1.5 Goals,Under 2.5 Goals,Under 3.5 Goals,No,Under 0.5 Goals,8/8,betfair_oficial
2026-09-29 18:04,2026-09-29 16:00,Ghana,Gambia,LIQUIDADO,Any Other Away Win,,,Gambia,Over 0.5 Goals,Over 1.5 Goals,Over 2.5 Goals,Over 3.5 Goals,Yes,Over 0.5 Goals,8/8,betfair_oficial
2026-09-29 18:04,2026-09-29 16:00,Cape Verde,Rwanda,LIQUIDADO,1 - 2,1,2,Rwanda,Over 0.5 Goals,Over 1.5 Goals,Over 2.5 Goals,Under 3.5 Goals,Yes,Over 0.5 Goals,8/8,betfair_oficial
2026-09-29 18:04,2026-09-29 16:00,Guinea-Bissau,Nigeria,LIQUIDADO,3 - 0,3,0,Guinea-Bissau,Over 0.5 Goals,Over 1.5 Goals,Over 2.5 Goals,Under 3.5 Goals,No,Over 0.5 Goals,8/8,betfair_oficial
2026-09-29 18:04,2026-09-29 16:00,Uganda,Libya,LIQUIDADO,1 - 0,1,0,Uganda,Over 0.5 Goals,Under 1.5 Goals,Under 2.5 Goals,Under 3.5 Goals,No,Over 0.5 Goals,8/8,betfair_oficial
2026-09-29 18:24,2026-09-29 16:00,Zambia,Togo,LIQUIDADO,2 - 0,2,0,Zambia,Over 0.5 Goals,Over 1.5 Goals,Under 2.5 Goals,Under 3.5 Goals,No,Over 0.5 Goals,8/8,betfair_oficial
2026-09-29 18:54,2026-09-29 17:00,SD Huesca (W),Osasuna (W),LIQUIDADO,0 - 1,0,1,Osasuna (W),Over 0.5 Goals,Under 1.5 Goals,Under 2.5 Goals,Under 3.5 Goals,No,Under 0.5 Goals,8/8,betfair_oficial
2026-09-29 19:14,2026-09-29 17:15,Al Waab Sports Club,Lusail,LIQUIDADO,1 - 1,1,1,The Draw,Over 0.5 Goals,Over 1.5 Goals,Under 2.5 Goals,Under 3.5 Goals,Yes,Over 0.5 Goals,8/8,betfair_oficial
2026-09-29 19:14,2026-09-29 17:15,Al Markhiya,Al Ahli (QAT),LIQUIDADO,1 - 1,1,1,The Draw,Over 0.5 Goals,Over 1.5 Goals,Under 2.5 Goals,Under 3.5 Goals,Yes,Under 0.5 Goals,8/8,betfair_oficial
2026-09-29 19:34,2026-09-29 17:30,Oman,Kuwait,LIQUIDADO,3 - 1,3,1,Oman,Over 0.5 Goals,Over 1.5 Goals,Over 2.5 Goals,Over 3.5 Goals,Yes,Over 0.5 Goals,8/8,betfair_oficial
2026-09-29 19:34,2026-09-29 17:30,Saudi Arabia,Iraq,LIQUIDADO,2 - 0,2,0,Saudi Arabia,Over 0.5 Goals,Over 1.5 Goals,Under 2.5 Goals,Under 3.5 Goals,No,Under 0.5 Goals,8/8,betfair_oficial
2026-09-29 19:44,2026-09-29 17:45,Bnei Yehuda,Hakoah Ramat Gan,LIQUIDADO,1 - 2,1,2,Hakoah Ramat Gan,Over 0.5 Goals,Over 1.5 Goals,Over 2.5 Goals,Under 3.5 Goals,Yes,Over 0.5 Goals,8/8,betfair_oficial
2026-09-29 19:59,2026-09-29 18:00,Boreham Wood,Kidderminster,LIQUIDADO,3 - 1,3,1,Boreham Wood,Over 0.5 Goals,Over 1.5 Goals,Over 2.5 Goals,Over 3.5 Goals,Yes,Over 0.5 Goals,8/8,betfair_oficial
2026-09-29 20:09,2026-09-29 18:00,Tunisia U23,Benin U23,LIQUIDADO,2 - 0,2,0,Tunisia U23,Over 0.5 Goals,Over 1.5 Goals,Under 2.5 Goals,Under 3.5 Goals,No,Under 0.5 Goals,8/8,betfair_oficial
2026-09-29 20:39,2026-09-29 18:45,Spain,Croatia,LIQUIDADO,Any Other Home Win,,,Spain,Over 0.5 Goals,Over 1.5 Goals,Over 2.5 Goals,Over 3.5 Goals,Yes,Over 0.5 Goals,8/8,betfair_oficial
2026-09-29 20:39,2026-09-29 18:45,Slovakia,Kazakhstan,LIQUIDADO,2 - 1,2,1,Slovakia,Over 0.5 Goals,Over 1.5 Goals,Over 2.5 Goals,Under 3.5 Goals,Yes,Over 0.5 Goals,8/8,betfair_oficial
2026-09-29 20:39,2026-09-29 18:45,FC Halifax Town,Boston Utd,LIQUIDADO,1 - 1,1,1,The Draw,Over 0.5 Goals,Over 1.5 Goals,Under 2.5 Goals,Under 3.5 Goals,Yes,Over 0.5 Goals,8/8,betfair_oficial
2026-09-29 20:44,2026-09-29 18:45,Bulgaria,Estonia,LIQUIDADO,0 - 0,0,0,The Draw,Under 0.5 Goals,Under 1.5 Goals,Under 2.5 Goals,Under 3.5 Goals,No,Under 0.5 Goals,8/8,betfair_oficial
2026-09-29 20:44,2026-09-29 18:45,Woking,Solihull Moors,LIQUIDADO,Any Other Away Win,,,Solihull Moors,Over 0.5 Goals,Over 1.5 Goals,Over 2.5 Goals,Over 3.5 Goals,Yes,Over 0.5 Goals,8/8,betfair_oficial
2026-09-29 20:44,2026-09-29 18:45,Hornchurch,Aldershot,LIQUIDADO,2 - 1,2,1,Hornchurch,Over 0.5 Goals,Over 1.5 Goals,Over 2.5 Goals,Under 3.5 Goals,Yes,Over 0.5 Goals,8/8,betfair_oficial
2026-09-29 20:44,2026-09-29 18:45,Hartlepool,Harrogate Town,LIQUIDADO,0 - 1,0,1,Harrogate Town,Over 0.5 Goals,Under 1.5 Goals,Under 2.5 Goals,Under 3.5 Goals,No,Under 0.5 Goals,8/8,betfair_oficial
2026-09-29 20:44,2026-09-29 18:45,Scotland,Switzerland,LIQUIDADO,0 - 3,0,3,Switzerland,Over 0.5 Goals,Over 1.5 Goals,Over 2.5 Goals,Under 3.5 Goals,No,Over 0.5 Goals,8/8,betfair_oficial
2026-09-29 20:44,2026-09-29 18:45,Slovenia,North Macedonia,LIQUIDADO,2 - 0,2,0,Slovenia,Over 0.5 Goals,Over 1.5 Goals,Under 2.5 Goals,Under 3.5 Goals,No,Under 0.5 Goals,8/8,betfair_oficial
2026-09-29 20:44,2026-09-29 18:45,Czechia,England,LIQUIDADO,0 - 2,0,2,England,Over 0.5 Goals,Over 1.5 Goals,Under 2.5 Goals,Under 3.5 Goals,No,Under 0.5 Goals,8/8,betfair_oficial
2026-09-29 20:44,2026-09-29 18:45,Luxembourg,Iceland,LIQUIDADO,0 - 3,0,3,Iceland,Over 0.5 Goals,Over 1.5 Goals,Over 2.5 Goals,Under 3.5 Goals,No,Over 0.5 Goals,8/8,betfair_oficial
2026-09-29 20:44,2026-09-29 18:45,San Marino,Albania,LIQUIDADO,0 - 3,0,3,Albania,Over 0.5 Goals,Over 1.5 Goals,Over 2.5 Goals,Under 3.5 Goals,No,Over 0.5 Goals,8/8,betfair_oficial
2026-09-29 20:44,2026-09-29 18:45,AFC Fylde,Carlisle,LIQUIDADO,0 - 2,0,2,Carlisle,Over 0.5 Goals,Over 1.5 Goals,Under 2.5 Goals,Under 3.5 Goals,No,Over 0.5 Goals,8/8,betfair_oficial
2026-09-29 20:49,2026-09-29 18:45,Forfar,Formartine Utd,LIQUIDADO,2 - 0,2,0,Forfar,Over 0.5 Goals,Over 1.5 Goals,Under 2.5 Goals,Under 3.5 Goals,No,Over 0.5 Goals,8/8,betfair_oficial
2026-09-29 20:49,2026-09-29 18:45,Brackley Town,South Shields,LIQUIDADO,3 - 2,3,2,Brackley Town,Over 0.5 Goals,Over 1.5 Goals,Over 2.5 Goals,Over 3.5 Goals,Yes,Over 0.5 Goals,8/8,betfair_oficial
2026-09-29 20:49,2026-09-29 18:45,Slough Town,Ebbsfleet Utd,LIQUIDADO,1 - 1,1,1,The Draw,Over 0.5 Goals,Over 1.5 Goals,Under 2.5 Goals,Under 3.5 Goals,Yes,Under 0.5 Goals,8/8,betfair_oficial
2026-09-29 20:49,2026-09-29 18:45,Barrow,Scunthorpe,LIQUIDADO,3 - 0,3,0,Barrow,Over 0.5 Goals,Over 1.5 Goals,Over 2.5 Goals,Under 3.5 Goals,No,Under 0.5 Goals,8/8,betfair_oficial
2026-09-29 20:49,2026-09-29 18:45,Gateshead,Altrincham,LIQUIDADO,0 - 1,0,1,Altrincham,Over 0.5 Goals,Under 1.5 Goals,Under 2.5 Goals,Under 3.5 Goals,No,Over 0.5 Goals,8/8,betfair_oficial
2026-09-29 20:49,2026-09-29 18:45,Forest Green,Wealdstone,LIQUIDADO,1 - 1,1,1,The Draw,Over 0.5 Goals,Over 1.5 Goals,Under 2.5 Goals,Under 3.5 Goals,Yes,Over 0.5 Goals,8/8,betfair_oficial
2026-09-29 20:49,2026-09-29 18:45,Yeovil,Worthing,LIQUIDADO,1 - 1,1,1,The Draw,Over 0.5 Goals,Over 1.5 Goals,Under 2.5 Goals,Under 3.5 Goals,Yes,Over 0.5 Goals,8/8,betfair_oficial
2026-09-29 20:54,2026-09-29 19:00,Universitario de Vinto,Guabira,LIQUIDADO,3 - 1,3,1,Universitario de Vinto,Over 0.5 Goals,Over 1.5 Goals,Over 2.5 Goals,Over 3.5 Goals,Yes,Over 0.5 Goals,8/8,betfair_oficial
2026-09-29 20:59,2026-09-29 19:00,Liberia,Mali,LIQUIDADO,0 - 1,0,1,Mali,Over 0.5 Goals,Under 1.5 Goals,Under 2.5 Goals,Under 3.5 Goals,No,Under 0.5 Goals,8/8,betfair_oficial
2026-09-29 20:59,2026-09-29 19:00,British Virgin Islands,Turks and Caicos Islands,LIQUIDADO,0 - 3,0,3,Turks and Caicos Islands,Over 0.5 Goals,Over 1.5 Goals,Over 2.5 Goals,Under 3.5 Goals,No,Over 0.5 Goals,8/8,betfair_oficial
2026-09-29 21:04,2026-09-29 19:00,Congo,Cameroon,LIQUIDADO,1 - 1,1,1,The Draw,Over 0.5 Goals,Over 1.5 Goals,Under 2.5 Goals,Under 3.5 Goals,Yes,Over 0.5 Goals,8/8,betfair_oficial
2026-09-29 21:04,2026-09-29 19:00,Somalia,Ivory Coast,LIQUIDADO,0 - 2,0,2,Ivory Coast,Over 0.5 Goals,Over 1.5 Goals,Under 2.5 Goals,Under 3.5 Goals,No,Under 0.5 Goals,8/8,betfair_oficial
2026-09-29 21:04,2026-09-29 19:00,Benin,Mauritania,LIQUIDADO,2 - 1,2,1,Benin,Over 0.5 Goals,Over 1.5 Goals,Over 2.5 Goals,Under 3.5 Goals,Yes,Over 0.5 Goals,8/8,betfair_oficial
2026-09-29 21:19,2026-09-29 19:00,Gabon,Niger,LIQUIDADO,2 - 0,2,0,Gabon,Over 0.5 Goals,Over 1.5 Goals,Under 2.5 Goals,Under 3.5 Goals,No,Under 0.5 Goals,8/8,betfair_oficial
2026-09-29 22:34,2026-09-29 20:30,Deportivo Pereira,Santa Fe,LIQUIDADO,1 - 2,1,2,Santa Fe,Over 0.5 Goals,Over 1.5 Goals,Over 2.5 Goals,Under 3.5 Goals,Yes,Over 0.5 Goals,8/8,betfair_oficial
2026-09-29 22:59,2026-09-29 21:00,French Guyana,Sint Maarten,LIQUIDADO,1 - 0,1,0,French Guyana,Over 0.5 Goals,Under 1.5 Goals,Under 2.5 Goals,Under 3.5 Goals,No,Under 0.5 Goals,8/8,betfair_oficial
2026-09-29 23:04,2026-09-29 21:00,Puerto Montt,Colo Colo,LIQUIDADO,0 - 1,0,1,Colo Colo,Over 0.5 Goals,Under 1.5 Goals,Under 2.5 Goals,Under 3.5 Goals,No,Under 0.5 Goals,8/8,betfair_oficial
2026-09-29 23:09,2026-09-29 21:00,Atletico Balboa,CD Cacahuatique,LIQUIDADO,0 - 2,0,2,CD Cacahuatique,Over 0.5 Goals,Over 1.5 Goals,Under 2.5 Goals,Under 3.5 Goals,No,Over 0.5 Goals,8/8,betfair_oficial
2026-09-30 00:04,2026-09-29 22:00,Real Potosi,Academia de Balompie Boliviano,LIQUIDADO,3 - 1,3,1,Real Potosi,Over 0.5 Goals,Over 1.5 Goals,Over 2.5 Goals,Over 3.5 Goals,Yes,Over 0.5 Goals,8/8,betfair_oficial
2026-09-30 00:34,2026-09-29 22:30,Botafogo SP,Ponte Preta,LIQUIDADO,2 - 0,2,0,Botafogo SP,Over 0.5 Goals,Over 1.5 Goals,Under 2.5 Goals,Under 3.5 Goals,No,Over 0.5 Goals,8/8,betfair_oficial
2026-09-30 01:59,2026-09-30 00:00,Aurora,San Antonio Bulo Bulo,LIQUIDADO,2 - 2,2,2,The Draw,Over 0.5 Goals,Over 1.5 Goals,Over 2.5 Goals,Over 3.5 Goals,Yes,Over 0.5 Goals,8/8,betfair_oficial
2026-09-30 03:04,2026-09-29 23:00,Union Magdalena,Real Cartagena,LIQUIDADO,1 - 1,1,1,The Draw,Over 0.5 Goals,Over 1.5 Goals,Under 2.5 Goals,Under 3.5 Goals,Yes,Over 0.5 Goals,8/8,betfair_oficial
2026-09-30 03:04,2026-09-30 00:00,USA,Chile,LIQUIDADO,Any Other Home Win,,,USA,Over 0.5 Goals,Over 1.5 Goals,Over 2.5 Goals,Over 3.5 Goals,Yes,Over 0.5 Goals,8/8,betfair_oficial
2026-09-30 03:04,2026-09-30 01:00,Mexico,Peru,LIQUIDADO,1 - 1,1,1,The Draw,Over 0.5 Goals,Over 1.5 Goals,Under 2.5 Goals,Under 3.5 Goals,Yes,Over 0.5 Goals,8/8,betfair_oficial
2026-09-30 03:04,2026-09-30 01:05,Ind Medellin,Millonarios,LIQUIDADO,2 - 2,2,2,The Draw,Over 0.5 Goals,Over 1.5 Goals,Over 2.5 Goals,Over 3.5 Goals,Yes,Over 0.5 Goals,8/8,betfair_oficial
2026-09-30 03:59,2026-09-30 02:00,Belize,St Vincent & Grenadines,LIQUIDADO,0 - 1,0,1,St Vincent & Grenadines,Over 0.5 Goals,Under 1.5 Goals,Under 2.5 Goals,Under 3.5 Goals,No,Over 0.5 Goals,8/8,betfair_oficial
2026-09-30 06:09,2026-09-30 04:00,Papua New Guinea,Solomon Islands,LIQUIDADO,1 - 1,1,1,The Draw,Over 0.5 Goals,Over 1.5 Goals,Under 2.5 Goals,Under 3.5 Goals,Yes,Over 0.5 Goals,8/8,betfair_oficial
2026-09-30 07:29,2026-09-30 05:30,Roots FC,Sporting Club Bengaluru,LIQUIDADO,3 - 3,3,3,The Draw,Over 0.5 Goals,Over 1.5 Goals,Over 2.5 Goals,Over 3.5 Goals,Yes,Over 0.5 Goals,8/8,betfair_oficial
2026-09-30 07:59,2026-09-30 06:00,South Korea U23,China U23,LIQUIDADO,2 - 1,2,1,South Korea U23,Over 0.5 Goals,Over 1.5 Goals,Over 2.5 Goals,Under 3.5 Goals,Yes,Over 0.5 Goals,8/8,betfair_oficial
2026-09-30 08:59,2026-09-30 07:00,Fiji,New Caledonia,LIQUIDADO,2 - 1,2,1,Fiji,Over 0.5 Goals,Over 1.5 Goals,Over 2.5 Goals,Under 3.5 Goals,Yes,Over 0.5 Goals,8/8,betfair_oficial
2026-09-30 09:54,2026-09-30 08:00,Khovd,FC Ulaanbaatar,LIQUIDADO,Any Other Away Win,,,FC Ulaanbaatar,Over 0.5 Goals,Over 1.5 Goals,Over 2.5 Goals,Over 3.5 Goals,No,Under 0.5 Goals,8/8,betfair_oficial
2026-09-30 09:59,2026-09-30 08:00,Megt & Centre,Kodagu FC,LIQUIDADO,Any Other Home Win,,,Megt & Centre,Over 0.5 Goals,Over 1.5 Goals,Over 2.5 Goals,Over 3.5 Goals,Yes,Over 0.5 Goals,8/8,betfair_oficial
2026-09-30 11:09,2026-09-30 09:00,Punjab FC,Quess East Bengal,LIQUIDADO,1 - 0,1,0,Punjab FC,Over 0.5 Goals,Under 1.5 Goals,Under 2.5 Goals,Under 3.5 Goals,No,Over 0.5 Goals,8/8,betfair_oficial
2026-09-30 11:29,2026-09-30 09:30,Rangdajied Utd,Mylliem SC,LIQUIDADO,3 - 1,3,1,Rangdajied Utd,Over 0.5 Goals,Over 1.5 Goals,Over 2.5 Goals,Over 3.5 Goals,Yes,Over 0.5 Goals,8/8,betfair_oficial
2026-09-30 11:39,2026-09-30 09:30,MLS FC,Saikhamakawn FC,LIQUIDADO,2 - 2,2,2,The Draw,Over 0.5 Goals,Over 1.5 Goals,Over 2.5 Goals,Over 3.5 Goals,Yes,Over 0.5 Goals,8/8,betfair_oficial
2026-09-30 12:24,2026-09-30 10:30,Technico FF,United Stars,LIQUIDADO,1 - 2,1,2,United Stars,Over 0.5 Goals,Over 1.5 Goals,Over 2.5 Goals,Under 3.5 Goals,Yes,Over 0.5 Goals,8/8,betfair_oficial
2026-09-30 12:24,2026-09-30 10:30,Uzbekistan U23,Japan U23,LIQUIDADO,1 - 1,1,1,The Draw,Over 0.5 Goals,Over 1.5 Goals,Under 2.5 Goals,Under 3.5 Goals,Yes,Over 0.5 Goals,8/8,betfair_oficial
2026-09-30 14:04,2026-09-30 12:00,Maccabi Neve Shaanan Eldad,MS Tira,LIQUIDADO,2 - 3,2,3,MS Tira,Over 0.5 Goals,Over 1.5 Goals,Over 2.5 Goals,Over 3.5 Goals,Yes,Over 0.5 Goals,8/8,betfair_oficial
2026-09-30 14:29,2026-09-30 12:30,Shimshon Tel Aviv,Ironi Ramat Hasharon,LIQUIDADO,1 - 2,1,2,Ironi Ramat HaSharon,Over 0.5 Goals,Over 1.5 Goals,Over 2.5 Goals,Under 3.5 Goals,Yes,Under 0.5 Goals,8/8,betfair_oficial
2026-09-30 14:54,2026-09-30 13:00,Rudar Pljevlja,FK Berane,LIQUIDADO,Any Other Home Win,,,Rudar Pljevlja,Over 0.5 Goals,Over 1.5 Goals,Over 2.5 Goals,Over 3.5 Goals,No,Over 0.5 Goals,8/8,betfair_oficial
2026-09-30 14:59,2026-09-30 13:00,FK Iskra Danilovgrad,FK Grbalj,LIQUIDADO,0 - 1,0,1,FK Grbalj,Over 0.5 Goals,Under 1.5 Goals,Under 2.5 Goals,Under 3.5 Goals,No,Over 0.5 Goals,8/8,betfair_oficial
2026-09-30 14:59,2026-09-30 13:00,Seychelles,Sri Lanka,LIQUIDADO,0 - 2,0,2,Sri Lanka,Over 0.5 Goals,Over 1.5 Goals,Under 2.5 Goals,Under 3.5 Goals,No,Over 0.5 Goals,8/8,betfair_oficial
2026-09-30 14:59,2026-09-30 13:00,Maccabi Kiryat Malakhi,Hapoel Herzliya,LIQUIDADO,0 - 0,0,0,The Draw,Under 0.5 Goals,Under 1.5 Goals,Under 2.5 Goals,Under 3.5 Goals,No,Under 0.5 Goals,8/8,betfair_oficial
2026-09-30 14:59,2026-09-30 13:00,FK Budva,Fk Lovcen,LIQUIDADO,1 - 2,1,2,FK Lovcen,Over 0.5 Goals,Over 1.5 Goals,Over 2.5 Goals,Under 3.5 Goals,Yes,Over 0.5 Goals,8/8,betfair_oficial
2026-09-30 15:24,2026-09-30 13:30,FC Vsetin,Bohemians 1905,LIQUIDADO,Any Other Away Win,,,Bohemians 1905,Over 0.5 Goals,Over 1.5 Goals,Over 2.5 Goals,Over 3.5 Goals,No,Over 0.5 Goals,8/8,betfair_oficial
2026-09-30 15:34,2026-09-30 13:30,Gezira SC,Nogoom El Mostakbal,LIQUIDADO,1 - 3,1,3,Nogoom El Mostakbal,Over 0.5 Goals,Over 1.5 Goals,Over 2.5 Goals,Over 3.5 Goals,Yes,Over 0.5 Goals,8/8,betfair_oficial
2026-09-30 15:34,2026-09-30 13:30,Mizoram Police,Kanan FC,LIQUIDADO,1 - 2,1,2,Kanan FC,Over 0.5 Goals,Over 1.5 Goals,Over 2.5 Goals,Under 3.5 Goals,Yes,Over 0.5 Goals,8/8,betfair_oficial
2026-09-30 15:34,2026-09-30 13:30,Levels FC,Ittihad El Shorta,LIQUIDADO,Any Other Home Win,,,Levels FC,Over 0.5 Goals,Over 1.5 Goals,Over 2.5 Goals,Over 3.5 Goals,Yes,Over 0.5 Goals,8/8,betfair_oficial
2026-09-30 15:39,2026-09-30 13:30,Diamond FC,Cascada SC,LIQUIDADO,2 - 1,2,1,Diamond FC,Over 0.5 Goals,Over 1.5 Goals,Over 2.5 Goals,Under 3.5 Goals,Yes,Over 0.5 Goals,8/8,betfair_oficial
2026-09-30 15:44,2026-09-30 13:30,El Alameen,Mustaqbal Sport,LIQUIDADO,1 - 1,1,1,The Draw,Over 0.5 Goals,Over 1.5 Goals,Under 2.5 Goals,Under 3.5 Goals,Yes,Over 0.5 Goals,8/8,betfair_oficial
2026-09-30 15:44,2026-09-30 13:30,Orange Sport,Al Qanater Al Khayreyah,LIQUIDADO,Any Other Home Win,,,Orange Sport,Over 0.5 Goals,Over 1.5 Goals,Over 2.5 Goals,Over 3.5 Goals,Yes,Over 0.5 Goals,8/8,betfair_oficial
2026-09-30 15:44,2026-09-30 13:30,Misr El Makasa,Bani Sweef,LIQUIDADO,1 - 1,1,1,The Draw,Over 0.5 Goals,Over 1.5 Goals,Under 2.5 Goals,Under 3.5 Goals,Yes,Under 0.5 Goals,8/8,betfair_oficial
2026-09-30 15:44,2026-09-30 13:30,MS Abu El Matamir,Alexandria Petroleum,LIQUIDADO,1 - 3,1,3,Alexandria Petroleum,Over 0.5 Goals,Over 1.5 Goals,Over 2.5 Goals,Over 3.5 Goals,Yes,Over 0.5 Goals,8/8,betfair_oficial
2026-09-30 15:44,2026-09-30 13:30,Raya Sporting FC,Horse Owners Club,LIQUIDADO,Any Other Home Win,,,Raya Sporting FC,Over 0.5 Goals,Over 1.5 Goals,Over 2.5 Goals,Over 3.5 Goals,Yes,Over 0.5 Goals,8/8,betfair_oficial
2026-09-30 15:49,2026-09-30 13:30,Egypt Insurance,Al-Shanwani,LIQUIDADO,Any Other Home Win,,,Egypt Insurance,Over 0.5 Goals,Over 1.5 Goals,Over 2.5 Goals,Over 3.5 Goals,Yes,Over 0.5 Goals,8/8,betfair_oficial
2026-09-30 15:59,2026-09-30 14:00,FK Aktobe (W),Ajax (W),LIQUIDADO,1 - 0,1,0,FK Aktobe (W),Over 0.5 Goals,Under 1.5 Goals,Under 2.5 Goals,Under 3.5 Goals,No,Under 0.5 Goals,8/8,betfair_oficial
2026-09-30 15:59,2026-09-30 14:00,FC Farul Constanta (W),Sparta Prague (W),LIQUIDADO,Any Other Away Win,,,Sparta Prague (W),Over 0.5 Goals,Over 1.5 Goals,Over 2.5 Goals,Over 3.5 Goals,No,Over 0.5 Goals,8/8,betfair_oficial
2026-09-30 15:59,2026-09-30 14:00,Follo,Sarpsborg,LIQUIDADO,0 - 2,0,2,Sarpsborg,Over 0.5 Goals,Over 1.5 Goals,Under 2.5 Goals,Under 3.5 Goals,No,Over 0.5 Goals,8/8,betfair_oficial
2026-09-30 16:24,2026-09-30 14:30,Ironi Nesher,Beitar Nahariya,LIQUIDADO,Any Other Home Win,,,Ironi Nesher,Over 0.5 Goals,Over 1.5 Goals,Over 2.5 Goals,Over 3.5 Goals,Yes,Over 0.5 Goals,8/8,betfair_oficial
2026-09-30 16:34,2026-09-30 13:30,Markaz Shabab Koom Hamada,Delphi SC,LIQUIDADO,0 - 1,0,1,Delphi SC,Over 0.5 Goals,Under 1.5 Goals,Under 2.5 Goals,Under 3.5 Goals,No,Under 0.5 Goals,8/8,betfair_oficial
2026-09-30 16:34,2026-09-30 14:30,Hapoel Bnei Musmus,Maccabi Kiryat Ata-Bialik,LIQUIDADO,1 - 0,1,0,Hapoel Bnei Musmus,Over 0.5 Goals,Under 1.5 Goals,Under 2.5 Goals,Under 3.5 Goals,No,Under 0.5 Goals,8/8,betfair_oficial
2026-09-30 16:54,2026-09-30 15:00,Fk Zeta Golubovci,FK Kom,LIQUIDADO,1 - 3,1,3,FK Kom,Over 0.5 Goals,Over 1.5 Goals,Over 2.5 Goals,Over 3.5 Goals,Yes,Under 0.5 Goals,8/8,betfair_oficial
2026-09-30 17:04,2026-09-30 15:00,Medeama SC,Port City FC,LIQUIDADO,1 - 0,1,0,Medeama SC,Over 0.5 Goals,Under 1.5 Goals,Under 2.5 Goals,Under 3.5 Goals,No,Over 0.5 Goals,8/8,betfair_oficial
2026-09-30 17:04,2026-09-30 15:00,Sporting Lagos FC,Ikorodu City,LIQUIDADO,0 - 0,0,0,The Draw,Under 0.5 Goals,Under 1.5 Goals,Under 2.5 Goals,Under 3.5 Goals,No,Under 0.5 Goals,8/8,betfair_oficial
2026-09-30 17:04,2026-09-30 15:00,Enyimba,Shooting Stars,LIQUIDADO,Any Other Home Win,,,Enyimba,Over 0.5 Goals,Over 1.5 Goals,Over 2.5 Goals,Over 3.5 Goals,Yes,Over 0.5 Goals,8/8,betfair_oficial
2026-09-30 17:29,2026-09-30 13:30,Aljazeera Matrouh,El Olympi,LIQUIDADO,0 - 1,0,1,El Olympi,Over 0.5 Goals,Under 1.5 Goals,Under 2.5 Goals,Under 3.5 Goals,No,Under 0.5 Goals,8/8,betfair_oficial
2026-09-30 17:44,2026-09-30 13:30,Alo Egypt Club,Banha,LIQUIDADO,1 - 1,1,1,The Draw,Over 0.5 Goals,Over 1.5 Goals,Under 2.5 Goals,Under 3.5 Goals,Yes,,7/8,betfair_oficial
2026-09-30 17:49,2026-09-30 13:30,Nasr Taaden,Aswan FC,LIQUIDADO,2 - 1,2,1,Nasr Taaden,Over 0.5 Goals,Over 1.5 Goals,Over 2.5 Goals,Under 3.5 Goals,Yes,,7/8,betfair_oficial
2026-09-30 17:54,2026-09-30 16:00,Valerenga (W),Feyenoord (W),LIQUIDADO,2 - 1,2,1,Valerenga (W),Over 0.5 Goals,Over 1.5 Goals,Over 2.5 Goals,Under 3.5 Goals,Yes,Under 0.5 Goals,8/8,betfair_oficial
2026-09-30 17:54,2026-09-30 16:00,SK Brann (W),HJK Helsinki (W),LIQUIDADO,Any Other Home Win,,,SK Brann (W),Over 0.5 Goals,Over 1.5 Goals,Over 2.5 Goals,Over 3.5 Goals,No,Over 0.5 Goals,8/8,betfair_oficial
2026-09-30 17:54,2026-09-30 16:00,Rosenborg BK (W),Slovan Liberec (W),LIQUIDADO,Any Other Home Win,,,Rosenborg BK (W),Over 0.5 Goals,Over 1.5 Goals,Over 2.5 Goals,Over 3.5 Goals,Yes,Over 0.5 Goals,8/8,betfair_oficial
2026-09-30 17:54,2026-09-30 16:00,Lithuania,Andorra,LIQUIDADO,3 - 0,3,0,Lithuania,Over 0.5 Goals,Over 1.5 Goals,Over 2.5 Goals,Under 3.5 Goals,No,Over 0.5 Goals,8/8,betfair_oficial
2026-09-30 17:54,2026-09-30 16:00,Fortuna Hjorring (W),PSV Eindhoven (W),LIQUIDADO,0 - 0,0,0,The Draw,Under 0.5 Goals,Under 1.5 Goals,Under 2.5 Goals,Under 3.5 Goals,No,Under 0.5 Goals,8/8,betfair_oficial
2026-09-30 17:59,2026-09-30 16:00,Spartak Myjava (W),PAOK (W),LIQUIDADO,1 - 1,1,1,The Draw,Over 0.5 Goals,Over 1.5 Goals,Under 2.5 Goals,Under 3.5 Goals,Yes,Over 0.5 Goals,8/8,betfair_oficial
2026-09-30 17:59,2026-09-30 16:00,Sektzia Nes Tziona,SC Ramla,LIQUIDADO,1 - 2,1,2,SC Ramla,Over 0.5 Goals,Over 1.5 Goals,Over 2.5 Goals,Under 3.5 Goals,Yes,Under 0.5 Goals,8/8,betfair_oficial
2026-09-30 17:59,2026-09-30 16:00,Honefoss,KFUM Oslo,LIQUIDADO,0 - 2,0,2,KFUM Oslo,Over 0.5 Goals,Over 1.5 Goals,Under 2.5 Goals,Under 3.5 Goals,No,Over 0.5 Goals,8/8,betfair_oficial
2026-09-30 17:59,2026-09-30 16:00,Eritrea,South Africa,LIQUIDADO,Any Other Away Win,,,South Africa,Over 0.5 Goals,Over 1.5 Goals,Over 2.5 Goals,Over 3.5 Goals,No,Over 0.5 Goals,8/8,betfair_oficial
2026-09-30 17:59,2026-09-30 16:00,Rwanda U23,Sudan U23,LIQUIDADO,3 - 0,3,0,Rwanda U23,Over 0.5 Goals,Over 1.5 Goals,Over 2.5 Goals,Under 3.5 Goals,No,Over 0.5 Goals,8/8,betfair_oficial
2026-09-30 17:59,2026-09-30 16:00,Togo U23,Libya U23,LIQUIDADO,1 - 1,1,1,The Draw,Over 0.5 Goals,Over 1.5 Goals,Under 2.5 Goals,Under 3.5 Goals,Yes,Under 0.5 Goals,8/8,betfair_oficial
2026-09-30 18:14,2026-09-30 15:00,Mauritius,Djibouti,LIQUIDADO,,,,,,,,,,,8/8,betfair_oficial
2026-09-30 18:24,2026-09-30 16:30,Eintracht Frankfurt (W),Hafnarfjordur (W),LIQUIDADO,Any Other Home Win,,,Eintracht Frankfurt (W),Over 0.5 Goals,Over 1.5 Goals,Over 2.5 Goals,Over 3.5 Goals,Yes,Over 0.5 Goals,8/8,betfair_oficial
2026-09-30 18:29,2026-09-30 16:30,Sturm Graz (W),Wolfsburg (W),LIQUIDADO,0 - 2,0,2,Wolfsburg (W),Over 0.5 Goals,Over 1.5 Goals,Under 2.5 Goals,Under 3.5 Goals,No,Over 0.5 Goals,8/8,betfair_oficial
2026-09-30 18:39,2026-09-30 16:45,AS Roma (W),Barcelona (W),LIQUIDADO,Any Other Away Win,,,Barcelona (W),Over 0.5 Goals,Over 1.5 Goals,Over 2.5 Goals,Over 3.5 Goals,No,Over 0.5 Goals,8/8,betfair_oficial
2026-09-30 18:44,2026-09-30 16:45,BK Hacken (W),Juventus FC (W),LIQUIDADO,0 - 3,0,3,Juventus FC (W),Over 0.5 Goals,Over 1.5 Goals,Over 2.5 Goals,Under 3.5 Goals,No,Under 0.5 Goals,8/8,betfair_oficial
2026-09-30 18:44,2026-09-30 16:45,Paris FC (W),Arsenal (W),LIQUIDADO,2 - 2,2,2,The Draw,Over 0.5 Goals,Over 1.5 Goals,Over 2.5 Goals,Over 3.5 Goals,Yes,Over 0.5 Goals,8/8,betfair_oficial
2026-09-30 18:49,2026-09-30 16:50,AS Nordia Jerusalem,Hapoel Eran Hadera,LIQUIDADO,Any Other Away Win,,,Hapoel Eran Hadera,Over 0.5 Goals,Over 1.5 Goals,Over 2.5 Goals,Over 3.5 Goals,No,Under 0.5 Goals,8/8,betfair_oficial
2026-09-30 18:54,2026-09-30 17:00,Czarni Sosnowiec (W),Breidablik (W),LIQUIDADO,1 - 0,1,0,Czarni Sosnowiec (W),Over 0.5 Goals,Under 1.5 Goals,Under 2.5 Goals,Under 3.5 Goals,No,Under 0.5 Goals,8/8,betfair_oficial
2026-09-30 18:54,2026-09-30 17:00,Malmo (W),SKN St. Polten (W),LIQUIDADO,3 - 0,3,0,Malmo (W),Over 0.5 Goals,Over 1.5 Goals,Over 2.5 Goals,Under 3.5 Goals,No,Over 0.5 Goals,8/8,betfair_oficial
2026-09-30 18:54,2026-09-30 17:00,Real Sociedad (W),Hearts (W),LIQUIDADO,Any Other Home Win,,,Real Sociedad (W),Over 0.5 Goals,Over 1.5 Goals,Over 2.5 Goals,Over 3.5 Goals,No,Over 0.5 Goals,8/8,betfair_oficial
2026-09-30 18:59,2026-09-30 17:00,Ironi Ashdod Sportclub,FC Holon Yermiyahu,LIQUIDADO,2 - 0,2,0,Ironi Ashdod Sportclub,Over 0.5 Goals,Over 1.5 Goals,Under 2.5 Goals,Under 3.5 Goals,No,Over 0.5 Goals,8/8,betfair_oficial
2026-09-30 19:04,2026-09-30 17:00,Hapoel Mahane Yehuda,SC Dimona,LIQUIDADO,2 - 3,2,3,SC Dimona,Over 0.5 Goals,Over 1.5 Goals,Over 2.5 Goals,Over 3.5 Goals,Yes,Over 0.5 Goals,8/8,betfair_oficial
2026-09-30 19:24,2026-09-30 17:00,Sestao River,Terrassa,LIQUIDADO,Any Other Home Win,,,Sestao River,Over 0.5 Goals,Over 1.5 Goals,Over 2.5 Goals,Over 3.5 Goals,Yes,Over 0.5 Goals,8/8,betfair_oficial
2026-09-30 19:24,2026-09-30 17:30,Sestao River,Terrassa,LIQUIDADO,Any Other Home Win,,,Sestao River,Over 0.5 Goals,Over 1.5 Goals,Over 2.5 Goals,Over 3.5 Goals,Yes,Over 0.5 Goals,8/8,betfair_oficial
2026-09-30 19:34,2026-09-30 17:30,UAE,Qatar,LIQUIDADO,1 - 1,1,1,The Draw,Over 0.5 Goals,Over 1.5 Goals,Under 2.5 Goals,Under 3.5 Goals,Yes,Over 0.5 Goals,8/8,betfair_oficial
2026-09-30 19:34,2026-09-30 17:30,Hapoel Beit Shean Mesilot,Ironi Baka El Garbiya,LIQUIDADO,2 - 1,2,1,Hapoel Beit Shean Mesilot,Over 0.5 Goals,Over 1.5 Goals,Over 2.5 Goals,Under 3.5 Goals,Yes,Under 0.5 Goals,8/8,betfair_oficial
2026-09-30 19:39,2026-09-30 17:30,Bahrain,Yemen,LIQUIDADO,Any Other Away Win,,,Yemen,Over 0.5 Goals,Over 1.5 Goals,Over 2.5 Goals,Over 3.5 Goals,Yes,Over 0.5 Goals,8/8,betfair_oficial
2026-09-30 19:54,2026-09-30 18:00,Durham (W),Man Utd (W),LIQUIDADO,Any Other Away Win,,,Man Utd (W),Over 0.5 Goals,Over 1.5 Goals,Over 2.5 Goals,Over 3.5 Goals,Yes,Over 0.5 Goals,8/8,betfair_oficial
2026-09-30 19:54,2026-09-30 18:00,Rangers LFC (W),Hammarby (W),LIQUIDADO,0 - 3,0,3,Hammarby (W),Over 0.5 Goals,Over 1.5 Goals,Over 2.5 Goals,Under 3.5 Goals,No,Over 0.5 Goals,8/8,betfair_oficial
2026-09-30 19:59,2026-09-30 18:00,West Ham United (W),Southampton (W),LIQUIDADO,3 - 1,3,1,West Ham United (W),Over 0.5 Goals,Over 1.5 Goals,Over 2.5 Goals,Over 3.5 Goals,Yes,Over 0.5 Goals,8/8,betfair_oficial
2026-09-30 19:59,2026-09-30 18:00,Middlesbrough U21,Juventus Turin U21,LIQUIDADO,1 - 0,1,0,Middlesbrough U21,Over 0.5 Goals,Under 1.5 Goals,Under 2.5 Goals,Under 3.5 Goals,No,Under 0.5 Goals,8/8,betfair_oficial
2026-09-30 19:59,2026-09-30 18:00,Crystal Palace (W),Charlton (W),LIQUIDADO,3 - 0,3,0,Crystal Palace (W),Over 0.5 Goals,Over 1.5 Goals,Over 2.5 Goals,Under 3.5 Goals,No,Over 0.5 Goals,8/8,betfair_oficial
2026-09-30 19:59,2026-09-30 18:00,Tzeirey Tira FC,MS Jerusalem,LIQUIDADO,0 - 2,0,2,MS Jerusalem,Over 0.5 Goals,Over 1.5 Goals,Under 2.5 Goals,Under 3.5 Goals,No,Over 0.5 Goals,8/8,betfair_oficial
2026-09-30 20:04,2026-09-30 18:00,Nottingham Forest U21,Sporting CP U21,LIQUIDADO,Any Other Away Win,,,Sporting Cp U21,Over 0.5 Goals,Over 1.5 Goals,Over 2.5 Goals,Over 3.5 Goals,Yes,Over 0.5 Goals,8/8,betfair_oficial
2026-09-30 20:04,2026-09-30 18:00,Leicester U21,Real Sociedad U21,LIQUIDADO,Any Other Away Win,,,Real Sociedad U21,Over 0.5 Goals,Over 1.5 Goals,Over 2.5 Goals,Over 3.5 Goals,No,Over 0.5 Goals,8/8,betfair_oficial
2026-09-30 20:04,2026-09-30 18:00,Birmingham (W),Liverpool (W),LIQUIDADO,Any Other Away Win,,,Liverpool (W),Over 0.5 Goals,Over 1.5 Goals,Over 2.5 Goals,Over 3.5 Goals,Yes,Over 0.5 Goals,8/8,betfair_oficial
2026-09-30 20:19,2026-09-30 18:00,FC Kreuzlingen,SC Bruhl St Gallen,LIQUIDADO,3 - 0,3,0,FC Kreuzlingen,Over 0.5 Goals,Over 1.5 Goals,Over 2.5 Goals,Under 3.5 Goals,No,Over 0.5 Goals,8/8,betfair_oficial
2026-09-30 20:24,2026-09-30 18:30,Ipswich (W),London City Lionesses,LIQUIDADO,0 - 1,0,1,London City Lionesses,Over 0.5 Goals,Under 1.5 Goals,Under 2.5 Goals,Under 3.5 Goals,No,Under 0.5 Goals,8/8,betfair_oficial
2026-09-30 20:24,2026-09-30 18:30,Aston Villa (W),Newcastle Utd (W),LIQUIDADO,3 - 1,3,1,Aston Villa (W),Over 0.5 Goals,Over 1.5 Goals,Over 2.5 Goals,Over 3.5 Goals,Yes,Over 0.5 Goals,8/8,betfair_oficial
2026-09-30 20:29,2026-09-30 18:30,Lito,Durazno FC,LIQUIDADO,2 - 0,2,0,Lito,Over 0.5 Goals,Over 1.5 Goals,Under 2.5 Goals,Under 3.5 Goals,No,Over 0.5 Goals,8/8,betfair_oficial
2026-09-30 20:39,2026-09-30 18:45,Sporting Lisbon (W),Brondby (W),LIQUIDADO,2 - 2,2,2,The Draw,Over 0.5 Goals,Over 1.5 Goals,Over 2.5 Goals,Over 3.5 Goals,Yes,Over 0.5 Goals,8/8,betfair_oficial
2026-09-30 20:44,2026-09-30 18:45,Eastleigh,Southend,LIQUIDADO,1 - 1,1,1,The Draw,Over 0.5 Goals,Over 1.5 Goals,Under 2.5 Goals,Under 3.5 Goals,Yes,Over 0.5 Goals,8/8,betfair_oficial
2026-09-30 20:44,2026-09-30 18:45,Tamworth FC,Sutton Utd,LIQUIDADO,2 - 0,2,0,Tamworth FC,Over 0.5 Goals,Over 1.5 Goals,Under 2.5 Goals,Under 3.5 Goals,No,Under 0.5 Goals,8/8,betfair_oficial
2026-09-30 20:44,2026-09-30 18:45,Brighton (W),Tottenham (W),LIQUIDADO,0 - 1,0,1,Tottenham (W),Over 0.5 Goals,Under 1.5 Goals,Under 2.5 Goals,Under 3.5 Goals,No,Over 0.5 Goals,8/8,betfair_oficial
2026-09-30 20:54,2026-09-30 19:00,SCU Torreense (W),Metalist Kharkiv (W),LIQUIDADO,Any Other Home Win,,,SCU Torreense (W),Over 0.5 Goals,Over 1.5 Goals,Over 2.5 Goals,Over 3.5 Goals,Yes,Over 0.5 Goals,8/8,betfair_oficial
2026-09-30 20:59,2026-09-30 19:00,Cerro Largo FC,CA Rentistas,LIQUIDADO,1 - 0,1,0,Cerro Largo FC,Over 0.5 Goals,Under 1.5 Goals,Under 2.5 Goals,Under 3.5 Goals,No,Under 0.5 Goals,8/8,betfair_oficial
2026-09-30 20:59,2026-09-30 19:00,S.L. Benfica (W),Bayern Munich (W),LIQUIDADO,0 - 3,0,3,Bayern Munich (W),Over 0.5 Goals,Over 1.5 Goals,Over 2.5 Goals,Under 3.5 Goals,No,Under 0.5 Goals,8/8,betfair_oficial
2026-09-30 20:59,2026-09-30 19:00,Defensor Sporting,Plaza Colonia,LIQUIDADO,0 - 1,0,1,Plaza Colonia,Over 0.5 Goals,Under 1.5 Goals,Under 2.5 Goals,Under 3.5 Goals,No,Over 0.5 Goals,8/8,betfair_oficial
2026-09-30 21:04,2026-09-30 19:00,Lyon (W),Chelsea (W),LIQUIDADO,0 - 0,0,0,The Draw,Under 0.5 Goals,Under 1.5 Goals,Under 2.5 Goals,Under 3.5 Goals,No,Under 0.5 Goals,8/8,betfair_oficial
2026-09-30 21:09,2026-09-30 19:00,Deportivo Coatepeque,Quiche FC,LIQUIDADO,1 - 0,1,0,Deportivo Coatepeque,Over 0.5 Goals,Under 1.5 Goals,Under 2.5 Goals,Under 3.5 Goals,No,Over 0.5 Goals,8/8,betfair_oficial
2026-09-30 21:54,2026-09-30 20:00,Independiente FBC,Nacional (Par),LIQUIDADO,2 - 2,2,2,The Draw,Over 0.5 Goals,Over 1.5 Goals,Over 2.5 Goals,Over 3.5 Goals,Yes,Over 0.5 Goals,8/8,betfair_oficial
2026-09-30 21:59,2026-09-30 20:00,Salcedo FC,Delfines Del Este,LIQUIDADO,1 - 0,1,0,Salcedo FC,Over 0.5 Goals,Under 1.5 Goals,Under 2.5 Goals,Under 3.5 Goals,No,Over 0.5 Goals,8/8,betfair_oficial
2026-09-30 22:09,2026-09-30 20:00,Cienciano,CD Los Chankas,LIQUIDADO,1 - 1,1,1,The Draw,Over 0.5 Goals,Over 1.5 Goals,Under 2.5 Goals,Under 3.5 Goals,Yes,Under 0.5 Goals,8/8,betfair_oficial
2026-09-30 23:04,2026-09-30 21:00,Union San Felipe,San Luis,LIQUIDADO,0 - 1,0,1,San Luis,Over 0.5 Goals,Under 1.5 Goals,Under 2.5 Goals,Under 3.5 Goals,No,Under 0.5 Goals,8/8,betfair_oficial
2026-09-30 23:04,2026-09-30 21:00,Club Deportivo Iztapa,Juventud Copalera,LIQUIDADO,Any Other Away Win,,,Juventud Copalera,Over 0.5 Goals,Over 1.5 Goals,Over 2.5 Goals,Over 3.5 Goals,Yes,Over 0.5 Goals,8/8,betfair_oficial
2026-09-30 23:19,2026-09-30 21:00,AFF Guatemala,Fraijanes FC,LIQUIDADO,1 - 2,1,2,Fraijanes FC,Over 0.5 Goals,Over 1.5 Goals,Over 2.5 Goals,Under 3.5 Goals,Yes,Over 0.5 Goals,8/8,betfair_oficial
2026-09-30 23:39,2026-09-30 21:00,CD Aguila,Internacional Santa Tecla,LIQUIDADO,2 - 1,2,1,CD Aguila,Over 0.5 Goals,Over 1.5 Goals,Over 2.5 Goals,Under 3.5 Goals,Yes,Under 0.5 Goals,8/8,betfair_oficial
2026-09-30 23:39,2026-09-30 21:30,CSD Amatitlan,S Lucia Cotzumalguapa,LIQUIDADO,2 - 0,2,0,CSD Amatitlan,Over 0.5 Goals,Over 1.5 Goals,Under 2.5 Goals,Under 3.5 Goals,No,Over 0.5 Goals,8/8,betfair_oficial
2026-09-30 23:39,2026-09-30 21:30,CD Aguila,Internacional Santa Tecla,LIQUIDADO,2 - 1,2,1,CD Aguila,Over 0.5 Goals,Over 1.5 Goals,Over 2.5 Goals,Under 3.5 Goals,Yes,Under 0.5 Goals,8/8,betfair_oficial
2026-10-01 00:29,2026-09-30 22:30,Cerro Porteno,Rubio Nu,LIQUIDADO,2 - 1,2,1,Cerro Porteno,Over 0.5 Goals,Over 1.5 Goals,Over 2.5 Goals,Under 3.5 Goals,Yes,Over 0.5 Goals,8/8,betfair_oficial
2026-10-01 00:34,2026-09-30 22:30,Real Tomayapo,Nacional Potosi,LIQUIDADO,1 - 1,1,1,The Draw,Over 0.5 Goals,Over 1.5 Goals,Under 2.5 Goals,Under 3.5 Goals,Yes,Under 0.5 Goals,8/8,betfair_oficial
2026-10-01 00:59,2026-09-30 23:00,Torque,Penarol,LIQUIDADO,1 - 1,1,1,The Draw,Over 0.5 Goals,Over 1.5 Goals,Under 2.5 Goals,Under 3.5 Goals,Yes,Over 0.5 Goals,8/8,betfair_oficial
2026-10-01 01:04,2026-09-30 23:00,Deportes Concepcion,OHiggins,LIQUIDADO,0 - 1,0,1,OHiggins,Over 0.5 Goals,Under 1.5 Goals,Under 2.5 Goals,Under 3.5 Goals,No,Under 0.5 Goals,8/8,betfair_oficial
2026-10-01 01:09,2026-09-30 23:00,Correcaminos (Premier),Heroes de Zaci FC,LIQUIDADO,3 - 0,3,0,Correcaminos (Premier),Over 0.5 Goals,Over 1.5 Goals,Over 2.5 Goals,Under 3.5 Goals,No,Over 0.5 Goals,8/8,betfair_oficial
2026-10-01 01:19,2026-09-30 23:00,Atletico Ottawa,Cavalry,LIQUIDADO,3 - 2,3,2,Atletico Ottawa,Over 0.5 Goals,Over 1.5 Goals,Over 2.5 Goals,Over 3.5 Goals,Yes,Over 0.5 Goals,8/8,betfair_oficial
2026-10-01 01:39,2026-09-30 23:30,New York Red Bulls,St Louis City SC,LIQUIDADO,0 - 3,0,3,St Louis City SC,Over 0.5 Goals,Over 1.5 Goals,Over 2.5 Goals,Under 3.5 Goals,No,Over 0.5 Goals,8/8,betfair_oficial
2026-10-01 01:59,2026-10-01 00:00,Argentina,Bolivia,LIQUIDADO,Any Other Home Win,,,Argentina,Over 0.5 Goals,Over 1.5 Goals,Over 2.5 Goals,Over 3.5 Goals,No,Over 0.5 Goals,8/8,betfair_oficial
2026-10-01 03:04,2026-10-01 00:00,Alianza FC (SLV),CD Platense,LIQUIDADO,2 - 1,2,1,Alianza FC (SLV),Over 0.5 Goals,Over 1.5 Goals,Over 2.5 Goals,Under 3.5 Goals,Yes,Over 0.5 Goals,8/8,betfair_oficial
2026-10-01 03:04,2026-10-01 00:00,Tulsa Roughnecks FC,New Mexico United,LIQUIDADO,1 - 0,1,0,Tulsa Roughnecks FC,Over 0.5 Goals,Under 1.5 Goals,Under 2.5 Goals,Under 3.5 Goals,No,Over 0.5 Goals,8/8,betfair_oficial
2026-10-01 03:04,2026-10-01 00:30,Oriente Petrolero,The Strongest,LIQUIDADO,1 - 1,1,1,The Draw,Over 0.5 Goals,Over 1.5 Goals,Under 2.5 Goals,Under 3.5 Goals,Yes,Over 0.5 Goals,8/8,betfair_oficial
2026-10-01 03:04,2026-10-01 01:00,Nueva Santa Rosa CDF,Deportivo Mictlan,LIQUIDADO,Any Other Home Win,,,Nueva Santa Rosa CDF,Over 0.5 Goals,Over 1.5 Goals,Over 2.5 Goals,Over 3.5 Goals,Yes,Over 0.5 Goals,8/8,betfair_oficial
2026-10-01 03:04,2026-10-01 01:00,Atletico Nacional Medell,Junior FC Barranquilla,LIQUIDADO,3 - 1,3,1,Atletico Nacional Medell,Over 0.5 Goals,Over 1.5 Goals,Over 2.5 Goals,Over 3.5 Goals,Yes,Over 0.5 Goals,8/8,betfair_oficial
2026-10-01 03:29,2026-10-01 01:00,Deportivo Gomerano,Chichicasteco FC,LIQUIDADO,,,,,,,,,,,8/8,betfair_oficial
2026-10-01 03:49,2026-10-01 02:00,CD Fas,AD Isidro Metapan,LIQUIDADO,,,,,,,,,,,8/8,betfair_oficial
2026-10-01 04:14,2026-10-01 02:00,Sacramento Republic,Las Vegas Lights FC,LIQUIDADO,3 - 2,3,2,Sacramento Republic,Over 0.5 Goals,Over 1.5 Goals,Over 2.5 Goals,Over 3.5 Goals,Yes,Over 0.5 Goals,8/8,betfair_oficial
2026-10-01 06:59,2026-10-01 05:00,Khovd Western,Deren FC,LIQUIDADO,Any Other Away Win,,,Deren FC,Over 0.5 Goals,Over 1.5 Goals,Over 2.5 Goals,Over 3.5 Goals,Yes,Over 0.5 Goals,8/8,betfair_oficial
2026-10-01 07:34,2026-10-01 05:30,FC Real Bengaluru,FC Agniputhra,LIQUIDADO,2 - 2,2,2,The Draw,Over 0.5 Goals,Over 1.5 Goals,Over 2.5 Goals,Over 3.5 Goals,Yes,Over 0.5 Goals,8/8,betfair_oficial
2026-10-01 08:09,2026-10-01 06:10,Panama,New Zealand,LIQUIDADO,1 - 1,1,1,The Draw,Over 0.5 Goals,Over 1.5 Goals,Under 2.5 Goals,Under 3.5 Goals,Yes,Over 0.5 Goals,8/8,betfair_oficial
2026-10-01 09:59,2026-10-01 08:00,HAL SC Bangalore,Bengaluru United,LIQUIDADO,1 - 2,1,2,Bengaluru United,Over 0.5 Goals,Over 1.5 Goals,Over 2.5 Goals,Under 3.5 Goals,Yes,Under 0.5 Goals,8/8,betfair_oficial
2026-10-01 10:04,2026-10-01 08:00,North District,Southern District,LIQUIDADO,2 - 1,2,1,North District,Over 0.5 Goals,Over 1.5 Goals,Over 2.5 Goals,Under 3.5 Goals,Yes,Under 0.5 Goals,8/8,betfair_oficial
2026-10-01 12:14,2026-10-01 10:10,Japan,Ecuador,LIQUIDADO,0 - 0,0,0,The Draw,Under 0.5 Goals,Under 1.5 Goals,Under 2.5 Goals,Under 3.5 Goals,No,Under 0.5 Goals,8/8,betfair_oficial
2026-10-01 12:29,2026-10-01 10:30,Parikrma,ASC,LIQUIDADO,1 - 0,1,0,Parikrma,Over 0.5 Goals,Under 1.5 Goals,Under 2.5 Goals,Under 3.5 Goals,No,Under 0.5 Goals,8/8,betfair_oficial
2026-10-01 12:59,2026-10-01 11:00,Mombasa United,FC Kariobangi Sharks,LIQUIDADO,2 - 1,2,1,Mombasa United,Over 0.5 Goals,Over 1.5 Goals,Over 2.5 Goals,Under 3.5 Goals,Yes,Under 0.5 Goals,8/8,betfair_oficial
2026-10-01 12:59,2026-10-01 11:00,Shatin SA,Hong Kong FC,LIQUIDADO,2 - 2,2,2,The Draw,Over 0.5 Goals,Over 1.5 Goals,Over 2.5 Goals,Over 3.5 Goals,Yes,Over 0.5 Goals,8/8,betfair_oficial
2026-10-01 13:34,2026-10-01 11:30,Langsning SC,Shillong Lajong FC Reserves,LIQUIDADO,0 - 2,0,2,Shillong Lajong FC Reserves,Over 0.5 Goals,Over 1.5 Goals,Under 2.5 Goals,Under 3.5 Goals,No,Over 0.5 Goals,8/8,betfair_oficial
2026-10-01 13:54,2026-10-01 12:00,Kababir,Tzofey Haifa Samir Farhud,LIQUIDADO,Any Other Away Win,,,Tzofey Haifa Samir Farhud,Over 0.5 Goals,Over 1.5 Goals,Over 2.5 Goals,Over 3.5 Goals,No,Over 0.5 Goals,8/8,betfair_oficial
2026-10-01 14:09,2026-10-01 12:00,Maccabi Ihud Bnei Avtin,Hapoel Bnei Bi'ina,LIQUIDADO,3 - 1,3,1,Maccabi Ihud Bnei Avtin,Over 0.5 Goals,Over 1.5 Goals,Over 2.5 Goals,Over 3.5 Goals,Yes,Over 0.5 Goals,8/8,betfair_oficial
2026-10-01 14:39,2026-10-01 12:30,El Mansurah,FC Masar,LIQUIDADO,2 - 0,2,0,El Mansurah,Over 0.5 Goals,Over 1.5 Goals,Under 2.5 Goals,Under 3.5 Goals,No,Under 0.5 Goals,8/8,betfair_oficial
2026-10-01 14:39,2026-10-01 12:30,La Viena FC,Al Nasr Cairo,LIQUIDADO,1 - 3,1,3,Al Nasr Cairo,Over 0.5 Goals,Over 1.5 Goals,Over 2.5 Goals,Over 3.5 Goals,Yes,Under 0.5 Goals,8/8,betfair_oficial
2026-10-01 14:39,2026-10-01 12:30,Pharco FC,Tersana SC,LIQUIDADO,0 - 1,0,1,Tersana SC,Over 0.5 Goals,Under 1.5 Goals,Under 2.5 Goals,Under 3.5 Goals,No,Under 0.5 Goals,8/8,betfair_oficial
2026-10-01 14:44,2026-10-01 12:30,El Seka Elhadeed,El Entag El Harby,LIQUIDADO,Any Other Home Win,,,El Seka Elhadeed,Over 0.5 Goals,Over 1.5 Goals,Over 2.5 Goals,Over 3.5 Goals,Yes,Over 0.5 Goals,8/8,betfair_oficial
2026-10-01 15:19,2026-10-01 13:15,United FC,Hatta,LIQUIDADO,3 - 2,3,2,United FC,Over 0.5 Goals,Over 1.5 Goals,Over 2.5 Goals,Over 3.5 Goals,Yes,Over 0.5 Goals,8/8,betfair_oficial
2026-10-01 15:19,2026-10-01 13:15,Al Sharjah,Al Dhafra,LIQUIDADO,2 - 1,2,1,Al Sharjah,Over 0.5 Goals,Over 1.5 Goals,Over 2.5 Goals,Under 3.5 Goals,Yes,Over 0.5 Goals,8/8,betfair_oficial
2026-10-01 15:29,2026-10-01 13:30,Al-Nasr,Samail,LIQUIDADO,3 - 3,3,3,The Draw,Over 0.5 Goals,Over 1.5 Goals,Over 2.5 Goals,Over 3.5 Goals,Yes,Over 0.5 Goals,8/8,betfair_oficial
2026-10-01 15:34,2026-10-01 13:30,Hapoel Ihud Bnei Jat,Maccabi Nujeidat Ahmad,LIQUIDADO,2 - 0,2,0,Hapoel Ihud Bnei Jat,Over 0.5 Goals,Over 1.5 Goals,Under 2.5 Goals,Under 3.5 Goals,No,Over 0.5 Goals,8/8,betfair_oficial
2026-10-01 16:29,2026-10-01 14:25,Bahla,Fanja,LIQUIDADO,Any Other Home Win,,,Bahla,Over 0.5 Goals,Over 1.5 Goals,Over 2.5 Goals,Over 3.5 Goals,No,Over 0.5 Goals,8/8,betfair_oficial
2026-10-01 16:34,2026-10-01 14:25,Al Msnaa,Ibri,LIQUIDADO,2 - 2,2,2,The Draw,Over 0.5 Goals,Over 1.5 Goals,Over 2.5 Goals,Over 3.5 Goals,Yes,Over 0.5 Goals,8/8,betfair_oficial
2026-10-01 16:54,2026-10-01 15:00,Al Gharafa,Al Mesaimeer,LIQUIDADO,Any Other Home Win,,,Al Gharafa,Over 0.5 Goals,Over 1.5 Goals,Over 2.5 Goals,Over 3.5 Goals,Yes,Over 0.5 Goals,8/8,betfair_oficial
2026-10-01 17:54,2026-10-01 15:45,Bani Yas,Al Wahda (Abu Dhabi),LIQUIDADO,3 - 1,3,1,Bani Yas,Over 0.5 Goals,Over 1.5 Goals,Over 2.5 Goals,Over 3.5 Goals,Yes,Over 0.5 Goals,8/8,betfair_oficial
2026-10-01 17:54,2026-10-01 16:00,Maccabi Kabilio Jaffa,Hapoel Akko,LIQUIDADO,1 - 0,1,0,Maccabi Kabilio Jaffa,Over 0.5 Goals,Under 1.5 Goals,Under 2.5 Goals,Under 3.5 Goals,No,Under 0.5 Goals,8/8,betfair_oficial
2026-10-01 17:54,2026-10-01 16:00,Madla,Viking,LIQUIDADO,0 - 3,0,3,Viking,Over 0.5 Goals,Over 1.5 Goals,Over 2.5 Goals,Under 3.5 Goals,No,Under 0.5 Goals,8/8,betfair_oficial
2026-10-01 17:54,2026-10-01 16:00,Baerum,Lillestrom,LIQUIDADO,Any Other Away Win,,,Lillestrom,Over 0.5 Goals,Over 1.5 Goals,Over 2.5 Goals,Over 3.5 Goals,Yes,Over 0.5 Goals,8/8,betfair_oficial
2026-10-01 17:54,2026-10-01 16:00,FC Ashdod,Maccabi Herzliya,LIQUIDADO,1 - 0,1,0,FC Ashdod,Over 0.5 Goals,Under 1.5 Goals,Under 2.5 Goals,Under 3.5 Goals,No,Over 0.5 Goals,8/8,betfair_oficial
2026-10-01 17:54,2026-10-01 16:00,Hapoel Raanana,MS Kfar Kasem,LIQUIDADO,1 - 2,1,2,MS Kfar Kasem,Over 0.5 Goals,Over 1.5 Goals,Over 2.5 Goals,Under 3.5 Goals,Yes,Over 0.5 Goals,8/8,betfair_oficial
2026-10-01 17:59,2026-10-01 16:00,Hapoel Afula,Hapoel Rishon Lezion,LIQUIDADO,2 - 2,2,2,The Draw,Over 0.5 Goals,Over 1.5 Goals,Over 2.5 Goals,Over 3.5 Goals,Yes,Over 0.5 Goals,8/8,betfair_oficial
2026-10-01 17:59,2026-10-01 16:00,Jerash SC,Al Ahli Amman,LIQUIDADO,2 - 1,2,1,Jerash SC,Over 0.5 Goals,Over 1.5 Goals,Over 2.5 Goals,Under 3.5 Goals,Yes,Under 0.5 Goals,8/8,betfair_oficial
2026-10-01 17:59,2026-10-01 16:00,Bnei Yehuda,FC Maccabi Kiryat Gat Dudu,LIQUIDADO,2 - 1,2,1,Bnei Yehuda,Over 0.5 Goals,Over 1.5 Goals,Over 2.5 Goals,Under 3.5 Goals,Yes,Over 0.5 Goals,8/8,betfair_oficial
2026-10-01 17:59,2026-10-01 16:00,SC Kiryat Yam,Hapoel Kfar Saba,LIQUIDADO,2 - 0,2,0,SC Kiryat Yam,Over 0.5 Goals,Over 1.5 Goals,Under 2.5 Goals,Under 3.5 Goals,No,Over 0.5 Goals,8/8,betfair_oficial
2026-10-01 17:59,2026-10-01 16:00,Maccabi Bnei Raina,Hapoel Kfar Shelem,LIQUIDADO,1 - 2,1,2,Hapoel Kfar Shelem,Over 0.5 Goals,Over 1.5 Goals,Over 2.5 Goals,Under 3.5 Goals,Yes,Over 0.5 Goals,8/8,betfair_oficial
2026-10-01 17:59,2026-10-01 16:00,Azerbaijan,Liechtenstein,LIQUIDADO,0 - 0,0,0,The Draw,Under 0.5 Goals,Under 1.5 Goals,Under 2.5 Goals,Under 3.5 Goals,No,Under 0.5 Goals,8/8,betfair_oficial
2026-10-01 18:04,2026-10-01 16:00,Yarmouk,Amman,LIQUIDADO,1 - 1,1,1,The Draw,Over 0.5 Goals,Over 1.5 Goals,Under 2.5 Goals,Under 3.5 Goals,Yes,Over 0.5 Goals,8/8,betfair_oficial
2026-10-01 18:04,2026-10-01 16:00,Sderot FC,Hapoel Azor,LIQUIDADO,0 - 0,0,0,The Draw,Under 0.5 Goals,Under 1.5 Goals,Under 2.5 Goals,Under 3.5 Goals,No,Under 0.5 Goals,8/8,betfair_oficial
2026-10-01 18:04,2026-10-01 16:00,Etihad Al Ramtha,Al Sarhan,LIQUIDADO,2 - 1,2,1,Etihad Al Ramtha,Over 0.5 Goals,Over 1.5 Goals,Over 2.5 Goals,Under 3.5 Goals,Yes,Under 0.5 Goals,8/8,betfair_oficial
2026-10-01 18:09,2026-10-01 16:00,Asante Kotoko,Karela United FC,LIQUIDADO,1 - 0,1,0,Asante Kotoko,Over 0.5 Goals,Under 1.5 Goals,Under 2.5 Goals,Under 3.5 Goals,No,Over 0.5 Goals,8/8,betfair_oficial
2026-10-01 18:09,2026-10-01 16:00,Guinea,Kenya,LIQUIDADO,1 - 0,1,0,Guinea,Over 0.5 Goals,Under 1.5 Goals,Under 2.5 Goals,Under 3.5 Goals,No,Over 0.5 Goals,8/8,betfair_oficial
2026-10-01 18:19,2026-10-01 16:00,Maccabi Ahi Nazareth,Ironi Modiin,LIQUIDADO,1 - 2,1,2,Ironi Modiin,Over 0.5 Goals,Over 1.5 Goals,Over 2.5 Goals,Under 3.5 Goals,Yes,Over 0.5 Goals,8/8,betfair_oficial
2026-10-01 18:29,2026-10-01 16:30,Hapoel Umm Al Fahm,Hapoel Ironi Karmiel,LIQUIDADO,0 - 0,0,0,The Draw,Under 0.5 Goals,Under 1.5 Goals,Under 2.5 Goals,Under 3.5 Goals,No,Under 0.5 Goals,8/8,betfair_oficial
2026-10-01 18:29,2026-10-01 16:30,MK Kfar Saba 1928,Hapoel Marmorek,LIQUIDADO,2 - 2,2,2,The Draw,Over 0.5 Goals,Over 1.5 Goals,Over 2.5 Goals,Over 3.5 Goals,Yes,Over 0.5 Goals,8/8,betfair_oficial
2026-10-01 18:44,2026-10-01 16:45,FK Austria Wien (W),Inter Milan (W),LIQUIDADO,1 - 1,1,1,The Draw,Over 0.5 Goals,Over 1.5 Goals,Under 2.5 Goals,Under 3.5 Goals,Yes,Over 0.5 Goals,8/8,betfair_oficial
2026-10-01 18:44,2026-10-01 16:45,Koge (W),Servette FC (W),LIQUIDADO,Any Other Home Win,,,Koge (W),Over 0.5 Goals,Over 1.5 Goals,Over 2.5 Goals,Over 3.5 Goals,Yes,Over 0.5 Goals,8/8,betfair_oficial
2026-10-01 19:14,2026-10-01 17:15,Al Shamal,Al Mu Aidar SC,LIQUIDADO,2 - 1,2,1,Al Shamal,Over 0.5 Goals,Over 1.5 Goals,Over 2.5 Goals,Under 3.5 Goals,Yes,Over 0.5 Goals,8/8,betfair_oficial
2026-10-01 19:19,2026-10-01 17:15,Qatar SC,Al Bidda,LIQUIDADO,1 - 0,1,0,Qatar SC,Over 0.5 Goals,Under 1.5 Goals,Under 2.5 Goals,Under 3.5 Goals,No,Over 0.5 Goals,8/8,betfair_oficial
2026-10-01 20:04,2026-10-01 15:00,MS Tzeirey Kfar Kana,Shefa-amr FC,LIQUIDADO,,,,,,,,,,,8/8,betfair_oficial
2026-10-01 20:39,2026-10-01 18:45,Germany,Serbia,LIQUIDADO,2 - 0,2,0,Germany,Over 0.5 Goals,Over 1.5 Goals,Under 2.5 Goals,Under 3.5 Goals,No,Over 0.5 Goals,8/8,betfair_oficial
2026-10-01 20:39,2026-10-01 18:45,Wales,Norway,LIQUIDADO,2 - 1,2,1,Wales,Over 0.5 Goals,Over 1.5 Goals,Over 2.5 Goals,Under 3.5 Goals,Yes,Over 0.5 Goals,8/8,betfair_oficial
2026-10-01 20:44,2026-10-01 18:45,Israel,Kosovo,LIQUIDADO,0 - 0,0,0,The Draw,Under 0.5 Goals,Under 1.5 Goals,Under 2.5 Goals,Under 3.5 Goals,No,Under 0.5 Goals,8/8,betfair_oficial
2026-10-01 20:44,2026-10-01 18:45,Malta,Gibraltar,LIQUIDADO,1 - 1,1,1,The Draw,Over 0.5 Goals,Over 1.5 Goals,Under 2.5 Goals,Under 3.5 Goals,Yes,Under 0.5 Goals,8/8,betfair_oficial
2026-10-01 20:44,2026-10-01 18:45,Greece,Netherlands,LIQUIDADO,2 - 2,2,2,The Draw,Over 0.5 Goals,Over 1.5 Goals,Over 2.5 Goals,Over 3.5 Goals,Yes,Over 0.5 Goals,8/8,betfair_oficial
2026-10-01 20:44,2026-10-01 18:45,Denmark,Portugal,LIQUIDADO,Any Other Away Win,,,Portugal,Over 0.5 Goals,Over 1.5 Goals,Over 2.5 Goals,Over 3.5 Goals,Yes,Over 0.5 Goals,8/8,betfair_oficial
2026-10-01 20:49,2026-10-01 18:45,Republic of Ireland,Austria,LIQUIDADO,2 - 2,2,2,The Draw,Over 0.5 Goals,Over 1.5 Goals,Over 2.5 Goals,Over 3.5 Goals,Yes,Over 0.5 Goals,8/8,betfair_oficial
2026-10-01 20:54,2026-10-01 19:00,Paris St-G (W),Oud-Heverlee Leuven (W),LIQUIDADO,Any Other Home Win,,,Paris St-G (W),Over 0.5 Goals,Over 1.5 Goals,Over 2.5 Goals,Over 3.5 Goals,No,Over 0.5 Goals,8/8,betfair_oficial
2026-10-01 20:59,2026-10-01 19:00,Man City (W),Real Madrid FC (W),LIQUIDADO,1 - 1,1,1,The Draw,Over 0.5 Goals,Over 1.5 Goals,Under 2.5 Goals,Under 3.5 Goals,Yes,Over 0.5 Goals,8/8,betfair_oficial
2026-10-01 21:54,2026-10-01 20:00,British Virgin Islands,Montserrat,LIQUIDADO,0 - 2,0,2,Montserrat,Over 0.5 Goals,Over 1.5 Goals,Under 2.5 Goals,Under 3.5 Goals,No,Over 0.5 Goals,8/8,betfair_oficial
2026-10-01 21:59,2026-10-01 20:00,US Virgin Islands,Saint Martin,LIQUIDADO,Any Other Away Win,,,Saint Martin,Over 0.5 Goals,Over 1.5 Goals,Over 2.5 Goals,Over 3.5 Goals,No,Over 0.5 Goals,8/8,betfair_oficial
2026-10-01 22:29,2026-10-01 20:30,Envigado,Orsomarso,LIQUIDADO,0 - 0,0,0,The Draw,Under 0.5 Goals,Under 1.5 Goals,Under 2.5 Goals,Under 3.5 Goals,No,Under 0.5 Goals,8/8,betfair_oficial
2026-10-01 22:54,2026-10-01 21:00,Dominica,Guyana,LIQUIDADO,Any Other Away Win,,,Guyana,Over 0.5 Goals,Over 1.5 Goals,Over 2.5 Goals,Over 3.5 Goals,Yes,Over 0.5 Goals,8/8,betfair_oficial
2026-10-01 23:39,2026-10-01 21:30,Fuerte San Francisco,CD Luis Angel Firpo,LIQUIDADO,0 - 3,0,3,CD Luis Angel Firpo,Over 0.5 Goals,Over 1.5 Goals,Over 2.5 Goals,Under 3.5 Goals,No,Over 0.5 Goals,8/8,betfair_oficial
2026-10-01 23:59,2026-10-01 22:00,Curacao,Trinidad & Tobago,LIQUIDADO,1 - 0,1,0,Curacao,Over 0.5 Goals,Under 1.5 Goals,Under 2.5 Goals,Under 3.5 Goals,No,Under 0.5 Goals,8/8,betfair_oficial
2026-10-02 00:34,2026-10-01 22:30,Bolivar,CD Gualberto Villarroel,LIQUIDADO,3 - 2,3,2,Bolivar,Over 0.5 Goals,Over 1.5 Goals,Over 2.5 Goals,Over 3.5 Goals,Yes,Over 0.5 Goals,8/8,betfair_oficial
2026-10-02 01:39,2026-10-01 23:30,Athletic Club,Sport Recife,LIQUIDADO,1 - 2,1,2,Sport Recife,Over 0.5 Goals,Over 1.5 Goals,Over 2.5 Goals,Under 3.5 Goals,Yes,Over 0.5 Goals,8/8,betfair_oficial
2026-10-02 01:54,2026-10-02 00:00,Cayman Islands,Puerto Rico,LIQUIDADO,0 - 3,0,3,Puerto Rico,Over 0.5 Goals,Over 1.5 Goals,Over 2.5 Goals,Under 3.5 Goals,No,Over 0.5 Goals,8/8,betfair_oficial
2026-10-02 01:59,2026-10-02 00:00,Novorizontino,Goias,LIQUIDADO,3 - 0,3,0,Novorizontino,Over 0.5 Goals,Over 1.5 Goals,Over 2.5 Goals,Under 3.5 Goals,No,Over 0.5 Goals,8/8,betfair_oficial
2026-10-02 03:04,2026-10-01 20:30,Cumbaya FC,Deportivo Santo Domingo,LIQUIDADO,,,,,,,,,,,8/8,betfair_oficial
2026-10-02 03:04,2026-10-02 00:00,CD Inca,CD Municipal Limeno,LIQUIDADO,2 - 1,2,1,CD Inca,Over 0.5 Goals,Over 1.5 Goals,Over 2.5 Goals,Under 3.5 Goals,Yes,Over 0.5 Goals,8/8,betfair_oficial
2026-10-02 03:04,2026-10-02 00:00,Dominican Republic,Haiti,LIQUIDADO,Any Other Away Win,,,Haiti,Over 0.5 Goals,Over 1.5 Goals,Over 2.5 Goals,Over 3.5 Goals,Yes,Over 0.5 Goals,8/8,betfair_oficial
2026-10-02 03:04,2026-10-02 00:15,CA Platense,Estudiantes,LIQUIDADO,1 - 0,1,0,CA Platense,Over 0.5 Goals,Under 1.5 Goals,Under 2.5 Goals,Under 3.5 Goals,No,Under 0.5 Goals,8/8,betfair_oficial
2026-10-02 03:04,2026-10-02 00:30,Blooming,CI Petrolero,LIQUIDADO,0 - 1,0,1,Club Independiente Petrolero,Over 0.5 Goals,Under 1.5 Goals,Under 2.5 Goals,Under 3.5 Goals,No,Under 0.5 Goals,8/8,betfair_oficial
2026-10-02 03:09,2026-10-02 01:00,AD Cariari Pococi,Municipal Santa Ana,LIQUIDADO,1 - 2,1,2,Municipal Santa Ana,Over 0.5 Goals,Over 1.5 Goals,Over 2.5 Goals,Under 3.5 Goals,Yes,Over 0.5 Goals,8/8,betfair_oficial
2026-10-02 03:39,2026-10-02 01:30,Seattle Sounders,Kansas City,LIQUIDADO,2 - 1,2,1,Seattle Sounders,Over 0.5 Goals,Over 1.5 Goals,Over 2.5 Goals,Under 3.5 Goals,Yes,Over 0.5 Goals,8/8,betfair_oficial
2026-10-02 03:59,2026-10-02 02:00,Nicaragua,Costa Rica,LIQUIDADO,0 - 3,0,3,Costa Rica,Over 0.5 Goals,Over 1.5 Goals,Over 2.5 Goals,Under 3.5 Goals,No,Under 0.5 Goals,8/8,betfair_oficial
2026-10-02 07:59,2026-10-02 06:00,China (W),South Korea (W),LIQUIDADO,0 - 1,0,1,South Korea (W),Over 0.5 Goals,Under 1.5 Goals,Under 2.5 Goals,Under 3.5 Goals,No,Over 0.5 Goals,8/8,betfair_oficial
2026-10-02 10:04,2026-10-02 08:00,Bengaluru B,Bangalore City FC,LIQUIDADO,3 - 1,3,1,Bengaluru B,Over 0.5 Goals,Over 1.5 Goals,Over 2.5 Goals,Over 3.5 Goals,Yes,Over 0.5 Goals,8/8,betfair_oficial
2026-10-02 10:59,2026-10-02 09:00,PWD Sports Club,Brothers Union,LIQUIDADO,1 - 1,1,1,The Draw,Over 0.5 Goals,Over 1.5 Goals,Under 2.5 Goals,Under 3.5 Goals,Yes,Over 0.5 Goals,8/8,betfair_oficial
2026-10-02 10:59,2026-10-02 09:00,Vietnam,Pakistan,LIQUIDADO,Any Other Home Win,,,Vietnam,Over 0.5 Goals,Over 1.5 Goals,Over 2.5 Goals,Over 3.5 Goals,Yes,Over 0.5 Goals,8/8,betfair_oficial
2026-10-02 11:09,2026-10-02 09:00,Fakirapool Young Men,Mohammedan Dhaka,LIQUIDADO,0 - 1,0,1,Mohammedan Dhaka,Over 0.5 Goals,Under 1.5 Goals,Under 2.5 Goals,Under 3.5 Goals,No,Over 0.5 Goals,8/8,betfair_oficial
2026-10-02 11:09,2026-10-02 09:00,Chattogram City,Bangladesh Police,LIQUIDADO,0 - 3,0,3,Bangladesh Police,Over 0.5 Goals,Over 1.5 Goals,Over 2.5 Goals,Under 3.5 Goals,No,Over 0.5 Goals,8/8,betfair_oficial
2026-10-02 11:29,2026-10-02 09:30,Chanmari FC,Dinthar FC,LIQUIDADO,1 - 0,1,0,Chanmari FC,Over 0.5 Goals,Under 1.5 Goals,Under 2.5 Goals,Under 3.5 Goals,No,Under 0.5 Goals,8/8,betfair_oficial
2026-10-02 11:39,2026-10-02 09:30,Mawlai SC,Sawmer SC,LIQUIDADO,2 - 1,2,1,Mawlai SC,Over 0.5 Goals,Over 1.5 Goals,Over 2.5 Goals,Under 3.5 Goals,Yes,Over 0.5 Goals,8/8,betfair_oficial
2026-10-02 11:59,2026-10-02 09:00,Thailand,Philippines,LIQUIDADO,1 - 2,1,2,Philippines,Over 0.5 Goals,Over 1.5 Goals,Over 2.5 Goals,Under 3.5 Goals,Yes,Over 0.5 Goals,8/8,betfair_oficial
2026-10-02 11:59,2026-10-02 10:00,Mio Biwako Shiga,Kumamoto,LIQUIDADO,0 - 0,0,0,The Draw,Under 0.5 Goals,Under 1.5 Goals,Under 2.5 Goals,Under 3.5 Goals,No,Under 0.5 Goals,8/8,betfair_oficial
2026-10-02 12:29,2026-10-02 10:30,Korea DPR (W),Japan (W),LIQUIDADO,2 - 2,2,2,The Draw,Over 0.5 Goals,Over 1.5 Goals,Over 2.5 Goals,Over 3.5 Goals,Yes,Over 0.5 Goals,8/8,betfair_oficial
2026-10-02 12:39,2026-10-02 10:30,Sporting Club Bengaluru,Kickstart FC,LIQUIDADO,1 - 2,1,2,Kickstart FC,Over 0.5 Goals,Over 1.5 Goals,Over 2.5 Goals,Under 3.5 Goals,Yes,Under 0.5 Goals,8/8,betfair_oficial
2026-10-02 12:59,2026-10-02 11:00,South Korea,Venezuela,LIQUIDADO,0 - 0,0,0,The Draw,Under 0.5 Goals,Under 1.5 Goals,Under 2.5 Goals,Under 3.5 Goals,No,Under 0.5 Goals,8/8,betfair_oficial
2026-10-02 13:39,2026-10-02 11:35,China,Palestine,LIQUIDADO,Any Other Away Win,,,Palestine,Over 0.5 Goals,Over 1.5 Goals,Over 2.5 Goals,Over 3.5 Goals,No,Over 0.5 Goals,8/8,betfair_oficial
2026-10-02 13:54,2026-10-02 12:00,AFC Odorheiu Secuiesc,KSE Targu Secuiesc,LIQUIDADO,1 - 3,1,3,KSE Targu Secuiesc,Over 0.5 Goals,Over 1.5 Goals,Over 2.5 Goals,Over 3.5 Goals,Yes,Over 0.5 Goals,8/8,betfair_oficial
2026-10-02 13:59,2026-10-02 12:00,De Red FC,Persipura Jayapura,LIQUIDADO,1 - 3,1,3,Persipura Jayapura,Over 0.5 Goals,Over 1.5 Goals,Over 2.5 Goals,Over 3.5 Goals,Yes,Under 0.5 Goals,8/8,betfair_oficial
2026-10-02 14:34,2026-10-02 12:30,Baladeyet Al-Mahalla,Team FC,LIQUIDADO,3 - 1,3,1,Baladeyet Al-Mahalla,Over 0.5 Goals,Over 1.5 Goals,Over 2.5 Goals,Over 3.5 Goals,Yes,Under 0.5 Goals,8/8,betfair_oficial
2026-10-02 14:34,2026-10-02 12:30,Kahraba Ismailia,Delta United,LIQUIDADO,2 - 0,2,0,Kahraba Ismailia,Over 0.5 Goals,Over 1.5 Goals,Under 2.5 Goals,Under 3.5 Goals,No,Over 0.5 Goals,8/8,betfair_oficial
2026-10-02 14:39,2026-10-02 12:30,El Daklyeh,Maleyeit Kafr El Zayiat,LIQUIDADO,2 - 1,2,1,El Daklyeh,Over 0.5 Goals,Over 1.5 Goals,Over 2.5 Goals,Under 3.5 Goals,Yes,Over 0.5 Goals,8/8,betfair_oficial
2026-10-02 14:39,2026-10-02 12:30,Tanta,Haras El Hodood,LIQUIDADO,0 - 2,0,2,Haras El Hodood,Over 0.5 Goals,Over 1.5 Goals,Under 2.5 Goals,Under 3.5 Goals,No,Under 0.5 Goals,8/8,betfair_oficial
2026-10-02 14:44,2026-10-02 12:30,Dayrout,Ismaily,LIQUIDADO,2 - 2,2,2,The Draw,Over 0.5 Goals,Over 1.5 Goals,Over 2.5 Goals,Over 3.5 Goals,Yes,Over 0.5 Goals,8/8,betfair_oficial
2026-10-02 14:44,2026-10-02 12:30,Proxy Work Club,Telecom Egypt SC,LIQUIDADO,0 - 3,0,3,Telecom Egypt SC,Over 0.5 Goals,Over 1.5 Goals,Over 2.5 Goals,Under 3.5 Goals,No,Over 0.5 Goals,8/8,betfair_oficial
2026-10-02 15:14,2026-10-02 13:15,Al Wasl,Al-Ittihad Kalba,LIQUIDADO,Any Other Home Win,,,Al Wasl,Over 0.5 Goals,Over 1.5 Goals,Over 2.5 Goals,Over 3.5 Goals,No,Under 0.5 Goals,8/8,betfair_oficial
2026-10-02 15:19,2026-10-02 13:15,Al Ain,Ajman Club,LIQUIDADO,2 - 3,2,3,Ajman Club,Over 0.5 Goals,Over 1.5 Goals,Over 2.5 Goals,Over 3.5 Goals,Yes,Over 0.5 Goals,8/8,betfair_oficial
2026-10-02 15:24,2026-10-02 13:00,DR Congo,Uganda,LIQUIDADO,0 - 2,0,2,Uganda,Over 0.5 Goals,Over 1.5 Goals,Under 2.5 Goals,Under 3.5 Goals,No,Over 0.5 Goals,8/8,betfair_oficial
2026-10-02 15:29,2026-10-02 13:30,Persiraja Banda Aceh,Sumset United,LIQUIDADO,1 - 2,1,2,Sumset United,Over 0.5 Goals,Over 1.5 Goals,Over 2.5 Goals,Under 3.5 Goals,Yes,Over 0.5 Goals,8/8,betfair_oficial
2026-10-02 15:34,2026-10-02 13:30,Dhufar,Oman FC,LIQUIDADO,0 - 1,0,1,Oman FC,Over 0.5 Goals,Under 1.5 Goals,Under 2.5 Goals,Under 3.5 Goals,No,Under 0.5 Goals,8/8,betfair_oficial
2026-10-02 15:59,2026-10-02 14:00,Kazakhstan,Moldova,LIQUIDADO,1 - 2,1,2,Moldova,Over 0.5 Goals,Over 1.5 Goals,Over 2.5 Goals,Under 3.5 Goals,Yes,Over 0.5 Goals,8/8,betfair_oficial
2026-10-02 15:59,2026-10-02 14:00,Usm Annaba,Paradou,LIQUIDADO,2 - 1,2,1,USM Annaba,Over 0.5 Goals,Over 1.5 Goals,Over 2.5 Goals,Under 3.5 Goals,Yes,Over 0.5 Goals,8/8,betfair_oficial
2026-10-02 16:04,2026-10-02 14:00,MO Constantine,CR Beni Thour,LIQUIDADO,2 - 1,2,1,MO Constantine,Over 0.5 Goals,Over 1.5 Goals,Over 2.5 Goals,Under 3.5 Goals,Yes,Over 0.5 Goals,8/8,betfair_oficial
2026-10-02 16:04,2026-10-02 14:00,US Chaouia,AS Khroub,LIQUIDADO,0 - 0,0,0,The Draw,Under 0.5 Goals,Under 1.5 Goals,Under 2.5 Goals,Under 3.5 Goals,No,Under 0.5 Goals,8/8,betfair_oficial
2026-10-02 16:04,2026-10-02 14:00,CA Batna,MSP Batna,LIQUIDADO,0 - 1,0,1,MSP Batna,Over 0.5 Goals,Under 1.5 Goals,Under 2.5 Goals,Under 3.5 Goals,No,Under 0.5 Goals,8/8,betfair_oficial
2026-10-02 16:09,2026-10-02 14:00,NRB Teleghma,NC Magra,LIQUIDADO,1 - 2,1,2,NC Magra,Over 0.5 Goals,Over 1.5 Goals,Over 2.5 Goals,Under 3.5 Goals,Yes,Over 0.5 Goals,8/8,betfair_oficial
2026-10-02 16:24,2026-10-02 14:25,Al Shabab,Saham,LIQUIDADO,2 - 1,2,1,Al Shabab,Over 0.5 Goals,Over 1.5 Goals,Over 2.5 Goals,Under 3.5 Goals,Yes,Over 0.5 Goals,8/8,betfair_oficial
2026-10-02 16:34,2026-10-02 14:30,Al Nahdha,Sohar,LIQUIDADO,2 - 1,2,1,AL Nahdha,Over 0.5 Goals,Over 1.5 Goals,Over 2.5 Goals,Under 3.5 Goals,Yes,Under 0.5 Goals,8/8,betfair_oficial
2026-10-02 16:49,2026-10-02 15:00,DR Congo,Uganda,LIQUIDADO,0 - 2,0,2,Uganda,Over 0.5 Goals,Over 1.5 Goals,Under 2.5 Goals,Under 3.5 Goals,No,Over 0.5 Goals,8/8,betfair_oficial
2026-10-02 16:54,2026-10-02 15:00,Tammeka Tartu,Viimsi JK,LIQUIDADO,Any Other Home Win,,,Tammeka Tartu,Over 0.5 Goals,Over 1.5 Goals,Over 2.5 Goals,Over 3.5 Goals,Yes,Over 0.5 Goals,8/8,betfair_oficial
2026-10-02 17:14,2026-10-02 11:00,SK Poltava,FC Chernigiv,LIQUIDADO,3 - 2,3,2,SK Poltava,Over 0.5 Goals,Over 1.5 Goals,Over 2.5 Goals,Over 3.5 Goals,Yes,Over 0.5 Goals,8/8,betfair_oficial
2026-10-02 17:19,2026-10-02 14:00,Mo Bejaia,IRB Nezla,LIQUIDADO,,,,,,,,,,,8/8,betfair_oficial
2026-10-02 17:44,2026-10-02 15:45,Al Ahli (UAE),Al Nasr (UAE),LIQUIDADO,1 - 1,1,1,The Draw,Over 0.5 Goals,Over 1.5 Goals,Under 2.5 Goals,Under 3.5 Goals,Yes,Over 0.5 Goals,8/8,betfair_oficial
2026-10-02 17:49,2026-10-02 15:45,Al-Khaleej Khor Fakkan,Al Jazira,LIQUIDADO,0 - 2,0,2,Al Jazira,Over 0.5 Goals,Over 1.5 Goals,Under 2.5 Goals,Under 3.5 Goals,No,Under 0.5 Goals,8/8,betfair_oficial
2026-10-02 17:54,2026-10-02 16:00,Dukla Prague,FK Jablonec,LIQUIDADO,0 - 1,0,1,FK Jablonec,Over 0.5 Goals,Under 1.5 Goals,Under 2.5 Goals,Under 3.5 Goals,No,Over 0.5 Goals,8/8,betfair_oficial
2026-10-02 17:59,2026-10-02 16:00,Latvia,Montenegro,LIQUIDADO,1 - 2,1,2,Montenegro,Over 0.5 Goals,Over 1.5 Goals,Over 2.5 Goals,Under 3.5 Goals,Yes,Over 0.5 Goals,8/8,betfair_oficial
2026-10-02 17:59,2026-10-02 16:00,Hayy Al-Amir Hassan,Alhashemyya,LIQUIDADO,0 - 0,0,0,The Draw,Under 0.5 Goals,Under 1.5 Goals,Under 2.5 Goals,Under 3.5 Goals,No,Under 0.5 Goals,8/8,betfair_oficial
2026-10-02 17:59,2026-10-02 16:00,FUS Rabat,US Amal Tiznit,LIQUIDADO,0 - 1,0,1,US Amal Tiznit,Over 0.5 Goals,Under 1.5 Goals,Under 2.5 Goals,Under 3.5 Goals,No,Under 0.5 Goals,8/8,betfair_oficial
2026-10-02 17:59,2026-10-02 16:00,Cyprus,Armenia,LIQUIDADO,2 - 0,2,0,Cyprus,Over 0.5 Goals,Over 1.5 Goals,Under 2.5 Goals,Under 3.5 Goals,No,Over 0.5 Goals,8/8,betfair_oficial
2026-10-02 17:59,2026-10-02 16:00,Al Sareeh,Ma'an,LIQUIDADO,0 - 2,0,2,Ma'an,Over 0.5 Goals,Over 1.5 Goals,Under 2.5 Goals,Under 3.5 Goals,No,Over 0.5 Goals,8/8,betfair_oficial
2026-10-02 18:34,2026-10-02 16:30,Leverkusen (W),Werder Bremen (W),LIQUIDADO,3 - 2,3,2,Leverkusen (W),Over 0.5 Goals,Over 1.5 Goals,Over 2.5 Goals,Over 3.5 Goals,Yes,Over 0.5 Goals,8/8,betfair_oficial
2026-10-02 18:54,2026-10-02 17:00,Naestved,Nykobing FC,LIQUIDADO,1 - 1,1,1,The Draw,Over 0.5 Goals,Over 1.5 Goals,Under 2.5 Goals,Under 3.5 Goals,Yes,Under 0.5 Goals,8/8,betfair_oficial
2026-10-02 18:54,2026-10-02 17:00,Ranheim IL,Egersund,LIQUIDADO,Any Other Home Win,,,Ranheim IL,Over 0.5 Goals,Over 1.5 Goals,Over 2.5 Goals,Over 3.5 Goals,No,Over 0.5 Goals,8/8,betfair_oficial
2026-10-02 18:54,2026-10-02 17:00,Fremad Amager,B93 Copenhagen,LIQUIDADO,0 - 3,0,3,B93 Copenhagen,Over 0.5 Goals,Over 1.5 Goals,Over 2.5 Goals,Under 3.5 Goals,No,Over 0.5 Goals,8/8,betfair_oficial
2026-10-02 18:54,2026-10-02 17:00,Lunds BK,Laholms,LIQUIDADO,0 - 1,0,1,Laholms,Over 0.5 Goals,Under 1.5 Goals,Under 2.5 Goals,Under 3.5 Goals,No,Under 0.5 Goals,8/8,betfair_oficial
2026-10-02 18:54,2026-10-02 17:00,Karlbergs BK,Sollentuna FF,LIQUIDADO,3 - 2,3,2,Karlbergs BK,Over 0.5 Goals,Over 1.5 Goals,Over 2.5 Goals,Over 3.5 Goals,Yes,Over 0.5 Goals,8/8,betfair_oficial
2026-10-02 18:59,2026-10-02 17:00,VSK Aarhus FC,Brabrand,LIQUIDADO,0 - 2,0,2,Brabrand,Over 0.5 Goals,Over 1.5 Goals,Under 2.5 Goals,Under 3.5 Goals,No,Over 0.5 Goals,8/8,betfair_oficial
2026-10-02 18:59,2026-10-02 17:00,Al Aqaba,Sahl Houran,LIQUIDADO,0 - 2,0,2,Sahl Houran,Over 0.5 Goals,Over 1.5 Goals,Under 2.5 Goals,Under 3.5 Goals,No,Over 0.5 Goals,8/8,betfair_oficial
2026-10-02 18:59,2026-10-02 17:00,Kristianstads,Ariana FC,LIQUIDADO,0 - 1,0,1,Ariana FC,Over 0.5 Goals,Under 1.5 Goals,Under 2.5 Goals,Under 3.5 Goals,No,Over 0.5 Goals,8/8,betfair_oficial
2026-10-02 19:59,2026-10-02 18:00,Widad Temara,Union de Touarga,LIQUIDADO,0 - 1,0,1,Union de Touarga,Over 0.5 Goals,Under 1.5 Goals,Under 2.5 Goals,Under 3.5 Goals,No,Over 0.5 Goals,8/8,betfair_oficial
2026-10-02 20:24,2026-10-02 18:30,Cumnock Juniors,Auchinleck Talbot,LIQUIDADO,2 - 0,2,0,Cumnock Juniors,Over 0.5 Goals,Over 1.5 Goals,Under 2.5 Goals,Under 3.5 Goals,No,Under 0.5 Goals,8/8,betfair_oficial
2026-10-02 20:29,2026-10-02 18:30,Sevilla,Aston Villa,LIQUIDADO,1 - 3,1,3,Aston Villa,Over 0.5 Goals,Over 1.5 Goals,Over 2.5 Goals,Over 3.5 Goals,Yes,Under 0.5 Goals,8/8,betfair_oficial
2026-10-02 20:29,2026-10-02 18:30,Eldense,Oviedo,LIQUIDADO,Any Other Home Win,,,Eldense,Over 0.5 Goals,Over 1.5 Goals,Over 2.5 Goals,Over 3.5 Goals,Yes,Over 0.5 Goals,8/8,betfair_oficial
2026-10-02 20:44,2026-10-02 18:45,Belgium,Türkiye,LIQUIDADO,3 - 0,3,0,Belgium,Over 0.5 Goals,Over 1.5 Goals,Over 2.5 Goals,Under 3.5 Goals,No,Over 0.5 Goals,8/8,betfair_oficial
2026-10-02 20:44,2026-10-02 18:45,Ukraine,Northern Ireland,LIQUIDADO,0 - 3,0,3,Northern Ireland,Over 0.5 Goals,Over 1.5 Goals,Over 2.5 Goals,Under 3.5 Goals,No,Over 0.5 Goals,8/8,betfair_oficial
2026-10-02 20:44,2026-10-02 18:45,Athlone Town,Cork City,LIQUIDADO,2 - 1,2,1,Athlone Town,Over 0.5 Goals,Over 1.5 Goals,Over 2.5 Goals,Under 3.5 Goals,Yes,Over 0.5 Goals,8/8,betfair_oficial
2026-10-02 20:44,2026-10-02 18:45,Finn Harps,Kerry FC,LIQUIDADO,1 - 2,1,2,Kerry FC,Over 0.5 Goals,Over 1.5 Goals,Over 2.5 Goals,Under 3.5 Goals,Yes,Over 0.5 Goals,8/8,betfair_oficial
2026-10-02 20:44,2026-10-02 18:45,Bray Wanderers,Cobh Ramblers,LIQUIDADO,Any Other Away Win,,,Cobh Ramblers,Over 0.5 Goals,Over 1.5 Goals,Over 2.5 Goals,Over 3.5 Goals,Yes,Over 0.5 Goals,8/8,betfair_oficial
2026-10-02 20:44,2026-10-02 18:45,Hungary,Georgia,LIQUIDADO,1 - 0,1,0,Hungary,Over 0.5 Goals,Under 1.5 Goals,Under 2.5 Goals,Under 3.5 Goals,No,Over 0.5 Goals,8/8,betfair_oficial
2026-10-02 20:44,2026-10-02 18:45,Bosnia,Sweden,LIQUIDADO,1 - 1,1,1,The Draw,Over 0.5 Goals,Over 1.5 Goals,Under 2.5 Goals,Under 3.5 Goals,Yes,Under 0.5 Goals,8/8,betfair_oficial
2026-10-02 20:44,2026-10-02 18:45,Dundalk,Bohemians,LIQUIDADO,1 - 2,1,2,Bohemians,Over 0.5 Goals,Over 1.5 Goals,Over 2.5 Goals,Under 3.5 Goals,Yes,Over 0.5 Goals,8/8,betfair_oficial
2026-10-02 20:44,2026-10-02 18:45,France,Italy,LIQUIDADO,1 - 1,1,1,The Draw,Over 0.5 Goals,Over 1.5 Goals,Under 2.5 Goals,Under 3.5 Goals,Yes,Under 0.5 Goals,8/8,betfair_oficial
2026-10-02 20:44,2026-10-02 18:45,Faroe Islands,Slovakia,LIQUIDADO,1 - 1,1,1,The Draw,Over 0.5 Goals,Over 1.5 Goals,Under 2.5 Goals,Under 3.5 Goals,Yes,Over 0.5 Goals,8/8,betfair_oficial
2026-10-02 20:49,2026-10-02 18:45,Wexford F.C,Longford,LIQUIDADO,3 - 3,3,3,The Draw,Over 0.5 Goals,Over 1.5 Goals,Over 2.5 Goals,Over 3.5 Goals,Yes,Over 0.5 Goals,8/8,betfair_oficial
2026-10-02 20:59,2026-10-02 19:00,San Antonio Bulo Bulo,Academia de Balompie Boli,LIQUIDADO,0 - 2,0,2,Academia de Balompie Boli,Over 0.5 Goals,Over 1.5 Goals,Under 2.5 Goals,Under 3.5 Goals,No,Over 0.5 Goals,8/8,betfair_oficial
2026-10-02 20:59,2026-10-02 19:00,St Lucia,Guadeloupe,LIQUIDADO,3 - 0,3,0,St Lucia,Over 0.5 Goals,Over 1.5 Goals,Over 2.5 Goals,Under 3.5 Goals,No,Over 0.5 Goals,8/8,betfair_oficial
2026-10-02 21:04,2026-10-02 19:00,Helmond Sport,Heracles,LIQUIDADO,2 - 2,2,2,The Draw,Over 0.5 Goals,Over 1.5 Goals,Over 2.5 Goals,Over 3.5 Goals,Yes,Over 0.5 Goals,8/8,betfair_oficial
2026-10-02 21:09,2026-10-02 18:45,Treaty United,UCD,LIQUIDADO,Any Other Away Win,,,UCD,Over 0.5 Goals,Over 1.5 Goals,Over 2.5 Goals,Over 3.5 Goals,No,Over 0.5 Goals,8/8,betfair_oficial
2026-10-02 21:09,2026-10-02 19:15,Treaty United,UCD,LIQUIDADO,Any Other Away Win,,,UCD,Over 0.5 Goals,Over 1.5 Goals,Over 2.5 Goals,Over 3.5 Goals,No,Over 0.5 Goals,8/8,betfair_oficial
2026-10-02 21:24,2026-10-02 18:45,Poland,Romania,LIQUIDADO,Any Other Home Win,,,Poland,Over 0.5 Goals,Over 1.5 Goals,Over 2.5 Goals,Over 3.5 Goals,No,Over 0.5 Goals,8/8,betfair_oficial
2026-10-02 22:04,2026-10-02 20:00,IRT Tanger,Moghreb Tetouan,LIQUIDADO,1 - 1,1,1,The Draw,Over 0.5 Goals,Over 1.5 Goals,Under 2.5 Goals,Under 3.5 Goals,Yes,Over 0.5 Goals,8/8,betfair_oficial
2026-10-02 22:29,2026-10-02 20:30,San Antonio FC,Vinotinto Ecuador,LIQUIDADO,0 - 0,0,0,The Draw,Under 0.5 Goals,Under 1.5 Goals,Under 2.5 Goals,Under 3.5 Goals,No,Under 0.5 Goals,8/8,betfair_oficial
2026-10-02 22:29,2026-10-02 20:30,CD Cuenca Juniors,Independiente Juniors,LIQUIDADO,0 - 2,0,2,Independiente Juniors,Over 0.5 Goals,Over 1.5 Goals,Under 2.5 Goals,Under 3.5 Goals,No,Over 0.5 Goals,8/8,betfair_oficial
2026-10-02 23:59,2026-10-02 22:00,Suriname,Guatemala,LIQUIDADO,0 - 0,0,0,The Draw,Under 0.5 Goals,Under 1.5 Goals,Under 2.5 Goals,Under 3.5 Goals,No,Under 0.5 Goals,8/8,betfair_oficial
2026-10-02 23:59,2026-10-02 22:00,Atletico FC Cali,Real Soacha Cundinamarca FC,LIQUIDADO,1 - 2,1,2,Real Soacha Cundinamarca FC,Over 0.5 Goals,Over 1.5 Goals,Over 2.5 Goals,Under 3.5 Goals,Yes,Over 0.5 Goals,8/8,betfair_oficial
2026-10-03 00:04,2026-10-02 22:00,Ferro Carril Oeste,Deportivo Madryn,LIQUIDADO,0 - 2,0,2,Deportivo Madryn,Over 0.5 Goals,Over 1.5 Goals,Under 2.5 Goals,Under 3.5 Goals,No,Under 0.5 Goals,8/8,betfair_oficial
2026-10-03 00:14,2026-10-02 22:15,CA Independiente,Instituto,LIQUIDADO,Any Other Away Win,,,Instituto,Over 0.5 Goals,Over 1.5 Goals,Over 2.5 Goals,Over 3.5 Goals,Yes,Over 0.5 Goals,8/8,betfair_oficial
2026-10-03 00:34,2026-10-02 22:30,Sao Bernardo,CRB,LIQUIDADO,3 - 1,3,1,Sao Bernardo,Over 0.5 Goals,Over 1.5 Goals,Over 2.5 Goals,Over 3.5 Goals,Yes,Under 0.5 Goals,8/8,betfair_oficial
2026-10-03 01:04,2026-10-02 23:00,Univ Concepcion,Huachipato,LIQUIDADO,0 - 2,0,2,Huachipato,Over 0.5 Goals,Over 1.5 Goals,Under 2.5 Goals,Under 3.5 Goals,No,Over 0.5 Goals,8/8,betfair_oficial
2026-10-03 01:09,2026-10-02 23:00,Sao Paulo,Santos,LIQUIDADO,1 - 2,1,2,Santos,Over 0.5 Goals,Over 1.5 Goals,Over 2.5 Goals,Under 3.5 Goals,Yes,Over 0.5 Goals,8/8,betfair_oficial
2026-10-03 01:34,2026-10-02 23:30,Londrina,Criciuma,LIQUIDADO,0 - 2,0,2,Criciuma,Over 0.5 Goals,Over 1.5 Goals,Under 2.5 Goals,Under 3.5 Goals,No,Under 0.5 Goals,8/8,betfair_oficial
2026-10-03 01:49,2026-10-02 23:45,Juventude,Operario PR,LIQUIDADO,3 - 0,3,0,Juventude,Over 0.5 Goals,Over 1.5 Goals,Over 2.5 Goals,Under 3.5 Goals,No,Over 0.5 Goals,8/8,betfair_oficial
2026-10-03 01:54,2026-10-03 00:00,Bonaire,Grenada,LIQUIDADO,2 - 3,2,3,Grenada,Over 0.5 Goals,Over 1.5 Goals,Over 2.5 Goals,Over 3.5 Goals,Yes,Over 0.5 Goals,8/8,betfair_oficial
2026-10-03 01:54,2026-10-03 00:00,Barbados,Bermuda,LIQUIDADO,Any Other Home Win,,,Barbados,Over 0.5 Goals,Over 1.5 Goals,Over 2.5 Goals,Over 3.5 Goals,Yes,Over 0.5 Goals,8/8,betfair_oficial
2026-10-03 03:04,2026-10-03 00:00,Martinique,Honduras,LIQUIDADO,2 - 1,2,1,Martinique,Over 0.5 Goals,Over 1.5 Goals,Over 2.5 Goals,Under 3.5 Goals,Yes,Over 0.5 Goals,8/8,betfair_oficial
2026-10-03 03:04,2026-10-03 00:00,Colombia,Paraguay,LIQUIDADO,0 - 1,0,1,Paraguay,Over 0.5 Goals,Under 1.5 Goals,Under 2.5 Goals,Under 3.5 Goals,No,Under 0.5 Goals,8/8,betfair_oficial
2026-10-03 03:04,2026-10-03 00:00,Real Potosi,Aurora,LIQUIDADO,1 - 1,1,1,The Draw,Over 0.5 Goals,Over 1.5 Goals,Under 2.5 Goals,Under 3.5 Goals,Yes,Over 0.5 Goals,8/8,betfair_oficial
2026-10-03 03:04,2026-10-03 00:30,Independiente Rivadavia,Gimnasia La Plata,LIQUIDADO,1 - 1,1,1,The Draw,Over 0.5 Goals,Over 1.5 Goals,Under 2.5 Goals,Under 3.5 Goals,Yes,Over 0.5 Goals,8/8,betfair_oficial
2026-10-03 03:04,2026-10-03 00:30,Boca Juniors,Union Santa Fe,LIQUIDADO,3 - 0,3,0,Boca Juniors,Over 0.5 Goals,Over 1.5 Goals,Over 2.5 Goals,Under 3.5 Goals,No,Over 0.5 Goals,8/8,betfair_oficial
2026-10-03 03:04,2026-10-03 00:35,Fortaleza EC,Nautico PE,LIQUIDADO,1 - 1,1,1,The Draw,Over 0.5 Goals,Over 1.5 Goals,Under 2.5 Goals,Under 3.5 Goals,Yes,Over 0.5 Goals,8/8,betfair_oficial
2026-10-03 03:04,2026-10-03 01:00,Rancho Santana,Managua FC,LIQUIDADO,Any Other Away Win,,,Managua FC,Over 0.5 Goals,Over 1.5 Goals,Over 2.5 Goals,Over 3.5 Goals,Yes,Over 0.5 Goals,8/8,betfair_oficial
2026-10-03 03:09,2026-10-03 01:00,Correcaminos UAT,Cruz Azul Hidalgo,LIQUIDADO,0 - 0,0,0,The Draw,Under 0.5 Goals,Under 1.5 Goals,Under 2.5 Goals,Under 3.5 Goals,No,Under 0.5 Goals,8/8,betfair_oficial
2026-10-03 03:29,2026-10-03 01:30,San Francisco FC,UMECIT,LIQUIDADO,0 - 1,0,1,UMECIT,Over 0.5 Goals,Under 1.5 Goals,Under 2.5 Goals,Under 3.5 Goals,No,Over 0.5 Goals,8/8,betfair_oficial
2026-10-03 03:34,2026-10-03 00:45,Deportivo Cali,Alianza FC Valledupar,LIQUIDADO,3 - 1,3,1,Deportivo Cali,Over 0.5 Goals,Over 1.5 Goals,Over 2.5 Goals,Over 3.5 Goals,Yes,Under 0.5 Goals,8/8,betfair_oficial
2026-10-03 03:34,2026-10-03 01:30,Deportivo Cali,Alianza FC Valledupar,LIQUIDADO,3 - 1,3,1,Deportivo Cali,Over 0.5 Goals,Over 1.5 Goals,Over 2.5 Goals,Over 3.5 Goals,Yes,Under 0.5 Goals,8/8,betfair_oficial
2026-10-03 03:54,2026-10-03 02:00,El Salvador,Jamaica,LIQUIDADO,0 - 2,0,2,Jamaica,Over 0.5 Goals,Over 1.5 Goals,Under 2.5 Goals,Under 3.5 Goals,No,Over 0.5 Goals,8/8,betfair_oficial
2026-10-03 04:04,2026-10-03 02:00,Marquense,Antigua GFC,LIQUIDADO,2 - 1,2,1,Marquense,Over 0.5 Goals,Over 1.5 Goals,Over 2.5 Goals,Under 3.5 Goals,Yes,Under 0.5 Goals,8/8,betfair_oficial
2026-10-03 04:09,2026-10-03 02:00,Seattle Reign FC (W),North Carolina (W),LIQUIDADO,0 - 1,0,1,North Carolina (W),Over 0.5 Goals,Under 1.5 Goals,Under 2.5 Goals,Under 3.5 Goals,No,Under 0.5 Goals,8/8,betfair_oficial
2026-10-03 05:04,2026-10-03 03:00,Club Atletico La Paz,Venados FC,LIQUIDADO,1 - 2,1,2,Venados FC,Over 0.5 Goals,Over 1.5 Goals,Over 2.5 Goals,Under 3.5 Goals,Yes,Over 0.5 Goals,8/8,betfair_oficial
2026-10-03 05:54,2026-10-03 04:00,Ichihara,IG Morioka,LIQUIDADO,1 - 0,1,0,Ichihara,Over 0.5 Goals,Under 1.5 Goals,Under 2.5 Goals,Under 3.5 Goals,No,Over 0.5 Goals,8/8,betfair_oficial
2026-10-03 05:54,2026-10-03 04:00,Musashino,AC Numazu,LIQUIDADO,0 - 2,0,2,AC Numazu,Over 0.5 Goals,Over 1.5 Goals,Under 2.5 Goals,Under 3.5 Goals,No,Over 0.5 Goals,8/8,betfair_oficial
2026-10-03 06:59,2026-10-03 05:00,Albirex Niigata,Tokushima,LIQUIDADO,2 - 1,2,1,Albirex Niigata,Over 0.5 Goals,Over 1.5 Goals,Over 2.5 Goals,Under 3.5 Goals,Yes,Over 0.5 Goals,8/8,betfair_oficial
2026-10-03 06:59,2026-10-03 05:00,Matsumoto,Tottori,LIQUIDADO,0 - 1,0,1,Tottori,Over 0.5 Goals,Under 1.5 Goals,Under 2.5 Goals,Under 3.5 Goals,No,Under 0.5 Goals,8/8,betfair_oficial
2026-10-03 06:59,2026-10-03 05:00,FC Gifu,Renofa Yamaguchi,LIQUIDADO,0 - 2,0,2,Renofa Yamaguchi,Over 0.5 Goals,Over 1.5 Goals,Under 2.5 Goals,Under 3.5 Goals,No,Over 0.5 Goals,8/8,betfair_oficial
2026-10-03 07:04,2026-10-02 01:00,Internacional de Bogotá,Once Caldas,NAO_LIQUIDADO_30H,,,,,,,,,,,,betfair_oficial
2026-10-03 07:04,2026-10-03 05:00,Nagano Parceiro,Nara Club,LIQUIDADO,0 - 1,0,1,Nara Club,Over 0.5 Goals,Under 1.5 Goals,Under 2.5 Goals,Under 3.5 Goals,No,Under 0.5 Goals,8/8,betfair_oficial
2026-10-03 07:09,2026-10-03 05:00,Fujieda Myfc,Shonan,LIQUIDADO,1 - 1,1,1,The Draw,Over 0.5 Goals,Over 1.5 Goals,Under 2.5 Goals,Under 3.5 Goals,Yes,Under 0.5 Goals,8/8,betfair_oficial
2026-10-03 07:59,2026-10-03 06:00,Ehime,Thespakusatsu Gunma,LIQUIDADO,3 - 1,3,1,Ehime,Over 0.5 Goals,Over 1.5 Goals,Over 2.5 Goals,Over 3.5 Goals,Yes,Over 0.5 Goals,8/8,betfair_oficial
2026-10-03 08:59,2026-10-03 07:00,Kofu,Toyama,LIQUIDADO,1 - 2,1,2,Toyama,Over 0.5 Goals,Over 1.5 Goals,Over 2.5 Goals,Under 3.5 Goals,Yes,Under 0.5 Goals,8/8,betfair_oficial
2026-10-03 08:59,2026-10-03 07:00,FC Machida,Kyoto,LIQUIDADO,0 - 0,0,0,The Draw,Under 0.5 Goals,Under 1.5 Goals,Under 2.5 Goals,Under 3.5 Goals,No,Under 0.5 Goals,8/8,betfair_oficial
2026-10-03 09:59,2026-10-03 08:00,Oita,Yamagata,LIQUIDADO,2 - 1,2,1,Oita,Over 0.5 Goals,Over 1.5 Goals,Over 2.5 Goals,Under 3.5 Goals,Yes,Under 0.5 Goals,8/8,betfair_oficial
2026-10-03 09:59,2026-10-03 08:00,FC Ryukyu,Kanazawa,LIQUIDADO,0 - 2,0,2,Kanazawa,Over 0.5 Goals,Over 1.5 Goals,Under 2.5 Goals,Under 3.5 Goals,No,Under 0.5 Goals,8/8,betfair_oficial
2026-10-03 09:59,2026-10-03 08:00,Sagamihara,FC Osaka,LIQUIDADO,1 - 0,1,0,Sagamihara,Over 0.5 Goals,Under 1.5 Goals,Under 2.5 Goals,Under 3.5 Goals,No,Under 0.5 Goals,8/8,betfair_oficial
2026-10-03 09:59,2026-10-03 08:00,Tochigi Uva FC,FC Imabari,LIQUIDADO,1 - 2,1,2,FC Imabari,Over 0.5 Goals,Over 1.5 Goals,Over 2.5 Goals,Under 3.5 Goals,Yes,Over 0.5 Goals,8/8,betfair_oficial
2026-10-03 09:59,2026-10-03 08:00,Kitakyushu,Kochi United,LIQUIDADO,2 - 0,2,0,Kitakyushu,Over 0.5 Goals,Over 1.5 Goals,Under 2.5 Goals,Under 3.5 Goals,No,Under 0.5 Goals,8/8,betfair_oficial
2026-10-03 10:09,2026-10-03 08:15,Sigma Olomouc B,Vitkovice,LIQUIDADO,2 - 1,2,1,Sigma Olomouc B,Over 0.5 Goals,Over 1.5 Goals,Over 2.5 Goals,Under 3.5 Goals,Yes,Over 0.5 Goals,8/8,betfair_oficial
2026-10-03 10:29,2026-10-03 08:30,Persiku Kudus,Psgc Ciamis,LIQUIDADO,1 - 2,1,2,PSGC Ciamis,Over 0.5 Goals,Over 1.5 Goals,Over 2.5 Goals,Under 3.5 Goals,Yes,Over 0.5 Goals,8/8,betfair_oficial
2026-10-03 10:29,2026-10-03 08:30,Udon Banjan United,Korat City,LIQUIDADO,1 - 1,1,1,The Draw,Over 0.5 Goals,Over 1.5 Goals,Under 2.5 Goals,Under 3.5 Goals,Yes,Over 0.5 Goals,8/8,betfair_oficial
2026-10-03 10:29,2026-10-03 08:30,Royal Thai Army,Rajpracha,LIQUIDADO,1 - 0,1,0,Royal Thai Army,Over 0.5 Goals,Under 1.5 Goals,Under 2.5 Goals,Under 3.5 Goals,No,Under 0.5 Goals,8/8,betfair_oficial
2026-10-03 10:34,2026-10-03 08:30,Prime Bangkok,Lopburi City FC,LIQUIDADO,2 - 0,2,0,Prime Bangkok,Over 0.5 Goals,Over 1.5 Goals,Under 2.5 Goals,Under 3.5 Goals,No,Over 0.5 Goals,8/8,betfair_oficial
2026-10-03 11:05,2026-10-03 09:00,Fortis FC Limited,City Club,LIQUIDADO,3 - 3,3,3,The Draw,Over 0.5 Goals,Over 1.5 Goals,Over 2.5 Goals,Over 3.5 Goals,Yes,Over 0.5 Goals,8/8,betfair_oficial
2026-10-03 11:05,2026-10-03 09:00,Arambagh,Rahmatganj MFS,LIQUIDADO,2 - 2,2,2,The Draw,Over 0.5 Goals,Over 1.5 Goals,Over 2.5 Goals,Over 3.5 Goals,Yes,Over 0.5 Goals,8/8,betfair_oficial
2026-10-03 11:15,2026-10-03 09:00,Monaco,Pisa,LIQUIDADO,2 - 0,2,0,Monaco,Over 0.5 Goals,Over 1.5 Goals,Under 2.5 Goals,Under 3.5 Goals,No,Under 0.5 Goals,8/8,betfair_oficial
2026-10-03 11:20,2026-10-03 08:30,Royal Thai Air Force FC,Futera United,LIQUIDADO,,,,,,,,,,,8/8,betfair_oficial
2026-10-03 12:00,2026-10-03 10:00,Veres Rivne,FK Kudrivka,LIQUIDADO,2 - 1,2,1,Veres Rivne,Over 0.5 Goals,Over 1.5 Goals,Over 2.5 Goals,Under 3.5 Goals,Yes,Over 0.5 Goals,8/8,betfair_oficial
2026-10-03 12:05,2026-10-03 10:00,Espanyol (W),Deportivo Alaves (W),LIQUIDADO,1 - 0,1,0,Espanyol (W),Over 0.5 Goals,Under 1.5 Goals,Under 2.5 Goals,Under 3.5 Goals,No,Under 0.5 Goals,8/8,betfair_oficial
2026-10-03 12:05,2026-10-03 10:00,Kashiwa,G-Osaka,LIQUIDADO,3 - 3,3,3,The Draw,Over 0.5 Goals,Over 1.5 Goals,Over 2.5 Goals,Over 3.5 Goals,Yes,Over 0.5 Goals,8/8,betfair_oficial
2026-10-03 12:05,2026-10-03 10:00,Sevilla FC (W),FC Badalona (W),LIQUIDADO,3 - 3,3,3,The Draw,Over 0.5 Goals,Over 1.5 Goals,Over 2.5 Goals,Over 3.5 Goals,Yes,Over 0.5 Goals,8/8,betfair_oficial
2026-10-03 12:30,2026-10-03 10:30,South Korea U23,Japan U23,LIQUIDADO,1 - 0,1,0,South Korea U23,Over 0.5 Goals,Under 1.5 Goals,Under 2.5 Goals,Under 3.5 Goals,No,Under 0.5 Goals,8/8,betfair_oficial
2026-10-03 12:55,2026-10-03 11:00,Angelholms,Rosengard,LIQUIDADO,3 - 0,3,0,Angelholms,Over 0.5 Goals,Over 1.5 Goals,Over 2.5 Goals,Under 3.5 Goals,No,Under 0.5 Goals,8/8,betfair_oficial
2026-10-03 13:00,2026-10-03 11:00,Resovia Rzeszow,GP TS Avia Swidnik,LIQUIDADO,1 - 1,1,1,The Draw,Over 0.5 Goals,Over 1.5 Goals,Under 2.5 Goals,Under 3.5 Goals,Yes,Over 0.5 Goals,8/8,betfair_oficial
2026-10-03 13:00,2026-10-03 11:00,Tvaakers,Hassleholms IF,LIQUIDADO,1 - 2,1,2,Hassleholms IF,Over 0.5 Goals,Over 1.5 Goals,Over 2.5 Goals,Under 3.5 Goals,Yes,Over 0.5 Goals,8/8,betfair_oficial
2026-10-03 13:00,2026-10-03 11:00,Enkopings SK,Gefle,LIQUIDADO,1 - 0,1,0,Enkopings SK,Over 0.5 Goals,Under 1.5 Goals,Under 2.5 Goals,Under 3.5 Goals,No,Under 0.5 Goals,8/8,betfair_oficial
2026-10-03 13:00,2026-10-03 11:00,FC Stockholm Internazionale,Assyriska FF,LIQUIDADO,3 - 0,3,0,FC Stockholm Internazionale,Over 0.5 Goals,Over 1.5 Goals,Over 2.5 Goals,Under 3.5 Goals,No,Under 0.5 Goals,8/8,betfair_oficial
2026-10-03 13:05,2026-10-03 11:00,NKP Podhale,Rekord B-B,LIQUIDADO,2 - 1,2,1,NKP Podhale,Over 0.5 Goals,Over 1.5 Goals,Over 2.5 Goals,Under 3.5 Goals,Yes,Under 0.5 Goals,8/8,betfair_oficial
2026-10-03 13:30,2026-10-03 11:30,Chesterfield,Tranmere,LIQUIDADO,Any Other Home Win,,,Chesterfield,Over 0.5 Goals,Over 1.5 Goals,Over 2.5 Goals,Over 3.5 Goals,Yes,Over 0.5 Goals,8/8,betfair_oficial
2026-10-03 13:55,2026-10-03 12:00,Ullensaker Kisa,Kjelsas,LIQUIDADO,1 - 2,1,2,Kjelsas,Over 0.5 Goals,Over 1.5 Goals,Over 2.5 Goals,Under 3.5 Goals,Yes,Over 0.5 Goals,8/8,betfair_oficial
2026-10-03 13:55,2026-10-03 12:00,Skeid,Honefoss,LIQUIDADO,Any Other Home Win,,,Skeid,Over 0.5 Goals,Over 1.5 Goals,Over 2.5 Goals,Over 3.5 Goals,Yes,Over 0.5 Goals,8/8,betfair_oficial
2026-10-03 13:55,2026-10-03 12:00,Grorud IL,Lorenskog,LIQUIDADO,Any Other Home Win,,,Grorud IL,Over 0.5 Goals,Over 1.5 Goals,Over 2.5 Goals,Over 3.5 Goals,No,Over 0.5 Goals,8/8,betfair_oficial
2026-10-03 13:55,2026-10-03 12:00,Pors,Vidar,LIQUIDADO,Any Other Home Win,,,Pors,Over 0.5 Goals,Over 1.5 Goals,Over 2.5 Goals,Over 3.5 Goals,Yes,Over 0.5 Goals,8/8,betfair_oficial
2026-10-03 14:00,2026-10-03 12:00,Persis Solo,Tornado FC,LIQUIDADO,0 - 2,0,2,Tornado FC,Over 0.5 Goals,Over 1.5 Goals,Under 2.5 Goals,Under 3.5 Goals,No,Under 0.5 Goals,8/8,betfair_oficial
2026-10-03 14:00,2026-10-03 12:00,FC Vsetin,Slovacko B,LIQUIDADO,1 - 0,1,0,FC Vsetin,Over 0.5 Goals,Under 1.5 Goals,Under 2.5 Goals,Under 3.5 Goals,No,Under 0.5 Goals,8/8,betfair_oficial
2026-10-03 14:00,2026-10-03 12:00,PSIS Semarang,Bekasi City,LIQUIDADO,1 - 0,1,0,Psis Semarang,Over 0.5 Goals,Under 1.5 Goals,Under 2.5 Goals,Under 3.5 Goals,No,Over 0.5 Goals,8/8,betfair_oficial
2026-10-03 14:00,2026-10-03 12:00,Skive,HIK Hellerup,LIQUIDADO,2 - 0,2,0,Skive,Over 0.5 Goals,Over 1.5 Goals,Under 2.5 Goals,Under 3.5 Goals,No,Over 0.5 Goals,8/8,betfair_oficial
2026-10-03 14:00,2026-10-03 12:00,RB Leipzig (W),FSV Mainz 05 (W),LIQUIDADO,Any Other Home Win,,,RB Leipzig (W),Over 0.5 Goals,Over 1.5 Goals,Over 2.5 Goals,Over 3.5 Goals,No,Under 0.5 Goals,8/8,betfair_oficial
2026-10-03 14:00,2026-10-03 12:00,Albacete,Eibar,LIQUIDADO,1 - 3,1,3,Eibar,Over 0.5 Goals,Over 1.5 Goals,Over 2.5 Goals,Over 3.5 Goals,Yes,Over 0.5 Goals,8/8,betfair_oficial
2026-10-03 14:00,2026-10-03 12:00,Middelfart,Frederiksberg,LIQUIDADO,1 - 0,1,0,Middelfart,Over 0.5 Goals,Under 1.5 Goals,Under 2.5 Goals,Under 3.5 Goals,No,Under 0.5 Goals,8/8,betfair_oficial
2026-10-03 14:15,2026-10-03 12:00,Psms Medan,Persikad Depok,LIQUIDADO,Any Other Home Win,,,PSMS Medan,Over 0.5 Goals,Over 1.5 Goals,Over 2.5 Goals,Over 3.5 Goals,No,Under 0.5 Goals,8/8,betfair_oficial
2026-10-03 14:25,2026-10-03 12:30,Man Utd (W),Liverpool (W),LIQUIDADO,1 - 0,1,0,Man Utd (W),Over 0.5 Goals,Under 1.5 Goals,Under 2.5 Goals,Under 3.5 Goals,No,Over 0.5 Goals,8/8,betfair_oficial
2026-10-03 14:25,2026-10-03 12:30,FC Tallinn,Harju JK Laagri,LIQUIDADO,Any Other Away Win,,,Harju JK Laagri,Over 0.5 Goals,Over 1.5 Goals,Over 2.5 Goals,Over 3.5 Goals,No,Over 0.5 Goals,8/8,betfair_oficial
2026-10-03 14:30,2026-10-03 12:30,Follo,Stjordals-Blink,LIQUIDADO,0 - 1,0,1,Stjordals-Blink,Over 0.5 Goals,Under 1.5 Goals,Under 2.5 Goals,Under 3.5 Goals,No,Under 0.5 Goals,8/8,betfair_oficial
2026-10-03 14:35,2026-10-03 12:30,Strommen,Sandnes Ulf,LIQUIDADO,3 - 3,3,3,The Draw,Over 0.5 Goals,Over 1.5 Goals,Over 2.5 Goals,Over 3.5 Goals,Yes,Over 0.5 Goals,8/8,betfair_oficial
2026-10-03 14:55,2026-10-03 13:00,FO Kinex Bytca,MSK Zilina II,LIQUIDADO,1 - 2,1,2,MSK Zilina II,Over 0.5 Goals,Over 1.5 Goals,Over 2.5 Goals,Under 3.5 Goals,Yes,Over 0.5 Goals,8/8,betfair_oficial
2026-10-03 14:55,2026-10-03 13:00,FK Humenne,Pohronie,LIQUIDADO,0 - 2,0,2,Pohronie,Over 0.5 Goals,Over 1.5 Goals,Under 2.5 Goals,Under 3.5 Goals,No,Over 0.5 Goals,8/8,betfair_oficial
2026-10-03 14:55,2026-10-03 13:00,Inter Bratislava,Zlate Moravce,LIQUIDADO,2 - 2,2,2,The Draw,Over 0.5 Goals,Over 1.5 Goals,Over 2.5 Goals,Over 3.5 Goals,Yes,Over 0.5 Goals,8/8,betfair_oficial
2026-10-03 14:55,2026-10-03 13:00,Kvik Halden,Bjarg,LIQUIDADO,2 - 3,2,3,Bjarg,Over 0.5 Goals,Over 1.5 Goals,Over 2.5 Goals,Over 3.5 Goals,Yes,Over 0.5 Goals,8/8,betfair_oficial
2026-10-03 14:55,2026-10-03 13:00,Lokomotiva Zvolen,Slovan Bratislava II,LIQUIDADO,0 - 2,0,2,Slovan Bratislava II,Over 0.5 Goals,Over 1.5 Goals,Under 2.5 Goals,Under 3.5 Goals,No,Over 0.5 Goals,8/8,betfair_oficial
2026-10-03 14:55,2026-10-03 13:00,Slovan Galanta,Povazska,LIQUIDADO,2 - 3,2,3,Povazska,Over 0.5 Goals,Over 1.5 Goals,Over 2.5 Goals,Over 3.5 Goals,Yes,Over 0.5 Goals,8/8,betfair_oficial
2026-10-03 15:00,2026-10-03 13:00,FBK Karlstad,AFC Eskilstuna,LIQUIDADO,2 - 2,2,2,The Draw,Over 0.5 Goals,Over 1.5 Goals,Over 2.5 Goals,Over 3.5 Goals,Yes,Over 0.5 Goals,8/8,betfair_oficial
2026-10-03 15:00,2026-10-03 13:00,Notodden,Eik-Tonsberg,LIQUIDADO,1 - 3,1,3,Eik-Tonsberg,Over 0.5 Goals,Over 1.5 Goals,Over 2.5 Goals,Over 3.5 Goals,Yes,Over 0.5 Goals,8/8,betfair_oficial
2026-10-03 15:05,2026-10-03 13:00,Finland,Albania,LIQUIDADO,2 - 1,2,1,Finland,Over 0.5 Goals,Over 1.5 Goals,Over 2.5 Goals,Under 3.5 Goals,Yes,Over 0.5 Goals,8/8,betfair_oficial
2026-10-03 15:05,2026-10-03 13:00,FK Teleoptik Zemun,FK Bor 1919,LIQUIDADO,2 - 0,2,0,FK Teleoptik Zemun,Over 0.5 Goals,Over 1.5 Goals,Under 2.5 Goals,Under 3.5 Goals,No,Over 0.5 Goals,8/8,betfair_oficial
2026-10-03 15:15,2026-10-03 13:15,Hutnik Krakow,GKS Tychy,LIQUIDADO,0 - 2,0,2,GKS Tychy,Over 0.5 Goals,Over 1.5 Goals,Under 2.5 Goals,Under 3.5 Goals,No,Over 0.5 Goals,8/8,betfair_oficial
2026-10-03 15:50,2026-10-03 14:00,Dravinja Kostroj,Slovan Ljublana,LIQUIDADO,Any Other Away Win,,,Slovan Ljublana,Over 0.5 Goals,Over 1.5 Goals,Over 2.5 Goals,Over 3.5 Goals,Yes,Over 0.5 Goals,8/8,betfair_oficial
2026-10-03 15:55,2026-10-03 14:00,Haugesund,Stabaek,LIQUIDADO,2 - 0,2,0,Haugesund,Over 0.5 Goals,Over 1.5 Goals,Under 2.5 Goals,Under 3.5 Goals,No,Under 0.5 Goals,8/8,betfair_oficial
2026-10-03 15:55,2026-10-03 14:00,Stromsgodset,Asane,LIQUIDADO,1 - 0,1,0,Stromsgodset,Over 0.5 Goals,Under 1.5 Goals,Under 2.5 Goals,Under 3.5 Goals,No,Under 0.5 Goals,8/8,betfair_oficial
2026-10-03 15:55,2026-10-03 14:00,Partick,Arbroath,LIQUIDADO,3 - 0,3,0,Partick,Over 0.5 Goals,Over 1.5 Goals,Over 2.5 Goals,Under 3.5 Goals,No,Over 0.5 Goals,8/8,betfair_oficial
2026-10-03 15:55,2026-10-03 14:00,Elgin City FC,Clyde,LIQUIDADO,Any Other Home Win,,,Elgin City FC,Over 0.5 Goals,Over 1.5 Goals,Over 2.5 Goals,Over 3.5 Goals,Yes,Over 0.5 Goals,8/8,betfair_oficial
2026-10-03 15:55,2026-10-03 14:00,Morton,Raith,LIQUIDADO,1 - 2,1,2,Raith,Over 0.5 Goals,Over 1.5 Goals,Over 2.5 Goals,Under 3.5 Goals,Yes,Over 0.5 Goals,8/8,betfair_oficial
2026-10-03 15:55,2026-10-03 14:00,Stranraer,Edinburgh City,LIQUIDADO,0 - 0,0,0,The Draw,Under 0.5 Goals,Under 1.5 Goals,Under 2.5 Goals,Under 3.5 Goals,No,Under 0.5 Goals,8/8,betfair_oficial
2026-10-03 15:55,2026-10-03 14:00,Airdrieonians,Montrose,LIQUIDADO,1 - 0,1,0,Airdrieonians,Over 0.5 Goals,Under 1.5 Goals,Under 2.5 Goals,Under 3.5 Goals,No,Under 0.5 Goals,8/8,betfair_oficial
2026-10-03 15:55,2026-10-03 14:00,Aatvidabergs Ff,FC Trollhattan,LIQUIDADO,1 - 1,1,1,The Draw,Over 0.5 Goals,Over 1.5 Goals,Under 2.5 Goals,Under 3.5 Goals,Yes,Over 0.5 Goals,8/8,betfair_oficial
2026-10-03 15:55,2026-10-03 14:00,Ross Co,Alloa,LIQUIDADO,Any Other Home Win,,,Ross Co,Over 0.5 Goals,Over 1.5 Goals,Over 2.5 Goals,Over 3.5 Goals,Yes,Over 0.5 Goals,8/8,betfair_oficial
2026-10-03 15:55,2026-10-03 14:00,East Fife,East Kilbride,LIQUIDADO,0 - 3,0,3,East Kilbride,Over 0.5 Goals,Over 1.5 Goals,Over 2.5 Goals,Under 3.5 Goals,No,Over 0.5 Goals,8/8,betfair_oficial
2026-10-03 16:00,2026-10-03 14:00,Southend,AFC Fylde,LIQUIDADO,3 - 1,3,1,Southend,Over 0.5 Goals,Over 1.5 Goals,Over 2.5 Goals,Over 3.5 Goals,Yes,Over 0.5 Goals,8/8,betfair_oficial
2026-10-03 16:00,2026-10-03 14:00,Liverpool Montevideo,Progreso,LIQUIDADO,3 - 2,3,2,Liverpool Montevideo,Over 0.5 Goals,Over 1.5 Goals,Over 2.5 Goals,Over 3.5 Goals,Yes,Over 0.5 Goals,8/8,betfair_oficial
2026-10-03 16:00,2026-10-03 14:00,Leyton Orient,Plymouth,LIQUIDADO,0 - 2,0,2,Plymouth,Over 0.5 Goals,Over 1.5 Goals,Under 2.5 Goals,Under 3.5 Goals,No,Under 0.5 Goals,8/8,betfair_oficial
2026-10-03 16:00,2026-10-03 14:00,Spartans,Kelty Hearts,LIQUIDADO,0 - 2,0,2,Kelty Hearts,Over 0.5 Goals,Over 1.5 Goals,Under 2.5 Goals,Under 3.5 Goals,No,Over 0.5 Goals,8/8,betfair_oficial
2026-10-03 16:00,2026-10-03 14:00,Boreham Wood,Altrincham,LIQUIDADO,3 - 1,3,1,Boreham Wood,Over 0.5 Goals,Over 1.5 Goals,Over 2.5 Goals,Over 3.5 Goals,Yes,Over 0.5 Goals,8/8,betfair_oficial
2026-10-03 16:00,2026-10-03 14:00,Queen of South,Cove Rangers,LIQUIDADO,Any Other Home Win,,,Queen of South,Over 0.5 Goals,Over 1.5 Goals,Over 2.5 Goals,Over 3.5 Goals,Yes,Over 0.5 Goals,8/8,betfair_oficial
2026-10-03 16:00,2026-10-03 14:00,Gillingham,Newport County,LIQUIDADO,0 - 0,0,0,The Draw,Under 0.5 Goals,Under 1.5 Goals,Under 2.5 Goals,Under 3.5 Goals,No,Under 0.5 Goals,8/8,betfair_oficial
2026-10-03 16:00,2026-10-03 14:00,Hartlepool,Tamworth FC,LIQUIDADO,0 - 1,0,1,Tamworth FC,Over 0.5 Goals,Under 1.5 Goals,Under 2.5 Goals,Under 3.5 Goals,No,Over 0.5 Goals,8/8,betfair_oficial
2026-10-03 16:00,2026-10-03 14:00,Livingston,Ayr,LIQUIDADO,1 - 2,1,2,Ayr,Over 0.5 Goals,Over 1.5 Goals,Over 2.5 Goals,Under 3.5 Goals,Yes,Over 0.5 Goals,8/8,betfair_oficial
2026-10-03 16:00,2026-10-03 14:00,Burton Albion,Huddersfield,LIQUIDADO,1 - 3,1,3,Huddersfield,Over 0.5 Goals,Over 1.5 Goals,Over 2.5 Goals,Over 3.5 Goals,Yes,Over 0.5 Goals,8/8,betfair_oficial
2026-10-03 16:00,2026-10-03 14:00,Cham,Bulle,LIQUIDADO,Any Other Away Win,,,Bulle,Over 0.5 Goals,Over 1.5 Goals,Over 2.5 Goals,Over 3.5 Goals,Yes,Over 0.5 Goals,8/8,betfair_oficial
2026-10-03 16:00,2026-10-03 14:00,Crewe,Bristol Rovers,LIQUIDADO,3 - 1,3,1,Crewe,Over 0.5 Goals,Over 1.5 Goals,Over 2.5 Goals,Over 3.5 Goals,Yes,Over 0.5 Goals,8/8,betfair_oficial
2026-10-03 16:00,2026-10-03 14:00,Reading,Bradford,LIQUIDADO,1 - 1,1,1,The Draw,Over 0.5 Goals,Over 1.5 Goals,Under 2.5 Goals,Under 3.5 Goals,Yes,Over 0.5 Goals,8/8,betfair_oficial
2026-10-03 16:00,2026-10-03 14:00,Salford City,Fleetwood Town,LIQUIDADO,1 - 0,1,0,Salford City,Over 0.5 Goals,Under 1.5 Goals,Under 2.5 Goals,Under 3.5 Goals,No,Under 0.5 Goals,8/8,betfair_oficial
2026-10-03 16:00,2026-10-03 14:00,Swit Skolwin,Sokol Kleczew,LIQUIDADO,2 - 1,2,1,Swit Skolwin,Over 0.5 Goals,Over 1.5 Goals,Over 2.5 Goals,Under 3.5 Goals,Yes,Over 0.5 Goals,8/8,betfair_oficial
2026-10-03 16:00,2026-10-03 14:00,1. FC Koln (W),Freiburg (W),LIQUIDADO,0 - 1,0,1,Freiburg (W),Over 0.5 Goals,Under 1.5 Goals,Under 2.5 Goals,Under 3.5 Goals,No,Under 0.5 Goals,8/8,betfair_oficial
2026-10-03 16:00,2026-10-03 14:00,Kidderminster,Sutton Utd,LIQUIDADO,1 - 1,1,1,The Draw,Over 0.5 Goals,Over 1.5 Goals,Under 2.5 Goals,Under 3.5 Goals,Yes,Over 0.5 Goals,8/8,betfair_oficial
2026-10-03 16:00,2026-10-03 14:00,Hodd,Odds BK,LIQUIDADO,2 - 3,2,3,Odds BK,Over 0.5 Goals,Over 1.5 Goals,Over 2.5 Goals,Over 3.5 Goals,Yes,Over 0.5 Goals,8/8,betfair_oficial
2026-10-03 16:00,2026-10-03 14:00,Solihull Moors,FC Halifax Town,LIQUIDADO,0 - 2,0,2,FC Halifax Town,Over 0.5 Goals,Over 1.5 Goals,Under 2.5 Goals,Under 3.5 Goals,No,Under 0.5 Goals,8/8,betfair_oficial
2026-10-03 16:00,2026-10-03 14:00,Exeter,Rotherham,LIQUIDADO,1 - 0,1,0,Exeter,Over 0.5 Goals,Under 1.5 Goals,Under 2.5 Goals,Under 3.5 Goals,No,Under 0.5 Goals,8/8,betfair_oficial
2026-10-03 16:00,2026-10-03 14:00,Dumbarton,Forfar,LIQUIDADO,2 - 1,2,1,Dumbarton,Over 0.5 Goals,Over 1.5 Goals,Over 2.5 Goals,Under 3.5 Goals,Yes,Over 0.5 Goals,8/8,betfair_oficial
2026-10-03 16:00,2026-10-03 14:00,Yeovil,Boston Utd,LIQUIDADO,Any Other Home Win,,,Yeovil,Over 0.5 Goals,Over 1.5 Goals,Over 2.5 Goals,Over 3.5 Goals,No,Over 0.5 Goals,8/8,betfair_oficial
2026-10-03 16:00,2026-10-03 14:00,Barrow,Wealdstone,LIQUIDADO,2 - 1,2,1,Barrow,Over 0.5 Goals,Over 1.5 Goals,Over 2.5 Goals,Under 3.5 Goals,Yes,Over 0.5 Goals,8/8,betfair_oficial
2026-10-03 16:00,2026-10-03 14:00,Jonkopings Sodra,Eskilsminne,LIQUIDADO,0 - 1,0,1,Eskilsminne,Over 0.5 Goals,Under 1.5 Goals,Under 2.5 Goals,Under 3.5 Goals,No,Over 0.5 Goals,8/8,betfair_oficial
2026-10-03 16:00,2026-10-03 14:00,Pitea,IF Karlstad,LIQUIDADO,1 - 1,1,1,The Draw,Over 0.5 Goals,Over 1.5 Goals,Under 2.5 Goals,Under 3.5 Goals,Yes,Under 0.5 Goals,8/8,betfair_oficial
2026-10-03 16:00,2026-10-03 14:00,Grimsby,Shrewsbury,LIQUIDADO,1 - 2,1,2,Shrewsbury,Over 0.5 Goals,Over 1.5 Goals,Over 2.5 Goals,Under 3.5 Goals,Yes,Over 0.5 Goals,8/8,betfair_oficial
2026-10-03 16:00,2026-10-03 14:00,Deportivo La Coruna (W),Atletico Madrid (W),LIQUIDADO,1 - 2,1,2,Atletico Madrid (W),Over 0.5 Goals,Over 1.5 Goals,Over 2.5 Goals,Under 3.5 Goals,Yes,Over 0.5 Goals,8/8,betfair_oficial
2026-10-03 16:00,2026-10-03 14:00,Aldershot,Carlisle,LIQUIDADO,1 - 3,1,3,Carlisle,Over 0.5 Goals,Over 1.5 Goals,Over 2.5 Goals,Over 3.5 Goals,Yes,Over 0.5 Goals,8/8,betfair_oficial
2026-10-03 16:00,2026-10-03 14:00,Harrogate Town,Hornchurch,LIQUIDADO,3 - 0,3,0,Harrogate Town,Over 0.5 Goals,Over 1.5 Goals,Over 2.5 Goals,Under 3.5 Goals,No,Over 0.5 Goals,8/8,betfair_oficial
2026-10-03 16:00,2026-10-03 14:00,Annan,Stirling,LIQUIDADO,0 - 1,0,1,Stirling,Over 0.5 Goals,Under 1.5 Goals,Under 2.5 Goals,Under 3.5 Goals,No,Under 0.5 Goals,8/8,betfair_oficial
2026-10-03 16:00,2026-10-03 14:00,Gateshead,Worthing,LIQUIDADO,1 - 2,1,2,Worthing,Over 0.5 Goals,Over 1.5 Goals,Over 2.5 Goals,Under 3.5 Goals,Yes,Over 0.5 Goals,8/8,betfair_oficial
2026-10-03 16:05,2026-10-03 14:00,JSD Jijel,JS Azazga,LIQUIDADO,0 - 0,0,0,The Draw,Under 0.5 Goals,Under 1.5 Goals,Under 2.5 Goals,Under 3.5 Goals,No,Under 0.5 Goals,8/8,betfair_oficial
2026-10-03 16:05,2026-10-03 14:00,NK Dren Vrhnika,Krsko,LIQUIDADO,0 - 0,0,0,The Draw,Under 0.5 Goals,Under 1.5 Goals,Under 2.5 Goals,Under 3.5 Goals,No,Under 0.5 Goals,8/8,betfair_oficial
2026-10-03 16:05,2026-10-03 14:00,Sidi Benali,ES Mostaganem,LIQUIDADO,2 - 2,2,2,The Draw,Over 0.5 Goals,Over 1.5 Goals,Over 2.5 Goals,Over 3.5 Goals,Yes,Over 0.5 Goals,8/8,betfair_oficial
2026-10-03 16:05,2026-10-03 14:00,India,Brazil,LIQUIDADO,Any Other Away Win,,,Brazil,Over 0.5 Goals,Over 1.5 Goals,Over 2.5 Goals,Over 3.5 Goals,No,Over 0.5 Goals,8/8,betfair_oficial
2026-10-03 16:05,2026-10-03 14:00,Eastleigh,Woking,LIQUIDADO,1 - 3,1,3,Woking,Over 0.5 Goals,Over 1.5 Goals,Over 2.5 Goals,Over 3.5 Goals,Yes,Over 0.5 Goals,8/8,betfair_oficial
2026-10-03 16:05,2026-10-03 14:00,Rochdale,Swindon,LIQUIDADO,1 - 0,1,0,Rochdale,Over 0.5 Goals,Under 1.5 Goals,Under 2.5 Goals,Under 3.5 Goals,No,Under 0.5 Goals,8/8,betfair_oficial
2026-10-03 16:05,2026-10-03 14:00,IFK Stocksund,FC Jarfalla,LIQUIDADO,1 - 1,1,1,The Draw,Over 0.5 Goals,Over 1.5 Goals,Under 2.5 Goals,Under 3.5 Goals,Yes,Over 0.5 Goals,8/8,betfair_oficial
2026-10-03 16:05,2026-10-03 14:00,Accrington,Cheltenham,LIQUIDADO,2 - 0,2,0,Accrington,Over 0.5 Goals,Over 1.5 Goals,Under 2.5 Goals,Under 3.5 Goals,No,Under 0.5 Goals,8/8,betfair_oficial
2026-10-03 16:05,2026-10-03 14:00,GC Mascara,USM Blida,LIQUIDADO,1 - 1,1,1,The Draw,Over 0.5 Goals,Over 1.5 Goals,Under 2.5 Goals,Under 3.5 Goals,Yes,Over 0.5 Goals,8/8,betfair_oficial
2026-10-03 16:10,2026-10-03 14:00,NA Hussein Dey,RC Kouba,LIQUIDADO,1 - 2,1,2,RC Kouba,Over 0.5 Goals,Over 1.5 Goals,Over 2.5 Goals,Under 3.5 Goals,Yes,Over 0.5 Goals,8/8,betfair_oficial
2026-10-03 16:10,2026-10-03 14:00,Avai,Ceara SC Fortaleza,LIQUIDADO,0 - 1,0,1,Ceara SC Fortaleza,Over 0.5 Goals,Under 1.5 Goals,Under 2.5 Goals,Under 3.5 Goals,No,Under 0.5 Goals,8/8,betfair_oficial
2026-10-03 16:15,2026-10-03 14:15,Almeria,Burgos,LIQUIDADO,2 - 1,2,1,Almeria,Over 0.5 Goals,Over 1.5 Goals,Over 2.5 Goals,Under 3.5 Goals,Yes,Over 0.5 Goals,8/8,betfair_oficial
2026-10-03 16:20,2026-10-03 14:00,Skovde AIK,Utsiktens,LIQUIDADO,3 - 2,3,2,Skovde AIK,Over 0.5 Goals,Over 1.5 Goals,Over 2.5 Goals,Over 3.5 Goals,Yes,Over 0.5 Goals,8/8,betfair_oficial
2026-10-03 16:30,2026-10-03 14:30,FC Oss,MVV Maastricht,LIQUIDADO,Any Other Home Win,,,FC Oss,Over 0.5 Goals,Over 1.5 Goals,Over 2.5 Goals,Over 3.5 Goals,Yes,Over 0.5 Goals,8/8,betfair_oficial
2026-10-03 16:40,2026-10-03 14:30,Vitesse Arnhem,NAC Breda,LIQUIDADO,2 - 2,2,2,The Draw,Over 0.5 Goals,Over 1.5 Goals,Over 2.5 Goals,Over 3.5 Goals,Yes,Over 0.5 Goals,8/8,betfair_oficial
2026-10-03 17:00,2026-10-03 14:00,USM El Harrach,Taghit,LIQUIDADO,Any Other Home Win,,,USM El Harrach,Over 0.5 Goals,Over 1.5 Goals,Over 2.5 Goals,Over 3.5 Goals,No,Over 0.5 Goals,8/8,betfair_oficial
2026-10-03 17:05,2026-10-03 15:00,Chimbarongo FC,Club Malleco Unido,LIQUIDADO,0 - 3,0,3,Club Malleco Unido,Over 0.5 Goals,Over 1.5 Goals,Over 2.5 Goals,Under 3.5 Goals,No,Over 0.5 Goals,8/8,betfair_oficial
2026-10-03 17:40,2026-10-03 15:30,Magallanes,Curico Unido,LIQUIDADO,1 - 0,1,0,Magallanes,Over 0.5 Goals,Under 1.5 Goals,Under 2.5 Goals,Under 3.5 Goals,No,Under 0.5 Goals,8/8,betfair_oficial
2026-10-03 18:05,2026-10-03 15:55,Saudi Arabia,Qatar,LIQUIDADO,0 - 0,0,0,The Draw,Under 0.5 Goals,Under 1.5 Goals,Under 2.5 Goals,Under 3.5 Goals,No,Under 0.5 Goals,8/8,betfair_oficial
2026-10-03 18:05,2026-10-03 16:00,Croatia,England,LIQUIDADO,Any Other Away Win,,,England,Over 0.5 Goals,Over 1.5 Goals,Over 2.5 Goals,Over 3.5 Goals,No,Over 0.5 Goals,8/8,betfair_oficial
2026-10-03 18:10,2026-10-03 15:55,Eintracht Frankfurt (W),Bayern Munich (W),LIQUIDADO,0 - 1,0,1,Bayern Munich (W),Over 0.5 Goals,Under 1.5 Goals,Under 2.5 Goals,Under 3.5 Goals,No,Over 0.5 Goals,8/8,betfair_oficial
2026-10-03 18:10,2026-10-03 16:00,Iceland,Bulgaria,LIQUIDADO,3 - 0,3,0,Iceland,Over 0.5 Goals,Over 1.5 Goals,Over 2.5 Goals,Under 3.5 Goals,No,Over 0.5 Goals,8/8,betfair_oficial
2026-10-03 18:10,2026-10-03 16:00,Estonia,Luxembourg,LIQUIDADO,1 - 0,1,0,Estonia,Over 0.5 Goals,Under 1.5 Goals,Under 2.5 Goals,Under 3.5 Goals,No,Over 0.5 Goals,8/8,betfair_oficial
2026-10-03 18:15,2026-10-03 16:00,Belarus,San Marino,LIQUIDADO,Any Other Home Win,,,Belarus,Over 0.5 Goals,Over 1.5 Goals,Over 2.5 Goals,Over 3.5 Goals,No,Under 0.5 Goals,8/8,betfair_oficial
2026-10-03 18:20,2026-10-03 16:00,HUSA Agadir,MAS Maghrib A Fes,LIQUIDADO,1 - 2,1,2,Mas Maghrib A Fes,Over 0.5 Goals,Over 1.5 Goals,Over 2.5 Goals,Under 3.5 Goals,Yes,Over 0.5 Goals,8/8,betfair_oficial
2026-10-03 18:20,2026-10-03 16:00,Brezice,NK Primorje,LIQUIDADO,1 - 1,1,1,The Draw,Over 0.5 Goals,Over 1.5 Goals,Under 2.5 Goals,Under 3.5 Goals,Yes,Under 0.5 Goals,8/8,betfair_oficial
2026-10-03 18:20,2026-10-03 16:00,Miramar Misiones,Paysandu FC,LIQUIDADO,1 - 0,1,0,Miramar Misiones,Over 0.5 Goals,Under 1.5 Goals,Under 2.5 Goals,Under 3.5 Goals,No,Over 0.5 Goals,8/8,betfair_oficial
2026-10-03 18:20,2026-10-03 16:00,Tatran Presov,OFK Banik Lehota,LIQUIDADO,3 - 2,3,2,Tatran Presov,Over 0.5 Goals,Over 1.5 Goals,Over 2.5 Goals,Over 3.5 Goals,Yes,Over 0.5 Goals,8/8,betfair_oficial
2026-10-03 18:25,2026-10-03 16:30,Hamilton,Peterhead,LIQUIDADO,2 - 1,2,1,Hamilton,Over 0.5 Goals,Over 1.5 Goals,Over 2.5 Goals,Under 3.5 Goals,Yes,Under 0.5 Goals,8/8,betfair_oficial
2026-10-03 18:40,2026-10-03 16:00,Inter Toronto FC,Cavalry,LIQUIDADO,3 - 1,3,1,Inter Toronto FC,Over 0.5 Goals,Over 1.5 Goals,Over 2.5 Goals,Over 3.5 Goals,Yes,Over 0.5 Goals,8/8,betfair_oficial
2026-10-03 18:45,2026-10-03 16:00,Tabor Sezana,Krka,LIQUIDADO,2 - 1,2,1,Tabor Sezana,Over 0.5 Goals,Over 1.5 Goals,Over 2.5 Goals,Under 3.5 Goals,Yes,Over 0.5 Goals,8/8,betfair_oficial
2026-10-03 18:45,2026-10-03 16:30,Cadiz,Leganes,LIQUIDADO,Any Other Home Win,,,Cadiz,Over 0.5 Goals,Over 1.5 Goals,Over 2.5 Goals,Over 3.5 Goals,No,Over 0.5 Goals,8/8,betfair_oficial
2026-10-03 18:50,2026-10-03 16:00,Correcaminos (Premier),La Tribu Ciudad Juarez,LIQUIDADO,3 - 1,3,1,Correcaminos (Premier),Over 0.5 Goals,Over 1.5 Goals,Over 2.5 Goals,Over 3.5 Goals,Yes,Over 0.5 Goals,8/8,betfair_oficial
2026-10-03 18:50,2026-10-03 16:00,Sandecja Nowy Sacz,Lechia Zielona Gora,LIQUIDADO,1 - 3,1,3,Lechia Zielona Gora,Over 0.5 Goals,Over 1.5 Goals,Over 2.5 Goals,Over 3.5 Goals,Yes,Over 0.5 Goals,8/8,betfair_oficial
2026-10-03 19:15,2026-10-03 17:00,Deportivo Mixco,CSD Municipal,LIQUIDADO,,,,,,,,,,,8/8,betfair_oficial
2026-10-03 19:45,2026-10-03 17:45,Defensa y Justicia,San Lorenzo,LIQUIDADO,3 - 0,3,0,Defensa y Justicia,Over 0.5 Goals,Over 1.5 Goals,Over 2.5 Goals,Under 3.5 Goals,No,Over 0.5 Goals,8/8,betfair_oficial
2026-10-03 19:55,2026-10-03 18:00,Almere City,FC Volendam,LIQUIDADO,1 - 0,1,0,Almere City,Over 0.5 Goals,Under 1.5 Goals,Under 2.5 Goals,Under 3.5 Goals,No,Over 0.5 Goals,8/8,betfair_oficial
2026-10-03 20:00,2026-10-03 18:00,RKC Waalwijk,Emmen,LIQUIDADO,1 - 1,1,1,The Draw,Over 0.5 Goals,Over 1.5 Goals,Under 2.5 Goals,Under 3.5 Goals,Yes,Over 0.5 Goals,8/8,betfair_oficial
2026-10-03 20:00,2026-10-03 18:00,DHJ El Jadida,Wydad Casablanca,LIQUIDADO,0 - 2,0,2,Wydad Casablanca,Over 0.5 Goals,Over 1.5 Goals,Under 2.5 Goals,Under 3.5 Goals,No,Over 0.5 Goals,8/8,betfair_oficial
2026-10-03 20:00,2026-10-03 18:00,FC Eindhoven,De Graafschap,LIQUIDADO,2 - 2,2,2,The Draw,Over 0.5 Goals,Over 1.5 Goals,Over 2.5 Goals,Over 3.5 Goals,Yes,Over 0.5 Goals,8/8,betfair_oficial
2026-10-03 20:00,2026-10-03 18:00,Deportes Copiapo,Puerto Montt,LIQUIDADO,3 - 0,3,0,Deportes Copiapo,Over 0.5 Goals,Over 1.5 Goals,Over 2.5 Goals,Under 3.5 Goals,No,Over 0.5 Goals,8/8,betfair_oficial
2026-10-03 20:00,2026-10-03 18:00,Albion FC,Defensor Sporting,LIQUIDADO,3 - 2,3,2,Albion FC,Over 0.5 Goals,Over 1.5 Goals,Over 2.5 Goals,Over 3.5 Goals,Yes,Over 0.5 Goals,8/8,betfair_oficial
2026-10-03 20:00,2026-10-03 18:00,Den Bosch,FC Dordrecht,LIQUIDADO,1 - 1,1,1,The Draw,Over 0.5 Goals,Over 1.5 Goals,Under 2.5 Goals,Under 3.5 Goals,Yes,Under 0.5 Goals,8/8,betfair_oficial
2026-10-03 20:05,2026-10-03 18:00,Tristan Suarez,Quilmes,LIQUIDADO,0 - 0,0,0,The Draw,Under 0.5 Goals,Under 1.5 Goals,Under 2.5 Goals,Under 3.5 Goals,No,Under 0.5 Goals,8/8,betfair_oficial
2026-10-03 20:05,2026-10-03 18:00,Colon,Estudiantes de Caseros,LIQUIDADO,1 - 0,1,0,Colon,Over 0.5 Goals,Under 1.5 Goals,Under 2.5 Goals,Under 3.5 Goals,No,Under 0.5 Goals,8/8,betfair_oficial
2026-10-03 20:05,2026-10-03 18:00,CA San Miguel,Club Atletico Mitre,LIQUIDADO,0 - 2,0,2,Club Atletico Mitre,Over 0.5 Goals,Over 1.5 Goals,Under 2.5 Goals,Under 3.5 Goals,No,Under 0.5 Goals,8/8,betfair_oficial
2026-10-03 20:05,2026-10-03 18:00,Deportivo Moron,All Boys,LIQUIDADO,2 - 1,2,1,Deportivo Moron,Over 0.5 Goals,Over 1.5 Goals,Over 2.5 Goals,Under 3.5 Goals,Yes,Over 0.5 Goals,8/8,betfair_oficial
2026-10-03 20:05,2026-10-03 18:00,CODM Meknes,Kawkab Marrakech,LIQUIDADO,0 - 1,0,1,Kawkab Marrakech,Over 0.5 Goals,Under 1.5 Goals,Under 2.5 Goals,Under 3.5 Goals,No,Under 0.5 Goals,8/8,betfair_oficial
2026-10-03 20:10,2026-10-03 18:00,Deportes Recoleta,Santiago Wanderers,LIQUIDADO,2 - 1,2,1,Deportes Recoleta,Over 0.5 Goals,Over 1.5 Goals,Over 2.5 Goals,Under 3.5 Goals,Yes,Over 0.5 Goals,8/8,betfair_oficial
2026-10-03 20:10,2026-10-03 18:00,CA Temperley,Gimnasia Jujuy,LIQUIDADO,2 - 1,2,1,CA Temperley,Over 0.5 Goals,Over 1.5 Goals,Over 2.5 Goals,Under 3.5 Goals,Yes,Over 0.5 Goals,8/8,betfair_oficial
2026-10-03 20:15,2026-10-03 18:00,Canada,Peru,LIQUIDADO,2 - 0,2,0,Canada,Over 0.5 Goals,Over 1.5 Goals,Under 2.5 Goals,Under 3.5 Goals,No,Over 0.5 Goals,8/8,betfair_oficial
2026-10-03 20:30,2026-10-03 16:30,Sabadell,FC Andorra,LIQUIDADO,,,,,,,,,,,7/8,betfair_oficial
2026-10-03 20:35,2026-10-03 18:30,UAE,Oman,LIQUIDADO,1 - 0,1,0,UAE,Over 0.5 Goals,Under 1.5 Goals,Under 2.5 Goals,Under 3.5 Goals,No,Over 0.5 Goals,8/8,betfair_oficial
2026-10-03 20:40,2026-10-03 18:00,Real San Joaquin,Lota Schwager,LIQUIDADO,0 - 2,0,2,Lota Schwager,Over 0.5 Goals,Over 1.5 Goals,Under 2.5 Goals,Under 3.5 Goals,No,Under 0.5 Goals,8/8,betfair_oficial
2026-10-03 20:45,2026-10-03 18:45,Switzerland,Slovenia,LIQUIDADO,2 - 1,2,1,Switzerland,Over 0.5 Goals,Over 1.5 Goals,Over 2.5 Goals,Under 3.5 Goals,Yes,Over 0.5 Goals,8/8,betfair_oficial
2026-10-03 20:45,2026-10-03 18:45,Concarneau,Paris 13 Atletico,LIQUIDADO,2 - 1,2,1,Concarneau,Over 0.5 Goals,Over 1.5 Goals,Over 2.5 Goals,Under 3.5 Goals,Yes,Under 0.5 Goals,8/8,betfair_oficial
2026-10-03 20:45,2026-10-03 18:45,Versailles 78 FC,Valenciennes,LIQUIDADO,1 - 0,1,0,Versailles 78 FC,Over 0.5 Goals,Under 1.5 Goals,Under 2.5 Goals,Under 3.5 Goals,No,Over 0.5 Goals,8/8,betfair_oficial
2026-10-03 20:45,2026-10-03 18:45,Rouen,Bourg-en-Bresse,LIQUIDADO,2 - 0,2,0,Rouen,Over 0.5 Goals,Over 1.5 Goals,Under 2.5 Goals,Under 3.5 Goals,No,Over 0.5 Goals,8/8,betfair_oficial
2026-10-03 20:45,2026-10-03 18:45,Spain,Czechia,LIQUIDADO,3 - 1,3,1,Spain,Over 0.5 Goals,Over 1.5 Goals,Over 2.5 Goals,Over 3.5 Goals,Yes,Over 0.5 Goals,8/8,betfair_oficial
2026-10-03 20:50,2026-10-03 18:45,Cannes,Quevilly Rouen,LIQUIDADO,3 - 1,3,1,Cannes,Over 0.5 Goals,Over 1.5 Goals,Over 2.5 Goals,Over 3.5 Goals,Yes,Over 0.5 Goals,8/8,betfair_oficial
2026-10-03 20:50,2026-10-03 18:45,North Macedonia,Scotland,LIQUIDADO,0 - 2,0,2,Scotland,Over 0.5 Goals,Over 1.5 Goals,Under 2.5 Goals,Under 3.5 Goals,No,Over 0.5 Goals,8/8,betfair_oficial
2026-10-03 20:50,2026-10-03 18:45,Le Puy,US Thionville Lusitanos,LIQUIDADO,1 - 0,1,0,Le Puy,Over 0.5 Goals,Under 1.5 Goals,Under 2.5 Goals,Under 3.5 Goals,No,Under 0.5 Goals,8/8,betfair_oficial
2026-10-03 20:50,2026-10-03 18:45,La Roche-sur-Yon VF,Aubagne FC,LIQUIDADO,3 - 1,3,1,La Roche-sur-Yon VF,Over 0.5 Goals,Over 1.5 Goals,Over 2.5 Goals,Over 3.5 Goals,Yes,Over 0.5 Goals,8/8,betfair_oficial
2026-10-03 20:50,2026-10-03 18:45,Amiens,Villefranche Beaujolais,LIQUIDADO,3 - 0,3,0,Amiens,Over 0.5 Goals,Over 1.5 Goals,Over 2.5 Goals,Under 3.5 Goals,No,Under 0.5 Goals,8/8,betfair_oficial
2026-10-03 20:55,2026-10-03 18:45,Fleury Merogis,Caen,LIQUIDADO,3 - 2,3,2,Fleury Merogis,Over 0.5 Goals,Over 1.5 Goals,Over 2.5 Goals,Over 3.5 Goals,Yes,Over 0.5 Goals,8/8,betfair_oficial
2026-10-03 21:00,2026-10-03 19:00,Ivory Coast,Cameroon,LIQUIDADO,0 - 1,0,1,Cameroon,Over 0.5 Goals,Under 1.5 Goals,Under 2.5 Goals,Under 3.5 Goals,No,Under 0.5 Goals,8/8,betfair_oficial
2026-10-03 21:00,2026-10-03 19:00,Atletico GO,America MG,LIQUIDADO,2 - 0,2,0,Atletico Go,Over 0.5 Goals,Over 1.5 Goals,Under 2.5 Goals,Under 3.5 Goals,No,Over 0.5 Goals,8/8,betfair_oficial
2026-10-03 21:05,2026-10-03 19:00,Aguilas Doradas,Jaguares de Cordoba,LIQUIDADO,2 - 0,2,0,Aguilas Doradas,Over 0.5 Goals,Over 1.5 Goals,Under 2.5 Goals,Under 3.5 Goals,No,Under 0.5 Goals,8/8,betfair_oficial
2026-10-03 21:05,2026-10-03 19:00,CA Rentistas,Huracan del Paso,LIQUIDADO,2 - 1,2,1,CA Rentistas,Over 0.5 Goals,Over 1.5 Goals,Over 2.5 Goals,Under 3.5 Goals,Yes,Over 0.5 Goals,8/8,betfair_oficial
2026-10-03 21:45,2026-10-03 20:00,San Martin de Burzaco,Argentino de Merlo,LIQUIDADO,2 - 1,2,1,San Martin de Burzaco,Over 0.5 Goals,Over 1.5 Goals,Over 2.5 Goals,Under 3.5 Goals,Yes,Over 0.5 Goals,8/8,betfair_oficial
2026-10-03 21:45,2026-10-03 20:00,Real Pilar FC,Villa Dalmine,LIQUIDADO,2 - 0,2,0,Real Pilar FC,Over 0.5 Goals,Over 1.5 Goals,Under 2.5 Goals,Under 3.5 Goals,No,Over 0.5 Goals,8/8,betfair_oficial
2026-10-03 21:45,2026-10-03 20:00,CSD Liniers de Ciudad Evita,Excursionistas,LIQUIDADO,1 - 0,1,0,CSD Liniers de Ciudad Evita,Over 0.5 Goals,Under 1.5 Goals,Under 2.5 Goals,Under 3.5 Goals,No,Under 0.5 Goals,8/8,betfair_oficial
2026-10-03 21:45,2026-10-03 20:00,CS Dock Sud,Deportivo Armenio,LIQUIDADO,0 - 3,0,3,Deportivo Armenio,Over 0.5 Goals,Over 1.5 Goals,Over 2.5 Goals,Under 3.5 Goals,No,Over 0.5 Goals,8/8,betfair_oficial
2026-10-03 21:45,2026-10-03 20:00,Defensores Unidos,Argentino de Quilmes,LIQUIDADO,1 - 1,1,1,The Draw,Over 0.5 Goals,Over 1.5 Goals,Under 2.5 Goals,Under 3.5 Goals,Yes,Under 0.5 Goals,8/8,betfair_oficial
2026-10-03 21:45,2026-10-03 20:00,Camioneros,Deportivo Laferrere,LIQUIDADO,1 - 2,1,2,Deportivo Laferrere,Over 0.5 Goals,Over 1.5 Goals,Over 2.5 Goals,Under 3.5 Goals,Yes,Over 0.5 Goals,8/8,betfair_oficial
2026-10-03 21:45,2026-10-03 20:00,Villa San Carlos,Arsenal de Sarandi,LIQUIDADO,1 - 0,1,0,Villa San Carlos,Over 0.5 Goals,Under 1.5 Goals,Under 2.5 Goals,Under 3.5 Goals,No,Under 0.5 Goals,8/8,betfair_oficial
2026-10-03 22:00,2026-10-03 20:00,Guarani (Par),Sportivo San Lorenzo,LIQUIDADO,1 - 1,1,1,The Draw,Over 0.5 Goals,Over 1.5 Goals,Under 2.5 Goals,Under 3.5 Goals,Yes,Over 0.5 Goals,8/8,betfair_oficial
2026-10-03 22:00,2026-10-03 20:00,Atl Tucuman,Barracas Central,LIQUIDADO,2 - 3,2,3,Barracas Central,Over 0.5 Goals,Over 1.5 Goals,Over 2.5 Goals,Over 3.5 Goals,Yes,Over 0.5 Goals,8/8,betfair_oficial
2026-10-03 22:00,2026-10-03 20:00,Provincial Ovalle FC,Deportes Rengo,LIQUIDADO,Any Other Away Win,,,Deportes Rengo Unido,Over 0.5 Goals,Over 1.5 Goals,Over 2.5 Goals,Over 3.5 Goals,Yes,Over 0.5 Goals,8/8,betfair_oficial
2026-10-03 22:00,2026-10-03 20:00,Raja Casablanca,Club R Zemamra,LIQUIDADO,1 - 0,1,0,Raja Casablanca,Over 0.5 Goals,Under 1.5 Goals,Under 2.5 Goals,Under 3.5 Goals,No,Over 0.5 Goals,8/8,betfair_oficial
2026-10-03 22:00,2026-10-03 20:00,Floresta EC,Botafogo PB,LIQUIDADO,1 - 1,1,1,The Draw,Over 0.5 Goals,Over 1.5 Goals,Under 2.5 Goals,Under 3.5 Goals,Yes,Over 0.5 Goals,8/8,betfair_oficial
2026-10-03 22:00,2026-10-03 20:00,Santa Cruz PE,Maringa,LIQUIDADO,1 - 1,1,1,The Draw,Over 0.5 Goals,Over 1.5 Goals,Under 2.5 Goals,Under 3.5 Goals,Yes,Over 0.5 Goals,8/8,betfair_oficial
2026-10-03 22:00,2026-10-03 20:00,Newells,Lanus,LIQUIDADO,0 - 0,0,0,The Draw,Under 0.5 Goals,Under 1.5 Goals,Under 2.5 Goals,Under 3.5 Goals,No,Under 0.5 Goals,8/8,betfair_oficial
2026-10-03 22:05,2026-10-03 20:00,Cuiaba,Ponte Preta,LIQUIDADO,2 - 0,2,0,Cuiaba,Over 0.5 Goals,Over 1.5 Goals,Under 2.5 Goals,Under 3.5 Goals,No,Over 0.5 Goals,8/8,betfair_oficial
2026-10-03 22:10,2026-10-03 20:00,Racing Louisville FC (W),Utah Royals (W),LIQUIDADO,1 - 1,1,1,The Draw,Over 0.5 Goals,Over 1.5 Goals,Under 2.5 Goals,Under 3.5 Goals,Yes,Over 0.5 Goals,8/8,betfair_oficial
2026-10-03 22:20,2026-10-03 20:00,Forge,HFX Wanderers,LIQUIDADO,3 - 3,3,3,The Draw,Over 0.5 Goals,Over 1.5 Goals,Over 2.5 Goals,Over 3.5 Goals,Yes,Over 0.5 Goals,8/8,betfair_oficial
2026-10-03 22:30,2026-10-03 20:30,Boyaca Patriotas,Independiente Yumbo,LIQUIDADO,0 - 1,0,1,Independiente Yumbo,Over 0.5 Goals,Under 1.5 Goals,Under 2.5 Goals,Under 3.5 Goals,No,Under 0.5 Goals,8/8,betfair_oficial
2026-10-03 22:30,2026-10-03 20:30,Real Santander,Union Magdalena,LIQUIDADO,1 - 3,1,3,Union Magdalena,Over 0.5 Goals,Over 1.5 Goals,Over 2.5 Goals,Over 3.5 Goals,Yes,Over 0.5 Goals,8/8,betfair_oficial
2026-10-03 22:35,2026-10-03 20:30,Deportes Temuco,Cobreloa Calama,LIQUIDADO,0 - 1,0,1,Cobreloa Calama,Over 0.5 Goals,Under 1.5 Goals,Under 2.5 Goals,Under 3.5 Goals,No,Under 0.5 Goals,8/8,betfair_oficial
2026-10-03 22:55,2026-10-03 21:00,Deportivo Maldonado,Central Espanol,LIQUIDADO,3 - 0,3,0,Deportivo Maldonado,Over 0.5 Goals,Over 1.5 Goals,Over 2.5 Goals,Under 3.5 Goals,No,Over 0.5 Goals,8/8,betfair_oficial
2026-10-03 23:00,2026-10-03 21:00,Sint Maarten,St Vincent & Grenadines,LIQUIDADO,Any Other Away Win,,,St Vincent & Grenadines,Over 0.5 Goals,Over 1.5 Goals,Over 2.5 Goals,Over 3.5 Goals,Yes,Over 0.5 Goals,8/8,betfair_oficial
2026-10-03 23:10,2026-10-03 21:00,Coban Imperial,Malacateco,LIQUIDADO,2 - 0,2,0,Coban Imperial,Over 0.5 Goals,Over 1.5 Goals,Under 2.5 Goals,Under 3.5 Goals,No,Over 0.5 Goals,8/8,betfair_oficial
2026-10-03 23:10,2026-10-03 21:05,Tolima,Boyaca Chico,LIQUIDADO,0 - 0,0,0,The Draw,Under 0.5 Goals,Under 1.5 Goals,Under 2.5 Goals,Under 3.5 Goals,No,Under 0.5 Goals,8/8,betfair_oficial
2026-10-03 23:10,2026-10-03 21:15,Nacional Potosi,CDT Real Oruro,LIQUIDADO,2 - 0,2,0,Nacional Potosi,Over 0.5 Goals,Over 1.5 Goals,Under 2.5 Goals,Under 3.5 Goals,No,Over 0.5 Goals,8/8,betfair_oficial
2026-10-03 23:15,2026-10-03 21:00,CD Aguila,CD Cacahuatique,LIQUIDADO,Any Other Home Win,,,CD Aguila,Over 0.5 Goals,Over 1.5 Goals,Over 2.5 Goals,Over 3.5 Goals,Yes,Over 0.5 Goals,8/8,betfair_oficial
2026-10-03 23:30,2026-10-03 21:30,Botafogo SP,Vila Nova,LIQUIDADO,0 - 1,0,1,Vila Nova,Over 0.5 Goals,Under 1.5 Goals,Under 2.5 Goals,Under 3.5 Goals,No,Over 0.5 Goals,8/8,betfair_oficial
2026-10-03 23:40,2026-10-03 21:30,Atletico MG,Red Bull Bragantino,LIQUIDADO,1 - 0,1,0,Atletico MG,Over 0.5 Goals,Under 1.5 Goals,Under 2.5 Goals,Under 3.5 Goals,No,Over 0.5 Goals,8/8,betfair_oficial
2026-10-04 00:00,2026-10-03 22:00,Tacuarembo,Atenas,LIQUIDADO,0 - 1,0,1,Atenas,Over 0.5 Goals,Under 1.5 Goals,Under 2.5 Goals,Under 3.5 Goals,No,Under 0.5 Goals,8/8,betfair_oficial
2026-10-04 00:30,2026-10-03 22:30,Inter Limeira,Brusque FC,LIQUIDADO,2 - 2,2,2,The Draw,Over 0.5 Goals,Over 1.5 Goals,Over 2.5 Goals,Over 3.5 Goals,Yes,Over 0.5 Goals,8/8,betfair_oficial
2026-10-04 00:35,2026-10-03 22:30,Paysandu,Ferroviaria,LIQUIDADO,1 - 0,1,0,Paysandu,Over 0.5 Goals,Under 1.5 Goals,Under 2.5 Goals,Under 3.5 Goals,No,Over 0.5 Goals,8/8,betfair_oficial
2026-10-04 01:00,2026-10-03 23:00,AD Rosario,Quepos Cambute,LIQUIDADO,1 - 0,1,0,AD Rosario,Over 0.5 Goals,Under 1.5 Goals,Under 2.5 Goals,Under 3.5 Goals,No,Over 0.5 Goals,8/8,betfair_oficial
2026-10-04 01:00,2026-10-03 23:00,CD Santa Cruz,San Marcos,LIQUIDADO,1 - 2,1,2,San Marcos,Over 0.5 Goals,Over 1.5 Goals,Over 2.5 Goals,Under 3.5 Goals,Yes,Over 0.5 Goals,8/8,betfair_oficial
2026-10-04 01:10,2026-10-03 23:10,Barranquilla,Millonarios,LIQUIDADO,1 - 1,1,1,The Draw,Over 0.5 Goals,Over 1.5 Goals,Under 2.5 Goals,Under 3.5 Goals,Yes,Over 0.5 Goals,8/8,betfair_oficial
2026-10-04 01:15,2026-10-03 23:00,AD Isidro Metapan,Atletico Balboa,LIQUIDADO,3 - 2,3,2,AD Isidro Metapan,Over 0.5 Goals,Over 1.5 Goals,Over 2.5 Goals,Over 3.5 Goals,Yes,Under 0.5 Goals,8/8,betfair_oficial
2026-10-04 01:15,2026-10-03 23:15,Veraguas FC,Tauro FC,LIQUIDADO,2 - 1,2,1,Veraguas FC,Over 0.5 Goals,Over 1.5 Goals,Over 2.5 Goals,Under 3.5 Goals,Yes,Over 0.5 Goals,8/8,betfair_oficial
2026-10-04 01:25,2026-10-03 23:30,The Strongest,Universitario de Vinto,LIQUIDADO,Any Other Home Win,,,The Strongest,Over 0.5 Goals,Over 1.5 Goals,Over 2.5 Goals,Over 3.5 Goals,Yes,Over 0.5 Goals,8/8,betfair_oficial
2026-10-04 03:00,2026-10-04 00:00,Argentina,Burkina Faso,LIQUIDADO,Any Other Home Win,,,Argentina,Over 0.5 Goals,Over 1.5 Goals,Over 2.5 Goals,Over 3.5 Goals,No,Over 0.5 Goals,8/8,betfair_oficial
2026-10-04 03:00,2026-10-04 00:00,Club Deportivo Ayense,Racing de Veracruz II,LIQUIDADO,1 - 2,1,2,Racing de Veracruz II,Over 0.5 Goals,Over 1.5 Goals,Over 2.5 Goals,Under 3.5 Goals,Yes,Over 0.5 Goals,8/8,betfair_oficial
2026-10-04 03:00,2026-10-04 01:00,Nueva Santa Rosa CDF,CD Sayaxche,LIQUIDADO,1 - 0,1,0,Nueva Santa Rosa CDF,Over 0.5 Goals,Under 1.5 Goals,Under 2.5 Goals,Under 3.5 Goals,No,Under 0.5 Goals,8/8,betfair_oficial
2026-10-04 03:05,2026-10-04 01:00,Alianza FC (SLV),CD Luis Angel Firpo,LIQUIDADO,2 - 2,2,2,The Draw,Over 0.5 Goals,Over 1.5 Goals,Over 2.5 Goals,Over 3.5 Goals,Yes,Over 0.5 Goals,8/8,betfair_oficial
2026-10-04 03:30,2026-10-04 01:30,Plaza Amador,CD Universitario,LIQUIDADO,2 - 1,2,1,Plaza Amador,Over 0.5 Goals,Over 1.5 Goals,Over 2.5 Goals,Under 3.5 Goals,Yes,Over 0.5 Goals,8/8,betfair_oficial
2026-10-04 03:55,2026-10-04 02:00,Belize,French Guyana,LIQUIDADO,0 - 2,0,2,French Guyana,Over 0.5 Goals,Over 1.5 Goals,Under 2.5 Goals,Under 3.5 Goals,No,Under 0.5 Goals,8/8,betfair_oficial
2026-10-04 04:05,2026-10-04 02:00,Xelaju,Deportivo San Pedro,LIQUIDADO,2 - 0,2,0,Xelaju,Over 0.5 Goals,Over 1.5 Goals,Under 2.5 Goals,Under 3.5 Goals,No,Over 0.5 Goals,8/8,betfair_oficial
2026-10-04 04:05,2026-10-04 02:00,USA,Mexico,LIQUIDADO,3 - 0,3,0,USA,Over 0.5 Goals,Over 1.5 Goals,Over 2.5 Goals,Under 3.5 Goals,No,Over 0.5 Goals,8/8,betfair_oficial
2026-10-04 04:35,2026-10-04 01:20,Real Cartagena,Boca Juniors de Cali,LIQUIDADO,2 - 3,2,3,Boca Juniors de Cali,Over 0.5 Goals,Over 1.5 Goals,Over 2.5 Goals,Over 3.5 Goals,Yes,Over 0.5 Goals,8/8,betfair_oficial
2026-10-04 06:00,2026-10-04 04:00,Maruyasu Okazaki,ReinMeer Aomori,LIQUIDADO,1 - 2,1,2,ReinMeer Aomori,Over 0.5 Goals,Over 1.5 Goals,Over 2.5 Goals,Under 3.5 Goals,Yes,Over 0.5 Goals,8/8,betfair_oficial
2026-10-04 06:00,2026-10-04 04:00,Vanraure Hachinohe,Yokohama FC,LIQUIDADO,0 - 2,0,2,Yokohama FC,Over 0.5 Goals,Over 1.5 Goals,Under 2.5 Goals,Under 3.5 Goals,No,Over 0.5 Goals,8/8,betfair_oficial
2026-10-04 06:00,2026-10-04 04:00,Okinawa SV,Briobecca Urayasu SC,LIQUIDADO,0 - 2,0,2,Briobecca Urayasu SC,Over 0.5 Goals,Over 1.5 Goals,Under 2.5 Goals,Under 3.5 Goals,No,Over 0.5 Goals,8/8,betfair_oficial
2026-10-04 06:00,2026-10-04 04:00,J-Lease,FC Tiamo Hirakata,LIQUIDADO,1 - 1,1,1,The Draw,Over 0.5 Goals,Over 1.5 Goals,Under 2.5 Goals,Under 3.5 Goals,Yes,Over 0.5 Goals,8/8,betfair_oficial
2026-10-04 06:00,2026-10-04 04:00,Sapporo,Iwaki SC,LIQUIDADO,2 - 1,2,1,Sapporo,Over 0.5 Goals,Over 1.5 Goals,Over 2.5 Goals,Under 3.5 Goals,Yes,Over 0.5 Goals,8/8,betfair_oficial
2026-10-04 06:55,2026-10-04 05:00,Central Stallions FC,Khovd Western,LIQUIDADO,Any Other Home Win,,,Central Stallions FC,Over 0.5 Goals,Over 1.5 Goals,Over 2.5 Goals,Over 3.5 Goals,Yes,Over 0.5 Goals,8/8,betfair_oficial
2026-10-04 07:00,2026-10-04 05:00,Kamatamare Sanuki,Tochigi SC,LIQUIDADO,0 - 0,0,0,The Draw,Under 0.5 Goals,Under 1.5 Goals,Under 2.5 Goals,Under 3.5 Goals,No,Under 0.5 Goals,8/8,betfair_oficial
2026-10-04 07:00,2026-10-04 05:00,Blaublitz Akita,Tosu,LIQUIDADO,1 - 0,1,0,Blaublitz Akita,Over 0.5 Goals,Under 1.5 Goals,Under 2.5 Goals,Under 3.5 Goals,No,Under 0.5 Goals,8/8,betfair_oficial
2026-10-04 07:30,2026-10-04 05:30,Hoi King SA,Dreams Metro Gallery,LIQUIDADO,2 - 2,2,2,The Draw,Over 0.5 Goals,Over 1.5 Goals,Over 2.5 Goals,Over 3.5 Goals,Yes,Over 0.5 Goals,8/8,betfair_oficial
2026-10-04 07:35,2026-10-04 05:30,Central & West DR & SA,Resources Capital FC,LIQUIDADO,Any Other Away Win,,,Resources Capital FC,Over 0.5 Goals,Over 1.5 Goals,Over 2.5 Goals,Over 3.5 Goals,Yes,Over 0.5 Goals,8/8,betfair_oficial
2026-10-04 08:10,2026-10-04 06:00,Sendai,Iwata,LIQUIDADO,2 - 1,2,1,Sendai,Over 0.5 Goals,Over 1.5 Goals,Over 2.5 Goals,Under 3.5 Goals,Yes,Over 0.5 Goals,8/8,betfair_oficial
2026-10-04 09:00,2026-10-04 07:00,Manila Digger FC,Dynamic Herb Cebu FC,LIQUIDADO,2 - 0,2,0,Manila Digger FC,Over 0.5 Goals,Over 1.5 Goals,Under 2.5 Goals,Under 3.5 Goals,No,Over 0.5 Goals,8/8,betfair_oficial
2026-10-04 09:25,2026-10-04 07:30,Citizen AA,Yuen Long,LIQUIDADO,0 - 3,0,3,Yuen Long,Over 0.5 Goals,Over 1.5 Goals,Over 2.5 Goals,Under 3.5 Goals,No,Over 0.5 Goals,8/8,betfair_oficial
2026-10-04 09:25,2026-10-04 07:30,Islands FC,Sai Kung,LIQUIDADO,1 - 0,1,0,Islands FC,Over 0.5 Goals,Under 1.5 Goals,Under 2.5 Goals,Under 3.5 Goals,No,Over 0.5 Goals,8/8,betfair_oficial
2026-10-04 09:30,2026-10-04 07:30,Tuen Mun FC,Ravia SA,LIQUIDADO,1 - 1,1,1,The Draw,Over 0.5 Goals,Over 1.5 Goals,Under 2.5 Goals,Under 3.5 Goals,Yes,Over 0.5 Goals,8/8,betfair_oficial
2026-10-04 09:40,2026-10-04 07:30,Sham Shui Po,Supreme FC,LIQUIDADO,1 - 3,1,3,Supreme FC,Over 0.5 Goals,Over 1.5 Goals,Over 2.5 Goals,Over 3.5 Goals,Yes,Over 0.5 Goals,8/8,betfair_oficial
2026-10-04 09:40,2026-10-04 07:30,South China,Tung Sing,LIQUIDADO,1 - 0,1,0,South China,Over 0.5 Goals,Under 1.5 Goals,Under 2.5 Goals,Under 3.5 Goals,No,Over 0.5 Goals,8/8,betfair_oficial
2026-10-04 09:55,2026-10-04 08:00,Kowloon City FC,Eastern District SA,LIQUIDADO,1 - 2,1,2,Eastern District SA,Over 0.5 Goals,Over 1.5 Goals,Over 2.5 Goals,Under 3.5 Goals,Yes,Over 0.5 Goals,8/8,betfair_oficial
2026-10-04 10:00,2026-10-04 08:00,HK Rangers FC,Wofoo TP,LIQUIDADO,1 - 3,1,3,Wofoo TP,Over 0.5 Goals,Over 1.5 Goals,Over 2.5 Goals,Over 3.5 Goals,Yes,Over 0.5 Goals,8/8,betfair_oficial
2026-10-04 10:10,2026-10-04 08:15,Unicov,Polanka,LIQUIDADO,3 - 1,3,1,Unicov,Over 0.5 Goals,Over 1.5 Goals,Over 2.5 Goals,Over 3.5 Goals,Yes,Over 0.5 Goals,8/8,betfair_oficial
2026-10-04 10:20,2026-10-04 08:15,FC Zbrojovka Brno B,FK Blansko,LIQUIDADO,1 - 1,1,1,The Draw,Over 0.5 Goals,Over 1.5 Goals,Under 2.5 Goals,Under 3.5 Goals,Yes,Over 0.5 Goals,8/8,betfair_oficial
2026-10-04 10:20,2026-10-04 08:15,MFK Karvina B,FC Fastav Zlin B,LIQUIDADO,0 - 1,0,1,FC Fastav Zlin B,Over 0.5 Goals,Under 1.5 Goals,Under 2.5 Goals,Under 3.5 Goals,No,Under 0.5 Goals,8/8,betfair_oficial
2026-10-04 10:25,2026-10-04 08:30,FC Petrzalka,Malzenice,LIQUIDADO,1 - 1,1,1,The Draw,Over 0.5 Goals,Over 1.5 Goals,Under 2.5 Goals,Under 3.5 Goals,Yes,Over 0.5 Goals,8/8,betfair_oficial
2026-10-04 10:30,2026-10-04 08:30,Deltras Sidoarjo,Persiba Balikpapan,LIQUIDADO,2 - 0,2,0,Deltras Sidoarjo,Over 0.5 Goals,Over 1.5 Goals,Under 2.5 Goals,Under 3.5 Goals,No,Under 0.5 Goals,8/8,betfair_oficial
2026-10-04 10:30,2026-10-04 08:30,Samut Sakhon City FC,Hua Hin City,LIQUIDADO,2 - 0,2,0,Samut Sakhon City FC,Over 0.5 Goals,Over 1.5 Goals,Under 2.5 Goals,Under 3.5 Goals,No,Over 0.5 Goals,8/8,betfair_oficial
2026-10-04 10:35,2026-10-04 08:30,PS Barito Putera,Persela Lamongan,LIQUIDADO,0 - 1,0,1,Persela Lamongan,Over 0.5 Goals,Under 1.5 Goals,Under 2.5 Goals,Under 3.5 Goals,No,Under 0.5 Goals,8/8,betfair_oficial
2026-10-04 11:00,2026-10-04 09:00,Yokohama SCC,Criacao Shinjuku,LIQUIDADO,Any Other Away Win,,,Criacao Shinjuku,Over 0.5 Goals,Over 1.5 Goals,Over 2.5 Goals,Over 3.5 Goals,Yes,Over 0.5 Goals,8/8,betfair_oficial
2026-10-04 11:05,2026-10-04 09:00,Kagoshima Utd,Fukushima Utd,LIQUIDADO,3 - 2,3,2,Kagoshima Utd,Over 0.5 Goals,Over 1.5 Goals,Over 2.5 Goals,Over 3.5 Goals,Yes,Over 0.5 Goals,8/8,betfair_oficial
2026-10-04 11:30,2026-10-04 09:30,WSE,3 Sing FC,LIQUIDADO,Any Other Home Win,,,WSE,Over 0.5 Goals,Over 1.5 Goals,Over 2.5 Goals,Over 3.5 Goals,Yes,Over 0.5 Goals,8/8,betfair_oficial
2026-10-04 12:00,2026-10-04 10:00,Farense,Chaves,LIQUIDADO,Any Other Home Win,,,Farense,Over 0.5 Goals,Over 1.5 Goals,Over 2.5 Goals,Over 3.5 Goals,No,Over 0.5 Goals,8/8,betfair_oficial
2026-10-04 12:05,2026-10-04 10:00,Tegevajaro Miyazaki,Omiya,LIQUIDADO,1 - 1,1,1,The Draw,Over 0.5 Goals,Over 1.5 Goals,Under 2.5 Goals,Under 3.5 Goals,Yes,Over 0.5 Goals,8/8,betfair_oficial
2026-10-04 12:25,2026-10-04 09:30,FC Kolos Kovalivka 2,Oleksandria,LIQUIDADO,0 - 2,0,2,Oleksandria,Over 0.5 Goals,Over 1.5 Goals,Under 2.5 Goals,Under 3.5 Goals,No,Over 0.5 Goals,8/8,betfair_oficial
2026-10-04 12:40,2026-10-04 10:30,Lucky Mile,Kui Tan SC,LIQUIDADO,3 - 3,3,3,The Draw,Over 0.5 Goals,Over 1.5 Goals,Over 2.5 Goals,Over 3.5 Goals,Yes,Over 0.5 Goals,8/8,betfair_oficial
2026-10-04 12:55,2026-10-04 11:00,FK Austria Wien (W),Rapid Wien (W),LIQUIDADO,Any Other Home Win,,,FK Austria Wien (W),Over 0.5 Goals,Over 1.5 Goals,Over 2.5 Goals,Over 3.5 Goals,No,Over 0.5 Goals,8/8,betfair_oficial
2026-10-04 13:00,2026-10-04 11:00,Znicz Pruszkow,Stal Stalowa Wola,LIQUIDADO,Any Other Home Win,,,Znicz Pruszkow,Over 0.5 Goals,Over 1.5 Goals,Over 2.5 Goals,Over 3.5 Goals,Yes,Over 0.5 Goals,8/8,betfair_oficial
2026-10-04 13:00,2026-10-04 11:00,BK Olympic,Trelleborgs,LIQUIDADO,0 - 2,0,2,Trelleborgs,Over 0.5 Goals,Over 1.5 Goals,Under 2.5 Goals,Under 3.5 Goals,No,Over 0.5 Goals,8/8,betfair_oficial
2026-10-04 13:00,2026-10-04 11:00,Vasalunds IF,FC Arlanda,LIQUIDADO,Any Other Away Win,,,FC Arlanda,Over 0.5 Goals,Over 1.5 Goals,Over 2.5 Goals,Over 3.5 Goals,Yes,Over 0.5 Goals,8/8,betfair_oficial
2026-10-04 13:05,2026-10-04 11:00,Durham (W),Newcastle Utd (W),LIQUIDADO,0 - 3,0,3,Newcastle Utd (W),Over 0.5 Goals,Over 1.5 Goals,Over 2.5 Goals,Under 3.5 Goals,No,Over 0.5 Goals,8/8,betfair_oficial
2026-10-04 13:35,2026-10-04 11:30,Mohun Bagan Super Giants,Punjab FC,LIQUIDADO,0 - 0,0,0,The Draw,Under 0.5 Goals,Under 1.5 Goals,Under 2.5 Goals,Under 3.5 Goals,No,Under 0.5 Goals,8/8,betfair_oficial
2026-10-04 13:45,2026-10-04 11:45,Pyrgos AFC,Panionios,LIQUIDADO,2 - 0,2,0,Pyrgos AFC,Over 0.5 Goals,Over 1.5 Goals,Under 2.5 Goals,Under 3.5 Goals,No,Under 0.5 Goals,8/8,betfair_oficial
2026-10-04 13:55,2026-10-04 12:00,Celtic (W),Spartans WFC (W),LIQUIDADO,Any Other Home Win,,,Celtic (W),Over 0.5 Goals,Over 1.5 Goals,Over 2.5 Goals,Over 3.5 Goals,No,Over 0.5 Goals,8/8,betfair_oficial
2026-10-04 14:00,2026-10-04 12:00,SKN St. Polten (W),Sturm Graz (W),LIQUIDADO,2 - 2,2,2,The Draw,Over 0.5 Goals,Over 1.5 Goals,Over 2.5 Goals,Over 3.5 Goals,Yes,Over 0.5 Goals,8/8,betfair_oficial
2026-10-04 14:00,2026-10-04 12:00,Sociedad B,Granada,LIQUIDADO,2 - 3,2,3,Granada,Over 0.5 Goals,Over 1.5 Goals,Over 2.5 Goals,Over 3.5 Goals,Yes,Over 0.5 Goals,8/8,betfair_oficial
2026-10-04 14:00,2026-10-04 12:00,Semen Padang,PSPS Pekanbaru,LIQUIDADO,0 - 1,0,1,PSPS Pekanbaru,Over 0.5 Goals,Under 1.5 Goals,Under 2.5 Goals,Under 3.5 Goals,No,Under 0.5 Goals,8/8,betfair_oficial
2026-10-04 14:00,2026-10-04 12:00,FK Vrsac,Metalac Gornji Milanovac,LIQUIDADO,0 - 0,0,0,The Draw,Under 0.5 Goals,Under 1.5 Goals,Under 2.5 Goals,Under 3.5 Goals,No,Under 0.5 Goals,8/8,betfair_oficial
2026-10-04 14:00,2026-10-04 12:00,Asteras Tripolis II,Anagennisi Karditsas,LIQUIDADO,2 - 0,2,0,Asteras Tripolis II,Over 0.5 Goals,Over 1.5 Goals,Under 2.5 Goals,Under 3.5 Goals,No,Under 0.5 Goals,8/8,betfair_oficial
2026-10-04 14:30,2026-10-04 12:30,Bryne,Lyn,LIQUIDADO,1 - 0,1,0,Bryne,Over 0.5 Goals,Under 1.5 Goals,Under 2.5 Goals,Under 3.5 Goals,No,Over 0.5 Goals,8/8,betfair_oficial
2026-10-04 14:35,2026-10-04 12:30,VVV Venlo,Roda JC,LIQUIDADO,2 - 0,2,0,VVV Venlo,Over 0.5 Goals,Over 1.5 Goals,Under 2.5 Goals,Under 3.5 Goals,No,Under 0.5 Goals,8/8,betfair_oficial
2026-10-04 14:55,2026-10-04 13:00,NK Slovenska Bistrica,Rudar,LIQUIDADO,3 - 1,3,1,NK Slovenska Bistrica,Over 0.5 Goals,Over 1.5 Goals,Over 2.5 Goals,Over 3.5 Goals,Yes,Over 0.5 Goals,8/8,betfair_oficial
2026-10-04 14:55,2026-10-04 13:00,Bristol City (W),Southampton (W),LIQUIDADO,2 - 1,2,1,Bristol City (W),Over 0.5 Goals,Over 1.5 Goals,Over 2.5 Goals,Under 3.5 Goals,Yes,Over 0.5 Goals,8/8,betfair_oficial
2026-10-04 14:55,2026-10-04 13:00,West Ham United (W),Chelsea (W),LIQUIDADO,0 - 3,0,3,Chelsea (W),Over 0.5 Goals,Over 1.5 Goals,Over 2.5 Goals,Under 3.5 Goals,No,Over 0.5 Goals,8/8,betfair_oficial
2026-10-04 14:55,2026-10-04 13:00,Wolverhampton Wanderers (W),Watford (W),LIQUIDADO,2 - 2,2,2,The Draw,Over 0.5 Goals,Over 1.5 Goals,Over 2.5 Goals,Over 3.5 Goals,Yes,Over 0.5 Goals,8/8,betfair_oficial
2026-10-04 14:55,2026-10-04 13:00,Aston Villa (W),Crystal Palace (W),LIQUIDADO,1 - 1,1,1,The Draw,Over 0.5 Goals,Over 1.5 Goals,Under 2.5 Goals,Under 3.5 Goals,Yes,Under 0.5 Goals,8/8,betfair_oficial
2026-10-04 14:55,2026-10-04 13:00,IL Sandviken Bergen,Arendal,LIQUIDADO,1 - 0,1,0,IL Sandviken Bergen,Over 0.5 Goals,Under 1.5 Goals,Under 2.5 Goals,Under 3.5 Goals,No,Under 0.5 Goals,8/8,betfair_oficial
2026-10-04 15:00,2026-10-04 13:00,Azerbaijan,Lithuania,LIQUIDADO,1 - 0,1,0,Azerbaijan,Over 0.5 Goals,Under 1.5 Goals,Under 2.5 Goals,Under 3.5 Goals,No,Over 0.5 Goals,8/8,betfair_oficial
2026-10-04 15:00,2026-10-04 13:00,Sunderland (W),Leicester City (W),LIQUIDADO,3 - 1,3,1,Sunderland (W),Over 0.5 Goals,Over 1.5 Goals,Over 2.5 Goals,Over 3.5 Goals,Yes,Over 0.5 Goals,8/8,betfair_oficial
2026-10-04 15:05,2026-10-04 13:00,Tottenham (W),London City Lionesses,LIQUIDADO,Any Other Away Win,,,London City Lionesses,Over 0.5 Goals,Over 1.5 Goals,Over 2.5 Goals,Over 3.5 Goals,Yes,Over 0.5 Goals,8/8,betfair_oficial
2026-10-04 15:05,2026-10-04 13:00,Nottm Forest (W),Burnley (W),LIQUIDADO,2 - 0,2,0,Nottm Forest (W),Over 0.5 Goals,Over 1.5 Goals,Under 2.5 Goals,Under 3.5 Goals,No,Over 0.5 Goals,8/8,betfair_oficial
2026-10-04 15:05,2026-10-04 13:00,Everton (W),Birmingham (W),LIQUIDADO,2 - 1,2,1,Everton (W),Over 0.5 Goals,Over 1.5 Goals,Over 2.5 Goals,Under 3.5 Goals,Yes,Over 0.5 Goals,8/8,betfair_oficial
2026-10-04 15:05,2026-10-04 13:00,Sheffield United (W),Ipswich (W),LIQUIDADO,1 - 2,1,2,Ipswich (W),Over 0.5 Goals,Over 1.5 Goals,Over 2.5 Goals,Under 3.5 Goals,Yes,Under 0.5 Goals,8/8,betfair_oficial
2026-10-04 15:05,2026-10-04 13:00,Danubio,Cerro Largo FC,LIQUIDADO,2 - 1,2,1,Danubio,Over 0.5 Goals,Over 1.5 Goals,Over 2.5 Goals,Under 3.5 Goals,Yes,Over 0.5 Goals,8/8,betfair_oficial
2026-10-04 15:05,2026-10-04 13:00,Brighton (W),Charlton (W),LIQUIDADO,Any Other Home Win,,,Brighton (W),Over 0.5 Goals,Over 1.5 Goals,Over 2.5 Goals,Over 3.5 Goals,Yes,Over 0.5 Goals,8/8,betfair_oficial
2026-10-04 15:10,2026-10-04 13:10,Hibernian (W),Hearts (W),LIQUIDADO,2 - 3,2,3,Hearts (W),Over 0.5 Goals,Over 1.5 Goals,Over 2.5 Goals,Over 3.5 Goals,Yes,Over 0.5 Goals,8/8,betfair_oficial
2026-10-04 15:30,2026-10-04 13:30,Hamburger SV,FC Copenhagen,LIQUIDADO,2 - 0,2,0,Hamburger SV,Over 0.5 Goals,Over 1.5 Goals,Under 2.5 Goals,Under 3.5 Goals,No,Under 0.5 Goals,8/8,betfair_oficial
2026-10-04 15:55,2026-10-04 14:00,FK Javor Ivanjica,FK Borac Cacak,LIQUIDADO,3 - 1,3,1,FK Javor Ivanjica,Over 0.5 Goals,Over 1.5 Goals,Over 2.5 Goals,Over 3.5 Goals,Yes,Over 0.5 Goals,8/8,betfair_oficial
2026-10-04 15:55,2026-10-04 14:00,Trygg/Lade,Junkeren,LIQUIDADO,1 - 2,1,2,Junkeren,Over 0.5 Goals,Over 1.5 Goals,Over 2.5 Goals,Under 3.5 Goals,Yes,Over 0.5 Goals,8/8,betfair_oficial
2026-10-04 15:55,2026-10-04 14:00,Vukovar,Dinamo Zagreb,LIQUIDADO,Any Other Away Win,,,Dinamo Zagreb,Over 0.5 Goals,Over 1.5 Goals,Over 2.5 Goals,Over 3.5 Goals,No,Over 0.5 Goals,8/8,betfair_oficial
2026-10-04 16:00,2026-10-04 14:00,Kyrgyzstan,Lebanon,LIQUIDADO,3 - 1,3,1,Kyrgyzstan,Over 0.5 Goals,Over 1.5 Goals,Over 2.5 Goals,Over 3.5 Goals,Yes,Over 0.5 Goals,8/8,betfair_oficial
2026-10-04 16:00,2026-10-04 14:00,Ilirija Extra-Lux,Beltinci,LIQUIDADO,Any Other Away Win,,,Beltinci,Over 0.5 Goals,Over 1.5 Goals,Over 2.5 Goals,Over 3.5 Goals,Yes,Over 0.5 Goals,8/8,betfair_oficial
2026-10-04 16:30,2026-10-04 14:15,Sporting Gijon,Celta Vigo B,LIQUIDADO,3 - 2,3,2,Sporting Gijon,Over 0.5 Goals,Over 1.5 Goals,Over 2.5 Goals,Over 3.5 Goals,Yes,Over 0.5 Goals,8/8,betfair_oficial
2026-10-04 16:35,2026-10-04 14:30,Al-Arabi Umm Quwain,Al Oruba,LIQUIDADO,0 - 2,0,2,Al Oruba,Over 0.5 Goals,Over 1.5 Goals,Under 2.5 Goals,Under 3.5 Goals,No,Over 0.5 Goals,8/8,betfair_oficial
2026-10-04 16:40,2026-10-04 14:30,Al-Fujairah FC,Dibba Al-Hisn,LIQUIDADO,1 - 1,1,1,The Draw,Over 0.5 Goals,Over 1.5 Goals,Under 2.5 Goals,Under 3.5 Goals,Yes,Over 0.5 Goals,8/8,betfair_oficial
2026-10-04 16:55,2026-10-04 15:00,Gornik Leczna,Chojniczanka Chojnice,LIQUIDADO,3 - 1,3,1,Gornik Leczna,Over 0.5 Goals,Over 1.5 Goals,Over 2.5 Goals,Over 3.5 Goals,Yes,Over 0.5 Goals,8/8,betfair_oficial
2026-10-04 16:55,2026-10-04 15:00,Lysekloster,Jerv,LIQUIDADO,3 - 3,3,3,The Draw,Over 0.5 Goals,Over 1.5 Goals,Over 2.5 Goals,Over 3.5 Goals,Yes,Over 0.5 Goals,8/8,betfair_oficial
2026-10-04 17:00,2026-10-04 15:00,FC Iberia 1999,Dinamo Tbilisi,LIQUIDADO,1 - 2,1,2,Dinamo Tbilisi,Over 0.5 Goals,Over 1.5 Goals,Over 2.5 Goals,Under 3.5 Goals,Yes,Over 0.5 Goals,8/8,betfair_oficial
2026-10-04 17:00,2026-10-04 15:00,Mjondalen,Traeff,LIQUIDADO,Any Other Home Win,,,Mjondalen,Over 0.5 Goals,Over 1.5 Goals,Over 2.5 Goals,Over 3.5 Goals,No,Over 0.5 Goals,8/8,betfair_oficial
2026-10-04 17:00,2026-10-04 15:00,Umea FC,Hammarby TFF,LIQUIDADO,2 - 1,2,1,Umea FC,Over 0.5 Goals,Over 1.5 Goals,Over 2.5 Goals,Under 3.5 Goals,Yes,Over 0.5 Goals,8/8,betfair_oficial
2026-10-04 17:30,2026-10-04 15:30,Man City (W),Arsenal (W),LIQUIDADO,Any Other Home Win,,,Man City (W),Over 0.5 Goals,Over 1.5 Goals,Over 2.5 Goals,Over 3.5 Goals,Yes,Over 0.5 Goals,8/8,betfair_oficial
2026-10-04 17:35,2026-10-04 15:30,Antofagasta,CSD Rangers,LIQUIDADO,2 - 0,2,0,Antofagasta,Over 0.5 Goals,Over 1.5 Goals,Under 2.5 Goals,Under 3.5 Goals,No,Under 0.5 Goals,8/8,betfair_oficial
2026-10-04 17:50,2026-10-04 16:00,FK Spartak,FK Proleter Zrenjanin,LIQUIDADO,Any Other Away Win,,,FK Proleter Zrenjanin,Over 0.5 Goals,Over 1.5 Goals,Over 2.5 Goals,Over 3.5 Goals,No,Over 0.5 Goals,8/8,betfair_oficial
2026-10-04 17:55,2026-10-04 16:00,Triglav,Jesenice,LIQUIDADO,Any Other Home Win,,,Triglav,Over 0.5 Goals,Over 1.5 Goals,Over 2.5 Goals,Over 3.5 Goals,No,Over 0.5 Goals,8/8,betfair_oficial
2026-10-04 17:55,2026-10-04 16:00,Malta,Andorra,LIQUIDADO,1 - 0,1,0,Malta,Over 0.5 Goals,Under 1.5 Goals,Under 2.5 Goals,Under 3.5 Goals,No,Under 0.5 Goals,8/8,betfair_oficial
2026-10-04 18:00,2026-10-04 16:00,Boston River,Juventud De Las Piedras,LIQUIDADO,0 - 0,0,0,The Draw,Under 0.5 Goals,Under 1.5 Goals,Under 2.5 Goals,Under 3.5 Goals,No,Under 0.5 Goals,8/8,betfair_oficial
2026-10-04 18:00,2026-10-04 16:00,FK Jedinstvo Ub,FK Dubocica,LIQUIDADO,0 - 0,0,0,The Draw,Under 0.5 Goals,Under 1.5 Goals,Under 2.5 Goals,Under 3.5 Goals,No,Under 0.5 Goals,8/8,betfair_oficial
2026-10-04 18:00,2026-10-04 16:00,Kosovo,Austria,LIQUIDADO,1 - 1,1,1,The Draw,Over 0.5 Goals,Over 1.5 Goals,Under 2.5 Goals,Under 3.5 Goals,Yes,Under 0.5 Goals,8/8,betfair_oficial
2026-10-04 18:00,2026-10-04 16:00,SCCM Chabab Mohamedia,USM Oujda,LIQUIDADO,0 - 1,0,1,USM Oujda,Over 0.5 Goals,Under 1.5 Goals,Under 2.5 Goals,Under 3.5 Goals,No,Under 0.5 Goals,8/8,betfair_oficial
2026-10-04 18:00,2026-10-04 16:00,Ankaragucu,Inegolspor,LIQUIDADO,Any Other Home Win,,,Ankaragucu,Over 0.5 Goals,Over 1.5 Goals,Over 2.5 Goals,Over 3.5 Goals,Yes,Over 0.5 Goals,8/8,betfair_oficial
2026-10-04 18:05,2026-10-04 16:00,CC Riadi Salmi,Jeunesse Massira,LIQUIDADO,0 - 0,0,0,The Draw,Under 0.5 Goals,Under 1.5 Goals,Under 2.5 Goals,Under 3.5 Goals,No,Under 0.5 Goals,8/8,betfair_oficial
2026-10-04 18:05,2026-10-04 16:00,Centro Atletico Fenix,Uruguay Montevideo FC,LIQUIDADO,2 - 0,2,0,Centro Atletico Fenix,Over 0.5 Goals,Over 1.5 Goals,Under 2.5 Goals,Under 3.5 Goals,No,Over 0.5 Goals,8/8,betfair_oficial
2026-10-04 18:30,2026-10-04 16:30,CD Castellon,AD Ceuta FC,LIQUIDADO,1 - 1,1,1,The Draw,Over 0.5 Goals,Over 1.5 Goals,Under 2.5 Goals,Under 3.5 Goals,Yes,Over 0.5 Goals,8/8,betfair_oficial
2026-10-04 18:30,2026-10-04 16:30,Las Palmas,Valladolid,LIQUIDADO,2 - 2,2,2,The Draw,Over 0.5 Goals,Over 1.5 Goals,Over 2.5 Goals,Over 3.5 Goals,Yes,Over 0.5 Goals,8/8,betfair_oficial
2026-10-04 19:00,2026-10-04 17:00,Municipal Santa Ana,AD Cariari Pococi,LIQUIDADO,1 - 0,1,0,Municipal Santa Ana,Over 0.5 Goals,Under 1.5 Goals,Under 2.5 Goals,Under 3.5 Goals,No,Under 0.5 Goals,8/8,betfair_oficial
2026-10-04 19:00,2026-10-04 17:00,ADR Jicaral,A.D. Cofutpa,LIQUIDADO,3 - 1,3,1,ADR Jicaral,Over 0.5 Goals,Over 1.5 Goals,Over 2.5 Goals,Over 3.5 Goals,Yes,Over 0.5 Goals,8/8,betfair_oficial
2026-10-04 19:05,2026-10-04 17:00,AD Aserri,Guadalupe F.C,LIQUIDADO,2 - 3,2,3,Guadalupe F.C,Over 0.5 Goals,Over 1.5 Goals,Over 2.5 Goals,Over 3.5 Goals,Yes,Over 0.5 Goals,8/8,betfair_oficial
2026-10-04 19:05,2026-10-04 17:00,CSD Amatitlan,Deportivo Coatepeque,LIQUIDADO,0 - 3,0,3,Deportivo Coatepeque,Over 0.5 Goals,Over 1.5 Goals,Over 2.5 Goals,Under 3.5 Goals,No,Over 0.5 Goals,8/8,betfair_oficial
2026-10-04 19:30,2026-10-04 17:30,Bydgoszcz,Grudziadz,LIQUIDADO,1 - 2,1,2,Olimpia Grudziadz,Over 0.5 Goals,Over 1.5 Goals,Over 2.5 Goals,Under 3.5 Goals,Yes,Over 0.5 Goals,8/8,betfair_oficial
2026-10-04 19:45,2026-10-04 17:45,CA Huracan,Aldosivi,LIQUIDADO,1 - 0,1,0,CA Huracan,Over 0.5 Goals,Under 1.5 Goals,Under 2.5 Goals,Under 3.5 Goals,No,Over 0.5 Goals,8/8,betfair_oficial
2026-10-04 20:05,2026-10-03 20:00,Sportivo Italiano,Talleres (RE),LIQUIDADO,2 - 0,2,0,Sportivo Italiano,Over 0.5 Goals,Over 1.5 Goals,Under 2.5 Goals,Under 3.5 Goals,No,Under 0.5 Goals,8/8,betfair_oficial
2026-10-04 20:05,2026-10-04 18:00,Sportivo Italiano,Talleres (RE),LIQUIDADO,2 - 0,2,0,Sportivo Italiano,Over 0.5 Goals,Over 1.5 Goals,Under 2.5 Goals,Under 3.5 Goals,No,Under 0.5 Goals,8/8,betfair_oficial
2026-10-04 20:05,2026-10-04 18:00,Agropecuario,FC Midland,LIQUIDADO,0 - 0,0,0,The Draw,Under 0.5 Goals,Under 1.5 Goals,Under 2.5 Goals,Under 3.5 Goals,No,Under 0.5 Goals,8/8,betfair_oficial
2026-10-04 20:10,2026-10-04 18:00,Morocco,Mali,LIQUIDADO,1 - 1,1,1,The Draw,Over 0.5 Goals,Over 1.5 Goals,Under 2.5 Goals,Under 3.5 Goals,Yes,Over 0.5 Goals,8/8,betfair_oficial
2026-10-04 20:15,2026-10-04 18:00,Egypt,South Africa,LIQUIDADO,0 - 1,0,1,South Africa,Over 0.5 Goals,Under 1.5 Goals,Under 2.5 Goals,Under 3.5 Goals,No,Under 0.5 Goals,8/8,betfair_oficial
2026-10-04 20:30,2026-10-04 18:30,OHiggins,Deportes Concepcion,LIQUIDADO,2 - 0,2,0,OHiggins,Over 0.5 Goals,Over 1.5 Goals,Under 2.5 Goals,Under 3.5 Goals,No,Under 0.5 Goals,8/8,betfair_oficial
2026-10-04 20:35,2026-10-04 18:30,San Telmo,Almirante Brown,LIQUIDADO,3 - 2,3,2,San Telmo,Over 0.5 Goals,Over 1.5 Goals,Over 2.5 Goals,Over 3.5 Goals,Yes,Over 0.5 Goals,8/8,betfair_oficial
2026-10-04 20:40,2026-10-04 18:30,Chacarita,Patronato,LIQUIDADO,1 - 0,1,0,Chacarita,Over 0.5 Goals,Under 1.5 Goals,Under 2.5 Goals,Under 3.5 Goals,No,Under 0.5 Goals,8/8,betfair_oficial
2026-10-04 20:40,2026-10-04 18:45,Netherlands,Serbia,LIQUIDADO,2 - 1,2,1,Netherlands,Over 0.5 Goals,Over 1.5 Goals,Over 2.5 Goals,Under 3.5 Goals,Yes,Over 0.5 Goals,8/8,betfair_oficial
2026-10-04 20:45,2026-10-04 18:45,Republic of Ireland,Israel,LIQUIDADO,1 - 1,1,1,The Draw,Over 0.5 Goals,Over 1.5 Goals,Under 2.5 Goals,Under 3.5 Goals,Yes,Over 0.5 Goals,8/8,betfair_oficial
2026-10-04 20:45,2026-10-04 18:45,Wales,Denmark,LIQUIDADO,0 - 1,0,1,Denmark,Over 0.5 Goals,Under 1.5 Goals,Under 2.5 Goals,Under 3.5 Goals,No,Under 0.5 Goals,8/8,betfair_oficial
2026-10-04 20:45,2026-10-04 18:45,Greece,Germany,LIQUIDADO,0 - 0,0,0,The Draw,Under 0.5 Goals,Under 1.5 Goals,Under 2.5 Goals,Under 3.5 Goals,No,Under 0.5 Goals,8/8,betfair_oficial
2026-10-04 20:50,2026-10-04 18:45,Portugal,Norway,LIQUIDADO,2 - 1,2,1,Portugal,Over 0.5 Goals,Over 1.5 Goals,Over 2.5 Goals,Under 3.5 Goals,Yes,Over 0.5 Goals,8/8,betfair_oficial
2026-10-04 20:55,2026-10-04 19:00,Girona,Mallorca,LIQUIDADO,0 - 0,0,0,The Draw,Under 0.5 Goals,Under 1.5 Goals,Under 2.5 Goals,Under 3.5 Goals,No,Under 0.5 Goals,8/8,betfair_oficial
2026-10-04 20:55,2026-10-04 19:00,Guyana,Dominica,LIQUIDADO,Any Other Home Win,,,Guyana,Over 0.5 Goals,Over 1.5 Goals,Over 2.5 Goals,Over 3.5 Goals,Yes,Over 0.5 Goals,8/8,betfair_oficial
2026-10-04 21:00,2026-10-04 19:00,Cerro,Wanderers (Uru),LIQUIDADO,0 - 2,0,2,Wanderers (Uru),Over 0.5 Goals,Over 1.5 Goals,Under 2.5 Goals,Under 3.5 Goals,No,Over 0.5 Goals,8/8,betfair_oficial
2026-10-04 21:05,2026-10-04 19:00,Deportivo Pasto,Fortaleza FC,LIQUIDADO,0 - 0,0,0,The Draw,Under 0.5 Goals,Under 1.5 Goals,Under 2.5 Goals,Under 3.5 Goals,No,Under 0.5 Goals,8/8,betfair_oficial
2026-10-04 21:05,2026-10-04 19:00,CD Gualberto Villarroel,Blooming Santa Cruz,LIQUIDADO,3 - 2,3,2,CD Gualberto Villarroel,Over 0.5 Goals,Over 1.5 Goals,Over 2.5 Goals,Over 3.5 Goals,Yes,Over 0.5 Goals,8/8,betfair_oficial
2026-10-04 21:05,2026-10-04 19:00,Plaza Colonia,Cerrito,LIQUIDADO,1 - 3,1,3,Cerrito,Over 0.5 Goals,Over 1.5 Goals,Over 2.5 Goals,Over 3.5 Goals,Yes,Over 0.5 Goals,8/8,betfair_oficial
2026-10-04 21:30,2026-10-04 19:30,CA Central Norte,Club Atletico Racing de Cordoba,LIQUIDADO,1 - 1,1,1,The Draw,Over 0.5 Goals,Over 1.5 Goals,Under 2.5 Goals,Under 3.5 Goals,Yes,Over 0.5 Goals,8/8,betfair_oficial
2026-10-04 22:00,2026-10-04 20:00,Bahamas,US Virgin Islands,LIQUIDADO,2 - 3,2,3,US Virgin Islands,Over 0.5 Goals,Over 1.5 Goals,Over 2.5 Goals,Over 3.5 Goals,Yes,Over 0.5 Goals,8/8,betfair_oficial
2026-10-04 22:00,2026-10-04 20:00,Turks and Caicos Islands,British Virgin Islands,LIQUIDADO,3 - 0,3,0,Turks and Caicos Islands,Over 0.5 Goals,Over 1.5 Goals,Over 2.5 Goals,Under 3.5 Goals,No,Over 0.5 Goals,8/8,betfair_oficial
2026-10-04 22:00,2026-10-04 20:00,Talleres,Belgrano,LIQUIDADO,0 - 1,0,1,Belgrano,Over 0.5 Goals,Under 1.5 Goals,Under 2.5 Goals,Under 3.5 Goals,No,Under 0.5 Goals,8/8,betfair_oficial
2026-10-04 22:00,2026-10-04 20:00,CA Guemes,CA Colegiales,LIQUIDADO,0 - 1,0,1,CA Colegiales,Over 0.5 Goals,Under 1.5 Goals,Under 2.5 Goals,Under 3.5 Goals,No,Under 0.5 Goals,8/8,betfair_oficial
2026-10-04 22:05,2026-10-04 20:00,FC Supra du Quebec,Pacific,LIQUIDADO,Any Other Home Win,,,FC Supra du Quebec,Over 0.5 Goals,Over 1.5 Goals,Over 2.5 Goals,Over 3.5 Goals,No,Over 0.5 Goals,8/8,betfair_oficial
2026-10-04 22:10,2026-10-04 20:00,San Martin De San Juan,Almagro BA,LIQUIDADO,1 - 2,1,2,Almagro BA,Over 0.5 Goals,Over 1.5 Goals,Over 2.5 Goals,Under 3.5 Goals,Yes,Under 0.5 Goals,8/8,betfair_oficial
2026-10-04 22:25,2026-10-04 20:00,Chaco For Ever,Defensores de Belgrano,LIQUIDADO,2 - 2,2,2,The Draw,Over 0.5 Goals,Over 1.5 Goals,Over 2.5 Goals,Over 3.5 Goals,Yes,Over 0.5 Goals,8/8,betfair_oficial
2026-10-04 22:30,2026-10-04 20:30,Atletico Rafaela,CA Atlanta,LIQUIDADO,2 - 3,2,3,CA Atlanta,Over 0.5 Goals,Over 1.5 Goals,Over 2.5 Goals,Over 3.5 Goals,Yes,Over 0.5 Goals,8/8,betfair_oficial
2026-10-04 22:30,2026-10-04 20:30,Treasure Beach FC,Humble Lions,LIQUIDADO,1 - 1,1,1,The Draw,Over 0.5 Goals,Over 1.5 Goals,Under 2.5 Goals,Under 3.5 Goals,Yes,Over 0.5 Goals,8/8,betfair_oficial
2026-10-04 22:30,2026-10-04 20:30,Tru-Juice FC,Tivoli Gardens,LIQUIDADO,0 - 2,0,2,Tivoli Gardens,Over 0.5 Goals,Over 1.5 Goals,Under 2.5 Goals,Under 3.5 Goals,No,Over 0.5 Goals,8/8,betfair_oficial
2026-10-04 22:35,2026-10-04 20:30,Montego Bay United,Dunbeholden FC,LIQUIDADO,1 - 0,1,0,Montego Bay United,Over 0.5 Goals,Under 1.5 Goals,Under 2.5 Goals,Under 3.5 Goals,No,Over 0.5 Goals,8/8,betfair_oficial
2026-10-04 22:35,2026-10-04 20:30,San Luis,Union Espanola,LIQUIDADO,2 - 0,2,0,San Luis,Over 0.5 Goals,Over 1.5 Goals,Under 2.5 Goals,Under 3.5 Goals,No,Over 0.5 Goals,8/8,betfair_oficial
2026-10-04 23:00,2026-10-04 21:00,CD Platense,CD Municipal Limeno,LIQUIDADO,2 - 1,2,1,CD Platense,Over 0.5 Goals,Over 1.5 Goals,Over 2.5 Goals,Under 3.5 Goals,Yes,Over 0.5 Goals,8/8,betfair_oficial
2026-10-04 23:00,2026-10-04 21:00,Fraijanes FC,San Benito FC,LIQUIDADO,1 - 0,1,0,Fraijanes FC,Over 0.5 Goals,Under 1.5 Goals,Under 2.5 Goals,Under 3.5 Goals,No,Under 0.5 Goals,8/8,betfair_oficial
2026-10-04 23:00,2026-10-04 21:00,Tigres FC Zipaquira,Internacional de Palmira,LIQUIDADO,1 - 0,1,0,Tigres FC Zipaquira,Over 0.5 Goals,Under 1.5 Goals,Under 2.5 Goals,Under 3.5 Goals,No,Over 0.5 Goals,8/8,betfair_oficial
2026-10-04 23:00,2026-10-04 21:05,Cucuta Deportivo,Deportivo Pereira,LIQUIDADO,Any Other Home Win,,,Cucuta Deportivo,Over 0.5 Goals,Over 1.5 Goals,Over 2.5 Goals,Over 3.5 Goals,No,Over 0.5 Goals,8/8,betfair_oficial
2026-10-04 23:05,2026-10-04 21:00,Herrera FC,Alianza FC (Pan),LIQUIDADO,1 - 0,1,0,Herrera FC,Over 0.5 Goals,Under 1.5 Goals,Under 2.5 Goals,Under 3.5 Goals,No,Over 0.5 Goals,8/8,betfair_oficial
2026-10-04 23:05,2026-10-04 21:05,Internacional de Bogotá,Once Caldas,LIQUIDADO,1 - 1,1,1,The Draw,Over 0.5 Goals,Over 1.5 Goals,Under 2.5 Goals,Under 3.5 Goals,Yes,Over 0.5 Goals,8/8,betfair_oficial
2026-10-04 23:10,2026-10-04 21:00,Godoy Cruz,Los Andes,LIQUIDADO,2 - 1,2,1,Godoy Cruz,Over 0.5 Goals,Over 1.5 Goals,Over 2.5 Goals,Under 3.5 Goals,Yes,Under 0.5 Goals,8/8,betfair_oficial
2026-10-04 23:15,2026-10-04 21:15,Guabira,Oriente Petrolero,LIQUIDADO,2 - 1,2,1,Guabira,Over 0.5 Goals,Over 1.5 Goals,Over 2.5 Goals,Under 3.5 Goals,Yes,Over 0.5 Goals,8/8,betfair_oficial
2026-10-04 23:40,2026-10-04 21:30,San Martin de Tucuman,Club Gimnasia y Tiro,LIQUIDADO,1 - 0,1,0,San Martin de Tucuman,Over 0.5 Goals,Under 1.5 Goals,Under 2.5 Goals,Under 3.5 Goals,No,Under 0.5 Goals,8/8,betfair_oficial
2026-10-04 23:55,2026-10-04 22:00,Molynes United FC,Racing United FC,LIQUIDADO,Any Other Away Win,,,Racing United FC,Over 0.5 Goals,Over 1.5 Goals,Over 2.5 Goals,Over 3.5 Goals,No,Over 0.5 Goals,8/8,betfair_oficial
2026-10-05 00:00,2026-10-04 22:00,La Luz FC,River Plate (Uru),LIQUIDADO,3 - 2,3,2,La Luz FC,Over 0.5 Goals,Over 1.5 Goals,Over 2.5 Goals,Over 3.5 Goals,Yes,Over 0.5 Goals,8/8,betfair_oficial
2026-10-05 00:00,2026-10-04 22:00,Trinidad & Tobago,Curacao,LIQUIDADO,1 - 1,1,1,The Draw,Over 0.5 Goals,Over 1.5 Goals,Under 2.5 Goals,Under 3.5 Goals,Yes,Over 0.5 Goals,8/8,betfair_oficial
2026-10-05 00:00,2026-10-04 22:00,Puerto Rico,Cayman Islands,LIQUIDADO,1 - 0,1,0,Puerto Rico,Over 0.5 Goals,Under 1.5 Goals,Under 2.5 Goals,Under 3.5 Goals,No,Under 0.5 Goals,8/8,betfair_oficial
2026-10-05 00:20,2026-10-04 22:15,Argentinos Juniors,Tigre,LIQUIDADO,2 - 1,2,1,Argentinos Juniors,Over 0.5 Goals,Over 1.5 Goals,Over 2.5 Goals,Under 3.5 Goals,Yes,Over 0.5 Goals,8/8,betfair_oficial
2026-10-05 00:40,2026-10-04 22:30,Racing Club (Uru),Penarol,LIQUIDADO,0 - 1,0,1,Penarol,Over 0.5 Goals,Under 1.5 Goals,Under 2.5 Goals,Under 3.5 Goals,No,Under 0.5 Goals,8/8,betfair_oficial
2026-10-05 01:00,2026-10-04 23:00,Aruba,Anguilla,LIQUIDADO,3 - 2,3,2,Aruba,Over 0.5 Goals,Over 1.5 Goals,Over 2.5 Goals,Over 3.5 Goals,Yes,Over 0.5 Goals,8/8,betfair_oficial
2026-10-05 01:05,2026-10-04 23:00,Internacional Santa Tecla,Fuerte San Francisco,LIQUIDADO,1 - 1,1,1,The Draw,Over 0.5 Goals,Over 1.5 Goals,Under 2.5 Goals,Under 3.5 Goals,Yes,Under 0.5 Goals,8/8,betfair_oficial
2026-10-05 01:05,2026-10-04 23:00,Guadalajara (W),FC Juarez (W),LIQUIDADO,1 - 0,1,0,Guadalajara (W),Over 0.5 Goals,Under 1.5 Goals,Under 2.5 Goals,Under 3.5 Goals,No,Under 0.5 Goals,8/8,betfair_oficial
2026-10-05 01:05,2026-10-04 23:00,Houston Dash (W),Washington Spirit (W),LIQUIDADO,2 - 3,2,3,Washington Spirit (W),Over 0.5 Goals,Over 1.5 Goals,Over 2.5 Goals,Over 3.5 Goals,Yes,Over 0.5 Goals,8/8,betfair_oficial
2026-10-05 01:10,2026-10-04 23:10,Atletico Bucaramanga,Junior FC Barranquilla,LIQUIDADO,3 - 1,3,1,Atletico Bucaramanga,Over 0.5 Goals,Over 1.5 Goals,Over 2.5 Goals,Over 3.5 Goals,Yes,Over 0.5 Goals,8/8,betfair_oficial
2026-10-05 01:15,2026-10-04 23:15,Atletico Independiente,Arabe Unido,LIQUIDADO,1 - 1,1,1,The Draw,Over 0.5 Goals,Over 1.5 Goals,Under 2.5 Goals,Under 3.5 Goals,Yes,Over 0.5 Goals,8/8,betfair_oficial
2026-10-05 01:25,2026-10-04 23:30,Club Independiente Petrolero,Bolivar,LIQUIDADO,0 - 3,0,3,Bolivar,Over 0.5 Goals,Over 1.5 Goals,Over 2.5 Goals,Under 3.5 Goals,No,Over 0.5 Goals,8/8,betfair_oficial
2026-10-05 01:30,2026-10-04 23:00,Guastatoya,Aurora FC,LIQUIDADO,2 - 1,2,1,Guastatoya,Over 0.5 Goals,Over 1.5 Goals,Over 2.5 Goals,Under 3.5 Goals,Yes,Over 0.5 Goals,8/8,betfair_oficial
2026-10-05 01:55,2026-10-05 00:00,Costa Rica,Haiti,LIQUIDADO,2 - 0,2,0,Costa Rica,Over 0.5 Goals,Over 1.5 Goals,Under 2.5 Goals,Under 3.5 Goals,No,Over 0.5 Goals,8/8,betfair_oficial
2026-10-05 03:00,2026-10-05 00:30,Estudiantes Rio Cuarto,Racing Club,LIQUIDADO,1 - 2,1,2,Racing Club,Over 0.5 Goals,Over 1.5 Goals,Over 2.5 Goals,Under 3.5 Goals,Yes,Over 0.5 Goals,8/8,betfair_oficial
2026-10-05 03:00,2026-10-05 00:30,Mount Pleasant FC,Cavalier,LIQUIDADO,1 - 1,1,1,The Draw,Over 0.5 Goals,Over 1.5 Goals,Under 2.5 Goals,Under 3.5 Goals,Yes,Over 0.5 Goals,8/8,betfair_oficial
2026-10-05 03:00,2026-10-05 01:00,Comunicaciones,Suchitepequez,LIQUIDADO,3 - 0,3,0,Comunicaciones,Over 0.5 Goals,Over 1.5 Goals,Over 2.5 Goals,Under 3.5 Goals,No,Over 0.5 Goals,8/8,betfair_oficial
2026-10-05 03:05,2026-10-05 01:00,CD Fas,CD Inca,LIQUIDADO,1 - 1,1,1,The Draw,Over 0.5 Goals,Over 1.5 Goals,Under 2.5 Goals,Under 3.5 Goals,Yes,Over 0.5 Goals,8/8,betfair_oficial
2026-10-05 03:05,2026-10-05 01:06,Pachuca (W),Toluca (W),LIQUIDADO,1 - 2,1,2,Toluca (W),Over 0.5 Goals,Over 1.5 Goals,Over 2.5 Goals,Under 3.5 Goals,Yes,Over 0.5 Goals,8/8,betfair_oficial
2026-10-05 03:20,2026-10-05 01:15,Llaneros FC,America de Cali S.A,LIQUIDADO,1 - 2,1,2,America de Cali S.A,Over 0.5 Goals,Over 1.5 Goals,Over 2.5 Goals,Under 3.5 Goals,Yes,Over 0.5 Goals,8/8,betfair_oficial
2026-10-05 03:55,2026-10-05 02:00,Nicaragua,Dominican Republic,LIQUIDADO,1 - 2,1,2,Dominican Republic,Over 0.5 Goals,Over 1.5 Goals,Over 2.5 Goals,Under 3.5 Goals,Yes,Under 0.5 Goals,8/8,betfair_oficial
2026-10-05 04:15,2026-10-03 22:15,Deportivo Recoleta,Libertad,NAO_LIQUIDADO_30H,,,,,,,,,,,,betfair_oficial
2026-10-05 07:35,2026-10-05 05:30,South United,Megt & Centre,LIQUIDADO,2 - 2,2,2,The Draw,Over 0.5 Goals,Over 1.5 Goals,Over 2.5 Goals,Over 3.5 Goals,Yes,Under 0.5 Goals,8/8,betfair_oficial
2026-10-05 08:30,2026-10-05 06:30,Ecuador,Panama,LIQUIDADO,1 - 1,1,1,The Draw,Over 0.5 Goals,Over 1.5 Goals,Under 2.5 Goals,Under 3.5 Goals,Yes,Over 0.5 Goals,8/8,betfair_oficial
2026-10-05 09:55,2026-10-05 08:00,Hunters FC,WARD FC,LIQUIDADO,Any Other Home Win,,,Hunters FC,Over 0.5 Goals,Over 1.5 Goals,Over 2.5 Goals,Over 3.5 Goals,Yes,Over 0.5 Goals,8/8,betfair_oficial
2026-10-05 10:00,2026-10-05 08:00,United Stars,Roots FC,LIQUIDADO,Any Other Away Win,,,Roots FC,Over 0.5 Goals,Over 1.5 Goals,Over 2.5 Goals,Over 3.5 Goals,Yes,Over 0.5 Goals,8/8,betfair_oficial
2026-10-05 11:05,2026-10-05 09:00,Malaysia,Vietnam,LIQUIDADO,1 - 0,1,0,Malaysia,Over 0.5 Goals,Under 1.5 Goals,Under 2.5 Goals,Under 3.5 Goals,No,Under 0.5 Goals,8/8,betfair_oficial
2026-10-05 12:30,2026-10-05 10:30,Japan,New Zealand,LIQUIDADO,2 - 1,2,1,Japan,Over 0.5 Goals,Over 1.5 Goals,Over 2.5 Goals,Under 3.5 Goals,Yes,Over 0.5 Goals,8/8,betfair_oficial
2026-10-05 13:00,2026-10-05 11:00,Zakynthos,Apollon Kalamarias,LIQUIDADO,1 - 1,1,1,The Draw,Over 0.5 Goals,Over 1.5 Goals,Under 2.5 Goals,Under 3.5 Goals,Yes,Over 0.5 Goals,8/8,betfair_oficial
2026-10-05 13:43,2026-10-05 11:30,Quess East Bengal,Northeast United,LIQUIDADO,Any Other Home Win,,,Quess East Bengal,Over 0.5 Goals,Over 1.5 Goals,Over 2.5 Goals,Over 3.5 Goals,Yes,Over 0.5 Goals,8/8,betfair_oficial
2026-10-05 13:43,2026-10-05 11:45,PAOK B,Ellas Syros,LIQUIDADO,0 - 0,0,0,The Draw,Under 0.5 Goals,Under 1.5 Goals,Under 2.5 Goals,Under 3.5 Goals,No,Under 0.5 Goals,8/8,betfair_oficial
2026-10-05 13:58,2026-10-05 12:00,Nestos Chrysoupoli FC,Marko,LIQUIDADO,1 - 2,1,2,Marko,Over 0.5 Goals,Over 1.5 Goals,Over 2.5 Goals,Under 3.5 Goals,Yes,Over 0.5 Goals,8/8,betfair_oficial
2026-10-05 14:18,2026-10-05 10:30,Kodagu FC,Technico FF,LIQUIDADO,,,,,,,,,,,8/8,betfair_oficial
2026-10-05 14:23,2026-10-05 12:30,Yarud Mariupol,Nyva Ternopil,LIQUIDADO,0 - 0,0,0,The Draw,Under 0.5 Goals,Under 1.5 Goals,Under 2.5 Goals,Under 3.5 Goals,No,Under 0.5 Goals,8/8,betfair_oficial
2026-10-05 15:03,2026-10-05 13:00,Fk Smederevo,Vozdovac,LIQUIDADO,1 - 0,1,0,FK Smederevo,Over 0.5 Goals,Under 1.5 Goals,Under 2.5 Goals,Under 3.5 Goals,No,Under 0.5 Goals,8/8,betfair_oficial
2026-10-05 15:03,2026-10-05 13:00,Indonesia,Thailand,LIQUIDADO,1 - 1,1,1,The Draw,Over 0.5 Goals,Over 1.5 Goals,Under 2.5 Goals,Under 3.5 Goals,Yes,Under 0.5 Goals,8/8,betfair_oficial
2026-10-05 15:03,2026-10-05 13:00,Uganda,DR Congo,LIQUIDADO,1 - 1,1,1,The Draw,Over 0.5 Goals,Over 1.5 Goals,Under 2.5 Goals,Under 3.5 Goals,Yes,Under 0.5 Goals,8/8,betfair_oficial
2026-10-05 15:03,2026-10-05 13:00,Namibia U23,Angola U23,LIQUIDADO,Any Other Away Win,,,Angola U23,Over 0.5 Goals,Over 1.5 Goals,Over 2.5 Goals,Over 3.5 Goals,No,Over 0.5 Goals,8/8,betfair_oficial
2026-10-05 15:48,2026-10-05 14:00,Deportivo Recoleta,Libertad,LIQUIDADO,1 - 2,1,2,Libertad,,,Over 2.5 Goals,Under 3.5 Goals,,,4/4,betfair_oficial
2026-10-05 15:58,2026-10-05 14:00,FK Napredak,FK Loznica,LIQUIDADO,3 - 0,3,0,FK Napredak,Over 0.5 Goals,Over 1.5 Goals,Over 2.5 Goals,Under 3.5 Goals,No,Over 0.5 Goals,8/8,betfair_oficial
2026-10-05 16:53,2026-10-05 15:00,Tatran Lip Mikulas,Samorin,LIQUIDADO,2 - 0,2,0,Tatran Lip Mikulas,Over 0.5 Goals,Over 1.5 Goals,Under 2.5 Goals,Under 3.5 Goals,No,Over 0.5 Goals,8/8,betfair_oficial
2026-10-05 17:58,2026-10-05 16:00,FK Backa Topola,FK Graficar,LIQUIDADO,Any Other Home Win,,,FK Backa Topola,Over 0.5 Goals,Over 1.5 Goals,Over 2.5 Goals,Over 3.5 Goals,Yes,Over 0.5 Goals,8/8,betfair_oficial
2026-10-05 17:58,2026-10-05 16:00,Cyprus,Latvia,LIQUIDADO,2 - 1,2,1,Cyprus,Over 0.5 Goals,Over 1.5 Goals,Over 2.5 Goals,Under 3.5 Goals,Yes,Under 0.5 Goals,8/8,betfair_oficial
2026-10-05 18:03,2026-10-05 16:00,Rwanda,Kenya,LIQUIDADO,0 - 0,0,0,The Draw,Under 0.5 Goals,Under 1.5 Goals,Under 2.5 Goals,Under 3.5 Goals,No,Under 0.5 Goals,8/8,betfair_oficial
2026-10-05 18:03,2026-10-05 16:00,Hapoel Kaukab,Hapoel Deir Hanna,LIQUIDADO,2 - 1,2,1,Hapoel Kaukab,Over 0.5 Goals,Over 1.5 Goals,Over 2.5 Goals,Under 3.5 Goals,Yes,Over 0.5 Goals,8/8,betfair_oficial
2026-10-05 18:03,2026-10-05 16:00,Sanliurfaspor,Belediye Derincespor,LIQUIDADO,1 - 1,1,1,The Draw,Over 0.5 Goals,Over 1.5 Goals,Under 2.5 Goals,Under 3.5 Goals,Yes,Over 0.5 Goals,8/8,betfair_oficial
2026-10-05 18:58,2026-10-05 17:00,Moss,Kongsvinger,LIQUIDADO,0 - 2,0,2,Kongsvinger,Over 0.5 Goals,Over 1.5 Goals,Under 2.5 Goals,Under 3.5 Goals,No,Over 0.5 Goals,8/8,betfair_oficial
2026-10-05 20:03,2026-10-05 18:00,Uai Urquiza,CA Ituzaingo,LIQUIDADO,3 - 2,3,2,UAI Urquiza,Over 0.5 Goals,Over 1.5 Goals,Over 2.5 Goals,Over 3.5 Goals,Yes,Under 0.5 Goals,8/8,betfair_oficial
2026-10-05 20:38,2026-10-05 18:30,Cordoba,Tenerife,LIQUIDADO,3 - 2,3,2,Cordoba,Over 0.5 Goals,Over 1.5 Goals,Over 2.5 Goals,Over 3.5 Goals,Yes,Over 0.5 Goals,8/8,betfair_oficial
2026-10-05 20:43,2026-10-05 18:45,Montenegro,Armenia,LIQUIDADO,0 - 0,0,0,The Draw,Under 0.5 Goals,Under 1.5 Goals,Under 2.5 Goals,Under 3.5 Goals,No,Under 0.5 Goals,8/8,betfair_oficial
2026-10-05 20:43,2026-10-05 18:45,Ukraine,Hungary,LIQUIDADO,1 - 2,1,2,Hungary,Over 0.5 Goals,Over 1.5 Goals,Over 2.5 Goals,Under 3.5 Goals,Yes,Under 0.5 Goals,8/8,betfair_oficial
2026-10-05 20:43,2026-10-05 18:45,Liechtenstein,Gibraltar,LIQUIDADO,0 - 2,0,2,Gibraltar,Over 0.5 Goals,Over 1.5 Goals,Under 2.5 Goals,Under 3.5 Goals,No,Over 0.5 Goals,8/8,betfair_oficial
2026-10-05 20:43,2026-10-05 18:45,France,Belgium,LIQUIDADO,Any Other Home Win,,,France,Over 0.5 Goals,Over 1.5 Goals,Over 2.5 Goals,Over 3.5 Goals,Yes,Over 0.5 Goals,8/8,betfair_oficial
2026-10-05 20:43,2026-10-05 18:45,Italy,Türkiye,LIQUIDADO,3 - 1,3,1,Italy,Over 0.5 Goals,Over 1.5 Goals,Over 2.5 Goals,Over 3.5 Goals,Yes,Over 0.5 Goals,8/8,betfair_oficial
2026-10-05 20:48,2026-10-05 18:45,Northern Ireland,Georgia,LIQUIDADO,0 - 0,0,0,The Draw,Under 0.5 Goals,Under 1.5 Goals,Under 2.5 Goals,Under 3.5 Goals,No,Under 0.5 Goals,8/8,betfair_oficial
2026-10-05 20:48,2026-10-05 18:45,Bosnia,Poland,LIQUIDADO,1 - 0,1,0,Bosnia,Over 0.5 Goals,Under 1.5 Goals,Under 2.5 Goals,Under 3.5 Goals,No,Under 0.5 Goals,8/8,betfair_oficial
2026-10-05 20:53,2026-10-05 18:45,Romania,Sweden,LIQUIDADO,0 - 1,0,1,Sweden,Over 0.5 Goals,Under 1.5 Goals,Under 2.5 Goals,Under 3.5 Goals,No,Over 0.5 Goals,8/8,betfair_oficial
2026-10-05 21:03,2026-10-05 19:00,Guadeloupe,St Lucia,LIQUIDADO,0 - 1,0,1,St Lucia,Over 0.5 Goals,Under 1.5 Goals,Under 2.5 Goals,Under 3.5 Goals,No,Over 0.5 Goals,8/8,betfair_oficial
2026-10-05 21:38,2026-10-05 19:45,Deportivo Riestra,Central Cordoba (SdE),LIQUIDADO,1 - 1,1,1,The Draw,Over 0.5 Goals,Over 1.5 Goals,Under 2.5 Goals,Under 3.5 Goals,Yes,Over 0.5 Goals,8/8,betfair_oficial
2026-10-05 21:58,2026-10-05 20:00,Sportivo Trinidense,Sportivo Luqueno,LIQUIDADO,3 - 2,3,2,Sportivo Trinidense,Over 0.5 Goals,Over 1.5 Goals,Over 2.5 Goals,Over 3.5 Goals,Yes,Over 0.5 Goals,8/8,betfair_oficial
2026-10-05 22:08,2026-10-05 20:00,Nueva Chicago,CD Maipu,LIQUIDADO,0 - 1,0,1,CD MAIPU,Over 0.5 Goals,Under 1.5 Goals,Under 2.5 Goals,Under 3.5 Goals,No,Under 0.5 Goals,8/8,betfair_oficial
2026-10-05 23:58,2026-10-05 22:00,Estudiantes,Gimnasia Mendoza,LIQUIDADO,3 - 0,3,0,Estudiantes,Over 0.5 Goals,Over 1.5 Goals,Over 2.5 Goals,Under 3.5 Goals,No,Under 0.5 Goals,8/8,betfair_oficial
2026-10-05 23:58,2026-10-05 22:00,Deportivo Merlo,Brown de Adrogue,LIQUIDADO,0 - 0,0,0,The Draw,Under 0.5 Goals,Under 1.5 Goals,Under 2.5 Goals,Under 3.5 Goals,No,Under 0.5 Goals,8/8,betfair_oficial
2026-10-05 23:58,2026-10-05 22:00,Bogota,Envigado,LIQUIDADO,3 - 3,3,3,The Draw,Over 0.5 Goals,Over 1.5 Goals,Over 2.5 Goals,Over 3.5 Goals,Yes,Over 0.5 Goals,8/8,betfair_oficial
2026-10-05 23:58,2026-10-05 22:00,Martinique,El Salvador,LIQUIDADO,1 - 1,1,1,The Draw,Over 0.5 Goals,Over 1.5 Goals,Under 2.5 Goals,Under 3.5 Goals,Yes,Over 0.5 Goals,8/8,betfair_oficial
2026-10-06 00:03,2026-10-05 22:05,Chapelton,Waterhouse FC,LIQUIDADO,Any Other Away Win,,,Waterhouse FC,Over 0.5 Goals,Over 1.5 Goals,Over 2.5 Goals,Over 3.5 Goals,No,Over 0.5 Goals,8/8,betfair_oficial
2026-10-06 00:08,2026-10-05 22:00,Velez Sarsfield,CA Platense,LIQUIDADO,2 - 2,2,2,The Draw,Over 0.5 Goals,Over 1.5 Goals,Over 2.5 Goals,Over 3.5 Goals,Yes,Over 0.5 Goals,8/8,betfair_oficial
2026-10-06 00:13,2026-10-05 22:15,Cerro Porteno,Club 2 de Mayo de Pedro Juan Cab,LIQUIDADO,0 - 2,0,2,Club 2 de Mayo,Over 0.5 Goals,Over 1.5 Goals,Under 2.5 Goals,Under 3.5 Goals,No,Over 0.5 Goals,8/8,betfair_oficial
2026-10-06 01:04,2026-10-05 23:00,Nacional (Uru),Torque,LIQUIDADO,2 - 0,2,0,Nacional (Uru),Over 0.5 Goals,Over 1.5 Goals,Under 2.5 Goals,Under 3.5 Goals,No,Over 0.5 Goals,8/8,betfair_oficial
2026-10-06 01:54,2026-10-06 00:00,Bermuda,Barbados,LIQUIDADO,1 - 2,1,2,Barbados,Over 0.5 Goals,Over 1.5 Goals,Over 2.5 Goals,Under 3.5 Goals,Yes,Under 0.5 Goals,8/8,betfair_oficial
2026-10-06 01:59,2026-10-06 00:00,Grenada,Bonaire,LIQUIDADO,Any Other Away Win,,,Bonaire,Over 0.5 Goals,Over 1.5 Goals,Over 2.5 Goals,Over 3.5 Goals,Yes,Over 0.5 Goals,8/8,betfair_oficial
2026-10-06 03:04,2026-10-06 00:00,Guatemala,Suriname,LIQUIDADO,1 - 0,1,0,Guatemala,Over 0.5 Goals,Under 1.5 Goals,Under 2.5 Goals,Under 3.5 Goals,No,Under 0.5 Goals,8/8,betfair_oficial
2026-10-06 03:04,2026-10-06 00:00,Ind Medellin,Santa Fe,LIQUIDADO,0 - 1,0,1,Santa Fe,Over 0.5 Goals,Under 1.5 Goals,Under 2.5 Goals,Under 3.5 Goals,No,Under 0.5 Goals,8/8,betfair_oficial
2026-10-06 03:04,2026-10-06 00:15,Banfield,Rosario Central,LIQUIDADO,1 - 1,1,1,The Draw,Over 0.5 Goals,Over 1.5 Goals,Under 2.5 Goals,Under 3.5 Goals,Yes,Over 0.5 Goals,8/8,betfair_oficial
2026-10-06 03:04,2026-10-06 00:30,Orsomarso,Quindio,LIQUIDADO,0 - 1,0,1,Quindio,Over 0.5 Goals,Under 1.5 Goals,Under 2.5 Goals,Under 3.5 Goals,No,Over 0.5 Goals,8/8,betfair_oficial
2026-10-06 03:04,2026-10-06 01:00,Sporting San Miguelito,Union Cocle,LIQUIDADO,3 - 1,3,1,Sporting San Miguelito,Over 0.5 Goals,Over 1.5 Goals,Over 2.5 Goals,Over 3.5 Goals,Yes,Over 0.5 Goals,8/8,betfair_oficial
2026-10-06 03:09,2026-10-06 01:00,Arnett Gardens FC,Portmore Utd,LIQUIDADO,1 - 1,1,1,The Draw,Over 0.5 Goals,Over 1.5 Goals,Under 2.5 Goals,Under 3.5 Goals,Yes,Over 0.5 Goals,8/8,betfair_oficial
2026-10-06 03:59,2026-10-06 02:00,Honduras,Jamaica,LIQUIDADO,1 - 1,1,1,The Draw,Over 0.5 Goals,Over 1.5 Goals,Under 2.5 Goals,Under 3.5 Goals,Yes,Over 0.5 Goals,8/8,betfair_oficial
2026-10-06 04:09,2026-10-06 02:05,Celaya,Cafetaleros de Chiapas,LIQUIDADO,0 - 1,0,1,Cafetaleros de Chiapas,Over 0.5 Goals,Under 1.5 Goals,Under 2.5 Goals,Under 3.5 Goals,No,Over 0.5 Goals,8/8,betfair_oficial
2026-10-06 07:34,2026-10-06 05:30,Bangalore Dream United,HAL SC Bangalore,LIQUIDADO,0 - 0,0,0,The Draw,Under 0.5 Goals,Under 1.5 Goals,Under 2.5 Goals,Under 3.5 Goals,No,Under 0.5 Goals,8/8,betfair_oficial
2026-10-06 08:54,2026-10-06 07:00,Changchun Xidu,Guangzhou Alpha,LIQUIDADO,1 - 1,1,1,The Draw,Over 0.5 Goals,Over 1.5 Goals,Under 2.5 Goals,Under 3.5 Goals,Yes,Over 0.5 Goals,8/8,betfair_oficial
2026-10-06 09:24,2026-10-06 07:30,Qingdao Red Lions,Wuhan Three Towns II,LIQUIDADO,0 - 2,0,2,Wuhan Three Towns II,Over 0.5 Goals,Over 1.5 Goals,Under 2.5 Goals,Under 3.5 Goals,No,Over 0.5 Goals,8/8,betfair_oficial
2026-10-06 09:29,2026-10-06 07:30,Beijing Tech FC,Chengdu Rongcheng II,LIQUIDADO,2 - 0,2,0,Beijing Tech FC,Over 0.5 Goals,Over 1.5 Goals,Under 2.5 Goals,Under 3.5 Goals,No,Over 0.5 Goals,8/8,betfair_oficial
2026-10-06 09:29,2026-10-06 07:30,Shanghai Second,Wenzhou Professional,LIQUIDADO,1 - 1,1,1,The Draw,Over 0.5 Goals,Over 1.5 Goals,Under 2.5 Goals,Under 3.5 Goals,Yes,Over 0.5 Goals,8/8,betfair_oficial
2026-10-06 10:04,2026-10-06 08:00,Bengaluru United,Rebels FC,LIQUIDADO,Any Other Home Win,,,Bengaluru United,Over 0.5 Goals,Over 1.5 Goals,Over 2.5 Goals,Over 3.5 Goals,No,Over 0.5 Goals,8/8,betfair_oficial
2026-10-06 10:34,2026-10-06 08:30,Lam Dong,Song Lam Nghe An,LIQUIDADO,0 - 2,0,2,Song Lam Nghe An,Over 0.5 Goals,Over 1.5 Goals,Under 2.5 Goals,Under 3.5 Goals,No,Under 0.5 Goals,8/8,betfair_oficial
2026-10-06 10:59,2026-10-06 09:00,Hubei Istar,Lanzhou Longyuan Athletic,LIQUIDADO,2 - 0,2,0,Hubei Istar,Over 0.5 Goals,Over 1.5 Goals,Under 2.5 Goals,Under 3.5 Goals,No,Over 0.5 Goals,8/8,betfair_oficial
2026-10-06 11:04,2026-10-06 09:00,Dhaka Wanderers Club,Bashundhara Kings,LIQUIDADO,Any Other Away Win,,,Bashundhara Kings,Over 0.5 Goals,Over 1.5 Goals,Over 2.5 Goals,Over 3.5 Goals,No,Under 0.5 Goals,8/8,betfair_oficial
2026-10-06 11:04,2026-10-06 09:00,Bangladesh Police,City Club,LIQUIDADO,1 - 1,1,1,The Draw,Over 0.5 Goals,Over 1.5 Goals,Under 2.5 Goals,Under 3.5 Goals,Yes,Under 0.5 Goals,8/8,betfair_oficial
2026-10-06 11:04,2026-10-06 09:00,Mohammedan Dhaka,Arambagh,LIQUIDADO,3 - 1,3,1,Mohammedan Dhaka,Over 0.5 Goals,Over 1.5 Goals,Over 2.5 Goals,Over 3.5 Goals,Yes,Over 0.5 Goals,8/8,betfair_oficial
2026-10-06 11:29,2026-10-06 09:30,Nangkiew Irat SC,MLP Football Team,LIQUIDADO,2 - 2,2,2,The Draw,Over 0.5 Goals,Over 1.5 Goals,Over 2.5 Goals,Over 3.5 Goals,Yes,Over 0.5 Goals,8/8,betfair_oficial
2026-10-06 11:54,2026-10-06 08:00,FK Trostyanets,FC Chernigiv,LIQUIDADO,Any Other Away Win,,,FC Chernigiv,Over 0.5 Goals,Over 1.5 Goals,Over 2.5 Goals,Over 3.5 Goals,Yes,Over 0.5 Goals,8/8,betfair_oficial
2026-10-06 12:29,2026-10-06 10:30,ASC,FC Real Bengaluru,LIQUIDADO,0 - 3,0,3,FC Real Bengaluru,Over 0.5 Goals,Over 1.5 Goals,Over 2.5 Goals,Under 3.5 Goals,No,Under 0.5 Goals,8/8,betfair_oficial
2026-10-06 12:54,2026-10-06 11:00,South Korea,Uzbekistan,LIQUIDADO,2 - 0,2,0,South Korea,Over 0.5 Goals,Over 1.5 Goals,Under 2.5 Goals,Under 3.5 Goals,No,Over 0.5 Goals,8/8,betfair_oficial
2026-10-06 12:59,2026-10-06 11:00,Wuxi Wugou,Suzhou Dongwu,LIQUIDADO,2 - 2,2,2,The Draw,Over 0.5 Goals,Over 1.5 Goals,Over 2.5 Goals,Over 3.5 Goals,Yes,Over 0.5 Goals,8/8,betfair_oficial
2026-10-06 12:59,2026-10-06 11:00,PVF-Cong An Nhan Dan,Hue FC,LIQUIDADO,Any Other Home Win,,,PVF-Cong An Nhan Dan,Over 0.5 Goals,Over 1.5 Goals,Over 2.5 Goals,Over 3.5 Goals,Yes,Over 0.5 Goals,8/8,betfair_oficial
2026-10-06 12:59,2026-10-06 11:00,Changchun Yatai,Yanbian Longding,LIQUIDADO,1 - 1,1,1,The Draw,Over 0.5 Goals,Over 1.5 Goals,Under 2.5 Goals,Under 3.5 Goals,Yes,Over 0.5 Goals,8/8,betfair_oficial
2026-10-06 13:24,2026-10-06 11:30,Hangzhou Linping Wuyue,Xian Chongde Ronghai,LIQUIDADO,0 - 0,0,0,The Draw,Under 0.5 Goals,Under 1.5 Goals,Under 2.5 Goals,Under 3.5 Goals,No,Under 0.5 Goals,8/8,betfair_oficial
2026-10-06 13:24,2026-10-06 11:30,KF Beslidhja Lezhe,KS Sopoti,LIQUIDADO,1 - 1,1,1,The Draw,Over 0.5 Goals,Over 1.5 Goals,Under 2.5 Goals,Under 3.5 Goals,Yes,Over 0.5 Goals,8/8,betfair_oficial
2026-10-06 13:24,2026-10-06 11:30,Guangdong Mingtu,Dalian Yingbo II,LIQUIDADO,1 - 1,1,1,The Draw,Over 0.5 Goals,Over 1.5 Goals,Under 2.5 Goals,Under 3.5 Goals,Yes,Under 0.5 Goals,8/8,betfair_oficial
2026-10-06 13:29,2026-10-06 11:30,Jiangxi Dingnan United,Meizhou Hakka,LIQUIDADO,0 - 0,0,0,The Draw,Under 0.5 Goals,Under 1.5 Goals,Under 2.5 Goals,Under 3.5 Goals,No,Under 0.5 Goals,8/8,betfair_oficial
2026-10-06 13:29,2026-10-06 11:30,Nantong Zhiyun F.C,Ningbo Professional,LIQUIDADO,1 - 0,1,0,Nantong Zhiyun F.C,Over 0.5 Goals,Under 1.5 Goals,Under 2.5 Goals,Under 3.5 Goals,No,Under 0.5 Goals,8/8,betfair_oficial
2026-10-06 13:29,2026-10-06 11:30,Guizhou Zhucheng Athletic,Shanghai Port B,LIQUIDADO,2 - 1,2,1,Guizhou Zhucheng Athletic,Over 0.5 Goals,Over 1.5 Goals,Over 2.5 Goals,Under 3.5 Goals,Yes,Over 0.5 Goals,8/8,betfair_oficial
2026-10-06 13:29,2026-10-06 11:30,Shenzhen 2028,Shandong Taishan B,LIQUIDADO,0 - 2,0,2,Shandong Taishan B,Over 0.5 Goals,Over 1.5 Goals,Under 2.5 Goals,Under 3.5 Goals,No,Over 0.5 Goals,8/8,betfair_oficial
2026-10-06 13:29,2026-10-06 11:30,Shijiazhuang Gongfu FC,Dalian Kun City FC,LIQUIDADO,1 - 0,1,0,Shijiazhuang Gongfu FC,Over 0.5 Goals,Under 1.5 Goals,Under 2.5 Goals,Under 3.5 Goals,No,Under 0.5 Goals,8/8,betfair_oficial
2026-10-06 13:44,2026-10-06 11:35,China,Tajikistan,LIQUIDADO,0 - 1,0,1,Tajikistan,Over 0.5 Goals,Under 1.5 Goals,Under 2.5 Goals,Under 3.5 Goals,No,Under 0.5 Goals,8/8,betfair_oficial
2026-10-06 13:59,2026-10-06 12:00,Stoke City (Res),Derby (Res),LIQUIDADO,1 - 3,1,3,Derby (Res),Over 0.5 Goals,Over 1.5 Goals,Over 2.5 Goals,Over 3.5 Goals,Yes,Over 0.5 Goals,8/8,betfair_oficial
2026-10-06 14:54,2026-10-06 13:00,FK Iskra Danilovgrad,Rudar Pljevlja,LIQUIDADO,1 - 0,1,0,FK Iskra Danilovgrad,Over 0.5 Goals,Under 1.5 Goals,Under 2.5 Goals,Under 3.5 Goals,No,Under 0.5 Goals,8/8,betfair_oficial
2026-10-06 14:59,2026-10-06 13:00,Wrexham (Res),Preston North End (Res),LIQUIDADO,3 - 1,3,1,Wrexham (Res),Over 0.5 Goals,Over 1.5 Goals,Over 2.5 Goals,Over 3.5 Goals,Yes,Over 0.5 Goals,8/8,betfair_oficial
2026-10-06 15:04,2026-10-06 13:00,Tanzania U23,Kenya U23,LIQUIDADO,3 - 1,3,1,Tanzania U23,Over 0.5 Goals,Over 1.5 Goals,Over 2.5 Goals,Over 3.5 Goals,Yes,Over 0.5 Goals,8/8,betfair_oficial
2026-10-06 15:14,2026-10-06 12:00,FC Kariobangi Sharks,Mombasa United,LIQUIDADO,,,,,Over 0.5 Goals,Over 1.5 Goals,Over 2.5 Goals,,Yes,Over 0.5 Goals,8/8,betfair_oficial
2026-10-06 15:29,2026-10-06 13:30,Egypt U20,Algeria U20,LIQUIDADO,2 - 0,2,0,Egypt U20,Over 0.5 Goals,Over 1.5 Goals,Under 2.5 Goals,Under 3.5 Goals,No,Over 0.5 Goals,8/8,betfair_oficial
2026-10-06 15:59,2026-10-06 14:00,Kazakhstan,Faroe Islands,LIQUIDADO,2 - 2,2,2,The Draw,Over 0.5 Goals,Over 1.5 Goals,Over 2.5 Goals,Over 3.5 Goals,Yes,Over 0.5 Goals,8/8,betfair_oficial
2026-10-06 15:59,2026-10-06 14:00,NK Bilje,NK Jadran Dekani,LIQUIDADO,2 - 0,2,0,NK Bilje,Over 0.5 Goals,Over 1.5 Goals,Under 2.5 Goals,Under 3.5 Goals,No,Over 0.5 Goals,8/8,betfair_oficial
2026-10-06 16:34,2026-10-06 14:00,India,Uruguay,LIQUIDADO,Any Other Away Win,,,Uruguay,Over 0.5 Goals,Over 1.5 Goals,Over 2.5 Goals,Over 3.5 Goals,Yes,Over 0.5 Goals,8/8,betfair_oficial
2026-10-06 16:59,2026-10-06 15:00,Raufoss,Start,LIQUIDADO,Any Other Away Win,,,Start,Over 0.5 Goals,Over 1.5 Goals,Over 2.5 Goals,Over 3.5 Goals,Yes,Over 0.5 Goals,8/8,betfair_oficial
2026-10-06 16:59,2026-10-06 15:00,FC Trollhattan,Mjallby,LIQUIDADO,1 - 0,1,0,FC Trollhattan,Over 0.5 Goals,Under 1.5 Goals,Under 2.5 Goals,Under 3.5 Goals,No,Over 0.5 Goals,8/8,betfair_oficial
2026-10-06 18:04,2026-10-06 16:00,Pirata FC,Ayacucho Futbol Club,LIQUIDADO,2 - 0,2,0,Pirata FC,Over 0.5 Goals,Over 1.5 Goals,Under 2.5 Goals,Under 3.5 Goals,No,Under 0.5 Goals,8/8,betfair_oficial
2026-10-06 18:59,2026-10-06 17:00,Jordan,Venezuela,LIQUIDADO,0 - 0,0,0,The Draw,Under 0.5 Goals,Under 1.5 Goals,Under 2.5 Goals,Under 3.5 Goals,No,Under 0.5 Goals,8/8,betfair_oficial
2026-10-06 18:59,2026-10-06 17:00,Algeria,Niger,LIQUIDADO,2 - 1,2,1,Algeria,Over 0.5 Goals,Over 1.5 Goals,Over 2.5 Goals,Under 3.5 Goals,Yes,Over 0.5 Goals,8/8,betfair_oficial
2026-10-06 19:04,2026-10-06 17:00,CA Claypole,Deportivo Espanol,LIQUIDADO,1 - 1,1,1,The Draw,Over 0.5 Goals,Over 1.5 Goals,Under 2.5 Goals,Under 3.5 Goals,Yes,Over 0.5 Goals,8/8,betfair_oficial
2026-10-06 20:09,2026-10-06 18:00,Saudi Arabia,UAE,LIQUIDADO,2 - 0,2,0,Saudi Arabia,Over 0.5 Goals,Over 1.5 Goals,Under 2.5 Goals,Under 3.5 Goals,No,Over 0.5 Goals,8/8,betfair_oficial
2026-10-06 20:39,2026-10-06 18:45,Switzerland,North Macedonia,LIQUIDADO,3 - 0,3,0,Switzerland,Over 0.5 Goals,Over 1.5 Goals,Over 2.5 Goals,Under 3.5 Goals,No,Over 0.5 Goals,8/8,betfair_oficial
2026-10-06 20:39,2026-10-06 18:45,England,Czechia,LIQUIDADO,3 - 0,3,0,England,Over 0.5 Goals,Over 1.5 Goals,Over 2.5 Goals,Under 3.5 Goals,No,Over 0.5 Goals,8/8,betfair_oficial
2026-10-06 20:39,2026-10-06 18:45,Belarus,Finland,LIQUIDADO,1 - 0,1,0,Belarus,Over 0.5 Goals,Under 1.5 Goals,Under 2.5 Goals,Under 3.5 Goals,No,Over 0.5 Goals,8/8,betfair_oficial
2026-10-06 20:44,2026-10-06 18:45,Ebbsfleet Utd,Folkestone Invicta,LIQUIDADO,1 - 0,1,0,Ebbsfleet Utd,Over 0.5 Goals,Under 1.5 Goals,Under 2.5 Goals,Under 3.5 Goals,No,Over 0.5 Goals,8/8,betfair_oficial
2026-10-06 20:44,2026-10-06 18:45,Scotland,Slovenia,LIQUIDADO,1 - 2,1,2,Slovenia,Over 0.5 Goals,Over 1.5 Goals,Over 2.5 Goals,Under 3.5 Goals,Yes,Over 0.5 Goals,8/8,betfair_oficial
2026-10-06 20:44,2026-10-06 18:45,Spalding Utd,Bury Town,LIQUIDADO,Any Other Home Win,,,Spalding Utd,Over 0.5 Goals,Over 1.5 Goals,Over 2.5 Goals,Over 3.5 Goals,No,Over 0.5 Goals,8/8,betfair_oficial
2026-10-06 20:44,2026-10-06 18:45,Moldova,Slovakia,LIQUIDADO,Any Other Away Win,,,Slovakia,Over 0.5 Goals,Over 1.5 Goals,Over 2.5 Goals,Over 3.5 Goals,No,Over 0.5 Goals,8/8,betfair_oficial
2026-10-06 20:44,2026-10-06 18:45,Croatia,Spain,LIQUIDADO,1 - 2,1,2,Spain,Over 0.5 Goals,Over 1.5 Goals,Over 2.5 Goals,Under 3.5 Goals,Yes,Over 0.5 Goals,8/8,betfair_oficial
2026-10-06 20:44,2026-10-06 18:45,Albania,San Marino,LIQUIDADO,2 - 1,2,1,Albania,Over 0.5 Goals,Over 1.5 Goals,Over 2.5 Goals,Under 3.5 Goals,Yes,Over 0.5 Goals,8/8,betfair_oficial
2026-10-06 20:44,2026-10-06 18:45,Farnham Town,Truro City,LIQUIDADO,2 - 2,2,2,The Draw,Over 0.5 Goals,Over 1.5 Goals,Over 2.5 Goals,Over 3.5 Goals,Yes,Over 0.5 Goals,8/8,betfair_oficial
2026-10-06 20:44,2026-10-06 18:45,Estonia,Iceland,LIQUIDADO,0 - 0,0,0,The Draw,Under 0.5 Goals,Under 1.5 Goals,Under 2.5 Goals,Under 3.5 Goals,No,Under 0.5 Goals,8/8,betfair_oficial
2026-10-06 20:44,2026-10-06 18:45,Halesowen Town,Stafford Rangers,LIQUIDADO,1 - 2,1,2,Stafford Rangers,Over 0.5 Goals,Over 1.5 Goals,Over 2.5 Goals,Under 3.5 Goals,Yes,Over 0.5 Goals,8/8,betfair_oficial
2026-10-06 20:44,2026-10-06 18:45,Luxembourg,Bulgaria,LIQUIDADO,0 - 2,0,2,Bulgaria,Over 0.5 Goals,Over 1.5 Goals,Under 2.5 Goals,Under 3.5 Goals,No,Over 0.5 Goals,8/8,betfair_oficial
2026-10-06 20:49,2026-10-06 18:45,Scarborough Athletic,Macclesfield,LIQUIDADO,1 - 1,1,1,The Draw,Over 0.5 Goals,Over 1.5 Goals,Under 2.5 Goals,Under 3.5 Goals,Yes,Over 0.5 Goals,8/8,betfair_oficial
2026-10-06 20:49,2026-10-06 18:45,Braintree,Walton & Hersham,LIQUIDADO,1 - 3,1,3,Walton & Hersham,Over 0.5 Goals,Over 1.5 Goals,Over 2.5 Goals,Over 3.5 Goals,Yes,Over 0.5 Goals,8/8,betfair_oficial
2026-10-06 20:49,2026-10-06 18:45,Atherton Collieries AFC,Trafford FC,LIQUIDADO,3 - 0,3,0,Atherton Collieries AFC,Over 0.5 Goals,Over 1.5 Goals,Over 2.5 Goals,Under 3.5 Goals,No,Over 0.5 Goals,8/8,betfair_oficial
2026-10-06 20:54,2026-10-06 18:45,Wingate and Finchley,Bedford Town,LIQUIDADO,1 - 3,1,3,Bedford Town,Over 0.5 Goals,Over 1.5 Goals,Over 2.5 Goals,Over 3.5 Goals,Yes,Over 0.5 Goals,8/8,betfair_oficial
2026-10-06 20:59,2026-10-06 18:15,Union Minas,Union Comercio,LIQUIDADO,Any Other Home Win,,,Union Minas,Over 0.5 Goals,Over 1.5 Goals,Over 2.5 Goals,Over 3.5 Goals,Yes,Over 0.5 Goals,8/8,betfair_oficial
2026-10-06 20:59,2026-10-06 19:00,CDT Real Oruro,Real Tomayapo,LIQUIDADO,Any Other Home Win,,,CDT Real Oruro,Over 0.5 Goals,Over 1.5 Goals,Over 2.5 Goals,Over 3.5 Goals,No,Under 0.5 Goals,8/8,betfair_oficial
2026-10-06 21:04,2026-10-06 19:00,Angola,Malawi,LIQUIDADO,3 - 1,3,1,Angola,Over 0.5 Goals,Over 1.5 Goals,Over 2.5 Goals,Over 3.5 Goals,Yes,Over 0.5 Goals,8/8,betfair_oficial
2026-10-06 21:24,2026-10-06 18:00,Kabylie,MC Alger,LIQUIDADO,,,,,,,,,,,8/8,betfair_oficial
2026-10-06 21:59,2026-10-06 20:00,Saint Martin,Bahamas,LIQUIDADO,Any Other Home Win,,,Saint Martin,Over 0.5 Goals,Over 1.5 Goals,Over 2.5 Goals,Over 3.5 Goals,No,Over 0.5 Goals,8/8,betfair_oficial
2026-10-06 21:59,2026-10-06 20:00,Club Sportivo Ameliano,Rubio Nu,LIQUIDADO,1 - 2,1,2,Rubio Nu,Over 0.5 Goals,Over 1.5 Goals,Over 2.5 Goals,Under 3.5 Goals,Yes,Over 0.5 Goals,8/8,betfair_oficial
2026-10-06 21:59,2026-10-06 20:00,Alianza Atletico,Sport Boys (Per),LIQUIDADO,3 - 0,3,0,Alianza Atletico,Over 0.5 Goals,Over 1.5 Goals,Over 2.5 Goals,Under 3.5 Goals,No,Over 0.5 Goals,8/8,betfair_oficial
2026-10-06 22:24,2026-10-06 20:30,Uni San Martin,Alianza Universidad,LIQUIDADO,2 - 1,2,1,Uni San Martin,Over 0.5 Goals,Over 1.5 Goals,Over 2.5 Goals,Under 3.5 Goals,Yes,Over 0.5 Goals,8/8,betfair_oficial
2026-10-06 22:54,2026-10-06 21:00,St Vincent & Grenadines,Sint Maarten,LIQUIDADO,Any Other Home Win,,,St Vincent & Grenadines,Over 0.5 Goals,Over 1.5 Goals,Over 2.5 Goals,Over 3.5 Goals,No,Over 0.5 Goals,8/8,betfair_oficial
2026-10-06 23:59,2026-10-06 22:00,Real Potosi,San Antonio Bulo Bulo,LIQUIDADO,Any Other Home Win,,,Real Potosi,Over 0.5 Goals,Over 1.5 Goals,Over 2.5 Goals,Over 3.5 Goals,Yes,Over 0.5 Goals,8/8,betfair_oficial
2026-10-07 00:19,2026-10-06 22:15,Olimpia,Nacional (Par),LIQUIDADO,1 - 1,1,1,The Draw,Over 0.5 Goals,Over 1.5 Goals,Under 2.5 Goals,Under 3.5 Goals,Yes,Over 0.5 Goals,8/8,betfair_oficial
2026-10-07 00:34,2026-10-06 22:30,Sport Recife,Sao Bernardo,LIQUIDADO,2 - 1,2,1,Sport Recife,Over 0.5 Goals,Over 1.5 Goals,Over 2.5 Goals,Under 3.5 Goals,Yes,Over 0.5 Goals,8/8,betfair_oficial
2026-10-07 00:59,2026-10-06 23:00,Antigua and Barbuda,Aruba,LIQUIDADO,3 - 2,3,2,Antigua and Barbuda,Over 0.5 Goals,Over 1.5 Goals,Over 2.5 Goals,Over 3.5 Goals,Yes,Over 0.5 Goals,8/8,betfair_oficial
2026-10-07 01:34,2026-10-06 23:00,Argentina,Benin,LIQUIDADO,3 - 0,3,0,Argentina,Over 0.5 Goals,Over 1.5 Goals,Over 2.5 Goals,Under 3.5 Goals,No,Under 0.5 Goals,8/8,betfair_oficial
2026-10-07 01:34,2026-10-06 23:30,Goias,Athletic Club,LIQUIDADO,2 - 1,2,1,Goias,Over 0.5 Goals,Over 1.5 Goals,Over 2.5 Goals,Under 3.5 Goals,Yes,Under 0.5 Goals,8/8,betfair_oficial
2026-10-07 01:49,2026-10-06 23:45,Colombia,Peru,LIQUIDADO,2 - 0,2,0,Colombia,Over 0.5 Goals,Over 1.5 Goals,Under 2.5 Goals,Under 3.5 Goals,No,Under 0.5 Goals,8/8,betfair_oficial
2026-10-07 03:04,2026-10-06 23:30,Colo Colo,Puerto Montt,LIQUIDADO,,,,,Over 0.5 Goals,,,,,Over 0.5 Goals,8/8,betfair_oficial
2026-10-07 03:04,2026-10-07 00:00,USA,Canada,LIQUIDADO,1 - 0,1,0,USA,Over 0.5 Goals,Under 1.5 Goals,Under 2.5 Goals,Under 3.5 Goals,No,Over 0.5 Goals,8/8,betfair_oficial
2026-10-07 03:04,2026-10-07 00:30,Chicago Fire,Vancouver Whitecaps,LIQUIDADO,3 - 1,3,1,Chicago Fire,Over 0.5 Goals,Over 1.5 Goals,Over 2.5 Goals,Over 3.5 Goals,Yes,Over 0.5 Goals,8/8,betfair_oficial
2026-10-07 03:04,2026-10-07 00:35,Ponte Preta,Juventude,LIQUIDADO,0 - 2,0,2,Juventude,Over 0.5 Goals,Over 1.5 Goals,Under 2.5 Goals,Under 3.5 Goals,No,Over 0.5 Goals,8/8,betfair_oficial
2026-10-07 03:54,2026-10-07 02:00,French Guyana,Belize,LIQUIDADO,1 - 0,1,0,French Guyana,Over 0.5 Goals,Under 1.5 Goals,Under 2.5 Goals,Under 3.5 Goals,No,Under 0.5 Goals,8/8,betfair_oficial
2026-10-07 04:44,2026-10-07 02:30,Mexico,Chile,LIQUIDADO,0 - 2,0,2,Chile,Over 0.5 Goals,Over 1.5 Goals,Under 2.5 Goals,Under 3.5 Goals,No,Under 0.5 Goals,8/8,betfair_oficial
2026-10-07 07:39,2026-10-07 05:30,Bangalore City FC,Parikrma,LIQUIDADO,2 - 1,2,1,Bangalore City FC,Over 0.5 Goals,Over 1.5 Goals,Over 2.5 Goals,Under 3.5 Goals,Yes,Over 0.5 Goals,8/8,betfair_oficial
2026-10-07 23:41,2026-10-07 08:00,Taian Tiankuang,Ganzhou Ruishi FC,LIQUIDADO,3 - 0,3,0,Taian Tiankuang,Over 0.5 Goals,Over 1.5 Goals,Over 2.5 Goals,Under 3.5 Goals,No,Over 0.5 Goals,8/8,betfair_oficial
2026-10-07 23:41,2026-10-07 08:00,Megt & Centre,Bengaluru B,LIQUIDADO,3 - 3,3,3,The Draw,Over 0.5 Goals,Over 1.5 Goals,Over 2.5 Goals,Over 3.5 Goals,Yes,Over 0.5 Goals,8/8,betfair_oficial
2026-10-07 23:41,2026-10-07 09:00,Urawa,Omiya,LIQUIDADO,3 - 2,3,2,Urawa,Over 0.5 Goals,Over 1.5 Goals,Over 2.5 Goals,Over 3.5 Goals,Yes,Under 0.5 Goals,8/8,betfair_oficial
2026-10-07 23:41,2026-10-07 09:30,Fukuoka,Yokohama FC,LIQUIDADO,0 - 1,0,1,Yokohama FC,Over 0.5 Goals,Under 1.5 Goals,Under 2.5 Goals,Under 3.5 Goals,No,Over 0.5 Goals,8/8,betfair_oficial
2026-10-07 23:41,2026-10-07 09:30,Cerezo Osaka,Kagoshima Utd,LIQUIDADO,2 - 0,2,0,Cerezo Osaka,Over 0.5 Goals,Over 1.5 Goals,Under 2.5 Goals,Under 3.5 Goals,No,Over 0.5 Goals,8/8,betfair_oficial
2026-10-07 23:41,2026-10-07 09:30,Hiroshima,Iwaki SC,LIQUIDADO,Any Other Home Win,,,Hiroshima,Over 0.5 Goals,Over 1.5 Goals,Over 2.5 Goals,Over 3.5 Goals,No,Over 0.5 Goals,8/8,betfair_oficial
2026-10-07 23:41,2026-10-07 10:00,Kawasaki,Tegevajaro Miyazaki,LIQUIDADO,2 - 0,2,0,Kawasaki,Over 0.5 Goals,Over 1.5 Goals,Under 2.5 Goals,Under 3.5 Goals,No,Over 0.5 Goals,8/8,betfair_oficial
2026-10-07 23:41,2026-10-07 10:00,Shimizu,Nagasaki,LIQUIDADO,1 - 1,1,1,The Draw,Over 0.5 Goals,Over 1.5 Goals,Under 2.5 Goals,Under 3.5 Goals,Yes,Over 0.5 Goals,8/8,betfair_oficial
2026-10-07 23:41,2026-10-07 10:00,Okayama,Jef Utd Chiba,LIQUIDADO,1 - 0,1,0,Okayama,Over 0.5 Goals,Under 1.5 Goals,Under 2.5 Goals,Under 3.5 Goals,No,Under 0.5 Goals,8/8,betfair_oficial
2026-10-07 23:41,2026-10-07 10:00,Tottori,Tokyo-V,LIQUIDADO,0 - 0,0,0,The Draw,Under 0.5 Goals,Under 1.5 Goals,Under 2.5 Goals,Under 3.5 Goals,No,Under 0.5 Goals,8/8,betfair_oficial
2026-10-07 23:41,2026-10-07 10:00,FC Tokyo,Shonan,LIQUIDADO,Any Other Home Win,,,FC Tokyo,Over 0.5 Goals,Over 1.5 Goals,Over 2.5 Goals,Over 3.5 Goals,No,Over 0.5 Goals,8/8,betfair_oficial
2026-10-07 23:41,2026-10-07 10:30,Stride Sports FC,Sporting Club Bengaluru,LIQUIDADO,0 - 2,0,2,Sporting Club Bengaluru,Over 0.5 Goals,Over 1.5 Goals,Under 2.5 Goals,Under 3.5 Goals,No,Over 0.5 Goals,8/8,betfair_oficial
2026-10-07 23:41,2026-10-07 11:00,Nigde Belediyespor,Agri 1970 Spor,LIQUIDADO,0 - 2,0,2,Agri 1970 Spor,Over 0.5 Goals,Over 1.5 Goals,Under 2.5 Goals,Under 3.5 Goals,No,Over 0.5 Goals,8/8,betfair_oficial
2026-10-07 23:41,2026-10-07 11:00,Olimpik Mobiuz,Fardu Ferghana,LIQUIDADO,2 - 2,2,2,The Draw,Over 0.5 Goals,Over 1.5 Goals,Over 2.5 Goals,Over 3.5 Goals,Yes,Over 0.5 Goals,8/8,betfair_oficial
2026-10-07 23:41,2026-10-07 11:00,Zonguldakspor,Duzcespor,LIQUIDADO,0 - 1,0,1,Duzcespor,Over 0.5 Goals,Under 1.5 Goals,Under 2.5 Goals,Under 3.5 Goals,No,Under 0.5 Goals,8/8,betfair_oficial
2026-10-07 23:41,2026-10-07 11:00,BuxDU,FC Lochin,LIQUIDADO,Any Other Away Win,,,FC Lochin,Over 0.5 Goals,Over 1.5 Goals,Over 2.5 Goals,Over 3.5 Goals,Yes,Over 0.5 Goals,8/8,betfair_oficial
2026-10-07 23:41,2026-10-07 11:00,Osmaniyespor 2011,Mersin Idman Yurdu,LIQUIDADO,0 - 3,0,3,Mersin Idman Yurdu,Over 0.5 Goals,Over 1.5 Goals,Over 2.5 Goals,Under 3.5 Goals,No,Under 0.5 Goals,8/8,betfair_oficial
2026-10-07 23:41,2026-10-07 11:00,Somaspor Spor Kulubu,Alanya 1221,LIQUIDADO,Any Other Home Win,,,Somaspor Spor Kulubu,Over 0.5 Goals,Over 1.5 Goals,Over 2.5 Goals,Over 3.5 Goals,Yes,Over 0.5 Goals,8/8,betfair_oficial
2026-10-07 23:41,2026-10-07 11:00,Pazarspor,Erbaaspor,LIQUIDADO,3 - 1,3,1,Pazarspor,Over 0.5 Goals,Over 1.5 Goals,Over 2.5 Goals,Over 3.5 Goals,Yes,Under 0.5 Goals,8/8,betfair_oficial
2026-10-07 23:41,2026-10-07 11:00,Shenzhen Juniors FC,Guangdong GZ-Power FC,LIQUIDADO,Any Other Away Win,,,Guangdong GZ-Power FC,Over 0.5 Goals,Over 1.5 Goals,Over 2.5 Goals,Over 3.5 Goals,Yes,Over 0.5 Goals,8/8,betfair_oficial
2026-10-07 23:41,2026-10-07 11:00,Hatayspor,Karakopru Belediyespor,LIQUIDADO,1 - 2,1,2,Karakopru Belediyespor,Over 0.5 Goals,Over 1.5 Goals,Over 2.5 Goals,Under 3.5 Goals,Yes,Under 0.5 Goals,8/8,betfair_oficial
2026-10-07 23:41,2026-10-07 11:30,Anadolu University,Kepez Belediyespor,LIQUIDADO,Any Other Home Win,,,ANADOLU UNIVERSITY,Over 0.5 Goals,Over 1.5 Goals,Over 2.5 Goals,Over 3.5 Goals,Yes,Over 0.5 Goals,8/8,betfair_oficial
2026-10-07 23:41,2026-10-07 11:30,Haimen Codion,Xiamen Feilu,LIQUIDADO,2 - 0,2,0,Haimen Codion,Over 0.5 Goals,Over 1.5 Goals,Under 2.5 Goals,Under 3.5 Goals,No,Over 0.5 Goals,8/8,betfair_oficial
2026-10-07 23:41,2026-10-07 11:30,FK Sahdag Qusar,Zaqatala,LIQUIDADO,Any Other Home Win,,,FK Sahdag Qusar,Over 0.5 Goals,Over 1.5 Goals,Over 2.5 Goals,Over 3.5 Goals,No,Over 0.5 Goals,8/8,betfair_oficial
2026-10-07 23:41,2026-10-07 11:30,Silivrispor,Bulvarspor,LIQUIDADO,3 - 2,3,2,Silivrispor,Over 0.5 Goals,Over 1.5 Goals,Over 2.5 Goals,Over 3.5 Goals,Yes,Over 0.5 Goals,8/8,betfair_oficial
2026-10-07 23:41,2026-10-07 11:30,Bursa Yildirim Spor,Yeni Amasyaspor,LIQUIDADO,2 - 0,2,0,Bursa Yildirim Spor,Over 0.5 Goals,Over 1.5 Goals,Under 2.5 Goals,Under 3.5 Goals,No,Over 0.5 Goals,8/8,betfair_oficial
2026-10-07 23:41,2026-10-07 11:30,Nanjing City,Shaanxi Union FC,LIQUIDADO,Any Other Away Win,,,Shaanxi Union FC,Over 0.5 Goals,Over 1.5 Goals,Over 2.5 Goals,Over 3.5 Goals,Yes,Over 0.5 Goals,8/8,betfair_oficial
2026-10-07 23:41,2026-10-07 11:30,Soke 1970 Spor Kulubu,Ayvalikgucu Belediyespor,LIQUIDADO,1 - 1,1,1,The Draw,Over 0.5 Goals,Over 1.5 Goals,Under 2.5 Goals,Under 3.5 Goals,Yes,Over 0.5 Goals,8/8,betfair_oficial
2026-10-07 23:41,2026-10-07 11:30,Jiangxi Lushan,Dalian Kewei,LIQUIDADO,0 - 1,0,1,Dalian Kewei,Over 0.5 Goals,Under 1.5 Goals,Under 2.5 Goals,Under 3.5 Goals,No,Under 0.5 Goals,8/8,betfair_oficial
2026-10-07 23:41,2026-10-07 11:30,Kucukcekmece SS,Beykoz Ishaklispor,LIQUIDADO,Any Other Home Win,,,Kucukcekmece SS,Over 0.5 Goals,Over 1.5 Goals,Over 2.5 Goals,Over 3.5 Goals,Yes,Over 0.5 Goals,8/8,betfair_oficial
2026-10-07 23:41,2026-10-07 11:30,Foshan Nanshi FC,Guangxi Hengchen,LIQUIDADO,1 - 0,1,0,Foshan Nanshi FC,Over 0.5 Goals,Under 1.5 Goals,Under 2.5 Goals,Under 3.5 Goals,No,Under 0.5 Goals,8/8,betfair_oficial
2026-10-07 23:41,2026-10-07 12:00,Karabuk Idmanyurdu,Beykoz Anadolu Spor,LIQUIDADO,1 - 0,1,0,Karabuk Idmanyurdu,Over 0.5 Goals,Under 1.5 Goals,Under 2.5 Goals,Under 3.5 Goals,No,Over 0.5 Goals,8/8,betfair_oficial
2026-10-07 23:41,2026-10-07 12:00,Gaziemir GOG Sor Yat AS,Fethiyespor,LIQUIDADO,0 - 2,0,2,Fethiyespor,Over 0.5 Goals,Over 1.5 Goals,Under 2.5 Goals,Under 3.5 Goals,No,Under 0.5 Goals,8/8,betfair_oficial
2026-10-07 23:41,2026-10-07 12:00,FK Shortan Guzor,Jayxun,LIQUIDADO,3 - 1,3,1,FK Shortan Guzor,Over 0.5 Goals,Over 1.5 Goals,Over 2.5 Goals,Over 3.5 Goals,Yes,Over 0.5 Goals,8/8,betfair_oficial
2026-10-07 23:41,2026-10-07 12:30,Luxor,Tahta Sporting Club,LIQUIDADO,1 - 2,1,2,Tahta Sporting Club,Over 0.5 Goals,Over 1.5 Goals,Over 2.5 Goals,Under 3.5 Goals,Yes,Under 0.5 Goals,8/8,betfair_oficial
2026-10-07 23:41,2026-10-07 12:30,Banha,Gezira SC,LIQUIDADO,0 - 0,0,0,The Draw,Under 0.5 Goals,Under 1.5 Goals,Under 2.5 Goals,Under 3.5 Goals,No,Under 0.5 Goals,8/8,betfair_oficial
2026-10-07 23:41,2026-10-07 12:30,Al Qanater,Diamond FC,LIQUIDADO,0 - 0,0,0,The Draw,Under 0.5 Goals,Under 1.5 Goals,Under 2.5 Goals,Under 3.5 Goals,No,Under 0.5 Goals,8/8,betfair_oficial
2026-10-07 23:41,2026-10-07 12:30,Nogoom El Mostakbal,El Alameen,LIQUIDADO,1 - 1,1,1,The Draw,Over 0.5 Goals,Over 1.5 Goals,Under 2.5 Goals,Under 3.5 Goals,Yes,Over 0.5 Goals,8/8,betfair_oficial
2026-10-07 23:41,2026-10-07 12:30,Ittihad El Shorta,Orange Sport FSI,LIQUIDADO,0 - 0,0,0,The Draw,Under 0.5 Goals,Under 1.5 Goals,Under 2.5 Goals,Under 3.5 Goals,No,Under 0.5 Goals,8/8,betfair_oficial
2026-10-07 23:41,2026-10-07 12:30,Cascada SC,Egypt Insurance,LIQUIDADO,Any Other Away Win,,,Egypt Insurance,Over 0.5 Goals,Over 1.5 Goals,Over 2.5 Goals,Over 3.5 Goals,No,Over 0.5 Goals,8/8,betfair_oficial
2026-10-07 23:41,2026-10-07 12:30,Rabat & Lights SC,Dekernes,LIQUIDADO,1 - 0,1,0,Rabat & Lights SC,Over 0.5 Goals,Under 1.5 Goals,Under 2.5 Goals,Under 3.5 Goals,No,Over 0.5 Goals,8/8,betfair_oficial
2026-10-07 23:41,2026-10-07 12:30,Samanod,Sherbin,LIQUIDADO,2 - 1,2,1,Samanod,Over 0.5 Goals,Over 1.5 Goals,Over 2.5 Goals,Under 3.5 Goals,Yes,Over 0.5 Goals,8/8,betfair_oficial
2026-10-07 23:41,2026-10-07 12:30,Raa SC,Alo Egypt Club,LIQUIDADO,1 - 1,1,1,The Draw,Over 0.5 Goals,Over 1.5 Goals,Under 2.5 Goals,Under 3.5 Goals,Yes,Under 0.5 Goals,8/8,betfair_oficial
2026-10-07 23:41,2026-10-07 12:30,Golden Gate SC,Nogoom Masr,LIQUIDADO,0 - 0,0,0,The Draw,Under 0.5 Goals,Under 1.5 Goals,Under 2.5 Goals,Under 3.5 Goals,No,Under 0.5 Goals,8/8,betfair_oficial
2026-10-07 23:41,2026-10-07 12:30,Alexandria Petroleum,Badr SC,LIQUIDADO,0 - 0,0,0,The Draw,Under 0.5 Goals,Under 1.5 Goals,Under 2.5 Goals,Under 3.5 Goals,No,Under 0.5 Goals,8/8,betfair_oficial
2026-10-07 23:41,2026-10-07 13:00,Ntugasaze FC,Mbarara City FC,LIQUIDADO,1 - 0,1,0,Ntugasaze FC,Over 0.5 Goals,Under 1.5 Goals,Under 2.5 Goals,Under 3.5 Goals,No,Over 0.5 Goals,8/8,betfair_oficial
2026-10-07 23:41,2026-10-07 13:00,Maroons FC,Lugazi FC,LIQUIDADO,3 - 0,3,0,Maroons FC,Over 0.5 Goals,Over 1.5 Goals,Over 2.5 Goals,Under 3.5 Goals,No,Under 0.5 Goals,8/8,betfair_oficial
2026-10-07 23:41,2026-10-07 14:00,Amman,Jerash SC,LIQUIDADO,1 - 1,1,1,The Draw,Over 0.5 Goals,Over 1.5 Goals,Under 2.5 Goals,Under 3.5 Goals,Yes,Under 0.5 Goals,8/8,betfair_oficial
2026-10-07 23:41,2026-10-07 14:00,Neftchi Fargona,Xorazm FK Urganch,LIQUIDADO,2 - 2,2,2,The Draw,Over 0.5 Goals,Over 1.5 Goals,Over 2.5 Goals,Over 3.5 Goals,Yes,Over 0.5 Goals,8/8,betfair_oficial
2026-10-07 23:41,2026-10-07 14:00,Asyut Petroleum,Al Ahly Cairo,LIQUIDADO,Any Other Away Win,,,Al Ahly Cairo,Over 0.5 Goals,Over 1.5 Goals,Over 2.5 Goals,Over 3.5 Goals,No,Over 0.5 Goals,8/8,betfair_oficial
2026-10-07 23:41,2026-10-07 11:30,Karacabey Belediyespor AS,Galata SK,LIQUIDADO,1 - 1,1,1,The Draw,Over 0.5 Goals,Over 1.5 Goals,Under 2.5 Goals,Under 3.5 Goals,Yes,Under 0.5 Goals,8/8,betfair_oficial
2026-10-07 23:41,2026-10-07 11:30,Bigaspor,Balikesirspor,LIQUIDADO,0 - 3,0,3,Balikesirspor,Over 0.5 Goals,Over 1.5 Goals,Over 2.5 Goals,Under 3.5 Goals,No,Over 0.5 Goals,8/8,betfair_oficial
2026-10-07 23:41,2026-10-07 15:00,Jordan (W),Armenia (W),LIQUIDADO,1 - 2,1,2,Armenia (W),Over 0.5 Goals,Over 1.5 Goals,Over 2.5 Goals,Under 3.5 Goals,Yes,Over 0.5 Goals,8/8,betfair_oficial
2026-10-07 23:41,2026-10-07 15:00,Shooting Stars,Kano Pillars FC,LIQUIDADO,0 - 0,0,0,The Draw,Under 0.5 Goals,Under 1.5 Goals,Under 2.5 Goals,Under 3.5 Goals,No,Under 0.5 Goals,8/8,betfair_oficial
2026-10-07 23:41,2026-10-07 15:00,Inter Toronto FC,FC Supra du Quebec,LIQUIDADO,1 - 2,1,2,FC Supra du Quebec,Over 0.5 Goals,Over 1.5 Goals,Over 2.5 Goals,Under 3.5 Goals,Yes,Over 0.5 Goals,8/8,betfair_oficial
2026-10-07 23:56,2026-10-07 22:00,Caracas,Yaracuyanos,LIQUIDADO,1 - 0,1,0,Caracas,,Under 1.5 Goals,Under 2.5 Goals,Under 3.5 Goals,No,,6/6,betfair_oficial
2026-10-08 00:01,2026-10-07 22:00,Boca Juniors de Cali,Union Magdalena,LIQUIDADO,1 - 1,1,1,The Draw,,,Under 2.5 Goals,Under 3.5 Goals,,,4/4,betfair_oficial
2026-10-08 00:01,2026-10-07 22:00,Antofagasta,Universidad de Chile,LIQUIDADO,2 - 0,2,0,Antofagasta,,,Under 2.5 Goals,Under 3.5 Goals,No,,5/5,betfair_oficial
2026-10-08 00:06,2026-10-07 22:00,Coquimbo Unido,Cobreloa Calama,LIQUIDADO,2 - 1,2,1,Coquimbo Unido,,,,Under 3.5 Goals,,,3/3,betfair_oficial
2026-10-08 00:16,2026-10-07 22:00,Dynamo Puerto,Bolivar SC,LIQUIDADO,0 - 2,0,2,Bolivar SC,,Over 1.5 Goals,Under 2.5 Goals,Under 3.5 Goals,No,,6/6,betfair_oficial
2026-10-08 00:21,2026-10-07 22:30,Barquisimeto SC,Aragua FC,LIQUIDADO,Any Other Away Win,,,Aragua FC,,,,Over 3.5 Goals,,,3/3,betfair_oficial
2026-10-08 00:31,2026-10-07 22:30,Internacional,Corinthians,LIQUIDADO,2 - 1,2,1,Internacional,,Over 1.5 Goals,Over 2.5 Goals,Under 3.5 Goals,Yes,,6/6,betfair_oficial
2026-10-08 00:37,2026-10-07 22:30,Operario PR,Botafogo SP,LIQUIDADO,1 - 2,1,2,Botafogo SP,,,Over 2.5 Goals,Under 3.5 Goals,,,4/4,betfair_oficial
2026-10-08 00:37,2026-10-07 22:30,Remo,Gremio,LIQUIDADO,1 - 1,1,1,The Draw,,Over 1.5 Goals,Under 2.5 Goals,Under 3.5 Goals,Yes,,6/6,betfair_oficial
2026-10-08 00:37,2026-10-07 22:30,Red Bull Bragantino,Mirassol,LIQUIDADO,1 - 1,1,1,The Draw,Over 0.5 Goals,Over 1.5 Goals,Under 2.5 Goals,Under 3.5 Goals,Yes,,7/7,betfair_oficial
2026-10-08 00:37,2026-10-07 22:30,Avai,Londrina,LIQUIDADO,2 - 1,2,1,Avai,,,Over 2.5 Goals,Under 3.5 Goals,Yes,,5/5,betfair_oficial
2026-10-08 01:02,2026-10-07 23:00,EC Vitoria Salvador,Chapecoense,LIQUIDADO,Any Other Home Win,,,EC Vitoria Salvador,,Over 1.5 Goals,Over 2.5 Goals,Over 3.5 Goals,No,,6/6,betfair_oficial
2026-10-08 01:02,2026-10-07 23:00,Plaza Colonia,Juventud De Las Piedras,LIQUIDADO,0 - 1,0,1,Juventud De Las Piedras,Over 0.5 Goals,Under 1.5 Goals,Under 2.5 Goals,Under 3.5 Goals,No,Under 0.5 Goals,8/8,betfair_oficial
2026-10-08 01:12,2026-10-07 23:00,Club Atletico Libertad,CA Bella Vista,LIQUIDADO,3 - 1,3,1,Club Atletico Libertad,,,Over 2.5 Goals,Over 3.5 Goals,,,4/4,betfair_oficial
2026-10-08 01:12,2026-10-07 23:00,Forge,Pacific,LIQUIDADO,3 - 0,3,0,Forge,Over 0.5 Goals,Over 1.5 Goals,Over 2.5 Goals,Under 3.5 Goals,No,Over 0.5 Goals,8/8,betfair_oficial
2026-10-08 01:32,2026-10-07 23:30,America MG,Fortaleza EC,LIQUIDADO,0 - 1,0,1,Fortaleza EC,,Under 1.5 Goals,Under 2.5 Goals,Under 3.5 Goals,No,,6/6,betfair_oficial
2026-10-08 01:32,2026-10-07 23:30,Vila Nova,Cuiaba,LIQUIDADO,0 - 0,0,0,The Draw,Under 0.5 Goals,Under 1.5 Goals,Under 2.5 Goals,Under 3.5 Goals,No,Under 0.5 Goals,8/8,betfair_oficial
2026-10-08 01:37,2026-10-07 23:30,Botafogo FR,Vasco Da Gama,LIQUIDADO,1 - 2,1,2,Vasco Da Gama,Over 0.5 Goals,Over 1.5 Goals,Over 2.5 Goals,Under 3.5 Goals,Yes,Over 0.5 Goals,8/8,betfair_oficial
2026-10-08 01:37,2026-10-07 23:30,CRB,Atletico GO,LIQUIDADO,3 - 1,3,1,CRB,Over 0.5 Goals,Over 1.5 Goals,Over 2.5 Goals,Over 3.5 Goals,Yes,Under 0.5 Goals,8/8,betfair_oficial
2026-10-08 04:21,2026-10-08 00:00,UNAN Managua,Real Esteli FC,LIQUIDADO,1 - 0,1,0,UNAN Managua,Over 0.5 Goals,Under 1.5 Goals,Under 2.5 Goals,Under 3.5 Goals,No,Over 0.5 Goals,8/8,betfair_oficial
2026-10-08 04:21,2026-10-08 00:30,Oriente Petrolero,Universitario de Vinto,LIQUIDADO,2 - 0,2,0,Oriente Petrolero,Over 0.5 Goals,Over 1.5 Goals,Under 2.5 Goals,Under 3.5 Goals,No,Over 0.5 Goals,8/8,betfair_oficial
2026-10-08 04:21,2026-10-08 00:30,Cruzeiro MG,Sao Paulo,LIQUIDADO,2 - 0,2,0,Cruzeiro MG,Over 0.5 Goals,Over 1.5 Goals,Under 2.5 Goals,Under 3.5 Goals,No,Over 0.5 Goals,8/8,betfair_oficial
2026-10-08 04:21,2026-10-08 00:30,Guabira,The Strongest,LIQUIDADO,2 - 1,2,1,Guabira,Over 0.5 Goals,Over 1.5 Goals,Over 2.5 Goals,Under 3.5 Goals,Yes,Over 0.5 Goals,8/8,betfair_oficial
2026-10-08 04:21,2026-10-08 01:00,Chiquimulilla FC,Champs Academy,LIQUIDADO,2 - 0,2,0,Chiquimulilla FC,Over 0.5 Goals,Over 1.5 Goals,Under 2.5 Goals,Under 3.5 Goals,No,Over 0.5 Goals,8/8,betfair_oficial
2026-10-08 04:21,2026-10-08 01:30,Lautoka FC,Navua FC,LIQUIDADO,0 - 0,0,0,The Draw,Under 0.5 Goals,Under 1.5 Goals,Under 2.5 Goals,Under 3.5 Goals,No,Under 0.5 Goals,8/8,betfair_oficial
2026-10-08 07:31,2026-10-08 05:30,Roots FC,Kodagu FC,LIQUIDADO,0 - 2,0,2,Kodagu FC,Over 0.5 Goals,Over 1.5 Goals,Under 2.5 Goals,Under 3.5 Goals,No,Under 0.5 Goals,8/8,betfair_oficial
2026-10-08 09:41,2026-10-08 07:30,Rewa FC,Suva FC,LIQUIDADO,1 - 1,1,1,The Draw,Over 0.5 Goals,Over 1.5 Goals,Under 2.5 Goals,Under 3.5 Goals,Yes,Over 0.5 Goals,8/8,betfair_oficial
2026-10-08 10:01,2026-10-08 08:00,Technico FF,South United,LIQUIDADO,Any Other Away Win,,,South United,Over 0.5 Goals,Over 1.5 Goals,Over 2.5 Goals,Over 3.5 Goals,No,Over 0.5 Goals,8/8,betfair_oficial
2026-10-08 11:21,2026-10-08 09:30,Sawmer SC,Mylliem SC,LIQUIDADO,2 - 1,2,1,Sawmer SC,Over 0.5 Goals,Over 1.5 Goals,Over 2.5 Goals,Under 3.5 Goals,Yes,Over 0.5 Goals,8/8,betfair_oficial
2026-10-08 12:31,2026-10-08 10:30,Kickstart FC,United Stars,LIQUIDADO,1 - 1,1,1,The Draw,Over 0.5 Goals,Over 1.5 Goals,Under 2.5 Goals,Under 3.5 Goals,Yes,Under 0.5 Goals,8/8,betfair_oficial
2026-10-08 12:36,2026-10-08 10:30,Respublika FA,Yaypan FK,LIQUIDADO,2 - 1,2,1,Respublika FA,Over 0.5 Goals,Over 1.5 Goals,Over 2.5 Goals,Under 3.5 Goals,Yes,Over 0.5 Goals,8/8,betfair_oficial
2026-10-08 12:56,2026-10-08 11:00,FC WIT Georgia Tbilisi,FC Gonio,LIQUIDADO,2 - 0,2,0,FC WIT Georgia Tbilisi,Over 0.5 Goals,Over 1.5 Goals,Under 2.5 Goals,Under 3.5 Goals,No,Under 0.5 Goals,8/8,betfair_oficial
2026-10-08 13:16,2026-10-08 11:00,Kattaqorgon,Metallurg Bekabad,LIQUIDADO,,,,,,,,,,,8/8,betfair_oficial
2026-10-08 13:16,2026-10-08 11:00,Mashujaa FC,Polisi Tanzani,LIQUIDADO,2 - 1,2,1,Mashujaa FC,Over 0.5 Goals,Over 1.5 Goals,Over 2.5 Goals,Under 3.5 Goals,Yes,Over 0.5 Goals,8/8,betfair_oficial
2026-10-08 13:31,2026-10-08 11:30,Sabail,Karvan Evlakh,LIQUIDADO,1 - 1,1,1,The Draw,Over 0.5 Goals,Over 1.5 Goals,Under 2.5 Goals,Under 3.5 Goals,Yes,Over 0.5 Goals,8/8,betfair_oficial
2026-10-08 14:01,2026-10-08 12:00,Thimphu City,Paro FC,LIQUIDADO,0 - 2,0,2,Paro FC,Over 0.5 Goals,Over 1.5 Goals,Under 2.5 Goals,Under 3.5 Goals,No,Over 0.5 Goals,8/8,betfair_oficial
2026-10-08 14:01,2026-10-08 12:00,Shabab Sahel,Tadamon Sour,LIQUIDADO,0 - 1,0,1,Tadamon Sour,Over 0.5 Goals,Under 1.5 Goals,Under 2.5 Goals,Under 3.5 Goals,No,Under 0.5 Goals,8/8,betfair_oficial
2026-10-08 14:06,2026-10-08 12:00,FK Otrant,FK Mladost Donja Gorica,LIQUIDADO,2 - 2,2,2,The Draw,Over 0.5 Goals,Over 1.5 Goals,Over 2.5 Goals,Over 3.5 Goals,Yes,Over 0.5 Goals,8/8,betfair_oficial
2026-10-08 14:21,2026-10-08 12:15,Viettel FC,Hong Linh Ha Tinh,LIQUIDADO,1 - 3,1,3,Hong Linh Ha Tinh,Over 0.5 Goals,Over 1.5 Goals,Over 2.5 Goals,Over 3.5 Goals,Yes,Over 0.5 Goals,8/8,betfair_oficial
2026-10-08 14:36,2026-10-08 12:00,Al Ahli Akhaa Aley,Nejmeh,LIQUIDADO,0 - 2,0,2,Nejmeh,Over 0.5 Goals,Over 1.5 Goals,Under 2.5 Goals,Under 3.5 Goals,No,Over 0.5 Goals,8/8,betfair_oficial
2026-10-08 14:36,2026-10-08 12:30,Tersana SC,Kahraba Ismailia,LIQUIDADO,2 - 2,2,2,The Draw,Over 0.5 Goals,Over 1.5 Goals,Over 2.5 Goals,Over 3.5 Goals,Yes,Over 0.5 Goals,8/8,betfair_oficial
2026-10-08 14:36,2026-10-08 12:30,Haras El Hodood,El Seka Elhadeed,LIQUIDADO,1 - 1,1,1,The Draw,Over 0.5 Goals,Over 1.5 Goals,Under 2.5 Goals,Under 3.5 Goals,Yes,Over 0.5 Goals,8/8,betfair_oficial
2026-10-08 14:41,2026-10-08 12:30,Delta United,Dayrout,LIQUIDADO,0 - 1,0,1,Dayrout,Over 0.5 Goals,Under 1.5 Goals,Under 2.5 Goals,Under 3.5 Goals,No,Under 0.5 Goals,8/8,betfair_oficial
2026-10-08 14:41,2026-10-08 12:30,Al Nasr Cairo,Proxy Work Club,LIQUIDADO,1 - 1,1,1,The Draw,Over 0.5 Goals,Over 1.5 Goals,Under 2.5 Goals,Under 3.5 Goals,Yes,Over 0.5 Goals,8/8,betfair_oficial
2026-10-08 14:46,2026-10-08 12:45,Mohun Bagan Super Giants,Quess East Bengal,LIQUIDADO,1 - 0,1,0,Mohun Bagan Super Giants,Over 0.5 Goals,Under 1.5 Goals,Under 2.5 Goals,Under 3.5 Goals,No,Over 0.5 Goals,8/8,betfair_oficial
2026-10-08 14:46,2026-10-08 13:00,UPDF FC,Bul FC,LIQUIDADO,,,,,,,,,,,8/8,betfair_oficial
2026-10-08 14:56,2026-10-08 13:00,Gazalkent,Pakhtakor Tashkent II,LIQUIDADO,3 - 2,3,2,Gazalkent,Over 0.5 Goals,Over 1.5 Goals,Over 2.5 Goals,Over 3.5 Goals,Yes,Over 0.5 Goals,8/8,betfair_oficial
2026-10-08 14:56,2026-10-08 13:00,Bukedea TC,Vipers SC,LIQUIDADO,Any Other Away Win,,,Vipers SC,Over 0.5 Goals,Over 1.5 Goals,Over 2.5 Goals,Over 3.5 Goals,No,Over 0.5 Goals,8/8,betfair_oficial
2026-10-08 15:01,2026-10-08 12:30,FC Masar,El Daklyeh,LIQUIDADO,3 - 1,3,1,FC Masar,Over 0.5 Goals,Over 1.5 Goals,Over 2.5 Goals,Over 3.5 Goals,Yes,Over 0.5 Goals,8/8,betfair_oficial
2026-10-08 15:01,2026-10-08 13:00,Al Sarhan,Etihad Al Ramtha,LIQUIDADO,1 - 1,1,1,The Draw,Over 0.5 Goals,Over 1.5 Goals,Under 2.5 Goals,Under 3.5 Goals,Yes,Under 0.5 Goals,8/8,betfair_oficial
2026-10-08 15:01,2026-10-08 13:00,Al-Ansar,Al Hikma,LIQUIDADO,2 - 1,2,1,Al-Ansar,Over 0.5 Goals,Over 1.5 Goals,Over 2.5 Goals,Under 3.5 Goals,Yes,Under 0.5 Goals,8/8,betfair_oficial
2026-10-08 15:01,2026-10-08 13:00,Uganda (W),Zambia (W),LIQUIDADO,2 - 1,2,1,Uganda (W),Over 0.5 Goals,Over 1.5 Goals,Over 2.5 Goals,Under 3.5 Goals,Yes,Over 0.5 Goals,8/8,betfair_oficial
2026-10-08 15:01,2026-10-08 13:00,Hayy Al-Amir Hassan,Al Tora,LIQUIDADO,3 - 0,3,0,Hayy Al-Amir Hassan,Over 0.5 Goals,Over 1.5 Goals,Over 2.5 Goals,Under 3.5 Goals,No,Under 0.5 Goals,8/8,betfair_oficial
2026-10-08 15:01,2026-10-08 13:00,Ferroviario Maputo,Vilankulo FC,LIQUIDADO,1 - 0,1,0,Ferroviario Maputo,Over 0.5 Goals,Under 1.5 Goals,Under 2.5 Goals,Under 3.5 Goals,No,Over 0.5 Goals,8/8,betfair_oficial
2026-10-08 15:06,2026-10-08 13:00,FK Alga Bishkek,FC Asiagol,LIQUIDADO,3 - 2,3,2,FK Alga Bishkek,Over 0.5 Goals,Over 1.5 Goals,Over 2.5 Goals,Over 3.5 Goals,Yes,Over 0.5 Goals,8/8,betfair_oficial
2026-10-08 15:16,2026-10-08 12:00,FK Arsenal Tivat,FK Decic,LIQUIDADO,,,,,,,,,,,8/8,betfair_oficial
2026-10-08 15:16,2026-10-08 13:10,Al Ain,Al-Ittihad Kalba,LIQUIDADO,2 - 2,2,2,The Draw,Over 0.5 Goals,Over 1.5 Goals,Over 2.5 Goals,Over 3.5 Goals,Yes,Over 0.5 Goals,8/8,betfair_oficial
2026-10-08 15:16,2026-10-08 13:10,Al Ahli (UAE),United FC,LIQUIDADO,2 - 1,2,1,Al Ahli (UAE),Over 0.5 Goals,Over 1.5 Goals,Over 2.5 Goals,Under 3.5 Goals,Yes,Over 0.5 Goals,8/8,betfair_oficial
2026-10-08 15:16,2026-10-08 13:15,Pamba FC,Geita Gold FC,LIQUIDADO,Any Other Home Win,,,Pamba FC,Over 0.5 Goals,Over 1.5 Goals,Over 2.5 Goals,Over 3.5 Goals,No,Over 0.5 Goals,8/8,betfair_oficial
2026-10-08 15:21,2026-10-08 13:10,Nizwa,Al Wehda,LIQUIDADO,1 - 2,1,2,Al Wehda,Over 0.5 Goals,Over 1.5 Goals,Over 2.5 Goals,Under 3.5 Goals,Yes,Over 0.5 Goals,8/8,betfair_oficial
2026-10-08 16:01,2026-10-08 14:00,Yarmouk,Ma'an,LIQUIDADO,Any Other Home Win,,,Yarmouk,Over 0.5 Goals,Over 1.5 Goals,Over 2.5 Goals,Over 3.5 Goals,Yes,Over 0.5 Goals,8/8,betfair_oficial
2026-10-08 16:01,2026-10-08 14:00,RC Kouba,USM El Harrach,LIQUIDADO,Any Other Home Win,,,RC Kouba,Over 0.5 Goals,Over 1.5 Goals,Over 2.5 Goals,Over 3.5 Goals,No,Under 0.5 Goals,8/8,betfair_oficial
2026-10-08 16:06,2026-10-08 14:00,Al Mokawloon,El Gounah,LIQUIDADO,2 - 0,2,0,Al Mokawloon,Over 0.5 Goals,Over 1.5 Goals,Under 2.5 Goals,Under 3.5 Goals,No,Under 0.5 Goals,8/8,betfair_oficial
2026-10-08 16:11,2026-10-08 14:00,Al Ittihad (EGY),Wadi Degla,LIQUIDADO,0 - 1,0,1,Wadi degla,Over 0.5 Goals,Under 1.5 Goals,Under 2.5 Goals,Under 3.5 Goals,No,Under 0.5 Goals,8/8,betfair_oficial
2026-10-08 16:31,2026-10-08 13:00,FC Aral Nukus,TerDU,LIQUIDADO,,,,,,,,,,,8/8,betfair_oficial
2026-10-08 16:46,2026-10-08 14:45,Al Shamal,Al-Duhail SC,LIQUIDADO,Any Other Away Win,,,Al-Duhail SC,Over 0.5 Goals,Over 1.5 Goals,Over 2.5 Goals,Over 3.5 Goals,No,Over 0.5 Goals,8/8,betfair_oficial
2026-10-08 16:51,2026-10-08 14:50,Sporty FC,Khaitan,LIQUIDADO,Any Other Away Win,,,Khaitan,Over 0.5 Goals,Over 1.5 Goals,Over 2.5 Goals,Over 3.5 Goals,Yes,Over 0.5 Goals,8/8,betfair_oficial
2026-10-08 16:51,2026-10-08 14:50,Burgan SC,Al-Jazira (Kuwait),LIQUIDADO,0 - 1,0,1,Al-Jazira (Kuwait),Over 0.5 Goals,Under 1.5 Goals,Under 2.5 Goals,Under 3.5 Goals,No,Over 0.5 Goals,8/8,betfair_oficial
2026-10-08 16:56,2026-10-08 15:00,Politehnica Timisoara,CSA Steaua Bucuresti,LIQUIDADO,1 - 1,1,1,The Draw,Over 0.5 Goals,Over 1.5 Goals,Under 2.5 Goals,Under 3.5 Goals,Yes,Under 0.5 Goals,8/8,betfair_oficial
2026-10-08 16:56,2026-10-08 15:00,HJK Helsinki,VPS,LIQUIDADO,Any Other Home Win,,,HJK Helsinki,Over 0.5 Goals,Over 1.5 Goals,Over 2.5 Goals,Over 3.5 Goals,No,Over 0.5 Goals,8/8,betfair_oficial
2026-10-08 17:01,2026-10-08 15:00,Ironi Ramat Hasharon,Hapoel Azor,LIQUIDADO,1 - 1,1,1,The Draw,Over 0.5 Goals,Over 1.5 Goals,Under 2.5 Goals,Under 3.5 Goals,Yes,Over 0.5 Goals,8/8,betfair_oficial
2026-10-08 17:01,2026-10-08 15:00,Shabab Al Ordon,Al Buqaa,LIQUIDADO,0 - 3,0,3,Al Buqaa,Over 0.5 Goals,Over 1.5 Goals,Over 2.5 Goals,Under 3.5 Goals,No,Over 0.5 Goals,8/8,betfair_oficial
2026-10-08 17:01,2026-10-08 15:00,Hapoel Ironi Karmiel,Hapoel Tirat HaCarmel,LIQUIDADO,1 - 0,1,0,Hapoel Ironi Karmiel,Over 0.5 Goals,Under 1.5 Goals,Under 2.5 Goals,Under 3.5 Goals,No,Under 0.5 Goals,8/8,betfair_oficial
2026-10-08 17:31,2026-10-08 15:30,Namungo FC,Tabora United FC,LIQUIDADO,1 - 0,1,0,Namungo FC,Over 0.5 Goals,Under 1.5 Goals,Under 2.5 Goals,Under 3.5 Goals,No,Over 0.5 Goals,8/8,betfair_oficial
2026-10-08 17:41,2026-10-08 15:40,Al Sadd U20,Al-Arabi U20,LIQUIDADO,0 - 1,0,1,Al-Arabi U20,Over 0.5 Goals,Under 1.5 Goals,Under 2.5 Goals,Under 3.5 Goals,No,Under 0.5 Goals,8/8,betfair_oficial
2026-10-08 17:46,2026-10-08 15:45,Al Nasr (UAE),Hatta,LIQUIDADO,Any Other Home Win,,,Al Nasr (UAE),Over 0.5 Goals,Over 1.5 Goals,Over 2.5 Goals,Over 3.5 Goals,Yes,Over 0.5 Goals,8/8,betfair_oficial
2026-10-08 17:51,2026-10-08 15:45,Al-Khaleej Khor Fakkan,Al Wasl,LIQUIDADO,1 - 2,1,2,Al Wasl,Over 0.5 Goals,Over 1.5 Goals,Over 2.5 Goals,Under 3.5 Goals,Yes,Under 0.5 Goals,8/8,betfair_oficial
2026-10-08 17:56,2026-10-08 16:00,FK Mornar,Fk Jezero,LIQUIDADO,3 - 3,3,3,The Draw,Over 0.5 Goals,Over 1.5 Goals,Over 2.5 Goals,Over 3.5 Goals,Yes,Over 0.5 Goals,8/8,betfair_oficial
2026-10-08 17:56,2026-10-08 16:00,KuPS,AC Oulu,LIQUIDADO,0 - 1,0,1,AC Oulu,Over 0.5 Goals,Under 1.5 Goals,Under 2.5 Goals,Under 3.5 Goals,No,Over 0.5 Goals,8/8,betfair_oficial
2026-10-08 18:01,2026-10-08 16:00,NEC FC,Express,LIQUIDADO,0 - 0,0,0,The Draw,Under 0.5 Goals,Under 1.5 Goals,Under 2.5 Goals,Under 3.5 Goals,No,Under 0.5 Goals,8/8,betfair_oficial
2026-10-08 18:01,2026-10-08 16:00,Um Al Hassam,Isa Town FC,LIQUIDADO,2 - 2,2,2,The Draw,Over 0.5 Goals,Over 1.5 Goals,Over 2.5 Goals,Over 3.5 Goals,Yes,Over 0.5 Goals,8/8,betfair_oficial
2026-10-08 18:06,2026-10-08 16:00,Hapoel Marmorek,Ironi Ashdod Sportclub,LIQUIDADO,1 - 1,1,1,The Draw,Over 0.5 Goals,Over 1.5 Goals,Under 2.5 Goals,Under 3.5 Goals,Yes,Over 0.5 Goals,8/8,betfair_oficial
2026-10-08 18:06,2026-10-08 16:00,Benin (W),Mali (W),LIQUIDADO,3 - 1,3,1,Benin (W),Over 0.5 Goals,Over 1.5 Goals,Over 2.5 Goals,Over 3.5 Goals,Yes,Over 0.5 Goals,8/8,betfair_oficial
2026-10-08 18:11,2026-10-08 02:00,CSD Sacachispas,Fraijanes FC,LIQUIDADO,3 - 1,3,1,CSD Sacachispas,Over 0.5 Goals,Over 1.5 Goals,Over 2.5 Goals,Over 3.5 Goals,Yes,Over 0.5 Goals,8/8,betfair_oficial
2026-10-08 18:11,2026-10-08 16:00,Union de Touarga,RSB Berkane,LIQUIDADO,0 - 0,0,0,The Draw,Under 0.5 Goals,Under 1.5 Goals,Under 2.5 Goals,Under 3.5 Goals,No,Under 0.5 Goals,8/8,betfair_oficial
2026-10-08 18:11,2026-10-08 16:00,Al Hala,Buri FC,LIQUIDADO,1 - 0,1,0,Al Hala,Over 0.5 Goals,Under 1.5 Goals,Under 2.5 Goals,Under 3.5 Goals,No,Under 0.5 Goals,8/8,betfair_oficial
2026-10-08 18:26,2026-10-08 16:30,Alingsas FC United (W),IF Elfsborg (W),LIQUIDADO,0 - 3,0,3,IF Elfsborg (W),Over 0.5 Goals,Over 1.5 Goals,Over 2.5 Goals,Under 3.5 Goals,No,Over 0.5 Goals,8/8,betfair_oficial
2026-10-08 18:36,2026-10-08 16:40,FC Holon Yermiyahu,AS Nordia Jerusalem,LIQUIDADO,Any Other Home Win,,,FC Holon Yermiyahu,Over 0.5 Goals,Over 1.5 Goals,Over 2.5 Goals,Over 3.5 Goals,No,Over 0.5 Goals,8/8,betfair_oficial
2026-10-08 18:46,2026-10-08 16:45,FC Hapoel Ashkelon,Ihud Tzeirey Abu Gosh,LIQUIDADO,Any Other Home Win,,,FC Hapoel Ashkelon,Over 0.5 Goals,Over 1.5 Goals,Over 2.5 Goals,Over 3.5 Goals,No,Over 0.5 Goals,8/8,betfair_oficial
2026-10-08 18:56,2026-10-08 17:00,MB Rouissat,USM Alger,LIQUIDADO,1 - 0,1,0,MB Rouissat,Over 0.5 Goals,Under 1.5 Goals,Under 2.5 Goals,Under 3.5 Goals,No,Under 0.5 Goals,8/8,betfair_oficial
2026-10-08 18:56,2026-10-08 17:00,Orduspor 1967 Futbol Is,Karadeniz Eregli Beledi,LIQUIDADO,Any Other Home Win,,,Orduspor 1967 Futbol Is,Over 0.5 Goals,Over 1.5 Goals,Over 2.5 Goals,Over 3.5 Goals,Yes,Under 0.5 Goals,8/8,betfair_oficial
2026-10-08 19:01,2026-10-08 17:00,Modern Sport FC,National Bank,LIQUIDADO,2 - 0,2,0,Modern Sport FC,Over 0.5 Goals,Over 1.5 Goals,Under 2.5 Goals,Under 3.5 Goals,No,Over 0.5 Goals,8/8,betfair_oficial
2026-10-08 19:01,2026-10-08 17:00,Maccabi Bnei Abu Snan,Hapoel Dir Hana,LIQUIDADO,3 - 0,3,0,Maccabi Bnei Abu Snan,Over 0.5 Goals,Over 1.5 Goals,Over 2.5 Goals,Under 3.5 Goals,No,Over 0.5 Goals,8/8,betfair_oficial
2026-10-08 19:01,2026-10-08 17:00,JS Saoura,Olympique Akbou,LIQUIDADO,0 - 0,0,0,The Draw,Under 0.5 Goals,Under 1.5 Goals,Under 2.5 Goals,Under 3.5 Goals,No,Under 0.5 Goals,8/8,betfair_oficial
2026-10-08 19:01,2026-10-08 17:00,Al-Akhdoud,Al-Ula FC,LIQUIDADO,Any Other Away Win,,,Al-Ula FC,Over 0.5 Goals,Over 1.5 Goals,Over 2.5 Goals,Over 3.5 Goals,Yes,Under 0.5 Goals,8/8,betfair_oficial
2026-10-08 19:01,2026-10-08 17:00,MS Tira,Ironi Nesher,LIQUIDADO,2 - 1,2,1,MS Tira,Over 0.5 Goals,Over 1.5 Goals,Over 2.5 Goals,Under 3.5 Goals,Yes,Over 0.5 Goals,8/8,betfair_oficial
2026-10-08 19:01,2026-10-08 17:00,Ghazl El Mahallah,Abo Qair Semads,LIQUIDADO,1 - 1,1,1,The Draw,Over 0.5 Goals,Over 1.5 Goals,Under 2.5 Goals,Under 3.5 Goals,Yes,Under 0.5 Goals,8/8,betfair_oficial
2026-10-08 19:01,2026-10-08 17:00,Independiente Juniors,Club Nueve de Octubre,LIQUIDADO,1 - 0,1,0,Independiente Juniors,Over 0.5 Goals,Under 1.5 Goals,Under 2.5 Goals,Under 3.5 Goals,No,Under 0.5 Goals,8/8,betfair_oficial
2026-10-08 19:11,2026-10-08 17:00,Al-Wakra,Al Gharafa,LIQUIDADO,3 - 2,3,2,Al-Wakra,Over 0.5 Goals,Over 1.5 Goals,Over 2.5 Goals,Over 3.5 Goals,Yes,Over 0.5 Goals,8/8,betfair_oficial
2026-10-08 19:16,2026-10-08 17:15,Hapoel Herzliya,Hapoel Mahane Yehuda,LIQUIDADO,0 - 0,0,0,The Draw,Under 0.5 Goals,Under 1.5 Goals,Under 2.5 Goals,Under 3.5 Goals,No,Under 0.5 Goals,8/8,betfair_oficial
2026-10-08 19:26,2026-10-08 17:30,Ironi Baka El Garbiya,Hapoel Nof HaGalil,LIQUIDADO,1 - 2,1,2,Hapoel Nof Hagalil,Over 0.5 Goals,Over 1.5 Goals,Over 2.5 Goals,Under 3.5 Goals,Yes,Over 0.5 Goals,8/8,betfair_oficial
2026-10-08 19:26,2026-10-08 17:30,MS Bnei Jaffa Ortodoxim,MS Hapoel Lod,LIQUIDADO,1 - 1,1,1,The Draw,Over 0.5 Goals,Over 1.5 Goals,Under 2.5 Goals,Under 3.5 Goals,Yes,Under 0.5 Goals,8/8,betfair_oficial
2026-10-08 19:36,2026-10-08 17:30,CFR Cluj,Universitatea Cluj,LIQUIDADO,1 - 3,1,3,Universitatea Cluj,Over 0.5 Goals,Over 1.5 Goals,Over 2.5 Goals,Over 3.5 Goals,Yes,Over 0.5 Goals,8/8,betfair_oficial
2026-10-08 20:01,2026-10-08 18:00,Cesar Vallejo Moquegua,Cienciano,LIQUIDADO,0 - 2,0,2,Cienciano,Over 0.5 Goals,Over 1.5 Goals,Under 2.5 Goals,Under 3.5 Goals,No,Over 0.5 Goals,8/8,betfair_oficial
2026-10-08 20:01,2026-10-08 18:00,FAR Rabat,Widad Temara,LIQUIDADO,1 - 0,1,0,FAR Rabat,Over 0.5 Goals,Under 1.5 Goals,Under 2.5 Goals,Under 3.5 Goals,No,Under 0.5 Goals,8/8,betfair_oficial
2026-10-08 20:01,2026-10-08 18:00,Burkina Faso Women,Equatorial Guinea (W),LIQUIDADO,3 - 1,3,1,Burkina Faso Women,Over 0.5 Goals,Over 1.5 Goals,Over 2.5 Goals,Over 3.5 Goals,Yes,Over 0.5 Goals,8/8,betfair_oficial
2026-10-08 20:06,2026-10-08 18:00,Club R Zemamra,HUSA Agadir,LIQUIDADO,Any Other Away Win,,,HUSA Agadir,Over 0.5 Goals,Over 1.5 Goals,Over 2.5 Goals,Over 3.5 Goals,Yes,Over 0.5 Goals,8/8,betfair_oficial
2026-10-08 20:06,2026-10-08 18:00,Tunisia (W),Senegal (W),LIQUIDADO,0 - 1,0,1,Senegal (W),Over 0.5 Goals,Under 1.5 Goals,Under 2.5 Goals,Under 3.5 Goals,No,Under 0.5 Goals,8/8,betfair_oficial
2026-10-08 20:46,2026-10-08 18:45,Safa Sc,Al Riyadi Al Abassiya,LIQUIDADO,2 - 1,2,1,Safa SC,Over 0.5 Goals,Over 1.5 Goals,Over 2.5 Goals,Under 3.5 Goals,Yes,Over 0.5 Goals,8/8,betfair_oficial
2026-10-08 20:56,2026-10-08 19:00,MC Oran,ES Setif,LIQUIDADO,0 - 0,0,0,The Draw,Under 0.5 Goals,Under 1.5 Goals,Under 2.5 Goals,Under 3.5 Goals,No,Under 0.5 Goals,8/8,betfair_oficial
2026-10-08 20:56,2026-10-08 19:00,Shamrock Rovers,Drogheda,LIQUIDADO,3 - 1,3,1,Shamrock Rovers,Over 0.5 Goals,Over 1.5 Goals,Over 2.5 Goals,Over 3.5 Goals,Yes,Over 0.5 Goals,8/8,betfair_oficial
2026-10-08 21:11,2026-10-08 17:00,FC Shikhun HaMizrah,Hapoel Yeruham,LIQUIDADO,0 - 0,0,0,The Draw,Under 0.5 Goals,Under 1.5 Goals,Under 2.5 Goals,Under 3.5 Goals,No,Under 0.5 Goals,8/8,betfair_oficial
2026-10-08 21:16,2026-10-08 16:00,FK Bokelj,OFK Petrovac,LIQUIDADO,,,,,,,,,,,8/8,betfair_oficial
2026-10-08 21:16,2026-10-08 19:15,Atletico Rojiblanco,San Antonio FC,LIQUIDADO,2 - 1,2,1,Atletico Rojiblanco,Over 0.5 Goals,Over 1.5 Goals,Over 2.5 Goals,Under 3.5 Goals,Yes,Over 0.5 Goals,8/8,betfair_oficial
2026-10-08 21:21,2026-10-08 15:40,Al Ahli U20,Qatar SC Doha U20,LIQUIDADO,,,,,,,,,,,8/8,betfair_oficial
2026-10-08 22:01,2026-10-08 20:00,MAS Maghrib A Fes,Raja Casablanca,LIQUIDADO,0 - 0,0,0,The Draw,Under 0.5 Goals,Under 1.5 Goals,Under 2.5 Goals,Under 3.5 Goals,No,Under 0.5 Goals,8/8,betfair_oficial
2026-10-08 22:06,2026-10-08 20:00,CD Bentín Tacna Heroica,Carlos Mannucci,LIQUIDADO,0 - 0,0,0,The Draw,Under 0.5 Goals,Under 1.5 Goals,Under 2.5 Goals,Under 3.5 Goals,No,Under 0.5 Goals,8/8,betfair_oficial
2026-10-08 22:26,2026-10-08 20:30,Atletico FC Cali,Real Cartagena,LIQUIDADO,2 - 2,2,2,The Draw,Over 0.5 Goals,Over 1.5 Goals,Over 2.5 Goals,Over 3.5 Goals,Yes,Over 0.5 Goals,8/8,betfair_oficial
2026-10-08 22:31,2026-10-08 20:30,Portmore Utd,Waterhouse FC,LIQUIDADO,1 - 1,1,1,The Draw,Over 0.5 Goals,Over 1.5 Goals,Under 2.5 Goals,Under 3.5 Goals,Yes,Over 0.5 Goals,8/8,betfair_oficial
2026-10-08 22:31,2026-10-08 20:30,Deportivo Santo Domingo,LDU de Portoviejo,LIQUIDADO,2 - 2,2,2,The Draw,Over 0.5 Goals,Over 1.5 Goals,Over 2.5 Goals,Over 3.5 Goals,Yes,Under 0.5 Goals,8/8,betfair_oficial
2026-10-08 22:31,2026-10-08 20:30,Independiente Yumbo,Tigres FC Zipaquira,LIQUIDADO,1 - 1,1,1,The Draw,Over 0.5 Goals,Over 1.5 Goals,Under 2.5 Goals,Under 3.5 Goals,Yes,Under 0.5 Goals,8/8,betfair_oficial
2026-10-08 22:36,2026-10-08 20:30,Atletico Grau,CD Los Chankas,LIQUIDADO,0 - 0,0,0,The Draw,Under 0.5 Goals,Under 1.5 Goals,Under 2.5 Goals,Under 3.5 Goals,No,Under 0.5 Goals,8/8,betfair_oficial
2026-10-09 00:36,2026-10-08 22:30,Ceara SC Fortaleza,Criciuma,LIQUIDADO,1 - 0,1,0,Ceara SC Fortaleza,Over 0.5 Goals,Under 1.5 Goals,Under 2.5 Goals,Under 3.5 Goals,No,Under 0.5 Goals,8/8,betfair_oficial
2026-10-09 00:41,2026-10-08 22:30,Nautico PE,Novorizontino,LIQUIDADO,0 - 2,0,2,Novorizontino,Over 0.5 Goals,Over 1.5 Goals,Under 2.5 Goals,Under 3.5 Goals,No,Over 0.5 Goals,8/8,betfair_oficial
2026-10-09 00:41,2026-10-08 22:30,Santos,Flamengo,LIQUIDADO,2 - 2,2,2,The Draw,Over 0.5 Goals,Over 1.5 Goals,Over 2.5 Goals,Over 3.5 Goals,Yes,Over 0.5 Goals,8/8,betfair_oficial
2026-10-09 01:06,2026-10-08 23:00,Athletico-PR,Atletico MG,LIQUIDADO,2 - 2,2,2,The Draw,Over 0.5 Goals,Over 1.5 Goals,Over 2.5 Goals,Over 3.5 Goals,Yes,Over 0.5 Goals,8/8,betfair_oficial
2026-10-09 01:06,2026-10-08 23:05,Atletico Nacional Medellin,Tolima,LIQUIDADO,0 - 0,0,0,The Draw,Under 0.5 Goals,Under 1.5 Goals,Under 2.5 Goals,Under 3.5 Goals,No,Under 0.5 Goals,8/8,betfair_oficial
2026-10-09 02:31,2026-10-09 00:30,SE Palmeiras,Bahia,LIQUIDADO,1 - 0,1,0,SE Palmeiras,Over 0.5 Goals,Under 1.5 Goals,Under 2.5 Goals,Under 3.5 Goals,No,Over 0.5 Goals,8/8,betfair_oficial
2026-10-09 02:31,2026-10-09 00:30,Fluminense,Coritiba,LIQUIDADO,Any Other Home Win,,,Fluminense,Over 0.5 Goals,Over 1.5 Goals,Over 2.5 Goals,Over 3.5 Goals,No,Over 0.5 Goals,8/8,betfair_oficial
2026-10-09 03:06,2026-10-09 01:00,Alebrijes de Oaxaca,Correcaminos UAT,LIQUIDADO,2 - 1,2,1,Alebrijes de Oaxaca,Over 0.5 Goals,Over 1.5 Goals,Over 2.5 Goals,Under 3.5 Goals,Yes,Under 0.5 Goals,8/8,betfair_oficial
2026-10-09 03:11,2026-10-09 01:10,Fortaleza FC,Millonarios,LIQUIDADO,1 - 1,1,1,The Draw,Over 0.5 Goals,Over 1.5 Goals,Under 2.5 Goals,Under 3.5 Goals,Yes,Under 0.5 Goals,8/8,betfair_oficial
2026-10-09 03:21,2026-10-09 01:00,Antigua GFC,CSD Municipal,LIQUIDADO,1 - 1,1,1,The Draw,Over 0.5 Goals,Over 1.5 Goals,Under 2.5 Goals,Under 3.5 Goals,Yes,Over 0.5 Goals,8/8,betfair_oficial
2026-10-09 03:41,2026-10-09 01:30,CD Fas,Alianza FC (SLV),LIQUIDADO,2 - 1,2,1,Cd Fas,Over 0.5 Goals,Over 1.5 Goals,Over 2.5 Goals,Under 3.5 Goals,Yes,Over 0.5 Goals,8/8,betfair_oficial
2026-10-09 07:01,2026-10-09 05:00,Suwon FC,Hwaseong FC,LIQUIDADO,1 - 0,1,0,Suwon FC,Over 0.5 Goals,Under 1.5 Goals,Under 2.5 Goals,Under 3.5 Goals,No,Under 0.5 Goals,8/8,betfair_oficial
2026-10-09 07:06,2026-10-09 05:00,Daejeon Citizen,Jeonbuk Motors,LIQUIDADO,2 - 1,2,1,Daejeon Citizen,Over 0.5 Goals,Over 1.5 Goals,Over 2.5 Goals,Under 3.5 Goals,Yes,Over 0.5 Goals,8/8,betfair_oficial
2026-10-09 07:31,2026-10-09 05:30,FC Agniputhra,ASC,LIQUIDADO,2 - 1,2,1,FC Agniputhra,Over 0.5 Goals,Over 1.5 Goals,Over 2.5 Goals,Under 3.5 Goals,Yes,Over 0.5 Goals,8/8,betfair_oficial
2026-10-09 09:26,2026-10-09 07:30,Gimpo Citizen,Seoul E-Land FC,LIQUIDADO,0 - 1,0,1,Seoul E-Land FC,Over 0.5 Goals,Under 1.5 Goals,Under 2.5 Goals,Under 3.5 Goals,No,Under 0.5 Goals,8/8,betfair_oficial
2026-10-09 09:31,2026-10-09 07:30,Gangwon,Bucheon FC 1995,LIQUIDADO,2 - 0,2,0,Gangwon,Over 0.5 Goals,Over 1.5 Goals,Under 2.5 Goals,Under 3.5 Goals,No,Under 0.5 Goals,8/8,betfair_oficial
2026-10-09 09:31,2026-10-09 07:30,Cheongju FC,Seongnam FC,LIQUIDADO,3 - 1,3,1,Cheongju FC,Over 0.5 Goals,Over 1.5 Goals,Over 2.5 Goals,Over 3.5 Goals,Yes,Over 0.5 Goals,8/8,betfair_oficial
2026-10-09 09:31,2026-10-09 07:30,Incheon Utd,Pohang Steelers,LIQUIDADO,3 - 0,3,0,Incheon Utd,Over 0.5 Goals,Over 1.5 Goals,Over 2.5 Goals,Under 3.5 Goals,No,Over 0.5 Goals,8/8,betfair_oficial
2026-10-09 10:06,2026-10-09 08:00,Rebels FC,Bangalore Dream United,LIQUIDADO,0 - 0,0,0,The Draw,Under 0.5 Goals,Under 1.5 Goals,Under 2.5 Goals,Under 3.5 Goals,No,Under 0.5 Goals,8/8,betfair_oficial
2026-10-09 10:31,2026-10-09 08:30,Persipura Jayapura,RANS Nusantara FC,LIQUIDADO,1 - 3,1,3,RANS Nusantara FC,Over 0.5 Goals,Over 1.5 Goals,Over 2.5 Goals,Over 3.5 Goals,Yes,Over 0.5 Goals,8/8,betfair_oficial
2026-10-09 10:31,2026-10-09 08:30,Persik Kediri,Madura Utd,LIQUIDADO,2 - 0,2,0,Persik Kediri,Over 0.5 Goals,Over 1.5 Goals,Under 2.5 Goals,Under 3.5 Goals,No,Over 0.5 Goals,8/8,betfair_oficial
2026-10-09 10:51,2026-10-09 08:45,Brothers Union,Fortis FC Limited,LIQUIDADO,Any Other Away Win,,,Fortis FC Limited,Over 0.5 Goals,Over 1.5 Goals,Over 2.5 Goals,Over 3.5 Goals,No,Under 0.5 Goals,8/8,betfair_oficial
2026-10-09 10:56,2026-10-09 08:45,Rahmatganj MFS,PWD Sports Club,LIQUIDADO,1 - 1,1,1,The Draw,Over 0.5 Goals,Over 1.5 Goals,Under 2.5 Goals,Under 3.5 Goals,Yes,Over 0.5 Goals,8/8,betfair_oficial
2026-10-09 10:56,2026-10-09 09:00,FK Metal Kharkiv,FC Viktoriya Sumy,LIQUIDADO,2 - 2,2,2,The Draw,Over 0.5 Goals,Over 1.5 Goals,Over 2.5 Goals,Over 3.5 Goals,Yes,Over 0.5 Goals,8/8,betfair_oficial
2026-10-09 10:56,2026-10-09 09:00,Ispe FC,Dagon FC,LIQUIDADO,2 - 2,2,2,The Draw,Over 0.5 Goals,Over 1.5 Goals,Over 2.5 Goals,Over 3.5 Goals,Yes,Over 0.5 Goals,8/8,betfair_oficial
2026-10-09 11:01,2026-10-09 09:00,Johor Darul Ta'zim,Pulau Pinang,LIQUIDADO,Any Other Home Win,,,Johor Darul Ta'zim,Over 0.5 Goals,Over 1.5 Goals,Over 2.5 Goals,Over 3.5 Goals,Yes,Over 0.5 Goals,8/8,betfair_oficial
2026-10-09 11:01,2026-10-09 09:00,Sagaing United FC,ChinLand,LIQUIDADO,1 - 1,1,1,The Draw,Over 0.5 Goals,Over 1.5 Goals,Under 2.5 Goals,Under 3.5 Goals,Yes,Over 0.5 Goals,8/8,betfair_oficial
2026-10-09 11:26,2026-10-09 09:30,Chanmari FC,Saikhamakawn FC,LIQUIDADO,Any Other Home Win,,,Chanmari FC,Over 0.5 Goals,Over 1.5 Goals,Over 2.5 Goals,Over 3.5 Goals,Yes,Over 0.5 Goals,8/8,betfair_oficial
2026-10-09 11:31,2026-10-09 09:30,Sagamihara,Kamatamare Sanuki,LIQUIDADO,3 - 2,3,2,Sagamihara,Over 0.5 Goals,Over 1.5 Goals,Over 2.5 Goals,Over 3.5 Goals,Yes,Over 0.5 Goals,8/8,betfair_oficial
2026-10-09 12:01,2026-10-09 10:00,Beitar Nahariya,Hapoel Umm Al Fahm,LIQUIDADO,1 - 1,1,1,The Draw,Over 0.5 Goals,Over 1.5 Goals,Under 2.5 Goals,Under 3.5 Goals,Yes,Over 0.5 Goals,8/8,betfair_oficial
2026-10-09 12:01,2026-10-09 10:00,FC Osaka,Kanazawa,LIQUIDADO,1 - 1,1,1,The Draw,Over 0.5 Goals,Over 1.5 Goals,Under 2.5 Goals,Under 3.5 Goals,Yes,Under 0.5 Goals,8/8,betfair_oficial
2026-10-09 12:06,2026-10-09 10:00,Kashima,G-Osaka,LIQUIDADO,2 - 0,2,0,Kashima,Over 0.5 Goals,Over 1.5 Goals,Under 2.5 Goals,Under 3.5 Goals,No,Over 0.5 Goals,8/8,betfair_oficial
2026-10-09 12:06,2026-10-09 10:00,Ironi Beit Shemesh,Tzeirey Tira FC,LIQUIDADO,3 - 1,3,1,Ironi Beit Shemesh,Over 0.5 Goals,Over 1.5 Goals,Over 2.5 Goals,Over 3.5 Goals,Yes,Over 0.5 Goals,8/8,betfair_oficial
2026-10-09 12:11,2026-10-09 10:00,Kashiwa,Kobe,LIQUIDADO,Any Other Home Win,,,Kashiwa,Over 0.5 Goals,Over 1.5 Goals,Over 2.5 Goals,Over 3.5 Goals,Yes,Over 0.5 Goals,8/8,betfair_oficial
2026-10-09 12:31,2026-10-09 10:30,FC Real Bengaluru,Bangalore City FC,LIQUIDADO,1 - 1,1,1,The Draw,Over 0.5 Goals,Over 1.5 Goals,Under 2.5 Goals,Under 3.5 Goals,Yes,Under 0.5 Goals,8/8,betfair_oficial
2026-10-09 12:31,2026-10-09 10:30,Andorra (W),Faroe Islands (W),LIQUIDADO,Any Other Away Win,,,Faroe Islands (W),Over 0.5 Goals,Over 1.5 Goals,Over 2.5 Goals,Over 3.5 Goals,No,Over 0.5 Goals,8/8,betfair_oficial
2026-10-09 12:31,2026-10-09 10:35,SC Dimona,Sderot FC,LIQUIDADO,Any Other Home Win,,,SC Dimona,Over 0.5 Goals,Over 1.5 Goals,Over 2.5 Goals,Over 3.5 Goals,Yes,Over 0.5 Goals,8/8,betfair_oficial
2026-10-09 12:46,2026-10-09 10:30,Shimshon Tel Aviv,MK Kfar Saba 1928,LIQUIDADO,3 - 0,3,0,Shimshon Tel Aviv,Over 0.5 Goals,Over 1.5 Goals,Over 2.5 Goals,Under 3.5 Goals,No,Over 0.5 Goals,8/8,betfair_oficial
2026-10-09 13:01,2026-10-09 11:00,Ratchaburi,Sukhothai,LIQUIDADO,Any Other Home Win,,,Ratchaburi,Over 0.5 Goals,Over 1.5 Goals,Over 2.5 Goals,Over 3.5 Goals,No,Over 0.5 Goals,8/8,betfair_oficial
2026-10-09 13:01,2026-10-09 11:00,Kazakhstan (W),Rep of Ireland (W),LIQUIDADO,Any Other Away Win,,,Rep of Ireland (W),Over 0.5 Goals,Over 1.5 Goals,Over 2.5 Goals,Over 3.5 Goals,No,Over 0.5 Goals,8/8,betfair_oficial
2026-10-09 13:01,2026-10-09 11:00,Montenegro (W),Bosnia (W),LIQUIDADO,3 - 2,3,2,Montenegro (W),Over 0.5 Goals,Over 1.5 Goals,Over 2.5 Goals,Over 3.5 Goals,Yes,Over 0.5 Goals,8/8,betfair_oficial
2026-10-09 13:01,2026-10-09 11:12,Kazakhstan (W),Rep of Ireland (W),LIQUIDADO,Any Other Away Win,,,Rep of Ireland (W),,,Over 2.5 Goals,Over 3.5 Goals,No,,5/5,betfair_oficial
2026-10-09 13:21,2026-10-09 11:30,Moik Baku,Energetik Mingechevir,LIQUIDADO,3 - 0,3,0,MOIK Baku,Over 0.5 Goals,Over 1.5 Goals,Over 2.5 Goals,Under 3.5 Goals,No,Under 0.5 Goals,8/8,betfair_oficial
2026-10-09 13:26,2026-10-09 11:30,Hapoel Ironi Arraba,Hapoel Ihud Bnei Jat,LIQUIDADO,0 - 0,0,0,The Draw,Under 0.5 Goals,Under 1.5 Goals,Under 2.5 Goals,Under 3.5 Goals,No,Under 0.5 Goals,8/8,betfair_oficial
