2026-09-18 19:29 | banca R$ 3997 (composta (pagina 02, 731 jogos ate 2026-09-18)) | liquidados 12/13 | 12G/0R | P&L R$ +317.88 (+8.0%)
   07:00 0x3       Yanbian Longding x Guangdong GZ-Po @26.00 1-2 GREEN R$+15
   09:30 Draw      Polissya Zhytomyr x Kryvbas Krivyi @6.60  1-0 GREEN R$+34
   09:45 Draw      Hapoel Tel Aviv x Hapoel Petach Ti @5.50  3-0 GREEN R$+42
   13:00 0x3       AC Oulu x FC Inter Turku           @25.00 0-1 GREEN R$+16
   13:00 Draw      MFK Karvina x H Slavia Kromeriz    @6.80  3-2 GREEN R$+33
   13:30 2x2       Wolfsburg x SV Darmstadt           @18.00 AO Home Win GREEN R$+22
   14:00 0x3       Slavia Sofia x CSKA 1948 Sofia     @22.00 1-2 GREEN R$+18
   14:00 Home      Omonia 29th May x AEK Larnaca      @8.60  1-2 GREEN R$+25
   14:30 Draw      Rapid Vienna x WSG Wattens         @5.90  3-0 GREEN R$+39
   15:00 2x2       Reims x Montpellier                @17.00 1-1 GREEN R$+24
   15:30 2x2       Juve Stabia x Cesena               @16.50 1-1 GREEN R$+24
   15:45 Draw      Ammanford AFC x Penybont FC        @8.40  AO Away Win GREEN R$+26
   22:00 Draw      Alianza Lima x Asociacion Deportiv @6.40  —
sem gatilho.
2026-09-18 19:30 | banca R$ 3997 (composta (pagina 02, 731 jogos ate 2026-09-18)) | liquidados 12/13 | 12G/0R | P&L R$ +317.88 (+8.0%)
   07:00 0x3       Yanbian Longding x Guangdong GZ-Po @26.00 1-2 GREEN R$+15
   09:30 Draw      Polissya Zhytomyr x Kryvbas Krivyi @6.60  1-0 GREEN R$+34
   09:45 Draw      Hapoel Tel Aviv x Hapoel Petach Ti @5.50  3-0 GREEN R$+42
   13:00 0x3       AC Oulu x FC Inter Turku           @25.00 0-1 GREEN R$+16
   13:00 Draw      MFK Karvina x H Slavia Kromeriz    @6.80  3-2 GREEN R$+33
   13:30 2x2       Wolfsburg x SV Darmstadt           @18.00 AO Home Win GREEN R$+22
   14:00 0x3       Slavia Sofia x CSKA 1948 Sofia     @22.00 1-2 GREEN R$+18
   14:00 Home      Omonia 29th May x AEK Larnaca      @8.60  1-2 GREEN R$+25
   14:30 Draw      Rapid Vienna x WSG Wattens         @5.90  3-0 GREEN R$+39
   15:00 2x2       Reims x Montpellier                @17.00 1-1 GREEN R$+24
   15:30 2x2       Juve Stabia x Cesena               @16.50 1-1 GREEN R$+24
   15:45 Draw      Ammanford AFC x Penybont FC        @8.40  AO Away Win GREEN R$+26
   22:00 Draw      Alianza Lima x Asociacion Deportiv @6.40  —
sem gatilho.
2026-09-18 19:35 | banca R$ 3997 (composta (pagina 02, 731 jogos ate 2026-09-18)) | liquidados 12/13 | 12G/0R | P&L R$ +317.88 (+8.0%)
   07:00 0x3       Yanbian Longding x Guangdong GZ-Po @26.00 1-2 GREEN R$+15
   09:30 Draw      Polissya Zhytomyr x Kryvbas Krivyi @6.60  1-0 GREEN R$+34
   09:45 Draw      Hapoel Tel Aviv x Hapoel Petach Ti @5.50  3-0 GREEN R$+42
   13:00 0x3       AC Oulu x FC Inter Turku           @25.00 0-1 GREEN R$+16
   13:00 Draw      MFK Karvina x H Slavia Kromeriz    @6.80  3-2 GREEN R$+33
   13:30 2x2       Wolfsburg x SV Darmstadt           @18.00 AO Home Win GREEN R$+22
   14:00 0x3       Slavia Sofia x CSKA 1948 Sofia     @22.00 1-2 GREEN R$+18
   14:00 Home      Omonia 29th May x AEK Larnaca      @8.60  1-2 GREEN R$+25
   14:30 Draw      Rapid Vienna x WSG Wattens         @5.90  3-0 GREEN R$+39
   15:00 2x2       Reims x Montpellier                @17.00 1-1 GREEN R$+24
   15:30 2x2       Juve Stabia x Cesena               @16.50 1-1 GREEN R$+24
   15:45 Draw      Ammanford AFC x Penybont FC        @8.40  AO Away Win GREEN R$+26
   22:00 Draw      Alianza Lima x Asociacion Deportiv @6.40  —
sem gatilho.
2026-09-18 19:40 | banca R$ 3997 (composta (pagina 02, 731 jogos ate 2026-09-18)) | liquidados 12/13 | 12G/0R | P&L R$ +317.88 (+8.0%)
   07:00 0x3       Yanbian Longding x Guangdong GZ-Po @26.00 1-2 GREEN R$+15
   09:30 Draw      Polissya Zhytomyr x Kryvbas Krivyi @6.60  1-0 GREEN R$+34
   09:45 Draw      Hapoel Tel Aviv x Hapoel Petach Ti @5.50  3-0 GREEN R$+42
   13:00 0x3       AC Oulu x FC Inter Turku           @25.00 0-1 GREEN R$+16
   13:00 Draw      MFK Karvina x H Slavia Kromeriz    @6.80  3-2 GREEN R$+33
   13:30 2x2       Wolfsburg x SV Darmstadt           @18.00 AO Home Win GREEN R$+22
   14:00 0x3       Slavia Sofia x CSKA 1948 Sofia     @22.00 1-2 GREEN R$+18
   14:00 Home      Omonia 29th May x AEK Larnaca      @8.60  1-2 GREEN R$+25
   14:30 Draw      Rapid Vienna x WSG Wattens         @5.90  3-0 GREEN R$+39
   15:00 2x2       Reims x Montpellier                @17.00 1-1 GREEN R$+24
   15:30 2x2       Juve Stabia x Cesena               @16.50 1-1 GREEN R$+24
   15:45 Draw      Ammanford AFC x Penybont FC        @8.40  AO Away Win GREEN R$+26
   22:00 Draw      Alianza Lima x Asociacion Deportiv @6.40  —
sem gatilho.
2026-09-18 19:45 | banca R$ 3997 (composta (pagina 02, 731 jogos ate 2026-09-18)) | liquidados 12/13 | 12G/0R | P&L R$ +317.88 (+8.0%)
   07:00 0x3       Yanbian Longding x Guangdong GZ-Po @26.00 1-2 GREEN R$+15
   09:30 Draw      Polissya Zhytomyr x Kryvbas Krivyi @6.60  1-0 GREEN R$+34
   09:45 Draw      Hapoel Tel Aviv x Hapoel Petach Ti @5.50  3-0 GREEN R$+42
   13:00 0x3       AC Oulu x FC Inter Turku           @25.00 0-1 GREEN R$+16
   13:00 Draw      MFK Karvina x H Slavia Kromeriz    @6.80  3-2 GREEN R$+33
   13:30 2x2       Wolfsburg x SV Darmstadt           @18.00 AO Home Win GREEN R$+22
   14:00 0x3       Slavia Sofia x CSKA 1948 Sofia     @22.00 1-2 GREEN R$+18
   14:00 Home      Omonia 29th May x AEK Larnaca      @8.60  1-2 GREEN R$+25
   14:30 Draw      Rapid Vienna x WSG Wattens         @5.90  3-0 GREEN R$+39
   15:00 2x2       Reims x Montpellier                @17.00 1-1 GREEN R$+24
   15:30 2x2       Juve Stabia x Cesena               @16.50 1-1 GREEN R$+24
   15:45 Draw      Ammanford AFC x Penybont FC        @8.40  AO Away Win GREEN R$+26
   22:00 Draw      Alianza Lima x Asociacion Deportiv @6.40  —
sem gatilho.
2026-09-18 20:01 | banca R$ 3997 (composta (pagina 02, 731 jogos ate 2026-09-18)) | liquidados 12/13 | 12G/0R | P&L R$ +317.88 (+8.0%)
   07:00 0x3       Yanbian Longding x Guangdong GZ-Po @26.00 1-2 GREEN R$+15
   09:30 Draw      Polissya Zhytomyr x Kryvbas Krivyi @6.60  1-0 GREEN R$+34
   09:45 Draw      Hapoel Tel Aviv x Hapoel Petach Ti @5.50  3-0 GREEN R$+42
   13:00 0x3       AC Oulu x FC Inter Turku           @25.00 0-1 GREEN R$+16
   13:00 Draw      MFK Karvina x H Slavia Kromeriz    @6.80  3-2 GREEN R$+33
   13:30 2x2       Wolfsburg x SV Darmstadt           @18.00 AO Home Win GREEN R$+22
   14:00 0x3       Slavia Sofia x CSKA 1948 Sofia     @22.00 1-2 GREEN R$+18
   14:00 Home      Omonia 29th May x AEK Larnaca      @8.60  1-2 GREEN R$+25
   14:30 Draw      Rapid Vienna x WSG Wattens         @5.90  3-0 GREEN R$+39
   15:00 2x2       Reims x Montpellier                @17.00 1-1 GREEN R$+24
   15:30 2x2       Juve Stabia x Cesena               @16.50 1-1 GREEN R$+24
   15:45 Draw      Ammanford AFC x Penybont FC        @8.40  AO Away Win GREEN R$+26
   22:00 Draw      Alianza Lima x Asociacion Deportiv @6.40  —
sem gatilho.
2026-09-18 20:05 | banca R$ 3997 (composta (pagina 02, 731 jogos ate 2026-09-18)) | liquidados 12/13 | 12G/0R | P&L R$ +317.88 (+8.0%)
   07:00 0x3       Yanbian Longding x Guangdong GZ-Po @26.00 1-2 GREEN R$+15
   09:30 Draw      Polissya Zhytomyr x Kryvbas Krivyi @6.60  1-0 GREEN R$+34
   09:45 Draw      Hapoel Tel Aviv x Hapoel Petach Ti @5.50  3-0 GREEN R$+42
   13:00 0x3       AC Oulu x FC Inter Turku           @25.00 0-1 GREEN R$+16
   13:00 Draw      MFK Karvina x H Slavia Kromeriz    @6.80  3-2 GREEN R$+33
   13:30 2x2       Wolfsburg x SV Darmstadt           @18.00 AO Home Win GREEN R$+22
   14:00 0x3       Slavia Sofia x CSKA 1948 Sofia     @22.00 1-2 GREEN R$+18
   14:00 Home      Omonia 29th May x AEK Larnaca      @8.60  1-2 GREEN R$+25
   14:30 Draw      Rapid Vienna x WSG Wattens         @5.90  3-0 GREEN R$+39
   15:00 2x2       Reims x Montpellier                @17.00 1-1 GREEN R$+24
   15:30 2x2       Juve Stabia x Cesena               @16.50 1-1 GREEN R$+24
   15:45 Draw      Ammanford AFC x Penybont FC        @8.40  AO Away Win GREEN R$+26
   22:00 Draw      Alianza Lima x Asociacion Deportiv @6.40  —
sem gatilho.
2026-09-18 20:10 | banca R$ 3997 (composta (pagina 02, 731 jogos ate 2026-09-18)) | liquidados 12/13 | 12G/0R | P&L R$ +317.88 (+8.0%)
   07:00 0x3       Yanbian Longding x Guangdong GZ-Po @26.00 1-2 GREEN R$+15
   09:30 Draw      Polissya Zhytomyr x Kryvbas Krivyi @6.60  1-0 GREEN R$+34
   09:45 Draw      Hapoel Tel Aviv x Hapoel Petach Ti @5.50  3-0 GREEN R$+42
   13:00 0x3       AC Oulu x FC Inter Turku           @25.00 0-1 GREEN R$+16
   13:00 Draw      MFK Karvina x H Slavia Kromeriz    @6.80  3-2 GREEN R$+33
   13:30 2x2       Wolfsburg x SV Darmstadt           @18.00 AO Home Win GREEN R$+22
   14:00 0x3       Slavia Sofia x CSKA 1948 Sofia     @22.00 1-2 GREEN R$+18
   14:00 Home      Omonia 29th May x AEK Larnaca      @8.60  1-2 GREEN R$+25
   14:30 Draw      Rapid Vienna x WSG Wattens         @5.90  3-0 GREEN R$+39
   15:00 2x2       Reims x Montpellier                @17.00 1-1 GREEN R$+24
   15:30 2x2       Juve Stabia x Cesena               @16.50 1-1 GREEN R$+24
   15:45 Draw      Ammanford AFC x Penybont FC        @8.40  AO Away Win GREEN R$+26
   22:00 Draw      Alianza Lima x Asociacion Deportiv @6.40  —
sem gatilho.
2026-09-18 20:15 | banca R$ 3997 (composta (pagina 02, 731 jogos ate 2026-09-18)) | liquidados 12/13 | 12G/0R | P&L R$ +317.88 (+8.0%)
   07:00 0x3       Yanbian Longding x Guangdong GZ-Po @26.00 1-2 GREEN R$+15
   09:30 Draw      Polissya Zhytomyr x Kryvbas Krivyi @6.60  1-0 GREEN R$+34
   09:45 Draw      Hapoel Tel Aviv x Hapoel Petach Ti @5.50  3-0 GREEN R$+42
   13:00 0x3       AC Oulu x FC Inter Turku           @25.00 0-1 GREEN R$+16
   13:00 Draw      MFK Karvina x H Slavia Kromeriz    @6.80  3-2 GREEN R$+33
   13:30 2x2       Wolfsburg x SV Darmstadt           @18.00 AO Home Win GREEN R$+22
   14:00 0x3       Slavia Sofia x CSKA 1948 Sofia     @22.00 1-2 GREEN R$+18
   14:00 Home      Omonia 29th May x AEK Larnaca      @8.60  1-2 GREEN R$+25
   14:30 Draw      Rapid Vienna x WSG Wattens         @5.90  3-0 GREEN R$+39
   15:00 2x2       Reims x Montpellier                @17.00 1-1 GREEN R$+24
   15:30 2x2       Juve Stabia x Cesena               @16.50 1-1 GREEN R$+24
   15:45 Draw      Ammanford AFC x Penybont FC        @8.40  AO Away Win GREEN R$+26
   22:00 Draw      Alianza Lima x Asociacion Deportiv @6.40  —
sem gatilho.
2026-09-18 20:20 | banca R$ 3997 (composta (pagina 02, 731 jogos ate 2026-09-18)) | liquidados 12/13 | 12G/0R | P&L R$ +317.88 (+8.0%)
   07:00 0x3       Yanbian Longding x Guangdong GZ-Po @26.00 1-2 GREEN R$+15
   09:30 Draw      Polissya Zhytomyr x Kryvbas Krivyi @6.60  1-0 GREEN R$+34
   09:45 Draw      Hapoel Tel Aviv x Hapoel Petach Ti @5.50  3-0 GREEN R$+42
   13:00 0x3       AC Oulu x FC Inter Turku           @25.00 0-1 GREEN R$+16
   13:00 Draw      MFK Karvina x H Slavia Kromeriz    @6.80  3-2 GREEN R$+33
   13:30 2x2       Wolfsburg x SV Darmstadt           @18.00 AO Home Win GREEN R$+22
   14:00 0x3       Slavia Sofia x CSKA 1948 Sofia     @22.00 1-2 GREEN R$+18
   14:00 Home      Omonia 29th May x AEK Larnaca      @8.60  1-2 GREEN R$+25
   14:30 Draw      Rapid Vienna x WSG Wattens         @5.90  3-0 GREEN R$+39
   15:00 2x2       Reims x Montpellier                @17.00 1-1 GREEN R$+24
   15:30 2x2       Juve Stabia x Cesena               @16.50 1-1 GREEN R$+24
   15:45 Draw      Ammanford AFC x Penybont FC        @8.40  AO Away Win GREEN R$+26
   22:00 Draw      Alianza Lima x Asociacion Deportiv @6.40  —
sem gatilho.
2026-09-18 20:25 | banca R$ 3997 (composta (pagina 02, 731 jogos ate 2026-09-18)) | liquidados 12/13 | 12G/0R | P&L R$ +317.88 (+8.0%)
   07:00 0x3       Yanbian Longding x Guangdong GZ-Po @26.00 1-2 GREEN R$+15
   09:30 Draw      Polissya Zhytomyr x Kryvbas Krivyi @6.60  1-0 GREEN R$+34
   09:45 Draw      Hapoel Tel Aviv x Hapoel Petach Ti @5.50  3-0 GREEN R$+42
   13:00 0x3       AC Oulu x FC Inter Turku           @25.00 0-1 GREEN R$+16
   13:00 Draw      MFK Karvina x H Slavia Kromeriz    @6.80  3-2 GREEN R$+33
   13:30 2x2       Wolfsburg x SV Darmstadt           @18.00 AO Home Win GREEN R$+22
   14:00 0x3       Slavia Sofia x CSKA 1948 Sofia     @22.00 1-2 GREEN R$+18
   14:00 Home      Omonia 29th May x AEK Larnaca      @8.60  1-2 GREEN R$+25
   14:30 Draw      Rapid Vienna x WSG Wattens         @5.90  3-0 GREEN R$+39
   15:00 2x2       Reims x Montpellier                @17.00 1-1 GREEN R$+24
   15:30 2x2       Juve Stabia x Cesena               @16.50 1-1 GREEN R$+24
   15:45 Draw      Ammanford AFC x Penybont FC        @8.40  AO Away Win GREEN R$+26
   22:00 Draw      Alianza Lima x Asociacion Deportiv @6.40  —
sem gatilho.
2026-09-18 20:30 | banca R$ 3997 (composta (pagina 02, 731 jogos ate 2026-09-18)) | liquidados 12/13 | 12G/0R | P&L R$ +317.88 (+8.0%)
   07:00 0x3       Yanbian Longding x Guangdong GZ-Po @26.00 1-2 GREEN R$+15
   09:30 Draw      Polissya Zhytomyr x Kryvbas Krivyi @6.60  1-0 GREEN R$+34
   09:45 Draw      Hapoel Tel Aviv x Hapoel Petach Ti @5.50  3-0 GREEN R$+42
   13:00 0x3       AC Oulu x FC Inter Turku           @25.00 0-1 GREEN R$+16
   13:00 Draw      MFK Karvina x H Slavia Kromeriz    @6.80  3-2 GREEN R$+33
   13:30 2x2       Wolfsburg x SV Darmstadt           @18.00 AO Home Win GREEN R$+22
   14:00 0x3       Slavia Sofia x CSKA 1948 Sofia     @22.00 1-2 GREEN R$+18
   14:00 Home      Omonia 29th May x AEK Larnaca      @8.60  1-2 GREEN R$+25
   14:30 Draw      Rapid Vienna x WSG Wattens         @5.90  3-0 GREEN R$+39
   15:00 2x2       Reims x Montpellier                @17.00 1-1 GREEN R$+24
   15:30 2x2       Juve Stabia x Cesena               @16.50 1-1 GREEN R$+24
   15:45 Draw      Ammanford AFC x Penybont FC        @8.40  AO Away Win GREEN R$+26
   22:00 Draw      Alianza Lima x Asociacion Deportiv @6.40  —
sem gatilho.
2026-09-18 20:35 | banca R$ 3997 (composta (pagina 02, 731 jogos ate 2026-09-18)) | liquidados 12/13 | 12G/0R | P&L R$ +317.88 (+8.0%)
   07:00 0x3       Yanbian Longding x Guangdong GZ-Po @26.00 1-2 GREEN R$+15
   09:30 Draw      Polissya Zhytomyr x Kryvbas Krivyi @6.60  1-0 GREEN R$+34
   09:45 Draw      Hapoel Tel Aviv x Hapoel Petach Ti @5.50  3-0 GREEN R$+42
   13:00 0x3       AC Oulu x FC Inter Turku           @25.00 0-1 GREEN R$+16
   13:00 Draw      MFK Karvina x H Slavia Kromeriz    @6.80  3-2 GREEN R$+33
   13:30 2x2       Wolfsburg x SV Darmstadt           @18.00 AO Home Win GREEN R$+22
   14:00 0x3       Slavia Sofia x CSKA 1948 Sofia     @22.00 1-2 GREEN R$+18
   14:00 Home      Omonia 29th May x AEK Larnaca      @8.60  1-2 GREEN R$+25
   14:30 Draw      Rapid Vienna x WSG Wattens         @5.90  3-0 GREEN R$+39
   15:00 2x2       Reims x Montpellier                @17.00 1-1 GREEN R$+24
   15:30 2x2       Juve Stabia x Cesena               @16.50 1-1 GREEN R$+24
   15:45 Draw      Ammanford AFC x Penybont FC        @8.40  AO Away Win GREEN R$+26
   22:00 Draw      Alianza Lima x Asociacion Deportiv @6.40  —
sem gatilho.
2026-09-18 20:40 | banca R$ 3997 (composta (pagina 02, 731 jogos ate 2026-09-18)) | liquidados 12/13 | 12G/0R | P&L R$ +317.88 (+8.0%)
   07:00 0x3       Yanbian Longding x Guangdong GZ-Po @26.00 1-2 GREEN R$+15
   09:30 Draw      Polissya Zhytomyr x Kryvbas Krivyi @6.60  1-0 GREEN R$+34
   09:45 Draw      Hapoel Tel Aviv x Hapoel Petach Ti @5.50  3-0 GREEN R$+42
   13:00 0x3       AC Oulu x FC Inter Turku           @25.00 0-1 GREEN R$+16
   13:00 Draw      MFK Karvina x H Slavia Kromeriz    @6.80  3-2 GREEN R$+33
   13:30 2x2       Wolfsburg x SV Darmstadt           @18.00 AO Home Win GREEN R$+22
   14:00 0x3       Slavia Sofia x CSKA 1948 Sofia     @22.00 1-2 GREEN R$+18
   14:00 Home      Omonia 29th May x AEK Larnaca      @8.60  1-2 GREEN R$+25
   14:30 Draw      Rapid Vienna x WSG Wattens         @5.90  3-0 GREEN R$+39
   15:00 2x2       Reims x Montpellier                @17.00 1-1 GREEN R$+24
   15:30 2x2       Juve Stabia x Cesena               @16.50 1-1 GREEN R$+24
   15:45 Draw      Ammanford AFC x Penybont FC        @8.40  AO Away Win GREEN R$+26
   22:00 Draw      Alianza Lima x Asociacion Deportiv @6.40  —
sem gatilho.
2026-09-18 20:45 | banca R$ 3997 (composta (pagina 02, 731 jogos ate 2026-09-18)) | liquidados 12/13 | 12G/0R | P&L R$ +317.88 (+8.0%)
   07:00 0x3       Yanbian Longding x Guangdong GZ-Po @26.00 1-2 GREEN R$+15
   09:30 Draw      Polissya Zhytomyr x Kryvbas Krivyi @6.60  1-0 GREEN R$+34
   09:45 Draw      Hapoel Tel Aviv x Hapoel Petach Ti @5.50  3-0 GREEN R$+42
   13:00 0x3       AC Oulu x FC Inter Turku           @25.00 0-1 GREEN R$+16
   13:00 Draw      MFK Karvina x H Slavia Kromeriz    @6.80  3-2 GREEN R$+33
   13:30 2x2       Wolfsburg x SV Darmstadt           @18.00 AO Home Win GREEN R$+22
   14:00 0x3       Slavia Sofia x CSKA 1948 Sofia     @22.00 1-2 GREEN R$+18
   14:00 Home      Omonia 29th May x AEK Larnaca      @8.60  1-2 GREEN R$+25
   14:30 Draw      Rapid Vienna x WSG Wattens         @5.90  3-0 GREEN R$+39
   15:00 2x2       Reims x Montpellier                @17.00 1-1 GREEN R$+24
   15:30 2x2       Juve Stabia x Cesena               @16.50 1-1 GREEN R$+24
   15:45 Draw      Ammanford AFC x Penybont FC        @8.40  AO Away Win GREEN R$+26
   22:00 Draw      Alianza Lima x Asociacion Deportiv @6.40  —
sem gatilho.
2026-09-18 20:50 | banca R$ 3997 (composta (pagina 02, 731 jogos ate 2026-09-18)) | liquidados 12/13 | 12G/0R | P&L R$ +317.88 (+8.0%)
   07:00 0x3       Yanbian Longding x Guangdong GZ-Po @26.00 1-2 GREEN R$+15
   09:30 Draw      Polissya Zhytomyr x Kryvbas Krivyi @6.60  1-0 GREEN R$+34
   09:45 Draw      Hapoel Tel Aviv x Hapoel Petach Ti @5.50  3-0 GREEN R$+42
   13:00 0x3       AC Oulu x FC Inter Turku           @25.00 0-1 GREEN R$+16
   13:00 Draw      MFK Karvina x H Slavia Kromeriz    @6.80  3-2 GREEN R$+33
   13:30 2x2       Wolfsburg x SV Darmstadt           @18.00 AO Home Win GREEN R$+22
   14:00 0x3       Slavia Sofia x CSKA 1948 Sofia     @22.00 1-2 GREEN R$+18
   14:00 Home      Omonia 29th May x AEK Larnaca      @8.60  1-2 GREEN R$+25
   14:30 Draw      Rapid Vienna x WSG Wattens         @5.90  3-0 GREEN R$+39
   15:00 2x2       Reims x Montpellier                @17.00 1-1 GREEN R$+24
   15:30 2x2       Juve Stabia x Cesena               @16.50 1-1 GREEN R$+24
   15:45 Draw      Ammanford AFC x Penybont FC        @8.40  AO Away Win GREEN R$+26
   22:00 Draw      Alianza Lima x Asociacion Deportiv @6.40  —
sem gatilho.
2026-09-18 20:55 | banca R$ 3997 (composta (pagina 02, 731 jogos ate 2026-09-18)) | liquidados 12/13 | 12G/0R | P&L R$ +317.88 (+8.0%)
   07:00 0x3       Yanbian Longding x Guangdong GZ-Po @26.00 1-2 GREEN R$+15
   09:30 Draw      Polissya Zhytomyr x Kryvbas Krivyi @6.60  1-0 GREEN R$+34
   09:45 Draw      Hapoel Tel Aviv x Hapoel Petach Ti @5.50  3-0 GREEN R$+42
   13:00 0x3       AC Oulu x FC Inter Turku           @25.00 0-1 GREEN R$+16
   13:00 Draw      MFK Karvina x H Slavia Kromeriz    @6.80  3-2 GREEN R$+33
   13:30 2x2       Wolfsburg x SV Darmstadt           @18.00 AO Home Win GREEN R$+22
   14:00 0x3       Slavia Sofia x CSKA 1948 Sofia     @22.00 1-2 GREEN R$+18
   14:00 Home      Omonia 29th May x AEK Larnaca      @8.60  1-2 GREEN R$+25
   14:30 Draw      Rapid Vienna x WSG Wattens         @5.90  3-0 GREEN R$+39
   15:00 2x2       Reims x Montpellier                @17.00 1-1 GREEN R$+24
   15:30 2x2       Juve Stabia x Cesena               @16.50 1-1 GREEN R$+24
   15:45 Draw      Ammanford AFC x Penybont FC        @8.40  AO Away Win GREEN R$+26
   22:00 Draw      Alianza Lima x Asociacion Deportiv @6.40  —
sem gatilho.
2026-09-18 21:00 | banca R$ 3997 (composta (pagina 02, 731 jogos ate 2026-09-18)) | liquidados 12/13 | 12G/0R | P&L R$ +317.88 (+8.0%)
   07:00 0x3       Yanbian Longding x Guangdong GZ-Po @26.00 1-2 GREEN R$+15
   09:30 Draw      Polissya Zhytomyr x Kryvbas Krivyi @6.60  1-0 GREEN R$+34
   09:45 Draw      Hapoel Tel Aviv x Hapoel Petach Ti @5.50  3-0 GREEN R$+42
   13:00 0x3       AC Oulu x FC Inter Turku           @25.00 0-1 GREEN R$+16
   13:00 Draw      MFK Karvina x H Slavia Kromeriz    @6.80  3-2 GREEN R$+33
   13:30 2x2       Wolfsburg x SV Darmstadt           @18.00 AO Home Win GREEN R$+22
   14:00 0x3       Slavia Sofia x CSKA 1948 Sofia     @22.00 1-2 GREEN R$+18
   14:00 Home      Omonia 29th May x AEK Larnaca      @8.60  1-2 GREEN R$+25
   14:30 Draw      Rapid Vienna x WSG Wattens         @5.90  3-0 GREEN R$+39
   15:00 2x2       Reims x Montpellier                @17.00 1-1 GREEN R$+24
   15:30 2x2       Juve Stabia x Cesena               @16.50 1-1 GREEN R$+24
   15:45 Draw      Ammanford AFC x Penybont FC        @8.40  AO Away Win GREEN R$+26
   22:00 Draw      Alianza Lima x Asociacion Deportiv @6.40  —
sem gatilho.
2026-09-18 21:05 | banca R$ 3997 (composta (pagina 02, 731 jogos ate 2026-09-18)) | liquidados 12/13 | 12G/0R | P&L R$ +317.88 (+8.0%)
   07:00 0x3       Yanbian Longding x Guangdong GZ-Po @26.00 1-2 GREEN R$+15
   09:30 Draw      Polissya Zhytomyr x Kryvbas Krivyi @6.60  1-0 GREEN R$+34
   09:45 Draw      Hapoel Tel Aviv x Hapoel Petach Ti @5.50  3-0 GREEN R$+42
   13:00 0x3       AC Oulu x FC Inter Turku           @25.00 0-1 GREEN R$+16
   13:00 Draw      MFK Karvina x H Slavia Kromeriz    @6.80  3-2 GREEN R$+33
   13:30 2x2       Wolfsburg x SV Darmstadt           @18.00 AO Home Win GREEN R$+22
   14:00 0x3       Slavia Sofia x CSKA 1948 Sofia     @22.00 1-2 GREEN R$+18
   14:00 Home      Omonia 29th May x AEK Larnaca      @8.60  1-2 GREEN R$+25
   14:30 Draw      Rapid Vienna x WSG Wattens         @5.90  3-0 GREEN R$+39
   15:00 2x2       Reims x Montpellier                @17.00 1-1 GREEN R$+24
   15:30 2x2       Juve Stabia x Cesena               @16.50 1-1 GREEN R$+24
   15:45 Draw      Ammanford AFC x Penybont FC        @8.40  AO Away Win GREEN R$+26
   22:00 Draw      Alianza Lima x Asociacion Deportiv @6.40  —
sem gatilho.
2026-09-18 21:10 | banca R$ 3997 (composta (pagina 02, 731 jogos ate 2026-09-18)) | liquidados 12/13 | 12G/0R | P&L R$ +317.88 (+8.0%)
   07:00 0x3       Yanbian Longding x Guangdong GZ-Po @26.00 1-2 GREEN R$+15
   09:30 Draw      Polissya Zhytomyr x Kryvbas Krivyi @6.60  1-0 GREEN R$+34
   09:45 Draw      Hapoel Tel Aviv x Hapoel Petach Ti @5.50  3-0 GREEN R$+42
   13:00 0x3       AC Oulu x FC Inter Turku           @25.00 0-1 GREEN R$+16
   13:00 Draw      MFK Karvina x H Slavia Kromeriz    @6.80  3-2 GREEN R$+33
   13:30 2x2       Wolfsburg x SV Darmstadt           @18.00 AO Home Win GREEN R$+22
   14:00 0x3       Slavia Sofia x CSKA 1948 Sofia     @22.00 1-2 GREEN R$+18
   14:00 Home      Omonia 29th May x AEK Larnaca      @8.60  1-2 GREEN R$+25
   14:30 Draw      Rapid Vienna x WSG Wattens         @5.90  3-0 GREEN R$+39
   15:00 2x2       Reims x Montpellier                @17.00 1-1 GREEN R$+24
   15:30 2x2       Juve Stabia x Cesena               @16.50 1-1 GREEN R$+24
   15:45 Draw      Ammanford AFC x Penybont FC        @8.40  AO Away Win GREEN R$+26
   22:00 Draw      Alianza Lima x Asociacion Deportiv @6.40  —
sem gatilho.
2026-09-18 21:15 | banca R$ 3997 (composta (pagina 02, 731 jogos ate 2026-09-18)) | liquidados 12/13 | 12G/0R | P&L R$ +317.88 (+8.0%)
   07:00 0x3       Yanbian Longding x Guangdong GZ-Po @26.00 1-2 GREEN R$+15
   09:30 Draw      Polissya Zhytomyr x Kryvbas Krivyi @6.60  1-0 GREEN R$+34
   09:45 Draw      Hapoel Tel Aviv x Hapoel Petach Ti @5.50  3-0 GREEN R$+42
   13:00 0x3       AC Oulu x FC Inter Turku           @25.00 0-1 GREEN R$+16
   13:00 Draw      MFK Karvina x H Slavia Kromeriz    @6.80  3-2 GREEN R$+33
   13:30 2x2       Wolfsburg x SV Darmstadt           @18.00 AO Home Win GREEN R$+22
   14:00 0x3       Slavia Sofia x CSKA 1948 Sofia     @22.00 1-2 GREEN R$+18
   14:00 Home      Omonia 29th May x AEK Larnaca      @8.60  1-2 GREEN R$+25
   14:30 Draw      Rapid Vienna x WSG Wattens         @5.90  3-0 GREEN R$+39
   15:00 2x2       Reims x Montpellier                @17.00 1-1 GREEN R$+24
   15:30 2x2       Juve Stabia x Cesena               @16.50 1-1 GREEN R$+24
   15:45 Draw      Ammanford AFC x Penybont FC        @8.40  AO Away Win GREEN R$+26
   22:00 Draw      Alianza Lima x Asociacion Deportiv @6.40  —
sem gatilho.
2026-09-18 21:20 | banca R$ 3997 (composta (pagina 02, 731 jogos ate 2026-09-18)) | liquidados 12/13 | 12G/0R | P&L R$ +317.88 (+8.0%)
   07:00 0x3       Yanbian Longding x Guangdong GZ-Po @26.00 1-2 GREEN R$+15
   09:30 Draw      Polissya Zhytomyr x Kryvbas Krivyi @6.60  1-0 GREEN R$+34
   09:45 Draw      Hapoel Tel Aviv x Hapoel Petach Ti @5.50  3-0 GREEN R$+42
   13:00 0x3       AC Oulu x FC Inter Turku           @25.00 0-1 GREEN R$+16
   13:00 Draw      MFK Karvina x H Slavia Kromeriz    @6.80  3-2 GREEN R$+33
   13:30 2x2       Wolfsburg x SV Darmstadt           @18.00 AO Home Win GREEN R$+22
   14:00 0x3       Slavia Sofia x CSKA 1948 Sofia     @22.00 1-2 GREEN R$+18
   14:00 Home      Omonia 29th May x AEK Larnaca      @8.60  1-2 GREEN R$+25
   14:30 Draw      Rapid Vienna x WSG Wattens         @5.90  3-0 GREEN R$+39
   15:00 2x2       Reims x Montpellier                @17.00 1-1 GREEN R$+24
   15:30 2x2       Juve Stabia x Cesena               @16.50 1-1 GREEN R$+24
   15:45 Draw      Ammanford AFC x Penybont FC        @8.40  AO Away Win GREEN R$+26
   22:00 Draw      Alianza Lima x Asociacion Deportiv @6.40  —
sem gatilho.
2026-09-18 21:25 | banca R$ 3997 (composta (pagina 02, 731 jogos ate 2026-09-18)) | liquidados 12/13 | 12G/0R | P&L R$ +317.88 (+8.0%)
   07:00 0x3       Yanbian Longding x Guangdong GZ-Po @26.00 1-2 GREEN R$+15
   09:30 Draw      Polissya Zhytomyr x Kryvbas Krivyi @6.60  1-0 GREEN R$+34
   09:45 Draw      Hapoel Tel Aviv x Hapoel Petach Ti @5.50  3-0 GREEN R$+42
   13:00 0x3       AC Oulu x FC Inter Turku           @25.00 0-1 GREEN R$+16
   13:00 Draw      MFK Karvina x H Slavia Kromeriz    @6.80  3-2 GREEN R$+33
   13:30 2x2       Wolfsburg x SV Darmstadt           @18.00 AO Home Win GREEN R$+22
   14:00 0x3       Slavia Sofia x CSKA 1948 Sofia     @22.00 1-2 GREEN R$+18
   14:00 Home      Omonia 29th May x AEK Larnaca      @8.60  1-2 GREEN R$+25
   14:30 Draw      Rapid Vienna x WSG Wattens         @5.90  3-0 GREEN R$+39
   15:00 2x2       Reims x Montpellier                @17.00 1-1 GREEN R$+24
   15:30 2x2       Juve Stabia x Cesena               @16.50 1-1 GREEN R$+24
   15:45 Draw      Ammanford AFC x Penybont FC        @8.40  AO Away Win GREEN R$+26
   22:00 Draw      Alianza Lima x Asociacion Deportiv @6.40  —
sem gatilho.
2026-09-18 21:30 | banca R$ 3997 (composta (pagina 02, 731 jogos ate 2026-09-18)) | liquidados 12/13 | 12G/0R | P&L R$ +317.88 (+8.0%)
   07:00 0x3       Yanbian Longding x Guangdong GZ-Po @26.00 1-2 GREEN R$+15
   09:30 Draw      Polissya Zhytomyr x Kryvbas Krivyi @6.60  1-0 GREEN R$+34
   09:45 Draw      Hapoel Tel Aviv x Hapoel Petach Ti @5.50  3-0 GREEN R$+42
   13:00 0x3       AC Oulu x FC Inter Turku           @25.00 0-1 GREEN R$+16
   13:00 Draw      MFK Karvina x H Slavia Kromeriz    @6.80  3-2 GREEN R$+33
   13:30 2x2       Wolfsburg x SV Darmstadt           @18.00 AO Home Win GREEN R$+22
   14:00 0x3       Slavia Sofia x CSKA 1948 Sofia     @22.00 1-2 GREEN R$+18
   14:00 Home      Omonia 29th May x AEK Larnaca      @8.60  1-2 GREEN R$+25
   14:30 Draw      Rapid Vienna x WSG Wattens         @5.90  3-0 GREEN R$+39
   15:00 2x2       Reims x Montpellier                @17.00 1-1 GREEN R$+24
   15:30 2x2       Juve Stabia x Cesena               @16.50 1-1 GREEN R$+24
   15:45 Draw      Ammanford AFC x Penybont FC        @8.40  AO Away Win GREEN R$+26
   22:00 Draw      Alianza Lima x Asociacion Deportiv @6.40  —
sem gatilho.
2026-09-18 21:35 | banca R$ 3997 (composta (pagina 02, 731 jogos ate 2026-09-18)) | liquidados 12/13 | 12G/0R | P&L R$ +317.88 (+8.0%)
   07:00 0x3       Yanbian Longding x Guangdong GZ-Po @26.00 1-2 GREEN R$+15
   09:30 Draw      Polissya Zhytomyr x Kryvbas Krivyi @6.60  1-0 GREEN R$+34
   09:45 Draw      Hapoel Tel Aviv x Hapoel Petach Ti @5.50  3-0 GREEN R$+42
   13:00 0x3       AC Oulu x FC Inter Turku           @25.00 0-1 GREEN R$+16
   13:00 Draw      MFK Karvina x H Slavia Kromeriz    @6.80  3-2 GREEN R$+33
   13:30 2x2       Wolfsburg x SV Darmstadt           @18.00 AO Home Win GREEN R$+22
   14:00 0x3       Slavia Sofia x CSKA 1948 Sofia     @22.00 1-2 GREEN R$+18
   14:00 Home      Omonia 29th May x AEK Larnaca      @8.60  1-2 GREEN R$+25
   14:30 Draw      Rapid Vienna x WSG Wattens         @5.90  3-0 GREEN R$+39
   15:00 2x2       Reims x Montpellier                @17.00 1-1 GREEN R$+24
   15:30 2x2       Juve Stabia x Cesena               @16.50 1-1 GREEN R$+24
   15:45 Draw      Ammanford AFC x Penybont FC        @8.40  AO Away Win GREEN R$+26
   22:00 Draw      Alianza Lima x Asociacion Deportiv @6.40  —
sem gatilho.
2026-09-18 21:40 | banca R$ 3997 (composta (pagina 02, 731 jogos ate 2026-09-18)) | liquidados 12/13 | 12G/0R | P&L R$ +317.88 (+8.0%)
   07:00 0x3       Yanbian Longding x Guangdong GZ-Po @26.00 1-2 GREEN R$+15
   09:30 Draw      Polissya Zhytomyr x Kryvbas Krivyi @6.60  1-0 GREEN R$+34
   09:45 Draw      Hapoel Tel Aviv x Hapoel Petach Ti @5.50  3-0 GREEN R$+42
   13:00 0x3       AC Oulu x FC Inter Turku           @25.00 0-1 GREEN R$+16
   13:00 Draw      MFK Karvina x H Slavia Kromeriz    @6.80  3-2 GREEN R$+33
   13:30 2x2       Wolfsburg x SV Darmstadt           @18.00 AO Home Win GREEN R$+22
   14:00 0x3       Slavia Sofia x CSKA 1948 Sofia     @22.00 1-2 GREEN R$+18
   14:00 Home      Omonia 29th May x AEK Larnaca      @8.60  1-2 GREEN R$+25
   14:30 Draw      Rapid Vienna x WSG Wattens         @5.90  3-0 GREEN R$+39
   15:00 2x2       Reims x Montpellier                @17.00 1-1 GREEN R$+24
   15:30 2x2       Juve Stabia x Cesena               @16.50 1-1 GREEN R$+24
   15:45 Draw      Ammanford AFC x Penybont FC        @8.40  AO Away Win GREEN R$+26
   22:00 Draw      Alianza Lima x Asociacion Deportiv @6.40  —
sem gatilho.
2026-09-18 21:45 | banca R$ 3997 (composta (pagina 02, 731 jogos ate 2026-09-18)) | liquidados 12/13 | 12G/0R | P&L R$ +317.88 (+8.0%)
   07:00 0x3       Yanbian Longding x Guangdong GZ-Po @26.00 1-2 GREEN R$+15
   09:30 Draw      Polissya Zhytomyr x Kryvbas Krivyi @6.60  1-0 GREEN R$+34
   09:45 Draw      Hapoel Tel Aviv x Hapoel Petach Ti @5.50  3-0 GREEN R$+42
   13:00 0x3       AC Oulu x FC Inter Turku           @25.00 0-1 GREEN R$+16
   13:00 Draw      MFK Karvina x H Slavia Kromeriz    @6.80  3-2 GREEN R$+33
   13:30 2x2       Wolfsburg x SV Darmstadt           @18.00 AO Home Win GREEN R$+22
   14:00 0x3       Slavia Sofia x CSKA 1948 Sofia     @22.00 1-2 GREEN R$+18
   14:00 Home      Omonia 29th May x AEK Larnaca      @8.60  1-2 GREEN R$+25
   14:30 Draw      Rapid Vienna x WSG Wattens         @5.90  3-0 GREEN R$+39
   15:00 2x2       Reims x Montpellier                @17.00 1-1 GREEN R$+24
   15:30 2x2       Juve Stabia x Cesena               @16.50 1-1 GREEN R$+24
   15:45 Draw      Ammanford AFC x Penybont FC        @8.40  AO Away Win GREEN R$+26
   22:00 Draw      Alianza Lima x Asociacion Deportiv @6.40  —
sem gatilho.
2026-09-18 21:50 | banca R$ 3997 (composta (pagina 02, 731 jogos ate 2026-09-18)) | liquidados 12/13 | 12G/0R | P&L R$ +317.88 (+8.0%)
   07:00 0x3       Yanbian Longding x Guangdong GZ-Po @26.00 1-2 GREEN R$+15
   09:30 Draw      Polissya Zhytomyr x Kryvbas Krivyi @6.60  1-0 GREEN R$+34
   09:45 Draw      Hapoel Tel Aviv x Hapoel Petach Ti @5.50  3-0 GREEN R$+42
   13:00 0x3       AC Oulu x FC Inter Turku           @25.00 0-1 GREEN R$+16
   13:00 Draw      MFK Karvina x H Slavia Kromeriz    @6.80  3-2 GREEN R$+33
   13:30 2x2       Wolfsburg x SV Darmstadt           @18.00 AO Home Win GREEN R$+22
   14:00 0x3       Slavia Sofia x CSKA 1948 Sofia     @22.00 1-2 GREEN R$+18
   14:00 Home      Omonia 29th May x AEK Larnaca      @8.60  1-2 GREEN R$+25
   14:30 Draw      Rapid Vienna x WSG Wattens         @5.90  3-0 GREEN R$+39
   15:00 2x2       Reims x Montpellier                @17.00 1-1 GREEN R$+24
   15:30 2x2       Juve Stabia x Cesena               @16.50 1-1 GREEN R$+24
   15:45 Draw      Ammanford AFC x Penybont FC        @8.40  AO Away Win GREEN R$+26
   22:00 Draw      Alianza Lima x Asociacion Deportiv @6.40  —
sem gatilho.
2026-09-18 21:55 | banca R$ 3997 (composta (pagina 02, 731 jogos ate 2026-09-18)) | liquidados 12/13 | 12G/0R | P&L R$ +317.88 (+8.0%)
   07:00 0x3       Yanbian Longding x Guangdong GZ-Po @26.00 1-2 GREEN R$+15
   09:30 Draw      Polissya Zhytomyr x Kryvbas Krivyi @6.60  1-0 GREEN R$+34
   09:45 Draw      Hapoel Tel Aviv x Hapoel Petach Ti @5.50  3-0 GREEN R$+42
   13:00 0x3       AC Oulu x FC Inter Turku           @25.00 0-1 GREEN R$+16
   13:00 Draw      MFK Karvina x H Slavia Kromeriz    @6.80  3-2 GREEN R$+33
   13:30 2x2       Wolfsburg x SV Darmstadt           @18.00 AO Home Win GREEN R$+22
   14:00 0x3       Slavia Sofia x CSKA 1948 Sofia     @22.00 1-2 GREEN R$+18
   14:00 Home      Omonia 29th May x AEK Larnaca      @8.60  1-2 GREEN R$+25
   14:30 Draw      Rapid Vienna x WSG Wattens         @5.90  3-0 GREEN R$+39
   15:00 2x2       Reims x Montpellier                @17.00 1-1 GREEN R$+24
   15:30 2x2       Juve Stabia x Cesena               @16.50 1-1 GREEN R$+24
   15:45 Draw      Ammanford AFC x Penybont FC        @8.40  AO Away Win GREEN R$+26
   22:00 Draw      Alianza Lima x Asociacion Deportiv @6.40  —
sem gatilho.
2026-09-18 22:00 | banca R$ 3997 (composta (pagina 02, 731 jogos ate 2026-09-18)) | liquidados 12/13 | 12G/0R | P&L R$ +317.88 (+8.0%)
   07:00 0x3       Yanbian Longding x Guangdong GZ-Po @26.00 1-2 GREEN R$+15
   09:30 Draw      Polissya Zhytomyr x Kryvbas Krivyi @6.60  1-0 GREEN R$+34
   09:45 Draw      Hapoel Tel Aviv x Hapoel Petach Ti @5.50  3-0 GREEN R$+42
   13:00 0x3       AC Oulu x FC Inter Turku           @25.00 0-1 GREEN R$+16
   13:00 Draw      MFK Karvina x H Slavia Kromeriz    @6.80  3-2 GREEN R$+33
   13:30 2x2       Wolfsburg x SV Darmstadt           @18.00 AO Home Win GREEN R$+22
   14:00 0x3       Slavia Sofia x CSKA 1948 Sofia     @22.00 1-2 GREEN R$+18
   14:00 Home      Omonia 29th May x AEK Larnaca      @8.60  1-2 GREEN R$+25
   14:30 Draw      Rapid Vienna x WSG Wattens         @5.90  3-0 GREEN R$+39
   15:00 2x2       Reims x Montpellier                @17.00 1-1 GREEN R$+24
   15:30 2x2       Juve Stabia x Cesena               @16.50 1-1 GREEN R$+24
   15:45 Draw      Ammanford AFC x Penybont FC        @8.40  AO Away Win GREEN R$+26
   22:00 Draw      Alianza Lima x Asociacion Deportiv @6.40  —
sem gatilho.
2026-09-18 22:05 | banca R$ 3997 (composta (pagina 02, 731 jogos ate 2026-09-18)) | liquidados 12/13 | 12G/0R | P&L R$ +317.88 (+8.0%)
   07:00 0x3       Yanbian Longding x Guangdong GZ-Po @26.00 1-2 GREEN R$+15
   09:30 Draw      Polissya Zhytomyr x Kryvbas Krivyi @6.60  1-0 GREEN R$+34
   09:45 Draw      Hapoel Tel Aviv x Hapoel Petach Ti @5.50  3-0 GREEN R$+42
   13:00 0x3       AC Oulu x FC Inter Turku           @25.00 0-1 GREEN R$+16
   13:00 Draw      MFK Karvina x H Slavia Kromeriz    @6.80  3-2 GREEN R$+33
   13:30 2x2       Wolfsburg x SV Darmstadt           @18.00 AO Home Win GREEN R$+22
   14:00 0x3       Slavia Sofia x CSKA 1948 Sofia     @22.00 1-2 GREEN R$+18
   14:00 Home      Omonia 29th May x AEK Larnaca      @8.60  1-2 GREEN R$+25
   14:30 Draw      Rapid Vienna x WSG Wattens         @5.90  3-0 GREEN R$+39
   15:00 2x2       Reims x Montpellier                @17.00 1-1 GREEN R$+24
   15:30 2x2       Juve Stabia x Cesena               @16.50 1-1 GREEN R$+24
   15:45 Draw      Ammanford AFC x Penybont FC        @8.40  AO Away Win GREEN R$+26
   22:00 Draw      Alianza Lima x Asociacion Deportiv @6.40  —
sem gatilho.
2026-09-18 22:10 | banca R$ 3997 (composta (pagina 02, 731 jogos ate 2026-09-18)) | liquidados 12/13 | 12G/0R | P&L R$ +317.88 (+8.0%)
   07:00 0x3       Yanbian Longding x Guangdong GZ-Po @26.00 1-2 GREEN R$+15
   09:30 Draw      Polissya Zhytomyr x Kryvbas Krivyi @6.60  1-0 GREEN R$+34
   09:45 Draw      Hapoel Tel Aviv x Hapoel Petach Ti @5.50  3-0 GREEN R$+42
   13:00 0x3       AC Oulu x FC Inter Turku           @25.00 0-1 GREEN R$+16
   13:00 Draw      MFK Karvina x H Slavia Kromeriz    @6.80  3-2 GREEN R$+33
   13:30 2x2       Wolfsburg x SV Darmstadt           @18.00 AO Home Win GREEN R$+22
   14:00 0x3       Slavia Sofia x CSKA 1948 Sofia     @22.00 1-2 GREEN R$+18
   14:00 Home      Omonia 29th May x AEK Larnaca      @8.60  1-2 GREEN R$+25
   14:30 Draw      Rapid Vienna x WSG Wattens         @5.90  3-0 GREEN R$+39
   15:00 2x2       Reims x Montpellier                @17.00 1-1 GREEN R$+24
   15:30 2x2       Juve Stabia x Cesena               @16.50 1-1 GREEN R$+24
   15:45 Draw      Ammanford AFC x Penybont FC        @8.40  AO Away Win GREEN R$+26
   22:00 Draw      Alianza Lima x Asociacion Deportiv @6.40  —
sem gatilho.
2026-09-18 22:15 | banca R$ 3997 (composta (pagina 02, 731 jogos ate 2026-09-18)) | liquidados 12/13 | 12G/0R | P&L R$ +317.88 (+8.0%)
   07:00 0x3       Yanbian Longding x Guangdong GZ-Po @26.00 1-2 GREEN R$+15
   09:30 Draw      Polissya Zhytomyr x Kryvbas Krivyi @6.60  1-0 GREEN R$+34
   09:45 Draw      Hapoel Tel Aviv x Hapoel Petach Ti @5.50  3-0 GREEN R$+42
   13:00 0x3       AC Oulu x FC Inter Turku           @25.00 0-1 GREEN R$+16
   13:00 Draw      MFK Karvina x H Slavia Kromeriz    @6.80  3-2 GREEN R$+33
   13:30 2x2       Wolfsburg x SV Darmstadt           @18.00 AO Home Win GREEN R$+22
   14:00 0x3       Slavia Sofia x CSKA 1948 Sofia     @22.00 1-2 GREEN R$+18
   14:00 Home      Omonia 29th May x AEK Larnaca      @8.60  1-2 GREEN R$+25
   14:30 Draw      Rapid Vienna x WSG Wattens         @5.90  3-0 GREEN R$+39
   15:00 2x2       Reims x Montpellier                @17.00 1-1 GREEN R$+24
   15:30 2x2       Juve Stabia x Cesena               @16.50 1-1 GREEN R$+24
   15:45 Draw      Ammanford AFC x Penybont FC        @8.40  AO Away Win GREEN R$+26
   22:00 Draw      Alianza Lima x Asociacion Deportiv @6.40  —
sem gatilho.
2026-09-18 22:20 | banca R$ 3997 (composta (pagina 02, 731 jogos ate 2026-09-18)) | liquidados 12/13 | 12G/0R | P&L R$ +317.88 (+8.0%)
   07:00 0x3       Yanbian Longding x Guangdong GZ-Po @26.00 1-2 GREEN R$+15
   09:30 Draw      Polissya Zhytomyr x Kryvbas Krivyi @6.60  1-0 GREEN R$+34
   09:45 Draw      Hapoel Tel Aviv x Hapoel Petach Ti @5.50  3-0 GREEN R$+42
   13:00 0x3       AC Oulu x FC Inter Turku           @25.00 0-1 GREEN R$+16
   13:00 Draw      MFK Karvina x H Slavia Kromeriz    @6.80  3-2 GREEN R$+33
   13:30 2x2       Wolfsburg x SV Darmstadt           @18.00 AO Home Win GREEN R$+22
   14:00 0x3       Slavia Sofia x CSKA 1948 Sofia     @22.00 1-2 GREEN R$+18
   14:00 Home      Omonia 29th May x AEK Larnaca      @8.60  1-2 GREEN R$+25
   14:30 Draw      Rapid Vienna x WSG Wattens         @5.90  3-0 GREEN R$+39
   15:00 2x2       Reims x Montpellier                @17.00 1-1 GREEN R$+24
   15:30 2x2       Juve Stabia x Cesena               @16.50 1-1 GREEN R$+24
   15:45 Draw      Ammanford AFC x Penybont FC        @8.40  AO Away Win GREEN R$+26
   22:00 Draw      Alianza Lima x Asociacion Deportiv @6.40  —
sem gatilho.
2026-09-18 22:25 | banca R$ 3997 (composta (pagina 02, 731 jogos ate 2026-09-18)) | liquidados 12/13 | 12G/0R | P&L R$ +317.88 (+8.0%)
   07:00 0x3       Yanbian Longding x Guangdong GZ-Po @26.00 1-2 GREEN R$+15
   09:30 Draw      Polissya Zhytomyr x Kryvbas Krivyi @6.60  1-0 GREEN R$+34
   09:45 Draw      Hapoel Tel Aviv x Hapoel Petach Ti @5.50  3-0 GREEN R$+42
   13:00 0x3       AC Oulu x FC Inter Turku           @25.00 0-1 GREEN R$+16
   13:00 Draw      MFK Karvina x H Slavia Kromeriz    @6.80  3-2 GREEN R$+33
   13:30 2x2       Wolfsburg x SV Darmstadt           @18.00 AO Home Win GREEN R$+22
   14:00 0x3       Slavia Sofia x CSKA 1948 Sofia     @22.00 1-2 GREEN R$+18
   14:00 Home      Omonia 29th May x AEK Larnaca      @8.60  1-2 GREEN R$+25
   14:30 Draw      Rapid Vienna x WSG Wattens         @5.90  3-0 GREEN R$+39
   15:00 2x2       Reims x Montpellier                @17.00 1-1 GREEN R$+24
   15:30 2x2       Juve Stabia x Cesena               @16.50 1-1 GREEN R$+24
   15:45 Draw      Ammanford AFC x Penybont FC        @8.40  AO Away Win GREEN R$+26
   22:00 Draw      Alianza Lima x Asociacion Deportiv @6.40  —
sem gatilho.
2026-09-18 22:30 | banca R$ 3997 (composta (pagina 02, 731 jogos ate 2026-09-18)) | liquidados 12/13 | 12G/0R | P&L R$ +317.88 (+8.0%)
   07:00 0x3       Yanbian Longding x Guangdong GZ-Po @26.00 1-2 GREEN R$+15
   09:30 Draw      Polissya Zhytomyr x Kryvbas Krivyi @6.60  1-0 GREEN R$+34
   09:45 Draw      Hapoel Tel Aviv x Hapoel Petach Ti @5.50  3-0 GREEN R$+42
   13:00 0x3       AC Oulu x FC Inter Turku           @25.00 0-1 GREEN R$+16
   13:00 Draw      MFK Karvina x H Slavia Kromeriz    @6.80  3-2 GREEN R$+33
   13:30 2x2       Wolfsburg x SV Darmstadt           @18.00 AO Home Win GREEN R$+22
   14:00 0x3       Slavia Sofia x CSKA 1948 Sofia     @22.00 1-2 GREEN R$+18
   14:00 Home      Omonia 29th May x AEK Larnaca      @8.60  1-2 GREEN R$+25
   14:30 Draw      Rapid Vienna x WSG Wattens         @5.90  3-0 GREEN R$+39
   15:00 2x2       Reims x Montpellier                @17.00 1-1 GREEN R$+24
   15:30 2x2       Juve Stabia x Cesena               @16.50 1-1 GREEN R$+24
   15:45 Draw      Ammanford AFC x Penybont FC        @8.40  AO Away Win GREEN R$+26
   22:00 Draw      Alianza Lima x Asociacion Deportiv @6.40  —
sem gatilho.
2026-09-18 22:35 | banca R$ 3997 (composta (pagina 02, 731 jogos ate 2026-09-18)) | liquidados 12/13 | 12G/0R | P&L R$ +317.88 (+8.0%)
   07:00 0x3       Yanbian Longding x Guangdong GZ-Po @26.00 1-2 GREEN R$+15
   09:30 Draw      Polissya Zhytomyr x Kryvbas Krivyi @6.60  1-0 GREEN R$+34
   09:45 Draw      Hapoel Tel Aviv x Hapoel Petach Ti @5.50  3-0 GREEN R$+42
   13:00 0x3       AC Oulu x FC Inter Turku           @25.00 0-1 GREEN R$+16
   13:00 Draw      MFK Karvina x H Slavia Kromeriz    @6.80  3-2 GREEN R$+33
   13:30 2x2       Wolfsburg x SV Darmstadt           @18.00 AO Home Win GREEN R$+22
   14:00 0x3       Slavia Sofia x CSKA 1948 Sofia     @22.00 1-2 GREEN R$+18
   14:00 Home      Omonia 29th May x AEK Larnaca      @8.60  1-2 GREEN R$+25
   14:30 Draw      Rapid Vienna x WSG Wattens         @5.90  3-0 GREEN R$+39
   15:00 2x2       Reims x Montpellier                @17.00 1-1 GREEN R$+24
   15:30 2x2       Juve Stabia x Cesena               @16.50 1-1 GREEN R$+24
   15:45 Draw      Ammanford AFC x Penybont FC        @8.40  AO Away Win GREEN R$+26
   22:00 Draw      Alianza Lima x Asociacion Deportiv @6.40  —
sem gatilho.
2026-09-18 22:40 | banca R$ 3997 (composta (pagina 02, 731 jogos ate 2026-09-18)) | liquidados 12/13 | 12G/0R | P&L R$ +317.88 (+8.0%)
   07:00 0x3       Yanbian Longding x Guangdong GZ-Po @26.00 1-2 GREEN R$+15
   09:30 Draw      Polissya Zhytomyr x Kryvbas Krivyi @6.60  1-0 GREEN R$+34
   09:45 Draw      Hapoel Tel Aviv x Hapoel Petach Ti @5.50  3-0 GREEN R$+42
   13:00 0x3       AC Oulu x FC Inter Turku           @25.00 0-1 GREEN R$+16
   13:00 Draw      MFK Karvina x H Slavia Kromeriz    @6.80  3-2 GREEN R$+33
   13:30 2x2       Wolfsburg x SV Darmstadt           @18.00 AO Home Win GREEN R$+22
   14:00 0x3       Slavia Sofia x CSKA 1948 Sofia     @22.00 1-2 GREEN R$+18
   14:00 Home      Omonia 29th May x AEK Larnaca      @8.60  1-2 GREEN R$+25
   14:30 Draw      Rapid Vienna x WSG Wattens         @5.90  3-0 GREEN R$+39
   15:00 2x2       Reims x Montpellier                @17.00 1-1 GREEN R$+24
   15:30 2x2       Juve Stabia x Cesena               @16.50 1-1 GREEN R$+24
   15:45 Draw      Ammanford AFC x Penybont FC        @8.40  AO Away Win GREEN R$+26
   22:00 Draw      Alianza Lima x Asociacion Deportiv @6.40  —
sem gatilho.
2026-09-18 22:45 | banca R$ 3997 (composta (pagina 02, 731 jogos ate 2026-09-18)) | liquidados 12/13 | 12G/0R | P&L R$ +317.88 (+8.0%)
   07:00 0x3       Yanbian Longding x Guangdong GZ-Po @26.00 1-2 GREEN R$+15
   09:30 Draw      Polissya Zhytomyr x Kryvbas Krivyi @6.60  1-0 GREEN R$+34
   09:45 Draw      Hapoel Tel Aviv x Hapoel Petach Ti @5.50  3-0 GREEN R$+42
   13:00 0x3       AC Oulu x FC Inter Turku           @25.00 0-1 GREEN R$+16
   13:00 Draw      MFK Karvina x H Slavia Kromeriz    @6.80  3-2 GREEN R$+33
   13:30 2x2       Wolfsburg x SV Darmstadt           @18.00 AO Home Win GREEN R$+22
   14:00 0x3       Slavia Sofia x CSKA 1948 Sofia     @22.00 1-2 GREEN R$+18
   14:00 Home      Omonia 29th May x AEK Larnaca      @8.60  1-2 GREEN R$+25
   14:30 Draw      Rapid Vienna x WSG Wattens         @5.90  3-0 GREEN R$+39
   15:00 2x2       Reims x Montpellier                @17.00 1-1 GREEN R$+24
   15:30 2x2       Juve Stabia x Cesena               @16.50 1-1 GREEN R$+24
   15:45 Draw      Ammanford AFC x Penybont FC        @8.40  AO Away Win GREEN R$+26
   22:00 Draw      Alianza Lima x Asociacion Deportiv @6.40  —
sem gatilho.
2026-09-18 22:50 | banca R$ 3997 (composta (pagina 02, 731 jogos ate 2026-09-18)) | liquidados 12/13 | 12G/0R | P&L R$ +317.88 (+8.0%)
   07:00 0x3       Yanbian Longding x Guangdong GZ-Po @26.00 1-2 GREEN R$+15
   09:30 Draw      Polissya Zhytomyr x Kryvbas Krivyi @6.60  1-0 GREEN R$+34
   09:45 Draw      Hapoel Tel Aviv x Hapoel Petach Ti @5.50  3-0 GREEN R$+42
   13:00 0x3       AC Oulu x FC Inter Turku           @25.00 0-1 GREEN R$+16
   13:00 Draw      MFK Karvina x H Slavia Kromeriz    @6.80  3-2 GREEN R$+33
   13:30 2x2       Wolfsburg x SV Darmstadt           @18.00 AO Home Win GREEN R$+22
   14:00 0x3       Slavia Sofia x CSKA 1948 Sofia     @22.00 1-2 GREEN R$+18
   14:00 Home      Omonia 29th May x AEK Larnaca      @8.60  1-2 GREEN R$+25
   14:30 Draw      Rapid Vienna x WSG Wattens         @5.90  3-0 GREEN R$+39
   15:00 2x2       Reims x Montpellier                @17.00 1-1 GREEN R$+24
   15:30 2x2       Juve Stabia x Cesena               @16.50 1-1 GREEN R$+24
   15:45 Draw      Ammanford AFC x Penybont FC        @8.40  AO Away Win GREEN R$+26
   22:00 Draw      Alianza Lima x Asociacion Deportiv @6.40  —
sem gatilho.
2026-09-18 22:55 | banca R$ 3997 (composta (pagina 02, 731 jogos ate 2026-09-18)) | liquidados 12/13 | 12G/0R | P&L R$ +317.88 (+8.0%)
   07:00 0x3       Yanbian Longding x Guangdong GZ-Po @26.00 1-2 GREEN R$+15
   09:30 Draw      Polissya Zhytomyr x Kryvbas Krivyi @6.60  1-0 GREEN R$+34
   09:45 Draw      Hapoel Tel Aviv x Hapoel Petach Ti @5.50  3-0 GREEN R$+42
   13:00 0x3       AC Oulu x FC Inter Turku           @25.00 0-1 GREEN R$+16
   13:00 Draw      MFK Karvina x H Slavia Kromeriz    @6.80  3-2 GREEN R$+33
   13:30 2x2       Wolfsburg x SV Darmstadt           @18.00 AO Home Win GREEN R$+22
   14:00 0x3       Slavia Sofia x CSKA 1948 Sofia     @22.00 1-2 GREEN R$+18
   14:00 Home      Omonia 29th May x AEK Larnaca      @8.60  1-2 GREEN R$+25
   14:30 Draw      Rapid Vienna x WSG Wattens         @5.90  3-0 GREEN R$+39
   15:00 2x2       Reims x Montpellier                @17.00 1-1 GREEN R$+24
   15:30 2x2       Juve Stabia x Cesena               @16.50 1-1 GREEN R$+24
   15:45 Draw      Ammanford AFC x Penybont FC        @8.40  AO Away Win GREEN R$+26
   22:00 Draw      Alianza Lima x Asociacion Deportiv @6.40  —
sem gatilho.
2026-09-18 23:00 | banca R$ 3997 (composta (pagina 02, 731 jogos ate 2026-09-18)) | liquidados 12/13 | 12G/0R | P&L R$ +317.88 (+8.0%)
   07:00 0x3       Yanbian Longding x Guangdong GZ-Po @26.00 1-2 GREEN R$+15
   09:30 Draw      Polissya Zhytomyr x Kryvbas Krivyi @6.60  1-0 GREEN R$+34
   09:45 Draw      Hapoel Tel Aviv x Hapoel Petach Ti @5.50  3-0 GREEN R$+42
   13:00 0x3       AC Oulu x FC Inter Turku           @25.00 0-1 GREEN R$+16
   13:00 Draw      MFK Karvina x H Slavia Kromeriz    @6.80  3-2 GREEN R$+33
   13:30 2x2       Wolfsburg x SV Darmstadt           @18.00 AO Home Win GREEN R$+22
   14:00 0x3       Slavia Sofia x CSKA 1948 Sofia     @22.00 1-2 GREEN R$+18
   14:00 Home      Omonia 29th May x AEK Larnaca      @8.60  1-2 GREEN R$+25
   14:30 Draw      Rapid Vienna x WSG Wattens         @5.90  3-0 GREEN R$+39
   15:00 2x2       Reims x Montpellier                @17.00 1-1 GREEN R$+24
   15:30 2x2       Juve Stabia x Cesena               @16.50 1-1 GREEN R$+24
   15:45 Draw      Ammanford AFC x Penybont FC        @8.40  AO Away Win GREEN R$+26
   22:00 Draw      Alianza Lima x Asociacion Deportiv @6.40  —
sem gatilho.
2026-09-18 23:05 | banca R$ 3997 (composta (pagina 02, 731 jogos ate 2026-09-18)) | liquidados 12/13 | 12G/0R | P&L R$ +317.88 (+8.0%)
   07:00 0x3       Yanbian Longding x Guangdong GZ-Po @26.00 1-2 GREEN R$+15
   09:30 Draw      Polissya Zhytomyr x Kryvbas Krivyi @6.60  1-0 GREEN R$+34
   09:45 Draw      Hapoel Tel Aviv x Hapoel Petach Ti @5.50  3-0 GREEN R$+42
   13:00 0x3       AC Oulu x FC Inter Turku           @25.00 0-1 GREEN R$+16
   13:00 Draw      MFK Karvina x H Slavia Kromeriz    @6.80  3-2 GREEN R$+33
   13:30 2x2       Wolfsburg x SV Darmstadt           @18.00 AO Home Win GREEN R$+22
   14:00 0x3       Slavia Sofia x CSKA 1948 Sofia     @22.00 1-2 GREEN R$+18
   14:00 Home      Omonia 29th May x AEK Larnaca      @8.60  1-2 GREEN R$+25
   14:30 Draw      Rapid Vienna x WSG Wattens         @5.90  3-0 GREEN R$+39
   15:00 2x2       Reims x Montpellier                @17.00 1-1 GREEN R$+24
   15:30 2x2       Juve Stabia x Cesena               @16.50 1-1 GREEN R$+24
   15:45 Draw      Ammanford AFC x Penybont FC        @8.40  AO Away Win GREEN R$+26
   22:00 Draw      Alianza Lima x Asociacion Deportiv @6.40  —
sem gatilho.
2026-09-18 23:10 | banca R$ 3997 (composta (pagina 02, 731 jogos ate 2026-09-18)) | liquidados 12/13 | 12G/0R | P&L R$ +317.88 (+8.0%)
   07:00 0x3       Yanbian Longding x Guangdong GZ-Po @26.00 1-2 GREEN R$+15
   09:30 Draw      Polissya Zhytomyr x Kryvbas Krivyi @6.60  1-0 GREEN R$+34
   09:45 Draw      Hapoel Tel Aviv x Hapoel Petach Ti @5.50  3-0 GREEN R$+42
   13:00 0x3       AC Oulu x FC Inter Turku           @25.00 0-1 GREEN R$+16
   13:00 Draw      MFK Karvina x H Slavia Kromeriz    @6.80  3-2 GREEN R$+33
   13:30 2x2       Wolfsburg x SV Darmstadt           @18.00 AO Home Win GREEN R$+22
   14:00 0x3       Slavia Sofia x CSKA 1948 Sofia     @22.00 1-2 GREEN R$+18
   14:00 Home      Omonia 29th May x AEK Larnaca      @8.60  1-2 GREEN R$+25
   14:30 Draw      Rapid Vienna x WSG Wattens         @5.90  3-0 GREEN R$+39
   15:00 2x2       Reims x Montpellier                @17.00 1-1 GREEN R$+24
   15:30 2x2       Juve Stabia x Cesena               @16.50 1-1 GREEN R$+24
   15:45 Draw      Ammanford AFC x Penybont FC        @8.40  AO Away Win GREEN R$+26
   22:00 Draw      Alianza Lima x Asociacion Deportiv @6.40  —
sem gatilho.
2026-09-18 23:15 | banca R$ 3997 (composta (pagina 02, 731 jogos ate 2026-09-18)) | liquidados 12/13 | 12G/0R | P&L R$ +317.88 (+8.0%)
   07:00 0x3       Yanbian Longding x Guangdong GZ-Po @26.00 1-2 GREEN R$+15
   09:30 Draw      Polissya Zhytomyr x Kryvbas Krivyi @6.60  1-0 GREEN R$+34
   09:45 Draw      Hapoel Tel Aviv x Hapoel Petach Ti @5.50  3-0 GREEN R$+42
   13:00 0x3       AC Oulu x FC Inter Turku           @25.00 0-1 GREEN R$+16
   13:00 Draw      MFK Karvina x H Slavia Kromeriz    @6.80  3-2 GREEN R$+33
   13:30 2x2       Wolfsburg x SV Darmstadt           @18.00 AO Home Win GREEN R$+22
   14:00 0x3       Slavia Sofia x CSKA 1948 Sofia     @22.00 1-2 GREEN R$+18
   14:00 Home      Omonia 29th May x AEK Larnaca      @8.60  1-2 GREEN R$+25
   14:30 Draw      Rapid Vienna x WSG Wattens         @5.90  3-0 GREEN R$+39
   15:00 2x2       Reims x Montpellier                @17.00 1-1 GREEN R$+24
   15:30 2x2       Juve Stabia x Cesena               @16.50 1-1 GREEN R$+24
   15:45 Draw      Ammanford AFC x Penybont FC        @8.40  AO Away Win GREEN R$+26
   22:00 Draw      Alianza Lima x Asociacion Deportiv @6.40  —
sem gatilho.
2026-09-18 23:20 | banca R$ 3997 (composta (pagina 02, 731 jogos ate 2026-09-18)) | liquidados 12/13 | 12G/0R | P&L R$ +317.88 (+8.0%)
   07:00 0x3       Yanbian Longding x Guangdong GZ-Po @26.00 1-2 GREEN R$+15
   09:30 Draw      Polissya Zhytomyr x Kryvbas Krivyi @6.60  1-0 GREEN R$+34
   09:45 Draw      Hapoel Tel Aviv x Hapoel Petach Ti @5.50  3-0 GREEN R$+42
   13:00 0x3       AC Oulu x FC Inter Turku           @25.00 0-1 GREEN R$+16
   13:00 Draw      MFK Karvina x H Slavia Kromeriz    @6.80  3-2 GREEN R$+33
   13:30 2x2       Wolfsburg x SV Darmstadt           @18.00 AO Home Win GREEN R$+22
   14:00 0x3       Slavia Sofia x CSKA 1948 Sofia     @22.00 1-2 GREEN R$+18
   14:00 Home      Omonia 29th May x AEK Larnaca      @8.60  1-2 GREEN R$+25
   14:30 Draw      Rapid Vienna x WSG Wattens         @5.90  3-0 GREEN R$+39
   15:00 2x2       Reims x Montpellier                @17.00 1-1 GREEN R$+24
   15:30 2x2       Juve Stabia x Cesena               @16.50 1-1 GREEN R$+24
   15:45 Draw      Ammanford AFC x Penybont FC        @8.40  AO Away Win GREEN R$+26
   22:00 Draw      Alianza Lima x Asociacion Deportiv @6.40  —
sem gatilho.
2026-09-18 23:25 | banca R$ 3997 (composta (pagina 02, 731 jogos ate 2026-09-18)) | liquidados 12/13 | 12G/0R | P&L R$ +317.88 (+8.0%)
   07:00 0x3       Yanbian Longding x Guangdong GZ-Po @26.00 1-2 GREEN R$+15
   09:30 Draw      Polissya Zhytomyr x Kryvbas Krivyi @6.60  1-0 GREEN R$+34
   09:45 Draw      Hapoel Tel Aviv x Hapoel Petach Ti @5.50  3-0 GREEN R$+42
   13:00 0x3       AC Oulu x FC Inter Turku           @25.00 0-1 GREEN R$+16
   13:00 Draw      MFK Karvina x H Slavia Kromeriz    @6.80  3-2 GREEN R$+33
   13:30 2x2       Wolfsburg x SV Darmstadt           @18.00 AO Home Win GREEN R$+22
   14:00 0x3       Slavia Sofia x CSKA 1948 Sofia     @22.00 1-2 GREEN R$+18
   14:00 Home      Omonia 29th May x AEK Larnaca      @8.60  1-2 GREEN R$+25
   14:30 Draw      Rapid Vienna x WSG Wattens         @5.90  3-0 GREEN R$+39
   15:00 2x2       Reims x Montpellier                @17.00 1-1 GREEN R$+24
   15:30 2x2       Juve Stabia x Cesena               @16.50 1-1 GREEN R$+24
   15:45 Draw      Ammanford AFC x Penybont FC        @8.40  AO Away Win GREEN R$+26
   22:00 Draw      Alianza Lima x Asociacion Deportiv @6.40  —
sem gatilho.
2026-09-18 23:30 | banca R$ 3997 (composta (pagina 02, 731 jogos ate 2026-09-18)) | liquidados 12/13 | 12G/0R | P&L R$ +317.88 (+8.0%)
   07:00 0x3       Yanbian Longding x Guangdong GZ-Po @26.00 1-2 GREEN R$+15
   09:30 Draw      Polissya Zhytomyr x Kryvbas Krivyi @6.60  1-0 GREEN R$+34
   09:45 Draw      Hapoel Tel Aviv x Hapoel Petach Ti @5.50  3-0 GREEN R$+42
   13:00 0x3       AC Oulu x FC Inter Turku           @25.00 0-1 GREEN R$+16
   13:00 Draw      MFK Karvina x H Slavia Kromeriz    @6.80  3-2 GREEN R$+33
   13:30 2x2       Wolfsburg x SV Darmstadt           @18.00 AO Home Win GREEN R$+22
   14:00 0x3       Slavia Sofia x CSKA 1948 Sofia     @22.00 1-2 GREEN R$+18
   14:00 Home      Omonia 29th May x AEK Larnaca      @8.60  1-2 GREEN R$+25
   14:30 Draw      Rapid Vienna x WSG Wattens         @5.90  3-0 GREEN R$+39
   15:00 2x2       Reims x Montpellier                @17.00 1-1 GREEN R$+24
   15:30 2x2       Juve Stabia x Cesena               @16.50 1-1 GREEN R$+24
   15:45 Draw      Ammanford AFC x Penybont FC        @8.40  AO Away Win GREEN R$+26
   22:00 Draw      Alianza Lima x Asociacion Deportiv @6.40  —
sem gatilho.
2026-09-18 23:35 | banca R$ 3997 (composta (pagina 02, 731 jogos ate 2026-09-18)) | liquidados 12/13 | 12G/0R | P&L R$ +317.88 (+8.0%)
   07:00 0x3       Yanbian Longding x Guangdong GZ-Po @26.00 1-2 GREEN R$+15
   09:30 Draw      Polissya Zhytomyr x Kryvbas Krivyi @6.60  1-0 GREEN R$+34
   09:45 Draw      Hapoel Tel Aviv x Hapoel Petach Ti @5.50  3-0 GREEN R$+42
   13:00 0x3       AC Oulu x FC Inter Turku           @25.00 0-1 GREEN R$+16
   13:00 Draw      MFK Karvina x H Slavia Kromeriz    @6.80  3-2 GREEN R$+33
   13:30 2x2       Wolfsburg x SV Darmstadt           @18.00 AO Home Win GREEN R$+22
   14:00 0x3       Slavia Sofia x CSKA 1948 Sofia     @22.00 1-2 GREEN R$+18
   14:00 Home      Omonia 29th May x AEK Larnaca      @8.60  1-2 GREEN R$+25
   14:30 Draw      Rapid Vienna x WSG Wattens         @5.90  3-0 GREEN R$+39
   15:00 2x2       Reims x Montpellier                @17.00 1-1 GREEN R$+24
   15:30 2x2       Juve Stabia x Cesena               @16.50 1-1 GREEN R$+24
   15:45 Draw      Ammanford AFC x Penybont FC        @8.40  AO Away Win GREEN R$+26
   22:00 Draw      Alianza Lima x Asociacion Deportiv @6.40  —
sem gatilho.
2026-09-18 23:40 | banca R$ 3997 (composta (pagina 02, 731 jogos ate 2026-09-18)) | liquidados 12/13 | 12G/0R | P&L R$ +317.88 (+8.0%)
   07:00 0x3       Yanbian Longding x Guangdong GZ-Po @26.00 1-2 GREEN R$+15
   09:30 Draw      Polissya Zhytomyr x Kryvbas Krivyi @6.60  1-0 GREEN R$+34
   09:45 Draw      Hapoel Tel Aviv x Hapoel Petach Ti @5.50  3-0 GREEN R$+42
   13:00 0x3       AC Oulu x FC Inter Turku           @25.00 0-1 GREEN R$+16
   13:00 Draw      MFK Karvina x H Slavia Kromeriz    @6.80  3-2 GREEN R$+33
   13:30 2x2       Wolfsburg x SV Darmstadt           @18.00 AO Home Win GREEN R$+22
   14:00 0x3       Slavia Sofia x CSKA 1948 Sofia     @22.00 1-2 GREEN R$+18
   14:00 Home      Omonia 29th May x AEK Larnaca      @8.60  1-2 GREEN R$+25
   14:30 Draw      Rapid Vienna x WSG Wattens         @5.90  3-0 GREEN R$+39
   15:00 2x2       Reims x Montpellier                @17.00 1-1 GREEN R$+24
   15:30 2x2       Juve Stabia x Cesena               @16.50 1-1 GREEN R$+24
   15:45 Draw      Ammanford AFC x Penybont FC        @8.40  AO Away Win GREEN R$+26
   22:00 Draw      Alianza Lima x Asociacion Deportiv @6.40  —
sem gatilho.
2026-09-18 23:45 | banca R$ 3997 (composta (pagina 02, 731 jogos ate 2026-09-18)) | liquidados 12/13 | 12G/0R | P&L R$ +317.88 (+8.0%)
   07:00 0x3       Yanbian Longding x Guangdong GZ-Po @26.00 1-2 GREEN R$+15
   09:30 Draw      Polissya Zhytomyr x Kryvbas Krivyi @6.60  1-0 GREEN R$+34
   09:45 Draw      Hapoel Tel Aviv x Hapoel Petach Ti @5.50  3-0 GREEN R$+42
   13:00 0x3       AC Oulu x FC Inter Turku           @25.00 0-1 GREEN R$+16
   13:00 Draw      MFK Karvina x H Slavia Kromeriz    @6.80  3-2 GREEN R$+33
   13:30 2x2       Wolfsburg x SV Darmstadt           @18.00 AO Home Win GREEN R$+22
   14:00 0x3       Slavia Sofia x CSKA 1948 Sofia     @22.00 1-2 GREEN R$+18
   14:00 Home      Omonia 29th May x AEK Larnaca      @8.60  1-2 GREEN R$+25
   14:30 Draw      Rapid Vienna x WSG Wattens         @5.90  3-0 GREEN R$+39
   15:00 2x2       Reims x Montpellier                @17.00 1-1 GREEN R$+24
   15:30 2x2       Juve Stabia x Cesena               @16.50 1-1 GREEN R$+24
   15:45 Draw      Ammanford AFC x Penybont FC        @8.40  AO Away Win GREEN R$+26
   22:00 Draw      Alianza Lima x Asociacion Deportiv @6.40  —
sem gatilho.
2026-09-18 23:50 | banca R$ 3997 (composta (pagina 02, 731 jogos ate 2026-09-18)) | liquidados 12/13 | 12G/0R | P&L R$ +317.88 (+8.0%)
   07:00 0x3       Yanbian Longding x Guangdong GZ-Po @26.00 1-2 GREEN R$+15
   09:30 Draw      Polissya Zhytomyr x Kryvbas Krivyi @6.60  1-0 GREEN R$+34
   09:45 Draw      Hapoel Tel Aviv x Hapoel Petach Ti @5.50  3-0 GREEN R$+42
   13:00 0x3       AC Oulu x FC Inter Turku           @25.00 0-1 GREEN R$+16
   13:00 Draw      MFK Karvina x H Slavia Kromeriz    @6.80  3-2 GREEN R$+33
   13:30 2x2       Wolfsburg x SV Darmstadt           @18.00 AO Home Win GREEN R$+22
   14:00 0x3       Slavia Sofia x CSKA 1948 Sofia     @22.00 1-2 GREEN R$+18
   14:00 Home      Omonia 29th May x AEK Larnaca      @8.60  1-2 GREEN R$+25
   14:30 Draw      Rapid Vienna x WSG Wattens         @5.90  3-0 GREEN R$+39
   15:00 2x2       Reims x Montpellier                @17.00 1-1 GREEN R$+24
   15:30 2x2       Juve Stabia x Cesena               @16.50 1-1 GREEN R$+24
   15:45 Draw      Ammanford AFC x Penybont FC        @8.40  AO Away Win GREEN R$+26
   22:00 Draw      Alianza Lima x Asociacion Deportiv @6.40  —
sem gatilho.
2026-09-18 23:55 | banca R$ 3997 (composta (pagina 02, 731 jogos ate 2026-09-18)) | liquidados 12/13 | 12G/0R | P&L R$ +317.88 (+8.0%)
   07:00 0x3       Yanbian Longding x Guangdong GZ-Po @26.00 1-2 GREEN R$+15
   09:30 Draw      Polissya Zhytomyr x Kryvbas Krivyi @6.60  1-0 GREEN R$+34
   09:45 Draw      Hapoel Tel Aviv x Hapoel Petach Ti @5.50  3-0 GREEN R$+42
   13:00 0x3       AC Oulu x FC Inter Turku           @25.00 0-1 GREEN R$+16
   13:00 Draw      MFK Karvina x H Slavia Kromeriz    @6.80  3-2 GREEN R$+33
   13:30 2x2       Wolfsburg x SV Darmstadt           @18.00 AO Home Win GREEN R$+22
   14:00 0x3       Slavia Sofia x CSKA 1948 Sofia     @22.00 1-2 GREEN R$+18
   14:00 Home      Omonia 29th May x AEK Larnaca      @8.60  1-2 GREEN R$+25
   14:30 Draw      Rapid Vienna x WSG Wattens         @5.90  3-0 GREEN R$+39
   15:00 2x2       Reims x Montpellier                @17.00 1-1 GREEN R$+24
   15:30 2x2       Juve Stabia x Cesena               @16.50 1-1 GREEN R$+24
   15:45 Draw      Ammanford AFC x Penybont FC        @8.40  AO Away Win GREEN R$+26
   22:00 Draw      Alianza Lima x Asociacion Deportiv @6.40  —
sem gatilho.
sem planilha do dia 2026-09-19
sem planilha do dia 2026-09-19
sem planilha do dia 2026-09-19
sem planilha do dia 2026-09-19
sem planilha do dia 2026-09-19
sem planilha do dia 2026-09-19
sem planilha do dia 2026-09-19
sem planilha do dia 2026-09-19
sem planilha do dia 2026-09-19
sem planilha do dia 2026-09-19
sem planilha do dia 2026-09-19
sem planilha do dia 2026-09-19
sem planilha do dia 2026-09-19
sem planilha do dia 2026-09-19
sem planilha do dia 2026-09-19
sem planilha do dia 2026-09-19
sem planilha do dia 2026-09-19
sem planilha do dia 2026-09-19
sem planilha do dia 2026-09-19
sem planilha do dia 2026-09-19
sem planilha do dia 2026-09-19
sem planilha do dia 2026-09-19
sem planilha do dia 2026-09-19
sem planilha do dia 2026-09-19
sem planilha do dia 2026-09-19
sem planilha do dia 2026-09-19
sem planilha do dia 2026-09-19
sem planilha do dia 2026-09-19
sem planilha do dia 2026-09-19
sem planilha do dia 2026-09-19
sem planilha do dia 2026-09-19
sem planilha do dia 2026-09-19
sem planilha do dia 2026-09-19
sem planilha do dia 2026-09-19
sem planilha do dia 2026-09-19
sem planilha do dia 2026-09-19
sem planilha do dia 2026-09-19
sem planilha do dia 2026-09-19
sem planilha do dia 2026-09-19
sem planilha do dia 2026-09-19
sem planilha do dia 2026-09-19
sem planilha do dia 2026-09-19
sem planilha do dia 2026-09-19
sem planilha do dia 2026-09-19
sem planilha do dia 2026-09-19
sem planilha do dia 2026-09-19
sem planilha do dia 2026-09-19
sem planilha do dia 2026-09-19
sem planilha do dia 2026-09-19
sem planilha do dia 2026-09-19
sem planilha do dia 2026-09-19
sem planilha do dia 2026-09-19
sem planilha do dia 2026-09-19
sem planilha do dia 2026-09-19
sem planilha do dia 2026-09-19
sem planilha do dia 2026-09-19
sem planilha do dia 2026-09-19
sem planilha do dia 2026-09-19
sem planilha do dia 2026-09-19
sem planilha do dia 2026-09-19
sem planilha do dia 2026-09-19
sem planilha do dia 2026-09-19
sem planilha do dia 2026-09-19
sem planilha do dia 2026-09-19
sem planilha do dia 2026-09-19
sem planilha do dia 2026-09-19
sem planilha do dia 2026-09-19
sem planilha do dia 2026-09-19
sem planilha do dia 2026-09-19
sem planilha do dia 2026-09-19
sem planilha do dia 2026-09-19
sem planilha do dia 2026-09-19
sem planilha do dia 2026-09-19
sem planilha do dia 2026-09-19
sem planilha do dia 2026-09-19
sem planilha do dia 2026-09-19
sem planilha do dia 2026-09-19
sem planilha do dia 2026-09-19
sem planilha do dia 2026-09-19
sem planilha do dia 2026-09-19
sem planilha do dia 2026-09-19
sem planilha do dia 2026-09-19
sem planilha do dia 2026-09-19
sem planilha do dia 2026-09-19
sem planilha do dia 2026-09-19
sem planilha do dia 2026-09-19
sem planilha do dia 2026-09-19
sem planilha do dia 2026-09-19
sem planilha do dia 2026-09-19
sem planilha do dia 2026-09-19
sem planilha do dia 2026-09-19
sem planilha do dia 2026-09-19
sem planilha do dia 2026-09-19
sem planilha do dia 2026-09-19
sem planilha do dia 2026-09-19
sem planilha do dia 2026-09-19
sem planilha do dia 2026-09-19
sem planilha do dia 2026-09-19
sem planilha do dia 2026-09-19
sem planilha do dia 2026-09-19
sem planilha do dia 2026-09-19
sem planilha do dia 2026-09-19
sem planilha do dia 2026-09-19
sem planilha do dia 2026-09-19
sem planilha do dia 2026-09-19
sem planilha do dia 2026-09-19
sem planilha do dia 2026-09-19
sem planilha do dia 2026-09-19
sem planilha do dia 2026-09-19
sem planilha do dia 2026-09-19
sem planilha do dia 2026-09-19
sem planilha do dia 2026-09-19
sem planilha do dia 2026-09-19
sem planilha do dia 2026-09-19
sem planilha do dia 2026-09-19
sem planilha do dia 2026-09-19
sem planilha do dia 2026-09-19
sem planilha do dia 2026-09-19
sem planilha do dia 2026-09-19
sem planilha do dia 2026-09-19
sem planilha do dia 2026-09-19
sem planilha do dia 2026-09-19
sem planilha do dia 2026-09-19
sem planilha do dia 2026-09-19
sem planilha do dia 2026-09-19
sem planilha do dia 2026-09-19
sem planilha do dia 2026-09-19
sem planilha do dia 2026-09-19
sem planilha do dia 2026-09-19
sem planilha do dia 2026-09-19
sem planilha do dia 2026-09-19
sem planilha do dia 2026-09-19
sem planilha do dia 2026-09-19
sem planilha do dia 2026-09-19
sem planilha do dia 2026-09-19
sem planilha do dia 2026-09-19
sem planilha do dia 2026-09-19
sem planilha do dia 2026-09-19
sem planilha do dia 2026-09-19
sem planilha do dia 2026-09-19
sem planilha do dia 2026-09-19
sem planilha do dia 2026-09-19
sem planilha do dia 2026-09-19
sem planilha do dia 2026-09-19
sem planilha do dia 2026-09-19
sem planilha do dia 2026-09-19
sem planilha do dia 2026-09-19
sem planilha do dia 2026-09-19
sem planilha do dia 2026-09-19
sem planilha do dia 2026-09-19
2026-09-19 18:35 | banca R$ 4327 (composta (pagina 02, 743 jogos ate 2026-09-19)) | liquidados 26/30 | 21G/5R | P&L R$ -591.09 (-13.7%)
   08:30 0x3       Rochdale x Oldham                  @24.00 2-0 GREEN R$+18
   08:30 2x2       Stoke x Sheff Utd                  @16.00 2-1 GREEN R$+27
   09:00 0x3       Sociedad B x Mallorca              @24.00 0-1 GREEN R$+18
   09:00 2x2       Osasuna x Rayo Vallecano           @16.00 1-1 GREEN R$+27
   09:30 Home      Zorya x Dynamo Kiev                @6.20  0-2 GREEN R$+40
   10:00 Home      SK Artis Brno x Slovan Liberec     @6.20  0-0 GREEN R$+40
   10:30 0x3       Septemvri x Botev Plovdiv          @23.00 0-3 RED R$-433
   11:00 Home      Gateshead x Southend               @6.60  AO Away Win GREEN R$+37
   11:00 Home      Bromley x Huddersfield             @6.20  2-1 RED R$-216
   11:00 Draw      Sariyer G.K. x Boluspor            @7.40  2-1 GREEN R$+32
   11:00 Home      Kristiansund x Rosenborg           @5.90  1-3 GREEN R$+42
   11:00 Draw      Cove Rangers x Ross Co             @6.20  0-2 GREEN R$+40
   11:00 2x2       Luton x Bradford                   @16.50 0-1 GREEN R$+27
   11:00 Draw      Hamilton x Queen of South          @7.40  AO Home Win GREEN R$+32
   12:00 Draw      FK Novi Pazar x Zemun              @5.70  2-2 RED R$-216
   12:30 Home      Orgryte x Sirius                   @7.00  1-2 GREEN R$+34
   13:30 Draw      Zrinjski x Fk Velez Mostar         @6.40  2-0 GREEN R$+38
   14:00 Home      Maccabi Netanya x Maccabi Tel Aviv @5.90  1-2 GREEN R$+42
   14:00 Draw      Maccabi Haifa x Ironi Tiberias     @7.40  3-2 GREEN R$+32
   15:00 Draw      Ajax x Excelsior                   @8.20  2-2 RED R$-216
   15:30 Home      KFC Komarno x Slovan Bratislava    @5.90  1-2 GREEN R$+42
   15:30 Home      Cerro x Penarol                    @8.20  1-2 GREEN R$+29
   15:45 Draw      Sligo Rovers x St Patricks         @5.70  0-1 GREEN R$+44
   16:00 Draw      Sevilla x Barcelona                @7.60  1-3 GREEN R$+31
   16:00 Draw      Millonarios x Boyaca Chico         @6.60  3-0 GREEN R$+37
   16:00 Draw      Atletico MG x Chapecoense          @5.50  1-1 RED R$-216
   16:30 Draw      Sporting Lisbon x Arouca           @8.60  —
   17:00 Home      Zamora FC x Metropolitanos         @3.75  —
   17:00 Over 4.5  Zamora FC x Metropolitanos         @18.00 —
   21:30 Home      Kansas City x Philadelphia         @5.50  —
sem gatilho.
2026-09-19 18:40 | banca R$ 4327 (composta (pagina 02, 743 jogos ate 2026-09-19)) | liquidados 27/30 | 21G/6R | P&L R$ -807.42 (-18.7%)
   08:30 0x3       Rochdale x Oldham                  @24.00 2-0 GREEN R$+18
   08:30 2x2       Stoke x Sheff Utd                  @16.00 2-1 GREEN R$+27
   09:00 0x3       Sociedad B x Mallorca              @24.00 0-1 GREEN R$+18
   09:00 2x2       Osasuna x Rayo Vallecano           @16.00 1-1 GREEN R$+27
   09:30 Home      Zorya x Dynamo Kiev                @6.20  0-2 GREEN R$+40
   10:00 Home      SK Artis Brno x Slovan Liberec     @6.20  0-0 GREEN R$+40
   10:30 0x3       Septemvri x Botev Plovdiv          @23.00 0-3 RED R$-433
   11:00 Home      Gateshead x Southend               @6.60  AO Away Win GREEN R$+37
   11:00 Home      Bromley x Huddersfield             @6.20  2-1 RED R$-216
   11:00 Draw      Sariyer G.K. x Boluspor            @7.40  2-1 GREEN R$+32
   11:00 Home      Kristiansund x Rosenborg           @5.90  1-3 GREEN R$+42
   11:00 Draw      Cove Rangers x Ross Co             @6.20  0-2 GREEN R$+40
   11:00 2x2       Luton x Bradford                   @16.50 0-1 GREEN R$+27
   11:00 Draw      Hamilton x Queen of South          @7.40  AO Home Win GREEN R$+32
   12:00 Draw      FK Novi Pazar x Zemun              @5.70  2-2 RED R$-216
   12:30 Home      Orgryte x Sirius                   @7.00  1-2 GREEN R$+34
   13:30 Draw      Zrinjski x Fk Velez Mostar         @6.40  2-0 GREEN R$+38
   14:00 Home      Maccabi Netanya x Maccabi Tel Aviv @5.90  1-2 GREEN R$+42
   14:00 Draw      Maccabi Haifa x Ironi Tiberias     @7.40  3-2 GREEN R$+32
   15:00 Draw      Ajax x Excelsior                   @8.20  2-2 RED R$-216
   15:30 Home      KFC Komarno x Slovan Bratislava    @5.90  1-2 GREEN R$+42
   15:30 Home      Cerro x Penarol                    @8.20  1-2 GREEN R$+29
   15:45 Draw      Sligo Rovers x St Patricks         @5.70  0-1 GREEN R$+44
   16:00 Draw      Sevilla x Barcelona                @7.60  1-3 GREEN R$+31
   16:00 Draw      Millonarios x Boyaca Chico         @6.60  3-0 GREEN R$+37
   16:00 Draw      Atletico MG x Chapecoense          @5.50  1-1 RED R$-216
   16:30 Draw      Sporting Lisbon x Arouca           @8.60  2-2 RED R$-216
   17:00 Home      Zamora FC x Metropolitanos         @3.75  —
   17:00 Over 4.5  Zamora FC x Metropolitanos         @18.00 —
   21:30 Home      Kansas City x Philadelphia         @5.50  —
sem gatilho.
2026-09-19 18:45 | banca R$ 4327 (composta (pagina 02, 743 jogos ate 2026-09-19)) | liquidados 27/30 | 21G/6R | P&L R$ -807.42 (-18.7%)
   08:30 0x3       Rochdale x Oldham                  @24.00 2-0 GREEN R$+18
   08:30 2x2       Stoke x Sheff Utd                  @16.00 2-1 GREEN R$+27
   09:00 0x3       Sociedad B x Mallorca              @24.00 0-1 GREEN R$+18
   09:00 2x2       Osasuna x Rayo Vallecano           @16.00 1-1 GREEN R$+27
   09:30 Home      Zorya x Dynamo Kiev                @6.20  0-2 GREEN R$+40
   10:00 Home      SK Artis Brno x Slovan Liberec     @6.20  0-0 GREEN R$+40
   10:30 0x3       Septemvri x Botev Plovdiv          @23.00 0-3 RED R$-433
   11:00 Home      Gateshead x Southend               @6.60  AO Away Win GREEN R$+37
   11:00 Home      Bromley x Huddersfield             @6.20  2-1 RED R$-216
   11:00 Draw      Sariyer G.K. x Boluspor            @7.40  2-1 GREEN R$+32
   11:00 Home      Kristiansund x Rosenborg           @5.90  1-3 GREEN R$+42
   11:00 Draw      Cove Rangers x Ross Co             @6.20  0-2 GREEN R$+40
   11:00 2x2       Luton x Bradford                   @16.50 0-1 GREEN R$+27
   11:00 Draw      Hamilton x Queen of South          @7.40  AO Home Win GREEN R$+32
   12:00 Draw      FK Novi Pazar x Zemun              @5.70  2-2 RED R$-216
   12:30 Home      Orgryte x Sirius                   @7.00  1-2 GREEN R$+34
   13:30 Draw      Zrinjski x Fk Velez Mostar         @6.40  2-0 GREEN R$+38
   14:00 Home      Maccabi Netanya x Maccabi Tel Aviv @5.90  1-2 GREEN R$+42
   14:00 Draw      Maccabi Haifa x Ironi Tiberias     @7.40  3-2 GREEN R$+32
   15:00 Draw      Ajax x Excelsior                   @8.20  2-2 RED R$-216
   15:30 Home      KFC Komarno x Slovan Bratislava    @5.90  1-2 GREEN R$+42
   15:30 Home      Cerro x Penarol                    @8.20  1-2 GREEN R$+29
   15:45 Draw      Sligo Rovers x St Patricks         @5.70  0-1 GREEN R$+44
   16:00 Draw      Sevilla x Barcelona                @7.60  1-3 GREEN R$+31
   16:00 Draw      Millonarios x Boyaca Chico         @6.60  3-0 GREEN R$+37
   16:00 Draw      Atletico MG x Chapecoense          @5.50  1-1 RED R$-216
   16:30 Draw      Sporting Lisbon x Arouca           @8.60  2-2 RED R$-216
   17:00 Home      Zamora FC x Metropolitanos         @3.75  —
   17:00 Over 4.5  Zamora FC x Metropolitanos         @18.00 —
   21:30 Home      Kansas City x Philadelphia         @5.50  —
sem gatilho.
2026-09-19 18:50 | banca R$ 4327 (composta (pagina 02, 743 jogos ate 2026-09-19)) | liquidados 27/30 | 21G/6R | P&L R$ -807.42 (-18.7%)
   08:30 0x3       Rochdale x Oldham                  @24.00 2-0 GREEN R$+18
   08:30 2x2       Stoke x Sheff Utd                  @16.00 2-1 GREEN R$+27
   09:00 0x3       Sociedad B x Mallorca              @24.00 0-1 GREEN R$+18
   09:00 2x2       Osasuna x Rayo Vallecano           @16.00 1-1 GREEN R$+27
   09:30 Home      Zorya x Dynamo Kiev                @6.20  0-2 GREEN R$+40
   10:00 Home      SK Artis Brno x Slovan Liberec     @6.20  0-0 GREEN R$+40
   10:30 0x3       Septemvri x Botev Plovdiv          @23.00 0-3 RED R$-433
   11:00 Home      Gateshead x Southend               @6.60  AO Away Win GREEN R$+37
   11:00 Home      Bromley x Huddersfield             @6.20  2-1 RED R$-216
   11:00 Draw      Sariyer G.K. x Boluspor            @7.40  2-1 GREEN R$+32
   11:00 Home      Kristiansund x Rosenborg           @5.90  1-3 GREEN R$+42
   11:00 Draw      Cove Rangers x Ross Co             @6.20  0-2 GREEN R$+40
   11:00 2x2       Luton x Bradford                   @16.50 0-1 GREEN R$+27
   11:00 Draw      Hamilton x Queen of South          @7.40  AO Home Win GREEN R$+32
   12:00 Draw      FK Novi Pazar x Zemun              @5.70  2-2 RED R$-216
   12:30 Home      Orgryte x Sirius                   @7.00  1-2 GREEN R$+34
   13:30 Draw      Zrinjski x Fk Velez Mostar         @6.40  2-0 GREEN R$+38
   14:00 Home      Maccabi Netanya x Maccabi Tel Aviv @5.90  1-2 GREEN R$+42
   14:00 Draw      Maccabi Haifa x Ironi Tiberias     @7.40  3-2 GREEN R$+32
   15:00 Draw      Ajax x Excelsior                   @8.20  2-2 RED R$-216
   15:30 Home      KFC Komarno x Slovan Bratislava    @5.90  1-2 GREEN R$+42
   15:30 Home      Cerro x Penarol                    @8.20  1-2 GREEN R$+29
   15:45 Draw      Sligo Rovers x St Patricks         @5.70  0-1 GREEN R$+44
   16:00 Draw      Sevilla x Barcelona                @7.60  1-3 GREEN R$+31
   16:00 Draw      Millonarios x Boyaca Chico         @6.60  3-0 GREEN R$+37
   16:00 Draw      Atletico MG x Chapecoense          @5.50  1-1 RED R$-216
   16:30 Draw      Sporting Lisbon x Arouca           @8.60  2-2 RED R$-216
   17:00 Home      Zamora FC x Metropolitanos         @3.75  —
   17:00 Over 4.5  Zamora FC x Metropolitanos         @18.00 —
   21:30 Home      Kansas City x Philadelphia         @5.50  —
sem gatilho.
2026-09-19 18:55 | banca R$ 4327 (composta (pagina 02, 743 jogos ate 2026-09-19)) | liquidados 27/30 | 21G/6R | P&L R$ -807.42 (-18.7%)
   08:30 0x3       Rochdale x Oldham                  @24.00 2-0 GREEN R$+18
   08:30 2x2       Stoke x Sheff Utd                  @16.00 2-1 GREEN R$+27
   09:00 0x3       Sociedad B x Mallorca              @24.00 0-1 GREEN R$+18
   09:00 2x2       Osasuna x Rayo Vallecano           @16.00 1-1 GREEN R$+27
   09:30 Home      Zorya x Dynamo Kiev                @6.20  0-2 GREEN R$+40
   10:00 Home      SK Artis Brno x Slovan Liberec     @6.20  0-0 GREEN R$+40
   10:30 0x3       Septemvri x Botev Plovdiv          @23.00 0-3 RED R$-433
   11:00 Home      Gateshead x Southend               @6.60  AO Away Win GREEN R$+37
   11:00 Home      Bromley x Huddersfield             @6.20  2-1 RED R$-216
   11:00 Draw      Sariyer G.K. x Boluspor            @7.40  2-1 GREEN R$+32
   11:00 Home      Kristiansund x Rosenborg           @5.90  1-3 GREEN R$+42
   11:00 Draw      Cove Rangers x Ross Co             @6.20  0-2 GREEN R$+40
   11:00 2x2       Luton x Bradford                   @16.50 0-1 GREEN R$+27
   11:00 Draw      Hamilton x Queen of South          @7.40  AO Home Win GREEN R$+32
   12:00 Draw      FK Novi Pazar x Zemun              @5.70  2-2 RED R$-216
   12:30 Home      Orgryte x Sirius                   @7.00  1-2 GREEN R$+34
   13:30 Draw      Zrinjski x Fk Velez Mostar         @6.40  2-0 GREEN R$+38
   14:00 Home      Maccabi Netanya x Maccabi Tel Aviv @5.90  1-2 GREEN R$+42
   14:00 Draw      Maccabi Haifa x Ironi Tiberias     @7.40  3-2 GREEN R$+32
   15:00 Draw      Ajax x Excelsior                   @8.20  2-2 RED R$-216
   15:30 Home      KFC Komarno x Slovan Bratislava    @5.90  1-2 GREEN R$+42
   15:30 Home      Cerro x Penarol                    @8.20  1-2 GREEN R$+29
   15:45 Draw      Sligo Rovers x St Patricks         @5.70  0-1 GREEN R$+44
   16:00 Draw      Sevilla x Barcelona                @7.60  1-3 GREEN R$+31
   16:00 Draw      Millonarios x Boyaca Chico         @6.60  3-0 GREEN R$+37
   16:00 Draw      Atletico MG x Chapecoense          @5.50  1-1 RED R$-216
   16:30 Draw      Sporting Lisbon x Arouca           @8.60  2-2 RED R$-216
   17:00 Home      Zamora FC x Metropolitanos         @3.75  —
   17:00 Over 4.5  Zamora FC x Metropolitanos         @18.00 —
   21:30 Home      Kansas City x Philadelphia         @5.50  —
sem gatilho.
2026-09-19 19:00 | banca R$ 4327 (composta (pagina 02, 743 jogos ate 2026-09-19)) | liquidados 27/30 | 21G/6R | P&L R$ -807.42 (-18.7%)
   08:30 0x3       Rochdale x Oldham                  @24.00 2-0 GREEN R$+18
   08:30 2x2       Stoke x Sheff Utd                  @16.00 2-1 GREEN R$+27
   09:00 0x3       Sociedad B x Mallorca              @24.00 0-1 GREEN R$+18
   09:00 2x2       Osasuna x Rayo Vallecano           @16.00 1-1 GREEN R$+27
   09:30 Home      Zorya x Dynamo Kiev                @6.20  0-2 GREEN R$+40
   10:00 Home      SK Artis Brno x Slovan Liberec     @6.20  0-0 GREEN R$+40
   10:30 0x3       Septemvri x Botev Plovdiv          @23.00 0-3 RED R$-433
   11:00 Home      Gateshead x Southend               @6.60  AO Away Win GREEN R$+37
   11:00 Home      Bromley x Huddersfield             @6.20  2-1 RED R$-216
   11:00 Draw      Sariyer G.K. x Boluspor            @7.40  2-1 GREEN R$+32
   11:00 Home      Kristiansund x Rosenborg           @5.90  1-3 GREEN R$+42
   11:00 Draw      Cove Rangers x Ross Co             @6.20  0-2 GREEN R$+40
   11:00 2x2       Luton x Bradford                   @16.50 0-1 GREEN R$+27
   11:00 Draw      Hamilton x Queen of South          @7.40  AO Home Win GREEN R$+32
   12:00 Draw      FK Novi Pazar x Zemun              @5.70  2-2 RED R$-216
   12:30 Home      Orgryte x Sirius                   @7.00  1-2 GREEN R$+34
   13:30 Draw      Zrinjski x Fk Velez Mostar         @6.40  2-0 GREEN R$+38
   14:00 Home      Maccabi Netanya x Maccabi Tel Aviv @5.90  1-2 GREEN R$+42
   14:00 Draw      Maccabi Haifa x Ironi Tiberias     @7.40  3-2 GREEN R$+32
   15:00 Draw      Ajax x Excelsior                   @8.20  2-2 RED R$-216
   15:30 Home      KFC Komarno x Slovan Bratislava    @5.90  1-2 GREEN R$+42
   15:30 Home      Cerro x Penarol                    @8.20  1-2 GREEN R$+29
   15:45 Draw      Sligo Rovers x St Patricks         @5.70  0-1 GREEN R$+44
   16:00 Draw      Sevilla x Barcelona                @7.60  1-3 GREEN R$+31
   16:00 Draw      Millonarios x Boyaca Chico         @6.60  3-0 GREEN R$+37
   16:00 Draw      Atletico MG x Chapecoense          @5.50  1-1 RED R$-216
   16:30 Draw      Sporting Lisbon x Arouca           @8.60  2-2 RED R$-216
   17:00 Home      Zamora FC x Metropolitanos         @3.75  —
   17:00 Over 4.5  Zamora FC x Metropolitanos         @18.00 —
   21:30 Home      Kansas City x Philadelphia         @5.50  —
sem gatilho.
2026-09-19 19:05 | banca R$ 4327 (composta (pagina 02, 743 jogos ate 2026-09-19)) | liquidados 27/30 | 21G/6R | P&L R$ -807.42 (-18.7%)
   08:30 0x3       Rochdale x Oldham                  @24.00 2-0 GREEN R$+18
   08:30 2x2       Stoke x Sheff Utd                  @16.00 2-1 GREEN R$+27
   09:00 0x3       Sociedad B x Mallorca              @24.00 0-1 GREEN R$+18
   09:00 2x2       Osasuna x Rayo Vallecano           @16.00 1-1 GREEN R$+27
   09:30 Home      Zorya x Dynamo Kiev                @6.20  0-2 GREEN R$+40
   10:00 Home      SK Artis Brno x Slovan Liberec     @6.20  0-0 GREEN R$+40
   10:30 0x3       Septemvri x Botev Plovdiv          @23.00 0-3 RED R$-433
   11:00 Home      Gateshead x Southend               @6.60  AO Away Win GREEN R$+37
   11:00 Home      Bromley x Huddersfield             @6.20  2-1 RED R$-216
   11:00 Draw      Sariyer G.K. x Boluspor            @7.40  2-1 GREEN R$+32
   11:00 Home      Kristiansund x Rosenborg           @5.90  1-3 GREEN R$+42
   11:00 Draw      Cove Rangers x Ross Co             @6.20  0-2 GREEN R$+40
   11:00 2x2       Luton x Bradford                   @16.50 0-1 GREEN R$+27
   11:00 Draw      Hamilton x Queen of South          @7.40  AO Home Win GREEN R$+32
   12:00 Draw      FK Novi Pazar x Zemun              @5.70  2-2 RED R$-216
   12:30 Home      Orgryte x Sirius                   @7.00  1-2 GREEN R$+34
   13:30 Draw      Zrinjski x Fk Velez Mostar         @6.40  2-0 GREEN R$+38
   14:00 Home      Maccabi Netanya x Maccabi Tel Aviv @5.90  1-2 GREEN R$+42
   14:00 Draw      Maccabi Haifa x Ironi Tiberias     @7.40  3-2 GREEN R$+32
   15:00 Draw      Ajax x Excelsior                   @8.20  2-2 RED R$-216
   15:30 Home      KFC Komarno x Slovan Bratislava    @5.90  1-2 GREEN R$+42
   15:30 Home      Cerro x Penarol                    @8.20  1-2 GREEN R$+29
   15:45 Draw      Sligo Rovers x St Patricks         @5.70  0-1 GREEN R$+44
   16:00 Draw      Sevilla x Barcelona                @7.60  1-3 GREEN R$+31
   16:00 Draw      Millonarios x Boyaca Chico         @6.60  3-0 GREEN R$+37
   16:00 Draw      Atletico MG x Chapecoense          @5.50  1-1 RED R$-216
   16:30 Draw      Sporting Lisbon x Arouca           @8.60  2-2 RED R$-216
   17:00 Home      Zamora FC x Metropolitanos         @3.75  —
   17:00 Over 4.5  Zamora FC x Metropolitanos         @18.00 —
   21:30 Home      Kansas City x Philadelphia         @5.50  —
sem gatilho.
2026-09-19 19:10 | banca R$ 4327 (composta (pagina 02, 743 jogos ate 2026-09-19)) | liquidados 27/30 | 21G/6R | P&L R$ -807.42 (-18.7%)
   08:30 0x3       Rochdale x Oldham                  @24.00 2-0 GREEN R$+18
   08:30 2x2       Stoke x Sheff Utd                  @16.00 2-1 GREEN R$+27
   09:00 0x3       Sociedad B x Mallorca              @24.00 0-1 GREEN R$+18
   09:00 2x2       Osasuna x Rayo Vallecano           @16.00 1-1 GREEN R$+27
   09:30 Home      Zorya x Dynamo Kiev                @6.20  0-2 GREEN R$+40
   10:00 Home      SK Artis Brno x Slovan Liberec     @6.20  0-0 GREEN R$+40
   10:30 0x3       Septemvri x Botev Plovdiv          @23.00 0-3 RED R$-433
   11:00 Home      Gateshead x Southend               @6.60  AO Away Win GREEN R$+37
   11:00 Home      Bromley x Huddersfield             @6.20  2-1 RED R$-216
   11:00 Draw      Sariyer G.K. x Boluspor            @7.40  2-1 GREEN R$+32
   11:00 Home      Kristiansund x Rosenborg           @5.90  1-3 GREEN R$+42
   11:00 Draw      Cove Rangers x Ross Co             @6.20  0-2 GREEN R$+40
   11:00 2x2       Luton x Bradford                   @16.50 0-1 GREEN R$+27
   11:00 Draw      Hamilton x Queen of South          @7.40  AO Home Win GREEN R$+32
   12:00 Draw      FK Novi Pazar x Zemun              @5.70  2-2 RED R$-216
   12:30 Home      Orgryte x Sirius                   @7.00  1-2 GREEN R$+34
   13:30 Draw      Zrinjski x Fk Velez Mostar         @6.40  2-0 GREEN R$+38
   14:00 Home      Maccabi Netanya x Maccabi Tel Aviv @5.90  1-2 GREEN R$+42
   14:00 Draw      Maccabi Haifa x Ironi Tiberias     @7.40  3-2 GREEN R$+32
   15:00 Draw      Ajax x Excelsior                   @8.20  2-2 RED R$-216
   15:30 Home      KFC Komarno x Slovan Bratislava    @5.90  1-2 GREEN R$+42
   15:30 Home      Cerro x Penarol                    @8.20  1-2 GREEN R$+29
   15:45 Draw      Sligo Rovers x St Patricks         @5.70  0-1 GREEN R$+44
   16:00 Draw      Sevilla x Barcelona                @7.60  1-3 GREEN R$+31
   16:00 Draw      Millonarios x Boyaca Chico         @6.60  3-0 GREEN R$+37
   16:00 Draw      Atletico MG x Chapecoense          @5.50  1-1 RED R$-216
   16:30 Draw      Sporting Lisbon x Arouca           @8.60  2-2 RED R$-216
   17:00 Home      Zamora FC x Metropolitanos         @3.75  —
   17:00 Over 4.5  Zamora FC x Metropolitanos         @18.00 —
   21:30 Home      Kansas City x Philadelphia         @5.50  —
sem gatilho.
2026-09-19 19:15 | banca R$ 4327 (composta (pagina 02, 743 jogos ate 2026-09-19)) | liquidados 27/30 | 21G/6R | P&L R$ -807.42 (-18.7%)
   08:30 0x3       Rochdale x Oldham                  @24.00 2-0 GREEN R$+18
   08:30 2x2       Stoke x Sheff Utd                  @16.00 2-1 GREEN R$+27
   09:00 0x3       Sociedad B x Mallorca              @24.00 0-1 GREEN R$+18
   09:00 2x2       Osasuna x Rayo Vallecano           @16.00 1-1 GREEN R$+27
   09:30 Home      Zorya x Dynamo Kiev                @6.20  0-2 GREEN R$+40
   10:00 Home      SK Artis Brno x Slovan Liberec     @6.20  0-0 GREEN R$+40
   10:30 0x3       Septemvri x Botev Plovdiv          @23.00 0-3 RED R$-433
   11:00 Home      Gateshead x Southend               @6.60  AO Away Win GREEN R$+37
   11:00 Home      Bromley x Huddersfield             @6.20  2-1 RED R$-216
   11:00 Draw      Sariyer G.K. x Boluspor            @7.40  2-1 GREEN R$+32
   11:00 Home      Kristiansund x Rosenborg           @5.90  1-3 GREEN R$+42
   11:00 Draw      Cove Rangers x Ross Co             @6.20  0-2 GREEN R$+40
   11:00 2x2       Luton x Bradford                   @16.50 0-1 GREEN R$+27
   11:00 Draw      Hamilton x Queen of South          @7.40  AO Home Win GREEN R$+32
   12:00 Draw      FK Novi Pazar x Zemun              @5.70  2-2 RED R$-216
   12:30 Home      Orgryte x Sirius                   @7.00  1-2 GREEN R$+34
   13:30 Draw      Zrinjski x Fk Velez Mostar         @6.40  2-0 GREEN R$+38
   14:00 Home      Maccabi Netanya x Maccabi Tel Aviv @5.90  1-2 GREEN R$+42
   14:00 Draw      Maccabi Haifa x Ironi Tiberias     @7.40  3-2 GREEN R$+32
   15:00 Draw      Ajax x Excelsior                   @8.20  2-2 RED R$-216
   15:30 Home      KFC Komarno x Slovan Bratislava    @5.90  1-2 GREEN R$+42
   15:30 Home      Cerro x Penarol                    @8.20  1-2 GREEN R$+29
   15:45 Draw      Sligo Rovers x St Patricks         @5.70  0-1 GREEN R$+44
   16:00 Draw      Sevilla x Barcelona                @7.60  1-3 GREEN R$+31
   16:00 Draw      Millonarios x Boyaca Chico         @6.60  3-0 GREEN R$+37
   16:00 Draw      Atletico MG x Chapecoense          @5.50  1-1 RED R$-216
   16:30 Draw      Sporting Lisbon x Arouca           @8.60  2-2 RED R$-216
   17:00 Home      Zamora FC x Metropolitanos         @3.75  —
   17:00 Over 4.5  Zamora FC x Metropolitanos         @18.00 —
   21:30 Home      Kansas City x Philadelphia         @5.50  —
sem gatilho.
2026-09-19 19:20 | banca R$ 4327 (composta (pagina 02, 743 jogos ate 2026-09-19)) | liquidados 27/30 | 21G/6R | P&L R$ -807.42 (-18.7%)
   08:30 0x3       Rochdale x Oldham                  @24.00 2-0 GREEN R$+18
   08:30 2x2       Stoke x Sheff Utd                  @16.00 2-1 GREEN R$+27
   09:00 0x3       Sociedad B x Mallorca              @24.00 0-1 GREEN R$+18
   09:00 2x2       Osasuna x Rayo Vallecano           @16.00 1-1 GREEN R$+27
   09:30 Home      Zorya x Dynamo Kiev                @6.20  0-2 GREEN R$+40
   10:00 Home      SK Artis Brno x Slovan Liberec     @6.20  0-0 GREEN R$+40
   10:30 0x3       Septemvri x Botev Plovdiv          @23.00 0-3 RED R$-433
   11:00 Home      Gateshead x Southend               @6.60  AO Away Win GREEN R$+37
   11:00 Home      Bromley x Huddersfield             @6.20  2-1 RED R$-216
   11:00 Draw      Sariyer G.K. x Boluspor            @7.40  2-1 GREEN R$+32
   11:00 Home      Kristiansund x Rosenborg           @5.90  1-3 GREEN R$+42
   11:00 Draw      Cove Rangers x Ross Co             @6.20  0-2 GREEN R$+40
   11:00 2x2       Luton x Bradford                   @16.50 0-1 GREEN R$+27
   11:00 Draw      Hamilton x Queen of South          @7.40  AO Home Win GREEN R$+32
   12:00 Draw      FK Novi Pazar x Zemun              @5.70  2-2 RED R$-216
   12:30 Home      Orgryte x Sirius                   @7.00  1-2 GREEN R$+34
   13:30 Draw      Zrinjski x Fk Velez Mostar         @6.40  2-0 GREEN R$+38
   14:00 Home      Maccabi Netanya x Maccabi Tel Aviv @5.90  1-2 GREEN R$+42
   14:00 Draw      Maccabi Haifa x Ironi Tiberias     @7.40  3-2 GREEN R$+32
   15:00 Draw      Ajax x Excelsior                   @8.20  2-2 RED R$-216
   15:30 Home      KFC Komarno x Slovan Bratislava    @5.90  1-2 GREEN R$+42
   15:30 Home      Cerro x Penarol                    @8.20  1-2 GREEN R$+29
   15:45 Draw      Sligo Rovers x St Patricks         @5.70  0-1 GREEN R$+44
   16:00 Draw      Sevilla x Barcelona                @7.60  1-3 GREEN R$+31
   16:00 Draw      Millonarios x Boyaca Chico         @6.60  3-0 GREEN R$+37
   16:00 Draw      Atletico MG x Chapecoense          @5.50  1-1 RED R$-216
   16:30 Draw      Sporting Lisbon x Arouca           @8.60  2-2 RED R$-216
   17:00 Home      Zamora FC x Metropolitanos         @3.75  —
   17:00 Over 4.5  Zamora FC x Metropolitanos         @18.00 —
   21:30 Home      Kansas City x Philadelphia         @5.50  —
sem gatilho.
2026-09-19 19:25 | banca R$ 4327 (composta (pagina 02, 743 jogos ate 2026-09-19)) | liquidados 27/30 | 21G/6R | P&L R$ -807.42 (-18.7%)
   08:30 0x3       Rochdale x Oldham                  @24.00 2-0 GREEN R$+18
   08:30 2x2       Stoke x Sheff Utd                  @16.00 2-1 GREEN R$+27
   09:00 0x3       Sociedad B x Mallorca              @24.00 0-1 GREEN R$+18
   09:00 2x2       Osasuna x Rayo Vallecano           @16.00 1-1 GREEN R$+27
   09:30 Home      Zorya x Dynamo Kiev                @6.20  0-2 GREEN R$+40
   10:00 Home      SK Artis Brno x Slovan Liberec     @6.20  0-0 GREEN R$+40
   10:30 0x3       Septemvri x Botev Plovdiv          @23.00 0-3 RED R$-433
   11:00 Home      Gateshead x Southend               @6.60  AO Away Win GREEN R$+37
   11:00 Home      Bromley x Huddersfield             @6.20  2-1 RED R$-216
   11:00 Draw      Sariyer G.K. x Boluspor            @7.40  2-1 GREEN R$+32
   11:00 Home      Kristiansund x Rosenborg           @5.90  1-3 GREEN R$+42
   11:00 Draw      Cove Rangers x Ross Co             @6.20  0-2 GREEN R$+40
   11:00 2x2       Luton x Bradford                   @16.50 0-1 GREEN R$+27
   11:00 Draw      Hamilton x Queen of South          @7.40  AO Home Win GREEN R$+32
   12:00 Draw      FK Novi Pazar x Zemun              @5.70  2-2 RED R$-216
   12:30 Home      Orgryte x Sirius                   @7.00  1-2 GREEN R$+34
   13:30 Draw      Zrinjski x Fk Velez Mostar         @6.40  2-0 GREEN R$+38
   14:00 Home      Maccabi Netanya x Maccabi Tel Aviv @5.90  1-2 GREEN R$+42
   14:00 Draw      Maccabi Haifa x Ironi Tiberias     @7.40  3-2 GREEN R$+32
   15:00 Draw      Ajax x Excelsior                   @8.20  2-2 RED R$-216
   15:30 Home      KFC Komarno x Slovan Bratislava    @5.90  1-2 GREEN R$+42
   15:30 Home      Cerro x Penarol                    @8.20  1-2 GREEN R$+29
   15:45 Draw      Sligo Rovers x St Patricks         @5.70  0-1 GREEN R$+44
   16:00 Draw      Sevilla x Barcelona                @7.60  1-3 GREEN R$+31
   16:00 Draw      Millonarios x Boyaca Chico         @6.60  3-0 GREEN R$+37
   16:00 Draw      Atletico MG x Chapecoense          @5.50  1-1 RED R$-216
   16:30 Draw      Sporting Lisbon x Arouca           @8.60  2-2 RED R$-216
   17:00 Home      Zamora FC x Metropolitanos         @3.75  —
   17:00 Over 4.5  Zamora FC x Metropolitanos         @18.00 —
   21:30 Home      Kansas City x Philadelphia         @5.50  —
sem gatilho.
2026-09-19 19:30 | banca R$ 4327 (composta (pagina 02, 743 jogos ate 2026-09-19)) | liquidados 27/30 | 21G/6R | P&L R$ -807.42 (-18.7%)
   08:30 0x3       Rochdale x Oldham                  @24.00 2-0 GREEN R$+18
   08:30 2x2       Stoke x Sheff Utd                  @16.00 2-1 GREEN R$+27
   09:00 0x3       Sociedad B x Mallorca              @24.00 0-1 GREEN R$+18
   09:00 2x2       Osasuna x Rayo Vallecano           @16.00 1-1 GREEN R$+27
   09:30 Home      Zorya x Dynamo Kiev                @6.20  0-2 GREEN R$+40
   10:00 Home      SK Artis Brno x Slovan Liberec     @6.20  0-0 GREEN R$+40
   10:30 0x3       Septemvri x Botev Plovdiv          @23.00 0-3 RED R$-433
   11:00 Home      Gateshead x Southend               @6.60  AO Away Win GREEN R$+37
   11:00 Home      Bromley x Huddersfield             @6.20  2-1 RED R$-216
   11:00 Draw      Sariyer G.K. x Boluspor            @7.40  2-1 GREEN R$+32
   11:00 Home      Kristiansund x Rosenborg           @5.90  1-3 GREEN R$+42
   11:00 Draw      Cove Rangers x Ross Co             @6.20  0-2 GREEN R$+40
   11:00 2x2       Luton x Bradford                   @16.50 0-1 GREEN R$+27
   11:00 Draw      Hamilton x Queen of South          @7.40  AO Home Win GREEN R$+32
   12:00 Draw      FK Novi Pazar x Zemun              @5.70  2-2 RED R$-216
   12:30 Home      Orgryte x Sirius                   @7.00  1-2 GREEN R$+34
   13:30 Draw      Zrinjski x Fk Velez Mostar         @6.40  2-0 GREEN R$+38
   14:00 Home      Maccabi Netanya x Maccabi Tel Aviv @5.90  1-2 GREEN R$+42
   14:00 Draw      Maccabi Haifa x Ironi Tiberias     @7.40  3-2 GREEN R$+32
   15:00 Draw      Ajax x Excelsior                   @8.20  2-2 RED R$-216
   15:30 Home      KFC Komarno x Slovan Bratislava    @5.90  1-2 GREEN R$+42
   15:30 Home      Cerro x Penarol                    @8.20  1-2 GREEN R$+29
   15:45 Draw      Sligo Rovers x St Patricks         @5.70  0-1 GREEN R$+44
   16:00 Draw      Sevilla x Barcelona                @7.60  1-3 GREEN R$+31
   16:00 Draw      Millonarios x Boyaca Chico         @6.60  3-0 GREEN R$+37
   16:00 Draw      Atletico MG x Chapecoense          @5.50  1-1 RED R$-216
   16:30 Draw      Sporting Lisbon x Arouca           @8.60  2-2 RED R$-216
   17:00 Home      Zamora FC x Metropolitanos         @3.75  —
   17:00 Over 4.5  Zamora FC x Metropolitanos         @18.00 —
   21:30 Home      Kansas City x Philadelphia         @5.50  —
sem gatilho.
2026-09-19 19:35 | banca R$ 4327 (composta (pagina 02, 743 jogos ate 2026-09-19)) | liquidados 27/30 | 21G/6R | P&L R$ -807.42 (-18.7%)
   08:30 0x3       Rochdale x Oldham                  @24.00 2-0 GREEN R$+18
   08:30 2x2       Stoke x Sheff Utd                  @16.00 2-1 GREEN R$+27
   09:00 0x3       Sociedad B x Mallorca              @24.00 0-1 GREEN R$+18
   09:00 2x2       Osasuna x Rayo Vallecano           @16.00 1-1 GREEN R$+27
   09:30 Home      Zorya x Dynamo Kiev                @6.20  0-2 GREEN R$+40
   10:00 Home      SK Artis Brno x Slovan Liberec     @6.20  0-0 GREEN R$+40
   10:30 0x3       Septemvri x Botev Plovdiv          @23.00 0-3 RED R$-433
   11:00 Home      Gateshead x Southend               @6.60  AO Away Win GREEN R$+37
   11:00 Home      Bromley x Huddersfield             @6.20  2-1 RED R$-216
   11:00 Draw      Sariyer G.K. x Boluspor            @7.40  2-1 GREEN R$+32
   11:00 Home      Kristiansund x Rosenborg           @5.90  1-3 GREEN R$+42
   11:00 Draw      Cove Rangers x Ross Co             @6.20  0-2 GREEN R$+40
   11:00 2x2       Luton x Bradford                   @16.50 0-1 GREEN R$+27
   11:00 Draw      Hamilton x Queen of South          @7.40  AO Home Win GREEN R$+32
   12:00 Draw      FK Novi Pazar x Zemun              @5.70  2-2 RED R$-216
   12:30 Home      Orgryte x Sirius                   @7.00  1-2 GREEN R$+34
   13:30 Draw      Zrinjski x Fk Velez Mostar         @6.40  2-0 GREEN R$+38
   14:00 Home      Maccabi Netanya x Maccabi Tel Aviv @5.90  1-2 GREEN R$+42
   14:00 Draw      Maccabi Haifa x Ironi Tiberias     @7.40  3-2 GREEN R$+32
   15:00 Draw      Ajax x Excelsior                   @8.20  2-2 RED R$-216
   15:30 Home      KFC Komarno x Slovan Bratislava    @5.90  1-2 GREEN R$+42
   15:30 Home      Cerro x Penarol                    @8.20  1-2 GREEN R$+29
   15:45 Draw      Sligo Rovers x St Patricks         @5.70  0-1 GREEN R$+44
   16:00 Draw      Sevilla x Barcelona                @7.60  1-3 GREEN R$+31
   16:00 Draw      Millonarios x Boyaca Chico         @6.60  3-0 GREEN R$+37
   16:00 Draw      Atletico MG x Chapecoense          @5.50  1-1 RED R$-216
   16:30 Draw      Sporting Lisbon x Arouca           @8.60  2-2 RED R$-216
   17:00 Home      Zamora FC x Metropolitanos         @3.75  —
   17:00 Over 4.5  Zamora FC x Metropolitanos         @18.00 —
   21:30 Home      Kansas City x Philadelphia         @5.50  —
sem gatilho.
2026-09-19 19:40 | banca R$ 4327 (composta (pagina 02, 743 jogos ate 2026-09-19)) | liquidados 27/30 | 21G/6R | P&L R$ -807.42 (-18.7%)
   08:30 0x3       Rochdale x Oldham                  @24.00 2-0 GREEN R$+18
   08:30 2x2       Stoke x Sheff Utd                  @16.00 2-1 GREEN R$+27
   09:00 0x3       Sociedad B x Mallorca              @24.00 0-1 GREEN R$+18
   09:00 2x2       Osasuna x Rayo Vallecano           @16.00 1-1 GREEN R$+27
   09:30 Home      Zorya x Dynamo Kiev                @6.20  0-2 GREEN R$+40
   10:00 Home      SK Artis Brno x Slovan Liberec     @6.20  0-0 GREEN R$+40
   10:30 0x3       Septemvri x Botev Plovdiv          @23.00 0-3 RED R$-433
   11:00 Home      Gateshead x Southend               @6.60  AO Away Win GREEN R$+37
   11:00 Home      Bromley x Huddersfield             @6.20  2-1 RED R$-216
   11:00 Draw      Sariyer G.K. x Boluspor            @7.40  2-1 GREEN R$+32
   11:00 Home      Kristiansund x Rosenborg           @5.90  1-3 GREEN R$+42
   11:00 Draw      Cove Rangers x Ross Co             @6.20  0-2 GREEN R$+40
   11:00 2x2       Luton x Bradford                   @16.50 0-1 GREEN R$+27
   11:00 Draw      Hamilton x Queen of South          @7.40  AO Home Win GREEN R$+32
   12:00 Draw      FK Novi Pazar x Zemun              @5.70  2-2 RED R$-216
   12:30 Home      Orgryte x Sirius                   @7.00  1-2 GREEN R$+34
   13:30 Draw      Zrinjski x Fk Velez Mostar         @6.40  2-0 GREEN R$+38
   14:00 Home      Maccabi Netanya x Maccabi Tel Aviv @5.90  1-2 GREEN R$+42
   14:00 Draw      Maccabi Haifa x Ironi Tiberias     @7.40  3-2 GREEN R$+32
   15:00 Draw      Ajax x Excelsior                   @8.20  2-2 RED R$-216
   15:30 Home      KFC Komarno x Slovan Bratislava    @5.90  1-2 GREEN R$+42
   15:30 Home      Cerro x Penarol                    @8.20  1-2 GREEN R$+29
   15:45 Draw      Sligo Rovers x St Patricks         @5.70  0-1 GREEN R$+44
   16:00 Draw      Sevilla x Barcelona                @7.60  1-3 GREEN R$+31
   16:00 Draw      Millonarios x Boyaca Chico         @6.60  3-0 GREEN R$+37
   16:00 Draw      Atletico MG x Chapecoense          @5.50  1-1 RED R$-216
   16:30 Draw      Sporting Lisbon x Arouca           @8.60  2-2 RED R$-216
   17:00 Home      Zamora FC x Metropolitanos         @3.75  —
   17:00 Over 4.5  Zamora FC x Metropolitanos         @18.00 —
   21:30 Home      Kansas City x Philadelphia         @5.50  —
sem gatilho.
2026-09-19 19:45 | banca R$ 4327 (composta (pagina 02, 743 jogos ate 2026-09-19)) | liquidados 27/30 | 21G/6R | P&L R$ -807.42 (-18.7%)
   08:30 0x3       Rochdale x Oldham                  @24.00 2-0 GREEN R$+18
   08:30 2x2       Stoke x Sheff Utd                  @16.00 2-1 GREEN R$+27
   09:00 0x3       Sociedad B x Mallorca              @24.00 0-1 GREEN R$+18
   09:00 2x2       Osasuna x Rayo Vallecano           @16.00 1-1 GREEN R$+27
   09:30 Home      Zorya x Dynamo Kiev                @6.20  0-2 GREEN R$+40
   10:00 Home      SK Artis Brno x Slovan Liberec     @6.20  0-0 GREEN R$+40
   10:30 0x3       Septemvri x Botev Plovdiv          @23.00 0-3 RED R$-433
   11:00 Home      Gateshead x Southend               @6.60  AO Away Win GREEN R$+37
   11:00 Home      Bromley x Huddersfield             @6.20  2-1 RED R$-216
   11:00 Draw      Sariyer G.K. x Boluspor            @7.40  2-1 GREEN R$+32
   11:00 Home      Kristiansund x Rosenborg           @5.90  1-3 GREEN R$+42
   11:00 Draw      Cove Rangers x Ross Co             @6.20  0-2 GREEN R$+40
   11:00 2x2       Luton x Bradford                   @16.50 0-1 GREEN R$+27
   11:00 Draw      Hamilton x Queen of South          @7.40  AO Home Win GREEN R$+32
   12:00 Draw      FK Novi Pazar x Zemun              @5.70  2-2 RED R$-216
   12:30 Home      Orgryte x Sirius                   @7.00  1-2 GREEN R$+34
   13:30 Draw      Zrinjski x Fk Velez Mostar         @6.40  2-0 GREEN R$+38
   14:00 Home      Maccabi Netanya x Maccabi Tel Aviv @5.90  1-2 GREEN R$+42
   14:00 Draw      Maccabi Haifa x Ironi Tiberias     @7.40  3-2 GREEN R$+32
   15:00 Draw      Ajax x Excelsior                   @8.20  2-2 RED R$-216
   15:30 Home      KFC Komarno x Slovan Bratislava    @5.90  1-2 GREEN R$+42
   15:30 Home      Cerro x Penarol                    @8.20  1-2 GREEN R$+29
   15:45 Draw      Sligo Rovers x St Patricks         @5.70  0-1 GREEN R$+44
   16:00 Draw      Sevilla x Barcelona                @7.60  1-3 GREEN R$+31
   16:00 Draw      Millonarios x Boyaca Chico         @6.60  3-0 GREEN R$+37
   16:00 Draw      Atletico MG x Chapecoense          @5.50  1-1 RED R$-216
   16:30 Draw      Sporting Lisbon x Arouca           @8.60  2-2 RED R$-216
   17:00 Home      Zamora FC x Metropolitanos         @3.75  —
   17:00 Over 4.5  Zamora FC x Metropolitanos         @18.00 —
   21:30 Home      Kansas City x Philadelphia         @5.50  —
sem gatilho.
2026-09-19 19:50 | banca R$ 4327 (composta (pagina 02, 743 jogos ate 2026-09-19)) | liquidados 27/30 | 21G/6R | P&L R$ -807.42 (-18.7%)
   08:30 0x3       Rochdale x Oldham                  @24.00 2-0 GREEN R$+18
   08:30 2x2       Stoke x Sheff Utd                  @16.00 2-1 GREEN R$+27
   09:00 0x3       Sociedad B x Mallorca              @24.00 0-1 GREEN R$+18
   09:00 2x2       Osasuna x Rayo Vallecano           @16.00 1-1 GREEN R$+27
   09:30 Home      Zorya x Dynamo Kiev                @6.20  0-2 GREEN R$+40
   10:00 Home      SK Artis Brno x Slovan Liberec     @6.20  0-0 GREEN R$+40
   10:30 0x3       Septemvri x Botev Plovdiv          @23.00 0-3 RED R$-433
   11:00 Home      Gateshead x Southend               @6.60  AO Away Win GREEN R$+37
   11:00 Home      Bromley x Huddersfield             @6.20  2-1 RED R$-216
   11:00 Draw      Sariyer G.K. x Boluspor            @7.40  2-1 GREEN R$+32
   11:00 Home      Kristiansund x Rosenborg           @5.90  1-3 GREEN R$+42
   11:00 Draw      Cove Rangers x Ross Co             @6.20  0-2 GREEN R$+40
   11:00 2x2       Luton x Bradford                   @16.50 0-1 GREEN R$+27
   11:00 Draw      Hamilton x Queen of South          @7.40  AO Home Win GREEN R$+32
   12:00 Draw      FK Novi Pazar x Zemun              @5.70  2-2 RED R$-216
   12:30 Home      Orgryte x Sirius                   @7.00  1-2 GREEN R$+34
   13:30 Draw      Zrinjski x Fk Velez Mostar         @6.40  2-0 GREEN R$+38
   14:00 Home      Maccabi Netanya x Maccabi Tel Aviv @5.90  1-2 GREEN R$+42
   14:00 Draw      Maccabi Haifa x Ironi Tiberias     @7.40  3-2 GREEN R$+32
   15:00 Draw      Ajax x Excelsior                   @8.20  2-2 RED R$-216
   15:30 Home      KFC Komarno x Slovan Bratislava    @5.90  1-2 GREEN R$+42
   15:30 Home      Cerro x Penarol                    @8.20  1-2 GREEN R$+29
   15:45 Draw      Sligo Rovers x St Patricks         @5.70  0-1 GREEN R$+44
   16:00 Draw      Sevilla x Barcelona                @7.60  1-3 GREEN R$+31
   16:00 Draw      Millonarios x Boyaca Chico         @6.60  3-0 GREEN R$+37
   16:00 Draw      Atletico MG x Chapecoense          @5.50  1-1 RED R$-216
   16:30 Draw      Sporting Lisbon x Arouca           @8.60  2-2 RED R$-216
   17:00 Home      Zamora FC x Metropolitanos         @3.75  —
   17:00 Over 4.5  Zamora FC x Metropolitanos         @18.00 —
   21:30 Home      Kansas City x Philadelphia         @5.50  —
sem gatilho.
2026-09-19 19:55 | banca R$ 4327 (composta (pagina 02, 743 jogos ate 2026-09-19)) | liquidados 27/30 | 21G/6R | P&L R$ -807.42 (-18.7%)
   08:30 0x3       Rochdale x Oldham                  @24.00 2-0 GREEN R$+18
   08:30 2x2       Stoke x Sheff Utd                  @16.00 2-1 GREEN R$+27
   09:00 0x3       Sociedad B x Mallorca              @24.00 0-1 GREEN R$+18
   09:00 2x2       Osasuna x Rayo Vallecano           @16.00 1-1 GREEN R$+27
   09:30 Home      Zorya x Dynamo Kiev                @6.20  0-2 GREEN R$+40
   10:00 Home      SK Artis Brno x Slovan Liberec     @6.20  0-0 GREEN R$+40
   10:30 0x3       Septemvri x Botev Plovdiv          @23.00 0-3 RED R$-433
   11:00 Home      Gateshead x Southend               @6.60  AO Away Win GREEN R$+37
   11:00 Home      Bromley x Huddersfield             @6.20  2-1 RED R$-216
   11:00 Draw      Sariyer G.K. x Boluspor            @7.40  2-1 GREEN R$+32
   11:00 Home      Kristiansund x Rosenborg           @5.90  1-3 GREEN R$+42
   11:00 Draw      Cove Rangers x Ross Co             @6.20  0-2 GREEN R$+40
   11:00 2x2       Luton x Bradford                   @16.50 0-1 GREEN R$+27
   11:00 Draw      Hamilton x Queen of South          @7.40  AO Home Win GREEN R$+32
   12:00 Draw      FK Novi Pazar x Zemun              @5.70  2-2 RED R$-216
   12:30 Home      Orgryte x Sirius                   @7.00  1-2 GREEN R$+34
   13:30 Draw      Zrinjski x Fk Velez Mostar         @6.40  2-0 GREEN R$+38
   14:00 Home      Maccabi Netanya x Maccabi Tel Aviv @5.90  1-2 GREEN R$+42
   14:00 Draw      Maccabi Haifa x Ironi Tiberias     @7.40  3-2 GREEN R$+32
   15:00 Draw      Ajax x Excelsior                   @8.20  2-2 RED R$-216
   15:30 Home      KFC Komarno x Slovan Bratislava    @5.90  1-2 GREEN R$+42
   15:30 Home      Cerro x Penarol                    @8.20  1-2 GREEN R$+29
   15:45 Draw      Sligo Rovers x St Patricks         @5.70  0-1 GREEN R$+44
   16:00 Draw      Sevilla x Barcelona                @7.60  1-3 GREEN R$+31
   16:00 Draw      Millonarios x Boyaca Chico         @6.60  3-0 GREEN R$+37
   16:00 Draw      Atletico MG x Chapecoense          @5.50  1-1 RED R$-216
   16:30 Draw      Sporting Lisbon x Arouca           @8.60  2-2 RED R$-216
   17:00 Home      Zamora FC x Metropolitanos         @3.75  —
   17:00 Over 4.5  Zamora FC x Metropolitanos         @18.00 —
   21:30 Home      Kansas City x Philadelphia         @5.50  —
sem gatilho.
2026-09-19 20:00 | banca R$ 4327 (composta (pagina 02, 743 jogos ate 2026-09-19)) | liquidados 27/30 | 21G/6R | P&L R$ -807.42 (-18.7%)
   08:30 0x3       Rochdale x Oldham                  @24.00 2-0 GREEN R$+18
   08:30 2x2       Stoke x Sheff Utd                  @16.00 2-1 GREEN R$+27
   09:00 0x3       Sociedad B x Mallorca              @24.00 0-1 GREEN R$+18
   09:00 2x2       Osasuna x Rayo Vallecano           @16.00 1-1 GREEN R$+27
   09:30 Home      Zorya x Dynamo Kiev                @6.20  0-2 GREEN R$+40
   10:00 Home      SK Artis Brno x Slovan Liberec     @6.20  0-0 GREEN R$+40
   10:30 0x3       Septemvri x Botev Plovdiv          @23.00 0-3 RED R$-433
   11:00 Home      Gateshead x Southend               @6.60  AO Away Win GREEN R$+37
   11:00 Home      Bromley x Huddersfield             @6.20  2-1 RED R$-216
   11:00 Draw      Sariyer G.K. x Boluspor            @7.40  2-1 GREEN R$+32
   11:00 Home      Kristiansund x Rosenborg           @5.90  1-3 GREEN R$+42
   11:00 Draw      Cove Rangers x Ross Co             @6.20  0-2 GREEN R$+40
   11:00 2x2       Luton x Bradford                   @16.50 0-1 GREEN R$+27
   11:00 Draw      Hamilton x Queen of South          @7.40  AO Home Win GREEN R$+32
   12:00 Draw      FK Novi Pazar x Zemun              @5.70  2-2 RED R$-216
   12:30 Home      Orgryte x Sirius                   @7.00  1-2 GREEN R$+34
   13:30 Draw      Zrinjski x Fk Velez Mostar         @6.40  2-0 GREEN R$+38
   14:00 Home      Maccabi Netanya x Maccabi Tel Aviv @5.90  1-2 GREEN R$+42
   14:00 Draw      Maccabi Haifa x Ironi Tiberias     @7.40  3-2 GREEN R$+32
   15:00 Draw      Ajax x Excelsior                   @8.20  2-2 RED R$-216
   15:30 Home      KFC Komarno x Slovan Bratislava    @5.90  1-2 GREEN R$+42
   15:30 Home      Cerro x Penarol                    @8.20  1-2 GREEN R$+29
   15:45 Draw      Sligo Rovers x St Patricks         @5.70  0-1 GREEN R$+44
   16:00 Draw      Sevilla x Barcelona                @7.60  1-3 GREEN R$+31
   16:00 Draw      Millonarios x Boyaca Chico         @6.60  3-0 GREEN R$+37
   16:00 Draw      Atletico MG x Chapecoense          @5.50  1-1 RED R$-216
   16:30 Draw      Sporting Lisbon x Arouca           @8.60  2-2 RED R$-216
   17:00 Home      Zamora FC x Metropolitanos         @3.75  —
   17:00 Over 4.5  Zamora FC x Metropolitanos         @18.00 —
   21:30 Home      Kansas City x Philadelphia         @5.50  —
sem gatilho.
2026-09-19 20:05 | banca R$ 4327 (composta (pagina 02, 743 jogos ate 2026-09-19)) | liquidados 27/30 | 21G/6R | P&L R$ -807.42 (-18.7%)
   08:30 0x3       Rochdale x Oldham                  @24.00 2-0 GREEN R$+18
   08:30 2x2       Stoke x Sheff Utd                  @16.00 2-1 GREEN R$+27
   09:00 0x3       Sociedad B x Mallorca              @24.00 0-1 GREEN R$+18
   09:00 2x2       Osasuna x Rayo Vallecano           @16.00 1-1 GREEN R$+27
   09:30 Home      Zorya x Dynamo Kiev                @6.20  0-2 GREEN R$+40
   10:00 Home      SK Artis Brno x Slovan Liberec     @6.20  0-0 GREEN R$+40
   10:30 0x3       Septemvri x Botev Plovdiv          @23.00 0-3 RED R$-433
   11:00 Home      Gateshead x Southend               @6.60  AO Away Win GREEN R$+37
   11:00 Home      Bromley x Huddersfield             @6.20  2-1 RED R$-216
   11:00 Draw      Sariyer G.K. x Boluspor            @7.40  2-1 GREEN R$+32
   11:00 Home      Kristiansund x Rosenborg           @5.90  1-3 GREEN R$+42
   11:00 Draw      Cove Rangers x Ross Co             @6.20  0-2 GREEN R$+40
   11:00 2x2       Luton x Bradford                   @16.50 0-1 GREEN R$+27
   11:00 Draw      Hamilton x Queen of South          @7.40  AO Home Win GREEN R$+32
   12:00 Draw      FK Novi Pazar x Zemun              @5.70  2-2 RED R$-216
   12:30 Home      Orgryte x Sirius                   @7.00  1-2 GREEN R$+34
   13:30 Draw      Zrinjski x Fk Velez Mostar         @6.40  2-0 GREEN R$+38
   14:00 Home      Maccabi Netanya x Maccabi Tel Aviv @5.90  1-2 GREEN R$+42
   14:00 Draw      Maccabi Haifa x Ironi Tiberias     @7.40  3-2 GREEN R$+32
   15:00 Draw      Ajax x Excelsior                   @8.20  2-2 RED R$-216
   15:30 Home      KFC Komarno x Slovan Bratislava    @5.90  1-2 GREEN R$+42
   15:30 Home      Cerro x Penarol                    @8.20  1-2 GREEN R$+29
   15:45 Draw      Sligo Rovers x St Patricks         @5.70  0-1 GREEN R$+44
   16:00 Draw      Sevilla x Barcelona                @7.60  1-3 GREEN R$+31
   16:00 Draw      Millonarios x Boyaca Chico         @6.60  3-0 GREEN R$+37
   16:00 Draw      Atletico MG x Chapecoense          @5.50  1-1 RED R$-216
   16:30 Draw      Sporting Lisbon x Arouca           @8.60  2-2 RED R$-216
   17:00 Home      Zamora FC x Metropolitanos         @3.75  —
   17:00 Over 4.5  Zamora FC x Metropolitanos         @18.00 —
   21:30 Home      Kansas City x Philadelphia         @5.50  —
sem gatilho.
2026-09-19 20:10 | banca R$ 4327 (composta (pagina 02, 743 jogos ate 2026-09-19)) | liquidados 27/30 | 21G/6R | P&L R$ -807.42 (-18.7%)
   08:30 0x3       Rochdale x Oldham                  @24.00 2-0 GREEN R$+18
   08:30 2x2       Stoke x Sheff Utd                  @16.00 2-1 GREEN R$+27
   09:00 0x3       Sociedad B x Mallorca              @24.00 0-1 GREEN R$+18
   09:00 2x2       Osasuna x Rayo Vallecano           @16.00 1-1 GREEN R$+27
   09:30 Home      Zorya x Dynamo Kiev                @6.20  0-2 GREEN R$+40
   10:00 Home      SK Artis Brno x Slovan Liberec     @6.20  0-0 GREEN R$+40
   10:30 0x3       Septemvri x Botev Plovdiv          @23.00 0-3 RED R$-433
   11:00 Home      Gateshead x Southend               @6.60  AO Away Win GREEN R$+37
   11:00 Home      Bromley x Huddersfield             @6.20  2-1 RED R$-216
   11:00 Draw      Sariyer G.K. x Boluspor            @7.40  2-1 GREEN R$+32
   11:00 Home      Kristiansund x Rosenborg           @5.90  1-3 GREEN R$+42
   11:00 Draw      Cove Rangers x Ross Co             @6.20  0-2 GREEN R$+40
   11:00 2x2       Luton x Bradford                   @16.50 0-1 GREEN R$+27
   11:00 Draw      Hamilton x Queen of South          @7.40  AO Home Win GREEN R$+32
   12:00 Draw      FK Novi Pazar x Zemun              @5.70  2-2 RED R$-216
   12:30 Home      Orgryte x Sirius                   @7.00  1-2 GREEN R$+34
   13:30 Draw      Zrinjski x Fk Velez Mostar         @6.40  2-0 GREEN R$+38
   14:00 Home      Maccabi Netanya x Maccabi Tel Aviv @5.90  1-2 GREEN R$+42
   14:00 Draw      Maccabi Haifa x Ironi Tiberias     @7.40  3-2 GREEN R$+32
   15:00 Draw      Ajax x Excelsior                   @8.20  2-2 RED R$-216
   15:30 Home      KFC Komarno x Slovan Bratislava    @5.90  1-2 GREEN R$+42
   15:30 Home      Cerro x Penarol                    @8.20  1-2 GREEN R$+29
   15:45 Draw      Sligo Rovers x St Patricks         @5.70  0-1 GREEN R$+44
   16:00 Draw      Sevilla x Barcelona                @7.60  1-3 GREEN R$+31
   16:00 Draw      Millonarios x Boyaca Chico         @6.60  3-0 GREEN R$+37
   16:00 Draw      Atletico MG x Chapecoense          @5.50  1-1 RED R$-216
   16:30 Draw      Sporting Lisbon x Arouca           @8.60  2-2 RED R$-216
   17:00 Home      Zamora FC x Metropolitanos         @3.75  —
   17:00 Over 4.5  Zamora FC x Metropolitanos         @18.00 —
   21:30 Home      Kansas City x Philadelphia         @5.50  —
sem gatilho.
2026-09-19 20:15 | banca R$ 4327 (composta (pagina 02, 743 jogos ate 2026-09-19)) | liquidados 27/30 | 21G/6R | P&L R$ -807.42 (-18.7%)
   08:30 0x3       Rochdale x Oldham                  @24.00 2-0 GREEN R$+18
   08:30 2x2       Stoke x Sheff Utd                  @16.00 2-1 GREEN R$+27
   09:00 0x3       Sociedad B x Mallorca              @24.00 0-1 GREEN R$+18
   09:00 2x2       Osasuna x Rayo Vallecano           @16.00 1-1 GREEN R$+27
   09:30 Home      Zorya x Dynamo Kiev                @6.20  0-2 GREEN R$+40
   10:00 Home      SK Artis Brno x Slovan Liberec     @6.20  0-0 GREEN R$+40
   10:30 0x3       Septemvri x Botev Plovdiv          @23.00 0-3 RED R$-433
   11:00 Home      Gateshead x Southend               @6.60  AO Away Win GREEN R$+37
   11:00 Home      Bromley x Huddersfield             @6.20  2-1 RED R$-216
   11:00 Draw      Sariyer G.K. x Boluspor            @7.40  2-1 GREEN R$+32
   11:00 Home      Kristiansund x Rosenborg           @5.90  1-3 GREEN R$+42
   11:00 Draw      Cove Rangers x Ross Co             @6.20  0-2 GREEN R$+40
   11:00 2x2       Luton x Bradford                   @16.50 0-1 GREEN R$+27
   11:00 Draw      Hamilton x Queen of South          @7.40  AO Home Win GREEN R$+32
   12:00 Draw      FK Novi Pazar x Zemun              @5.70  2-2 RED R$-216
   12:30 Home      Orgryte x Sirius                   @7.00  1-2 GREEN R$+34
   13:30 Draw      Zrinjski x Fk Velez Mostar         @6.40  2-0 GREEN R$+38
   14:00 Home      Maccabi Netanya x Maccabi Tel Aviv @5.90  1-2 GREEN R$+42
   14:00 Draw      Maccabi Haifa x Ironi Tiberias     @7.40  3-2 GREEN R$+32
   15:00 Draw      Ajax x Excelsior                   @8.20  2-2 RED R$-216
   15:30 Home      KFC Komarno x Slovan Bratislava    @5.90  1-2 GREEN R$+42
   15:30 Home      Cerro x Penarol                    @8.20  1-2 GREEN R$+29
   15:45 Draw      Sligo Rovers x St Patricks         @5.70  0-1 GREEN R$+44
   16:00 Draw      Sevilla x Barcelona                @7.60  1-3 GREEN R$+31
   16:00 Draw      Millonarios x Boyaca Chico         @6.60  3-0 GREEN R$+37
   16:00 Draw      Atletico MG x Chapecoense          @5.50  1-1 RED R$-216
   16:30 Draw      Sporting Lisbon x Arouca           @8.60  2-2 RED R$-216
   17:00 Home      Zamora FC x Metropolitanos         @3.75  —
   17:00 Over 4.5  Zamora FC x Metropolitanos         @18.00 —
   21:30 Home      Kansas City x Philadelphia         @5.50  —
sem gatilho.
2026-09-19 20:20 | banca R$ 4327 (composta (pagina 02, 743 jogos ate 2026-09-19)) | liquidados 27/30 | 21G/6R | P&L R$ -807.42 (-18.7%)
   08:30 0x3       Rochdale x Oldham                  @24.00 2-0 GREEN R$+18
   08:30 2x2       Stoke x Sheff Utd                  @16.00 2-1 GREEN R$+27
   09:00 0x3       Sociedad B x Mallorca              @24.00 0-1 GREEN R$+18
   09:00 2x2       Osasuna x Rayo Vallecano           @16.00 1-1 GREEN R$+27
   09:30 Home      Zorya x Dynamo Kiev                @6.20  0-2 GREEN R$+40
   10:00 Home      SK Artis Brno x Slovan Liberec     @6.20  0-0 GREEN R$+40
   10:30 0x3       Septemvri x Botev Plovdiv          @23.00 0-3 RED R$-433
   11:00 Home      Gateshead x Southend               @6.60  AO Away Win GREEN R$+37
   11:00 Home      Bromley x Huddersfield             @6.20  2-1 RED R$-216
   11:00 Draw      Sariyer G.K. x Boluspor            @7.40  2-1 GREEN R$+32
   11:00 Home      Kristiansund x Rosenborg           @5.90  1-3 GREEN R$+42
   11:00 Draw      Cove Rangers x Ross Co             @6.20  0-2 GREEN R$+40
   11:00 2x2       Luton x Bradford                   @16.50 0-1 GREEN R$+27
   11:00 Draw      Hamilton x Queen of South          @7.40  AO Home Win GREEN R$+32
   12:00 Draw      FK Novi Pazar x Zemun              @5.70  2-2 RED R$-216
   12:30 Home      Orgryte x Sirius                   @7.00  1-2 GREEN R$+34
   13:30 Draw      Zrinjski x Fk Velez Mostar         @6.40  2-0 GREEN R$+38
   14:00 Home      Maccabi Netanya x Maccabi Tel Aviv @5.90  1-2 GREEN R$+42
   14:00 Draw      Maccabi Haifa x Ironi Tiberias     @7.40  3-2 GREEN R$+32
   15:00 Draw      Ajax x Excelsior                   @8.20  2-2 RED R$-216
   15:30 Home      KFC Komarno x Slovan Bratislava    @5.90  1-2 GREEN R$+42
   15:30 Home      Cerro x Penarol                    @8.20  1-2 GREEN R$+29
   15:45 Draw      Sligo Rovers x St Patricks         @5.70  0-1 GREEN R$+44
   16:00 Draw      Sevilla x Barcelona                @7.60  1-3 GREEN R$+31
   16:00 Draw      Millonarios x Boyaca Chico         @6.60  3-0 GREEN R$+37
   16:00 Draw      Atletico MG x Chapecoense          @5.50  1-1 RED R$-216
   16:30 Draw      Sporting Lisbon x Arouca           @8.60  2-2 RED R$-216
   17:00 Home      Zamora FC x Metropolitanos         @3.75  —
   17:00 Over 4.5  Zamora FC x Metropolitanos         @18.00 —
   21:30 Home      Kansas City x Philadelphia         @5.50  —
sem gatilho.
2026-09-19 20:25 | banca R$ 4327 (composta (pagina 02, 743 jogos ate 2026-09-19)) | liquidados 27/30 | 21G/6R | P&L R$ -807.42 (-18.7%)
   08:30 0x3       Rochdale x Oldham                  @24.00 2-0 GREEN R$+18
   08:30 2x2       Stoke x Sheff Utd                  @16.00 2-1 GREEN R$+27
   09:00 0x3       Sociedad B x Mallorca              @24.00 0-1 GREEN R$+18
   09:00 2x2       Osasuna x Rayo Vallecano           @16.00 1-1 GREEN R$+27
   09:30 Home      Zorya x Dynamo Kiev                @6.20  0-2 GREEN R$+40
   10:00 Home      SK Artis Brno x Slovan Liberec     @6.20  0-0 GREEN R$+40
   10:30 0x3       Septemvri x Botev Plovdiv          @23.00 0-3 RED R$-433
   11:00 Home      Gateshead x Southend               @6.60  AO Away Win GREEN R$+37
   11:00 Home      Bromley x Huddersfield             @6.20  2-1 RED R$-216
   11:00 Draw      Sariyer G.K. x Boluspor            @7.40  2-1 GREEN R$+32
   11:00 Home      Kristiansund x Rosenborg           @5.90  1-3 GREEN R$+42
   11:00 Draw      Cove Rangers x Ross Co             @6.20  0-2 GREEN R$+40
   11:00 2x2       Luton x Bradford                   @16.50 0-1 GREEN R$+27
   11:00 Draw      Hamilton x Queen of South          @7.40  AO Home Win GREEN R$+32
   12:00 Draw      FK Novi Pazar x Zemun              @5.70  2-2 RED R$-216
   12:30 Home      Orgryte x Sirius                   @7.00  1-2 GREEN R$+34
   13:30 Draw      Zrinjski x Fk Velez Mostar         @6.40  2-0 GREEN R$+38
   14:00 Home      Maccabi Netanya x Maccabi Tel Aviv @5.90  1-2 GREEN R$+42
   14:00 Draw      Maccabi Haifa x Ironi Tiberias     @7.40  3-2 GREEN R$+32
   15:00 Draw      Ajax x Excelsior                   @8.20  2-2 RED R$-216
   15:30 Home      KFC Komarno x Slovan Bratislava    @5.90  1-2 GREEN R$+42
   15:30 Home      Cerro x Penarol                    @8.20  1-2 GREEN R$+29
   15:45 Draw      Sligo Rovers x St Patricks         @5.70  0-1 GREEN R$+44
   16:00 Draw      Sevilla x Barcelona                @7.60  1-3 GREEN R$+31
   16:00 Draw      Millonarios x Boyaca Chico         @6.60  3-0 GREEN R$+37
   16:00 Draw      Atletico MG x Chapecoense          @5.50  1-1 RED R$-216
   16:30 Draw      Sporting Lisbon x Arouca           @8.60  2-2 RED R$-216
   17:00 Home      Zamora FC x Metropolitanos         @3.75  —
   17:00 Over 4.5  Zamora FC x Metropolitanos         @18.00 —
   21:30 Home      Kansas City x Philadelphia         @5.50  —
sem gatilho.
2026-09-19 20:30 | banca R$ 4327 (composta (pagina 02, 743 jogos ate 2026-09-19)) | liquidados 27/30 | 21G/6R | P&L R$ -807.42 (-18.7%)
   08:30 0x3       Rochdale x Oldham                  @24.00 2-0 GREEN R$+18
   08:30 2x2       Stoke x Sheff Utd                  @16.00 2-1 GREEN R$+27
   09:00 0x3       Sociedad B x Mallorca              @24.00 0-1 GREEN R$+18
   09:00 2x2       Osasuna x Rayo Vallecano           @16.00 1-1 GREEN R$+27
   09:30 Home      Zorya x Dynamo Kiev                @6.20  0-2 GREEN R$+40
   10:00 Home      SK Artis Brno x Slovan Liberec     @6.20  0-0 GREEN R$+40
   10:30 0x3       Septemvri x Botev Plovdiv          @23.00 0-3 RED R$-433
   11:00 Home      Gateshead x Southend               @6.60  AO Away Win GREEN R$+37
   11:00 Home      Bromley x Huddersfield             @6.20  2-1 RED R$-216
   11:00 Draw      Sariyer G.K. x Boluspor            @7.40  2-1 GREEN R$+32
   11:00 Home      Kristiansund x Rosenborg           @5.90  1-3 GREEN R$+42
   11:00 Draw      Cove Rangers x Ross Co             @6.20  0-2 GREEN R$+40
   11:00 2x2       Luton x Bradford                   @16.50 0-1 GREEN R$+27
   11:00 Draw      Hamilton x Queen of South          @7.40  AO Home Win GREEN R$+32
   12:00 Draw      FK Novi Pazar x Zemun              @5.70  2-2 RED R$-216
   12:30 Home      Orgryte x Sirius                   @7.00  1-2 GREEN R$+34
   13:30 Draw      Zrinjski x Fk Velez Mostar         @6.40  2-0 GREEN R$+38
   14:00 Home      Maccabi Netanya x Maccabi Tel Aviv @5.90  1-2 GREEN R$+42
   14:00 Draw      Maccabi Haifa x Ironi Tiberias     @7.40  3-2 GREEN R$+32
   15:00 Draw      Ajax x Excelsior                   @8.20  2-2 RED R$-216
   15:30 Home      KFC Komarno x Slovan Bratislava    @5.90  1-2 GREEN R$+42
   15:30 Home      Cerro x Penarol                    @8.20  1-2 GREEN R$+29
   15:45 Draw      Sligo Rovers x St Patricks         @5.70  0-1 GREEN R$+44
   16:00 Draw      Sevilla x Barcelona                @7.60  1-3 GREEN R$+31
   16:00 Draw      Millonarios x Boyaca Chico         @6.60  3-0 GREEN R$+37
   16:00 Draw      Atletico MG x Chapecoense          @5.50  1-1 RED R$-216
   16:30 Draw      Sporting Lisbon x Arouca           @8.60  2-2 RED R$-216
   17:00 Home      Zamora FC x Metropolitanos         @3.75  —
   17:00 Over 4.5  Zamora FC x Metropolitanos         @18.00 —
   21:30 Home      Kansas City x Philadelphia         @5.50  —
sem gatilho.
2026-09-19 20:35 | banca R$ 4327 (composta (pagina 02, 743 jogos ate 2026-09-19)) | liquidados 27/30 | 21G/6R | P&L R$ -807.42 (-18.7%)
   08:30 0x3       Rochdale x Oldham                  @24.00 2-0 GREEN R$+18
   08:30 2x2       Stoke x Sheff Utd                  @16.00 2-1 GREEN R$+27
   09:00 0x3       Sociedad B x Mallorca              @24.00 0-1 GREEN R$+18
   09:00 2x2       Osasuna x Rayo Vallecano           @16.00 1-1 GREEN R$+27
   09:30 Home      Zorya x Dynamo Kiev                @6.20  0-2 GREEN R$+40
   10:00 Home      SK Artis Brno x Slovan Liberec     @6.20  0-0 GREEN R$+40
   10:30 0x3       Septemvri x Botev Plovdiv          @23.00 0-3 RED R$-433
   11:00 Home      Gateshead x Southend               @6.60  AO Away Win GREEN R$+37
   11:00 Home      Bromley x Huddersfield             @6.20  2-1 RED R$-216
   11:00 Draw      Sariyer G.K. x Boluspor            @7.40  2-1 GREEN R$+32
   11:00 Home      Kristiansund x Rosenborg           @5.90  1-3 GREEN R$+42
   11:00 Draw      Cove Rangers x Ross Co             @6.20  0-2 GREEN R$+40
   11:00 2x2       Luton x Bradford                   @16.50 0-1 GREEN R$+27
   11:00 Draw      Hamilton x Queen of South          @7.40  AO Home Win GREEN R$+32
   12:00 Draw      FK Novi Pazar x Zemun              @5.70  2-2 RED R$-216
   12:30 Home      Orgryte x Sirius                   @7.00  1-2 GREEN R$+34
   13:30 Draw      Zrinjski x Fk Velez Mostar         @6.40  2-0 GREEN R$+38
   14:00 Home      Maccabi Netanya x Maccabi Tel Aviv @5.90  1-2 GREEN R$+42
   14:00 Draw      Maccabi Haifa x Ironi Tiberias     @7.40  3-2 GREEN R$+32
   15:00 Draw      Ajax x Excelsior                   @8.20  2-2 RED R$-216
   15:30 Home      KFC Komarno x Slovan Bratislava    @5.90  1-2 GREEN R$+42
   15:30 Home      Cerro x Penarol                    @8.20  1-2 GREEN R$+29
   15:45 Draw      Sligo Rovers x St Patricks         @5.70  0-1 GREEN R$+44
   16:00 Draw      Sevilla x Barcelona                @7.60  1-3 GREEN R$+31
   16:00 Draw      Millonarios x Boyaca Chico         @6.60  3-0 GREEN R$+37
   16:00 Draw      Atletico MG x Chapecoense          @5.50  1-1 RED R$-216
   16:30 Draw      Sporting Lisbon x Arouca           @8.60  2-2 RED R$-216
   17:00 Home      Zamora FC x Metropolitanos         @3.75  —
   17:00 Over 4.5  Zamora FC x Metropolitanos         @18.00 —
   21:30 Home      Kansas City x Philadelphia         @5.50  —
sem gatilho.
2026-09-19 20:40 | banca R$ 4327 (composta (pagina 02, 743 jogos ate 2026-09-19)) | liquidados 27/30 | 21G/6R | P&L R$ -807.42 (-18.7%)
   08:30 0x3       Rochdale x Oldham                  @24.00 2-0 GREEN R$+18
   08:30 2x2       Stoke x Sheff Utd                  @16.00 2-1 GREEN R$+27
   09:00 0x3       Sociedad B x Mallorca              @24.00 0-1 GREEN R$+18
   09:00 2x2       Osasuna x Rayo Vallecano           @16.00 1-1 GREEN R$+27
   09:30 Home      Zorya x Dynamo Kiev                @6.20  0-2 GREEN R$+40
   10:00 Home      SK Artis Brno x Slovan Liberec     @6.20  0-0 GREEN R$+40
   10:30 0x3       Septemvri x Botev Plovdiv          @23.00 0-3 RED R$-433
   11:00 Home      Gateshead x Southend               @6.60  AO Away Win GREEN R$+37
   11:00 Home      Bromley x Huddersfield             @6.20  2-1 RED R$-216
   11:00 Draw      Sariyer G.K. x Boluspor            @7.40  2-1 GREEN R$+32
   11:00 Home      Kristiansund x Rosenborg           @5.90  1-3 GREEN R$+42
   11:00 Draw      Cove Rangers x Ross Co             @6.20  0-2 GREEN R$+40
   11:00 2x2       Luton x Bradford                   @16.50 0-1 GREEN R$+27
   11:00 Draw      Hamilton x Queen of South          @7.40  AO Home Win GREEN R$+32
   12:00 Draw      FK Novi Pazar x Zemun              @5.70  2-2 RED R$-216
   12:30 Home      Orgryte x Sirius                   @7.00  1-2 GREEN R$+34
   13:30 Draw      Zrinjski x Fk Velez Mostar         @6.40  2-0 GREEN R$+38
   14:00 Home      Maccabi Netanya x Maccabi Tel Aviv @5.90  1-2 GREEN R$+42
   14:00 Draw      Maccabi Haifa x Ironi Tiberias     @7.40  3-2 GREEN R$+32
   15:00 Draw      Ajax x Excelsior                   @8.20  2-2 RED R$-216
   15:30 Home      KFC Komarno x Slovan Bratislava    @5.90  1-2 GREEN R$+42
   15:30 Home      Cerro x Penarol                    @8.20  1-2 GREEN R$+29
   15:45 Draw      Sligo Rovers x St Patricks         @5.70  0-1 GREEN R$+44
   16:00 Draw      Sevilla x Barcelona                @7.60  1-3 GREEN R$+31
   16:00 Draw      Millonarios x Boyaca Chico         @6.60  3-0 GREEN R$+37
   16:00 Draw      Atletico MG x Chapecoense          @5.50  1-1 RED R$-216
   16:30 Draw      Sporting Lisbon x Arouca           @8.60  2-2 RED R$-216
   17:00 Home      Zamora FC x Metropolitanos         @3.75  —
   17:00 Over 4.5  Zamora FC x Metropolitanos         @18.00 —
   21:30 Home      Kansas City x Philadelphia         @5.50  —
sem gatilho.
2026-09-19 20:45 | banca R$ 4327 (composta (pagina 02, 743 jogos ate 2026-09-19)) | liquidados 27/30 | 21G/6R | P&L R$ -807.42 (-18.7%)
   08:30 0x3       Rochdale x Oldham                  @24.00 2-0 GREEN R$+18
   08:30 2x2       Stoke x Sheff Utd                  @16.00 2-1 GREEN R$+27
   09:00 0x3       Sociedad B x Mallorca              @24.00 0-1 GREEN R$+18
   09:00 2x2       Osasuna x Rayo Vallecano           @16.00 1-1 GREEN R$+27
   09:30 Home      Zorya x Dynamo Kiev                @6.20  0-2 GREEN R$+40
   10:00 Home      SK Artis Brno x Slovan Liberec     @6.20  0-0 GREEN R$+40
   10:30 0x3       Septemvri x Botev Plovdiv          @23.00 0-3 RED R$-433
   11:00 Home      Gateshead x Southend               @6.60  AO Away Win GREEN R$+37
   11:00 Home      Bromley x Huddersfield             @6.20  2-1 RED R$-216
   11:00 Draw      Sariyer G.K. x Boluspor            @7.40  2-1 GREEN R$+32
   11:00 Home      Kristiansund x Rosenborg           @5.90  1-3 GREEN R$+42
   11:00 Draw      Cove Rangers x Ross Co             @6.20  0-2 GREEN R$+40
   11:00 2x2       Luton x Bradford                   @16.50 0-1 GREEN R$+27
   11:00 Draw      Hamilton x Queen of South          @7.40  AO Home Win GREEN R$+32
   12:00 Draw      FK Novi Pazar x Zemun              @5.70  2-2 RED R$-216
   12:30 Home      Orgryte x Sirius                   @7.00  1-2 GREEN R$+34
   13:30 Draw      Zrinjski x Fk Velez Mostar         @6.40  2-0 GREEN R$+38
   14:00 Home      Maccabi Netanya x Maccabi Tel Aviv @5.90  1-2 GREEN R$+42
   14:00 Draw      Maccabi Haifa x Ironi Tiberias     @7.40  3-2 GREEN R$+32
   15:00 Draw      Ajax x Excelsior                   @8.20  2-2 RED R$-216
   15:30 Home      KFC Komarno x Slovan Bratislava    @5.90  1-2 GREEN R$+42
   15:30 Home      Cerro x Penarol                    @8.20  1-2 GREEN R$+29
   15:45 Draw      Sligo Rovers x St Patricks         @5.70  0-1 GREEN R$+44
   16:00 Draw      Sevilla x Barcelona                @7.60  1-3 GREEN R$+31
   16:00 Draw      Millonarios x Boyaca Chico         @6.60  3-0 GREEN R$+37
   16:00 Draw      Atletico MG x Chapecoense          @5.50  1-1 RED R$-216
   16:30 Draw      Sporting Lisbon x Arouca           @8.60  2-2 RED R$-216
   17:00 Home      Zamora FC x Metropolitanos         @3.75  —
   17:00 Over 4.5  Zamora FC x Metropolitanos         @18.00 —
   21:30 Home      Kansas City x Philadelphia         @5.50  —
sem gatilho.
2026-09-19 20:50 | banca R$ 4327 (composta (pagina 02, 743 jogos ate 2026-09-19)) | liquidados 27/30 | 21G/6R | P&L R$ -807.42 (-18.7%)
   08:30 0x3       Rochdale x Oldham                  @24.00 2-0 GREEN R$+18
   08:30 2x2       Stoke x Sheff Utd                  @16.00 2-1 GREEN R$+27
   09:00 0x3       Sociedad B x Mallorca              @24.00 0-1 GREEN R$+18
   09:00 2x2       Osasuna x Rayo Vallecano           @16.00 1-1 GREEN R$+27
   09:30 Home      Zorya x Dynamo Kiev                @6.20  0-2 GREEN R$+40
   10:00 Home      SK Artis Brno x Slovan Liberec     @6.20  0-0 GREEN R$+40
   10:30 0x3       Septemvri x Botev Plovdiv          @23.00 0-3 RED R$-433
   11:00 Home      Gateshead x Southend               @6.60  AO Away Win GREEN R$+37
   11:00 Home      Bromley x Huddersfield             @6.20  2-1 RED R$-216
   11:00 Draw      Sariyer G.K. x Boluspor            @7.40  2-1 GREEN R$+32
   11:00 Home      Kristiansund x Rosenborg           @5.90  1-3 GREEN R$+42
   11:00 Draw      Cove Rangers x Ross Co             @6.20  0-2 GREEN R$+40
   11:00 2x2       Luton x Bradford                   @16.50 0-1 GREEN R$+27
   11:00 Draw      Hamilton x Queen of South          @7.40  AO Home Win GREEN R$+32
   12:00 Draw      FK Novi Pazar x Zemun              @5.70  2-2 RED R$-216
   12:30 Home      Orgryte x Sirius                   @7.00  1-2 GREEN R$+34
   13:30 Draw      Zrinjski x Fk Velez Mostar         @6.40  2-0 GREEN R$+38
   14:00 Home      Maccabi Netanya x Maccabi Tel Aviv @5.90  1-2 GREEN R$+42
   14:00 Draw      Maccabi Haifa x Ironi Tiberias     @7.40  3-2 GREEN R$+32
   15:00 Draw      Ajax x Excelsior                   @8.20  2-2 RED R$-216
   15:30 Home      KFC Komarno x Slovan Bratislava    @5.90  1-2 GREEN R$+42
   15:30 Home      Cerro x Penarol                    @8.20  1-2 GREEN R$+29
   15:45 Draw      Sligo Rovers x St Patricks         @5.70  0-1 GREEN R$+44
   16:00 Draw      Sevilla x Barcelona                @7.60  1-3 GREEN R$+31
   16:00 Draw      Millonarios x Boyaca Chico         @6.60  3-0 GREEN R$+37
   16:00 Draw      Atletico MG x Chapecoense          @5.50  1-1 RED R$-216
   16:30 Draw      Sporting Lisbon x Arouca           @8.60  2-2 RED R$-216
   17:00 Home      Zamora FC x Metropolitanos         @3.75  —
   17:00 Over 4.5  Zamora FC x Metropolitanos         @18.00 —
   21:30 Home      Kansas City x Philadelphia         @5.50  —
sem gatilho.
2026-09-19 20:55 | banca R$ 4327 (composta (pagina 02, 743 jogos ate 2026-09-19)) | liquidados 27/30 | 21G/6R | P&L R$ -807.42 (-18.7%)
   08:30 0x3       Rochdale x Oldham                  @24.00 2-0 GREEN R$+18
   08:30 2x2       Stoke x Sheff Utd                  @16.00 2-1 GREEN R$+27
   09:00 0x3       Sociedad B x Mallorca              @24.00 0-1 GREEN R$+18
   09:00 2x2       Osasuna x Rayo Vallecano           @16.00 1-1 GREEN R$+27
   09:30 Home      Zorya x Dynamo Kiev                @6.20  0-2 GREEN R$+40
   10:00 Home      SK Artis Brno x Slovan Liberec     @6.20  0-0 GREEN R$+40
   10:30 0x3       Septemvri x Botev Plovdiv          @23.00 0-3 RED R$-433
   11:00 Home      Gateshead x Southend               @6.60  AO Away Win GREEN R$+37
   11:00 Home      Bromley x Huddersfield             @6.20  2-1 RED R$-216
   11:00 Draw      Sariyer G.K. x Boluspor            @7.40  2-1 GREEN R$+32
   11:00 Home      Kristiansund x Rosenborg           @5.90  1-3 GREEN R$+42
   11:00 Draw      Cove Rangers x Ross Co             @6.20  0-2 GREEN R$+40
   11:00 2x2       Luton x Bradford                   @16.50 0-1 GREEN R$+27
   11:00 Draw      Hamilton x Queen of South          @7.40  AO Home Win GREEN R$+32
   12:00 Draw      FK Novi Pazar x Zemun              @5.70  2-2 RED R$-216
   12:30 Home      Orgryte x Sirius                   @7.00  1-2 GREEN R$+34
   13:30 Draw      Zrinjski x Fk Velez Mostar         @6.40  2-0 GREEN R$+38
   14:00 Home      Maccabi Netanya x Maccabi Tel Aviv @5.90  1-2 GREEN R$+42
   14:00 Draw      Maccabi Haifa x Ironi Tiberias     @7.40  3-2 GREEN R$+32
   15:00 Draw      Ajax x Excelsior                   @8.20  2-2 RED R$-216
   15:30 Home      KFC Komarno x Slovan Bratislava    @5.90  1-2 GREEN R$+42
   15:30 Home      Cerro x Penarol                    @8.20  1-2 GREEN R$+29
   15:45 Draw      Sligo Rovers x St Patricks         @5.70  0-1 GREEN R$+44
   16:00 Draw      Sevilla x Barcelona                @7.60  1-3 GREEN R$+31
   16:00 Draw      Millonarios x Boyaca Chico         @6.60  3-0 GREEN R$+37
   16:00 Draw      Atletico MG x Chapecoense          @5.50  1-1 RED R$-216
   16:30 Draw      Sporting Lisbon x Arouca           @8.60  2-2 RED R$-216
   17:00 Home      Zamora FC x Metropolitanos         @3.75  —
   17:00 Over 4.5  Zamora FC x Metropolitanos         @18.00 —
   21:30 Home      Kansas City x Philadelphia         @5.50  —
sem gatilho.
2026-09-19 21:00 | banca R$ 4327 (composta (pagina 02, 743 jogos ate 2026-09-19)) | liquidados 27/30 | 21G/6R | P&L R$ -807.42 (-18.7%)
   08:30 0x3       Rochdale x Oldham                  @24.00 2-0 GREEN R$+18
   08:30 2x2       Stoke x Sheff Utd                  @16.00 2-1 GREEN R$+27
   09:00 0x3       Sociedad B x Mallorca              @24.00 0-1 GREEN R$+18
   09:00 2x2       Osasuna x Rayo Vallecano           @16.00 1-1 GREEN R$+27
   09:30 Home      Zorya x Dynamo Kiev                @6.20  0-2 GREEN R$+40
   10:00 Home      SK Artis Brno x Slovan Liberec     @6.20  0-0 GREEN R$+40
   10:30 0x3       Septemvri x Botev Plovdiv          @23.00 0-3 RED R$-433
   11:00 Home      Gateshead x Southend               @6.60  AO Away Win GREEN R$+37
   11:00 Home      Bromley x Huddersfield             @6.20  2-1 RED R$-216
   11:00 Draw      Sariyer G.K. x Boluspor            @7.40  2-1 GREEN R$+32
   11:00 Home      Kristiansund x Rosenborg           @5.90  1-3 GREEN R$+42
   11:00 Draw      Cove Rangers x Ross Co             @6.20  0-2 GREEN R$+40
   11:00 2x2       Luton x Bradford                   @16.50 0-1 GREEN R$+27
   11:00 Draw      Hamilton x Queen of South          @7.40  AO Home Win GREEN R$+32
   12:00 Draw      FK Novi Pazar x Zemun              @5.70  2-2 RED R$-216
   12:30 Home      Orgryte x Sirius                   @7.00  1-2 GREEN R$+34
   13:30 Draw      Zrinjski x Fk Velez Mostar         @6.40  2-0 GREEN R$+38
   14:00 Home      Maccabi Netanya x Maccabi Tel Aviv @5.90  1-2 GREEN R$+42
   14:00 Draw      Maccabi Haifa x Ironi Tiberias     @7.40  3-2 GREEN R$+32
   15:00 Draw      Ajax x Excelsior                   @8.20  2-2 RED R$-216
   15:30 Home      KFC Komarno x Slovan Bratislava    @5.90  1-2 GREEN R$+42
   15:30 Home      Cerro x Penarol                    @8.20  1-2 GREEN R$+29
   15:45 Draw      Sligo Rovers x St Patricks         @5.70  0-1 GREEN R$+44
   16:00 Draw      Sevilla x Barcelona                @7.60  1-3 GREEN R$+31
   16:00 Draw      Millonarios x Boyaca Chico         @6.60  3-0 GREEN R$+37
   16:00 Draw      Atletico MG x Chapecoense          @5.50  1-1 RED R$-216
   16:30 Draw      Sporting Lisbon x Arouca           @8.60  2-2 RED R$-216
   17:00 Home      Zamora FC x Metropolitanos         @3.75  —
   17:00 Over 4.5  Zamora FC x Metropolitanos         @18.00 —
   21:30 Home      Kansas City x Philadelphia         @5.50  —
sem gatilho.
2026-09-19 21:05 | banca R$ 4327 (composta (pagina 02, 743 jogos ate 2026-09-19)) | liquidados 27/30 | 21G/6R | P&L R$ -807.42 (-18.7%)
   08:30 0x3       Rochdale x Oldham                  @24.00 2-0 GREEN R$+18
   08:30 2x2       Stoke x Sheff Utd                  @16.00 2-1 GREEN R$+27
   09:00 0x3       Sociedad B x Mallorca              @24.00 0-1 GREEN R$+18
   09:00 2x2       Osasuna x Rayo Vallecano           @16.00 1-1 GREEN R$+27
   09:30 Home      Zorya x Dynamo Kiev                @6.20  0-2 GREEN R$+40
   10:00 Home      SK Artis Brno x Slovan Liberec     @6.20  0-0 GREEN R$+40
   10:30 0x3       Septemvri x Botev Plovdiv          @23.00 0-3 RED R$-433
   11:00 Home      Gateshead x Southend               @6.60  AO Away Win GREEN R$+37
   11:00 Home      Bromley x Huddersfield             @6.20  2-1 RED R$-216
   11:00 Draw      Sariyer G.K. x Boluspor            @7.40  2-1 GREEN R$+32
   11:00 Home      Kristiansund x Rosenborg           @5.90  1-3 GREEN R$+42
   11:00 Draw      Cove Rangers x Ross Co             @6.20  0-2 GREEN R$+40
   11:00 2x2       Luton x Bradford                   @16.50 0-1 GREEN R$+27
   11:00 Draw      Hamilton x Queen of South          @7.40  AO Home Win GREEN R$+32
   12:00 Draw      FK Novi Pazar x Zemun              @5.70  2-2 RED R$-216
   12:30 Home      Orgryte x Sirius                   @7.00  1-2 GREEN R$+34
   13:30 Draw      Zrinjski x Fk Velez Mostar         @6.40  2-0 GREEN R$+38
   14:00 Home      Maccabi Netanya x Maccabi Tel Aviv @5.90  1-2 GREEN R$+42
   14:00 Draw      Maccabi Haifa x Ironi Tiberias     @7.40  3-2 GREEN R$+32
   15:00 Draw      Ajax x Excelsior                   @8.20  2-2 RED R$-216
   15:30 Home      KFC Komarno x Slovan Bratislava    @5.90  1-2 GREEN R$+42
   15:30 Home      Cerro x Penarol                    @8.20  1-2 GREEN R$+29
   15:45 Draw      Sligo Rovers x St Patricks         @5.70  0-1 GREEN R$+44
   16:00 Draw      Sevilla x Barcelona                @7.60  1-3 GREEN R$+31
   16:00 Draw      Millonarios x Boyaca Chico         @6.60  3-0 GREEN R$+37
   16:00 Draw      Atletico MG x Chapecoense          @5.50  1-1 RED R$-216
   16:30 Draw      Sporting Lisbon x Arouca           @8.60  2-2 RED R$-216
   17:00 Home      Zamora FC x Metropolitanos         @3.75  —
   17:00 Over 4.5  Zamora FC x Metropolitanos         @18.00 —
   21:30 Home      Kansas City x Philadelphia         @5.50  —
sem gatilho.
2026-09-19 21:10 | banca R$ 4327 (composta (pagina 02, 743 jogos ate 2026-09-19)) | liquidados 27/30 | 21G/6R | P&L R$ -807.42 (-18.7%)
   08:30 0x3       Rochdale x Oldham                  @24.00 2-0 GREEN R$+18
   08:30 2x2       Stoke x Sheff Utd                  @16.00 2-1 GREEN R$+27
   09:00 0x3       Sociedad B x Mallorca              @24.00 0-1 GREEN R$+18
   09:00 2x2       Osasuna x Rayo Vallecano           @16.00 1-1 GREEN R$+27
   09:30 Home      Zorya x Dynamo Kiev                @6.20  0-2 GREEN R$+40
   10:00 Home      SK Artis Brno x Slovan Liberec     @6.20  0-0 GREEN R$+40
   10:30 0x3       Septemvri x Botev Plovdiv          @23.00 0-3 RED R$-433
   11:00 Home      Gateshead x Southend               @6.60  AO Away Win GREEN R$+37
   11:00 Home      Bromley x Huddersfield             @6.20  2-1 RED R$-216
   11:00 Draw      Sariyer G.K. x Boluspor            @7.40  2-1 GREEN R$+32
   11:00 Home      Kristiansund x Rosenborg           @5.90  1-3 GREEN R$+42
   11:00 Draw      Cove Rangers x Ross Co             @6.20  0-2 GREEN R$+40
   11:00 2x2       Luton x Bradford                   @16.50 0-1 GREEN R$+27
   11:00 Draw      Hamilton x Queen of South          @7.40  AO Home Win GREEN R$+32
   12:00 Draw      FK Novi Pazar x Zemun              @5.70  2-2 RED R$-216
   12:30 Home      Orgryte x Sirius                   @7.00  1-2 GREEN R$+34
   13:30 Draw      Zrinjski x Fk Velez Mostar         @6.40  2-0 GREEN R$+38
   14:00 Home      Maccabi Netanya x Maccabi Tel Aviv @5.90  1-2 GREEN R$+42
   14:00 Draw      Maccabi Haifa x Ironi Tiberias     @7.40  3-2 GREEN R$+32
   15:00 Draw      Ajax x Excelsior                   @8.20  2-2 RED R$-216
   15:30 Home      KFC Komarno x Slovan Bratislava    @5.90  1-2 GREEN R$+42
   15:30 Home      Cerro x Penarol                    @8.20  1-2 GREEN R$+29
   15:45 Draw      Sligo Rovers x St Patricks         @5.70  0-1 GREEN R$+44
   16:00 Draw      Sevilla x Barcelona                @7.60  1-3 GREEN R$+31
   16:00 Draw      Millonarios x Boyaca Chico         @6.60  3-0 GREEN R$+37
   16:00 Draw      Atletico MG x Chapecoense          @5.50  1-1 RED R$-216
   16:30 Draw      Sporting Lisbon x Arouca           @8.60  2-2 RED R$-216
   17:00 Home      Zamora FC x Metropolitanos         @3.75  —
   17:00 Over 4.5  Zamora FC x Metropolitanos         @18.00 —
   21:30 Home      Kansas City x Philadelphia         @5.50  —
sem gatilho.
2026-09-19 21:15 | banca R$ 4327 (composta (pagina 02, 743 jogos ate 2026-09-19)) | liquidados 27/30 | 21G/6R | P&L R$ -807.42 (-18.7%)
   08:30 0x3       Rochdale x Oldham                  @24.00 2-0 GREEN R$+18
   08:30 2x2       Stoke x Sheff Utd                  @16.00 2-1 GREEN R$+27
   09:00 0x3       Sociedad B x Mallorca              @24.00 0-1 GREEN R$+18
   09:00 2x2       Osasuna x Rayo Vallecano           @16.00 1-1 GREEN R$+27
   09:30 Home      Zorya x Dynamo Kiev                @6.20  0-2 GREEN R$+40
   10:00 Home      SK Artis Brno x Slovan Liberec     @6.20  0-0 GREEN R$+40
   10:30 0x3       Septemvri x Botev Plovdiv          @23.00 0-3 RED R$-433
   11:00 Home      Gateshead x Southend               @6.60  AO Away Win GREEN R$+37
   11:00 Home      Bromley x Huddersfield             @6.20  2-1 RED R$-216
   11:00 Draw      Sariyer G.K. x Boluspor            @7.40  2-1 GREEN R$+32
   11:00 Home      Kristiansund x Rosenborg           @5.90  1-3 GREEN R$+42
   11:00 Draw      Cove Rangers x Ross Co             @6.20  0-2 GREEN R$+40
   11:00 2x2       Luton x Bradford                   @16.50 0-1 GREEN R$+27
   11:00 Draw      Hamilton x Queen of South          @7.40  AO Home Win GREEN R$+32
   12:00 Draw      FK Novi Pazar x Zemun              @5.70  2-2 RED R$-216
   12:30 Home      Orgryte x Sirius                   @7.00  1-2 GREEN R$+34
   13:30 Draw      Zrinjski x Fk Velez Mostar         @6.40  2-0 GREEN R$+38
   14:00 Home      Maccabi Netanya x Maccabi Tel Aviv @5.90  1-2 GREEN R$+42
   14:00 Draw      Maccabi Haifa x Ironi Tiberias     @7.40  3-2 GREEN R$+32
   15:00 Draw      Ajax x Excelsior                   @8.20  2-2 RED R$-216
   15:30 Home      KFC Komarno x Slovan Bratislava    @5.90  1-2 GREEN R$+42
   15:30 Home      Cerro x Penarol                    @8.20  1-2 GREEN R$+29
   15:45 Draw      Sligo Rovers x St Patricks         @5.70  0-1 GREEN R$+44
   16:00 Draw      Sevilla x Barcelona                @7.60  1-3 GREEN R$+31
   16:00 Draw      Millonarios x Boyaca Chico         @6.60  3-0 GREEN R$+37
   16:00 Draw      Atletico MG x Chapecoense          @5.50  1-1 RED R$-216
   16:30 Draw      Sporting Lisbon x Arouca           @8.60  2-2 RED R$-216
   17:00 Home      Zamora FC x Metropolitanos         @3.75  —
   17:00 Over 4.5  Zamora FC x Metropolitanos         @18.00 —
   21:30 Home      Kansas City x Philadelphia         @5.50  —
sem gatilho.
2026-09-19 21:20 | banca R$ 4327 (composta (pagina 02, 743 jogos ate 2026-09-19)) | liquidados 27/30 | 21G/6R | P&L R$ -807.42 (-18.7%)
   08:30 0x3       Rochdale x Oldham                  @24.00 2-0 GREEN R$+18
   08:30 2x2       Stoke x Sheff Utd                  @16.00 2-1 GREEN R$+27
   09:00 0x3       Sociedad B x Mallorca              @24.00 0-1 GREEN R$+18
   09:00 2x2       Osasuna x Rayo Vallecano           @16.00 1-1 GREEN R$+27
   09:30 Home      Zorya x Dynamo Kiev                @6.20  0-2 GREEN R$+40
   10:00 Home      SK Artis Brno x Slovan Liberec     @6.20  0-0 GREEN R$+40
   10:30 0x3       Septemvri x Botev Plovdiv          @23.00 0-3 RED R$-433
   11:00 Home      Gateshead x Southend               @6.60  AO Away Win GREEN R$+37
   11:00 Home      Bromley x Huddersfield             @6.20  2-1 RED R$-216
   11:00 Draw      Sariyer G.K. x Boluspor            @7.40  2-1 GREEN R$+32
   11:00 Home      Kristiansund x Rosenborg           @5.90  1-3 GREEN R$+42
   11:00 Draw      Cove Rangers x Ross Co             @6.20  0-2 GREEN R$+40
   11:00 2x2       Luton x Bradford                   @16.50 0-1 GREEN R$+27
   11:00 Draw      Hamilton x Queen of South          @7.40  AO Home Win GREEN R$+32
   12:00 Draw      FK Novi Pazar x Zemun              @5.70  2-2 RED R$-216
   12:30 Home      Orgryte x Sirius                   @7.00  1-2 GREEN R$+34
   13:30 Draw      Zrinjski x Fk Velez Mostar         @6.40  2-0 GREEN R$+38
   14:00 Home      Maccabi Netanya x Maccabi Tel Aviv @5.90  1-2 GREEN R$+42
   14:00 Draw      Maccabi Haifa x Ironi Tiberias     @7.40  3-2 GREEN R$+32
   15:00 Draw      Ajax x Excelsior                   @8.20  2-2 RED R$-216
   15:30 Home      KFC Komarno x Slovan Bratislava    @5.90  1-2 GREEN R$+42
   15:30 Home      Cerro x Penarol                    @8.20  1-2 GREEN R$+29
   15:45 Draw      Sligo Rovers x St Patricks         @5.70  0-1 GREEN R$+44
   16:00 Draw      Sevilla x Barcelona                @7.60  1-3 GREEN R$+31
   16:00 Draw      Millonarios x Boyaca Chico         @6.60  3-0 GREEN R$+37
   16:00 Draw      Atletico MG x Chapecoense          @5.50  1-1 RED R$-216
   16:30 Draw      Sporting Lisbon x Arouca           @8.60  2-2 RED R$-216
   17:00 Home      Zamora FC x Metropolitanos         @3.75  —
   17:00 Over 4.5  Zamora FC x Metropolitanos         @18.00 —
   21:30 Home      Kansas City x Philadelphia         @5.50  —
sem gatilho.
2026-09-19 21:25 | banca R$ 4327 (composta (pagina 02, 743 jogos ate 2026-09-19)) | liquidados 27/30 | 21G/6R | P&L R$ -807.42 (-18.7%)
   08:30 0x3       Rochdale x Oldham                  @24.00 2-0 GREEN R$+18
   08:30 2x2       Stoke x Sheff Utd                  @16.00 2-1 GREEN R$+27
   09:00 0x3       Sociedad B x Mallorca              @24.00 0-1 GREEN R$+18
   09:00 2x2       Osasuna x Rayo Vallecano           @16.00 1-1 GREEN R$+27
   09:30 Home      Zorya x Dynamo Kiev                @6.20  0-2 GREEN R$+40
   10:00 Home      SK Artis Brno x Slovan Liberec     @6.20  0-0 GREEN R$+40
   10:30 0x3       Septemvri x Botev Plovdiv          @23.00 0-3 RED R$-433
   11:00 Home      Gateshead x Southend               @6.60  AO Away Win GREEN R$+37
   11:00 Home      Bromley x Huddersfield             @6.20  2-1 RED R$-216
   11:00 Draw      Sariyer G.K. x Boluspor            @7.40  2-1 GREEN R$+32
   11:00 Home      Kristiansund x Rosenborg           @5.90  1-3 GREEN R$+42
   11:00 Draw      Cove Rangers x Ross Co             @6.20  0-2 GREEN R$+40
   11:00 2x2       Luton x Bradford                   @16.50 0-1 GREEN R$+27
   11:00 Draw      Hamilton x Queen of South          @7.40  AO Home Win GREEN R$+32
   12:00 Draw      FK Novi Pazar x Zemun              @5.70  2-2 RED R$-216
   12:30 Home      Orgryte x Sirius                   @7.00  1-2 GREEN R$+34
   13:30 Draw      Zrinjski x Fk Velez Mostar         @6.40  2-0 GREEN R$+38
   14:00 Home      Maccabi Netanya x Maccabi Tel Aviv @5.90  1-2 GREEN R$+42
   14:00 Draw      Maccabi Haifa x Ironi Tiberias     @7.40  3-2 GREEN R$+32
   15:00 Draw      Ajax x Excelsior                   @8.20  2-2 RED R$-216
   15:30 Home      KFC Komarno x Slovan Bratislava    @5.90  1-2 GREEN R$+42
   15:30 Home      Cerro x Penarol                    @8.20  1-2 GREEN R$+29
   15:45 Draw      Sligo Rovers x St Patricks         @5.70  0-1 GREEN R$+44
   16:00 Draw      Sevilla x Barcelona                @7.60  1-3 GREEN R$+31
   16:00 Draw      Millonarios x Boyaca Chico         @6.60  3-0 GREEN R$+37
   16:00 Draw      Atletico MG x Chapecoense          @5.50  1-1 RED R$-216
   16:30 Draw      Sporting Lisbon x Arouca           @8.60  2-2 RED R$-216
   17:00 Home      Zamora FC x Metropolitanos         @3.75  —
   17:00 Over 4.5  Zamora FC x Metropolitanos         @18.00 —
   21:30 Home      Kansas City x Philadelphia         @5.50  —
sem gatilho.
2026-09-19 21:30 | banca R$ 4327 (composta (pagina 02, 743 jogos ate 2026-09-19)) | liquidados 27/30 | 21G/6R | P&L R$ -807.42 (-18.7%)
   08:30 0x3       Rochdale x Oldham                  @24.00 2-0 GREEN R$+18
   08:30 2x2       Stoke x Sheff Utd                  @16.00 2-1 GREEN R$+27
   09:00 0x3       Sociedad B x Mallorca              @24.00 0-1 GREEN R$+18
   09:00 2x2       Osasuna x Rayo Vallecano           @16.00 1-1 GREEN R$+27
   09:30 Home      Zorya x Dynamo Kiev                @6.20  0-2 GREEN R$+40
   10:00 Home      SK Artis Brno x Slovan Liberec     @6.20  0-0 GREEN R$+40
   10:30 0x3       Septemvri x Botev Plovdiv          @23.00 0-3 RED R$-433
   11:00 Home      Gateshead x Southend               @6.60  AO Away Win GREEN R$+37
   11:00 Home      Bromley x Huddersfield             @6.20  2-1 RED R$-216
   11:00 Draw      Sariyer G.K. x Boluspor            @7.40  2-1 GREEN R$+32
   11:00 Home      Kristiansund x Rosenborg           @5.90  1-3 GREEN R$+42
   11:00 Draw      Cove Rangers x Ross Co             @6.20  0-2 GREEN R$+40
   11:00 2x2       Luton x Bradford                   @16.50 0-1 GREEN R$+27
   11:00 Draw      Hamilton x Queen of South          @7.40  AO Home Win GREEN R$+32
   12:00 Draw      FK Novi Pazar x Zemun              @5.70  2-2 RED R$-216
   12:30 Home      Orgryte x Sirius                   @7.00  1-2 GREEN R$+34
   13:30 Draw      Zrinjski x Fk Velez Mostar         @6.40  2-0 GREEN R$+38
   14:00 Home      Maccabi Netanya x Maccabi Tel Aviv @5.90  1-2 GREEN R$+42
   14:00 Draw      Maccabi Haifa x Ironi Tiberias     @7.40  3-2 GREEN R$+32
   15:00 Draw      Ajax x Excelsior                   @8.20  2-2 RED R$-216
   15:30 Home      KFC Komarno x Slovan Bratislava    @5.90  1-2 GREEN R$+42
   15:30 Home      Cerro x Penarol                    @8.20  1-2 GREEN R$+29
   15:45 Draw      Sligo Rovers x St Patricks         @5.70  0-1 GREEN R$+44
   16:00 Draw      Sevilla x Barcelona                @7.60  1-3 GREEN R$+31
   16:00 Draw      Millonarios x Boyaca Chico         @6.60  3-0 GREEN R$+37
   16:00 Draw      Atletico MG x Chapecoense          @5.50  1-1 RED R$-216
   16:30 Draw      Sporting Lisbon x Arouca           @8.60  2-2 RED R$-216
   17:00 Home      Zamora FC x Metropolitanos         @3.75  —
   17:00 Over 4.5  Zamora FC x Metropolitanos         @18.00 —
   21:30 Home      Kansas City x Philadelphia         @5.50  —
sem gatilho.
2026-09-19 21:35 | banca R$ 4327 (composta (pagina 02, 743 jogos ate 2026-09-19)) | liquidados 27/30 | 21G/6R | P&L R$ -807.42 (-18.7%)
   08:30 0x3       Rochdale x Oldham                  @24.00 2-0 GREEN R$+18
   08:30 2x2       Stoke x Sheff Utd                  @16.00 2-1 GREEN R$+27
   09:00 0x3       Sociedad B x Mallorca              @24.00 0-1 GREEN R$+18
   09:00 2x2       Osasuna x Rayo Vallecano           @16.00 1-1 GREEN R$+27
   09:30 Home      Zorya x Dynamo Kiev                @6.20  0-2 GREEN R$+40
   10:00 Home      SK Artis Brno x Slovan Liberec     @6.20  0-0 GREEN R$+40
   10:30 0x3       Septemvri x Botev Plovdiv          @23.00 0-3 RED R$-433
   11:00 Home      Gateshead x Southend               @6.60  AO Away Win GREEN R$+37
   11:00 Home      Bromley x Huddersfield             @6.20  2-1 RED R$-216
   11:00 Draw      Sariyer G.K. x Boluspor            @7.40  2-1 GREEN R$+32
   11:00 Home      Kristiansund x Rosenborg           @5.90  1-3 GREEN R$+42
   11:00 Draw      Cove Rangers x Ross Co             @6.20  0-2 GREEN R$+40
   11:00 2x2       Luton x Bradford                   @16.50 0-1 GREEN R$+27
   11:00 Draw      Hamilton x Queen of South          @7.40  AO Home Win GREEN R$+32
   12:00 Draw      FK Novi Pazar x Zemun              @5.70  2-2 RED R$-216
   12:30 Home      Orgryte x Sirius                   @7.00  1-2 GREEN R$+34
   13:30 Draw      Zrinjski x Fk Velez Mostar         @6.40  2-0 GREEN R$+38
   14:00 Home      Maccabi Netanya x Maccabi Tel Aviv @5.90  1-2 GREEN R$+42
   14:00 Draw      Maccabi Haifa x Ironi Tiberias     @7.40  3-2 GREEN R$+32
   15:00 Draw      Ajax x Excelsior                   @8.20  2-2 RED R$-216
   15:30 Home      KFC Komarno x Slovan Bratislava    @5.90  1-2 GREEN R$+42
   15:30 Home      Cerro x Penarol                    @8.20  1-2 GREEN R$+29
   15:45 Draw      Sligo Rovers x St Patricks         @5.70  0-1 GREEN R$+44
   16:00 Draw      Sevilla x Barcelona                @7.60  1-3 GREEN R$+31
   16:00 Draw      Millonarios x Boyaca Chico         @6.60  3-0 GREEN R$+37
   16:00 Draw      Atletico MG x Chapecoense          @5.50  1-1 RED R$-216
   16:30 Draw      Sporting Lisbon x Arouca           @8.60  2-2 RED R$-216
   17:00 Home      Zamora FC x Metropolitanos         @3.75  —
   17:00 Over 4.5  Zamora FC x Metropolitanos         @18.00 —
   21:30 Home      Kansas City x Philadelphia         @5.50  —
sem gatilho.
2026-09-19 21:40 | banca R$ 4327 (composta (pagina 02, 743 jogos ate 2026-09-19)) | liquidados 27/30 | 21G/6R | P&L R$ -807.42 (-18.7%)
   08:30 0x3       Rochdale x Oldham                  @24.00 2-0 GREEN R$+18
   08:30 2x2       Stoke x Sheff Utd                  @16.00 2-1 GREEN R$+27
   09:00 0x3       Sociedad B x Mallorca              @24.00 0-1 GREEN R$+18
   09:00 2x2       Osasuna x Rayo Vallecano           @16.00 1-1 GREEN R$+27
   09:30 Home      Zorya x Dynamo Kiev                @6.20  0-2 GREEN R$+40
   10:00 Home      SK Artis Brno x Slovan Liberec     @6.20  0-0 GREEN R$+40
   10:30 0x3       Septemvri x Botev Plovdiv          @23.00 0-3 RED R$-433
   11:00 Home      Gateshead x Southend               @6.60  AO Away Win GREEN R$+37
   11:00 Home      Bromley x Huddersfield             @6.20  2-1 RED R$-216
   11:00 Draw      Sariyer G.K. x Boluspor            @7.40  2-1 GREEN R$+32
   11:00 Home      Kristiansund x Rosenborg           @5.90  1-3 GREEN R$+42
   11:00 Draw      Cove Rangers x Ross Co             @6.20  0-2 GREEN R$+40
   11:00 2x2       Luton x Bradford                   @16.50 0-1 GREEN R$+27
   11:00 Draw      Hamilton x Queen of South          @7.40  AO Home Win GREEN R$+32
   12:00 Draw      FK Novi Pazar x Zemun              @5.70  2-2 RED R$-216
   12:30 Home      Orgryte x Sirius                   @7.00  1-2 GREEN R$+34
   13:30 Draw      Zrinjski x Fk Velez Mostar         @6.40  2-0 GREEN R$+38
   14:00 Home      Maccabi Netanya x Maccabi Tel Aviv @5.90  1-2 GREEN R$+42
   14:00 Draw      Maccabi Haifa x Ironi Tiberias     @7.40  3-2 GREEN R$+32
   15:00 Draw      Ajax x Excelsior                   @8.20  2-2 RED R$-216
   15:30 Home      KFC Komarno x Slovan Bratislava    @5.90  1-2 GREEN R$+42
   15:30 Home      Cerro x Penarol                    @8.20  1-2 GREEN R$+29
   15:45 Draw      Sligo Rovers x St Patricks         @5.70  0-1 GREEN R$+44
   16:00 Draw      Sevilla x Barcelona                @7.60  1-3 GREEN R$+31
   16:00 Draw      Millonarios x Boyaca Chico         @6.60  3-0 GREEN R$+37
   16:00 Draw      Atletico MG x Chapecoense          @5.50  1-1 RED R$-216
   16:30 Draw      Sporting Lisbon x Arouca           @8.60  2-2 RED R$-216
   17:00 Home      Zamora FC x Metropolitanos         @3.75  —
   17:00 Over 4.5  Zamora FC x Metropolitanos         @18.00 —
   21:30 Home      Kansas City x Philadelphia         @5.50  —
sem gatilho.
2026-09-19 21:45 | banca R$ 4327 (composta (pagina 02, 743 jogos ate 2026-09-19)) | liquidados 27/30 | 21G/6R | P&L R$ -807.42 (-18.7%)
   08:30 0x3       Rochdale x Oldham                  @24.00 2-0 GREEN R$+18
   08:30 2x2       Stoke x Sheff Utd                  @16.00 2-1 GREEN R$+27
   09:00 0x3       Sociedad B x Mallorca              @24.00 0-1 GREEN R$+18
   09:00 2x2       Osasuna x Rayo Vallecano           @16.00 1-1 GREEN R$+27
   09:30 Home      Zorya x Dynamo Kiev                @6.20  0-2 GREEN R$+40
   10:00 Home      SK Artis Brno x Slovan Liberec     @6.20  0-0 GREEN R$+40
   10:30 0x3       Septemvri x Botev Plovdiv          @23.00 0-3 RED R$-433
   11:00 Home      Gateshead x Southend               @6.60  AO Away Win GREEN R$+37
   11:00 Home      Bromley x Huddersfield             @6.20  2-1 RED R$-216
   11:00 Draw      Sariyer G.K. x Boluspor            @7.40  2-1 GREEN R$+32
   11:00 Home      Kristiansund x Rosenborg           @5.90  1-3 GREEN R$+42
   11:00 Draw      Cove Rangers x Ross Co             @6.20  0-2 GREEN R$+40
   11:00 2x2       Luton x Bradford                   @16.50 0-1 GREEN R$+27
   11:00 Draw      Hamilton x Queen of South          @7.40  AO Home Win GREEN R$+32
   12:00 Draw      FK Novi Pazar x Zemun              @5.70  2-2 RED R$-216
   12:30 Home      Orgryte x Sirius                   @7.00  1-2 GREEN R$+34
   13:30 Draw      Zrinjski x Fk Velez Mostar         @6.40  2-0 GREEN R$+38
   14:00 Home      Maccabi Netanya x Maccabi Tel Aviv @5.90  1-2 GREEN R$+42
   14:00 Draw      Maccabi Haifa x Ironi Tiberias     @7.40  3-2 GREEN R$+32
   15:00 Draw      Ajax x Excelsior                   @8.20  2-2 RED R$-216
   15:30 Home      KFC Komarno x Slovan Bratislava    @5.90  1-2 GREEN R$+42
   15:30 Home      Cerro x Penarol                    @8.20  1-2 GREEN R$+29
   15:45 Draw      Sligo Rovers x St Patricks         @5.70  0-1 GREEN R$+44
   16:00 Draw      Sevilla x Barcelona                @7.60  1-3 GREEN R$+31
   16:00 Draw      Millonarios x Boyaca Chico         @6.60  3-0 GREEN R$+37
   16:00 Draw      Atletico MG x Chapecoense          @5.50  1-1 RED R$-216
   16:30 Draw      Sporting Lisbon x Arouca           @8.60  2-2 RED R$-216
   17:00 Home      Zamora FC x Metropolitanos         @3.75  —
   17:00 Over 4.5  Zamora FC x Metropolitanos         @18.00 —
   21:30 Home      Kansas City x Philadelphia         @5.50  —
sem gatilho.
2026-09-19 21:50 | banca R$ 4327 (composta (pagina 02, 743 jogos ate 2026-09-19)) | liquidados 27/30 | 21G/6R | P&L R$ -807.42 (-18.7%)
   08:30 0x3       Rochdale x Oldham                  @24.00 2-0 GREEN R$+18
   08:30 2x2       Stoke x Sheff Utd                  @16.00 2-1 GREEN R$+27
   09:00 0x3       Sociedad B x Mallorca              @24.00 0-1 GREEN R$+18
   09:00 2x2       Osasuna x Rayo Vallecano           @16.00 1-1 GREEN R$+27
   09:30 Home      Zorya x Dynamo Kiev                @6.20  0-2 GREEN R$+40
   10:00 Home      SK Artis Brno x Slovan Liberec     @6.20  0-0 GREEN R$+40
   10:30 0x3       Septemvri x Botev Plovdiv          @23.00 0-3 RED R$-433
   11:00 Home      Gateshead x Southend               @6.60  AO Away Win GREEN R$+37
   11:00 Home      Bromley x Huddersfield             @6.20  2-1 RED R$-216
   11:00 Draw      Sariyer G.K. x Boluspor            @7.40  2-1 GREEN R$+32
   11:00 Home      Kristiansund x Rosenborg           @5.90  1-3 GREEN R$+42
   11:00 Draw      Cove Rangers x Ross Co             @6.20  0-2 GREEN R$+40
   11:00 2x2       Luton x Bradford                   @16.50 0-1 GREEN R$+27
   11:00 Draw      Hamilton x Queen of South          @7.40  AO Home Win GREEN R$+32
   12:00 Draw      FK Novi Pazar x Zemun              @5.70  2-2 RED R$-216
   12:30 Home      Orgryte x Sirius                   @7.00  1-2 GREEN R$+34
   13:30 Draw      Zrinjski x Fk Velez Mostar         @6.40  2-0 GREEN R$+38
   14:00 Home      Maccabi Netanya x Maccabi Tel Aviv @5.90  1-2 GREEN R$+42
   14:00 Draw      Maccabi Haifa x Ironi Tiberias     @7.40  3-2 GREEN R$+32
   15:00 Draw      Ajax x Excelsior                   @8.20  2-2 RED R$-216
   15:30 Home      KFC Komarno x Slovan Bratislava    @5.90  1-2 GREEN R$+42
   15:30 Home      Cerro x Penarol                    @8.20  1-2 GREEN R$+29
   15:45 Draw      Sligo Rovers x St Patricks         @5.70  0-1 GREEN R$+44
   16:00 Draw      Sevilla x Barcelona                @7.60  1-3 GREEN R$+31
   16:00 Draw      Millonarios x Boyaca Chico         @6.60  3-0 GREEN R$+37
   16:00 Draw      Atletico MG x Chapecoense          @5.50  1-1 RED R$-216
   16:30 Draw      Sporting Lisbon x Arouca           @8.60  2-2 RED R$-216
   17:00 Home      Zamora FC x Metropolitanos         @3.75  —
   17:00 Over 4.5  Zamora FC x Metropolitanos         @18.00 —
   21:30 Home      Kansas City x Philadelphia         @5.50  —
sem gatilho.
2026-09-19 21:55 | banca R$ 4327 (composta (pagina 02, 743 jogos ate 2026-09-19)) | liquidados 27/30 | 21G/6R | P&L R$ -807.42 (-18.7%)
   08:30 0x3       Rochdale x Oldham                  @24.00 2-0 GREEN R$+18
   08:30 2x2       Stoke x Sheff Utd                  @16.00 2-1 GREEN R$+27
   09:00 0x3       Sociedad B x Mallorca              @24.00 0-1 GREEN R$+18
   09:00 2x2       Osasuna x Rayo Vallecano           @16.00 1-1 GREEN R$+27
   09:30 Home      Zorya x Dynamo Kiev                @6.20  0-2 GREEN R$+40
   10:00 Home      SK Artis Brno x Slovan Liberec     @6.20  0-0 GREEN R$+40
   10:30 0x3       Septemvri x Botev Plovdiv          @23.00 0-3 RED R$-433
   11:00 Home      Gateshead x Southend               @6.60  AO Away Win GREEN R$+37
   11:00 Home      Bromley x Huddersfield             @6.20  2-1 RED R$-216
   11:00 Draw      Sariyer G.K. x Boluspor            @7.40  2-1 GREEN R$+32
   11:00 Home      Kristiansund x Rosenborg           @5.90  1-3 GREEN R$+42
   11:00 Draw      Cove Rangers x Ross Co             @6.20  0-2 GREEN R$+40
   11:00 2x2       Luton x Bradford                   @16.50 0-1 GREEN R$+27
   11:00 Draw      Hamilton x Queen of South          @7.40  AO Home Win GREEN R$+32
   12:00 Draw      FK Novi Pazar x Zemun              @5.70  2-2 RED R$-216
   12:30 Home      Orgryte x Sirius                   @7.00  1-2 GREEN R$+34
   13:30 Draw      Zrinjski x Fk Velez Mostar         @6.40  2-0 GREEN R$+38
   14:00 Home      Maccabi Netanya x Maccabi Tel Aviv @5.90  1-2 GREEN R$+42
   14:00 Draw      Maccabi Haifa x Ironi Tiberias     @7.40  3-2 GREEN R$+32
   15:00 Draw      Ajax x Excelsior                   @8.20  2-2 RED R$-216
   15:30 Home      KFC Komarno x Slovan Bratislava    @5.90  1-2 GREEN R$+42
   15:30 Home      Cerro x Penarol                    @8.20  1-2 GREEN R$+29
   15:45 Draw      Sligo Rovers x St Patricks         @5.70  0-1 GREEN R$+44
   16:00 Draw      Sevilla x Barcelona                @7.60  1-3 GREEN R$+31
   16:00 Draw      Millonarios x Boyaca Chico         @6.60  3-0 GREEN R$+37
   16:00 Draw      Atletico MG x Chapecoense          @5.50  1-1 RED R$-216
   16:30 Draw      Sporting Lisbon x Arouca           @8.60  2-2 RED R$-216
   17:00 Home      Zamora FC x Metropolitanos         @3.75  —
   17:00 Over 4.5  Zamora FC x Metropolitanos         @18.00 —
   21:30 Home      Kansas City x Philadelphia         @5.50  —
sem gatilho.
2026-09-19 22:00 | banca R$ 4327 (composta (pagina 02, 743 jogos ate 2026-09-19)) | liquidados 27/30 | 21G/6R | P&L R$ -807.42 (-18.7%)
   08:30 0x3       Rochdale x Oldham                  @24.00 2-0 GREEN R$+18
   08:30 2x2       Stoke x Sheff Utd                  @16.00 2-1 GREEN R$+27
   09:00 0x3       Sociedad B x Mallorca              @24.00 0-1 GREEN R$+18
   09:00 2x2       Osasuna x Rayo Vallecano           @16.00 1-1 GREEN R$+27
   09:30 Home      Zorya x Dynamo Kiev                @6.20  0-2 GREEN R$+40
   10:00 Home      SK Artis Brno x Slovan Liberec     @6.20  0-0 GREEN R$+40
   10:30 0x3       Septemvri x Botev Plovdiv          @23.00 0-3 RED R$-433
   11:00 Home      Gateshead x Southend               @6.60  AO Away Win GREEN R$+37
   11:00 Home      Bromley x Huddersfield             @6.20  2-1 RED R$-216
   11:00 Draw      Sariyer G.K. x Boluspor            @7.40  2-1 GREEN R$+32
   11:00 Home      Kristiansund x Rosenborg           @5.90  1-3 GREEN R$+42
   11:00 Draw      Cove Rangers x Ross Co             @6.20  0-2 GREEN R$+40
   11:00 2x2       Luton x Bradford                   @16.50 0-1 GREEN R$+27
   11:00 Draw      Hamilton x Queen of South          @7.40  AO Home Win GREEN R$+32
   12:00 Draw      FK Novi Pazar x Zemun              @5.70  2-2 RED R$-216
   12:30 Home      Orgryte x Sirius                   @7.00  1-2 GREEN R$+34
   13:30 Draw      Zrinjski x Fk Velez Mostar         @6.40  2-0 GREEN R$+38
   14:00 Home      Maccabi Netanya x Maccabi Tel Aviv @5.90  1-2 GREEN R$+42
   14:00 Draw      Maccabi Haifa x Ironi Tiberias     @7.40  3-2 GREEN R$+32
   15:00 Draw      Ajax x Excelsior                   @8.20  2-2 RED R$-216
   15:30 Home      KFC Komarno x Slovan Bratislava    @5.90  1-2 GREEN R$+42
   15:30 Home      Cerro x Penarol                    @8.20  1-2 GREEN R$+29
   15:45 Draw      Sligo Rovers x St Patricks         @5.70  0-1 GREEN R$+44
   16:00 Draw      Sevilla x Barcelona                @7.60  1-3 GREEN R$+31
   16:00 Draw      Millonarios x Boyaca Chico         @6.60  3-0 GREEN R$+37
   16:00 Draw      Atletico MG x Chapecoense          @5.50  1-1 RED R$-216
   16:30 Draw      Sporting Lisbon x Arouca           @8.60  2-2 RED R$-216
   17:00 Home      Zamora FC x Metropolitanos         @3.75  —
   17:00 Over 4.5  Zamora FC x Metropolitanos         @18.00 —
   21:30 Home      Kansas City x Philadelphia         @5.50  —
sem gatilho.
2026-09-19 22:05 | banca R$ 4327 (composta (pagina 02, 743 jogos ate 2026-09-19)) | liquidados 27/30 | 21G/6R | P&L R$ -807.42 (-18.7%)
   08:30 0x3       Rochdale x Oldham                  @24.00 2-0 GREEN R$+18
   08:30 2x2       Stoke x Sheff Utd                  @16.00 2-1 GREEN R$+27
   09:00 0x3       Sociedad B x Mallorca              @24.00 0-1 GREEN R$+18
   09:00 2x2       Osasuna x Rayo Vallecano           @16.00 1-1 GREEN R$+27
   09:30 Home      Zorya x Dynamo Kiev                @6.20  0-2 GREEN R$+40
   10:00 Home      SK Artis Brno x Slovan Liberec     @6.20  0-0 GREEN R$+40
   10:30 0x3       Septemvri x Botev Plovdiv          @23.00 0-3 RED R$-433
   11:00 Home      Gateshead x Southend               @6.60  AO Away Win GREEN R$+37
   11:00 Home      Bromley x Huddersfield             @6.20  2-1 RED R$-216
   11:00 Draw      Sariyer G.K. x Boluspor            @7.40  2-1 GREEN R$+32
   11:00 Home      Kristiansund x Rosenborg           @5.90  1-3 GREEN R$+42
   11:00 Draw      Cove Rangers x Ross Co             @6.20  0-2 GREEN R$+40
   11:00 2x2       Luton x Bradford                   @16.50 0-1 GREEN R$+27
   11:00 Draw      Hamilton x Queen of South          @7.40  AO Home Win GREEN R$+32
   12:00 Draw      FK Novi Pazar x Zemun              @5.70  2-2 RED R$-216
   12:30 Home      Orgryte x Sirius                   @7.00  1-2 GREEN R$+34
   13:30 Draw      Zrinjski x Fk Velez Mostar         @6.40  2-0 GREEN R$+38
   14:00 Home      Maccabi Netanya x Maccabi Tel Aviv @5.90  1-2 GREEN R$+42
   14:00 Draw      Maccabi Haifa x Ironi Tiberias     @7.40  3-2 GREEN R$+32
   15:00 Draw      Ajax x Excelsior                   @8.20  2-2 RED R$-216
   15:30 Home      KFC Komarno x Slovan Bratislava    @5.90  1-2 GREEN R$+42
   15:30 Home      Cerro x Penarol                    @8.20  1-2 GREEN R$+29
   15:45 Draw      Sligo Rovers x St Patricks         @5.70  0-1 GREEN R$+44
   16:00 Draw      Sevilla x Barcelona                @7.60  1-3 GREEN R$+31
   16:00 Draw      Millonarios x Boyaca Chico         @6.60  3-0 GREEN R$+37
   16:00 Draw      Atletico MG x Chapecoense          @5.50  1-1 RED R$-216
   16:30 Draw      Sporting Lisbon x Arouca           @8.60  2-2 RED R$-216
   17:00 Home      Zamora FC x Metropolitanos         @3.75  —
   17:00 Over 4.5  Zamora FC x Metropolitanos         @18.00 —
   21:30 Home      Kansas City x Philadelphia         @5.50  —
sem gatilho.
2026-09-19 22:10 | banca R$ 4327 (composta (pagina 02, 743 jogos ate 2026-09-19)) | liquidados 27/30 | 21G/6R | P&L R$ -807.42 (-18.7%)
   08:30 0x3       Rochdale x Oldham                  @24.00 2-0 GREEN R$+18
   08:30 2x2       Stoke x Sheff Utd                  @16.00 2-1 GREEN R$+27
   09:00 0x3       Sociedad B x Mallorca              @24.00 0-1 GREEN R$+18
   09:00 2x2       Osasuna x Rayo Vallecano           @16.00 1-1 GREEN R$+27
   09:30 Home      Zorya x Dynamo Kiev                @6.20  0-2 GREEN R$+40
   10:00 Home      SK Artis Brno x Slovan Liberec     @6.20  0-0 GREEN R$+40
   10:30 0x3       Septemvri x Botev Plovdiv          @23.00 0-3 RED R$-433
   11:00 Home      Gateshead x Southend               @6.60  AO Away Win GREEN R$+37
   11:00 Home      Bromley x Huddersfield             @6.20  2-1 RED R$-216
   11:00 Draw      Sariyer G.K. x Boluspor            @7.40  2-1 GREEN R$+32
   11:00 Home      Kristiansund x Rosenborg           @5.90  1-3 GREEN R$+42
   11:00 Draw      Cove Rangers x Ross Co             @6.20  0-2 GREEN R$+40
   11:00 2x2       Luton x Bradford                   @16.50 0-1 GREEN R$+27
   11:00 Draw      Hamilton x Queen of South          @7.40  AO Home Win GREEN R$+32
   12:00 Draw      FK Novi Pazar x Zemun              @5.70  2-2 RED R$-216
   12:30 Home      Orgryte x Sirius                   @7.00  1-2 GREEN R$+34
   13:30 Draw      Zrinjski x Fk Velez Mostar         @6.40  2-0 GREEN R$+38
   14:00 Home      Maccabi Netanya x Maccabi Tel Aviv @5.90  1-2 GREEN R$+42
   14:00 Draw      Maccabi Haifa x Ironi Tiberias     @7.40  3-2 GREEN R$+32
   15:00 Draw      Ajax x Excelsior                   @8.20  2-2 RED R$-216
   15:30 Home      KFC Komarno x Slovan Bratislava    @5.90  1-2 GREEN R$+42
   15:30 Home      Cerro x Penarol                    @8.20  1-2 GREEN R$+29
   15:45 Draw      Sligo Rovers x St Patricks         @5.70  0-1 GREEN R$+44
   16:00 Draw      Sevilla x Barcelona                @7.60  1-3 GREEN R$+31
   16:00 Draw      Millonarios x Boyaca Chico         @6.60  3-0 GREEN R$+37
   16:00 Draw      Atletico MG x Chapecoense          @5.50  1-1 RED R$-216
   16:30 Draw      Sporting Lisbon x Arouca           @8.60  2-2 RED R$-216
   17:00 Home      Zamora FC x Metropolitanos         @3.75  —
   17:00 Over 4.5  Zamora FC x Metropolitanos         @18.00 —
   21:30 Home      Kansas City x Philadelphia         @5.50  —
sem gatilho.
2026-09-19 22:15 | banca R$ 4327 (composta (pagina 02, 743 jogos ate 2026-09-19)) | liquidados 27/30 | 21G/6R | P&L R$ -807.42 (-18.7%)
   08:30 0x3       Rochdale x Oldham                  @24.00 2-0 GREEN R$+18
   08:30 2x2       Stoke x Sheff Utd                  @16.00 2-1 GREEN R$+27
   09:00 0x3       Sociedad B x Mallorca              @24.00 0-1 GREEN R$+18
   09:00 2x2       Osasuna x Rayo Vallecano           @16.00 1-1 GREEN R$+27
   09:30 Home      Zorya x Dynamo Kiev                @6.20  0-2 GREEN R$+40
   10:00 Home      SK Artis Brno x Slovan Liberec     @6.20  0-0 GREEN R$+40
   10:30 0x3       Septemvri x Botev Plovdiv          @23.00 0-3 RED R$-433
   11:00 Home      Gateshead x Southend               @6.60  AO Away Win GREEN R$+37
   11:00 Home      Bromley x Huddersfield             @6.20  2-1 RED R$-216
   11:00 Draw      Sariyer G.K. x Boluspor            @7.40  2-1 GREEN R$+32
   11:00 Home      Kristiansund x Rosenborg           @5.90  1-3 GREEN R$+42
   11:00 Draw      Cove Rangers x Ross Co             @6.20  0-2 GREEN R$+40
   11:00 2x2       Luton x Bradford                   @16.50 0-1 GREEN R$+27
   11:00 Draw      Hamilton x Queen of South          @7.40  AO Home Win GREEN R$+32
   12:00 Draw      FK Novi Pazar x Zemun              @5.70  2-2 RED R$-216
   12:30 Home      Orgryte x Sirius                   @7.00  1-2 GREEN R$+34
   13:30 Draw      Zrinjski x Fk Velez Mostar         @6.40  2-0 GREEN R$+38
   14:00 Home      Maccabi Netanya x Maccabi Tel Aviv @5.90  1-2 GREEN R$+42
   14:00 Draw      Maccabi Haifa x Ironi Tiberias     @7.40  3-2 GREEN R$+32
   15:00 Draw      Ajax x Excelsior                   @8.20  2-2 RED R$-216
   15:30 Home      KFC Komarno x Slovan Bratislava    @5.90  1-2 GREEN R$+42
   15:30 Home      Cerro x Penarol                    @8.20  1-2 GREEN R$+29
   15:45 Draw      Sligo Rovers x St Patricks         @5.70  0-1 GREEN R$+44
   16:00 Draw      Sevilla x Barcelona                @7.60  1-3 GREEN R$+31
   16:00 Draw      Millonarios x Boyaca Chico         @6.60  3-0 GREEN R$+37
   16:00 Draw      Atletico MG x Chapecoense          @5.50  1-1 RED R$-216
   16:30 Draw      Sporting Lisbon x Arouca           @8.60  2-2 RED R$-216
   17:00 Home      Zamora FC x Metropolitanos         @3.75  —
   17:00 Over 4.5  Zamora FC x Metropolitanos         @18.00 —
   21:30 Home      Kansas City x Philadelphia         @5.50  —
sem gatilho.
2026-09-19 22:20 | banca R$ 4327 (composta (pagina 02, 743 jogos ate 2026-09-19)) | liquidados 27/30 | 21G/6R | P&L R$ -807.42 (-18.7%)
   08:30 0x3       Rochdale x Oldham                  @24.00 2-0 GREEN R$+18
   08:30 2x2       Stoke x Sheff Utd                  @16.00 2-1 GREEN R$+27
   09:00 0x3       Sociedad B x Mallorca              @24.00 0-1 GREEN R$+18
   09:00 2x2       Osasuna x Rayo Vallecano           @16.00 1-1 GREEN R$+27
   09:30 Home      Zorya x Dynamo Kiev                @6.20  0-2 GREEN R$+40
   10:00 Home      SK Artis Brno x Slovan Liberec     @6.20  0-0 GREEN R$+40
   10:30 0x3       Septemvri x Botev Plovdiv          @23.00 0-3 RED R$-433
   11:00 Home      Gateshead x Southend               @6.60  AO Away Win GREEN R$+37
   11:00 Home      Bromley x Huddersfield             @6.20  2-1 RED R$-216
   11:00 Draw      Sariyer G.K. x Boluspor            @7.40  2-1 GREEN R$+32
   11:00 Home      Kristiansund x Rosenborg           @5.90  1-3 GREEN R$+42
   11:00 Draw      Cove Rangers x Ross Co             @6.20  0-2 GREEN R$+40
   11:00 2x2       Luton x Bradford                   @16.50 0-1 GREEN R$+27
   11:00 Draw      Hamilton x Queen of South          @7.40  AO Home Win GREEN R$+32
   12:00 Draw      FK Novi Pazar x Zemun              @5.70  2-2 RED R$-216
   12:30 Home      Orgryte x Sirius                   @7.00  1-2 GREEN R$+34
   13:30 Draw      Zrinjski x Fk Velez Mostar         @6.40  2-0 GREEN R$+38
   14:00 Home      Maccabi Netanya x Maccabi Tel Aviv @5.90  1-2 GREEN R$+42
   14:00 Draw      Maccabi Haifa x Ironi Tiberias     @7.40  3-2 GREEN R$+32
   15:00 Draw      Ajax x Excelsior                   @8.20  2-2 RED R$-216
   15:30 Home      KFC Komarno x Slovan Bratislava    @5.90  1-2 GREEN R$+42
   15:30 Home      Cerro x Penarol                    @8.20  1-2 GREEN R$+29
   15:45 Draw      Sligo Rovers x St Patricks         @5.70  0-1 GREEN R$+44
   16:00 Draw      Sevilla x Barcelona                @7.60  1-3 GREEN R$+31
   16:00 Draw      Millonarios x Boyaca Chico         @6.60  3-0 GREEN R$+37
   16:00 Draw      Atletico MG x Chapecoense          @5.50  1-1 RED R$-216
   16:30 Draw      Sporting Lisbon x Arouca           @8.60  2-2 RED R$-216
   17:00 Home      Zamora FC x Metropolitanos         @3.75  —
   17:00 Over 4.5  Zamora FC x Metropolitanos         @18.00 —
   21:30 Home      Kansas City x Philadelphia         @5.50  —
sem gatilho.
2026-09-19 22:25 | banca R$ 4327 (composta (pagina 02, 743 jogos ate 2026-09-19)) | liquidados 27/30 | 21G/6R | P&L R$ -807.42 (-18.7%)
   08:30 0x3       Rochdale x Oldham                  @24.00 2-0 GREEN R$+18
   08:30 2x2       Stoke x Sheff Utd                  @16.00 2-1 GREEN R$+27
   09:00 0x3       Sociedad B x Mallorca              @24.00 0-1 GREEN R$+18
   09:00 2x2       Osasuna x Rayo Vallecano           @16.00 1-1 GREEN R$+27
   09:30 Home      Zorya x Dynamo Kiev                @6.20  0-2 GREEN R$+40
   10:00 Home      SK Artis Brno x Slovan Liberec     @6.20  0-0 GREEN R$+40
   10:30 0x3       Septemvri x Botev Plovdiv          @23.00 0-3 RED R$-433
   11:00 Home      Gateshead x Southend               @6.60  AO Away Win GREEN R$+37
   11:00 Home      Bromley x Huddersfield             @6.20  2-1 RED R$-216
   11:00 Draw      Sariyer G.K. x Boluspor            @7.40  2-1 GREEN R$+32
   11:00 Home      Kristiansund x Rosenborg           @5.90  1-3 GREEN R$+42
   11:00 Draw      Cove Rangers x Ross Co             @6.20  0-2 GREEN R$+40
   11:00 2x2       Luton x Bradford                   @16.50 0-1 GREEN R$+27
   11:00 Draw      Hamilton x Queen of South          @7.40  AO Home Win GREEN R$+32
   12:00 Draw      FK Novi Pazar x Zemun              @5.70  2-2 RED R$-216
   12:30 Home      Orgryte x Sirius                   @7.00  1-2 GREEN R$+34
   13:30 Draw      Zrinjski x Fk Velez Mostar         @6.40  2-0 GREEN R$+38
   14:00 Home      Maccabi Netanya x Maccabi Tel Aviv @5.90  1-2 GREEN R$+42
   14:00 Draw      Maccabi Haifa x Ironi Tiberias     @7.40  3-2 GREEN R$+32
   15:00 Draw      Ajax x Excelsior                   @8.20  2-2 RED R$-216
   15:30 Home      KFC Komarno x Slovan Bratislava    @5.90  1-2 GREEN R$+42
   15:30 Home      Cerro x Penarol                    @8.20  1-2 GREEN R$+29
   15:45 Draw      Sligo Rovers x St Patricks         @5.70  0-1 GREEN R$+44
   16:00 Draw      Sevilla x Barcelona                @7.60  1-3 GREEN R$+31
   16:00 Draw      Millonarios x Boyaca Chico         @6.60  3-0 GREEN R$+37
   16:00 Draw      Atletico MG x Chapecoense          @5.50  1-1 RED R$-216
   16:30 Draw      Sporting Lisbon x Arouca           @8.60  2-2 RED R$-216
   17:00 Home      Zamora FC x Metropolitanos         @3.75  —
   17:00 Over 4.5  Zamora FC x Metropolitanos         @18.00 —
   21:30 Home      Kansas City x Philadelphia         @5.50  —
sem gatilho.
2026-09-19 22:30 | banca R$ 4327 (composta (pagina 02, 743 jogos ate 2026-09-19)) | liquidados 27/30 | 21G/6R | P&L R$ -807.42 (-18.7%)
   08:30 0x3       Rochdale x Oldham                  @24.00 2-0 GREEN R$+18
   08:30 2x2       Stoke x Sheff Utd                  @16.00 2-1 GREEN R$+27
   09:00 0x3       Sociedad B x Mallorca              @24.00 0-1 GREEN R$+18
   09:00 2x2       Osasuna x Rayo Vallecano           @16.00 1-1 GREEN R$+27
   09:30 Home      Zorya x Dynamo Kiev                @6.20  0-2 GREEN R$+40
   10:00 Home      SK Artis Brno x Slovan Liberec     @6.20  0-0 GREEN R$+40
   10:30 0x3       Septemvri x Botev Plovdiv          @23.00 0-3 RED R$-433
   11:00 Home      Gateshead x Southend               @6.60  AO Away Win GREEN R$+37
   11:00 Home      Bromley x Huddersfield             @6.20  2-1 RED R$-216
   11:00 Draw      Sariyer G.K. x Boluspor            @7.40  2-1 GREEN R$+32
   11:00 Home      Kristiansund x Rosenborg           @5.90  1-3 GREEN R$+42
   11:00 Draw      Cove Rangers x Ross Co             @6.20  0-2 GREEN R$+40
   11:00 2x2       Luton x Bradford                   @16.50 0-1 GREEN R$+27
   11:00 Draw      Hamilton x Queen of South          @7.40  AO Home Win GREEN R$+32
   12:00 Draw      FK Novi Pazar x Zemun              @5.70  2-2 RED R$-216
   12:30 Home      Orgryte x Sirius                   @7.00  1-2 GREEN R$+34
   13:30 Draw      Zrinjski x Fk Velez Mostar         @6.40  2-0 GREEN R$+38
   14:00 Home      Maccabi Netanya x Maccabi Tel Aviv @5.90  1-2 GREEN R$+42
   14:00 Draw      Maccabi Haifa x Ironi Tiberias     @7.40  3-2 GREEN R$+32
   15:00 Draw      Ajax x Excelsior                   @8.20  2-2 RED R$-216
   15:30 Home      KFC Komarno x Slovan Bratislava    @5.90  1-2 GREEN R$+42
   15:30 Home      Cerro x Penarol                    @8.20  1-2 GREEN R$+29
   15:45 Draw      Sligo Rovers x St Patricks         @5.70  0-1 GREEN R$+44
   16:00 Draw      Sevilla x Barcelona                @7.60  1-3 GREEN R$+31
   16:00 Draw      Millonarios x Boyaca Chico         @6.60  3-0 GREEN R$+37
   16:00 Draw      Atletico MG x Chapecoense          @5.50  1-1 RED R$-216
   16:30 Draw      Sporting Lisbon x Arouca           @8.60  2-2 RED R$-216
   17:00 Home      Zamora FC x Metropolitanos         @3.75  —
   17:00 Over 4.5  Zamora FC x Metropolitanos         @18.00 —
   21:30 Home      Kansas City x Philadelphia         @5.50  —
sem gatilho.
2026-09-19 22:35 | banca R$ 4327 (composta (pagina 02, 743 jogos ate 2026-09-19)) | liquidados 27/30 | 21G/6R | P&L R$ -807.42 (-18.7%)
   08:30 0x3       Rochdale x Oldham                  @24.00 2-0 GREEN R$+18
   08:30 2x2       Stoke x Sheff Utd                  @16.00 2-1 GREEN R$+27
   09:00 0x3       Sociedad B x Mallorca              @24.00 0-1 GREEN R$+18
   09:00 2x2       Osasuna x Rayo Vallecano           @16.00 1-1 GREEN R$+27
   09:30 Home      Zorya x Dynamo Kiev                @6.20  0-2 GREEN R$+40
   10:00 Home      SK Artis Brno x Slovan Liberec     @6.20  0-0 GREEN R$+40
   10:30 0x3       Septemvri x Botev Plovdiv          @23.00 0-3 RED R$-433
   11:00 Home      Gateshead x Southend               @6.60  AO Away Win GREEN R$+37
   11:00 Home      Bromley x Huddersfield             @6.20  2-1 RED R$-216
   11:00 Draw      Sariyer G.K. x Boluspor            @7.40  2-1 GREEN R$+32
   11:00 Home      Kristiansund x Rosenborg           @5.90  1-3 GREEN R$+42
   11:00 Draw      Cove Rangers x Ross Co             @6.20  0-2 GREEN R$+40
   11:00 2x2       Luton x Bradford                   @16.50 0-1 GREEN R$+27
   11:00 Draw      Hamilton x Queen of South          @7.40  AO Home Win GREEN R$+32
   12:00 Draw      FK Novi Pazar x Zemun              @5.70  2-2 RED R$-216
   12:30 Home      Orgryte x Sirius                   @7.00  1-2 GREEN R$+34
   13:30 Draw      Zrinjski x Fk Velez Mostar         @6.40  2-0 GREEN R$+38
   14:00 Home      Maccabi Netanya x Maccabi Tel Aviv @5.90  1-2 GREEN R$+42
   14:00 Draw      Maccabi Haifa x Ironi Tiberias     @7.40  3-2 GREEN R$+32
   15:00 Draw      Ajax x Excelsior                   @8.20  2-2 RED R$-216
   15:30 Home      KFC Komarno x Slovan Bratislava    @5.90  1-2 GREEN R$+42
   15:30 Home      Cerro x Penarol                    @8.20  1-2 GREEN R$+29
   15:45 Draw      Sligo Rovers x St Patricks         @5.70  0-1 GREEN R$+44
   16:00 Draw      Sevilla x Barcelona                @7.60  1-3 GREEN R$+31
   16:00 Draw      Millonarios x Boyaca Chico         @6.60  3-0 GREEN R$+37
   16:00 Draw      Atletico MG x Chapecoense          @5.50  1-1 RED R$-216
   16:30 Draw      Sporting Lisbon x Arouca           @8.60  2-2 RED R$-216
   17:00 Home      Zamora FC x Metropolitanos         @3.75  —
   17:00 Over 4.5  Zamora FC x Metropolitanos         @18.00 —
   21:30 Home      Kansas City x Philadelphia         @5.50  —
sem gatilho.
2026-09-19 22:40 | banca R$ 4327 (composta (pagina 02, 743 jogos ate 2026-09-19)) | liquidados 27/30 | 21G/6R | P&L R$ -807.42 (-18.7%)
   08:30 0x3       Rochdale x Oldham                  @24.00 2-0 GREEN R$+18
   08:30 2x2       Stoke x Sheff Utd                  @16.00 2-1 GREEN R$+27
   09:00 0x3       Sociedad B x Mallorca              @24.00 0-1 GREEN R$+18
   09:00 2x2       Osasuna x Rayo Vallecano           @16.00 1-1 GREEN R$+27
   09:30 Home      Zorya x Dynamo Kiev                @6.20  0-2 GREEN R$+40
   10:00 Home      SK Artis Brno x Slovan Liberec     @6.20  0-0 GREEN R$+40
   10:30 0x3       Septemvri x Botev Plovdiv          @23.00 0-3 RED R$-433
   11:00 Home      Gateshead x Southend               @6.60  AO Away Win GREEN R$+37
   11:00 Home      Bromley x Huddersfield             @6.20  2-1 RED R$-216
   11:00 Draw      Sariyer G.K. x Boluspor            @7.40  2-1 GREEN R$+32
   11:00 Home      Kristiansund x Rosenborg           @5.90  1-3 GREEN R$+42
   11:00 Draw      Cove Rangers x Ross Co             @6.20  0-2 GREEN R$+40
   11:00 2x2       Luton x Bradford                   @16.50 0-1 GREEN R$+27
   11:00 Draw      Hamilton x Queen of South          @7.40  AO Home Win GREEN R$+32
   12:00 Draw      FK Novi Pazar x Zemun              @5.70  2-2 RED R$-216
   12:30 Home      Orgryte x Sirius                   @7.00  1-2 GREEN R$+34
   13:30 Draw      Zrinjski x Fk Velez Mostar         @6.40  2-0 GREEN R$+38
   14:00 Home      Maccabi Netanya x Maccabi Tel Aviv @5.90  1-2 GREEN R$+42
   14:00 Draw      Maccabi Haifa x Ironi Tiberias     @7.40  3-2 GREEN R$+32
   15:00 Draw      Ajax x Excelsior                   @8.20  2-2 RED R$-216
   15:30 Home      KFC Komarno x Slovan Bratislava    @5.90  1-2 GREEN R$+42
   15:30 Home      Cerro x Penarol                    @8.20  1-2 GREEN R$+29
   15:45 Draw      Sligo Rovers x St Patricks         @5.70  0-1 GREEN R$+44
   16:00 Draw      Sevilla x Barcelona                @7.60  1-3 GREEN R$+31
   16:00 Draw      Millonarios x Boyaca Chico         @6.60  3-0 GREEN R$+37
   16:00 Draw      Atletico MG x Chapecoense          @5.50  1-1 RED R$-216
   16:30 Draw      Sporting Lisbon x Arouca           @8.60  2-2 RED R$-216
   17:00 Home      Zamora FC x Metropolitanos         @3.75  —
   17:00 Over 4.5  Zamora FC x Metropolitanos         @18.00 —
   21:30 Home      Kansas City x Philadelphia         @5.50  —
sem gatilho.
2026-09-19 22:45 | banca R$ 4327 (composta (pagina 02, 743 jogos ate 2026-09-19)) | liquidados 27/30 | 21G/6R | P&L R$ -807.42 (-18.7%)
   08:30 0x3       Rochdale x Oldham                  @24.00 2-0 GREEN R$+18
   08:30 2x2       Stoke x Sheff Utd                  @16.00 2-1 GREEN R$+27
   09:00 0x3       Sociedad B x Mallorca              @24.00 0-1 GREEN R$+18
   09:00 2x2       Osasuna x Rayo Vallecano           @16.00 1-1 GREEN R$+27
   09:30 Home      Zorya x Dynamo Kiev                @6.20  0-2 GREEN R$+40
   10:00 Home      SK Artis Brno x Slovan Liberec     @6.20  0-0 GREEN R$+40
   10:30 0x3       Septemvri x Botev Plovdiv          @23.00 0-3 RED R$-433
   11:00 Home      Gateshead x Southend               @6.60  AO Away Win GREEN R$+37
   11:00 Home      Bromley x Huddersfield             @6.20  2-1 RED R$-216
   11:00 Draw      Sariyer G.K. x Boluspor            @7.40  2-1 GREEN R$+32
   11:00 Home      Kristiansund x Rosenborg           @5.90  1-3 GREEN R$+42
   11:00 Draw      Cove Rangers x Ross Co             @6.20  0-2 GREEN R$+40
   11:00 2x2       Luton x Bradford                   @16.50 0-1 GREEN R$+27
   11:00 Draw      Hamilton x Queen of South          @7.40  AO Home Win GREEN R$+32
   12:00 Draw      FK Novi Pazar x Zemun              @5.70  2-2 RED R$-216
   12:30 Home      Orgryte x Sirius                   @7.00  1-2 GREEN R$+34
   13:30 Draw      Zrinjski x Fk Velez Mostar         @6.40  2-0 GREEN R$+38
   14:00 Home      Maccabi Netanya x Maccabi Tel Aviv @5.90  1-2 GREEN R$+42
   14:00 Draw      Maccabi Haifa x Ironi Tiberias     @7.40  3-2 GREEN R$+32
   15:00 Draw      Ajax x Excelsior                   @8.20  2-2 RED R$-216
   15:30 Home      KFC Komarno x Slovan Bratislava    @5.90  1-2 GREEN R$+42
   15:30 Home      Cerro x Penarol                    @8.20  1-2 GREEN R$+29
   15:45 Draw      Sligo Rovers x St Patricks         @5.70  0-1 GREEN R$+44
   16:00 Draw      Sevilla x Barcelona                @7.60  1-3 GREEN R$+31
   16:00 Draw      Millonarios x Boyaca Chico         @6.60  3-0 GREEN R$+37
   16:00 Draw      Atletico MG x Chapecoense          @5.50  1-1 RED R$-216
   16:30 Draw      Sporting Lisbon x Arouca           @8.60  2-2 RED R$-216
   17:00 Home      Zamora FC x Metropolitanos         @3.75  —
   17:00 Over 4.5  Zamora FC x Metropolitanos         @18.00 —
   21:30 Home      Kansas City x Philadelphia         @5.50  —
sem gatilho.
2026-09-19 22:50 | banca R$ 4327 (composta (pagina 02, 743 jogos ate 2026-09-19)) | liquidados 27/30 | 21G/6R | P&L R$ -807.42 (-18.7%)
   08:30 0x3       Rochdale x Oldham                  @24.00 2-0 GREEN R$+18
   08:30 2x2       Stoke x Sheff Utd                  @16.00 2-1 GREEN R$+27
   09:00 0x3       Sociedad B x Mallorca              @24.00 0-1 GREEN R$+18
   09:00 2x2       Osasuna x Rayo Vallecano           @16.00 1-1 GREEN R$+27
   09:30 Home      Zorya x Dynamo Kiev                @6.20  0-2 GREEN R$+40
   10:00 Home      SK Artis Brno x Slovan Liberec     @6.20  0-0 GREEN R$+40
   10:30 0x3       Septemvri x Botev Plovdiv          @23.00 0-3 RED R$-433
   11:00 Home      Gateshead x Southend               @6.60  AO Away Win GREEN R$+37
   11:00 Home      Bromley x Huddersfield             @6.20  2-1 RED R$-216
   11:00 Draw      Sariyer G.K. x Boluspor            @7.40  2-1 GREEN R$+32
   11:00 Home      Kristiansund x Rosenborg           @5.90  1-3 GREEN R$+42
   11:00 Draw      Cove Rangers x Ross Co             @6.20  0-2 GREEN R$+40
   11:00 2x2       Luton x Bradford                   @16.50 0-1 GREEN R$+27
   11:00 Draw      Hamilton x Queen of South          @7.40  AO Home Win GREEN R$+32
   12:00 Draw      FK Novi Pazar x Zemun              @5.70  2-2 RED R$-216
   12:30 Home      Orgryte x Sirius                   @7.00  1-2 GREEN R$+34
   13:30 Draw      Zrinjski x Fk Velez Mostar         @6.40  2-0 GREEN R$+38
   14:00 Home      Maccabi Netanya x Maccabi Tel Aviv @5.90  1-2 GREEN R$+42
   14:00 Draw      Maccabi Haifa x Ironi Tiberias     @7.40  3-2 GREEN R$+32
   15:00 Draw      Ajax x Excelsior                   @8.20  2-2 RED R$-216
   15:30 Home      KFC Komarno x Slovan Bratislava    @5.90  1-2 GREEN R$+42
   15:30 Home      Cerro x Penarol                    @8.20  1-2 GREEN R$+29
   15:45 Draw      Sligo Rovers x St Patricks         @5.70  0-1 GREEN R$+44
   16:00 Draw      Sevilla x Barcelona                @7.60  1-3 GREEN R$+31
   16:00 Draw      Millonarios x Boyaca Chico         @6.60  3-0 GREEN R$+37
   16:00 Draw      Atletico MG x Chapecoense          @5.50  1-1 RED R$-216
   16:30 Draw      Sporting Lisbon x Arouca           @8.60  2-2 RED R$-216
   17:00 Home      Zamora FC x Metropolitanos         @3.75  —
   17:00 Over 4.5  Zamora FC x Metropolitanos         @18.00 —
   21:30 Home      Kansas City x Philadelphia         @5.50  —
sem gatilho.
2026-09-19 22:55 | banca R$ 4327 (composta (pagina 02, 743 jogos ate 2026-09-19)) | liquidados 27/30 | 21G/6R | P&L R$ -807.42 (-18.7%)
   08:30 0x3       Rochdale x Oldham                  @24.00 2-0 GREEN R$+18
   08:30 2x2       Stoke x Sheff Utd                  @16.00 2-1 GREEN R$+27
   09:00 0x3       Sociedad B x Mallorca              @24.00 0-1 GREEN R$+18
   09:00 2x2       Osasuna x Rayo Vallecano           @16.00 1-1 GREEN R$+27
   09:30 Home      Zorya x Dynamo Kiev                @6.20  0-2 GREEN R$+40
   10:00 Home      SK Artis Brno x Slovan Liberec     @6.20  0-0 GREEN R$+40
   10:30 0x3       Septemvri x Botev Plovdiv          @23.00 0-3 RED R$-433
   11:00 Home      Gateshead x Southend               @6.60  AO Away Win GREEN R$+37
   11:00 Home      Bromley x Huddersfield             @6.20  2-1 RED R$-216
   11:00 Draw      Sariyer G.K. x Boluspor            @7.40  2-1 GREEN R$+32
   11:00 Home      Kristiansund x Rosenborg           @5.90  1-3 GREEN R$+42
   11:00 Draw      Cove Rangers x Ross Co             @6.20  0-2 GREEN R$+40
   11:00 2x2       Luton x Bradford                   @16.50 0-1 GREEN R$+27
   11:00 Draw      Hamilton x Queen of South          @7.40  AO Home Win GREEN R$+32
   12:00 Draw      FK Novi Pazar x Zemun              @5.70  2-2 RED R$-216
   12:30 Home      Orgryte x Sirius                   @7.00  1-2 GREEN R$+34
   13:30 Draw      Zrinjski x Fk Velez Mostar         @6.40  2-0 GREEN R$+38
   14:00 Home      Maccabi Netanya x Maccabi Tel Aviv @5.90  1-2 GREEN R$+42
   14:00 Draw      Maccabi Haifa x Ironi Tiberias     @7.40  3-2 GREEN R$+32
   15:00 Draw      Ajax x Excelsior                   @8.20  2-2 RED R$-216
   15:30 Home      KFC Komarno x Slovan Bratislava    @5.90  1-2 GREEN R$+42
   15:30 Home      Cerro x Penarol                    @8.20  1-2 GREEN R$+29
   15:45 Draw      Sligo Rovers x St Patricks         @5.70  0-1 GREEN R$+44
   16:00 Draw      Sevilla x Barcelona                @7.60  1-3 GREEN R$+31
   16:00 Draw      Millonarios x Boyaca Chico         @6.60  3-0 GREEN R$+37
   16:00 Draw      Atletico MG x Chapecoense          @5.50  1-1 RED R$-216
   16:30 Draw      Sporting Lisbon x Arouca           @8.60  2-2 RED R$-216
   17:00 Home      Zamora FC x Metropolitanos         @3.75  —
   17:00 Over 4.5  Zamora FC x Metropolitanos         @18.00 —
   21:30 Home      Kansas City x Philadelphia         @5.50  —
sem gatilho.
2026-09-19 23:00 | banca R$ 4327 (composta (pagina 02, 743 jogos ate 2026-09-19)) | liquidados 27/30 | 21G/6R | P&L R$ -807.42 (-18.7%)
   08:30 0x3       Rochdale x Oldham                  @24.00 2-0 GREEN R$+18
   08:30 2x2       Stoke x Sheff Utd                  @16.00 2-1 GREEN R$+27
   09:00 0x3       Sociedad B x Mallorca              @24.00 0-1 GREEN R$+18
   09:00 2x2       Osasuna x Rayo Vallecano           @16.00 1-1 GREEN R$+27
   09:30 Home      Zorya x Dynamo Kiev                @6.20  0-2 GREEN R$+40
   10:00 Home      SK Artis Brno x Slovan Liberec     @6.20  0-0 GREEN R$+40
   10:30 0x3       Septemvri x Botev Plovdiv          @23.00 0-3 RED R$-433
   11:00 Home      Gateshead x Southend               @6.60  AO Away Win GREEN R$+37
   11:00 Home      Bromley x Huddersfield             @6.20  2-1 RED R$-216
   11:00 Draw      Sariyer G.K. x Boluspor            @7.40  2-1 GREEN R$+32
   11:00 Home      Kristiansund x Rosenborg           @5.90  1-3 GREEN R$+42
   11:00 Draw      Cove Rangers x Ross Co             @6.20  0-2 GREEN R$+40
   11:00 2x2       Luton x Bradford                   @16.50 0-1 GREEN R$+27
   11:00 Draw      Hamilton x Queen of South          @7.40  AO Home Win GREEN R$+32
   12:00 Draw      FK Novi Pazar x Zemun              @5.70  2-2 RED R$-216
   12:30 Home      Orgryte x Sirius                   @7.00  1-2 GREEN R$+34
   13:30 Draw      Zrinjski x Fk Velez Mostar         @6.40  2-0 GREEN R$+38
   14:00 Home      Maccabi Netanya x Maccabi Tel Aviv @5.90  1-2 GREEN R$+42
   14:00 Draw      Maccabi Haifa x Ironi Tiberias     @7.40  3-2 GREEN R$+32
   15:00 Draw      Ajax x Excelsior                   @8.20  2-2 RED R$-216
   15:30 Home      KFC Komarno x Slovan Bratislava    @5.90  1-2 GREEN R$+42
   15:30 Home      Cerro x Penarol                    @8.20  1-2 GREEN R$+29
   15:45 Draw      Sligo Rovers x St Patricks         @5.70  0-1 GREEN R$+44
   16:00 Draw      Sevilla x Barcelona                @7.60  1-3 GREEN R$+31
   16:00 Draw      Millonarios x Boyaca Chico         @6.60  3-0 GREEN R$+37
   16:00 Draw      Atletico MG x Chapecoense          @5.50  1-1 RED R$-216
   16:30 Draw      Sporting Lisbon x Arouca           @8.60  2-2 RED R$-216
   17:00 Home      Zamora FC x Metropolitanos         @3.75  —
   17:00 Over 4.5  Zamora FC x Metropolitanos         @18.00 —
   21:30 Home      Kansas City x Philadelphia         @5.50  —
sem gatilho.
2026-09-19 23:05 | banca R$ 4327 (composta (pagina 02, 743 jogos ate 2026-09-19)) | liquidados 27/30 | 21G/6R | P&L R$ -807.42 (-18.7%)
   08:30 0x3       Rochdale x Oldham                  @24.00 2-0 GREEN R$+18
   08:30 2x2       Stoke x Sheff Utd                  @16.00 2-1 GREEN R$+27
   09:00 0x3       Sociedad B x Mallorca              @24.00 0-1 GREEN R$+18
   09:00 2x2       Osasuna x Rayo Vallecano           @16.00 1-1 GREEN R$+27
   09:30 Home      Zorya x Dynamo Kiev                @6.20  0-2 GREEN R$+40
   10:00 Home      SK Artis Brno x Slovan Liberec     @6.20  0-0 GREEN R$+40
   10:30 0x3       Septemvri x Botev Plovdiv          @23.00 0-3 RED R$-433
   11:00 Home      Gateshead x Southend               @6.60  AO Away Win GREEN R$+37
   11:00 Home      Bromley x Huddersfield             @6.20  2-1 RED R$-216
   11:00 Draw      Sariyer G.K. x Boluspor            @7.40  2-1 GREEN R$+32
   11:00 Home      Kristiansund x Rosenborg           @5.90  1-3 GREEN R$+42
   11:00 Draw      Cove Rangers x Ross Co             @6.20  0-2 GREEN R$+40
   11:00 2x2       Luton x Bradford                   @16.50 0-1 GREEN R$+27
   11:00 Draw      Hamilton x Queen of South          @7.40  AO Home Win GREEN R$+32
   12:00 Draw      FK Novi Pazar x Zemun              @5.70  2-2 RED R$-216
   12:30 Home      Orgryte x Sirius                   @7.00  1-2 GREEN R$+34
   13:30 Draw      Zrinjski x Fk Velez Mostar         @6.40  2-0 GREEN R$+38
   14:00 Home      Maccabi Netanya x Maccabi Tel Aviv @5.90  1-2 GREEN R$+42
   14:00 Draw      Maccabi Haifa x Ironi Tiberias     @7.40  3-2 GREEN R$+32
   15:00 Draw      Ajax x Excelsior                   @8.20  2-2 RED R$-216
   15:30 Home      KFC Komarno x Slovan Bratislava    @5.90  1-2 GREEN R$+42
   15:30 Home      Cerro x Penarol                    @8.20  1-2 GREEN R$+29
   15:45 Draw      Sligo Rovers x St Patricks         @5.70  0-1 GREEN R$+44
   16:00 Draw      Sevilla x Barcelona                @7.60  1-3 GREEN R$+31
   16:00 Draw      Millonarios x Boyaca Chico         @6.60  3-0 GREEN R$+37
   16:00 Draw      Atletico MG x Chapecoense          @5.50  1-1 RED R$-216
   16:30 Draw      Sporting Lisbon x Arouca           @8.60  2-2 RED R$-216
   17:00 Home      Zamora FC x Metropolitanos         @3.75  —
   17:00 Over 4.5  Zamora FC x Metropolitanos         @18.00 —
   21:30 Home      Kansas City x Philadelphia         @5.50  —
sem gatilho.
2026-09-19 23:10 | banca R$ 4327 (composta (pagina 02, 743 jogos ate 2026-09-19)) | liquidados 27/30 | 21G/6R | P&L R$ -807.42 (-18.7%)
   08:30 0x3       Rochdale x Oldham                  @24.00 2-0 GREEN R$+18
   08:30 2x2       Stoke x Sheff Utd                  @16.00 2-1 GREEN R$+27
   09:00 0x3       Sociedad B x Mallorca              @24.00 0-1 GREEN R$+18
   09:00 2x2       Osasuna x Rayo Vallecano           @16.00 1-1 GREEN R$+27
   09:30 Home      Zorya x Dynamo Kiev                @6.20  0-2 GREEN R$+40
   10:00 Home      SK Artis Brno x Slovan Liberec     @6.20  0-0 GREEN R$+40
   10:30 0x3       Septemvri x Botev Plovdiv          @23.00 0-3 RED R$-433
   11:00 Home      Gateshead x Southend               @6.60  AO Away Win GREEN R$+37
   11:00 Home      Bromley x Huddersfield             @6.20  2-1 RED R$-216
   11:00 Draw      Sariyer G.K. x Boluspor            @7.40  2-1 GREEN R$+32
   11:00 Home      Kristiansund x Rosenborg           @5.90  1-3 GREEN R$+42
   11:00 Draw      Cove Rangers x Ross Co             @6.20  0-2 GREEN R$+40
   11:00 2x2       Luton x Bradford                   @16.50 0-1 GREEN R$+27
   11:00 Draw      Hamilton x Queen of South          @7.40  AO Home Win GREEN R$+32
   12:00 Draw      FK Novi Pazar x Zemun              @5.70  2-2 RED R$-216
   12:30 Home      Orgryte x Sirius                   @7.00  1-2 GREEN R$+34
   13:30 Draw      Zrinjski x Fk Velez Mostar         @6.40  2-0 GREEN R$+38
   14:00 Home      Maccabi Netanya x Maccabi Tel Aviv @5.90  1-2 GREEN R$+42
   14:00 Draw      Maccabi Haifa x Ironi Tiberias     @7.40  3-2 GREEN R$+32
   15:00 Draw      Ajax x Excelsior                   @8.20  2-2 RED R$-216
   15:30 Home      KFC Komarno x Slovan Bratislava    @5.90  1-2 GREEN R$+42
   15:30 Home      Cerro x Penarol                    @8.20  1-2 GREEN R$+29
   15:45 Draw      Sligo Rovers x St Patricks         @5.70  0-1 GREEN R$+44
   16:00 Draw      Sevilla x Barcelona                @7.60  1-3 GREEN R$+31
   16:00 Draw      Millonarios x Boyaca Chico         @6.60  3-0 GREEN R$+37
   16:00 Draw      Atletico MG x Chapecoense          @5.50  1-1 RED R$-216
   16:30 Draw      Sporting Lisbon x Arouca           @8.60  2-2 RED R$-216
   17:00 Home      Zamora FC x Metropolitanos         @3.75  —
   17:00 Over 4.5  Zamora FC x Metropolitanos         @18.00 —
   21:30 Home      Kansas City x Philadelphia         @5.50  —
sem gatilho.
2026-09-19 23:15 | banca R$ 4327 (composta (pagina 02, 743 jogos ate 2026-09-19)) | liquidados 27/30 | 21G/6R | P&L R$ -807.42 (-18.7%)
   08:30 0x3       Rochdale x Oldham                  @24.00 2-0 GREEN R$+18
   08:30 2x2       Stoke x Sheff Utd                  @16.00 2-1 GREEN R$+27
   09:00 0x3       Sociedad B x Mallorca              @24.00 0-1 GREEN R$+18
   09:00 2x2       Osasuna x Rayo Vallecano           @16.00 1-1 GREEN R$+27
   09:30 Home      Zorya x Dynamo Kiev                @6.20  0-2 GREEN R$+40
   10:00 Home      SK Artis Brno x Slovan Liberec     @6.20  0-0 GREEN R$+40
   10:30 0x3       Septemvri x Botev Plovdiv          @23.00 0-3 RED R$-433
   11:00 Home      Gateshead x Southend               @6.60  AO Away Win GREEN R$+37
   11:00 Home      Bromley x Huddersfield             @6.20  2-1 RED R$-216
   11:00 Draw      Sariyer G.K. x Boluspor            @7.40  2-1 GREEN R$+32
   11:00 Home      Kristiansund x Rosenborg           @5.90  1-3 GREEN R$+42
   11:00 Draw      Cove Rangers x Ross Co             @6.20  0-2 GREEN R$+40
   11:00 2x2       Luton x Bradford                   @16.50 0-1 GREEN R$+27
   11:00 Draw      Hamilton x Queen of South          @7.40  AO Home Win GREEN R$+32
   12:00 Draw      FK Novi Pazar x Zemun              @5.70  2-2 RED R$-216
   12:30 Home      Orgryte x Sirius                   @7.00  1-2 GREEN R$+34
   13:30 Draw      Zrinjski x Fk Velez Mostar         @6.40  2-0 GREEN R$+38
   14:00 Home      Maccabi Netanya x Maccabi Tel Aviv @5.90  1-2 GREEN R$+42
   14:00 Draw      Maccabi Haifa x Ironi Tiberias     @7.40  3-2 GREEN R$+32
   15:00 Draw      Ajax x Excelsior                   @8.20  2-2 RED R$-216
   15:30 Home      KFC Komarno x Slovan Bratislava    @5.90  1-2 GREEN R$+42
   15:30 Home      Cerro x Penarol                    @8.20  1-2 GREEN R$+29
   15:45 Draw      Sligo Rovers x St Patricks         @5.70  0-1 GREEN R$+44
   16:00 Draw      Sevilla x Barcelona                @7.60  1-3 GREEN R$+31
   16:00 Draw      Millonarios x Boyaca Chico         @6.60  3-0 GREEN R$+37
   16:00 Draw      Atletico MG x Chapecoense          @5.50  1-1 RED R$-216
   16:30 Draw      Sporting Lisbon x Arouca           @8.60  2-2 RED R$-216
   17:00 Home      Zamora FC x Metropolitanos         @3.75  —
   17:00 Over 4.5  Zamora FC x Metropolitanos         @18.00 —
   21:30 Home      Kansas City x Philadelphia         @5.50  —
sem gatilho.
2026-09-19 23:20 | banca R$ 4327 (composta (pagina 02, 743 jogos ate 2026-09-19)) | liquidados 27/30 | 21G/6R | P&L R$ -807.42 (-18.7%)
   08:30 0x3       Rochdale x Oldham                  @24.00 2-0 GREEN R$+18
   08:30 2x2       Stoke x Sheff Utd                  @16.00 2-1 GREEN R$+27
   09:00 0x3       Sociedad B x Mallorca              @24.00 0-1 GREEN R$+18
   09:00 2x2       Osasuna x Rayo Vallecano           @16.00 1-1 GREEN R$+27
   09:30 Home      Zorya x Dynamo Kiev                @6.20  0-2 GREEN R$+40
   10:00 Home      SK Artis Brno x Slovan Liberec     @6.20  0-0 GREEN R$+40
   10:30 0x3       Septemvri x Botev Plovdiv          @23.00 0-3 RED R$-433
   11:00 Home      Gateshead x Southend               @6.60  AO Away Win GREEN R$+37
   11:00 Home      Bromley x Huddersfield             @6.20  2-1 RED R$-216
   11:00 Draw      Sariyer G.K. x Boluspor            @7.40  2-1 GREEN R$+32
   11:00 Home      Kristiansund x Rosenborg           @5.90  1-3 GREEN R$+42
   11:00 Draw      Cove Rangers x Ross Co             @6.20  0-2 GREEN R$+40
   11:00 2x2       Luton x Bradford                   @16.50 0-1 GREEN R$+27
   11:00 Draw      Hamilton x Queen of South          @7.40  AO Home Win GREEN R$+32
   12:00 Draw      FK Novi Pazar x Zemun              @5.70  2-2 RED R$-216
   12:30 Home      Orgryte x Sirius                   @7.00  1-2 GREEN R$+34
   13:30 Draw      Zrinjski x Fk Velez Mostar         @6.40  2-0 GREEN R$+38
   14:00 Home      Maccabi Netanya x Maccabi Tel Aviv @5.90  1-2 GREEN R$+42
   14:00 Draw      Maccabi Haifa x Ironi Tiberias     @7.40  3-2 GREEN R$+32
   15:00 Draw      Ajax x Excelsior                   @8.20  2-2 RED R$-216
   15:30 Home      KFC Komarno x Slovan Bratislava    @5.90  1-2 GREEN R$+42
   15:30 Home      Cerro x Penarol                    @8.20  1-2 GREEN R$+29
   15:45 Draw      Sligo Rovers x St Patricks         @5.70  0-1 GREEN R$+44
   16:00 Draw      Sevilla x Barcelona                @7.60  1-3 GREEN R$+31
   16:00 Draw      Millonarios x Boyaca Chico         @6.60  3-0 GREEN R$+37
   16:00 Draw      Atletico MG x Chapecoense          @5.50  1-1 RED R$-216
   16:30 Draw      Sporting Lisbon x Arouca           @8.60  2-2 RED R$-216
   17:00 Home      Zamora FC x Metropolitanos         @3.75  —
   17:00 Over 4.5  Zamora FC x Metropolitanos         @18.00 —
   21:30 Home      Kansas City x Philadelphia         @5.50  —
sem gatilho.
2026-09-19 23:25 | banca R$ 4327 (composta (pagina 02, 743 jogos ate 2026-09-19)) | liquidados 27/30 | 21G/6R | P&L R$ -807.42 (-18.7%)
   08:30 0x3       Rochdale x Oldham                  @24.00 2-0 GREEN R$+18
   08:30 2x2       Stoke x Sheff Utd                  @16.00 2-1 GREEN R$+27
   09:00 0x3       Sociedad B x Mallorca              @24.00 0-1 GREEN R$+18
   09:00 2x2       Osasuna x Rayo Vallecano           @16.00 1-1 GREEN R$+27
   09:30 Home      Zorya x Dynamo Kiev                @6.20  0-2 GREEN R$+40
   10:00 Home      SK Artis Brno x Slovan Liberec     @6.20  0-0 GREEN R$+40
   10:30 0x3       Septemvri x Botev Plovdiv          @23.00 0-3 RED R$-433
   11:00 Home      Gateshead x Southend               @6.60  AO Away Win GREEN R$+37
   11:00 Home      Bromley x Huddersfield             @6.20  2-1 RED R$-216
   11:00 Draw      Sariyer G.K. x Boluspor            @7.40  2-1 GREEN R$+32
   11:00 Home      Kristiansund x Rosenborg           @5.90  1-3 GREEN R$+42
   11:00 Draw      Cove Rangers x Ross Co             @6.20  0-2 GREEN R$+40
   11:00 2x2       Luton x Bradford                   @16.50 0-1 GREEN R$+27
   11:00 Draw      Hamilton x Queen of South          @7.40  AO Home Win GREEN R$+32
   12:00 Draw      FK Novi Pazar x Zemun              @5.70  2-2 RED R$-216
   12:30 Home      Orgryte x Sirius                   @7.00  1-2 GREEN R$+34
   13:30 Draw      Zrinjski x Fk Velez Mostar         @6.40  2-0 GREEN R$+38
   14:00 Home      Maccabi Netanya x Maccabi Tel Aviv @5.90  1-2 GREEN R$+42
   14:00 Draw      Maccabi Haifa x Ironi Tiberias     @7.40  3-2 GREEN R$+32
   15:00 Draw      Ajax x Excelsior                   @8.20  2-2 RED R$-216
   15:30 Home      KFC Komarno x Slovan Bratislava    @5.90  1-2 GREEN R$+42
   15:30 Home      Cerro x Penarol                    @8.20  1-2 GREEN R$+29
   15:45 Draw      Sligo Rovers x St Patricks         @5.70  0-1 GREEN R$+44
   16:00 Draw      Sevilla x Barcelona                @7.60  1-3 GREEN R$+31
   16:00 Draw      Millonarios x Boyaca Chico         @6.60  3-0 GREEN R$+37
   16:00 Draw      Atletico MG x Chapecoense          @5.50  1-1 RED R$-216
   16:30 Draw      Sporting Lisbon x Arouca           @8.60  2-2 RED R$-216
   17:00 Home      Zamora FC x Metropolitanos         @3.75  —
   17:00 Over 4.5  Zamora FC x Metropolitanos         @18.00 —
   21:30 Home      Kansas City x Philadelphia         @5.50  —
sem gatilho.
2026-09-19 23:30 | banca R$ 4327 (composta (pagina 02, 743 jogos ate 2026-09-19)) | liquidados 27/30 | 21G/6R | P&L R$ -807.42 (-18.7%)
   08:30 0x3       Rochdale x Oldham                  @24.00 2-0 GREEN R$+18
   08:30 2x2       Stoke x Sheff Utd                  @16.00 2-1 GREEN R$+27
   09:00 0x3       Sociedad B x Mallorca              @24.00 0-1 GREEN R$+18
   09:00 2x2       Osasuna x Rayo Vallecano           @16.00 1-1 GREEN R$+27
   09:30 Home      Zorya x Dynamo Kiev                @6.20  0-2 GREEN R$+40
   10:00 Home      SK Artis Brno x Slovan Liberec     @6.20  0-0 GREEN R$+40
   10:30 0x3       Septemvri x Botev Plovdiv          @23.00 0-3 RED R$-433
   11:00 Home      Gateshead x Southend               @6.60  AO Away Win GREEN R$+37
   11:00 Home      Bromley x Huddersfield             @6.20  2-1 RED R$-216
   11:00 Draw      Sariyer G.K. x Boluspor            @7.40  2-1 GREEN R$+32
   11:00 Home      Kristiansund x Rosenborg           @5.90  1-3 GREEN R$+42
   11:00 Draw      Cove Rangers x Ross Co             @6.20  0-2 GREEN R$+40
   11:00 2x2       Luton x Bradford                   @16.50 0-1 GREEN R$+27
   11:00 Draw      Hamilton x Queen of South          @7.40  AO Home Win GREEN R$+32
   12:00 Draw      FK Novi Pazar x Zemun              @5.70  2-2 RED R$-216
   12:30 Home      Orgryte x Sirius                   @7.00  1-2 GREEN R$+34
   13:30 Draw      Zrinjski x Fk Velez Mostar         @6.40  2-0 GREEN R$+38
   14:00 Home      Maccabi Netanya x Maccabi Tel Aviv @5.90  1-2 GREEN R$+42
   14:00 Draw      Maccabi Haifa x Ironi Tiberias     @7.40  3-2 GREEN R$+32
   15:00 Draw      Ajax x Excelsior                   @8.20  2-2 RED R$-216
   15:30 Home      KFC Komarno x Slovan Bratislava    @5.90  1-2 GREEN R$+42
   15:30 Home      Cerro x Penarol                    @8.20  1-2 GREEN R$+29
   15:45 Draw      Sligo Rovers x St Patricks         @5.70  0-1 GREEN R$+44
   16:00 Draw      Sevilla x Barcelona                @7.60  1-3 GREEN R$+31
   16:00 Draw      Millonarios x Boyaca Chico         @6.60  3-0 GREEN R$+37
   16:00 Draw      Atletico MG x Chapecoense          @5.50  1-1 RED R$-216
   16:30 Draw      Sporting Lisbon x Arouca           @8.60  2-2 RED R$-216
   17:00 Home      Zamora FC x Metropolitanos         @3.75  —
   17:00 Over 4.5  Zamora FC x Metropolitanos         @18.00 —
   21:30 Home      Kansas City x Philadelphia         @5.50  —
sem gatilho.
2026-09-19 23:35 | banca R$ 4327 (composta (pagina 02, 743 jogos ate 2026-09-19)) | liquidados 27/30 | 21G/6R | P&L R$ -807.42 (-18.7%)
   08:30 0x3       Rochdale x Oldham                  @24.00 2-0 GREEN R$+18
   08:30 2x2       Stoke x Sheff Utd                  @16.00 2-1 GREEN R$+27
   09:00 0x3       Sociedad B x Mallorca              @24.00 0-1 GREEN R$+18
   09:00 2x2       Osasuna x Rayo Vallecano           @16.00 1-1 GREEN R$+27
   09:30 Home      Zorya x Dynamo Kiev                @6.20  0-2 GREEN R$+40
   10:00 Home      SK Artis Brno x Slovan Liberec     @6.20  0-0 GREEN R$+40
   10:30 0x3       Septemvri x Botev Plovdiv          @23.00 0-3 RED R$-433
   11:00 Home      Gateshead x Southend               @6.60  AO Away Win GREEN R$+37
   11:00 Home      Bromley x Huddersfield             @6.20  2-1 RED R$-216
   11:00 Draw      Sariyer G.K. x Boluspor            @7.40  2-1 GREEN R$+32
   11:00 Home      Kristiansund x Rosenborg           @5.90  1-3 GREEN R$+42
   11:00 Draw      Cove Rangers x Ross Co             @6.20  0-2 GREEN R$+40
   11:00 2x2       Luton x Bradford                   @16.50 0-1 GREEN R$+27
   11:00 Draw      Hamilton x Queen of South          @7.40  AO Home Win GREEN R$+32
   12:00 Draw      FK Novi Pazar x Zemun              @5.70  2-2 RED R$-216
   12:30 Home      Orgryte x Sirius                   @7.00  1-2 GREEN R$+34
   13:30 Draw      Zrinjski x Fk Velez Mostar         @6.40  2-0 GREEN R$+38
   14:00 Home      Maccabi Netanya x Maccabi Tel Aviv @5.90  1-2 GREEN R$+42
   14:00 Draw      Maccabi Haifa x Ironi Tiberias     @7.40  3-2 GREEN R$+32
   15:00 Draw      Ajax x Excelsior                   @8.20  2-2 RED R$-216
   15:30 Home      KFC Komarno x Slovan Bratislava    @5.90  1-2 GREEN R$+42
   15:30 Home      Cerro x Penarol                    @8.20  1-2 GREEN R$+29
   15:45 Draw      Sligo Rovers x St Patricks         @5.70  0-1 GREEN R$+44
   16:00 Draw      Sevilla x Barcelona                @7.60  1-3 GREEN R$+31
   16:00 Draw      Millonarios x Boyaca Chico         @6.60  3-0 GREEN R$+37
   16:00 Draw      Atletico MG x Chapecoense          @5.50  1-1 RED R$-216
   16:30 Draw      Sporting Lisbon x Arouca           @8.60  2-2 RED R$-216
   17:00 Home      Zamora FC x Metropolitanos         @3.75  —
   17:00 Over 4.5  Zamora FC x Metropolitanos         @18.00 —
   21:30 Home      Kansas City x Philadelphia         @5.50  —
sem gatilho.
2026-09-19 23:40 | banca R$ 4327 (composta (pagina 02, 743 jogos ate 2026-09-19)) | liquidados 27/30 | 21G/6R | P&L R$ -807.42 (-18.7%)
   08:30 0x3       Rochdale x Oldham                  @24.00 2-0 GREEN R$+18
   08:30 2x2       Stoke x Sheff Utd                  @16.00 2-1 GREEN R$+27
   09:00 0x3       Sociedad B x Mallorca              @24.00 0-1 GREEN R$+18
   09:00 2x2       Osasuna x Rayo Vallecano           @16.00 1-1 GREEN R$+27
   09:30 Home      Zorya x Dynamo Kiev                @6.20  0-2 GREEN R$+40
   10:00 Home      SK Artis Brno x Slovan Liberec     @6.20  0-0 GREEN R$+40
   10:30 0x3       Septemvri x Botev Plovdiv          @23.00 0-3 RED R$-433
   11:00 Home      Gateshead x Southend               @6.60  AO Away Win GREEN R$+37
   11:00 Home      Bromley x Huddersfield             @6.20  2-1 RED R$-216
   11:00 Draw      Sariyer G.K. x Boluspor            @7.40  2-1 GREEN R$+32
   11:00 Home      Kristiansund x Rosenborg           @5.90  1-3 GREEN R$+42
   11:00 Draw      Cove Rangers x Ross Co             @6.20  0-2 GREEN R$+40
   11:00 2x2       Luton x Bradford                   @16.50 0-1 GREEN R$+27
   11:00 Draw      Hamilton x Queen of South          @7.40  AO Home Win GREEN R$+32
   12:00 Draw      FK Novi Pazar x Zemun              @5.70  2-2 RED R$-216
   12:30 Home      Orgryte x Sirius                   @7.00  1-2 GREEN R$+34
   13:30 Draw      Zrinjski x Fk Velez Mostar         @6.40  2-0 GREEN R$+38
   14:00 Home      Maccabi Netanya x Maccabi Tel Aviv @5.90  1-2 GREEN R$+42
   14:00 Draw      Maccabi Haifa x Ironi Tiberias     @7.40  3-2 GREEN R$+32
   15:00 Draw      Ajax x Excelsior                   @8.20  2-2 RED R$-216
   15:30 Home      KFC Komarno x Slovan Bratislava    @5.90  1-2 GREEN R$+42
   15:30 Home      Cerro x Penarol                    @8.20  1-2 GREEN R$+29
   15:45 Draw      Sligo Rovers x St Patricks         @5.70  0-1 GREEN R$+44
   16:00 Draw      Sevilla x Barcelona                @7.60  1-3 GREEN R$+31
   16:00 Draw      Millonarios x Boyaca Chico         @6.60  3-0 GREEN R$+37
   16:00 Draw      Atletico MG x Chapecoense          @5.50  1-1 RED R$-216
   16:30 Draw      Sporting Lisbon x Arouca           @8.60  2-2 RED R$-216
   17:00 Home      Zamora FC x Metropolitanos         @3.75  —
   17:00 Over 4.5  Zamora FC x Metropolitanos         @18.00 —
   21:30 Home      Kansas City x Philadelphia         @5.50  —
sem gatilho.
2026-09-19 23:45 | banca R$ 4327 (composta (pagina 02, 743 jogos ate 2026-09-19)) | liquidados 27/30 | 21G/6R | P&L R$ -807.42 (-18.7%)
   08:30 0x3       Rochdale x Oldham                  @24.00 2-0 GREEN R$+18
   08:30 2x2       Stoke x Sheff Utd                  @16.00 2-1 GREEN R$+27
   09:00 0x3       Sociedad B x Mallorca              @24.00 0-1 GREEN R$+18
   09:00 2x2       Osasuna x Rayo Vallecano           @16.00 1-1 GREEN R$+27
   09:30 Home      Zorya x Dynamo Kiev                @6.20  0-2 GREEN R$+40
   10:00 Home      SK Artis Brno x Slovan Liberec     @6.20  0-0 GREEN R$+40
   10:30 0x3       Septemvri x Botev Plovdiv          @23.00 0-3 RED R$-433
   11:00 Home      Gateshead x Southend               @6.60  AO Away Win GREEN R$+37
   11:00 Home      Bromley x Huddersfield             @6.20  2-1 RED R$-216
   11:00 Draw      Sariyer G.K. x Boluspor            @7.40  2-1 GREEN R$+32
   11:00 Home      Kristiansund x Rosenborg           @5.90  1-3 GREEN R$+42
   11:00 Draw      Cove Rangers x Ross Co             @6.20  0-2 GREEN R$+40
   11:00 2x2       Luton x Bradford                   @16.50 0-1 GREEN R$+27
   11:00 Draw      Hamilton x Queen of South          @7.40  AO Home Win GREEN R$+32
   12:00 Draw      FK Novi Pazar x Zemun              @5.70  2-2 RED R$-216
   12:30 Home      Orgryte x Sirius                   @7.00  1-2 GREEN R$+34
   13:30 Draw      Zrinjski x Fk Velez Mostar         @6.40  2-0 GREEN R$+38
   14:00 Home      Maccabi Netanya x Maccabi Tel Aviv @5.90  1-2 GREEN R$+42
   14:00 Draw      Maccabi Haifa x Ironi Tiberias     @7.40  3-2 GREEN R$+32
   15:00 Draw      Ajax x Excelsior                   @8.20  2-2 RED R$-216
   15:30 Home      KFC Komarno x Slovan Bratislava    @5.90  1-2 GREEN R$+42
   15:30 Home      Cerro x Penarol                    @8.20  1-2 GREEN R$+29
   15:45 Draw      Sligo Rovers x St Patricks         @5.70  0-1 GREEN R$+44
   16:00 Draw      Sevilla x Barcelona                @7.60  1-3 GREEN R$+31
   16:00 Draw      Millonarios x Boyaca Chico         @6.60  3-0 GREEN R$+37
   16:00 Draw      Atletico MG x Chapecoense          @5.50  1-1 RED R$-216
   16:30 Draw      Sporting Lisbon x Arouca           @8.60  2-2 RED R$-216
   17:00 Home      Zamora FC x Metropolitanos         @3.75  —
   17:00 Over 4.5  Zamora FC x Metropolitanos         @18.00 —
   21:30 Home      Kansas City x Philadelphia         @5.50  —
sem gatilho.
2026-09-19 23:50 | banca R$ 4327 (composta (pagina 02, 743 jogos ate 2026-09-19)) | liquidados 27/30 | 21G/6R | P&L R$ -807.42 (-18.7%)
   08:30 0x3       Rochdale x Oldham                  @24.00 2-0 GREEN R$+18
   08:30 2x2       Stoke x Sheff Utd                  @16.00 2-1 GREEN R$+27
   09:00 0x3       Sociedad B x Mallorca              @24.00 0-1 GREEN R$+18
   09:00 2x2       Osasuna x Rayo Vallecano           @16.00 1-1 GREEN R$+27
   09:30 Home      Zorya x Dynamo Kiev                @6.20  0-2 GREEN R$+40
   10:00 Home      SK Artis Brno x Slovan Liberec     @6.20  0-0 GREEN R$+40
   10:30 0x3       Septemvri x Botev Plovdiv          @23.00 0-3 RED R$-433
   11:00 Home      Gateshead x Southend               @6.60  AO Away Win GREEN R$+37
   11:00 Home      Bromley x Huddersfield             @6.20  2-1 RED R$-216
   11:00 Draw      Sariyer G.K. x Boluspor            @7.40  2-1 GREEN R$+32
   11:00 Home      Kristiansund x Rosenborg           @5.90  1-3 GREEN R$+42
   11:00 Draw      Cove Rangers x Ross Co             @6.20  0-2 GREEN R$+40
   11:00 2x2       Luton x Bradford                   @16.50 0-1 GREEN R$+27
   11:00 Draw      Hamilton x Queen of South          @7.40  AO Home Win GREEN R$+32
   12:00 Draw      FK Novi Pazar x Zemun              @5.70  2-2 RED R$-216
   12:30 Home      Orgryte x Sirius                   @7.00  1-2 GREEN R$+34
   13:30 Draw      Zrinjski x Fk Velez Mostar         @6.40  2-0 GREEN R$+38
   14:00 Home      Maccabi Netanya x Maccabi Tel Aviv @5.90  1-2 GREEN R$+42
   14:00 Draw      Maccabi Haifa x Ironi Tiberias     @7.40  3-2 GREEN R$+32
   15:00 Draw      Ajax x Excelsior                   @8.20  2-2 RED R$-216
   15:30 Home      KFC Komarno x Slovan Bratislava    @5.90  1-2 GREEN R$+42
   15:30 Home      Cerro x Penarol                    @8.20  1-2 GREEN R$+29
   15:45 Draw      Sligo Rovers x St Patricks         @5.70  0-1 GREEN R$+44
   16:00 Draw      Sevilla x Barcelona                @7.60  1-3 GREEN R$+31
   16:00 Draw      Millonarios x Boyaca Chico         @6.60  3-0 GREEN R$+37
   16:00 Draw      Atletico MG x Chapecoense          @5.50  1-1 RED R$-216
   16:30 Draw      Sporting Lisbon x Arouca           @8.60  2-2 RED R$-216
   17:00 Home      Zamora FC x Metropolitanos         @3.75  —
   17:00 Over 4.5  Zamora FC x Metropolitanos         @18.00 —
   21:30 Home      Kansas City x Philadelphia         @5.50  —
sem gatilho.
2026-09-19 23:55 | banca R$ 4327 (composta (pagina 02, 743 jogos ate 2026-09-19)) | liquidados 27/30 | 21G/6R | P&L R$ -807.42 (-18.7%)
   08:30 0x3       Rochdale x Oldham                  @24.00 2-0 GREEN R$+18
   08:30 2x2       Stoke x Sheff Utd                  @16.00 2-1 GREEN R$+27
   09:00 0x3       Sociedad B x Mallorca              @24.00 0-1 GREEN R$+18
   09:00 2x2       Osasuna x Rayo Vallecano           @16.00 1-1 GREEN R$+27
   09:30 Home      Zorya x Dynamo Kiev                @6.20  0-2 GREEN R$+40
   10:00 Home      SK Artis Brno x Slovan Liberec     @6.20  0-0 GREEN R$+40
   10:30 0x3       Septemvri x Botev Plovdiv          @23.00 0-3 RED R$-433
   11:00 Home      Gateshead x Southend               @6.60  AO Away Win GREEN R$+37
   11:00 Home      Bromley x Huddersfield             @6.20  2-1 RED R$-216
   11:00 Draw      Sariyer G.K. x Boluspor            @7.40  2-1 GREEN R$+32
   11:00 Home      Kristiansund x Rosenborg           @5.90  1-3 GREEN R$+42
   11:00 Draw      Cove Rangers x Ross Co             @6.20  0-2 GREEN R$+40
   11:00 2x2       Luton x Bradford                   @16.50 0-1 GREEN R$+27
   11:00 Draw      Hamilton x Queen of South          @7.40  AO Home Win GREEN R$+32
   12:00 Draw      FK Novi Pazar x Zemun              @5.70  2-2 RED R$-216
   12:30 Home      Orgryte x Sirius                   @7.00  1-2 GREEN R$+34
   13:30 Draw      Zrinjski x Fk Velez Mostar         @6.40  2-0 GREEN R$+38
   14:00 Home      Maccabi Netanya x Maccabi Tel Aviv @5.90  1-2 GREEN R$+42
   14:00 Draw      Maccabi Haifa x Ironi Tiberias     @7.40  3-2 GREEN R$+32
   15:00 Draw      Ajax x Excelsior                   @8.20  2-2 RED R$-216
   15:30 Home      KFC Komarno x Slovan Bratislava    @5.90  1-2 GREEN R$+42
   15:30 Home      Cerro x Penarol                    @8.20  1-2 GREEN R$+29
   15:45 Draw      Sligo Rovers x St Patricks         @5.70  0-1 GREEN R$+44
   16:00 Draw      Sevilla x Barcelona                @7.60  1-3 GREEN R$+31
   16:00 Draw      Millonarios x Boyaca Chico         @6.60  3-0 GREEN R$+37
   16:00 Draw      Atletico MG x Chapecoense          @5.50  1-1 RED R$-216
   16:30 Draw      Sporting Lisbon x Arouca           @8.60  2-2 RED R$-216
   17:00 Home      Zamora FC x Metropolitanos         @3.75  —
   17:00 Over 4.5  Zamora FC x Metropolitanos         @18.00 —
   21:30 Home      Kansas City x Philadelphia         @5.50  —
sem gatilho.
  planilha do dia gerada agora (06:10): 41 sinais
2026-09-20 06:10 | banca R$ 4001 (composta (pagina 02, 749 jogos ate 2026-09-20)) | liquidados 0/41 | 0G/0R | P&L R$ +0.00 (+0.0%)
   07:15 Draw      Feyenoord x FC Utrecht             @6.60  —
   08:30 Home      Antwerp x Union St Gilloise        @6.00  —
   09:30 Draw      Az Alkmaar x SC Telstar            @7.60  —
   09:30 Draw      Hartberg x LASK Linz               @6.40  —
   10:00 Draw      Marumo Gallants FC x Orlando Pirat @5.20  —
   10:00 0x3       NK Bravo x Olimpija                @26.00 —
   10:00 2x2       Frosinone x Como                   @17.00 —
   10:00 Home      Frosinone x Como                   @6.60  —
   10:00 Over 4.5  Milford x Durban City              @19.50 —
   10:00 Draw      Man City x Sunderland              @6.00  —
   11:00 Draw      Trans Narva x FCI Tallinn          @8.40  —
   11:00 Draw      Ponte Preta x CRB                  @6.40  —
   11:00 Draw      Levadiakos x Olympiakos            @5.60  —
   11:00 0x3       Gremio x SE Palmeiras              @23.00 —
   11:00 Draw      Fenerbahce x Eyupspor              @9.20  —
   11:30 Draw      Degerfors x Hammarby               @6.20  —
   11:45 Home      Lokomotiv Plovdiv x CSKA Sofia     @8.00  —
   12:00 Draw      Haugesund x Strommen               @6.60  —
   12:00 Home      Siroki Brijeg x Borac Banja Luka   @7.20  —
   12:00 Home      Raufoss x Stromsgodset             @9.80  —
   12:00 Draw      Raufoss x Stromsgodset             @7.40  —
   12:00 Draw      Stabaek x Sogndal                  @7.20  —
   12:00 Draw      Kongsvinger x Hodd                 @7.40  —
   12:00 Draw      NFC Volos x AEK Athens             @6.20  —
   13:00 Draw      Omonia x Digenis Ypsona            @8.80  —
   13:30 Draw      Kalamata x Panathinaikos           @6.20  —
   14:00 Draw      Crvena Zvezda x Radnicki Nis       @9.80  —
   14:15 Home      Brann x Bodo Glimt                 @5.10  —
   15:00 Home      Panaitolikos x PAOK                @7.40  —
   15:00 Draw      Sport Huancayo x UTC Cajamarca     @5.90  —
   15:00 Draw      Dinamo Zagreb x Lokomotiva         @8.40  —
   15:15 Draw      Lech Poznan x Radomiak Radom       @6.20  —
   15:45 Draw      AC Milan x Lecce                   @6.40  —
   15:45 Home      Marseille x Paris St-G             @7.20  —
   16:00 2x2       Valencia x Real Sociedad           @16.50 —
   16:00 Home      Sportivo San Lorenzo x Olimpia     @9.60  —
   17:00 Over 4.5  CA Platense x Newells              @19.50 —
   18:30 Draw      Flamengo x Red Bull Bragantino     @5.70  —
   20:00 2x2       Inter Miami CF x San Diego FC      @17.00 —
   21:00 Draw      Toluca x Santos Laguna             @7.60  —
   21:30 Over 4.5  Velez Sarsfield x Tigre            @20.00 —
sem gatilho.
2026-09-20 06:15 | banca R$ 4001 (composta (pagina 02, 749 jogos ate 2026-09-20)) | liquidados 0/41 | 0G/0R | P&L R$ +0.00 (+0.0%)
   07:15 Draw      Feyenoord x FC Utrecht             @6.60  —
   08:30 Home      Antwerp x Union St Gilloise        @6.00  —
   09:30 Draw      Az Alkmaar x SC Telstar            @7.60  —
   09:30 Draw      Hartberg x LASK Linz               @6.40  —
   10:00 Draw      Marumo Gallants FC x Orlando Pirat @5.20  —
   10:00 0x3       NK Bravo x Olimpija                @26.00 —
   10:00 2x2       Frosinone x Como                   @17.00 —
   10:00 Home      Frosinone x Como                   @6.60  —
   10:00 Over 4.5  Milford x Durban City              @19.50 —
   10:00 Draw      Man City x Sunderland              @6.00  —
   11:00 Draw      Trans Narva x FCI Tallinn          @8.40  —
   11:00 Draw      Ponte Preta x CRB                  @6.40  —
   11:00 Draw      Levadiakos x Olympiakos            @5.60  —
   11:00 0x3       Gremio x SE Palmeiras              @23.00 —
   11:00 Draw      Fenerbahce x Eyupspor              @9.20  —
   11:30 Draw      Degerfors x Hammarby               @6.20  —
   11:45 Home      Lokomotiv Plovdiv x CSKA Sofia     @8.00  —
   12:00 Draw      Haugesund x Strommen               @6.60  —
   12:00 Home      Siroki Brijeg x Borac Banja Luka   @7.20  —
   12:00 Home      Raufoss x Stromsgodset             @9.80  —
   12:00 Draw      Raufoss x Stromsgodset             @7.40  —
   12:00 Draw      Stabaek x Sogndal                  @7.20  —
   12:00 Draw      Kongsvinger x Hodd                 @7.40  —
   12:00 Draw      NFC Volos x AEK Athens             @6.20  —
   13:00 Draw      Omonia x Digenis Ypsona            @8.80  —
   13:30 Draw      Kalamata x Panathinaikos           @6.20  —
   14:00 Draw      Crvena Zvezda x Radnicki Nis       @9.80  —
   14:15 Home      Brann x Bodo Glimt                 @5.10  —
   15:00 Home      Panaitolikos x PAOK                @7.40  —
   15:00 Draw      Sport Huancayo x UTC Cajamarca     @5.90  —
   15:00 Draw      Dinamo Zagreb x Lokomotiva         @8.40  —
   15:15 Draw      Lech Poznan x Radomiak Radom       @6.20  —
   15:45 Draw      AC Milan x Lecce                   @6.40  —
   15:45 Home      Marseille x Paris St-G             @7.20  —
   16:00 2x2       Valencia x Real Sociedad           @16.50 —
   16:00 Home      Sportivo San Lorenzo x Olimpia     @9.60  —
   17:00 Over 4.5  CA Platense x Newells              @19.50 —
   18:30 Draw      Flamengo x Red Bull Bragantino     @5.70  —
   20:00 2x2       Inter Miami CF x San Diego FC      @17.00 —
   21:00 Draw      Toluca x Santos Laguna             @7.60  —
   21:30 Over 4.5  Velez Sarsfield x Tigre            @20.00 —
sem gatilho.
2026-09-20 06:20 | banca R$ 4001 (composta (pagina 02, 749 jogos ate 2026-09-20)) | liquidados 0/41 | 0G/0R | P&L R$ +0.00 (+0.0%)
   07:15 Draw      Feyenoord x FC Utrecht             @6.60  —
   08:30 Home      Antwerp x Union St Gilloise        @6.00  —
   09:30 Draw      Az Alkmaar x SC Telstar            @7.60  —
   09:30 Draw      Hartberg x LASK Linz               @6.40  —
   10:00 Draw      Marumo Gallants FC x Orlando Pirat @5.20  —
   10:00 0x3       NK Bravo x Olimpija                @26.00 —
   10:00 2x2       Frosinone x Como                   @17.00 —
   10:00 Home      Frosinone x Como                   @6.60  —
   10:00 Over 4.5  Milford x Durban City              @19.50 —
   10:00 Draw      Man City x Sunderland              @6.00  —
   11:00 Draw      Trans Narva x FCI Tallinn          @8.40  —
   11:00 Draw      Ponte Preta x CRB                  @6.40  —
   11:00 Draw      Levadiakos x Olympiakos            @5.60  —
   11:00 0x3       Gremio x SE Palmeiras              @23.00 —
   11:00 Draw      Fenerbahce x Eyupspor              @9.20  —
   11:30 Draw      Degerfors x Hammarby               @6.20  —
   11:45 Home      Lokomotiv Plovdiv x CSKA Sofia     @8.00  —
   12:00 Draw      Haugesund x Strommen               @6.60  —
   12:00 Home      Siroki Brijeg x Borac Banja Luka   @7.20  —
   12:00 Home      Raufoss x Stromsgodset             @9.80  —
   12:00 Draw      Raufoss x Stromsgodset             @7.40  —
   12:00 Draw      Stabaek x Sogndal                  @7.20  —
   12:00 Draw      Kongsvinger x Hodd                 @7.40  —
   12:00 Draw      NFC Volos x AEK Athens             @6.20  —
   13:00 Draw      Omonia x Digenis Ypsona            @8.80  —
   13:30 Draw      Kalamata x Panathinaikos           @6.20  —
   14:00 Draw      Crvena Zvezda x Radnicki Nis       @9.80  —
   14:15 Home      Brann x Bodo Glimt                 @5.10  —
   15:00 Home      Panaitolikos x PAOK                @7.40  —
   15:00 Draw      Sport Huancayo x UTC Cajamarca     @5.90  —
   15:00 Draw      Dinamo Zagreb x Lokomotiva         @8.40  —
   15:15 Draw      Lech Poznan x Radomiak Radom       @6.20  —
   15:45 Draw      AC Milan x Lecce                   @6.40  —
   15:45 Home      Marseille x Paris St-G             @7.20  —
   16:00 2x2       Valencia x Real Sociedad           @16.50 —
   16:00 Home      Sportivo San Lorenzo x Olimpia     @9.60  —
   17:00 Over 4.5  CA Platense x Newells              @19.50 —
   18:30 Draw      Flamengo x Red Bull Bragantino     @5.70  —
   20:00 2x2       Inter Miami CF x San Diego FC      @17.00 —
   21:00 Draw      Toluca x Santos Laguna             @7.60  —
   21:30 Over 4.5  Velez Sarsfield x Tigre            @20.00 —
sem gatilho.
2026-09-20 06:25 | banca R$ 4001 (composta (pagina 02, 749 jogos ate 2026-09-20)) | liquidados 0/41 | 0G/0R | P&L R$ +0.00 (+0.0%)
   07:15 Draw      Feyenoord x FC Utrecht             @6.60  —
   08:30 Home      Antwerp x Union St Gilloise        @6.00  —
   09:30 Draw      Az Alkmaar x SC Telstar            @7.60  —
   09:30 Draw      Hartberg x LASK Linz               @6.40  —
   10:00 Draw      Marumo Gallants FC x Orlando Pirat @5.20  —
   10:00 0x3       NK Bravo x Olimpija                @26.00 —
   10:00 2x2       Frosinone x Como                   @17.00 —
   10:00 Home      Frosinone x Como                   @6.60  —
   10:00 Over 4.5  Milford x Durban City              @19.50 —
   10:00 Draw      Man City x Sunderland              @6.00  —
   11:00 Draw      Trans Narva x FCI Tallinn          @8.40  —
   11:00 Draw      Ponte Preta x CRB                  @6.40  —
   11:00 Draw      Levadiakos x Olympiakos            @5.60  —
   11:00 0x3       Gremio x SE Palmeiras              @23.00 —
   11:00 Draw      Fenerbahce x Eyupspor              @9.20  —
   11:30 Draw      Degerfors x Hammarby               @6.20  —
   11:45 Home      Lokomotiv Plovdiv x CSKA Sofia     @8.00  —
   12:00 Draw      Haugesund x Strommen               @6.60  —
   12:00 Home      Siroki Brijeg x Borac Banja Luka   @7.20  —
   12:00 Home      Raufoss x Stromsgodset             @9.80  —
   12:00 Draw      Raufoss x Stromsgodset             @7.40  —
   12:00 Draw      Stabaek x Sogndal                  @7.20  —
   12:00 Draw      Kongsvinger x Hodd                 @7.40  —
   12:00 Draw      NFC Volos x AEK Athens             @6.20  —
   13:00 Draw      Omonia x Digenis Ypsona            @8.80  —
   13:30 Draw      Kalamata x Panathinaikos           @6.20  —
   14:00 Draw      Crvena Zvezda x Radnicki Nis       @9.80  —
   14:15 Home      Brann x Bodo Glimt                 @5.10  —
   15:00 Home      Panaitolikos x PAOK                @7.40  —
   15:00 Draw      Sport Huancayo x UTC Cajamarca     @5.90  —
   15:00 Draw      Dinamo Zagreb x Lokomotiva         @8.40  —
   15:15 Draw      Lech Poznan x Radomiak Radom       @6.20  —
   15:45 Draw      AC Milan x Lecce                   @6.40  —
   15:45 Home      Marseille x Paris St-G             @7.20  —
   16:00 2x2       Valencia x Real Sociedad           @16.50 —
   16:00 Home      Sportivo San Lorenzo x Olimpia     @9.60  —
   17:00 Over 4.5  CA Platense x Newells              @19.50 —
   18:30 Draw      Flamengo x Red Bull Bragantino     @5.70  —
   20:00 2x2       Inter Miami CF x San Diego FC      @17.00 —
   21:00 Draw      Toluca x Santos Laguna             @7.60  —
   21:30 Over 4.5  Velez Sarsfield x Tigre            @20.00 —
sem gatilho.
2026-09-20 06:30 | banca R$ 4001 (composta (pagina 02, 749 jogos ate 2026-09-20)) | liquidados 0/41 | 0G/0R | P&L R$ +0.00 (+0.0%)
   07:15 Draw      Feyenoord x FC Utrecht             @6.60  —
   08:30 Home      Antwerp x Union St Gilloise        @6.00  —
   09:30 Draw      Az Alkmaar x SC Telstar            @7.60  —
   09:30 Draw      Hartberg x LASK Linz               @6.40  —
   10:00 Draw      Marumo Gallants FC x Orlando Pirat @5.20  —
   10:00 0x3       NK Bravo x Olimpija                @26.00 —
   10:00 2x2       Frosinone x Como                   @17.00 —
   10:00 Home      Frosinone x Como                   @6.60  —
   10:00 Over 4.5  Milford x Durban City              @19.50 —
   10:00 Draw      Man City x Sunderland              @6.00  —
   11:00 Draw      Trans Narva x FCI Tallinn          @8.40  —
   11:00 Draw      Ponte Preta x CRB                  @6.40  —
   11:00 Draw      Levadiakos x Olympiakos            @5.60  —
   11:00 0x3       Gremio x SE Palmeiras              @23.00 —
   11:00 Draw      Fenerbahce x Eyupspor              @9.20  —
   11:30 Draw      Degerfors x Hammarby               @6.20  —
   11:45 Home      Lokomotiv Plovdiv x CSKA Sofia     @8.00  —
   12:00 Draw      Haugesund x Strommen               @6.60  —
   12:00 Home      Siroki Brijeg x Borac Banja Luka   @7.20  —
   12:00 Home      Raufoss x Stromsgodset             @9.80  —
   12:00 Draw      Raufoss x Stromsgodset             @7.40  —
   12:00 Draw      Stabaek x Sogndal                  @7.20  —
   12:00 Draw      Kongsvinger x Hodd                 @7.40  —
   12:00 Draw      NFC Volos x AEK Athens             @6.20  —
   13:00 Draw      Omonia x Digenis Ypsona            @8.80  —
   13:30 Draw      Kalamata x Panathinaikos           @6.20  —
   14:00 Draw      Crvena Zvezda x Radnicki Nis       @9.80  —
   14:15 Home      Brann x Bodo Glimt                 @5.10  —
   15:00 Home      Panaitolikos x PAOK                @7.40  —
   15:00 Draw      Sport Huancayo x UTC Cajamarca     @5.90  —
   15:00 Draw      Dinamo Zagreb x Lokomotiva         @8.40  —
   15:15 Draw      Lech Poznan x Radomiak Radom       @6.20  —
   15:45 Draw      AC Milan x Lecce                   @6.40  —
   15:45 Home      Marseille x Paris St-G             @7.20  —
   16:00 2x2       Valencia x Real Sociedad           @16.50 —
   16:00 Home      Sportivo San Lorenzo x Olimpia     @9.60  —
   17:00 Over 4.5  CA Platense x Newells              @19.50 —
   18:30 Draw      Flamengo x Red Bull Bragantino     @5.70  —
   20:00 2x2       Inter Miami CF x San Diego FC      @17.00 —
   21:00 Draw      Toluca x Santos Laguna             @7.60  —
   21:30 Over 4.5  Velez Sarsfield x Tigre            @20.00 —
sem gatilho.
2026-09-20 06:35 | banca R$ 4001 (composta (pagina 02, 749 jogos ate 2026-09-20)) | liquidados 0/41 | 0G/0R | P&L R$ +0.00 (+0.0%)
   07:15 Draw      Feyenoord x FC Utrecht             @6.60  —
   08:30 Home      Antwerp x Union St Gilloise        @6.00  —
   09:30 Draw      Az Alkmaar x SC Telstar            @7.60  —
   09:30 Draw      Hartberg x LASK Linz               @6.40  —
   10:00 Draw      Marumo Gallants FC x Orlando Pirat @5.20  —
   10:00 0x3       NK Bravo x Olimpija                @26.00 —
   10:00 2x2       Frosinone x Como                   @17.00 —
   10:00 Home      Frosinone x Como                   @6.60  —
   10:00 Over 4.5  Milford x Durban City              @19.50 —
   10:00 Draw      Man City x Sunderland              @6.00  —
   11:00 Draw      Trans Narva x FCI Tallinn          @8.40  —
   11:00 Draw      Ponte Preta x CRB                  @6.40  —
   11:00 Draw      Levadiakos x Olympiakos            @5.60  —
   11:00 0x3       Gremio x SE Palmeiras              @23.00 —
   11:00 Draw      Fenerbahce x Eyupspor              @9.20  —
   11:30 Draw      Degerfors x Hammarby               @6.20  —
   11:45 Home      Lokomotiv Plovdiv x CSKA Sofia     @8.00  —
   12:00 Draw      Haugesund x Strommen               @6.60  —
   12:00 Home      Siroki Brijeg x Borac Banja Luka   @7.20  —
   12:00 Home      Raufoss x Stromsgodset             @9.80  —
   12:00 Draw      Raufoss x Stromsgodset             @7.40  —
   12:00 Draw      Stabaek x Sogndal                  @7.20  —
   12:00 Draw      Kongsvinger x Hodd                 @7.40  —
   12:00 Draw      NFC Volos x AEK Athens             @6.20  —
   13:00 Draw      Omonia x Digenis Ypsona            @8.80  —
   13:30 Draw      Kalamata x Panathinaikos           @6.20  —
   14:00 Draw      Crvena Zvezda x Radnicki Nis       @9.80  —
   14:15 Home      Brann x Bodo Glimt                 @5.10  —
   15:00 Home      Panaitolikos x PAOK                @7.40  —
   15:00 Draw      Sport Huancayo x UTC Cajamarca     @5.90  —
   15:00 Draw      Dinamo Zagreb x Lokomotiva         @8.40  —
   15:15 Draw      Lech Poznan x Radomiak Radom       @6.20  —
   15:45 Draw      AC Milan x Lecce                   @6.40  —
   15:45 Home      Marseille x Paris St-G             @7.20  —
   16:00 2x2       Valencia x Real Sociedad           @16.50 —
   16:00 Home      Sportivo San Lorenzo x Olimpia     @9.60  —
   17:00 Over 4.5  CA Platense x Newells              @19.50 —
   18:30 Draw      Flamengo x Red Bull Bragantino     @5.70  —
   20:00 2x2       Inter Miami CF x San Diego FC      @17.00 —
   21:00 Draw      Toluca x Santos Laguna             @7.60  —
   21:30 Over 4.5  Velez Sarsfield x Tigre            @20.00 —
sem gatilho.
2026-09-20 06:40 | banca R$ 4001 (composta (pagina 02, 749 jogos ate 2026-09-20)) | liquidados 0/41 | 0G/0R | P&L R$ +0.00 (+0.0%)
   07:15 Draw      Feyenoord x FC Utrecht             @6.60  —
   08:30 Home      Antwerp x Union St Gilloise        @6.00  —
   09:30 Draw      Az Alkmaar x SC Telstar            @7.60  —
   09:30 Draw      Hartberg x LASK Linz               @6.40  —
   10:00 Draw      Marumo Gallants FC x Orlando Pirat @5.20  —
   10:00 0x3       NK Bravo x Olimpija                @26.00 —
   10:00 2x2       Frosinone x Como                   @17.00 —
   10:00 Home      Frosinone x Como                   @6.60  —
   10:00 Over 4.5  Milford x Durban City              @19.50 —
   10:00 Draw      Man City x Sunderland              @6.00  —
   11:00 Draw      Trans Narva x FCI Tallinn          @8.40  —
   11:00 Draw      Ponte Preta x CRB                  @6.40  —
   11:00 Draw      Levadiakos x Olympiakos            @5.60  —
   11:00 0x3       Gremio x SE Palmeiras              @23.00 —
   11:00 Draw      Fenerbahce x Eyupspor              @9.20  —
   11:30 Draw      Degerfors x Hammarby               @6.20  —
   11:45 Home      Lokomotiv Plovdiv x CSKA Sofia     @8.00  —
   12:00 Draw      Haugesund x Strommen               @6.60  —
   12:00 Home      Siroki Brijeg x Borac Banja Luka   @7.20  —
   12:00 Home      Raufoss x Stromsgodset             @9.80  —
   12:00 Draw      Raufoss x Stromsgodset             @7.40  —
   12:00 Draw      Stabaek x Sogndal                  @7.20  —
   12:00 Draw      Kongsvinger x Hodd                 @7.40  —
   12:00 Draw      NFC Volos x AEK Athens             @6.20  —
   13:00 Draw      Omonia x Digenis Ypsona            @8.80  —
   13:30 Draw      Kalamata x Panathinaikos           @6.20  —
   14:00 Draw      Crvena Zvezda x Radnicki Nis       @9.80  —
   14:15 Home      Brann x Bodo Glimt                 @5.10  —
   15:00 Home      Panaitolikos x PAOK                @7.40  —
   15:00 Draw      Sport Huancayo x UTC Cajamarca     @5.90  —
   15:00 Draw      Dinamo Zagreb x Lokomotiva         @8.40  —
   15:15 Draw      Lech Poznan x Radomiak Radom       @6.20  —
   15:45 Draw      AC Milan x Lecce                   @6.40  —
   15:45 Home      Marseille x Paris St-G             @7.20  —
   16:00 2x2       Valencia x Real Sociedad           @16.50 —
   16:00 Home      Sportivo San Lorenzo x Olimpia     @9.60  —
   17:00 Over 4.5  CA Platense x Newells              @19.50 —
   18:30 Draw      Flamengo x Red Bull Bragantino     @5.70  —
   20:00 2x2       Inter Miami CF x San Diego FC      @17.00 —
   21:00 Draw      Toluca x Santos Laguna             @7.60  —
   21:30 Over 4.5  Velez Sarsfield x Tigre            @20.00 —
sem gatilho.
2026-09-20 06:45 | banca R$ 4001 (composta (pagina 02, 749 jogos ate 2026-09-20)) | liquidados 0/41 | 0G/0R | P&L R$ +0.00 (+0.0%)
   07:15 Draw      Feyenoord x FC Utrecht             @6.60  —
   08:30 Home      Antwerp x Union St Gilloise        @6.00  —
   09:30 Draw      Az Alkmaar x SC Telstar            @7.60  —
   09:30 Draw      Hartberg x LASK Linz               @6.40  —
   10:00 Draw      Marumo Gallants FC x Orlando Pirat @5.20  —
   10:00 0x3       NK Bravo x Olimpija                @26.00 —
   10:00 2x2       Frosinone x Como                   @17.00 —
   10:00 Home      Frosinone x Como                   @6.60  —
   10:00 Over 4.5  Milford x Durban City              @19.50 —
   10:00 Draw      Man City x Sunderland              @6.00  —
   11:00 Draw      Trans Narva x FCI Tallinn          @8.40  —
   11:00 Draw      Ponte Preta x CRB                  @6.40  —
   11:00 Draw      Levadiakos x Olympiakos            @5.60  —
   11:00 0x3       Gremio x SE Palmeiras              @23.00 —
   11:00 Draw      Fenerbahce x Eyupspor              @9.20  —
   11:30 Draw      Degerfors x Hammarby               @6.20  —
   11:45 Home      Lokomotiv Plovdiv x CSKA Sofia     @8.00  —
   12:00 Draw      Haugesund x Strommen               @6.60  —
   12:00 Home      Siroki Brijeg x Borac Banja Luka   @7.20  —
   12:00 Home      Raufoss x Stromsgodset             @9.80  —
   12:00 Draw      Raufoss x Stromsgodset             @7.40  —
   12:00 Draw      Stabaek x Sogndal                  @7.20  —
   12:00 Draw      Kongsvinger x Hodd                 @7.40  —
   12:00 Draw      NFC Volos x AEK Athens             @6.20  —
   13:00 Draw      Omonia x Digenis Ypsona            @8.80  —
   13:30 Draw      Kalamata x Panathinaikos           @6.20  —
   14:00 Draw      Crvena Zvezda x Radnicki Nis       @9.80  —
   14:15 Home      Brann x Bodo Glimt                 @5.10  —
   15:00 Home      Panaitolikos x PAOK                @7.40  —
   15:00 Draw      Sport Huancayo x UTC Cajamarca     @5.90  —
   15:00 Draw      Dinamo Zagreb x Lokomotiva         @8.40  —
   15:15 Draw      Lech Poznan x Radomiak Radom       @6.20  —
   15:45 Draw      AC Milan x Lecce                   @6.40  —
   15:45 Home      Marseille x Paris St-G             @7.20  —
   16:00 2x2       Valencia x Real Sociedad           @16.50 —
   16:00 Home      Sportivo San Lorenzo x Olimpia     @9.60  —
   17:00 Over 4.5  CA Platense x Newells              @19.50 —
   18:30 Draw      Flamengo x Red Bull Bragantino     @5.70  —
   20:00 2x2       Inter Miami CF x San Diego FC      @17.00 —
   21:00 Draw      Toluca x Santos Laguna             @7.60  —
   21:30 Over 4.5  Velez Sarsfield x Tigre            @20.00 —
sem gatilho.
2026-09-20 06:50 | banca R$ 4001 (composta (pagina 02, 749 jogos ate 2026-09-20)) | liquidados 0/41 | 0G/0R | P&L R$ +0.00 (+0.0%)
   07:15 Draw      Feyenoord x FC Utrecht             @6.60  —
   08:30 Home      Antwerp x Union St Gilloise        @6.00  —
   09:30 Draw      Az Alkmaar x SC Telstar            @7.60  —
   09:30 Draw      Hartberg x LASK Linz               @6.40  —
   10:00 Draw      Marumo Gallants FC x Orlando Pirat @5.20  —
   10:00 0x3       NK Bravo x Olimpija                @26.00 —
   10:00 2x2       Frosinone x Como                   @17.00 —
   10:00 Home      Frosinone x Como                   @6.60  —
   10:00 Over 4.5  Milford x Durban City              @19.50 —
   10:00 Draw      Man City x Sunderland              @6.00  —
   11:00 Draw      Trans Narva x FCI Tallinn          @8.40  —
   11:00 Draw      Ponte Preta x CRB                  @6.40  —
   11:00 Draw      Levadiakos x Olympiakos            @5.60  —
   11:00 0x3       Gremio x SE Palmeiras              @23.00 —
   11:00 Draw      Fenerbahce x Eyupspor              @9.20  —
   11:30 Draw      Degerfors x Hammarby               @6.20  —
   11:45 Home      Lokomotiv Plovdiv x CSKA Sofia     @8.00  —
   12:00 Draw      Haugesund x Strommen               @6.60  —
   12:00 Home      Siroki Brijeg x Borac Banja Luka   @7.20  —
   12:00 Home      Raufoss x Stromsgodset             @9.80  —
   12:00 Draw      Raufoss x Stromsgodset             @7.40  —
   12:00 Draw      Stabaek x Sogndal                  @7.20  —
   12:00 Draw      Kongsvinger x Hodd                 @7.40  —
   12:00 Draw      NFC Volos x AEK Athens             @6.20  —
   13:00 Draw      Omonia x Digenis Ypsona            @8.80  —
   13:30 Draw      Kalamata x Panathinaikos           @6.20  —
   14:00 Draw      Crvena Zvezda x Radnicki Nis       @9.80  —
   14:15 Home      Brann x Bodo Glimt                 @5.10  —
   15:00 Home      Panaitolikos x PAOK                @7.40  —
   15:00 Draw      Sport Huancayo x UTC Cajamarca     @5.90  —
   15:00 Draw      Dinamo Zagreb x Lokomotiva         @8.40  —
   15:15 Draw      Lech Poznan x Radomiak Radom       @6.20  —
   15:45 Draw      AC Milan x Lecce                   @6.40  —
   15:45 Home      Marseille x Paris St-G             @7.20  —
   16:00 2x2       Valencia x Real Sociedad           @16.50 —
   16:00 Home      Sportivo San Lorenzo x Olimpia     @9.60  —
   17:00 Over 4.5  CA Platense x Newells              @19.50 —
   18:30 Draw      Flamengo x Red Bull Bragantino     @5.70  —
   20:00 2x2       Inter Miami CF x San Diego FC      @17.00 —
   21:00 Draw      Toluca x Santos Laguna             @7.60  —
   21:30 Over 4.5  Velez Sarsfield x Tigre            @20.00 —
sem gatilho.
2026-09-20 06:55 | banca R$ 4001 (composta (pagina 02, 749 jogos ate 2026-09-20)) | liquidados 0/41 | 0G/0R | P&L R$ +0.00 (+0.0%)
   07:15 Draw      Feyenoord x FC Utrecht             @6.60  —
   08:30 Home      Antwerp x Union St Gilloise        @6.00  —
   09:30 Draw      Az Alkmaar x SC Telstar            @7.60  —
   09:30 Draw      Hartberg x LASK Linz               @6.40  —
   10:00 Draw      Marumo Gallants FC x Orlando Pirat @5.20  —
   10:00 0x3       NK Bravo x Olimpija                @26.00 —
   10:00 2x2       Frosinone x Como                   @17.00 —
   10:00 Home      Frosinone x Como                   @6.60  —
   10:00 Over 4.5  Milford x Durban City              @19.50 —
   10:00 Draw      Man City x Sunderland              @6.00  —
   11:00 Draw      Trans Narva x FCI Tallinn          @8.40  —
   11:00 Draw      Ponte Preta x CRB                  @6.40  —
   11:00 Draw      Levadiakos x Olympiakos            @5.60  —
   11:00 0x3       Gremio x SE Palmeiras              @23.00 —
   11:00 Draw      Fenerbahce x Eyupspor              @9.20  —
   11:30 Draw      Degerfors x Hammarby               @6.20  —
   11:45 Home      Lokomotiv Plovdiv x CSKA Sofia     @8.00  —
   12:00 Draw      Haugesund x Strommen               @6.60  —
   12:00 Home      Siroki Brijeg x Borac Banja Luka   @7.20  —
   12:00 Home      Raufoss x Stromsgodset             @9.80  —
   12:00 Draw      Raufoss x Stromsgodset             @7.40  —
   12:00 Draw      Stabaek x Sogndal                  @7.20  —
   12:00 Draw      Kongsvinger x Hodd                 @7.40  —
   12:00 Draw      NFC Volos x AEK Athens             @6.20  —
   13:00 Draw      Omonia x Digenis Ypsona            @8.80  —
   13:30 Draw      Kalamata x Panathinaikos           @6.20  —
   14:00 Draw      Crvena Zvezda x Radnicki Nis       @9.80  —
   14:15 Home      Brann x Bodo Glimt                 @5.10  —
   15:00 Home      Panaitolikos x PAOK                @7.40  —
   15:00 Draw      Sport Huancayo x UTC Cajamarca     @5.90  —
   15:00 Draw      Dinamo Zagreb x Lokomotiva         @8.40  —
   15:15 Draw      Lech Poznan x Radomiak Radom       @6.20  —
   15:45 Draw      AC Milan x Lecce                   @6.40  —
   15:45 Home      Marseille x Paris St-G             @7.20  —
   16:00 2x2       Valencia x Real Sociedad           @16.50 —
   16:00 Home      Sportivo San Lorenzo x Olimpia     @9.60  —
   17:00 Over 4.5  CA Platense x Newells              @19.50 —
   18:30 Draw      Flamengo x Red Bull Bragantino     @5.70  —
   20:00 2x2       Inter Miami CF x San Diego FC      @17.00 —
   21:00 Draw      Toluca x Santos Laguna             @7.60  —
   21:30 Over 4.5  Velez Sarsfield x Tigre            @20.00 —
sem gatilho.
2026-09-20 07:00 | banca R$ 4001 (composta (pagina 02, 749 jogos ate 2026-09-20)) | liquidados 0/41 | 0G/0R | P&L R$ +0.00 (+0.0%)
   07:15 Draw      Feyenoord x FC Utrecht             @6.60  —
   08:30 Home      Antwerp x Union St Gilloise        @6.00  —
   09:30 Draw      Az Alkmaar x SC Telstar            @7.60  —
   09:30 Draw      Hartberg x LASK Linz               @6.40  —
   10:00 Draw      Marumo Gallants FC x Orlando Pirat @5.20  —
   10:00 0x3       NK Bravo x Olimpija                @26.00 —
   10:00 2x2       Frosinone x Como                   @17.00 —
   10:00 Home      Frosinone x Como                   @6.60  —
   10:00 Over 4.5  Milford x Durban City              @19.50 —
   10:00 Draw      Man City x Sunderland              @6.00  —
   11:00 Draw      Trans Narva x FCI Tallinn          @8.40  —
   11:00 Draw      Ponte Preta x CRB                  @6.40  —
   11:00 Draw      Levadiakos x Olympiakos            @5.60  —
   11:00 0x3       Gremio x SE Palmeiras              @23.00 —
   11:00 Draw      Fenerbahce x Eyupspor              @9.20  —
   11:30 Draw      Degerfors x Hammarby               @6.20  —
   11:45 Home      Lokomotiv Plovdiv x CSKA Sofia     @8.00  —
   12:00 Draw      Haugesund x Strommen               @6.60  —
   12:00 Home      Siroki Brijeg x Borac Banja Luka   @7.20  —
   12:00 Home      Raufoss x Stromsgodset             @9.80  —
   12:00 Draw      Raufoss x Stromsgodset             @7.40  —
   12:00 Draw      Stabaek x Sogndal                  @7.20  —
   12:00 Draw      Kongsvinger x Hodd                 @7.40  —
   12:00 Draw      NFC Volos x AEK Athens             @6.20  —
   13:00 Draw      Omonia x Digenis Ypsona            @8.80  —
   13:30 Draw      Kalamata x Panathinaikos           @6.20  —
   14:00 Draw      Crvena Zvezda x Radnicki Nis       @9.80  —
   14:15 Home      Brann x Bodo Glimt                 @5.10  —
   15:00 Home      Panaitolikos x PAOK                @7.40  —
   15:00 Draw      Sport Huancayo x UTC Cajamarca     @5.90  —
   15:00 Draw      Dinamo Zagreb x Lokomotiva         @8.40  —
   15:15 Draw      Lech Poznan x Radomiak Radom       @6.20  —
   15:45 Draw      AC Milan x Lecce                   @6.40  —
   15:45 Home      Marseille x Paris St-G             @7.20  —
   16:00 2x2       Valencia x Real Sociedad           @16.50 —
   16:00 Home      Sportivo San Lorenzo x Olimpia     @9.60  —
   17:00 Over 4.5  CA Platense x Newells              @19.50 —
   18:30 Draw      Flamengo x Red Bull Bragantino     @5.70  —
   20:00 2x2       Inter Miami CF x San Diego FC      @17.00 —
   21:00 Draw      Toluca x Santos Laguna             @7.60  —
   21:30 Over 4.5  Velez Sarsfield x Tigre            @20.00 —
sem gatilho.
2026-09-20 07:05 | banca R$ 4001 (composta (pagina 02, 749 jogos ate 2026-09-20)) | liquidados 0/41 | 0G/0R | P&L R$ +0.00 (+0.0%)
   07:15 Draw      Feyenoord x FC Utrecht             @6.60  —
   08:30 Home      Antwerp x Union St Gilloise        @6.00  —
   09:30 Draw      Az Alkmaar x SC Telstar            @7.60  —
   09:30 Draw      Hartberg x LASK Linz               @6.40  —
   10:00 Draw      Marumo Gallants FC x Orlando Pirat @5.20  —
   10:00 0x3       NK Bravo x Olimpija                @26.00 —
   10:00 2x2       Frosinone x Como                   @17.00 —
   10:00 Home      Frosinone x Como                   @6.60  —
   10:00 Over 4.5  Milford x Durban City              @19.50 —
   10:00 Draw      Man City x Sunderland              @6.00  —
   11:00 Draw      Trans Narva x FCI Tallinn          @8.40  —
   11:00 Draw      Ponte Preta x CRB                  @6.40  —
   11:00 Draw      Levadiakos x Olympiakos            @5.60  —
   11:00 0x3       Gremio x SE Palmeiras              @23.00 —
   11:00 Draw      Fenerbahce x Eyupspor              @9.20  —
   11:30 Draw      Degerfors x Hammarby               @6.20  —
   11:45 Home      Lokomotiv Plovdiv x CSKA Sofia     @8.00  —
   12:00 Draw      Haugesund x Strommen               @6.60  —
   12:00 Home      Siroki Brijeg x Borac Banja Luka   @7.20  —
   12:00 Home      Raufoss x Stromsgodset             @9.80  —
   12:00 Draw      Raufoss x Stromsgodset             @7.40  —
   12:00 Draw      Stabaek x Sogndal                  @7.20  —
   12:00 Draw      Kongsvinger x Hodd                 @7.40  —
   12:00 Draw      NFC Volos x AEK Athens             @6.20  —
   13:00 Draw      Omonia x Digenis Ypsona            @8.80  —
   13:30 Draw      Kalamata x Panathinaikos           @6.20  —
   14:00 Draw      Crvena Zvezda x Radnicki Nis       @9.80  —
   14:15 Home      Brann x Bodo Glimt                 @5.10  —
   15:00 Home      Panaitolikos x PAOK                @7.40  —
   15:00 Draw      Sport Huancayo x UTC Cajamarca     @5.90  —
   15:00 Draw      Dinamo Zagreb x Lokomotiva         @8.40  —
   15:15 Draw      Lech Poznan x Radomiak Radom       @6.20  —
   15:45 Draw      AC Milan x Lecce                   @6.40  —
   15:45 Home      Marseille x Paris St-G             @7.20  —
   16:00 2x2       Valencia x Real Sociedad           @16.50 —
   16:00 Home      Sportivo San Lorenzo x Olimpia     @9.60  —
   17:00 Over 4.5  CA Platense x Newells              @19.50 —
   18:30 Draw      Flamengo x Red Bull Bragantino     @5.70  —
   20:00 2x2       Inter Miami CF x San Diego FC      @17.00 —
   21:00 Draw      Toluca x Santos Laguna             @7.60  —
   21:30 Over 4.5  Velez Sarsfield x Tigre            @20.00 —
sem gatilho.
2026-09-20 07:10 | banca R$ 4001 (composta (pagina 02, 749 jogos ate 2026-09-20)) | liquidados 0/41 | 0G/0R | P&L R$ +0.00 (+0.0%)
   07:15 Draw      Feyenoord x FC Utrecht             @6.60  —
   08:30 Home      Antwerp x Union St Gilloise        @6.00  —
   09:30 Draw      Az Alkmaar x SC Telstar            @7.60  —
   09:30 Draw      Hartberg x LASK Linz               @6.40  —
   10:00 Draw      Marumo Gallants FC x Orlando Pirat @5.20  —
   10:00 0x3       NK Bravo x Olimpija                @26.00 —
   10:00 2x2       Frosinone x Como                   @17.00 —
   10:00 Home      Frosinone x Como                   @6.60  —
   10:00 Over 4.5  Milford x Durban City              @19.50 —
   10:00 Draw      Man City x Sunderland              @6.00  —
   11:00 Draw      Trans Narva x FCI Tallinn          @8.40  —
   11:00 Draw      Ponte Preta x CRB                  @6.40  —
   11:00 Draw      Levadiakos x Olympiakos            @5.60  —
   11:00 0x3       Gremio x SE Palmeiras              @23.00 —
   11:00 Draw      Fenerbahce x Eyupspor              @9.20  —
   11:30 Draw      Degerfors x Hammarby               @6.20  —
   11:45 Home      Lokomotiv Plovdiv x CSKA Sofia     @8.00  —
   12:00 Draw      Haugesund x Strommen               @6.60  —
   12:00 Home      Siroki Brijeg x Borac Banja Luka   @7.20  —
   12:00 Home      Raufoss x Stromsgodset             @9.80  —
   12:00 Draw      Raufoss x Stromsgodset             @7.40  —
   12:00 Draw      Stabaek x Sogndal                  @7.20  —
   12:00 Draw      Kongsvinger x Hodd                 @7.40  —
   12:00 Draw      NFC Volos x AEK Athens             @6.20  —
   13:00 Draw      Omonia x Digenis Ypsona            @8.80  —
   13:30 Draw      Kalamata x Panathinaikos           @6.20  —
   14:00 Draw      Crvena Zvezda x Radnicki Nis       @9.80  —
   14:15 Home      Brann x Bodo Glimt                 @5.10  —
   15:00 Home      Panaitolikos x PAOK                @7.40  —
   15:00 Draw      Sport Huancayo x UTC Cajamarca     @5.90  —
   15:00 Draw      Dinamo Zagreb x Lokomotiva         @8.40  —
   15:15 Draw      Lech Poznan x Radomiak Radom       @6.20  —
   15:45 Draw      AC Milan x Lecce                   @6.40  —
   15:45 Home      Marseille x Paris St-G             @7.20  —
   16:00 2x2       Valencia x Real Sociedad           @16.50 —
   16:00 Home      Sportivo San Lorenzo x Olimpia     @9.60  —
   17:00 Over 4.5  CA Platense x Newells              @19.50 —
   18:30 Draw      Flamengo x Red Bull Bragantino     @5.70  —
   20:00 2x2       Inter Miami CF x San Diego FC      @17.00 —
   21:00 Draw      Toluca x Santos Laguna             @7.60  —
   21:30 Over 4.5  Velez Sarsfield x Tigre            @20.00 —
sem gatilho.
2026-09-20 07:15 | banca R$ 4001 (composta (pagina 02, 749 jogos ate 2026-09-20)) | liquidados 0/41 | 0G/0R | P&L R$ +0.00 (+0.0%)
   07:15 Draw      Feyenoord x FC Utrecht             @6.60  —
   08:30 Home      Antwerp x Union St Gilloise        @6.00  —
   09:30 Draw      Az Alkmaar x SC Telstar            @7.60  —
   09:30 Draw      Hartberg x LASK Linz               @6.40  —
   10:00 Draw      Marumo Gallants FC x Orlando Pirat @5.20  —
   10:00 0x3       NK Bravo x Olimpija                @26.00 —
   10:00 2x2       Frosinone x Como                   @17.00 —
   10:00 Home      Frosinone x Como                   @6.60  —
   10:00 Over 4.5  Milford x Durban City              @19.50 —
   10:00 Draw      Man City x Sunderland              @6.00  —
   11:00 Draw      Trans Narva x FCI Tallinn          @8.40  —
   11:00 Draw      Ponte Preta x CRB                  @6.40  —
   11:00 Draw      Levadiakos x Olympiakos            @5.60  —
   11:00 0x3       Gremio x SE Palmeiras              @23.00 —
   11:00 Draw      Fenerbahce x Eyupspor              @9.20  —
   11:30 Draw      Degerfors x Hammarby               @6.20  —
   11:45 Home      Lokomotiv Plovdiv x CSKA Sofia     @8.00  —
   12:00 Draw      Haugesund x Strommen               @6.60  —
   12:00 Home      Siroki Brijeg x Borac Banja Luka   @7.20  —
   12:00 Home      Raufoss x Stromsgodset             @9.80  —
   12:00 Draw      Raufoss x Stromsgodset             @7.40  —
   12:00 Draw      Stabaek x Sogndal                  @7.20  —
   12:00 Draw      Kongsvinger x Hodd                 @7.40  —
   12:00 Draw      NFC Volos x AEK Athens             @6.20  —
   13:00 Draw      Omonia x Digenis Ypsona            @8.80  —
   13:30 Draw      Kalamata x Panathinaikos           @6.20  —
   14:00 Draw      Crvena Zvezda x Radnicki Nis       @9.80  —
   14:15 Home      Brann x Bodo Glimt                 @5.10  —
   15:00 Home      Panaitolikos x PAOK                @7.40  —
   15:00 Draw      Sport Huancayo x UTC Cajamarca     @5.90  —
   15:00 Draw      Dinamo Zagreb x Lokomotiva         @8.40  —
   15:15 Draw      Lech Poznan x Radomiak Radom       @6.20  —
   15:45 Draw      AC Milan x Lecce                   @6.40  —
   15:45 Home      Marseille x Paris St-G             @7.20  —
   16:00 2x2       Valencia x Real Sociedad           @16.50 —
   16:00 Home      Sportivo San Lorenzo x Olimpia     @9.60  —
   17:00 Over 4.5  CA Platense x Newells              @19.50 —
   18:30 Draw      Flamengo x Red Bull Bragantino     @5.70  —
   20:00 2x2       Inter Miami CF x San Diego FC      @17.00 —
   21:00 Draw      Toluca x Santos Laguna             @7.60  —
   21:30 Over 4.5  Velez Sarsfield x Tigre            @20.00 —
sem gatilho.
2026-09-20 07:20 | banca R$ 4001 (composta (pagina 02, 749 jogos ate 2026-09-20)) | liquidados 0/41 | 0G/0R | P&L R$ +0.00 (+0.0%)
   07:15 Draw      Feyenoord x FC Utrecht             @6.60  —
   08:30 Home      Antwerp x Union St Gilloise        @6.00  —
   09:30 Draw      Az Alkmaar x SC Telstar            @7.60  —
   09:30 Draw      Hartberg x LASK Linz               @6.40  —
   10:00 Draw      Marumo Gallants FC x Orlando Pirat @5.20  —
   10:00 0x3       NK Bravo x Olimpija                @26.00 —
   10:00 2x2       Frosinone x Como                   @17.00 —
   10:00 Home      Frosinone x Como                   @6.60  —
   10:00 Over 4.5  Milford x Durban City              @19.50 —
   10:00 Draw      Man City x Sunderland              @6.00  —
   11:00 Draw      Trans Narva x FCI Tallinn          @8.40  —
   11:00 Draw      Ponte Preta x CRB                  @6.40  —
   11:00 Draw      Levadiakos x Olympiakos            @5.60  —
   11:00 0x3       Gremio x SE Palmeiras              @23.00 —
   11:00 Draw      Fenerbahce x Eyupspor              @9.20  —
   11:30 Draw      Degerfors x Hammarby               @6.20  —
   11:45 Home      Lokomotiv Plovdiv x CSKA Sofia     @8.00  —
   12:00 Draw      Haugesund x Strommen               @6.60  —
   12:00 Home      Siroki Brijeg x Borac Banja Luka   @7.20  —
   12:00 Home      Raufoss x Stromsgodset             @9.80  —
   12:00 Draw      Raufoss x Stromsgodset             @7.40  —
   12:00 Draw      Stabaek x Sogndal                  @7.20  —
   12:00 Draw      Kongsvinger x Hodd                 @7.40  —
   12:00 Draw      NFC Volos x AEK Athens             @6.20  —
   13:00 Draw      Omonia x Digenis Ypsona            @8.80  —
   13:30 Draw      Kalamata x Panathinaikos           @6.20  —
   14:00 Draw      Crvena Zvezda x Radnicki Nis       @9.80  —
   14:15 Home      Brann x Bodo Glimt                 @5.10  —
   15:00 Home      Panaitolikos x PAOK                @7.40  —
   15:00 Draw      Sport Huancayo x UTC Cajamarca     @5.90  —
   15:00 Draw      Dinamo Zagreb x Lokomotiva         @8.40  —
   15:15 Draw      Lech Poznan x Radomiak Radom       @6.20  —
   15:45 Draw      AC Milan x Lecce                   @6.40  —
   15:45 Home      Marseille x Paris St-G             @7.20  —
   16:00 2x2       Valencia x Real Sociedad           @16.50 —
   16:00 Home      Sportivo San Lorenzo x Olimpia     @9.60  —
   17:00 Over 4.5  CA Platense x Newells              @19.50 —
   18:30 Draw      Flamengo x Red Bull Bragantino     @5.70  —
   20:00 2x2       Inter Miami CF x San Diego FC      @17.00 —
   21:00 Draw      Toluca x Santos Laguna             @7.60  —
   21:30 Over 4.5  Velez Sarsfield x Tigre            @20.00 —
sem gatilho.
2026-09-20 07:25 | banca R$ 4001 (composta (pagina 02, 749 jogos ate 2026-09-20)) | liquidados 0/41 | 0G/0R | P&L R$ +0.00 (+0.0%)
   07:15 Draw      Feyenoord x FC Utrecht             @6.60  —
   08:30 Home      Antwerp x Union St Gilloise        @6.00  —
   09:30 Draw      Az Alkmaar x SC Telstar            @7.60  —
   09:30 Draw      Hartberg x LASK Linz               @6.40  —
   10:00 Draw      Marumo Gallants FC x Orlando Pirat @5.20  —
   10:00 0x3       NK Bravo x Olimpija                @26.00 —
   10:00 2x2       Frosinone x Como                   @17.00 —
   10:00 Home      Frosinone x Como                   @6.60  —
   10:00 Over 4.5  Milford x Durban City              @19.50 —
   10:00 Draw      Man City x Sunderland              @6.00  —
   11:00 Draw      Trans Narva x FCI Tallinn          @8.40  —
   11:00 Draw      Ponte Preta x CRB                  @6.40  —
   11:00 Draw      Levadiakos x Olympiakos            @5.60  —
   11:00 0x3       Gremio x SE Palmeiras              @23.00 —
   11:00 Draw      Fenerbahce x Eyupspor              @9.20  —
   11:30 Draw      Degerfors x Hammarby               @6.20  —
   11:45 Home      Lokomotiv Plovdiv x CSKA Sofia     @8.00  —
   12:00 Draw      Haugesund x Strommen               @6.60  —
   12:00 Home      Siroki Brijeg x Borac Banja Luka   @7.20  —
   12:00 Home      Raufoss x Stromsgodset             @9.80  —
   12:00 Draw      Raufoss x Stromsgodset             @7.40  —
   12:00 Draw      Stabaek x Sogndal                  @7.20  —
   12:00 Draw      Kongsvinger x Hodd                 @7.40  —
   12:00 Draw      NFC Volos x AEK Athens             @6.20  —
   13:00 Draw      Omonia x Digenis Ypsona            @8.80  —
   13:30 Draw      Kalamata x Panathinaikos           @6.20  —
   14:00 Draw      Crvena Zvezda x Radnicki Nis       @9.80  —
   14:15 Home      Brann x Bodo Glimt                 @5.10  —
   15:00 Home      Panaitolikos x PAOK                @7.40  —
   15:00 Draw      Sport Huancayo x UTC Cajamarca     @5.90  —
   15:00 Draw      Dinamo Zagreb x Lokomotiva         @8.40  —
   15:15 Draw      Lech Poznan x Radomiak Radom       @6.20  —
   15:45 Draw      AC Milan x Lecce                   @6.40  —
   15:45 Home      Marseille x Paris St-G             @7.20  —
   16:00 2x2       Valencia x Real Sociedad           @16.50 —
   16:00 Home      Sportivo San Lorenzo x Olimpia     @9.60  —
   17:00 Over 4.5  CA Platense x Newells              @19.50 —
   18:30 Draw      Flamengo x Red Bull Bragantino     @5.70  —
   20:00 2x2       Inter Miami CF x San Diego FC      @17.00 —
   21:00 Draw      Toluca x Santos Laguna             @7.60  —
   21:30 Over 4.5  Velez Sarsfield x Tigre            @20.00 —
sem gatilho.
2026-09-20 07:30 | banca R$ 4001 (composta (pagina 02, 749 jogos ate 2026-09-20)) | liquidados 0/41 | 0G/0R | P&L R$ +0.00 (+0.0%)
   07:15 Draw      Feyenoord x FC Utrecht             @6.60  —
   08:30 Home      Antwerp x Union St Gilloise        @6.00  —
   09:30 Draw      Az Alkmaar x SC Telstar            @7.60  —
   09:30 Draw      Hartberg x LASK Linz               @6.40  —
   10:00 Draw      Marumo Gallants FC x Orlando Pirat @5.20  —
   10:00 0x3       NK Bravo x Olimpija                @26.00 —
   10:00 2x2       Frosinone x Como                   @17.00 —
   10:00 Home      Frosinone x Como                   @6.60  —
   10:00 Over 4.5  Milford x Durban City              @19.50 —
   10:00 Draw      Man City x Sunderland              @6.00  —
   11:00 Draw      Trans Narva x FCI Tallinn          @8.40  —
   11:00 Draw      Ponte Preta x CRB                  @6.40  —
   11:00 Draw      Levadiakos x Olympiakos            @5.60  —
   11:00 0x3       Gremio x SE Palmeiras              @23.00 —
   11:00 Draw      Fenerbahce x Eyupspor              @9.20  —
   11:30 Draw      Degerfors x Hammarby               @6.20  —
   11:45 Home      Lokomotiv Plovdiv x CSKA Sofia     @8.00  —
   12:00 Draw      Haugesund x Strommen               @6.60  —
   12:00 Home      Siroki Brijeg x Borac Banja Luka   @7.20  —
   12:00 Home      Raufoss x Stromsgodset             @9.80  —
   12:00 Draw      Raufoss x Stromsgodset             @7.40  —
   12:00 Draw      Stabaek x Sogndal                  @7.20  —
   12:00 Draw      Kongsvinger x Hodd                 @7.40  —
   12:00 Draw      NFC Volos x AEK Athens             @6.20  —
   13:00 Draw      Omonia x Digenis Ypsona            @8.80  —
   13:30 Draw      Kalamata x Panathinaikos           @6.20  —
   14:00 Draw      Crvena Zvezda x Radnicki Nis       @9.80  —
   14:15 Home      Brann x Bodo Glimt                 @5.10  —
   15:00 Home      Panaitolikos x PAOK                @7.40  —
   15:00 Draw      Sport Huancayo x UTC Cajamarca     @5.90  —
   15:00 Draw      Dinamo Zagreb x Lokomotiva         @8.40  —
   15:15 Draw      Lech Poznan x Radomiak Radom       @6.20  —
   15:45 Draw      AC Milan x Lecce                   @6.40  —
   15:45 Home      Marseille x Paris St-G             @7.20  —
   16:00 2x2       Valencia x Real Sociedad           @16.50 —
   16:00 Home      Sportivo San Lorenzo x Olimpia     @9.60  —
   17:00 Over 4.5  CA Platense x Newells              @19.50 —
   18:30 Draw      Flamengo x Red Bull Bragantino     @5.70  —
   20:00 2x2       Inter Miami CF x San Diego FC      @17.00 —
   21:00 Draw      Toluca x Santos Laguna             @7.60  —
   21:30 Over 4.5  Velez Sarsfield x Tigre            @20.00 —
sem gatilho.
2026-09-20 07:35 | banca R$ 4001 (composta (pagina 02, 749 jogos ate 2026-09-20)) | liquidados 0/41 | 0G/0R | P&L R$ +0.00 (+0.0%)
   07:15 Draw      Feyenoord x FC Utrecht             @6.60  —
   08:30 Home      Antwerp x Union St Gilloise        @6.00  —
   09:30 Draw      Az Alkmaar x SC Telstar            @7.60  —
   09:30 Draw      Hartberg x LASK Linz               @6.40  —
   10:00 Draw      Marumo Gallants FC x Orlando Pirat @5.20  —
   10:00 0x3       NK Bravo x Olimpija                @26.00 —
   10:00 2x2       Frosinone x Como                   @17.00 —
   10:00 Home      Frosinone x Como                   @6.60  —
   10:00 Over 4.5  Milford x Durban City              @19.50 —
   10:00 Draw      Man City x Sunderland              @6.00  —
   11:00 Draw      Trans Narva x FCI Tallinn          @8.40  —
   11:00 Draw      Ponte Preta x CRB                  @6.40  —
   11:00 Draw      Levadiakos x Olympiakos            @5.60  —
   11:00 0x3       Gremio x SE Palmeiras              @23.00 —
   11:00 Draw      Fenerbahce x Eyupspor              @9.20  —
   11:30 Draw      Degerfors x Hammarby               @6.20  —
   11:45 Home      Lokomotiv Plovdiv x CSKA Sofia     @8.00  —
   12:00 Draw      Haugesund x Strommen               @6.60  —
   12:00 Home      Siroki Brijeg x Borac Banja Luka   @7.20  —
   12:00 Home      Raufoss x Stromsgodset             @9.80  —
   12:00 Draw      Raufoss x Stromsgodset             @7.40  —
   12:00 Draw      Stabaek x Sogndal                  @7.20  —
   12:00 Draw      Kongsvinger x Hodd                 @7.40  —
   12:00 Draw      NFC Volos x AEK Athens             @6.20  —
   13:00 Draw      Omonia x Digenis Ypsona            @8.80  —
   13:30 Draw      Kalamata x Panathinaikos           @6.20  —
   14:00 Draw      Crvena Zvezda x Radnicki Nis       @9.80  —
   14:15 Home      Brann x Bodo Glimt                 @5.10  —
   15:00 Home      Panaitolikos x PAOK                @7.40  —
   15:00 Draw      Sport Huancayo x UTC Cajamarca     @5.90  —
   15:00 Draw      Dinamo Zagreb x Lokomotiva         @8.40  —
   15:15 Draw      Lech Poznan x Radomiak Radom       @6.20  —
   15:45 Draw      AC Milan x Lecce                   @6.40  —
   15:45 Home      Marseille x Paris St-G             @7.20  —
   16:00 2x2       Valencia x Real Sociedad           @16.50 —
   16:00 Home      Sportivo San Lorenzo x Olimpia     @9.60  —
   17:00 Over 4.5  CA Platense x Newells              @19.50 —
   18:30 Draw      Flamengo x Red Bull Bragantino     @5.70  —
   20:00 2x2       Inter Miami CF x San Diego FC      @17.00 —
   21:00 Draw      Toluca x Santos Laguna             @7.60  —
   21:30 Over 4.5  Velez Sarsfield x Tigre            @20.00 —
sem gatilho.
2026-09-20 07:40 | banca R$ 4001 (composta (pagina 02, 749 jogos ate 2026-09-20)) | liquidados 0/41 | 0G/0R | P&L R$ +0.00 (+0.0%)
   07:15 Draw      Feyenoord x FC Utrecht             @6.60  —
   08:30 Home      Antwerp x Union St Gilloise        @6.00  —
   09:30 Draw      Az Alkmaar x SC Telstar            @7.60  —
   09:30 Draw      Hartberg x LASK Linz               @6.40  —
   10:00 Draw      Marumo Gallants FC x Orlando Pirat @5.20  —
   10:00 0x3       NK Bravo x Olimpija                @26.00 —
   10:00 2x2       Frosinone x Como                   @17.00 —
   10:00 Home      Frosinone x Como                   @6.60  —
   10:00 Over 4.5  Milford x Durban City              @19.50 —
   10:00 Draw      Man City x Sunderland              @6.00  —
   11:00 Draw      Trans Narva x FCI Tallinn          @8.40  —
   11:00 Draw      Ponte Preta x CRB                  @6.40  —
   11:00 Draw      Levadiakos x Olympiakos            @5.60  —
   11:00 0x3       Gremio x SE Palmeiras              @23.00 —
   11:00 Draw      Fenerbahce x Eyupspor              @9.20  —
   11:30 Draw      Degerfors x Hammarby               @6.20  —
   11:45 Home      Lokomotiv Plovdiv x CSKA Sofia     @8.00  —
   12:00 Draw      Haugesund x Strommen               @6.60  —
   12:00 Home      Siroki Brijeg x Borac Banja Luka   @7.20  —
   12:00 Home      Raufoss x Stromsgodset             @9.80  —
   12:00 Draw      Raufoss x Stromsgodset             @7.40  —
   12:00 Draw      Stabaek x Sogndal                  @7.20  —
   12:00 Draw      Kongsvinger x Hodd                 @7.40  —
   12:00 Draw      NFC Volos x AEK Athens             @6.20  —
   13:00 Draw      Omonia x Digenis Ypsona            @8.80  —
   13:30 Draw      Kalamata x Panathinaikos           @6.20  —
   14:00 Draw      Crvena Zvezda x Radnicki Nis       @9.80  —
   14:15 Home      Brann x Bodo Glimt                 @5.10  —
   15:00 Home      Panaitolikos x PAOK                @7.40  —
   15:00 Draw      Sport Huancayo x UTC Cajamarca     @5.90  —
   15:00 Draw      Dinamo Zagreb x Lokomotiva         @8.40  —
   15:15 Draw      Lech Poznan x Radomiak Radom       @6.20  —
   15:45 Draw      AC Milan x Lecce                   @6.40  —
   15:45 Home      Marseille x Paris St-G             @7.20  —
   16:00 2x2       Valencia x Real Sociedad           @16.50 —
   16:00 Home      Sportivo San Lorenzo x Olimpia     @9.60  —
   17:00 Over 4.5  CA Platense x Newells              @19.50 —
   18:30 Draw      Flamengo x Red Bull Bragantino     @5.70  —
   20:00 2x2       Inter Miami CF x San Diego FC      @17.00 —
   21:00 Draw      Toluca x Santos Laguna             @7.60  —
   21:30 Over 4.5  Velez Sarsfield x Tigre            @20.00 —
sem gatilho.
2026-09-20 07:45 | banca R$ 4001 (composta (pagina 02, 749 jogos ate 2026-09-20)) | liquidados 0/41 | 0G/0R | P&L R$ +0.00 (+0.0%)
   07:15 Draw      Feyenoord x FC Utrecht             @6.60  —
   08:30 Home      Antwerp x Union St Gilloise        @6.00  —
   09:30 Draw      Az Alkmaar x SC Telstar            @7.60  —
   09:30 Draw      Hartberg x LASK Linz               @6.40  —
   10:00 Draw      Marumo Gallants FC x Orlando Pirat @5.20  —
   10:00 0x3       NK Bravo x Olimpija                @26.00 —
   10:00 2x2       Frosinone x Como                   @17.00 —
   10:00 Home      Frosinone x Como                   @6.60  —
   10:00 Over 4.5  Milford x Durban City              @19.50 —
   10:00 Draw      Man City x Sunderland              @6.00  —
   11:00 Draw      Trans Narva x FCI Tallinn          @8.40  —
   11:00 Draw      Ponte Preta x CRB                  @6.40  —
   11:00 Draw      Levadiakos x Olympiakos            @5.60  —
   11:00 0x3       Gremio x SE Palmeiras              @23.00 —
   11:00 Draw      Fenerbahce x Eyupspor              @9.20  —
   11:30 Draw      Degerfors x Hammarby               @6.20  —
   11:45 Home      Lokomotiv Plovdiv x CSKA Sofia     @8.00  —
   12:00 Draw      Haugesund x Strommen               @6.60  —
   12:00 Home      Siroki Brijeg x Borac Banja Luka   @7.20  —
   12:00 Home      Raufoss x Stromsgodset             @9.80  —
   12:00 Draw      Raufoss x Stromsgodset             @7.40  —
   12:00 Draw      Stabaek x Sogndal                  @7.20  —
   12:00 Draw      Kongsvinger x Hodd                 @7.40  —
   12:00 Draw      NFC Volos x AEK Athens             @6.20  —
   13:00 Draw      Omonia x Digenis Ypsona            @8.80  —
   13:30 Draw      Kalamata x Panathinaikos           @6.20  —
   14:00 Draw      Crvena Zvezda x Radnicki Nis       @9.80  —
   14:15 Home      Brann x Bodo Glimt                 @5.10  —
   15:00 Home      Panaitolikos x PAOK                @7.40  —
   15:00 Draw      Sport Huancayo x UTC Cajamarca     @5.90  —
   15:00 Draw      Dinamo Zagreb x Lokomotiva         @8.40  —
   15:15 Draw      Lech Poznan x Radomiak Radom       @6.20  —
   15:45 Draw      AC Milan x Lecce                   @6.40  —
   15:45 Home      Marseille x Paris St-G             @7.20  —
   16:00 2x2       Valencia x Real Sociedad           @16.50 —
   16:00 Home      Sportivo San Lorenzo x Olimpia     @9.60  —
   17:00 Over 4.5  CA Platense x Newells              @19.50 —
   18:30 Draw      Flamengo x Red Bull Bragantino     @5.70  —
   20:00 2x2       Inter Miami CF x San Diego FC      @17.00 —
   21:00 Draw      Toluca x Santos Laguna             @7.60  —
   21:30 Over 4.5  Velez Sarsfield x Tigre            @20.00 —
sem gatilho.
2026-09-20 07:50 | banca R$ 4001 (composta (pagina 02, 749 jogos ate 2026-09-20)) | liquidados 0/41 | 0G/0R | P&L R$ +0.00 (+0.0%)
   07:15 Draw      Feyenoord x FC Utrecht             @6.60  —
   08:30 Home      Antwerp x Union St Gilloise        @6.00  —
   09:30 Draw      Az Alkmaar x SC Telstar            @7.60  —
   09:30 Draw      Hartberg x LASK Linz               @6.40  —
   10:00 Draw      Marumo Gallants FC x Orlando Pirat @5.20  —
   10:00 0x3       NK Bravo x Olimpija                @26.00 —
   10:00 2x2       Frosinone x Como                   @17.00 —
   10:00 Home      Frosinone x Como                   @6.60  —
   10:00 Over 4.5  Milford x Durban City              @19.50 —
   10:00 Draw      Man City x Sunderland              @6.00  —
   11:00 Draw      Trans Narva x FCI Tallinn          @8.40  —
   11:00 Draw      Ponte Preta x CRB                  @6.40  —
   11:00 Draw      Levadiakos x Olympiakos            @5.60  —
   11:00 0x3       Gremio x SE Palmeiras              @23.00 —
   11:00 Draw      Fenerbahce x Eyupspor              @9.20  —
   11:30 Draw      Degerfors x Hammarby               @6.20  —
   11:45 Home      Lokomotiv Plovdiv x CSKA Sofia     @8.00  —
   12:00 Draw      Haugesund x Strommen               @6.60  —
   12:00 Home      Siroki Brijeg x Borac Banja Luka   @7.20  —
   12:00 Home      Raufoss x Stromsgodset             @9.80  —
   12:00 Draw      Raufoss x Stromsgodset             @7.40  —
   12:00 Draw      Stabaek x Sogndal                  @7.20  —
   12:00 Draw      Kongsvinger x Hodd                 @7.40  —
   12:00 Draw      NFC Volos x AEK Athens             @6.20  —
   13:00 Draw      Omonia x Digenis Ypsona            @8.80  —
   13:30 Draw      Kalamata x Panathinaikos           @6.20  —
   14:00 Draw      Crvena Zvezda x Radnicki Nis       @9.80  —
   14:15 Home      Brann x Bodo Glimt                 @5.10  —
   15:00 Home      Panaitolikos x PAOK                @7.40  —
   15:00 Draw      Sport Huancayo x UTC Cajamarca     @5.90  —
   15:00 Draw      Dinamo Zagreb x Lokomotiva         @8.40  —
   15:15 Draw      Lech Poznan x Radomiak Radom       @6.20  —
   15:45 Draw      AC Milan x Lecce                   @6.40  —
   15:45 Home      Marseille x Paris St-G             @7.20  —
   16:00 2x2       Valencia x Real Sociedad           @16.50 —
   16:00 Home      Sportivo San Lorenzo x Olimpia     @9.60  —
   17:00 Over 4.5  CA Platense x Newells              @19.50 —
   18:30 Draw      Flamengo x Red Bull Bragantino     @5.70  —
   20:00 2x2       Inter Miami CF x San Diego FC      @17.00 —
   21:00 Draw      Toluca x Santos Laguna             @7.60  —
   21:30 Over 4.5  Velez Sarsfield x Tigre            @20.00 —
sem gatilho.
2026-09-20 07:55 | banca R$ 4001 (composta (pagina 02, 749 jogos ate 2026-09-20)) | liquidados 0/41 | 0G/0R | P&L R$ +0.00 (+0.0%)
   07:15 Draw      Feyenoord x FC Utrecht             @6.60  —
   08:30 Home      Antwerp x Union St Gilloise        @6.00  —
   09:30 Draw      Az Alkmaar x SC Telstar            @7.60  —
   09:30 Draw      Hartberg x LASK Linz               @6.40  —
   10:00 Draw      Marumo Gallants FC x Orlando Pirat @5.20  —
   10:00 0x3       NK Bravo x Olimpija                @26.00 —
   10:00 2x2       Frosinone x Como                   @17.00 —
   10:00 Home      Frosinone x Como                   @6.60  —
   10:00 Over 4.5  Milford x Durban City              @19.50 —
   10:00 Draw      Man City x Sunderland              @6.00  —
   11:00 Draw      Trans Narva x FCI Tallinn          @8.40  —
   11:00 Draw      Ponte Preta x CRB                  @6.40  —
   11:00 Draw      Levadiakos x Olympiakos            @5.60  —
   11:00 0x3       Gremio x SE Palmeiras              @23.00 —
   11:00 Draw      Fenerbahce x Eyupspor              @9.20  —
   11:30 Draw      Degerfors x Hammarby               @6.20  —
   11:45 Home      Lokomotiv Plovdiv x CSKA Sofia     @8.00  —
   12:00 Draw      Haugesund x Strommen               @6.60  —
   12:00 Home      Siroki Brijeg x Borac Banja Luka   @7.20  —
   12:00 Home      Raufoss x Stromsgodset             @9.80  —
   12:00 Draw      Raufoss x Stromsgodset             @7.40  —
   12:00 Draw      Stabaek x Sogndal                  @7.20  —
   12:00 Draw      Kongsvinger x Hodd                 @7.40  —
   12:00 Draw      NFC Volos x AEK Athens             @6.20  —
   13:00 Draw      Omonia x Digenis Ypsona            @8.80  —
   13:30 Draw      Kalamata x Panathinaikos           @6.20  —
   14:00 Draw      Crvena Zvezda x Radnicki Nis       @9.80  —
   14:15 Home      Brann x Bodo Glimt                 @5.10  —
   15:00 Home      Panaitolikos x PAOK                @7.40  —
   15:00 Draw      Sport Huancayo x UTC Cajamarca     @5.90  —
   15:00 Draw      Dinamo Zagreb x Lokomotiva         @8.40  —
   15:15 Draw      Lech Poznan x Radomiak Radom       @6.20  —
   15:45 Draw      AC Milan x Lecce                   @6.40  —
   15:45 Home      Marseille x Paris St-G             @7.20  —
   16:00 2x2       Valencia x Real Sociedad           @16.50 —
   16:00 Home      Sportivo San Lorenzo x Olimpia     @9.60  —
   17:00 Over 4.5  CA Platense x Newells              @19.50 —
   18:30 Draw      Flamengo x Red Bull Bragantino     @5.70  —
   20:00 2x2       Inter Miami CF x San Diego FC      @17.00 —
   21:00 Draw      Toluca x Santos Laguna             @7.60  —
   21:30 Over 4.5  Velez Sarsfield x Tigre            @20.00 —
sem gatilho.
2026-09-20 08:00 | banca R$ 4001 (composta (pagina 02, 749 jogos ate 2026-09-20)) | liquidados 0/41 | 0G/0R | P&L R$ +0.00 (+0.0%)
   07:15 Draw      Feyenoord x FC Utrecht             @6.60  —
   08:30 Home      Antwerp x Union St Gilloise        @6.00  —
   09:30 Draw      Az Alkmaar x SC Telstar            @7.60  —
   09:30 Draw      Hartberg x LASK Linz               @6.40  —
   10:00 Draw      Marumo Gallants FC x Orlando Pirat @5.20  —
   10:00 0x3       NK Bravo x Olimpija                @26.00 —
   10:00 2x2       Frosinone x Como                   @17.00 —
   10:00 Home      Frosinone x Como                   @6.60  —
   10:00 Over 4.5  Milford x Durban City              @19.50 —
   10:00 Draw      Man City x Sunderland              @6.00  —
   11:00 Draw      Trans Narva x FCI Tallinn          @8.40  —
   11:00 Draw      Ponte Preta x CRB                  @6.40  —
   11:00 Draw      Levadiakos x Olympiakos            @5.60  —
   11:00 0x3       Gremio x SE Palmeiras              @23.00 —
   11:00 Draw      Fenerbahce x Eyupspor              @9.20  —
   11:30 Draw      Degerfors x Hammarby               @6.20  —
   11:45 Home      Lokomotiv Plovdiv x CSKA Sofia     @8.00  —
   12:00 Draw      Haugesund x Strommen               @6.60  —
   12:00 Home      Siroki Brijeg x Borac Banja Luka   @7.20  —
   12:00 Home      Raufoss x Stromsgodset             @9.80  —
   12:00 Draw      Raufoss x Stromsgodset             @7.40  —
   12:00 Draw      Stabaek x Sogndal                  @7.20  —
   12:00 Draw      Kongsvinger x Hodd                 @7.40  —
   12:00 Draw      NFC Volos x AEK Athens             @6.20  —
   13:00 Draw      Omonia x Digenis Ypsona            @8.80  —
   13:30 Draw      Kalamata x Panathinaikos           @6.20  —
   14:00 Draw      Crvena Zvezda x Radnicki Nis       @9.80  —
   14:15 Home      Brann x Bodo Glimt                 @5.10  —
   15:00 Home      Panaitolikos x PAOK                @7.40  —
   15:00 Draw      Sport Huancayo x UTC Cajamarca     @5.90  —
   15:00 Draw      Dinamo Zagreb x Lokomotiva         @8.40  —
   15:15 Draw      Lech Poznan x Radomiak Radom       @6.20  —
   15:45 Draw      AC Milan x Lecce                   @6.40  —
   15:45 Home      Marseille x Paris St-G             @7.20  —
   16:00 2x2       Valencia x Real Sociedad           @16.50 —
   16:00 Home      Sportivo San Lorenzo x Olimpia     @9.60  —
   17:00 Over 4.5  CA Platense x Newells              @19.50 —
   18:30 Draw      Flamengo x Red Bull Bragantino     @5.70  —
   20:00 2x2       Inter Miami CF x San Diego FC      @17.00 —
   21:00 Draw      Toluca x Santos Laguna             @7.60  —
   21:30 Over 4.5  Velez Sarsfield x Tigre            @20.00 —
sem gatilho.
2026-09-20 08:05 | banca R$ 4001 (composta (pagina 02, 749 jogos ate 2026-09-20)) | liquidados 0/41 | 0G/0R | P&L R$ +0.00 (+0.0%)
   07:15 Draw      Feyenoord x FC Utrecht             @6.60  —
   08:30 Home      Antwerp x Union St Gilloise        @6.00  —
   09:30 Draw      Az Alkmaar x SC Telstar            @7.60  —
   09:30 Draw      Hartberg x LASK Linz               @6.40  —
   10:00 Draw      Marumo Gallants FC x Orlando Pirat @5.20  —
   10:00 0x3       NK Bravo x Olimpija                @26.00 —
   10:00 2x2       Frosinone x Como                   @17.00 —
   10:00 Home      Frosinone x Como                   @6.60  —
   10:00 Over 4.5  Milford x Durban City              @19.50 —
   10:00 Draw      Man City x Sunderland              @6.00  —
   11:00 Draw      Trans Narva x FCI Tallinn          @8.40  —
   11:00 Draw      Ponte Preta x CRB                  @6.40  —
   11:00 Draw      Levadiakos x Olympiakos            @5.60  —
   11:00 0x3       Gremio x SE Palmeiras              @23.00 —
   11:00 Draw      Fenerbahce x Eyupspor              @9.20  —
   11:30 Draw      Degerfors x Hammarby               @6.20  —
   11:45 Home      Lokomotiv Plovdiv x CSKA Sofia     @8.00  —
   12:00 Draw      Haugesund x Strommen               @6.60  —
   12:00 Home      Siroki Brijeg x Borac Banja Luka   @7.20  —
   12:00 Home      Raufoss x Stromsgodset             @9.80  —
   12:00 Draw      Raufoss x Stromsgodset             @7.40  —
   12:00 Draw      Stabaek x Sogndal                  @7.20  —
   12:00 Draw      Kongsvinger x Hodd                 @7.40  —
   12:00 Draw      NFC Volos x AEK Athens             @6.20  —
   13:00 Draw      Omonia x Digenis Ypsona            @8.80  —
   13:30 Draw      Kalamata x Panathinaikos           @6.20  —
   14:00 Draw      Crvena Zvezda x Radnicki Nis       @9.80  —
   14:15 Home      Brann x Bodo Glimt                 @5.10  —
   15:00 Home      Panaitolikos x PAOK                @7.40  —
   15:00 Draw      Sport Huancayo x UTC Cajamarca     @5.90  —
   15:00 Draw      Dinamo Zagreb x Lokomotiva         @8.40  —
   15:15 Draw      Lech Poznan x Radomiak Radom       @6.20  —
   15:45 Draw      AC Milan x Lecce                   @6.40  —
   15:45 Home      Marseille x Paris St-G             @7.20  —
   16:00 2x2       Valencia x Real Sociedad           @16.50 —
   16:00 Home      Sportivo San Lorenzo x Olimpia     @9.60  —
   17:00 Over 4.5  CA Platense x Newells              @19.50 —
   18:30 Draw      Flamengo x Red Bull Bragantino     @5.70  —
   20:00 2x2       Inter Miami CF x San Diego FC      @17.00 —
   21:00 Draw      Toluca x Santos Laguna             @7.60  —
   21:30 Over 4.5  Velez Sarsfield x Tigre            @20.00 —
sem gatilho.
2026-09-20 08:10 | banca R$ 4001 (composta (pagina 02, 749 jogos ate 2026-09-20)) | liquidados 0/41 | 0G/0R | P&L R$ +0.00 (+0.0%)
   07:15 Draw      Feyenoord x FC Utrecht             @6.60  —
   08:30 Home      Antwerp x Union St Gilloise        @6.00  —
   09:30 Draw      Az Alkmaar x SC Telstar            @7.60  —
   09:30 Draw      Hartberg x LASK Linz               @6.40  —
   10:00 Draw      Marumo Gallants FC x Orlando Pirat @5.20  —
   10:00 0x3       NK Bravo x Olimpija                @26.00 —
   10:00 2x2       Frosinone x Como                   @17.00 —
   10:00 Home      Frosinone x Como                   @6.60  —
   10:00 Over 4.5  Milford x Durban City              @19.50 —
   10:00 Draw      Man City x Sunderland              @6.00  —
   11:00 Draw      Trans Narva x FCI Tallinn          @8.40  —
   11:00 Draw      Ponte Preta x CRB                  @6.40  —
   11:00 Draw      Levadiakos x Olympiakos            @5.60  —
   11:00 0x3       Gremio x SE Palmeiras              @23.00 —
   11:00 Draw      Fenerbahce x Eyupspor              @9.20  —
   11:30 Draw      Degerfors x Hammarby               @6.20  —
   11:45 Home      Lokomotiv Plovdiv x CSKA Sofia     @8.00  —
   12:00 Draw      Haugesund x Strommen               @6.60  —
   12:00 Home      Siroki Brijeg x Borac Banja Luka   @7.20  —
   12:00 Home      Raufoss x Stromsgodset             @9.80  —
   12:00 Draw      Raufoss x Stromsgodset             @7.40  —
   12:00 Draw      Stabaek x Sogndal                  @7.20  —
   12:00 Draw      Kongsvinger x Hodd                 @7.40  —
   12:00 Draw      NFC Volos x AEK Athens             @6.20  —
   13:00 Draw      Omonia x Digenis Ypsona            @8.80  —
   13:30 Draw      Kalamata x Panathinaikos           @6.20  —
   14:00 Draw      Crvena Zvezda x Radnicki Nis       @9.80  —
   14:15 Home      Brann x Bodo Glimt                 @5.10  —
   15:00 Home      Panaitolikos x PAOK                @7.40  —
   15:00 Draw      Sport Huancayo x UTC Cajamarca     @5.90  —
   15:00 Draw      Dinamo Zagreb x Lokomotiva         @8.40  —
   15:15 Draw      Lech Poznan x Radomiak Radom       @6.20  —
   15:45 Draw      AC Milan x Lecce                   @6.40  —
   15:45 Home      Marseille x Paris St-G             @7.20  —
   16:00 2x2       Valencia x Real Sociedad           @16.50 —
   16:00 Home      Sportivo San Lorenzo x Olimpia     @9.60  —
   17:00 Over 4.5  CA Platense x Newells              @19.50 —
   18:30 Draw      Flamengo x Red Bull Bragantino     @5.70  —
   20:00 2x2       Inter Miami CF x San Diego FC      @17.00 —
   21:00 Draw      Toluca x Santos Laguna             @7.60  —
   21:30 Over 4.5  Velez Sarsfield x Tigre            @20.00 —
sem gatilho.
2026-09-20 08:15 | banca R$ 4001 (composta (pagina 02, 749 jogos ate 2026-09-20)) | liquidados 0/41 | 0G/0R | P&L R$ +0.00 (+0.0%)
   07:15 Draw      Feyenoord x FC Utrecht             @6.60  —
   08:30 Home      Antwerp x Union St Gilloise        @6.00  —
   09:30 Draw      Az Alkmaar x SC Telstar            @7.60  —
   09:30 Draw      Hartberg x LASK Linz               @6.40  —
   10:00 Draw      Marumo Gallants FC x Orlando Pirat @5.20  —
   10:00 0x3       NK Bravo x Olimpija                @26.00 —
   10:00 2x2       Frosinone x Como                   @17.00 —
   10:00 Home      Frosinone x Como                   @6.60  —
   10:00 Over 4.5  Milford x Durban City              @19.50 —
   10:00 Draw      Man City x Sunderland              @6.00  —
   11:00 Draw      Trans Narva x FCI Tallinn          @8.40  —
   11:00 Draw      Ponte Preta x CRB                  @6.40  —
   11:00 Draw      Levadiakos x Olympiakos            @5.60  —
   11:00 0x3       Gremio x SE Palmeiras              @23.00 —
   11:00 Draw      Fenerbahce x Eyupspor              @9.20  —
   11:30 Draw      Degerfors x Hammarby               @6.20  —
   11:45 Home      Lokomotiv Plovdiv x CSKA Sofia     @8.00  —
   12:00 Draw      Haugesund x Strommen               @6.60  —
   12:00 Home      Siroki Brijeg x Borac Banja Luka   @7.20  —
   12:00 Home      Raufoss x Stromsgodset             @9.80  —
   12:00 Draw      Raufoss x Stromsgodset             @7.40  —
   12:00 Draw      Stabaek x Sogndal                  @7.20  —
   12:00 Draw      Kongsvinger x Hodd                 @7.40  —
   12:00 Draw      NFC Volos x AEK Athens             @6.20  —
   13:00 Draw      Omonia x Digenis Ypsona            @8.80  —
   13:30 Draw      Kalamata x Panathinaikos           @6.20  —
   14:00 Draw      Crvena Zvezda x Radnicki Nis       @9.80  —
   14:15 Home      Brann x Bodo Glimt                 @5.10  —
   15:00 Home      Panaitolikos x PAOK                @7.40  —
   15:00 Draw      Sport Huancayo x UTC Cajamarca     @5.90  —
   15:00 Draw      Dinamo Zagreb x Lokomotiva         @8.40  —
   15:15 Draw      Lech Poznan x Radomiak Radom       @6.20  —
   15:45 Draw      AC Milan x Lecce                   @6.40  —
   15:45 Home      Marseille x Paris St-G             @7.20  —
   16:00 2x2       Valencia x Real Sociedad           @16.50 —
   16:00 Home      Sportivo San Lorenzo x Olimpia     @9.60  —
   17:00 Over 4.5  CA Platense x Newells              @19.50 —
   18:30 Draw      Flamengo x Red Bull Bragantino     @5.70  —
   20:00 2x2       Inter Miami CF x San Diego FC      @17.00 —
   21:00 Draw      Toluca x Santos Laguna             @7.60  —
   21:30 Over 4.5  Velez Sarsfield x Tigre            @20.00 —
sem gatilho.
2026-09-20 08:20 | banca R$ 4001 (composta (pagina 02, 749 jogos ate 2026-09-20)) | liquidados 0/41 | 0G/0R | P&L R$ +0.00 (+0.0%)
   07:15 Draw      Feyenoord x FC Utrecht             @6.60  —
   08:30 Home      Antwerp x Union St Gilloise        @6.00  —
   09:30 Draw      Az Alkmaar x SC Telstar            @7.60  —
   09:30 Draw      Hartberg x LASK Linz               @6.40  —
   10:00 Draw      Marumo Gallants FC x Orlando Pirat @5.20  —
   10:00 0x3       NK Bravo x Olimpija                @26.00 —
   10:00 2x2       Frosinone x Como                   @17.00 —
   10:00 Home      Frosinone x Como                   @6.60  —
   10:00 Over 4.5  Milford x Durban City              @19.50 —
   10:00 Draw      Man City x Sunderland              @6.00  —
   11:00 Draw      Trans Narva x FCI Tallinn          @8.40  —
   11:00 Draw      Ponte Preta x CRB                  @6.40  —
   11:00 Draw      Levadiakos x Olympiakos            @5.60  —
   11:00 0x3       Gremio x SE Palmeiras              @23.00 —
   11:00 Draw      Fenerbahce x Eyupspor              @9.20  —
   11:30 Draw      Degerfors x Hammarby               @6.20  —
   11:45 Home      Lokomotiv Plovdiv x CSKA Sofia     @8.00  —
   12:00 Draw      Haugesund x Strommen               @6.60  —
   12:00 Home      Siroki Brijeg x Borac Banja Luka   @7.20  —
   12:00 Home      Raufoss x Stromsgodset             @9.80  —
   12:00 Draw      Raufoss x Stromsgodset             @7.40  —
   12:00 Draw      Stabaek x Sogndal                  @7.20  —
   12:00 Draw      Kongsvinger x Hodd                 @7.40  —
   12:00 Draw      NFC Volos x AEK Athens             @6.20  —
   13:00 Draw      Omonia x Digenis Ypsona            @8.80  —
   13:30 Draw      Kalamata x Panathinaikos           @6.20  —
   14:00 Draw      Crvena Zvezda x Radnicki Nis       @9.80  —
   14:15 Home      Brann x Bodo Glimt                 @5.10  —
   15:00 Home      Panaitolikos x PAOK                @7.40  —
   15:00 Draw      Sport Huancayo x UTC Cajamarca     @5.90  —
   15:00 Draw      Dinamo Zagreb x Lokomotiva         @8.40  —
   15:15 Draw      Lech Poznan x Radomiak Radom       @6.20  —
   15:45 Draw      AC Milan x Lecce                   @6.40  —
   15:45 Home      Marseille x Paris St-G             @7.20  —
   16:00 2x2       Valencia x Real Sociedad           @16.50 —
   16:00 Home      Sportivo San Lorenzo x Olimpia     @9.60  —
   17:00 Over 4.5  CA Platense x Newells              @19.50 —
   18:30 Draw      Flamengo x Red Bull Bragantino     @5.70  —
   20:00 2x2       Inter Miami CF x San Diego FC      @17.00 —
   21:00 Draw      Toluca x Santos Laguna             @7.60  —
   21:30 Over 4.5  Velez Sarsfield x Tigre            @20.00 —
sem gatilho.
2026-09-20 08:25 | banca R$ 4001 (composta (pagina 02, 749 jogos ate 2026-09-20)) | liquidados 0/41 | 0G/0R | P&L R$ +0.00 (+0.0%)
   07:15 Draw      Feyenoord x FC Utrecht             @6.60  —
   08:30 Home      Antwerp x Union St Gilloise        @6.00  —
   09:30 Draw      Az Alkmaar x SC Telstar            @7.60  —
   09:30 Draw      Hartberg x LASK Linz               @6.40  —
   10:00 Draw      Marumo Gallants FC x Orlando Pirat @5.20  —
   10:00 0x3       NK Bravo x Olimpija                @26.00 —
   10:00 2x2       Frosinone x Como                   @17.00 —
   10:00 Home      Frosinone x Como                   @6.60  —
   10:00 Over 4.5  Milford x Durban City              @19.50 —
   10:00 Draw      Man City x Sunderland              @6.00  —
   11:00 Draw      Trans Narva x FCI Tallinn          @8.40  —
   11:00 Draw      Ponte Preta x CRB                  @6.40  —
   11:00 Draw      Levadiakos x Olympiakos            @5.60  —
   11:00 0x3       Gremio x SE Palmeiras              @23.00 —
   11:00 Draw      Fenerbahce x Eyupspor              @9.20  —
   11:30 Draw      Degerfors x Hammarby               @6.20  —
   11:45 Home      Lokomotiv Plovdiv x CSKA Sofia     @8.00  —
   12:00 Draw      Haugesund x Strommen               @6.60  —
   12:00 Home      Siroki Brijeg x Borac Banja Luka   @7.20  —
   12:00 Home      Raufoss x Stromsgodset             @9.80  —
   12:00 Draw      Raufoss x Stromsgodset             @7.40  —
   12:00 Draw      Stabaek x Sogndal                  @7.20  —
   12:00 Draw      Kongsvinger x Hodd                 @7.40  —
   12:00 Draw      NFC Volos x AEK Athens             @6.20  —
   13:00 Draw      Omonia x Digenis Ypsona            @8.80  —
   13:30 Draw      Kalamata x Panathinaikos           @6.20  —
   14:00 Draw      Crvena Zvezda x Radnicki Nis       @9.80  —
   14:15 Home      Brann x Bodo Glimt                 @5.10  —
   15:00 Home      Panaitolikos x PAOK                @7.40  —
   15:00 Draw      Sport Huancayo x UTC Cajamarca     @5.90  —
   15:00 Draw      Dinamo Zagreb x Lokomotiva         @8.40  —
   15:15 Draw      Lech Poznan x Radomiak Radom       @6.20  —
   15:45 Draw      AC Milan x Lecce                   @6.40  —
   15:45 Home      Marseille x Paris St-G             @7.20  —
   16:00 2x2       Valencia x Real Sociedad           @16.50 —
   16:00 Home      Sportivo San Lorenzo x Olimpia     @9.60  —
   17:00 Over 4.5  CA Platense x Newells              @19.50 —
   18:30 Draw      Flamengo x Red Bull Bragantino     @5.70  —
   20:00 2x2       Inter Miami CF x San Diego FC      @17.00 —
   21:00 Draw      Toluca x Santos Laguna             @7.60  —
   21:30 Over 4.5  Velez Sarsfield x Tigre            @20.00 —
sem gatilho.
2026-09-20 08:30 | banca R$ 4001 (composta (pagina 02, 749 jogos ate 2026-09-20)) | liquidados 0/41 | 0G/0R | P&L R$ +0.00 (+0.0%)
   07:15 Draw      Feyenoord x FC Utrecht             @6.60  —
   08:30 Home      Antwerp x Union St Gilloise        @6.00  —
   09:30 Draw      Az Alkmaar x SC Telstar            @7.60  —
   09:30 Draw      Hartberg x LASK Linz               @6.40  —
   10:00 Draw      Marumo Gallants FC x Orlando Pirat @5.20  —
   10:00 0x3       NK Bravo x Olimpija                @26.00 —
   10:00 2x2       Frosinone x Como                   @17.00 —
   10:00 Home      Frosinone x Como                   @6.60  —
   10:00 Over 4.5  Milford x Durban City              @19.50 —
   10:00 Draw      Man City x Sunderland              @6.00  —
   11:00 Draw      Trans Narva x FCI Tallinn          @8.40  —
   11:00 Draw      Ponte Preta x CRB                  @6.40  —
   11:00 Draw      Levadiakos x Olympiakos            @5.60  —
   11:00 0x3       Gremio x SE Palmeiras              @23.00 —
   11:00 Draw      Fenerbahce x Eyupspor              @9.20  —
   11:30 Draw      Degerfors x Hammarby               @6.20  —
   11:45 Home      Lokomotiv Plovdiv x CSKA Sofia     @8.00  —
   12:00 Draw      Haugesund x Strommen               @6.60  —
   12:00 Home      Siroki Brijeg x Borac Banja Luka   @7.20  —
   12:00 Home      Raufoss x Stromsgodset             @9.80  —
   12:00 Draw      Raufoss x Stromsgodset             @7.40  —
   12:00 Draw      Stabaek x Sogndal                  @7.20  —
   12:00 Draw      Kongsvinger x Hodd                 @7.40  —
   12:00 Draw      NFC Volos x AEK Athens             @6.20  —
   13:00 Draw      Omonia x Digenis Ypsona            @8.80  —
   13:30 Draw      Kalamata x Panathinaikos           @6.20  —
   14:00 Draw      Crvena Zvezda x Radnicki Nis       @9.80  —
   14:15 Home      Brann x Bodo Glimt                 @5.10  —
   15:00 Home      Panaitolikos x PAOK                @7.40  —
   15:00 Draw      Sport Huancayo x UTC Cajamarca     @5.90  —
   15:00 Draw      Dinamo Zagreb x Lokomotiva         @8.40  —
   15:15 Draw      Lech Poznan x Radomiak Radom       @6.20  —
   15:45 Draw      AC Milan x Lecce                   @6.40  —
   15:45 Home      Marseille x Paris St-G             @7.20  —
   16:00 2x2       Valencia x Real Sociedad           @16.50 —
   16:00 Home      Sportivo San Lorenzo x Olimpia     @9.60  —
   17:00 Over 4.5  CA Platense x Newells              @19.50 —
   18:30 Draw      Flamengo x Red Bull Bragantino     @5.70  —
   20:00 2x2       Inter Miami CF x San Diego FC      @17.00 —
   21:00 Draw      Toluca x Santos Laguna             @7.60  —
   21:30 Over 4.5  Velez Sarsfield x Tigre            @20.00 —
sem gatilho.
2026-09-20 08:35 | banca R$ 4001 (composta (pagina 02, 749 jogos ate 2026-09-20)) | liquidados 0/41 | 0G/0R | P&L R$ +0.00 (+0.0%)
   07:15 Draw      Feyenoord x FC Utrecht             @6.60  —
   08:30 Home      Antwerp x Union St Gilloise        @6.00  —
   09:30 Draw      Az Alkmaar x SC Telstar            @7.60  —
   09:30 Draw      Hartberg x LASK Linz               @6.40  —
   10:00 Draw      Marumo Gallants FC x Orlando Pirat @5.20  —
   10:00 0x3       NK Bravo x Olimpija                @26.00 —
   10:00 2x2       Frosinone x Como                   @17.00 —
   10:00 Home      Frosinone x Como                   @6.60  —
   10:00 Over 4.5  Milford x Durban City              @19.50 —
   10:00 Draw      Man City x Sunderland              @6.00  —
   11:00 Draw      Trans Narva x FCI Tallinn          @8.40  —
   11:00 Draw      Ponte Preta x CRB                  @6.40  —
   11:00 Draw      Levadiakos x Olympiakos            @5.60  —
   11:00 0x3       Gremio x SE Palmeiras              @23.00 —
   11:00 Draw      Fenerbahce x Eyupspor              @9.20  —
   11:30 Draw      Degerfors x Hammarby               @6.20  —
   11:45 Home      Lokomotiv Plovdiv x CSKA Sofia     @8.00  —
   12:00 Draw      Haugesund x Strommen               @6.60  —
   12:00 Home      Siroki Brijeg x Borac Banja Luka   @7.20  —
   12:00 Home      Raufoss x Stromsgodset             @9.80  —
   12:00 Draw      Raufoss x Stromsgodset             @7.40  —
   12:00 Draw      Stabaek x Sogndal                  @7.20  —
   12:00 Draw      Kongsvinger x Hodd                 @7.40  —
   12:00 Draw      NFC Volos x AEK Athens             @6.20  —
   13:00 Draw      Omonia x Digenis Ypsona            @8.80  —
   13:30 Draw      Kalamata x Panathinaikos           @6.20  —
   14:00 Draw      Crvena Zvezda x Radnicki Nis       @9.80  —
   14:15 Home      Brann x Bodo Glimt                 @5.10  —
   15:00 Home      Panaitolikos x PAOK                @7.40  —
   15:00 Draw      Sport Huancayo x UTC Cajamarca     @5.90  —
   15:00 Draw      Dinamo Zagreb x Lokomotiva         @8.40  —
   15:15 Draw      Lech Poznan x Radomiak Radom       @6.20  —
   15:45 Draw      AC Milan x Lecce                   @6.40  —
   15:45 Home      Marseille x Paris St-G             @7.20  —
   16:00 2x2       Valencia x Real Sociedad           @16.50 —
   16:00 Home      Sportivo San Lorenzo x Olimpia     @9.60  —
   17:00 Over 4.5  CA Platense x Newells              @19.50 —
   18:30 Draw      Flamengo x Red Bull Bragantino     @5.70  —
   20:00 2x2       Inter Miami CF x San Diego FC      @17.00 —
   21:00 Draw      Toluca x Santos Laguna             @7.60  —
   21:30 Over 4.5  Velez Sarsfield x Tigre            @20.00 —
sem gatilho.
2026-09-20 08:40 | banca R$ 4001 (composta (pagina 02, 749 jogos ate 2026-09-20)) | liquidados 0/41 | 0G/0R | P&L R$ +0.00 (+0.0%)
   07:15 Draw      Feyenoord x FC Utrecht             @6.60  —
   08:30 Home      Antwerp x Union St Gilloise        @6.00  —
   09:30 Draw      Az Alkmaar x SC Telstar            @7.60  —
   09:30 Draw      Hartberg x LASK Linz               @6.40  —
   10:00 Draw      Marumo Gallants FC x Orlando Pirat @5.20  —
   10:00 0x3       NK Bravo x Olimpija                @26.00 —
   10:00 2x2       Frosinone x Como                   @17.00 —
   10:00 Home      Frosinone x Como                   @6.60  —
   10:00 Over 4.5  Milford x Durban City              @19.50 —
   10:00 Draw      Man City x Sunderland              @6.00  —
   11:00 Draw      Trans Narva x FCI Tallinn          @8.40  —
   11:00 Draw      Ponte Preta x CRB                  @6.40  —
   11:00 Draw      Levadiakos x Olympiakos            @5.60  —
   11:00 0x3       Gremio x SE Palmeiras              @23.00 —
   11:00 Draw      Fenerbahce x Eyupspor              @9.20  —
   11:30 Draw      Degerfors x Hammarby               @6.20  —
   11:45 Home      Lokomotiv Plovdiv x CSKA Sofia     @8.00  —
   12:00 Draw      Haugesund x Strommen               @6.60  —
   12:00 Home      Siroki Brijeg x Borac Banja Luka   @7.20  —
   12:00 Home      Raufoss x Stromsgodset             @9.80  —
   12:00 Draw      Raufoss x Stromsgodset             @7.40  —
   12:00 Draw      Stabaek x Sogndal                  @7.20  —
   12:00 Draw      Kongsvinger x Hodd                 @7.40  —
   12:00 Draw      NFC Volos x AEK Athens             @6.20  —
   13:00 Draw      Omonia x Digenis Ypsona            @8.80  —
   13:30 Draw      Kalamata x Panathinaikos           @6.20  —
   14:00 Draw      Crvena Zvezda x Radnicki Nis       @9.80  —
   14:15 Home      Brann x Bodo Glimt                 @5.10  —
   15:00 Home      Panaitolikos x PAOK                @7.40  —
   15:00 Draw      Sport Huancayo x UTC Cajamarca     @5.90  —
   15:00 Draw      Dinamo Zagreb x Lokomotiva         @8.40  —
   15:15 Draw      Lech Poznan x Radomiak Radom       @6.20  —
   15:45 Draw      AC Milan x Lecce                   @6.40  —
   15:45 Home      Marseille x Paris St-G             @7.20  —
   16:00 2x2       Valencia x Real Sociedad           @16.50 —
   16:00 Home      Sportivo San Lorenzo x Olimpia     @9.60  —
   17:00 Over 4.5  CA Platense x Newells              @19.50 —
   18:30 Draw      Flamengo x Red Bull Bragantino     @5.70  —
   20:00 2x2       Inter Miami CF x San Diego FC      @17.00 —
   21:00 Draw      Toluca x Santos Laguna             @7.60  —
   21:30 Over 4.5  Velez Sarsfield x Tigre            @20.00 —
sem gatilho.
2026-09-20 08:45 | banca R$ 4001 (composta (pagina 02, 749 jogos ate 2026-09-20)) | liquidados 0/41 | 0G/0R | P&L R$ +0.00 (+0.0%)
   07:15 Draw      Feyenoord x FC Utrecht             @6.60  —
   08:30 Home      Antwerp x Union St Gilloise        @6.00  —
   09:30 Draw      Az Alkmaar x SC Telstar            @7.60  —
   09:30 Draw      Hartberg x LASK Linz               @6.40  —
   10:00 Draw      Marumo Gallants FC x Orlando Pirat @5.20  —
   10:00 0x3       NK Bravo x Olimpija                @26.00 —
   10:00 2x2       Frosinone x Como                   @17.00 —
   10:00 Home      Frosinone x Como                   @6.60  —
   10:00 Over 4.5  Milford x Durban City              @19.50 —
   10:00 Draw      Man City x Sunderland              @6.00  —
   11:00 Draw      Trans Narva x FCI Tallinn          @8.40  —
   11:00 Draw      Ponte Preta x CRB                  @6.40  —
   11:00 Draw      Levadiakos x Olympiakos            @5.60  —
   11:00 0x3       Gremio x SE Palmeiras              @23.00 —
   11:00 Draw      Fenerbahce x Eyupspor              @9.20  —
   11:30 Draw      Degerfors x Hammarby               @6.20  —
   11:45 Home      Lokomotiv Plovdiv x CSKA Sofia     @8.00  —
   12:00 Draw      Haugesund x Strommen               @6.60  —
   12:00 Home      Siroki Brijeg x Borac Banja Luka   @7.20  —
   12:00 Home      Raufoss x Stromsgodset             @9.80  —
   12:00 Draw      Raufoss x Stromsgodset             @7.40  —
   12:00 Draw      Stabaek x Sogndal                  @7.20  —
   12:00 Draw      Kongsvinger x Hodd                 @7.40  —
   12:00 Draw      NFC Volos x AEK Athens             @6.20  —
   13:00 Draw      Omonia x Digenis Ypsona            @8.80  —
   13:30 Draw      Kalamata x Panathinaikos           @6.20  —
   14:00 Draw      Crvena Zvezda x Radnicki Nis       @9.80  —
   14:15 Home      Brann x Bodo Glimt                 @5.10  —
   15:00 Home      Panaitolikos x PAOK                @7.40  —
   15:00 Draw      Sport Huancayo x UTC Cajamarca     @5.90  —
   15:00 Draw      Dinamo Zagreb x Lokomotiva         @8.40  —
   15:15 Draw      Lech Poznan x Radomiak Radom       @6.20  —
   15:45 Draw      AC Milan x Lecce                   @6.40  —
   15:45 Home      Marseille x Paris St-G             @7.20  —
   16:00 2x2       Valencia x Real Sociedad           @16.50 —
   16:00 Home      Sportivo San Lorenzo x Olimpia     @9.60  —
   17:00 Over 4.5  CA Platense x Newells              @19.50 —
   18:30 Draw      Flamengo x Red Bull Bragantino     @5.70  —
   20:00 2x2       Inter Miami CF x San Diego FC      @17.00 —
   21:00 Draw      Toluca x Santos Laguna             @7.60  —
   21:30 Over 4.5  Velez Sarsfield x Tigre            @20.00 —
sem gatilho.
2026-09-20 08:50 | banca R$ 4001 (composta (pagina 02, 749 jogos ate 2026-09-20)) | liquidados 0/41 | 0G/0R | P&L R$ +0.00 (+0.0%)
   07:15 Draw      Feyenoord x FC Utrecht             @6.60  —
   08:30 Home      Antwerp x Union St Gilloise        @6.00  —
   09:30 Draw      Az Alkmaar x SC Telstar            @7.60  —
   09:30 Draw      Hartberg x LASK Linz               @6.40  —
   10:00 Draw      Marumo Gallants FC x Orlando Pirat @5.20  —
   10:00 0x3       NK Bravo x Olimpija                @26.00 —
   10:00 2x2       Frosinone x Como                   @17.00 —
   10:00 Home      Frosinone x Como                   @6.60  —
   10:00 Over 4.5  Milford x Durban City              @19.50 —
   10:00 Draw      Man City x Sunderland              @6.00  —
   11:00 Draw      Trans Narva x FCI Tallinn          @8.40  —
   11:00 Draw      Ponte Preta x CRB                  @6.40  —
   11:00 Draw      Levadiakos x Olympiakos            @5.60  —
   11:00 0x3       Gremio x SE Palmeiras              @23.00 —
   11:00 Draw      Fenerbahce x Eyupspor              @9.20  —
   11:30 Draw      Degerfors x Hammarby               @6.20  —
   11:45 Home      Lokomotiv Plovdiv x CSKA Sofia     @8.00  —
   12:00 Draw      Haugesund x Strommen               @6.60  —
   12:00 Home      Siroki Brijeg x Borac Banja Luka   @7.20  —
   12:00 Home      Raufoss x Stromsgodset             @9.80  —
   12:00 Draw      Raufoss x Stromsgodset             @7.40  —
   12:00 Draw      Stabaek x Sogndal                  @7.20  —
   12:00 Draw      Kongsvinger x Hodd                 @7.40  —
   12:00 Draw      NFC Volos x AEK Athens             @6.20  —
   13:00 Draw      Omonia x Digenis Ypsona            @8.80  —
   13:30 Draw      Kalamata x Panathinaikos           @6.20  —
   14:00 Draw      Crvena Zvezda x Radnicki Nis       @9.80  —
   14:15 Home      Brann x Bodo Glimt                 @5.10  —
   15:00 Home      Panaitolikos x PAOK                @7.40  —
   15:00 Draw      Sport Huancayo x UTC Cajamarca     @5.90  —
   15:00 Draw      Dinamo Zagreb x Lokomotiva         @8.40  —
   15:15 Draw      Lech Poznan x Radomiak Radom       @6.20  —
   15:45 Draw      AC Milan x Lecce                   @6.40  —
   15:45 Home      Marseille x Paris St-G             @7.20  —
   16:00 2x2       Valencia x Real Sociedad           @16.50 —
   16:00 Home      Sportivo San Lorenzo x Olimpia     @9.60  —
   17:00 Over 4.5  CA Platense x Newells              @19.50 —
   18:30 Draw      Flamengo x Red Bull Bragantino     @5.70  —
   20:00 2x2       Inter Miami CF x San Diego FC      @17.00 —
   21:00 Draw      Toluca x Santos Laguna             @7.60  —
   21:30 Over 4.5  Velez Sarsfield x Tigre            @20.00 —
sem gatilho.
2026-09-20 08:55 | banca R$ 4001 (composta (pagina 02, 749 jogos ate 2026-09-20)) | liquidados 0/41 | 0G/0R | P&L R$ +0.00 (+0.0%)
   07:15 Draw      Feyenoord x FC Utrecht             @6.60  —
   08:30 Home      Antwerp x Union St Gilloise        @6.00  —
   09:30 Draw      Az Alkmaar x SC Telstar            @7.60  —
   09:30 Draw      Hartberg x LASK Linz               @6.40  —
   10:00 Draw      Marumo Gallants FC x Orlando Pirat @5.20  —
   10:00 0x3       NK Bravo x Olimpija                @26.00 —
   10:00 2x2       Frosinone x Como                   @17.00 —
   10:00 Home      Frosinone x Como                   @6.60  —
   10:00 Over 4.5  Milford x Durban City              @19.50 —
   10:00 Draw      Man City x Sunderland              @6.00  —
   11:00 Draw      Trans Narva x FCI Tallinn          @8.40  —
   11:00 Draw      Ponte Preta x CRB                  @6.40  —
   11:00 Draw      Levadiakos x Olympiakos            @5.60  —
   11:00 0x3       Gremio x SE Palmeiras              @23.00 —
   11:00 Draw      Fenerbahce x Eyupspor              @9.20  —
   11:30 Draw      Degerfors x Hammarby               @6.20  —
   11:45 Home      Lokomotiv Plovdiv x CSKA Sofia     @8.00  —
   12:00 Draw      Haugesund x Strommen               @6.60  —
   12:00 Home      Siroki Brijeg x Borac Banja Luka   @7.20  —
   12:00 Home      Raufoss x Stromsgodset             @9.80  —
   12:00 Draw      Raufoss x Stromsgodset             @7.40  —
   12:00 Draw      Stabaek x Sogndal                  @7.20  —
   12:00 Draw      Kongsvinger x Hodd                 @7.40  —
   12:00 Draw      NFC Volos x AEK Athens             @6.20  —
   13:00 Draw      Omonia x Digenis Ypsona            @8.80  —
   13:30 Draw      Kalamata x Panathinaikos           @6.20  —
   14:00 Draw      Crvena Zvezda x Radnicki Nis       @9.80  —
   14:15 Home      Brann x Bodo Glimt                 @5.10  —
   15:00 Home      Panaitolikos x PAOK                @7.40  —
   15:00 Draw      Sport Huancayo x UTC Cajamarca     @5.90  —
   15:00 Draw      Dinamo Zagreb x Lokomotiva         @8.40  —
   15:15 Draw      Lech Poznan x Radomiak Radom       @6.20  —
   15:45 Draw      AC Milan x Lecce                   @6.40  —
   15:45 Home      Marseille x Paris St-G             @7.20  —
   16:00 2x2       Valencia x Real Sociedad           @16.50 —
   16:00 Home      Sportivo San Lorenzo x Olimpia     @9.60  —
   17:00 Over 4.5  CA Platense x Newells              @19.50 —
   18:30 Draw      Flamengo x Red Bull Bragantino     @5.70  —
   20:00 2x2       Inter Miami CF x San Diego FC      @17.00 —
   21:00 Draw      Toluca x Santos Laguna             @7.60  —
   21:30 Over 4.5  Velez Sarsfield x Tigre            @20.00 —
sem gatilho.
2026-09-20 09:00 | banca R$ 4001 (composta (pagina 02, 749 jogos ate 2026-09-20)) | liquidados 0/41 | 0G/0R | P&L R$ +0.00 (+0.0%)
   07:15 Draw      Feyenoord x FC Utrecht             @6.60  —
   08:30 Home      Antwerp x Union St Gilloise        @6.00  —
   09:30 Draw      Az Alkmaar x SC Telstar            @7.60  —
   09:30 Draw      Hartberg x LASK Linz               @6.40  —
   10:00 Draw      Marumo Gallants FC x Orlando Pirat @5.20  —
   10:00 0x3       NK Bravo x Olimpija                @26.00 —
   10:00 2x2       Frosinone x Como                   @17.00 —
   10:00 Home      Frosinone x Como                   @6.60  —
   10:00 Over 4.5  Milford x Durban City              @19.50 —
   10:00 Draw      Man City x Sunderland              @6.00  —
   11:00 Draw      Trans Narva x FCI Tallinn          @8.40  —
   11:00 Draw      Ponte Preta x CRB                  @6.40  —
   11:00 Draw      Levadiakos x Olympiakos            @5.60  —
   11:00 0x3       Gremio x SE Palmeiras              @23.00 —
   11:00 Draw      Fenerbahce x Eyupspor              @9.20  —
   11:30 Draw      Degerfors x Hammarby               @6.20  —
   11:45 Home      Lokomotiv Plovdiv x CSKA Sofia     @8.00  —
   12:00 Draw      Haugesund x Strommen               @6.60  —
   12:00 Home      Siroki Brijeg x Borac Banja Luka   @7.20  —
   12:00 Home      Raufoss x Stromsgodset             @9.80  —
   12:00 Draw      Raufoss x Stromsgodset             @7.40  —
   12:00 Draw      Stabaek x Sogndal                  @7.20  —
   12:00 Draw      Kongsvinger x Hodd                 @7.40  —
   12:00 Draw      NFC Volos x AEK Athens             @6.20  —
   13:00 Draw      Omonia x Digenis Ypsona            @8.80  —
   13:30 Draw      Kalamata x Panathinaikos           @6.20  —
   14:00 Draw      Crvena Zvezda x Radnicki Nis       @9.80  —
   14:15 Home      Brann x Bodo Glimt                 @5.10  —
   15:00 Home      Panaitolikos x PAOK                @7.40  —
   15:00 Draw      Sport Huancayo x UTC Cajamarca     @5.90  —
   15:00 Draw      Dinamo Zagreb x Lokomotiva         @8.40  —
   15:15 Draw      Lech Poznan x Radomiak Radom       @6.20  —
   15:45 Draw      AC Milan x Lecce                   @6.40  —
   15:45 Home      Marseille x Paris St-G             @7.20  —
   16:00 2x2       Valencia x Real Sociedad           @16.50 —
   16:00 Home      Sportivo San Lorenzo x Olimpia     @9.60  —
   17:00 Over 4.5  CA Platense x Newells              @19.50 —
   18:30 Draw      Flamengo x Red Bull Bragantino     @5.70  —
   20:00 2x2       Inter Miami CF x San Diego FC      @17.00 —
   21:00 Draw      Toluca x Santos Laguna             @7.60  —
   21:30 Over 4.5  Velez Sarsfield x Tigre            @20.00 —
sem gatilho.
2026-09-20 09:05 | banca R$ 4001 (composta (pagina 02, 749 jogos ate 2026-09-20)) | liquidados 0/41 | 0G/0R | P&L R$ +0.00 (+0.0%)
   07:15 Draw      Feyenoord x FC Utrecht             @6.60  —
   08:30 Home      Antwerp x Union St Gilloise        @6.00  —
   09:30 Draw      Az Alkmaar x SC Telstar            @7.60  —
   09:30 Draw      Hartberg x LASK Linz               @6.40  —
   10:00 Draw      Marumo Gallants FC x Orlando Pirat @5.20  —
   10:00 0x3       NK Bravo x Olimpija                @26.00 —
   10:00 2x2       Frosinone x Como                   @17.00 —
   10:00 Home      Frosinone x Como                   @6.60  —
   10:00 Over 4.5  Milford x Durban City              @19.50 —
   10:00 Draw      Man City x Sunderland              @6.00  —
   11:00 Draw      Trans Narva x FCI Tallinn          @8.40  —
   11:00 Draw      Ponte Preta x CRB                  @6.40  —
   11:00 Draw      Levadiakos x Olympiakos            @5.60  —
   11:00 0x3       Gremio x SE Palmeiras              @23.00 —
   11:00 Draw      Fenerbahce x Eyupspor              @9.20  —
   11:30 Draw      Degerfors x Hammarby               @6.20  —
   11:45 Home      Lokomotiv Plovdiv x CSKA Sofia     @8.00  —
   12:00 Draw      Haugesund x Strommen               @6.60  —
   12:00 Home      Siroki Brijeg x Borac Banja Luka   @7.20  —
   12:00 Home      Raufoss x Stromsgodset             @9.80  —
   12:00 Draw      Raufoss x Stromsgodset             @7.40  —
   12:00 Draw      Stabaek x Sogndal                  @7.20  —
   12:00 Draw      Kongsvinger x Hodd                 @7.40  —
   12:00 Draw      NFC Volos x AEK Athens             @6.20  —
   13:00 Draw      Omonia x Digenis Ypsona            @8.80  —
   13:30 Draw      Kalamata x Panathinaikos           @6.20  —
   14:00 Draw      Crvena Zvezda x Radnicki Nis       @9.80  —
   14:15 Home      Brann x Bodo Glimt                 @5.10  —
   15:00 Home      Panaitolikos x PAOK                @7.40  —
   15:00 Draw      Sport Huancayo x UTC Cajamarca     @5.90  —
   15:00 Draw      Dinamo Zagreb x Lokomotiva         @8.40  —
   15:15 Draw      Lech Poznan x Radomiak Radom       @6.20  —
   15:45 Draw      AC Milan x Lecce                   @6.40  —
   15:45 Home      Marseille x Paris St-G             @7.20  —
   16:00 2x2       Valencia x Real Sociedad           @16.50 —
   16:00 Home      Sportivo San Lorenzo x Olimpia     @9.60  —
   17:00 Over 4.5  CA Platense x Newells              @19.50 —
   18:30 Draw      Flamengo x Red Bull Bragantino     @5.70  —
   20:00 2x2       Inter Miami CF x San Diego FC      @17.00 —
   21:00 Draw      Toluca x Santos Laguna             @7.60  —
   21:30 Over 4.5  Velez Sarsfield x Tigre            @20.00 —
sem gatilho.
2026-09-20 09:10 | banca R$ 4001 (composta (pagina 02, 749 jogos ate 2026-09-20)) | liquidados 0/41 | 0G/0R | P&L R$ +0.00 (+0.0%)
   07:15 Draw      Feyenoord x FC Utrecht             @6.60  —
   08:30 Home      Antwerp x Union St Gilloise        @6.00  —
   09:30 Draw      Az Alkmaar x SC Telstar            @7.60  —
   09:30 Draw      Hartberg x LASK Linz               @6.40  —
   10:00 Draw      Marumo Gallants FC x Orlando Pirat @5.20  —
   10:00 0x3       NK Bravo x Olimpija                @26.00 —
   10:00 2x2       Frosinone x Como                   @17.00 —
   10:00 Home      Frosinone x Como                   @6.60  —
   10:00 Over 4.5  Milford x Durban City              @19.50 —
   10:00 Draw      Man City x Sunderland              @6.00  —
   11:00 Draw      Trans Narva x FCI Tallinn          @8.40  —
   11:00 Draw      Ponte Preta x CRB                  @6.40  —
   11:00 Draw      Levadiakos x Olympiakos            @5.60  —
   11:00 0x3       Gremio x SE Palmeiras              @23.00 —
   11:00 Draw      Fenerbahce x Eyupspor              @9.20  —
   11:30 Draw      Degerfors x Hammarby               @6.20  —
   11:45 Home      Lokomotiv Plovdiv x CSKA Sofia     @8.00  —
   12:00 Draw      Haugesund x Strommen               @6.60  —
   12:00 Home      Siroki Brijeg x Borac Banja Luka   @7.20  —
   12:00 Home      Raufoss x Stromsgodset             @9.80  —
   12:00 Draw      Raufoss x Stromsgodset             @7.40  —
   12:00 Draw      Stabaek x Sogndal                  @7.20  —
   12:00 Draw      Kongsvinger x Hodd                 @7.40  —
   12:00 Draw      NFC Volos x AEK Athens             @6.20  —
   13:00 Draw      Omonia x Digenis Ypsona            @8.80  —
   13:30 Draw      Kalamata x Panathinaikos           @6.20  —
   14:00 Draw      Crvena Zvezda x Radnicki Nis       @9.80  —
   14:15 Home      Brann x Bodo Glimt                 @5.10  —
   15:00 Home      Panaitolikos x PAOK                @7.40  —
   15:00 Draw      Sport Huancayo x UTC Cajamarca     @5.90  —
   15:00 Draw      Dinamo Zagreb x Lokomotiva         @8.40  —
   15:15 Draw      Lech Poznan x Radomiak Radom       @6.20  —
   15:45 Draw      AC Milan x Lecce                   @6.40  —
   15:45 Home      Marseille x Paris St-G             @7.20  —
   16:00 2x2       Valencia x Real Sociedad           @16.50 —
   16:00 Home      Sportivo San Lorenzo x Olimpia     @9.60  —
   17:00 Over 4.5  CA Platense x Newells              @19.50 —
   18:30 Draw      Flamengo x Red Bull Bragantino     @5.70  —
   20:00 2x2       Inter Miami CF x San Diego FC      @17.00 —
   21:00 Draw      Toluca x Santos Laguna             @7.60  —
   21:30 Over 4.5  Velez Sarsfield x Tigre            @20.00 —
sem gatilho.
2026-09-20 09:15 | banca R$ 4001 (composta (pagina 02, 749 jogos ate 2026-09-20)) | liquidados 1/41 | 1G/0R | P&L R$ +33.93 (+0.8%)
   07:15 Draw      Feyenoord x FC Utrecht             @6.60  AO Home Win GREEN R$+34
   08:30 Home      Antwerp x Union St Gilloise        @6.00  —
   09:30 Draw      Az Alkmaar x SC Telstar            @7.60  —
   09:30 Draw      Hartberg x LASK Linz               @6.40  —
   10:00 Draw      Marumo Gallants FC x Orlando Pirat @5.20  —
   10:00 0x3       NK Bravo x Olimpija                @26.00 —
   10:00 2x2       Frosinone x Como                   @17.00 —
   10:00 Home      Frosinone x Como                   @6.60  —
   10:00 Over 4.5  Milford x Durban City              @19.50 —
   10:00 Draw      Man City x Sunderland              @6.00  —
   11:00 Draw      Trans Narva x FCI Tallinn          @8.40  —
   11:00 Draw      Ponte Preta x CRB                  @6.40  —
   11:00 Draw      Levadiakos x Olympiakos            @5.60  —
   11:00 0x3       Gremio x SE Palmeiras              @23.00 —
   11:00 Draw      Fenerbahce x Eyupspor              @9.20  —
   11:30 Draw      Degerfors x Hammarby               @6.20  —
   11:45 Home      Lokomotiv Plovdiv x CSKA Sofia     @8.00  —
   12:00 Draw      Haugesund x Strommen               @6.60  —
   12:00 Home      Siroki Brijeg x Borac Banja Luka   @7.20  —
   12:00 Home      Raufoss x Stromsgodset             @9.80  —
   12:00 Draw      Raufoss x Stromsgodset             @7.40  —
   12:00 Draw      Stabaek x Sogndal                  @7.20  —
   12:00 Draw      Kongsvinger x Hodd                 @7.40  —
   12:00 Draw      NFC Volos x AEK Athens             @6.20  —
   13:00 Draw      Omonia x Digenis Ypsona            @8.80  —
   13:30 Draw      Kalamata x Panathinaikos           @6.20  —
   14:00 Draw      Crvena Zvezda x Radnicki Nis       @9.80  —
   14:15 Home      Brann x Bodo Glimt                 @5.10  —
   15:00 Home      Panaitolikos x PAOK                @7.40  —
   15:00 Draw      Sport Huancayo x UTC Cajamarca     @5.90  —
   15:00 Draw      Dinamo Zagreb x Lokomotiva         @8.40  —
   15:15 Draw      Lech Poznan x Radomiak Radom       @6.20  —
   15:45 Draw      AC Milan x Lecce                   @6.40  —
   15:45 Home      Marseille x Paris St-G             @7.20  —
   16:00 2x2       Valencia x Real Sociedad           @16.50 —
   16:00 Home      Sportivo San Lorenzo x Olimpia     @9.60  —
   17:00 Over 4.5  CA Platense x Newells              @19.50 —
   18:30 Draw      Flamengo x Red Bull Bragantino     @5.70  —
   20:00 2x2       Inter Miami CF x San Diego FC      @17.00 —
   21:00 Draw      Toluca x Santos Laguna             @7.60  —
   21:30 Over 4.5  Velez Sarsfield x Tigre            @20.00 —
sem gatilho.
2026-09-20 09:20 | banca R$ 4001 (composta (pagina 02, 749 jogos ate 2026-09-20)) | liquidados 1/41 | 1G/0R | P&L R$ +33.93 (+0.8%)
   07:15 Draw      Feyenoord x FC Utrecht             @6.60  AO Home Win GREEN R$+34
   08:30 Home      Antwerp x Union St Gilloise        @6.00  —
   09:30 Draw      Az Alkmaar x SC Telstar            @7.60  —
   09:30 Draw      Hartberg x LASK Linz               @6.40  —
   10:00 Draw      Marumo Gallants FC x Orlando Pirat @5.20  —
   10:00 0x3       NK Bravo x Olimpija                @26.00 —
   10:00 2x2       Frosinone x Como                   @17.00 —
   10:00 Home      Frosinone x Como                   @6.60  —
   10:00 Over 4.5  Milford x Durban City              @19.50 —
   10:00 Draw      Man City x Sunderland              @6.00  —
   11:00 Draw      Trans Narva x FCI Tallinn          @8.40  —
   11:00 Draw      Ponte Preta x CRB                  @6.40  —
   11:00 Draw      Levadiakos x Olympiakos            @5.60  —
   11:00 0x3       Gremio x SE Palmeiras              @23.00 —
   11:00 Draw      Fenerbahce x Eyupspor              @9.20  —
   11:30 Draw      Degerfors x Hammarby               @6.20  —
   11:45 Home      Lokomotiv Plovdiv x CSKA Sofia     @8.00  —
   12:00 Draw      Haugesund x Strommen               @6.60  —
   12:00 Home      Siroki Brijeg x Borac Banja Luka   @7.20  —
   12:00 Home      Raufoss x Stromsgodset             @9.80  —
   12:00 Draw      Raufoss x Stromsgodset             @7.40  —
   12:00 Draw      Stabaek x Sogndal                  @7.20  —
   12:00 Draw      Kongsvinger x Hodd                 @7.40  —
   12:00 Draw      NFC Volos x AEK Athens             @6.20  —
   13:00 Draw      Omonia x Digenis Ypsona            @8.80  —
   13:30 Draw      Kalamata x Panathinaikos           @6.20  —
   14:00 Draw      Crvena Zvezda x Radnicki Nis       @9.80  —
   14:15 Home      Brann x Bodo Glimt                 @5.10  —
   15:00 Home      Panaitolikos x PAOK                @7.40  —
   15:00 Draw      Sport Huancayo x UTC Cajamarca     @5.90  —
   15:00 Draw      Dinamo Zagreb x Lokomotiva         @8.40  —
   15:15 Draw      Lech Poznan x Radomiak Radom       @6.20  —
   15:45 Draw      AC Milan x Lecce                   @6.40  —
   15:45 Home      Marseille x Paris St-G             @7.20  —
   16:00 2x2       Valencia x Real Sociedad           @16.50 —
   16:00 Home      Sportivo San Lorenzo x Olimpia     @9.60  —
   17:00 Over 4.5  CA Platense x Newells              @19.50 —
   18:30 Draw      Flamengo x Red Bull Bragantino     @5.70  —
   20:00 2x2       Inter Miami CF x San Diego FC      @17.00 —
   21:00 Draw      Toluca x Santos Laguna             @7.60  —
   21:30 Over 4.5  Velez Sarsfield x Tigre            @20.00 —
sem gatilho.
2026-09-20 09:25 | banca R$ 4001 (composta (pagina 02, 749 jogos ate 2026-09-20)) | liquidados 1/41 | 1G/0R | P&L R$ +33.93 (+0.8%)
   07:15 Draw      Feyenoord x FC Utrecht             @6.60  AO Home Win GREEN R$+34
   08:30 Home      Antwerp x Union St Gilloise        @6.00  —
   09:30 Draw      Az Alkmaar x SC Telstar            @7.60  —
   09:30 Draw      Hartberg x LASK Linz               @6.40  —
   10:00 Draw      Marumo Gallants FC x Orlando Pirat @5.20  —
   10:00 0x3       NK Bravo x Olimpija                @26.00 —
   10:00 2x2       Frosinone x Como                   @17.00 —
   10:00 Home      Frosinone x Como                   @6.60  —
   10:00 Over 4.5  Milford x Durban City              @19.50 —
   10:00 Draw      Man City x Sunderland              @6.00  —
   11:00 Draw      Trans Narva x FCI Tallinn          @8.40  —
   11:00 Draw      Ponte Preta x CRB                  @6.40  —
   11:00 Draw      Levadiakos x Olympiakos            @5.60  —
   11:00 0x3       Gremio x SE Palmeiras              @23.00 —
   11:00 Draw      Fenerbahce x Eyupspor              @9.20  —
   11:30 Draw      Degerfors x Hammarby               @6.20  —
   11:45 Home      Lokomotiv Plovdiv x CSKA Sofia     @8.00  —
   12:00 Draw      Haugesund x Strommen               @6.60  —
   12:00 Home      Siroki Brijeg x Borac Banja Luka   @7.20  —
   12:00 Home      Raufoss x Stromsgodset             @9.80  —
   12:00 Draw      Raufoss x Stromsgodset             @7.40  —
   12:00 Draw      Stabaek x Sogndal                  @7.20  —
   12:00 Draw      Kongsvinger x Hodd                 @7.40  —
   12:00 Draw      NFC Volos x AEK Athens             @6.20  —
   13:00 Draw      Omonia x Digenis Ypsona            @8.80  —
   13:30 Draw      Kalamata x Panathinaikos           @6.20  —
   14:00 Draw      Crvena Zvezda x Radnicki Nis       @9.80  —
   14:15 Home      Brann x Bodo Glimt                 @5.10  —
   15:00 Home      Panaitolikos x PAOK                @7.40  —
   15:00 Draw      Sport Huancayo x UTC Cajamarca     @5.90  —
   15:00 Draw      Dinamo Zagreb x Lokomotiva         @8.40  —
   15:15 Draw      Lech Poznan x Radomiak Radom       @6.20  —
   15:45 Draw      AC Milan x Lecce                   @6.40  —
   15:45 Home      Marseille x Paris St-G             @7.20  —
   16:00 2x2       Valencia x Real Sociedad           @16.50 —
   16:00 Home      Sportivo San Lorenzo x Olimpia     @9.60  —
   17:00 Over 4.5  CA Platense x Newells              @19.50 —
   18:30 Draw      Flamengo x Red Bull Bragantino     @5.70  —
   20:00 2x2       Inter Miami CF x San Diego FC      @17.00 —
   21:00 Draw      Toluca x Santos Laguna             @7.60  —
   21:30 Over 4.5  Velez Sarsfield x Tigre            @20.00 —
sem gatilho.
2026-09-20 09:30 | banca R$ 4001 (composta (pagina 02, 749 jogos ate 2026-09-20)) | liquidados 1/41 | 1G/0R | P&L R$ +33.93 (+0.8%)
   07:15 Draw      Feyenoord x FC Utrecht             @6.60  AO Home Win GREEN R$+34
   08:30 Home      Antwerp x Union St Gilloise        @6.00  —
   09:30 Draw      Az Alkmaar x SC Telstar            @7.60  —
   09:30 Draw      Hartberg x LASK Linz               @6.40  —
   10:00 Draw      Marumo Gallants FC x Orlando Pirat @5.20  —
   10:00 0x3       NK Bravo x Olimpija                @26.00 —
   10:00 2x2       Frosinone x Como                   @17.00 —
   10:00 Home      Frosinone x Como                   @6.60  —
   10:00 Over 4.5  Milford x Durban City              @19.50 —
   10:00 Draw      Man City x Sunderland              @6.00  —
   11:00 Draw      Trans Narva x FCI Tallinn          @8.40  —
   11:00 Draw      Ponte Preta x CRB                  @6.40  —
   11:00 Draw      Levadiakos x Olympiakos            @5.60  —
   11:00 0x3       Gremio x SE Palmeiras              @23.00 —
   11:00 Draw      Fenerbahce x Eyupspor              @9.20  —
   11:30 Draw      Degerfors x Hammarby               @6.20  —
   11:45 Home      Lokomotiv Plovdiv x CSKA Sofia     @8.00  —
   12:00 Draw      Haugesund x Strommen               @6.60  —
   12:00 Home      Siroki Brijeg x Borac Banja Luka   @7.20  —
   12:00 Home      Raufoss x Stromsgodset             @9.80  —
   12:00 Draw      Raufoss x Stromsgodset             @7.40  —
   12:00 Draw      Stabaek x Sogndal                  @7.20  —
   12:00 Draw      Kongsvinger x Hodd                 @7.40  —
   12:00 Draw      NFC Volos x AEK Athens             @6.20  —
   13:00 Draw      Omonia x Digenis Ypsona            @8.80  —
   13:30 Draw      Kalamata x Panathinaikos           @6.20  —
   14:00 Draw      Crvena Zvezda x Radnicki Nis       @9.80  —
   14:15 Home      Brann x Bodo Glimt                 @5.10  —
   15:00 Home      Panaitolikos x PAOK                @7.40  —
   15:00 Draw      Sport Huancayo x UTC Cajamarca     @5.90  —
   15:00 Draw      Dinamo Zagreb x Lokomotiva         @8.40  —
   15:15 Draw      Lech Poznan x Radomiak Radom       @6.20  —
   15:45 Draw      AC Milan x Lecce                   @6.40  —
   15:45 Home      Marseille x Paris St-G             @7.20  —
   16:00 2x2       Valencia x Real Sociedad           @16.50 —
   16:00 Home      Sportivo San Lorenzo x Olimpia     @9.60  —
   17:00 Over 4.5  CA Platense x Newells              @19.50 —
   18:30 Draw      Flamengo x Red Bull Bragantino     @5.70  —
   20:00 2x2       Inter Miami CF x San Diego FC      @17.00 —
   21:00 Draw      Toluca x Santos Laguna             @7.60  —
   21:30 Over 4.5  Velez Sarsfield x Tigre            @20.00 —
sem gatilho.
2026-09-20 09:35 | banca R$ 4001 (composta (pagina 02, 749 jogos ate 2026-09-20)) | liquidados 1/41 | 1G/0R | P&L R$ +33.93 (+0.8%)
   07:15 Draw      Feyenoord x FC Utrecht             @6.60  AO Home Win GREEN R$+34
   08:30 Home      Antwerp x Union St Gilloise        @6.00  —
   09:30 Draw      Az Alkmaar x SC Telstar            @7.60  —
   09:30 Draw      Hartberg x LASK Linz               @6.40  —
   10:00 Draw      Marumo Gallants FC x Orlando Pirat @5.20  —
   10:00 0x3       NK Bravo x Olimpija                @26.00 —
   10:00 2x2       Frosinone x Como                   @17.00 —
   10:00 Home      Frosinone x Como                   @6.60  —
   10:00 Over 4.5  Milford x Durban City              @19.50 —
   10:00 Draw      Man City x Sunderland              @6.00  —
   11:00 Draw      Trans Narva x FCI Tallinn          @8.40  —
   11:00 Draw      Ponte Preta x CRB                  @6.40  —
   11:00 Draw      Levadiakos x Olympiakos            @5.60  —
   11:00 0x3       Gremio x SE Palmeiras              @23.00 —
   11:00 Draw      Fenerbahce x Eyupspor              @9.20  —
   11:30 Draw      Degerfors x Hammarby               @6.20  —
   11:45 Home      Lokomotiv Plovdiv x CSKA Sofia     @8.00  —
   12:00 Draw      Haugesund x Strommen               @6.60  —
   12:00 Home      Siroki Brijeg x Borac Banja Luka   @7.20  —
   12:00 Home      Raufoss x Stromsgodset             @9.80  —
   12:00 Draw      Raufoss x Stromsgodset             @7.40  —
   12:00 Draw      Stabaek x Sogndal                  @7.20  —
   12:00 Draw      Kongsvinger x Hodd                 @7.40  —
   12:00 Draw      NFC Volos x AEK Athens             @6.20  —
   13:00 Draw      Omonia x Digenis Ypsona            @8.80  —
   13:30 Draw      Kalamata x Panathinaikos           @6.20  —
   14:00 Draw      Crvena Zvezda x Radnicki Nis       @9.80  —
   14:15 Home      Brann x Bodo Glimt                 @5.10  —
   15:00 Home      Panaitolikos x PAOK                @7.40  —
   15:00 Draw      Sport Huancayo x UTC Cajamarca     @5.90  —
   15:00 Draw      Dinamo Zagreb x Lokomotiva         @8.40  —
   15:15 Draw      Lech Poznan x Radomiak Radom       @6.20  —
   15:45 Draw      AC Milan x Lecce                   @6.40  —
   15:45 Home      Marseille x Paris St-G             @7.20  —
   16:00 2x2       Valencia x Real Sociedad           @16.50 —
   16:00 Home      Sportivo San Lorenzo x Olimpia     @9.60  —
   17:00 Over 4.5  CA Platense x Newells              @19.50 —
   18:30 Draw      Flamengo x Red Bull Bragantino     @5.70  —
   20:00 2x2       Inter Miami CF x San Diego FC      @17.00 —
   21:00 Draw      Toluca x Santos Laguna             @7.60  —
   21:30 Over 4.5  Velez Sarsfield x Tigre            @20.00 —
sem gatilho.
2026-09-20 09:40 | banca R$ 4001 (composta (pagina 02, 749 jogos ate 2026-09-20)) | liquidados 1/41 | 1G/0R | P&L R$ +33.93 (+0.8%)
   07:15 Draw      Feyenoord x FC Utrecht             @6.60  AO Home Win GREEN R$+34
   08:30 Home      Antwerp x Union St Gilloise        @6.00  —
   09:30 Draw      Az Alkmaar x SC Telstar            @7.60  —
   09:30 Draw      Hartberg x LASK Linz               @6.40  —
   10:00 Draw      Marumo Gallants FC x Orlando Pirat @5.20  —
   10:00 0x3       NK Bravo x Olimpija                @26.00 —
   10:00 2x2       Frosinone x Como                   @17.00 —
   10:00 Home      Frosinone x Como                   @6.60  —
   10:00 Over 4.5  Milford x Durban City              @19.50 —
   10:00 Draw      Man City x Sunderland              @6.00  —
   11:00 Draw      Trans Narva x FCI Tallinn          @8.40  —
   11:00 Draw      Ponte Preta x CRB                  @6.40  —
   11:00 Draw      Levadiakos x Olympiakos            @5.60  —
   11:00 0x3       Gremio x SE Palmeiras              @23.00 —
   11:00 Draw      Fenerbahce x Eyupspor              @9.20  —
   11:30 Draw      Degerfors x Hammarby               @6.20  —
   11:45 Home      Lokomotiv Plovdiv x CSKA Sofia     @8.00  —
   12:00 Draw      Haugesund x Strommen               @6.60  —
   12:00 Home      Siroki Brijeg x Borac Banja Luka   @7.20  —
   12:00 Home      Raufoss x Stromsgodset             @9.80  —
   12:00 Draw      Raufoss x Stromsgodset             @7.40  —
   12:00 Draw      Stabaek x Sogndal                  @7.20  —
   12:00 Draw      Kongsvinger x Hodd                 @7.40  —
   12:00 Draw      NFC Volos x AEK Athens             @6.20  —
   13:00 Draw      Omonia x Digenis Ypsona            @8.80  —
   13:30 Draw      Kalamata x Panathinaikos           @6.20  —
   14:00 Draw      Crvena Zvezda x Radnicki Nis       @9.80  —
   14:15 Home      Brann x Bodo Glimt                 @5.10  —
   15:00 Home      Panaitolikos x PAOK                @7.40  —
   15:00 Draw      Sport Huancayo x UTC Cajamarca     @5.90  —
   15:00 Draw      Dinamo Zagreb x Lokomotiva         @8.40  —
   15:15 Draw      Lech Poznan x Radomiak Radom       @6.20  —
   15:45 Draw      AC Milan x Lecce                   @6.40  —
   15:45 Home      Marseille x Paris St-G             @7.20  —
   16:00 2x2       Valencia x Real Sociedad           @16.50 —
   16:00 Home      Sportivo San Lorenzo x Olimpia     @9.60  —
   17:00 Over 4.5  CA Platense x Newells              @19.50 —
   18:30 Draw      Flamengo x Red Bull Bragantino     @5.70  —
   20:00 2x2       Inter Miami CF x San Diego FC      @17.00 —
   21:00 Draw      Toluca x Santos Laguna             @7.60  —
   21:30 Over 4.5  Velez Sarsfield x Tigre            @20.00 —
sem gatilho.
2026-09-20 09:45 | banca R$ 4001 (composta (pagina 02, 749 jogos ate 2026-09-20)) | liquidados 1/41 | 1G/0R | P&L R$ +33.93 (+0.8%)
   07:15 Draw      Feyenoord x FC Utrecht             @6.60  AO Home Win GREEN R$+34
   08:30 Home      Antwerp x Union St Gilloise        @6.00  —
   09:30 Draw      Az Alkmaar x SC Telstar            @7.60  —
   09:30 Draw      Hartberg x LASK Linz               @6.40  —
   10:00 Draw      Marumo Gallants FC x Orlando Pirat @5.20  —
   10:00 0x3       NK Bravo x Olimpija                @26.00 —
   10:00 2x2       Frosinone x Como                   @17.00 —
   10:00 Home      Frosinone x Como                   @6.60  —
   10:00 Over 4.5  Milford x Durban City              @19.50 —
   10:00 Draw      Man City x Sunderland              @6.00  —
   11:00 Draw      Trans Narva x FCI Tallinn          @8.40  —
   11:00 Draw      Ponte Preta x CRB                  @6.40  —
   11:00 Draw      Levadiakos x Olympiakos            @5.60  —
   11:00 0x3       Gremio x SE Palmeiras              @23.00 —
   11:00 Draw      Fenerbahce x Eyupspor              @9.20  —
   11:30 Draw      Degerfors x Hammarby               @6.20  —
   11:45 Home      Lokomotiv Plovdiv x CSKA Sofia     @8.00  —
   12:00 Draw      Haugesund x Strommen               @6.60  —
   12:00 Home      Siroki Brijeg x Borac Banja Luka   @7.20  —
   12:00 Home      Raufoss x Stromsgodset             @9.80  —
   12:00 Draw      Raufoss x Stromsgodset             @7.40  —
   12:00 Draw      Stabaek x Sogndal                  @7.20  —
   12:00 Draw      Kongsvinger x Hodd                 @7.40  —
   12:00 Draw      NFC Volos x AEK Athens             @6.20  —
   13:00 Draw      Omonia x Digenis Ypsona            @8.80  —
   13:30 Draw      Kalamata x Panathinaikos           @6.20  —
   14:00 Draw      Crvena Zvezda x Radnicki Nis       @9.80  —
   14:15 Home      Brann x Bodo Glimt                 @5.10  —
   15:00 Home      Panaitolikos x PAOK                @7.40  —
   15:00 Draw      Sport Huancayo x UTC Cajamarca     @5.90  —
   15:00 Draw      Dinamo Zagreb x Lokomotiva         @8.40  —
   15:15 Draw      Lech Poznan x Radomiak Radom       @6.20  —
   15:45 Draw      AC Milan x Lecce                   @6.40  —
   15:45 Home      Marseille x Paris St-G             @7.20  —
   16:00 2x2       Valencia x Real Sociedad           @16.50 —
   16:00 Home      Sportivo San Lorenzo x Olimpia     @9.60  —
   17:00 Over 4.5  CA Platense x Newells              @19.50 —
   18:30 Draw      Flamengo x Red Bull Bragantino     @5.70  —
   20:00 2x2       Inter Miami CF x San Diego FC      @17.00 —
   21:00 Draw      Toluca x Santos Laguna             @7.60  —
   21:30 Over 4.5  Velez Sarsfield x Tigre            @20.00 —
sem gatilho.
2026-09-20 09:50 | banca R$ 4001 (composta (pagina 02, 749 jogos ate 2026-09-20)) | liquidados 1/41 | 1G/0R | P&L R$ +33.93 (+0.8%)
   07:15 Draw      Feyenoord x FC Utrecht             @6.60  AO Home Win GREEN R$+34
   08:30 Home      Antwerp x Union St Gilloise        @6.00  —
   09:30 Draw      Az Alkmaar x SC Telstar            @7.60  —
   09:30 Draw      Hartberg x LASK Linz               @6.40  —
   10:00 Draw      Marumo Gallants FC x Orlando Pirat @5.20  —
   10:00 0x3       NK Bravo x Olimpija                @26.00 —
   10:00 2x2       Frosinone x Como                   @17.00 —
   10:00 Home      Frosinone x Como                   @6.60  —
   10:00 Over 4.5  Milford x Durban City              @19.50 —
   10:00 Draw      Man City x Sunderland              @6.00  —
   11:00 Draw      Trans Narva x FCI Tallinn          @8.40  —
   11:00 Draw      Ponte Preta x CRB                  @6.40  —
   11:00 Draw      Levadiakos x Olympiakos            @5.60  —
   11:00 0x3       Gremio x SE Palmeiras              @23.00 —
   11:00 Draw      Fenerbahce x Eyupspor              @9.20  —
   11:30 Draw      Degerfors x Hammarby               @6.20  —
   11:45 Home      Lokomotiv Plovdiv x CSKA Sofia     @8.00  —
   12:00 Draw      Haugesund x Strommen               @6.60  —
   12:00 Home      Siroki Brijeg x Borac Banja Luka   @7.20  —
   12:00 Home      Raufoss x Stromsgodset             @9.80  —
   12:00 Draw      Raufoss x Stromsgodset             @7.40  —
   12:00 Draw      Stabaek x Sogndal                  @7.20  —
   12:00 Draw      Kongsvinger x Hodd                 @7.40  —
   12:00 Draw      NFC Volos x AEK Athens             @6.20  —
   13:00 Draw      Omonia x Digenis Ypsona            @8.80  —
   13:30 Draw      Kalamata x Panathinaikos           @6.20  —
   14:00 Draw      Crvena Zvezda x Radnicki Nis       @9.80  —
   14:15 Home      Brann x Bodo Glimt                 @5.10  —
   15:00 Home      Panaitolikos x PAOK                @7.40  —
   15:00 Draw      Sport Huancayo x UTC Cajamarca     @5.90  —
   15:00 Draw      Dinamo Zagreb x Lokomotiva         @8.40  —
   15:15 Draw      Lech Poznan x Radomiak Radom       @6.20  —
   15:45 Draw      AC Milan x Lecce                   @6.40  —
   15:45 Home      Marseille x Paris St-G             @7.20  —
   16:00 2x2       Valencia x Real Sociedad           @16.50 —
   16:00 Home      Sportivo San Lorenzo x Olimpia     @9.60  —
   17:00 Over 4.5  CA Platense x Newells              @19.50 —
   18:30 Draw      Flamengo x Red Bull Bragantino     @5.70  —
   20:00 2x2       Inter Miami CF x San Diego FC      @17.00 —
   21:00 Draw      Toluca x Santos Laguna             @7.60  —
   21:30 Over 4.5  Velez Sarsfield x Tigre            @20.00 —
sem gatilho.
2026-09-20 09:55 | banca R$ 4001 (composta (pagina 02, 749 jogos ate 2026-09-20)) | liquidados 1/41 | 1G/0R | P&L R$ +33.93 (+0.8%)
   07:15 Draw      Feyenoord x FC Utrecht             @6.60  AO Home Win GREEN R$+34
   08:30 Home      Antwerp x Union St Gilloise        @6.00  —
   09:30 Draw      Az Alkmaar x SC Telstar            @7.60  —
   09:30 Draw      Hartberg x LASK Linz               @6.40  —
   10:00 Draw      Marumo Gallants FC x Orlando Pirat @5.20  —
   10:00 0x3       NK Bravo x Olimpija                @26.00 —
   10:00 2x2       Frosinone x Como                   @17.00 —
   10:00 Home      Frosinone x Como                   @6.60  —
   10:00 Over 4.5  Milford x Durban City              @19.50 —
   10:00 Draw      Man City x Sunderland              @6.00  —
   11:00 Draw      Trans Narva x FCI Tallinn          @8.40  —
   11:00 Draw      Ponte Preta x CRB                  @6.40  —
   11:00 Draw      Levadiakos x Olympiakos            @5.60  —
   11:00 0x3       Gremio x SE Palmeiras              @23.00 —
   11:00 Draw      Fenerbahce x Eyupspor              @9.20  —
   11:30 Draw      Degerfors x Hammarby               @6.20  —
   11:45 Home      Lokomotiv Plovdiv x CSKA Sofia     @8.00  —
   12:00 Draw      Haugesund x Strommen               @6.60  —
   12:00 Home      Siroki Brijeg x Borac Banja Luka   @7.20  —
   12:00 Home      Raufoss x Stromsgodset             @9.80  —
   12:00 Draw      Raufoss x Stromsgodset             @7.40  —
   12:00 Draw      Stabaek x Sogndal                  @7.20  —
   12:00 Draw      Kongsvinger x Hodd                 @7.40  —
   12:00 Draw      NFC Volos x AEK Athens             @6.20  —
   13:00 Draw      Omonia x Digenis Ypsona            @8.80  —
   13:30 Draw      Kalamata x Panathinaikos           @6.20  —
   14:00 Draw      Crvena Zvezda x Radnicki Nis       @9.80  —
   14:15 Home      Brann x Bodo Glimt                 @5.10  —
   15:00 Home      Panaitolikos x PAOK                @7.40  —
   15:00 Draw      Sport Huancayo x UTC Cajamarca     @5.90  —
   15:00 Draw      Dinamo Zagreb x Lokomotiva         @8.40  —
   15:15 Draw      Lech Poznan x Radomiak Radom       @6.20  —
   15:45 Draw      AC Milan x Lecce                   @6.40  —
   15:45 Home      Marseille x Paris St-G             @7.20  —
   16:00 2x2       Valencia x Real Sociedad           @16.50 —
   16:00 Home      Sportivo San Lorenzo x Olimpia     @9.60  —
   17:00 Over 4.5  CA Platense x Newells              @19.50 —
   18:30 Draw      Flamengo x Red Bull Bragantino     @5.70  —
   20:00 2x2       Inter Miami CF x San Diego FC      @17.00 —
   21:00 Draw      Toluca x Santos Laguna             @7.60  —
   21:30 Over 4.5  Velez Sarsfield x Tigre            @20.00 —
sem gatilho.
2026-09-20 10:00 | banca R$ 4001 (composta (pagina 02, 749 jogos ate 2026-09-20)) | liquidados 1/41 | 1G/0R | P&L R$ +33.93 (+0.8%)
   07:15 Draw      Feyenoord x FC Utrecht             @6.60  AO Home Win GREEN R$+34
   08:30 Home      Antwerp x Union St Gilloise        @6.00  —
   09:30 Draw      Az Alkmaar x SC Telstar            @7.60  —
   09:30 Draw      Hartberg x LASK Linz               @6.40  —
   10:00 Draw      Marumo Gallants FC x Orlando Pirat @5.20  —
   10:00 0x3       NK Bravo x Olimpija                @26.00 —
   10:00 2x2       Frosinone x Como                   @17.00 —
   10:00 Home      Frosinone x Como                   @6.60  —
   10:00 Over 4.5  Milford x Durban City              @19.50 —
   10:00 Draw      Man City x Sunderland              @6.00  —
   11:00 Draw      Trans Narva x FCI Tallinn          @8.40  —
   11:00 Draw      Ponte Preta x CRB                  @6.40  —
   11:00 Draw      Levadiakos x Olympiakos            @5.60  —
   11:00 0x3       Gremio x SE Palmeiras              @23.00 —
   11:00 Draw      Fenerbahce x Eyupspor              @9.20  —
   11:30 Draw      Degerfors x Hammarby               @6.20  —
   11:45 Home      Lokomotiv Plovdiv x CSKA Sofia     @8.00  —
   12:00 Draw      Haugesund x Strommen               @6.60  —
   12:00 Home      Siroki Brijeg x Borac Banja Luka   @7.20  —
   12:00 Home      Raufoss x Stromsgodset             @9.80  —
   12:00 Draw      Raufoss x Stromsgodset             @7.40  —
   12:00 Draw      Stabaek x Sogndal                  @7.20  —
   12:00 Draw      Kongsvinger x Hodd                 @7.40  —
   12:00 Draw      NFC Volos x AEK Athens             @6.20  —
   13:00 Draw      Omonia x Digenis Ypsona            @8.80  —
   13:30 Draw      Kalamata x Panathinaikos           @6.20  —
   14:00 Draw      Crvena Zvezda x Radnicki Nis       @9.80  —
   14:15 Home      Brann x Bodo Glimt                 @5.10  —
   15:00 Home      Panaitolikos x PAOK                @7.40  —
   15:00 Draw      Sport Huancayo x UTC Cajamarca     @5.90  —
   15:00 Draw      Dinamo Zagreb x Lokomotiva         @8.40  —
   15:15 Draw      Lech Poznan x Radomiak Radom       @6.20  —
   15:45 Draw      AC Milan x Lecce                   @6.40  —
   15:45 Home      Marseille x Paris St-G             @7.20  —
   16:00 2x2       Valencia x Real Sociedad           @16.50 —
   16:00 Home      Sportivo San Lorenzo x Olimpia     @9.60  —
   17:00 Over 4.5  CA Platense x Newells              @19.50 —
   18:30 Draw      Flamengo x Red Bull Bragantino     @5.70  —
   20:00 2x2       Inter Miami CF x San Diego FC      @17.00 —
   21:00 Draw      Toluca x Santos Laguna             @7.60  —
   21:30 Over 4.5  Velez Sarsfield x Tigre            @20.00 —
sem gatilho.
2026-09-20 10:05 | banca R$ 4001 (composta (pagina 02, 749 jogos ate 2026-09-20)) | liquidados 1/41 | 1G/0R | P&L R$ +33.93 (+0.8%)
   07:15 Draw      Feyenoord x FC Utrecht             @6.60  AO Home Win GREEN R$+34
   08:30 Home      Antwerp x Union St Gilloise        @6.00  —
   09:30 Draw      Az Alkmaar x SC Telstar            @7.60  —
   09:30 Draw      Hartberg x LASK Linz               @6.40  —
   10:00 Draw      Marumo Gallants FC x Orlando Pirat @5.20  —
   10:00 0x3       NK Bravo x Olimpija                @26.00 —
   10:00 2x2       Frosinone x Como                   @17.00 —
   10:00 Home      Frosinone x Como                   @6.60  —
   10:00 Over 4.5  Milford x Durban City              @19.50 —
   10:00 Draw      Man City x Sunderland              @6.00  —
   11:00 Draw      Trans Narva x FCI Tallinn          @8.40  —
   11:00 Draw      Ponte Preta x CRB                  @6.40  —
   11:00 Draw      Levadiakos x Olympiakos            @5.60  —
   11:00 0x3       Gremio x SE Palmeiras              @23.00 —
   11:00 Draw      Fenerbahce x Eyupspor              @9.20  —
   11:30 Draw      Degerfors x Hammarby               @6.20  —
   11:45 Home      Lokomotiv Plovdiv x CSKA Sofia     @8.00  —
   12:00 Draw      Haugesund x Strommen               @6.60  —
   12:00 Home      Siroki Brijeg x Borac Banja Luka   @7.20  —
   12:00 Home      Raufoss x Stromsgodset             @9.80  —
   12:00 Draw      Raufoss x Stromsgodset             @7.40  —
   12:00 Draw      Stabaek x Sogndal                  @7.20  —
   12:00 Draw      Kongsvinger x Hodd                 @7.40  —
   12:00 Draw      NFC Volos x AEK Athens             @6.20  —
   13:00 Draw      Omonia x Digenis Ypsona            @8.80  —
   13:30 Draw      Kalamata x Panathinaikos           @6.20  —
   14:00 Draw      Crvena Zvezda x Radnicki Nis       @9.80  —
   14:15 Home      Brann x Bodo Glimt                 @5.10  —
   15:00 Home      Panaitolikos x PAOK                @7.40  —
   15:00 Draw      Sport Huancayo x UTC Cajamarca     @5.90  —
   15:00 Draw      Dinamo Zagreb x Lokomotiva         @8.40  —
   15:15 Draw      Lech Poznan x Radomiak Radom       @6.20  —
   15:45 Draw      AC Milan x Lecce                   @6.40  —
   15:45 Home      Marseille x Paris St-G             @7.20  —
   16:00 2x2       Valencia x Real Sociedad           @16.50 —
   16:00 Home      Sportivo San Lorenzo x Olimpia     @9.60  —
   17:00 Over 4.5  CA Platense x Newells              @19.50 —
   18:30 Draw      Flamengo x Red Bull Bragantino     @5.70  —
   20:00 2x2       Inter Miami CF x San Diego FC      @17.00 —
   21:00 Draw      Toluca x Santos Laguna             @7.60  —
   21:30 Over 4.5  Velez Sarsfield x Tigre            @20.00 —
sem gatilho.
2026-09-20 10:10 | banca R$ 4001 (composta (pagina 02, 749 jogos ate 2026-09-20)) | liquidados 1/41 | 1G/0R | P&L R$ +33.93 (+0.8%)
   07:15 Draw      Feyenoord x FC Utrecht             @6.60  AO Home Win GREEN R$+34
   08:30 Home      Antwerp x Union St Gilloise        @6.00  —
   09:30 Draw      Az Alkmaar x SC Telstar            @7.60  —
   09:30 Draw      Hartberg x LASK Linz               @6.40  —
   10:00 Draw      Marumo Gallants FC x Orlando Pirat @5.20  —
   10:00 0x3       NK Bravo x Olimpija                @26.00 —
   10:00 2x2       Frosinone x Como                   @17.00 —
   10:00 Home      Frosinone x Como                   @6.60  —
   10:00 Over 4.5  Milford x Durban City              @19.50 —
   10:00 Draw      Man City x Sunderland              @6.00  —
   11:00 Draw      Trans Narva x FCI Tallinn          @8.40  —
   11:00 Draw      Ponte Preta x CRB                  @6.40  —
   11:00 Draw      Levadiakos x Olympiakos            @5.60  —
   11:00 0x3       Gremio x SE Palmeiras              @23.00 —
   11:00 Draw      Fenerbahce x Eyupspor              @9.20  —
   11:30 Draw      Degerfors x Hammarby               @6.20  —
   11:45 Home      Lokomotiv Plovdiv x CSKA Sofia     @8.00  —
   12:00 Draw      Haugesund x Strommen               @6.60  —
   12:00 Home      Siroki Brijeg x Borac Banja Luka   @7.20  —
   12:00 Home      Raufoss x Stromsgodset             @9.80  —
   12:00 Draw      Raufoss x Stromsgodset             @7.40  —
   12:00 Draw      Stabaek x Sogndal                  @7.20  —
   12:00 Draw      Kongsvinger x Hodd                 @7.40  —
   12:00 Draw      NFC Volos x AEK Athens             @6.20  —
   13:00 Draw      Omonia x Digenis Ypsona            @8.80  —
   13:30 Draw      Kalamata x Panathinaikos           @6.20  —
   14:00 Draw      Crvena Zvezda x Radnicki Nis       @9.80  —
   14:15 Home      Brann x Bodo Glimt                 @5.10  —
   15:00 Home      Panaitolikos x PAOK                @7.40  —
   15:00 Draw      Sport Huancayo x UTC Cajamarca     @5.90  —
   15:00 Draw      Dinamo Zagreb x Lokomotiva         @8.40  —
   15:15 Draw      Lech Poznan x Radomiak Radom       @6.20  —
   15:45 Draw      AC Milan x Lecce                   @6.40  —
   15:45 Home      Marseille x Paris St-G             @7.20  —
   16:00 2x2       Valencia x Real Sociedad           @16.50 —
   16:00 Home      Sportivo San Lorenzo x Olimpia     @9.60  —
   17:00 Over 4.5  CA Platense x Newells              @19.50 —
   18:30 Draw      Flamengo x Red Bull Bragantino     @5.70  —
   20:00 2x2       Inter Miami CF x San Diego FC      @17.00 —
   21:00 Draw      Toluca x Santos Laguna             @7.60  —
   21:30 Over 4.5  Velez Sarsfield x Tigre            @20.00 —
sem gatilho.
2026-09-20 10:15 | banca R$ 4001 (composta (pagina 02, 749 jogos ate 2026-09-20)) | liquidados 1/41 | 1G/0R | P&L R$ +33.93 (+0.8%)
   07:15 Draw      Feyenoord x FC Utrecht             @6.60  AO Home Win GREEN R$+34
   08:30 Home      Antwerp x Union St Gilloise        @6.00  —
   09:30 Draw      Az Alkmaar x SC Telstar            @7.60  —
   09:30 Draw      Hartberg x LASK Linz               @6.40  —
   10:00 Draw      Marumo Gallants FC x Orlando Pirat @5.20  —
   10:00 0x3       NK Bravo x Olimpija                @26.00 —
   10:00 2x2       Frosinone x Como                   @17.00 —
   10:00 Home      Frosinone x Como                   @6.60  —
   10:00 Over 4.5  Milford x Durban City              @19.50 —
   10:00 Draw      Man City x Sunderland              @6.00  —
   11:00 Draw      Trans Narva x FCI Tallinn          @8.40  —
   11:00 Draw      Ponte Preta x CRB                  @6.40  —
   11:00 Draw      Levadiakos x Olympiakos            @5.60  —
   11:00 0x3       Gremio x SE Palmeiras              @23.00 —
   11:00 Draw      Fenerbahce x Eyupspor              @9.20  —
   11:30 Draw      Degerfors x Hammarby               @6.20  —
   11:45 Home      Lokomotiv Plovdiv x CSKA Sofia     @8.00  —
   12:00 Draw      Haugesund x Strommen               @6.60  —
   12:00 Home      Siroki Brijeg x Borac Banja Luka   @7.20  —
   12:00 Home      Raufoss x Stromsgodset             @9.80  —
   12:00 Draw      Raufoss x Stromsgodset             @7.40  —
   12:00 Draw      Stabaek x Sogndal                  @7.20  —
   12:00 Draw      Kongsvinger x Hodd                 @7.40  —
   12:00 Draw      NFC Volos x AEK Athens             @6.20  —
   13:00 Draw      Omonia x Digenis Ypsona            @8.80  —
   13:30 Draw      Kalamata x Panathinaikos           @6.20  —
   14:00 Draw      Crvena Zvezda x Radnicki Nis       @9.80  —
   14:15 Home      Brann x Bodo Glimt                 @5.10  —
   15:00 Home      Panaitolikos x PAOK                @7.40  —
   15:00 Draw      Sport Huancayo x UTC Cajamarca     @5.90  —
   15:00 Draw      Dinamo Zagreb x Lokomotiva         @8.40  —
   15:15 Draw      Lech Poznan x Radomiak Radom       @6.20  —
   15:45 Draw      AC Milan x Lecce                   @6.40  —
   15:45 Home      Marseille x Paris St-G             @7.20  —
   16:00 2x2       Valencia x Real Sociedad           @16.50 —
   16:00 Home      Sportivo San Lorenzo x Olimpia     @9.60  —
   17:00 Over 4.5  CA Platense x Newells              @19.50 —
   18:30 Draw      Flamengo x Red Bull Bragantino     @5.70  —
   20:00 2x2       Inter Miami CF x San Diego FC      @17.00 —
   21:00 Draw      Toluca x Santos Laguna             @7.60  —
   21:30 Over 4.5  Velez Sarsfield x Tigre            @20.00 —
sem gatilho.
2026-09-20 10:20 | banca R$ 4001 (composta (pagina 02, 749 jogos ate 2026-09-20)) | liquidados 1/41 | 1G/0R | P&L R$ +33.93 (+0.8%)
   07:15 Draw      Feyenoord x FC Utrecht             @6.60  AO Home Win GREEN R$+34
   08:30 Home      Antwerp x Union St Gilloise        @6.00  —
   09:30 Draw      Az Alkmaar x SC Telstar            @7.60  —
   09:30 Draw      Hartberg x LASK Linz               @6.40  —
   10:00 Draw      Marumo Gallants FC x Orlando Pirat @5.20  —
   10:00 0x3       NK Bravo x Olimpija                @26.00 —
   10:00 2x2       Frosinone x Como                   @17.00 —
   10:00 Home      Frosinone x Como                   @6.60  —
   10:00 Over 4.5  Milford x Durban City              @19.50 —
   10:00 Draw      Man City x Sunderland              @6.00  —
   11:00 Draw      Trans Narva x FCI Tallinn          @8.40  —
   11:00 Draw      Ponte Preta x CRB                  @6.40  —
   11:00 Draw      Levadiakos x Olympiakos            @5.60  —
   11:00 0x3       Gremio x SE Palmeiras              @23.00 —
   11:00 Draw      Fenerbahce x Eyupspor              @9.20  —
   11:30 Draw      Degerfors x Hammarby               @6.20  —
   11:45 Home      Lokomotiv Plovdiv x CSKA Sofia     @8.00  —
   12:00 Draw      Haugesund x Strommen               @6.60  —
   12:00 Home      Siroki Brijeg x Borac Banja Luka   @7.20  —
   12:00 Home      Raufoss x Stromsgodset             @9.80  —
   12:00 Draw      Raufoss x Stromsgodset             @7.40  —
   12:00 Draw      Stabaek x Sogndal                  @7.20  —
   12:00 Draw      Kongsvinger x Hodd                 @7.40  —
   12:00 Draw      NFC Volos x AEK Athens             @6.20  —
   13:00 Draw      Omonia x Digenis Ypsona            @8.80  —
   13:30 Draw      Kalamata x Panathinaikos           @6.20  —
   14:00 Draw      Crvena Zvezda x Radnicki Nis       @9.80  —
   14:15 Home      Brann x Bodo Glimt                 @5.10  —
   15:00 Home      Panaitolikos x PAOK                @7.40  —
   15:00 Draw      Sport Huancayo x UTC Cajamarca     @5.90  —
   15:00 Draw      Dinamo Zagreb x Lokomotiva         @8.40  —
   15:15 Draw      Lech Poznan x Radomiak Radom       @6.20  —
   15:45 Draw      AC Milan x Lecce                   @6.40  —
   15:45 Home      Marseille x Paris St-G             @7.20  —
   16:00 2x2       Valencia x Real Sociedad           @16.50 —
   16:00 Home      Sportivo San Lorenzo x Olimpia     @9.60  —
   17:00 Over 4.5  CA Platense x Newells              @19.50 —
   18:30 Draw      Flamengo x Red Bull Bragantino     @5.70  —
   20:00 2x2       Inter Miami CF x San Diego FC      @17.00 —
   21:00 Draw      Toluca x Santos Laguna             @7.60  —
   21:30 Over 4.5  Velez Sarsfield x Tigre            @20.00 —
sem gatilho.
2026-09-20 10:25 | banca R$ 4001 (composta (pagina 02, 749 jogos ate 2026-09-20)) | liquidados 1/41 | 1G/0R | P&L R$ +33.93 (+0.8%)
   07:15 Draw      Feyenoord x FC Utrecht             @6.60  AO Home Win GREEN R$+34
   08:30 Home      Antwerp x Union St Gilloise        @6.00  —
   09:30 Draw      Az Alkmaar x SC Telstar            @7.60  —
   09:30 Draw      Hartberg x LASK Linz               @6.40  —
   10:00 Draw      Marumo Gallants FC x Orlando Pirat @5.20  —
   10:00 0x3       NK Bravo x Olimpija                @26.00 —
   10:00 2x2       Frosinone x Como                   @17.00 —
   10:00 Home      Frosinone x Como                   @6.60  —
   10:00 Over 4.5  Milford x Durban City              @19.50 —
   10:00 Draw      Man City x Sunderland              @6.00  —
   11:00 Draw      Trans Narva x FCI Tallinn          @8.40  —
   11:00 Draw      Ponte Preta x CRB                  @6.40  —
   11:00 Draw      Levadiakos x Olympiakos            @5.60  —
   11:00 0x3       Gremio x SE Palmeiras              @23.00 —
   11:00 Draw      Fenerbahce x Eyupspor              @9.20  —
   11:30 Draw      Degerfors x Hammarby               @6.20  —
   11:45 Home      Lokomotiv Plovdiv x CSKA Sofia     @8.00  —
   12:00 Draw      Haugesund x Strommen               @6.60  —
   12:00 Home      Siroki Brijeg x Borac Banja Luka   @7.20  —
   12:00 Home      Raufoss x Stromsgodset             @9.80  —
   12:00 Draw      Raufoss x Stromsgodset             @7.40  —
   12:00 Draw      Stabaek x Sogndal                  @7.20  —
   12:00 Draw      Kongsvinger x Hodd                 @7.40  —
   12:00 Draw      NFC Volos x AEK Athens             @6.20  —
   13:00 Draw      Omonia x Digenis Ypsona            @8.80  —
   13:30 Draw      Kalamata x Panathinaikos           @6.20  —
   14:00 Draw      Crvena Zvezda x Radnicki Nis       @9.80  —
   14:15 Home      Brann x Bodo Glimt                 @5.10  —
   15:00 Home      Panaitolikos x PAOK                @7.40  —
   15:00 Draw      Sport Huancayo x UTC Cajamarca     @5.90  —
   15:00 Draw      Dinamo Zagreb x Lokomotiva         @8.40  —
   15:15 Draw      Lech Poznan x Radomiak Radom       @6.20  —
   15:45 Draw      AC Milan x Lecce                   @6.40  —
   15:45 Home      Marseille x Paris St-G             @7.20  —
   16:00 2x2       Valencia x Real Sociedad           @16.50 —
   16:00 Home      Sportivo San Lorenzo x Olimpia     @9.60  —
   17:00 Over 4.5  CA Platense x Newells              @19.50 —
   18:30 Draw      Flamengo x Red Bull Bragantino     @5.70  —
   20:00 2x2       Inter Miami CF x San Diego FC      @17.00 —
   21:00 Draw      Toluca x Santos Laguna             @7.60  —
   21:30 Over 4.5  Velez Sarsfield x Tigre            @20.00 —
sem gatilho.
2026-09-20 10:30 | banca R$ 4001 (composta (pagina 02, 749 jogos ate 2026-09-20)) | liquidados 2/41 | 2G/0R | P&L R$ +71.94 (+1.8%)
   07:15 Draw      Feyenoord x FC Utrecht             @6.60  AO Home Win GREEN R$+34
   08:30 Home      Antwerp x Union St Gilloise        @6.00  0-2 GREEN R$+38
   09:30 Draw      Az Alkmaar x SC Telstar            @7.60  —
   09:30 Draw      Hartberg x LASK Linz               @6.40  —
   10:00 Draw      Marumo Gallants FC x Orlando Pirat @5.20  —
   10:00 0x3       NK Bravo x Olimpija                @26.00 —
   10:00 2x2       Frosinone x Como                   @17.00 —
   10:00 Home      Frosinone x Como                   @6.60  —
   10:00 Over 4.5  Milford x Durban City              @19.50 —
   10:00 Draw      Man City x Sunderland              @6.00  —
   11:00 Draw      Trans Narva x FCI Tallinn          @8.40  —
   11:00 Draw      Ponte Preta x CRB                  @6.40  —
   11:00 Draw      Levadiakos x Olympiakos            @5.60  —
   11:00 0x3       Gremio x SE Palmeiras              @23.00 —
   11:00 Draw      Fenerbahce x Eyupspor              @9.20  —
   11:30 Draw      Degerfors x Hammarby               @6.20  —
   11:45 Home      Lokomotiv Plovdiv x CSKA Sofia     @8.00  —
   12:00 Draw      Haugesund x Strommen               @6.60  —
   12:00 Home      Siroki Brijeg x Borac Banja Luka   @7.20  —
   12:00 Home      Raufoss x Stromsgodset             @9.80  —
   12:00 Draw      Raufoss x Stromsgodset             @7.40  —
   12:00 Draw      Stabaek x Sogndal                  @7.20  —
   12:00 Draw      Kongsvinger x Hodd                 @7.40  —
   12:00 Draw      NFC Volos x AEK Athens             @6.20  —
   13:00 Draw      Omonia x Digenis Ypsona            @8.80  —
   13:30 Draw      Kalamata x Panathinaikos           @6.20  —
   14:00 Draw      Crvena Zvezda x Radnicki Nis       @9.80  —
   14:15 Home      Brann x Bodo Glimt                 @5.10  —
   15:00 Home      Panaitolikos x PAOK                @7.40  —
   15:00 Draw      Sport Huancayo x UTC Cajamarca     @5.90  —
   15:00 Draw      Dinamo Zagreb x Lokomotiva         @8.40  —
   15:15 Draw      Lech Poznan x Radomiak Radom       @6.20  —
   15:45 Draw      AC Milan x Lecce                   @6.40  —
   15:45 Home      Marseille x Paris St-G             @7.20  —
   16:00 2x2       Valencia x Real Sociedad           @16.50 —
   16:00 Home      Sportivo San Lorenzo x Olimpia     @9.60  —
   17:00 Over 4.5  CA Platense x Newells              @19.50 —
   18:30 Draw      Flamengo x Red Bull Bragantino     @5.70  —
   20:00 2x2       Inter Miami CF x San Diego FC      @17.00 —
   21:00 Draw      Toluca x Santos Laguna             @7.60  —
   21:30 Over 4.5  Velez Sarsfield x Tigre            @20.00 —
sem gatilho.
2026-09-20 10:35 | banca R$ 4001 (composta (pagina 02, 749 jogos ate 2026-09-20)) | liquidados 2/41 | 2G/0R | P&L R$ +71.94 (+1.8%)
   07:15 Draw      Feyenoord x FC Utrecht             @6.60  AO Home Win GREEN R$+34
   08:30 Home      Antwerp x Union St Gilloise        @6.00  0-2 GREEN R$+38
   09:30 Draw      Az Alkmaar x SC Telstar            @7.60  —
   09:30 Draw      Hartberg x LASK Linz               @6.40  —
   10:00 Draw      Marumo Gallants FC x Orlando Pirat @5.20  —
   10:00 0x3       NK Bravo x Olimpija                @26.00 —
   10:00 2x2       Frosinone x Como                   @17.00 —
   10:00 Home      Frosinone x Como                   @6.60  —
   10:00 Over 4.5  Milford x Durban City              @19.50 —
   10:00 Draw      Man City x Sunderland              @6.00  —
   11:00 Draw      Trans Narva x FCI Tallinn          @8.40  —
   11:00 Draw      Ponte Preta x CRB                  @6.40  —
   11:00 Draw      Levadiakos x Olympiakos            @5.60  —
   11:00 0x3       Gremio x SE Palmeiras              @23.00 —
   11:00 Draw      Fenerbahce x Eyupspor              @9.20  —
   11:30 Draw      Degerfors x Hammarby               @6.20  —
   11:45 Home      Lokomotiv Plovdiv x CSKA Sofia     @8.00  —
   12:00 Draw      Haugesund x Strommen               @6.60  —
   12:00 Home      Siroki Brijeg x Borac Banja Luka   @7.20  —
   12:00 Home      Raufoss x Stromsgodset             @9.80  —
   12:00 Draw      Raufoss x Stromsgodset             @7.40  —
   12:00 Draw      Stabaek x Sogndal                  @7.20  —
   12:00 Draw      Kongsvinger x Hodd                 @7.40  —
   12:00 Draw      NFC Volos x AEK Athens             @6.20  —
   13:00 Draw      Omonia x Digenis Ypsona            @8.80  —
   13:30 Draw      Kalamata x Panathinaikos           @6.20  —
   14:00 Draw      Crvena Zvezda x Radnicki Nis       @9.80  —
   14:15 Home      Brann x Bodo Glimt                 @5.10  —
   15:00 Home      Panaitolikos x PAOK                @7.40  —
   15:00 Draw      Sport Huancayo x UTC Cajamarca     @5.90  —
   15:00 Draw      Dinamo Zagreb x Lokomotiva         @8.40  —
   15:15 Draw      Lech Poznan x Radomiak Radom       @6.20  —
   15:45 Draw      AC Milan x Lecce                   @6.40  —
   15:45 Home      Marseille x Paris St-G             @7.20  —
   16:00 2x2       Valencia x Real Sociedad           @16.50 —
   16:00 Home      Sportivo San Lorenzo x Olimpia     @9.60  —
   17:00 Over 4.5  CA Platense x Newells              @19.50 —
   18:30 Draw      Flamengo x Red Bull Bragantino     @5.70  —
   20:00 2x2       Inter Miami CF x San Diego FC      @17.00 —
   21:00 Draw      Toluca x Santos Laguna             @7.60  —
   21:30 Over 4.5  Velez Sarsfield x Tigre            @20.00 —
sem gatilho.
2026-09-20 10:40 | banca R$ 4001 (composta (pagina 02, 749 jogos ate 2026-09-20)) | liquidados 2/41 | 2G/0R | P&L R$ +71.94 (+1.8%)
   07:15 Draw      Feyenoord x FC Utrecht             @6.60  AO Home Win GREEN R$+34
   08:30 Home      Antwerp x Union St Gilloise        @6.00  0-2 GREEN R$+38
   09:30 Draw      Az Alkmaar x SC Telstar            @7.60  —
   09:30 Draw      Hartberg x LASK Linz               @6.40  —
   10:00 Draw      Marumo Gallants FC x Orlando Pirat @5.20  —
   10:00 0x3       NK Bravo x Olimpija                @26.00 —
   10:00 2x2       Frosinone x Como                   @17.00 —
   10:00 Home      Frosinone x Como                   @6.60  —
   10:00 Over 4.5  Milford x Durban City              @19.50 —
   10:00 Draw      Man City x Sunderland              @6.00  —
   11:00 Draw      Trans Narva x FCI Tallinn          @8.40  —
   11:00 Draw      Ponte Preta x CRB                  @6.40  —
   11:00 Draw      Levadiakos x Olympiakos            @5.60  —
   11:00 0x3       Gremio x SE Palmeiras              @23.00 —
   11:00 Draw      Fenerbahce x Eyupspor              @9.20  —
   11:30 Draw      Degerfors x Hammarby               @6.20  —
   11:45 Home      Lokomotiv Plovdiv x CSKA Sofia     @8.00  —
   12:00 Draw      Haugesund x Strommen               @6.60  —
   12:00 Home      Siroki Brijeg x Borac Banja Luka   @7.20  —
   12:00 Home      Raufoss x Stromsgodset             @9.80  —
   12:00 Draw      Raufoss x Stromsgodset             @7.40  —
   12:00 Draw      Stabaek x Sogndal                  @7.20  —
   12:00 Draw      Kongsvinger x Hodd                 @7.40  —
   12:00 Draw      NFC Volos x AEK Athens             @6.20  —
   13:00 Draw      Omonia x Digenis Ypsona            @8.80  —
   13:30 Draw      Kalamata x Panathinaikos           @6.20  —
   14:00 Draw      Crvena Zvezda x Radnicki Nis       @9.80  —
   14:15 Home      Brann x Bodo Glimt                 @5.10  —
   15:00 Home      Panaitolikos x PAOK                @7.40  —
   15:00 Draw      Sport Huancayo x UTC Cajamarca     @5.90  —
   15:00 Draw      Dinamo Zagreb x Lokomotiva         @8.40  —
   15:15 Draw      Lech Poznan x Radomiak Radom       @6.20  —
   15:45 Draw      AC Milan x Lecce                   @6.40  —
   15:45 Home      Marseille x Paris St-G             @7.20  —
   16:00 2x2       Valencia x Real Sociedad           @16.50 —
   16:00 Home      Sportivo San Lorenzo x Olimpia     @9.60  —
   17:00 Over 4.5  CA Platense x Newells              @19.50 —
   18:30 Draw      Flamengo x Red Bull Bragantino     @5.70  —
   20:00 2x2       Inter Miami CF x San Diego FC      @17.00 —
   21:00 Draw      Toluca x Santos Laguna             @7.60  —
   21:30 Over 4.5  Velez Sarsfield x Tigre            @20.00 —
sem gatilho.
2026-09-20 10:45 | banca R$ 4001 (composta (pagina 02, 749 jogos ate 2026-09-20)) | liquidados 2/41 | 2G/0R | P&L R$ +71.94 (+1.8%)
   07:15 Draw      Feyenoord x FC Utrecht             @6.60  AO Home Win GREEN R$+34
   08:30 Home      Antwerp x Union St Gilloise        @6.00  0-2 GREEN R$+38
   09:30 Draw      Az Alkmaar x SC Telstar            @7.60  —
   09:30 Draw      Hartberg x LASK Linz               @6.40  —
   10:00 Draw      Marumo Gallants FC x Orlando Pirat @5.20  —
   10:00 0x3       NK Bravo x Olimpija                @26.00 —
   10:00 2x2       Frosinone x Como                   @17.00 —
   10:00 Home      Frosinone x Como                   @6.60  —
   10:00 Over 4.5  Milford x Durban City              @19.50 —
   10:00 Draw      Man City x Sunderland              @6.00  —
   11:00 Draw      Trans Narva x FCI Tallinn          @8.40  —
   11:00 Draw      Ponte Preta x CRB                  @6.40  —
   11:00 Draw      Levadiakos x Olympiakos            @5.60  —
   11:00 0x3       Gremio x SE Palmeiras              @23.00 —
   11:00 Draw      Fenerbahce x Eyupspor              @9.20  —
   11:30 Draw      Degerfors x Hammarby               @6.20  —
   11:45 Home      Lokomotiv Plovdiv x CSKA Sofia     @8.00  —
   12:00 Draw      Haugesund x Strommen               @6.60  —
   12:00 Home      Siroki Brijeg x Borac Banja Luka   @7.20  —
   12:00 Home      Raufoss x Stromsgodset             @9.80  —
   12:00 Draw      Raufoss x Stromsgodset             @7.40  —
   12:00 Draw      Stabaek x Sogndal                  @7.20  —
   12:00 Draw      Kongsvinger x Hodd                 @7.40  —
   12:00 Draw      NFC Volos x AEK Athens             @6.20  —
   13:00 Draw      Omonia x Digenis Ypsona            @8.80  —
   13:30 Draw      Kalamata x Panathinaikos           @6.20  —
   14:00 Draw      Crvena Zvezda x Radnicki Nis       @9.80  —
   14:15 Home      Brann x Bodo Glimt                 @5.10  —
   15:00 Home      Panaitolikos x PAOK                @7.40  —
   15:00 Draw      Sport Huancayo x UTC Cajamarca     @5.90  —
   15:00 Draw      Dinamo Zagreb x Lokomotiva         @8.40  —
   15:15 Draw      Lech Poznan x Radomiak Radom       @6.20  —
   15:45 Draw      AC Milan x Lecce                   @6.40  —
   15:45 Home      Marseille x Paris St-G             @7.20  —
   16:00 2x2       Valencia x Real Sociedad           @16.50 —
   16:00 Home      Sportivo San Lorenzo x Olimpia     @9.60  —
   17:00 Over 4.5  CA Platense x Newells              @19.50 —
   18:30 Draw      Flamengo x Red Bull Bragantino     @5.70  —
   20:00 2x2       Inter Miami CF x San Diego FC      @17.00 —
   21:00 Draw      Toluca x Santos Laguna             @7.60  —
   21:30 Over 4.5  Velez Sarsfield x Tigre            @20.00 —
sem gatilho.
2026-09-20 10:50 | banca R$ 4001 (composta (pagina 02, 749 jogos ate 2026-09-20)) | liquidados 2/41 | 2G/0R | P&L R$ +71.94 (+1.8%)
   07:15 Draw      Feyenoord x FC Utrecht             @6.60  AO Home Win GREEN R$+34
   08:30 Home      Antwerp x Union St Gilloise        @6.00  0-2 GREEN R$+38
   09:30 Draw      Az Alkmaar x SC Telstar            @7.60  —
   09:30 Draw      Hartberg x LASK Linz               @6.40  —
   10:00 Draw      Marumo Gallants FC x Orlando Pirat @5.20  —
   10:00 0x3       NK Bravo x Olimpija                @26.00 —
   10:00 2x2       Frosinone x Como                   @17.00 —
   10:00 Home      Frosinone x Como                   @6.60  —
   10:00 Over 4.5  Milford x Durban City              @19.50 —
   10:00 Draw      Man City x Sunderland              @6.00  —
   11:00 Draw      Trans Narva x FCI Tallinn          @8.40  —
   11:00 Draw      Ponte Preta x CRB                  @6.40  —
   11:00 Draw      Levadiakos x Olympiakos            @5.60  —
   11:00 0x3       Gremio x SE Palmeiras              @23.00 —
   11:00 Draw      Fenerbahce x Eyupspor              @9.20  —
   11:30 Draw      Degerfors x Hammarby               @6.20  —
   11:45 Home      Lokomotiv Plovdiv x CSKA Sofia     @8.00  —
   12:00 Draw      Haugesund x Strommen               @6.60  —
   12:00 Home      Siroki Brijeg x Borac Banja Luka   @7.20  —
   12:00 Home      Raufoss x Stromsgodset             @9.80  —
   12:00 Draw      Raufoss x Stromsgodset             @7.40  —
   12:00 Draw      Stabaek x Sogndal                  @7.20  —
   12:00 Draw      Kongsvinger x Hodd                 @7.40  —
   12:00 Draw      NFC Volos x AEK Athens             @6.20  —
   13:00 Draw      Omonia x Digenis Ypsona            @8.80  —
   13:30 Draw      Kalamata x Panathinaikos           @6.20  —
   14:00 Draw      Crvena Zvezda x Radnicki Nis       @9.80  —
   14:15 Home      Brann x Bodo Glimt                 @5.10  —
   15:00 Home      Panaitolikos x PAOK                @7.40  —
   15:00 Draw      Sport Huancayo x UTC Cajamarca     @5.90  —
   15:00 Draw      Dinamo Zagreb x Lokomotiva         @8.40  —
   15:15 Draw      Lech Poznan x Radomiak Radom       @6.20  —
   15:45 Draw      AC Milan x Lecce                   @6.40  —
   15:45 Home      Marseille x Paris St-G             @7.20  —
   16:00 2x2       Valencia x Real Sociedad           @16.50 —
   16:00 Home      Sportivo San Lorenzo x Olimpia     @9.60  —
   17:00 Over 4.5  CA Platense x Newells              @19.50 —
   18:30 Draw      Flamengo x Red Bull Bragantino     @5.70  —
   20:00 2x2       Inter Miami CF x San Diego FC      @17.00 —
   21:00 Draw      Toluca x Santos Laguna             @7.60  —
   21:30 Over 4.5  Velez Sarsfield x Tigre            @20.00 —
sem gatilho.
2026-09-20 10:55 | banca R$ 4001 (composta (pagina 02, 749 jogos ate 2026-09-20)) | liquidados 2/41 | 2G/0R | P&L R$ +71.94 (+1.8%)
   07:15 Draw      Feyenoord x FC Utrecht             @6.60  AO Home Win GREEN R$+34
   08:30 Home      Antwerp x Union St Gilloise        @6.00  0-2 GREEN R$+38
   09:30 Draw      Az Alkmaar x SC Telstar            @7.60  —
   09:30 Draw      Hartberg x LASK Linz               @6.40  —
   10:00 Draw      Marumo Gallants FC x Orlando Pirat @5.20  —
   10:00 0x3       NK Bravo x Olimpija                @26.00 —
   10:00 2x2       Frosinone x Como                   @17.00 —
   10:00 Home      Frosinone x Como                   @6.60  —
   10:00 Over 4.5  Milford x Durban City              @19.50 —
   10:00 Draw      Man City x Sunderland              @6.00  —
   11:00 Draw      Trans Narva x FCI Tallinn          @8.40  —
   11:00 Draw      Ponte Preta x CRB                  @6.40  —
   11:00 Draw      Levadiakos x Olympiakos            @5.60  —
   11:00 0x3       Gremio x SE Palmeiras              @23.00 —
   11:00 Draw      Fenerbahce x Eyupspor              @9.20  —
   11:30 Draw      Degerfors x Hammarby               @6.20  —
   11:45 Home      Lokomotiv Plovdiv x CSKA Sofia     @8.00  —
   12:00 Draw      Haugesund x Strommen               @6.60  —
   12:00 Home      Siroki Brijeg x Borac Banja Luka   @7.20  —
   12:00 Home      Raufoss x Stromsgodset             @9.80  —
   12:00 Draw      Raufoss x Stromsgodset             @7.40  —
   12:00 Draw      Stabaek x Sogndal                  @7.20  —
   12:00 Draw      Kongsvinger x Hodd                 @7.40  —
   12:00 Draw      NFC Volos x AEK Athens             @6.20  —
   13:00 Draw      Omonia x Digenis Ypsona            @8.80  —
   13:30 Draw      Kalamata x Panathinaikos           @6.20  —
   14:00 Draw      Crvena Zvezda x Radnicki Nis       @9.80  —
   14:15 Home      Brann x Bodo Glimt                 @5.10  —
   15:00 Home      Panaitolikos x PAOK                @7.40  —
   15:00 Draw      Sport Huancayo x UTC Cajamarca     @5.90  —
   15:00 Draw      Dinamo Zagreb x Lokomotiva         @8.40  —
   15:15 Draw      Lech Poznan x Radomiak Radom       @6.20  —
   15:45 Draw      AC Milan x Lecce                   @6.40  —
   15:45 Home      Marseille x Paris St-G             @7.20  —
   16:00 2x2       Valencia x Real Sociedad           @16.50 —
   16:00 Home      Sportivo San Lorenzo x Olimpia     @9.60  —
   17:00 Over 4.5  CA Platense x Newells              @19.50 —
   18:30 Draw      Flamengo x Red Bull Bragantino     @5.70  —
   20:00 2x2       Inter Miami CF x San Diego FC      @17.00 —
   21:00 Draw      Toluca x Santos Laguna             @7.60  —
   21:30 Over 4.5  Velez Sarsfield x Tigre            @20.00 —
sem gatilho.
2026-09-20 11:00 | banca R$ 4001 (composta (pagina 02, 749 jogos ate 2026-09-20)) | liquidados 2/41 | 2G/0R | P&L R$ +71.94 (+1.8%)
   07:15 Draw      Feyenoord x FC Utrecht             @6.60  AO Home Win GREEN R$+34
   08:30 Home      Antwerp x Union St Gilloise        @6.00  0-2 GREEN R$+38
   09:30 Draw      Az Alkmaar x SC Telstar            @7.60  —
   09:30 Draw      Hartberg x LASK Linz               @6.40  —
   10:00 Draw      Marumo Gallants FC x Orlando Pirat @5.20  —
   10:00 0x3       NK Bravo x Olimpija                @26.00 —
   10:00 2x2       Frosinone x Como                   @17.00 —
   10:00 Home      Frosinone x Como                   @6.60  —
   10:00 Over 4.5  Milford x Durban City              @19.50 —
   10:00 Draw      Man City x Sunderland              @6.00  —
   11:00 Draw      Trans Narva x FCI Tallinn          @8.40  —
   11:00 Draw      Ponte Preta x CRB                  @6.40  —
   11:00 Draw      Levadiakos x Olympiakos            @5.60  —
   11:00 0x3       Gremio x SE Palmeiras              @23.00 —
   11:00 Draw      Fenerbahce x Eyupspor              @9.20  —
   11:30 Draw      Degerfors x Hammarby               @6.20  —
   11:45 Home      Lokomotiv Plovdiv x CSKA Sofia     @8.00  —
   12:00 Draw      Haugesund x Strommen               @6.60  —
   12:00 Home      Siroki Brijeg x Borac Banja Luka   @7.20  —
   12:00 Home      Raufoss x Stromsgodset             @9.80  —
   12:00 Draw      Raufoss x Stromsgodset             @7.40  —
   12:00 Draw      Stabaek x Sogndal                  @7.20  —
   12:00 Draw      Kongsvinger x Hodd                 @7.40  —
   12:00 Draw      NFC Volos x AEK Athens             @6.20  —
   13:00 Draw      Omonia x Digenis Ypsona            @8.80  —
   13:30 Draw      Kalamata x Panathinaikos           @6.20  —
   14:00 Draw      Crvena Zvezda x Radnicki Nis       @9.80  —
   14:15 Home      Brann x Bodo Glimt                 @5.10  —
   15:00 Home      Panaitolikos x PAOK                @7.40  —
   15:00 Draw      Sport Huancayo x UTC Cajamarca     @5.90  —
   15:00 Draw      Dinamo Zagreb x Lokomotiva         @8.40  —
   15:15 Draw      Lech Poznan x Radomiak Radom       @6.20  —
   15:45 Draw      AC Milan x Lecce                   @6.40  —
   15:45 Home      Marseille x Paris St-G             @7.20  —
   16:00 2x2       Valencia x Real Sociedad           @16.50 —
   16:00 Home      Sportivo San Lorenzo x Olimpia     @9.60  —
   17:00 Over 4.5  CA Platense x Newells              @19.50 —
   18:30 Draw      Flamengo x Red Bull Bragantino     @5.70  —
   20:00 2x2       Inter Miami CF x San Diego FC      @17.00 —
   21:00 Draw      Toluca x Santos Laguna             @7.60  —
   21:30 Over 4.5  Velez Sarsfield x Tigre            @20.00 —
sem gatilho.
2026-09-20 11:05 | banca R$ 4001 (composta (pagina 02, 749 jogos ate 2026-09-20)) | liquidados 2/41 | 2G/0R | P&L R$ +71.94 (+1.8%)
   07:15 Draw      Feyenoord x FC Utrecht             @6.60  AO Home Win GREEN R$+34
   08:30 Home      Antwerp x Union St Gilloise        @6.00  0-2 GREEN R$+38
   09:30 Draw      Az Alkmaar x SC Telstar            @7.60  —
   09:30 Draw      Hartberg x LASK Linz               @6.40  —
   10:00 Draw      Marumo Gallants FC x Orlando Pirat @5.20  —
   10:00 0x3       NK Bravo x Olimpija                @26.00 —
   10:00 2x2       Frosinone x Como                   @17.00 —
   10:00 Home      Frosinone x Como                   @6.60  —
   10:00 Over 4.5  Milford x Durban City              @19.50 —
   10:00 Draw      Man City x Sunderland              @6.00  —
   11:00 Draw      Trans Narva x FCI Tallinn          @8.40  —
   11:00 Draw      Ponte Preta x CRB                  @6.40  —
   11:00 Draw      Levadiakos x Olympiakos            @5.60  —
   11:00 0x3       Gremio x SE Palmeiras              @23.00 —
   11:00 Draw      Fenerbahce x Eyupspor              @9.20  —
   11:30 Draw      Degerfors x Hammarby               @6.20  —
   11:45 Home      Lokomotiv Plovdiv x CSKA Sofia     @8.00  —
   12:00 Draw      Haugesund x Strommen               @6.60  —
   12:00 Home      Siroki Brijeg x Borac Banja Luka   @7.20  —
   12:00 Home      Raufoss x Stromsgodset             @9.80  —
   12:00 Draw      Raufoss x Stromsgodset             @7.40  —
   12:00 Draw      Stabaek x Sogndal                  @7.20  —
   12:00 Draw      Kongsvinger x Hodd                 @7.40  —
   12:00 Draw      NFC Volos x AEK Athens             @6.20  —
   13:00 Draw      Omonia x Digenis Ypsona            @8.80  —
   13:30 Draw      Kalamata x Panathinaikos           @6.20  —
   14:00 Draw      Crvena Zvezda x Radnicki Nis       @9.80  —
   14:15 Home      Brann x Bodo Glimt                 @5.10  —
   15:00 Home      Panaitolikos x PAOK                @7.40  —
   15:00 Draw      Sport Huancayo x UTC Cajamarca     @5.90  —
   15:00 Draw      Dinamo Zagreb x Lokomotiva         @8.40  —
   15:15 Draw      Lech Poznan x Radomiak Radom       @6.20  —
   15:45 Draw      AC Milan x Lecce                   @6.40  —
   15:45 Home      Marseille x Paris St-G             @7.20  —
   16:00 2x2       Valencia x Real Sociedad           @16.50 —
   16:00 Home      Sportivo San Lorenzo x Olimpia     @9.60  —
   17:00 Over 4.5  CA Platense x Newells              @19.50 —
   18:30 Draw      Flamengo x Red Bull Bragantino     @5.70  —
   20:00 2x2       Inter Miami CF x San Diego FC      @17.00 —
   21:00 Draw      Toluca x Santos Laguna             @7.60  —
   21:30 Over 4.5  Velez Sarsfield x Tigre            @20.00 —
sem gatilho.
2026-09-20 11:10 | banca R$ 4001 (composta (pagina 02, 749 jogos ate 2026-09-20)) | liquidados 2/41 | 2G/0R | P&L R$ +71.94 (+1.8%)
   07:15 Draw      Feyenoord x FC Utrecht             @6.60  AO Home Win GREEN R$+34
   08:30 Home      Antwerp x Union St Gilloise        @6.00  0-2 GREEN R$+38
   09:30 Draw      Az Alkmaar x SC Telstar            @7.60  —
   09:30 Draw      Hartberg x LASK Linz               @6.40  —
   10:00 Draw      Marumo Gallants FC x Orlando Pirat @5.20  —
   10:00 0x3       NK Bravo x Olimpija                @26.00 —
   10:00 2x2       Frosinone x Como                   @17.00 —
   10:00 Home      Frosinone x Como                   @6.60  —
   10:00 Over 4.5  Milford x Durban City              @19.50 —
   10:00 Draw      Man City x Sunderland              @6.00  —
   11:00 Draw      Trans Narva x FCI Tallinn          @8.40  —
   11:00 Draw      Ponte Preta x CRB                  @6.40  —
   11:00 Draw      Levadiakos x Olympiakos            @5.60  —
   11:00 0x3       Gremio x SE Palmeiras              @23.00 —
   11:00 Draw      Fenerbahce x Eyupspor              @9.20  —
   11:30 Draw      Degerfors x Hammarby               @6.20  —
   11:45 Home      Lokomotiv Plovdiv x CSKA Sofia     @8.00  —
   12:00 Draw      Haugesund x Strommen               @6.60  —
   12:00 Home      Siroki Brijeg x Borac Banja Luka   @7.20  —
   12:00 Home      Raufoss x Stromsgodset             @9.80  —
   12:00 Draw      Raufoss x Stromsgodset             @7.40  —
   12:00 Draw      Stabaek x Sogndal                  @7.20  —
   12:00 Draw      Kongsvinger x Hodd                 @7.40  —
   12:00 Draw      NFC Volos x AEK Athens             @6.20  —
   13:00 Draw      Omonia x Digenis Ypsona            @8.80  —
   13:30 Draw      Kalamata x Panathinaikos           @6.20  —
   14:00 Draw      Crvena Zvezda x Radnicki Nis       @9.80  —
   14:15 Home      Brann x Bodo Glimt                 @5.10  —
   15:00 Home      Panaitolikos x PAOK                @7.40  —
   15:00 Draw      Sport Huancayo x UTC Cajamarca     @5.90  —
   15:00 Draw      Dinamo Zagreb x Lokomotiva         @8.40  —
   15:15 Draw      Lech Poznan x Radomiak Radom       @6.20  —
   15:45 Draw      AC Milan x Lecce                   @6.40  —
   15:45 Home      Marseille x Paris St-G             @7.20  —
   16:00 2x2       Valencia x Real Sociedad           @16.50 —
   16:00 Home      Sportivo San Lorenzo x Olimpia     @9.60  —
   17:00 Over 4.5  CA Platense x Newells              @19.50 —
   18:30 Draw      Flamengo x Red Bull Bragantino     @5.70  —
   20:00 2x2       Inter Miami CF x San Diego FC      @17.00 —
   21:00 Draw      Toluca x Santos Laguna             @7.60  —
   21:30 Over 4.5  Velez Sarsfield x Tigre            @20.00 —
sem gatilho.
2026-09-20 11:15 | banca R$ 4001 (composta (pagina 02, 749 jogos ate 2026-09-20)) | liquidados 2/41 | 2G/0R | P&L R$ +71.94 (+1.8%)
   07:15 Draw      Feyenoord x FC Utrecht             @6.60  AO Home Win GREEN R$+34
   08:30 Home      Antwerp x Union St Gilloise        @6.00  0-2 GREEN R$+38
   09:30 Draw      Az Alkmaar x SC Telstar            @7.60  —
   09:30 Draw      Hartberg x LASK Linz               @6.40  —
   10:00 Draw      Marumo Gallants FC x Orlando Pirat @5.20  —
   10:00 0x3       NK Bravo x Olimpija                @26.00 —
   10:00 2x2       Frosinone x Como                   @17.00 —
   10:00 Home      Frosinone x Como                   @6.60  —
   10:00 Over 4.5  Milford x Durban City              @19.50 —
   10:00 Draw      Man City x Sunderland              @6.00  —
   11:00 Draw      Trans Narva x FCI Tallinn          @8.40  —
   11:00 Draw      Ponte Preta x CRB                  @6.40  —
   11:00 Draw      Levadiakos x Olympiakos            @5.60  —
   11:00 0x3       Gremio x SE Palmeiras              @23.00 —
   11:00 Draw      Fenerbahce x Eyupspor              @9.20  —
   11:30 Draw      Degerfors x Hammarby               @6.20  —
   11:45 Home      Lokomotiv Plovdiv x CSKA Sofia     @8.00  —
   12:00 Draw      Haugesund x Strommen               @6.60  —
   12:00 Home      Siroki Brijeg x Borac Banja Luka   @7.20  —
   12:00 Home      Raufoss x Stromsgodset             @9.80  —
   12:00 Draw      Raufoss x Stromsgodset             @7.40  —
   12:00 Draw      Stabaek x Sogndal                  @7.20  —
   12:00 Draw      Kongsvinger x Hodd                 @7.40  —
   12:00 Draw      NFC Volos x AEK Athens             @6.20  —
   13:00 Draw      Omonia x Digenis Ypsona            @8.80  —
   13:30 Draw      Kalamata x Panathinaikos           @6.20  —
   14:00 Draw      Crvena Zvezda x Radnicki Nis       @9.80  —
   14:15 Home      Brann x Bodo Glimt                 @5.10  —
   15:00 Home      Panaitolikos x PAOK                @7.40  —
   15:00 Draw      Sport Huancayo x UTC Cajamarca     @5.90  —
   15:00 Draw      Dinamo Zagreb x Lokomotiva         @8.40  —
   15:15 Draw      Lech Poznan x Radomiak Radom       @6.20  —
   15:45 Draw      AC Milan x Lecce                   @6.40  —
   15:45 Home      Marseille x Paris St-G             @7.20  —
   16:00 2x2       Valencia x Real Sociedad           @16.50 —
   16:00 Home      Sportivo San Lorenzo x Olimpia     @9.60  —
   17:00 Over 4.5  CA Platense x Newells              @19.50 —
   18:30 Draw      Flamengo x Red Bull Bragantino     @5.70  —
   20:00 2x2       Inter Miami CF x San Diego FC      @17.00 —
   21:00 Draw      Toluca x Santos Laguna             @7.60  —
   21:30 Over 4.5  Velez Sarsfield x Tigre            @20.00 —
sem gatilho.
2026-09-20 11:20 | banca R$ 4001 (composta (pagina 02, 749 jogos ate 2026-09-20)) | liquidados 2/41 | 2G/0R | P&L R$ +71.94 (+1.8%)
   07:15 Draw      Feyenoord x FC Utrecht             @6.60  AO Home Win GREEN R$+34
   08:30 Home      Antwerp x Union St Gilloise        @6.00  0-2 GREEN R$+38
   09:30 Draw      Az Alkmaar x SC Telstar            @7.60  —
   09:30 Draw      Hartberg x LASK Linz               @6.40  —
   10:00 Draw      Marumo Gallants FC x Orlando Pirat @5.20  —
   10:00 0x3       NK Bravo x Olimpija                @26.00 —
   10:00 2x2       Frosinone x Como                   @17.00 —
   10:00 Home      Frosinone x Como                   @6.60  —
   10:00 Over 4.5  Milford x Durban City              @19.50 —
   10:00 Draw      Man City x Sunderland              @6.00  —
   11:00 Draw      Trans Narva x FCI Tallinn          @8.40  —
   11:00 Draw      Ponte Preta x CRB                  @6.40  —
   11:00 Draw      Levadiakos x Olympiakos            @5.60  —
   11:00 0x3       Gremio x SE Palmeiras              @23.00 —
   11:00 Draw      Fenerbahce x Eyupspor              @9.20  —
   11:30 Draw      Degerfors x Hammarby               @6.20  —
   11:45 Home      Lokomotiv Plovdiv x CSKA Sofia     @8.00  —
   12:00 Draw      Haugesund x Strommen               @6.60  —
   12:00 Home      Siroki Brijeg x Borac Banja Luka   @7.20  —
   12:00 Home      Raufoss x Stromsgodset             @9.80  —
   12:00 Draw      Raufoss x Stromsgodset             @7.40  —
   12:00 Draw      Stabaek x Sogndal                  @7.20  —
   12:00 Draw      Kongsvinger x Hodd                 @7.40  —
   12:00 Draw      NFC Volos x AEK Athens             @6.20  —
   13:00 Draw      Omonia x Digenis Ypsona            @8.80  —
   13:30 Draw      Kalamata x Panathinaikos           @6.20  —
   14:00 Draw      Crvena Zvezda x Radnicki Nis       @9.80  —
   14:15 Home      Brann x Bodo Glimt                 @5.10  —
   15:00 Home      Panaitolikos x PAOK                @7.40  —
   15:00 Draw      Sport Huancayo x UTC Cajamarca     @5.90  —
   15:00 Draw      Dinamo Zagreb x Lokomotiva         @8.40  —
   15:15 Draw      Lech Poznan x Radomiak Radom       @6.20  —
   15:45 Draw      AC Milan x Lecce                   @6.40  —
   15:45 Home      Marseille x Paris St-G             @7.20  —
   16:00 2x2       Valencia x Real Sociedad           @16.50 —
   16:00 Home      Sportivo San Lorenzo x Olimpia     @9.60  —
   17:00 Over 4.5  CA Platense x Newells              @19.50 —
   18:30 Draw      Flamengo x Red Bull Bragantino     @5.70  —
   20:00 2x2       Inter Miami CF x San Diego FC      @17.00 —
   21:00 Draw      Toluca x Santos Laguna             @7.60  —
   21:30 Over 4.5  Velez Sarsfield x Tigre            @20.00 —
sem gatilho.
2026-09-20 11:25 | banca R$ 4001 (composta (pagina 02, 749 jogos ate 2026-09-20)) | liquidados 2/41 | 2G/0R | P&L R$ +71.94 (+1.8%)
   07:15 Draw      Feyenoord x FC Utrecht             @6.60  AO Home Win GREEN R$+34
   08:30 Home      Antwerp x Union St Gilloise        @6.00  0-2 GREEN R$+38
   09:30 Draw      Az Alkmaar x SC Telstar            @7.60  —
   09:30 Draw      Hartberg x LASK Linz               @6.40  —
   10:00 Draw      Marumo Gallants FC x Orlando Pirat @5.20  —
   10:00 0x3       NK Bravo x Olimpija                @26.00 —
   10:00 2x2       Frosinone x Como                   @17.00 —
   10:00 Home      Frosinone x Como                   @6.60  —
   10:00 Over 4.5  Milford x Durban City              @19.50 —
   10:00 Draw      Man City x Sunderland              @6.00  —
   11:00 Draw      Trans Narva x FCI Tallinn          @8.40  —
   11:00 Draw      Ponte Preta x CRB                  @6.40  —
   11:00 Draw      Levadiakos x Olympiakos            @5.60  —
   11:00 0x3       Gremio x SE Palmeiras              @23.00 —
   11:00 Draw      Fenerbahce x Eyupspor              @9.20  —
   11:30 Draw      Degerfors x Hammarby               @6.20  —
   11:45 Home      Lokomotiv Plovdiv x CSKA Sofia     @8.00  —
   12:00 Draw      Haugesund x Strommen               @6.60  —
   12:00 Home      Siroki Brijeg x Borac Banja Luka   @7.20  —
   12:00 Home      Raufoss x Stromsgodset             @9.80  —
   12:00 Draw      Raufoss x Stromsgodset             @7.40  —
   12:00 Draw      Stabaek x Sogndal                  @7.20  —
   12:00 Draw      Kongsvinger x Hodd                 @7.40  —
   12:00 Draw      NFC Volos x AEK Athens             @6.20  —
   13:00 Draw      Omonia x Digenis Ypsona            @8.80  —
   13:30 Draw      Kalamata x Panathinaikos           @6.20  —
   14:00 Draw      Crvena Zvezda x Radnicki Nis       @9.80  —
   14:15 Home      Brann x Bodo Glimt                 @5.10  —
   15:00 Home      Panaitolikos x PAOK                @7.40  —
   15:00 Draw      Sport Huancayo x UTC Cajamarca     @5.90  —
   15:00 Draw      Dinamo Zagreb x Lokomotiva         @8.40  —
   15:15 Draw      Lech Poznan x Radomiak Radom       @6.20  —
   15:45 Draw      AC Milan x Lecce                   @6.40  —
   15:45 Home      Marseille x Paris St-G             @7.20  —
   16:00 2x2       Valencia x Real Sociedad           @16.50 —
   16:00 Home      Sportivo San Lorenzo x Olimpia     @9.60  —
   17:00 Over 4.5  CA Platense x Newells              @19.50 —
   18:30 Draw      Flamengo x Red Bull Bragantino     @5.70  —
   20:00 2x2       Inter Miami CF x San Diego FC      @17.00 —
   21:00 Draw      Toluca x Santos Laguna             @7.60  —
   21:30 Over 4.5  Velez Sarsfield x Tigre            @20.00 —
sem gatilho.
2026-09-20 11:30 | banca R$ 4001 (composta (pagina 02, 749 jogos ate 2026-09-20)) | liquidados 4/41 | 3G/1R | P&L R$ -99.30 (-2.5%)
   07:15 Draw      Feyenoord x FC Utrecht             @6.60  AO Home Win GREEN R$+34
   08:30 Home      Antwerp x Union St Gilloise        @6.00  0-2 GREEN R$+38
   09:30 Draw      Az Alkmaar x SC Telstar            @7.60  1-0 GREEN R$+29
   09:30 Draw      Hartberg x LASK Linz               @6.40  3-3 RED R$-200
   10:00 Draw      Marumo Gallants FC x Orlando Pirat @5.20  —
   10:00 0x3       NK Bravo x Olimpija                @26.00 —
   10:00 2x2       Frosinone x Como                   @17.00 —
   10:00 Home      Frosinone x Como                   @6.60  —
   10:00 Over 4.5  Milford x Durban City              @19.50 —
   10:00 Draw      Man City x Sunderland              @6.00  —
   11:00 Draw      Trans Narva x FCI Tallinn          @8.40  —
   11:00 Draw      Ponte Preta x CRB                  @6.40  —
   11:00 Draw      Levadiakos x Olympiakos            @5.60  —
   11:00 0x3       Gremio x SE Palmeiras              @23.00 —
   11:00 Draw      Fenerbahce x Eyupspor              @9.20  —
   11:30 Draw      Degerfors x Hammarby               @6.20  —
   11:45 Home      Lokomotiv Plovdiv x CSKA Sofia     @8.00  —
   12:00 Draw      Haugesund x Strommen               @6.60  —
   12:00 Home      Siroki Brijeg x Borac Banja Luka   @7.20  —
   12:00 Home      Raufoss x Stromsgodset             @9.80  —
   12:00 Draw      Raufoss x Stromsgodset             @7.40  —
   12:00 Draw      Stabaek x Sogndal                  @7.20  —
   12:00 Draw      Kongsvinger x Hodd                 @7.40  —
   12:00 Draw      NFC Volos x AEK Athens             @6.20  —
   13:00 Draw      Omonia x Digenis Ypsona            @8.80  —
   13:30 Draw      Kalamata x Panathinaikos           @6.20  —
   14:00 Draw      Crvena Zvezda x Radnicki Nis       @9.80  —
   14:15 Home      Brann x Bodo Glimt                 @5.10  —
   15:00 Home      Panaitolikos x PAOK                @7.40  —
   15:00 Draw      Sport Huancayo x UTC Cajamarca     @5.90  —
   15:00 Draw      Dinamo Zagreb x Lokomotiva         @8.40  —
   15:15 Draw      Lech Poznan x Radomiak Radom       @6.20  —
   15:45 Draw      AC Milan x Lecce                   @6.40  —
   15:45 Home      Marseille x Paris St-G             @7.20  —
   16:00 2x2       Valencia x Real Sociedad           @16.50 —
   16:00 Home      Sportivo San Lorenzo x Olimpia     @9.60  —
   17:00 Over 4.5  CA Platense x Newells              @19.50 —
   18:30 Draw      Flamengo x Red Bull Bragantino     @5.70  —
   20:00 2x2       Inter Miami CF x San Diego FC      @17.00 —
   21:00 Draw      Toluca x Santos Laguna             @7.60  —
   21:30 Over 4.5  Velez Sarsfield x Tigre            @20.00 —
sem gatilho.
2026-09-20 11:35 | banca R$ 4001 (composta (pagina 02, 749 jogos ate 2026-09-20)) | liquidados 4/41 | 3G/1R | P&L R$ -99.30 (-2.5%)
   07:15 Draw      Feyenoord x FC Utrecht             @6.60  AO Home Win GREEN R$+34
   08:30 Home      Antwerp x Union St Gilloise        @6.00  0-2 GREEN R$+38
   09:30 Draw      Az Alkmaar x SC Telstar            @7.60  1-0 GREEN R$+29
   09:30 Draw      Hartberg x LASK Linz               @6.40  3-3 RED R$-200
   10:00 Draw      Marumo Gallants FC x Orlando Pirat @5.20  —
   10:00 0x3       NK Bravo x Olimpija                @26.00 —
   10:00 2x2       Frosinone x Como                   @17.00 —
   10:00 Home      Frosinone x Como                   @6.60  —
   10:00 Over 4.5  Milford x Durban City              @19.50 —
   10:00 Draw      Man City x Sunderland              @6.00  —
   11:00 Draw      Trans Narva x FCI Tallinn          @8.40  —
   11:00 Draw      Ponte Preta x CRB                  @6.40  —
   11:00 Draw      Levadiakos x Olympiakos            @5.60  —
   11:00 0x3       Gremio x SE Palmeiras              @23.00 —
   11:00 Draw      Fenerbahce x Eyupspor              @9.20  —
   11:30 Draw      Degerfors x Hammarby               @6.20  —
   11:45 Home      Lokomotiv Plovdiv x CSKA Sofia     @8.00  —
   12:00 Draw      Haugesund x Strommen               @6.60  —
   12:00 Home      Siroki Brijeg x Borac Banja Luka   @7.20  —
   12:00 Home      Raufoss x Stromsgodset             @9.80  —
   12:00 Draw      Raufoss x Stromsgodset             @7.40  —
   12:00 Draw      Stabaek x Sogndal                  @7.20  —
   12:00 Draw      Kongsvinger x Hodd                 @7.40  —
   12:00 Draw      NFC Volos x AEK Athens             @6.20  —
   13:00 Draw      Omonia x Digenis Ypsona            @8.80  —
   13:30 Draw      Kalamata x Panathinaikos           @6.20  —
   14:00 Draw      Crvena Zvezda x Radnicki Nis       @9.80  —
   14:15 Home      Brann x Bodo Glimt                 @5.10  —
   15:00 Home      Panaitolikos x PAOK                @7.40  —
   15:00 Draw      Sport Huancayo x UTC Cajamarca     @5.90  —
   15:00 Draw      Dinamo Zagreb x Lokomotiva         @8.40  —
   15:15 Draw      Lech Poznan x Radomiak Radom       @6.20  —
   15:45 Draw      AC Milan x Lecce                   @6.40  —
   15:45 Home      Marseille x Paris St-G             @7.20  —
   16:00 2x2       Valencia x Real Sociedad           @16.50 —
   16:00 Home      Sportivo San Lorenzo x Olimpia     @9.60  —
   17:00 Over 4.5  CA Platense x Newells              @19.50 —
   18:30 Draw      Flamengo x Red Bull Bragantino     @5.70  —
   20:00 2x2       Inter Miami CF x San Diego FC      @17.00 —
   21:00 Draw      Toluca x Santos Laguna             @7.60  —
   21:30 Over 4.5  Velez Sarsfield x Tigre            @20.00 —
sem gatilho.
2026-09-20 11:40 | banca R$ 4001 (composta (pagina 02, 749 jogos ate 2026-09-20)) | liquidados 4/41 | 3G/1R | P&L R$ -99.30 (-2.5%)
   07:15 Draw      Feyenoord x FC Utrecht             @6.60  AO Home Win GREEN R$+34
   08:30 Home      Antwerp x Union St Gilloise        @6.00  0-2 GREEN R$+38
   09:30 Draw      Az Alkmaar x SC Telstar            @7.60  1-0 GREEN R$+29
   09:30 Draw      Hartberg x LASK Linz               @6.40  3-3 RED R$-200
   10:00 Draw      Marumo Gallants FC x Orlando Pirat @5.20  —
   10:00 0x3       NK Bravo x Olimpija                @26.00 —
   10:00 2x2       Frosinone x Como                   @17.00 —
   10:00 Home      Frosinone x Como                   @6.60  —
   10:00 Over 4.5  Milford x Durban City              @19.50 —
   10:00 Draw      Man City x Sunderland              @6.00  —
   11:00 Draw      Trans Narva x FCI Tallinn          @8.40  —
   11:00 Draw      Ponte Preta x CRB                  @6.40  —
   11:00 Draw      Levadiakos x Olympiakos            @5.60  —
   11:00 0x3       Gremio x SE Palmeiras              @23.00 —
   11:00 Draw      Fenerbahce x Eyupspor              @9.20  —
   11:30 Draw      Degerfors x Hammarby               @6.20  —
   11:45 Home      Lokomotiv Plovdiv x CSKA Sofia     @8.00  —
   12:00 Draw      Haugesund x Strommen               @6.60  —
   12:00 Home      Siroki Brijeg x Borac Banja Luka   @7.20  —
   12:00 Home      Raufoss x Stromsgodset             @9.80  —
   12:00 Draw      Raufoss x Stromsgodset             @7.40  —
   12:00 Draw      Stabaek x Sogndal                  @7.20  —
   12:00 Draw      Kongsvinger x Hodd                 @7.40  —
   12:00 Draw      NFC Volos x AEK Athens             @6.20  —
   13:00 Draw      Omonia x Digenis Ypsona            @8.80  —
   13:30 Draw      Kalamata x Panathinaikos           @6.20  —
   14:00 Draw      Crvena Zvezda x Radnicki Nis       @9.80  —
   14:15 Home      Brann x Bodo Glimt                 @5.10  —
   15:00 Home      Panaitolikos x PAOK                @7.40  —
   15:00 Draw      Sport Huancayo x UTC Cajamarca     @5.90  —
   15:00 Draw      Dinamo Zagreb x Lokomotiva         @8.40  —
   15:15 Draw      Lech Poznan x Radomiak Radom       @6.20  —
   15:45 Draw      AC Milan x Lecce                   @6.40  —
   15:45 Home      Marseille x Paris St-G             @7.20  —
   16:00 2x2       Valencia x Real Sociedad           @16.50 —
   16:00 Home      Sportivo San Lorenzo x Olimpia     @9.60  —
   17:00 Over 4.5  CA Platense x Newells              @19.50 —
   18:30 Draw      Flamengo x Red Bull Bragantino     @5.70  —
   20:00 2x2       Inter Miami CF x San Diego FC      @17.00 —
   21:00 Draw      Toluca x Santos Laguna             @7.60  —
   21:30 Over 4.5  Velez Sarsfield x Tigre            @20.00 —
sem gatilho.
2026-09-20 11:45 | banca R$ 4001 (composta (pagina 02, 749 jogos ate 2026-09-20)) | liquidados 4/41 | 3G/1R | P&L R$ -99.30 (-2.5%)
   07:15 Draw      Feyenoord x FC Utrecht             @6.60  AO Home Win GREEN R$+34
   08:30 Home      Antwerp x Union St Gilloise        @6.00  0-2 GREEN R$+38
   09:30 Draw      Az Alkmaar x SC Telstar            @7.60  1-0 GREEN R$+29
   09:30 Draw      Hartberg x LASK Linz               @6.40  3-3 RED R$-200
   10:00 Draw      Marumo Gallants FC x Orlando Pirat @5.20  —
   10:00 0x3       NK Bravo x Olimpija                @26.00 —
   10:00 2x2       Frosinone x Como                   @17.00 —
   10:00 Home      Frosinone x Como                   @6.60  —
   10:00 Over 4.5  Milford x Durban City              @19.50 —
   10:00 Draw      Man City x Sunderland              @6.00  —
   11:00 Draw      Trans Narva x FCI Tallinn          @8.40  —
   11:00 Draw      Ponte Preta x CRB                  @6.40  —
   11:00 Draw      Levadiakos x Olympiakos            @5.60  —
   11:00 0x3       Gremio x SE Palmeiras              @23.00 —
   11:00 Draw      Fenerbahce x Eyupspor              @9.20  —
   11:30 Draw      Degerfors x Hammarby               @6.20  —
   11:45 Home      Lokomotiv Plovdiv x CSKA Sofia     @8.00  —
   12:00 Draw      Haugesund x Strommen               @6.60  —
   12:00 Home      Siroki Brijeg x Borac Banja Luka   @7.20  —
   12:00 Home      Raufoss x Stromsgodset             @9.80  —
   12:00 Draw      Raufoss x Stromsgodset             @7.40  —
   12:00 Draw      Stabaek x Sogndal                  @7.20  —
   12:00 Draw      Kongsvinger x Hodd                 @7.40  —
   12:00 Draw      NFC Volos x AEK Athens             @6.20  —
   13:00 Draw      Omonia x Digenis Ypsona            @8.80  —
   13:30 Draw      Kalamata x Panathinaikos           @6.20  —
   14:00 Draw      Crvena Zvezda x Radnicki Nis       @9.80  —
   14:15 Home      Brann x Bodo Glimt                 @5.10  —
   15:00 Home      Panaitolikos x PAOK                @7.40  —
   15:00 Draw      Sport Huancayo x UTC Cajamarca     @5.90  —
   15:00 Draw      Dinamo Zagreb x Lokomotiva         @8.40  —
   15:15 Draw      Lech Poznan x Radomiak Radom       @6.20  —
   15:45 Draw      AC Milan x Lecce                   @6.40  —
   15:45 Home      Marseille x Paris St-G             @7.20  —
   16:00 2x2       Valencia x Real Sociedad           @16.50 —
   16:00 Home      Sportivo San Lorenzo x Olimpia     @9.60  —
   17:00 Over 4.5  CA Platense x Newells              @19.50 —
   18:30 Draw      Flamengo x Red Bull Bragantino     @5.70  —
   20:00 2x2       Inter Miami CF x San Diego FC      @17.00 —
   21:00 Draw      Toluca x Santos Laguna             @7.60  —
   21:30 Over 4.5  Velez Sarsfield x Tigre            @20.00 —
sem gatilho.
2026-09-20 11:50 | banca R$ 4001 (composta (pagina 02, 749 jogos ate 2026-09-20)) | liquidados 4/41 | 3G/1R | P&L R$ -99.30 (-2.5%)
   07:15 Draw      Feyenoord x FC Utrecht             @6.60  AO Home Win GREEN R$+34
   08:30 Home      Antwerp x Union St Gilloise        @6.00  0-2 GREEN R$+38
   09:30 Draw      Az Alkmaar x SC Telstar            @7.60  1-0 GREEN R$+29
   09:30 Draw      Hartberg x LASK Linz               @6.40  3-3 RED R$-200
   10:00 Draw      Marumo Gallants FC x Orlando Pirat @5.20  —
   10:00 0x3       NK Bravo x Olimpija                @26.00 —
   10:00 2x2       Frosinone x Como                   @17.00 —
   10:00 Home      Frosinone x Como                   @6.60  —
   10:00 Over 4.5  Milford x Durban City              @19.50 —
   10:00 Draw      Man City x Sunderland              @6.00  —
   11:00 Draw      Trans Narva x FCI Tallinn          @8.40  —
   11:00 Draw      Ponte Preta x CRB                  @6.40  —
   11:00 Draw      Levadiakos x Olympiakos            @5.60  —
   11:00 0x3       Gremio x SE Palmeiras              @23.00 —
   11:00 Draw      Fenerbahce x Eyupspor              @9.20  —
   11:30 Draw      Degerfors x Hammarby               @6.20  —
   11:45 Home      Lokomotiv Plovdiv x CSKA Sofia     @8.00  —
   12:00 Draw      Haugesund x Strommen               @6.60  —
   12:00 Home      Siroki Brijeg x Borac Banja Luka   @7.20  —
   12:00 Home      Raufoss x Stromsgodset             @9.80  —
   12:00 Draw      Raufoss x Stromsgodset             @7.40  —
   12:00 Draw      Stabaek x Sogndal                  @7.20  —
   12:00 Draw      Kongsvinger x Hodd                 @7.40  —
   12:00 Draw      NFC Volos x AEK Athens             @6.20  —
   13:00 Draw      Omonia x Digenis Ypsona            @8.80  —
   13:30 Draw      Kalamata x Panathinaikos           @6.20  —
   14:00 Draw      Crvena Zvezda x Radnicki Nis       @9.80  —
   14:15 Home      Brann x Bodo Glimt                 @5.10  —
   15:00 Home      Panaitolikos x PAOK                @7.40  —
   15:00 Draw      Sport Huancayo x UTC Cajamarca     @5.90  —
   15:00 Draw      Dinamo Zagreb x Lokomotiva         @8.40  —
   15:15 Draw      Lech Poznan x Radomiak Radom       @6.20  —
   15:45 Draw      AC Milan x Lecce                   @6.40  —
   15:45 Home      Marseille x Paris St-G             @7.20  —
   16:00 2x2       Valencia x Real Sociedad           @16.50 —
   16:00 Home      Sportivo San Lorenzo x Olimpia     @9.60  —
   17:00 Over 4.5  CA Platense x Newells              @19.50 —
   18:30 Draw      Flamengo x Red Bull Bragantino     @5.70  —
   20:00 2x2       Inter Miami CF x San Diego FC      @17.00 —
   21:00 Draw      Toluca x Santos Laguna             @7.60  —
   21:30 Over 4.5  Velez Sarsfield x Tigre            @20.00 —
sem gatilho.
2026-09-20 11:55 | banca R$ 4001 (composta (pagina 02, 749 jogos ate 2026-09-20)) | liquidados 4/41 | 3G/1R | P&L R$ -99.30 (-2.5%)
   07:15 Draw      Feyenoord x FC Utrecht             @6.60  AO Home Win GREEN R$+34
   08:30 Home      Antwerp x Union St Gilloise        @6.00  0-2 GREEN R$+38
   09:30 Draw      Az Alkmaar x SC Telstar            @7.60  1-0 GREEN R$+29
   09:30 Draw      Hartberg x LASK Linz               @6.40  3-3 RED R$-200
   10:00 Draw      Marumo Gallants FC x Orlando Pirat @5.20  —
   10:00 0x3       NK Bravo x Olimpija                @26.00 —
   10:00 2x2       Frosinone x Como                   @17.00 —
   10:00 Home      Frosinone x Como                   @6.60  —
   10:00 Over 4.5  Milford x Durban City              @19.50 —
   10:00 Draw      Man City x Sunderland              @6.00  —
   11:00 Draw      Trans Narva x FCI Tallinn          @8.40  —
   11:00 Draw      Ponte Preta x CRB                  @6.40  —
   11:00 Draw      Levadiakos x Olympiakos            @5.60  —
   11:00 0x3       Gremio x SE Palmeiras              @23.00 —
   11:00 Draw      Fenerbahce x Eyupspor              @9.20  —
   11:30 Draw      Degerfors x Hammarby               @6.20  —
   11:45 Home      Lokomotiv Plovdiv x CSKA Sofia     @8.00  —
   12:00 Draw      Haugesund x Strommen               @6.60  —
   12:00 Home      Siroki Brijeg x Borac Banja Luka   @7.20  —
   12:00 Home      Raufoss x Stromsgodset             @9.80  —
   12:00 Draw      Raufoss x Stromsgodset             @7.40  —
   12:00 Draw      Stabaek x Sogndal                  @7.20  —
   12:00 Draw      Kongsvinger x Hodd                 @7.40  —
   12:00 Draw      NFC Volos x AEK Athens             @6.20  —
   13:00 Draw      Omonia x Digenis Ypsona            @8.80  —
   13:30 Draw      Kalamata x Panathinaikos           @6.20  —
   14:00 Draw      Crvena Zvezda x Radnicki Nis       @9.80  —
   14:15 Home      Brann x Bodo Glimt                 @5.10  —
   15:00 Home      Panaitolikos x PAOK                @7.40  —
   15:00 Draw      Sport Huancayo x UTC Cajamarca     @5.90  —
   15:00 Draw      Dinamo Zagreb x Lokomotiva         @8.40  —
   15:15 Draw      Lech Poznan x Radomiak Radom       @6.20  —
   15:45 Draw      AC Milan x Lecce                   @6.40  —
   15:45 Home      Marseille x Paris St-G             @7.20  —
   16:00 2x2       Valencia x Real Sociedad           @16.50 —
   16:00 Home      Sportivo San Lorenzo x Olimpia     @9.60  —
   17:00 Over 4.5  CA Platense x Newells              @19.50 —
   18:30 Draw      Flamengo x Red Bull Bragantino     @5.70  —
   20:00 2x2       Inter Miami CF x San Diego FC      @17.00 —
   21:00 Draw      Toluca x Santos Laguna             @7.60  —
   21:30 Over 4.5  Velez Sarsfield x Tigre            @20.00 —
sem gatilho.
2026-09-20 12:00 | banca R$ 4001 (composta (pagina 02, 749 jogos ate 2026-09-20)) | liquidados 5/41 | 4G/1R | P&L R$ -78.75 (-2.0%)
   07:15 Draw      Feyenoord x FC Utrecht             @6.60  AO Home Win GREEN R$+34
   08:30 Home      Antwerp x Union St Gilloise        @6.00  0-2 GREEN R$+38
   09:30 Draw      Az Alkmaar x SC Telstar            @7.60  1-0 GREEN R$+29
   09:30 Draw      Hartberg x LASK Linz               @6.40  3-3 RED R$-200
   10:00 Draw      Marumo Gallants FC x Orlando Pirat @5.20  —
   10:00 0x3       NK Bravo x Olimpija                @26.00 —
   10:00 2x2       Frosinone x Como                   @17.00 —
   10:00 Home      Frosinone x Como                   @6.60  —
   10:00 Over 4.5  Milford x Durban City              @19.50 1-1 GREEN R$+21
   10:00 Draw      Man City x Sunderland              @6.00  —
   11:00 Draw      Trans Narva x FCI Tallinn          @8.40  —
   11:00 Draw      Ponte Preta x CRB                  @6.40  —
   11:00 Draw      Levadiakos x Olympiakos            @5.60  —
   11:00 0x3       Gremio x SE Palmeiras              @23.00 —
   11:00 Draw      Fenerbahce x Eyupspor              @9.20  —
   11:30 Draw      Degerfors x Hammarby               @6.20  —
   11:45 Home      Lokomotiv Plovdiv x CSKA Sofia     @8.00  —
   12:00 Draw      Haugesund x Strommen               @6.60  —
   12:00 Home      Siroki Brijeg x Borac Banja Luka   @7.20  —
   12:00 Home      Raufoss x Stromsgodset             @9.80  —
   12:00 Draw      Raufoss x Stromsgodset             @7.40  —
   12:00 Draw      Stabaek x Sogndal                  @7.20  —
   12:00 Draw      Kongsvinger x Hodd                 @7.40  —
   12:00 Draw      NFC Volos x AEK Athens             @6.20  —
   13:00 Draw      Omonia x Digenis Ypsona            @8.80  —
   13:30 Draw      Kalamata x Panathinaikos           @6.20  —
   14:00 Draw      Crvena Zvezda x Radnicki Nis       @9.80  —
   14:15 Home      Brann x Bodo Glimt                 @5.10  —
   15:00 Home      Panaitolikos x PAOK                @7.40  —
   15:00 Draw      Sport Huancayo x UTC Cajamarca     @5.90  —
   15:00 Draw      Dinamo Zagreb x Lokomotiva         @8.40  —
   15:15 Draw      Lech Poznan x Radomiak Radom       @6.20  —
   15:45 Draw      AC Milan x Lecce                   @6.40  —
   15:45 Home      Marseille x Paris St-G             @7.20  —
   16:00 2x2       Valencia x Real Sociedad           @16.50 —
   16:00 Home      Sportivo San Lorenzo x Olimpia     @9.60  —
   17:00 Over 4.5  CA Platense x Newells              @19.50 —
   18:30 Draw      Flamengo x Red Bull Bragantino     @5.70  —
   20:00 2x2       Inter Miami CF x San Diego FC      @17.00 —
   21:00 Draw      Toluca x Santos Laguna             @7.60  —
   21:30 Over 4.5  Velez Sarsfield x Tigre            @20.00 —
sem gatilho.
2026-09-20 12:05 | banca R$ 4001 (composta (pagina 02, 749 jogos ate 2026-09-20)) | liquidados 7/41 | 6G/1R | P&L R$ +4.50 (+0.1%)
   07:15 Draw      Feyenoord x FC Utrecht             @6.60  AO Home Win GREEN R$+34
   08:30 Home      Antwerp x Union St Gilloise        @6.00  0-2 GREEN R$+38
   09:30 Draw      Az Alkmaar x SC Telstar            @7.60  1-0 GREEN R$+29
   09:30 Draw      Hartberg x LASK Linz               @6.40  3-3 RED R$-200
   10:00 Draw      Marumo Gallants FC x Orlando Pirat @5.20  0-2 GREEN R$+45
   10:00 0x3       NK Bravo x Olimpija                @26.00 —
   10:00 2x2       Frosinone x Como                   @17.00 —
   10:00 Home      Frosinone x Como                   @6.60  —
   10:00 Over 4.5  Milford x Durban City              @19.50 1-1 GREEN R$+21
   10:00 Draw      Man City x Sunderland              @6.00  AO Home Win GREEN R$+38
   11:00 Draw      Trans Narva x FCI Tallinn          @8.40  —
   11:00 Draw      Ponte Preta x CRB                  @6.40  —
   11:00 Draw      Levadiakos x Olympiakos            @5.60  —
   11:00 0x3       Gremio x SE Palmeiras              @23.00 —
   11:00 Draw      Fenerbahce x Eyupspor              @9.20  —
   11:30 Draw      Degerfors x Hammarby               @6.20  —
   11:45 Home      Lokomotiv Plovdiv x CSKA Sofia     @8.00  —
   12:00 Draw      Haugesund x Strommen               @6.60  —
   12:00 Home      Siroki Brijeg x Borac Banja Luka   @7.20  —
   12:00 Home      Raufoss x Stromsgodset             @9.80  —
   12:00 Draw      Raufoss x Stromsgodset             @7.40  —
   12:00 Draw      Stabaek x Sogndal                  @7.20  —
   12:00 Draw      Kongsvinger x Hodd                 @7.40  —
   12:00 Draw      NFC Volos x AEK Athens             @6.20  —
   13:00 Draw      Omonia x Digenis Ypsona            @8.80  —
   13:30 Draw      Kalamata x Panathinaikos           @6.20  —
   14:00 Draw      Crvena Zvezda x Radnicki Nis       @9.80  —
   14:15 Home      Brann x Bodo Glimt                 @5.10  —
   15:00 Home      Panaitolikos x PAOK                @7.40  —
   15:00 Draw      Sport Huancayo x UTC Cajamarca     @5.90  —
   15:00 Draw      Dinamo Zagreb x Lokomotiva         @8.40  —
   15:15 Draw      Lech Poznan x Radomiak Radom       @6.20  —
   15:45 Draw      AC Milan x Lecce                   @6.40  —
   15:45 Home      Marseille x Paris St-G             @7.20  —
   16:00 2x2       Valencia x Real Sociedad           @16.50 —
   16:00 Home      Sportivo San Lorenzo x Olimpia     @9.60  —
   17:00 Over 4.5  CA Platense x Newells              @19.50 —
   18:30 Draw      Flamengo x Red Bull Bragantino     @5.70  —
   20:00 2x2       Inter Miami CF x San Diego FC      @17.00 —
   21:00 Draw      Toluca x Santos Laguna             @7.60  —
   21:30 Over 4.5  Velez Sarsfield x Tigre            @20.00 —
sem gatilho.
2026-09-20 12:10 | banca R$ 4001 (composta (pagina 02, 749 jogos ate 2026-09-20)) | liquidados 8/41 | 7G/1R | P&L R$ +19.70 (+0.5%)
   07:15 Draw      Feyenoord x FC Utrecht             @6.60  AO Home Win GREEN R$+34
   08:30 Home      Antwerp x Union St Gilloise        @6.00  0-2 GREEN R$+38
   09:30 Draw      Az Alkmaar x SC Telstar            @7.60  1-0 GREEN R$+29
   09:30 Draw      Hartberg x LASK Linz               @6.40  3-3 RED R$-200
   10:00 Draw      Marumo Gallants FC x Orlando Pirat @5.20  0-2 GREEN R$+45
   10:00 0x3       NK Bravo x Olimpija                @26.00 2-1 GREEN R$+15
   10:00 2x2       Frosinone x Como                   @17.00 —
   10:00 Home      Frosinone x Como                   @6.60  —
   10:00 Over 4.5  Milford x Durban City              @19.50 1-1 GREEN R$+21
   10:00 Draw      Man City x Sunderland              @6.00  AO Home Win GREEN R$+38
   11:00 Draw      Trans Narva x FCI Tallinn          @8.40  —
   11:00 Draw      Ponte Preta x CRB                  @6.40  —
   11:00 Draw      Levadiakos x Olympiakos            @5.60  —
   11:00 0x3       Gremio x SE Palmeiras              @23.00 —
   11:00 Draw      Fenerbahce x Eyupspor              @9.20  —
   11:30 Draw      Degerfors x Hammarby               @6.20  —
   11:45 Home      Lokomotiv Plovdiv x CSKA Sofia     @8.00  —
   12:00 Draw      Haugesund x Strommen               @6.60  —
   12:00 Home      Siroki Brijeg x Borac Banja Luka   @7.20  —
   12:00 Home      Raufoss x Stromsgodset             @9.80  —
   12:00 Draw      Raufoss x Stromsgodset             @7.40  —
   12:00 Draw      Stabaek x Sogndal                  @7.20  —
   12:00 Draw      Kongsvinger x Hodd                 @7.40  —
   12:00 Draw      NFC Volos x AEK Athens             @6.20  —
   13:00 Draw      Omonia x Digenis Ypsona            @8.80  —
   13:30 Draw      Kalamata x Panathinaikos           @6.20  —
   14:00 Draw      Crvena Zvezda x Radnicki Nis       @9.80  —
   14:15 Home      Brann x Bodo Glimt                 @5.10  —
   15:00 Home      Panaitolikos x PAOK                @7.40  —
   15:00 Draw      Sport Huancayo x UTC Cajamarca     @5.90  —
   15:00 Draw      Dinamo Zagreb x Lokomotiva         @8.40  —
   15:15 Draw      Lech Poznan x Radomiak Radom       @6.20  —
   15:45 Draw      AC Milan x Lecce                   @6.40  —
   15:45 Home      Marseille x Paris St-G             @7.20  —
   16:00 2x2       Valencia x Real Sociedad           @16.50 —
   16:00 Home      Sportivo San Lorenzo x Olimpia     @9.60  —
   17:00 Over 4.5  CA Platense x Newells              @19.50 —
   18:30 Draw      Flamengo x Red Bull Bragantino     @5.70  —
   20:00 2x2       Inter Miami CF x San Diego FC      @17.00 —
   21:00 Draw      Toluca x Santos Laguna             @7.60  —
   21:30 Over 4.5  Velez Sarsfield x Tigre            @20.00 —
sem gatilho.
2026-09-20 12:15 | banca R$ 4001 (composta (pagina 02, 749 jogos ate 2026-09-20)) | liquidados 10/41 | 8G/2R | P&L R$ -156.58 (-3.9%)
   07:15 Draw      Feyenoord x FC Utrecht             @6.60  AO Home Win GREEN R$+34
   08:30 Home      Antwerp x Union St Gilloise        @6.00  0-2 GREEN R$+38
   09:30 Draw      Az Alkmaar x SC Telstar            @7.60  1-0 GREEN R$+29
   09:30 Draw      Hartberg x LASK Linz               @6.40  3-3 RED R$-200
   10:00 Draw      Marumo Gallants FC x Orlando Pirat @5.20  0-2 GREEN R$+45
   10:00 0x3       NK Bravo x Olimpija                @26.00 2-1 GREEN R$+15
   10:00 2x2       Frosinone x Como                   @17.00 2-0 GREEN R$+24
   10:00 Home      Frosinone x Como                   @6.60  2-0 RED R$-200
   10:00 Over 4.5  Milford x Durban City              @19.50 1-1 GREEN R$+21
   10:00 Draw      Man City x Sunderland              @6.00  AO Home Win GREEN R$+38
   11:00 Draw      Trans Narva x FCI Tallinn          @8.40  —
   11:00 Draw      Ponte Preta x CRB                  @6.40  —
   11:00 Draw      Levadiakos x Olympiakos            @5.60  —
   11:00 0x3       Gremio x SE Palmeiras              @23.00 —
   11:00 Draw      Fenerbahce x Eyupspor              @9.20  —
   11:30 Draw      Degerfors x Hammarby               @6.20  —
   11:45 Home      Lokomotiv Plovdiv x CSKA Sofia     @8.00  —
   12:00 Draw      Haugesund x Strommen               @6.60  —
   12:00 Home      Siroki Brijeg x Borac Banja Luka   @7.20  —
   12:00 Home      Raufoss x Stromsgodset             @9.80  —
   12:00 Draw      Raufoss x Stromsgodset             @7.40  —
   12:00 Draw      Stabaek x Sogndal                  @7.20  —
   12:00 Draw      Kongsvinger x Hodd                 @7.40  —
   12:00 Draw      NFC Volos x AEK Athens             @6.20  —
   13:00 Draw      Omonia x Digenis Ypsona            @8.80  —
   13:30 Draw      Kalamata x Panathinaikos           @6.20  —
   14:00 Draw      Crvena Zvezda x Radnicki Nis       @9.80  —
   14:15 Home      Brann x Bodo Glimt                 @5.10  —
   15:00 Home      Panaitolikos x PAOK                @7.40  —
   15:00 Draw      Sport Huancayo x UTC Cajamarca     @5.90  —
   15:00 Draw      Dinamo Zagreb x Lokomotiva         @8.40  —
   15:15 Draw      Lech Poznan x Radomiak Radom       @6.20  —
   15:45 Draw      AC Milan x Lecce                   @6.40  —
   15:45 Home      Marseille x Paris St-G             @7.20  —
   16:00 2x2       Valencia x Real Sociedad           @16.50 —
   16:00 Home      Sportivo San Lorenzo x Olimpia     @9.60  —
   17:00 Over 4.5  CA Platense x Newells              @19.50 —
   18:30 Draw      Flamengo x Red Bull Bragantino     @5.70  —
   20:00 2x2       Inter Miami CF x San Diego FC      @17.00 —
   21:00 Draw      Toluca x Santos Laguna             @7.60  —
   21:30 Over 4.5  Velez Sarsfield x Tigre            @20.00 —
sem gatilho.
2026-09-20 12:20 | banca R$ 4001 (composta (pagina 02, 749 jogos ate 2026-09-20)) | liquidados 10/41 | 8G/2R | P&L R$ -156.58 (-3.9%)
   07:15 Draw      Feyenoord x FC Utrecht             @6.60  AO Home Win GREEN R$+34
   08:30 Home      Antwerp x Union St Gilloise        @6.00  0-2 GREEN R$+38
   09:30 Draw      Az Alkmaar x SC Telstar            @7.60  1-0 GREEN R$+29
   09:30 Draw      Hartberg x LASK Linz               @6.40  3-3 RED R$-200
   10:00 Draw      Marumo Gallants FC x Orlando Pirat @5.20  0-2 GREEN R$+45
   10:00 0x3       NK Bravo x Olimpija                @26.00 2-1 GREEN R$+15
   10:00 2x2       Frosinone x Como                   @17.00 2-0 GREEN R$+24
   10:00 Home      Frosinone x Como                   @6.60  2-0 RED R$-200
   10:00 Over 4.5  Milford x Durban City              @19.50 1-1 GREEN R$+21
   10:00 Draw      Man City x Sunderland              @6.00  AO Home Win GREEN R$+38
   11:00 Draw      Trans Narva x FCI Tallinn          @8.40  —
   11:00 Draw      Ponte Preta x CRB                  @6.40  —
   11:00 Draw      Levadiakos x Olympiakos            @5.60  —
   11:00 0x3       Gremio x SE Palmeiras              @23.00 —
   11:00 Draw      Fenerbahce x Eyupspor              @9.20  —
   11:30 Draw      Degerfors x Hammarby               @6.20  —
   11:45 Home      Lokomotiv Plovdiv x CSKA Sofia     @8.00  —
   12:00 Draw      Haugesund x Strommen               @6.60  —
   12:00 Home      Siroki Brijeg x Borac Banja Luka   @7.20  —
   12:00 Home      Raufoss x Stromsgodset             @9.80  —
   12:00 Draw      Raufoss x Stromsgodset             @7.40  —
   12:00 Draw      Stabaek x Sogndal                  @7.20  —
   12:00 Draw      Kongsvinger x Hodd                 @7.40  —
   12:00 Draw      NFC Volos x AEK Athens             @6.20  —
   13:00 Draw      Omonia x Digenis Ypsona            @8.80  —
   13:30 Draw      Kalamata x Panathinaikos           @6.20  —
   14:00 Draw      Crvena Zvezda x Radnicki Nis       @9.80  —
   14:15 Home      Brann x Bodo Glimt                 @5.10  —
   15:00 Home      Panaitolikos x PAOK                @7.40  —
   15:00 Draw      Sport Huancayo x UTC Cajamarca     @5.90  —
   15:00 Draw      Dinamo Zagreb x Lokomotiva         @8.40  —
   15:15 Draw      Lech Poznan x Radomiak Radom       @6.20  —
   15:45 Draw      AC Milan x Lecce                   @6.40  —
   15:45 Home      Marseille x Paris St-G             @7.20  —
   16:00 2x2       Valencia x Real Sociedad           @16.50 —
   16:00 Home      Sportivo San Lorenzo x Olimpia     @9.60  —
   17:00 Over 4.5  CA Platense x Newells              @19.50 —
   18:30 Draw      Flamengo x Red Bull Bragantino     @5.70  —
   20:00 2x2       Inter Miami CF x San Diego FC      @17.00 —
   21:00 Draw      Toluca x Santos Laguna             @7.60  —
   21:30 Over 4.5  Velez Sarsfield x Tigre            @20.00 —
sem gatilho.
2026-09-20 12:25 | banca R$ 4001 (composta (pagina 02, 749 jogos ate 2026-09-20)) | liquidados 10/41 | 8G/2R | P&L R$ -156.58 (-3.9%)
   07:15 Draw      Feyenoord x FC Utrecht             @6.60  AO Home Win GREEN R$+34
   08:30 Home      Antwerp x Union St Gilloise        @6.00  0-2 GREEN R$+38
   09:30 Draw      Az Alkmaar x SC Telstar            @7.60  1-0 GREEN R$+29
   09:30 Draw      Hartberg x LASK Linz               @6.40  3-3 RED R$-200
   10:00 Draw      Marumo Gallants FC x Orlando Pirat @5.20  0-2 GREEN R$+45
   10:00 0x3       NK Bravo x Olimpija                @26.00 2-1 GREEN R$+15
   10:00 2x2       Frosinone x Como                   @17.00 2-0 GREEN R$+24
   10:00 Home      Frosinone x Como                   @6.60  2-0 RED R$-200
   10:00 Over 4.5  Milford x Durban City              @19.50 1-1 GREEN R$+21
   10:00 Draw      Man City x Sunderland              @6.00  AO Home Win GREEN R$+38
   11:00 Draw      Trans Narva x FCI Tallinn          @8.40  —
   11:00 Draw      Ponte Preta x CRB                  @6.40  —
   11:00 Draw      Levadiakos x Olympiakos            @5.60  —
   11:00 0x3       Gremio x SE Palmeiras              @23.00 —
   11:00 Draw      Fenerbahce x Eyupspor              @9.20  —
   11:30 Draw      Degerfors x Hammarby               @6.20  —
   11:45 Home      Lokomotiv Plovdiv x CSKA Sofia     @8.00  —
   12:00 Draw      Haugesund x Strommen               @6.60  —
   12:00 Home      Siroki Brijeg x Borac Banja Luka   @7.20  —
   12:00 Home      Raufoss x Stromsgodset             @9.80  —
   12:00 Draw      Raufoss x Stromsgodset             @7.40  —
   12:00 Draw      Stabaek x Sogndal                  @7.20  —
   12:00 Draw      Kongsvinger x Hodd                 @7.40  —
   12:00 Draw      NFC Volos x AEK Athens             @6.20  —
   13:00 Draw      Omonia x Digenis Ypsona            @8.80  —
   13:30 Draw      Kalamata x Panathinaikos           @6.20  —
   14:00 Draw      Crvena Zvezda x Radnicki Nis       @9.80  —
   14:15 Home      Brann x Bodo Glimt                 @5.10  —
   15:00 Home      Panaitolikos x PAOK                @7.40  —
   15:00 Draw      Sport Huancayo x UTC Cajamarca     @5.90  —
   15:00 Draw      Dinamo Zagreb x Lokomotiva         @8.40  —
   15:15 Draw      Lech Poznan x Radomiak Radom       @6.20  —
   15:45 Draw      AC Milan x Lecce                   @6.40  —
   15:45 Home      Marseille x Paris St-G             @7.20  —
   16:00 2x2       Valencia x Real Sociedad           @16.50 —
   16:00 Home      Sportivo San Lorenzo x Olimpia     @9.60  —
   17:00 Over 4.5  CA Platense x Newells              @19.50 —
   18:30 Draw      Flamengo x Red Bull Bragantino     @5.70  —
   20:00 2x2       Inter Miami CF x San Diego FC      @17.00 —
   21:00 Draw      Toluca x Santos Laguna             @7.60  —
   21:30 Over 4.5  Velez Sarsfield x Tigre            @20.00 —
sem gatilho.
2026-09-20 12:30 | banca R$ 4001 (composta (pagina 02, 749 jogos ate 2026-09-20)) | liquidados 10/41 | 8G/2R | P&L R$ -156.58 (-3.9%)
   07:15 Draw      Feyenoord x FC Utrecht             @6.60  AO Home Win GREEN R$+34
   08:30 Home      Antwerp x Union St Gilloise        @6.00  0-2 GREEN R$+38
   09:30 Draw      Az Alkmaar x SC Telstar            @7.60  1-0 GREEN R$+29
   09:30 Draw      Hartberg x LASK Linz               @6.40  3-3 RED R$-200
   10:00 Draw      Marumo Gallants FC x Orlando Pirat @5.20  0-2 GREEN R$+45
   10:00 0x3       NK Bravo x Olimpija                @26.00 2-1 GREEN R$+15
   10:00 2x2       Frosinone x Como                   @17.00 2-0 GREEN R$+24
   10:00 Home      Frosinone x Como                   @6.60  2-0 RED R$-200
   10:00 Over 4.5  Milford x Durban City              @19.50 1-1 GREEN R$+21
   10:00 Draw      Man City x Sunderland              @6.00  AO Home Win GREEN R$+38
   11:00 Draw      Trans Narva x FCI Tallinn          @8.40  —
   11:00 Draw      Ponte Preta x CRB                  @6.40  —
   11:00 Draw      Levadiakos x Olympiakos            @5.60  —
   11:00 0x3       Gremio x SE Palmeiras              @23.00 —
   11:00 Draw      Fenerbahce x Eyupspor              @9.20  —
   11:30 Draw      Degerfors x Hammarby               @6.20  —
   11:45 Home      Lokomotiv Plovdiv x CSKA Sofia     @8.00  —
   12:00 Draw      Haugesund x Strommen               @6.60  —
   12:00 Home      Siroki Brijeg x Borac Banja Luka   @7.20  —
   12:00 Home      Raufoss x Stromsgodset             @9.80  —
   12:00 Draw      Raufoss x Stromsgodset             @7.40  —
   12:00 Draw      Stabaek x Sogndal                  @7.20  —
   12:00 Draw      Kongsvinger x Hodd                 @7.40  —
   12:00 Draw      NFC Volos x AEK Athens             @6.20  —
   13:00 Draw      Omonia x Digenis Ypsona            @8.80  —
   13:30 Draw      Kalamata x Panathinaikos           @6.20  —
   14:00 Draw      Crvena Zvezda x Radnicki Nis       @9.80  —
   14:15 Home      Brann x Bodo Glimt                 @5.10  —
   15:00 Home      Panaitolikos x PAOK                @7.40  —
   15:00 Draw      Sport Huancayo x UTC Cajamarca     @5.90  —
   15:00 Draw      Dinamo Zagreb x Lokomotiva         @8.40  —
   15:15 Draw      Lech Poznan x Radomiak Radom       @6.20  —
   15:45 Draw      AC Milan x Lecce                   @6.40  —
   15:45 Home      Marseille x Paris St-G             @7.20  —
   16:00 2x2       Valencia x Real Sociedad           @16.50 —
   16:00 Home      Sportivo San Lorenzo x Olimpia     @9.60  —
   17:00 Over 4.5  CA Platense x Newells              @19.50 —
   18:30 Draw      Flamengo x Red Bull Bragantino     @5.70  —
   20:00 2x2       Inter Miami CF x San Diego FC      @17.00 —
   21:00 Draw      Toluca x Santos Laguna             @7.60  —
   21:30 Over 4.5  Velez Sarsfield x Tigre            @20.00 —
sem gatilho.
2026-09-20 12:35 | banca R$ 4001 (composta (pagina 02, 749 jogos ate 2026-09-20)) | liquidados 10/41 | 8G/2R | P&L R$ -156.58 (-3.9%)
   07:15 Draw      Feyenoord x FC Utrecht             @6.60  AO Home Win GREEN R$+34
   08:30 Home      Antwerp x Union St Gilloise        @6.00  0-2 GREEN R$+38
   09:30 Draw      Az Alkmaar x SC Telstar            @7.60  1-0 GREEN R$+29
   09:30 Draw      Hartberg x LASK Linz               @6.40  3-3 RED R$-200
   10:00 Draw      Marumo Gallants FC x Orlando Pirat @5.20  0-2 GREEN R$+45
   10:00 0x3       NK Bravo x Olimpija                @26.00 2-1 GREEN R$+15
   10:00 2x2       Frosinone x Como                   @17.00 2-0 GREEN R$+24
   10:00 Home      Frosinone x Como                   @6.60  2-0 RED R$-200
   10:00 Over 4.5  Milford x Durban City              @19.50 1-1 GREEN R$+21
   10:00 Draw      Man City x Sunderland              @6.00  AO Home Win GREEN R$+38
   11:00 Draw      Trans Narva x FCI Tallinn          @8.40  —
   11:00 Draw      Ponte Preta x CRB                  @6.40  —
   11:00 Draw      Levadiakos x Olympiakos            @5.60  —
   11:00 0x3       Gremio x SE Palmeiras              @23.00 —
   11:00 Draw      Fenerbahce x Eyupspor              @9.20  —
   11:30 Draw      Degerfors x Hammarby               @6.20  —
   11:45 Home      Lokomotiv Plovdiv x CSKA Sofia     @8.00  —
   12:00 Draw      Haugesund x Strommen               @6.60  —
   12:00 Home      Siroki Brijeg x Borac Banja Luka   @7.20  —
   12:00 Home      Raufoss x Stromsgodset             @9.80  —
   12:00 Draw      Raufoss x Stromsgodset             @7.40  —
   12:00 Draw      Stabaek x Sogndal                  @7.20  —
   12:00 Draw      Kongsvinger x Hodd                 @7.40  —
   12:00 Draw      NFC Volos x AEK Athens             @6.20  —
   13:00 Draw      Omonia x Digenis Ypsona            @8.80  —
   13:30 Draw      Kalamata x Panathinaikos           @6.20  —
   14:00 Draw      Crvena Zvezda x Radnicki Nis       @9.80  —
   14:15 Home      Brann x Bodo Glimt                 @5.10  —
   15:00 Home      Panaitolikos x PAOK                @7.40  —
   15:00 Draw      Sport Huancayo x UTC Cajamarca     @5.90  —
   15:00 Draw      Dinamo Zagreb x Lokomotiva         @8.40  —
   15:15 Draw      Lech Poznan x Radomiak Radom       @6.20  —
   15:45 Draw      AC Milan x Lecce                   @6.40  —
   15:45 Home      Marseille x Paris St-G             @7.20  —
   16:00 2x2       Valencia x Real Sociedad           @16.50 —
   16:00 Home      Sportivo San Lorenzo x Olimpia     @9.60  —
   17:00 Over 4.5  CA Platense x Newells              @19.50 —
   18:30 Draw      Flamengo x Red Bull Bragantino     @5.70  —
   20:00 2x2       Inter Miami CF x San Diego FC      @17.00 —
   21:00 Draw      Toluca x Santos Laguna             @7.60  —
   21:30 Over 4.5  Velez Sarsfield x Tigre            @20.00 —
sem gatilho.
2026-09-20 12:40 | banca R$ 4001 (composta (pagina 02, 749 jogos ate 2026-09-20)) | liquidados 10/41 | 8G/2R | P&L R$ -156.58 (-3.9%)
   07:15 Draw      Feyenoord x FC Utrecht             @6.60  AO Home Win GREEN R$+34
   08:30 Home      Antwerp x Union St Gilloise        @6.00  0-2 GREEN R$+38
   09:30 Draw      Az Alkmaar x SC Telstar            @7.60  1-0 GREEN R$+29
   09:30 Draw      Hartberg x LASK Linz               @6.40  3-3 RED R$-200
   10:00 Draw      Marumo Gallants FC x Orlando Pirat @5.20  0-2 GREEN R$+45
   10:00 0x3       NK Bravo x Olimpija                @26.00 2-1 GREEN R$+15
   10:00 2x2       Frosinone x Como                   @17.00 2-0 GREEN R$+24
   10:00 Home      Frosinone x Como                   @6.60  2-0 RED R$-200
   10:00 Over 4.5  Milford x Durban City              @19.50 1-1 GREEN R$+21
   10:00 Draw      Man City x Sunderland              @6.00  AO Home Win GREEN R$+38
   11:00 Draw      Trans Narva x FCI Tallinn          @8.40  —
   11:00 Draw      Ponte Preta x CRB                  @6.40  —
   11:00 Draw      Levadiakos x Olympiakos            @5.60  —
   11:00 0x3       Gremio x SE Palmeiras              @23.00 —
   11:00 Draw      Fenerbahce x Eyupspor              @9.20  —
   11:30 Draw      Degerfors x Hammarby               @6.20  —
   11:45 Home      Lokomotiv Plovdiv x CSKA Sofia     @8.00  —
   12:00 Draw      Haugesund x Strommen               @6.60  —
   12:00 Home      Siroki Brijeg x Borac Banja Luka   @7.20  —
   12:00 Home      Raufoss x Stromsgodset             @9.80  —
   12:00 Draw      Raufoss x Stromsgodset             @7.40  —
   12:00 Draw      Stabaek x Sogndal                  @7.20  —
   12:00 Draw      Kongsvinger x Hodd                 @7.40  —
   12:00 Draw      NFC Volos x AEK Athens             @6.20  —
   13:00 Draw      Omonia x Digenis Ypsona            @8.80  —
   13:30 Draw      Kalamata x Panathinaikos           @6.20  —
   14:00 Draw      Crvena Zvezda x Radnicki Nis       @9.80  —
   14:15 Home      Brann x Bodo Glimt                 @5.10  —
   15:00 Home      Panaitolikos x PAOK                @7.40  —
   15:00 Draw      Sport Huancayo x UTC Cajamarca     @5.90  —
   15:00 Draw      Dinamo Zagreb x Lokomotiva         @8.40  —
   15:15 Draw      Lech Poznan x Radomiak Radom       @6.20  —
   15:45 Draw      AC Milan x Lecce                   @6.40  —
   15:45 Home      Marseille x Paris St-G             @7.20  —
   16:00 2x2       Valencia x Real Sociedad           @16.50 —
   16:00 Home      Sportivo San Lorenzo x Olimpia     @9.60  —
   17:00 Over 4.5  CA Platense x Newells              @19.50 —
   18:30 Draw      Flamengo x Red Bull Bragantino     @5.70  —
   20:00 2x2       Inter Miami CF x San Diego FC      @17.00 —
   21:00 Draw      Toluca x Santos Laguna             @7.60  —
   21:30 Over 4.5  Velez Sarsfield x Tigre            @20.00 —
sem gatilho.
2026-09-20 12:45 | banca R$ 4001 (composta (pagina 02, 749 jogos ate 2026-09-20)) | liquidados 10/41 | 8G/2R | P&L R$ -156.58 (-3.9%)
   07:15 Draw      Feyenoord x FC Utrecht             @6.60  AO Home Win GREEN R$+34
   08:30 Home      Antwerp x Union St Gilloise        @6.00  0-2 GREEN R$+38
   09:30 Draw      Az Alkmaar x SC Telstar            @7.60  1-0 GREEN R$+29
   09:30 Draw      Hartberg x LASK Linz               @6.40  3-3 RED R$-200
   10:00 Draw      Marumo Gallants FC x Orlando Pirat @5.20  0-2 GREEN R$+45
   10:00 0x3       NK Bravo x Olimpija                @26.00 2-1 GREEN R$+15
   10:00 2x2       Frosinone x Como                   @17.00 2-0 GREEN R$+24
   10:00 Home      Frosinone x Como                   @6.60  2-0 RED R$-200
   10:00 Over 4.5  Milford x Durban City              @19.50 1-1 GREEN R$+21
   10:00 Draw      Man City x Sunderland              @6.00  AO Home Win GREEN R$+38
   11:00 Draw      Trans Narva x FCI Tallinn          @8.40  —
   11:00 Draw      Ponte Preta x CRB                  @6.40  —
   11:00 Draw      Levadiakos x Olympiakos            @5.60  —
   11:00 0x3       Gremio x SE Palmeiras              @23.00 —
   11:00 Draw      Fenerbahce x Eyupspor              @9.20  —
   11:30 Draw      Degerfors x Hammarby               @6.20  —
   11:45 Home      Lokomotiv Plovdiv x CSKA Sofia     @8.00  —
   12:00 Draw      Haugesund x Strommen               @6.60  —
   12:00 Home      Siroki Brijeg x Borac Banja Luka   @7.20  —
   12:00 Home      Raufoss x Stromsgodset             @9.80  —
   12:00 Draw      Raufoss x Stromsgodset             @7.40  —
   12:00 Draw      Stabaek x Sogndal                  @7.20  —
   12:00 Draw      Kongsvinger x Hodd                 @7.40  —
   12:00 Draw      NFC Volos x AEK Athens             @6.20  —
   13:00 Draw      Omonia x Digenis Ypsona            @8.80  —
   13:30 Draw      Kalamata x Panathinaikos           @6.20  —
   14:00 Draw      Crvena Zvezda x Radnicki Nis       @9.80  —
   14:15 Home      Brann x Bodo Glimt                 @5.10  —
   15:00 Home      Panaitolikos x PAOK                @7.40  —
   15:00 Draw      Sport Huancayo x UTC Cajamarca     @5.90  —
   15:00 Draw      Dinamo Zagreb x Lokomotiva         @8.40  —
   15:15 Draw      Lech Poznan x Radomiak Radom       @6.20  —
   15:45 Draw      AC Milan x Lecce                   @6.40  —
   15:45 Home      Marseille x Paris St-G             @7.20  —
   16:00 2x2       Valencia x Real Sociedad           @16.50 —
   16:00 Home      Sportivo San Lorenzo x Olimpia     @9.60  —
   17:00 Over 4.5  CA Platense x Newells              @19.50 —
   18:30 Draw      Flamengo x Red Bull Bragantino     @5.70  —
   20:00 2x2       Inter Miami CF x San Diego FC      @17.00 —
   21:00 Draw      Toluca x Santos Laguna             @7.60  —
   21:30 Over 4.5  Velez Sarsfield x Tigre            @20.00 —
sem gatilho.
2026-09-20 12:50 | banca R$ 4001 (composta (pagina 02, 749 jogos ate 2026-09-20)) | liquidados 10/41 | 8G/2R | P&L R$ -156.58 (-3.9%)
   07:15 Draw      Feyenoord x FC Utrecht             @6.60  AO Home Win GREEN R$+34
   08:30 Home      Antwerp x Union St Gilloise        @6.00  0-2 GREEN R$+38
   09:30 Draw      Az Alkmaar x SC Telstar            @7.60  1-0 GREEN R$+29
   09:30 Draw      Hartberg x LASK Linz               @6.40  3-3 RED R$-200
   10:00 Draw      Marumo Gallants FC x Orlando Pirat @5.20  0-2 GREEN R$+45
   10:00 0x3       NK Bravo x Olimpija                @26.00 2-1 GREEN R$+15
   10:00 2x2       Frosinone x Como                   @17.00 2-0 GREEN R$+24
   10:00 Home      Frosinone x Como                   @6.60  2-0 RED R$-200
   10:00 Over 4.5  Milford x Durban City              @19.50 1-1 GREEN R$+21
   10:00 Draw      Man City x Sunderland              @6.00  AO Home Win GREEN R$+38
   11:00 Draw      Trans Narva x FCI Tallinn          @8.40  —
   11:00 Draw      Ponte Preta x CRB                  @6.40  —
   11:00 Draw      Levadiakos x Olympiakos            @5.60  —
   11:00 0x3       Gremio x SE Palmeiras              @23.00 —
   11:00 Draw      Fenerbahce x Eyupspor              @9.20  —
   11:30 Draw      Degerfors x Hammarby               @6.20  —
   11:45 Home      Lokomotiv Plovdiv x CSKA Sofia     @8.00  —
   12:00 Draw      Haugesund x Strommen               @6.60  —
   12:00 Home      Siroki Brijeg x Borac Banja Luka   @7.20  —
   12:00 Home      Raufoss x Stromsgodset             @9.80  —
   12:00 Draw      Raufoss x Stromsgodset             @7.40  —
   12:00 Draw      Stabaek x Sogndal                  @7.20  —
   12:00 Draw      Kongsvinger x Hodd                 @7.40  —
   12:00 Draw      NFC Volos x AEK Athens             @6.20  —
   13:00 Draw      Omonia x Digenis Ypsona            @8.80  —
   13:30 Draw      Kalamata x Panathinaikos           @6.20  —
   14:00 Draw      Crvena Zvezda x Radnicki Nis       @9.80  —
   14:15 Home      Brann x Bodo Glimt                 @5.10  —
   15:00 Home      Panaitolikos x PAOK                @7.40  —
   15:00 Draw      Sport Huancayo x UTC Cajamarca     @5.90  —
   15:00 Draw      Dinamo Zagreb x Lokomotiva         @8.40  —
   15:15 Draw      Lech Poznan x Radomiak Radom       @6.20  —
   15:45 Draw      AC Milan x Lecce                   @6.40  —
   15:45 Home      Marseille x Paris St-G             @7.20  —
   16:00 2x2       Valencia x Real Sociedad           @16.50 —
   16:00 Home      Sportivo San Lorenzo x Olimpia     @9.60  —
   17:00 Over 4.5  CA Platense x Newells              @19.50 —
   18:30 Draw      Flamengo x Red Bull Bragantino     @5.70  —
   20:00 2x2       Inter Miami CF x San Diego FC      @17.00 —
   21:00 Draw      Toluca x Santos Laguna             @7.60  —
   21:30 Over 4.5  Velez Sarsfield x Tigre            @20.00 —
sem gatilho.
2026-09-20 12:55 | banca R$ 4001 (composta (pagina 02, 749 jogos ate 2026-09-20)) | liquidados 11/41 | 8G/3R | P&L R$ -356.60 (-8.9%)
   07:15 Draw      Feyenoord x FC Utrecht             @6.60  AO Home Win GREEN R$+34
   08:30 Home      Antwerp x Union St Gilloise        @6.00  0-2 GREEN R$+38
   09:30 Draw      Az Alkmaar x SC Telstar            @7.60  1-0 GREEN R$+29
   09:30 Draw      Hartberg x LASK Linz               @6.40  3-3 RED R$-200
   10:00 Draw      Marumo Gallants FC x Orlando Pirat @5.20  0-2 GREEN R$+45
   10:00 0x3       NK Bravo x Olimpija                @26.00 2-1 GREEN R$+15
   10:00 2x2       Frosinone x Como                   @17.00 2-0 GREEN R$+24
   10:00 Home      Frosinone x Como                   @6.60  2-0 RED R$-200
   10:00 Over 4.5  Milford x Durban City              @19.50 1-1 GREEN R$+21
   10:00 Draw      Man City x Sunderland              @6.00  AO Home Win GREEN R$+38
   11:00 Draw      Trans Narva x FCI Tallinn          @8.40  1-1 RED R$-200
   11:00 Draw      Ponte Preta x CRB                  @6.40  —
   11:00 Draw      Levadiakos x Olympiakos            @5.60  —
   11:00 0x3       Gremio x SE Palmeiras              @23.00 —
   11:00 Draw      Fenerbahce x Eyupspor              @9.20  —
   11:30 Draw      Degerfors x Hammarby               @6.20  —
   11:45 Home      Lokomotiv Plovdiv x CSKA Sofia     @8.00  —
   12:00 Draw      Haugesund x Strommen               @6.60  —
   12:00 Home      Siroki Brijeg x Borac Banja Luka   @7.20  —
   12:00 Home      Raufoss x Stromsgodset             @9.80  —
   12:00 Draw      Raufoss x Stromsgodset             @7.40  —
   12:00 Draw      Stabaek x Sogndal                  @7.20  —
   12:00 Draw      Kongsvinger x Hodd                 @7.40  —
   12:00 Draw      NFC Volos x AEK Athens             @6.20  —
   13:00 Draw      Omonia x Digenis Ypsona            @8.80  —
   13:30 Draw      Kalamata x Panathinaikos           @6.20  —
   14:00 Draw      Crvena Zvezda x Radnicki Nis       @9.80  —
   14:15 Home      Brann x Bodo Glimt                 @5.10  —
   15:00 Home      Panaitolikos x PAOK                @7.40  —
   15:00 Draw      Sport Huancayo x UTC Cajamarca     @5.90  —
   15:00 Draw      Dinamo Zagreb x Lokomotiva         @8.40  —
   15:15 Draw      Lech Poznan x Radomiak Radom       @6.20  —
   15:45 Draw      AC Milan x Lecce                   @6.40  —
   15:45 Home      Marseille x Paris St-G             @7.20  —
   16:00 2x2       Valencia x Real Sociedad           @16.50 —
   16:00 Home      Sportivo San Lorenzo x Olimpia     @9.60  —
   17:00 Over 4.5  CA Platense x Newells              @19.50 —
   18:30 Draw      Flamengo x Red Bull Bragantino     @5.70  —
   20:00 2x2       Inter Miami CF x San Diego FC      @17.00 —
   21:00 Draw      Toluca x Santos Laguna             @7.60  —
   21:30 Over 4.5  Velez Sarsfield x Tigre            @20.00 —
sem gatilho.
2026-09-20 13:00 | banca R$ 4001 (composta (pagina 02, 749 jogos ate 2026-09-20)) | liquidados 12/41 | 9G/3R | P&L R$ -333.43 (-8.3%)
   07:15 Draw      Feyenoord x FC Utrecht             @6.60  AO Home Win GREEN R$+34
   08:30 Home      Antwerp x Union St Gilloise        @6.00  0-2 GREEN R$+38
   09:30 Draw      Az Alkmaar x SC Telstar            @7.60  1-0 GREEN R$+29
   09:30 Draw      Hartberg x LASK Linz               @6.40  3-3 RED R$-200
   10:00 Draw      Marumo Gallants FC x Orlando Pirat @5.20  0-2 GREEN R$+45
   10:00 0x3       NK Bravo x Olimpija                @26.00 2-1 GREEN R$+15
   10:00 2x2       Frosinone x Como                   @17.00 2-0 GREEN R$+24
   10:00 Home      Frosinone x Como                   @6.60  2-0 RED R$-200
   10:00 Over 4.5  Milford x Durban City              @19.50 1-1 GREEN R$+21
   10:00 Draw      Man City x Sunderland              @6.00  AO Home Win GREEN R$+38
   11:00 Draw      Trans Narva x FCI Tallinn          @8.40  1-1 RED R$-200
   11:00 Draw      Ponte Preta x CRB                  @6.40  —
   11:00 Draw      Levadiakos x Olympiakos            @5.60  —
   11:00 0x3       Gremio x SE Palmeiras              @23.00 —
   11:00 Draw      Fenerbahce x Eyupspor              @9.20  AO Home Win GREEN R$+23
   11:30 Draw      Degerfors x Hammarby               @6.20  —
   11:45 Home      Lokomotiv Plovdiv x CSKA Sofia     @8.00  —
   12:00 Draw      Haugesund x Strommen               @6.60  —
   12:00 Home      Siroki Brijeg x Borac Banja Luka   @7.20  —
   12:00 Home      Raufoss x Stromsgodset             @9.80  —
   12:00 Draw      Raufoss x Stromsgodset             @7.40  —
   12:00 Draw      Stabaek x Sogndal                  @7.20  —
   12:00 Draw      Kongsvinger x Hodd                 @7.40  —
   12:00 Draw      NFC Volos x AEK Athens             @6.20  —
   13:00 Draw      Omonia x Digenis Ypsona            @8.80  —
   13:30 Draw      Kalamata x Panathinaikos           @6.20  —
   14:00 Draw      Crvena Zvezda x Radnicki Nis       @9.80  —
   14:15 Home      Brann x Bodo Glimt                 @5.10  —
   15:00 Home      Panaitolikos x PAOK                @7.40  —
   15:00 Draw      Sport Huancayo x UTC Cajamarca     @5.90  —
   15:00 Draw      Dinamo Zagreb x Lokomotiva         @8.40  —
   15:15 Draw      Lech Poznan x Radomiak Radom       @6.20  —
   15:45 Draw      AC Milan x Lecce                   @6.40  —
   15:45 Home      Marseille x Paris St-G             @7.20  —
   16:00 2x2       Valencia x Real Sociedad           @16.50 —
   16:00 Home      Sportivo San Lorenzo x Olimpia     @9.60  —
   17:00 Over 4.5  CA Platense x Newells              @19.50 —
   18:30 Draw      Flamengo x Red Bull Bragantino     @5.70  —
   20:00 2x2       Inter Miami CF x San Diego FC      @17.00 —
   21:00 Draw      Toluca x Santos Laguna             @7.60  —
   21:30 Over 4.5  Velez Sarsfield x Tigre            @20.00 —
sem gatilho.
2026-09-20 13:05 | banca R$ 4001 (composta (pagina 02, 749 jogos ate 2026-09-20)) | liquidados 13/41 | 10G/3R | P&L R$ -292.12 (-7.3%)
   07:15 Draw      Feyenoord x FC Utrecht             @6.60  AO Home Win GREEN R$+34
   08:30 Home      Antwerp x Union St Gilloise        @6.00  0-2 GREEN R$+38
   09:30 Draw      Az Alkmaar x SC Telstar            @7.60  1-0 GREEN R$+29
   09:30 Draw      Hartberg x LASK Linz               @6.40  3-3 RED R$-200
   10:00 Draw      Marumo Gallants FC x Orlando Pirat @5.20  0-2 GREEN R$+45
   10:00 0x3       NK Bravo x Olimpija                @26.00 2-1 GREEN R$+15
   10:00 2x2       Frosinone x Como                   @17.00 2-0 GREEN R$+24
   10:00 Home      Frosinone x Como                   @6.60  2-0 RED R$-200
   10:00 Over 4.5  Milford x Durban City              @19.50 1-1 GREEN R$+21
   10:00 Draw      Man City x Sunderland              @6.00  AO Home Win GREEN R$+38
   11:00 Draw      Trans Narva x FCI Tallinn          @8.40  1-1 RED R$-200
   11:00 Draw      Ponte Preta x CRB                  @6.40  —
   11:00 Draw      Levadiakos x Olympiakos            @5.60  0-1 GREEN R$+41
   11:00 0x3       Gremio x SE Palmeiras              @23.00 —
   11:00 Draw      Fenerbahce x Eyupspor              @9.20  AO Home Win GREEN R$+23
   11:30 Draw      Degerfors x Hammarby               @6.20  —
   11:45 Home      Lokomotiv Plovdiv x CSKA Sofia     @8.00  —
   12:00 Draw      Haugesund x Strommen               @6.60  —
   12:00 Home      Siroki Brijeg x Borac Banja Luka   @7.20  —
   12:00 Home      Raufoss x Stromsgodset             @9.80  —
   12:00 Draw      Raufoss x Stromsgodset             @7.40  —
   12:00 Draw      Stabaek x Sogndal                  @7.20  —
   12:00 Draw      Kongsvinger x Hodd                 @7.40  —
   12:00 Draw      NFC Volos x AEK Athens             @6.20  —
   13:00 Draw      Omonia x Digenis Ypsona            @8.80  —
   13:30 Draw      Kalamata x Panathinaikos           @6.20  —
   14:00 Draw      Crvena Zvezda x Radnicki Nis       @9.80  —
   14:15 Home      Brann x Bodo Glimt                 @5.10  —
   15:00 Home      Panaitolikos x PAOK                @7.40  —
   15:00 Draw      Sport Huancayo x UTC Cajamarca     @5.90  —
   15:00 Draw      Dinamo Zagreb x Lokomotiva         @8.40  —
   15:15 Draw      Lech Poznan x Radomiak Radom       @6.20  —
   15:45 Draw      AC Milan x Lecce                   @6.40  —
   15:45 Home      Marseille x Paris St-G             @7.20  —
   16:00 2x2       Valencia x Real Sociedad           @16.50 —
   16:00 Home      Sportivo San Lorenzo x Olimpia     @9.60  —
   17:00 Over 4.5  CA Platense x Newells              @19.50 —
   18:30 Draw      Flamengo x Red Bull Bragantino     @5.70  —
   20:00 2x2       Inter Miami CF x San Diego FC      @17.00 —
   21:00 Draw      Toluca x Santos Laguna             @7.60  —
   21:30 Over 4.5  Velez Sarsfield x Tigre            @20.00 —
sem gatilho.
2026-09-20 13:10 | banca R$ 4001 (composta (pagina 02, 749 jogos ate 2026-09-20)) | liquidados 15/41 | 12G/3R | P&L R$ -239.65 (-6.0%)
   07:15 Draw      Feyenoord x FC Utrecht             @6.60  AO Home Win GREEN R$+34
   08:30 Home      Antwerp x Union St Gilloise        @6.00  0-2 GREEN R$+38
   09:30 Draw      Az Alkmaar x SC Telstar            @7.60  1-0 GREEN R$+29
   09:30 Draw      Hartberg x LASK Linz               @6.40  3-3 RED R$-200
   10:00 Draw      Marumo Gallants FC x Orlando Pirat @5.20  0-2 GREEN R$+45
   10:00 0x3       NK Bravo x Olimpija                @26.00 2-1 GREEN R$+15
   10:00 2x2       Frosinone x Como                   @17.00 2-0 GREEN R$+24
   10:00 Home      Frosinone x Como                   @6.60  2-0 RED R$-200
   10:00 Over 4.5  Milford x Durban City              @19.50 1-1 GREEN R$+21
   10:00 Draw      Man City x Sunderland              @6.00  AO Home Win GREEN R$+38
   11:00 Draw      Trans Narva x FCI Tallinn          @8.40  1-1 RED R$-200
   11:00 Draw      Ponte Preta x CRB                  @6.40  1-0 GREEN R$+35
   11:00 Draw      Levadiakos x Olympiakos            @5.60  0-1 GREEN R$+41
   11:00 0x3       Gremio x SE Palmeiras              @23.00 0-0 GREEN R$+17
   11:00 Draw      Fenerbahce x Eyupspor              @9.20  AO Home Win GREEN R$+23
   11:30 Draw      Degerfors x Hammarby               @6.20  —
   11:45 Home      Lokomotiv Plovdiv x CSKA Sofia     @8.00  —
   12:00 Draw      Haugesund x Strommen               @6.60  —
   12:00 Home      Siroki Brijeg x Borac Banja Luka   @7.20  —
   12:00 Home      Raufoss x Stromsgodset             @9.80  —
   12:00 Draw      Raufoss x Stromsgodset             @7.40  —
   12:00 Draw      Stabaek x Sogndal                  @7.20  —
   12:00 Draw      Kongsvinger x Hodd                 @7.40  —
   12:00 Draw      NFC Volos x AEK Athens             @6.20  —
   13:00 Draw      Omonia x Digenis Ypsona            @8.80  —
   13:30 Draw      Kalamata x Panathinaikos           @6.20  —
   14:00 Draw      Crvena Zvezda x Radnicki Nis       @9.80  —
   14:15 Home      Brann x Bodo Glimt                 @5.10  —
   15:00 Home      Panaitolikos x PAOK                @7.40  —
   15:00 Draw      Sport Huancayo x UTC Cajamarca     @5.90  —
   15:00 Draw      Dinamo Zagreb x Lokomotiva         @8.40  —
   15:15 Draw      Lech Poznan x Radomiak Radom       @6.20  —
   15:45 Draw      AC Milan x Lecce                   @6.40  —
   15:45 Home      Marseille x Paris St-G             @7.20  —
   16:00 2x2       Valencia x Real Sociedad           @16.50 —
   16:00 Home      Sportivo San Lorenzo x Olimpia     @9.60  —
   17:00 Over 4.5  CA Platense x Newells              @19.50 —
   18:30 Draw      Flamengo x Red Bull Bragantino     @5.70  —
   20:00 2x2       Inter Miami CF x San Diego FC      @17.00 —
   21:00 Draw      Toluca x Santos Laguna             @7.60  —
   21:30 Over 4.5  Velez Sarsfield x Tigre            @20.00 —
sem gatilho.
2026-09-20 13:15 | banca R$ 4001 (composta (pagina 02, 749 jogos ate 2026-09-20)) | liquidados 15/41 | 12G/3R | P&L R$ -239.65 (-6.0%)
   07:15 Draw      Feyenoord x FC Utrecht             @6.60  AO Home Win GREEN R$+34
   08:30 Home      Antwerp x Union St Gilloise        @6.00  0-2 GREEN R$+38
   09:30 Draw      Az Alkmaar x SC Telstar            @7.60  1-0 GREEN R$+29
   09:30 Draw      Hartberg x LASK Linz               @6.40  3-3 RED R$-200
   10:00 Draw      Marumo Gallants FC x Orlando Pirat @5.20  0-2 GREEN R$+45
   10:00 0x3       NK Bravo x Olimpija                @26.00 2-1 GREEN R$+15
   10:00 2x2       Frosinone x Como                   @17.00 2-0 GREEN R$+24
   10:00 Home      Frosinone x Como                   @6.60  2-0 RED R$-200
   10:00 Over 4.5  Milford x Durban City              @19.50 1-1 GREEN R$+21
   10:00 Draw      Man City x Sunderland              @6.00  AO Home Win GREEN R$+38
   11:00 Draw      Trans Narva x FCI Tallinn          @8.40  1-1 RED R$-200
   11:00 Draw      Ponte Preta x CRB                  @6.40  1-0 GREEN R$+35
   11:00 Draw      Levadiakos x Olympiakos            @5.60  0-1 GREEN R$+41
   11:00 0x3       Gremio x SE Palmeiras              @23.00 0-0 GREEN R$+17
   11:00 Draw      Fenerbahce x Eyupspor              @9.20  AO Home Win GREEN R$+23
   11:30 Draw      Degerfors x Hammarby               @6.20  —
   11:45 Home      Lokomotiv Plovdiv x CSKA Sofia     @8.00  —
   12:00 Draw      Haugesund x Strommen               @6.60  —
   12:00 Home      Siroki Brijeg x Borac Banja Luka   @7.20  —
   12:00 Home      Raufoss x Stromsgodset             @9.80  —
   12:00 Draw      Raufoss x Stromsgodset             @7.40  —
   12:00 Draw      Stabaek x Sogndal                  @7.20  —
   12:00 Draw      Kongsvinger x Hodd                 @7.40  —
   12:00 Draw      NFC Volos x AEK Athens             @6.20  —
   13:00 Draw      Omonia x Digenis Ypsona            @8.80  —
   13:30 Draw      Kalamata x Panathinaikos           @6.20  —
   14:00 Draw      Crvena Zvezda x Radnicki Nis       @9.80  —
   14:15 Home      Brann x Bodo Glimt                 @5.10  —
   15:00 Home      Panaitolikos x PAOK                @7.40  —
   15:00 Draw      Sport Huancayo x UTC Cajamarca     @5.90  —
   15:00 Draw      Dinamo Zagreb x Lokomotiva         @8.40  —
   15:15 Draw      Lech Poznan x Radomiak Radom       @6.20  —
   15:45 Draw      AC Milan x Lecce                   @6.40  —
   15:45 Home      Marseille x Paris St-G             @7.20  —
   16:00 2x2       Valencia x Real Sociedad           @16.50 —
   16:00 Home      Sportivo San Lorenzo x Olimpia     @9.60  —
   17:00 Over 4.5  CA Platense x Newells              @19.50 —
   18:30 Draw      Flamengo x Red Bull Bragantino     @5.70  —
   20:00 2x2       Inter Miami CF x San Diego FC      @17.00 —
   21:00 Draw      Toluca x Santos Laguna             @7.60  —
   21:30 Over 4.5  Velez Sarsfield x Tigre            @20.00 —
sem gatilho.
2026-09-20 13:20 | banca R$ 4001 (composta (pagina 02, 749 jogos ate 2026-09-20)) | liquidados 15/41 | 12G/3R | P&L R$ -239.65 (-6.0%)
   07:15 Draw      Feyenoord x FC Utrecht             @6.60  AO Home Win GREEN R$+34
   08:30 Home      Antwerp x Union St Gilloise        @6.00  0-2 GREEN R$+38
   09:30 Draw      Az Alkmaar x SC Telstar            @7.60  1-0 GREEN R$+29
   09:30 Draw      Hartberg x LASK Linz               @6.40  3-3 RED R$-200
   10:00 Draw      Marumo Gallants FC x Orlando Pirat @5.20  0-2 GREEN R$+45
   10:00 0x3       NK Bravo x Olimpija                @26.00 2-1 GREEN R$+15
   10:00 2x2       Frosinone x Como                   @17.00 2-0 GREEN R$+24
   10:00 Home      Frosinone x Como                   @6.60  2-0 RED R$-200
   10:00 Over 4.5  Milford x Durban City              @19.50 1-1 GREEN R$+21
   10:00 Draw      Man City x Sunderland              @6.00  AO Home Win GREEN R$+38
   11:00 Draw      Trans Narva x FCI Tallinn          @8.40  1-1 RED R$-200
   11:00 Draw      Ponte Preta x CRB                  @6.40  1-0 GREEN R$+35
   11:00 Draw      Levadiakos x Olympiakos            @5.60  0-1 GREEN R$+41
   11:00 0x3       Gremio x SE Palmeiras              @23.00 0-0 GREEN R$+17
   11:00 Draw      Fenerbahce x Eyupspor              @9.20  AO Home Win GREEN R$+23
   11:30 Draw      Degerfors x Hammarby               @6.20  —
   11:45 Home      Lokomotiv Plovdiv x CSKA Sofia     @8.00  —
   12:00 Draw      Haugesund x Strommen               @6.60  —
   12:00 Home      Siroki Brijeg x Borac Banja Luka   @7.20  —
   12:00 Home      Raufoss x Stromsgodset             @9.80  —
   12:00 Draw      Raufoss x Stromsgodset             @7.40  —
   12:00 Draw      Stabaek x Sogndal                  @7.20  —
   12:00 Draw      Kongsvinger x Hodd                 @7.40  —
   12:00 Draw      NFC Volos x AEK Athens             @6.20  —
   13:00 Draw      Omonia x Digenis Ypsona            @8.80  —
   13:30 Draw      Kalamata x Panathinaikos           @6.20  —
   14:00 Draw      Crvena Zvezda x Radnicki Nis       @9.80  —
   14:15 Home      Brann x Bodo Glimt                 @5.10  —
   15:00 Home      Panaitolikos x PAOK                @7.40  —
   15:00 Draw      Sport Huancayo x UTC Cajamarca     @5.90  —
   15:00 Draw      Dinamo Zagreb x Lokomotiva         @8.40  —
   15:15 Draw      Lech Poznan x Radomiak Radom       @6.20  —
   15:45 Draw      AC Milan x Lecce                   @6.40  —
   15:45 Home      Marseille x Paris St-G             @7.20  —
   16:00 2x2       Valencia x Real Sociedad           @16.50 —
   16:00 Home      Sportivo San Lorenzo x Olimpia     @9.60  —
   17:00 Over 4.5  CA Platense x Newells              @19.50 —
   18:30 Draw      Flamengo x Red Bull Bragantino     @5.70  —
   20:00 2x2       Inter Miami CF x San Diego FC      @17.00 —
   21:00 Draw      Toluca x Santos Laguna             @7.60  —
   21:30 Over 4.5  Velez Sarsfield x Tigre            @20.00 —
sem gatilho.
2026-09-20 13:25 | banca R$ 4001 (composta (pagina 02, 749 jogos ate 2026-09-20)) | liquidados 15/41 | 12G/3R | P&L R$ -239.65 (-6.0%)
   07:15 Draw      Feyenoord x FC Utrecht             @6.60  AO Home Win GREEN R$+34
   08:30 Home      Antwerp x Union St Gilloise        @6.00  0-2 GREEN R$+38
   09:30 Draw      Az Alkmaar x SC Telstar            @7.60  1-0 GREEN R$+29
   09:30 Draw      Hartberg x LASK Linz               @6.40  3-3 RED R$-200
   10:00 Draw      Marumo Gallants FC x Orlando Pirat @5.20  0-2 GREEN R$+45
   10:00 0x3       NK Bravo x Olimpija                @26.00 2-1 GREEN R$+15
   10:00 2x2       Frosinone x Como                   @17.00 2-0 GREEN R$+24
   10:00 Home      Frosinone x Como                   @6.60  2-0 RED R$-200
   10:00 Over 4.5  Milford x Durban City              @19.50 1-1 GREEN R$+21
   10:00 Draw      Man City x Sunderland              @6.00  AO Home Win GREEN R$+38
   11:00 Draw      Trans Narva x FCI Tallinn          @8.40  1-1 RED R$-200
   11:00 Draw      Ponte Preta x CRB                  @6.40  1-0 GREEN R$+35
   11:00 Draw      Levadiakos x Olympiakos            @5.60  0-1 GREEN R$+41
   11:00 0x3       Gremio x SE Palmeiras              @23.00 0-0 GREEN R$+17
   11:00 Draw      Fenerbahce x Eyupspor              @9.20  AO Home Win GREEN R$+23
   11:30 Draw      Degerfors x Hammarby               @6.20  —
   11:45 Home      Lokomotiv Plovdiv x CSKA Sofia     @8.00  —
   12:00 Draw      Haugesund x Strommen               @6.60  —
   12:00 Home      Siroki Brijeg x Borac Banja Luka   @7.20  —
   12:00 Home      Raufoss x Stromsgodset             @9.80  —
   12:00 Draw      Raufoss x Stromsgodset             @7.40  —
   12:00 Draw      Stabaek x Sogndal                  @7.20  —
   12:00 Draw      Kongsvinger x Hodd                 @7.40  —
   12:00 Draw      NFC Volos x AEK Athens             @6.20  —
   13:00 Draw      Omonia x Digenis Ypsona            @8.80  —
   13:30 Draw      Kalamata x Panathinaikos           @6.20  —
   14:00 Draw      Crvena Zvezda x Radnicki Nis       @9.80  —
   14:15 Home      Brann x Bodo Glimt                 @5.10  —
   15:00 Home      Panaitolikos x PAOK                @7.40  —
   15:00 Draw      Sport Huancayo x UTC Cajamarca     @5.90  —
   15:00 Draw      Dinamo Zagreb x Lokomotiva         @8.40  —
   15:15 Draw      Lech Poznan x Radomiak Radom       @6.20  —
   15:45 Draw      AC Milan x Lecce                   @6.40  —
   15:45 Home      Marseille x Paris St-G             @7.20  —
   16:00 2x2       Valencia x Real Sociedad           @16.50 —
   16:00 Home      Sportivo San Lorenzo x Olimpia     @9.60  —
   17:00 Over 4.5  CA Platense x Newells              @19.50 —
   18:30 Draw      Flamengo x Red Bull Bragantino     @5.70  —
   20:00 2x2       Inter Miami CF x San Diego FC      @17.00 —
   21:00 Draw      Toluca x Santos Laguna             @7.60  —
   21:30 Over 4.5  Velez Sarsfield x Tigre            @20.00 —
sem gatilho.
2026-09-20 13:30 | banca R$ 4001 (composta (pagina 02, 749 jogos ate 2026-09-20)) | liquidados 15/41 | 12G/3R | P&L R$ -239.65 (-6.0%)
   07:15 Draw      Feyenoord x FC Utrecht             @6.60  AO Home Win GREEN R$+34
   08:30 Home      Antwerp x Union St Gilloise        @6.00  0-2 GREEN R$+38
   09:30 Draw      Az Alkmaar x SC Telstar            @7.60  1-0 GREEN R$+29
   09:30 Draw      Hartberg x LASK Linz               @6.40  3-3 RED R$-200
   10:00 Draw      Marumo Gallants FC x Orlando Pirat @5.20  0-2 GREEN R$+45
   10:00 0x3       NK Bravo x Olimpija                @26.00 2-1 GREEN R$+15
   10:00 2x2       Frosinone x Como                   @17.00 2-0 GREEN R$+24
   10:00 Home      Frosinone x Como                   @6.60  2-0 RED R$-200
   10:00 Over 4.5  Milford x Durban City              @19.50 1-1 GREEN R$+21
   10:00 Draw      Man City x Sunderland              @6.00  AO Home Win GREEN R$+38
   11:00 Draw      Trans Narva x FCI Tallinn          @8.40  1-1 RED R$-200
   11:00 Draw      Ponte Preta x CRB                  @6.40  1-0 GREEN R$+35
   11:00 Draw      Levadiakos x Olympiakos            @5.60  0-1 GREEN R$+41
   11:00 0x3       Gremio x SE Palmeiras              @23.00 0-0 GREEN R$+17
   11:00 Draw      Fenerbahce x Eyupspor              @9.20  AO Home Win GREEN R$+23
   11:30 Draw      Degerfors x Hammarby               @6.20  —
   11:45 Home      Lokomotiv Plovdiv x CSKA Sofia     @8.00  —
   12:00 Draw      Haugesund x Strommen               @6.60  —
   12:00 Home      Siroki Brijeg x Borac Banja Luka   @7.20  —
   12:00 Home      Raufoss x Stromsgodset             @9.80  —
   12:00 Draw      Raufoss x Stromsgodset             @7.40  —
   12:00 Draw      Stabaek x Sogndal                  @7.20  —
   12:00 Draw      Kongsvinger x Hodd                 @7.40  —
   12:00 Draw      NFC Volos x AEK Athens             @6.20  —
   13:00 Draw      Omonia x Digenis Ypsona            @8.80  —
   13:30 Draw      Kalamata x Panathinaikos           @6.20  —
   14:00 Draw      Crvena Zvezda x Radnicki Nis       @9.80  —
   14:15 Home      Brann x Bodo Glimt                 @5.10  —
   15:00 Home      Panaitolikos x PAOK                @7.40  —
   15:00 Draw      Sport Huancayo x UTC Cajamarca     @5.90  —
   15:00 Draw      Dinamo Zagreb x Lokomotiva         @8.40  —
   15:15 Draw      Lech Poznan x Radomiak Radom       @6.20  —
   15:45 Draw      AC Milan x Lecce                   @6.40  —
   15:45 Home      Marseille x Paris St-G             @7.20  —
   16:00 2x2       Valencia x Real Sociedad           @16.50 —
   16:00 Home      Sportivo San Lorenzo x Olimpia     @9.60  —
   17:00 Over 4.5  CA Platense x Newells              @19.50 —
   18:30 Draw      Flamengo x Red Bull Bragantino     @5.70  —
   20:00 2x2       Inter Miami CF x San Diego FC      @17.00 —
   21:00 Draw      Toluca x Santos Laguna             @7.60  —
   21:30 Over 4.5  Velez Sarsfield x Tigre            @20.00 —
sem gatilho.
2026-09-20 13:35 | banca R$ 4001 (composta (pagina 02, 749 jogos ate 2026-09-20)) | liquidados 16/41 | 13G/3R | P&L R$ -203.11 (-5.1%)
   07:15 Draw      Feyenoord x FC Utrecht             @6.60  AO Home Win GREEN R$+34
   08:30 Home      Antwerp x Union St Gilloise        @6.00  0-2 GREEN R$+38
   09:30 Draw      Az Alkmaar x SC Telstar            @7.60  1-0 GREEN R$+29
   09:30 Draw      Hartberg x LASK Linz               @6.40  3-3 RED R$-200
   10:00 Draw      Marumo Gallants FC x Orlando Pirat @5.20  0-2 GREEN R$+45
   10:00 0x3       NK Bravo x Olimpija                @26.00 2-1 GREEN R$+15
   10:00 2x2       Frosinone x Como                   @17.00 2-0 GREEN R$+24
   10:00 Home      Frosinone x Como                   @6.60  2-0 RED R$-200
   10:00 Over 4.5  Milford x Durban City              @19.50 1-1 GREEN R$+21
   10:00 Draw      Man City x Sunderland              @6.00  AO Home Win GREEN R$+38
   11:00 Draw      Trans Narva x FCI Tallinn          @8.40  1-1 RED R$-200
   11:00 Draw      Ponte Preta x CRB                  @6.40  1-0 GREEN R$+35
   11:00 Draw      Levadiakos x Olympiakos            @5.60  0-1 GREEN R$+41
   11:00 0x3       Gremio x SE Palmeiras              @23.00 0-0 GREEN R$+17
   11:00 Draw      Fenerbahce x Eyupspor              @9.20  AO Home Win GREEN R$+23
   11:30 Draw      Degerfors x Hammarby               @6.20  0-1 GREEN R$+37
   11:45 Home      Lokomotiv Plovdiv x CSKA Sofia     @8.00  —
   12:00 Draw      Haugesund x Strommen               @6.60  —
   12:00 Home      Siroki Brijeg x Borac Banja Luka   @7.20  —
   12:00 Home      Raufoss x Stromsgodset             @9.80  —
   12:00 Draw      Raufoss x Stromsgodset             @7.40  —
   12:00 Draw      Stabaek x Sogndal                  @7.20  —
   12:00 Draw      Kongsvinger x Hodd                 @7.40  —
   12:00 Draw      NFC Volos x AEK Athens             @6.20  —
   13:00 Draw      Omonia x Digenis Ypsona            @8.80  —
   13:30 Draw      Kalamata x Panathinaikos           @6.20  —
   14:00 Draw      Crvena Zvezda x Radnicki Nis       @9.80  —
   14:15 Home      Brann x Bodo Glimt                 @5.10  —
   15:00 Home      Panaitolikos x PAOK                @7.40  —
   15:00 Draw      Sport Huancayo x UTC Cajamarca     @5.90  —
   15:00 Draw      Dinamo Zagreb x Lokomotiva         @8.40  —
   15:15 Draw      Lech Poznan x Radomiak Radom       @6.20  —
   15:45 Draw      AC Milan x Lecce                   @6.40  —
   15:45 Home      Marseille x Paris St-G             @7.20  —
   16:00 2x2       Valencia x Real Sociedad           @16.50 —
   16:00 Home      Sportivo San Lorenzo x Olimpia     @9.60  —
   17:00 Over 4.5  CA Platense x Newells              @19.50 —
   18:30 Draw      Flamengo x Red Bull Bragantino     @5.70  —
   20:00 2x2       Inter Miami CF x San Diego FC      @17.00 —
   21:00 Draw      Toluca x Santos Laguna             @7.60  —
   21:30 Over 4.5  Velez Sarsfield x Tigre            @20.00 —
sem gatilho.
2026-09-20 13:40 | banca R$ 4001 (composta (pagina 02, 749 jogos ate 2026-09-20)) | liquidados 16/41 | 13G/3R | P&L R$ -203.11 (-5.1%)
   07:15 Draw      Feyenoord x FC Utrecht             @6.60  AO Home Win GREEN R$+34
   08:30 Home      Antwerp x Union St Gilloise        @6.00  0-2 GREEN R$+38
   09:30 Draw      Az Alkmaar x SC Telstar            @7.60  1-0 GREEN R$+29
   09:30 Draw      Hartberg x LASK Linz               @6.40  3-3 RED R$-200
   10:00 Draw      Marumo Gallants FC x Orlando Pirat @5.20  0-2 GREEN R$+45
   10:00 0x3       NK Bravo x Olimpija                @26.00 2-1 GREEN R$+15
   10:00 2x2       Frosinone x Como                   @17.00 2-0 GREEN R$+24
   10:00 Home      Frosinone x Como                   @6.60  2-0 RED R$-200
   10:00 Over 4.5  Milford x Durban City              @19.50 1-1 GREEN R$+21
   10:00 Draw      Man City x Sunderland              @6.00  AO Home Win GREEN R$+38
   11:00 Draw      Trans Narva x FCI Tallinn          @8.40  1-1 RED R$-200
   11:00 Draw      Ponte Preta x CRB                  @6.40  1-0 GREEN R$+35
   11:00 Draw      Levadiakos x Olympiakos            @5.60  0-1 GREEN R$+41
   11:00 0x3       Gremio x SE Palmeiras              @23.00 0-0 GREEN R$+17
   11:00 Draw      Fenerbahce x Eyupspor              @9.20  AO Home Win GREEN R$+23
   11:30 Draw      Degerfors x Hammarby               @6.20  0-1 GREEN R$+37
   11:45 Home      Lokomotiv Plovdiv x CSKA Sofia     @8.00  —
   12:00 Draw      Haugesund x Strommen               @6.60  —
   12:00 Home      Siroki Brijeg x Borac Banja Luka   @7.20  —
   12:00 Home      Raufoss x Stromsgodset             @9.80  —
   12:00 Draw      Raufoss x Stromsgodset             @7.40  —
   12:00 Draw      Stabaek x Sogndal                  @7.20  —
   12:00 Draw      Kongsvinger x Hodd                 @7.40  —
   12:00 Draw      NFC Volos x AEK Athens             @6.20  —
   13:00 Draw      Omonia x Digenis Ypsona            @8.80  —
   13:30 Draw      Kalamata x Panathinaikos           @6.20  —
   14:00 Draw      Crvena Zvezda x Radnicki Nis       @9.80  —
   14:15 Home      Brann x Bodo Glimt                 @5.10  —
   15:00 Home      Panaitolikos x PAOK                @7.40  —
   15:00 Draw      Sport Huancayo x UTC Cajamarca     @5.90  —
   15:00 Draw      Dinamo Zagreb x Lokomotiva         @8.40  —
   15:15 Draw      Lech Poznan x Radomiak Radom       @6.20  —
   15:45 Draw      AC Milan x Lecce                   @6.40  —
   15:45 Home      Marseille x Paris St-G             @7.20  —
   16:00 2x2       Valencia x Real Sociedad           @16.50 —
   16:00 Home      Sportivo San Lorenzo x Olimpia     @9.60  —
   17:00 Over 4.5  CA Platense x Newells              @19.50 —
   18:30 Draw      Flamengo x Red Bull Bragantino     @5.70  —
   20:00 2x2       Inter Miami CF x San Diego FC      @17.00 —
   21:00 Draw      Toluca x Santos Laguna             @7.60  —
   21:30 Over 4.5  Velez Sarsfield x Tigre            @20.00 —
sem gatilho.
2026-09-20 13:45 | banca R$ 4001 (composta (pagina 02, 749 jogos ate 2026-09-20)) | liquidados 16/41 | 13G/3R | P&L R$ -203.11 (-5.1%)
   07:15 Draw      Feyenoord x FC Utrecht             @6.60  AO Home Win GREEN R$+34
   08:30 Home      Antwerp x Union St Gilloise        @6.00  0-2 GREEN R$+38
   09:30 Draw      Az Alkmaar x SC Telstar            @7.60  1-0 GREEN R$+29
   09:30 Draw      Hartberg x LASK Linz               @6.40  3-3 RED R$-200
   10:00 Draw      Marumo Gallants FC x Orlando Pirat @5.20  0-2 GREEN R$+45
   10:00 0x3       NK Bravo x Olimpija                @26.00 2-1 GREEN R$+15
   10:00 2x2       Frosinone x Como                   @17.00 2-0 GREEN R$+24
   10:00 Home      Frosinone x Como                   @6.60  2-0 RED R$-200
   10:00 Over 4.5  Milford x Durban City              @19.50 1-1 GREEN R$+21
   10:00 Draw      Man City x Sunderland              @6.00  AO Home Win GREEN R$+38
   11:00 Draw      Trans Narva x FCI Tallinn          @8.40  1-1 RED R$-200
   11:00 Draw      Ponte Preta x CRB                  @6.40  1-0 GREEN R$+35
   11:00 Draw      Levadiakos x Olympiakos            @5.60  0-1 GREEN R$+41
   11:00 0x3       Gremio x SE Palmeiras              @23.00 0-0 GREEN R$+17
   11:00 Draw      Fenerbahce x Eyupspor              @9.20  AO Home Win GREEN R$+23
   11:30 Draw      Degerfors x Hammarby               @6.20  0-1 GREEN R$+37
   11:45 Home      Lokomotiv Plovdiv x CSKA Sofia     @8.00  —
   12:00 Draw      Haugesund x Strommen               @6.60  —
   12:00 Home      Siroki Brijeg x Borac Banja Luka   @7.20  —
   12:00 Home      Raufoss x Stromsgodset             @9.80  —
   12:00 Draw      Raufoss x Stromsgodset             @7.40  —
   12:00 Draw      Stabaek x Sogndal                  @7.20  —
   12:00 Draw      Kongsvinger x Hodd                 @7.40  —
   12:00 Draw      NFC Volos x AEK Athens             @6.20  —
   13:00 Draw      Omonia x Digenis Ypsona            @8.80  —
   13:30 Draw      Kalamata x Panathinaikos           @6.20  —
   14:00 Draw      Crvena Zvezda x Radnicki Nis       @9.80  —
   14:15 Home      Brann x Bodo Glimt                 @5.10  —
   15:00 Home      Panaitolikos x PAOK                @7.40  —
   15:00 Draw      Sport Huancayo x UTC Cajamarca     @5.90  —
   15:00 Draw      Dinamo Zagreb x Lokomotiva         @8.40  —
   15:15 Draw      Lech Poznan x Radomiak Radom       @6.20  —
   15:45 Draw      AC Milan x Lecce                   @6.40  —
   15:45 Home      Marseille x Paris St-G             @7.20  —
   16:00 2x2       Valencia x Real Sociedad           @16.50 —
   16:00 Home      Sportivo San Lorenzo x Olimpia     @9.60  —
   17:00 Over 4.5  CA Platense x Newells              @19.50 —
   18:30 Draw      Flamengo x Red Bull Bragantino     @5.70  —
   20:00 2x2       Inter Miami CF x San Diego FC      @17.00 —
   21:00 Draw      Toluca x Santos Laguna             @7.60  —
   21:30 Over 4.5  Velez Sarsfield x Tigre            @20.00 —
sem gatilho.
2026-09-20 13:50 | banca R$ 4001 (composta (pagina 02, 749 jogos ate 2026-09-20)) | liquidados 17/41 | 14G/3R | P&L R$ -175.96 (-4.4%)
   07:15 Draw      Feyenoord x FC Utrecht             @6.60  AO Home Win GREEN R$+34
   08:30 Home      Antwerp x Union St Gilloise        @6.00  0-2 GREEN R$+38
   09:30 Draw      Az Alkmaar x SC Telstar            @7.60  1-0 GREEN R$+29
   09:30 Draw      Hartberg x LASK Linz               @6.40  3-3 RED R$-200
   10:00 Draw      Marumo Gallants FC x Orlando Pirat @5.20  0-2 GREEN R$+45
   10:00 0x3       NK Bravo x Olimpija                @26.00 2-1 GREEN R$+15
   10:00 2x2       Frosinone x Como                   @17.00 2-0 GREEN R$+24
   10:00 Home      Frosinone x Como                   @6.60  2-0 RED R$-200
   10:00 Over 4.5  Milford x Durban City              @19.50 1-1 GREEN R$+21
   10:00 Draw      Man City x Sunderland              @6.00  AO Home Win GREEN R$+38
   11:00 Draw      Trans Narva x FCI Tallinn          @8.40  1-1 RED R$-200
   11:00 Draw      Ponte Preta x CRB                  @6.40  1-0 GREEN R$+35
   11:00 Draw      Levadiakos x Olympiakos            @5.60  0-1 GREEN R$+41
   11:00 0x3       Gremio x SE Palmeiras              @23.00 0-0 GREEN R$+17
   11:00 Draw      Fenerbahce x Eyupspor              @9.20  AO Home Win GREEN R$+23
   11:30 Draw      Degerfors x Hammarby               @6.20  0-1 GREEN R$+37
   11:45 Home      Lokomotiv Plovdiv x CSKA Sofia     @8.00  1-1 GREEN R$+27
   12:00 Draw      Haugesund x Strommen               @6.60  —
   12:00 Home      Siroki Brijeg x Borac Banja Luka   @7.20  —
   12:00 Home      Raufoss x Stromsgodset             @9.80  —
   12:00 Draw      Raufoss x Stromsgodset             @7.40  —
   12:00 Draw      Stabaek x Sogndal                  @7.20  —
   12:00 Draw      Kongsvinger x Hodd                 @7.40  —
   12:00 Draw      NFC Volos x AEK Athens             @6.20  —
   13:00 Draw      Omonia x Digenis Ypsona            @8.80  —
   13:30 Draw      Kalamata x Panathinaikos           @6.20  —
   14:00 Draw      Crvena Zvezda x Radnicki Nis       @9.80  —
   14:15 Home      Brann x Bodo Glimt                 @5.10  —
   15:00 Home      Panaitolikos x PAOK                @7.40  —
   15:00 Draw      Sport Huancayo x UTC Cajamarca     @5.90  —
   15:00 Draw      Dinamo Zagreb x Lokomotiva         @8.40  —
   15:15 Draw      Lech Poznan x Radomiak Radom       @6.20  —
   15:45 Draw      AC Milan x Lecce                   @6.40  —
   15:45 Home      Marseille x Paris St-G             @7.20  —
   16:00 2x2       Valencia x Real Sociedad           @16.50 —
   16:00 Home      Sportivo San Lorenzo x Olimpia     @9.60  —
   17:00 Over 4.5  CA Platense x Newells              @19.50 —
   18:30 Draw      Flamengo x Red Bull Bragantino     @5.70  —
   20:00 2x2       Inter Miami CF x San Diego FC      @17.00 —
   21:00 Draw      Toluca x Santos Laguna             @7.60  —
   21:30 Over 4.5  Velez Sarsfield x Tigre            @20.00 —
sem gatilho.
2026-09-20 13:55 | banca R$ 4001 (composta (pagina 02, 749 jogos ate 2026-09-20)) | liquidados 17/41 | 14G/3R | P&L R$ -175.96 (-4.4%)
   07:15 Draw      Feyenoord x FC Utrecht             @6.60  AO Home Win GREEN R$+34
   08:30 Home      Antwerp x Union St Gilloise        @6.00  0-2 GREEN R$+38
   09:30 Draw      Az Alkmaar x SC Telstar            @7.60  1-0 GREEN R$+29
   09:30 Draw      Hartberg x LASK Linz               @6.40  3-3 RED R$-200
   10:00 Draw      Marumo Gallants FC x Orlando Pirat @5.20  0-2 GREEN R$+45
   10:00 0x3       NK Bravo x Olimpija                @26.00 2-1 GREEN R$+15
   10:00 2x2       Frosinone x Como                   @17.00 2-0 GREEN R$+24
   10:00 Home      Frosinone x Como                   @6.60  2-0 RED R$-200
   10:00 Over 4.5  Milford x Durban City              @19.50 1-1 GREEN R$+21
   10:00 Draw      Man City x Sunderland              @6.00  AO Home Win GREEN R$+38
   11:00 Draw      Trans Narva x FCI Tallinn          @8.40  1-1 RED R$-200
   11:00 Draw      Ponte Preta x CRB                  @6.40  1-0 GREEN R$+35
   11:00 Draw      Levadiakos x Olympiakos            @5.60  0-1 GREEN R$+41
   11:00 0x3       Gremio x SE Palmeiras              @23.00 0-0 GREEN R$+17
   11:00 Draw      Fenerbahce x Eyupspor              @9.20  AO Home Win GREEN R$+23
   11:30 Draw      Degerfors x Hammarby               @6.20  0-1 GREEN R$+37
   11:45 Home      Lokomotiv Plovdiv x CSKA Sofia     @8.00  1-1 GREEN R$+27
   12:00 Draw      Haugesund x Strommen               @6.60  —
   12:00 Home      Siroki Brijeg x Borac Banja Luka   @7.20  —
   12:00 Home      Raufoss x Stromsgodset             @9.80  —
   12:00 Draw      Raufoss x Stromsgodset             @7.40  —
   12:00 Draw      Stabaek x Sogndal                  @7.20  —
   12:00 Draw      Kongsvinger x Hodd                 @7.40  —
   12:00 Draw      NFC Volos x AEK Athens             @6.20  —
   13:00 Draw      Omonia x Digenis Ypsona            @8.80  —
   13:30 Draw      Kalamata x Panathinaikos           @6.20  —
   14:00 Draw      Crvena Zvezda x Radnicki Nis       @9.80  —
   14:15 Home      Brann x Bodo Glimt                 @5.10  —
   15:00 Home      Panaitolikos x PAOK                @7.40  —
   15:00 Draw      Sport Huancayo x UTC Cajamarca     @5.90  —
   15:00 Draw      Dinamo Zagreb x Lokomotiva         @8.40  —
   15:15 Draw      Lech Poznan x Radomiak Radom       @6.20  —
   15:45 Draw      AC Milan x Lecce                   @6.40  —
   15:45 Home      Marseille x Paris St-G             @7.20  —
   16:00 2x2       Valencia x Real Sociedad           @16.50 —
   16:00 Home      Sportivo San Lorenzo x Olimpia     @9.60  —
   17:00 Over 4.5  CA Platense x Newells              @19.50 —
   18:30 Draw      Flamengo x Red Bull Bragantino     @5.70  —
   20:00 2x2       Inter Miami CF x San Diego FC      @17.00 —
   21:00 Draw      Toluca x Santos Laguna             @7.60  —
   21:30 Over 4.5  Velez Sarsfield x Tigre            @20.00 —
sem gatilho.
2026-09-20 14:00 | banca R$ 4001 (composta (pagina 02, 749 jogos ate 2026-09-20)) | liquidados 23/41 | 20G/3R | P&L R$ +0.24 (+0.0%)
   07:15 Draw      Feyenoord x FC Utrecht             @6.60  AO Home Win GREEN R$+34
   08:30 Home      Antwerp x Union St Gilloise        @6.00  0-2 GREEN R$+38
   09:30 Draw      Az Alkmaar x SC Telstar            @7.60  1-0 GREEN R$+29
   09:30 Draw      Hartberg x LASK Linz               @6.40  3-3 RED R$-200
   10:00 Draw      Marumo Gallants FC x Orlando Pirat @5.20  0-2 GREEN R$+45
   10:00 0x3       NK Bravo x Olimpija                @26.00 2-1 GREEN R$+15
   10:00 2x2       Frosinone x Como                   @17.00 2-0 GREEN R$+24
   10:00 Home      Frosinone x Como                   @6.60  2-0 RED R$-200
   10:00 Over 4.5  Milford x Durban City              @19.50 1-1 GREEN R$+21
   10:00 Draw      Man City x Sunderland              @6.00  AO Home Win GREEN R$+38
   11:00 Draw      Trans Narva x FCI Tallinn          @8.40  1-1 RED R$-200
   11:00 Draw      Ponte Preta x CRB                  @6.40  1-0 GREEN R$+35
   11:00 Draw      Levadiakos x Olympiakos            @5.60  0-1 GREEN R$+41
   11:00 0x3       Gremio x SE Palmeiras              @23.00 0-0 GREEN R$+17
   11:00 Draw      Fenerbahce x Eyupspor              @9.20  AO Home Win GREEN R$+23
   11:30 Draw      Degerfors x Hammarby               @6.20  0-1 GREEN R$+37
   11:45 Home      Lokomotiv Plovdiv x CSKA Sofia     @8.00  1-1 GREEN R$+27
   12:00 Draw      Haugesund x Strommen               @6.60  AO Home Win GREEN R$+34
   12:00 Home      Siroki Brijeg x Borac Banja Luka   @7.20  2-3 GREEN R$+31
   12:00 Home      Raufoss x Stromsgodset             @9.80  0-2 GREEN R$+22
   12:00 Draw      Raufoss x Stromsgodset             @7.40  0-2 GREEN R$+30
   12:00 Draw      Stabaek x Sogndal                  @7.20  2-1 GREEN R$+31
   12:00 Draw      Kongsvinger x Hodd                 @7.40  AO Home Win GREEN R$+30
   12:00 Draw      NFC Volos x AEK Athens             @6.20  —
   13:00 Draw      Omonia x Digenis Ypsona            @8.80  —
   13:30 Draw      Kalamata x Panathinaikos           @6.20  —
   14:00 Draw      Crvena Zvezda x Radnicki Nis       @9.80  —
   14:15 Home      Brann x Bodo Glimt                 @5.10  —
   15:00 Home      Panaitolikos x PAOK                @7.40  —
   15:00 Draw      Sport Huancayo x UTC Cajamarca     @5.90  —
   15:00 Draw      Dinamo Zagreb x Lokomotiva         @8.40  —
   15:15 Draw      Lech Poznan x Radomiak Radom       @6.20  —
   15:45 Draw      AC Milan x Lecce                   @6.40  —
   15:45 Home      Marseille x Paris St-G             @7.20  —
   16:00 2x2       Valencia x Real Sociedad           @16.50 —
   16:00 Home      Sportivo San Lorenzo x Olimpia     @9.60  —
   17:00 Over 4.5  CA Platense x Newells              @19.50 —
   18:30 Draw      Flamengo x Red Bull Bragantino     @5.70  —
   20:00 2x2       Inter Miami CF x San Diego FC      @17.00 —
   21:00 Draw      Toluca x Santos Laguna             @7.60  —
   21:30 Over 4.5  Velez Sarsfield x Tigre            @20.00 —
sem gatilho.
2026-09-20 14:05 | banca R$ 4001 (composta (pagina 02, 749 jogos ate 2026-09-20)) | liquidados 23/41 | 20G/3R | P&L R$ +0.24 (+0.0%)
   07:15 Draw      Feyenoord x FC Utrecht             @6.60  AO Home Win GREEN R$+34
   08:30 Home      Antwerp x Union St Gilloise        @6.00  0-2 GREEN R$+38
   09:30 Draw      Az Alkmaar x SC Telstar            @7.60  1-0 GREEN R$+29
   09:30 Draw      Hartberg x LASK Linz               @6.40  3-3 RED R$-200
   10:00 Draw      Marumo Gallants FC x Orlando Pirat @5.20  0-2 GREEN R$+45
   10:00 0x3       NK Bravo x Olimpija                @26.00 2-1 GREEN R$+15
   10:00 2x2       Frosinone x Como                   @17.00 2-0 GREEN R$+24
   10:00 Home      Frosinone x Como                   @6.60  2-0 RED R$-200
   10:00 Over 4.5  Milford x Durban City              @19.50 1-1 GREEN R$+21
   10:00 Draw      Man City x Sunderland              @6.00  AO Home Win GREEN R$+38
   11:00 Draw      Trans Narva x FCI Tallinn          @8.40  1-1 RED R$-200
   11:00 Draw      Ponte Preta x CRB                  @6.40  1-0 GREEN R$+35
   11:00 Draw      Levadiakos x Olympiakos            @5.60  0-1 GREEN R$+41
   11:00 0x3       Gremio x SE Palmeiras              @23.00 0-0 GREEN R$+17
   11:00 Draw      Fenerbahce x Eyupspor              @9.20  AO Home Win GREEN R$+23
   11:30 Draw      Degerfors x Hammarby               @6.20  0-1 GREEN R$+37
   11:45 Home      Lokomotiv Plovdiv x CSKA Sofia     @8.00  1-1 GREEN R$+27
   12:00 Draw      Haugesund x Strommen               @6.60  AO Home Win GREEN R$+34
   12:00 Home      Siroki Brijeg x Borac Banja Luka   @7.20  2-3 GREEN R$+31
   12:00 Home      Raufoss x Stromsgodset             @9.80  0-2 GREEN R$+22
   12:00 Draw      Raufoss x Stromsgodset             @7.40  0-2 GREEN R$+30
   12:00 Draw      Stabaek x Sogndal                  @7.20  2-1 GREEN R$+31
   12:00 Draw      Kongsvinger x Hodd                 @7.40  AO Home Win GREEN R$+30
   12:00 Draw      NFC Volos x AEK Athens             @6.20  —
   13:00 Draw      Omonia x Digenis Ypsona            @8.80  —
   13:30 Draw      Kalamata x Panathinaikos           @6.20  —
   14:00 Draw      Crvena Zvezda x Radnicki Nis       @9.80  —
   14:15 Home      Brann x Bodo Glimt                 @5.10  —
   15:00 Home      Panaitolikos x PAOK                @7.40  —
   15:00 Draw      Sport Huancayo x UTC Cajamarca     @5.90  —
   15:00 Draw      Dinamo Zagreb x Lokomotiva         @8.40  —
   15:15 Draw      Lech Poznan x Radomiak Radom       @6.20  —
   15:45 Draw      AC Milan x Lecce                   @6.40  —
   15:45 Home      Marseille x Paris St-G             @7.20  —
   16:00 2x2       Valencia x Real Sociedad           @16.50 —
   16:00 Home      Sportivo San Lorenzo x Olimpia     @9.60  —
   17:00 Over 4.5  CA Platense x Newells              @19.50 —
   18:30 Draw      Flamengo x Red Bull Bragantino     @5.70  —
   20:00 2x2       Inter Miami CF x San Diego FC      @17.00 —
   21:00 Draw      Toluca x Santos Laguna             @7.60  —
   21:30 Over 4.5  Velez Sarsfield x Tigre            @20.00 —
sem gatilho.
2026-09-20 14:10 | banca R$ 4001 (composta (pagina 02, 749 jogos ate 2026-09-20)) | liquidados 24/41 | 21G/3R | P&L R$ +36.79 (+0.9%)
   07:15 Draw      Feyenoord x FC Utrecht             @6.60  AO Home Win GREEN R$+34
   08:30 Home      Antwerp x Union St Gilloise        @6.00  0-2 GREEN R$+38
   09:30 Draw      Az Alkmaar x SC Telstar            @7.60  1-0 GREEN R$+29
   09:30 Draw      Hartberg x LASK Linz               @6.40  3-3 RED R$-200
   10:00 Draw      Marumo Gallants FC x Orlando Pirat @5.20  0-2 GREEN R$+45
   10:00 0x3       NK Bravo x Olimpija                @26.00 2-1 GREEN R$+15
   10:00 2x2       Frosinone x Como                   @17.00 2-0 GREEN R$+24
   10:00 Home      Frosinone x Como                   @6.60  2-0 RED R$-200
   10:00 Over 4.5  Milford x Durban City              @19.50 1-1 GREEN R$+21
   10:00 Draw      Man City x Sunderland              @6.00  AO Home Win GREEN R$+38
   11:00 Draw      Trans Narva x FCI Tallinn          @8.40  1-1 RED R$-200
   11:00 Draw      Ponte Preta x CRB                  @6.40  1-0 GREEN R$+35
   11:00 Draw      Levadiakos x Olympiakos            @5.60  0-1 GREEN R$+41
   11:00 0x3       Gremio x SE Palmeiras              @23.00 0-0 GREEN R$+17
   11:00 Draw      Fenerbahce x Eyupspor              @9.20  AO Home Win GREEN R$+23
   11:30 Draw      Degerfors x Hammarby               @6.20  0-1 GREEN R$+37
   11:45 Home      Lokomotiv Plovdiv x CSKA Sofia     @8.00  1-1 GREEN R$+27
   12:00 Draw      Haugesund x Strommen               @6.60  AO Home Win GREEN R$+34
   12:00 Home      Siroki Brijeg x Borac Banja Luka   @7.20  2-3 GREEN R$+31
   12:00 Home      Raufoss x Stromsgodset             @9.80  0-2 GREEN R$+22
   12:00 Draw      Raufoss x Stromsgodset             @7.40  0-2 GREEN R$+30
   12:00 Draw      Stabaek x Sogndal                  @7.20  2-1 GREEN R$+31
   12:00 Draw      Kongsvinger x Hodd                 @7.40  AO Home Win GREEN R$+30
   12:00 Draw      NFC Volos x AEK Athens             @6.20  1-2 GREEN R$+37
   13:00 Draw      Omonia x Digenis Ypsona            @8.80  —
   13:30 Draw      Kalamata x Panathinaikos           @6.20  —
   14:00 Draw      Crvena Zvezda x Radnicki Nis       @9.80  —
   14:15 Home      Brann x Bodo Glimt                 @5.10  —
   15:00 Home      Panaitolikos x PAOK                @7.40  —
   15:00 Draw      Sport Huancayo x UTC Cajamarca     @5.90  —
   15:00 Draw      Dinamo Zagreb x Lokomotiva         @8.40  —
   15:15 Draw      Lech Poznan x Radomiak Radom       @6.20  —
   15:45 Draw      AC Milan x Lecce                   @6.40  —
   15:45 Home      Marseille x Paris St-G             @7.20  —
   16:00 2x2       Valencia x Real Sociedad           @16.50 —
   16:00 Home      Sportivo San Lorenzo x Olimpia     @9.60  —
   17:00 Over 4.5  CA Platense x Newells              @19.50 —
   18:30 Draw      Flamengo x Red Bull Bragantino     @5.70  —
   20:00 2x2       Inter Miami CF x San Diego FC      @17.00 —
   21:00 Draw      Toluca x Santos Laguna             @7.60  —
   21:30 Over 4.5  Velez Sarsfield x Tigre            @20.00 —
sem gatilho.
2026-09-20 14:15 | banca R$ 4001 (composta (pagina 02, 749 jogos ate 2026-09-20)) | liquidados 24/41 | 21G/3R | P&L R$ +36.79 (+0.9%)
   07:15 Draw      Feyenoord x FC Utrecht             @6.60  AO Home Win GREEN R$+34
   08:30 Home      Antwerp x Union St Gilloise        @6.00  0-2 GREEN R$+38
   09:30 Draw      Az Alkmaar x SC Telstar            @7.60  1-0 GREEN R$+29
   09:30 Draw      Hartberg x LASK Linz               @6.40  3-3 RED R$-200
   10:00 Draw      Marumo Gallants FC x Orlando Pirat @5.20  0-2 GREEN R$+45
   10:00 0x3       NK Bravo x Olimpija                @26.00 2-1 GREEN R$+15
   10:00 2x2       Frosinone x Como                   @17.00 2-0 GREEN R$+24
   10:00 Home      Frosinone x Como                   @6.60  2-0 RED R$-200
   10:00 Over 4.5  Milford x Durban City              @19.50 1-1 GREEN R$+21
   10:00 Draw      Man City x Sunderland              @6.00  AO Home Win GREEN R$+38
   11:00 Draw      Trans Narva x FCI Tallinn          @8.40  1-1 RED R$-200
   11:00 Draw      Ponte Preta x CRB                  @6.40  1-0 GREEN R$+35
   11:00 Draw      Levadiakos x Olympiakos            @5.60  0-1 GREEN R$+41
   11:00 0x3       Gremio x SE Palmeiras              @23.00 0-0 GREEN R$+17
   11:00 Draw      Fenerbahce x Eyupspor              @9.20  AO Home Win GREEN R$+23
   11:30 Draw      Degerfors x Hammarby               @6.20  0-1 GREEN R$+37
   11:45 Home      Lokomotiv Plovdiv x CSKA Sofia     @8.00  1-1 GREEN R$+27
   12:00 Draw      Haugesund x Strommen               @6.60  AO Home Win GREEN R$+34
   12:00 Home      Siroki Brijeg x Borac Banja Luka   @7.20  2-3 GREEN R$+31
   12:00 Home      Raufoss x Stromsgodset             @9.80  0-2 GREEN R$+22
   12:00 Draw      Raufoss x Stromsgodset             @7.40  0-2 GREEN R$+30
   12:00 Draw      Stabaek x Sogndal                  @7.20  2-1 GREEN R$+31
   12:00 Draw      Kongsvinger x Hodd                 @7.40  AO Home Win GREEN R$+30
   12:00 Draw      NFC Volos x AEK Athens             @6.20  1-2 GREEN R$+37
   13:00 Draw      Omonia x Digenis Ypsona            @8.80  —
   13:30 Draw      Kalamata x Panathinaikos           @6.20  —
   14:00 Draw      Crvena Zvezda x Radnicki Nis       @9.80  —
   14:15 Home      Brann x Bodo Glimt                 @5.10  —
   15:00 Home      Panaitolikos x PAOK                @7.40  —
   15:00 Draw      Sport Huancayo x UTC Cajamarca     @5.90  —
   15:00 Draw      Dinamo Zagreb x Lokomotiva         @8.40  —
   15:15 Draw      Lech Poznan x Radomiak Radom       @6.20  —
   15:45 Draw      AC Milan x Lecce                   @6.40  —
   15:45 Home      Marseille x Paris St-G             @7.20  —
   16:00 2x2       Valencia x Real Sociedad           @16.50 —
   16:00 Home      Sportivo San Lorenzo x Olimpia     @9.60  —
   17:00 Over 4.5  CA Platense x Newells              @19.50 —
   18:30 Draw      Flamengo x Red Bull Bragantino     @5.70  —
   20:00 2x2       Inter Miami CF x San Diego FC      @17.00 —
   21:00 Draw      Toluca x Santos Laguna             @7.60  —
   21:30 Over 4.5  Velez Sarsfield x Tigre            @20.00 —
sem gatilho.
2026-09-20 14:20 | banca R$ 4001 (composta (pagina 02, 749 jogos ate 2026-09-20)) | liquidados 24/41 | 21G/3R | P&L R$ +36.79 (+0.9%)
   07:15 Draw      Feyenoord x FC Utrecht             @6.60  AO Home Win GREEN R$+34
   08:30 Home      Antwerp x Union St Gilloise        @6.00  0-2 GREEN R$+38
   09:30 Draw      Az Alkmaar x SC Telstar            @7.60  1-0 GREEN R$+29
   09:30 Draw      Hartberg x LASK Linz               @6.40  3-3 RED R$-200
   10:00 Draw      Marumo Gallants FC x Orlando Pirat @5.20  0-2 GREEN R$+45
   10:00 0x3       NK Bravo x Olimpija                @26.00 2-1 GREEN R$+15
   10:00 2x2       Frosinone x Como                   @17.00 2-0 GREEN R$+24
   10:00 Home      Frosinone x Como                   @6.60  2-0 RED R$-200
   10:00 Over 4.5  Milford x Durban City              @19.50 1-1 GREEN R$+21
   10:00 Draw      Man City x Sunderland              @6.00  AO Home Win GREEN R$+38
   11:00 Draw      Trans Narva x FCI Tallinn          @8.40  1-1 RED R$-200
   11:00 Draw      Ponte Preta x CRB                  @6.40  1-0 GREEN R$+35
   11:00 Draw      Levadiakos x Olympiakos            @5.60  0-1 GREEN R$+41
   11:00 0x3       Gremio x SE Palmeiras              @23.00 0-0 GREEN R$+17
   11:00 Draw      Fenerbahce x Eyupspor              @9.20  AO Home Win GREEN R$+23
   11:30 Draw      Degerfors x Hammarby               @6.20  0-1 GREEN R$+37
   11:45 Home      Lokomotiv Plovdiv x CSKA Sofia     @8.00  1-1 GREEN R$+27
   12:00 Draw      Haugesund x Strommen               @6.60  AO Home Win GREEN R$+34
   12:00 Home      Siroki Brijeg x Borac Banja Luka   @7.20  2-3 GREEN R$+31
   12:00 Home      Raufoss x Stromsgodset             @9.80  0-2 GREEN R$+22
   12:00 Draw      Raufoss x Stromsgodset             @7.40  0-2 GREEN R$+30
   12:00 Draw      Stabaek x Sogndal                  @7.20  2-1 GREEN R$+31
   12:00 Draw      Kongsvinger x Hodd                 @7.40  AO Home Win GREEN R$+30
   12:00 Draw      NFC Volos x AEK Athens             @6.20  1-2 GREEN R$+37
   13:00 Draw      Omonia x Digenis Ypsona            @8.80  —
   13:30 Draw      Kalamata x Panathinaikos           @6.20  —
   14:00 Draw      Crvena Zvezda x Radnicki Nis       @9.80  —
   14:15 Home      Brann x Bodo Glimt                 @5.10  —
   15:00 Home      Panaitolikos x PAOK                @7.40  —
   15:00 Draw      Sport Huancayo x UTC Cajamarca     @5.90  —
   15:00 Draw      Dinamo Zagreb x Lokomotiva         @8.40  —
   15:15 Draw      Lech Poznan x Radomiak Radom       @6.20  —
   15:45 Draw      AC Milan x Lecce                   @6.40  —
   15:45 Home      Marseille x Paris St-G             @7.20  —
   16:00 2x2       Valencia x Real Sociedad           @16.50 —
   16:00 Home      Sportivo San Lorenzo x Olimpia     @9.60  —
   17:00 Over 4.5  CA Platense x Newells              @19.50 —
   18:30 Draw      Flamengo x Red Bull Bragantino     @5.70  —
   20:00 2x2       Inter Miami CF x San Diego FC      @17.00 —
   21:00 Draw      Toluca x Santos Laguna             @7.60  —
   21:30 Over 4.5  Velez Sarsfield x Tigre            @20.00 —
sem gatilho.
2026-09-20 14:25 | banca R$ 4001 (composta (pagina 02, 749 jogos ate 2026-09-20)) | liquidados 24/41 | 21G/3R | P&L R$ +36.79 (+0.9%)
   07:15 Draw      Feyenoord x FC Utrecht             @6.60  AO Home Win GREEN R$+34
   08:30 Home      Antwerp x Union St Gilloise        @6.00  0-2 GREEN R$+38
   09:30 Draw      Az Alkmaar x SC Telstar            @7.60  1-0 GREEN R$+29
   09:30 Draw      Hartberg x LASK Linz               @6.40  3-3 RED R$-200
   10:00 Draw      Marumo Gallants FC x Orlando Pirat @5.20  0-2 GREEN R$+45
   10:00 0x3       NK Bravo x Olimpija                @26.00 2-1 GREEN R$+15
   10:00 2x2       Frosinone x Como                   @17.00 2-0 GREEN R$+24
   10:00 Home      Frosinone x Como                   @6.60  2-0 RED R$-200
   10:00 Over 4.5  Milford x Durban City              @19.50 1-1 GREEN R$+21
   10:00 Draw      Man City x Sunderland              @6.00  AO Home Win GREEN R$+38
   11:00 Draw      Trans Narva x FCI Tallinn          @8.40  1-1 RED R$-200
   11:00 Draw      Ponte Preta x CRB                  @6.40  1-0 GREEN R$+35
   11:00 Draw      Levadiakos x Olympiakos            @5.60  0-1 GREEN R$+41
   11:00 0x3       Gremio x SE Palmeiras              @23.00 0-0 GREEN R$+17
   11:00 Draw      Fenerbahce x Eyupspor              @9.20  AO Home Win GREEN R$+23
   11:30 Draw      Degerfors x Hammarby               @6.20  0-1 GREEN R$+37
   11:45 Home      Lokomotiv Plovdiv x CSKA Sofia     @8.00  1-1 GREEN R$+27
   12:00 Draw      Haugesund x Strommen               @6.60  AO Home Win GREEN R$+34
   12:00 Home      Siroki Brijeg x Borac Banja Luka   @7.20  2-3 GREEN R$+31
   12:00 Home      Raufoss x Stromsgodset             @9.80  0-2 GREEN R$+22
   12:00 Draw      Raufoss x Stromsgodset             @7.40  0-2 GREEN R$+30
   12:00 Draw      Stabaek x Sogndal                  @7.20  2-1 GREEN R$+31
   12:00 Draw      Kongsvinger x Hodd                 @7.40  AO Home Win GREEN R$+30
   12:00 Draw      NFC Volos x AEK Athens             @6.20  1-2 GREEN R$+37
   13:00 Draw      Omonia x Digenis Ypsona            @8.80  —
   13:30 Draw      Kalamata x Panathinaikos           @6.20  —
   14:00 Draw      Crvena Zvezda x Radnicki Nis       @9.80  —
   14:15 Home      Brann x Bodo Glimt                 @5.10  —
   15:00 Home      Panaitolikos x PAOK                @7.40  —
   15:00 Draw      Sport Huancayo x UTC Cajamarca     @5.90  —
   15:00 Draw      Dinamo Zagreb x Lokomotiva         @8.40  —
   15:15 Draw      Lech Poznan x Radomiak Radom       @6.20  —
   15:45 Draw      AC Milan x Lecce                   @6.40  —
   15:45 Home      Marseille x Paris St-G             @7.20  —
   16:00 2x2       Valencia x Real Sociedad           @16.50 —
   16:00 Home      Sportivo San Lorenzo x Olimpia     @9.60  —
   17:00 Over 4.5  CA Platense x Newells              @19.50 —
   18:30 Draw      Flamengo x Red Bull Bragantino     @5.70  —
   20:00 2x2       Inter Miami CF x San Diego FC      @17.00 —
   21:00 Draw      Toluca x Santos Laguna             @7.60  —
   21:30 Over 4.5  Velez Sarsfield x Tigre            @20.00 —
sem gatilho.
2026-09-20 14:30 | banca R$ 4001 (composta (pagina 02, 749 jogos ate 2026-09-20)) | liquidados 24/41 | 21G/3R | P&L R$ +36.79 (+0.9%)
   07:15 Draw      Feyenoord x FC Utrecht             @6.60  AO Home Win GREEN R$+34
   08:30 Home      Antwerp x Union St Gilloise        @6.00  0-2 GREEN R$+38
   09:30 Draw      Az Alkmaar x SC Telstar            @7.60  1-0 GREEN R$+29
   09:30 Draw      Hartberg x LASK Linz               @6.40  3-3 RED R$-200
   10:00 Draw      Marumo Gallants FC x Orlando Pirat @5.20  0-2 GREEN R$+45
   10:00 0x3       NK Bravo x Olimpija                @26.00 2-1 GREEN R$+15
   10:00 2x2       Frosinone x Como                   @17.00 2-0 GREEN R$+24
   10:00 Home      Frosinone x Como                   @6.60  2-0 RED R$-200
   10:00 Over 4.5  Milford x Durban City              @19.50 1-1 GREEN R$+21
   10:00 Draw      Man City x Sunderland              @6.00  AO Home Win GREEN R$+38
   11:00 Draw      Trans Narva x FCI Tallinn          @8.40  1-1 RED R$-200
   11:00 Draw      Ponte Preta x CRB                  @6.40  1-0 GREEN R$+35
   11:00 Draw      Levadiakos x Olympiakos            @5.60  0-1 GREEN R$+41
   11:00 0x3       Gremio x SE Palmeiras              @23.00 0-0 GREEN R$+17
   11:00 Draw      Fenerbahce x Eyupspor              @9.20  AO Home Win GREEN R$+23
   11:30 Draw      Degerfors x Hammarby               @6.20  0-1 GREEN R$+37
   11:45 Home      Lokomotiv Plovdiv x CSKA Sofia     @8.00  1-1 GREEN R$+27
   12:00 Draw      Haugesund x Strommen               @6.60  AO Home Win GREEN R$+34
   12:00 Home      Siroki Brijeg x Borac Banja Luka   @7.20  2-3 GREEN R$+31
   12:00 Home      Raufoss x Stromsgodset             @9.80  0-2 GREEN R$+22
   12:00 Draw      Raufoss x Stromsgodset             @7.40  0-2 GREEN R$+30
   12:00 Draw      Stabaek x Sogndal                  @7.20  2-1 GREEN R$+31
   12:00 Draw      Kongsvinger x Hodd                 @7.40  AO Home Win GREEN R$+30
   12:00 Draw      NFC Volos x AEK Athens             @6.20  1-2 GREEN R$+37
   13:00 Draw      Omonia x Digenis Ypsona            @8.80  —
   13:30 Draw      Kalamata x Panathinaikos           @6.20  —
   14:00 Draw      Crvena Zvezda x Radnicki Nis       @9.80  —
   14:15 Home      Brann x Bodo Glimt                 @5.10  —
   15:00 Home      Panaitolikos x PAOK                @7.40  —
   15:00 Draw      Sport Huancayo x UTC Cajamarca     @5.90  —
   15:00 Draw      Dinamo Zagreb x Lokomotiva         @8.40  —
   15:15 Draw      Lech Poznan x Radomiak Radom       @6.20  —
   15:45 Draw      AC Milan x Lecce                   @6.40  —
   15:45 Home      Marseille x Paris St-G             @7.20  —
   16:00 2x2       Valencia x Real Sociedad           @16.50 —
   16:00 Home      Sportivo San Lorenzo x Olimpia     @9.60  —
   17:00 Over 4.5  CA Platense x Newells              @19.50 —
   18:30 Draw      Flamengo x Red Bull Bragantino     @5.70  —
   20:00 2x2       Inter Miami CF x San Diego FC      @17.00 —
   21:00 Draw      Toluca x Santos Laguna             @7.60  —
   21:30 Over 4.5  Velez Sarsfield x Tigre            @20.00 —
sem gatilho.
2026-09-20 14:35 | banca R$ 4001 (composta (pagina 02, 749 jogos ate 2026-09-20)) | liquidados 24/41 | 21G/3R | P&L R$ +36.79 (+0.9%)
   07:15 Draw      Feyenoord x FC Utrecht             @6.60  AO Home Win GREEN R$+34
   08:30 Home      Antwerp x Union St Gilloise        @6.00  0-2 GREEN R$+38
   09:30 Draw      Az Alkmaar x SC Telstar            @7.60  1-0 GREEN R$+29
   09:30 Draw      Hartberg x LASK Linz               @6.40  3-3 RED R$-200
   10:00 Draw      Marumo Gallants FC x Orlando Pirat @5.20  0-2 GREEN R$+45
   10:00 0x3       NK Bravo x Olimpija                @26.00 2-1 GREEN R$+15
   10:00 2x2       Frosinone x Como                   @17.00 2-0 GREEN R$+24
   10:00 Home      Frosinone x Como                   @6.60  2-0 RED R$-200
   10:00 Over 4.5  Milford x Durban City              @19.50 1-1 GREEN R$+21
   10:00 Draw      Man City x Sunderland              @6.00  AO Home Win GREEN R$+38
   11:00 Draw      Trans Narva x FCI Tallinn          @8.40  1-1 RED R$-200
   11:00 Draw      Ponte Preta x CRB                  @6.40  1-0 GREEN R$+35
   11:00 Draw      Levadiakos x Olympiakos            @5.60  0-1 GREEN R$+41
   11:00 0x3       Gremio x SE Palmeiras              @23.00 0-0 GREEN R$+17
   11:00 Draw      Fenerbahce x Eyupspor              @9.20  AO Home Win GREEN R$+23
   11:30 Draw      Degerfors x Hammarby               @6.20  0-1 GREEN R$+37
   11:45 Home      Lokomotiv Plovdiv x CSKA Sofia     @8.00  1-1 GREEN R$+27
   12:00 Draw      Haugesund x Strommen               @6.60  AO Home Win GREEN R$+34
   12:00 Home      Siroki Brijeg x Borac Banja Luka   @7.20  2-3 GREEN R$+31
   12:00 Home      Raufoss x Stromsgodset             @9.80  0-2 GREEN R$+22
   12:00 Draw      Raufoss x Stromsgodset             @7.40  0-2 GREEN R$+30
   12:00 Draw      Stabaek x Sogndal                  @7.20  2-1 GREEN R$+31
   12:00 Draw      Kongsvinger x Hodd                 @7.40  AO Home Win GREEN R$+30
   12:00 Draw      NFC Volos x AEK Athens             @6.20  1-2 GREEN R$+37
   13:00 Draw      Omonia x Digenis Ypsona            @8.80  —
   13:30 Draw      Kalamata x Panathinaikos           @6.20  —
   14:00 Draw      Crvena Zvezda x Radnicki Nis       @9.80  —
   14:15 Home      Brann x Bodo Glimt                 @5.10  —
   15:00 Home      Panaitolikos x PAOK                @7.40  —
   15:00 Draw      Sport Huancayo x UTC Cajamarca     @5.90  —
   15:00 Draw      Dinamo Zagreb x Lokomotiva         @8.40  —
   15:15 Draw      Lech Poznan x Radomiak Radom       @6.20  —
   15:45 Draw      AC Milan x Lecce                   @6.40  —
   15:45 Home      Marseille x Paris St-G             @7.20  —
   16:00 2x2       Valencia x Real Sociedad           @16.50 —
   16:00 Home      Sportivo San Lorenzo x Olimpia     @9.60  —
   17:00 Over 4.5  CA Platense x Newells              @19.50 —
   18:30 Draw      Flamengo x Red Bull Bragantino     @5.70  —
   20:00 2x2       Inter Miami CF x San Diego FC      @17.00 —
   21:00 Draw      Toluca x Santos Laguna             @7.60  —
   21:30 Over 4.5  Velez Sarsfield x Tigre            @20.00 —
sem gatilho.
2026-09-20 14:40 | banca R$ 4001 (composta (pagina 02, 749 jogos ate 2026-09-20)) | liquidados 24/41 | 21G/3R | P&L R$ +36.79 (+0.9%)
   07:15 Draw      Feyenoord x FC Utrecht             @6.60  AO Home Win GREEN R$+34
   08:30 Home      Antwerp x Union St Gilloise        @6.00  0-2 GREEN R$+38
   09:30 Draw      Az Alkmaar x SC Telstar            @7.60  1-0 GREEN R$+29
   09:30 Draw      Hartberg x LASK Linz               @6.40  3-3 RED R$-200
   10:00 Draw      Marumo Gallants FC x Orlando Pirat @5.20  0-2 GREEN R$+45
   10:00 0x3       NK Bravo x Olimpija                @26.00 2-1 GREEN R$+15
   10:00 2x2       Frosinone x Como                   @17.00 2-0 GREEN R$+24
   10:00 Home      Frosinone x Como                   @6.60  2-0 RED R$-200
   10:00 Over 4.5  Milford x Durban City              @19.50 1-1 GREEN R$+21
   10:00 Draw      Man City x Sunderland              @6.00  AO Home Win GREEN R$+38
   11:00 Draw      Trans Narva x FCI Tallinn          @8.40  1-1 RED R$-200
   11:00 Draw      Ponte Preta x CRB                  @6.40  1-0 GREEN R$+35
   11:00 Draw      Levadiakos x Olympiakos            @5.60  0-1 GREEN R$+41
   11:00 0x3       Gremio x SE Palmeiras              @23.00 0-0 GREEN R$+17
   11:00 Draw      Fenerbahce x Eyupspor              @9.20  AO Home Win GREEN R$+23
   11:30 Draw      Degerfors x Hammarby               @6.20  0-1 GREEN R$+37
   11:45 Home      Lokomotiv Plovdiv x CSKA Sofia     @8.00  1-1 GREEN R$+27
   12:00 Draw      Haugesund x Strommen               @6.60  AO Home Win GREEN R$+34
   12:00 Home      Siroki Brijeg x Borac Banja Luka   @7.20  2-3 GREEN R$+31
   12:00 Home      Raufoss x Stromsgodset             @9.80  0-2 GREEN R$+22
   12:00 Draw      Raufoss x Stromsgodset             @7.40  0-2 GREEN R$+30
   12:00 Draw      Stabaek x Sogndal                  @7.20  2-1 GREEN R$+31
   12:00 Draw      Kongsvinger x Hodd                 @7.40  AO Home Win GREEN R$+30
   12:00 Draw      NFC Volos x AEK Athens             @6.20  1-2 GREEN R$+37
   13:00 Draw      Omonia x Digenis Ypsona            @8.80  —
   13:30 Draw      Kalamata x Panathinaikos           @6.20  —
   14:00 Draw      Crvena Zvezda x Radnicki Nis       @9.80  —
   14:15 Home      Brann x Bodo Glimt                 @5.10  —
   15:00 Home      Panaitolikos x PAOK                @7.40  —
   15:00 Draw      Sport Huancayo x UTC Cajamarca     @5.90  —
   15:00 Draw      Dinamo Zagreb x Lokomotiva         @8.40  —
   15:15 Draw      Lech Poznan x Radomiak Radom       @6.20  —
   15:45 Draw      AC Milan x Lecce                   @6.40  —
   15:45 Home      Marseille x Paris St-G             @7.20  —
   16:00 2x2       Valencia x Real Sociedad           @16.50 —
   16:00 Home      Sportivo San Lorenzo x Olimpia     @9.60  —
   17:00 Over 4.5  CA Platense x Newells              @19.50 —
   18:30 Draw      Flamengo x Red Bull Bragantino     @5.70  —
   20:00 2x2       Inter Miami CF x San Diego FC      @17.00 —
   21:00 Draw      Toluca x Santos Laguna             @7.60  —
   21:30 Over 4.5  Velez Sarsfield x Tigre            @20.00 —
sem gatilho.
2026-09-20 14:45 | banca R$ 4001 (composta (pagina 02, 749 jogos ate 2026-09-20)) | liquidados 24/41 | 21G/3R | P&L R$ +36.79 (+0.9%)
   07:15 Draw      Feyenoord x FC Utrecht             @6.60  AO Home Win GREEN R$+34
   08:30 Home      Antwerp x Union St Gilloise        @6.00  0-2 GREEN R$+38
   09:30 Draw      Az Alkmaar x SC Telstar            @7.60  1-0 GREEN R$+29
   09:30 Draw      Hartberg x LASK Linz               @6.40  3-3 RED R$-200
   10:00 Draw      Marumo Gallants FC x Orlando Pirat @5.20  0-2 GREEN R$+45
   10:00 0x3       NK Bravo x Olimpija                @26.00 2-1 GREEN R$+15
   10:00 2x2       Frosinone x Como                   @17.00 2-0 GREEN R$+24
   10:00 Home      Frosinone x Como                   @6.60  2-0 RED R$-200
   10:00 Over 4.5  Milford x Durban City              @19.50 1-1 GREEN R$+21
   10:00 Draw      Man City x Sunderland              @6.00  AO Home Win GREEN R$+38
   11:00 Draw      Trans Narva x FCI Tallinn          @8.40  1-1 RED R$-200
   11:00 Draw      Ponte Preta x CRB                  @6.40  1-0 GREEN R$+35
   11:00 Draw      Levadiakos x Olympiakos            @5.60  0-1 GREEN R$+41
   11:00 0x3       Gremio x SE Palmeiras              @23.00 0-0 GREEN R$+17
   11:00 Draw      Fenerbahce x Eyupspor              @9.20  AO Home Win GREEN R$+23
   11:30 Draw      Degerfors x Hammarby               @6.20  0-1 GREEN R$+37
   11:45 Home      Lokomotiv Plovdiv x CSKA Sofia     @8.00  1-1 GREEN R$+27
   12:00 Draw      Haugesund x Strommen               @6.60  AO Home Win GREEN R$+34
   12:00 Home      Siroki Brijeg x Borac Banja Luka   @7.20  2-3 GREEN R$+31
   12:00 Home      Raufoss x Stromsgodset             @9.80  0-2 GREEN R$+22
   12:00 Draw      Raufoss x Stromsgodset             @7.40  0-2 GREEN R$+30
   12:00 Draw      Stabaek x Sogndal                  @7.20  2-1 GREEN R$+31
   12:00 Draw      Kongsvinger x Hodd                 @7.40  AO Home Win GREEN R$+30
   12:00 Draw      NFC Volos x AEK Athens             @6.20  1-2 GREEN R$+37
   13:00 Draw      Omonia x Digenis Ypsona            @8.80  —
   13:30 Draw      Kalamata x Panathinaikos           @6.20  —
   14:00 Draw      Crvena Zvezda x Radnicki Nis       @9.80  —
   14:15 Home      Brann x Bodo Glimt                 @5.10  —
   15:00 Home      Panaitolikos x PAOK                @7.40  —
   15:00 Draw      Sport Huancayo x UTC Cajamarca     @5.90  —
   15:00 Draw      Dinamo Zagreb x Lokomotiva         @8.40  —
   15:15 Draw      Lech Poznan x Radomiak Radom       @6.20  —
   15:45 Draw      AC Milan x Lecce                   @6.40  —
   15:45 Home      Marseille x Paris St-G             @7.20  —
   16:00 2x2       Valencia x Real Sociedad           @16.50 —
   16:00 Home      Sportivo San Lorenzo x Olimpia     @9.60  —
   17:00 Over 4.5  CA Platense x Newells              @19.50 —
   18:30 Draw      Flamengo x Red Bull Bragantino     @5.70  —
   20:00 2x2       Inter Miami CF x San Diego FC      @17.00 —
   21:00 Draw      Toluca x Santos Laguna             @7.60  —
   21:30 Over 4.5  Velez Sarsfield x Tigre            @20.00 —
sem gatilho.
2026-09-20 14:50 | banca R$ 4001 (composta (pagina 02, 749 jogos ate 2026-09-20)) | liquidados 24/41 | 21G/3R | P&L R$ +36.79 (+0.9%)
   07:15 Draw      Feyenoord x FC Utrecht             @6.60  AO Home Win GREEN R$+34
   08:30 Home      Antwerp x Union St Gilloise        @6.00  0-2 GREEN R$+38
   09:30 Draw      Az Alkmaar x SC Telstar            @7.60  1-0 GREEN R$+29
   09:30 Draw      Hartberg x LASK Linz               @6.40  3-3 RED R$-200
   10:00 Draw      Marumo Gallants FC x Orlando Pirat @5.20  0-2 GREEN R$+45
   10:00 0x3       NK Bravo x Olimpija                @26.00 2-1 GREEN R$+15
   10:00 2x2       Frosinone x Como                   @17.00 2-0 GREEN R$+24
   10:00 Home      Frosinone x Como                   @6.60  2-0 RED R$-200
   10:00 Over 4.5  Milford x Durban City              @19.50 1-1 GREEN R$+21
   10:00 Draw      Man City x Sunderland              @6.00  AO Home Win GREEN R$+38
   11:00 Draw      Trans Narva x FCI Tallinn          @8.40  1-1 RED R$-200
   11:00 Draw      Ponte Preta x CRB                  @6.40  1-0 GREEN R$+35
   11:00 Draw      Levadiakos x Olympiakos            @5.60  0-1 GREEN R$+41
   11:00 0x3       Gremio x SE Palmeiras              @23.00 0-0 GREEN R$+17
   11:00 Draw      Fenerbahce x Eyupspor              @9.20  AO Home Win GREEN R$+23
   11:30 Draw      Degerfors x Hammarby               @6.20  0-1 GREEN R$+37
   11:45 Home      Lokomotiv Plovdiv x CSKA Sofia     @8.00  1-1 GREEN R$+27
   12:00 Draw      Haugesund x Strommen               @6.60  AO Home Win GREEN R$+34
   12:00 Home      Siroki Brijeg x Borac Banja Luka   @7.20  2-3 GREEN R$+31
   12:00 Home      Raufoss x Stromsgodset             @9.80  0-2 GREEN R$+22
   12:00 Draw      Raufoss x Stromsgodset             @7.40  0-2 GREEN R$+30
   12:00 Draw      Stabaek x Sogndal                  @7.20  2-1 GREEN R$+31
   12:00 Draw      Kongsvinger x Hodd                 @7.40  AO Home Win GREEN R$+30
   12:00 Draw      NFC Volos x AEK Athens             @6.20  1-2 GREEN R$+37
   13:00 Draw      Omonia x Digenis Ypsona            @8.80  —
   13:30 Draw      Kalamata x Panathinaikos           @6.20  —
   14:00 Draw      Crvena Zvezda x Radnicki Nis       @9.80  —
   14:15 Home      Brann x Bodo Glimt                 @5.10  —
   15:00 Home      Panaitolikos x PAOK                @7.40  —
   15:00 Draw      Sport Huancayo x UTC Cajamarca     @5.90  —
   15:00 Draw      Dinamo Zagreb x Lokomotiva         @8.40  —
   15:15 Draw      Lech Poznan x Radomiak Radom       @6.20  —
   15:45 Draw      AC Milan x Lecce                   @6.40  —
   15:45 Home      Marseille x Paris St-G             @7.20  —
   16:00 2x2       Valencia x Real Sociedad           @16.50 —
   16:00 Home      Sportivo San Lorenzo x Olimpia     @9.60  —
   17:00 Over 4.5  CA Platense x Newells              @19.50 —
   18:30 Draw      Flamengo x Red Bull Bragantino     @5.70  —
   20:00 2x2       Inter Miami CF x San Diego FC      @17.00 —
   21:00 Draw      Toluca x Santos Laguna             @7.60  —
   21:30 Over 4.5  Velez Sarsfield x Tigre            @20.00 —
sem gatilho.
2026-09-20 14:55 | banca R$ 4001 (composta (pagina 02, 749 jogos ate 2026-09-20)) | liquidados 24/41 | 21G/3R | P&L R$ +36.79 (+0.9%)
   07:15 Draw      Feyenoord x FC Utrecht             @6.60  AO Home Win GREEN R$+34
   08:30 Home      Antwerp x Union St Gilloise        @6.00  0-2 GREEN R$+38
   09:30 Draw      Az Alkmaar x SC Telstar            @7.60  1-0 GREEN R$+29
   09:30 Draw      Hartberg x LASK Linz               @6.40  3-3 RED R$-200
   10:00 Draw      Marumo Gallants FC x Orlando Pirat @5.20  0-2 GREEN R$+45
   10:00 0x3       NK Bravo x Olimpija                @26.00 2-1 GREEN R$+15
   10:00 2x2       Frosinone x Como                   @17.00 2-0 GREEN R$+24
   10:00 Home      Frosinone x Como                   @6.60  2-0 RED R$-200
   10:00 Over 4.5  Milford x Durban City              @19.50 1-1 GREEN R$+21
   10:00 Draw      Man City x Sunderland              @6.00  AO Home Win GREEN R$+38
   11:00 Draw      Trans Narva x FCI Tallinn          @8.40  1-1 RED R$-200
   11:00 Draw      Ponte Preta x CRB                  @6.40  1-0 GREEN R$+35
   11:00 Draw      Levadiakos x Olympiakos            @5.60  0-1 GREEN R$+41
   11:00 0x3       Gremio x SE Palmeiras              @23.00 0-0 GREEN R$+17
   11:00 Draw      Fenerbahce x Eyupspor              @9.20  AO Home Win GREEN R$+23
   11:30 Draw      Degerfors x Hammarby               @6.20  0-1 GREEN R$+37
   11:45 Home      Lokomotiv Plovdiv x CSKA Sofia     @8.00  1-1 GREEN R$+27
   12:00 Draw      Haugesund x Strommen               @6.60  AO Home Win GREEN R$+34
   12:00 Home      Siroki Brijeg x Borac Banja Luka   @7.20  2-3 GREEN R$+31
   12:00 Home      Raufoss x Stromsgodset             @9.80  0-2 GREEN R$+22
   12:00 Draw      Raufoss x Stromsgodset             @7.40  0-2 GREEN R$+30
   12:00 Draw      Stabaek x Sogndal                  @7.20  2-1 GREEN R$+31
   12:00 Draw      Kongsvinger x Hodd                 @7.40  AO Home Win GREEN R$+30
   12:00 Draw      NFC Volos x AEK Athens             @6.20  1-2 GREEN R$+37
   13:00 Draw      Omonia x Digenis Ypsona            @8.80  —
   13:30 Draw      Kalamata x Panathinaikos           @6.20  —
   14:00 Draw      Crvena Zvezda x Radnicki Nis       @9.80  —
   14:15 Home      Brann x Bodo Glimt                 @5.10  —
   15:00 Home      Panaitolikos x PAOK                @7.40  —
   15:00 Draw      Sport Huancayo x UTC Cajamarca     @5.90  —
   15:00 Draw      Dinamo Zagreb x Lokomotiva         @8.40  —
   15:15 Draw      Lech Poznan x Radomiak Radom       @6.20  —
   15:45 Draw      AC Milan x Lecce                   @6.40  —
   15:45 Home      Marseille x Paris St-G             @7.20  —
   16:00 2x2       Valencia x Real Sociedad           @16.50 —
   16:00 Home      Sportivo San Lorenzo x Olimpia     @9.60  —
   17:00 Over 4.5  CA Platense x Newells              @19.50 —
   18:30 Draw      Flamengo x Red Bull Bragantino     @5.70  —
   20:00 2x2       Inter Miami CF x San Diego FC      @17.00 —
   21:00 Draw      Toluca x Santos Laguna             @7.60  —
   21:30 Over 4.5  Velez Sarsfield x Tigre            @20.00 —
sem gatilho.
2026-09-20 15:00 | banca R$ 4001 (composta (pagina 02, 749 jogos ate 2026-09-20)) | liquidados 24/41 | 21G/3R | P&L R$ +36.79 (+0.9%)
   07:15 Draw      Feyenoord x FC Utrecht             @6.60  AO Home Win GREEN R$+34
   08:30 Home      Antwerp x Union St Gilloise        @6.00  0-2 GREEN R$+38
   09:30 Draw      Az Alkmaar x SC Telstar            @7.60  1-0 GREEN R$+29
   09:30 Draw      Hartberg x LASK Linz               @6.40  3-3 RED R$-200
   10:00 Draw      Marumo Gallants FC x Orlando Pirat @5.20  0-2 GREEN R$+45
   10:00 0x3       NK Bravo x Olimpija                @26.00 2-1 GREEN R$+15
   10:00 2x2       Frosinone x Como                   @17.00 2-0 GREEN R$+24
   10:00 Home      Frosinone x Como                   @6.60  2-0 RED R$-200
   10:00 Over 4.5  Milford x Durban City              @19.50 1-1 GREEN R$+21
   10:00 Draw      Man City x Sunderland              @6.00  AO Home Win GREEN R$+38
   11:00 Draw      Trans Narva x FCI Tallinn          @8.40  1-1 RED R$-200
   11:00 Draw      Ponte Preta x CRB                  @6.40  1-0 GREEN R$+35
   11:00 Draw      Levadiakos x Olympiakos            @5.60  0-1 GREEN R$+41
   11:00 0x3       Gremio x SE Palmeiras              @23.00 0-0 GREEN R$+17
   11:00 Draw      Fenerbahce x Eyupspor              @9.20  AO Home Win GREEN R$+23
   11:30 Draw      Degerfors x Hammarby               @6.20  0-1 GREEN R$+37
   11:45 Home      Lokomotiv Plovdiv x CSKA Sofia     @8.00  1-1 GREEN R$+27
   12:00 Draw      Haugesund x Strommen               @6.60  AO Home Win GREEN R$+34
   12:00 Home      Siroki Brijeg x Borac Banja Luka   @7.20  2-3 GREEN R$+31
   12:00 Home      Raufoss x Stromsgodset             @9.80  0-2 GREEN R$+22
   12:00 Draw      Raufoss x Stromsgodset             @7.40  0-2 GREEN R$+30
   12:00 Draw      Stabaek x Sogndal                  @7.20  2-1 GREEN R$+31
   12:00 Draw      Kongsvinger x Hodd                 @7.40  AO Home Win GREEN R$+30
   12:00 Draw      NFC Volos x AEK Athens             @6.20  1-2 GREEN R$+37
   13:00 Draw      Omonia x Digenis Ypsona            @8.80  —
   13:30 Draw      Kalamata x Panathinaikos           @6.20  —
   14:00 Draw      Crvena Zvezda x Radnicki Nis       @9.80  —
   14:15 Home      Brann x Bodo Glimt                 @5.10  —
   15:00 Home      Panaitolikos x PAOK                @7.40  —
   15:00 Draw      Sport Huancayo x UTC Cajamarca     @5.90  —
   15:00 Draw      Dinamo Zagreb x Lokomotiva         @8.40  —
   15:15 Draw      Lech Poznan x Radomiak Radom       @6.20  —
   15:45 Draw      AC Milan x Lecce                   @6.40  —
   15:45 Home      Marseille x Paris St-G             @7.20  —
   16:00 2x2       Valencia x Real Sociedad           @16.50 —
   16:00 Home      Sportivo San Lorenzo x Olimpia     @9.60  —
   17:00 Over 4.5  CA Platense x Newells              @19.50 —
   18:30 Draw      Flamengo x Red Bull Bragantino     @5.70  —
   20:00 2x2       Inter Miami CF x San Diego FC      @17.00 —
   21:00 Draw      Toluca x Santos Laguna             @7.60  —
   21:30 Over 4.5  Velez Sarsfield x Tigre            @20.00 —
sem gatilho.
2026-09-20 15:05 | banca R$ 4001 (composta (pagina 02, 749 jogos ate 2026-09-20)) | liquidados 25/41 | 22G/3R | P&L R$ +61.15 (+1.5%)
   07:15 Draw      Feyenoord x FC Utrecht             @6.60  AO Home Win GREEN R$+34
   08:30 Home      Antwerp x Union St Gilloise        @6.00  0-2 GREEN R$+38
   09:30 Draw      Az Alkmaar x SC Telstar            @7.60  1-0 GREEN R$+29
   09:30 Draw      Hartberg x LASK Linz               @6.40  3-3 RED R$-200
   10:00 Draw      Marumo Gallants FC x Orlando Pirat @5.20  0-2 GREEN R$+45
   10:00 0x3       NK Bravo x Olimpija                @26.00 2-1 GREEN R$+15
   10:00 2x2       Frosinone x Como                   @17.00 2-0 GREEN R$+24
   10:00 Home      Frosinone x Como                   @6.60  2-0 RED R$-200
   10:00 Over 4.5  Milford x Durban City              @19.50 1-1 GREEN R$+21
   10:00 Draw      Man City x Sunderland              @6.00  AO Home Win GREEN R$+38
   11:00 Draw      Trans Narva x FCI Tallinn          @8.40  1-1 RED R$-200
   11:00 Draw      Ponte Preta x CRB                  @6.40  1-0 GREEN R$+35
   11:00 Draw      Levadiakos x Olympiakos            @5.60  0-1 GREEN R$+41
   11:00 0x3       Gremio x SE Palmeiras              @23.00 0-0 GREEN R$+17
   11:00 Draw      Fenerbahce x Eyupspor              @9.20  AO Home Win GREEN R$+23
   11:30 Draw      Degerfors x Hammarby               @6.20  0-1 GREEN R$+37
   11:45 Home      Lokomotiv Plovdiv x CSKA Sofia     @8.00  1-1 GREEN R$+27
   12:00 Draw      Haugesund x Strommen               @6.60  AO Home Win GREEN R$+34
   12:00 Home      Siroki Brijeg x Borac Banja Luka   @7.20  2-3 GREEN R$+31
   12:00 Home      Raufoss x Stromsgodset             @9.80  0-2 GREEN R$+22
   12:00 Draw      Raufoss x Stromsgodset             @7.40  0-2 GREEN R$+30
   12:00 Draw      Stabaek x Sogndal                  @7.20  2-1 GREEN R$+31
   12:00 Draw      Kongsvinger x Hodd                 @7.40  AO Home Win GREEN R$+30
   12:00 Draw      NFC Volos x AEK Athens             @6.20  1-2 GREEN R$+37
   13:00 Draw      Omonia x Digenis Ypsona            @8.80  AO Home Win GREEN R$+24
   13:30 Draw      Kalamata x Panathinaikos           @6.20  —
   14:00 Draw      Crvena Zvezda x Radnicki Nis       @9.80  —
   14:15 Home      Brann x Bodo Glimt                 @5.10  —
   15:00 Home      Panaitolikos x PAOK                @7.40  —
   15:00 Draw      Sport Huancayo x UTC Cajamarca     @5.90  —
   15:00 Draw      Dinamo Zagreb x Lokomotiva         @8.40  —
   15:15 Draw      Lech Poznan x Radomiak Radom       @6.20  —
   15:45 Draw      AC Milan x Lecce                   @6.40  —
   15:45 Home      Marseille x Paris St-G             @7.20  —
   16:00 2x2       Valencia x Real Sociedad           @16.50 —
   16:00 Home      Sportivo San Lorenzo x Olimpia     @9.60  —
   17:00 Over 4.5  CA Platense x Newells              @19.50 —
   18:30 Draw      Flamengo x Red Bull Bragantino     @5.70  —
   20:00 2x2       Inter Miami CF x San Diego FC      @17.00 —
   21:00 Draw      Toluca x Santos Laguna             @7.60  —
   21:30 Over 4.5  Velez Sarsfield x Tigre            @20.00 —
sem gatilho.
2026-09-20 15:10 | banca R$ 4001 (composta (pagina 02, 749 jogos ate 2026-09-20)) | liquidados 25/41 | 22G/3R | P&L R$ +61.15 (+1.5%)
   07:15 Draw      Feyenoord x FC Utrecht             @6.60  AO Home Win GREEN R$+34
   08:30 Home      Antwerp x Union St Gilloise        @6.00  0-2 GREEN R$+38
   09:30 Draw      Az Alkmaar x SC Telstar            @7.60  1-0 GREEN R$+29
   09:30 Draw      Hartberg x LASK Linz               @6.40  3-3 RED R$-200
   10:00 Draw      Marumo Gallants FC x Orlando Pirat @5.20  0-2 GREEN R$+45
   10:00 0x3       NK Bravo x Olimpija                @26.00 2-1 GREEN R$+15
   10:00 2x2       Frosinone x Como                   @17.00 2-0 GREEN R$+24
   10:00 Home      Frosinone x Como                   @6.60  2-0 RED R$-200
   10:00 Over 4.5  Milford x Durban City              @19.50 1-1 GREEN R$+21
   10:00 Draw      Man City x Sunderland              @6.00  AO Home Win GREEN R$+38
   11:00 Draw      Trans Narva x FCI Tallinn          @8.40  1-1 RED R$-200
   11:00 Draw      Ponte Preta x CRB                  @6.40  1-0 GREEN R$+35
   11:00 Draw      Levadiakos x Olympiakos            @5.60  0-1 GREEN R$+41
   11:00 0x3       Gremio x SE Palmeiras              @23.00 0-0 GREEN R$+17
   11:00 Draw      Fenerbahce x Eyupspor              @9.20  AO Home Win GREEN R$+23
   11:30 Draw      Degerfors x Hammarby               @6.20  0-1 GREEN R$+37
   11:45 Home      Lokomotiv Plovdiv x CSKA Sofia     @8.00  1-1 GREEN R$+27
   12:00 Draw      Haugesund x Strommen               @6.60  AO Home Win GREEN R$+34
   12:00 Home      Siroki Brijeg x Borac Banja Luka   @7.20  2-3 GREEN R$+31
   12:00 Home      Raufoss x Stromsgodset             @9.80  0-2 GREEN R$+22
   12:00 Draw      Raufoss x Stromsgodset             @7.40  0-2 GREEN R$+30
   12:00 Draw      Stabaek x Sogndal                  @7.20  2-1 GREEN R$+31
   12:00 Draw      Kongsvinger x Hodd                 @7.40  AO Home Win GREEN R$+30
   12:00 Draw      NFC Volos x AEK Athens             @6.20  1-2 GREEN R$+37
   13:00 Draw      Omonia x Digenis Ypsona            @8.80  AO Home Win GREEN R$+24
   13:30 Draw      Kalamata x Panathinaikos           @6.20  —
   14:00 Draw      Crvena Zvezda x Radnicki Nis       @9.80  —
   14:15 Home      Brann x Bodo Glimt                 @5.10  —
   15:00 Home      Panaitolikos x PAOK                @7.40  —
   15:00 Draw      Sport Huancayo x UTC Cajamarca     @5.90  —
   15:00 Draw      Dinamo Zagreb x Lokomotiva         @8.40  —
   15:15 Draw      Lech Poznan x Radomiak Radom       @6.20  —
   15:45 Draw      AC Milan x Lecce                   @6.40  —
   15:45 Home      Marseille x Paris St-G             @7.20  —
   16:00 2x2       Valencia x Real Sociedad           @16.50 —
   16:00 Home      Sportivo San Lorenzo x Olimpia     @9.60  —
   17:00 Over 4.5  CA Platense x Newells              @19.50 —
   18:30 Draw      Flamengo x Red Bull Bragantino     @5.70  —
   20:00 2x2       Inter Miami CF x San Diego FC      @17.00 —
   21:00 Draw      Toluca x Santos Laguna             @7.60  —
   21:30 Over 4.5  Velez Sarsfield x Tigre            @20.00 —
sem gatilho.
2026-09-20 15:15 | banca R$ 4001 (composta (pagina 02, 749 jogos ate 2026-09-20)) | liquidados 25/41 | 22G/3R | P&L R$ +61.15 (+1.5%)
   07:15 Draw      Feyenoord x FC Utrecht             @6.60  AO Home Win GREEN R$+34
   08:30 Home      Antwerp x Union St Gilloise        @6.00  0-2 GREEN R$+38
   09:30 Draw      Az Alkmaar x SC Telstar            @7.60  1-0 GREEN R$+29
   09:30 Draw      Hartberg x LASK Linz               @6.40  3-3 RED R$-200
   10:00 Draw      Marumo Gallants FC x Orlando Pirat @5.20  0-2 GREEN R$+45
   10:00 0x3       NK Bravo x Olimpija                @26.00 2-1 GREEN R$+15
   10:00 2x2       Frosinone x Como                   @17.00 2-0 GREEN R$+24
   10:00 Home      Frosinone x Como                   @6.60  2-0 RED R$-200
   10:00 Over 4.5  Milford x Durban City              @19.50 1-1 GREEN R$+21
   10:00 Draw      Man City x Sunderland              @6.00  AO Home Win GREEN R$+38
   11:00 Draw      Trans Narva x FCI Tallinn          @8.40  1-1 RED R$-200
   11:00 Draw      Ponte Preta x CRB                  @6.40  1-0 GREEN R$+35
   11:00 Draw      Levadiakos x Olympiakos            @5.60  0-1 GREEN R$+41
   11:00 0x3       Gremio x SE Palmeiras              @23.00 0-0 GREEN R$+17
   11:00 Draw      Fenerbahce x Eyupspor              @9.20  AO Home Win GREEN R$+23
   11:30 Draw      Degerfors x Hammarby               @6.20  0-1 GREEN R$+37
   11:45 Home      Lokomotiv Plovdiv x CSKA Sofia     @8.00  1-1 GREEN R$+27
   12:00 Draw      Haugesund x Strommen               @6.60  AO Home Win GREEN R$+34
   12:00 Home      Siroki Brijeg x Borac Banja Luka   @7.20  2-3 GREEN R$+31
   12:00 Home      Raufoss x Stromsgodset             @9.80  0-2 GREEN R$+22
   12:00 Draw      Raufoss x Stromsgodset             @7.40  0-2 GREEN R$+30
   12:00 Draw      Stabaek x Sogndal                  @7.20  2-1 GREEN R$+31
   12:00 Draw      Kongsvinger x Hodd                 @7.40  AO Home Win GREEN R$+30
   12:00 Draw      NFC Volos x AEK Athens             @6.20  1-2 GREEN R$+37
   13:00 Draw      Omonia x Digenis Ypsona            @8.80  AO Home Win GREEN R$+24
   13:30 Draw      Kalamata x Panathinaikos           @6.20  —
   14:00 Draw      Crvena Zvezda x Radnicki Nis       @9.80  —
   14:15 Home      Brann x Bodo Glimt                 @5.10  —
   15:00 Home      Panaitolikos x PAOK                @7.40  —
   15:00 Draw      Sport Huancayo x UTC Cajamarca     @5.90  —
   15:00 Draw      Dinamo Zagreb x Lokomotiva         @8.40  —
   15:15 Draw      Lech Poznan x Radomiak Radom       @6.20  —
   15:45 Draw      AC Milan x Lecce                   @6.40  —
   15:45 Home      Marseille x Paris St-G             @7.20  —
   16:00 2x2       Valencia x Real Sociedad           @16.50 —
   16:00 Home      Sportivo San Lorenzo x Olimpia     @9.60  —
   17:00 Over 4.5  CA Platense x Newells              @19.50 —
   18:30 Draw      Flamengo x Red Bull Bragantino     @5.70  —
   20:00 2x2       Inter Miami CF x San Diego FC      @17.00 —
   21:00 Draw      Toluca x Santos Laguna             @7.60  —
   21:30 Over 4.5  Velez Sarsfield x Tigre            @20.00 —
sem gatilho.
2026-09-20 15:20 | banca R$ 4001 (composta (pagina 02, 749 jogos ate 2026-09-20)) | liquidados 25/41 | 22G/3R | P&L R$ +61.15 (+1.5%)
   07:15 Draw      Feyenoord x FC Utrecht             @6.60  AO Home Win GREEN R$+34
   08:30 Home      Antwerp x Union St Gilloise        @6.00  0-2 GREEN R$+38
   09:30 Draw      Az Alkmaar x SC Telstar            @7.60  1-0 GREEN R$+29
   09:30 Draw      Hartberg x LASK Linz               @6.40  3-3 RED R$-200
   10:00 Draw      Marumo Gallants FC x Orlando Pirat @5.20  0-2 GREEN R$+45
   10:00 0x3       NK Bravo x Olimpija                @26.00 2-1 GREEN R$+15
   10:00 2x2       Frosinone x Como                   @17.00 2-0 GREEN R$+24
   10:00 Home      Frosinone x Como                   @6.60  2-0 RED R$-200
   10:00 Over 4.5  Milford x Durban City              @19.50 1-1 GREEN R$+21
   10:00 Draw      Man City x Sunderland              @6.00  AO Home Win GREEN R$+38
   11:00 Draw      Trans Narva x FCI Tallinn          @8.40  1-1 RED R$-200
   11:00 Draw      Ponte Preta x CRB                  @6.40  1-0 GREEN R$+35
   11:00 Draw      Levadiakos x Olympiakos            @5.60  0-1 GREEN R$+41
   11:00 0x3       Gremio x SE Palmeiras              @23.00 0-0 GREEN R$+17
   11:00 Draw      Fenerbahce x Eyupspor              @9.20  AO Home Win GREEN R$+23
   11:30 Draw      Degerfors x Hammarby               @6.20  0-1 GREEN R$+37
   11:45 Home      Lokomotiv Plovdiv x CSKA Sofia     @8.00  1-1 GREEN R$+27
   12:00 Draw      Haugesund x Strommen               @6.60  AO Home Win GREEN R$+34
   12:00 Home      Siroki Brijeg x Borac Banja Luka   @7.20  2-3 GREEN R$+31
   12:00 Home      Raufoss x Stromsgodset             @9.80  0-2 GREEN R$+22
   12:00 Draw      Raufoss x Stromsgodset             @7.40  0-2 GREEN R$+30
   12:00 Draw      Stabaek x Sogndal                  @7.20  2-1 GREEN R$+31
   12:00 Draw      Kongsvinger x Hodd                 @7.40  AO Home Win GREEN R$+30
   12:00 Draw      NFC Volos x AEK Athens             @6.20  1-2 GREEN R$+37
   13:00 Draw      Omonia x Digenis Ypsona            @8.80  AO Home Win GREEN R$+24
   13:30 Draw      Kalamata x Panathinaikos           @6.20  —
   14:00 Draw      Crvena Zvezda x Radnicki Nis       @9.80  —
   14:15 Home      Brann x Bodo Glimt                 @5.10  —
   15:00 Home      Panaitolikos x PAOK                @7.40  —
   15:00 Draw      Sport Huancayo x UTC Cajamarca     @5.90  —
   15:00 Draw      Dinamo Zagreb x Lokomotiva         @8.40  —
   15:15 Draw      Lech Poznan x Radomiak Radom       @6.20  —
   15:45 Draw      AC Milan x Lecce                   @6.40  —
   15:45 Home      Marseille x Paris St-G             @7.20  —
   16:00 2x2       Valencia x Real Sociedad           @16.50 —
   16:00 Home      Sportivo San Lorenzo x Olimpia     @9.60  —
   17:00 Over 4.5  CA Platense x Newells              @19.50 —
   18:30 Draw      Flamengo x Red Bull Bragantino     @5.70  —
   20:00 2x2       Inter Miami CF x San Diego FC      @17.00 —
   21:00 Draw      Toluca x Santos Laguna             @7.60  —
   21:30 Over 4.5  Velez Sarsfield x Tigre            @20.00 —
sem gatilho.
2026-09-20 15:25 | banca R$ 4001 (composta (pagina 02, 749 jogos ate 2026-09-20)) | liquidados 25/41 | 22G/3R | P&L R$ +61.15 (+1.5%)
   07:15 Draw      Feyenoord x FC Utrecht             @6.60  AO Home Win GREEN R$+34
   08:30 Home      Antwerp x Union St Gilloise        @6.00  0-2 GREEN R$+38
   09:30 Draw      Az Alkmaar x SC Telstar            @7.60  1-0 GREEN R$+29
   09:30 Draw      Hartberg x LASK Linz               @6.40  3-3 RED R$-200
   10:00 Draw      Marumo Gallants FC x Orlando Pirat @5.20  0-2 GREEN R$+45
   10:00 0x3       NK Bravo x Olimpija                @26.00 2-1 GREEN R$+15
   10:00 2x2       Frosinone x Como                   @17.00 2-0 GREEN R$+24
   10:00 Home      Frosinone x Como                   @6.60  2-0 RED R$-200
   10:00 Over 4.5  Milford x Durban City              @19.50 1-1 GREEN R$+21
   10:00 Draw      Man City x Sunderland              @6.00  AO Home Win GREEN R$+38
   11:00 Draw      Trans Narva x FCI Tallinn          @8.40  1-1 RED R$-200
   11:00 Draw      Ponte Preta x CRB                  @6.40  1-0 GREEN R$+35
   11:00 Draw      Levadiakos x Olympiakos            @5.60  0-1 GREEN R$+41
   11:00 0x3       Gremio x SE Palmeiras              @23.00 0-0 GREEN R$+17
   11:00 Draw      Fenerbahce x Eyupspor              @9.20  AO Home Win GREEN R$+23
   11:30 Draw      Degerfors x Hammarby               @6.20  0-1 GREEN R$+37
   11:45 Home      Lokomotiv Plovdiv x CSKA Sofia     @8.00  1-1 GREEN R$+27
   12:00 Draw      Haugesund x Strommen               @6.60  AO Home Win GREEN R$+34
   12:00 Home      Siroki Brijeg x Borac Banja Luka   @7.20  2-3 GREEN R$+31
   12:00 Home      Raufoss x Stromsgodset             @9.80  0-2 GREEN R$+22
   12:00 Draw      Raufoss x Stromsgodset             @7.40  0-2 GREEN R$+30
   12:00 Draw      Stabaek x Sogndal                  @7.20  2-1 GREEN R$+31
   12:00 Draw      Kongsvinger x Hodd                 @7.40  AO Home Win GREEN R$+30
   12:00 Draw      NFC Volos x AEK Athens             @6.20  1-2 GREEN R$+37
   13:00 Draw      Omonia x Digenis Ypsona            @8.80  AO Home Win GREEN R$+24
   13:30 Draw      Kalamata x Panathinaikos           @6.20  —
   14:00 Draw      Crvena Zvezda x Radnicki Nis       @9.80  —
   14:15 Home      Brann x Bodo Glimt                 @5.10  —
   15:00 Home      Panaitolikos x PAOK                @7.40  —
   15:00 Draw      Sport Huancayo x UTC Cajamarca     @5.90  —
   15:00 Draw      Dinamo Zagreb x Lokomotiva         @8.40  —
   15:15 Draw      Lech Poznan x Radomiak Radom       @6.20  —
   15:45 Draw      AC Milan x Lecce                   @6.40  —
   15:45 Home      Marseille x Paris St-G             @7.20  —
   16:00 2x2       Valencia x Real Sociedad           @16.50 —
   16:00 Home      Sportivo San Lorenzo x Olimpia     @9.60  —
   17:00 Over 4.5  CA Platense x Newells              @19.50 —
   18:30 Draw      Flamengo x Red Bull Bragantino     @5.70  —
   20:00 2x2       Inter Miami CF x San Diego FC      @17.00 —
   21:00 Draw      Toluca x Santos Laguna             @7.60  —
   21:30 Over 4.5  Velez Sarsfield x Tigre            @20.00 —
sem gatilho.
2026-09-20 15:30 | banca R$ 4001 (composta (pagina 02, 749 jogos ate 2026-09-20)) | liquidados 26/41 | 23G/3R | P&L R$ +97.69 (+2.4%)
   07:15 Draw      Feyenoord x FC Utrecht             @6.60  AO Home Win GREEN R$+34
   08:30 Home      Antwerp x Union St Gilloise        @6.00  0-2 GREEN R$+38
   09:30 Draw      Az Alkmaar x SC Telstar            @7.60  1-0 GREEN R$+29
   09:30 Draw      Hartberg x LASK Linz               @6.40  3-3 RED R$-200
   10:00 Draw      Marumo Gallants FC x Orlando Pirat @5.20  0-2 GREEN R$+45
   10:00 0x3       NK Bravo x Olimpija                @26.00 2-1 GREEN R$+15
   10:00 2x2       Frosinone x Como                   @17.00 2-0 GREEN R$+24
   10:00 Home      Frosinone x Como                   @6.60  2-0 RED R$-200
   10:00 Over 4.5  Milford x Durban City              @19.50 1-1 GREEN R$+21
   10:00 Draw      Man City x Sunderland              @6.00  AO Home Win GREEN R$+38
   11:00 Draw      Trans Narva x FCI Tallinn          @8.40  1-1 RED R$-200
   11:00 Draw      Ponte Preta x CRB                  @6.40  1-0 GREEN R$+35
   11:00 Draw      Levadiakos x Olympiakos            @5.60  0-1 GREEN R$+41
   11:00 0x3       Gremio x SE Palmeiras              @23.00 0-0 GREEN R$+17
   11:00 Draw      Fenerbahce x Eyupspor              @9.20  AO Home Win GREEN R$+23
   11:30 Draw      Degerfors x Hammarby               @6.20  0-1 GREEN R$+37
   11:45 Home      Lokomotiv Plovdiv x CSKA Sofia     @8.00  1-1 GREEN R$+27
   12:00 Draw      Haugesund x Strommen               @6.60  AO Home Win GREEN R$+34
   12:00 Home      Siroki Brijeg x Borac Banja Luka   @7.20  2-3 GREEN R$+31
   12:00 Home      Raufoss x Stromsgodset             @9.80  0-2 GREEN R$+22
   12:00 Draw      Raufoss x Stromsgodset             @7.40  0-2 GREEN R$+30
   12:00 Draw      Stabaek x Sogndal                  @7.20  2-1 GREEN R$+31
   12:00 Draw      Kongsvinger x Hodd                 @7.40  AO Home Win GREEN R$+30
   12:00 Draw      NFC Volos x AEK Athens             @6.20  1-2 GREEN R$+37
   13:00 Draw      Omonia x Digenis Ypsona            @8.80  AO Home Win GREEN R$+24
   13:30 Draw      Kalamata x Panathinaikos           @6.20  0-1 GREEN R$+37
   14:00 Draw      Crvena Zvezda x Radnicki Nis       @9.80  —
   14:15 Home      Brann x Bodo Glimt                 @5.10  —
   15:00 Home      Panaitolikos x PAOK                @7.40  —
   15:00 Draw      Sport Huancayo x UTC Cajamarca     @5.90  —
   15:00 Draw      Dinamo Zagreb x Lokomotiva         @8.40  —
   15:15 Draw      Lech Poznan x Radomiak Radom       @6.20  —
   15:45 Draw      AC Milan x Lecce                   @6.40  —
   15:45 Home      Marseille x Paris St-G             @7.20  —
   16:00 2x2       Valencia x Real Sociedad           @16.50 —
   16:00 Home      Sportivo San Lorenzo x Olimpia     @9.60  —
   17:00 Over 4.5  CA Platense x Newells              @19.50 —
   18:30 Draw      Flamengo x Red Bull Bragantino     @5.70  —
   20:00 2x2       Inter Miami CF x San Diego FC      @17.00 —
   21:00 Draw      Toluca x Santos Laguna             @7.60  —
   21:30 Over 4.5  Velez Sarsfield x Tigre            @20.00 —
sem gatilho.
2026-09-20 15:35 | banca R$ 4001 (composta (pagina 02, 749 jogos ate 2026-09-20)) | liquidados 26/41 | 23G/3R | P&L R$ +97.69 (+2.4%)
   07:15 Draw      Feyenoord x FC Utrecht             @6.60  AO Home Win GREEN R$+34
   08:30 Home      Antwerp x Union St Gilloise        @6.00  0-2 GREEN R$+38
   09:30 Draw      Az Alkmaar x SC Telstar            @7.60  1-0 GREEN R$+29
   09:30 Draw      Hartberg x LASK Linz               @6.40  3-3 RED R$-200
   10:00 Draw      Marumo Gallants FC x Orlando Pirat @5.20  0-2 GREEN R$+45
   10:00 0x3       NK Bravo x Olimpija                @26.00 2-1 GREEN R$+15
   10:00 2x2       Frosinone x Como                   @17.00 2-0 GREEN R$+24
   10:00 Home      Frosinone x Como                   @6.60  2-0 RED R$-200
   10:00 Over 4.5  Milford x Durban City              @19.50 1-1 GREEN R$+21
   10:00 Draw      Man City x Sunderland              @6.00  AO Home Win GREEN R$+38
   11:00 Draw      Trans Narva x FCI Tallinn          @8.40  1-1 RED R$-200
   11:00 Draw      Ponte Preta x CRB                  @6.40  1-0 GREEN R$+35
   11:00 Draw      Levadiakos x Olympiakos            @5.60  0-1 GREEN R$+41
   11:00 0x3       Gremio x SE Palmeiras              @23.00 0-0 GREEN R$+17
   11:00 Draw      Fenerbahce x Eyupspor              @9.20  AO Home Win GREEN R$+23
   11:30 Draw      Degerfors x Hammarby               @6.20  0-1 GREEN R$+37
   11:45 Home      Lokomotiv Plovdiv x CSKA Sofia     @8.00  1-1 GREEN R$+27
   12:00 Draw      Haugesund x Strommen               @6.60  AO Home Win GREEN R$+34
   12:00 Home      Siroki Brijeg x Borac Banja Luka   @7.20  2-3 GREEN R$+31
   12:00 Home      Raufoss x Stromsgodset             @9.80  0-2 GREEN R$+22
   12:00 Draw      Raufoss x Stromsgodset             @7.40  0-2 GREEN R$+30
   12:00 Draw      Stabaek x Sogndal                  @7.20  2-1 GREEN R$+31
   12:00 Draw      Kongsvinger x Hodd                 @7.40  AO Home Win GREEN R$+30
   12:00 Draw      NFC Volos x AEK Athens             @6.20  1-2 GREEN R$+37
   13:00 Draw      Omonia x Digenis Ypsona            @8.80  AO Home Win GREEN R$+24
   13:30 Draw      Kalamata x Panathinaikos           @6.20  0-1 GREEN R$+37
   14:00 Draw      Crvena Zvezda x Radnicki Nis       @9.80  —
   14:15 Home      Brann x Bodo Glimt                 @5.10  —
   15:00 Home      Panaitolikos x PAOK                @7.40  —
   15:00 Draw      Sport Huancayo x UTC Cajamarca     @5.90  —
   15:00 Draw      Dinamo Zagreb x Lokomotiva         @8.40  —
   15:15 Draw      Lech Poznan x Radomiak Radom       @6.20  —
   15:45 Draw      AC Milan x Lecce                   @6.40  —
   15:45 Home      Marseille x Paris St-G             @7.20  —
   16:00 2x2       Valencia x Real Sociedad           @16.50 —
   16:00 Home      Sportivo San Lorenzo x Olimpia     @9.60  —
   17:00 Over 4.5  CA Platense x Newells              @19.50 —
   18:30 Draw      Flamengo x Red Bull Bragantino     @5.70  —
   20:00 2x2       Inter Miami CF x San Diego FC      @17.00 —
   21:00 Draw      Toluca x Santos Laguna             @7.60  —
   21:30 Over 4.5  Velez Sarsfield x Tigre            @20.00 —
sem gatilho.
2026-09-20 15:40 | banca R$ 4001 (composta (pagina 02, 749 jogos ate 2026-09-20)) | liquidados 26/41 | 23G/3R | P&L R$ +97.69 (+2.4%)
   07:15 Draw      Feyenoord x FC Utrecht             @6.60  AO Home Win GREEN R$+34
   08:30 Home      Antwerp x Union St Gilloise        @6.00  0-2 GREEN R$+38
   09:30 Draw      Az Alkmaar x SC Telstar            @7.60  1-0 GREEN R$+29
   09:30 Draw      Hartberg x LASK Linz               @6.40  3-3 RED R$-200
   10:00 Draw      Marumo Gallants FC x Orlando Pirat @5.20  0-2 GREEN R$+45
   10:00 0x3       NK Bravo x Olimpija                @26.00 2-1 GREEN R$+15
   10:00 2x2       Frosinone x Como                   @17.00 2-0 GREEN R$+24
   10:00 Home      Frosinone x Como                   @6.60  2-0 RED R$-200
   10:00 Over 4.5  Milford x Durban City              @19.50 1-1 GREEN R$+21
   10:00 Draw      Man City x Sunderland              @6.00  AO Home Win GREEN R$+38
   11:00 Draw      Trans Narva x FCI Tallinn          @8.40  1-1 RED R$-200
   11:00 Draw      Ponte Preta x CRB                  @6.40  1-0 GREEN R$+35
   11:00 Draw      Levadiakos x Olympiakos            @5.60  0-1 GREEN R$+41
   11:00 0x3       Gremio x SE Palmeiras              @23.00 0-0 GREEN R$+17
   11:00 Draw      Fenerbahce x Eyupspor              @9.20  AO Home Win GREEN R$+23
   11:30 Draw      Degerfors x Hammarby               @6.20  0-1 GREEN R$+37
   11:45 Home      Lokomotiv Plovdiv x CSKA Sofia     @8.00  1-1 GREEN R$+27
   12:00 Draw      Haugesund x Strommen               @6.60  AO Home Win GREEN R$+34
   12:00 Home      Siroki Brijeg x Borac Banja Luka   @7.20  2-3 GREEN R$+31
   12:00 Home      Raufoss x Stromsgodset             @9.80  0-2 GREEN R$+22
   12:00 Draw      Raufoss x Stromsgodset             @7.40  0-2 GREEN R$+30
   12:00 Draw      Stabaek x Sogndal                  @7.20  2-1 GREEN R$+31
   12:00 Draw      Kongsvinger x Hodd                 @7.40  AO Home Win GREEN R$+30
   12:00 Draw      NFC Volos x AEK Athens             @6.20  1-2 GREEN R$+37
   13:00 Draw      Omonia x Digenis Ypsona            @8.80  AO Home Win GREEN R$+24
   13:30 Draw      Kalamata x Panathinaikos           @6.20  0-1 GREEN R$+37
   14:00 Draw      Crvena Zvezda x Radnicki Nis       @9.80  —
   14:15 Home      Brann x Bodo Glimt                 @5.10  —
   15:00 Home      Panaitolikos x PAOK                @7.40  —
   15:00 Draw      Sport Huancayo x UTC Cajamarca     @5.90  —
   15:00 Draw      Dinamo Zagreb x Lokomotiva         @8.40  —
   15:15 Draw      Lech Poznan x Radomiak Radom       @6.20  —
   15:45 Draw      AC Milan x Lecce                   @6.40  —
   15:45 Home      Marseille x Paris St-G             @7.20  —
   16:00 2x2       Valencia x Real Sociedad           @16.50 —
   16:00 Home      Sportivo San Lorenzo x Olimpia     @9.60  —
   17:00 Over 4.5  CA Platense x Newells              @19.50 —
   18:30 Draw      Flamengo x Red Bull Bragantino     @5.70  —
   20:00 2x2       Inter Miami CF x San Diego FC      @17.00 —
   21:00 Draw      Toluca x Santos Laguna             @7.60  —
   21:30 Over 4.5  Velez Sarsfield x Tigre            @20.00 —
sem gatilho.
2026-09-20 15:45 | banca R$ 4001 (composta (pagina 02, 749 jogos ate 2026-09-20)) | liquidados 26/41 | 23G/3R | P&L R$ +97.69 (+2.4%)
   07:15 Draw      Feyenoord x FC Utrecht             @6.60  AO Home Win GREEN R$+34
   08:30 Home      Antwerp x Union St Gilloise        @6.00  0-2 GREEN R$+38
   09:30 Draw      Az Alkmaar x SC Telstar            @7.60  1-0 GREEN R$+29
   09:30 Draw      Hartberg x LASK Linz               @6.40  3-3 RED R$-200
   10:00 Draw      Marumo Gallants FC x Orlando Pirat @5.20  0-2 GREEN R$+45
   10:00 0x3       NK Bravo x Olimpija                @26.00 2-1 GREEN R$+15
   10:00 2x2       Frosinone x Como                   @17.00 2-0 GREEN R$+24
   10:00 Home      Frosinone x Como                   @6.60  2-0 RED R$-200
   10:00 Over 4.5  Milford x Durban City              @19.50 1-1 GREEN R$+21
   10:00 Draw      Man City x Sunderland              @6.00  AO Home Win GREEN R$+38
   11:00 Draw      Trans Narva x FCI Tallinn          @8.40  1-1 RED R$-200
   11:00 Draw      Ponte Preta x CRB                  @6.40  1-0 GREEN R$+35
   11:00 Draw      Levadiakos x Olympiakos            @5.60  0-1 GREEN R$+41
   11:00 0x3       Gremio x SE Palmeiras              @23.00 0-0 GREEN R$+17
   11:00 Draw      Fenerbahce x Eyupspor              @9.20  AO Home Win GREEN R$+23
   11:30 Draw      Degerfors x Hammarby               @6.20  0-1 GREEN R$+37
   11:45 Home      Lokomotiv Plovdiv x CSKA Sofia     @8.00  1-1 GREEN R$+27
   12:00 Draw      Haugesund x Strommen               @6.60  AO Home Win GREEN R$+34
   12:00 Home      Siroki Brijeg x Borac Banja Luka   @7.20  2-3 GREEN R$+31
   12:00 Home      Raufoss x Stromsgodset             @9.80  0-2 GREEN R$+22
   12:00 Draw      Raufoss x Stromsgodset             @7.40  0-2 GREEN R$+30
   12:00 Draw      Stabaek x Sogndal                  @7.20  2-1 GREEN R$+31
   12:00 Draw      Kongsvinger x Hodd                 @7.40  AO Home Win GREEN R$+30
   12:00 Draw      NFC Volos x AEK Athens             @6.20  1-2 GREEN R$+37
   13:00 Draw      Omonia x Digenis Ypsona            @8.80  AO Home Win GREEN R$+24
   13:30 Draw      Kalamata x Panathinaikos           @6.20  0-1 GREEN R$+37
   14:00 Draw      Crvena Zvezda x Radnicki Nis       @9.80  —
   14:15 Home      Brann x Bodo Glimt                 @5.10  —
   15:00 Home      Panaitolikos x PAOK                @7.40  —
   15:00 Draw      Sport Huancayo x UTC Cajamarca     @5.90  —
   15:00 Draw      Dinamo Zagreb x Lokomotiva         @8.40  —
   15:15 Draw      Lech Poznan x Radomiak Radom       @6.20  —
   15:45 Draw      AC Milan x Lecce                   @6.40  —
   15:45 Home      Marseille x Paris St-G             @7.20  —
   16:00 2x2       Valencia x Real Sociedad           @16.50 —
   16:00 Home      Sportivo San Lorenzo x Olimpia     @9.60  —
   17:00 Over 4.5  CA Platense x Newells              @19.50 —
   18:30 Draw      Flamengo x Red Bull Bragantino     @5.70  —
   20:00 2x2       Inter Miami CF x San Diego FC      @17.00 —
   21:00 Draw      Toluca x Santos Laguna             @7.60  —
   21:30 Over 4.5  Velez Sarsfield x Tigre            @20.00 —
sem gatilho.
2026-09-20 15:50 | banca R$ 4001 (composta (pagina 02, 749 jogos ate 2026-09-20)) | liquidados 26/41 | 23G/3R | P&L R$ +97.69 (+2.4%)
   07:15 Draw      Feyenoord x FC Utrecht             @6.60  AO Home Win GREEN R$+34
   08:30 Home      Antwerp x Union St Gilloise        @6.00  0-2 GREEN R$+38
   09:30 Draw      Az Alkmaar x SC Telstar            @7.60  1-0 GREEN R$+29
   09:30 Draw      Hartberg x LASK Linz               @6.40  3-3 RED R$-200
   10:00 Draw      Marumo Gallants FC x Orlando Pirat @5.20  0-2 GREEN R$+45
   10:00 0x3       NK Bravo x Olimpija                @26.00 2-1 GREEN R$+15
   10:00 2x2       Frosinone x Como                   @17.00 2-0 GREEN R$+24
   10:00 Home      Frosinone x Como                   @6.60  2-0 RED R$-200
   10:00 Over 4.5  Milford x Durban City              @19.50 1-1 GREEN R$+21
   10:00 Draw      Man City x Sunderland              @6.00  AO Home Win GREEN R$+38
   11:00 Draw      Trans Narva x FCI Tallinn          @8.40  1-1 RED R$-200
   11:00 Draw      Ponte Preta x CRB                  @6.40  1-0 GREEN R$+35
   11:00 Draw      Levadiakos x Olympiakos            @5.60  0-1 GREEN R$+41
   11:00 0x3       Gremio x SE Palmeiras              @23.00 0-0 GREEN R$+17
   11:00 Draw      Fenerbahce x Eyupspor              @9.20  AO Home Win GREEN R$+23
   11:30 Draw      Degerfors x Hammarby               @6.20  0-1 GREEN R$+37
   11:45 Home      Lokomotiv Plovdiv x CSKA Sofia     @8.00  1-1 GREEN R$+27
   12:00 Draw      Haugesund x Strommen               @6.60  AO Home Win GREEN R$+34
   12:00 Home      Siroki Brijeg x Borac Banja Luka   @7.20  2-3 GREEN R$+31
   12:00 Home      Raufoss x Stromsgodset             @9.80  0-2 GREEN R$+22
   12:00 Draw      Raufoss x Stromsgodset             @7.40  0-2 GREEN R$+30
   12:00 Draw      Stabaek x Sogndal                  @7.20  2-1 GREEN R$+31
   12:00 Draw      Kongsvinger x Hodd                 @7.40  AO Home Win GREEN R$+30
   12:00 Draw      NFC Volos x AEK Athens             @6.20  1-2 GREEN R$+37
   13:00 Draw      Omonia x Digenis Ypsona            @8.80  AO Home Win GREEN R$+24
   13:30 Draw      Kalamata x Panathinaikos           @6.20  0-1 GREEN R$+37
   14:00 Draw      Crvena Zvezda x Radnicki Nis       @9.80  —
   14:15 Home      Brann x Bodo Glimt                 @5.10  —
   15:00 Home      Panaitolikos x PAOK                @7.40  —
   15:00 Draw      Sport Huancayo x UTC Cajamarca     @5.90  —
   15:00 Draw      Dinamo Zagreb x Lokomotiva         @8.40  —
   15:15 Draw      Lech Poznan x Radomiak Radom       @6.20  —
   15:45 Draw      AC Milan x Lecce                   @6.40  —
   15:45 Home      Marseille x Paris St-G             @7.20  —
   16:00 2x2       Valencia x Real Sociedad           @16.50 —
   16:00 Home      Sportivo San Lorenzo x Olimpia     @9.60  —
   17:00 Over 4.5  CA Platense x Newells              @19.50 —
   18:30 Draw      Flamengo x Red Bull Bragantino     @5.70  —
   20:00 2x2       Inter Miami CF x San Diego FC      @17.00 —
   21:00 Draw      Toluca x Santos Laguna             @7.60  —
   21:30 Over 4.5  Velez Sarsfield x Tigre            @20.00 —
sem gatilho.
2026-09-20 15:55 | banca R$ 4001 (composta (pagina 02, 749 jogos ate 2026-09-20)) | liquidados 26/41 | 23G/3R | P&L R$ +97.69 (+2.4%)
   07:15 Draw      Feyenoord x FC Utrecht             @6.60  AO Home Win GREEN R$+34
   08:30 Home      Antwerp x Union St Gilloise        @6.00  0-2 GREEN R$+38
   09:30 Draw      Az Alkmaar x SC Telstar            @7.60  1-0 GREEN R$+29
   09:30 Draw      Hartberg x LASK Linz               @6.40  3-3 RED R$-200
   10:00 Draw      Marumo Gallants FC x Orlando Pirat @5.20  0-2 GREEN R$+45
   10:00 0x3       NK Bravo x Olimpija                @26.00 2-1 GREEN R$+15
   10:00 2x2       Frosinone x Como                   @17.00 2-0 GREEN R$+24
   10:00 Home      Frosinone x Como                   @6.60  2-0 RED R$-200
   10:00 Over 4.5  Milford x Durban City              @19.50 1-1 GREEN R$+21
   10:00 Draw      Man City x Sunderland              @6.00  AO Home Win GREEN R$+38
   11:00 Draw      Trans Narva x FCI Tallinn          @8.40  1-1 RED R$-200
   11:00 Draw      Ponte Preta x CRB                  @6.40  1-0 GREEN R$+35
   11:00 Draw      Levadiakos x Olympiakos            @5.60  0-1 GREEN R$+41
   11:00 0x3       Gremio x SE Palmeiras              @23.00 0-0 GREEN R$+17
   11:00 Draw      Fenerbahce x Eyupspor              @9.20  AO Home Win GREEN R$+23
   11:30 Draw      Degerfors x Hammarby               @6.20  0-1 GREEN R$+37
   11:45 Home      Lokomotiv Plovdiv x CSKA Sofia     @8.00  1-1 GREEN R$+27
   12:00 Draw      Haugesund x Strommen               @6.60  AO Home Win GREEN R$+34
   12:00 Home      Siroki Brijeg x Borac Banja Luka   @7.20  2-3 GREEN R$+31
   12:00 Home      Raufoss x Stromsgodset             @9.80  0-2 GREEN R$+22
   12:00 Draw      Raufoss x Stromsgodset             @7.40  0-2 GREEN R$+30
   12:00 Draw      Stabaek x Sogndal                  @7.20  2-1 GREEN R$+31
   12:00 Draw      Kongsvinger x Hodd                 @7.40  AO Home Win GREEN R$+30
   12:00 Draw      NFC Volos x AEK Athens             @6.20  1-2 GREEN R$+37
   13:00 Draw      Omonia x Digenis Ypsona            @8.80  AO Home Win GREEN R$+24
   13:30 Draw      Kalamata x Panathinaikos           @6.20  0-1 GREEN R$+37
   14:00 Draw      Crvena Zvezda x Radnicki Nis       @9.80  —
   14:15 Home      Brann x Bodo Glimt                 @5.10  —
   15:00 Home      Panaitolikos x PAOK                @7.40  —
   15:00 Draw      Sport Huancayo x UTC Cajamarca     @5.90  —
   15:00 Draw      Dinamo Zagreb x Lokomotiva         @8.40  —
   15:15 Draw      Lech Poznan x Radomiak Radom       @6.20  —
   15:45 Draw      AC Milan x Lecce                   @6.40  —
   15:45 Home      Marseille x Paris St-G             @7.20  —
   16:00 2x2       Valencia x Real Sociedad           @16.50 —
   16:00 Home      Sportivo San Lorenzo x Olimpia     @9.60  —
   17:00 Over 4.5  CA Platense x Newells              @19.50 —
   18:30 Draw      Flamengo x Red Bull Bragantino     @5.70  —
   20:00 2x2       Inter Miami CF x San Diego FC      @17.00 —
   21:00 Draw      Toluca x Santos Laguna             @7.60  —
   21:30 Over 4.5  Velez Sarsfield x Tigre            @20.00 —
sem gatilho.
2026-09-20 16:00 | banca R$ 4001 (composta (pagina 02, 749 jogos ate 2026-09-20)) | liquidados 26/41 | 23G/3R | P&L R$ +97.69 (+2.4%)
   07:15 Draw      Feyenoord x FC Utrecht             @6.60  AO Home Win GREEN R$+34
   08:30 Home      Antwerp x Union St Gilloise        @6.00  0-2 GREEN R$+38
   09:30 Draw      Az Alkmaar x SC Telstar            @7.60  1-0 GREEN R$+29
   09:30 Draw      Hartberg x LASK Linz               @6.40  3-3 RED R$-200
   10:00 Draw      Marumo Gallants FC x Orlando Pirat @5.20  0-2 GREEN R$+45
   10:00 0x3       NK Bravo x Olimpija                @26.00 2-1 GREEN R$+15
   10:00 2x2       Frosinone x Como                   @17.00 2-0 GREEN R$+24
   10:00 Home      Frosinone x Como                   @6.60  2-0 RED R$-200
   10:00 Over 4.5  Milford x Durban City              @19.50 1-1 GREEN R$+21
   10:00 Draw      Man City x Sunderland              @6.00  AO Home Win GREEN R$+38
   11:00 Draw      Trans Narva x FCI Tallinn          @8.40  1-1 RED R$-200
   11:00 Draw      Ponte Preta x CRB                  @6.40  1-0 GREEN R$+35
   11:00 Draw      Levadiakos x Olympiakos            @5.60  0-1 GREEN R$+41
   11:00 0x3       Gremio x SE Palmeiras              @23.00 0-0 GREEN R$+17
   11:00 Draw      Fenerbahce x Eyupspor              @9.20  AO Home Win GREEN R$+23
   11:30 Draw      Degerfors x Hammarby               @6.20  0-1 GREEN R$+37
   11:45 Home      Lokomotiv Plovdiv x CSKA Sofia     @8.00  1-1 GREEN R$+27
   12:00 Draw      Haugesund x Strommen               @6.60  AO Home Win GREEN R$+34
   12:00 Home      Siroki Brijeg x Borac Banja Luka   @7.20  2-3 GREEN R$+31
   12:00 Home      Raufoss x Stromsgodset             @9.80  0-2 GREEN R$+22
   12:00 Draw      Raufoss x Stromsgodset             @7.40  0-2 GREEN R$+30
   12:00 Draw      Stabaek x Sogndal                  @7.20  2-1 GREEN R$+31
   12:00 Draw      Kongsvinger x Hodd                 @7.40  AO Home Win GREEN R$+30
   12:00 Draw      NFC Volos x AEK Athens             @6.20  1-2 GREEN R$+37
   13:00 Draw      Omonia x Digenis Ypsona            @8.80  AO Home Win GREEN R$+24
   13:30 Draw      Kalamata x Panathinaikos           @6.20  0-1 GREEN R$+37
   14:00 Draw      Crvena Zvezda x Radnicki Nis       @9.80  —
   14:15 Home      Brann x Bodo Glimt                 @5.10  —
   15:00 Home      Panaitolikos x PAOK                @7.40  —
   15:00 Draw      Sport Huancayo x UTC Cajamarca     @5.90  —
   15:00 Draw      Dinamo Zagreb x Lokomotiva         @8.40  —
   15:15 Draw      Lech Poznan x Radomiak Radom       @6.20  —
   15:45 Draw      AC Milan x Lecce                   @6.40  —
   15:45 Home      Marseille x Paris St-G             @7.20  —
   16:00 2x2       Valencia x Real Sociedad           @16.50 —
   16:00 Home      Sportivo San Lorenzo x Olimpia     @9.60  —
   17:00 Over 4.5  CA Platense x Newells              @19.50 —
   18:30 Draw      Flamengo x Red Bull Bragantino     @5.70  —
   20:00 2x2       Inter Miami CF x San Diego FC      @17.00 —
   21:00 Draw      Toluca x Santos Laguna             @7.60  —
   21:30 Over 4.5  Velez Sarsfield x Tigre            @20.00 —
sem gatilho.
2026-09-20 16:05 | banca R$ 4001 (composta (pagina 02, 749 jogos ate 2026-09-20)) | liquidados 27/41 | 24G/3R | P&L R$ +119.29 (+3.0%)
   07:15 Draw      Feyenoord x FC Utrecht             @6.60  AO Home Win GREEN R$+34
   08:30 Home      Antwerp x Union St Gilloise        @6.00  0-2 GREEN R$+38
   09:30 Draw      Az Alkmaar x SC Telstar            @7.60  1-0 GREEN R$+29
   09:30 Draw      Hartberg x LASK Linz               @6.40  3-3 RED R$-200
   10:00 Draw      Marumo Gallants FC x Orlando Pirat @5.20  0-2 GREEN R$+45
   10:00 0x3       NK Bravo x Olimpija                @26.00 2-1 GREEN R$+15
   10:00 2x2       Frosinone x Como                   @17.00 2-0 GREEN R$+24
   10:00 Home      Frosinone x Como                   @6.60  2-0 RED R$-200
   10:00 Over 4.5  Milford x Durban City              @19.50 1-1 GREEN R$+21
   10:00 Draw      Man City x Sunderland              @6.00  AO Home Win GREEN R$+38
   11:00 Draw      Trans Narva x FCI Tallinn          @8.40  1-1 RED R$-200
   11:00 Draw      Ponte Preta x CRB                  @6.40  1-0 GREEN R$+35
   11:00 Draw      Levadiakos x Olympiakos            @5.60  0-1 GREEN R$+41
   11:00 0x3       Gremio x SE Palmeiras              @23.00 0-0 GREEN R$+17
   11:00 Draw      Fenerbahce x Eyupspor              @9.20  AO Home Win GREEN R$+23
   11:30 Draw      Degerfors x Hammarby               @6.20  0-1 GREEN R$+37
   11:45 Home      Lokomotiv Plovdiv x CSKA Sofia     @8.00  1-1 GREEN R$+27
   12:00 Draw      Haugesund x Strommen               @6.60  AO Home Win GREEN R$+34
   12:00 Home      Siroki Brijeg x Borac Banja Luka   @7.20  2-3 GREEN R$+31
   12:00 Home      Raufoss x Stromsgodset             @9.80  0-2 GREEN R$+22
   12:00 Draw      Raufoss x Stromsgodset             @7.40  0-2 GREEN R$+30
   12:00 Draw      Stabaek x Sogndal                  @7.20  2-1 GREEN R$+31
   12:00 Draw      Kongsvinger x Hodd                 @7.40  AO Home Win GREEN R$+30
   12:00 Draw      NFC Volos x AEK Athens             @6.20  1-2 GREEN R$+37
   13:00 Draw      Omonia x Digenis Ypsona            @8.80  AO Home Win GREEN R$+24
   13:30 Draw      Kalamata x Panathinaikos           @6.20  0-1 GREEN R$+37
   14:00 Draw      Crvena Zvezda x Radnicki Nis       @9.80  3-0 GREEN R$+22
   14:15 Home      Brann x Bodo Glimt                 @5.10  —
   15:00 Home      Panaitolikos x PAOK                @7.40  —
   15:00 Draw      Sport Huancayo x UTC Cajamarca     @5.90  —
   15:00 Draw      Dinamo Zagreb x Lokomotiva         @8.40  —
   15:15 Draw      Lech Poznan x Radomiak Radom       @6.20  —
   15:45 Draw      AC Milan x Lecce                   @6.40  —
   15:45 Home      Marseille x Paris St-G             @7.20  —
   16:00 2x2       Valencia x Real Sociedad           @16.50 —
   16:00 Home      Sportivo San Lorenzo x Olimpia     @9.60  —
   17:00 Over 4.5  CA Platense x Newells              @19.50 —
   18:30 Draw      Flamengo x Red Bull Bragantino     @5.70  —
   20:00 2x2       Inter Miami CF x San Diego FC      @17.00 —
   21:00 Draw      Toluca x Santos Laguna             @7.60  —
   21:30 Over 4.5  Velez Sarsfield x Tigre            @20.00 —
sem gatilho.
2026-09-20 16:10 | banca R$ 4001 (composta (pagina 02, 749 jogos ate 2026-09-20)) | liquidados 27/41 | 24G/3R | P&L R$ +119.29 (+3.0%)
   07:15 Draw      Feyenoord x FC Utrecht             @6.60  AO Home Win GREEN R$+34
   08:30 Home      Antwerp x Union St Gilloise        @6.00  0-2 GREEN R$+38
   09:30 Draw      Az Alkmaar x SC Telstar            @7.60  1-0 GREEN R$+29
   09:30 Draw      Hartberg x LASK Linz               @6.40  3-3 RED R$-200
   10:00 Draw      Marumo Gallants FC x Orlando Pirat @5.20  0-2 GREEN R$+45
   10:00 0x3       NK Bravo x Olimpija                @26.00 2-1 GREEN R$+15
   10:00 2x2       Frosinone x Como                   @17.00 2-0 GREEN R$+24
   10:00 Home      Frosinone x Como                   @6.60  2-0 RED R$-200
   10:00 Over 4.5  Milford x Durban City              @19.50 1-1 GREEN R$+21
   10:00 Draw      Man City x Sunderland              @6.00  AO Home Win GREEN R$+38
   11:00 Draw      Trans Narva x FCI Tallinn          @8.40  1-1 RED R$-200
   11:00 Draw      Ponte Preta x CRB                  @6.40  1-0 GREEN R$+35
   11:00 Draw      Levadiakos x Olympiakos            @5.60  0-1 GREEN R$+41
   11:00 0x3       Gremio x SE Palmeiras              @23.00 0-0 GREEN R$+17
   11:00 Draw      Fenerbahce x Eyupspor              @9.20  AO Home Win GREEN R$+23
   11:30 Draw      Degerfors x Hammarby               @6.20  0-1 GREEN R$+37
   11:45 Home      Lokomotiv Plovdiv x CSKA Sofia     @8.00  1-1 GREEN R$+27
   12:00 Draw      Haugesund x Strommen               @6.60  AO Home Win GREEN R$+34
   12:00 Home      Siroki Brijeg x Borac Banja Luka   @7.20  2-3 GREEN R$+31
   12:00 Home      Raufoss x Stromsgodset             @9.80  0-2 GREEN R$+22
   12:00 Draw      Raufoss x Stromsgodset             @7.40  0-2 GREEN R$+30
   12:00 Draw      Stabaek x Sogndal                  @7.20  2-1 GREEN R$+31
   12:00 Draw      Kongsvinger x Hodd                 @7.40  AO Home Win GREEN R$+30
   12:00 Draw      NFC Volos x AEK Athens             @6.20  1-2 GREEN R$+37
   13:00 Draw      Omonia x Digenis Ypsona            @8.80  AO Home Win GREEN R$+24
   13:30 Draw      Kalamata x Panathinaikos           @6.20  0-1 GREEN R$+37
   14:00 Draw      Crvena Zvezda x Radnicki Nis       @9.80  3-0 GREEN R$+22
   14:15 Home      Brann x Bodo Glimt                 @5.10  —
   15:00 Home      Panaitolikos x PAOK                @7.40  —
   15:00 Draw      Sport Huancayo x UTC Cajamarca     @5.90  —
   15:00 Draw      Dinamo Zagreb x Lokomotiva         @8.40  —
   15:15 Draw      Lech Poznan x Radomiak Radom       @6.20  —
   15:45 Draw      AC Milan x Lecce                   @6.40  —
   15:45 Home      Marseille x Paris St-G             @7.20  —
   16:00 2x2       Valencia x Real Sociedad           @16.50 —
   16:00 Home      Sportivo San Lorenzo x Olimpia     @9.60  —
   17:00 Over 4.5  CA Platense x Newells              @19.50 —
   18:30 Draw      Flamengo x Red Bull Bragantino     @5.70  —
   20:00 2x2       Inter Miami CF x San Diego FC      @17.00 —
   21:00 Draw      Toluca x Santos Laguna             @7.60  —
   21:30 Over 4.5  Velez Sarsfield x Tigre            @20.00 —
sem gatilho.
2026-09-20 16:15 | banca R$ 4001 (composta (pagina 02, 749 jogos ate 2026-09-20)) | liquidados 27/41 | 24G/3R | P&L R$ +119.29 (+3.0%)
   07:15 Draw      Feyenoord x FC Utrecht             @6.60  AO Home Win GREEN R$+34
   08:30 Home      Antwerp x Union St Gilloise        @6.00  0-2 GREEN R$+38
   09:30 Draw      Az Alkmaar x SC Telstar            @7.60  1-0 GREEN R$+29
   09:30 Draw      Hartberg x LASK Linz               @6.40  3-3 RED R$-200
   10:00 Draw      Marumo Gallants FC x Orlando Pirat @5.20  0-2 GREEN R$+45
   10:00 0x3       NK Bravo x Olimpija                @26.00 2-1 GREEN R$+15
   10:00 2x2       Frosinone x Como                   @17.00 2-0 GREEN R$+24
   10:00 Home      Frosinone x Como                   @6.60  2-0 RED R$-200
   10:00 Over 4.5  Milford x Durban City              @19.50 1-1 GREEN R$+21
   10:00 Draw      Man City x Sunderland              @6.00  AO Home Win GREEN R$+38
   11:00 Draw      Trans Narva x FCI Tallinn          @8.40  1-1 RED R$-200
   11:00 Draw      Ponte Preta x CRB                  @6.40  1-0 GREEN R$+35
   11:00 Draw      Levadiakos x Olympiakos            @5.60  0-1 GREEN R$+41
   11:00 0x3       Gremio x SE Palmeiras              @23.00 0-0 GREEN R$+17
   11:00 Draw      Fenerbahce x Eyupspor              @9.20  AO Home Win GREEN R$+23
   11:30 Draw      Degerfors x Hammarby               @6.20  0-1 GREEN R$+37
   11:45 Home      Lokomotiv Plovdiv x CSKA Sofia     @8.00  1-1 GREEN R$+27
   12:00 Draw      Haugesund x Strommen               @6.60  AO Home Win GREEN R$+34
   12:00 Home      Siroki Brijeg x Borac Banja Luka   @7.20  2-3 GREEN R$+31
   12:00 Home      Raufoss x Stromsgodset             @9.80  0-2 GREEN R$+22
   12:00 Draw      Raufoss x Stromsgodset             @7.40  0-2 GREEN R$+30
   12:00 Draw      Stabaek x Sogndal                  @7.20  2-1 GREEN R$+31
   12:00 Draw      Kongsvinger x Hodd                 @7.40  AO Home Win GREEN R$+30
   12:00 Draw      NFC Volos x AEK Athens             @6.20  1-2 GREEN R$+37
   13:00 Draw      Omonia x Digenis Ypsona            @8.80  AO Home Win GREEN R$+24
   13:30 Draw      Kalamata x Panathinaikos           @6.20  0-1 GREEN R$+37
   14:00 Draw      Crvena Zvezda x Radnicki Nis       @9.80  3-0 GREEN R$+22
   14:15 Home      Brann x Bodo Glimt                 @5.10  —
   15:00 Home      Panaitolikos x PAOK                @7.40  —
   15:00 Draw      Sport Huancayo x UTC Cajamarca     @5.90  —
   15:00 Draw      Dinamo Zagreb x Lokomotiva         @8.40  —
   15:15 Draw      Lech Poznan x Radomiak Radom       @6.20  —
   15:45 Draw      AC Milan x Lecce                   @6.40  —
   15:45 Home      Marseille x Paris St-G             @7.20  —
   16:00 2x2       Valencia x Real Sociedad           @16.50 —
   16:00 Home      Sportivo San Lorenzo x Olimpia     @9.60  —
   17:00 Over 4.5  CA Platense x Newells              @19.50 —
   18:30 Draw      Flamengo x Red Bull Bragantino     @5.70  —
   20:00 2x2       Inter Miami CF x San Diego FC      @17.00 —
   21:00 Draw      Toluca x Santos Laguna             @7.60  —
   21:30 Over 4.5  Velez Sarsfield x Tigre            @20.00 —
sem gatilho.
2026-09-20 16:20 | banca R$ 4001 (composta (pagina 02, 749 jogos ate 2026-09-20)) | liquidados 28/41 | 24G/4R | P&L R$ -80.74 (-2.0%)
   07:15 Draw      Feyenoord x FC Utrecht             @6.60  AO Home Win GREEN R$+34
   08:30 Home      Antwerp x Union St Gilloise        @6.00  0-2 GREEN R$+38
   09:30 Draw      Az Alkmaar x SC Telstar            @7.60  1-0 GREEN R$+29
   09:30 Draw      Hartberg x LASK Linz               @6.40  3-3 RED R$-200
   10:00 Draw      Marumo Gallants FC x Orlando Pirat @5.20  0-2 GREEN R$+45
   10:00 0x3       NK Bravo x Olimpija                @26.00 2-1 GREEN R$+15
   10:00 2x2       Frosinone x Como                   @17.00 2-0 GREEN R$+24
   10:00 Home      Frosinone x Como                   @6.60  2-0 RED R$-200
   10:00 Over 4.5  Milford x Durban City              @19.50 1-1 GREEN R$+21
   10:00 Draw      Man City x Sunderland              @6.00  AO Home Win GREEN R$+38
   11:00 Draw      Trans Narva x FCI Tallinn          @8.40  1-1 RED R$-200
   11:00 Draw      Ponte Preta x CRB                  @6.40  1-0 GREEN R$+35
   11:00 Draw      Levadiakos x Olympiakos            @5.60  0-1 GREEN R$+41
   11:00 0x3       Gremio x SE Palmeiras              @23.00 0-0 GREEN R$+17
   11:00 Draw      Fenerbahce x Eyupspor              @9.20  AO Home Win GREEN R$+23
   11:30 Draw      Degerfors x Hammarby               @6.20  0-1 GREEN R$+37
   11:45 Home      Lokomotiv Plovdiv x CSKA Sofia     @8.00  1-1 GREEN R$+27
   12:00 Draw      Haugesund x Strommen               @6.60  AO Home Win GREEN R$+34
   12:00 Home      Siroki Brijeg x Borac Banja Luka   @7.20  2-3 GREEN R$+31
   12:00 Home      Raufoss x Stromsgodset             @9.80  0-2 GREEN R$+22
   12:00 Draw      Raufoss x Stromsgodset             @7.40  0-2 GREEN R$+30
   12:00 Draw      Stabaek x Sogndal                  @7.20  2-1 GREEN R$+31
   12:00 Draw      Kongsvinger x Hodd                 @7.40  AO Home Win GREEN R$+30
   12:00 Draw      NFC Volos x AEK Athens             @6.20  1-2 GREEN R$+37
   13:00 Draw      Omonia x Digenis Ypsona            @8.80  AO Home Win GREEN R$+24
   13:30 Draw      Kalamata x Panathinaikos           @6.20  0-1 GREEN R$+37
   14:00 Draw      Crvena Zvezda x Radnicki Nis       @9.80  3-0 GREEN R$+22
   14:15 Home      Brann x Bodo Glimt                 @5.10  2-1 RED R$-200
   15:00 Home      Panaitolikos x PAOK                @7.40  —
   15:00 Draw      Sport Huancayo x UTC Cajamarca     @5.90  —
   15:00 Draw      Dinamo Zagreb x Lokomotiva         @8.40  —
   15:15 Draw      Lech Poznan x Radomiak Radom       @6.20  —
   15:45 Draw      AC Milan x Lecce                   @6.40  —
   15:45 Home      Marseille x Paris St-G             @7.20  —
   16:00 2x2       Valencia x Real Sociedad           @16.50 —
   16:00 Home      Sportivo San Lorenzo x Olimpia     @9.60  —
   17:00 Over 4.5  CA Platense x Newells              @19.50 —
   18:30 Draw      Flamengo x Red Bull Bragantino     @5.70  —
   20:00 2x2       Inter Miami CF x San Diego FC      @17.00 —
   21:00 Draw      Toluca x Santos Laguna             @7.60  —
   21:30 Over 4.5  Velez Sarsfield x Tigre            @20.00 —
sem gatilho.
2026-09-20 16:25 | banca R$ 4001 (composta (pagina 02, 749 jogos ate 2026-09-20)) | liquidados 28/41 | 24G/4R | P&L R$ -80.74 (-2.0%)
   07:15 Draw      Feyenoord x FC Utrecht             @6.60  AO Home Win GREEN R$+34
   08:30 Home      Antwerp x Union St Gilloise        @6.00  0-2 GREEN R$+38
   09:30 Draw      Az Alkmaar x SC Telstar            @7.60  1-0 GREEN R$+29
   09:30 Draw      Hartberg x LASK Linz               @6.40  3-3 RED R$-200
   10:00 Draw      Marumo Gallants FC x Orlando Pirat @5.20  0-2 GREEN R$+45
   10:00 0x3       NK Bravo x Olimpija                @26.00 2-1 GREEN R$+15
   10:00 2x2       Frosinone x Como                   @17.00 2-0 GREEN R$+24
   10:00 Home      Frosinone x Como                   @6.60  2-0 RED R$-200
   10:00 Over 4.5  Milford x Durban City              @19.50 1-1 GREEN R$+21
   10:00 Draw      Man City x Sunderland              @6.00  AO Home Win GREEN R$+38
   11:00 Draw      Trans Narva x FCI Tallinn          @8.40  1-1 RED R$-200
   11:00 Draw      Ponte Preta x CRB                  @6.40  1-0 GREEN R$+35
   11:00 Draw      Levadiakos x Olympiakos            @5.60  0-1 GREEN R$+41
   11:00 0x3       Gremio x SE Palmeiras              @23.00 0-0 GREEN R$+17
   11:00 Draw      Fenerbahce x Eyupspor              @9.20  AO Home Win GREEN R$+23
   11:30 Draw      Degerfors x Hammarby               @6.20  0-1 GREEN R$+37
   11:45 Home      Lokomotiv Plovdiv x CSKA Sofia     @8.00  1-1 GREEN R$+27
   12:00 Draw      Haugesund x Strommen               @6.60  AO Home Win GREEN R$+34
   12:00 Home      Siroki Brijeg x Borac Banja Luka   @7.20  2-3 GREEN R$+31
   12:00 Home      Raufoss x Stromsgodset             @9.80  0-2 GREEN R$+22
   12:00 Draw      Raufoss x Stromsgodset             @7.40  0-2 GREEN R$+30
   12:00 Draw      Stabaek x Sogndal                  @7.20  2-1 GREEN R$+31
   12:00 Draw      Kongsvinger x Hodd                 @7.40  AO Home Win GREEN R$+30
   12:00 Draw      NFC Volos x AEK Athens             @6.20  1-2 GREEN R$+37
   13:00 Draw      Omonia x Digenis Ypsona            @8.80  AO Home Win GREEN R$+24
   13:30 Draw      Kalamata x Panathinaikos           @6.20  0-1 GREEN R$+37
   14:00 Draw      Crvena Zvezda x Radnicki Nis       @9.80  3-0 GREEN R$+22
   14:15 Home      Brann x Bodo Glimt                 @5.10  2-1 RED R$-200
   15:00 Home      Panaitolikos x PAOK                @7.40  —
   15:00 Draw      Sport Huancayo x UTC Cajamarca     @5.90  —
   15:00 Draw      Dinamo Zagreb x Lokomotiva         @8.40  —
   15:15 Draw      Lech Poznan x Radomiak Radom       @6.20  —
   15:45 Draw      AC Milan x Lecce                   @6.40  —
   15:45 Home      Marseille x Paris St-G             @7.20  —
   16:00 2x2       Valencia x Real Sociedad           @16.50 —
   16:00 Home      Sportivo San Lorenzo x Olimpia     @9.60  —
   17:00 Over 4.5  CA Platense x Newells              @19.50 —
   18:30 Draw      Flamengo x Red Bull Bragantino     @5.70  —
   20:00 2x2       Inter Miami CF x San Diego FC      @17.00 —
   21:00 Draw      Toluca x Santos Laguna             @7.60  —
   21:30 Over 4.5  Velez Sarsfield x Tigre            @20.00 —
sem gatilho.
2026-09-20 16:30 | banca R$ 4001 (composta (pagina 02, 749 jogos ate 2026-09-20)) | liquidados 28/41 | 24G/4R | P&L R$ -80.74 (-2.0%)
   07:15 Draw      Feyenoord x FC Utrecht             @6.60  AO Home Win GREEN R$+34
   08:30 Home      Antwerp x Union St Gilloise        @6.00  0-2 GREEN R$+38
   09:30 Draw      Az Alkmaar x SC Telstar            @7.60  1-0 GREEN R$+29
   09:30 Draw      Hartberg x LASK Linz               @6.40  3-3 RED R$-200
   10:00 Draw      Marumo Gallants FC x Orlando Pirat @5.20  0-2 GREEN R$+45
   10:00 0x3       NK Bravo x Olimpija                @26.00 2-1 GREEN R$+15
   10:00 2x2       Frosinone x Como                   @17.00 2-0 GREEN R$+24
   10:00 Home      Frosinone x Como                   @6.60  2-0 RED R$-200
   10:00 Over 4.5  Milford x Durban City              @19.50 1-1 GREEN R$+21
   10:00 Draw      Man City x Sunderland              @6.00  AO Home Win GREEN R$+38
   11:00 Draw      Trans Narva x FCI Tallinn          @8.40  1-1 RED R$-200
   11:00 Draw      Ponte Preta x CRB                  @6.40  1-0 GREEN R$+35
   11:00 Draw      Levadiakos x Olympiakos            @5.60  0-1 GREEN R$+41
   11:00 0x3       Gremio x SE Palmeiras              @23.00 0-0 GREEN R$+17
   11:00 Draw      Fenerbahce x Eyupspor              @9.20  AO Home Win GREEN R$+23
   11:30 Draw      Degerfors x Hammarby               @6.20  0-1 GREEN R$+37
   11:45 Home      Lokomotiv Plovdiv x CSKA Sofia     @8.00  1-1 GREEN R$+27
   12:00 Draw      Haugesund x Strommen               @6.60  AO Home Win GREEN R$+34
   12:00 Home      Siroki Brijeg x Borac Banja Luka   @7.20  2-3 GREEN R$+31
   12:00 Home      Raufoss x Stromsgodset             @9.80  0-2 GREEN R$+22
   12:00 Draw      Raufoss x Stromsgodset             @7.40  0-2 GREEN R$+30
   12:00 Draw      Stabaek x Sogndal                  @7.20  2-1 GREEN R$+31
   12:00 Draw      Kongsvinger x Hodd                 @7.40  AO Home Win GREEN R$+30
   12:00 Draw      NFC Volos x AEK Athens             @6.20  1-2 GREEN R$+37
   13:00 Draw      Omonia x Digenis Ypsona            @8.80  AO Home Win GREEN R$+24
   13:30 Draw      Kalamata x Panathinaikos           @6.20  0-1 GREEN R$+37
   14:00 Draw      Crvena Zvezda x Radnicki Nis       @9.80  3-0 GREEN R$+22
   14:15 Home      Brann x Bodo Glimt                 @5.10  2-1 RED R$-200
   15:00 Home      Panaitolikos x PAOK                @7.40  —
   15:00 Draw      Sport Huancayo x UTC Cajamarca     @5.90  —
   15:00 Draw      Dinamo Zagreb x Lokomotiva         @8.40  —
   15:15 Draw      Lech Poznan x Radomiak Radom       @6.20  —
   15:45 Draw      AC Milan x Lecce                   @6.40  —
   15:45 Home      Marseille x Paris St-G             @7.20  —
   16:00 2x2       Valencia x Real Sociedad           @16.50 —
   16:00 Home      Sportivo San Lorenzo x Olimpia     @9.60  —
   17:00 Over 4.5  CA Platense x Newells              @19.50 —
   18:30 Draw      Flamengo x Red Bull Bragantino     @5.70  —
   20:00 2x2       Inter Miami CF x San Diego FC      @17.00 —
   21:00 Draw      Toluca x Santos Laguna             @7.60  —
   21:30 Over 4.5  Velez Sarsfield x Tigre            @20.00 —
sem gatilho.
2026-09-20 16:35 | banca R$ 4001 (composta (pagina 02, 749 jogos ate 2026-09-20)) | liquidados 28/41 | 24G/4R | P&L R$ -80.74 (-2.0%)
   07:15 Draw      Feyenoord x FC Utrecht             @6.60  AO Home Win GREEN R$+34
   08:30 Home      Antwerp x Union St Gilloise        @6.00  0-2 GREEN R$+38
   09:30 Draw      Az Alkmaar x SC Telstar            @7.60  1-0 GREEN R$+29
   09:30 Draw      Hartberg x LASK Linz               @6.40  3-3 RED R$-200
   10:00 Draw      Marumo Gallants FC x Orlando Pirat @5.20  0-2 GREEN R$+45
   10:00 0x3       NK Bravo x Olimpija                @26.00 2-1 GREEN R$+15
   10:00 2x2       Frosinone x Como                   @17.00 2-0 GREEN R$+24
   10:00 Home      Frosinone x Como                   @6.60  2-0 RED R$-200
   10:00 Over 4.5  Milford x Durban City              @19.50 1-1 GREEN R$+21
   10:00 Draw      Man City x Sunderland              @6.00  AO Home Win GREEN R$+38
   11:00 Draw      Trans Narva x FCI Tallinn          @8.40  1-1 RED R$-200
   11:00 Draw      Ponte Preta x CRB                  @6.40  1-0 GREEN R$+35
   11:00 Draw      Levadiakos x Olympiakos            @5.60  0-1 GREEN R$+41
   11:00 0x3       Gremio x SE Palmeiras              @23.00 0-0 GREEN R$+17
   11:00 Draw      Fenerbahce x Eyupspor              @9.20  AO Home Win GREEN R$+23
   11:30 Draw      Degerfors x Hammarby               @6.20  0-1 GREEN R$+37
   11:45 Home      Lokomotiv Plovdiv x CSKA Sofia     @8.00  1-1 GREEN R$+27
   12:00 Draw      Haugesund x Strommen               @6.60  AO Home Win GREEN R$+34
   12:00 Home      Siroki Brijeg x Borac Banja Luka   @7.20  2-3 GREEN R$+31
   12:00 Home      Raufoss x Stromsgodset             @9.80  0-2 GREEN R$+22
   12:00 Draw      Raufoss x Stromsgodset             @7.40  0-2 GREEN R$+30
   12:00 Draw      Stabaek x Sogndal                  @7.20  2-1 GREEN R$+31
   12:00 Draw      Kongsvinger x Hodd                 @7.40  AO Home Win GREEN R$+30
   12:00 Draw      NFC Volos x AEK Athens             @6.20  1-2 GREEN R$+37
   13:00 Draw      Omonia x Digenis Ypsona            @8.80  AO Home Win GREEN R$+24
   13:30 Draw      Kalamata x Panathinaikos           @6.20  0-1 GREEN R$+37
   14:00 Draw      Crvena Zvezda x Radnicki Nis       @9.80  3-0 GREEN R$+22
   14:15 Home      Brann x Bodo Glimt                 @5.10  2-1 RED R$-200
   15:00 Home      Panaitolikos x PAOK                @7.40  —
   15:00 Draw      Sport Huancayo x UTC Cajamarca     @5.90  —
   15:00 Draw      Dinamo Zagreb x Lokomotiva         @8.40  —
   15:15 Draw      Lech Poznan x Radomiak Radom       @6.20  —
   15:45 Draw      AC Milan x Lecce                   @6.40  —
   15:45 Home      Marseille x Paris St-G             @7.20  —
   16:00 2x2       Valencia x Real Sociedad           @16.50 —
   16:00 Home      Sportivo San Lorenzo x Olimpia     @9.60  —
   17:00 Over 4.5  CA Platense x Newells              @19.50 —
   18:30 Draw      Flamengo x Red Bull Bragantino     @5.70  —
   20:00 2x2       Inter Miami CF x San Diego FC      @17.00 —
   21:00 Draw      Toluca x Santos Laguna             @7.60  —
   21:30 Over 4.5  Velez Sarsfield x Tigre            @20.00 —
sem gatilho.
2026-09-20 16:40 | banca R$ 4001 (composta (pagina 02, 749 jogos ate 2026-09-20)) | liquidados 28/41 | 24G/4R | P&L R$ -80.74 (-2.0%)
   07:15 Draw      Feyenoord x FC Utrecht             @6.60  AO Home Win GREEN R$+34
   08:30 Home      Antwerp x Union St Gilloise        @6.00  0-2 GREEN R$+38
   09:30 Draw      Az Alkmaar x SC Telstar            @7.60  1-0 GREEN R$+29
   09:30 Draw      Hartberg x LASK Linz               @6.40  3-3 RED R$-200
   10:00 Draw      Marumo Gallants FC x Orlando Pirat @5.20  0-2 GREEN R$+45
   10:00 0x3       NK Bravo x Olimpija                @26.00 2-1 GREEN R$+15
   10:00 2x2       Frosinone x Como                   @17.00 2-0 GREEN R$+24
   10:00 Home      Frosinone x Como                   @6.60  2-0 RED R$-200
   10:00 Over 4.5  Milford x Durban City              @19.50 1-1 GREEN R$+21
   10:00 Draw      Man City x Sunderland              @6.00  AO Home Win GREEN R$+38
   11:00 Draw      Trans Narva x FCI Tallinn          @8.40  1-1 RED R$-200
   11:00 Draw      Ponte Preta x CRB                  @6.40  1-0 GREEN R$+35
   11:00 Draw      Levadiakos x Olympiakos            @5.60  0-1 GREEN R$+41
   11:00 0x3       Gremio x SE Palmeiras              @23.00 0-0 GREEN R$+17
   11:00 Draw      Fenerbahce x Eyupspor              @9.20  AO Home Win GREEN R$+23
   11:30 Draw      Degerfors x Hammarby               @6.20  0-1 GREEN R$+37
   11:45 Home      Lokomotiv Plovdiv x CSKA Sofia     @8.00  1-1 GREEN R$+27
   12:00 Draw      Haugesund x Strommen               @6.60  AO Home Win GREEN R$+34
   12:00 Home      Siroki Brijeg x Borac Banja Luka   @7.20  2-3 GREEN R$+31
   12:00 Home      Raufoss x Stromsgodset             @9.80  0-2 GREEN R$+22
   12:00 Draw      Raufoss x Stromsgodset             @7.40  0-2 GREEN R$+30
   12:00 Draw      Stabaek x Sogndal                  @7.20  2-1 GREEN R$+31
   12:00 Draw      Kongsvinger x Hodd                 @7.40  AO Home Win GREEN R$+30
   12:00 Draw      NFC Volos x AEK Athens             @6.20  1-2 GREEN R$+37
   13:00 Draw      Omonia x Digenis Ypsona            @8.80  AO Home Win GREEN R$+24
   13:30 Draw      Kalamata x Panathinaikos           @6.20  0-1 GREEN R$+37
   14:00 Draw      Crvena Zvezda x Radnicki Nis       @9.80  3-0 GREEN R$+22
   14:15 Home      Brann x Bodo Glimt                 @5.10  2-1 RED R$-200
   15:00 Home      Panaitolikos x PAOK                @7.40  —
   15:00 Draw      Sport Huancayo x UTC Cajamarca     @5.90  —
   15:00 Draw      Dinamo Zagreb x Lokomotiva         @8.40  —
   15:15 Draw      Lech Poznan x Radomiak Radom       @6.20  —
   15:45 Draw      AC Milan x Lecce                   @6.40  —
   15:45 Home      Marseille x Paris St-G             @7.20  —
   16:00 2x2       Valencia x Real Sociedad           @16.50 —
   16:00 Home      Sportivo San Lorenzo x Olimpia     @9.60  —
   17:00 Over 4.5  CA Platense x Newells              @19.50 —
   18:30 Draw      Flamengo x Red Bull Bragantino     @5.70  —
   20:00 2x2       Inter Miami CF x San Diego FC      @17.00 —
   21:00 Draw      Toluca x Santos Laguna             @7.60  —
   21:30 Over 4.5  Velez Sarsfield x Tigre            @20.00 —
sem gatilho.
2026-09-20 16:45 | banca R$ 4001 (composta (pagina 02, 749 jogos ate 2026-09-20)) | liquidados 28/41 | 24G/4R | P&L R$ -80.74 (-2.0%)
   07:15 Draw      Feyenoord x FC Utrecht             @6.60  AO Home Win GREEN R$+34
   08:30 Home      Antwerp x Union St Gilloise        @6.00  0-2 GREEN R$+38
   09:30 Draw      Az Alkmaar x SC Telstar            @7.60  1-0 GREEN R$+29
   09:30 Draw      Hartberg x LASK Linz               @6.40  3-3 RED R$-200
   10:00 Draw      Marumo Gallants FC x Orlando Pirat @5.20  0-2 GREEN R$+45
   10:00 0x3       NK Bravo x Olimpija                @26.00 2-1 GREEN R$+15
   10:00 2x2       Frosinone x Como                   @17.00 2-0 GREEN R$+24
   10:00 Home      Frosinone x Como                   @6.60  2-0 RED R$-200
   10:00 Over 4.5  Milford x Durban City              @19.50 1-1 GREEN R$+21
   10:00 Draw      Man City x Sunderland              @6.00  AO Home Win GREEN R$+38
   11:00 Draw      Trans Narva x FCI Tallinn          @8.40  1-1 RED R$-200
   11:00 Draw      Ponte Preta x CRB                  @6.40  1-0 GREEN R$+35
   11:00 Draw      Levadiakos x Olympiakos            @5.60  0-1 GREEN R$+41
   11:00 0x3       Gremio x SE Palmeiras              @23.00 0-0 GREEN R$+17
   11:00 Draw      Fenerbahce x Eyupspor              @9.20  AO Home Win GREEN R$+23
   11:30 Draw      Degerfors x Hammarby               @6.20  0-1 GREEN R$+37
   11:45 Home      Lokomotiv Plovdiv x CSKA Sofia     @8.00  1-1 GREEN R$+27
   12:00 Draw      Haugesund x Strommen               @6.60  AO Home Win GREEN R$+34
   12:00 Home      Siroki Brijeg x Borac Banja Luka   @7.20  2-3 GREEN R$+31
   12:00 Home      Raufoss x Stromsgodset             @9.80  0-2 GREEN R$+22
   12:00 Draw      Raufoss x Stromsgodset             @7.40  0-2 GREEN R$+30
   12:00 Draw      Stabaek x Sogndal                  @7.20  2-1 GREEN R$+31
   12:00 Draw      Kongsvinger x Hodd                 @7.40  AO Home Win GREEN R$+30
   12:00 Draw      NFC Volos x AEK Athens             @6.20  1-2 GREEN R$+37
   13:00 Draw      Omonia x Digenis Ypsona            @8.80  AO Home Win GREEN R$+24
   13:30 Draw      Kalamata x Panathinaikos           @6.20  0-1 GREEN R$+37
   14:00 Draw      Crvena Zvezda x Radnicki Nis       @9.80  3-0 GREEN R$+22
   14:15 Home      Brann x Bodo Glimt                 @5.10  2-1 RED R$-200
   15:00 Home      Panaitolikos x PAOK                @7.40  —
   15:00 Draw      Sport Huancayo x UTC Cajamarca     @5.90  —
   15:00 Draw      Dinamo Zagreb x Lokomotiva         @8.40  —
   15:15 Draw      Lech Poznan x Radomiak Radom       @6.20  —
   15:45 Draw      AC Milan x Lecce                   @6.40  —
   15:45 Home      Marseille x Paris St-G             @7.20  —
   16:00 2x2       Valencia x Real Sociedad           @16.50 —
   16:00 Home      Sportivo San Lorenzo x Olimpia     @9.60  —
   17:00 Over 4.5  CA Platense x Newells              @19.50 —
   18:30 Draw      Flamengo x Red Bull Bragantino     @5.70  —
   20:00 2x2       Inter Miami CF x San Diego FC      @17.00 —
   21:00 Draw      Toluca x Santos Laguna             @7.60  —
   21:30 Over 4.5  Velez Sarsfield x Tigre            @20.00 —
sem gatilho.
2026-09-20 16:50 | banca R$ 4001 (composta (pagina 02, 749 jogos ate 2026-09-20)) | liquidados 28/41 | 24G/4R | P&L R$ -80.74 (-2.0%)
   07:15 Draw      Feyenoord x FC Utrecht             @6.60  AO Home Win GREEN R$+34
   08:30 Home      Antwerp x Union St Gilloise        @6.00  0-2 GREEN R$+38
   09:30 Draw      Az Alkmaar x SC Telstar            @7.60  1-0 GREEN R$+29
   09:30 Draw      Hartberg x LASK Linz               @6.40  3-3 RED R$-200
   10:00 Draw      Marumo Gallants FC x Orlando Pirat @5.20  0-2 GREEN R$+45
   10:00 0x3       NK Bravo x Olimpija                @26.00 2-1 GREEN R$+15
   10:00 2x2       Frosinone x Como                   @17.00 2-0 GREEN R$+24
   10:00 Home      Frosinone x Como                   @6.60  2-0 RED R$-200
   10:00 Over 4.5  Milford x Durban City              @19.50 1-1 GREEN R$+21
   10:00 Draw      Man City x Sunderland              @6.00  AO Home Win GREEN R$+38
   11:00 Draw      Trans Narva x FCI Tallinn          @8.40  1-1 RED R$-200
   11:00 Draw      Ponte Preta x CRB                  @6.40  1-0 GREEN R$+35
   11:00 Draw      Levadiakos x Olympiakos            @5.60  0-1 GREEN R$+41
   11:00 0x3       Gremio x SE Palmeiras              @23.00 0-0 GREEN R$+17
   11:00 Draw      Fenerbahce x Eyupspor              @9.20  AO Home Win GREEN R$+23
   11:30 Draw      Degerfors x Hammarby               @6.20  0-1 GREEN R$+37
   11:45 Home      Lokomotiv Plovdiv x CSKA Sofia     @8.00  1-1 GREEN R$+27
   12:00 Draw      Haugesund x Strommen               @6.60  AO Home Win GREEN R$+34
   12:00 Home      Siroki Brijeg x Borac Banja Luka   @7.20  2-3 GREEN R$+31
   12:00 Home      Raufoss x Stromsgodset             @9.80  0-2 GREEN R$+22
   12:00 Draw      Raufoss x Stromsgodset             @7.40  0-2 GREEN R$+30
   12:00 Draw      Stabaek x Sogndal                  @7.20  2-1 GREEN R$+31
   12:00 Draw      Kongsvinger x Hodd                 @7.40  AO Home Win GREEN R$+30
   12:00 Draw      NFC Volos x AEK Athens             @6.20  1-2 GREEN R$+37
   13:00 Draw      Omonia x Digenis Ypsona            @8.80  AO Home Win GREEN R$+24
   13:30 Draw      Kalamata x Panathinaikos           @6.20  0-1 GREEN R$+37
   14:00 Draw      Crvena Zvezda x Radnicki Nis       @9.80  3-0 GREEN R$+22
   14:15 Home      Brann x Bodo Glimt                 @5.10  2-1 RED R$-200
   15:00 Home      Panaitolikos x PAOK                @7.40  —
   15:00 Draw      Sport Huancayo x UTC Cajamarca     @5.90  —
   15:00 Draw      Dinamo Zagreb x Lokomotiva         @8.40  —
   15:15 Draw      Lech Poznan x Radomiak Radom       @6.20  —
   15:45 Draw      AC Milan x Lecce                   @6.40  —
   15:45 Home      Marseille x Paris St-G             @7.20  —
   16:00 2x2       Valencia x Real Sociedad           @16.50 —
   16:00 Home      Sportivo San Lorenzo x Olimpia     @9.60  —
   17:00 Over 4.5  CA Platense x Newells              @19.50 —
   18:30 Draw      Flamengo x Red Bull Bragantino     @5.70  —
   20:00 2x2       Inter Miami CF x San Diego FC      @17.00 —
   21:00 Draw      Toluca x Santos Laguna             @7.60  —
   21:30 Over 4.5  Velez Sarsfield x Tigre            @20.00 —
sem gatilho.
2026-09-20 16:55 | banca R$ 4001 (composta (pagina 02, 749 jogos ate 2026-09-20)) | liquidados 28/41 | 24G/4R | P&L R$ -80.74 (-2.0%)
   07:15 Draw      Feyenoord x FC Utrecht             @6.60  AO Home Win GREEN R$+34
   08:30 Home      Antwerp x Union St Gilloise        @6.00  0-2 GREEN R$+38
   09:30 Draw      Az Alkmaar x SC Telstar            @7.60  1-0 GREEN R$+29
   09:30 Draw      Hartberg x LASK Linz               @6.40  3-3 RED R$-200
   10:00 Draw      Marumo Gallants FC x Orlando Pirat @5.20  0-2 GREEN R$+45
   10:00 0x3       NK Bravo x Olimpija                @26.00 2-1 GREEN R$+15
   10:00 2x2       Frosinone x Como                   @17.00 2-0 GREEN R$+24
   10:00 Home      Frosinone x Como                   @6.60  2-0 RED R$-200
   10:00 Over 4.5  Milford x Durban City              @19.50 1-1 GREEN R$+21
   10:00 Draw      Man City x Sunderland              @6.00  AO Home Win GREEN R$+38
   11:00 Draw      Trans Narva x FCI Tallinn          @8.40  1-1 RED R$-200
   11:00 Draw      Ponte Preta x CRB                  @6.40  1-0 GREEN R$+35
   11:00 Draw      Levadiakos x Olympiakos            @5.60  0-1 GREEN R$+41
   11:00 0x3       Gremio x SE Palmeiras              @23.00 0-0 GREEN R$+17
   11:00 Draw      Fenerbahce x Eyupspor              @9.20  AO Home Win GREEN R$+23
   11:30 Draw      Degerfors x Hammarby               @6.20  0-1 GREEN R$+37
   11:45 Home      Lokomotiv Plovdiv x CSKA Sofia     @8.00  1-1 GREEN R$+27
   12:00 Draw      Haugesund x Strommen               @6.60  AO Home Win GREEN R$+34
   12:00 Home      Siroki Brijeg x Borac Banja Luka   @7.20  2-3 GREEN R$+31
   12:00 Home      Raufoss x Stromsgodset             @9.80  0-2 GREEN R$+22
   12:00 Draw      Raufoss x Stromsgodset             @7.40  0-2 GREEN R$+30
   12:00 Draw      Stabaek x Sogndal                  @7.20  2-1 GREEN R$+31
   12:00 Draw      Kongsvinger x Hodd                 @7.40  AO Home Win GREEN R$+30
   12:00 Draw      NFC Volos x AEK Athens             @6.20  1-2 GREEN R$+37
   13:00 Draw      Omonia x Digenis Ypsona            @8.80  AO Home Win GREEN R$+24
   13:30 Draw      Kalamata x Panathinaikos           @6.20  0-1 GREEN R$+37
   14:00 Draw      Crvena Zvezda x Radnicki Nis       @9.80  3-0 GREEN R$+22
   14:15 Home      Brann x Bodo Glimt                 @5.10  2-1 RED R$-200
   15:00 Home      Panaitolikos x PAOK                @7.40  —
   15:00 Draw      Sport Huancayo x UTC Cajamarca     @5.90  —
   15:00 Draw      Dinamo Zagreb x Lokomotiva         @8.40  —
   15:15 Draw      Lech Poznan x Radomiak Radom       @6.20  —
   15:45 Draw      AC Milan x Lecce                   @6.40  —
   15:45 Home      Marseille x Paris St-G             @7.20  —
   16:00 2x2       Valencia x Real Sociedad           @16.50 —
   16:00 Home      Sportivo San Lorenzo x Olimpia     @9.60  —
   17:00 Over 4.5  CA Platense x Newells              @19.50 —
   18:30 Draw      Flamengo x Red Bull Bragantino     @5.70  —
   20:00 2x2       Inter Miami CF x San Diego FC      @17.00 —
   21:00 Draw      Toluca x Santos Laguna             @7.60  —
   21:30 Over 4.5  Velez Sarsfield x Tigre            @20.00 —
sem gatilho.
2026-09-20 17:00 | banca R$ 4001 (composta (pagina 02, 749 jogos ate 2026-09-20)) | liquidados 28/41 | 24G/4R | P&L R$ -80.74 (-2.0%)
   07:15 Draw      Feyenoord x FC Utrecht             @6.60  AO Home Win GREEN R$+34
   08:30 Home      Antwerp x Union St Gilloise        @6.00  0-2 GREEN R$+38
   09:30 Draw      Az Alkmaar x SC Telstar            @7.60  1-0 GREEN R$+29
   09:30 Draw      Hartberg x LASK Linz               @6.40  3-3 RED R$-200
   10:00 Draw      Marumo Gallants FC x Orlando Pirat @5.20  0-2 GREEN R$+45
   10:00 0x3       NK Bravo x Olimpija                @26.00 2-1 GREEN R$+15
   10:00 2x2       Frosinone x Como                   @17.00 2-0 GREEN R$+24
   10:00 Home      Frosinone x Como                   @6.60  2-0 RED R$-200
   10:00 Over 4.5  Milford x Durban City              @19.50 1-1 GREEN R$+21
   10:00 Draw      Man City x Sunderland              @6.00  AO Home Win GREEN R$+38
   11:00 Draw      Trans Narva x FCI Tallinn          @8.40  1-1 RED R$-200
   11:00 Draw      Ponte Preta x CRB                  @6.40  1-0 GREEN R$+35
   11:00 Draw      Levadiakos x Olympiakos            @5.60  0-1 GREEN R$+41
   11:00 0x3       Gremio x SE Palmeiras              @23.00 0-0 GREEN R$+17
   11:00 Draw      Fenerbahce x Eyupspor              @9.20  AO Home Win GREEN R$+23
   11:30 Draw      Degerfors x Hammarby               @6.20  0-1 GREEN R$+37
   11:45 Home      Lokomotiv Plovdiv x CSKA Sofia     @8.00  1-1 GREEN R$+27
   12:00 Draw      Haugesund x Strommen               @6.60  AO Home Win GREEN R$+34
   12:00 Home      Siroki Brijeg x Borac Banja Luka   @7.20  2-3 GREEN R$+31
   12:00 Home      Raufoss x Stromsgodset             @9.80  0-2 GREEN R$+22
   12:00 Draw      Raufoss x Stromsgodset             @7.40  0-2 GREEN R$+30
   12:00 Draw      Stabaek x Sogndal                  @7.20  2-1 GREEN R$+31
   12:00 Draw      Kongsvinger x Hodd                 @7.40  AO Home Win GREEN R$+30
   12:00 Draw      NFC Volos x AEK Athens             @6.20  1-2 GREEN R$+37
   13:00 Draw      Omonia x Digenis Ypsona            @8.80  AO Home Win GREEN R$+24
   13:30 Draw      Kalamata x Panathinaikos           @6.20  0-1 GREEN R$+37
   14:00 Draw      Crvena Zvezda x Radnicki Nis       @9.80  3-0 GREEN R$+22
   14:15 Home      Brann x Bodo Glimt                 @5.10  2-1 RED R$-200
   15:00 Home      Panaitolikos x PAOK                @7.40  —
   15:00 Draw      Sport Huancayo x UTC Cajamarca     @5.90  —
   15:00 Draw      Dinamo Zagreb x Lokomotiva         @8.40  —
   15:15 Draw      Lech Poznan x Radomiak Radom       @6.20  —
   15:45 Draw      AC Milan x Lecce                   @6.40  —
   15:45 Home      Marseille x Paris St-G             @7.20  —
   16:00 2x2       Valencia x Real Sociedad           @16.50 —
   16:00 Home      Sportivo San Lorenzo x Olimpia     @9.60  —
   17:00 Over 4.5  CA Platense x Newells              @19.50 —
   18:30 Draw      Flamengo x Red Bull Bragantino     @5.70  —
   20:00 2x2       Inter Miami CF x San Diego FC      @17.00 —
   21:00 Draw      Toluca x Santos Laguna             @7.60  —
   21:30 Over 4.5  Velez Sarsfield x Tigre            @20.00 —
sem gatilho.
2026-09-20 17:05 | banca R$ 4001 (composta (pagina 02, 749 jogos ate 2026-09-20)) | liquidados 29/41 | 25G/4R | P&L R$ -55.06 (-1.4%)
   07:15 Draw      Feyenoord x FC Utrecht             @6.60  AO Home Win GREEN R$+34
   08:30 Home      Antwerp x Union St Gilloise        @6.00  0-2 GREEN R$+38
   09:30 Draw      Az Alkmaar x SC Telstar            @7.60  1-0 GREEN R$+29
   09:30 Draw      Hartberg x LASK Linz               @6.40  3-3 RED R$-200
   10:00 Draw      Marumo Gallants FC x Orlando Pirat @5.20  0-2 GREEN R$+45
   10:00 0x3       NK Bravo x Olimpija                @26.00 2-1 GREEN R$+15
   10:00 2x2       Frosinone x Como                   @17.00 2-0 GREEN R$+24
   10:00 Home      Frosinone x Como                   @6.60  2-0 RED R$-200
   10:00 Over 4.5  Milford x Durban City              @19.50 1-1 GREEN R$+21
   10:00 Draw      Man City x Sunderland              @6.00  AO Home Win GREEN R$+38
   11:00 Draw      Trans Narva x FCI Tallinn          @8.40  1-1 RED R$-200
   11:00 Draw      Ponte Preta x CRB                  @6.40  1-0 GREEN R$+35
   11:00 Draw      Levadiakos x Olympiakos            @5.60  0-1 GREEN R$+41
   11:00 0x3       Gremio x SE Palmeiras              @23.00 0-0 GREEN R$+17
   11:00 Draw      Fenerbahce x Eyupspor              @9.20  AO Home Win GREEN R$+23
   11:30 Draw      Degerfors x Hammarby               @6.20  0-1 GREEN R$+37
   11:45 Home      Lokomotiv Plovdiv x CSKA Sofia     @8.00  1-1 GREEN R$+27
   12:00 Draw      Haugesund x Strommen               @6.60  AO Home Win GREEN R$+34
   12:00 Home      Siroki Brijeg x Borac Banja Luka   @7.20  2-3 GREEN R$+31
   12:00 Home      Raufoss x Stromsgodset             @9.80  0-2 GREEN R$+22
   12:00 Draw      Raufoss x Stromsgodset             @7.40  0-2 GREEN R$+30
   12:00 Draw      Stabaek x Sogndal                  @7.20  2-1 GREEN R$+31
   12:00 Draw      Kongsvinger x Hodd                 @7.40  AO Home Win GREEN R$+30
   12:00 Draw      NFC Volos x AEK Athens             @6.20  1-2 GREEN R$+37
   13:00 Draw      Omonia x Digenis Ypsona            @8.80  AO Home Win GREEN R$+24
   13:30 Draw      Kalamata x Panathinaikos           @6.20  0-1 GREEN R$+37
   14:00 Draw      Crvena Zvezda x Radnicki Nis       @9.80  3-0 GREEN R$+22
   14:15 Home      Brann x Bodo Glimt                 @5.10  2-1 RED R$-200
   15:00 Home      Panaitolikos x PAOK                @7.40  —
   15:00 Draw      Sport Huancayo x UTC Cajamarca     @5.90  —
   15:00 Draw      Dinamo Zagreb x Lokomotiva         @8.40  3-2 GREEN R$+26
   15:15 Draw      Lech Poznan x Radomiak Radom       @6.20  —
   15:45 Draw      AC Milan x Lecce                   @6.40  —
   15:45 Home      Marseille x Paris St-G             @7.20  —
   16:00 2x2       Valencia x Real Sociedad           @16.50 —
   16:00 Home      Sportivo San Lorenzo x Olimpia     @9.60  —
   17:00 Over 4.5  CA Platense x Newells              @19.50 —
   18:30 Draw      Flamengo x Red Bull Bragantino     @5.70  —
   20:00 2x2       Inter Miami CF x San Diego FC      @17.00 —
   21:00 Draw      Toluca x Santos Laguna             @7.60  —
   21:30 Over 4.5  Velez Sarsfield x Tigre            @20.00 —
sem gatilho.
2026-09-20 17:10 | banca R$ 4001 (composta (pagina 02, 749 jogos ate 2026-09-20)) | liquidados 32/41 | 28G/4R | P&L R$ +49.95 (+1.2%)
   07:15 Draw      Feyenoord x FC Utrecht             @6.60  AO Home Win GREEN R$+34
   08:30 Home      Antwerp x Union St Gilloise        @6.00  0-2 GREEN R$+38
   09:30 Draw      Az Alkmaar x SC Telstar            @7.60  1-0 GREEN R$+29
   09:30 Draw      Hartberg x LASK Linz               @6.40  3-3 RED R$-200
   10:00 Draw      Marumo Gallants FC x Orlando Pirat @5.20  0-2 GREEN R$+45
   10:00 0x3       NK Bravo x Olimpija                @26.00 2-1 GREEN R$+15
   10:00 2x2       Frosinone x Como                   @17.00 2-0 GREEN R$+24
   10:00 Home      Frosinone x Como                   @6.60  2-0 RED R$-200
   10:00 Over 4.5  Milford x Durban City              @19.50 1-1 GREEN R$+21
   10:00 Draw      Man City x Sunderland              @6.00  AO Home Win GREEN R$+38
   11:00 Draw      Trans Narva x FCI Tallinn          @8.40  1-1 RED R$-200
   11:00 Draw      Ponte Preta x CRB                  @6.40  1-0 GREEN R$+35
   11:00 Draw      Levadiakos x Olympiakos            @5.60  0-1 GREEN R$+41
   11:00 0x3       Gremio x SE Palmeiras              @23.00 0-0 GREEN R$+17
   11:00 Draw      Fenerbahce x Eyupspor              @9.20  AO Home Win GREEN R$+23
   11:30 Draw      Degerfors x Hammarby               @6.20  0-1 GREEN R$+37
   11:45 Home      Lokomotiv Plovdiv x CSKA Sofia     @8.00  1-1 GREEN R$+27
   12:00 Draw      Haugesund x Strommen               @6.60  AO Home Win GREEN R$+34
   12:00 Home      Siroki Brijeg x Borac Banja Luka   @7.20  2-3 GREEN R$+31
   12:00 Home      Raufoss x Stromsgodset             @9.80  0-2 GREEN R$+22
   12:00 Draw      Raufoss x Stromsgodset             @7.40  0-2 GREEN R$+30
   12:00 Draw      Stabaek x Sogndal                  @7.20  2-1 GREEN R$+31
   12:00 Draw      Kongsvinger x Hodd                 @7.40  AO Home Win GREEN R$+30
   12:00 Draw      NFC Volos x AEK Athens             @6.20  1-2 GREEN R$+37
   13:00 Draw      Omonia x Digenis Ypsona            @8.80  AO Home Win GREEN R$+24
   13:30 Draw      Kalamata x Panathinaikos           @6.20  0-1 GREEN R$+37
   14:00 Draw      Crvena Zvezda x Radnicki Nis       @9.80  3-0 GREEN R$+22
   14:15 Home      Brann x Bodo Glimt                 @5.10  2-1 RED R$-200
   15:00 Home      Panaitolikos x PAOK                @7.40  1-3 GREEN R$+30
   15:00 Draw      Sport Huancayo x UTC Cajamarca     @5.90  3-2 GREEN R$+39
   15:00 Draw      Dinamo Zagreb x Lokomotiva         @8.40  3-2 GREEN R$+26
   15:15 Draw      Lech Poznan x Radomiak Radom       @6.20  AO Home Win GREEN R$+37
   15:45 Draw      AC Milan x Lecce                   @6.40  —
   15:45 Home      Marseille x Paris St-G             @7.20  —
   16:00 2x2       Valencia x Real Sociedad           @16.50 —
   16:00 Home      Sportivo San Lorenzo x Olimpia     @9.60  —
   17:00 Over 4.5  CA Platense x Newells              @19.50 —
   18:30 Draw      Flamengo x Red Bull Bragantino     @5.70  —
   20:00 2x2       Inter Miami CF x San Diego FC      @17.00 —
   21:00 Draw      Toluca x Santos Laguna             @7.60  —
   21:30 Over 4.5  Velez Sarsfield x Tigre            @20.00 —
sem gatilho.
2026-09-20 17:15 | banca R$ 4001 (composta (pagina 02, 749 jogos ate 2026-09-20)) | liquidados 32/41 | 28G/4R | P&L R$ +49.95 (+1.2%)
   07:15 Draw      Feyenoord x FC Utrecht             @6.60  AO Home Win GREEN R$+34
   08:30 Home      Antwerp x Union St Gilloise        @6.00  0-2 GREEN R$+38
   09:30 Draw      Az Alkmaar x SC Telstar            @7.60  1-0 GREEN R$+29
   09:30 Draw      Hartberg x LASK Linz               @6.40  3-3 RED R$-200
   10:00 Draw      Marumo Gallants FC x Orlando Pirat @5.20  0-2 GREEN R$+45
   10:00 0x3       NK Bravo x Olimpija                @26.00 2-1 GREEN R$+15
   10:00 2x2       Frosinone x Como                   @17.00 2-0 GREEN R$+24
   10:00 Home      Frosinone x Como                   @6.60  2-0 RED R$-200
   10:00 Over 4.5  Milford x Durban City              @19.50 1-1 GREEN R$+21
   10:00 Draw      Man City x Sunderland              @6.00  AO Home Win GREEN R$+38
   11:00 Draw      Trans Narva x FCI Tallinn          @8.40  1-1 RED R$-200
   11:00 Draw      Ponte Preta x CRB                  @6.40  1-0 GREEN R$+35
   11:00 Draw      Levadiakos x Olympiakos            @5.60  0-1 GREEN R$+41
   11:00 0x3       Gremio x SE Palmeiras              @23.00 0-0 GREEN R$+17
   11:00 Draw      Fenerbahce x Eyupspor              @9.20  AO Home Win GREEN R$+23
   11:30 Draw      Degerfors x Hammarby               @6.20  0-1 GREEN R$+37
   11:45 Home      Lokomotiv Plovdiv x CSKA Sofia     @8.00  1-1 GREEN R$+27
   12:00 Draw      Haugesund x Strommen               @6.60  AO Home Win GREEN R$+34
   12:00 Home      Siroki Brijeg x Borac Banja Luka   @7.20  2-3 GREEN R$+31
   12:00 Home      Raufoss x Stromsgodset             @9.80  0-2 GREEN R$+22
   12:00 Draw      Raufoss x Stromsgodset             @7.40  0-2 GREEN R$+30
   12:00 Draw      Stabaek x Sogndal                  @7.20  2-1 GREEN R$+31
   12:00 Draw      Kongsvinger x Hodd                 @7.40  AO Home Win GREEN R$+30
   12:00 Draw      NFC Volos x AEK Athens             @6.20  1-2 GREEN R$+37
   13:00 Draw      Omonia x Digenis Ypsona            @8.80  AO Home Win GREEN R$+24
   13:30 Draw      Kalamata x Panathinaikos           @6.20  0-1 GREEN R$+37
   14:00 Draw      Crvena Zvezda x Radnicki Nis       @9.80  3-0 GREEN R$+22
   14:15 Home      Brann x Bodo Glimt                 @5.10  2-1 RED R$-200
   15:00 Home      Panaitolikos x PAOK                @7.40  1-3 GREEN R$+30
   15:00 Draw      Sport Huancayo x UTC Cajamarca     @5.90  3-2 GREEN R$+39
   15:00 Draw      Dinamo Zagreb x Lokomotiva         @8.40  3-2 GREEN R$+26
   15:15 Draw      Lech Poznan x Radomiak Radom       @6.20  AO Home Win GREEN R$+37
   15:45 Draw      AC Milan x Lecce                   @6.40  —
   15:45 Home      Marseille x Paris St-G             @7.20  —
   16:00 2x2       Valencia x Real Sociedad           @16.50 —
   16:00 Home      Sportivo San Lorenzo x Olimpia     @9.60  —
   17:00 Over 4.5  CA Platense x Newells              @19.50 —
   18:30 Draw      Flamengo x Red Bull Bragantino     @5.70  —
   20:00 2x2       Inter Miami CF x San Diego FC      @17.00 —
   21:00 Draw      Toluca x Santos Laguna             @7.60  —
   21:30 Over 4.5  Velez Sarsfield x Tigre            @20.00 —
sem gatilho.
2026-09-20 17:20 | banca R$ 4001 (composta (pagina 02, 749 jogos ate 2026-09-20)) | liquidados 32/41 | 28G/4R | P&L R$ +49.95 (+1.2%)
   07:15 Draw      Feyenoord x FC Utrecht             @6.60  AO Home Win GREEN R$+34
   08:30 Home      Antwerp x Union St Gilloise        @6.00  0-2 GREEN R$+38
   09:30 Draw      Az Alkmaar x SC Telstar            @7.60  1-0 GREEN R$+29
   09:30 Draw      Hartberg x LASK Linz               @6.40  3-3 RED R$-200
   10:00 Draw      Marumo Gallants FC x Orlando Pirat @5.20  0-2 GREEN R$+45
   10:00 0x3       NK Bravo x Olimpija                @26.00 2-1 GREEN R$+15
   10:00 2x2       Frosinone x Como                   @17.00 2-0 GREEN R$+24
   10:00 Home      Frosinone x Como                   @6.60  2-0 RED R$-200
   10:00 Over 4.5  Milford x Durban City              @19.50 1-1 GREEN R$+21
   10:00 Draw      Man City x Sunderland              @6.00  AO Home Win GREEN R$+38
   11:00 Draw      Trans Narva x FCI Tallinn          @8.40  1-1 RED R$-200
   11:00 Draw      Ponte Preta x CRB                  @6.40  1-0 GREEN R$+35
   11:00 Draw      Levadiakos x Olympiakos            @5.60  0-1 GREEN R$+41
   11:00 0x3       Gremio x SE Palmeiras              @23.00 0-0 GREEN R$+17
   11:00 Draw      Fenerbahce x Eyupspor              @9.20  AO Home Win GREEN R$+23
   11:30 Draw      Degerfors x Hammarby               @6.20  0-1 GREEN R$+37
   11:45 Home      Lokomotiv Plovdiv x CSKA Sofia     @8.00  1-1 GREEN R$+27
   12:00 Draw      Haugesund x Strommen               @6.60  AO Home Win GREEN R$+34
   12:00 Home      Siroki Brijeg x Borac Banja Luka   @7.20  2-3 GREEN R$+31
   12:00 Home      Raufoss x Stromsgodset             @9.80  0-2 GREEN R$+22
   12:00 Draw      Raufoss x Stromsgodset             @7.40  0-2 GREEN R$+30
   12:00 Draw      Stabaek x Sogndal                  @7.20  2-1 GREEN R$+31
   12:00 Draw      Kongsvinger x Hodd                 @7.40  AO Home Win GREEN R$+30
   12:00 Draw      NFC Volos x AEK Athens             @6.20  1-2 GREEN R$+37
   13:00 Draw      Omonia x Digenis Ypsona            @8.80  AO Home Win GREEN R$+24
   13:30 Draw      Kalamata x Panathinaikos           @6.20  0-1 GREEN R$+37
   14:00 Draw      Crvena Zvezda x Radnicki Nis       @9.80  3-0 GREEN R$+22
   14:15 Home      Brann x Bodo Glimt                 @5.10  2-1 RED R$-200
   15:00 Home      Panaitolikos x PAOK                @7.40  1-3 GREEN R$+30
   15:00 Draw      Sport Huancayo x UTC Cajamarca     @5.90  3-2 GREEN R$+39
   15:00 Draw      Dinamo Zagreb x Lokomotiva         @8.40  3-2 GREEN R$+26
   15:15 Draw      Lech Poznan x Radomiak Radom       @6.20  AO Home Win GREEN R$+37
   15:45 Draw      AC Milan x Lecce                   @6.40  —
   15:45 Home      Marseille x Paris St-G             @7.20  —
   16:00 2x2       Valencia x Real Sociedad           @16.50 —
   16:00 Home      Sportivo San Lorenzo x Olimpia     @9.60  —
   17:00 Over 4.5  CA Platense x Newells              @19.50 —
   18:30 Draw      Flamengo x Red Bull Bragantino     @5.70  —
   20:00 2x2       Inter Miami CF x San Diego FC      @17.00 —
   21:00 Draw      Toluca x Santos Laguna             @7.60  —
   21:30 Over 4.5  Velez Sarsfield x Tigre            @20.00 —
sem gatilho.
2026-09-20 17:25 | banca R$ 4001 (composta (pagina 02, 749 jogos ate 2026-09-20)) | liquidados 32/41 | 28G/4R | P&L R$ +49.95 (+1.2%)
   07:15 Draw      Feyenoord x FC Utrecht             @6.60  AO Home Win GREEN R$+34
   08:30 Home      Antwerp x Union St Gilloise        @6.00  0-2 GREEN R$+38
   09:30 Draw      Az Alkmaar x SC Telstar            @7.60  1-0 GREEN R$+29
   09:30 Draw      Hartberg x LASK Linz               @6.40  3-3 RED R$-200
   10:00 Draw      Marumo Gallants FC x Orlando Pirat @5.20  0-2 GREEN R$+45
   10:00 0x3       NK Bravo x Olimpija                @26.00 2-1 GREEN R$+15
   10:00 2x2       Frosinone x Como                   @17.00 2-0 GREEN R$+24
   10:00 Home      Frosinone x Como                   @6.60  2-0 RED R$-200
   10:00 Over 4.5  Milford x Durban City              @19.50 1-1 GREEN R$+21
   10:00 Draw      Man City x Sunderland              @6.00  AO Home Win GREEN R$+38
   11:00 Draw      Trans Narva x FCI Tallinn          @8.40  1-1 RED R$-200
   11:00 Draw      Ponte Preta x CRB                  @6.40  1-0 GREEN R$+35
   11:00 Draw      Levadiakos x Olympiakos            @5.60  0-1 GREEN R$+41
   11:00 0x3       Gremio x SE Palmeiras              @23.00 0-0 GREEN R$+17
   11:00 Draw      Fenerbahce x Eyupspor              @9.20  AO Home Win GREEN R$+23
   11:30 Draw      Degerfors x Hammarby               @6.20  0-1 GREEN R$+37
   11:45 Home      Lokomotiv Plovdiv x CSKA Sofia     @8.00  1-1 GREEN R$+27
   12:00 Draw      Haugesund x Strommen               @6.60  AO Home Win GREEN R$+34
   12:00 Home      Siroki Brijeg x Borac Banja Luka   @7.20  2-3 GREEN R$+31
   12:00 Home      Raufoss x Stromsgodset             @9.80  0-2 GREEN R$+22
   12:00 Draw      Raufoss x Stromsgodset             @7.40  0-2 GREEN R$+30
   12:00 Draw      Stabaek x Sogndal                  @7.20  2-1 GREEN R$+31
   12:00 Draw      Kongsvinger x Hodd                 @7.40  AO Home Win GREEN R$+30
   12:00 Draw      NFC Volos x AEK Athens             @6.20  1-2 GREEN R$+37
   13:00 Draw      Omonia x Digenis Ypsona            @8.80  AO Home Win GREEN R$+24
   13:30 Draw      Kalamata x Panathinaikos           @6.20  0-1 GREEN R$+37
   14:00 Draw      Crvena Zvezda x Radnicki Nis       @9.80  3-0 GREEN R$+22
   14:15 Home      Brann x Bodo Glimt                 @5.10  2-1 RED R$-200
   15:00 Home      Panaitolikos x PAOK                @7.40  1-3 GREEN R$+30
   15:00 Draw      Sport Huancayo x UTC Cajamarca     @5.90  3-2 GREEN R$+39
   15:00 Draw      Dinamo Zagreb x Lokomotiva         @8.40  3-2 GREEN R$+26
   15:15 Draw      Lech Poznan x Radomiak Radom       @6.20  AO Home Win GREEN R$+37
   15:45 Draw      AC Milan x Lecce                   @6.40  —
   15:45 Home      Marseille x Paris St-G             @7.20  —
   16:00 2x2       Valencia x Real Sociedad           @16.50 —
   16:00 Home      Sportivo San Lorenzo x Olimpia     @9.60  —
   17:00 Over 4.5  CA Platense x Newells              @19.50 —
   18:30 Draw      Flamengo x Red Bull Bragantino     @5.70  —
   20:00 2x2       Inter Miami CF x San Diego FC      @17.00 —
   21:00 Draw      Toluca x Santos Laguna             @7.60  —
   21:30 Over 4.5  Velez Sarsfield x Tigre            @20.00 —
sem gatilho.
2026-09-20 17:30 | banca R$ 4001 (composta (pagina 02, 749 jogos ate 2026-09-20)) | liquidados 32/41 | 28G/4R | P&L R$ +49.95 (+1.2%)
   07:15 Draw      Feyenoord x FC Utrecht             @6.60  AO Home Win GREEN R$+34
   08:30 Home      Antwerp x Union St Gilloise        @6.00  0-2 GREEN R$+38
   09:30 Draw      Az Alkmaar x SC Telstar            @7.60  1-0 GREEN R$+29
   09:30 Draw      Hartberg x LASK Linz               @6.40  3-3 RED R$-200
   10:00 Draw      Marumo Gallants FC x Orlando Pirat @5.20  0-2 GREEN R$+45
   10:00 0x3       NK Bravo x Olimpija                @26.00 2-1 GREEN R$+15
   10:00 2x2       Frosinone x Como                   @17.00 2-0 GREEN R$+24
   10:00 Home      Frosinone x Como                   @6.60  2-0 RED R$-200
   10:00 Over 4.5  Milford x Durban City              @19.50 1-1 GREEN R$+21
   10:00 Draw      Man City x Sunderland              @6.00  AO Home Win GREEN R$+38
   11:00 Draw      Trans Narva x FCI Tallinn          @8.40  1-1 RED R$-200
   11:00 Draw      Ponte Preta x CRB                  @6.40  1-0 GREEN R$+35
   11:00 Draw      Levadiakos x Olympiakos            @5.60  0-1 GREEN R$+41
   11:00 0x3       Gremio x SE Palmeiras              @23.00 0-0 GREEN R$+17
   11:00 Draw      Fenerbahce x Eyupspor              @9.20  AO Home Win GREEN R$+23
   11:30 Draw      Degerfors x Hammarby               @6.20  0-1 GREEN R$+37
   11:45 Home      Lokomotiv Plovdiv x CSKA Sofia     @8.00  1-1 GREEN R$+27
   12:00 Draw      Haugesund x Strommen               @6.60  AO Home Win GREEN R$+34
   12:00 Home      Siroki Brijeg x Borac Banja Luka   @7.20  2-3 GREEN R$+31
   12:00 Home      Raufoss x Stromsgodset             @9.80  0-2 GREEN R$+22
   12:00 Draw      Raufoss x Stromsgodset             @7.40  0-2 GREEN R$+30
   12:00 Draw      Stabaek x Sogndal                  @7.20  2-1 GREEN R$+31
   12:00 Draw      Kongsvinger x Hodd                 @7.40  AO Home Win GREEN R$+30
   12:00 Draw      NFC Volos x AEK Athens             @6.20  1-2 GREEN R$+37
   13:00 Draw      Omonia x Digenis Ypsona            @8.80  AO Home Win GREEN R$+24
   13:30 Draw      Kalamata x Panathinaikos           @6.20  0-1 GREEN R$+37
   14:00 Draw      Crvena Zvezda x Radnicki Nis       @9.80  3-0 GREEN R$+22
   14:15 Home      Brann x Bodo Glimt                 @5.10  2-1 RED R$-200
   15:00 Home      Panaitolikos x PAOK                @7.40  1-3 GREEN R$+30
   15:00 Draw      Sport Huancayo x UTC Cajamarca     @5.90  3-2 GREEN R$+39
   15:00 Draw      Dinamo Zagreb x Lokomotiva         @8.40  3-2 GREEN R$+26
   15:15 Draw      Lech Poznan x Radomiak Radom       @6.20  AO Home Win GREEN R$+37
   15:45 Draw      AC Milan x Lecce                   @6.40  —
   15:45 Home      Marseille x Paris St-G             @7.20  —
   16:00 2x2       Valencia x Real Sociedad           @16.50 —
   16:00 Home      Sportivo San Lorenzo x Olimpia     @9.60  —
   17:00 Over 4.5  CA Platense x Newells              @19.50 —
   18:30 Draw      Flamengo x Red Bull Bragantino     @5.70  —
   20:00 2x2       Inter Miami CF x San Diego FC      @17.00 —
   21:00 Draw      Toluca x Santos Laguna             @7.60  —
   21:30 Over 4.5  Velez Sarsfield x Tigre            @20.00 —
sem gatilho.
2026-09-20 17:35 | banca R$ 4001 (composta (pagina 02, 749 jogos ate 2026-09-20)) | liquidados 32/41 | 28G/4R | P&L R$ +49.95 (+1.2%)
   07:15 Draw      Feyenoord x FC Utrecht             @6.60  AO Home Win GREEN R$+34
   08:30 Home      Antwerp x Union St Gilloise        @6.00  0-2 GREEN R$+38
   09:30 Draw      Az Alkmaar x SC Telstar            @7.60  1-0 GREEN R$+29
   09:30 Draw      Hartberg x LASK Linz               @6.40  3-3 RED R$-200
   10:00 Draw      Marumo Gallants FC x Orlando Pirat @5.20  0-2 GREEN R$+45
   10:00 0x3       NK Bravo x Olimpija                @26.00 2-1 GREEN R$+15
   10:00 2x2       Frosinone x Como                   @17.00 2-0 GREEN R$+24
   10:00 Home      Frosinone x Como                   @6.60  2-0 RED R$-200
   10:00 Over 4.5  Milford x Durban City              @19.50 1-1 GREEN R$+21
   10:00 Draw      Man City x Sunderland              @6.00  AO Home Win GREEN R$+38
   11:00 Draw      Trans Narva x FCI Tallinn          @8.40  1-1 RED R$-200
   11:00 Draw      Ponte Preta x CRB                  @6.40  1-0 GREEN R$+35
   11:00 Draw      Levadiakos x Olympiakos            @5.60  0-1 GREEN R$+41
   11:00 0x3       Gremio x SE Palmeiras              @23.00 0-0 GREEN R$+17
   11:00 Draw      Fenerbahce x Eyupspor              @9.20  AO Home Win GREEN R$+23
   11:30 Draw      Degerfors x Hammarby               @6.20  0-1 GREEN R$+37
   11:45 Home      Lokomotiv Plovdiv x CSKA Sofia     @8.00  1-1 GREEN R$+27
   12:00 Draw      Haugesund x Strommen               @6.60  AO Home Win GREEN R$+34
   12:00 Home      Siroki Brijeg x Borac Banja Luka   @7.20  2-3 GREEN R$+31
   12:00 Home      Raufoss x Stromsgodset             @9.80  0-2 GREEN R$+22
   12:00 Draw      Raufoss x Stromsgodset             @7.40  0-2 GREEN R$+30
   12:00 Draw      Stabaek x Sogndal                  @7.20  2-1 GREEN R$+31
   12:00 Draw      Kongsvinger x Hodd                 @7.40  AO Home Win GREEN R$+30
   12:00 Draw      NFC Volos x AEK Athens             @6.20  1-2 GREEN R$+37
   13:00 Draw      Omonia x Digenis Ypsona            @8.80  AO Home Win GREEN R$+24
   13:30 Draw      Kalamata x Panathinaikos           @6.20  0-1 GREEN R$+37
   14:00 Draw      Crvena Zvezda x Radnicki Nis       @9.80  3-0 GREEN R$+22
   14:15 Home      Brann x Bodo Glimt                 @5.10  2-1 RED R$-200
   15:00 Home      Panaitolikos x PAOK                @7.40  1-3 GREEN R$+30
   15:00 Draw      Sport Huancayo x UTC Cajamarca     @5.90  3-2 GREEN R$+39
   15:00 Draw      Dinamo Zagreb x Lokomotiva         @8.40  3-2 GREEN R$+26
   15:15 Draw      Lech Poznan x Radomiak Radom       @6.20  AO Home Win GREEN R$+37
   15:45 Draw      AC Milan x Lecce                   @6.40  —
   15:45 Home      Marseille x Paris St-G             @7.20  —
   16:00 2x2       Valencia x Real Sociedad           @16.50 —
   16:00 Home      Sportivo San Lorenzo x Olimpia     @9.60  —
   17:00 Over 4.5  CA Platense x Newells              @19.50 —
   18:30 Draw      Flamengo x Red Bull Bragantino     @5.70  —
   20:00 2x2       Inter Miami CF x San Diego FC      @17.00 —
   21:00 Draw      Toluca x Santos Laguna             @7.60  —
   21:30 Over 4.5  Velez Sarsfield x Tigre            @20.00 —
sem gatilho.
2026-09-20 17:40 | banca R$ 4001 (composta (pagina 02, 749 jogos ate 2026-09-20)) | liquidados 32/41 | 28G/4R | P&L R$ +49.95 (+1.2%)
   07:15 Draw      Feyenoord x FC Utrecht             @6.60  AO Home Win GREEN R$+34
   08:30 Home      Antwerp x Union St Gilloise        @6.00  0-2 GREEN R$+38
   09:30 Draw      Az Alkmaar x SC Telstar            @7.60  1-0 GREEN R$+29
   09:30 Draw      Hartberg x LASK Linz               @6.40  3-3 RED R$-200
   10:00 Draw      Marumo Gallants FC x Orlando Pirat @5.20  0-2 GREEN R$+45
   10:00 0x3       NK Bravo x Olimpija                @26.00 2-1 GREEN R$+15
   10:00 2x2       Frosinone x Como                   @17.00 2-0 GREEN R$+24
   10:00 Home      Frosinone x Como                   @6.60  2-0 RED R$-200
   10:00 Over 4.5  Milford x Durban City              @19.50 1-1 GREEN R$+21
   10:00 Draw      Man City x Sunderland              @6.00  AO Home Win GREEN R$+38
   11:00 Draw      Trans Narva x FCI Tallinn          @8.40  1-1 RED R$-200
   11:00 Draw      Ponte Preta x CRB                  @6.40  1-0 GREEN R$+35
   11:00 Draw      Levadiakos x Olympiakos            @5.60  0-1 GREEN R$+41
   11:00 0x3       Gremio x SE Palmeiras              @23.00 0-0 GREEN R$+17
   11:00 Draw      Fenerbahce x Eyupspor              @9.20  AO Home Win GREEN R$+23
   11:30 Draw      Degerfors x Hammarby               @6.20  0-1 GREEN R$+37
   11:45 Home      Lokomotiv Plovdiv x CSKA Sofia     @8.00  1-1 GREEN R$+27
   12:00 Draw      Haugesund x Strommen               @6.60  AO Home Win GREEN R$+34
   12:00 Home      Siroki Brijeg x Borac Banja Luka   @7.20  2-3 GREEN R$+31
   12:00 Home      Raufoss x Stromsgodset             @9.80  0-2 GREEN R$+22
   12:00 Draw      Raufoss x Stromsgodset             @7.40  0-2 GREEN R$+30
   12:00 Draw      Stabaek x Sogndal                  @7.20  2-1 GREEN R$+31
   12:00 Draw      Kongsvinger x Hodd                 @7.40  AO Home Win GREEN R$+30
   12:00 Draw      NFC Volos x AEK Athens             @6.20  1-2 GREEN R$+37
   13:00 Draw      Omonia x Digenis Ypsona            @8.80  AO Home Win GREEN R$+24
   13:30 Draw      Kalamata x Panathinaikos           @6.20  0-1 GREEN R$+37
   14:00 Draw      Crvena Zvezda x Radnicki Nis       @9.80  3-0 GREEN R$+22
   14:15 Home      Brann x Bodo Glimt                 @5.10  2-1 RED R$-200
   15:00 Home      Panaitolikos x PAOK                @7.40  1-3 GREEN R$+30
   15:00 Draw      Sport Huancayo x UTC Cajamarca     @5.90  3-2 GREEN R$+39
   15:00 Draw      Dinamo Zagreb x Lokomotiva         @8.40  3-2 GREEN R$+26
   15:15 Draw      Lech Poznan x Radomiak Radom       @6.20  AO Home Win GREEN R$+37
   15:45 Draw      AC Milan x Lecce                   @6.40  —
   15:45 Home      Marseille x Paris St-G             @7.20  —
   16:00 2x2       Valencia x Real Sociedad           @16.50 —
   16:00 Home      Sportivo San Lorenzo x Olimpia     @9.60  —
   17:00 Over 4.5  CA Platense x Newells              @19.50 —
   18:30 Draw      Flamengo x Red Bull Bragantino     @5.70  —
   20:00 2x2       Inter Miami CF x San Diego FC      @17.00 —
   21:00 Draw      Toluca x Santos Laguna             @7.60  —
   21:30 Over 4.5  Velez Sarsfield x Tigre            @20.00 —
sem gatilho.
2026-09-20 17:45 | banca R$ 4001 (composta (pagina 02, 749 jogos ate 2026-09-20)) | liquidados 32/41 | 28G/4R | P&L R$ +49.95 (+1.2%)
   07:15 Draw      Feyenoord x FC Utrecht             @6.60  AO Home Win GREEN R$+34
   08:30 Home      Antwerp x Union St Gilloise        @6.00  0-2 GREEN R$+38
   09:30 Draw      Az Alkmaar x SC Telstar            @7.60  1-0 GREEN R$+29
   09:30 Draw      Hartberg x LASK Linz               @6.40  3-3 RED R$-200
   10:00 Draw      Marumo Gallants FC x Orlando Pirat @5.20  0-2 GREEN R$+45
   10:00 0x3       NK Bravo x Olimpija                @26.00 2-1 GREEN R$+15
   10:00 2x2       Frosinone x Como                   @17.00 2-0 GREEN R$+24
   10:00 Home      Frosinone x Como                   @6.60  2-0 RED R$-200
   10:00 Over 4.5  Milford x Durban City              @19.50 1-1 GREEN R$+21
   10:00 Draw      Man City x Sunderland              @6.00  AO Home Win GREEN R$+38
   11:00 Draw      Trans Narva x FCI Tallinn          @8.40  1-1 RED R$-200
   11:00 Draw      Ponte Preta x CRB                  @6.40  1-0 GREEN R$+35
   11:00 Draw      Levadiakos x Olympiakos            @5.60  0-1 GREEN R$+41
   11:00 0x3       Gremio x SE Palmeiras              @23.00 0-0 GREEN R$+17
   11:00 Draw      Fenerbahce x Eyupspor              @9.20  AO Home Win GREEN R$+23
   11:30 Draw      Degerfors x Hammarby               @6.20  0-1 GREEN R$+37
   11:45 Home      Lokomotiv Plovdiv x CSKA Sofia     @8.00  1-1 GREEN R$+27
   12:00 Draw      Haugesund x Strommen               @6.60  AO Home Win GREEN R$+34
   12:00 Home      Siroki Brijeg x Borac Banja Luka   @7.20  2-3 GREEN R$+31
   12:00 Home      Raufoss x Stromsgodset             @9.80  0-2 GREEN R$+22
   12:00 Draw      Raufoss x Stromsgodset             @7.40  0-2 GREEN R$+30
   12:00 Draw      Stabaek x Sogndal                  @7.20  2-1 GREEN R$+31
   12:00 Draw      Kongsvinger x Hodd                 @7.40  AO Home Win GREEN R$+30
   12:00 Draw      NFC Volos x AEK Athens             @6.20  1-2 GREEN R$+37
   13:00 Draw      Omonia x Digenis Ypsona            @8.80  AO Home Win GREEN R$+24
   13:30 Draw      Kalamata x Panathinaikos           @6.20  0-1 GREEN R$+37
   14:00 Draw      Crvena Zvezda x Radnicki Nis       @9.80  3-0 GREEN R$+22
   14:15 Home      Brann x Bodo Glimt                 @5.10  2-1 RED R$-200
   15:00 Home      Panaitolikos x PAOK                @7.40  1-3 GREEN R$+30
   15:00 Draw      Sport Huancayo x UTC Cajamarca     @5.90  3-2 GREEN R$+39
   15:00 Draw      Dinamo Zagreb x Lokomotiva         @8.40  3-2 GREEN R$+26
   15:15 Draw      Lech Poznan x Radomiak Radom       @6.20  AO Home Win GREEN R$+37
   15:45 Draw      AC Milan x Lecce                   @6.40  —
   15:45 Home      Marseille x Paris St-G             @7.20  —
   16:00 2x2       Valencia x Real Sociedad           @16.50 —
   16:00 Home      Sportivo San Lorenzo x Olimpia     @9.60  —
   17:00 Over 4.5  CA Platense x Newells              @19.50 —
   18:30 Draw      Flamengo x Red Bull Bragantino     @5.70  —
   20:00 2x2       Inter Miami CF x San Diego FC      @17.00 —
   21:00 Draw      Toluca x Santos Laguna             @7.60  —
   21:30 Over 4.5  Velez Sarsfield x Tigre            @20.00 —
sem gatilho.
2026-09-20 17:50 | banca R$ 4001 (composta (pagina 02, 749 jogos ate 2026-09-20)) | liquidados 34/41 | 30G/4R | P&L R$ +115.79 (+2.9%)
   07:15 Draw      Feyenoord x FC Utrecht             @6.60  AO Home Win GREEN R$+34
   08:30 Home      Antwerp x Union St Gilloise        @6.00  0-2 GREEN R$+38
   09:30 Draw      Az Alkmaar x SC Telstar            @7.60  1-0 GREEN R$+29
   09:30 Draw      Hartberg x LASK Linz               @6.40  3-3 RED R$-200
   10:00 Draw      Marumo Gallants FC x Orlando Pirat @5.20  0-2 GREEN R$+45
   10:00 0x3       NK Bravo x Olimpija                @26.00 2-1 GREEN R$+15
   10:00 2x2       Frosinone x Como                   @17.00 2-0 GREEN R$+24
   10:00 Home      Frosinone x Como                   @6.60  2-0 RED R$-200
   10:00 Over 4.5  Milford x Durban City              @19.50 1-1 GREEN R$+21
   10:00 Draw      Man City x Sunderland              @6.00  AO Home Win GREEN R$+38
   11:00 Draw      Trans Narva x FCI Tallinn          @8.40  1-1 RED R$-200
   11:00 Draw      Ponte Preta x CRB                  @6.40  1-0 GREEN R$+35
   11:00 Draw      Levadiakos x Olympiakos            @5.60  0-1 GREEN R$+41
   11:00 0x3       Gremio x SE Palmeiras              @23.00 0-0 GREEN R$+17
   11:00 Draw      Fenerbahce x Eyupspor              @9.20  AO Home Win GREEN R$+23
   11:30 Draw      Degerfors x Hammarby               @6.20  0-1 GREEN R$+37
   11:45 Home      Lokomotiv Plovdiv x CSKA Sofia     @8.00  1-1 GREEN R$+27
   12:00 Draw      Haugesund x Strommen               @6.60  AO Home Win GREEN R$+34
   12:00 Home      Siroki Brijeg x Borac Banja Luka   @7.20  2-3 GREEN R$+31
   12:00 Home      Raufoss x Stromsgodset             @9.80  0-2 GREEN R$+22
   12:00 Draw      Raufoss x Stromsgodset             @7.40  0-2 GREEN R$+30
   12:00 Draw      Stabaek x Sogndal                  @7.20  2-1 GREEN R$+31
   12:00 Draw      Kongsvinger x Hodd                 @7.40  AO Home Win GREEN R$+30
   12:00 Draw      NFC Volos x AEK Athens             @6.20  1-2 GREEN R$+37
   13:00 Draw      Omonia x Digenis Ypsona            @8.80  AO Home Win GREEN R$+24
   13:30 Draw      Kalamata x Panathinaikos           @6.20  0-1 GREEN R$+37
   14:00 Draw      Crvena Zvezda x Radnicki Nis       @9.80  3-0 GREEN R$+22
   14:15 Home      Brann x Bodo Glimt                 @5.10  2-1 RED R$-200
   15:00 Home      Panaitolikos x PAOK                @7.40  1-3 GREEN R$+30
   15:00 Draw      Sport Huancayo x UTC Cajamarca     @5.90  3-2 GREEN R$+39
   15:00 Draw      Dinamo Zagreb x Lokomotiva         @8.40  3-2 GREEN R$+26
   15:15 Draw      Lech Poznan x Radomiak Radom       @6.20  AO Home Win GREEN R$+37
   15:45 Draw      AC Milan x Lecce                   @6.40  3-0 GREEN R$+35
   15:45 Home      Marseille x Paris St-G             @7.20  1-2 GREEN R$+31
   16:00 2x2       Valencia x Real Sociedad           @16.50 —
   16:00 Home      Sportivo San Lorenzo x Olimpia     @9.60  —
   17:00 Over 4.5  CA Platense x Newells              @19.50 —
   18:30 Draw      Flamengo x Red Bull Bragantino     @5.70  —
   20:00 2x2       Inter Miami CF x San Diego FC      @17.00 —
   21:00 Draw      Toluca x Santos Laguna             @7.60  —
   21:30 Over 4.5  Velez Sarsfield x Tigre            @20.00 —
sem gatilho.
2026-09-20 17:55 | banca R$ 4001 (composta (pagina 02, 749 jogos ate 2026-09-20)) | liquidados 34/41 | 30G/4R | P&L R$ +115.79 (+2.9%)
   07:15 Draw      Feyenoord x FC Utrecht             @6.60  AO Home Win GREEN R$+34
   08:30 Home      Antwerp x Union St Gilloise        @6.00  0-2 GREEN R$+38
   09:30 Draw      Az Alkmaar x SC Telstar            @7.60  1-0 GREEN R$+29
   09:30 Draw      Hartberg x LASK Linz               @6.40  3-3 RED R$-200
   10:00 Draw      Marumo Gallants FC x Orlando Pirat @5.20  0-2 GREEN R$+45
   10:00 0x3       NK Bravo x Olimpija                @26.00 2-1 GREEN R$+15
   10:00 2x2       Frosinone x Como                   @17.00 2-0 GREEN R$+24
   10:00 Home      Frosinone x Como                   @6.60  2-0 RED R$-200
   10:00 Over 4.5  Milford x Durban City              @19.50 1-1 GREEN R$+21
   10:00 Draw      Man City x Sunderland              @6.00  AO Home Win GREEN R$+38
   11:00 Draw      Trans Narva x FCI Tallinn          @8.40  1-1 RED R$-200
   11:00 Draw      Ponte Preta x CRB                  @6.40  1-0 GREEN R$+35
   11:00 Draw      Levadiakos x Olympiakos            @5.60  0-1 GREEN R$+41
   11:00 0x3       Gremio x SE Palmeiras              @23.00 0-0 GREEN R$+17
   11:00 Draw      Fenerbahce x Eyupspor              @9.20  AO Home Win GREEN R$+23
   11:30 Draw      Degerfors x Hammarby               @6.20  0-1 GREEN R$+37
   11:45 Home      Lokomotiv Plovdiv x CSKA Sofia     @8.00  1-1 GREEN R$+27
   12:00 Draw      Haugesund x Strommen               @6.60  AO Home Win GREEN R$+34
   12:00 Home      Siroki Brijeg x Borac Banja Luka   @7.20  2-3 GREEN R$+31
   12:00 Home      Raufoss x Stromsgodset             @9.80  0-2 GREEN R$+22
   12:00 Draw      Raufoss x Stromsgodset             @7.40  0-2 GREEN R$+30
   12:00 Draw      Stabaek x Sogndal                  @7.20  2-1 GREEN R$+31
   12:00 Draw      Kongsvinger x Hodd                 @7.40  AO Home Win GREEN R$+30
   12:00 Draw      NFC Volos x AEK Athens             @6.20  1-2 GREEN R$+37
   13:00 Draw      Omonia x Digenis Ypsona            @8.80  AO Home Win GREEN R$+24
   13:30 Draw      Kalamata x Panathinaikos           @6.20  0-1 GREEN R$+37
   14:00 Draw      Crvena Zvezda x Radnicki Nis       @9.80  3-0 GREEN R$+22
   14:15 Home      Brann x Bodo Glimt                 @5.10  2-1 RED R$-200
   15:00 Home      Panaitolikos x PAOK                @7.40  1-3 GREEN R$+30
   15:00 Draw      Sport Huancayo x UTC Cajamarca     @5.90  3-2 GREEN R$+39
   15:00 Draw      Dinamo Zagreb x Lokomotiva         @8.40  3-2 GREEN R$+26
   15:15 Draw      Lech Poznan x Radomiak Radom       @6.20  AO Home Win GREEN R$+37
   15:45 Draw      AC Milan x Lecce                   @6.40  3-0 GREEN R$+35
   15:45 Home      Marseille x Paris St-G             @7.20  1-2 GREEN R$+31
   16:00 2x2       Valencia x Real Sociedad           @16.50 —
   16:00 Home      Sportivo San Lorenzo x Olimpia     @9.60  —
   17:00 Over 4.5  CA Platense x Newells              @19.50 —
   18:30 Draw      Flamengo x Red Bull Bragantino     @5.70  —
   20:00 2x2       Inter Miami CF x San Diego FC      @17.00 —
   21:00 Draw      Toluca x Santos Laguna             @7.60  —
   21:30 Over 4.5  Velez Sarsfield x Tigre            @20.00 —
sem gatilho.
2026-09-20 18:00 | banca R$ 4001 (composta (pagina 02, 749 jogos ate 2026-09-20)) | liquidados 34/41 | 30G/4R | P&L R$ +115.79 (+2.9%)
   07:15 Draw      Feyenoord x FC Utrecht             @6.60  AO Home Win GREEN R$+34
   08:30 Home      Antwerp x Union St Gilloise        @6.00  0-2 GREEN R$+38
   09:30 Draw      Az Alkmaar x SC Telstar            @7.60  1-0 GREEN R$+29
   09:30 Draw      Hartberg x LASK Linz               @6.40  3-3 RED R$-200
   10:00 Draw      Marumo Gallants FC x Orlando Pirat @5.20  0-2 GREEN R$+45
   10:00 0x3       NK Bravo x Olimpija                @26.00 2-1 GREEN R$+15
   10:00 2x2       Frosinone x Como                   @17.00 2-0 GREEN R$+24
   10:00 Home      Frosinone x Como                   @6.60  2-0 RED R$-200
   10:00 Over 4.5  Milford x Durban City              @19.50 1-1 GREEN R$+21
   10:00 Draw      Man City x Sunderland              @6.00  AO Home Win GREEN R$+38
   11:00 Draw      Trans Narva x FCI Tallinn          @8.40  1-1 RED R$-200
   11:00 Draw      Ponte Preta x CRB                  @6.40  1-0 GREEN R$+35
   11:00 Draw      Levadiakos x Olympiakos            @5.60  0-1 GREEN R$+41
   11:00 0x3       Gremio x SE Palmeiras              @23.00 0-0 GREEN R$+17
   11:00 Draw      Fenerbahce x Eyupspor              @9.20  AO Home Win GREEN R$+23
   11:30 Draw      Degerfors x Hammarby               @6.20  0-1 GREEN R$+37
   11:45 Home      Lokomotiv Plovdiv x CSKA Sofia     @8.00  1-1 GREEN R$+27
   12:00 Draw      Haugesund x Strommen               @6.60  AO Home Win GREEN R$+34
   12:00 Home      Siroki Brijeg x Borac Banja Luka   @7.20  2-3 GREEN R$+31
   12:00 Home      Raufoss x Stromsgodset             @9.80  0-2 GREEN R$+22
   12:00 Draw      Raufoss x Stromsgodset             @7.40  0-2 GREEN R$+30
   12:00 Draw      Stabaek x Sogndal                  @7.20  2-1 GREEN R$+31
   12:00 Draw      Kongsvinger x Hodd                 @7.40  AO Home Win GREEN R$+30
   12:00 Draw      NFC Volos x AEK Athens             @6.20  1-2 GREEN R$+37
   13:00 Draw      Omonia x Digenis Ypsona            @8.80  AO Home Win GREEN R$+24
   13:30 Draw      Kalamata x Panathinaikos           @6.20  0-1 GREEN R$+37
   14:00 Draw      Crvena Zvezda x Radnicki Nis       @9.80  3-0 GREEN R$+22
   14:15 Home      Brann x Bodo Glimt                 @5.10  2-1 RED R$-200
   15:00 Home      Panaitolikos x PAOK                @7.40  1-3 GREEN R$+30
   15:00 Draw      Sport Huancayo x UTC Cajamarca     @5.90  3-2 GREEN R$+39
   15:00 Draw      Dinamo Zagreb x Lokomotiva         @8.40  3-2 GREEN R$+26
   15:15 Draw      Lech Poznan x Radomiak Radom       @6.20  AO Home Win GREEN R$+37
   15:45 Draw      AC Milan x Lecce                   @6.40  3-0 GREEN R$+35
   15:45 Home      Marseille x Paris St-G             @7.20  1-2 GREEN R$+31
   16:00 2x2       Valencia x Real Sociedad           @16.50 —
   16:00 Home      Sportivo San Lorenzo x Olimpia     @9.60  —
   17:00 Over 4.5  CA Platense x Newells              @19.50 —
   18:30 Draw      Flamengo x Red Bull Bragantino     @5.70  —
   20:00 2x2       Inter Miami CF x San Diego FC      @17.00 —
   21:00 Draw      Toluca x Santos Laguna             @7.60  —
   21:30 Over 4.5  Velez Sarsfield x Tigre            @20.00 —
sem gatilho.
2026-09-20 18:05 | banca R$ 4001 (composta (pagina 02, 749 jogos ate 2026-09-20)) | liquidados 36/41 | 32G/4R | P&L R$ +162.41 (+4.1%)
   07:15 Draw      Feyenoord x FC Utrecht             @6.60  AO Home Win GREEN R$+34
   08:30 Home      Antwerp x Union St Gilloise        @6.00  0-2 GREEN R$+38
   09:30 Draw      Az Alkmaar x SC Telstar            @7.60  1-0 GREEN R$+29
   09:30 Draw      Hartberg x LASK Linz               @6.40  3-3 RED R$-200
   10:00 Draw      Marumo Gallants FC x Orlando Pirat @5.20  0-2 GREEN R$+45
   10:00 0x3       NK Bravo x Olimpija                @26.00 2-1 GREEN R$+15
   10:00 2x2       Frosinone x Como                   @17.00 2-0 GREEN R$+24
   10:00 Home      Frosinone x Como                   @6.60  2-0 RED R$-200
   10:00 Over 4.5  Milford x Durban City              @19.50 1-1 GREEN R$+21
   10:00 Draw      Man City x Sunderland              @6.00  AO Home Win GREEN R$+38
   11:00 Draw      Trans Narva x FCI Tallinn          @8.40  1-1 RED R$-200
   11:00 Draw      Ponte Preta x CRB                  @6.40  1-0 GREEN R$+35
   11:00 Draw      Levadiakos x Olympiakos            @5.60  0-1 GREEN R$+41
   11:00 0x3       Gremio x SE Palmeiras              @23.00 0-0 GREEN R$+17
   11:00 Draw      Fenerbahce x Eyupspor              @9.20  AO Home Win GREEN R$+23
   11:30 Draw      Degerfors x Hammarby               @6.20  0-1 GREEN R$+37
   11:45 Home      Lokomotiv Plovdiv x CSKA Sofia     @8.00  1-1 GREEN R$+27
   12:00 Draw      Haugesund x Strommen               @6.60  AO Home Win GREEN R$+34
   12:00 Home      Siroki Brijeg x Borac Banja Luka   @7.20  2-3 GREEN R$+31
   12:00 Home      Raufoss x Stromsgodset             @9.80  0-2 GREEN R$+22
   12:00 Draw      Raufoss x Stromsgodset             @7.40  0-2 GREEN R$+30
   12:00 Draw      Stabaek x Sogndal                  @7.20  2-1 GREEN R$+31
   12:00 Draw      Kongsvinger x Hodd                 @7.40  AO Home Win GREEN R$+30
   12:00 Draw      NFC Volos x AEK Athens             @6.20  1-2 GREEN R$+37
   13:00 Draw      Omonia x Digenis Ypsona            @8.80  AO Home Win GREEN R$+24
   13:30 Draw      Kalamata x Panathinaikos           @6.20  0-1 GREEN R$+37
   14:00 Draw      Crvena Zvezda x Radnicki Nis       @9.80  3-0 GREEN R$+22
   14:15 Home      Brann x Bodo Glimt                 @5.10  2-1 RED R$-200
   15:00 Home      Panaitolikos x PAOK                @7.40  1-3 GREEN R$+30
   15:00 Draw      Sport Huancayo x UTC Cajamarca     @5.90  3-2 GREEN R$+39
   15:00 Draw      Dinamo Zagreb x Lokomotiva         @8.40  3-2 GREEN R$+26
   15:15 Draw      Lech Poznan x Radomiak Radom       @6.20  AO Home Win GREEN R$+37
   15:45 Draw      AC Milan x Lecce                   @6.40  3-0 GREEN R$+35
   15:45 Home      Marseille x Paris St-G             @7.20  1-2 GREEN R$+31
   16:00 2x2       Valencia x Real Sociedad           @16.50 2-3 GREEN R$+25
   16:00 Home      Sportivo San Lorenzo x Olimpia     @9.60  0-3 GREEN R$+22
   17:00 Over 4.5  CA Platense x Newells              @19.50 —
   18:30 Draw      Flamengo x Red Bull Bragantino     @5.70  —
   20:00 2x2       Inter Miami CF x San Diego FC      @17.00 —
   21:00 Draw      Toluca x Santos Laguna             @7.60  —
   21:30 Over 4.5  Velez Sarsfield x Tigre            @20.00 —
sem gatilho.
2026-09-20 18:10 | banca R$ 4001 (composta (pagina 02, 749 jogos ate 2026-09-20)) | liquidados 36/41 | 32G/4R | P&L R$ +162.41 (+4.1%)
   07:15 Draw      Feyenoord x FC Utrecht             @6.60  AO Home Win GREEN R$+34
   08:30 Home      Antwerp x Union St Gilloise        @6.00  0-2 GREEN R$+38
   09:30 Draw      Az Alkmaar x SC Telstar            @7.60  1-0 GREEN R$+29
   09:30 Draw      Hartberg x LASK Linz               @6.40  3-3 RED R$-200
   10:00 Draw      Marumo Gallants FC x Orlando Pirat @5.20  0-2 GREEN R$+45
   10:00 0x3       NK Bravo x Olimpija                @26.00 2-1 GREEN R$+15
   10:00 2x2       Frosinone x Como                   @17.00 2-0 GREEN R$+24
   10:00 Home      Frosinone x Como                   @6.60  2-0 RED R$-200
   10:00 Over 4.5  Milford x Durban City              @19.50 1-1 GREEN R$+21
   10:00 Draw      Man City x Sunderland              @6.00  AO Home Win GREEN R$+38
   11:00 Draw      Trans Narva x FCI Tallinn          @8.40  1-1 RED R$-200
   11:00 Draw      Ponte Preta x CRB                  @6.40  1-0 GREEN R$+35
   11:00 Draw      Levadiakos x Olympiakos            @5.60  0-1 GREEN R$+41
   11:00 0x3       Gremio x SE Palmeiras              @23.00 0-0 GREEN R$+17
   11:00 Draw      Fenerbahce x Eyupspor              @9.20  AO Home Win GREEN R$+23
   11:30 Draw      Degerfors x Hammarby               @6.20  0-1 GREEN R$+37
   11:45 Home      Lokomotiv Plovdiv x CSKA Sofia     @8.00  1-1 GREEN R$+27
   12:00 Draw      Haugesund x Strommen               @6.60  AO Home Win GREEN R$+34
   12:00 Home      Siroki Brijeg x Borac Banja Luka   @7.20  2-3 GREEN R$+31
   12:00 Home      Raufoss x Stromsgodset             @9.80  0-2 GREEN R$+22
   12:00 Draw      Raufoss x Stromsgodset             @7.40  0-2 GREEN R$+30
   12:00 Draw      Stabaek x Sogndal                  @7.20  2-1 GREEN R$+31
   12:00 Draw      Kongsvinger x Hodd                 @7.40  AO Home Win GREEN R$+30
   12:00 Draw      NFC Volos x AEK Athens             @6.20  1-2 GREEN R$+37
   13:00 Draw      Omonia x Digenis Ypsona            @8.80  AO Home Win GREEN R$+24
   13:30 Draw      Kalamata x Panathinaikos           @6.20  0-1 GREEN R$+37
   14:00 Draw      Crvena Zvezda x Radnicki Nis       @9.80  3-0 GREEN R$+22
   14:15 Home      Brann x Bodo Glimt                 @5.10  2-1 RED R$-200
   15:00 Home      Panaitolikos x PAOK                @7.40  1-3 GREEN R$+30
   15:00 Draw      Sport Huancayo x UTC Cajamarca     @5.90  3-2 GREEN R$+39
   15:00 Draw      Dinamo Zagreb x Lokomotiva         @8.40  3-2 GREEN R$+26
   15:15 Draw      Lech Poznan x Radomiak Radom       @6.20  AO Home Win GREEN R$+37
   15:45 Draw      AC Milan x Lecce                   @6.40  3-0 GREEN R$+35
   15:45 Home      Marseille x Paris St-G             @7.20  1-2 GREEN R$+31
   16:00 2x2       Valencia x Real Sociedad           @16.50 2-3 GREEN R$+25
   16:00 Home      Sportivo San Lorenzo x Olimpia     @9.60  0-3 GREEN R$+22
   17:00 Over 4.5  CA Platense x Newells              @19.50 —
   18:30 Draw      Flamengo x Red Bull Bragantino     @5.70  —
   20:00 2x2       Inter Miami CF x San Diego FC      @17.00 —
   21:00 Draw      Toluca x Santos Laguna             @7.60  —
   21:30 Over 4.5  Velez Sarsfield x Tigre            @20.00 —
sem gatilho.
2026-09-20 18:15 | banca R$ 4001 (composta (pagina 02, 749 jogos ate 2026-09-20)) | liquidados 36/41 | 32G/4R | P&L R$ +162.41 (+4.1%)
   07:15 Draw      Feyenoord x FC Utrecht             @6.60  AO Home Win GREEN R$+34
   08:30 Home      Antwerp x Union St Gilloise        @6.00  0-2 GREEN R$+38
   09:30 Draw      Az Alkmaar x SC Telstar            @7.60  1-0 GREEN R$+29
   09:30 Draw      Hartberg x LASK Linz               @6.40  3-3 RED R$-200
   10:00 Draw      Marumo Gallants FC x Orlando Pirat @5.20  0-2 GREEN R$+45
   10:00 0x3       NK Bravo x Olimpija                @26.00 2-1 GREEN R$+15
   10:00 2x2       Frosinone x Como                   @17.00 2-0 GREEN R$+24
   10:00 Home      Frosinone x Como                   @6.60  2-0 RED R$-200
   10:00 Over 4.5  Milford x Durban City              @19.50 1-1 GREEN R$+21
   10:00 Draw      Man City x Sunderland              @6.00  AO Home Win GREEN R$+38
   11:00 Draw      Trans Narva x FCI Tallinn          @8.40  1-1 RED R$-200
   11:00 Draw      Ponte Preta x CRB                  @6.40  1-0 GREEN R$+35
   11:00 Draw      Levadiakos x Olympiakos            @5.60  0-1 GREEN R$+41
   11:00 0x3       Gremio x SE Palmeiras              @23.00 0-0 GREEN R$+17
   11:00 Draw      Fenerbahce x Eyupspor              @9.20  AO Home Win GREEN R$+23
   11:30 Draw      Degerfors x Hammarby               @6.20  0-1 GREEN R$+37
   11:45 Home      Lokomotiv Plovdiv x CSKA Sofia     @8.00  1-1 GREEN R$+27
   12:00 Draw      Haugesund x Strommen               @6.60  AO Home Win GREEN R$+34
   12:00 Home      Siroki Brijeg x Borac Banja Luka   @7.20  2-3 GREEN R$+31
   12:00 Home      Raufoss x Stromsgodset             @9.80  0-2 GREEN R$+22
   12:00 Draw      Raufoss x Stromsgodset             @7.40  0-2 GREEN R$+30
   12:00 Draw      Stabaek x Sogndal                  @7.20  2-1 GREEN R$+31
   12:00 Draw      Kongsvinger x Hodd                 @7.40  AO Home Win GREEN R$+30
   12:00 Draw      NFC Volos x AEK Athens             @6.20  1-2 GREEN R$+37
   13:00 Draw      Omonia x Digenis Ypsona            @8.80  AO Home Win GREEN R$+24
   13:30 Draw      Kalamata x Panathinaikos           @6.20  0-1 GREEN R$+37
   14:00 Draw      Crvena Zvezda x Radnicki Nis       @9.80  3-0 GREEN R$+22
   14:15 Home      Brann x Bodo Glimt                 @5.10  2-1 RED R$-200
   15:00 Home      Panaitolikos x PAOK                @7.40  1-3 GREEN R$+30
   15:00 Draw      Sport Huancayo x UTC Cajamarca     @5.90  3-2 GREEN R$+39
   15:00 Draw      Dinamo Zagreb x Lokomotiva         @8.40  3-2 GREEN R$+26
   15:15 Draw      Lech Poznan x Radomiak Radom       @6.20  AO Home Win GREEN R$+37
   15:45 Draw      AC Milan x Lecce                   @6.40  3-0 GREEN R$+35
   15:45 Home      Marseille x Paris St-G             @7.20  1-2 GREEN R$+31
   16:00 2x2       Valencia x Real Sociedad           @16.50 2-3 GREEN R$+25
   16:00 Home      Sportivo San Lorenzo x Olimpia     @9.60  0-3 GREEN R$+22
   17:00 Over 4.5  CA Platense x Newells              @19.50 —
   18:30 Draw      Flamengo x Red Bull Bragantino     @5.70  —
   20:00 2x2       Inter Miami CF x San Diego FC      @17.00 —
   21:00 Draw      Toluca x Santos Laguna             @7.60  —
   21:30 Over 4.5  Velez Sarsfield x Tigre            @20.00 —
sem gatilho.
2026-09-20 18:20 | banca R$ 4001 (composta (pagina 02, 749 jogos ate 2026-09-20)) | liquidados 36/41 | 32G/4R | P&L R$ +162.41 (+4.1%)
   07:15 Draw      Feyenoord x FC Utrecht             @6.60  AO Home Win GREEN R$+34
   08:30 Home      Antwerp x Union St Gilloise        @6.00  0-2 GREEN R$+38
   09:30 Draw      Az Alkmaar x SC Telstar            @7.60  1-0 GREEN R$+29
   09:30 Draw      Hartberg x LASK Linz               @6.40  3-3 RED R$-200
   10:00 Draw      Marumo Gallants FC x Orlando Pirat @5.20  0-2 GREEN R$+45
   10:00 0x3       NK Bravo x Olimpija                @26.00 2-1 GREEN R$+15
   10:00 2x2       Frosinone x Como                   @17.00 2-0 GREEN R$+24
   10:00 Home      Frosinone x Como                   @6.60  2-0 RED R$-200
   10:00 Over 4.5  Milford x Durban City              @19.50 1-1 GREEN R$+21
   10:00 Draw      Man City x Sunderland              @6.00  AO Home Win GREEN R$+38
   11:00 Draw      Trans Narva x FCI Tallinn          @8.40  1-1 RED R$-200
   11:00 Draw      Ponte Preta x CRB                  @6.40  1-0 GREEN R$+35
   11:00 Draw      Levadiakos x Olympiakos            @5.60  0-1 GREEN R$+41
   11:00 0x3       Gremio x SE Palmeiras              @23.00 0-0 GREEN R$+17
   11:00 Draw      Fenerbahce x Eyupspor              @9.20  AO Home Win GREEN R$+23
   11:30 Draw      Degerfors x Hammarby               @6.20  0-1 GREEN R$+37
   11:45 Home      Lokomotiv Plovdiv x CSKA Sofia     @8.00  1-1 GREEN R$+27
   12:00 Draw      Haugesund x Strommen               @6.60  AO Home Win GREEN R$+34
   12:00 Home      Siroki Brijeg x Borac Banja Luka   @7.20  2-3 GREEN R$+31
   12:00 Home      Raufoss x Stromsgodset             @9.80  0-2 GREEN R$+22
   12:00 Draw      Raufoss x Stromsgodset             @7.40  0-2 GREEN R$+30
   12:00 Draw      Stabaek x Sogndal                  @7.20  2-1 GREEN R$+31
   12:00 Draw      Kongsvinger x Hodd                 @7.40  AO Home Win GREEN R$+30
   12:00 Draw      NFC Volos x AEK Athens             @6.20  1-2 GREEN R$+37
   13:00 Draw      Omonia x Digenis Ypsona            @8.80  AO Home Win GREEN R$+24
   13:30 Draw      Kalamata x Panathinaikos           @6.20  0-1 GREEN R$+37
   14:00 Draw      Crvena Zvezda x Radnicki Nis       @9.80  3-0 GREEN R$+22
   14:15 Home      Brann x Bodo Glimt                 @5.10  2-1 RED R$-200
   15:00 Home      Panaitolikos x PAOK                @7.40  1-3 GREEN R$+30
   15:00 Draw      Sport Huancayo x UTC Cajamarca     @5.90  3-2 GREEN R$+39
   15:00 Draw      Dinamo Zagreb x Lokomotiva         @8.40  3-2 GREEN R$+26
   15:15 Draw      Lech Poznan x Radomiak Radom       @6.20  AO Home Win GREEN R$+37
   15:45 Draw      AC Milan x Lecce                   @6.40  3-0 GREEN R$+35
   15:45 Home      Marseille x Paris St-G             @7.20  1-2 GREEN R$+31
   16:00 2x2       Valencia x Real Sociedad           @16.50 2-3 GREEN R$+25
   16:00 Home      Sportivo San Lorenzo x Olimpia     @9.60  0-3 GREEN R$+22
   17:00 Over 4.5  CA Platense x Newells              @19.50 —
   18:30 Draw      Flamengo x Red Bull Bragantino     @5.70  —
   20:00 2x2       Inter Miami CF x San Diego FC      @17.00 —
   21:00 Draw      Toluca x Santos Laguna             @7.60  —
   21:30 Over 4.5  Velez Sarsfield x Tigre            @20.00 —
sem gatilho.
2026-09-20 18:25 | banca R$ 4001 (composta (pagina 02, 749 jogos ate 2026-09-20)) | liquidados 36/41 | 32G/4R | P&L R$ +162.41 (+4.1%)
   07:15 Draw      Feyenoord x FC Utrecht             @6.60  AO Home Win GREEN R$+34
   08:30 Home      Antwerp x Union St Gilloise        @6.00  0-2 GREEN R$+38
   09:30 Draw      Az Alkmaar x SC Telstar            @7.60  1-0 GREEN R$+29
   09:30 Draw      Hartberg x LASK Linz               @6.40  3-3 RED R$-200
   10:00 Draw      Marumo Gallants FC x Orlando Pirat @5.20  0-2 GREEN R$+45
   10:00 0x3       NK Bravo x Olimpija                @26.00 2-1 GREEN R$+15
   10:00 2x2       Frosinone x Como                   @17.00 2-0 GREEN R$+24
   10:00 Home      Frosinone x Como                   @6.60  2-0 RED R$-200
   10:00 Over 4.5  Milford x Durban City              @19.50 1-1 GREEN R$+21
   10:00 Draw      Man City x Sunderland              @6.00  AO Home Win GREEN R$+38
   11:00 Draw      Trans Narva x FCI Tallinn          @8.40  1-1 RED R$-200
   11:00 Draw      Ponte Preta x CRB                  @6.40  1-0 GREEN R$+35
   11:00 Draw      Levadiakos x Olympiakos            @5.60  0-1 GREEN R$+41
   11:00 0x3       Gremio x SE Palmeiras              @23.00 0-0 GREEN R$+17
   11:00 Draw      Fenerbahce x Eyupspor              @9.20  AO Home Win GREEN R$+23
   11:30 Draw      Degerfors x Hammarby               @6.20  0-1 GREEN R$+37
   11:45 Home      Lokomotiv Plovdiv x CSKA Sofia     @8.00  1-1 GREEN R$+27
   12:00 Draw      Haugesund x Strommen               @6.60  AO Home Win GREEN R$+34
   12:00 Home      Siroki Brijeg x Borac Banja Luka   @7.20  2-3 GREEN R$+31
   12:00 Home      Raufoss x Stromsgodset             @9.80  0-2 GREEN R$+22
   12:00 Draw      Raufoss x Stromsgodset             @7.40  0-2 GREEN R$+30
   12:00 Draw      Stabaek x Sogndal                  @7.20  2-1 GREEN R$+31
   12:00 Draw      Kongsvinger x Hodd                 @7.40  AO Home Win GREEN R$+30
   12:00 Draw      NFC Volos x AEK Athens             @6.20  1-2 GREEN R$+37
   13:00 Draw      Omonia x Digenis Ypsona            @8.80  AO Home Win GREEN R$+24
   13:30 Draw      Kalamata x Panathinaikos           @6.20  0-1 GREEN R$+37
   14:00 Draw      Crvena Zvezda x Radnicki Nis       @9.80  3-0 GREEN R$+22
   14:15 Home      Brann x Bodo Glimt                 @5.10  2-1 RED R$-200
   15:00 Home      Panaitolikos x PAOK                @7.40  1-3 GREEN R$+30
   15:00 Draw      Sport Huancayo x UTC Cajamarca     @5.90  3-2 GREEN R$+39
   15:00 Draw      Dinamo Zagreb x Lokomotiva         @8.40  3-2 GREEN R$+26
   15:15 Draw      Lech Poznan x Radomiak Radom       @6.20  AO Home Win GREEN R$+37
   15:45 Draw      AC Milan x Lecce                   @6.40  3-0 GREEN R$+35
   15:45 Home      Marseille x Paris St-G             @7.20  1-2 GREEN R$+31
   16:00 2x2       Valencia x Real Sociedad           @16.50 2-3 GREEN R$+25
   16:00 Home      Sportivo San Lorenzo x Olimpia     @9.60  0-3 GREEN R$+22
   17:00 Over 4.5  CA Platense x Newells              @19.50 —
   18:30 Draw      Flamengo x Red Bull Bragantino     @5.70  —
   20:00 2x2       Inter Miami CF x San Diego FC      @17.00 —
   21:00 Draw      Toluca x Santos Laguna             @7.60  —
   21:30 Over 4.5  Velez Sarsfield x Tigre            @20.00 —
sem gatilho.
2026-09-20 18:30 | banca R$ 4001 (composta (pagina 02, 749 jogos ate 2026-09-20)) | liquidados 36/41 | 32G/4R | P&L R$ +162.41 (+4.1%)
   07:15 Draw      Feyenoord x FC Utrecht             @6.60  AO Home Win GREEN R$+34
   08:30 Home      Antwerp x Union St Gilloise        @6.00  0-2 GREEN R$+38
   09:30 Draw      Az Alkmaar x SC Telstar            @7.60  1-0 GREEN R$+29
   09:30 Draw      Hartberg x LASK Linz               @6.40  3-3 RED R$-200
   10:00 Draw      Marumo Gallants FC x Orlando Pirat @5.20  0-2 GREEN R$+45
   10:00 0x3       NK Bravo x Olimpija                @26.00 2-1 GREEN R$+15
   10:00 2x2       Frosinone x Como                   @17.00 2-0 GREEN R$+24
   10:00 Home      Frosinone x Como                   @6.60  2-0 RED R$-200
   10:00 Over 4.5  Milford x Durban City              @19.50 1-1 GREEN R$+21
   10:00 Draw      Man City x Sunderland              @6.00  AO Home Win GREEN R$+38
   11:00 Draw      Trans Narva x FCI Tallinn          @8.40  1-1 RED R$-200
   11:00 Draw      Ponte Preta x CRB                  @6.40  1-0 GREEN R$+35
   11:00 Draw      Levadiakos x Olympiakos            @5.60  0-1 GREEN R$+41
   11:00 0x3       Gremio x SE Palmeiras              @23.00 0-0 GREEN R$+17
   11:00 Draw      Fenerbahce x Eyupspor              @9.20  AO Home Win GREEN R$+23
   11:30 Draw      Degerfors x Hammarby               @6.20  0-1 GREEN R$+37
   11:45 Home      Lokomotiv Plovdiv x CSKA Sofia     @8.00  1-1 GREEN R$+27
   12:00 Draw      Haugesund x Strommen               @6.60  AO Home Win GREEN R$+34
   12:00 Home      Siroki Brijeg x Borac Banja Luka   @7.20  2-3 GREEN R$+31
   12:00 Home      Raufoss x Stromsgodset             @9.80  0-2 GREEN R$+22
   12:00 Draw      Raufoss x Stromsgodset             @7.40  0-2 GREEN R$+30
   12:00 Draw      Stabaek x Sogndal                  @7.20  2-1 GREEN R$+31
   12:00 Draw      Kongsvinger x Hodd                 @7.40  AO Home Win GREEN R$+30
   12:00 Draw      NFC Volos x AEK Athens             @6.20  1-2 GREEN R$+37
   13:00 Draw      Omonia x Digenis Ypsona            @8.80  AO Home Win GREEN R$+24
   13:30 Draw      Kalamata x Panathinaikos           @6.20  0-1 GREEN R$+37
   14:00 Draw      Crvena Zvezda x Radnicki Nis       @9.80  3-0 GREEN R$+22
   14:15 Home      Brann x Bodo Glimt                 @5.10  2-1 RED R$-200
   15:00 Home      Panaitolikos x PAOK                @7.40  1-3 GREEN R$+30
   15:00 Draw      Sport Huancayo x UTC Cajamarca     @5.90  3-2 GREEN R$+39
   15:00 Draw      Dinamo Zagreb x Lokomotiva         @8.40  3-2 GREEN R$+26
   15:15 Draw      Lech Poznan x Radomiak Radom       @6.20  AO Home Win GREEN R$+37
   15:45 Draw      AC Milan x Lecce                   @6.40  3-0 GREEN R$+35
   15:45 Home      Marseille x Paris St-G             @7.20  1-2 GREEN R$+31
   16:00 2x2       Valencia x Real Sociedad           @16.50 2-3 GREEN R$+25
   16:00 Home      Sportivo San Lorenzo x Olimpia     @9.60  0-3 GREEN R$+22
   17:00 Over 4.5  CA Platense x Newells              @19.50 —
   18:30 Draw      Flamengo x Red Bull Bragantino     @5.70  —
   20:00 2x2       Inter Miami CF x San Diego FC      @17.00 —
   21:00 Draw      Toluca x Santos Laguna             @7.60  —
   21:30 Over 4.5  Velez Sarsfield x Tigre            @20.00 —
sem gatilho.
2026-09-20 18:35 | banca R$ 4001 (composta (pagina 02, 749 jogos ate 2026-09-20)) | liquidados 36/41 | 32G/4R | P&L R$ +162.41 (+4.1%)
   07:15 Draw      Feyenoord x FC Utrecht             @6.60  AO Home Win GREEN R$+34
   08:30 Home      Antwerp x Union St Gilloise        @6.00  0-2 GREEN R$+38
   09:30 Draw      Az Alkmaar x SC Telstar            @7.60  1-0 GREEN R$+29
   09:30 Draw      Hartberg x LASK Linz               @6.40  3-3 RED R$-200
   10:00 Draw      Marumo Gallants FC x Orlando Pirat @5.20  0-2 GREEN R$+45
   10:00 0x3       NK Bravo x Olimpija                @26.00 2-1 GREEN R$+15
   10:00 2x2       Frosinone x Como                   @17.00 2-0 GREEN R$+24
   10:00 Home      Frosinone x Como                   @6.60  2-0 RED R$-200
   10:00 Over 4.5  Milford x Durban City              @19.50 1-1 GREEN R$+21
   10:00 Draw      Man City x Sunderland              @6.00  AO Home Win GREEN R$+38
   11:00 Draw      Trans Narva x FCI Tallinn          @8.40  1-1 RED R$-200
   11:00 Draw      Ponte Preta x CRB                  @6.40  1-0 GREEN R$+35
   11:00 Draw      Levadiakos x Olympiakos            @5.60  0-1 GREEN R$+41
   11:00 0x3       Gremio x SE Palmeiras              @23.00 0-0 GREEN R$+17
   11:00 Draw      Fenerbahce x Eyupspor              @9.20  AO Home Win GREEN R$+23
   11:30 Draw      Degerfors x Hammarby               @6.20  0-1 GREEN R$+37
   11:45 Home      Lokomotiv Plovdiv x CSKA Sofia     @8.00  1-1 GREEN R$+27
   12:00 Draw      Haugesund x Strommen               @6.60  AO Home Win GREEN R$+34
   12:00 Home      Siroki Brijeg x Borac Banja Luka   @7.20  2-3 GREEN R$+31
   12:00 Home      Raufoss x Stromsgodset             @9.80  0-2 GREEN R$+22
   12:00 Draw      Raufoss x Stromsgodset             @7.40  0-2 GREEN R$+30
   12:00 Draw      Stabaek x Sogndal                  @7.20  2-1 GREEN R$+31
   12:00 Draw      Kongsvinger x Hodd                 @7.40  AO Home Win GREEN R$+30
   12:00 Draw      NFC Volos x AEK Athens             @6.20  1-2 GREEN R$+37
   13:00 Draw      Omonia x Digenis Ypsona            @8.80  AO Home Win GREEN R$+24
   13:30 Draw      Kalamata x Panathinaikos           @6.20  0-1 GREEN R$+37
   14:00 Draw      Crvena Zvezda x Radnicki Nis       @9.80  3-0 GREEN R$+22
   14:15 Home      Brann x Bodo Glimt                 @5.10  2-1 RED R$-200
   15:00 Home      Panaitolikos x PAOK                @7.40  1-3 GREEN R$+30
   15:00 Draw      Sport Huancayo x UTC Cajamarca     @5.90  3-2 GREEN R$+39
   15:00 Draw      Dinamo Zagreb x Lokomotiva         @8.40  3-2 GREEN R$+26
   15:15 Draw      Lech Poznan x Radomiak Radom       @6.20  AO Home Win GREEN R$+37
   15:45 Draw      AC Milan x Lecce                   @6.40  3-0 GREEN R$+35
   15:45 Home      Marseille x Paris St-G             @7.20  1-2 GREEN R$+31
   16:00 2x2       Valencia x Real Sociedad           @16.50 2-3 GREEN R$+25
   16:00 Home      Sportivo San Lorenzo x Olimpia     @9.60  0-3 GREEN R$+22
   17:00 Over 4.5  CA Platense x Newells              @19.50 —
   18:30 Draw      Flamengo x Red Bull Bragantino     @5.70  —
   20:00 2x2       Inter Miami CF x San Diego FC      @17.00 —
   21:00 Draw      Toluca x Santos Laguna             @7.60  —
   21:30 Over 4.5  Velez Sarsfield x Tigre            @20.00 —
sem gatilho.
2026-09-20 18:40 | banca R$ 4001 (composta (pagina 02, 749 jogos ate 2026-09-20)) | liquidados 36/41 | 32G/4R | P&L R$ +162.41 (+4.1%)
   07:15 Draw      Feyenoord x FC Utrecht             @6.60  AO Home Win GREEN R$+34
   08:30 Home      Antwerp x Union St Gilloise        @6.00  0-2 GREEN R$+38
   09:30 Draw      Az Alkmaar x SC Telstar            @7.60  1-0 GREEN R$+29
   09:30 Draw      Hartberg x LASK Linz               @6.40  3-3 RED R$-200
   10:00 Draw      Marumo Gallants FC x Orlando Pirat @5.20  0-2 GREEN R$+45
   10:00 0x3       NK Bravo x Olimpija                @26.00 2-1 GREEN R$+15
   10:00 2x2       Frosinone x Como                   @17.00 2-0 GREEN R$+24
   10:00 Home      Frosinone x Como                   @6.60  2-0 RED R$-200
   10:00 Over 4.5  Milford x Durban City              @19.50 1-1 GREEN R$+21
   10:00 Draw      Man City x Sunderland              @6.00  AO Home Win GREEN R$+38
   11:00 Draw      Trans Narva x FCI Tallinn          @8.40  1-1 RED R$-200
   11:00 Draw      Ponte Preta x CRB                  @6.40  1-0 GREEN R$+35
   11:00 Draw      Levadiakos x Olympiakos            @5.60  0-1 GREEN R$+41
   11:00 0x3       Gremio x SE Palmeiras              @23.00 0-0 GREEN R$+17
   11:00 Draw      Fenerbahce x Eyupspor              @9.20  AO Home Win GREEN R$+23
   11:30 Draw      Degerfors x Hammarby               @6.20  0-1 GREEN R$+37
   11:45 Home      Lokomotiv Plovdiv x CSKA Sofia     @8.00  1-1 GREEN R$+27
   12:00 Draw      Haugesund x Strommen               @6.60  AO Home Win GREEN R$+34
   12:00 Home      Siroki Brijeg x Borac Banja Luka   @7.20  2-3 GREEN R$+31
   12:00 Home      Raufoss x Stromsgodset             @9.80  0-2 GREEN R$+22
   12:00 Draw      Raufoss x Stromsgodset             @7.40  0-2 GREEN R$+30
   12:00 Draw      Stabaek x Sogndal                  @7.20  2-1 GREEN R$+31
   12:00 Draw      Kongsvinger x Hodd                 @7.40  AO Home Win GREEN R$+30
   12:00 Draw      NFC Volos x AEK Athens             @6.20  1-2 GREEN R$+37
   13:00 Draw      Omonia x Digenis Ypsona            @8.80  AO Home Win GREEN R$+24
   13:30 Draw      Kalamata x Panathinaikos           @6.20  0-1 GREEN R$+37
   14:00 Draw      Crvena Zvezda x Radnicki Nis       @9.80  3-0 GREEN R$+22
   14:15 Home      Brann x Bodo Glimt                 @5.10  2-1 RED R$-200
   15:00 Home      Panaitolikos x PAOK                @7.40  1-3 GREEN R$+30
   15:00 Draw      Sport Huancayo x UTC Cajamarca     @5.90  3-2 GREEN R$+39
   15:00 Draw      Dinamo Zagreb x Lokomotiva         @8.40  3-2 GREEN R$+26
   15:15 Draw      Lech Poznan x Radomiak Radom       @6.20  AO Home Win GREEN R$+37
   15:45 Draw      AC Milan x Lecce                   @6.40  3-0 GREEN R$+35
   15:45 Home      Marseille x Paris St-G             @7.20  1-2 GREEN R$+31
   16:00 2x2       Valencia x Real Sociedad           @16.50 2-3 GREEN R$+25
   16:00 Home      Sportivo San Lorenzo x Olimpia     @9.60  0-3 GREEN R$+22
   17:00 Over 4.5  CA Platense x Newells              @19.50 —
   18:30 Draw      Flamengo x Red Bull Bragantino     @5.70  —
   20:00 2x2       Inter Miami CF x San Diego FC      @17.00 —
   21:00 Draw      Toluca x Santos Laguna             @7.60  —
   21:30 Over 4.5  Velez Sarsfield x Tigre            @20.00 —
sem gatilho.
2026-09-20 18:45 | banca R$ 4001 (composta (pagina 02, 749 jogos ate 2026-09-20)) | liquidados 36/41 | 32G/4R | P&L R$ +162.41 (+4.1%)
   07:15 Draw      Feyenoord x FC Utrecht             @6.60  AO Home Win GREEN R$+34
   08:30 Home      Antwerp x Union St Gilloise        @6.00  0-2 GREEN R$+38
   09:30 Draw      Az Alkmaar x SC Telstar            @7.60  1-0 GREEN R$+29
   09:30 Draw      Hartberg x LASK Linz               @6.40  3-3 RED R$-200
   10:00 Draw      Marumo Gallants FC x Orlando Pirat @5.20  0-2 GREEN R$+45
   10:00 0x3       NK Bravo x Olimpija                @26.00 2-1 GREEN R$+15
   10:00 2x2       Frosinone x Como                   @17.00 2-0 GREEN R$+24
   10:00 Home      Frosinone x Como                   @6.60  2-0 RED R$-200
   10:00 Over 4.5  Milford x Durban City              @19.50 1-1 GREEN R$+21
   10:00 Draw      Man City x Sunderland              @6.00  AO Home Win GREEN R$+38
   11:00 Draw      Trans Narva x FCI Tallinn          @8.40  1-1 RED R$-200
   11:00 Draw      Ponte Preta x CRB                  @6.40  1-0 GREEN R$+35
   11:00 Draw      Levadiakos x Olympiakos            @5.60  0-1 GREEN R$+41
   11:00 0x3       Gremio x SE Palmeiras              @23.00 0-0 GREEN R$+17
   11:00 Draw      Fenerbahce x Eyupspor              @9.20  AO Home Win GREEN R$+23
   11:30 Draw      Degerfors x Hammarby               @6.20  0-1 GREEN R$+37
   11:45 Home      Lokomotiv Plovdiv x CSKA Sofia     @8.00  1-1 GREEN R$+27
   12:00 Draw      Haugesund x Strommen               @6.60  AO Home Win GREEN R$+34
   12:00 Home      Siroki Brijeg x Borac Banja Luka   @7.20  2-3 GREEN R$+31
   12:00 Home      Raufoss x Stromsgodset             @9.80  0-2 GREEN R$+22
   12:00 Draw      Raufoss x Stromsgodset             @7.40  0-2 GREEN R$+30
   12:00 Draw      Stabaek x Sogndal                  @7.20  2-1 GREEN R$+31
   12:00 Draw      Kongsvinger x Hodd                 @7.40  AO Home Win GREEN R$+30
   12:00 Draw      NFC Volos x AEK Athens             @6.20  1-2 GREEN R$+37
   13:00 Draw      Omonia x Digenis Ypsona            @8.80  AO Home Win GREEN R$+24
   13:30 Draw      Kalamata x Panathinaikos           @6.20  0-1 GREEN R$+37
   14:00 Draw      Crvena Zvezda x Radnicki Nis       @9.80  3-0 GREEN R$+22
   14:15 Home      Brann x Bodo Glimt                 @5.10  2-1 RED R$-200
   15:00 Home      Panaitolikos x PAOK                @7.40  1-3 GREEN R$+30
   15:00 Draw      Sport Huancayo x UTC Cajamarca     @5.90  3-2 GREEN R$+39
   15:00 Draw      Dinamo Zagreb x Lokomotiva         @8.40  3-2 GREEN R$+26
   15:15 Draw      Lech Poznan x Radomiak Radom       @6.20  AO Home Win GREEN R$+37
   15:45 Draw      AC Milan x Lecce                   @6.40  3-0 GREEN R$+35
   15:45 Home      Marseille x Paris St-G             @7.20  1-2 GREEN R$+31
   16:00 2x2       Valencia x Real Sociedad           @16.50 2-3 GREEN R$+25
   16:00 Home      Sportivo San Lorenzo x Olimpia     @9.60  0-3 GREEN R$+22
   17:00 Over 4.5  CA Platense x Newells              @19.50 —
   18:30 Draw      Flamengo x Red Bull Bragantino     @5.70  —
   20:00 2x2       Inter Miami CF x San Diego FC      @17.00 —
   21:00 Draw      Toluca x Santos Laguna             @7.60  —
   21:30 Over 4.5  Velez Sarsfield x Tigre            @20.00 —
sem gatilho.
2026-09-20 18:50 | banca R$ 4001 (composta (pagina 02, 749 jogos ate 2026-09-20)) | liquidados 36/41 | 32G/4R | P&L R$ +162.41 (+4.1%)
   07:15 Draw      Feyenoord x FC Utrecht             @6.60  AO Home Win GREEN R$+34
   08:30 Home      Antwerp x Union St Gilloise        @6.00  0-2 GREEN R$+38
   09:30 Draw      Az Alkmaar x SC Telstar            @7.60  1-0 GREEN R$+29
   09:30 Draw      Hartberg x LASK Linz               @6.40  3-3 RED R$-200
   10:00 Draw      Marumo Gallants FC x Orlando Pirat @5.20  0-2 GREEN R$+45
   10:00 0x3       NK Bravo x Olimpija                @26.00 2-1 GREEN R$+15
   10:00 2x2       Frosinone x Como                   @17.00 2-0 GREEN R$+24
   10:00 Home      Frosinone x Como                   @6.60  2-0 RED R$-200
   10:00 Over 4.5  Milford x Durban City              @19.50 1-1 GREEN R$+21
   10:00 Draw      Man City x Sunderland              @6.00  AO Home Win GREEN R$+38
   11:00 Draw      Trans Narva x FCI Tallinn          @8.40  1-1 RED R$-200
   11:00 Draw      Ponte Preta x CRB                  @6.40  1-0 GREEN R$+35
   11:00 Draw      Levadiakos x Olympiakos            @5.60  0-1 GREEN R$+41
   11:00 0x3       Gremio x SE Palmeiras              @23.00 0-0 GREEN R$+17
   11:00 Draw      Fenerbahce x Eyupspor              @9.20  AO Home Win GREEN R$+23
   11:30 Draw      Degerfors x Hammarby               @6.20  0-1 GREEN R$+37
   11:45 Home      Lokomotiv Plovdiv x CSKA Sofia     @8.00  1-1 GREEN R$+27
   12:00 Draw      Haugesund x Strommen               @6.60  AO Home Win GREEN R$+34
   12:00 Home      Siroki Brijeg x Borac Banja Luka   @7.20  2-3 GREEN R$+31
   12:00 Home      Raufoss x Stromsgodset             @9.80  0-2 GREEN R$+22
   12:00 Draw      Raufoss x Stromsgodset             @7.40  0-2 GREEN R$+30
   12:00 Draw      Stabaek x Sogndal                  @7.20  2-1 GREEN R$+31
   12:00 Draw      Kongsvinger x Hodd                 @7.40  AO Home Win GREEN R$+30
   12:00 Draw      NFC Volos x AEK Athens             @6.20  1-2 GREEN R$+37
   13:00 Draw      Omonia x Digenis Ypsona            @8.80  AO Home Win GREEN R$+24
   13:30 Draw      Kalamata x Panathinaikos           @6.20  0-1 GREEN R$+37
   14:00 Draw      Crvena Zvezda x Radnicki Nis       @9.80  3-0 GREEN R$+22
   14:15 Home      Brann x Bodo Glimt                 @5.10  2-1 RED R$-200
   15:00 Home      Panaitolikos x PAOK                @7.40  1-3 GREEN R$+30
   15:00 Draw      Sport Huancayo x UTC Cajamarca     @5.90  3-2 GREEN R$+39
   15:00 Draw      Dinamo Zagreb x Lokomotiva         @8.40  3-2 GREEN R$+26
   15:15 Draw      Lech Poznan x Radomiak Radom       @6.20  AO Home Win GREEN R$+37
   15:45 Draw      AC Milan x Lecce                   @6.40  3-0 GREEN R$+35
   15:45 Home      Marseille x Paris St-G             @7.20  1-2 GREEN R$+31
   16:00 2x2       Valencia x Real Sociedad           @16.50 2-3 GREEN R$+25
   16:00 Home      Sportivo San Lorenzo x Olimpia     @9.60  0-3 GREEN R$+22
   17:00 Over 4.5  CA Platense x Newells              @19.50 —
   18:30 Draw      Flamengo x Red Bull Bragantino     @5.70  —
   20:00 2x2       Inter Miami CF x San Diego FC      @17.00 —
   21:00 Draw      Toluca x Santos Laguna             @7.60  —
   21:30 Over 4.5  Velez Sarsfield x Tigre            @20.00 —
sem gatilho.
2026-09-20 18:55 | banca R$ 4001 (composta (pagina 02, 749 jogos ate 2026-09-20)) | liquidados 36/41 | 32G/4R | P&L R$ +162.41 (+4.1%)
   07:15 Draw      Feyenoord x FC Utrecht             @6.60  AO Home Win GREEN R$+34
   08:30 Home      Antwerp x Union St Gilloise        @6.00  0-2 GREEN R$+38
   09:30 Draw      Az Alkmaar x SC Telstar            @7.60  1-0 GREEN R$+29
   09:30 Draw      Hartberg x LASK Linz               @6.40  3-3 RED R$-200
   10:00 Draw      Marumo Gallants FC x Orlando Pirat @5.20  0-2 GREEN R$+45
   10:00 0x3       NK Bravo x Olimpija                @26.00 2-1 GREEN R$+15
   10:00 2x2       Frosinone x Como                   @17.00 2-0 GREEN R$+24
   10:00 Home      Frosinone x Como                   @6.60  2-0 RED R$-200
   10:00 Over 4.5  Milford x Durban City              @19.50 1-1 GREEN R$+21
   10:00 Draw      Man City x Sunderland              @6.00  AO Home Win GREEN R$+38
   11:00 Draw      Trans Narva x FCI Tallinn          @8.40  1-1 RED R$-200
   11:00 Draw      Ponte Preta x CRB                  @6.40  1-0 GREEN R$+35
   11:00 Draw      Levadiakos x Olympiakos            @5.60  0-1 GREEN R$+41
   11:00 0x3       Gremio x SE Palmeiras              @23.00 0-0 GREEN R$+17
   11:00 Draw      Fenerbahce x Eyupspor              @9.20  AO Home Win GREEN R$+23
   11:30 Draw      Degerfors x Hammarby               @6.20  0-1 GREEN R$+37
   11:45 Home      Lokomotiv Plovdiv x CSKA Sofia     @8.00  1-1 GREEN R$+27
   12:00 Draw      Haugesund x Strommen               @6.60  AO Home Win GREEN R$+34
   12:00 Home      Siroki Brijeg x Borac Banja Luka   @7.20  2-3 GREEN R$+31
   12:00 Home      Raufoss x Stromsgodset             @9.80  0-2 GREEN R$+22
   12:00 Draw      Raufoss x Stromsgodset             @7.40  0-2 GREEN R$+30
   12:00 Draw      Stabaek x Sogndal                  @7.20  2-1 GREEN R$+31
   12:00 Draw      Kongsvinger x Hodd                 @7.40  AO Home Win GREEN R$+30
   12:00 Draw      NFC Volos x AEK Athens             @6.20  1-2 GREEN R$+37
   13:00 Draw      Omonia x Digenis Ypsona            @8.80  AO Home Win GREEN R$+24
   13:30 Draw      Kalamata x Panathinaikos           @6.20  0-1 GREEN R$+37
   14:00 Draw      Crvena Zvezda x Radnicki Nis       @9.80  3-0 GREEN R$+22
   14:15 Home      Brann x Bodo Glimt                 @5.10  2-1 RED R$-200
   15:00 Home      Panaitolikos x PAOK                @7.40  1-3 GREEN R$+30
   15:00 Draw      Sport Huancayo x UTC Cajamarca     @5.90  3-2 GREEN R$+39
   15:00 Draw      Dinamo Zagreb x Lokomotiva         @8.40  3-2 GREEN R$+26
   15:15 Draw      Lech Poznan x Radomiak Radom       @6.20  AO Home Win GREEN R$+37
   15:45 Draw      AC Milan x Lecce                   @6.40  3-0 GREEN R$+35
   15:45 Home      Marseille x Paris St-G             @7.20  1-2 GREEN R$+31
   16:00 2x2       Valencia x Real Sociedad           @16.50 2-3 GREEN R$+25
   16:00 Home      Sportivo San Lorenzo x Olimpia     @9.60  0-3 GREEN R$+22
   17:00 Over 4.5  CA Platense x Newells              @19.50 —
   18:30 Draw      Flamengo x Red Bull Bragantino     @5.70  —
   20:00 2x2       Inter Miami CF x San Diego FC      @17.00 —
   21:00 Draw      Toluca x Santos Laguna             @7.60  —
   21:30 Over 4.5  Velez Sarsfield x Tigre            @20.00 —
sem gatilho.
2026-09-20 19:00 | banca R$ 4001 (composta (pagina 02, 749 jogos ate 2026-09-20)) | liquidados 36/41 | 32G/4R | P&L R$ +162.41 (+4.1%)
   07:15 Draw      Feyenoord x FC Utrecht             @6.60  AO Home Win GREEN R$+34
   08:30 Home      Antwerp x Union St Gilloise        @6.00  0-2 GREEN R$+38
   09:30 Draw      Az Alkmaar x SC Telstar            @7.60  1-0 GREEN R$+29
   09:30 Draw      Hartberg x LASK Linz               @6.40  3-3 RED R$-200
   10:00 Draw      Marumo Gallants FC x Orlando Pirat @5.20  0-2 GREEN R$+45
   10:00 0x3       NK Bravo x Olimpija                @26.00 2-1 GREEN R$+15
   10:00 2x2       Frosinone x Como                   @17.00 2-0 GREEN R$+24
   10:00 Home      Frosinone x Como                   @6.60  2-0 RED R$-200
   10:00 Over 4.5  Milford x Durban City              @19.50 1-1 GREEN R$+21
   10:00 Draw      Man City x Sunderland              @6.00  AO Home Win GREEN R$+38
   11:00 Draw      Trans Narva x FCI Tallinn          @8.40  1-1 RED R$-200
   11:00 Draw      Ponte Preta x CRB                  @6.40  1-0 GREEN R$+35
   11:00 Draw      Levadiakos x Olympiakos            @5.60  0-1 GREEN R$+41
   11:00 0x3       Gremio x SE Palmeiras              @23.00 0-0 GREEN R$+17
   11:00 Draw      Fenerbahce x Eyupspor              @9.20  AO Home Win GREEN R$+23
   11:30 Draw      Degerfors x Hammarby               @6.20  0-1 GREEN R$+37
   11:45 Home      Lokomotiv Plovdiv x CSKA Sofia     @8.00  1-1 GREEN R$+27
   12:00 Draw      Haugesund x Strommen               @6.60  AO Home Win GREEN R$+34
   12:00 Home      Siroki Brijeg x Borac Banja Luka   @7.20  2-3 GREEN R$+31
   12:00 Home      Raufoss x Stromsgodset             @9.80  0-2 GREEN R$+22
   12:00 Draw      Raufoss x Stromsgodset             @7.40  0-2 GREEN R$+30
   12:00 Draw      Stabaek x Sogndal                  @7.20  2-1 GREEN R$+31
   12:00 Draw      Kongsvinger x Hodd                 @7.40  AO Home Win GREEN R$+30
   12:00 Draw      NFC Volos x AEK Athens             @6.20  1-2 GREEN R$+37
   13:00 Draw      Omonia x Digenis Ypsona            @8.80  AO Home Win GREEN R$+24
   13:30 Draw      Kalamata x Panathinaikos           @6.20  0-1 GREEN R$+37
   14:00 Draw      Crvena Zvezda x Radnicki Nis       @9.80  3-0 GREEN R$+22
   14:15 Home      Brann x Bodo Glimt                 @5.10  2-1 RED R$-200
   15:00 Home      Panaitolikos x PAOK                @7.40  1-3 GREEN R$+30
   15:00 Draw      Sport Huancayo x UTC Cajamarca     @5.90  3-2 GREEN R$+39
   15:00 Draw      Dinamo Zagreb x Lokomotiva         @8.40  3-2 GREEN R$+26
   15:15 Draw      Lech Poznan x Radomiak Radom       @6.20  AO Home Win GREEN R$+37
   15:45 Draw      AC Milan x Lecce                   @6.40  3-0 GREEN R$+35
   15:45 Home      Marseille x Paris St-G             @7.20  1-2 GREEN R$+31
   16:00 2x2       Valencia x Real Sociedad           @16.50 2-3 GREEN R$+25
   16:00 Home      Sportivo San Lorenzo x Olimpia     @9.60  0-3 GREEN R$+22
   17:00 Over 4.5  CA Platense x Newells              @19.50 —
   18:30 Draw      Flamengo x Red Bull Bragantino     @5.70  —
   20:00 2x2       Inter Miami CF x San Diego FC      @17.00 —
   21:00 Draw      Toluca x Santos Laguna             @7.60  —
   21:30 Over 4.5  Velez Sarsfield x Tigre            @20.00 —
sem gatilho.
2026-09-20 19:05 | banca R$ 4001 (composta (pagina 02, 749 jogos ate 2026-09-20)) | liquidados 37/41 | 33G/4R | P&L R$ +182.95 (+4.6%)
   07:15 Draw      Feyenoord x FC Utrecht             @6.60  AO Home Win GREEN R$+34
   08:30 Home      Antwerp x Union St Gilloise        @6.00  0-2 GREEN R$+38
   09:30 Draw      Az Alkmaar x SC Telstar            @7.60  1-0 GREEN R$+29
   09:30 Draw      Hartberg x LASK Linz               @6.40  3-3 RED R$-200
   10:00 Draw      Marumo Gallants FC x Orlando Pirat @5.20  0-2 GREEN R$+45
   10:00 0x3       NK Bravo x Olimpija                @26.00 2-1 GREEN R$+15
   10:00 2x2       Frosinone x Como                   @17.00 2-0 GREEN R$+24
   10:00 Home      Frosinone x Como                   @6.60  2-0 RED R$-200
   10:00 Over 4.5  Milford x Durban City              @19.50 1-1 GREEN R$+21
   10:00 Draw      Man City x Sunderland              @6.00  AO Home Win GREEN R$+38
   11:00 Draw      Trans Narva x FCI Tallinn          @8.40  1-1 RED R$-200
   11:00 Draw      Ponte Preta x CRB                  @6.40  1-0 GREEN R$+35
   11:00 Draw      Levadiakos x Olympiakos            @5.60  0-1 GREEN R$+41
   11:00 0x3       Gremio x SE Palmeiras              @23.00 0-0 GREEN R$+17
   11:00 Draw      Fenerbahce x Eyupspor              @9.20  AO Home Win GREEN R$+23
   11:30 Draw      Degerfors x Hammarby               @6.20  0-1 GREEN R$+37
   11:45 Home      Lokomotiv Plovdiv x CSKA Sofia     @8.00  1-1 GREEN R$+27
   12:00 Draw      Haugesund x Strommen               @6.60  AO Home Win GREEN R$+34
   12:00 Home      Siroki Brijeg x Borac Banja Luka   @7.20  2-3 GREEN R$+31
   12:00 Home      Raufoss x Stromsgodset             @9.80  0-2 GREEN R$+22
   12:00 Draw      Raufoss x Stromsgodset             @7.40  0-2 GREEN R$+30
   12:00 Draw      Stabaek x Sogndal                  @7.20  2-1 GREEN R$+31
   12:00 Draw      Kongsvinger x Hodd                 @7.40  AO Home Win GREEN R$+30
   12:00 Draw      NFC Volos x AEK Athens             @6.20  1-2 GREEN R$+37
   13:00 Draw      Omonia x Digenis Ypsona            @8.80  AO Home Win GREEN R$+24
   13:30 Draw      Kalamata x Panathinaikos           @6.20  0-1 GREEN R$+37
   14:00 Draw      Crvena Zvezda x Radnicki Nis       @9.80  3-0 GREEN R$+22
   14:15 Home      Brann x Bodo Glimt                 @5.10  2-1 RED R$-200
   15:00 Home      Panaitolikos x PAOK                @7.40  1-3 GREEN R$+30
   15:00 Draw      Sport Huancayo x UTC Cajamarca     @5.90  3-2 GREEN R$+39
   15:00 Draw      Dinamo Zagreb x Lokomotiva         @8.40  3-2 GREEN R$+26
   15:15 Draw      Lech Poznan x Radomiak Radom       @6.20  AO Home Win GREEN R$+37
   15:45 Draw      AC Milan x Lecce                   @6.40  3-0 GREEN R$+35
   15:45 Home      Marseille x Paris St-G             @7.20  1-2 GREEN R$+31
   16:00 2x2       Valencia x Real Sociedad           @16.50 2-3 GREEN R$+25
   16:00 Home      Sportivo San Lorenzo x Olimpia     @9.60  0-3 GREEN R$+22
   17:00 Over 4.5  CA Platense x Newells              @19.50 0-1 GREEN R$+21
   18:30 Draw      Flamengo x Red Bull Bragantino     @5.70  —
   20:00 2x2       Inter Miami CF x San Diego FC      @17.00 —
   21:00 Draw      Toluca x Santos Laguna             @7.60  —
   21:30 Over 4.5  Velez Sarsfield x Tigre            @20.00 —
sem gatilho.
2026-09-20 19:10 | banca R$ 4001 (composta (pagina 02, 749 jogos ate 2026-09-20)) | liquidados 37/41 | 33G/4R | P&L R$ +182.95 (+4.6%)
   07:15 Draw      Feyenoord x FC Utrecht             @6.60  AO Home Win GREEN R$+34
   08:30 Home      Antwerp x Union St Gilloise        @6.00  0-2 GREEN R$+38
   09:30 Draw      Az Alkmaar x SC Telstar            @7.60  1-0 GREEN R$+29
   09:30 Draw      Hartberg x LASK Linz               @6.40  3-3 RED R$-200
   10:00 Draw      Marumo Gallants FC x Orlando Pirat @5.20  0-2 GREEN R$+45
   10:00 0x3       NK Bravo x Olimpija                @26.00 2-1 GREEN R$+15
   10:00 2x2       Frosinone x Como                   @17.00 2-0 GREEN R$+24
   10:00 Home      Frosinone x Como                   @6.60  2-0 RED R$-200
   10:00 Over 4.5  Milford x Durban City              @19.50 1-1 GREEN R$+21
   10:00 Draw      Man City x Sunderland              @6.00  AO Home Win GREEN R$+38
   11:00 Draw      Trans Narva x FCI Tallinn          @8.40  1-1 RED R$-200
   11:00 Draw      Ponte Preta x CRB                  @6.40  1-0 GREEN R$+35
   11:00 Draw      Levadiakos x Olympiakos            @5.60  0-1 GREEN R$+41
   11:00 0x3       Gremio x SE Palmeiras              @23.00 0-0 GREEN R$+17
   11:00 Draw      Fenerbahce x Eyupspor              @9.20  AO Home Win GREEN R$+23
   11:30 Draw      Degerfors x Hammarby               @6.20  0-1 GREEN R$+37
   11:45 Home      Lokomotiv Plovdiv x CSKA Sofia     @8.00  1-1 GREEN R$+27
   12:00 Draw      Haugesund x Strommen               @6.60  AO Home Win GREEN R$+34
   12:00 Home      Siroki Brijeg x Borac Banja Luka   @7.20  2-3 GREEN R$+31
   12:00 Home      Raufoss x Stromsgodset             @9.80  0-2 GREEN R$+22
   12:00 Draw      Raufoss x Stromsgodset             @7.40  0-2 GREEN R$+30
   12:00 Draw      Stabaek x Sogndal                  @7.20  2-1 GREEN R$+31
   12:00 Draw      Kongsvinger x Hodd                 @7.40  AO Home Win GREEN R$+30
   12:00 Draw      NFC Volos x AEK Athens             @6.20  1-2 GREEN R$+37
   13:00 Draw      Omonia x Digenis Ypsona            @8.80  AO Home Win GREEN R$+24
   13:30 Draw      Kalamata x Panathinaikos           @6.20  0-1 GREEN R$+37
   14:00 Draw      Crvena Zvezda x Radnicki Nis       @9.80  3-0 GREEN R$+22
   14:15 Home      Brann x Bodo Glimt                 @5.10  2-1 RED R$-200
   15:00 Home      Panaitolikos x PAOK                @7.40  1-3 GREEN R$+30
   15:00 Draw      Sport Huancayo x UTC Cajamarca     @5.90  3-2 GREEN R$+39
   15:00 Draw      Dinamo Zagreb x Lokomotiva         @8.40  3-2 GREEN R$+26
   15:15 Draw      Lech Poznan x Radomiak Radom       @6.20  AO Home Win GREEN R$+37
   15:45 Draw      AC Milan x Lecce                   @6.40  3-0 GREEN R$+35
   15:45 Home      Marseille x Paris St-G             @7.20  1-2 GREEN R$+31
   16:00 2x2       Valencia x Real Sociedad           @16.50 2-3 GREEN R$+25
   16:00 Home      Sportivo San Lorenzo x Olimpia     @9.60  0-3 GREEN R$+22
   17:00 Over 4.5  CA Platense x Newells              @19.50 0-1 GREEN R$+21
   18:30 Draw      Flamengo x Red Bull Bragantino     @5.70  —
   20:00 2x2       Inter Miami CF x San Diego FC      @17.00 —
   21:00 Draw      Toluca x Santos Laguna             @7.60  —
   21:30 Over 4.5  Velez Sarsfield x Tigre            @20.00 —
sem gatilho.
2026-09-20 19:15 | banca R$ 4001 (composta (pagina 02, 749 jogos ate 2026-09-20)) | liquidados 37/41 | 33G/4R | P&L R$ +182.95 (+4.6%)
   07:15 Draw      Feyenoord x FC Utrecht             @6.60  AO Home Win GREEN R$+34
   08:30 Home      Antwerp x Union St Gilloise        @6.00  0-2 GREEN R$+38
   09:30 Draw      Az Alkmaar x SC Telstar            @7.60  1-0 GREEN R$+29
   09:30 Draw      Hartberg x LASK Linz               @6.40  3-3 RED R$-200
   10:00 Draw      Marumo Gallants FC x Orlando Pirat @5.20  0-2 GREEN R$+45
   10:00 0x3       NK Bravo x Olimpija                @26.00 2-1 GREEN R$+15
   10:00 2x2       Frosinone x Como                   @17.00 2-0 GREEN R$+24
   10:00 Home      Frosinone x Como                   @6.60  2-0 RED R$-200
   10:00 Over 4.5  Milford x Durban City              @19.50 1-1 GREEN R$+21
   10:00 Draw      Man City x Sunderland              @6.00  AO Home Win GREEN R$+38
   11:00 Draw      Trans Narva x FCI Tallinn          @8.40  1-1 RED R$-200
   11:00 Draw      Ponte Preta x CRB                  @6.40  1-0 GREEN R$+35
   11:00 Draw      Levadiakos x Olympiakos            @5.60  0-1 GREEN R$+41
   11:00 0x3       Gremio x SE Palmeiras              @23.00 0-0 GREEN R$+17
   11:00 Draw      Fenerbahce x Eyupspor              @9.20  AO Home Win GREEN R$+23
   11:30 Draw      Degerfors x Hammarby               @6.20  0-1 GREEN R$+37
   11:45 Home      Lokomotiv Plovdiv x CSKA Sofia     @8.00  1-1 GREEN R$+27
   12:00 Draw      Haugesund x Strommen               @6.60  AO Home Win GREEN R$+34
   12:00 Home      Siroki Brijeg x Borac Banja Luka   @7.20  2-3 GREEN R$+31
   12:00 Home      Raufoss x Stromsgodset             @9.80  0-2 GREEN R$+22
   12:00 Draw      Raufoss x Stromsgodset             @7.40  0-2 GREEN R$+30
   12:00 Draw      Stabaek x Sogndal                  @7.20  2-1 GREEN R$+31
   12:00 Draw      Kongsvinger x Hodd                 @7.40  AO Home Win GREEN R$+30
   12:00 Draw      NFC Volos x AEK Athens             @6.20  1-2 GREEN R$+37
   13:00 Draw      Omonia x Digenis Ypsona            @8.80  AO Home Win GREEN R$+24
   13:30 Draw      Kalamata x Panathinaikos           @6.20  0-1 GREEN R$+37
   14:00 Draw      Crvena Zvezda x Radnicki Nis       @9.80  3-0 GREEN R$+22
   14:15 Home      Brann x Bodo Glimt                 @5.10  2-1 RED R$-200
   15:00 Home      Panaitolikos x PAOK                @7.40  1-3 GREEN R$+30
   15:00 Draw      Sport Huancayo x UTC Cajamarca     @5.90  3-2 GREEN R$+39
   15:00 Draw      Dinamo Zagreb x Lokomotiva         @8.40  3-2 GREEN R$+26
   15:15 Draw      Lech Poznan x Radomiak Radom       @6.20  AO Home Win GREEN R$+37
   15:45 Draw      AC Milan x Lecce                   @6.40  3-0 GREEN R$+35
   15:45 Home      Marseille x Paris St-G             @7.20  1-2 GREEN R$+31
   16:00 2x2       Valencia x Real Sociedad           @16.50 2-3 GREEN R$+25
   16:00 Home      Sportivo San Lorenzo x Olimpia     @9.60  0-3 GREEN R$+22
   17:00 Over 4.5  CA Platense x Newells              @19.50 0-1 GREEN R$+21
   18:30 Draw      Flamengo x Red Bull Bragantino     @5.70  —
   20:00 2x2       Inter Miami CF x San Diego FC      @17.00 —
   21:00 Draw      Toluca x Santos Laguna             @7.60  —
   21:30 Over 4.5  Velez Sarsfield x Tigre            @20.00 —
sem gatilho.
2026-09-20 19:20 | banca R$ 4001 (composta (pagina 02, 749 jogos ate 2026-09-20)) | liquidados 37/41 | 33G/4R | P&L R$ +182.95 (+4.6%)
   07:15 Draw      Feyenoord x FC Utrecht             @6.60  AO Home Win GREEN R$+34
   08:30 Home      Antwerp x Union St Gilloise        @6.00  0-2 GREEN R$+38
   09:30 Draw      Az Alkmaar x SC Telstar            @7.60  1-0 GREEN R$+29
   09:30 Draw      Hartberg x LASK Linz               @6.40  3-3 RED R$-200
   10:00 Draw      Marumo Gallants FC x Orlando Pirat @5.20  0-2 GREEN R$+45
   10:00 0x3       NK Bravo x Olimpija                @26.00 2-1 GREEN R$+15
   10:00 2x2       Frosinone x Como                   @17.00 2-0 GREEN R$+24
   10:00 Home      Frosinone x Como                   @6.60  2-0 RED R$-200
   10:00 Over 4.5  Milford x Durban City              @19.50 1-1 GREEN R$+21
   10:00 Draw      Man City x Sunderland              @6.00  AO Home Win GREEN R$+38
   11:00 Draw      Trans Narva x FCI Tallinn          @8.40  1-1 RED R$-200
   11:00 Draw      Ponte Preta x CRB                  @6.40  1-0 GREEN R$+35
   11:00 Draw      Levadiakos x Olympiakos            @5.60  0-1 GREEN R$+41
   11:00 0x3       Gremio x SE Palmeiras              @23.00 0-0 GREEN R$+17
   11:00 Draw      Fenerbahce x Eyupspor              @9.20  AO Home Win GREEN R$+23
   11:30 Draw      Degerfors x Hammarby               @6.20  0-1 GREEN R$+37
   11:45 Home      Lokomotiv Plovdiv x CSKA Sofia     @8.00  1-1 GREEN R$+27
   12:00 Draw      Haugesund x Strommen               @6.60  AO Home Win GREEN R$+34
   12:00 Home      Siroki Brijeg x Borac Banja Luka   @7.20  2-3 GREEN R$+31
   12:00 Home      Raufoss x Stromsgodset             @9.80  0-2 GREEN R$+22
   12:00 Draw      Raufoss x Stromsgodset             @7.40  0-2 GREEN R$+30
   12:00 Draw      Stabaek x Sogndal                  @7.20  2-1 GREEN R$+31
   12:00 Draw      Kongsvinger x Hodd                 @7.40  AO Home Win GREEN R$+30
   12:00 Draw      NFC Volos x AEK Athens             @6.20  1-2 GREEN R$+37
   13:00 Draw      Omonia x Digenis Ypsona            @8.80  AO Home Win GREEN R$+24
   13:30 Draw      Kalamata x Panathinaikos           @6.20  0-1 GREEN R$+37
   14:00 Draw      Crvena Zvezda x Radnicki Nis       @9.80  3-0 GREEN R$+22
   14:15 Home      Brann x Bodo Glimt                 @5.10  2-1 RED R$-200
   15:00 Home      Panaitolikos x PAOK                @7.40  1-3 GREEN R$+30
   15:00 Draw      Sport Huancayo x UTC Cajamarca     @5.90  3-2 GREEN R$+39
   15:00 Draw      Dinamo Zagreb x Lokomotiva         @8.40  3-2 GREEN R$+26
   15:15 Draw      Lech Poznan x Radomiak Radom       @6.20  AO Home Win GREEN R$+37
   15:45 Draw      AC Milan x Lecce                   @6.40  3-0 GREEN R$+35
   15:45 Home      Marseille x Paris St-G             @7.20  1-2 GREEN R$+31
   16:00 2x2       Valencia x Real Sociedad           @16.50 2-3 GREEN R$+25
   16:00 Home      Sportivo San Lorenzo x Olimpia     @9.60  0-3 GREEN R$+22
   17:00 Over 4.5  CA Platense x Newells              @19.50 0-1 GREEN R$+21
   18:30 Draw      Flamengo x Red Bull Bragantino     @5.70  —
   20:00 2x2       Inter Miami CF x San Diego FC      @17.00 —
   21:00 Draw      Toluca x Santos Laguna             @7.60  —
   21:30 Over 4.5  Velez Sarsfield x Tigre            @20.00 —
sem gatilho.
2026-09-20 19:25 | banca R$ 4001 (composta (pagina 02, 749 jogos ate 2026-09-20)) | liquidados 37/41 | 33G/4R | P&L R$ +182.95 (+4.6%)
   07:15 Draw      Feyenoord x FC Utrecht             @6.60  AO Home Win GREEN R$+34
   08:30 Home      Antwerp x Union St Gilloise        @6.00  0-2 GREEN R$+38
   09:30 Draw      Az Alkmaar x SC Telstar            @7.60  1-0 GREEN R$+29
   09:30 Draw      Hartberg x LASK Linz               @6.40  3-3 RED R$-200
   10:00 Draw      Marumo Gallants FC x Orlando Pirat @5.20  0-2 GREEN R$+45
   10:00 0x3       NK Bravo x Olimpija                @26.00 2-1 GREEN R$+15
   10:00 2x2       Frosinone x Como                   @17.00 2-0 GREEN R$+24
   10:00 Home      Frosinone x Como                   @6.60  2-0 RED R$-200
   10:00 Over 4.5  Milford x Durban City              @19.50 1-1 GREEN R$+21
   10:00 Draw      Man City x Sunderland              @6.00  AO Home Win GREEN R$+38
   11:00 Draw      Trans Narva x FCI Tallinn          @8.40  1-1 RED R$-200
   11:00 Draw      Ponte Preta x CRB                  @6.40  1-0 GREEN R$+35
   11:00 Draw      Levadiakos x Olympiakos            @5.60  0-1 GREEN R$+41
   11:00 0x3       Gremio x SE Palmeiras              @23.00 0-0 GREEN R$+17
   11:00 Draw      Fenerbahce x Eyupspor              @9.20  AO Home Win GREEN R$+23
   11:30 Draw      Degerfors x Hammarby               @6.20  0-1 GREEN R$+37
   11:45 Home      Lokomotiv Plovdiv x CSKA Sofia     @8.00  1-1 GREEN R$+27
   12:00 Draw      Haugesund x Strommen               @6.60  AO Home Win GREEN R$+34
   12:00 Home      Siroki Brijeg x Borac Banja Luka   @7.20  2-3 GREEN R$+31
   12:00 Home      Raufoss x Stromsgodset             @9.80  0-2 GREEN R$+22
   12:00 Draw      Raufoss x Stromsgodset             @7.40  0-2 GREEN R$+30
   12:00 Draw      Stabaek x Sogndal                  @7.20  2-1 GREEN R$+31
   12:00 Draw      Kongsvinger x Hodd                 @7.40  AO Home Win GREEN R$+30
   12:00 Draw      NFC Volos x AEK Athens             @6.20  1-2 GREEN R$+37
   13:00 Draw      Omonia x Digenis Ypsona            @8.80  AO Home Win GREEN R$+24
   13:30 Draw      Kalamata x Panathinaikos           @6.20  0-1 GREEN R$+37
   14:00 Draw      Crvena Zvezda x Radnicki Nis       @9.80  3-0 GREEN R$+22
   14:15 Home      Brann x Bodo Glimt                 @5.10  2-1 RED R$-200
   15:00 Home      Panaitolikos x PAOK                @7.40  1-3 GREEN R$+30
   15:00 Draw      Sport Huancayo x UTC Cajamarca     @5.90  3-2 GREEN R$+39
   15:00 Draw      Dinamo Zagreb x Lokomotiva         @8.40  3-2 GREEN R$+26
   15:15 Draw      Lech Poznan x Radomiak Radom       @6.20  AO Home Win GREEN R$+37
   15:45 Draw      AC Milan x Lecce                   @6.40  3-0 GREEN R$+35
   15:45 Home      Marseille x Paris St-G             @7.20  1-2 GREEN R$+31
   16:00 2x2       Valencia x Real Sociedad           @16.50 2-3 GREEN R$+25
   16:00 Home      Sportivo San Lorenzo x Olimpia     @9.60  0-3 GREEN R$+22
   17:00 Over 4.5  CA Platense x Newells              @19.50 0-1 GREEN R$+21
   18:30 Draw      Flamengo x Red Bull Bragantino     @5.70  —
   20:00 2x2       Inter Miami CF x San Diego FC      @17.00 —
   21:00 Draw      Toluca x Santos Laguna             @7.60  —
   21:30 Over 4.5  Velez Sarsfield x Tigre            @20.00 —
sem gatilho.
2026-09-20 19:30 | banca R$ 4001 (composta (pagina 02, 749 jogos ate 2026-09-20)) | liquidados 37/41 | 33G/4R | P&L R$ +182.95 (+4.6%)
   07:15 Draw      Feyenoord x FC Utrecht             @6.60  AO Home Win GREEN R$+34
   08:30 Home      Antwerp x Union St Gilloise        @6.00  0-2 GREEN R$+38
   09:30 Draw      Az Alkmaar x SC Telstar            @7.60  1-0 GREEN R$+29
   09:30 Draw      Hartberg x LASK Linz               @6.40  3-3 RED R$-200
   10:00 Draw      Marumo Gallants FC x Orlando Pirat @5.20  0-2 GREEN R$+45
   10:00 0x3       NK Bravo x Olimpija                @26.00 2-1 GREEN R$+15
   10:00 2x2       Frosinone x Como                   @17.00 2-0 GREEN R$+24
   10:00 Home      Frosinone x Como                   @6.60  2-0 RED R$-200
   10:00 Over 4.5  Milford x Durban City              @19.50 1-1 GREEN R$+21
   10:00 Draw      Man City x Sunderland              @6.00  AO Home Win GREEN R$+38
   11:00 Draw      Trans Narva x FCI Tallinn          @8.40  1-1 RED R$-200
   11:00 Draw      Ponte Preta x CRB                  @6.40  1-0 GREEN R$+35
   11:00 Draw      Levadiakos x Olympiakos            @5.60  0-1 GREEN R$+41
   11:00 0x3       Gremio x SE Palmeiras              @23.00 0-0 GREEN R$+17
   11:00 Draw      Fenerbahce x Eyupspor              @9.20  AO Home Win GREEN R$+23
   11:30 Draw      Degerfors x Hammarby               @6.20  0-1 GREEN R$+37
   11:45 Home      Lokomotiv Plovdiv x CSKA Sofia     @8.00  1-1 GREEN R$+27
   12:00 Draw      Haugesund x Strommen               @6.60  AO Home Win GREEN R$+34
   12:00 Home      Siroki Brijeg x Borac Banja Luka   @7.20  2-3 GREEN R$+31
   12:00 Home      Raufoss x Stromsgodset             @9.80  0-2 GREEN R$+22
   12:00 Draw      Raufoss x Stromsgodset             @7.40  0-2 GREEN R$+30
   12:00 Draw      Stabaek x Sogndal                  @7.20  2-1 GREEN R$+31
   12:00 Draw      Kongsvinger x Hodd                 @7.40  AO Home Win GREEN R$+30
   12:00 Draw      NFC Volos x AEK Athens             @6.20  1-2 GREEN R$+37
   13:00 Draw      Omonia x Digenis Ypsona            @8.80  AO Home Win GREEN R$+24
   13:30 Draw      Kalamata x Panathinaikos           @6.20  0-1 GREEN R$+37
   14:00 Draw      Crvena Zvezda x Radnicki Nis       @9.80  3-0 GREEN R$+22
   14:15 Home      Brann x Bodo Glimt                 @5.10  2-1 RED R$-200
   15:00 Home      Panaitolikos x PAOK                @7.40  1-3 GREEN R$+30
   15:00 Draw      Sport Huancayo x UTC Cajamarca     @5.90  3-2 GREEN R$+39
   15:00 Draw      Dinamo Zagreb x Lokomotiva         @8.40  3-2 GREEN R$+26
   15:15 Draw      Lech Poznan x Radomiak Radom       @6.20  AO Home Win GREEN R$+37
   15:45 Draw      AC Milan x Lecce                   @6.40  3-0 GREEN R$+35
   15:45 Home      Marseille x Paris St-G             @7.20  1-2 GREEN R$+31
   16:00 2x2       Valencia x Real Sociedad           @16.50 2-3 GREEN R$+25
   16:00 Home      Sportivo San Lorenzo x Olimpia     @9.60  0-3 GREEN R$+22
   17:00 Over 4.5  CA Platense x Newells              @19.50 0-1 GREEN R$+21
   18:30 Draw      Flamengo x Red Bull Bragantino     @5.70  —
   20:00 2x2       Inter Miami CF x San Diego FC      @17.00 —
   21:00 Draw      Toluca x Santos Laguna             @7.60  —
   21:30 Over 4.5  Velez Sarsfield x Tigre            @20.00 —
sem gatilho.
2026-09-20 19:35 | banca R$ 4001 (composta (pagina 02, 749 jogos ate 2026-09-20)) | liquidados 37/41 | 33G/4R | P&L R$ +182.95 (+4.6%)
   07:15 Draw      Feyenoord x FC Utrecht             @6.60  AO Home Win GREEN R$+34
   08:30 Home      Antwerp x Union St Gilloise        @6.00  0-2 GREEN R$+38
   09:30 Draw      Az Alkmaar x SC Telstar            @7.60  1-0 GREEN R$+29
   09:30 Draw      Hartberg x LASK Linz               @6.40  3-3 RED R$-200
   10:00 Draw      Marumo Gallants FC x Orlando Pirat @5.20  0-2 GREEN R$+45
   10:00 0x3       NK Bravo x Olimpija                @26.00 2-1 GREEN R$+15
   10:00 2x2       Frosinone x Como                   @17.00 2-0 GREEN R$+24
   10:00 Home      Frosinone x Como                   @6.60  2-0 RED R$-200
   10:00 Over 4.5  Milford x Durban City              @19.50 1-1 GREEN R$+21
   10:00 Draw      Man City x Sunderland              @6.00  AO Home Win GREEN R$+38
   11:00 Draw      Trans Narva x FCI Tallinn          @8.40  1-1 RED R$-200
   11:00 Draw      Ponte Preta x CRB                  @6.40  1-0 GREEN R$+35
   11:00 Draw      Levadiakos x Olympiakos            @5.60  0-1 GREEN R$+41
   11:00 0x3       Gremio x SE Palmeiras              @23.00 0-0 GREEN R$+17
   11:00 Draw      Fenerbahce x Eyupspor              @9.20  AO Home Win GREEN R$+23
   11:30 Draw      Degerfors x Hammarby               @6.20  0-1 GREEN R$+37
   11:45 Home      Lokomotiv Plovdiv x CSKA Sofia     @8.00  1-1 GREEN R$+27
   12:00 Draw      Haugesund x Strommen               @6.60  AO Home Win GREEN R$+34
   12:00 Home      Siroki Brijeg x Borac Banja Luka   @7.20  2-3 GREEN R$+31
   12:00 Home      Raufoss x Stromsgodset             @9.80  0-2 GREEN R$+22
   12:00 Draw      Raufoss x Stromsgodset             @7.40  0-2 GREEN R$+30
   12:00 Draw      Stabaek x Sogndal                  @7.20  2-1 GREEN R$+31
   12:00 Draw      Kongsvinger x Hodd                 @7.40  AO Home Win GREEN R$+30
   12:00 Draw      NFC Volos x AEK Athens             @6.20  1-2 GREEN R$+37
   13:00 Draw      Omonia x Digenis Ypsona            @8.80  AO Home Win GREEN R$+24
   13:30 Draw      Kalamata x Panathinaikos           @6.20  0-1 GREEN R$+37
   14:00 Draw      Crvena Zvezda x Radnicki Nis       @9.80  3-0 GREEN R$+22
   14:15 Home      Brann x Bodo Glimt                 @5.10  2-1 RED R$-200
   15:00 Home      Panaitolikos x PAOK                @7.40  1-3 GREEN R$+30
   15:00 Draw      Sport Huancayo x UTC Cajamarca     @5.90  3-2 GREEN R$+39
   15:00 Draw      Dinamo Zagreb x Lokomotiva         @8.40  3-2 GREEN R$+26
   15:15 Draw      Lech Poznan x Radomiak Radom       @6.20  AO Home Win GREEN R$+37
   15:45 Draw      AC Milan x Lecce                   @6.40  3-0 GREEN R$+35
   15:45 Home      Marseille x Paris St-G             @7.20  1-2 GREEN R$+31
   16:00 2x2       Valencia x Real Sociedad           @16.50 2-3 GREEN R$+25
   16:00 Home      Sportivo San Lorenzo x Olimpia     @9.60  0-3 GREEN R$+22
   17:00 Over 4.5  CA Platense x Newells              @19.50 0-1 GREEN R$+21
   18:30 Draw      Flamengo x Red Bull Bragantino     @5.70  —
   20:00 2x2       Inter Miami CF x San Diego FC      @17.00 —
   21:00 Draw      Toluca x Santos Laguna             @7.60  —
   21:30 Over 4.5  Velez Sarsfield x Tigre            @20.00 —
sem gatilho.
2026-09-20 19:40 | banca R$ 4001 (composta (pagina 02, 749 jogos ate 2026-09-20)) | liquidados 37/41 | 33G/4R | P&L R$ +182.95 (+4.6%)
   07:15 Draw      Feyenoord x FC Utrecht             @6.60  AO Home Win GREEN R$+34
   08:30 Home      Antwerp x Union St Gilloise        @6.00  0-2 GREEN R$+38
   09:30 Draw      Az Alkmaar x SC Telstar            @7.60  1-0 GREEN R$+29
   09:30 Draw      Hartberg x LASK Linz               @6.40  3-3 RED R$-200
   10:00 Draw      Marumo Gallants FC x Orlando Pirat @5.20  0-2 GREEN R$+45
   10:00 0x3       NK Bravo x Olimpija                @26.00 2-1 GREEN R$+15
   10:00 2x2       Frosinone x Como                   @17.00 2-0 GREEN R$+24
   10:00 Home      Frosinone x Como                   @6.60  2-0 RED R$-200
   10:00 Over 4.5  Milford x Durban City              @19.50 1-1 GREEN R$+21
   10:00 Draw      Man City x Sunderland              @6.00  AO Home Win GREEN R$+38
   11:00 Draw      Trans Narva x FCI Tallinn          @8.40  1-1 RED R$-200
   11:00 Draw      Ponte Preta x CRB                  @6.40  1-0 GREEN R$+35
   11:00 Draw      Levadiakos x Olympiakos            @5.60  0-1 GREEN R$+41
   11:00 0x3       Gremio x SE Palmeiras              @23.00 0-0 GREEN R$+17
   11:00 Draw      Fenerbahce x Eyupspor              @9.20  AO Home Win GREEN R$+23
   11:30 Draw      Degerfors x Hammarby               @6.20  0-1 GREEN R$+37
   11:45 Home      Lokomotiv Plovdiv x CSKA Sofia     @8.00  1-1 GREEN R$+27
   12:00 Draw      Haugesund x Strommen               @6.60  AO Home Win GREEN R$+34
   12:00 Home      Siroki Brijeg x Borac Banja Luka   @7.20  2-3 GREEN R$+31
   12:00 Home      Raufoss x Stromsgodset             @9.80  0-2 GREEN R$+22
   12:00 Draw      Raufoss x Stromsgodset             @7.40  0-2 GREEN R$+30
   12:00 Draw      Stabaek x Sogndal                  @7.20  2-1 GREEN R$+31
   12:00 Draw      Kongsvinger x Hodd                 @7.40  AO Home Win GREEN R$+30
   12:00 Draw      NFC Volos x AEK Athens             @6.20  1-2 GREEN R$+37
   13:00 Draw      Omonia x Digenis Ypsona            @8.80  AO Home Win GREEN R$+24
   13:30 Draw      Kalamata x Panathinaikos           @6.20  0-1 GREEN R$+37
   14:00 Draw      Crvena Zvezda x Radnicki Nis       @9.80  3-0 GREEN R$+22
   14:15 Home      Brann x Bodo Glimt                 @5.10  2-1 RED R$-200
   15:00 Home      Panaitolikos x PAOK                @7.40  1-3 GREEN R$+30
   15:00 Draw      Sport Huancayo x UTC Cajamarca     @5.90  3-2 GREEN R$+39
   15:00 Draw      Dinamo Zagreb x Lokomotiva         @8.40  3-2 GREEN R$+26
   15:15 Draw      Lech Poznan x Radomiak Radom       @6.20  AO Home Win GREEN R$+37
   15:45 Draw      AC Milan x Lecce                   @6.40  3-0 GREEN R$+35
   15:45 Home      Marseille x Paris St-G             @7.20  1-2 GREEN R$+31
   16:00 2x2       Valencia x Real Sociedad           @16.50 2-3 GREEN R$+25
   16:00 Home      Sportivo San Lorenzo x Olimpia     @9.60  0-3 GREEN R$+22
   17:00 Over 4.5  CA Platense x Newells              @19.50 0-1 GREEN R$+21
   18:30 Draw      Flamengo x Red Bull Bragantino     @5.70  —
   20:00 2x2       Inter Miami CF x San Diego FC      @17.00 —
   21:00 Draw      Toluca x Santos Laguna             @7.60  —
   21:30 Over 4.5  Velez Sarsfield x Tigre            @20.00 —
sem gatilho.
2026-09-20 19:45 | banca R$ 4001 (composta (pagina 02, 749 jogos ate 2026-09-20)) | liquidados 37/41 | 33G/4R | P&L R$ +182.95 (+4.6%)
   07:15 Draw      Feyenoord x FC Utrecht             @6.60  AO Home Win GREEN R$+34
   08:30 Home      Antwerp x Union St Gilloise        @6.00  0-2 GREEN R$+38
   09:30 Draw      Az Alkmaar x SC Telstar            @7.60  1-0 GREEN R$+29
   09:30 Draw      Hartberg x LASK Linz               @6.40  3-3 RED R$-200
   10:00 Draw      Marumo Gallants FC x Orlando Pirat @5.20  0-2 GREEN R$+45
   10:00 0x3       NK Bravo x Olimpija                @26.00 2-1 GREEN R$+15
   10:00 2x2       Frosinone x Como                   @17.00 2-0 GREEN R$+24
   10:00 Home      Frosinone x Como                   @6.60  2-0 RED R$-200
   10:00 Over 4.5  Milford x Durban City              @19.50 1-1 GREEN R$+21
   10:00 Draw      Man City x Sunderland              @6.00  AO Home Win GREEN R$+38
   11:00 Draw      Trans Narva x FCI Tallinn          @8.40  1-1 RED R$-200
   11:00 Draw      Ponte Preta x CRB                  @6.40  1-0 GREEN R$+35
   11:00 Draw      Levadiakos x Olympiakos            @5.60  0-1 GREEN R$+41
   11:00 0x3       Gremio x SE Palmeiras              @23.00 0-0 GREEN R$+17
   11:00 Draw      Fenerbahce x Eyupspor              @9.20  AO Home Win GREEN R$+23
   11:30 Draw      Degerfors x Hammarby               @6.20  0-1 GREEN R$+37
   11:45 Home      Lokomotiv Plovdiv x CSKA Sofia     @8.00  1-1 GREEN R$+27
   12:00 Draw      Haugesund x Strommen               @6.60  AO Home Win GREEN R$+34
   12:00 Home      Siroki Brijeg x Borac Banja Luka   @7.20  2-3 GREEN R$+31
   12:00 Home      Raufoss x Stromsgodset             @9.80  0-2 GREEN R$+22
   12:00 Draw      Raufoss x Stromsgodset             @7.40  0-2 GREEN R$+30
   12:00 Draw      Stabaek x Sogndal                  @7.20  2-1 GREEN R$+31
   12:00 Draw      Kongsvinger x Hodd                 @7.40  AO Home Win GREEN R$+30
   12:00 Draw      NFC Volos x AEK Athens             @6.20  1-2 GREEN R$+37
   13:00 Draw      Omonia x Digenis Ypsona            @8.80  AO Home Win GREEN R$+24
   13:30 Draw      Kalamata x Panathinaikos           @6.20  0-1 GREEN R$+37
   14:00 Draw      Crvena Zvezda x Radnicki Nis       @9.80  3-0 GREEN R$+22
   14:15 Home      Brann x Bodo Glimt                 @5.10  2-1 RED R$-200
   15:00 Home      Panaitolikos x PAOK                @7.40  1-3 GREEN R$+30
   15:00 Draw      Sport Huancayo x UTC Cajamarca     @5.90  3-2 GREEN R$+39
   15:00 Draw      Dinamo Zagreb x Lokomotiva         @8.40  3-2 GREEN R$+26
   15:15 Draw      Lech Poznan x Radomiak Radom       @6.20  AO Home Win GREEN R$+37
   15:45 Draw      AC Milan x Lecce                   @6.40  3-0 GREEN R$+35
   15:45 Home      Marseille x Paris St-G             @7.20  1-2 GREEN R$+31
   16:00 2x2       Valencia x Real Sociedad           @16.50 2-3 GREEN R$+25
   16:00 Home      Sportivo San Lorenzo x Olimpia     @9.60  0-3 GREEN R$+22
   17:00 Over 4.5  CA Platense x Newells              @19.50 0-1 GREEN R$+21
   18:30 Draw      Flamengo x Red Bull Bragantino     @5.70  —
   20:00 2x2       Inter Miami CF x San Diego FC      @17.00 —
   21:00 Draw      Toluca x Santos Laguna             @7.60  —
   21:30 Over 4.5  Velez Sarsfield x Tigre            @20.00 —
sem gatilho.
2026-09-20 19:50 | banca R$ 4001 (composta (pagina 02, 749 jogos ate 2026-09-20)) | liquidados 37/41 | 33G/4R | P&L R$ +182.95 (+4.6%)
   07:15 Draw      Feyenoord x FC Utrecht             @6.60  AO Home Win GREEN R$+34
   08:30 Home      Antwerp x Union St Gilloise        @6.00  0-2 GREEN R$+38
   09:30 Draw      Az Alkmaar x SC Telstar            @7.60  1-0 GREEN R$+29
   09:30 Draw      Hartberg x LASK Linz               @6.40  3-3 RED R$-200
   10:00 Draw      Marumo Gallants FC x Orlando Pirat @5.20  0-2 GREEN R$+45
   10:00 0x3       NK Bravo x Olimpija                @26.00 2-1 GREEN R$+15
   10:00 2x2       Frosinone x Como                   @17.00 2-0 GREEN R$+24
   10:00 Home      Frosinone x Como                   @6.60  2-0 RED R$-200
   10:00 Over 4.5  Milford x Durban City              @19.50 1-1 GREEN R$+21
   10:00 Draw      Man City x Sunderland              @6.00  AO Home Win GREEN R$+38
   11:00 Draw      Trans Narva x FCI Tallinn          @8.40  1-1 RED R$-200
   11:00 Draw      Ponte Preta x CRB                  @6.40  1-0 GREEN R$+35
   11:00 Draw      Levadiakos x Olympiakos            @5.60  0-1 GREEN R$+41
   11:00 0x3       Gremio x SE Palmeiras              @23.00 0-0 GREEN R$+17
   11:00 Draw      Fenerbahce x Eyupspor              @9.20  AO Home Win GREEN R$+23
   11:30 Draw      Degerfors x Hammarby               @6.20  0-1 GREEN R$+37
   11:45 Home      Lokomotiv Plovdiv x CSKA Sofia     @8.00  1-1 GREEN R$+27
   12:00 Draw      Haugesund x Strommen               @6.60  AO Home Win GREEN R$+34
   12:00 Home      Siroki Brijeg x Borac Banja Luka   @7.20  2-3 GREEN R$+31
   12:00 Home      Raufoss x Stromsgodset             @9.80  0-2 GREEN R$+22
   12:00 Draw      Raufoss x Stromsgodset             @7.40  0-2 GREEN R$+30
   12:00 Draw      Stabaek x Sogndal                  @7.20  2-1 GREEN R$+31
   12:00 Draw      Kongsvinger x Hodd                 @7.40  AO Home Win GREEN R$+30
   12:00 Draw      NFC Volos x AEK Athens             @6.20  1-2 GREEN R$+37
   13:00 Draw      Omonia x Digenis Ypsona            @8.80  AO Home Win GREEN R$+24
   13:30 Draw      Kalamata x Panathinaikos           @6.20  0-1 GREEN R$+37
   14:00 Draw      Crvena Zvezda x Radnicki Nis       @9.80  3-0 GREEN R$+22
   14:15 Home      Brann x Bodo Glimt                 @5.10  2-1 RED R$-200
   15:00 Home      Panaitolikos x PAOK                @7.40  1-3 GREEN R$+30
   15:00 Draw      Sport Huancayo x UTC Cajamarca     @5.90  3-2 GREEN R$+39
   15:00 Draw      Dinamo Zagreb x Lokomotiva         @8.40  3-2 GREEN R$+26
   15:15 Draw      Lech Poznan x Radomiak Radom       @6.20  AO Home Win GREEN R$+37
   15:45 Draw      AC Milan x Lecce                   @6.40  3-0 GREEN R$+35
   15:45 Home      Marseille x Paris St-G             @7.20  1-2 GREEN R$+31
   16:00 2x2       Valencia x Real Sociedad           @16.50 2-3 GREEN R$+25
   16:00 Home      Sportivo San Lorenzo x Olimpia     @9.60  0-3 GREEN R$+22
   17:00 Over 4.5  CA Platense x Newells              @19.50 0-1 GREEN R$+21
   18:30 Draw      Flamengo x Red Bull Bragantino     @5.70  —
   20:00 2x2       Inter Miami CF x San Diego FC      @17.00 —
   21:00 Draw      Toluca x Santos Laguna             @7.60  —
   21:30 Over 4.5  Velez Sarsfield x Tigre            @20.00 —
sem gatilho.
2026-09-20 19:55 | banca R$ 4001 (composta (pagina 02, 749 jogos ate 2026-09-20)) | liquidados 37/41 | 33G/4R | P&L R$ +182.95 (+4.6%)
   07:15 Draw      Feyenoord x FC Utrecht             @6.60  AO Home Win GREEN R$+34
   08:30 Home      Antwerp x Union St Gilloise        @6.00  0-2 GREEN R$+38
   09:30 Draw      Az Alkmaar x SC Telstar            @7.60  1-0 GREEN R$+29
   09:30 Draw      Hartberg x LASK Linz               @6.40  3-3 RED R$-200
   10:00 Draw      Marumo Gallants FC x Orlando Pirat @5.20  0-2 GREEN R$+45
   10:00 0x3       NK Bravo x Olimpija                @26.00 2-1 GREEN R$+15
   10:00 2x2       Frosinone x Como                   @17.00 2-0 GREEN R$+24
   10:00 Home      Frosinone x Como                   @6.60  2-0 RED R$-200
   10:00 Over 4.5  Milford x Durban City              @19.50 1-1 GREEN R$+21
   10:00 Draw      Man City x Sunderland              @6.00  AO Home Win GREEN R$+38
   11:00 Draw      Trans Narva x FCI Tallinn          @8.40  1-1 RED R$-200
   11:00 Draw      Ponte Preta x CRB                  @6.40  1-0 GREEN R$+35
   11:00 Draw      Levadiakos x Olympiakos            @5.60  0-1 GREEN R$+41
   11:00 0x3       Gremio x SE Palmeiras              @23.00 0-0 GREEN R$+17
   11:00 Draw      Fenerbahce x Eyupspor              @9.20  AO Home Win GREEN R$+23
   11:30 Draw      Degerfors x Hammarby               @6.20  0-1 GREEN R$+37
   11:45 Home      Lokomotiv Plovdiv x CSKA Sofia     @8.00  1-1 GREEN R$+27
   12:00 Draw      Haugesund x Strommen               @6.60  AO Home Win GREEN R$+34
   12:00 Home      Siroki Brijeg x Borac Banja Luka   @7.20  2-3 GREEN R$+31
   12:00 Home      Raufoss x Stromsgodset             @9.80  0-2 GREEN R$+22
   12:00 Draw      Raufoss x Stromsgodset             @7.40  0-2 GREEN R$+30
   12:00 Draw      Stabaek x Sogndal                  @7.20  2-1 GREEN R$+31
   12:00 Draw      Kongsvinger x Hodd                 @7.40  AO Home Win GREEN R$+30
   12:00 Draw      NFC Volos x AEK Athens             @6.20  1-2 GREEN R$+37
   13:00 Draw      Omonia x Digenis Ypsona            @8.80  AO Home Win GREEN R$+24
   13:30 Draw      Kalamata x Panathinaikos           @6.20  0-1 GREEN R$+37
   14:00 Draw      Crvena Zvezda x Radnicki Nis       @9.80  3-0 GREEN R$+22
   14:15 Home      Brann x Bodo Glimt                 @5.10  2-1 RED R$-200
   15:00 Home      Panaitolikos x PAOK                @7.40  1-3 GREEN R$+30
   15:00 Draw      Sport Huancayo x UTC Cajamarca     @5.90  3-2 GREEN R$+39
   15:00 Draw      Dinamo Zagreb x Lokomotiva         @8.40  3-2 GREEN R$+26
   15:15 Draw      Lech Poznan x Radomiak Radom       @6.20  AO Home Win GREEN R$+37
   15:45 Draw      AC Milan x Lecce                   @6.40  3-0 GREEN R$+35
   15:45 Home      Marseille x Paris St-G             @7.20  1-2 GREEN R$+31
   16:00 2x2       Valencia x Real Sociedad           @16.50 2-3 GREEN R$+25
   16:00 Home      Sportivo San Lorenzo x Olimpia     @9.60  0-3 GREEN R$+22
   17:00 Over 4.5  CA Platense x Newells              @19.50 0-1 GREEN R$+21
   18:30 Draw      Flamengo x Red Bull Bragantino     @5.70  —
   20:00 2x2       Inter Miami CF x San Diego FC      @17.00 —
   21:00 Draw      Toluca x Santos Laguna             @7.60  —
   21:30 Over 4.5  Velez Sarsfield x Tigre            @20.00 —
sem gatilho.
2026-09-20 20:00 | banca R$ 4001 (composta (pagina 02, 749 jogos ate 2026-09-20)) | liquidados 37/41 | 33G/4R | P&L R$ +182.95 (+4.6%)
   07:15 Draw      Feyenoord x FC Utrecht             @6.60  AO Home Win GREEN R$+34
   08:30 Home      Antwerp x Union St Gilloise        @6.00  0-2 GREEN R$+38
   09:30 Draw      Az Alkmaar x SC Telstar            @7.60  1-0 GREEN R$+29
   09:30 Draw      Hartberg x LASK Linz               @6.40  3-3 RED R$-200
   10:00 Draw      Marumo Gallants FC x Orlando Pirat @5.20  0-2 GREEN R$+45
   10:00 0x3       NK Bravo x Olimpija                @26.00 2-1 GREEN R$+15
   10:00 2x2       Frosinone x Como                   @17.00 2-0 GREEN R$+24
   10:00 Home      Frosinone x Como                   @6.60  2-0 RED R$-200
   10:00 Over 4.5  Milford x Durban City              @19.50 1-1 GREEN R$+21
   10:00 Draw      Man City x Sunderland              @6.00  AO Home Win GREEN R$+38
   11:00 Draw      Trans Narva x FCI Tallinn          @8.40  1-1 RED R$-200
   11:00 Draw      Ponte Preta x CRB                  @6.40  1-0 GREEN R$+35
   11:00 Draw      Levadiakos x Olympiakos            @5.60  0-1 GREEN R$+41
   11:00 0x3       Gremio x SE Palmeiras              @23.00 0-0 GREEN R$+17
   11:00 Draw      Fenerbahce x Eyupspor              @9.20  AO Home Win GREEN R$+23
   11:30 Draw      Degerfors x Hammarby               @6.20  0-1 GREEN R$+37
   11:45 Home      Lokomotiv Plovdiv x CSKA Sofia     @8.00  1-1 GREEN R$+27
   12:00 Draw      Haugesund x Strommen               @6.60  AO Home Win GREEN R$+34
   12:00 Home      Siroki Brijeg x Borac Banja Luka   @7.20  2-3 GREEN R$+31
   12:00 Home      Raufoss x Stromsgodset             @9.80  0-2 GREEN R$+22
   12:00 Draw      Raufoss x Stromsgodset             @7.40  0-2 GREEN R$+30
   12:00 Draw      Stabaek x Sogndal                  @7.20  2-1 GREEN R$+31
   12:00 Draw      Kongsvinger x Hodd                 @7.40  AO Home Win GREEN R$+30
   12:00 Draw      NFC Volos x AEK Athens             @6.20  1-2 GREEN R$+37
   13:00 Draw      Omonia x Digenis Ypsona            @8.80  AO Home Win GREEN R$+24
   13:30 Draw      Kalamata x Panathinaikos           @6.20  0-1 GREEN R$+37
   14:00 Draw      Crvena Zvezda x Radnicki Nis       @9.80  3-0 GREEN R$+22
   14:15 Home      Brann x Bodo Glimt                 @5.10  2-1 RED R$-200
   15:00 Home      Panaitolikos x PAOK                @7.40  1-3 GREEN R$+30
   15:00 Draw      Sport Huancayo x UTC Cajamarca     @5.90  3-2 GREEN R$+39
   15:00 Draw      Dinamo Zagreb x Lokomotiva         @8.40  3-2 GREEN R$+26
   15:15 Draw      Lech Poznan x Radomiak Radom       @6.20  AO Home Win GREEN R$+37
   15:45 Draw      AC Milan x Lecce                   @6.40  3-0 GREEN R$+35
   15:45 Home      Marseille x Paris St-G             @7.20  1-2 GREEN R$+31
   16:00 2x2       Valencia x Real Sociedad           @16.50 2-3 GREEN R$+25
   16:00 Home      Sportivo San Lorenzo x Olimpia     @9.60  0-3 GREEN R$+22
   17:00 Over 4.5  CA Platense x Newells              @19.50 0-1 GREEN R$+21
   18:30 Draw      Flamengo x Red Bull Bragantino     @5.70  —
   20:00 2x2       Inter Miami CF x San Diego FC      @17.00 —
   21:00 Draw      Toluca x Santos Laguna             @7.60  —
   21:30 Over 4.5  Velez Sarsfield x Tigre            @20.00 —
sem gatilho.
Traceback (most recent call last):
  File "C:\Users\thiag\OneDrive\Documentos\GitHub\ARKAD_PROD\stop_diario.py", line 224, in <module>
    main()
  File "C:\Users\thiag\OneDrive\Documentos\GitHub\ARKAD_PROD\stop_diario.py", line 205, in main
    D = avaliar_dia(dia, agora, of)
        ^^^^^^^^^^^^^^^^^^^^^^^^^^^
  File "C:\Users\thiag\OneDrive\Documentos\GitHub\ARKAD_PROD\stop_diario.py", line 141, in avaliar_dia
    g = pd.read_excel(f)
        ^^^^^^^^^^^^^^^^
  File "C:\Users\thiag\anaconda3\envs\streamlit_env\Lib\site-packages\pandas\io\excel\_base.py", line 495, in read_excel
    io = ExcelFile(
         ^^^^^^^^^^
  File "C:\Users\thiag\anaconda3\envs\streamlit_env\Lib\site-packages\pandas\io\excel\_base.py", line 1550, in __init__
    ext = inspect_excel_format(
          ^^^^^^^^^^^^^^^^^^^^^
  File "C:\Users\thiag\anaconda3\envs\streamlit_env\Lib\site-packages\pandas\io\excel\_base.py", line 1402, in inspect_excel_format
    with get_handle(
         ^^^^^^^^^^^
  File "C:\Users\thiag\anaconda3\envs\streamlit_env\Lib\site-packages\pandas\io\common.py", line 882, in get_handle
    handle = open(handle, ioargs.mode)
             ^^^^^^^^^^^^^^^^^^^^^^^^^
PermissionError: [Errno 13] Permission denied: 'C:\\Users\\thiag\\OneDrive\\Documentos\\GitHub\\ARKAD_PROD\\metodos_aprovados\\Sinais_Metodos_Aprovados_2026-09-20.xlsx'
Traceback (most recent call last):
  File "C:\Users\thiag\OneDrive\Documentos\GitHub\ARKAD_PROD\stop_diario.py", line 224, in <module>
    main()
  File "C:\Users\thiag\OneDrive\Documentos\GitHub\ARKAD_PROD\stop_diario.py", line 205, in main
    D = avaliar_dia(dia, agora, of)
        ^^^^^^^^^^^^^^^^^^^^^^^^^^^
  File "C:\Users\thiag\OneDrive\Documentos\GitHub\ARKAD_PROD\stop_diario.py", line 141, in avaliar_dia
    g = pd.read_excel(f)
        ^^^^^^^^^^^^^^^^
  File "C:\Users\thiag\anaconda3\envs\streamlit_env\Lib\site-packages\pandas\io\excel\_base.py", line 495, in read_excel
    io = ExcelFile(
         ^^^^^^^^^^
  File "C:\Users\thiag\anaconda3\envs\streamlit_env\Lib\site-packages\pandas\io\excel\_base.py", line 1550, in __init__
    ext = inspect_excel_format(
          ^^^^^^^^^^^^^^^^^^^^^
  File "C:\Users\thiag\anaconda3\envs\streamlit_env\Lib\site-packages\pandas\io\excel\_base.py", line 1402, in inspect_excel_format
    with get_handle(
         ^^^^^^^^^^^
  File "C:\Users\thiag\anaconda3\envs\streamlit_env\Lib\site-packages\pandas\io\common.py", line 882, in get_handle
    handle = open(handle, ioargs.mode)
             ^^^^^^^^^^^^^^^^^^^^^^^^^
PermissionError: [Errno 13] Permission denied: 'C:\\Users\\thiag\\OneDrive\\Documentos\\GitHub\\ARKAD_PROD\\metodos_aprovados\\Sinais_Metodos_Aprovados_2026-09-20.xlsx'
2026-09-20 20:15 | banca R$ 4075 (composta (pagina 02, 751 jogos ate 2026-09-20)) | liquidados 40/41 | 36G/4R | P&L R$ +294.36 (+7.2%)
   07:00 0x3       FK Kudrivka x Kolos Kovalyovka     @19.50 2-3 GREEN R$+21
   07:15 Draw      Feyenoord x FC Utrecht             @6.40  AO Home Win GREEN R$+36
   07:30 2x2       Fiorentina x Napoli                @16.00 1-1 GREEN R$+26
   08:30 Home      Antwerp x Union St Gilloise        @6.40  0-2 GREEN R$+36
   09:30 Draw      Hartberg x LASK Linz               @5.70  3-3 RED R$-204
   09:30 Home      Hartberg x LASK Linz               @9.60  3-3 GREEN R$+23
   09:30 Draw      Az Alkmaar x SC Telstar            @6.80  1-0 GREEN R$+33
   10:00 Home      Frosinone x Como                   @6.80  2-0 RED R$-204
   10:00 Draw      Marumo Gallants FC x Orlando Pirat @5.30  0-2 GREEN R$+45
   10:00 0x3       NK Bravo x Olimpija                @23.00 2-1 GREEN R$+18
   10:00 Draw      Man City x Sunderland              @5.80  AO Home Win GREEN R$+40
   11:00 0x3       Gremio x SE Palmeiras              @23.00 0-0 GREEN R$+18
   11:00 Draw      Ponte Preta x CRB                  @6.00  1-0 GREEN R$+39
   11:00 Draw      Trans Narva x FCI Tallinn          @6.60  1-1 RED R$-204
   11:00 Home      Trans Narva x FCI Tallinn          @9.00  1-1 GREEN R$+24
   11:00 Draw      Levadiakos x Olympiakos            @5.20  0-1 GREEN R$+46
   11:00 Draw      Fenerbahce x Eyupspor              @9.20  AO Home Win GREEN R$+24
   11:30 Draw      Degerfors x Hammarby               @5.90  0-1 GREEN R$+40
   11:45 Home      Lokomotiv Plovdiv x CSKA Sofia     @7.80  1-1 GREEN R$+28
   12:00 Draw      Stabaek x Sogndal                  @6.60  2-1 GREEN R$+35
   12:00 Draw      Viking x Lillestrom                @7.00  3-0 GREEN R$+32
   12:00 Draw      Raufoss x Stromsgodset             @8.20  0-2 GREEN R$+27
   12:00 Draw      Haugesund x Strommen               @7.00  AO Home Win GREEN R$+32
   12:00 Draw      NFC Volos x AEK Athens             @6.20  1-2 GREEN R$+37
   12:00 Draw      Kongsvinger x Hodd                 @7.20  AO Home Win GREEN R$+31
   13:00 Draw      Omonia x Digenis Ypsona            @7.80  AO Home Win GREEN R$+28
   13:30 Draw      Kalamata x Panathinaikos           @6.80  0-1 GREEN R$+33
   14:15 2x2       Brann x Bodo Glimt                 @15.00 2-1 GREEN R$+28
   14:15 Home      Brann x Bodo Glimt                 @5.50  2-1 RED R$-204
   15:00 Draw      Sport Huancayo x UTC Cajamarca     @7.60  3-2 GREEN R$+29
   15:00 Draw      Dinamo Zagreb x Lokomotiva         @9.20  3-2 GREEN R$+24
   15:00 Home      Panaitolikos x PAOK                @8.60  1-3 GREEN R$+25
   15:15 Draw      Lech Poznan x Radomiak Radom       @6.20  AO Home Win GREEN R$+37
   15:45 Home      Marseille x Paris St-G             @7.80  1-2 GREEN R$+28
   15:45 Draw      AC Milan x Lecce                   @7.00  3-0 GREEN R$+32
   16:00 Draw      Sportivo San Lorenzo x Olimpia     @5.60  0-3 GREEN R$+42
   16:00 Home      Sportivo San Lorenzo x Olimpia     @10.00 0-3 GREEN R$+22
   16:30 2x2       Porto x Benfica                    @15.00 3-1 GREEN R$+28
   17:00 Over 4.5  CA Platense x Newells              @18.50 0-1 GREEN R$+22
   18:30 Draw      Flamengo x Red Bull Bragantino     @5.80  2-0 GREEN R$+40
   21:00 Draw      Toluca x Santos Laguna             @8.00  —
sem gatilho.
