2026-10-02 09:30:03 [INFO]: --- INICIANDO CHECAGEM AGENDADA: EUROPA, TURQUIA & JAPÃO ---
2026-10-02 09:30:04 [INFO]: response: https://www.google.com/travel/flights?tfs=GhoSCjIwMjYtMTEtMTBqBRIDR1JVcgUSA01BRBoaEgoyMDI2LTExLTIwagUSA01BRHIFEgNHUlVCAQFIAZgBAQ%3D%3D&hl=pt-BR&tfu=EgQIABABIgA&curr=BRL 200
2026-10-02 09:30:07 [INFO]: response: https://www.google.com/travel/flights?tfs=GhoSCjIwMjYtMTEtMjBqBRIDR1JVcgUSA01BRBoaEgoyMDI2LTExLTMwagUSA01BRHIFEgNHUlVCAQFIAZgBAQ%3D%3D&hl=pt-BR&tfu=EgQIABABIgA&curr=BRL 200
2026-10-02 09:30:09 [INFO]: response: https://www.google.com/travel/flights?tfs=GhoSCjIwMjctMDItMTBqBRIDR1JVcgUSA01BRBoaEgoyMDI3LTAyLTIwagUSA01BRHIFEgNHUlVCAQFIAZgBAQ%3D%3D&hl=pt-BR&tfu=EgQIABABIgA&curr=BRL 200
2026-10-02 09:30:12 [INFO]: response: https://www.google.com/travel/flights?tfs=GhoSCjIwMjctMDItMjBqBRIDR1JVcgUSA01BRBoaEgoyMDI3LTAzLTAyagUSA01BRHIFEgNHUlVCAQFIAZgBAQ%3D%3D&hl=pt-BR&tfu=EgQIABABIgA&curr=BRL 200
2026-10-02 09:30:15 [INFO]: response: https://www.google.com/travel/flights?tfs=GhoSCjIwMjctMDMtMTBqBRIDR1JVcgUSA01BRBoaEgoyMDI3LTAzLTIwagUSA01BRHIFEgNHUlVCAQFIAZgBAQ%3D%3D&hl=pt-BR&tfu=EgQIABABIgA&curr=BRL 200
2026-10-02 09:30:17 [INFO]: response: https://www.google.com/travel/flights?tfs=GhoSCjIwMjctMDMtMjBqBRIDR1JVcgUSA01BRBoaEgoyMDI3LTAzLTMwagUSA01BRHIFEgNHUlVCAQFIAZgBAQ%3D%3D&hl=pt-BR&tfu=EgQIABABIgA&curr=BRL 200
2026-10-02 09:30:20 [INFO]: response: https://www.google.com/travel/flights?tfs=GhoSCjIwMjctMDQtMTBqBRIDR1JVcgUSA01BRBoaEgoyMDI3LTA0LTIwagUSA01BRHIFEgNHUlVCAQFIAZgBAQ%3D%3D&hl=pt-BR&tfu=EgQIABABIgA&curr=BRL 200
2026-10-02 09:30:23 [INFO]: response: https://www.google.com/travel/flights?tfs=GhoSCjIwMjctMDQtMjBqBRIDR1JVcgUSA01BRBoaEgoyMDI3LTA0LTMwagUSA01BRHIFEgNHUlVCAQFIAZgBAQ%3D%3D&hl=pt-BR&tfu=EgQIABABIgA&curr=BRL 200
2026-10-02 09:30:26 [INFO]: response: https://www.google.com/travel/flights?tfs=GhoSCjIwMjctMDUtMTBqBRIDR1JVcgUSA01BRBoaEgoyMDI3LTA1LTIwagUSA01BRHIFEgNHUlVCAQFIAZgBAQ%3D%3D&hl=pt-BR&tfu=EgQIABABIgA&curr=BRL 200
2026-10-02 09:30:29 [INFO]: response: https://www.google.com/travel/flights?tfs=GhoSCjIwMjctMDUtMTBqBRIDR1JVcgUSA01BRBoaEgoyMDI3LTA1LTIwagUSA01BRHIFEgNHUlVCAQFIAZgBAQ%3D%3D&hl=pt-BR&tfu=EgQIABABIgA&curr=BRL 200
2026-10-02 09:30:32 [INFO]: response: https://www.google.com/travel/flights?tfs=GhoSCjIwMjctMDUtMjBqBRIDR1JVcgUSA01BRBoaEgoyMDI3LTA1LTMwagUSA01BRHIFEgNHUlVCAQFIAZgBAQ%3D%3D&hl=pt-BR&tfu=EgQIABABIgA&curr=BRL 200
2026-10-02 09:30:35 [INFO]: response: https://www.google.com/travel/flights?tfs=GhoSCjIwMjctMDYtMTBqBRIDR1JVcgUSA01BRBoaEgoyMDI3LTA2LTIwagUSA01BRHIFEgNHUlVCAQFIAZgBAQ%3D%3D&hl=pt-BR&tfu=EgQIABABIgA&curr=BRL 200
2026-10-02 09:30:38 [INFO]: response: https://www.google.com/travel/flights?tfs=GhoSCjIwMjctMDYtMjBqBRIDR1JVcgUSA01BRBoaEgoyMDI3LTA2LTMwagUSA01BRHIFEgNHUlVCAQFIAZgBAQ%3D%3D&hl=pt-BR&tfu=EgQIABABIgA&curr=BRL 200
2026-10-02 09:30:41 [INFO]: response: https://www.google.com/travel/flights?tfs=GhoSCjIwMjYtMTEtMTBqBRIDQ05GcgUSA01BRBoaEgoyMDI2LTExLTIwagUSA01BRHIFEgNDTkZCAQFIAZgBAQ%3D%3D&hl=pt-BR&tfu=EgQIABABIgA&curr=BRL 200
2026-10-02 09:30:45 [INFO]: response: https://www.google.com/travel/flights?tfs=GhoSCjIwMjYtMTEtMTBqBRIDQ05GcgUSA01BRBoaEgoyMDI2LTExLTIwagUSA01BRHIFEgNDTkZCAQFIAZgBAQ%3D%3D&hl=pt-BR&tfu=EgQIABABIgA&curr=BRL 200
2026-10-02 09:30:48 [INFO]: response: https://www.google.com/travel/flights?tfs=GhoSCjIwMjYtMTEtMjBqBRIDQ05GcgUSA01BRBoaEgoyMDI2LTExLTMwagUSA01BRHIFEgNDTkZCAQFIAZgBAQ%3D%3D&hl=pt-BR&tfu=EgQIABABIgA&curr=BRL 200
2026-10-02 09:30:51 [INFO]: response: https://www.google.com/travel/flights?tfs=GhoSCjIwMjctMDItMTBqBRIDQ05GcgUSA01BRBoaEgoyMDI3LTAyLTIwagUSA01BRHIFEgNDTkZCAQFIAZgBAQ%3D%3D&hl=pt-BR&tfu=EgQIABABIgA&curr=BRL 200
2026-10-02 09:30:54 [INFO]: response: https://www.google.com/travel/flights?tfs=GhoSCjIwMjctMDItMjBqBRIDQ05GcgUSA01BRBoaEgoyMDI3LTAzLTAyagUSA01BRHIFEgNDTkZCAQFIAZgBAQ%3D%3D&hl=pt-BR&tfu=EgQIABABIgA&curr=BRL 200
2026-10-02 09:30:57 [INFO]: response: https://www.google.com/travel/flights?tfs=GhoSCjIwMjctMDMtMTBqBRIDQ05GcgUSA01BRBoaEgoyMDI3LTAzLTIwagUSA01BRHIFEgNDTkZCAQFIAZgBAQ%3D%3D&hl=pt-BR&tfu=EgQIABABIgA&curr=BRL 200
2026-10-02 09:31:00 [INFO]: response: https://www.google.com/travel/flights?tfs=GhoSCjIwMjctMDMtMjBqBRIDQ05GcgUSA01BRBoaEgoyMDI3LTAzLTMwagUSA01BRHIFEgNDTkZCAQFIAZgBAQ%3D%3D&hl=pt-BR&tfu=EgQIABABIgA&curr=BRL 200
2026-10-02 09:31:03 [INFO]: response: https://www.google.com/travel/flights?tfs=GhoSCjIwMjctMDMtMjBqBRIDQ05GcgUSA01BRBoaEgoyMDI3LTAzLTMwagUSA01BRHIFEgNDTkZCAQFIAZgBAQ%3D%3D&hl=pt-BR&tfu=EgQIABABIgA&curr=BRL 200
2026-10-02 09:31:06 [INFO]: response: https://www.google.com/travel/flights?tfs=GhoSCjIwMjctMDQtMTBqBRIDQ05GcgUSA01BRBoaEgoyMDI3LTA0LTIwagUSA01BRHIFEgNDTkZCAQFIAZgBAQ%3D%3D&hl=pt-BR&tfu=EgQIABABIgA&curr=BRL 200
2026-10-02 09:31:09 [INFO]: response: https://www.google.com/travel/flights?tfs=GhoSCjIwMjctMDQtMjBqBRIDQ05GcgUSA01BRBoaEgoyMDI3LTA0LTMwagUSA01BRHIFEgNDTkZCAQFIAZgBAQ%3D%3D&hl=pt-BR&tfu=EgQIABABIgA&curr=BRL 200
2026-10-02 09:31:12 [INFO]: response: https://www.google.com/travel/flights?tfs=GhoSCjIwMjctMDUtMTBqBRIDQ05GcgUSA01BRBoaEgoyMDI3LTA1LTIwagUSA01BRHIFEgNDTkZCAQFIAZgBAQ%3D%3D&hl=pt-BR&tfu=EgQIABABIgA&curr=BRL 200
2026-10-02 09:31:15 [INFO]: response: https://www.google.com/travel/flights?tfs=GhoSCjIwMjctMDUtMjBqBRIDQ05GcgUSA01BRBoaEgoyMDI3LTA1LTMwagUSA01BRHIFEgNDTkZCAQFIAZgBAQ%3D%3D&hl=pt-BR&tfu=EgQIABABIgA&curr=BRL 200
2026-10-02 09:31:18 [INFO]: response: https://www.google.com/travel/flights?tfs=GhoSCjIwMjctMDYtMTBqBRIDQ05GcgUSA01BRBoaEgoyMDI3LTA2LTIwagUSA01BRHIFEgNDTkZCAQFIAZgBAQ%3D%3D&hl=pt-BR&tfu=EgQIABABIgA&curr=BRL 200
2026-10-02 09:31:21 [INFO]: response: https://www.google.com/travel/flights?tfs=GhoSCjIwMjctMDYtMjBqBRIDQ05GcgUSA01BRBoaEgoyMDI3LTA2LTMwagUSA01BRHIFEgNDTkZCAQFIAZgBAQ%3D%3D&hl=pt-BR&tfu=EgQIABABIgA&curr=BRL 200
2026-10-02 09:31:24 [INFO]: response: https://www.google.com/travel/flights?tfs=GhoSCjIwMjctMDYtMjBqBRIDQ05GcgUSA01BRBoaEgoyMDI3LTA2LTMwagUSA01BRHIFEgNDTkZCAQFIAZgBAQ%3D%3D&hl=pt-BR&tfu=EgQIABABIgA&curr=BRL 200
2026-10-02 09:31:28 [INFO]: response: https://www.google.com/travel/flights?tfs=GhoSCjIwMjYtMTEtMTBqBRIDR0lHcgUSA01BRBoaEgoyMDI2LTExLTIwagUSA01BRHIFEgNHSUdCAQFIAZgBAQ%3D%3D&hl=pt-BR&tfu=EgQIABABIgA&curr=BRL 200
2026-10-02 09:31:31 [INFO]: response: https://www.google.com/travel/flights?tfs=GhoSCjIwMjYtMTEtMjBqBRIDR0lHcgUSA01BRBoaEgoyMDI2LTExLTMwagUSA01BRHIFEgNHSUdCAQFIAZgBAQ%3D%3D&hl=pt-BR&tfu=EgQIABABIgA&curr=BRL 200
2026-10-02 09:31:34 [INFO]: response: https://www.google.com/travel/flights?tfs=GhoSCjIwMjctMDItMTBqBRIDR0lHcgUSA01BRBoaEgoyMDI3LTAyLTIwagUSA01BRHIFEgNHSUdCAQFIAZgBAQ%3D%3D&hl=pt-BR&tfu=EgQIABABIgA&curr=BRL 200
2026-10-02 09:31:37 [INFO]: response: https://www.google.com/travel/flights?tfs=GhoSCjIwMjctMDItMjBqBRIDR0lHcgUSA01BRBoaEgoyMDI3LTAzLTAyagUSA01BRHIFEgNHSUdCAQFIAZgBAQ%3D%3D&hl=pt-BR&tfu=EgQIABABIgA&curr=BRL 200
2026-10-02 09:31:41 [INFO]: response: https://www.google.com/travel/flights?tfs=GhoSCjIwMjctMDMtMTBqBRIDR0lHcgUSA01BRBoaEgoyMDI3LTAzLTIwagUSA01BRHIFEgNHSUdCAQFIAZgBAQ%3D%3D&hl=pt-BR&tfu=EgQIABABIgA&curr=BRL 200
2026-10-02 09:31:44 [INFO]: response: https://www.google.com/travel/flights?tfs=GhoSCjIwMjctMDMtMjBqBRIDR0lHcgUSA01BRBoaEgoyMDI3LTAzLTMwagUSA01BRHIFEgNHSUdCAQFIAZgBAQ%3D%3D&hl=pt-BR&tfu=EgQIABABIgA&curr=BRL 200
2026-10-02 09:31:47 [INFO]: response: https://www.google.com/travel/flights?tfs=GhoSCjIwMjctMDQtMTBqBRIDR0lHcgUSA01BRBoaEgoyMDI3LTA0LTIwagUSA01BRHIFEgNHSUdCAQFIAZgBAQ%3D%3D&hl=pt-BR&tfu=EgQIABABIgA&curr=BRL 200
2026-10-02 09:31:50 [INFO]: response: https://www.google.com/travel/flights?tfs=GhoSCjIwMjctMDQtMjBqBRIDR0lHcgUSA01BRBoaEgoyMDI3LTA0LTMwagUSA01BRHIFEgNHSUdCAQFIAZgBAQ%3D%3D&hl=pt-BR&tfu=EgQIABABIgA&curr=BRL 200
2026-10-02 09:31:53 [INFO]: response: https://www.google.com/travel/flights?tfs=GhoSCjIwMjctMDUtMTBqBRIDR0lHcgUSA01BRBoaEgoyMDI3LTA1LTIwagUSA01BRHIFEgNHSUdCAQFIAZgBAQ%3D%3D&hl=pt-BR&tfu=EgQIABABIgA&curr=BRL 200
2026-10-02 09:31:56 [INFO]: response: https://www.google.com/travel/flights?tfs=GhoSCjIwMjctMDUtMjBqBRIDR0lHcgUSA01BRBoaEgoyMDI3LTA1LTMwagUSA01BRHIFEgNHSUdCAQFIAZgBAQ%3D%3D&hl=pt-BR&tfu=EgQIABABIgA&curr=BRL 200
2026-10-02 09:32:00 [INFO]: response: https://www.google.com/travel/flights?tfs=GhoSCjIwMjctMDYtMTBqBRIDR0lHcgUSA01BRBoaEgoyMDI3LTA2LTIwagUSA01BRHIFEgNHSUdCAQFIAZgBAQ%3D%3D&hl=pt-BR&tfu=EgQIABABIgA&curr=BRL 200
2026-10-02 09:32:03 [INFO]: response: https://www.google.com/travel/flights?tfs=GhoSCjIwMjctMDYtMTBqBRIDR0lHcgUSA01BRBoaEgoyMDI3LTA2LTIwagUSA01BRHIFEgNHSUdCAQFIAZgBAQ%3D%3D&hl=pt-BR&tfu=EgQIABABIgA&curr=BRL 200
2026-10-02 09:32:07 [INFO]: response: https://www.google.com/travel/flights?tfs=GhoSCjIwMjctMDYtMjBqBRIDR0lHcgUSA01BRBoaEgoyMDI3LTA2LTMwagUSA01BRHIFEgNHSUdCAQFIAZgBAQ%3D%3D&hl=pt-BR&tfu=EgQIABABIgA&curr=BRL 200
2026-10-02 09:32:10 [INFO]: response: https://www.google.com/travel/flights?tfs=GhoSCjIwMjctMDYtMjBqBRIDR0lHcgUSA01BRBoaEgoyMDI3LTA2LTMwagUSA01BRHIFEgNHSUdCAQFIAZgBAQ%3D%3D&hl=pt-BR&tfu=EgQIABABIgA&curr=BRL 200
2026-10-02 09:32:14 [INFO]: response: https://www.google.com/travel/flights?tfs=GhoSCjIwMjYtMTEtMTBqBRIDR1JVcgUSA0JDThoaEgoyMDI2LTExLTIwagUSA0JDTnIFEgNHUlVCAQFIAZgBAQ%3D%3D&hl=pt-BR&tfu=EgQIABABIgA&curr=BRL 200
2026-10-02 09:32:17 [INFO]: response: https://www.google.com/travel/flights?tfs=GhoSCjIwMjYtMTEtMTBqBRIDR1JVcgUSA0JDThoaEgoyMDI2LTExLTIwagUSA0JDTnIFEgNHUlVCAQFIAZgBAQ%3D%3D&hl=pt-BR&tfu=EgQIABABIgA&curr=BRL 200
2026-10-02 09:32:20 [INFO]: response: https://www.google.com/travel/flights?tfs=GhoSCjIwMjYtMTEtMjBqBRIDR1JVcgUSA0JDThoaEgoyMDI2LTExLTMwagUSA0JDTnIFEgNHUlVCAQFIAZgBAQ%3D%3D&hl=pt-BR&tfu=EgQIABABIgA&curr=BRL 200
2026-10-02 09:32:23 [INFO]: response: https://www.google.com/travel/flights?tfs=GhoSCjIwMjctMDItMTBqBRIDR1JVcgUSA0JDThoaEgoyMDI3LTAyLTIwagUSA0JDTnIFEgNHUlVCAQFIAZgBAQ%3D%3D&hl=pt-BR&tfu=EgQIABABIgA&curr=BRL 200
2026-10-02 09:32:27 [INFO]: response: https://www.google.com/travel/flights?tfs=GhoSCjIwMjctMDItMjBqBRIDR1JVcgUSA0JDThoaEgoyMDI3LTAzLTAyagUSA0JDTnIFEgNHUlVCAQFIAZgBAQ%3D%3D&hl=pt-BR&tfu=EgQIABABIgA&curr=BRL 200
2026-10-02 09:32:30 [INFO]: response: https://www.google.com/travel/flights?tfs=GhoSCjIwMjctMDMtMTBqBRIDR1JVcgUSA0JDThoaEgoyMDI3LTAzLTIwagUSA0JDTnIFEgNHUlVCAQFIAZgBAQ%3D%3D&hl=pt-BR&tfu=EgQIABABIgA&curr=BRL 200
2026-10-02 09:32:33 [INFO]: response: https://www.google.com/travel/flights?tfs=GhoSCjIwMjctMDMtMTBqBRIDR1JVcgUSA0JDThoaEgoyMDI3LTAzLTIwagUSA0JDTnIFEgNHUlVCAQFIAZgBAQ%3D%3D&hl=pt-BR&tfu=EgQIABABIgA&curr=BRL 200
2026-10-02 09:32:36 [INFO]: response: https://www.google.com/travel/flights?tfs=GhoSCjIwMjctMDMtMjBqBRIDR1JVcgUSA0JDThoaEgoyMDI3LTAzLTMwagUSA0JDTnIFEgNHUlVCAQFIAZgBAQ%3D%3D&hl=pt-BR&tfu=EgQIABABIgA&curr=BRL 200
2026-10-02 09:32:39 [INFO]: response: https://www.google.com/travel/flights?tfs=GhoSCjIwMjctMDMtMjBqBRIDR1JVcgUSA0JDThoaEgoyMDI3LTAzLTMwagUSA0JDTnIFEgNHUlVCAQFIAZgBAQ%3D%3D&hl=pt-BR&tfu=EgQIABABIgA&curr=BRL 200
2026-10-02 09:32:42 [INFO]: response: https://www.google.com/travel/flights?tfs=GhoSCjIwMjctMDQtMTBqBRIDR1JVcgUSA0JDThoaEgoyMDI3LTA0LTIwagUSA0JDTnIFEgNHUlVCAQFIAZgBAQ%3D%3D&hl=pt-BR&tfu=EgQIABABIgA&curr=BRL 200
2026-10-02 09:32:45 [INFO]: response: https://www.google.com/travel/flights?tfs=GhoSCjIwMjctMDQtMjBqBRIDR1JVcgUSA0JDThoaEgoyMDI3LTA0LTMwagUSA0JDTnIFEgNHUlVCAQFIAZgBAQ%3D%3D&hl=pt-BR&tfu=EgQIABABIgA&curr=BRL 200
2026-10-02 09:32:47 [INFO]: response: https://www.google.com/travel/flights?tfs=GhoSCjIwMjctMDUtMTBqBRIDR1JVcgUSA0JDThoaEgoyMDI3LTA1LTIwagUSA0JDTnIFEgNHUlVCAQFIAZgBAQ%3D%3D&hl=pt-BR&tfu=EgQIABABIgA&curr=BRL 200
2026-10-02 09:32:51 [INFO]: response: https://www.google.com/travel/flights?tfs=GhoSCjIwMjctMDUtMTBqBRIDR1JVcgUSA0JDThoaEgoyMDI3LTA1LTIwagUSA0JDTnIFEgNHUlVCAQFIAZgBAQ%3D%3D&hl=pt-BR&tfu=EgQIABABIgA&curr=BRL 200
2026-10-02 09:32:53 [INFO]: response: https://www.google.com/travel/flights?tfs=GhoSCjIwMjctMDUtMjBqBRIDR1JVcgUSA0JDThoaEgoyMDI3LTA1LTMwagUSA0JDTnIFEgNHUlVCAQFIAZgBAQ%3D%3D&hl=pt-BR&tfu=EgQIABABIgA&curr=BRL 200
2026-10-02 09:32:56 [INFO]: response: https://www.google.com/travel/flights?tfs=GhoSCjIwMjctMDYtMTBqBRIDR1JVcgUSA0JDThoaEgoyMDI3LTA2LTIwagUSA0JDTnIFEgNHUlVCAQFIAZgBAQ%3D%3D&hl=pt-BR&tfu=EgQIABABIgA&curr=BRL 200
2026-10-02 09:32:59 [INFO]: response: https://www.google.com/travel/flights?tfs=GhoSCjIwMjctMDYtMjBqBRIDR1JVcgUSA0JDThoaEgoyMDI3LTA2LTMwagUSA0JDTnIFEgNHUlVCAQFIAZgBAQ%3D%3D&hl=pt-BR&tfu=EgQIABABIgA&curr=BRL 200
2026-10-02 09:33:02 [INFO]: response: https://www.google.com/travel/flights?tfs=GhoSCjIwMjYtMTEtMTBqBRIDQ05GcgUSA0JDThoaEgoyMDI2LTExLTIwagUSA0JDTnIFEgNDTkZCAQFIAZgBAQ%3D%3D&hl=pt-BR&tfu=EgQIABABIgA&curr=BRL 200
2026-10-02 09:33:05 [INFO]: response: https://www.google.com/travel/flights?tfs=GhoSCjIwMjYtMTEtMTBqBRIDQ05GcgUSA0JDThoaEgoyMDI2LTExLTIwagUSA0JDTnIFEgNDTkZCAQFIAZgBAQ%3D%3D&hl=pt-BR&tfu=EgQIABABIgA&curr=BRL 200
2026-10-02 09:33:08 [INFO]: response: https://www.google.com/travel/flights?tfs=GhoSCjIwMjYtMTEtMjBqBRIDQ05GcgUSA0JDThoaEgoyMDI2LTExLTMwagUSA0JDTnIFEgNDTkZCAQFIAZgBAQ%3D%3D&hl=pt-BR&tfu=EgQIABABIgA&curr=BRL 200
2026-10-02 09:33:12 [INFO]: response: https://www.google.com/travel/flights?tfs=GhoSCjIwMjctMDItMTBqBRIDQ05GcgUSA0JDThoaEgoyMDI3LTAyLTIwagUSA0JDTnIFEgNDTkZCAQFIAZgBAQ%3D%3D&hl=pt-BR&tfu=EgQIABABIgA&curr=BRL 200
2026-10-02 09:33:15 [INFO]: response: https://www.google.com/travel/flights?tfs=GhoSCjIwMjctMDItMjBqBRIDQ05GcgUSA0JDThoaEgoyMDI3LTAzLTAyagUSA0JDTnIFEgNDTkZCAQFIAZgBAQ%3D%3D&hl=pt-BR&tfu=EgQIABABIgA&curr=BRL 200
2026-10-02 09:33:18 [INFO]: response: https://www.google.com/travel/flights?tfs=GhoSCjIwMjctMDMtMTBqBRIDQ05GcgUSA0JDThoaEgoyMDI3LTAzLTIwagUSA0JDTnIFEgNDTkZCAQFIAZgBAQ%3D%3D&hl=pt-BR&tfu=EgQIABABIgA&curr=BRL 200
2026-10-02 09:33:21 [INFO]: response: https://www.google.com/travel/flights?tfs=GhoSCjIwMjctMDMtMjBqBRIDQ05GcgUSA0JDThoaEgoyMDI3LTAzLTMwagUSA0JDTnIFEgNDTkZCAQFIAZgBAQ%3D%3D&hl=pt-BR&tfu=EgQIABABIgA&curr=BRL 200
2026-10-02 09:33:24 [INFO]: response: https://www.google.com/travel/flights?tfs=GhoSCjIwMjctMDMtMjBqBRIDQ05GcgUSA0JDThoaEgoyMDI3LTAzLTMwagUSA0JDTnIFEgNDTkZCAQFIAZgBAQ%3D%3D&hl=pt-BR&tfu=EgQIABABIgA&curr=BRL 200
2026-10-02 09:33:27 [INFO]: response: https://www.google.com/travel/flights?tfs=GhoSCjIwMjctMDQtMTBqBRIDQ05GcgUSA0JDThoaEgoyMDI3LTA0LTIwagUSA0JDTnIFEgNDTkZCAQFIAZgBAQ%3D%3D&hl=pt-BR&tfu=EgQIABABIgA&curr=BRL 200
2026-10-02 09:33:30 [INFO]: response: https://www.google.com/travel/flights?tfs=GhoSCjIwMjctMDQtMjBqBRIDQ05GcgUSA0JDThoaEgoyMDI3LTA0LTMwagUSA0JDTnIFEgNDTkZCAQFIAZgBAQ%3D%3D&hl=pt-BR&tfu=EgQIABABIgA&curr=BRL 200
2026-10-02 09:33:34 [INFO]: response: https://www.google.com/travel/flights?tfs=GhoSCjIwMjctMDUtMTBqBRIDQ05GcgUSA0JDThoaEgoyMDI3LTA1LTIwagUSA0JDTnIFEgNDTkZCAQFIAZgBAQ%3D%3D&hl=pt-BR&tfu=EgQIABABIgA&curr=BRL 200
2026-10-02 09:33:37 [INFO]: response: https://www.google.com/travel/flights?tfs=GhoSCjIwMjctMDUtMTBqBRIDQ05GcgUSA0JDThoaEgoyMDI3LTA1LTIwagUSA0JDTnIFEgNDTkZCAQFIAZgBAQ%3D%3D&hl=pt-BR&tfu=EgQIABABIgA&curr=BRL 200
2026-10-02 09:33:40 [INFO]: response: https://www.google.com/travel/flights?tfs=GhoSCjIwMjctMDUtMjBqBRIDQ05GcgUSA0JDThoaEgoyMDI3LTA1LTMwagUSA0JDTnIFEgNDTkZCAQFIAZgBAQ%3D%3D&hl=pt-BR&tfu=EgQIABABIgA&curr=BRL 200
2026-10-02 09:33:43 [INFO]: response: https://www.google.com/travel/flights?tfs=GhoSCjIwMjctMDYtMTBqBRIDQ05GcgUSA0JDThoaEgoyMDI3LTA2LTIwagUSA0JDTnIFEgNDTkZCAQFIAZgBAQ%3D%3D&hl=pt-BR&tfu=EgQIABABIgA&curr=BRL 200
2026-10-02 09:33:45 [INFO]: response: https://www.google.com/travel/flights?tfs=GhoSCjIwMjctMDYtMTBqBRIDQ05GcgUSA0JDThoaEgoyMDI3LTA2LTIwagUSA0JDTnIFEgNDTkZCAQFIAZgBAQ%3D%3D&hl=pt-BR&tfu=EgQIABABIgA&curr=BRL 200
2026-10-02 09:33:48 [INFO]: response: https://www.google.com/travel/flights?tfs=GhoSCjIwMjctMDYtMjBqBRIDQ05GcgUSA0JDThoaEgoyMDI3LTA2LTMwagUSA0JDTnIFEgNDTkZCAQFIAZgBAQ%3D%3D&hl=pt-BR&tfu=EgQIABABIgA&curr=BRL 200
2026-10-02 09:33:50 [INFO]: response: https://www.google.com/travel/flights?tfs=GhoSCjIwMjctMDYtMjBqBRIDQ05GcgUSA0JDThoaEgoyMDI3LTA2LTMwagUSA0JDTnIFEgNDTkZCAQFIAZgBAQ%3D%3D&hl=pt-BR&tfu=EgQIABABIgA&curr=BRL 200
2026-10-02 09:33:54 [INFO]: response: https://www.google.com/travel/flights?tfs=GhoSCjIwMjYtMTEtMTBqBRIDR0lHcgUSA0JDThoaEgoyMDI2LTExLTIwagUSA0JDTnIFEgNHSUdCAQFIAZgBAQ%3D%3D&hl=pt-BR&tfu=EgQIABABIgA&curr=BRL 200
2026-10-02 09:33:57 [INFO]: response: https://www.google.com/travel/flights?tfs=GhoSCjIwMjYtMTEtMjBqBRIDR0lHcgUSA0JDThoaEgoyMDI2LTExLTMwagUSA0JDTnIFEgNHSUdCAQFIAZgBAQ%3D%3D&hl=pt-BR&tfu=EgQIABABIgA&curr=BRL 200
2026-10-02 09:34:00 [INFO]: response: https://www.google.com/travel/flights?tfs=GhoSCjIwMjYtMTEtMjBqBRIDR0lHcgUSA0JDThoaEgoyMDI2LTExLTMwagUSA0JDTnIFEgNHSUdCAQFIAZgBAQ%3D%3D&hl=pt-BR&tfu=EgQIABABIgA&curr=BRL 200
2026-10-02 09:34:04 [INFO]: response: https://www.google.com/travel/flights?tfs=GhoSCjIwMjctMDItMTBqBRIDR0lHcgUSA0JDThoaEgoyMDI3LTAyLTIwagUSA0JDTnIFEgNHSUdCAQFIAZgBAQ%3D%3D&hl=pt-BR&tfu=EgQIABABIgA&curr=BRL 200
2026-10-02 09:34:08 [INFO]: response: https://www.google.com/travel/flights?tfs=GhoSCjIwMjctMDItMjBqBRIDR0lHcgUSA0JDThoaEgoyMDI3LTAzLTAyagUSA0JDTnIFEgNHSUdCAQFIAZgBAQ%3D%3D&hl=pt-BR&tfu=EgQIABABIgA&curr=BRL 200
2026-10-02 09:34:11 [INFO]: response: https://www.google.com/travel/flights?tfs=GhoSCjIwMjctMDMtMTBqBRIDR0lHcgUSA0JDThoaEgoyMDI3LTAzLTIwagUSA0JDTnIFEgNHSUdCAQFIAZgBAQ%3D%3D&hl=pt-BR&tfu=EgQIABABIgA&curr=BRL 200
2026-10-02 09:34:14 [INFO]: response: https://www.google.com/travel/flights?tfs=GhoSCjIwMjctMDMtMjBqBRIDR0lHcgUSA0JDThoaEgoyMDI3LTAzLTMwagUSA0JDTnIFEgNHSUdCAQFIAZgBAQ%3D%3D&hl=pt-BR&tfu=EgQIABABIgA&curr=BRL 200
2026-10-02 09:34:17 [INFO]: response: https://www.google.com/travel/flights?tfs=GhoSCjIwMjctMDQtMTBqBRIDR0lHcgUSA0JDThoaEgoyMDI3LTA0LTIwagUSA0JDTnIFEgNHSUdCAQFIAZgBAQ%3D%3D&hl=pt-BR&tfu=EgQIABABIgA&curr=BRL 200
2026-10-02 09:34:20 [INFO]: response: https://www.google.com/travel/flights?tfs=GhoSCjIwMjctMDQtMTBqBRIDR0lHcgUSA0JDThoaEgoyMDI3LTA0LTIwagUSA0JDTnIFEgNHSUdCAQFIAZgBAQ%3D%3D&hl=pt-BR&tfu=EgQIABABIgA&curr=BRL 200
2026-10-02 09:34:23 [INFO]: response: https://www.google.com/travel/flights?tfs=GhoSCjIwMjctMDQtMjBqBRIDR0lHcgUSA0JDThoaEgoyMDI3LTA0LTMwagUSA0JDTnIFEgNHSUdCAQFIAZgBAQ%3D%3D&hl=pt-BR&tfu=EgQIABABIgA&curr=BRL 200
2026-10-02 09:34:26 [INFO]: response: https://www.google.com/travel/flights?tfs=GhoSCjIwMjctMDUtMTBqBRIDR0lHcgUSA0JDThoaEgoyMDI3LTA1LTIwagUSA0JDTnIFEgNHSUdCAQFIAZgBAQ%3D%3D&hl=pt-BR&tfu=EgQIABABIgA&curr=BRL 200
2026-10-02 09:34:29 [INFO]: response: https://www.google.com/travel/flights?tfs=GhoSCjIwMjctMDUtMjBqBRIDR0lHcgUSA0JDThoaEgoyMDI3LTA1LTMwagUSA0JDTnIFEgNHSUdCAQFIAZgBAQ%3D%3D&hl=pt-BR&tfu=EgQIABABIgA&curr=BRL 200
2026-10-02 09:34:32 [INFO]: response: https://www.google.com/travel/flights?tfs=GhoSCjIwMjctMDUtMjBqBRIDR0lHcgUSA0JDThoaEgoyMDI3LTA1LTMwagUSA0JDTnIFEgNHSUdCAQFIAZgBAQ%3D%3D&hl=pt-BR&tfu=EgQIABABIgA&curr=BRL 200
2026-10-02 09:34:36 [INFO]: response: https://www.google.com/travel/flights?tfs=GhoSCjIwMjctMDYtMTBqBRIDR0lHcgUSA0JDThoaEgoyMDI3LTA2LTIwagUSA0JDTnIFEgNHSUdCAQFIAZgBAQ%3D%3D&hl=pt-BR&tfu=EgQIABABIgA&curr=BRL 200
2026-10-02 09:34:39 [INFO]: response: https://www.google.com/travel/flights?tfs=GhoSCjIwMjctMDYtMTBqBRIDR0lHcgUSA0JDThoaEgoyMDI3LTA2LTIwagUSA0JDTnIFEgNHSUdCAQFIAZgBAQ%3D%3D&hl=pt-BR&tfu=EgQIABABIgA&curr=BRL 200
2026-10-02 09:34:43 [INFO]: response: https://www.google.com/travel/flights?tfs=GhoSCjIwMjctMDYtMjBqBRIDR0lHcgUSA0JDThoaEgoyMDI3LTA2LTMwagUSA0JDTnIFEgNHSUdCAQFIAZgBAQ%3D%3D&hl=pt-BR&tfu=EgQIABABIgA&curr=BRL 200
2026-10-02 09:34:48 [INFO]: response: https://www.google.com/travel/flights?tfs=GhoSCjIwMjYtMTEtMTBqBRIDR1JVcgUSA0xJUxoaEgoyMDI2LTExLTIwagUSA0xJU3IFEgNHUlVCAQFIAZgBAQ%3D%3D&hl=pt-BR&tfu=EgQIABABIgA&curr=BRL 200
2026-10-02 09:34:50 [INFO]: response: https://www.google.com/travel/flights?tfs=GhoSCjIwMjYtMTEtMjBqBRIDR1JVcgUSA0xJUxoaEgoyMDI2LTExLTMwagUSA0xJU3IFEgNHUlVCAQFIAZgBAQ%3D%3D&hl=pt-BR&tfu=EgQIABABIgA&curr=BRL 200
2026-10-02 09:34:53 [INFO]: response: https://www.google.com/travel/flights?tfs=GhoSCjIwMjctMDItMTBqBRIDR1JVcgUSA0xJUxoaEgoyMDI3LTAyLTIwagUSA0xJU3IFEgNHUlVCAQFIAZgBAQ%3D%3D&hl=pt-BR&tfu=EgQIABABIgA&curr=BRL 200
2026-10-02 09:34:56 [INFO]: response: https://www.google.com/travel/flights?tfs=GhoSCjIwMjctMDItMjBqBRIDR1JVcgUSA0xJUxoaEgoyMDI3LTAzLTAyagUSA0xJU3IFEgNHUlVCAQFIAZgBAQ%3D%3D&hl=pt-BR&tfu=EgQIABABIgA&curr=BRL 200
2026-10-02 09:34:59 [INFO]: response: https://www.google.com/travel/flights?tfs=GhoSCjIwMjctMDMtMTBqBRIDR1JVcgUSA0xJUxoaEgoyMDI3LTAzLTIwagUSA0xJU3IFEgNHUlVCAQFIAZgBAQ%3D%3D&hl=pt-BR&tfu=EgQIABABIgA&curr=BRL 200
2026-10-02 09:35:02 [INFO]: response: https://www.google.com/travel/flights?tfs=GhoSCjIwMjctMDMtMjBqBRIDR1JVcgUSA0xJUxoaEgoyMDI3LTAzLTMwagUSA0xJU3IFEgNHUlVCAQFIAZgBAQ%3D%3D&hl=pt-BR&tfu=EgQIABABIgA&curr=BRL 200
2026-10-02 09:35:04 [INFO]: response: https://www.google.com/travel/flights?tfs=GhoSCjIwMjctMDQtMTBqBRIDR1JVcgUSA0xJUxoaEgoyMDI3LTA0LTIwagUSA0xJU3IFEgNHUlVCAQFIAZgBAQ%3D%3D&hl=pt-BR&tfu=EgQIABABIgA&curr=BRL 200
2026-10-02 09:35:07 [INFO]: response: https://www.google.com/travel/flights?tfs=GhoSCjIwMjctMDQtMjBqBRIDR1JVcgUSA0xJUxoaEgoyMDI3LTA0LTMwagUSA0xJU3IFEgNHUlVCAQFIAZgBAQ%3D%3D&hl=pt-BR&tfu=EgQIABABIgA&curr=BRL 200
2026-10-02 09:35:10 [INFO]: response: https://www.google.com/travel/flights?tfs=GhoSCjIwMjctMDUtMTBqBRIDR1JVcgUSA0xJUxoaEgoyMDI3LTA1LTIwagUSA0xJU3IFEgNHUlVCAQFIAZgBAQ%3D%3D&hl=pt-BR&tfu=EgQIABABIgA&curr=BRL 200
2026-10-02 09:35:13 [INFO]: response: https://www.google.com/travel/flights?tfs=GhoSCjIwMjctMDUtMjBqBRIDR1JVcgUSA0xJUxoaEgoyMDI3LTA1LTMwagUSA0xJU3IFEgNHUlVCAQFIAZgBAQ%3D%3D&hl=pt-BR&tfu=EgQIABABIgA&curr=BRL 200
2026-10-02 09:35:16 [INFO]: response: https://www.google.com/travel/flights?tfs=GhoSCjIwMjctMDYtMTBqBRIDR1JVcgUSA0xJUxoaEgoyMDI3LTA2LTIwagUSA0xJU3IFEgNHUlVCAQFIAZgBAQ%3D%3D&hl=pt-BR&tfu=EgQIABABIgA&curr=BRL 200
2026-10-02 09:35:19 [INFO]: response: https://www.google.com/travel/flights?tfs=GhoSCjIwMjctMDYtMTBqBRIDR1JVcgUSA0xJUxoaEgoyMDI3LTA2LTIwagUSA0xJU3IFEgNHUlVCAQFIAZgBAQ%3D%3D&hl=pt-BR&tfu=EgQIABABIgA&curr=BRL 200
2026-10-02 09:35:22 [INFO]: response: https://www.google.com/travel/flights?tfs=GhoSCjIwMjctMDYtMjBqBRIDR1JVcgUSA0xJUxoaEgoyMDI3LTA2LTMwagUSA0xJU3IFEgNHUlVCAQFIAZgBAQ%3D%3D&hl=pt-BR&tfu=EgQIABABIgA&curr=BRL 200
2026-10-02 09:35:25 [INFO]: response: https://www.google.com/travel/flights?tfs=GhoSCjIwMjYtMTEtMTBqBRIDQ05GcgUSA0xJUxoaEgoyMDI2LTExLTIwagUSA0xJU3IFEgNDTkZCAQFIAZgBAQ%3D%3D&hl=pt-BR&tfu=EgQIABABIgA&curr=BRL 200
2026-10-02 09:35:28 [INFO]: response: https://www.google.com/travel/flights?tfs=GhoSCjIwMjYtMTEtMjBqBRIDQ05GcgUSA0xJUxoaEgoyMDI2LTExLTMwagUSA0xJU3IFEgNDTkZCAQFIAZgBAQ%3D%3D&hl=pt-BR&tfu=EgQIABABIgA&curr=BRL 200
2026-10-02 09:35:31 [INFO]: response: https://www.google.com/travel/flights?tfs=GhoSCjIwMjctMDItMTBqBRIDQ05GcgUSA0xJUxoaEgoyMDI3LTAyLTIwagUSA0xJU3IFEgNDTkZCAQFIAZgBAQ%3D%3D&hl=pt-BR&tfu=EgQIABABIgA&curr=BRL 200
2026-10-02 09:35:34 [INFO]: response: https://www.google.com/travel/flights?tfs=GhoSCjIwMjctMDItMTBqBRIDQ05GcgUSA0xJUxoaEgoyMDI3LTAyLTIwagUSA0xJU3IFEgNDTkZCAQFIAZgBAQ%3D%3D&hl=pt-BR&tfu=EgQIABABIgA&curr=BRL 200
2026-10-02 09:35:37 [INFO]: response: https://www.google.com/travel/flights?tfs=GhoSCjIwMjctMDItMjBqBRIDQ05GcgUSA0xJUxoaEgoyMDI3LTAzLTAyagUSA0xJU3IFEgNDTkZCAQFIAZgBAQ%3D%3D&hl=pt-BR&tfu=EgQIABABIgA&curr=BRL 200
2026-10-02 09:35:41 [INFO]: response: https://www.google.com/travel/flights?tfs=GhoSCjIwMjctMDMtMTBqBRIDQ05GcgUSA0xJUxoaEgoyMDI3LTAzLTIwagUSA0xJU3IFEgNDTkZCAQFIAZgBAQ%3D%3D&hl=pt-BR&tfu=EgQIABABIgA&curr=BRL 200
2026-10-02 09:35:44 [INFO]: response: https://www.google.com/travel/flights?tfs=GhoSCjIwMjctMDMtMjBqBRIDQ05GcgUSA0xJUxoaEgoyMDI3LTAzLTMwagUSA0xJU3IFEgNDTkZCAQFIAZgBAQ%3D%3D&hl=pt-BR&tfu=EgQIABABIgA&curr=BRL 200
2026-10-02 09:35:47 [INFO]: response: https://www.google.com/travel/flights?tfs=GhoSCjIwMjctMDMtMjBqBRIDQ05GcgUSA0xJUxoaEgoyMDI3LTAzLTMwagUSA0xJU3IFEgNDTkZCAQFIAZgBAQ%3D%3D&hl=pt-BR&tfu=EgQIABABIgA&curr=BRL 200
2026-10-02 09:35:51 [INFO]: response: https://www.google.com/travel/flights?tfs=GhoSCjIwMjctMDQtMTBqBRIDQ05GcgUSA0xJUxoaEgoyMDI3LTA0LTIwagUSA0xJU3IFEgNDTkZCAQFIAZgBAQ%3D%3D&hl=pt-BR&tfu=EgQIABABIgA&curr=BRL 200
2026-10-02 09:35:54 [INFO]: response: https://www.google.com/travel/flights?tfs=GhoSCjIwMjctMDQtMjBqBRIDQ05GcgUSA0xJUxoaEgoyMDI3LTA0LTMwagUSA0xJU3IFEgNDTkZCAQFIAZgBAQ%3D%3D&hl=pt-BR&tfu=EgQIABABIgA&curr=BRL 200
2026-10-02 09:35:57 [INFO]: response: https://www.google.com/travel/flights?tfs=GhoSCjIwMjctMDUtMTBqBRIDQ05GcgUSA0xJUxoaEgoyMDI3LTA1LTIwagUSA0xJU3IFEgNDTkZCAQFIAZgBAQ%3D%3D&hl=pt-BR&tfu=EgQIABABIgA&curr=BRL 200
2026-10-02 09:36:00 [INFO]: response: https://www.google.com/travel/flights?tfs=GhoSCjIwMjctMDUtMjBqBRIDQ05GcgUSA0xJUxoaEgoyMDI3LTA1LTMwagUSA0xJU3IFEgNDTkZCAQFIAZgBAQ%3D%3D&hl=pt-BR&tfu=EgQIABABIgA&curr=BRL 200
2026-10-02 09:36:03 [INFO]: response: https://www.google.com/travel/flights?tfs=GhoSCjIwMjctMDYtMTBqBRIDQ05GcgUSA0xJUxoaEgoyMDI3LTA2LTIwagUSA0xJU3IFEgNDTkZCAQFIAZgBAQ%3D%3D&hl=pt-BR&tfu=EgQIABABIgA&curr=BRL 200
2026-10-02 09:36:06 [INFO]: response: https://www.google.com/travel/flights?tfs=GhoSCjIwMjctMDYtMjBqBRIDQ05GcgUSA0xJUxoaEgoyMDI3LTA2LTMwagUSA0xJU3IFEgNDTkZCAQFIAZgBAQ%3D%3D&hl=pt-BR&tfu=EgQIABABIgA&curr=BRL 200
2026-10-02 09:36:10 [INFO]: response: https://www.google.com/travel/flights?tfs=GhoSCjIwMjYtMTEtMTBqBRIDR0lHcgUSA0xJUxoaEgoyMDI2LTExLTIwagUSA0xJU3IFEgNHSUdCAQFIAZgBAQ%3D%3D&hl=pt-BR&tfu=EgQIABABIgA&curr=BRL 200
2026-10-02 09:36:13 [INFO]: response: https://www.google.com/travel/flights?tfs=GhoSCjIwMjYtMTEtMTBqBRIDR0lHcgUSA0xJUxoaEgoyMDI2LTExLTIwagUSA0xJU3IFEgNHSUdCAQFIAZgBAQ%3D%3D&hl=pt-BR&tfu=EgQIABABIgA&curr=BRL 200
2026-10-02 09:36:16 [INFO]: response: https://www.google.com/travel/flights?tfs=GhoSCjIwMjYtMTEtMjBqBRIDR0lHcgUSA0xJUxoaEgoyMDI2LTExLTMwagUSA0xJU3IFEgNHSUdCAQFIAZgBAQ%3D%3D&hl=pt-BR&tfu=EgQIABABIgA&curr=BRL 200
2026-10-02 09:36:20 [INFO]: response: https://www.google.com/travel/flights?tfs=GhoSCjIwMjYtMTEtMjBqBRIDR0lHcgUSA0xJUxoaEgoyMDI2LTExLTMwagUSA0xJU3IFEgNHSUdCAQFIAZgBAQ%3D%3D&hl=pt-BR&tfu=EgQIABABIgA&curr=BRL 200
2026-10-02 09:36:23 [INFO]: response: https://www.google.com/travel/flights?tfs=GhoSCjIwMjctMDItMTBqBRIDR0lHcgUSA0xJUxoaEgoyMDI3LTAyLTIwagUSA0xJU3IFEgNHSUdCAQFIAZgBAQ%3D%3D&hl=pt-BR&tfu=EgQIABABIgA&curr=BRL 200
2026-10-02 09:36:26 [INFO]: response: https://www.google.com/travel/flights?tfs=GhoSCjIwMjctMDItMjBqBRIDR0lHcgUSA0xJUxoaEgoyMDI3LTAzLTAyagUSA0xJU3IFEgNHSUdCAQFIAZgBAQ%3D%3D&hl=pt-BR&tfu=EgQIABABIgA&curr=BRL 200
2026-10-02 09:36:28 [INFO]: response: https://www.google.com/travel/flights?tfs=GhoSCjIwMjctMDMtMTBqBRIDR0lHcgUSA0xJUxoaEgoyMDI3LTAzLTIwagUSA0xJU3IFEgNHSUdCAQFIAZgBAQ%3D%3D&hl=pt-BR&tfu=EgQIABABIgA&curr=BRL 200
2026-10-02 09:36:31 [INFO]: response: https://www.google.com/travel/flights?tfs=GhoSCjIwMjctMDMtMjBqBRIDR0lHcgUSA0xJUxoaEgoyMDI3LTAzLTMwagUSA0xJU3IFEgNHSUdCAQFIAZgBAQ%3D%3D&hl=pt-BR&tfu=EgQIABABIgA&curr=BRL 200
2026-10-02 09:36:34 [INFO]: response: https://www.google.com/travel/flights?tfs=GhoSCjIwMjctMDQtMTBqBRIDR0lHcgUSA0xJUxoaEgoyMDI3LTA0LTIwagUSA0xJU3IFEgNHSUdCAQFIAZgBAQ%3D%3D&hl=pt-BR&tfu=EgQIABABIgA&curr=BRL 200
2026-10-02 09:36:37 [INFO]: response: https://www.google.com/travel/flights?tfs=GhoSCjIwMjctMDQtMjBqBRIDR0lHcgUSA0xJUxoaEgoyMDI3LTA0LTMwagUSA0xJU3IFEgNHSUdCAQFIAZgBAQ%3D%3D&hl=pt-BR&tfu=EgQIABABIgA&curr=BRL 200
2026-10-02 09:36:40 [INFO]: response: https://www.google.com/travel/flights?tfs=GhoSCjIwMjctMDUtMTBqBRIDR0lHcgUSA0xJUxoaEgoyMDI3LTA1LTIwagUSA0xJU3IFEgNHSUdCAQFIAZgBAQ%3D%3D&hl=pt-BR&tfu=EgQIABABIgA&curr=BRL 200
2026-10-02 09:36:43 [INFO]: response: https://www.google.com/travel/flights?tfs=GhoSCjIwMjctMDUtMTBqBRIDR0lHcgUSA0xJUxoaEgoyMDI3LTA1LTIwagUSA0xJU3IFEgNHSUdCAQFIAZgBAQ%3D%3D&hl=pt-BR&tfu=EgQIABABIgA&curr=BRL 200
2026-10-02 09:36:46 [INFO]: response: https://www.google.com/travel/flights?tfs=GhoSCjIwMjctMDUtMjBqBRIDR0lHcgUSA0xJUxoaEgoyMDI3LTA1LTMwagUSA0xJU3IFEgNHSUdCAQFIAZgBAQ%3D%3D&hl=pt-BR&tfu=EgQIABABIgA&curr=BRL 200
2026-10-02 09:36:49 [INFO]: response: https://www.google.com/travel/flights?tfs=GhoSCjIwMjctMDYtMTBqBRIDR0lHcgUSA0xJUxoaEgoyMDI3LTA2LTIwagUSA0xJU3IFEgNHSUdCAQFIAZgBAQ%3D%3D&hl=pt-BR&tfu=EgQIABABIgA&curr=BRL 200
2026-10-02 09:36:52 [INFO]: response: https://www.google.com/travel/flights?tfs=GhoSCjIwMjctMDYtMTBqBRIDR0lHcgUSA0xJUxoaEgoyMDI3LTA2LTIwagUSA0xJU3IFEgNHSUdCAQFIAZgBAQ%3D%3D&hl=pt-BR&tfu=EgQIABABIgA&curr=BRL 200
2026-10-02 09:36:54 [INFO]: response: https://www.google.com/travel/flights?tfs=GhoSCjIwMjctMDYtMjBqBRIDR0lHcgUSA0xJUxoaEgoyMDI3LTA2LTMwagUSA0xJU3IFEgNHSUdCAQFIAZgBAQ%3D%3D&hl=pt-BR&tfu=EgQIABABIgA&curr=BRL 200
2026-10-02 09:36:59 [INFO]: response: https://www.google.com/travel/flights?tfs=GhoSCjIwMjYtMTEtMTBqBRIDR1JVcgUSA09QTxoaEgoyMDI2LTExLTIwagUSA09QT3IFEgNHUlVCAQFIAZgBAQ%3D%3D&hl=pt-BR&tfu=EgQIABABIgA&curr=BRL 200
2026-10-02 09:37:02 [INFO]: response: https://www.google.com/travel/flights?tfs=GhoSCjIwMjYtMTEtMjBqBRIDR1JVcgUSA09QTxoaEgoyMDI2LTExLTMwagUSA09QT3IFEgNHUlVCAQFIAZgBAQ%3D%3D&hl=pt-BR&tfu=EgQIABABIgA&curr=BRL 200
2026-10-02 09:37:05 [INFO]: response: https://www.google.com/travel/flights?tfs=GhoSCjIwMjctMDItMTBqBRIDR1JVcgUSA09QTxoaEgoyMDI3LTAyLTIwagUSA09QT3IFEgNHUlVCAQFIAZgBAQ%3D%3D&hl=pt-BR&tfu=EgQIABABIgA&curr=BRL 200
2026-10-02 09:37:08 [INFO]: response: https://www.google.com/travel/flights?tfs=GhoSCjIwMjctMDItMjBqBRIDR1JVcgUSA09QTxoaEgoyMDI3LTAzLTAyagUSA09QT3IFEgNHUlVCAQFIAZgBAQ%3D%3D&hl=pt-BR&tfu=EgQIABABIgA&curr=BRL 200
2026-10-02 09:37:11 [INFO]: response: https://www.google.com/travel/flights?tfs=GhoSCjIwMjctMDMtMTBqBRIDR1JVcgUSA09QTxoaEgoyMDI3LTAzLTIwagUSA09QT3IFEgNHUlVCAQFIAZgBAQ%3D%3D&hl=pt-BR&tfu=EgQIABABIgA&curr=BRL 200
2026-10-02 09:37:14 [INFO]: response: https://www.google.com/travel/flights?tfs=GhoSCjIwMjctMDMtMjBqBRIDR1JVcgUSA09QTxoaEgoyMDI3LTAzLTMwagUSA09QT3IFEgNHUlVCAQFIAZgBAQ%3D%3D&hl=pt-BR&tfu=EgQIABABIgA&curr=BRL 200
2026-10-02 09:37:17 [INFO]: response: https://www.google.com/travel/flights?tfs=GhoSCjIwMjctMDQtMTBqBRIDR1JVcgUSA09QTxoaEgoyMDI3LTA0LTIwagUSA09QT3IFEgNHUlVCAQFIAZgBAQ%3D%3D&hl=pt-BR&tfu=EgQIABABIgA&curr=BRL 200
2026-10-02 09:37:20 [INFO]: response: https://www.google.com/travel/flights?tfs=GhoSCjIwMjctMDQtMjBqBRIDR1JVcgUSA09QTxoaEgoyMDI3LTA0LTMwagUSA09QT3IFEgNHUlVCAQFIAZgBAQ%3D%3D&hl=pt-BR&tfu=EgQIABABIgA&curr=BRL 200
2026-10-02 09:37:23 [INFO]: response: https://www.google.com/travel/flights?tfs=GhoSCjIwMjctMDUtMTBqBRIDR1JVcgUSA09QTxoaEgoyMDI3LTA1LTIwagUSA09QT3IFEgNHUlVCAQFIAZgBAQ%3D%3D&hl=pt-BR&tfu=EgQIABABIgA&curr=BRL 200
2026-10-02 09:37:26 [INFO]: response: https://www.google.com/travel/flights?tfs=GhoSCjIwMjctMDUtMjBqBRIDR1JVcgUSA09QTxoaEgoyMDI3LTA1LTMwagUSA09QT3IFEgNHUlVCAQFIAZgBAQ%3D%3D&hl=pt-BR&tfu=EgQIABABIgA&curr=BRL 200
2026-10-02 09:37:29 [INFO]: response: https://www.google.com/travel/flights?tfs=GhoSCjIwMjctMDUtMjBqBRIDR1JVcgUSA09QTxoaEgoyMDI3LTA1LTMwagUSA09QT3IFEgNHUlVCAQFIAZgBAQ%3D%3D&hl=pt-BR&tfu=EgQIABABIgA&curr=BRL 200
2026-10-02 09:37:33 [INFO]: response: https://www.google.com/travel/flights?tfs=GhoSCjIwMjctMDYtMTBqBRIDR1JVcgUSA09QTxoaEgoyMDI3LTA2LTIwagUSA09QT3IFEgNHUlVCAQFIAZgBAQ%3D%3D&hl=pt-BR&tfu=EgQIABABIgA&curr=BRL 200
2026-10-02 09:37:36 [INFO]: response: https://www.google.com/travel/flights?tfs=GhoSCjIwMjctMDYtMjBqBRIDR1JVcgUSA09QTxoaEgoyMDI3LTA2LTMwagUSA09QT3IFEgNHUlVCAQFIAZgBAQ%3D%3D&hl=pt-BR&tfu=EgQIABABIgA&curr=BRL 200
2026-10-02 09:37:38 [INFO]: response: https://www.google.com/travel/flights?tfs=GhoSCjIwMjYtMTEtMTBqBRIDQ05GcgUSA09QTxoaEgoyMDI2LTExLTIwagUSA09QT3IFEgNDTkZCAQFIAZgBAQ%3D%3D&hl=pt-BR&tfu=EgQIABABIgA&curr=BRL 200
2026-10-02 09:37:42 [INFO]: response: https://www.google.com/travel/flights?tfs=GhoSCjIwMjYtMTEtMjBqBRIDQ05GcgUSA09QTxoaEgoyMDI2LTExLTMwagUSA09QT3IFEgNDTkZCAQFIAZgBAQ%3D%3D&hl=pt-BR&tfu=EgQIABABIgA&curr=BRL 200
2026-10-02 09:37:45 [INFO]: response: https://www.google.com/travel/flights?tfs=GhoSCjIwMjctMDItMTBqBRIDQ05GcgUSA09QTxoaEgoyMDI3LTAyLTIwagUSA09QT3IFEgNDTkZCAQFIAZgBAQ%3D%3D&hl=pt-BR&tfu=EgQIABABIgA&curr=BRL 200
2026-10-02 09:37:47 [INFO]: response: https://www.google.com/travel/flights?tfs=GhoSCjIwMjctMDItMjBqBRIDQ05GcgUSA09QTxoaEgoyMDI3LTAzLTAyagUSA09QT3IFEgNDTkZCAQFIAZgBAQ%3D%3D&hl=pt-BR&tfu=EgQIABABIgA&curr=BRL 200
2026-10-02 09:37:50 [INFO]: response: https://www.google.com/travel/flights?tfs=GhoSCjIwMjctMDMtMTBqBRIDQ05GcgUSA09QTxoaEgoyMDI3LTAzLTIwagUSA09QT3IFEgNDTkZCAQFIAZgBAQ%3D%3D&hl=pt-BR&tfu=EgQIABABIgA&curr=BRL 200
2026-10-02 09:37:54 [INFO]: response: https://www.google.com/travel/flights?tfs=GhoSCjIwMjctMDMtMjBqBRIDQ05GcgUSA09QTxoaEgoyMDI3LTAzLTMwagUSA09QT3IFEgNDTkZCAQFIAZgBAQ%3D%3D&hl=pt-BR&tfu=EgQIABABIgA&curr=BRL 200
2026-10-02 09:37:56 [INFO]: response: https://www.google.com/travel/flights?tfs=GhoSCjIwMjctMDQtMTBqBRIDQ05GcgUSA09QTxoaEgoyMDI3LTA0LTIwagUSA09QT3IFEgNDTkZCAQFIAZgBAQ%3D%3D&hl=pt-BR&tfu=EgQIABABIgA&curr=BRL 200
2026-10-02 09:37:59 [INFO]: response: https://www.google.com/travel/flights?tfs=GhoSCjIwMjctMDQtMTBqBRIDQ05GcgUSA09QTxoaEgoyMDI3LTA0LTIwagUSA09QT3IFEgNDTkZCAQFIAZgBAQ%3D%3D&hl=pt-BR&tfu=EgQIABABIgA&curr=BRL 200
2026-10-02 09:38:02 [INFO]: response: https://www.google.com/travel/flights?tfs=GhoSCjIwMjctMDQtMjBqBRIDQ05GcgUSA09QTxoaEgoyMDI3LTA0LTMwagUSA09QT3IFEgNDTkZCAQFIAZgBAQ%3D%3D&hl=pt-BR&tfu=EgQIABABIgA&curr=BRL 200
2026-10-02 09:38:05 [INFO]: response: https://www.google.com/travel/flights?tfs=GhoSCjIwMjctMDUtMTBqBRIDQ05GcgUSA09QTxoaEgoyMDI3LTA1LTIwagUSA09QT3IFEgNDTkZCAQFIAZgBAQ%3D%3D&hl=pt-BR&tfu=EgQIABABIgA&curr=BRL 200
2026-10-02 09:38:09 [INFO]: response: https://www.google.com/travel/flights?tfs=GhoSCjIwMjctMDUtMjBqBRIDQ05GcgUSA09QTxoaEgoyMDI3LTA1LTMwagUSA09QT3IFEgNDTkZCAQFIAZgBAQ%3D%3D&hl=pt-BR&tfu=EgQIABABIgA&curr=BRL 200
2026-10-02 09:38:11 [INFO]: response: https://www.google.com/travel/flights?tfs=GhoSCjIwMjctMDYtMTBqBRIDQ05GcgUSA09QTxoaEgoyMDI3LTA2LTIwagUSA09QT3IFEgNDTkZCAQFIAZgBAQ%3D%3D&hl=pt-BR&tfu=EgQIABABIgA&curr=BRL 200
2026-10-02 09:38:15 [INFO]: response: https://www.google.com/travel/flights?tfs=GhoSCjIwMjctMDYtMjBqBRIDQ05GcgUSA09QTxoaEgoyMDI3LTA2LTMwagUSA09QT3IFEgNDTkZCAQFIAZgBAQ%3D%3D&hl=pt-BR&tfu=EgQIABABIgA&curr=BRL 200
2026-10-02 09:38:18 [INFO]: response: https://www.google.com/travel/flights?tfs=GhoSCjIwMjYtMTEtMTBqBRIDR0lHcgUSA09QTxoaEgoyMDI2LTExLTIwagUSA09QT3IFEgNHSUdCAQFIAZgBAQ%3D%3D&hl=pt-BR&tfu=EgQIABABIgA&curr=BRL 200
2026-10-02 09:38:21 [INFO]: response: https://www.google.com/travel/flights?tfs=GhoSCjIwMjYtMTEtMjBqBRIDR0lHcgUSA09QTxoaEgoyMDI2LTExLTMwagUSA09QT3IFEgNHSUdCAQFIAZgBAQ%3D%3D&hl=pt-BR&tfu=EgQIABABIgA&curr=BRL 200
2026-10-02 09:38:24 [INFO]: response: https://www.google.com/travel/flights?tfs=GhoSCjIwMjctMDItMTBqBRIDR0lHcgUSA09QTxoaEgoyMDI3LTAyLTIwagUSA09QT3IFEgNHSUdCAQFIAZgBAQ%3D%3D&hl=pt-BR&tfu=EgQIABABIgA&curr=BRL 200
2026-10-02 09:38:27 [INFO]: response: https://www.google.com/travel/flights?tfs=GhoSCjIwMjctMDItMjBqBRIDR0lHcgUSA09QTxoaEgoyMDI3LTAzLTAyagUSA09QT3IFEgNHSUdCAQFIAZgBAQ%3D%3D&hl=pt-BR&tfu=EgQIABABIgA&curr=BRL 200
2026-10-02 09:38:30 [INFO]: response: https://www.google.com/travel/flights?tfs=GhoSCjIwMjctMDMtMTBqBRIDR0lHcgUSA09QTxoaEgoyMDI3LTAzLTIwagUSA09QT3IFEgNHSUdCAQFIAZgBAQ%3D%3D&hl=pt-BR&tfu=EgQIABABIgA&curr=BRL 200
2026-10-02 09:38:33 [INFO]: response: https://www.google.com/travel/flights?tfs=GhoSCjIwMjctMDMtMTBqBRIDR0lHcgUSA09QTxoaEgoyMDI3LTAzLTIwagUSA09QT3IFEgNHSUdCAQFIAZgBAQ%3D%3D&hl=pt-BR&tfu=EgQIABABIgA&curr=BRL 200
2026-10-02 09:38:36 [INFO]: response: https://www.google.com/travel/flights?tfs=GhoSCjIwMjctMDMtMjBqBRIDR0lHcgUSA09QTxoaEgoyMDI3LTAzLTMwagUSA09QT3IFEgNHSUdCAQFIAZgBAQ%3D%3D&hl=pt-BR&tfu=EgQIABABIgA&curr=BRL 200
2026-10-02 09:38:39 [INFO]: response: https://www.google.com/travel/flights?tfs=GhoSCjIwMjctMDQtMTBqBRIDR0lHcgUSA09QTxoaEgoyMDI3LTA0LTIwagUSA09QT3IFEgNHSUdCAQFIAZgBAQ%3D%3D&hl=pt-BR&tfu=EgQIABABIgA&curr=BRL 200
2026-10-02 09:38:43 [INFO]: response: https://www.google.com/travel/flights?tfs=GhoSCjIwMjctMDQtMjBqBRIDR0lHcgUSA09QTxoaEgoyMDI3LTA0LTMwagUSA09QT3IFEgNHSUdCAQFIAZgBAQ%3D%3D&hl=pt-BR&tfu=EgQIABABIgA&curr=BRL 200
2026-10-02 09:38:46 [INFO]: response: https://www.google.com/travel/flights?tfs=GhoSCjIwMjctMDUtMTBqBRIDR0lHcgUSA09QTxoaEgoyMDI3LTA1LTIwagUSA09QT3IFEgNHSUdCAQFIAZgBAQ%3D%3D&hl=pt-BR&tfu=EgQIABABIgA&curr=BRL 200
2026-10-02 09:38:49 [INFO]: response: https://www.google.com/travel/flights?tfs=GhoSCjIwMjctMDUtMjBqBRIDR0lHcgUSA09QTxoaEgoyMDI3LTA1LTMwagUSA09QT3IFEgNHSUdCAQFIAZgBAQ%3D%3D&hl=pt-BR&tfu=EgQIABABIgA&curr=BRL 200
2026-10-02 09:38:52 [INFO]: response: https://www.google.com/travel/flights?tfs=GhoSCjIwMjctMDYtMTBqBRIDR0lHcgUSA09QTxoaEgoyMDI3LTA2LTIwagUSA09QT3IFEgNHSUdCAQFIAZgBAQ%3D%3D&hl=pt-BR&tfu=EgQIABABIgA&curr=BRL 200
2026-10-02 09:38:55 [INFO]: response: https://www.google.com/travel/flights?tfs=GhoSCjIwMjctMDYtMjBqBRIDR0lHcgUSA09QTxoaEgoyMDI3LTA2LTMwagUSA09QT3IFEgNHSUdCAQFIAZgBAQ%3D%3D&hl=pt-BR&tfu=EgQIABABIgA&curr=BRL 200
2026-10-02 09:38:58 [INFO]: response: https://www.google.com/travel/flights?tfs=GhoSCjIwMjctMDYtMjBqBRIDR0lHcgUSA09QTxoaEgoyMDI3LTA2LTMwagUSA09QT3IFEgNHSUdCAQFIAZgBAQ%3D%3D&hl=pt-BR&tfu=EgQIABABIgA&curr=BRL 200
2026-10-02 09:39:03 [INFO]: response: https://www.google.com/travel/flights?tfs=GhoSCjIwMjYtMTEtMTBqBRIDR1JVcgUSA0xIUhoaEgoyMDI2LTExLTIwagUSA0xIUnIFEgNHUlVCAQFIAZgBAQ%3D%3D&hl=pt-BR&tfu=EgQIABABIgA&curr=BRL 200
2026-10-02 09:39:06 [INFO]: response: https://www.google.com/travel/flights?tfs=GhoSCjIwMjYtMTEtMjBqBRIDR1JVcgUSA0xIUhoaEgoyMDI2LTExLTMwagUSA0xIUnIFEgNHUlVCAQFIAZgBAQ%3D%3D&hl=pt-BR&tfu=EgQIABABIgA&curr=BRL 200
2026-10-02 09:39:09 [INFO]: response: https://www.google.com/travel/flights?tfs=GhoSCjIwMjctMDItMTBqBRIDR1JVcgUSA0xIUhoaEgoyMDI3LTAyLTIwagUSA0xIUnIFEgNHUlVCAQFIAZgBAQ%3D%3D&hl=pt-BR&tfu=EgQIABABIgA&curr=BRL 200
2026-10-02 09:39:12 [INFO]: response: https://www.google.com/travel/flights?tfs=GhoSCjIwMjctMDItMjBqBRIDR1JVcgUSA0xIUhoaEgoyMDI3LTAzLTAyagUSA0xIUnIFEgNHUlVCAQFIAZgBAQ%3D%3D&hl=pt-BR&tfu=EgQIABABIgA&curr=BRL 200
2026-10-02 09:39:15 [INFO]: response: https://www.google.com/travel/flights?tfs=GhoSCjIwMjctMDItMjBqBRIDR1JVcgUSA0xIUhoaEgoyMDI3LTAzLTAyagUSA0xIUnIFEgNHUlVCAQFIAZgBAQ%3D%3D&hl=pt-BR&tfu=EgQIABABIgA&curr=BRL 200
2026-10-02 09:39:17 [INFO]: response: https://www.google.com/travel/flights?tfs=GhoSCjIwMjctMDMtMTBqBRIDR1JVcgUSA0xIUhoaEgoyMDI3LTAzLTIwagUSA0xIUnIFEgNHUlVCAQFIAZgBAQ%3D%3D&hl=pt-BR&tfu=EgQIABABIgA&curr=BRL 200
2026-10-02 09:39:20 [INFO]: response: https://www.google.com/travel/flights?tfs=GhoSCjIwMjctMDMtMjBqBRIDR1JVcgUSA0xIUhoaEgoyMDI3LTAzLTMwagUSA0xIUnIFEgNHUlVCAQFIAZgBAQ%3D%3D&hl=pt-BR&tfu=EgQIABABIgA&curr=BRL 200
2026-10-02 09:39:23 [INFO]: response: https://www.google.com/travel/flights?tfs=GhoSCjIwMjctMDQtMTBqBRIDR1JVcgUSA0xIUhoaEgoyMDI3LTA0LTIwagUSA0xIUnIFEgNHUlVCAQFIAZgBAQ%3D%3D&hl=pt-BR&tfu=EgQIABABIgA&curr=BRL 200
2026-10-02 09:39:26 [INFO]: response: https://www.google.com/travel/flights?tfs=GhoSCjIwMjctMDQtMjBqBRIDR1JVcgUSA0xIUhoaEgoyMDI3LTA0LTMwagUSA0xIUnIFEgNHUlVCAQFIAZgBAQ%3D%3D&hl=pt-BR&tfu=EgQIABABIgA&curr=BRL 200
2026-10-02 09:39:29 [INFO]: response: https://www.google.com/travel/flights?tfs=GhoSCjIwMjctMDUtMTBqBRIDR1JVcgUSA0xIUhoaEgoyMDI3LTA1LTIwagUSA0xIUnIFEgNHUlVCAQFIAZgBAQ%3D%3D&hl=pt-BR&tfu=EgQIABABIgA&curr=BRL 200
2026-10-02 09:39:32 [INFO]: response: https://www.google.com/travel/flights?tfs=GhoSCjIwMjctMDUtMjBqBRIDR1JVcgUSA0xIUhoaEgoyMDI3LTA1LTMwagUSA0xIUnIFEgNHUlVCAQFIAZgBAQ%3D%3D&hl=pt-BR&tfu=EgQIABABIgA&curr=BRL 200
2026-10-02 09:39:35 [INFO]: response: https://www.google.com/travel/flights?tfs=GhoSCjIwMjctMDYtMTBqBRIDR1JVcgUSA0xIUhoaEgoyMDI3LTA2LTIwagUSA0xIUnIFEgNHUlVCAQFIAZgBAQ%3D%3D&hl=pt-BR&tfu=EgQIABABIgA&curr=BRL 200
2026-10-02 09:39:38 [INFO]: response: https://www.google.com/travel/flights?tfs=GhoSCjIwMjctMDYtMjBqBRIDR1JVcgUSA0xIUhoaEgoyMDI3LTA2LTMwagUSA0xIUnIFEgNHUlVCAQFIAZgBAQ%3D%3D&hl=pt-BR&tfu=EgQIABABIgA&curr=BRL 200
2026-10-02 09:39:41 [INFO]: response: https://www.google.com/travel/flights?tfs=GhoSCjIwMjYtMTEtMTBqBRIDQ05GcgUSA0xIUhoaEgoyMDI2LTExLTIwagUSA0xIUnIFEgNDTkZCAQFIAZgBAQ%3D%3D&hl=pt-BR&tfu=EgQIABABIgA&curr=BRL 200
2026-10-02 09:39:44 [INFO]: response: https://www.google.com/travel/flights?tfs=GhoSCjIwMjYtMTEtMTBqBRIDQ05GcgUSA0xIUhoaEgoyMDI2LTExLTIwagUSA0xIUnIFEgNDTkZCAQFIAZgBAQ%3D%3D&hl=pt-BR&tfu=EgQIABABIgA&curr=BRL 200
2026-10-02 09:39:47 [INFO]: response: https://www.google.com/travel/flights?tfs=GhoSCjIwMjYtMTEtMjBqBRIDQ05GcgUSA0xIUhoaEgoyMDI2LTExLTMwagUSA0xIUnIFEgNDTkZCAQFIAZgBAQ%3D%3D&hl=pt-BR&tfu=EgQIABABIgA&curr=BRL 200
2026-10-02 09:39:49 [INFO]: response: https://www.google.com/travel/flights?tfs=GhoSCjIwMjctMDItMTBqBRIDQ05GcgUSA0xIUhoaEgoyMDI3LTAyLTIwagUSA0xIUnIFEgNDTkZCAQFIAZgBAQ%3D%3D&hl=pt-BR&tfu=EgQIABABIgA&curr=BRL 200
2026-10-02 09:39:53 [INFO]: response: https://www.google.com/travel/flights?tfs=GhoSCjIwMjctMDItMjBqBRIDQ05GcgUSA0xIUhoaEgoyMDI3LTAzLTAyagUSA0xIUnIFEgNDTkZCAQFIAZgBAQ%3D%3D&hl=pt-BR&tfu=EgQIABABIgA&curr=BRL 200
2026-10-02 09:39:56 [INFO]: response: https://www.google.com/travel/flights?tfs=GhoSCjIwMjctMDMtMTBqBRIDQ05GcgUSA0xIUhoaEgoyMDI3LTAzLTIwagUSA0xIUnIFEgNDTkZCAQFIAZgBAQ%3D%3D&hl=pt-BR&tfu=EgQIABABIgA&curr=BRL 200
2026-10-02 09:39:59 [INFO]: response: https://www.google.com/travel/flights?tfs=GhoSCjIwMjctMDMtMjBqBRIDQ05GcgUSA0xIUhoaEgoyMDI3LTAzLTMwagUSA0xIUnIFEgNDTkZCAQFIAZgBAQ%3D%3D&hl=pt-BR&tfu=EgQIABABIgA&curr=BRL 200
2026-10-02 09:40:02 [INFO]: response: https://www.google.com/travel/flights?tfs=GhoSCjIwMjctMDQtMTBqBRIDQ05GcgUSA0xIUhoaEgoyMDI3LTA0LTIwagUSA0xIUnIFEgNDTkZCAQFIAZgBAQ%3D%3D&hl=pt-BR&tfu=EgQIABABIgA&curr=BRL 200
2026-10-02 09:40:04 [INFO]: response: https://www.google.com/travel/flights?tfs=GhoSCjIwMjctMDQtMjBqBRIDQ05GcgUSA0xIUhoaEgoyMDI3LTA0LTMwagUSA0xIUnIFEgNDTkZCAQFIAZgBAQ%3D%3D&hl=pt-BR&tfu=EgQIABABIgA&curr=BRL 200
2026-10-02 09:40:07 [INFO]: response: https://www.google.com/travel/flights?tfs=GhoSCjIwMjctMDUtMTBqBRIDQ05GcgUSA0xIUhoaEgoyMDI3LTA1LTIwagUSA0xIUnIFEgNDTkZCAQFIAZgBAQ%3D%3D&hl=pt-BR&tfu=EgQIABABIgA&curr=BRL 200
2026-10-02 09:40:10 [INFO]: response: https://www.google.com/travel/flights?tfs=GhoSCjIwMjctMDUtMTBqBRIDQ05GcgUSA0xIUhoaEgoyMDI3LTA1LTIwagUSA0xIUnIFEgNDTkZCAQFIAZgBAQ%3D%3D&hl=pt-BR&tfu=EgQIABABIgA&curr=BRL 200
2026-10-02 09:40:13 [INFO]: response: https://www.google.com/travel/flights?tfs=GhoSCjIwMjctMDUtMjBqBRIDQ05GcgUSA0xIUhoaEgoyMDI3LTA1LTMwagUSA0xIUnIFEgNDTkZCAQFIAZgBAQ%3D%3D&hl=pt-BR&tfu=EgQIABABIgA&curr=BRL 200
2026-10-02 09:40:16 [INFO]: response: https://www.google.com/travel/flights?tfs=GhoSCjIwMjctMDYtMTBqBRIDQ05GcgUSA0xIUhoaEgoyMDI3LTA2LTIwagUSA0xIUnIFEgNDTkZCAQFIAZgBAQ%3D%3D&hl=pt-BR&tfu=EgQIABABIgA&curr=BRL 200
2026-10-02 09:40:20 [INFO]: response: https://www.google.com/travel/flights?tfs=GhoSCjIwMjctMDYtMjBqBRIDQ05GcgUSA0xIUhoaEgoyMDI3LTA2LTMwagUSA0xIUnIFEgNDTkZCAQFIAZgBAQ%3D%3D&hl=pt-BR&tfu=EgQIABABIgA&curr=BRL 200
2026-10-02 09:40:23 [INFO]: response: https://www.google.com/travel/flights?tfs=GhoSCjIwMjctMDYtMjBqBRIDQ05GcgUSA0xIUhoaEgoyMDI3LTA2LTMwagUSA0xIUnIFEgNDTkZCAQFIAZgBAQ%3D%3D&hl=pt-BR&tfu=EgQIABABIgA&curr=BRL 200
2026-10-02 09:40:27 [INFO]: response: https://www.google.com/travel/flights?tfs=GhoSCjIwMjYtMTEtMTBqBRIDR0lHcgUSA0xIUhoaEgoyMDI2LTExLTIwagUSA0xIUnIFEgNHSUdCAQFIAZgBAQ%3D%3D&hl=pt-BR&tfu=EgQIABABIgA&curr=BRL 200
2026-10-02 09:40:30 [INFO]: response: https://www.google.com/travel/flights?tfs=GhoSCjIwMjYtMTEtMTBqBRIDR0lHcgUSA0xIUhoaEgoyMDI2LTExLTIwagUSA0xIUnIFEgNHSUdCAQFIAZgBAQ%3D%3D&hl=pt-BR&tfu=EgQIABABIgA&curr=BRL 200
2026-10-02 09:40:32 [INFO]: response: https://www.google.com/travel/flights?tfs=GhoSCjIwMjYtMTEtMjBqBRIDR0lHcgUSA0xIUhoaEgoyMDI2LTExLTMwagUSA0xIUnIFEgNHSUdCAQFIAZgBAQ%3D%3D&hl=pt-BR&tfu=EgQIABABIgA&curr=BRL 200
2026-10-02 09:40:36 [INFO]: response: https://www.google.com/travel/flights?tfs=GhoSCjIwMjctMDItMTBqBRIDR0lHcgUSA0xIUhoaEgoyMDI3LTAyLTIwagUSA0xIUnIFEgNHSUdCAQFIAZgBAQ%3D%3D&hl=pt-BR&tfu=EgQIABABIgA&curr=BRL 200
2026-10-02 09:40:38 [INFO]: response: https://www.google.com/travel/flights?tfs=GhoSCjIwMjctMDItMjBqBRIDR0lHcgUSA0xIUhoaEgoyMDI3LTAzLTAyagUSA0xIUnIFEgNHSUdCAQFIAZgBAQ%3D%3D&hl=pt-BR&tfu=EgQIABABIgA&curr=BRL 200
2026-10-02 09:40:41 [INFO]: response: https://www.google.com/travel/flights?tfs=GhoSCjIwMjctMDItMjBqBRIDR0lHcgUSA0xIUhoaEgoyMDI3LTAzLTAyagUSA0xIUnIFEgNHSUdCAQFIAZgBAQ%3D%3D&hl=pt-BR&tfu=EgQIABABIgA&curr=BRL 200
2026-10-02 09:40:44 [INFO]: response: https://www.google.com/travel/flights?tfs=GhoSCjIwMjctMDMtMTBqBRIDR0lHcgUSA0xIUhoaEgoyMDI3LTAzLTIwagUSA0xIUnIFEgNHSUdCAQFIAZgBAQ%3D%3D&hl=pt-BR&tfu=EgQIABABIgA&curr=BRL 200
2026-10-02 09:40:48 [INFO]: response: https://www.google.com/travel/flights?tfs=GhoSCjIwMjctMDMtMjBqBRIDR0lHcgUSA0xIUhoaEgoyMDI3LTAzLTMwagUSA0xIUnIFEgNHSUdCAQFIAZgBAQ%3D%3D&hl=pt-BR&tfu=EgQIABABIgA&curr=BRL 200
2026-10-02 09:40:51 [INFO]: response: https://www.google.com/travel/flights?tfs=GhoSCjIwMjctMDQtMTBqBRIDR0lHcgUSA0xIUhoaEgoyMDI3LTA0LTIwagUSA0xIUnIFEgNHSUdCAQFIAZgBAQ%3D%3D&hl=pt-BR&tfu=EgQIABABIgA&curr=BRL 200
2026-10-02 09:40:53 [INFO]: response: https://www.google.com/travel/flights?tfs=GhoSCjIwMjctMDQtMjBqBRIDR0lHcgUSA0xIUhoaEgoyMDI3LTA0LTMwagUSA0xIUnIFEgNHSUdCAQFIAZgBAQ%3D%3D&hl=pt-BR&tfu=EgQIABABIgA&curr=BRL 200
2026-10-02 09:40:56 [INFO]: response: https://www.google.com/travel/flights?tfs=GhoSCjIwMjctMDUtMTBqBRIDR0lHcgUSA0xIUhoaEgoyMDI3LTA1LTIwagUSA0xIUnIFEgNHSUdCAQFIAZgBAQ%3D%3D&hl=pt-BR&tfu=EgQIABABIgA&curr=BRL 200
2026-10-02 09:40:59 [INFO]: response: https://www.google.com/travel/flights?tfs=GhoSCjIwMjctMDUtMjBqBRIDR0lHcgUSA0xIUhoaEgoyMDI3LTA1LTMwagUSA0xIUnIFEgNHSUdCAQFIAZgBAQ%3D%3D&hl=pt-BR&tfu=EgQIABABIgA&curr=BRL 200
2026-10-02 09:41:02 [INFO]: response: https://www.google.com/travel/flights?tfs=GhoSCjIwMjctMDUtMjBqBRIDR0lHcgUSA0xIUhoaEgoyMDI3LTA1LTMwagUSA0xIUnIFEgNHSUdCAQFIAZgBAQ%3D%3D&hl=pt-BR&tfu=EgQIABABIgA&curr=BRL 200
2026-10-02 09:41:05 [INFO]: response: https://www.google.com/travel/flights?tfs=GhoSCjIwMjctMDYtMTBqBRIDR0lHcgUSA0xIUhoaEgoyMDI3LTA2LTIwagUSA0xIUnIFEgNHSUdCAQFIAZgBAQ%3D%3D&hl=pt-BR&tfu=EgQIABABIgA&curr=BRL 200
2026-10-02 09:41:08 [INFO]: response: https://www.google.com/travel/flights?tfs=GhoSCjIwMjctMDYtMjBqBRIDR0lHcgUSA0xIUhoaEgoyMDI3LTA2LTMwagUSA0xIUnIFEgNHSUdCAQFIAZgBAQ%3D%3D&hl=pt-BR&tfu=EgQIABABIgA&curr=BRL 200
2026-10-02 09:41:13 [INFO]: response: https://www.google.com/travel/flights?tfs=GhoSCjIwMjYtMTEtMTBqBRIDR1JVcgUSA0lTVBoaEgoyMDI2LTExLTIwagUSA0lTVHIFEgNHUlVCAQFIAZgBAQ%3D%3D&hl=pt-BR&tfu=EgQIABABIgA&curr=BRL 200
2026-10-02 09:41:16 [INFO]: response: https://www.google.com/travel/flights?tfs=GhoSCjIwMjYtMTEtMjBqBRIDR1JVcgUSA0lTVBoaEgoyMDI2LTExLTMwagUSA0lTVHIFEgNHUlVCAQFIAZgBAQ%3D%3D&hl=pt-BR&tfu=EgQIABABIgA&curr=BRL 200
2026-10-02 09:41:19 [INFO]: response: https://www.google.com/travel/flights?tfs=GhoSCjIwMjctMDItMTBqBRIDR1JVcgUSA0lTVBoaEgoyMDI3LTAyLTIwagUSA0lTVHIFEgNHUlVCAQFIAZgBAQ%3D%3D&hl=pt-BR&tfu=EgQIABABIgA&curr=BRL 200
2026-10-02 09:41:21 [INFO]: response: https://www.google.com/travel/flights?tfs=GhoSCjIwMjctMDItMjBqBRIDR1JVcgUSA0lTVBoaEgoyMDI3LTAzLTAyagUSA0lTVHIFEgNHUlVCAQFIAZgBAQ%3D%3D&hl=pt-BR&tfu=EgQIABABIgA&curr=BRL 200
2026-10-02 09:41:24 [INFO]: response: https://www.google.com/travel/flights?tfs=GhoSCjIwMjctMDMtMTBqBRIDR1JVcgUSA0lTVBoaEgoyMDI3LTAzLTIwagUSA0lTVHIFEgNHUlVCAQFIAZgBAQ%3D%3D&hl=pt-BR&tfu=EgQIABABIgA&curr=BRL 200
2026-10-02 09:41:27 [INFO]: response: https://www.google.com/travel/flights?tfs=GhoSCjIwMjctMDMtMjBqBRIDR1JVcgUSA0lTVBoaEgoyMDI3LTAzLTMwagUSA0lTVHIFEgNHUlVCAQFIAZgBAQ%3D%3D&hl=pt-BR&tfu=EgQIABABIgA&curr=BRL 200
2026-10-02 09:41:29 [INFO]: response: https://www.google.com/travel/flights?tfs=GhoSCjIwMjctMDQtMTBqBRIDR1JVcgUSA0lTVBoaEgoyMDI3LTA0LTIwagUSA0lTVHIFEgNHUlVCAQFIAZgBAQ%3D%3D&hl=pt-BR&tfu=EgQIABABIgA&curr=BRL 200
2026-10-02 09:41:32 [INFO]: response: https://www.google.com/travel/flights?tfs=GhoSCjIwMjctMDQtMjBqBRIDR1JVcgUSA0lTVBoaEgoyMDI3LTA0LTMwagUSA0lTVHIFEgNHUlVCAQFIAZgBAQ%3D%3D&hl=pt-BR&tfu=EgQIABABIgA&curr=BRL 200
2026-10-02 09:41:35 [INFO]: response: https://www.google.com/travel/flights?tfs=GhoSCjIwMjctMDUtMTBqBRIDR1JVcgUSA0lTVBoaEgoyMDI3LTA1LTIwagUSA0lTVHIFEgNHUlVCAQFIAZgBAQ%3D%3D&hl=pt-BR&tfu=EgQIABABIgA&curr=BRL 200
2026-10-02 09:41:38 [INFO]: response: https://www.google.com/travel/flights?tfs=GhoSCjIwMjctMDUtMTBqBRIDR1JVcgUSA0lTVBoaEgoyMDI3LTA1LTIwagUSA0lTVHIFEgNHUlVCAQFIAZgBAQ%3D%3D&hl=pt-BR&tfu=EgQIABABIgA&curr=BRL 200
2026-10-02 09:41:40 [INFO]: response: https://www.google.com/travel/flights?tfs=GhoSCjIwMjctMDUtMjBqBRIDR1JVcgUSA0lTVBoaEgoyMDI3LTA1LTMwagUSA0lTVHIFEgNHUlVCAQFIAZgBAQ%3D%3D&hl=pt-BR&tfu=EgQIABABIgA&curr=BRL 200
2026-10-02 09:41:43 [INFO]: response: https://www.google.com/travel/flights?tfs=GhoSCjIwMjctMDYtMTBqBRIDR1JVcgUSA0lTVBoaEgoyMDI3LTA2LTIwagUSA0lTVHIFEgNHUlVCAQFIAZgBAQ%3D%3D&hl=pt-BR&tfu=EgQIABABIgA&curr=BRL 200
2026-10-02 09:41:45 [INFO]: response: https://www.google.com/travel/flights?tfs=GhoSCjIwMjctMDYtMjBqBRIDR1JVcgUSA0lTVBoaEgoyMDI3LTA2LTMwagUSA0lTVHIFEgNHUlVCAQFIAZgBAQ%3D%3D&hl=pt-BR&tfu=EgQIABABIgA&curr=BRL 200
2026-10-02 09:41:48 [INFO]: response: https://www.google.com/travel/flights?tfs=GhoSCjIwMjYtMTEtMTBqBRIDQ05GcgUSA0lTVBoaEgoyMDI2LTExLTIwagUSA0lTVHIFEgNDTkZCAQFIAZgBAQ%3D%3D&hl=pt-BR&tfu=EgQIABABIgA&curr=BRL 200
2026-10-02 09:41:51 [INFO]: response: https://www.google.com/travel/flights?tfs=GhoSCjIwMjYtMTEtMjBqBRIDQ05GcgUSA0lTVBoaEgoyMDI2LTExLTMwagUSA0lTVHIFEgNDTkZCAQFIAZgBAQ%3D%3D&hl=pt-BR&tfu=EgQIABABIgA&curr=BRL 200
2026-10-02 09:41:54 [INFO]: response: https://www.google.com/travel/flights?tfs=GhoSCjIwMjctMDItMTBqBRIDQ05GcgUSA0lTVBoaEgoyMDI3LTAyLTIwagUSA0lTVHIFEgNDTkZCAQFIAZgBAQ%3D%3D&hl=pt-BR&tfu=EgQIABABIgA&curr=BRL 200
2026-10-02 09:41:57 [INFO]: response: https://www.google.com/travel/flights?tfs=GhoSCjIwMjctMDItMjBqBRIDQ05GcgUSA0lTVBoaEgoyMDI3LTAzLTAyagUSA0lTVHIFEgNDTkZCAQFIAZgBAQ%3D%3D&hl=pt-BR&tfu=EgQIABABIgA&curr=BRL 200
2026-10-02 09:42:00 [INFO]: response: https://www.google.com/travel/flights?tfs=GhoSCjIwMjctMDMtMTBqBRIDQ05GcgUSA0lTVBoaEgoyMDI3LTAzLTIwagUSA0lTVHIFEgNDTkZCAQFIAZgBAQ%3D%3D&hl=pt-BR&tfu=EgQIABABIgA&curr=BRL 200
2026-10-02 09:42:03 [INFO]: response: https://www.google.com/travel/flights?tfs=GhoSCjIwMjctMDMtMjBqBRIDQ05GcgUSA0lTVBoaEgoyMDI3LTAzLTMwagUSA0lTVHIFEgNDTkZCAQFIAZgBAQ%3D%3D&hl=pt-BR&tfu=EgQIABABIgA&curr=BRL 200
2026-10-02 09:42:06 [INFO]: response: https://www.google.com/travel/flights?tfs=GhoSCjIwMjctMDQtMTBqBRIDQ05GcgUSA0lTVBoaEgoyMDI3LTA0LTIwagUSA0lTVHIFEgNDTkZCAQFIAZgBAQ%3D%3D&hl=pt-BR&tfu=EgQIABABIgA&curr=BRL 200
2026-10-02 09:42:08 [INFO]: response: https://www.google.com/travel/flights?tfs=GhoSCjIwMjctMDQtMTBqBRIDQ05GcgUSA0lTVBoaEgoyMDI3LTA0LTIwagUSA0lTVHIFEgNDTkZCAQFIAZgBAQ%3D%3D&hl=pt-BR&tfu=EgQIABABIgA&curr=BRL 200
2026-10-02 09:42:11 [INFO]: response: https://www.google.com/travel/flights?tfs=GhoSCjIwMjctMDQtMjBqBRIDQ05GcgUSA0lTVBoaEgoyMDI3LTA0LTMwagUSA0lTVHIFEgNDTkZCAQFIAZgBAQ%3D%3D&hl=pt-BR&tfu=EgQIABABIgA&curr=BRL 200
2026-10-02 09:42:13 [INFO]: response: https://www.google.com/travel/flights?tfs=GhoSCjIwMjctMDQtMjBqBRIDQ05GcgUSA0lTVBoaEgoyMDI3LTA0LTMwagUSA0lTVHIFEgNDTkZCAQFIAZgBAQ%3D%3D&hl=pt-BR&tfu=EgQIABABIgA&curr=BRL 200
2026-10-02 09:42:16 [INFO]: response: https://www.google.com/travel/flights?tfs=GhoSCjIwMjctMDUtMTBqBRIDQ05GcgUSA0lTVBoaEgoyMDI3LTA1LTIwagUSA0lTVHIFEgNDTkZCAQFIAZgBAQ%3D%3D&hl=pt-BR&tfu=EgQIABABIgA&curr=BRL 200
2026-10-02 09:42:18 [INFO]: response: https://www.google.com/travel/flights?tfs=GhoSCjIwMjctMDUtMTBqBRIDQ05GcgUSA0lTVBoaEgoyMDI3LTA1LTIwagUSA0lTVHIFEgNDTkZCAQFIAZgBAQ%3D%3D&hl=pt-BR&tfu=EgQIABABIgA&curr=BRL 200
2026-10-02 09:42:21 [INFO]: response: https://www.google.com/travel/flights?tfs=GhoSCjIwMjctMDUtMjBqBRIDQ05GcgUSA0lTVBoaEgoyMDI3LTA1LTMwagUSA0lTVHIFEgNDTkZCAQFIAZgBAQ%3D%3D&hl=pt-BR&tfu=EgQIABABIgA&curr=BRL 200
2026-10-02 09:42:24 [INFO]: response: https://www.google.com/travel/flights?tfs=GhoSCjIwMjctMDUtMjBqBRIDQ05GcgUSA0lTVBoaEgoyMDI3LTA1LTMwagUSA0lTVHIFEgNDTkZCAQFIAZgBAQ%3D%3D&hl=pt-BR&tfu=EgQIABABIgA&curr=BRL 200
2026-10-02 09:42:27 [INFO]: response: https://www.google.com/travel/flights?tfs=GhoSCjIwMjctMDYtMTBqBRIDQ05GcgUSA0lTVBoaEgoyMDI3LTA2LTIwagUSA0lTVHIFEgNDTkZCAQFIAZgBAQ%3D%3D&hl=pt-BR&tfu=EgQIABABIgA&curr=BRL 200
2026-10-02 09:42:29 [INFO]: response: https://www.google.com/travel/flights?tfs=GhoSCjIwMjctMDYtMTBqBRIDQ05GcgUSA0lTVBoaEgoyMDI3LTA2LTIwagUSA0lTVHIFEgNDTkZCAQFIAZgBAQ%3D%3D&hl=pt-BR&tfu=EgQIABABIgA&curr=BRL 200
2026-10-02 09:42:32 [INFO]: response: https://www.google.com/travel/flights?tfs=GhoSCjIwMjctMDYtMjBqBRIDQ05GcgUSA0lTVBoaEgoyMDI3LTA2LTMwagUSA0lTVHIFEgNDTkZCAQFIAZgBAQ%3D%3D&hl=pt-BR&tfu=EgQIABABIgA&curr=BRL 200
2026-10-02 09:42:34 [INFO]: response: https://www.google.com/travel/flights?tfs=GhoSCjIwMjctMDYtMjBqBRIDQ05GcgUSA0lTVBoaEgoyMDI3LTA2LTMwagUSA0lTVHIFEgNDTkZCAQFIAZgBAQ%3D%3D&hl=pt-BR&tfu=EgQIABABIgA&curr=BRL 200
2026-10-02 09:42:37 [INFO]: response: https://www.google.com/travel/flights?tfs=GhoSCjIwMjYtMTEtMTBqBRIDR0lHcgUSA0lTVBoaEgoyMDI2LTExLTIwagUSA0lTVHIFEgNHSUdCAQFIAZgBAQ%3D%3D&hl=pt-BR&tfu=EgQIABABIgA&curr=BRL 200
2026-10-02 09:42:40 [INFO]: response: https://www.google.com/travel/flights?tfs=GhoSCjIwMjYtMTEtMjBqBRIDR0lHcgUSA0lTVBoaEgoyMDI2LTExLTMwagUSA0lTVHIFEgNHSUdCAQFIAZgBAQ%3D%3D&hl=pt-BR&tfu=EgQIABABIgA&curr=BRL 200
2026-10-02 09:42:43 [INFO]: response: https://www.google.com/travel/flights?tfs=GhoSCjIwMjYtMTEtMjBqBRIDR0lHcgUSA0lTVBoaEgoyMDI2LTExLTMwagUSA0lTVHIFEgNHSUdCAQFIAZgBAQ%3D%3D&hl=pt-BR&tfu=EgQIABABIgA&curr=BRL 200
2026-10-02 09:42:46 [INFO]: response: https://www.google.com/travel/flights?tfs=GhoSCjIwMjctMDItMTBqBRIDR0lHcgUSA0lTVBoaEgoyMDI3LTAyLTIwagUSA0lTVHIFEgNHSUdCAQFIAZgBAQ%3D%3D&hl=pt-BR&tfu=EgQIABABIgA&curr=BRL 200
2026-10-02 09:42:49 [INFO]: response: https://www.google.com/travel/flights?tfs=GhoSCjIwMjctMDItMjBqBRIDR0lHcgUSA0lTVBoaEgoyMDI3LTAzLTAyagUSA0lTVHIFEgNHSUdCAQFIAZgBAQ%3D%3D&hl=pt-BR&tfu=EgQIABABIgA&curr=BRL 200
2026-10-02 09:42:52 [INFO]: response: https://www.google.com/travel/flights?tfs=GhoSCjIwMjctMDMtMTBqBRIDR0lHcgUSA0lTVBoaEgoyMDI3LTAzLTIwagUSA0lTVHIFEgNHSUdCAQFIAZgBAQ%3D%3D&hl=pt-BR&tfu=EgQIABABIgA&curr=BRL 200
2026-10-02 09:42:54 [INFO]: response: https://www.google.com/travel/flights?tfs=GhoSCjIwMjctMDMtMjBqBRIDR0lHcgUSA0lTVBoaEgoyMDI3LTAzLTMwagUSA0lTVHIFEgNHSUdCAQFIAZgBAQ%3D%3D&hl=pt-BR&tfu=EgQIABABIgA&curr=BRL 200
2026-10-02 09:42:57 [INFO]: response: https://www.google.com/travel/flights?tfs=GhoSCjIwMjctMDQtMTBqBRIDR0lHcgUSA0lTVBoaEgoyMDI3LTA0LTIwagUSA0lTVHIFEgNHSUdCAQFIAZgBAQ%3D%3D&hl=pt-BR&tfu=EgQIABABIgA&curr=BRL 200
2026-10-02 09:42:59 [INFO]: response: https://www.google.com/travel/flights?tfs=GhoSCjIwMjctMDQtMjBqBRIDR0lHcgUSA0lTVBoaEgoyMDI3LTA0LTMwagUSA0lTVHIFEgNHSUdCAQFIAZgBAQ%3D%3D&hl=pt-BR&tfu=EgQIABABIgA&curr=BRL 200
2026-10-02 09:43:02 [INFO]: response: https://www.google.com/travel/flights?tfs=GhoSCjIwMjctMDUtMTBqBRIDR0lHcgUSA0lTVBoaEgoyMDI3LTA1LTIwagUSA0lTVHIFEgNHSUdCAQFIAZgBAQ%3D%3D&hl=pt-BR&tfu=EgQIABABIgA&curr=BRL 200
2026-10-02 09:43:05 [INFO]: response: https://www.google.com/travel/flights?tfs=GhoSCjIwMjctMDUtMjBqBRIDR0lHcgUSA0lTVBoaEgoyMDI3LTA1LTMwagUSA0lTVHIFEgNHSUdCAQFIAZgBAQ%3D%3D&hl=pt-BR&tfu=EgQIABABIgA&curr=BRL 200
2026-10-02 09:43:07 [INFO]: response: https://www.google.com/travel/flights?tfs=GhoSCjIwMjctMDUtMjBqBRIDR0lHcgUSA0lTVBoaEgoyMDI3LTA1LTMwagUSA0lTVHIFEgNHSUdCAQFIAZgBAQ%3D%3D&hl=pt-BR&tfu=EgQIABABIgA&curr=BRL 200
2026-10-02 09:43:10 [INFO]: response: https://www.google.com/travel/flights?tfs=GhoSCjIwMjctMDYtMTBqBRIDR0lHcgUSA0lTVBoaEgoyMDI3LTA2LTIwagUSA0lTVHIFEgNHSUdCAQFIAZgBAQ%3D%3D&hl=pt-BR&tfu=EgQIABABIgA&curr=BRL 200
2026-10-02 09:43:12 [INFO]: response: https://www.google.com/travel/flights?tfs=GhoSCjIwMjctMDYtMTBqBRIDR0lHcgUSA0lTVBoaEgoyMDI3LTA2LTIwagUSA0lTVHIFEgNHSUdCAQFIAZgBAQ%3D%3D&hl=pt-BR&tfu=EgQIABABIgA&curr=BRL 200
2026-10-02 09:43:16 [INFO]: response: https://www.google.com/travel/flights?tfs=GhoSCjIwMjctMDYtMjBqBRIDR0lHcgUSA0lTVBoaEgoyMDI3LTA2LTMwagUSA0lTVHIFEgNHSUdCAQFIAZgBAQ%3D%3D&hl=pt-BR&tfu=EgQIABABIgA&curr=BRL 200
2026-10-02 09:43:18 [INFO]: response: https://www.google.com/travel/flights?tfs=GhoSCjIwMjctMDYtMjBqBRIDR0lHcgUSA0lTVBoaEgoyMDI3LTA2LTMwagUSA0lTVHIFEgNHSUdCAQFIAZgBAQ%3D%3D&hl=pt-BR&tfu=EgQIABABIgA&curr=BRL 200
2026-10-02 09:43:22 [INFO]: response: https://www.google.com/travel/flights?tfs=GhoSCjIwMjYtMTEtMTBqBRIDR1JVcgUSA05SVBoaEgoyMDI2LTExLTIwagUSA05SVHIFEgNHUlVCAQFIAZgBAQ%3D%3D&hl=pt-BR&tfu=EgQIABABIgA&curr=BRL 200
2026-10-02 09:43:26 [INFO]: response: https://www.google.com/travel/flights?tfs=GhoSCjIwMjYtMTEtMjBqBRIDR1JVcgUSA05SVBoaEgoyMDI2LTExLTMwagUSA05SVHIFEgNHUlVCAQFIAZgBAQ%3D%3D&hl=pt-BR&tfu=EgQIABABIgA&curr=BRL 200
2026-10-02 09:43:29 [INFO]: response: https://www.google.com/travel/flights?tfs=GhoSCjIwMjctMDItMTBqBRIDR1JVcgUSA05SVBoaEgoyMDI3LTAyLTIwagUSA05SVHIFEgNHUlVCAQFIAZgBAQ%3D%3D&hl=pt-BR&tfu=EgQIABABIgA&curr=BRL 200
2026-10-02 09:43:32 [INFO]: response: https://www.google.com/travel/flights?tfs=GhoSCjIwMjctMDItMjBqBRIDR1JVcgUSA05SVBoaEgoyMDI3LTAzLTAyagUSA05SVHIFEgNHUlVCAQFIAZgBAQ%3D%3D&hl=pt-BR&tfu=EgQIABABIgA&curr=BRL 200
2026-10-02 09:43:35 [INFO]: response: https://www.google.com/travel/flights?tfs=GhoSCjIwMjctMDMtMTBqBRIDR1JVcgUSA05SVBoaEgoyMDI3LTAzLTIwagUSA05SVHIFEgNHUlVCAQFIAZgBAQ%3D%3D&hl=pt-BR&tfu=EgQIABABIgA&curr=BRL 200
2026-10-02 09:43:38 [INFO]: response: https://www.google.com/travel/flights?tfs=GhoSCjIwMjctMDMtMjBqBRIDR1JVcgUSA05SVBoaEgoyMDI3LTAzLTMwagUSA05SVHIFEgNHUlVCAQFIAZgBAQ%3D%3D&hl=pt-BR&tfu=EgQIABABIgA&curr=BRL 200
2026-10-02 09:43:41 [INFO]: response: https://www.google.com/travel/flights?tfs=GhoSCjIwMjctMDQtMTBqBRIDR1JVcgUSA05SVBoaEgoyMDI3LTA0LTIwagUSA05SVHIFEgNHUlVCAQFIAZgBAQ%3D%3D&hl=pt-BR&tfu=EgQIABABIgA&curr=BRL 200
2026-10-02 09:43:44 [INFO]: response: https://www.google.com/travel/flights?tfs=GhoSCjIwMjctMDQtMjBqBRIDR1JVcgUSA05SVBoaEgoyMDI3LTA0LTMwagUSA05SVHIFEgNHUlVCAQFIAZgBAQ%3D%3D&hl=pt-BR&tfu=EgQIABABIgA&curr=BRL 200
2026-10-02 09:43:47 [INFO]: response: https://www.google.com/travel/flights?tfs=GhoSCjIwMjctMDUtMTBqBRIDR1JVcgUSA05SVBoaEgoyMDI3LTA1LTIwagUSA05SVHIFEgNHUlVCAQFIAZgBAQ%3D%3D&hl=pt-BR&tfu=EgQIABABIgA&curr=BRL 200
2026-10-02 09:43:50 [INFO]: response: https://www.google.com/travel/flights?tfs=GhoSCjIwMjctMDUtMjBqBRIDR1JVcgUSA05SVBoaEgoyMDI3LTA1LTMwagUSA05SVHIFEgNHUlVCAQFIAZgBAQ%3D%3D&hl=pt-BR&tfu=EgQIABABIgA&curr=BRL 200
2026-10-02 09:43:53 [INFO]: response: https://www.google.com/travel/flights?tfs=GhoSCjIwMjctMDYtMTBqBRIDR1JVcgUSA05SVBoaEgoyMDI3LTA2LTIwagUSA05SVHIFEgNHUlVCAQFIAZgBAQ%3D%3D&hl=pt-BR&tfu=EgQIABABIgA&curr=BRL 200
2026-10-02 09:43:56 [INFO]: response: https://www.google.com/travel/flights?tfs=GhoSCjIwMjctMDYtMjBqBRIDR1JVcgUSA05SVBoaEgoyMDI3LTA2LTMwagUSA05SVHIFEgNHUlVCAQFIAZgBAQ%3D%3D&hl=pt-BR&tfu=EgQIABABIgA&curr=BRL 200
2026-10-02 09:43:58 [INFO]: response: https://www.google.com/travel/flights?tfs=GhoSCjIwMjYtMTEtMTBqBRIDQ05GcgUSA05SVBoaEgoyMDI2LTExLTIwagUSA05SVHIFEgNDTkZCAQFIAZgBAQ%3D%3D&hl=pt-BR&tfu=EgQIABABIgA&curr=BRL 200
2026-10-02 09:44:01 [INFO]: response: https://www.google.com/travel/flights?tfs=GhoSCjIwMjYtMTEtMTBqBRIDQ05GcgUSA05SVBoaEgoyMDI2LTExLTIwagUSA05SVHIFEgNDTkZCAQFIAZgBAQ%3D%3D&hl=pt-BR&tfu=EgQIABABIgA&curr=BRL 200
2026-10-02 09:44:04 [INFO]: response: https://www.google.com/travel/flights?tfs=GhoSCjIwMjYtMTEtMjBqBRIDQ05GcgUSA05SVBoaEgoyMDI2LTExLTMwagUSA05SVHIFEgNDTkZCAQFIAZgBAQ%3D%3D&hl=pt-BR&tfu=EgQIABABIgA&curr=BRL 200
2026-10-02 09:44:07 [INFO]: response: https://www.google.com/travel/flights?tfs=GhoSCjIwMjctMDItMTBqBRIDQ05GcgUSA05SVBoaEgoyMDI3LTAyLTIwagUSA05SVHIFEgNDTkZCAQFIAZgBAQ%3D%3D&hl=pt-BR&tfu=EgQIABABIgA&curr=BRL 200
2026-10-02 09:44:10 [INFO]: response: https://www.google.com/travel/flights?tfs=GhoSCjIwMjctMDItMjBqBRIDQ05GcgUSA05SVBoaEgoyMDI3LTAzLTAyagUSA05SVHIFEgNDTkZCAQFIAZgBAQ%3D%3D&hl=pt-BR&tfu=EgQIABABIgA&curr=BRL 200
2026-10-02 09:44:13 [INFO]: response: https://www.google.com/travel/flights?tfs=GhoSCjIwMjctMDMtMTBqBRIDQ05GcgUSA05SVBoaEgoyMDI3LTAzLTIwagUSA05SVHIFEgNDTkZCAQFIAZgBAQ%3D%3D&hl=pt-BR&tfu=EgQIABABIgA&curr=BRL 200
2026-10-02 09:44:16 [INFO]: response: https://www.google.com/travel/flights?tfs=GhoSCjIwMjctMDMtMjBqBRIDQ05GcgUSA05SVBoaEgoyMDI3LTAzLTMwagUSA05SVHIFEgNDTkZCAQFIAZgBAQ%3D%3D&hl=pt-BR&tfu=EgQIABABIgA&curr=BRL 200
2026-10-02 09:44:18 [INFO]: response: https://www.google.com/travel/flights?tfs=GhoSCjIwMjctMDQtMTBqBRIDQ05GcgUSA05SVBoaEgoyMDI3LTA0LTIwagUSA05SVHIFEgNDTkZCAQFIAZgBAQ%3D%3D&hl=pt-BR&tfu=EgQIABABIgA&curr=BRL 200
2026-10-02 09:44:21 [INFO]: response: https://www.google.com/travel/flights?tfs=GhoSCjIwMjctMDQtMjBqBRIDQ05GcgUSA05SVBoaEgoyMDI3LTA0LTMwagUSA05SVHIFEgNDTkZCAQFIAZgBAQ%3D%3D&hl=pt-BR&tfu=EgQIABABIgA&curr=BRL 200
2026-10-02 09:44:24 [INFO]: response: https://www.google.com/travel/flights?tfs=GhoSCjIwMjctMDQtMjBqBRIDQ05GcgUSA05SVBoaEgoyMDI3LTA0LTMwagUSA05SVHIFEgNDTkZCAQFIAZgBAQ%3D%3D&hl=pt-BR&tfu=EgQIABABIgA&curr=BRL 200
2026-10-02 09:44:28 [INFO]: response: https://www.google.com/travel/flights?tfs=GhoSCjIwMjctMDUtMTBqBRIDQ05GcgUSA05SVBoaEgoyMDI3LTA1LTIwagUSA05SVHIFEgNDTkZCAQFIAZgBAQ%3D%3D&hl=pt-BR&tfu=EgQIABABIgA&curr=BRL 200
2026-10-02 09:44:31 [INFO]: response: https://www.google.com/travel/flights?tfs=GhoSCjIwMjctMDUtMjBqBRIDQ05GcgUSA05SVBoaEgoyMDI3LTA1LTMwagUSA05SVHIFEgNDTkZCAQFIAZgBAQ%3D%3D&hl=pt-BR&tfu=EgQIABABIgA&curr=BRL 200
2026-10-02 09:44:34 [INFO]: response: https://www.google.com/travel/flights?tfs=GhoSCjIwMjctMDYtMTBqBRIDQ05GcgUSA05SVBoaEgoyMDI3LTA2LTIwagUSA05SVHIFEgNDTkZCAQFIAZgBAQ%3D%3D&hl=pt-BR&tfu=EgQIABABIgA&curr=BRL 200
2026-10-02 09:44:37 [INFO]: response: https://www.google.com/travel/flights?tfs=GhoSCjIwMjctMDYtMjBqBRIDQ05GcgUSA05SVBoaEgoyMDI3LTA2LTMwagUSA05SVHIFEgNDTkZCAQFIAZgBAQ%3D%3D&hl=pt-BR&tfu=EgQIABABIgA&curr=BRL 200
2026-10-02 09:44:39 [INFO]: response: https://www.google.com/travel/flights?tfs=GhoSCjIwMjYtMTEtMTBqBRIDR0lHcgUSA05SVBoaEgoyMDI2LTExLTIwagUSA05SVHIFEgNHSUdCAQFIAZgBAQ%3D%3D&hl=pt-BR&tfu=EgQIABABIgA&curr=BRL 200
2026-10-02 09:44:43 [INFO]: response: https://www.google.com/travel/flights?tfs=GhoSCjIwMjYtMTEtMTBqBRIDR0lHcgUSA05SVBoaEgoyMDI2LTExLTIwagUSA05SVHIFEgNHSUdCAQFIAZgBAQ%3D%3D&hl=pt-BR&tfu=EgQIABABIgA&curr=BRL 200
2026-10-02 09:44:46 [INFO]: response: https://www.google.com/travel/flights?tfs=GhoSCjIwMjYtMTEtMjBqBRIDR0lHcgUSA05SVBoaEgoyMDI2LTExLTMwagUSA05SVHIFEgNHSUdCAQFIAZgBAQ%3D%3D&hl=pt-BR&tfu=EgQIABABIgA&curr=BRL 200
2026-10-02 09:44:48 [INFO]: response: https://www.google.com/travel/flights?tfs=GhoSCjIwMjctMDItMTBqBRIDR0lHcgUSA05SVBoaEgoyMDI3LTAyLTIwagUSA05SVHIFEgNHSUdCAQFIAZgBAQ%3D%3D&hl=pt-BR&tfu=EgQIABABIgA&curr=BRL 200
2026-10-02 09:44:51 [INFO]: response: https://www.google.com/travel/flights?tfs=GhoSCjIwMjctMDItMjBqBRIDR0lHcgUSA05SVBoaEgoyMDI3LTAzLTAyagUSA05SVHIFEgNHSUdCAQFIAZgBAQ%3D%3D&hl=pt-BR&tfu=EgQIABABIgA&curr=BRL 200
2026-10-02 09:44:54 [INFO]: response: https://www.google.com/travel/flights?tfs=GhoSCjIwMjctMDMtMTBqBRIDR0lHcgUSA05SVBoaEgoyMDI3LTAzLTIwagUSA05SVHIFEgNHSUdCAQFIAZgBAQ%3D%3D&hl=pt-BR&tfu=EgQIABABIgA&curr=BRL 200
2026-10-02 09:44:56 [INFO]: response: https://www.google.com/travel/flights?tfs=GhoSCjIwMjctMDMtMjBqBRIDR0lHcgUSA05SVBoaEgoyMDI3LTAzLTMwagUSA05SVHIFEgNHSUdCAQFIAZgBAQ%3D%3D&hl=pt-BR&tfu=EgQIABABIgA&curr=BRL 200
2026-10-02 09:45:00 [INFO]: response: https://www.google.com/travel/flights?tfs=GhoSCjIwMjctMDMtMjBqBRIDR0lHcgUSA05SVBoaEgoyMDI3LTAzLTMwagUSA05SVHIFEgNHSUdCAQFIAZgBAQ%3D%3D&hl=pt-BR&tfu=EgQIABABIgA&curr=BRL 200
2026-10-02 09:45:03 [INFO]: response: https://www.google.com/travel/flights?tfs=GhoSCjIwMjctMDQtMTBqBRIDR0lHcgUSA05SVBoaEgoyMDI3LTA0LTIwagUSA05SVHIFEgNHSUdCAQFIAZgBAQ%3D%3D&hl=pt-BR&tfu=EgQIABABIgA&curr=BRL 200
2026-10-02 09:45:05 [INFO]: response: https://www.google.com/travel/flights?tfs=GhoSCjIwMjctMDQtMjBqBRIDR0lHcgUSA05SVBoaEgoyMDI3LTA0LTMwagUSA05SVHIFEgNHSUdCAQFIAZgBAQ%3D%3D&hl=pt-BR&tfu=EgQIABABIgA&curr=BRL 200
2026-10-02 09:45:08 [INFO]: response: https://www.google.com/travel/flights?tfs=GhoSCjIwMjctMDUtMTBqBRIDR0lHcgUSA05SVBoaEgoyMDI3LTA1LTIwagUSA05SVHIFEgNHSUdCAQFIAZgBAQ%3D%3D&hl=pt-BR&tfu=EgQIABABIgA&curr=BRL 200
2026-10-02 09:45:11 [INFO]: response: https://www.google.com/travel/flights?tfs=GhoSCjIwMjctMDUtMjBqBRIDR0lHcgUSA05SVBoaEgoyMDI3LTA1LTMwagUSA05SVHIFEgNHSUdCAQFIAZgBAQ%3D%3D&hl=pt-BR&tfu=EgQIABABIgA&curr=BRL 200
2026-10-02 09:45:13 [INFO]: response: https://www.google.com/travel/flights?tfs=GhoSCjIwMjctMDYtMTBqBRIDR0lHcgUSA05SVBoaEgoyMDI3LTA2LTIwagUSA05SVHIFEgNHSUdCAQFIAZgBAQ%3D%3D&hl=pt-BR&tfu=EgQIABABIgA&curr=BRL 200
2026-10-02 09:45:17 [INFO]: response: https://www.google.com/travel/flights?tfs=GhoSCjIwMjctMDYtMjBqBRIDR0lHcgUSA05SVBoaEgoyMDI3LTA2LTMwagUSA05SVHIFEgNHSUdCAQFIAZgBAQ%3D%3D&hl=pt-BR&tfu=EgQIABABIgA&curr=BRL 200
2026-10-02 09:45:21 [INFO]: response: https://www.google.com/travel/flights?tfs=GhoSCjIwMjYtMTEtMTBqBRIDR1JVcgUSA0hORBoaEgoyMDI2LTExLTIwagUSA0hORHIFEgNHUlVCAQFIAZgBAQ%3D%3D&hl=pt-BR&tfu=EgQIABABIgA&curr=BRL 200
2026-10-02 09:45:24 [INFO]: response: https://www.google.com/travel/flights?tfs=GhoSCjIwMjYtMTEtMTBqBRIDR1JVcgUSA0hORBoaEgoyMDI2LTExLTIwagUSA0hORHIFEgNHUlVCAQFIAZgBAQ%3D%3D&hl=pt-BR&tfu=EgQIABABIgA&curr=BRL 200
2026-10-02 09:45:27 [INFO]: response: https://www.google.com/travel/flights?tfs=GhoSCjIwMjYtMTEtMjBqBRIDR1JVcgUSA0hORBoaEgoyMDI2LTExLTMwagUSA0hORHIFEgNHUlVCAQFIAZgBAQ%3D%3D&hl=pt-BR&tfu=EgQIABABIgA&curr=BRL 200
2026-10-02 09:45:30 [INFO]: response: https://www.google.com/travel/flights?tfs=GhoSCjIwMjYtMTEtMjBqBRIDR1JVcgUSA0hORBoaEgoyMDI2LTExLTMwagUSA0hORHIFEgNHUlVCAQFIAZgBAQ%3D%3D&hl=pt-BR&tfu=EgQIABABIgA&curr=BRL 200
2026-10-02 09:45:33 [INFO]: response: https://www.google.com/travel/flights?tfs=GhoSCjIwMjctMDItMTBqBRIDR1JVcgUSA0hORBoaEgoyMDI3LTAyLTIwagUSA0hORHIFEgNHUlVCAQFIAZgBAQ%3D%3D&hl=pt-BR&tfu=EgQIABABIgA&curr=BRL 200
2026-10-02 09:45:37 [INFO]: response: https://www.google.com/travel/flights?tfs=GhoSCjIwMjctMDItMjBqBRIDR1JVcgUSA0hORBoaEgoyMDI3LTAzLTAyagUSA0hORHIFEgNHUlVCAQFIAZgBAQ%3D%3D&hl=pt-BR&tfu=EgQIABABIgA&curr=BRL 200
2026-10-02 09:45:40 [INFO]: response: https://www.google.com/travel/flights?tfs=GhoSCjIwMjctMDMtMTBqBRIDR1JVcgUSA0hORBoaEgoyMDI3LTAzLTIwagUSA0hORHIFEgNHUlVCAQFIAZgBAQ%3D%3D&hl=pt-BR&tfu=EgQIABABIgA&curr=BRL 200
2026-10-02 09:45:43 [INFO]: response: https://www.google.com/travel/flights?tfs=GhoSCjIwMjctMDMtMjBqBRIDR1JVcgUSA0hORBoaEgoyMDI3LTAzLTMwagUSA0hORHIFEgNHUlVCAQFIAZgBAQ%3D%3D&hl=pt-BR&tfu=EgQIABABIgA&curr=BRL 200
2026-10-02 09:45:46 [INFO]: response: https://www.google.com/travel/flights?tfs=GhoSCjIwMjctMDMtMjBqBRIDR1JVcgUSA0hORBoaEgoyMDI3LTAzLTMwagUSA0hORHIFEgNHUlVCAQFIAZgBAQ%3D%3D&hl=pt-BR&tfu=EgQIABABIgA&curr=BRL 200
2026-10-02 09:45:49 [INFO]: response: https://www.google.com/travel/flights?tfs=GhoSCjIwMjctMDQtMTBqBRIDR1JVcgUSA0hORBoaEgoyMDI3LTA0LTIwagUSA0hORHIFEgNHUlVCAQFIAZgBAQ%3D%3D&hl=pt-BR&tfu=EgQIABABIgA&curr=BRL 200
2026-10-02 09:45:53 [INFO]: response: https://www.google.com/travel/flights?tfs=GhoSCjIwMjctMDQtMjBqBRIDR1JVcgUSA0hORBoaEgoyMDI3LTA0LTMwagUSA0hORHIFEgNHUlVCAQFIAZgBAQ%3D%3D&hl=pt-BR&tfu=EgQIABABIgA&curr=BRL 200
2026-10-02 09:45:56 [INFO]: response: https://www.google.com/travel/flights?tfs=GhoSCjIwMjctMDUtMTBqBRIDR1JVcgUSA0hORBoaEgoyMDI3LTA1LTIwagUSA0hORHIFEgNHUlVCAQFIAZgBAQ%3D%3D&hl=pt-BR&tfu=EgQIABABIgA&curr=BRL 200
2026-10-02 09:45:59 [INFO]: response: https://www.google.com/travel/flights?tfs=GhoSCjIwMjctMDUtMTBqBRIDR1JVcgUSA0hORBoaEgoyMDI3LTA1LTIwagUSA0hORHIFEgNHUlVCAQFIAZgBAQ%3D%3D&hl=pt-BR&tfu=EgQIABABIgA&curr=BRL 200
2026-10-02 09:46:01 [INFO]: response: https://www.google.com/travel/flights?tfs=GhoSCjIwMjctMDUtMjBqBRIDR1JVcgUSA0hORBoaEgoyMDI3LTA1LTMwagUSA0hORHIFEgNHUlVCAQFIAZgBAQ%3D%3D&hl=pt-BR&tfu=EgQIABABIgA&curr=BRL 200
2026-10-02 09:46:04 [INFO]: response: https://www.google.com/travel/flights?tfs=GhoSCjIwMjctMDUtMjBqBRIDR1JVcgUSA0hORBoaEgoyMDI3LTA1LTMwagUSA0hORHIFEgNHUlVCAQFIAZgBAQ%3D%3D&hl=pt-BR&tfu=EgQIABABIgA&curr=BRL 200
2026-10-02 09:46:06 [INFO]: response: https://www.google.com/travel/flights?tfs=GhoSCjIwMjctMDYtMTBqBRIDR1JVcgUSA0hORBoaEgoyMDI3LTA2LTIwagUSA0hORHIFEgNHUlVCAQFIAZgBAQ%3D%3D&hl=pt-BR&tfu=EgQIABABIgA&curr=BRL 200
2026-10-02 09:46:10 [INFO]: response: https://www.google.com/travel/flights?tfs=GhoSCjIwMjctMDYtMjBqBRIDR1JVcgUSA0hORBoaEgoyMDI3LTA2LTMwagUSA0hORHIFEgNHUlVCAQFIAZgBAQ%3D%3D&hl=pt-BR&tfu=EgQIABABIgA&curr=BRL 200
2026-10-02 09:46:13 [INFO]: response: https://www.google.com/travel/flights?tfs=GhoSCjIwMjctMDYtMjBqBRIDR1JVcgUSA0hORBoaEgoyMDI3LTA2LTMwagUSA0hORHIFEgNHUlVCAQFIAZgBAQ%3D%3D&hl=pt-BR&tfu=EgQIABABIgA&curr=BRL 200
2026-10-02 09:46:16 [INFO]: response: https://www.google.com/travel/flights?tfs=GhoSCjIwMjYtMTEtMTBqBRIDQ05GcgUSA0hORBoaEgoyMDI2LTExLTIwagUSA0hORHIFEgNDTkZCAQFIAZgBAQ%3D%3D&hl=pt-BR&tfu=EgQIABABIgA&curr=BRL 200
2026-10-02 09:46:19 [INFO]: response: https://www.google.com/travel/flights?tfs=GhoSCjIwMjYtMTEtMTBqBRIDQ05GcgUSA0hORBoaEgoyMDI2LTExLTIwagUSA0hORHIFEgNDTkZCAQFIAZgBAQ%3D%3D&hl=pt-BR&tfu=EgQIABABIgA&curr=BRL 200
2026-10-02 09:46:23 [INFO]: response: https://www.google.com/travel/flights?tfs=GhoSCjIwMjYtMTEtMjBqBRIDQ05GcgUSA0hORBoaEgoyMDI2LTExLTMwagUSA0hORHIFEgNDTkZCAQFIAZgBAQ%3D%3D&hl=pt-BR&tfu=EgQIABABIgA&curr=BRL 200
2026-10-02 09:46:26 [INFO]: response: https://www.google.com/travel/flights?tfs=GhoSCjIwMjctMDItMTBqBRIDQ05GcgUSA0hORBoaEgoyMDI3LTAyLTIwagUSA0hORHIFEgNDTkZCAQFIAZgBAQ%3D%3D&hl=pt-BR&tfu=EgQIABABIgA&curr=BRL 200
2026-10-02 09:46:30 [INFO]: response: https://www.google.com/travel/flights?tfs=GhoSCjIwMjctMDItMjBqBRIDQ05GcgUSA0hORBoaEgoyMDI3LTAzLTAyagUSA0hORHIFEgNDTkZCAQFIAZgBAQ%3D%3D&hl=pt-BR&tfu=EgQIABABIgA&curr=BRL 200
2026-10-02 09:46:33 [INFO]: response: https://www.google.com/travel/flights?tfs=GhoSCjIwMjctMDMtMTBqBRIDQ05GcgUSA0hORBoaEgoyMDI3LTAzLTIwagUSA0hORHIFEgNDTkZCAQFIAZgBAQ%3D%3D&hl=pt-BR&tfu=EgQIABABIgA&curr=BRL 200
2026-10-02 09:46:36 [INFO]: response: https://www.google.com/travel/flights?tfs=GhoSCjIwMjctMDMtMjBqBRIDQ05GcgUSA0hORBoaEgoyMDI3LTAzLTMwagUSA0hORHIFEgNDTkZCAQFIAZgBAQ%3D%3D&hl=pt-BR&tfu=EgQIABABIgA&curr=BRL 200
2026-10-02 09:46:39 [INFO]: response: https://www.google.com/travel/flights?tfs=GhoSCjIwMjctMDMtMjBqBRIDQ05GcgUSA0hORBoaEgoyMDI3LTAzLTMwagUSA0hORHIFEgNDTkZCAQFIAZgBAQ%3D%3D&hl=pt-BR&tfu=EgQIABABIgA&curr=BRL 200
2026-10-02 09:46:42 [INFO]: response: https://www.google.com/travel/flights?tfs=GhoSCjIwMjctMDQtMTBqBRIDQ05GcgUSA0hORBoaEgoyMDI3LTA0LTIwagUSA0hORHIFEgNDTkZCAQFIAZgBAQ%3D%3D&hl=pt-BR&tfu=EgQIABABIgA&curr=BRL 200
2026-10-02 09:46:45 [INFO]: response: https://www.google.com/travel/flights?tfs=GhoSCjIwMjctMDQtMTBqBRIDQ05GcgUSA0hORBoaEgoyMDI3LTA0LTIwagUSA0hORHIFEgNDTkZCAQFIAZgBAQ%3D%3D&hl=pt-BR&tfu=EgQIABABIgA&curr=BRL 200
2026-10-02 09:46:48 [INFO]: response: https://www.google.com/travel/flights?tfs=GhoSCjIwMjctMDQtMjBqBRIDQ05GcgUSA0hORBoaEgoyMDI3LTA0LTMwagUSA0hORHIFEgNDTkZCAQFIAZgBAQ%3D%3D&hl=pt-BR&tfu=EgQIABABIgA&curr=BRL 200
2026-10-02 09:46:51 [INFO]: response: https://www.google.com/travel/flights?tfs=GhoSCjIwMjctMDUtMTBqBRIDQ05GcgUSA0hORBoaEgoyMDI3LTA1LTIwagUSA0hORHIFEgNDTkZCAQFIAZgBAQ%3D%3D&hl=pt-BR&tfu=EgQIABABIgA&curr=BRL 200
2026-10-02 09:46:54 [INFO]: response: https://www.google.com/travel/flights?tfs=GhoSCjIwMjctMDUtMTBqBRIDQ05GcgUSA0hORBoaEgoyMDI3LTA1LTIwagUSA0hORHIFEgNDTkZCAQFIAZgBAQ%3D%3D&hl=pt-BR&tfu=EgQIABABIgA&curr=BRL 200
2026-10-02 09:46:57 [INFO]: response: https://www.google.com/travel/flights?tfs=GhoSCjIwMjctMDUtMjBqBRIDQ05GcgUSA0hORBoaEgoyMDI3LTA1LTMwagUSA0hORHIFEgNDTkZCAQFIAZgBAQ%3D%3D&hl=pt-BR&tfu=EgQIABABIgA&curr=BRL 200
2026-10-02 09:47:00 [INFO]: response: https://www.google.com/travel/flights?tfs=GhoSCjIwMjctMDYtMTBqBRIDQ05GcgUSA0hORBoaEgoyMDI3LTA2LTIwagUSA0hORHIFEgNDTkZCAQFIAZgBAQ%3D%3D&hl=pt-BR&tfu=EgQIABABIgA&curr=BRL 200
2026-10-02 09:47:03 [INFO]: response: https://www.google.com/travel/flights?tfs=GhoSCjIwMjctMDYtMjBqBRIDQ05GcgUSA0hORBoaEgoyMDI3LTA2LTMwagUSA0hORHIFEgNDTkZCAQFIAZgBAQ%3D%3D&hl=pt-BR&tfu=EgQIABABIgA&curr=BRL 200
2026-10-02 09:47:05 [INFO]: response: https://www.google.com/travel/flights?tfs=GhoSCjIwMjYtMTEtMTBqBRIDR0lHcgUSA0hORBoaEgoyMDI2LTExLTIwagUSA0hORHIFEgNHSUdCAQFIAZgBAQ%3D%3D&hl=pt-BR&tfu=EgQIABABIgA&curr=BRL 200
2026-10-02 09:47:08 [INFO]: response: https://www.google.com/travel/flights?tfs=GhoSCjIwMjYtMTEtMjBqBRIDR0lHcgUSA0hORBoaEgoyMDI2LTExLTMwagUSA0hORHIFEgNHSUdCAQFIAZgBAQ%3D%3D&hl=pt-BR&tfu=EgQIABABIgA&curr=BRL 200
2026-10-02 09:47:12 [INFO]: response: https://www.google.com/travel/flights?tfs=GhoSCjIwMjctMDItMTBqBRIDR0lHcgUSA0hORBoaEgoyMDI3LTAyLTIwagUSA0hORHIFEgNHSUdCAQFIAZgBAQ%3D%3D&hl=pt-BR&tfu=EgQIABABIgA&curr=BRL 200
2026-10-02 09:47:15 [INFO]: response: https://www.google.com/travel/flights?tfs=GhoSCjIwMjctMDItMjBqBRIDR0lHcgUSA0hORBoaEgoyMDI3LTAzLTAyagUSA0hORHIFEgNHSUdCAQFIAZgBAQ%3D%3D&hl=pt-BR&tfu=EgQIABABIgA&curr=BRL 200
2026-10-02 09:47:18 [INFO]: response: https://www.google.com/travel/flights?tfs=GhoSCjIwMjctMDItMjBqBRIDR0lHcgUSA0hORBoaEgoyMDI3LTAzLTAyagUSA0hORHIFEgNHSUdCAQFIAZgBAQ%3D%3D&hl=pt-BR&tfu=EgQIABABIgA&curr=BRL 200
2026-10-02 09:47:21 [INFO]: response: https://www.google.com/travel/flights?tfs=GhoSCjIwMjctMDMtMTBqBRIDR0lHcgUSA0hORBoaEgoyMDI3LTAzLTIwagUSA0hORHIFEgNHSUdCAQFIAZgBAQ%3D%3D&hl=pt-BR&tfu=EgQIABABIgA&curr=BRL 200
2026-10-02 09:47:24 [INFO]: response: https://www.google.com/travel/flights?tfs=GhoSCjIwMjctMDMtMjBqBRIDR0lHcgUSA0hORBoaEgoyMDI3LTAzLTMwagUSA0hORHIFEgNHSUdCAQFIAZgBAQ%3D%3D&hl=pt-BR&tfu=EgQIABABIgA&curr=BRL 200
2026-10-02 09:47:26 [INFO]: response: https://www.google.com/travel/flights?tfs=GhoSCjIwMjctMDQtMTBqBRIDR0lHcgUSA0hORBoaEgoyMDI3LTA0LTIwagUSA0hORHIFEgNHSUdCAQFIAZgBAQ%3D%3D&hl=pt-BR&tfu=EgQIABABIgA&curr=BRL 200
2026-10-02 09:47:29 [INFO]: response: https://www.google.com/travel/flights?tfs=GhoSCjIwMjctMDQtMjBqBRIDR0lHcgUSA0hORBoaEgoyMDI3LTA0LTMwagUSA0hORHIFEgNHSUdCAQFIAZgBAQ%3D%3D&hl=pt-BR&tfu=EgQIABABIgA&curr=BRL 200
2026-10-02 09:47:32 [INFO]: response: https://www.google.com/travel/flights?tfs=GhoSCjIwMjctMDUtMTBqBRIDR0lHcgUSA0hORBoaEgoyMDI3LTA1LTIwagUSA0hORHIFEgNHSUdCAQFIAZgBAQ%3D%3D&hl=pt-BR&tfu=EgQIABABIgA&curr=BRL 200
2026-10-02 09:47:34 [INFO]: response: https://www.google.com/travel/flights?tfs=GhoSCjIwMjctMDUtMjBqBRIDR0lHcgUSA0hORBoaEgoyMDI3LTA1LTMwagUSA0hORHIFEgNHSUdCAQFIAZgBAQ%3D%3D&hl=pt-BR&tfu=EgQIABABIgA&curr=BRL 200
2026-10-02 09:47:37 [INFO]: response: https://www.google.com/travel/flights?tfs=GhoSCjIwMjctMDYtMTBqBRIDR0lHcgUSA0hORBoaEgoyMDI3LTA2LTIwagUSA0hORHIFEgNHSUdCAQFIAZgBAQ%3D%3D&hl=pt-BR&tfu=EgQIABABIgA&curr=BRL 200
2026-10-02 09:47:40 [INFO]: response: https://www.google.com/travel/flights?tfs=GhoSCjIwMjctMDYtMjBqBRIDR0lHcgUSA0hORBoaEgoyMDI3LTA2LTMwagUSA0hORHIFEgNHSUdCAQFIAZgBAQ%3D%3D&hl=pt-BR&tfu=EgQIABABIgA&curr=BRL 200
2026-10-02 09:47:44 [INFO]: Checagem internacional concluída. 267 cotações avaliadas.
2026-10-02 20:30:03 [INFO]: --- INICIANDO CHECAGEM AGENDADA: EUROPA, TURQUIA & JAPÃO ---
2026-10-02 20:30:03 [INFO]: response: https://www.google.com/travel/flights?tfs=GhoSCjIwMjYtMTEtMTBqBRIDR1JVcgUSA01BRBoaEgoyMDI2LTExLTIwagUSA01BRHIFEgNHUlVCAQFIAZgBAQ%3D%3D&hl=pt-BR&tfu=EgQIABABIgA&curr=BRL 200
2026-10-02 20:30:06 [INFO]: response: https://www.google.com/travel/flights?tfs=GhoSCjIwMjYtMTEtMjBqBRIDR1JVcgUSA01BRBoaEgoyMDI2LTExLTMwagUSA01BRHIFEgNHUlVCAQFIAZgBAQ%3D%3D&hl=pt-BR&tfu=EgQIABABIgA&curr=BRL 200
2026-10-02 20:30:09 [INFO]: response: https://www.google.com/travel/flights?tfs=GhoSCjIwMjctMDItMTBqBRIDR1JVcgUSA01BRBoaEgoyMDI3LTAyLTIwagUSA01BRHIFEgNHUlVCAQFIAZgBAQ%3D%3D&hl=pt-BR&tfu=EgQIABABIgA&curr=BRL 200
2026-10-02 20:30:12 [INFO]: response: https://www.google.com/travel/flights?tfs=GhoSCjIwMjctMDItMjBqBRIDR1JVcgUSA01BRBoaEgoyMDI3LTAzLTAyagUSA01BRHIFEgNHUlVCAQFIAZgBAQ%3D%3D&hl=pt-BR&tfu=EgQIABABIgA&curr=BRL 200
2026-10-02 20:30:15 [INFO]: response: https://www.google.com/travel/flights?tfs=GhoSCjIwMjctMDMtMTBqBRIDR1JVcgUSA01BRBoaEgoyMDI3LTAzLTIwagUSA01BRHIFEgNHUlVCAQFIAZgBAQ%3D%3D&hl=pt-BR&tfu=EgQIABABIgA&curr=BRL 200
2026-10-02 20:30:17 [INFO]: response: https://www.google.com/travel/flights?tfs=GhoSCjIwMjctMDMtMjBqBRIDR1JVcgUSA01BRBoaEgoyMDI3LTAzLTMwagUSA01BRHIFEgNHUlVCAQFIAZgBAQ%3D%3D&hl=pt-BR&tfu=EgQIABABIgA&curr=BRL 200
2026-10-02 20:30:20 [INFO]: response: https://www.google.com/travel/flights?tfs=GhoSCjIwMjctMDQtMTBqBRIDR1JVcgUSA01BRBoaEgoyMDI3LTA0LTIwagUSA01BRHIFEgNHUlVCAQFIAZgBAQ%3D%3D&hl=pt-BR&tfu=EgQIABABIgA&curr=BRL 200
2026-10-02 20:30:23 [INFO]: response: https://www.google.com/travel/flights?tfs=GhoSCjIwMjctMDQtMjBqBRIDR1JVcgUSA01BRBoaEgoyMDI3LTA0LTMwagUSA01BRHIFEgNHUlVCAQFIAZgBAQ%3D%3D&hl=pt-BR&tfu=EgQIABABIgA&curr=BRL 200
2026-10-02 20:30:26 [INFO]: response: https://www.google.com/travel/flights?tfs=GhoSCjIwMjctMDUtMTBqBRIDR1JVcgUSA01BRBoaEgoyMDI3LTA1LTIwagUSA01BRHIFEgNHUlVCAQFIAZgBAQ%3D%3D&hl=pt-BR&tfu=EgQIABABIgA&curr=BRL 200
2026-10-02 20:30:29 [INFO]: response: https://www.google.com/travel/flights?tfs=GhoSCjIwMjctMDUtMTBqBRIDR1JVcgUSA01BRBoaEgoyMDI3LTA1LTIwagUSA01BRHIFEgNHUlVCAQFIAZgBAQ%3D%3D&hl=pt-BR&tfu=EgQIABABIgA&curr=BRL 200
2026-10-02 20:30:32 [INFO]: response: https://www.google.com/travel/flights?tfs=GhoSCjIwMjctMDUtMjBqBRIDR1JVcgUSA01BRBoaEgoyMDI3LTA1LTMwagUSA01BRHIFEgNHUlVCAQFIAZgBAQ%3D%3D&hl=pt-BR&tfu=EgQIABABIgA&curr=BRL 200
2026-10-02 20:30:35 [INFO]: response: https://www.google.com/travel/flights?tfs=GhoSCjIwMjctMDYtMTBqBRIDR1JVcgUSA01BRBoaEgoyMDI3LTA2LTIwagUSA01BRHIFEgNHUlVCAQFIAZgBAQ%3D%3D&hl=pt-BR&tfu=EgQIABABIgA&curr=BRL 200
2026-10-02 20:30:38 [INFO]: response: https://www.google.com/travel/flights?tfs=GhoSCjIwMjctMDYtMTBqBRIDR1JVcgUSA01BRBoaEgoyMDI3LTA2LTIwagUSA01BRHIFEgNHUlVCAQFIAZgBAQ%3D%3D&hl=pt-BR&tfu=EgQIABABIgA&curr=BRL 200
2026-10-02 20:30:41 [INFO]: response: https://www.google.com/travel/flights?tfs=GhoSCjIwMjctMDYtMjBqBRIDR1JVcgUSA01BRBoaEgoyMDI3LTA2LTMwagUSA01BRHIFEgNHUlVCAQFIAZgBAQ%3D%3D&hl=pt-BR&tfu=EgQIABABIgA&curr=BRL 200
2026-10-02 20:30:44 [INFO]: response: https://www.google.com/travel/flights?tfs=GhoSCjIwMjYtMTEtMTBqBRIDQ05GcgUSA01BRBoaEgoyMDI2LTExLTIwagUSA01BRHIFEgNDTkZCAQFIAZgBAQ%3D%3D&hl=pt-BR&tfu=EgQIABABIgA&curr=BRL 200
2026-10-02 20:30:47 [INFO]: response: https://www.google.com/travel/flights?tfs=GhoSCjIwMjYtMTEtMjBqBRIDQ05GcgUSA01BRBoaEgoyMDI2LTExLTMwagUSA01BRHIFEgNDTkZCAQFIAZgBAQ%3D%3D&hl=pt-BR&tfu=EgQIABABIgA&curr=BRL 200
2026-10-02 20:30:50 [INFO]: response: https://www.google.com/travel/flights?tfs=GhoSCjIwMjctMDItMTBqBRIDQ05GcgUSA01BRBoaEgoyMDI3LTAyLTIwagUSA01BRHIFEgNDTkZCAQFIAZgBAQ%3D%3D&hl=pt-BR&tfu=EgQIABABIgA&curr=BRL 200
2026-10-02 20:30:53 [INFO]: response: https://www.google.com/travel/flights?tfs=GhoSCjIwMjctMDItMjBqBRIDQ05GcgUSA01BRBoaEgoyMDI3LTAzLTAyagUSA01BRHIFEgNDTkZCAQFIAZgBAQ%3D%3D&hl=pt-BR&tfu=EgQIABABIgA&curr=BRL 200
2026-10-02 20:30:56 [INFO]: response: https://www.google.com/travel/flights?tfs=GhoSCjIwMjctMDMtMTBqBRIDQ05GcgUSA01BRBoaEgoyMDI3LTAzLTIwagUSA01BRHIFEgNDTkZCAQFIAZgBAQ%3D%3D&hl=pt-BR&tfu=EgQIABABIgA&curr=BRL 200
2026-10-02 20:30:59 [INFO]: response: https://www.google.com/travel/flights?tfs=GhoSCjIwMjctMDMtMTBqBRIDQ05GcgUSA01BRBoaEgoyMDI3LTAzLTIwagUSA01BRHIFEgNDTkZCAQFIAZgBAQ%3D%3D&hl=pt-BR&tfu=EgQIABABIgA&curr=BRL 200
2026-10-02 20:31:02 [INFO]: response: https://www.google.com/travel/flights?tfs=GhoSCjIwMjctMDMtMjBqBRIDQ05GcgUSA01BRBoaEgoyMDI3LTAzLTMwagUSA01BRHIFEgNDTkZCAQFIAZgBAQ%3D%3D&hl=pt-BR&tfu=EgQIABABIgA&curr=BRL 200
2026-10-02 20:31:05 [INFO]: response: https://www.google.com/travel/flights?tfs=GhoSCjIwMjctMDQtMTBqBRIDQ05GcgUSA01BRBoaEgoyMDI3LTA0LTIwagUSA01BRHIFEgNDTkZCAQFIAZgBAQ%3D%3D&hl=pt-BR&tfu=EgQIABABIgA&curr=BRL 200
2026-10-02 20:31:08 [INFO]: response: https://www.google.com/travel/flights?tfs=GhoSCjIwMjctMDQtMjBqBRIDQ05GcgUSA01BRBoaEgoyMDI3LTA0LTMwagUSA01BRHIFEgNDTkZCAQFIAZgBAQ%3D%3D&hl=pt-BR&tfu=EgQIABABIgA&curr=BRL 200
2026-10-02 20:31:11 [INFO]: response: https://www.google.com/travel/flights?tfs=GhoSCjIwMjctMDUtMTBqBRIDQ05GcgUSA01BRBoaEgoyMDI3LTA1LTIwagUSA01BRHIFEgNDTkZCAQFIAZgBAQ%3D%3D&hl=pt-BR&tfu=EgQIABABIgA&curr=BRL 200
2026-10-02 20:31:14 [INFO]: response: https://www.google.com/travel/flights?tfs=GhoSCjIwMjctMDUtMTBqBRIDQ05GcgUSA01BRBoaEgoyMDI3LTA1LTIwagUSA01BRHIFEgNDTkZCAQFIAZgBAQ%3D%3D&hl=pt-BR&tfu=EgQIABABIgA&curr=BRL 200
2026-10-02 20:31:18 [INFO]: response: https://www.google.com/travel/flights?tfs=GhoSCjIwMjctMDUtMjBqBRIDQ05GcgUSA01BRBoaEgoyMDI3LTA1LTMwagUSA01BRHIFEgNDTkZCAQFIAZgBAQ%3D%3D&hl=pt-BR&tfu=EgQIABABIgA&curr=BRL 200
2026-10-02 20:31:21 [INFO]: response: https://www.google.com/travel/flights?tfs=GhoSCjIwMjctMDYtMTBqBRIDQ05GcgUSA01BRBoaEgoyMDI3LTA2LTIwagUSA01BRHIFEgNDTkZCAQFIAZgBAQ%3D%3D&hl=pt-BR&tfu=EgQIABABIgA&curr=BRL 200
2026-10-02 20:31:25 [INFO]: response: https://www.google.com/travel/flights?tfs=GhoSCjIwMjctMDYtMjBqBRIDQ05GcgUSA01BRBoaEgoyMDI3LTA2LTMwagUSA01BRHIFEgNDTkZCAQFIAZgBAQ%3D%3D&hl=pt-BR&tfu=EgQIABABIgA&curr=BRL 200
2026-10-02 20:31:28 [INFO]: response: https://www.google.com/travel/flights?tfs=GhoSCjIwMjctMDYtMjBqBRIDQ05GcgUSA01BRBoaEgoyMDI3LTA2LTMwagUSA01BRHIFEgNDTkZCAQFIAZgBAQ%3D%3D&hl=pt-BR&tfu=EgQIABABIgA&curr=BRL 200
2026-10-02 20:31:31 [INFO]: response: https://www.google.com/travel/flights?tfs=GhoSCjIwMjYtMTEtMTBqBRIDR0lHcgUSA01BRBoaEgoyMDI2LTExLTIwagUSA01BRHIFEgNHSUdCAQFIAZgBAQ%3D%3D&hl=pt-BR&tfu=EgQIABABIgA&curr=BRL 200
2026-10-02 20:31:35 [INFO]: response: https://www.google.com/travel/flights?tfs=GhoSCjIwMjYtMTEtMTBqBRIDR0lHcgUSA01BRBoaEgoyMDI2LTExLTIwagUSA01BRHIFEgNHSUdCAQFIAZgBAQ%3D%3D&hl=pt-BR&tfu=EgQIABABIgA&curr=BRL 200
2026-10-02 20:31:39 [INFO]: response: https://www.google.com/travel/flights?tfs=GhoSCjIwMjYtMTEtMjBqBRIDR0lHcgUSA01BRBoaEgoyMDI2LTExLTMwagUSA01BRHIFEgNHSUdCAQFIAZgBAQ%3D%3D&hl=pt-BR&tfu=EgQIABABIgA&curr=BRL 200
2026-10-02 20:31:42 [INFO]: response: https://www.google.com/travel/flights?tfs=GhoSCjIwMjctMDItMTBqBRIDR0lHcgUSA01BRBoaEgoyMDI3LTAyLTIwagUSA01BRHIFEgNHSUdCAQFIAZgBAQ%3D%3D&hl=pt-BR&tfu=EgQIABABIgA&curr=BRL 200
2026-10-02 20:31:44 [INFO]: response: https://www.google.com/travel/flights?tfs=GhoSCjIwMjctMDItMjBqBRIDR0lHcgUSA01BRBoaEgoyMDI3LTAzLTAyagUSA01BRHIFEgNHSUdCAQFIAZgBAQ%3D%3D&hl=pt-BR&tfu=EgQIABABIgA&curr=BRL 200
2026-10-02 20:31:48 [INFO]: response: https://www.google.com/travel/flights?tfs=GhoSCjIwMjctMDMtMTBqBRIDR0lHcgUSA01BRBoaEgoyMDI3LTAzLTIwagUSA01BRHIFEgNHSUdCAQFIAZgBAQ%3D%3D&hl=pt-BR&tfu=EgQIABABIgA&curr=BRL 200
2026-10-02 20:31:51 [INFO]: response: https://www.google.com/travel/flights?tfs=GhoSCjIwMjctMDMtMTBqBRIDR0lHcgUSA01BRBoaEgoyMDI3LTAzLTIwagUSA01BRHIFEgNHSUdCAQFIAZgBAQ%3D%3D&hl=pt-BR&tfu=EgQIABABIgA&curr=BRL 200
2026-10-02 20:31:54 [INFO]: response: https://www.google.com/travel/flights?tfs=GhoSCjIwMjctMDMtMjBqBRIDR0lHcgUSA01BRBoaEgoyMDI3LTAzLTMwagUSA01BRHIFEgNHSUdCAQFIAZgBAQ%3D%3D&hl=pt-BR&tfu=EgQIABABIgA&curr=BRL 200
2026-10-02 20:31:57 [INFO]: response: https://www.google.com/travel/flights?tfs=GhoSCjIwMjctMDQtMTBqBRIDR0lHcgUSA01BRBoaEgoyMDI3LTA0LTIwagUSA01BRHIFEgNHSUdCAQFIAZgBAQ%3D%3D&hl=pt-BR&tfu=EgQIABABIgA&curr=BRL 200
2026-10-02 20:32:00 [INFO]: response: https://www.google.com/travel/flights?tfs=GhoSCjIwMjctMDQtMjBqBRIDR0lHcgUSA01BRBoaEgoyMDI3LTA0LTMwagUSA01BRHIFEgNHSUdCAQFIAZgBAQ%3D%3D&hl=pt-BR&tfu=EgQIABABIgA&curr=BRL 200
2026-10-02 20:32:03 [INFO]: response: https://www.google.com/travel/flights?tfs=GhoSCjIwMjctMDUtMTBqBRIDR0lHcgUSA01BRBoaEgoyMDI3LTA1LTIwagUSA01BRHIFEgNHSUdCAQFIAZgBAQ%3D%3D&hl=pt-BR&tfu=EgQIABABIgA&curr=BRL 200
2026-10-02 20:32:06 [INFO]: response: https://www.google.com/travel/flights?tfs=GhoSCjIwMjctMDUtMjBqBRIDR0lHcgUSA01BRBoaEgoyMDI3LTA1LTMwagUSA01BRHIFEgNHSUdCAQFIAZgBAQ%3D%3D&hl=pt-BR&tfu=EgQIABABIgA&curr=BRL 200
2026-10-02 20:32:10 [INFO]: response: https://www.google.com/travel/flights?tfs=GhoSCjIwMjctMDYtMTBqBRIDR0lHcgUSA01BRBoaEgoyMDI3LTA2LTIwagUSA01BRHIFEgNHSUdCAQFIAZgBAQ%3D%3D&hl=pt-BR&tfu=EgQIABABIgA&curr=BRL 200
2026-10-02 20:32:12 [INFO]: response: https://www.google.com/travel/flights?tfs=GhoSCjIwMjctMDYtMTBqBRIDR0lHcgUSA01BRBoaEgoyMDI3LTA2LTIwagUSA01BRHIFEgNHSUdCAQFIAZgBAQ%3D%3D&hl=pt-BR&tfu=EgQIABABIgA&curr=BRL 200
2026-10-02 20:32:16 [INFO]: response: https://www.google.com/travel/flights?tfs=GhoSCjIwMjctMDYtMjBqBRIDR0lHcgUSA01BRBoaEgoyMDI3LTA2LTMwagUSA01BRHIFEgNHSUdCAQFIAZgBAQ%3D%3D&hl=pt-BR&tfu=EgQIABABIgA&curr=BRL 200
2026-10-02 20:32:21 [INFO]: response: https://www.google.com/travel/flights?tfs=GhoSCjIwMjYtMTEtMTBqBRIDR1JVcgUSA0JDThoaEgoyMDI2LTExLTIwagUSA0JDTnIFEgNHUlVCAQFIAZgBAQ%3D%3D&hl=pt-BR&tfu=EgQIABABIgA&curr=BRL 200
2026-10-02 20:32:24 [INFO]: response: https://www.google.com/travel/flights?tfs=GhoSCjIwMjYtMTEtMjBqBRIDR1JVcgUSA0JDThoaEgoyMDI2LTExLTMwagUSA0JDTnIFEgNHUlVCAQFIAZgBAQ%3D%3D&hl=pt-BR&tfu=EgQIABABIgA&curr=BRL 200
2026-10-02 20:32:27 [INFO]: response: https://www.google.com/travel/flights?tfs=GhoSCjIwMjYtMTEtMjBqBRIDR1JVcgUSA0JDThoaEgoyMDI2LTExLTMwagUSA0JDTnIFEgNHUlVCAQFIAZgBAQ%3D%3D&hl=pt-BR&tfu=EgQIABABIgA&curr=BRL 200
2026-10-02 20:32:31 [INFO]: response: https://www.google.com/travel/flights?tfs=GhoSCjIwMjctMDItMTBqBRIDR1JVcgUSA0JDThoaEgoyMDI3LTAyLTIwagUSA0JDTnIFEgNHUlVCAQFIAZgBAQ%3D%3D&hl=pt-BR&tfu=EgQIABABIgA&curr=BRL 200
2026-10-02 20:32:34 [INFO]: response: https://www.google.com/travel/flights?tfs=GhoSCjIwMjctMDItMjBqBRIDR1JVcgUSA0JDThoaEgoyMDI3LTAzLTAyagUSA0JDTnIFEgNHUlVCAQFIAZgBAQ%3D%3D&hl=pt-BR&tfu=EgQIABABIgA&curr=BRL 200
2026-10-02 20:32:37 [INFO]: response: https://www.google.com/travel/flights?tfs=GhoSCjIwMjctMDMtMTBqBRIDR1JVcgUSA0JDThoaEgoyMDI3LTAzLTIwagUSA0JDTnIFEgNHUlVCAQFIAZgBAQ%3D%3D&hl=pt-BR&tfu=EgQIABABIgA&curr=BRL 200
2026-10-02 20:32:40 [INFO]: response: https://www.google.com/travel/flights?tfs=GhoSCjIwMjctMDMtMjBqBRIDR1JVcgUSA0JDThoaEgoyMDI3LTAzLTMwagUSA0JDTnIFEgNHUlVCAQFIAZgBAQ%3D%3D&hl=pt-BR&tfu=EgQIABABIgA&curr=BRL 200
2026-10-02 20:32:43 [INFO]: response: https://www.google.com/travel/flights?tfs=GhoSCjIwMjctMDQtMTBqBRIDR1JVcgUSA0JDThoaEgoyMDI3LTA0LTIwagUSA0JDTnIFEgNHUlVCAQFIAZgBAQ%3D%3D&hl=pt-BR&tfu=EgQIABABIgA&curr=BRL 200
2026-10-02 20:32:46 [INFO]: response: https://www.google.com/travel/flights?tfs=GhoSCjIwMjctMDQtMjBqBRIDR1JVcgUSA0JDThoaEgoyMDI3LTA0LTMwagUSA0JDTnIFEgNHUlVCAQFIAZgBAQ%3D%3D&hl=pt-BR&tfu=EgQIABABIgA&curr=BRL 200
2026-10-02 20:32:48 [INFO]: response: https://www.google.com/travel/flights?tfs=GhoSCjIwMjctMDUtMTBqBRIDR1JVcgUSA0JDThoaEgoyMDI3LTA1LTIwagUSA0JDTnIFEgNHUlVCAQFIAZgBAQ%3D%3D&hl=pt-BR&tfu=EgQIABABIgA&curr=BRL 200
2026-10-02 20:32:51 [INFO]: response: https://www.google.com/travel/flights?tfs=GhoSCjIwMjctMDUtMjBqBRIDR1JVcgUSA0JDThoaEgoyMDI3LTA1LTMwagUSA0JDTnIFEgNHUlVCAQFIAZgBAQ%3D%3D&hl=pt-BR&tfu=EgQIABABIgA&curr=BRL 200
2026-10-02 20:32:54 [INFO]: response: https://www.google.com/travel/flights?tfs=GhoSCjIwMjctMDYtMTBqBRIDR1JVcgUSA0JDThoaEgoyMDI3LTA2LTIwagUSA0JDTnIFEgNHUlVCAQFIAZgBAQ%3D%3D&hl=pt-BR&tfu=EgQIABABIgA&curr=BRL 200
2026-10-02 20:32:57 [INFO]: response: https://www.google.com/travel/flights?tfs=GhoSCjIwMjctMDYtMjBqBRIDR1JVcgUSA0JDThoaEgoyMDI3LTA2LTMwagUSA0JDTnIFEgNHUlVCAQFIAZgBAQ%3D%3D&hl=pt-BR&tfu=EgQIABABIgA&curr=BRL 200
2026-10-02 20:33:00 [INFO]: response: https://www.google.com/travel/flights?tfs=GhoSCjIwMjYtMTEtMTBqBRIDQ05GcgUSA0JDThoaEgoyMDI2LTExLTIwagUSA0JDTnIFEgNDTkZCAQFIAZgBAQ%3D%3D&hl=pt-BR&tfu=EgQIABABIgA&curr=BRL 200
2026-10-02 20:33:03 [INFO]: response: https://www.google.com/travel/flights?tfs=GhoSCjIwMjYtMTEtMTBqBRIDQ05GcgUSA0JDThoaEgoyMDI2LTExLTIwagUSA0JDTnIFEgNDTkZCAQFIAZgBAQ%3D%3D&hl=pt-BR&tfu=EgQIABABIgA&curr=BRL 200
2026-10-02 20:33:07 [INFO]: response: https://www.google.com/travel/flights?tfs=GhoSCjIwMjYtMTEtMjBqBRIDQ05GcgUSA0JDThoaEgoyMDI2LTExLTMwagUSA0JDTnIFEgNDTkZCAQFIAZgBAQ%3D%3D&hl=pt-BR&tfu=EgQIABABIgA&curr=BRL 200
2026-10-02 20:33:10 [INFO]: response: https://www.google.com/travel/flights?tfs=GhoSCjIwMjctMDItMTBqBRIDQ05GcgUSA0JDThoaEgoyMDI3LTAyLTIwagUSA0JDTnIFEgNDTkZCAQFIAZgBAQ%3D%3D&hl=pt-BR&tfu=EgQIABABIgA&curr=BRL 200
2026-10-02 20:33:13 [INFO]: response: https://www.google.com/travel/flights?tfs=GhoSCjIwMjctMDItMjBqBRIDQ05GcgUSA0JDThoaEgoyMDI3LTAzLTAyagUSA0JDTnIFEgNDTkZCAQFIAZgBAQ%3D%3D&hl=pt-BR&tfu=EgQIABABIgA&curr=BRL 200
2026-10-02 20:33:16 [INFO]: response: https://www.google.com/travel/flights?tfs=GhoSCjIwMjctMDMtMTBqBRIDQ05GcgUSA0JDThoaEgoyMDI3LTAzLTIwagUSA0JDTnIFEgNDTkZCAQFIAZgBAQ%3D%3D&hl=pt-BR&tfu=EgQIABABIgA&curr=BRL 200
2026-10-02 20:33:19 [INFO]: response: https://www.google.com/travel/flights?tfs=GhoSCjIwMjctMDMtMjBqBRIDQ05GcgUSA0JDThoaEgoyMDI3LTAzLTMwagUSA0JDTnIFEgNDTkZCAQFIAZgBAQ%3D%3D&hl=pt-BR&tfu=EgQIABABIgA&curr=BRL 200
2026-10-02 20:33:22 [INFO]: response: https://www.google.com/travel/flights?tfs=GhoSCjIwMjctMDQtMTBqBRIDQ05GcgUSA0JDThoaEgoyMDI3LTA0LTIwagUSA0JDTnIFEgNDTkZCAQFIAZgBAQ%3D%3D&hl=pt-BR&tfu=EgQIABABIgA&curr=BRL 200
2026-10-02 20:33:25 [INFO]: response: https://www.google.com/travel/flights?tfs=GhoSCjIwMjctMDQtMjBqBRIDQ05GcgUSA0JDThoaEgoyMDI3LTA0LTMwagUSA0JDTnIFEgNDTkZCAQFIAZgBAQ%3D%3D&hl=pt-BR&tfu=EgQIABABIgA&curr=BRL 200
2026-10-02 20:33:27 [INFO]: response: https://www.google.com/travel/flights?tfs=GhoSCjIwMjctMDQtMjBqBRIDQ05GcgUSA0JDThoaEgoyMDI3LTA0LTMwagUSA0JDTnIFEgNDTkZCAQFIAZgBAQ%3D%3D&hl=pt-BR&tfu=EgQIABABIgA&curr=BRL 200
2026-10-02 20:33:31 [INFO]: response: https://www.google.com/travel/flights?tfs=GhoSCjIwMjctMDUtMTBqBRIDQ05GcgUSA0JDThoaEgoyMDI3LTA1LTIwagUSA0JDTnIFEgNDTkZCAQFIAZgBAQ%3D%3D&hl=pt-BR&tfu=EgQIABABIgA&curr=BRL 200
2026-10-02 20:33:34 [INFO]: response: https://www.google.com/travel/flights?tfs=GhoSCjIwMjctMDUtMjBqBRIDQ05GcgUSA0JDThoaEgoyMDI3LTA1LTMwagUSA0JDTnIFEgNDTkZCAQFIAZgBAQ%3D%3D&hl=pt-BR&tfu=EgQIABABIgA&curr=BRL 200
2026-10-02 20:33:37 [INFO]: response: https://www.google.com/travel/flights?tfs=GhoSCjIwMjctMDYtMTBqBRIDQ05GcgUSA0JDThoaEgoyMDI3LTA2LTIwagUSA0JDTnIFEgNDTkZCAQFIAZgBAQ%3D%3D&hl=pt-BR&tfu=EgQIABABIgA&curr=BRL 200
2026-10-02 20:33:39 [INFO]: response: https://www.google.com/travel/flights?tfs=GhoSCjIwMjctMDYtMTBqBRIDQ05GcgUSA0JDThoaEgoyMDI3LTA2LTIwagUSA0JDTnIFEgNDTkZCAQFIAZgBAQ%3D%3D&hl=pt-BR&tfu=EgQIABABIgA&curr=BRL 200
2026-10-02 20:33:43 [INFO]: response: https://www.google.com/travel/flights?tfs=GhoSCjIwMjctMDYtMjBqBRIDQ05GcgUSA0JDThoaEgoyMDI3LTA2LTMwagUSA0JDTnIFEgNDTkZCAQFIAZgBAQ%3D%3D&hl=pt-BR&tfu=EgQIABABIgA&curr=BRL 200
2026-10-02 20:33:45 [INFO]: response: https://www.google.com/travel/flights?tfs=GhoSCjIwMjctMDYtMjBqBRIDQ05GcgUSA0JDThoaEgoyMDI3LTA2LTMwagUSA0JDTnIFEgNDTkZCAQFIAZgBAQ%3D%3D&hl=pt-BR&tfu=EgQIABABIgA&curr=BRL 200
2026-10-02 20:33:48 [INFO]: response: https://www.google.com/travel/flights?tfs=GhoSCjIwMjYtMTEtMTBqBRIDR0lHcgUSA0JDThoaEgoyMDI2LTExLTIwagUSA0JDTnIFEgNHSUdCAQFIAZgBAQ%3D%3D&hl=pt-BR&tfu=EgQIABABIgA&curr=BRL 200
2026-10-02 20:33:51 [INFO]: response: https://www.google.com/travel/flights?tfs=GhoSCjIwMjYtMTEtMTBqBRIDR0lHcgUSA0JDThoaEgoyMDI2LTExLTIwagUSA0JDTnIFEgNHSUdCAQFIAZgBAQ%3D%3D&hl=pt-BR&tfu=EgQIABABIgA&curr=BRL 200
2026-10-02 20:33:55 [INFO]: response: https://www.google.com/travel/flights?tfs=GhoSCjIwMjYtMTEtMjBqBRIDR0lHcgUSA0JDThoaEgoyMDI2LTExLTMwagUSA0JDTnIFEgNHSUdCAQFIAZgBAQ%3D%3D&hl=pt-BR&tfu=EgQIABABIgA&curr=BRL 200
2026-10-02 20:33:58 [INFO]: response: https://www.google.com/travel/flights?tfs=GhoSCjIwMjctMDItMTBqBRIDR0lHcgUSA0JDThoaEgoyMDI3LTAyLTIwagUSA0JDTnIFEgNHSUdCAQFIAZgBAQ%3D%3D&hl=pt-BR&tfu=EgQIABABIgA&curr=BRL 200
2026-10-02 20:34:01 [INFO]: response: https://www.google.com/travel/flights?tfs=GhoSCjIwMjctMDItMjBqBRIDR0lHcgUSA0JDThoaEgoyMDI3LTAzLTAyagUSA0JDTnIFEgNHSUdCAQFIAZgBAQ%3D%3D&hl=pt-BR&tfu=EgQIABABIgA&curr=BRL 200
2026-10-02 20:34:04 [INFO]: response: https://www.google.com/travel/flights?tfs=GhoSCjIwMjctMDMtMTBqBRIDR0lHcgUSA0JDThoaEgoyMDI3LTAzLTIwagUSA0JDTnIFEgNHSUdCAQFIAZgBAQ%3D%3D&hl=pt-BR&tfu=EgQIABABIgA&curr=BRL 200
2026-10-02 20:34:07 [INFO]: response: https://www.google.com/travel/flights?tfs=GhoSCjIwMjctMDMtMjBqBRIDR0lHcgUSA0JDThoaEgoyMDI3LTAzLTMwagUSA0JDTnIFEgNHSUdCAQFIAZgBAQ%3D%3D&hl=pt-BR&tfu=EgQIABABIgA&curr=BRL 200
2026-10-02 20:34:10 [INFO]: response: https://www.google.com/travel/flights?tfs=GhoSCjIwMjctMDMtMjBqBRIDR0lHcgUSA0JDThoaEgoyMDI3LTAzLTMwagUSA0JDTnIFEgNHSUdCAQFIAZgBAQ%3D%3D&hl=pt-BR&tfu=EgQIABABIgA&curr=BRL 200
2026-10-02 20:34:13 [INFO]: response: https://www.google.com/travel/flights?tfs=GhoSCjIwMjctMDQtMTBqBRIDR0lHcgUSA0JDThoaEgoyMDI3LTA0LTIwagUSA0JDTnIFEgNHSUdCAQFIAZgBAQ%3D%3D&hl=pt-BR&tfu=EgQIABABIgA&curr=BRL 200
2026-10-02 20:34:16 [INFO]: response: https://www.google.com/travel/flights?tfs=GhoSCjIwMjctMDQtMTBqBRIDR0lHcgUSA0JDThoaEgoyMDI3LTA0LTIwagUSA0JDTnIFEgNHSUdCAQFIAZgBAQ%3D%3D&hl=pt-BR&tfu=EgQIABABIgA&curr=BRL 200
2026-10-02 20:34:19 [INFO]: response: https://www.google.com/travel/flights?tfs=GhoSCjIwMjctMDQtMjBqBRIDR0lHcgUSA0JDThoaEgoyMDI3LTA0LTMwagUSA0JDTnIFEgNHSUdCAQFIAZgBAQ%3D%3D&hl=pt-BR&tfu=EgQIABABIgA&curr=BRL 200
2026-10-02 20:34:22 [INFO]: response: https://www.google.com/travel/flights?tfs=GhoSCjIwMjctMDQtMjBqBRIDR0lHcgUSA0JDThoaEgoyMDI3LTA0LTMwagUSA0JDTnIFEgNHSUdCAQFIAZgBAQ%3D%3D&hl=pt-BR&tfu=EgQIABABIgA&curr=BRL 200
2026-10-02 20:34:25 [INFO]: response: https://www.google.com/travel/flights?tfs=GhoSCjIwMjctMDUtMTBqBRIDR0lHcgUSA0JDThoaEgoyMDI3LTA1LTIwagUSA0JDTnIFEgNHSUdCAQFIAZgBAQ%3D%3D&hl=pt-BR&tfu=EgQIABABIgA&curr=BRL 200
2026-10-02 20:34:28 [INFO]: response: https://www.google.com/travel/flights?tfs=GhoSCjIwMjctMDUtMjBqBRIDR0lHcgUSA0JDThoaEgoyMDI3LTA1LTMwagUSA0JDTnIFEgNHSUdCAQFIAZgBAQ%3D%3D&hl=pt-BR&tfu=EgQIABABIgA&curr=BRL 200
2026-10-02 20:34:31 [INFO]: response: https://www.google.com/travel/flights?tfs=GhoSCjIwMjctMDYtMTBqBRIDR0lHcgUSA0JDThoaEgoyMDI3LTA2LTIwagUSA0JDTnIFEgNHSUdCAQFIAZgBAQ%3D%3D&hl=pt-BR&tfu=EgQIABABIgA&curr=BRL 200
2026-10-02 20:34:34 [INFO]: response: https://www.google.com/travel/flights?tfs=GhoSCjIwMjctMDYtMjBqBRIDR0lHcgUSA0JDThoaEgoyMDI3LTA2LTMwagUSA0JDTnIFEgNHSUdCAQFIAZgBAQ%3D%3D&hl=pt-BR&tfu=EgQIABABIgA&curr=BRL 200
2026-10-02 20:34:39 [INFO]: response: https://www.google.com/travel/flights?tfs=GhoSCjIwMjYtMTEtMTBqBRIDR1JVcgUSA0xJUxoaEgoyMDI2LTExLTIwagUSA0xJU3IFEgNHUlVCAQFIAZgBAQ%3D%3D&hl=pt-BR&tfu=EgQIABABIgA&curr=BRL 200
2026-10-02 20:34:42 [INFO]: response: https://www.google.com/travel/flights?tfs=GhoSCjIwMjYtMTEtMjBqBRIDR1JVcgUSA0xJUxoaEgoyMDI2LTExLTMwagUSA0xJU3IFEgNHUlVCAQFIAZgBAQ%3D%3D&hl=pt-BR&tfu=EgQIABABIgA&curr=BRL 200
2026-10-02 20:34:45 [INFO]: response: https://www.google.com/travel/flights?tfs=GhoSCjIwMjctMDItMTBqBRIDR1JVcgUSA0xJUxoaEgoyMDI3LTAyLTIwagUSA0xJU3IFEgNHUlVCAQFIAZgBAQ%3D%3D&hl=pt-BR&tfu=EgQIABABIgA&curr=BRL 200
2026-10-02 20:34:48 [INFO]: response: https://www.google.com/travel/flights?tfs=GhoSCjIwMjctMDItMjBqBRIDR1JVcgUSA0xJUxoaEgoyMDI3LTAzLTAyagUSA0xJU3IFEgNHUlVCAQFIAZgBAQ%3D%3D&hl=pt-BR&tfu=EgQIABABIgA&curr=BRL 200
2026-10-02 20:34:51 [INFO]: response: https://www.google.com/travel/flights?tfs=GhoSCjIwMjctMDItMjBqBRIDR1JVcgUSA0xJUxoaEgoyMDI3LTAzLTAyagUSA0xJU3IFEgNHUlVCAQFIAZgBAQ%3D%3D&hl=pt-BR&tfu=EgQIABABIgA&curr=BRL 200
2026-10-02 20:34:54 [INFO]: response: https://www.google.com/travel/flights?tfs=GhoSCjIwMjctMDMtMTBqBRIDR1JVcgUSA0xJUxoaEgoyMDI3LTAzLTIwagUSA0xJU3IFEgNHUlVCAQFIAZgBAQ%3D%3D&hl=pt-BR&tfu=EgQIABABIgA&curr=BRL 200
2026-10-02 20:34:57 [INFO]: response: https://www.google.com/travel/flights?tfs=GhoSCjIwMjctMDMtMjBqBRIDR1JVcgUSA0xJUxoaEgoyMDI3LTAzLTMwagUSA0xJU3IFEgNHUlVCAQFIAZgBAQ%3D%3D&hl=pt-BR&tfu=EgQIABABIgA&curr=BRL 200
2026-10-02 20:35:00 [INFO]: response: https://www.google.com/travel/flights?tfs=GhoSCjIwMjctMDQtMTBqBRIDR1JVcgUSA0xJUxoaEgoyMDI3LTA0LTIwagUSA0xJU3IFEgNHUlVCAQFIAZgBAQ%3D%3D&hl=pt-BR&tfu=EgQIABABIgA&curr=BRL 200
2026-10-02 20:35:03 [INFO]: response: https://www.google.com/travel/flights?tfs=GhoSCjIwMjctMDQtMjBqBRIDR1JVcgUSA0xJUxoaEgoyMDI3LTA0LTMwagUSA0xJU3IFEgNHUlVCAQFIAZgBAQ%3D%3D&hl=pt-BR&tfu=EgQIABABIgA&curr=BRL 200
2026-10-02 20:35:05 [INFO]: response: https://www.google.com/travel/flights?tfs=GhoSCjIwMjctMDUtMTBqBRIDR1JVcgUSA0xJUxoaEgoyMDI3LTA1LTIwagUSA0xJU3IFEgNHUlVCAQFIAZgBAQ%3D%3D&hl=pt-BR&tfu=EgQIABABIgA&curr=BRL 200
2026-10-02 20:35:08 [INFO]: response: https://www.google.com/travel/flights?tfs=GhoSCjIwMjctMDUtMTBqBRIDR1JVcgUSA0xJUxoaEgoyMDI3LTA1LTIwagUSA0xJU3IFEgNHUlVCAQFIAZgBAQ%3D%3D&hl=pt-BR&tfu=EgQIABABIgA&curr=BRL 200
2026-10-02 20:35:11 [INFO]: response: https://www.google.com/travel/flights?tfs=GhoSCjIwMjctMDUtMjBqBRIDR1JVcgUSA0xJUxoaEgoyMDI3LTA1LTMwagUSA0xJU3IFEgNHUlVCAQFIAZgBAQ%3D%3D&hl=pt-BR&tfu=EgQIABABIgA&curr=BRL 200
2026-10-02 20:35:14 [INFO]: response: https://www.google.com/travel/flights?tfs=GhoSCjIwMjctMDYtMTBqBRIDR1JVcgUSA0xJUxoaEgoyMDI3LTA2LTIwagUSA0xJU3IFEgNHUlVCAQFIAZgBAQ%3D%3D&hl=pt-BR&tfu=EgQIABABIgA&curr=BRL 200
2026-10-02 20:35:16 [INFO]: response: https://www.google.com/travel/flights?tfs=GhoSCjIwMjctMDYtMjBqBRIDR1JVcgUSA0xJUxoaEgoyMDI3LTA2LTMwagUSA0xJU3IFEgNHUlVCAQFIAZgBAQ%3D%3D&hl=pt-BR&tfu=EgQIABABIgA&curr=BRL 200
2026-10-02 20:35:19 [INFO]: response: https://www.google.com/travel/flights?tfs=GhoSCjIwMjYtMTEtMTBqBRIDQ05GcgUSA0xJUxoaEgoyMDI2LTExLTIwagUSA0xJU3IFEgNDTkZCAQFIAZgBAQ%3D%3D&hl=pt-BR&tfu=EgQIABABIgA&curr=BRL 200
2026-10-02 20:35:22 [INFO]: response: https://www.google.com/travel/flights?tfs=GhoSCjIwMjYtMTEtMjBqBRIDQ05GcgUSA0xJUxoaEgoyMDI2LTExLTMwagUSA0xJU3IFEgNDTkZCAQFIAZgBAQ%3D%3D&hl=pt-BR&tfu=EgQIABABIgA&curr=BRL 200
2026-10-02 20:35:25 [INFO]: response: https://www.google.com/travel/flights?tfs=GhoSCjIwMjYtMTEtMjBqBRIDQ05GcgUSA0xJUxoaEgoyMDI2LTExLTMwagUSA0xJU3IFEgNDTkZCAQFIAZgBAQ%3D%3D&hl=pt-BR&tfu=EgQIABABIgA&curr=BRL 200
2026-10-02 20:35:28 [INFO]: response: https://www.google.com/travel/flights?tfs=GhoSCjIwMjctMDItMTBqBRIDQ05GcgUSA0xJUxoaEgoyMDI3LTAyLTIwagUSA0xJU3IFEgNDTkZCAQFIAZgBAQ%3D%3D&hl=pt-BR&tfu=EgQIABABIgA&curr=BRL 200
2026-10-02 20:35:31 [INFO]: response: https://www.google.com/travel/flights?tfs=GhoSCjIwMjctMDItMjBqBRIDQ05GcgUSA0xJUxoaEgoyMDI3LTAzLTAyagUSA0xJU3IFEgNDTkZCAQFIAZgBAQ%3D%3D&hl=pt-BR&tfu=EgQIABABIgA&curr=BRL 200
2026-10-02 20:35:34 [INFO]: response: https://www.google.com/travel/flights?tfs=GhoSCjIwMjctMDMtMTBqBRIDQ05GcgUSA0xJUxoaEgoyMDI3LTAzLTIwagUSA0xJU3IFEgNDTkZCAQFIAZgBAQ%3D%3D&hl=pt-BR&tfu=EgQIABABIgA&curr=BRL 200
2026-10-02 20:35:38 [INFO]: response: https://www.google.com/travel/flights?tfs=GhoSCjIwMjctMDMtMjBqBRIDQ05GcgUSA0xJUxoaEgoyMDI3LTAzLTMwagUSA0xJU3IFEgNDTkZCAQFIAZgBAQ%3D%3D&hl=pt-BR&tfu=EgQIABABIgA&curr=BRL 200
2026-10-02 20:35:41 [INFO]: response: https://www.google.com/travel/flights?tfs=GhoSCjIwMjctMDQtMTBqBRIDQ05GcgUSA0xJUxoaEgoyMDI3LTA0LTIwagUSA0xJU3IFEgNDTkZCAQFIAZgBAQ%3D%3D&hl=pt-BR&tfu=EgQIABABIgA&curr=BRL 200
2026-10-02 20:35:44 [INFO]: response: https://www.google.com/travel/flights?tfs=GhoSCjIwMjctMDQtMjBqBRIDQ05GcgUSA0xJUxoaEgoyMDI3LTA0LTMwagUSA0xJU3IFEgNDTkZCAQFIAZgBAQ%3D%3D&hl=pt-BR&tfu=EgQIABABIgA&curr=BRL 200
2026-10-02 20:35:47 [INFO]: response: https://www.google.com/travel/flights?tfs=GhoSCjIwMjctMDUtMTBqBRIDQ05GcgUSA0xJUxoaEgoyMDI3LTA1LTIwagUSA0xJU3IFEgNDTkZCAQFIAZgBAQ%3D%3D&hl=pt-BR&tfu=EgQIABABIgA&curr=BRL 200
2026-10-02 20:35:50 [INFO]: response: https://www.google.com/travel/flights?tfs=GhoSCjIwMjctMDUtMTBqBRIDQ05GcgUSA0xJUxoaEgoyMDI3LTA1LTIwagUSA0xJU3IFEgNDTkZCAQFIAZgBAQ%3D%3D&hl=pt-BR&tfu=EgQIABABIgA&curr=BRL 200
2026-10-02 20:35:54 [INFO]: response: https://www.google.com/travel/flights?tfs=GhoSCjIwMjctMDUtMjBqBRIDQ05GcgUSA0xJUxoaEgoyMDI3LTA1LTMwagUSA0xJU3IFEgNDTkZCAQFIAZgBAQ%3D%3D&hl=pt-BR&tfu=EgQIABABIgA&curr=BRL 200
2026-10-02 20:35:57 [INFO]: response: https://www.google.com/travel/flights?tfs=GhoSCjIwMjctMDYtMTBqBRIDQ05GcgUSA0xJUxoaEgoyMDI3LTA2LTIwagUSA0xJU3IFEgNDTkZCAQFIAZgBAQ%3D%3D&hl=pt-BR&tfu=EgQIABABIgA&curr=BRL 200
2026-10-02 20:36:00 [INFO]: response: https://www.google.com/travel/flights?tfs=GhoSCjIwMjctMDYtMTBqBRIDQ05GcgUSA0xJUxoaEgoyMDI3LTA2LTIwagUSA0xJU3IFEgNDTkZCAQFIAZgBAQ%3D%3D&hl=pt-BR&tfu=EgQIABABIgA&curr=BRL 200
2026-10-02 20:36:04 [INFO]: response: https://www.google.com/travel/flights?tfs=GhoSCjIwMjctMDYtMjBqBRIDQ05GcgUSA0xJUxoaEgoyMDI3LTA2LTMwagUSA0xJU3IFEgNDTkZCAQFIAZgBAQ%3D%3D&hl=pt-BR&tfu=EgQIABABIgA&curr=BRL 200
2026-10-02 20:36:08 [INFO]: response: https://www.google.com/travel/flights?tfs=GhoSCjIwMjctMDYtMjBqBRIDQ05GcgUSA0xJUxoaEgoyMDI3LTA2LTMwagUSA0xJU3IFEgNDTkZCAQFIAZgBAQ%3D%3D&hl=pt-BR&tfu=EgQIABABIgA&curr=BRL 200
2026-10-02 20:36:12 [INFO]: response: https://www.google.com/travel/flights?tfs=GhoSCjIwMjYtMTEtMTBqBRIDR0lHcgUSA0xJUxoaEgoyMDI2LTExLTIwagUSA0xJU3IFEgNHSUdCAQFIAZgBAQ%3D%3D&hl=pt-BR&tfu=EgQIABABIgA&curr=BRL 200
2026-10-02 20:36:15 [INFO]: response: https://www.google.com/travel/flights?tfs=GhoSCjIwMjYtMTEtMjBqBRIDR0lHcgUSA0xJUxoaEgoyMDI2LTExLTMwagUSA0xJU3IFEgNHSUdCAQFIAZgBAQ%3D%3D&hl=pt-BR&tfu=EgQIABABIgA&curr=BRL 200
2026-10-02 20:36:18 [INFO]: response: https://www.google.com/travel/flights?tfs=GhoSCjIwMjctMDItMTBqBRIDR0lHcgUSA0xJUxoaEgoyMDI3LTAyLTIwagUSA0xJU3IFEgNHSUdCAQFIAZgBAQ%3D%3D&hl=pt-BR&tfu=EgQIABABIgA&curr=BRL 200
2026-10-02 20:36:20 [INFO]: response: https://www.google.com/travel/flights?tfs=GhoSCjIwMjctMDItMTBqBRIDR0lHcgUSA0xJUxoaEgoyMDI3LTAyLTIwagUSA0xJU3IFEgNHSUdCAQFIAZgBAQ%3D%3D&hl=pt-BR&tfu=EgQIABABIgA&curr=BRL 200
2026-10-02 20:36:23 [INFO]: response: https://www.google.com/travel/flights?tfs=GhoSCjIwMjctMDItMjBqBRIDR0lHcgUSA0xJUxoaEgoyMDI3LTAzLTAyagUSA0xJU3IFEgNHSUdCAQFIAZgBAQ%3D%3D&hl=pt-BR&tfu=EgQIABABIgA&curr=BRL 200
2026-10-02 20:36:26 [INFO]: response: https://www.google.com/travel/flights?tfs=GhoSCjIwMjctMDMtMTBqBRIDR0lHcgUSA0xJUxoaEgoyMDI3LTAzLTIwagUSA0xJU3IFEgNHSUdCAQFIAZgBAQ%3D%3D&hl=pt-BR&tfu=EgQIABABIgA&curr=BRL 200
2026-10-02 20:36:29 [INFO]: response: https://www.google.com/travel/flights?tfs=GhoSCjIwMjctMDMtMjBqBRIDR0lHcgUSA0xJUxoaEgoyMDI3LTAzLTMwagUSA0xJU3IFEgNHSUdCAQFIAZgBAQ%3D%3D&hl=pt-BR&tfu=EgQIABABIgA&curr=BRL 200
2026-10-02 20:36:32 [INFO]: response: https://www.google.com/travel/flights?tfs=GhoSCjIwMjctMDQtMTBqBRIDR0lHcgUSA0xJUxoaEgoyMDI3LTA0LTIwagUSA0xJU3IFEgNHSUdCAQFIAZgBAQ%3D%3D&hl=pt-BR&tfu=EgQIABABIgA&curr=BRL 200
2026-10-02 20:36:35 [INFO]: response: https://www.google.com/travel/flights?tfs=GhoSCjIwMjctMDQtMjBqBRIDR0lHcgUSA0xJUxoaEgoyMDI3LTA0LTMwagUSA0xJU3IFEgNHSUdCAQFIAZgBAQ%3D%3D&hl=pt-BR&tfu=EgQIABABIgA&curr=BRL 200
2026-10-02 20:36:38 [INFO]: response: https://www.google.com/travel/flights?tfs=GhoSCjIwMjctMDUtMTBqBRIDR0lHcgUSA0xJUxoaEgoyMDI3LTA1LTIwagUSA0xJU3IFEgNHSUdCAQFIAZgBAQ%3D%3D&hl=pt-BR&tfu=EgQIABABIgA&curr=BRL 200
2026-10-02 20:36:42 [INFO]: response: https://www.google.com/travel/flights?tfs=GhoSCjIwMjctMDUtMjBqBRIDR0lHcgUSA0xJUxoaEgoyMDI3LTA1LTMwagUSA0xJU3IFEgNHSUdCAQFIAZgBAQ%3D%3D&hl=pt-BR&tfu=EgQIABABIgA&curr=BRL 200
2026-10-02 20:36:45 [INFO]: response: https://www.google.com/travel/flights?tfs=GhoSCjIwMjctMDYtMTBqBRIDR0lHcgUSA0xJUxoaEgoyMDI3LTA2LTIwagUSA0xJU3IFEgNHSUdCAQFIAZgBAQ%3D%3D&hl=pt-BR&tfu=EgQIABABIgA&curr=BRL 200
2026-10-02 20:36:48 [INFO]: response: https://www.google.com/travel/flights?tfs=GhoSCjIwMjctMDYtMjBqBRIDR0lHcgUSA0xJUxoaEgoyMDI3LTA2LTMwagUSA0xJU3IFEgNHSUdCAQFIAZgBAQ%3D%3D&hl=pt-BR&tfu=EgQIABABIgA&curr=BRL 200
2026-10-02 20:36:51 [INFO]: response: https://www.google.com/travel/flights?tfs=GhoSCjIwMjctMDYtMjBqBRIDR0lHcgUSA0xJUxoaEgoyMDI3LTA2LTMwagUSA0xJU3IFEgNHSUdCAQFIAZgBAQ%3D%3D&hl=pt-BR&tfu=EgQIABABIgA&curr=BRL 200
2026-10-02 20:36:55 [INFO]: response: https://www.google.com/travel/flights?tfs=GhoSCjIwMjYtMTEtMTBqBRIDR1JVcgUSA09QTxoaEgoyMDI2LTExLTIwagUSA09QT3IFEgNHUlVCAQFIAZgBAQ%3D%3D&hl=pt-BR&tfu=EgQIABABIgA&curr=BRL 200
2026-10-02 20:36:58 [INFO]: response: https://www.google.com/travel/flights?tfs=GhoSCjIwMjYtMTEtMjBqBRIDR1JVcgUSA09QTxoaEgoyMDI2LTExLTMwagUSA09QT3IFEgNHUlVCAQFIAZgBAQ%3D%3D&hl=pt-BR&tfu=EgQIABABIgA&curr=BRL 200
2026-10-02 20:37:01 [INFO]: response: https://www.google.com/travel/flights?tfs=GhoSCjIwMjctMDItMTBqBRIDR1JVcgUSA09QTxoaEgoyMDI3LTAyLTIwagUSA09QT3IFEgNHUlVCAQFIAZgBAQ%3D%3D&hl=pt-BR&tfu=EgQIABABIgA&curr=BRL 200
2026-10-02 20:37:04 [INFO]: response: https://www.google.com/travel/flights?tfs=GhoSCjIwMjctMDItMTBqBRIDR1JVcgUSA09QTxoaEgoyMDI3LTAyLTIwagUSA09QT3IFEgNHUlVCAQFIAZgBAQ%3D%3D&hl=pt-BR&tfu=EgQIABABIgA&curr=BRL 200
2026-10-02 20:37:06 [INFO]: response: https://www.google.com/travel/flights?tfs=GhoSCjIwMjctMDItMjBqBRIDR1JVcgUSA09QTxoaEgoyMDI3LTAzLTAyagUSA09QT3IFEgNHUlVCAQFIAZgBAQ%3D%3D&hl=pt-BR&tfu=EgQIABABIgA&curr=BRL 200
2026-10-02 20:37:09 [INFO]: response: https://www.google.com/travel/flights?tfs=GhoSCjIwMjctMDMtMTBqBRIDR1JVcgUSA09QTxoaEgoyMDI3LTAzLTIwagUSA09QT3IFEgNHUlVCAQFIAZgBAQ%3D%3D&hl=pt-BR&tfu=EgQIABABIgA&curr=BRL 200
2026-10-02 20:37:12 [INFO]: response: https://www.google.com/travel/flights?tfs=GhoSCjIwMjctMDMtMjBqBRIDR1JVcgUSA09QTxoaEgoyMDI3LTAzLTMwagUSA09QT3IFEgNHUlVCAQFIAZgBAQ%3D%3D&hl=pt-BR&tfu=EgQIABABIgA&curr=BRL 200
2026-10-02 20:37:15 [INFO]: response: https://www.google.com/travel/flights?tfs=GhoSCjIwMjctMDQtMTBqBRIDR1JVcgUSA09QTxoaEgoyMDI3LTA0LTIwagUSA09QT3IFEgNHUlVCAQFIAZgBAQ%3D%3D&hl=pt-BR&tfu=EgQIABABIgA&curr=BRL 200
2026-10-02 20:37:17 [INFO]: response: https://www.google.com/travel/flights?tfs=GhoSCjIwMjctMDQtMTBqBRIDR1JVcgUSA09QTxoaEgoyMDI3LTA0LTIwagUSA09QT3IFEgNHUlVCAQFIAZgBAQ%3D%3D&hl=pt-BR&tfu=EgQIABABIgA&curr=BRL 200
2026-10-02 20:37:20 [INFO]: response: https://www.google.com/travel/flights?tfs=GhoSCjIwMjctMDQtMjBqBRIDR1JVcgUSA09QTxoaEgoyMDI3LTA0LTMwagUSA09QT3IFEgNHUlVCAQFIAZgBAQ%3D%3D&hl=pt-BR&tfu=EgQIABABIgA&curr=BRL 200
2026-10-02 20:37:23 [INFO]: response: https://www.google.com/travel/flights?tfs=GhoSCjIwMjctMDUtMTBqBRIDR1JVcgUSA09QTxoaEgoyMDI3LTA1LTIwagUSA09QT3IFEgNHUlVCAQFIAZgBAQ%3D%3D&hl=pt-BR&tfu=EgQIABABIgA&curr=BRL 200
2026-10-02 20:37:26 [INFO]: response: https://www.google.com/travel/flights?tfs=GhoSCjIwMjctMDUtMjBqBRIDR1JVcgUSA09QTxoaEgoyMDI3LTA1LTMwagUSA09QT3IFEgNHUlVCAQFIAZgBAQ%3D%3D&hl=pt-BR&tfu=EgQIABABIgA&curr=BRL 200
2026-10-02 20:37:29 [INFO]: response: https://www.google.com/travel/flights?tfs=GhoSCjIwMjctMDYtMTBqBRIDR1JVcgUSA09QTxoaEgoyMDI3LTA2LTIwagUSA09QT3IFEgNHUlVCAQFIAZgBAQ%3D%3D&hl=pt-BR&tfu=EgQIABABIgA&curr=BRL 200
2026-10-02 20:37:32 [INFO]: response: https://www.google.com/travel/flights?tfs=GhoSCjIwMjctMDYtMTBqBRIDR1JVcgUSA09QTxoaEgoyMDI3LTA2LTIwagUSA09QT3IFEgNHUlVCAQFIAZgBAQ%3D%3D&hl=pt-BR&tfu=EgQIABABIgA&curr=BRL 200
2026-10-02 20:37:34 [INFO]: response: https://www.google.com/travel/flights?tfs=GhoSCjIwMjctMDYtMjBqBRIDR1JVcgUSA09QTxoaEgoyMDI3LTA2LTMwagUSA09QT3IFEgNHUlVCAQFIAZgBAQ%3D%3D&hl=pt-BR&tfu=EgQIABABIgA&curr=BRL 200
2026-10-02 20:37:38 [INFO]: response: https://www.google.com/travel/flights?tfs=GhoSCjIwMjYtMTEtMTBqBRIDQ05GcgUSA09QTxoaEgoyMDI2LTExLTIwagUSA09QT3IFEgNDTkZCAQFIAZgBAQ%3D%3D&hl=pt-BR&tfu=EgQIABABIgA&curr=BRL 200
2026-10-02 20:37:40 [INFO]: response: https://www.google.com/travel/flights?tfs=GhoSCjIwMjYtMTEtMjBqBRIDQ05GcgUSA09QTxoaEgoyMDI2LTExLTMwagUSA09QT3IFEgNDTkZCAQFIAZgBAQ%3D%3D&hl=pt-BR&tfu=EgQIABABIgA&curr=BRL 200
2026-10-02 20:37:43 [INFO]: response: https://www.google.com/travel/flights?tfs=GhoSCjIwMjctMDItMTBqBRIDQ05GcgUSA09QTxoaEgoyMDI3LTAyLTIwagUSA09QT3IFEgNDTkZCAQFIAZgBAQ%3D%3D&hl=pt-BR&tfu=EgQIABABIgA&curr=BRL 200
2026-10-02 20:37:46 [INFO]: response: https://www.google.com/travel/flights?tfs=GhoSCjIwMjctMDItMjBqBRIDQ05GcgUSA09QTxoaEgoyMDI3LTAzLTAyagUSA09QT3IFEgNDTkZCAQFIAZgBAQ%3D%3D&hl=pt-BR&tfu=EgQIABABIgA&curr=BRL 200
2026-10-02 20:37:48 [INFO]: response: https://www.google.com/travel/flights?tfs=GhoSCjIwMjctMDMtMTBqBRIDQ05GcgUSA09QTxoaEgoyMDI3LTAzLTIwagUSA09QT3IFEgNDTkZCAQFIAZgBAQ%3D%3D&hl=pt-BR&tfu=EgQIABABIgA&curr=BRL 200
2026-10-02 20:37:51 [INFO]: response: https://www.google.com/travel/flights?tfs=GhoSCjIwMjctMDMtMjBqBRIDQ05GcgUSA09QTxoaEgoyMDI3LTAzLTMwagUSA09QT3IFEgNDTkZCAQFIAZgBAQ%3D%3D&hl=pt-BR&tfu=EgQIABABIgA&curr=BRL 200
2026-10-02 20:37:54 [INFO]: response: https://www.google.com/travel/flights?tfs=GhoSCjIwMjctMDQtMTBqBRIDQ05GcgUSA09QTxoaEgoyMDI3LTA0LTIwagUSA09QT3IFEgNDTkZCAQFIAZgBAQ%3D%3D&hl=pt-BR&tfu=EgQIABABIgA&curr=BRL 200
2026-10-02 20:37:57 [INFO]: response: https://www.google.com/travel/flights?tfs=GhoSCjIwMjctMDQtMTBqBRIDQ05GcgUSA09QTxoaEgoyMDI3LTA0LTIwagUSA09QT3IFEgNDTkZCAQFIAZgBAQ%3D%3D&hl=pt-BR&tfu=EgQIABABIgA&curr=BRL 200
2026-10-02 20:38:00 [INFO]: response: https://www.google.com/travel/flights?tfs=GhoSCjIwMjctMDQtMjBqBRIDQ05GcgUSA09QTxoaEgoyMDI3LTA0LTMwagUSA09QT3IFEgNDTkZCAQFIAZgBAQ%3D%3D&hl=pt-BR&tfu=EgQIABABIgA&curr=BRL 200
2026-10-02 20:38:03 [INFO]: response: https://www.google.com/travel/flights?tfs=GhoSCjIwMjctMDUtMTBqBRIDQ05GcgUSA09QTxoaEgoyMDI3LTA1LTIwagUSA09QT3IFEgNDTkZCAQFIAZgBAQ%3D%3D&hl=pt-BR&tfu=EgQIABABIgA&curr=BRL 200
2026-10-02 20:38:05 [INFO]: response: https://www.google.com/travel/flights?tfs=GhoSCjIwMjctMDUtMjBqBRIDQ05GcgUSA09QTxoaEgoyMDI3LTA1LTMwagUSA09QT3IFEgNDTkZCAQFIAZgBAQ%3D%3D&hl=pt-BR&tfu=EgQIABABIgA&curr=BRL 200
2026-10-02 20:38:08 [INFO]: response: https://www.google.com/travel/flights?tfs=GhoSCjIwMjctMDYtMTBqBRIDQ05GcgUSA09QTxoaEgoyMDI3LTA2LTIwagUSA09QT3IFEgNDTkZCAQFIAZgBAQ%3D%3D&hl=pt-BR&tfu=EgQIABABIgA&curr=BRL 200
2026-10-02 20:38:11 [INFO]: response: https://www.google.com/travel/flights?tfs=GhoSCjIwMjctMDYtMTBqBRIDQ05GcgUSA09QTxoaEgoyMDI3LTA2LTIwagUSA09QT3IFEgNDTkZCAQFIAZgBAQ%3D%3D&hl=pt-BR&tfu=EgQIABABIgA&curr=BRL 200
2026-10-02 20:38:14 [INFO]: response: https://www.google.com/travel/flights?tfs=GhoSCjIwMjctMDYtMjBqBRIDQ05GcgUSA09QTxoaEgoyMDI3LTA2LTMwagUSA09QT3IFEgNDTkZCAQFIAZgBAQ%3D%3D&hl=pt-BR&tfu=EgQIABABIgA&curr=BRL 200
2026-10-02 20:38:17 [INFO]: response: https://www.google.com/travel/flights?tfs=GhoSCjIwMjctMDYtMjBqBRIDQ05GcgUSA09QTxoaEgoyMDI3LTA2LTMwagUSA09QT3IFEgNDTkZCAQFIAZgBAQ%3D%3D&hl=pt-BR&tfu=EgQIABABIgA&curr=BRL 200
2026-10-02 20:38:20 [INFO]: response: https://www.google.com/travel/flights?tfs=GhoSCjIwMjYtMTEtMTBqBRIDR0lHcgUSA09QTxoaEgoyMDI2LTExLTIwagUSA09QT3IFEgNHSUdCAQFIAZgBAQ%3D%3D&hl=pt-BR&tfu=EgQIABABIgA&curr=BRL 200
2026-10-02 20:38:23 [INFO]: response: https://www.google.com/travel/flights?tfs=GhoSCjIwMjYtMTEtMjBqBRIDR0lHcgUSA09QTxoaEgoyMDI2LTExLTMwagUSA09QT3IFEgNHSUdCAQFIAZgBAQ%3D%3D&hl=pt-BR&tfu=EgQIABABIgA&curr=BRL 200
2026-10-02 20:38:26 [INFO]: response: https://www.google.com/travel/flights?tfs=GhoSCjIwMjctMDItMTBqBRIDR0lHcgUSA09QTxoaEgoyMDI3LTAyLTIwagUSA09QT3IFEgNHSUdCAQFIAZgBAQ%3D%3D&hl=pt-BR&tfu=EgQIABABIgA&curr=BRL 200
2026-10-02 20:38:29 [INFO]: response: https://www.google.com/travel/flights?tfs=GhoSCjIwMjctMDItMjBqBRIDR0lHcgUSA09QTxoaEgoyMDI3LTAzLTAyagUSA09QT3IFEgNHSUdCAQFIAZgBAQ%3D%3D&hl=pt-BR&tfu=EgQIABABIgA&curr=BRL 200
2026-10-02 20:38:32 [INFO]: response: https://www.google.com/travel/flights?tfs=GhoSCjIwMjctMDMtMTBqBRIDR0lHcgUSA09QTxoaEgoyMDI3LTAzLTIwagUSA09QT3IFEgNHSUdCAQFIAZgBAQ%3D%3D&hl=pt-BR&tfu=EgQIABABIgA&curr=BRL 200
2026-10-02 20:38:35 [INFO]: response: https://www.google.com/travel/flights?tfs=GhoSCjIwMjctMDMtMjBqBRIDR0lHcgUSA09QTxoaEgoyMDI3LTAzLTMwagUSA09QT3IFEgNHSUdCAQFIAZgBAQ%3D%3D&hl=pt-BR&tfu=EgQIABABIgA&curr=BRL 200
2026-10-02 20:38:38 [INFO]: response: https://www.google.com/travel/flights?tfs=GhoSCjIwMjctMDQtMTBqBRIDR0lHcgUSA09QTxoaEgoyMDI3LTA0LTIwagUSA09QT3IFEgNHSUdCAQFIAZgBAQ%3D%3D&hl=pt-BR&tfu=EgQIABABIgA&curr=BRL 200
2026-10-02 20:38:41 [INFO]: response: https://www.google.com/travel/flights?tfs=GhoSCjIwMjctMDQtMjBqBRIDR0lHcgUSA09QTxoaEgoyMDI3LTA0LTMwagUSA09QT3IFEgNHSUdCAQFIAZgBAQ%3D%3D&hl=pt-BR&tfu=EgQIABABIgA&curr=BRL 200
2026-10-02 20:38:44 [INFO]: response: https://www.google.com/travel/flights?tfs=GhoSCjIwMjctMDQtMjBqBRIDR0lHcgUSA09QTxoaEgoyMDI3LTA0LTMwagUSA09QT3IFEgNHSUdCAQFIAZgBAQ%3D%3D&hl=pt-BR&tfu=EgQIABABIgA&curr=BRL 200
2026-10-02 20:38:47 [INFO]: response: https://www.google.com/travel/flights?tfs=GhoSCjIwMjctMDUtMTBqBRIDR0lHcgUSA09QTxoaEgoyMDI3LTA1LTIwagUSA09QT3IFEgNHSUdCAQFIAZgBAQ%3D%3D&hl=pt-BR&tfu=EgQIABABIgA&curr=BRL 200
2026-10-02 20:38:50 [INFO]: response: https://www.google.com/travel/flights?tfs=GhoSCjIwMjctMDUtMjBqBRIDR0lHcgUSA09QTxoaEgoyMDI3LTA1LTMwagUSA09QT3IFEgNHSUdCAQFIAZgBAQ%3D%3D&hl=pt-BR&tfu=EgQIABABIgA&curr=BRL 200
2026-10-02 20:38:53 [INFO]: response: https://www.google.com/travel/flights?tfs=GhoSCjIwMjctMDYtMTBqBRIDR0lHcgUSA09QTxoaEgoyMDI3LTA2LTIwagUSA09QT3IFEgNHSUdCAQFIAZgBAQ%3D%3D&hl=pt-BR&tfu=EgQIABABIgA&curr=BRL 200
2026-10-02 20:38:56 [INFO]: response: https://www.google.com/travel/flights?tfs=GhoSCjIwMjctMDYtMjBqBRIDR0lHcgUSA09QTxoaEgoyMDI3LTA2LTMwagUSA09QT3IFEgNHSUdCAQFIAZgBAQ%3D%3D&hl=pt-BR&tfu=EgQIABABIgA&curr=BRL 200
2026-10-02 20:39:00 [INFO]: response: https://www.google.com/travel/flights?tfs=GhoSCjIwMjYtMTEtMTBqBRIDR1JVcgUSA0xIUhoaEgoyMDI2LTExLTIwagUSA0xIUnIFEgNHUlVCAQFIAZgBAQ%3D%3D&hl=pt-BR&tfu=EgQIABABIgA&curr=BRL 200
2026-10-02 20:39:04 [INFO]: response: https://www.google.com/travel/flights?tfs=GhoSCjIwMjYtMTEtMjBqBRIDR1JVcgUSA0xIUhoaEgoyMDI2LTExLTMwagUSA0xIUnIFEgNHUlVCAQFIAZgBAQ%3D%3D&hl=pt-BR&tfu=EgQIABABIgA&curr=BRL 200
2026-10-02 20:39:07 [INFO]: response: https://www.google.com/travel/flights?tfs=GhoSCjIwMjctMDItMTBqBRIDR1JVcgUSA0xIUhoaEgoyMDI3LTAyLTIwagUSA0xIUnIFEgNHUlVCAQFIAZgBAQ%3D%3D&hl=pt-BR&tfu=EgQIABABIgA&curr=BRL 200
2026-10-02 20:39:09 [INFO]: response: https://www.google.com/travel/flights?tfs=GhoSCjIwMjctMDItMjBqBRIDR1JVcgUSA0xIUhoaEgoyMDI3LTAzLTAyagUSA0xIUnIFEgNHUlVCAQFIAZgBAQ%3D%3D&hl=pt-BR&tfu=EgQIABABIgA&curr=BRL 200
2026-10-02 20:39:12 [INFO]: response: https://www.google.com/travel/flights?tfs=GhoSCjIwMjctMDMtMTBqBRIDR1JVcgUSA0xIUhoaEgoyMDI3LTAzLTIwagUSA0xIUnIFEgNHUlVCAQFIAZgBAQ%3D%3D&hl=pt-BR&tfu=EgQIABABIgA&curr=BRL 200
2026-10-02 20:39:15 [INFO]: response: https://www.google.com/travel/flights?tfs=GhoSCjIwMjctMDMtMjBqBRIDR1JVcgUSA0xIUhoaEgoyMDI3LTAzLTMwagUSA0xIUnIFEgNHUlVCAQFIAZgBAQ%3D%3D&hl=pt-BR&tfu=EgQIABABIgA&curr=BRL 200
2026-10-02 20:39:18 [INFO]: response: https://www.google.com/travel/flights?tfs=GhoSCjIwMjctMDQtMTBqBRIDR1JVcgUSA0xIUhoaEgoyMDI3LTA0LTIwagUSA0xIUnIFEgNHUlVCAQFIAZgBAQ%3D%3D&hl=pt-BR&tfu=EgQIABABIgA&curr=BRL 200
2026-10-02 20:39:21 [INFO]: response: https://www.google.com/travel/flights?tfs=GhoSCjIwMjctMDQtMjBqBRIDR1JVcgUSA0xIUhoaEgoyMDI3LTA0LTMwagUSA0xIUnIFEgNHUlVCAQFIAZgBAQ%3D%3D&hl=pt-BR&tfu=EgQIABABIgA&curr=BRL 200
2026-10-02 20:39:24 [INFO]: response: https://www.google.com/travel/flights?tfs=GhoSCjIwMjctMDUtMTBqBRIDR1JVcgUSA0xIUhoaEgoyMDI3LTA1LTIwagUSA0xIUnIFEgNHUlVCAQFIAZgBAQ%3D%3D&hl=pt-BR&tfu=EgQIABABIgA&curr=BRL 200
2026-10-02 20:39:27 [INFO]: response: https://www.google.com/travel/flights?tfs=GhoSCjIwMjctMDUtMjBqBRIDR1JVcgUSA0xIUhoaEgoyMDI3LTA1LTMwagUSA0xIUnIFEgNHUlVCAQFIAZgBAQ%3D%3D&hl=pt-BR&tfu=EgQIABABIgA&curr=BRL 200
2026-10-02 20:39:30 [INFO]: response: https://www.google.com/travel/flights?tfs=GhoSCjIwMjctMDYtMTBqBRIDR1JVcgUSA0xIUhoaEgoyMDI3LTA2LTIwagUSA0xIUnIFEgNHUlVCAQFIAZgBAQ%3D%3D&hl=pt-BR&tfu=EgQIABABIgA&curr=BRL 200
2026-10-02 20:39:33 [INFO]: response: https://www.google.com/travel/flights?tfs=GhoSCjIwMjctMDYtMjBqBRIDR1JVcgUSA0xIUhoaEgoyMDI3LTA2LTMwagUSA0xIUnIFEgNHUlVCAQFIAZgBAQ%3D%3D&hl=pt-BR&tfu=EgQIABABIgA&curr=BRL 200
2026-10-02 20:39:36 [INFO]: response: https://www.google.com/travel/flights?tfs=GhoSCjIwMjYtMTEtMTBqBRIDQ05GcgUSA0xIUhoaEgoyMDI2LTExLTIwagUSA0xIUnIFEgNDTkZCAQFIAZgBAQ%3D%3D&hl=pt-BR&tfu=EgQIABABIgA&curr=BRL 200
2026-10-02 20:39:39 [INFO]: response: https://www.google.com/travel/flights?tfs=GhoSCjIwMjYtMTEtMjBqBRIDQ05GcgUSA0xIUhoaEgoyMDI2LTExLTMwagUSA0xIUnIFEgNDTkZCAQFIAZgBAQ%3D%3D&hl=pt-BR&tfu=EgQIABABIgA&curr=BRL 200
2026-10-02 20:39:41 [INFO]: response: https://www.google.com/travel/flights?tfs=GhoSCjIwMjctMDItMTBqBRIDQ05GcgUSA0xIUhoaEgoyMDI3LTAyLTIwagUSA0xIUnIFEgNDTkZCAQFIAZgBAQ%3D%3D&hl=pt-BR&tfu=EgQIABABIgA&curr=BRL 200
2026-10-02 20:39:44 [INFO]: response: https://www.google.com/travel/flights?tfs=GhoSCjIwMjctMDItMjBqBRIDQ05GcgUSA0xIUhoaEgoyMDI3LTAzLTAyagUSA0xIUnIFEgNDTkZCAQFIAZgBAQ%3D%3D&hl=pt-BR&tfu=EgQIABABIgA&curr=BRL 200
2026-10-02 20:39:47 [INFO]: response: https://www.google.com/travel/flights?tfs=GhoSCjIwMjctMDMtMTBqBRIDQ05GcgUSA0xIUhoaEgoyMDI3LTAzLTIwagUSA0xIUnIFEgNDTkZCAQFIAZgBAQ%3D%3D&hl=pt-BR&tfu=EgQIABABIgA&curr=BRL 200
2026-10-02 20:39:51 [INFO]: response: https://www.google.com/travel/flights?tfs=GhoSCjIwMjctMDMtMjBqBRIDQ05GcgUSA0xIUhoaEgoyMDI3LTAzLTMwagUSA0xIUnIFEgNDTkZCAQFIAZgBAQ%3D%3D&hl=pt-BR&tfu=EgQIABABIgA&curr=BRL 200
2026-10-02 20:39:53 [INFO]: response: https://www.google.com/travel/flights?tfs=GhoSCjIwMjctMDQtMTBqBRIDQ05GcgUSA0xIUhoaEgoyMDI3LTA0LTIwagUSA0xIUnIFEgNDTkZCAQFIAZgBAQ%3D%3D&hl=pt-BR&tfu=EgQIABABIgA&curr=BRL 200
2026-10-02 20:39:56 [INFO]: response: https://www.google.com/travel/flights?tfs=GhoSCjIwMjctMDQtMjBqBRIDQ05GcgUSA0xIUhoaEgoyMDI3LTA0LTMwagUSA0xIUnIFEgNDTkZCAQFIAZgBAQ%3D%3D&hl=pt-BR&tfu=EgQIABABIgA&curr=BRL 200
2026-10-02 20:39:59 [INFO]: response: https://www.google.com/travel/flights?tfs=GhoSCjIwMjctMDQtMjBqBRIDQ05GcgUSA0xIUhoaEgoyMDI3LTA0LTMwagUSA0xIUnIFEgNDTkZCAQFIAZgBAQ%3D%3D&hl=pt-BR&tfu=EgQIABABIgA&curr=BRL 200
2026-10-02 20:40:03 [INFO]: response: https://www.google.com/travel/flights?tfs=GhoSCjIwMjctMDUtMTBqBRIDQ05GcgUSA0xIUhoaEgoyMDI3LTA1LTIwagUSA0xIUnIFEgNDTkZCAQFIAZgBAQ%3D%3D&hl=pt-BR&tfu=EgQIABABIgA&curr=BRL 200
2026-10-02 20:40:06 [INFO]: response: https://www.google.com/travel/flights?tfs=GhoSCjIwMjctMDUtMTBqBRIDQ05GcgUSA0xIUhoaEgoyMDI3LTA1LTIwagUSA0xIUnIFEgNDTkZCAQFIAZgBAQ%3D%3D&hl=pt-BR&tfu=EgQIABABIgA&curr=BRL 200
2026-10-02 20:40:09 [INFO]: response: https://www.google.com/travel/flights?tfs=GhoSCjIwMjctMDUtMjBqBRIDQ05GcgUSA0xIUhoaEgoyMDI3LTA1LTMwagUSA0xIUnIFEgNDTkZCAQFIAZgBAQ%3D%3D&hl=pt-BR&tfu=EgQIABABIgA&curr=BRL 200
2026-10-02 20:40:12 [INFO]: response: https://www.google.com/travel/flights?tfs=GhoSCjIwMjctMDUtMjBqBRIDQ05GcgUSA0xIUhoaEgoyMDI3LTA1LTMwagUSA0xIUnIFEgNDTkZCAQFIAZgBAQ%3D%3D&hl=pt-BR&tfu=EgQIABABIgA&curr=BRL 200
2026-10-02 20:40:15 [INFO]: response: https://www.google.com/travel/flights?tfs=GhoSCjIwMjctMDYtMTBqBRIDQ05GcgUSA0xIUhoaEgoyMDI3LTA2LTIwagUSA0xIUnIFEgNDTkZCAQFIAZgBAQ%3D%3D&hl=pt-BR&tfu=EgQIABABIgA&curr=BRL 200
2026-10-02 20:40:18 [INFO]: response: https://www.google.com/travel/flights?tfs=GhoSCjIwMjctMDYtMTBqBRIDQ05GcgUSA0xIUhoaEgoyMDI3LTA2LTIwagUSA0xIUnIFEgNDTkZCAQFIAZgBAQ%3D%3D&hl=pt-BR&tfu=EgQIABABIgA&curr=BRL 200
2026-10-02 20:40:21 [INFO]: response: https://www.google.com/travel/flights?tfs=GhoSCjIwMjctMDYtMjBqBRIDQ05GcgUSA0xIUhoaEgoyMDI3LTA2LTMwagUSA0xIUnIFEgNDTkZCAQFIAZgBAQ%3D%3D&hl=pt-BR&tfu=EgQIABABIgA&curr=BRL 200
2026-10-02 20:40:23 [INFO]: response: https://www.google.com/travel/flights?tfs=GhoSCjIwMjYtMTEtMTBqBRIDR0lHcgUSA0xIUhoaEgoyMDI2LTExLTIwagUSA0xIUnIFEgNHSUdCAQFIAZgBAQ%3D%3D&hl=pt-BR&tfu=EgQIABABIgA&curr=BRL 200
2026-10-02 20:40:26 [INFO]: response: https://www.google.com/travel/flights?tfs=GhoSCjIwMjYtMTEtMjBqBRIDR0lHcgUSA0xIUhoaEgoyMDI2LTExLTMwagUSA0xIUnIFEgNHSUdCAQFIAZgBAQ%3D%3D&hl=pt-BR&tfu=EgQIABABIgA&curr=BRL 200
2026-10-02 20:40:29 [INFO]: response: https://www.google.com/travel/flights?tfs=GhoSCjIwMjctMDItMTBqBRIDR0lHcgUSA0xIUhoaEgoyMDI3LTAyLTIwagUSA0xIUnIFEgNHSUdCAQFIAZgBAQ%3D%3D&hl=pt-BR&tfu=EgQIABABIgA&curr=BRL 200
2026-10-02 20:40:32 [INFO]: response: https://www.google.com/travel/flights?tfs=GhoSCjIwMjctMDItMjBqBRIDR0lHcgUSA0xIUhoaEgoyMDI3LTAzLTAyagUSA0xIUnIFEgNHSUdCAQFIAZgBAQ%3D%3D&hl=pt-BR&tfu=EgQIABABIgA&curr=BRL 200
2026-10-02 20:40:35 [INFO]: response: https://www.google.com/travel/flights?tfs=GhoSCjIwMjctMDMtMTBqBRIDR0lHcgUSA0xIUhoaEgoyMDI3LTAzLTIwagUSA0xIUnIFEgNHSUdCAQFIAZgBAQ%3D%3D&hl=pt-BR&tfu=EgQIABABIgA&curr=BRL 200
2026-10-02 20:40:38 [INFO]: response: https://www.google.com/travel/flights?tfs=GhoSCjIwMjctMDMtMjBqBRIDR0lHcgUSA0xIUhoaEgoyMDI3LTAzLTMwagUSA0xIUnIFEgNHSUdCAQFIAZgBAQ%3D%3D&hl=pt-BR&tfu=EgQIABABIgA&curr=BRL 200
2026-10-02 20:40:41 [INFO]: response: https://www.google.com/travel/flights?tfs=GhoSCjIwMjctMDQtMTBqBRIDR0lHcgUSA0xIUhoaEgoyMDI3LTA0LTIwagUSA0xIUnIFEgNHSUdCAQFIAZgBAQ%3D%3D&hl=pt-BR&tfu=EgQIABABIgA&curr=BRL 200
2026-10-02 20:40:43 [INFO]: response: https://www.google.com/travel/flights?tfs=GhoSCjIwMjctMDQtMjBqBRIDR0lHcgUSA0xIUhoaEgoyMDI3LTA0LTMwagUSA0xIUnIFEgNHSUdCAQFIAZgBAQ%3D%3D&hl=pt-BR&tfu=EgQIABABIgA&curr=BRL 200
2026-10-02 20:40:46 [INFO]: response: https://www.google.com/travel/flights?tfs=GhoSCjIwMjctMDUtMTBqBRIDR0lHcgUSA0xIUhoaEgoyMDI3LTA1LTIwagUSA0xIUnIFEgNHSUdCAQFIAZgBAQ%3D%3D&hl=pt-BR&tfu=EgQIABABIgA&curr=BRL 200
2026-10-02 20:40:49 [INFO]: response: https://www.google.com/travel/flights?tfs=GhoSCjIwMjctMDUtMjBqBRIDR0lHcgUSA0xIUhoaEgoyMDI3LTA1LTMwagUSA0xIUnIFEgNHSUdCAQFIAZgBAQ%3D%3D&hl=pt-BR&tfu=EgQIABABIgA&curr=BRL 200
2026-10-02 20:40:52 [INFO]: response: https://www.google.com/travel/flights?tfs=GhoSCjIwMjctMDYtMTBqBRIDR0lHcgUSA0xIUhoaEgoyMDI3LTA2LTIwagUSA0xIUnIFEgNHSUdCAQFIAZgBAQ%3D%3D&hl=pt-BR&tfu=EgQIABABIgA&curr=BRL 200
2026-10-02 20:40:55 [INFO]: response: https://www.google.com/travel/flights?tfs=GhoSCjIwMjctMDYtMjBqBRIDR0lHcgUSA0xIUhoaEgoyMDI3LTA2LTMwagUSA0xIUnIFEgNHSUdCAQFIAZgBAQ%3D%3D&hl=pt-BR&tfu=EgQIABABIgA&curr=BRL 200
2026-10-02 20:40:59 [INFO]: response: https://www.google.com/travel/flights?tfs=GhoSCjIwMjYtMTEtMTBqBRIDR1JVcgUSA0lTVBoaEgoyMDI2LTExLTIwagUSA0lTVHIFEgNHUlVCAQFIAZgBAQ%3D%3D&hl=pt-BR&tfu=EgQIABABIgA&curr=BRL 200
2026-10-02 20:41:02 [INFO]: response: https://www.google.com/travel/flights?tfs=GhoSCjIwMjYtMTEtMjBqBRIDR1JVcgUSA0lTVBoaEgoyMDI2LTExLTMwagUSA0lTVHIFEgNHUlVCAQFIAZgBAQ%3D%3D&hl=pt-BR&tfu=EgQIABABIgA&curr=BRL 200
2026-10-02 20:41:05 [INFO]: response: https://www.google.com/travel/flights?tfs=GhoSCjIwMjctMDItMTBqBRIDR1JVcgUSA0lTVBoaEgoyMDI3LTAyLTIwagUSA0lTVHIFEgNHUlVCAQFIAZgBAQ%3D%3D&hl=pt-BR&tfu=EgQIABABIgA&curr=BRL 200
2026-10-02 20:41:08 [INFO]: response: https://www.google.com/travel/flights?tfs=GhoSCjIwMjctMDItMjBqBRIDR1JVcgUSA0lTVBoaEgoyMDI3LTAzLTAyagUSA0lTVHIFEgNHUlVCAQFIAZgBAQ%3D%3D&hl=pt-BR&tfu=EgQIABABIgA&curr=BRL 200
2026-10-02 20:41:10 [INFO]: response: https://www.google.com/travel/flights?tfs=GhoSCjIwMjctMDMtMTBqBRIDR1JVcgUSA0lTVBoaEgoyMDI3LTAzLTIwagUSA0lTVHIFEgNHUlVCAQFIAZgBAQ%3D%3D&hl=pt-BR&tfu=EgQIABABIgA&curr=BRL 200
2026-10-02 20:41:13 [INFO]: response: https://www.google.com/travel/flights?tfs=GhoSCjIwMjctMDMtMjBqBRIDR1JVcgUSA0lTVBoaEgoyMDI3LTAzLTMwagUSA0lTVHIFEgNHUlVCAQFIAZgBAQ%3D%3D&hl=pt-BR&tfu=EgQIABABIgA&curr=BRL 200
2026-10-02 20:41:15 [INFO]: response: https://www.google.com/travel/flights?tfs=GhoSCjIwMjctMDQtMTBqBRIDR1JVcgUSA0lTVBoaEgoyMDI3LTA0LTIwagUSA0lTVHIFEgNHUlVCAQFIAZgBAQ%3D%3D&hl=pt-BR&tfu=EgQIABABIgA&curr=BRL 200
2026-10-02 20:41:18 [INFO]: response: https://www.google.com/travel/flights?tfs=GhoSCjIwMjctMDQtMjBqBRIDR1JVcgUSA0lTVBoaEgoyMDI3LTA0LTMwagUSA0lTVHIFEgNHUlVCAQFIAZgBAQ%3D%3D&hl=pt-BR&tfu=EgQIABABIgA&curr=BRL 200
2026-10-02 20:41:21 [INFO]: response: https://www.google.com/travel/flights?tfs=GhoSCjIwMjctMDUtMTBqBRIDR1JVcgUSA0lTVBoaEgoyMDI3LTA1LTIwagUSA0lTVHIFEgNHUlVCAQFIAZgBAQ%3D%3D&hl=pt-BR&tfu=EgQIABABIgA&curr=BRL 200
2026-10-02 20:41:24 [INFO]: response: https://www.google.com/travel/flights?tfs=GhoSCjIwMjctMDUtMjBqBRIDR1JVcgUSA0lTVBoaEgoyMDI3LTA1LTMwagUSA0lTVHIFEgNHUlVCAQFIAZgBAQ%3D%3D&hl=pt-BR&tfu=EgQIABABIgA&curr=BRL 200
2026-10-02 20:41:26 [INFO]: response: https://www.google.com/travel/flights?tfs=GhoSCjIwMjctMDYtMTBqBRIDR1JVcgUSA0lTVBoaEgoyMDI3LTA2LTIwagUSA0lTVHIFEgNHUlVCAQFIAZgBAQ%3D%3D&hl=pt-BR&tfu=EgQIABABIgA&curr=BRL 200
2026-10-02 20:41:29 [INFO]: response: https://www.google.com/travel/flights?tfs=GhoSCjIwMjctMDYtMjBqBRIDR1JVcgUSA0lTVBoaEgoyMDI3LTA2LTMwagUSA0lTVHIFEgNHUlVCAQFIAZgBAQ%3D%3D&hl=pt-BR&tfu=EgQIABABIgA&curr=BRL 200
2026-10-02 20:41:32 [INFO]: response: https://www.google.com/travel/flights?tfs=GhoSCjIwMjYtMTEtMTBqBRIDQ05GcgUSA0lTVBoaEgoyMDI2LTExLTIwagUSA0lTVHIFEgNDTkZCAQFIAZgBAQ%3D%3D&hl=pt-BR&tfu=EgQIABABIgA&curr=BRL 200
2026-10-02 20:41:35 [INFO]: response: https://www.google.com/travel/flights?tfs=GhoSCjIwMjYtMTEtMjBqBRIDQ05GcgUSA0lTVBoaEgoyMDI2LTExLTMwagUSA0lTVHIFEgNDTkZCAQFIAZgBAQ%3D%3D&hl=pt-BR&tfu=EgQIABABIgA&curr=BRL 200
2026-10-02 20:41:38 [INFO]: response: https://www.google.com/travel/flights?tfs=GhoSCjIwMjctMDItMTBqBRIDQ05GcgUSA0lTVBoaEgoyMDI3LTAyLTIwagUSA0lTVHIFEgNDTkZCAQFIAZgBAQ%3D%3D&hl=pt-BR&tfu=EgQIABABIgA&curr=BRL 200
2026-10-02 20:41:41 [INFO]: response: https://www.google.com/travel/flights?tfs=GhoSCjIwMjctMDItMjBqBRIDQ05GcgUSA0lTVBoaEgoyMDI3LTAzLTAyagUSA0lTVHIFEgNDTkZCAQFIAZgBAQ%3D%3D&hl=pt-BR&tfu=EgQIABABIgA&curr=BRL 200
2026-10-02 20:41:44 [INFO]: response: https://www.google.com/travel/flights?tfs=GhoSCjIwMjctMDMtMTBqBRIDQ05GcgUSA0lTVBoaEgoyMDI3LTAzLTIwagUSA0lTVHIFEgNDTkZCAQFIAZgBAQ%3D%3D&hl=pt-BR&tfu=EgQIABABIgA&curr=BRL 200
2026-10-02 20:41:46 [INFO]: response: https://www.google.com/travel/flights?tfs=GhoSCjIwMjctMDMtMjBqBRIDQ05GcgUSA0lTVBoaEgoyMDI3LTAzLTMwagUSA0lTVHIFEgNDTkZCAQFIAZgBAQ%3D%3D&hl=pt-BR&tfu=EgQIABABIgA&curr=BRL 200
2026-10-02 20:41:49 [INFO]: response: https://www.google.com/travel/flights?tfs=GhoSCjIwMjctMDQtMTBqBRIDQ05GcgUSA0lTVBoaEgoyMDI3LTA0LTIwagUSA0lTVHIFEgNDTkZCAQFIAZgBAQ%3D%3D&hl=pt-BR&tfu=EgQIABABIgA&curr=BRL 200
2026-10-02 20:41:51 [INFO]: response: https://www.google.com/travel/flights?tfs=GhoSCjIwMjctMDQtMTBqBRIDQ05GcgUSA0lTVBoaEgoyMDI3LTA0LTIwagUSA0lTVHIFEgNDTkZCAQFIAZgBAQ%3D%3D&hl=pt-BR&tfu=EgQIABABIgA&curr=BRL 200
2026-10-02 20:41:54 [INFO]: response: https://www.google.com/travel/flights?tfs=GhoSCjIwMjctMDQtMjBqBRIDQ05GcgUSA0lTVBoaEgoyMDI3LTA0LTMwagUSA0lTVHIFEgNDTkZCAQFIAZgBAQ%3D%3D&hl=pt-BR&tfu=EgQIABABIgA&curr=BRL 200
2026-10-02 20:41:57 [INFO]: response: https://www.google.com/travel/flights?tfs=GhoSCjIwMjctMDQtMjBqBRIDQ05GcgUSA0lTVBoaEgoyMDI3LTA0LTMwagUSA0lTVHIFEgNDTkZCAQFIAZgBAQ%3D%3D&hl=pt-BR&tfu=EgQIABABIgA&curr=BRL 200
2026-10-02 20:42:00 [INFO]: response: https://www.google.com/travel/flights?tfs=GhoSCjIwMjctMDUtMTBqBRIDQ05GcgUSA0lTVBoaEgoyMDI3LTA1LTIwagUSA0lTVHIFEgNDTkZCAQFIAZgBAQ%3D%3D&hl=pt-BR&tfu=EgQIABABIgA&curr=BRL 200
2026-10-02 20:42:02 [INFO]: response: https://www.google.com/travel/flights?tfs=GhoSCjIwMjctMDUtMTBqBRIDQ05GcgUSA0lTVBoaEgoyMDI3LTA1LTIwagUSA0lTVHIFEgNDTkZCAQFIAZgBAQ%3D%3D&hl=pt-BR&tfu=EgQIABABIgA&curr=BRL 200
2026-10-02 20:42:05 [INFO]: response: https://www.google.com/travel/flights?tfs=GhoSCjIwMjctMDUtMjBqBRIDQ05GcgUSA0lTVBoaEgoyMDI3LTA1LTMwagUSA0lTVHIFEgNDTkZCAQFIAZgBAQ%3D%3D&hl=pt-BR&tfu=EgQIABABIgA&curr=BRL 200
2026-10-02 20:42:08 [INFO]: response: https://www.google.com/travel/flights?tfs=GhoSCjIwMjctMDUtMjBqBRIDQ05GcgUSA0lTVBoaEgoyMDI3LTA1LTMwagUSA0lTVHIFEgNDTkZCAQFIAZgBAQ%3D%3D&hl=pt-BR&tfu=EgQIABABIgA&curr=BRL 200
2026-10-02 20:42:11 [INFO]: response: https://www.google.com/travel/flights?tfs=GhoSCjIwMjctMDYtMTBqBRIDQ05GcgUSA0lTVBoaEgoyMDI3LTA2LTIwagUSA0lTVHIFEgNDTkZCAQFIAZgBAQ%3D%3D&hl=pt-BR&tfu=EgQIABABIgA&curr=BRL 200
2026-10-02 20:42:13 [INFO]: response: https://www.google.com/travel/flights?tfs=GhoSCjIwMjctMDYtMTBqBRIDQ05GcgUSA0lTVBoaEgoyMDI3LTA2LTIwagUSA0lTVHIFEgNDTkZCAQFIAZgBAQ%3D%3D&hl=pt-BR&tfu=EgQIABABIgA&curr=BRL 200
2026-10-02 20:42:17 [INFO]: response: https://www.google.com/travel/flights?tfs=GhoSCjIwMjctMDYtMjBqBRIDQ05GcgUSA0lTVBoaEgoyMDI3LTA2LTMwagUSA0lTVHIFEgNDTkZCAQFIAZgBAQ%3D%3D&hl=pt-BR&tfu=EgQIABABIgA&curr=BRL 200
2026-10-02 20:42:19 [INFO]: response: https://www.google.com/travel/flights?tfs=GhoSCjIwMjctMDYtMjBqBRIDQ05GcgUSA0lTVBoaEgoyMDI3LTA2LTMwagUSA0lTVHIFEgNDTkZCAQFIAZgBAQ%3D%3D&hl=pt-BR&tfu=EgQIABABIgA&curr=BRL 200
2026-10-02 20:42:23 [INFO]: response: https://www.google.com/travel/flights?tfs=GhoSCjIwMjYtMTEtMTBqBRIDR0lHcgUSA0lTVBoaEgoyMDI2LTExLTIwagUSA0lTVHIFEgNHSUdCAQFIAZgBAQ%3D%3D&hl=pt-BR&tfu=EgQIABABIgA&curr=BRL 200
2026-10-02 20:42:25 [INFO]: response: https://www.google.com/travel/flights?tfs=GhoSCjIwMjYtMTEtMjBqBRIDR0lHcgUSA0lTVBoaEgoyMDI2LTExLTMwagUSA0lTVHIFEgNHSUdCAQFIAZgBAQ%3D%3D&hl=pt-BR&tfu=EgQIABABIgA&curr=BRL 200
2026-10-02 20:42:28 [INFO]: response: https://www.google.com/travel/flights?tfs=GhoSCjIwMjctMDItMTBqBRIDR0lHcgUSA0lTVBoaEgoyMDI3LTAyLTIwagUSA0lTVHIFEgNHSUdCAQFIAZgBAQ%3D%3D&hl=pt-BR&tfu=EgQIABABIgA&curr=BRL 200
2026-10-02 20:42:31 [INFO]: response: https://www.google.com/travel/flights?tfs=GhoSCjIwMjctMDItMjBqBRIDR0lHcgUSA0lTVBoaEgoyMDI3LTAzLTAyagUSA0lTVHIFEgNHSUdCAQFIAZgBAQ%3D%3D&hl=pt-BR&tfu=EgQIABABIgA&curr=BRL 200
2026-10-02 20:42:33 [INFO]: response: https://www.google.com/travel/flights?tfs=GhoSCjIwMjctMDMtMTBqBRIDR0lHcgUSA0lTVBoaEgoyMDI3LTAzLTIwagUSA0lTVHIFEgNHSUdCAQFIAZgBAQ%3D%3D&hl=pt-BR&tfu=EgQIABABIgA&curr=BRL 200
2026-10-02 20:42:36 [INFO]: response: https://www.google.com/travel/flights?tfs=GhoSCjIwMjctMDMtMjBqBRIDR0lHcgUSA0lTVBoaEgoyMDI3LTAzLTMwagUSA0lTVHIFEgNHSUdCAQFIAZgBAQ%3D%3D&hl=pt-BR&tfu=EgQIABABIgA&curr=BRL 200
2026-10-02 20:42:39 [INFO]: response: https://www.google.com/travel/flights?tfs=GhoSCjIwMjctMDQtMTBqBRIDR0lHcgUSA0lTVBoaEgoyMDI3LTA0LTIwagUSA0lTVHIFEgNHSUdCAQFIAZgBAQ%3D%3D&hl=pt-BR&tfu=EgQIABABIgA&curr=BRL 200
2026-10-02 20:42:41 [INFO]: response: https://www.google.com/travel/flights?tfs=GhoSCjIwMjctMDQtMjBqBRIDR0lHcgUSA0lTVBoaEgoyMDI3LTA0LTMwagUSA0lTVHIFEgNHSUdCAQFIAZgBAQ%3D%3D&hl=pt-BR&tfu=EgQIABABIgA&curr=BRL 200
2026-10-02 20:42:44 [INFO]: response: https://www.google.com/travel/flights?tfs=GhoSCjIwMjctMDUtMTBqBRIDR0lHcgUSA0lTVBoaEgoyMDI3LTA1LTIwagUSA0lTVHIFEgNHSUdCAQFIAZgBAQ%3D%3D&hl=pt-BR&tfu=EgQIABABIgA&curr=BRL 200
2026-10-02 20:42:47 [INFO]: response: https://www.google.com/travel/flights?tfs=GhoSCjIwMjctMDUtMjBqBRIDR0lHcgUSA0lTVBoaEgoyMDI3LTA1LTMwagUSA0lTVHIFEgNHSUdCAQFIAZgBAQ%3D%3D&hl=pt-BR&tfu=EgQIABABIgA&curr=BRL 200
2026-10-02 20:42:49 [INFO]: response: https://www.google.com/travel/flights?tfs=GhoSCjIwMjctMDUtMjBqBRIDR0lHcgUSA0lTVBoaEgoyMDI3LTA1LTMwagUSA0lTVHIFEgNHSUdCAQFIAZgBAQ%3D%3D&hl=pt-BR&tfu=EgQIABABIgA&curr=BRL 200
2026-10-02 20:42:53 [INFO]: response: https://www.google.com/travel/flights?tfs=GhoSCjIwMjctMDYtMTBqBRIDR0lHcgUSA0lTVBoaEgoyMDI3LTA2LTIwagUSA0lTVHIFEgNHSUdCAQFIAZgBAQ%3D%3D&hl=pt-BR&tfu=EgQIABABIgA&curr=BRL 200
2026-10-02 20:42:55 [INFO]: response: https://www.google.com/travel/flights?tfs=GhoSCjIwMjctMDYtMTBqBRIDR0lHcgUSA0lTVBoaEgoyMDI3LTA2LTIwagUSA0lTVHIFEgNHSUdCAQFIAZgBAQ%3D%3D&hl=pt-BR&tfu=EgQIABABIgA&curr=BRL 200
2026-10-02 20:42:58 [INFO]: response: https://www.google.com/travel/flights?tfs=GhoSCjIwMjctMDYtMjBqBRIDR0lHcgUSA0lTVBoaEgoyMDI3LTA2LTMwagUSA0lTVHIFEgNHSUdCAQFIAZgBAQ%3D%3D&hl=pt-BR&tfu=EgQIABABIgA&curr=BRL 200
2026-10-02 20:43:00 [INFO]: response: https://www.google.com/travel/flights?tfs=GhoSCjIwMjctMDYtMjBqBRIDR0lHcgUSA0lTVBoaEgoyMDI3LTA2LTMwagUSA0lTVHIFEgNHSUdCAQFIAZgBAQ%3D%3D&hl=pt-BR&tfu=EgQIABABIgA&curr=BRL 200
2026-10-02 20:43:05 [INFO]: response: https://www.google.com/travel/flights?tfs=GhoSCjIwMjYtMTEtMTBqBRIDR1JVcgUSA05SVBoaEgoyMDI2LTExLTIwagUSA05SVHIFEgNHUlVCAQFIAZgBAQ%3D%3D&hl=pt-BR&tfu=EgQIABABIgA&curr=BRL 200
2026-10-02 20:43:08 [INFO]: response: https://www.google.com/travel/flights?tfs=GhoSCjIwMjYtMTEtMjBqBRIDR1JVcgUSA05SVBoaEgoyMDI2LTExLTMwagUSA05SVHIFEgNHUlVCAQFIAZgBAQ%3D%3D&hl=pt-BR&tfu=EgQIABABIgA&curr=BRL 200
2026-10-02 20:43:10 [INFO]: response: https://www.google.com/travel/flights?tfs=GhoSCjIwMjctMDItMTBqBRIDR1JVcgUSA05SVBoaEgoyMDI3LTAyLTIwagUSA05SVHIFEgNHUlVCAQFIAZgBAQ%3D%3D&hl=pt-BR&tfu=EgQIABABIgA&curr=BRL 200
2026-10-02 20:43:13 [INFO]: response: https://www.google.com/travel/flights?tfs=GhoSCjIwMjctMDItMjBqBRIDR1JVcgUSA05SVBoaEgoyMDI3LTAzLTAyagUSA05SVHIFEgNHUlVCAQFIAZgBAQ%3D%3D&hl=pt-BR&tfu=EgQIABABIgA&curr=BRL 200
2026-10-02 20:43:17 [INFO]: response: https://www.google.com/travel/flights?tfs=GhoSCjIwMjctMDItMjBqBRIDR1JVcgUSA05SVBoaEgoyMDI3LTAzLTAyagUSA05SVHIFEgNHUlVCAQFIAZgBAQ%3D%3D&hl=pt-BR&tfu=EgQIABABIgA&curr=BRL 200
2026-10-02 20:43:20 [INFO]: response: https://www.google.com/travel/flights?tfs=GhoSCjIwMjctMDMtMTBqBRIDR1JVcgUSA05SVBoaEgoyMDI3LTAzLTIwagUSA05SVHIFEgNHUlVCAQFIAZgBAQ%3D%3D&hl=pt-BR&tfu=EgQIABABIgA&curr=BRL 200
2026-10-02 20:43:23 [INFO]: response: https://www.google.com/travel/flights?tfs=GhoSCjIwMjctMDMtMjBqBRIDR1JVcgUSA05SVBoaEgoyMDI3LTAzLTMwagUSA05SVHIFEgNHUlVCAQFIAZgBAQ%3D%3D&hl=pt-BR&tfu=EgQIABABIgA&curr=BRL 200
2026-10-02 20:43:26 [INFO]: response: https://www.google.com/travel/flights?tfs=GhoSCjIwMjctMDQtMTBqBRIDR1JVcgUSA05SVBoaEgoyMDI3LTA0LTIwagUSA05SVHIFEgNHUlVCAQFIAZgBAQ%3D%3D&hl=pt-BR&tfu=EgQIABABIgA&curr=BRL 200
2026-10-02 20:43:29 [INFO]: response: https://www.google.com/travel/flights?tfs=GhoSCjIwMjctMDQtMjBqBRIDR1JVcgUSA05SVBoaEgoyMDI3LTA0LTMwagUSA05SVHIFEgNHUlVCAQFIAZgBAQ%3D%3D&hl=pt-BR&tfu=EgQIABABIgA&curr=BRL 200
2026-10-02 20:43:32 [INFO]: response: https://www.google.com/travel/flights?tfs=GhoSCjIwMjctMDUtMTBqBRIDR1JVcgUSA05SVBoaEgoyMDI3LTA1LTIwagUSA05SVHIFEgNHUlVCAQFIAZgBAQ%3D%3D&hl=pt-BR&tfu=EgQIABABIgA&curr=BRL 200
2026-10-02 20:43:35 [INFO]: response: https://www.google.com/travel/flights?tfs=GhoSCjIwMjctMDUtMjBqBRIDR1JVcgUSA05SVBoaEgoyMDI3LTA1LTMwagUSA05SVHIFEgNHUlVCAQFIAZgBAQ%3D%3D&hl=pt-BR&tfu=EgQIABABIgA&curr=BRL 200
2026-10-02 20:43:38 [INFO]: response: https://www.google.com/travel/flights?tfs=GhoSCjIwMjctMDYtMTBqBRIDR1JVcgUSA05SVBoaEgoyMDI3LTA2LTIwagUSA05SVHIFEgNHUlVCAQFIAZgBAQ%3D%3D&hl=pt-BR&tfu=EgQIABABIgA&curr=BRL 200
2026-10-02 20:43:41 [INFO]: response: https://www.google.com/travel/flights?tfs=GhoSCjIwMjctMDYtMjBqBRIDR1JVcgUSA05SVBoaEgoyMDI3LTA2LTMwagUSA05SVHIFEgNHUlVCAQFIAZgBAQ%3D%3D&hl=pt-BR&tfu=EgQIABABIgA&curr=BRL 200
2026-10-02 20:43:43 [INFO]: response: https://www.google.com/travel/flights?tfs=GhoSCjIwMjYtMTEtMTBqBRIDQ05GcgUSA05SVBoaEgoyMDI2LTExLTIwagUSA05SVHIFEgNDTkZCAQFIAZgBAQ%3D%3D&hl=pt-BR&tfu=EgQIABABIgA&curr=BRL 200
2026-10-02 20:43:47 [INFO]: response: https://www.google.com/travel/flights?tfs=GhoSCjIwMjYtMTEtMTBqBRIDQ05GcgUSA05SVBoaEgoyMDI2LTExLTIwagUSA05SVHIFEgNDTkZCAQFIAZgBAQ%3D%3D&hl=pt-BR&tfu=EgQIABABIgA&curr=BRL 200
2026-10-02 20:43:50 [INFO]: response: https://www.google.com/travel/flights?tfs=GhoSCjIwMjYtMTEtMjBqBRIDQ05GcgUSA05SVBoaEgoyMDI2LTExLTMwagUSA05SVHIFEgNDTkZCAQFIAZgBAQ%3D%3D&hl=pt-BR&tfu=EgQIABABIgA&curr=BRL 200
2026-10-02 20:43:53 [INFO]: response: https://www.google.com/travel/flights?tfs=GhoSCjIwMjYtMTEtMjBqBRIDQ05GcgUSA05SVBoaEgoyMDI2LTExLTMwagUSA05SVHIFEgNDTkZCAQFIAZgBAQ%3D%3D&hl=pt-BR&tfu=EgQIABABIgA&curr=BRL 200
2026-10-02 20:43:56 [INFO]: response: https://www.google.com/travel/flights?tfs=GhoSCjIwMjctMDItMTBqBRIDQ05GcgUSA05SVBoaEgoyMDI3LTAyLTIwagUSA05SVHIFEgNDTkZCAQFIAZgBAQ%3D%3D&hl=pt-BR&tfu=EgQIABABIgA&curr=BRL 200
2026-10-02 20:43:59 [INFO]: response: https://www.google.com/travel/flights?tfs=GhoSCjIwMjctMDItMjBqBRIDQ05GcgUSA05SVBoaEgoyMDI3LTAzLTAyagUSA05SVHIFEgNDTkZCAQFIAZgBAQ%3D%3D&hl=pt-BR&tfu=EgQIABABIgA&curr=BRL 200
2026-10-02 20:44:02 [INFO]: response: https://www.google.com/travel/flights?tfs=GhoSCjIwMjctMDMtMTBqBRIDQ05GcgUSA05SVBoaEgoyMDI3LTAzLTIwagUSA05SVHIFEgNDTkZCAQFIAZgBAQ%3D%3D&hl=pt-BR&tfu=EgQIABABIgA&curr=BRL 200
2026-10-02 20:44:04 [INFO]: response: https://www.google.com/travel/flights?tfs=GhoSCjIwMjctMDMtMjBqBRIDQ05GcgUSA05SVBoaEgoyMDI3LTAzLTMwagUSA05SVHIFEgNDTkZCAQFIAZgBAQ%3D%3D&hl=pt-BR&tfu=EgQIABABIgA&curr=BRL 200
2026-10-02 20:44:07 [INFO]: response: https://www.google.com/travel/flights?tfs=GhoSCjIwMjctMDQtMTBqBRIDQ05GcgUSA05SVBoaEgoyMDI3LTA0LTIwagUSA05SVHIFEgNDTkZCAQFIAZgBAQ%3D%3D&hl=pt-BR&tfu=EgQIABABIgA&curr=BRL 200
2026-10-02 20:44:10 [INFO]: response: https://www.google.com/travel/flights?tfs=GhoSCjIwMjctMDQtMjBqBRIDQ05GcgUSA05SVBoaEgoyMDI3LTA0LTMwagUSA05SVHIFEgNDTkZCAQFIAZgBAQ%3D%3D&hl=pt-BR&tfu=EgQIABABIgA&curr=BRL 200
2026-10-02 20:44:14 [INFO]: response: https://www.google.com/travel/flights?tfs=GhoSCjIwMjctMDQtMjBqBRIDQ05GcgUSA05SVBoaEgoyMDI3LTA0LTMwagUSA05SVHIFEgNDTkZCAQFIAZgBAQ%3D%3D&hl=pt-BR&tfu=EgQIABABIgA&curr=BRL 200
2026-10-02 20:44:17 [INFO]: response: https://www.google.com/travel/flights?tfs=GhoSCjIwMjctMDUtMTBqBRIDQ05GcgUSA05SVBoaEgoyMDI3LTA1LTIwagUSA05SVHIFEgNDTkZCAQFIAZgBAQ%3D%3D&hl=pt-BR&tfu=EgQIABABIgA&curr=BRL 200
2026-10-02 20:44:20 [INFO]: response: https://www.google.com/travel/flights?tfs=GhoSCjIwMjctMDUtMjBqBRIDQ05GcgUSA05SVBoaEgoyMDI3LTA1LTMwagUSA05SVHIFEgNDTkZCAQFIAZgBAQ%3D%3D&hl=pt-BR&tfu=EgQIABABIgA&curr=BRL 200
2026-10-02 20:44:23 [INFO]: response: https://www.google.com/travel/flights?tfs=GhoSCjIwMjctMDUtMjBqBRIDQ05GcgUSA05SVBoaEgoyMDI3LTA1LTMwagUSA05SVHIFEgNDTkZCAQFIAZgBAQ%3D%3D&hl=pt-BR&tfu=EgQIABABIgA&curr=BRL 200
2026-10-02 20:44:27 [INFO]: response: https://www.google.com/travel/flights?tfs=GhoSCjIwMjctMDYtMTBqBRIDQ05GcgUSA05SVBoaEgoyMDI3LTA2LTIwagUSA05SVHIFEgNDTkZCAQFIAZgBAQ%3D%3D&hl=pt-BR&tfu=EgQIABABIgA&curr=BRL 200
2026-10-02 20:44:30 [INFO]: response: https://www.google.com/travel/flights?tfs=GhoSCjIwMjctMDYtMjBqBRIDQ05GcgUSA05SVBoaEgoyMDI3LTA2LTMwagUSA05SVHIFEgNDTkZCAQFIAZgBAQ%3D%3D&hl=pt-BR&tfu=EgQIABABIgA&curr=BRL 200
2026-10-02 20:44:33 [INFO]: response: https://www.google.com/travel/flights?tfs=GhoSCjIwMjYtMTEtMTBqBRIDR0lHcgUSA05SVBoaEgoyMDI2LTExLTIwagUSA05SVHIFEgNHSUdCAQFIAZgBAQ%3D%3D&hl=pt-BR&tfu=EgQIABABIgA&curr=BRL 200
2026-10-02 20:44:36 [INFO]: response: https://www.google.com/travel/flights?tfs=GhoSCjIwMjYtMTEtMjBqBRIDR0lHcgUSA05SVBoaEgoyMDI2LTExLTMwagUSA05SVHIFEgNHSUdCAQFIAZgBAQ%3D%3D&hl=pt-BR&tfu=EgQIABABIgA&curr=BRL 200
2026-10-02 20:44:39 [INFO]: response: https://www.google.com/travel/flights?tfs=GhoSCjIwMjctMDItMTBqBRIDR0lHcgUSA05SVBoaEgoyMDI3LTAyLTIwagUSA05SVHIFEgNHSUdCAQFIAZgBAQ%3D%3D&hl=pt-BR&tfu=EgQIABABIgA&curr=BRL 200
2026-10-02 20:44:41 [INFO]: response: https://www.google.com/travel/flights?tfs=GhoSCjIwMjctMDItMjBqBRIDR0lHcgUSA05SVBoaEgoyMDI3LTAzLTAyagUSA05SVHIFEgNHSUdCAQFIAZgBAQ%3D%3D&hl=pt-BR&tfu=EgQIABABIgA&curr=BRL 200
2026-10-02 20:44:44 [INFO]: response: https://www.google.com/travel/flights?tfs=GhoSCjIwMjctMDMtMTBqBRIDR0lHcgUSA05SVBoaEgoyMDI3LTAzLTIwagUSA05SVHIFEgNHSUdCAQFIAZgBAQ%3D%3D&hl=pt-BR&tfu=EgQIABABIgA&curr=BRL 200
2026-10-02 20:44:47 [INFO]: response: https://www.google.com/travel/flights?tfs=GhoSCjIwMjctMDMtMjBqBRIDR0lHcgUSA05SVBoaEgoyMDI3LTAzLTMwagUSA05SVHIFEgNHSUdCAQFIAZgBAQ%3D%3D&hl=pt-BR&tfu=EgQIABABIgA&curr=BRL 200
2026-10-02 20:44:50 [INFO]: response: https://www.google.com/travel/flights?tfs=GhoSCjIwMjctMDMtMjBqBRIDR0lHcgUSA05SVBoaEgoyMDI3LTAzLTMwagUSA05SVHIFEgNHSUdCAQFIAZgBAQ%3D%3D&hl=pt-BR&tfu=EgQIABABIgA&curr=BRL 200
2026-10-02 20:44:53 [INFO]: response: https://www.google.com/travel/flights?tfs=GhoSCjIwMjctMDQtMTBqBRIDR0lHcgUSA05SVBoaEgoyMDI3LTA0LTIwagUSA05SVHIFEgNHSUdCAQFIAZgBAQ%3D%3D&hl=pt-BR&tfu=EgQIABABIgA&curr=BRL 200
2026-10-02 20:44:56 [INFO]: response: https://www.google.com/travel/flights?tfs=GhoSCjIwMjctMDQtMTBqBRIDR0lHcgUSA05SVBoaEgoyMDI3LTA0LTIwagUSA05SVHIFEgNHSUdCAQFIAZgBAQ%3D%3D&hl=pt-BR&tfu=EgQIABABIgA&curr=BRL 200
2026-10-02 20:44:59 [INFO]: response: https://www.google.com/travel/flights?tfs=GhoSCjIwMjctMDQtMjBqBRIDR0lHcgUSA05SVBoaEgoyMDI3LTA0LTMwagUSA05SVHIFEgNHSUdCAQFIAZgBAQ%3D%3D&hl=pt-BR&tfu=EgQIABABIgA&curr=BRL 200
2026-10-02 20:45:01 [INFO]: response: https://www.google.com/travel/flights?tfs=GhoSCjIwMjctMDUtMTBqBRIDR0lHcgUSA05SVBoaEgoyMDI3LTA1LTIwagUSA05SVHIFEgNHSUdCAQFIAZgBAQ%3D%3D&hl=pt-BR&tfu=EgQIABABIgA&curr=BRL 200
2026-10-02 20:45:04 [INFO]: response: https://www.google.com/travel/flights?tfs=GhoSCjIwMjctMDUtMjBqBRIDR0lHcgUSA05SVBoaEgoyMDI3LTA1LTMwagUSA05SVHIFEgNHSUdCAQFIAZgBAQ%3D%3D&hl=pt-BR&tfu=EgQIABABIgA&curr=BRL 200
2026-10-02 20:45:07 [INFO]: response: https://www.google.com/travel/flights?tfs=GhoSCjIwMjctMDYtMTBqBRIDR0lHcgUSA05SVBoaEgoyMDI3LTA2LTIwagUSA05SVHIFEgNHSUdCAQFIAZgBAQ%3D%3D&hl=pt-BR&tfu=EgQIABABIgA&curr=BRL 200
2026-10-02 20:45:10 [INFO]: response: https://www.google.com/travel/flights?tfs=GhoSCjIwMjctMDYtMjBqBRIDR0lHcgUSA05SVBoaEgoyMDI3LTA2LTMwagUSA05SVHIFEgNHSUdCAQFIAZgBAQ%3D%3D&hl=pt-BR&tfu=EgQIABABIgA&curr=BRL 200
2026-10-02 20:45:15 [INFO]: response: https://www.google.com/travel/flights?tfs=GhoSCjIwMjYtMTEtMTBqBRIDR1JVcgUSA0hORBoaEgoyMDI2LTExLTIwagUSA0hORHIFEgNHUlVCAQFIAZgBAQ%3D%3D&hl=pt-BR&tfu=EgQIABABIgA&curr=BRL 200
2026-10-02 20:45:18 [INFO]: response: https://www.google.com/travel/flights?tfs=GhoSCjIwMjYtMTEtMjBqBRIDR1JVcgUSA0hORBoaEgoyMDI2LTExLTMwagUSA0hORHIFEgNHUlVCAQFIAZgBAQ%3D%3D&hl=pt-BR&tfu=EgQIABABIgA&curr=BRL 200
2026-10-02 20:45:21 [INFO]: response: https://www.google.com/travel/flights?tfs=GhoSCjIwMjctMDItMTBqBRIDR1JVcgUSA0hORBoaEgoyMDI3LTAyLTIwagUSA0hORHIFEgNHUlVCAQFIAZgBAQ%3D%3D&hl=pt-BR&tfu=EgQIABABIgA&curr=BRL 200
2026-10-02 20:45:25 [INFO]: response: https://www.google.com/travel/flights?tfs=GhoSCjIwMjctMDItMjBqBRIDR1JVcgUSA0hORBoaEgoyMDI3LTAzLTAyagUSA0hORHIFEgNHUlVCAQFIAZgBAQ%3D%3D&hl=pt-BR&tfu=EgQIABABIgA&curr=BRL 200
2026-10-02 20:45:28 [INFO]: response: https://www.google.com/travel/flights?tfs=GhoSCjIwMjctMDItMjBqBRIDR1JVcgUSA0hORBoaEgoyMDI3LTAzLTAyagUSA0hORHIFEgNHUlVCAQFIAZgBAQ%3D%3D&hl=pt-BR&tfu=EgQIABABIgA&curr=BRL 200
2026-10-02 20:45:31 [INFO]: response: https://www.google.com/travel/flights?tfs=GhoSCjIwMjctMDMtMTBqBRIDR1JVcgUSA0hORBoaEgoyMDI3LTAzLTIwagUSA0hORHIFEgNHUlVCAQFIAZgBAQ%3D%3D&hl=pt-BR&tfu=EgQIABABIgA&curr=BRL 200
2026-10-02 20:45:34 [INFO]: response: https://www.google.com/travel/flights?tfs=GhoSCjIwMjctMDMtMTBqBRIDR1JVcgUSA0hORBoaEgoyMDI3LTAzLTIwagUSA0hORHIFEgNHUlVCAQFIAZgBAQ%3D%3D&hl=pt-BR&tfu=EgQIABABIgA&curr=BRL 200
2026-10-02 20:45:38 [INFO]: response: https://www.google.com/travel/flights?tfs=GhoSCjIwMjctMDMtMjBqBRIDR1JVcgUSA0hORBoaEgoyMDI3LTAzLTMwagUSA0hORHIFEgNHUlVCAQFIAZgBAQ%3D%3D&hl=pt-BR&tfu=EgQIABABIgA&curr=BRL 200
2026-10-02 20:45:41 [INFO]: response: https://www.google.com/travel/flights?tfs=GhoSCjIwMjctMDQtMTBqBRIDR1JVcgUSA0hORBoaEgoyMDI3LTA0LTIwagUSA0hORHIFEgNHUlVCAQFIAZgBAQ%3D%3D&hl=pt-BR&tfu=EgQIABABIgA&curr=BRL 200
2026-10-02 20:45:44 [INFO]: response: https://www.google.com/travel/flights?tfs=GhoSCjIwMjctMDQtMjBqBRIDR1JVcgUSA0hORBoaEgoyMDI3LTA0LTMwagUSA0hORHIFEgNHUlVCAQFIAZgBAQ%3D%3D&hl=pt-BR&tfu=EgQIABABIgA&curr=BRL 200
2026-10-02 20:45:47 [INFO]: response: https://www.google.com/travel/flights?tfs=GhoSCjIwMjctMDQtMjBqBRIDR1JVcgUSA0hORBoaEgoyMDI3LTA0LTMwagUSA0hORHIFEgNHUlVCAQFIAZgBAQ%3D%3D&hl=pt-BR&tfu=EgQIABABIgA&curr=BRL 200
2026-10-02 20:45:50 [INFO]: response: https://www.google.com/travel/flights?tfs=GhoSCjIwMjctMDUtMTBqBRIDR1JVcgUSA0hORBoaEgoyMDI3LTA1LTIwagUSA0hORHIFEgNHUlVCAQFIAZgBAQ%3D%3D&hl=pt-BR&tfu=EgQIABABIgA&curr=BRL 200
2026-10-02 20:45:54 [INFO]: response: https://www.google.com/travel/flights?tfs=GhoSCjIwMjctMDUtMTBqBRIDR1JVcgUSA0hORBoaEgoyMDI3LTA1LTIwagUSA0hORHIFEgNHUlVCAQFIAZgBAQ%3D%3D&hl=pt-BR&tfu=EgQIABABIgA&curr=BRL 200
2026-10-02 20:45:56 [INFO]: response: https://www.google.com/travel/flights?tfs=GhoSCjIwMjctMDUtMjBqBRIDR1JVcgUSA0hORBoaEgoyMDI3LTA1LTMwagUSA0hORHIFEgNHUlVCAQFIAZgBAQ%3D%3D&hl=pt-BR&tfu=EgQIABABIgA&curr=BRL 200
2026-10-02 20:45:59 [INFO]: response: https://www.google.com/travel/flights?tfs=GhoSCjIwMjctMDYtMTBqBRIDR1JVcgUSA0hORBoaEgoyMDI3LTA2LTIwagUSA0hORHIFEgNHUlVCAQFIAZgBAQ%3D%3D&hl=pt-BR&tfu=EgQIABABIgA&curr=BRL 200
2026-10-02 20:46:02 [INFO]: response: https://www.google.com/travel/flights?tfs=GhoSCjIwMjctMDYtMTBqBRIDR1JVcgUSA0hORBoaEgoyMDI3LTA2LTIwagUSA0hORHIFEgNHUlVCAQFIAZgBAQ%3D%3D&hl=pt-BR&tfu=EgQIABABIgA&curr=BRL 200
2026-10-02 20:46:05 [INFO]: response: https://www.google.com/travel/flights?tfs=GhoSCjIwMjctMDYtMjBqBRIDR1JVcgUSA0hORBoaEgoyMDI3LTA2LTMwagUSA0hORHIFEgNHUlVCAQFIAZgBAQ%3D%3D&hl=pt-BR&tfu=EgQIABABIgA&curr=BRL 200
2026-10-02 20:46:07 [INFO]: response: https://www.google.com/travel/flights?tfs=GhoSCjIwMjctMDYtMjBqBRIDR1JVcgUSA0hORBoaEgoyMDI3LTA2LTMwagUSA0hORHIFEgNHUlVCAQFIAZgBAQ%3D%3D&hl=pt-BR&tfu=EgQIABABIgA&curr=BRL 200
2026-10-02 20:46:10 [INFO]: response: https://www.google.com/travel/flights?tfs=GhoSCjIwMjYtMTEtMTBqBRIDQ05GcgUSA0hORBoaEgoyMDI2LTExLTIwagUSA0hORHIFEgNDTkZCAQFIAZgBAQ%3D%3D&hl=pt-BR&tfu=EgQIABABIgA&curr=BRL 200
2026-10-02 20:46:13 [INFO]: response: https://www.google.com/travel/flights?tfs=GhoSCjIwMjYtMTEtMjBqBRIDQ05GcgUSA0hORBoaEgoyMDI2LTExLTMwagUSA0hORHIFEgNDTkZCAQFIAZgBAQ%3D%3D&hl=pt-BR&tfu=EgQIABABIgA&curr=BRL 200
2026-10-02 20:46:16 [INFO]: response: https://www.google.com/travel/flights?tfs=GhoSCjIwMjctMDItMTBqBRIDQ05GcgUSA0hORBoaEgoyMDI3LTAyLTIwagUSA0hORHIFEgNDTkZCAQFIAZgBAQ%3D%3D&hl=pt-BR&tfu=EgQIABABIgA&curr=BRL 200
2026-10-02 20:46:19 [INFO]: response: https://www.google.com/travel/flights?tfs=GhoSCjIwMjctMDItMjBqBRIDQ05GcgUSA0hORBoaEgoyMDI3LTAzLTAyagUSA0hORHIFEgNDTkZCAQFIAZgBAQ%3D%3D&hl=pt-BR&tfu=EgQIABABIgA&curr=BRL 200
2026-10-02 20:46:22 [INFO]: response: https://www.google.com/travel/flights?tfs=GhoSCjIwMjctMDMtMTBqBRIDQ05GcgUSA0hORBoaEgoyMDI3LTAzLTIwagUSA0hORHIFEgNDTkZCAQFIAZgBAQ%3D%3D&hl=pt-BR&tfu=EgQIABABIgA&curr=BRL 200
2026-10-02 20:46:25 [INFO]: response: https://www.google.com/travel/flights?tfs=GhoSCjIwMjctMDMtMjBqBRIDQ05GcgUSA0hORBoaEgoyMDI3LTAzLTMwagUSA0hORHIFEgNDTkZCAQFIAZgBAQ%3D%3D&hl=pt-BR&tfu=EgQIABABIgA&curr=BRL 200
2026-10-02 20:46:27 [INFO]: response: https://www.google.com/travel/flights?tfs=GhoSCjIwMjctMDQtMTBqBRIDQ05GcgUSA0hORBoaEgoyMDI3LTA0LTIwagUSA0hORHIFEgNDTkZCAQFIAZgBAQ%3D%3D&hl=pt-BR&tfu=EgQIABABIgA&curr=BRL 200
2026-10-02 20:46:30 [INFO]: response: https://www.google.com/travel/flights?tfs=GhoSCjIwMjctMDQtMjBqBRIDQ05GcgUSA0hORBoaEgoyMDI3LTA0LTMwagUSA0hORHIFEgNDTkZCAQFIAZgBAQ%3D%3D&hl=pt-BR&tfu=EgQIABABIgA&curr=BRL 200
2026-10-02 20:46:33 [INFO]: response: https://www.google.com/travel/flights?tfs=GhoSCjIwMjctMDQtMjBqBRIDQ05GcgUSA0hORBoaEgoyMDI3LTA0LTMwagUSA0hORHIFEgNDTkZCAQFIAZgBAQ%3D%3D&hl=pt-BR&tfu=EgQIABABIgA&curr=BRL 200
2026-10-02 20:46:36 [INFO]: response: https://www.google.com/travel/flights?tfs=GhoSCjIwMjctMDUtMTBqBRIDQ05GcgUSA0hORBoaEgoyMDI3LTA1LTIwagUSA0hORHIFEgNDTkZCAQFIAZgBAQ%3D%3D&hl=pt-BR&tfu=EgQIABABIgA&curr=BRL 200
2026-10-02 20:46:39 [INFO]: response: https://www.google.com/travel/flights?tfs=GhoSCjIwMjctMDUtMTBqBRIDQ05GcgUSA0hORBoaEgoyMDI3LTA1LTIwagUSA0hORHIFEgNDTkZCAQFIAZgBAQ%3D%3D&hl=pt-BR&tfu=EgQIABABIgA&curr=BRL 200
2026-10-02 20:46:42 [INFO]: response: https://www.google.com/travel/flights?tfs=GhoSCjIwMjctMDUtMjBqBRIDQ05GcgUSA0hORBoaEgoyMDI3LTA1LTMwagUSA0hORHIFEgNDTkZCAQFIAZgBAQ%3D%3D&hl=pt-BR&tfu=EgQIABABIgA&curr=BRL 200
2026-10-02 20:46:45 [INFO]: response: https://www.google.com/travel/flights?tfs=GhoSCjIwMjctMDYtMTBqBRIDQ05GcgUSA0hORBoaEgoyMDI3LTA2LTIwagUSA0hORHIFEgNDTkZCAQFIAZgBAQ%3D%3D&hl=pt-BR&tfu=EgQIABABIgA&curr=BRL 200
2026-10-02 20:46:48 [INFO]: response: https://www.google.com/travel/flights?tfs=GhoSCjIwMjctMDYtMjBqBRIDQ05GcgUSA0hORBoaEgoyMDI3LTA2LTMwagUSA0hORHIFEgNDTkZCAQFIAZgBAQ%3D%3D&hl=pt-BR&tfu=EgQIABABIgA&curr=BRL 200
2026-10-02 20:46:51 [INFO]: response: https://www.google.com/travel/flights?tfs=GhoSCjIwMjYtMTEtMTBqBRIDR0lHcgUSA0hORBoaEgoyMDI2LTExLTIwagUSA0hORHIFEgNHSUdCAQFIAZgBAQ%3D%3D&hl=pt-BR&tfu=EgQIABABIgA&curr=BRL 200
2026-10-02 20:46:53 [INFO]: response: https://www.google.com/travel/flights?tfs=GhoSCjIwMjYtMTEtMjBqBRIDR0lHcgUSA0hORBoaEgoyMDI2LTExLTMwagUSA0hORHIFEgNHSUdCAQFIAZgBAQ%3D%3D&hl=pt-BR&tfu=EgQIABABIgA&curr=BRL 200
2026-10-02 20:46:56 [INFO]: response: https://www.google.com/travel/flights?tfs=GhoSCjIwMjctMDItMTBqBRIDR0lHcgUSA0hORBoaEgoyMDI3LTAyLTIwagUSA0hORHIFEgNHSUdCAQFIAZgBAQ%3D%3D&hl=pt-BR&tfu=EgQIABABIgA&curr=BRL 200
2026-10-02 20:46:59 [INFO]: response: https://www.google.com/travel/flights?tfs=GhoSCjIwMjctMDItMjBqBRIDR0lHcgUSA0hORBoaEgoyMDI3LTAzLTAyagUSA0hORHIFEgNHSUdCAQFIAZgBAQ%3D%3D&hl=pt-BR&tfu=EgQIABABIgA&curr=BRL 200
2026-10-02 20:47:02 [INFO]: response: https://www.google.com/travel/flights?tfs=GhoSCjIwMjctMDMtMTBqBRIDR0lHcgUSA0hORBoaEgoyMDI3LTAzLTIwagUSA0hORHIFEgNHSUdCAQFIAZgBAQ%3D%3D&hl=pt-BR&tfu=EgQIABABIgA&curr=BRL 200
2026-10-02 20:47:04 [INFO]: response: https://www.google.com/travel/flights?tfs=GhoSCjIwMjctMDMtMjBqBRIDR0lHcgUSA0hORBoaEgoyMDI3LTAzLTMwagUSA0hORHIFEgNHSUdCAQFIAZgBAQ%3D%3D&hl=pt-BR&tfu=EgQIABABIgA&curr=BRL 200
2026-10-02 20:47:08 [INFO]: response: https://www.google.com/travel/flights?tfs=GhoSCjIwMjctMDQtMTBqBRIDR0lHcgUSA0hORBoaEgoyMDI3LTA0LTIwagUSA0hORHIFEgNHSUdCAQFIAZgBAQ%3D%3D&hl=pt-BR&tfu=EgQIABABIgA&curr=BRL 200
2026-10-02 20:47:10 [INFO]: response: https://www.google.com/travel/flights?tfs=GhoSCjIwMjctMDQtMjBqBRIDR0lHcgUSA0hORBoaEgoyMDI3LTA0LTMwagUSA0hORHIFEgNHSUdCAQFIAZgBAQ%3D%3D&hl=pt-BR&tfu=EgQIABABIgA&curr=BRL 200
2026-10-02 20:47:14 [INFO]: response: https://www.google.com/travel/flights?tfs=GhoSCjIwMjctMDQtMjBqBRIDR0lHcgUSA0hORBoaEgoyMDI3LTA0LTMwagUSA0hORHIFEgNHSUdCAQFIAZgBAQ%3D%3D&hl=pt-BR&tfu=EgQIABABIgA&curr=BRL 200
2026-10-02 20:47:16 [INFO]: response: https://www.google.com/travel/flights?tfs=GhoSCjIwMjctMDUtMTBqBRIDR0lHcgUSA0hORBoaEgoyMDI3LTA1LTIwagUSA0hORHIFEgNHSUdCAQFIAZgBAQ%3D%3D&hl=pt-BR&tfu=EgQIABABIgA&curr=BRL 200
2026-10-02 20:47:19 [INFO]: response: https://www.google.com/travel/flights?tfs=GhoSCjIwMjctMDUtMjBqBRIDR0lHcgUSA0hORBoaEgoyMDI3LTA1LTMwagUSA0hORHIFEgNHSUdCAQFIAZgBAQ%3D%3D&hl=pt-BR&tfu=EgQIABABIgA&curr=BRL 200
2026-10-02 20:47:22 [INFO]: response: https://www.google.com/travel/flights?tfs=GhoSCjIwMjctMDYtMTBqBRIDR0lHcgUSA0hORBoaEgoyMDI3LTA2LTIwagUSA0hORHIFEgNHSUdCAQFIAZgBAQ%3D%3D&hl=pt-BR&tfu=EgQIABABIgA&curr=BRL 200
2026-10-02 20:47:25 [INFO]: response: https://www.google.com/travel/flights?tfs=GhoSCjIwMjctMDYtMjBqBRIDR0lHcgUSA0hORBoaEgoyMDI3LTA2LTMwagUSA0hORHIFEgNHSUdCAQFIAZgBAQ%3D%3D&hl=pt-BR&tfu=EgQIABABIgA&curr=BRL 200
2026-10-02 20:47:29 [INFO]: Checagem internacional concluída. 265 cotações avaliadas.
2026-10-03 11:17:59 [INFO]: --- INICIANDO CHECAGEM AGENDADA: EUROPA, TURQUIA & JAPÃO ---
2026-10-03 11:18:00 [INFO]: response: https://www.google.com/travel/flights?tfs=GhoSCjIwMjYtMTEtMTBqBRIDR1JVcgUSA01BRBoaEgoyMDI2LTExLTIwagUSA01BRHIFEgNHUlVCAQFIAZgBAQ%3D%3D&hl=pt-BR&tfu=EgQIABABIgA&curr=BRL 200
2026-10-03 11:18:03 [INFO]: response: https://www.google.com/travel/flights?tfs=GhoSCjIwMjYtMTEtMjBqBRIDR1JVcgUSA01BRBoaEgoyMDI2LTExLTMwagUSA01BRHIFEgNHUlVCAQFIAZgBAQ%3D%3D&hl=pt-BR&tfu=EgQIABABIgA&curr=BRL 200
2026-10-03 11:18:06 [INFO]: response: https://www.google.com/travel/flights?tfs=GhoSCjIwMjctMDItMTBqBRIDR1JVcgUSA01BRBoaEgoyMDI3LTAyLTIwagUSA01BRHIFEgNHUlVCAQFIAZgBAQ%3D%3D&hl=pt-BR&tfu=EgQIABABIgA&curr=BRL 200
2026-10-03 11:18:09 [INFO]: response: https://www.google.com/travel/flights?tfs=GhoSCjIwMjctMDItMjBqBRIDR1JVcgUSA01BRBoaEgoyMDI3LTAzLTAyagUSA01BRHIFEgNHUlVCAQFIAZgBAQ%3D%3D&hl=pt-BR&tfu=EgQIABABIgA&curr=BRL 200
2026-10-03 11:18:13 [INFO]: response: https://www.google.com/travel/flights?tfs=GhoSCjIwMjctMDItMjBqBRIDR1JVcgUSA01BRBoaEgoyMDI3LTAzLTAyagUSA01BRHIFEgNHUlVCAQFIAZgBAQ%3D%3D&hl=pt-BR&tfu=EgQIABABIgA&curr=BRL 200
2026-10-03 11:18:16 [INFO]: response: https://www.google.com/travel/flights?tfs=GhoSCjIwMjctMDMtMTBqBRIDR1JVcgUSA01BRBoaEgoyMDI3LTAzLTIwagUSA01BRHIFEgNHUlVCAQFIAZgBAQ%3D%3D&hl=pt-BR&tfu=EgQIABABIgA&curr=BRL 200
2026-10-03 11:18:19 [INFO]: response: https://www.google.com/travel/flights?tfs=GhoSCjIwMjctMDMtMjBqBRIDR1JVcgUSA01BRBoaEgoyMDI3LTAzLTMwagUSA01BRHIFEgNHUlVCAQFIAZgBAQ%3D%3D&hl=pt-BR&tfu=EgQIABABIgA&curr=BRL 200
2026-10-03 11:18:22 [INFO]: response: https://www.google.com/travel/flights?tfs=GhoSCjIwMjctMDQtMTBqBRIDR1JVcgUSA01BRBoaEgoyMDI3LTA0LTIwagUSA01BRHIFEgNHUlVCAQFIAZgBAQ%3D%3D&hl=pt-BR&tfu=EgQIABABIgA&curr=BRL 200
2026-10-03 11:18:25 [INFO]: response: https://www.google.com/travel/flights?tfs=GhoSCjIwMjctMDQtMjBqBRIDR1JVcgUSA01BRBoaEgoyMDI3LTA0LTMwagUSA01BRHIFEgNHUlVCAQFIAZgBAQ%3D%3D&hl=pt-BR&tfu=EgQIABABIgA&curr=BRL 200
2026-10-03 11:18:28 [INFO]: response: https://www.google.com/travel/flights?tfs=GhoSCjIwMjctMDUtMTBqBRIDR1JVcgUSA01BRBoaEgoyMDI3LTA1LTIwagUSA01BRHIFEgNHUlVCAQFIAZgBAQ%3D%3D&hl=pt-BR&tfu=EgQIABABIgA&curr=BRL 200
2026-10-03 11:18:31 [INFO]: response: https://www.google.com/travel/flights?tfs=GhoSCjIwMjctMDUtMjBqBRIDR1JVcgUSA01BRBoaEgoyMDI3LTA1LTMwagUSA01BRHIFEgNHUlVCAQFIAZgBAQ%3D%3D&hl=pt-BR&tfu=EgQIABABIgA&curr=BRL 200
2026-10-03 11:18:34 [INFO]: response: https://www.google.com/travel/flights?tfs=GhoSCjIwMjctMDYtMTBqBRIDR1JVcgUSA01BRBoaEgoyMDI3LTA2LTIwagUSA01BRHIFEgNHUlVCAQFIAZgBAQ%3D%3D&hl=pt-BR&tfu=EgQIABABIgA&curr=BRL 200
2026-10-03 11:18:38 [INFO]: response: https://www.google.com/travel/flights?tfs=GhoSCjIwMjctMDYtMjBqBRIDR1JVcgUSA01BRBoaEgoyMDI3LTA2LTMwagUSA01BRHIFEgNHUlVCAQFIAZgBAQ%3D%3D&hl=pt-BR&tfu=EgQIABABIgA&curr=BRL 200
2026-10-03 11:18:40 [INFO]: response: https://www.google.com/travel/flights?tfs=GhoSCjIwMjYtMTEtMTBqBRIDQ05GcgUSA01BRBoaEgoyMDI2LTExLTIwagUSA01BRHIFEgNDTkZCAQFIAZgBAQ%3D%3D&hl=pt-BR&tfu=EgQIABABIgA&curr=BRL 200
2026-10-03 11:18:43 [INFO]: response: https://www.google.com/travel/flights?tfs=GhoSCjIwMjYtMTEtMjBqBRIDQ05GcgUSA01BRBoaEgoyMDI2LTExLTMwagUSA01BRHIFEgNDTkZCAQFIAZgBAQ%3D%3D&hl=pt-BR&tfu=EgQIABABIgA&curr=BRL 200
2026-10-03 11:18:46 [INFO]: response: https://www.google.com/travel/flights?tfs=GhoSCjIwMjctMDItMTBqBRIDQ05GcgUSA01BRBoaEgoyMDI3LTAyLTIwagUSA01BRHIFEgNDTkZCAQFIAZgBAQ%3D%3D&hl=pt-BR&tfu=EgQIABABIgA&curr=BRL 200
2026-10-03 11:18:49 [INFO]: response: https://www.google.com/travel/flights?tfs=GhoSCjIwMjctMDItMjBqBRIDQ05GcgUSA01BRBoaEgoyMDI3LTAzLTAyagUSA01BRHIFEgNDTkZCAQFIAZgBAQ%3D%3D&hl=pt-BR&tfu=EgQIABABIgA&curr=BRL 200
2026-10-03 11:18:52 [INFO]: response: https://www.google.com/travel/flights?tfs=GhoSCjIwMjctMDMtMTBqBRIDQ05GcgUSA01BRBoaEgoyMDI3LTAzLTIwagUSA01BRHIFEgNDTkZCAQFIAZgBAQ%3D%3D&hl=pt-BR&tfu=EgQIABABIgA&curr=BRL 200
2026-10-03 11:18:55 [INFO]: response: https://www.google.com/travel/flights?tfs=GhoSCjIwMjctMDMtMjBqBRIDQ05GcgUSA01BRBoaEgoyMDI3LTAzLTMwagUSA01BRHIFEgNDTkZCAQFIAZgBAQ%3D%3D&hl=pt-BR&tfu=EgQIABABIgA&curr=BRL 200
2026-10-03 11:18:58 [INFO]: response: https://www.google.com/travel/flights?tfs=GhoSCjIwMjctMDQtMTBqBRIDQ05GcgUSA01BRBoaEgoyMDI3LTA0LTIwagUSA01BRHIFEgNDTkZCAQFIAZgBAQ%3D%3D&hl=pt-BR&tfu=EgQIABABIgA&curr=BRL 200
2026-10-03 11:19:01 [INFO]: response: https://www.google.com/travel/flights?tfs=GhoSCjIwMjctMDQtMjBqBRIDQ05GcgUSA01BRBoaEgoyMDI3LTA0LTMwagUSA01BRHIFEgNDTkZCAQFIAZgBAQ%3D%3D&hl=pt-BR&tfu=EgQIABABIgA&curr=BRL 200
2026-10-03 11:19:04 [INFO]: response: https://www.google.com/travel/flights?tfs=GhoSCjIwMjctMDUtMTBqBRIDQ05GcgUSA01BRBoaEgoyMDI3LTA1LTIwagUSA01BRHIFEgNDTkZCAQFIAZgBAQ%3D%3D&hl=pt-BR&tfu=EgQIABABIgA&curr=BRL 200
2026-10-03 11:19:08 [INFO]: response: https://www.google.com/travel/flights?tfs=GhoSCjIwMjctMDUtMTBqBRIDQ05GcgUSA01BRBoaEgoyMDI3LTA1LTIwagUSA01BRHIFEgNDTkZCAQFIAZgBAQ%3D%3D&hl=pt-BR&tfu=EgQIABABIgA&curr=BRL 200
2026-10-03 11:19:11 [INFO]: response: https://www.google.com/travel/flights?tfs=GhoSCjIwMjctMDUtMjBqBRIDQ05GcgUSA01BRBoaEgoyMDI3LTA1LTMwagUSA01BRHIFEgNDTkZCAQFIAZgBAQ%3D%3D&hl=pt-BR&tfu=EgQIABABIgA&curr=BRL 200
2026-10-03 11:19:14 [INFO]: response: https://www.google.com/travel/flights?tfs=GhoSCjIwMjctMDUtMjBqBRIDQ05GcgUSA01BRBoaEgoyMDI3LTA1LTMwagUSA01BRHIFEgNDTkZCAQFIAZgBAQ%3D%3D&hl=pt-BR&tfu=EgQIABABIgA&curr=BRL 200
2026-10-03 11:19:18 [INFO]: response: https://www.google.com/travel/flights?tfs=GhoSCjIwMjctMDYtMTBqBRIDQ05GcgUSA01BRBoaEgoyMDI3LTA2LTIwagUSA01BRHIFEgNDTkZCAQFIAZgBAQ%3D%3D&hl=pt-BR&tfu=EgQIABABIgA&curr=BRL 200
2026-10-03 11:19:21 [INFO]: response: https://www.google.com/travel/flights?tfs=GhoSCjIwMjctMDYtMTBqBRIDQ05GcgUSA01BRBoaEgoyMDI3LTA2LTIwagUSA01BRHIFEgNDTkZCAQFIAZgBAQ%3D%3D&hl=pt-BR&tfu=EgQIABABIgA&curr=BRL 200
2026-10-03 11:19:25 [INFO]: response: https://www.google.com/travel/flights?tfs=GhoSCjIwMjctMDYtMjBqBRIDQ05GcgUSA01BRBoaEgoyMDI3LTA2LTMwagUSA01BRHIFEgNDTkZCAQFIAZgBAQ%3D%3D&hl=pt-BR&tfu=EgQIABABIgA&curr=BRL 200
2026-10-03 11:19:28 [INFO]: response: https://www.google.com/travel/flights?tfs=GhoSCjIwMjYtMTEtMTBqBRIDR0lHcgUSA01BRBoaEgoyMDI2LTExLTIwagUSA01BRHIFEgNHSUdCAQFIAZgBAQ%3D%3D&hl=pt-BR&tfu=EgQIABABIgA&curr=BRL 200
2026-10-03 11:19:32 [INFO]: response: https://www.google.com/travel/flights?tfs=GhoSCjIwMjYtMTEtMjBqBRIDR0lHcgUSA01BRBoaEgoyMDI2LTExLTMwagUSA01BRHIFEgNHSUdCAQFIAZgBAQ%3D%3D&hl=pt-BR&tfu=EgQIABABIgA&curr=BRL 200
2026-10-03 11:19:35 [INFO]: response: https://www.google.com/travel/flights?tfs=GhoSCjIwMjctMDItMTBqBRIDR0lHcgUSA01BRBoaEgoyMDI3LTAyLTIwagUSA01BRHIFEgNHSUdCAQFIAZgBAQ%3D%3D&hl=pt-BR&tfu=EgQIABABIgA&curr=BRL 200
2026-10-03 11:19:38 [INFO]: response: https://www.google.com/travel/flights?tfs=GhoSCjIwMjctMDItMjBqBRIDR0lHcgUSA01BRBoaEgoyMDI3LTAzLTAyagUSA01BRHIFEgNHSUdCAQFIAZgBAQ%3D%3D&hl=pt-BR&tfu=EgQIABABIgA&curr=BRL 200
2026-10-03 11:19:41 [INFO]: response: https://www.google.com/travel/flights?tfs=GhoSCjIwMjctMDMtMTBqBRIDR0lHcgUSA01BRBoaEgoyMDI3LTAzLTIwagUSA01BRHIFEgNHSUdCAQFIAZgBAQ%3D%3D&hl=pt-BR&tfu=EgQIABABIgA&curr=BRL 200
2026-10-03 11:19:44 [INFO]: response: https://www.google.com/travel/flights?tfs=GhoSCjIwMjctMDMtMjBqBRIDR0lHcgUSA01BRBoaEgoyMDI3LTAzLTMwagUSA01BRHIFEgNHSUdCAQFIAZgBAQ%3D%3D&hl=pt-BR&tfu=EgQIABABIgA&curr=BRL 200
2026-10-03 11:19:47 [INFO]: response: https://www.google.com/travel/flights?tfs=GhoSCjIwMjctMDQtMTBqBRIDR0lHcgUSA01BRBoaEgoyMDI3LTA0LTIwagUSA01BRHIFEgNHSUdCAQFIAZgBAQ%3D%3D&hl=pt-BR&tfu=EgQIABABIgA&curr=BRL 200
2026-10-03 11:19:50 [INFO]: response: https://www.google.com/travel/flights?tfs=GhoSCjIwMjctMDQtMjBqBRIDR0lHcgUSA01BRBoaEgoyMDI3LTA0LTMwagUSA01BRHIFEgNHSUdCAQFIAZgBAQ%3D%3D&hl=pt-BR&tfu=EgQIABABIgA&curr=BRL 200
2026-10-03 11:19:54 [INFO]: response: https://www.google.com/travel/flights?tfs=GhoSCjIwMjctMDUtMTBqBRIDR0lHcgUSA01BRBoaEgoyMDI3LTA1LTIwagUSA01BRHIFEgNHSUdCAQFIAZgBAQ%3D%3D&hl=pt-BR&tfu=EgQIABABIgA&curr=BRL 200
2026-10-03 11:19:57 [INFO]: response: https://www.google.com/travel/flights?tfs=GhoSCjIwMjctMDUtMTBqBRIDR0lHcgUSA01BRBoaEgoyMDI3LTA1LTIwagUSA01BRHIFEgNHSUdCAQFIAZgBAQ%3D%3D&hl=pt-BR&tfu=EgQIABABIgA&curr=BRL 200
2026-10-03 11:20:00 [INFO]: response: https://www.google.com/travel/flights?tfs=GhoSCjIwMjctMDUtMjBqBRIDR0lHcgUSA01BRBoaEgoyMDI3LTA1LTMwagUSA01BRHIFEgNHSUdCAQFIAZgBAQ%3D%3D&hl=pt-BR&tfu=EgQIABABIgA&curr=BRL 200
2026-10-03 11:20:03 [INFO]: response: https://www.google.com/travel/flights?tfs=GhoSCjIwMjctMDYtMTBqBRIDR0lHcgUSA01BRBoaEgoyMDI3LTA2LTIwagUSA01BRHIFEgNHSUdCAQFIAZgBAQ%3D%3D&hl=pt-BR&tfu=EgQIABABIgA&curr=BRL 200
2026-10-03 11:20:06 [INFO]: response: https://www.google.com/travel/flights?tfs=GhoSCjIwMjctMDYtMjBqBRIDR0lHcgUSA01BRBoaEgoyMDI3LTA2LTMwagUSA01BRHIFEgNHSUdCAQFIAZgBAQ%3D%3D&hl=pt-BR&tfu=EgQIABABIgA&curr=BRL 200
2026-10-03 11:20:11 [INFO]: response: https://www.google.com/travel/flights?tfs=GhoSCjIwMjYtMTEtMTBqBRIDR1JVcgUSA0JDThoaEgoyMDI2LTExLTIwagUSA0JDTnIFEgNHUlVCAQFIAZgBAQ%3D%3D&hl=pt-BR&tfu=EgQIABABIgA&curr=BRL 200
2026-10-03 11:20:14 [INFO]: response: https://www.google.com/travel/flights?tfs=GhoSCjIwMjYtMTEtMTBqBRIDR1JVcgUSA0JDThoaEgoyMDI2LTExLTIwagUSA0JDTnIFEgNHUlVCAQFIAZgBAQ%3D%3D&hl=pt-BR&tfu=EgQIABABIgA&curr=BRL 200
2026-10-03 11:20:17 [INFO]: response: https://www.google.com/travel/flights?tfs=GhoSCjIwMjYtMTEtMjBqBRIDR1JVcgUSA0JDThoaEgoyMDI2LTExLTMwagUSA0JDTnIFEgNHUlVCAQFIAZgBAQ%3D%3D&hl=pt-BR&tfu=EgQIABABIgA&curr=BRL 200
2026-10-03 11:20:20 [INFO]: response: https://www.google.com/travel/flights?tfs=GhoSCjIwMjctMDItMTBqBRIDR1JVcgUSA0JDThoaEgoyMDI3LTAyLTIwagUSA0JDTnIFEgNHUlVCAQFIAZgBAQ%3D%3D&hl=pt-BR&tfu=EgQIABABIgA&curr=BRL 200
2026-10-03 11:20:22 [INFO]: response: https://www.google.com/travel/flights?tfs=GhoSCjIwMjctMDItMjBqBRIDR1JVcgUSA0JDThoaEgoyMDI3LTAzLTAyagUSA0JDTnIFEgNHUlVCAQFIAZgBAQ%3D%3D&hl=pt-BR&tfu=EgQIABABIgA&curr=BRL 200
2026-10-03 11:20:25 [INFO]: response: https://www.google.com/travel/flights?tfs=GhoSCjIwMjctMDMtMTBqBRIDR1JVcgUSA0JDThoaEgoyMDI3LTAzLTIwagUSA0JDTnIFEgNHUlVCAQFIAZgBAQ%3D%3D&hl=pt-BR&tfu=EgQIABABIgA&curr=BRL 200
2026-10-03 11:20:28 [INFO]: response: https://www.google.com/travel/flights?tfs=GhoSCjIwMjctMDMtMTBqBRIDR1JVcgUSA0JDThoaEgoyMDI3LTAzLTIwagUSA0JDTnIFEgNHUlVCAQFIAZgBAQ%3D%3D&hl=pt-BR&tfu=EgQIABABIgA&curr=BRL 200
2026-10-03 11:20:32 [INFO]: response: https://www.google.com/travel/flights?tfs=GhoSCjIwMjctMDMtMjBqBRIDR1JVcgUSA0JDThoaEgoyMDI3LTAzLTMwagUSA0JDTnIFEgNHUlVCAQFIAZgBAQ%3D%3D&hl=pt-BR&tfu=EgQIABABIgA&curr=BRL 200
2026-10-03 11:20:35 [INFO]: response: https://www.google.com/travel/flights?tfs=GhoSCjIwMjctMDQtMTBqBRIDR1JVcgUSA0JDThoaEgoyMDI3LTA0LTIwagUSA0JDTnIFEgNHUlVCAQFIAZgBAQ%3D%3D&hl=pt-BR&tfu=EgQIABABIgA&curr=BRL 200
2026-10-03 11:20:38 [INFO]: response: https://www.google.com/travel/flights?tfs=GhoSCjIwMjctMDQtMjBqBRIDR1JVcgUSA0JDThoaEgoyMDI3LTA0LTMwagUSA0JDTnIFEgNHUlVCAQFIAZgBAQ%3D%3D&hl=pt-BR&tfu=EgQIABABIgA&curr=BRL 200
2026-10-03 11:20:40 [INFO]: response: https://www.google.com/travel/flights?tfs=GhoSCjIwMjctMDUtMTBqBRIDR1JVcgUSA0JDThoaEgoyMDI3LTA1LTIwagUSA0JDTnIFEgNHUlVCAQFIAZgBAQ%3D%3D&hl=pt-BR&tfu=EgQIABABIgA&curr=BRL 200
2026-10-03 11:20:44 [INFO]: response: https://www.google.com/travel/flights?tfs=GhoSCjIwMjctMDUtMjBqBRIDR1JVcgUSA0JDThoaEgoyMDI3LTA1LTMwagUSA0JDTnIFEgNHUlVCAQFIAZgBAQ%3D%3D&hl=pt-BR&tfu=EgQIABABIgA&curr=BRL 200
2026-10-03 11:20:47 [INFO]: response: https://www.google.com/travel/flights?tfs=GhoSCjIwMjctMDYtMTBqBRIDR1JVcgUSA0JDThoaEgoyMDI3LTA2LTIwagUSA0JDTnIFEgNHUlVCAQFIAZgBAQ%3D%3D&hl=pt-BR&tfu=EgQIABABIgA&curr=BRL 200
2026-10-03 11:20:50 [INFO]: response: https://www.google.com/travel/flights?tfs=GhoSCjIwMjctMDYtMjBqBRIDR1JVcgUSA0JDThoaEgoyMDI3LTA2LTMwagUSA0JDTnIFEgNHUlVCAQFIAZgBAQ%3D%3D&hl=pt-BR&tfu=EgQIABABIgA&curr=BRL 200
2026-10-03 11:20:53 [INFO]: response: https://www.google.com/travel/flights?tfs=GhoSCjIwMjYtMTEtMTBqBRIDQ05GcgUSA0JDThoaEgoyMDI2LTExLTIwagUSA0JDTnIFEgNDTkZCAQFIAZgBAQ%3D%3D&hl=pt-BR&tfu=EgQIABABIgA&curr=BRL 200
2026-10-03 11:20:56 [INFO]: response: https://www.google.com/travel/flights?tfs=GhoSCjIwMjYtMTEtMjBqBRIDQ05GcgUSA0JDThoaEgoyMDI2LTExLTMwagUSA0JDTnIFEgNDTkZCAQFIAZgBAQ%3D%3D&hl=pt-BR&tfu=EgQIABABIgA&curr=BRL 200
2026-10-03 11:20:59 [INFO]: response: https://www.google.com/travel/flights?tfs=GhoSCjIwMjctMDItMTBqBRIDQ05GcgUSA0JDThoaEgoyMDI3LTAyLTIwagUSA0JDTnIFEgNDTkZCAQFIAZgBAQ%3D%3D&hl=pt-BR&tfu=EgQIABABIgA&curr=BRL 200
2026-10-03 11:21:02 [INFO]: response: https://www.google.com/travel/flights?tfs=GhoSCjIwMjctMDItMjBqBRIDQ05GcgUSA0JDThoaEgoyMDI3LTAzLTAyagUSA0JDTnIFEgNDTkZCAQFIAZgBAQ%3D%3D&hl=pt-BR&tfu=EgQIABABIgA&curr=BRL 200
2026-10-03 11:21:06 [INFO]: response: https://www.google.com/travel/flights?tfs=GhoSCjIwMjctMDMtMTBqBRIDQ05GcgUSA0JDThoaEgoyMDI3LTAzLTIwagUSA0JDTnIFEgNDTkZCAQFIAZgBAQ%3D%3D&hl=pt-BR&tfu=EgQIABABIgA&curr=BRL 200
2026-10-03 11:21:09 [INFO]: response: https://www.google.com/travel/flights?tfs=GhoSCjIwMjctMDMtMjBqBRIDQ05GcgUSA0JDThoaEgoyMDI3LTAzLTMwagUSA0JDTnIFEgNDTkZCAQFIAZgBAQ%3D%3D&hl=pt-BR&tfu=EgQIABABIgA&curr=BRL 200
2026-10-03 11:21:12 [INFO]: response: https://www.google.com/travel/flights?tfs=GhoSCjIwMjctMDQtMTBqBRIDQ05GcgUSA0JDThoaEgoyMDI3LTA0LTIwagUSA0JDTnIFEgNDTkZCAQFIAZgBAQ%3D%3D&hl=pt-BR&tfu=EgQIABABIgA&curr=BRL 200
2026-10-03 11:21:15 [INFO]: response: https://www.google.com/travel/flights?tfs=GhoSCjIwMjctMDQtMjBqBRIDQ05GcgUSA0JDThoaEgoyMDI3LTA0LTMwagUSA0JDTnIFEgNDTkZCAQFIAZgBAQ%3D%3D&hl=pt-BR&tfu=EgQIABABIgA&curr=BRL 200
2026-10-03 11:21:18 [INFO]: response: https://www.google.com/travel/flights?tfs=GhoSCjIwMjctMDUtMTBqBRIDQ05GcgUSA0JDThoaEgoyMDI3LTA1LTIwagUSA0JDTnIFEgNDTkZCAQFIAZgBAQ%3D%3D&hl=pt-BR&tfu=EgQIABABIgA&curr=BRL 200
2026-10-03 11:21:21 [INFO]: response: https://www.google.com/travel/flights?tfs=GhoSCjIwMjctMDUtMjBqBRIDQ05GcgUSA0JDThoaEgoyMDI3LTA1LTMwagUSA0JDTnIFEgNDTkZCAQFIAZgBAQ%3D%3D&hl=pt-BR&tfu=EgQIABABIgA&curr=BRL 200
2026-10-03 11:21:24 [INFO]: response: https://www.google.com/travel/flights?tfs=GhoSCjIwMjctMDYtMTBqBRIDQ05GcgUSA0JDThoaEgoyMDI3LTA2LTIwagUSA0JDTnIFEgNDTkZCAQFIAZgBAQ%3D%3D&hl=pt-BR&tfu=EgQIABABIgA&curr=BRL 200
2026-10-03 11:21:26 [INFO]: response: https://www.google.com/travel/flights?tfs=GhoSCjIwMjctMDYtMTBqBRIDQ05GcgUSA0JDThoaEgoyMDI3LTA2LTIwagUSA0JDTnIFEgNDTkZCAQFIAZgBAQ%3D%3D&hl=pt-BR&tfu=EgQIABABIgA&curr=BRL 200
2026-10-03 11:21:30 [INFO]: response: https://www.google.com/travel/flights?tfs=GhoSCjIwMjctMDYtMjBqBRIDQ05GcgUSA0JDThoaEgoyMDI3LTA2LTMwagUSA0JDTnIFEgNDTkZCAQFIAZgBAQ%3D%3D&hl=pt-BR&tfu=EgQIABABIgA&curr=BRL 200
2026-10-03 11:21:32 [INFO]: response: https://www.google.com/travel/flights?tfs=GhoSCjIwMjctMDYtMjBqBRIDQ05GcgUSA0JDThoaEgoyMDI3LTA2LTMwagUSA0JDTnIFEgNDTkZCAQFIAZgBAQ%3D%3D&hl=pt-BR&tfu=EgQIABABIgA&curr=BRL 200
2026-10-03 11:21:35 [INFO]: response: https://www.google.com/travel/flights?tfs=GhoSCjIwMjYtMTEtMTBqBRIDR0lHcgUSA0JDThoaEgoyMDI2LTExLTIwagUSA0JDTnIFEgNHSUdCAQFIAZgBAQ%3D%3D&hl=pt-BR&tfu=EgQIABABIgA&curr=BRL 200
2026-10-03 11:21:38 [INFO]: response: https://www.google.com/travel/flights?tfs=GhoSCjIwMjYtMTEtMjBqBRIDR0lHcgUSA0JDThoaEgoyMDI2LTExLTMwagUSA0JDTnIFEgNHSUdCAQFIAZgBAQ%3D%3D&hl=pt-BR&tfu=EgQIABABIgA&curr=BRL 200
2026-10-03 11:21:41 [INFO]: response: https://www.google.com/travel/flights?tfs=GhoSCjIwMjctMDItMTBqBRIDR0lHcgUSA0JDThoaEgoyMDI3LTAyLTIwagUSA0JDTnIFEgNHSUdCAQFIAZgBAQ%3D%3D&hl=pt-BR&tfu=EgQIABABIgA&curr=BRL 200
2026-10-03 11:21:45 [INFO]: response: https://www.google.com/travel/flights?tfs=GhoSCjIwMjctMDItMTBqBRIDR0lHcgUSA0JDThoaEgoyMDI3LTAyLTIwagUSA0JDTnIFEgNHSUdCAQFIAZgBAQ%3D%3D&hl=pt-BR&tfu=EgQIABABIgA&curr=BRL 200
2026-10-03 11:21:49 [INFO]: response: https://www.google.com/travel/flights?tfs=GhoSCjIwMjctMDItMjBqBRIDR0lHcgUSA0JDThoaEgoyMDI3LTAzLTAyagUSA0JDTnIFEgNHSUdCAQFIAZgBAQ%3D%3D&hl=pt-BR&tfu=EgQIABABIgA&curr=BRL 200
2026-10-03 11:21:52 [INFO]: response: https://www.google.com/travel/flights?tfs=GhoSCjIwMjctMDMtMTBqBRIDR0lHcgUSA0JDThoaEgoyMDI3LTAzLTIwagUSA0JDTnIFEgNHSUdCAQFIAZgBAQ%3D%3D&hl=pt-BR&tfu=EgQIABABIgA&curr=BRL 200
2026-10-03 11:21:55 [INFO]: response: https://www.google.com/travel/flights?tfs=GhoSCjIwMjctMDMtMjBqBRIDR0lHcgUSA0JDThoaEgoyMDI3LTAzLTMwagUSA0JDTnIFEgNHSUdCAQFIAZgBAQ%3D%3D&hl=pt-BR&tfu=EgQIABABIgA&curr=BRL 200
2026-10-03 11:21:58 [INFO]: response: https://www.google.com/travel/flights?tfs=GhoSCjIwMjctMDQtMTBqBRIDR0lHcgUSA0JDThoaEgoyMDI3LTA0LTIwagUSA0JDTnIFEgNHSUdCAQFIAZgBAQ%3D%3D&hl=pt-BR&tfu=EgQIABABIgA&curr=BRL 200
2026-10-03 11:22:01 [INFO]: response: https://www.google.com/travel/flights?tfs=GhoSCjIwMjctMDQtMjBqBRIDR0lHcgUSA0JDThoaEgoyMDI3LTA0LTMwagUSA0JDTnIFEgNHSUdCAQFIAZgBAQ%3D%3D&hl=pt-BR&tfu=EgQIABABIgA&curr=BRL 200
2026-10-03 11:22:04 [INFO]: response: https://www.google.com/travel/flights?tfs=GhoSCjIwMjctMDUtMTBqBRIDR0lHcgUSA0JDThoaEgoyMDI3LTA1LTIwagUSA0JDTnIFEgNHSUdCAQFIAZgBAQ%3D%3D&hl=pt-BR&tfu=EgQIABABIgA&curr=BRL 200
2026-10-03 11:22:08 [INFO]: response: https://www.google.com/travel/flights?tfs=GhoSCjIwMjctMDUtMjBqBRIDR0lHcgUSA0JDThoaEgoyMDI3LTA1LTMwagUSA0JDTnIFEgNHSUdCAQFIAZgBAQ%3D%3D&hl=pt-BR&tfu=EgQIABABIgA&curr=BRL 200
2026-10-03 11:22:11 [INFO]: response: https://www.google.com/travel/flights?tfs=GhoSCjIwMjctMDUtMjBqBRIDR0lHcgUSA0JDThoaEgoyMDI3LTA1LTMwagUSA0JDTnIFEgNHSUdCAQFIAZgBAQ%3D%3D&hl=pt-BR&tfu=EgQIABABIgA&curr=BRL 200
2026-10-03 11:22:14 [INFO]: response: https://www.google.com/travel/flights?tfs=GhoSCjIwMjctMDYtMTBqBRIDR0lHcgUSA0JDThoaEgoyMDI3LTA2LTIwagUSA0JDTnIFEgNHSUdCAQFIAZgBAQ%3D%3D&hl=pt-BR&tfu=EgQIABABIgA&curr=BRL 200
2026-10-03 11:22:17 [INFO]: response: https://www.google.com/travel/flights?tfs=GhoSCjIwMjctMDYtMjBqBRIDR0lHcgUSA0JDThoaEgoyMDI3LTA2LTMwagUSA0JDTnIFEgNHSUdCAQFIAZgBAQ%3D%3D&hl=pt-BR&tfu=EgQIABABIgA&curr=BRL 200
2026-10-03 11:22:22 [INFO]: response: https://www.google.com/travel/flights?tfs=GhoSCjIwMjYtMTEtMTBqBRIDR1JVcgUSA0xJUxoaEgoyMDI2LTExLTIwagUSA0xJU3IFEgNHUlVCAQFIAZgBAQ%3D%3D&hl=pt-BR&tfu=EgQIABABIgA&curr=BRL 200
2026-10-03 11:22:25 [INFO]: response: https://www.google.com/travel/flights?tfs=GhoSCjIwMjYtMTEtMjBqBRIDR1JVcgUSA0xJUxoaEgoyMDI2LTExLTMwagUSA0xJU3IFEgNHUlVCAQFIAZgBAQ%3D%3D&hl=pt-BR&tfu=EgQIABABIgA&curr=BRL 200
2026-10-03 11:22:28 [INFO]: response: https://www.google.com/travel/flights?tfs=GhoSCjIwMjctMDItMTBqBRIDR1JVcgUSA0xJUxoaEgoyMDI3LTAyLTIwagUSA0xJU3IFEgNHUlVCAQFIAZgBAQ%3D%3D&hl=pt-BR&tfu=EgQIABABIgA&curr=BRL 200
2026-10-03 11:22:30 [INFO]: response: https://www.google.com/travel/flights?tfs=GhoSCjIwMjctMDItMjBqBRIDR1JVcgUSA0xJUxoaEgoyMDI3LTAzLTAyagUSA0xJU3IFEgNHUlVCAQFIAZgBAQ%3D%3D&hl=pt-BR&tfu=EgQIABABIgA&curr=BRL 200
2026-10-03 11:22:34 [INFO]: response: https://www.google.com/travel/flights?tfs=GhoSCjIwMjctMDMtMTBqBRIDR1JVcgUSA0xJUxoaEgoyMDI3LTAzLTIwagUSA0xJU3IFEgNHUlVCAQFIAZgBAQ%3D%3D&hl=pt-BR&tfu=EgQIABABIgA&curr=BRL 200
2026-10-03 11:22:36 [INFO]: response: https://www.google.com/travel/flights?tfs=GhoSCjIwMjctMDMtMjBqBRIDR1JVcgUSA0xJUxoaEgoyMDI3LTAzLTMwagUSA0xJU3IFEgNHUlVCAQFIAZgBAQ%3D%3D&hl=pt-BR&tfu=EgQIABABIgA&curr=BRL 200
2026-10-03 11:22:39 [INFO]: response: https://www.google.com/travel/flights?tfs=GhoSCjIwMjctMDQtMTBqBRIDR1JVcgUSA0xJUxoaEgoyMDI3LTA0LTIwagUSA0xJU3IFEgNHUlVCAQFIAZgBAQ%3D%3D&hl=pt-BR&tfu=EgQIABABIgA&curr=BRL 200
2026-10-03 11:22:42 [INFO]: response: https://www.google.com/travel/flights?tfs=GhoSCjIwMjctMDQtMjBqBRIDR1JVcgUSA0xJUxoaEgoyMDI3LTA0LTMwagUSA0xJU3IFEgNHUlVCAQFIAZgBAQ%3D%3D&hl=pt-BR&tfu=EgQIABABIgA&curr=BRL 200
2026-10-03 11:22:46 [INFO]: response: https://www.google.com/travel/flights?tfs=GhoSCjIwMjctMDUtMTBqBRIDR1JVcgUSA0xJUxoaEgoyMDI3LTA1LTIwagUSA0xJU3IFEgNHUlVCAQFIAZgBAQ%3D%3D&hl=pt-BR&tfu=EgQIABABIgA&curr=BRL 200
2026-10-03 11:22:49 [INFO]: response: https://www.google.com/travel/flights?tfs=GhoSCjIwMjctMDUtMjBqBRIDR1JVcgUSA0xJUxoaEgoyMDI3LTA1LTMwagUSA0xJU3IFEgNHUlVCAQFIAZgBAQ%3D%3D&hl=pt-BR&tfu=EgQIABABIgA&curr=BRL 200
2026-10-03 11:22:52 [INFO]: response: https://www.google.com/travel/flights?tfs=GhoSCjIwMjctMDYtMTBqBRIDR1JVcgUSA0xJUxoaEgoyMDI3LTA2LTIwagUSA0xJU3IFEgNHUlVCAQFIAZgBAQ%3D%3D&hl=pt-BR&tfu=EgQIABABIgA&curr=BRL 200
2026-10-03 11:22:55 [INFO]: response: https://www.google.com/travel/flights?tfs=GhoSCjIwMjctMDYtMjBqBRIDR1JVcgUSA0xJUxoaEgoyMDI3LTA2LTMwagUSA0xJU3IFEgNHUlVCAQFIAZgBAQ%3D%3D&hl=pt-BR&tfu=EgQIABABIgA&curr=BRL 200
2026-10-03 11:22:58 [INFO]: response: https://www.google.com/travel/flights?tfs=GhoSCjIwMjYtMTEtMTBqBRIDQ05GcgUSA0xJUxoaEgoyMDI2LTExLTIwagUSA0xJU3IFEgNDTkZCAQFIAZgBAQ%3D%3D&hl=pt-BR&tfu=EgQIABABIgA&curr=BRL 200
2026-10-03 11:23:01 [INFO]: response: https://www.google.com/travel/flights?tfs=GhoSCjIwMjYtMTEtMjBqBRIDQ05GcgUSA0xJUxoaEgoyMDI2LTExLTMwagUSA0xJU3IFEgNDTkZCAQFIAZgBAQ%3D%3D&hl=pt-BR&tfu=EgQIABABIgA&curr=BRL 200
2026-10-03 11:23:04 [INFO]: response: https://www.google.com/travel/flights?tfs=GhoSCjIwMjctMDItMTBqBRIDQ05GcgUSA0xJUxoaEgoyMDI3LTAyLTIwagUSA0xJU3IFEgNDTkZCAQFIAZgBAQ%3D%3D&hl=pt-BR&tfu=EgQIABABIgA&curr=BRL 200
2026-10-03 11:23:08 [INFO]: response: https://www.google.com/travel/flights?tfs=GhoSCjIwMjctMDItMTBqBRIDQ05GcgUSA0xJUxoaEgoyMDI3LTAyLTIwagUSA0xJU3IFEgNDTkZCAQFIAZgBAQ%3D%3D&hl=pt-BR&tfu=EgQIABABIgA&curr=BRL 200
2026-10-03 11:23:12 [INFO]: response: https://www.google.com/travel/flights?tfs=GhoSCjIwMjctMDItMjBqBRIDQ05GcgUSA0xJUxoaEgoyMDI3LTAzLTAyagUSA0xJU3IFEgNDTkZCAQFIAZgBAQ%3D%3D&hl=pt-BR&tfu=EgQIABABIgA&curr=BRL 200
2026-10-03 11:23:15 [INFO]: response: https://www.google.com/travel/flights?tfs=GhoSCjIwMjctMDMtMTBqBRIDQ05GcgUSA0xJUxoaEgoyMDI3LTAzLTIwagUSA0xJU3IFEgNDTkZCAQFIAZgBAQ%3D%3D&hl=pt-BR&tfu=EgQIABABIgA&curr=BRL 200
2026-10-03 11:23:19 [INFO]: response: https://www.google.com/travel/flights?tfs=GhoSCjIwMjctMDMtMjBqBRIDQ05GcgUSA0xJUxoaEgoyMDI3LTAzLTMwagUSA0xJU3IFEgNDTkZCAQFIAZgBAQ%3D%3D&hl=pt-BR&tfu=EgQIABABIgA&curr=BRL 200
2026-10-03 11:23:22 [INFO]: response: https://www.google.com/travel/flights?tfs=GhoSCjIwMjctMDQtMTBqBRIDQ05GcgUSA0xJUxoaEgoyMDI3LTA0LTIwagUSA0xJU3IFEgNDTkZCAQFIAZgBAQ%3D%3D&hl=pt-BR&tfu=EgQIABABIgA&curr=BRL 200
2026-10-03 11:23:25 [INFO]: response: https://www.google.com/travel/flights?tfs=GhoSCjIwMjctMDQtMjBqBRIDQ05GcgUSA0xJUxoaEgoyMDI3LTA0LTMwagUSA0xJU3IFEgNDTkZCAQFIAZgBAQ%3D%3D&hl=pt-BR&tfu=EgQIABABIgA&curr=BRL 200
2026-10-03 11:23:28 [INFO]: response: https://www.google.com/travel/flights?tfs=GhoSCjIwMjctMDUtMTBqBRIDQ05GcgUSA0xJUxoaEgoyMDI3LTA1LTIwagUSA0xJU3IFEgNDTkZCAQFIAZgBAQ%3D%3D&hl=pt-BR&tfu=EgQIABABIgA&curr=BRL 200
2026-10-03 11:23:31 [INFO]: response: https://www.google.com/travel/flights?tfs=GhoSCjIwMjctMDUtMjBqBRIDQ05GcgUSA0xJUxoaEgoyMDI3LTA1LTMwagUSA0xJU3IFEgNDTkZCAQFIAZgBAQ%3D%3D&hl=pt-BR&tfu=EgQIABABIgA&curr=BRL 200
2026-10-03 11:23:34 [INFO]: response: https://www.google.com/travel/flights?tfs=GhoSCjIwMjctMDYtMTBqBRIDQ05GcgUSA0xJUxoaEgoyMDI3LTA2LTIwagUSA0xJU3IFEgNDTkZCAQFIAZgBAQ%3D%3D&hl=pt-BR&tfu=EgQIABABIgA&curr=BRL 200
2026-10-03 11:23:37 [INFO]: response: https://www.google.com/travel/flights?tfs=GhoSCjIwMjctMDYtMjBqBRIDQ05GcgUSA0xJUxoaEgoyMDI3LTA2LTMwagUSA0xJU3IFEgNDTkZCAQFIAZgBAQ%3D%3D&hl=pt-BR&tfu=EgQIABABIgA&curr=BRL 200
2026-10-03 11:23:40 [INFO]: response: https://www.google.com/travel/flights?tfs=GhoSCjIwMjctMDYtMjBqBRIDQ05GcgUSA0xJUxoaEgoyMDI3LTA2LTMwagUSA0xJU3IFEgNDTkZCAQFIAZgBAQ%3D%3D&hl=pt-BR&tfu=EgQIABABIgA&curr=BRL 200
2026-10-03 11:23:45 [INFO]: response: https://www.google.com/travel/flights?tfs=GhoSCjIwMjYtMTEtMTBqBRIDR0lHcgUSA0xJUxoaEgoyMDI2LTExLTIwagUSA0xJU3IFEgNHSUdCAQFIAZgBAQ%3D%3D&hl=pt-BR&tfu=EgQIABABIgA&curr=BRL 200
2026-10-03 11:23:48 [INFO]: response: https://www.google.com/travel/flights?tfs=GhoSCjIwMjYtMTEtMjBqBRIDR0lHcgUSA0xJUxoaEgoyMDI2LTExLTMwagUSA0xJU3IFEgNHSUdCAQFIAZgBAQ%3D%3D&hl=pt-BR&tfu=EgQIABABIgA&curr=BRL 200
2026-10-03 11:23:51 [INFO]: response: https://www.google.com/travel/flights?tfs=GhoSCjIwMjctMDItMTBqBRIDR0lHcgUSA0xJUxoaEgoyMDI3LTAyLTIwagUSA0xJU3IFEgNHSUdCAQFIAZgBAQ%3D%3D&hl=pt-BR&tfu=EgQIABABIgA&curr=BRL 200
2026-10-03 11:23:54 [INFO]: response: https://www.google.com/travel/flights?tfs=GhoSCjIwMjctMDItMTBqBRIDR0lHcgUSA0xJUxoaEgoyMDI3LTAyLTIwagUSA0xJU3IFEgNHSUdCAQFIAZgBAQ%3D%3D&hl=pt-BR&tfu=EgQIABABIgA&curr=BRL 200
2026-10-03 11:23:58 [INFO]: response: https://www.google.com/travel/flights?tfs=GhoSCjIwMjctMDItMjBqBRIDR0lHcgUSA0xJUxoaEgoyMDI3LTAzLTAyagUSA0xJU3IFEgNHSUdCAQFIAZgBAQ%3D%3D&hl=pt-BR&tfu=EgQIABABIgA&curr=BRL 200
2026-10-03 11:24:01 [INFO]: response: https://www.google.com/travel/flights?tfs=GhoSCjIwMjctMDMtMTBqBRIDR0lHcgUSA0xJUxoaEgoyMDI3LTAzLTIwagUSA0xJU3IFEgNHSUdCAQFIAZgBAQ%3D%3D&hl=pt-BR&tfu=EgQIABABIgA&curr=BRL 200
2026-10-03 11:24:05 [INFO]: response: https://www.google.com/travel/flights?tfs=GhoSCjIwMjctMDMtMjBqBRIDR0lHcgUSA0xJUxoaEgoyMDI3LTAzLTMwagUSA0xJU3IFEgNHSUdCAQFIAZgBAQ%3D%3D&hl=pt-BR&tfu=EgQIABABIgA&curr=BRL 200
2026-10-03 11:24:08 [INFO]: response: https://www.google.com/travel/flights?tfs=GhoSCjIwMjctMDQtMTBqBRIDR0lHcgUSA0xJUxoaEgoyMDI3LTA0LTIwagUSA0xJU3IFEgNHSUdCAQFIAZgBAQ%3D%3D&hl=pt-BR&tfu=EgQIABABIgA&curr=BRL 200
2026-10-03 11:24:11 [INFO]: response: https://www.google.com/travel/flights?tfs=GhoSCjIwMjctMDQtMjBqBRIDR0lHcgUSA0xJUxoaEgoyMDI3LTA0LTMwagUSA0xJU3IFEgNHSUdCAQFIAZgBAQ%3D%3D&hl=pt-BR&tfu=EgQIABABIgA&curr=BRL 200
2026-10-03 11:24:14 [INFO]: response: https://www.google.com/travel/flights?tfs=GhoSCjIwMjctMDUtMTBqBRIDR0lHcgUSA0xJUxoaEgoyMDI3LTA1LTIwagUSA0xJU3IFEgNHSUdCAQFIAZgBAQ%3D%3D&hl=pt-BR&tfu=EgQIABABIgA&curr=BRL 200
2026-10-03 11:24:17 [INFO]: response: https://www.google.com/travel/flights?tfs=GhoSCjIwMjctMDUtMjBqBRIDR0lHcgUSA0xJUxoaEgoyMDI3LTA1LTMwagUSA0xJU3IFEgNHSUdCAQFIAZgBAQ%3D%3D&hl=pt-BR&tfu=EgQIABABIgA&curr=BRL 200
2026-10-03 11:24:20 [INFO]: response: https://www.google.com/travel/flights?tfs=GhoSCjIwMjctMDYtMTBqBRIDR0lHcgUSA0xJUxoaEgoyMDI3LTA2LTIwagUSA0xJU3IFEgNHSUdCAQFIAZgBAQ%3D%3D&hl=pt-BR&tfu=EgQIABABIgA&curr=BRL 200
2026-10-03 11:24:24 [INFO]: response: https://www.google.com/travel/flights?tfs=GhoSCjIwMjctMDYtMjBqBRIDR0lHcgUSA0xJUxoaEgoyMDI3LTA2LTMwagUSA0xJU3IFEgNHSUdCAQFIAZgBAQ%3D%3D&hl=pt-BR&tfu=EgQIABABIgA&curr=BRL 200
2026-10-03 11:24:28 [INFO]: response: https://www.google.com/travel/flights?tfs=GhoSCjIwMjYtMTEtMTBqBRIDR1JVcgUSA09QTxoaEgoyMDI2LTExLTIwagUSA09QT3IFEgNHUlVCAQFIAZgBAQ%3D%3D&hl=pt-BR&tfu=EgQIABABIgA&curr=BRL 200
2026-10-03 11:24:31 [INFO]: response: https://www.google.com/travel/flights?tfs=GhoSCjIwMjYtMTEtMTBqBRIDR1JVcgUSA09QTxoaEgoyMDI2LTExLTIwagUSA09QT3IFEgNHUlVCAQFIAZgBAQ%3D%3D&hl=pt-BR&tfu=EgQIABABIgA&curr=BRL 200
2026-10-03 11:24:36 [INFO]: response: https://www.google.com/travel/flights?tfs=GhoSCjIwMjYtMTEtMjBqBRIDR1JVcgUSA09QTxoaEgoyMDI2LTExLTMwagUSA09QT3IFEgNHUlVCAQFIAZgBAQ%3D%3D&hl=pt-BR&tfu=EgQIABABIgA&curr=BRL 200
2026-10-03 11:24:38 [INFO]: response: https://www.google.com/travel/flights?tfs=GhoSCjIwMjYtMTEtMjBqBRIDR1JVcgUSA09QTxoaEgoyMDI2LTExLTMwagUSA09QT3IFEgNHUlVCAQFIAZgBAQ%3D%3D&hl=pt-BR&tfu=EgQIABABIgA&curr=BRL 200
2026-10-03 11:24:42 [INFO]: response: https://www.google.com/travel/flights?tfs=GhoSCjIwMjctMDItMTBqBRIDR1JVcgUSA09QTxoaEgoyMDI3LTAyLTIwagUSA09QT3IFEgNHUlVCAQFIAZgBAQ%3D%3D&hl=pt-BR&tfu=EgQIABABIgA&curr=BRL 200
2026-10-03 11:24:45 [INFO]: response: https://www.google.com/travel/flights?tfs=GhoSCjIwMjctMDItMjBqBRIDR1JVcgUSA09QTxoaEgoyMDI3LTAzLTAyagUSA09QT3IFEgNHUlVCAQFIAZgBAQ%3D%3D&hl=pt-BR&tfu=EgQIABABIgA&curr=BRL 200
2026-10-03 11:24:48 [INFO]: response: https://www.google.com/travel/flights?tfs=GhoSCjIwMjctMDMtMTBqBRIDR1JVcgUSA09QTxoaEgoyMDI3LTAzLTIwagUSA09QT3IFEgNHUlVCAQFIAZgBAQ%3D%3D&hl=pt-BR&tfu=EgQIABABIgA&curr=BRL 200
2026-10-03 11:24:51 [INFO]: response: https://www.google.com/travel/flights?tfs=GhoSCjIwMjctMDMtMjBqBRIDR1JVcgUSA09QTxoaEgoyMDI3LTAzLTMwagUSA09QT3IFEgNHUlVCAQFIAZgBAQ%3D%3D&hl=pt-BR&tfu=EgQIABABIgA&curr=BRL 200
2026-10-03 11:24:54 [INFO]: response: https://www.google.com/travel/flights?tfs=GhoSCjIwMjctMDQtMTBqBRIDR1JVcgUSA09QTxoaEgoyMDI3LTA0LTIwagUSA09QT3IFEgNHUlVCAQFIAZgBAQ%3D%3D&hl=pt-BR&tfu=EgQIABABIgA&curr=BRL 200
2026-10-03 11:24:57 [INFO]: response: https://www.google.com/travel/flights?tfs=GhoSCjIwMjctMDQtMjBqBRIDR1JVcgUSA09QTxoaEgoyMDI3LTA0LTMwagUSA09QT3IFEgNHUlVCAQFIAZgBAQ%3D%3D&hl=pt-BR&tfu=EgQIABABIgA&curr=BRL 200
2026-10-03 11:25:00 [INFO]: response: https://www.google.com/travel/flights?tfs=GhoSCjIwMjctMDUtMTBqBRIDR1JVcgUSA09QTxoaEgoyMDI3LTA1LTIwagUSA09QT3IFEgNHUlVCAQFIAZgBAQ%3D%3D&hl=pt-BR&tfu=EgQIABABIgA&curr=BRL 200
2026-10-03 11:25:03 [INFO]: response: https://www.google.com/travel/flights?tfs=GhoSCjIwMjctMDUtMjBqBRIDR1JVcgUSA09QTxoaEgoyMDI3LTA1LTMwagUSA09QT3IFEgNHUlVCAQFIAZgBAQ%3D%3D&hl=pt-BR&tfu=EgQIABABIgA&curr=BRL 200
2026-10-03 11:25:06 [INFO]: response: https://www.google.com/travel/flights?tfs=GhoSCjIwMjctMDYtMTBqBRIDR1JVcgUSA09QTxoaEgoyMDI3LTA2LTIwagUSA09QT3IFEgNHUlVCAQFIAZgBAQ%3D%3D&hl=pt-BR&tfu=EgQIABABIgA&curr=BRL 200
2026-10-03 11:25:09 [INFO]: response: https://www.google.com/travel/flights?tfs=GhoSCjIwMjctMDYtMjBqBRIDR1JVcgUSA09QTxoaEgoyMDI3LTA2LTMwagUSA09QT3IFEgNHUlVCAQFIAZgBAQ%3D%3D&hl=pt-BR&tfu=EgQIABABIgA&curr=BRL 200
2026-10-03 11:25:12 [INFO]: response: https://www.google.com/travel/flights?tfs=GhoSCjIwMjctMDYtMjBqBRIDR1JVcgUSA09QTxoaEgoyMDI3LTA2LTMwagUSA09QT3IFEgNHUlVCAQFIAZgBAQ%3D%3D&hl=pt-BR&tfu=EgQIABABIgA&curr=BRL 200
2026-10-03 11:25:15 [INFO]: response: https://www.google.com/travel/flights?tfs=GhoSCjIwMjYtMTEtMTBqBRIDQ05GcgUSA09QTxoaEgoyMDI2LTExLTIwagUSA09QT3IFEgNDTkZCAQFIAZgBAQ%3D%3D&hl=pt-BR&tfu=EgQIABABIgA&curr=BRL 200
2026-10-03 11:25:18 [INFO]: response: https://www.google.com/travel/flights?tfs=GhoSCjIwMjYtMTEtMjBqBRIDQ05GcgUSA09QTxoaEgoyMDI2LTExLTMwagUSA09QT3IFEgNDTkZCAQFIAZgBAQ%3D%3D&hl=pt-BR&tfu=EgQIABABIgA&curr=BRL 200
2026-10-03 11:25:21 [INFO]: response: https://www.google.com/travel/flights?tfs=GhoSCjIwMjctMDItMTBqBRIDQ05GcgUSA09QTxoaEgoyMDI3LTAyLTIwagUSA09QT3IFEgNDTkZCAQFIAZgBAQ%3D%3D&hl=pt-BR&tfu=EgQIABABIgA&curr=BRL 200
2026-10-03 11:25:25 [INFO]: response: https://www.google.com/travel/flights?tfs=GhoSCjIwMjctMDItMjBqBRIDQ05GcgUSA09QTxoaEgoyMDI3LTAzLTAyagUSA09QT3IFEgNDTkZCAQFIAZgBAQ%3D%3D&hl=pt-BR&tfu=EgQIABABIgA&curr=BRL 200
2026-10-03 11:25:28 [INFO]: response: https://www.google.com/travel/flights?tfs=GhoSCjIwMjctMDMtMTBqBRIDQ05GcgUSA09QTxoaEgoyMDI3LTAzLTIwagUSA09QT3IFEgNDTkZCAQFIAZgBAQ%3D%3D&hl=pt-BR&tfu=EgQIABABIgA&curr=BRL 200
2026-10-03 11:25:31 [INFO]: response: https://www.google.com/travel/flights?tfs=GhoSCjIwMjctMDMtMjBqBRIDQ05GcgUSA09QTxoaEgoyMDI3LTAzLTMwagUSA09QT3IFEgNDTkZCAQFIAZgBAQ%3D%3D&hl=pt-BR&tfu=EgQIABABIgA&curr=BRL 200
2026-10-03 11:25:33 [INFO]: response: https://www.google.com/travel/flights?tfs=GhoSCjIwMjctMDQtMTBqBRIDQ05GcgUSA09QTxoaEgoyMDI3LTA0LTIwagUSA09QT3IFEgNDTkZCAQFIAZgBAQ%3D%3D&hl=pt-BR&tfu=EgQIABABIgA&curr=BRL 200
2026-10-03 11:25:36 [INFO]: response: https://www.google.com/travel/flights?tfs=GhoSCjIwMjctMDQtMjBqBRIDQ05GcgUSA09QTxoaEgoyMDI3LTA0LTMwagUSA09QT3IFEgNDTkZCAQFIAZgBAQ%3D%3D&hl=pt-BR&tfu=EgQIABABIgA&curr=BRL 200
2026-10-03 11:25:39 [INFO]: response: https://www.google.com/travel/flights?tfs=GhoSCjIwMjctMDUtMTBqBRIDQ05GcgUSA09QTxoaEgoyMDI3LTA1LTIwagUSA09QT3IFEgNDTkZCAQFIAZgBAQ%3D%3D&hl=pt-BR&tfu=EgQIABABIgA&curr=BRL 200
2026-10-03 11:25:42 [INFO]: response: https://www.google.com/travel/flights?tfs=GhoSCjIwMjctMDUtMjBqBRIDQ05GcgUSA09QTxoaEgoyMDI3LTA1LTMwagUSA09QT3IFEgNDTkZCAQFIAZgBAQ%3D%3D&hl=pt-BR&tfu=EgQIABABIgA&curr=BRL 200
2026-10-03 11:25:45 [INFO]: response: https://www.google.com/travel/flights?tfs=GhoSCjIwMjctMDYtMTBqBRIDQ05GcgUSA09QTxoaEgoyMDI3LTA2LTIwagUSA09QT3IFEgNDTkZCAQFIAZgBAQ%3D%3D&hl=pt-BR&tfu=EgQIABABIgA&curr=BRL 200
2026-10-03 11:25:48 [INFO]: response: https://www.google.com/travel/flights?tfs=GhoSCjIwMjctMDYtMjBqBRIDQ05GcgUSA09QTxoaEgoyMDI3LTA2LTMwagUSA09QT3IFEgNDTkZCAQFIAZgBAQ%3D%3D&hl=pt-BR&tfu=EgQIABABIgA&curr=BRL 200
2026-10-03 11:25:51 [INFO]: response: https://www.google.com/travel/flights?tfs=GhoSCjIwMjYtMTEtMTBqBRIDR0lHcgUSA09QTxoaEgoyMDI2LTExLTIwagUSA09QT3IFEgNHSUdCAQFIAZgBAQ%3D%3D&hl=pt-BR&tfu=EgQIABABIgA&curr=BRL 200
2026-10-03 11:25:54 [INFO]: response: https://www.google.com/travel/flights?tfs=GhoSCjIwMjYtMTEtMTBqBRIDR0lHcgUSA09QTxoaEgoyMDI2LTExLTIwagUSA09QT3IFEgNHSUdCAQFIAZgBAQ%3D%3D&hl=pt-BR&tfu=EgQIABABIgA&curr=BRL 200
2026-10-03 11:25:58 [INFO]: response: https://www.google.com/travel/flights?tfs=GhoSCjIwMjYtMTEtMjBqBRIDR0lHcgUSA09QTxoaEgoyMDI2LTExLTMwagUSA09QT3IFEgNHSUdCAQFIAZgBAQ%3D%3D&hl=pt-BR&tfu=EgQIABABIgA&curr=BRL 200
2026-10-03 11:26:01 [INFO]: response: https://www.google.com/travel/flights?tfs=GhoSCjIwMjYtMTEtMjBqBRIDR0lHcgUSA09QTxoaEgoyMDI2LTExLTMwagUSA09QT3IFEgNHSUdCAQFIAZgBAQ%3D%3D&hl=pt-BR&tfu=EgQIABABIgA&curr=BRL 200
2026-10-03 11:26:04 [INFO]: response: https://www.google.com/travel/flights?tfs=GhoSCjIwMjctMDItMTBqBRIDR0lHcgUSA09QTxoaEgoyMDI3LTAyLTIwagUSA09QT3IFEgNHSUdCAQFIAZgBAQ%3D%3D&hl=pt-BR&tfu=EgQIABABIgA&curr=BRL 200
2026-10-03 11:26:07 [INFO]: response: https://www.google.com/travel/flights?tfs=GhoSCjIwMjctMDItMjBqBRIDR0lHcgUSA09QTxoaEgoyMDI3LTAzLTAyagUSA09QT3IFEgNHSUdCAQFIAZgBAQ%3D%3D&hl=pt-BR&tfu=EgQIABABIgA&curr=BRL 200
2026-10-03 11:26:10 [INFO]: response: https://www.google.com/travel/flights?tfs=GhoSCjIwMjctMDMtMTBqBRIDR0lHcgUSA09QTxoaEgoyMDI3LTAzLTIwagUSA09QT3IFEgNHSUdCAQFIAZgBAQ%3D%3D&hl=pt-BR&tfu=EgQIABABIgA&curr=BRL 200
2026-10-03 11:26:13 [INFO]: response: https://www.google.com/travel/flights?tfs=GhoSCjIwMjctMDMtMjBqBRIDR0lHcgUSA09QTxoaEgoyMDI3LTAzLTMwagUSA09QT3IFEgNHSUdCAQFIAZgBAQ%3D%3D&hl=pt-BR&tfu=EgQIABABIgA&curr=BRL 200
2026-10-03 11:26:16 [INFO]: response: https://www.google.com/travel/flights?tfs=GhoSCjIwMjctMDMtMjBqBRIDR0lHcgUSA09QTxoaEgoyMDI3LTAzLTMwagUSA09QT3IFEgNHSUdCAQFIAZgBAQ%3D%3D&hl=pt-BR&tfu=EgQIABABIgA&curr=BRL 200
2026-10-03 11:26:19 [INFO]: response: https://www.google.com/travel/flights?tfs=GhoSCjIwMjctMDQtMTBqBRIDR0lHcgUSA09QTxoaEgoyMDI3LTA0LTIwagUSA09QT3IFEgNHSUdCAQFIAZgBAQ%3D%3D&hl=pt-BR&tfu=EgQIABABIgA&curr=BRL 200
2026-10-03 11:26:22 [INFO]: response: https://www.google.com/travel/flights?tfs=GhoSCjIwMjctMDQtMjBqBRIDR0lHcgUSA09QTxoaEgoyMDI3LTA0LTMwagUSA09QT3IFEgNHSUdCAQFIAZgBAQ%3D%3D&hl=pt-BR&tfu=EgQIABABIgA&curr=BRL 200
2026-10-03 11:26:25 [INFO]: response: https://www.google.com/travel/flights?tfs=GhoSCjIwMjctMDUtMTBqBRIDR0lHcgUSA09QTxoaEgoyMDI3LTA1LTIwagUSA09QT3IFEgNHSUdCAQFIAZgBAQ%3D%3D&hl=pt-BR&tfu=EgQIABABIgA&curr=BRL 200
2026-10-03 11:26:29 [INFO]: response: https://www.google.com/travel/flights?tfs=GhoSCjIwMjctMDUtMjBqBRIDR0lHcgUSA09QTxoaEgoyMDI3LTA1LTMwagUSA09QT3IFEgNHSUdCAQFIAZgBAQ%3D%3D&hl=pt-BR&tfu=EgQIABABIgA&curr=BRL 200
2026-10-03 11:26:32 [INFO]: response: https://www.google.com/travel/flights?tfs=GhoSCjIwMjctMDYtMTBqBRIDR0lHcgUSA09QTxoaEgoyMDI3LTA2LTIwagUSA09QT3IFEgNHSUdCAQFIAZgBAQ%3D%3D&hl=pt-BR&tfu=EgQIABABIgA&curr=BRL 200
2026-10-03 11:26:35 [INFO]: response: https://www.google.com/travel/flights?tfs=GhoSCjIwMjctMDYtMjBqBRIDR0lHcgUSA09QTxoaEgoyMDI3LTA2LTMwagUSA09QT3IFEgNHSUdCAQFIAZgBAQ%3D%3D&hl=pt-BR&tfu=EgQIABABIgA&curr=BRL 200
2026-10-03 11:26:39 [INFO]: response: https://www.google.com/travel/flights?tfs=GhoSCjIwMjYtMTEtMTBqBRIDR1JVcgUSA0xIUhoaEgoyMDI2LTExLTIwagUSA0xIUnIFEgNHUlVCAQFIAZgBAQ%3D%3D&hl=pt-BR&tfu=EgQIABABIgA&curr=BRL 200
2026-10-03 11:26:42 [INFO]: response: https://www.google.com/travel/flights?tfs=GhoSCjIwMjYtMTEtMTBqBRIDR1JVcgUSA0xIUhoaEgoyMDI2LTExLTIwagUSA0xIUnIFEgNHUlVCAQFIAZgBAQ%3D%3D&hl=pt-BR&tfu=EgQIABABIgA&curr=BRL 200
2026-10-03 11:26:45 [INFO]: response: https://www.google.com/travel/flights?tfs=GhoSCjIwMjYtMTEtMjBqBRIDR1JVcgUSA0xIUhoaEgoyMDI2LTExLTMwagUSA0xIUnIFEgNHUlVCAQFIAZgBAQ%3D%3D&hl=pt-BR&tfu=EgQIABABIgA&curr=BRL 200
2026-10-03 11:26:49 [INFO]: response: https://www.google.com/travel/flights?tfs=GhoSCjIwMjYtMTEtMjBqBRIDR1JVcgUSA0xIUhoaEgoyMDI2LTExLTMwagUSA0xIUnIFEgNHUlVCAQFIAZgBAQ%3D%3D&hl=pt-BR&tfu=EgQIABABIgA&curr=BRL 200
2026-10-03 11:26:52 [INFO]: response: https://www.google.com/travel/flights?tfs=GhoSCjIwMjctMDItMTBqBRIDR1JVcgUSA0xIUhoaEgoyMDI3LTAyLTIwagUSA0xIUnIFEgNHUlVCAQFIAZgBAQ%3D%3D&hl=pt-BR&tfu=EgQIABABIgA&curr=BRL 200
2026-10-03 11:26:55 [INFO]: response: https://www.google.com/travel/flights?tfs=GhoSCjIwMjctMDItMjBqBRIDR1JVcgUSA0xIUhoaEgoyMDI3LTAzLTAyagUSA0xIUnIFEgNHUlVCAQFIAZgBAQ%3D%3D&hl=pt-BR&tfu=EgQIABABIgA&curr=BRL 200
2026-10-03 11:26:58 [INFO]: response: https://www.google.com/travel/flights?tfs=GhoSCjIwMjctMDMtMTBqBRIDR1JVcgUSA0xIUhoaEgoyMDI3LTAzLTIwagUSA0xIUnIFEgNHUlVCAQFIAZgBAQ%3D%3D&hl=pt-BR&tfu=EgQIABABIgA&curr=BRL 200
2026-10-03 11:27:01 [INFO]: response: https://www.google.com/travel/flights?tfs=GhoSCjIwMjctMDMtMTBqBRIDR1JVcgUSA0xIUhoaEgoyMDI3LTAzLTIwagUSA0xIUnIFEgNHUlVCAQFIAZgBAQ%3D%3D&hl=pt-BR&tfu=EgQIABABIgA&curr=BRL 200
2026-10-03 11:27:05 [INFO]: response: https://www.google.com/travel/flights?tfs=GhoSCjIwMjctMDMtMjBqBRIDR1JVcgUSA0xIUhoaEgoyMDI3LTAzLTMwagUSA0xIUnIFEgNHUlVCAQFIAZgBAQ%3D%3D&hl=pt-BR&tfu=EgQIABABIgA&curr=BRL 200
2026-10-03 11:27:08 [INFO]: response: https://www.google.com/travel/flights?tfs=GhoSCjIwMjctMDQtMTBqBRIDR1JVcgUSA0xIUhoaEgoyMDI3LTA0LTIwagUSA0xIUnIFEgNHUlVCAQFIAZgBAQ%3D%3D&hl=pt-BR&tfu=EgQIABABIgA&curr=BRL 200
2026-10-03 11:27:11 [INFO]: response: https://www.google.com/travel/flights?tfs=GhoSCjIwMjctMDQtMjBqBRIDR1JVcgUSA0xIUhoaEgoyMDI3LTA0LTMwagUSA0xIUnIFEgNHUlVCAQFIAZgBAQ%3D%3D&hl=pt-BR&tfu=EgQIABABIgA&curr=BRL 200
2026-10-03 11:27:14 [INFO]: response: https://www.google.com/travel/flights?tfs=GhoSCjIwMjctMDUtMTBqBRIDR1JVcgUSA0xIUhoaEgoyMDI3LTA1LTIwagUSA0xIUnIFEgNHUlVCAQFIAZgBAQ%3D%3D&hl=pt-BR&tfu=EgQIABABIgA&curr=BRL 200
2026-10-03 11:27:17 [INFO]: response: https://www.google.com/travel/flights?tfs=GhoSCjIwMjctMDUtMjBqBRIDR1JVcgUSA0xIUhoaEgoyMDI3LTA1LTMwagUSA0xIUnIFEgNHUlVCAQFIAZgBAQ%3D%3D&hl=pt-BR&tfu=EgQIABABIgA&curr=BRL 200
2026-10-03 11:27:20 [INFO]: response: https://www.google.com/travel/flights?tfs=GhoSCjIwMjctMDYtMTBqBRIDR1JVcgUSA0xIUhoaEgoyMDI3LTA2LTIwagUSA0xIUnIFEgNHUlVCAQFIAZgBAQ%3D%3D&hl=pt-BR&tfu=EgQIABABIgA&curr=BRL 200
2026-10-03 11:27:23 [INFO]: response: https://www.google.com/travel/flights?tfs=GhoSCjIwMjctMDYtMjBqBRIDR1JVcgUSA0xIUhoaEgoyMDI3LTA2LTMwagUSA0xIUnIFEgNHUlVCAQFIAZgBAQ%3D%3D&hl=pt-BR&tfu=EgQIABABIgA&curr=BRL 200
2026-10-03 11:27:26 [INFO]: response: https://www.google.com/travel/flights?tfs=GhoSCjIwMjYtMTEtMTBqBRIDQ05GcgUSA0xIUhoaEgoyMDI2LTExLTIwagUSA0xIUnIFEgNDTkZCAQFIAZgBAQ%3D%3D&hl=pt-BR&tfu=EgQIABABIgA&curr=BRL 200
2026-10-03 11:27:29 [INFO]: response: https://www.google.com/travel/flights?tfs=GhoSCjIwMjYtMTEtMTBqBRIDQ05GcgUSA0xIUhoaEgoyMDI2LTExLTIwagUSA0xIUnIFEgNDTkZCAQFIAZgBAQ%3D%3D&hl=pt-BR&tfu=EgQIABABIgA&curr=BRL 200
2026-10-03 11:27:32 [INFO]: response: https://www.google.com/travel/flights?tfs=GhoSCjIwMjYtMTEtMjBqBRIDQ05GcgUSA0xIUhoaEgoyMDI2LTExLTMwagUSA0xIUnIFEgNDTkZCAQFIAZgBAQ%3D%3D&hl=pt-BR&tfu=EgQIABABIgA&curr=BRL 200
2026-10-03 11:27:35 [INFO]: response: https://www.google.com/travel/flights?tfs=GhoSCjIwMjctMDItMTBqBRIDQ05GcgUSA0xIUhoaEgoyMDI3LTAyLTIwagUSA0xIUnIFEgNDTkZCAQFIAZgBAQ%3D%3D&hl=pt-BR&tfu=EgQIABABIgA&curr=BRL 200
2026-10-03 11:27:38 [INFO]: response: https://www.google.com/travel/flights?tfs=GhoSCjIwMjctMDItMjBqBRIDQ05GcgUSA0xIUhoaEgoyMDI3LTAzLTAyagUSA0xIUnIFEgNDTkZCAQFIAZgBAQ%3D%3D&hl=pt-BR&tfu=EgQIABABIgA&curr=BRL 200
2026-10-03 11:27:40 [INFO]: response: https://www.google.com/travel/flights?tfs=GhoSCjIwMjctMDMtMTBqBRIDQ05GcgUSA0xIUhoaEgoyMDI3LTAzLTIwagUSA0xIUnIFEgNDTkZCAQFIAZgBAQ%3D%3D&hl=pt-BR&tfu=EgQIABABIgA&curr=BRL 200
2026-10-03 11:27:44 [INFO]: response: https://www.google.com/travel/flights?tfs=GhoSCjIwMjctMDMtMjBqBRIDQ05GcgUSA0xIUhoaEgoyMDI3LTAzLTMwagUSA0xIUnIFEgNDTkZCAQFIAZgBAQ%3D%3D&hl=pt-BR&tfu=EgQIABABIgA&curr=BRL 200
2026-10-03 11:27:47 [INFO]: response: https://www.google.com/travel/flights?tfs=GhoSCjIwMjctMDQtMTBqBRIDQ05GcgUSA0xIUhoaEgoyMDI3LTA0LTIwagUSA0xIUnIFEgNDTkZCAQFIAZgBAQ%3D%3D&hl=pt-BR&tfu=EgQIABABIgA&curr=BRL 200
2026-10-03 11:27:50 [INFO]: response: https://www.google.com/travel/flights?tfs=GhoSCjIwMjctMDQtMjBqBRIDQ05GcgUSA0xIUhoaEgoyMDI3LTA0LTMwagUSA0xIUnIFEgNDTkZCAQFIAZgBAQ%3D%3D&hl=pt-BR&tfu=EgQIABABIgA&curr=BRL 200
2026-10-03 11:27:53 [INFO]: response: https://www.google.com/travel/flights?tfs=GhoSCjIwMjctMDUtMTBqBRIDQ05GcgUSA0xIUhoaEgoyMDI3LTA1LTIwagUSA0xIUnIFEgNDTkZCAQFIAZgBAQ%3D%3D&hl=pt-BR&tfu=EgQIABABIgA&curr=BRL 200
2026-10-03 11:27:56 [INFO]: response: https://www.google.com/travel/flights?tfs=GhoSCjIwMjctMDUtMTBqBRIDQ05GcgUSA0xIUhoaEgoyMDI3LTA1LTIwagUSA0xIUnIFEgNDTkZCAQFIAZgBAQ%3D%3D&hl=pt-BR&tfu=EgQIABABIgA&curr=BRL 200
2026-10-03 11:27:58 [INFO]: response: https://www.google.com/travel/flights?tfs=GhoSCjIwMjctMDUtMjBqBRIDQ05GcgUSA0xIUhoaEgoyMDI3LTA1LTMwagUSA0xIUnIFEgNDTkZCAQFIAZgBAQ%3D%3D&hl=pt-BR&tfu=EgQIABABIgA&curr=BRL 200
2026-10-03 11:28:01 [INFO]: response: https://www.google.com/travel/flights?tfs=GhoSCjIwMjctMDYtMTBqBRIDQ05GcgUSA0xIUhoaEgoyMDI3LTA2LTIwagUSA0xIUnIFEgNDTkZCAQFIAZgBAQ%3D%3D&hl=pt-BR&tfu=EgQIABABIgA&curr=BRL 200
2026-10-03 11:28:04 [INFO]: response: https://www.google.com/travel/flights?tfs=GhoSCjIwMjctMDYtMTBqBRIDQ05GcgUSA0xIUhoaEgoyMDI3LTA2LTIwagUSA0xIUnIFEgNDTkZCAQFIAZgBAQ%3D%3D&hl=pt-BR&tfu=EgQIABABIgA&curr=BRL 200
2026-10-03 11:28:07 [INFO]: response: https://www.google.com/travel/flights?tfs=GhoSCjIwMjctMDYtMjBqBRIDQ05GcgUSA0xIUhoaEgoyMDI3LTA2LTMwagUSA0xIUnIFEgNDTkZCAQFIAZgBAQ%3D%3D&hl=pt-BR&tfu=EgQIABABIgA&curr=BRL 200
2026-10-03 11:28:10 [INFO]: response: https://www.google.com/travel/flights?tfs=GhoSCjIwMjctMDYtMjBqBRIDQ05GcgUSA0xIUhoaEgoyMDI3LTA2LTMwagUSA0xIUnIFEgNDTkZCAQFIAZgBAQ%3D%3D&hl=pt-BR&tfu=EgQIABABIgA&curr=BRL 200
2026-10-03 11:28:13 [INFO]: response: https://www.google.com/travel/flights?tfs=GhoSCjIwMjYtMTEtMTBqBRIDR0lHcgUSA0xIUhoaEgoyMDI2LTExLTIwagUSA0xIUnIFEgNHSUdCAQFIAZgBAQ%3D%3D&hl=pt-BR&tfu=EgQIABABIgA&curr=BRL 200
2026-10-03 11:28:16 [INFO]: response: https://www.google.com/travel/flights?tfs=GhoSCjIwMjYtMTEtMjBqBRIDR0lHcgUSA0xIUhoaEgoyMDI2LTExLTMwagUSA0xIUnIFEgNHSUdCAQFIAZgBAQ%3D%3D&hl=pt-BR&tfu=EgQIABABIgA&curr=BRL 200
2026-10-03 11:28:20 [INFO]: response: https://www.google.com/travel/flights?tfs=GhoSCjIwMjYtMTEtMjBqBRIDR0lHcgUSA0xIUhoaEgoyMDI2LTExLTMwagUSA0xIUnIFEgNHSUdCAQFIAZgBAQ%3D%3D&hl=pt-BR&tfu=EgQIABABIgA&curr=BRL 200
2026-10-03 11:28:22 [INFO]: response: https://www.google.com/travel/flights?tfs=GhoSCjIwMjctMDItMTBqBRIDR0lHcgUSA0xIUhoaEgoyMDI3LTAyLTIwagUSA0xIUnIFEgNHSUdCAQFIAZgBAQ%3D%3D&hl=pt-BR&tfu=EgQIABABIgA&curr=BRL 200
2026-10-03 11:28:25 [INFO]: response: https://www.google.com/travel/flights?tfs=GhoSCjIwMjctMDItMjBqBRIDR0lHcgUSA0xIUhoaEgoyMDI3LTAzLTAyagUSA0xIUnIFEgNHSUdCAQFIAZgBAQ%3D%3D&hl=pt-BR&tfu=EgQIABABIgA&curr=BRL 200
2026-10-03 11:28:28 [INFO]: response: https://www.google.com/travel/flights?tfs=GhoSCjIwMjctMDMtMTBqBRIDR0lHcgUSA0xIUhoaEgoyMDI3LTAzLTIwagUSA0xIUnIFEgNHSUdCAQFIAZgBAQ%3D%3D&hl=pt-BR&tfu=EgQIABABIgA&curr=BRL 200
2026-10-03 11:28:31 [INFO]: response: https://www.google.com/travel/flights?tfs=GhoSCjIwMjctMDMtMTBqBRIDR0lHcgUSA0xIUhoaEgoyMDI3LTAzLTIwagUSA0xIUnIFEgNHSUdCAQFIAZgBAQ%3D%3D&hl=pt-BR&tfu=EgQIABABIgA&curr=BRL 200
2026-10-03 11:28:34 [INFO]: response: https://www.google.com/travel/flights?tfs=GhoSCjIwMjctMDMtMjBqBRIDR0lHcgUSA0xIUhoaEgoyMDI3LTAzLTMwagUSA0xIUnIFEgNHSUdCAQFIAZgBAQ%3D%3D&hl=pt-BR&tfu=EgQIABABIgA&curr=BRL 200
2026-10-03 11:28:37 [INFO]: response: https://www.google.com/travel/flights?tfs=GhoSCjIwMjctMDQtMTBqBRIDR0lHcgUSA0xIUhoaEgoyMDI3LTA0LTIwagUSA0xIUnIFEgNHSUdCAQFIAZgBAQ%3D%3D&hl=pt-BR&tfu=EgQIABABIgA&curr=BRL 200
2026-10-03 11:28:40 [INFO]: response: https://www.google.com/travel/flights?tfs=GhoSCjIwMjctMDQtMjBqBRIDR0lHcgUSA0xIUhoaEgoyMDI3LTA0LTMwagUSA0xIUnIFEgNHSUdCAQFIAZgBAQ%3D%3D&hl=pt-BR&tfu=EgQIABABIgA&curr=BRL 200
2026-10-03 11:28:43 [INFO]: response: https://www.google.com/travel/flights?tfs=GhoSCjIwMjctMDUtMTBqBRIDR0lHcgUSA0xIUhoaEgoyMDI3LTA1LTIwagUSA0xIUnIFEgNHSUdCAQFIAZgBAQ%3D%3D&hl=pt-BR&tfu=EgQIABABIgA&curr=BRL 200
2026-10-03 11:28:46 [INFO]: response: https://www.google.com/travel/flights?tfs=GhoSCjIwMjctMDUtMjBqBRIDR0lHcgUSA0xIUhoaEgoyMDI3LTA1LTMwagUSA0xIUnIFEgNHSUdCAQFIAZgBAQ%3D%3D&hl=pt-BR&tfu=EgQIABABIgA&curr=BRL 200
2026-10-03 11:28:49 [INFO]: response: https://www.google.com/travel/flights?tfs=GhoSCjIwMjctMDYtMTBqBRIDR0lHcgUSA0xIUhoaEgoyMDI3LTA2LTIwagUSA0xIUnIFEgNHSUdCAQFIAZgBAQ%3D%3D&hl=pt-BR&tfu=EgQIABABIgA&curr=BRL 200
2026-10-03 11:28:52 [INFO]: response: https://www.google.com/travel/flights?tfs=GhoSCjIwMjctMDYtMjBqBRIDR0lHcgUSA0xIUhoaEgoyMDI3LTA2LTMwagUSA0xIUnIFEgNHSUdCAQFIAZgBAQ%3D%3D&hl=pt-BR&tfu=EgQIABABIgA&curr=BRL 200
2026-10-03 11:28:55 [INFO]: response: https://www.google.com/travel/flights?tfs=GhoSCjIwMjctMDYtMjBqBRIDR0lHcgUSA0xIUhoaEgoyMDI3LTA2LTMwagUSA0xIUnIFEgNHSUdCAQFIAZgBAQ%3D%3D&hl=pt-BR&tfu=EgQIABABIgA&curr=BRL 200
2026-10-03 11:28:59 [INFO]: response: https://www.google.com/travel/flights?tfs=GhoSCjIwMjYtMTEtMTBqBRIDR1JVcgUSA0lTVBoaEgoyMDI2LTExLTIwagUSA0lTVHIFEgNHUlVCAQFIAZgBAQ%3D%3D&hl=pt-BR&tfu=EgQIABABIgA&curr=BRL 200
2026-10-03 11:29:02 [INFO]: response: https://www.google.com/travel/flights?tfs=GhoSCjIwMjYtMTEtMjBqBRIDR1JVcgUSA0lTVBoaEgoyMDI2LTExLTMwagUSA0lTVHIFEgNHUlVCAQFIAZgBAQ%3D%3D&hl=pt-BR&tfu=EgQIABABIgA&curr=BRL 200
2026-10-03 11:29:05 [INFO]: response: https://www.google.com/travel/flights?tfs=GhoSCjIwMjctMDItMTBqBRIDR1JVcgUSA0lTVBoaEgoyMDI3LTAyLTIwagUSA0lTVHIFEgNHUlVCAQFIAZgBAQ%3D%3D&hl=pt-BR&tfu=EgQIABABIgA&curr=BRL 200
2026-10-03 11:29:08 [INFO]: response: https://www.google.com/travel/flights?tfs=GhoSCjIwMjctMDItMjBqBRIDR1JVcgUSA0lTVBoaEgoyMDI3LTAzLTAyagUSA0lTVHIFEgNHUlVCAQFIAZgBAQ%3D%3D&hl=pt-BR&tfu=EgQIABABIgA&curr=BRL 200
2026-10-03 11:29:10 [INFO]: response: https://www.google.com/travel/flights?tfs=GhoSCjIwMjctMDMtMTBqBRIDR1JVcgUSA0lTVBoaEgoyMDI3LTAzLTIwagUSA0lTVHIFEgNHUlVCAQFIAZgBAQ%3D%3D&hl=pt-BR&tfu=EgQIABABIgA&curr=BRL 200
2026-10-03 11:29:13 [INFO]: response: https://www.google.com/travel/flights?tfs=GhoSCjIwMjctMDMtMjBqBRIDR1JVcgUSA0lTVBoaEgoyMDI3LTAzLTMwagUSA0lTVHIFEgNHUlVCAQFIAZgBAQ%3D%3D&hl=pt-BR&tfu=EgQIABABIgA&curr=BRL 200
2026-10-03 11:29:16 [INFO]: response: https://www.google.com/travel/flights?tfs=GhoSCjIwMjctMDQtMTBqBRIDR1JVcgUSA0lTVBoaEgoyMDI3LTA0LTIwagUSA0lTVHIFEgNHUlVCAQFIAZgBAQ%3D%3D&hl=pt-BR&tfu=EgQIABABIgA&curr=BRL 200
2026-10-03 11:29:19 [INFO]: response: https://www.google.com/travel/flights?tfs=GhoSCjIwMjctMDQtMjBqBRIDR1JVcgUSA0lTVBoaEgoyMDI3LTA0LTMwagUSA0lTVHIFEgNHUlVCAQFIAZgBAQ%3D%3D&hl=pt-BR&tfu=EgQIABABIgA&curr=BRL 200
2026-10-03 11:29:21 [INFO]: response: https://www.google.com/travel/flights?tfs=GhoSCjIwMjctMDUtMTBqBRIDR1JVcgUSA0lTVBoaEgoyMDI3LTA1LTIwagUSA0lTVHIFEgNHUlVCAQFIAZgBAQ%3D%3D&hl=pt-BR&tfu=EgQIABABIgA&curr=BRL 200
2026-10-03 11:29:24 [INFO]: response: https://www.google.com/travel/flights?tfs=GhoSCjIwMjctMDUtMjBqBRIDR1JVcgUSA0lTVBoaEgoyMDI3LTA1LTMwagUSA0lTVHIFEgNHUlVCAQFIAZgBAQ%3D%3D&hl=pt-BR&tfu=EgQIABABIgA&curr=BRL 200
2026-10-03 11:29:27 [INFO]: response: https://www.google.com/travel/flights?tfs=GhoSCjIwMjctMDYtMTBqBRIDR1JVcgUSA0lTVBoaEgoyMDI3LTA2LTIwagUSA0lTVHIFEgNHUlVCAQFIAZgBAQ%3D%3D&hl=pt-BR&tfu=EgQIABABIgA&curr=BRL 200
2026-10-03 11:29:30 [INFO]: response: https://www.google.com/travel/flights?tfs=GhoSCjIwMjctMDYtMjBqBRIDR1JVcgUSA0lTVBoaEgoyMDI3LTA2LTMwagUSA0lTVHIFEgNHUlVCAQFIAZgBAQ%3D%3D&hl=pt-BR&tfu=EgQIABABIgA&curr=BRL 200
2026-10-03 11:29:33 [INFO]: response: https://www.google.com/travel/flights?tfs=GhoSCjIwMjYtMTEtMTBqBRIDQ05GcgUSA0lTVBoaEgoyMDI2LTExLTIwagUSA0lTVHIFEgNDTkZCAQFIAZgBAQ%3D%3D&hl=pt-BR&tfu=EgQIABABIgA&curr=BRL 200
2026-10-03 11:29:36 [INFO]: response: https://www.google.com/travel/flights?tfs=GhoSCjIwMjYtMTEtMTBqBRIDQ05GcgUSA0lTVBoaEgoyMDI2LTExLTIwagUSA0lTVHIFEgNDTkZCAQFIAZgBAQ%3D%3D&hl=pt-BR&tfu=EgQIABABIgA&curr=BRL 200
2026-10-03 11:29:39 [INFO]: response: https://www.google.com/travel/flights?tfs=GhoSCjIwMjYtMTEtMjBqBRIDQ05GcgUSA0lTVBoaEgoyMDI2LTExLTMwagUSA0lTVHIFEgNDTkZCAQFIAZgBAQ%3D%3D&hl=pt-BR&tfu=EgQIABABIgA&curr=BRL 200
2026-10-03 11:29:42 [INFO]: response: https://www.google.com/travel/flights?tfs=GhoSCjIwMjctMDItMTBqBRIDQ05GcgUSA0lTVBoaEgoyMDI3LTAyLTIwagUSA0lTVHIFEgNDTkZCAQFIAZgBAQ%3D%3D&hl=pt-BR&tfu=EgQIABABIgA&curr=BRL 200
2026-10-03 11:29:45 [INFO]: response: https://www.google.com/travel/flights?tfs=GhoSCjIwMjctMDItMjBqBRIDQ05GcgUSA0lTVBoaEgoyMDI3LTAzLTAyagUSA0lTVHIFEgNDTkZCAQFIAZgBAQ%3D%3D&hl=pt-BR&tfu=EgQIABABIgA&curr=BRL 200
2026-10-03 11:29:47 [INFO]: response: https://www.google.com/travel/flights?tfs=GhoSCjIwMjctMDMtMTBqBRIDQ05GcgUSA0lTVBoaEgoyMDI3LTAzLTIwagUSA0lTVHIFEgNDTkZCAQFIAZgBAQ%3D%3D&hl=pt-BR&tfu=EgQIABABIgA&curr=BRL 200
2026-10-03 11:29:50 [INFO]: response: https://www.google.com/travel/flights?tfs=GhoSCjIwMjctMDMtMjBqBRIDQ05GcgUSA0lTVBoaEgoyMDI3LTAzLTMwagUSA0lTVHIFEgNDTkZCAQFIAZgBAQ%3D%3D&hl=pt-BR&tfu=EgQIABABIgA&curr=BRL 200
2026-10-03 11:29:53 [INFO]: response: https://www.google.com/travel/flights?tfs=GhoSCjIwMjctMDQtMTBqBRIDQ05GcgUSA0lTVBoaEgoyMDI3LTA0LTIwagUSA0lTVHIFEgNDTkZCAQFIAZgBAQ%3D%3D&hl=pt-BR&tfu=EgQIABABIgA&curr=BRL 200
2026-10-03 11:29:56 [INFO]: response: https://www.google.com/travel/flights?tfs=GhoSCjIwMjctMDQtMTBqBRIDQ05GcgUSA0lTVBoaEgoyMDI3LTA0LTIwagUSA0lTVHIFEgNDTkZCAQFIAZgBAQ%3D%3D&hl=pt-BR&tfu=EgQIABABIgA&curr=BRL 200
2026-10-03 11:29:59 [INFO]: response: https://www.google.com/travel/flights?tfs=GhoSCjIwMjctMDQtMjBqBRIDQ05GcgUSA0lTVBoaEgoyMDI3LTA0LTMwagUSA0lTVHIFEgNDTkZCAQFIAZgBAQ%3D%3D&hl=pt-BR&tfu=EgQIABABIgA&curr=BRL 200
2026-10-03 11:30:01 [INFO]: response: https://www.google.com/travel/flights?tfs=GhoSCjIwMjctMDQtMjBqBRIDQ05GcgUSA0lTVBoaEgoyMDI3LTA0LTMwagUSA0lTVHIFEgNDTkZCAQFIAZgBAQ%3D%3D&hl=pt-BR&tfu=EgQIABABIgA&curr=BRL 200
2026-10-03 11:30:04 [INFO]: response: https://www.google.com/travel/flights?tfs=GhoSCjIwMjctMDUtMTBqBRIDQ05GcgUSA0lTVBoaEgoyMDI3LTA1LTIwagUSA0lTVHIFEgNDTkZCAQFIAZgBAQ%3D%3D&hl=pt-BR&tfu=EgQIABABIgA&curr=BRL 200
2026-10-03 11:30:06 [INFO]: response: https://www.google.com/travel/flights?tfs=GhoSCjIwMjctMDUtMTBqBRIDQ05GcgUSA0lTVBoaEgoyMDI3LTA1LTIwagUSA0lTVHIFEgNDTkZCAQFIAZgBAQ%3D%3D&hl=pt-BR&tfu=EgQIABABIgA&curr=BRL 200
2026-10-03 11:30:10 [INFO]: response: https://www.google.com/travel/flights?tfs=GhoSCjIwMjctMDUtMjBqBRIDQ05GcgUSA0lTVBoaEgoyMDI3LTA1LTMwagUSA0lTVHIFEgNDTkZCAQFIAZgBAQ%3D%3D&hl=pt-BR&tfu=EgQIABABIgA&curr=BRL 200
2026-10-03 11:30:12 [INFO]: response: https://www.google.com/travel/flights?tfs=GhoSCjIwMjctMDUtMjBqBRIDQ05GcgUSA0lTVBoaEgoyMDI3LTA1LTMwagUSA0lTVHIFEgNDTkZCAQFIAZgBAQ%3D%3D&hl=pt-BR&tfu=EgQIABABIgA&curr=BRL 200
2026-10-03 11:30:15 [INFO]: response: https://www.google.com/travel/flights?tfs=GhoSCjIwMjctMDYtMTBqBRIDQ05GcgUSA0lTVBoaEgoyMDI3LTA2LTIwagUSA0lTVHIFEgNDTkZCAQFIAZgBAQ%3D%3D&hl=pt-BR&tfu=EgQIABABIgA&curr=BRL 200
2026-10-03 11:30:17 [INFO]: response: https://www.google.com/travel/flights?tfs=GhoSCjIwMjctMDYtMTBqBRIDQ05GcgUSA0lTVBoaEgoyMDI3LTA2LTIwagUSA0lTVHIFEgNDTkZCAQFIAZgBAQ%3D%3D&hl=pt-BR&tfu=EgQIABABIgA&curr=BRL 200
2026-10-03 11:30:20 [INFO]: response: https://www.google.com/travel/flights?tfs=GhoSCjIwMjctMDYtMjBqBRIDQ05GcgUSA0lTVBoaEgoyMDI3LTA2LTMwagUSA0lTVHIFEgNDTkZCAQFIAZgBAQ%3D%3D&hl=pt-BR&tfu=EgQIABABIgA&curr=BRL 200
2026-10-03 11:30:22 [INFO]: response: https://www.google.com/travel/flights?tfs=GhoSCjIwMjctMDYtMjBqBRIDQ05GcgUSA0lTVBoaEgoyMDI3LTA2LTMwagUSA0lTVHIFEgNDTkZCAQFIAZgBAQ%3D%3D&hl=pt-BR&tfu=EgQIABABIgA&curr=BRL 200
2026-10-03 11:30:25 [INFO]: response: https://www.google.com/travel/flights?tfs=GhoSCjIwMjYtMTEtMTBqBRIDR0lHcgUSA0lTVBoaEgoyMDI2LTExLTIwagUSA0lTVHIFEgNHSUdCAQFIAZgBAQ%3D%3D&hl=pt-BR&tfu=EgQIABABIgA&curr=BRL 200
2026-10-03 11:30:28 [INFO]: response: https://www.google.com/travel/flights?tfs=GhoSCjIwMjYtMTEtMjBqBRIDR0lHcgUSA0lTVBoaEgoyMDI2LTExLTMwagUSA0lTVHIFEgNHSUdCAQFIAZgBAQ%3D%3D&hl=pt-BR&tfu=EgQIABABIgA&curr=BRL 200
2026-10-03 11:30:31 [INFO]: response: https://www.google.com/travel/flights?tfs=GhoSCjIwMjYtMTEtMjBqBRIDR0lHcgUSA0lTVBoaEgoyMDI2LTExLTMwagUSA0lTVHIFEgNHSUdCAQFIAZgBAQ%3D%3D&hl=pt-BR&tfu=EgQIABABIgA&curr=BRL 200
2026-10-03 11:30:34 [INFO]: response: https://www.google.com/travel/flights?tfs=GhoSCjIwMjctMDItMTBqBRIDR0lHcgUSA0lTVBoaEgoyMDI3LTAyLTIwagUSA0lTVHIFEgNHSUdCAQFIAZgBAQ%3D%3D&hl=pt-BR&tfu=EgQIABABIgA&curr=BRL 200
2026-10-03 11:30:37 [INFO]: response: https://www.google.com/travel/flights?tfs=GhoSCjIwMjctMDItMjBqBRIDR0lHcgUSA0lTVBoaEgoyMDI3LTAzLTAyagUSA0lTVHIFEgNHSUdCAQFIAZgBAQ%3D%3D&hl=pt-BR&tfu=EgQIABABIgA&curr=BRL 200
2026-10-03 11:30:40 [INFO]: response: https://www.google.com/travel/flights?tfs=GhoSCjIwMjctMDMtMTBqBRIDR0lHcgUSA0lTVBoaEgoyMDI3LTAzLTIwagUSA0lTVHIFEgNHSUdCAQFIAZgBAQ%3D%3D&hl=pt-BR&tfu=EgQIABABIgA&curr=BRL 200
2026-10-03 11:30:43 [INFO]: response: https://www.google.com/travel/flights?tfs=GhoSCjIwMjctMDMtMjBqBRIDR0lHcgUSA0lTVBoaEgoyMDI3LTAzLTMwagUSA0lTVHIFEgNHSUdCAQFIAZgBAQ%3D%3D&hl=pt-BR&tfu=EgQIABABIgA&curr=BRL 200
2026-10-03 11:30:46 [INFO]: response: https://www.google.com/travel/flights?tfs=GhoSCjIwMjctMDQtMTBqBRIDR0lHcgUSA0lTVBoaEgoyMDI3LTA0LTIwagUSA0lTVHIFEgNHSUdCAQFIAZgBAQ%3D%3D&hl=pt-BR&tfu=EgQIABABIgA&curr=BRL 200
2026-10-03 11:30:48 [INFO]: response: https://www.google.com/travel/flights?tfs=GhoSCjIwMjctMDQtMjBqBRIDR0lHcgUSA0lTVBoaEgoyMDI3LTA0LTMwagUSA0lTVHIFEgNHSUdCAQFIAZgBAQ%3D%3D&hl=pt-BR&tfu=EgQIABABIgA&curr=BRL 200
2026-10-03 11:30:51 [INFO]: response: https://www.google.com/travel/flights?tfs=GhoSCjIwMjctMDUtMTBqBRIDR0lHcgUSA0lTVBoaEgoyMDI3LTA1LTIwagUSA0lTVHIFEgNHSUdCAQFIAZgBAQ%3D%3D&hl=pt-BR&tfu=EgQIABABIgA&curr=BRL 200
2026-10-03 11:30:54 [INFO]: response: https://www.google.com/travel/flights?tfs=GhoSCjIwMjctMDUtMjBqBRIDR0lHcgUSA0lTVBoaEgoyMDI3LTA1LTMwagUSA0lTVHIFEgNHSUdCAQFIAZgBAQ%3D%3D&hl=pt-BR&tfu=EgQIABABIgA&curr=BRL 200
2026-10-03 11:30:56 [INFO]: response: https://www.google.com/travel/flights?tfs=GhoSCjIwMjctMDUtMjBqBRIDR0lHcgUSA0lTVBoaEgoyMDI3LTA1LTMwagUSA0lTVHIFEgNHSUdCAQFIAZgBAQ%3D%3D&hl=pt-BR&tfu=EgQIABABIgA&curr=BRL 200
2026-10-03 11:30:59 [INFO]: response: https://www.google.com/travel/flights?tfs=GhoSCjIwMjctMDYtMTBqBRIDR0lHcgUSA0lTVBoaEgoyMDI3LTA2LTIwagUSA0lTVHIFEgNHSUdCAQFIAZgBAQ%3D%3D&hl=pt-BR&tfu=EgQIABABIgA&curr=BRL 200
2026-10-03 11:31:02 [INFO]: response: https://www.google.com/travel/flights?tfs=GhoSCjIwMjctMDYtMTBqBRIDR0lHcgUSA0lTVBoaEgoyMDI3LTA2LTIwagUSA0lTVHIFEgNHSUdCAQFIAZgBAQ%3D%3D&hl=pt-BR&tfu=EgQIABABIgA&curr=BRL 200
2026-10-03 11:31:05 [INFO]: response: https://www.google.com/travel/flights?tfs=GhoSCjIwMjctMDYtMjBqBRIDR0lHcgUSA0lTVBoaEgoyMDI3LTA2LTMwagUSA0lTVHIFEgNHSUdCAQFIAZgBAQ%3D%3D&hl=pt-BR&tfu=EgQIABABIgA&curr=BRL 200
2026-10-03 11:31:07 [INFO]: response: https://www.google.com/travel/flights?tfs=GhoSCjIwMjctMDYtMjBqBRIDR0lHcgUSA0lTVBoaEgoyMDI3LTA2LTMwagUSA0lTVHIFEgNHSUdCAQFIAZgBAQ%3D%3D&hl=pt-BR&tfu=EgQIABABIgA&curr=BRL 200
2026-10-03 11:31:12 [INFO]: response: https://www.google.com/travel/flights?tfs=GhoSCjIwMjYtMTEtMTBqBRIDR1JVcgUSA05SVBoaEgoyMDI2LTExLTIwagUSA05SVHIFEgNHUlVCAQFIAZgBAQ%3D%3D&hl=pt-BR&tfu=EgQIABABIgA&curr=BRL 200
2026-10-03 11:31:14 [INFO]: response: https://www.google.com/travel/flights?tfs=GhoSCjIwMjYtMTEtMjBqBRIDR1JVcgUSA05SVBoaEgoyMDI2LTExLTMwagUSA05SVHIFEgNHUlVCAQFIAZgBAQ%3D%3D&hl=pt-BR&tfu=EgQIABABIgA&curr=BRL 200
2026-10-03 11:31:17 [INFO]: response: https://www.google.com/travel/flights?tfs=GhoSCjIwMjctMDItMTBqBRIDR1JVcgUSA05SVBoaEgoyMDI3LTAyLTIwagUSA05SVHIFEgNHUlVCAQFIAZgBAQ%3D%3D&hl=pt-BR&tfu=EgQIABABIgA&curr=BRL 200
2026-10-03 11:31:20 [INFO]: response: https://www.google.com/travel/flights?tfs=GhoSCjIwMjctMDItMTBqBRIDR1JVcgUSA05SVBoaEgoyMDI3LTAyLTIwagUSA05SVHIFEgNHUlVCAQFIAZgBAQ%3D%3D&hl=pt-BR&tfu=EgQIABABIgA&curr=BRL 200
2026-10-03 11:31:23 [INFO]: response: https://www.google.com/travel/flights?tfs=GhoSCjIwMjctMDItMjBqBRIDR1JVcgUSA05SVBoaEgoyMDI3LTAzLTAyagUSA05SVHIFEgNHUlVCAQFIAZgBAQ%3D%3D&hl=pt-BR&tfu=EgQIABABIgA&curr=BRL 200
2026-10-03 11:31:26 [INFO]: response: https://www.google.com/travel/flights?tfs=GhoSCjIwMjctMDItMjBqBRIDR1JVcgUSA05SVBoaEgoyMDI3LTAzLTAyagUSA05SVHIFEgNHUlVCAQFIAZgBAQ%3D%3D&hl=pt-BR&tfu=EgQIABABIgA&curr=BRL 200
2026-10-03 11:31:29 [INFO]: response: https://www.google.com/travel/flights?tfs=GhoSCjIwMjctMDMtMTBqBRIDR1JVcgUSA05SVBoaEgoyMDI3LTAzLTIwagUSA05SVHIFEgNHUlVCAQFIAZgBAQ%3D%3D&hl=pt-BR&tfu=EgQIABABIgA&curr=BRL 200
2026-10-03 11:31:32 [INFO]: response: https://www.google.com/travel/flights?tfs=GhoSCjIwMjctMDMtMjBqBRIDR1JVcgUSA05SVBoaEgoyMDI3LTAzLTMwagUSA05SVHIFEgNHUlVCAQFIAZgBAQ%3D%3D&hl=pt-BR&tfu=EgQIABABIgA&curr=BRL 200
2026-10-03 11:31:35 [INFO]: response: https://www.google.com/travel/flights?tfs=GhoSCjIwMjctMDQtMTBqBRIDR1JVcgUSA05SVBoaEgoyMDI3LTA0LTIwagUSA05SVHIFEgNHUlVCAQFIAZgBAQ%3D%3D&hl=pt-BR&tfu=EgQIABABIgA&curr=BRL 200
2026-10-03 11:31:38 [INFO]: response: https://www.google.com/travel/flights?tfs=GhoSCjIwMjctMDQtMjBqBRIDR1JVcgUSA05SVBoaEgoyMDI3LTA0LTMwagUSA05SVHIFEgNHUlVCAQFIAZgBAQ%3D%3D&hl=pt-BR&tfu=EgQIABABIgA&curr=BRL 200
2026-10-03 11:31:41 [INFO]: response: https://www.google.com/travel/flights?tfs=GhoSCjIwMjctMDQtMjBqBRIDR1JVcgUSA05SVBoaEgoyMDI3LTA0LTMwagUSA05SVHIFEgNHUlVCAQFIAZgBAQ%3D%3D&hl=pt-BR&tfu=EgQIABABIgA&curr=BRL 200
2026-10-03 11:31:44 [INFO]: response: https://www.google.com/travel/flights?tfs=GhoSCjIwMjctMDUtMTBqBRIDR1JVcgUSA05SVBoaEgoyMDI3LTA1LTIwagUSA05SVHIFEgNHUlVCAQFIAZgBAQ%3D%3D&hl=pt-BR&tfu=EgQIABABIgA&curr=BRL 200
2026-10-03 11:31:47 [INFO]: response: https://www.google.com/travel/flights?tfs=GhoSCjIwMjctMDUtMjBqBRIDR1JVcgUSA05SVBoaEgoyMDI3LTA1LTMwagUSA05SVHIFEgNHUlVCAQFIAZgBAQ%3D%3D&hl=pt-BR&tfu=EgQIABABIgA&curr=BRL 200
2026-10-03 11:31:50 [INFO]: response: https://www.google.com/travel/flights?tfs=GhoSCjIwMjctMDYtMTBqBRIDR1JVcgUSA05SVBoaEgoyMDI3LTA2LTIwagUSA05SVHIFEgNHUlVCAQFIAZgBAQ%3D%3D&hl=pt-BR&tfu=EgQIABABIgA&curr=BRL 200
2026-10-03 11:31:53 [INFO]: response: https://www.google.com/travel/flights?tfs=GhoSCjIwMjctMDYtMjBqBRIDR1JVcgUSA05SVBoaEgoyMDI3LTA2LTMwagUSA05SVHIFEgNHUlVCAQFIAZgBAQ%3D%3D&hl=pt-BR&tfu=EgQIABABIgA&curr=BRL 200
2026-10-03 11:31:56 [INFO]: response: https://www.google.com/travel/flights?tfs=GhoSCjIwMjYtMTEtMTBqBRIDQ05GcgUSA05SVBoaEgoyMDI2LTExLTIwagUSA05SVHIFEgNDTkZCAQFIAZgBAQ%3D%3D&hl=pt-BR&tfu=EgQIABABIgA&curr=BRL 200
2026-10-03 11:31:59 [INFO]: response: https://www.google.com/travel/flights?tfs=GhoSCjIwMjYtMTEtMjBqBRIDQ05GcgUSA05SVBoaEgoyMDI2LTExLTMwagUSA05SVHIFEgNDTkZCAQFIAZgBAQ%3D%3D&hl=pt-BR&tfu=EgQIABABIgA&curr=BRL 200
2026-10-03 11:32:01 [INFO]: response: https://www.google.com/travel/flights?tfs=GhoSCjIwMjctMDItMTBqBRIDQ05GcgUSA05SVBoaEgoyMDI3LTAyLTIwagUSA05SVHIFEgNDTkZCAQFIAZgBAQ%3D%3D&hl=pt-BR&tfu=EgQIABABIgA&curr=BRL 200
2026-10-03 11:32:05 [INFO]: response: https://www.google.com/travel/flights?tfs=GhoSCjIwMjctMDItMjBqBRIDQ05GcgUSA05SVBoaEgoyMDI3LTAzLTAyagUSA05SVHIFEgNDTkZCAQFIAZgBAQ%3D%3D&hl=pt-BR&tfu=EgQIABABIgA&curr=BRL 200
2026-10-03 11:32:07 [INFO]: response: https://www.google.com/travel/flights?tfs=GhoSCjIwMjctMDItMjBqBRIDQ05GcgUSA05SVBoaEgoyMDI3LTAzLTAyagUSA05SVHIFEgNDTkZCAQFIAZgBAQ%3D%3D&hl=pt-BR&tfu=EgQIABABIgA&curr=BRL 200
2026-10-03 11:32:12 [INFO]: response: https://www.google.com/travel/flights?tfs=GhoSCjIwMjctMDMtMTBqBRIDQ05GcgUSA05SVBoaEgoyMDI3LTAzLTIwagUSA05SVHIFEgNDTkZCAQFIAZgBAQ%3D%3D&hl=pt-BR&tfu=EgQIABABIgA&curr=BRL 200
2026-10-03 11:32:14 [INFO]: response: https://www.google.com/travel/flights?tfs=GhoSCjIwMjctMDMtMjBqBRIDQ05GcgUSA05SVBoaEgoyMDI3LTAzLTMwagUSA05SVHIFEgNDTkZCAQFIAZgBAQ%3D%3D&hl=pt-BR&tfu=EgQIABABIgA&curr=BRL 200
2026-10-03 11:32:17 [INFO]: response: https://www.google.com/travel/flights?tfs=GhoSCjIwMjctMDQtMTBqBRIDQ05GcgUSA05SVBoaEgoyMDI3LTA0LTIwagUSA05SVHIFEgNDTkZCAQFIAZgBAQ%3D%3D&hl=pt-BR&tfu=EgQIABABIgA&curr=BRL 200
2026-10-03 11:32:20 [INFO]: response: https://www.google.com/travel/flights?tfs=GhoSCjIwMjctMDQtMjBqBRIDQ05GcgUSA05SVBoaEgoyMDI3LTA0LTMwagUSA05SVHIFEgNDTkZCAQFIAZgBAQ%3D%3D&hl=pt-BR&tfu=EgQIABABIgA&curr=BRL 200
2026-10-03 11:32:23 [INFO]: response: https://www.google.com/travel/flights?tfs=GhoSCjIwMjctMDUtMTBqBRIDQ05GcgUSA05SVBoaEgoyMDI3LTA1LTIwagUSA05SVHIFEgNDTkZCAQFIAZgBAQ%3D%3D&hl=pt-BR&tfu=EgQIABABIgA&curr=BRL 200
2026-10-03 11:32:26 [INFO]: response: https://www.google.com/travel/flights?tfs=GhoSCjIwMjctMDUtMjBqBRIDQ05GcgUSA05SVBoaEgoyMDI3LTA1LTMwagUSA05SVHIFEgNDTkZCAQFIAZgBAQ%3D%3D&hl=pt-BR&tfu=EgQIABABIgA&curr=BRL 200
2026-10-03 11:32:29 [INFO]: response: https://www.google.com/travel/flights?tfs=GhoSCjIwMjctMDYtMTBqBRIDQ05GcgUSA05SVBoaEgoyMDI3LTA2LTIwagUSA05SVHIFEgNDTkZCAQFIAZgBAQ%3D%3D&hl=pt-BR&tfu=EgQIABABIgA&curr=BRL 200
2026-10-03 11:32:32 [INFO]: response: https://www.google.com/travel/flights?tfs=GhoSCjIwMjctMDYtMjBqBRIDQ05GcgUSA05SVBoaEgoyMDI3LTA2LTMwagUSA05SVHIFEgNDTkZCAQFIAZgBAQ%3D%3D&hl=pt-BR&tfu=EgQIABABIgA&curr=BRL 200
2026-10-03 11:32:35 [INFO]: response: https://www.google.com/travel/flights?tfs=GhoSCjIwMjYtMTEtMTBqBRIDR0lHcgUSA05SVBoaEgoyMDI2LTExLTIwagUSA05SVHIFEgNHSUdCAQFIAZgBAQ%3D%3D&hl=pt-BR&tfu=EgQIABABIgA&curr=BRL 200
2026-10-03 11:32:38 [INFO]: response: https://www.google.com/travel/flights?tfs=GhoSCjIwMjYtMTEtMTBqBRIDR0lHcgUSA05SVBoaEgoyMDI2LTExLTIwagUSA05SVHIFEgNHSUdCAQFIAZgBAQ%3D%3D&hl=pt-BR&tfu=EgQIABABIgA&curr=BRL 200
2026-10-03 11:32:41 [INFO]: response: https://www.google.com/travel/flights?tfs=GhoSCjIwMjYtMTEtMjBqBRIDR0lHcgUSA05SVBoaEgoyMDI2LTExLTMwagUSA05SVHIFEgNHSUdCAQFIAZgBAQ%3D%3D&hl=pt-BR&tfu=EgQIABABIgA&curr=BRL 200
2026-10-03 11:32:44 [INFO]: response: https://www.google.com/travel/flights?tfs=GhoSCjIwMjctMDItMTBqBRIDR0lHcgUSA05SVBoaEgoyMDI3LTAyLTIwagUSA05SVHIFEgNHSUdCAQFIAZgBAQ%3D%3D&hl=pt-BR&tfu=EgQIABABIgA&curr=BRL 200
2026-10-03 11:32:46 [INFO]: response: https://www.google.com/travel/flights?tfs=GhoSCjIwMjctMDItMjBqBRIDR0lHcgUSA05SVBoaEgoyMDI3LTAzLTAyagUSA05SVHIFEgNHSUdCAQFIAZgBAQ%3D%3D&hl=pt-BR&tfu=EgQIABABIgA&curr=BRL 200
2026-10-03 11:32:50 [INFO]: response: https://www.google.com/travel/flights?tfs=GhoSCjIwMjctMDMtMTBqBRIDR0lHcgUSA05SVBoaEgoyMDI3LTAzLTIwagUSA05SVHIFEgNHSUdCAQFIAZgBAQ%3D%3D&hl=pt-BR&tfu=EgQIABABIgA&curr=BRL 200
2026-10-03 11:32:52 [INFO]: response: https://www.google.com/travel/flights?tfs=GhoSCjIwMjctMDMtMjBqBRIDR0lHcgUSA05SVBoaEgoyMDI3LTAzLTMwagUSA05SVHIFEgNHSUdCAQFIAZgBAQ%3D%3D&hl=pt-BR&tfu=EgQIABABIgA&curr=BRL 200
2026-10-03 11:32:55 [INFO]: response: https://www.google.com/travel/flights?tfs=GhoSCjIwMjctMDQtMTBqBRIDR0lHcgUSA05SVBoaEgoyMDI3LTA0LTIwagUSA05SVHIFEgNHSUdCAQFIAZgBAQ%3D%3D&hl=pt-BR&tfu=EgQIABABIgA&curr=BRL 200
2026-10-03 11:32:58 [INFO]: response: https://www.google.com/travel/flights?tfs=GhoSCjIwMjctMDQtMjBqBRIDR0lHcgUSA05SVBoaEgoyMDI3LTA0LTMwagUSA05SVHIFEgNHSUdCAQFIAZgBAQ%3D%3D&hl=pt-BR&tfu=EgQIABABIgA&curr=BRL 200
2026-10-03 11:33:01 [INFO]: response: https://www.google.com/travel/flights?tfs=GhoSCjIwMjctMDUtMTBqBRIDR0lHcgUSA05SVBoaEgoyMDI3LTA1LTIwagUSA05SVHIFEgNHSUdCAQFIAZgBAQ%3D%3D&hl=pt-BR&tfu=EgQIABABIgA&curr=BRL 200
2026-10-03 11:33:04 [INFO]: response: https://www.google.com/travel/flights?tfs=GhoSCjIwMjctMDUtMjBqBRIDR0lHcgUSA05SVBoaEgoyMDI3LTA1LTMwagUSA05SVHIFEgNHSUdCAQFIAZgBAQ%3D%3D&hl=pt-BR&tfu=EgQIABABIgA&curr=BRL 200
2026-10-03 11:33:07 [INFO]: response: https://www.google.com/travel/flights?tfs=GhoSCjIwMjctMDYtMTBqBRIDR0lHcgUSA05SVBoaEgoyMDI3LTA2LTIwagUSA05SVHIFEgNHSUdCAQFIAZgBAQ%3D%3D&hl=pt-BR&tfu=EgQIABABIgA&curr=BRL 200
2026-10-03 11:33:10 [INFO]: response: https://www.google.com/travel/flights?tfs=GhoSCjIwMjctMDYtMjBqBRIDR0lHcgUSA05SVBoaEgoyMDI3LTA2LTMwagUSA05SVHIFEgNHSUdCAQFIAZgBAQ%3D%3D&hl=pt-BR&tfu=EgQIABABIgA&curr=BRL 200
2026-10-03 11:33:14 [INFO]: response: https://www.google.com/travel/flights?tfs=GhoSCjIwMjYtMTEtMTBqBRIDR1JVcgUSA0hORBoaEgoyMDI2LTExLTIwagUSA0hORHIFEgNHUlVCAQFIAZgBAQ%3D%3D&hl=pt-BR&tfu=EgQIABABIgA&curr=BRL 200
2026-10-03 11:33:17 [INFO]: response: https://www.google.com/travel/flights?tfs=GhoSCjIwMjYtMTEtMTBqBRIDR1JVcgUSA0hORBoaEgoyMDI2LTExLTIwagUSA0hORHIFEgNHUlVCAQFIAZgBAQ%3D%3D&hl=pt-BR&tfu=EgQIABABIgA&curr=BRL 200
2026-10-03 11:33:20 [INFO]: response: https://www.google.com/travel/flights?tfs=GhoSCjIwMjYtMTEtMjBqBRIDR1JVcgUSA0hORBoaEgoyMDI2LTExLTMwagUSA0hORHIFEgNHUlVCAQFIAZgBAQ%3D%3D&hl=pt-BR&tfu=EgQIABABIgA&curr=BRL 200
2026-10-03 11:33:23 [INFO]: response: https://www.google.com/travel/flights?tfs=GhoSCjIwMjctMDItMTBqBRIDR1JVcgUSA0hORBoaEgoyMDI3LTAyLTIwagUSA0hORHIFEgNHUlVCAQFIAZgBAQ%3D%3D&hl=pt-BR&tfu=EgQIABABIgA&curr=BRL 200
2026-10-03 11:33:26 [INFO]: response: https://www.google.com/travel/flights?tfs=GhoSCjIwMjctMDItMjBqBRIDR1JVcgUSA0hORBoaEgoyMDI3LTAzLTAyagUSA0hORHIFEgNHUlVCAQFIAZgBAQ%3D%3D&hl=pt-BR&tfu=EgQIABABIgA&curr=BRL 200
2026-10-03 11:33:29 [INFO]: response: https://www.google.com/travel/flights?tfs=GhoSCjIwMjctMDMtMTBqBRIDR1JVcgUSA0hORBoaEgoyMDI3LTAzLTIwagUSA0hORHIFEgNHUlVCAQFIAZgBAQ%3D%3D&hl=pt-BR&tfu=EgQIABABIgA&curr=BRL 200
2026-10-03 11:33:32 [INFO]: response: https://www.google.com/travel/flights?tfs=GhoSCjIwMjctMDMtMTBqBRIDR1JVcgUSA0hORBoaEgoyMDI3LTAzLTIwagUSA0hORHIFEgNHUlVCAQFIAZgBAQ%3D%3D&hl=pt-BR&tfu=EgQIABABIgA&curr=BRL 200
2026-10-03 11:33:35 [INFO]: response: https://www.google.com/travel/flights?tfs=GhoSCjIwMjctMDMtMjBqBRIDR1JVcgUSA0hORBoaEgoyMDI3LTAzLTMwagUSA0hORHIFEgNHUlVCAQFIAZgBAQ%3D%3D&hl=pt-BR&tfu=EgQIABABIgA&curr=BRL 200
2026-10-03 11:33:38 [INFO]: response: https://www.google.com/travel/flights?tfs=GhoSCjIwMjctMDQtMTBqBRIDR1JVcgUSA0hORBoaEgoyMDI3LTA0LTIwagUSA0hORHIFEgNHUlVCAQFIAZgBAQ%3D%3D&hl=pt-BR&tfu=EgQIABABIgA&curr=BRL 200
2026-10-03 11:33:41 [INFO]: response: https://www.google.com/travel/flights?tfs=GhoSCjIwMjctMDQtMTBqBRIDR1JVcgUSA0hORBoaEgoyMDI3LTA0LTIwagUSA0hORHIFEgNHUlVCAQFIAZgBAQ%3D%3D&hl=pt-BR&tfu=EgQIABABIgA&curr=BRL 200
2026-10-03 11:33:44 [INFO]: response: https://www.google.com/travel/flights?tfs=GhoSCjIwMjctMDQtMjBqBRIDR1JVcgUSA0hORBoaEgoyMDI3LTA0LTMwagUSA0hORHIFEgNHUlVCAQFIAZgBAQ%3D%3D&hl=pt-BR&tfu=EgQIABABIgA&curr=BRL 200
2026-10-03 11:33:47 [INFO]: response: https://www.google.com/travel/flights?tfs=GhoSCjIwMjctMDUtMTBqBRIDR1JVcgUSA0hORBoaEgoyMDI3LTA1LTIwagUSA0hORHIFEgNHUlVCAQFIAZgBAQ%3D%3D&hl=pt-BR&tfu=EgQIABABIgA&curr=BRL 200
2026-10-03 11:33:50 [INFO]: response: https://www.google.com/travel/flights?tfs=GhoSCjIwMjctMDUtMjBqBRIDR1JVcgUSA0hORBoaEgoyMDI3LTA1LTMwagUSA0hORHIFEgNHUlVCAQFIAZgBAQ%3D%3D&hl=pt-BR&tfu=EgQIABABIgA&curr=BRL 200
2026-10-03 11:33:53 [INFO]: response: https://www.google.com/travel/flights?tfs=GhoSCjIwMjctMDUtMjBqBRIDR1JVcgUSA0hORBoaEgoyMDI3LTA1LTMwagUSA0hORHIFEgNHUlVCAQFIAZgBAQ%3D%3D&hl=pt-BR&tfu=EgQIABABIgA&curr=BRL 200
2026-10-03 11:33:56 [INFO]: response: https://www.google.com/travel/flights?tfs=GhoSCjIwMjctMDYtMTBqBRIDR1JVcgUSA0hORBoaEgoyMDI3LTA2LTIwagUSA0hORHIFEgNHUlVCAQFIAZgBAQ%3D%3D&hl=pt-BR&tfu=EgQIABABIgA&curr=BRL 200
2026-10-03 11:33:59 [INFO]: response: https://www.google.com/travel/flights?tfs=GhoSCjIwMjctMDYtMTBqBRIDR1JVcgUSA0hORBoaEgoyMDI3LTA2LTIwagUSA0hORHIFEgNHUlVCAQFIAZgBAQ%3D%3D&hl=pt-BR&tfu=EgQIABABIgA&curr=BRL 200
2026-10-03 11:34:01 [INFO]: response: https://www.google.com/travel/flights?tfs=GhoSCjIwMjctMDYtMjBqBRIDR1JVcgUSA0hORBoaEgoyMDI3LTA2LTMwagUSA0hORHIFEgNHUlVCAQFIAZgBAQ%3D%3D&hl=pt-BR&tfu=EgQIABABIgA&curr=BRL 200
2026-10-03 11:34:04 [INFO]: response: https://www.google.com/travel/flights?tfs=GhoSCjIwMjctMDYtMjBqBRIDR1JVcgUSA0hORBoaEgoyMDI3LTA2LTMwagUSA0hORHIFEgNHUlVCAQFIAZgBAQ%3D%3D&hl=pt-BR&tfu=EgQIABABIgA&curr=BRL 200
2026-10-03 11:34:07 [INFO]: response: https://www.google.com/travel/flights?tfs=GhoSCjIwMjYtMTEtMTBqBRIDQ05GcgUSA0hORBoaEgoyMDI2LTExLTIwagUSA0hORHIFEgNDTkZCAQFIAZgBAQ%3D%3D&hl=pt-BR&tfu=EgQIABABIgA&curr=BRL 200
2026-10-03 11:34:10 [INFO]: response: https://www.google.com/travel/flights?tfs=GhoSCjIwMjYtMTEtMjBqBRIDQ05GcgUSA0hORBoaEgoyMDI2LTExLTMwagUSA0hORHIFEgNDTkZCAQFIAZgBAQ%3D%3D&hl=pt-BR&tfu=EgQIABABIgA&curr=BRL 200
2026-10-03 11:34:13 [INFO]: response: https://www.google.com/travel/flights?tfs=GhoSCjIwMjctMDItMTBqBRIDQ05GcgUSA0hORBoaEgoyMDI3LTAyLTIwagUSA0hORHIFEgNDTkZCAQFIAZgBAQ%3D%3D&hl=pt-BR&tfu=EgQIABABIgA&curr=BRL 200
2026-10-03 11:34:16 [INFO]: response: https://www.google.com/travel/flights?tfs=GhoSCjIwMjctMDItMTBqBRIDQ05GcgUSA0hORBoaEgoyMDI3LTAyLTIwagUSA0hORHIFEgNDTkZCAQFIAZgBAQ%3D%3D&hl=pt-BR&tfu=EgQIABABIgA&curr=BRL 200
2026-10-03 11:34:19 [INFO]: response: https://www.google.com/travel/flights?tfs=GhoSCjIwMjctMDItMjBqBRIDQ05GcgUSA0hORBoaEgoyMDI3LTAzLTAyagUSA0hORHIFEgNDTkZCAQFIAZgBAQ%3D%3D&hl=pt-BR&tfu=EgQIABABIgA&curr=BRL 200
2026-10-03 11:34:22 [INFO]: response: https://www.google.com/travel/flights?tfs=GhoSCjIwMjctMDMtMTBqBRIDQ05GcgUSA0hORBoaEgoyMDI3LTAzLTIwagUSA0hORHIFEgNDTkZCAQFIAZgBAQ%3D%3D&hl=pt-BR&tfu=EgQIABABIgA&curr=BRL 200
2026-10-03 11:34:25 [INFO]: response: https://www.google.com/travel/flights?tfs=GhoSCjIwMjctMDMtMjBqBRIDQ05GcgUSA0hORBoaEgoyMDI3LTAzLTMwagUSA0hORHIFEgNDTkZCAQFIAZgBAQ%3D%3D&hl=pt-BR&tfu=EgQIABABIgA&curr=BRL 200
2026-10-03 11:34:28 [INFO]: response: https://www.google.com/travel/flights?tfs=GhoSCjIwMjctMDQtMTBqBRIDQ05GcgUSA0hORBoaEgoyMDI3LTA0LTIwagUSA0hORHIFEgNDTkZCAQFIAZgBAQ%3D%3D&hl=pt-BR&tfu=EgQIABABIgA&curr=BRL 200
2026-10-03 11:34:31 [INFO]: response: https://www.google.com/travel/flights?tfs=GhoSCjIwMjctMDQtMTBqBRIDQ05GcgUSA0hORBoaEgoyMDI3LTA0LTIwagUSA0hORHIFEgNDTkZCAQFIAZgBAQ%3D%3D&hl=pt-BR&tfu=EgQIABABIgA&curr=BRL 200
2026-10-03 11:34:33 [INFO]: response: https://www.google.com/travel/flights?tfs=GhoSCjIwMjctMDQtMjBqBRIDQ05GcgUSA0hORBoaEgoyMDI3LTA0LTMwagUSA0hORHIFEgNDTkZCAQFIAZgBAQ%3D%3D&hl=pt-BR&tfu=EgQIABABIgA&curr=BRL 200
2026-10-03 11:34:36 [INFO]: response: https://www.google.com/travel/flights?tfs=GhoSCjIwMjctMDUtMTBqBRIDQ05GcgUSA0hORBoaEgoyMDI3LTA1LTIwagUSA0hORHIFEgNDTkZCAQFIAZgBAQ%3D%3D&hl=pt-BR&tfu=EgQIABABIgA&curr=BRL 200
2026-10-03 11:34:40 [INFO]: response: https://www.google.com/travel/flights?tfs=GhoSCjIwMjctMDUtMjBqBRIDQ05GcgUSA0hORBoaEgoyMDI3LTA1LTMwagUSA0hORHIFEgNDTkZCAQFIAZgBAQ%3D%3D&hl=pt-BR&tfu=EgQIABABIgA&curr=BRL 200
2026-10-03 11:34:43 [INFO]: response: https://www.google.com/travel/flights?tfs=GhoSCjIwMjctMDYtMTBqBRIDQ05GcgUSA0hORBoaEgoyMDI3LTA2LTIwagUSA0hORHIFEgNDTkZCAQFIAZgBAQ%3D%3D&hl=pt-BR&tfu=EgQIABABIgA&curr=BRL 200
2026-10-03 11:34:46 [INFO]: response: https://www.google.com/travel/flights?tfs=GhoSCjIwMjctMDYtMjBqBRIDQ05GcgUSA0hORBoaEgoyMDI3LTA2LTMwagUSA0hORHIFEgNDTkZCAQFIAZgBAQ%3D%3D&hl=pt-BR&tfu=EgQIABABIgA&curr=BRL 200
2026-10-03 11:34:49 [INFO]: response: https://www.google.com/travel/flights?tfs=GhoSCjIwMjYtMTEtMTBqBRIDR0lHcgUSA0hORBoaEgoyMDI2LTExLTIwagUSA0hORHIFEgNHSUdCAQFIAZgBAQ%3D%3D&hl=pt-BR&tfu=EgQIABABIgA&curr=BRL 200
2026-10-03 11:34:52 [INFO]: response: https://www.google.com/travel/flights?tfs=GhoSCjIwMjYtMTEtMjBqBRIDR0lHcgUSA0hORBoaEgoyMDI2LTExLTMwagUSA0hORHIFEgNHSUdCAQFIAZgBAQ%3D%3D&hl=pt-BR&tfu=EgQIABABIgA&curr=BRL 200
2026-10-03 11:34:55 [INFO]: response: https://www.google.com/travel/flights?tfs=GhoSCjIwMjYtMTEtMjBqBRIDR0lHcgUSA0hORBoaEgoyMDI2LTExLTMwagUSA0hORHIFEgNHSUdCAQFIAZgBAQ%3D%3D&hl=pt-BR&tfu=EgQIABABIgA&curr=BRL 200
2026-10-03 11:34:59 [INFO]: response: https://www.google.com/travel/flights?tfs=GhoSCjIwMjctMDItMTBqBRIDR0lHcgUSA0hORBoaEgoyMDI3LTAyLTIwagUSA0hORHIFEgNHSUdCAQFIAZgBAQ%3D%3D&hl=pt-BR&tfu=EgQIABABIgA&curr=BRL 200
2026-10-03 11:35:02 [INFO]: response: https://www.google.com/travel/flights?tfs=GhoSCjIwMjctMDItMTBqBRIDR0lHcgUSA0hORBoaEgoyMDI3LTAyLTIwagUSA0hORHIFEgNHSUdCAQFIAZgBAQ%3D%3D&hl=pt-BR&tfu=EgQIABABIgA&curr=BRL 200
2026-10-03 11:35:06 [INFO]: response: https://www.google.com/travel/flights?tfs=GhoSCjIwMjctMDItMjBqBRIDR0lHcgUSA0hORBoaEgoyMDI3LTAzLTAyagUSA0hORHIFEgNHSUdCAQFIAZgBAQ%3D%3D&hl=pt-BR&tfu=EgQIABABIgA&curr=BRL 200
2026-10-03 11:35:10 [INFO]: response: https://www.google.com/travel/flights?tfs=GhoSCjIwMjctMDMtMTBqBRIDR0lHcgUSA0hORBoaEgoyMDI3LTAzLTIwagUSA0hORHIFEgNHSUdCAQFIAZgBAQ%3D%3D&hl=pt-BR&tfu=EgQIABABIgA&curr=BRL 200
2026-10-03 11:35:13 [INFO]: response: https://www.google.com/travel/flights?tfs=GhoSCjIwMjctMDMtMjBqBRIDR0lHcgUSA0hORBoaEgoyMDI3LTAzLTMwagUSA0hORHIFEgNHSUdCAQFIAZgBAQ%3D%3D&hl=pt-BR&tfu=EgQIABABIgA&curr=BRL 200
2026-10-03 11:35:16 [INFO]: response: https://www.google.com/travel/flights?tfs=GhoSCjIwMjctMDQtMTBqBRIDR0lHcgUSA0hORBoaEgoyMDI3LTA0LTIwagUSA0hORHIFEgNHSUdCAQFIAZgBAQ%3D%3D&hl=pt-BR&tfu=EgQIABABIgA&curr=BRL 200
2026-10-03 11:35:18 [INFO]: response: https://www.google.com/travel/flights?tfs=GhoSCjIwMjctMDQtMjBqBRIDR0lHcgUSA0hORBoaEgoyMDI3LTA0LTMwagUSA0hORHIFEgNHSUdCAQFIAZgBAQ%3D%3D&hl=pt-BR&tfu=EgQIABABIgA&curr=BRL 200
2026-10-03 11:35:21 [INFO]: response: https://www.google.com/travel/flights?tfs=GhoSCjIwMjctMDUtMTBqBRIDR0lHcgUSA0hORBoaEgoyMDI3LTA1LTIwagUSA0hORHIFEgNHSUdCAQFIAZgBAQ%3D%3D&hl=pt-BR&tfu=EgQIABABIgA&curr=BRL 200
2026-10-03 11:35:24 [INFO]: response: https://www.google.com/travel/flights?tfs=GhoSCjIwMjctMDUtMjBqBRIDR0lHcgUSA0hORBoaEgoyMDI3LTA1LTMwagUSA0hORHIFEgNHSUdCAQFIAZgBAQ%3D%3D&hl=pt-BR&tfu=EgQIABABIgA&curr=BRL 200
2026-10-03 11:35:27 [INFO]: response: https://www.google.com/travel/flights?tfs=GhoSCjIwMjctMDYtMTBqBRIDR0lHcgUSA0hORBoaEgoyMDI3LTA2LTIwagUSA0hORHIFEgNHSUdCAQFIAZgBAQ%3D%3D&hl=pt-BR&tfu=EgQIABABIgA&curr=BRL 200
2026-10-03 11:35:30 [INFO]: response: https://www.google.com/travel/flights?tfs=GhoSCjIwMjctMDYtMjBqBRIDR0lHcgUSA0hORBoaEgoyMDI3LTA2LTMwagUSA0hORHIFEgNHSUdCAQFIAZgBAQ%3D%3D&hl=pt-BR&tfu=EgQIABABIgA&curr=BRL 200
2026-10-03 11:35:34 [INFO]: Checagem internacional concluída. 268 cotações avaliadas.
