Date,m,Home,Away,Hora,odd,rank,kept,green,pnl,be,n_qualif_dia
2024-03-16,2x2,Frosinone,Lazio,16:45,17.5,1,True,1,0.05757575757575757,0.9455587392550143,6
2024-03-16,2x2,Getafe,Girona,14:30,17.5,2,True,1,0.05757575757575757,0.9455587392550143,6
2024-03-16,2x2,FC Dallas,Vancouver Whitecaps,21:30,18.0,3,True,1,0.055882352941176466,0.947075208913649,6
2024-03-16,2x2,Monza,Cagliari,11:00,19.0,4,False,1,0.05277777777777778,0.949868073878628,6
2024-03-16,2x2,Salernitana,Lecce,14:00,19.5,5,False,1,0.05135135135135135,0.9511568123393317,6
2024-03-16,2x2,Houston Dynamo,Portland Timbers,21:30,19.5,6,False,1,0.05135135135135135,0.9511568123393317,6
2024-03-17,2x2,Lyngby,Viborg,13:00,18.5,1,True,1,0.054285714285714284,0.948509485094851,9
2024-03-17,2x2,Villarreal,Valencia,12:15,18.5,2,True,1,0.054285714285714284,0.948509485094851,9
2024-03-17,2x2,Wil,Xamax,10:15,19.0,3,True,1,0.05277777777777778,0.949868073878628,9
2024-03-17,2x2,EL Nacional,Emelec,20:00,19.0,4,False,1,0.05277777777777778,0.949868073878628,9
2024-03-17,2x2,Guadalajara Chivas,Club America,00:05,19.5,5,False,1,0.05135135135135135,0.9511568123393317,9
2024-03-17,2x2,Korona Kielce,Pogon Szczecin,08:30,19.5,6,False,0,-1.0,0.9511568123393317,9
2024-03-17,2x2,Coquimbo,Colo Colo,12:00,20.0,7,False,1,0.049999999999999996,0.9523809523809524,9
2024-03-17,2x2,Las Palmas,Almeria,12:15,20.0,8,False,1,0.049999999999999996,0.9523809523809524,9
2024-03-17,2x2,U. Catolica,A. Italiano,20:30,20.0,9,False,1,0.049999999999999996,0.9523809523809524,9
2024-03-23,2x2,Crewe,AFC Wimbledon,12:00,19.0,1,True,1,0.05277777777777778,0.949868073878628,2
2024-03-23,2x2,Doncaster,Forest Green,12:00,19.5,2,True,1,0.05135135135135135,0.9511568123393317,2
2024-03-24,2x2,Renofa Yamaguchi,Ehime,02:00,19.0,1,True,1,0.05277777777777778,0.949868073878628,1
2024-03-25,2x2,U. De Chile,Cobresal,19:00,20.0,1,True,0,-1.0,0.9523809523809524,1
2024-03-28,2x2,Blooming,Aurora,21:00,19.5,1,True,1,0.05135135135135135,0.9511568123393317,1
2024-03-29,2x2,Exeter,Charlton,12:00,17.0,1,True,1,0.059375,0.943952802359882,11
2024-03-29,2x2,Al Okhdood,Al Raed,16:00,18.0,2,True,1,0.055882352941176466,0.947075208913649,11
2024-03-29,2x2,Boreham Wood,Dag & Red,12:00,18.5,3,True,1,0.054285714285714284,0.948509485094851,11
2024-03-29,2x2,Port Vale,Bristol Rovers,12:00,18.5,4,False,1,0.054285714285714284,0.948509485094851,11
2024-03-29,2x2,Lille,Lens,17:00,19.0,5,False,1,0.05277777777777778,0.949868073878628,11
2024-03-29,2x2,FC Emmen,Jong Ajax,16:00,19.0,6,False,1,0.05277777777777778,0.949868073878628,11
2024-03-29,2x2,Wycombe,Portsmouth,12:00,19.5,7,False,1,0.05135135135135135,0.9511568123393317,11
2024-03-29,2x2,Hull,Stoke,12:00,19.5,8,False,1,0.05135135135135135,0.9511568123393317,11
2024-03-29,2x2,Bellinzona,Aarau,16:15,19.5,9,False,1,0.05135135135135135,0.9511568123393317,11
2024-03-29,2x2,Al Ettifaq,Al Ahli SC,16:00,19.5,10,False,0,-1.0,0.9511568123393317,11
2024-03-29,2x2,QPR,Birmingham,12:00,20.0,11,False,1,0.049999999999999996,0.9523809523809524,11
2024-03-30,2x2,Fiorentina,AC Milan,16:45,17.0,1,True,1,0.059375,0.943952802359882,16
2024-03-30,2x2,Bayern Munich,Dortmund,14:30,18.0,2,True,1,0.055882352941176466,0.947075208913649,16
2024-03-30,2x2,Austin FC,FC Dallas,21:30,18.0,3,True,1,0.055882352941176466,0.947075208913649,16
2024-03-30,2x2,Almeria,Osasuna,12:15,18.5,4,False,1,0.054285714285714284,0.948509485094851,16
2024-03-30,2x2,Anderlecht,Antwerp,16:45,18.5,5,False,1,0.054285714285714284,0.948509485094851,16
2024-03-30,2x2,Suwon FC,Gimcheon Sangmu,04:30,19.5,6,False,1,0.05135135135135135,0.9511568123393317,16
2024-03-30,2x2,Nottingham,Crystal Palace,12:00,19.5,7,False,1,0.05135135135135135,0.9511568123393317,16
2024-03-30,2x2,Volos,Kifisia,12:30,19.5,8,False,1,0.05135135135135135,0.9511568123393317,16
2024-03-30,2x2,Sparta Rotterdam,Sittard,14:45,19.5,9,False,1,0.05135135135135135,0.9511568123393317,16
2024-03-30,2x2,Orlando City,New York Red Bulls,20:30,19.5,10,False,1,0.05135135135135135,0.9511568123393317,16
2024-03-30,2x2,Getafe,Sevilla,10:00,20.0,11,False,1,0.049999999999999996,0.9523809523809524,16
2024-03-30,2x2,Genoa,Frosinone,11:00,20.0,12,False,1,0.049999999999999996,0.9523809523809524,16
2024-03-30,2x2,Eintracht Frankfurt,Union Berlin,11:30,20.0,13,False,1,0.049999999999999996,0.9523809523809524,16
2024-03-30,2x2,Qingdao West Coast,Qingdao Hainiu,08:35,20.0,14,False,1,0.049999999999999996,0.9523809523809524,16
2024-03-30,2x2,Basel,Zurich,16:30,20.0,15,False,0,-1.0,0.9523809523809524,16
2024-03-30,2x2,OFI Crete,Atromitos,15:00,20.0,16,False,1,0.049999999999999996,0.9523809523809524,16
2024-03-31,2x2,Clermont,Toulouse,10:00,18.0,1,True,1,0.055882352941176466,0.947075208913649,5
2024-03-31,2x2,Le Havre,Montpellier,10:00,18.5,2,True,1,0.054285714285714284,0.948509485094851,5
2024-03-31,2x2,Progreso,Maldonado,15:00,19.5,3,True,1,0.05135135135135135,0.9511568123393317,5
2024-03-31,2x2,Liverpool,Brighton,10:00,20.0,4,False,1,0.049999999999999996,0.9523809523809524,5
2024-03-31,2x2,RFC Liege,Beveren,14:15,20.0,5,False,1,0.049999999999999996,0.9523809523809524,5
2024-04-01,2x2,Plymouth,Bristol City,11:00,17.5,1,True,1,0.05757575757575757,0.9455587392550143,18
2024-04-01,2x2,Sassuolo,Udinese,10:00,18.5,2,True,1,0.054285714285714284,0.948509485094851,18
2024-04-01,2x2,Birmingham,Preston,11:00,18.5,3,False,1,0.054285714285714284,0.948509485094851,18
2024-04-01,2x2,Swansea,QPR,11:00,18.5,4,False,1,0.054285714285714284,0.948509485094851,18
2024-04-01,2x2,Grasshoppers,Lausanne,11:30,18.5,5,True,1,0.054285714285714284,0.948509485094851,18
2024-04-01,2x2,Morecambe,Barrow,11:00,19.0,6,False,1,0.05277777777777778,0.949868073878628,18
2024-04-01,2x2,Sunderland,Blackburn,11:00,19.0,7,False,1,0.05277777777777778,0.949868073878628,18
2024-04-01,2x2,Leyton Orient,Peterborough,11:00,19.0,8,False,1,0.05277777777777778,0.949868073878628,18
2024-04-01,2x2,Cheltenham,Exeter,11:00,19.5,9,False,1,0.05135135135135135,0.9511568123393317,18
2024-04-01,2x2,Stoke,Huddersfield,11:00,19.5,10,False,1,0.05135135135135135,0.9511568123393317,18
2024-04-01,2x2,Pisa,Palermo,10:00,19.5,11,False,1,0.05135135135135135,0.9511568123393317,18
2024-04-01,2x2,Goteborg,Djurgarden,09:00,19.5,12,False,1,0.05135135135135135,0.9511568123393317,18
2024-04-01,2x2,Parma,Catanzaro,10:00,20.0,13,False,1,0.049999999999999996,0.9523809523809524,18
2024-04-01,2x2,Cagliari,Verona,10:00,20.0,14,False,1,0.049999999999999996,0.9523809523809524,18
2024-04-01,2x2,Cambridge Utd,Wigan,11:00,20.0,15,False,1,0.049999999999999996,0.9523809523809524,18
2024-04-01,2x2,Puszcza,Radomiak Radom,07:30,20.0,16,False,1,0.049999999999999996,0.9523809523809524,18
2024-04-01,2x2,Charlton,Stevenage,11:00,20.0,17,False,1,0.049999999999999996,0.9523809523809524,18
2024-04-01,2x2,Al Raed,Al Khaleej,16:00,20.0,18,False,1,0.049999999999999996,0.9523809523809524,18
2024-04-02,2x2,KFUM Oslo,HamKam,14:00,17.5,1,True,1,0.05757575757575757,0.9455587392550143,4
2024-04-02,2x2,Doncaster,Wrexham,15:45,17.5,2,True,1,0.05757575757575757,0.9455587392550143,4
2024-04-02,2x2,Sittard,Nijmegen,16:00,19.0,3,True,1,0.05277777777777778,0.949868073878628,4
2024-04-02,2x2,Odense,Vejle,14:00,20.0,4,False,1,0.049999999999999996,0.9523809523809524,4
2024-04-03,2x2,Iwata,Albirex Niigata,07:00,20.0,1,True,1,0.049999999999999996,0.9523809523809524,1
2024-04-04,2x2,Waalwijk,Almere City,15:00,18.5,1,True,1,0.054285714285714284,0.948509485094851,2
2024-04-04,2x2,Ajax,G.A. Eagles,16:00,19.5,2,True,1,0.05135135135135135,0.9511568123393317,2
2024-04-05,2x2,Lyngby,Odense,14:00,18.0,1,True,1,0.055882352941176466,0.947075208913649,4
2024-04-05,2x2,Rotherham,Plymouth,16:00,19.0,2,True,1,0.05277777777777778,0.949868073878628,4
2024-04-05,2x2,Beijing Guoan,Shanghai Port,08:35,19.5,3,True,0,-1.0,0.9511568123393317,4
2024-04-05,2x2,Lille,Marseille,16:00,19.5,4,False,1,0.05135135135135135,0.9511568123393317,4
2024-04-06,2x2,Colchester,Wrexham,11:00,17.5,1,True,1,0.05757575757575757,0.9455587392550143,17
2024-04-06,2x2,Reading,Lincoln,11:00,18.0,2,True,1,0.055882352941176466,0.947075208913649,17
2024-04-06,2x2,Caen,Bordeaux,14:00,18.0,3,True,1,0.055882352941176466,0.947075208913649,17
2024-04-06,2x2,Gimcheon Sangmu,Gwangju FC,04:30,19.0,4,False,1,0.05277777777777778,0.949868073878628,17
2024-04-06,2x2,Watford,Preston,11:00,19.0,5,False,1,0.05277777777777778,0.949868073878628,17
2024-04-06,2x2,FC Rapid Bucuresti,CFR Cluj,14:30,19.0,6,False,1,0.05277777777777778,0.949868073878628,17
2024-04-06,2x2,Ternana,Modena,09:00,19.0,7,False,1,0.05277777777777778,0.949868073878628,17
2024-04-06,2x2,Chicago Fire,Houston Dynamo,21:30,19.0,8,False,1,0.05277777777777778,0.949868073878628,17
2024-04-06,2x2,Wil,Bellinzona,13:00,19.5,9,False,1,0.05135135135135135,0.9511568123393317,17
2024-04-06,2x2,AS Roma,Lazio,13:00,19.5,10,False,1,0.05135135135135135,0.9511568123393317,17
2024-04-06,2x2,Servette,Zurich,15:30,19.5,11,False,1,0.05135135135135135,0.9511568123393317,17
2024-04-06,2x2,Wigan,Port Vale,11:00,19.5,12,False,1,0.05135135135135135,0.9511568123393317,17
2024-04-06,2x2,Royal Pari,Aurora,17:00,19.5,13,False,1,0.05135135135135135,0.9511568123393317,17
2024-04-06,2x2,Liberec,Slovacko,10:00,19.5,14,False,1,0.05135135135135135,0.9511568123393317,17
2024-04-06,2x2,Sandhausen,Dortmund II,09:00,20.0,15,False,1,0.049999999999999996,0.9523809523809524,17
2024-04-06,2x2,Heidenheim,Bayern Munich,10:30,20.0,16,False,1,0.049999999999999996,0.9523809523809524,17
2024-04-06,2x2,Cardiff,Hull,11:00,20.0,17,False,1,0.049999999999999996,0.9523809523809524,17
2024-04-07,2x2,Kyoto,Iwata,02:00,18.0,1,True,1,0.055882352941176466,0.947075208913649,9
2024-04-07,2x2,Jablonec,Ostrava,10:00,18.0,2,True,1,0.055882352941176466,0.947075208913649,9
2024-04-07,2x2,Reims,Nice,10:00,18.5,3,True,1,0.054285714285714284,0.948509485094851,9
2024-04-07,2x2,Frosinone,Bologna,07:30,19.0,4,False,1,0.05277777777777778,0.949868073878628,9
2024-04-07,2x2,Lech Poznan,Pogon Szczecin,10:00,19.0,5,False,1,0.05277777777777778,0.949868073878628,9
2024-04-07,2x2,Nantes,Lyon,15:45,19.0,6,False,1,0.05277777777777778,0.949868073878628,9
2024-04-07,2x2,Eupen,Kortrijk,11:00,20.0,7,False,1,0.049999999999999996,0.9523809523809524,9
2024-04-07,2x2,Tottenham,Nottingham,14:00,20.0,8,False,1,0.049999999999999996,0.9523809523809524,9
2024-04-07,2x2,Union La Calera,O'Higgins,16:00,20.0,9,False,1,0.049999999999999996,0.9523809523809524,9
2024-04-08,2x2,Zaglebie,Gornik Zabrze,14:00,18.5,1,True,1,0.054285714285714284,0.948509485094851,1
2024-04-09,2x2,Helsingborg,Brage,14:00,18.5,1,True,1,0.054285714285714284,0.948509485094851,4
2024-04-09,2x2,Stevenage,Barnsley,15:45,18.5,2,True,1,0.054285714285714284,0.948509485094851,4
2024-04-09,2x2,Plymouth,QPR,15:45,19.0,3,True,1,0.05277777777777778,0.949868073878628,4
2024-04-09,2x2,Morecambe,Crewe,15:45,19.0,4,False,1,0.05277777777777778,0.949868073878628,4
2024-04-10,2x2,Bristol City,Blackburn,15:45,18.5,1,True,1,0.054285714285714284,0.948509485094851,5
2024-04-10,2x2,Meizhou Hakka,Qingdao Hainiu,09:00,18.5,2,True,1,0.054285714285714284,0.948509485094851,5
2024-04-10,2x2,Chengdu Rongcheng,Zhejiang Professional,08:35,19.0,3,True,1,0.05277777777777778,0.949868073878628,5
2024-04-10,2x2,Qingdao West Coast,Tianjin Jinmen Tiger,08:00,19.5,4,False,1,0.05135135135135135,0.9511568123393317,5
2024-04-10,2x2,Wycombe,Derby,15:45,19.5,5,False,1,0.05135135135135135,0.9511568123393317,5
2024-04-11,2x2,Plzen,Fiorentina,13:45,20.0,1,True,1,0.049999999999999996,0.9523809523809524,1
2024-04-12,2x2,Augsburg,Union Berlin,15:30,18.0,1,True,1,0.055882352941176466,0.947075208913649,7
2024-04-12,2x2,VPS,SJK,13:00,19.0,2,True,1,0.05277777777777778,0.949868073878628,7
2024-04-12,2x2,Naestved,Horsens,13:30,19.0,3,True,1,0.05277777777777778,0.949868073878628,7
2024-04-12,2x2,Hobro,Aalborg,13:30,19.0,4,False,1,0.05277777777777778,0.949868073878628,7
2024-04-12,2x2,Betis,Celta Vigo,16:00,19.0,5,False,1,0.05277777777777778,0.949868073878628,7
2024-04-12,2x2,Avranches,Epinal,14:30,20.0,6,False,1,0.049999999999999996,0.9523809523809524,7
2024-04-12,2x2,Plymouth,Leicester,16:00,20.0,7,False,1,0.049999999999999996,0.9523809523809524,7
2024-04-13,2x2,Preston,Norwich,11:00,17.0,1,True,1,0.059375,0.943952802359882,20
2024-04-13,2x2,FC Halifax,Barnet,11:00,17.0,2,True,1,0.059375,0.943952802359882,20
2024-04-13,2x2,Nottingham,Wolves,11:00,17.0,3,True,0,-1.0,0.943952802359882,20
2024-04-13,2x2,Bolton,Portsmouth,11:00,17.5,4,False,1,0.05757575757575757,0.9455587392550143,20
2024-04-13,2x2,Strasbourg,Reims,12:00,18.0,5,False,1,0.055882352941176466,0.947075208913649,20
2024-04-13,2x2,Swindon,AFC Wimbledon,11:00,18.5,6,False,1,0.054285714285714284,0.948509485094851,20
2024-04-13,2x2,Cambridge Utd,Charlton,11:00,18.5,7,False,1,0.054285714285714284,0.948509485094851,20
2024-04-13,2x2,Caen,Rodez,14:00,18.5,8,False,1,0.054285714285714284,0.948509485094851,20
2024-04-13,2x2,Lausanne,Zurich,13:00,19.0,9,False,1,0.05277777777777778,0.949868073878628,20
2024-04-13,2x2,Almere City,Sparta Rotterdam,16:00,19.0,10,False,1,0.05277777777777778,0.949868073878628,20
2024-04-13,2x2,Stuttgart,Eintracht Frankfurt,13:30,19.0,11,False,1,0.05277777777777778,0.949868073878628,20
2024-04-13,2x2,Fredrikstad,Sarpsborg 08,13:00,19.0,12,False,0,-1.0,0.949868073878628,20
2024-04-13,2x2,Barry,Aberystwyth,10:30,19.5,13,False,1,0.05135135135135135,0.9511568123393317,20
2024-04-13,2x2,Ehime,Kagoshima Utd,04:00,19.5,14,False,0,-1.0,0.9511568123393317,20
2024-04-13,2x2,Holstein Kiel,VfL Osnabruck,08:00,19.5,15,False,1,0.05135135135135135,0.9511568123393317,20
2024-04-13,2x2,Bristol City,Huddersfield,11:00,20.0,16,False,1,0.049999999999999996,0.9523809523809524,20
2024-04-13,2x2,Port Vale,Exeter,11:00,20.0,17,False,1,0.049999999999999996,0.9523809523809524,20
2024-04-13,2x2,Hartlepool,Dag & Red,11:00,20.0,18,False,1,0.049999999999999996,0.9523809523809524,20
2024-04-13,2x2,Panserraikos,OFI Crete,09:00,20.0,19,False,0,-1.0,0.9523809523809524,20
2024-04-13,2x2,FC Dallas,Seattle Sounders,21:30,20.0,20,False,1,0.049999999999999996,0.9523809523809524,20
2024-04-14,2x2,Braunschweig,Hannover,08:30,17.0,1,True,1,0.059375,0.943952802359882,10
2024-04-14,2x2,Monterrey,Tigres UANL,00:10,18.0,2,True,1,0.055882352941176466,0.947075208913649,10
2024-04-14,2x2,Midtjylland,FC Copenhagen,13:00,18.5,3,True,0,-1.0,0.948509485094851,10
2024-04-14,2x2,Lyon,Brest,15:45,18.5,4,False,1,0.054285714285714284,0.948509485094851,10
2024-04-14,2x2,Kumamoto,Kofu,02:00,19.5,5,False,1,0.05135135135135135,0.9511568123393317,10
2024-04-14,2x2,Las Palmas,Sevilla,09:00,19.5,6,False,1,0.05135135135135135,0.9511568123393317,10
2024-04-14,2x2,Kortrijk,Charleroi,11:00,19.5,7,False,1,0.05135135135135135,0.9511568123393317,10
2024-04-14,2x2,Melbourne City,Perth Glory,02:00,19.5,8,False,1,0.05135135135135135,0.9511568123393317,10
2024-04-14,2x2,Burgos CF,Racing Santander,13:30,19.5,9,False,1,0.05135135135135135,0.9511568123393317,10
2024-04-14,2x2,Vasco,Gremio,16:00,19.5,10,False,1,0.05135135135135135,0.9511568123393317,10
2024-04-15,2x2,Zamalek,Al Ahly,14:00,18.5,1,True,1,0.054285714285714284,0.948509485094851,5
2024-04-15,2x2,Vizela,Chaves,16:15,18.5,2,True,1,0.054285714285714284,0.948509485094851,5
2024-04-15,2x2,FC Rapid Bucuresti,Sepsi Sf. Gheorghe,14:30,19.5,3,True,1,0.05135135135135135,0.9511568123393317,5
2024-04-15,2x2,Orgryte,Brage,14:00,20.0,4,False,1,0.049999999999999996,0.9523809523809524,5
2024-04-15,2x2,Grenoble,Angers,15:45,20.0,5,False,1,0.049999999999999996,0.9523809523809524,5
2024-04-16,2x2,Bahia,Fluminense,21:30,17.5,1,True,1,0.05757575757575757,0.9455587392550143,3
2024-04-16,2x2,KFUM Oslo,Stromsgodset,14:00,19.5,2,True,1,0.05135135135135135,0.9511568123393317,3
2024-04-16,2x2,Port Vale,Wycombe,15:45,19.5,3,True,1,0.05135135135135135,0.9511568123393317,3
2024-04-17,2x2,Palestino,Huachipato,16:30,18.0,1,True,1,0.055882352941176466,0.947075208913649,2
2024-04-17,2x2,Gremio,Athletico-PR,19:00,19.0,2,True,1,0.05277777777777778,0.949868073878628,2
2024-04-19,2x2,Rio Ave,Arouca,16:15,18.5,1,True,1,0.054285714285714284,0.948509485094851,3
2024-04-19,2x2,Beerschot VA,Patro Eisden,15:00,19.5,2,True,1,0.05135135135135135,0.9511568123393317,3
2024-04-19,2x2,Oxford Utd,Stevenage,16:00,20.0,3,True,1,0.049999999999999996,0.9523809523809524,3
2024-04-20,2x2,CF Montreal,Orlando City,20:30,17.0,1,True,0,-1.0,0.943952802359882,14
2024-04-20,2x2,Huddersfield,Swansea,11:00,17.5,2,True,1,0.05757575757575757,0.9455587392550143,14
2024-04-20,2x2,Racing Santander,Levante,11:15,18.0,3,True,1,0.055882352941176466,0.947075208913649,14
2024-04-20,2x2,Stoke,Plymouth,11:00,18.5,4,False,1,0.054285714285714284,0.948509485094851,14
2024-04-20,2x2,Doncaster,Barrow,11:00,18.5,5,False,1,0.054285714285714284,0.948509485094851,14
2024-04-20,2x2,Ruch Chorzow,Widzew Lodz,12:30,19.0,6,False,1,0.05277777777777778,0.949868073878628,14
2024-04-20,2x2,Mansfield,Gillingham,11:00,19.0,7,False,1,0.05277777777777778,0.949868073878628,14
2024-04-20,2x2,Blackpool,Barnsley,11:00,19.0,8,False,1,0.05277777777777778,0.949868073878628,14
2024-04-20,2x2,Los Angeles FC,New York Red Bulls,23:30,19.0,9,False,0,-1.0,0.949868073878628,14
2024-04-20,2x2,Nantes,Rennes,12:00,19.0,10,False,1,0.05277777777777778,0.949868073878628,14
2024-04-20,2x2,Skovde AIK,Trelleborg,08:00,19.5,11,False,1,0.05135135135135135,0.9511568123393317,14
2024-04-20,2x2,Heidenheim,RB Leipzig,10:30,19.5,12,False,1,0.05135135135135135,0.9511568123393317,14
2024-04-20,2x2,Northampton,Exeter,10:00,20.0,13,False,1,0.049999999999999996,0.9523809523809524,14
2024-04-20,2x2,Verona,Udinese,15:45,20.0,14,False,1,0.049999999999999996,0.9523809523809524,14
2024-04-21,2x2,Fulham,Liverpool,12:30,16.5,1,True,1,0.06129032258064516,0.9422492401215806,13
2024-04-21,2x2,Halmstad,Brommapojkarna,11:30,17.5,2,True,1,0.05757575757575757,0.9455587392550143,13
2024-04-21,2x2,Toulouse,Marseille,14:00,17.5,3,True,0,-1.0,0.9455587392550143,13
2024-04-21,2x2,Sassuolo,Lecce,07:30,18.0,4,False,1,0.055882352941176466,0.947075208913649,13
2024-04-21,2x2,Everton,Nottingham,09:30,18.0,5,False,1,0.055882352941176466,0.947075208913649,13
2024-04-21,2x2,GAIS,Mjallby,09:00,18.5,6,False,1,0.054285714285714284,0.948509485094851,13
2024-04-21,2x2,Aalborg,Kolding IF,10:00,19.5,7,False,1,0.05135135135135135,0.9511568123393317,13
2024-04-21,2x2,Brondby,Midtjylland,13:00,19.5,8,False,1,0.05135135135135135,0.9511568123393317,13
2024-04-21,2x2,Monza,Atalanta,15:45,19.5,9,False,1,0.05135135135135135,0.9511568123393317,13
2024-04-21,2x2,Huachipato,Deportes Iquique,13:30,19.5,10,False,1,0.05135135135135135,0.9511568123393317,13
2024-04-21,2x2,Brage,Landskrona,10:00,20.0,11,False,1,0.049999999999999996,0.9523809523809524,13
2024-04-21,2x2,Haugesund,Rosenborg,12:00,20.0,12,False,1,0.049999999999999996,0.9523809523809524,13
2024-04-21,2x2,Kristiansund,Tromso,12:00,20.0,13,False,1,0.049999999999999996,0.9523809523809524,13
2024-04-22,2x2,Thun,Sion,15:15,19.0,1,True,1,0.05277777777777778,0.949868073878628,1
2024-04-23,2x2,Caen,Annecy,15:45,17.0,1,True,1,0.059375,0.943952802359882,4
2024-04-23,2x2,Degerfors,Helsingborg,14:00,19.0,2,True,1,0.05277777777777778,0.949868073878628,4
2024-04-23,2x2,Grenoble,St Etienne,15:45,19.0,3,True,1,0.05277777777777778,0.949868073878628,4
2024-04-23,2x2,Rodez,Paris FC,15:45,19.0,4,False,1,0.05277777777777778,0.949868073878628,4
2024-04-24,2x2,SK Rapid,Sturm Graz,15:30,18.0,1,True,1,0.055882352941176466,0.947075208913649,2
2024-04-24,2x2,Hartberg,LASK,13:30,18.5,2,True,1,0.054285714285714284,0.948509485094851,2
2024-04-25,2x2,Djurgarden,Malmo FF,14:00,18.0,1,True,1,0.055882352941176466,0.947075208913649,2
2024-04-25,2x2,Halmstad,Hammarby,14:00,20.0,2,True,1,0.049999999999999996,0.9523809523809524,2
2024-04-26,2x2,Wuhan Three Towns,Tianjin Jinmen Tiger,08:35,17.5,1,True,1,0.05757575757575757,0.9455587392550143,10
2024-04-26,2x2,Pisa,Catanzaro,15:30,17.5,2,True,0,-1.0,0.9455587392550143,10
2024-04-26,2x2,Damac,Al Taawon,12:00,18.5,3,True,1,0.054285714285714284,0.948509485094851,10
2024-04-26,2x2,Andorra,Racing Santander,15:30,18.5,4,False,1,0.054285714285714284,0.948509485094851,10
2024-04-26,2x2,Montpellier,Nantes,16:00,18.5,5,False,1,0.054285714285714284,0.948509485094851,10
2024-04-26,2x2,Real Sociedad,Real Madrid,16:00,19.0,6,False,1,0.05277777777777778,0.949868073878628,10
2024-04-26,2x2,O'Higgins,U. Espanola,20:00,19.0,7,False,0,-1.0,0.949868073878628,10
2024-04-26,2x2,Dep. Cuenca,Mushuc Runa,21:00,19.0,8,False,1,0.05277777777777778,0.949868073878628,10
2024-04-26,2x2,Parnu JK Vaprus,Nomme Utd,13:00,19.5,9,False,1,0.05135135135135135,0.9511568123393317,10
2024-04-26,2x2,Puebla,Club America,22:00,20.0,10,False,1,0.049999999999999996,0.9523809523809524,10
2024-04-27,2x2,Everton,Brentford,13:30,16.5,1,True,1,0.06129032258064516,0.9422492401215806,24
2024-04-27,2x2,West Ham,Liverpool,08:30,17.0,2,True,0,-1.0,0.943952802359882,24
2024-04-27,2x2,Ruzomberok,Podbrezova,13:00,17.5,3,True,1,0.05757575757575757,0.9455587392550143,24
2024-04-27,2x2,Concarneau,Rodez,14:00,18.0,4,False,1,0.055882352941176466,0.947075208913649,24
2024-04-27,2x2,Cusco,Cienciano,19:30,18.0,5,False,1,0.055882352941176466,0.947075208913649,24
2024-04-27,2x2,Millwall,Plymouth,11:00,18.5,6,False,1,0.054285714285714284,0.948509485094851,24
2024-04-27,2x2,Huddersfield,Birmingham,11:00,18.5,7,False,1,0.054285714285714284,0.948509485094851,24
2024-04-27,2x2,Stevenage,Cheltenham,08:30,18.5,8,False,1,0.054285714285714284,0.948509485094851,24
2024-04-27,2x2,Juventus,AC Milan,13:00,19.0,9,False,1,0.05277777777777778,0.949868073878628,24
2024-04-27,2x2,Almeria,Getafe,11:15,19.0,10,False,1,0.05277777777777778,0.949868073878628,24
2024-04-27,2x2,Watford,Sunderland,11:00,19.0,11,False,1,0.05277777777777778,0.949868073878628,24
2024-04-27,2x2,Queretaro,UNAM Pumas,00:10,19.0,12,False,1,0.05277777777777778,0.949868073878628,24
2024-04-27,2x2,Cardiff,Middlesbrough,11:00,19.0,13,False,1,0.05277777777777778,0.949868073878628,24
2024-04-27,2x2,Landskrona,Utsikten,10:00,19.5,14,False,1,0.05135135135135135,0.9511568123393317,24
2024-04-27,2x2,Sampdoria,Como,11:15,19.5,15,False,1,0.05135135135135135,0.9511568123393317,24
2024-04-27,2x2,Bayern Munich,Eintracht Frankfurt,10:30,19.5,16,False,1,0.05135135135135135,0.9511568123393317,24
2024-04-27,2x2,Los Angeles FC,Portland Timbers,23:30,19.5,17,False,1,0.05135135135135135,0.9511568123393317,24
2024-04-27,2x2,Vizela,Rio Ave,11:30,19.5,18,False,1,0.05135135135135135,0.9511568123393317,24
2024-04-27,2x2,Atl. Madrid,Ath Bilbao,16:00,19.5,19,False,1,0.05135135135135135,0.9511568123393317,24
2024-04-27,2x2,Laval,Bordeaux,14:00,19.5,20,False,1,0.05135135135135135,0.9511568123393317,24
2024-04-27,2x2,Albirex Niigata,FC Tokyo,02:00,20.0,21,False,1,0.049999999999999996,0.9523809523809524,24
2024-04-27,2x2,Widzew Lodz,Rakow,15:00,20.0,22,False,1,0.049999999999999996,0.9523809523809524,24
2024-04-27,2x2,Bahia,Gremio,21:00,20.0,23,False,1,0.049999999999999996,0.9523809523809524,24
2024-04-27,2x2,FC Dallas,Houston Dynamo,21:30,20.0,24,False,1,0.049999999999999996,0.9523809523809524,24
2024-04-28,2x2,B. Monchengladbach,Union Berlin,10:30,17.0,1,True,1,0.059375,0.943952802359882,20
2024-04-28,2x2,Lorient,Toulouse,10:00,18.0,2,True,1,0.055882352941176466,0.947075208913649,20
2024-04-28,2x2,Estoril,Famalicao,14:00,18.5,3,True,1,0.054285714285714284,0.948509485094851,20
2024-04-28,2x2,Dun. Streda,Slovan Bratislava,12:30,18.5,4,False,1,0.054285714285714284,0.948509485094851,20
2024-04-28,2x2,Necaxa,Monterrey,21:00,18.5,5,False,1,0.054285714285714284,0.948509485094851,20
2024-04-28,2x2,Strasbourg,Nice,10:00,19.0,6,False,1,0.05277777777777778,0.949868073878628,20
2024-04-28,2x2,Hartberg,A. Klagenfurt,09:30,19.0,7,False,1,0.05277777777777778,0.949868073878628,20
2024-04-28,2x2,Atlas,Guadalajara Chivas,00:10,19.0,8,False,1,0.05277777777777778,0.949868073878628,20
2024-04-28,2x2,Rennes,Brest,12:05,19.0,9,False,1,0.05277777777777778,0.949868073878628,20
2024-04-28,2x2,Fredrikstad,Sandefjord,12:00,19.0,10,False,1,0.05277777777777778,0.949868073878628,20
2024-04-28,2x2,Portimonense,Moreirense,11:30,19.0,11,False,1,0.05277777777777778,0.949868073878628,20
2024-04-28,2x2,Radomiak Radom,Zaglebie,07:30,19.0,12,False,1,0.05277777777777778,0.949868073878628,20
2024-04-28,2x2,Betis,Sevilla,16:00,19.0,13,False,1,0.05277777777777778,0.949868073878628,20
2024-04-28,2x2,LASK,SK Rapid,09:30,19.5,14,False,1,0.05135135135135135,0.9511568123393317,20
2024-04-28,2x2,Orebro,Brage,10:00,19.5,15,False,1,0.05135135135135135,0.9511568123393317,20
2024-04-28,2x2,Metz,Lille,08:00,20.0,16,False,1,0.049999999999999996,0.9523809523809524,20
2024-04-28,2x2,Lyn,Ranheim,12:00,20.0,17,False,1,0.049999999999999996,0.9523809523809524,20
2024-04-28,2x2,Sydney FC,Perth Glory,02:00,20.0,18,False,1,0.049999999999999996,0.9523809523809524,20
2024-04-28,2x2,Jaguares de Cordoba,Santa Fe,19:00,20.0,19,False,1,0.049999999999999996,0.9523809523809524,20
2024-04-28,2x2,Deportes Iquique,Palestino,21:30,20.0,20,False,1,0.049999999999999996,0.9523809523809524,20
2024-04-29,2x2,Puszcza,Korona Kielce,14:00,20.0,1,True,1,0.049999999999999996,0.9523809523809524,2
2024-04-29,2x2,EL Nacional,Delfin,21:00,20.0,2,True,1,0.049999999999999996,0.9523809523809524,2
2024-05-01,2x2,Spezia,Palermo,10:00,17.5,1,True,1,0.05757575757575757,0.9455587392550143,4
2024-05-01,2x2,Cremonese,Pisa,07:30,19.0,2,True,1,0.05277777777777778,0.949868073878628,4
2024-05-01,2x2,Lecco,Sampdoria,13:00,19.0,3,True,1,0.05277777777777778,0.949868073878628,4
2024-05-01,2x2,Reggiana,Modena,13:00,19.5,4,False,1,0.05135135135135135,0.9511568123393317,4
2024-05-02,2x2,Marseille,Atalanta,16:00,16.5,1,True,1,0.06129032258064516,0.9422492401215806,3
2024-05-02,2x2,Necaxa,Queretaro,22:00,18.0,2,True,1,0.055882352941176466,0.947075208913649,3
2024-05-02,2x2,Zamalek,National Bank Egypt,13:00,19.5,3,True,1,0.05135135135135135,0.9511568123393317,3
2024-05-03,2x2,Hoffenheim,RB Leipzig,15:30,16.5,1,True,1,0.06129032258064516,0.9422492401215806,14
2024-05-03,2x2,Lubeck,Duisburg,14:00,18.0,2,True,1,0.055882352941176466,0.947075208913649,14
2024-05-03,2x2,Avranches,Nancy,14:30,18.5,3,True,1,0.054285714285714284,0.948509485094851,14
2024-05-03,2x2,Liefering,Sturm Graz II,13:10,18.5,4,False,1,0.054285714285714284,0.948509485094851,14
2024-05-03,2x2,Moreirense,Vizela,16:15,18.5,5,False,1,0.054285714285714284,0.948509485094851,14
2024-05-03,2x2,Abha,Al Ittihad,15:00,19.0,6,False,1,0.05277777777777778,0.949868073878628,14
2024-05-03,2x2,Roda,Cambuur,15:00,19.0,7,False,1,0.05277777777777778,0.949868073878628,14
2024-05-03,2x2,Kumamoto,Kagoshima Utd,02:00,19.0,8,False,0,-1.0,0.949868073878628,14
2024-05-03,2x2,Ruch Chorzow,Lech Poznan,15:30,19.0,9,False,1,0.05277777777777778,0.949868073878628,14
2024-05-03,2x2,Quevilly Rouen,Dunkerque,15:00,19.5,10,False,1,0.05135135135135135,0.9511568123393317,14
2024-05-03,2x2,ZED,Arab Contractors,13:00,19.5,11,False,1,0.05135135135135135,0.9511568123393317,14
2024-05-03,2x2,FC Tokyo,Kyoto,03:00,20.0,12,False,1,0.049999999999999996,0.9523809523809524,14
2024-05-03,2x2,Grenoble,Concarneau,15:00,20.0,13,False,1,0.049999999999999996,0.9523809523809524,14
2024-05-03,2x2,Nacional Asuncion,Sp. Luqueno,21:00,20.0,14,False,1,0.049999999999999996,0.9523809523809524,14
2024-05-04,2x2,Racing Santander,Elche,13:30,17.5,1,True,1,0.05757575757575757,0.9455587392550143,19
2024-05-04,2x2,Sandviken,Brage,08:00,18.0,2,True,1,0.055882352941176466,0.947075208913649,19
2024-05-04,2x2,Toronto FC,FC Dallas,20:30,18.0,3,True,1,0.055882352941176466,0.947075208913649,19
2024-05-04,2x2,Swansea,Millwall,08:30,18.5,4,False,1,0.054285714285714284,0.948509485094851,19
2024-05-04,2x2,Metz,Rennes,14:00,18.5,5,False,1,0.054285714285714284,0.948509485094851,19
2024-05-04,2x2,Sassuolo,Inter,15:45,18.5,6,False,1,0.054285714285714284,0.948509485094851,19
2024-05-04,2x2,Boavista,Gil Vicente,11:30,18.5,7,False,1,0.054285714285714284,0.948509485094851,19
2024-05-04,2x2,Sydney FC,Macarthur FC,06:45,18.5,8,False,1,0.054285714285714284,0.948509485094851,19
2024-05-04,2x2,Z. Moravce-Vrable,Skalica,13:00,19.0,9,False,1,0.05277777777777778,0.949868073878628,19
2024-05-04,2x2,Koper,Domzale,12:30,19.0,10,False,1,0.05277777777777778,0.949868073878628,19
2024-05-04,2x2,Metalist 1925,Vorskla Poltava,12:00,19.0,11,False,1,0.05277777777777778,0.949868073878628,19
2024-05-04,2x2,Rotherham,Cardiff,08:30,19.5,12,False,1,0.05135135135135135,0.9511568123393317,19
2024-05-04,2x2,Guingamp,St Etienne,14:00,19.5,13,False,0,-1.0,0.9511568123393317,19
2024-05-04,2x2,SJK,KuPS,13:00,19.5,14,False,1,0.05135135135135135,0.9511568123393317,19
2024-05-04,2x2,Nashville SC,CF Montreal,21:30,19.5,15,False,1,0.05135135135135135,0.9511568123393317,19
2024-05-04,2x2,Oliveirense,Tondela,11:30,20.0,16,False,1,0.049999999999999996,0.9523809523809524,19
2024-05-04,2x2,Wanderers,Progreso,15:00,20.0,17,False,1,0.049999999999999996,0.9523809523809524,19
2024-05-04,2x2,Mjallby,Brommapojkarna,10:00,20.0,18,False,1,0.049999999999999996,0.9523809523809524,19
2024-05-04,2x2,Bragantino,Flamengo RJ,18:30,20.0,19,False,1,0.049999999999999996,0.9523809523809524,19
2024-05-05,2x2,SC Farense,Estoril,11:30,16.0,1,True,1,0.06333333333333332,0.9404388714733543,15
2024-05-05,2x2,Empoli,Frosinone,10:00,17.0,2,True,1,0.059375,0.943952802359882,15
2024-05-05,2x2,Kristiansund,HamKam,12:00,17.0,3,True,1,0.059375,0.943952802359882,15
2024-05-05,2x2,Liverpool,Tottenham,12:30,17.0,4,False,1,0.059375,0.943952802359882,15
2024-05-05,2x2,Suwon FC,Gangwon,02:00,18.5,5,False,1,0.054285714285714284,0.948509485094851,15
2024-05-05,2x2,Ostersund,Orebro,10:00,19.5,6,False,1,0.05135135135135135,0.9511568123393317,15
2024-05-05,2x2,Verona,Fiorentina,10:00,19.5,7,False,1,0.05135135135135135,0.9511568123393317,15
2024-05-05,2x2,Lyngby,Randers FC,09:00,19.5,8,False,1,0.05135135135135135,0.9511568123393317,15
2024-05-05,2x2,CFR Cluj,FC Rapid Bucuresti,15:30,19.5,9,False,1,0.05135135135135135,0.9511568123393317,15
2024-05-05,2x2,Modena,Como,10:00,20.0,10,False,1,0.049999999999999996,0.9523809523809524,15
2024-05-05,2x2,Osasuna,Betis,09:00,20.0,11,False,1,0.049999999999999996,0.9523809523809524,15
2024-05-05,2x2,Teplice,Liberec,10:00,20.0,12,False,1,0.049999999999999996,0.9523809523809524,15
2024-05-05,2x2,Palermo,Ascoli,10:00,20.0,13,False,0,-1.0,0.9523809523809524,15
2024-05-05,2x2,Haugesund,KFUM Oslo,12:00,20.0,14,False,1,0.049999999999999996,0.9523809523809524,15
2024-05-05,2x2,Sandefjord,Molde,12:00,20.0,15,False,1,0.049999999999999996,0.9523809523809524,15
2024-05-06,2x2,Crewe,Doncaster,13:30,18.0,1,True,1,0.055882352941176466,0.947075208913649,3
2024-05-06,2x2,GAIS,Goteborg,14:10,18.0,2,True,1,0.055882352941176466,0.947075208913649,3
2024-05-06,2x2,Vejle,Odense,14:00,19.0,3,True,1,0.05277777777777778,0.949868073878628,3
2024-05-09,2x2,Atalanta,Marseille,16:00,19.0,1,True,1,0.05277777777777778,0.949868073878628,1
2024-05-10,2x2,Sudtirol,Palermo,15:30,18.0,1,True,1,0.055882352941176466,0.947075208913649,9
2024-05-10,2x2,Modern Sport,National Bank Egypt,13:00,18.5,2,True,1,0.054285714285714284,0.948509485094851,9
2024-05-10,2x2,Dunkerque,Caen,15:45,18.5,3,True,0,-1.0,0.948509485094851,9
2024-05-10,2x2,Chaves,Famalicao,16:15,18.5,4,False,1,0.054285714285714284,0.948509485094851,9
2024-05-10,2x2,Paris FC,Guingamp,15:45,19.0,5,False,1,0.05277777777777778,0.949868073878628,9
2024-05-10,2x2,KuPS,VPS,12:00,19.5,6,False,1,0.05135135135135135,0.9511568123393317,9
2024-05-10,2x2,Willem II,Telstar,15:00,20.0,7,False,1,0.049999999999999996,0.9523809523809524,9
2024-05-10,2x2,Oss,NAC Breda,15:00,20.0,8,False,1,0.049999999999999996,0.9523809523809524,9
2024-05-10,2x2,Orleans,Red Star,16:00,20.0,9,False,1,0.049999999999999996,0.9523809523809524,9
2024-05-11,2x2,GAIS,Vasteras SK,12:30,17.5,1,True,1,0.05757575757575757,0.9455587392550143,15
2024-05-11,2x2,FC Koln,Union Berlin,10:30,18.0,2,True,1,0.055882352941176466,0.947075208913649,15
2024-05-11,2x2,Napoli,Bologna,13:00,18.0,3,True,1,0.055882352941176466,0.947075208913649,15
2024-05-11,2x2,Vizela,Estrela,11:30,18.0,4,False,1,0.055882352941176466,0.947075208913649,15
2024-05-11,2x2,Varberg,Orgryte,10:00,18.5,5,False,1,0.054285714285714284,0.948509485094851,15
2024-05-11,2x2,Atromitos,Asteras Tripolis,14:00,18.5,6,False,1,0.054285714285714284,0.948509485094851,15
2024-05-11,2x2,Al Masry,Pyramids,13:00,19.0,7,False,1,0.05277777777777778,0.949868073878628,15
2024-05-11,2x2,Portimonense,Rio Ave,11:30,19.0,8,False,0,-1.0,0.949868073878628,15
2024-05-11,2x2,Macara,Mushuc Runa,17:30,19.0,9,False,1,0.05277777777777778,0.949868073878628,15
2024-05-11,2x2,Molde,Rosenborg,13:00,19.5,10,False,0,-1.0,0.9511568123393317,15
2024-05-11,2x2,FC Dallas,Austin FC,21:30,19.5,11,False,1,0.05135135135135135,0.9511568123393317,15
2024-05-11,2x2,Arda,Botev Plovdiv,11:00,19.5,12,False,1,0.05135135135135135,0.9511568123393317,15
2024-05-11,2x2,Tottenham,Burnley,11:00,20.0,13,False,1,0.049999999999999996,0.9523809523809524,15
2024-05-11,2x2,Trelleborg,Utsikten,08:00,20.0,14,False,0,-1.0,0.9523809523809524,15
2024-05-11,2x2,Torreense,Feirense,10:00,20.0,15,False,1,0.049999999999999996,0.9523809523809524,15
2024-05-12,2x2,Genoa,Sassuolo,10:00,17.0,1,True,1,0.059375,0.943952802359882,14
2024-05-12,2x2,West Brom,Southampton,10:15,17.5,2,True,1,0.05757575757575757,0.9455587392550143,14
2024-05-12,2x2,Strasbourg,Metz,16:00,17.5,3,True,1,0.05757575757575757,0.9455587392550143,14
2024-05-12,2x2,Norwich,Leeds,08:00,18.0,4,False,1,0.055882352941176466,0.947075208913649,14
2024-05-12,2x2,Helsingborg,Sandviken,10:00,19.0,5,False,0,-1.0,0.949868073878628,14
2024-05-12,2x2,Winterthur,Zurich,09:15,19.0,6,False,1,0.05277777777777778,0.949868073878628,14
2024-05-12,2x2,Progreso,Defensor Sp.,15:00,19.0,7,False,1,0.05277777777777778,0.949868073878628,14
2024-05-12,2x2,Amorebieta,Villarreal B,09:00,19.5,8,False,1,0.05135135135135135,0.9511568123393317,14
2024-05-12,2x2,Bahia,Bragantino,18:30,19.5,9,False,1,0.05135135135135135,0.9511568123393317,14
2024-05-12,2x2,Ch. Odesa,Metalist 1925,09:30,19.5,10,False,1,0.05135135135135135,0.9511568123393317,14
2024-05-12,2x2,Lech Poznan,Legia,12:30,19.5,11,False,1,0.05135135135135135,0.9511568123393317,14
2024-05-12,2x2,LASK,Sturm Graz,12:00,20.0,12,False,0,-1.0,0.9523809523809524,14
2024-05-12,2x2,KFUM Oslo,Fredrikstad,12:00,20.0,13,False,1,0.049999999999999996,0.9523809523809524,14
2024-05-12,2x2,Manchester Utd,Arsenal,12:30,20.0,14,False,1,0.049999999999999996,0.9523809523809524,14
2024-05-14,2x2,Orebro,Degerfors,14:00,19.0,1,True,1,0.05277777777777778,0.949868073878628,2
2024-05-14,2x2,Tottenham,Manchester City,16:00,19.5,2,True,1,0.05135135135135135,0.9511568123393317,2
2024-05-15,2x2,Celta Vigo,Ath Bilbao,17:00,17.0,1,True,1,0.059375,0.943952802359882,6
2024-05-15,2x2,Austin FC,Houston Dynamo,21:30,17.0,2,True,1,0.059375,0.943952802359882,6
2024-05-15,2x2,Elfsborg,AIK,14:00,18.0,3,True,1,0.055882352941176466,0.947075208913649,6
2024-05-15,2x2,Vejle,Lyngby,13:00,19.0,4,False,1,0.05277777777777778,0.949868073878628,6
2024-05-15,2x2,Mjallby,Hammarby,14:00,19.0,5,False,1,0.05277777777777778,0.949868073878628,6
2024-05-15,2x2,Guadalajara Chivas,Club America,23:05,19.5,6,False,1,0.05135135135135135,0.9511568123393317,6
2024-05-16,2x2,National Bank Egypt,Al Masry,13:00,19.0,1,True,1,0.05277777777777778,0.949868073878628,5
2024-05-16,2x2,Las Palmas,Betis,14:30,19.0,2,True,0,-1.0,0.949868073878628,5
2024-05-16,2x2,Jablonec,FK Pardubice,12:00,19.5,3,True,1,0.05135135135135135,0.9511568123393317,5
2024-05-16,2x2,Fredrikstad,Stromsgodset,13:00,19.5,4,False,1,0.05135135135135135,0.9511568123393317,5
2024-05-16,2x2,Almeria,Barcelona,16:30,19.5,5,False,1,0.05135135135135135,0.9511568123393317,5
2024-05-17,2x2,Grenoble,Amiens,15:45,16.5,1,True,1,0.06129032258064516,0.9422492401215806,5
2024-05-17,2x2,Gefle,Sundsvall,14:00,17.5,2,True,1,0.05757575757575757,0.9455587392550143,5
2024-05-17,2x2,Trelleborg,Helsingborg,14:00,18.0,3,True,1,0.055882352941176466,0.947075208913649,5
2024-05-17,2x2,AC Oulu,Mariehamn,12:00,20.0,4,False,1,0.049999999999999996,0.9523809523809524,5
2024-05-17,2x2,Palermo,Sampdoria,15:30,20.0,5,False,1,0.049999999999999996,0.9523809523809524,5
2024-05-18,2x2,Union Berlin,Freiburg,10:30,17.5,1,True,1,0.05757575757575757,0.9455587392550143,9
2024-05-18,2x2,Moreirense,Estoril,14:00,17.5,2,True,1,0.05757575757575757,0.9455587392550143,9
2024-05-18,2x2,Huesca,Racing Santander,11:15,18.5,3,True,1,0.054285714285714284,0.948509485094851,9
2024-05-18,2x2,Eldense,Levante,16:00,18.5,4,False,1,0.054285714285714284,0.948509485094851,9
2024-05-18,2x2,Al Taawon,Al Shabab,13:20,19.0,5,False,1,0.05277777777777778,0.949868073878628,9
2024-05-18,2x2,Torino,AC Milan,15:45,19.5,6,False,1,0.05135135135135135,0.9511568123393317,9
2024-05-18,2x2,Bolton,Oxford Utd,12:15,20.0,7,False,1,0.049999999999999996,0.9523809523809524,9
2024-05-18,2x2,Andorra,Burgos CF,09:00,20.0,8,False,1,0.049999999999999996,0.9523809523809524,9
2024-05-18,2x2,Catanzaro,Brescia,15:30,20.0,9,False,1,0.049999999999999996,0.9523809523809524,9
2024-05-19,2x2,Chelsea,Bournemouth,12:00,16.5,1,True,1,0.06129032258064516,0.9422492401215806,13
2024-05-19,2x2,FC Volendam,G.A. Eagles,09:30,17.0,2,True,1,0.059375,0.943952802359882,13
2024-05-19,2x2,Cruz Azul,Monterrey,21:00,17.5,3,True,1,0.05757575757575757,0.9455587392550143,13
2024-05-19,2x2,Aucas,U. Catolica,17:30,17.5,4,False,0,-1.0,0.9455587392550143,13
2024-05-19,2x2,Oliveirense,Leixoes,10:00,18.5,5,False,1,0.054285714285714284,0.948509485094851,13
2024-05-19,2x2,FK Pardubice,Karvina,12:00,19.0,6,False,1,0.05277777777777778,0.949868073878628,13
2024-05-19,2x2,Betis,Real Sociedad,14:00,19.5,7,False,1,0.05135135135135135,0.9511568123393317,13
2024-05-19,2x2,Hammarby,AIK,09:00,19.5,8,False,1,0.05135135135135135,0.9511568123393317,13
2024-05-19,2x2,Monaco,Nantes,16:00,19.5,9,False,1,0.05135135135135135,0.9511568123393317,13
2024-05-19,2x2,Cherno More,Ludogorets,14:30,19.5,10,False,1,0.05135135135135135,0.9511568123393317,13
2024-05-19,2x2,Sandviken,Varberg,10:00,20.0,11,False,1,0.049999999999999996,0.9523809523809524,13
2024-05-19,2x2,Landskrona,Orebro,08:00,20.0,12,False,1,0.049999999999999996,0.9523809523809524,13
2024-05-19,2x2,Lechia Gdansk,Arka Gdynia,15:30,20.0,13,False,1,0.049999999999999996,0.9523809523809524,13
2024-05-20,2x2,Lyngby,Viborg,09:00,17.0,1,True,1,0.059375,0.943952802359882,3
2024-05-20,2x2,Palermo,Venezia,15:30,17.0,2,True,1,0.059375,0.943952802359882,3
2024-05-20,2x2,Floridsdorfer AC,Grazer AK,11:00,18.5,3,True,1,0.054285714285714284,0.948509485094851,3
2024-05-21,2x2,Keflavik,Afturelding,16:15,17.0,1,True,1,0.059375,0.943952802359882,4
2024-05-21,2x2,Rodez,Paris FC,15:30,18.5,2,True,0,-1.0,0.948509485094851,4
2024-05-21,2x2,Catanzaro,Cremonese,15:30,18.5,3,True,0,-1.0,0.948509485094851,4
2024-05-21,2x2,Goteborg,Mjallby,14:00,19.5,4,False,1,0.05135135135135135,0.9511568123393317,4
2024-05-22,2x2,Tomayapo,Universitario de Vinto,16:00,17.0,1,True,1,0.059375,0.943952802359882,2
2024-05-22,2x2,Barcelona SC,LDU Quito,21:00,20.0,2,True,1,0.049999999999999996,0.9523809523809524,2
2024-05-23,2x2,Ternana,Bari,15:30,18.0,1,True,1,0.055882352941176466,0.947075208913649,5
2024-05-23,2x2,Varberg,Oddevold,14:00,18.5,2,True,1,0.054285714285714284,0.948509485094851,5
2024-05-23,2x2,Brage,Degerfors,14:00,19.0,3,True,1,0.05277777777777778,0.949868073878628,5
2024-05-23,2x2,Orebro,Utsikten,14:00,19.5,4,False,1,0.05135135135135135,0.9511568123393317,5
2024-05-23,2x2,Cruz Azul,Club America,23:00,19.5,5,False,1,0.05135135135135135,0.9511568123393317,5
2024-05-24,2x2,Venezia,Palermo,15:30,17.5,1,True,1,0.05757575757575757,0.9455587392550143,3
2024-05-24,2x2,Genoa,Bologna,15:45,19.5,2,True,1,0.05135135135135135,0.9511568123393317,3
2024-05-24,2x2,Union La Calera,Coquimbo,20:00,20.0,3,True,1,0.049999999999999996,0.9523809523809524,3
2024-05-25,2x2,Real Sociedad,Atl. Madrid,11:15,17.5,1,True,1,0.05757575757575757,0.9455587392550143,3
2024-05-25,2x2,Karvina,Ceske Budejovice,13:00,19.0,2,True,1,0.05277777777777778,0.949868073878628,3
2024-05-25,2x2,Fujieda MYFC,Kagoshima Utd,02:00,19.5,3,True,1,0.05135135135135135,0.9511568123393317,3
2024-05-26,2x2,Frosinone,Udinese,15:45,15.5,1,True,1,0.06551724137931034,0.9385113268608415,10
2024-05-26,2x2,Racing Santander,Zaragoza,13:30,17.5,2,True,1,0.05757575757575757,0.9455587392550143,10
2024-05-26,2x2,Albacete,Mirandes,13:30,18.0,3,False,0,-1.0,0.947075208913649,10
2024-05-26,2x2,Leeds,Southampton,11:00,18.0,4,True,1,0.055882352941176466,0.947075208913649,10
2024-05-26,2x2,Oriente Petrolero,The Strongest,20:30,18.5,5,False,1,0.054285714285714284,0.948509485094851,10
2024-05-26,2x2,Celta Vigo,Valencia,11:15,18.5,6,False,0,-1.0,0.948509485094851,10
2024-05-26,2x2,Helsingborg,Landskrona,11:00,19.0,7,False,1,0.05277777777777778,0.949868073878628,10
2024-05-26,2x2,Las Palmas,Alaves,11:15,19.0,8,False,1,0.05277777777777778,0.949868073878628,10
2024-05-26,2x2,Gefle,Orebro,10:00,20.0,9,False,1,0.049999999999999996,0.9523809523809524,10
2024-05-26,2x2,Getafe,Mallorca,09:00,20.0,10,False,1,0.049999999999999996,0.9523809523809524,10
2024-05-27,2x2,Utsikten,Brage,14:00,18.0,1,True,1,0.055882352941176466,0.947075208913649,2
2024-05-27,2x2,AIK,Goteborg,14:10,20.0,2,True,1,0.049999999999999996,0.9523809523809524,2
2024-05-29,2x2,Tromso,Fredrikstad,14:00,19.5,1,True,1,0.05135135135135135,0.9511568123393317,1
2024-05-30,2x2,Cremonese,Venezia,15:30,17.5,1,True,1,0.05757575757575757,0.9455587392550143,1
2024-06-01,2x2,Halmstad,GAIS,12:30,17.5,1,True,1,0.05757575757575757,0.9455587392550143,3
2024-06-01,2x2,Gremio,Bragantino,16:00,19.5,2,True,1,0.05135135135135135,0.9511568123393317,3
2024-06-01,2x2,Wanderers,Rampla Juniors,17:30,20.0,3,True,1,0.049999999999999996,0.9523809523809524,3
2024-06-02,2x2,Andorra,Racing Club Ferrol,11:15,17.5,1,True,1,0.05757575757575757,0.9455587392550143,8
2024-06-02,2x2,Venezia,Cremonese,15:30,17.5,2,True,1,0.05757575757575757,0.9455587392550143,8
2024-06-02,2x2,Mirandes,Amorebieta,13:30,18.0,3,True,1,0.055882352941176466,0.947075208913649,8
2024-06-02,2x2,Huesca,Levante,11:15,18.5,4,False,1,0.054285714285714284,0.948509485094851,8
2024-06-02,2x2,Zaragoza,Albacete,16:00,18.5,5,False,1,0.054285714285714284,0.948509485094851,8
2024-06-02,2x2,Everton,U. De Chile,13:30,19.0,6,False,1,0.05277777777777778,0.949868073878628,8
2024-06-02,2x2,Varnamo,Mjallby,11:30,19.5,7,False,1,0.05135135135135135,0.9511568123393317,8
2024-06-02,2x2,Alcorcon,Burgos CF,11:15,19.5,8,False,1,0.05135135135135135,0.9511568123393317,8
2024-06-06,2x2,Coquimbo,Palestino,18:30,18.0,1,True,1,0.055882352941176466,0.947075208913649,1
2024-06-08,2x2,Sporting Kansas City,Seattle Sounders,21:30,19.5,1,True,1,0.05135135135135135,0.9511568123393317,1
2024-06-12,2x2,Mariehamn,VPS,12:00,20.0,1,True,1,0.049999999999999996,0.9523809523809524,1
2024-06-14,2x2,Ceramica Cleopatra,Zamalek,13:00,19.0,1,True,1,0.05277777777777778,0.949868073878628,1
2024-06-15,2x2,Zhejiang Professional,Changchun Yatai,08:35,18.5,1,True,1,0.054285714285714284,0.948509485094851,3
2024-06-15,2x2,Gwangju FC,Gimcheon Sangmu,07:00,19.5,2,True,1,0.05135135135135135,0.9511568123393317,3
2024-06-15,2x2,Utsikten,Varberg,10:00,20.0,3,True,1,0.049999999999999996,0.9523809523809524,3
2024-06-16,2x2,Athletico-PR,Flamengo RJ,16:00,20.0,1,True,1,0.049999999999999996,0.9523809523809524,1
2024-06-17,2x2,Zamalek,Al Masry,13:00,20.0,1,True,1,0.049999999999999996,0.9523809523809524,1
2024-06-19,2x2,Toronto FC,Nashville SC,20:30,18.5,1,True,1,0.054285714285714284,0.948509485094851,4
2024-06-19,2x2,HJK,KuPS,15:00,19.0,2,True,1,0.05277777777777778,0.949868073878628,4
2024-06-19,2x2,Lahti,Gnistan,15:00,19.5,3,False,1,0.05135135135135135,0.9511568123393317,4
2024-06-19,2x2,Houston Dynamo,Seattle Sounders,21:30,19.5,4,True,0,-1.0,0.9511568123393317,4
2024-06-20,2x2,Nublense,Huachipato,16:00,18.0,1,True,1,0.055882352941176466,0.947075208913649,2
2024-06-20,2x2,Spain,Italy,16:00,20.0,2,True,1,0.049999999999999996,0.9523809523809524,2
2024-06-21,2x2,Netherlands,France,16:00,17.0,1,True,1,0.059375,0.943952802359882,3
2024-06-21,2x2,Poland,Austria,13:00,19.5,2,True,1,0.05135135135135135,0.9511568123393317,3
2024-06-21,2x2,Slovakia,Ukraine,10:00,20.0,3,True,1,0.049999999999999996,0.9523809523809524,3
2024-06-22,2x2,Gangwon,Gimcheon Sangmu,07:00,18.5,1,True,1,0.054285714285714284,0.948509485094851,4
2024-06-22,2x2,Vikingur Reykjavik,KR Reykjavik,16:15,19.0,2,True,1,0.05277777777777778,0.949868073878628,4
2024-06-22,2x2,Georgia,Czech Republic,10:00,19.5,3,True,1,0.05135135135135135,0.9511568123393317,4
2024-06-22,2x2,Columbus Crew,Sporting Kansas City,20:30,19.5,4,False,1,0.05135135135135135,0.9511568123393317,4
2024-06-23,2x2,Al Masry,Ceramica Cleopatra,13:00,19.0,1,True,1,0.05277777777777778,0.949868073878628,4
2024-06-23,2x2,Ostersund,Utsikten,10:00,20.0,2,True,1,0.049999999999999996,0.9523809523809524,4
2024-06-23,2x2,Oddevold,Degerfors,10:00,20.0,3,False,1,0.049999999999999996,0.9523809523809524,4
2024-06-23,2x2,Switzerland,Germany,16:00,20.0,4,True,1,0.049999999999999996,0.9523809523809524,4
2024-06-24,2x2,Croatia,Italy,16:00,19.0,1,True,1,0.05277777777777778,0.949868073878628,1
2024-06-25,2x2,Netherlands,Austria,13:00,15.5,1,True,1,0.06551724137931034,0.9385113268608415,2
2024-06-25,2x2,Denmark,Serbia,16:00,20.0,2,True,1,0.049999999999999996,0.9523809523809524,2
2024-06-26,2x2,Czech Republic,Turkey,16:00,17.5,1,True,1,0.05757575757575757,0.9455587392550143,1
2024-06-27,2x2,El Ismaily,Al Masry,13:00,19.5,1,True,1,0.05135135135135135,0.9511568123393317,1
2024-06-28,2x2,Helsingborg,Varberg,14:00,20.0,1,True,1,0.049999999999999996,0.9523809523809524,1
2024-06-29,2x2,Canada,Chile,21:00,17.0,1,True,1,0.059375,0.943952802359882,5
2024-06-29,2x2,Los Angeles FC,Colorado Rapids,23:30,19.5,2,True,1,0.05135135135135135,0.9511568123393317,5
2024-06-29,2x2,Utsikten,Oddevold,10:00,20.0,3,True,1,0.049999999999999996,0.9523809523809524,5
2024-06-29,2x2,Kumamoto,Ehime,06:00,20.0,4,False,1,0.049999999999999996,0.9523809523809524,5
2024-06-29,2x2,New York Red Bulls,DC United,20:30,20.0,5,False,0,-1.0,0.9523809523809524,5
2024-07-01,2x2,USA,Uruguay,22:00,19.5,1,True,1,0.05135135135135135,0.9511568123393317,1
2024-07-02,2x2,Austria,Turkey,16:00,19.0,1,True,1,0.05277777777777778,0.949868073878628,1
2024-07-03,2x2,Atletico-MG,Flamengo RJ,21:30,20.0,1,True,1,0.049999999999999996,0.9523809523809524,1
2024-07-05,2x2,Spain,Germany,13:00,17.5,1,True,1,0.05757575757575757,0.9455587392550143,1
2024-07-06,2x2,Kofu,Tokushima,06:00,18.5,1,True,1,0.054285714285714284,0.948509485094851,3
2024-07-06,2x2,Mjallby,Sirius,10:00,18.5,2,True,1,0.054285714285714284,0.948509485094851,3
2024-07-06,2x2,Valur,Fylkir,14:00,19.5,3,True,1,0.05135135135135135,0.9511568123393317,3
2024-07-07,2x2,Mariehamn,Haka,12:30,17.5,1,True,1,0.05757575757575757,0.9455587392550143,4
2024-07-07,2x2,Varnamo,Goteborg,09:00,18.0,2,True,1,0.055882352941176466,0.947075208913649,4
2024-07-07,2x2,Molde,Lillestrom,12:00,18.0,3,True,1,0.055882352941176466,0.947075208913649,4
2024-07-07,2x2,Pachuca,Monterrey,22:00,18.5,4,False,1,0.054285714285714284,0.948509485094851,4
2024-07-08,2x2,Kristiansund,Fredrikstad,14:00,18.0,1,True,1,0.055882352941176466,0.947075208913649,1
2024-07-10,2x2,Athletico-PR,Bahia,19:00,19.0,1,True,1,0.05277777777777778,0.949868073878628,1
2024-07-12,2x2,Al Ahly,Pyramids,15:00,17.5,1,True,1,0.05757575757575757,0.9455587392550143,1
2024-07-13,2x2,FC Tokyo,Albirex Niigata,07:00,17.0,1,True,1,0.059375,0.943952802359882,5
2024-07-13,2x2,Austin FC,Seattle Sounders,21:30,17.0,2,True,1,0.059375,0.943952802359882,5
2024-07-13,2x2,Club Tijuana,Guadalajara Chivas,00:00,18.5,3,True,1,0.054285714285714284,0.948509485094851,5
2024-07-13,2x2,Sandefjord,Bodo/Glimt,12:00,19.0,4,False,1,0.05277777777777778,0.949868073878628,5
2024-07-13,2x2,Comerciantes Unidos,Cienciano,15:00,19.0,5,False,1,0.05277777777777778,0.949868073878628,5
2024-07-14,2x2,Monterrey,Cruz Azul,00:10,19.5,1,True,1,0.05135135135135135,0.9511568123393317,1
2024-07-17,2x2,Necaxa,Monterrey,22:00,18.0,1,True,1,0.055882352941176466,0.947075208913649,2
2024-07-17,2x2,Los Angeles FC,Real Salt Lake,23:45,19.0,2,True,1,0.05277777777777778,0.949868073878628,2
2024-07-18,2x2,Ind. Medellin,Millonarios,22:10,20.0,1,True,1,0.049999999999999996,0.9523809523809524,1
2024-07-19,2x2,Sirius,Malmo FF,14:00,18.0,1,True,1,0.055882352941176466,0.947075208913649,3
2024-07-19,2x2,Nordsjaelland,Aalborg,15:00,20.0,2,True,1,0.049999999999999996,0.9523809523809524,3
2024-07-19,2x2,Cajamarca,Cusco,15:00,20.0,3,True,1,0.049999999999999996,0.9523809523809524,3
2024-07-20,2x2,Parnu JK Vaprus,Narva,13:00,17.0,1,True,1,0.059375,0.943952802359882,5
2024-07-20,2x2,FC Rapid Bucuresti,CFR Cluj,16:00,18.5,2,True,0,-1.0,0.948509485094851,5
2024-07-20,2x2,National Bank Egypt,Al Ittihad,15:00,19.5,3,True,1,0.05135135135135135,0.9511568123393317,5
2024-07-20,2x2,Iwata,Kyoto,07:00,19.5,4,False,1,0.05135135135135135,0.9511568123393317,5
2024-07-20,2x2,Dukla Prague,Plzen,15:00,20.0,5,False,1,0.049999999999999996,0.9523809523809524,5
2024-07-21,2x2,HamKam,Fredrikstad,12:00,18.0,1,True,1,0.055882352941176466,0.947075208913649,5
2024-07-21,2x2,UNAM Pumas,Pachuca,20:00,19.0,2,True,1,0.05277777777777778,0.949868073878628,5
2024-07-21,2x2,Bragantino,Athletico-PR,18:30,19.5,3,True,1,0.05135135135135135,0.9511568123393317,5
2024-07-21,2x2,Vejle,Randers FC,11:00,20.0,4,False,1,0.049999999999999996,0.9523809523809524,5
2024-07-21,2x2,Sandviken,Utsikten,08:00,20.0,5,False,1,0.049999999999999996,0.9523809523809524,5
2024-07-22,2x2,Pyramids,Al Ahly,15:00,18.0,1,True,1,0.055882352941176466,0.947075208913649,2
2024-07-22,2x2,Otelul,Farul Constanta,16:00,19.5,2,True,1,0.05135135135135135,0.9511568123393317,2
2024-07-24,2x2,Atletico GO,Bahia,21:30,19.0,1,True,1,0.05277777777777778,0.949868073878628,1
2024-07-26,2x2,Sonderjyske,Lyngby,14:00,19.0,1,True,1,0.05277777777777778,0.949868073878628,2
2024-07-26,2x2,Sportivo Trinidense,Guarani,19:30,19.5,2,True,1,0.05135135135135135,0.9511568123393317,2
2024-07-27,2x2,Widzew Lodz,Lech Poznan,15:15,18.0,1,True,1,0.055882352941176466,0.947075208913649,7
2024-07-27,2x2,Halmstad,Varnamo,15:00,18.0,2,True,1,0.055882352941176466,0.947075208913649,7
2024-07-27,2x2,Miramar,Cerro Largo,10:00,19.0,3,True,1,0.05277777777777778,0.949868073878628,7
2024-07-27,2x2,Gwangju FC,Suwon FC,07:00,19.5,4,False,1,0.05135135135135135,0.9511568123393317,7
2024-07-27,2x2,Dukla Prague,Bohemians,09:30,19.5,5,False,1,0.05135135135135135,0.9511568123393317,7
2024-07-27,2x2,Nara Club,Azul Claro Numazu,06:00,20.0,6,False,1,0.049999999999999996,0.9523809523809524,7
2024-07-27,2x2,Fredrikstad,Rosenborg,13:00,20.0,7,False,0,-1.0,0.9523809523809524,7
2024-07-28,2x2,Hammarby,Mjallby,11:30,19.5,1,True,1,0.05135135135135135,0.9511568123393317,2
2024-07-28,2x2,Korona Kielce,Legia,15:15,19.5,2,True,1,0.05135135135135135,0.9511568123393317,2
2024-07-29,2x2,Deportivo Garcilaso,Cusco,17:00,19.0,1,True,1,0.05277777777777778,0.949868073878628,2
2024-07-29,2x2,Petrolul,FC Rapid Bucuresti,16:00,19.5,2,True,1,0.05135135135135135,0.9511568123393317,2
2024-08-03,2x2,Shandong Taishan,Shanghai Port,08:35,17.5,1,True,1,0.05757575757575757,0.9455587392550143,3
2024-08-03,2x2,Hartberg,LASK,12:00,19.5,2,True,1,0.05135135135135135,0.9511568123393317,3
2024-08-03,2x2,Libertad,Mushuc Runa,16:00,20.0,3,True,0,-1.0,0.9523809523809524,3
2024-08-04,2x2,Skovde AIK,Orgryte,08:00,17.5,1,True,1,0.05757575757575757,0.9455587392550143,4
2024-08-04,2x2,Floridsdorfer AC,St. Polten,05:30,19.0,2,True,1,0.05277777777777778,0.949868073878628,4
2024-08-04,2x2,BW Linz,Austria Vienna,12:00,20.0,3,True,1,0.049999999999999996,0.9523809523809524,4
2024-08-04,2x2,Hradec Kralove,Mlada Boleslav,12:00,20.0,4,False,1,0.049999999999999996,0.9523809523809524,4
2024-08-05,2x2,Cracovia,Widzew Lodz,14:00,18.0,1,True,1,0.055882352941176466,0.947075208913649,1
2024-08-07,2x2,Oriente Petrolero,Royal Pari,19:00,19.0,1,True,1,0.05277777777777778,0.949868073878628,1
2024-08-09,2x2,FCSB,Farul Constanta,15:00,17.0,1,True,1,0.059375,0.943952802359882,5
2024-08-09,2x2,Regensburg,Ulm,13:30,17.5,2,True,1,0.05757575757575757,0.9455587392550143,5
2024-08-09,2x2,Blackburn,Derby,16:00,17.5,3,True,1,0.05757575757575757,0.9455587392550143,5
2024-08-09,2x2,Kapfenberg,Floridsdorfer AC,13:00,18.5,4,False,1,0.054285714285714284,0.948509485094851,5
2024-08-09,2x2,Gimcheon Sangmu,Gangwon,07:30,19.5,5,False,1,0.05135135135135135,0.9511568123393317,5
2024-08-10,2x2,Oxford Utd,Norwich,08:30,17.0,1,True,1,0.059375,0.943952802359882,5
2024-08-10,2x2,Hull,Bristol City,08:30,19.0,2,False,1,0.05277777777777778,0.949868073878628,5
2024-08-10,2x2,U. De Chile,Colo Colo,16:00,19.0,3,True,1,0.05277777777777778,0.949868073878628,5
2024-08-10,2x2,Coquimbo,Deportes Iquique,20:00,19.0,4,True,1,0.05277777777777778,0.949868073878628,5
2024-08-10,2x2,Gillingham,Carlisle,11:00,20.0,5,False,1,0.049999999999999996,0.9523809523809524,5
2024-08-11,2x2,Ajax,Heerenveen,11:45,18.5,1,True,1,0.054285714285714284,0.948509485094851,9
2024-08-11,2x2,Oriente Petrolero,Blooming,20:30,18.5,2,True,1,0.054285714285714284,0.948509485094851,9
2024-08-11,2x2,Sepsi Sf. Gheorghe,Univ. Craiova,13:00,19.0,3,True,1,0.05277777777777778,0.949868073878628,9
2024-08-11,2x2,Braunschweig,Magdeburg,08:30,19.0,4,False,1,0.05277777777777778,0.949868073878628,9
2024-08-11,2x2,Lechia Gdansk,Zaglebie,09:45,19.5,5,False,1,0.05135135135135135,0.9511568123393317,9
2024-08-11,2x2,FK Pardubice,Slovacko,09:30,19.5,6,False,1,0.05135135135135135,0.9511568123393317,9
2024-08-11,2x2,First Vienna,Admira,05:30,19.5,7,False,1,0.05135135135135135,0.9511568123393317,9
2024-08-11,2x2,Sparta Rotterdam,Heracles,07:15,20.0,8,False,1,0.049999999999999996,0.9523809523809524,9
2024-08-11,2x2,Flamengo RJ,Palmeiras,16:00,20.0,9,False,1,0.049999999999999996,0.9523809523809524,9
2024-08-12,2x2,Arouca,Vitoria Guimaraes,16:15,17.0,1,True,1,0.059375,0.943952802359882,4
2024-08-12,2x2,GV San Jose,Always Ready,19:00,19.0,2,True,1,0.05277777777777778,0.949868073878628,4
2024-08-12,2x2,Ceramica Cleopatra,Smouha,15:00,19.5,3,True,1,0.05135135135135135,0.9511568123393317,4
2024-08-12,2x2,SA Bulo Bulo,Universitario de Vinto,16:00,20.0,4,False,1,0.049999999999999996,0.9523809523809524,4
2024-08-13,2x2,Helsingborg,Degerfors,14:00,18.0,1,True,1,0.055882352941176466,0.947075208913649,2
2024-08-13,2x2,National Bank Egypt,Pharco,15:00,19.0,2,True,1,0.05277777777777778,0.949868073878628,2
2024-08-15,2x2,Betis,Girona,16:30,16.5,1,True,1,0.06129032258064516,0.9422492401215806,1
2024-08-16,2x2,Brescia,Palermo,15:30,18.5,1,True,1,0.054285714285714284,0.948509485094851,3
2024-08-16,2x2,Las Palmas,Sevilla,16:30,18.5,2,True,0,-1.0,0.948509485094851,3
2024-08-16,2x2,Dunkerque,Annecy,15:00,20.0,3,True,1,0.049999999999999996,0.9523809523809524,3
2024-08-17,2x2,West Brom,Leeds,08:30,17.0,1,True,1,0.059375,0.943952802359882,12
2024-08-17,2x2,Reims,Lille,14:00,17.5,2,True,1,0.05757575757575757,0.9455587392550143,12
2024-08-17,2x2,Watford,Stoke,11:00,18.5,3,True,1,0.054285714285714284,0.948509485094851,12
2024-08-17,2x2,Empoli,Monza,15:45,18.5,4,False,1,0.054285714285714284,0.948509485094851,12
2024-08-17,2x2,Lincoln,Barnsley,11:00,19.0,5,False,1,0.05277777777777778,0.949868073878628,12
2024-08-17,2x2,Wycombe,Birmingham,11:00,19.5,6,False,1,0.05135135135135135,0.9511568123393317,12
2024-08-17,2x2,Gimnasia L.P.,River Plate,17:30,19.5,7,False,1,0.05135135135135135,0.9511568123393317,12
2024-08-17,2x2,Charlton,Leyton Orient,08:30,19.5,8,False,1,0.05135135135135135,0.9511568123393317,12
2024-08-17,2x2,Rotherham,Bristol Rovers,11:00,20.0,9,False,1,0.049999999999999996,0.9523809523809524,12
2024-08-17,2x2,Carlisle,Barrow,08:30,20.0,10,False,1,0.049999999999999996,0.9523809523809524,12
2024-08-17,2x2,Gremio,Bahia,16:00,20.0,11,False,1,0.049999999999999996,0.9523809523809524,12
2024-08-17,2x2,Orense,Barcelona SC,21:00,20.0,12,False,1,0.049999999999999996,0.9523809523809524,12
2024-08-18,2x2,Catanzaro,Sassuolo,15:30,17.5,1,True,1,0.05757575757575757,0.9455587392550143,4
2024-08-18,2x2,Gornik Zabrze,Rakow,15:15,19.0,2,True,1,0.05277777777777778,0.949868073878628,4
2024-08-18,2x2,Frosinone,Sampdoria,15:30,19.5,3,True,0,-1.0,0.9511568123393317,4
2024-08-18,2x2,A. Italiano,U. Catolica,16:00,20.0,4,False,1,0.049999999999999996,0.9523809523809524,4
2024-08-19,2x2,Lyn,Start,14:00,18.0,1,True,0,-1.0,0.947075208913649,3
2024-08-19,2x2,Lecce,Atalanta,13:30,19.5,2,True,1,0.05135135135135135,0.9511568123393317,3
2024-08-19,2x2,Estrela,Famalicao,16:15,20.0,3,True,1,0.049999999999999996,0.9523809523809524,3
2024-08-20,2x2,Tamworth,Hartlepool,15:45,17.0,1,True,1,0.059375,0.943952802359882,6
2024-08-20,2x2,FC Halifax,Gateshead,15:45,17.5,2,True,1,0.05757575757575757,0.9455587392550143,6
2024-08-20,2x2,York City,Rochdale,15:45,18.0,3,True,1,0.055882352941176466,0.947075208913649,6
2024-08-20,2x2,Cajamarca,AD Tarma,15:00,18.5,4,False,1,0.054285714285714284,0.948509485094851,6
2024-08-20,2x2,Woking,Dag & Red,15:45,18.5,5,False,1,0.054285714285714284,0.948509485094851,6
2024-08-20,2x2,Oldham,AFC Fylde,15:45,19.5,6,False,1,0.05135135135135135,0.9511568123393317,6
2024-08-21,2x2,Gnistan,Mariehamn,12:00,20.0,1,True,1,0.049999999999999996,0.9523809523809524,1
2024-08-23,2x2,Poli Iasi,FC Rapid Bucuresti,16:00,19.0,1,True,1,0.05277777777777778,0.949868073878628,5
2024-08-23,2x2,Dag & Red,FC Halifax,15:45,19.0,2,True,1,0.05277777777777778,0.949868073878628,5
2024-08-23,2x2,Widzew Lodz,Radomiak Radom,13:00,19.5,3,True,1,0.05135135135135135,0.9511568123393317,5
2024-08-23,2x2,Mazatlan FC,Pachuca,23:00,19.5,4,False,1,0.05135135135135135,0.9511568123393317,5
2024-08-23,2x2,Celta Vigo,Valencia,14:00,20.0,5,False,1,0.049999999999999996,0.9523809523809524,5
2024-08-24,2x2,Bristol City,Coventry,08:30,16.5,1,True,1,0.06129032258064516,0.9422492401215806,19
2024-08-24,2x2,Southampton,Nottingham,11:00,17.5,2,True,1,0.05757575757575757,0.9455587392550143,19
2024-08-24,2x2,Preston,Luton,11:00,18.0,3,False,1,0.055882352941176466,0.947075208913649,19
2024-08-24,2x2,Pisa,Palermo,15:30,18.0,4,True,1,0.055882352941176466,0.947075208913649,19
2024-08-24,2x2,Spezia,Frosinone,15:30,18.0,5,False,1,0.055882352941176466,0.947075208913649,19
2024-08-24,2x2,Tranmere,Walsall,08:30,18.5,6,False,1,0.054285714285714284,0.948509485094851,19
2024-08-24,2x2,AFC Fylde,Maidenhead,11:00,18.5,7,False,1,0.054285714285714284,0.948509485094851,19
2024-08-24,2x2,Exeter,Peterborough,11:00,19.0,8,False,1,0.05277777777777778,0.949868073878628,19
2024-08-24,2x2,Bellinzona,Schaffhausen,13:00,19.0,9,False,1,0.05277777777777778,0.949868073878628,19
2024-08-24,2x2,Cracovia,Gornik Zabrze,12:30,19.0,10,False,1,0.05277777777777778,0.949868073878628,19
2024-08-24,2x2,Fulham,Leicester,11:00,19.0,11,False,1,0.05277777777777778,0.949868073878628,19
2024-08-24,2x2,Kyoto,FC Tokyo,07:00,19.0,12,False,1,0.05277777777777778,0.949868073878628,19
2024-08-24,2x2,Hull,Millwall,08:30,19.0,13,False,1,0.05277777777777778,0.949868073878628,19
2024-08-24,2x2,Cheltenham,AFC Wimbledon,11:00,19.5,14,False,1,0.05135135135135135,0.9511568123393317,19
2024-08-24,2x2,Barrow,Port Vale,11:00,19.5,15,False,1,0.05135135135135135,0.9511568123393317,19
2024-08-24,2x2,Bohemians,Jablonec,09:30,19.5,16,False,1,0.05135135135135135,0.9511568123393317,19
2024-08-24,2x2,FC Koln,Braunschweig,15:30,19.5,17,False,1,0.05135135135135135,0.9511568123393317,19
2024-08-24,2x2,Bodo/Glimt,Sarpsborg 08,11:00,20.0,18,False,1,0.049999999999999996,0.9523809523809524,19
2024-08-24,2x2,Atletico GO,Juventude,16:00,20.0,19,False,1,0.049999999999999996,0.9523809523809524,19
2024-08-25,2x2,Vejle,Silkeborg,09:00,18.5,1,True,1,0.054285714285714284,0.948509485094851,14
2024-08-25,2x2,Swansea,Cardiff,11:00,18.5,2,True,1,0.054285714285714284,0.948509485094851,14
2024-08-25,2x2,Osijek,Rijeka,15:45,18.5,3,True,1,0.054285714285714284,0.948509485094851,14
2024-08-25,2x2,Wolfsburg,Bayern Munich,10:30,19.0,4,False,1,0.05277777777777778,0.949868073878628,14
2024-08-25,2x2,Torino,Atalanta,13:30,19.0,5,False,1,0.05277777777777778,0.949868073878628,14
2024-08-25,2x2,Nantes,Auxerre,12:00,19.0,6,False,1,0.05277777777777778,0.949868073878628,14
2024-08-25,2x2,Everton,Colo Colo,16:00,19.0,7,False,1,0.05277777777777778,0.949868073878628,14
2024-08-25,2x2,BW Linz,SK Rapid,12:00,19.5,8,False,1,0.05135135135135135,0.9511568123393317,14
2024-08-25,2x2,Slask Wroclaw,Legia,15:15,19.5,9,False,1,0.05135135135135135,0.9511568123393317,14
2024-08-25,2x2,Toluca,Atl. San Luis,15:00,19.5,10,False,1,0.05135135135135135,0.9511568123393317,14
2024-08-25,2x2,Napoli,Bologna,15:45,19.5,11,False,1,0.05135135135135135,0.9511568123393317,14
2024-08-25,2x2,Mantova,Cosenza,15:30,19.5,12,False,1,0.05135135135135135,0.9511568123393317,14
2024-08-25,2x2,Catanzaro,Juve Stabia,15:30,20.0,13,False,1,0.049999999999999996,0.9523809523809524,14
2024-08-25,2x2,Atl. Madrid,Girona,16:30,20.0,14,False,1,0.049999999999999996,0.9523809523809524,14
2024-08-26,2x2,Cagliari,Como,13:30,18.0,1,True,1,0.055882352941176466,0.947075208913649,5
2024-08-26,2x2,Halmstad,Vasteras SK,14:00,18.0,2,True,1,0.055882352941176466,0.947075208913649,5
2024-08-26,2x2,Union Comercio,Cusco,15:00,18.5,3,True,1,0.054285714285714284,0.948509485094851,5
2024-08-26,2x2,UTA Arad,Farul Constanta,16:00,20.0,4,False,1,0.049999999999999996,0.9523809523809524,5
2024-08-26,2x2,Vasco,Athletico-PR,21:00,20.0,5,False,1,0.049999999999999996,0.9523809523809524,5
2024-08-27,2x2,Bari,Sassuolo,15:30,18.5,1,True,1,0.054285714285714284,0.948509485094851,5
2024-08-27,2x2,Salernitana,Sampdoria,15:30,18.5,2,True,1,0.054285714285714284,0.948509485094851,5
2024-08-27,2x2,Frosinone,Modena,15:30,19.5,3,True,1,0.05135135135135135,0.9511568123393317,5
2024-08-27,2x2,Cremonese,Palermo,15:30,19.5,4,False,1,0.05135135135135135,0.9511568123393317,5
2024-08-27,2x2,Cittadella,Pisa,15:30,20.0,5,False,1,0.049999999999999996,0.9523809523809524,5
2024-08-28,2x2,Juve Stabia,Mantova,15:30,18.5,1,True,1,0.054285714285714284,0.948509485094851,3
2024-08-28,2x2,Cosenza,Spezia,15:30,19.5,2,True,1,0.05135135135135135,0.9511568123393317,3
2024-08-28,2x2,Criciuma,Bragantino,19:30,19.5,3,True,1,0.05135135135135135,0.9511568123393317,3
2024-08-30,2x2,Atl. San Luis,Atlas,22:00,16.5,1,True,1,0.06129032258064516,0.9422492401215806,10
2024-08-30,2x2,Helmond,Venlo,15:00,17.0,2,True,1,0.059375,0.943952802359882,10
2024-08-30,2x2,Dunkerque,Rodez,15:00,18.0,3,False,1,0.055882352941176466,0.947075208913649,10
2024-08-30,2x2,KFUM Oslo,Lillestrom,14:00,18.0,4,True,1,0.055882352941176466,0.947075208913649,10
2024-08-30,2x2,Clermont,Paris FC,15:00,18.5,5,False,1,0.054285714285714284,0.948509485094851,10
2024-08-30,2x2,Venezia,Torino,13:30,19.0,6,False,1,0.05277777777777778,0.949868073878628,10
2024-08-30,2x2,Union Berlin,St. Pauli,15:30,19.0,7,False,1,0.05277777777777778,0.949868073878628,10
2024-08-30,2x2,Viktoria Koln,Hansa Rostock,14:00,20.0,8,False,1,0.049999999999999996,0.9523809523809524,10
2024-08-30,2x2,Lyngby,Vejle,14:00,20.0,9,False,1,0.049999999999999996,0.9523809523809524,10
2024-08-30,2x2,Liefering,Sturm Graz II,13:00,20.0,10,False,0,-1.0,0.9523809523809524,10
2024-08-31,2x2,Gillingham,Chesterfield,08:30,17.0,1,True,1,0.059375,0.943952802359882,17
2024-08-31,2x2,Peterborough,Wrexham,11:00,17.5,2,True,1,0.05757575757575757,0.9455587392550143,17
2024-08-31,2x2,Radomiak Radom,Cracovia,15:15,17.5,3,True,1,0.05757575757575757,0.9455587392550143,17
2024-08-31,2x2,Sassuolo,Cremonese,15:30,17.5,4,False,1,0.05757575757575757,0.9455587392550143,17
2024-08-31,2x2,Altrincham,Oldham,11:00,18.0,5,False,1,0.055882352941176466,0.947075208913649,17
2024-08-31,2x2,Almere City,Groningen,11:30,18.0,6,False,1,0.055882352941176466,0.947075208913649,17
2024-08-31,2x2,Derby,Bristol City,11:00,18.0,7,False,1,0.055882352941176466,0.947075208913649,17
2024-08-31,2x2,Port Vale,Doncaster,08:30,18.5,8,False,1,0.054285714285714284,0.948509485094851,17
2024-08-31,2x2,Ath Bilbao,Atl. Madrid,14:00,18.5,9,False,1,0.054285714285714284,0.948509485094851,17
2024-08-31,2x2,Alemannia Aachen,Aue,09:00,18.5,10,False,1,0.054285714285714284,0.948509485094851,17
2024-08-31,2x2,Portsmouth,Sunderland,11:00,18.5,11,False,1,0.054285714285714284,0.948509485094851,17
2024-08-31,2x2,Cardiff,Middlesbrough,08:30,18.5,12,False,1,0.054285714285714284,0.948509485094851,17
2024-08-31,2x2,Yverdon,Grasshoppers,13:00,19.0,13,False,1,0.05277777777777778,0.949868073878628,17
2024-08-31,2x2,Bromley,Crewe,11:00,19.0,14,False,1,0.05277777777777778,0.949868073878628,17
2024-08-31,2x2,Zaglebie,GKS Katowice,12:30,19.5,15,False,1,0.05135135135135135,0.9511568123393317,17
2024-08-31,2x2,Oxford Utd,Preston,11:00,19.5,16,False,1,0.05135135135135135,0.9511568123393317,17
2024-08-31,2x2,West Brom,Swansea,11:00,20.0,17,False,1,0.049999999999999996,0.9523809523809524,17
2024-09-01,2x2,Nacional,SC Farense,11:30,17.5,1,True,1,0.05757575757575757,0.9455587392550143,15
2024-09-01,2x2,UNAM Pumas,Tigres UANL,20:00,18.0,2,True,1,0.055882352941176466,0.947075208913649,15
2024-09-01,2x2,Athletico-PR,Palmeiras,18:30,18.0,3,True,1,0.055882352941176466,0.947075208913649,15
2024-09-01,2x2,Brann,Sarpsborg 08,14:15,18.5,4,False,1,0.054285714285714284,0.948509485094851,15
2024-09-01,2x2,Bragantino,Bahia,18:30,18.5,5,False,1,0.054285714285714284,0.948509485094851,15
2024-09-01,2x2,Palermo,Cosenza,15:30,18.5,6,False,1,0.054285714285714284,0.948509485094851,15
2024-09-01,2x2,Osasuna,Celta Vigo,12:00,19.0,7,False,1,0.05277777777777778,0.949868073878628,15
2024-09-01,2x2,Rio Ave,Arouca,14:00,19.0,8,False,1,0.05277777777777778,0.949868073878628,15
2024-09-01,2x2,Udinese,Como,15:45,19.0,9,False,1,0.05277777777777778,0.949868073878628,15
2024-09-01,2x2,Le Havre,Auxerre,12:00,19.5,10,False,1,0.05135135135135135,0.9511568123393317,15
2024-09-01,2x2,Altach,Austria Vienna,12:00,19.5,11,False,1,0.05135135135135135,0.9511568123393317,15
2024-09-01,2x2,Mariehamn,AC Oulu,10:00,19.5,12,False,1,0.05135135135135135,0.9511568123393317,15
2024-09-01,2x2,Spezia,Cesena,15:30,19.5,13,False,1,0.05135135135135135,0.9511568123393317,15
2024-09-01,2x2,Catanzaro,Carrarese,15:30,19.5,14,False,1,0.05135135135135135,0.9511568123393317,15
2024-09-01,2x2,Oddevold,Landskrona,08:00,20.0,15,False,1,0.049999999999999996,0.9523809523809524,15
2024-09-02,2x2,Eibar,Levante,14:00,18.0,1,True,0,-1.0,0.947075208913649,1
2024-09-06,2x2,Wales,Turkey,15:45,17.0,1,True,1,0.059375,0.943952802359882,4
2024-09-06,2x2,Kosovo,Romania,15:45,18.5,2,True,1,0.054285714285714284,0.948509485094851,4
2024-09-06,2x2,Tenerife,Racing Santander,16:00,19.5,3,True,1,0.05135135135135135,0.9511568123393317,4
2024-09-06,2x2,Slovenia,Austria,15:45,20.0,4,False,1,0.049999999999999996,0.9523809523809524,4
2024-09-07,2x2,Georgia,Czech Republic,13:00,18.5,1,True,1,0.054285714285714284,0.948509485094851,2
2024-09-07,2x2,Charlton,Rotherham,11:00,20.0,2,True,1,0.049999999999999996,0.9523809523809524,2
2024-09-08,2x2,Eldense,Almeria,13:30,20.0,1,True,1,0.049999999999999996,0.9523809523809524,1
2024-09-09,2x2,Albacete,Eibar,16:00,19.0,1,True,1,0.05277777777777778,0.949868073878628,2
2024-09-09,2x2,Castellon,Cadiz CF,16:00,19.0,2,True,1,0.05277777777777778,0.949868073878628,2
2024-09-10,2x2,Boston Utd,Hartlepool,15:45,17.5,1,True,1,0.05757575757575757,0.9455587392550143,4
2024-09-10,2x2,Czech Republic,Ukraine,15:45,18.0,2,True,1,0.055882352941176466,0.947075208913649,4
2024-09-10,2x2,Barnet,Altrincham,15:45,19.5,3,True,1,0.05135135135135135,0.9511568123393317,4
2024-09-10,2x2,Woking,Wealdstone,15:45,19.5,4,False,1,0.05135135135135135,0.9511568123393317,4
2024-09-13,2x2,St Etienne,Lille,15:45,19.0,1,True,1,0.05277777777777778,0.949868073878628,2
2024-09-13,2x2,Atlas,Pachuca,22:00,20.0,2,True,1,0.049999999999999996,0.9523809523809524,2
2024-09-14,2x2,Hoffenheim,Bayer Leverkusen,10:30,16.5,1,True,1,0.06129032258064516,0.9422492401215806,25
2024-09-14,2x2,Swansea,Norwich,11:00,17.0,2,True,1,0.059375,0.943952802359882,25
2024-09-14,2x2,Racing Santander,Gijon,13:30,17.0,3,True,1,0.059375,0.943952802359882,25
2024-09-14,2x2,Yeovil,Altrincham,11:00,17.5,4,False,1,0.05757575757575757,0.9455587392550143,25
2024-09-14,2x2,NAC Breda,Sittard,15:00,17.5,5,False,1,0.05757575757575757,0.9455587392550143,25
2024-09-14,2x2,Inter Miami,Philadelphia Union,20:30,18.0,6,False,1,0.055882352941176466,0.947075208913649,25
2024-09-14,2x2,Vancouver Whitecaps,San Jose Earthquakes,23:30,18.0,7,False,1,0.055882352941176466,0.947075208913649,25
2024-09-14,2x2,Hansa Rostock,Mannheim,09:00,18.0,8,False,1,0.055882352941176466,0.947075208913649,25
2024-09-14,2x2,Reading,Leyton Orient,11:00,18.5,9,False,1,0.054285714285714284,0.948509485094851,25
2024-09-14,2x2,AC Oulu,Lahti,11:00,18.5,10,False,1,0.054285714285714284,0.948509485094851,25
2024-09-14,2x2,Athletico-PR,Fortaleza,18:30,18.5,11,False,1,0.054285714285714284,0.948509485094851,25
2024-09-14,2x2,Toluca,Club Tijuana,19:45,18.5,12,False,1,0.054285714285714284,0.948509485094851,25
2024-09-14,2x2,Millwall,Luton,08:30,18.5,13,False,1,0.054285714285714284,0.948509485094851,25
2024-09-14,2x2,Oxford Utd,Stoke,08:30,18.5,14,False,1,0.054285714285714284,0.948509485094851,25
2024-09-14,2x2,Woking,Oldham,11:00,19.0,15,False,1,0.05277777777777778,0.949868073878628,25
2024-09-14,2x2,Derby,Cardiff,11:00,19.0,16,False,1,0.05277777777777778,0.949868073878628,25
2024-09-14,2x2,FC Koln,Magdeburg,15:30,19.0,17,False,1,0.05277777777777778,0.949868073878628,25
2024-09-14,2x2,Mallorca,Villarreal,09:00,19.0,18,False,1,0.05277777777777778,0.949868073878628,25
2024-09-14,2x2,Orlando City,New England Revolution,20:30,19.5,19,False,1,0.05135135135135135,0.9511568123393317,25
2024-09-14,2x2,Al Fateh,Al Ettifaq,12:20,19.5,20,False,1,0.05135135135135135,0.9511568123393317,25
2024-09-14,2x2,Necaxa,UNAM Pumas,00:00,19.5,21,False,1,0.05135135135135135,0.9511568123393317,25
2024-09-14,2x2,Real Sociedad,Real Madrid,16:00,19.5,22,False,1,0.05135135135135135,0.9511568123393317,25
2024-09-14,2x2,AFC Wimbledon,MK Dons,08:30,20.0,23,False,1,0.049999999999999996,0.9523809523809524,25
2024-09-14,2x2,Como,Bologna,10:00,20.0,24,False,0,-1.0,0.9523809523809524,25
2024-09-14,2x2,FC Halifax,Eastleigh,11:00,20.0,25,False,1,0.049999999999999996,0.9523809523809524,25
2024-09-15,2x2,Sparta Rotterdam,G.A. Eagles,07:15,17.5,1,True,1,0.05757575757575757,0.9455587392550143,15
2024-09-15,2x2,Nantes,Reims,12:00,17.5,2,True,1,0.05757575757575757,0.9455587392550143,15
2024-09-15,2x2,AIK,Malmo FF,09:00,18.0,3,True,1,0.055882352941176466,0.947075208913649,15
2024-09-15,2x2,PAOK,Panathinaikos,14:30,18.0,4,False,1,0.055882352941176466,0.947075208913649,15
2024-09-15,2x2,CFR Cluj,FCSB,15:00,18.0,5,False,0,-1.0,0.947075208913649,15
2024-09-15,2x2,Bragantino,Gremio,16:00,18.0,6,False,0,-1.0,0.947075208913649,15
2024-09-15,2x2,OFI Crete,Aris,14:30,18.0,7,False,1,0.055882352941176466,0.947075208913649,15
2024-09-15,2x2,Gyeongnam,Bucheon FC 1995,04:30,18.5,8,False,1,0.054285714285714284,0.948509485094851,15
2024-09-15,2x2,Braga,Vitoria Guimaraes,16:30,19.0,9,False,1,0.05277777777777778,0.949868073878628,15
2024-09-15,2x2,Penafiel,FC Porto B,08:45,19.0,10,False,1,0.05277777777777778,0.949868073878628,15
2024-09-15,2x2,Eupen,Waregem,08:30,19.0,11,False,1,0.05277777777777778,0.949868073878628,15
2024-09-15,2x2,Portsmouth,West Brom,11:00,19.5,12,False,1,0.05135135135135135,0.9511568123393317,15
2024-09-15,2x2,Estoril,Nacional,14:00,19.5,13,False,1,0.05135135135135135,0.9511568123393317,15
2024-09-15,2x2,Genoa,AS Roma,07:30,20.0,14,False,1,0.049999999999999996,0.9523809523809524,15
2024-09-15,2x2,Ruzomberok,Podbrezova,13:00,20.0,15,False,1,0.049999999999999996,0.9523809523809524,15
2024-09-16,2x2,Parma,Udinese,13:30,17.5,1,True,1,0.05757575757575757,0.9455587392550143,3
2024-09-16,2x2,Grenoble,Caen,15:45,17.5,2,True,1,0.05757575757575757,0.9455587392550143,3
2024-09-16,2x2,Fylkir,Vikingur Reykjavik,16:15,18.5,3,True,1,0.054285714285714284,0.948509485094851,3
2024-09-17,2x2,AFC Fylde,Southend,15:45,18.0,1,True,1,0.055882352941176466,0.947075208913649,1
2024-09-19,2x2,Lahti,Mariehamn,12:00,19.5,1,True,1,0.05135135135135135,0.9511568123393317,1
2024-09-21,2x2,Charlton,Blackpool,11:00,17.5,1,True,1,0.05757575757575757,0.9455587392550143,7
2024-09-21,2x2,Norwich,Watford,08:30,18.0,2,True,1,0.055882352941176466,0.947075208913649,7
2024-09-21,2x2,Valencia,Girona,13:30,18.5,3,True,1,0.054285714285714284,0.948509485094851,7
2024-09-21,2x2,Metz,Lorient,09:30,18.5,4,False,1,0.054285714285714284,0.948509485094851,7
2024-09-21,2x2,Rennes,Lens,14:00,19.0,5,False,1,0.05277777777777778,0.949868073878628,7
2024-09-21,2x2,Exeter,Stevenage,08:30,20.0,6,False,1,0.049999999999999996,0.9523809523809524,7
2024-09-21,2x2,Venezia,Genoa,10:00,20.0,7,False,1,0.049999999999999996,0.9523809523809524,7
2024-09-22,2x2,Fiorentina,Lazio,07:30,17.0,1,True,1,0.059375,0.943952802359882,9
2024-09-22,2x2,GAIS,Djurgarden,09:00,17.0,2,True,1,0.059375,0.943952802359882,9
2024-09-22,2x2,Malmo FF,Hacken,11:30,17.0,3,True,1,0.059375,0.943952802359882,9
2024-09-22,2x2,Brest,Toulouse,12:00,17.5,4,False,1,0.05757575757575757,0.9455587392550143,9
2024-09-22,2x2,Preston,Blackburn,08:00,18.0,5,False,1,0.055882352941176466,0.947075208913649,9
2024-09-22,2x2,Varnamo,Vasteras SK,09:00,18.5,6,False,1,0.054285714285714284,0.948509485094851,9
2024-09-22,2x2,Almeria,Eibar,16:00,18.5,7,False,0,-1.0,0.948509485094851,9
2024-09-22,2x2,Criciuma,Athletico-PR,18:30,19.5,8,False,1,0.05135135135135135,0.9511568123393317,9
2024-09-22,2x2,Pogon Siedlce,Polonia Warszawa,15:00,20.0,9,False,1,0.049999999999999996,0.9523809523809524,9
2024-09-24,2x2,Hartlepool,Rochdale,15:45,19.0,1,True,1,0.05277777777777778,0.949868073878628,3
2024-09-24,2x2,Paris FC,Guingamp,15:30,19.5,2,True,1,0.05135135135135135,0.9511568123393317,3
2024-09-24,2x2,Coquimbo,Everton,20:00,20.0,3,True,0,-1.0,0.9523809523809524,3
2024-09-25,2x2,Anderlecht,Ferencvaros,16:00,17.5,1,True,1,0.05757575757575757,0.9455587392550143,5
2024-09-25,2x2,Ludogorets,Slavia Prague,16:00,18.0,2,True,1,0.055882352941176466,0.947075208913649,5
2024-09-25,2x2,Mjallby,Varnamo,14:00,19.5,3,True,1,0.05135135135135135,0.9511568123393317,5
2024-09-25,2x2,Girona,Rayo Vallecano,14:00,20.0,4,False,1,0.049999999999999996,0.9523809523809524,5
2024-09-25,2x2,Potenza,Trapani,13:30,20.0,5,False,1,0.049999999999999996,0.9523809523809524,5
2024-09-27,2x2,Albacete,Dep. La Coruna,15:30,17.0,1,True,1,0.059375,0.943952802359882,5
2024-09-27,2x2,Amiens,Rodez,15:00,18.5,2,True,1,0.054285714285714284,0.948509485094851,5
2024-09-27,2x2,Kolding IF,Odense,14:00,19.0,3,True,1,0.05277777777777778,0.949868073878628,5
2024-09-27,2x2,Cittadella,Frosinone,15:30,19.5,4,False,1,0.05135135135135135,0.9511568123393317,5
2024-09-27,2x2,Admira,A. Lustenau,13:00,20.0,5,False,1,0.049999999999999996,0.9523809523809524,5
2024-09-29,2x2,Atl. Madrid,Real Madrid,16:00,16.0,1,True,1,0.06333333333333332,0.9404388714733543,13
2024-09-29,2x2,Swansea,Bristol City,11:00,16.5,2,True,1,0.06129032258064516,0.9422492401215806,13
2024-09-29,2x2,Piast Gliwice,Jagiellonia,12:30,17.5,3,True,1,0.05757575757575757,0.9455587392550143,13
2024-09-29,2x2,Oliveirense,Feirense,07:00,17.5,4,False,1,0.05757575757575757,0.9455587392550143,13
2024-09-29,2x2,Burgos CF,Granada CF,11:15,18.0,5,False,0,-1.0,0.947075208913649,13
2024-09-29,2x2,Sepsi Sf. Gheorghe,FCSB,15:30,18.0,6,False,1,0.055882352941176466,0.947075208913649,13
2024-09-29,2x2,Zaglebie,Radomiak Radom,07:15,18.5,7,False,1,0.054285714285714284,0.948509485094851,13
2024-09-29,2x2,Juventude,Bragantino,11:00,19.0,8,False,1,0.05277777777777778,0.949868073878628,13
2024-09-29,2x2,Angers,Reims,12:00,19.5,9,False,1,0.05135135135135135,0.9511568123393317,13
2024-09-29,2x2,Como,Verona,10:00,20.0,10,False,1,0.049999999999999996,0.9523809523809524,13
2024-09-29,2x2,Torino,Lazio,07:30,20.0,11,False,1,0.049999999999999996,0.9523809523809524,13
2024-09-29,2x2,AIK,Hammarby,09:00,20.0,12,False,1,0.049999999999999996,0.9523809523809524,13
2024-09-29,2x2,Varnamo,Djurgarden,09:00,20.0,13,False,1,0.049999999999999996,0.9523809523809524,13
2024-09-30,2x2,Ostersund,Oddevold,14:00,19.0,1,True,1,0.05277777777777778,0.949868073878628,1
2024-10-01,2x2,QPR,Hull,15:45,16.5,1,True,1,0.06129032258064516,0.9422492401215806,14
2024-10-01,2x2,Cheltenham,Accrington,15:45,17.5,2,True,1,0.05757575757575757,0.9455587392550143,14
2024-10-01,2x2,Dortmund,Celtic,16:00,18.0,3,True,1,0.055882352941176466,0.947075208913649,14
2024-10-01,2x2,Bromley,Chesterfield,15:45,18.0,4,False,0,-1.0,0.947075208913649,14
2024-10-01,2x2,Bristol Rovers,Charlton,15:45,18.5,5,False,1,0.054285714285714284,0.948509485094851,14
2024-10-01,2x2,Doncaster,Barrow,15:45,19.0,6,False,1,0.05277777777777778,0.949868073878628,14
2024-10-01,2x2,Leyton Orient,Exeter,15:45,19.0,7,False,1,0.05277777777777778,0.949868073878628,14
2024-10-01,2x2,Cambridge Utd,Rotherham,15:45,19.5,8,False,1,0.05135135135135135,0.9511568123393317,14
2024-10-01,2x2,Stuttgart,Sparta Prague,13:45,19.5,9,False,1,0.05135135135135135,0.9511568123393317,14
2024-10-01,2x2,Northampton,Bolton,15:45,19.5,10,False,1,0.05135135135135135,0.9511568123393317,14
2024-10-01,2x2,Gillingham,Grimsby,15:45,19.5,11,False,1,0.05135135135135135,0.9511568123393317,14
2024-10-01,2x2,Blackpool,Lincoln,15:45,20.0,12,False,1,0.049999999999999996,0.9523809523809524,14
2024-10-01,2x2,Port Vale,Colchester,15:45,20.0,13,False,1,0.049999999999999996,0.9523809523809524,14
2024-10-01,2x2,Tranmere,Swindon,15:45,20.0,14,False,1,0.049999999999999996,0.9523809523809524,14
2024-10-02,2x2,RB Leipzig,Juventus,16:00,17.5,1,True,1,0.05757575757575757,0.9455587392550143,2
2024-10-02,2x2,Los Angeles FC,St. Louis City,23:30,19.0,2,True,1,0.05277777777777778,0.949868073878628,2
2024-10-04,2x2,Helmond,Jong Ajax,15:00,17.5,1,True,1,0.05757575757575757,0.9455587392550143,8
2024-10-04,2x2,Widzew Lodz,Korona Kielce,15:30,18.0,2,True,1,0.055882352941176466,0.947075208913649,8
2024-10-04,2x2,Verona,Venezia,15:45,18.5,3,True,1,0.054285714285714284,0.948509485094851,8
2024-10-04,2x2,Puszcza,GKS Katowice,13:00,18.5,4,False,1,0.054285714285714284,0.948509485094851,8
2024-10-04,2x2,Sunderland,Leeds,16:00,18.5,5,False,0,-1.0,0.948509485094851,8
2024-10-04,2x2,Annecy,Red Star,15:00,19.0,6,False,1,0.05277777777777778,0.949868073878628,8
2024-10-04,2x2,Almere City,Willem II,15:00,19.5,7,False,1,0.05135135135135135,0.9511568123393317,8
2024-10-04,2x2,Gremio,Fortaleza,21:30,20.0,8,False,1,0.049999999999999996,0.9523809523809524,8
2024-10-05,2x2,Los Angeles Galaxy,Austin FC,23:30,16.5,1,True,1,0.06129032258064516,0.9422492401215806,24
2024-10-05,2x2,Portsmouth,Oxford Utd,08:30,17.0,2,True,1,0.059375,0.943952802359882,24
2024-10-05,2x2,Rotherham,Reading,11:00,17.5,3,True,1,0.05757575757575757,0.9455587392550143,24
2024-10-05,2x2,Swansea,Stoke,11:00,17.5,4,False,1,0.05757575757575757,0.9455587392550143,24
2024-10-05,2x2,Zaragoza,Racing Santander,13:30,18.0,5,False,1,0.055882352941176466,0.947075208913649,24
2024-10-05,2x2,NAC Breda,Nijmegen,13:45,18.0,6,False,1,0.055882352941176466,0.947075208913649,24
2024-10-05,2x2,Oliveirense,Pacos Ferreira,11:30,18.0,7,False,1,0.055882352941176466,0.947075208913649,24
2024-10-05,2x2,Utsikten,Helsingborg,08:00,18.5,8,False,1,0.054285714285714284,0.948509485094851,24
2024-10-05,2x2,Colchester,Carlisle,11:00,18.5,9,False,1,0.054285714285714284,0.948509485094851,24
2024-10-05,2x2,Derby,QPR,11:00,19.0,10,False,1,0.05277777777777778,0.949868073878628,24
2024-10-05,2x2,Udinese,Lecce,10:00,19.0,11,False,1,0.05277777777777778,0.949868073878628,24
2024-10-05,2x2,Kortrijk,Genk,13:15,19.0,12,False,1,0.05277777777777778,0.949868073878628,24
2024-10-05,2x2,Yeovil,Dag & Red,11:00,19.0,13,False,1,0.05277777777777778,0.949868073878628,24
2024-10-05,2x2,Juventus U23,Potenza,10:00,19.0,14,False,1,0.05277777777777778,0.949868073878628,24
2024-10-05,2x2,Pisa,Cesena,10:00,19.0,15,False,1,0.05277777777777778,0.949868073878628,24
2024-10-05,2x2,Kofu,Okayama,02:00,19.5,16,False,1,0.05135135135135135,0.9511568123393317,24
2024-10-05,2x2,Karvina,Hradec Kralove,08:30,19.5,17,False,1,0.05135135135135135,0.9511568123393317,24
2024-10-05,2x2,Charlton,Birmingham,11:00,19.5,18,False,1,0.05135135135135135,0.9511568123393317,24
2024-10-05,2x2,Crystal Palace,Liverpool,08:30,19.5,19,False,1,0.05135135135135135,0.9511568123393317,24
2024-10-05,2x2,Mjallby,Vasteras SK,10:00,19.5,20,False,1,0.05135135135135135,0.9511568123393317,24
2024-10-05,2x2,Peterborough,Stevenage,08:30,20.0,21,False,1,0.049999999999999996,0.9523809523809524,24
2024-10-05,2x2,Podbrezova,Trnava,13:00,20.0,22,False,1,0.049999999999999996,0.9523809523809524,24
2024-10-05,2x2,Bahia,Flamengo RJ,19:00,20.0,23,False,1,0.049999999999999996,0.9523809523809524,24
2024-10-05,2x2,FC Tulsa,El Paso,21:30,20.0,24,False,1,0.049999999999999996,0.9523809523809524,24
2024-10-06,2x2,Eintracht Frankfurt,Bayern Munich,12:30,16.5,1,True,1,0.06129032258064516,0.9422492401215806,11
2024-10-06,2x2,Mariehamn,Inter Turku,10:30,17.5,2,True,1,0.05757575757575757,0.9455587392550143,11
2024-10-06,2x2,Eldense,Castellon,11:15,17.5,3,True,1,0.05757575757575757,0.9455587392550143,11
2024-10-06,2x2,Girona,Ath Bilbao,09:00,18.0,4,False,1,0.055882352941176466,0.947075208913649,11
2024-10-06,2x2,Alaves,Barcelona,11:15,18.5,5,False,1,0.054285714285714284,0.948509485094851,11
2024-10-06,2x2,Mantova,Brescia,10:00,18.5,6,False,1,0.054285714285714284,0.948509485094851,11
2024-10-06,2x2,FC Porto,Braga,16:30,18.5,7,False,1,0.054285714285714284,0.948509485094851,11
2024-10-06,2x2,Sevilla,Betis,13:30,18.5,8,False,1,0.054285714285714284,0.948509485094851,11
2024-10-06,2x2,Maribor,Celje,12:30,19.5,9,False,1,0.05135135135135135,0.9511568123393317,11
2024-10-06,2x2,SC Farense,Estoril,11:30,19.5,10,False,1,0.05135135135135135,0.9511568123393317,11
2024-10-06,2x2,Real Sociedad,Atl. Madrid,16:00,20.0,11,False,1,0.049999999999999996,0.9523809523809524,11
2024-10-11,2x2,Slovakia,Sweden,15:45,17.5,1,True,0,-1.0,0.9455587392550143,2
2024-10-11,2x2,Ukraine,Georgia,15:45,20.0,2,True,1,0.049999999999999996,0.9523809523809524,2
2024-10-12,2x2,MK Dons,Port Vale,11:00,18.5,1,True,1,0.054285714285714284,0.948509485094851,5
2024-10-12,2x2,Pittsburgh,Charleston,20:00,19.0,2,True,1,0.05277777777777778,0.949868073878628,5
2024-10-12,2x2,Cheltenham,Swindon,11:00,19.5,3,False,1,0.05135135135135135,0.9511568123393317,5
2024-10-12,2x2,Alverca,Penafiel,10:00,19.5,4,True,0,-1.0,0.9511568123393317,5
2024-10-12,2x2,Hartford Athletic,North Carolina,20:30,19.5,5,False,1,0.05135135135135135,0.9511568123393317,5
2024-10-13,2x2,Austria,Norway,15:45,17.5,1,True,1,0.05757575757575757,0.9455587392550143,3
2024-10-13,2x2,Granada CF,Cordoba,13:30,19.5,2,True,1,0.05135135135135135,0.9511568123393317,3
2024-10-13,2x2,Elche,Dep. La Coruna,16:00,20.0,3,True,1,0.049999999999999996,0.9523809523809524,3
2024-10-14,2x2,Belgium,France,15:45,17.5,1,True,1,0.05757575757575757,0.9455587392550143,2
2024-10-14,2x2,Ukraine,Czech Republic,15:45,17.5,2,True,1,0.05757575757575757,0.9455587392550143,2
2024-10-15,2x2,Poland,Croatia,15:45,19.5,1,True,1,0.05135135135135135,0.9511568123393317,2
2024-10-15,2x2,China,Indonesia,09:00,20.0,2,True,1,0.049999999999999996,0.9523809523809524,2
2024-10-17,2x2,Shrewsbury,Exeter,16:00,17.5,1,True,1,0.05757575757575757,0.9455587392550143,1
2024-10-18,2x2,Central Coast Mariners,Melbourne Victory,05:35,17.5,1,True,1,0.05757575757575757,0.9455587392550143,5
2024-10-18,2x2,Red Star,Caen,15:00,18.0,2,True,0,-1.0,0.947075208913649,5
2024-10-18,2x2,Martigues,Rodez,15:00,19.0,3,True,1,0.05277777777777778,0.949868073878628,5
2024-10-18,2x2,Excelsior,Maastricht,15:00,19.0,4,False,1,0.05277777777777778,0.949868073878628,5
2024-10-18,2x2,Cruzeiro,Bahia,21:30,20.0,5,False,1,0.049999999999999996,0.9523809523809524,5
2024-10-19,2x2,Tottenham,West Ham,08:30,16.5,1,True,1,0.06129032258064516,0.9422492401215806,26
2024-10-19,2x2,Ipswich,Everton,11:00,16.5,2,True,1,0.06129032258064516,0.9422492401215806,26
2024-10-19,2x2,Accrington,Barrow,08:30,17.5,3,True,1,0.05757575757575757,0.9455587392550143,26
2024-10-19,2x2,Preston,Coventry,08:30,17.5,4,False,1,0.05757575757575757,0.9455587392550143,26
2024-10-19,2x2,Mansfield,Stevenage,11:00,18.0,5,False,1,0.055882352941176466,0.947075208913649,26
2024-10-19,2x2,Blackburn,Swansea,11:00,18.0,6,False,1,0.055882352941176466,0.947075208913649,26
2024-10-19,2x2,Bayer Leverkusen,Eintracht Frankfurt,10:30,18.0,7,False,1,0.055882352941176466,0.947075208913649,26
2024-10-19,2x2,Brest,Rennes,12:00,18.0,8,False,1,0.055882352941176466,0.947075208913649,26
2024-10-19,2x2,Minnesota United,St. Louis City,22:00,18.0,9,False,1,0.055882352941176466,0.947075208913649,26
2024-10-19,2x2,Skovde AIK,Utsikten,08:00,19.0,10,False,1,0.05277777777777778,0.949868073878628,26
2024-10-19,2x2,Michalovce,Kosice,10:30,19.0,11,False,1,0.05277777777777778,0.949868073878628,26
2024-10-19,2x2,Dukla Prague,FK Pardubice,11:00,19.5,12,False,1,0.05135135135135135,0.9511568123393317,26
2024-10-19,2x2,Motor Lublin,Widzew Lodz,09:45,19.5,13,False,1,0.05135135135135135,0.9511568123393317,26
2024-10-19,2x2,Changchun Yatai,Qingdao West Coast,04:30,19.5,14,False,1,0.05135135135135135,0.9511568123393317,26
2024-10-19,2x2,Bucheon FC 1995,Suwon Bluewings,02:00,20.0,15,False,1,0.049999999999999996,0.9523809523809524,26
2024-10-19,2x2,Oxford Utd,West Brom,08:30,20.0,16,False,1,0.049999999999999996,0.9523809523809524,26
2024-10-19,2x2,Ostrava,Plzen,11:00,20.0,17,False,1,0.049999999999999996,0.9523809523809524,26
2024-10-19,2x2,Ostersund,Landskrona,10:00,20.0,18,False,1,0.049999999999999996,0.9523809523809524,26
2024-10-19,2x2,Osasuna,Betis,11:15,20.0,19,False,1,0.049999999999999996,0.9523809523809524,26
2024-10-19,2x2,Akranes,Vikingur Reykjavik,11:00,20.0,20,False,1,0.049999999999999996,0.9523809523809524,26
2024-10-19,2x2,Grasshoppers,Zurich,13:00,20.0,21,False,1,0.049999999999999996,0.9523809523809524,26
2024-10-19,2x2,Bayern Munich,Stuttgart,13:30,20.0,22,False,1,0.049999999999999996,0.9523809523809524,26
2024-10-19,2x2,O'Higgins,Nublense,15:00,20.0,23,False,1,0.049999999999999996,0.9523809523809524,26
2024-10-19,2x2,Brescia,Sassuolo,12:15,20.0,24,False,1,0.049999999999999996,0.9523809523809524,26
2024-10-19,2x2,U. Catolica,U. De Chile,18:00,20.0,25,False,1,0.049999999999999996,0.9523809523809524,26
2024-10-19,2x2,Pachuca,Guadalajara Chivas,20:00,20.0,26,False,1,0.049999999999999996,0.9523809523809524,26
2024-10-20,2x2,Cadiz CF,Racing Santander,09:00,17.5,1,True,1,0.05757575757575757,0.9455587392550143,12
2024-10-20,2x2,Fredrikstad,Lillestrom,14:15,17.5,2,True,1,0.05757575757575757,0.9455587392550143,12
2024-10-20,2x2,Zwolle,NAC Breda,11:45,18.0,3,True,1,0.055882352941176466,0.947075208913649,12
2024-10-20,2x2,Lecce,Fiorentina,10:00,18.0,4,False,1,0.055882352941176466,0.947075208913649,12
2024-10-20,2x2,Nacional Potosi,Always Ready,18:30,18.0,5,False,1,0.055882352941176466,0.947075208913649,12
2024-10-20,2x2,Cesena,Sampdoria,12:15,18.5,6,False,1,0.054285714285714284,0.948509485094851,12
2024-10-20,2x2,Nantes,Nice,12:00,18.5,7,False,1,0.054285714285714284,0.948509485094851,12
2024-10-20,2x2,Holstein Kiel,Union Berlin,10:30,18.5,8,False,1,0.054285714285714284,0.948509485094851,12
2024-10-20,2x2,Cagliari,Torino,13:00,18.5,9,False,1,0.054285714285714284,0.948509485094851,12
2024-10-20,2x2,Sonderjyske,Midtjylland,13:00,19.0,10,False,1,0.05277777777777778,0.949868073878628,12
2024-10-20,2x2,FK Zorya Luhansk,Kryvbas,12:00,20.0,11,False,1,0.049999999999999996,0.9523809523809524,12
2024-10-20,2x2,Coquimbo,Cobresal,17:30,20.0,12,False,1,0.049999999999999996,0.9523809523809524,12
2024-10-21,2x2,Mjondalen,Sogndal,14:00,17.5,1,True,1,0.05757575757575757,0.9455587392550143,5
2024-10-21,2x2,Nottingham,Crystal Palace,16:00,18.5,2,True,1,0.054285714285714284,0.948509485094851,5
2024-10-21,2x2,Radomiak Radom,Puszcza,14:00,19.5,3,False,1,0.05135135135135135,0.9511568123393317,5
2024-10-21,2x2,Albacete,Burgos CF,15:30,19.5,4,True,1,0.05135135135135135,0.9511568123393317,5
2024-10-21,2x2,Defensor Sp.,Liverpool M.,19:00,19.5,5,False,1,0.05135135135135135,0.9511568123393317,5
2024-10-22,2x2,Stoke,Bristol City,15:45,17.0,1,True,0,-1.0,0.943952802359882,10
2024-10-22,2x2,Preston,Norwich,15:45,17.5,2,True,0,-1.0,0.9455587392550143,10
2024-10-22,2x2,Barnsley,Charlton,15:45,17.5,3,True,0,-1.0,0.9455587392550143,10
2024-10-22,2x2,Bristol Rovers,Shrewsbury,15:45,17.5,4,False,1,0.05757575757575757,0.9455587392550143,10
2024-10-22,2x2,Exeter,Reading,15:45,17.5,5,False,1,0.05757575757575757,0.9455587392550143,10
2024-10-22,2x2,Oxford Utd,Derby,15:45,18.5,6,False,1,0.054285714285714284,0.948509485094851,10
2024-10-22,2x2,Tamworth,Yeovil,15:45,18.5,7,False,1,0.054285714285714284,0.948509485094851,10
2024-10-22,2x2,Wigan,Mansfield,15:45,19.0,8,False,1,0.05277777777777778,0.949868073878628,10
2024-10-22,2x2,Real Madrid,Dortmund,16:00,19.0,9,False,1,0.05277777777777778,0.949868073878628,10
2024-10-22,2x2,Leyton Orient,Rotherham,15:45,19.5,10,False,1,0.05135135135135135,0.9511568123393317,10
2024-10-23,2x2,Blackburn,West Brom,15:45,18.5,1,True,1,0.054285714285714284,0.948509485094851,3
2024-10-23,2x2,Hull,Burnley,15:45,18.5,2,True,1,0.054285714285714284,0.948509485094851,3
2024-10-23,2x2,Atalanta,Celtic,13:45,19.5,3,True,1,0.05135135135135135,0.9511568123393317,3
2024-10-24,2x2,Ferencvaros,Nice,13:45,18.5,1,True,1,0.054285714285714284,0.948509485094851,3
2024-10-24,2x2,Al Wehda,Al Khaleej,15:00,18.5,2,True,1,0.054285714285714284,0.948509485094851,3
2024-10-24,2x2,Club Tijuana,Club America,00:05,20.0,3,True,0,-1.0,0.9523809523809524,3
2024-10-25,2x2,Almere City,Nijmegen,15:00,17.5,1,True,1,0.05757575757575757,0.9455587392550143,6
2024-10-25,2x2,Dunkerque,Red Star,15:00,18.0,2,True,1,0.055882352941176466,0.947075208913649,6
2024-10-25,2x2,Leicester,Nottingham,16:00,18.0,3,True,1,0.055882352941176466,0.947075208913649,6
2024-10-25,2x2,Udinese,Cagliari,13:30,18.5,4,False,1,0.054285714285714284,0.948509485094851,6
2024-10-25,2x2,Torino,Como,15:45,18.5,5,False,1,0.054285714285714284,0.948509485094851,6
2024-10-25,2x2,Espanyol,Sevilla,16:00,20.0,6,False,1,0.049999999999999996,0.9523809523809524,6
2024-10-26,2x2,Plymouth,Preston,11:00,17.0,1,True,1,0.059375,0.943952802359882,14
2024-10-26,2x2,Derby,Hull,11:00,17.5,2,True,1,0.05757575757575757,0.9455587392550143,14
2024-10-26,2x2,Las Palmas,Girona,13:30,17.5,3,True,1,0.05757575757575757,0.9455587392550143,14
2024-10-26,2x2,Werder Bremen,Bayer Leverkusen,13:30,17.5,4,False,0,-1.0,0.9455587392550143,14
2024-10-26,2x2,Lens,Lille,16:00,18.0,5,False,1,0.055882352941176466,0.947075208913649,14
2024-10-26,2x2,Gangwon,Gimcheon Sangmu,02:00,18.5,6,False,1,0.054285714285714284,0.948509485094851,14
2024-10-26,2x2,Bristol City,Leeds,08:30,18.5,7,False,1,0.054285714285714284,0.948509485094851,14
2024-10-26,2x2,Benfica B,Tondela,14:00,19.0,8,False,1,0.05277777777777778,0.949868073878628,14
2024-10-26,2x2,Reims,Brest,14:00,19.5,9,False,1,0.05135135135135135,0.9511568123393317,14
2024-10-26,2x2,Luzern,Yverdon,15:30,19.5,10,False,1,0.05135135135135135,0.9511568123393317,14
2024-10-26,2x2,Angers,St Etienne,12:00,19.5,11,False,1,0.05135135135135135,0.9511568123393317,14
2024-10-26,2x2,Sittard,Groningen,11:30,19.5,12,False,1,0.05135135135135135,0.9511568123393317,14
2024-10-26,2x2,Mjallby,GAIS,10:00,20.0,13,False,1,0.049999999999999996,0.9523809523809524,14
2024-10-26,2x2,Sundsvall,Orgryte,10:00,20.0,14,False,1,0.049999999999999996,0.9523809523809524,14
2024-10-27,2x2,Arsenal,Liverpool,13:30,16.5,1,True,0,-1.0,0.9422492401215806,19
2024-10-27,2x2,Dep. La Coruna,Racing Santander,12:15,17.0,2,True,1,0.059375,0.943952802359882,19
2024-10-27,2x2,Union Berlin,Eintracht Frankfurt,13:30,17.0,3,False,1,0.059375,0.943952802359882,19
2024-10-27,2x2,Fiorentina,AS Roma,16:45,17.0,4,True,1,0.059375,0.943952802359882,19
2024-10-27,2x2,Betis,Atl. Madrid,14:30,17.5,5,False,1,0.05757575757575757,0.9455587392550143,19
2024-10-27,2x2,Los Angeles Galaxy,Colorado Rapids,00:00,17.5,6,False,1,0.05757575757575757,0.9455587392550143,19
2024-10-27,2x2,Granada CF,Levante,17:00,17.5,7,False,1,0.05757575757575757,0.9455587392550143,19
2024-10-27,2x2,Zurich,Servette,12:30,18.0,8,False,1,0.055882352941176466,0.947075208913649,19
2024-10-27,2x2,Parma,Empoli,08:30,18.0,9,False,1,0.055882352941176466,0.947075208913649,19
2024-10-27,2x2,FCSB,FC Rapid Bucuresti,16:00,18.0,10,False,1,0.055882352941176466,0.947075208913649,19
2024-10-27,2x2,Lyon,Auxerre,11:00,18.5,11,False,0,-1.0,0.948509485094851,19
2024-10-27,2x2,Strasbourg,Nantes,13:00,19.0,12,False,1,0.05277777777777778,0.949868073878628,19
2024-10-27,2x2,Albacete,Gijon,14:30,19.0,13,False,1,0.05277777777777778,0.949868073878628,19
2024-10-27,2x2,AIK,Elfsborg,10:00,19.0,14,False,1,0.05277777777777778,0.949868073878628,19
2024-10-27,2x2,Stal Mielec,Zaglebie,08:15,19.5,15,False,0,-1.0,0.9511568123393317,19
2024-10-27,2x2,Michalovce,Skalica,11:30,19.5,16,False,1,0.05135135135135135,0.9511568123393317,19
2024-10-27,2x2,Athens Kallithea,Atromitos,16:30,19.5,17,False,1,0.05135135135135135,0.9511568123393317,19
2024-10-27,2x2,Huesca,Almeria,14:30,19.5,18,False,0,-1.0,0.9511568123393317,19
2024-10-27,2x2,Varnamo,Norrkoping,10:00,20.0,19,False,1,0.049999999999999996,0.9523809523809524,19
2024-10-28,2x2,Farul Constanta,Univ. Craiova,16:00,17.5,1,True,1,0.05757575757575757,0.9455587392550143,5
2024-10-28,2x2,Bodo/Glimt,Rosenborg,15:00,18.0,2,True,1,0.055882352941176466,0.947075208913649,5
2024-10-28,2x2,Blackpool,Wigan,17:00,18.5,3,True,0,-1.0,0.948509485094851,5
2024-10-28,2x2,Vasco,Bahia,21:00,18.5,4,False,1,0.054285714285714284,0.948509485094851,5
2024-10-28,2x2,Seattle Sounders,Houston Dynamo,21:50,20.0,5,False,1,0.049999999999999996,0.9523809523809524,5
2024-10-29,2x2,Modena,Cremonese,16:30,18.5,1,True,0,-1.0,0.948509485094851,6
2024-10-29,2x2,Cagliari,Bologna,14:30,19.0,2,True,1,0.05277777777777778,0.949868073878628,6
2024-10-29,2x2,Stevenage,Bolton,16:45,19.0,3,True,1,0.05277777777777778,0.949868073878628,6
2024-10-29,2x2,Lecce,Verona,14:30,19.0,4,False,1,0.05277777777777778,0.949868073878628,6
2024-10-29,2x2,Brescia,Spezia,16:30,19.5,5,False,1,0.05135135135135135,0.9511568123393317,6
2024-10-29,2x2,Juve Stabia,Sassuolo,16:30,20.0,6,False,0,-1.0,0.9523809523809524,6
2024-10-30,2x2,Venezia,Udinese,14:30,19.5,1,True,1,0.05135135135135135,0.9511568123393317,2
2024-10-30,2x2,Internacional,Flamengo RJ,19:00,20.0,2,True,1,0.049999999999999996,0.9523809523809524,2
2024-10-31,2x2,Como,Lazio,16:45,17.5,1,True,1,0.05757575757575757,0.9455587392550143,1
2024-11-01,2x2,Luton,West Brom,17:00,17.0,1,True,1,0.059375,0.943952802359882,6
2024-11-01,2x2,Ulm,Schalke,14:30,17.5,2,True,1,0.05757575757575757,0.9455587392550143,6
2024-11-01,2x2,Queretaro,Juarez,22:00,19.0,3,True,1,0.05277777777777778,0.949868073878628,6
2024-11-01,2x2,Tapatio,Celaya,22:00,19.5,4,False,1,0.05135135135135135,0.9511568123393317,6
2024-11-01,2x2,Martigues,Red Star,16:00,20.0,5,False,1,0.049999999999999996,0.9523809523809524,6
2024-11-01,2x2,Dunkerque,Amiens,16:00,20.0,6,False,1,0.049999999999999996,0.9523809523809524,6
2024-11-02,2x2,Stoke,Derby,09:30,18.0,1,True,1,0.055882352941176466,0.947075208913649,13
2024-11-02,2x2,Sittard,Heerenveen,17:00,18.0,2,True,1,0.055882352941176466,0.947075208913649,13
2024-11-02,2x2,Aucas,Barcelona SC,17:30,18.5,3,True,1,0.054285714285714284,0.948509485094851,13
2024-11-02,2x2,Heracles,NAC Breda,14:45,18.5,4,False,1,0.054285714285714284,0.948509485094851,13
2024-11-02,2x2,Juventude,Fortaleza,18:30,18.5,5,False,1,0.054285714285714284,0.948509485094851,13
2024-11-02,2x2,Brest,Nice,15:00,19.0,6,False,1,0.05277777777777778,0.949868073878628,13
2024-11-02,2x2,Zaragoza,Granada CF,14:30,19.0,7,False,1,0.05277777777777778,0.949868073878628,13
2024-11-02,2x2,Oxford Utd,Swansea,09:30,19.0,8,False,1,0.05277777777777778,0.949868073878628,13
2024-11-02,2x2,Al Ettifaq,Al Qadsiah,15:00,19.5,9,False,1,0.05135135135135135,0.9511568123393317,13
2024-11-02,2x2,Domzale,Primorje,11:00,19.5,10,False,1,0.05135135135135135,0.9511568123393317,13
2024-11-02,2x2,Central Coast Mariners,Perth Glory,03:00,20.0,11,False,1,0.049999999999999996,0.9523809523809524,13
2024-11-02,2x2,Viking,Sandefjord,14:00,20.0,12,False,1,0.049999999999999996,0.9523809523809524,13
2024-11-02,2x2,Elfsborg,Vasteras SK,11:00,20.0,13,False,1,0.049999999999999996,0.9523809523809524,13
2024-11-03,2x2,Nantes,Marseille,16:45,16.5,1,True,1,0.06129032258064516,0.9422492401215806,15
2024-11-03,2x2,Univ. Craiova,FCSB,16:00,17.0,2,True,1,0.059375,0.943952802359882,15
2024-11-03,2x2,Le Havre,Montpellier,13:00,17.0,3,True,1,0.059375,0.943952802359882,15
2024-11-03,2x2,Orebro,Helsingborg,11:00,17.5,4,False,1,0.05757575757575757,0.9455587392550143,15
2024-11-03,2x2,Torino,Fiorentina,11:00,18.0,5,False,1,0.055882352941176466,0.947075208913649,15
2024-11-03,2x2,Francs Borains,Seraing,09:30,18.5,6,False,1,0.054285714285714284,0.948509485094851,15
2024-11-03,2x2,Unterhaching,Mannheim,09:30,19.0,7,False,1,0.05277777777777778,0.949868073878628,15
2024-11-03,2x2,Tammeka,Narva,07:30,19.0,8,False,1,0.05277777777777778,0.949868073878628,15
2024-11-03,2x2,Houston Dynamo,Seattle Sounders,20:30,19.5,9,False,1,0.05135135135135135,0.9511568123393317,15
2024-11-03,2x2,Ath Bilbao,Betis,17:00,19.5,10,False,1,0.05135135135135135,0.9511568123393317,15
2024-11-03,2x2,Nijmegen,Groningen,10:30,19.5,11,False,1,0.05135135135135135,0.9511568123393317,15
2024-11-03,2x2,Skalica,Banska Bystrica,11:30,19.5,12,False,1,0.05135135135135135,0.9511568123393317,15
2024-11-03,2x2,Cosenza,Salernitana,11:00,20.0,13,False,1,0.049999999999999996,0.9523809523809524,15
2024-11-03,2x2,LKS Lodz,Ruch Chorzow,10:30,20.0,14,False,1,0.049999999999999996,0.9523809523809524,15
2024-11-03,2x2,FC Porto B,Torreense,12:30,20.0,15,False,1,0.049999999999999996,0.9523809523809524,15
2024-11-04,2x2,Corinthians,Palmeiras,20:00,19.0,1,True,1,0.05277777777777778,0.949868073878628,2
2024-11-04,2x2,Empoli,Como,14:30,20.0,2,True,1,0.049999999999999996,0.9523809523809524,2
2024-11-05,2x2,Oxford Utd,Hull,16:45,17.0,1,True,1,0.059375,0.943952802359882,6
2024-11-05,2x2,Swansea,Watford,17:00,17.0,2,True,1,0.059375,0.943952802359882,6
2024-11-05,2x2,Bologna,Monaco,17:00,17.0,3,True,1,0.059375,0.943952802359882,6
2024-11-05,2x2,QPR,Middlesbrough,16:45,18.5,4,False,1,0.054285714285714284,0.948509485094851,6
2024-11-05,2x2,Lille,Juventus,17:00,20.0,5,False,1,0.049999999999999996,0.9523809523809524,6
2024-11-05,2x2,Real Madrid,AC Milan,17:00,20.0,6,False,1,0.049999999999999996,0.9523809523809524,6
2024-11-06,2x2,Sparta Prague,Brest,17:00,17.5,1,True,1,0.05757575757575757,0.9455587392550143,3
2024-11-06,2x2,Blackburn,Stoke,16:45,18.5,2,True,1,0.054285714285714284,0.948509485094851,3
2024-11-06,2x2,Inter,Arsenal,17:00,18.5,3,True,1,0.054285714285714284,0.948509485094851,3
2024-11-07,2x2,FCSB,Midtjylland,14:45,17.5,1,True,1,0.05757575757575757,0.9455587392550143,2
2024-11-07,2x2,Eintracht Frankfurt,Slavia Prague,14:45,18.0,2,True,1,0.055882352941176466,0.947075208913649,2
2024-11-08,2x2,Barnsley,Rotherham,16:15,17.5,1,True,1,0.05757575757575757,0.9455587392550143,5
2024-11-08,2x2,Elche,Almeria,16:30,18.5,2,True,1,0.054285714285714284,0.948509485094851,5
2024-11-08,2x2,Union Berlin,Freiburg,16:30,19.5,3,True,1,0.05135135135135135,0.9511568123393317,5
2024-11-08,2x2,Verl,Hansa Rostock,15:00,20.0,4,False,1,0.049999999999999996,0.9523809523809524,5
2024-11-08,2x2,Pogon Siedlce,Kotwica Kolobrzeg,14:00,20.0,5,False,1,0.049999999999999996,0.9523809523809524,5
2024-11-09,2x2,Crystal Palace,Fulham,12:00,17.0,1,True,1,0.059375,0.943952802359882,17
2024-11-09,2x2,Cardiff,Blackburn,09:30,17.5,2,True,1,0.05757575757575757,0.9455587392550143,17
2024-11-09,2x2,Groningen,Sparta Rotterdam,12:30,17.5,3,True,1,0.05757575757575757,0.9455587392550143,17
2024-11-09,2x2,Sunderland,Coventry,12:00,17.5,4,False,0,-1.0,0.9455587392550143,17
2024-11-09,2x2,Zwolle,Sittard,14:45,17.5,5,False,1,0.05757575757575757,0.9455587392550143,17
2024-11-09,2x2,Leyton Orient,Blackpool,12:00,18.0,6,False,1,0.055882352941176466,0.947075208913649,17
2024-11-09,2x2,Wigan,Wycombe,12:00,18.0,7,False,1,0.055882352941176466,0.947075208913649,17
2024-11-09,2x2,Portsmouth,Preston,12:00,18.5,8,False,1,0.054285714285714284,0.948509485094851,17
2024-11-09,2x2,Bristol Rovers,Lincoln,12:00,18.5,9,False,1,0.054285714285714284,0.948509485094851,17
2024-11-09,2x2,Exeter,Charlton,12:00,18.5,10,False,1,0.054285714285714284,0.948509485094851,17
2024-11-09,2x2,Inter Miami,Atlanta Utd,22:00,19.0,11,False,1,0.05277777777777778,0.949868073878628,17
2024-11-09,2x2,Oliveirense,Portimonense,11:00,19.5,12,False,1,0.05135135135135135,0.9511568123393317,17
2024-11-09,2x2,Juventude,Bahia,19:00,19.5,13,False,1,0.05135135135135135,0.9511568123393317,17
2024-11-09,2x2,Stoke,Millwall,09:30,20.0,14,False,1,0.049999999999999996,0.9523809523809524,17
2024-11-09,2x2,Stevenage,Reading,12:00,20.0,15,False,1,0.049999999999999996,0.9523809523809524,17
2024-11-09,2x2,Sandhausen,Alemannia Aachen,10:00,20.0,16,False,1,0.049999999999999996,0.9523809523809524,17
2024-11-09,2x2,Liverpool,Aston Villa,17:00,20.0,17,False,1,0.049999999999999996,0.9523809523809524,17
2024-11-10,2x2,Nottingham,Newcastle,11:00,15.5,1,True,1,0.06551724137931034,0.9385113268608415,15
2024-11-10,2x2,Heidenheim,Wolfsburg,15:30,17.5,2,True,1,0.05757575757575757,0.9455587392550143,15
2024-11-10,2x2,Aarhus,FC Copenhagen,14:00,18.0,3,True,1,0.055882352941176466,0.947075208913649,15
2024-11-10,2x2,Necaxa,Atlas,20:00,18.0,4,False,1,0.055882352941176466,0.947075208913649,15
2024-11-10,2x2,Benfica,FC Porto,17:45,18.5,5,False,1,0.054285714285714284,0.948509485094851,15
2024-11-10,2x2,Mjallby,Goteborg,11:00,18.5,6,False,1,0.054285714285714284,0.948509485094851,15
2024-11-10,2x2,Le Havre,Reims,13:00,19.0,7,False,1,0.05277777777777778,0.949868073878628,15
2024-11-10,2x2,Hull,West Brom,10:00,19.0,8,False,1,0.05277777777777778,0.949868073878628,15
2024-11-10,2x2,Inter,Napoli,16:45,19.0,9,False,1,0.05277777777777778,0.949868073878628,15
2024-11-10,2x2,Rennes,Toulouse,13:00,19.0,10,False,1,0.05277777777777778,0.949868073878628,15
2024-11-10,2x2,Central Coast Mariners,Wellington Phoenix,02:00,19.5,11,False,1,0.05135135135135135,0.9511568123393317,15
2024-11-10,2x2,Nice,Lille,11:00,19.5,12,False,0,-1.0,0.9511568123393317,15
2024-11-10,2x2,Braga,Sporting CP,15:45,19.5,13,False,1,0.05135135135135135,0.9511568123393317,15
2024-11-10,2x2,Kofu,Mito,02:00,20.0,14,False,1,0.049999999999999996,0.9523809523809524,15
2024-11-10,2x2,AS Roma,Bologna,11:00,20.0,15,False,1,0.049999999999999996,0.9523809523809524,15
2024-11-13,2x2,River Plate,Miramar,09:45,20.0,1,True,1,0.049999999999999996,0.9523809523809524,1
2024-11-14,2x2,Belgium,Italy,16:45,17.0,1,True,1,0.059375,0.943952802359882,2
2024-11-14,2x2,Slovenia,Norway,16:45,20.0,2,True,1,0.049999999999999996,0.9523809523809524,2
2024-11-15,2x2,Scotland,Croatia,16:45,17.5,1,True,1,0.05757575757575757,0.9455587392550143,4
2024-11-15,2x2,Telstar,Venlo,16:00,19.0,2,True,1,0.05277777777777778,0.949868073878628,4
2024-11-15,2x2,Romania,Kosovo,16:45,19.0,3,True,1,0.05277777777777778,0.949868073878628,4
2024-11-15,2x2,Denmark,Spain,16:45,19.5,4,False,1,0.05135135135135135,0.9511568123393317,4
2024-11-16,2x2,Accrington,Swindon,12:00,17.5,1,True,0,-1.0,0.9455587392550143,9
2024-11-16,2x2,Wealdstone,Rochdale,12:00,18.5,2,True,1,0.054285714285714284,0.948509485094851,9
2024-11-16,2x2,Georgia,Ukraine,14:00,18.5,3,True,1,0.054285714285714284,0.948509485094851,9
2024-11-16,2x2,Eldense,Albacete,12:15,19.5,4,False,1,0.05135135135135135,0.9511568123393317,9
2024-11-16,2x2,Montenegro,Iceland,14:00,19.5,5,False,1,0.05135135135135135,0.9511568123393317,9
2024-11-16,2x2,Exeter,Lincoln,09:30,20.0,6,False,1,0.049999999999999996,0.9523809523809524,9
2024-11-16,2x2,Braintree,AFC Fylde,12:00,20.0,7,False,1,0.049999999999999996,0.9523809523809524,9
2024-11-16,2x2,Levante,Elche,14:30,20.0,8,False,1,0.049999999999999996,0.9523809523809524,9
2024-11-16,2x2,Albania,Czech Republic,16:45,20.0,9,False,1,0.049999999999999996,0.9523809523809524,9
2024-11-17,2x2,Italy,France,16:45,19.0,1,True,1,0.05277777777777778,0.949868073878628,2
2024-11-17,2x2,Monagas,La Guaira,18:00,19.5,2,True,1,0.05135135135135135,0.9511568123393317,2
2024-11-18,2x2,Croatia,Portugal,16:45,16.5,1,True,1,0.06129032258064516,0.9422492401215806,2
2024-11-18,2x2,Poland,Scotland,16:45,18.0,2,True,1,0.055882352941176466,0.947075208913649,2
2024-11-19,2x2,Czech Republic,Georgia,16:45,20.0,1,True,1,0.049999999999999996,0.9523809523809524,1
2024-11-22,2x2,Nordsjaelland,Aarhus,15:00,19.0,1,True,1,0.05277777777777778,0.949868073878628,2
2024-11-22,2x2,Guingamp,Amiens,16:00,20.0,2,True,1,0.049999999999999996,0.9523809523809524,2
2024-11-23,2x2,Dusseldorf,Elversberg,09:00,17.0,1,True,1,0.059375,0.943952802359882,18
2024-11-23,2x2,Malaga,Racing Santander,17:00,17.0,2,True,1,0.059375,0.943952802359882,18
2024-11-23,2x2,QPR,Stoke,12:00,17.5,3,True,1,0.05757575757575757,0.9455587392550143,18
2024-11-23,2x2,Tecnico U.,Barcelona SC,17:30,18.5,4,False,0,-1.0,0.948509485094851,18
2024-11-23,2x2,SG Dynamo Dresden,Saarbrucken,10:00,19.0,5,False,1,0.05277777777777778,0.949868073878628,18
2024-11-23,2x2,Carlisle,Doncaster,12:00,19.0,6,False,1,0.05277777777777778,0.949868073878628,18
2024-11-23,2x2,Leicester,Chelsea,09:30,19.0,7,False,1,0.05277777777777778,0.949868073878628,18
2024-11-23,2x2,Jablonec,Ostrava,09:30,19.0,8,False,1,0.05277777777777778,0.949868073878628,18
2024-11-23,2x2,AC Milan,Juventus,14:00,19.0,9,False,1,0.05277777777777778,0.949868073878628,18
2024-11-23,2x2,Manchester City,Tottenham,14:30,19.0,10,False,1,0.05277777777777778,0.949868073878628,18
2024-11-23,2x2,FC Cartagena SAD,Almeria,10:00,19.5,11,False,1,0.05135135135135135,0.9511568123393317,18
2024-11-23,2x2,Wolfsburg,Union Berlin,11:30,19.5,12,False,1,0.05135135135135135,0.9511568123393317,18
2024-11-23,2x2,Lausanne,Sion,16:30,19.5,13,False,1,0.05135135135135135,0.9511568123393317,18
2024-11-23,2x2,Rosenborg,Sarpsborg 08,13:00,19.5,14,False,1,0.05135135135135135,0.9511568123393317,18
2024-11-23,2x2,Southend,Forest Green,12:00,19.5,15,False,0,-1.0,0.9511568123393317,18
2024-11-23,2x2,Fredrikstad,HamKam,13:00,19.5,16,False,1,0.05135135135135135,0.9511568123393317,18
2024-11-23,2x2,Sittard,Twente,17:00,19.5,17,False,1,0.05135135135135135,0.9511568123393317,18
2024-11-23,2x2,Aldershot,Altrincham,12:00,20.0,18,False,1,0.049999999999999996,0.9523809523809524,18
2024-11-24,2x2,Lille,Rennes,11:00,18.0,1,True,1,0.055882352941176466,0.947075208913649,7
2024-11-24,2x2,Huesca,Castellon,14:30,18.0,2,True,1,0.055882352941176466,0.947075208913649,7
2024-11-24,2x2,Polonia Warszawa,Ruch Chorzow,10:30,19.0,3,True,1,0.05277777777777778,0.949868073878628,7
2024-11-24,2x2,Como,Fiorentina,11:00,19.5,4,False,1,0.05135135135135135,0.9511568123393317,7
2024-11-24,2x2,Sigma Olomouc,Liberec,14:30,19.5,5,False,1,0.05135135135135135,0.9511568123393317,7
2024-11-24,2x2,Genoa,Cagliari,08:30,20.0,6,False,0,-1.0,0.9523809523809524,7
2024-11-24,2x2,Palermo,Sampdoria,13:15,20.0,7,False,1,0.049999999999999996,0.9523809523809524,7
2024-11-25,2x2,Venezia,Lecce,16:45,18.5,1,True,1,0.054285714285714284,0.948509485094851,2
2024-11-25,2x2,Newcastle,West Ham,17:00,19.5,2,True,1,0.05135135135135135,0.9511568123393317,2
2024-11-26,2x2,Watford,Bristol City,16:45,18.0,1,True,1,0.055882352941176466,0.947075208913649,7
2024-11-26,2x2,Stoke,Preston,16:45,19.5,2,False,1,0.05135135135135135,0.9511568123393317,7
2024-11-26,2x2,Fortaleza,Flamengo RJ,20:00,19.5,3,True,1,0.05135135135135135,0.9511568123393317,7
2024-11-26,2x2,Wanderers,Miramar,18:45,19.5,4,True,1,0.05135135135135135,0.9511568123393317,7
2024-11-26,2x2,Palmeiras,Botafogo RJ,21:30,19.5,5,False,1,0.05135135135135135,0.9511568123393317,7
2024-11-26,2x2,SA Bulo Bulo,Aurora,16:00,20.0,6,False,1,0.049999999999999996,0.9523809523809524,7
2024-11-26,2x2,Sunderland,West Brom,17:00,20.0,7,False,1,0.049999999999999996,0.9523809523809524,7
2024-11-27,2x2,Royal Pari,Nacional Potosi,21:30,18.5,1,True,1,0.054285714285714284,0.948509485094851,4
2024-11-27,2x2,Bologna,Lille,17:00,18.5,2,True,1,0.054285714285714284,0.948509485094851,4
2024-11-27,2x2,Derby,Swansea,17:00,19.5,3,True,1,0.05135135135135135,0.9511568123393317,4
2024-11-27,2x2,Aston Villa,Juventus,17:00,20.0,4,False,1,0.049999999999999996,0.9523809523809524,4
2024-11-28,2x2,Al Fateh,Al Riyadh,14:00,18.0,1,True,1,0.055882352941176466,0.947075208913649,4
2024-11-28,2x2,Real Sociedad,Ajax,17:00,19.0,2,True,1,0.05277777777777778,0.949868073878628,4
2024-11-28,2x2,Atl. San Luis,Tigres UANL,22:00,19.5,3,True,1,0.05135135135135135,0.9511568123393317,4
2024-11-28,2x2,Slavia Prague,Fenerbahce,17:00,20.0,4,False,1,0.049999999999999996,0.9523809523809524,4
2024-11-29,2x2,Cagliari,Verona,16:45,17.5,1,True,1,0.05757575757575757,0.9455587392550143,4
2024-11-29,2x2,Adelaide United,Perth Glory,05:35,19.0,2,True,0,-1.0,0.949868073878628,4
2024-11-29,2x2,St. Pauli,Holstein Kiel,16:30,19.5,3,True,1,0.05135135135135135,0.9511568123393317,4
2024-11-29,2x2,Reggiana,Sassuolo,16:30,19.5,4,False,1,0.05135135135135135,0.9511568123393317,4
2024-11-30,2x2,Grazer AK,Wolfsberger AC,13:00,17.5,1,True,1,0.05757575757575757,0.9455587392550143,15
2024-11-30,2x2,Brest,Strasbourg,15:00,17.5,2,True,1,0.05757575757575757,0.9455587392550143,15
2024-11-30,2x2,Zwolle,Sparta Rotterdam,17:00,17.5,3,True,1,0.05757575757575757,0.9455587392550143,15
2024-11-30,2x2,Munich 1860,Hansa Rostock,10:00,18.5,4,False,1,0.054285714285714284,0.948509485094851,15
2024-11-30,2x2,Espanyol,Celta Vigo,14:30,19.0,5,False,1,0.05277777777777778,0.949868073878628,15
2024-11-30,2x2,Cadiz CF,Dep. La Coruna,14:30,19.0,6,False,1,0.05277777777777778,0.949868073878628,15
2024-11-30,2x2,Swansea,Portsmouth,12:00,19.5,7,False,0,-1.0,0.9511568123393317,15
2024-11-30,2x2,Watford,QPR,09:30,19.5,8,False,1,0.05135135135135135,0.9511568123393317,15
2024-11-30,2x2,Podbrezova,Dun. Streda,14:00,19.5,9,False,1,0.05135135135135135,0.9511568123393317,15
2024-11-30,2x2,Toluca,Club America,20:00,19.5,10,False,1,0.05135135135135135,0.9511568123393317,15
2024-11-30,2x2,Carlisle,Crewe,09:30,20.0,11,False,1,0.049999999999999996,0.9523809523809524,15
2024-11-30,2x2,CA Cerro,Liverpool M.,09:45,20.0,12,False,1,0.049999999999999996,0.9523809523809524,15
2024-11-30,2x2,Zurich,Grasshoppers,16:30,20.0,13,False,1,0.049999999999999996,0.9523809523809524,15
2024-11-30,2x2,Nacional,Boavista,15:00,20.0,14,False,1,0.049999999999999996,0.9523809523809524,15
2024-11-30,2x2,Criciuma,Corinthians,19:30,20.0,15,False,1,0.049999999999999996,0.9523809523809524,15
2024-12-01,2x2,Ulm,Greuther Furth,09:30,17.5,1,True,1,0.05757575757575757,0.9455587392550143,12
2024-12-01,2x2,LASK,Austria Vienna,13:00,18.0,2,True,1,0.055882352941176466,0.947075208913649,12
2024-12-01,2x2,Castellon,Malaga,10:00,18.5,3,True,1,0.054285714285714284,0.948509485094851,12
2024-12-01,2x2,Lyngby,Sonderjyske,10:00,18.5,4,False,1,0.054285714285714284,0.948509485094851,12
2024-12-01,2x2,Utrecht,PSV,08:15,19.0,5,False,1,0.05277777777777778,0.949868073878628,12
2024-12-01,2x2,Komarno,Kosice,11:30,19.0,6,False,1,0.05277777777777778,0.949868073878628,12
2024-12-01,2x2,A. Klagenfurt,Tirol,10:30,20.0,7,False,1,0.049999999999999996,0.9523809523809524,12
2024-12-01,2x2,Winterthur,Sion,10:15,20.0,8,False,1,0.049999999999999996,0.9523809523809524,12
2024-12-01,2x2,HamKam,KFUM Oslo,13:00,20.0,9,False,1,0.049999999999999996,0.9523809523809524,12
2024-12-01,2x2,Silkeborg,Aarhus,14:00,20.0,10,False,1,0.049999999999999996,0.9523809523809524,12
2024-12-01,2x2,Levante,Burgos CF,14:30,20.0,11,False,1,0.049999999999999996,0.9523809523809524,12
2024-12-01,2x2,Flamengo RJ,Internacional,16:00,20.0,12,False,1,0.049999999999999996,0.9523809523809524,12
2024-12-03,2x2,Grimsby,Accrington,16:45,17.0,1,True,1,0.059375,0.943952802359882,4
2024-12-03,2x2,Ipswich,Crystal Palace,16:30,17.5,2,True,1,0.05757575757575757,0.9455587392550143,4
2024-12-03,2x2,Colchester,Swindon,16:45,19.0,3,True,1,0.05277777777777778,0.949868073878628,4
2024-12-03,2x2,Leyton Orient,Bristol Rovers,16:45,20.0,4,False,1,0.049999999999999996,0.9523809523809524,4
2024-12-04,2x2,Everton,Wolves,16:30,18.0,1,True,1,0.055882352941176466,0.947075208913649,7
2024-12-04,2x2,Atletico GO,Fortaleza,21:30,18.5,2,True,1,0.054285714285714284,0.948509485094851,7
2024-12-04,2x2,Cruzeiro,Palmeiras,21:30,18.5,3,True,1,0.054285714285714284,0.948509485094851,7
2024-12-04,2x2,Bohemians,Hradec Kralove,16:00,19.0,4,False,1,0.05277777777777778,0.949868073878628,7
2024-12-04,2x2,Criciuma,Flamengo RJ,20:00,19.0,5,False,1,0.05277777777777778,0.949868073878628,7
2024-12-04,2x2,Bromley,Gillingham,16:45,19.5,6,False,1,0.05135135135135135,0.9511568123393317,7
2024-12-04,2x2,Internacional,Botafogo RJ,21:30,19.5,7,False,1,0.05135135135135135,0.9511568123393317,7
2024-12-05,2x2,Atl. San Luis,Monterrey,00:00,18.5,1,True,1,0.054285714285714284,0.948509485094851,1
2024-12-06,2x2,Laval,Caen,16:00,18.0,1,True,1,0.055882352941176466,0.947075208913649,3
2024-12-06,2x2,Burnley,Middlesbrough,17:00,18.0,2,True,1,0.055882352941176466,0.947075208913649,3
2024-12-06,2x2,Sepsi Sf. Gheorghe,FC Rapid Bucuresti,15:00,18.5,3,True,1,0.054285714285714284,0.948509485094851,3
2024-12-07,2x2,Banska Bystrica,Podbrezova,11:30,15.0,1,True,1,0.06785714285714285,0.9364548494983278,13
2024-12-07,2x2,Betis,Barcelona,12:15,17.0,2,True,0,-1.0,0.943952802359882,13
2024-12-07,2x2,Portsmouth,Bristol City,12:00,17.5,3,True,1,0.05757575757575757,0.9455587392550143,13
2024-12-07,2x2,Wolfsberger AC,LASK,13:00,17.5,4,False,1,0.05757575757575757,0.9455587392550143,13
2024-12-07,2x2,Holstein Kiel,RB Leipzig,11:30,18.0,5,False,1,0.055882352941176466,0.947075208913649,13
2024-12-07,2x2,Luton,Swansea,12:00,18.5,6,False,1,0.054285714285714284,0.948509485094851,13
2024-12-07,2x2,Granada CF,Racing Santander,12:15,18.5,7,False,1,0.054285714285714284,0.948509485094851,13
2024-12-07,2x2,Hull,Blackburn,12:00,18.5,8,False,1,0.054285714285714284,0.948509485094851,13
2024-12-07,2x2,Heracles,Sittard,17:00,18.5,9,False,0,-1.0,0.948509485094851,13
2024-12-07,2x2,Bari,Cesena,11:00,19.0,10,False,1,0.05277777777777778,0.949868073878628,13
2024-12-07,2x2,Luzern,Lugano,16:30,19.0,11,False,1,0.05277777777777778,0.949868073878628,13
2024-12-07,2x2,Port Vale,Walsall,09:30,20.0,12,False,1,0.049999999999999996,0.9523809523809524,13
2024-12-07,2x2,Sparta Rotterdam,NAC Breda,14:45,20.0,13,False,1,0.049999999999999996,0.9523809523809524,13
2024-12-08,2x2,Viktoria Koln,VfL Osnabruck,15:30,15.5,1,True,1,0.06551724137931034,0.9385113268608415,6
2024-12-08,2x2,Blooming,Oriente Petrolero,20:30,17.5,2,True,1,0.05757575757575757,0.9455587392550143,6
2024-12-08,2x2,Venezia,Como,14:00,18.0,3,True,0,-1.0,0.947075208913649,6
2024-12-08,2x2,Catanzaro,Brescia,11:00,19.5,4,False,1,0.05135135135135135,0.9511568123393317,6
2024-12-08,2x2,Willem II,Heerenveen,10:30,19.5,5,False,1,0.05135135135135135,0.9511568123393317,6
2024-12-08,2x2,Juventude,Cruzeiro,16:00,20.0,6,False,1,0.049999999999999996,0.9523809523809524,6
2024-12-09,2x2,Estrela,Arouca,17:15,20.0,1,True,1,0.049999999999999996,0.9523809523809524,1
2024-12-10,2x2,Luton,Stoke,16:45,17.5,1,True,1,0.05757575757575757,0.9455587392550143,3
2024-12-10,2x2,Leeds,Middlesbrough,17:00,19.5,2,True,1,0.05135135135135135,0.9511568123393317,3
2024-12-10,2x2,Girona,Liverpool,14:45,20.0,3,True,1,0.049999999999999996,0.9523809523809524,3
2024-12-11,2x2,Hull,Watford,16:45,17.0,1,True,1,0.059375,0.943952802359882,3
2024-12-11,2x2,West Brom,Coventry,17:00,18.5,2,True,1,0.054285714285714284,0.948509485094851,3
2024-12-11,2x2,Cardiff,Preston,16:45,20.0,3,True,1,0.049999999999999996,0.9523809523809524,3
2024-12-12,2x2,PAOK,Ferencvaros,14:45,18.5,1,True,1,0.054285714285714284,0.948509485094851,1
2024-12-14,2x2,St. Pauli,Werder Bremen,14:30,17.0,1,True,1,0.059375,0.943952802359882,14
2024-12-14,2x2,Nottingham,Aston Villa,14:30,17.0,2,True,1,0.059375,0.943952802359882,14
2024-12-14,2x2,Stoke,Cardiff,12:00,17.5,3,True,0,-1.0,0.9455587392550143,14
2024-12-14,2x2,Sevilla,Celta Vigo,14:30,18.0,4,False,1,0.055882352941176466,0.947075208913649,14
2024-12-14,2x2,AFC Wimbledon,Doncaster,12:00,19.0,5,False,1,0.05277777777777778,0.949868073878628,14
2024-12-14,2x2,Cagliari,Atalanta,11:00,19.0,6,False,1,0.05277777777777778,0.949868073878628,14
2024-12-14,2x2,Exeter,Barnsley,12:00,19.0,7,False,1,0.05277777777777778,0.949868073878628,14
2024-12-14,2x2,Cheltenham,Morecambe,12:05,19.0,8,False,1,0.05277777777777778,0.949868073878628,14
2024-12-14,2x2,Sydney FC,Western United,03:00,19.5,9,False,1,0.05135135135135135,0.9511568123393317,14
2024-12-14,2x2,Bromley,Port Vale,12:00,19.5,10,False,1,0.05135135135135135,0.9511568123393317,14
2024-12-14,2x2,B. Monchengladbach,Holstein Kiel,11:30,20.0,11,False,1,0.049999999999999996,0.9523809523809524,14
2024-12-14,2x2,Mainz,Bayern Munich,11:30,20.0,12,False,1,0.049999999999999996,0.9523809523809524,14
2024-12-14,2x2,Swansea,Sunderland,12:00,20.0,13,False,1,0.049999999999999996,0.9523809523809524,14
2024-12-14,2x2,Blackburn,Luton,12:00,20.0,14,False,1,0.049999999999999996,0.9523809523809524,14
2024-12-15,2x2,Le Havre,Strasbourg,13:00,17.0,1,True,1,0.059375,0.943952802359882,7
2024-12-15,2x2,Como,AS Roma,14:00,18.0,2,True,1,0.055882352941176466,0.947075208913649,7
2024-12-15,2x2,NAC Breda,AZ Alkmaar,16:00,18.0,3,True,1,0.055882352941176466,0.947075208913649,7
2024-12-15,2x2,Bologna,Fiorentina,11:00,18.5,4,False,1,0.054285714285714284,0.948509485094851,7
2024-12-15,2x2,Norwich,Burnley,12:00,19.0,5,False,1,0.05277777777777778,0.949868073878628,7
2024-12-15,2x2,Watford,West Brom,11:00,19.0,6,False,1,0.05277777777777778,0.949868073878628,7
2024-12-15,2x2,Dortmund,Hoffenheim,13:30,19.5,7,False,1,0.05135135135135135,0.9511568123393317,7
2024-12-16,2x2,Lazio,Inter,16:45,17.5,1,True,1,0.05757575757575757,0.9455587392550143,2
2024-12-16,2x2,Dunkerque,Caen,16:45,18.0,2,True,1,0.055882352941176466,0.947075208913649,2
2024-12-19,2x2,Zamalek,Ceramica Cleopatra,15:00,18.0,1,True,1,0.055882352941176466,0.947075208913649,2
2024-12-19,2x2,Elche,Racing Santander,15:00,20.0,2,True,1,0.049999999999999996,0.9523809523809524,2
2024-12-20,2x2,Wycombe,Bolton,16:45,18.5,1,True,1,0.054285714285714284,0.948509485094851,2
2024-12-20,2x2,Salernitana,Brescia,16:30,19.5,2,True,1,0.05135135135135135,0.9511568123393317,2
2024-12-21,2x2,Holstein Kiel,Augsburg,11:30,16.5,1,True,1,0.06129032258064516,0.9422492401215806,7
2024-12-21,2x2,Swindon,Grimsby,12:00,17.5,2,True,1,0.05757575757575757,0.9455587392550143,7
2024-12-21,2x2,Hull,Swansea,09:30,18.0,3,True,1,0.055882352941176466,0.947075208913649,7
2024-12-21,2x2,Werder Bremen,Union Berlin,11:30,19.0,4,False,1,0.05277777777777778,0.949868073878628,7
2024-12-21,2x2,Sunderland,Norwich,12:00,19.0,5,False,1,0.05277777777777778,0.949868073878628,7
2024-12-21,2x2,Barnsley,Leyton Orient,12:00,19.5,6,False,1,0.05135135135135135,0.9511568123393317,7
2024-12-21,2x2,Plymouth,Middlesbrough,12:00,20.0,7,False,1,0.049999999999999996,0.9523809523809524,7
2024-12-22,2x2,AS Roma,Parma,08:30,19.0,1,True,1,0.05277777777777778,0.949868073878628,2
2024-12-22,2x2,Leganes,Villarreal,14:30,19.0,2,True,1,0.05277777777777778,0.949868073878628,2
2024-12-23,2x2,Estrela,Rio Ave,17:45,19.0,1,True,1,0.05277777777777778,0.949868073878628,1
2024-12-26,2x2,Walsall,Doncaster,12:00,16.5,1,True,1,0.06129032258064516,0.9422492401215806,11
2024-12-26,2x2,Pisa,Sassuolo,08:30,17.5,2,True,1,0.05757575757575757,0.9455587392550143,11
2024-12-26,2x2,Wrexham,Blackpool,12:00,17.5,3,True,1,0.05757575757575757,0.9455587392550143,11
2024-12-26,2x2,Oxford Utd,Cardiff,12:00,18.5,4,False,1,0.054285714285714284,0.948509485094851,11
2024-12-26,2x2,Preston,Hull,12:00,19.0,5,False,1,0.05277777777777778,0.949868073878628,11
2024-12-26,2x2,Bristol City,Luton,12:00,19.0,6,False,1,0.05277777777777778,0.949868073878628,11
2024-12-26,2x2,Blackburn,Sunderland,12:00,19.0,7,False,0,-1.0,0.949868073878628,11
2024-12-26,2x2,Cesena,Cremonese,11:00,19.5,8,False,1,0.05135135135135135,0.9511568123393317,11
2024-12-26,2x2,Norwich,Millwall,12:00,19.5,9,False,1,0.05135135135135135,0.9511568123393317,11
2024-12-26,2x2,Cheltenham,Crewe,12:00,19.5,10,False,1,0.05135135135135135,0.9511568123393317,11
2024-12-26,2x2,Chelsea,Fulham,12:00,19.5,11,False,1,0.05135135135135135,0.9511568123393317,11
2024-12-28,2x2,Central Coast Mariners,Auckland FC,03:00,17.5,1,True,1,0.05757575757575757,0.9455587392550143,1
2024-12-29,2x2,AC Milan,AS Roma,16:45,17.0,1,True,1,0.059375,0.943952802359882,16
2024-12-29,2x2,Carlisle,Accrington,09:30,18.0,2,True,1,0.055882352941176466,0.947075208913649,16
2024-12-29,2x2,Sampdoria,Pisa,15:30,18.0,3,True,1,0.055882352941176466,0.947075208913649,16
2024-12-29,2x2,Stoke,Sunderland,12:00,18.0,4,False,1,0.055882352941176466,0.947075208913649,16
2024-12-29,2x2,Swansea,Luton,12:00,18.5,5,False,1,0.054285714285714284,0.948509485094851,16
2024-12-29,2x2,Middlesbrough,Burnley,17:00,18.5,6,False,1,0.054285714285714284,0.948509485094851,16
2024-12-29,2x2,Watford,Cardiff,12:00,18.5,7,False,1,0.054285714285714284,0.948509485094851,16
2024-12-29,2x2,Charlton,Wycombe,09:30,19.0,8,False,1,0.05277777777777778,0.949868073878628,16
2024-12-29,2x2,MK Dons,Crewe,12:00,19.0,9,False,1,0.05277777777777778,0.949868073878628,16
2024-12-29,2x2,Shrewsbury,Northampton,12:00,19.5,10,False,1,0.05135135135135135,0.9511568123393317,16
2024-12-29,2x2,Blackburn,Hull,12:00,19.5,11,False,1,0.05135135135135135,0.9511568123393317,16
2024-12-29,2x2,Bolton,Lincoln,12:00,19.5,12,False,1,0.05135135135135135,0.9511568123393317,16
2024-12-29,2x2,Grimsby,Port Vale,12:00,19.5,13,False,1,0.05135135135135135,0.9511568123393317,16
2024-12-29,2x2,Mantova,Reggiana,11:00,20.0,14,False,1,0.049999999999999996,0.9523809523809524,16
2024-12-29,2x2,Cittadella,Palermo,13:15,20.0,15,False,1,0.049999999999999996,0.9523809523809524,16
2024-12-29,2x2,West Ham,Liverpool,14:15,20.0,16,False,1,0.049999999999999996,0.9523809523809524,16
2025-01-03,2x2,Caen,Clermont,16:00,17.0,1,True,1,0.059375,0.943952802359882,3
2025-01-03,2x2,Nice,Rennes,17:00,17.5,2,True,1,0.05757575757575757,0.9455587392550143,3
2025-01-03,2x2,Vitoria Guimaraes,Sporting CP,17:15,18.5,3,True,1,0.054285714285714284,0.948509485094851,3
2025-01-04,2x2,Verona,Udinese,16:45,17.5,1,True,1,0.05757575757575757,0.9455587392550143,7
2025-01-04,2x2,St Etienne,Reims,13:00,18.0,2,True,1,0.055882352941176466,0.947075208913649,7
2025-01-04,2x2,Fiorentina,Napoli,14:00,18.0,3,True,1,0.055882352941176466,0.947075208913649,7
2025-01-04,2x2,Swansea,West Brom,09:30,18.5,4,False,1,0.054285714285714284,0.948509485094851,7
2025-01-04,2x2,Cambridge Utd,Bristol Rovers,09:30,19.0,5,False,1,0.05277777777777778,0.949868073878628,7
2025-01-04,2x2,Venezia,Empoli,11:00,19.5,6,False,1,0.05135135135135135,0.9511568123393317,7
2025-01-04,2x2,Bournemouth,Everton,12:00,20.0,7,False,1,0.049999999999999996,0.9523809523809524,7
2025-01-05,2x2,AS Roma,Lazio,16:45,16.5,1,True,1,0.06129032258064516,0.9422492401215806,7
2025-01-05,2x2,Monza,Cagliari,08:30,17.5,2,True,1,0.05757575757575757,0.9455587392550143,7
2025-01-05,2x2,Panathinaikos,PAOK,15:30,18.5,3,True,1,0.054285714285714284,0.948509485094851,7
2025-01-05,2x2,Angers,Brest,11:00,19.5,4,False,1,0.05135135135135135,0.9511568123393317,7
2025-01-05,2x2,Torino,Parma,14:00,19.5,5,False,1,0.05135135135135135,0.9511568123393317,7
2025-01-05,2x2,Lens,Toulouse,11:00,19.5,6,False,1,0.05135135135135135,0.9511568123393317,7
2025-01-05,2x2,Pacos Ferreira,Academico Viseu,15:00,20.0,7,False,1,0.049999999999999996,0.9523809523809524,7
2025-01-06,2x2,Wolves,Nottingham,17:00,18.5,1,True,1,0.054285714285714284,0.948509485094851,3
2025-01-06,2x2,Gil Vicente,Rio Ave,17:15,18.5,2,True,1,0.054285714285714284,0.948509485094851,3
2025-01-06,2x2,QPR,Luton,17:00,19.0,3,True,1,0.05277777777777778,0.949868073878628,3
2025-01-07,2x2,Wycombe,Huddersfield,16:45,19.0,1,True,1,0.05277777777777778,0.949868073878628,1
2025-01-10,2x2,Annecy,Guingamp,16:00,18.5,1,True,1,0.054285714285714284,0.948509485094851,3
2025-01-10,2x2,Lazio,Como,16:45,19.0,2,True,1,0.05277777777777778,0.949868073878628,3
2025-01-10,2x2,Rayo Vallecano,Celta Vigo,17:00,19.0,3,True,1,0.05277777777777778,0.949868073878628,3
2025-01-11,2x2,Tenerife,Castellon,14:30,17.5,1,True,1,0.05757575757575757,0.9455587392550143,8
2025-01-11,2x2,Rennes,Marseille,17:05,17.5,2,True,1,0.05757575757575757,0.9455587392550143,8
2025-01-11,2x2,Alaves,Girona,10:00,18.5,3,True,1,0.054285714285714284,0.948509485094851,8
2025-01-11,2x2,Heidenheim,Union Berlin,11:30,18.5,4,False,1,0.054285714285714284,0.948509485094851,8
2025-01-11,2x2,Malaga,Dep. La Coruna,14:30,19.0,5,False,1,0.05277777777777778,0.949868073878628,8
2025-01-11,2x2,Melbourne City,Brisbane Roar,03:00,19.0,6,False,1,0.05277777777777778,0.949868073878628,8
2025-01-11,2x2,Albacete,Racing Santander,12:15,19.5,7,False,0,-1.0,0.9511568123393317,8
2025-01-11,2x2,B. Monchengladbach,Bayern Munich,14:30,20.0,8,False,1,0.049999999999999996,0.9523809523809524,8
2025-01-12,2x2,Montpellier,Angers,13:15,17.0,1,True,1,0.059375,0.943952802359882,6
2025-01-12,2x2,Genoa,Parma,08:30,18.0,2,True,1,0.055882352941176466,0.947075208913649,6
2025-01-12,2x2,NAC Breda,Heerenveen,12:45,18.0,3,True,1,0.055882352941176466,0.947075208913649,6
2025-01-12,2x2,Bologna,AS Roma,14:00,18.5,4,False,0,-1.0,0.948509485094851,6
2025-01-12,2x2,Cosenza,Mantova,11:00,19.5,5,False,0,-1.0,0.9511568123393317,6
2025-01-12,2x2,Brescia,Sampdoria,15:30,19.5,6,False,1,0.05135135135135135,0.9511568123393317,6
2025-01-13,2x2,Real Sociedad,Villarreal,17:00,18.0,1,True,1,0.055882352941176466,0.947075208913649,2
2025-01-13,2x2,Monza,Fiorentina,16:45,20.0,2,True,1,0.049999999999999996,0.9523809523809524,2
2025-01-14,2x2,Holstein Kiel,Dortmund,14:30,17.5,1,True,1,0.05757575757575757,0.9455587392550143,4
2025-01-14,2x2,Plymouth,Oxford Utd,16:45,17.5,2,True,1,0.05757575757575757,0.9455587392550143,4
2025-01-14,2x2,Cardiff,Watford,16:45,18.5,3,True,1,0.054285714285714284,0.948509485094851,4
2025-01-14,2x2,Atalanta,Juventus,16:45,19.5,4,False,1,0.05135135135135135,0.9511568123393317,4
2025-01-15,2x2,Everton,Aston Villa,16:30,19.0,1,True,1,0.05277777777777778,0.949868073878628,2
2025-01-15,2x2,Bochum,St. Pauli,14:30,19.5,2,True,1,0.05135135135135135,0.9511568123393317,2
2025-01-17,2x2,Montpellier,Monaco,15:00,17.0,1,True,1,0.059375,0.943952802359882,4
2025-01-17,2x2,Lille,Nice,17:05,17.5,2,True,1,0.05757575757575757,0.9455587392550143,4
2025-01-17,2x2,FC Volendam,Vitesse,16:00,19.0,3,True,1,0.05277777777777778,0.949868073878628,4
2025-01-17,2x2,Regensburg,Hannover,14:30,19.5,4,False,1,0.05135135135135135,0.9511568123393317,4
2025-01-18,2x2,Utrecht,AZ Alkmaar,14:45,16.5,1,True,1,0.06129032258064516,0.9422492401215806,12
2025-01-18,2x2,Brentford,Liverpool,12:00,17.5,2,True,1,0.05757575757575757,0.9455587392550143,12
2025-01-18,2x2,Heidenheim,St. Pauli,11:30,17.5,3,True,1,0.05757575757575757,0.9455587392550143,12
2025-01-18,2x2,Atalanta,Napoli,16:45,18.0,4,False,1,0.055882352941176466,0.947075208913649,12
2025-01-18,2x2,Girona,Sevilla,10:00,18.5,5,False,1,0.054285714285714284,0.948509485094851,12
2025-01-18,2x2,Dunkerque,Lorient,16:00,18.5,6,False,1,0.054285714285714284,0.948509485094851,12
2025-01-18,2x2,Blackpool,Huddersfield,09:30,18.5,7,False,0,-1.0,0.948509485094851,12
2025-01-18,2x2,Plymouth,QPR,09:30,18.5,8,False,1,0.054285714285714284,0.948509485094851,12
2025-01-18,2x2,Auckland FC,Melbourne City,01:00,19.0,9,False,1,0.05277777777777778,0.949868073878628,12
2025-01-18,2x2,Necaxa,Guadalajara Chivas,00:05,20.0,10,False,1,0.049999999999999996,0.9523809523809524,12
2025-01-18,2x2,Derby,Watford,12:00,20.0,11,False,1,0.049999999999999996,0.9523809523809524,12
2025-01-18,2x2,Juventus,AC Milan,14:00,20.0,12,False,1,0.049999999999999996,0.9523809523809524,12
2025-01-19,2x2,Angers,Auxerre,13:15,17.5,1,True,1,0.05757575757575757,0.9455587392550143,7
2025-01-19,2x2,Union Berlin,Mainz,11:30,18.5,2,True,1,0.054285714285714284,0.948509485094851,7
2025-01-19,2x2,St Etienne,Nantes,11:00,19.0,3,True,1,0.05277777777777778,0.949868073878628,7
2025-01-19,2x2,Almere City,Heracles,10:30,19.0,4,False,1,0.05277777777777778,0.949868073878628,7
2025-01-19,2x2,Cagliari,Lecce,11:00,19.5,5,False,1,0.05135135135135135,0.9511568123393317,7
2025-01-19,2x2,Alemannia Aachen,RW Essen,12:30,19.5,6,False,1,0.05135135135135135,0.9511568123393317,7
2025-01-19,2x2,Ipswich,Manchester City,13:30,20.0,7,False,1,0.049999999999999996,0.9523809523809524,7
2025-01-20,2x2,Como,Udinese,16:45,19.0,1,True,1,0.05277777777777778,0.949868073878628,2
2025-01-20,2x2,Chelsea,Wolves,17:00,20.0,2,True,1,0.049999999999999996,0.9523809523809524,2
2025-01-21,2x2,Bolton,Charlton,16:45,17.5,1,True,1,0.05757575757575757,0.9455587392550143,4
2025-01-21,2x2,Blackburn,Coventry,16:45,18.5,2,True,1,0.054285714285714284,0.948509485094851,4
2025-01-21,2x2,Middlesbrough,West Brom,16:45,19.0,3,True,1,0.05277777777777778,0.949868073878628,4
2025-01-21,2x2,Hull,QPR,16:45,20.0,4,False,1,0.049999999999999996,0.9523809523809524,4
2025-01-22,2x2,Portsmouth,Stoke,16:45,17.5,1,True,1,0.05757575757575757,0.9455587392550143,1
2025-01-23,2x2,Plzen,Anderlecht,14:45,17.0,1,True,1,0.059375,0.943952802359882,3
2025-01-23,2x2,Ludogorets,Midtjylland,17:00,17.5,2,True,1,0.05757575757575757,0.9455587392550143,3
2025-01-23,2x2,PAOK,Slavia Prague,17:00,17.5,3,True,1,0.05757575757575757,0.9455587392550143,3
2025-01-24,2x2,Las Palmas,Osasuna,17:00,19.5,1,True,1,0.05135135135135135,0.9511568123393317,1
2025-01-25,2x2,Strasbourg,Lille,15:00,16.0,1,True,1,0.06333333333333332,0.9404388714733543,11
2025-01-25,2x2,Norwich,Swansea,09:30,17.5,2,True,1,0.05757575757575757,0.9455587392550143,11
2025-01-25,2x2,Chesterfield,Port Vale,12:00,18.0,3,True,1,0.055882352941176466,0.947075208913649,11
2025-01-25,2x2,Wellington Phoenix,Central Coast Mariners,01:00,18.0,4,False,1,0.055882352941176466,0.947075208913649,11
2025-01-25,2x2,Dep. La Coruna,Levante,14:30,18.0,5,False,1,0.055882352941176466,0.947075208913649,11
2025-01-25,2x2,Exeter,Blackpool,12:00,18.0,6,False,1,0.055882352941176466,0.947075208913649,11
2025-01-25,2x2,Augsburg,Heidenheim,11:30,18.5,7,False,1,0.054285714285714284,0.948509485094851,11
2025-01-25,2x2,Mantova,Sampdoria,13:15,19.0,8,False,0,-1.0,0.949868073878628,11
2025-01-25,2x2,Preston,Middlesbrough,12:00,19.5,9,False,1,0.05135135135135135,0.9511568123393317,11
2025-01-25,2x2,Southampton,Newcastle,12:00,20.0,10,False,1,0.049999999999999996,0.9523809523809524,11
2025-01-25,2x2,FC Rapid Bucuresti,Univ. Craiova,15:00,20.0,11,False,1,0.049999999999999996,0.9523809523809524,11
2025-01-26,2x2,Tottenham,Leicester,11:00,17.0,1,True,1,0.059375,0.943952802359882,6
2025-01-26,2x2,UTA Arad,FCSB,15:00,17.5,2,True,1,0.05757575757575757,0.9455587392550143,6
2025-01-26,2x2,Rayo Vallecano,Girona,10:00,18.0,3,True,1,0.055882352941176466,0.947075208913649,6
2025-01-26,2x2,Sittard,Zwolle,08:15,18.5,4,False,1,0.054285714285714284,0.948509485094851,6
2025-01-26,2x2,Udinese,AS Roma,11:00,19.0,5,False,1,0.05277777777777778,0.949868073878628,6
2025-01-26,2x2,St. Pauli,Union Berlin,13:30,19.5,6,False,1,0.05135135135135135,0.9511568123393317,6
2025-01-27,2x2,Venezia,Verona,14:30,17.0,1,True,1,0.059375,0.943952802359882,3
2025-01-27,2x2,Alaves,Celta Vigo,17:00,18.0,2,True,1,0.055882352941176466,0.947075208913649,3
2025-01-27,2x2,Damac,Al Ittihad,11:05,19.0,3,True,1,0.05277777777777778,0.949868073878628,3
2025-01-28,2x2,Peterborough,Wigan,16:45,17.5,1,True,1,0.05757575757575757,0.9455587392550143,6
2025-01-28,2x2,Wycombe,Barnsley,16:45,18.5,2,True,1,0.054285714285714284,0.948509485094851,6
2025-01-28,2x2,Lincoln,Blackpool,16:45,19.0,3,True,1,0.05277777777777778,0.949868073878628,6
2025-01-28,2x2,Chesterfield,Bromley,16:45,19.5,4,False,1,0.05135135135135135,0.9511568123393317,6
2025-01-28,2x2,Swindon,Tranmere,16:45,19.5,5,False,1,0.05135135135135135,0.9511568123393317,6
2025-01-28,2x2,Grimsby,Gillingham,16:45,20.0,6,False,1,0.049999999999999996,0.9523809523809524,6
2025-01-29,2x2,Juventus,Benfica,17:00,18.0,1,True,1,0.055882352941176466,0.947075208913649,4
2025-01-29,2x2,Aston Villa,Celtic,17:00,18.5,2,True,1,0.054285714285714284,0.948509485094851,4
2025-01-29,2x2,Brest,Real Madrid,17:00,19.0,3,False,1,0.05277777777777778,0.949868073878628,4
2025-01-29,2x2,Queretaro,Pachuca,22:00,19.0,4,True,1,0.05277777777777778,0.949868073878628,4
2025-01-30,2x2,UNAM Pumas,Toluca,00:05,18.5,1,True,1,0.054285714285714284,0.948509485094851,1
2025-01-31,2x2,Aubagne,Concarneau,15:30,19.5,1,True,1,0.05135135135135135,0.9511568123393317,2
2025-01-31,2x2,Palermo,Pisa,16:30,19.5,2,True,1,0.05135135135135135,0.9511568123393317,2
2025-02-01,2x2,Watford,Norwich,09:30,16.5,1,True,1,0.06129032258064516,0.9422492401215806,10
2025-02-01,2x2,Nottingham,Brighton,09:30,17.0,2,True,1,0.059375,0.943952802359882,10
2025-02-01,2x2,Swansea,Coventry,12:00,17.5,3,True,1,0.05757575757575757,0.9455587392550143,10
2025-02-01,2x2,Nijmegen,PSV,17:00,18.0,4,False,1,0.055882352941176466,0.947075208913649,10
2025-02-01,2x2,Carlisle,Swindon,12:00,19.5,5,False,1,0.05135135135135135,0.9511568123393317,10
2025-02-01,2x2,Gillingham,Notts Co,09:30,19.5,6,False,1,0.05135135135135135,0.9511568123393317,10
2025-02-01,2x2,Guingamp,Paris FC,16:00,19.5,7,False,1,0.05135135135135135,0.9511568123393317,10
2025-02-01,2x2,Monza,Verona,11:00,20.0,8,False,1,0.049999999999999996,0.9523809523809524,10
2025-02-01,2x2,Eupen,Lommel SK,16:00,20.0,9,False,1,0.049999999999999996,0.9523809523809524,10
2025-02-01,2x2,St. Pauli,Augsburg,11:30,20.0,10,False,1,0.049999999999999996,0.9523809523809524,10
2025-02-02,2x2,Toulouse,Nice,11:00,17.0,1,True,1,0.059375,0.943952802359882,9
2025-02-02,2x2,Almere City,Waalwijk,08:15,18.0,2,True,1,0.055882352941176466,0.947075208913649,9
2025-02-02,2x2,Manchester Utd,Crystal Palace,11:00,18.0,3,False,1,0.055882352941176466,0.947075208913649,9
2025-02-02,2x2,Atl. San Luis,UNAM Pumas,22:00,18.0,4,True,1,0.055882352941176466,0.947075208913649,9
2025-02-02,2x2,Betis,Ath Bilbao,17:00,18.5,5,False,0,-1.0,0.948509485094851,9
2025-02-02,2x2,AS Roma,Napoli,16:45,18.5,6,False,1,0.054285714285714284,0.948509485094851,9
2025-02-02,2x2,Toluca,Tigres UANL,00:15,18.5,7,False,1,0.054285714285714284,0.948509485094851,9
2025-02-02,2x2,Reims,Nantes,13:15,19.5,8,False,1,0.05135135135135135,0.9511568123393317,9
2025-02-02,2x2,Sparta Rotterdam,Groningen,12:45,20.0,9,False,1,0.049999999999999996,0.9523809523809524,9
2025-02-03,2x2,Middlesbrough,Sunderland,17:00,16.5,1,True,1,0.06129032258064516,0.9422492401215806,2
2025-02-03,2x2,Estudiantes L.P.,Racing Club,19:15,19.0,2,True,1,0.05277777777777778,0.949868073878628,2
2025-02-04,2x2,Sion,Servette,16:30,20.0,1,True,1,0.049999999999999996,0.9523809523809524,1
2025-02-05,2x2,Coventry,Leeds,16:45,19.0,1,True,1,0.05277777777777778,0.949868073878628,1
2025-02-06,2x2,Chesterfield,Doncaster,16:45,17.5,1,True,1,0.05757575757575757,0.9455587392550143,1
2025-02-07,2x2,FC Porto,Sporting CP,17:15,17.0,1,True,1,0.059375,0.943952802359882,5
2025-02-07,2x2,Rodez,Bastia,16:00,19.0,2,True,1,0.05277777777777778,0.949868073878628,5
2025-02-07,2x2,Sturm Graz,Austria Vienna,16:30,19.5,3,True,0,-1.0,0.9511568123393317,5
2025-02-07,2x2,Nantes,Brest,15:00,19.5,4,False,1,0.05135135135135135,0.9511568123393317,5
2025-02-07,2x2,Como,Juventus,16:45,20.0,5,False,1,0.049999999999999996,0.9523809523809524,5
2025-02-08,2x2,St Etienne,Rennes,17:05,17.5,1,True,1,0.05757575757575757,0.9455587392550143,6
2025-02-08,2x2,Celta Vigo,Betis,10:00,18.0,2,True,1,0.055882352941176466,0.947075208913649,6
2025-02-08,2x2,Penafiel,Pacos Ferreira,15:00,18.5,3,True,1,0.054285714285714284,0.948509485094851,6
2025-02-08,2x2,Grimsby,Carlisle,12:00,18.5,4,False,1,0.054285714285714284,0.948509485094851,6
2025-02-08,2x2,Stoke,Cardiff,12:00,19.0,5,False,1,0.05277777777777778,0.949868073878628,6
2025-02-08,2x2,Preston,Wycombe,12:00,19.0,6,False,1,0.05277777777777778,0.949868073878628,6
2025-02-09,2x2,Sevilla,Barcelona,17:00,17.0,1,True,1,0.059375,0.943952802359882,3
2025-02-09,2x2,Auxerre,Toulouse,13:15,18.0,2,True,0,-1.0,0.947075208913649,3
2025-02-09,2x2,Tirol,Hartberg,10:30,19.0,3,True,1,0.05277777777777778,0.949868073878628,3
2025-02-10,2x2,Jong PSV,Cambuur,16:00,18.0,1,True,1,0.055882352941176466,0.947075208913649,3
2025-02-10,2x2,Caen,Dunkerque,16:45,20.0,2,True,1,0.049999999999999996,0.9523809523809524,3
2025-02-10,2x2,Arouca,Rio Ave,17:15,20.0,3,True,1,0.049999999999999996,0.9523809523809524,3
2025-02-11,2x2,Portsmouth,Cardiff,16:45,17.5,1,True,1,0.05757575757575757,0.9455587392550143,5
2025-02-11,2x2,Oldham,Altrincham,16:45,17.5,2,True,0,-1.0,0.9455587392550143,5
2025-02-11,2x2,Blackpool,Rotherham,16:45,18.5,3,True,1,0.054285714285714284,0.948509485094851,5
2025-02-11,2x2,Coventry,QPR,16:45,19.0,4,False,1,0.05277777777777778,0.949868073878628,5
2025-02-11,2x2,Reading,Shrewsbury,17:00,19.5,5,False,1,0.05135135135135135,0.9511568123393317,5
2025-02-12,2x2,West Brom,Blackburn,17:00,20.0,1,True,1,0.049999999999999996,0.9523809523809524,1
2025-02-13,2x2,Al Okhdood,Damac,11:10,17.0,1,True,1,0.059375,0.943952802359882,4
2025-02-13,2x2,Port Vale,Notts Co,17:00,17.0,2,True,1,0.059375,0.943952802359882,4
2025-02-13,2x2,Ferencvaros,Plzen,14:45,17.5,3,True,1,0.05757575757575757,0.9455587392550143,4
2025-02-13,2x2,Gent,Betis,17:00,19.5,4,False,1,0.05135135135135135,0.9511568123393317,4
2025-02-14,2x2,Brest,Auxerre,16:45,18.0,1,True,0,-1.0,0.947075208913649,2
2025-02-14,2x2,Amiens,Grenoble,16:00,19.5,2,True,1,0.05135135135135135,0.9511568123393317,2
2025-02-15,2x2,Adelaide United,Newcastle Jets,05:35,17.0,1,True,1,0.059375,0.943952802359882,22
2025-02-15,2x2,Walsall,Chesterfield,12:00,17.5,2,True,1,0.05757575757575757,0.9455587392550143,22
2025-02-15,2x2,Reading,Rotherham,12:00,17.5,3,True,1,0.05757575757575757,0.9455587392550143,22
2025-02-15,2x2,Hull,Norwich,12:00,17.5,4,False,1,0.05757575757575757,0.9455587392550143,22
2025-02-15,2x2,Fulham,Nottingham,12:00,17.5,5,False,1,0.05757575757575757,0.9455587392550143,22
2025-02-15,2x2,Cardiff,Bristol City,09:30,18.0,6,False,1,0.055882352941176466,0.947075208913649,22
2025-02-15,2x2,Tranmere,MK Dons,12:00,18.0,7,False,1,0.055882352941176466,0.947075208913649,22
2025-02-15,2x2,Wolfsberger AC,Sturm Graz,13:00,18.0,8,False,1,0.055882352941176466,0.947075208913649,22
2025-02-15,2x2,Lazio,Napoli,14:00,18.0,9,False,0,-1.0,0.947075208913649,22
2025-02-15,2x2,Stoke,Swansea,12:00,18.5,10,False,1,0.054285714285714284,0.948509485094851,22
2025-02-15,2x2,Okayama,Kyoto,02:00,19.0,11,False,1,0.05277777777777778,0.949868073878628,22
2025-02-15,2x2,Yokohama FC,FC Tokyo,02:00,19.0,12,False,1,0.05277777777777778,0.949868073878628,22
2025-02-15,2x2,Southampton,Bournemouth,12:00,19.0,13,False,1,0.05277777777777778,0.949868073878628,22
2025-02-15,2x2,Osasuna,Real Madrid,12:15,19.0,14,False,1,0.05277777777777778,0.949868073878628,22
2025-02-15,2x2,Oxford Utd,Portsmouth,09:30,19.0,15,False,1,0.05277777777777778,0.949868073878628,22
2025-02-15,2x2,Cambridge Utd,Exeter,09:30,19.5,16,False,1,0.05135135135135135,0.9511568123393317,22
2025-02-15,2x2,St. Pauli,Freiburg,11:30,19.5,17,False,1,0.05135135135135135,0.9511568123393317,22
2025-02-15,2x2,Stevenage,Peterborough,12:00,20.0,18,False,1,0.049999999999999996,0.9523809523809524,22
2025-02-15,2x2,Carrarese,Salernitana,11:00,20.0,19,False,1,0.049999999999999996,0.9523809523809524,22
2025-02-15,2x2,Shrewsbury,Bolton,12:00,20.0,20,False,1,0.049999999999999996,0.9523809523809524,22
2025-02-15,2x2,Bari,Cremonese,13:15,20.0,21,False,1,0.049999999999999996,0.9523809523809524,22
2025-02-15,2x2,Winterthur,Young Boys,16:30,20.0,22,False,1,0.049999999999999996,0.9523809523809524,22
2025-02-16,2x2,Fiorentina,Como,08:30,17.5,1,True,1,0.05757575757575757,0.9455587392550143,12
2025-02-16,2x2,Heidenheim,Mainz,15:30,17.5,2,True,1,0.05757575757575757,0.9455587392550143,12
2025-02-16,2x2,Vitoria Guimaraes,Braga,17:30,17.5,3,True,1,0.05757575757575757,0.9455587392550143,12
2025-02-16,2x2,Palermo,Mantova,11:00,18.0,4,False,0,-1.0,0.947075208913649,12
2025-02-16,2x2,Charleroi,Anderlecht,14:30,18.0,5,False,1,0.055882352941176466,0.947075208913649,12
2025-02-16,2x2,Grazer AK,LASK,10:30,18.0,6,False,1,0.055882352941176466,0.947075208913649,12
2025-02-16,2x2,Juventus,Inter,16:45,18.5,7,False,1,0.054285714285714284,0.948509485094851,12
2025-02-16,2x2,Rennes,Lille,16:45,19.0,8,False,1,0.05277777777777778,0.949868073878628,12
2025-02-16,2x2,Betis,Real Sociedad,17:00,19.0,9,False,1,0.05277777777777778,0.949868073878628,12
2025-02-16,2x2,Austria Vienna,SK Rapid,13:00,19.5,10,False,1,0.05135135135135135,0.9511568123393317,12
2025-02-16,2x2,Monza,Lecce,11:00,19.5,11,False,1,0.05135135135135135,0.9511568123393317,12
2025-02-16,2x2,Reims,Angers,13:15,19.5,12,False,1,0.05135135135135135,0.9511568123393317,12
2025-02-17,2x2,Slavia Sofia,CSKA 1948 Sofia,12:30,17.5,1,True,1,0.05757575757575757,0.9455587392550143,4
2025-02-17,2x2,Randers FC,FC Copenhagen,15:00,17.5,2,True,1,0.05757575757575757,0.9455587392550143,4
2025-02-17,2x2,Zaglebie,Lechia Gdansk,15:00,17.5,3,True,1,0.05757575757575757,0.9455587392550143,4
2025-02-17,2x2,Almeria,Elche,16:30,19.0,4,False,1,0.05277777777777778,0.949868073878628,4
2025-02-18,2x2,Notts Co,Colchester,16:45,20.0,1,True,1,0.049999999999999996,0.9523809523809524,1
2025-02-19,2x2,Atlas,Necaxa,00:10,17.0,1,True,1,0.059375,0.943952802359882,1
2025-02-20,2x2,FCSB,PAOK,14:45,17.5,1,True,1,0.05757575757575757,0.9455587392550143,1
2025-02-21,2x2,Hillerod,Odense,15:00,18.0,1,True,1,0.055882352941176466,0.947075208913649,8
2025-02-21,2x2,Freiburg,Werder Bremen,16:30,18.0,2,True,1,0.055882352941176466,0.947075208913649,8
2025-02-21,2x2,Rennes,Reims,16:45,18.0,3,True,1,0.055882352941176466,0.947075208913649,8
2025-02-21,2x2,Munich 1860,Arminia Bielefeld,15:00,19.0,4,False,1,0.05277777777777778,0.949868073878628,8
2025-02-21,2x2,Sampdoria,Sassuolo,16:30,19.0,5,False,1,0.05277777777777778,0.949868073878628,8
2025-02-21,2x2,Grenoble,Guingamp,16:00,19.5,6,False,1,0.05135135135135135,0.9511568123393317,8
2025-02-21,2x2,Martigues,Annecy,16:00,19.5,7,False,1,0.05135135135135135,0.9511568123393317,8
2025-02-21,2x2,Lecce,Udinese,16:45,19.5,8,False,1,0.05135135135135135,0.9511568123393317,8
2025-02-22,2x2,Gijon,Almeria,17:00,17.5,1,True,1,0.05757575757575757,0.9455587392550143,12
2025-02-22,2x2,Plymouth,Cardiff,09:30,18.0,2,True,1,0.055882352941176466,0.947075208913649,12
2025-02-22,2x2,Fulham,Crystal Palace,12:00,18.0,3,True,1,0.055882352941176466,0.947075208913649,12
2025-02-22,2x2,Torino,AC Milan,14:00,18.5,4,False,1,0.054285714285714284,0.948509485094851,12
2025-02-22,2x2,Estoril,Rio Ave,17:30,18.5,5,False,1,0.054285714285714284,0.948509485094851,12
2025-02-22,2x2,Portsmouth,QPR,12:00,19.0,6,False,1,0.05277777777777778,0.949868073878628,12
2025-02-22,2x2,Eibar,Racing Santander,12:15,19.0,7,False,0,-1.0,0.949868073878628,12
2025-02-22,2x2,FK Pardubice,Mlada Boleslav,12:00,19.5,8,False,1,0.05135135135135135,0.9511568123393317,12
2025-02-22,2x2,Al Taawon,Al Shabab,11:05,19.5,9,False,0,-1.0,0.9511568123393317,12
2025-02-22,2x2,Everton,Manchester Utd,09:30,19.5,10,False,0,-1.0,0.9511568123393317,12
2025-02-22,2x2,Swansea,Blackburn,12:00,20.0,11,False,1,0.049999999999999996,0.9523809523809524,12
2025-02-22,2x2,Auxerre,Marseille,17:05,20.0,12,False,1,0.049999999999999996,0.9523809523809524,12
2025-02-23,2x2,Cadiz CF,Castellon,17:00,19.0,1,True,1,0.05277777777777778,0.949868073878628,6
2025-02-23,2x2,Cosenza,Palermo,11:00,19.5,2,True,1,0.05135135135135135,0.9511568123393317,6
2025-02-23,2x2,Nantes,Lens,11:00,19.5,3,True,1,0.05135135135135135,0.9511568123393317,6
2025-02-23,2x2,Watford,Luton,09:00,20.0,4,False,1,0.049999999999999996,0.9523809523809524,6
2025-02-23,2x2,Como,Napoli,08:30,20.0,5,False,1,0.049999999999999996,0.9523809523809524,6
2025-02-23,2x2,Mansfield,Wrexham,12:00,20.0,6,False,1,0.049999999999999996,0.9523809523809524,6
2025-02-24,2x2,Farul Constanta,FC Rapid Bucuresti,15:00,19.5,1,True,1,0.05135135135135135,0.9511568123393317,1
2025-02-26,2x2,Real Sociedad,Real Madrid,20:30,18.0,1,True,1,0.055882352941176466,0.947075208913649,2
2025-02-26,2x2,Liverpool,Newcastle,20:15,18.5,2,True,1,0.054285714285714284,0.948509485094851,2
2025-02-27,2x2,Bologna,AC Milan,16:45,17.0,1,True,1,0.059375,0.943952802359882,2
2025-02-27,2x2,Atl. San Luis,Guadalajara Chivas,00:05,18.0,2,True,1,0.055882352941176466,0.947075208913649,2
2025-02-28,2x2,Radomiak Radom,Widzew Lodz,14:00,18.0,1,True,1,0.055882352941176466,0.947075208913649,3
2025-02-28,2x2,Valladolid,Las Palmas,17:00,19.5,2,True,1,0.05135135135135135,0.9511568123393317,3
2025-02-28,2x2,Clermont,Caen,16:00,20.0,3,True,1,0.049999999999999996,0.9523809523809524,3
2025-03-01,2x2,G.A. Eagles,PSV,14:45,16.5,1,True,1,0.06129032258064516,0.9422492401215806,17
2025-03-01,2x2,Girona,Celta Vigo,10:00,17.0,2,True,0,-1.0,0.943952802359882,17
2025-03-01,2x2,Bristol Rovers,Rotherham,12:00,17.5,3,True,1,0.05757575757575757,0.9455587392550143,17
2025-03-01,2x2,Blackburn,Norwich,09:30,18.0,4,False,1,0.055882352941176466,0.947075208913649,17
2025-03-01,2x2,Luton,Portsmouth,12:00,18.0,5,False,1,0.055882352941176466,0.947075208913649,17
2025-03-01,2x2,Braunschweig,Ulm,09:00,18.5,6,False,1,0.054285714285714284,0.948509485094851,17
2025-03-01,2x2,Ebbsfleet,Tamworth,12:00,18.5,7,False,1,0.054285714285714284,0.948509485094851,17
2025-03-01,2x2,Oxford Utd,Coventry,09:30,18.5,8,False,1,0.054285714285714284,0.948509485094851,17
2025-03-01,2x2,Napoli,Inter,14:00,19.0,9,False,1,0.05277777777777778,0.949868073878628,17
2025-03-01,2x2,Real Salt Lake,Seattle Sounders,18:30,19.0,10,False,1,0.05277777777777778,0.949868073878628,17
2025-03-01,2x2,Exeter,Northampton,12:00,19.5,11,False,1,0.05135135135135135,0.9511568123393317,17
2025-03-01,2x2,Tranmere,Port Vale,09:30,19.5,12,False,1,0.05135135135135135,0.9511568123393317,17
2025-03-01,2x2,Atl. Madrid,Ath Bilbao,17:00,19.5,13,False,1,0.05135135135135135,0.9511568123393317,17
2025-03-01,2x2,Sassuolo,Pisa,13:15,20.0,14,False,1,0.049999999999999996,0.9523809523809524,17
2025-03-01,2x2,Chesterfield,Crewe,12:00,20.0,15,False,1,0.049999999999999996,0.9523809523809524,17
2025-03-01,2x2,Rayo Vallecano,Sevilla,12:15,20.0,16,False,1,0.049999999999999996,0.9523809523809524,17
2025-03-01,2x2,Zaglebie,Piast Gliwice,16:15,20.0,17,False,1,0.049999999999999996,0.9523809523809524,17
2025-03-02,2x2,Heracles,Zwolle,10:30,16.5,1,True,1,0.06129032258064516,0.9422492401215806,9
2025-03-02,2x2,Auxerre,Strasbourg,13:15,17.0,2,True,1,0.059375,0.943952802359882,9
2025-03-02,2x2,UNAM Pumas,Guadalajara Chivas,00:10,18.5,3,True,1,0.054285714285714284,0.948509485094851,9
2025-03-02,2x2,Racing Santander,Elche,17:00,18.5,4,False,1,0.054285714285714284,0.948509485094851,9
2025-03-02,2x2,Heerenveen,AZ Alkmaar,08:15,19.0,5,False,1,0.05277777777777778,0.949868073878628,9
2025-03-02,2x2,AS Roma,Como,14:00,19.5,6,False,1,0.05135135135135135,0.9511568123393317,9
2025-03-02,2x2,A. Klagenfurt,LASK,10:30,19.5,7,False,1,0.05135135135135135,0.9511568123393317,9
2025-03-02,2x2,Cordoba,Granada CF,10:00,20.0,8,False,1,0.049999999999999996,0.9523809523809524,9
2025-03-02,2x2,Augsburg,Freiburg,13:30,20.0,9,False,1,0.049999999999999996,0.9523809523809524,9
2025-03-03,2x2,Qingdao West Coast,Wuhan Three Towns,04:00,17.0,1,True,1,0.059375,0.943952802359882,1
2025-03-04,2x2,Rotherham,Leyton Orient,16:45,18.0,1,True,1,0.055882352941176466,0.947075208913649,7
2025-03-04,2x2,Accrington,MK Dons,16:45,18.0,2,True,1,0.055882352941176466,0.947075208913649,7
2025-03-04,2x2,Bromley,Doncaster,16:45,18.5,3,True,1,0.054285714285714284,0.948509485094851,7
2025-03-04,2x2,Charlton,Barnsley,16:45,19.0,4,False,1,0.05277777777777778,0.949868073878628,7
2025-03-04,2x2,PSV,Arsenal,17:00,19.5,5,False,1,0.05135135135135135,0.9511568123393317,7
2025-03-04,2x2,Huddersfield,Wrexham,16:45,19.5,6,False,1,0.05135135135135135,0.9511568123393317,7
2025-03-04,2x2,Bolton,Birmingham,16:45,20.0,7,False,1,0.049999999999999996,0.9523809523809524,7
2025-03-05,2x2,Petrojet,Ghazl El Mahallah,16:00,19.0,1,True,1,0.05277777777777778,0.949868073878628,1
2025-03-06,2x2,FCSB,Lyon,14:45,19.0,1,True,1,0.05277777777777778,0.949868073878628,3
2025-03-06,2x2,Plzen,Lazio,17:00,19.5,2,True,1,0.05135135135135135,0.9511568123393317,3
2025-03-06,2x2,Panathinaikos,Fiorentina,14:45,20.0,3,True,1,0.049999999999999996,0.9523809523809524,3
2025-03-07,2x2,NAC Breda,Sparta Rotterdam,16:00,18.5,1,True,1,0.054285714285714284,0.948509485094851,3
2025-03-07,2x2,Dep. La Coruna,Cordoba,17:00,18.5,2,True,1,0.054285714285714284,0.948509485094851,3
2025-03-07,2x2,Central Cordoba,Boca Juniors,21:15,20.0,3,True,1,0.049999999999999996,0.9523809523809524,3
2025-03-08,2x2,Swansea,Middlesbrough,12:00,16.5,1,True,1,0.06129032258064516,0.9422492401215806,17
2025-03-08,2x2,Al Orubah,Al Ettifaq,16:00,17.0,2,True,1,0.059375,0.943952802359882,17
2025-03-08,2x2,Yverdon,Winterthur,14:00,18.0,3,True,1,0.055882352941176466,0.947075208913649,17
2025-03-08,2x2,Holstein Kiel,Stuttgart,11:30,18.0,4,False,0,-1.0,0.947075208913649,17
2025-03-08,2x2,Alaves,Villarreal,12:15,18.5,5,False,1,0.054285714285714284,0.948509485094851,17
2025-03-08,2x2,Sittard,Heracles,12:30,18.5,6,False,1,0.054285714285714284,0.948509485094851,17
2025-03-08,2x2,Parma,Torino,11:00,19.0,7,False,0,-1.0,0.949868073878628,17
2025-03-08,2x2,Barcelona SC,Ind. del Valle,21:00,19.0,8,False,1,0.05277777777777778,0.949868073878628,17
2025-03-08,2x2,AFC Wimbledon,Notts Co,09:30,19.5,9,False,1,0.05135135135135135,0.9511568123393317,17
2025-03-08,2x2,Sampdoria,Palermo,13:15,19.5,10,False,1,0.05135135135135135,0.9511568123393317,17
2025-03-08,2x2,Sparta Prague,Slavia Prague,15:00,19.5,11,False,1,0.05135135135135135,0.9511568123393317,17
2025-03-08,2x2,Paris FC,Lorient,10:00,19.5,12,False,1,0.05135135135135135,0.9511568123393317,17
2025-03-08,2x2,Braga,FC Porto,17:30,19.5,13,False,1,0.05135135135135135,0.9511568123393317,17
2025-03-08,2x2,Austin FC,Colorado Rapids,22:30,19.5,14,False,1,0.05135135135135135,0.9511568123393317,17
2025-03-08,2x2,Ulm,FC Koln,09:00,20.0,15,False,1,0.049999999999999996,0.9523809523809524,17
2025-03-08,2x2,MK Dons,Morecambe,12:00,20.0,16,False,1,0.049999999999999996,0.9523809523809524,17
2025-03-08,2x2,Alemannia Aachen,SG Dynamo Dresden,10:00,20.0,17,False,1,0.049999999999999996,0.9523809523809524,17
2025-03-09,2x2,Reims,Auxerre,13:15,16.0,1,True,1,0.06333333333333332,0.9404388714733543,6
2025-03-09,2x2,Juventus,Atalanta,16:45,18.0,2,True,1,0.055882352941176466,0.947075208913649,6
2025-03-09,2x2,Willem II,Utrecht,08:15,18.5,3,True,1,0.054285714285714284,0.948509485094851,6
2025-03-09,2x2,Guadalajara Chivas,Club America,00:05,18.5,4,False,1,0.054285714285714284,0.948509485094851,6
2025-03-09,2x2,Empoli,AS Roma,14:00,18.5,5,False,1,0.054285714285714284,0.948509485094851,6
2025-03-09,2x2,Defensa y Justicia,Estudiantes L.P.,17:00,20.0,6,False,1,0.049999999999999996,0.9523809523809524,6
2025-03-10,2x2,Randers FC,Brondby,15:00,18.0,1,True,1,0.055882352941176466,0.947075208913649,2
2025-03-10,2x2,Famalicao,Rio Ave,17:15,19.5,2,True,1,0.05135135135135135,0.9511568123393317,2
2025-03-11,2x2,Barcelona,Benfica,14:45,18.5,1,True,1,0.054285714285714284,0.948509485094851,6
2025-03-11,2x2,Middlesbrough,QPR,16:45,18.5,2,True,1,0.054285714285714284,0.948509485094851,6
2025-03-11,2x2,Cottbus,Hannover II,15:00,19.0,3,True,0,-1.0,0.949868073878628,6
2025-03-11,2x2,Ingolstadt,Alemannia Aachen,15:00,19.0,4,False,1,0.05277777777777778,0.949868073878628,6
2025-03-11,2x2,Exeter,Mansfield,16:45,19.0,5,False,1,0.05277777777777778,0.949868073878628,6
2025-03-11,2x2,Reading,Wrexham,17:00,20.0,6,False,1,0.049999999999999996,0.9523809523809524,6
2025-03-12,2x2,Lille,Dortmund,14:45,17.0,1,True,1,0.059375,0.943952802359882,7
2025-03-12,2x2,Dukla Prague,Karvina,14:00,18.0,2,True,1,0.055882352941176466,0.947075208913649,7
2025-03-12,2x2,Hansa Rostock,Aue,15:00,18.0,3,True,1,0.055882352941176466,0.947075208913649,7
2025-03-12,2x2,Wehen,Munich 1860,15:00,19.0,4,False,1,0.05277777777777778,0.949868073878628,7
2025-03-12,2x2,Stoke,Blackburn,17:00,19.5,5,False,1,0.05135135135135135,0.9511568123393317,7
2025-03-12,2x2,Watford,Swansea,16:45,19.5,6,False,1,0.05135135135135135,0.9511568123393317,7
2025-03-12,2x2,Sorrento,Juventus U23,14:30,20.0,7,False,1,0.049999999999999996,0.9523809523809524,7
2025-03-13,2x2,Bromley,Walsall,17:00,19.0,1,True,0,-1.0,0.949868073878628,1
2025-03-14,2x2,Schalke,Hannover,14:30,17.0,1,True,1,0.059375,0.943952802359882,8
2025-03-14,2x2,Bristol City,Norwich,17:00,17.0,2,True,1,0.059375,0.943952802359882,8
2025-03-14,2x2,Palermo,Cremonese,16:30,18.0,3,True,1,0.055882352941176466,0.947075208913649,8
2025-03-14,2x2,Annecy,Rodez,16:00,18.0,4,False,1,0.055882352941176466,0.947075208913649,8
2025-03-14,2x2,St. Pauli,Hoffenheim,16:30,18.5,5,False,1,0.054285714285714284,0.948509485094851,8
2025-03-14,2x2,Almere City,NAC Breda,16:00,19.0,6,False,1,0.05277777777777778,0.949868073878628,8
2025-03-14,2x2,Amiens,Caen,16:00,19.5,7,False,1,0.05135135135135135,0.9511568123393317,8
2025-03-14,2x2,Hvidovre IF,Odense,15:00,20.0,8,False,1,0.049999999999999996,0.9523809523809524,8
2025-03-15,2x2,Monza,Parma,11:00,16.5,1,True,1,0.06129032258064516,0.9422492401215806,15
2025-03-15,2x2,Luton,Middlesbrough,12:00,17.5,2,True,1,0.05757575757575757,0.9455587392550143,15
2025-03-15,2x2,Coventry,Sunderland,12:00,18.0,3,False,1,0.055882352941176466,0.947075208913649,15
2025-03-15,2x2,Dunkerque,Metz,10:00,18.0,4,True,1,0.055882352941176466,0.947075208913649,15
2025-03-15,2x2,Blackpool,Leyton Orient,12:00,18.0,5,False,1,0.055882352941176466,0.947075208913649,15
2025-03-15,2x2,Lens,Rennes,17:05,18.5,6,False,1,0.054285714285714284,0.948509485094851,15
2025-03-15,2x2,Augsburg,Wolfsburg,11:30,19.0,7,False,1,0.05277777777777778,0.949868073878628,15
2025-03-15,2x2,Cittadella,Sassuolo,11:00,19.0,8,False,1,0.05277777777777778,0.949868073878628,15
2025-03-15,2x2,St. Louis City,Seattle Sounders,21:30,19.5,9,False,1,0.05135135135135135,0.9511568123393317,15
2025-03-15,2x2,Swindon,Cheltenham,09:30,19.5,10,False,1,0.05135135135135135,0.9511568123393317,15
2025-03-15,2x2,Nantes,Lille,13:00,19.5,11,False,1,0.05135135135135135,0.9511568123393317,15
2025-03-15,2x2,Oxford Utd,Watford,12:00,20.0,12,False,1,0.049999999999999996,0.9523809523809524,15
2025-03-15,2x2,FC Koln,Darmstadt,16:30,20.0,13,False,1,0.049999999999999996,0.9523809523809524,15
2025-03-15,2x2,New York Red Bulls,Orlando City,15:30,20.0,14,False,0,-1.0,0.9523809523809524,15
2025-03-15,2x2,Girona,Valencia,17:00,20.0,15,False,1,0.049999999999999996,0.9523809523809524,15
2025-03-16,2x2,Atalanta,Inter,16:45,16.5,1,True,1,0.06129032258064516,0.9422492401215806,8
2025-03-16,2x2,Arsenal,Chelsea,10:30,18.5,2,True,1,0.054285714285714284,0.948509485094851,8
2025-03-16,2x2,Strasbourg,Toulouse,13:15,18.5,3,True,1,0.054285714285714284,0.948509485094851,8
2025-03-16,2x2,Leicester,Manchester Utd,16:00,18.5,4,False,1,0.054285714285714284,0.948509485094851,8
2025-03-16,2x2,UNAM Pumas,Monterrey,21:00,18.5,5,False,1,0.054285714285714284,0.948509485094851,8
2025-03-16,2x2,Bologna,Lazio,11:00,19.0,6,False,1,0.05277777777777778,0.949868073878628,8
2025-03-16,2x2,Arouca,Estoril,12:30,19.5,7,False,1,0.05135135135135135,0.9511568123393317,8
2025-03-16,2x2,Kuressaare,Harju JK Laagri,07:30,19.5,8,False,1,0.05135135135135135,0.9511568123393317,8
2025-03-20,2x2,Italy,Germany,16:45,17.5,1,True,1,0.05757575757575757,0.9455587392550143,5
2025-03-20,2x2,Denmark,Portugal,16:45,18.0,2,True,1,0.055882352941176466,0.947075208913649,5
2025-03-20,2x2,Croatia,France,16:45,19.0,3,True,1,0.05277777777777778,0.949868073878628,5
2025-03-20,2x2,Kosovo,Iceland,16:45,19.5,4,False,1,0.05135135135135135,0.9511568123393317,5
2025-03-20,2x2,Ukraine,Belgium,16:45,20.0,5,False,1,0.049999999999999996,0.9523809523809524,5
2025-03-22,2x2,Peterborough,Charlton,12:00,17.0,1,True,1,0.059375,0.943952802359882,5
2025-03-22,2x2,Cheltenham,MK Dons,12:00,19.0,2,True,1,0.05277777777777778,0.949868073878628,5
2025-03-22,2x2,Northampton,Blackpool,12:00,19.5,3,True,1,0.05135135135135135,0.9511568123393317,5
2025-03-22,2x2,Carlisle,Bromley,12:00,20.0,4,False,1,0.049999999999999996,0.9523809523809524,5
2025-03-22,2x2,Mirandes,Racing Santander,14:30,20.0,5,False,1,0.049999999999999996,0.9523809523809524,5
2025-03-23,2x2,Hungary,Turkey,14:00,18.0,1,True,1,0.055882352941176466,0.947075208913649,6
2025-03-23,2x2,Progreso,River Plate,15:30,18.0,2,True,1,0.055882352941176466,0.947075208913649,6
2025-03-23,2x2,Serbia,Austria,14:00,18.5,3,True,1,0.054285714285714284,0.948509485094851,6
2025-03-23,2x2,Renofa Yamaguchi,Kumamoto,01:15,19.0,4,False,1,0.05277777777777778,0.949868073878628,6
2025-03-23,2x2,Iceland,Kosovo,14:00,19.0,5,False,1,0.05277777777777778,0.949868073878628,6
2025-03-23,2x2,Austin FC,San Diego FC,17:00,19.0,6,False,1,0.05277777777777778,0.949868073878628,6
2025-03-25,2x2,Carlisle,MK Dons,16:45,16.5,1,True,0,-1.0,0.9422492401215806,2
2025-03-25,2x2,Indonesia,Bahrain,10:45,18.5,2,True,1,0.054285714285714284,0.948509485094851,2
2025-03-28,2x2,Altach,LASK,15:30,19.5,1,True,1,0.05135135135135135,0.9511568123393317,1
2025-03-29,2x2,Beijing Guoan,Chengdu Rongcheng,08:35,17.5,1,True,1,0.05757575757575757,0.9455587392550143,1
2025-03-30,2x2,Grasshoppers,Zurich,11:30,17.5,1,True,1,0.05757575757575757,0.9455587392550143,12
2025-03-30,2x2,Napoli,AC Milan,15:45,17.5,2,True,1,0.05757575757575757,0.9455587392550143,12
2025-03-30,2x2,St. Louis City,Austin FC,15:15,18.0,3,True,1,0.055882352941176466,0.947075208913649,12
2025-03-30,2x2,Club Leon,UNAM Pumas,22:05,19.0,4,False,1,0.05277777777777778,0.949868073878628,12
2025-03-30,2x2,Sparta Prague,Plzen,13:30,19.5,5,False,1,0.05135135135135135,0.9511568123393317,12
2025-03-30,2x2,Le Havre,Nantes,12:15,19.5,6,False,1,0.05135135135135135,0.9511568123393317,12
2025-03-30,2x2,Cordoba,Elche,09:00,19.5,7,False,1,0.05135135135135135,0.9511568123393317,12
2025-03-30,2x2,Preussen Munster,Braunschweig,08:30,19.5,8,False,1,0.05135135135135135,0.9511568123393317,12
2025-03-30,2x2,Lille,Lens,15:45,19.5,9,False,1,0.05135135135135135,0.9511568123393317,12
2025-03-30,2x2,Toulouse,Brest,10:00,20.0,10,False,1,0.049999999999999996,0.9523809523809524,12
2025-03-30,2x2,Angers,Rennes,12:15,20.0,11,False,1,0.049999999999999996,0.9523809523809524,12
2025-03-30,2x2,Bahia,Corinthians,20:01,20.0,12,False,1,0.049999999999999996,0.9523809523809524,12
2025-03-31,2x2,Verona,Parma,13:30,18.0,1,True,1,0.055882352941176466,0.947075208913649,2
2025-03-31,2x2,Varnamo,Sirius,14:00,18.0,2,True,1,0.055882352941176466,0.947075208913649,2
2025-04-01,2x2,Raufoss,Moss,14:00,18.0,1,True,1,0.055882352941176466,0.947075208913649,9
2025-04-01,2x2,Morecambe,Cheltenham,15:45,18.5,2,True,1,0.054285714285714284,0.948509485094851,9
2025-04-01,2x2,Wolves,West Ham,15:45,19.0,3,True,1,0.05277777777777778,0.949868073878628,9
2025-04-01,2x2,Northampton,Rotherham,15:45,19.0,4,False,1,0.05277777777777778,0.949868073878628,9
2025-04-01,2x2,Mansfield,Charlton,15:45,19.5,5,False,1,0.05135135135135135,0.9511568123393317,9
2025-04-01,2x2,Blackpool,Reading,15:45,19.5,6,False,1,0.05135135135135135,0.9511568123393317,9
2025-04-01,2x2,Swindon,AFC Wimbledon,15:45,19.5,7,False,1,0.05135135135135135,0.9511568123393317,9
2025-04-01,2x2,Nottingham,Manchester Utd,16:00,19.5,8,False,1,0.05135135135135135,0.9511568123393317,9
2025-04-01,2x2,Crewe,Grimsby,15:45,20.0,9,False,1,0.049999999999999996,0.9523809523809524,9
2025-04-02,2x2,AC Milan,Inter,16:00,17.0,1,True,1,0.059375,0.943952802359882,2
2025-04-02,2x2,Tianjin Jinmen Tiger,Beijing Guoan,08:35,20.0,2,True,0,-1.0,0.9523809523809524,2
2025-04-04,2x2,Maastricht,Excelsior,15:00,16.5,1,True,1,0.06129032258064516,0.9422492401215806,6
2025-04-04,2x2,Hillerod,Hobro,14:00,17.5,2,True,1,0.05757575757575757,0.9455587392550143,6
2025-04-04,2x2,FC Emmen,Cambuur,15:00,18.0,3,True,1,0.055882352941176466,0.947075208913649,6
2025-04-04,2x2,Queretaro,Club Leon,22:00,19.0,4,False,1,0.05277777777777778,0.949868073878628,6
2025-04-04,2x2,Laval,Grenoble,15:00,19.5,5,False,1,0.05135135135135135,0.9511568123393317,6
2025-04-04,2x2,Blackburn,Middlesbrough,16:00,19.5,6,False,1,0.05135135135135135,0.9511568123393317,6
2025-04-05,2x2,Houston Dynamo,Los Angeles FC,21:30,17.0,1,True,1,0.059375,0.943952802359882,15
2025-04-05,2x2,AZ Alkmaar,Feyenoord,11:30,17.5,2,True,1,0.05757575757575757,0.9455587392550143,15
2025-04-05,2x2,Ipswich,Wolves,11:00,18.0,3,True,1,0.055882352941176466,0.947075208913649,15
2025-04-05,2x2,Sirius,Djurgarden,10:00,18.5,4,False,1,0.054285714285714284,0.948509485094851,15
2025-04-05,2x2,SA Bulo Bulo,Wilstermann,16:00,18.5,5,False,1,0.054285714285714284,0.948509485094851,15
2025-04-05,2x2,Atlas,Juarez,20:00,18.5,6,False,1,0.054285714285714284,0.948509485094851,15
2025-04-05,2x2,Reading,Wycombe,08:30,19.5,7,False,1,0.05135135135135135,0.9511568123393317,15
2025-04-05,2x2,West Brom,Sunderland,08:30,19.5,8,False,1,0.05135135135135135,0.9511568123393317,15
2025-04-05,2x2,Odra Opole,Polonia Warszawa,12:30,19.5,9,False,1,0.05135135135135135,0.9511568123393317,15
2025-04-05,2x2,MK Dons,Barrow,11:00,19.5,10,False,1,0.05135135135135135,0.9511568123393317,15
2025-04-05,2x2,Plymouth,Norwich,11:00,19.5,11,False,1,0.05135135135135135,0.9511568123393317,15
2025-04-05,2x2,Puebla,Tigres UANL,00:05,20.0,12,False,1,0.049999999999999996,0.9523809523809524,15
2025-04-05,2x2,Colchester,Notts Co,11:00,20.0,13,False,1,0.049999999999999996,0.9523809523809524,15
2025-04-05,2x2,A. Klagenfurt,Altach,12:00,20.0,14,False,1,0.049999999999999996,0.9523809523809524,15
2025-04-05,2x2,Barcelona,Betis,16:00,20.0,15,False,1,0.049999999999999996,0.9523809523809524,15
2025-04-06,2x2,Union Berlin,Wolfsburg,12:30,17.0,1,True,1,0.059375,0.943952802359882,9
2025-04-06,2x2,Cajamarca,Sporting Cristal,17:30,17.5,2,True,1,0.05757575757575757,0.9455587392550143,9
2025-04-06,2x2,Reims,Strasbourg,12:15,18.0,3,True,1,0.055882352941176466,0.947075208913649,9
2025-04-06,2x2,FC Porto B,Pacos Ferreira,07:00,18.0,4,False,1,0.055882352941176466,0.947075208913649,9
2025-04-06,2x2,FC Porto,Benfica,16:30,18.0,5,False,1,0.055882352941176466,0.947075208913649,9
2025-04-06,2x2,Palermo,Sassuolo,10:00,18.0,6,False,1,0.055882352941176466,0.947075208913649,9
2025-04-06,2x2,Rennes,Auxerre,12:15,19.5,7,False,1,0.05135135135135135,0.9511568123393317,9
2025-04-06,2x2,Empoli,Cagliari,10:00,19.5,8,False,1,0.05135135135135135,0.9511568123393317,9
2025-04-06,2x2,AS Roma,Juventus,15:45,19.5,9,False,1,0.05135135135135135,0.9511568123393317,9
2025-04-07,2x2,Dunkerque,Guingamp,15:45,17.0,1,True,1,0.059375,0.943952802359882,5
2025-04-07,2x2,Brondby,Aarhus,14:00,17.5,2,True,1,0.05757575757575757,0.9455587392550143,5
2025-04-07,2x2,Brage,Falkenberg,14:00,19.5,3,True,1,0.05135135135135135,0.9511568123393317,5
2025-04-07,2x2,CFR Cluj,Univ. Craiova,14:30,20.0,4,False,1,0.049999999999999996,0.9523809523809524,5
2025-04-07,2x2,Rio Ave,Boavista,16:15,20.0,5,False,1,0.049999999999999996,0.9523809523809524,5
2025-04-08,2x2,Arsenal,Real Madrid,16:00,17.0,1,True,1,0.059375,0.943952802359882,6
2025-04-08,2x2,Mansfield,Leyton Orient,15:45,17.5,2,True,1,0.05757575757575757,0.9455587392550143,6
2025-04-08,2x2,Bristol City,West Brom,15:45,19.0,3,True,1,0.05277777777777778,0.949868073878628,6
2025-04-08,2x2,Preston,Cardiff,15:45,19.5,4,False,0,-1.0,0.9511568123393317,6
2025-04-08,2x2,Huddersfield,Wycombe,15:45,20.0,5,False,1,0.049999999999999996,0.9523809523809524,6
2025-04-08,2x2,Shrewsbury,Reading,15:45,20.0,6,False,1,0.049999999999999996,0.9523809523809524,6
2025-04-10,2x2,Fredericia,Horsens,13:30,17.5,1,True,1,0.05757575757575757,0.9455587392550143,2
2025-04-10,2x2,Al Shabab,Al Kholood,12:50,18.5,2,True,1,0.054285714285714284,0.948509485094851,2
2025-04-11,2x2,Bari,Palermo,15:30,17.0,1,True,1,0.059375,0.943952802359882,5
2025-04-11,2x2,Aalborg,Lyngby,14:00,18.5,2,True,0,-1.0,0.948509485094851,5
2025-04-11,2x2,Amiens,Dunkerque,15:00,19.0,3,True,1,0.05277777777777778,0.949868073878628,5
2025-04-11,2x2,Wehen,Saarbrucken,14:00,19.5,4,False,1,0.05135135135135135,0.9511568123393317,5
2025-04-11,2x2,BW Linz,Wolfsberger AC,14:30,20.0,5,False,1,0.049999999999999996,0.9523809523809524,5
2025-04-12,2x2,Carrarese,Catanzaro,10:00,18.0,1,True,0,-1.0,0.947075208913649,11
2025-04-12,2x2,Bochum,Augsburg,10:30,18.0,2,True,1,0.055882352941176466,0.947075208913649,11
2025-04-12,2x2,Holstein Kiel,St. Pauli,10:30,18.0,3,False,1,0.055882352941176466,0.947075208913649,11
2025-04-12,2x2,Millwall,Middlesbrough,11:00,18.0,4,True,1,0.055882352941176466,0.947075208913649,11
2025-04-12,2x2,Southampton,Aston Villa,11:00,18.5,5,False,1,0.054285714285714284,0.948509485094851,11
2025-04-12,2x2,Bayern Munich,Dortmund,13:30,18.5,6,False,0,-1.0,0.948509485094851,11
2025-04-12,2x2,Toulouse,Lille,14:00,19.0,7,False,1,0.05277777777777778,0.949868073878628,11
2025-04-12,2x2,Bristol Rovers,Exeter,11:00,19.0,8,False,1,0.05277777777777778,0.949868073878628,11
2025-04-12,2x2,Bragantino,Botafogo RJ,16:00,19.0,9,False,1,0.05277777777777778,0.949868073878628,11
2025-04-12,2x2,Anorthosis,Omonia Aradippou,13:00,19.5,10,False,1,0.05135135135135135,0.9511568123393317,11
2025-04-12,2x2,Gillingham,MK Dons,11:00,20.0,11,False,1,0.049999999999999996,0.9523809523809524,11
2025-04-13,2x2,Atalanta,Bologna,07:30,18.0,1,True,1,0.055882352941176466,0.947075208913649,8
2025-04-13,2x2,Le Havre,Rennes,12:15,18.0,2,True,1,0.055882352941176466,0.947075208913649,8
2025-04-13,2x2,Lazio,AS Roma,15:45,18.5,3,True,1,0.054285714285714284,0.948509485094851,8
2025-04-13,2x2,River Plate,Juventud,20:00,18.5,4,False,1,0.054285714285714284,0.948509485094851,8
2025-04-13,2x2,Angers,Montpellier,12:15,19.0,5,False,1,0.05277777777777778,0.949868073878628,8
2025-04-13,2x2,Iwata,Kumamoto,03:00,19.5,6,False,1,0.05135135135135135,0.9511568123393317,8
2025-04-13,2x2,Fiorentina,Parma,10:00,20.0,7,False,1,0.049999999999999996,0.9523809523809524,8
2025-04-13,2x2,Hradec Kralove,Liberec,13:30,20.0,8,False,1,0.049999999999999996,0.9523809523809524,8
2025-04-14,2x2,Hull,Coventry,16:00,17.0,1,True,1,0.059375,0.943952802359882,4
2025-04-14,2x2,Sonderjyske,Vejle,14:00,17.5,2,True,1,0.05757575757575757,0.9455587392550143,4
2025-04-14,2x2,Halmstad,Oster,14:00,19.0,3,True,1,0.05277777777777778,0.949868073878628,4
2025-04-14,2x2,Orense,Barcelona SC,21:00,20.0,4,False,1,0.049999999999999996,0.9523809523809524,4
2025-04-15,2x2,Orebro,Helsingborg,14:00,18.5,1,True,1,0.054285714285714284,0.948509485094851,1
2025-04-16,2x2,Monterrey,Club America,22:00,17.0,1,True,1,0.059375,0.943952802359882,3
2025-04-16,2x2,Queretaro,Atlas,22:00,18.0,2,True,1,0.055882352941176466,0.947075208913649,3
2025-04-16,2x2,Sport Recife,Bragantino,19:00,20.0,3,True,1,0.049999999999999996,0.9523809523809524,3
2025-04-17,2x2,Midtjylland,FC Copenhagen,13:00,17.0,1,True,1,0.059375,0.943952802359882,3
2025-04-17,2x2,Randers FC,Aarhus,11:00,19.0,2,True,1,0.05277777777777778,0.949868073878628,3
2025-04-17,2x2,Cruzeiro,Bahia,21:30,19.5,3,True,1,0.05135135135135135,0.9511568123393317,3
2025-04-18,2x2,Laval,Rodez,15:00,17.5,1,True,1,0.05757575757575757,0.9455587392550143,9
2025-04-18,2x2,Rotherham,Mansfield,11:00,18.0,2,True,1,0.055882352941176466,0.947075208913649,9
2025-04-18,2x2,Coventry,West Brom,11:00,19.0,3,False,1,0.05277777777777778,0.949868073878628,9
2025-04-18,2x2,Bolton,Wycombe,11:00,19.0,4,False,1,0.05277777777777778,0.949868073878628,9
2025-04-18,2x2,Castellon,Almeria,16:00,19.0,5,True,1,0.05277777777777778,0.949868073878628,9
2025-04-18,2x2,Reading,Lincoln,11:00,19.5,6,False,1,0.05135135135135135,0.9511568123393317,9
2025-04-18,2x2,Boston Utd,Wealdstone,11:00,19.5,7,False,1,0.05135135135135135,0.9511568123393317,9
2025-04-18,2x2,Bristol City,Sunderland,11:00,19.5,8,False,1,0.05135135135135135,0.9511568123393317,9
2025-04-18,2x2,Rennes,Nantes,15:45,19.5,9,False,1,0.05135135135135135,0.9511568123393317,9
2025-04-19,2x2,Haka,AC Oulu,11:00,18.0,1,True,1,0.055882352941176466,0.947075208913649,3
2025-04-19,2x2,Braunschweig,Kaiserslautern,08:00,19.0,2,True,1,0.05277777777777778,0.949868073878628,3
2025-04-19,2x2,Lecce,Como,10:00,20.0,3,True,1,0.049999999999999996,0.9523809523809524,3
2025-04-20,2x2,Brest,Lens,12:15,17.0,1,True,1,0.059375,0.943952802359882,6
2025-04-20,2x2,Manchester Utd,Wolves,10:00,17.5,2,True,1,0.05757575757575757,0.9455587392550143,6
2025-04-20,2x2,Reims,Toulouse,12:15,18.0,3,True,1,0.055882352941176466,0.947075208913649,6
2025-04-20,2x2,Atlas,Guadalajara Chivas,00:15,19.5,4,False,1,0.05135135135135135,0.9511568123393317,6
2025-04-20,2x2,Bologna,Inter,13:00,19.5,5,False,1,0.05135135135135135,0.9511568123393317,6
2025-04-20,2x2,Dortmund,B. Monchengladbach,12:30,20.0,6,False,1,0.049999999999999996,0.9523809523809524,6
2025-04-21,2x2,Girona,Betis,16:00,16.5,1,True,1,0.06129032258064516,0.9422492401215806,8
2025-04-21,2x2,Blackpool,Wrexham,11:00,17.5,2,True,1,0.05757575757575757,0.9455587392550143,8
2025-04-21,2x2,Cambridge Utd,Leyton Orient,11:00,17.5,3,True,1,0.05757575757575757,0.9455587392550143,8
2025-04-21,2x2,Lincoln,Bolton,11:00,18.5,4,False,1,0.054285714285714284,0.948509485094851,8
2025-04-21,2x2,Portsmouth,Watford,11:00,19.0,5,False,1,0.05277777777777778,0.949868073878628,8
2025-04-21,2x2,Accrington,Carlisle,11:00,19.0,6,False,1,0.05277777777777778,0.949868073878628,8
2025-04-21,2x2,Luton,Bristol City,11:00,19.5,7,False,1,0.05135135135135135,0.9511568123393317,8
2025-04-21,2x2,Millwall,Norwich,11:00,19.5,8,False,1,0.05135135135135135,0.9511568123393317,8
2025-04-22,2x2,Grazer AK,Hartberg,13:30,19.5,1,True,1,0.05135135135135135,0.9511568123393317,2
2025-04-22,2x2,Helsingborg,Vasteras SK,14:00,19.5,2,True,1,0.05135135135135135,0.9511568123393317,2
2025-04-23,2x2,Hammarby,Malmo FF,14:00,18.0,1,True,1,0.055882352941176466,0.947075208913649,3
2025-04-23,2x2,Austria Vienna,Sturm Graz,15:30,18.5,2,True,1,0.054285714285714284,0.948509485094851,3
2025-04-23,2x2,Cagliari,Fiorentina,13:30,19.0,3,True,1,0.05277777777777778,0.949868073878628,3
2025-04-24,2x2,GAIS,Brommapojkarna,14:00,18.0,1,True,1,0.055882352941176466,0.947075208913649,3
2025-04-24,2x2,Leganes,Girona,14:00,19.5,2,True,1,0.05135135135135135,0.9511568123393317,3
2025-04-24,2x2,Osasuna,Sevilla,14:00,20.0,3,True,1,0.049999999999999996,0.9523809523809524,3
2025-04-25,2x2,Stuttgart,Heidenheim,15:30,19.0,1,True,1,0.05277777777777778,0.949868073878628,6
2025-04-25,2x2,Frosinone,Spezia,07:30,19.5,2,True,0,-1.0,0.9511568123393317,6
2025-04-25,2x2,Red Star,Clermont,15:00,19.5,3,True,1,0.05135135135135135,0.9511568123393317,6
2025-04-25,2x2,Carrarese,Sampdoria,10:00,19.5,4,False,1,0.05135135135135135,0.9511568123393317,6
2025-04-25,2x2,Famalicao,Braga,16:30,19.5,5,False,1,0.05135135135135135,0.9511568123393317,6
2025-04-25,2x2,Hansa Rostock,Munich 1860,14:00,20.0,6,False,1,0.049999999999999996,0.9523809523809524,6
2025-04-26,2x2,Luton,Coventry,08:30,17.5,1,True,1,0.05757575757575757,0.9455587392550143,14
2025-04-26,2x2,Leyton Orient,Wycombe,08:30,17.5,2,True,1,0.05757575757575757,0.9455587392550143,14
2025-04-26,2x2,Cheltenham,Carlisle,11:00,17.5,3,True,1,0.05757575757575757,0.9455587392550143,14
2025-04-26,2x2,Regensburg,Braunschweig,08:00,18.0,4,False,1,0.055882352941176466,0.947075208913649,14
2025-04-26,2x2,Crystal Palace,Aston Villa,13:15,18.0,5,False,1,0.055882352941176466,0.947075208913649,14
2025-04-26,2x2,RW Essen,Saarbrucken,09:00,18.0,6,False,1,0.055882352941176466,0.947075208913649,14
2025-04-26,2x2,Cardiff,West Brom,11:00,18.5,7,False,1,0.054285714285714284,0.948509485094851,14
2025-04-26,2x2,Viktoria Koln,Wehen,09:00,18.5,8,False,1,0.054285714285714284,0.948509485094851,14
2025-04-26,2x2,Gillingham,Swindon,11:00,18.5,9,False,1,0.054285714285714284,0.948509485094851,14
2025-04-26,2x2,Macara,Barcelona SC,21:00,18.5,10,False,1,0.054285714285714284,0.948509485094851,14
2025-04-26,2x2,Exeter,Huddersfield,11:00,19.0,11,False,1,0.05277777777777778,0.949868073878628,14
2025-04-26,2x2,Le Havre,Monaco,14:00,19.5,12,False,1,0.05135135135135135,0.9511568123393317,14
2025-04-26,2x2,Oxford Utd,Sunderland,11:00,20.0,13,False,1,0.049999999999999996,0.9523809523809524,14
2025-04-26,2x2,Woking,Eastleigh,08:30,20.0,14,False,0,-1.0,0.9523809523809524,14
2025-04-27,2x2,Catanzaro,Palermo,10:00,17.0,1,True,1,0.059375,0.943952802359882,16
2025-04-27,2x2,Nantes,Toulouse,12:15,17.0,2,True,1,0.059375,0.943952802359882,16
2025-04-27,2x2,Korona Kielce,Jagiellonia,07:15,17.5,3,True,1,0.05757575757575757,0.9455587392550143,16
2025-04-27,2x2,Hamburger SV,Karlsruher SC,08:30,17.5,4,False,1,0.05757575757575757,0.9455587392550143,16
2025-04-27,2x2,FC Rapid Bucuresti,FCSB,15:00,18.0,5,False,1,0.055882352941176466,0.947075208913649,16
2025-04-27,2x2,Minnesota United,Vancouver Whitecaps,16:00,18.0,6,False,1,0.055882352941176466,0.947075208913649,16
2025-04-27,2x2,Sturm Graz,Austria Vienna,12:00,18.5,7,False,1,0.054285714285714284,0.948509485094851,16
2025-04-27,2x2,Gnistan,KuPS,10:00,18.5,8,False,1,0.054285714285714284,0.948509485094851,16
2025-04-27,2x2,Werder Bremen,St. Pauli,12:30,18.5,9,False,1,0.054285714285714284,0.948509485094851,16
2025-04-27,2x2,Alemannia Aachen,VfL Osnabruck,11:30,19.0,10,False,1,0.05277777777777778,0.949868073878628,16
2025-04-27,2x2,Feirense,FC Porto B,07:00,19.0,11,False,1,0.05277777777777778,0.949868073878628,16
2025-04-27,2x2,Sparta Prague B,Zlin,05:30,19.5,12,False,1,0.05135135135135135,0.9511568123393317,16
2025-04-27,2x2,Palestino,U. De Chile,16:00,19.5,13,False,1,0.05135135135135135,0.9511568123393317,16
2025-04-27,2x2,Inter,AS Roma,10:00,20.0,14,False,1,0.049999999999999996,0.9523809523809524,16
2025-04-27,2x2,Varnsdorf,Prostejov,12:00,20.0,15,False,1,0.049999999999999996,0.9523809523809524,16
2025-04-27,2x2,Potenza,Catania,15:00,20.0,16,False,1,0.049999999999999996,0.9523809523809524,16
2025-04-28,2x2,Petrolul,Farul Constanta,12:00,16.5,1,True,1,0.06129032258064516,0.9422492401215806,5
2025-04-28,2x2,Jong Utrecht,FC Volendam,15:00,18.5,2,True,1,0.054285714285714284,0.948509485094851,5
2025-04-28,2x2,Paralimni,Nea Salamis,13:00,19.0,3,True,0,-1.0,0.949868073878628,5
2025-04-28,2x2,Verona,Cagliari,15:45,19.0,4,False,1,0.05277777777777778,0.949868073878628,5
2025-04-28,2x2,Goteborg,GAIS,14:10,20.0,5,False,1,0.049999999999999996,0.9523809523809524,5
2025-04-29,2x2,Solihull Moors,Rochdale,15:45,18.5,1,True,1,0.054285714285714284,0.948509485094851,2
2025-04-29,2x2,Chaves,Alverca,16:00,19.0,2,True,1,0.05277777777777778,0.949868073878628,2
2025-04-30,2x2,Blackpool,Birmingham,15:45,18.0,1,True,1,0.055882352941176466,0.947075208913649,1
2025-05-01,2x2,Mantova,Cesena,10:00,16.5,1,True,1,0.06129032258064516,0.9422492401215806,6
2025-05-01,2x2,Sampdoria,Cremonese,10:00,17.0,2,True,1,0.059375,0.943952802359882,6
2025-05-01,2x2,Spezia,Salernitana,10:00,17.5,3,True,1,0.05757575757575757,0.9455587392550143,6
2025-05-01,2x2,Pisa,Frosinone,10:00,18.5,4,False,1,0.054285714285714284,0.948509485094851,6
2025-05-01,2x2,Cittadella,Brescia,12:15,18.5,5,False,1,0.054285714285714284,0.948509485094851,6
2025-05-01,2x2,Juve Stabia,Catanzaro,07:30,19.0,6,False,1,0.05277777777777778,0.949868073878628,6
2025-05-02,2x2,Hobro,Hillerod,13:30,17.5,1,True,1,0.05757575757575757,0.9455587392550143,5
2025-05-02,2x2,Guingamp,Bastia,15:00,18.5,2,True,0,-1.0,0.948509485094851,5
2025-05-02,2x2,Clermont,Annecy,15:00,19.0,3,True,1,0.05277777777777778,0.949868073878628,5
2025-05-02,2x2,B.93,Vendsyssel,14:00,20.0,4,False,0,-1.0,0.9523809523809524,5
2025-05-02,2x2,Torino,Venezia,15:45,20.0,5,False,1,0.049999999999999996,0.9523809523809524,5
2025-05-03,2x2,Parma,Como,10:00,16.0,1,True,1,0.06333333333333332,0.9404388714733543,12
2025-05-03,2x2,Portsmouth,Hull,08:30,17.0,2,True,1,0.059375,0.943952802359882,12
2025-05-03,2x2,West Brom,Luton,08:30,17.5,3,True,1,0.05757575757575757,0.9455587392550143,12
2025-05-03,2x2,Las Palmas,Valencia,13:30,18.0,4,False,1,0.055882352941176466,0.947075208913649,12
2025-05-03,2x2,Arminia Bielefeld,SG Dynamo Dresden,11:30,19.0,5,False,1,0.05277777777777778,0.949868073878628,12
2025-05-03,2x2,St Etienne,Monaco,16:05,19.0,6,False,1,0.05277777777777778,0.949868073878628,12
2025-05-03,2x2,Bahia,Botafogo RJ,21:00,19.0,7,False,1,0.05277777777777778,0.949868073878628,12
2025-05-03,2x2,Bristol City,Preston,08:30,19.5,8,False,0,-1.0,0.9511568123393317,12
2025-05-03,2x2,Cajamarca,Deportivo Garcilaso,15:00,19.5,9,False,1,0.05135135135135135,0.9511568123393317,12
2025-05-03,2x2,Ulm,Hannover,08:00,19.5,10,False,1,0.05135135135135135,0.9511568123393317,12
2025-05-03,2x2,Corinthians,Internacional,18:30,19.5,11,False,1,0.05135135135135135,0.9511568123393317,12
2025-05-03,2x2,Crewe,Walsall,11:00,20.0,12,False,1,0.049999999999999996,0.9523809523809524,12
2025-05-04,2x2,Carrarese,Modena,10:00,17.0,1,True,1,0.059375,0.943952802359882,8
2025-05-04,2x2,Cesena,Palermo,10:00,18.0,2,True,1,0.055882352941176466,0.947075208913649,8
2025-05-04,2x2,Olympiacos Piraeus,PAOK,14:00,18.5,3,True,1,0.054285714285714284,0.948509485094851,8
2025-05-04,2x2,Empoli,Lazio,07:30,18.5,4,False,1,0.054285714285714284,0.948509485094851,8
2025-05-04,2x2,Arouca,Casa Pia,14:00,19.0,5,False,1,0.05277777777777778,0.949868073878628,8
2025-05-04,2x2,Ind. Medellin,Atl. Nacional,18:10,19.0,6,False,1,0.05277777777777778,0.949868073878628,8
2025-05-04,2x2,Bari,Pisa,10:00,20.0,7,False,1,0.049999999999999996,0.9523809523809524,8
2025-05-04,2x2,Lyngby,Viborg,09:00,20.0,8,False,1,0.049999999999999996,0.9523809523809524,8
2025-05-05,2x2,Crystal Palace,Nottingham,16:00,17.5,1,True,1,0.05757575757575757,0.9455587392550143,7
2025-05-05,2x2,Rio Ave,Estrela,15:30,18.5,2,True,1,0.054285714285714284,0.948509485094851,7
2025-05-05,2x2,Elfsborg,GAIS,14:10,18.5,3,True,1,0.054285714285714284,0.948509485094851,7
2025-05-05,2x2,Bragantino,Mirassol,19:00,19.0,4,False,1,0.05277777777777778,0.949868073878628,7
2025-05-05,2x2,Girona,Mallorca,16:00,19.5,5,False,1,0.05135135135135135,0.9511568123393317,7
2025-05-05,2x2,Gwangju FC,Gimcheon Sangmu,04:30,19.5,6,False,1,0.05135135135135135,0.9511568123393317,7
2025-05-05,2x2,Brage,Ostersund,14:00,20.0,7,False,1,0.049999999999999996,0.9523809523809524,7
2025-05-06,2x2,Vasteras SK,Kalmar,14:00,18.0,1,True,0,-1.0,0.947075208913649,2
2025-05-06,2x2,Meizhou Hakka,Shanghai Shenhua,08:00,19.0,2,True,1,0.05277777777777778,0.949868073878628,2
2025-05-07,2x2,Maribor,Celje,13:45,17.0,1,True,1,0.059375,0.943952802359882,1
2025-05-08,2x2,Necaxa,Tigres UANL,22:00,18.0,1,True,1,0.055882352941176466,0.947075208913649,1
2025-05-09,2x2,AC Milan,Bologna,15:45,16.5,1,True,1,0.06129032258064516,0.9422492401215806,10
2025-05-09,2x2,Willem II,Heracles,15:00,17.5,2,True,1,0.05757575757575757,0.9455587392550143,10
2025-05-09,2x2,Mantova,Carrarese,15:30,18.0,3,True,1,0.055882352941176466,0.947075208913649,10
2025-05-09,2x2,Las Palmas,Rayo Vallecano,16:00,18.0,4,False,1,0.055882352941176466,0.947075208913649,10
2025-05-09,2x2,Sampdoria,Salernitana,15:30,19.0,5,False,1,0.05277777777777778,0.949868073878628,10
2025-05-09,2x2,Pharco,Petrojet,14:00,19.0,6,False,0,-1.0,0.949868073878628,10
2025-05-09,2x2,Cittadella,Bari,15:30,19.5,7,False,1,0.05135135135135135,0.9511568123393317,10
2025-05-09,2x2,Club Leon,Cruz Azul,00:10,20.0,8,False,1,0.049999999999999996,0.9523809523809524,10
2025-05-09,2x2,Cosenza,Cesena,15:30,20.0,9,False,1,0.049999999999999996,0.9523809523809524,10
2025-05-09,2x2,Coventry,Sunderland,16:00,20.0,10,False,1,0.049999999999999996,0.9523809523809524,10
2025-05-10,2x2,Auxerre,Nantes,16:00,17.0,1,True,1,0.059375,0.943952802359882,19
2025-05-10,2x2,A. Klagenfurt,Tirol,12:00,17.0,2,True,1,0.059375,0.943952802359882,19
2025-05-10,2x2,Union Berlin,Heidenheim,10:30,17.5,3,True,1,0.05757575757575757,0.9455587392550143,19
2025-05-10,2x2,Ipswich,Brentford,11:00,18.0,4,False,1,0.055882352941176466,0.947075208913649,19
2025-05-10,2x2,Sittard,NAC Breda,13:45,18.5,5,False,1,0.054285714285714284,0.948509485094851,19
2025-05-10,2x2,Gil Vicente,Arouca,16:30,18.5,6,False,1,0.054285714285714284,0.948509485094851,19
2025-05-10,2x2,Sundsvall,Vasteras SK,10:00,18.5,7,False,1,0.054285714285714284,0.948509485094851,19
2025-05-10,2x2,Gyeongnam,Bucheon FC 1995,04:30,18.5,8,False,1,0.054285714285714284,0.948509485094851,19
2025-05-10,2x2,Mirassol,Corinthians,18:30,19.0,9,False,1,0.05277777777777778,0.949868073878628,19
2025-05-10,2x2,Lazio,Juventus,13:00,19.5,10,False,1,0.05135135135135135,0.9511568123393317,19
2025-05-10,2x2,Celta Vigo,Sevilla,11:15,19.5,11,False,1,0.05135135135135135,0.9511568123393317,19
2025-05-10,2x2,Altach,Grazer AK,12:00,19.5,12,False,0,-1.0,0.9511568123393317,19
2025-05-10,2x2,Hamburger SV,Ulm,15:30,19.5,13,False,1,0.05135135135135135,0.9511568123393317,19
2025-05-10,2x2,Gremio,Bragantino,18:30,19.5,14,False,1,0.05135135135135135,0.9511568123393317,19
2025-05-10,2x2,Gijon,Dep. La Coruna,11:15,19.5,15,False,1,0.05135135135135135,0.9511568123393317,19
2025-05-10,2x2,Levadiakos,Athens Kallithea,11:00,20.0,16,False,1,0.049999999999999996,0.9523809523809524,19
2025-05-10,2x2,Oddevold,Orebro,10:00,20.0,17,False,1,0.049999999999999996,0.9523809523809524,19
2025-05-10,2x2,FC Cincinnati,Austin FC,20:30,20.0,18,False,1,0.049999999999999996,0.9523809523809524,19
2025-05-10,2x2,Houston Dynamo,Seattle Sounders,21:30,20.0,19,False,1,0.049999999999999996,0.9523809523809524,19
2025-05-11,2x2,Portimonense,FC Porto B,14:00,16.5,1,True,1,0.06129032258064516,0.9422492401215806,9
2025-05-11,2x2,Aarhus,Randers FC,11:00,17.5,2,True,1,0.05757575757575757,0.9455587392550143,9
2025-05-11,2x2,Bryne,Molde,12:00,18.0,3,True,1,0.055882352941176466,0.947075208913649,9
2025-05-11,2x2,Austria Vienna,SK Rapid,12:00,18.0,4,False,1,0.055882352941176466,0.947075208913649,9
2025-05-11,2x2,Kristiansund,Fredrikstad,12:00,18.0,5,False,1,0.055882352941176466,0.947075208913649,9
2025-05-11,2x2,Moreirense,Estoril,14:00,19.0,6,False,0,-1.0,0.949868073878628,9
2025-05-11,2x2,Chesterfield,Walsall,11:30,19.5,7,False,1,0.05135135135135135,0.9511568123393317,9
2025-05-11,2x2,Deportivo Garcilaso,Cusco,19:30,19.5,8,False,1,0.05135135135135135,0.9511568123393317,9
2025-05-11,2x2,Botafogo RJ,Internacional,20:00,20.0,9,False,1,0.049999999999999996,0.9523809523809524,9
2025-05-12,2x2,Goteborg,Djurgarden,14:10,17.5,1,True,1,0.05757575757575757,0.9455587392550143,1
2025-05-13,2x2,Real Sociedad,Celta Vigo,15:00,16.5,1,True,1,0.06129032258064516,0.9422492401215806,7
2025-05-13,2x2,Sudtirol,Bari,15:30,17.5,2,True,1,0.05757575757575757,0.9455587392550143,7
2025-05-13,2x2,Sunderland,Coventry,16:00,17.5,3,True,1,0.05757575757575757,0.9455587392550143,7
2025-05-13,2x2,Zamalek,Pyramids,14:00,18.5,4,False,1,0.054285714285714284,0.948509485094851,7
2025-05-13,2x2,Modena,Cesena,15:30,19.5,5,False,1,0.05135135135135135,0.9511568123393317,7
2025-05-13,2x2,Cittadella,Salernitana,15:30,19.5,6,False,1,0.05135135135135135,0.9511568123393317,7
2025-05-13,2x2,Juve Stabia,Sampdoria,15:30,20.0,7,False,1,0.049999999999999996,0.9523809523809524,7
2025-05-14,2x2,AC Milan,Bologna,16:00,17.0,1,True,1,0.059375,0.943952802359882,7
2025-05-14,2x2,Toronto FC,FC Cincinnati,20:30,17.0,2,True,1,0.059375,0.943952802359882,7
2025-05-14,2x2,Houston Dynamo,Minnesota United,21:30,18.0,3,True,1,0.055882352941176466,0.947075208913649,7
2025-05-14,2x2,Grasshoppers,Yverdon,15:30,18.0,4,False,1,0.055882352941176466,0.947075208913649,7
2025-05-14,2x2,Los Angeles FC,Seattle Sounders,23:30,18.5,5,False,1,0.054285714285714284,0.948509485094851,7
2025-05-14,2x2,Hacken,AIK,14:00,18.5,6,False,1,0.054285714285714284,0.948509485094851,7
2025-05-14,2x2,Beroe,Botev Plovdiv,11:45,19.5,7,False,1,0.05135135135135135,0.9511568123393317,7
2025-05-15,2x2,Rochdale,Southend,15:45,17.5,1,True,1,0.05757575757575757,0.9455587392550143,6
2025-05-15,2x2,Djurgarden,Mjallby,14:00,17.5,2,True,1,0.05757575757575757,0.9455587392550143,6
2025-05-15,2x2,Osasuna,Atl. Madrid,14:00,19.0,3,True,1,0.05277777777777778,0.949868073878628,6
2025-05-15,2x2,Cruz Azul,Club America,23:00,19.5,4,False,1,0.05135135135135135,0.9511568123393317,6
2025-05-15,2x2,Al Qadsiah,Al Wehda,12:55,20.0,5,False,1,0.049999999999999996,0.9523809523809524,6
2025-05-15,2x2,Espanyol,Barcelona,16:30,20.0,6,False,1,0.049999999999999996,0.9523809523809524,6
2025-05-16,2x2,Famalicao,Casa Pia,15:00,18.0,1,True,1,0.055882352941176466,0.947075208913649,5
2025-05-16,2x2,Walsall,Chesterfield,16:00,18.5,2,True,1,0.054285714285714284,0.948509485094851,5
2025-05-16,2x2,Otelul,Farul Constanta,12:00,19.0,3,True,1,0.05277777777777778,0.949868073878628,5
2025-05-16,2x2,Yunnan Yukun,Meizhou Hakka,09:00,19.5,4,False,1,0.05135135135135135,0.9511568123393317,5
2025-05-16,2x2,Levante,Albacete,15:30,19.5,5,False,1,0.05135135135135135,0.9511568123393317,5
2025-05-17,2x2,Melbourne Victory,Auckland FC,06:35,16.5,1,True,1,0.06129032258064516,0.9422492401215806,13
2025-05-17,2x2,Hoffenheim,Bayern Munich,10:30,16.5,2,True,1,0.06129032258064516,0.9422492401215806,13
2025-05-17,2x2,Austin FC,Vancouver Whitecaps,21:30,17.0,3,True,1,0.059375,0.943952802359882,13
2025-05-17,2x2,O'Higgins,U. Catolica,18:30,17.5,4,False,1,0.05757575757575757,0.9455587392550143,13
2025-05-17,2x2,FC Dallas,Houston Dynamo,21:30,17.5,5,False,1,0.05757575757575757,0.9455587392550143,13
2025-05-17,2x2,Arouca,Boavista,14:00,18.0,6,False,1,0.055882352941176466,0.947075208913649,13
2025-05-17,2x2,Varazdin,Osijek,12:00,19.0,7,False,1,0.05277777777777778,0.949868073878628,13
2025-05-17,2x2,CF Montreal,Toronto FC,15:30,19.5,8,False,1,0.05135135135135135,0.9511568123393317,13
2025-05-17,2x2,FC Porto B,Benfica B,07:00,19.5,9,False,1,0.05135135135135135,0.9511568123393317,13
2025-05-17,2x2,Nice,Brest,16:00,19.5,10,False,1,0.05135135135135135,0.9511568123393317,13
2025-05-17,2x2,Strasbourg,Le Havre,16:00,19.5,11,False,1,0.05135135135135135,0.9511568123393317,13
2025-05-17,2x2,AC Oulu,Mariehamn,11:00,20.0,12,False,1,0.049999999999999996,0.9523809523809524,13
2025-05-17,2x2,Macara,EL Nacional,21:00,20.0,13,False,1,0.049999999999999996,0.9523809523809524,13
2025-05-18,2x2,West Ham,Nottingham,10:15,16.5,1,True,1,0.06129032258064516,0.9422492401215806,14
2025-05-18,2x2,FC Koln,Kaiserslautern,10:30,17.0,2,True,1,0.059375,0.943952802359882,14
2025-05-18,2x2,Las Palmas,Leganes,14:00,17.0,3,True,1,0.059375,0.943952802359882,14
2025-05-18,2x2,Cagliari,Venezia,15:45,17.5,4,False,1,0.05757575757575757,0.9455587392550143,14
2025-05-18,2x2,Real Sociedad,Girona,14:00,18.0,5,False,1,0.055882352941176466,0.947075208913649,14
2025-05-18,2x2,Randers FC,FC Copenhagen,13:00,18.0,6,False,1,0.055882352941176466,0.947075208913649,14
2025-05-18,2x2,Verona,Como,15:45,18.5,7,False,1,0.054285714285714284,0.948509485094851,14
2025-05-18,2x2,Ajax,Twente,09:30,18.5,8,False,1,0.054285714285714284,0.948509485094851,14
2025-05-18,2x2,Club America,Cruz Azul,22:15,19.0,9,False,1,0.05277777777777778,0.949868073878628,14
2025-05-18,2x2,Oster,GAIS,11:30,19.0,10,False,1,0.05277777777777778,0.949868073878628,14
2025-05-18,2x2,Lexington,FC Tulsa,20:00,19.0,11,False,1,0.05277777777777778,0.949868073878628,14
2025-05-18,2x2,Darmstadt,Regensburg,10:30,19.5,12,False,1,0.05135135135135135,0.9511568123393317,14
2025-05-18,2x2,Fiorentina,Bologna,15:45,19.5,13,False,1,0.05135135135135135,0.9511568123393317,14
2025-05-18,2x2,Valencia,Ath Bilbao,14:00,20.0,14,False,1,0.049999999999999996,0.9523809523809524,14
2025-05-19,2x2,Cordoba,Mirandes,15:30,17.0,1,True,1,0.059375,0.943952802359882,4
2025-05-19,2x2,Chrobry Glogow,Ruch Chorzow,14:00,17.5,2,True,0,-1.0,0.9455587392550143,4
2025-05-19,2x2,FC Rapid Bucuresti,CFR Cluj,14:30,17.5,3,True,1,0.05757575757575757,0.9455587392550143,4
2025-05-19,2x2,Landskrona,Helsingborg,14:00,18.5,4,False,1,0.054285714285714284,0.948509485094851,4
2025-05-20,2x2,Crystal Palace,Wolves,16:00,15.5,1,True,1,0.06551724137931034,0.9385113268608415,2
2025-05-20,2x2,York City,Oldham,15:45,18.5,2,True,1,0.054285714285714284,0.948509485094851,2
2025-05-21,2x2,Metz,Reims,15:00,18.0,1,True,1,0.055882352941176466,0.947075208913649,3
2025-05-21,2x2,Catanzaro,Spezia,15:30,18.5,2,True,1,0.054285714285714284,0.948509485094851,3
2025-05-21,2x2,Falkenberg,Trelleborg,14:00,19.0,3,True,1,0.05277777777777778,0.949868073878628,3
2025-05-22,2x2,Varberg,Landskrona,14:00,17.5,1,True,1,0.05757575757575757,0.9455587392550143,1
2025-05-23,2x2,Tirol,Grazer AK,14:30,18.0,1,True,1,0.055882352941176466,0.947075208913649,2
2025-05-23,2x2,Odense,Esbjerg,14:00,19.5,2,True,1,0.05135135135135135,0.9511568123393317,2
2025-05-24,2x2,DC United,New York Red Bulls,20:30,17.0,1,True,1,0.059375,0.943952802359882,10
2025-05-24,2x2,Comerciantes Unidos,Cusco,15:00,18.0,2,True,1,0.055882352941176466,0.947075208913649,10
2025-05-24,2x2,Toronto FC,Nashville SC,20:30,18.0,3,True,1,0.055882352941176466,0.947075208913649,10
2025-05-24,2x2,Jaro,Gnistan,09:00,18.5,4,False,1,0.054285714285714284,0.948509485094851,10
2025-05-24,2x2,Coquimbo,Palestino,21:00,18.5,5,False,1,0.054285714285714284,0.948509485094851,10
2025-05-24,2x2,Varnamo,Oster,10:00,19.5,6,False,1,0.05135135135135135,0.9511568123393317,10
2025-05-24,2x2,Salzburg,SK Rapid,12:00,19.5,7,False,1,0.05135135135135135,0.9511568123393317,10
2025-05-24,2x2,Real Madrid,Real Sociedad,11:15,20.0,8,False,1,0.049999999999999996,0.9523809523809524,10
2025-05-24,2x2,Bryne,Fredrikstad,11:00,20.0,9,False,1,0.049999999999999996,0.9523809523809524,10
2025-05-24,2x2,Minnesota United,Austin FC,21:30,20.0,10,False,1,0.049999999999999996,0.9523809523809524,10
2025-05-25,2x2,Toluca,Club America,22:00,17.0,1,True,1,0.059375,0.943952802359882,10
2025-05-25,2x2,Eibar,Cordoba,13:30,17.5,2,True,1,0.05757575757575757,0.9455587392550143,10
2025-05-25,2x2,FC Copenhagen,Nordsjaelland,12:00,18.0,3,True,1,0.055882352941176466,0.947075208913649,10
2025-05-25,2x2,Gremio,Bahia,11:00,18.0,4,False,1,0.055882352941176466,0.947075208913649,10
2025-05-25,2x2,Cadiz CF,Huesca,13:30,18.0,5,False,1,0.055882352941176466,0.947075208913649,10
2025-05-25,2x2,Varberg,Kalmar,10:00,18.5,6,False,1,0.054285714285714284,0.948509485094851,10
2025-05-25,2x2,Brommapojkarna,AIK,11:30,18.5,7,False,1,0.054285714285714284,0.948509485094851,10
2025-05-25,2x2,Liverpool,Crystal Palace,12:00,19.0,8,False,1,0.05277777777777778,0.949868073878628,10
2025-05-25,2x2,Halmstad,Elfsborg,09:00,20.0,9,False,1,0.049999999999999996,0.9523809523809524,10
2025-05-25,2x2,Granada CF,Castellon,13:30,20.0,10,False,1,0.049999999999999996,0.9523809523809524,10
2025-05-26,2x2,KFUM Oslo,Valerenga,14:00,18.0,1,True,1,0.055882352941176466,0.947075208913649,3
2025-05-26,2x2,LASK,Hartberg,14:00,18.5,2,True,1,0.054285714285714284,0.948509485094851,3
2025-05-26,2x2,A. Italiano,Huachipato,20:30,20.0,3,True,1,0.049999999999999996,0.9523809523809524,3
2025-05-27,2x2,Wilstermann,Tomayapo,20:00,20.0,1,True,1,0.049999999999999996,0.9523809523809524,1
2025-05-28,2x2,DC United,New England Revolution,20:30,17.0,1,True,1,0.059375,0.943952802359882,4
2025-05-28,2x2,Fredrikstad,Rosenborg,14:00,17.5,2,True,1,0.05757575757575757,0.9455587392550143,4
2025-05-28,2x2,Ceramica Cleopatra,Pyramids,14:00,18.0,3,False,1,0.055882352941176466,0.947075208913649,4
2025-05-28,2x2,Bodo/Glimt,Viking,16:00,18.0,4,True,1,0.055882352941176466,0.947075208913649,4
2025-05-29,2x2,Antwerp,Charleroi,13:30,17.0,1,True,1,0.059375,0.943952802359882,3
2025-05-29,2x2,Reims,Metz,15:30,17.5,2,True,1,0.05757575757575757,0.9455587392550143,3
2025-05-29,2x2,Breidablik,Akranes,13:15,19.5,3,True,1,0.05135135135135135,0.9511568123393317,3
2025-05-30,2x2,Orebro,Brage,14:00,17.5,1,True,1,0.05757575757575757,0.9455587392550143,2
2025-05-30,2x2,Skeid,Hodd,14:00,19.0,2,True,1,0.05277777777777778,0.949868073878628,2
2025-05-31,2x2,Degerfors,Oster,10:00,19.0,1,True,1,0.05277777777777778,0.949868073878628,5
2025-05-31,2x2,Portuguesa,Universidad Central,20:30,19.0,2,True,1,0.05277777777777778,0.949868073878628,5
2025-05-31,2x2,Metropolitanos,Dep. Tachira,18:00,19.5,3,True,1,0.05135135135135135,0.9511568123393317,5
2025-05-31,2x2,Racing Club Ferrol,Gijon,11:15,19.5,4,False,1,0.05135135135135135,0.9511568123393317,5
2025-05-31,2x2,Kyoto,FC Tokyo,07:00,20.0,5,False,1,0.049999999999999996,0.9523809523809524,5
2025-06-01,2x2,Randers FC,Silkeborg,13:30,17.0,1,True,1,0.059375,0.943952802359882,11
2025-06-01,2x2,Fredrikstad,Sarpsborg 08,09:30,18.5,2,True,1,0.054285714285714284,0.948509485094851,11
2025-06-01,2x2,Oddevold,Landskrona,12:00,18.5,3,True,1,0.054285714285714284,0.948509485094851,11
2025-06-01,2x2,Helsingborg,Ostersund,10:00,19.0,4,False,1,0.05277777777777778,0.949868073878628,11
2025-06-01,2x2,Sirius,AIK,11:30,19.0,5,False,1,0.05277777777777778,0.949868073878628,11
2025-06-01,2x2,Oldham,Southend,11:00,19.5,6,False,1,0.05135135135135135,0.9511568123393317,11
2025-06-01,2x2,Spezia,Cremonese,15:30,19.5,7,False,1,0.05135135135135135,0.9511568123393317,11
2025-06-01,2x2,Juventude,Gremio,16:00,19.5,8,False,1,0.05135135135135135,0.9511568123393317,11
2025-06-01,2x2,Aucas,Barcelona SC,20:00,19.5,9,False,1,0.05135135135135135,0.9511568123393317,11
2025-06-01,2x2,Seattle Sounders,Minnesota United,19:00,19.5,10,False,1,0.05135135135135135,0.9511568123393317,11
2025-06-01,2x2,Halmstad,Djurgarden,09:00,20.0,11,False,1,0.049999999999999996,0.9523809523809524,11
2025-06-02,2x2,Valur,Fram,16:15,18.0,1,True,1,0.055882352941176466,0.947075208913649,1
2025-06-04,2x2,Montserrat,Belize,18:00,18.0,1,True,1,0.055882352941176466,0.947075208913649,1
2025-06-05,2x2,Spain,France,16:00,16.0,1,True,1,0.06333333333333332,0.9404388714733543,3
2025-06-05,2x2,Qatar,Iran,15:15,19.0,2,True,1,0.05277777777777778,0.949868073878628,3
2025-06-05,2x2,North Korea,Kyrgyzstan,15:15,19.5,3,True,0,-1.0,0.9511568123393317,3
2025-06-06,2x2,Norway,Italy,15:45,15.5,1,True,1,0.06551724137931034,0.9385113268608415,3
2025-06-06,2x2,Guatemala,Dominican Republic,23:00,19.5,2,True,1,0.05135135135135135,0.9511568123393317,3
2025-06-06,2x2,Hartford Athletic,North Carolina,20:30,20.0,3,True,1,0.049999999999999996,0.9523809523809524,3
2025-06-08,2x2,Vancouver Whitecaps,Seattle Sounders,22:00,18.5,1,True,1,0.054285714285714284,0.948509485094851,2
2025-06-08,2x2,Racing Santander,Mirandes,13:30,20.0,2,True,1,0.049999999999999996,0.9523809523809524,2
2025-06-10,2x2,Haiti,Curacao,19:00,17.0,1,True,1,0.059375,0.943952802359882,2
2025-06-10,2x2,Finland,Poland,15:45,19.5,2,True,1,0.05135135135135135,0.9511568123393317,2
2025-06-14,2x2,Austin FC,New York Red Bulls,21:30,18.5,1,True,1,0.054285714285714284,0.948509485094851,4
2025-06-14,2x2,Rhode Island,North Carolina,20:00,18.5,2,True,1,0.054285714285714284,0.948509485094851,4
2025-06-14,2x2,Ostersund,Oddevold,10:00,19.0,3,True,1,0.05277777777777778,0.949868073878628,4
2025-06-14,2x2,Falkenberg,Helsingborg,10:00,19.0,4,False,0,-1.0,0.949868073878628,4
2025-06-15,2x2,Vestri,KA Akureyri,11:00,20.0,1,True,1,0.049999999999999996,0.9523809523809524,1
2025-06-19,2x2,Deportes Tolima,Junior,18:00,19.0,1,True,1,0.05277777777777778,0.949868073878628,1
2025-06-21,2x2,Bodo/Glimt,Brann,13:00,19.0,1,True,1,0.05277777777777778,0.949868073878628,1
2025-06-22,2x2,LDU Quito,Ind. del Valle,14:00,17.5,1,True,1,0.05757575757575757,0.9455587392550143,5
2025-06-22,2x2,HamKam,Tromso,12:00,18.0,2,True,1,0.055882352941176466,0.947075208913649,5
2025-06-22,2x2,Oddevold,Varberg,12:00,18.0,3,False,1,0.055882352941176466,0.947075208913649,5
2025-06-22,2x2,Cobresal,Nublense,18:30,18.0,4,True,1,0.055882352941176466,0.947075208913649,5
2025-06-22,2x2,Viking,Fredrikstad,14:15,20.0,5,False,1,0.049999999999999996,0.9523809523809524,5
2025-06-25,2x2,Meizhou Hakka,Beijing Guoan,08:35,18.0,1,True,1,0.055882352941176466,0.947075208913649,2
2025-06-25,2x2,Toronto FC,New York Red Bulls,20:30,18.0,2,True,1,0.055882352941176466,0.947075208913649,2
2025-06-27,2x2,Binacional,Sport Huancayo,19:30,18.0,1,True,1,0.055882352941176466,0.947075208913649,2
2025-06-27,2x2,Dep. Cuenca,Mushuc Runa,21:00,19.5,2,True,1,0.05135135135135135,0.9511568123393317,2
2025-06-28,2x2,AC Oulu,VPS,17:00,17.5,1,True,1,0.05757575757575757,0.9455587392550143,3
2025-06-28,2x2,Suwon FC,Gangwon,07:00,19.0,2,True,1,0.05277777777777778,0.949868073878628,3
2025-06-28,2x2,Trelleborg,Oddevold,10:00,20.0,3,True,1,0.049999999999999996,0.9523809523809524,3
2025-06-29,2x2,Qingdao West Coast,Qingdao Hainiu,07:30,18.5,1,True,1,0.054285714285714284,0.948509485094851,3
2025-06-29,2x2,Fredrikstad,Tromso,12:00,19.5,2,True,1,0.05135135135135135,0.9511568123393317,3
2025-06-29,2x2,Molde,KFUM Oslo,12:00,19.5,3,True,1,0.05135135135135135,0.9511568123393317,3
2025-06-30,2x2,Mjallby,Malmo FF,14:00,16.5,1,True,1,0.06129032258064516,0.9422492401215806,2
2025-06-30,2x2,Vinotinto,Aucas,21:00,19.0,2,True,1,0.05277777777777778,0.949868073878628,2
2025-07-04,2x2,Libertad,Dep. Cuenca,21:00,18.0,1,True,1,0.055882352941176466,0.947075208913649,2
2025-07-04,2x2,Colorado Springs,Louisville City,22:00,18.5,2,True,1,0.054285714285714284,0.948509485094851,2
2025-07-05,2x2,Universitario de Vinto,Aurora,21:00,18.0,1,True,1,0.055882352941176466,0.947075208913649,3
2025-07-05,2x2,Kyoto,Albirex Niigata,07:00,18.5,2,True,1,0.054285714285714284,0.948509485094851,3
2025-07-05,2x2,Kristiansund,Bodo/Glimt,15:00,19.0,3,True,1,0.05277777777777778,0.949868073878628,3
2025-07-06,2x2,Sarpsborg 08,Haugesund,09:30,20.0,1,True,1,0.049999999999999996,0.9523809523809524,1
2025-07-11,2x2,FC Arges,FC Rapid Bucuresti,15:30,19.5,1,True,1,0.05135135135135135,0.9511568123393317,3
2025-07-11,2x2,Puebla,Atlas,22:00,20.0,2,True,1,0.049999999999999996,0.9523809523809524,3
2025-07-11,2x2,Once Caldas,Atl. Nacional,22:10,20.0,3,True,1,0.049999999999999996,0.9523809523809524,3
2025-07-12,2x2,Santos Laguna,UNAM Pumas,22:00,18.0,1,True,1,0.055882352941176466,0.947075208913649,3
2025-07-12,2x2,Austin FC,New England Revolution,21:30,18.5,2,True,1,0.054285714285714284,0.948509485094851,3
2025-07-12,2x2,Orlando City,CF Montreal,20:30,20.0,3,True,1,0.049999999999999996,0.9523809523809524,3
2025-07-13,2x2,GAIS,Hammarby,09:00,17.5,1,True,1,0.05757575757575757,0.9455587392550143,4
2025-07-13,2x2,Haugesund,KFUM Oslo,12:00,19.0,2,True,1,0.05277777777777778,0.949868073878628,4
2025-07-13,2x2,Metropolitanos,Caracas,18:00,20.0,3,True,1,0.049999999999999996,0.9523809523809524,4
2025-07-13,2x2,Pachuca,Monterrey,20:00,20.0,4,False,1,0.049999999999999996,0.9523809523809524,4
2025-07-14,2x2,Viimsi JK,FC Tallinn,13:00,20.0,1,True,1,0.049999999999999996,0.9523809523809524,2
2025-07-14,2x2,Atl. Tembetary,Recoleta,18:30,20.0,2,True,1,0.049999999999999996,0.9523809523809524,2
2025-07-16,2x2,Huachipato,Nublense,16:00,18.0,1,True,1,0.055882352941176466,0.947075208913649,1
2025-07-18,2x2,Suwon FC,Gwangju FC,07:30,18.5,1,True,1,0.054285714285714284,0.948509485094851,3
2025-07-18,2x2,Deportivo Garcilaso,Los Chankas,21:00,19.5,2,True,1,0.05135135135135135,0.9511568123393317,3
2025-07-18,2x2,Changchun Yatai,Shanghai Port,05:30,20.0,3,True,1,0.049999999999999996,0.9523809523809524,3
2025-07-19,2x2,KFUM Oslo,Brann,09:00,17.0,1,True,1,0.059375,0.943952802359882,7
2025-07-19,2x2,Ostersund,Falkenberg,10:00,17.0,2,True,1,0.059375,0.943952802359882,7
2025-07-19,2x2,Shenzhen Xinpengcheng,Qingdao Hainiu,08:35,18.5,3,True,1,0.054285714285714284,0.948509485094851,7
2025-07-19,2x2,Wisla Plock,Korona Kielce,12:30,18.5,4,False,1,0.054285714285714284,0.948509485094851,7
2025-07-19,2x2,Fortaleza,Bahia,16:00,19.0,5,False,1,0.05277777777777778,0.949868073878628,7
2025-07-19,2x2,Degerfors,GAIS,12:30,19.5,6,False,1,0.05135135135135135,0.9511568123393317,7
2025-07-19,2x2,U. Espanola,Union La Calera,13:30,19.5,7,False,1,0.05135135135135135,0.9511568123393317,7
2025-07-20,2x2,FC Rapid Bucuresti,CFR Cluj,15:30,17.5,1,True,1,0.05757575757575757,0.9455587392550143,8
2025-07-20,2x2,Sonderjyske,Aarhus,11:00,18.0,2,True,1,0.055882352941176466,0.947075208913649,8
2025-07-20,2x2,HamKam,Fredrikstad,14:15,18.0,3,True,1,0.055882352941176466,0.947075208913649,8
2025-07-20,2x2,UNAM Pumas,Pachuca,15:00,18.5,4,False,1,0.054285714285714284,0.948509485094851,8
2025-07-20,2x2,Nublense,U. De Chile,16:00,18.5,5,False,0,-1.0,0.948509485094851,8
2025-07-20,2x2,Midtjylland,Odense,13:00,19.5,6,False,1,0.05135135135135135,0.9511568123393317,8
2025-07-20,2x2,Juan Pablo II,Sport Boys,17:30,20.0,7,False,1,0.049999999999999996,0.9523809523809524,8
2025-07-20,2x2,Belgrano,Racing Club,19:00,20.0,8,False,1,0.049999999999999996,0.9523809523809524,8
2025-07-21,2x2,Spartak Varna,Beroe,15:15,16.5,1,True,1,0.06129032258064516,0.9422492401215806,1
2025-07-23,2x2,Klubi 04,SalPa,12:30,18.0,1,True,1,0.055882352941176466,0.947075208913649,1
2025-07-24,2x2,Barcelona SC,LDU Quito,21:00,18.0,1,True,1,0.055882352941176466,0.947075208913649,1
2025-07-25,2x2,Puebla,Santos Laguna,22:00,18.5,1,True,1,0.054285714285714284,0.948509485094851,4
2025-07-25,2x2,Aarhus,Randers FC,14:00,19.0,2,True,1,0.05277777777777778,0.949868073878628,4
2025-07-25,2x2,Binacional,Cajamarca,20:00,19.0,3,True,1,0.05277777777777778,0.949868073878628,4
2025-07-25,2x2,Limache,Nublense,20:00,20.0,4,False,1,0.049999999999999996,0.9523809523809524,4
2025-07-26,2x2,Asane,Hodd,09:00,17.0,1,True,0,-1.0,0.943952802359882,9
2025-07-26,2x2,Cheonan City,Gyeongnam,07:00,18.0,2,True,1,0.055882352941176466,0.947075208913649,9
2025-07-26,2x2,Oddevold,Sandviken,10:00,18.0,3,True,1,0.055882352941176466,0.947075208913649,9
2025-07-26,2x2,UTA Arad,FC Hermannstadt,12:30,18.0,4,False,1,0.055882352941176466,0.947075208913649,9
2025-07-26,2x2,La Serena,Cobresal,16:00,18.0,5,False,1,0.055882352941176466,0.947075208913649,9
2025-07-26,2x2,DC United,Austin FC,20:30,18.0,6,False,1,0.055882352941176466,0.947075208913649,9
2025-07-26,2x2,Charlotte,Toronto FC,20:30,19.0,7,False,1,0.05277777777777778,0.949868073878628,9
2025-07-26,2x2,Fortaleza,Bragantino,18:30,20.0,8,False,1,0.049999999999999996,0.9523809523809524,9
2025-07-26,2x2,Vancouver Whitecaps,Sporting Kansas City,23:30,20.0,9,False,1,0.049999999999999996,0.9523809523809524,9
2025-07-27,2x2,Rosenborg,Tromso,09:30,17.0,1,True,1,0.059375,0.943952802359882,6
2025-07-27,2x2,Shandong Taishan,Meizhou Hakka,09:00,18.0,2,True,1,0.055882352941176466,0.947075208913649,6
2025-07-27,2x2,Jagiellonia,Widzew Lodz,12:30,18.0,3,True,1,0.055882352941176466,0.947075208913649,6
2025-07-27,2x2,Deportes Iquique,A. Italiano,19:00,18.0,4,False,1,0.055882352941176466,0.947075208913649,6
2025-07-27,2x2,Shanghai Shenhua,Henan Songshan Longmen,08:35,19.0,5,False,1,0.05277777777777778,0.949868073878628,6
2025-07-27,2x2,Comerciantes Unidos,Deportivo Garcilaso,17:15,20.0,6,False,1,0.049999999999999996,0.9523809523809524,6
2025-07-28,2x2,SJK Akatemia,SalPa,12:30,18.5,1,True,1,0.054285714285714284,0.948509485094851,1
2025-07-29,2x2,Thor Akureyri,Grindavik,15:00,19.5,1,True,1,0.05135135135135135,0.9511568123393317,1
2025-08-01,2x2,Zaglebie,Korona Kielce,13:00,18.0,1,True,1,0.055882352941176466,0.947075208913649,4
2025-08-01,2x2,Deportivo Garcilaso,Cienciano,21:00,18.0,2,True,1,0.055882352941176466,0.947075208913649,4
2025-08-01,2x2,A. Italiano,Palestino,20:00,19.5,3,True,1,0.05135135135135135,0.9511568123393317,4
2025-08-01,2x2,Wisla Plock,Piast Gliwice,15:30,20.0,4,False,1,0.049999999999999996,0.9523809523809524,4
2025-08-02,2x2,Yunnan Yukun,Shanghai Shenhua,07:00,17.5,1,True,1,0.05757575757575757,0.9455587392550143,11
2025-08-02,2x2,Primorje,Bravo,15:15,17.5,2,True,1,0.05757575757575757,0.9455587392550143,11
2025-08-02,2x2,Ried,Salzburg,14:30,18.0,3,True,0,-1.0,0.947075208913649,11
2025-08-02,2x2,Chengdu Rongcheng,Shandong Taishan,08:35,18.0,4,False,1,0.055882352941176466,0.947075208913649,11
2025-08-02,2x2,Tirol,Hartberg,12:00,18.5,5,False,1,0.054285714285714284,0.948509485094851,11
2025-08-02,2x2,Lincoln,Reading,11:00,19.0,6,False,1,0.05277777777777778,0.949868073878628,11
2025-08-02,2x2,Rayo Zuliano,Estudiantes Merida,16:30,19.0,7,False,1,0.05277777777777778,0.949868073878628,11
2025-08-02,2x2,Trelleborg,Kalmar,10:00,19.5,8,False,1,0.05135135135135135,0.9511568123393317,11
2025-08-02,2x2,Wolfsberger AC,Altach,12:00,19.5,9,False,1,0.05135135135135135,0.9511568123393317,11
2025-08-02,2x2,Blackpool,Stevenage,11:00,19.5,10,False,1,0.05135135135135135,0.9511568123393317,11
2025-08-02,2x2,Sport Recife,Bahia,16:00,20.0,11,False,1,0.049999999999999996,0.9523809523809524,11
2025-08-03,2x2,KFUM Oslo,Rosenborg,12:00,17.5,1,True,1,0.05757575757575757,0.9455587392550143,4
2025-08-03,2x2,CFR Cluj,Univ. Craiova,15:30,18.0,2,True,1,0.055882352941176466,0.947075208913649,4
2025-08-03,2x2,Olimpia Asuncion,Cerro Porteno,16:00,18.5,3,True,1,0.054285714285714284,0.948509485094851,4
2025-08-03,2x2,Libertad,Emelec,20:00,19.0,4,False,1,0.05277777777777778,0.949868073878628,4
2025-08-04,2x2,Hvidovre IF,Horsens,14:00,17.0,1,True,1,0.059375,0.943952802359882,1
2025-08-05,2x2,Accrington,Oldham,15:45,17.5,1,True,1,0.05757575757575757,0.9455587392550143,2
2025-08-05,2x2,Alianza Lima,Sporting Cristal,22:00,18.5,2,True,1,0.054285714285714284,0.948509485094851,2
2025-08-07,2x2,Port Vale,Cardiff,16:00,17.0,1,True,1,0.059375,0.943952802359882,1
2025-08-08,2x2,Korona Kielce,Radomiak Radom,13:00,17.5,1,True,1,0.05757575757575757,0.9455587392550143,5
2025-08-08,2x2,Birmingham,Ipswich,16:00,18.0,2,True,1,0.055882352941176466,0.947075208913649,5
2025-08-08,2x2,Comerciantes Unidos,Cienciano,17:00,18.5,3,True,1,0.054285714285714284,0.948509485094851,5
2025-08-08,2x2,Orense,U. Catolica,21:00,19.0,4,False,1,0.05277777777777778,0.949868073878628,5
2025-08-08,2x2,IR Reykjavik,Fjolnir,16:15,20.0,5,False,1,0.049999999999999996,0.9523809523809524,5
2025-08-09,2x2,Reading,Huddersfield,08:30,17.0,1,True,1,0.059375,0.943952802359882,10
2025-08-09,2x2,Penarol,Nacional,15:00,18.0,2,True,1,0.055882352941176466,0.947075208913649,10
2025-08-09,2x2,Middlesbrough,Swansea,11:00,18.5,3,True,1,0.054285714285714284,0.948509485094851,10
2025-08-09,2x2,Fortaleza,Botafogo RJ,20:30,18.5,4,False,1,0.054285714285714284,0.948509485094851,10
2025-08-09,2x2,Austin FC,Houston Dynamo,21:30,19.0,5,False,0,-1.0,0.949868073878628,10
2025-08-09,2x2,Oxford Utd,Portsmouth,11:00,19.0,6,False,1,0.05277777777777778,0.949868073878628,10
2025-08-09,2x2,Charlton,Watford,08:30,20.0,7,False,1,0.049999999999999996,0.9523809523809524,10
2025-08-09,2x2,Dunkerque,Clermont,15:00,20.0,8,False,0,-1.0,0.9523809523809524,10
2025-08-09,2x2,Bragantino,Internacional,18:30,20.0,9,False,1,0.049999999999999996,0.9523809523809524,10
2025-08-09,2x2,Laval,St Etienne,15:00,20.0,10,False,1,0.049999999999999996,0.9523809523809524,10
2025-08-10,2x2,Haugesund,Sarpsborg 08,12:00,17.5,1,True,1,0.05757575757575757,0.9455587392550143,9
2025-08-10,2x2,Bryne,KFUM Oslo,12:00,18.0,2,True,1,0.055882352941176466,0.947075208913649,9
2025-08-10,2x2,Chaves,Benfica B,07:00,18.5,3,True,1,0.054285714285714284,0.948509485094851,9
2025-08-10,2x2,Slaven Belupo,Varazdin,13:45,19.0,4,False,1,0.05277777777777778,0.949868073878628,9
2025-08-10,2x2,Jagiellonia,Cracovia,12:30,19.5,5,False,1,0.05135135135135135,0.9511568123393317,9
2025-08-10,2x2,Estudiantes Merida,Caracas,19:00,19.5,6,False,1,0.05135135135135135,0.9511568123393317,9
2025-08-10,2x2,Mazatlan FC,Club Tijuana,00:00,20.0,7,False,0,-1.0,0.9523809523809524,9
2025-08-10,2x2,Midtjylland,Fredericia,09:00,20.0,8,False,1,0.049999999999999996,0.9523809523809524,9
2025-08-10,2x2,RAAL La Louviere,Charleroi,08:30,20.0,9,False,1,0.049999999999999996,0.9523809523809524,9
2025-08-11,2x2,Elfsborg,Varnamo,14:00,18.5,1,True,0,-1.0,0.948509485094851,2
2025-08-11,2x2,Limache,A. Italiano,20:00,19.5,2,True,1,0.05135135135135135,0.9511568123393317,2
2025-08-12,2x2,Blackpool,Port Vale,15:45,17.5,1,True,1,0.05757575757575757,0.9455587392550143,2
2025-08-12,2x2,Bristol Rovers,Cambridge Utd,15:45,18.5,2,True,1,0.054285714285714284,0.948509485094851,2
2025-08-13,2x2,Fjolnir,Njardvik,15:30,18.0,1,True,1,0.055882352941176466,0.947075208913649,1
2025-08-15,2x2,Aalborg,Horsens,14:00,16.5,1,True,1,0.06129032258064516,0.9422492401215806,11
2025-08-15,2x2,Briton Ferry,Cardiff Metropolitan,15:45,18.0,2,True,1,0.055882352941176466,0.947075208913649,11
2025-08-15,2x2,Cracovia,Widzew Lodz,15:30,18.5,3,True,1,0.054285714285714284,0.948509485094851,11
2025-08-15,2x2,Empoli,Reggiana,13:00,19.0,4,False,1,0.05277777777777778,0.949868073878628,11
2025-08-15,2x2,Hvidovre IF,Aarhus Fremad,14:00,19.0,5,False,1,0.05277777777777778,0.949868073878628,11
2025-08-15,2x2,Recoleta,General Caballero JLM,18:30,19.0,6,False,1,0.05277777777777778,0.949868073878628,11
2025-08-15,2x2,Girona,Rayo Vallecano,14:00,19.0,7,False,1,0.05277777777777778,0.949868073878628,11
2025-08-15,2x2,JaPS,SalPa,12:30,20.0,8,False,1,0.049999999999999996,0.9523809523809524,11
2025-08-15,2x2,Grenoble,Laval,15:00,20.0,9,False,1,0.049999999999999996,0.9523809523809524,11
2025-08-15,2x2,Oddevold,Trelleborg,14:00,20.0,10,False,1,0.049999999999999996,0.9523809523809524,11
2025-08-15,2x2,Stromsgodset,Bodo/Glimt,14:00,20.0,11,False,1,0.049999999999999996,0.9523809523809524,11
2025-08-16,2x2,Portsmouth,Norwich,08:30,17.0,4,True,1,0.059375,0.943952802359882,21
2025-08-16,2x2,Nice,Toulouse,16:05,17.5,2,True,1,0.05757575757575757,0.9455587392550143,21
2025-08-16,2x2,Sunderland,West Ham,11:00,17.5,3,True,1,0.05757575757575757,0.9455587392550143,21
2025-08-16,2x2,Portsmouth,Norwich,08:30,18.0,4,True,1,0.055882352941176466,0.947075208913649,21
2025-08-16,2x2,Groningen,Heerenveen,16:00,18.0,5,False,1,0.055882352941176466,0.947075208913649,21
2025-08-16,2x2,Blackpool,Huddersfield,11:00,18.0,9,False,1,0.055882352941176466,0.947075208913649,21
2025-08-16,2x2,Tigres UANL,Club America,22:00,18.0,7,False,1,0.055882352941176466,0.947075208913649,21
2025-08-16,2x2,Inter Miami,Los Angeles Galaxy,20:30,18.0,8,False,1,0.055882352941176466,0.947075208913649,21
2025-08-16,2x2,Blackpool,Huddersfield,11:00,18.5,9,False,1,0.054285714285714284,0.948509485094851,21
2025-08-16,2x2,Exeter,Mansfield,08:30,18.5,10,False,1,0.054285714285714284,0.948509485094851,21
2025-08-16,2x2,Swansea,Sheffield Utd,11:00,18.5,11,False,1,0.054285714285714284,0.948509485094851,21
2025-08-16,2x2,Grazer AK,Tirol,12:00,19.0,12,False,1,0.05277777777777778,0.949868073878628,21
2025-08-16,2x2,Wrexham,West Brom,08:30,19.0,13,False,1,0.05277777777777778,0.949868073878628,21
2025-08-16,2x2,Granada CF,Dep. La Coruna,16:30,19.0,14,False,1,0.05277777777777778,0.949868073878628,21
2025-08-16,2x2,Wigan,Peterborough,11:00,19.5,19,False,1,0.05135135135135135,0.9511568123393317,21
2025-08-16,2x2,Sheffield Wed,Stoke,11:00,19.5,16,False,1,0.05135135135135135,0.9511568123393317,21
2025-08-16,2x2,Orlando City,Sporting Kansas City,20:30,19.5,17,False,1,0.05135135135135135,0.9511568123393317,21
2025-08-16,2x2,Binacional,Sporting Cristal,19:30,19.5,18,False,1,0.05135135135135135,0.9511568123393317,21
2025-08-16,2x2,Wigan,Peterborough,11:00,19.5,19,False,1,0.05135135135135135,0.9511568123393317,21
2025-08-16,2x2,Middelfart,Koge,09:00,20.0,20,False,0,-1.0,0.9523809523809524,21
2025-08-16,2x2,Burton,Port Vale,08:30,20.0,21,False,1,0.049999999999999996,0.9523809523809524,21
2025-08-17,2x2,Twente,PSV,09:30,17.0,1,True,1,0.059375,0.943952802359882,14
2025-08-17,2x2,Auxerre,Lorient,12:15,17.0,2,True,1,0.059375,0.943952802359882,14
2025-08-17,2x2,Huachipato,Limache,16:00,17.0,3,True,1,0.059375,0.943952802359882,14
2025-08-17,2x2,HamKam,Bryne,12:00,17.5,4,False,1,0.05757575757575757,0.9455587392550143,14
2025-08-17,2x2,Charleroi,Antwerp,13:30,17.5,5,False,1,0.05757575757575757,0.9455587392550143,14
2025-08-17,2x2,FC Rapid Bucuresti,FCSB,15:30,17.5,6,False,0,-1.0,0.9455587392550143,14
2025-08-17,2x2,FC Volendam,AZ Alkmaar,11:45,18.5,7,False,0,-1.0,0.948509485094851,14
2025-08-17,2x2,Haka,HJK,09:00,18.5,8,False,1,0.054285714285714284,0.948509485094851,14
2025-08-17,2x2,Queretaro,Atlas,19:00,18.5,9,False,1,0.054285714285714284,0.948509485094851,14
2025-08-17,2x2,NAC Breda,Sittard,15:00,18.5,10,False,1,0.054285714285714284,0.948509485094851,14
2025-08-17,2x2,Nottingham,Brentford,10:00,18.5,11,False,1,0.054285714285714284,0.948509485094851,14
2025-08-17,2x2,Mjallby,Djurgarden,11:30,19.5,12,False,1,0.05135135135135135,0.9511568123393317,14
2025-08-17,2x2,Angers,Paris FC,12:15,19.5,13,False,1,0.05135135135135135,0.9511568123393317,14
2025-08-17,2x2,Santos,Vasco,16:00,19.5,14,False,1,0.05135135135135135,0.9511568123393317,14
2025-08-18,2x2,Preussen Munster,Hertha Berlin,13:00,17.5,1,True,1,0.05757575757575757,0.9455587392550143,8
2025-08-18,2x2,Le Mans,Montpellier,15:45,17.5,2,True,1,0.05757575757575757,0.9455587392550143,8
2025-08-18,2x2,Gijon,Cordoba,14:00,18.0,3,True,1,0.055882352941176466,0.947075208913649,8
2025-08-18,2x2,Asane,Raufoss,14:00,18.0,4,False,1,0.055882352941176466,0.947075208913649,8
2025-08-18,2x2,Elche,Betis,16:00,19.0,5,False,1,0.05277777777777778,0.949868073878628,8
2025-08-18,2x2,Leeds,Everton,16:00,19.0,6,False,1,0.05277777777777778,0.949868073878628,8
2025-08-18,2x2,Mirassol,Cruzeiro,20:00,19.5,7,False,1,0.05135135135135135,0.9511568123393317,8
2025-08-18,2x2,FK Zorya Luhansk,Kryvbas,12:00,20.0,8,False,1,0.049999999999999996,0.9523809523809524,8
2025-08-19,2x2,Polonia Warszawa,Wieczysta Krakow,13:00,17.5,1,True,1,0.05757575757575757,0.9455587392550143,3
2025-08-19,2x2,Mansfield,Blackpool,15:45,17.5,2,True,1,0.05757575757575757,0.9455587392550143,3
2025-08-19,2x2,Huddersfield,Doncaster,15:45,19.5,3,True,1,0.05135135135135135,0.9511568123393317,3
2025-08-22,2x2,Rodez,Laval,15:00,16.5,1,True,1,0.06129032258064516,0.9422492401215806,9
2025-08-22,2x2,Domzale,Aluminij,15:15,17.0,2,True,1,0.059375,0.943952802359882,9
2025-08-22,2x2,Preussen Munster,Nurnberg,13:30,17.5,3,True,1,0.05757575757575757,0.9455587392550143,9
2025-08-22,2x2,UTA Arad,Unirea Slobozia,13:00,18.0,4,False,1,0.055882352941176466,0.947075208913649,9
2025-08-22,2x2,Clermont,Grenoble,15:00,18.0,5,False,1,0.055882352941176466,0.947075208913649,9
2025-08-22,2x2,Queretaro,Atl. San Luis,22:00,18.0,6,False,1,0.055882352941176466,0.947075208913649,9
2025-08-22,2x2,De Graafschap,Maastricht,15:00,19.0,7,False,1,0.05277777777777778,0.949868073878628,9
2025-08-22,2x2,TPS,SJK Akatemia,12:30,19.0,8,False,1,0.05277777777777778,0.949868073878628,9
2025-08-22,2x2,Le Mans,Bastia,15:00,19.5,9,False,1,0.05135135135135135,0.9511568123393317,9
2025-08-23,2x2,Mansfield,Leyton Orient,11:00,17.5,1,True,1,0.05757575757575757,0.9455587392550143,16
2025-08-23,2x2,Norwich,Middlesbrough,11:00,17.5,2,True,1,0.05757575757575757,0.9455587392550143,16
2025-08-23,2x2,K. Lierse S.K.,Eupen,15:00,18.0,3,True,1,0.055882352941176466,0.947075208913649,16
2025-08-23,2x2,Arouca,Rio Ave,16:30,18.5,4,False,1,0.054285714285714284,0.948509485094851,16
2025-08-23,2x2,Sp. Luqueno,Recoleta,18:30,18.5,5,False,1,0.054285714285714284,0.948509485094851,16
2025-08-23,2x2,AFC Wimbledon,Barnsley,11:00,19.0,6,False,1,0.05277777777777778,0.949868073878628,16
2025-08-23,2x2,Charlton,Leicester,08:30,19.0,7,False,1,0.05277777777777778,0.949868073878628,16
2025-08-23,2x2,Manchester City,Tottenham,08:30,19.0,8,False,1,0.05277777777777778,0.949868073878628,16
2025-08-23,2x2,Vancouver Whitecaps,St. Louis City,22:30,19.0,9,False,1,0.05277777777777778,0.949868073878628,16
2025-08-23,2x2,Ceuta,Gijon,14:00,19.5,10,False,1,0.05135135135135135,0.9511568123393317,16
2025-08-23,2x2,Freiburg,Augsburg,10:30,19.5,11,False,1,0.05135135135135135,0.9511568123393317,16
2025-08-23,2x2,Wycombe,Reading,11:00,19.5,12,False,0,-1.0,0.9511568123393317,16
2025-08-23,2x2,Mazatlan FC,Tigres UANL,22:00,19.5,13,False,0,-1.0,0.9511568123393317,16
2025-08-23,2x2,AS Roma,Bologna,15:45,19.5,14,False,1,0.05135135135135135,0.9511568123393317,16
2025-08-23,2x2,Luton,Cardiff,08:30,20.0,15,False,1,0.049999999999999996,0.9523809523809524,16
2025-08-23,2x2,Entella,Juve Stabia,14:00,20.0,16,False,1,0.049999999999999996,0.9523809523809524,16
2025-08-24,2x2,Como,Lazio,13:30,16.5,1,True,1,0.06129032258064516,0.9422492401215806,14
2025-08-24,2x2,Lorient,Rennes,10:00,17.0,2,True,1,0.059375,0.943952802359882,14
2025-08-24,2x2,Toulouse,Brest,12:15,18.0,3,True,1,0.055882352941176466,0.947075208913649,14
2025-08-24,2x2,Everton,Brighton,10:00,18.0,4,False,1,0.055882352941176466,0.947075208913649,14
2025-08-24,2x2,La Serena,Huachipato,13:30,18.0,5,False,1,0.055882352941176466,0.947075208913649,14
2025-08-24,2x2,Cagliari,Fiorentina,13:30,18.0,6,False,1,0.055882352941176466,0.947075208913649,14
2025-08-24,2x2,Fortaleza,Mirassol,18:30,18.5,7,False,1,0.054285714285714284,0.948509485094851,14
2025-08-24,2x2,Crystal Palace,Nottingham,10:00,18.5,8,False,1,0.054285714285714284,0.948509485094851,14
2025-08-24,2x2,Deportes Iquique,Nublense,18:30,19.0,9,False,1,0.05277777777777778,0.949868073878628,14
2025-08-24,2x2,Haugesund,Valerenga,09:30,19.0,10,False,1,0.05277777777777778,0.949868073878628,14
2025-08-24,2x2,Den Bosch,Oss,11:45,19.5,11,False,1,0.05135135135135135,0.9511568123393317,14
2025-08-24,2x2,Seattle Sounders,Sporting Kansas City,22:15,19.5,12,False,1,0.05135135135135135,0.9511568123393317,14
2025-08-24,2x2,Osasuna,Valencia,12:00,20.0,13,False,1,0.049999999999999996,0.9523809523809524,14
2025-08-24,2x2,Hradec Kralove,Sigma Olomouc,10:00,20.0,14,False,1,0.049999999999999996,0.9523809523809524,14
2025-08-25,2x2,Yeovil,Gateshead,11:00,18.0,1,True,1,0.055882352941176466,0.947075208913649,7
2025-08-25,2x2,Crotone,Benevento,16:00,18.0,2,True,1,0.055882352941176466,0.947075208913649,7
2025-08-25,2x2,Cordoba,Las Palmas,16:30,18.5,3,True,1,0.054285714285714284,0.948509485094851,7
2025-08-25,2x2,Tamworth,Brackley Town,11:00,18.5,4,False,1,0.054285714285714284,0.948509485094851,7
2025-08-25,2x2,Slavia Sofia,Arda,13:00,19.5,5,False,1,0.05135135135135135,0.9511568123393317,7
2025-08-25,2x2,Wisla Plock,Zaglebie,14:00,20.0,6,False,1,0.049999999999999996,0.9523809523809524,7
2025-08-25,2x2,Estrela,Alverca,16:15,20.0,7,False,0,-1.0,0.9523809523809524,7
2025-08-26,2x2,Millwall,Coventry,15:45,17.5,1,True,1,0.05757575757575757,0.9455587392550143,4
2025-08-26,2x2,Valur,Afturelding,16:15,18.0,2,True,1,0.055882352941176466,0.947075208913649,4
2025-08-26,2x2,Bromley,Wycombe,15:45,18.5,3,True,1,0.054285714285714284,0.948509485094851,4
2025-08-26,2x2,Preston,Wrexham,15:45,20.0,4,False,1,0.049999999999999996,0.9523809523809524,4
2025-08-27,2x2,Celta Vigo,Betis,16:00,17.0,1,True,1,0.059375,0.943952802359882,1
2025-08-28,2x2,Lahti,Klubi 04,12:30,19.5,1,True,0,-1.0,0.9511568123393317,1
2025-08-29,2x2,Cremonese,Sassuolo,13:30,17.0,1,True,1,0.059375,0.943952802359882,8
2025-08-29,2x2,Arka Gdynia,Wisla Plock,13:00,17.5,2,True,1,0.05757575757575757,0.9455587392550143,8
2025-08-29,2x2,Hamburger SV,St. Pauli,15:30,17.5,3,True,1,0.05757575757575757,0.9455587392550143,8
2025-08-29,2x2,Real Sociedad B,Almeria,14:30,18.5,4,False,0,-1.0,0.948509485094851,8
2025-08-29,2x2,Leicester,Birmingham,16:00,19.0,5,False,1,0.05277777777777778,0.949868073878628,8
2025-08-29,2x2,Den Haag,Helmond,15:00,19.5,6,False,1,0.05135135135135135,0.9511568123393317,8
2025-08-29,2x2,Elche,Levante,14:30,20.0,7,False,1,0.049999999999999996,0.9523809523809524,8
2025-08-29,2x2,Atalanta U23,Casarano,16:00,20.0,8,False,1,0.049999999999999996,0.9523809523809524,8
2025-08-30,2x2,Exeter,Peterborough,11:00,17.0,1,True,1,0.059375,0.943952802359882,21
2025-08-30,2x2,Blackpool,Bolton,11:00,17.0,2,False,1,0.059375,0.943952802359882,21
2025-08-30,2x2,Sporting CP,FC Porto,16:30,17.0,3,True,1,0.059375,0.943952802359882,21
2025-08-30,2x2,Girona,Sevilla,14:30,17.0,4,True,1,0.059375,0.943952802359882,21
2025-08-30,2x2,Middlesbrough,Sheffield Utd,08:30,17.5,5,False,1,0.05757575757575757,0.9455587392550143,21
2025-08-30,2x2,Watford,Southampton,11:00,17.5,6,False,0,-1.0,0.9455587392550143,21
2025-08-30,2x2,Truro,Boston Utd,11:00,18.0,7,False,1,0.055882352941176466,0.947075208913649,21
2025-08-30,2x2,Sunderland,Brentford,11:00,18.0,8,False,1,0.055882352941176466,0.947075208913649,21
2025-08-30,2x2,RB Leipzig,Heidenheim,10:30,19.0,9,False,1,0.05277777777777778,0.949868073878628,21
2025-08-30,2x2,Wolves,Everton,11:00,19.0,10,False,1,0.05277777777777778,0.949868073878628,21
2025-08-30,2x2,Bologna,Como,13:30,19.0,11,False,1,0.05277777777777778,0.949868073878628,21
2025-08-30,2x2,Penafiel,Chaves,07:00,19.0,12,False,1,0.05277777777777778,0.949868073878628,21
2025-08-30,2x2,Stoke,West Brom,08:30,19.0,13,False,1,0.05277777777777778,0.949868073878628,21
2025-08-30,2x2,Millwall,Wrexham,11:00,19.5,14,False,1,0.05135135135135135,0.9511568123393317,21
2025-08-30,2x2,Sheffield Wed,Swansea,11:00,19.5,15,False,1,0.05135135135135135,0.9511568123393317,21
2025-08-30,2x2,QPR,Charlton,08:30,19.5,16,False,1,0.05135135135135135,0.9511568123393317,21
2025-08-30,2x2,Mantova,Pescara,14:00,19.5,17,False,1,0.05135135135135135,0.9511568123393317,21
2025-08-30,2x2,Bristol City,Hull,11:00,19.5,18,False,1,0.05135135135135135,0.9511568123393317,21
2025-08-30,2x2,Lincoln,Mansfield,11:00,20.0,19,False,1,0.049999999999999996,0.9523809523809524,21
2025-08-30,2x2,Nantes,Auxerre,14:00,20.0,20,False,1,0.049999999999999996,0.9523809523809524,21
2025-08-30,2x2,Valladolid,Cordoba,14:00,20.0,21,False,1,0.049999999999999996,0.9523809523809524,21
2025-08-31,2x2,Stal Mielec,Ruch Chorzow,09:30,16.5,1,True,0,-1.0,0.9422492401215806,24
2025-08-31,2x2,Celta Vigo,Villarreal,12:00,16.5,2,True,1,0.06129032258064516,0.9422492401215806,24
2025-08-31,2x2,Sandefjord,Bodo/Glimt,12:00,17.0,3,True,1,0.059375,0.943952802359882,24
2025-08-31,2x2,O. Ljubljana,Maribor,15:15,17.5,4,False,1,0.05757575757575757,0.9455587392550143,24
2025-08-31,2x2,Pogon Szczecin,Rakow,15:15,18.0,5,False,1,0.055882352941176466,0.947075208913649,24
2025-08-31,2x2,Torino,Fiorentina,13:30,18.5,6,False,1,0.054285714285714284,0.948509485094851,24
2025-08-31,2x2,Odra Opole,LKS Lodz,12:30,18.5,7,False,1,0.054285714285714284,0.948509485094851,24
2025-08-31,2x2,Betis,Ath Bilbao,14:00,18.5,8,False,1,0.054285714285714284,0.948509485094851,24
2025-08-31,2x2,Aston Villa,Crystal Palace,15:00,18.5,9,False,1,0.054285714285714284,0.948509485094851,24
2025-08-31,2x2,KTP,HJK,11:00,18.5,10,False,1,0.054285714285714284,0.948509485094851,24
2025-08-31,2x2,Colo Colo,U. De Chile,16:00,18.5,11,False,1,0.054285714285714284,0.948509485094851,24
2025-08-31,2x2,Cadiz CF,Albacete,12:00,19.0,12,False,1,0.05277777777777778,0.949868073878628,24
2025-08-31,2x2,Rio Ave,Braga,16:30,19.5,13,False,0,-1.0,0.9511568123393317,24
2025-08-31,2x2,CFR Cluj,FCSB,15:30,19.5,14,False,0,-1.0,0.9511568123393317,24
2025-08-31,2x2,Espanyol,Osasuna,14:30,19.5,15,False,1,0.05135135135135135,0.9511568123393317,24
2025-08-31,2x2,Angers,Rennes,10:00,19.5,16,False,1,0.05135135135135135,0.9511568123393317,24
2025-08-31,2x2,Mirassol,Bahia,18:30,19.5,17,False,1,0.05135135135135135,0.9511568123393317,24
2025-08-31,2x2,Rayo Vallecano,Barcelona,16:30,19.5,18,False,1,0.05135135135135135,0.9511568123393317,24
2025-08-31,2x2,Sport Recife,Vasco,20:30,19.5,19,False,1,0.05135135135135135,0.9511568123393317,24
2025-08-31,2x2,Tondela,Estoril,11:30,20.0,20,False,0,-1.0,0.9523809523809524,24
2025-08-31,2x2,Sudtirol,Sampdoria,14:00,20.0,21,False,1,0.049999999999999996,0.9523809523809524,24
2025-08-31,2x2,AIK,Sirius,09:00,20.0,22,False,1,0.049999999999999996,0.9523809523809524,24
2025-08-31,2x2,Austria Vienna,Altach,12:00,20.0,23,False,1,0.049999999999999996,0.9523809523809524,24
2025-08-31,2x2,Modena,Avellino,16:00,20.0,24,False,1,0.049999999999999996,0.9523809523809524,24
2025-09-01,2x2,Csikszereda M. Ciuc,Otelul,12:00,20.0,1,True,1,0.049999999999999996,0.9523809523809524,2
2025-09-01,2x2,Leganes,Dep. La Coruna,16:30,20.0,2,True,0,-1.0,0.9523809523809524,2
2025-09-03,2x2,Sutton,Boreham Wood,15:45,18.0,1,True,1,0.055882352941176466,0.947075208913649,1
2025-09-05,2x2,Slovenia,Sweden,15:45,17.5,1,True,0,-1.0,0.9455587392550143,4
2025-09-05,2x2,De Graafschap,FC Emmen,15:00,19.0,2,True,1,0.05277777777777778,0.949868073878628,4
2025-09-05,2x2,Haiti,Honduras,21:00,19.5,3,True,1,0.05135135135135135,0.9511568123393317,4
2025-09-05,2x2,Trinidad & Tobago,Curacao,21:00,20.0,4,False,1,0.049999999999999996,0.9523809523809524,4
2025-09-06,2x2,Doncaster,Bradford City,11:00,18.5,1,True,1,0.054285714285714284,0.948509485094851,4
2025-09-06,2x2,Zaragoza,Valladolid,13:30,18.5,2,True,1,0.054285714285714284,0.948509485094851,4
2025-09-06,2x2,Wycombe,Mansfield,11:00,19.0,3,True,1,0.05277777777777778,0.949868073878628,4
2025-09-06,2x2,Dep. La Coruna,Gijon,11:15,19.5,4,False,1,0.05135135135135135,0.9511568123393317,4
2025-09-07,2x2,Cobresal,Palestino,15:00,17.0,1,True,1,0.059375,0.943952802359882,5
2025-09-07,2x2,Novara,Trento,10:00,19.0,2,True,1,0.05277777777777778,0.949868073878628,5
2025-09-07,2x2,Crotone,Cosenza,12:30,19.0,3,True,1,0.05277777777777778,0.949868073878628,5
2025-09-07,2x2,Cultural Leonesa,Leganes,13:30,19.5,4,False,1,0.05135135135135135,0.9511568123393317,5
2025-09-07,2x2,Montevideo City,Liverpool M.,20:30,20.0,5,False,1,0.049999999999999996,0.9523809523809524,5
2025-09-08,2x2,Greece,Denmark,15:45,19.5,1,True,1,0.05135135135135135,0.9511568123393317,1
2025-09-09,2x2,Bolivia,Brazil,20:30,17.0,1,True,1,0.059375,0.943952802359882,1
2025-09-12,2x2,Stade Nyonnais,Lausanne Ouchy,14:30,17.5,1,True,1,0.05757575757575757,0.9455587392550143,7
2025-09-12,2x2,Etoile-Carouge,Yverdon,15:15,17.5,2,True,1,0.05757575757575757,0.9455587392550143,7
2025-09-12,2x2,Almere City,Jong PSV,15:00,18.0,3,True,1,0.055882352941176466,0.947075208913649,7
2025-09-12,2x2,Shanghai Shenhua,Shandong Taishan,09:00,20.0,4,False,1,0.049999999999999996,0.9523809523809524,7
2025-09-12,2x2,Amiens,Bastia,15:00,20.0,5,False,1,0.049999999999999996,0.9523809523809524,7
2025-09-12,2x2,Sochaux,Caen,14:30,20.0,6,False,1,0.049999999999999996,0.9523809523809524,7
2025-09-12,2x2,Alverca,Tondela,16:15,20.0,7,False,1,0.049999999999999996,0.9523809523809524,7
2025-09-13,2x2,Brondby,FC Copenhagen,10:00,16.0,1,True,1,0.06333333333333332,0.9404388714733543,17
2025-09-13,2x2,Union Berlin,Hoffenheim,10:30,16.5,2,True,1,0.06129032258064516,0.9422492401215806,17
2025-09-13,2x2,Valladolid,Almeria,16:00,17.0,3,True,1,0.059375,0.943952802359882,17
2025-09-13,2x2,Everton,Aston Villa,11:00,17.0,4,False,1,0.059375,0.943952802359882,17
2025-09-13,2x2,Peterborough,Wycombe,11:00,18.0,5,False,1,0.055882352941176466,0.947075208913649,17
2025-09-13,2x2,Bradford City,Huddersfield,08:30,18.0,6,False,1,0.055882352941176466,0.947075208913649,17
2025-09-13,2x2,Oddevold,Brage,10:00,18.0,7,False,1,0.055882352941176466,0.947075208913649,17
2025-09-13,2x2,Leyton Orient,Bolton,11:00,18.5,8,False,1,0.054285714285714284,0.948509485094851,17
2025-09-13,2x2,Halmstad,Norrkoping,12:30,18.5,9,False,1,0.054285714285714284,0.948509485094851,17
2025-09-13,2x2,Stockport County,Cardiff,11:00,18.5,10,False,1,0.054285714285714284,0.948509485094851,17
2025-09-13,2x2,Nacional Potosi,SA Bulo Bulo,18:30,18.5,11,False,1,0.054285714285714284,0.948509485094851,17
2025-09-13,2x2,Juventus,Inter,13:00,19.0,12,False,1,0.05277777777777778,0.949868073878628,17
2025-09-13,2x2,Fulham,Leeds,11:00,19.0,13,False,1,0.05277777777777778,0.949868073878628,17
2025-09-13,2x2,Preston,Middlesbrough,08:30,19.0,14,False,0,-1.0,0.949868073878628,17
2025-09-13,2x2,Stoke,Birmingham,11:00,19.5,15,False,1,0.05135135135135135,0.9511568123393317,17
2025-09-13,2x2,Moreirense,Rio Ave,11:30,20.0,16,False,1,0.049999999999999996,0.9523809523809524,17
2025-09-13,2x2,St. Gallen,Lugano,15:30,20.0,17,False,1,0.049999999999999996,0.9523809523809524,17
2025-09-14,2x2,Preussen Munster,Dusseldorf,08:30,17.0,1,True,1,0.059375,0.943952802359882,7
2025-09-14,2x2,Sassuolo,Lazio,13:00,17.5,2,True,1,0.05757575757575757,0.9455587392550143,7
2025-09-14,2x2,KFUM Oslo,Viking,12:00,18.0,3,True,0,-1.0,0.947075208913649,7
2025-09-14,2x2,Levante,Betis,11:15,18.0,4,False,0,-1.0,0.947075208913649,7
2025-09-14,2x2,Metz,Angers,12:15,18.5,5,False,1,0.054285714285714284,0.948509485094851,7
2025-09-14,2x2,St. Pauli,Augsburg,10:30,19.5,6,False,1,0.05135135135135135,0.9511568123393317,7
2025-09-14,2x2,AC Milan,Bologna,15:45,19.5,7,False,1,0.05135135135135135,0.9511568123393317,7
2025-09-15,2x2,Zaragoza,Albacete,15:30,16.5,1,True,1,0.06129032258064516,0.9422492401215806,4
2025-09-15,2x2,Manta,Aucas,21:00,17.5,2,True,1,0.05757575757575757,0.9455587392550143,4
2025-09-15,2x2,Guingamp,Montpellier,15:45,18.5,3,True,1,0.054285714285714284,0.948509485094851,4
2025-09-15,2x2,Guarani de Fram,Sol de America,16:30,19.5,4,False,1,0.05135135135135135,0.9511568123393317,4
2025-09-19,2x2,Wisla Plock,Jagiellonia,15:30,17.5,1,True,1,0.05757575757575757,0.9455587392550143,5
2025-09-19,2x2,Ravenna,Perugia,15:30,18.5,2,True,1,0.054285714285714284,0.948509485094851,5
2025-09-19,2x2,Middlesbrough,West Brom,16:00,18.5,3,True,1,0.054285714285714284,0.948509485094851,5
2025-09-19,2x2,Pontedera,Campobasso,15:30,19.5,4,False,1,0.05135135135135135,0.9511568123393317,5
2025-09-19,2x2,Levski Sofia,Ludogorets,14:30,20.0,5,False,1,0.049999999999999996,0.9523809523809524,5
2025-09-20,2x2,Augsburg,Mainz,10:30,16.0,1,True,1,0.06333333333333332,0.9404388714733543,27
2025-09-20,2x2,Reading,Leyton Orient,11:00,17.0,2,True,1,0.059375,0.943952802359882,27
2025-09-20,2x2,Fulham,Brentford,16:00,17.5,3,True,1,0.05757575757575757,0.9455587392550143,27
2025-09-20,2x2,Arka Gdynia,Korona Kielce,09:45,18.0,4,False,1,0.055882352941176466,0.947075208913649,27
2025-09-20,2x2,Burnley,Nottingham,11:00,18.0,5,False,1,0.055882352941176466,0.947075208913649,27
2025-09-20,2x2,Hartberg,Wolfsberger AC,12:00,18.0,6,False,0,-1.0,0.947075208913649,27
2025-09-20,2x2,Valerenga,KFUM Oslo,13:00,18.0,7,False,1,0.055882352941176466,0.947075208913649,27
2025-09-20,2x2,West Ham,Crystal Palace,11:00,18.0,8,False,1,0.055882352941176466,0.947075208913649,27
2025-09-20,2x2,Rakow,Legia,15:15,18.0,9,False,1,0.055882352941176466,0.947075208913649,27
2025-09-20,2x2,Eupen,Patro Eisden,15:00,18.0,10,False,1,0.055882352941176466,0.947075208913649,27
2025-09-20,2x2,UNAM Pumas,Tigres UANL,22:00,18.0,11,False,1,0.055882352941176466,0.947075208913649,27
2025-09-20,2x2,Vitoria Guimaraes,Braga,16:30,18.5,12,False,1,0.054285714285714284,0.948509485094851,27
2025-09-20,2x2,Austria Vienna,Ried,12:00,18.5,13,False,1,0.054285714285714284,0.948509485094851,27
2025-09-20,2x2,QPR,Stoke,08:30,18.5,14,False,1,0.054285714285714284,0.948509485094851,27
2025-09-20,2x2,Port Vale,Mansfield,11:00,19.0,15,False,1,0.05277777777777778,0.949868073878628,27
2025-09-20,2x2,Radomiak Radom,Piast Gliwice,07:15,19.0,16,False,1,0.05277777777777778,0.949868073878628,27
2025-09-20,2x2,Nantes,Rennes,12:00,19.0,17,False,0,-1.0,0.949868073878628,27
2025-09-20,2x2,Mantova,Modena,14:30,19.0,18,False,1,0.05277777777777778,0.949868073878628,27
2025-09-20,2x2,Atl. Tucuman,River Plate,21:15,19.5,19,False,1,0.05135135135135135,0.9511568123393317,27
2025-09-20,2x2,Philadelphia Union,New England Revolution,15:30,19.5,20,False,1,0.05135135135135135,0.9511568123393317,27
2025-09-20,2x2,Reggiana,Catanzaro,10:00,19.5,21,False,0,-1.0,0.9511568123393317,27
2025-09-20,2x2,Lincoln,Luton,08:30,19.5,22,False,1,0.05135135135135135,0.9511568123393317,27
2025-09-20,2x2,Zlin,Hradec Kralove,10:00,20.0,23,False,1,0.049999999999999996,0.9523809523809524,27
2025-09-20,2x2,Venezia,Cesena,10:00,20.0,24,False,1,0.049999999999999996,0.9523809523809524,27
2025-09-20,2x2,Hoffenheim,Bayern Munich,10:30,20.0,25,False,1,0.049999999999999996,0.9523809523809524,27
2025-09-20,2x2,FK Pardubice,Slovacko,10:00,20.0,26,False,1,0.049999999999999996,0.9523809523809524,27
2025-09-20,2x2,Presov,Ruzomberok,13:00,20.0,27,False,1,0.049999999999999996,0.9523809523809524,27
2025-09-21,2x2,Cremonese,Parma,10:00,16.5,1,True,1,0.06129032258064516,0.9422492401215806,13
2025-09-21,2x2,Potenza,Picerno,12:30,16.5,2,True,1,0.06129032258064516,0.9422492401215806,13
2025-09-21,2x2,Fiorentina,Como,13:00,16.5,3,True,1,0.06129032258064516,0.9422492401215806,13
2025-09-21,2x2,Albacete,Valladolid,11:15,17.5,4,False,1,0.05757575757575757,0.9455587392550143,13
2025-09-21,2x2,Auxerre,Toulouse,12:15,17.5,5,False,1,0.05757575757575757,0.9455587392550143,13
2025-09-21,2x2,FC Rapid Bucuresti,FC Hermannstadt,15:00,18.5,6,False,1,0.054285714285714284,0.948509485094851,13
2025-09-21,2x2,Torino,Atalanta,10:00,18.5,7,False,1,0.054285714285714284,0.948509485094851,13
2025-09-21,2x2,Rayo Vallecano,Celta Vigo,09:00,18.5,8,False,1,0.054285714285714284,0.948509485094851,13
2025-09-21,2x2,Septemvri Sofia,Botev Plovdiv,11:45,19.0,9,False,1,0.05277777777777778,0.949868073878628,13
2025-09-21,2x2,Panathinaikos,Olympiacos Piraeus,15:00,19.0,10,False,1,0.05277777777777778,0.949868073878628,13
2025-09-21,2x2,Sunderland,Aston Villa,10:00,19.5,11,False,1,0.05135135135135135,0.9511568123393317,13
2025-09-21,2x2,Lazio,AS Roma,07:30,20.0,12,False,1,0.049999999999999996,0.9523809523809524,13
2025-09-21,2x2,Los Angeles FC,Real Salt Lake,22:00,20.0,13,False,1,0.049999999999999996,0.9523809523809524,13
2025-09-22,2x2,Norrkoping,AIK,14:10,19.5,1,True,1,0.05135135135135135,0.9511568123393317,1
2025-09-24,2x2,Siracusa,Potenza,13:30,18.0,1,True,1,0.055882352941176466,0.947075208913649,6
2025-09-24,2x2,PAOK,Maccabi Tel Aviv,13:45,18.0,2,True,1,0.055882352941176466,0.947075208913649,6
2025-09-24,2x2,Rakow,Lech Poznan,13:45,19.0,3,True,0,-1.0,0.949868073878628,6
2025-09-24,2x2,Vasco,Bahia,19:30,19.5,4,False,1,0.05135135135135135,0.9511568123393317,6
2025-09-24,2x2,Landskrona,Kalmar,14:00,20.0,5,False,1,0.049999999999999996,0.9523809523809524,6
2025-09-24,2x2,Oddevold,Falkenberg,14:00,20.0,6,False,0,-1.0,0.9523809523809524,6
2025-09-25,2x2,Young Boys,Panathinaikos,16:00,16.5,1,True,1,0.06129032258064516,0.9422492401215806,1
2025-09-26,2x2,Girona,Espanyol,16:00,17.0,1,True,1,0.059375,0.943952802359882,7
2025-09-26,2x2,Wisla Plock,GKS Katowice,15:30,18.0,2,True,1,0.055882352941176466,0.947075208913649,7
2025-09-26,2x2,Nancy,Reims,15:00,18.5,3,True,1,0.054285714285714284,0.948509485094851,7
2025-09-26,2x2,Clermont,Le Mans,15:00,19.0,4,False,1,0.05277777777777778,0.949868073878628,7
2025-09-26,2x2,West Brom,Leicester,16:00,19.5,5,False,1,0.05135135135135135,0.9511568123393317,7
2025-09-26,2x2,Vizela,Leixoes,14:00,20.0,6,False,1,0.049999999999999996,0.9523809523809524,7
2025-09-26,2x2,Damac,Al Ettifaq,12:40,20.0,7,False,1,0.049999999999999996,0.9523809523809524,7
2025-09-27,2x2,Leeds,Bournemouth,11:00,17.0,1,True,0,-1.0,0.943952802359882,18
2025-09-27,2x2,St. Pauli,Bayer Leverkusen,10:30,17.5,2,True,1,0.05757575757575757,0.9455587392550143,18
2025-09-27,2x2,Exeter,Huddersfield,11:00,17.5,3,True,1,0.05757575757575757,0.9455587392550143,18
2025-09-27,2x2,Sporting CP B,Maritimo,07:00,18.0,4,False,1,0.055882352941176466,0.947075208913649,18
2025-09-27,2x2,Watford,Hull,11:00,18.0,5,False,1,0.055882352941176466,0.947075208913649,18
2025-09-27,2x2,Stoke,Norwich,11:00,18.0,6,False,1,0.055882352941176466,0.947075208913649,18
2025-09-27,2x2,Preston,Bristol City,11:00,18.0,7,False,1,0.055882352941176466,0.947075208913649,18
2025-09-27,2x2,Burton,Plymouth,11:00,18.0,8,False,1,0.055882352941176466,0.947075208913649,18
2025-09-27,2x2,Villarreal,Ath Bilbao,16:00,18.0,9,False,1,0.055882352941176466,0.947075208913649,18
2025-09-27,2x2,Coventry,Birmingham,08:30,18.5,10,False,1,0.054285714285714284,0.948509485094851,18
2025-09-27,2x2,Mantova,Frosinone,10:00,18.5,11,False,1,0.054285714285714284,0.948509485094851,18
2025-09-27,2x2,Peterborough,Lincoln,11:00,18.5,12,False,1,0.054285714285714284,0.948509485094851,18
2025-09-27,2x2,Cracovia,Gornik Zabrze,15:15,18.5,13,False,1,0.054285714285714284,0.948509485094851,18
2025-09-27,2x2,Sheffield Wed,QPR,11:00,18.5,14,False,1,0.054285714285714284,0.948509485094851,18
2025-09-27,2x2,Oxford Utd,Sheffield Utd,11:00,20.0,15,False,1,0.049999999999999996,0.9523809523809524,18
2025-09-27,2x2,Puebla,Guadalajara Chivas,00:00,20.0,16,False,1,0.049999999999999996,0.9523809523809524,18
2025-09-27,2x2,Juventus,Atalanta,13:00,20.0,17,False,1,0.049999999999999996,0.9523809523809524,18
2025-09-27,2x2,Bradford City,Blackpool,11:00,20.0,18,False,1,0.049999999999999996,0.9523809523809524,18
2025-09-28,2x2,Metz,Le Havre,12:15,17.5,1,True,1,0.05757575757575757,0.9455587392550143,6
2025-09-28,2x2,Sassuolo,Udinese,07:30,19.0,2,True,1,0.05277777777777778,0.949868073878628,6
2025-09-28,2x2,Aston Villa,Fulham,10:00,19.0,3,True,1,0.05277777777777778,0.949868073878628,6
2025-09-28,2x2,Rayo Vallecano,Sevilla,09:00,20.0,4,False,1,0.049999999999999996,0.9523809523809524,6
2025-09-28,2x2,Newcastle,Arsenal,12:30,20.0,5,False,1,0.049999999999999996,0.9523809523809524,6
2025-09-28,2x2,AC Milan,Napoli,15:45,20.0,6,False,1,0.049999999999999996,0.9523809523809524,6
2025-09-29,2x2,Parma,Torino,13:30,20.0,1,True,1,0.049999999999999996,0.9523809523809524,1
2025-09-30,2x2,Bristol City,Ipswich,15:45,17.5,1,True,1,0.05757575757575757,0.9455587392550143,5
2025-09-30,2x2,Hull,Preston,15:45,18.5,2,True,0,-1.0,0.948509485094851,5
2025-09-30,2x2,Sheffield Utd,Southampton,15:45,18.5,3,True,1,0.054285714285714284,0.948509485094851,5
2025-09-30,2x2,Boreham Wood,Southend,15:45,18.5,4,False,1,0.054285714285714284,0.948509485094851,5
2025-09-30,2x2,Cusco,Deportivo Garcilaso,21:30,19.0,5,False,1,0.05277777777777778,0.949868073878628,5
2025-10-01,2x2,Villarreal,Juventus,16:00,16.5,1,True,0,-1.0,0.9422492401215806,7
2025-10-01,2x2,Millwall,Coventry,15:45,17.5,2,True,1,0.05757575757575757,0.9455587392550143,7
2025-10-01,2x2,Norwich,West Brom,15:45,17.5,3,True,1,0.05757575757575757,0.9455587392550143,7
2025-10-01,2x2,Portsmouth,Watford,15:45,18.5,4,False,0,-1.0,0.948509485094851,7
2025-10-01,2x2,QPR,Oxford Utd,16:00,18.5,5,False,1,0.054285714285714284,0.948509485094851,7
2025-10-01,2x2,Pescara,Sudtirol,15:30,19.0,6,False,1,0.05277777777777778,0.949868073878628,7
2025-10-01,2x2,Mirassol,Bragantino,19:00,20.0,7,False,1,0.049999999999999996,0.9523809523809524,7
2025-10-02,2x2,Fortaleza,Sao Paulo,19:30,19.5,1,True,1,0.05135135135135135,0.9511568123393317,2
2025-10-02,2x2,Lausanne,Breidablik,13:45,20.0,2,True,1,0.049999999999999996,0.9523809523809524,2
2025-10-03,2x2,NAC Breda,Groningen,15:00,18.0,1,True,1,0.055882352941176466,0.947075208913649,5
2025-10-03,2x2,Wrexham,Birmingham,16:00,18.5,2,True,1,0.054285714285714284,0.948509485094851,5
2025-10-03,2x2,Bournemouth,Fulham,16:00,18.5,3,True,1,0.054285714285714284,0.948509485094851,5
2025-10-03,2x2,Maastricht,Eindhoven FC,15:00,19.0,4,False,1,0.05277777777777778,0.949868073878628,5
2025-10-03,2x2,Verona,Sassuolo,15:45,19.5,5,False,1,0.05135135135135135,0.9511568123393317,5
2025-10-04,2x2,Girona,Valencia,11:15,17.0,1,True,1,0.059375,0.943952802359882,28
2025-10-04,2x2,Plymouth,Wigan,11:00,17.0,2,True,1,0.059375,0.943952802359882,28
2025-10-04,2x2,RAAL La Louviere,Waregem,13:15,17.0,3,True,1,0.059375,0.943952802359882,28
2025-10-04,2x2,Leeds,Tottenham,08:30,17.5,4,False,1,0.05757575757575757,0.9455587392550143,28
2025-10-04,2x2,Eintracht Frankfurt,Bayern Munich,13:30,17.5,5,False,1,0.05757575757575757,0.9455587392550143,28
2025-10-04,2x2,Hapoel Haifa,Kiryat Shmona,13:15,18.0,6,False,1,0.055882352941176466,0.947075208913649,28
2025-10-04,2x2,Real Madrid,Villarreal,16:00,18.0,7,False,1,0.055882352941176466,0.947075208913649,28
2025-10-04,2x2,Reading,Mansfield,11:00,18.0,8,False,1,0.055882352941176466,0.947075208913649,28
2025-10-04,2x2,Minnesota United,Sporting Kansas City,21:30,18.5,9,False,1,0.054285714285714284,0.948509485094851,28
2025-10-04,2x2,Zwolle,PSV,15:00,18.5,10,False,1,0.054285714285714284,0.948509485094851,28
2025-10-04,2x2,Brest,Nantes,14:00,18.5,11,False,1,0.054285714285714284,0.948509485094851,28
2025-10-04,2x2,Panserraikos,Asteras Tripolis,12:00,18.5,12,False,1,0.054285714285714284,0.948509485094851,28
2025-10-04,2x2,Huddersfield,Stockport County,11:00,19.0,13,False,1,0.05277777777777778,0.949868073878628,28
2025-10-04,2x2,Watford,Oxford Utd,11:00,19.0,14,False,1,0.05277777777777778,0.949868073878628,28
2025-10-04,2x2,Portsmouth,Middlesbrough,11:00,19.0,15,False,1,0.05277777777777778,0.949868073878628,28
2025-10-04,2x2,Bristol City,QPR,11:00,19.0,16,False,1,0.05277777777777778,0.949868073878628,28
2025-10-04,2x2,Inter Miami,New England Revolution,20:30,19.0,17,False,1,0.05277777777777778,0.949868073878628,28
2025-10-04,2x2,Yeovil,Boreham Wood,11:00,19.0,18,False,1,0.05277777777777778,0.949868073878628,28
2025-10-04,2x2,Red Star,Rodez,09:00,19.5,19,False,1,0.05135135135135135,0.9511568123393317,28
2025-10-04,2x2,Queretaro,Puebla,20:00,19.5,20,False,1,0.05135135135135135,0.9511568123393317,28
2025-10-04,2x2,Dukla Prague,Teplice,10:00,19.5,21,False,1,0.05135135135135135,0.9511568123393317,28
2025-10-04,2x2,Sheffield Wed,Coventry,08:30,20.0,22,False,1,0.049999999999999996,0.9523809523809524,28
2025-10-04,2x2,Braintree,Sutton,11:00,20.0,23,False,1,0.049999999999999996,0.9523809523809524,28
2025-10-04,2x2,Swansea,Leicester,11:00,20.0,24,False,1,0.049999999999999996,0.9523809523809524,28
2025-10-04,2x2,OFI Crete,Aris,12:00,20.0,25,False,1,0.049999999999999996,0.9523809523809524,28
2025-10-04,2x2,Metz,Marseille,12:00,20.0,26,False,1,0.049999999999999996,0.9523809523809524,28
2025-10-04,2x2,AEL Larissa,Volos,14:30,20.0,27,False,1,0.049999999999999996,0.9523809523809524,28
2025-10-04,2x2,Internacional,Botafogo RJ,18:30,20.0,28,False,1,0.049999999999999996,0.9523809523809524,28
2025-10-05,2x2,Servette,Basel,11:30,15.5,1,True,1,0.06551724137931034,0.9385113268608415,15
2025-10-05,2x2,Le Havre,Rennes,12:15,18.0,2,True,0,-1.0,0.947075208913649,15
2025-10-05,2x2,Juventus,AC Milan,15:45,18.0,3,True,1,0.055882352941176466,0.947075208913649,15
2025-10-05,2x2,Fiorentina,AS Roma,10:00,18.5,4,False,1,0.054285714285714284,0.948509485094851,15
2025-10-05,2x2,Rio Ave,Tondela,13:30,19.0,5,False,1,0.05277777777777778,0.949868073878628,15
2025-10-05,2x2,Los Angeles FC,Atlanta Utd,22:00,19.0,6,False,1,0.05277777777777778,0.949868073878628,15
2025-10-05,2x2,Racing Santander,Malaga,13:30,19.0,7,False,1,0.05277777777777778,0.949868073878628,15
2025-10-05,2x2,Zaragoza,Cordoba,09:00,19.0,8,False,1,0.05277777777777778,0.949868073878628,15
2025-10-05,2x2,Barcelona SC,Ind. del Valle,19:30,19.0,9,False,1,0.05277777777777778,0.949868073878628,15
2025-10-05,2x2,UNAM Pumas,Guadalajara Chivas,22:00,19.5,10,False,1,0.05135135135135135,0.9511568123393317,15
2025-10-05,2x2,Everton,Crystal Palace,10:00,19.5,11,False,1,0.05135135135135135,0.9511568123393317,15
2025-10-05,2x2,FC Porto,Benfica,17:15,19.5,12,False,1,0.05135135135135135,0.9511568123393317,15
2025-10-05,2x2,Real Sociedad,Rayo Vallecano,13:30,20.0,13,False,1,0.049999999999999996,0.9523809523809524,15
2025-10-05,2x2,Primorje,Koper,12:30,20.0,14,False,1,0.049999999999999996,0.9523809523809524,15
2025-10-05,2x2,Celta Vigo,Atl. Madrid,16:00,20.0,15,False,1,0.049999999999999996,0.9523809523809524,15
2025-10-09,2x2,Nicaragua,Haiti,21:00,20.0,1,True,1,0.049999999999999996,0.9523809523809524,1
2025-10-10,2x2,Sweden,Switzerland,15:45,16.5,1,True,1,0.06129032258064516,0.9422492401215806,3
2025-10-10,2x2,Iceland,Ukraine,15:45,17.0,2,True,1,0.059375,0.943952802359882,3
2025-10-10,2x2,Almere City,Vitesse,15:15,19.0,3,True,0,-1.0,0.949868073878628,3
2025-10-11,2x2,Real Sociedad B,Andorra,13:30,18.5,1,True,1,0.054285714285714284,0.948509485094851,2
2025-10-11,2x2,Exeter,Reading,11:00,19.0,2,True,1,0.05277777777777778,0.949868073878628,2
2025-10-12,2x2,Eibar,Castellon,11:15,17.0,1,True,1,0.059375,0.943952802359882,4
2025-10-12,2x2,Albacete,Ceuta,09:00,18.0,2,True,1,0.055882352941176466,0.947075208913649,4
2025-10-12,2x2,Malaga,Dep. La Coruna,16:00,19.5,3,True,1,0.05135135135135135,0.9511568123393317,4
2025-10-12,2x2,Ameliano,Guarani,17:30,19.5,4,False,1,0.05135135135135135,0.9511568123393317,4
2025-10-13,2x2,Cajamarca,Cienciano,15:00,17.0,1,True,1,0.059375,0.943952802359882,3
2025-10-13,2x2,Once Caldas,Ind. Medellin,19:15,17.5,2,True,1,0.05757575757575757,0.9455587392550143,3
2025-10-13,2x2,Juan Pablo II,Deportivo Garcilaso,17:15,20.0,3,True,1,0.049999999999999996,0.9523809523809524,3
2025-10-15,2x2,Fortaleza,Vasco,21:30,18.0,1,True,1,0.055882352941176466,0.947075208913649,2
2025-10-15,2x2,Orange County SC,San Antonio,23:00,19.5,2,True,1,0.05135135135135135,0.9511568123393317,2
2025-10-16,2x2,Huddersfield,Bolton,16:00,16.5,1,True,1,0.06129032258064516,0.9422492401215806,1
2025-10-17,2x2,Qingdao Hainiu,Shanghai Port,07:00,17.5,1,True,1,0.05757575757575757,0.9455587392550143,5
2025-10-17,2x2,Fleury-Merogis,Versailles,14:30,18.0,2,True,1,0.055882352941176466,0.947075208913649,5
2025-10-17,2x2,Middlesbrough,Ipswich,16:00,19.0,3,True,1,0.05277777777777778,0.949868073878628,5
2025-10-17,2x2,Widzew Lodz,Radomiak Radom,15:30,20.0,4,False,1,0.049999999999999996,0.9523809523809524,5
2025-10-17,2x2,Andorra,Granada CF,15:30,20.0,5,False,1,0.049999999999999996,0.9523809523809524,5
2025-10-18,2x2,Korona Kielce,Gornik Zabrze,09:45,16.0,1,True,1,0.06333333333333332,0.9404388714733543,28
2025-10-18,2x2,Floridsdorfer AC,Liefering,09:30,17.5,2,True,1,0.05757575757575757,0.9455587392550143,28
2025-10-18,2x2,Reggiana,Bari,10:00,17.5,3,True,1,0.05757575757575757,0.9455587392550143,28
2025-10-18,2x2,Frosinone,Monza,10:00,17.5,4,False,1,0.05757575757575757,0.9455587392550143,28
2025-10-18,2x2,Juarez,Pachuca,20:00,18.0,5,False,0,-1.0,0.947075208913649,28
2025-10-18,2x2,RB Leipzig,Hamburger SV,10:30,18.5,6,False,1,0.054285714285714284,0.948509485094851,28
2025-10-18,2x2,Sarpsborg 08,Bodo/Glimt,09:00,18.5,7,False,1,0.054285714285714284,0.948509485094851,28
2025-10-18,2x2,Pescara,Carrarese,10:00,18.5,8,False,0,-1.0,0.948509485094851,28
2025-10-18,2x2,Sheffield Utd,Watford,11:00,18.5,9,False,1,0.054285714285714284,0.948509485094851,28
2025-10-18,2x2,Stoke,Wrexham,11:00,18.5,10,False,1,0.054285714285714284,0.948509485094851,28
2025-10-18,2x2,Morecambe,Southend,11:00,18.5,11,False,1,0.054285714285714284,0.948509485094851,28
2025-10-18,2x2,Dunkerque,Montpellier,09:00,18.5,12,False,1,0.054285714285714284,0.948509485094851,28
2025-10-18,2x2,AS Roma,Inter,15:45,18.5,13,False,1,0.054285714285714284,0.948509485094851,28
2025-10-18,2x2,Plymouth,AFC Wimbledon,11:00,19.0,14,False,1,0.05277777777777778,0.949868073878628,28
2025-10-18,2x2,Blackpool,Wycombe,11:00,19.0,15,False,1,0.05277777777777778,0.949868073878628,28
2025-10-18,2x2,Southampton,Swansea,08:30,19.0,16,False,1,0.05277777777777778,0.949868073878628,28
2025-10-18,2x2,Atromitos,Levadiakos,13:30,19.0,17,False,0,-1.0,0.949868073878628,28
2025-10-18,2x2,Bayern Munich,Dortmund,13:30,19.0,18,False,1,0.05277777777777778,0.949868073878628,28
2025-10-18,2x2,Lecce,Sassuolo,10:00,19.5,19,False,1,0.05135135135135135,0.9511568123393317,28
2025-10-18,2x2,QPR,Millwall,08:30,19.5,20,False,1,0.05135135135135135,0.9511568123393317,28
2025-10-18,2x2,U. Cluj,FC Botosani,09:00,19.5,21,False,1,0.05135135135135135,0.9511568123393317,28
2025-10-18,2x2,Grazer AK,Hartberg,12:00,19.5,22,False,1,0.05135135135135135,0.9511568123393317,28
2025-10-18,2x2,Panetolikos,OFI Crete,14:00,19.5,23,False,1,0.05135135135135135,0.9511568123393317,28
2025-10-18,2x2,De Graafschap,Oss,11:30,20.0,24,False,1,0.049999999999999996,0.9523809523809524,28
2025-10-18,2x2,Cracovia,Rakow,15:15,20.0,25,False,1,0.049999999999999996,0.9523809523809524,28
2025-10-18,2x2,Tirol,Austria Vienna,12:00,20.0,26,False,1,0.049999999999999996,0.9523809523809524,28
2025-10-18,2x2,Remo,Athletic Club,20:30,20.0,27,False,1,0.049999999999999996,0.9523809523809524,28
2025-10-18,2x2,Vancouver Whitecaps,FC Dallas,22:00,20.0,28,False,1,0.049999999999999996,0.9523809523809524,28
2025-10-19,2x2,Dender,KV Mechelen,11:00,16.5,1,True,1,0.06129032258064516,0.9422492401215806,21
2025-10-19,2x2,Levante,Rayo Vallecano,13:30,16.5,2,True,1,0.06129032258064516,0.9422492401215806,21
2025-10-19,2x2,Deportivo Garcilaso,Sporting Cristal,19:30,17.0,3,True,1,0.059375,0.943952802359882,21
2025-10-19,2x2,Lorient,Brest,12:15,17.0,4,False,1,0.059375,0.943952802359882,21
2025-10-19,2x2,Libertad,U. Catolica,20:00,17.5,5,False,1,0.05757575757575757,0.9455587392550143,21
2025-10-19,2x2,Palermo,Modena,10:00,18.0,6,False,1,0.055882352941176466,0.947075208913649,21
2025-10-19,2x2,Empoli,Venezia,12:15,18.5,7,False,1,0.054285714285714284,0.948509485094851,21
2025-10-19,2x2,GAIS,Djurgarden,09:00,18.5,8,False,1,0.054285714285714284,0.948509485094851,21
2025-10-19,2x2,Como,Juventus,07:30,19.0,9,False,1,0.05277777777777778,0.949868073878628,21
2025-10-19,2x2,UTA Arad,Otelul,11:30,19.0,10,False,1,0.05277777777777778,0.949868073878628,21
2025-10-19,2x2,Atalanta,Lazio,13:00,19.5,11,False,1,0.05135135135135135,0.9511568123393317,21
2025-10-19,2x2,Cagliari,Bologna,10:00,20.0,12,False,1,0.049999999999999996,0.9523809523809524,21
2025-10-19,2x2,Gyeongnam,Seongnam,02:00,20.0,13,False,1,0.049999999999999996,0.9523809523809524,21
2025-10-19,2x2,BW Linz,Sturm Graz,09:30,20.0,14,False,1,0.049999999999999996,0.9523809523809524,21
2025-10-19,2x2,FC Porto B,Maritimo,07:00,20.0,15,False,1,0.049999999999999996,0.9523809523809524,21
2025-10-19,2x2,Elche,Ath Bilbao,09:00,20.0,16,False,1,0.049999999999999996,0.9523809523809524,21
2025-10-19,2x2,Gorica,Varazdin,13:15,20.0,17,False,1,0.049999999999999996,0.9523809523809524,21
2025-10-19,2x2,Volos,Panserraikos,11:30,20.0,18,False,1,0.049999999999999996,0.9523809523809524,21
2025-10-19,2x2,Valladolid,Gijon,11:15,20.0,19,False,1,0.049999999999999996,0.9523809523809524,21
2025-10-19,2x2,Aris,Panathinaikos,13:30,20.0,20,False,1,0.049999999999999996,0.9523809523809524,21
2025-10-19,2x2,Bahia,Gremio,20:30,20.0,21,False,1,0.049999999999999996,0.9523809523809524,21
2025-10-20,2x2,West Ham,Brentford,16:00,16.5,1,True,1,0.06129032258064516,0.9422492401215806,3
2025-10-20,2x2,Wisla Plock,Termalica B-B.,14:00,18.0,2,True,1,0.055882352941176466,0.947075208913649,3
2025-10-20,2x2,Cremonese,Udinese,15:45,20.0,3,True,1,0.049999999999999996,0.9523809523809524,3
2025-10-21,2x2,Bristol City,Southampton,16:00,16.5,1,True,1,0.06129032258064516,0.9422492401215806,5
2025-10-21,2x2,Preston,Birmingham,15:45,19.0,2,True,1,0.05277777777777778,0.949868073878628,5
2025-10-21,2x2,Derby,Norwich,15:45,19.5,3,True,1,0.05135135135135135,0.9511568123393317,5
2025-10-21,2x2,Reading,Northampton,16:00,19.5,4,False,1,0.05135135135135135,0.9511568123393317,5
2025-10-21,2x2,Millwall,Stoke,15:45,20.0,5,False,1,0.049999999999999996,0.9523809523809524,5
2025-10-22,2x2,Watford,West Brom,15:45,18.5,1,True,1,0.054285714285714284,0.948509485094851,4
2025-10-22,2x2,Swansea,QPR,15:45,19.0,2,True,1,0.05277777777777778,0.949868073878628,4
2025-10-22,2x2,Wrexham,Oxford Utd,15:45,19.0,3,True,1,0.05277777777777778,0.949868073878628,4
2025-10-22,2x2,Real Madrid,Juventus,16:00,19.5,4,False,1,0.05135135135135135,0.9511568123393317,4
2025-10-23,2x2,Exeter,Plymouth,16:00,17.0,1,True,1,0.059375,0.943952802359882,5
2025-10-23,2x2,TPS,KTP,12:30,19.5,2,True,1,0.05135135135135135,0.9511568123393317,5
2025-10-23,2x2,Feyenoord,Panathinaikos,16:00,19.5,3,True,1,0.05135135135135135,0.9511568123393317,5
2025-10-23,2x2,Celtic,Sturm Graz,16:00,20.0,4,False,1,0.049999999999999996,0.9523809523809524,5
2025-10-23,2x2,Sporting Cristal,U. de Deportes,22:00,20.0,5,False,1,0.049999999999999996,0.9523809523809524,5
2025-10-24,2x2,Charleroi,Anderlecht,15:45,17.5,1,True,1,0.05757575757575757,0.9455587392550143,6
2025-10-24,2x2,Real Sociedad,Sevilla,16:00,18.0,2,True,1,0.055882352941176466,0.947075208913649,6
2025-10-24,2x2,Pereira,Aguilas,22:10,19.0,3,True,1,0.05277777777777778,0.949868073878628,6
2025-10-24,2x2,Vizela,Felgueiras,16:45,19.0,4,False,0,-1.0,0.949868073878628,6
2025-10-24,2x2,Preston,Sheffield Utd,16:00,19.5,5,False,1,0.05135135135135135,0.9511568123393317,6
2025-10-24,2x2,Novara,Virtus Verona,15:30,20.0,6,False,1,0.049999999999999996,0.9523809523809524,6
2025-10-25,2x2,Napoli,Inter,13:00,15.0,1,True,1,0.06785714285714285,0.9364548494983278,26
2025-10-25,2x2,KV Mechelen,Leuven,13:15,17.0,2,True,1,0.059375,0.943952802359882,26
2025-10-25,2x2,Sport Recife,Mirassol,18:30,17.0,3,True,1,0.059375,0.943952802359882,26
2025-10-25,2x2,Wellington Phoenix,Brisbane Roar,23:00,17.0,4,False,1,0.059375,0.943952802359882,26
2025-10-25,2x2,Hull,Charlton,11:00,17.5,5,False,1,0.05757575757575757,0.9455587392550143,26
2025-10-25,2x2,Gent,St. Liege,15:45,17.5,6,False,1,0.05757575757575757,0.9455587392550143,26
2025-10-25,2x2,Swansea,Norwich,11:00,17.5,7,False,1,0.05757575757575757,0.9455587392550143,26
2025-10-25,2x2,Leyton Orient,Lincoln,11:00,18.0,8,False,1,0.055882352941176466,0.947075208913649,26
2025-10-25,2x2,SC Ashdod,Hapoel Petah Tikva,13:15,18.0,9,False,1,0.055882352941176466,0.947075208913649,26
2025-10-25,2x2,Sudtirol,Cesena,10:00,18.5,10,False,1,0.054285714285714284,0.948509485094851,26
2025-10-25,2x2,Derby,QPR,11:00,18.5,11,False,1,0.054285714285714284,0.948509485094851,26
2025-10-25,2x2,Portsmouth,Stoke,08:30,18.5,12,False,1,0.054285714285714284,0.948509485094851,26
2025-10-25,2x2,Catanzaro,Palermo,14:30,18.5,13,False,1,0.054285714285714284,0.948509485094851,26
2025-10-25,2x2,Sheffield Wed,Oxford Utd,11:00,18.5,14,False,1,0.054285714285714284,0.948509485094851,26
2025-10-25,2x2,Millwall,Leicester,11:00,19.0,15,False,1,0.05277777777777778,0.949868073878628,26
2025-10-25,2x2,Estrela,Rio Ave,16:30,19.0,16,False,1,0.05277777777777778,0.949868073878628,26
2025-10-25,2x2,Annecy,St Etienne,15:00,19.0,17,False,1,0.05277777777777778,0.949868073878628,26
2025-10-25,2x2,Bristol City,Birmingham,11:00,19.5,18,False,1,0.05135135135135135,0.9511568123393317,26
2025-10-25,2x2,Atl. Tembetary,Sp. Luqueno,17:30,19.5,19,False,1,0.05135135135135135,0.9511568123393317,26
2025-10-25,2x2,Hapoel Jerusalem,Sakhnin,13:30,19.5,20,False,1,0.05135135135135135,0.9511568123393317,26
2025-10-25,2x2,Varazdin,Slaven Belupo,13:00,20.0,21,False,1,0.049999999999999996,0.9523809523809524,26
2025-10-25,2x2,Wycombe,Huddersfield,11:00,20.0,22,False,1,0.049999999999999996,0.9523809523809524,26
2025-10-25,2x2,Parma,Como,10:00,20.0,23,False,1,0.049999999999999996,0.9523809523809524,26
2025-10-25,2x2,Melbourne City,Perth Glory,03:00,20.0,24,False,1,0.049999999999999996,0.9523809523809524,26
2025-10-25,2x2,Athletic Club,America MG,16:00,20.0,25,False,1,0.049999999999999996,0.9523809523809524,26
2025-10-25,2x2,Panserraikos,AEL Larissa,13:30,20.0,26,False,1,0.049999999999999996,0.9523809523809524,26
2025-10-26,2x2,Bari,Mantova,13:15,16.5,1,True,1,0.06129032258064516,0.9422492401215806,9
2025-10-26,2x2,Everton,Tottenham,13:30,17.0,2,True,1,0.059375,0.943952802359882,9
2025-10-26,2x2,Auxerre,Le Havre,13:15,18.0,3,False,1,0.055882352941176466,0.947075208913649,9
2025-10-26,2x2,Ried,SK Rapid,10:30,18.0,4,True,1,0.055882352941176466,0.947075208913649,9
2025-10-26,2x2,Fiorentina,Bologna,14:00,18.0,5,False,0,-1.0,0.947075208913649,9
2025-10-26,2x2,Osasuna,Celta Vigo,14:30,19.0,6,False,1,0.05277777777777778,0.949868073878628,9
2025-10-26,2x2,Lazio,Juventus,16:45,19.0,7,False,1,0.05277777777777778,0.949868073878628,9
2025-10-26,2x2,Bournemouth,Nottingham,11:00,20.0,8,False,1,0.049999999999999996,0.9523809523809524,9
2025-10-26,2x2,Bragantino,Vasco,18:30,20.0,9,False,1,0.049999999999999996,0.9523809523809524,9
2025-10-27,2x2,Malmo FF,Hammarby,15:10,17.0,1,True,1,0.059375,0.943952802359882,6
2025-10-27,2x2,Minnesota United,Seattle Sounders,22:00,17.0,2,True,1,0.059375,0.943952802359882,6
2025-10-27,2x2,FC Botosani,FC Hermannstadt,12:30,19.0,3,True,1,0.05277777777777778,0.949868073878628,6
2025-10-27,2x2,CSKA 1948 Sofia,Ludogorets,12:30,19.0,4,False,1,0.05277777777777778,0.949868073878628,6
2025-10-27,2x2,Port Vale,Stockport County,17:00,19.5,5,False,1,0.05135135135135135,0.9511568123393317,6
2025-10-27,2x2,AEK Larnaca,APOEL,14:00,20.0,6,False,1,0.049999999999999996,0.9523809523809524,6
2025-10-28,2x2,Bradford City,Lincoln,16:45,18.5,1,True,1,0.054285714285714284,0.948509485094851,2
2025-10-28,2x2,Clermont,Montpellier,16:30,19.5,2,True,1,0.05135135135135135,0.9511568123393317,2
2025-10-29,2x2,Le Havre,Brest,15:00,17.0,1,True,1,0.059375,0.943952802359882,6
2025-10-29,2x2,Mantova,Catanzaro,16:30,17.5,2,True,1,0.05757575757575757,0.9455587392550143,6
2025-10-29,2x2,Basel,Zurich,16:30,17.5,3,True,1,0.05757575757575757,0.9455587392550143,6
2025-10-29,2x2,Oliveirense,FC Porto B,16:15,18.0,4,False,1,0.055882352941176466,0.947075208913649,6
2025-10-29,2x2,Arsenal,Brighton,16:45,20.0,5,False,1,0.049999999999999996,0.9523809523809524,6
2025-10-29,2x2,Bologna,Torino,16:45,20.0,6,False,1,0.049999999999999996,0.9523809523809524,6
2025-10-30,2x2,Cagliari,Sassuolo,14:30,19.0,1,True,1,0.05277777777777778,0.949868073878628,1
2025-10-31,2x2,Brisbane Roar,Melbourne City,05:35,20.0,1,True,1,0.049999999999999996,0.9523809523809524,1
2025-11-01,2x2,Valerenga,Bodo/Glimt,12:00,16.5,1,True,1,0.06129032258064516,0.9422492401215806,20
2025-11-01,2x2,Carrarese,Frosinone,11:00,17.0,2,True,1,0.059375,0.943952802359882,20
2025-11-01,2x2,Mirassol,Botafogo RJ,18:00,17.0,3,True,1,0.059375,0.943952802359882,20
2025-11-01,2x2,Rio Ave,Estoril,15:00,17.5,4,False,1,0.05757575757575757,0.9455587392550143,20
2025-11-01,2x2,Red Star,St Etienne,16:00,17.5,5,False,1,0.05757575757575757,0.9455587392550143,20
2025-11-01,2x2,Union Berlin,Freiburg,11:30,18.0,6,False,1,0.055882352941176466,0.947075208913649,20
2025-11-01,2x2,Nacional,Famalicao,12:30,18.0,7,False,1,0.055882352941176466,0.947075208913649,20
2025-11-01,2x2,Watford,Middlesbrough,12:00,18.0,8,False,1,0.055882352941176466,0.947075208913649,20
2025-11-01,2x2,Libertad Asuncion,Olimpia Asuncion,20:00,18.0,9,False,0,-1.0,0.947075208913649,20
2025-11-01,2x2,Atlas,Toluca,20:00,18.0,10,False,1,0.055882352941176466,0.947075208913649,20
2025-11-01,2x2,Los Chankas,Ayacucho,15:00,18.5,11,False,1,0.054285714285714284,0.948509485094851,20
2025-11-01,2x2,Winterthur,Servette,14:00,18.5,12,False,1,0.054285714285714284,0.948509485094851,20
2025-11-01,2x2,BW Linz,LASK,13:00,19.0,13,False,1,0.05277777777777778,0.949868073878628,20
2025-11-01,2x2,Bromley,Bristol Rovers,12:00,19.0,14,False,1,0.05277777777777778,0.949868073878628,20
2025-11-01,2x2,Al Taawon,Al Qadsiah,10:30,19.0,15,False,1,0.05277777777777778,0.949868073878628,20
2025-11-01,2x2,Stoke,Bristol City,12:00,19.0,16,False,1,0.05277777777777778,0.949868073878628,20
2025-11-01,2x2,Hartberg,Austria Vienna,13:00,19.0,17,False,1,0.05277777777777778,0.949868073878628,20
2025-11-01,2x2,Napoli,Como,14:00,19.5,18,False,1,0.05135135135135135,0.9511568123393317,20
2025-11-01,2x2,Entella,Empoli,13:15,20.0,19,False,1,0.049999999999999996,0.9523809523809524,20
2025-11-01,2x2,Oxford Utd,Millwall,12:00,20.0,20,False,0,-1.0,0.9523809523809524,20
2025-11-02,2x2,Leuven,Gent,12:00,17.0,1,True,1,0.059375,0.943952802359882,12
2025-11-02,2x2,Pachuca,Guadalajara Chivas,22:00,17.0,2,True,1,0.059375,0.943952802359882,12
2025-11-02,2x2,Halmstad,Brommapojkarna,10:00,18.0,3,True,1,0.055882352941176466,0.947075208913649,12
2025-11-02,2x2,Bochum,Magdeburg,09:30,18.0,4,False,1,0.055882352941176466,0.947075208913649,12
2025-11-02,2x2,Manchester City,Bournemouth,13:30,18.5,5,False,1,0.054285714285714284,0.948509485094851,12
2025-11-02,2x2,Koper,O. Ljubljana,11:00,19.0,6,False,1,0.05277777777777778,0.949868073878628,12
2025-11-02,2x2,Nantes,Metz,13:15,19.0,7,False,1,0.05277777777777778,0.949868073878628,12
2025-11-02,2x2,Elfsborg,AIK,10:00,19.0,8,False,1,0.05277777777777778,0.949868073878628,12
2025-11-02,2x2,Toulouse,Le Havre,13:15,19.5,9,False,1,0.05135135135135135,0.9511568123393317,12
2025-11-02,2x2,Viborg,Randers FC,10:00,19.5,10,False,1,0.05135135135135135,0.9511568123393317,12
2025-11-02,2x2,Silkeborg,Brondby,16:00,19.5,11,False,1,0.05135135135135135,0.9511568123393317,12
2025-11-02,2x2,Gijon,Las Palmas,12:15,20.0,12,False,1,0.049999999999999996,0.9523809523809524,12
2025-11-03,2x2,Asteras Tripolis,OFI Crete,12:00,16.5,1,True,1,0.06129032258064516,0.9422492401215806,10
2025-11-03,2x2,Gorica,Lok. Zagreb,14:00,17.5,2,True,1,0.05757575757575757,0.9455587392550143,10
2025-11-03,2x2,Varnamo,Mjallby,15:00,18.5,3,True,1,0.054285714285714284,0.948509485094851,10
2025-11-03,2x2,Cracovia,Zaglebie,16:30,19.0,4,False,1,0.05277777777777778,0.949868073878628,10
2025-11-03,2x2,Al Jabalain,Al Orubah,09:30,19.5,5,False,1,0.05135135135135135,0.9511568123393317,10
2025-11-03,2x2,Beroe,Lok. Sofia,11:00,19.5,6,False,1,0.05135135135135135,0.9511568123393317,10
2025-11-03,2x2,Sunderland,Everton,17:00,19.5,7,False,1,0.05135135135135135,0.9511568123393317,10
2025-11-03,2x2,Oliveirense,Maritimo,15:00,20.0,8,False,1,0.049999999999999996,0.9523809523809524,10
2025-11-03,2x2,AlbinoLeffe,Inter U23,16:30,20.0,9,False,1,0.049999999999999996,0.9523809523809524,10
2025-11-03,2x2,Pacos Ferreira,Leixoes,15:00,20.0,10,False,1,0.049999999999999996,0.9523809523809524,10
2025-11-04,2x2,Torreense,Felgueiras,13:00,18.0,1,True,1,0.055882352941176466,0.947075208913649,5
2025-11-04,2x2,Leicester,Middlesbrough,16:45,18.5,2,True,1,0.054285714285714284,0.948509485094851,5
2025-11-04,2x2,Oxford Utd,Stoke,16:45,18.5,3,True,1,0.054285714285714284,0.948509485094851,5
2025-11-04,2x2,Derby,Hull,16:45,19.0,4,False,1,0.05277777777777778,0.949868073878628,5
2025-11-04,2x2,Boreham Wood,Aldershot,16:45,20.0,5,False,1,0.049999999999999996,0.9523809523809524,5
2025-11-05,2x2,Altrincham,Boston Utd,16:45,18.5,1,True,1,0.054285714285714284,0.948509485094851,5
2025-11-05,2x2,Portsmouth,Wrexham,17:00,19.0,2,True,1,0.05277777777777778,0.949868073878628,5
2025-11-05,2x2,Los Chankas,Alianza Lima,17:15,19.0,3,True,1,0.05277777777777778,0.949868073878628,5
2025-11-05,2x2,Gremio,Cruzeiro,20:00,19.0,4,False,1,0.05277777777777778,0.949868073878628,5
2025-11-05,2x2,Vitoria,Internacional,19:00,20.0,5,False,1,0.049999999999999996,0.9523809523809524,5
2025-11-06,2x2,Nice,Freiburg,14:45,16.5,1,True,1,0.06129032258064516,0.9422492401215806,7
2025-11-06,2x2,Malmo FF,Panathinaikos,14:45,17.5,2,True,1,0.05757575757575757,0.9455587392550143,7
2025-11-06,2x2,PAOK,Young Boys,17:00,18.0,3,True,1,0.055882352941176466,0.947075208913649,7
2025-11-06,2x2,Al Riyadh,Damac,14:30,18.5,4,False,1,0.054285714285714284,0.948509485094851,7
2025-11-06,2x2,Mainz,Fiorentina,14:45,18.5,5,False,1,0.054285714285714284,0.948509485094851,7
2025-11-06,2x2,Al Qadsiah,Al Kholood,14:30,20.0,6,False,1,0.049999999999999996,0.9523809523809524,7
2025-11-06,2x2,Reading,Stevenage,17:00,20.0,7,False,1,0.049999999999999996,0.9523809523809524,7
2025-11-07,2x2,Charlotte,New York City,21:00,16.5,1,True,1,0.06129032258064516,0.9422492401215806,11
2025-11-07,2x2,Zaglebie,Gornik Zabrze,16:30,17.0,2,True,1,0.059375,0.943952802359882,11
2025-11-07,2x2,Estoril,Arouca,17:15,17.5,3,True,1,0.05757575757575757,0.9455587392550143,11
2025-11-07,2x2,Radomiak Radom,Cracovia,14:00,17.5,4,False,1,0.05757575757575757,0.9455587392550143,11
2025-11-07,2x2,Concarneau,Orleans,15:30,18.0,5,False,1,0.055882352941176466,0.947075208913649,11
2025-11-07,2x2,Admira,St. Polten,16:30,19.0,6,False,1,0.05277777777777778,0.949868073878628,11
2025-11-07,2x2,Stade Nyonnais,Etoile-Carouge,15:30,19.5,7,False,1,0.05135135135135135,0.9511568123393317,11
2025-11-07,2x2,Villefranche,Stade Briochin,15:30,19.5,8,False,1,0.05135135135135135,0.9511568123393317,11
2025-11-07,2x2,Elche,Real Sociedad,17:00,19.5,9,False,1,0.05135135135135135,0.9511568123393317,11
2025-11-07,2x2,Watford,Bristol City,17:00,20.0,10,False,1,0.049999999999999996,0.9523809523809524,11
2025-11-07,2x2,Union La Calera,Deportes Iquique,20:00,20.0,11,False,1,0.049999999999999996,0.9523809523809524,11
2025-11-08,2x2,Cosenza,Casarano,13:30,17.0,1,True,1,0.059375,0.943952802359882,35
2025-11-08,2x2,Daegu,Gwangju FC,02:00,17.5,2,True,1,0.05757575757575757,0.9455587392550143,35
2025-11-08,2x2,Benfica B,Vizela,15:00,17.5,3,True,1,0.05757575757575757,0.9455587392550143,35
2025-11-08,2x2,Mantova,Padova,11:00,17.5,4,False,1,0.05757575757575757,0.9455587392550143,35
2025-11-08,2x2,Malaga,Cordoba,17:00,17.5,5,False,0,-1.0,0.9455587392550143,35
2025-11-08,2x2,Truro,Altrincham,12:00,18.0,6,False,1,0.055882352941176466,0.947075208913649,35
2025-11-08,2x2,Sudtirol,Carrarese,11:00,18.0,7,False,1,0.055882352941176466,0.947075208913649,35
2025-11-08,2x2,Hull,Portsmouth,09:30,18.0,8,False,1,0.055882352941176466,0.947075208913649,35
2025-11-08,2x2,Lok. Zagreb,Slaven Belupo,11:00,18.5,9,False,1,0.054285714285714284,0.948509485094851,35
2025-11-08,2x2,Frosinone,Modena,11:00,18.5,10,False,0,-1.0,0.948509485094851,35
2025-11-08,2x2,Huddersfield,Plymouth,12:00,18.5,11,False,1,0.054285714285714284,0.948509485094851,35
2025-11-08,2x2,Sport Recife,Atletico-MG,16:00,18.5,12,False,1,0.054285714285714284,0.948509485094851,35
2025-11-08,2x2,Everton,Fulham,12:00,19.0,13,False,1,0.05277777777777778,0.949868073878628,35
2025-11-08,2x2,Blackpool,Cardiff,12:00,19.0,14,False,1,0.05277777777777778,0.949868073878628,35
2025-11-08,2x2,Empoli,Catanzaro,11:00,19.0,15,False,1,0.05277777777777778,0.949868073878628,35
2025-11-08,2x2,Tondela,Vitoria Guimaraes,15:00,19.0,16,False,1,0.05277777777777778,0.949868073878628,35
2025-11-08,2x2,La Serena,U. Catolica,12:30,19.0,17,False,1,0.05277777777777778,0.949868073878628,35
2025-11-08,2x2,GKS Katowice,Piast Gliwice,16:15,19.0,18,False,1,0.05277777777777778,0.949868073878628,35
2025-11-08,2x2,Sevilla,Osasuna,12:15,19.0,19,False,1,0.05277777777777778,0.949868073878628,35
2025-11-08,2x2,Internacional,Bahia,18:30,19.0,20,False,0,-1.0,0.949868073878628,35
2025-11-08,2x2,Eibar,Albacete,12:15,19.5,21,False,1,0.05135135135135135,0.9511568123393317,35
2025-11-08,2x2,West Ham,Burnley,12:00,19.5,22,False,1,0.05135135135135135,0.9511568123393317,35
2025-11-08,2x2,Zlin,Bohemians,11:00,19.5,23,False,1,0.05135135135135135,0.9511568123393317,35
2025-11-08,2x2,Busan,Asan,04:30,19.5,24,False,1,0.05135135135135135,0.9511568123393317,35
2025-11-08,2x2,Alverca,Rio Ave,12:30,19.5,25,False,1,0.05135135135135135,0.9511568123393317,35
2025-11-08,2x2,Middlesbrough,Birmingham,12:00,19.5,26,False,1,0.05135135135135135,0.9511568123393317,35
2025-11-08,2x2,Wrexham,Charlton,12:00,20.0,27,False,1,0.049999999999999996,0.9523809523809524,35
2025-11-08,2x2,Swansea,Ipswich,12:00,20.0,28,False,1,0.049999999999999996,0.9523809523809524,35
2025-11-08,2x2,Neom SC,Al Nassr,10:50,20.0,29,False,1,0.049999999999999996,0.9523809523809524,35
2025-11-08,2x2,Jeonnam,Incheon,02:00,20.0,30,False,1,0.049999999999999996,0.9523809523809524,35
2025-11-08,2x2,Bayer Leverkusen,Heidenheim,11:30,20.0,31,False,1,0.049999999999999996,0.9523809523809524,35
2025-11-08,2x2,Real Sociedad B,Leganes,10:00,20.0,32,False,1,0.049999999999999996,0.9523809523809524,35
2025-11-08,2x2,Wolfsberger AC,Hartberg,13:00,20.0,33,False,1,0.049999999999999996,0.9523809523809524,35
2025-11-08,2x2,O'Higgins,Nublense,20:30,20.0,34,False,1,0.049999999999999996,0.9523809523809524,35
2025-11-08,2x2,Cancun,Leones Negros,22:00,20.0,35,False,1,0.049999999999999996,0.9523809523809524,35
2025-11-09,2x2,SJK,Gnistan,10:00,17.0,1,True,1,0.059375,0.943952802359882,23
2025-11-09,2x2,Valencia,Betis,14:30,17.0,2,True,1,0.059375,0.943952802359882,23
2025-11-09,2x2,Tirol,SK Rapid,10:30,18.0,3,True,1,0.055882352941176466,0.947075208913649,23
2025-11-09,2x2,Las Palmas,Racing Santander,10:00,18.0,4,False,1,0.055882352941176466,0.947075208913649,23
2025-11-09,2x2,Panathinaikos,PAOK,16:00,18.0,5,False,1,0.055882352941176466,0.947075208913649,23
2025-11-09,2x2,Plzen,Slavia Prague,14:30,18.5,6,False,1,0.054285714285714284,0.948509485094851,23
2025-11-09,2x2,Vitoria,Botafogo RJ,16:00,18.5,7,False,1,0.054285714285714284,0.948509485094851,23
2025-11-09,2x2,Lorient,Toulouse,11:00,18.5,8,False,1,0.054285714285714284,0.948509485094851,23
2025-11-09,2x2,San Diego FC,Portland Timbers,23:00,18.5,9,False,1,0.054285714285714284,0.948509485094851,23
2025-11-09,2x2,Cobresal,Everton,20:00,18.5,10,False,1,0.054285714285714284,0.948509485094851,23
2025-11-09,2x2,Nottingham,Leeds,11:00,19.0,11,False,1,0.05277777777777778,0.949868073878628,23
2025-11-09,2x2,Fortaleza,Gremio,20:30,19.0,12,False,0,-1.0,0.949868073878628,23
2025-11-09,2x2,EL Nacional,Emelec,17:30,19.0,13,False,1,0.05277777777777778,0.949868073878628,23
2025-11-09,2x2,Mirassol,Palmeiras,20:30,19.0,14,False,1,0.05277777777777778,0.949868073878628,23
2025-11-09,2x2,Siracusa,Latina,10:30,19.5,15,False,1,0.05135135135135135,0.9511568123393317,23
2025-11-09,2x2,Estrela,Nacional,12:30,19.5,16,False,1,0.05135135135135135,0.9511568123393317,23
2025-11-09,2x2,KV Mechelen,Royale Union SG,15:15,19.5,17,False,1,0.05135135135135135,0.9511568123393317,23
2025-11-09,2x2,G.A. Eagles,Feyenoord,16:00,19.5,18,False,1,0.05135135135135135,0.9511568123393317,23
2025-11-09,2x2,Felgueiras,Academico Viseu,11:00,20.0,19,False,1,0.049999999999999996,0.9523809523809524,23
2025-11-09,2x2,Freiburg,St. Pauli,11:30,20.0,20,False,1,0.049999999999999996,0.9523809523809524,23
2025-11-09,2x2,Sorrento,Audace Cerignola,13:30,20.0,21,False,1,0.049999999999999996,0.9523809523809524,23
2025-11-09,2x2,Atromitos,Volos,14:00,20.0,22,False,1,0.049999999999999996,0.9523809523809524,23
2025-11-09,2x2,Lusitania FC,Leiria,17:30,20.0,23,False,1,0.049999999999999996,0.9523809523809524,23
2025-11-10,2x2,Ironi Modiin,Hapoel Afula,14:00,18.0,1,True,1,0.055882352941176466,0.947075208913649,3
2025-11-10,2x2,Salernitana,Crotone,16:30,18.5,2,True,1,0.054285714285714284,0.948509485094851,3
2025-11-10,2x2,Burgos CF,Castellon,16:30,19.5,3,True,1,0.05135135135135135,0.9511568123393317,3
2025-11-13,2x2,Zacatecas Mineros,Irapuato,00:00,17.5,1,True,1,0.05757575757575757,0.9455587392550143,5
2025-11-13,2x2,Trinidad & Tobago,Jamaica,21:00,19.0,2,True,1,0.05277777777777778,0.949868073878628,5
2025-11-13,2x2,Haiti,Costa Rica,23:00,19.0,3,True,1,0.05277777777777778,0.949868073878628,5
2025-11-13,2x2,U. Magdalena,Fortaleza,21:00,19.5,4,False,1,0.05135135135135135,0.9511568123393317,5
2025-11-13,2x2,Dep. Cali,Once Caldas,21:00,20.0,5,False,1,0.049999999999999996,0.9523809523809524,5
2025-11-14,2x2,Paysandu PA,Amazonas,20:00,20.0,1,True,0,-1.0,0.9523809523809524,1
2025-11-18,2x2,Scotland,Denmark,16:45,18.0,1,True,1,0.055882352941176466,0.947075208913649,2
2025-11-18,2x2,Kosovo,Switzerland,16:45,19.5,2,True,1,0.05135135135135135,0.9511568123393317,2
2025-11-19,2x2,Atl. Morelia,Irapuato,23:00,16.5,1,True,1,0.06129032258064516,0.9422492401215806,3
2025-11-19,2x2,Grau,Sporting Cristal,17:00,17.0,2,True,1,0.059375,0.943952802359882,3
2025-11-19,2x2,Santos,Mirassol,21:30,19.0,3,True,1,0.05277777777777778,0.949868073878628,3
2025-11-20,2x2,Pachuca,UNAM Pumas,22:00,19.5,1,True,1,0.05135135135135135,0.9511568123393317,1
2025-11-21,2x2,Pafos,Aris,14:00,17.5,1,True,1,0.05757575757575757,0.9455587392550143,10
2025-11-21,2x2,Termalica B-B.,Arka Gdynia,14:00,17.5,2,True,1,0.05757575757575757,0.9455587392550143,10
2025-11-21,2x2,Rodez,Dunkerque,16:00,17.5,3,True,1,0.05757575757575757,0.9455587392550143,10
2025-11-21,2x2,Csikszereda M. Ciuc,Unirea Slobozia,12:30,18.0,4,False,1,0.055882352941176466,0.947075208913649,10
2025-11-21,2x2,Al Ahli SC,Al Qadsiah,14:30,18.5,5,False,1,0.054285714285714284,0.948509485094851,10
2025-11-21,2x2,Audace Cerignola,Crotone,16:30,19.0,6,False,1,0.05277777777777778,0.949868073878628,10
2025-11-21,2x2,Slaven Belupo,Vukovar 1991,14:00,19.5,7,False,1,0.05135135135135135,0.9511568123393317,10
2025-11-21,2x2,Beroe,Spartak Varna,12:45,19.5,8,False,1,0.05135135135135135,0.9511568123393317,10
2025-11-21,2x2,Orleans,Aubagne,15:30,20.0,9,False,1,0.049999999999999996,0.9523809523809524,10
2025-11-21,2x2,Chateauroux,Versailles,15:30,20.0,10,False,1,0.049999999999999996,0.9523809523809524,10
2025-11-22,2x2,Beijing Guoan,Meizhou Hakka,04:30,17.0,1,True,1,0.059375,0.943952802359882,38
2025-11-22,2x2,UTA Arad,U. Cluj,10:00,17.0,2,True,1,0.059375,0.943952802359882,38
2025-11-22,2x2,Mansfield,Huddersfield,12:00,17.0,3,True,1,0.059375,0.943952802359882,38
2025-11-22,2x2,Avellino,Empoli,11:00,17.5,4,False,1,0.05757575757575757,0.9455587392550143,38
2025-11-22,2x2,Leicester,Stoke,12:00,17.5,5,False,1,0.05757575757575757,0.9455587392550143,38
2025-11-22,2x2,Bari,Frosinone,15:30,17.5,6,False,1,0.05757575757575757,0.9455587392550143,38
2025-11-22,2x2,Preussen Munster,Schalke,09:00,18.0,7,False,1,0.055882352941176466,0.947075208913649,38
2025-11-22,2x2,Fulham,Sunderland,12:00,18.0,8,False,1,0.055882352941176466,0.947075208913649,38
2025-11-22,2x2,Sturm Graz II,Hertha Wels,16:00,18.0,9,False,1,0.055882352941176466,0.947075208913649,38
2025-11-22,2x2,Napoli,Atalanta,16:45,18.0,10,False,1,0.055882352941176466,0.947075208913649,38
2025-11-22,2x2,Oxford Utd,Middlesbrough,12:00,18.5,11,False,1,0.054285714285714284,0.948509485094851,38
2025-11-22,2x2,Gwangju FC,Ulsan HD,04:30,18.5,12,False,1,0.054285714285714284,0.948509485094851,38
2025-11-22,2x2,Osasuna,Real Sociedad,14:30,18.5,13,False,1,0.054285714285714284,0.948509485094851,38
2025-11-22,2x2,FK Pardubice,Liberec,11:00,18.5,14,False,1,0.054285714285714284,0.948509485094851,38
2025-11-22,2x2,Daejeon,Gangwon,02:00,18.5,15,False,1,0.054285714285714284,0.948509485094851,38
2025-11-22,2x2,Portsmouth,Millwall,12:00,19.0,16,False,1,0.05277777777777778,0.949868073878628,38
2025-11-22,2x2,Cracovia,Motor Lublin,10:45,19.0,17,False,1,0.05277777777777778,0.949868073878628,38
2025-11-22,2x2,AlbinoLeffe,Lumezzane,10:30,19.0,18,False,1,0.05277777777777778,0.949868073878628,38
2025-11-22,2x2,Granada CF,Cordoba,17:00,19.0,19,False,1,0.05277777777777778,0.949868073878628,38
2025-11-22,2x2,Leganes,Almeria,14:30,19.0,20,False,1,0.05277777777777778,0.949868073878628,38
2025-11-22,2x2,Charlton,Southampton,09:30,19.0,21,False,1,0.05277777777777778,0.949868073878628,38
2025-11-22,2x2,Coventry,West Brom,09:30,19.0,22,False,1,0.05277777777777778,0.949868073878628,38
2025-11-22,2x2,Asteras Tripolis,Panetolikos,14:30,19.5,23,False,1,0.05135135135135135,0.9511568123393317,38
2025-11-22,2x2,Fiorentina,Juventus,14:00,19.5,24,False,1,0.05135135135135135,0.9511568123393317,38
2025-11-22,2x2,Port Vale,Plymouth,09:30,19.5,25,False,1,0.05135135135135135,0.9511568123393317,38
2025-11-22,2x2,Entella,Palermo,11:00,19.5,26,False,1,0.05135135135135135,0.9511568123393317,38
2025-11-22,2x2,Barcelona,Ath Bilbao,12:15,19.5,27,False,1,0.05135135135135135,0.9511568123393317,38
2025-11-22,2x2,Hartberg,Ried,13:00,19.5,28,False,1,0.05135135135135135,0.9511568123393317,38
2025-11-22,2x2,Gateshead,Boreham Wood,12:00,19.5,29,False,1,0.05135135135135135,0.9511568123393317,38
2025-11-22,2x2,Zilina,Trencin,11:30,19.5,30,False,1,0.05135135135135135,0.9511568123393317,38
2025-11-22,2x2,Teplice,Ostrava,11:00,20.0,31,False,1,0.049999999999999996,0.9523809523809524,38
2025-11-22,2x2,Alaves,Celta Vigo,10:00,20.0,32,False,1,0.049999999999999996,0.9523809523809524,38
2025-11-22,2x2,Altach,Wolfsberger AC,13:00,20.0,33,False,1,0.049999999999999996,0.9523809523809524,38
2025-11-22,2x2,Liverpool,Nottingham,12:00,20.0,34,False,1,0.049999999999999996,0.9523809523809524,38
2025-11-22,2x2,Northampton,Cardiff,12:00,20.0,35,False,1,0.049999999999999996,0.9523809523809524,38
2025-11-22,2x2,Eastleigh,Hartlepool,12:00,20.0,36,False,1,0.049999999999999996,0.9523809523809524,38
2025-11-22,2x2,Arda,CSKA 1948 Sofia,07:00,20.0,37,False,1,0.049999999999999996,0.9523809523809524,38
2025-11-22,2x2,Amiens,Guingamp,10:00,20.0,38,False,1,0.049999999999999996,0.9523809523809524,38
2025-11-23,2x2,Inter,AC Milan,16:45,17.0,1,True,1,0.059375,0.943952802359882,15
2025-11-23,2x2,RB Leipzig,Werder Bremen,11:30,18.0,2,True,1,0.055882352941176466,0.947075208913649,15
2025-11-23,2x2,Nantes,Lorient,13:15,18.0,3,True,1,0.055882352941176466,0.947075208913649,15
2025-11-23,2x2,Auxerre,Lyon,11:00,18.0,4,False,1,0.055882352941176466,0.947075208913649,15
2025-11-23,2x2,Leeds,Aston Villa,11:00,18.5,5,False,1,0.054285714285714284,0.948509485094851,15
2025-11-23,2x2,St. Pauli,Union Berlin,13:30,18.5,6,False,1,0.054285714285714284,0.948509485094851,15
2025-11-23,2x2,Antwerp,Dender,12:00,18.5,7,False,1,0.054285714285714284,0.948509485094851,15
2025-11-23,2x2,Mantova,Spezia,11:00,19.0,8,False,1,0.05277777777777778,0.949868073878628,15
2025-11-23,2x2,Barcelona SC,LDU Quito,17:30,19.0,9,False,0,-1.0,0.949868073878628,15
2025-11-23,2x2,Al Okhdood,Al Shabab,12:05,19.5,10,False,1,0.05135135135135135,0.9511568123393317,15
2025-11-23,2x2,Kofu,Toyama,02:00,19.5,11,False,1,0.05135135135135135,0.9511568123393317,15
2025-11-23,2x2,Sheffield Wed,Sheffield Utd,09:00,19.5,12,False,1,0.05135135135135135,0.9511568123393317,15
2025-11-23,2x2,Asan,Jeonnam,02:00,20.0,13,False,1,0.049999999999999996,0.9523809523809524,15
2025-11-23,2x2,Burgos CF,Racing Santander,14:30,20.0,14,False,1,0.049999999999999996,0.9523809523809524,15
2025-11-23,2x2,Operario-PR,Ferroviaria,16:30,20.0,15,False,1,0.049999999999999996,0.9523809523809524,15
2025-11-24,2x2,AEL Larissa,OFI Crete,15:00,17.0,1,True,1,0.059375,0.943952802359882,6
2025-11-24,2x2,Internacional,Santos,21:00,18.5,2,True,1,0.054285714285714284,0.948509485094851,6
2025-11-24,2x2,Real Sociedad B,Valladolid,16:30,20.0,3,True,1,0.049999999999999996,0.9523809523809524,6
2025-11-24,2x2,Sampdoria,Juve Stabia,16:30,20.0,4,False,1,0.049999999999999996,0.9523809523809524,6
2025-11-24,2x2,Reims,Montpellier,16:45,20.0,5,False,1,0.049999999999999996,0.9523809523809524,6
2025-11-24,2x2,Espanyol,Sevilla,17:00,20.0,6,False,1,0.049999999999999996,0.9523809523809524,6
2025-11-25,2x2,Middlesbrough,Coventry,16:45,17.0,1,True,1,0.059375,0.943952802359882,4
2025-11-25,2x2,Luton,Huddersfield,16:45,17.5,2,True,1,0.05757575757575757,0.9455587392550143,4
2025-11-25,2x2,Peterborough,Stevenage,16:45,19.0,3,True,1,0.05277777777777778,0.949868073878628,4
2025-11-25,2x2,Gremio,Palmeiras,21:30,19.5,4,False,1,0.05135135135135135,0.9511568123393317,4
2025-11-26,2x2,Wrexham,Bristol City,16:45,18.0,1,True,1,0.055882352941176466,0.947075208913649,2
2025-11-26,2x2,Juarez,Toluca,22:00,18.5,2,True,1,0.054285714285714284,0.948509485094851,2
2025-11-27,2x2,Monterrey,Club America,00:05,17.0,1,True,1,0.059375,0.943952802359882,9
2025-11-27,2x2,Seoul E-Land,Seongnam,07:00,17.5,2,True,1,0.05757575757575757,0.9455587392550143,9
2025-11-27,2x2,Zrinjski,Hacken,14:45,17.5,3,True,1,0.05757575757575757,0.9455587392550143,9
2025-11-27,2x2,America De Cali,Ind. Medellin,20:30,18.0,4,False,1,0.055882352941176466,0.947075208913649,9
2025-11-27,2x2,Fiorentina,AEK Athens,17:00,18.5,5,False,1,0.054285714285714284,0.948509485094851,9
2025-11-27,2x2,Guadalajara Chivas,Cruz Azul,23:07,18.5,6,False,1,0.054285714285714284,0.948509485094851,9
2025-11-27,2x2,Strasbourg,Crystal Palace,17:00,19.0,7,False,1,0.05277777777777778,0.949868073878628,9
2025-11-27,2x2,Plzen,Freiburg,14:45,19.0,8,False,1,0.05277777777777778,0.949868073878628,9
2025-11-27,2x2,Recoleta,Nacional Asuncion,20:00,19.0,9,False,1,0.05277777777777778,0.949868073878628,9
2025-11-28,2x2,Schalke,Paderborn,14:30,16.5,1,True,1,0.06129032258064516,0.9422492401215806,5
2025-11-28,2x2,Brisbane Roar,Melbourne Victory,05:35,17.5,2,True,1,0.05757575757575757,0.9455587392550143,5
2025-11-28,2x2,Vasco,Internacional,19:30,18.0,3,True,1,0.055882352941176466,0.947075208913649,5
2025-11-28,2x2,Juventude,Bahia,19:00,19.0,4,False,1,0.05277777777777778,0.949868073878628,5
2025-11-28,2x2,Cambuur,Helmond,16:00,20.0,5,False,1,0.049999999999999996,0.9523809523809524,5
2025-11-29,2x2,OFI Crete,Volos,12:30,16.5,1,True,1,0.06129032258064516,0.9422492401215806,27
2025-11-29,2x2,Everton,Newcastle,14:30,16.5,2,True,1,0.06129032258064516,0.9422492401215806,27
2025-11-29,2x2,Tottenham,Fulham,17:00,16.5,3,True,1,0.06129032258064516,0.9422492401215806,27
2025-11-29,2x2,South Melbourne,Heidelberg Utd,01:35,17.0,4,False,1,0.059375,0.943952802359882,27
2025-11-29,2x2,Luton,Bolton,12:00,17.0,5,False,1,0.059375,0.943952802359882,27
2025-11-29,2x2,Sunderland,Bournemouth,12:00,17.0,6,False,1,0.059375,0.943952802359882,27
2025-11-29,2x2,Portsmouth,Bristol City,09:30,17.0,7,False,1,0.059375,0.943952802359882,27
2025-11-29,2x2,Leicester,Sheffield Utd,09:30,17.0,8,False,1,0.059375,0.943952802359882,27
2025-11-29,2x2,Hradec Kralove,Jablonec,11:00,17.0,9,False,1,0.059375,0.943952802359882,27
2025-11-29,2x2,Millwall,Southampton,12:00,17.5,10,False,1,0.05757575757575757,0.9455587392550143,27
2025-11-29,2x2,Oliveirense,Leixoes,11:00,18.0,11,False,1,0.055882352941176466,0.947075208913649,27
2025-11-29,2x2,Blackpool,Reading,09:30,18.0,12,False,1,0.055882352941176466,0.947075208913649,27
2025-11-29,2x2,Duisburg,Alemannia Aachen,10:00,18.0,13,False,1,0.055882352941176466,0.947075208913649,27
2025-11-29,2x2,Inter Miami,New York City,20:00,18.0,14,False,1,0.055882352941176466,0.947075208913649,27
2025-11-29,2x2,Cultural Leonesa,Granada CF,12:15,18.5,15,False,1,0.054285714285714284,0.948509485094851,27
2025-11-29,2x2,Pescara,Padova,11:00,18.5,16,False,1,0.054285714285714284,0.948509485094851,27
2025-11-29,2x2,Levante,Ath Bilbao,14:30,18.5,17,False,1,0.054285714285714284,0.948509485094851,27
2025-11-29,2x2,Ried,Wolfsberger AC,13:00,18.5,18,False,1,0.054285714285714284,0.948509485094851,27
2025-11-29,2x2,Moreirense,Famalicao,12:30,18.5,19,False,0,-1.0,0.948509485094851,27
2025-11-29,2x2,Parma,Udinese,11:00,19.0,20,False,1,0.05277777777777778,0.949868073878628,27
2025-11-29,2x2,Paris FC,Auxerre,15:00,19.0,21,False,1,0.05277777777777778,0.949868073878628,27
2025-11-29,2x2,Sheffield Wed,Preston,12:00,19.0,22,False,1,0.05277777777777778,0.949868073878628,27
2025-11-29,2x2,Plymouth,Northampton,12:00,19.5,23,False,1,0.05135135135135135,0.9511568123393317,27
2025-11-29,2x2,Palermo,Carrarese,15:30,19.5,24,False,1,0.05135135135135135,0.9511568123393317,27
2025-11-29,2x2,Catanzaro,Entella,13:15,20.0,25,False,1,0.049999999999999996,0.9523809523809524,27
2025-11-29,2x2,Korona Kielce,Cracovia,13:30,20.0,26,False,1,0.049999999999999996,0.9523809523809524,27
2025-11-29,2x2,Luzern,Winterthur,16:30,20.0,27,False,1,0.049999999999999996,0.9523809523809524,27
2025-11-30,2x2,Chelsea,Arsenal,13:30,17.0,1,True,1,0.059375,0.943952802359882,11
2025-11-30,2x2,Lorient,Nice,13:15,17.0,2,True,1,0.059375,0.943952802359882,11
2025-11-30,2x2,Sevilla,Betis,12:15,18.0,3,True,1,0.055882352941176466,0.947075208913649,11
2025-11-30,2x2,Girona,Real Madrid,17:00,18.0,4,False,1,0.055882352941176466,0.947075208913649,11
2025-11-30,2x2,Gent,St. Truiden,15:15,18.5,5,False,1,0.054285714285714284,0.948509485094851,11
2025-11-30,2x2,Freiburg,Mainz,15:30,19.0,6,False,1,0.05277777777777778,0.949868073878628,11
2025-11-30,2x2,Cordoba,Cadiz CF,14:30,20.0,7,False,1,0.049999999999999996,0.9523809523809524,11
2025-11-30,2x2,Le Havre,Lille,13:15,20.0,8,False,1,0.049999999999999996,0.9523809523809524,11
2025-11-30,2x2,Anderlecht,Royale Union SG,14:30,20.0,9,False,1,0.049999999999999996,0.9523809523809524,11
2025-11-30,2x2,Corinthians,Botafogo RJ,16:00,20.0,10,False,0,-1.0,0.9523809523809524,11
2025-11-30,2x2,Nacional,Penarol,16:30,20.0,11,False,1,0.049999999999999996,0.9523809523809524,11
2025-12-01,2x2,Birmingham,Watford,17:00,20.0,1,True,1,0.049999999999999996,0.9523809523809524,2
2025-12-01,2x2,Rayo Vallecano,Valencia,17:00,20.0,2,True,1,0.049999999999999996,0.9523809523809524,2
2025-12-02,2x2,Bournemouth,Everton,16:30,17.0,1,True,1,0.059375,0.943952802359882,1
2025-12-03,2x2,Wolves,Nottingham,16:30,19.0,1,True,1,0.05277777777777778,0.949868073878628,1
2025-12-04,2x2,Lazio,AC Milan,17:00,19.0,1,True,1,0.05277777777777778,0.949868073878628,3
2025-12-04,2x2,Manchester Utd,West Ham,17:00,19.5,2,True,1,0.05135135135135135,0.9511568123393317,3
2025-12-04,2x2,Cruzeiro,Botafogo RJ,19:30,20.0,3,True,0,-1.0,0.9523809523809524,3
2025-12-05,2x2,Penafiel,Leiria,15:00,18.5,1,True,1,0.054285714285714284,0.948509485094851,7
2025-12-05,2x2,Almere City,Jong Ajax,16:00,18.5,2,True,1,0.054285714285714284,0.948509485094851,7
2025-12-05,2x2,Benfica,Sporting CP,17:15,18.5,3,True,1,0.054285714285714284,0.948509485094851,7
2025-12-05,2x2,Grenoble,Nancy,16:00,19.0,4,False,1,0.05277777777777778,0.949868073878628,7
2025-12-05,2x2,RAAL La Louviere,Dender,16:45,19.5,5,False,1,0.05135135135135135,0.9511568123393317,7
2025-12-05,2x2,Slaven Belupo,Gorica,14:00,19.5,6,False,1,0.05135135135135135,0.9511568123393317,7
2025-12-05,2x2,Koper,Domzale,13:30,20.0,7,False,1,0.049999999999999996,0.9523809523809524,7
2025-12-06,2x2,Stuttgart,Bayern Munich,11:30,16.5,1,True,1,0.06129032258064516,0.9422492401215806,30
2025-12-06,2x2,Chesterfield,Doncaster,16:30,16.5,2,True,1,0.06129032258064516,0.9422492401215806,30
2025-12-06,2x2,Tottenham,Brentford,12:00,16.5,3,True,1,0.06129032258064516,0.9422492401215806,30
2025-12-06,2x2,Chelmsford,Weston-super-Mare,12:00,16.5,4,False,1,0.06129032258064516,0.9422492401215806,30
2025-12-06,2x2,SK Rapid,Ried,13:00,17.0,5,False,1,0.059375,0.943952802359882,30
2025-12-06,2x2,Arka Gdynia,Motor Lublin,08:15,17.0,6,False,1,0.059375,0.943952802359882,30
2025-12-06,2x2,Wolfsburg,Union Berlin,11:30,17.0,7,False,1,0.059375,0.943952802359882,30
2025-12-06,2x2,TSV Havelse,Verl,10:00,17.0,8,False,0,-1.0,0.943952802359882,30
2025-12-06,2x2,Toulouse,Strasbourg,15:00,17.0,9,False,1,0.059375,0.943952802359882,30
2025-12-06,2x2,Sassuolo,Fiorentina,11:00,18.0,10,False,1,0.055882352941176466,0.947075208913649,30
2025-12-06,2x2,Cercle Brugge KSV,St. Liege,12:00,18.0,11,False,1,0.055882352941176466,0.947075208913649,30
2025-12-06,2x2,Piast Gliwice,Legia,16:15,18.5,12,False,1,0.054285714285714284,0.948509485094851,30
2025-12-06,2x2,Sheffield Utd,Stoke,12:00,18.5,13,False,1,0.054285714285714284,0.948509485094851,30
2025-12-06,2x2,Ath Bilbao,Atl. Madrid,17:00,18.5,14,False,1,0.054285714285714284,0.948509485094851,30
2025-12-06,2x2,QPR,West Brom,12:00,18.5,15,False,1,0.054285714285714284,0.948509485094851,30
2025-12-06,2x2,FC Koln,St. Pauli,11:30,18.5,16,False,1,0.054285714285714284,0.948509485094851,30
2025-12-06,2x2,Famalicao,Braga,17:30,18.5,17,False,1,0.054285714285714284,0.948509485094851,30
2025-12-06,2x2,Hartberg,LASK,13:00,18.5,18,False,0,-1.0,0.948509485094851,30
2025-12-06,2x2,Port Vale,Bristol Rovers,12:00,19.0,19,False,1,0.05277777777777778,0.949868073878628,30
2025-12-06,2x2,Zaglebie,Widzew Lodz,13:30,19.0,20,False,1,0.05277777777777778,0.949868073878628,30
2025-12-06,2x2,Real Sociedad B,Gijon,14:30,19.0,21,False,1,0.05277777777777778,0.949868073878628,30
2025-12-06,2x2,FC Tokyo,Albirex Niigata,02:00,19.0,22,False,1,0.05277777777777778,0.949868073878628,30
2025-12-06,2x2,Bristol City,Millwall,12:00,19.0,23,False,1,0.05277777777777778,0.949868073878628,30
2025-12-06,2x2,Everton,Nottingham,12:00,19.0,24,False,1,0.05277777777777778,0.949868073878628,30
2025-12-06,2x2,Orense,LDU Quito,19:00,19.0,25,False,1,0.05277777777777778,0.949868073878628,30
2025-12-06,2x2,Lok. Sofia,Botev Plovdiv,07:30,19.5,26,False,1,0.05135135135135135,0.9511568123393317,30
2025-12-06,2x2,Derby,Leicester,09:30,19.5,27,False,1,0.05135135135135135,0.9511568123393317,30
2025-12-06,2x2,Aston Villa,Arsenal,09:30,19.5,28,False,1,0.05135135135135135,0.9511568123393317,30
2025-12-06,2x2,Swansea,Oxford Utd,12:00,19.5,29,False,1,0.05135135135135135,0.9511568123393317,30
2025-12-06,2x2,Preston,Wrexham,12:00,20.0,30,False,1,0.049999999999999996,0.9523809523809524,30
2025-12-07,2x2,Utrecht,Twente,08:15,16.5,1,True,1,0.06129032258064516,0.9422492401215806,31
2025-12-07,2x2,KV Mechelen,Charleroi,09:30,17.0,2,True,1,0.059375,0.943952802359882,31
2025-12-07,2x2,FK Pardubice,Hradec Kralove,14:30,17.0,3,True,1,0.059375,0.943952802359882,31
2025-12-07,2x2,Elche,Girona,10:00,17.5,4,False,1,0.05757575757575757,0.9455587392550143,31
2025-12-07,2x2,Le Havre,Paris FC,13:15,17.5,5,False,1,0.05757575757575757,0.9455587392550143,31
2025-12-07,2x2,Fulham,Crystal Palace,13:30,17.5,6,False,1,0.05757575757575757,0.9455587392550143,31
2025-12-07,2x2,Estoril,Moreirense,12:30,18.0,7,False,1,0.055882352941176466,0.947075208913649,31
2025-12-07,2x2,Wolfsberger AC,Austria Vienna,10:30,18.0,8,False,1,0.055882352941176466,0.947075208913649,31
2025-12-07,2x2,Leganes,Cordoba,12:15,18.0,9,False,1,0.055882352941176466,0.947075208913649,31
2025-12-07,2x2,Lazio,Bologna,14:00,18.5,10,False,1,0.054285714285714284,0.948509485094851,31
2025-12-07,2x2,Nice,Angers,11:00,18.5,11,False,1,0.054285714285714284,0.948509485094851,31
2025-12-07,2x2,Lorient,Lyon,16:45,18.5,12,False,1,0.054285714285714284,0.948509485094851,31
2025-12-07,2x2,Monopoli,Atalanta U23,10:30,18.5,13,False,1,0.054285714285714284,0.948509485094851,31
2025-12-07,2x2,Asteras Tripolis,Levadiakos,12:00,19.0,14,False,1,0.05277777777777778,0.949868073878628,31
2025-12-07,2x2,Auxerre,Metz,13:15,19.0,15,False,1,0.05277777777777778,0.949868073878628,31
2025-12-07,2x2,Univ. Craiova,CFR Cluj,15:30,19.0,16,False,1,0.05277777777777778,0.949868073878628,31
2025-12-07,2x2,Fluminense,Bahia,16:00,19.0,17,False,1,0.05277777777777778,0.949868073878628,31
2025-12-07,2x2,Osijek,Istra 1961,13:30,19.0,18,False,1,0.05277777777777778,0.949868073878628,31
2025-12-07,2x2,Espanyol,Rayo Vallecano,14:30,19.5,19,False,1,0.05135135135135135,0.9511568123393317,31
2025-12-07,2x2,Empoli,Palermo,13:15,19.5,20,False,1,0.05135135135135135,0.9511568123393317,31
2025-12-07,2x2,Valencia,Sevilla,12:15,19.5,21,False,1,0.05135135135135135,0.9511568123393317,31
2025-12-07,2x2,Tirol,Altach,10:30,19.5,22,False,1,0.05135135135135135,0.9511568123393317,31
2025-12-07,2x2,Ceara,Palmeiras,16:00,19.5,23,False,1,0.05135135135135135,0.9511568123393317,31
2025-12-07,2x2,Lusitania FC,Portimonense,08:00,20.0,24,False,1,0.049999999999999996,0.9523809523809524,31
2025-12-07,2x2,Varazdin,Lok. Zagreb,11:00,20.0,25,False,1,0.049999999999999996,0.9523809523809524,31
2025-12-07,2x2,APOEL,Aris,12:00,20.0,26,False,1,0.049999999999999996,0.9523809523809524,31
2025-12-07,2x2,A. Klagenfurt,A. Salzburg,06:30,20.0,27,False,1,0.049999999999999996,0.9523809523809524,31
2025-12-07,2x2,Winterthur,Basel,10:00,20.0,28,False,1,0.049999999999999996,0.9523809523809524,31
2025-12-07,2x2,Estrela,Arouca,15:00,20.0,29,False,1,0.049999999999999996,0.9523809523809524,31
2025-12-07,2x2,Sampdoria,Carrarese,15:30,20.0,30,False,1,0.049999999999999996,0.9523809523809524,31
2025-12-07,2x2,Vitoria,Sao Paulo,16:00,20.0,31,False,1,0.049999999999999996,0.9523809523809524,31
2025-12-08,2x2,Maccabi Bnei Raina,Sakhnin,14:45,19.5,1,True,1,0.05135135135135135,0.9511568123393317,1
2025-12-09,2x2,QPR,Birmingham,17:00,17.0,1,True,1,0.059375,0.943952802359882,8
2025-12-09,2x2,Reading,Peterborough,17:00,17.0,2,True,1,0.059375,0.943952802359882,8
2025-12-09,2x2,Northampton,Huddersfield,16:45,17.5,3,True,1,0.05757575757575757,0.9455587392550143,8
2025-12-09,2x2,Penybont,Barry,16:45,17.5,4,False,1,0.05757575757575757,0.9455587392550143,8
2025-12-09,2x2,Charlton,Middlesbrough,16:45,18.5,5,False,1,0.054285714285714284,0.948509485094851,8
2025-12-09,2x2,Lincoln,Barnsley,16:45,18.5,6,False,1,0.054285714285714284,0.948509485094851,8
2025-12-09,2x2,Stevenage,Cardiff,16:45,18.5,7,False,1,0.054285714285714284,0.948509485094851,8
2025-12-09,2x2,Swansea,Portsmouth,16:45,19.0,8,False,1,0.05277777777777778,0.949868073878628,8
2025-12-10,2x2,Hull,Wrexham,17:00,17.0,1,True,1,0.059375,0.943952802359882,5
2025-12-10,2x2,Bristol City,Leicester,16:45,17.5,2,True,0,-1.0,0.9455587392550143,5
2025-12-10,2x2,Blooming,Aurora,16:00,18.0,3,True,1,0.055882352941176466,0.947075208913649,5
2025-12-10,2x2,Ind. del Valle,LDU Quito,19:00,18.0,4,False,1,0.055882352941176466,0.947075208913649,5
2025-12-10,2x2,Villarreal,FC Copenhagen,14:45,19.0,5,False,1,0.05277777777777778,0.949868073878628,5
2025-12-11,2x2,Celta Vigo,Bologna,17:00,16.5,1,True,1,0.06129032258064516,0.9422492401215806,4
2025-12-11,2x2,Samsunspor,AEK Athens,14:45,17.5,2,True,1,0.05757575757575757,0.9455587392550143,4
2025-12-11,2x2,Ludogorets,PAOK,14:45,18.0,3,True,1,0.055882352941176466,0.947075208913649,4
2025-12-11,2x2,Panathinaikos,Plzen,17:00,19.0,4,False,1,0.05277777777777778,0.949868073878628,4
2025-12-12,2x2,West Brom,Sheffield Utd,17:00,18.5,1,True,1,0.054285714285714284,0.948509485094851,1
2025-12-13,2x2,Paris FC,Toulouse,17:05,17.5,1,True,1,0.05757575757575757,0.9455587392550143,6
2025-12-13,2x2,Macara,Dep. Cuenca,17:30,18.0,2,True,1,0.055882352941176466,0.947075208913649,6
2025-12-13,2x2,GV San Jose,Universitario de Vinto,18:30,18.0,3,True,1,0.055882352941176466,0.947075208913649,6
2025-12-13,2x2,Rio Ave,Vitoria Guimaraes,15:00,19.0,4,False,1,0.05277777777777778,0.949868073878628,6
2025-12-13,2x2,WS Wanderers,Brisbane Roar,03:00,19.5,5,False,1,0.05135135135135135,0.9511568123393317,6
2025-12-13,2x2,Kifisia,Asteras Tripolis,15:00,19.5,6,False,1,0.05135135135135135,0.9511568123393317,6
2025-12-14,2x2,Bohemians,Karvina,09:00,17.0,1,True,1,0.059375,0.943952802359882,14
2025-12-14,2x2,Nottingham,Tottenham,11:00,17.0,2,True,1,0.059375,0.943952802359882,14
2025-12-14,2x2,Sunderland,Newcastle,11:00,17.0,3,False,1,0.059375,0.943952802359882,14
2025-12-14,2x2,Bologna,Juventus,16:45,17.0,4,True,1,0.059375,0.943952802359882,14
2025-12-14,2x2,U. Catolica,Ind. del Valle,18:30,18.5,5,False,1,0.054285714285714284,0.948509485094851,14
2025-12-14,2x2,Celta Vigo,Ath Bilbao,12:15,18.5,6,False,1,0.054285714285714284,0.948509485094851,14
2025-12-14,2x2,Lens,Nice,13:15,19.0,7,False,1,0.05277777777777778,0.949868073878628,14
2025-12-14,2x2,Strasbourg,Lorient,13:15,19.5,8,False,1,0.05135135135135135,0.9511568123393317,14
2025-12-14,2x2,Cusco,Sporting Cristal,20:00,19.5,9,False,1,0.05135135135135135,0.9511568123393317,14
2025-12-14,2x2,Triestina,AlbinoLeffe,13:30,19.5,10,False,1,0.05135135135135135,0.9511568123393317,14
2025-12-14,2x2,Arouca,Alverca,17:30,19.5,11,False,1,0.05135135135135135,0.9511568123393317,14
2025-12-14,2x2,Gent,Antwerp,09:30,20.0,12,False,1,0.049999999999999996,0.9523809523809524,14
2025-12-14,2x2,Brentford,Leeds,13:30,20.0,13,False,1,0.049999999999999996,0.9523809523809524,14
2025-12-14,2x2,Legia,Piast Gliwice,16:15,20.0,14,False,1,0.049999999999999996,0.9523809523809524,14
2025-12-15,2x2,Rayo Vallecano,Betis,17:00,17.0,1,True,1,0.059375,0.943952802359882,5
2025-12-15,2x2,Sheffield Wed,Derby,17:00,19.0,2,True,1,0.05277777777777778,0.949868073878628,5
2025-12-15,2x2,AS Roma,Como,16:45,19.0,3,True,1,0.05277777777777778,0.949868073878628,5
2025-12-15,2x2,Nacional,Tondela,14:30,19.5,4,False,1,0.05135135135135135,0.9511568123393317,5
2025-12-15,2x2,Farul Constanta,UTA Arad,12:30,19.5,5,False,1,0.05135135135135135,0.9511568123393317,5
2025-12-16,2x2,Truro,Wealdstone,16:45,19.5,1,True,1,0.05135135135135135,0.9511568123393317,2
2025-12-16,2x2,Maritimo,Benfica B,14:00,20.0,2,True,1,0.049999999999999996,0.9523809523809524,2
2025-12-17,2x2,Albacete,Celta Vigo,15:00,19.5,1,True,0,-1.0,0.9511568123393317,1
2025-12-19,2x2,FC Botosani,CFR Cluj,15:00,16.5,1,True,1,0.06129032258064516,0.9422492401215806,5
2025-12-19,2x2,Charleroi,Genk,16:45,18.0,2,True,0,-1.0,0.947075208913649,5
2025-12-19,2x2,Eibar,Valladolid,16:30,18.5,3,True,1,0.054285714285714284,0.948509485094851,5
2025-12-19,2x2,Swansea,Wrexham,17:00,18.5,4,False,1,0.054285714285714284,0.948509485094851,5
2025-12-19,2x2,Bari,Catanzaro,16:30,20.0,5,False,1,0.049999999999999996,0.9523809523809524,5
2025-12-20,2x2,Leyton Orient,Bradford City,12:00,16.5,1,True,1,0.06129032258064516,0.9422492401215806,17
2025-12-20,2x2,Sheffield Utd,Birmingham,12:00,16.5,2,True,1,0.06129032258064516,0.9422492401215806,17
2025-12-20,2x2,FC Koln,Union Berlin,11:30,17.5,3,True,1,0.05757575757575757,0.9455587392550143,17
2025-12-20,2x2,Levante,Real Sociedad,12:15,17.5,4,False,1,0.05757575757575757,0.9455587392550143,17
2025-12-20,2x2,Lincoln,Cardiff,12:00,18.0,5,False,1,0.055882352941176466,0.947075208913649,17
2025-12-20,2x2,Watford,Stoke,12:00,18.0,6,False,1,0.055882352941176466,0.947075208913649,17
2025-12-20,2x2,Leeds,Crystal Palace,17:00,18.0,7,False,1,0.055882352941176466,0.947075208913649,17
2025-12-20,2x2,QPR,Leicester,12:00,18.5,8,False,1,0.054285714285714284,0.948509485094851,17
2025-12-20,2x2,Wolves,Brentford,12:00,18.5,9,False,1,0.054285714285714284,0.948509485094851,17
2025-12-20,2x2,Wellington Phoenix,Central Coast Mariners,23:00,18.5,10,False,1,0.054285714285714284,0.948509485094851,17
2025-12-20,2x2,Port Vale,Peterborough,12:00,19.0,11,False,1,0.05277777777777778,0.949868073878628,17
2025-12-20,2x2,Bellinzona,Wil,14:00,19.5,12,False,1,0.05135135135135135,0.9511568123393317,17
2025-12-20,2x2,Grenoble,Nancy,14:00,19.5,13,False,1,0.05135135135135135,0.9511568123393317,17
2025-12-20,2x2,Frosinone,Spezia,11:00,19.5,14,False,1,0.05135135135135135,0.9511568123393317,17
2025-12-20,2x2,Wycombe,Bolton,12:00,20.0,15,False,1,0.049999999999999996,0.9523809523809524,17
2025-12-20,2x2,Modena,Venezia,11:00,20.0,16,False,1,0.049999999999999996,0.9523809523809524,17
2025-12-20,2x2,Juventus,AS Roma,16:45,20.0,17,False,1,0.049999999999999996,0.9523809523809524,17
2025-12-21,2x2,Malaga,Almeria,10:00,17.0,1,True,1,0.059375,0.943952802359882,13
2025-12-21,2x2,Mantova,Empoli,13:15,17.0,2,True,1,0.059375,0.943952802359882,13
2025-12-21,2x2,Antwerp,Anderlecht,14:30,17.5,3,True,0,-1.0,0.9455587392550143,13
2025-12-21,2x2,Cadiz CF,Castellon,17:00,17.5,4,False,1,0.05757575757575757,0.9455587392550143,13
2025-12-21,2x2,Granada CF,Albacete,14:30,18.5,5,False,1,0.054285714285714284,0.948509485094851,13
2025-12-21,2x2,Sassuolo,Torino,11:00,19.0,6,False,1,0.05277777777777778,0.949868073878628,13
2025-12-21,2x2,Penafiel,Torreense,15:00,19.5,7,False,1,0.05135135135135135,0.9511568123393317,13
2025-12-21,2x2,Siracusa,Trapani,16:30,19.5,8,False,1,0.05135135135135135,0.9511568123393317,13
2025-12-21,2x2,Casarano,Altamura,16:30,19.5,9,False,1,0.05135135135135135,0.9511568123393317,13
2025-12-21,2x2,Fiorentina,Udinese,14:00,20.0,10,False,1,0.049999999999999996,0.9523809523809524,13
2025-12-21,2x2,Braunschweig,Schalke,09:30,20.0,11,False,1,0.049999999999999996,0.9523809523809524,13
2025-12-21,2x2,U. Cluj,Farul Constanta,11:30,20.0,12,False,1,0.049999999999999996,0.9523809523809524,13
2025-12-21,2x2,FCSB,FC Rapid Bucuresti,15:00,20.0,13,False,1,0.049999999999999996,0.9523809523809524,13
2025-12-22,2x2,Fulham,Nottingham,17:00,16.5,1,True,1,0.06129032258064516,0.9422492401215806,1
2025-12-25,2x2,Al Riyadh,Al Ettifaq,14:30,17.5,1,True,1,0.05757575757575757,0.9455587392550143,1
2025-12-26,2x2,Leicester,Watford,12:00,17.0,1,True,1,0.059375,0.943952802359882,9
2025-12-26,2x2,Portsmouth,QPR,12:00,17.5,2,True,1,0.05757575757575757,0.9455587392550143,9
2025-12-26,2x2,St. Liege,St. Truiden,14:30,18.0,3,True,1,0.055882352941176466,0.947075208913649,9
2025-12-26,2x2,Wrexham,Sheffield Utd,14:30,18.0,4,False,1,0.055882352941176466,0.947075208913649,9
2025-12-26,2x2,West Brom,Bristol City,12:00,18.5,5,False,1,0.054285714285714284,0.948509485094851,9
2025-12-26,2x2,Norwich,Charlton,12:00,18.5,6,False,1,0.054285714285714284,0.948509485094851,9
2025-12-26,2x2,Luton,Wycombe,12:00,20.0,7,False,1,0.049999999999999996,0.9523809523809524,9
2025-12-26,2x2,Stoke,Preston,12:00,20.0,8,False,1,0.049999999999999996,0.9523809523809524,9
2025-12-26,2x2,Stockport County,Lincoln,12:00,20.0,9,False,1,0.049999999999999996,0.9523809523809524,9
2025-12-27,2x2,Empoli,Frosinone,11:00,16.5,1,True,1,0.06129032258064516,0.9422492401215806,7
2025-12-27,2x2,Parma,Fiorentina,08:30,17.0,2,True,1,0.059375,0.943952802359882,7
2025-12-27,2x2,Carrarese,Mantova,11:00,17.0,3,True,1,0.059375,0.943952802359882,7
2025-12-27,2x2,KV Mechelen,Dender,14:15,18.0,4,False,1,0.055882352941176466,0.947075208913649,7
2025-12-27,2x2,Estoril,Alverca,17:30,18.0,5,False,1,0.055882352941176466,0.947075208913649,7
2025-12-27,2x2,Spezia,Pescara,08:30,19.0,6,False,1,0.05277777777777778,0.949868073878628,7
2025-12-27,2x2,Catanzaro,Cesena,11:00,19.0,7,False,1,0.05277777777777778,0.949868073878628,7
2025-12-28,2x2,Crystal Palace,Tottenham,13:30,17.0,1,True,1,0.059375,0.943952802359882,3
2025-12-28,2x2,Bologna,Sassuolo,14:00,18.0,2,True,1,0.055882352941176466,0.947075208913649,3
2025-12-28,2x2,Braga,Benfica,15:00,19.0,3,True,0,-1.0,0.949868073878628,3
2025-12-29,2x2,Stoke,Sheffield Utd,16:45,17.5,1,True,1,0.05757575757575757,0.9455587392550143,8
2025-12-29,2x2,Millwall,Bristol City,16:45,18.0,2,True,1,0.055882352941176466,0.947075208913649,8
2025-12-29,2x2,Wrexham,Preston,16:45,18.0,3,True,1,0.055882352941176466,0.947075208913649,8
2025-12-29,2x2,Al Riyadh,Al Hazem,14:30,18.5,4,False,1,0.054285714285714284,0.948509485094851,8
2025-12-29,2x2,Plymouth,Wycombe,16:45,18.5,5,False,1,0.054285714285714284,0.948509485094851,8
2025-12-29,2x2,Oxford Utd,Swansea,16:45,19.0,6,False,1,0.05277777777777778,0.949868073878628,8
2025-12-29,2x2,West Brom,QPR,16:45,20.0,7,False,1,0.049999999999999996,0.9523809523809524,8
2025-12-29,2x2,Burton,Wigan,16:45,20.0,8,False,1,0.049999999999999996,0.9523809523809524,8
2025-12-30,2x2,Cardiff Metropolitan,Haverfordwest,16:45,17.0,1,True,1,0.059375,0.943952802359882,5
2025-12-30,2x2,Hapoel Haifa,Sakhnin,14:30,18.0,2,True,1,0.055882352941176466,0.947075208913649,5
2025-12-30,2x2,Altrincham,York City,16:45,18.5,3,True,1,0.054285714285714284,0.948509485094851,5
2025-12-30,2x2,Yeovil,Eastleigh,16:45,19.5,4,False,1,0.05135135135135135,0.9511568123393317,5
2025-12-30,2x2,Torreense,Lusitania FC,17:15,20.0,5,False,1,0.049999999999999996,0.9523809523809524,5
2025-12-31,2x2,Bala,Caernarfon,09:30,18.0,1,True,1,0.055882352941176466,0.947075208913649,1
2026-01-01,2x2,Watford,Birmingham,12:00,17.5,1,True,1,0.05757575757575757,0.9455587392550143,9
2026-01-01,2x2,Hull,Stoke,12:00,18.5,2,True,1,0.054285714285714284,0.948509485094851,9
2026-01-01,2x2,Wigan,Barnsley,12:00,18.5,3,False,1,0.054285714285714284,0.948509485094851,9
2026-01-01,2x2,Crystal Palace,Fulham,14:30,18.5,4,True,1,0.054285714285714284,0.948509485094851,9
2026-01-01,2x2,Mansfield,Bradford City,12:00,19.0,5,False,1,0.05277777777777778,0.949868073878628,9
2026-01-01,2x2,Lincoln,Huddersfield,12:00,19.5,6,False,1,0.05135135135135135,0.9511568123393317,9
2026-01-01,2x2,Port Vale,Blackpool,12:00,19.5,7,False,1,0.05135135135135135,0.9511568123393317,9
2026-01-01,2x2,Derby,Middlesbrough,12:00,19.5,8,False,1,0.05135135135135135,0.9511568123393317,9
2026-01-01,2x2,Swansea,West Brom,12:00,20.0,9,False,1,0.049999999999999996,0.9523809523809524,9
2026-01-02,2x2,Toulouse,Lens,16:45,16.5,1,True,1,0.06129032258064516,0.9422492401215806,1
2026-01-03,2x2,Le Mans,St Etienne,16:00,17.0,1,True,1,0.059375,0.943952802359882,9
2026-01-03,2x2,Wolves,West Ham,12:00,17.5,2,True,1,0.05757575757575757,0.9455587392550143,9
2026-01-03,2x2,Amiens,Nancy,16:00,18.0,3,True,1,0.055882352941176466,0.947075208913649,9
2026-01-03,2x2,Sassuolo,Parma,11:00,19.5,4,False,1,0.05135135135135135,0.9511568123393317,9
2026-01-03,2x2,Tondela,Arouca,12:30,19.5,5,False,1,0.05135135135135135,0.9511568123393317,9
2026-01-03,2x2,Achnas,AEL Limassol,12:00,19.5,6,False,1,0.05135135135135135,0.9511568123393317,9
2026-01-03,2x2,Picerno,Audace Cerignola,13:30,19.5,7,False,1,0.05135135135135135,0.9511568123393317,9
2026-01-03,2x2,Atalanta,AS Roma,16:45,19.5,8,False,1,0.05135135135135135,0.9511568123393317,9
2026-01-03,2x2,Espanyol,Barcelona,17:00,19.5,9,False,1,0.05135135135135135,0.9511568123393317,9
2026-01-04,2x2,Norwich,Stoke,12:00,17.0,1,True,1,0.059375,0.943952802359882,18
2026-01-04,2x2,Reading,Stockport County,12:00,18.0,2,True,1,0.055882352941176466,0.947075208913649,18
2026-01-04,2x2,Ceuta,Andorra,12:15,18.0,3,True,1,0.055882352941176466,0.947075208913649,18
2026-01-04,2x2,Potenza,Giugliano,10:30,18.5,4,False,1,0.054285714285714284,0.948509485094851,18
2026-01-04,2x2,Real Madrid,Betis,12:15,18.5,5,False,1,0.054285714285714284,0.948509485094851,18
2026-01-04,2x2,Albacete,Leganes,14:30,18.5,6,False,1,0.054285714285714284,0.948509485094851,18
2026-01-04,2x2,Fiorentina,Cremonese,11:00,19.0,7,False,1,0.05277777777777778,0.949868073878628,18
2026-01-04,2x2,Everton,Brentford,12:00,19.0,8,False,1,0.05277777777777778,0.949868073878628,18
2026-01-04,2x2,Trapani,Casarano,13:30,19.0,9,False,1,0.05277777777777778,0.949868073878628,18
2026-01-04,2x2,Lincoln,Peterborough,09:00,19.0,10,False,1,0.05277777777777778,0.949868073878628,18
2026-01-04,2x2,Bristol City,Preston,12:00,19.5,11,False,1,0.05135135135135135,0.9511568123393317,18
2026-01-04,2x2,Blackpool,Bradford City,12:00,19.5,12,False,1,0.05135135135135135,0.9511568123393317,18
2026-01-04,2x2,Sevilla,Levante,10:00,19.5,13,False,1,0.05135135135135135,0.9511568123393317,18
2026-01-04,2x2,Plymouth,Burton,12:00,20.0,14,False,1,0.049999999999999996,0.9523809523809524,18
2026-01-04,2x2,Le Havre,Angers,13:15,20.0,15,False,1,0.049999999999999996,0.9523809523809524,18
2026-01-04,2x2,Brest,Auxerre,13:15,20.0,16,False,1,0.049999999999999996,0.9523809523809524,18
2026-01-04,2x2,Mallorca,Girona,14:30,20.0,17,False,1,0.049999999999999996,0.9523809523809524,18
2026-01-04,2x2,Alverca,Famalicao,17:30,20.0,18,False,1,0.049999999999999996,0.9523809523809524,18
2026-01-05,2x2,Leicester,West Brom,17:00,17.5,1,True,1,0.05757575757575757,0.9455587392550143,3
2026-01-05,2x2,Triestina,Alcione Milano,16:30,19.0,2,True,1,0.05277777777777778,0.949868073878628,3
2026-01-05,2x2,Montpellier,Dunkerque,16:45,19.0,3,True,1,0.05277777777777778,0.949868073878628,3
2026-01-06,2x2,West Ham,Nottingham,17:00,16.5,1,True,1,0.06129032258064516,0.9422492401215806,2
2026-01-06,2x2,Sassuolo,Juventus,16:45,20.0,2,True,1,0.049999999999999996,0.9523809523809524,2
2026-01-07,2x2,Crystal Palace,Aston Villa,16:30,16.5,1,True,1,0.06129032258064516,0.9422492401215806,4
2026-01-07,2x2,Bologna,Atalanta,14:30,17.0,2,True,1,0.059375,0.943952802359882,4
2026-01-07,2x2,Manchester City,Brighton,16:30,17.5,3,True,1,0.05757575757575757,0.9455587392550143,4
2026-01-07,2x2,Lazio,Fiorentina,16:45,20.0,4,False,0,-1.0,0.9523809523809524,4
2026-01-08,2x2,Lusitania FC,Leixoes,17:15,20.0,1,True,0,-1.0,0.9523809523809524,1
2026-01-09,2x2,Brisbane Roar,Auckland FC,05:35,18.0,1,True,1,0.055882352941176466,0.947075208913649,3
2026-01-09,2x2,Mazatlan FC,Juarez,22:00,18.5,2,True,1,0.054285714285714284,0.948509485094851,3
2026-01-09,2x2,MK Dons,Oxford Utd,16:30,20.0,3,True,1,0.049999999999999996,0.9523809523809524,3
2026-01-10,2x2,Hauts Lyonnais,Lorient,14:00,8.2,1,True,1,0.13194444444444445,0.883435582822086,23
2026-01-10,2x2,Reggiana,Venezia,11:00,8.6,2,True,1,0.125,0.888888888888889,23
2026-01-10,2x2,Charlton,Chelsea,17:00,9.0,3,True,1,0.11875,0.893854748603352,23
2026-01-10,2x2,Cambridge Utd,Birmingham,14:45,9.2,4,False,1,0.11585365853658537,0.8961748633879782,23
2026-01-10,2x2,Cheltenham,Leicester,09:15,10.0,5,False,1,0.10555555555555556,0.9045226130653267,23
2026-01-10,2x2,Pro Patria,Inter U23,13:30,11.0,6,False,1,0.095,0.9132420091324202,23
2026-01-10,2x2,Orleans,Monaco,11:30,11.5,7,False,1,0.09047619047619047,0.9170305676855895,23
2026-01-10,2x2,Entella,Monza,11:00,12.0,8,False,1,0.08636363636363636,0.9205020920502093,23
2026-01-10,2x2,Sutton,York City,12:00,13.0,9,False,1,0.07916666666666666,0.9266409266409267,23
2026-01-10,2x2,1º Dezembro,Mafra,12:00,13.5,10,False,1,0.076,0.929368029739777,23
2026-01-10,2x2,Mirandes,Almeria,10:00,14.0,11,False,0,-1.0,0.931899641577061,23
2026-01-10,2x2,Angers,Toulouse,11:30,15.0,12,False,1,0.06785714285714285,0.9364548494983278,23
2026-01-10,2x2,Istres,Laval,14:00,15.5,13,False,1,0.06551724137931034,0.9385113268608415,23
2026-01-10,2x2,Avellino,Sampdoria,11:00,16.0,14,False,1,0.06333333333333332,0.9404388714733543,23
2026-01-10,2x2,Stoke,Coventry,12:00,17.5,15,False,1,0.05757575757575757,0.9455587392550143,23
2026-01-10,2x2,Giana Erminio,Renate,10:30,17.5,16,False,1,0.05757575757575757,0.9455587392550143,23
2026-01-10,2x2,Everton,Sunderland,09:15,18.0,17,False,1,0.055882352941176466,0.947075208913649,23
2026-01-10,2x2,Avranches,Strasbourg,14:00,18.0,18,False,1,0.055882352941176466,0.947075208913649,23
2026-01-10,2x2,Tepatitlan de Morelos,Atlante,22:00,18.0,19,False,1,0.055882352941176466,0.947075208913649,23
2026-01-10,2x2,Braintree,Boston Utd,14:30,19.0,20,False,1,0.05277777777777778,0.949868073878628,23
2026-01-10,2x2,Latina,Trapani,10:30,19.5,21,False,1,0.05135135135135135,0.9511568123393317,23
2026-01-10,2x2,Girona,Osasuna,14:30,20.0,22,False,1,0.049999999999999996,0.9523809523809524,23
2026-01-10,2x2,Burgos CF,Eibar,14:30,20.0,23,False,1,0.049999999999999996,0.9523809523809524,23
2026-01-11,2x2,Sochaux,Lens,10:00,9.2,1,True,1,0.11585365853658537,0.8961748633879782,18
2026-01-11,2x2,Padova,Modena,13:15,11.0,2,True,1,0.095,0.9132420091324202,18
2026-01-11,2x2,Casertana,Benevento,13:30,12.5,3,True,1,0.08260869565217391,0.9236947791164659,18
2026-01-11,2x2,Alcione Milano,Cittadella,10:30,13.0,4,False,1,0.07916666666666666,0.9266409266409267,18
2026-01-11,2x2,Mantova,Palermo,11:00,13.0,5,False,1,0.07916666666666666,0.9266409266409267,18
2026-01-11,2x2,Verona,Lazio,14:00,13.0,6,False,1,0.07916666666666666,0.9266409266409267,18
2026-01-11,2x2,Fiorentina,AC Milan,11:00,14.0,7,False,1,0.07307692307692307,0.931899641577061,18
2026-01-11,2x2,Levante,Espanyol,12:15,14.5,8,False,1,0.07037037037037036,0.9342560553633218,18
2026-01-11,2x2,Atl. San Luis,Tigres UANL,22:00,14.5,9,False,1,0.07037037037037036,0.9342560553633218,18
2026-01-11,2x2,Portimonense,Felgueiras,08:00,15.0,10,False,1,0.06785714285714285,0.9364548494983278,18
2026-01-11,2x2,Oliveirense,Feirense,15:00,15.0,11,False,1,0.06785714285714285,0.9364548494983278,18
2026-01-11,2x2,Swansea,West Brom,11:30,15.5,12,False,0,-1.0,0.9385113268608415,18
2026-01-11,2x2,PAE Chania,Ilioupoli,10:00,16.0,13,False,1,0.06333333333333332,0.9404388714733543,18
2026-01-11,2x2,FC Porto B,Sporting CP B,12:30,16.0,14,False,1,0.06333333333333332,0.9404388714733543,18
2026-01-11,2x2,Nacional,Santa Clara,12:30,18.0,15,False,1,0.055882352941176466,0.947075208913649,18
2026-01-11,2x2,Lecce,Parma,08:30,18.0,16,False,1,0.055882352941176466,0.947075208913649,18
2026-01-11,2x2,Chaves,Maritimo,11:00,18.5,17,False,1,0.054285714285714284,0.948509485094851,18
2026-01-11,2x2,SC Ashdod,Kiryat Shmona,14:30,19.5,18,False,1,0.05135135135135135,0.9511568123393317,18
2026-01-12,2x2,Sevilla,Celta Vigo,17:00,18.0,1,True,1,0.055882352941176466,0.947075208913649,2
2026-01-12,2x2,Huesca,Cordoba,16:30,19.0,2,True,1,0.05277777777777778,0.949868073878628,2
2026-01-13,2x2,Al Okhdood,Al Kholood,12:25,17.5,1,True,1,0.05757575757575757,0.9455587392550143,1
2026-01-14,2x2,Juarez,Guadalajara Chivas,00:10,9.6,1,True,1,0.11046511627906977,0.9005235602094241,7
2026-01-14,2x2,Chelsea,Arsenal,17:00,10.5,2,True,1,0.09999999999999999,0.9090909090909092,7
2026-01-14,2x2,Albacete,Real Madrid,17:00,10.5,3,True,1,0.09999999999999999,0.9090909090909092,7
2026-01-14,2x2,FC Koln,Bayern Munich,16:30,12.0,4,False,1,0.08636363636363636,0.9205020920502093,7
2026-01-14,2x2,Den Bosch,PSV,14:45,14.5,5,False,1,0.07037037037037036,0.9342560553633218,7
2026-01-14,2x2,Queretaro,Club Tijuana,22:00,17.0,6,False,1,0.059375,0.943952802359882,7
2026-01-14,2x2,Al Shabab,Neom SC,14:30,18.0,7,False,1,0.055882352941176466,0.947075208913649,7
2026-01-15,2x2,Verona,Bologna,14:30,11.5,1,True,1,0.09047619047619047,0.9170305676855895,4
2026-01-15,2x2,Como,AC Milan,16:45,15.0,2,True,1,0.06785714285714285,0.9364548494983278,4
2026-01-15,2x2,Racing Santander,Barcelona,17:00,15.5,3,True,1,0.06551724137931034,0.9385113268608415,4
2026-01-15,2x2,Augsburg,Union Berlin,16:30,18.0,4,False,1,0.055882352941176466,0.947075208913649,4
2026-01-16,2x2,Pisa,Atalanta,16:45,8.8,1,True,1,0.12179487179487178,0.8914285714285715,10
2026-01-16,2x2,FC Arges,FCSB,15:00,11.0,2,True,1,0.095,0.9132420091324202,10
2026-01-16,2x2,Vis Pesaro,Arezzo,16:30,12.0,3,True,1,0.08636363636363636,0.9205020920502093,10
2026-01-16,2x2,Boulogne,Montpellier,16:00,14.0,4,False,1,0.07307692307692307,0.931899641577061,10
2026-01-16,2x2,Pereira,Llaneros,20:20,15.5,5,False,1,0.06551724137931034,0.9385113268608415,10
2026-01-16,2x2,Versailles,Rouen,15:30,17.0,6,False,1,0.059375,0.943952802359882,10
2026-01-16,2x2,Rodez,Le Mans,16:00,17.5,7,False,1,0.05757575757575757,0.9455587392550143,10
2026-01-16,2x2,Concarneau,Caen,15:30,17.5,8,False,1,0.05757575757575757,0.9455587392550143,10
2026-01-16,2x2,Melbourne City,Auckland FC,05:35,18.0,9,False,1,0.055882352941176466,0.947075208913649,10
2026-01-16,2x2,West Brom,Middlesbrough,17:00,19.5,10,False,1,0.05135135135135135,0.9511568123393317,10
2026-01-17,2x2,Cagliari,Juventus,16:45,8.0,1,True,1,0.1357142857142857,0.8805031446540881,36
2026-01-17,2x2,Udinese,Inter,11:00,8.4,2,True,1,0.12837837837837837,0.8862275449101797,36
2026-01-17,2x2,Nottingham,Arsenal,14:30,8.8,3,True,1,0.12179487179487178,0.8914285714285715,36
2026-01-17,2x2,Makedonikos,PAOK B,10:00,9.0,4,False,1,0.11875,0.893854748603352,36
2026-01-17,2x2,Ol. Nicosia,Pafos,14:00,9.4,5,False,1,0.11309523809523808,0.8983957219251337,36
2026-01-17,2x2,Sheffield Wed,Portsmouth,12:00,10.5,6,False,1,0.09999999999999999,0.9090909090909092,36
2026-01-17,2x2,Braintree,Boreham Wood,12:00,10.5,7,False,1,0.09999999999999999,0.9090909090909092,36
2026-01-17,2x2,Sittard,PSV,16:00,11.0,8,False,1,0.095,0.9132420091324202,36
2026-01-17,2x2,Al Kholood,Al Ahli SC,12:10,11.5,9,False,1,0.09047619047619047,0.9170305676855895,36
2026-01-17,2x2,Zwolle,AZ Alkmaar,14:45,11.5,10,False,1,0.09047619047619047,0.9170305676855895,36
2026-01-17,2x2,Burton,Huddersfield,12:00,12.0,11,False,1,0.08636363636363636,0.9205020920502093,36
2026-01-17,2x2,Panserraikos,Kifisia,10:30,12.0,12,False,1,0.08636363636363636,0.9205020920502093,36
2026-01-17,2x2,Unirea Slobozia,UTA Arad,08:00,12.5,13,False,1,0.08260869565217391,0.9236947791164659,36
2026-01-17,2x2,Charlton,Sheffield Utd,12:00,12.5,14,False,1,0.08260869565217391,0.9236947791164659,36
2026-01-17,2x2,Reggiana,Cesena,13:15,12.5,15,False,1,0.08260869565217391,0.9236947791164659,36
2026-01-17,2x2,Zamora,Tenerife,14:30,13.5,16,False,1,0.076,0.929368029739777,36
2026-01-17,2x2,Northampton,Wycombe,12:00,13.5,17,False,1,0.076,0.929368029739777,36
2026-01-17,2x2,Oxford Utd,Bristol City,12:00,14.0,18,False,1,0.07307692307692307,0.931899641577061,36
2026-01-17,2x2,Cultural Leonesa,Gijon,12:15,14.0,19,False,1,0.07307692307692307,0.931899641577061,36
2026-01-17,2x2,Wigan,Bolton,09:30,14.0,20,False,1,0.07307692307692307,0.931899641577061,36
2026-01-17,2x2,Dolomiti Bellunesi,Lecco,10:30,14.0,21,False,1,0.07307692307692307,0.931899641577061,36
2026-01-17,2x2,Bari,Juve Stabia,15:30,14.5,22,False,1,0.07037037037037036,0.9342560553633218,36
2026-01-17,2x2,Grenoble,Red Star,10:00,16.0,23,False,1,0.06333333333333332,0.9404388714733543,36
2026-01-17,2x2,Pro Patria,Giana Erminio,13:30,16.5,24,False,1,0.06129032258064516,0.9422492401215806,36
2026-01-17,2x2,Maccabi Bnei Raina,SC Ashdod,13:30,17.5,25,False,1,0.05757575757575757,0.9455587392550143,36
2026-01-17,2x2,Swansea,Birmingham,14:30,17.5,26,False,1,0.05757575757575757,0.9455587392550143,36
2026-01-17,2x2,AFC Wimbledon,Doncaster,12:00,18.0,27,False,1,0.055882352941176466,0.947075208913649,36
2026-01-17,2x2,Wealdstone,Woking,12:00,18.5,28,False,1,0.054285714285714284,0.948509485094851,36
2026-01-17,2x2,Nurnberg,Elversberg,09:00,18.5,29,False,1,0.054285714285714284,0.948509485094851,36
2026-01-17,2x2,Exeter,Stevenage,12:00,18.5,30,False,1,0.054285714285714284,0.948509485094851,36
2026-01-17,2x2,Luton,Lincoln,12:00,19.0,31,False,0,-1.0,0.949868073878628,36
2026-01-17,2x2,Achnas,Aris,11:00,19.0,32,False,1,0.05277777777777778,0.949868073878628,36
2026-01-17,2x2,Hertha Berlin,Schalke,16:30,19.0,33,False,1,0.05277777777777778,0.949868073878628,36
2026-01-17,2x2,Alemannia Aachen,VfL Osnabruck,12:30,19.5,34,False,1,0.05135135135135135,0.9511568123393317,36
2026-01-17,2x2,Benfica B,Chaves,15:00,19.5,35,False,1,0.05135135135135135,0.9511568123393317,36
2026-01-17,2x2,Gateshead,Rochdale,12:00,20.0,36,False,1,0.049999999999999996,0.9523809523809524,36
2026-01-18,2x2,Tondela,Braga,15:00,8.2,1,True,1,0.13194444444444445,0.883435582822086,27
2026-01-18,2x2,Al Hazem,Al Qadsiah,12:15,8.8,2,True,1,0.12179487179487178,0.8914285714285715,27
2026-01-18,2x2,Heracles,Twente,10:30,9.8,3,True,1,0.10795454545454544,0.9025641025641027,27
2026-01-18,2x2,AEL Larissa,Aris,12:00,10.5,4,False,1,0.09999999999999999,0.9090909090909092,27
2026-01-18,2x2,Bra,Ravenna,13:30,10.5,5,False,1,0.09999999999999999,0.9090909090909092,27
2026-01-18,2x2,Neom SC,Al Hilal,14:30,10.5,6,False,1,0.09999999999999999,0.9090909090909092,27
2026-01-18,2x2,Torino,AS Roma,14:00,11.0,7,False,1,0.095,0.9132420091324202,27
2026-01-18,2x2,Csikszereda M. Ciuc,FC Botosani,10:30,11.0,8,False,1,0.095,0.9132420091324202,27
2026-01-18,2x2,Al Riyadh,Al Taawon,14:30,12.0,9,False,1,0.08636363636363636,0.9205020920502093,27
2026-01-18,2x2,Pro Vercelli,Brescia,10:30,12.5,10,False,1,0.08260869565217391,0.9236947791164659,27
2026-01-18,2x2,Dep. Pasto,Ind. Medellin,16:00,12.5,11,False,1,0.08260869565217391,0.9236947791164659,27
2026-01-18,2x2,Monopoli,Catania,16:30,12.5,12,False,1,0.08260869565217391,0.9236947791164659,27
2026-01-18,2x2,Lusitania FC,Maritimo,11:00,12.5,13,False,1,0.08260869565217391,0.9236947791164659,27
2026-01-18,2x2,Potenza,Casertana,10:30,13.0,14,False,1,0.07916666666666666,0.9266409266409267,27
2026-01-18,2x2,Central Coast Mariners,Macarthur FC,00:00,13.0,15,False,1,0.07916666666666666,0.9266409266409267,27
2026-01-18,2x2,Arzignano,L.R. Vicenza,10:30,15.0,16,False,1,0.06785714285714285,0.9364548494983278,27
2026-01-18,2x2,Dender,Antwerp,12:00,15.0,17,False,1,0.06785714285714285,0.9364548494983278,27
2026-01-18,2x2,Santa Clara,Famalicao,12:30,16.0,18,False,1,0.06333333333333332,0.9404388714733543,27
2026-01-18,2x2,Gent,Anderlecht,09:30,16.0,19,False,1,0.06333333333333332,0.9404388714733543,27
2026-01-18,2x2,Jaguares de Cordoba,Dep. Cali,18:10,16.0,20,False,1,0.06333333333333332,0.9404388714733543,27
2026-01-18,2x2,Pachuca,Club America,22:06,17.0,21,False,1,0.059375,0.943952802359882,27
2026-01-18,2x2,Pontedera,Pineto,13:30,17.0,22,False,1,0.059375,0.943952802359882,27
2026-01-18,2x2,Mirandes,Andorra,10:00,17.0,23,False,1,0.059375,0.943952802359882,27
2026-01-18,2x2,Parma,Genoa,08:30,17.0,24,False,1,0.059375,0.943952802359882,27
2026-01-18,2x2,Trapani,Sorrento,10:30,17.5,25,False,1,0.05757575757575757,0.9455587392550143,27
2026-01-18,2x2,Nantes,Paris FC,13:15,18.0,26,False,1,0.055882352941176466,0.947075208913649,27
2026-01-18,2x2,Augsburg,Freiburg,13:30,18.5,27,False,0,-1.0,0.948509485094851,27
2026-01-19,2x2,Petrolul,Univ. Craiova,15:00,10.0,1,True,1,0.10555555555555556,0.9045226130653267,5
2026-01-19,2x2,Panetolikos,Levadiakos,13:00,10.5,2,True,1,0.09999999999999999,0.9090909090909092,5
2026-01-19,2x2,Lazio,Como,16:45,14.5,3,True,1,0.07037037037037036,0.9342560553633218,5
2026-01-19,2x2,Nancy,Guingamp,16:45,18.0,4,False,1,0.055882352941176466,0.947075208913649,5
2026-01-19,2x2,Elche,Sevilla,17:00,20.0,5,False,0,-1.0,0.9523809523809524,5
2026-01-20,2x2,Sheffield Wed,Birmingham,16:45,8.0,1,True,1,0.1357142857142857,0.8805031446540881,5
2026-01-20,2x2,FC Copenhagen,Napoli,17:00,11.0,2,True,1,0.095,0.9132420091324202,5
2026-01-20,2x2,Stevenage,Bolton,16:45,12.0,3,True,1,0.08636363636363636,0.9205020920502093,5
2026-01-20,2x2,Inter,Arsenal,17:00,17.0,4,False,1,0.059375,0.943952802359882,5
2026-01-20,2x2,Charlton,Derby,16:45,19.0,5,False,1,0.05277777777777778,0.949868073878628,5
2026-01-21,2x2,Damac,Al Nassr,14:30,8.4,1,True,1,0.12837837837837837,0.8862275449101797,5
2026-01-21,2x2,Slavia Prague,Barcelona,17:00,12.0,2,True,1,0.08636363636363636,0.9205020920502093,5
2026-01-21,2x2,Stoke,Middlesbrough,17:00,15.5,3,True,1,0.06551724137931034,0.9385113268608415,5
2026-01-21,2x2,Leiria,Vizela,15:00,16.5,4,False,0,-1.0,0.9422492401215806,5
2026-01-21,2x2,Al Okhdood,Al Riyadh,12:30,17.5,5,False,0,-1.0,0.9455587392550143,5
2026-01-22,2x2,El Ismaily,Arab Contractors,15:00,12.5,1,True,1,0.08260869565217391,0.9236947791164659,5
2026-01-22,2x2,Haras El Hodood,Kahrabaa Ismailia,12:00,17.0,2,True,1,0.059375,0.943952802359882,5
2026-01-22,2x2,Aldosivi,Defensa y Justicia,17:00,18.5,3,True,1,0.054285714285714284,0.948509485094851,5
2026-01-22,2x2,Instituto,Velez Sarsfield,22:15,18.5,4,False,1,0.054285714285714284,0.948509485094851,5
2026-01-22,2x2,Ferencvaros,Panathinaikos,17:00,20.0,5,False,1,0.049999999999999996,0.9523809523809524,5
2026-01-23,2x2,Metaloglobus Bucharest,FC Arges,12:00,9.4,1,True,1,0.11309523809523808,0.8983957219251337,11
2026-01-23,2x2,Pacos Ferreira,Academico Viseu,15:00,9.8,2,True,1,0.10795454545454544,0.9025641025641027,11
2026-01-23,2x2,Hapoel Jerusalem,Hapoel Petah Tikva,09:00,15.0,3,True,1,0.06785714285714285,0.9364548494983278,11
2026-01-23,2x2,Stade Nyonnais,Etoile-Carouge,15:30,15.0,4,False,0,-1.0,0.9364548494983278,11
2026-01-23,2x2,Paris 13 Atl.,Versailles,15:30,16.0,5,False,1,0.06333333333333332,0.9404388714733543,11
2026-01-23,2x2,Bastia,Montpellier,16:00,16.5,6,False,1,0.06129032258064516,0.9422492401215806,11
2026-01-23,2x2,St. Pauli,Hamburger SV,16:30,16.5,7,False,1,0.06129032258064516,0.9422492401215806,11
2026-01-23,2x2,Bourg en Bresse,Chateauroux,15:30,17.0,8,False,1,0.059375,0.943952802359882,11
2026-01-23,2x2,Triestina,Lumezzane,16:30,17.0,9,False,1,0.059375,0.943952802359882,11
2026-01-23,2x2,Derby,West Brom,17:00,17.0,10,False,1,0.059375,0.943952802359882,11
2026-01-23,2x2,St. Liege,Gent,16:45,17.5,11,False,1,0.05757575757575757,0.9455587392550143,11
2026-01-24,2x2,Arouca,Sporting CP,15:00,8.2,1,True,1,0.13194444444444445,0.883435582822086,29
2026-01-24,2x2,Boston Utd,Southend,12:00,9.2,2,True,1,0.11585365853658537,0.8961748633879782,29
2026-01-24,2x2,Barracas Central,River Plate,17:00,9.6,3,True,1,0.11046511627906977,0.9005235602094241,29
2026-01-24,2x2,Sekhukhune,Orlando Pirates,10:30,10.5,4,False,1,0.09999999999999999,0.9090909090909092,29
2026-01-24,2x2,Altrincham,Boreham Wood,12:00,10.5,5,False,1,0.09999999999999999,0.9090909090909092,29
2026-01-24,2x2,Lecce,Lazio,16:45,10.5,6,False,1,0.09999999999999999,0.9090909090909092,29
2026-01-24,2x2,Chico,America De Cali,22:30,11.0,7,False,1,0.095,0.9132420091324202,29
2026-01-24,2x2,Burnley,Tottenham,12:00,12.0,8,False,0,-1.0,0.9205020920502093,29
2026-01-24,2x2,Gimnasia L.P.,Racing Club,19:30,12.0,9,False,1,0.08636363636363636,0.9205020920502093,29
2026-01-24,2x2,Colwyn Bay,Connahs Q.,14:15,12.5,10,False,0,-1.0,0.9236947791164659,29
2026-01-24,2x2,Leuven,Royale Union SG,16:45,12.5,11,False,1,0.08260869565217391,0.9236947791164659,29
2026-01-24,2x2,Pereira,Fortaleza,16:00,13.0,12,False,1,0.07916666666666666,0.9266409266409267,29
2026-01-24,2x2,Union Berlin,Dortmund,14:30,13.5,13,False,1,0.076,0.929368029739777,29
2026-01-24,2x2,Llaneros,Bucaramanga,18:10,13.5,14,False,1,0.076,0.929368029739777,29
2026-01-24,2x2,1º Dezembro,Lusitano GC,12:00,14.0,15,False,1,0.07307692307692307,0.931899641577061,29
2026-01-24,2x2,Santarem,Os Belenenses,12:00,15.0,16,False,1,0.06785714285714285,0.9364548494983278,29
2026-01-24,2x2,Macarthur FC,Melbourne City,05:35,16.0,17,False,1,0.06333333333333332,0.9404388714733543,29
2026-01-24,2x2,Moreirense,Santa Clara,12:30,16.5,18,False,1,0.06129032258064516,0.9422492401215806,29
2026-01-24,2x2,Sheffield Utd,Ipswich,12:00,17.0,19,False,1,0.059375,0.943952802359882,29
2026-01-24,2x2,Dep. Cali,Ind. Medellin,20:20,18.0,20,False,1,0.055882352941176466,0.947075208913649,29
2026-01-24,2x2,Penybont,Caernarfon,11:30,18.0,21,False,1,0.055882352941176466,0.947075208913649,29
2026-01-24,2x2,AlbinoLeffe,Trento,10:30,18.0,22,False,1,0.055882352941176466,0.947075208913649,29
2026-01-24,2x2,Plymouth,Luton,09:30,18.5,23,False,1,0.054285714285714284,0.948509485094851,29
2026-01-24,2x2,Port Vale,Exeter,12:00,18.5,24,False,1,0.054285714285714284,0.948509485094851,29
2026-01-24,2x2,Virtus Verona,Pro Vercelli,13:30,18.5,25,False,0,-1.0,0.948509485094851,29
2026-01-24,2x2,Eastleigh,FC Halifax,12:00,18.5,26,False,1,0.054285714285714284,0.948509485094851,29
2026-01-24,2x2,Sevilla,Ath Bilbao,14:30,18.5,27,False,1,0.054285714285714284,0.948509485094851,29
2026-01-24,2x2,Cadiz CF,Granada CF,17:00,19.0,28,False,1,0.05277777777777778,0.949868073878628,29
2026-01-24,2x2,Tlaxcala,Irapuato,21:00,19.0,29,False,1,0.05277777777777778,0.949868073878628,29
2026-01-25,2x2,Metz,Lyon,13:15,9.6,1,True,1,0.11046511627906977,0.9005235602094241,22
2026-01-25,2x2,Al Riyadh,Al Hilal,14:30,9.6,2,True,1,0.11046511627906977,0.9005235602094241,22
2026-01-25,2x2,Al Najma,Al Qadsiah,12:20,9.8,3,True,1,0.10795454545454544,0.9025641025641027,22
2026-01-25,2x2,Atromitos,Panathinaikos,14:30,11.0,4,False,1,0.095,0.9132420091324202,22
2026-01-25,2x2,SC Ashdod,Beitar Jerusalem,15:15,11.0,5,False,1,0.095,0.9132420091324202,22
2026-01-25,2x2,Zaragoza,Castellon,14:30,12.5,6,False,1,0.08260869565217391,0.9236947791164659,22
2026-01-25,2x2,Portsmouth,Southampton,09:00,13.0,7,False,1,0.07916666666666666,0.9266409266409267,22
2026-01-25,2x2,FC Porto B,Vizela,08:00,13.5,8,False,1,0.076,0.929368029739777,22
2026-01-25,2x2,Genoa,Bologna,11:00,14.0,9,False,1,0.07307692307692307,0.931899641577061,22
2026-01-25,2x2,Brest,Toulouse,13:15,15.5,10,False,1,0.06551724137931034,0.9385113268608415,22
2026-01-25,2x2,Antwerp,Charleroi,09:30,16.5,11,False,1,0.06129032258064516,0.9422492401215806,22
2026-01-25,2x2,Aris,Levadiakos,11:00,17.0,12,False,0,-1.0,0.943952802359882,22
2026-01-25,2x2,Pergolettese,Ospitaletto,13:30,17.5,13,False,1,0.05757575757575757,0.9455587392550143,22
2026-01-25,2x2,Real Aviles,Lugo,14:15,17.5,14,False,1,0.05757575757575757,0.9455587392550143,22
2026-01-25,2x2,Lille,Strasbourg,16:45,18.5,15,False,1,0.054285714285714284,0.948509485094851,22
2026-01-25,2x2,AS Roma,AC Milan,16:45,18.5,16,False,1,0.054285714285714284,0.948509485094851,22
2026-01-25,2x2,Petrolul,Farul Constanta,09:30,19.0,17,False,1,0.05277777777777778,0.949868073878628,22
2026-01-25,2x2,Aris,Omonia,14:00,19.0,18,False,1,0.05277777777777778,0.949868073878628,22
2026-01-25,2x2,Torreense,SC Farense,11:00,19.0,19,False,1,0.05277777777777778,0.949868073878628,22
2026-01-25,2x2,Oliveirense,Penafiel,12:30,19.0,20,False,1,0.05277777777777778,0.949868073878628,22
2026-01-25,2x2,Alaves,Betis,17:00,19.0,21,False,1,0.05277777777777778,0.949868073878628,22
2026-01-25,2x2,Guadalajara,Ponferradina,08:00,20.0,22,False,1,0.049999999999999996,0.9523809523809524,22
2026-01-26,2x2,Verona,Udinese,16:45,15.0,1,True,1,0.06785714285714285,0.9364548494983278,4
2026-01-26,2x2,Gorica,Varazdin,12:00,18.0,2,True,1,0.055882352941176466,0.947075208913649,4
2026-01-26,2x2,Le Mans,Dunkerque,16:45,18.0,3,True,1,0.055882352941176466,0.947075208913649,4
2026-01-26,2x2,Everton,Leeds,17:00,19.0,4,False,1,0.05277777777777778,0.949868073878628,4
2026-01-27,2x2,Sekhukhune,Mamelodi Sundowns,14:30,8.4,1,True,1,0.12837837837837837,0.8862275449101797,8
2026-01-27,2x2,San Lorenzo,Cerro Porteno,20:15,8.4,2,True,1,0.12837837837837837,0.8862275449101797,8
2026-01-27,2x2,St. Pauli,RB Leipzig,16:30,9.6,3,True,1,0.11046511627906977,0.9005235602094241,8
2026-01-27,2x2,Gimnasia Mendoza,San Lorenzo,20:00,12.5,4,False,1,0.08260869565217391,0.9236947791164659,8
2026-01-27,2x2,Cucuta,Bucaramanga,18:00,13.5,5,False,0,-1.0,0.929368029739777,8
2026-01-27,2x2,Blackpool,Stockport County,16:45,13.5,6,False,1,0.076,0.929368029739777,8
2026-01-27,2x2,Newells Old Boys,Independiente,22:15,13.5,7,False,1,0.076,0.929368029739777,8
2026-01-27,2x2,Sp. Luqueno,Nacional Asuncion,18:00,14.5,8,False,1,0.07037037037037036,0.9342560553633218,8
2026-01-28,2x2,Sao Paulo,Flamengo RJ,21:30,10.5,1,True,1,0.09999999999999999,0.9090909090909092,10
2026-01-28,2x2,2 de Mayo,Olimpia Asuncion,20:15,12.0,2,True,1,0.08636363636363636,0.9205020920502093,10
2026-01-28,2x2,Marumo Gallants,Kaizer Chiefs,14:30,12.5,3,True,1,0.08260869565217391,0.9236947791164659,10
2026-01-28,2x2,Atletico-MG,Palmeiras,19:00,14.5,4,False,0,-1.0,0.9342560553633218,10
2026-01-28,2x2,Dep. Pasto,Millonarios,22:30,14.5,5,False,1,0.07037037037037036,0.9342560553633218,10
2026-01-28,2x2,Chapecoense-SC,Santos,20:00,16.0,6,False,1,0.06333333333333332,0.9404388714733543,10
2026-01-28,2x2,Estudiantes L.P.,Boca Juniors,22:15,16.0,7,False,1,0.06333333333333332,0.9404388714733543,10
2026-01-28,2x2,Al Masry,Ceramica Cleopatra,15:00,17.0,8,False,1,0.059375,0.943952802359882,10
2026-01-28,2x2,Coritiba,Bragantino,19:00,18.0,9,False,1,0.055882352941176466,0.947075208913649,10
2026-01-28,2x2,Al Taee,Al Orubah,09:50,19.0,10,False,1,0.05277777777777778,0.949868073878628,10
2026-01-29,2x2,Maccabi Tel Aviv,Bologna,17:00,8.0,1,True,1,0.1357142857142857,0.8805031446540881,10
2026-01-29,2x2,Estudiantes Rio Cuarto,Argentinos Jrs,21:30,8.8,2,True,1,0.12179487179487178,0.8914285714285715,10
2026-01-29,2x2,Al Fateh,Al Ittihad,12:00,12.5,3,True,0,-1.0,0.9236947791164659,10
2026-01-29,2x2,Ghazl El Mahallah,El Gaish,15:00,12.5,4,False,1,0.08260869565217391,0.9236947791164659,10
2026-01-29,2x2,Sarmiento Junin,Banfield,21:30,14.0,5,False,1,0.07307692307692307,0.931899641577061,10
2026-01-29,2x2,Al Hazem,Al Shabab,14:30,15.0,6,False,1,0.06785714285714285,0.9364548494983278,10
2026-01-29,2x2,Enppi,Smouha,12:00,15.5,7,False,1,0.06551724137931034,0.9385113268608415,10
2026-01-29,2x2,Sturm Graz,Brann,17:00,16.0,8,False,1,0.06333333333333332,0.9404388714733543,10
2026-01-29,2x2,Aguilas,Dep. Cali,18:00,17.5,9,False,1,0.05757575757575757,0.9455587392550143,10
2026-01-29,2x2,Botafogo RJ,Cruzeiro,21:30,20.0,10,False,1,0.049999999999999996,0.9523809523809524,10
2026-01-30,2x2,Puebla,Toluca,22:00,9.2,1,True,1,0.11585365853658537,0.8961748633879782,16
2026-01-30,2x2,Bari,Palermo,16:30,9.4,2,True,1,0.11309523809523808,0.8983957219251337,16
2026-01-30,2x2,Pharco,ZED,12:00,9.6,3,True,1,0.11046511627906977,0.9005235602094241,16
2026-01-30,2x2,Guidonia,Arezzo,16:30,10.5,4,False,1,0.09999999999999999,0.9090909090909092,16
2026-01-30,2x2,Clermont,Reims,16:00,11.5,5,False,1,0.09047619047619047,0.9170305676855895,16
2026-01-30,2x2,Al Kholood,Al Nassr,14:30,11.5,6,False,1,0.09047619047619047,0.9170305676855895,16
2026-01-30,2x2,Omonia Aradippou,Apollon,14:00,12.0,7,False,1,0.08636363636363636,0.9205020920502093,16
2026-01-30,2x2,Arab Contractors,National Bank Egypt,15:00,13.0,8,False,1,0.07916666666666666,0.9266409266409267,16
2026-01-30,2x2,NAC Breda,Twente,16:00,13.0,9,False,0,-1.0,0.9266409266409267,16
2026-01-30,2x2,Chateauroux,Le Puy-en-Velay,15:30,13.0,10,False,1,0.07916666666666666,0.9266409266409267,16
2026-01-30,2x2,Real Sociedad B,Las Palmas,16:30,16.0,11,False,1,0.06333333333333332,0.9404388714733543,16
2026-01-30,2x2,Rodez,Red Star,16:00,16.5,12,False,1,0.06129032258064516,0.9422492401215806,16
2026-01-30,2x2,Sochaux,Rouen,15:30,19.0,13,False,1,0.05277777777777778,0.949868073878628,16
2026-01-30,2x2,Penafiel,Leixoes,15:45,19.5,14,False,1,0.05135135135135135,0.9511568123393317,16
2026-01-30,2x2,Sport Huancayo,Alianza Lima,14:00,20.0,15,False,1,0.049999999999999996,0.9523809523809524,16
2026-01-30,2x2,RAAL La Louviere,Gent,16:45,20.0,16,False,1,0.049999999999999996,0.9523809523809524,16
2026-01-31,2x2,Leeds,Arsenal,12:00,8.2,1,True,1,0.13194444444444445,0.883435582822086,37
2026-01-31,2x2,Panetolikos,Aris,12:00,8.8,2,True,1,0.12179487179487178,0.8914285714285715,37
2026-01-31,2x2,Sheffield Wed,Wrexham,09:30,9.0,3,True,1,0.11875,0.893854748603352,37
2026-01-31,2x2,Chico,Santa Fe,20:10,9.6,4,False,1,0.11046511627906977,0.9005235602094241,37
2026-01-31,2x2,Hamburger SV,Bayern Munich,14:30,10.0,5,False,0,-1.0,0.9045226130653267,37
2026-01-31,2x2,Achnas,Pafos,11:00,10.5,6,False,1,0.09999999999999999,0.9090909090909092,37
2026-01-31,2x2,AFC Wimbledon,Bolton,09:30,10.5,7,False,1,0.09999999999999999,0.9090909090909092,37
2026-01-31,2x2,Ol. Nicosia,APOEL,14:00,11.5,8,False,1,0.09047619047619047,0.9170305676855895,37
2026-01-31,2x2,Elche,Barcelona,17:00,11.5,9,False,1,0.09047619047619047,0.9170305676855895,37
2026-01-31,2x2,Atl. San Luis,Guadalajara Chivas,20:00,11.5,10,False,1,0.09047619047619047,0.9170305676855895,37
2026-01-31,2x2,Oxford Utd,Birmingham,12:00,12.0,11,False,1,0.08636363636363636,0.9205020920502093,37
2026-01-31,2x2,Sorrento,Catania,10:30,13.0,12,False,1,0.07916666666666666,0.9266409266409267,37
2026-01-31,2x2,Wigan,Lincoln,12:00,13.0,13,False,1,0.07916666666666666,0.9266409266409267,37
2026-01-31,2x2,Juarez,Cruz Azul,00:06,13.0,14,False,1,0.07916666666666666,0.9266409266409267,37
2026-01-31,2x2,Cultural Leonesa,Dep. La Coruna,14:30,13.5,15,False,1,0.076,0.929368029739777,37
2026-01-31,2x2,Empoli,Modena,11:00,13.5,16,False,1,0.076,0.929368029739777,37
2026-01-31,2x2,Club Leon,Tigres UANL,22:10,13.5,17,False,1,0.076,0.929368029739777,37
2026-01-31,2x2,Northampton,Reading,11:00,14.0,18,False,1,0.07307692307692307,0.931899641577061,37
2026-01-31,2x2,Gorica,Hajduk Split,11:00,14.5,19,False,1,0.07037037037037036,0.9342560553633218,37
2026-01-31,2x2,Avellino,Cesena,11:00,15.0,20,False,1,0.06785714285714285,0.9364548494983278,37
2026-01-31,2x2,Pisa,Sassuolo,11:00,15.5,21,False,1,0.06551724137931034,0.9385113268608415,37
2026-01-31,2x2,U. De Concepcion,Coquimbo,15:30,15.5,22,False,1,0.06551724137931034,0.9385113268608415,37
2026-01-31,2x2,Portsmouth,West Brom,12:00,16.0,23,False,1,0.06333333333333332,0.9404388714733543,37
2026-01-31,2x2,Rio Ave,Arouca,15:00,16.0,24,False,1,0.06333333333333332,0.9404388714733543,37
2026-01-31,2x2,Mansfield,Wycombe,12:00,16.0,25,False,1,0.06333333333333332,0.9404388714733543,37
2026-01-31,2x2,Entella,Frosinone,11:00,17.0,26,False,1,0.059375,0.943952802359882,37
2026-01-31,2x2,Chippa Utd.,Durban City,10:30,17.0,27,False,1,0.059375,0.943952802359882,37
2026-01-31,2x2,Stoke,Southampton,09:30,17.0,28,False,1,0.059375,0.943952802359882,37
2026-01-31,2x2,Unirea Slobozia,FC Hermannstadt,09:30,17.5,29,False,1,0.05757575757575757,0.9455587392550143,37
2026-01-31,2x2,Dorados de Sinaloa,Tepatitlan de Morelos,00:00,18.0,30,False,1,0.055882352941176466,0.947075208913649,37
2026-01-31,2x2,Osasuna,Villarreal,12:15,18.0,31,False,0,-1.0,0.947075208913649,37
2026-01-31,2x2,Bradford City,Doncaster,09:30,18.5,32,False,1,0.054285714285714284,0.948509485094851,37
2026-01-31,2x2,Mlada Boleslav,Bohemians,11:00,18.5,33,False,0,-1.0,0.948509485094851,37
2026-01-31,2x2,Barnsley,Stevenage,12:00,19.0,34,False,1,0.05277777777777778,0.949868073878628,37
2026-01-31,2x2,Correcaminos,Tlaxcala,00:00,19.0,35,False,1,0.05277777777777778,0.949868073878628,37
2026-01-31,2x2,Dolomiti Bellunesi,Virtus Verona,10:30,19.0,36,False,1,0.05277777777777778,0.949868073878628,37
2026-01-31,2x2,Slaven Belupo,Varazdin,13:45,19.0,37,False,1,0.05277777777777778,0.949868073878628,37
2026-02-01,2x2,FK Pardubice,Slavia Prague,14:30,8.4,1,True,1,0.12837837837837837,0.8862275449101797,21
2026-02-01,2x2,Padova,Monza,13:15,9.8,2,True,1,0.10795454545454544,0.9025641025641027,21
2026-02-01,2x2,AEL Limassol,Aris,14:00,10.5,3,True,1,0.09999999999999999,0.9090909090909092,21
2026-02-01,2x2,Atalanta U23,Benevento,10:30,11.5,4,False,1,0.09047619047619047,0.9170305676855895,21
2026-02-01,2x2,Farul Constanta,Univ. Craiova,12:15,11.5,5,False,1,0.09047619047619047,0.9170305676855895,21
2026-02-01,2x2,Dender,Genk,12:00,12.5,6,False,1,0.08260869565217391,0.9236947791164659,21
2026-02-01,2x2,Wisla Plock,Rakow,10:45,13.0,7,False,1,0.07916666666666666,0.9266409266409267,21
2026-02-01,2x2,St. Liege,Anderlecht,09:30,13.0,8,False,1,0.07916666666666666,0.9266409266409267,21
2026-02-01,2x2,Feirense,Maritimo,11:00,13.0,9,False,1,0.07916666666666666,0.9266409266409267,21
2026-02-01,2x2,La Serena,U. Catolica,18:00,13.0,10,False,0,-1.0,0.9266409266409267,21
2026-02-01,2x2,Queretaro,Pachuca,20:00,14.0,11,False,1,0.07307692307692307,0.931899641577061,21
2026-02-01,2x2,Reggiana,Juve Stabia,11:00,14.0,12,False,1,0.07307692307692307,0.931899641577061,21
2026-02-01,2x2,Slovacko,Ostrava,09:00,14.5,13,False,0,-1.0,0.9342560553633218,21
2026-02-01,2x2,Ulm,Duisburg,09:30,15.5,14,False,1,0.06551724137931034,0.9385113268608415,21
2026-02-01,2x2,Getafe,Celta Vigo,14:30,16.0,15,False,1,0.06333333333333332,0.9404388714733543,21
2026-02-01,2x2,Barracas Central,Dep. Riestra,17:00,16.0,16,False,1,0.06333333333333332,0.9404388714733543,21
2026-02-01,2x2,Osijek,Rijeka,11:00,17.0,17,False,1,0.059375,0.943952802359882,21
2026-02-01,2x2,SG Dynamo Dresden,Arminia Bielefeld,09:30,18.0,18,False,1,0.055882352941176466,0.947075208913649,21
2026-02-01,2x2,Rosario Central,River Plate,21:30,18.5,19,False,1,0.054285714285714284,0.948509485094851,21
2026-02-01,2x2,Gil Vicente,Famalicao,12:30,18.5,20,False,1,0.054285714285714284,0.948509485094851,21
2026-02-01,2x2,TS Galaxy,Sekhukhune,10:30,19.0,21,False,1,0.05277777777777778,0.949868073878628,21
2026-02-02,2x2,Al Riyadh,Al Nassr,12:15,8.6,1,True,1,0.125,0.888888888888889,13
2026-02-02,2x2,Al Okhdood,Neom SC,14:30,10.5,2,True,1,0.09999999999999999,0.9090909090909092,13
2026-02-02,2x2,Udinese,AS Roma,16:45,10.5,3,True,1,0.09999999999999999,0.9090909090909092,13
2026-02-02,2x2,Recoleta,Libertad Asuncion,18:00,10.5,4,False,1,0.09999999999999999,0.9090909090909092,13
2026-02-02,2x2,Giana Erminio,Brescia,16:30,11.5,5,False,1,0.09047619047619047,0.9170305676855895,13
2026-02-02,2x2,Pereira,Junior,22:30,12.0,6,False,1,0.08636363636363636,0.9205020920502093,13
2026-02-02,2x2,Tigre,Racing Club,19:45,13.0,7,False,1,0.07916666666666666,0.9266409266409267,13
2026-02-02,2x2,Defensa y Justicia,Estudiantes L.P.,19:45,13.5,8,False,1,0.076,0.929368029739777,13
2026-02-02,2x2,Maastricht,Almere City,16:00,15.0,9,False,1,0.06785714285714285,0.9364548494983278,13
2026-02-02,2x2,Mirandes,Malaga,16:30,16.0,10,False,1,0.06333333333333332,0.9404388714733543,13
2026-02-02,2x2,FC Botosani,Otelul,13:30,17.5,11,False,1,0.05757575757575757,0.9455587392550143,13
2026-02-02,2x2,Termalica B-B.,Cracovia,15:00,17.5,12,False,1,0.05757575757575757,0.9455587392550143,13
2026-02-02,2x2,Mallorca,Sevilla,17:00,19.0,13,False,1,0.05277777777777778,0.949868073878628,13
2026-02-03,2x2,National Bank Egypt,Al Ahly,15:00,8.8,1,True,1,0.12179487179487178,0.8914285714285715,9
2026-02-03,2x2,AmaZulu,Orlando Pirates,14:30,10.5,2,True,1,0.09999999999999999,0.9090909090909092,9
2026-02-03,2x2,Albacete,Barcelona,17:00,11.0,3,True,1,0.095,0.9132420091324202,9
2026-02-03,2x2,FC Hermannstadt,FC Rapid Bucuresti,15:30,12.0,4,False,1,0.08636363636363636,0.9205020920502093,9
2026-02-03,2x2,Bologna,AC Milan,16:45,15.5,5,False,1,0.06551724137931034,0.9385113268608415,9
2026-02-03,2x2,Burton,Doncaster,16:45,15.5,6,False,1,0.06551724137931034,0.9385113268608415,9
2026-02-03,2x2,Piast Gliwice,Lech Poznan,16:30,16.5,7,False,1,0.06129032258064516,0.9422492401215806,9
2026-02-03,2x2,Instituto,Lanus,21:15,17.0,8,False,0,-1.0,0.943952802359882,9
2026-02-03,2x2,Damac,Al Kholood,12:40,19.0,9,False,1,0.05277777777777778,0.949868073878628,9
2026-02-04,2x2,Kahrabaa Ismailia,Zamalek,15:00,9.4,1,True,1,0.11309523809523808,0.8983957219251337,9
2026-02-04,2x2,Holstein Kiel,Stuttgart,16:45,9.6,2,True,1,0.11046511627906977,0.9005235602094241,9
2026-02-04,2x2,Smouha,Pyramids,12:00,11.5,3,True,1,0.09047619047619047,0.9170305676855895,9
2026-02-04,2x2,Alaves,Real Sociedad,17:00,13.5,4,False,1,0.076,0.929368029739777,9
2026-02-04,2x2,Metaloglobus Bucharest,Csikszereda M. Ciuc,11:00,14.0,5,False,1,0.07307692307692307,0.931899641577061,9
2026-02-04,2x2,Remo,Mirassol,20:00,15.5,6,False,0,-1.0,0.9385113268608415,9
2026-02-04,2x2,UTA Arad,CFR Cluj,13:00,18.5,7,False,1,0.054285714285714284,0.948509485094851,9
2026-02-04,2x2,ZED,Al Masry,12:00,19.0,8,False,1,0.05277777777777778,0.949868073878628,9
2026-02-04,2x2,Lorient,Paris FC,16:30,19.0,9,False,1,0.05277777777777778,0.949868073878628,9
2026-02-05,2x2,Al Okhdood,Al Hilal,14:30,8.8,1,True,1,0.12179487179487178,0.8914285714285715,2
2026-02-05,2x2,Atalanta,Juventus,17:00,15.5,2,True,1,0.06551724137931034,0.9385113268608415,2
2026-02-06,2x2,Montana,CSKA 1948 Sofia,10:15,9.2,1,True,1,0.11585365853658537,0.8961748633879782,20
2026-02-06,2x2,Metz,Lille,16:45,9.4,2,True,1,0.11309523809523808,0.8983957219251337,20
2026-02-06,2x2,Paris 13 Atl.,Dijon,15:30,11.0,3,True,1,0.095,0.9132420091324202,20
2026-02-06,2x2,Stade Briochin,Sochaux,15:30,11.0,4,False,1,0.095,0.9132420091324202,20
2026-02-06,2x2,Bourg en Bresse,Le Puy-en-Velay,15:30,11.5,5,False,1,0.09047619047619047,0.9170305676855895,20
2026-02-06,2x2,FC Porto B,Academico Viseu,15:00,11.5,6,False,1,0.09047619047619047,0.9170305676855895,20
2026-02-06,2x2,Albion,Liverpool M.,19:00,13.0,7,False,1,0.07916666666666666,0.9266409266409267,20
2026-02-06,2x2,Petrojet,Enppi,15:00,14.5,8,False,1,0.07037037037037036,0.9342560553633218,20
2026-02-06,2x2,Central Cordoba,Union de Santa Fe,21:00,14.5,9,False,1,0.07037037037037036,0.9342560553633218,20
2026-02-06,2x2,Dep. Pasto,Bucaramanga,20:20,14.5,10,False,1,0.07037037037037036,0.9342560553633218,20
2026-02-06,2x2,Audace Cerignola,Salernitana,16:30,15.0,11,False,1,0.06785714285714285,0.9364548494983278,20
2026-02-06,2x2,Charlton,QPR,17:01,15.5,12,False,1,0.06551724137931034,0.9385113268608415,20
2026-02-06,2x2,Wanderers,Defensor Sp.,21:30,16.0,13,False,1,0.06333333333333332,0.9404388714733543,20
2026-02-06,2x2,Villefranche,Versailles,15:30,16.5,14,False,1,0.06129032258064516,0.9422492401215806,20
2026-02-06,2x2,Prijedor,Siroki Brijeg,12:00,18.0,15,False,1,0.055882352941176466,0.947075208913649,20
2026-02-06,2x2,Preussen Munster,Bochum,14:30,19.0,16,False,1,0.05277777777777778,0.949868073878628,20
2026-02-06,2x2,Verona,Pisa,16:45,19.0,17,False,1,0.05277777777777778,0.949868073878628,20
2026-02-06,2x2,Caen,Fleury-Merogis,15:30,20.0,18,False,1,0.049999999999999996,0.9523809523809524,20
2026-02-06,2x2,El Gouna,Modern Sport,12:00,20.0,19,False,1,0.049999999999999996,0.9523809523809524,20
2026-02-06,2x2,Necaxa,Atl. San Luis,22:00,20.0,20,False,1,0.049999999999999996,0.9523809523809524,20
2026-02-07,2x2,2 de Mayo,Cerro Porteno,20:30,8.0,3,True,1,0.1357142857142857,0.8805031446540881,42
2026-02-07,2x2,Mazatlan FC,Guadalajara Chivas,00:06,8.2,2,True,1,0.13194444444444445,0.883435582822086,42
2026-02-07,2x2,2 de Mayo,Cerro Porteno,20:30,8.4,3,True,1,0.12837837837837837,0.8862275449101797,42
2026-02-07,2x2,Lok. Sofia,Ludogorets,10:00,8.6,4,False,1,0.125,0.888888888888889,42
2026-02-07,2x2,Estrela,Santa Clara,12:30,10.0,5,False,1,0.10555555555555556,0.9045226130653267,42
2026-02-07,2x2,Genoa,Napoli,14:00,10.5,6,False,1,0.09999999999999999,0.9090909090909092,42
2026-02-07,2x2,Aldosivi,Rosario Central,17:00,11.0,7,False,1,0.095,0.9132420091324202,42
2026-02-07,2x2,Arka Gdynia,Legia,10:45,11.5,8,False,0,-1.0,0.9170305676855895,42
2026-02-07,2x2,Pergolettese,Trento,13:30,12.0,9,False,1,0.08636363636363636,0.9205020920502093,42
2026-02-07,2x2,Moreirense,Gil Vicente,12:30,12.0,10,False,1,0.08636363636363636,0.9205020920502093,42
2026-02-07,2x2,Csikszereda M. Ciuc,UTA Arad,10:00,12.0,11,False,1,0.08636363636363636,0.9205020920502093,42
2026-02-07,2x2,Derby,Ipswich,09:31,12.5,12,False,1,0.08260869565217391,0.9236947791164659,42
2026-02-07,2x2,Zaragoza,Eibar,14:30,12.5,13,False,1,0.08260869565217391,0.9236947791164659,42
2026-02-07,2x2,Novara,Brescia,10:30,13.0,14,False,1,0.07916666666666666,0.9266409266409267,42
2026-02-07,2x2,Giugliano,Cosenza,10:30,13.5,15,False,1,0.076,0.929368029739777,42
2026-02-07,2x2,Northampton,Stevenage,12:01,14.0,16,False,1,0.07307692307692307,0.931899641577061,42
2026-02-07,2x2,Unirea Slobozia,Farul Constanta,08:00,14.0,17,False,1,0.07307692307692307,0.931899641577061,42
2026-02-07,2x2,Oliveirense,Vizela,12:30,15.0,18,False,1,0.06785714285714285,0.9364548494983278,42
2026-02-07,2x2,Lusitania FC,Felgueiras,08:00,15.0,19,False,1,0.06785714285714285,0.9364548494983278,42
2026-02-07,2x2,Teplice,Karvina,11:00,15.0,20,False,1,0.06785714285714285,0.9364548494983278,42
2026-02-07,2x2,Bala,Cardiff Metropolitan,11:30,15.5,21,False,1,0.06551724137931034,0.9385113268608415,42
2026-02-07,2x2,Plymouth,Lincoln,12:01,16.0,22,False,1,0.06333333333333332,0.9404388714733543,42
2026-02-07,2x2,AFC Wimbledon,Reading,12:01,16.5,23,False,1,0.06129032258064516,0.9422492401215806,42
2026-02-07,2x2,Sakhnin,Hapoel Petah Tikva,13:30,16.5,24,False,1,0.06129032258064516,0.9422492401215806,42
2026-02-07,2x2,Arouca,Vitoria Guimaraes,17:30,16.5,25,False,1,0.06129032258064516,0.9422492401215806,42
2026-02-07,2x2,Atlas,UNAM Pumas,22:05,16.5,26,False,0,-1.0,0.9422492401215806,42
2026-02-07,2x2,Queretaro,Club Leon,20:00,16.5,27,False,1,0.06129032258064516,0.9422492401215806,42
2026-02-07,2x2,Fortaleza,Santa Fe,20:20,16.5,28,False,1,0.06129032258064516,0.9422492401215806,42
2026-02-07,2x2,Racing Club,Argentinos Jrs,18:00,16.5,29,False,1,0.06129032258064516,0.9422492401215806,42
2026-02-07,2x2,Caracas,Puerto Cabello,19:00,17.0,30,False,1,0.059375,0.943952802359882,42
2026-02-07,2x2,Rubio Nu,Sportivo Trinidense,18:30,17.5,31,False,1,0.05757575757575757,0.9455587392550143,42
2026-02-07,2x2,Ostrava,Sigma Olomouc,11:00,17.5,32,False,1,0.05757575757575757,0.9455587392550143,42
2026-02-07,2x2,Vukovar 1991,Istra 1961,11:00,18.0,33,False,1,0.055882352941176466,0.947075208913649,42
2026-02-07,2x2,Kifisia,Atromitos,15:00,18.0,34,False,1,0.055882352941176466,0.947075208913649,42
2026-02-07,2x2,Tamworth,Hartlepool,12:00,18.5,35,False,1,0.054285714285714284,0.948509485094851,42
2026-02-07,2x2,Port Vale,Burton,09:31,18.5,36,False,0,-1.0,0.948509485094851,42
2026-02-07,2x2,Wrexham,Millwall,12:01,18.5,37,False,1,0.054285714285714284,0.948509485094851,42
2026-02-07,2x2,WS Wanderers,Melbourne City,05:35,19.0,38,False,1,0.05277777777777778,0.949868073878628,42
2026-02-07,2x2,Hull,Bristol City,12:01,19.0,39,False,1,0.05277777777777778,0.949868073878628,42
2026-02-07,2x2,Polonia Bytom,LKS Lodz,15:30,19.0,40,False,1,0.05277777777777778,0.949868073878628,42
2026-02-07,2x2,Preston,Portsmouth,12:01,19.5,41,False,1,0.05135135135135135,0.9511568123393317,42
2026-02-07,2x2,Eastleigh,Wealdstone,14:30,20.0,42,False,0,-1.0,0.9523809523809524,42
2026-02-08,2x2,Sassuolo,Inter,14:00,8.4,1,True,1,0.12837837837837837,0.8862275449101797,28
2026-02-08,2x2,Zlin,Sparta Prague,11:30,9.0,2,True,1,0.11875,0.893854748603352,28
2026-02-08,2x2,Boston River,Nacional,20:30,10.0,3,True,1,0.10555555555555556,0.9045226130653267,28
2026-02-08,2x2,Pontedera,Ternana,08:30,11.0,4,False,0,-1.0,0.9132420091324202,28
2026-02-08,2x2,Angers,Toulouse,13:15,11.5,5,False,1,0.09047619047619047,0.9170305676855895,28
2026-02-08,2x2,Aris,PAOK,14:00,12.0,6,False,1,0.08636363636363636,0.9205020920502093,28
2026-02-08,2x2,Trujillanos,Carabobo,16:30,12.5,7,False,1,0.08260869565217391,0.9236947791164659,28
2026-02-08,2x2,Huachipato,U. De Chile,12:00,12.5,8,False,1,0.08260869565217391,0.9236947791164659,28
2026-02-08,2x2,Otelul,FCSB,15:00,12.5,9,False,1,0.08260869565217391,0.9236947791164659,28
2026-02-08,2x2,Triestina,Inter U23,10:30,13.0,10,False,1,0.07916666666666666,0.9266409266409267,28
2026-02-08,2x2,Rijeka,Din. Zagreb,13:45,14.5,11,False,1,0.07037037037037036,0.9342560553633218,28
2026-02-08,2x2,Gimnasia Mendoza,Instituto,22:15,14.5,12,False,1,0.07037037037037036,0.9342560553633218,28
2026-02-08,2x2,Velez Sarsfield,Boca Juniors,22:15,15.0,13,False,1,0.06785714285714285,0.9364548494983278,28
2026-02-08,2x2,GKS Katowice,Widzew Lodz,13:30,15.0,14,False,1,0.06785714285714285,0.9364548494983278,28
2026-02-08,2x2,Valladolid,Castellon,10:00,15.0,15,False,1,0.06785714285714285,0.9364548494983278,28
2026-02-08,2x2,Ospitaletto,Renate,10:30,15.5,16,False,1,0.06551724137931034,0.9385113268608415,28
2026-02-08,2x2,OFI Crete,Levadiakos,12:00,15.5,17,False,1,0.06551724137931034,0.9385113268608415,28
2026-02-08,2x2,Platense,Independiente,17:00,17.0,18,False,1,0.059375,0.943952802359882,28
2026-02-08,2x2,Lecce,Udinese,11:00,17.0,19,False,1,0.059375,0.943952802359882,28
2026-02-08,2x2,Posusje,Zeljeznicar,09:00,17.0,20,False,1,0.059375,0.943952802359882,28
2026-02-08,2x2,APOEL,AEK Larnaca,11:00,17.0,21,False,1,0.059375,0.943952802359882,28
2026-02-08,2x2,Cadiz CF,Almeria,12:15,17.0,22,False,1,0.059375,0.943952802359882,28
2026-02-08,2x2,Auxerre,Paris FC,13:15,17.5,23,False,1,0.05757575757575757,0.9455587392550143,28
2026-02-08,2x2,Sarmiento Junin,Atl. Tucuman,17:00,17.5,24,False,1,0.05757575757575757,0.9455587392550143,28
2026-02-08,2x2,Slavia Sofia,Lok. Plovdiv,09:15,18.0,25,False,1,0.055882352941176466,0.947075208913649,28
2026-02-08,2x2,Sambenedettese,Perugia,10:30,18.0,26,False,1,0.055882352941176466,0.947075208913649,28
2026-02-08,2x2,Nacional Asuncion,Olimpia Asuncion,20:30,18.0,27,False,1,0.055882352941176466,0.947075208913649,28
2026-02-08,2x2,Pafos,Omonia,14:00,20.0,28,False,1,0.049999999999999996,0.9523809523809524,28
2026-02-09,2x2,Al Jubail,Al Orubah,12:05,10.5,1,True,1,0.09999999999999999,0.9090909090909092,6
2026-02-09,2x2,Estudiantes Rio Cuarto,Ind. Rivadavia,21:30,12.0,2,True,1,0.08636363636363636,0.9205020920502093,6
2026-02-09,2x2,CA Cerro,Danubio,20:00,14.5,3,True,1,0.07037037037037036,0.9342560553633218,6
2026-02-09,2x2,Portimonense,Benfica B,15:00,14.5,4,False,1,0.07037037037037036,0.9342560553633218,6
2026-02-09,2x2,Amiens,Clermont,16:45,18.0,5,False,1,0.055882352941176466,0.947075208913649,6
2026-02-09,2x2,Barracas Central,Gimnasia L.P.,17:00,18.5,6,False,1,0.054285714285714284,0.948509485094851,6
2026-02-10,2x2,Vitoria,Flamengo RJ,21:30,8.8,1,True,1,0.12179487179487178,0.8914285714285715,13
2026-02-10,2x2,Trapani,Benevento,14:00,11.5,2,True,1,0.09047619047619047,0.9170305676855895,13
2026-02-10,2x2,Cucuta,Ind. Medellin,18:00,13.0,3,True,1,0.07916666666666666,0.9266409266409267,13
2026-02-10,2x2,Sampdoria,Palermo,15:00,14.0,4,False,1,0.07307692307692307,0.931899641577061,13
2026-02-10,2x2,Oxford Utd,Norwich,16:45,15.0,5,False,1,0.06785714285714285,0.9364548494983278,13
2026-02-10,2x2,Pacos Ferreira,Sporting CP B,17:15,15.5,6,False,1,0.06551724137931034,0.9385113268608415,13
2026-02-10,2x2,Napoli,Como,17:00,17.5,7,False,1,0.05757575757575757,0.9455587392550143,13
2026-02-10,2x2,Entella,Cesena,16:00,18.0,8,False,1,0.055882352941176466,0.947075208913649,13
2026-02-10,2x2,Truro,Woking,16:45,18.0,9,False,1,0.055882352941176466,0.947075208913649,13
2026-02-10,2x2,Padova,Carrarese,16:00,18.0,10,False,1,0.055882352941176466,0.947075208913649,13
2026-02-10,2x2,Casertana,Crotone,16:30,19.0,11,False,0,-1.0,0.949868073878628,13
2026-02-10,2x2,Cavese,Monopoli,14:00,20.0,12,False,1,0.049999999999999996,0.9523809523809524,13
2026-02-10,2x2,Reggiana,Mantova,16:00,20.0,13,False,1,0.049999999999999996,0.9523809523809524,13
2026-02-11,2x2,Enppi,Pyramids,12:00,9.8,1,True,1,0.10795454545454544,0.9025641025641027,9
2026-02-11,2x2,Pro Vercelli,L.R. Vicenza,16:30,11.0,2,True,1,0.095,0.9132420091324202,9
2026-02-11,2x2,Sudtirol,Monza,15:00,12.5,3,True,1,0.08260869565217391,0.9236947791164659,9
2026-02-11,2x2,Bari,Spezia,16:00,16.5,4,False,1,0.06129032258064516,0.9422492401215806,9
2026-02-11,2x2,Arzignano,Trento,16:30,16.5,5,False,1,0.06129032258064516,0.9422492401215806,9
2026-02-11,2x2,Charlton,Stoke,16:45,16.5,6,False,1,0.06129032258064516,0.9422492401215806,9
2026-02-11,2x2,Pro Patria,Cittadella,16:30,17.0,7,False,1,0.059375,0.943952802359882,9
2026-02-11,2x2,Giana Erminio,Lecco,16:30,17.0,8,False,1,0.059375,0.943952802359882,9
2026-02-11,2x2,Mirassol,Cruzeiro,19:00,18.0,9,False,0,-1.0,0.947075208913649,9
2026-02-12,2x2,Carpi,Arezzo,16:30,8.4,1,True,1,0.12837837837837837,0.8862275449101797,5
2026-02-12,2x2,Damac,Al Taawon,12:45,11.5,2,True,1,0.09047619047619047,0.9170305676855895,5
2026-02-12,2x2,Pianese,Perugia,16:30,13.0,3,True,1,0.07916666666666666,0.9266409266409267,5
2026-02-12,2x2,Quevilly Rouen,Concarneau,15:00,14.5,4,False,1,0.07037037037037036,0.9342560553633218,5
2026-02-12,2x2,Internacional,Palmeiras,21:30,15.5,5,False,1,0.06551724137931034,0.9385113268608415,5
2026-02-13,2x2,Pisa,AC Milan,16:45,8.0,1,True,1,0.1357142857142857,0.8805031446540881,20
2026-02-13,2x2,Santa Clara,Benfica,15:30,8.2,2,True,1,0.13194444444444445,0.883435582822086,20
2026-02-13,2x2,Hull,Chelsea,16:45,8.4,3,True,1,0.12837837837837837,0.8862275449101797,20
2026-02-13,2x2,Al Shabab,Al Ahli SC,10:55,9.8,4,False,1,0.10795454545454544,0.9025641025641027,20
2026-02-13,2x2,FC Volendam,PSV,16:00,10.0,5,False,1,0.10555555555555556,0.9045226130653267,20
2026-02-13,2x2,Colwyn Bay,TNS,16:45,10.0,6,False,1,0.10555555555555556,0.9045226130653267,20
2026-02-13,2x2,Chateauroux,Rouen,15:30,10.5,7,False,1,0.09999999999999999,0.9090909090909092,20
2026-02-13,2x2,Amiens,Dunkerque,16:00,11.5,8,False,1,0.09047619047619047,0.9170305676855895,20
2026-02-13,2x2,Spartak Varna,Lok. Sofia,12:45,11.5,9,False,0,-1.0,0.9170305676855895,20
2026-02-13,2x2,Palestino,U. De Chile,20:30,12.5,10,False,1,0.08260869565217391,0.9236947791164659,20
2026-02-13,2x2,Defensa y Justicia,Velez Sarsfield,22:15,13.5,11,False,1,0.076,0.929368029739777,20
2026-02-13,2x2,GKS Katowice,Legia,16:30,14.0,12,False,1,0.07307692307692307,0.931899641577061,20
2026-02-13,2x2,Laval,Annecy,16:00,14.5,13,False,0,-1.0,0.9342560553633218,20
2026-02-13,2x2,Cajamarca,Cusco,17:00,15.5,14,False,1,0.06551724137931034,0.9385113268608415,20
2026-02-13,2x2,Petrolul,FC Arges,15:00,16.0,15,False,1,0.06333333333333332,0.9404388714733543,20
2026-02-13,2x2,Elche,Osasuna,17:00,16.0,16,False,1,0.06333333333333332,0.9404388714733543,20
2026-02-13,2x2,Recoleta,Sp. Luqueno,20:30,16.0,17,False,1,0.06333333333333332,0.9404388714733543,20
2026-02-13,2x2,Puebla,UNAM Pumas,22:00,16.0,18,False,1,0.06333333333333332,0.9404388714733543,20
2026-02-13,2x2,Pogon Siedlce,Ruch Chorzow,17:00,17.5,19,False,1,0.05757575757575757,0.9455587392550143,20
2026-02-13,2x2,Tondela,Alverca,17:45,18.5,20,False,1,0.054285714285714284,0.948509485094851,20
2026-02-14,2x2,Levadiakos,Olympiacos Piraeus,14:30,8.2,1,True,1,0.13194444444444445,0.883435582822086,40
2026-02-14,2x2,Metaloglobus Bucharest,Otelul,09:30,8.8,2,True,1,0.12179487179487178,0.8914285714285715,40
2026-02-14,2x2,Yeovil,Rochdale,12:00,8.8,3,True,1,0.12179487179487178,0.8914285714285715,40
2026-02-14,2x2,SC Ashdod,H. Beer Sheva,14:30,9.4,4,False,1,0.11309523809523808,0.8983957219251337,40
2026-02-14,2x2,Siracusa,Catania,13:30,9.6,5,False,1,0.11046511627906977,0.9005235602094241,40
2026-02-14,2x2,Karvina,Slavia Prague,11:00,10.5,6,False,1,0.09999999999999999,0.9090909090909092,40
2026-02-14,2x2,Banfield,Racing Club,17:30,10.5,7,False,1,0.09999999999999999,0.9090909090909092,40
2026-02-14,2x2,Grenoble,Reims,10:00,11.0,8,False,1,0.095,0.9132420091324202,40
2026-02-14,2x2,Volos,Aris,15:00,11.0,9,False,1,0.095,0.9132420091324202,40
2026-02-14,2x2,Penybont,Connahs Q.,09:30,11.0,10,False,1,0.095,0.9132420091324202,40
2026-02-14,2x2,Gil Vicente,Braga,17:30,11.0,11,False,1,0.095,0.9132420091324202,40
2026-02-14,2x2,Wealdstone,York City,12:00,11.5,12,False,1,0.09047619047619047,0.9170305676855895,40
2026-02-14,2x2,Zaglebie,Rakow,13:30,11.5,13,False,1,0.09047619047619047,0.9170305676855895,40
2026-02-14,2x2,Cobresal,U. Catolica,20:30,12.0,14,False,1,0.08636363636363636,0.9205020920502093,40
2026-02-14,2x2,Al Fateh,Al Nassr,14:30,12.0,15,False,1,0.08636363636363636,0.9205020920502093,40
2026-02-14,2x2,Werder Bremen,Bayern Munich,11:30,12.5,16,False,1,0.08260869565217391,0.9236947791164659,40
2026-02-14,2x2,Paris FC,Lens,17:05,12.5,17,False,1,0.08260869565217391,0.9236947791164659,40
2026-02-14,2x2,Portsmouth,Sheffield Utd,12:00,14.0,18,False,1,0.07307692307692307,0.931899641577061,40
2026-02-14,2x2,CSKA 1948 Sofia,CSKA Sofia,09:45,14.0,19,False,1,0.07307692307692307,0.931899641577061,40
2026-02-14,2x2,Juan Pablo II,Sporting Cristal,17:15,14.0,20,False,1,0.07307692307692307,0.931899641577061,40
2026-02-14,2x2,Lazio,Atalanta,14:00,14.5,21,False,1,0.07037037037037036,0.9342560553633218,40
2026-02-14,2x2,La Serena,Coquimbo,12:00,14.5,22,False,1,0.07037037037037036,0.9342560553633218,40
2026-02-14,2x2,Cesena,Venezia,15:30,14.5,23,False,1,0.07037037037037036,0.9342560553633218,40
2026-02-14,2x2,Getafe,Villarreal,12:15,15.0,24,False,1,0.06785714285714285,0.9364548494983278,40
2026-02-14,2x2,Preston,Watford,12:00,15.5,25,False,0,-1.0,0.9385113268608415,40
2026-02-14,2x2,Wisla Plock,Widzew Lodz,16:15,15.5,26,False,1,0.06551724137931034,0.9385113268608415,40
2026-02-14,2x2,Casa Pia,Arouca,12:30,15.5,27,False,1,0.06551724137931034,0.9385113268608415,40
2026-02-14,2x2,Tirol,Sturm Graz,13:00,15.5,28,False,1,0.06551724137931034,0.9385113268608415,40
2026-02-14,2x2,Picerno,Crotone,13:30,15.5,29,False,1,0.06551724137931034,0.9385113268608415,40
2026-02-14,2x2,Reading,Wycombe,09:30,15.5,30,False,1,0.06551724137931034,0.9385113268608415,40
2026-02-14,2x2,Heracles,NAC Breda,12:30,16.5,31,False,1,0.06129032258064516,0.9422492401215806,40
2026-02-14,2x2,Feirense,Chaves,08:00,16.5,32,False,1,0.06129032258064516,0.9422492401215806,40
2026-02-14,2x2,Cracovia,Jagiellonia,10:45,17.0,33,False,1,0.059375,0.943952802359882,40
2026-02-14,2x2,Espanyol,Celta Vigo,10:00,17.5,34,False,0,-1.0,0.9455587392550143,40
2026-02-14,2x2,Stevenage,Huddersfield,09:30,18.0,35,False,1,0.055882352941176466,0.947075208913649,40
2026-02-14,2x2,Ried,LASK,13:00,18.0,36,False,1,0.055882352941176466,0.947075208913649,40
2026-02-14,2x2,Panetolikos,Asteras Tripolis,12:00,18.0,37,False,1,0.055882352941176466,0.947075208913649,40
2026-02-14,2x2,Wehen,Duisburg,10:00,19.0,38,False,1,0.05277777777777778,0.949868073878628,40
2026-02-14,2x2,Limache,O'Higgins,18:00,19.5,39,False,1,0.05135135135135135,0.9511568123393317,40
2026-02-14,2x2,Hartberg,Altach,13:00,20.0,40,False,1,0.049999999999999996,0.9523809523809524,40
2026-02-15,2x2,Grimsby,Wolves,10:30,8.2,1,True,1,0.13194444444444445,0.883435582822086,39
2026-02-15,2x2,Oxford Utd,Sunderland,11:00,8.2,2,True,1,0.13194444444444445,0.883435582822086,39
2026-02-15,2x2,Central Esp.,Penarol,20:30,8.2,3,True,1,0.13194444444444445,0.883435582822086,39
2026-02-15,2x2,Rayo Vallecano,Atl. Madrid,12:15,9.4,4,False,1,0.11309523809523808,0.8983957219251337,39
2026-02-15,2x2,Bra,Ascoli,10:30,9.4,5,False,1,0.11309523809523808,0.8983957219251337,39
2026-02-15,2x2,Fredericia,Aarhus,10:00,10.5,6,False,1,0.09999999999999999,0.9090909090909092,39
2026-02-15,2x2,Telstar,Twente,10:30,10.5,7,False,1,0.09999999999999999,0.9090909090909092,39
2026-02-15,2x2,Achnas,APOEL,11:00,11.5,8,False,1,0.09047619047619047,0.9170305676855895,39
2026-02-15,2x2,AEL Limassol,Pafos,14:00,12.0,9,False,1,0.08636363636363636,0.9205020920502093,39
2026-02-15,2x2,Osijek,Hajduk Split,13:45,12.0,10,False,1,0.08636363636363636,0.9205020920502093,39
2026-02-15,2x2,Pacos Ferreira,Torreense,08:00,12.5,11,False,1,0.08260869565217391,0.9236947791164659,39
2026-02-15,2x2,Komarno,Dun. Streda,11:30,12.5,12,False,0,-1.0,0.9236947791164659,39
2026-02-15,2x2,Le Havre,Toulouse,11:00,13.0,13,False,1,0.07916666666666666,0.9266409266409267,39
2026-02-15,2x2,Ehime,Kanazawa,02:00,13.5,14,False,0,-1.0,0.929368029739777,39
2026-02-15,2x2,Gimnasia L.P.,Estudiantes L.P.,17:00,13.5,15,False,1,0.076,0.929368029739777,39
2026-02-15,2x2,Sportivo Trinidense,Libertad Asuncion,18:30,13.5,16,False,1,0.076,0.929368029739777,39
2026-02-15,2x2,Dolomiti Bellunesi,Pro Vercelli,10:30,14.0,17,False,1,0.07307692307692307,0.931899641577061,39
2026-02-15,2x2,Mirandes,Las Palmas,10:00,14.0,18,False,1,0.07307692307692307,0.931899641577061,39
2026-02-15,2x2,Bari,Sudtirol,11:00,14.0,19,False,1,0.07307692307692307,0.931899641577061,39
2026-02-15,2x2,Mallorca,Betis,17:00,14.5,20,False,1,0.07037037037037036,0.9342560553633218,39
2026-02-15,2x2,Holstein Kiel,Schalke,09:30,15.0,21,False,1,0.06785714285714285,0.9364548494983278,39
2026-02-15,2x2,Cremonese,Genoa,11:00,15.0,22,False,1,0.06785714285714285,0.9364548494983278,39
2026-02-15,2x2,Pontedera,Gubbio,13:30,15.5,23,False,1,0.06551724137931034,0.9385113268608415,39
2026-02-15,2x2,Metz,Auxerre,13:15,15.5,24,False,1,0.06551724137931034,0.9385113268608415,39
2026-02-15,2x2,Torino,Bologna,14:00,15.5,25,False,1,0.06551724137931034,0.9385113268608415,39
2026-02-15,2x2,Vizela,Maritimo,08:00,15.5,26,False,1,0.06551724137931034,0.9385113268608415,39
2026-02-15,2x2,Dep. Cali,Atl. Nacional,20:30,15.5,27,False,1,0.06551724137931034,0.9385113268608415,39
2026-02-15,2x2,Lok. Plovdiv,Cherno More,07:00,16.5,28,False,1,0.06129032258064516,0.9422492401215806,39
2026-02-15,2x2,Austria Vienna,SK Rapid,13:00,17.0,29,False,1,0.059375,0.943952802359882,39
2026-02-15,2x2,Spezia,Frosinone,11:00,17.5,30,False,1,0.05757575757575757,0.9455587392550143,39
2026-02-15,2x2,BW Linz,Wolfsberger AC,10:30,17.5,31,False,1,0.05757575757575757,0.9455587392550143,39
2026-02-15,2x2,Lumezzane,Giana Erminio,13:30,18.0,32,False,1,0.055882352941176466,0.947075208913649,39
2026-02-15,2x2,Levante,Valencia,14:30,18.0,33,False,1,0.055882352941176466,0.947075208913649,39
2026-02-15,2x2,Siroki Brijeg,Velez Mostar,09:00,18.5,34,False,1,0.054285714285714284,0.948509485094851,39
2026-02-15,2x2,UTA Arad,FC Botosani,09:00,19.5,35,False,1,0.05135135135135135,0.9511568123393317,39
2026-02-15,2x2,Triestina,Novara,08:30,20.0,36,False,1,0.049999999999999996,0.9523809523809524,39
2026-02-15,2x2,Gamba Osaka,Nagoya Grampus,04:00,20.0,37,False,1,0.049999999999999996,0.9523809523809524,39
2026-02-15,2x2,FK Pardubice,Jablonec,09:00,20.0,38,False,1,0.049999999999999996,0.9523809523809524,39
2026-02-15,2x2,Danubio,Boston River,17:00,20.0,39,False,1,0.049999999999999996,0.9523809523809524,39
2026-02-16,2x2,Pergolettese,Brescia,16:30,8.4,1,True,1,0.12837837837837837,0.8862275449101797,12
2026-02-16,2x2,Macclesfield,Brentford,16:30,9.0,2,True,1,0.11875,0.893854748603352,12
2026-02-16,2x2,FC Hermannstadt,CFR Cluj,12:00,11.0,3,True,1,0.095,0.9132420091324202,12
2026-02-16,2x2,Girona,Barcelona,17:00,12.0,4,False,1,0.08636363636363636,0.9205020920502093,12
2026-02-16,2x2,Jong Ajax,Cambuur,16:00,12.5,5,False,1,0.08260869565217391,0.9236947791164659,12
2026-02-16,2x2,Rio Ave,Moreirense,17:15,13.5,6,False,1,0.076,0.929368029739777,12
2026-02-16,2x2,Pineto,Ternana,16:30,14.0,7,False,1,0.07307692307692307,0.931899641577061,12
2026-02-16,2x2,Ospitaletto,Inter U23,16:30,14.5,8,False,0,-1.0,0.9342560553633218,12
2026-02-16,2x2,Enppi,National Bank Egypt,15:00,15.0,9,False,1,0.06785714285714285,0.9364548494983278,12
2026-02-16,2x2,Real Sociedad B,Malaga,16:30,17.5,10,False,1,0.05757575757575757,0.9455587392550143,12
2026-02-16,2x2,Septemvri Sofia,Montana,10:00,19.0,11,False,1,0.05277777777777778,0.949868073878628,12
2026-02-16,2x2,Penafiel,Lusitania FC,15:00,19.0,12,False,1,0.05277777777777778,0.949868073878628,12
2026-02-17,2x2,Jaguares de Cordoba,Santa Fe,20:00,12.5,1,True,1,0.08260869565217391,0.9236947791164659,8
2026-02-17,2x2,Exeter,Wycombe,16:45,13.5,2,True,1,0.076,0.929368029739777,8
2026-02-17,2x2,Reading,Bolton,17:00,14.0,3,True,1,0.07307692307692307,0.931899641577061,8
2026-02-17,2x2,Bradford City,Stockport County,16:45,16.5,4,False,1,0.06129032258064516,0.9422492401215806,8
2026-02-17,2x2,Leyton Orient,Plymouth,16:45,17.0,5,False,1,0.059375,0.943952802359882,8
2026-02-17,2x2,Charlton,Portsmouth,16:45,17.0,6,False,1,0.059375,0.943952802359882,8
2026-02-17,2x2,Blackpool,Mansfield,17:00,18.0,7,False,1,0.055882352941176466,0.947075208913649,8
2026-02-17,2x2,Doncaster,Huddersfield,16:45,18.5,8,False,1,0.054285714285714284,0.948509485094851,8
2026-02-18,2x2,Wigan,Luton,16:45,16.5,1,True,1,0.06129032258064516,0.9422492401215806,1
2026-02-19,2x2,KuPS,Lech Poznan,14:45,9.2,1,True,1,0.11585365853658537,0.8961748633879782,9
2026-02-19,2x2,Shkendija,Samsunspor,17:00,10.5,2,True,1,0.09999999999999999,0.9090909090909092,9
2026-02-19,2x2,Brann,Bologna,14:45,11.0,3,True,1,0.095,0.9132420091324202,9
2026-02-19,2x2,Pharco,Petrojet,16:30,15.0,4,False,1,0.06785714285714285,0.9364548494983278,9
2026-02-19,2x2,PAOK,Celta Vigo,14:45,15.5,5,False,1,0.06551724137931034,0.9385113268608415,9
2026-02-19,2x2,San Lorenzo,Sportivo Trinidense,18:30,17.0,6,False,1,0.059375,0.943952802359882,9
2026-02-19,2x2,Ludogorets,Ferencvaros,17:00,17.5,7,False,1,0.05757575757575757,0.9455587392550143,9
2026-02-19,2x2,Athletico-PR,Corinthians,19:30,19.5,8,False,1,0.05135135135135135,0.9511568123393317,9
2026-02-19,2x2,Sigma Olomouc,Lausanne,14:45,20.0,9,False,1,0.049999999999999996,0.9523809523809524,9
2026-02-20,2x2,Al Okhdood,Al Qadsiah,16:00,9.0,1,True,1,0.11875,0.893854748603352,17
2026-02-20,2x2,Helmond,Den Haag,16:00,11.5,2,True,1,0.09047619047619047,0.9170305676855895,17
2026-02-20,2x2,El Ismaily,Wadi Degla,16:30,11.5,3,True,1,0.09047619047619047,0.9170305676855895,17
2026-02-20,2x2,Damac,Al Shabab,16:00,12.5,4,False,1,0.08260869565217391,0.9236947791164659,17
2026-02-20,2x2,Villefranche,Dijon,15:30,13.0,5,False,1,0.07916666666666666,0.9266409266409267,17
2026-02-20,2x2,First Vienna,St. Polten,16:30,14.5,6,False,1,0.07037037037037036,0.9342560553633218,17
2026-02-20,2x2,CA Cerro,Liverpool M.,18:45,15.0,7,False,1,0.06785714285714285,0.9364548494983278,17
2026-02-20,2x2,Rodez,Montpellier,16:00,17.0,8,False,1,0.059375,0.943952802359882,17
2026-02-20,2x2,Bourg en Bresse,Orleans,15:30,17.5,9,False,1,0.05757575757575757,0.9455587392550143,17
2026-02-20,2x2,Leixoes,Vizela,15:45,18.0,10,False,1,0.055882352941176466,0.947075208913649,17
2026-02-20,2x2,Ceuta,Granada CF,16:30,18.5,11,False,1,0.054285714285714284,0.948509485094851,17
2026-02-20,2x2,Ghazl El Mahallah,ZED,16:30,18.5,12,False,1,0.054285714285714284,0.948509485094851,17
2026-02-20,2x2,Estrela,Tondela,17:45,18.5,13,False,1,0.054285714285714284,0.948509485094851,17
2026-02-20,2x2,Vukovar 1991,Slaven Belupo,14:00,19.0,14,False,0,-1.0,0.949868073878628,17
2026-02-20,2x2,FC Botosani,U. Cluj,15:00,19.0,15,False,1,0.05277777777777778,0.949868073878628,17
2026-02-20,2x2,Caen,Sochaux,15:30,19.5,16,False,1,0.05135135135135135,0.9511568123393317,17
2026-02-20,2x2,Llaneros,Ind. Medellin,20:20,19.5,17,False,0,-1.0,0.9511568123393317,17
2026-02-21,2x2,Progreso,Nacional,20:30,9.0,1,True,1,0.11875,0.893854748603352,24
2026-02-21,2x2,Puebla,Club America,00:06,9.6,2,True,1,0.11046511627906977,0.9005235602094241,24
2026-02-21,2x2,Sakhnin,Hapoel Tel Aviv,14:31,9.8,3,True,1,0.10795454545454544,0.9025641025641027,24
2026-02-21,2x2,Sagamihara,Blaublitz,02:00,11.0,4,False,1,0.095,0.9132420091324202,24
2026-02-21,2x2,Rayo Zuliano,Puerto Cabello,16:30,12.5,5,False,1,0.08260869565217391,0.9236947791164659,24
2026-02-21,2x2,Mansfield,Lincoln,12:00,13.0,6,False,1,0.07916666666666666,0.9266409266409267,24
2026-02-21,2x2,Cagliari,Lazio,16:45,13.0,7,False,1,0.07916666666666666,0.9266409266409267,24
2026-02-21,2x2,West Brom,Coventry,09:30,13.5,8,False,1,0.076,0.929368029739777,24
2026-02-21,2x2,Alverca,Santa Clara,12:30,14.0,9,False,1,0.07307692307692307,0.931899641577061,24
2026-02-21,2x2,Central Cordoba,Tigre,21:30,14.5,10,False,1,0.07037037037037036,0.9342560553633218,24
2026-02-21,2x2,Oliveirense,Leiria,15:00,14.5,11,False,1,0.07037037037037036,0.9342560553633218,24
2026-02-21,2x2,Union Berlin,Bayer Leverkusen,11:30,14.5,12,False,1,0.07037037037037036,0.9342560553633218,24
2026-02-21,2x2,DC United,Philadelphia Union,21:40,16.0,13,False,1,0.06333333333333332,0.9404388714733543,24
2026-02-21,2x2,Port Vale,Reading,12:00,16.0,14,False,1,0.06333333333333332,0.9404388714733543,24
2026-02-21,2x2,Inter Bogotá,Millonarios,22:30,16.0,15,False,1,0.06333333333333332,0.9404388714733543,24
2026-02-21,2x2,Northampton,Leyton Orient,12:00,16.5,16,False,1,0.06129032258064516,0.9422492401215806,24
2026-02-21,2x2,AFC Wimbledon,Bradford City,12:30,16.5,17,False,1,0.06129032258064516,0.9422492401215806,24
2026-02-21,2x2,Las Palmas,Castellon,17:00,18.0,18,False,1,0.055882352941176466,0.947075208913649,24
2026-02-21,2x2,O'Higgins,Colo Colo,18:00,18.0,19,False,1,0.055882352941176466,0.947075208913649,24
2026-02-21,2x2,Grasshoppers,Zurich,16:30,18.5,20,False,1,0.054285714285714284,0.948509485094851,24
2026-02-21,2x2,Mantova,Sampdoria,11:00,18.5,21,False,1,0.054285714285714284,0.948509485094851,24
2026-02-21,2x2,Nara Club,Ehime,02:00,19.0,22,False,0,-1.0,0.949868073878628,24
2026-02-21,2x2,Asteras Tripolis,Atromitos,12:00,19.5,23,False,1,0.05135135135135135,0.9511568123393317,24
2026-02-21,2x2,Ind. Rivadavia,Independiente,17:00,20.0,24,False,1,0.049999999999999996,0.9523809523809524,24
2026-02-22,2x2,Angers,Lille,13:14,9.4,1,True,1,0.11309523809523808,0.8983957219251337,31
2026-02-22,2x2,Pontedera,Ascoli,10:30,9.6,2,True,1,0.11046511627906977,0.9005235602094241,31
2026-02-22,2x2,Omonia Aradippou,AEK Larnaca,14:00,9.6,3,True,1,0.11046511627906977,0.9005235602094241,31
2026-02-22,2x2,CSKA 1948 Sofia,Levski Sofia,11:45,10.5,4,False,1,0.09999999999999999,0.9090909090909092,31
2026-02-22,2x2,Panserraikos,Volos,11:00,11.0,5,False,1,0.095,0.9132420091324202,31
2026-02-22,2x2,Beroe,Arda,09:15,12.0,6,False,1,0.08636363636363636,0.9205020920502093,31
2026-02-22,2x2,OFI Crete,Panathinaikos,11:00,12.0,7,False,1,0.08636363636363636,0.9205020920502093,31
2026-02-22,2x2,Tochigi SC,Vegalta Sendai,02:00,12.0,8,False,1,0.08636363636363636,0.9205020920502093,31
2026-02-22,2x2,Silkeborg,Midtjylland,12:00,12.0,9,False,1,0.08636363636363636,0.9205020920502093,31
2026-02-22,2x2,Portimonense,Academico Viseu,12:30,12.0,10,False,1,0.08636363636363636,0.9205020920502093,31
2026-02-22,2x2,Tirol,Ried,10:30,13.5,11,False,1,0.076,0.929368029739777,31
2026-02-22,2x2,Juve Stabia,Modena,11:00,13.5,12,False,1,0.076,0.929368029739777,31
2026-02-22,2x2,Juventud,Central Esp.,17:00,14.0,13,False,1,0.07307692307692307,0.931899641577061,31
2026-02-22,2x2,Wanderers,Montevideo City,09:45,15.5,14,False,1,0.06551724137931034,0.9385113268608415,31
2026-02-22,2x2,Pro Vercelli,Trento,10:30,15.5,15,False,1,0.06551724137931034,0.9385113268608415,31
2026-02-22,2x2,Auxerre,Rennes,11:00,15.5,16,False,1,0.06551724137931034,0.9385113268608415,31
2026-02-22,2x2,Arka Gdynia,GKS Katowice,08:15,16.0,17,False,1,0.06333333333333332,0.9404388714733543,31
2026-02-22,2x2,Velez Sarsfield,River Plate,19:15,16.0,18,False,1,0.06333333333333332,0.9404388714733543,31
2026-02-22,2x2,Monagas,Dep. Tachira,20:30,16.0,19,False,1,0.06333333333333332,0.9404388714733543,31
2026-02-22,2x2,Sunderland,Fulham,11:00,16.0,20,False,1,0.06333333333333332,0.9404388714733543,31
2026-02-22,2x2,Los Chankas,Sport Huancayo,15:15,16.5,21,False,1,0.06129032258064516,0.9422492401215806,31
2026-02-22,2x2,Lusitania FC,Feirense,15:00,17.5,22,False,1,0.05757575757575757,0.9455587392550143,31
2026-02-22,2x2,Munich 1860,Hansa Rostock,09:30,18.0,23,False,1,0.055882352941176466,0.947075208913649,31
2026-02-22,2x2,St. Pauli,Werder Bremen,13:30,18.0,24,False,1,0.055882352941176466,0.947075208913649,31
2026-02-22,2x2,Teplice,Sigma Olomouc,11:30,19.0,25,False,1,0.05277777777777778,0.949868073878628,31
2026-02-22,2x2,Preussen Munster,Kaiserslautern,09:30,19.0,26,False,1,0.05277777777777778,0.949868073878628,31
2026-02-22,2x2,Caracas,Universidad Central,18:30,19.0,27,False,1,0.05277777777777778,0.949868073878628,31
2026-02-22,2x2,Trujillanos,Portuguesa,16:30,19.0,28,False,0,-1.0,0.949868073878628,31
2026-02-22,2x2,La Serena,U. De Concepcion,12:00,19.5,29,False,1,0.05135135135135135,0.9511568123393317,31
2026-02-22,2x2,Plzen,Sparta Prague,14:30,20.0,30,False,1,0.049999999999999996,0.9523809523809524,31
2026-02-22,2x2,Delfin,Dep. Cuenca,17:30,20.0,31,False,1,0.049999999999999996,0.9523809523809524,31
2026-02-23,2x2,Botev Plovdiv,Ludogorets,13:00,8.0,1,True,1,0.1357142857142857,0.8805031446540881,6
2026-02-23,2x2,Virtus Verona,L.R. Vicenza,16:30,8.6,2,True,1,0.125,0.888888888888889,6
2026-02-23,2x2,Zamora,La Guaira,18:30,11.5,3,True,1,0.09047619047619047,0.9170305676855895,6
2026-02-23,2x2,Kahrabaa Ismailia,El Gaish,16:30,14.5,4,False,0,-1.0,0.9342560553633218,6
2026-02-23,2x2,Csikszereda M. Ciuc,FC Hermannstadt,12:00,15.5,5,False,1,0.06551724137931034,0.9385113268608415,6
2026-02-23,2x2,Le Mans,Guingamp,16:45,18.0,6,False,1,0.055882352941176466,0.947075208913649,6
2026-02-24,2x2,AmaZulu,Mamelodi Sundowns,14:30,8.6,1,True,1,0.125,0.888888888888889,12
2026-02-24,2x2,Al Taawon,Al Hilal,16:00,9.6,2,True,1,0.11046511627906977,0.9005235602094241,12
2026-02-24,2x2,FC Halifax,Rochdale,16:45,10.5,3,True,0,-1.0,0.9090909090909092,12
2026-02-24,2x2,Al Hazem,Al Ittihad,16:00,11.5,4,False,1,0.09047619047619047,0.9170305676855895,12
2026-02-24,2x2,Gimnasia Mendoza,Independiente,22:00,12.0,5,False,1,0.08636363636363636,0.9205020920502093,12
2026-02-24,2x2,ZED,Zamalek,16:30,12.5,6,False,1,0.08260869565217391,0.9236947791164659,12
2026-02-24,2x2,Haras El Hodood,Enppi,16:30,13.0,7,False,1,0.07916666666666666,0.9266409266409267,12
2026-02-24,2x2,Burton,Stockport County,16:45,13.0,8,False,1,0.07916666666666666,0.9266409266409267,12
2026-02-24,2x2,Central Cordoba,Talleres Cordoba,19:45,13.5,9,False,1,0.076,0.929368029739777,12
2026-02-24,2x2,Watford,Ipswich,16:45,14.0,10,False,1,0.07307692307692307,0.931899641577061,12
2026-02-24,2x2,Joinville,CSA,19:00,15.5,11,False,1,0.06551724137931034,0.9385113268608415,12
2026-02-24,2x2,Northampton,Port Vale,16:45,19.5,12,False,1,0.05135135135135135,0.9511568123393317,12
2026-02-25,2x2,Winterthur,Thun,15:00,11.0,1,True,1,0.095,0.9132420091324202,10
2026-02-25,2x2,Al Najma,Al Nassr,16:00,11.0,2,True,1,0.095,0.9132420091324202,10
2026-02-25,2x2,Newells Old Boys,Estudiantes L.P.,19:30,12.5,3,True,1,0.08260869565217391,0.9236947791164659,10
2026-02-25,2x2,Barracas Central,Tigre,17:00,12.5,4,False,1,0.08260869565217391,0.9236947791164659,10
2026-02-25,2x2,Ameliano,Cerro Porteno,18:30,13.0,5,False,1,0.07916666666666666,0.9266409266409267,10
2026-02-25,2x2,Gimnasia L.P.,Rosario Central,17:00,14.0,6,False,1,0.07307692307692307,0.931899641577061,10
2026-02-25,2x2,Hartlepool,Carlisle,16:45,16.0,7,False,1,0.06333333333333332,0.9404388714733543,10
2026-02-25,2x2,Santa Fe,Atl. Nacional,21:00,17.5,8,False,1,0.05757575757575757,0.9455587392550143,10
2026-02-25,2x2,Millwall,Birmingham,16:45,18.0,9,False,1,0.055882352941176466,0.947075208913649,10
2026-02-25,2x2,Irapuato,Atlante,22:00,18.5,10,False,1,0.054285714285714284,0.948509485094851,10
2026-02-26,2x2,Al Riyadh,Al Ahli SC,16:00,8.8,1,True,1,0.12179487179487178,0.8914285714285715,3
2026-02-26,2x2,Estudiantes Rio Cuarto,Huracan,19:30,12.5,2,True,1,0.08260869565217391,0.9236947791164659,3
2026-02-26,2x2,Sarmiento Junin,Union de Santa Fe,17:16,15.5,3,True,1,0.06551724137931034,0.9385113268608415,3
2026-02-27,2x2,Hertha Wels,Admira,14:00,9.2,1,True,1,0.11585365853658537,0.8961748633879782,15
2026-02-27,2x2,Montana,Botev Plovdiv,10:15,11.0,2,True,1,0.095,0.9132420091324202,15
2026-02-27,2x2,Wolves,Aston Villa,17:00,11.0,3,True,1,0.095,0.9132420091324202,15
2026-02-27,2x2,Al Shabab,Al Hilal,16:00,12.0,4,False,1,0.08636363636363636,0.9205020920502093,15
2026-02-27,2x2,Slavia Sofia,CSKA 1948 Sofia,12:45,13.5,5,False,1,0.076,0.929368029739777,15
2026-02-27,2x2,Mazatlan FC,Pachuca,22:00,13.5,6,False,1,0.076,0.929368029739777,15
2026-02-27,2x2,Arka Gdynia,Lechia Gdansk,16:30,14.0,7,False,0,-1.0,0.931899641577061,15
2026-02-27,2x2,FC Hermannstadt,FC Botosani,12:00,14.5,8,False,1,0.07037037037037036,0.9342560553633218,15
2026-02-27,2x2,Maastricht,De Graafschap,16:00,15.5,9,False,1,0.06551724137931034,0.9385113268608415,15
2026-02-27,2x2,Montpellier,Reims,16:00,15.5,10,False,1,0.06551724137931034,0.9385113268608415,15
2026-02-27,2x2,Deportivo Garcilaso,Cienciano,22:15,16.0,11,False,1,0.06333333333333332,0.9404388714733543,15
2026-02-27,2x2,Grenoble,Boulogne,16:00,16.5,12,False,1,0.06129032258064516,0.9422492401215806,15
2026-02-27,2x2,Clermont,Dunkerque,16:00,17.5,13,False,1,0.05757575757575757,0.9455587392550143,15
2026-02-27,2x2,Levante,Alaves,17:00,18.0,14,False,1,0.055882352941176466,0.947075208913649,15
2026-02-27,2x2,Bastia,Annecy,16:00,20.0,15,False,1,0.049999999999999996,0.9523809523809524,15
2026-02-28,2x2,Septemvri Sofia,CSKA Sofia,12:30,8.0,1,True,1,0.1357142857142857,0.8805031446540881,19
2026-02-28,2x2,Nacional,Braga,15:00,9.2,2,True,1,0.11585365853658537,0.8961748633879782,19
2026-02-28,2x2,Dobrudzha,Cherno More,10:00,10.5,3,True,1,0.09999999999999999,0.9090909090909092,19
2026-02-28,2x2,Jaguares de Cordoba,Junior,20:20,11.0,4,False,1,0.095,0.9132420091324202,19
2026-02-28,2x2,Heracles,PSV,14:45,11.5,5,False,1,0.09047619047619047,0.9170305676855895,19
2026-02-28,2x2,Farul Constanta,CFR Cluj,15:00,12.5,6,False,1,0.08260869565217391,0.9236947791164659,19
2026-02-28,2x2,Exeter,Bolton,12:00,13.5,7,False,1,0.076,0.929368029739777,19
2026-02-28,2x2,Real Salt Lake,Seattle Sounders,21:40,14.0,8,False,1,0.07307692307692307,0.931899641577061,19
2026-02-28,2x2,Esbjerg,Horsens,09:00,14.5,9,False,1,0.07037037037037036,0.9342560553633218,19
2026-02-28,2x2,Cajamarca,Alianza Lima,15:15,14.5,10,False,1,0.07037037037037036,0.9342560553633218,19
2026-02-28,2x2,Varazdin,Hajduk Split,13:45,15.0,11,False,1,0.06785714285714285,0.9364548494983278,19
2026-02-28,2x2,Orleans,Rouen,15:00,15.0,12,False,1,0.06785714285714285,0.9364548494983278,19
2026-02-28,2x2,Port Vale,Luton,12:00,15.5,13,False,1,0.06551724137931034,0.9385113268608415,19
2026-02-28,2x2,Ameliano,Olimpia Asuncion,18:30,17.5,14,False,1,0.05757575757575757,0.9455587392550143,19
2026-02-28,2x2,GKS Katowice,Gornik Zabrze,16:15,17.5,15,False,1,0.05757575757575757,0.9455587392550143,19
2026-02-28,2x2,Alianza,America De Cali,18:10,18.0,16,False,1,0.055882352941176466,0.947075208913649,19
2026-02-28,2x2,Kifisia,Levadiakos,15:00,19.0,17,False,1,0.05277777777777778,0.949868073878628,19
2026-02-28,2x2,Ind. Medellin,Bucaramanga,22:30,19.5,18,False,1,0.05135135135135135,0.9511568123393317,19
2026-02-28,2x2,Stevenage,Stockport County,12:00,20.0,19,False,1,0.049999999999999996,0.9523809523809524,19
2026-03-01,2x2,Cremonese,AC Milan,08:30,8.0,1,True,1,0.1357142857142857,0.8805031446540881,35
2026-03-01,2x2,Vejle,Aarhus,13:00,9.8,2,True,1,0.10795454545454544,0.9025641025641027,35
2026-03-01,2x2,Newells Old Boys,Rosario Central,17:00,10.0,3,True,1,0.10555555555555556,0.9045226130653267,35
2026-03-01,2x2,Zlin,Plzen,11:30,10.5,4,False,1,0.09999999999999999,0.9090909090909092,35
2026-03-01,2x2,Schweinfurt,Saarbrucken,15:30,11.0,5,False,0,-1.0,0.9132420091324202,35
2026-03-01,2x2,UTA Arad,FCSB,16:00,11.5,6,False,1,0.09047619047619047,0.9170305676855895,35
2026-03-01,2x2,Metz,Brest,13:15,12.5,7,False,1,0.08260869565217391,0.9236947791164659,35
2026-03-01,2x2,Enppi,Al Masry,16:30,13.0,8,False,1,0.07916666666666666,0.9266409266409267,35
2026-03-01,2x2,Penafiel,Benfica B,15:00,13.0,9,False,1,0.07916666666666666,0.9266409266409267,35
2026-03-01,2x2,Sassuolo,Atalanta,11:00,13.5,10,False,1,0.076,0.929368029739777,35
2026-03-01,2x2,Grasshoppers,Lugano,12:30,14.0,11,False,1,0.07307692307692307,0.931899641577061,35
2026-03-01,2x2,Grazer AK,Ried,13:00,14.0,12,False,1,0.07307692307692307,0.931899641577061,35
2026-03-01,2x2,Cheongju,Suwon FC,02:00,14.5,13,False,1,0.07037037037037036,0.9342560553633218,35
2026-03-01,2x2,Juan Pablo II,Cusco,17:30,15.0,14,False,1,0.06785714285714285,0.9364548494983278,35
2026-03-01,2x2,Bra,Pianese,10:30,15.0,15,False,1,0.06785714285714285,0.9364548494983278,35
2026-03-01,2x2,Tondela,Santa Clara,12:30,15.0,16,False,0,-1.0,0.9364548494983278,35
2026-03-01,2x2,Real Sociedad B,Dep. La Coruna,10:00,15.5,17,False,1,0.06551724137931034,0.9385113268608415,35
2026-03-01,2x2,Cultural Leonesa,Las Palmas,14:30,16.0,18,False,1,0.06333333333333332,0.9404388714733543,35
2026-03-01,2x2,Austria Vienna,LASK,13:00,16.5,19,False,0,-1.0,0.9422492401215806,35
2026-03-01,2x2,Kryvbas,FK Zorya Luhansk,08:00,16.5,20,False,1,0.06129032258064516,0.9422492401215806,35
2026-03-01,2x2,Okayama,Nagoya Grampus,02:00,16.5,21,False,1,0.06129032258064516,0.9422492401215806,35
2026-03-01,2x2,Altach,SK Rapid,13:00,17.0,22,False,1,0.059375,0.943952802359882,35
2026-03-01,2x2,Obolon,Rukh Lviv,10:30,17.5,23,False,1,0.05757575757575757,0.9455587392550143,35
2026-03-01,2x2,Trujillanos,Anzoategui FC,16:30,17.5,24,False,1,0.05757575757575757,0.9455587392550143,35
2026-03-01,2x2,Torino,Lazio,14:00,17.5,25,False,1,0.05757575757575757,0.9455587392550143,35
2026-03-01,2x2,Nublense,U. Catolica,20:30,17.5,26,False,1,0.05757575757575757,0.9455587392550143,35
2026-03-01,2x2,AS Roma,Juventus,16:45,18.0,27,False,1,0.055882352941176466,0.947075208913649,35
2026-03-01,2x2,Casa Pia,Moreirense,15:01,18.5,28,False,1,0.054285714285714284,0.948509485094851,35
2026-03-01,2x2,Deportes Temuco,Deportes Iquique,20:30,18.5,29,False,1,0.054285714285714284,0.948509485094851,35
2026-03-01,2x2,Deportes Tolima,Atl. Nacional,22:30,18.5,30,False,1,0.054285714285714284,0.948509485094851,35
2026-03-01,2x2,Kumamoto,Oita Trinita,01:05,18.5,31,False,1,0.054285714285714284,0.948509485094851,35
2026-03-01,2x2,Braunschweig,Preussen Munster,09:30,19.0,32,False,1,0.05277777777777778,0.949868073878628,35
2026-03-01,2x2,Instituto,Union de Santa Fe,19:15,19.5,33,False,1,0.05135135135135135,0.9511568123393317,35
2026-03-01,2x2,Girona,Celta Vigo,17:00,19.5,34,False,1,0.05135135135135135,0.9511568123393317,35
2026-03-01,2x2,Wolfsberger AC,Sturm Graz,13:00,19.5,35,False,0,-1.0,0.9511568123393317,35
2026-03-02,2x2,Gil Vicente,Benfica,17:15,8.6,1,True,1,0.125,0.888888888888889,8
2026-03-02,2x2,San Lorenzo,Libertad Asuncion,20:30,9.2,2,True,1,0.11585365853658537,0.8961748633879782,8
2026-03-02,2x2,Pisa,Bologna,14:30,10.5,3,True,1,0.09999999999999999,0.9090909090909092,8
2026-03-02,2x2,Zeljeznicar,Zrinjski,17:00,13.0,4,False,1,0.07916666666666666,0.9266409266409267,8
2026-03-02,2x2,Udinese,Fiorentina,16:45,14.5,5,False,1,0.07037037037037036,0.9342560553633218,8
2026-03-02,2x2,Ind. Rivadavia,River Plate,21:30,14.5,6,False,1,0.07037037037037036,0.9342560553633218,8
2026-03-02,2x2,Pharco,Kahrabaa Ismailia,16:30,16.5,7,False,1,0.06129032258064516,0.9422492401215806,8
2026-03-02,2x2,Busan,Seongnam,04:30,18.5,8,False,1,0.054285714285714284,0.948509485094851,8
2026-03-03,2x2,Santos Laguna,Cruz Azul,22:00,9.8,1,True,1,0.10795454545454544,0.9025641025641027,14
2026-03-03,2x2,Wolves,Liverpool,17:15,9.8,2,True,1,0.10795454545454544,0.9025641025641027,14
2026-03-03,2x2,AlbinoLeffe,Brescia,16:30,10.5,3,True,1,0.09999999999999999,0.9090909090909092,14
2026-03-03,2x2,Port Vale,Bristol City,16:45,11.0,4,False,1,0.095,0.9132420091324202,14
2026-03-03,2x2,Richards Bay,Kaizer Chiefs,14:30,12.5,5,False,1,0.08260869565217391,0.9236947791164659,14
2026-03-03,2x2,Cesena,Monza,16:00,14.0,6,False,1,0.07307692307692307,0.931899641577061,14
2026-03-03,2x2,Entella,Modena,16:00,14.0,7,False,1,0.07307692307692307,0.931899641577061,14
2026-03-03,2x2,Reggiana,Sudtirol,16:00,14.5,8,False,1,0.07037037037037036,0.9342560553633218,14
2026-03-03,2x2,Beroe,Slavia Sofia,11:00,16.0,9,False,1,0.06333333333333332,0.9404388714733543,14
2026-03-03,2x2,Como,Inter,17:00,17.5,10,False,1,0.05757575757575757,0.9455587392550143,14
2026-03-03,2x2,Atl. Tucuman,Racing Club,21:14,17.5,11,False,1,0.05757575757575757,0.9455587392550143,14
2026-03-03,2x2,Padova,Spezia,15:00,20.0,12,False,0,-1.0,0.9523809523809524,14
2026-03-03,2x2,Spartak Varna,Montana,08:30,20.0,13,False,1,0.049999999999999996,0.9523809523809524,14
2026-03-03,2x2,Yeovil,Tamworth,16:45,20.0,14,False,1,0.049999999999999996,0.9523809523809524,14
2026-03-04,2x2,Polokwane,Orlando Pirates,14:30,8.0,1,True,1,0.1357142857142857,0.8805031446540881,10
2026-03-04,2x2,Sambenedettese,Ascoli,17:00,10.5,2,True,1,0.09999999999999999,0.9090909090909092,10
2026-03-04,2x2,TSV Havelse,Hansa Rostock,15:00,11.0,3,True,1,0.095,0.9132420091324202,10
2026-03-04,2x2,Puebla,Tigres UANL,22:00,13.0,4,False,1,0.07916666666666666,0.9266409266409267,10
2026-03-04,2x2,Lazio,Atalanta,17:00,14.5,5,False,0,-1.0,0.9342560553633218,10
2026-03-04,2x2,Bari,Empoli,16:00,15.5,6,False,1,0.06551724137931034,0.9385113268608415,10
2026-03-04,2x2,Livorno,Perugia,16:30,16.0,7,False,1,0.06333333333333332,0.9404388714733543,10
2026-03-04,2x2,Pontedera,Juventus U23,14:00,16.0,8,False,1,0.06333333333333332,0.9404388714733543,10
2026-03-04,2x2,Lanus,Boca Juniors,21:00,17.5,9,False,1,0.05757575757575757,0.9455587392550143,10
2026-03-04,2x2,Pineto,Forli,16:30,18.5,10,False,1,0.054285714285714284,0.948509485094851,10
2026-03-05,2x2,Real Santander,Quindio,17:00,11.5,1,True,1,0.09047619047619047,0.9170305676855895,5
2026-03-05,2x2,Lok. Plovdiv,CSKA 1948 Sofia,10:45,13.0,2,True,1,0.07916666666666666,0.9266409266409267,5
2026-03-05,2x2,Maleyeit Kafr El Zayiat,Asyut Petroleum,16:30,14.0,3,True,1,0.07307692307692307,0.931899641577061,5
2026-03-05,2x2,Potenza,Cosenza,16:30,16.0,4,False,1,0.06333333333333332,0.9404388714733543,5
2026-03-05,2x2,Picerno,Atalanta U23,14:00,18.5,5,False,1,0.054285714285714284,0.948509485094851,5
2026-03-06,2x2,Wolves,Liverpool,17:00,9.6,1,True,1,0.11046511627906977,0.9005235602094241,14
2026-03-06,2x2,Bourg en Bresse,Rouen,15:30,12.5,2,True,1,0.08260869565217391,0.9236947791164659,14
2026-03-06,2x2,Estudiantes Merida,La Guaira,19:00,14.0,3,True,1,0.07307692307692307,0.931899641577061,14
2026-03-06,2x2,Chaves,Academico Viseu,15:00,15.0,4,False,1,0.06785714285714285,0.9364548494983278,14
2026-03-06,2x2,Laval,Guingamp,16:00,15.0,5,False,0,-1.0,0.9364548494983278,14
2026-03-06,2x2,El Gouna,Wadi Degla,16:30,15.5,6,False,1,0.06551724137931034,0.9385113268608415,14
2026-03-06,2x2,Quevilly Rouen,Versailles,15:30,15.5,7,False,0,-1.0,0.9385113268608415,14
2026-03-06,2x2,Paris 13 Atl.,Le Puy-en-Velay,15:30,16.0,8,False,1,0.06333333333333332,0.9404388714733543,14
2026-03-06,2x2,Nancy,Montpellier,16:00,16.0,9,False,1,0.06333333333333332,0.9404388714733543,14
2026-03-06,2x2,Etoile-Carouge,Aarau,16:15,17.0,10,False,1,0.059375,0.943952802359882,14
2026-03-06,2x2,Villefranche,Valenciennes,15:30,17.0,11,False,1,0.059375,0.943952802359882,14
2026-03-06,2x2,Stade Briochin,Orleans,15:30,18.5,12,False,1,0.054285714285714284,0.948509485094851,14
2026-03-06,2x2,Istra 1961,Osijek,14:00,20.0,13,False,1,0.049999999999999996,0.9523809523809524,14
2026-03-06,2x2,Aubagne,Fleury-Merogis,15:30,20.0,14,False,1,0.049999999999999996,0.9523809523809524,14
2026-03-07,2x2,Cagliari,Como,11:00,8.0,1,True,1,0.1357142857142857,0.8805031446540881,26
2026-03-07,2x2,Mansfield,Arsenal,09:15,8.4,2,True,1,0.12837837837837837,0.8862275449101797,26
2026-03-07,2x2,Wrexham,Chelsea,14:45,9.8,3,True,1,0.10795454545454544,0.9025641025641027,26
2026-03-07,2x2,Metaloglobus Bucharest,UTA Arad,09:30,10.0,4,False,0,-1.0,0.9045226130653267,26
2026-03-07,2x2,Queretaro,Club America,20:00,10.5,5,False,1,0.09999999999999999,0.9090909090909092,26
2026-03-07,2x2,Michalovce,Slovan Bratislava,11:30,10.5,6,False,1,0.09999999999999999,0.9090909090909092,26
2026-03-07,2x2,Heidenheim,Hoffenheim,11:30,12.0,7,False,1,0.08636363636363636,0.9205020920502093,26
2026-03-07,2x2,Al Kholood,Al Qadsiah,16:00,13.0,8,False,1,0.07916666666666666,0.9266409266409267,26
2026-03-07,2x2,Caracas,Dep. Tachira,19:00,13.0,9,False,1,0.07916666666666666,0.9266409266409267,26
2026-03-07,2x2,Braga,Sporting CP,15:00,13.0,10,False,0,-1.0,0.9266409266409267,26
2026-03-07,2x2,Dender,Charleroi,14:16,13.5,11,False,0,-1.0,0.929368029739777,26
2026-03-07,2x2,Toulouse,Marseille,17:05,13.5,12,False,1,0.076,0.929368029739777,26
2026-03-07,2x2,Auxerre,Strasbourg,15:00,13.5,13,False,1,0.076,0.929368029739777,26
2026-03-07,2x2,Botev Vratsa,Arda,12:30,13.5,14,False,1,0.076,0.929368029739777,26
2026-03-07,2x2,Oliveirense,Torreense,08:00,14.0,15,False,1,0.07307692307692307,0.931899641577061,26
2026-03-07,2x2,Anzoategui FC,Puerto Cabello,21:30,14.0,16,False,1,0.07307692307692307,0.931899641577061,26
2026-03-07,2x2,Levante,Girona,12:15,16.0,17,False,1,0.06333333333333332,0.9404388714733543,26
2026-03-07,2x2,Septemvri Sofia,Cherno More,10:00,17.0,18,False,1,0.059375,0.943952802359882,26
2026-03-07,2x2,Blackpool,Wigan,12:00,17.5,19,False,1,0.05757575757575757,0.9455587392550143,26
2026-03-07,2x2,Austria Vienna (Am),Hertha Wels,10:30,17.5,20,False,1,0.05757575757575757,0.9455587392550143,26
2026-03-07,2x2,Penafiel,SC Farense,12:30,18.0,21,False,1,0.055882352941176466,0.947075208913649,26
2026-03-07,2x2,Burton,Stevenage,12:00,18.5,22,False,1,0.054285714285714284,0.948509485094851,26
2026-03-07,2x2,Le Mans,Annecy,10:00,19.0,23,False,1,0.05277777777777778,0.949868073878628,26
2026-03-07,2x2,Bohemians,Liberec,11:00,19.0,24,False,1,0.05277777777777778,0.949868073878628,26
2026-03-07,2x2,Moreirense,Nacional,12:30,19.5,25,False,1,0.05135135135135135,0.9511568123393317,26
2026-03-07,2x2,Necaxa,UNAM Pumas,00:00,20.0,26,False,1,0.049999999999999996,0.9523809523809524,26
2026-03-08,2x2,Paralimni,Aris,11:00,8.0,1,True,1,0.1357142857142857,0.8805031446540881,31
2026-03-08,2x2,Juventud,Nacional,17:00,8.0,2,True,1,0.1357142857142857,0.8805031446540881,31
2026-03-08,2x2,Sorrento,Benevento,13:30,8.8,3,True,1,0.12179487179487178,0.8914285714285715,31
2026-03-08,2x2,Genoa,AS Roma,14:00,10.5,4,False,1,0.09999999999999999,0.9090909090909092,31
2026-03-08,2x2,Estrela,Gil Vicente,12:30,11.0,5,False,0,-1.0,0.9132420091324202,31
2026-03-08,2x2,Los Chankas,U. de Deportes,17:30,12.0,6,False,1,0.08636363636363636,0.9205020920502093,31
2026-03-08,2x2,Tammeka,Kalju,09:30,12.0,7,False,1,0.08636363636363636,0.9205020920502093,31
2026-03-08,2x2,Trapani,Crotone,10:30,12.5,8,False,1,0.08260869565217391,0.9236947791164659,31
2026-03-08,2x2,Cheonan City,Gimpo FC,04:30,12.5,9,False,1,0.08260869565217391,0.9236947791164659,31
2026-03-08,2x2,Wuhan Three Towns,Beijing Guoan,08:00,13.0,10,False,1,0.07916666666666666,0.9266409266409267,31
2026-03-08,2x2,Carrarese,Palermo,13:15,13.0,11,False,1,0.07916666666666666,0.9266409266409267,31
2026-03-08,2x2,Levadiakos,Panathinaikos,14:00,14.0,12,False,1,0.07307692307692307,0.931899641577061,31
2026-03-08,2x2,Hradec Kralove,Plzen,11:30,14.5,13,False,1,0.07037037037037036,0.9342560553633218,31
2026-03-08,2x2,AC Milan,Inter,16:45,14.5,14,False,1,0.07037037037037036,0.9342560553633218,31
2026-03-08,2x2,Vukovar 1991,Rijeka,13:45,15.0,15,False,1,0.06785714285714285,0.9364548494983278,31
2026-03-08,2x2,Hajduk Split,Din. Zagreb,11:00,16.0,16,False,1,0.06333333333333332,0.9404388714733543,31
2026-03-08,2x2,Rayo Zuliano,Universidad Central,16:30,16.0,17,False,1,0.06333333333333332,0.9404388714733543,31
2026-03-08,2x2,FC Rapid Bucuresti,Univ. Craiova,15:00,17.0,18,False,1,0.059375,0.943952802359882,31
2026-03-08,2x2,St. Pauli,Eintracht Frankfurt,11:30,18.0,19,False,1,0.055882352941176466,0.947075208913649,31
2026-03-08,2x2,Sevilla,Rayo Vallecano,14:30,18.5,20,False,1,0.054285714285714284,0.948509485094851,31
2026-03-08,2x2,Getafe,Betis,12:15,18.5,21,False,1,0.054285714285714284,0.948509485094851,31
2026-03-08,2x2,O. Ljubljana,Maribor,11:00,19.0,22,False,1,0.05277777777777778,0.949868073878628,31
2026-03-08,2x2,Carpi,Torres,10:30,19.0,23,False,1,0.05277777777777778,0.949868073878628,31
2026-03-08,2x2,Foggia,Potenza,13:30,19.0,24,False,1,0.05277777777777778,0.949868073878628,31
2026-03-08,2x2,Leganes,Eibar,14:30,19.0,25,False,1,0.05277777777777778,0.949868073878628,31
2026-03-08,2x2,Lusitania FC,Sporting CP B,15:00,19.0,26,False,1,0.05277777777777778,0.949868073878628,31
2026-03-08,2x2,Mantova,Juve Stabia,11:00,19.5,27,False,1,0.05135135135135135,0.9511568123393317,31
2026-03-08,2x2,Monterey Bay,Oakland Roots,00:00,19.5,28,False,1,0.05135135135135135,0.9511568123393317,31
2026-03-08,2x2,Hartberg,BW Linz,13:00,20.0,29,False,1,0.049999999999999996,0.9523809523809524,31
2026-03-08,2x2,Leixoes,Leiria,11:00,20.0,30,False,1,0.049999999999999996,0.9523809523809524,31
2026-03-08,2x2,Santa Clara,Vitoria Guimaraes,17:30,20.0,31,False,1,0.049999999999999996,0.9523809523809524,31
2026-03-09,2x2,Rukh Lviv,Metalist 1925,10:30,8.6,1,True,1,0.125,0.888888888888889,11
2026-03-09,2x2,National Bank Egypt,Pyramids,16:30,11.0,2,True,1,0.095,0.9132420091324202,11
2026-03-09,2x2,Boston River,Liverpool M.,21:30,11.0,3,True,1,0.095,0.9132420091324202,11
2026-03-09,2x2,Veres-Rivne,LNZ Cherkasy,13:00,11.5,4,False,1,0.09047619047619047,0.9170305676855895,11
2026-03-09,2x2,Campobasso,Arezzo,16:30,12.5,5,False,1,0.08260869565217391,0.9236947791164659,11
2026-03-09,2x2,Sportivo Trinidense,Nacional Asuncion,18:30,13.0,6,False,1,0.07916666666666666,0.9266409266409267,11
2026-03-09,2x2,Recoleta,Ameliano,20:30,13.0,7,False,1,0.07916666666666666,0.9266409266409267,11
2026-03-09,2x2,Cerro Largo,Montevideo City,18:30,13.5,8,False,1,0.076,0.929368029739777,11
2026-03-09,2x2,Horsens,Lyngby,15:00,16.0,9,False,1,0.06333333333333332,0.9404388714733543,11
2026-03-09,2x2,Dunkerque,Reims,16:45,16.5,10,False,1,0.06129032258064516,0.9422492401215806,11
2026-03-09,2x2,Panetolikos,Kifisia,13:00,18.0,11,False,1,0.055882352941176466,0.947075208913649,11
2026-03-10,2x2,El Gouna,Al Masry,16:30,11.5,1,True,1,0.09047619047619047,0.9170305676855895,9
2026-03-10,2x2,Joinville,Sao Bernardo,19:30,11.5,2,True,1,0.09047619047619047,0.9170305676855895,9
2026-03-10,2x2,Sarmiento Junin,Racing Club,22:00,13.0,3,True,1,0.07916666666666666,0.9266409266409267,9
2026-03-10,2x2,Newells Old Boys,Platense,22:00,15.0,4,False,1,0.06785714285714285,0.9364548494983278,9
2026-03-10,2x2,Junior,Atl. Nacional,22:30,16.5,5,False,1,0.06129032258064516,0.9422492401215806,9
2026-03-10,2x2,Wigan,Plymouth,16:45,18.0,6,False,1,0.055882352941176466,0.947075208913649,9
2026-03-10,2x2,Eastleigh,Brackley Town,16:45,19.5,7,False,1,0.05135135135135135,0.9511568123393317,9
2026-03-10,2x2,Portsmouth,Swansea,16:45,19.5,8,False,1,0.05135135135135135,0.9511568123393317,9
2026-03-10,2x2,Leicester,Bristol City,16:45,20.0,9,False,1,0.049999999999999996,0.9523809523809524,9
2026-03-11,2x2,Enppi,Zamalek,16:30,10.5,1,True,1,0.09999999999999999,0.9090909090909092,3
2026-03-11,2x2,Port Vale,Bradford City,16:45,11.5,2,True,1,0.09047619047619047,0.9170305676855895,3
2026-03-11,2x2,West Brom,Southampton,16:45,14.0,3,True,1,0.07307692307692307,0.931899641577061,3
2026-03-12,2x2,Sigma Olomouc,Mainz,17:00,9.6,1,True,1,0.11046511627906977,0.9005235602094241,13
2026-03-12,2x2,Rijeka,Strasbourg,14:45,10.5,2,True,1,0.09999999999999999,0.9090909090909092,13
2026-03-12,2x2,Mixto,Novorizontino,20:30,10.5,3,True,1,0.09999999999999999,0.9090909090909092,13
2026-03-12,2x2,Samsunspor,Rayo Vallecano,14:45,11.5,4,False,1,0.09047619047619047,0.9170305676855895,13
2026-03-12,2x2,Panathinaikos,Betis,14:45,13.0,5,False,1,0.07916666666666666,0.9266409266409267,13
2026-03-12,2x2,Lille,Aston Villa,14:45,14.0,6,False,1,0.07307692307692307,0.931899641577061,13
2026-03-12,2x2,Ferencvaros,Braga,17:00,14.0,7,False,1,0.07307692307692307,0.931899641577061,13
2026-03-12,2x2,Estudiantes Rio Cuarto,Belgrano,19:15,14.5,8,False,1,0.07037037037037036,0.9342560553633218,13
2026-03-12,2x2,Huracan,River Plate,21:30,14.5,9,False,1,0.07037037037037036,0.9342560553633218,13
2026-03-12,2x2,Vasco,Palmeiras,19:30,15.5,10,False,1,0.06551724137931034,0.9385113268608415,13
2026-03-12,2x2,Barra FC,America MG,21:30,16.0,11,False,1,0.06333333333333332,0.9404388714733543,13
2026-03-12,2x2,Genk,Freiburg,17:00,16.5,12,False,1,0.06129032258064516,0.9422492401215806,13
2026-03-12,2x2,Al Najma,Damac,16:00,17.0,13,False,1,0.059375,0.943952802359882,13
2026-03-13,2x2,SC Poltava,Karpaty Lviv,08:00,8.8,1,True,1,0.12179487179487178,0.8914285714285715,12
2026-03-13,2x2,Bregenz,Admira,14:00,9.8,2,True,1,0.10795454545454544,0.9025641025641027,12
2026-03-13,2x2,A. Klagenfurt,Floridsdorfer AC,14:00,11.5,3,False,1,0.09047619047619047,0.9170305676855895,12
2026-03-13,2x2,Llanelli,Briton Ferry,16:45,11.5,4,True,1,0.09047619047619047,0.9170305676855895,12
2026-03-13,2x2,Celta Vigo B,Tenerife,17:15,12.5,5,False,1,0.08260869565217391,0.9236947791164659,12
2026-03-13,2x2,2 de Mayo,Libertad Asuncion,20:30,12.5,6,False,1,0.08260869565217391,0.9236947791164659,12
2026-03-13,2x2,Alaves,Villarreal,17:00,13.5,7,False,1,0.076,0.929368029739777,12
2026-03-13,2x2,Wuhan Three Towns,Dalian Yingbo,08:35,14.5,8,False,1,0.07037037037037036,0.9342560553633218,12
2026-03-13,2x2,A. Salzburg,Liefering,16:30,15.5,9,False,1,0.06551724137931034,0.9385113268608415,12
2026-03-13,2x2,Nancy,Le Mans,16:00,16.0,10,False,1,0.06333333333333332,0.9404388714733543,12
2026-03-13,2x2,Radomiak Radom,Legia,16:30,18.0,11,False,1,0.055882352941176466,0.947075208913649,12
2026-03-13,2x2,Sporting CP B,Chaves,15:00,20.0,12,False,1,0.049999999999999996,0.9523809523809524,12
2026-03-14,2x2,Zlin,Slavia Prague,14:00,8.2,1,True,1,0.13194444444444445,0.883435582822086,42
2026-03-14,2x2,OFI Crete,Olympiacos Piraeus,12:00,8.2,2,True,1,0.13194444444444445,0.883435582822086,42
2026-03-14,2x2,Arouca,Benfica,17:30,8.2,3,True,1,0.13194444444444445,0.883435582822086,42
2026-03-14,2x2,Penybont,TNS,11:30,8.6,4,False,1,0.125,0.888888888888889,42
2026-03-14,2x2,Chico,Millonarios,20:20,8.8,5,False,1,0.12179487179487178,0.8914285714285715,42
2026-03-14,2x2,Albion,Penarol,20:30,8.8,6,False,1,0.12179487179487178,0.8914285714285715,42
2026-03-14,2x2,Udinese,Juventus,16:45,8.8,7,False,1,0.12179487179487178,0.8914285714285715,42
2026-03-14,2x2,Eastleigh,Rochdale,14:30,9.2,8,False,1,0.11585365853658537,0.8961748633879782,42
2026-03-14,2x2,Recoleta,Olimpia Asuncion,18:30,9.4,9,False,1,0.11309523809523808,0.8983957219251337,42
2026-03-14,2x2,Spartak Varna,CSKA 1948 Sofia,07:45,10.0,10,False,1,0.10555555555555556,0.9045226130653267,42
2026-03-14,2x2,Dukla Prague,Jablonec,11:00,10.0,11,False,1,0.10555555555555556,0.9045226130653267,42
2026-03-14,2x2,Panserraikos,Aris,14:30,10.5,12,False,1,0.09999999999999999,0.9090909090909092,42
2026-03-14,2x2,HamKam,Viking,12:00,11.0,13,False,1,0.095,0.9132420091324202,42
2026-03-14,2x2,Al Khaleej,Al Nassr,16:00,11.0,14,False,1,0.095,0.9132420091324202,42
2026-03-14,2x2,Botafogo RJ,Flamengo RJ,20:30,11.0,15,False,1,0.095,0.9132420091324202,42
2026-03-14,2x2,Sampdoria,Venezia,15:30,11.5,16,False,1,0.09047619047619047,0.9170305676855895,42
2026-03-14,2x2,Al Fateh,Al Hilal,16:00,11.5,17,False,1,0.09047619047619047,0.9170305676855895,42
2026-03-14,2x2,Port Vale,Huddersfield,12:00,11.5,18,False,1,0.09047619047619047,0.9170305676855895,42
2026-03-14,2x2,Westerlo,Club Brugge KV,16:45,13.0,19,False,1,0.07916666666666666,0.9266409266409267,42
2026-03-14,2x2,Trujillanos,Metropolitanos,17:30,13.5,20,False,1,0.076,0.929368029739777,42
2026-03-14,2x2,Wigan,Bradford City,12:00,14.0,21,False,1,0.07307692307692307,0.931899641577061,42
2026-03-14,2x2,Sunderland,Brighton,12:00,14.0,22,False,1,0.07307692307692307,0.931899641577061,42
2026-03-14,2x2,Angers,Nice,15:00,14.5,23,False,1,0.07037037037037036,0.9342560553633218,42
2026-03-14,2x2,Cucuta,Dep. Cali,18:10,14.5,24,False,1,0.07037037037037036,0.9342560553633218,42
2026-03-14,2x2,Cultural Leonesa,Racing Santander,12:16,15.0,25,False,1,0.06785714285714285,0.9364548494983278,42
2026-03-14,2x2,Zaragoza,Almeria,14:30,15.0,26,False,1,0.06785714285714285,0.9364548494983278,42
2026-03-14,2x2,Northampton,Burton,12:00,15.5,27,False,1,0.06551724137931034,0.9385113268608415,42
2026-03-14,2x2,Bayer Leverkusen,Bayern Munich,11:30,15.5,28,False,1,0.06551724137931034,0.9385113268608415,42
2026-03-14,2x2,Gwangju FC,Jeonbuk,02:00,15.5,29,False,1,0.06551724137931034,0.9385113268608415,42
2026-03-14,2x2,Ceuta,Dep. La Coruna,17:00,16.0,30,False,1,0.06333333333333332,0.9404388714733543,42
2026-03-14,2x2,Ruzomberok,Kosice,11:30,16.0,31,False,1,0.06333333333333332,0.9404388714733543,42
2026-03-14,2x2,Pacos Ferreira,Benfica B,11:00,16.0,32,False,1,0.06333333333333332,0.9404388714733543,42
2026-03-14,2x2,Girona,Ath Bilbao,10:00,16.5,33,False,1,0.06129032258064516,0.9422492401215806,42
2026-03-14,2x2,Deportivo Garcilaso,Alianza Lima,20:00,17.0,34,False,1,0.059375,0.943952802359882,42
2026-03-14,2x2,Meizhou Hakka,Yanbian Longding,08:30,17.0,35,False,1,0.059375,0.943952802359882,42
2026-03-14,2x2,Padova,Catanzaro,11:00,17.5,36,False,1,0.05757575757575757,0.9455587392550143,42
2026-03-14,2x2,Stoke,Watford,12:00,18.0,37,False,1,0.055882352941176466,0.947075208913649,42
2026-03-14,2x2,Inter Bogotá,Bucaramanga,16:00,18.0,38,False,1,0.055882352941176466,0.947075208913649,42
2026-03-14,2x2,Shenzhen Xinpengcheng,Tianjin Jinmen Tiger,09:00,18.5,39,False,1,0.054285714285714284,0.948509485094851,42
2026-03-14,2x2,Grazer AK,Wolfsberger AC,13:00,19.5,40,False,1,0.05135135135135135,0.9511568123393317,42
2026-03-14,2x2,Truro,Hartlepool,12:00,20.0,41,False,1,0.049999999999999996,0.9523809523809524,42
2026-03-14,2x2,Monterey Bay,El Paso,23:06,20.0,42,False,1,0.049999999999999996,0.9523809523809524,42
2026-03-15,2x2,Harju JK Laagri,Levadia,09:30,10.5,1,True,1,0.09999999999999999,0.9090909090909092,28
2026-03-15,2x2,Posusje,Zrinjski,09:00,10.5,2,True,1,0.09999999999999999,0.9090909090909092,28
2026-03-15,2x2,Gubbio,Ascoli,10:30,10.5,3,True,1,0.09999999999999999,0.9090909090909092,28
2026-03-15,2x2,Lazio,AC Milan,16:45,10.5,4,False,1,0.09999999999999999,0.9090909090909092,28
2026-03-15,2x2,Metz,Toulouse,13:15,11.5,5,False,1,0.09047619047619047,0.9170305676855895,28
2026-03-15,2x2,Guayaquil City,Barcelona SC,20:15,11.5,6,False,1,0.09047619047619047,0.9170305676855895,28
2026-03-15,2x2,Marko,Panionios,10:00,12.0,7,False,1,0.08636363636363636,0.9205020920502093,28
2026-03-15,2x2,Bucheon FC 1995,Ulsan HD,02:00,12.5,8,False,1,0.08260869565217391,0.9236947791164659,28
2026-03-15,2x2,Le Havre,Lyon,13:15,12.5,9,False,1,0.08260869565217391,0.9236947791164659,28
2026-03-15,2x2,Jaguares de Cordoba,Ind. Medellin,20:20,12.5,10,False,1,0.08260869565217391,0.9236947791164659,28
2026-03-15,2x2,Pereira,Aguilas,17:30,13.0,11,False,1,0.07916666666666666,0.9266409266409267,28
2026-03-15,2x2,Virtus Verona,Renate,13:30,13.0,12,False,0,-1.0,0.9266409266409267,28
2026-03-15,2x2,Arka Gdynia,Widzew Lodz,08:15,13.0,13,False,1,0.07916666666666666,0.9266409266409267,28
2026-03-15,2x2,Verona,Genoa,08:30,13.5,14,False,1,0.076,0.929368029739777,28
2026-03-15,2x2,Jeju SK,Seoul,02:00,13.5,15,False,1,0.076,0.929368029739777,28
2026-03-15,2x2,Anorthosis,Apollon,11:00,14.5,16,False,1,0.07037037037037036,0.9342560553633218,28
2026-03-15,2x2,Nanjing City,Changchun Yatai,08:30,15.5,17,False,1,0.06551724137931034,0.9385113268608415,28
2026-03-15,2x2,Leiria,Maritimo,11:00,16.0,18,False,1,0.06333333333333332,0.9404388714733543,28
2026-03-15,2x2,Gimnasia L.P.,Ind. Rivadavia,15:15,16.0,19,False,1,0.06333333333333332,0.9404388714733543,28
2026-03-15,2x2,Prijedor,Velez Mostar,16:00,16.5,20,False,1,0.06129032258064516,0.9422492401215806,28
2026-03-15,2x2,Crystal Palace,Leeds,11:00,17.5,21,False,1,0.05757575757575757,0.9455587392550143,28
2026-03-15,2x2,Tigre,Argentinos Jrs,22:00,18.0,22,False,1,0.055882352941176466,0.947075208913649,28
2026-03-15,2x2,Union de Santa Fe,Boca Juniors,22:00,18.0,23,False,1,0.055882352941176466,0.947075208913649,28
2026-03-15,2x2,Ameliano,Guarani,20:30,18.5,24,False,1,0.054285714285714284,0.948509485094851,28
2026-03-15,2x2,Pisa,Cagliari,11:00,19.0,25,False,1,0.05277777777777778,0.949868073878628,28
2026-03-15,2x2,Austria Vienna,Sturm Graz,13:00,19.0,26,False,1,0.05277777777777778,0.949868073878628,28
2026-03-15,2x2,Siroki Brijeg,FK Sarajevo,11:15,19.5,27,False,1,0.05135135135135135,0.9511568123393317,28
2026-03-15,2x2,Mallorca,Espanyol,10:00,19.5,28,False,1,0.05135135135135135,0.9511568123393317,28
2026-03-16,2x2,Achnas,AEK Larnaca,14:00,9.6,1,True,1,0.11046511627906977,0.9005235602094241,8
2026-03-16,2x2,Cremonese,Fiorentina,16:45,11.0,2,True,1,0.095,0.9132420091324202,8
2026-03-16,2x2,Aldosivi,Huracan,15:30,15.5,3,True,1,0.06551724137931034,0.9385113268608415,8
2026-03-16,2x2,Chapecoense-SC,Gremio,20:00,16.0,4,False,1,0.06333333333333332,0.9404388714733543,8
2026-03-16,2x2,Albacete,Las Palmas,16:30,16.5,5,False,1,0.06129032258064516,0.9422492401215806,8
2026-03-16,2x2,Barracas Central,Atl. Tucuman,15:30,18.0,6,False,1,0.055882352941176466,0.947075208913649,8
2026-03-16,2x2,Instituto,Independiente,22:15,18.5,7,False,1,0.054285714285714284,0.948509485094851,8
2026-03-16,2x2,Union La Calera,O'Higgins,18:00,20.0,8,False,1,0.049999999999999996,0.9523809523809524,8
2026-03-17,2x2,Reggiana,Monza,16:00,9.0,1,True,1,0.11875,0.893854748603352,9
2026-03-17,2x2,Anzoategui FC,La Guaira,18:30,11.0,2,True,1,0.095,0.9132420091324202,9
2026-03-17,2x2,Gimnasia Mendoza,Estudiantes L.P.,21:15,11.5,3,True,1,0.09047619047619047,0.9170305676855895,9
2026-03-17,2x2,Huddersfield,Lincoln,16:45,14.5,4,False,0,-1.0,0.9342560553633218,9
2026-03-17,2x2,Stade Briochin,Chateauroux,15:30,17.0,5,False,1,0.059375,0.943952802359882,9
2026-03-17,2x2,Southend,Rochdale,16:45,17.5,6,False,1,0.05757575757575757,0.9455587392550143,9
2026-03-17,2x2,Central Cordoba,Dep. Riestra,21:15,17.5,7,False,1,0.05757575757575757,0.9455587392550143,9
2026-03-17,2x2,Millonarios,Atl. Nacional,22:30,18.0,8,False,1,0.055882352941176466,0.947075208913649,9
2026-03-17,2x2,Spezia,Empoli,16:00,19.5,9,False,1,0.05135135135135135,0.9511568123393317,9
2026-03-18,2x2,Rayo Zuliano,Dep. Tachira,16:30,9.0,1,True,1,0.11875,0.893854748603352,14
2026-03-18,2x2,Bucheon FC 1995,Gangwon,07:30,9.4,2,True,1,0.11309523809523808,0.8983957219251337,14
2026-03-18,2x2,Tlaxcala,Atlante,22:00,10.5,3,True,1,0.09999999999999999,0.9090909090909092,14
2026-03-18,2x2,Rubio Nu,Cerro Porteno,18:30,11.5,4,False,1,0.09047619047619047,0.9170305676855895,14
2026-03-18,2x2,Pohang,Seoul,07:30,12.0,5,False,1,0.08636363636363636,0.9205020920502093,14
2026-03-18,2x2,Vasco,Fluminense,21:30,12.5,6,False,1,0.08260869565217391,0.9236947791164659,14
2026-03-18,2x2,Jeju SK,Ulsan HD,07:30,13.0,7,False,1,0.07916666666666666,0.9266409266409267,14
2026-03-18,2x2,Verdy,Kawasaki Frontale,07:00,13.0,8,False,1,0.07916666666666666,0.9266409266409267,14
2026-03-18,2x2,Golden Arrows,Stellenbosch,14:30,13.5,9,False,1,0.076,0.929368029739777,14
2026-03-18,2x2,Urawa Reds,Kashiwa Reysol,07:30,15.0,10,False,1,0.06785714285714285,0.9364548494983278,14
2026-03-18,2x2,Avispa Fukuoka,Shimizu S-Pulse,07:00,15.0,11,False,1,0.06785714285714285,0.9364548494983278,14
2026-03-18,2x2,Manta,Guayaquil City,18:30,16.0,12,False,1,0.06333333333333332,0.9404388714733543,14
2026-03-18,2x2,Libertad,Barcelona SC,21:00,16.5,13,False,1,0.06129032258064516,0.9422492401215806,14
2026-03-18,2x2,Estudiantes Merida,Carabobo,18:30,16.5,14,False,1,0.06129032258064516,0.9422492401215806,14
2026-03-19,2x2,Oleksandriya,Dyn. Kyiv,08:00,8.8,1,True,1,0.12179487179487178,0.8914285714285715,4
2026-03-19,2x2,Quevilly Rouen,Dijon,15:00,9.0,2,True,1,0.11875,0.893854748603352,4
2026-03-19,2x2,Emelec,Ind. del Valle,21:00,13.0,3,True,1,0.07916666666666666,0.9266409266409267,4
2026-03-19,2x2,Chapecoense-SC,Corinthians,21:30,13.5,4,False,1,0.076,0.929368029739777,4
2026-03-20,2x2,Bra,Arezzo,16:30,8.0,1,True,1,0.1357142857142857,0.8805031446540881,15
2026-03-20,2x2,Cagliari,Napoli,14:30,8.2,2,True,1,0.13194444444444445,0.883435582822086,15
2026-03-20,2x2,Llanelli,Cardiff Metropolitan,16:45,10.5,3,True,1,0.09999999999999999,0.9090909090909092,15
2026-03-20,2x2,Bellinzona,Lausanne Ouchy,15:30,10.5,4,False,1,0.09999999999999999,0.9090909090909092,15
2026-03-20,2x2,Aluminij,Maribor,13:30,11.0,5,False,1,0.095,0.9132420091324202,15
2026-03-20,2x2,Paris 13 Atl.,Rouen,15:30,11.5,6,False,1,0.09047619047619047,0.9170305676855895,15
2026-03-20,2x2,Amiens,Le Mans,16:00,12.5,7,False,1,0.08260869565217391,0.9236947791164659,15
2026-03-20,2x2,Villefranche,Le Puy-en-Velay,15:30,13.5,8,False,1,0.076,0.929368029739777,15
2026-03-20,2x2,Huesca,Almeria,16:30,13.5,9,False,1,0.076,0.929368029739777,15
2026-03-20,2x2,Aubagne,Sochaux,15:30,14.5,10,False,1,0.07037037037037036,0.9342560553633218,15
2026-03-20,2x2,Clermont,Red Star,16:00,17.5,11,False,1,0.05757575757575757,0.9455587392550143,15
2026-03-20,2x2,Slavia Sofia,Botev Plovdiv,13:00,18.0,12,False,1,0.055882352941176466,0.947075208913649,15
2026-03-20,2x2,Boulogne,Nancy,16:00,18.0,13,False,1,0.055882352941176466,0.947075208913649,15
2026-03-20,2x2,Bogota,Quindio,17:00,18.5,14,False,1,0.054285714285714284,0.948509485094851,15
2026-03-20,2x2,Preston,Stoke,17:00,18.5,15,False,1,0.054285714285714284,0.948509485094851,15
2026-03-21,2x2,Lok. Zagreb,Din. Zagreb,13:15,8.6,1,True,1,0.125,0.888888888888889,23
2026-03-21,2x2,Padova,Palermo,11:00,10.5,2,True,1,0.09999999999999999,0.9090909090909092,23
2026-03-21,2x2,Metaloglobus Bucharest,Petrolul,10:00,11.5,3,True,1,0.09047619047619047,0.9170305676855895,23
2026-03-21,2x2,Heidenheim,Bayer Leverkusen,11:30,12.0,4,False,1,0.08636363636363636,0.9205020920502093,23
2026-03-21,2x2,Bala,Haverfordwest,14:15,12.0,5,False,1,0.08636363636363636,0.9205020920502093,23
2026-03-21,2x2,Comerciantes Unidos,U. de Deportes,15:15,12.5,6,False,1,0.08260869565217391,0.9236947791164659,23
2026-03-21,2x2,Port Vale,Bolton,12:00,13.0,7,False,1,0.07916666666666666,0.9266409266409267,23
2026-03-21,2x2,Ghazl El Mahallah,National Bank Egypt,15:00,13.0,8,False,1,0.07916666666666666,0.9266409266409267,23
2026-03-21,2x2,Charlton,Norwich,12:00,14.0,9,False,1,0.07307692307692307,0.931899641577061,23
2026-03-21,2x2,Chongqing Tonglianglong,Chengdu Rongcheng,08:35,14.5,10,False,1,0.07037037037037036,0.9342560553633218,23
2026-03-21,2x2,Swansea,Coventry,14:15,15.0,11,False,1,0.06785714285714285,0.9364548494983278,23
2026-03-21,2x2,Renate,L.R. Vicenza,13:30,15.5,12,False,1,0.06551724137931034,0.9385113268608415,23
2026-03-21,2x2,QPR,Portsmouth,12:00,17.0,13,False,1,0.059375,0.943952802359882,23
2026-03-21,2x2,Burton,Bradford City,12:00,17.0,14,False,1,0.059375,0.943952802359882,23
2026-03-21,2x2,Lusitania FC,Academico Viseu,08:00,17.0,15,False,1,0.059375,0.943952802359882,23
2026-03-21,2x2,Daejeon,Jeonbuk,02:00,17.5,16,False,1,0.05757575757575757,0.9455587392550143,23
2026-03-21,2x2,Monterrey,Guadalajara Chivas,22:05,17.5,17,False,1,0.05757575757575757,0.9455587392550143,23
2026-03-21,2x2,Leyton Orient,Wycombe,12:00,17.5,18,False,1,0.05757575757575757,0.9455587392550143,23
2026-03-21,2x2,Derby,Birmingham,09:30,18.0,19,False,1,0.055882352941176466,0.947075208913649,23
2026-03-21,2x2,Penafiel,Vizela,11:00,19.0,20,False,1,0.05277777777777778,0.949868073878628,23
2026-03-21,2x2,Sao Paulo,Palmeiras,21:00,19.0,21,False,1,0.05277777777777778,0.949868073878628,23
2026-03-21,2x2,Wanderers,Danubio,16:00,19.0,22,False,1,0.05277777777777778,0.949868073878628,23
2026-03-21,2x2,Bristol City,West Brom,12:00,20.0,23,False,1,0.049999999999999996,0.9523809523809524,23
2026-03-22,2x2,Verdy,FC Tokyo,02:00,14.5,1,True,1,0.07037037037037036,0.9342560553633218,4
2026-03-22,2x2,Perth Glory,Melbourne City,05:00,14.5,2,True,1,0.07037037037037036,0.9342560553633218,4
2026-03-22,2x2,Golden Arrows,Sekhukhune,10:30,17.0,3,True,1,0.059375,0.943952802359882,4
2026-03-22,2x2,Cerezo Osaka,Vissel Kobe,03:00,18.0,4,False,1,0.055882352941176466,0.947075208913649,4
2026-03-23,2x2,Monopoli,Benevento,16:30,10.5,1,True,1,0.09999999999999999,0.9090909090909092,6
2026-03-23,2x2,Chico,Deportes Tolima,16:00,11.5,2,True,1,0.09047619047619047,0.9170305676855895,6
2026-03-23,2x2,Unirea Slobozia,Otelul,15:30,14.0,3,True,1,0.07307692307692307,0.931899641577061,6
2026-03-23,2x2,Rubio Nu,Ameliano,20:30,18.0,4,False,1,0.055882352941176466,0.947075208913649,6
2026-03-23,2x2,Jaguares de Cordoba,Aguilas,20:20,18.5,5,False,1,0.054285714285714284,0.948509485094851,6
2026-03-23,2x2,Santa Fe,Ind. Medellin,18:10,19.5,6,False,1,0.05135135135135135,0.9511568123393317,6
2026-03-24,2x2,Gateshead,York City,16:45,12.0,1,True,1,0.08636363636363636,0.9205020920502093,2
2026-03-24,2x2,Pereira,Cucuta,17:30,17.0,2,True,0,-1.0,0.943952802359882,2
2026-03-25,2x2,CSKA Sofia II,Dunav Ruse,10:30,11.5,1,True,1,0.09047619047619047,0.9170305676855895,2
2026-03-25,2x2,CA Cerro,Juventud,17:00,15.5,2,True,1,0.06551724137931034,0.9385113268608415,2
2026-03-26,2x2,Malta,Luxembourg,14:00,13.5,1,True,1,0.076,0.929368029739777,3
2026-03-26,2x2,Ukraine,Sweden,16:45,14.0,2,True,1,0.07307692307692307,0.931899641577061,3
2026-03-26,2x2,Danubio,Defensor Sp.,16:00,18.5,3,True,1,0.054285714285714284,0.948509485094851,3
2026-03-27,2x2,San Marcos,Union Comercio,15:00,10.5,1,True,1,0.09999999999999999,0.9090909090909092,5
2026-03-27,2x2,New Caledonia,Jamaica,00:00,11.0,2,True,1,0.095,0.9132420091324202,5
2026-03-27,2x2,Caernarfon,TNS,16:45,11.0,3,True,1,0.095,0.9132420091324202,5
2026-03-27,2x2,Ameliano,Libertad Asuncion,20:30,13.5,4,False,1,0.076,0.929368029739777,5
2026-03-27,2x2,Ciudad Bolivar,Agropecuario,18:15,19.0,5,False,1,0.05277777777777778,0.949868073878628,5
2026-03-28,2x2,Latina,Catania,10:30,10.5,1,True,1,0.09999999999999999,0.9090909090909092,10
2026-03-28,2x2,Braintree,Carlisle,12:00,10.5,2,True,1,0.09999999999999999,0.9090909090909092,10
2026-03-28,2x2,Almagro,Deportivo Moron,15:30,12.5,3,True,1,0.08260869565217391,0.9236947791164659,10
2026-03-28,2x2,Detroit,Charleston,17:00,13.0,4,False,1,0.07916666666666666,0.9266409266409267,10
2026-03-28,2x2,Pohang,Gangwon,03:00,15.0,5,False,1,0.06785714285714285,0.9364548494983278,10
2026-03-28,2x2,Montevideo City,Nacional,19:30,16.0,6,False,1,0.06333333333333332,0.9404388714733543,10
2026-03-28,2x2,Cheonan City,Jeonnam,04:30,17.0,7,False,1,0.059375,0.943952802359882,10
2026-03-28,2x2,Blackpool,Burton,12:00,18.5,8,False,1,0.054285714285714284,0.948509485094851,10
2026-03-28,2x2,Miami FC,Rhode Island,20:00,18.5,9,False,1,0.054285714285714284,0.948509485094851,10
2026-03-28,2x2,Seongnam,Gimpo FC,04:30,20.0,10,False,1,0.049999999999999996,0.9523809523809524,10
2026-03-29,2x2,Cheongju,Busan,02:00,13.5,1,True,1,0.076,0.929368029739777,6
2026-03-29,2x2,Deportivo Maipu,Godoy Cruz,17:00,13.5,2,True,1,0.076,0.929368029739777,6
2026-03-29,2x2,Dep. Pasto,Atl. Nacional,20:20,15.5,3,True,1,0.06551724137931034,0.9385113268608415,6
2026-03-29,2x2,Gubbio,Ravenna,15:30,15.5,4,False,1,0.06551724137931034,0.9385113268608415,6
2026-03-29,2x2,Vis Pesaro,Perugia,12:30,18.5,5,False,1,0.054285714285714284,0.948509485094851,6
2026-03-29,2x2,Zaragoza,Racing Santander,13:30,19.0,6,False,1,0.05277777777777778,0.949868073878628,6
2026-03-30,2x2,Cerro Largo,Danubio,18:00,15.5,1,True,1,0.06551724137931034,0.9385113268608415,1
2026-03-31,2x2,Aldosivi,Argentinos Jrs,14:00,10.5,1,True,1,0.09999999999999999,0.9090909090909092,3
2026-03-31,2x2,Kosovo,Turkey,15:45,11.0,2,True,1,0.095,0.9132420091324202,3
2026-03-31,2x2,Mirandes,Albacete,14:00,18.0,3,True,1,0.055882352941176466,0.947075208913649,3
2026-04-01,2x2,Iraq,Bolivia,00:00,19.5,1,True,1,0.05135135135135135,0.9511568123393317,1
2026-04-02,2x2,Bragantino,Flamengo RJ,21:30,13.0,1,True,1,0.07916666666666666,0.9266409266409267,2
2026-04-02,2x2,Chapecoense-SC,Atletico-MG,19:00,14.0,2,True,1,0.07307692307692307,0.931899641577061,2
2026-04-03,2x2,Maastricht,Waalwijk,15:00,12.0,1,True,1,0.08636363636363636,0.9205020920502093,14
2026-04-03,2x2,SK Rapid II,Floridsdorfer AC,13:00,12.5,2,True,1,0.08260869565217391,0.9236947791164659,14
2026-04-03,2x2,Boston Utd,York City,11:00,13.0,3,True,1,0.07916666666666666,0.9266409266409267,14
2026-04-03,2x2,San Lorenzo,Estudiantes L.P.,19:30,14.0,4,False,1,0.07307692307692307,0.931899641577061,14
2026-04-03,2x2,A. Lustenau,Admira,15:30,14.5,5,False,1,0.07037037037037036,0.9342560553633218,14
2026-04-03,2x2,Anzoategui FC,Universidad Central,18:30,14.5,6,False,1,0.07037037037037036,0.9342560553633218,14
2026-04-03,2x2,Velez Mostar,Zrinjski,15:00,14.5,7,False,1,0.07037037037037036,0.9342560553633218,14
2026-04-03,2x2,Fleury-Merogis,Dijon,14:30,16.5,8,False,1,0.06129032258064516,0.9422492401215806,14
2026-04-03,2x2,Annecy,Guingamp,15:00,17.0,9,False,1,0.059375,0.943952802359882,14
2026-04-03,2x2,Grenoble,Clermont,15:00,18.0,10,False,0,-1.0,0.947075208913649,14
2026-04-03,2x2,Fortaleza,Inter Bogotá,20:20,18.5,11,False,1,0.054285714285714284,0.948509485094851,14
2026-04-03,2x2,Varazdin,Gorica,13:15,19.0,12,False,1,0.05277777777777778,0.949868073878628,14
2026-04-03,2x2,Antwerp,Genk,15:45,19.0,13,False,1,0.05277777777777778,0.949868073878628,14
2026-04-03,2x2,A. Salzburg,Bregenz,13:00,20.0,14,False,0,-1.0,0.9523809523809524,14
2026-04-04,2x2,Moreirense,Braga,14:00,8.0,1,True,1,0.1357142857142857,0.8805031446540881,23
2026-04-04,2x2,Progreso,Penarol,19:00,8.0,2,True,1,0.1357142857142857,0.8805031446540881,23
2026-04-04,2x2,Southampton,Arsenal,16:00,9.4,3,True,1,0.11309523809523808,0.8983957219251337,23
2026-04-04,2x2,Mallorca,Real Madrid,11:15,10.0,4,False,1,0.10555555555555556,0.9045226130653267,23
2026-04-04,2x2,Posusje,Borac Banja Luka,13:30,10.0,5,False,1,0.10555555555555556,0.9045226130653267,23
2026-04-04,2x2,Pacos Ferreira,Maritimo,10:00,11.5,6,False,1,0.09047619047619047,0.9170305676855895,23
2026-04-04,2x2,Verona,Fiorentina,13:00,11.5,7,False,1,0.09047619047619047,0.9170305676855895,23
2026-04-04,2x2,Freiburg,Bayern Munich,10:30,12.0,8,False,1,0.08636363636363636,0.9205020920502093,23
2026-04-04,2x2,Rapperswil-Jona,Aarau,13:00,12.5,9,False,1,0.08260869565217391,0.9236947791164659,23
2026-04-04,2x2,Horsens,Lyngby,10:00,12.5,10,False,1,0.08260869565217391,0.9236947791164659,23
2026-04-04,2x2,Coritiba,Fluminense,20:30,14.5,11,False,1,0.07037037037037036,0.9342560553633218,23
2026-04-04,2x2,Brest,Rennes,14:00,15.0,12,False,1,0.06785714285714285,0.9364548494983278,23
2026-04-04,2x2,Rio Ave,Alverca,14:00,16.5,13,False,1,0.06129032258064516,0.9422492401215806,23
2026-04-04,2x2,Cultural Leonesa,Valladolid,13:30,16.5,14,False,1,0.06129032258064516,0.9422492401215806,23
2026-04-04,2x2,Kolos Kovalivka,Metalist 1925,07:00,16.5,15,False,1,0.06129032258064516,0.9422492401215806,23
2026-04-04,2x2,Dukla Prague,FK Pardubice,10:00,16.5,16,False,1,0.06129032258064516,0.9422492401215806,23
2026-04-04,2x2,Panetolikos,Atromitos,14:00,18.0,17,False,1,0.055882352941176466,0.947075208913649,23
2026-04-04,2x2,Zlin,Jablonec,10:00,19.0,18,False,1,0.05277777777777778,0.949868073878628,23
2026-04-04,2x2,Zeljeznicar,FK Sarajevo,15:45,19.0,19,False,1,0.05277777777777778,0.949868073878628,23
2026-04-04,2x2,El Gouna,Al Ittihad,15:00,19.0,20,False,1,0.05277777777777778,0.949868073878628,23
2026-04-04,2x2,Otelul,FC Hermannstadt,09:00,20.0,21,False,1,0.049999999999999996,0.9523809523809524,23
2026-04-04,2x2,Rayo Zuliano,Trujillanos,16:30,20.0,22,False,1,0.049999999999999996,0.9523809523809524,23
2026-04-04,2x2,Houston Dynamo,Seattle Sounders,21:30,20.0,23,False,1,0.049999999999999996,0.9523809523809524,23
2026-04-05,2x2,Santos Laguna,Club America,00:10,9.6,1,True,1,0.11046511627906977,0.9005235602094241,18
2026-04-05,2x2,FC Volendam,Feyenoord,09:30,10.5,2,True,1,0.09999999999999999,0.9090909090909092,18
2026-04-05,2x2,D. Concepcion,Colo Colo,16:30,12.5,3,True,1,0.08260869565217391,0.9236947791164659,18
2026-04-05,2x2,Al Ettifaq,Al Qadsiah,15:00,12.5,4,False,1,0.08260869565217391,0.9236947791164659,18
2026-04-05,2x2,Al Masry,Zamalek,15:00,13.0,5,False,1,0.07916666666666666,0.9266409266409267,18
2026-04-05,2x2,Cucuta,America De Cali,18:00,13.0,6,False,1,0.07916666666666666,0.9266409266409267,18
2026-04-05,2x2,El Ismaily,El Gaish,15:00,13.0,7,False,1,0.07916666666666666,0.9266409266409267,18
2026-04-05,2x2,Cremonese,Bologna,10:00,13.5,8,False,1,0.076,0.929368029739777,18
2026-04-05,2x2,CA Cerro,Defensor Sp.,15:30,14.0,9,False,1,0.07307692307692307,0.931899641577061,18
2026-04-05,2x2,Getafe,Ath Bilbao,09:00,14.0,10,False,1,0.07307692307692307,0.931899641577061,18
2026-04-05,2x2,West Ham,Leeds,12:30,15.0,11,False,0,-1.0,0.9364548494983278,18
2026-04-05,2x2,Pisa,Torino,13:00,15.0,12,False,1,0.06785714285714285,0.9364548494983278,18
2026-04-05,2x2,Metz,Nantes,12:15,16.0,13,False,1,0.06333333333333332,0.9404388714733543,18
2026-04-05,2x2,Gimnasia L.P.,Huracan,15:30,18.0,14,False,1,0.055882352941176466,0.947075208913649,18
2026-04-05,2x2,Alaves,Osasuna,16:00,18.5,15,False,0,-1.0,0.948509485094851,18
2026-04-05,2x2,Bahia,Palmeiras,19:30,19.0,16,False,1,0.05277777777777778,0.949868073878628,18
2026-04-05,2x2,Guarani,Libertad Asuncion,20:30,19.5,17,False,1,0.05135135135135135,0.9511568123393317,18
2026-04-05,2x2,Chapecoense-SC,Vitoria,16:00,20.0,18,False,1,0.049999999999999996,0.9523809523809524,18
2026-04-06,2x2,Sheffield Wed,Leicester,11:00,8.2,1,True,1,0.13194444444444445,0.883435582822086,24
2026-04-06,2x2,Orbit College,Kaizer Chiefs,10:00,8.4,2,True,1,0.12837837837837837,0.8862275449101797,24
2026-04-06,2x2,Udinese,Como,07:30,8.6,3,True,1,0.125,0.888888888888889,24
2026-04-06,2x2,Lecce,Atalanta,10:00,9.6,4,False,1,0.11046511627906977,0.9005235602094241,24
2026-04-06,2x2,Bari,Modena,10:00,10.5,5,False,1,0.09999999999999999,0.9090909090909092,24
2026-04-06,2x2,Reading,Lincoln,11:00,11.0,6,False,1,0.095,0.9132420091324202,24
2026-04-06,2x2,Northampton,Wigan,11:00,12.5,7,False,1,0.08260869565217391,0.9236947791164659,24
2026-04-06,2x2,Kristiansund,Bodo/Glimt,12:00,12.5,8,False,1,0.08260869565217391,0.9236947791164659,24
2026-04-06,2x2,Austria Vienna (Am),A. Lustenau,09:00,13.0,9,False,1,0.07916666666666666,0.9266409266409267,24
2026-04-06,2x2,AFC Wimbledon,Luton,11:00,13.5,10,False,1,0.076,0.929368029739777,24
2026-04-06,2x2,Pereira,Alianza,17:30,14.0,11,False,1,0.07307692307692307,0.931899641577061,24
2026-04-06,2x2,Salernitana,Benevento,09:30,14.5,12,False,1,0.07037037037037036,0.9342560553633218,24
2026-04-06,2x2,FC Porto B,Chaves,14:00,14.5,13,False,1,0.07037037037037036,0.9342560553633218,24
2026-04-06,2x2,Virtus Verona,Ospitaletto,12:30,15.0,14,False,1,0.06785714285714285,0.9364548494983278,24
2026-04-06,2x2,Termalica B-B.,Piast Gliwice,07:15,15.0,15,False,1,0.06785714285714285,0.9364548494983278,24
2026-04-06,2x2,Leyton Orient,Huddersfield,11:00,15.0,16,False,1,0.06785714285714285,0.9364548494983278,24
2026-04-06,2x2,AmaZulu,Sekhukhune,12:30,16.0,17,False,0,-1.0,0.9404388714733543,24
2026-04-06,2x2,ZED,Arab Contractors,15:00,16.0,18,False,1,0.06333333333333332,0.9404388714733543,24
2026-04-06,2x2,Pro Patria,Triestina,09:30,16.0,19,False,1,0.06333333333333332,0.9404388714733543,24
2026-04-06,2x2,Septemvri Sofia,Botev Vratsa,11:00,16.5,20,False,1,0.06129032258064516,0.9422492401215806,24
2026-04-06,2x2,Brackley Town,Boston Utd,11:00,17.5,21,False,1,0.05757575757575757,0.9455587392550143,24
2026-04-06,2x2,Giugliano,Crotone,07:30,17.5,22,False,1,0.05757575757575757,0.9455587392550143,24
2026-04-06,2x2,Preston,QPR,11:00,18.5,23,False,1,0.054285714285714284,0.948509485094851,24
2026-04-06,2x2,Kahrabaa Ismailia,Petrojet,12:00,18.5,24,False,1,0.054285714285714284,0.948509485094851,24
2026-04-07,2x2,Ceramica Cleopatra,Al Ahly,15:00,9.4,1,True,1,0.11309523809523808,0.8983957219251337,6
2026-04-07,2x2,Schweinfurt,RW Essen,14:00,11.0,2,True,1,0.095,0.9132420091324202,6
2026-04-07,2x2,Duisburg,VfL Osnabruck,14:00,13.0,3,True,1,0.07916666666666666,0.9266409266409267,6
2026-04-07,2x2,Queretaro,Juarez,21:00,17.0,4,False,1,0.059375,0.943952802359882,6
2026-04-07,2x2,Wrexham,Southampton,16:00,18.5,5,False,1,0.054285714285714284,0.948509485094851,6
2026-04-07,2x2,Chippa Utd.,Siwelele,14:30,19.0,6,False,1,0.05277777777777778,0.949868073878628,6
2026-04-08,2x2,Harju JK Laagri,Kalju,13:00,9.0,1,True,1,0.11875,0.893854748603352,4
2026-04-08,2x2,Haras El Hodood,Modern Sport,15:00,11.0,2,True,1,0.095,0.9132420091324202,4
2026-04-08,2x2,Panserraikos,Asteras Tripolis,11:00,17.0,3,True,1,0.059375,0.943952802359882,4
2026-04-08,2x2,Braga,Betis,13:45,20.0,4,False,1,0.049999999999999996,0.9523809523809524,4
2026-04-09,2x2,Damac,Al Qadsiah,13:00,11.0,1,True,1,0.095,0.9132420091324202,5
2026-04-09,2x2,Bologna,Aston Villa,16:00,14.0,2,True,1,0.07307692307692307,0.931899641577061,5
2026-04-09,2x2,Kahrabaa Ismailia,Al Ittihad,12:00,16.0,3,True,1,0.06333333333333332,0.9404388714733543,5
2026-04-09,2x2,El Gaish,National Bank Egypt,12:00,16.0,4,False,1,0.06333333333333332,0.9404388714733543,5
2026-04-09,2x2,Petrojet,ZED,15:00,17.0,5,False,1,0.059375,0.943952802359882,5
2026-04-10,2x2,Laval,Reims,15:00,11.0,1,True,0,-1.0,0.9132420091324202,6
2026-04-10,2x2,Rukh Lviv,Kolos Kovalivka,12:00,12.0,2,True,1,0.08636363636363636,0.9205020920502093,6
2026-04-10,2x2,Spartak Varna,Dobrudzha,07:00,15.0,3,True,1,0.06785714285714285,0.9364548494983278,6
2026-04-10,2x2,A. Lustenau,St. Polten,15:30,17.5,4,False,1,0.05757575757575757,0.9455587392550143,6
2026-04-10,2x2,Delfin,LDU Quito,21:00,18.5,5,False,1,0.054285714285714284,0.948509485094851,6
2026-04-10,2x2,Annecy,Montpellier,15:00,19.5,6,False,1,0.05135135135135135,0.9511568123393317,6
2026-04-11,2x2,St. Pauli,Bayern Munich,13:30,9.2,1,True,1,0.11585365853658537,0.8961748633879782,12
2026-04-11,2x2,Estrela,Sporting CP,16:30,9.2,2,True,1,0.11585365853658537,0.8961748633879782,12
2026-04-11,2x2,Al Najma,Neom SC,13:00,12.0,3,True,1,0.08636363636363636,0.9205020920502093,12
2026-04-11,2x2,Heracles,Ajax,16:00,12.5,4,False,1,0.08260869565217391,0.9236947791164659,12
2026-04-11,2x2,Boulogne,Le Mans,09:00,14.0,5,False,1,0.07307692307692307,0.931899641577061,12
2026-04-11,2x2,Al Okhdood,Al Nassr,15:00,14.0,6,False,1,0.07307692307692307,0.931899641577061,12
2026-04-11,2x2,Vitoria,Sao Paulo,16:30,15.0,7,False,1,0.06785714285714285,0.9364548494983278,12
2026-04-11,2x2,Penafiel,Academico Viseu,07:00,15.5,8,False,1,0.06551724137931034,0.9385113268608415,12
2026-04-11,2x2,Remo,Vasco,16:30,16.5,9,False,1,0.06129032258064516,0.9422492401215806,12
2026-04-11,2x2,Golden Arrows,Durban City,10:00,17.5,10,False,1,0.05757575757575757,0.9455587392550143,12
2026-04-11,2x2,Dep. Riestra,Instituto,15:00,19.0,11,False,1,0.05277777777777778,0.949868073878628,12
2026-04-11,2x2,Elche,Valencia,11:15,20.0,12,False,1,0.049999999999999996,0.9523809523809524,12
2026-04-12,2x2,Estoril,FC Porto,16:30,8.4,1,True,1,0.12837837837837837,0.8862275449101797,34
2026-04-12,2x2,KV Mechelen,Royale Union SG,08:30,9.4,2,True,1,0.11309523809523808,0.8983957219251337,34
2026-04-12,2x2,Teplice,Sparta Prague,10:30,10.0,3,True,1,0.10555555555555556,0.9045226130653267,34
2026-04-12,2x2,Fukushima Utd,Iwaki,02:00,10.5,4,False,1,0.09999999999999999,0.9090909090909092,34
2026-04-12,2x2,Pontedera,Ravenna,12:30,10.5,5,False,1,0.09999999999999999,0.9090909090909092,34
2026-04-12,2x2,Rubio Nu,Olimpia Asuncion,18:15,10.5,6,False,1,0.09999999999999999,0.9090909090909092,34
2026-04-12,2x2,Huesca,Dep. La Coruna,11:15,12.5,7,False,1,0.08260869565217391,0.9236947791164659,34
2026-04-12,2x2,Reggiana,Carrarese,14:30,13.0,8,False,1,0.07916666666666666,0.9266409266409267,34
2026-04-12,2x2,Fluminense,Flamengo RJ,18:00,13.5,9,False,1,0.076,0.929368029739777,34
2026-04-12,2x2,Toulouse,Lille,12:15,13.5,10,False,1,0.076,0.929368029739777,34
2026-04-12,2x2,Sagamihara,Vegalta Sendai,02:00,14.0,11,False,1,0.07307692307692307,0.931899641577061,34
2026-04-12,2x2,Unirea Slobozia,Petrolul,12:15,14.0,12,False,1,0.07307692307692307,0.931899641577061,34
2026-04-12,2x2,Cadiz CF,Andorra,13:30,14.5,13,False,1,0.07037037037037036,0.9342560553633218,34
2026-04-12,2x2,Montedio Yamagata,Yokohama FC,02:00,14.5,14,False,1,0.07037037037037036,0.9342560553633218,34
2026-04-12,2x2,Padova,Empoli,10:00,15.0,15,False,1,0.06785714285714285,0.9364548494983278,34
2026-04-12,2x2,Dep. Cuenca,Ind. del Valle,15:00,15.5,16,False,1,0.06551724137931034,0.9385113268608415,34
2026-04-12,2x2,Como,Inter,15:45,15.5,17,False,1,0.06551724137931034,0.9385113268608415,34
2026-04-12,2x2,Trujillanos,Estudiantes Merida,18:30,15.5,18,False,1,0.06551724137931034,0.9385113268608415,34
2026-04-12,2x2,Dender,Waregem,14:15,16.0,19,False,1,0.06333333333333332,0.9404388714733543,34
2026-04-12,2x2,Feirense,Vizela,07:00,16.5,20,False,1,0.06129032258064516,0.9422492401215806,34
2026-04-12,2x2,Club America,Cruz Azul,00:05,16.5,21,False,1,0.06129032258064516,0.9422492401215806,34
2026-04-12,2x2,Corinthians,Palmeiras,18:30,17.0,22,False,1,0.059375,0.943952802359882,34
2026-04-12,2x2,Halmstad,Degerfors,09:00,17.5,23,False,1,0.05757575757575757,0.9455587392550143,34
2026-04-12,2x2,Nottingham,Aston Villa,10:00,17.5,24,False,1,0.05757575757575757,0.9455587392550143,34
2026-04-12,2x2,Wanderers,Racing Montevideo,18:30,17.5,25,False,1,0.05757575757575757,0.9455587392550143,34
2026-04-12,2x2,Central Esp.,Danubio,10:00,17.5,26,False,0,-1.0,0.9455587392550143,34
2026-04-12,2x2,Brage,Oddevold,10:00,18.0,27,False,1,0.055882352941176466,0.947075208913649,34
2026-04-12,2x2,Nublense,U. De Chile,18:30,18.0,28,False,1,0.055882352941176466,0.947075208913649,34
2026-04-12,2x2,Racing Club,River Plate,20:00,18.0,29,False,1,0.055882352941176466,0.947075208913649,34
2026-04-12,2x2,FK Pardubice,Sigma Olomouc,10:30,18.5,30,False,1,0.054285714285714284,0.948509485094851,34
2026-04-12,2x2,Austria Vienna,SK Rapid,12:00,18.5,31,False,1,0.054285714285714284,0.948509485094851,34
2026-04-12,2x2,Kumamoto,Tegevajaro Miyazaki,02:00,19.0,32,False,1,0.05277777777777778,0.949868073878628,34
2026-04-12,2x2,Tecnico U.,U. Catolica,14:00,19.0,33,False,1,0.05277777777777778,0.949868073878628,34
2026-04-12,2x2,Newells Old Boys,San Lorenzo,15:00,20.0,34,False,1,0.049999999999999996,0.9523809523809524,34
2026-04-13,2x2,Vukovar 1991,Din. Zagreb,13:00,8.2,1,True,1,0.13194444444444445,0.883435582822086,11
2026-04-13,2x2,LNZ Cherkasy,Shakhtar Donetsk,07:00,11.5,2,True,0,-1.0,0.9170305676855895,11
2026-04-13,2x2,Tondela,Gil Vicente,16:15,11.5,3,True,0,-1.0,0.9170305676855895,11
2026-04-13,2x2,Beroe,Lok. Plovdiv,13:00,12.5,4,False,1,0.08260869565217391,0.9236947791164659,11
2026-04-13,2x2,Picerno,Cosenza,15:30,13.5,5,False,1,0.076,0.929368029739777,11
2026-04-13,2x2,Ghazl El Mahallah,Wadi Degla,12:00,14.0,6,False,1,0.07307692307692307,0.931899641577061,11
2026-04-13,2x2,U. Cluj,Univ. Craiova,15:30,16.0,7,False,1,0.06333333333333332,0.9404388714733543,11
2026-04-13,2x2,Defensa y Justicia,Talleres Cordoba,16:30,16.5,8,False,1,0.06129032258064516,0.9422492401215806,11
2026-04-13,2x2,Metaloglobus Bucharest,Csikszereda M. Ciuc,09:30,17.5,9,False,1,0.05757575757575757,0.9455587392550143,11
2026-04-13,2x2,Levante,Getafe,16:00,18.0,10,False,1,0.055882352941176466,0.947075208913649,11
2026-04-13,2x2,Sarmiento Junin,Gimnasia L.P.,16:30,18.5,11,False,1,0.054285714285714284,0.948509485094851,11
2026-04-14,2x2,Portsmouth,Ipswich,16:00,11.5,1,True,1,0.09047619047619047,0.9170305676855895,8
2026-04-14,2x2,Dobrudzha,Botev Plovdiv,14:30,14.0,2,True,1,0.07307692307692307,0.931899641577061,8
2026-04-14,2x2,Botev Vratsa,Lok. Sofia,12:00,15.0,3,True,1,0.06785714285714285,0.9364548494983278,8
2026-04-14,2x2,Port Vale,Barnsley,15:45,16.5,4,False,1,0.06129032258064516,0.9422492401215806,8
2026-04-14,2x2,AD Tarma,Alianza Lima,17:15,16.5,5,False,1,0.06129032258064516,0.9422492401215806,8
2026-04-14,2x2,AEK Larnaca,Omonia,13:00,18.0,6,False,1,0.055882352941176466,0.947075208913649,8
2026-04-14,2x2,Modern Sport,El Gouna,12:00,18.5,7,False,1,0.054285714285714284,0.948509485094851,8
2026-04-14,2x2,APOEL,Apollon,11:00,19.5,8,False,1,0.05135135135135135,0.9511568123393317,8
2026-04-15,2x2,Arda,Ludogorets,14:30,8.2,1,True,1,0.13194444444444445,0.883435582822086,3
2026-04-15,2x2,Magesi,Kaizer Chiefs,14:30,11.0,2,True,1,0.095,0.9132420091324202,3
2026-04-15,2x2,Sarpsborg 08,Bodo/Glimt,14:00,15.0,3,True,1,0.06785714285714285,0.9364548494983278,3
2026-04-16,2x2,Montana,Slavia Sofia,13:30,14.0,1,True,1,0.07307692307692307,0.931899641577061,2
2026-04-16,2x2,Fiorentina,Crystal Palace,16:00,17.5,2,True,1,0.05757575757575757,0.9455587392550143,2
2026-04-17,2x2,Sassuolo,Como,13:30,9.2,1,True,1,0.11585365853658537,0.8961748633879782,5
2026-04-17,2x2,Wuhan Three Towns,Chengdu Rongcheng,09:00,10.0,2,True,1,0.10555555555555556,0.9045226130653267,5
2026-04-17,2x2,Slaven Belupo,Hajduk Split,12:45,10.5,3,True,0,-1.0,0.9090909090909092,5
2026-04-17,2x2,St. Pauli,FC Koln,15:30,16.0,4,False,1,0.06333333333333332,0.9404388714733543,5
2026-04-17,2x2,FC Arges,CFR Cluj,14:30,19.5,5,False,1,0.05135135135135135,0.9511568123393317,5
2026-04-18,2x2,Braintree,Rochdale,13:30,8.4,1,True,1,0.12837837837837837,0.8862275449101797,21
2026-04-18,2x2,Jaro,KuPS,10:00,10.0,2,True,1,0.10555555555555556,0.9045226130653267,21
2026-04-18,2x2,Mariehamn,Ilves,13:00,10.5,3,True,0,-1.0,0.9090909090909092,21
2026-04-18,2x2,Reading,Cardiff,11:00,10.5,4,False,1,0.09999999999999999,0.9090909090909092,21
2026-04-18,2x2,Lahti,Inter Turku,11:00,12.0,5,False,1,0.08636363636363636,0.9205020920502093,21
2026-04-18,2x2,Bastia,St Etienne,15:00,12.0,6,False,1,0.08636363636363636,0.9205020920502093,21
2026-04-18,2x2,Radnik Bijeljina,FK Sarajevo,11:00,12.0,7,False,1,0.08636363636363636,0.9205020920502093,21
2026-04-18,2x2,Casa Pia,Santa Clara,14:00,12.5,8,False,1,0.08260869565217391,0.9236947791164659,21
2026-04-18,2x2,Radomlje,Koper,12:30,13.5,9,False,1,0.076,0.929368029739777,21
2026-04-18,2x2,Everton,U. De Chile,18:30,13.5,10,False,1,0.076,0.929368029739777,21
2026-04-18,2x2,Gnistan,HJK,08:00,14.0,11,False,1,0.07307692307692307,0.931899641577061,21
2026-04-18,2x2,Polokwane,Kaizer Chiefs,12:30,14.0,12,False,1,0.07307692307692307,0.931899641577061,21
2026-04-18,2x2,Angers,Le Havre,14:00,14.0,13,False,1,0.07307692307692307,0.931899641577061,21
2026-04-18,2x2,Stevenage,Lincoln,11:00,14.0,14,False,0,-1.0,0.931899641577061,21
2026-04-18,2x2,Rayo Zuliano,Metropolitanos,16:30,14.0,15,False,1,0.07307692307692307,0.931899641577061,21
2026-04-18,2x2,Chapecoense-SC,Botafogo RJ,18:30,14.5,16,False,1,0.07037037037037036,0.9342560553633218,21
2026-04-18,2x2,OFI Crete,Levadiakos,12:00,17.0,17,False,1,0.059375,0.943952802359882,21
2026-04-18,2x2,Torreense,Maritimo,14:00,18.0,18,False,1,0.055882352941176466,0.947075208913649,21
2026-04-18,2x2,Podbrezova,Dun. Streda,10:30,18.5,19,False,1,0.054285714285714284,0.948509485094851,21
2026-04-18,2x2,Vitoria,Corinthians,20:00,19.0,20,False,1,0.05277777777777778,0.949868073878628,21
2026-04-18,2x2,FC Cajamarca,AD Tarma,15:00,20.0,21,False,0,-1.0,0.9523809523809524,21
2026-04-19,2x2,Verona,AC Milan,10:00,8.2,1,True,1,0.13194444444444445,0.883435582822086,17
2026-04-19,2x2,Haras El Hodood,Al Ittihad,12:00,9.0,2,True,0,-1.0,0.893854748603352,17
2026-04-19,2x2,Aldosivi,Racing Club,13:30,9.8,3,True,1,0.10795454545454544,0.9025641025641027,17
2026-04-19,2x2,Hradec Kralove,Slavia Prague,10:30,10.5,4,False,1,0.09999999999999999,0.9090909090909092,17
2026-04-19,2x2,Panathinaikos,Olympiacos Piraeus,15:00,11.0,5,False,1,0.095,0.9132420091324202,17
2026-04-19,2x2,Port Vale,Wigan,11:00,13.5,6,False,1,0.076,0.929368029739777,17
2026-04-19,2x2,Arka Gdynia,Jagiellonia,12:30,14.0,7,False,1,0.07307692307692307,0.931899641577061,17
2026-04-19,2x2,Universidad Central,Dep. Tachira,20:00,14.0,8,False,1,0.07307692307692307,0.931899641577061,17
2026-04-19,2x2,Alianza,Ind. Medellin,18:10,14.5,9,False,1,0.07037037037037036,0.9342560553633218,17
2026-04-19,2x2,Pisa,Genoa,13:00,15.0,10,False,1,0.06785714285714285,0.9364548494983278,17
2026-04-19,2x2,Cremonese,Torino,07:30,16.0,11,False,1,0.06333333333333332,0.9404388714733543,17
2026-04-19,2x2,Liverpool M.,Nacional,19:30,16.0,12,False,1,0.06333333333333332,0.9404388714733543,17
2026-04-19,2x2,Kahrabaa Ismailia,Ghazl El Mahallah,15:00,17.5,13,False,1,0.05757575757575757,0.9455587392550143,17
2026-04-19,2x2,Danubio,Maldonado,16:00,18.0,14,False,1,0.055882352941176466,0.947075208913649,17
2026-04-19,2x2,Club America,Toluca,00:10,19.0,15,False,1,0.05277777777777778,0.949868073878628,17
2026-04-19,2x2,Nantes,Brest,12:15,20.0,16,False,1,0.049999999999999996,0.9523809523809524,17
2026-04-19,2x2,Albacete,Granada CF,13:30,20.0,17,False,1,0.049999999999999996,0.9523809523809524,17
2026-04-20,2x2,Lecce,Fiorentina,15:45,12.0,1,True,1,0.08636363636363636,0.9205020920502093,10
2026-04-20,2x2,Barracas Central,Belgrano,15:00,12.5,2,True,1,0.08260869565217391,0.9236947791164659,10
2026-04-20,2x2,Central Cordoba,Platense,17:15,12.5,3,True,1,0.08260869565217391,0.9236947791164659,10
2026-04-20,2x2,Gimnasia Mendoza,Lanus,21:45,14.0,4,False,1,0.07307692307692307,0.931899641577061,10
2026-04-20,2x2,Oleksandriya,Veres-Rivne,07:00,16.0,5,False,1,0.06333333333333332,0.9404388714733543,10
2026-04-20,2x2,San Lorenzo,Velez Sarsfield,19:30,16.5,6,False,1,0.06129032258064516,0.9422492401215806,10
2026-04-20,2x2,FC Porto B,Leixoes,14:45,19.0,7,False,1,0.05277777777777778,0.949868073878628,10
2026-04-20,2x2,Sundsvall,Brage,14:05,19.0,8,False,1,0.05277777777777778,0.949868073878628,10
2026-04-20,2x2,Ameliano,Nacional Asuncion,20:30,19.0,9,False,1,0.05277777777777778,0.949868073878628,10
2026-04-20,2x2,Banfield,Ind. Rivadavia,17:15,19.5,10,False,1,0.05135135135135135,0.9511568123393317,10
2026-04-21,2x2,Barra FC,Corinthians,21:30,8.8,1,True,1,0.12179487179487178,0.8914285714285715,8
2026-04-21,2x2,Rubio Nu,Libertad Asuncion,17:00,10.5,2,True,1,0.09999999999999999,0.9090909090909092,8
2026-04-21,2x2,Hillerod,Lyngby,15:00,14.0,3,True,1,0.07307692307692307,0.931899641577061,8
2026-04-21,2x2,Gimcheon Sangmu,Gangwon,07:30,15.5,4,False,1,0.06551724137931034,0.9385113268608415,8
2026-04-21,2x2,St. Liege,Antwerp,15:30,18.0,5,False,1,0.055882352941176466,0.947075208913649,8
2026-04-21,2x2,Mallorca,Valencia,14:00,19.0,6,False,1,0.05277777777777778,0.949868073878628,8
2026-04-21,2x2,Oxford Utd,Wrexham,15:45,19.5,7,False,1,0.05135135135135135,0.9511568123393317,8
2026-04-21,2x2,Horsens,Esbjerg,13:00,20.0,8,False,1,0.049999999999999996,0.9523809523809524,8
2026-04-22,2x2,Burnley,Manchester City,16:00,9.0,1,True,1,0.11875,0.893854748603352,18
2026-04-22,2x2,Charlton,Ipswich,15:45,9.0,2,True,1,0.11875,0.893854748603352,18
2026-04-22,2x2,Istra 1961,Din. Zagreb,15:15,10.0,3,True,1,0.10555555555555556,0.9045226130653267,18
2026-04-22,2x2,Tammeka,Levadia,13:00,10.5,4,False,1,0.09999999999999999,0.9090909090909092,18
2026-04-22,2x2,Delfin,Ind. del Valle,15:00,11.5,5,False,1,0.09047619047619047,0.9170305676855895,18
2026-04-22,2x2,Atlas,Tigres UANL,22:00,11.5,6,False,1,0.09047619047619047,0.9170305676855895,18
2026-04-22,2x2,Mazatlan FC,Toluca,22:00,12.0,7,False,1,0.08636363636363636,0.9205020920502093,18
2026-04-22,2x2,Club Leon,Club America,00:06,13.5,8,False,1,0.076,0.929368029739777,18
2026-04-22,2x2,Smouha,Ceramica Cleopatra,15:00,15.0,9,False,1,0.06785714285714285,0.9364548494983278,18
2026-04-22,2x2,Grau,Sporting Cristal,17:15,15.5,10,False,1,0.06551724137931034,0.9385113268608415,18
2026-04-22,2x2,Elfsborg,Djurgarden,14:00,16.0,11,False,1,0.06333333333333332,0.9404388714733543,18
2026-04-22,2x2,Panserraikos,Atromitos,10:00,16.5,12,False,1,0.06129032258064516,0.9422492401215806,18
2026-04-22,2x2,Fortaleza,America De Cali,22:30,18.0,13,False,1,0.055882352941176466,0.947075208913649,18
2026-04-22,2x2,Vukovar 1991,Gorica,10:30,18.0,14,False,1,0.055882352941176466,0.947075208913649,18
2026-04-22,2x2,AEL Larissa,Kifisia,11:00,18.5,15,False,1,0.054285714285714284,0.948509485094851,18
2026-04-22,2x2,Anyang,Ulsan HD,07:30,19.5,16,False,1,0.05135135135135135,0.9511568123393317,18
2026-04-22,2x2,Varazdin,Rijeka,12:45,19.5,17,False,1,0.05135135135135135,0.9511568123393317,18
2026-04-22,2x2,Toronto FC,Philadelphia Union,20:30,20.0,18,False,1,0.049999999999999996,0.9523809523809524,18
2026-04-23,2x2,Casa Pia,Braga,15:00,8.6,1,True,1,0.125,0.888888888888889,7
2026-04-23,2x2,FK Zorya Luhansk,Shakhtar Donetsk,09:30,8.8,2,True,1,0.12179487179487178,0.8914285714285715,7
2026-04-23,2x2,Al Najma,Al Taawon,13:10,10.5,3,True,1,0.09999999999999999,0.9090909090909092,7
2026-04-23,2x2,Sonderjyske,Midtjylland,15:00,12.5,4,False,1,0.08260869565217391,0.9236947791164659,7
2026-04-23,2x2,Degerfors,AIK,14:00,16.0,5,False,1,0.06333333333333332,0.9404388714733543,7
2026-04-23,2x2,Defensa y Justicia,Boca Juniors,20:00,16.5,6,False,1,0.06129032258064516,0.9422492401215806,7
2026-04-23,2x2,GAIS,Mjallby,14:00,17.5,7,False,1,0.05757575757575757,0.9455587392550143,7
2026-04-24,2x2,Brest,Lens,15:45,9.4,1,True,1,0.11309523809523808,0.8983957219251337,9
2026-04-24,2x2,Den Bosch,Den Haag,15:00,10.0,2,True,1,0.10555555555555556,0.9045226130653267,9
2026-04-24,2x2,Estudiantes Rio Cuarto,Rosario Central,19:15,12.0,3,True,1,0.08636363636363636,0.9205020920502093,9
2026-04-24,2x2,Dep. Riestra,Independiente,17:00,12.5,4,False,1,0.08260869565217391,0.9236947791164659,9
2026-04-24,2x2,A. Klagenfurt,A. Lustenau,13:00,13.0,5,False,1,0.07916666666666666,0.9266409266409267,9
2026-04-24,2x2,Floridsdorfer AC,St. Polten,15:30,15.0,6,False,1,0.06785714285714285,0.9364548494983278,9
2026-04-24,2x2,Ponte Preta,America MG,20:00,16.5,7,False,1,0.06129032258064516,0.9422492401215806,9
2026-04-24,2x2,Clermont,Bastia,15:00,18.5,8,False,1,0.054285714285714284,0.948509485094851,9
2026-04-24,2x2,Stade Briochin,Concarneau,14:30,18.5,9,False,1,0.054285714285714284,0.948509485094851,9
2026-04-25,2x2,Getafe,Barcelona,11:15,8.8,1,True,1,0.12179487179487178,0.8914285714285715,16
2026-04-25,2x2,Pereira,Atl. Nacional,18:00,8.8,2,True,1,0.12179487179487178,0.8914285714285715,16
2026-04-25,2x2,Trujillanos,La Guaira,18:30,10.0,3,True,1,0.10555555555555556,0.9045226130653267,16
2026-04-25,2x2,Sarmiento Junin,Tigre,19:15,13.0,4,False,1,0.07916666666666666,0.9266409266409267,16
2026-04-25,2x2,Bologna,AS Roma,13:00,13.5,5,False,1,0.076,0.929368029739777,16
2026-04-25,2x2,Grenoble,Le Mans,09:00,14.0,6,False,1,0.07307692307692307,0.931899641577061,16
2026-04-25,2x2,Doncaster,Stevenage,08:30,15.5,7,False,1,0.06551724137931034,0.9385113268608415,16
2026-04-25,2x2,Remo,Cruzeiro,18:30,15.5,8,False,1,0.06551724137931034,0.9385113268608415,16
2026-04-25,2x2,Lahti,AC Oulu,09:00,16.5,9,False,1,0.06129032258064516,0.9422492401215806,16
2026-04-25,2x2,Tondela,Nacional,11:30,17.5,10,False,1,0.05757575757575757,0.9455587392550143,16
2026-04-25,2x2,Teplice,Hradec Kralove,11:00,17.5,11,False,1,0.05757575757575757,0.9455587392550143,16
2026-04-25,2x2,Blackpool,Leyton Orient,11:00,18.0,12,False,1,0.055882352941176466,0.947075208913649,16
2026-04-25,2x2,Bradford City,Bolton,11:00,18.5,13,False,1,0.054285714285714284,0.948509485094851,16
2026-04-25,2x2,Leuven,Charleroi,11:00,18.5,14,False,1,0.054285714285714284,0.948509485094851,16
2026-04-25,2x2,Botafogo RJ,Internacional,18:30,19.5,15,False,0,-1.0,0.9511568123393317,16
2026-04-25,2x2,Burgos CF,Dep. La Coruna,13:30,20.0,16,False,1,0.049999999999999996,0.9523809523809524,16
2026-04-26,2x2,Torino,Inter,13:00,8.6,1,True,0,-1.0,0.888888888888889,30
2026-04-26,2x2,Grau,Alianza Lima,17:30,8.6,2,True,1,0.125,0.888888888888889,30
2026-04-26,2x2,Genoa,Como,10:00,9.0,3,True,1,0.11875,0.893854748603352,30
2026-04-26,2x2,Cavese,Cosenza,13:00,9.8,4,False,1,0.10795454545454544,0.9025641025641027,30
2026-04-26,2x2,Anderlecht,Royale Union SG,13:30,10.0,5,False,1,0.10555555555555556,0.9045226130653267,30
2026-04-26,2x2,Kryvbas,Dyn. Kyiv,07:00,10.5,6,False,1,0.09999999999999999,0.9090909090909092,30
2026-04-26,2x2,Atletico-MG,Flamengo RJ,20:30,10.5,7,False,1,0.09999999999999999,0.9090909090909092,30
2026-04-26,2x2,Foggia,Salernitana,13:00,12.0,8,False,1,0.08636363636363636,0.9205020920502093,30
2026-04-26,2x2,U. De Concepcion,Colo Colo,16:00,12.0,9,False,1,0.08636363636363636,0.9205020920502093,30
2026-04-26,2x2,Siroki Brijeg,Zrinjski,14:30,12.0,10,False,1,0.08636363636363636,0.9205020920502093,30
2026-04-26,2x2,Cerro Largo,Racing Montevideo,15:30,12.5,11,False,1,0.08260869565217391,0.9236947791164659,30
2026-04-26,2x2,2 de Mayo,Guarani,17:45,14.5,12,False,0,-1.0,0.9342560553633218,30
2026-04-26,2x2,AD Cantolao,Union Comercio,13:00,14.5,13,False,1,0.07037037037037036,0.9342560553633218,30
2026-04-26,2x2,Newells Old Boys,Instituto,17:30,15.0,14,False,1,0.06785714285714285,0.9364548494983278,30
2026-04-26,2x2,Djurgarden,Hammarby,09:00,15.0,15,False,1,0.06785714285714285,0.9364548494983278,30
2026-04-26,2x2,APOEL,Pafos,11:00,15.0,16,False,1,0.06785714285714285,0.9364548494983278,30
2026-04-26,2x2,Wanderers,Penarol,19:00,15.5,17,False,1,0.06551724137931034,0.9385113268608415,30
2026-04-26,2x2,Bragantino,Palmeiras,18:30,15.5,18,False,1,0.06551724137931034,0.9385113268608415,30
2026-04-26,2x2,Granada CF,Almeria,11:15,16.0,19,False,1,0.06333333333333332,0.9404388714733543,30
2026-04-26,2x2,Benfica B,Maritimo,14:00,16.0,20,False,1,0.06333333333333332,0.9404388714733543,30
2026-04-26,2x2,Huesca,Zaragoza,13:30,16.5,21,False,1,0.06129032258064516,0.9422492401215806,30
2026-04-26,2x2,AC Milan,Juventus,15:45,17.0,22,False,1,0.059375,0.943952802359882,30
2026-04-26,2x2,Goteborg,GAIS,11:30,17.5,23,False,0,-1.0,0.9455587392550143,30
2026-04-26,2x2,Hapoel Jerusalem,Hapoel Haifa,14:00,18.0,24,False,1,0.055882352941176466,0.947075208913649,30
2026-04-26,2x2,Llaneros,Alianza,20:10,18.5,25,False,1,0.054285714285714284,0.948509485094851,30
2026-04-26,2x2,Santa Clara,Braga,14:00,18.5,26,False,1,0.054285714285714284,0.948509485094851,30
2026-04-26,2x2,Amarante,Os Belenenses,12:30,19.0,27,False,0,-1.0,0.949868073878628,30
2026-04-26,2x2,Ironi Tiberias,Kiryat Shmona,14:00,19.5,28,False,1,0.05135135135135135,0.9511568123393317,30
2026-04-26,2x2,LNZ Cherkasy,Metalist 1925,09:30,20.0,29,False,1,0.049999999999999996,0.9523809523809524,30
2026-04-26,2x2,Wisla Plock,Radomiak Radom,07:15,20.0,30,False,1,0.049999999999999996,0.9523809523809524,30
2026-04-27,2x2,FC Arges,Univ. Craiova,14:30,8.8,1,True,1,0.12179487179487178,0.8914285714285715,12
2026-04-27,2x2,Manta,U. Catolica,18:30,11.5,2,True,1,0.09047619047619047,0.9170305676855895,12
2026-04-27,2x2,Cadiz CF,Las Palmas,15:30,13.0,3,True,1,0.07916666666666666,0.9266409266409267,12
2026-04-27,2x2,Orgryte,Degerfors,14:00,13.0,4,False,1,0.07916666666666666,0.9266409266409267,12
2026-04-27,2x2,Smouha,Al Masry,11:00,14.0,5,False,1,0.07307692307692307,0.931899641577061,12
2026-04-27,2x2,Ferroviaria,Guarani,20:00,14.5,6,False,0,-1.0,0.9342560553633218,12
2026-04-27,2x2,Huracan,Argentinos Jrs,21:00,14.5,7,False,1,0.07037037037037036,0.9342560553633218,12
2026-04-27,2x2,Metaloglobus Bucharest,Unirea Slobozia,11:30,16.0,8,False,1,0.06333333333333332,0.9404388714733543,12
2026-04-27,2x2,Boulogne,Dunkerque,15:45,16.0,9,False,1,0.06333333333333332,0.9404388714733543,12
2026-04-27,2x2,AEL Limassol,Anorthosis,13:00,17.0,10,False,1,0.059375,0.943952802359882,12
2026-04-27,2x2,Pyramids,Al Ahly,14:00,17.5,11,False,1,0.05757575757575757,0.9455587392550143,12
2026-04-27,2x2,Montana,Dobrudzha,11:30,18.0,12,False,1,0.055882352941176466,0.947075208913649,12
2026-04-28,2x2,AD Fafe,Sao Joao Ver,16:00,16.5,1,True,1,0.06129032258064516,0.9422492401215806,1
2026-04-29,2x2,Polokwane,Mamelodi Sundowns,14:30,8.4,1,True,1,0.12837837837837837,0.8862275449101797,9
2026-04-29,2x2,Avispa Fukuoka,Sanfrecce Hiroshima,02:00,10.0,2,True,0,-1.0,0.9045226130653267,9
2026-04-29,2x2,Verdy,Kashima Antlers,01:00,10.5,3,True,1,0.09999999999999999,0.9090909090909092,9
2026-04-29,2x2,Al Riyadh,Al Qadsiah,13:00,11.5,4,False,1,0.09047619047619047,0.9170305676855895,9
2026-04-29,2x2,Mito,Machida,04:00,12.5,5,False,0,-1.0,0.9236947791164659,9
2026-04-29,2x2,Siwelele,Kaizer Chiefs,14:30,15.0,6,False,1,0.06785714285714285,0.9364548494983278,9
2026-04-29,2x2,Maccabi Bnei Raina,Hapoel Jerusalem,13:00,16.5,7,False,1,0.06129032258064516,0.9422492401215806,9
2026-04-29,2x2,Kashiwa Reysol,FC Tokyo,04:00,17.5,8,False,1,0.05757575757575757,0.9455587392550143,9
2026-04-29,2x2,Kyoto,Gamba Osaka,03:00,20.0,9,False,1,0.049999999999999996,0.9523809523809524,9
2026-04-30,2x2,Esbjerg,Horsens,14:00,17.0,1,True,1,0.059375,0.943952802359882,1
2026-05-01,2x2,Sporting CP B,Benfica B,16:30,16.5,1,True,1,0.06129032258064516,0.9422492401215806,6
2026-05-01,2x2,Tianjin Jinmen Tiger,Wuhan Three Towns,08:35,19.0,2,True,0,-1.0,0.949868073878628,6
2026-05-01,2x2,Libertad,Aucas,21:00,19.0,3,True,1,0.05277777777777778,0.949868073878628,6
2026-05-01,2x2,Stade Nyonnais,Wil,14:30,19.0,4,False,1,0.05277777777777778,0.949868073878628,6
2026-05-01,2x2,Legia,Widzew Lodz,15:30,20.0,5,False,1,0.049999999999999996,0.9523809523809524,6
2026-05-01,2x2,Empoli,Avellino,10:00,20.0,6,False,1,0.049999999999999996,0.9523809523809524,6
2026-05-02,2x2,Damac,Al Khaleej,13:10,16.0,1,True,1,0.06333333333333332,0.9404388714733543,19
2026-05-02,2x2,Auckland FC,Melbourne City,02:00,17.0,2,True,1,0.059375,0.943952802359882,19
2026-05-02,2x2,Le Mans,Reims,15:00,17.0,3,True,1,0.059375,0.943952802359882,19
2026-05-02,2x2,Mariehamn,VPS,11:00,17.5,4,False,1,0.05757575757575757,0.9455587392550143,19
2026-05-02,2x2,Alaves,Ath Bilbao,13:30,17.5,5,False,1,0.05757575757575757,0.9455587392550143,19
2026-05-02,2x2,Guingamp,Bastia,15:00,17.5,6,False,1,0.05757575757575757,0.9455587392550143,19
2026-05-02,2x2,Como,Napoli,13:00,18.0,7,False,1,0.055882352941176466,0.947075208913649,19
2026-05-02,2x2,Real Salt Lake,Portland Timbers,17:45,18.0,8,False,1,0.055882352941176466,0.947075208913649,19
2026-05-02,2x2,Bohemians,Sigma Olomouc,10:00,19.0,9,False,1,0.05277777777777778,0.949868073878628,19
2026-05-02,2x2,Metz,Monaco,14:00,19.0,10,False,1,0.05277777777777778,0.949868073878628,19
2026-05-02,2x2,FC Cajamarca,Sport Boys,15:00,19.0,11,False,1,0.05277777777777778,0.949868073878628,19
2026-05-02,2x2,Academico Viseu,Vizela,10:00,19.0,12,False,1,0.05277777777777778,0.949868073878628,19
2026-05-02,2x2,Philadelphia Union,Nashville SC,20:30,19.0,13,False,1,0.05277777777777778,0.949868073878628,19
2026-05-02,2x2,Portuguesa,Universidad Central,19:00,19.0,14,False,1,0.05277777777777778,0.949868073878628,19
2026-05-02,2x2,Udinese,Torino,10:00,19.5,15,False,1,0.05135135135135135,0.9511568123393317,19
2026-05-02,2x2,St. Truiden,Royale Union SG,15:45,19.5,16,False,1,0.05135135135135135,0.9511568123393317,19
2026-05-02,2x2,Tigres UANL,Guadalajara Chivas,22:00,19.5,17,False,1,0.05135135135135135,0.9511568123393317,19
2026-05-02,2x2,Arouca,Santa Clara,11:30,20.0,18,False,0,-1.0,0.9523809523809524,19
2026-05-02,2x2,Austria Vienna (Am),Floridsdorfer AC,09:30,20.0,19,False,1,0.049999999999999996,0.9523809523809524,19
2026-05-03,2x2,OFI Crete,Aris,11:00,16.5,1,True,1,0.06129032258064516,0.9422492401215806,23
2026-05-03,2x2,Fredericia,FC Copenhagen,11:00,16.5,2,True,1,0.06129032258064516,0.9422492401215806,23
2026-05-03,2x2,St. Pauli,Mainz,10:30,17.5,3,True,1,0.05757575757575757,0.9455587392550143,23
2026-05-03,2x2,Elfsborg,AIK,11:30,17.5,4,False,1,0.05757575757575757,0.9455587392550143,23
2026-05-03,2x2,Kiryat Shmona,Hapoel Haifa,13:30,17.5,5,False,1,0.05757575757575757,0.9455587392550143,23
2026-05-03,2x2,Dender,RAAL La Louviere,14:15,18.0,6,False,1,0.055882352941176466,0.947075208913649,23
2026-05-03,2x2,Albion,Nacional,20:00,18.0,7,False,1,0.055882352941176466,0.947075208913649,23
2026-05-03,2x2,Club America,UNAM Pumas,20:00,18.0,8,False,1,0.055882352941176466,0.947075208913649,23
2026-05-03,2x2,Sao Paulo,Bahia,16:00,18.5,9,False,0,-1.0,0.948509485094851,23
2026-05-03,2x2,Lok. Zagreb,Rijeka,11:00,18.5,10,False,1,0.054285714285714284,0.948509485094851,23
2026-05-03,2x2,Keflavik,Vikingur Reykjavik,15:00,19.0,11,False,1,0.05277777777777778,0.949868073878628,23
2026-05-03,2x2,Casa Pia,Tondela,11:30,19.0,12,False,1,0.05277777777777778,0.949868073878628,23
2026-05-03,2x2,Botev Plovdiv,Lok. Plovdiv,10:15,19.0,13,False,1,0.05277777777777778,0.949868073878628,23
2026-05-03,2x2,Monterey Bay,FC Tulsa,20:00,19.0,14,False,1,0.05277777777777778,0.949868073878628,23
2026-05-03,2x2,APOEL,AEK Larnaca,11:00,19.0,15,False,1,0.05277777777777778,0.949868073878628,23
2026-05-03,2x2,Sittard,Feyenoord,09:30,19.5,16,False,1,0.05135135135135135,0.9511568123393317,23
2026-05-03,2x2,Tepatitlan de Morelos,Zacatecas Mineros,22:05,19.5,17,False,1,0.05135135135135135,0.9511568123393317,23
2026-05-03,2x2,Carabobo,Metropolitanos,19:00,19.5,18,False,1,0.05135135135135135,0.9511568123393317,23
2026-05-03,2x2,Real Sociedad B,Burgos CF,13:30,19.5,19,False,1,0.05135135135135135,0.9511568123393317,23
2026-05-03,2x2,Macara,Orense,15:00,20.0,20,False,1,0.049999999999999996,0.9523809523809524,23
2026-05-03,2x2,Chapecoense-SC,Bragantino,18:30,20.0,21,False,1,0.049999999999999996,0.9523809523809524,23
2026-05-03,2x2,America MG,CRB,20:30,20.0,22,False,1,0.049999999999999996,0.9523809523809524,23
2026-05-03,2x2,Avai,Novorizontino,20:30,20.0,23,False,1,0.049999999999999996,0.9523809523809524,23
2026-05-04,2x2,Halmstad,Brommapojkarna,14:00,17.0,1,True,1,0.059375,0.943952802359882,8
2026-05-04,2x2,Midtjylland,Viborg,14:00,18.0,2,False,1,0.055882352941176466,0.947075208913649,8
2026-05-04,2x2,Sevilla,Real Sociedad,16:00,18.0,3,True,1,0.055882352941176466,0.947075208913649,8
2026-05-04,2x2,FC Rapid Bucuresti,CFR Cluj,14:30,18.0,4,True,1,0.055882352941176466,0.947075208913649,8
2026-05-04,2x2,Altach,Wolfsberger AC,13:30,18.5,5,False,1,0.054285714285714284,0.948509485094851,8
2026-05-04,2x2,Al Ettifaq,Al Najma,15:00,19.0,6,False,1,0.05277777777777778,0.949868073878628,8
2026-05-04,2x2,Cremonese,Lazio,13:30,19.5,7,False,1,0.05135135135135135,0.9511568123393317,8
2026-05-04,2x2,Almeria,Mirandes,15:30,19.5,8,False,1,0.05135135135135135,0.9511568123393317,8
2026-05-05,2x2,Qingdao West Coast,Tianjin Jinmen Tiger,08:00,20.0,1,True,1,0.049999999999999996,0.9523809523809524,1
2026-05-06,2x2,Wuhan Three Towns,Qingdao Hainiu,08:00,19.0,1,True,1,0.05277777777777778,0.949868073878628,4
2026-05-06,2x2,AEK Larnaca,Apollon,13:00,19.0,2,True,1,0.05277777777777778,0.949868073878628,4
2026-05-06,2x2,V-Varen Nagasaki,Okayama,01:00,20.0,3,True,1,0.049999999999999996,0.9523809523809524,4
2026-05-06,2x2,Beijing Guoan,Dalian Yingbo,08:35,20.0,4,False,1,0.049999999999999996,0.9523809523809524,4
2026-05-07,2x2,Al Shabab,Al Nassr,15:00,19.0,1,True,1,0.05277777777777778,0.949868073878628,1
2026-05-08,2x2,Torino,Sassuolo,15:45,15.5,1,True,1,0.06551724137931034,0.9385113268608415,14
2026-05-08,2x2,Catanzaro,Bari,15:30,17.0,2,True,1,0.059375,0.943952802359882,14
2026-05-08,2x2,Levante,Osasuna,16:00,18.0,3,True,1,0.055882352941176466,0.947075208913649,14
2026-05-08,2x2,Cadiz CF,Dep. La Coruna,15:30,18.0,4,False,1,0.055882352941176466,0.947075208913649,14
2026-05-08,2x2,CFR Cluj,Univ. Craiova,15:00,18.5,5,False,1,0.054285714285714284,0.948509485094851,14
2026-05-08,2x2,Reggiana,Sampdoria,15:30,18.5,6,False,1,0.054285714285714284,0.948509485094851,14
2026-05-08,2x2,Elfsborg,Brommapojkarna,14:00,18.5,7,False,1,0.054285714285714284,0.948509485094851,14
2026-05-08,2x2,CSKA 1948 Sofia,CSKA Sofia,14:00,18.5,8,False,1,0.054285714285714284,0.948509485094851,14
2026-05-08,2x2,Hull,Millwall,16:00,18.5,9,False,1,0.054285714285714284,0.948509485094851,14
2026-05-08,2x2,Breidablik,Hafnarfjordur,16:15,18.5,10,False,1,0.054285714285714284,0.948509485094851,14
2026-05-08,2x2,Barranquilla,Bogota,19:00,19.0,11,False,1,0.05277777777777778,0.949868073878628,14
2026-05-08,2x2,Kapfenberg,St. Polten,13:00,19.5,12,False,1,0.05135135135135135,0.9511568123393317,14
2026-05-08,2x2,Paderborn,Karlsruher SC,13:30,20.0,13,False,0,-1.0,0.9523809523809524,14
2026-05-08,2x2,Lens,Nantes,15:45,20.0,14,False,1,0.049999999999999996,0.9523809523809524,14
2026-05-09,2x2,Hoffenheim,Werder Bremen,10:30,16.5,1,True,1,0.06129032258064516,0.9422492401215806,34
2026-05-09,2x2,SJK Akatemia,JaPS,12:00,17.0,2,True,1,0.059375,0.943952802359882,34
2026-05-09,2x2,New England Revolution,Philadelphia Union,20:30,17.0,3,True,1,0.059375,0.943952802359882,34
2026-05-09,2x2,Dukla Prague,Slovacko,09:00,17.5,4,False,1,0.05757575757575757,0.9455587392550143,34
2026-05-09,2x2,Vizela,Leiria,16:30,17.5,5,False,1,0.05757575757575757,0.9455587392550143,34
2026-05-09,2x2,Chicago Fire,New York Red Bulls,15:30,17.5,6,False,1,0.05757575757575757,0.9455587392550143,34
2026-05-09,2x2,Elche,Alaves,09:00,17.5,7,False,1,0.05757575757575757,0.9455587392550143,34
2026-05-09,2x2,Albacete,Cultural Leonesa,11:15,17.5,8,False,1,0.05757575757575757,0.9455587392550143,34
2026-05-09,2x2,Otelul,Farul Constanta,12:00,18.0,9,False,1,0.055882352941176466,0.947075208913649,34
2026-05-09,2x2,Rouen,Versailles,14:30,18.5,10,False,1,0.054285714285714284,0.948509485094851,34
2026-05-09,2x2,Portland Timbers,Sporting Kansas City,23:30,18.5,11,False,1,0.054285714285714284,0.948509485094851,34
2026-05-09,2x2,Felgueiras,Portimonense,11:30,19.0,12,False,1,0.05277777777777778,0.949868073878628,34
2026-05-09,2x2,Cagliari,Udinese,10:00,19.0,13,False,1,0.05277777777777778,0.949868073878628,34
2026-05-09,2x2,Penafiel,Maritimo,11:30,19.0,14,False,1,0.05277777777777778,0.949868073878628,34
2026-05-09,2x2,Stevenage,Stockport County,11:00,19.0,15,False,1,0.05277777777777778,0.949868073878628,34
2026-05-09,2x2,Valladolid,Zaragoza,13:30,19.0,16,False,1,0.05277777777777778,0.949868073878628,34
2026-05-09,2x2,Le Puy-en-Velay,Dijon,14:30,19.0,17,False,1,0.05277777777777778,0.949868073878628,34
2026-05-09,2x2,Bahia,Cruzeiro,21:00,19.0,18,False,1,0.05277777777777778,0.949868073878628,34
2026-05-09,2x2,Atromitos,Panetolikos,13:30,19.0,19,False,1,0.05277777777777778,0.949868073878628,34
2026-05-09,2x2,Middlesbrough,Southampton,08:30,19.0,20,False,1,0.05277777777777778,0.949868073878628,34
2026-05-09,2x2,AEL Larissa,Asteras Tripolis,11:00,19.5,21,False,1,0.05135135135135135,0.9511568123393317,34
2026-05-09,2x2,Ostersund,Falkenberg,08:00,19.5,22,False,0,-1.0,0.9511568123393317,34
2026-05-09,2x2,Feirense,Oliveirense,11:30,19.5,23,False,1,0.05135135135135135,0.9511568123393317,34
2026-05-09,2x2,Levski Sofia,Ludogorets,12:45,19.5,24,False,1,0.05135135135135135,0.9511568123393317,34
2026-05-09,2x2,Bolton,Bradford City,16:00,19.5,25,False,1,0.05135135135135135,0.9511568123393317,34
2026-05-09,2x2,Coritiba,Internacional,16:00,19.5,26,False,0,-1.0,0.9511568123393317,34
2026-05-09,2x2,Club Brugge KV,St. Truiden,15:45,19.5,27,False,1,0.05135135135135135,0.9511568123393317,34
2026-05-09,2x2,Grau,Cienciano,17:15,19.5,28,False,1,0.05135135135135135,0.9511568123393317,34
2026-05-09,2x2,Manchester City,Brentford,13:30,19.5,29,False,1,0.05135135135135135,0.9511568123393317,34
2026-05-09,2x2,AEL Limassol,Ol. Nicosia,12:00,20.0,30,False,1,0.049999999999999996,0.9523809523809524,34
2026-05-09,2x2,Horsens,Hillerod,09:00,20.0,31,False,1,0.049999999999999996,0.9523809523809524,34
2026-05-09,2x2,Parnu JK Vaprus,Narva,11:00,20.0,32,False,1,0.049999999999999996,0.9523809523809524,34
2026-05-09,2x2,Vasteras SK,GAIS,10:00,20.0,33,False,1,0.049999999999999996,0.9523809523809524,34
2026-05-09,2x2,Guadalajara Chivas,Tigres UANL,22:07,20.0,34,False,1,0.049999999999999996,0.9523809523809524,34
2026-05-10,2x2,AC Milan,Atalanta,15:45,15.5,1,True,1,0.06551724137931034,0.9385113268608415,22
2026-05-10,2x2,Osijek,Istra 1961,11:00,16.0,2,True,1,0.06333333333333332,0.9404388714733543,22
2026-05-10,2x2,Crystal Palace,Everton,10:00,16.5,3,True,0,-1.0,0.9422492401215806,22
2026-05-10,2x2,AIK,Djurgarden,09:00,16.5,4,False,1,0.06129032258064516,0.9422492401215806,22
2026-05-10,2x2,Auxerre,Nice,16:00,16.5,5,False,1,0.06129032258064516,0.9422492401215806,22
2026-05-10,2x2,Qingdao Hainiu,Dalian Yingbo,09:00,17.0,6,False,1,0.059375,0.943952802359882,22
2026-05-10,2x2,Santos,Bragantino,18:30,17.5,7,False,1,0.05757575757575757,0.9455587392550143,22
2026-05-10,2x2,Mirandes,Eibar,13:30,17.5,8,False,1,0.05757575757575757,0.9455587392550143,22
2026-05-10,2x2,Atletico-MG,Botafogo RJ,16:00,18.0,9,False,1,0.055882352941176466,0.947075208913649,22
2026-05-10,2x2,Jablonec,Hradec Kralove,13:30,18.0,10,False,1,0.055882352941176466,0.947075208913649,22
2026-05-10,2x2,Spartak Varna,Slavia Sofia,08:15,18.0,11,False,1,0.055882352941176466,0.947075208913649,22
2026-05-10,2x2,SK Rapid,Austria Vienna,12:00,18.5,12,False,1,0.054285714285714284,0.948509485094851,22
2026-05-10,2x2,Hrvace,Opatija,08:45,18.5,13,False,1,0.054285714285714284,0.948509485094851,22
2026-05-10,2x2,Remo,Palmeiras,17:15,18.5,14,False,1,0.054285714285714284,0.948509485094851,22
2026-05-10,2x2,Fiorentina,Genoa,10:00,18.5,15,False,1,0.054285714285714284,0.948509485094851,22
2026-05-10,2x2,Telstar,Heracles,11:45,19.0,16,False,1,0.05277777777777778,0.949868073878628,22
2026-05-10,2x2,Twente,Sparta Rotterdam,11:45,19.5,17,False,1,0.05135135135135135,0.9511568123393317,22
2026-05-10,2x2,Trnava,Zilina,14:00,19.5,18,False,1,0.05135135135135135,0.9511568123393317,22
2026-05-10,2x2,Slaven Belupo,Gorica,13:15,20.0,19,False,1,0.049999999999999996,0.9523809523809524,22
2026-05-10,2x2,Volta Redonda,Ferroviaria,17:00,20.0,20,False,1,0.049999999999999996,0.9523809523809524,22
2026-05-10,2x2,Sp. Luqueno,Libertad Asuncion,20:00,20.0,21,False,1,0.049999999999999996,0.9523809523809524,22
2026-05-10,2x2,Once Caldas,Junior,20:10,20.0,22,False,1,0.049999999999999996,0.9523809523809524,22
2026-05-11,2x2,Rayo Vallecano,Girona,16:00,16.5,1,True,1,0.06129032258064516,0.9422492401215806,4
2026-05-11,2x2,Estrela,Famalicao,16:15,18.5,2,True,1,0.054285714285714284,0.948509485094851,4
2026-05-11,2x2,Santa Clara,Nacional,16:15,18.5,3,True,1,0.054285714285714284,0.948509485094851,4
2026-05-11,2x2,Tondela,Moreirense,16:15,20.0,4,False,1,0.049999999999999996,0.9523809523809524,4
2026-05-12,2x2,Luzern,Zurich,15:30,17.0,1,True,1,0.059375,0.943952802359882,7
2026-05-12,2x2,Red Star,Rodez,15:30,17.0,2,True,1,0.059375,0.943952802359882,7
2026-05-12,2x2,Varnamo,Orebro,14:00,18.0,3,True,1,0.055882352941176466,0.947075208913649,7
2026-05-12,2x2,Botev Plovdiv,Arda,14:15,18.0,4,False,1,0.055882352941176466,0.947075208913649,7
2026-05-12,2x2,Sparta Prague,Plzen,15:00,19.0,5,False,1,0.05277777777777778,0.949868073878628,7
2026-05-12,2x2,Universidad Central,La Guaira,20:30,19.5,6,False,1,0.05135135135135135,0.9511568123393317,7
2026-05-12,2x2,Al Kholood,Al Okhdood,13:20,20.0,7,False,1,0.049999999999999996,0.9523809523809524,7
2026-05-13,2x2,Hradec Kralove,Liberec,12:30,17.5,1,True,1,0.05757575757575757,0.9455587392550143,9
2026-05-13,2x2,New England Revolution,Nashville SC,20:30,17.5,2,True,1,0.05757575757575757,0.9455587392550143,9
2026-05-13,2x2,Cruz Azul,Guadalajara Chivas,23:00,17.5,3,True,0,-1.0,0.9455587392550143,9
2026-05-13,2x2,National Bank Egypt,Petrojet,14:00,18.0,4,False,1,0.055882352941176466,0.947075208913649,9
2026-05-13,2x2,Anyang,Gimcheon Sangmu,07:30,18.0,5,False,0,-1.0,0.947075208913649,9
2026-05-13,2x2,Stockport County,Stevenage,16:00,18.5,6,False,1,0.054285714285714284,0.948509485094851,9
2026-05-13,2x2,Junior,Once Caldas,22:15,19.0,7,False,0,-1.0,0.949868073878628,9
2026-05-13,2x2,CSKA Sofia,CSKA 1948 Sofia,11:45,19.0,8,False,1,0.05277777777777778,0.949868073878628,9
2026-05-13,2x2,SC Ashdod,Hapoel Jerusalem,14:00,19.5,9,False,1,0.05135135135135135,0.9511568123393317,9
2026-05-14,2x2,Bradford City,Bolton,16:00,18.0,1,True,1,0.055882352941176466,0.947075208913649,3
2026-05-14,2x2,Sturm Graz II,SK Rapid II,12:00,19.5,2,True,1,0.05135135135135135,0.9511568123393317,3
2026-05-14,2x2,Valencia,Rayo Vallecano,14:00,19.5,3,True,1,0.05135135135135135,0.9511568123393317,3
2026-05-15,2x2,Pogon Siedlce,Stal Mielec,13:00,17.0,1,True,1,0.059375,0.943952802359882,7
2026-05-15,2x2,Zaglebie,Pogon Szczecin,13:00,17.0,2,False,1,0.059375,0.943952802359882,7
2026-05-15,2x2,Leuven,Antwerp,15:45,17.0,3,True,1,0.059375,0.943952802359882,7
2026-05-15,2x2,FC Cajamarca,Sporting Cristal,17:00,17.0,4,True,1,0.059375,0.943952802359882,7
2026-05-15,2x2,Montevideo City,Nacional,20:00,17.5,5,False,1,0.05757575757575757,0.9455587392550143,7
2026-05-15,2x2,Palestino,La Serena,21:00,17.5,6,False,1,0.05757575757575757,0.9455587392550143,7
2026-05-15,2x2,Libertad,Dep. Cuenca,21:00,19.0,7,False,1,0.05277777777777778,0.949868073878628,7
2026-05-16,2x2,Csikszereda M. Ciuc,FC Botosani,12:30,17.5,1,True,1,0.05757575757575757,0.9455587392550143,8
2026-05-16,2x2,Gnistan,Jaro,13:00,17.5,2,True,1,0.05757575757575757,0.9455587392550143,8
2026-05-16,2x2,SJK,Inter Turku,11:00,18.5,3,True,1,0.054285714285714284,0.948509485094851,8
2026-05-16,2x2,Hillerod,Esbjerg,08:00,19.5,4,False,1,0.05135135135135135,0.9511568123393317,8
2026-05-16,2x2,Cultural Leonesa,Eibar,11:15,19.5,5,False,1,0.05135135135135135,0.9511568123393317,8
2026-05-16,2x2,Gorica,Osijek,11:00,19.5,6,False,1,0.05135135135135135,0.9511568123393317,8
2026-05-16,2x2,Ulm,RW Essen,08:30,20.0,7,False,1,0.049999999999999996,0.9523809523809524,8
2026-05-16,2x2,Komarno,Presov,12:00,20.0,8,False,1,0.049999999999999996,0.9523809523809524,8
2026-05-17,2x2,Real Sociedad,Valencia,14:00,15.5,1,True,1,0.06551724137931034,0.9385113268608415,23
2026-05-17,2x2,Vasteras SK,AIK,11:30,17.5,2,True,1,0.05757575757575757,0.9455587392550143,23
2026-05-17,2x2,Huachipato,Union La Calera,13:30,17.5,3,True,1,0.05757575757575757,0.9455587392550143,23
2026-05-17,2x2,Liberec,Sparta Prague,12:00,17.5,4,False,1,0.05757575757575757,0.9455587392550143,23
2026-05-17,2x2,Sassuolo,Lecce,15:45,17.5,5,False,1,0.05757575757575757,0.9455587392550143,23
2026-05-17,2x2,Portimonense,SC Farense,16:30,17.5,6,False,1,0.05757575757575757,0.9455587392550143,23
2026-05-17,2x2,Hradec Kralove,Slavia Prague,12:00,18.0,7,False,1,0.055882352941176466,0.947075208913649,23
2026-05-17,2x2,Greuther Furth,Dusseldorf,10:30,18.0,8,False,1,0.055882352941176466,0.947075208913649,23
2026-05-17,2x2,Udinese,Cremonese,15:45,18.0,9,False,1,0.055882352941176466,0.947075208913649,23
2026-05-17,2x2,Sparta Rotterdam,Excelsior,09:30,18.0,10,False,1,0.055882352941176466,0.947075208913649,23
2026-05-17,2x2,Metropolitanos,Dep. Tachira,19:00,18.0,11,False,1,0.055882352941176466,0.947075208913649,23
2026-05-17,2x2,Osasuna,Espanyol,14:00,18.5,12,False,1,0.054285714285714284,0.948509485094851,23
2026-05-17,2x2,San Lorenzo,Sp. Luqueno,17:00,18.5,13,False,1,0.054285714285714284,0.948509485094851,23
2026-05-17,2x2,Chapecoense-SC,Remo,18:30,18.5,14,False,1,0.054285714285714284,0.948509485094851,23
2026-05-17,2x2,Catanzaro,Palermo,15:00,19.0,15,False,1,0.05277777777777778,0.949868073878628,23
2026-05-17,2x2,Kawasaki Frontale,Machida,07:00,19.0,16,False,1,0.05277777777777778,0.949868073878628,23
2026-05-17,2x2,Ath Bilbao,Celta Vigo,14:00,19.0,17,False,1,0.05277777777777778,0.949868073878628,23
2026-05-17,2x2,Sport Recife,CRB,20:30,19.5,18,False,1,0.05135135135135135,0.9511568123393317,23
2026-05-17,2x2,Cagliari,Torino,15:45,19.5,19,False,1,0.05135135135135135,0.9511568123393317,23
2026-05-17,2x2,Botafogo RJ,Corinthians,16:00,19.5,20,False,1,0.05135135135135135,0.9511568123393317,23
2026-05-17,2x2,Vila Nova FC,Avai,18:00,19.5,21,False,1,0.05135135135135135,0.9511568123393317,23
2026-05-17,2x2,Karpaty Lviv,Veres-Rivne,12:00,20.0,22,False,1,0.049999999999999996,0.9523809523809524,23
2026-05-17,2x2,Estudiantes Merida,Carabobo,18:00,20.0,23,False,1,0.049999999999999996,0.9523809523809524,23
2026-05-18,2x2,Sundsvall,Landskrona,14:00,18.0,1,True,1,0.055882352941176466,0.947075208913649,3
2026-05-18,2x2,Leganes,Huesca,15:30,18.5,2,True,1,0.054285714285714284,0.948509485094851,3
2026-05-18,2x2,Unirea Slobozia,UTA Arad,14:30,19.5,3,True,1,0.05135135135135135,0.9511568123393317,3
2026-05-19,2x2,Chelsea,Tottenham,16:15,16.0,1,True,1,0.06333333333333332,0.9404388714733543,7
2026-05-19,2x2,Ried,Wolfsberger AC,13:30,17.5,2,True,1,0.05757575757575757,0.9455587392550143,7
2026-05-19,2x2,Helsingborg,Varberg,14:00,18.5,3,True,1,0.054285714285714284,0.948509485094851,7
2026-05-19,2x2,Chengdu Rongcheng,Shanghai Port,09:00,19.0,4,False,1,0.05277777777777778,0.949868073878628,7
2026-05-19,2x2,Tianjin Jinmen Tiger,Henan Songshan Longmen,08:35,19.0,5,False,1,0.05277777777777778,0.949868073878628,7
2026-05-19,2x2,Charleroi,Leuven,15:30,19.5,6,False,1,0.05135135135135135,0.9511568123393317,7
2026-05-19,2x2,Rouen,Laval,15:30,20.0,7,False,1,0.049999999999999996,0.9523809523809524,7
2026-05-20,2x2,Chongqing Tonglianglong,Yunnan Yukun,09:00,17.0,1,True,1,0.059375,0.943952802359882,3
2026-05-20,2x2,Al Khaleej,Al Ahli SC,15:00,18.0,2,True,1,0.055882352941176466,0.947075208913649,3
2026-05-20,2x2,Torreense,Casa Pia,14:00,20.0,3,True,1,0.049999999999999996,0.9523809523809524,3
2026-05-21,2x2,Panetolikos,Asteras Tripolis,13:00,16.5,1,True,1,0.06129032258064516,0.9422492401215806,7
2026-05-21,2x2,Elfsborg,Mjallby,14:00,17.5,2,True,1,0.05757575757575757,0.9455587392550143,7
2026-05-21,2x2,Velez Mostar,FK Sarajevo,15:30,18.0,3,True,1,0.055882352941176466,0.947075208913649,7
2026-05-21,2x2,Kifisia,AEL Larissa,13:00,18.5,4,False,1,0.054285714285714284,0.948509485094851,7
2026-05-21,2x2,Al Hazem,Al Taawon,15:00,18.5,5,False,1,0.054285714285714284,0.948509485094851,7
2026-05-21,2x2,Gent,Royale Union SG,15:30,19.0,6,False,1,0.05277777777777778,0.949868073878628,7
2026-05-21,2x2,Akranes,Vestmannaeyjar,15:00,20.0,7,False,0,-1.0,0.9523809523809524,7
2026-05-22,2x2,Afturelding,Throttur,16:15,16.0,1,True,1,0.06333333333333332,0.9404388714733543,6
2026-05-22,2x2,FC Tulsa,Hartford Athletic,21:30,18.0,2,True,1,0.055882352941176466,0.947075208913649,6
2026-05-22,2x2,Ried,SK Rapid,14:30,18.5,3,True,1,0.054285714285714284,0.948509485094851,6
2026-05-22,2x2,Primorje,Celje,15:00,19.5,4,False,1,0.05135135135135135,0.9511568123393317,6
2026-05-22,2x2,Everton,Coquimbo,16:00,19.5,5,False,1,0.05135135135135135,0.9511568123393317,6
2026-05-22,2x2,CFR Cluj,FC Arges,14:30,20.0,6,False,1,0.049999999999999996,0.9523809523809524,6
2026-05-23,2x2,Loudoun,Detroit,19:00,17.0,1,True,1,0.059375,0.943952802359882,18
2026-05-23,2x2,St. Liege,Charleroi,15:45,17.5,2,True,1,0.05757575757575757,0.9455587392550143,18
2026-05-23,2x2,Halmstad,Orgryte,10:00,18.0,3,True,1,0.055882352941176466,0.947075208913649,18
2026-05-23,2x2,Zlin,Slovacko,09:00,18.0,4,False,1,0.055882352941176466,0.947075208913649,18
2026-05-23,2x2,Alaves,Rayo Vallecano,16:00,18.0,5,False,1,0.055882352941176466,0.947075208913649,18
2026-05-23,2x2,Real Madrid,Ath Bilbao,16:00,18.0,6,False,1,0.055882352941176466,0.947075208913649,18
2026-05-23,2x2,Widzew Lodz,Piast Gliwice,12:30,19.0,7,False,1,0.05277777777777778,0.949868073878628,18
2026-05-23,2x2,Auckland FC,Sydney FC,05:10,19.0,8,False,1,0.05277777777777778,0.949868073878628,18
2026-05-23,2x2,Celta Vigo,Sevilla,16:00,19.0,9,False,1,0.05277777777777778,0.949868073878628,18
2026-05-23,2x2,Dep. Cuenca,LDU Quito,21:00,19.0,10,False,1,0.05277777777777778,0.949868073878628,18
2026-05-23,2x2,Cracovia,Korona Kielce,12:30,19.5,11,False,1,0.05135135135135135,0.9511568123393317,18
2026-05-23,2x2,Cerro Largo,Boston River,15:00,19.5,12,False,1,0.05135135135135135,0.9511568123393317,18
2026-05-23,2x2,Gremio,Santos,19:00,19.5,13,False,1,0.05135135135135135,0.9511568123393317,18
2026-05-23,2x2,Vitoria,Internacional,17:00,19.5,14,False,1,0.05135135135135135,0.9511568123393317,18
2026-05-23,2x2,Atl. Nacional,Deportes Tolima,20:00,19.5,15,False,1,0.05135135135135135,0.9511568123393317,18
2026-05-23,2x2,Bayern Munich,Stuttgart,15:00,19.5,16,False,1,0.05135135135135135,0.9511568123393317,18
2026-05-23,2x2,Chicago Fire,Toronto FC,21:30,19.5,17,False,1,0.05135135135135135,0.9511568123393317,18
2026-05-23,2x2,Lazio,Pisa,15:45,20.0,18,False,1,0.049999999999999996,0.9523809523809524,18
2026-05-24,2x2,Parma,Sassuolo,10:00,17.0,1,True,1,0.059375,0.943952802359882,19
2026-05-24,2x2,Koge,Hobro,11:00,17.5,2,True,1,0.05757575757575757,0.9455587392550143,19
2026-05-24,2x2,D. Concepcion,Huachipato,13:30,17.5,3,True,1,0.05757575757575757,0.9455587392550143,19
2026-05-24,2x2,U. Catolica,Colo Colo,19:00,17.5,4,False,1,0.05757575757575757,0.9455587392550143,19
2026-05-24,2x2,Remo,Athletico-PR,16:00,18.0,5,False,1,0.055882352941176466,0.947075208913649,19
2026-05-24,2x2,Cadiz CF,Leganes,13:30,18.0,6,False,1,0.055882352941176466,0.947075208913649,19
2026-05-24,2x2,Club Brugge KV,Gent,13:30,18.5,7,False,1,0.054285714285714284,0.948509485094851,19
2026-05-24,2x2,Ameliano,Sportivo Trinidense,17:00,18.5,8,False,1,0.054285714285714284,0.948509485094851,19
2026-05-24,2x2,Catanzaro,Monza,15:00,18.5,9,False,1,0.054285714285714284,0.948509485094851,19
2026-05-24,2x2,Nacional Asuncion,Libertad Asuncion,17:00,19.0,10,False,1,0.05277777777777778,0.949868073878628,19
2026-05-24,2x2,Vasco,Bragantino,20:30,19.0,11,False,1,0.05277777777777778,0.949868073878628,19
2026-05-24,2x2,Inter Miami,Philadelphia Union,20:00,19.5,12,False,1,0.05135135135135135,0.9511568123393317,19
2026-05-24,2x2,UNAM Pumas,Cruz Azul,22:00,19.5,13,False,1,0.05135135135135135,0.9511568123393317,19
2026-05-24,2x2,Cultural Leonesa,Burgos CF,13:30,20.0,14,False,1,0.049999999999999996,0.9523809523809524,19
2026-05-24,2x2,Qingdao Hainiu,Chongqing Tonglianglong,06:00,20.0,15,False,1,0.049999999999999996,0.9523809523809524,19
2026-05-24,2x2,Shimizu S-Pulse,Gamba Osaka,05:00,20.0,16,False,1,0.049999999999999996,0.9523809523809524,19
2026-05-24,2x2,Avai,Goias,19:00,20.0,17,False,1,0.049999999999999996,0.9523809523809524,19
2026-05-24,2x2,Mirandes,Granada CF,13:30,20.0,18,False,1,0.049999999999999996,0.9523809523809524,19
2026-05-24,2x2,Valladolid,Dep. La Coruna,13:30,20.0,19,False,1,0.049999999999999996,0.9523809523809524,19
2026-05-25,2x2,Goteborg,Mjallby,14:00,16.5,1,True,1,0.06129032258064516,0.9422492401215806,9
2026-05-25,2x2,FC Rapid Bucuresti,Univ. Craiova,14:30,16.5,2,True,1,0.06129032258064516,0.9422492401215806,9
2026-05-25,2x2,Paderborn,Wolfsburg,15:30,17.0,3,True,1,0.059375,0.943952802359882,9
2026-05-25,2x2,Ludogorets,CSKA Sofia,14:30,17.5,4,False,1,0.05757575757575757,0.9455587392550143,9
2026-05-25,2x2,FK Sarajevo,Zeljeznicar,15:30,18.0,5,False,1,0.055882352941176466,0.947075208913649,9
2026-05-25,2x2,Coritiba,Bahia,20:00,18.5,6,False,1,0.054285714285714284,0.948509485094851,9
2026-05-25,2x2,Comerciantes Unidos,Deportivo Garcilaso,17:30,19.0,7,False,1,0.05277777777777778,0.949868073878628,9
2026-05-25,2x2,SK Rapid,Ried,12:00,19.0,8,False,1,0.05277777777777778,0.949868073878628,9
2026-05-25,2x2,CSKA 1948 Sofia,Levski Sofia,14:30,20.0,9,False,1,0.049999999999999996,0.9523809523809524,9
2026-05-26,2x2,Stjarnan,Vikingur Reykjavik,16:15,19.5,1,True,1,0.05135135135135135,0.9511568123393317,2
2026-05-26,2x2,St Etienne,Nice,15:45,20.0,2,True,1,0.049999999999999996,0.9523809523809524,2
2026-05-27,2x2,Throttur,Grotta,16:15,17.5,1,True,1,0.05757575757575757,0.9455587392550143,1
2026-05-29,2x2,U. De Concepcion,Union La Calera,21:30,17.5,1,True,1,0.05757575757575757,0.9455587392550143,2
2026-05-29,2x2,Cobresal,Nublense,19:00,18.0,2,True,1,0.055882352941176466,0.947075208913649,2
2026-05-30,2x2,Granada CF,Gijon,16:00,16.5,1,True,1,0.06129032258064516,0.9422492401215806,7
2026-05-30,2x2,TPS,VPS,11:00,17.5,2,True,1,0.05757575757575757,0.9455587392550143,7
2026-05-30,2x2,KuPS,Inter Turku,11:00,18.0,3,True,1,0.055882352941176466,0.947075208913649,7
2026-05-30,2x2,Chongqing Tonglianglong,Beijing Guoan,09:00,18.5,4,False,1,0.054285714285714284,0.948509485094851,7
2026-05-30,2x2,Lahti,Ilves,11:00,18.5,5,False,1,0.054285714285714284,0.948509485094851,7
2026-05-30,2x2,La Serena,Colo Colo,16:00,19.0,6,False,1,0.05277777777777778,0.949868073878628,7
2026-05-30,2x2,Paysandu FC,Cerrito,16:00,20.0,7,False,1,0.049999999999999996,0.9523809523809524,7
2026-05-31,2x2,Vasteras SK,Goteborg,09:00,18.0,1,True,1,0.055882352941176466,0.947075208913649,6
2026-05-31,2x2,Maldonado,Nacional,18:30,18.5,2,True,1,0.054285714285714284,0.948509485094851,6
2026-05-31,2x2,Ostersund,Orebro,12:00,19.0,3,True,1,0.05277777777777778,0.949868073878628,6
2026-05-31,2x2,Vasco,Atletico-MG,16:00,19.5,4,False,1,0.05135135135135135,0.9511568123393317,6
2026-05-31,2x2,Huachipato,U. Catolica,16:00,19.5,5,False,1,0.05135135135135135,0.9511568123393317,6
2026-05-31,2x2,Palestino,A. Italiano,21:00,20.0,6,False,1,0.049999999999999996,0.9523809523809524,6
2026-06-01,2x2,Boston River,Liverpool M.,15:00,19.5,1,True,1,0.05135135135135135,0.9511568123393317,1
2026-06-07,2x2,Las Palmas,Malaga,16:00,19.0,1,True,1,0.05277777777777778,0.949868073878628,1
2026-06-10,2x2,Malaga,Las Palmas,16:00,18.0,1,True,1,0.055882352941176466,0.947075208913649,2
2026-06-10,2x2,Orebro,Sundsvall,14:00,18.5,2,True,1,0.054285714285714284,0.948509485094851,2
2026-06-13,2x2,Everton,Palestino,16:00,18.0,1,True,1,0.055882352941176466,0.947075208913649,3
2026-06-13,2x2,Nublense,Huachipato,21:00,20.0,2,True,0,-1.0,0.9523809523809524,3
2026-06-13,2x2,Haiti,Scotland,22:00,20.0,3,True,1,0.049999999999999996,0.9523809523809524,3
2026-06-14,2x2,Netherlands,Japan,17:00,18.5,1,True,0,-1.0,0.948509485094851,1
2026-06-16,2x2,Vikingur Reykjavik,KR Reykjavik,16:15,17.0,1,True,1,0.059375,0.943952802359882,1
2026-06-17,2x2,Paide,Harju JK Laagri,13:00,19.5,1,True,1,0.05135135135135135,0.9511568123393317,1
2026-06-18,2x2,Sport Recife,Atletico GO,21:00,19.5,1,True,1,0.05135135135135135,0.9511568123393317,3
2026-06-18,2x2,U. De Chile,O'Higgins,21:00,19.5,2,True,1,0.05135135135135135,0.9511568123393317,3
2026-06-18,2x2,Mexico,South Korea,22:00,20.0,3,True,1,0.049999999999999996,0.9523809523809524,3
2026-06-20,2x2,Almeria,Malaga,16:00,17.5,1,True,1,0.05757575757575757,0.9455587392550143,1
2026-06-21,2x2,Grotta,Fylkir,16:15,18.5,1,True,1,0.054285714285714284,0.948509485094851,2
2026-06-21,2x2,Helsingborg,Sundsvall,10:00,20.0,2,True,1,0.049999999999999996,0.9523809523809524,2
2026-06-23,2x2,Mariehamn,HJK,14:00,20.0,1,True,1,0.049999999999999996,0.9523809523809524,1
2026-06-24,2x2,Switzerland,Canada,16:00,17.5,1,True,1,0.05757575757575757,0.9455587392550143,1
2026-06-25,2x2,Breidablik,Vikingur Reykjavik,16:15,17.0,1,True,1,0.059375,0.943952802359882,2
2026-06-25,2x2,Japan,Sweden,20:00,17.0,2,True,1,0.059375,0.943952802359882,2
2026-06-26,2x2,Cape Verde,Saudi Arabia,21:00,20.0,1,True,1,0.049999999999999996,0.9523809523809524,1
2026-06-27,2x2,Gnistan,VPS,13:00,17.0,1,True,1,0.059375,0.943952802359882,3
2026-06-27,2x2,TPS,Jaro,13:00,17.5,2,True,1,0.05757575757575757,0.9455587392550143,3
2026-06-27,2x2,Sundsvall,Ostersund,12:00,19.0,3,True,1,0.05277777777777778,0.949868073878628,3
2026-06-29,2x2,Netherlands,Morocco,22:00,19.0,1,True,1,0.05277777777777778,0.949868073878628,1
2026-06-30,2x2,Botafogo SP,CRB,20:00,18.0,1,True,1,0.055882352941176466,0.947075208913649,1
2026-07-02,2x2,Birmingham,Detroit,21:00,18.0,1,True,1,0.055882352941176466,0.947075208913649,1
2026-07-03,2x2,Kongsvinger,Sogndal,13:00,17.0,1,True,1,0.059375,0.943952802359882,2
2026-07-03,2x2,Aegir,Fylkir,16:15,19.5,2,True,1,0.05135135135135135,0.9511568123393317,2
2026-07-04,2x2,Londrina,CRB,16:00,18.0,1,True,1,0.055882352941176466,0.947075208913649,3
2026-07-04,2x2,San Antonio,Monterey Bay,22:00,19.0,2,True,1,0.05277777777777778,0.949868073878628,3
2026-07-04,2x2,Tianjin Jinmen Tiger,Shenzhen Xinpengcheng,09:00,20.0,3,True,1,0.049999999999999996,0.9523809523809524,3
2026-07-05,2x2,Gimcheon Sangmu,Jeju SK,07:30,18.5,1,True,1,0.054285714285714284,0.948509485094851,4
2026-07-05,2x2,Gimpo FC,Asan,07:30,19.0,2,True,1,0.05277777777777778,0.949868073878628,4
2026-07-05,2x2,Gyeongnam,Cheonan City,07:30,19.5,3,True,1,0.05135135135135135,0.9511568123393317,4
2026-07-05,2x2,Tacuarembo,Cerrito,17:00,20.0,4,False,1,0.049999999999999996,0.9523809523809524,4
2026-07-07,2x2,Switzerland,Colombia,17:00,20.0,1,True,1,0.049999999999999996,0.9523809523809524,1
2026-07-08,2x2,Real Potosi,Academia del Balompie,21:00,19.0,1,True,1,0.05277777777777778,0.949868073878628,1
2026-07-10,2x2,Aegir,Kopavogur,16:15,16.0,1,True,1,0.06333333333333332,0.9404388714733543,2
2026-07-10,2x2,Maldonado,Albion,19:00,19.5,2,True,1,0.05135135135135135,0.9511568123393317,2
2026-07-11,2x2,Orgryte,Hacken,12:30,17.5,1,True,1,0.05757575757575757,0.9455587392550143,3
2026-07-11,2x2,Juventud,Montevideo City,10:00,19.0,2,True,1,0.05277777777777778,0.949868073878628,3
2026-07-11,2x2,Volsungur,Afturelding,11:00,19.0,3,True,1,0.05277777777777778,0.949868073878628,3
2026-07-12,2x2,KR Reykjavik,Vestmannaeyjar,15:00,17.5,1,True,1,0.05757575757575757,0.9455587392550143,8
2026-07-12,2x2,Asan,Gyeongnam,07:30,18.0,2,True,1,0.055882352941176466,0.947075208913649,8
2026-07-12,2x2,KFUM Oslo,Bodo/Glimt,09:30,18.5,3,True,1,0.054285714285714284,0.948509485094851,8
2026-07-12,2x2,Jeju SK,Daejeon,07:30,19.0,4,False,1,0.05277777777777778,0.949868073878628,8
2026-07-12,2x2,Busan,Gimpo FC,07:30,19.5,5,False,1,0.05135135135135135,0.9511568123393317,8
2026-07-12,2x2,Operario-PR,Novorizontino,11:00,20.0,6,False,1,0.049999999999999996,0.9523809523809524,8
2026-07-12,2x2,Brann,Start,12:00,20.0,7,False,1,0.049999999999999996,0.9523809523809524,8
2026-07-12,2x2,Dep. Cuenca,Aucas,16:15,20.0,8,False,1,0.049999999999999996,0.9523809523809524,8
2026-07-13,2x2,America MG,Londrina,19:00,20.0,1,True,1,0.049999999999999996,0.9523809523809524,1
2026-07-14,2x2,France,Spain,16:00,15.0,1,True,1,0.06785714285714285,0.9364548494983278,2
2026-07-14,2x2,Zhejiang Professional,Qingdao Hainiu,08:35,20.0,2,True,1,0.049999999999999996,0.9523809523809524,2
2026-07-15,2x2,U. Catolica,LDU Quito,19:00,17.0,1,True,1,0.059375,0.943952802359882,2
2026-07-15,2x2,Libertad,Tecnico U.,14:00,19.5,2,True,1,0.05135135135135135,0.9511568123393317,2
2026-07-16,2x2,Botafogo RJ,Santos,19:30,17.0,1,True,1,0.059375,0.943952802359882,5
2026-07-16,2x2,St. Louis City,Sporting Kansas City,21:30,17.0,2,True,1,0.059375,0.943952802359882,5
2026-07-16,2x2,Vitoria,Vasco,19:30,17.5,3,True,1,0.05757575757575757,0.9455587392550143,5
2026-07-16,2x2,Aucas,Ind. del Valle,18:30,20.0,4,False,1,0.049999999999999996,0.9523809523809524,5
2026-07-16,2x2,Orense,Emelec,21:00,20.0,5,False,1,0.049999999999999996,0.9523809523809524,5
2026-07-17,2x2,Club Tijuana,Tigres UANL,00:10,19.0,1,True,1,0.05277777777777778,0.949868073878628,5
2026-07-17,2x2,Albion,Juventud,15:00,19.0,2,True,1,0.05277777777777778,0.949868073878628,5
2026-07-17,2x2,Club Leon,Atlas,22:00,19.0,3,True,1,0.05277777777777778,0.949868073878628,5
2026-07-17,2x2,FC Voluntari,FC Botosani,12:30,19.5,4,False,0,-1.0,0.9511568123393317,5
2026-07-17,2x2,Fluminense,Bragantino,20:00,20.0,5,False,1,0.049999999999999996,0.9523809523809524,5
2026-07-18,2x2,Seongnam,Busan,07:30,17.5,1,True,1,0.05757575757575757,0.9455587392550143,7
2026-07-18,2x2,Otelul,CFR Cluj,12:30,18.5,2,True,1,0.054285714285714284,0.948509485094851,7
2026-07-18,2x2,Dep. Cuenca,U. Catolica,16:00,18.5,3,True,1,0.054285714285714284,0.948509485094851,7
2026-07-18,2x2,AD Tarma,U. de Deportes,15:15,18.5,4,False,1,0.054285714285714284,0.948509485094851,7
2026-07-18,2x2,Pittsburgh,Louisville City,13:00,19.0,5,False,1,0.05277777777777778,0.949868073878628,7
2026-07-18,2x2,Shanghai Shenhua,Tianjin Jinmen Tiger,08:35,19.0,6,False,1,0.05277777777777778,0.949868073878628,7
2026-07-18,2x2,Progreso,Maldonado,12:30,20.0,7,False,1,0.049999999999999996,0.9523809523809524,7
2026-07-19,2x2,U. Cluj,Farul Constanta,11:00,17.5,1,True,1,0.05757575757575757,0.9455587392550143,1
2026-07-20,2x2,Mushuc Runa,Orense,16:00,19.5,1,True,1,0.05135135135135135,0.9511568123393317,3
2026-07-20,2x2,Nacional Potosi,Real Oruro,20:00,19.5,2,True,1,0.05135135135135135,0.9511568123393317,3
2026-07-20,2x2,Mariehamn,Lahti,13:00,20.0,3,True,1,0.049999999999999996,0.9523809523809524,3
2026-07-21,2x2,Jeonbuk,Daejeon,07:30,16.5,1,True,1,0.06129032258064516,0.9422492401215806,2
2026-07-21,2x2,Atletico-MG,Bahia,19:30,18.0,2,True,1,0.055882352941176466,0.947075208913649,2
2026-07-22,2x2,Internacional,Cruzeiro,21:30,16.5,1,True,1,0.06129032258064516,0.9422492401215806,4
2026-07-22,2x2,Bucheon FC 1995,Anyang,07:30,17.0,2,True,1,0.059375,0.943952802359882,4
2026-07-22,2x2,Columbus Crew,New York City,20:30,17.0,3,True,1,0.059375,0.943952802359882,4
2026-07-22,2x2,Gwangju FC,Gimcheon Sangmu,07:30,19.0,4,False,1,0.05277777777777778,0.949868073878628,4
2026-07-24,2x2,Pogon Szczecin,Legia,15:30,17.5,1,True,1,0.05757575757575757,0.9455587392550143,3
2026-07-24,2x2,UTA Arad,Otelul,12:30,19.0,2,True,0,-1.0,0.949868073878628,3
2026-07-24,2x2,Seoul E-Land,Cheonan City,07:30,20.0,3,True,1,0.049999999999999996,0.9523809523809524,3
2026-07-25,2x2,Qingdao Hainiu,Tianjin Jinmen Tiger,06:30,16.5,1,True,1,0.06129032258064516,0.9422492401215806,17
2026-07-25,2x2,Gimcheon Sangmu,Daejeon,07:30,17.0,2,True,1,0.059375,0.943952802359882,17
2026-07-25,2x2,Wuhan Three Towns,Chongqing Tonglianglong,09:00,17.5,3,True,1,0.05757575757575757,0.9455587392550143,17
2026-07-25,2x2,Trencin,Komarno,13:00,17.5,4,False,1,0.05757575757575757,0.9455587392550143,17
2026-07-25,2x2,FC Tulsa,Lexington,21:30,17.5,5,False,1,0.05757575757575757,0.9455587392550143,17
2026-07-25,2x2,Oakland Roots,Sacramento Republic,23:00,17.5,6,False,1,0.05757575757575757,0.9455587392550143,17
2026-07-25,2x2,Mariehamn,AC Oulu,10:30,18.0,7,False,1,0.055882352941176466,0.947075208913649,17
2026-07-25,2x2,Jagiellonia,Korona Kielce,09:45,18.0,8,False,1,0.055882352941176466,0.947075208913649,17
2026-07-25,2x2,Mura,O. Ljubljana,13:00,18.5,9,False,1,0.054285714285714284,0.948509485094851,17
2026-07-25,2x2,Deportes Tolima,Junior,22:15,19.0,10,False,1,0.05277777777777778,0.949868073878628,17
2026-07-25,2x2,Zlin,Ostrava,12:00,19.0,11,False,1,0.05277777777777778,0.949868073878628,17
2026-07-25,2x2,Curico Unido,San Luis,16:00,19.0,12,False,1,0.05277777777777778,0.949868073878628,17
2026-07-25,2x2,Vasco,Mirassol,20:30,19.5,13,False,1,0.05135135135135135,0.9511568123393317,17
2026-07-25,2x2,Nesebar,Etar,12:30,19.5,14,False,1,0.05135135135135135,0.9511568123393317,17
2026-07-25,2x2,Pohang,Jeonbuk,07:30,20.0,15,False,1,0.049999999999999996,0.9523809523809524,17
2026-07-25,2x2,Hwaseong,Asan,07:30,20.0,16,False,1,0.049999999999999996,0.9523809523809524,17
2026-07-25,2x2,Lok. Sofia,Levski Sofia,15:15,20.0,17,False,1,0.049999999999999996,0.9523809523809524,17
2026-07-26,2x2,Hobro,Aarhus Fremad,09:00,17.5,1,True,1,0.05757575757575757,0.9455587392550143,15
2026-07-26,2x2,Sirius,Goteborg,09:00,17.5,2,False,1,0.05757575757575757,0.9455587392550143,15
2026-07-26,2x2,Jablonec,Sigma Olomouc,12:30,17.5,3,True,1,0.05757575757575757,0.9455587392550143,15
2026-07-26,2x2,Hradec Kralove,FK Pardubice,15:00,17.5,4,True,1,0.05757575757575757,0.9455587392550143,15
2026-07-26,2x2,Bahia,Corinthians,16:00,17.5,5,False,1,0.05757575757575757,0.9455587392550143,15
2026-07-26,2x2,Remo,Vitoria,19:30,18.0,6,False,1,0.055882352941176466,0.947075208913649,15
2026-07-26,2x2,Gremio,Fluminense,18:30,18.0,7,False,1,0.055882352941176466,0.947075208913649,15
2026-07-26,2x2,Barcelona SC,LDU Quito,21:15,18.0,8,False,1,0.055882352941176466,0.947075208913649,15
2026-07-26,2x2,Nublense,Palestino,16:00,18.5,9,False,1,0.054285714285714284,0.948509485094851,15
2026-07-26,2x2,Sepsi Sf. Gheorghe,U. Cluj,11:30,18.5,10,False,1,0.054285714285714284,0.948509485094851,15
2026-07-26,2x2,D. Concepcion,O'Higgins,21:30,19.0,11,False,1,0.05277777777777778,0.949868073878628,15
2026-07-26,2x2,FC Copenhagen,Lyngby,11:00,19.5,12,False,1,0.05135135135135135,0.9511568123393317,15
2026-07-26,2x2,Inter Bogotá,America De Cali,16:00,19.5,13,False,1,0.05135135135135135,0.9511568123393317,15
2026-07-26,2x2,Gwangju FC,Jeju SK,07:30,20.0,14,False,1,0.049999999999999996,0.9523809523809524,15
2026-07-26,2x2,Sandefjord,Bodo/Glimt,12:00,20.0,15,False,1,0.049999999999999996,0.9523809523809524,15
2026-07-27,2x2,FC Botosani,FC Rapid Bucuresti,15:30,18.5,1,True,1,0.054285714285714284,0.948509485094851,3
2026-07-27,2x2,CRB,Vila Nova FC,19:30,18.5,2,True,1,0.054285714285714284,0.948509485094851,3
2026-07-27,2x2,Union La Calera,Everton,20:00,18.5,3,True,1,0.054285714285714284,0.948509485094851,3
2026-07-28,2x2,Aegir,Njardvik,16:15,18.0,1,True,1,0.055882352941176466,0.947075208913649,1
2026-07-29,2x2,Internacional,Flamengo RJ,19:30,17.5,1,True,1,0.05757575757575757,0.9455587392550143,3
2026-07-29,2x2,Sp. Luqueno,Sportivo Trinidense,16:00,18.5,2,True,1,0.054285714285714284,0.948509485094851,3
2026-07-29,2x2,Nacional Asuncion,Olimpia Asuncion,18:30,19.0,3,True,1,0.05277777777777778,0.949868073878628,3
2026-07-30,2x2,Coritiba,Cruzeiro,21:30,19.5,1,True,1,0.05135135135135135,0.9511568123393317,1
2026-07-31,2x2,Slavia Sofia,Lok. Sofia,13:00,17.5,1,True,1,0.05757575757575757,0.9455587392550143,4
2026-07-31,2x2,U. De Concepcion,A. Italiano,21:00,18.0,2,True,1,0.055882352941176466,0.947075208913649,4
2026-07-31,2x2,Libertad,Orense,21:00,18.5,3,True,1,0.054285714285714284,0.948509485094851,4
2026-07-31,2x2,Floridsdorfer AC,St. Polten,15:30,19.5,4,False,1,0.05135135135135135,0.9511568123393317,4
2026-08-01,2x2,Jeonbuk,Seoul,07:30,16.0,1,True,1,0.06333333333333332,0.9404388714733543,14
2026-08-01,2x2,Nafta,Mura,13:00,17.0,2,True,1,0.059375,0.943952802359882,14
2026-08-01,2x2,Junior,Millonarios,22:15,17.0,3,True,1,0.059375,0.943952802359882,14
2026-08-01,2x2,DC United,Nashville SC,20:30,17.0,4,False,0,-1.0,0.943952802359882,14
2026-08-01,2x2,Kolding IF,Hvidovre IF,11:00,17.5,5,False,1,0.05757575757575757,0.9455587392550143,14
2026-08-01,2x2,Tranmere,Rochdale,11:00,17.5,6,False,0,-1.0,0.9455587392550143,14
2026-08-01,2x2,Atl. San Luis,Club Tijuana,00:00,18.0,7,False,1,0.055882352941176466,0.947075208913649,14
2026-08-01,2x2,Asan,Seongnam,07:30,18.0,8,False,1,0.055882352941176466,0.947075208913649,14
2026-08-01,2x2,Atlas,Monterrey,22:05,18.0,9,False,1,0.055882352941176466,0.947075208913649,14
2026-08-01,2x2,Start,Viking,13:00,18.0,10,False,1,0.055882352941176466,0.947075208913649,14
2026-08-01,2x2,Cobresal,Union La Calera,13:30,18.5,11,False,1,0.054285714285714284,0.948509485094851,14
2026-08-01,2x2,Pohang,Gimcheon Sangmu,07:30,19.5,12,False,1,0.05135135135135135,0.9511568123393317,14
2026-08-01,2x2,Trujillanos,Universidad Central,18:00,19.5,13,False,1,0.05135135135135135,0.9511568123393317,14
2026-08-01,2x2,Istra 1961,Lok. Zagreb,13:30,20.0,14,False,1,0.049999999999999996,0.9523809523809524,14
2026-08-02,2x2,Varazdin,Hajduk Split,13:30,16.5,1,True,1,0.06129032258064516,0.9422492401215806,13
2026-08-02,2x2,Shenzhen Xinpengcheng,Chongqing Tonglianglong,09:00,17.0,2,True,1,0.059375,0.943952802359882,13
2026-08-02,2x2,Silkeborg,FC Copenhagen,13:00,17.5,3,True,1,0.05757575757575757,0.9455587392550143,13
2026-08-02,2x2,Bohemians,Hradec Kralove,12:30,17.5,4,False,1,0.05757575757575757,0.9455587392550143,13
2026-08-02,2x2,FK Pardubice,Jablonec,15:00,17.5,5,False,1,0.05757575757575757,0.9455587392550143,13
2026-08-02,2x2,D. Concepcion,U. Catolica,13:30,17.5,6,False,1,0.05757575757575757,0.9455587392550143,13
2026-08-02,2x2,Komarno,Trnava,14:00,18.0,7,False,1,0.055882352941176466,0.947075208913649,13
2026-08-02,2x2,FC Rapid Bucuresti,CFR Cluj,15:30,18.0,8,False,1,0.055882352941176466,0.947075208913649,13
2026-08-02,2x2,VPS,Inter Turku,09:00,18.5,9,False,1,0.054285714285714284,0.948509485094851,13
2026-08-02,2x2,AD Tarma,Deportivo Garcilaso,15:15,18.5,10,False,1,0.054285714285714284,0.948509485094851,13
2026-08-02,2x2,Santa Fe,Once Caldas,22:00,18.5,11,False,0,-1.0,0.948509485094851,13
2026-08-02,2x2,Toluca,Necaxa,22:05,19.5,12,False,1,0.05135135135135135,0.9511568123393317,13
2026-08-02,2x2,Cienciano,U. de Deportes,20:30,20.0,13,False,1,0.049999999999999996,0.9523809523809524,13
2026-08-03,2x2,Spartak Varna,Lok. Plovdiv,15:15,18.0,1,True,1,0.055882352941176466,0.947075208913649,3
2026-08-03,2x2,Cracovia,Pogon Szczecin,14:00,18.5,2,True,1,0.054285714285714284,0.948509485094851,3
2026-08-03,2x2,Djurgarden,Vasteras SK,14:00,18.5,3,True,1,0.054285714285714284,0.948509485094851,3
2026-08-04,2x2,Remo,Santos,21:30,18.0,1,True,1,0.055882352941176466,0.947075208913649,3
2026-08-04,2x2,Politehnica Timisoara,Chindia Targoviste,12:00,20.0,2,True,1,0.049999999999999996,0.9523809523809524,3
2026-08-04,2x2,Deportes Tolima,Ind. Medellin,20:15,20.0,3,True,1,0.049999999999999996,0.9523809523809524,3
2026-08-05,2x2,Once Caldas,America De Cali,22:30,19.0,1,True,1,0.05277777777777778,0.949868073878628,2
2026-08-05,2x2,Gremio,Mirassol,19:30,20.0,2,True,1,0.049999999999999996,0.9523809523809524,2
2026-08-06,2x2,Rayo Zuliano,Anzoategui FC,16:30,17.5,1,True,1,0.05757575757575757,0.9455587392550143,5
2026-08-06,2x2,IR Reykjavik,Aegir,16:15,18.0,2,True,1,0.055882352941176466,0.947075208913649,5
2026-08-06,2x2,Leones Negros,Correcaminos,22:00,18.0,3,True,1,0.055882352941176466,0.947075208913649,5
2026-08-06,2x2,Dorados de Sinaloa,Zacatecas Mineros,22:00,18.5,4,False,0,-1.0,0.948509485094851,5
2026-08-06,2x2,Estudiantes Merida,Zamora,17:00,19.0,5,False,1,0.05277777777777778,0.949868073878628,5
2026-08-07,2x2,UTA Arad,FC Rapid Bucuresti,15:00,17.5,1,True,1,0.05757575757575757,0.9455587392550143,10
2026-08-07,2x2,Concarneau,Orleans,15:45,17.5,2,True,1,0.05757575757575757,0.9455587392550143,10
2026-08-07,2x2,LDU Quito,Ind. del Valle,21:00,18.0,3,True,1,0.055882352941176466,0.947075208913649,10
2026-08-07,2x2,Wycombe,Stevenage,15:45,18.5,4,False,1,0.054285714285714284,0.948509485094851,10
2026-08-07,2x2,Rubio Nu,Recoleta,18:30,18.5,5,False,1,0.054285714285714284,0.948509485094851,10
2026-08-07,2x2,Beijing Guoan,Shenzhen Xinpengcheng,08:35,18.5,6,False,1,0.054285714285714284,0.948509485094851,10
2026-08-07,2x2,Rouen,Cannes,15:45,19.0,7,False,1,0.05277777777777778,0.949868073878628,10
2026-08-07,2x2,Lausanne Ouchy,Rapperswil-Jona,14:30,19.5,8,False,1,0.05135135135135135,0.9511568123393317,10
2026-08-07,2x2,Fleury-Merogis,Amiens,15:45,19.5,9,False,1,0.05135135135135135,0.9511568123393317,10
2026-08-07,2x2,U. de Deportes,Sporting Cristal,22:30,19.5,10,False,1,0.05135135135135135,0.9511568123393317,10
2026-08-08,2x2,St. Liege,Cercle Brugge KSV,13:15,17.0,1,True,0,-1.0,0.943952802359882,27
2026-08-08,2x2,Botafogo RJ,Fluminense,21:00,17.0,2,True,1,0.059375,0.943952802359882,27
2026-08-08,2x2,Nijmegen,Telstar,11:30,17.5,3,True,1,0.05757575757575757,0.9455587392550143,27
2026-08-08,2x2,Valerenga,Bodo/Glimt,09:00,17.5,4,False,1,0.05757575757575757,0.9455587392550143,27
2026-08-08,2x2,Lok. Sofia,CSKA 1948 Sofia,13:00,17.5,5,False,1,0.05757575757575757,0.9455587392550143,27
2026-08-08,2x2,QPR,Millwall,10:00,17.5,6,False,1,0.05757575757575757,0.9455587392550143,27
2026-08-08,2x2,Pohang,Ulsan HD,07:30,18.0,7,False,1,0.055882352941176466,0.947075208913649,27
2026-08-08,2x2,Mjallby,Elfsborg,12:30,18.0,8,False,1,0.055882352941176466,0.947075208913649,27
2026-08-08,2x2,Jaro,VPS,13:00,18.0,9,False,1,0.055882352941176466,0.947075208913649,27
2026-08-08,2x2,Metz,Guingamp,15:45,18.0,10,False,1,0.055882352941176466,0.947075208913649,27
2026-08-08,2x2,Korona Kielce,Legia,15:15,18.0,11,False,1,0.055882352941176466,0.947075208913649,27
2026-08-08,2x2,Anyang,Daejeon,07:30,18.0,12,False,1,0.055882352941176466,0.947075208913649,27
2026-08-08,2x2,Remo,Atletico-MG,18:30,18.5,13,False,0,-1.0,0.948509485094851,27
2026-08-08,2x2,Vitoria Guimaraes,Arouca,14:00,18.5,14,False,1,0.054285714285714284,0.948509485094851,27
2026-08-08,2x2,Radomiak Radom,Gornik Zabrze,09:45,18.5,15,False,1,0.054285714285714284,0.948509485094851,27
2026-08-08,2x2,Tegevajaro Miyazaki,Yokohama FC,07:00,19.0,16,False,1,0.05277777777777778,0.949868073878628,27
2026-08-08,2x2,Dunkerque,Grenoble,15:45,19.0,17,False,1,0.05277777777777778,0.949868073878628,27
2026-08-08,2x2,Zlin,Bohemians,12:00,19.0,18,False,1,0.05277777777777778,0.949868073878628,27
2026-08-08,2x2,Penafiel,Portimonense,10:00,19.0,19,False,1,0.05277777777777778,0.949868073878628,27
2026-08-08,2x2,Viking,Sarpsborg 08,11:00,19.0,20,False,1,0.05277777777777778,0.949868073878628,27
2026-08-08,2x2,Vila Nova FC,Sport Recife,16:00,19.0,21,False,1,0.05277777777777778,0.949868073878628,27
2026-08-08,2x2,Atl. Morelia,Cancun,22:00,19.5,22,False,1,0.05135135135135135,0.9511568123393317,27
2026-08-08,2x2,Boulogne,Nancy,15:45,19.5,23,False,1,0.05135135135135135,0.9511568123393317,27
2026-08-08,2x2,Rodez,Laval,15:45,19.5,24,False,1,0.05135135135135135,0.9511568123393317,27
2026-08-08,2x2,Teplice,Plzen,12:00,20.0,25,False,1,0.049999999999999996,0.9523809523809524,27
2026-08-08,2x2,Gremio,Sao Paulo,16:00,20.0,26,False,1,0.049999999999999996,0.9523809523809524,27
2026-08-08,2x2,Ameliano,Cerro Porteno,16:00,20.0,27,False,1,0.049999999999999996,0.9523809523809524,27
2026-08-09,2x2,Jagiellonia,Widzew Lodz,15:15,17.0,1,True,1,0.059375,0.943952802359882,15
2026-08-09,2x2,Bahia,Vasco,16:00,17.0,2,True,1,0.059375,0.943952802359882,15
2026-08-09,2x2,Ried,SK Rapid,12:00,17.5,3,True,1,0.05757575757575757,0.9455587392550143,15
2026-08-09,2x2,Slaven Belupo,Varazdin,13:30,18.0,4,False,1,0.055882352941176466,0.947075208913649,15
2026-08-09,2x2,America De Cali,Atl. Nacional,22:15,18.0,5,False,1,0.055882352941176466,0.947075208913649,15
2026-08-09,2x2,Antwerp,Beveren,14:15,18.5,6,False,1,0.054285714285714284,0.948509485094851,15
2026-08-09,2x2,Asane,Kongsvinger,12:00,18.5,7,False,1,0.054285714285714284,0.948509485094851,15
2026-08-09,2x2,Jaguares de Cordoba,Once Caldas,20:10,18.5,8,False,1,0.054285714285714284,0.948509485094851,15
2026-08-09,2x2,Santos,Athletico-PR,18:30,18.5,9,False,1,0.054285714285714284,0.948509485094851,15
2026-08-09,2x2,Zwolle,Ajax,09:30,19.0,10,False,1,0.05277777777777778,0.949868073878628,15
2026-08-09,2x2,Inter Turku,Lahti,11:00,19.0,11,False,1,0.05277777777777778,0.949868073878628,15
2026-08-09,2x2,Defensor Sp.,Wanderers,15:00,19.5,12,False,1,0.05135135135135135,0.9511568123393317,15
2026-08-09,2x2,Petrolul,Otelul,12:30,20.0,13,False,1,0.049999999999999996,0.9523809523809524,15
2026-08-09,2x2,Stromsgodset,Egersund,12:00,20.0,14,False,1,0.049999999999999996,0.9523809523809524,15
2026-08-09,2x2,Vizela,Leiria,10:00,20.0,15,False,1,0.049999999999999996,0.9523809523809524,15
2026-08-10,2x2,Lusitania FC,FC Porto B,14:00,18.0,1,True,1,0.055882352941176466,0.947075208913649,5
2026-08-10,2x2,Libertad,U. Catolica,18:30,18.5,2,True,1,0.054285714285714284,0.948509485094851,5
2026-08-10,2x2,Rayo Zuliano,Estudiantes Merida,16:30,19.0,3,True,1,0.05277777777777778,0.949868073878628,5
2026-08-10,2x2,Sepsi Sf. Gheorghe,FCSB,15:30,19.5,4,False,1,0.05135135135135135,0.9511568123393317,5
2026-08-10,2x2,A. Italiano,Nublense,21:00,19.5,5,False,0,-1.0,0.9511568123393317,5
2026-08-11,2x2,Avai,CRB,19:30,19.5,1,True,1,0.05135135135135135,0.9511568123393317,1
2026-08-13,2x2,Grindavik,Throttur,15:00,18.0,1,True,1,0.055882352941176466,0.947075208913649,2
2026-08-13,2x2,San Luis,Deportes Temuco,19:00,18.0,2,True,1,0.055882352941176466,0.947075208913649,2
2026-08-14,2x2,Annecy,Rodez,15:45,16.5,1,True,1,0.06129032258064516,0.9422492401215806,14
2026-08-14,2x2,Landskrona,Oddevold,14:00,17.5,2,True,1,0.05757575757575757,0.9455587392550143,14
2026-08-14,2x2,U. De Concepcion,La Serena,20:00,17.5,3,True,1,0.05757575757575757,0.9455587392550143,14
2026-08-14,2x2,Nancy,Montpellier,15:45,18.0,4,False,1,0.055882352941176466,0.947075208913649,14
2026-08-14,2x2,Qingdao West Coast,Chongqing Tonglianglong,09:00,18.5,5,False,1,0.054285714285714284,0.948509485094851,14
2026-08-14,2x2,Laval,Nantes,15:45,19.0,6,False,1,0.05277777777777778,0.949868073878628,14
2026-08-14,2x2,Quevilly Rouen,Concarneau,14:00,19.5,7,False,1,0.05135135135135135,0.9511568123393317,14
2026-08-14,2x2,Shandong Taishan,Qingdao Hainiu,08:35,19.5,8,False,1,0.05135135135135135,0.9511568123393317,14
2026-08-14,2x2,Haverfordwest,Penybont,15:45,19.5,9,False,1,0.05135135135135135,0.9511568123393317,14
2026-08-14,2x2,FC Arges,Farul Constanta,15:30,19.5,10,False,1,0.05135135135135135,0.9511568123393317,14
2026-08-14,2x2,Grenoble,Metz,15:45,20.0,11,False,1,0.049999999999999996,0.9523809523809524,14
2026-08-14,2x2,Universitario de Vinto,Tomayapo,16:00,20.0,12,False,1,0.049999999999999996,0.9523809523809524,14
2026-08-14,2x2,Santarem,Oliveirense,16:30,20.0,13,False,1,0.049999999999999996,0.9523809523809524,14
2026-08-14,2x2,Boston River,Danubio,19:00,20.0,14,False,1,0.049999999999999996,0.9523809523809524,14
2026-08-15,2x2,Zaglebie,Slask Wroclaw,09:45,16.0,1,True,1,0.06333333333333332,0.9404388714733543,38
2026-08-15,2x2,Bristol City,Millwall,11:00,16.5,2,True,1,0.06129032258064516,0.9422492401215806,38
2026-08-15,2x2,Seoul,Daejeon,07:30,17.0,3,True,1,0.059375,0.943952802359882,38
2026-08-15,2x2,Crawley,Crewe,11:00,17.0,4,False,1,0.059375,0.943952802359882,38
2026-08-15,2x2,Kortrijk,Antwerp,13:15,17.0,5,False,1,0.059375,0.943952802359882,38
2026-08-15,2x2,Excelsior,PSV,15:00,17.0,6,False,1,0.059375,0.943952802359882,38
2026-08-15,2x2,Stoke,Swansea,11:00,17.5,7,False,1,0.05757575757575757,0.9455587392550143,38
2026-08-15,2x2,Oxford Utd,MK Dons,08:30,17.5,8,False,0,-1.0,0.9455587392550143,38
2026-08-15,2x2,Barnet,Salford,11:00,17.5,9,False,1,0.05757575757575757,0.9455587392550143,38
2026-08-15,2x2,Slovacko,Sigma Olomouc,12:00,17.5,10,False,1,0.05757575757575757,0.9455587392550143,38
2026-08-15,2x2,Sheffield Utd,Birmingham,13:30,17.5,11,False,1,0.05757575757575757,0.9455587392550143,38
2026-08-15,2x2,Leiria,Benfica B,10:00,18.0,12,False,1,0.055882352941176466,0.947075208913649,38
2026-08-15,2x2,Norwich,West Brom,11:00,18.0,13,False,1,0.055882352941176466,0.947075208913649,38
2026-08-15,2x2,Charlton,Derby,11:00,18.0,14,False,1,0.055882352941176466,0.947075208913649,38
2026-08-15,2x2,Barry,Cardiff Metropolitan,08:30,18.0,15,False,1,0.055882352941176466,0.947075208913649,38
2026-08-15,2x2,Bolton,Preston,08:30,18.0,16,False,1,0.055882352941176466,0.947075208913649,38
2026-08-15,2x2,Cadiz CF,Celta Vigo B,14:00,18.0,17,False,1,0.055882352941176466,0.947075208913649,38
2026-08-15,2x2,Sporting CP B,Chaves,11:30,18.0,18,False,1,0.055882352941176466,0.947075208913649,38
2026-08-15,2x2,Alverca,Estrela,11:30,18.0,19,False,0,-1.0,0.947075208913649,38
2026-08-15,2x2,Leuven,Club Brugge KV,15:45,18.0,20,False,1,0.055882352941176466,0.947075208913649,38
2026-08-15,2x2,Portsmouth,QPR,11:00,18.5,21,False,1,0.054285714285714284,0.948509485094851,38
2026-08-15,2x2,Oldham,Port Vale,08:30,18.5,22,False,1,0.054285714285714284,0.948509485094851,38
2026-08-15,2x2,Genk,Westerlo,15:45,18.5,23,False,1,0.054285714285714284,0.948509485094851,38
2026-08-15,2x2,Catanzaro,Sudtirol,13:00,18.5,24,False,0,-1.0,0.948509485094851,38
2026-08-15,2x2,Fluminense,Palmeiras,16:30,18.5,25,False,1,0.054285714285714284,0.948509485094851,38
2026-08-15,2x2,Colorado Rapids,Sporting Kansas City,22:40,19.0,26,False,1,0.05277777777777778,0.949868073878628,38
2026-08-15,2x2,Cheongju,Jeonnam,07:30,19.0,27,False,1,0.05277777777777778,0.949868073878628,38
2026-08-15,2x2,Kumamoto,Tochigi SC,07:00,19.0,28,False,1,0.05277777777777778,0.949868073878628,38
2026-08-15,2x2,Everton,A. Italiano,21:00,19.5,29,False,1,0.05135135135135135,0.9511568123393317,38
2026-08-15,2x2,York City,Bristol Rovers,11:00,19.5,30,False,1,0.05135135135135135,0.9511568123393317,38
2026-08-15,2x2,Cambridge Utd,Wigan,11:00,20.0,31,False,1,0.049999999999999996,0.9523809523809524,38
2026-08-15,2x2,Blackpool,Wycombe,11:00,20.0,32,False,1,0.049999999999999996,0.9523809523809524,38
2026-08-15,2x2,O. Ljubljana,Maribor,15:15,20.0,33,False,1,0.049999999999999996,0.9523809523809524,38
2026-08-15,2x2,Widzew Lodz,Korona Kielce,15:15,20.0,34,False,1,0.049999999999999996,0.9523809523809524,38
2026-08-15,2x2,Northampton,Swindon,11:00,20.0,35,False,1,0.049999999999999996,0.9523809523809524,38
2026-08-15,2x2,Csikszereda M. Ciuc,Sepsi Sf. Gheorghe,12:30,20.0,36,False,1,0.049999999999999996,0.9523809523809524,38
2026-08-15,2x2,Atlante,Toluca,20:00,20.0,37,False,1,0.049999999999999996,0.9523809523809524,38
2026-08-15,2x2,Estudiantes Merida,Anzoategui FC,17:00,20.0,38,False,1,0.049999999999999996,0.9523809523809524,38
2026-08-16,2x2,Nacional,Estoril,11:30,16.0,1,True,1,0.06333333333333332,0.9404388714733543,26
2026-08-16,2x2,Ulsan HD,Gangwon,07:30,17.0,2,True,1,0.059375,0.943952802359882,26
2026-08-16,2x2,Leixoes,Tondela,11:30,17.0,3,False,1,0.059375,0.943952802359882,26
2026-08-16,2x2,Lahti,KuPS,11:00,17.0,4,True,1,0.059375,0.943952802359882,26
2026-08-16,2x2,Ajax,Heerenveen,11:45,17.0,5,False,0,-1.0,0.943952802359882,26
2026-08-16,2x2,Vitoria,Botafogo RJ,18:30,17.5,6,False,1,0.05757575757575757,0.9455587392550143,26
2026-08-16,2x2,Chapecoense-SC,Bahia,11:00,18.0,7,False,1,0.055882352941176466,0.947075208913649,26
2026-08-16,2x2,Hartberg,Austria Vienna,12:00,18.0,8,False,1,0.055882352941176466,0.947075208913649,26
2026-08-16,2x2,CRB,Novorizontino,18:30,18.0,9,False,1,0.055882352941176466,0.947075208913649,26
2026-08-16,2x2,KV Mechelen,St. Liege,13:30,18.5,10,False,1,0.054285714285714284,0.948509485094851,26
2026-08-16,2x2,Cracovia,Rakow,12:30,18.5,11,False,1,0.054285714285714284,0.948509485094851,26
2026-08-16,2x2,Nordsjaelland,Silkeborg,09:00,18.5,12,False,1,0.054285714285714284,0.948509485094851,26
2026-08-16,2x2,Espanyol,Levante,14:00,18.5,13,False,1,0.054285714285714284,0.948509485094851,26
2026-08-16,2x2,Mirassol,Flamengo RJ,18:30,18.5,14,False,1,0.054285714285714284,0.948509485094851,26
2026-08-16,2x2,Varazdin,Rijeka,13:30,18.5,15,False,1,0.054285714285714284,0.948509485094851,26
2026-08-16,2x2,Vasco,Santos,16:00,19.0,16,False,1,0.05277777777777778,0.949868073878628,26
2026-08-16,2x2,Cienciano,Deportivo Garcilaso,20:30,19.0,17,False,1,0.05277777777777778,0.949868073878628,26
2026-08-16,2x2,Burgos CF,Cordoba,14:00,19.0,18,False,1,0.05277777777777778,0.949868073878628,26
2026-08-16,2x2,Sp. Luqueno,Libertad Asuncion,16:00,19.0,19,False,1,0.05277777777777778,0.949868073878628,26
2026-08-16,2x2,Komarno,Dun. Streda,14:00,19.0,20,False,1,0.05277777777777778,0.949868073878628,26
2026-08-16,2x2,Portimonense,Vizela,07:00,19.5,21,False,1,0.05135135135135135,0.9511568123393317,26
2026-08-16,2x2,Otelul,Univ. Craiova,12:30,19.5,22,False,1,0.05135135135135135,0.9511568123393317,26
2026-08-16,2x2,Amarante,Lusitania FC,10:00,20.0,23,False,1,0.049999999999999996,0.9523809523809524,26
2026-08-16,2x2,Yokohama FC,Iwata,06:00,20.0,24,False,1,0.049999999999999996,0.9523809523809524,26
2026-08-16,2x2,Atlas,Tigres UANL,00:10,20.0,25,False,1,0.049999999999999996,0.9523809523809524,26
2026-08-16,2x2,Las Palmas,Albacete,16:30,20.0,26,False,1,0.049999999999999996,0.9523809523809524,26
2026-08-17,2x2,Necaxa,Club Leon,22:00,17.0,1,True,1,0.059375,0.943952802359882,3
2026-08-17,2x2,Palermo,Lecce,16:15,18.0,2,True,1,0.055882352941176466,0.947075208913649,3
2026-08-17,2x2,Spartak Varna,Septemvri Sofia,13:00,19.5,3,True,1,0.05135135135135135,0.9511568123393317,3
2026-08-19,2x2,Shanghai Port,Dalian Yingbo,08:35,19.5,1,True,1,0.05135135135135135,0.9511568123393317,2
2026-08-19,2x2,Avai,Sport Recife,19:30,20.0,2,True,1,0.049999999999999996,0.9523809523809524,2
2026-08-20,2x2,Real Santander,Barranquilla,17:30,18.0,1,True,0,-1.0,0.947075208913649,2
2026-08-20,2x2,Vendsyssel,Hillerod,14:00,18.5,2,True,1,0.054285714285714284,0.948509485094851,2
2026-08-21,2x2,Potenza,Casarano,16:00,17.0,1,True,1,0.059375,0.943952802359882,11
2026-08-21,2x2,Chrobry Glogow,Warta Poznan,13:00,18.0,2,True,1,0.055882352941176466,0.947075208913649,11
2026-08-21,2x2,A. Italiano,Union La Calera,21:30,18.0,3,True,1,0.055882352941176466,0.947075208913649,11
2026-08-21,2x2,Oriente Petrolero,SA Bulo Bulo,21:30,18.5,4,False,1,0.054285714285714284,0.948509485094851,11
2026-08-21,2x2,Al Qadsiah,Al Ittihad,15:00,19.0,5,False,1,0.05277777777777778,0.949868073878628,11
2026-08-21,2x2,FC Cajamarca,Grau,14:00,19.0,6,False,1,0.05277777777777778,0.949868073878628,11
2026-08-21,2x2,Ried,Grazer AK,14:30,19.0,7,False,1,0.05277777777777778,0.949868073878628,11
2026-08-21,2x2,St. Liege,RAAL La Louviere,15:45,19.5,8,False,1,0.05135135135135135,0.9511568123393317,11
2026-08-21,2x2,Giugliano,Scafatese,16:00,19.5,9,False,1,0.05135135135135135,0.9511568123393317,11
2026-08-21,2x2,Anzoategui FC,Trujillanos,17:00,20.0,10,False,1,0.049999999999999996,0.9523809523809524,11
2026-08-21,2x2,Dep. Cuenca,Mushuc Runa,21:00,20.0,11,False,1,0.049999999999999996,0.9523809523809524,11
2026-08-22,2x2,Toulouse,Lyon,15:45,16.0,1,True,1,0.06333333333333332,0.9404388714733543,47
2026-08-22,2x2,Beijing Guoan,Yunnan Yukun,09:00,16.5,2,True,1,0.06129032258064516,0.9422492401215806,47
2026-08-22,2x2,Cruzeiro,Flamengo RJ,20:30,16.5,3,True,1,0.06129032258064516,0.9422492401215806,47
2026-08-22,2x2,Benevento,Modena,16:00,16.5,4,False,1,0.06129032258064516,0.9422492401215806,47
2026-08-22,2x2,Swansea,Sheffield Utd,11:00,17.0,5,False,1,0.059375,0.943952802359882,47
2026-08-22,2x2,Maccabi Petah Tikva,Kiryat Shmona,14:00,17.0,6,False,1,0.059375,0.943952802359882,47
2026-08-22,2x2,Millwall,Norwich,08:30,17.0,7,False,1,0.059375,0.943952802359882,47
2026-08-22,2x2,Leixoes,Leiria,07:00,17.0,8,False,1,0.059375,0.943952802359882,47
2026-08-22,2x2,Everton,Crystal Palace,11:00,17.0,9,False,1,0.059375,0.943952802359882,47
2026-08-22,2x2,Le Mans,Brest,15:45,17.0,10,False,0,-1.0,0.943952802359882,47
2026-08-22,2x2,Swindon,Cheltenham,11:00,17.0,11,False,1,0.059375,0.943952802359882,47
2026-08-22,2x2,Preston,Wolves,11:00,17.0,12,False,1,0.059375,0.943952802359882,47
2026-08-22,2x2,Heerenveen,Zwolle,16:00,17.0,13,False,1,0.059375,0.943952802359882,47
2026-08-22,2x2,Botafogo PB,Guarani,17:00,17.0,14,False,1,0.059375,0.943952802359882,47
2026-08-22,2x2,Carrarese,Mantova,14:00,17.5,15,False,1,0.05757575757575757,0.9455587392550143,47
2026-08-22,2x2,Slask Wroclaw,Widzew Lodz,15:15,17.5,16,False,1,0.05757575757575757,0.9455587392550143,47
2026-08-22,2x2,Lincoln,Portsmouth,08:30,17.5,17,False,1,0.05757575757575757,0.9455587392550143,47
2026-08-22,2x2,Jeju SK,Gimcheon Sangmu,07:30,17.5,18,False,1,0.05757575757575757,0.9455587392550143,47
2026-08-22,2x2,Alacranes de Durango,Leones Negros,22:00,18.0,19,False,1,0.055882352941176466,0.947075208913649,47
2026-08-22,2x2,Deportivo Garcilaso,Cusco,21:00,18.0,20,False,1,0.055882352941176466,0.947075208913649,47
2026-08-22,2x2,Nottingham,Leeds,11:00,18.0,21,False,1,0.055882352941176466,0.947075208913649,47
2026-08-22,2x2,Ipswich,Sunderland,11:00,18.0,22,False,1,0.055882352941176466,0.947075208913649,47
2026-08-22,2x2,Crewe,Northampton,11:00,18.0,23,False,1,0.055882352941176466,0.947075208913649,47
2026-08-22,2x2,Colchester,Oldham,11:00,18.0,24,False,1,0.055882352941176466,0.947075208913649,47
2026-08-22,2x2,Empoli,Cremonese,16:00,18.0,25,False,1,0.055882352941176466,0.947075208913649,47
2026-08-22,2x2,Eldense,Cadiz CF,16:30,18.5,26,False,0,-1.0,0.948509485094851,47
2026-08-22,2x2,Kyoto,Mito,07:00,18.5,27,False,1,0.054285714285714284,0.948509485094851,47
2026-08-22,2x2,Ironi Tiberias,Hapoel Petah Tikva,14:00,18.5,28,False,1,0.054285714285714284,0.948509485094851,47
2026-08-22,2x2,Bromley,Cambridge Utd,11:00,18.5,29,False,1,0.054285714285714284,0.948509485094851,47
2026-08-22,2x2,Exeter,Accrington,11:00,18.5,30,False,1,0.054285714285714284,0.948509485094851,47
2026-08-22,2x2,Inter Miami,Toronto FC,20:30,18.5,31,False,1,0.054285714285714284,0.948509485094851,47
2026-08-22,2x2,Ameliano,Recoleta,16:00,18.5,32,False,1,0.054285714285714284,0.948509485094851,47
2026-08-22,2x2,Lusitania FC,Torreense,14:00,19.0,33,False,0,-1.0,0.949868073878628,47
2026-08-22,2x2,Rilski Sportist,Montana,12:00,19.0,34,False,1,0.05277777777777778,0.949868073878628,47
2026-08-22,2x2,Zamora,Universidad Central,17:00,19.0,35,False,1,0.05277777777777778,0.949868073878628,47
2026-08-22,2x2,Nice,Lorient,15:45,19.0,36,False,1,0.05277777777777778,0.949868073878628,47
2026-08-22,2x2,Walsall,Grimsby,08:30,19.5,37,False,1,0.05135135135135135,0.9511568123393317,47
2026-08-22,2x2,Wigan,Leyton Orient,11:00,19.5,38,False,1,0.05135135135135135,0.9511568123393317,47
2026-08-22,2x2,Altach,Hartberg,12:00,19.5,39,False,1,0.05135135135135135,0.9511568123393317,47
2026-08-22,2x2,Avellino,Arezzo,16:00,19.5,40,False,1,0.05135135135135135,0.9511568123393317,47
2026-08-22,2x2,Internacional,Atletico-MG,18:30,19.5,41,False,1,0.05135135135135135,0.9511568123393317,47
2026-08-22,2x2,Kalamata,Aris,14:00,20.0,42,False,1,0.049999999999999996,0.9523809523809524,47
2026-08-22,2x2,Fleetwood,Gillingham,11:00,20.0,43,False,1,0.049999999999999996,0.9523809523809524,47
2026-08-22,2x2,Shrewsbury,Barnet,11:00,20.0,44,False,1,0.049999999999999996,0.9523809523809524,47
2026-08-22,2x2,Valencia,Celta Vigo,14:30,20.0,45,False,1,0.049999999999999996,0.9523809523809524,47
2026-08-22,2x2,Juan Pablo II,AD Tarma,17:30,20.0,46,False,1,0.049999999999999996,0.9523809523809524,47
2026-08-22,2x2,Aguilas,Millonarios,17:30,20.0,47,False,1,0.049999999999999996,0.9523809523809524,47
2026-08-23,2x2,Brighton,Aston Villa,10:00,17.0,1,True,1,0.059375,0.943952802359882,23
2026-08-23,2x2,Radomiak Radom,Zaglebie,09:45,17.0,2,True,1,0.059375,0.943952802359882,23
2026-08-23,2x2,West Brom,Burnley,08:00,17.5,3,True,1,0.05757575757575757,0.9455587392550143,23
2026-08-23,2x2,Tenerife,Almeria,16:30,17.5,4,False,1,0.05757575757575757,0.9455587392550143,23
2026-08-23,2x2,Cesena,Sampdoria,16:00,18.0,5,False,1,0.055882352941176466,0.947075208913649,23
2026-08-23,2x2,Parnu JK Vaprus,Flora,13:00,18.0,6,False,1,0.055882352941176466,0.947075208913649,23
2026-08-23,2x2,Grosseto,Spezia,16:00,18.0,7,False,1,0.055882352941176466,0.947075208913649,23
2026-08-23,2x2,Vitoria,Bahia,16:00,18.5,8,False,1,0.054285714285714284,0.948509485094851,23
2026-08-23,2x2,Sport Boys,Cienciano,15:00,18.5,9,False,1,0.054285714285714284,0.948509485094851,23
2026-08-23,2x2,Junior,Once Caldas,22:15,18.5,10,False,1,0.054285714285714284,0.948509485094851,23
2026-08-23,2x2,Chongqing Tonglianglong,Dalian Yingbo,09:00,18.5,11,False,1,0.054285714285714284,0.948509485094851,23
2026-08-23,2x2,Monagas,Portuguesa,10:30,19.0,12,False,1,0.05277777777777778,0.949868073878628,23
2026-08-23,2x2,Santos,Mirassol,18:30,19.0,13,False,1,0.05277777777777778,0.949868073878628,23
2026-08-23,2x2,Manchester City,Bournemouth,10:00,19.0,14,False,1,0.05277777777777778,0.949868073878628,23
2026-08-23,2x2,Sagamihara,Kanazawa,06:00,19.0,15,False,1,0.05277777777777778,0.949868073878628,23
2026-08-23,2x2,Daejeon,Gangwon,07:30,19.5,16,False,1,0.05135135135135135,0.9511568123393317,23
2026-08-23,2x2,Venezia,Lecce,13:30,19.5,17,False,1,0.05135135135135135,0.9511568123393317,23
2026-08-23,2x2,Montevideo City,Wanderers,15:00,19.5,18,False,1,0.05135135135135135,0.9511568123393317,23
2026-08-23,2x2,Atalanta,Sassuolo,15:45,20.0,19,False,1,0.049999999999999996,0.9523809523809524,23
2026-08-23,2x2,Penafiel,Sporting CP B,10:00,20.0,20,False,1,0.049999999999999996,0.9523809523809524,23
2026-08-23,2x2,Vikingur Reykjavik,Valur,16:15,20.0,21,False,1,0.049999999999999996,0.9523809523809524,23
2026-08-23,2x2,Olimpia Asuncion,Cerro Porteno,16:00,20.0,22,False,1,0.049999999999999996,0.9523809523809524,23
2026-08-23,2x2,Operario-PR,Vila Nova FC,18:00,20.0,23,False,1,0.049999999999999996,0.9523809523809524,23
2026-08-24,2x2,Botafogo RJ,Athletico-PR,20:00,15.5,1,True,1,0.06551724137931034,0.9385113268608415,10
2026-08-24,2x2,Reggiana,Ravenna,16:00,18.5,2,True,1,0.054285714285714284,0.948509485094851,10
2026-08-24,2x2,Crotone,Foggia,16:00,18.5,3,True,1,0.054285714285714284,0.948509485094851,10
2026-08-24,2x2,Bologna,Lazio,13:30,19.5,4,False,1,0.05135135135135135,0.9511568123393317,10
2026-08-24,2x2,AS Roma,Fiorentina,15:45,19.5,5,False,1,0.05135135135135135,0.9511568123393317,10
2026-08-24,2x2,Brondby,Silkeborg,14:00,19.5,6,False,1,0.05135135135135135,0.9511568123393317,10
2026-08-24,2x2,Jong Utrecht,Heracles,15:00,19.5,7,False,1,0.05135135135135135,0.9511568123393317,10
2026-08-24,2x2,Neom SC,Al Qadsiah,13:40,19.5,8,False,1,0.05135135135135135,0.9511568123393317,10
2026-08-24,2x2,Verl,Hamburger SV,13:00,20.0,9,False,1,0.049999999999999996,0.9523809523809524,10
2026-08-24,2x2,Granada CF,Mallorca,16:30,20.0,10,False,1,0.049999999999999996,0.9523809523809524,10
2026-08-25,2x2,Cambridge Utd,Millwall,15:45,17.5,1,True,1,0.05757575757575757,0.9455587392550143,6
2026-08-25,2x2,Walsall,Leyton Orient,15:45,17.5,2,True,1,0.05757575757575757,0.9455587392550143,6
2026-08-25,2x2,Valencia,Betis,16:00,18.0,3,True,1,0.055882352941176466,0.947075208913649,6
2026-08-25,2x2,Gimcheon Sangmu,Jeonbuk,07:30,18.5,4,False,1,0.054285714285714284,0.948509485094851,6
2026-08-25,2x2,Stoke,Hull,15:45,18.5,5,False,1,0.054285714285714284,0.948509485094851,6
2026-08-25,2x2,Stevenage,Reading,15:45,19.5,6,False,1,0.05135135135135135,0.9511568123393317,6
2026-08-26,2x2,Stabaek,Ranheim,14:00,18.5,1,True,1,0.054285714285714284,0.948509485094851,2
2026-08-26,2x2,Coquimbo,U. Catolica,19:00,19.0,2,True,1,0.05277777777777778,0.949868073878628,2
2026-08-28,2x2,Cremonese,Modena,15:30,17.0,1,True,1,0.059375,0.943952802359882,12
2026-08-28,2x2,Wisla Plock,Korona Kielce,13:00,17.5,2,True,1,0.05757575757575757,0.9455587392550143,12
2026-08-28,2x2,Laval,Grenoble,15:00,18.5,3,True,1,0.054285714285714284,0.948509485094851,12
2026-08-28,2x2,Fylkir,Grotta,16:15,18.5,4,False,1,0.054285714285714284,0.948509485094851,12
2026-08-28,2x2,Leiria,Tondela,14:00,19.0,5,False,1,0.05277777777777778,0.949868073878628,12
2026-08-28,2x2,FC Voluntari,Otelul,12:00,19.0,6,False,0,-1.0,0.949868073878628,12
2026-08-28,2x2,Clermont,Sochaux,15:00,19.5,7,False,1,0.05135135135135135,0.9511568123393317,12
2026-08-28,2x2,Ol. Nicosia,Nea Salamis,14:00,19.5,8,False,1,0.05135135135135135,0.9511568123393317,12
2026-08-28,2x2,Wrexham,Birmingham,16:00,19.5,9,False,1,0.05135135135135135,0.9511568123393317,12
2026-08-28,2x2,Odra Opole,LKS Lodz,15:45,19.5,10,False,1,0.05135135135135135,0.9511568123393317,12
2026-08-28,2x2,Barrow,Yeovil,15:45,20.0,11,False,1,0.049999999999999996,0.9523809523809524,12
2026-08-28,2x2,Scafatese,Picerno,16:00,20.0,12,False,1,0.049999999999999996,0.9523809523809524,12
2026-08-29,2x2,Cambridge Utd,Huddersfield,11:00,16.5,1,True,1,0.06129032258064516,0.9422492401215806,43
2026-08-29,2x2,Sassuolo,Torino,13:30,17.0,2,True,1,0.059375,0.943952802359882,43
2026-08-29,2x2,Brest,Toulouse,15:45,17.0,3,True,0,-1.0,0.943952802359882,43
2026-08-29,2x2,Bucheon FC 1995,Anyang,07:30,17.5,4,False,1,0.05757575757575757,0.9455587392550143,43
2026-08-29,2x2,Arouca,Maritimo,11:30,17.5,5,False,1,0.05757575757575757,0.9455587392550143,43
2026-08-29,2x2,Guingamp,Nantes,15:00,17.5,6,False,1,0.05757575757575757,0.9455587392550143,43
2026-08-29,2x2,Newport,Tranmere,11:00,17.5,7,False,0,-1.0,0.9455587392550143,43
2026-08-29,2x2,Metalul Buzau,Chindia Targoviste,05:00,17.5,8,False,1,0.05757575757575757,0.9455587392550143,43
2026-08-29,2x2,Atlas,Queretaro,20:00,17.5,9,False,1,0.05757575757575757,0.9455587392550143,43
2026-08-29,2x2,Inter Miami,CF Montreal,20:30,17.5,10,False,1,0.05757575757575757,0.9455587392550143,43
2026-08-29,2x2,Radomiak Radom,Cracovia,07:15,17.5,11,False,1,0.05757575757575757,0.9455587392550143,43
2026-08-29,2x2,Charlton,Preston,11:00,18.0,12,False,1,0.055882352941176466,0.947075208913649,43
2026-08-29,2x2,Red Star,Reims,09:00,18.0,13,False,1,0.055882352941176466,0.947075208913649,43
2026-08-29,2x2,RAAL La Louviere,KV Mechelen,11:00,18.0,14,False,0,-1.0,0.947075208913649,43
2026-08-29,2x2,Port Vale,Crewe,08:30,18.0,15,False,1,0.055882352941176466,0.947075208913649,43
2026-08-29,2x2,Zaglebie,Pogon Szczecin,15:15,18.0,16,False,1,0.055882352941176466,0.947075208913649,43
2026-08-29,2x2,Hwaseong,Cheongju,07:30,18.0,17,False,1,0.055882352941176466,0.947075208913649,43
2026-08-29,2x2,Nanjing City,Guangxi Hengchen,08:30,18.5,18,False,1,0.054285714285714284,0.948509485094851,43
2026-08-29,2x2,Walsall,Accrington,11:00,18.5,19,False,1,0.054285714285714284,0.948509485094851,43
2026-08-29,2x2,Derby,Swansea,08:30,18.5,20,False,1,0.054285714285714284,0.948509485094851,43
2026-08-29,2x2,Padova,Verona,16:00,18.5,21,False,1,0.054285714285714284,0.948509485094851,43
2026-08-29,2x2,Sakhnin,Maccabi Petah Tikva,14:00,18.5,22,False,1,0.054285714285714284,0.948509485094851,43
2026-08-29,2x2,Gimpo FC,Suwon Bluewings,07:30,18.5,23,False,1,0.054285714285714284,0.948509485094851,43
2026-08-29,2x2,Portimonense,Leixoes,07:00,19.0,24,False,1,0.05277777777777778,0.949868073878628,43
2026-08-29,2x2,Hapoel Petah Tikva,Hapoel Jerusalem,14:00,19.0,25,False,1,0.05277777777777778,0.949868073878628,43
2026-08-29,2x2,Auxerre,Angers,15:45,19.0,26,False,1,0.05277777777777778,0.949868073878628,43
2026-08-29,2x2,Sao Paulo,Bragantino,20:00,19.0,27,False,1,0.05277777777777778,0.949868073878628,43
2026-08-29,2x2,Ascoli,Carrarese,16:00,19.0,28,False,1,0.05277777777777778,0.949868073878628,43
2026-08-29,2x2,Gillingham,Northampton,11:00,19.0,29,False,1,0.05277777777777778,0.949868073878628,43
2026-08-29,2x2,Radomlje,O. Ljubljana,12:30,19.0,30,False,1,0.05277777777777778,0.949868073878628,43
2026-08-29,2x2,Entella,Cesena,14:00,19.5,31,False,1,0.05135135135135135,0.9511568123393317,43
2026-08-29,2x2,Liverpool,Nottingham,08:30,19.5,32,False,0,-1.0,0.9511568123393317,43
2026-08-29,2x2,Shrewsbury,Salford,11:00,19.5,33,False,1,0.05135135135135135,0.9511568123393317,43
2026-08-29,2x2,Colchester,Rochdale,11:00,19.5,34,False,1,0.05135135135135135,0.9511568123393317,43
2026-08-29,2x2,Alianza,Atl. Nacional,22:30,19.5,35,False,1,0.05135135135135135,0.9511568123393317,43
2026-08-29,2x2,Monza,Udinese,13:30,20.0,36,False,1,0.049999999999999996,0.9523809523809524,43
2026-08-29,2x2,Seongnam,Seoul E-Land,07:30,20.0,37,False,1,0.049999999999999996,0.9523809523809524,43
2026-08-29,2x2,AZ Alkmaar,G.A. Eagles,13:45,20.0,38,False,1,0.049999999999999996,0.9523809523809524,43
2026-08-29,2x2,Alverca,Santa Clara,11:30,20.0,39,False,1,0.049999999999999996,0.9523809523809524,43
2026-08-29,2x2,Stevenage,Doncaster,11:00,20.0,40,False,0,-1.0,0.9523809523809524,43
2026-08-29,2x2,Sevilla,Atl. Madrid,16:30,20.0,41,False,1,0.049999999999999996,0.9523809523809524,43
2026-08-29,2x2,Cajamarca,U. de Deportes,17:30,20.0,42,False,1,0.049999999999999996,0.9523809523809524,43
2026-08-29,2x2,Vasco,Cruzeiro,21:20,20.0,43,False,1,0.049999999999999996,0.9523809523809524,43
2026-08-30,2x2,Utrecht,PSV,07:15,15.5,1,True,1,0.06551724137931034,0.9385113268608415,34
2026-08-30,2x2,Hodd,Stabaek,12:00,16.0,2,True,1,0.06333333333333332,0.9404388714733543,34
2026-08-30,2x2,Telstar,Ajax,11:45,17.0,3,True,1,0.059375,0.943952802359882,34
2026-08-30,2x2,Sogndal,Stromsgodset,12:00,17.0,4,False,1,0.059375,0.943952802359882,34
2026-08-30,2x2,Sport Boys,Sporting Cristal,17:30,17.0,5,False,1,0.059375,0.943952802359882,34
2026-08-30,2x2,Mantova,Empoli,14:00,17.5,6,False,1,0.05757575757575757,0.9455587392550143,34
2026-08-30,2x2,Sunderland,Fulham,10:00,17.5,7,False,1,0.05757575757575757,0.9455587392550143,34
2026-08-30,2x2,Kanazawa,Ehime,07:00,17.5,8,False,1,0.05757575757575757,0.9455587392550143,34
2026-08-30,2x2,Fram,KA Akureyri,14:00,18.0,9,False,0,-1.0,0.947075208913649,34
2026-08-30,2x2,Paris FC,Nice,10:00,18.0,10,False,1,0.055882352941176466,0.947075208913649,34
2026-08-30,2x2,Ch. Odesa,Kryvbas,07:00,18.0,11,False,1,0.055882352941176466,0.947075208913649,34
2026-08-30,2x2,Nacional,Estrela,11:30,18.0,12,False,1,0.055882352941176466,0.947075208913649,34
2026-08-30,2x2,Mirassol,Palmeiras,18:30,18.0,13,False,1,0.055882352941176466,0.947075208913649,34
2026-08-30,2x2,AFC Wimbledon,Wigan,10:00,18.5,14,False,1,0.054285714285714284,0.948509485094851,34
2026-08-30,2x2,Napoli,Como,13:30,18.5,15,False,1,0.054285714285714284,0.948509485094851,34
2026-08-30,2x2,FC Porto B,Penafiel,14:00,18.5,16,False,1,0.054285714285714284,0.948509485094851,34
2026-08-30,2x2,Jeju SK,Daejeon,07:30,19.0,17,False,1,0.05277777777777778,0.949868073878628,34
2026-08-30,2x2,Bodo/Glimt,Rosenborg,09:30,19.0,18,False,1,0.05277777777777778,0.949868073878628,34
2026-08-30,2x2,Cadiz CF,Valladolid,14:00,19.0,19,False,1,0.05277777777777778,0.949868073878628,34
2026-08-30,2x2,Egersund,Asane,12:00,19.0,20,False,0,-1.0,0.949868073878628,34
2026-08-30,2x2,Celta Vigo,Ath Bilbao,16:30,19.0,21,False,1,0.05277777777777778,0.949868073878628,34
2026-08-30,2x2,Teplice,Jablonec,12:00,19.0,22,False,1,0.05277777777777778,0.949868073878628,34
2026-08-30,2x2,Bahia,Internacional,19:30,19.0,23,False,1,0.05277777777777778,0.949868073878628,34
2026-08-30,2x2,Cerro Porteno,Libertad Asuncion,16:00,19.5,24,False,1,0.05135135135135135,0.9511568123393317,34
2026-08-30,2x2,Benevento,Sudtirol,16:00,19.5,25,False,1,0.05135135135135135,0.9511568123393317,34
2026-08-30,2x2,Penarol,Nacional,15:30,19.5,26,False,1,0.05135135135135135,0.9511568123393317,34
2026-08-30,2x2,Chrobry Glogow,Ruch Chorzow,12:15,19.5,27,False,1,0.05135135135135135,0.9511568123393317,34
2026-08-30,2x2,Arezzo,Palermo,14:00,19.5,28,False,1,0.05135135135135135,0.9511568123393317,34
2026-08-30,2x2,Athletico-PR,Fluminense,11:00,20.0,29,False,1,0.049999999999999996,0.9523809523809524,34
2026-08-30,2x2,Aris,OFI Crete,13:30,20.0,30,False,1,0.049999999999999996,0.9523809523809524,34
2026-08-30,2x2,AIK,Hammarby,09:00,20.0,31,False,1,0.049999999999999996,0.9523809523809524,34
2026-08-30,2x2,Silkeborg,Midtjylland,09:00,20.0,32,False,1,0.049999999999999996,0.9523809523809524,34
2026-08-30,2x2,Sporting CP B,SC Farense,14:00,20.0,33,False,1,0.049999999999999996,0.9523809523809524,34
2026-08-30,2x2,Felgueiras,Chaves,14:00,20.0,34,False,1,0.049999999999999996,0.9523809523809524,34
2026-08-31,2x2,Woking,Southend,11:00,16.5,1,True,1,0.06129032258064516,0.9422492401215806,4
2026-08-31,2x2,Dunav Ruse,Lok. Sofia,13:00,17.0,2,True,0,-1.0,0.943952802359882,4
2026-08-31,2x2,FC Rapid Bucuresti,Univ. Craiova,14:30,18.5,3,True,1,0.054285714285714284,0.948509485094851,4
2026-08-31,2x2,Dijon,St Etienne,15:45,20.0,4,False,1,0.049999999999999996,0.9523809523809524,4
2026-09-01,2x2,Bromley,Leyton Orient,15:45,16.5,1,True,1,0.06129032258064516,0.9422492401215806,11
2026-09-01,2x2,Peterborough,Stevenage,15:45,17.0,2,True,1,0.059375,0.943952802359882,11
2026-09-01,2x2,Fleetwood,Oldham,15:45,17.5,3,False,1,0.05757575757575757,0.9455587392550143,11
2026-09-01,2x2,Stoke,Norwich,16:00,17.5,4,True,1,0.05757575757575757,0.9455587392550143,11
2026-09-01,2x2,Rochdale,Shrewsbury,15:45,18.0,5,False,1,0.055882352941176466,0.947075208913649,11
2026-09-01,2x2,Portsmouth,Derby,15:45,18.5,6,False,1,0.054285714285714284,0.948509485094851,11
2026-09-01,2x2,Wolfsberger AC,LASK,14:30,19.0,7,False,1,0.05277777777777778,0.949868073878628,11
2026-09-01,2x2,Bradford City,Cambridge Utd,15:45,19.0,8,False,1,0.05277777777777778,0.949868073878628,11
2026-09-01,2x2,Swansea,Watford,15:45,19.0,9,False,1,0.05277777777777778,0.949868073878628,11
2026-09-01,2x2,Swindon,Port Vale,15:45,19.5,10,False,1,0.05135135135135135,0.9511568123393317,11
2026-09-01,2x2,Tranmere,Rotherham,15:45,19.5,11,False,0,-1.0,0.9511568123393317,11
2026-09-02,2x2,Millwall,Wrexham,15:45,17.0,1,True,1,0.059375,0.943952802359882,6
2026-09-02,2x2,Bohemians,Jablonec,15:00,18.0,2,True,1,0.055882352941176466,0.947075208913649,6
2026-09-02,2x2,Ameliano,Sportivo Trinidense,16:00,18.0,3,True,1,0.055882352941176466,0.947075208913649,6
2026-09-02,2x2,Udinese,Venezia,13:00,18.5,4,False,1,0.054285714285714284,0.948509485094851,6
2026-09-02,2x2,Burton,AFC Wimbledon,15:45,20.0,5,False,1,0.049999999999999996,0.9523809523809524,6
2026-09-02,2x2,Santa Fe,Millonarios,22:25,20.0,6,False,1,0.049999999999999996,0.9523809523809524,6
2026-09-03,2x2,Toulouse,Lille,15:45,17.5,1,True,1,0.05757575757575757,0.9455587392550143,4
2026-09-03,2x2,Estudiantes Merida,Universidad Central,19:00,17.5,2,True,1,0.05757575757575757,0.9455587392550143,4
2026-09-03,2x2,Anzoategui FC,Monagas,17:00,18.0,3,True,1,0.055882352941176466,0.947075208913649,4
2026-09-03,2x2,Recoleta,Cerro Porteno,18:30,19.5,4,False,1,0.05135135135135135,0.9511568123393317,4
2026-09-04,2x2,Heracles,De Graafschap,15:00,16.5,1,True,1,0.06129032258064516,0.9422492401215806,11
2026-09-04,2x2,Ipswich,Liverpool,16:00,16.5,2,True,1,0.06129032258064516,0.9422492401215806,11
2026-09-04,2x2,Stuttgart,FC Koln,15:30,17.5,3,True,1,0.05757575757575757,0.9455587392550143,11
2026-09-04,2x2,Las Palmas,Leganes,15:30,18.0,4,False,1,0.055882352941176466,0.947075208913649,11
2026-09-04,2x2,Betis,Real Madrid,16:00,18.0,5,False,1,0.055882352941176466,0.947075208913649,11
2026-09-04,2x2,Almere City,Jong Ajax,15:00,18.5,6,False,1,0.054285714285714284,0.948509485094851,11
2026-09-04,2x2,CFR Cluj,Farul Constanta,14:30,18.5,7,False,1,0.054285714285714284,0.948509485094851,11
2026-09-04,2x2,Laval,Red Star,15:00,18.5,8,False,1,0.054285714285714284,0.948509485094851,11
2026-09-04,2x2,Dunkerque,Clermont,15:00,19.5,9,False,1,0.05135135135135135,0.9511568123393317,11
2026-09-04,2x2,Norrkoping,Ljungskile,14:00,20.0,10,False,0,-1.0,0.9523809523809524,11
2026-09-04,2x2,Arda,Botev Plovdiv,15:15,20.0,11,False,1,0.049999999999999996,0.9523809523809524,11
2026-09-05,2x2,Juarez,Pachuca,00:00,17.0,1,True,1,0.059375,0.943952802359882,7
2026-09-05,2x2,Kuressaare,Narva,08:30,17.5,2,True,1,0.05757575757575757,0.9455587392550143,7
2026-09-05,2x2,Degerfors,Halmstad,10:00,18.5,3,True,1,0.054285714285714284,0.948509485094851,7
2026-09-05,2x2,Jeonbuk,Pohang,07:00,19.0,4,False,1,0.05277777777777778,0.949868073878628,7
2026-09-05,2x2,Kryvbas,Kolos Kovalivka,07:00,20.0,5,False,0,-1.0,0.9523809523809524,7
2026-09-05,2x2,Cheonan City,Hwaseong,07:00,20.0,6,False,1,0.049999999999999996,0.9523809523809524,7
2026-09-05,2x2,Stabaek,Moss,15:00,20.0,7,False,1,0.049999999999999996,0.9523809523809524,7
2024-03-16,0x3,Frosinone,Lazio,16:45,28.0,1,True,1,0.03518518518518518,0.9660107334525939,2
2024-03-16,0x3,Getafe,Girona,14:30,32.0,2,True,1,0.03064516129032258,0.9702660406885759,2
2024-03-17,0x3,Chaves,Vitoria Guimaraes,12:30,24.0,1,True,1,0.041304347826086954,0.9603340292275574,7
2024-03-17,0x3,A. Klagenfurt,Sturm Graz,10:30,26.0,2,True,1,0.038,0.9633911368015414,7
2024-03-17,0x3,Coquimbo,Colo Colo,12:00,26.0,3,True,1,0.038,0.9633911368015414,7
2024-03-17,0x3,Guadalajara Chivas,Club America,00:05,28.0,4,False,1,0.03518518518518518,0.9660107334525939,7
2024-03-17,0x3,Envigado,Millonarios,16:00,29.0,5,False,1,0.033928571428571426,0.9671848013816926,7
2024-03-17,0x3,Atlas,Monterrey,20:00,30.0,6,False,1,0.03275862068965517,0.9682804674457429,7
2024-03-17,0x3,EL Nacional,Emelec,20:00,34.0,7,False,1,0.028787878787878786,0.9720176730486008,7
2024-03-20,0x3,FC Halifax,Chesterfield,16:45,26.0,1,True,1,0.038,0.9633911368015414,1
2024-03-22,0x3,Epinal,Dijon,15:30,32.0,1,True,1,0.03064516129032258,0.9702660406885759,1
2024-03-23,0x3,Cove Rangers,Hamilton,12:00,23.0,1,True,1,0.04318181818181818,0.9586056644880174,3
2024-03-23,0x3,Grimsby,Wrexham,12:00,24.0,2,True,1,0.041304347826086954,0.9603340292275574,3
2024-03-23,0x3,Morecambe,Gillingham,12:00,34.0,3,True,1,0.028787878787878786,0.9720176730486008,3
2024-03-24,0x3,Kagoshima Utd,Yokohama FC,02:00,32.0,1,True,1,0.03064516129032258,0.9702660406885759,1
2024-03-28,0x3,Fermana,Rimini,16:45,32.0,1,True,1,0.03064516129032258,0.9702660406885759,1
2024-03-29,0x3,Puebla,Tigres UANL,22:00,24.0,1,True,1,0.041304347826086954,0.9603340292275574,6
2024-03-29,0x3,Wycombe,Portsmouth,12:00,29.0,2,True,1,0.033928571428571426,0.9671848013816926,6
2024-03-29,0x3,Drogheda,St. Patricks,16:45,30.0,3,True,1,0.03275862068965517,0.9682804674457429,6
2024-03-29,0x3,Huracan,River Plate,20:30,32.0,4,False,1,0.03064516129032258,0.9702660406885759,6
2024-03-29,0x3,Millwall,West Brom,10:00,34.0,5,False,1,0.028787878787878786,0.9720176730486008,6
2024-03-29,0x3,Huddersfield,Coventry,12:00,34.0,6,False,1,0.028787878787878786,0.9720176730486008,6
2024-03-30,0x3,Arbroath,Dunfermline,12:00,21.0,1,True,1,0.0475,0.9546539379474941,2
2024-03-30,0x3,Freiburg II,Munich 1860,12:30,32.0,2,True,1,0.03064516129032258,0.9702660406885759,2
2024-03-31,0x3,Clermont,Toulouse,10:00,32.0,1,True,0,-1.0,0.9702660406885759,1
2024-04-01,0x3,Rotherham,Millwall,11:00,22.0,1,True,1,0.04523809523809524,0.9567198177676538,7
2024-04-01,0x3,Lecce,AS Roma,13:00,22.0,2,True,1,0.04523809523809524,0.9567198177676538,7
2024-04-01,0x3,Morecambe,Barrow,11:00,26.0,3,True,1,0.038,0.9633911368015414,7
2024-04-01,0x3,Goteborg,Djurgarden,09:00,30.0,4,False,1,0.03275862068965517,0.9682804674457429,7
2024-04-01,0x3,Gornik Zabrze,Legia,15:00,30.0,5,False,1,0.03275862068965517,0.9682804674457429,7
2024-04-01,0x3,Gefle,Helsingborg,08:00,32.0,6,False,1,0.03064516129032258,0.9702660406885759,7
2024-04-01,0x3,AC Ajaccio,Auxerre,15:45,34.0,7,False,1,0.028787878787878786,0.9720176730486008,7
2024-04-02,0x3,Etar,Arda,11:00,25.0,1,True,1,0.03958333333333333,0.9619238476953909,4
2024-04-02,0x3,Doncaster,Wrexham,15:45,30.0,2,True,1,0.03275862068965517,0.9682804674457429,4
2024-04-02,0x3,Novi Pazar,TSC,11:30,32.0,3,True,1,0.03064516129032258,0.9702660406885759,4
2024-04-02,0x3,Cliftonville,Larne,15:45,32.0,4,False,1,0.03064516129032258,0.9702660406885759,4
2024-04-03,0x3,Konyaspor,Trabzonspor,14:30,34.0,1,True,1,0.028787878787878786,0.9720176730486008,1
2024-04-05,0x3,Radomiak Radom,Rakow,15:30,23.0,1,True,1,0.04318181818181818,0.9586056644880174,6
2024-04-05,0x3,Drogheda,Shelbourne,15:45,25.0,2,True,1,0.03958333333333333,0.9619238476953909,6
2024-04-05,0x3,Rotherham,Plymouth,16:00,25.0,3,True,1,0.03958333333333333,0.9619238476953909,6
2024-04-05,0x3,St. Patricks,Shamrock Rovers,15:45,29.0,4,False,1,0.033928571428571426,0.9671848013816926,6
2024-04-05,0x3,Horsens,Hillerod,14:00,30.0,5,False,1,0.03275862068965517,0.9682804674457429,6
2024-04-05,0x3,Lyngby,Odense,14:00,32.0,6,False,1,0.03064516129032258,0.9702660406885759,6
2024-04-06,0x3,Sudtirol,Parma,09:00,23.0,1,True,1,0.04318181818181818,0.9586056644880174,9
2024-04-06,0x3,Gnistan,Inter Turku,09:00,26.0,2,True,1,0.038,0.9633911368015414,9
2024-04-06,0x3,Colchester,Wrexham,11:00,27.0,3,True,1,0.036538461538461534,0.9647495361781077,9
2024-04-06,0x3,Exeter,Stevenage,11:00,30.0,4,False,1,0.03275862068965517,0.9682804674457429,9
2024-04-06,0x3,Empoli,Torino,15:45,32.0,5,False,1,0.03064516129032258,0.9702660406885759,9
2024-04-06,0x3,Cardiff,Hull,11:00,34.0,6,False,1,0.028787878787878786,0.9720176730486008,9
2024-04-06,0x3,Livingston,Aberdeen,11:00,34.0,7,False,1,0.028787878787878786,0.9720176730486008,9
2024-04-06,0x3,Brommapojkarna,AIK,10:00,34.0,8,False,1,0.028787878787878786,0.9720176730486008,9
2024-04-06,0x3,Kosice,Banska Bystrica,13:00,34.0,9,False,1,0.028787878787878786,0.9720176730486008,9
2024-04-07,0x3,Frosinone,Bologna,07:30,21.0,1,True,1,0.0475,0.9546539379474941,6
2024-04-07,0x3,Monza,Napoli,10:00,21.0,2,True,1,0.0475,0.9546539379474941,6
2024-04-07,0x3,Aris,Panathinaikos,13:30,23.0,3,True,1,0.04318181818181818,0.9586056644880174,6
2024-04-07,0x3,Maccabi Bnei Raina,H. Beer Sheva,14:15,29.0,4,False,1,0.033928571428571426,0.9671848013816926,6
2024-04-07,0x3,Ehime,Okayama,03:00,32.0,5,False,1,0.03064516129032258,0.9702660406885759,6
2024-04-07,0x3,Nantes,Lyon,15:45,32.0,6,False,1,0.03064516129032258,0.9702660406885759,6
2024-04-09,0x3,Plymouth,QPR,15:45,34.0,1,True,1,0.028787878787878786,0.9720176730486008,1
2024-04-10,0x3,Wycombe,Derby,15:45,23.0,1,True,1,0.04318181818181818,0.9586056644880174,1
2024-04-11,0x3,Plzen,Fiorentina,13:45,23.0,1,True,1,0.04318181818181818,0.9586056644880174,1
2024-04-12,0x3,Drogheda,Derry City,15:45,21.0,1,True,1,0.0475,0.9546539379474941,3
2024-04-12,0x3,Hobro,Aalborg,13:30,24.0,2,True,1,0.041304347826086954,0.9603340292275574,3
2024-04-12,0x3,Dundalk,St. Patricks,15:45,32.0,3,True,1,0.03064516129032258,0.9702660406885759,3
2024-04-13,0x3,Puszcza,Lech Poznan,12:30,22.0,1,True,1,0.04523809523809524,0.9567198177676538,13
2024-04-13,0x3,Quevilly Rouen,Auxerre,14:00,26.0,2,True,1,0.038,0.9633911368015414,13
2024-04-13,0x3,St Johnstone,Kilmarnock,11:00,27.0,3,True,1,0.036538461538461534,0.9647495361781077,13
2024-04-13,0x3,Grasshoppers,Lugano,13:00,28.0,4,False,1,0.03518518518518518,0.9660107334525939,13
2024-04-13,0x3,AFC Fylde,Southend,11:00,32.0,5,False,1,0.03064516129032258,0.9702660406885759,13
2024-04-13,0x3,Torino,Juventus,13:00,32.0,6,False,1,0.03064516129032258,0.9702660406885759,13
2024-04-13,0x3,Alessandria,Pro Patria,13:30,32.0,7,False,1,0.03064516129032258,0.9702660406885759,13
2024-04-13,0x3,Birmingham,Coventry,11:00,32.0,8,False,1,0.03064516129032258,0.9702660406885759,13
2024-04-13,0x3,Longford,Bray,15:30,32.0,9,False,0,-1.0,0.9702660406885759,13
2024-04-13,0x3,Cambridge Utd,Charlton,11:00,34.0,10,False,1,0.028787878787878786,0.9720176730486008,13
2024-04-13,0x3,Preston,Norwich,11:00,34.0,11,False,1,0.028787878787878786,0.9720176730486008,13
2024-04-13,0x3,Dunkerque,Guingamp,14:00,34.0,12,False,1,0.028787878787878786,0.9720176730486008,13
2024-04-13,0x3,FC Dallas,Seattle Sounders,21:30,34.0,13,False,1,0.028787878787878786,0.9720176730486008,13
2024-04-14,0x3,Atletico GO,Flamengo RJ,16:00,19.5,1,True,1,0.05135135135135135,0.9511568123393317,10
2024-04-14,0x3,Vitoria,Palmeiras,18:30,20.0,2,True,1,0.049999999999999996,0.9523809523809524,10
2024-04-14,0x3,Aarhus,Brondby,11:00,27.0,3,True,1,0.036538461538461534,0.9647495361781077,10
2024-04-14,0x3,Qingdao Hainiu,Zhejiang Professional,08:35,30.0,4,False,1,0.03275862068965517,0.9682804674457429,10
2024-04-14,0x3,Etar,Krumovgrad,11:00,32.0,5,False,1,0.03064516129032258,0.9702660406885759,10
2024-04-14,0x3,Basel,Servette,09:15,32.0,6,False,1,0.03064516129032258,0.9702660406885759,10
2024-04-14,0x3,LKS Lodz,Radomiak Radom,07:30,32.0,7,False,1,0.03064516129032258,0.9702660406885759,10
2024-04-14,0x3,Kumamoto,Kofu,02:00,34.0,8,False,1,0.028787878787878786,0.9720176730486008,10
2024-04-14,0x3,Rampla Juniors,Racing Montevideo,10:00,34.0,9,False,1,0.028787878787878786,0.9720176730486008,10
2024-04-14,0x3,Dep. Pasto,Millonarios,20:20,34.0,10,False,1,0.028787878787878786,0.9720176730486008,10
2024-04-15,0x3,Metalist 1925,Dnipro-1,12:00,22.0,1,True,1,0.04523809523809524,0.9567198177676538,4
2024-04-15,0x3,Instituto,River Plate,20:00,24.0,2,True,1,0.041304347826086954,0.9603340292275574,4
2024-04-15,0x3,Aluminij,Radomlje,12:30,28.0,3,True,1,0.03518518518518518,0.9660107334525939,4
2024-04-15,0x3,Zamalek,Al Ahly,14:00,28.0,4,False,1,0.03518518518518518,0.9660107334525939,4
2024-04-16,0x3,Belgrano,Racing Club,19:30,24.0,1,True,1,0.041304347826086954,0.9603340292275574,2
2024-04-16,0x3,Ballymena,Glenavon,15:45,34.0,2,True,1,0.028787878787878786,0.9720176730486008,2
2024-04-19,0x3,Den Bosch,NAC Breda,15:00,28.0,1,True,1,0.03518518518518518,0.9660107334525939,4
2024-04-19,0x3,Bregenz,Floridsdorfer AC,15:30,29.0,2,True,1,0.033928571428571426,0.9671848013816926,4
2024-04-19,0x3,Farul Constanta,CFR Cluj,14:30,32.0,3,True,1,0.03064516129032258,0.9702660406885759,4
2024-04-19,0x3,Avranches,Chateauroux,14:30,34.0,4,False,1,0.028787878787878786,0.9720176730486008,4
2024-04-20,0x3,Amorebieta,Valladolid,09:00,29.0,1,True,0,-1.0,0.9671848013816926,5
2024-04-20,0x3,Z. Moravce-Vrable,Banska Bystrica,13:00,30.0,2,True,1,0.03275862068965517,0.9682804674457429,5
2024-04-20,0x3,Crewe,Wrexham,08:30,32.0,3,True,0,-1.0,0.9702660406885759,5
2024-04-20,0x3,Skovde AIK,Trelleborg,08:00,32.0,4,False,1,0.03064516129032258,0.9702660406885759,5
2024-04-20,0x3,Concarneau,Quevilly Rouen,14:00,34.0,5,False,1,0.028787878787878786,0.9720176730486008,5
2024-04-21,0x3,Monza,Atalanta,15:45,21.0,1,True,1,0.0475,0.9546539379474941,7
2024-04-21,0x3,Alaves,Atl. Madrid,13:30,22.0,2,True,1,0.04523809523809524,0.9567198177676538,7
2024-04-21,0x3,Lok. Sofia,Botev Plovdiv,11:45,24.0,3,True,1,0.041304347826086954,0.9603340292275574,7
2024-04-21,0x3,Getafe,Real Sociedad,09:00,30.0,4,False,1,0.03275862068965517,0.9682804674457429,7
2024-04-21,0x3,Sandefjord,Lillestrom,12:00,32.0,5,False,1,0.03064516129032258,0.9702660406885759,7
2024-04-21,0x3,Halmstad,Brommapojkarna,11:30,32.0,6,False,1,0.03064516129032258,0.9702660406885759,7
2024-04-21,0x3,Haugesund,Rosenborg,12:00,34.0,7,False,1,0.028787878787878786,0.9720176730486008,7
2024-04-22,0x3,AC Milan,Inter,15:45,26.0,1,True,1,0.038,0.9633911368015414,3
2024-04-22,0x3,Shelbourne,Shamrock Rovers,15:45,28.0,2,True,1,0.03518518518518518,0.9660107334525939,3
2024-04-22,0x3,El Daklyeh,Modern Sport,14:00,30.0,3,True,1,0.03275862068965517,0.9682804674457429,3
2024-04-23,0x3,Grenoble,St Etienne,15:45,25.0,1,True,1,0.03958333333333333,0.9619238476953909,3
2024-04-23,0x3,Valenciennes,AC Ajaccio,15:45,25.0,2,True,1,0.03958333333333333,0.9619238476953909,3
2024-04-23,0x3,Tirol,Austria Vienna,13:30,32.0,3,True,1,0.03064516129032258,0.9702660406885759,3
2024-04-24,0x3,Hartberg,LASK,13:30,34.0,1,True,1,0.028787878787878786,0.9720176730486008,1
2024-04-25,0x3,Halmstad,Hammarby,14:00,23.0,1,True,1,0.04318181818181818,0.9586056644880174,2
2024-04-25,0x3,Djurgarden,Malmo FF,14:00,29.0,2,True,1,0.033928571428571426,0.9671848013816926,2
2024-04-26,0x3,Waterford,Derry City,15:45,21.0,1,True,1,0.0475,0.9546539379474941,4
2024-04-26,0x3,Avai,Santos,20:00,26.0,2,True,1,0.038,0.9633911368015414,4
2024-04-26,0x3,Kolding IF,Sonderjyske,14:00,30.0,3,True,0,-1.0,0.9682804674457429,4
2024-04-26,0x3,Eupen,Charleroi,15:45,32.0,4,False,1,0.03064516129032258,0.9702660406885759,4
2024-04-27,0x3,Lahti,KuPS,11:00,21.0,1,True,1,0.0475,0.9546539379474941,9
2024-04-27,0x3,Cardiff,Middlesbrough,11:00,25.0,2,True,1,0.03958333333333333,0.9619238476953909,9
2024-04-27,0x3,St Johnstone,Hibernian,11:00,26.0,3,True,1,0.038,0.9633911368015414,9
2024-04-27,0x3,Valenciennes,Grenoble,14:00,29.0,4,False,1,0.033928571428571426,0.9671848013816926,9
2024-04-27,0x3,Al Raed,Al Ettifaq,12:00,30.0,5,False,1,0.03275862068965517,0.9682804674457429,9
2024-04-27,0x3,Ehime,Kofu,02:55,34.0,6,False,1,0.028787878787878786,0.9720176730486008,9
2024-04-27,0x3,Sampdoria,Como,11:15,34.0,7,False,1,0.028787878787878786,0.9720176730486008,9
2024-04-27,0x3,Concarneau,Rodez,14:00,34.0,8,False,1,0.028787878787878786,0.9720176730486008,9
2024-04-27,0x3,Cuiaba,Atletico-MG,18:30,34.0,9,False,0,-1.0,0.9720176730486008,9
2024-04-28,0x3,Mariehamn,Ilves,12:30,22.0,1,True,1,0.04523809523809524,0.9567198177676538,8
2024-04-28,0x3,Atlas,Guadalajara Chivas,00:10,24.0,2,True,1,0.041304347826086954,0.9603340292275574,8
2024-04-28,0x3,Clermont,Reims,10:00,26.0,3,True,1,0.038,0.9633911368015414,8
2024-04-28,0x3,Jaguares de Cordoba,Santa Fe,19:00,28.0,4,False,1,0.03518518518518518,0.9660107334525939,8
2024-04-28,0x3,Waalwijk,Utrecht,09:30,32.0,5,False,1,0.03064516129032258,0.9702660406885759,8
2024-04-28,0x3,Necaxa,Monterrey,21:00,32.0,6,False,1,0.03064516129032258,0.9702660406885759,8
2024-04-28,0x3,Juventude,Athletico-PR,18:30,34.0,7,False,1,0.028787878787878786,0.9720176730486008,8
2024-04-28,0x3,Dun. Streda,Slovan Bratislava,12:30,34.0,8,False,1,0.028787878787878786,0.9720176730486008,8
2024-04-29,0x3,Dunkerque,Auxerre,15:45,22.0,1,True,1,0.04523809523809524,0.9567198177676538,2
2024-04-29,0x3,Trelleborg,Degerfors,14:00,25.0,2,True,1,0.03958333333333333,0.9619238476953909,2
2024-04-30,0x3,Skovde AIK,Oddevold,14:00,27.0,1,True,1,0.036538461538461534,0.9647495361781077,1
2024-05-01,0x3,Lecco,Sampdoria,13:00,21.0,1,True,1,0.0475,0.9546539379474941,2
2024-05-01,0x3,Bari,Parma,13:00,34.0,2,True,1,0.028787878787878786,0.9720176730486008,2
2024-05-03,0x3,Ruch Chorzow,Lech Poznan,15:30,23.0,1,True,1,0.04318181818181818,0.9586056644880174,5
2024-05-03,0x3,Getafe,Ath Bilbao,16:00,25.0,2,True,1,0.03958333333333333,0.9619238476953909,5
2024-05-03,0x3,Liverpool M.,Penarol,15:00,28.0,3,True,1,0.03518518518518518,0.9660107334525939,5
2024-05-03,0x3,Barnsley,Bolton,15:30,32.0,4,False,1,0.03064516129032258,0.9702660406885759,5
2024-05-03,0x3,Lubeck,Duisburg,14:00,34.0,5,False,1,0.028787878787878786,0.9720176730486008,5
2024-05-04,0x3,Monza,Lazio,13:00,20.0,1,True,1,0.049999999999999996,0.9523809523809524,13
2024-05-04,0x3,Cobresal,Colo Colo,16:00,24.0,2,True,1,0.041304347826086954,0.9603340292275574,13
2024-05-04,0x3,Metz,Rennes,14:00,25.0,3,True,1,0.03958333333333333,0.9619238476953909,13
2024-05-04,0x3,Zaglebie,Rakow,12:30,26.0,4,False,1,0.038,0.9633911368015414,13
2024-05-04,0x3,Elgin City,Clyde,11:00,28.0,5,False,0,-1.0,0.9660107334525939,13
2024-05-04,0x3,Rotherham,Cardiff,08:30,29.0,6,False,1,0.033928571428571426,0.9671848013816926,13
2024-05-04,0x3,Fluminense,Atletico-MG,16:00,29.0,7,False,1,0.033928571428571426,0.9671848013816926,13
2024-05-04,0x3,Ross County,Hibernian,11:00,29.0,8,False,1,0.033928571428571426,0.9671848013816926,13
2024-05-04,0x3,Delfin,Barcelona SC,20:00,29.0,9,False,1,0.033928571428571426,0.9671848013816926,13
2024-05-04,0x3,Mallorca,Atl. Madrid,16:00,30.0,10,False,1,0.03275862068965517,0.9682804674457429,13
2024-05-04,0x3,Wanderers,Progreso,15:00,32.0,11,False,1,0.03064516129032258,0.9702660406885759,13
2024-05-04,0x3,Aluminij,Bravo,10:00,32.0,12,False,1,0.03064516129032258,0.9702660406885759,13
2024-05-04,0x3,Hapoel Haifa,H. Beer Sheva,12:00,34.0,13,False,1,0.028787878787878786,0.9720176730486008,13
2024-05-05,0x3,Smouha,Zamalek,13:00,24.0,1,True,1,0.041304347826086954,0.9603340292275574,8
2024-05-05,0x3,A. Klagenfurt,LASK,09:30,26.0,2,True,1,0.038,0.9633911368015414,8
2024-05-05,0x3,Mariehamn,Inter Turku,12:30,26.0,3,True,1,0.038,0.9633911368015414,8
2024-05-05,0x3,Lyngby,Randers FC,09:00,30.0,4,False,1,0.03275862068965517,0.9682804674457429,8
2024-05-05,0x3,Modena,Como,10:00,32.0,5,False,1,0.03064516129032258,0.9702660406885759,8
2024-05-05,0x3,Osasuna,Betis,09:00,32.0,6,False,1,0.03064516129032258,0.9702660406885759,8
2024-05-05,0x3,Verona,Fiorentina,10:00,34.0,7,False,1,0.028787878787878786,0.9720176730486008,8
2024-05-05,0x3,Vitoria,Sao Paulo,16:00,34.0,8,False,1,0.028787878787878786,0.9720176730486008,8
2024-05-06,0x3,GAIS,Goteborg,14:10,34.0,1,True,1,0.028787878787878786,0.9720176730486008,1
2024-05-10,0x3,Catanzaro,Sampdoria,15:30,26.0,1,True,1,0.038,0.9633911368015414,5
2024-05-10,0x3,Lecco,Modena,15:30,26.0,2,True,1,0.038,0.9633911368015414,5
2024-05-10,0x3,Dunkerque,Caen,15:45,27.0,3,True,1,0.036538461538461534,0.9647495361781077,5
2024-05-10,0x3,Valenciennes,Quevilly Rouen,15:45,30.0,4,False,1,0.03275862068965517,0.9682804674457429,5
2024-05-10,0x3,Sudtirol,Palermo,15:30,32.0,5,False,1,0.03064516129032258,0.9702660406885759,5
2024-05-11,0x3,Wuhan Three Towns,Shandong Taishan,08:35,22.0,1,True,1,0.04523809523809524,0.9567198177676538,4
2024-05-11,0x3,Al Masry,Pyramids,13:00,22.0,2,True,1,0.04523809523809524,0.9567198177676538,4
2024-05-11,0x3,Vizela,Estrela,11:30,28.0,3,True,1,0.03518518518518518,0.9660107334525939,4
2024-05-11,0x3,Inter Turku,HJK,13:00,29.0,4,False,1,0.033928571428571426,0.9671848013816926,4
2024-05-12,0x3,Nantes,Lille,16:00,23.0,1,True,1,0.04318181818181818,0.9586056644880174,8
2024-05-12,0x3,Kumamoto,Yokohama FC,01:00,27.0,2,True,1,0.036538461538461534,0.9647495361781077,8
2024-05-12,0x3,Norwich,Leeds,08:00,29.0,3,True,1,0.033928571428571426,0.9671848013816926,8
2024-05-12,0x3,Sivasspor,Basaksehir,13:00,30.0,4,False,1,0.03275862068965517,0.9682804674457429,8
2024-05-12,0x3,Belgrano,Racing Club,17:45,30.0,5,False,1,0.03275862068965517,0.9682804674457429,8
2024-05-12,0x3,Brondby,FC Copenhagen,11:00,32.0,6,False,1,0.03064516129032258,0.9702660406885759,8
2024-05-12,0x3,Varnamo,Brommapojkarna,11:30,32.0,7,False,1,0.03064516129032258,0.9702660406885759,8
2024-05-12,0x3,Progreso,Defensor Sp.,15:00,34.0,8,False,1,0.028787878787878786,0.9720176730486008,8
2024-05-15,0x3,Ituano,Sport Recife,19:00,22.0,1,True,1,0.04523809523809524,0.9567198177676538,3
2024-05-15,0x3,Ponte Preta,Santos,21:30,24.0,2,True,1,0.041304347826086954,0.9603340292275574,3
2024-05-15,0x3,Guadalajara Chivas,Club America,23:05,34.0,3,True,1,0.028787878787878786,0.9720176730486008,3
2024-05-16,0x3,Las Palmas,Betis,14:30,24.0,1,True,1,0.041304347826086954,0.9603340292275574,2
2024-05-16,0x3,Brommapojkarna,Djurgarden,14:00,29.0,2,True,1,0.033928571428571426,0.9671848013816926,2
2024-05-17,0x3,Bastia,Paris FC,15:45,22.0,1,True,1,0.04523809523809524,0.9567198177676538,5
2024-05-17,0x3,Bray,Cork City,15:45,26.0,2,True,1,0.038,0.9633911368015414,5
2024-05-17,0x3,Mirandes,Elche,15:30,30.0,3,True,1,0.03275862068965517,0.9682804674457429,5
2024-05-17,0x3,Drogheda,Galway,15:45,32.0,4,False,1,0.03064516129032258,0.9702660406885759,5
2024-05-17,0x3,Horn,Floridsdorfer AC,13:10,34.0,5,False,1,0.028787878787878786,0.9720176730486008,5
2024-05-18,0x3,BW Linz,Austria Vienna,12:00,29.0,1,True,1,0.033928571428571426,0.9671848013816926,3
2024-05-18,0x3,Ind. Rivadavia,Godoy Cruz,15:30,32.0,2,True,1,0.03064516129032258,0.9702660406885759,3
2024-05-18,0x3,Radnik,Sp. Subotica,13:00,34.0,3,True,1,0.028787878787878786,0.9720176730486008,3
2024-05-19,0x3,Metalist 1925,Polissya Zhytomyr,09:30,29.0,1,True,1,0.033928571428571426,0.9671848013816926,4
2024-05-19,0x3,Cracovia,Rakow,07:30,30.0,2,True,1,0.03275862068965517,0.9682804674457429,4
2024-05-19,0x3,Alcorcon,Valladolid,11:15,32.0,3,True,1,0.03064516129032258,0.9702660406885759,4
2024-05-19,0x3,Widzew Lodz,Lech Poznan,12:30,32.0,4,False,1,0.03064516129032258,0.9702660406885759,4
2024-05-20,0x3,Kapfenberg,Liefering,11:00,29.0,1,True,1,0.033928571428571426,0.9671848013816926,1
2024-05-21,0x3,Wolfsberger AC,Austria Vienna,14:00,30.0,1,True,1,0.03275862068965517,0.9682804674457429,2
2024-05-21,0x3,Catanzaro,Cremonese,15:30,34.0,2,True,1,0.028787878787878786,0.9720176730486008,2
2024-05-22,0x3,Qingdao West Coast,Changchun Yatai,08:35,26.0,1,True,1,0.038,0.9633911368015414,1
2024-05-24,0x3,Genoa,Bologna,15:45,32.0,1,True,1,0.03064516129032258,0.9702660406885759,1
2024-05-25,0x3,Delfin,Aucas,22:00,27.0,1,True,1,0.036538461538461534,0.9647495361781077,6
2024-05-25,0x3,Kofu,Yokohama FC,04:00,32.0,2,True,1,0.03064516129032258,0.9702660406885759,6
2024-05-25,0x3,Bregenz,Admira,12:30,32.0,3,True,1,0.03064516129032258,0.9702660406885759,6
2024-05-25,0x3,El Daklyeh,Arab Contractors,12:00,32.0,4,False,1,0.03064516129032258,0.9702660406885759,6
2024-05-25,0x3,Jablonec,Zlin,13:00,34.0,5,False,1,0.028787878787878786,0.9720176730486008,6
2024-05-25,0x3,Rayo Vallecano,Ath Bilbao,13:30,34.0,6,False,1,0.028787878787878786,0.9720176730486008,6
2024-05-26,0x3,Konyaspor,Galatasaray,13:00,20.0,1,True,1,0.049999999999999996,0.9523809523809524,4
2024-05-26,0x3,Atalanta,Torino,13:00,26.0,2,True,1,0.038,0.9633911368015414,4
2024-05-26,0x3,Qingdao Hainiu,Tianjin Jinmen Tiger,08:00,30.0,3,True,1,0.03275862068965517,0.9682804674457429,4
2024-05-26,0x3,FC Cartagena SAD,Huesca,13:30,32.0,4,False,1,0.03064516129032258,0.9702660406885759,4
2024-05-27,0x3,Lahti,SJK,12:00,25.0,1,True,1,0.03958333333333333,0.9619238476953909,2
2024-05-27,0x3,Al Ittihad,Zamalek,13:00,34.0,2,True,1,0.028787878787878786,0.9720176730486008,2
2024-06-01,0x3,Halmstad,GAIS,12:30,32.0,1,True,1,0.03064516129032258,0.9702660406885759,1
2024-06-02,0x3,Central Cordoba,Talleres Cordoba,18:00,21.0,1,True,1,0.0475,0.9546539379474941,4
2024-06-02,0x3,Criciuma,Palmeiras,16:00,24.0,2,True,1,0.041304347826086954,0.9603340292275574,4
2024-06-02,0x3,Platense,Boca Juniors,14:30,28.0,3,True,1,0.03518518518518518,0.9660107334525939,4
2024-06-02,0x3,Tochigi SC,Kumamoto,05:00,32.0,4,False,1,0.03064516129032258,0.9702660406885759,4
2024-06-04,0x3,Boston River,Nacional,19:00,26.0,1,True,1,0.038,0.9633911368015414,2
2024-06-04,0x3,Barracas Central,Huracan,15:00,32.0,2,True,1,0.03064516129032258,0.9702660406885759,2
2024-06-07,0x3,Lahti,Inter Turku,12:00,27.0,1,True,1,0.036538461538461534,0.9647495361781077,2
2024-06-07,0x3,Drogheda,St. Patricks,15:45,34.0,2,True,1,0.028787878787878786,0.9720176730486008,2
2024-06-08,0x3,Tokushima,Yokohama FC,06:00,28.0,1,True,1,0.03518518518518518,0.9660107334525939,1
2024-06-12,0x3,Mariehamn,VPS,12:00,23.0,1,True,1,0.04318181818181818,0.9586056644880174,1
2024-06-13,0x3,St. Patricks,Shamrock Rovers,15:45,23.0,1,True,1,0.04318181818181818,0.9586056644880174,4
2024-06-13,0x3,Bohemians,Derry City,15:45,24.0,2,True,1,0.041304347826086954,0.9603340292275574,4
2024-06-13,0x3,Sarmiento Junin,Estudiantes L.P.,19:00,27.0,3,True,1,0.036538461538461534,0.9647495361781077,4
2024-06-13,0x3,Lanus,Racing Club,21:15,32.0,4,False,1,0.03064516129032258,0.9702660406885759,4
2024-06-14,0x3,Ceramica Cleopatra,Zamalek,13:00,30.0,1,True,1,0.03275862068965517,0.9682804674457429,1
2024-06-15,0x3,Hungary,Switzerland,10:00,29.0,1,True,1,0.033928571428571426,0.9671848013816926,1
2024-06-16,0x3,Criciuma,Bahia,18:30,30.0,1,True,1,0.03275862068965517,0.9682804674457429,1
2024-06-17,0x3,Romania,Ukraine,10:00,23.0,1,True,1,0.04318181818181818,0.9586056644880174,1
2024-06-19,0x3,Scotland,Switzerland,16:00,22.0,1,True,1,0.04523809523809524,0.9567198177676538,3
2024-06-19,0x3,CF Montreal,New York Red Bulls,20:30,29.0,2,True,1,0.033928571428571426,0.9671848013816926,3
2024-06-19,0x3,Lahti,Gnistan,15:00,34.0,3,True,1,0.028787878787878786,0.9720176730486008,3
2024-06-20,0x3,Slovenia,Serbia,10:00,19.0,1,True,1,0.05277777777777778,0.949868073878628,1
2024-06-21,0x3,Slovakia,Ukraine,10:00,26.0,1,True,1,0.038,0.9633911368015414,4
2024-06-21,0x3,Poland,Austria,13:00,28.0,2,True,1,0.03518518518518518,0.9660107334525939,4
2024-06-21,0x3,Netherlands,France,16:00,32.0,3,True,1,0.03064516129032258,0.9702660406885759,4
2024-06-21,0x3,Peru,Chile,21:00,32.0,4,False,1,0.03064516129032258,0.9702660406885759,4
2024-06-22,0x3,Vasco,Sao Paulo,21:30,34.0,1,True,1,0.028787878787878786,0.9720176730486008,1
2024-06-23,0x3,Fluminense,Flamengo RJ,16:00,21.0,1,True,1,0.0475,0.9546539379474941,1
2024-06-25,0x3,Peru,Canada,19:00,34.0,1,True,1,0.028787878787878786,0.9720176730486008,1
2024-06-26,0x3,Juventude,Flamengo RJ,20:00,24.0,1,True,1,0.041304347826086954,0.9603340292275574,3
2024-06-26,0x3,Venezuela,Mexico,22:00,29.0,2,True,1,0.033928571428571426,0.9671848013816926,3
2024-06-26,0x3,Fortaleza,Palmeiras,21:30,34.0,3,True,1,0.028787878787878786,0.9720176730486008,3
2024-06-27,0x3,El Gouna,Modern Sport,10:00,29.0,1,True,1,0.033928571428571426,0.9671848013816926,1
2024-06-28,0x3,AC Oulu,KuPS,14:00,21.0,1,True,1,0.0475,0.9546539379474941,1
2024-06-29,0x3,Botafogo SP,Sport Recife,17:00,34.0,1,True,1,0.028787878787878786,0.9720176730486008,2
2024-06-29,0x3,Canada,Chile,21:00,34.0,2,True,1,0.028787878787878786,0.9720176730486008,2
2024-06-30,0x3,Jamaica,Venezuela,21:00,21.0,1,True,0,-1.0,0.9546539379474941,1
2024-07-02,0x3,Costa Rica,Paraguay,22:00,22.0,1,True,1,0.04523809523809524,0.9567198177676538,1
2024-07-03,0x3,Pharco,Zamalek,13:00,26.0,1,True,1,0.038,0.9633911368015414,1
2024-07-04,0x3,Drogheda,Shelbourne,15:45,21.0,1,True,1,0.0475,0.9546539379474941,2
2024-07-04,0x3,Gremio,Palmeiras,19:00,34.0,2,True,1,0.028787878787878786,0.9720176730486008,2
2024-07-06,0x3,Oakland Roots,Louisville City,23:00,30.0,1,True,1,0.03275862068965517,0.9682804674457429,2
2024-07-06,0x3,Cerro Largo,Liverpool M.,10:00,34.0,2,True,1,0.028787878787878786,0.9720176730486008,2
2024-07-08,0x3,Kristiansund,Fredrikstad,14:00,30.0,1,True,1,0.03275862068965517,0.9682804674457429,1
2024-07-13,0x3,Rampla Juniors,Liverpool M.,12:30,23.0,1,True,1,0.04318181818181818,0.9586056644880174,3
2024-07-13,0x3,Santos Laguna,UNAM Pumas,22:05,25.0,2,True,1,0.03958333333333333,0.9619238476953909,3
2024-07-13,0x3,Atlas,Tigres UANL,00:05,34.0,3,True,1,0.028787878787878786,0.9720176730486008,3
2024-07-14,0x3,Tochigi SC,Okayama,07:00,24.0,1,True,1,0.041304347826086954,0.9603340292275574,1
2024-07-16,0x3,Juventude,Atletico-MG,19:00,26.0,1,True,1,0.038,0.9633911368015414,1
2024-07-21,0x3,Juventude,Sao Paulo,18:30,24.0,1,True,1,0.041304347826086954,0.9603340292275574,2
2024-07-21,0x3,Defensa y Justicia,Boca Juniors,20:00,32.0,2,True,1,0.03064516129032258,0.9702660406885759,2
2024-07-22,0x3,Gloria Buzau,Sepsi Sf. Gheorghe,13:00,25.0,1,True,1,0.03958333333333333,0.9619238476953909,2
2024-07-22,0x3,Varberg,Landskrona,14:00,30.0,2,True,1,0.03275862068965517,0.9682804674457429,2
2024-07-23,0x3,Ituano,America MG,21:00,22.0,1,True,1,0.04523809523809524,0.9567198177676538,2
2024-07-23,0x3,Bucheon FC 1995,Suwon Bluewings,07:30,32.0,2,True,0,-1.0,0.9702660406885759,2
2024-07-24,0x3,Sarmiento Junin,Racing Club,17:15,21.0,1,True,1,0.0475,0.9546539379474941,4
2024-07-24,0x3,Vitoria,Flamengo RJ,20:00,21.0,2,True,1,0.0475,0.9546539379474941,4
2024-07-24,0x3,Godoy Cruz,River Plate,19:30,23.0,3,True,1,0.04318181818181818,0.9586056644880174,4
2024-07-24,0x3,Fluminense,Palmeiras,21:30,30.0,4,False,1,0.03275862068965517,0.9682804674457429,4
2024-07-26,0x3,Zamalek,Pyramids,15:00,23.0,1,True,1,0.04318181818181818,0.9586056644880174,2
2024-07-26,0x3,Sportivo Trinidense,Guarani,19:30,34.0,2,True,1,0.028787878787878786,0.9720176730486008,2
2024-07-27,0x3,Halmstad,Varnamo,15:00,27.0,1,True,1,0.036538461538461534,0.9647495361781077,2
2024-07-27,0x3,Widzew Lodz,Lech Poznan,15:15,32.0,2,True,1,0.03064516129032258,0.9702660406885759,2
2024-07-28,0x3,Korona Kielce,Legia,15:15,22.0,1,True,1,0.04523809523809524,0.9567198177676538,2
2024-07-28,0x3,A. Italiano,U. De Chile,18:30,32.0,2,True,1,0.03064516129032258,0.9702660406885759,2
2024-07-29,0x3,Central Cordoba,Velez Sarsfield,18:45,25.0,1,True,1,0.03958333333333333,0.9619238476953909,2
2024-07-29,0x3,Petrolul,FC Rapid Bucuresti,16:00,27.0,2,True,1,0.036538461538461534,0.9647495361781077,2
2024-08-02,0x3,Drogheda,Bohemians,15:45,30.0,1,True,1,0.03275862068965517,0.9682804674457429,2
2024-08-02,0x3,Dundalk,Galway,15:45,34.0,2,True,1,0.028787878787878786,0.9720176730486008,2
2024-08-03,0x3,Ehime,Tokushima,07:00,28.0,1,True,1,0.03518518518518518,0.9660107334525939,2
2024-08-03,0x3,Hamilton,Ayr,11:00,32.0,2,True,1,0.03064516129032258,0.9702660406885759,2
2024-08-04,0x3,Macara,LDU Quito,17:30,27.0,1,True,1,0.036538461538461534,0.9647495361781077,5
2024-08-04,0x3,Union de Santa Fe,River Plate,15:00,28.0,2,True,1,0.03518518518518518,0.9660107334525939,5
2024-08-04,0x3,Krumovgrad,Botev Plovdiv,15:15,28.0,3,True,1,0.03518518518518518,0.9660107334525939,5
2024-08-04,0x3,Beijing Guoan,Shanghai Shenhua,08:35,32.0,4,False,1,0.03064516129032258,0.9702660406885759,5
2024-08-04,0x3,EL Nacional,U. Catolica,15:00,34.0,5,False,1,0.028787878787878786,0.9720176730486008,5
2024-08-05,0x3,St Johnstone,Aberdeen,16:00,29.0,1,True,1,0.033928571428571426,0.9671848013816926,1
2024-08-09,0x3,Barracas Central,Talleres Cordoba,16:30,26.0,1,True,1,0.038,0.9633911368015414,4
2024-08-09,0x3,Dep. Riestra,Lanus,15:00,30.0,2,True,1,0.03275862068965517,0.9682804674457429,4
2024-08-09,0x3,OFK Beograd Mozzart Bet,Cukaricki,13:00,32.0,3,True,1,0.03064516129032258,0.9702660406885759,4
2024-08-09,0x3,Kapfenberg,Floridsdorfer AC,13:00,32.0,4,False,1,0.03064516129032258,0.9702660406885759,4
2024-08-10,0x3,Gloria Buzau,FC Rapid Bucuresti,16:00,23.0,1,True,1,0.04318181818181818,0.9586056644880174,6
2024-08-10,0x3,Dukla Prague,Jablonec,09:30,26.0,2,True,1,0.038,0.9633911368015414,6
2024-08-10,0x3,Leyton Orient,Bolton,13:30,26.0,3,True,1,0.038,0.9633911368015414,6
2024-08-10,0x3,AC Oulu,Inter Turku,11:00,26.0,4,False,1,0.038,0.9633911368015414,6
2024-08-10,0x3,Longford,Treaty United,15:30,27.0,5,False,1,0.036538461538461534,0.9647495361781077,6
2024-08-10,0x3,Oxford Utd,Norwich,08:30,32.0,6,False,1,0.03064516129032258,0.9702660406885759,6
2024-08-11,0x3,Samsunspor,Besiktas,15:45,24.0,1,True,1,0.041304347826086954,0.9603340292275574,5
2024-08-11,0x3,Haka,KuPS,11:00,26.0,2,True,1,0.038,0.9633911368015414,5
2024-08-11,0x3,Phoenix Rising,Tampa Bay,00:00,28.0,3,True,1,0.03518518518518518,0.9660107334525939,5
2024-08-11,0x3,Sivasspor,Trabzonspor,13:15,32.0,4,False,1,0.03064516129032258,0.9702660406885759,5
2024-08-11,0x3,Banfield,Velez Sarsfield,17:30,32.0,5,False,1,0.03064516129032258,0.9702660406885759,5
2024-08-12,0x3,Arouca,Vitoria Guimaraes,16:15,34.0,1,True,1,0.028787878787878786,0.9720176730486008,1
2024-08-14,0x3,Enppi,Al Ahly,15:00,22.0,1,True,1,0.04523809523809524,0.9567198177676538,1
2024-08-17,0x3,Parma,Fiorentina,13:30,24.0,1,True,1,0.041304347826086954,0.9603340292275574,8
2024-08-17,0x3,Derby,Middlesbrough,08:30,25.0,2,True,1,0.03958333333333333,0.9619238476953909,8
2024-08-17,0x3,Wycombe,Birmingham,11:00,25.0,3,True,1,0.03958333333333333,0.9619238476953909,8
2024-08-17,0x3,West Brom,Leeds,08:30,28.0,4,False,1,0.03518518518518518,0.9660107334525939,8
2024-08-17,0x3,Orense,Barcelona SC,21:00,28.0,5,False,1,0.03518518518518518,0.9660107334525939,8
2024-08-17,0x3,O'Higgins,U. De Chile,18:30,28.0,6,False,1,0.03518518518518518,0.9660107334525939,8
2024-08-17,0x3,Morecambe,Gillingham,11:00,30.0,7,False,1,0.03275862068965517,0.9682804674457429,8
2024-08-17,0x3,Shrewsbury,Peterborough,08:30,32.0,8,False,1,0.03064516129032258,0.9702660406885759,8
2024-08-18,0x3,Cagliari,AS Roma,15:45,24.0,1,True,1,0.041304347826086954,0.9603340292275574,5
2024-08-18,0x3,Cosenza,Cremonese,15:30,26.0,2,True,1,0.038,0.9633911368015414,5
2024-08-18,0x3,Catanzaro,Sassuolo,15:30,27.0,3,False,1,0.036538461538461534,0.9647495361781077,5
2024-08-18,0x3,Gornik Zabrze,Rakow,15:15,27.0,4,True,1,0.036538461538461534,0.9647495361781077,5
2024-08-18,0x3,Al Ittihad,Al Masry,15:00,34.0,5,False,1,0.028787878787878786,0.9720176730486008,5
2024-08-19,0x3,Lecce,Atalanta,13:30,22.0,1,True,1,0.04523809523809524,0.9567198177676538,3
2024-08-19,0x3,Martigues,Lorient,15:45,23.0,2,True,1,0.04318181818181818,0.9586056644880174,3
2024-08-19,0x3,Stal Mielec,Piast Gliwice,14:00,24.0,3,True,1,0.041304347826086954,0.9603340292275574,3
2024-08-20,0x3,Ballymena,Crusaders,15:45,22.0,1,True,1,0.04523809523809524,0.9567198177676538,2
2024-08-20,0x3,Wealdstone,Sutton,15:45,32.0,2,True,1,0.03064516129032258,0.9702660406885759,2
2024-08-21,0x3,Guarani,Santos,19:00,32.0,1,True,1,0.03064516129032258,0.9702660406885759,1
2024-08-23,0x3,Poli Iasi,FC Rapid Bucuresti,16:00,24.0,1,True,1,0.041304347826086954,0.9603340292275574,2
2024-08-23,0x3,Bregenz,Admira,13:00,32.0,2,True,1,0.03064516129032258,0.9702660406885759,2
2024-08-24,0x3,Leyton Orient,Birmingham,11:00,22.0,1,True,1,0.04523809523809524,0.9567198177676538,9
2024-08-24,0x3,Cambridge Utd,Blackpool,11:00,26.0,2,True,1,0.038,0.9633911368015414,9
2024-08-24,0x3,Skalica,Trnava,13:00,27.0,3,True,1,0.036538461538461534,0.9647495361781077,9
2024-08-24,0x3,Preston,Luton,11:00,29.0,4,False,1,0.033928571428571426,0.9671848013816926,9
2024-08-24,0x3,Arda,CSKA Sofia,13:00,29.0,5,False,1,0.033928571428571426,0.9671848013816926,9
2024-08-24,0x3,Espanyol,Real Sociedad,16:30,30.0,6,False,1,0.03275862068965517,0.9682804674457429,9
2024-08-24,0x3,Charlton,Bolton,11:00,34.0,7,False,1,0.028787878787878786,0.9720176730486008,9
2024-08-24,0x3,Sunderland,Burnley,11:00,34.0,8,False,1,0.028787878787878786,0.9720176730486008,9
2024-08-24,0x3,Exeter,Peterborough,11:00,34.0,9,False,1,0.028787878787878786,0.9720176730486008,9
2024-08-25,0x3,BW Linz,SK Rapid,12:00,21.0,1,True,1,0.0475,0.9546539379474941,9
2024-08-25,0x3,Vejle,Silkeborg,09:00,27.0,2,True,1,0.036538461538461534,0.9647495361781077,9
2024-08-25,0x3,ACR Messina,Potenza,15:45,27.0,3,True,1,0.036538461538461534,0.9647495361781077,9
2024-08-25,0x3,Everton,Colo Colo,16:00,28.0,4,False,1,0.03518518518518518,0.9660107334525939,9
2024-08-25,0x3,Universitario de Vinto,Bolivar,18:30,29.0,5,False,1,0.033928571428571426,0.9671848013816926,9
2024-08-25,0x3,Strasbourg,Rennes,12:00,30.0,6,False,1,0.03275862068965517,0.9682804674457429,9
2024-08-25,0x3,Tochigi SC,Kofu,07:00,30.0,7,False,1,0.03275862068965517,0.9682804674457429,9
2024-08-25,0x3,Torino,Atalanta,13:30,32.0,8,False,1,0.03064516129032258,0.9702660406885759,9
2024-08-25,0x3,FC Hermannstadt,FCSB,16:00,34.0,9,False,1,0.028787878787878786,0.9720176730486008,9
2024-08-26,0x3,Verona,Juventus,15:45,19.0,1,True,0,-1.0,0.949868073878628,4
2024-08-26,0x3,Barracas Central,Velez Sarsfield,16:00,21.0,2,True,1,0.0475,0.9546539379474941,4
2024-08-26,0x3,Gloria Buzau,U. Cluj,13:00,22.0,3,True,1,0.04523809523809524,0.9567198177676538,4
2024-08-26,0x3,Halmstad,Vasteras SK,14:00,30.0,4,False,1,0.03275862068965517,0.9682804674457429,4
2024-08-27,0x3,Cittadella,Pisa,15:30,32.0,1,True,0,-1.0,0.9702660406885759,1
2024-08-29,0x3,Al Khaleej,Al Shabab,15:00,34.0,1,True,1,0.028787878787878786,0.9720176730486008,1
2024-08-30,0x3,Stal Mielec,Lech Poznan,15:30,23.0,1,True,1,0.04318181818181818,0.9586056644880174,5
2024-08-30,0x3,Kerry,UC Dublin,15:45,25.0,2,True,1,0.03958333333333333,0.9619238476953909,5
2024-08-30,0x3,Venezia,Torino,13:30,26.0,3,True,1,0.038,0.9633911368015414,5
2024-08-30,0x3,Clermont,Paris FC,15:00,32.0,4,False,1,0.03064516129032258,0.9702660406885759,5
2024-08-30,0x3,Martigues,Bastia,15:00,34.0,5,False,1,0.028787878787878786,0.9720176730486008,5
2024-08-31,0x3,Ross County,Aberdeen,13:45,21.0,1,True,1,0.0475,0.9546539379474941,13
2024-08-31,0x3,Cardiff,Middlesbrough,08:30,22.0,2,True,1,0.04523809523809524,0.9567198177676538,13
2024-08-31,0x3,Portsmouth,Sunderland,11:00,24.0,3,True,1,0.041304347826086954,0.9603340292275574,13
2024-08-31,0x3,Amiens,Lorient,09:30,27.0,4,False,1,0.036538461538461534,0.9647495361781077,13
2024-08-31,0x3,Jaguares de Cordoba,Atl. Nacional,18:15,28.0,5,False,1,0.03518518518518518,0.9660107334525939,13
2024-08-31,0x3,Almere City,Groningen,11:30,29.0,6,False,1,0.033928571428571426,0.9671848013816926,13
2024-08-31,0x3,Varnamo,AIK,10:00,32.0,7,False,1,0.03064516129032258,0.9702660406885759,13
2024-08-31,0x3,Altrincham,Oldham,11:00,32.0,8,False,1,0.03064516129032258,0.9702660406885759,13
2024-08-31,0x3,Coquimbo,U. De Chile,16:00,32.0,9,False,1,0.03064516129032258,0.9702660406885759,13
2024-08-31,0x3,Union Clodiense,Triestina,15:45,32.0,10,False,1,0.03064516129032258,0.9702660406885759,13
2024-08-31,0x3,Ipswich,Fulham,11:00,34.0,11,False,1,0.028787878787878786,0.9720176730486008,13
2024-08-31,0x3,Everton,Bournemouth,11:00,34.0,12,False,1,0.028787878787878786,0.9720176730486008,13
2024-08-31,0x3,Willem II,Sparta Rotterdam,16:00,34.0,13,False,1,0.028787878787878786,0.9720176730486008,13
2024-09-01,0x3,Angers,Nice,12:00,25.0,1,True,1,0.03958333333333333,0.9619238476953909,6
2024-09-01,0x3,Pergolettese,L.R. Vicenza,13:00,25.0,2,True,1,0.03958333333333333,0.9619238476953909,6
2024-09-01,0x3,Bohemians,Shamrock Rovers,07:30,32.0,3,True,1,0.03064516129032258,0.9702660406885759,6
2024-09-01,0x3,Hatayspor,Samsunspor,15:45,32.0,4,False,0,-1.0,0.9702660406885759,6
2024-09-01,0x3,Athletico-PR,Palmeiras,18:30,32.0,5,False,1,0.03064516129032258,0.9702660406885759,6
2024-09-01,0x3,Reims,Rennes,12:00,34.0,6,False,1,0.028787878787878786,0.9720176730486008,6
2024-09-05,0x3,Belarus,Bulgaria,15:45,27.0,1,True,1,0.036538461538461534,0.9647495361781077,3
2024-09-05,0x3,Dundalk,St. Patricks,15:45,29.0,2,True,1,0.033928571428571426,0.9671848013816926,3
2024-09-05,0x3,San Marino,Liechtenstein,15:45,32.0,3,True,1,0.03064516129032258,0.9702660406885759,3
2024-09-06,0x3,Slovenia,Austria,15:45,24.0,1,True,1,0.041304347826086954,0.9603340292275574,2
2024-09-06,0x3,Aubagne,Versailles,13:30,28.0,2,True,1,0.03518518518518518,0.9660107334525939,2
2024-09-07,0x3,Faroe Islands,North Macedonia,10:00,24.0,1,True,1,0.041304347826086954,0.9603340292275574,3
2024-09-07,0x3,Georgia,Czech Republic,13:00,30.0,2,True,1,0.03275862068965517,0.9682804674457429,3
2024-09-07,0x3,CA Cerro,Defensor Sp.,15:00,30.0,3,True,1,0.03275862068965517,0.9682804674457429,3
2024-09-09,0x3,Cyprus,Kosovo,13:00,23.0,1,True,1,0.04318181818181818,0.9586056644880174,2
2024-09-09,0x3,Montenegro,Wales,15:45,30.0,2,True,1,0.03275862068965517,0.9682804674457429,2
2024-09-10,0x3,Boston Utd,Hartlepool,15:45,32.0,1,True,1,0.03064516129032258,0.9702660406885759,1
2024-09-13,0x3,St Etienne,Lille,15:45,21.0,1,True,1,0.0475,0.9546539379474941,1
2024-09-14,0x3,Real Sociedad,Real Madrid,16:00,19.5,1,True,1,0.05135135135135135,0.9511568123393317,10
2024-09-14,0x3,Gloria Buzau,Otelul,12:45,24.0,2,True,1,0.041304347826086954,0.9603340292275574,10
2024-09-14,0x3,Club Leon,Cruz Azul,23:35,25.0,3,True,1,0.03958333333333333,0.9619238476953909,10
2024-09-14,0x3,BW Linz,LASK,14:30,28.0,4,False,1,0.03518518518518518,0.9660107334525939,10
2024-09-14,0x3,Munich 1860,SG Dynamo Dresden,09:00,28.0,5,False,1,0.03518518518518518,0.9660107334525939,10
2024-09-14,0x3,Al Fateh,Al Ettifaq,12:20,32.0,6,False,1,0.03064516129032258,0.9702660406885759,10
2024-09-14,0x3,Beroe,Botev Plovdiv,14:00,32.0,7,False,1,0.03064516129032258,0.9702660406885759,10
2024-09-14,0x3,Sundsvall,Brage,10:00,32.0,8,False,1,0.03064516129032258,0.9702660406885759,10
2024-09-14,0x3,Orange County SC,Rhode Island,23:00,32.0,9,False,1,0.03064516129032258,0.9702660406885759,10
2024-09-14,0x3,NAC Breda,Sittard,15:00,34.0,10,False,1,0.028787878787878786,0.9720176730486008,10
2024-09-15,0x3,Cagliari,Napoli,13:00,20.0,1,True,1,0.049999999999999996,0.9523809523809524,8
2024-09-15,0x3,Portsmouth,West Brom,11:00,22.0,2,True,0,-1.0,0.9567198177676538,8
2024-09-15,0x3,Las Palmas,Ath Bilbao,13:30,25.0,3,True,1,0.03958333333333333,0.9619238476953909,8
2024-09-15,0x3,AIK,Malmo FF,09:00,27.0,4,False,1,0.036538461538461534,0.9647495361781077,8
2024-09-15,0x3,Trabzonspor,Besiktas,14:00,32.0,5,False,1,0.03064516129032258,0.9702660406885759,8
2024-09-15,0x3,Genoa,AS Roma,07:30,32.0,6,False,1,0.03064516129032258,0.9702660406885759,8
2024-09-15,0x3,Carrarese,Sassuolo,10:00,34.0,7,False,1,0.028787878787878786,0.9720176730486008,8
2024-09-15,0x3,Kayserispor,Eyupspor,11:00,34.0,8,False,1,0.028787878787878786,0.9720176730486008,8
2024-09-16,0x3,Galway,Shamrock Rovers,15:45,34.0,1,True,1,0.028787878787878786,0.9720176730486008,1
2024-09-17,0x3,AFC Fylde,Southend,15:45,32.0,1,True,1,0.03064516129032258,0.9702660406885759,1
2024-09-19,0x3,Atalanta,Arsenal,16:00,21.0,1,True,1,0.0475,0.9546539379474941,3
2024-09-19,0x3,Leganes,Ath Bilbao,14:00,26.0,2,True,1,0.038,0.9633911368015414,3
2024-09-19,0x3,Botafogo SP,Santos,21:30,28.0,3,True,1,0.03518518518518518,0.9660107334525939,3
2024-09-21,0x3,Rotherham,Birmingham,11:00,25.0,1,True,1,0.03958333333333333,0.9619238476953909,4
2024-09-21,0x3,Valladolid,Real Sociedad,09:00,30.0,2,True,1,0.03275862068965517,0.9682804674457429,4
2024-09-21,0x3,FC Hermannstadt,CFR Cluj,12:30,30.0,3,True,1,0.03275862068965517,0.9682804674457429,4
2024-09-21,0x3,Accrington,Port Vale,08:30,34.0,4,False,1,0.028787878787878786,0.9720176730486008,4
2024-09-22,0x3,Rayo Vallecano,Atl. Madrid,16:00,19.5,1,True,1,0.05135135135135135,0.9511568123393317,3
2024-09-22,0x3,Vasco,Palmeiras,16:00,21.0,2,True,1,0.0475,0.9546539379474941,3
2024-09-22,0x3,Angers,Nantes,12:00,32.0,3,True,1,0.03064516129032258,0.9702660406885759,3
2024-09-24,0x3,Ponte Preta,America MG,21:30,29.0,1,True,1,0.033928571428571426,0.9671848013816926,1
2024-09-25,0x3,Ludogorets,Slavia Prague,16:00,28.0,1,True,1,0.03518518518518518,0.9660107334525939,2
2024-09-25,0x3,Potenza,Trapani,13:30,29.0,2,True,1,0.033928571428571426,0.9671848013816926,2
2024-09-27,0x3,Kolding IF,Odense,14:00,25.0,1,True,1,0.03958333333333333,0.9619238476953909,3
2024-09-27,0x3,Martigues,Dunkerque,15:00,34.0,2,True,1,0.028787878787878786,0.9720176730486008,3
2024-09-27,0x3,Waterford,Galway,15:45,34.0,3,True,1,0.028787878787878786,0.9720176730486008,3
2024-09-29,0x3,Gloria Buzau,Farul Constanta,10:00,24.0,1,True,1,0.041304347826086954,0.9603340292275574,11
2024-09-29,0x3,Erokspor,Pendikspor,13:00,27.0,2,True,1,0.036538461538461534,0.9647495361781077,11
2024-09-29,0x3,Adanaspor AS,Corum,13:00,27.0,3,True,1,0.036538461538461534,0.9647495361781077,11
2024-09-29,0x3,Empoli,Fiorentina,13:00,29.0,4,False,1,0.033928571428571426,0.9671848013816926,11
2024-09-29,0x3,Korona Kielce,Lech Poznan,09:45,30.0,5,False,1,0.03275862068965517,0.9682804674457429,11
2024-09-29,0x3,Angers,Reims,12:00,30.0,6,False,1,0.03275862068965517,0.9682804674457429,11
2024-09-29,0x3,Varnamo,Djurgarden,09:00,32.0,7,False,1,0.03064516129032258,0.9702660406885759,11
2024-09-29,0x3,Jaguares de Cordoba,Junior,18:10,32.0,8,False,1,0.03064516129032258,0.9702660406885759,11
2024-09-29,0x3,Lyngby,Silkeborg,11:00,34.0,9,False,1,0.028787878787878786,0.9720176730486008,11
2024-09-29,0x3,Sepsi Sf. Gheorghe,FCSB,15:30,34.0,10,False,1,0.028787878787878786,0.9720176730486008,11
2024-09-29,0x3,Delfin,LDU Quito,17:00,34.0,11,False,1,0.028787878787878786,0.9720176730486008,11
2024-09-30,0x3,Siroki Brijeg,FK Sarajevo,13:00,23.0,1,True,1,0.04318181818181818,0.9586056644880174,1
2024-10-01,0x3,Northampton,Bolton,15:45,22.0,1,True,1,0.04523809523809524,0.9567198177676538,6
2024-10-01,0x3,Norwich,Leeds,15:45,24.0,2,True,1,0.041304347826086954,0.9603340292275574,6
2024-10-01,0x3,Cambridge Utd,Rotherham,15:45,25.0,3,True,1,0.03958333333333333,0.9619238476953909,6
2024-10-01,0x3,Bromley,Chesterfield,15:45,27.0,4,False,1,0.036538461538461534,0.9647495361781077,6
2024-10-01,0x3,Bristol Rovers,Charlton,15:45,32.0,5,False,1,0.03064516129032258,0.9702660406885759,6
2024-10-01,0x3,Rosario Central,Velez Sarsfield,20:30,32.0,6,False,1,0.03064516129032258,0.9702660406885759,6
2024-10-03,0x3,Shamrock Rovers,APOEL,16:00,28.0,1,True,1,0.03518518518518518,0.9660107334525939,1
2024-10-04,0x3,Slavia Sofia,Cherno More,14:00,23.0,1,True,1,0.04318181818181818,0.9586056644880174,2
2024-10-04,0x3,Bellinzona,Thun,15:15,32.0,2,True,1,0.03064516129032258,0.9702660406885759,2
2024-10-05,0x3,Bragantino,Palmeiras,16:30,22.0,1,True,1,0.04523809523809524,0.9567198177676538,13
2024-10-05,0x3,Woking,York City,13:30,23.0,2,True,1,0.04318181818181818,0.9586056644880174,13
2024-10-05,0x3,Radomiak Radom,Rakow,09:45,26.0,3,True,1,0.038,0.9633911368015414,13
2024-10-05,0x3,Utsikten,Helsingborg,08:00,26.0,4,False,1,0.038,0.9633911368015414,13
2024-10-05,0x3,Ebbsfleet,Rochdale,11:00,28.0,5,False,1,0.03518518518518518,0.9660107334525939,13
2024-10-05,0x3,Union Berlin,Dortmund,10:30,28.0,6,False,1,0.03518518518518518,0.9660107334525939,13
2024-10-05,0x3,Sestri Levante,Vis Pesaro,10:00,30.0,7,False,1,0.03275862068965517,0.9682804674457429,13
2024-10-05,0x3,Chico,America De Cali,18:10,32.0,8,False,1,0.03064516129032258,0.9702660406885759,13
2024-10-05,0x3,Unirea Slobozia,U. Cluj,10:45,34.0,9,False,1,0.028787878787878786,0.9720176730486008,13
2024-10-05,0x3,Kofu,Okayama,02:00,34.0,10,False,1,0.028787878787878786,0.9720176730486008,13
2024-10-05,0x3,Veres-Rivne,FK Zorya Luhansk,07:00,34.0,11,False,1,0.028787878787878786,0.9720176730486008,13
2024-10-05,0x3,Edinburgh City,Stranraer,11:00,34.0,12,False,1,0.028787878787878786,0.9720176730486008,13
2024-10-05,0x3,Partick Thistle,Livingston,11:00,34.0,13,False,1,0.028787878787878786,0.9720176730486008,13
2024-10-06,0x3,Primorje,Bravo,10:00,23.0,1,True,1,0.04318181818181818,0.9586056644880174,11
2024-10-06,0x3,Monza,AS Roma,13:00,23.0,2,True,1,0.04318181818181818,0.9586056644880174,11
2024-10-06,0x3,Turris,Audace Cerignola,12:30,24.0,3,True,0,-1.0,0.9603340292275574,11
2024-10-06,0x3,Platense,River Plate,19:00,25.0,4,False,1,0.03958333333333333,0.9619238476953909,11
2024-10-06,0x3,Sundsvall,Degerfors,10:00,26.0,5,False,1,0.038,0.9633911368015414,11
2024-10-06,0x3,Sorrento,Trapani,10:00,27.0,6,False,1,0.036538461538461534,0.9647495361781077,11
2024-10-06,0x3,FC Botosani,FC Rapid Bucuresti,12:15,28.0,7,False,1,0.03518518518518518,0.9660107334525939,11
2024-10-06,0x3,Club Leon,Club America,00:00,29.0,8,False,1,0.033928571428571426,0.9671848013816926,11
2024-10-06,0x3,Sp. Subotica,Vojvodina,14:00,32.0,9,False,1,0.03064516129032258,0.9702660406885759,11
2024-10-06,0x3,Varnsdorf,Zlin,11:00,32.0,10,False,1,0.03064516129032258,0.9702660406885759,11
2024-10-06,0x3,Mariehamn,Inter Turku,10:30,34.0,11,False,1,0.028787878787878786,0.9720176730486008,11
2024-10-10,0x3,Latvia,North Macedonia,13:00,26.0,1,True,0,-1.0,0.9633911368015414,2
2024-10-10,0x3,Faroe Islands,Armenia,15:45,32.0,2,True,1,0.03064516129032258,0.9702660406885759,2
2024-10-11,0x3,Athlone,Cork City,15:45,26.0,1,True,1,0.038,0.9633911368015414,2
2024-10-11,0x3,Peru,Uruguay,22:30,26.0,2,True,1,0.038,0.9633911368015414,2
2024-10-12,0x3,Lithuania,Kosovo,10:00,20.0,1,True,1,0.049999999999999996,0.9523809523809524,7
2024-10-12,0x3,Belarus,Northern Ireland,15:45,23.0,2,True,1,0.04318181818181818,0.9586056644880174,7
2024-10-12,0x3,Giana Erminio,Padova,12:30,26.0,3,True,1,0.038,0.9633911368015414,7
2024-10-12,0x3,Tegevajaro Miyazaki,Toyama,04:00,26.0,4,False,1,0.038,0.9633911368015414,7
2024-10-12,0x3,Alcione Milano,Triestina,10:00,29.0,5,False,1,0.033928571428571426,0.9671848013816926,7
2024-10-12,0x3,Partick Thistle,Falkirk,11:00,32.0,6,False,1,0.03064516129032258,0.9702660406885759,7
2024-10-12,0x3,Pontedera,Torres,10:00,34.0,7,False,1,0.028787878787878786,0.9720176730486008,7
2024-10-14,0x3,Iceland,Turkey,15:45,24.0,1,True,1,0.041304347826086954,0.9603340292275574,2
2024-10-14,0x3,Finn Harps,Wexford,15:45,32.0,2,True,1,0.03064516129032258,0.9702660406885759,2
2024-10-15,0x3,Poland,Croatia,15:45,32.0,1,True,1,0.03064516129032258,0.9702660406885759,3
2024-10-15,0x3,China,Indonesia,09:00,34.0,2,True,1,0.028787878787878786,0.9720176730486008,3
2024-10-15,0x3,Kyrgyzstan,North Korea,11:00,34.0,3,True,1,0.028787878787878786,0.9720176730486008,3
2024-10-16,0x3,Chapecoense-SC,Santos,20:00,25.0,1,True,1,0.03958333333333333,0.9619238476953909,1
2024-10-17,0x3,Shrewsbury,Exeter,16:00,34.0,1,True,1,0.028787878787878786,0.9720176730486008,1
2024-10-18,0x3,Sestri Levante,Arezzo,15:30,25.0,1,True,1,0.03958333333333333,0.9619238476953909,4
2024-10-18,0x3,Martigues,Rodez,15:00,26.0,2,True,1,0.038,0.9633911368015414,4
2024-10-18,0x3,A. Lustenau,Ried,13:00,29.0,3,True,1,0.033928571428571426,0.9671848013816926,4
2024-10-18,0x3,Grenoble,Metz,15:00,30.0,4,False,1,0.03275862068965517,0.9682804674457429,4
2024-10-19,0x3,Lincoln,Birmingham,11:00,23.0,1,True,1,0.04318181818181818,0.9586056644880174,14
2024-10-19,0x3,Petrolul,CFR Cluj,15:00,23.0,2,True,1,0.04318181818181818,0.9586056644880174,14
2024-10-19,0x3,Halmstad,Sirius,12:30,24.0,3,True,1,0.041304347826086954,0.9603340292275574,14
2024-10-19,0x3,Oxford Utd,West Brom,08:30,25.0,4,False,1,0.03958333333333333,0.9619238476953909,14
2024-10-19,0x3,Morecambe,MK Dons,11:00,25.0,5,False,1,0.03958333333333333,0.9619238476953909,14
2024-10-19,0x3,U. Catolica,U. De Chile,18:00,26.0,6,False,1,0.038,0.9633911368015414,14
2024-10-19,0x3,Genoa,Bologna,10:00,29.0,7,False,1,0.033928571428571426,0.9671848013816926,14
2024-10-19,0x3,Tecnico U.,LDU Quito,17:30,30.0,8,False,1,0.03275862068965517,0.9682804674457429,14
2024-10-19,0x3,Ruzomberok,Dun. Streda,10:30,32.0,9,False,1,0.03064516129032258,0.9702660406885759,14
2024-10-19,0x3,Sibenik,Osijek,11:00,32.0,10,False,1,0.03064516129032258,0.9702660406885759,14
2024-10-19,0x3,Grimsby,Walsall,11:00,32.0,11,False,1,0.03064516129032258,0.9702660406885759,14
2024-10-19,0x3,Ostersund,Landskrona,10:00,34.0,12,False,1,0.028787878787878786,0.9720176730486008,14
2024-10-19,0x3,Skovde AIK,Utsikten,08:00,34.0,13,False,1,0.028787878787878786,0.9720176730486008,14
2024-10-19,0x3,Lamia,Asteras Tripolis,14:30,34.0,14,False,1,0.028787878787878786,0.9720176730486008,14
2024-10-20,0x3,Palestino,Colo Colo,15:00,23.0,1,True,1,0.04318181818181818,0.9586056644880174,7
2024-10-20,0x3,Samsunspor,Fenerbahce,13:00,24.0,2,True,1,0.041304347826086954,0.9603340292275574,7
2024-10-20,0x3,Groningen,Utrecht,09:30,27.0,3,True,1,0.036538461538461534,0.9647495361781077,7
2024-10-20,0x3,Tirol,LASK,09:30,29.0,4,False,1,0.033928571428571426,0.9671848013816926,7
2024-10-20,0x3,Holstein Kiel,Union Berlin,10:30,29.0,5,False,1,0.033928571428571426,0.9671848013816926,7
2024-10-20,0x3,Lecce,Fiorentina,10:00,32.0,6,False,1,0.03064516129032258,0.9702660406885759,7
2024-10-20,0x3,Lyngby,Viborg,09:00,34.0,7,False,1,0.028787878787878786,0.9720176730486008,7
2024-10-21,0x3,Novi Pazar,Partizan,11:00,20.0,1,True,1,0.049999999999999996,0.9523809523809524,1
2024-10-22,0x3,Santos Laguna,Pachuca,22:00,25.0,1,True,1,0.03958333333333333,0.9619238476953909,1
2024-10-23,0x3,Haka,Inter Turku,12:00,32.0,1,True,1,0.03064516129032258,0.9702660406885759,1
2024-10-24,0x3,Al Orubah,Al Shabab,12:15,27.0,1,True,0,-1.0,0.9647495361781077,2
2024-10-24,0x3,Club Tijuana,Club America,00:05,29.0,2,True,1,0.033928571428571426,0.9671848013816926,2
2024-10-25,0x3,Barracas Central,Estudiantes L.P.,15:00,22.0,1,True,1,0.04523809523809524,0.9567198177676538,4
2024-10-25,0x3,Defensa y Justicia,River Plate,21:00,28.0,2,True,1,0.03518518518518518,0.9660107334525939,4
2024-10-25,0x3,Santos Laguna,Mazatlan FC,22:00,28.0,3,True,1,0.03518518518518518,0.9660107334525939,4
2024-10-25,0x3,Leicester,Nottingham,16:00,34.0,4,False,1,0.028787878787878786,0.9720176730486008,4
2024-10-26,0x3,Puebla,Guadalajara Chivas,00:00,22.0,1,True,1,0.04523809523809524,0.9567198177676538,8
2024-10-26,0x3,Bristol City,Leeds,08:30,22.0,2,True,1,0.04523809523809524,0.9567198177676538,8
2024-10-26,0x3,Mura,Maribor,15:15,25.0,3,True,1,0.03958333333333333,0.9619238476953909,8
2024-10-26,0x3,Slask Wroclaw,Rakow,12:30,25.0,4,False,1,0.03958333333333333,0.9619238476953909,8
2024-10-26,0x3,Hebar,Krumovgrad,08:00,32.0,5,False,1,0.03064516129032258,0.9702660406885759,8
2024-10-26,0x3,Shrewsbury,Barnsley,11:00,34.0,6,False,1,0.028787878787878786,0.9720176730486008,8
2024-10-26,0x3,Boavista,Moreirense,14:00,34.0,7,False,1,0.028787878787878786,0.9720176730486008,8
2024-10-26,0x3,Atletico-MG,Internacional,19:00,34.0,8,False,1,0.028787878787878786,0.9720176730486008,8
2024-10-27,0x3,Estrela,Vitoria Guimaraes,17:30,22.0,1,True,1,0.04523809523809524,0.9567198177676538,6
2024-10-27,0x3,Betis,Atl. Madrid,14:30,29.0,2,True,1,0.033928571428571426,0.9671848013816926,6
2024-10-27,0x3,Nice,Monaco,13:00,30.0,3,True,1,0.03275862068965517,0.9682804674457429,6
2024-10-27,0x3,Athens Kallithea,Atromitos,16:30,32.0,4,False,0,-1.0,0.9702660406885759,6
2024-10-27,0x3,Leganes,Celta Vigo,10:00,34.0,5,False,1,0.028787878787878786,0.9720176730486008,6
2024-10-27,0x3,Trencin,Trnava,11:30,34.0,6,False,1,0.028787878787878786,0.9720176730486008,6
2024-10-28,0x3,Ituano,Santos,19:00,25.0,1,True,1,0.03958333333333333,0.9619238476953909,2
2024-10-28,0x3,Cuiaba,Corinthians,19:00,34.0,2,True,1,0.028787878787878786,0.9720176730486008,2
2024-10-29,0x3,Martigues,Caen,16:30,24.0,1,True,0,-1.0,0.9603340292275574,6
2024-10-29,0x3,Cheonan City,Bucheon FC 1995,07:30,28.0,2,True,1,0.03518518518518518,0.9660107334525939,6
2024-10-29,0x3,Amiens,Paris FC,16:30,28.0,3,True,1,0.03518518518518518,0.9660107334525939,6
2024-10-29,0x3,Red Star,Metz,16:30,28.0,4,False,1,0.03518518518518518,0.9660107334525939,6
2024-10-29,0x3,Juve Stabia,Sassuolo,16:30,30.0,5,False,1,0.03275862068965517,0.9682804674457429,6
2024-10-29,0x3,Stevenage,Bolton,16:45,34.0,6,False,1,0.028787878787878786,0.9720176730486008,6
2024-10-30,0x3,El Gaish,Al Masry,14:00,29.0,1,True,1,0.033928571428571426,0.9671848013816926,3
2024-10-30,0x3,Cittadella,Sampdoria,16:30,30.0,2,True,1,0.03275862068965517,0.9682804674457429,3
2024-10-30,0x3,Ross County,Hibernian,16:45,32.0,3,True,1,0.03064516129032258,0.9702660406885759,3
2024-10-31,0x3,El Gouna,ZED,11:00,32.0,1,True,1,0.03064516129032258,0.9702660406885759,2
2024-10-31,0x3,Crotone,Benevento,16:45,32.0,2,True,1,0.03064516129032258,0.9702660406885759,2
2024-11-01,0x3,Clermont,Lorient,16:00,27.0,1,True,1,0.036538461538461534,0.9647495361781077,2
2024-11-01,0x3,Argentinos Jrs,Velez Sarsfield,22:00,32.0,2,True,1,0.03064516129032258,0.9702660406885759,2
2024-11-02,0x3,Udinese,Juventus,14:00,22.0,1,True,1,0.04523809523809524,0.9567198177676538,11
2024-11-02,0x3,Newcastle,Arsenal,09:30,24.0,2,True,1,0.041304347826086954,0.9603340292275574,11
2024-11-02,0x3,Edinburgh City,Forfar Athletic,12:00,25.0,3,True,1,0.03958333333333333,0.9619238476953909,11
2024-11-02,0x3,St Johnstone,Hearts,12:00,25.0,4,False,1,0.03958333333333333,0.9619238476953909,11
2024-11-02,0x3,Caernarfon,Penybont,11:30,26.0,5,False,1,0.038,0.9633911368015414,11
2024-11-02,0x3,QPR,Sunderland,12:00,27.0,6,False,1,0.036538461538461534,0.9647495361781077,11
2024-11-02,0x3,Envigado,Junior,18:00,27.0,7,False,1,0.036538461538461534,0.9647495361781077,11
2024-11-02,0x3,Anderlecht U23,Eupen,12:00,32.0,8,False,1,0.03064516129032258,0.9702660406885759,11
2024-11-02,0x3,Rayo Zuliano,Dep. Tachira,17:00,32.0,9,False,1,0.03064516129032258,0.9702660406885759,11
2024-11-02,0x3,FC Cartagena SAD,Dep. La Coruna,12:15,34.0,10,False,1,0.028787878787878786,0.9720176730486008,11
2024-11-02,0x3,Dep. Riestra,Talleres Cordoba,15:00,34.0,11,False,1,0.028787878787878786,0.9720176730486008,11
2024-11-03,0x3,Verona,AS Roma,14:00,20.0,1,True,1,0.049999999999999996,0.9523809523809524,8
2024-11-03,0x3,Nublense,U. De Chile,18:00,22.0,2,True,1,0.04523809523809524,0.9567198177676538,8
2024-11-03,0x3,Nantes,Marseille,16:45,27.0,3,True,1,0.036538461538461534,0.9647495361781077,8
2024-11-03,0x3,Varazdin,Hajduk Split,13:30,27.0,4,False,1,0.036538461538461534,0.9647495361781077,8
2024-11-03,0x3,Slovacko,Plzen,11:30,28.0,5,False,1,0.03518518518518518,0.9660107334525939,8
2024-11-03,0x3,Ruzomberok,Zilina,11:30,29.0,6,False,1,0.033928571428571426,0.9671848013816926,8
2024-11-03,0x3,Ehime,Renofa Yamaguchi,04:00,32.0,7,False,1,0.03064516129032258,0.9702660406885759,8
2024-11-03,0x3,Torino,Fiorentina,11:00,32.0,8,False,1,0.03064516129032258,0.9702660406885759,8
2024-11-04,0x3,Norrkoping,AIK,15:10,26.0,1,True,1,0.038,0.9633911368015414,4
2024-11-04,0x3,AC Ajaccio,Metz,16:45,30.0,2,True,1,0.03275862068965517,0.9682804674457429,4
2024-11-04,0x3,Nacional,Santa Clara,17:15,32.0,3,True,1,0.03064516129032258,0.9702660406885759,4
2024-11-04,0x3,Corinthians,Palmeiras,20:00,34.0,4,False,1,0.028787878787878786,0.9720176730486008,4
2024-11-05,0x3,QPR,Middlesbrough,16:45,22.0,1,True,1,0.04523809523809524,0.9567198177676538,1
2024-11-06,0x3,Millwall,Leeds,16:45,23.0,1,True,1,0.04318181818181818,0.9586056644880174,3
2024-11-06,0x3,Instituto,River Plate,21:30,30.0,2,True,1,0.03275862068965517,0.9682804674457429,3
2024-11-06,0x3,Preston,Sunderland,17:00,34.0,3,True,1,0.028787878787878786,0.9720176730486008,3
2024-11-07,0x3,Atlas,Cruz Azul,00:05,22.0,1,True,1,0.04523809523809524,0.9567198177676538,5
2024-11-07,0x3,Plzen,Real Sociedad,17:00,23.0,2,True,1,0.04318181818181818,0.9586056644880174,5
2024-11-07,0x3,Al Kholood,Al Shabab,12:00,26.0,3,True,1,0.038,0.9633911368015414,5
2024-11-07,0x3,CSKA 1948 Sofia,CSKA Sofia,12:30,27.0,4,False,1,0.036538461538461534,0.9647495361781077,5
2024-11-07,0x3,FCSB,Midtjylland,14:45,34.0,5,False,1,0.028787878787878786,0.9720176730486008,5
2024-11-08,0x3,Horn,Floridsdorfer AC,14:00,27.0,1,True,1,0.036538461538461534,0.9647495361781077,3
2024-11-08,0x3,Ch. Odesa,Vorskla Poltava,10:30,34.0,2,True,1,0.028787878787878786,0.9720176730486008,3
2024-11-08,0x3,Aubagne,Le Mans,15:30,34.0,3,True,1,0.028787878787878786,0.9720176730486008,3
2024-11-09,0x3,Sudtirol,Sassuolo,11:00,24.0,1,True,1,0.041304347826086954,0.9603340292275574,8
2024-11-09,0x3,Maidenhead,Forest Green,12:00,24.0,2,True,1,0.041304347826086954,0.9603340292275574,8
2024-11-09,0x3,Kortrijk,Antwerp,12:00,25.0,3,True,1,0.03958333333333333,0.9619238476953909,8
2024-11-09,0x3,Mantova,Cremonese,13:15,26.0,4,False,1,0.038,0.9633911368015414,8
2024-11-09,0x3,Bristol Rovers,Lincoln,12:00,28.0,5,False,1,0.03518518518518518,0.9660107334525939,8
2024-11-09,0x3,Beroe,Cherno More,10:00,30.0,6,False,1,0.03275862068965517,0.9682804674457429,8
2024-11-09,0x3,Hamilton,Livingston,12:00,32.0,7,False,1,0.03064516129032258,0.9702660406885759,8
2024-11-09,0x3,Wigan,Wycombe,12:00,34.0,8,False,1,0.028787878787878786,0.9720176730486008,8
2024-11-10,0x3,Monza,Lazio,14:00,19.5,1,True,1,0.05135135135135135,0.9511568123393317,5
2024-11-10,0x3,Valladolid,Ath Bilbao,14:30,21.0,2,True,1,0.0475,0.9546539379474941,5
2024-11-10,0x3,Sarmiento Junin,Boca Juniors,21:30,24.0,3,True,1,0.041304347826086954,0.9603340292275574,5
2024-11-10,0x3,Montpellier,Brest,13:00,28.0,4,False,1,0.03518518518518518,0.9660107334525939,5
2024-11-10,0x3,Le Havre,Reims,13:00,32.0,5,False,0,-1.0,0.9702660406885759,5
2024-11-11,0x3,Otelul,CFR Cluj,16:00,32.0,1,True,1,0.03064516129032258,0.9702660406885759,1
2024-11-14,0x3,Greece,England,16:45,23.0,1,True,0,-1.0,0.9586056644880174,1
2024-11-15,0x3,Denmark,Spain,16:45,25.0,1,True,1,0.03958333333333333,0.9619238476953909,2
2024-11-15,0x3,Scotland,Croatia,16:45,29.0,2,True,1,0.033928571428571426,0.9671848013816926,2
2024-11-16,0x3,Livingston,Falkirk,12:00,23.0,1,True,1,0.04318181818181818,0.9586056644880174,6
2024-11-16,0x3,Ebbsfleet,Solihull Moors,12:00,24.0,2,True,1,0.041304347826086954,0.9603340292275574,6
2024-11-16,0x3,Andorra,Moldova,14:00,26.0,3,True,1,0.038,0.9633911368015414,6
2024-11-16,0x3,Wealdstone,Rochdale,12:00,29.0,4,False,1,0.033928571428571426,0.9671848013816926,6
2024-11-16,0x3,Ponte Preta,Sport Recife,21:30,29.0,5,False,1,0.033928571428571426,0.9671848013816926,6
2024-11-16,0x3,Albania,Czech Republic,16:45,34.0,6,False,1,0.028787878787878786,0.9720176730486008,6
2024-11-17,0x3,CD Mostoles,Tenerife B,08:00,26.0,1,True,1,0.038,0.9633911368015414,5
2024-11-17,0x3,Finland,Greece,14:00,26.0,2,True,1,0.038,0.9633911368015414,5
2024-11-17,0x3,Sestri Levante,Rimini,11:00,27.0,3,True,0,-1.0,0.9647495361781077,5
2024-11-17,0x3,Tacuary,Nacional Asuncion,17:00,28.0,4,False,1,0.03518518518518518,0.9660107334525939,5
2024-11-17,0x3,Latvia,Armenia,11:00,32.0,5,False,1,0.03064516129032258,0.9702660406885759,5
2024-11-18,0x3,Luxembourg,Northern Ireland,16:45,25.0,1,True,1,0.03958333333333333,0.9619238476953909,1
2024-11-19,0x3,Indonesia,Saudi Arabia,09:00,23.0,1,True,1,0.04318181818181818,0.9586056644880174,2
2024-11-19,0x3,Albania,Ukraine,16:45,32.0,2,True,1,0.03064516129032258,0.9702660406885759,2
2024-11-20,0x3,Cuiaba,Flamengo RJ,19:00,25.0,1,True,1,0.03958333333333333,0.9619238476953909,2
2024-11-20,0x3,Bahia,Palmeiras,18:00,32.0,2,True,1,0.03064516129032258,0.9702660406885759,2
2024-11-21,0x3,Landskrona,Varnamo,15:00,29.0,1,True,1,0.033928571428571426,0.9671848013816926,3
2024-11-21,0x3,Vasco,Internacional,20:00,29.0,2,True,1,0.033928571428571426,0.9671848013816926,3
2024-11-21,0x3,Barracas Central,Belgrano,17:00,32.0,3,True,1,0.03064516129032258,0.9702660406885759,3
2024-11-22,0x3,Al Okhdood,Al Shabab,12:05,32.0,1,True,1,0.03064516129032258,0.9702660406885759,4
2024-11-22,0x3,Clermont,Metz,16:00,34.0,2,True,1,0.028787878787878786,0.9720176730486008,4
2024-11-22,0x3,Martigues,Laval,16:00,34.0,3,False,0,-1.0,0.9720176730486008,4
2024-11-22,0x3,Racing Club Ferrol,Levante,16:30,34.0,4,True,1,0.028787878787878786,0.9720176730486008,4
2024-11-23,0x3,FC Cartagena SAD,Almeria,10:00,19.5,1,True,1,0.05135135135135135,0.9511568123393317,6
2024-11-23,0x3,Sittard,Twente,17:00,21.0,2,True,1,0.0475,0.9546539379474941,6
2024-11-23,0x3,Wellington Phoenix,Melbourne Victory,23:30,21.0,3,True,1,0.0475,0.9546539379474941,6
2024-11-23,0x3,Carlisle,Doncaster,12:00,24.0,4,False,1,0.041304347826086954,0.9603340292275574,6
2024-11-23,0x3,Unterhaching,Wehen,12:30,34.0,5,False,1,0.028787878787878786,0.9720176730486008,6
2024-11-23,0x3,Carrarese,Pisa,11:00,34.0,6,False,1,0.028787878787878786,0.9720176730486008,6
2024-11-24,0x3,Swansea,Leeds,12:00,21.0,1,True,1,0.0475,0.9546539379474941,5
2024-11-24,0x3,Godoy Cruz,Velez Sarsfield,19:15,21.0,2,True,1,0.0475,0.9546539379474941,5
2024-11-24,0x3,Haras El Hodood,Ceramica Cleopatra,15:00,24.0,3,True,1,0.041304347826086954,0.9603340292275574,5
2024-11-24,0x3,Sparta Rotterdam,AZ Alkmaar,10:30,29.0,4,False,1,0.033928571428571426,0.9671848013816926,5
2024-11-24,0x3,Como,Fiorentina,11:00,32.0,5,False,1,0.03064516129032258,0.9702660406885759,5
2024-11-25,0x3,UTA Arad,Univ. Craiova,15:30,24.0,1,True,1,0.041304347826086954,0.9603340292275574,1
2024-11-26,0x3,Cambridge Utd,Bolton,16:45,21.0,1,True,1,0.0475,0.9546539379474941,3
2024-11-26,0x3,Tranmere,AFC Wimbledon,16:45,30.0,2,True,1,0.03275862068965517,0.9682804674457429,3
2024-11-26,0x3,Leyton Orient,Huddersfield,16:45,32.0,3,True,1,0.03064516129032258,0.9702660406885759,3
2024-11-28,0x3,Club Tijuana,Cruz Azul,00:10,27.0,1,True,1,0.036538461538461534,0.9647495361781077,1
2024-11-29,0x3,Reggiana,Sassuolo,16:30,21.0,1,True,1,0.0475,0.9546539379474941,3
2024-11-29,0x3,Piast Gliwice,Lech Poznan,16:30,25.0,2,True,1,0.03958333333333333,0.9619238476953909,3
2024-11-29,0x3,Estudiantes L.P.,River Plate,21:00,32.0,3,True,1,0.03064516129032258,0.9702660406885759,3
2024-11-30,0x3,Blackburn,Leeds,10:30,21.0,1,True,1,0.0475,0.9546539379474941,12
2024-11-30,0x3,Cuiaba,Bahia,19:30,22.0,2,True,1,0.04523809523809524,0.9567198177676538,12
2024-11-30,0x3,Adana Demirspor,Konyaspor,10:00,23.0,3,True,1,0.04318181818181818,0.9586056644880174,12
2024-11-30,0x3,Oxford Utd,Millwall,09:30,27.0,4,False,1,0.036538461538461534,0.9647495361781077,12
2024-11-30,0x3,Widzew Lodz,Rakow,16:15,29.0,5,False,1,0.033928571428571426,0.9671848013816926,12
2024-11-30,0x3,Banfield,Lanus,19:30,29.0,6,False,1,0.033928571428571426,0.9671848013816926,12
2024-11-30,0x3,Braintree,Gateshead,12:00,29.0,7,False,1,0.033928571428571426,0.9671848013816926,12
2024-11-30,0x3,Espanyol,Celta Vigo,14:30,30.0,8,False,1,0.03275862068965517,0.9682804674457429,12
2024-11-30,0x3,Criciuma,Corinthians,19:30,30.0,9,False,1,0.03275862068965517,0.9682804674457429,12
2024-11-30,0x3,Preston,West Brom,12:00,34.0,10,False,1,0.028787878787878786,0.9720176730486008,12
2024-11-30,0x3,Sudtirol,Cremonese,11:00,34.0,11,False,1,0.028787878787878786,0.9720176730486008,12
2024-11-30,0x3,Stoke,Burnley,12:00,34.0,12,False,1,0.028787878787878786,0.9720176730486008,12
2024-12-01,0x3,Stal Mielec,Legia,13:30,24.0,1,True,1,0.041304347826086954,0.9603340292275574,7
2024-12-01,0x3,Silkeborg,Aarhus,14:00,25.0,2,True,1,0.03958333333333333,0.9619238476953909,7
2024-12-01,0x3,Winterthur,Sion,10:15,26.0,3,True,1,0.038,0.9633911368015414,7
2024-12-01,0x3,Orense,Ind. del Valle,17:30,26.0,4,False,1,0.038,0.9633911368015414,7
2024-12-01,0x3,Lok. Plovdiv,Botev Plovdiv,07:30,32.0,5,False,1,0.03064516129032258,0.9702660406885759,7
2024-12-01,0x3,Sestri Levante,Perugia,11:00,32.0,6,False,1,0.03064516129032258,0.9702660406885759,7
2024-12-01,0x3,Estoril,Famalicao,12:30,34.0,7,False,1,0.028787878787878786,0.9720176730486008,7
2024-12-02,0x3,Hatayspor,Besiktas,14:00,22.0,1,True,1,0.04523809523809524,0.9567198177676538,3
2024-12-02,0x3,AS Roma,Atalanta,16:45,30.0,2,True,1,0.03275862068965517,0.9682804674457429,3
2024-12-02,0x3,Barracas Central,Tigre,17:00,32.0,3,True,1,0.03064516129032258,0.9702660406885759,3
2024-12-03,0x3,Exeter,Wycombe,16:45,25.0,1,True,1,0.03958333333333333,0.9619238476953909,3
2024-12-03,0x3,Cheltenham,Port Vale,16:45,28.0,2,True,1,0.03518518518518518,0.9660107334525939,3
2024-12-03,0x3,Ipswich,Crystal Palace,16:30,34.0,3,True,1,0.028787878787878786,0.9720176730486008,3
2024-12-04,0x3,Oleksandriya,Dyn. Kyiv,10:30,27.0,1,True,1,0.036538461538461534,0.9647495361781077,7
2024-12-04,0x3,Shrewsbury,Blackpool,16:45,27.0,2,True,1,0.036538461538461534,0.9647495361781077,7
2024-12-04,0x3,Cruzeiro,Palmeiras,21:30,27.0,3,True,1,0.036538461538461534,0.9647495361781077,7
2024-12-04,0x3,Criciuma,Flamengo RJ,20:00,29.0,4,False,0,-1.0,0.9671848013816926,7
2024-12-04,0x3,Ath Bilbao,Real Madrid,17:00,32.0,5,False,1,0.03064516129032258,0.9702660406885759,7
2024-12-04,0x3,FK Pardubice,Sigma Olomouc,13:30,32.0,6,False,1,0.03064516129032258,0.9702660406885759,7
2024-12-04,0x3,Dukla Prague,Slovacko,13:30,34.0,7,False,1,0.028787878787878786,0.9720176730486008,7
2024-12-06,0x3,Kapfenberg,Admira,16:30,25.0,1,True,1,0.03958333333333333,0.9619238476953909,1
2024-12-07,0x3,AC Ajaccio,Paris FC,16:00,25.0,1,True,1,0.03958333333333333,0.9619238476953909,8
2024-12-07,0x3,Mansfield,Huddersfield,12:00,28.0,2,True,1,0.03518518518518518,0.9660107334525939,8
2024-12-07,0x3,Al Taawon,Al Ahli SC,14:00,30.0,3,True,1,0.03275862068965517,0.9682804674457429,8
2024-12-07,0x3,Mantova,Pisa,11:00,32.0,4,False,1,0.03064516129032258,0.9702660406885759,8
2024-12-07,0x3,Portsmouth,Bristol City,12:00,32.0,5,False,1,0.03064516129032258,0.9702660406885759,8
2024-12-07,0x3,QPR,Norwich,12:00,32.0,6,False,1,0.03064516129032258,0.9702660406885759,8
2024-12-07,0x3,Central Cordoba,Racing Club,21:15,32.0,7,False,1,0.03064516129032258,0.9702660406885759,8
2024-12-07,0x3,Carrarese,Palermo,11:00,34.0,8,False,1,0.028787878787878786,0.9720176730486008,8
2024-12-08,0x3,Leganes,Real Sociedad,10:00,22.0,1,True,0,-1.0,0.9567198177676538,6
2024-12-08,0x3,Dep. Pasto,Millonarios,21:00,22.0,2,True,1,0.04523809523809524,0.9567198177676538,6
2024-12-08,0x3,Newells Old Boys,Boca Juniors,21:00,28.0,3,False,1,0.03518518518518518,0.9660107334525939,6
2024-12-08,0x3,Zaglebie,Legia,13:30,28.0,4,True,0,-1.0,0.9660107334525939,6
2024-12-08,0x3,Cuiaba,Vasco,16:00,34.0,5,False,1,0.028787878787878786,0.9720176730486008,6
2024-12-08,0x3,Boluspor,Ankaragucu,10:00,34.0,6,False,1,0.028787878787878786,0.9720176730486008,6
2024-12-09,0x3,FC Cartagena SAD,Gijon,16:30,27.0,1,True,1,0.036538461538461534,0.9647495361781077,1
2024-12-10,0x3,Portsmouth,Norwich,16:45,30.0,1,True,1,0.03275862068965517,0.9682804674457429,1
2024-12-14,0x3,Frosinone,Sassuolo,11:00,23.0,1,True,1,0.04318181818181818,0.9586056644880174,5
2024-12-14,0x3,Auxerre,Lens,15:00,23.0,2,True,1,0.04318181818181818,0.9586056644880174,5
2024-12-14,0x3,Yverdon,Sion,14:00,25.0,3,True,1,0.03958333333333333,0.9619238476953909,5
2024-12-14,0x3,Exeter,Barnsley,12:00,30.0,4,False,1,0.03275862068965517,0.9682804674457429,5
2024-12-14,0x3,Maidenhead,Solihull Moors,12:00,32.0,5,False,1,0.03064516129032258,0.9702660406885759,5
2024-12-15,0x3,Farul Constanta,FCSB,15:45,25.0,1,True,1,0.03958333333333333,0.9619238476953909,5
2024-12-15,0x3,NAC Breda,AZ Alkmaar,16:00,25.0,2,True,1,0.03958333333333333,0.9619238476953909,5
2024-12-15,0x3,Como,AS Roma,14:00,26.0,3,True,1,0.038,0.9633911368015414,5
2024-12-15,0x3,Alaves,Ath Bilbao,12:15,30.0,4,False,1,0.03275862068965517,0.9682804674457429,5
2024-12-15,0x3,Cittadella,Cremonese,11:00,30.0,5,False,1,0.03275862068965517,0.9682804674457429,5
2024-12-16,0x3,Lazio,Inter,16:45,25.0,1,True,1,0.03958333333333333,0.9619238476953909,2
2024-12-16,0x3,Rio Ave,Vitoria Guimaraes,17:45,28.0,2,True,1,0.03518518518518518,0.9660107334525939,2
2024-12-18,0x3,Racing Club Ferrol,Almeria,15:00,22.0,1,True,1,0.04523809523809524,0.9567198177676538,1
2024-12-19,0x3,Botev Plovdiv,Ludogorets,12:00,30.0,1,True,1,0.03275862068965517,0.9682804674457429,1
2024-12-20,0x3,Cambridge Utd,Huddersfield,16:45,24.0,1,True,1,0.041304347826086954,0.9603340292275574,2
2024-12-20,0x3,FC Cartagena SAD,Albacete,16:30,28.0,2,True,1,0.03518518518518518,0.9660107334525939,2
2024-12-21,0x3,Bristol Rovers,Wrexham,09:30,21.0,1,True,1,0.0475,0.9546539379474941,9
2024-12-21,0x3,Portsmouth,Coventry,09:30,23.0,2,True,1,0.04318181818181818,0.9586056644880174,9
2024-12-21,0x3,Sivasspor,Samsunspor,10:00,26.0,3,True,1,0.038,0.9633911368015414,9
2024-12-21,0x3,Braintree,Oldham,12:00,26.0,4,False,1,0.038,0.9633911368015414,9
2024-12-21,0x3,Osasuna,Ath Bilbao,14:30,27.0,5,False,1,0.036538461538461534,0.9647495361781077,9
2024-12-21,0x3,Northampton,Charlton,12:00,28.0,6,False,1,0.03518518518518518,0.9660107334525939,9
2024-12-21,0x3,Ross County,St. Mirren,12:00,28.0,7,False,1,0.03518518518518518,0.9660107334525939,9
2024-12-21,0x3,Holstein Kiel,Augsburg,11:30,32.0,8,False,1,0.03064516129032258,0.9702660406885759,9
2024-12-21,0x3,Almere City,Heerenveen,14:45,32.0,9,False,1,0.03064516129032258,0.9702660406885759,9
2024-12-22,0x3,Leganes,Villarreal,14:30,24.0,1,True,1,0.041304347826086954,0.9603340292275574,3
2024-12-22,0x3,Santa Clara,Braga,14:00,34.0,2,True,1,0.028787878787878786,0.9720176730486008,3
2024-12-22,0x3,Real Aviles,Numancia,14:00,34.0,3,True,1,0.028787878787878786,0.9720176730486008,3
2024-12-26,0x3,Kortrijk,Charleroi,12:00,30.0,1,True,1,0.03275862068965517,0.9682804674457429,1
2024-12-28,0x3,Central Coast Mariners,Auckland FC,03:00,34.0,1,True,1,0.028787878787878786,0.9720176730486008,1
2024-12-29,0x3,SC Farense,Vitoria Guimaraes,12:30,21.0,1,True,1,0.0475,0.9546539379474941,5
2024-12-29,0x3,Ross County,Hearts,12:00,24.0,2,True,1,0.041304347826086954,0.9603340292275574,5
2024-12-29,0x3,Stoke,Sunderland,12:00,30.0,3,True,1,0.03275862068965517,0.9682804674457429,5
2024-12-29,0x3,Cheltenham,Notts Co,12:00,32.0,4,False,1,0.03064516129032258,0.9702660406885759,5
2024-12-29,0x3,Cittadella,Palermo,13:15,32.0,5,False,1,0.03064516129032258,0.9702660406885759,5
2024-12-31,0x3,Morton,Partick Thistle,12:00,29.0,1,True,1,0.033928571428571426,0.9671848013816926,1
2025-01-03,0x3,Vitoria Guimaraes,Sporting CP,17:15,23.0,1,True,1,0.04318181818181818,0.9586056644880174,1
2025-01-04,0x3,St Etienne,Reims,13:00,27.0,1,True,1,0.036538461538461534,0.9647495361781077,3
2025-01-04,0x3,Blackburn,Burnley,09:30,32.0,2,True,1,0.03064516129032258,0.9702660406885759,3
2025-01-04,0x3,Boavista,Arouca,17:30,34.0,3,True,1,0.028787878787878786,0.9720176730486008,3
2025-01-05,0x3,Giugliano,Avellino,13:30,26.0,1,True,1,0.038,0.9633911368015414,5
2025-01-05,0x3,Oliveirense,Felgueiras,08:00,27.0,2,True,0,-1.0,0.9647495361781077,5
2025-01-05,0x3,Adanaspor AS,Amedspor,13:00,27.0,3,True,1,0.036538461538461534,0.9647495361781077,5
2025-01-05,0x3,Racing Santander,Celta Vigo,11:30,28.0,4,False,1,0.03518518518518518,0.9660107334525939,5
2025-01-05,0x3,Angers,Brest,11:00,32.0,5,False,1,0.03064516129032258,0.9702660406885759,5
2025-01-06,0x3,Wolves,Nottingham,17:00,30.0,1,True,0,-1.0,0.9682804674457429,1
2025-01-08,0x3,Edinburgh City,East Fife,17:00,32.0,1,True,1,0.03064516129032258,0.9702660406885759,1
2025-01-11,0x3,Torino,Juventus,14:00,22.0,1,True,1,0.04523809523809524,0.9567198177676538,8
2025-01-11,0x3,Atl. San Luis,Tigres UANL,20:00,26.0,2,True,1,0.038,0.9633911368015414,8
2025-01-11,0x3,Edinburgh City,Peterhead,12:00,27.0,3,True,1,0.036538461538461534,0.9647495361781077,8
2025-01-11,0x3,Caldiero Terme,Triestina,11:00,29.0,4,False,1,0.033928571428571426,0.9671848013816926,8
2025-01-11,0x3,Kayserispor,Samsunspor,07:30,30.0,5,False,1,0.03275862068965517,0.9682804674457429,8
2025-01-11,0x3,Hatayspor,Rizespor,10:00,30.0,6,False,1,0.03275862068965517,0.9682804674457429,8
2025-01-11,0x3,Heidenheim,Union Berlin,11:30,34.0,7,False,1,0.028787878787878786,0.9720176730486008,8
2025-01-11,0x3,Rennes,Marseille,17:05,34.0,8,False,1,0.028787878787878786,0.9720176730486008,8
2025-01-12,0x3,Salernitana,Sassuolo,08:30,22.0,1,True,1,0.04523809523809524,0.9567198177676538,1
2025-01-13,0x3,Monza,Fiorentina,16:45,22.0,1,True,1,0.04523809523809524,0.9567198177676538,1
2025-01-14,0x3,Como,AC Milan,14:30,23.0,1,True,1,0.04318181818181818,0.9586056644880174,1
2025-01-15,0x3,Everton,Aston Villa,16:30,32.0,1,True,1,0.03064516129032258,0.9702660406885759,1
2025-01-16,0x3,Shrewsbury,Wrexham,17:00,21.0,1,True,1,0.0475,0.9546539379474941,1
2025-01-17,0x3,Regensburg,Hannover,14:30,20.0,1,True,1,0.049999999999999996,0.9523809523809524,4
2025-01-17,0x3,Sanliurfaspor,Ankaragucu,14:00,29.0,2,True,1,0.033928571428571426,0.9671848013816926,4
2025-01-17,0x3,Giugliano,Audace Cerignola,16:30,29.0,3,True,1,0.033928571428571426,0.9671848013816926,4
2025-01-17,0x3,Amiens,Bastia,16:00,34.0,4,False,1,0.028787878787878786,0.9720176730486008,4
2025-01-18,0x3,Bristol Rovers,Barnsley,12:00,27.0,1,True,1,0.036538461538461534,0.9647495361781077,5
2025-01-18,0x3,Stuttgart II,Hansa Rostock,10:00,30.0,2,True,0,-1.0,0.9682804674457429,5
2025-01-18,0x3,Northampton,Lincoln,11:00,30.0,3,True,1,0.03275862068965517,0.9682804674457429,5
2025-01-18,0x3,Braintree,Solihull Moors,12:00,32.0,4,False,1,0.03064516129032258,0.9702660406885759,5
2025-01-18,0x3,Oxford Utd,Blackburn,12:00,34.0,5,False,1,0.028787878787878786,0.9720176730486008,5
2025-01-19,0x3,Aris,PAOK,14:00,19.5,1,True,1,0.05135135135135135,0.9511568123393317,3
2025-01-19,0x3,Kortrijk,Anderlecht,09:30,27.0,2,True,1,0.036538461538461534,0.9647495361781077,3
2025-01-19,0x3,FC Botosani,CFR Cluj,13:00,28.0,3,True,1,0.03518518518518518,0.9660107334525939,3
2025-01-20,0x3,Boavista,Casa Pia,17:15,30.0,1,True,1,0.03275862068965517,0.9682804674457429,1
2025-01-21,0x3,Derby,Sunderland,16:45,27.0,1,True,1,0.036538461538461534,0.9647495361781077,2
2025-01-21,0x3,Bologna,Dortmund,17:00,32.0,2,True,1,0.03064516129032258,0.9702660406885759,2
2025-01-22,0x3,ZED,Pyramids,14:00,28.0,1,True,1,0.03518518518518518,0.9660107334525939,1
2025-01-23,0x3,Modern Sport,Zamalek,14:00,30.0,1,True,1,0.03275862068965517,0.9682804674457429,1
2025-01-24,0x3,Martigues,Amiens,16:00,29.0,1,True,1,0.033928571428571426,0.9671848013816926,1
2025-01-25,0x3,Raith,Falkirk,12:00,26.0,1,True,1,0.038,0.9633911368015414,8
2025-01-25,0x3,Ross County,Hibernian,12:00,27.0,2,True,1,0.036538461538461534,0.9647495361781077,8
2025-01-25,0x3,Empoli,Bologna,16:45,27.0,3,True,1,0.036538461538461534,0.9647495361781077,8
2025-01-25,0x3,Preston,Middlesbrough,12:00,29.0,4,False,1,0.033928571428571426,0.9671848013816926,8
2025-01-25,0x3,Ebbsfleet,Braintree,12:00,34.0,5,False,1,0.028787878787878786,0.9720176730486008,8
2025-01-25,0x3,Exeter,Blackpool,12:00,34.0,6,False,1,0.028787878787878786,0.9720176730486008,8
2025-01-25,0x3,Cambridge Utd,Mansfield,09:30,34.0,7,False,1,0.028787878787878786,0.9720176730486008,8
2025-01-25,0x3,Strasbourg,Lille,15:00,34.0,8,False,1,0.028787878787878786,0.9720176730486008,8
2025-01-26,0x3,Estoril,Vitoria Guimaraes,12:30,23.0,1,True,1,0.04318181818181818,0.9586056644880174,7
2025-01-26,0x3,UTA Arad,FCSB,15:00,25.0,2,True,1,0.03958333333333333,0.9619238476953909,7
2025-01-26,0x3,Lamia,Aris,12:00,29.0,3,True,1,0.033928571428571426,0.9671848013816926,7
2025-01-26,0x3,Udinese,AS Roma,11:00,32.0,4,False,1,0.03064516129032258,0.9702660406885759,7
2025-01-26,0x3,Albacete,Almeria,12:15,32.0,5,False,1,0.03064516129032258,0.9702660406885759,7
2025-01-26,0x3,Le Havre,Brest,11:00,34.0,6,False,1,0.028787878787878786,0.9720176730486008,7
2025-01-26,0x3,Foggia,Benevento,11:00,34.0,7,False,1,0.028787878787878786,0.9720176730486008,7
2025-01-28,0x3,Exeter,Leyton Orient,16:45,32.0,1,True,1,0.03064516129032258,0.9702660406885759,1
2025-01-29,0x3,Queretaro,Pachuca,22:00,24.0,1,True,1,0.041304347826086954,0.9603340292275574,2
2025-01-29,0x3,Necaxa,Cruz Azul,00:05,28.0,2,True,1,0.03518518518518518,0.9660107334525939,2
2025-01-31,0x3,Boavista,Famalicao,17:15,32.0,1,True,1,0.03064516129032258,0.9702660406885759,2
2025-01-31,0x3,Grenoble,Rodez,16:00,34.0,2,True,1,0.028787878787878786,0.9720176730486008,2
2025-02-01,0x3,Cambridge Utd,Wycombe,12:00,25.0,1,True,1,0.03958333333333333,0.9619238476953909,3
2025-02-01,0x3,Gillingham,Notts Co,09:30,29.0,2,True,1,0.033928571428571426,0.9671848013816926,3
2025-02-01,0x3,Oxford Utd,Bristol City,09:30,34.0,3,True,1,0.028787878787878786,0.9720176730486008,3
2025-02-02,0x3,San Lorenzo,River Plate,17:00,21.0,1,True,1,0.0475,0.9546539379474941,7
2025-02-02,0x3,Slovacko,Sparta Prague,09:00,24.0,2,True,1,0.041304347826086954,0.9603340292275574,7
2025-02-02,0x3,FC Cartagena SAD,Cordoba,14:30,30.0,3,True,1,0.03275862068965517,0.9682804674457429,7
2025-02-02,0x3,Francs Borains,Patro Eisden,09:30,30.0,4,False,1,0.03275862068965517,0.9682804674457429,7
2025-02-02,0x3,Athens Kallithea,Aris,12:00,32.0,5,False,1,0.03064516129032258,0.9702660406885759,7
2025-02-02,0x3,Sanliurfaspor,Istanbulspor AS,07:30,34.0,6,False,1,0.028787878787878786,0.9720176730486008,7
2025-02-02,0x3,Salernitana,Cremonese,11:00,34.0,7,False,1,0.028787878787878786,0.9720176730486008,7
2025-02-03,0x3,Cagliari,Lazio,16:45,23.0,1,True,1,0.04318181818181818,0.9586056644880174,2
2025-02-03,0x3,Moreirense,Braga,15:45,26.0,2,True,1,0.038,0.9633911368015414,2
2025-02-04,0x3,Schaffhausen,Lausanne Ouchy,15:30,29.0,1,True,1,0.033928571428571426,0.9671848013816926,2
2025-02-04,0x3,Grasshoppers,Lausanne,16:30,29.0,2,True,1,0.033928571428571426,0.9671848013816926,2
2025-02-05,0x3,Coventry,Leeds,16:45,21.0,1,True,1,0.0475,0.9546539379474941,1
2025-02-06,0x3,Petrolul,FCSB,15:30,25.0,1,True,1,0.03958333333333333,0.9619238476953909,1
2025-02-07,0x3,Como,Juventus,16:45,25.0,1,True,1,0.03958333333333333,0.9619238476953909,2
2025-02-07,0x3,Ayr,Hibernian,16:45,32.0,2,True,1,0.03064516129032258,0.9702660406885759,2
2025-02-08,0x3,Bonnyrigg Rose,Peterhead,12:00,27.0,1,True,1,0.036538461538461534,0.9647495361781077,5
2025-02-08,0x3,St Etienne,Rennes,17:05,28.0,2,True,1,0.03518518518518518,0.9660107334525939,5
2025-02-08,0x3,Coventry,Ipswich,12:00,32.0,3,True,1,0.03064516129032258,0.9702660406885759,5
2025-02-08,0x3,Everton,Bournemouth,12:00,34.0,4,False,1,0.028787878787878786,0.9720176730486008,5
2025-02-08,0x3,Maidenhead,Southend,12:00,34.0,5,False,1,0.028787878787878786,0.9720176730486008,5
2025-02-09,0x3,Juarez,Monterrey,00:00,25.0,1,True,1,0.03958333333333333,0.9619238476953909,3
2025-02-09,0x3,Aris,Panathinaikos,14:30,25.0,2,True,1,0.03958333333333333,0.9619238476953909,3
2025-02-09,0x3,Antalyaspor,Basaksehir,13:00,34.0,3,True,1,0.028787878787878786,0.9720176730486008,3
2025-02-10,0x3,UTA Arad,CFR Cluj,15:00,27.0,1,True,1,0.036538461538461534,0.9647495361781077,1
2025-02-13,0x3,Gent,Betis,17:00,24.0,1,True,0,-1.0,0.9603340292275574,3
2025-02-13,0x3,Midtjylland,Real Sociedad,14:45,26.0,2,True,1,0.038,0.9633911368015414,3
2025-02-13,0x3,San Martin S.J.,Talleres Cordoba,20:00,28.0,3,True,1,0.03518518518518518,0.9660107334525939,3
2025-02-14,0x3,Augsburg,RB Leipzig,16:30,29.0,1,True,1,0.033928571428571426,0.9671848013816926,2
2025-02-14,0x3,Cork City,Galway,16:45,32.0,2,True,1,0.03064516129032258,0.9702660406885759,2
2025-02-15,0x3,Shrewsbury,Bolton,12:00,28.0,1,True,1,0.03518518518518518,0.9660107334525939,5
2025-02-15,0x3,Northampton,Wrexham,09:30,28.0,2,True,1,0.03518518518518518,0.9660107334525939,5
2025-02-15,0x3,Okayama,Kyoto,02:00,32.0,3,True,1,0.03064516129032258,0.9702660406885759,5
2025-02-15,0x3,Preston,Burnley,09:30,34.0,4,False,1,0.028787878787878786,0.9720176730486008,5
2025-02-15,0x3,Wolfsberger AC,Sturm Graz,13:00,34.0,5,False,1,0.028787878787878786,0.9720176730486008,5
2025-02-16,0x3,Chrobry Glogow,Wisla Plock,13:00,22.0,1,True,1,0.04523809523809524,0.9567198177676538,11
2025-02-16,0x3,Valladolid,Sevilla,12:15,24.0,2,True,1,0.041304347826086954,0.9603340292275574,11
2025-02-16,0x3,Heidenheim,Mainz,15:30,27.0,3,True,1,0.036538461538461534,0.9647495361781077,11
2025-02-16,0x3,Juventus,Inter,16:45,27.0,4,False,1,0.036538461538461534,0.9647495361781077,11
2025-02-16,0x3,Teplice,Plzen,11:30,30.0,5,False,1,0.03275862068965517,0.9682804674457429,11
2025-02-16,0x3,Levadiakos,Aris,10:00,30.0,6,False,1,0.03275862068965517,0.9682804674457429,11
2025-02-16,0x3,Grasshoppers,Servette,12:30,30.0,7,False,1,0.03275862068965517,0.9682804674457429,11
2025-02-16,0x3,Grazer AK,LASK,10:30,34.0,8,False,1,0.028787878787878786,0.9720176730486008,11
2025-02-16,0x3,St. Mirren,Hibernian,11:00,34.0,9,False,1,0.028787878787878786,0.9720176730486008,11
2025-02-16,0x3,Hatayspor,Alanyaspor,07:30,34.0,10,False,1,0.028787878787878786,0.9720176730486008,11
2025-02-16,0x3,Amorebieta,Ponferradina,08:00,34.0,11,False,1,0.028787878787878786,0.9720176730486008,11
2025-02-18,0x3,Morecambe,Doncaster,16:45,24.0,1,True,1,0.041304347826086954,0.9603340292275574,2
2025-02-18,0x3,Shrewsbury,Huddersfield,16:45,28.0,2,True,1,0.03518518518518518,0.9660107334525939,2
2025-02-21,0x3,Lyngby,Randers FC,15:00,22.0,1,True,1,0.04523809523809524,0.9567198177676538,7
2025-02-21,0x3,Oss,FC Emmen,16:00,25.0,2,True,1,0.03958333333333333,0.9619238476953909,7
2025-02-21,0x3,Waterford,Shelbourne,16:45,27.0,3,True,1,0.036538461538461534,0.9647495361781077,7
2025-02-21,0x3,Hillerod,Odense,15:00,28.0,4,False,1,0.03518518518518518,0.9660107334525939,7
2025-02-21,0x3,Eyupspor,Besiktas,14:00,29.0,5,False,1,0.033928571428571426,0.9671848013816926,7
2025-02-21,0x3,Martigues,Annecy,16:00,32.0,6,False,1,0.03064516129032258,0.9702660406885759,7
2025-02-21,0x3,Sampdoria,Sassuolo,16:30,32.0,7,False,1,0.03064516129032258,0.9702660406885759,7
2025-02-22,0x3,Parma,Bologna,11:00,22.0,1,True,1,0.04523809523809524,0.9567198177676538,9
2025-02-22,0x3,Torino,AC Milan,14:00,22.0,2,True,1,0.04523809523809524,0.9567198177676538,9
2025-02-22,0x3,Al Taawon,Al Shabab,11:05,24.0,3,True,1,0.041304347826086954,0.9603340292275574,9
2025-02-22,0x3,Rukh Lviv,LNZ Cherkasy,13:00,25.0,4,False,1,0.03958333333333333,0.9619238476953909,9
2025-02-22,0x3,Valencia,Atl. Madrid,14:30,25.0,5,False,0,-1.0,0.9619238476953909,9
2025-02-22,0x3,Cherno More,Ludogorets,12:30,27.0,6,False,1,0.036538461538461534,0.9647495361781077,9
2025-02-22,0x3,FK Pardubice,Mlada Boleslav,12:00,32.0,7,False,0,-1.0,0.9702660406885759,9
2025-02-22,0x3,Accrington,Doncaster,12:00,34.0,8,False,1,0.028787878787878786,0.9720176730486008,9
2025-02-22,0x3,Kelty Hearts,Inverness,12:00,34.0,9,False,1,0.028787878787878786,0.9720176730486008,9
2025-02-23,0x3,Cagliari,Juventus,16:45,23.0,1,True,1,0.04318181818181818,0.9586056644880174,11
2025-02-23,0x3,Verona,Fiorentina,11:00,24.0,2,True,1,0.041304347826086954,0.9603340292275574,11
2025-02-23,0x3,Le Havre,Toulouse,13:15,26.0,3,True,1,0.038,0.9633911368015414,11
2025-02-23,0x3,St Johnstone,Hearts,09:00,26.0,4,False,1,0.038,0.9633911368015414,11
2025-02-23,0x3,Mansfield,Wrexham,12:00,27.0,5,False,1,0.036538461538461534,0.9647495361781077,11
2025-02-23,0x3,Plzen,Slavia Prague,14:30,28.0,6,False,1,0.03518518518518518,0.9660107334525939,11
2025-02-23,0x3,Nantes,Lens,11:00,29.0,7,False,1,0.033928571428571426,0.9671848013816926,11
2025-02-23,0x3,Como,Napoli,08:30,30.0,8,False,1,0.03275862068965517,0.9682804674457429,11
2025-02-23,0x3,Kayserispor,Goztepe,07:30,32.0,9,False,1,0.03064516129032258,0.9702660406885759,11
2025-02-23,0x3,UNAM Pumas,Club America,00:05,32.0,10,False,1,0.03064516129032258,0.9702660406885759,11
2025-02-23,0x3,Deportes Tolima,America De Cali,22:20,34.0,11,False,1,0.028787878787878786,0.9720176730486008,11
2025-02-24,0x3,Farul Constanta,FC Rapid Bucuresti,15:00,32.0,1,True,1,0.03064516129032258,0.9702660406885759,1
2025-02-26,0x3,Mazatlan FC,Monterrey,03:00,22.0,1,True,1,0.04523809523809524,0.9567198177676538,3
2025-02-26,0x3,Nottingham,Arsenal,19:30,24.0,2,True,1,0.041304347826086954,0.9603340292275574,3
2025-02-26,0x3,Real Sociedad,Real Madrid,20:30,25.0,3,True,1,0.03958333333333333,0.9619238476953909,3
2025-02-27,0x3,Heracles,AZ Alkmaar,16:00,21.0,1,True,1,0.0475,0.9546539379474941,2
2025-02-27,0x3,Atl. San Luis,Guadalajara Chivas,00:05,27.0,2,True,1,0.036538461538461534,0.9647495361781077,2
2025-02-28,0x3,Wellington Phoenix,Melbourne City,03:30,20.0,1,True,1,0.049999999999999996,0.9523809523809524,5
2025-02-28,0x3,FC Cartagena SAD,Eibar,16:30,25.0,2,True,1,0.03958333333333333,0.9619238476953909,5
2025-02-28,0x3,Sepsi Sf. Gheorghe,CFR Cluj,15:00,27.0,3,True,1,0.036538461538461534,0.9647495361781077,5
2025-02-28,0x3,Annecy,Paris FC,16:00,28.0,4,False,1,0.03518518518518518,0.9660107334525939,5
2025-02-28,0x3,Amstetten,St. Polten,14:00,29.0,5,False,1,0.033928571428571426,0.9671848013816926,5
2025-03-01,0x3,St. Pauli,Dortmund,11:30,22.0,1,True,1,0.04523809523809524,0.9567198177676538,10
2025-03-01,0x3,Groningen,Twente,16:00,24.0,2,True,1,0.041304347826086954,0.9603340292275574,10
2025-03-01,0x3,Oxford Utd,Coventry,09:30,27.0,3,True,1,0.036538461538461534,0.9647495361781077,10
2025-03-01,0x3,Bristol Rovers,Rotherham,12:00,32.0,4,False,1,0.03064516129032258,0.9702660406885759,10
2025-03-01,0x3,Volos,Aris,12:00,32.0,5,False,1,0.03064516129032258,0.9702660406885759,10
2025-03-01,0x3,Oldham,Barnet,12:00,32.0,6,False,0,-1.0,0.9702660406885759,10
2025-03-01,0x3,Dumbarton,Stenhousemuir,12:00,32.0,7,False,1,0.03064516129032258,0.9702660406885759,10
2025-03-01,0x3,Carrarese,Cremonese,11:00,34.0,8,False,1,0.028787878787878786,0.9720176730486008,10
2025-03-01,0x3,Tranmere,Port Vale,09:30,34.0,9,False,1,0.028787878787878786,0.9720176730486008,10
2025-03-01,0x3,Preston,Burnley,09:15,34.0,10,False,1,0.028787878787878786,0.9720176730486008,10
2025-03-02,0x3,Rio Ave,Braga,17:30,22.0,1,True,1,0.04523809523809524,0.9567198177676538,8
2025-03-02,0x3,Monza,Torino,08:30,24.0,2,True,1,0.041304347826086954,0.9603340292275574,8
2025-03-02,0x3,Montpellier,Rennes,13:15,28.0,3,True,1,0.03518518518518518,0.9660107334525939,8
2025-03-02,0x3,Boavista,Santa Clara,12:30,28.0,4,False,1,0.03518518518518518,0.9660107334525939,8
2025-03-02,0x3,A. Klagenfurt,LASK,10:30,30.0,5,False,1,0.03275862068965517,0.9682804674457429,8
2025-03-02,0x3,UNAM Pumas,Guadalajara Chivas,00:10,32.0,6,False,1,0.03064516129032258,0.9702660406885759,8
2025-03-02,0x3,Angers,Toulouse,13:15,34.0,7,False,1,0.028787878787878786,0.9720176730486008,8
2025-03-02,0x3,FC Rapid Bucuresti,FCSB,15:00,34.0,8,False,1,0.028787878787878786,0.9720176730486008,8
2025-03-04,0x3,Cardiff,Burnley,16:45,24.0,1,True,1,0.041304347826086954,0.9603340292275574,7
2025-03-04,0x3,PSV,Arsenal,17:00,24.0,2,True,1,0.041304347826086954,0.9603340292275574,7
2025-03-04,0x3,Fortaleza,Atl. Nacional,22:30,24.0,3,True,1,0.041304347826086954,0.9603340292275574,7
2025-03-04,0x3,Bolton,Birmingham,16:45,27.0,4,False,1,0.036538461538461534,0.9647495361781077,7
2025-03-04,0x3,Enppi,Zamalek,16:00,28.0,5,False,0,-1.0,0.9660107334525939,7
2025-03-04,0x3,Morecambe,AFC Wimbledon,16:45,30.0,6,False,1,0.03275862068965517,0.9682804674457429,7
2025-03-04,0x3,Carlisle,Walsall,16:45,32.0,7,False,1,0.03064516129032258,0.9702660406885759,7
2025-03-06,0x3,Plzen,Lazio,17:00,20.0,1,True,1,0.049999999999999996,0.9523809523809524,3
2025-03-06,0x3,FCSB,Lyon,14:45,23.0,2,True,1,0.04318181818181818,0.9586056644880174,3
2025-03-06,0x3,Panathinaikos,Fiorentina,14:45,34.0,3,True,1,0.028787878787878786,0.9720176730486008,3
2025-03-07,0x3,Farul Constanta,U. Cluj,15:00,28.0,1,True,1,0.03518518518518518,0.9660107334525939,2
2025-03-07,0x3,Bourg en Bresse,Nancy,15:30,29.0,2,True,1,0.033928571428571426,0.9671848013816926,2
2025-03-08,0x3,Bristol Rovers,Huddersfield,12:00,22.0,1,True,1,0.04523809523809524,0.9567198177676538,10
2025-03-08,0x3,Lecce,AC Milan,14:00,22.0,2,True,1,0.04523809523809524,0.9567198177676538,10
2025-03-08,0x3,Rimini,Ternana,11:00,27.0,3,True,1,0.036538461538461534,0.9647495361781077,10
2025-03-08,0x3,Braga,FC Porto,17:30,27.0,4,False,1,0.036538461538461534,0.9647495361781077,10
2025-03-08,0x3,Morton,Ayr,12:00,29.0,5,False,1,0.033928571428571426,0.9671848013816926,10
2025-03-08,0x3,Ulm,FC Koln,09:00,29.0,6,False,1,0.033928571428571426,0.9671848013816926,10
2025-03-08,0x3,Maidenhead,Sutton,12:00,34.0,7,False,1,0.028787878787878786,0.9720176730486008,10
2025-03-08,0x3,Peterborough,Wycombe,12:00,34.0,8,False,1,0.028787878787878786,0.9720176730486008,10
2025-03-08,0x3,Alaves,Villarreal,12:15,34.0,9,False,1,0.028787878787878786,0.9720176730486008,10
2025-03-08,0x3,Sparta Prague,Slavia Prague,15:00,34.0,10,False,1,0.028787878787878786,0.9720176730486008,10
2025-03-09,0x3,Verona,Bologna,08:30,19.0,1,True,1,0.05277777777777778,0.949868073878628,11
2025-03-09,0x3,Getafe,Atl. Madrid,10:00,22.0,2,True,1,0.04523809523809524,0.9567198177676538,11
2025-03-09,0x3,Atromitos,Panathinaikos,14:00,22.0,3,True,1,0.04523809523809524,0.9567198177676538,11
2025-03-09,0x3,Lamia,Volos,14:00,23.0,4,False,1,0.04318181818181818,0.9586056644880174,11
2025-03-09,0x3,Empoli,AS Roma,14:00,23.0,5,False,1,0.04318181818181818,0.9586056644880174,11
2025-03-09,0x3,Willem II,Utrecht,08:15,24.0,6,False,1,0.041304347826086954,0.9603340292275574,11
2025-03-09,0x3,Guadalajara Chivas,Club America,00:05,29.0,7,False,1,0.033928571428571426,0.9671848013816926,11
2025-03-09,0x3,Sivasspor,Goztepe,07:30,29.0,8,False,1,0.033928571428571426,0.9671848013816926,11
2025-03-09,0x3,Miramar,Danubio,21:45,32.0,9,False,1,0.03064516129032258,0.9702660406885759,11
2025-03-09,0x3,Toyama,Iwata,02:00,34.0,10,False,1,0.028787878787878786,0.9720176730486008,11
2025-03-09,0x3,Preussen Munster,Nurnberg,09:30,34.0,11,False,1,0.028787878787878786,0.9720176730486008,11
2025-03-11,0x3,Derby,Coventry,16:45,32.0,1,True,1,0.03064516129032258,0.9702660406885759,3
2025-03-11,0x3,Reading,Wrexham,17:00,32.0,2,True,1,0.03064516129032258,0.9702660406885759,3
2025-03-11,0x3,Exeter,Mansfield,16:45,34.0,3,True,1,0.028787878787878786,0.9720176730486008,3
2025-03-13,0x3,Bromley,Walsall,17:00,27.0,1,True,1,0.036538461538461534,0.9647495361781077,1
2025-03-14,0x3,Hvidovre IF,Odense,15:00,24.0,1,True,1,0.041304347826086954,0.9603340292275574,3
2025-03-14,0x3,Drogheda,Shamrock Rovers,16:45,26.0,2,True,1,0.038,0.9633911368015414,3
2025-03-14,0x3,Amiens,Caen,16:00,34.0,3,True,1,0.028787878787878786,0.9720176730486008,3
2025-03-15,0x3,Ipswich,Nottingham,12:00,22.0,1,True,1,0.04523809523809524,0.9567198177676538,15
2025-03-15,0x3,Southampton,Wolves,12:00,23.0,2,True,1,0.04318181818181818,0.9586056644880174,15
2025-03-15,0x3,SC Farense,Braga,12:30,24.0,3,True,1,0.041304347826086954,0.9603340292275574,15
2025-03-15,0x3,Cittadella,Sassuolo,11:00,26.0,4,False,1,0.038,0.9633911368015414,15
2025-03-15,0x3,Sligo Rovers,Derry City,16:45,26.0,5,False,1,0.038,0.9633911368015414,15
2025-03-15,0x3,Sarmiento Junin,Talleres Cordoba,21:00,26.0,6,False,1,0.038,0.9633911368015414,15
2025-03-15,0x3,Nantes,Lille,13:00,28.0,7,False,1,0.03518518518518518,0.9660107334525939,15
2025-03-15,0x3,Konyaspor,Besiktas,14:30,29.0,8,False,1,0.033928571428571426,0.9671848013816926,15
2025-03-15,0x3,Montrose,Cove Rangers,12:00,29.0,9,False,1,0.033928571428571426,0.9671848013816926,15
2025-03-15,0x3,Racing Club Ferrol,Eibar,10:00,32.0,10,False,1,0.03064516129032258,0.9702660406885759,15
2025-03-15,0x3,Swansea,Burnley,12:00,32.0,11,False,1,0.03064516129032258,0.9702660406885759,15
2025-03-15,0x3,Cesena,Spezia,11:00,34.0,12,False,1,0.028787878787878786,0.9720176730486008,15
2025-03-15,0x3,Laval,Paris FC,10:00,34.0,13,False,1,0.028787878787878786,0.9720176730486008,15
2025-03-15,0x3,Cambridge Utd,Peterborough,09:30,34.0,14,False,1,0.028787878787878786,0.9720176730486008,15
2025-03-15,0x3,Juarez,Guadalajara Chivas,22:10,34.0,15,False,1,0.028787878787878786,0.9720176730486008,15
2025-03-16,0x3,Leicester,Manchester Utd,16:00,21.0,1,True,0,-1.0,0.9546539379474941,9
2025-03-16,0x3,Viborg,FC Copenhagen,13:00,22.0,2,True,1,0.04523809523809524,0.9567198177676538,9
2025-03-16,0x3,OFK Beograd Mozzart Bet,Vojvodina,12:30,24.0,3,True,1,0.041304347826086954,0.9603340292275574,9
2025-03-16,0x3,Atlas,Club America,00:05,26.0,4,False,1,0.038,0.9633911368015414,9
2025-03-16,0x3,Leganes,Betis,10:00,27.0,5,False,1,0.036538461538461534,0.9647495361781077,9
2025-03-16,0x3,Zizkov,Zlin,06:15,32.0,6,False,1,0.03064516129032258,0.9702660406885759,9
2025-03-16,0x3,Cukaricki,Partizan,14:05,32.0,7,False,1,0.03064516129032258,0.9702660406885759,9
2025-03-16,0x3,Fiorentina,Juventus,14:00,34.0,8,False,1,0.028787878787878786,0.9720176730486008,9
2025-03-16,0x3,Llaneros,Junior,22:30,34.0,9,False,1,0.028787878787878786,0.9720176730486008,9
2025-03-18,0x3,Rotherham,Wycombe,16:45,34.0,1,True,1,0.028787878787878786,0.9720176730486008,1
2025-03-19,0x3,Tapatio,Atlante,22:00,28.0,1,True,1,0.03518518518518518,0.9660107334525939,1
2025-03-20,0x3,Ukraine,Belgium,16:45,20.0,1,True,1,0.049999999999999996,0.9523809523809524,5
2025-03-20,0x3,Croatia,France,16:45,25.0,2,True,1,0.03958333333333333,0.9619238476953909,5
2025-03-20,0x3,Armenia,Georgia,14:00,26.0,3,True,0,-1.0,0.9633911368015414,5
2025-03-20,0x3,Denmark,Portugal,16:45,30.0,4,False,1,0.03275862068965517,0.9682804674457429,5
2025-03-20,0x3,Netherlands,Spain,16:45,32.0,5,False,1,0.03064516129032258,0.9702660406885759,5
2025-03-21,0x3,Andorra,Latvia,16:45,24.0,1,True,1,0.041304347826086954,0.9603340292275574,2
2025-03-21,0x3,Burgos CF,Almeria,16:30,34.0,2,True,1,0.028787878787878786,0.9720176730486008,2
2025-03-22,0x3,Maidenhead,Rochdale,12:00,28.0,1,True,1,0.03518518518518518,0.9660107334525939,2
2025-03-22,0x3,Peterborough,Charlton,12:00,32.0,2,True,1,0.03064516129032258,0.9702660406885759,2
2025-03-23,0x3,Gubbio,Entella,11:00,28.0,1,True,1,0.03518518518518518,0.9660107334525939,1
2025-03-24,0x3,Madagascar,Ghana,16:00,23.0,1,True,0,-1.0,0.9586056644880174,2
2025-03-24,0x3,Lithuania,Finland,14:00,29.0,2,True,1,0.033928571428571426,0.9671848013816926,2
2025-03-25,0x3,Palestine,Iraq,15:15,23.0,1,True,1,0.04318181818181818,0.9586056644880174,2
2025-03-25,0x3,Benin,South Africa,13:00,32.0,2,True,1,0.03064516129032258,0.9702660406885759,2
2025-03-26,0x3,Liverpool M.,Nacional,16:30,29.0,1,True,1,0.033928571428571426,0.9671848013816926,1
2025-03-27,0x3,Barracas Central,Estudiantes L.P.,18:00,25.0,1,True,1,0.03958333333333333,0.9619238476953909,1
2025-03-28,0x3,Vendsyssel,Hillerod,15:00,23.0,1,True,1,0.04318181818181818,0.9586056644880174,2
2025-03-28,0x3,Altach,LASK,15:30,32.0,2,True,1,0.03064516129032258,0.9702660406885759,2
2025-03-29,0x3,Henan Songshan Longmen,Shanghai Shenhua,07:00,28.0,1,True,1,0.03518518518518518,0.9660107334525939,1
2025-03-30,0x3,Angers,Rennes,12:15,22.0,1,True,0,-1.0,0.9567198177676538,8
2025-03-30,0x3,Heracles,Twente,09:30,25.0,2,True,1,0.03958333333333333,0.9619238476953909,8
2025-03-30,0x3,Fiorentina,Atalanta,10:00,26.0,3,True,1,0.038,0.9633911368015414,8
2025-03-30,0x3,Moreirense,Vitoria Guimaraes,16:30,30.0,4,False,1,0.03275862068965517,0.9682804674457429,8
2025-03-30,0x3,Newells Old Boys,Boca Juniors,19:30,32.0,5,False,1,0.03064516129032258,0.9702660406885759,8
2025-03-30,0x3,Regensburg,Nurnberg,08:30,32.0,6,False,1,0.03064516129032258,0.9702660406885759,8
2025-03-30,0x3,Getafe,Villarreal,09:00,34.0,7,False,1,0.028787878787878786,0.9720176730486008,8
2025-03-30,0x3,Le Havre,Nantes,12:15,34.0,8,False,1,0.028787878787878786,0.9720176730486008,8
2025-03-31,0x3,Zaglebie,Rakow,14:00,22.0,1,True,1,0.04523809523809524,0.9567198177676538,1
2025-04-01,0x3,Cambridge Utd,Wrexham,15:45,21.0,1,True,1,0.0475,0.9546539379474941,4
2025-04-01,0x3,Yverdon,Lugano,15:30,23.0,2,True,1,0.04318181818181818,0.9586056644880174,4
2025-04-01,0x3,Boavista,Gil Vicente,16:15,27.0,3,True,1,0.036538461538461534,0.9647495361781077,4
2025-04-01,0x3,Chico,Deportes Tolima,22:10,34.0,4,False,1,0.028787878787878786,0.9720176730486008,4
2025-04-02,0x3,Dunfermline,Livingston,15:45,23.0,1,True,1,0.04318181818181818,0.9586056644880174,2
2025-04-02,0x3,AC Milan,Inter,16:00,32.0,2,True,1,0.03064516129032258,0.9702660406885759,2
2025-04-04,0x3,Queretaro,Club Leon,22:00,24.0,1,True,1,0.041304347826086954,0.9603340292275574,3
2025-04-04,0x3,Reggiana,Cremonese,15:30,28.0,2,True,1,0.03518518518518518,0.9660107334525939,3
2025-04-04,0x3,Annecy,Bastia,15:00,32.0,3,True,1,0.03064516129032258,0.9702660406885759,3
2025-04-05,0x3,Everton,Arsenal,08:30,23.0,1,True,1,0.04318181818181818,0.9586056644880174,10
2025-04-05,0x3,Reading,Wycombe,08:30,24.0,2,True,1,0.041304347826086954,0.9603340292275574,10
2025-04-05,0x3,Sirius,Djurgarden,10:00,25.0,3,True,1,0.03958333333333333,0.9619238476953909,10
2025-04-05,0x3,Montrose,Arbroath,11:00,29.0,4,False,1,0.033928571428571426,0.9671848013816926,10
2025-04-05,0x3,SA Bulo Bulo,Wilstermann,16:00,29.0,5,False,1,0.033928571428571426,0.9671848013816926,10
2025-04-05,0x3,Puebla,Tigres UANL,00:05,32.0,6,False,1,0.03064516129032258,0.9702660406885759,10
2025-04-05,0x3,Colchester,Notts Co,11:00,32.0,7,False,1,0.03064516129032258,0.9702660406885759,10
2025-04-05,0x3,Maidenhead,Tamworth,11:00,34.0,8,False,1,0.028787878787878786,0.9720176730486008,10
2025-04-05,0x3,Annan,Queen of South,11:00,34.0,9,False,1,0.028787878787878786,0.9720176730486008,10
2025-04-05,0x3,West Ham,Bournemouth,11:00,34.0,10,False,1,0.028787878787878786,0.9720176730486008,10
2025-04-06,0x3,Vitoria,Flamengo RJ,18:30,23.0,1,True,1,0.04318181818181818,0.9586056644880174,8
2025-04-06,0x3,Valladolid,Getafe,13:30,25.0,2,True,1,0.03958333333333333,0.9619238476953909,8
2025-04-06,0x3,Sport Recife,Palmeiras,18:30,26.0,3,True,1,0.038,0.9633911368015414,8
2025-04-06,0x3,Sevilla,Atl. Madrid,11:15,28.0,4,False,1,0.03518518518518518,0.9660107334525939,8
2025-04-06,0x3,Pogon Siedlce,LKS Lodz,12:00,28.0,5,False,1,0.03518518518518518,0.9660107334525939,8
2025-04-06,0x3,Reims,Strasbourg,12:15,28.0,6,False,1,0.03518518518518518,0.9660107334525939,8
2025-04-06,0x3,Las Palmas,Real Sociedad,09:00,32.0,7,False,1,0.03064516129032258,0.9702660406885759,8
2025-04-06,0x3,Fortaleza,Millonarios,18:10,34.0,8,False,1,0.028787878787878786,0.9720176730486008,8
2025-04-07,0x3,Septemvri Sofia,Arda,09:00,26.0,1,True,1,0.038,0.9633911368015414,1
2025-04-08,0x3,Derby,Burnley,15:45,22.0,1,True,1,0.04523809523809524,0.9567198177676538,3
2025-04-08,0x3,Shrewsbury,Reading,15:45,27.0,2,True,1,0.036538461538461534,0.9647495361781077,3
2025-04-08,0x3,Huddersfield,Wycombe,15:45,32.0,3,True,1,0.03064516129032258,0.9702660406885759,3
2025-04-10,0x3,Manta,Tecnico U.,21:00,34.0,1,True,1,0.028787878787878786,0.9720176730486008,1
2025-04-11,0x3,Udinese,AC Milan,15:45,22.0,1,True,1,0.04523809523809524,0.9567198177676538,8
2025-04-11,0x3,Amiens,Dunkerque,15:00,22.0,2,True,1,0.04523809523809524,0.9567198177676538,8
2025-04-11,0x3,Stripfing,St. Polten,13:00,23.0,3,True,1,0.04318181818181818,0.9586056644880174,8
2025-04-11,0x3,Greuther Furth,FC Koln,13:30,25.0,4,False,1,0.03958333333333333,0.9619238476953909,8
2025-04-11,0x3,Ayr,Falkirk,15:45,27.0,5,False,1,0.036538461538461534,0.9647495361781077,8
2025-04-11,0x3,BW Linz,Wolfsberger AC,14:30,30.0,6,False,1,0.03275862068965517,0.9682804674457429,8
2025-04-11,0x3,Wehen,Saarbrucken,14:00,32.0,7,False,1,0.03064516129032258,0.9702660406885759,8
2025-04-11,0x3,Newells Old Boys,Argentinos Jrs,21:00,34.0,8,False,1,0.028787878787878786,0.9720176730486008,8
2025-04-12,0x3,Guingamp,Lorient,09:00,24.0,1,True,1,0.041304347826086954,0.9603340292275574,7
2025-04-12,0x3,Wigan,Wrexham,08:30,28.0,2,True,1,0.03518518518518518,0.9660107334525939,7
2025-04-12,0x3,Reggiana,Pisa,10:00,28.0,3,True,1,0.03518518518518518,0.9660107334525939,7
2025-04-12,0x3,Yeovil,Oldham,11:00,30.0,4,False,1,0.03275862068965517,0.9682804674457429,7
2025-04-12,0x3,Holstein Kiel,St. Pauli,10:30,34.0,5,False,1,0.028787878787878786,0.9720176730486008,7
2025-04-12,0x3,QPR,Bristol City,11:00,34.0,6,False,1,0.028787878787878786,0.9720176730486008,7
2025-04-12,0x3,Dag & Red,Hartlepool,11:00,34.0,7,False,1,0.028787878787878786,0.9720176730486008,7
2025-04-13,0x3,Heracles,AZ Alkmaar,09:30,23.0,1,True,1,0.04318181818181818,0.9586056644880174,11
2025-04-13,0x3,Regensburg,Schalke,08:30,23.0,2,True,1,0.04318181818181818,0.9586056644880174,11
2025-04-13,0x3,Ascoli,Torres,10:00,23.0,3,True,1,0.04318181818181818,0.9586056644880174,11
2025-04-13,0x3,Koge,Hillerod,08:00,25.0,4,False,1,0.03958333333333333,0.9619238476953909,11
2025-04-13,0x3,Ceske Budejovice,Teplice,08:00,25.0,5,False,1,0.03958333333333333,0.9619238476953909,11
2025-04-13,0x3,Zwolle,Twente,09:30,26.0,6,False,1,0.038,0.9633911368015414,11
2025-04-13,0x3,Gremio,Flamengo RJ,17:30,26.0,7,False,1,0.038,0.9633911368015414,11
2025-04-13,0x3,Mantova,Spezia,12:15,26.0,8,False,1,0.038,0.9633911368015414,11
2025-04-13,0x3,Le Havre,Rennes,12:15,28.0,9,False,1,0.03518518518518518,0.9660107334525939,11
2025-04-13,0x3,Tammeka,Narva,11:00,28.0,10,False,1,0.03518518518518518,0.9660107334525939,11
2025-04-13,0x3,Viktoria Koln,Arminia Bielefeld,14:30,32.0,11,False,1,0.03064516129032258,0.9702660406885759,11
2025-04-14,0x3,Aldosivi,Racing Club,15:30,24.0,1,True,1,0.041304347826086954,0.9603340292275574,3
2025-04-14,0x3,AIK,Malmo FF,14:10,28.0,2,True,1,0.03518518518518518,0.9660107334525939,3
2025-04-14,0x3,Godoy Cruz,Lanus,21:15,32.0,3,True,1,0.03064516129032258,0.9702660406885759,3
2025-04-16,0x3,Queretaro,Atlas,22:00,32.0,1,True,1,0.03064516129032258,0.9702660406885759,1
2025-04-17,0x3,Randers FC,Aarhus,11:00,34.0,1,True,1,0.028787878787878786,0.9720176730486008,1
2025-04-18,0x3,Watford,Burnley,11:00,20.0,1,True,1,0.049999999999999996,0.9523809523809524,6
2025-04-18,0x3,Gimnasia L.P.,River Plate,17:00,24.0,2,True,0,-1.0,0.9603340292275574,6
2025-04-18,0x3,Tranmere,Doncaster,11:00,32.0,3,True,0,-1.0,0.9702660406885759,6
2025-04-18,0x3,Shrewsbury,Wigan,11:00,34.0,4,False,1,0.028787878787878786,0.9720176730486008,6
2025-04-18,0x3,Carlisle,Port Vale,11:00,34.0,5,False,1,0.028787878787878786,0.9720176730486008,6
2025-04-18,0x3,Puebla,Necaxa,22:00,34.0,6,False,1,0.028787878787878786,0.9720176730486008,6
2025-04-19,0x3,Lecce,Como,10:00,26.0,1,True,0,-1.0,0.9633911368015414,1
2025-04-20,0x3,Valladolid,Osasuna,09:00,19.0,1,True,1,0.05277777777777778,0.949868073878628,5
2025-04-20,0x3,Fortaleza,Palmeiras,18:30,28.0,2,True,1,0.03518518518518518,0.9660107334525939,5
2025-04-20,0x3,Reims,Toulouse,12:15,30.0,3,True,1,0.03275862068965517,0.9682804674457429,5
2025-04-20,0x3,Atlas,Guadalajara Chivas,00:15,34.0,4,False,1,0.028787878787878786,0.9720176730486008,5
2025-04-20,0x3,Bologna,Inter,13:00,34.0,5,False,1,0.028787878787878786,0.9720176730486008,5
2025-04-21,0x3,Drogheda,St. Patricks,13:00,25.0,1,True,1,0.03958333333333333,0.9619238476953909,4
2025-04-21,0x3,Hvidovre IF,Odense,08:00,27.0,2,True,1,0.036538461538461534,0.9647495361781077,4
2025-04-21,0x3,Cambridge Utd,Leyton Orient,11:00,27.0,3,True,1,0.036538461538461534,0.9647495361781077,4
2025-04-21,0x3,Kerry,Cobh Ramblers,13:00,29.0,4,False,1,0.033928571428571426,0.9671848013816926,4
2025-04-22,0x3,Tekstilac Odzaci,Zeleznicar Pancevo,13:30,24.0,1,True,1,0.041304347826086954,0.9603340292275574,2
2025-04-22,0x3,Tirol,Altach,13:30,32.0,2,True,1,0.03064516129032258,0.9702660406885759,2
2025-04-23,0x3,Genoa,Lazio,13:30,34.0,1,True,1,0.028787878787878786,0.9720176730486008,2
2025-04-23,0x3,Halmstad,Mjallby,14:00,34.0,2,True,1,0.028787878787878786,0.9720176730486008,2
2025-04-24,0x3,Stevenage,Birmingham,15:45,21.0,1,True,1,0.0475,0.9546539379474941,1
2025-04-25,0x3,Brescia,Pisa,10:00,26.0,1,True,1,0.038,0.9633911368015414,3
2025-04-25,0x3,Famalicao,Braga,16:30,30.0,2,True,1,0.03275862068965517,0.9682804674457429,3
2025-04-25,0x3,Frosinone,Spezia,07:30,32.0,3,True,1,0.03064516129032258,0.9702660406885759,3
2025-04-26,0x3,QPR,Burnley,08:30,23.0,1,True,1,0.04318181818181818,0.9586056644880174,8
2025-04-26,0x3,AC Oulu,Inter Turku,09:00,26.0,2,True,1,0.038,0.9633911368015414,8
2025-04-26,0x3,Omonia,Pafos,13:00,28.0,3,True,1,0.03518518518518518,0.9660107334525939,8
2025-04-26,0x3,Exeter,Huddersfield,11:00,30.0,4,False,1,0.03275862068965517,0.9682804674457429,8
2025-04-26,0x3,Crystal Palace,Aston Villa,13:15,30.0,5,False,1,0.03275862068965517,0.9682804674457429,8
2025-04-26,0x3,Roskilde,Vendsyssel,09:00,32.0,6,False,1,0.03064516129032258,0.9702660406885759,8
2025-04-26,0x3,Oxford Utd,Sunderland,11:00,32.0,7,False,1,0.03064516129032258,0.9702660406885759,8
2025-04-26,0x3,Apollon,APOEL,13:00,34.0,8,False,1,0.028787878787878786,0.9720176730486008,8
2025-04-27,0x3,Haugesund,Fredrikstad,12:00,21.0,1,True,1,0.0475,0.9546539379474941,15
2025-04-27,0x3,Portimonense,Tondela,10:00,23.0,2,True,1,0.04318181818181818,0.9586056644880174,15
2025-04-27,0x3,Palestino,U. De Chile,16:00,23.0,3,True,1,0.04318181818181818,0.9586056644880174,15
2025-04-27,0x3,Fortaleza,Ind. Medellin,18:10,23.0,4,False,1,0.04318181818181818,0.9586056644880174,15
2025-04-27,0x3,Ameliano,Libertad Asuncion,20:15,24.0,5,False,1,0.041304347826086954,0.9603340292275574,15
2025-04-27,0x3,Osijek,Hajduk Split,11:00,24.0,6,False,1,0.041304347826086954,0.9603340292275574,15
2025-04-27,0x3,FC Rapid Bucuresti,FCSB,15:00,26.0,7,False,1,0.038,0.9633911368015414,15
2025-04-27,0x3,Lyn,Lillestrom,12:00,28.0,8,False,1,0.03518518518518518,0.9660107334525939,15
2025-04-27,0x3,Lyngby,Silkeborg,09:00,29.0,9,False,1,0.033928571428571426,0.9671848013816926,15
2025-04-27,0x3,Sparta Prague B,Zlin,05:30,29.0,10,False,1,0.033928571428571426,0.9671848013816926,15
2025-04-27,0x3,Nafta,Koper,10:00,29.0,11,False,1,0.033928571428571426,0.9671848013816926,15
2025-04-27,0x3,Korona Kielce,Jagiellonia,07:15,30.0,12,False,1,0.03275862068965517,0.9682804674457429,15
2025-04-27,0x3,Gent,Anderlecht,08:30,34.0,13,False,1,0.028787878787878786,0.9720176730486008,15
2025-04-27,0x3,Qingdao Hainiu,Meizhou Hakka,08:35,34.0,14,False,1,0.028787878787878786,0.9720176730486008,15
2025-04-27,0x3,Aarhus,FC Copenhagen,11:00,34.0,15,False,1,0.028787878787878786,0.9720176730486008,15
2025-04-28,0x3,Udinese,Bologna,13:30,20.0,1,True,1,0.049999999999999996,0.9523809523809524,4
2025-04-28,0x3,Defensa y Justicia,Racing Club,19:30,27.0,2,True,1,0.036538461538461534,0.9647495361781077,4
2025-04-28,0x3,Sportivo Trinidense,Olimpia Asuncion,18:00,29.0,3,True,1,0.033928571428571426,0.9671848013816926,4
2025-04-28,0x3,Septemvri Sofia,Lok. Plovdiv,11:30,30.0,4,False,1,0.03275862068965517,0.9682804674457429,4
2025-04-30,0x3,Koper,Celje,13:45,30.0,1,True,1,0.03275862068965517,0.9682804674457429,3
2025-04-30,0x3,CSA,Gremio,21:30,32.0,2,True,1,0.03064516129032258,0.9702660406885759,3
2025-04-30,0x3,Atl. Tucuman,Independiente,21:00,34.0,3,True,1,0.028787878787878786,0.9720176730486008,3
2025-05-01,0x3,Cosenza,Bari,10:00,32.0,1,True,1,0.03064516129032258,0.9702660406885759,3
2025-05-01,0x3,Sampdoria,Cremonese,10:00,32.0,2,True,1,0.03064516129032258,0.9702660406885759,3
2025-05-01,0x3,Envigado,Once Caldas,16:00,32.0,3,True,1,0.03064516129032258,0.9702660406885759,3
2025-05-02,0x3,Hobro,Hillerod,13:30,30.0,1,True,1,0.03275862068965517,0.9682804674457429,1
2025-05-03,0x3,Crewe,Walsall,11:00,25.0,1,True,1,0.03958333333333333,0.9619238476953909,6
2025-05-03,0x3,Alaves,Atl. Madrid,09:00,29.0,2,True,1,0.033928571428571426,0.9671848013816926,6
2025-05-03,0x3,Parma,Como,10:00,32.0,3,True,1,0.03064516129032258,0.9702660406885759,6
2025-05-03,0x3,Ulm,Hannover,08:00,34.0,4,False,1,0.028787878787878786,0.9720176730486008,6
2025-05-03,0x3,West Brom,Luton,08:30,34.0,5,False,1,0.028787878787878786,0.9720176730486008,6
2025-05-03,0x3,Portsmouth,Hull,08:30,34.0,6,False,1,0.028787878787878786,0.9720176730486008,6
2025-05-04,0x3,Empoli,Lazio,07:30,20.0,1,True,1,0.049999999999999996,0.9523809523809524,4
2025-05-04,0x3,Cruzeiro,Flamengo RJ,18:30,22.0,2,True,1,0.04523809523809524,0.9567198177676538,4
2025-05-04,0x3,BW Linz,Sturm Graz,09:30,30.0,3,True,1,0.03275862068965517,0.9682804674457429,4
2025-05-04,0x3,Bari,Pisa,10:00,34.0,4,False,1,0.028787878787878786,0.9720176730486008,4
2025-05-05,0x3,National Bank Egypt,Zamalek,14:00,27.0,1,True,1,0.036538461538461534,0.9647495361781077,2
2025-05-05,0x3,Anorthosis,Paralimni,13:00,32.0,2,True,1,0.03064516129032258,0.9702660406885759,2
2025-05-09,0x3,Polissya Zhytomyr,Dyn. Kyiv,12:00,22.0,1,True,1,0.04523809523809524,0.9567198177676538,4
2025-05-09,0x3,National Bank Egypt,Pyramids,14:00,23.0,2,True,1,0.04318181818181818,0.9586056644880174,4
2025-05-09,0x3,Bucaramanga,Ind. Medellin,22:30,29.0,3,True,1,0.033928571428571426,0.9671848013816926,4
2025-05-09,0x3,Club Leon,Cruz Azul,00:10,30.0,4,False,1,0.03275862068965517,0.9682804674457429,4
2025-05-10,0x3,Grau,Alianza Lima,17:30,21.0,1,True,1,0.0475,0.9546539379474941,4
2025-05-10,0x3,Sligo Rovers,Bohemians,15:45,25.0,2,True,1,0.03958333333333333,0.9619238476953909,4
2025-05-10,0x3,Sundsvall,Vasteras SK,10:00,27.0,3,True,1,0.036538461538461534,0.9647495361781077,4
2025-05-10,0x3,Red Star,Dunkerque,12:00,32.0,4,False,1,0.03064516129032258,0.9702660406885759,4
2025-05-11,0x3,Changchun Yatai,Henan Songshan Longmen,08:00,22.0,1,True,1,0.04523809523809524,0.9567198177676538,5
2025-05-11,0x3,Bryne,Molde,12:00,26.0,2,True,0,-1.0,0.9633911368015414,5
2025-05-11,0x3,AEL Limassol,Karmiotissa,13:00,28.0,3,True,1,0.03518518518518518,0.9660107334525939,5
2025-05-11,0x3,Portimonense,FC Porto B,14:00,28.0,4,False,0,-1.0,0.9660107334525939,5
2025-05-11,0x3,Kristiansund,Fredrikstad,12:00,34.0,5,False,1,0.028787878787878786,0.9720176730486008,5
2025-05-13,0x3,Partick Thistle,Livingston,15:45,28.0,1,True,1,0.03518518518518518,0.9660107334525939,2
2025-05-13,0x3,Cittadella,Salernitana,15:30,34.0,2,True,1,0.028787878787878786,0.9720176730486008,2
2025-05-14,0x3,Halmstad,GAIS,14:00,25.0,1,True,1,0.03958333333333333,0.9619238476953909,3
2025-05-14,0x3,Beroe,Botev Plovdiv,11:45,32.0,2,True,1,0.03064516129032258,0.9702660406885759,3
2025-05-14,0x3,Toronto FC,FC Cincinnati,20:30,32.0,3,True,1,0.03064516129032258,0.9702660406885759,3
2025-05-15,0x3,Osasuna,Atl. Madrid,14:00,25.0,1,True,1,0.03958333333333333,0.9619238476953909,2
2025-05-15,0x3,Rayo Vallecano,Betis,14:00,34.0,2,True,1,0.028787878787878786,0.9720176730486008,2
2025-05-16,0x3,Drogheda,Derry City,15:45,29.0,1,True,1,0.033928571428571426,0.9671848013816926,1
2025-05-17,0x3,FC Cartagena SAD,Tenerife,13:30,28.0,1,True,1,0.03518518518518518,0.9660107334525939,3
2025-05-17,0x3,Grazer AK,LASK,12:00,29.0,2,True,1,0.033928571428571426,0.9671848013816926,3
2025-05-17,0x3,Austin FC,Vancouver Whitecaps,21:30,34.0,3,True,1,0.028787878787878786,0.9720176730486008,3
2025-05-18,0x3,Monza,Empoli,15:45,20.0,1,True,1,0.049999999999999996,0.9523809523809524,12
2025-05-18,0x3,Oster,GAIS,11:30,22.0,2,True,1,0.04523809523809524,0.9567198177676538,12
2025-05-18,0x3,U. Magdalena,America De Cali,22:15,23.0,3,True,1,0.04318181818181818,0.9586056644880174,12
2025-05-18,0x3,Randers FC,FC Copenhagen,13:00,26.0,4,False,1,0.038,0.9633911368015414,12
2025-05-18,0x3,Juventude,Fluminense,16:00,27.0,5,False,1,0.036538461538461534,0.9647495361781077,12
2025-05-18,0x3,Bragantino,Palmeiras,18:30,28.0,6,False,1,0.03518518518518518,0.9660107334525939,12
2025-05-18,0x3,Al Batin,Al Jabalain,15:00,28.0,7,False,1,0.03518518518518518,0.9660107334525939,12
2025-05-18,0x3,St Johnstone,Dundee FC,11:00,28.0,8,False,1,0.03518518518518518,0.9660107334525939,12
2025-05-18,0x3,Racing Club Ferrol,Cadiz CF,09:00,30.0,9,False,1,0.03275862068965517,0.9682804674457429,12
2025-05-18,0x3,Hajduk Split,Rijeka,13:45,30.0,10,False,1,0.03275862068965517,0.9682804674457429,12
2025-05-18,0x3,Verona,Como,15:45,32.0,11,False,1,0.03064516129032258,0.9702660406885759,12
2025-05-18,0x3,Las Palmas,Leganes,14:00,34.0,12,False,1,0.028787878787878786,0.9720176730486008,12
2025-05-19,0x3,Slavia Sofia,Lok. Plovdiv,14:15,26.0,1,True,1,0.038,0.9633911368015414,1
2025-05-21,0x3,Catanzaro,Spezia,15:30,32.0,1,True,1,0.03064516129032258,0.9702660406885759,1
2025-05-23,0x3,Inhulets,Vorskla Poltava,09:30,32.0,1,True,1,0.03064516129032258,0.9702660406885759,2
2025-05-23,0x3,Schaffhausen,Bellinzona,15:15,32.0,2,True,1,0.03064516129032258,0.9702660406885759,2
2025-05-24,0x3,Getafe,Celta Vigo,16:00,21.0,1,True,1,0.0475,0.9546539379474941,5
2025-05-24,0x3,Toronto FC,Nashville SC,20:30,32.0,2,True,1,0.03064516129032258,0.9702660406885759,5
2025-05-24,0x3,Alaves,Osasuna,16:00,34.0,3,False,1,0.028787878787878786,0.9720176730486008,5
2025-05-24,0x3,Jaro,Gnistan,09:00,34.0,4,True,1,0.028787878787878786,0.9720176730486008,5
2025-05-24,0x3,Las Vegas Lights,El Paso,23:30,34.0,5,False,1,0.028787878787878786,0.9720176730486008,5
2025-05-25,0x3,Burgos CF,Levante,13:30,23.0,1,True,1,0.04318181818181818,0.9586056644880174,4
2025-05-25,0x3,Varberg,Kalmar,10:00,26.0,2,True,1,0.038,0.9633911368015414,4
2025-05-25,0x3,Udinese,Fiorentina,15:45,27.0,3,True,1,0.036538461538461534,0.9647495361781077,4
2025-05-25,0x3,Kayserispor,Bodrumspor,13:00,29.0,4,False,1,0.033928571428571426,0.9671848013816926,4
2025-05-26,0x3,Ludogorets,Arda,11:45,24.0,1,True,1,0.041304347826086954,0.9603340292275574,2
2025-05-26,0x3,Al Khaleej,Al Okhdood,15:00,27.0,2,True,1,0.036538461538461534,0.9647495361781077,2
2025-05-28,0x3,Betis,Chelsea,16:00,19.5,1,True,1,0.05135135135135135,0.9511568123393317,3
2025-05-28,0x3,Ceramica Cleopatra,Pyramids,14:00,24.0,2,True,1,0.041304347826086954,0.9603340292275574,3
2025-05-28,0x3,Toronto FC,Philadelphia Union,20:30,28.0,3,True,1,0.03518518518518518,0.9660107334525939,3
2025-05-30,0x3,Cork City,Shelbourne,15:45,32.0,1,True,1,0.03064516129032258,0.9702660406885759,1
2025-05-31,0x3,Metropolitanos,Dep. Tachira,18:00,23.0,1,True,1,0.04318181818181818,0.9586056644880174,3
2025-05-31,0x3,Norrkoping,GAIS,10:00,34.0,2,True,0,-1.0,0.9720176730486008,3
2025-05-31,0x3,Plaza Colonia,Liverpool M.,17:30,34.0,3,True,1,0.028787878787878786,0.9720176730486008,3
2025-06-01,0x3,Gnistan,Ilves,10:00,25.0,1,True,1,0.03958333333333333,0.9619238476953909,9
2025-06-01,0x3,Puerto Cabello,Carabobo,19:00,25.0,2,True,1,0.03958333333333333,0.9619238476953909,9
2025-06-01,0x3,Chrudim,FK Pardubice,10:00,26.0,3,True,1,0.038,0.9633911368015414,9
2025-06-01,0x3,Union La Calera,Colo Colo,18:30,27.0,4,False,1,0.036538461538461534,0.9647495361781077,9
2025-06-01,0x3,Halmstad,Djurgarden,09:00,27.0,5,False,1,0.036538461538461534,0.9647495361781077,9
2025-06-01,0x3,Cerro Largo,Penarol,17:30,28.0,6,False,1,0.03518518518518518,0.9660107334525939,9
2025-06-01,0x3,Fukushima Utd,Sagamihara,02:00,28.0,7,False,1,0.03518518518518518,0.9660107334525939,9
2025-06-01,0x3,Sirius,AIK,11:30,32.0,8,False,1,0.03064516129032258,0.9702660406885759,9
2025-06-01,0x3,Yanbian Longding,Suzhou Dongwu,04:00,34.0,9,False,1,0.028787878787878786,0.9720176730486008,9
2025-06-05,0x3,Bahrain,Saudi Arabia,13:00,21.0,1,True,1,0.0475,0.9546539379474941,4
2025-06-05,0x3,Iraq,South Korea,15:15,27.0,2,True,1,0.036538461538461534,0.9647495361781077,4
2025-06-05,0x3,Kuwait,Palestine,15:15,32.0,3,True,1,0.03064516129032258,0.9702660406885759,4
2025-06-05,0x3,Ecuador,Brazil,20:00,34.0,4,False,1,0.028787878787878786,0.9720176730486008,4
2025-06-07,0x3,Albania,Serbia,15:45,32.0,1,True,1,0.03064516129032258,0.9702660406885759,2
2025-06-07,0x3,Oakland Roots,El Paso,23:00,34.0,2,True,1,0.028787878787878786,0.9720176730486008,2
2025-06-08,0x3,Vancouver Whitecaps,Seattle Sounders,22:00,25.0,1,True,1,0.03958333333333333,0.9619238476953909,3
2025-06-08,0x3,Azul Claro Numazu,Kanazawa,02:00,27.0,2,True,1,0.036538461538461534,0.9647495361781077,3
2025-06-08,0x3,Toyama,Mito,02:00,28.0,3,True,1,0.03518518518518518,0.9660107334525939,3
2025-06-09,0x3,Kazakhstan,North Macedonia,11:00,27.0,1,True,1,0.036538461538461534,0.9647495361781077,1
2025-06-10,0x3,Latvia,Albania,15:45,20.0,1,True,1,0.049999999999999996,0.9523809523809524,2
2025-06-10,0x3,Finland,Poland,15:45,29.0,2,True,1,0.033928571428571426,0.9671848013816926,2
2025-06-12,0x3,Vitoria,Cruzeiro,19:00,32.0,1,True,1,0.03064516129032258,0.9702660406885759,2
2025-06-12,0x3,Santa Fe,Atl. Nacional,22:20,32.0,2,True,1,0.03064516129032258,0.9702660406885759,2
2025-06-13,0x3,Cork City,Bohemians,15:45,23.0,1,True,1,0.04318181818181818,0.9586056644880174,2
2025-06-13,0x3,Shelbourne,Shamrock Rovers,15:45,34.0,2,True,1,0.028787878787878786,0.9720176730486008,2
2025-06-15,0x3,Fukushima Utd,Tochigi SC,04:00,24.0,1,True,1,0.041304347826086954,0.9603340292275574,2
2025-06-15,0x3,Raufoss,Odd,12:00,27.0,2,True,1,0.036538461538461534,0.9647495361781077,2
2025-06-19,0x3,Once Caldas,Atl. Nacional,20:05,28.0,1,True,1,0.03518518518518518,0.9660107334525939,1
2025-06-20,0x3,Waterford,Bohemians,15:45,29.0,1,True,1,0.033928571428571426,0.9671848013816926,1
2025-06-22,0x3,A. Italiano,Colo Colo,16:00,24.0,1,True,1,0.041304347826086954,0.9603340292275574,3
2025-06-22,0x3,HamKam,Tromso,12:00,27.0,2,True,1,0.036538461538461534,0.9647495361781077,3
2025-06-22,0x3,Wilstermann,Aurora,20:30,34.0,3,True,1,0.028787878787878786,0.9720176730486008,3
2025-06-23,0x3,Bohemians,Shamrock Rovers,15:45,30.0,1,True,1,0.03275862068965517,0.9682804674457429,2
2025-06-23,0x3,Sligo Rovers,Galway,15:45,32.0,2,True,1,0.03064516129032258,0.9702660406885759,2
2025-06-25,0x3,Toronto FC,New York Red Bulls,20:30,28.0,1,True,1,0.03518518518518518,0.9660107334525939,1
2025-06-27,0x3,Cork City,St. Patricks,15:45,29.0,1,True,1,0.033928571428571426,0.9671848013816926,2
2025-06-27,0x3,Athlone,Bray,15:45,32.0,2,True,1,0.03064516129032258,0.9702660406885759,2
2025-06-28,0x3,Toronto FC,Portland Timbers,20:30,34.0,1,True,1,0.028787878787878786,0.9720176730486008,1
2025-06-29,0x3,Varnamo,Elfsborg,11:30,22.0,1,True,1,0.04523809523809524,0.9567198177676538,1
2025-06-30,0x3,Vinotinto,Aucas,21:00,30.0,1,True,1,0.03275862068965517,0.9682804674457429,1
2025-07-04,0x3,Colorado Springs,Louisville City,22:00,34.0,1,True,1,0.028787878787878786,0.9720176730486008,1
2025-07-05,0x3,Amazonas,Athletico-PR,20:30,28.0,1,True,1,0.03518518518518518,0.9660107334525939,1
2025-07-06,0x3,U. Catolica,Colo Colo,16:00,30.0,1,True,1,0.03275862068965517,0.9682804674457429,2
2025-07-06,0x3,Zamora,Dep. Tachira,20:30,30.0,2,True,1,0.03275862068965517,0.9682804674457429,2
2025-07-11,0x3,Macara,Ind. del Valle,21:00,28.0,1,True,1,0.03518518518518518,0.9660107334525939,3
2025-07-11,0x3,Once Caldas,Atl. Nacional,22:10,32.0,2,True,1,0.03064516129032258,0.9702660406885759,3
2025-07-11,0x3,Portuguesa,Carabobo,20:30,34.0,3,True,1,0.028787878787878786,0.9720176730486008,3
2025-07-12,0x3,Juarez,Club America,00:00,21.0,1,True,1,0.0475,0.9546539379474941,4
2025-07-12,0x3,UTA Arad,Univ. Craiova,12:30,25.0,2,True,1,0.03958333333333333,0.9619238476953909,4
2025-07-12,0x3,Vasco,Botafogo RJ,18:30,29.0,3,True,1,0.033928571428571426,0.9671848013816926,4
2025-07-12,0x3,Santos Laguna,UNAM Pumas,22:00,30.0,4,False,1,0.03275862068965517,0.9682804674457429,4
2025-07-13,0x3,Haugesund,KFUM Oslo,12:00,23.0,1,True,1,0.04318181818181818,0.9586056644880174,1
2025-07-16,0x3,Santos,Flamengo RJ,20:00,23.0,1,True,1,0.04318181818181818,0.9586056644880174,1
2025-07-18,0x3,Lok. Sofia,Cherno More,15:15,26.0,1,True,1,0.038,0.9633911368015414,2
2025-07-18,0x3,Anzoategui FC,Caracas,21:00,27.0,2,True,1,0.036538461538461534,0.9647495361781077,2
2025-07-19,0x3,Petrolul,FCSB,15:30,21.0,1,True,1,0.0475,0.9546539379474941,4
2025-07-19,0x3,Degerfors,GAIS,12:30,22.0,2,True,0,-1.0,0.9567198177676538,4
2025-07-19,0x3,Atl. San Luis,Monterrey,00:00,32.0,3,True,1,0.03064516129032258,0.9702660406885759,4
2025-07-19,0x3,Instituto,River Plate,21:00,34.0,4,False,1,0.028787878787878786,0.9720176730486008,4
2025-07-20,0x3,Atlas,Cruz Azul,00:05,24.0,1,True,1,0.041304347826086954,0.9603340292275574,4
2025-07-20,0x3,Nublense,U. De Chile,16:00,24.0,2,True,1,0.041304347826086954,0.9603340292275574,4
2025-07-20,0x3,Sonderjyske,Aarhus,11:00,25.0,3,True,1,0.03958333333333333,0.9619238476953909,4
2025-07-20,0x3,Sport Recife,Botafogo RJ,17:30,27.0,4,False,1,0.036538461538461534,0.9647495361781077,4
2025-07-22,0x3,Pereira,Atl. Nacional,22:20,34.0,1,True,1,0.028787878787878786,0.9720176730486008,1
2025-07-23,0x3,Bragantino,Flamengo RJ,21:30,25.0,1,True,1,0.03958333333333333,0.9619238476953909,1
2025-07-24,0x3,Juventude,Sao Paulo,19:00,23.0,1,True,1,0.04318181818181818,0.9586056644880174,1
2025-07-25,0x3,Queretaro,UNAM Pumas,22:00,24.0,1,True,1,0.041304347826086954,0.9603340292275574,3
2025-07-25,0x3,Jaro,VPS,13:00,27.0,2,True,1,0.036538461538461534,0.9647495361781077,3
2025-07-25,0x3,Sarmiento Junin,Lanus,19:00,34.0,3,True,1,0.028787878787878786,0.9720176730486008,3
2025-07-26,0x3,Mariehamn,AC Oulu,10:00,32.0,1,True,1,0.03064516129032258,0.9702660406885759,2
2025-07-26,0x3,Sportivo Trinidense,Libertad Asuncion,16:00,32.0,2,True,1,0.03064516129032258,0.9702660406885759,2
2025-07-27,0x3,Korona Kielce,Legia,15:15,21.0,1,True,1,0.0475,0.9546539379474941,3
2025-07-27,0x3,U. Magdalena,Ind. Medellin,20:20,30.0,2,True,1,0.03275862068965517,0.9682804674457429,3
2025-07-27,0x3,Qingdao Hainiu,Tianjin Jinmen Tiger,08:00,34.0,3,True,1,0.028787878787878786,0.9720176730486008,3
2025-07-28,0x3,Montana,Lok. Plovdiv,15:15,26.0,1,True,1,0.038,0.9633911368015414,1
2025-07-29,0x3,General Caballero JLM,Sportivo Trinidense,16:00,24.0,1,True,1,0.041304347826086954,0.9603340292275574,2
2025-07-29,0x3,Sp. Luqueno,Nacional Asuncion,18:30,30.0,2,True,1,0.03275862068965517,0.9682804674457429,2
2025-08-02,0x3,Trelleborg,Kalmar,10:00,24.0,1,True,1,0.041304347826086954,0.9603340292275574,5
2025-08-02,0x3,Sligo Rovers,Shelbourne,15:45,26.0,2,True,1,0.038,0.9633911368015414,5
2025-08-02,0x3,Airdrieonians,Ross County,11:00,34.0,3,True,1,0.028787878787878786,0.9720176730486008,5
2025-08-02,0x3,Stenhousemuir,Alloa,11:00,34.0,4,False,1,0.028787878787878786,0.9720176730486008,5
2025-08-02,0x3,Caracas,Dep. Tachira,18:00,34.0,5,False,1,0.028787878787878786,0.9720176730486008,5
2025-08-03,0x3,Grazer AK,Austria Vienna,12:00,22.0,1,True,1,0.04523809523809524,0.9567198177676538,5
2025-08-03,0x3,Waterford,St. Patricks,12:00,23.0,2,False,1,0.04318181818181818,0.9586056644880174,5
2025-08-03,0x3,Ceara,Flamengo RJ,18:30,23.0,3,True,1,0.04318181818181818,0.9586056644880174,5
2025-08-03,0x3,Vitoria,Palmeiras,19:30,23.0,4,True,1,0.04318181818181818,0.9586056644880174,5
2025-08-03,0x3,Dukla Prague,Ostrava,12:30,26.0,5,False,1,0.038,0.9633911368015414,5
2025-08-04,0x3,Athlone,UC Dublin,13:00,22.0,1,True,1,0.04523809523809524,0.9567198177676538,2
2025-08-04,0x3,Finn Harps,Bray,13:00,27.0,2,True,1,0.036538461538461534,0.9647495361781077,2
2025-08-05,0x3,Accrington,Oldham,15:45,32.0,1,True,1,0.03064516129032258,0.9702660406885759,1
2025-08-08,0x3,Dalian Yingbo,Chengdu Rongcheng,08:35,21.0,1,True,1,0.0475,0.9546539379474941,5
2025-08-08,0x3,Dobrudzha,CSKA 1948 Sofia,13:00,22.0,2,True,1,0.04523809523809524,0.9567198177676538,5
2025-08-08,0x3,Comerciantes Unidos,Cienciano,17:00,30.0,3,True,1,0.03275862068965517,0.9682804674457429,5
2025-08-08,0x3,Preussen Munster,Paderborn,13:30,32.0,4,False,1,0.03064516129032258,0.9702660406885759,5
2025-08-08,0x3,Chateauroux,Valenciennes,14:30,32.0,5,False,1,0.03064516129032258,0.9702660406885759,5
2025-08-09,0x3,Ayacucho,Alianza Lima,15:00,24.0,1,True,1,0.041304347826086954,0.9603340292275574,4
2025-08-09,0x3,Reading,Huddersfield,08:30,30.0,2,True,1,0.03275862068965517,0.9682804674457429,4
2025-08-09,0x3,OFK Beograd Mozzart Bet,Vojvodina,16:00,32.0,3,True,1,0.03064516129032258,0.9702660406885759,4
2025-08-09,0x3,Laval,St Etienne,15:00,34.0,4,False,1,0.028787878787878786,0.9720176730486008,4
2025-08-10,0x3,Dundee Utd,Hearts,11:00,21.0,1,True,1,0.0475,0.9546539379474941,5
2025-08-10,0x3,Hodd,Start,12:00,27.0,2,True,1,0.036538461538461534,0.9647495361781077,5
2025-08-10,0x3,Galway,Shamrock Rovers,13:00,32.0,3,True,1,0.03064516129032258,0.9702660406885759,5
2025-08-10,0x3,Bryne,KFUM Oslo,12:00,34.0,4,False,1,0.028787878787878786,0.9720176730486008,5
2025-08-10,0x3,Napredak,Partizan,15:30,34.0,5,False,1,0.028787878787878786,0.9720176730486008,5
2025-08-11,0x3,Otelul,FC Rapid Bucuresti,15:30,27.0,1,True,1,0.036538461538461534,0.9647495361781077,3
2025-08-11,0x3,Juventude,Corinthians,20:00,28.0,2,True,1,0.03518518518518518,0.9660107334525939,3
2025-08-11,0x3,Club Leon,Monterrey,22:00,32.0,3,True,1,0.03064516129032258,0.9702660406885759,3
2025-08-12,0x3,Juarez,Toluca,00:00,30.0,1,True,1,0.03275862068965517,0.9682804674457429,1
2025-08-15,0x3,Utsikten,Varberg,14:00,22.0,1,True,1,0.04523809523809524,0.9567198177676538,2
2025-08-15,0x3,Rennes,Marseille,15:45,27.0,2,True,1,0.036538461538461534,0.9647495361781077,2
2025-08-16,0x3,Goztepe,Fenerbahce,15:30,22.0,1,True,1,0.04523809523809524,0.9567198177676538,7
2025-08-16,0x3,Sheffield Wed,Stoke,11:00,24.0,2,True,0,-1.0,0.9603340292275574,7
2025-08-16,0x3,Preston,Leicester,11:00,27.0,4,True,1,0.036538461538461534,0.9647495361781077,7
2025-08-16,0x3,Preston,Leicester,11:00,29.0,4,True,1,0.033928571428571426,0.9671848013816926,7
2025-08-16,0x3,Sunderland,West Ham,11:00,30.0,5,False,1,0.03275862068965517,0.9682804674457429,7
2025-08-16,0x3,Keciorengucu,Istanbulspor AS,10:30,34.0,6,False,1,0.028787878787878786,0.9720176730486008,7
2025-08-16,0x3,Burton,Port Vale,08:30,34.0,7,False,1,0.028787878787878786,0.9720176730486008,7
2025-08-17,0x3,Csikszereda M. Ciuc,Univ. Craiova,10:15,21.0,1,True,1,0.0475,0.9546539379474941,7
2025-08-17,0x3,Manchester Utd,Arsenal,12:30,21.0,2,True,1,0.0475,0.9546539379474941,7
2025-08-17,0x3,Internacional,Flamengo RJ,18:30,27.0,3,True,1,0.036538461538461534,0.9647495361781077,7
2025-08-17,0x3,Metz,Strasbourg,12:15,28.0,4,False,1,0.03518518518518518,0.9660107334525939,7
2025-08-17,0x3,Wisla Plock,Legia,15:15,32.0,5,False,1,0.03064516129032258,0.9702660406885759,7
2025-08-17,0x3,Brest,Lille,10:00,32.0,6,False,1,0.03064516129032258,0.9702660406885759,7
2025-08-17,0x3,Angers,Paris FC,12:15,34.0,7,False,1,0.028787878787878786,0.9720176730486008,7
2025-08-18,0x3,Preussen Munster,Hertha Berlin,13:00,27.0,1,True,1,0.036538461538461534,0.9647495361781077,2
2025-08-18,0x3,Elche,Betis,16:00,32.0,2,True,1,0.03064516129032258,0.9702660406885759,2
2025-08-19,0x3,AFC Wimbledon,Cardiff,15:45,30.0,1,True,1,0.03275862068965517,0.9682804674457429,2
2025-08-19,0x3,Northampton,Lincoln,15:45,30.0,2,True,1,0.03275862068965517,0.9682804674457429,2
2025-08-22,0x3,Pescara,Cesena,15:30,28.0,1,True,1,0.03518518518518518,0.9660107334525939,2
2025-08-22,0x3,Karagumruk,Goztepe,15:30,28.0,2,True,1,0.03518518518518518,0.9660107334525939,2
2025-08-23,0x3,St. Pauli,Dortmund,13:30,21.0,1,True,1,0.0475,0.9546539379474941,9
2025-08-23,0x3,Montrose,Inverness,11:00,24.0,2,True,1,0.041304347826086954,0.9603340292275574,9
2025-08-23,0x3,Peterborough,Bradford City,11:00,26.0,3,True,1,0.038,0.9633911368015414,9
2025-08-23,0x3,Preston,Ipswich,11:00,27.0,4,False,1,0.036538461538461534,0.9647495361781077,9
2025-08-23,0x3,Brentford,Aston Villa,11:00,30.0,5,False,1,0.03275862068965517,0.9682804674457429,9
2025-08-23,0x3,Charlton,Leicester,08:30,32.0,6,False,1,0.03064516129032258,0.9702660406885759,9
2025-08-23,0x3,FC Halifax,Forest Green,11:00,32.0,7,False,1,0.03064516129032258,0.9702660406885759,9
2025-08-23,0x3,Stranraer,Clyde,11:00,32.0,8,False,1,0.03064516129032258,0.9702660406885759,9
2025-08-23,0x3,Las Vegas Lights,North Carolina,23:30,32.0,9,False,1,0.03064516129032258,0.9702660406885759,9
2025-08-24,0x3,Degerfors,AIK,11:30,25.0,1,True,1,0.03958333333333333,0.9619238476953909,6
2025-08-24,0x3,Juventude,Botafogo RJ,18:30,26.0,2,True,1,0.038,0.9633911368015414,6
2025-08-24,0x3,Cultural Leonesa,Almeria,14:30,28.0,3,True,1,0.03518518518518518,0.9660107334525939,6
2025-08-24,0x3,Cagliari,Fiorentina,13:30,29.0,4,False,1,0.033928571428571426,0.9671848013816926,6
2025-08-24,0x3,Otelul,CFR Cluj,10:15,30.0,5,False,1,0.03275862068965517,0.9682804674457429,6
2025-08-24,0x3,Everton,Brighton,10:00,34.0,6,False,1,0.028787878787878786,0.9720176730486008,6
2025-08-26,0x3,Bromley,Wycombe,15:45,32.0,1,True,1,0.03064516129032258,0.9702660406885759,2
2025-08-26,0x3,Cambridge Utd,Charlton,15:30,34.0,2,True,1,0.028787878787878786,0.9720176730486008,2
2025-08-29,0x3,Real Sociedad B,Almeria,14:30,21.0,1,True,1,0.0475,0.9546539379474941,1
2025-08-30,0x3,Alaves,Atl. Madrid,12:00,20.0,1,True,1,0.049999999999999996,0.9523809523809524,8
2025-08-30,0x3,Parma,Atalanta,13:30,22.0,2,True,1,0.04523809523809524,0.9567198177676538,8
2025-08-30,0x3,Livingston,Hearts,11:00,26.0,3,True,1,0.038,0.9633911368015414,8
2025-08-30,0x3,Blackpool,Bolton,11:00,28.0,4,False,1,0.03518518518518518,0.9660107334525939,8
2025-08-30,0x3,Lorient,Lille,12:00,28.0,5,False,1,0.03518518518518518,0.9660107334525939,8
2025-08-30,0x3,Leeds,Newcastle,13:30,29.0,6,False,1,0.033928571428571426,0.9671848013816926,8
2025-08-30,0x3,Sheffield Wed,Swansea,11:00,32.0,7,False,1,0.03064516129032258,0.9702660406885759,8
2025-08-30,0x3,Slovacko,Jablonec,12:00,34.0,8,False,1,0.028787878787878786,0.9720176730486008,8
2025-08-31,0x3,Rio Ave,Braga,16:30,19.0,1,True,1,0.05277777777777778,0.949868073878628,9
2025-08-31,0x3,Genoa,Juventus,13:30,19.5,2,True,1,0.05135135135135135,0.9511568123393317,9
2025-08-31,0x3,Aldosivi,Boca Juniors,14:30,21.0,3,True,1,0.0475,0.9546539379474941,9
2025-08-31,0x3,Angers,Rennes,10:00,22.0,4,False,1,0.04523809523809524,0.9567198177676538,9
2025-08-31,0x3,Siracusa,Monopoli,16:00,26.0,5,False,1,0.038,0.9633911368015414,9
2025-08-31,0x3,Le Havre,Nice,12:15,27.0,6,False,1,0.036538461538461534,0.9647495361781077,9
2025-08-31,0x3,Umea FC,Oddevold,08:00,29.0,7,False,1,0.033928571428571426,0.9671848013816926,9
2025-08-31,0x3,Tirol,Wolfsberger AC,12:00,34.0,8,False,1,0.028787878787878786,0.9720176730486008,9
2025-08-31,0x3,Torino,Fiorentina,13:30,34.0,9,False,1,0.028787878787878786,0.9720176730486008,9
2025-09-04,0x3,Luxembourg,Northern Ireland,15:45,32.0,1,True,1,0.03064516129032258,0.9702660406885759,1
2025-09-05,0x3,Slovenia,Sweden,15:45,26.0,1,True,1,0.038,0.9633911368015414,3
2025-09-05,0x3,Trinidad & Tobago,Curacao,21:00,30.0,2,True,1,0.03275862068965517,0.9682804674457429,3
2025-09-05,0x3,Congo,Tanzania,13:00,34.0,3,True,1,0.028787878787878786,0.9720176730486008,3
2025-09-06,0x3,Plymouth,Stockport County,11:00,27.0,1,True,1,0.036538461538461534,0.9647495361781077,1
2025-09-07,0x3,2 de Mayo,Olimpia Asuncion,16:00,27.0,1,True,1,0.036538461538461534,0.9647495361781077,3
2025-09-07,0x3,Real Sociedad B,Cadiz CF,11:15,32.0,2,True,1,0.03064516129032258,0.9702660406885759,3
2025-09-07,0x3,Cultural Leonesa,Leganes,13:30,34.0,3,True,1,0.028787878787878786,0.9720176730486008,3
2025-09-08,0x3,Guinea,Algeria,13:00,23.0,1,True,1,0.04318181818181818,0.9586056644880174,2
2025-09-08,0x3,Equatorial Guinea,Tunisia,10:00,32.0,2,True,1,0.03064516129032258,0.9702660406885759,2
2025-09-09,0x3,Serbia,England,15:45,19.5,1,True,1,0.05135135135135135,0.9511568123393317,2
2025-09-09,0x3,Chile,Uruguay,20:30,34.0,2,True,1,0.028787878787878786,0.9720176730486008,2
2025-09-12,0x3,Amiens,Bastia,15:00,27.0,1,True,1,0.036538461538461534,0.9647495361781077,2
2025-09-12,0x3,Avellino,Monza,15:30,32.0,2,True,1,0.03064516129032258,0.9702660406885759,2
2025-09-13,0x3,Oxford Utd,Leicester,08:30,22.0,1,True,1,0.04523809523809524,0.9567198177676538,12
2025-09-13,0x3,Sheffield Wed,Bristol City,11:00,25.0,2,True,0,-1.0,0.9619238476953909,12
2025-09-13,0x3,Pescara,Venezia,10:00,26.0,3,True,1,0.038,0.9633911368015414,12
2025-09-13,0x3,Brondby,FC Copenhagen,10:00,26.0,4,False,1,0.038,0.9633911368015414,12
2025-09-13,0x3,Austria Vienna (Am),First Vienna,15:00,27.0,5,False,1,0.036538461538461534,0.9647495361781077,12
2025-09-13,0x3,Mazatlan FC,UNAM Pumas,00:00,29.0,6,False,1,0.033928571428571426,0.9671848013816926,12
2025-09-13,0x3,Fiorentina,Napoli,15:45,30.0,7,False,1,0.03275862068965517,0.9682804674457429,12
2025-09-13,0x3,Edinburgh City,East Kilbride,11:00,30.0,8,False,1,0.03275862068965517,0.9682804674457429,12
2025-09-13,0x3,Kelty Hearts,Stenhousemuir,11:00,32.0,9,False,1,0.03064516129032258,0.9702660406885759,12
2025-09-13,0x3,Peterborough,Wycombe,11:00,32.0,10,False,1,0.03064516129032258,0.9702660406885759,12
2025-09-13,0x3,Mirandes,Dep. La Coruna,11:15,32.0,11,False,1,0.03064516129032258,0.9702660406885759,12
2025-09-13,0x3,Dundee FC,Motherwell,11:00,32.0,12,False,1,0.03064516129032258,0.9702660406885759,12
2025-09-14,0x3,Sassuolo,Lazio,13:00,26.0,1,True,1,0.038,0.9633911368015414,6
2025-09-14,0x3,Ried,Hartberg,09:30,28.0,2,True,1,0.03518518518518518,0.9660107334525939,6
2025-09-14,0x3,Levante,Betis,11:15,32.0,3,True,1,0.03064516129032258,0.9702660406885759,6
2025-09-14,0x3,Kayserispor,Goztepe,11:00,32.0,4,False,1,0.03064516129032258,0.9702660406885759,6
2025-09-14,0x3,Estrela,Vitoria Guimaraes,11:30,34.0,5,False,1,0.028787878787878786,0.9720176730486008,6
2025-09-14,0x3,KFUM Oslo,Viking,12:00,34.0,6,False,1,0.028787878787878786,0.9720176730486008,6
2025-09-15,0x3,Manta,Aucas,21:00,34.0,1,True,1,0.028787878787878786,0.9720176730486008,1
2025-09-17,0x3,Karagumruk,Basaksehir,14:00,23.0,1,True,1,0.04318181818181818,0.9586056644880174,1
2025-09-18,0x3,Arda,CSKA Sofia,11:30,28.0,1,True,1,0.03518518518518518,0.9660107334525939,1
2025-09-20,0x3,Udinese,AC Milan,15:45,21.0,1,True,0,-1.0,0.9546539379474941,11
2025-09-20,0x3,Mushuc Runa,Ind. del Valle,16:00,23.0,2,True,1,0.04318181818181818,0.9586056644880174,11
2025-09-20,0x3,Nantes,Rennes,12:00,25.0,3,True,1,0.03958333333333333,0.9619238476953909,11
2025-09-20,0x3,Sittard,Utrecht,15:00,25.0,4,False,1,0.03958333333333333,0.9619238476953909,11
2025-09-20,0x3,Stranraer,Elgin City,11:00,25.0,5,False,1,0.03958333333333333,0.9619238476953909,11
2025-09-20,0x3,Mantova,Modena,14:30,26.0,6,False,1,0.038,0.9633911368015414,11
2025-09-20,0x3,West Ham,Crystal Palace,11:00,28.0,7,False,1,0.03518518518518518,0.9660107334525939,11
2025-09-20,0x3,Vitoria Guimaraes,Braga,16:30,28.0,8,False,1,0.03518518518518518,0.9660107334525939,11
2025-09-20,0x3,Lincoln,Luton,08:30,29.0,9,False,1,0.033928571428571426,0.9671848013816926,11
2025-09-20,0x3,Burnley,Nottingham,11:00,30.0,10,False,1,0.03275862068965517,0.9682804674457429,11
2025-09-20,0x3,Zlin,Hradec Kralove,10:00,34.0,11,False,1,0.028787878787878786,0.9720176730486008,11
2025-09-21,0x3,Sunderland,Aston Villa,10:00,28.0,1,True,1,0.03518518518518518,0.9660107334525939,6
2025-09-21,0x3,Septemvri Sofia,Botev Plovdiv,11:45,29.0,2,True,1,0.033928571428571426,0.9671848013816926,6
2025-09-21,0x3,Torino,Atalanta,10:00,30.0,3,False,0,-1.0,0.9682804674457429,6
2025-09-21,0x3,Casa Pia,Famalicao,16:30,30.0,4,True,1,0.03275862068965517,0.9682804674457429,6
2025-09-21,0x3,Pescara,Empoli,12:15,32.0,5,False,1,0.03064516129032258,0.9702660406885759,6
2025-09-21,0x3,Auxerre,Toulouse,12:15,34.0,6,False,1,0.028787878787878786,0.9720176730486008,6
2025-09-23,0x3,Sevilla,Villarreal,16:30,34.0,1,True,1,0.028787878787878786,0.9720176730486008,1
2025-09-24,0x3,Siracusa,Potenza,13:30,32.0,1,True,1,0.03064516129032258,0.9702660406885759,1
2025-09-26,0x3,Drogheda,Derry City,15:45,34.0,1,True,1,0.028787878787878786,0.9720176730486008,1
2025-09-27,0x3,Eyupspor,Goztepe,11:00,21.0,1,True,1,0.0475,0.9546539379474941,6
2025-09-27,0x3,Aldosivi,Argentinos Jrs,14:30,26.0,2,True,1,0.038,0.9633911368015414,6
2025-09-27,0x3,Puebla,Guadalajara Chivas,00:00,28.0,3,True,1,0.03518518518518518,0.9660107334525939,6
2025-09-27,0x3,St. Pauli,Bayer Leverkusen,10:30,30.0,4,False,1,0.03275862068965517,0.9682804674457429,6
2025-09-27,0x3,Exeter,Huddersfield,11:00,30.0,5,False,1,0.03275862068965517,0.9682804674457429,6
2025-09-27,0x3,Leeds,Bournemouth,11:00,34.0,6,False,1,0.028787878787878786,0.9720176730486008,6
2025-09-28,0x3,Corinthians,Flamengo RJ,20:30,26.0,1,True,1,0.038,0.9633911368015414,5
2025-09-28,0x3,Newcastle,Arsenal,12:30,28.0,2,True,1,0.03518518518518518,0.9660107334525939,5
2025-09-28,0x3,Lecce,Bologna,13:00,28.0,3,True,1,0.03518518518518518,0.9660107334525939,5
2025-09-28,0x3,Pisa,Fiorentina,10:00,32.0,4,False,1,0.03064516129032258,0.9702660406885759,5
2025-09-28,0x3,Miramar,Defensor Sp.,21:00,32.0,5,False,1,0.03064516129032258,0.9702660406885759,5
2025-09-30,0x3,Blackpool,Luton,15:45,30.0,1,True,1,0.03275862068965517,0.9682804674457429,1
2025-10-01,0x3,Norwich,West Brom,15:45,29.0,1,True,1,0.033928571428571426,0.9671848013816926,5
2025-10-01,0x3,Millwall,Coventry,15:45,30.0,2,True,1,0.03275862068965517,0.9682804674457429,5
2025-10-01,0x3,Carrarese,Modena,15:30,32.0,3,True,1,0.03064516129032258,0.9702660406885759,5
2025-10-01,0x3,Sport Recife,Fluminense,19:00,32.0,4,False,1,0.03064516129032258,0.9702660406885759,5
2025-10-01,0x3,Pescara,Sudtirol,15:30,34.0,5,False,1,0.028787878787878786,0.9720176730486008,5
2025-10-02,0x3,Shelbourne,Hacken,16:00,22.0,1,True,1,0.04523809523809524,0.9567198177676538,2
2025-10-02,0x3,Feyenoord,Aston Villa,16:00,34.0,2,True,1,0.028787878787878786,0.9720176730486008,2
2025-10-03,0x3,Stade Nyonnais,Wil,14:30,32.0,1,True,1,0.03064516129032258,0.9702660406885759,1
2025-10-04,0x3,OFI Crete,Aris,12:00,24.0,1,True,1,0.041304347826086954,0.9603340292275574,9
2025-10-04,0x3,Grazer AK,Wolfsberger AC,12:00,25.0,2,True,1,0.03958333333333333,0.9619238476953909,9
2025-10-04,0x3,Auxerre,Lens,16:05,25.0,3,True,1,0.03958333333333333,0.9619238476953909,9
2025-10-04,0x3,Ostersund,Vasteras SK,08:00,26.0,4,False,1,0.038,0.9633911368015414,9
2025-10-04,0x3,Derby,Southampton,11:00,27.0,5,False,1,0.036538461538461534,0.9647495361781077,9
2025-10-04,0x3,Kelty Hearts,Peterhead,11:00,32.0,6,False,1,0.03064516129032258,0.9702660406885759,9
2025-10-04,0x3,Degerfors,Djurgarden,10:00,32.0,7,False,1,0.03064516129032258,0.9702660406885759,9
2025-10-04,0x3,Portsmouth,Middlesbrough,11:00,34.0,8,False,1,0.028787878787878786,0.9720176730486008,9
2025-10-04,0x3,Yeovil,Boreham Wood,11:00,34.0,9,False,0,-1.0,0.9720176730486008,9
2025-10-05,0x3,A. Klagenfurt,St. Polten,05:30,24.0,1,True,1,0.041304347826086954,0.9603340292275574,7
2025-10-05,0x3,Wolves,Brighton,10:00,25.0,2,True,1,0.03958333333333333,0.9619238476953909,7
2025-10-05,0x3,Arouca,Famalicao,11:30,29.0,3,True,1,0.033928571428571426,0.9671848013816926,7
2025-10-05,0x3,FC Porto B,Torreense,07:00,32.0,4,False,1,0.03064516129032258,0.9702660406885759,7
2025-10-05,0x3,Pro Patria,Trento,09:30,34.0,5,False,1,0.028787878787878786,0.9720176730486008,7
2025-10-05,0x3,Le Havre,Rennes,12:15,34.0,6,False,1,0.028787878787878786,0.9720176730486008,7
2025-10-05,0x3,Pharco,Wadi Degla,14:00,34.0,7,False,1,0.028787878787878786,0.9720176730486008,7
2025-10-09,0x3,Nicaragua,Haiti,21:00,32.0,1,True,0,-1.0,0.9702660406885759,2
2025-10-09,0x3,Remo,Athletico-PR,21:35,32.0,2,True,1,0.03064516129032258,0.9702660406885759,2
2025-10-10,0x3,Defensa y Justicia,Argentinos Jrs,16:15,30.0,1,True,1,0.03275862068965517,0.9682804674457429,1
2025-10-11,0x3,2 de Mayo,Cerro Porteno,17:30,29.0,1,True,1,0.033928571428571426,0.9671848013816926,2
2025-10-11,0x3,Las Vegas Lights,Oakland Roots,23:30,34.0,2,True,1,0.028787878787878786,0.9720176730486008,2
2025-10-13,0x3,Cajamarca,Cienciano,15:00,32.0,1,True,1,0.03064516129032258,0.9702660406885759,1
2025-10-17,0x3,Waterford,Derry City,15:45,30.0,1,True,1,0.03275862068965517,0.9682804674457429,1
2025-10-18,0x3,Torino,Napoli,13:00,18.5,1,True,1,0.054285714285714284,0.948509485094851,9
2025-10-18,0x3,Kilmarnock,Hearts,13:45,23.0,2,True,0,-1.0,0.9586056644880174,9
2025-10-18,0x3,Middelfart,Horsens,09:00,27.0,3,True,0,-1.0,0.9647495361781077,9
2025-10-18,0x3,Tirol,Austria Vienna,12:00,29.0,4,False,1,0.033928571428571426,0.9671848013816926,9
2025-10-18,0x3,AS Roma,Inter,15:45,29.0,5,False,1,0.033928571428571426,0.9671848013816926,9
2025-10-18,0x3,Burnley,Leeds,11:00,30.0,6,False,1,0.03275862068965517,0.9682804674457429,9
2025-10-18,0x3,Glenavon,Carrick Rangers,11:00,32.0,7,False,1,0.03064516129032258,0.9702660406885759,9
2025-10-18,0x3,Pescara,Carrarese,10:00,32.0,8,False,1,0.03064516129032258,0.9702660406885759,9
2025-10-18,0x3,Blackpool,Wycombe,11:00,34.0,9,False,1,0.028787878787878786,0.9720176730486008,9
2025-10-19,0x3,BW Linz,Sturm Graz,09:30,22.0,1,True,1,0.04523809523809524,0.9567198177676538,7
2025-10-19,0x3,Cagliari,Bologna,10:00,25.0,2,True,1,0.03958333333333333,0.9619238476953909,7
2025-10-19,0x3,Elche,Ath Bilbao,09:00,26.0,3,True,1,0.038,0.9633911368015414,7
2025-10-19,0x3,Istra 1961,Hajduk Split,11:00,32.0,4,False,0,-1.0,0.9702660406885759,7
2025-10-19,0x3,Aris,Panathinaikos,13:30,32.0,5,False,1,0.03064516129032258,0.9702660406885759,7
2025-10-19,0x3,Kayserispor,Samsunspor,08:30,34.0,6,False,1,0.028787878787878786,0.9720176730486008,7
2025-10-19,0x3,Como,Juventus,07:30,34.0,7,False,1,0.028787878787878786,0.9720176730486008,7
2025-10-20,0x3,Petrolul,CFR Cluj,14:30,34.0,1,True,1,0.028787878787878786,0.9720176730486008,2
2025-10-20,0x3,Carpi,Ascoli,15:30,34.0,2,True,1,0.028787878787878786,0.9720176730486008,2
2025-10-21,0x3,Airdrieonians,Dunfermline,15:45,30.0,1,True,1,0.03275862068965517,0.9682804674457429,1
2025-10-24,0x3,Gorica,Hajduk Split,13:00,22.0,1,True,1,0.04523809523809524,0.9567198177676538,2
2025-10-24,0x3,Napredak,Vojvodina,11:00,29.0,2,True,1,0.033928571428571426,0.9671848013816926,2
2025-10-25,0x3,Parma,Como,10:00,24.0,1,True,1,0.041304347826086954,0.9603340292275574,7
2025-10-25,0x3,Annecy,St Etienne,15:00,25.0,2,True,1,0.03958333333333333,0.9619238476953909,7
2025-10-25,0x3,Northampton,Luton,11:00,26.0,3,True,1,0.038,0.9633911368015414,7
2025-10-25,0x3,Skeid,Raufoss,09:00,29.0,4,False,1,0.033928571428571426,0.9671848013816926,7
2025-10-25,0x3,Valencia,Villarreal,16:00,29.0,5,False,1,0.033928571428571426,0.9671848013816926,7
2025-10-25,0x3,Napoli,Inter,13:00,32.0,6,False,1,0.03064516129032258,0.9702660406885759,7
2025-10-25,0x3,Catanzaro,Palermo,14:30,34.0,7,False,1,0.028787878787878786,0.9720176730486008,7
2025-10-26,0x3,Sassuolo,AS Roma,11:00,22.0,1,True,1,0.04523809523809524,0.9567198177676538,2
2025-10-26,0x3,Lazio,Juventus,16:45,30.0,2,True,1,0.03275862068965517,0.9682804674457429,2
2025-10-27,0x3,Barracas Central,Boca Juniors,16:00,26.0,1,True,1,0.038,0.9633911368015414,3
2025-10-27,0x3,CSKA 1948 Sofia,Ludogorets,12:30,27.0,2,True,1,0.036538461538461534,0.9647495361781077,3
2025-10-27,0x3,Betis,Atl. Madrid,17:00,30.0,3,True,1,0.03275862068965517,0.9682804674457429,3
2025-10-28,0x3,Boulogne,Reims,16:30,25.0,1,True,1,0.03958333333333333,0.9619238476953909,2
2025-10-28,0x3,Reggiana,Modena,16:30,29.0,2,True,1,0.033928571428571426,0.9671848013816926,2
2025-10-29,0x3,St. Mirren,Hearts,16:45,22.0,1,True,1,0.04523809523809524,0.9567198177676538,1
2025-10-30,0x3,Pisa,Lazio,16:45,28.0,1,True,1,0.03518518518518518,0.9660107334525939,2
2025-10-30,0x3,Al Kholood,Neom SC,14:30,34.0,2,True,1,0.028787878787878786,0.9720176730486008,2
2025-10-31,0x3,Wrexham,Coventry,17:00,24.0,1,True,1,0.041304347826086954,0.9603340292275574,2
2025-10-31,0x3,Brisbane Roar,Melbourne City,05:35,30.0,2,True,1,0.03275862068965517,0.9682804674457429,2
2025-11-01,0x3,Livingston,Hibernian,12:00,22.0,1,True,1,0.04523809523809524,0.9567198177676538,7
2025-11-01,0x3,Chelmsford,Braintree,09:00,29.0,2,True,1,0.033928571428571426,0.9671848013816926,7
2025-11-01,0x3,QPR,Ipswich,12:00,29.0,3,True,1,0.033928571428571426,0.9671848013816926,7
2025-11-01,0x3,Nacional,Famalicao,12:30,30.0,4,False,1,0.03275862068965517,0.9682804674457429,7
2025-11-01,0x3,Hartberg,Austria Vienna,13:00,30.0,5,False,1,0.03275862068965517,0.9682804674457429,7
2025-11-01,0x3,BW Linz,LASK,13:00,30.0,6,False,1,0.03275862068965517,0.9682804674457429,7
2025-11-01,0x3,Septemvri Sofia,Slavia Sofia,12:30,32.0,7,False,1,0.03064516129032258,0.9702660406885759,7
2025-11-02,0x3,Austin FC,Los Angeles FC,22:45,25.0,1,True,1,0.03958333333333333,0.9619238476953909,6
2025-11-02,0x3,Parma,Bologna,14:00,28.0,2,True,1,0.03518518518518518,0.9660107334525939,6
2025-11-02,0x3,Silkeborg,Brondby,16:00,29.0,3,True,1,0.033928571428571426,0.9671848013816926,6
2025-11-02,0x3,Cherno More,Ludogorets,12:45,29.0,4,False,1,0.033928571428571426,0.9671848013816926,6
2025-11-02,0x3,Kofu,Mito,02:00,32.0,5,False,1,0.03064516129032258,0.9702660406885759,6
2025-11-02,0x3,Widzew Lodz,Legia,16:15,34.0,6,False,1,0.028787878787878786,0.9720176730486008,6
2025-11-03,0x3,Petrolul,FC Botosani,15:30,34.0,1,True,1,0.028787878787878786,0.9720176730486008,1
2025-11-04,0x3,Oxford Utd,Stoke,16:45,34.0,1,True,0,-1.0,0.9720176730486008,1
2025-11-05,0x3,Sao Paulo,Flamengo RJ,21:30,26.0,1,True,1,0.038,0.9633911368015414,2
2025-11-05,0x3,Sheffield Wed,Norwich,16:45,32.0,2,True,1,0.03064516129032258,0.9702660406885759,2
2025-11-06,0x3,KuPS,Slovan Bratislava,14:45,34.0,1,True,1,0.028787878787878786,0.9720176730486008,1
2025-11-07,0x3,Admira,St. Polten,16:30,30.0,1,True,1,0.03275862068965517,0.9682804674457429,2
2025-11-07,0x3,Genclerbirligi,Basaksehir,14:00,34.0,2,True,1,0.028787878787878786,0.9720176730486008,2
2025-11-08,0x3,Queen's Park,Raith,12:00,22.0,1,True,1,0.04523809523809524,0.9567198177676538,12
2025-11-08,0x3,La Serena,U. Catolica,12:30,26.0,2,True,1,0.038,0.9633911368015414,12
2025-11-08,0x3,Sport Recife,Atletico-MG,16:00,27.0,3,True,1,0.036538461538461534,0.9647495361781077,12
2025-11-08,0x3,Blackpool,Cardiff,12:00,27.0,4,False,1,0.036538461538461534,0.9647495361781077,12
2025-11-08,0x3,Kasimpasa,Goztepe,14:00,29.0,5,False,1,0.033928571428571426,0.9671848013816926,12
2025-11-08,0x3,Dunfermline,St Johnstone,12:00,30.0,6,False,1,0.03275862068965517,0.9682804674457429,12
2025-11-08,0x3,Dolomiti Bellunesi,Cittadella,10:30,30.0,7,False,1,0.03275862068965517,0.9682804674457429,12
2025-11-08,0x3,Swansea,Ipswich,12:00,30.0,8,False,1,0.03275862068965517,0.9682804674457429,12
2025-11-08,0x3,Norwich,Leicester,12:00,32.0,9,False,1,0.03064516129032258,0.9702660406885759,12
2025-11-08,0x3,Melbourne Victory,Melbourne City,05:35,34.0,10,False,1,0.028787878787878786,0.9720176730486008,12
2025-11-08,0x3,Northampton,Mansfield,09:30,34.0,11,False,1,0.028787878787878786,0.9720176730486008,12
2025-11-08,0x3,Minnesota United,Seattle Sounders,18:00,34.0,12,False,1,0.028787878787878786,0.9720176730486008,12
2025-11-09,0x3,Perugia,Arezzo,10:30,23.0,1,True,1,0.04318181818181818,0.9586056644880174,9
2025-11-09,0x3,Defensor Sp.,Nacional,16:30,26.0,2,True,1,0.038,0.9633911368015414,9
2025-11-09,0x3,Mirassol,Palmeiras,20:30,26.0,3,True,1,0.038,0.9633911368015414,9
2025-11-09,0x3,Tirol,SK Rapid,10:30,27.0,4,False,1,0.036538461538461534,0.9647495361781077,9
2025-11-09,0x3,Valencia,Betis,14:30,28.0,5,False,1,0.03518518518518518,0.9660107334525939,9
2025-11-09,0x3,Vitoria,Botafogo RJ,16:00,32.0,6,False,1,0.03064516129032258,0.9702660406885759,9
2025-11-09,0x3,Sorrento,Audace Cerignola,13:30,32.0,7,False,1,0.03064516129032258,0.9702660406885759,9
2025-11-09,0x3,Brentford,Newcastle,11:00,34.0,8,False,1,0.028787878787878786,0.9720176730486008,9
2025-11-09,0x3,Plzen,Slavia Prague,14:30,34.0,9,False,1,0.028787878787878786,0.9720176730486008,9
2025-11-10,0x3,Gimnasia L.P.,Velez Sarsfield,17:00,34.0,1,True,1,0.028787878787878786,0.9720176730486008,1
2025-11-13,0x3,Guatemala,Panama,23:00,28.0,1,True,1,0.03518518518518518,0.9660107334525939,3
2025-11-13,0x3,Haiti,Costa Rica,23:00,28.0,2,True,1,0.03518518518518518,0.9660107334525939,3
2025-11-13,0x3,Trinidad & Tobago,Jamaica,21:00,30.0,3,True,1,0.03275862068965517,0.9682804674457429,3
2025-11-16,0x3,Liverpool M.,Penarol,18:00,28.0,1,True,1,0.03518518518518518,0.9660107334525939,1
2025-11-18,0x3,Bulgaria,Georgia,16:45,19.5,1,True,1,0.05135135135135135,0.9511568123393317,2
2025-11-18,0x3,Kosovo,Switzerland,16:45,23.0,2,True,1,0.04318181818181818,0.9586056644880174,2
2025-11-19,0x3,Grau,Sporting Cristal,17:00,28.0,1,True,1,0.03518518518518518,0.9660107334525939,2
2025-11-19,0x3,Fluminense,Flamengo RJ,21:30,29.0,2,True,1,0.033928571428571426,0.9671848013816926,2
2025-11-20,0x3,Juventude,Cruzeiro,16:00,26.0,1,True,1,0.038,0.9633911368015414,2
2025-11-20,0x3,Peterborough,Stockport County,17:00,32.0,2,True,1,0.03064516129032258,0.9702660406885759,2
2025-11-21,0x3,FC Arges,Univ. Craiova,15:30,30.0,1,True,1,0.03275862068965517,0.9682804674457429,1
2025-11-22,0x3,Wolves,Crystal Palace,12:00,21.0,1,True,1,0.0475,0.9546539379474941,11
2025-11-22,0x3,Airdrieonians,Ayr,12:00,22.0,2,True,1,0.04523809523809524,0.9567198177676538,11
2025-11-22,0x3,Padova,Venezia,13:15,22.0,3,True,1,0.04523809523809524,0.9567198177676538,11
2025-11-22,0x3,Fiorentina,Juventus,14:00,25.0,4,False,1,0.03958333333333333,0.9619238476953909,11
2025-11-22,0x3,Northampton,Cardiff,12:00,27.0,5,False,1,0.036538461538461534,0.9647495361781077,11
2025-11-22,0x3,Kilmarnock,Motherwell,12:00,28.0,6,False,1,0.03518518518518518,0.9660107334525939,11
2025-11-22,0x3,Oxford Utd,Middlesbrough,12:00,28.0,7,False,1,0.03518518518518518,0.9660107334525939,11
2025-11-22,0x3,Arda,CSKA 1948 Sofia,07:00,28.0,8,False,1,0.03518518518518518,0.9660107334525939,11
2025-11-22,0x3,Udinese,Bologna,11:00,32.0,9,False,0,-1.0,0.9702660406885759,11
2025-11-22,0x3,A. Klagenfurt,Amstetten,10:30,34.0,10,False,1,0.028787878787878786,0.9720176730486008,11
2025-11-22,0x3,Preussen Munster,Schalke,09:00,34.0,11,False,1,0.028787878787878786,0.9720176730486008,11
2025-11-23,0x3,Aberdeen,Hearts,12:00,21.0,1,True,1,0.0475,0.9546539379474941,4
2025-11-23,0x3,Comerciantes Unidos,AD Tarma,17:00,22.0,2,True,1,0.04523809523809524,0.9567198177676538,4
2025-11-23,0x3,Sheffield Wed,Sheffield Utd,09:00,25.0,3,True,0,-1.0,0.9619238476953909,4
2025-11-23,0x3,Auxerre,Lyon,11:00,28.0,4,False,1,0.03518518518518518,0.9660107334525939,4
2025-11-24,0x3,Real Sociedad B,Valladolid,16:30,28.0,1,True,1,0.03518518518518518,0.9660107334525939,2
2025-11-24,0x3,Torino,Como,14:30,32.0,2,True,1,0.03064516129032258,0.9702660406885759,2
2025-11-25,0x3,Hull,Ipswich,16:45,20.0,1,True,1,0.049999999999999996,0.9523809523809524,2
2025-11-25,0x3,Atletico-MG,Flamengo RJ,21:30,24.0,2,True,1,0.041304347826086954,0.9603340292275574,2
2025-11-26,0x3,Juarez,Toluca,22:00,25.0,1,True,1,0.03958333333333333,0.9619238476953909,1
2025-11-27,0x3,Strasbourg,Crystal Palace,17:00,23.0,1,True,1,0.04318181818181818,0.9586056644880174,6
2025-11-27,0x3,Rangers,Braga,17:00,25.0,2,True,1,0.03958333333333333,0.9619238476953909,6
2025-11-27,0x3,Recoleta,Nacional Asuncion,20:00,29.0,3,True,1,0.033928571428571426,0.9671848013816926,6
2025-11-27,0x3,Plzen,Freiburg,14:45,30.0,4,False,1,0.03275862068965517,0.9682804674457429,6
2025-11-27,0x3,Zrinjski,Hacken,14:45,34.0,5,False,1,0.028787878787878786,0.9720176730486008,6
2025-11-27,0x3,America De Cali,Ind. Medellin,20:30,34.0,6,False,1,0.028787878787878786,0.9720176730486008,6
2025-11-29,0x3,Dundee FC,St. Mirren,12:00,28.0,1,True,1,0.03518518518518518,0.9660107334525939,9
2025-11-29,0x3,Reggiana,Frosinone,11:00,30.0,2,True,1,0.03275862068965517,0.9682804674457429,9
2025-11-29,0x3,Motherwell,Hearts,12:00,30.0,3,True,1,0.03275862068965517,0.9682804674457429,9
2025-11-29,0x3,Sunderland,Bournemouth,12:00,30.0,4,False,1,0.03275862068965517,0.9682804674457429,9
2025-11-29,0x3,Glenavon,Ballymena,12:00,32.0,5,False,1,0.03064516129032258,0.9702660406885759,9
2025-11-29,0x3,Moreirense,Famalicao,12:30,32.0,6,False,1,0.03064516129032258,0.9702660406885759,9
2025-11-29,0x3,Levante,Ath Bilbao,14:30,32.0,7,False,1,0.03064516129032258,0.9702660406885759,9
2025-11-29,0x3,Sheffield Wed,Preston,12:00,34.0,8,False,1,0.028787878787878786,0.9720176730486008,9
2025-11-29,0x3,Millwall,Southampton,12:00,34.0,9,False,1,0.028787878787878786,0.9720176730486008,9
2025-11-30,0x3,Le Havre,Lille,13:15,24.0,1,True,1,0.041304347826086954,0.9603340292275574,3
2025-11-30,0x3,Arka Gdynia,Rakow,10:45,28.0,2,True,1,0.03518518518518518,0.9660107334525939,3
2025-11-30,0x3,Chelsea,Arsenal,13:30,30.0,3,True,1,0.03275862068965517,0.9682804674457429,3
2025-12-03,0x3,Leeds,Chelsea,17:15,21.0,1,True,1,0.0475,0.9546539379474941,6
2025-12-03,0x3,Beroe,Cherno More,10:30,22.0,2,True,1,0.04523809523809524,0.9567198177676538,6
2025-12-03,0x3,Dundee Utd,Rangers,16:45,22.0,3,True,1,0.04523809523809524,0.9567198177676538,6
2025-12-03,0x3,Eldense,Almeria,16:00,24.0,4,False,1,0.041304347826086954,0.9603340292275574,6
2025-12-03,0x3,Wolves,Nottingham,16:30,32.0,5,False,1,0.03064516129032258,0.9702660406885759,6
2025-12-03,0x3,Podbrezova,Trnava,14:00,34.0,6,False,1,0.028787878787878786,0.9720176730486008,6
2025-12-04,0x3,Ponferradina,Racing Santander,16:00,25.0,1,True,1,0.03958333333333333,0.9619238476953909,2
2025-12-04,0x3,Lazio,AC Milan,17:00,32.0,2,True,1,0.03064516129032258,0.9702660406885759,2
2025-12-05,0x3,Excelsior,Groningen,16:00,28.0,1,True,1,0.03518518518518518,0.9660107334525939,3
2025-12-05,0x3,Dusseldorf,Schalke,14:30,29.0,2,True,1,0.033928571428571426,0.9671848013816926,3
2025-12-05,0x3,Penafiel,Leiria,15:00,30.0,3,True,1,0.03275862068965517,0.9682804674457429,3
2025-12-06,0x3,Aston Villa,Arsenal,09:30,22.0,1,True,1,0.04523809523809524,0.9567198177676538,9
2025-12-06,0x3,Heidenheim,Freiburg,11:30,23.0,2,True,1,0.04318181818181818,0.9586056644880174,9
2025-12-06,0x3,Sigma Olomouc,Sparta Prague,14:00,25.0,3,True,1,0.03958333333333333,0.9619238476953909,9
2025-12-06,0x3,Hartberg,LASK,13:00,26.0,4,False,1,0.038,0.9633911368015414,9
2025-12-06,0x3,Andorra,Almeria,10:00,27.0,5,False,1,0.036538461538461534,0.9647495361781077,9
2025-12-06,0x3,Famalicao,Braga,17:30,27.0,6,False,1,0.036538461538461534,0.9647495361781077,9
2025-12-06,0x3,Real Sociedad B,Gijon,14:30,32.0,7,False,1,0.03064516129032258,0.9702660406885759,9
2025-12-06,0x3,Dundee FC,Aberdeen,12:00,32.0,8,False,1,0.03064516129032258,0.9702660406885759,9
2025-12-06,0x3,Csikszereda M. Ciuc,FC Arges,12:00,34.0,9,False,1,0.028787878787878786,0.9720176730486008,9
2025-12-07,0x3,Rukh Lviv,Polissya Zhytomyr,13:00,24.0,1,True,1,0.041304347826086954,0.9603340292275574,6
2025-12-07,0x3,Lorient,Lyon,16:45,26.0,2,True,1,0.038,0.9633911368015414,6
2025-12-07,0x3,Napredak,Zeleznicar Pancevo,09:00,27.0,3,True,1,0.036538461538461534,0.9647495361781077,6
2025-12-07,0x3,Bravo,O. Ljubljana,11:00,32.0,4,False,1,0.03064516129032258,0.9702660406885759,6
2025-12-07,0x3,Feirense,Academico Viseu,11:00,34.0,5,False,1,0.028787878787878786,0.9720176730486008,6
2025-12-07,0x3,KV Mechelen,Charleroi,09:30,34.0,6,False,1,0.028787878787878786,0.9720176730486008,6
2025-12-09,0x3,Charlton,Middlesbrough,16:45,29.0,1,True,1,0.033928571428571426,0.9671848013816926,2
2025-12-09,0x3,Northampton,Huddersfield,16:45,32.0,2,True,1,0.03064516129032258,0.9702660406885759,2
2025-12-11,0x3,Ludogorets,PAOK,14:45,25.0,1,True,1,0.03958333333333333,0.9619238476953909,5
2025-12-11,0x3,KuPS,Lausanne,17:00,26.0,2,True,1,0.038,0.9633911368015414,5
2025-12-11,0x3,Nice,Braga,14:45,27.0,3,True,1,0.036538461538461534,0.9647495361781077,5
2025-12-11,0x3,Brann,Fenerbahce,17:00,30.0,4,False,1,0.03275862068965517,0.9682804674457429,5
2025-12-11,0x3,Shkendija,Slovan Bratislava,14:45,34.0,5,False,1,0.028787878787878786,0.9720176730486008,5
2025-12-12,0x3,Oliveirense,Chaves,15:00,27.0,1,True,1,0.036538461538461534,0.9647495361781077,1
2025-12-13,0x3,Burnley,Fulham,14:30,22.0,1,True,1,0.04523809523809524,0.9567198177676538,2
2025-12-13,0x3,Parma,Lazio,14:00,30.0,2,True,1,0.03275862068965517,0.9682804674457429,2
2025-12-14,0x3,Udinese,Napoli,11:00,21.0,1,True,1,0.0475,0.9546539379474941,8
2025-12-14,0x3,Auxerre,Lille,13:15,23.0,2,True,1,0.04318181818181818,0.9586056644880174,8
2025-12-14,0x3,Charleroi,Royale Union SG,14:30,24.0,3,True,1,0.041304347826086954,0.9603340292275574,8
2025-12-14,0x3,West Ham,Aston Villa,11:00,25.0,4,False,1,0.03958333333333333,0.9619238476953909,8
2025-12-14,0x3,Sunderland,Newcastle,11:00,29.0,5,False,1,0.033928571428571426,0.9671848013816926,8
2025-12-14,0x3,Apollon,Aris,14:00,32.0,6,False,1,0.03064516129032258,0.9702660406885759,8
2025-12-14,0x3,Bologna,Juventus,16:45,32.0,7,False,1,0.03064516129032258,0.9702660406885759,8
2025-12-14,0x3,Gaziantep,Goztepe,08:30,34.0,8,False,1,0.028787878787878786,0.9720176730486008,8
2025-12-15,0x3,Sheffield Wed,Derby,17:00,28.0,1,True,0,-1.0,0.9660107334525939,2
2025-12-15,0x3,Foggia,Monopoli,16:30,34.0,2,True,1,0.028787878787878786,0.9720176730486008,2
2025-12-17,0x3,Huesca,Osasuna,15:00,34.0,1,True,1,0.028787878787878786,0.9720176730486008,1
2025-12-18,0x3,Lausanne,Fiorentina,17:00,29.0,1,True,1,0.033928571428571426,0.9671848013816926,1
2025-12-19,0x3,Audace Cerignola,Benevento,16:30,25.0,1,True,1,0.03958333333333333,0.9619238476953909,1
2025-12-20,0x3,Wolves,Brentford,12:00,26.0,1,True,1,0.038,0.9633911368015414,8
2025-12-20,0x3,Javor,Vojvodina,10:00,28.0,2,True,1,0.03518518518518518,0.9660107334525939,8
2025-12-20,0x3,Mansfield,Stockport County,12:00,28.0,3,False,1,0.03518518518518518,0.9660107334525939,8
2025-12-20,0x3,Levante,Real Sociedad,12:15,28.0,4,True,1,0.03518518518518518,0.9660107334525939,8
2025-12-20,0x3,Torres,Arezzo,10:30,32.0,5,False,1,0.03064516129032258,0.9702660406885759,8
2025-12-20,0x3,Bangor FC,Cliftonville,12:00,32.0,6,False,1,0.03064516129032258,0.9702660406885759,8
2025-12-20,0x3,Kelty Hearts,Cove Rangers,12:00,34.0,7,False,1,0.028787878787878786,0.9720176730486008,8
2025-12-20,0x3,Dundee Utd,Hibernian,12:00,34.0,8,False,1,0.028787878787878786,0.9720176730486008,8
2025-12-21,0x3,Cadiz CF,Castellon,17:00,24.0,1,True,1,0.041304347826086954,0.9603340292275574,6
2025-12-21,0x3,Genoa,Atalanta,16:45,27.0,2,True,1,0.036538461538461534,0.9647495361781077,6
2025-12-21,0x3,Pianese,Ternana,10:30,28.0,3,True,1,0.03518518518518518,0.9660107334525939,6
2025-12-21,0x3,Braunschweig,Schalke,09:30,32.0,4,False,1,0.03064516129032258,0.9702660406885759,6
2025-12-21,0x3,Braintree,Hartlepool,11:00,32.0,5,False,1,0.03064516129032258,0.9702660406885759,6
2025-12-21,0x3,Antwerp,Anderlecht,14:30,34.0,6,False,1,0.028787878787878786,0.9720176730486008,6
2025-12-22,0x3,Genclerbirligi,Trabzonspor,14:00,29.0,1,True,1,0.033928571428571426,0.9671848013816926,1
2025-12-26,0x3,Sheffield Wed,Hull,12:00,25.0,1,True,1,0.03958333333333333,0.9619238476953909,3
2025-12-26,0x3,Millwall,Ipswich,10:00,28.0,2,True,1,0.03518518518518518,0.9660107334525939,3
2025-12-26,0x3,Wrexham,Sheffield Utd,14:30,32.0,3,True,1,0.03064516129032258,0.9702660406885759,3
2025-12-27,0x3,Lecce,Como,11:00,19.0,1,True,0,-1.0,0.949868073878628,6
2025-12-27,0x3,Burnley,Everton,12:00,29.0,2,True,1,0.033928571428571426,0.9671848013816926,6
2025-12-27,0x3,Parma,Fiorentina,08:30,32.0,3,True,1,0.03064516129032258,0.9702660406885759,6
2025-12-27,0x3,Sariyer,Bodrumspor,07:30,32.0,4,False,1,0.03064516129032258,0.9702660406885759,6
2025-12-27,0x3,Hibernian,Hearts,09:30,32.0,5,False,1,0.03064516129032258,0.9702660406885759,6
2025-12-27,0x3,Dundee FC,Falkirk,12:00,32.0,6,False,1,0.03064516129032258,0.9702660406885759,6
2025-12-28,0x3,Arouca,Gil Vicente,12:30,24.0,1,True,1,0.041304347826086954,0.9603340292275574,3
2025-12-28,0x3,Braga,Benfica,15:00,29.0,2,True,1,0.033928571428571426,0.9671848013816926,3
2025-12-28,0x3,Pacos Ferreira,SC Farense,11:00,34.0,3,True,1,0.028787878787878786,0.9720176730486008,3
2025-12-29,0x3,Plymouth,Wycombe,16:45,34.0,1,True,1,0.028787878787878786,0.9720176730486008,1
2025-12-30,0x3,Glenavon,Dungannon,16:45,27.0,1,True,1,0.036538461538461534,0.9647495361781077,1
2025-12-31,0x3,Central Coast Mariners,Brisbane Roar,05:00,25.0,1,True,1,0.03958333333333333,0.9619238476953909,2
2025-12-31,0x3,Bala,Caernarfon,09:30,28.0,2,True,1,0.03518518518518518,0.9660107334525939,2
2026-01-01,0x3,Charlton,Coventry,12:00,21.0,1,True,1,0.0475,0.9546539379474941,3
2026-01-01,0x3,Exeter,Luton,12:00,28.0,2,True,1,0.03518518518518518,0.9660107334525939,3
2026-01-01,0x3,Northampton,Stockport County,12:00,28.0,3,True,1,0.03518518518518518,0.9660107334525939,3
2026-01-03,0x3,Kilmarnock,Hibernian,12:00,22.0,1,True,1,0.04523809523809524,0.9567198177676538,7
2026-01-03,0x3,Carrick Rangers,Glentoran,12:00,23.0,2,True,1,0.04318181818181818,0.9586056644880174,7
2026-01-03,0x3,Kelty Hearts,Alloa,12:00,23.0,3,True,1,0.04318181818181818,0.9586056644880174,7
2026-01-03,0x3,Elche,Villarreal,14:30,28.0,4,False,1,0.03518518518518518,0.9660107334525939,7
2026-01-03,0x3,Amiens,Nancy,16:00,30.0,5,False,1,0.03275862068965517,0.9682804674457429,7
2026-01-03,0x3,Airdrieonians,Raith,12:00,30.0,6,False,1,0.03275862068965517,0.9682804674457429,7
2026-01-03,0x3,Achnas,AEL Limassol,12:00,32.0,7,False,1,0.03064516129032258,0.9702660406885759,7
2026-01-04,0x3,Siracusa,Salernitana,10:30,25.0,1,True,1,0.03958333333333333,0.9619238476953909,3
2026-01-04,0x3,Alverca,Famalicao,17:30,28.0,2,True,1,0.03518518518518518,0.9660107334525939,3
2026-01-04,0x3,Lazio,Napoli,08:30,32.0,3,True,1,0.03064516129032258,0.9702660406885759,3
2026-01-06,0x3,West Ham,Nottingham,17:00,32.0,1,True,1,0.03064516129032258,0.9702660406885759,1
2026-01-07,0x3,Crystal Palace,Aston Villa,16:30,34.0,1,True,1,0.028787878787878786,0.9720176730486008,1
2026-01-09,0x3,Brisbane Roar,Auckland FC,05:35,30.0,1,True,1,0.03275862068965517,0.9682804674457429,1
2026-01-10,0x3,Atalanta,Torino,16:45,14.5,1,True,1,0.07037037037037036,0.9342560553633218,31
2026-01-10,0x3,Crotone,Altamura,13:30,14.5,2,True,1,0.07037037037037036,0.9342560553633218,31
2026-01-10,0x3,Juve Stabia,Pescara,13:15,16.5,3,True,1,0.06129032258064516,0.9422492401215806,31
2026-01-10,0x3,AS Roma,Sassuolo,14:00,16.5,4,False,1,0.06129032258064516,0.9422492401215806,31
2026-01-10,0x3,Perth Glory,Central Coast Mariners,07:45,17.5,5,False,1,0.05757575757575757,0.9455587392550143,31
2026-01-10,0x3,Burnley,Millwall,12:00,18.0,6,False,1,0.055882352941176466,0.947075208913649,31
2026-01-10,0x3,Cancun,Dorados de Sinaloa,22:00,18.0,7,False,1,0.055882352941176466,0.947075208913649,31
2026-01-10,0x3,Groningen,NAC Breda,17:00,18.0,8,False,1,0.055882352941176466,0.947075208913649,31
2026-01-10,0x3,Freiburg,Hamburger SV,11:30,20.0,9,False,1,0.049999999999999996,0.9523809523809524,31
2026-01-10,0x3,Kifisia,AEL Larissa,12:00,20.0,10,False,1,0.049999999999999996,0.9523809523809524,31
2026-01-10,0x3,Udinese,Pisa,11:00,21.0,11,False,1,0.0475,0.9546539379474941,31
2026-01-10,0x3,Cesena,Empoli,15:30,22.0,12,False,1,0.04523809523809524,0.9567198177676538,31
2026-01-10,0x3,Stenhousemuir,East Fife,12:00,22.0,13,False,1,0.04523809523809524,0.9567198177676538,31
2026-01-10,0x3,Fulham,Middlesbrough,12:00,22.0,14,False,1,0.04523809523809524,0.9567198177676538,31
2026-01-10,0x3,Ayr,Airdrieonians,12:00,22.0,15,False,1,0.04523809523809524,0.9567198177676538,31
2026-01-10,0x3,Brescia,Trento,10:30,23.0,16,False,1,0.04318181818181818,0.9586056644880174,31
2026-01-10,0x3,Frosinone,Catanzaro,11:00,23.0,17,False,1,0.04318181818181818,0.9586056644880174,31
2026-01-10,0x3,Luton,Stevenage,09:30,24.0,18,False,1,0.041304347826086954,0.9603340292275574,31
2026-01-10,0x3,Como,Bologna,11:00,24.0,19,False,1,0.041304347826086954,0.9603340292275574,31
2026-01-10,0x3,Bristol City,Watford,14:45,24.0,20,False,1,0.041304347826086954,0.9603340292275574,31
2026-01-10,0x3,Hibernian,Motherwell,12:00,25.0,21,False,1,0.03958333333333333,0.9619238476953909,31
2026-01-10,0x3,Las Palmas,Dep. La Coruna,14:30,25.0,22,False,1,0.03958333333333333,0.9619238476953909,31
2026-01-10,0x3,Valencia,Elche,17:00,25.0,23,False,1,0.03958333333333333,0.9619238476953909,31
2026-01-10,0x3,Carrarese,Bari,11:00,25.0,24,False,1,0.03958333333333333,0.9619238476953909,31
2026-01-10,0x3,Andorra,Cultural Leonesa,14:30,25.0,25,False,1,0.03958333333333333,0.9619238476953909,31
2026-01-10,0x3,Ravenna,Forli,13:30,27.0,26,False,1,0.036538461538461534,0.9647495361781077,31
2026-01-10,0x3,St. Mirren,Falkirk,12:00,28.0,27,False,1,0.03518518518518518,0.9660107334525939,31
2026-01-10,0x3,Union Berlin,Mainz,11:30,29.0,28,False,1,0.033928571428571426,0.9671848013816926,31
2026-01-10,0x3,Sudtirol,Spezia,11:00,30.0,29,False,1,0.03275862068965517,0.9682804674457429,31
2026-01-10,0x3,Stockport County,Huddersfield,09:30,32.0,30,False,1,0.03064516129032258,0.9702660406885759,31
2026-01-10,0x3,Livingston,Kilmarnock,12:00,32.0,31,False,1,0.03064516129032258,0.9702660406885759,31
2026-01-11,0x3,Levadiakos,Volos,11:00,15.5,1,True,1,0.06551724137931034,0.9385113268608415,17
2026-01-11,0x3,Lecco,Triestina,13:30,16.0,2,True,1,0.06333333333333332,0.9404388714733543,17
2026-01-11,0x3,UNAM Pumas,Queretaro,15:00,16.5,3,True,1,0.06129032258064516,0.9422492401215806,17
2026-01-11,0x3,Norwich,Walsall,11:30,16.5,4,False,1,0.06129032258064516,0.9422492401215806,17
2026-01-11,0x3,Inter,Napoli,16:45,17.5,5,False,1,0.05757575757575757,0.9455587392550143,17
2026-01-11,0x3,Perugia,Bra,13:30,18.5,6,False,1,0.054285714285714284,0.948509485094851,17
2026-01-11,0x3,Sabadell,Marbella,12:30,19.5,7,False,1,0.05135135135135135,0.9511568123393317,17
2026-01-11,0x3,B. Monchengladbach,Augsburg,11:30,22.0,8,False,1,0.04523809523809524,0.9567198177676538,17
2026-01-11,0x3,Rayo Vallecano,Mallorca,10:00,23.0,9,False,1,0.04318181818181818,0.9586056644880174,17
2026-01-11,0x3,Hull,Blackburn,11:30,24.0,10,False,1,0.041304347826086954,0.9603340292275574,17
2026-01-11,0x3,Le Mans,Nancy,14:00,25.0,11,False,1,0.03958333333333333,0.9619238476953909,17
2026-01-11,0x3,Malaga,Ceuta,12:15,26.0,12,False,1,0.038,0.9633911368015414,17
2026-01-11,0x3,Moreirense,Tondela,15:00,32.0,13,False,1,0.03064516129032258,0.9702660406885759,17
2026-01-11,0x3,Carpi,Pianese,10:30,32.0,14,False,1,0.03064516129032258,0.9702660406885759,17
2026-01-11,0x3,Torreense,Leiria,17:15,32.0,15,False,1,0.03064516129032258,0.9702660406885759,17
2026-01-11,0x3,Leganes,Valladolid,10:00,34.0,16,False,1,0.028787878787878786,0.9720176730486008,17
2026-01-11,0x3,Lille,Lyon,17:00,34.0,17,False,1,0.028787878787878786,0.9720176730486008,17
2026-01-12,0x3,Al Hazem,Al Najma,12:10,19.5,1,True,1,0.05135135135135135,0.9511568123393317,4
2026-01-12,0x3,Al Taee,Al Batin,09:40,22.0,2,True,1,0.04523809523809524,0.9567198177676538,4
2026-01-12,0x3,Salernitana,Cosenza,16:30,26.0,3,True,1,0.038,0.9633911368015414,4
2026-01-12,0x3,Genoa,Cagliari,14:30,32.0,4,False,1,0.03064516129032258,0.9702660406885759,4
2026-01-13,0x3,Puebla,Mazatlan FC,20:00,15.5,1,True,1,0.06551724137931034,0.9385113268608415,3
2026-01-13,0x3,Real Sociedad,Osasuna,17:00,17.0,2,True,1,0.059375,0.943952802359882,3
2026-01-13,0x3,Pachuca,Club Leon,22:06,22.0,3,True,1,0.04523809523809524,0.9567198177676538,3
2026-01-14,0x3,Wolfsburg,St. Pauli,14:30,23.0,1,True,1,0.04318181818181818,0.9586056644880174,1
2026-01-15,0x3,Tigres UANL,UNAM Pumas,00:06,17.0,1,True,1,0.059375,0.943952802359882,2
2026-01-15,0x3,Vizela,Pacos Ferreira,17:15,19.5,2,True,1,0.05135135135135135,0.9511568123393317,2
2026-01-16,0x3,Al Khaleej,Al Okhdood,11:45,14.0,1,True,1,0.07307692307692307,0.931899641577061,9
2026-01-16,0x3,Annecy,Amiens,16:00,18.0,2,True,1,0.055882352941176466,0.947075208913649,9
2026-01-16,0x3,Sochaux,Chateauroux,15:30,19.5,3,True,1,0.05135135135135135,0.9511568123393317,9
2026-01-16,0x3,Valenciennes,Bourg en Bresse,15:30,21.0,4,False,1,0.0475,0.9546539379474941,9
2026-01-16,0x3,Espanyol,Girona,17:00,21.0,5,False,1,0.0475,0.9546539379474941,9
2026-01-16,0x3,Academico Viseu,Leiria,15:00,22.0,6,False,1,0.04523809523809524,0.9567198177676538,9
2026-01-16,0x3,Perth Glory,Brisbane Roar,07:45,24.0,7,False,1,0.041304347826086954,0.9603340292275574,9
2026-01-16,0x3,Sampdoria,Entella,16:30,25.0,8,False,1,0.03958333333333333,0.9619238476953909,9
2026-01-16,0x3,Fortaleza,Alianza,22:30,25.0,9,False,1,0.03958333333333333,0.9619238476953909,9
2026-01-17,0x3,Venezia,Catanzaro,11:00,14.0,1,True,1,0.07307692307692307,0.931899641577061,27
2026-01-17,0x3,Felgueiras,Leixoes,08:00,15.0,2,True,1,0.06785714285714285,0.9364548494983278,27
2026-01-17,0x3,SC Farense,Oliveirense,08:00,15.0,3,True,1,0.06785714285714285,0.9364548494983278,27
2026-01-17,0x3,Cittadella,Pergolettese,10:30,18.5,4,False,1,0.054285714285714284,0.948509485094851,27
2026-01-17,0x3,Gil Vicente,Nacional,12:30,18.5,5,False,1,0.054285714285714284,0.948509485094851,27
2026-01-17,0x3,Zaragoza,Real Sociedad B,14:30,22.0,6,False,1,0.04523809523809524,0.9567198177676538,27
2026-01-17,0x3,Almeria,Dep. La Coruna,17:00,23.0,7,False,1,0.04318181818181818,0.9586056644880174,27
2026-01-17,0x3,Toulouse,Nice,15:00,23.0,8,False,1,0.04318181818181818,0.9586056644880174,27
2026-01-17,0x3,Irapuato,Leones Negros,22:00,23.0,9,False,1,0.04318181818181818,0.9586056644880174,27
2026-01-17,0x3,Necaxa,Atlas,20:00,23.0,10,False,1,0.04318181818181818,0.9586056644880174,27
2026-01-17,0x3,Monza,Frosinone,11:00,24.0,11,False,1,0.041304347826086954,0.9603340292275574,27
2026-01-17,0x3,Farul Constanta,FC Hermannstadt,12:15,25.0,12,False,1,0.03958333333333333,0.9619238476953909,27
2026-01-17,0x3,Stoke,QPR,12:00,26.0,13,False,1,0.038,0.9633911368015414,27
2026-01-17,0x3,Hartlepool,Altrincham,09:30,26.0,14,False,1,0.038,0.9633911368015414,27
2026-01-17,0x3,FC Koln,Mainz,11:30,27.0,15,False,1,0.036538461538461534,0.9647495361781077,27
2026-01-17,0x3,Watford,Millwall,09:30,28.0,16,False,1,0.03518518518518518,0.9660107334525939,27
2026-01-17,0x3,Brackley Town,Yeovil,12:00,28.0,17,False,1,0.03518518518518518,0.9660107334525939,27
2026-01-17,0x3,Bucaramanga,Millonarios,22:30,28.0,18,False,1,0.03518518518518518,0.9660107334525939,27
2026-01-17,0x3,Tigres UANL,Toluca,22:00,29.0,19,False,1,0.033928571428571426,0.9671848013816926,27
2026-01-17,0x3,FC Halifax,Boston Utd,12:00,29.0,20,False,1,0.033928571428571426,0.9671848013816926,27
2026-01-17,0x3,Wrexham,Norwich,12:00,30.0,21,False,1,0.03275862068965517,0.9682804674457429,27
2026-01-17,0x3,Avellino,Carrarese,11:00,32.0,22,False,1,0.03064516129032258,0.9702660406885759,27
2026-01-17,0x3,Preston,Derby,12:00,32.0,23,False,1,0.03064516129032258,0.9702660406885759,27
2026-01-17,0x3,Padova,Mantova,11:00,32.0,24,False,1,0.03064516129032258,0.9702660406885759,27
2026-01-17,0x3,Leeds,Fulham,12:00,32.0,25,False,1,0.03064516129032258,0.9702660406885759,27
2026-01-17,0x3,Mansfield,Port Vale,12:00,32.0,26,False,1,0.03064516129032258,0.9702660406885759,27
2026-01-17,0x3,Penafiel,Portimonense,11:00,34.0,27,False,1,0.028787878787878786,0.9720176730486008,27
2026-01-18,0x3,Aston Villa,Everton,13:30,15.5,1,True,1,0.06551724137931034,0.9385113268608415,20
2026-01-18,0x3,Lyon,Brest,16:45,16.5,2,True,1,0.06129032258064516,0.9422492401215806,20
2026-01-18,0x3,Palermo,Spezia,13:15,17.5,3,True,1,0.05757575757575757,0.9455587392550143,20
2026-01-18,0x3,Celta Vigo,Rayo Vallecano,14:30,21.0,4,False,1,0.0475,0.9546539379474941,20
2026-01-18,0x3,Santa Fe,Aguilas,22:30,23.0,5,False,1,0.04318181818181818,0.9586056644880174,20
2026-01-18,0x3,Kasimpasa,Antalyaspor,08:30,24.0,6,False,1,0.041304347826086954,0.9603340292275574,20
2026-01-18,0x3,Charleroi,St. Liege,14:30,24.0,7,False,1,0.041304347826086954,0.9603340292275574,20
2026-01-18,0x3,Heerenveen,Groningen,08:15,25.0,8,False,1,0.03958333333333333,0.9619238476953909,20
2026-01-18,0x3,Cordoba,Malaga,17:00,26.0,9,False,1,0.038,0.9633911368015414,20
2026-01-18,0x3,Albacete,Cadiz CF,14:30,27.0,10,False,1,0.036538461538461534,0.9647495361781077,20
2026-01-18,0x3,Club Tijuana,Atl. San Luis,00:06,27.0,11,False,1,0.036538461538461534,0.9647495361781077,20
2026-01-18,0x3,Burgos CF,Huesca,14:30,28.0,12,False,1,0.03518518518518518,0.9660107334525939,20
2026-01-18,0x3,UNAM Pumas,Club Leon,15:00,28.0,13,False,1,0.03518518518518518,0.9660107334525939,20
2026-01-18,0x3,Inter U23,Virtus Verona,13:30,28.0,14,False,1,0.03518518518518518,0.9660107334525939,20
2026-01-18,0x3,Junior,Deportes Tolima,20:20,29.0,15,False,1,0.033928571428571426,0.9671848013816926,20
2026-01-18,0x3,Renate,AlbinoLeffe,13:30,30.0,16,False,1,0.03275862068965517,0.9682804674457429,20
2026-01-18,0x3,Racing Santander,Las Palmas,12:15,32.0,17,False,1,0.03064516129032258,0.9702660406885759,20
2026-01-18,0x3,Perugia,Gubbio,10:30,32.0,18,False,1,0.03064516129032258,0.9702660406885759,20
2026-01-18,0x3,Boluspor,Sariyer,10:00,34.0,19,False,1,0.028787878787878786,0.9720176730486008,20
2026-01-18,0x3,Bologna,Fiorentina,11:00,34.0,20,False,1,0.028787878787878786,0.9720176730486008,20
2026-01-19,0x3,Bodrumspor,Sivasspor,14:00,18.5,1,True,1,0.054285714285714284,0.948509485094851,9
2026-01-19,0x3,Hapoel Kfar Saba,Hapoel Afula,14:00,19.5,2,True,1,0.05135135135135135,0.9511568123393317,9
2026-01-19,0x3,Goztepe,Rizespor,14:00,23.0,3,False,1,0.04318181818181818,0.9586056644880174,9
2026-01-19,0x3,Cosenza,Crotone,16:30,23.0,4,True,1,0.04318181818181818,0.9586056644880174,9
2026-01-19,0x3,Feirense,FC Porto B,15:00,24.0,5,False,1,0.041304347826086954,0.9603340292275574,9
2026-01-19,0x3,Kiryat Shmona,Hapoel Haifa,14:30,28.0,6,False,1,0.03518518518518518,0.9660107334525939,9
2026-01-19,0x3,Volos,Atromitos,15:00,32.0,7,False,0,-1.0,0.9702660406885759,9
2026-01-19,0x3,Granada CF,Eibar,16:30,32.0,8,False,1,0.03064516129032258,0.9702660406885759,9
2026-01-19,0x3,Cremonese,Verona,14:30,34.0,9,False,1,0.028787878787878786,0.9720176730486008,9
2026-01-20,0x3,Ipswich,Bristol City,16:45,15.5,1,True,1,0.06551724137931034,0.9385113268608415,5
2026-01-20,0x3,West Brom,Norwich,16:45,26.0,2,True,1,0.038,0.9633911368015414,5
2026-01-20,0x3,Wrexham,Leicester,17:00,30.0,3,True,1,0.03275862068965517,0.9682804674457429,5
2026-01-20,0x3,Preston,Hull,16:45,32.0,4,False,0,-1.0,0.9702660406885759,5
2026-01-20,0x3,Oxford Utd,QPR,16:45,34.0,5,False,1,0.028787878787878786,0.9720176730486008,5
2026-01-21,0x3,Juventus,Benfica,17:00,17.0,1,True,1,0.059375,0.943952802359882,4
2026-01-21,0x3,Watford,Portsmouth,16:45,19.5,2,True,1,0.05135135135135135,0.9511568123393317,4
2026-01-21,0x3,Smouha,Pharco,15:00,25.0,3,True,1,0.03958333333333333,0.9619238476953909,4
2026-01-21,0x3,Ceramica Cleopatra,Al Ittihad,12:00,25.0,4,False,1,0.03958333333333333,0.9619238476953909,4
2026-01-22,0x3,Lincoln,Burton,17:00,14.0,1,True,1,0.07307692307692307,0.931899641577061,4
2026-01-22,0x3,PAOK,Betis,14:45,30.0,2,True,1,0.03275862068965517,0.9682804674457429,4
2026-01-22,0x3,Celta Vigo,Lille,17:00,32.0,3,False,1,0.03064516129032258,0.9702660406885759,4
2026-01-22,0x3,Union de Santa Fe,Platense,20:00,32.0,4,True,1,0.03064516129032258,0.9702660406885759,4
2026-01-23,0x3,Deportes Tolima,Alianza,22:30,15.0,1,True,1,0.06785714285714285,0.9364548494983278,13
2026-01-23,0x3,Caen,Quevilly Rouen,15:30,19.5,2,True,1,0.05135135135135135,0.9511568123393317,13
2026-01-23,0x3,Ind. Rivadavia,Atl. Tucuman,22:15,19.5,3,True,1,0.05135135135135135,0.9511568123393317,13
2026-01-23,0x3,Arbroath,Morton,16:45,20.0,4,False,1,0.049999999999999996,0.9523809523809524,13
2026-01-23,0x3,Vaduz,Wil,16:15,22.0,5,False,1,0.04523809523809524,0.9567198177676538,13
2026-01-23,0x3,Talleres Cordoba,Newells Old Boys,22:15,23.0,6,False,1,0.04318181818181818,0.9586056644880174,13
2026-01-23,0x3,Nancy,Rodez,16:00,27.0,7,False,1,0.036538461538461534,0.9647495361781077,13
2026-01-23,0x3,Le Puy-en-Velay,Valenciennes,15:30,27.0,8,False,1,0.036538461538461534,0.9647495361781077,13
2026-01-23,0x3,Malaga,Burgos CF,16:30,27.0,9,False,1,0.036538461538461534,0.9647495361781077,13
2026-01-23,0x3,Annecy,Clermont,16:00,29.0,10,False,1,0.033928571428571426,0.9671848013816926,13
2026-01-23,0x3,Cardiff Metropolitan,Haverfordwest,16:45,29.0,11,False,1,0.033928571428571426,0.9671848013816926,13
2026-01-23,0x3,Arminia Bielefeld,Holstein Kiel,14:30,32.0,12,False,1,0.03064516129032258,0.9702660406885759,13
2026-01-23,0x3,Levante,Elche,17:00,32.0,13,False,1,0.03064516129032258,0.9702660406885759,13
2026-01-24,0x3,U. Cluj,Unirea Slobozia,12:00,14.5,1,True,1,0.07037037037037036,0.9342560553633218,40
2026-01-24,0x3,Cesena,Bari,11:00,16.0,2,True,1,0.06333333333333332,0.9404388714733543,40
2026-01-24,0x3,Gijon,Mirandes,14:30,16.0,3,True,1,0.06333333333333332,0.9404388714733543,40
2026-01-24,0x3,Raith,Queen's Park,12:00,16.5,4,False,1,0.06129032258064516,0.9422492401215806,40
2026-01-24,0x3,Rijeka,Slaven Belupo,13:15,17.5,5,False,1,0.05757575757575757,0.9455587392550143,40
2026-01-24,0x3,Millwall,Charlton,09:30,18.0,6,False,1,0.055882352941176466,0.947075208913649,40
2026-01-24,0x3,Birmingham,Stoke,12:00,18.0,7,False,1,0.055882352941176466,0.947075208913649,40
2026-01-24,0x3,Univ. Craiova,FC Botosani,15:00,18.0,8,False,1,0.055882352941176466,0.947075208913649,40
2026-01-24,0x3,Fiorentina,Cagliari,14:00,18.5,9,False,1,0.054285714285714284,0.948509485094851,40
2026-01-24,0x3,Aberdeen,Livingston,12:00,18.5,10,False,1,0.054285714285714284,0.948509485094851,40
2026-01-24,0x3,Brescia,Renate,10:30,21.0,11,False,1,0.0475,0.9546539379474941,40
2026-01-24,0x3,Leicester,Oxford Utd,12:00,21.0,12,False,1,0.0475,0.9546539379474941,40
2026-01-24,0x3,Cerro Porteno,Libertad Asuncion,20:15,21.0,13,False,1,0.0475,0.9546539379474941,40
2026-01-24,0x3,Cancun,Alebrijes Oaxaca,22:00,21.0,14,False,1,0.0475,0.9546539379474941,40
2026-01-24,0x3,Sabadell,Alcorcon,12:15,22.0,15,False,1,0.04523809523809524,0.9567198177676538,40
2026-01-24,0x3,AEL Larissa,Panserraikos,15:00,22.0,16,False,1,0.04523809523809524,0.9567198177676538,40
2026-01-24,0x3,Rosario Central,Belgrano,22:00,23.0,17,False,1,0.04318181818181818,0.9586056644880174,40
2026-01-24,0x3,Las Palmas,Cordoba,14:30,23.0,18,False,1,0.04318181818181818,0.9586056644880174,40
2026-01-24,0x3,Valladolid,Albacete,10:00,25.0,19,False,1,0.03958333333333333,0.9619238476953909,40
2026-01-24,0x3,Nacional Asuncion,San Lorenzo,18:00,25.0,20,False,1,0.03958333333333333,0.9619238476953909,40
2026-01-24,0x3,Hapoel Haifa,Maccabi Bnei Raina,13:30,25.0,21,False,1,0.03958333333333333,0.9619238476953909,40
2026-01-24,0x3,St Johnstone,Dunfermline,12:00,25.0,22,False,1,0.03958333333333333,0.9619238476953909,40
2026-01-24,0x3,Blackpool,Northampton,12:00,25.0,23,False,1,0.03958333333333333,0.9619238476953909,40
2026-01-24,0x3,Chaves,Lusitania FC,08:00,26.0,24,False,1,0.038,0.9633911368015414,40
2026-01-24,0x3,Red Star,Boulogne,10:00,26.0,25,False,1,0.038,0.9633911368015414,40
2026-01-24,0x3,Lok. Zagreb,Vukovar 1991,11:00,27.0,26,False,1,0.036538461538461534,0.9647495361781077,40
2026-01-24,0x3,Spezia,Avellino,15:30,27.0,27,False,1,0.036538461538461534,0.9647495361781077,40
2026-01-24,0x3,Reims,St Etienne,16:00,29.0,28,False,1,0.033928571428571426,0.9671848013816926,40
2026-01-24,0x3,Keciorengucu,Boluspor,07:30,29.0,29,False,1,0.033928571428571426,0.9671848013816926,40
2026-01-24,0x3,Atletico CP,Mafra,12:00,30.0,30,False,1,0.03275862068965517,0.9682804674457429,40
2026-01-24,0x3,Hull,Swansea,12:00,30.0,31,False,1,0.03275862068965517,0.9682804674457429,40
2026-01-24,0x3,Huddersfield,Bradford City,09:30,30.0,32,False,1,0.03275862068965517,0.9682804674457429,40
2026-01-24,0x3,Rayo Vallecano,Osasuna,10:00,32.0,33,False,1,0.03064516129032258,0.9702660406885759,40
2026-01-24,0x3,West Ham,Sunderland,09:30,32.0,34,False,1,0.03064516129032258,0.9702660406885759,40
2026-01-24,0x3,Brisbane Roar,Adelaide United,03:00,32.0,35,False,1,0.03064516129032258,0.9702660406885759,40
2026-01-24,0x3,Mainz,Wolfsburg,11:30,32.0,36,False,1,0.03064516129032258,0.9702660406885759,40
2026-01-24,0x3,Doncaster,Wigan,12:00,34.0,37,False,1,0.028787878787878786,0.9720176730486008,40
2026-01-24,0x3,QPR,Wrexham,12:00,34.0,38,False,1,0.028787878787878786,0.9720176730486008,40
2026-01-24,0x3,Juve Stabia,Entella,11:00,34.0,39,False,1,0.028787878787878786,0.9720176730486008,40
2026-01-24,0x3,Estoril,Vitoria Guimaraes,17:30,34.0,40,False,1,0.028787878787878786,0.9720176730486008,40
2026-01-25,0x3,Groningen,Sittard,10:30,14.0,1,True,1,0.07307692307692307,0.931899641577061,27
2026-01-25,0x3,Famalicao,Tondela,15:00,14.5,2,True,1,0.07037037037037036,0.9342560553633218,27
2026-01-25,0x3,Arezzo,Juventus U23,08:30,15.0,3,True,1,0.06785714285714285,0.9364548494983278,27
2026-01-25,0x3,Anderlecht,Dender,14:30,15.5,4,False,1,0.06551724137931034,0.9385113268608415,27
2026-01-25,0x3,Boca Juniors,Dep. Riestra,18:30,16.0,5,False,1,0.06333333333333332,0.9404388714733543,27
2026-01-25,0x3,Millonarios,Junior,20:10,17.0,6,False,1,0.059375,0.943952802359882,27
2026-01-25,0x3,Hajduk Split,Istra 1961,11:00,19.5,7,False,1,0.05135135135135135,0.9511568123393317,27
2026-01-25,0x3,Novara,Pro Patria,10:30,20.0,8,False,1,0.049999999999999996,0.9523809523809524,27
2026-01-25,0x3,Brentford,Nottingham,11:00,21.0,9,False,1,0.0475,0.9546539379474941,27
2026-01-25,0x3,OFI Crete,Panetolikos,13:00,21.0,10,False,1,0.0475,0.9546539379474941,27
2026-01-25,0x3,Paris FC,Angers,13:15,21.0,11,False,1,0.0475,0.9546539379474941,27
2026-01-25,0x3,FCSB,CFR Cluj,15:00,23.0,12,False,1,0.04318181818181818,0.9586056644880174,27
2026-01-25,0x3,Andorra,Huesca,10:00,24.0,13,False,1,0.041304347826086954,0.9603340292275574,27
2026-01-25,0x3,Juventus,Napoli,14:00,24.0,14,False,1,0.041304347826086954,0.9603340292275574,27
2026-01-25,0x3,VfL Osnabruck,Munich 1860,12:30,25.0,15,False,1,0.03958333333333333,0.9619238476953909,27
2026-01-25,0x3,WS Wanderers,Perth Glory,05:00,25.0,16,False,1,0.03958333333333333,0.9619238476953909,27
2026-01-25,0x3,Rizespor,Alanyaspor,11:00,25.0,17,False,1,0.03958333333333333,0.9619238476953909,27
2026-01-25,0x3,Schalke,Kaiserslautern,09:30,25.0,18,False,1,0.03958333333333333,0.9619238476953909,27
2026-01-25,0x3,Sassuolo,Cremonese,08:30,26.0,19,False,1,0.038,0.9633911368015414,27
2026-01-25,0x3,Utrecht,Sparta Rotterdam,12:45,26.0,20,False,1,0.038,0.9633911368015414,27
2026-01-25,0x3,Catania,Cosenza,10:30,28.0,21,False,1,0.03518518518518518,0.9660107334525939,27
2026-01-25,0x3,Real Sociedad,Celta Vigo,14:30,28.0,22,False,1,0.03518518518518518,0.9660107334525939,27
2026-01-25,0x3,Tigre,Estudiantes Rio Cuarto,21:00,29.0,23,False,1,0.033928571428571426,0.9671848013816926,27
2026-01-25,0x3,Ameliano,Rubio Nu,20:15,32.0,24,False,1,0.03064516129032258,0.9702660406885759,27
2026-01-25,0x3,Sudtirol,Padova,12:30,34.0,25,False,1,0.028787878787878786,0.9720176730486008,27
2026-01-25,0x3,Eibar,Almeria,12:15,34.0,26,False,1,0.028787878787878786,0.9720176730486008,27
2026-01-25,0x3,Once Caldas,Santa Fe,22:20,34.0,27,False,1,0.028787878787878786,0.9720176730486008,27
2026-01-26,0x3,L.R. Vicenza,Cittadella,16:30,15.0,1,True,1,0.06785714285714285,0.9364548494983278,6
2026-01-26,0x3,Lecco,Inter U23,16:30,19.5,2,True,1,0.05135135135135135,0.9511568123393317,6
2026-01-26,0x3,Al Hazem,Damac,12:20,25.0,3,True,1,0.03958333333333333,0.9619238476953909,6
2026-01-26,0x3,Ceuta,Cultural Leonesa,16:30,27.0,4,False,1,0.036538461538461534,0.9647495361781077,6
2026-01-26,0x3,Leiria,Sporting CP B,15:00,28.0,5,False,1,0.03518518518518518,0.9660107334525939,6
2026-01-26,0x3,Girona,Getafe,17:00,30.0,6,False,1,0.03275862068965517,0.9682804674457429,6
2026-01-27,0x3,Fortaleza,Llaneros,20:20,22.0,1,True,1,0.04523809523809524,0.9567198177676538,11
2026-01-27,0x3,Abha,Al Jabalain,09:55,23.0,2,True,1,0.04318181818181818,0.9586056644880174,11
2026-01-27,0x3,Wycombe,Wigan,16:45,23.0,3,True,1,0.04318181818181818,0.9586056644880174,11
2026-01-27,0x3,Lincoln,Bradford City,16:45,23.0,4,False,1,0.04318181818181818,0.9586056644880174,11
2026-01-27,0x3,Reading,Exeter,17:00,26.0,5,False,1,0.038,0.9633911368015414,11
2026-01-27,0x3,Rochdale,Southend,16:45,27.0,6,False,1,0.036538461538461534,0.9647495361781077,11
2026-01-27,0x3,Atl. Tucuman,Central Cordoba,22:15,27.0,7,False,1,0.036538461538461534,0.9647495361781077,11
2026-01-27,0x3,Huddersfield,Luton,16:45,27.0,8,False,1,0.036538461538461534,0.9647495361781077,11
2026-01-27,0x3,Stevenage,Peterborough,16:45,28.0,9,False,1,0.03518518518518518,0.9660107334525939,11
2026-01-27,0x3,Huracan,Ind. Rivadavia,20:00,29.0,10,False,1,0.033928571428571426,0.9671848013816926,11
2026-01-27,0x3,Ind. Medellin,Deportes Tolima,22:30,30.0,11,False,1,0.03275862068965517,0.9682804674457429,11
2026-01-28,0x3,River Plate,Gimnasia L.P.,20:00,14.0,1,True,1,0.07307692307692307,0.931899641577061,8
2026-01-28,0x3,Fluminense,Gremio,19:30,16.0,2,True,1,0.06333333333333332,0.9404388714733543,8
2026-01-28,0x3,Internacional,Athletico-PR,19:00,20.0,3,True,1,0.049999999999999996,0.9523809523809524,8
2026-01-28,0x3,Vitoria,Remo,19:00,20.0,4,False,1,0.049999999999999996,0.9523809523809524,8
2026-01-28,0x3,Zamalek,Petrojet,12:00,21.0,5,False,1,0.0475,0.9546539379474941,8
2026-01-28,0x3,Libertad Asuncion,Ameliano,18:00,21.0,6,False,1,0.0475,0.9546539379474941,8
2026-01-28,0x3,Racing Club,Rosario Central,19:00,29.0,7,False,1,0.033928571428571426,0.9671848013816926,8
2026-01-28,0x3,Corinthians,Bahia,20:00,32.0,8,False,1,0.03064516129032258,0.9702660406885759,8
2026-01-29,0x3,Mirassol,Vasco,20:00,23.0,1,True,1,0.04318181818181818,0.9586056644880174,7
2026-01-29,0x3,Lille,Freiburg,17:00,24.0,2,True,1,0.041304347826086954,0.9603340292275574,7
2026-01-29,0x3,Dep. Tachira,Anzoategui FC,17:00,25.0,3,True,1,0.03958333333333333,0.9619238476953909,7
2026-01-29,0x3,Lanus,Union de Santa Fe,19:15,27.0,4,False,1,0.036538461538461534,0.9647495361781077,7
2026-01-29,0x3,Belgrano,Tigre,19:15,28.0,5,False,1,0.03518518518518518,0.9660107334525939,7
2026-01-29,0x3,Dep. Riestra,Defensa y Justicia,17:00,29.0,6,False,1,0.033928571428571426,0.9671848013816926,7
2026-01-29,0x3,Benfica B,Lusitania FC,15:00,34.0,7,False,1,0.028787878787878786,0.9720176730486008,7
2026-01-30,0x3,Al Taawon,Al Okhdood,10:50,15.0,1,True,1,0.06785714285714285,0.9364548494983278,18
2026-01-30,0x3,Ascoli,Livorno,16:30,15.0,2,True,1,0.06785714285714285,0.9364548494983278,18
2026-01-30,0x3,St Johnstone,Partick Thistle,16:45,17.0,3,True,1,0.059375,0.943952802359882,18
2026-01-30,0x3,Al Ittihad,Haras El Hodood,15:00,22.0,4,False,1,0.04523809523809524,0.9567198177676538,18
2026-01-30,0x3,Vitoria Guimaraes,Moreirense,17:45,22.0,5,False,1,0.04523809523809524,0.9567198177676538,18
2026-01-30,0x3,Espanyol,Alaves,17:00,23.0,6,False,1,0.04318181818181818,0.9586056644880174,18
2026-01-30,0x3,Puerto Cabello,Metropolitanos,20:00,23.0,7,False,1,0.04318181818181818,0.9586056644880174,18
2026-01-30,0x3,Bristol City,Derby,17:00,23.0,8,False,1,0.04318181818181818,0.9586056644880174,18
2026-01-30,0x3,Grenoble,Amiens,16:00,26.0,9,False,1,0.038,0.9633911368015414,18
2026-01-30,0x3,Fleury-Merogis,Paris 13 Atl.,15:30,27.0,10,False,1,0.036538461538461534,0.9647495361781077,18
2026-01-30,0x3,Nurnberg,Preussen Munster,14:30,28.0,11,False,1,0.03518518518518518,0.9660107334525939,18
2026-01-30,0x3,Bastia,Nancy,16:00,28.0,12,False,1,0.03518518518518518,0.9660107334525939,18
2026-01-30,0x3,Istra 1961,Lok. Zagreb,14:00,29.0,13,False,1,0.033928571428571426,0.9671848013816926,18
2026-01-30,0x3,Concarneau,Bourg en Bresse,15:30,29.0,14,False,1,0.033928571428571426,0.9671848013816926,18
2026-01-30,0x3,Lazio,Genoa,16:45,32.0,15,False,1,0.03064516129032258,0.9702660406885759,18
2026-01-30,0x3,Richards Bay,Golden Arrows,14:30,32.0,16,False,1,0.03064516129032258,0.9702660406885759,18
2026-01-30,0x3,Etoile-Carouge,Rapperswil-Jona,16:15,34.0,17,False,1,0.028787878787878786,0.9720176730486008,18
2026-01-30,0x3,Zaglebie,GKS Katowice,14:00,34.0,18,False,1,0.028787878787878786,0.9720176730486008,18
2026-01-31,0x3,Atl. Morelia,Cancun,22:00,15.5,1,True,1,0.06551724137931034,0.9385113268608415,55
2026-01-31,0x3,Vizela,Portimonense,17:30,16.0,2,True,1,0.06333333333333332,0.9404388714733543,55
2026-01-31,0x3,Erzurumspor,Sariyer,07:30,16.5,3,True,1,0.06129032258064516,0.9422492401215806,55
2026-01-31,0x3,Luton,Blackpool,12:00,16.5,4,False,1,0.06129032258064516,0.9422492401215806,55
2026-01-31,0x3,Dunfermline,Airdrieonians,12:00,18.0,5,False,1,0.055882352941176466,0.947075208913649,55
2026-01-31,0x3,Stenhousemuir,Peterhead,12:00,19.0,6,False,1,0.05277777777777778,0.949868073878628,55
2026-01-31,0x3,O. Ljubljana,Mura,11:00,19.0,7,False,1,0.05277777777777778,0.949868073878628,55
2026-01-31,0x3,Hoffenheim,Union Berlin,11:30,19.0,8,False,1,0.05277777777777778,0.949868073878628,55
2026-01-31,0x3,Campobasso,Pontedera,13:30,19.5,9,False,1,0.05135135135135135,0.9511568123393317,55
2026-01-31,0x3,Atlas,Mazatlan FC,20:00,19.5,10,False,1,0.05135135135135135,0.9511568123393317,55
2026-01-31,0x3,Albacete,Zaragoza,12:15,19.5,11,False,1,0.05135135135135135,0.9511568123393317,55
2026-01-31,0x3,Jablonec,Teplice,11:00,20.0,12,False,1,0.049999999999999996,0.9523809523809524,55
2026-01-31,0x3,Napoli,Fiorentina,14:00,21.0,13,False,1,0.0475,0.9546539379474941,55
2026-01-31,0x3,Lorient,Nantes,15:00,21.0,14,False,1,0.0475,0.9546539379474941,55
2026-01-31,0x3,La Guaira,Monagas,20:00,21.0,15,False,1,0.0475,0.9546539379474941,55
2026-01-31,0x3,San Lorenzo,Central Cordoba,17:30,21.0,16,False,1,0.0475,0.9546539379474941,55
2026-01-31,0x3,Leicester,Charlton,09:30,22.0,17,False,1,0.04523809523809524,0.9567198177676538,55
2026-01-31,0x3,Brighton,Everton,12:00,22.0,18,False,1,0.04523809523809524,0.9567198177676538,55
2026-01-31,0x3,St. Mirren,Dundee FC,12:00,22.0,19,False,1,0.04523809523809524,0.9567198177676538,55
2026-01-31,0x3,FC Rapid Bucuresti,U. Cluj,15:00,22.0,20,False,1,0.04523809523809524,0.9567198177676538,55
2026-01-31,0x3,Cordoba,Valladolid,17:00,23.0,21,False,1,0.04318181818181818,0.9586056644880174,55
2026-01-31,0x3,SC Farense,FC Porto B,15:00,23.0,22,False,1,0.04318181818181818,0.9586056644880174,55
2026-01-31,0x3,Alverca,Estrela,17:30,23.0,23,False,1,0.04318181818181818,0.9586056644880174,55
2026-01-31,0x3,Sutton,Brackley Town,12:00,24.0,24,False,1,0.041304347826086954,0.9603340292275574,55
2026-01-31,0x3,Alloa,Cove Rangers,12:00,25.0,25,False,1,0.03958333333333333,0.9619238476953909,55
2026-01-31,0x3,Felgueiras,Chaves,08:00,25.0,26,False,1,0.03958333333333333,0.9619238476953909,55
2026-01-31,0x3,Corum,Keciorengucu,10:00,25.0,27,False,1,0.03958333333333333,0.9619238476953909,55
2026-01-31,0x3,Talleres Cordoba,Platense,22:00,26.0,28,False,1,0.038,0.9633911368015414,55
2026-01-31,0x3,Leyton Orient,Port Vale,12:00,27.0,29,False,1,0.036538461538461534,0.9647495361781077,55
2026-01-31,0x3,Watford,Swansea,12:00,27.0,30,False,1,0.036538461538461534,0.9647495361781077,55
2026-01-31,0x3,Sigma Olomouc,Hradec Kralove,11:00,27.0,31,False,1,0.036538461538461534,0.9647495361781077,55
2026-01-31,0x3,Gornik Zabrze,Piast Gliwice,10:45,27.0,32,False,1,0.036538461538461534,0.9647495361781077,55
2026-01-31,0x3,Dunkerque,Annecy,10:00,27.0,33,False,1,0.036538461538461534,0.9647495361781077,55
2026-01-31,0x3,Sport Boys,Los Chankas,15:00,27.0,34,False,1,0.036538461538461534,0.9647495361781077,55
2026-01-31,0x3,Volos,AEL Larissa,15:00,27.0,35,False,1,0.036538461538461534,0.9647495361781077,55
2026-01-31,0x3,Augsburg,St. Pauli,11:30,28.0,36,False,1,0.03518518518518518,0.9660107334525939,55
2026-01-31,0x3,Cagliari,Verona,16:45,28.0,37,False,1,0.03518518518518518,0.9660107334525939,55
2026-01-31,0x3,Nacional Asuncion,2 de Mayo,18:00,29.0,38,False,1,0.033928571428571426,0.9671848013816926,55
2026-01-31,0x3,Trento,Lecco,10:30,29.0,39,False,1,0.033928571428571426,0.9671848013816926,55
2026-01-31,0x3,Juan Pablo II,FC Cajamarca,17:15,29.0,40,False,1,0.033928571428571426,0.9671848013816926,55
2026-01-31,0x3,Cercle Brugge KSV,Antwerp,12:00,29.0,41,False,1,0.033928571428571426,0.9671848013816926,55
2026-01-31,0x3,Sudtirol,Catanzaro,11:00,29.0,42,False,1,0.033928571428571426,0.9671848013816926,55
2026-01-31,0x3,Atromitos,OFI Crete,13:00,29.0,43,False,1,0.033928571428571426,0.9671848013816926,55
2026-01-31,0x3,Widzew Lodz,Jagiellonia,13:30,30.0,44,False,1,0.03275862068965517,0.9682804674457429,55
2026-01-31,0x3,Academico Viseu,Torreense,11:00,30.0,45,False,1,0.03275862068965517,0.9682804674457429,55
2026-01-31,0x3,Santa Clara,Estoril,12:30,32.0,46,False,1,0.03064516129032258,0.9702660406885759,55
2026-01-31,0x3,Ayr,Raith,12:00,32.0,47,False,1,0.03064516129032258,0.9702660406885759,55
2026-01-31,0x3,East Fife,Montrose,12:00,32.0,48,False,1,0.03064516129032258,0.9702660406885759,55
2026-01-31,0x3,Independiente,Velez Sarsfield,19:45,32.0,49,False,1,0.03064516129032258,0.9702660406885759,55
2026-01-31,0x3,Polokwane,Orbit College,13:00,34.0,50,False,1,0.028787878787878786,0.9720176730486008,55
2026-01-31,0x3,Bochum,Schalke,09:00,34.0,51,False,1,0.028787878787878786,0.9720176730486008,55
2026-01-31,0x3,Millwall,Sheffield Utd,12:00,34.0,52,False,1,0.028787878787878786,0.9720176730486008,55
2026-01-31,0x3,St. Truiden,Charleroi,16:45,34.0,53,False,1,0.028787878787878786,0.9720176730486008,55
2026-01-31,0x3,Sampdoria,Spezia,15:30,34.0,54,False,1,0.028787878787878786,0.9720176730486008,55
2026-01-31,0x3,Cobresal,Huachipato,18:00,34.0,55,False,1,0.028787878787878786,0.9720176730486008,55
2026-02-01,0x3,Novi Pazar,Sp. Subotica,10:30,17.5,1,True,1,0.05757575757575757,0.9455587392550143,32
2026-02-01,0x3,Levadiakos,Asteras Tripolis,11:00,17.5,2,True,1,0.05757575757575757,0.9455587392550143,32
2026-02-01,0x3,Bucaramanga,Alianza,16:00,18.0,3,True,1,0.055882352941176466,0.947075208913649,32
2026-02-01,0x3,Dep. Cali,Dep. Pasto,18:10,18.0,4,False,1,0.055882352941176466,0.947075208913649,32
2026-02-01,0x3,Toulouse,Auxerre,13:15,19.5,5,False,1,0.05135135135135135,0.9511568123393317,32
2026-02-01,0x3,Heerenveen,Utrecht,12:45,19.5,6,False,1,0.05135135135135135,0.9511568123393317,32
2026-02-01,0x3,Betis,Valencia,12:15,19.5,7,False,1,0.05135135135135135,0.9511568123393317,32
2026-02-01,0x3,Al Fateh,Al Hazem,14:30,19.5,8,False,1,0.05135135135135135,0.9511568123393317,32
2026-02-01,0x3,Wil,Stade Nyonnais,10:00,20.0,9,False,1,0.049999999999999996,0.9523809523809524,32
2026-02-01,0x3,Liberec,Zlin,11:30,21.0,10,False,1,0.0475,0.9546539379474941,32
2026-02-01,0x3,Legia,Korona Kielce,13:30,21.0,11,False,1,0.0475,0.9546539379474941,32
2026-02-01,0x3,Hapoel Petah Tikva,SC Ashdod,15:00,24.0,12,False,1,0.041304347826086954,0.9603340292275574,32
2026-02-01,0x3,Alcorcon,Gimnastic,16:30,25.0,13,False,1,0.03958333333333333,0.9619238476953909,32
2026-02-01,0x3,Lyon,Lille,11:00,25.0,14,False,1,0.03958333333333333,0.9619238476953909,32
2026-02-01,0x3,Ternana,Torres,10:30,25.0,15,False,1,0.03958333333333333,0.9619238476953909,32
2026-02-01,0x3,Sporting CP B,Oliveirense,08:00,25.0,16,False,1,0.03958333333333333,0.9619238476953909,32
2026-02-01,0x3,Nottingham,Crystal Palace,11:00,26.0,17,False,1,0.038,0.9633911368015414,32
2026-02-01,0x3,Palestino,Nublense,20:30,28.0,18,False,1,0.03518518518518518,0.9660107334525939,32
2026-02-01,0x3,Angers,Metz,13:15,28.0,19,False,1,0.03518518518518518,0.9660107334525939,32
2026-02-01,0x3,Guarani,Rubio Nu,20:15,28.0,20,False,1,0.03518518518518518,0.9660107334525939,32
2026-02-01,0x3,Torino,Lecce,08:30,28.0,21,False,1,0.03518518518518518,0.9660107334525939,32
2026-02-01,0x3,Ath Bilbao,Real Sociedad,17:00,28.0,22,False,1,0.03518518518518518,0.9660107334525939,32
2026-02-01,0x3,Heracles,Sittard,10:30,29.0,23,False,1,0.033928571428571426,0.9671848013816926,32
2026-02-01,0x3,Monopoli,Latina,10:30,30.0,24,False,1,0.03275862068965517,0.9682804674457429,32
2026-02-01,0x3,Royale Union SG,Club Brugge KV,14:30,30.0,25,False,1,0.03275862068965517,0.9682804674457429,32
2026-02-01,0x3,Cosenza,Casertana,13:30,30.0,26,False,1,0.03275862068965517,0.9682804674457429,32
2026-02-01,0x3,Como,Atalanta,11:00,30.0,27,False,1,0.03275862068965517,0.9682804674457429,32
2026-02-01,0x3,Eibar,Gijon,12:15,30.0,28,False,1,0.03275862068965517,0.9682804674457429,32
2026-02-01,0x3,Leuven,KV Mechelen,15:15,30.0,29,False,1,0.03275862068965517,0.9682804674457429,32
2026-02-01,0x3,Llaneros,Aguilas,22:30,30.0,30,False,1,0.03275862068965517,0.9682804674457429,32
2026-02-01,0x3,Aston Villa,Brentford,11:00,32.0,31,False,1,0.03064516129032258,0.9702660406885759,32
2026-02-01,0x3,Genclerbirligi,Gaziantep,11:00,34.0,32,False,1,0.028787878787878786,0.9720176730486008,32
2026-02-02,0x3,Argentinos Jrs,Belgrano,22:00,16.0,1,True,1,0.06333333333333332,0.9404388714733543,8
2026-02-02,0x3,Cerro Porteno,Sp. Luqueno,20:15,16.0,2,True,1,0.06333333333333332,0.9404388714733543,8
2026-02-02,0x3,O'Higgins,D. Concepcion,20:30,21.0,3,True,1,0.0475,0.9546539379474941,8
2026-02-02,0x3,Union de Santa Fe,Gimnasia Mendoza,22:00,22.0,4,False,1,0.04523809523809524,0.9567198177676538,8
2026-02-02,0x3,Sunderland,Burnley,17:00,23.0,5,False,1,0.04318181818181818,0.9586056644880174,8
2026-02-02,0x3,Gimnasia L.P.,Aldosivi,17:30,28.0,6,False,1,0.03518518518518518,0.9660107334525939,8
2026-02-02,0x3,Everton,Union La Calera,18:00,28.0,7,False,1,0.03518518518518518,0.9660107334525939,8
2026-02-02,0x3,Renate,Alcione Milano,16:30,34.0,8,False,1,0.028787878787878786,0.9720176730486008,8
2026-02-03,0x3,Barnsley,Northampton,16:45,19.0,1,True,1,0.05277777777777778,0.949868073878628,8
2026-02-03,0x3,Ind. Rivadavia,Sarmiento Junin,21:15,19.5,2,True,1,0.05135135135135135,0.9511568123393317,8
2026-02-03,0x3,Banfield,Estudiantes Rio Cuarto,19:00,23.0,3,True,1,0.04318181818181818,0.9586056644880174,8
2026-02-03,0x3,Rochdale,Boreham Wood,16:45,23.0,4,False,1,0.04318181818181818,0.9586056644880174,8
2026-02-03,0x3,Bravo,Mura,16:00,24.0,5,False,1,0.041304347826086954,0.9603340292275574,8
2026-02-03,0x3,Reims,Le Mans,16:30,26.0,6,False,1,0.038,0.9633911368015414,8
2026-02-03,0x3,Hull,Watford,16:45,32.0,7,False,1,0.03064516129032258,0.9702660406885759,8
2026-02-03,0x3,Port Vale,AFC Wimbledon,16:00,32.0,8,False,1,0.03064516129032258,0.9702660406885759,8
2026-02-04,0x3,Atl. Nacional,America De Cali,22:00,18.0,1,True,1,0.055882352941176466,0.947075208913649,6
2026-02-04,0x3,Nice,Montpellier,16:30,24.0,2,True,1,0.041304347826086954,0.9603340292275574,6
2026-02-04,0x3,Bragantino,Atletico-MG,19:00,30.0,3,True,1,0.03275862068965517,0.9682804674457429,6
2026-02-04,0x3,Pafos,APOEL,14:00,30.0,4,False,1,0.03275862068965517,0.9682804674457429,6
2026-02-04,0x3,Santos,Sao Paulo,20:00,32.0,5,False,1,0.03064516129032258,0.9702660406885759,6
2026-02-04,0x3,Gremio,Botafogo RJ,21:30,34.0,6,False,1,0.028787878787878786,0.9720176730486008,6
2026-02-05,0x3,Ceramica Cleopatra,Ghazl El Mahallah,15:00,14.5,1,True,1,0.07037037037037036,0.9342560553633218,5
2026-02-05,0x3,Vasco,Chapecoense-SC,20:00,15.0,2,True,1,0.06785714285714285,0.9364548494983278,5
2026-02-05,0x3,FCSB,FC Botosani,15:30,16.0,3,True,1,0.06333333333333332,0.9404388714733543,5
2026-02-05,0x3,Univ. Craiova,Otelul,13:00,16.5,4,False,1,0.06129032258064516,0.9422492401215806,5
2026-02-05,0x3,Bahia,Fluminense,19:00,27.0,5,False,1,0.036538461538461534,0.9647495361781077,5
2026-02-06,0x3,Ind. Medellin,Inter Bogotá,22:30,14.5,1,True,1,0.07037037037037036,0.9342560553633218,24
2026-02-06,0x3,Anzoategui FC,Rayo Zuliano,20:30,17.0,2,True,1,0.059375,0.943952802359882,24
2026-02-06,0x3,Chaves,Penafiel,17:15,17.5,3,True,1,0.05757575757575757,0.9455587392550143,24
2026-02-06,0x3,CSKA Sofia,Arda,12:45,18.0,4,False,1,0.055882352941176466,0.947075208913649,24
2026-02-06,0x3,Cesena,Pescara,16:30,18.0,5,False,1,0.055882352941176466,0.947075208913649,24
2026-02-06,0x3,Reims,Bastia,16:00,19.0,6,False,1,0.05277777777777778,0.949868073878628,24
2026-02-06,0x3,Al Ettifaq,Damac,12:00,19.0,7,False,1,0.05277777777777778,0.949868073878628,24
2026-02-06,0x3,Korona Kielce,Zaglebie,14:00,19.5,8,False,1,0.05135135135135135,0.9511568123393317,24
2026-02-06,0x3,FC Rapid Bucuresti,Petrolul,15:00,20.0,9,False,1,0.049999999999999996,0.9523809523809524,24
2026-02-06,0x3,Annecy,Grenoble,16:00,22.0,10,False,1,0.04523809523809524,0.9567198177676538,24
2026-02-06,0x3,NAC Breda,Excelsior,16:00,22.0,11,False,1,0.04523809523809524,0.9567198177676538,24
2026-02-06,0x3,Rouen,Valenciennes,15:30,24.0,12,False,1,0.041304347826086954,0.9603340292275574,24
2026-02-06,0x3,Celta Vigo,Osasuna,17:00,24.0,13,False,1,0.041304347826086954,0.9603340292275574,24
2026-02-06,0x3,Union Berlin,Eintracht Frankfurt,16:30,27.0,14,False,1,0.036538461538461534,0.9647495361781077,24
2026-02-06,0x3,FK Sarajevo,Radnik Bijeljina,16:00,28.0,15,False,1,0.03518518518518518,0.9660107334525939,24
2026-02-06,0x3,Leeds,Nottingham,17:00,28.0,16,False,1,0.03518518518518518,0.9660107334525939,24
2026-02-06,0x3,Portuguesa,Dep. Tachira,19:00,29.0,17,False,1,0.033928571428571426,0.9671848013816926,24
2026-02-06,0x3,Lechia Gdansk,Cracovia,16:30,30.0,18,False,1,0.03275862068965517,0.9682804674457429,24
2026-02-06,0x3,Orleans,Chateauroux,15:30,32.0,19,False,1,0.03064516129032258,0.9702660406885759,24
2026-02-06,0x3,Dunkerque,Guingamp,16:00,32.0,20,False,1,0.03064516129032258,0.9702660406885759,24
2026-02-06,0x3,Galway,Drogheda,16:45,32.0,21,False,1,0.03064516129032258,0.9702660406885759,24
2026-02-06,0x3,A. Italiano,U. De Concepcion,20:00,32.0,22,False,1,0.03064516129032258,0.9702660406885759,24
2026-02-06,0x3,Boulogne,Rodez,16:00,34.0,23,False,1,0.028787878787878786,0.9720176730486008,24
2026-02-06,0x3,FC Arges,FC Hermannstadt,12:00,34.0,24,False,1,0.028787878787878786,0.9720176730486008,24
2026-02-07,0x3,Casertana,Foggia,10:30,15.0,1,True,1,0.06785714285714285,0.9364548494983278,55
2026-02-07,0x3,Ravenna,Carpi,13:30,15.0,2,True,1,0.06785714285714285,0.9364548494983278,55
2026-02-07,0x3,Asteras Tripolis,Volos,13:00,16.0,3,True,1,0.06333333333333332,0.9404388714733543,55
2026-02-07,0x3,Huddersfield,Blackpool,12:01,16.5,4,False,1,0.06129032258064516,0.9422492401215806,55
2026-02-07,0x3,River Plate,Tigre,20:00,16.5,5,False,1,0.06129032258064516,0.9422492401215806,55
2026-02-07,0x3,Fiorentina,Torino,16:45,16.5,6,False,1,0.06129032258064516,0.9422492401215806,55
2026-02-07,0x3,Jablonec,Slovacko,11:00,17.0,7,False,1,0.059375,0.943952802359882,55
2026-02-07,0x3,Andorra,Real Sociedad B,10:00,17.5,8,False,1,0.05757575757575757,0.9455587392550143,55
2026-02-07,0x3,LASK,Tirol,13:00,17.5,9,False,1,0.05757575757575757,0.9455587392550143,55
2026-02-07,0x3,Colo Colo,Everton,20:30,17.5,10,False,1,0.05757575757575757,0.9455587392550143,55
2026-02-07,0x3,Rochdale,Carlisle,12:00,18.0,11,False,1,0.055882352941176466,0.947075208913649,55
2026-02-07,0x3,Catanzaro,Reggiana,11:00,18.0,12,False,1,0.055882352941176466,0.947075208913649,55
2026-02-07,0x3,Brisbane Roar,Central Coast Mariners,03:00,18.5,13,False,1,0.054285714285714284,0.948509485094851,55
2026-02-07,0x3,O'Higgins,La Serena,18:00,18.5,14,False,1,0.054285714285714284,0.948509485094851,55
2026-02-07,0x3,Maritimo,SC Farense,11:00,18.5,15,False,1,0.054285714285714284,0.948509485094851,55
2026-02-07,0x3,Juve Stabia,Padova,11:00,19.0,16,False,1,0.05277777777777778,0.949868073878628,55
2026-02-07,0x3,AD Tarma,Sport Boys,15:00,19.0,17,False,1,0.05277777777777778,0.949868073878628,55
2026-02-07,0x3,Modena,Sampdoria,11:00,19.0,18,False,1,0.05277777777777778,0.949868073878628,55
2026-02-07,0x3,Belgrano,Banfield,22:15,20.0,19,False,1,0.049999999999999996,0.9523809523809524,55
2026-02-07,0x3,Schalke,SG Dynamo Dresden,09:00,21.0,20,False,1,0.0475,0.9546539379474941,55
2026-02-07,0x3,Club Tijuana,Puebla,00:06,21.0,21,False,1,0.0475,0.9546539379474941,55
2026-02-07,0x3,Le Mans,Laval,10:00,21.0,22,False,1,0.0475,0.9546539379474941,55
2026-02-07,0x3,SK Rapid,Hartberg,13:00,21.0,23,False,1,0.0475,0.9546539379474941,55
2026-02-07,0x3,AEL Larissa,Panetolikos,12:00,22.0,24,False,1,0.04523809523809524,0.9567198177676538,55
2026-02-07,0x3,Mainz,Augsburg,11:30,22.0,25,False,1,0.04523809523809524,0.9567198177676538,55
2026-02-07,0x3,Luton,Bradford City,09:31,22.0,26,False,1,0.04523809523809524,0.9567198177676538,55
2026-02-07,0x3,Southampton,Watford,09:31,23.0,27,False,1,0.04318181818181818,0.9586056644880174,55
2026-02-07,0x3,Gent,Leuven,16:45,23.0,28,False,1,0.04318181818181818,0.9586056644880174,55
2026-02-07,0x3,Aguilas,Cucuta,16:00,24.0,29,False,1,0.041304347826086954,0.9603340292275574,55
2026-02-07,0x3,Morecambe,Truro,12:00,25.0,30,False,1,0.03958333333333333,0.9619238476953909,55
2026-02-07,0x3,Las Palmas,Burgos CF,12:15,25.0,31,False,1,0.03958333333333333,0.9619238476953909,55
2026-02-07,0x3,Freiburg,Werder Bremen,11:30,26.0,32,False,1,0.038,0.9633911368015414,55
2026-02-07,0x3,Pachuca,Juarez,22:06,26.0,33,False,1,0.038,0.9633911368015414,55
2026-02-07,0x3,Mantova,Bari,11:00,27.0,34,False,1,0.036538461538461534,0.9647495361781077,55
2026-02-07,0x3,Fulham,Everton,12:00,27.0,35,False,1,0.036538461538461534,0.9647495361781077,55
2026-02-07,0x3,Wycombe,Doncaster,12:01,27.0,36,False,1,0.036538461538461534,0.9647495361781077,55
2026-02-07,0x3,Potenza,Siracusa,13:30,27.0,37,False,1,0.036538461538461534,0.9647495361781077,55
2026-02-07,0x3,West Brom,Stoke,12:01,28.0,38,False,1,0.03518518518518518,0.9660107334525939,55
2026-02-07,0x3,Spezia,Entella,15:30,29.0,39,False,1,0.033928571428571426,0.9671848013816926,55
2026-02-07,0x3,Altrincham,Yeovil,12:00,30.0,40,False,1,0.03275862068965517,0.9682804674457429,55
2026-02-07,0x3,Coquimbo,Palestino,12:00,30.0,41,False,1,0.03275862068965517,0.9682804674457429,55
2026-02-07,0x3,Waregem,Dender,12:00,30.0,42,False,1,0.03275862068965517,0.9682804674457429,55
2026-02-07,0x3,Boston Utd,Sutton,12:00,30.0,43,False,1,0.03275862068965517,0.9682804674457429,55
2026-02-07,0x3,Hapoel Haifa,SC Ashdod,13:30,30.0,44,False,1,0.03275862068965517,0.9682804674457429,55
2026-02-07,0x3,Os Belenenses,Trofense,14:30,32.0,45,False,1,0.03064516129032258,0.9702660406885759,55
2026-02-07,0x3,Grau,Sport Huancayo,17:15,32.0,46,False,1,0.03064516129032258,0.9702660406885759,55
2026-02-07,0x3,Newells Old Boys,Defensa y Justicia,22:15,32.0,47,False,1,0.03064516129032258,0.9702660406885759,55
2026-02-07,0x3,Mansfield,Exeter,12:01,32.0,48,False,1,0.03064516129032258,0.9702660406885759,55
2026-02-07,0x3,CFR Cluj,U. Cluj,15:00,32.0,49,False,1,0.03064516129032258,0.9702660406885759,55
2026-02-07,0x3,Peterborough,Wigan,12:01,34.0,50,False,1,0.028787878787878786,0.9720176730486008,55
2026-02-07,0x3,Sariyer,Sivasspor,07:30,34.0,51,False,1,0.028787878787878786,0.9720176730486008,55
2026-02-07,0x3,Karagumruk,Antalyaspor,08:30,34.0,52,False,1,0.028787878787878786,0.9720176730486008,55
2026-02-07,0x3,Brest,Lorient,15:00,34.0,53,False,1,0.028787878787878786,0.9720176730486008,55
2026-02-07,0x3,Samsunspor,Trabzonspor,14:00,34.0,54,False,0,-1.0,0.9720176730486008,55
2026-02-07,0x3,Rapperswil-Jona,Yverdon,14:00,34.0,55,False,1,0.028787878787878786,0.9720176730486008,55
2026-02-08,0x3,Monza,Avellino,11:00,14.0,1,True,1,0.07307692307692307,0.931899641577061,36
2026-02-08,0x3,Botev Plovdiv,Beroe,11:45,14.0,2,True,1,0.07307692307692307,0.931899641577061,36
2026-02-08,0x3,Ath Bilbao,Levante,12:15,15.0,3,True,1,0.06785714285714285,0.9364548494983278,36
2026-02-08,0x3,Bologna,Parma,08:30,15.0,4,False,1,0.06785714285714285,0.9364548494983278,36
2026-02-08,0x3,U. Catolica,D. Concepcion,20:30,15.5,5,False,1,0.06551724137931034,0.9385113268608415,36
2026-02-08,0x3,Dep. La Coruna,Albacete,12:15,17.0,6,False,1,0.059375,0.943952802359882,36
2026-02-08,0x3,Hradec Kralove,Dukla Prague,09:00,18.0,7,False,1,0.055882352941176466,0.947075208913649,36
2026-02-08,0x3,Plzen,Liberec,14:30,18.0,8,False,1,0.055882352941176466,0.947075208913649,36
2026-02-08,0x3,Malaga,Cultural Leonesa,17:00,19.0,9,False,1,0.05277777777777778,0.949868073878628,36
2026-02-08,0x3,AlbinoLeffe,Pro Patria,10:30,19.0,10,False,1,0.05277777777777778,0.949868073878628,36
2026-02-08,0x3,Apollon,Ol. Nicosia,13:00,19.5,11,False,1,0.05135135135135135,0.9511568123393317,36
2026-02-08,0x3,Arminia Bielefeld,Braunschweig,09:30,20.0,12,False,1,0.049999999999999996,0.9523809523809524,36
2026-02-08,0x3,Gijon,Huesca,14:30,21.0,13,False,1,0.0475,0.9546539379474941,36
2026-02-08,0x3,Rakow,Radomiak Radom,10:45,21.0,14,False,1,0.0475,0.9546539379474941,36
2026-02-08,0x3,Nacional,Casa Pia,12:30,21.0,15,False,1,0.0475,0.9546539379474941,36
2026-02-08,0x3,Club America,Monterrey,00:10,22.0,16,False,1,0.04523809523809524,0.9567198177676538,36
2026-02-08,0x3,Genk,Anderlecht,09:30,23.0,17,False,1,0.04318181818181818,0.9586056644880174,36
2026-02-08,0x3,Imabari,Kanazawa,02:00,24.0,18,False,1,0.041304347826086954,0.9603340292275574,36
2026-02-08,0x3,IMT Novi Beograd,Napredak,10:00,24.0,19,False,1,0.041304347826086954,0.9603340292275574,36
2026-02-08,0x3,Sevilla,Girona,12:15,25.0,20,False,1,0.03958333333333333,0.9619238476953909,36
2026-02-08,0x3,Keciorengucu,Bandirmaspor,07:30,25.0,21,False,1,0.03958333333333333,0.9619238476953909,36
2026-02-08,0x3,Mura,Aluminij,09:00,26.0,22,False,0,-1.0,0.9633911368015414,36
2026-02-08,0x3,Nublense,Limache,18:00,26.0,23,False,1,0.038,0.9633911368015414,36
2026-02-08,0x3,Livorno,Bra,13:30,26.0,24,False,1,0.038,0.9633911368015414,36
2026-02-08,0x3,Jaguares de Cordoba,Pereira,22:30,26.0,25,False,1,0.038,0.9633911368015414,36
2026-02-08,0x3,Brondby,Randers FC,14:00,27.0,26,False,1,0.036538461538461534,0.9647495361781077,36
2026-02-08,0x3,Vis Pesaro,Forli,16:30,28.0,27,False,1,0.03518518518518518,0.9660107334525939,36
2026-02-08,0x3,Brighton,Crystal Palace,11:00,28.0,28,False,1,0.03518518518518518,0.9660107334525939,36
2026-02-08,0x3,Dep. Cali,Millonarios,20:20,28.0,29,False,1,0.03518518518518518,0.9660107334525939,36
2026-02-08,0x3,Lecco,Pro Vercelli,10:30,29.0,30,False,1,0.033928571428571426,0.9671848013816926,36
2026-02-08,0x3,Libertad Asuncion,Guarani,18:30,30.0,31,False,1,0.03275862068965517,0.9682804674457429,36
2026-02-08,0x3,Bohemians,FK Pardubice,11:30,32.0,32,False,1,0.03064516129032258,0.9702660406885759,36
2026-02-08,0x3,KV Mechelen,Antwerp,15:15,34.0,33,False,1,0.028787878787878786,0.9720176730486008,36
2026-02-08,0x3,Torreense,Leiria,12:30,34.0,34,False,1,0.028787878787878786,0.9720176730486008,36
2026-02-08,0x3,Iwaki,Hokkaido Consadole Sapporo,02:00,34.0,35,False,1,0.028787878787878786,0.9720176730486008,36
2026-02-08,0x3,Wolfsberger AC,Grazer AK,10:30,34.0,36,False,1,0.028787878787878786,0.9720176730486008,36
2026-02-09,0x3,Villarreal,Espanyol,17:00,17.5,1,True,1,0.05757575757575757,0.9455587392550143,7
2026-02-09,0x3,FC Cajamarca,Deportivo Garcilaso,17:30,23.0,2,True,1,0.04318181818181818,0.9586056644880174,7
2026-02-09,0x3,Union La Calera,Cobresal,20:00,24.0,3,True,1,0.041304347826086954,0.9603340292275574,7
2026-02-09,0x3,Estudiantes L.P.,Dep. Riestra,19:15,24.0,4,False,1,0.041304347826086954,0.9603340292275574,7
2026-02-09,0x3,Gaziantep,Kasimpasa,14:00,26.0,5,False,1,0.038,0.9633911368015414,7
2026-02-09,0x3,Lanus,Talleres Cordoba,19:15,27.0,6,False,1,0.036538461538461534,0.9647495361781077,7
2026-02-09,0x3,Piast Gliwice,Wisla Plock,15:00,30.0,7,False,1,0.03275862068965517,0.9682804674457429,7
2026-02-10,0x3,Salernitana,Casarano,16:30,14.0,1,True,1,0.07307692307692307,0.931899641577061,8
2026-02-10,0x3,Cosenza,Siracusa,16:30,17.5,2,True,1,0.05757575757575757,0.9455587392550143,8
2026-02-10,0x3,Birmingham,West Brom,17:00,18.0,3,True,1,0.055882352941176466,0.947075208913649,8
2026-02-10,0x3,Hearts,Hibernian,17:00,19.0,4,False,1,0.05277777777777778,0.949868073878628,8
2026-02-10,0x3,Venezia,Modena,16:00,21.0,5,False,1,0.0475,0.9546539379474941,8
2026-02-10,0x3,Bucaramanga,Deportes Tolima,22:30,26.0,6,False,1,0.038,0.9633911368015414,8
2026-02-10,0x3,Llaneros,Dep. Pasto,20:20,32.0,7,False,1,0.03064516129032258,0.9702660406885759,8
2026-02-10,0x3,Wigan,Reading,16:45,34.0,8,False,1,0.028787878787878786,0.9720176730486008,8
2026-02-11,0x3,Millonarios,Aguilas,20:30,20.0,1,True,1,0.049999999999999996,0.9523809523809524,10
2026-02-11,0x3,Falkirk,Dundee FC,16:45,22.0,2,True,1,0.04523809523809524,0.9567198177676538,10
2026-02-11,0x3,Rochdale,Forest Green,16:45,23.0,3,True,1,0.04318181818181818,0.9586056644880174,10
2026-02-11,0x3,Sao Paulo,Gremio,21:30,24.0,4,False,1,0.041304347826086954,0.9603340292275574,10
2026-02-11,0x3,Renate,Triestina,14:00,27.0,5,False,1,0.036538461538461534,0.9647495361781077,10
2026-02-11,0x3,Novara,AlbinoLeffe,14:00,30.0,6,False,1,0.03275862068965517,0.9682804674457429,10
2026-02-11,0x3,Bologna,Lazio,17:00,30.0,7,False,1,0.03275862068965517,0.9682804674457429,10
2026-02-11,0x3,Al Masry,Wadi Degla,15:00,32.0,8,False,1,0.03064516129032258,0.9702660406885759,10
2026-02-11,0x3,Vasco,Bahia,21:30,32.0,9,False,1,0.03064516129032258,0.9702660406885759,10
2026-02-11,0x3,Lugano,Servette,16:30,34.0,10,False,1,0.028787878787878786,0.9720176730486008,10
2026-02-12,0x3,Ascoli,Torres,16:30,14.5,1,True,1,0.07037037037037036,0.9342560553633218,12
2026-02-12,0x3,Tigre,Aldosivi,19:00,20.0,2,True,1,0.049999999999999996,0.9523809523809524,12
2026-02-12,0x3,Fluminense,Botafogo RJ,19:30,21.0,3,True,1,0.0475,0.9546539379474941,12
2026-02-12,0x3,Campobasso,Livorno,16:30,22.0,4,False,1,0.04523809523809524,0.9567198177676538,12
2026-02-12,0x3,Corinthians,Bragantino,20:00,25.0,5,False,1,0.03958333333333333,0.9619238476953909,12
2026-02-12,0x3,Juventus U23,Sambenedettese,14:00,27.0,6,False,1,0.036538461538461534,0.9647495361781077,12
2026-02-12,0x3,Chico,Jaguares de Cordoba,18:10,27.0,7,False,1,0.036538461538461534,0.9647495361781077,12
2026-02-12,0x3,Athletico-PR,Santos,19:00,29.0,8,False,1,0.033928571428571426,0.9671848013816926,12
2026-02-12,0x3,Once Caldas,Junior,20:20,30.0,9,False,1,0.03275862068965517,0.9682804674457429,12
2026-02-12,0x3,Forli,Pontedera,14:00,34.0,10,False,1,0.028787878787878786,0.9720176730486008,12
2026-02-12,0x3,Sion,Basel,16:30,34.0,11,False,1,0.028787878787878786,0.9720176730486008,12
2026-02-12,0x3,Argentinos Jrs,River Plate,21:15,34.0,12,False,1,0.028787878787878786,0.9720176730486008,12
2026-02-13,0x3,Vissel Kobe,V-Varen Nagasaki,07:00,16.0,1,True,1,0.06333333333333332,0.9404388714733543,26
2026-02-13,0x3,Fleury-Merogis,Villefranche,15:30,16.5,2,True,1,0.06129032258064516,0.9422492401215806,26
2026-02-13,0x3,Le Puy-en-Velay,Orleans,15:30,17.5,3,False,1,0.05757575757575757,0.9455587392550143,26
2026-02-13,0x3,Haverfordwest,Bala,16:45,17.5,4,True,1,0.05757575757575757,0.9455587392550143,26
2026-02-13,0x3,Guarani,San Lorenzo,18:30,17.5,5,False,1,0.05757575757575757,0.9455587392550143,26
2026-02-13,0x3,Yverdon,Stade Nyonnais,16:15,18.0,6,False,1,0.055882352941176466,0.947075208913649,26
2026-02-13,0x3,Derry City,Dundalk,16:45,18.0,7,False,1,0.055882352941176466,0.947075208913649,26
2026-02-13,0x3,Sochaux,Paris 13 Atl.,15:30,18.5,8,False,1,0.054285714285714284,0.948509485094851,26
2026-02-13,0x3,Dijon,Caen,15:30,18.5,9,False,1,0.054285714285714284,0.948509485094851,26
2026-02-13,0x3,Valenciennes,Stade Briochin,15:30,19.0,10,False,1,0.05277777777777778,0.949868073878628,26
2026-02-13,0x3,Carabobo,Monagas,19:00,19.0,11,False,1,0.05277777777777778,0.949868073878628,26
2026-02-13,0x3,Randers FC,Vejle,15:00,21.0,12,False,1,0.0475,0.9546539379474941,26
2026-02-13,0x3,Gimnasia y Tiro,Colegiales,22:00,21.0,13,False,1,0.0475,0.9546539379474941,26
2026-02-13,0x3,Dusseldorf,Preussen Munster,14:30,22.0,14,False,1,0.04523809523809524,0.9567198177676538,26
2026-02-13,0x3,San Miguel,Central Norte,17:00,25.0,15,False,1,0.03958333333333333,0.9619238476953909,26
2026-02-13,0x3,America De Cali,Santa Fe,22:00,25.0,16,False,1,0.03958333333333333,0.9619238476953909,26
2026-02-13,0x3,Red Star,Nancy,16:00,26.0,17,False,1,0.038,0.9633911368015414,26
2026-02-13,0x3,Drogheda,Waterford,16:45,26.0,18,False,1,0.038,0.9633911368015414,26
2026-02-13,0x3,Universidad Central,Metropolitanos,20:30,29.0,19,False,1,0.033928571428571426,0.9671848013816926,26
2026-02-13,0x3,Durban City,TS Galaxy,14:30,29.0,20,False,1,0.033928571428571426,0.9671848013816926,26
2026-02-13,0x3,Athlone,Finn Harps,16:45,30.0,21,False,1,0.03275862068965517,0.9682804674457429,26
2026-02-13,0x3,Independiente,Lanus,20:00,30.0,22,False,1,0.03275862068965517,0.9682804674457429,26
2026-02-13,0x3,Wil,Rapperswil-Jona,15:30,32.0,23,False,1,0.03064516129032258,0.9702660406885759,26
2026-02-13,0x3,UC Dublin,Kerry,16:45,34.0,24,False,1,0.028787878787878786,0.9720176730486008,26
2026-02-13,0x3,Everton,Huachipato,18:00,34.0,25,False,0,-1.0,0.9720176730486008,26
2026-02-13,0x3,Union de Santa Fe,San Lorenzo,22:15,34.0,26,False,1,0.028787878787878786,0.9720176730486008,26
2026-02-14,0x3,Academico Viseu,Oliveirense,11:00,14.0,1,True,1,0.07307692307692307,0.931899641577061,55
2026-02-14,0x3,Modena,Carrarese,11:00,14.5,2,False,1,0.07037037037037036,0.9342560553633218,55
2026-02-14,0x3,Bayer Leverkusen,St. Pauli,11:30,14.5,3,True,1,0.07037037037037036,0.9342560553633218,55
2026-02-14,0x3,Palermo,Entella,11:00,14.5,4,False,1,0.07037037037037036,0.9342560553633218,55
2026-02-14,0x3,Ind. Medellin,Pereira,20:30,14.5,5,True,1,0.07037037037037036,0.9342560553633218,55
2026-02-14,0x3,Vitoria Guimaraes,Estrela,15:00,15.0,6,False,1,0.06785714285714285,0.9364548494983278,55
2026-02-14,0x3,Lille,Brest,15:00,15.5,7,False,1,0.06551724137931034,0.9385113268608415,55
2026-02-14,0x3,Olimpia Asuncion,Rubio Nu,18:30,16.0,8,False,1,0.06333333333333332,0.9404388714733543,55
2026-02-14,0x3,Sampdoria,Padova,11:00,17.0,9,False,1,0.059375,0.943952802359882,55
2026-02-14,0x3,Stenhousemuir,Montrose,12:00,17.0,10,False,1,0.059375,0.943952802359882,55
2026-02-14,0x3,Rijeka,Varazdin,13:15,17.5,11,False,1,0.05757575757575757,0.9455587392550143,55
2026-02-14,0x3,Machida,Mito,02:00,17.5,12,False,1,0.05757575757575757,0.9455587392550143,55
2026-02-14,0x3,Dep. Tachira,Trujillanos,19:00,18.0,13,False,1,0.055882352941176466,0.947075208913649,55
2026-02-14,0x3,Ross County,Queen's Park,12:00,18.5,14,False,1,0.054285714285714284,0.948509485094851,55
2026-02-14,0x3,Norwich,West Brom,12:00,18.5,15,False,1,0.054285714285714284,0.948509485094851,55
2026-02-14,0x3,Dundee FC,Livingston,12:00,18.5,16,False,1,0.054285714285714284,0.948509485094851,55
2026-02-14,0x3,Puerto Cabello,Zamora,20:30,18.5,17,False,1,0.054285714285714284,0.948509485094851,55
2026-02-14,0x3,Arda,Slavia Sofia,12:15,19.5,18,False,1,0.05135135135135135,0.9511568123393317,55
2026-02-14,0x3,Pachuca,Atlas,20:00,20.0,19,False,1,0.049999999999999996,0.9523809523809524,55
2026-02-14,0x3,LKS Lodz,Chrobry Glogow,15:30,20.0,20,False,1,0.049999999999999996,0.9523809523809524,55
2026-02-14,0x3,Falkirk,Dundee Utd,12:00,20.0,21,False,1,0.049999999999999996,0.9523809523809524,55
2026-02-14,0x3,FC Halifax,Truro,12:00,21.0,22,False,1,0.0475,0.9546539379474941,55
2026-02-14,0x3,Hibernian,St. Mirren,12:00,21.0,23,False,1,0.0475,0.9546539379474941,55
2026-02-14,0x3,Huracan,Sarmiento Junin,19:45,21.0,24,False,1,0.0475,0.9546539379474941,55
2026-02-14,0x3,Atl. Tucuman,Estudiantes Rio Cuarto,22:00,22.0,25,False,1,0.04523809523809524,0.9567198177676538,55
2026-02-14,0x3,Catanzaro,Mantova,13:15,22.0,26,False,1,0.04523809523809524,0.9567198177676538,55
2026-02-14,0x3,Cordoba,Leganes,10:00,23.0,27,False,1,0.04318181818181818,0.9586056644880174,55
2026-02-14,0x3,Exeter,Northampton,12:00,23.0,28,False,1,0.04318181818181818,0.9586056644880174,55
2026-02-14,0x3,Ameliano,2 de Mayo,20:30,23.0,29,False,1,0.04318181818181818,0.9586056644880174,55
2026-02-14,0x3,Talleres Cordoba,Gimnasia Mendoza,19:45,23.0,30,False,1,0.04318181818181818,0.9586056644880174,55
2026-02-14,0x3,Charleroi,Gent,14:15,23.0,31,False,1,0.04318181818181818,0.9586056644880174,55
2026-02-14,0x3,Groningen,Utrecht,17:00,23.0,32,False,1,0.04318181818181818,0.9586056644880174,55
2026-02-14,0x3,Bradford City,Peterborough,12:00,24.0,33,False,1,0.041304347826086954,0.9603340292275574,55
2026-02-14,0x3,Inter,Juventus,16:45,24.0,34,False,1,0.041304347826086954,0.9603340292275574,55
2026-02-14,0x3,Atl. San Luis,Queretaro,20:00,25.0,35,False,1,0.03958333333333333,0.9619238476953909,55
2026-02-14,0x3,Sport Boys,Grau,19:30,25.0,36,False,1,0.03958333333333333,0.9619238476953909,55
2026-02-14,0x3,Monopoli,Sorrento,10:30,26.0,37,False,1,0.038,0.9633911368015414,55
2026-02-14,0x3,Portuguesa,Anzoategui FC,20:00,27.0,38,False,0,-1.0,0.9647495361781077,55
2026-02-14,0x3,Leuven,Dender,12:00,27.0,39,False,1,0.036538461538461534,0.9647495361781077,55
2026-02-14,0x3,Burgos CF,Cadiz CF,12:15,27.0,40,False,1,0.036538461538461534,0.9647495361781077,55
2026-02-14,0x3,Kiryat Shmona,Ironi Tiberias,12:30,28.0,41,False,1,0.03518518518518518,0.9660107334525939,55
2026-02-14,0x3,Sevilla,Alaves,14:30,28.0,42,False,1,0.03518518518518518,0.9660107334525939,55
2026-02-14,0x3,Cultural Leonesa,Zaragoza,14:30,29.0,43,False,1,0.033928571428571426,0.9671848013816926,55
2026-02-14,0x3,Granada CF,Valladolid,17:00,30.0,44,False,1,0.03275862068965517,0.9682804674457429,55
2026-02-14,0x3,Nacional,Racing Montevideo,20:30,30.0,45,False,1,0.03275862068965517,0.9682804674457429,55
2026-02-14,0x3,Agropecuario,Deportivo Maipu,18:00,30.0,46,False,1,0.03275862068965517,0.9682804674457429,55
2026-02-14,0x3,SC Farense,Leixoes,12:30,32.0,47,False,1,0.03064516129032258,0.9702660406885759,55
2026-02-14,0x3,Sivasspor,Vanspor FK,10:00,32.0,48,False,1,0.03064516129032258,0.9702660406885759,55
2026-02-14,0x3,Alanyaspor,Konyaspor,11:00,32.0,49,False,1,0.03064516129032258,0.9702660406885759,55
2026-02-14,0x3,AEK Larnaca,Apollon,14:00,32.0,50,False,1,0.03064516129032258,0.9702660406885759,55
2026-02-14,0x3,Slovacko,Bohemians,11:00,34.0,51,False,1,0.028787878787878786,0.9720176730486008,55
2026-02-14,0x3,Derby,Swansea,12:00,34.0,52,False,1,0.028787878787878786,0.9720176730486008,55
2026-02-14,0x3,Lincoln,Bolton,12:00,34.0,53,False,1,0.028787878787878786,0.9720176730486008,55
2026-02-14,0x3,Montpellier,Le Mans,10:00,34.0,54,False,1,0.028787878787878786,0.9720176730486008,55
2026-02-14,0x3,La Guaira,Caracas,18:00,34.0,55,False,1,0.028787878787878786,0.9720176730486008,55
2026-02-15,0x3,Colo Colo,Union La Calera,20:30,14.0,1,True,1,0.07307692307692307,0.931899641577061,41
2026-02-15,0x3,Trento,Pro Patria,13:30,14.5,2,True,1,0.07037037037037036,0.9342560553633218,41
2026-02-15,0x3,Rosario Central,Barracas Central,22:00,15.0,3,True,1,0.06785714285714285,0.9364548494983278,41
2026-02-15,0x3,Goztepe,Kayserispor,11:00,15.5,4,False,1,0.06551724137931034,0.9385113268608415,41
2026-02-15,0x3,Monza,Juve Stabia,11:00,16.5,5,False,1,0.06129032258064516,0.9422492401215806,41
2026-02-15,0x3,Kashiwa Reysol,Verdy,02:00,16.5,6,False,1,0.06129032258064516,0.9422492401215806,41
2026-02-15,0x3,Radnicki 1923,Radnik,10:00,17.0,7,False,1,0.059375,0.943952802359882,41
2026-02-15,0x3,Boca Juniors,Platense,19:30,17.5,8,False,1,0.05757575757575757,0.9455587392550143,41
2026-02-15,0x3,Anderlecht,RAAL La Louviere,14:30,18.0,9,False,1,0.055882352941176466,0.947075208913649,41
2026-02-15,0x3,Perugia,Carpi,13:30,18.0,10,False,1,0.055882352941176466,0.947075208913649,41
2026-02-15,0x3,Sport Huancayo,FC Cajamarca,15:00,19.0,11,False,1,0.05277777777777778,0.949868073878628,41
2026-02-15,0x3,Fortaleza,Chico,22:30,20.0,12,False,1,0.049999999999999996,0.9523809523809524,41
2026-02-15,0x3,Rangers,Hearts,13:30,21.0,13,False,1,0.0475,0.9546539379474941,41
2026-02-15,0x3,Leiria,FC Porto B,15:00,21.0,14,False,1,0.0475,0.9546539379474941,41
2026-02-15,0x3,Lecco,Virtus Verona,16:30,22.0,15,False,1,0.04523809523809524,0.9567198177676538,41
2026-02-15,0x3,Empoli,Reggiana,13:15,22.0,16,False,1,0.04523809523809524,0.9567198177676538,41
2026-02-15,0x3,Novi Pazar,OFK Beograd Mozzart Bet,10:00,22.0,17,False,1,0.04523809523809524,0.9567198177676538,41
2026-02-15,0x3,Kocaelispor,Gaziantep,08:30,22.0,18,False,1,0.04523809523809524,0.9567198177676538,41
2026-02-15,0x3,Sporting CP B,Portimonense,08:00,23.0,19,False,1,0.04318181818181818,0.9586056644880174,41
2026-02-15,0x3,Cerro Porteno,Nacional Asuncion,20:30,23.0,20,False,1,0.04318181818181818,0.9586056644880174,41
2026-02-15,0x3,Lech Poznan,Piast Gliwice,13:30,23.0,21,False,1,0.04318181818181818,0.9586056644880174,41
2026-02-15,0x3,Lorient,Angers,13:15,24.0,22,False,1,0.041304347826086954,0.9603340292275574,41
2026-02-15,0x3,Potenza,Altamura,16:30,25.0,23,False,1,0.03958333333333333,0.9619238476953909,41
2026-02-15,0x3,Nublense,A. Italiano,18:00,25.0,24,False,1,0.03958333333333333,0.9619238476953909,41
2026-02-15,0x3,Instituto,Central Cordoba,22:00,26.0,25,False,1,0.038,0.9633911368015414,41
2026-02-15,0x3,Guadalajara Chivas,Club America,00:07,26.0,26,False,1,0.038,0.9633911368015414,41
2026-02-15,0x3,Albacete,Gijon,14:30,27.0,27,False,1,0.036538461538461534,0.9647495361781077,41
2026-02-15,0x3,Kifisia,OFI Crete,12:30,28.0,28,False,1,0.03518518518518518,0.9660107334525939,41
2026-02-15,0x3,Liberec,Ostrava,11:30,28.0,29,False,1,0.03518518518518518,0.9660107334525939,41
2026-02-15,0x3,Huesca,Ceuta,12:15,29.0,30,False,1,0.033928571428571426,0.9671848013816926,41
2026-02-15,0x3,Eibar,Racing Santander,12:15,29.0,31,False,1,0.033928571428571426,0.9671848013816926,41
2026-02-15,0x3,Comerciantes Unidos,Los Chankas,17:15,30.0,32,False,1,0.03275862068965517,0.9682804674457429,41
2026-02-15,0x3,San Martin T.,Patronato,19:00,30.0,33,False,1,0.03275862068965517,0.9682804674457429,41
2026-02-15,0x3,Mlada Boleslav,Teplice,11:30,32.0,34,False,1,0.03064516129032258,0.9702660406885759,41
2026-02-15,0x3,Deportes Tolima,Once Caldas,18:20,32.0,35,False,1,0.03064516129032258,0.9702660406885759,41
2026-02-15,0x3,Cruz Azul,Tigres UANL,19:30,32.0,36,False,1,0.03064516129032258,0.9702660406885759,41
2026-02-15,0x3,Univ. Craiova,FCSB,15:00,32.0,37,False,1,0.03064516129032258,0.9702660406885759,41
2026-02-15,0x3,Ol. Nicosia,Omonia Aradippou,10:00,34.0,38,False,1,0.028787878787878786,0.9720176730486008,41
2026-02-15,0x3,Parma,Verona,11:00,34.0,39,False,1,0.028787878787878786,0.9720176730486008,41
2026-02-15,0x3,Amora,Covilha,12:00,34.0,40,False,0,-1.0,0.9720176730486008,41
2026-02-15,0x3,Ravenna,Juventus U23,10:30,34.0,41,False,1,0.028787878787878786,0.9720176730486008,41
2026-02-16,0x3,Quindio,Barranquilla,21:30,16.0,1,True,1,0.06333333333333332,0.9404388714733543,7
2026-02-16,0x3,Modern Sport,Kahrabaa Ismailia,12:00,19.5,2,True,1,0.05135135135135135,0.9511568123393317,7
2026-02-16,0x3,Atromitos,Panserraikos,13:00,21.0,3,True,1,0.0475,0.9546539379474941,7
2026-02-16,0x3,Kasimpasa,Karagumruk,14:00,24.0,4,False,1,0.041304347826086954,0.9603340292275574,7
2026-02-16,0x3,Atletico Atlanta,Quilmes,17:00,26.0,5,False,1,0.038,0.9633911368015414,7
2026-02-16,0x3,Zeljeznicar,Prijedor,14:00,29.0,6,False,0,-1.0,0.9671848013816926,7
2026-02-16,0x3,Botev Vratsa,Dobrudzha,12:30,30.0,7,False,1,0.03275862068965517,0.9682804674457429,7
2026-02-17,0x3,Stevenage,Port Vale,16:45,20.0,1,True,1,0.049999999999999996,0.9523809523809524,5
2026-02-17,0x3,Dortmund,Atalanta,17:15,25.0,2,True,1,0.03958333333333333,0.9619238476953909,5
2026-02-17,0x3,Bristol City,Wrexham,16:45,28.0,3,True,1,0.03518518518518518,0.9660107334525939,5
2026-02-17,0x3,Alianza,Cucuta,18:00,29.0,4,False,1,0.033928571428571426,0.9671848013816926,5
2026-02-17,0x3,Sutton,Woking,16:45,32.0,5,False,1,0.03064516129032258,0.9702660406885759,5
2026-02-18,0x3,Junior,America De Cali,21:30,25.0,1,True,1,0.03958333333333333,0.9619238476953909,2
2026-02-18,0x3,Stellenbosch,Magesi,14:30,27.0,2,True,1,0.036538461538461534,0.9647495361781077,2
2026-02-19,0x3,Omonia,Rijeka,17:00,22.0,1,True,1,0.04523809523809524,0.9567198177676538,4
2026-02-19,0x3,Nacional Asuncion,Ameliano,20:30,29.0,2,True,1,0.033928571428571426,0.9671848013816926,4
2026-02-19,0x3,Al Kholood,Al Riyadh,16:00,32.0,3,True,1,0.03064516129032258,0.9702660406885759,4
2026-02-19,0x3,Panathinaikos,Plzen,17:00,32.0,4,False,1,0.03064516129032258,0.9702660406885759,4
2026-02-20,0x3,Veres-Rivne,SC Poltava,10:30,14.0,1,True,1,0.07307692307692307,0.931899641577061,16
2026-02-20,0x3,Cherno More,Botev Vratsa,12:45,14.5,2,True,1,0.07037037037037036,0.9342560553633218,16
2026-02-20,0x3,Estudiantes L.P.,Sarmiento Junin,17:45,15.0,3,True,1,0.06785714285714285,0.9364548494983278,16
2026-02-20,0x3,A. Lustenau,Kapfenberg,14:00,17.5,4,False,1,0.05757575757575757,0.9455587392550143,16
2026-02-20,0x3,Ath Bilbao,Elche,17:00,17.5,5,False,1,0.05757575757575757,0.9455587392550143,16
2026-02-20,0x3,Sassuolo,Verona,16:45,18.0,6,False,1,0.055882352941176466,0.947075208913649,16
2026-02-20,0x3,Rosario Central,Talleres Cordoba,22:21,21.0,7,False,1,0.0475,0.9546539379474941,16
2026-02-20,0x3,Shelbourne,Galway,16:45,23.0,8,False,1,0.04318181818181818,0.9586056644880174,16
2026-02-20,0x3,Nancy,Grenoble,16:00,25.0,9,False,1,0.03958333333333333,0.9619238476953909,16
2026-02-20,0x3,Pyramids,Ceramica Cleopatra,16:30,25.0,10,False,1,0.03958333333333333,0.9619238476953909,16
2026-02-20,0x3,Instituto,Atl. Tucuman,20:00,27.0,11,False,1,0.036538461538461534,0.9647495361781077,16
2026-02-20,0x3,Otelul,UTA Arad,12:00,28.0,12,False,1,0.03518518518518518,0.9660107334525939,16
2026-02-20,0x3,Frosinone,Empoli,16:30,28.0,13,False,1,0.03518518518518518,0.9660107334525939,16
2026-02-20,0x3,Dunkerque,Bastia,16:00,29.0,14,False,1,0.033928571428571426,0.9671848013816926,16
2026-02-20,0x3,Sittard,Excelsior,16:00,29.0,15,False,1,0.033928571428571426,0.9671848013816926,16
2026-02-20,0x3,Piast Gliwice,Motor Lublin,14:00,32.0,16,False,1,0.03064516129032258,0.9702660406885759,16
2026-02-21,0x3,St Etienne,Laval,16:00,14.0,1,True,1,0.07307692307692307,0.931899641577061,35
2026-02-21,0x3,Radnik,Napredak,10:00,15.0,2,True,1,0.06785714285714285,0.9364548494983278,35
2026-02-21,0x3,FK Sarajevo,Posusje,14:30,15.0,3,True,1,0.06785714285714285,0.9364548494983278,35
2026-02-21,0x3,Partick Thistle,Airdrieonians,12:00,16.0,4,False,1,0.06333333333333332,0.9404388714733543,35
2026-02-21,0x3,Maritimo,Sporting CP B,11:00,16.5,5,False,1,0.06129032258064516,0.9422492401215806,35
2026-02-21,0x3,Hearts,Falkirk,12:00,18.0,6,False,1,0.055882352941176466,0.947075208913649,35
2026-02-21,0x3,Stockport County,Wigan,12:00,18.0,7,False,1,0.055882352941176466,0.947075208913649,35
2026-02-21,0x3,Leganes,Cultural Leonesa,10:00,19.5,8,False,1,0.05135135135135135,0.9511568123393317,35
2026-02-21,0x3,Vojvodina,Novi Pazar,12:00,19.5,9,False,0,-1.0,0.9511568123393317,35
2026-02-21,0x3,Palermo,Sudtirol,11:00,20.0,10,False,1,0.049999999999999996,0.9523809523809524,35
2026-02-21,0x3,Dobrudzha,Montana,07:30,21.0,11,False,1,0.0475,0.9546539379474941,35
2026-02-21,0x3,Hradec Kralove,Zlin,11:00,21.0,12,False,1,0.0475,0.9546539379474941,35
2026-02-21,0x3,Luton,Burton,12:00,21.0,13,False,1,0.0475,0.9546539379474941,35
2026-02-21,0x3,Cove Rangers,Kelty Hearts,12:00,22.0,14,False,1,0.04523809523809524,0.9567198177676538,35
2026-02-21,0x3,Once Caldas,Fortaleza,16:00,22.0,15,False,1,0.04523809523809524,0.9567198177676538,35
2026-02-21,0x3,CFR Cluj,Petrolul,13:05,22.0,16,False,1,0.04523809523809524,0.9567198177676538,35
2026-02-21,0x3,Legia,Wisla Plock,16:30,23.0,17,False,1,0.04318181818181818,0.9586056644880174,35
2026-02-21,0x3,Betis,Rayo Vallecano,12:17,23.0,18,False,1,0.04318181818181818,0.9586056644880174,35
2026-02-21,0x3,Chaco For Ever,San Telmo,21:00,23.0,19,False,1,0.04318181818181818,0.9586056644880174,35
2026-02-21,0x3,Aberdeen,Dundee FC,12:00,24.0,20,False,1,0.041304347826086954,0.9603340292275574,35
2026-02-21,0x3,Toulouse,Paris FC,15:00,25.0,21,False,1,0.03958333333333333,0.9619238476953909,35
2026-02-21,0x3,Peterhead,East Fife,12:00,25.0,22,False,1,0.03958333333333333,0.9619238476953909,35
2026-02-21,0x3,Wycombe,Stevenage,09:30,26.0,23,False,1,0.038,0.9633911368015414,35
2026-02-21,0x3,Alloa,Hamilton,12:00,26.0,24,False,1,0.038,0.9633911368015414,35
2026-02-21,0x3,Juventus,Como,11:00,27.0,25,False,1,0.036538461538461534,0.9647495361781077,35
2026-02-21,0x3,Ayr,Ross County,12:00,28.0,26,False,1,0.03518518518518518,0.9660107334525939,35
2026-02-21,0x3,U. Catolica,Coquimbo,20:30,28.0,27,False,1,0.03518518518518518,0.9660107334525939,35
2026-02-21,0x3,Arouca,Nacional,12:30,28.0,28,False,1,0.03518518518518518,0.9660107334525939,35
2026-02-21,0x3,Briton Ferry,Bala,09:30,30.0,29,False,1,0.03275862068965517,0.9682804674457429,35
2026-02-21,0x3,Torreense,Benfica B,08:00,32.0,30,False,1,0.03064516129032258,0.9702660406885759,35
2026-02-21,0x3,Arbroath,Dunfermline,12:00,34.0,31,False,1,0.028787878787878786,0.9720176730486008,35
2026-02-21,0x3,Hull,QPR,09:30,34.0,32,False,1,0.028787878787878786,0.9720176730486008,35
2026-02-21,0x3,Cerro Porteno,Olimpia Asuncion,18:30,34.0,33,False,1,0.028787878787878786,0.9720176730486008,35
2026-02-21,0x3,Aucas,Mushuc Runa,16:00,34.0,34,False,1,0.028787878787878786,0.9720176730486008,35
2026-02-21,0x3,Austin FC,Minnesota United,22:30,34.0,35,False,1,0.028787878787878786,0.9720176730486008,35
2026-02-22,0x3,Penarol,Maldonado,20:30,14.0,1,True,1,0.07307692307692307,0.931899641577061,34
2026-02-22,0x3,Crotone,Foggia,13:30,15.5,2,True,1,0.06551724137931034,0.9385113268608415,34
2026-02-22,0x3,Union de Santa Fe,Aldosivi,21:30,15.5,3,True,1,0.06551724137931034,0.9385113268608415,34
2026-02-22,0x3,Villarreal,Valencia,17:00,16.5,4,False,1,0.06129032258064516,0.9422492401215806,34
2026-02-22,0x3,Besiktas,Goztepe,14:00,17.0,5,False,1,0.059375,0.943952802359882,34
2026-02-22,0x3,San Lorenzo,Estudiantes Rio Cuarto,17:00,17.0,6,False,1,0.059375,0.943952802359882,34
2026-02-22,0x3,Bohemians,Dukla Prague,09:00,17.0,7,False,1,0.059375,0.943952802359882,34
2026-02-22,0x3,Grau,Juan Pablo II,17:30,17.5,8,False,1,0.05757575757575757,0.9455587392550143,34
2026-02-22,0x3,Celta Vigo,Mallorca,14:30,18.0,9,False,1,0.055882352941176466,0.947075208913649,34
2026-02-22,0x3,Salernitana,Monopoli,10:30,18.5,10,False,1,0.054285714285714284,0.948509485094851,34
2026-02-22,0x3,Crystal Palace,Wolves,11:00,19.5,11,False,1,0.05135135135135135,0.9511568123393317,34
2026-02-22,0x3,Aris,Kifisia,14:00,21.0,12,False,1,0.0475,0.9546539379474941,34
2026-02-22,0x3,Lumezzane,Dolomiti Bellunesi,10:30,21.0,13,False,1,0.0475,0.9546539379474941,34
2026-02-22,0x3,Tokushima,Toyama,02:00,21.0,14,False,1,0.0475,0.9546539379474941,34
2026-02-22,0x3,Polonia Bytom,Pogon Siedlce,13:30,21.0,15,False,1,0.0475,0.9546539379474941,34
2026-02-22,0x3,Andorra,Zaragoza,12:15,22.0,16,False,1,0.04523809523809524,0.9567198177676538,34
2026-02-22,0x3,Malaga,Albacete,17:00,23.0,17,False,1,0.04318181818181818,0.9586056644880174,34
2026-02-22,0x3,AD Tarma,Cajamarca,13:00,23.0,18,False,1,0.04318181818181818,0.9586056644880174,34
2026-02-22,0x3,Felgueiras,Penafiel,08:00,23.0,19,False,1,0.04318181818181818,0.9586056644880174,34
2026-02-22,0x3,Kayserispor,Antalyaspor,07:30,23.0,20,False,1,0.04318181818181818,0.9586056644880174,34
2026-02-22,0x3,Slask Wroclaw,Odra Opole,10:30,24.0,21,False,1,0.041304347826086954,0.9603340292275574,34
2026-02-22,0x3,Hajduk Split,Rijeka,13:45,24.0,22,False,1,0.041304347826086954,0.9603340292275574,34
2026-02-22,0x3,Racing Santander,Burgos CF,14:30,26.0,23,False,1,0.038,0.9633911368015414,34
2026-02-22,0x3,Freiburg,B. Monchengladbach,11:30,26.0,24,False,1,0.038,0.9633911368015414,34
2026-02-22,0x3,Gijon,Valladolid,10:00,27.0,25,False,1,0.036538461538461534,0.9647495361781077,34
2026-02-22,0x3,Santa Fe,Junior,18:00,27.0,26,False,1,0.036538461538461534,0.9647495361781077,34
2026-02-22,0x3,Nice,Lorient,13:15,30.0,27,False,1,0.03275862068965517,0.9682804674457429,34
2026-02-22,0x3,Genoa,Torino,08:30,32.0,28,False,1,0.03064516129032258,0.9702660406885759,34
2026-02-22,0x3,Strasbourg,Lyon,16:45,32.0,29,False,1,0.03064516129032258,0.9702660406885759,34
2026-02-22,0x3,Sorrento,Siracusa,13:30,32.0,30,False,1,0.03064516129032258,0.9702660406885759,34
2026-02-22,0x3,FC Arges,Farul Constanta,10:00,32.0,31,False,1,0.03064516129032258,0.9702660406885759,34
2026-02-22,0x3,Radnicki Nis,IMT Novi Beograd,09:00,32.0,32,False,1,0.03064516129032258,0.9702660406885759,34
2026-02-22,0x3,A. Italiano,Everton,18:00,32.0,33,False,1,0.03064516129032258,0.9702660406885759,34
2026-02-22,0x3,Campobasso,Juventus U23,08:30,34.0,34,False,1,0.028787878787878786,0.9720176730486008,34
2026-02-23,0x3,Famalicao,Casa Pia,17:15,14.0,1,True,1,0.07307692307692307,0.931899641577061,10
2026-02-23,0x3,Fiorentina,Pisa,14:30,15.5,2,True,1,0.06551724137931034,0.9385113268608415,10
2026-02-23,0x3,Bologna,Udinese,16:45,21.0,3,True,1,0.0475,0.9546539379474941,10
2026-02-23,0x3,Libertad,Manta,21:30,24.0,4,False,1,0.041304347826086954,0.9603340292275574,10
2026-02-23,0x3,Anzoategui FC,Estudiantes Merida,19:30,27.0,5,False,0,-1.0,0.9647495361781077,10
2026-02-23,0x3,FC Porto B,Pacos Ferreira,17:15,28.0,6,False,1,0.03518518518518518,0.9660107334525939,10
2026-02-23,0x3,Cadiz CF,Real Sociedad B,16:30,28.0,7,False,1,0.03518518518518518,0.9660107334525939,10
2026-02-23,0x3,Cucuta,Deportes Tolima,18:00,29.0,8,False,1,0.033928571428571426,0.9671848013816926,10
2026-02-23,0x3,Alaves,Girona,17:00,34.0,9,False,1,0.028787878787878786,0.9720176730486008,10
2026-02-23,0x3,Curico Unido,Magallanes,20:30,34.0,10,False,1,0.028787878787878786,0.9720176730486008,10
2026-02-24,0x3,Admira,Austria Vienna (Am),14:30,14.5,1,True,1,0.07037037037037036,0.9342560553633218,11
2026-02-24,0x3,Kaizer Chiefs,Stellenbosch,14:30,18.5,2,True,1,0.054285714285714284,0.948509485094851,11
2026-02-24,0x3,Swansea,Preston,16:45,18.5,3,True,1,0.054285714285714284,0.948509485094851,11
2026-02-24,0x3,Belgrano,Atl. Tucuman,21:30,19.0,4,False,1,0.05277777777777778,0.949868073878628,11
2026-02-24,0x3,West Brom,Charlton,16:45,22.0,5,False,1,0.04523809523809524,0.9567198177676538,11
2026-02-24,0x3,Dundee Utd,Aberdeen,16:45,26.0,6,False,1,0.038,0.9633911368015414,11
2026-02-24,0x3,Envigado,Quindio,17:30,26.0,7,False,1,0.038,0.9633911368015414,11
2026-02-24,0x3,Wrexham,Portsmouth,16:45,27.0,8,False,1,0.036538461538461534,0.9647495361781077,11
2026-02-24,0x3,Platense,Defensa y Justicia,17:00,27.0,9,False,1,0.036538461538461534,0.9647495361781077,11
2026-02-24,0x3,Hull,Derby,16:45,32.0,10,False,1,0.03064516129032258,0.9702660406885759,11
2026-02-24,0x3,Wealdstone,Brackley Town,16:45,32.0,11,False,1,0.03064516129032258,0.9702660406885759,11
2026-02-25,0x3,National Bank Egypt,Pharco,16:30,14.5,1,True,1,0.07037037037037036,0.9342560553633218,9
2026-02-25,0x3,Cruzeiro,Corinthians,20:00,17.0,2,True,1,0.059375,0.943952802359882,9
2026-02-25,0x3,Palmeiras,Fluminense,21:30,17.0,3,True,1,0.059375,0.943952802359882,9
2026-02-25,0x3,Stoke,Oxford Utd,17:00,22.0,4,False,1,0.04523809523809524,0.9567198177676538,9
2026-02-25,0x3,Olimpia Asuncion,Libertad Asuncion,20:30,26.0,5,False,1,0.038,0.9633911368015414,9
2026-02-25,0x3,Bragantino,Athletico-PR,19:00,26.0,6,False,1,0.038,0.9633911368015414,9
2026-02-25,0x3,Velez Sarsfield,Dep. Riestra,19:30,29.0,7,False,1,0.033928571428571426,0.9671848013816926,9
2026-02-25,0x3,Eastleigh,Truro,16:45,30.0,8,False,1,0.03275862068965517,0.9682804674457429,9
2026-02-25,0x3,Gremio,Atletico-MG,21:30,32.0,9,False,1,0.03064516129032258,0.9702660406885759,9
2026-02-26,0x3,River Plate,Banfield,19:30,16.0,1,True,1,0.06333333333333332,0.9404388714733543,7
2026-02-26,0x3,Celta Vigo,PAOK,17:00,16.5,2,True,1,0.06129032258064516,0.9422492401215806,7
2026-02-26,0x3,Racing Club,Ind. Rivadavia,17:15,25.0,3,True,1,0.03958333333333333,0.9619238476953909,7
2026-02-26,0x3,Plzen,Panathinaikos,14:45,25.0,4,False,1,0.03958333333333333,0.9619238476953909,7
2026-02-26,0x3,Santos,Vasco,19:00,26.0,5,False,1,0.038,0.9633911368015414,7
2026-02-26,0x3,Lausanne,Sigma Olomouc,17:00,27.0,6,False,1,0.036538461538461534,0.9647495361781077,7
2026-02-26,0x3,Rijeka,Omonia,14:45,32.0,7,False,1,0.03064516129032258,0.9702660406885759,7
2026-02-27,0x3,Arda,Spartak Varna,07:45,14.0,1,True,1,0.07307692307692307,0.931899641577061,23
2026-02-27,0x3,Once Caldas,Chico,22:30,14.5,2,True,1,0.07037037037037036,0.9342560553633218,23
2026-02-27,0x3,Derry City,Waterford,16:45,15.5,3,True,1,0.06551724137931034,0.9385113268608415,23
2026-02-27,0x3,Cork City,Bray,16:45,17.0,4,False,1,0.059375,0.943952802359882,23
2026-02-27,0x3,Bnei Yehuda,Ironi Modiin,10:00,17.0,5,False,1,0.059375,0.943952802359882,23
2026-02-27,0x3,Sochaux,Villefranche,15:30,18.0,6,False,1,0.055882352941176466,0.947075208913649,23
2026-02-27,0x3,Monza,Entella,15:00,18.5,7,False,1,0.054285714285714284,0.948509485094851,23
2026-02-27,0x3,Machida,Chiba,07:00,21.0,8,False,1,0.0475,0.9546539379474941,23
2026-02-27,0x3,Alebrijes Oaxaca,Dorados de Sinaloa,20:00,21.0,9,False,1,0.0475,0.9546539379474941,23
2026-02-27,0x3,Vissel Kobe,Avispa Fukuoka,07:00,22.0,10,False,1,0.04523809523809524,0.9567198177676538,23
2026-02-27,0x3,Galway,Sligo Rovers,16:45,23.0,11,False,1,0.04318181818181818,0.9586056644880174,23
2026-02-27,0x3,Sampdoria,Bari,17:00,23.0,12,False,1,0.04318181818181818,0.9586056644880174,23
2026-02-27,0x3,U. Cluj,Otelul,15:00,24.0,13,False,1,0.041304347826086954,0.9603340292275574,23
2026-02-27,0x3,Queretaro,Santos Laguna,22:00,24.0,14,False,1,0.041304347826086954,0.9603340292275574,23
2026-02-27,0x3,Hobro,Koge,14:00,27.0,15,False,1,0.036538461538461534,0.9647495361781077,23
2026-02-27,0x3,Bregenz,A. Klagenfurt,14:00,29.0,16,False,1,0.033928571428571426,0.9671848013816926,23
2026-02-27,0x3,Stellenbosch,AmaZulu,14:30,29.0,17,False,1,0.033928571428571426,0.9671848013816926,23
2026-02-27,0x3,Gimnasia y Tiro,Almagro,22:00,29.0,18,False,1,0.033928571428571426,0.9671848013816926,23
2026-02-27,0x3,Slaven Belupo,Istra 1961,14:00,30.0,19,False,1,0.03275862068965517,0.9682804674457429,23
2026-02-27,0x3,Liefering,First Vienna,14:00,32.0,20,False,1,0.03064516129032258,0.9702660406885759,23
2026-02-27,0x3,Parma,Cagliari,16:45,32.0,21,False,1,0.03064516129032258,0.9702660406885759,23
2026-02-27,0x3,Kerry,Longford,16:45,32.0,22,False,1,0.03064516129032258,0.9702660406885759,23
2026-02-27,0x3,Versailles,Aubagne,15:30,34.0,23,False,1,0.028787878787878786,0.9720176730486008,23
2026-02-28,0x3,Partizan,OFK Beograd Mozzart Bet,14:35,15.5,1,True,1,0.06551724137931034,0.9385113268608415,41
2026-02-28,0x3,Independiente,Central Cordoba,20:00,16.5,2,True,1,0.06129032258064516,0.9422492401215806,41
2026-02-28,0x3,Dep. Tachira,Metropolitanos,21:30,18.0,3,True,1,0.055882352941176466,0.947075208913649,41
2026-02-28,0x3,Anderlecht,Leuven,16:45,19.0,4,False,1,0.05277777777777778,0.949868073878628,41
2026-02-28,0x3,Emelec,Delfin,21:00,19.5,5,False,1,0.05135135135135135,0.9511568123393317,41
2026-02-28,0x3,Vitoria Guimaraes,Alverca,17:30,19.5,6,False,1,0.05135135135135135,0.9511568123393317,41
2026-02-28,0x3,Falkirk,Kilmarnock,12:00,20.0,7,False,1,0.049999999999999996,0.9523809523809524,41
2026-02-28,0x3,Leiria,Portimonense,15:00,20.0,8,False,1,0.049999999999999996,0.9523809523809524,41
2026-02-28,0x3,Guingamp,Rodez,10:00,21.0,9,False,1,0.0475,0.9546539379474941,41
2026-02-28,0x3,Agropecuario,Nueva Chicago,20:30,21.0,10,False,1,0.0475,0.9546539379474941,41
2026-02-28,0x3,Universidad Central,Zamora,18:00,21.0,11,False,1,0.0475,0.9546539379474941,41
2026-02-28,0x3,St Johnstone,Ayr,12:00,22.0,12,False,1,0.04523809523809524,0.9567198177676538,41
2026-02-28,0x3,Podbrezova,Presov,11:30,22.0,13,False,1,0.04523809523809524,0.9567198177676538,41
2026-02-28,0x3,Botev Vratsa,Beroe,07:30,22.0,14,False,1,0.04523809523809524,0.9567198177676538,41
2026-02-28,0x3,Osijek,Vukovar 1991,11:00,23.0,15,False,1,0.04318181818181818,0.9586056644880174,41
2026-02-28,0x3,Neom SC,Al Kholood,16:00,23.0,16,False,1,0.04318181818181818,0.9586056644880174,41
2026-02-28,0x3,Aarhus Fremad,Middelfart,10:00,23.0,17,False,1,0.04318181818181818,0.9586056644880174,41
2026-02-28,0x3,Wycombe,Burton,12:00,23.0,18,False,1,0.04318181818181818,0.9586056644880174,41
2026-02-28,0x3,Carabobo,Caracas,19:30,24.0,19,False,1,0.041304347826086954,0.9603340292275574,41
2026-02-28,0x3,Dunfermline,Queen's Park,12:00,25.0,20,False,1,0.03958333333333333,0.9619238476953909,41
2026-02-28,0x3,Palestino,O'Higgins,20:29,25.0,21,False,1,0.03958333333333333,0.9619238476953909,41
2026-02-28,0x3,Rennes,Toulouse,13:00,25.0,22,False,1,0.03958333333333333,0.9619238476953909,41
2026-02-28,0x3,Limache,Huachipato,18:00,26.0,23,False,1,0.038,0.9633911368015414,41
2026-02-28,0x3,Auckland FC,Melbourne City,01:00,26.0,24,False,1,0.038,0.9633911368015414,41
2026-02-28,0x3,2 de Mayo,Sportivo Trinidense,20:30,28.0,25,False,1,0.03518518518518518,0.9660107334525939,41
2026-02-28,0x3,Gamba Osaka,Shimizu S-Pulse,03:00,29.0,26,False,1,0.033928571428571426,0.9671848013816926,41
2026-02-28,0x3,Atl. San Luis,Puebla,20:00,29.0,27,False,1,0.033928571428571426,0.9671848013816926,41
2026-02-28,0x3,Club Leon,Necaxa,22:07,29.0,28,False,1,0.033928571428571426,0.9671848013816926,41
2026-02-28,0x3,Atromitos,Panetolikos,14:30,29.0,29,False,1,0.033928571428571426,0.9671848013816926,41
2026-02-28,0x3,Slask Wroclaw,Chrobry Glogow,15:30,30.0,30,False,1,0.03275862068965517,0.9682804674457429,41
2026-02-28,0x3,Brisbane Roar,Perth Glory,04:00,30.0,31,False,1,0.03275862068965517,0.9682804674457429,41
2026-02-28,0x3,Juarez,Atlas,00:00,30.0,32,False,1,0.03275862068965517,0.9682804674457429,41
2026-02-28,0x3,Novi Pazar,TSC,09:00,30.0,33,False,1,0.03275862068965517,0.9682804674457429,41
2026-02-28,0x3,Servette,Sion,16:30,30.0,34,False,1,0.03275862068965517,0.9682804674457429,41
2026-02-28,0x3,Spartans,Annan,12:00,30.0,35,False,1,0.03275862068965517,0.9682804674457429,41
2026-02-28,0x3,FK Pardubice,Teplice,11:00,32.0,36,False,1,0.03064516129032258,0.9702660406885759,41
2026-02-28,0x3,Talleres Cordoba,San Lorenzo,22:15,32.0,37,False,1,0.03064516129032258,0.9702660406885759,41
2026-02-28,0x3,Toluca,Guadalajara Chivas,20:00,32.0,38,False,1,0.03064516129032258,0.9702660406885759,41
2026-02-28,0x3,Minnesota United,FC Cincinnati,18:30,32.0,39,False,1,0.03064516129032258,0.9702660406885759,41
2026-02-28,0x3,Mansfield,AFC Wimbledon,12:00,34.0,40,False,1,0.028787878787878786,0.9720176730486008,41
2026-02-28,0x3,B. Monchengladbach,Union Berlin,11:30,34.0,41,False,1,0.028787878787878786,0.9720176730486008,41
2026-03-01,0x3,Eibar,Cadiz CF,17:00,16.5,1,True,1,0.06129032258064516,0.9422492401215806,30
2026-03-01,0x3,Dep. Cali,Fortaleza,20:09,17.5,2,True,1,0.05757575757575757,0.9455587392550143,30
2026-03-01,0x3,Betis,Sevilla,14:30,18.0,3,True,1,0.055882352941176466,0.947075208913649,30
2026-03-01,0x3,Dep. Cuenca,Barcelona SC,19:00,19.0,4,False,1,0.05277777777777778,0.949868073878628,30
2026-03-01,0x3,Gimnasia Jujuy,Quilmes,17:00,19.0,5,False,1,0.05277777777777778,0.949868073878628,30
2026-03-01,0x3,Rijeka,Lok. Zagreb,11:00,20.0,6,False,1,0.049999999999999996,0.9523809523809524,30
2026-03-01,0x3,Panathinaikos,Aris,15:00,20.0,7,False,1,0.049999999999999996,0.9523809523809524,30
2026-03-01,0x3,Petrolul,Csikszereda M. Ciuc,10:45,20.0,8,False,1,0.049999999999999996,0.9523809523809524,30
2026-03-01,0x3,Cercle Brugge KSV,Dender,15:16,21.0,9,False,1,0.0475,0.9546539379474941,30
2026-03-01,0x3,Liverpool M.,Cerro Largo,09:45,22.0,10,False,1,0.04523809523809524,0.9567198177676538,30
2026-03-01,0x3,Austin FC,DC United,16:30,23.0,11,False,1,0.04318181818181818,0.9586056644880174,30
2026-03-01,0x3,Ternana,Campobasso,13:30,23.0,12,False,1,0.04318181818181818,0.9586056644880174,30
2026-03-01,0x3,Samsunspor,Gaziantep,14:00,23.0,13,False,1,0.04318181818181818,0.9586056644880174,30
2026-03-01,0x3,Pyramids,Zamalek,16:30,25.0,14,False,1,0.03958333333333333,0.9619238476953909,30
2026-03-01,0x3,Sigma Olomouc,Bohemians,14:30,26.0,15,False,1,0.038,0.9633911368015414,30
2026-03-01,0x3,Radnicki Nis,Javor,09:00,26.0,16,False,1,0.038,0.9633911368015414,30
2026-03-01,0x3,Marseille,Lyon,16:45,26.0,17,False,1,0.038,0.9633911368015414,30
2026-03-01,0x3,Tigre,Gimnasia L.P.,21:30,27.0,18,False,1,0.036538461538461534,0.9647495361781077,30
2026-03-01,0x3,San Martin T.,Deportivo Maipu,17:30,27.0,19,False,1,0.036538461538461534,0.9647495361781077,30
2026-03-01,0x3,U. De Concepcion,Everton,12:00,29.0,20,False,0,-1.0,0.9671848013816926,30
2026-03-01,0x3,Jagiellonia,Legia,10:45,29.0,21,False,1,0.033928571428571426,0.9671848013816926,30
2026-03-01,0x3,Brighton,Nottingham,11:00,29.0,22,False,1,0.033928571428571426,0.9671848013816926,30
2026-03-01,0x3,Defensa y Justicia,Lanus,21:30,30.0,23,False,1,0.03275862068965517,0.9682804674457429,30
2026-03-01,0x3,Philadelphia Union,New York City,18:30,30.0,24,False,1,0.03275862068965517,0.9682804674457429,30
2026-03-01,0x3,Genclerbirligi,Kayserispor,10:00,32.0,25,False,1,0.03064516129032258,0.9702660406885759,30
2026-03-01,0x3,Haverfordwest,Flint,11:30,32.0,26,False,1,0.03064516129032258,0.9702660406885759,30
2026-03-01,0x3,Utrecht,AZ Alkmaar,12:45,32.0,27,False,1,0.03064516129032258,0.9702660406885759,30
2026-03-01,0x3,SC Farense,Lusitania FC,08:00,34.0,28,False,1,0.028787878787878786,0.9720176730486008,30
2026-03-01,0x3,Comerciantes Unidos,Grau,15:00,34.0,29,False,1,0.028787878787878786,0.9720176730486008,30
2026-03-01,0x3,Aguilas,Inter Bogotá,18:00,34.0,30,False,1,0.028787878787878786,0.9720176730486008,30
2026-03-02,0x3,Maldonado,Juventud,20:00,16.0,1,True,1,0.06333333333333332,0.9404388714733543,8
2026-03-02,0x3,St. Patricks,Galway,16:45,17.5,2,True,1,0.05757575757575757,0.9455587392550143,8
2026-03-02,0x3,Daejeon,Anyang,02:00,21.0,3,True,1,0.0475,0.9546539379474941,8
2026-03-02,0x3,Atletico Atlanta,Patronato,21:00,21.0,4,False,1,0.0475,0.9546539379474941,8
2026-03-02,0x3,Gijon,Leganes,16:00,23.0,5,False,1,0.04318181818181818,0.9586056644880174,8
2026-03-02,0x3,Omonia,Apollon,14:00,26.0,6,False,1,0.038,0.9633911368015414,8
2026-03-02,0x3,Al Ittihad,Ghazl El Mahallah,16:30,28.0,7,False,1,0.03518518518518518,0.9660107334525939,8
2026-03-02,0x3,Banfield,Aldosivi,21:30,28.0,8,False,1,0.03518518518518518,0.9660107334525939,8
2026-03-03,0x3,Botev Plovdiv,Septemvri Sofia,13:30,14.0,1,True,1,0.07307692307692307,0.931899641577061,12
2026-03-03,0x3,Everton,Burnley,16:30,15.5,2,True,1,0.06551724137931034,0.9385113268608415,12
2026-03-03,0x3,L.R. Vicenza,Trento,16:30,16.0,3,True,1,0.06333333333333332,0.9404388714733543,12
2026-03-03,0x3,Leeds,Sunderland,16:30,19.5,4,False,1,0.05135135135135135,0.9511568123393317,12
2026-03-03,0x3,Sarmiento Junin,Estudiantes Rio Cuarto,19:00,21.0,5,False,1,0.0475,0.9546539379474941,12
2026-03-03,0x3,VfL Osnabruck,Viktoria Koln,15:00,24.0,6,False,1,0.041304347826086954,0.9603340292275574,12
2026-03-03,0x3,TS Galaxy,Orbit College,14:30,25.0,7,False,1,0.03958333333333333,0.9619238476953909,12
2026-03-03,0x3,Ospitaletto,Pro Patria,14:00,25.0,8,False,1,0.03958333333333333,0.9619238476953909,12
2026-03-03,0x3,Triestina,Dolomiti Bellunesi,16:30,25.0,9,False,1,0.03958333333333333,0.9619238476953909,12
2026-03-03,0x3,Boston Utd,Woking,16:45,25.0,10,False,1,0.03958333333333333,0.9619238476953909,12
2026-03-03,0x3,Montrose,Kelty Hearts,16:45,28.0,11,False,1,0.03518518518518518,0.9660107334525939,12
2026-03-03,0x3,Exeter,Burton,16:45,34.0,12,False,1,0.028787878787878786,0.9720176730486008,12
2026-03-04,0x3,Atl. San Luis,Mazatlan FC,00:00,17.5,1,True,1,0.05757575757575757,0.9455587392550143,10
2026-03-04,0x3,Arezzo,Ternana,16:30,19.0,2,True,1,0.05277777777777778,0.949868073878628,10
2026-03-04,0x3,Marseille,Toulouse,17:00,20.0,3,True,1,0.049999999999999996,0.9523809523809524,10
2026-03-04,0x3,Gubbio,Carpi,14:00,23.0,4,False,1,0.04318181818181818,0.9586056644880174,10
2026-03-04,0x3,Lorient,Nice,16:30,27.0,5,False,1,0.036538461538461534,0.9647495361781077,10
2026-03-04,0x3,Lugano,Sion,16:30,28.0,6,False,1,0.03518518518518518,0.9660107334525939,10
2026-03-04,0x3,Torres,Guidonia,16:30,29.0,7,False,1,0.033928571428571426,0.9671848013816926,10
2026-03-04,0x3,Chippa Utd.,Marumo Gallants,14:30,30.0,8,False,1,0.03275862068965517,0.9682804674457429,10
2026-03-04,0x3,Ravenna,Pianese,16:30,32.0,9,False,1,0.03064516129032258,0.9702660406885759,10
2026-03-04,0x3,Carrarese,Catanzaro,15:00,34.0,10,False,1,0.028787878787878786,0.9720176730486008,10
2026-03-05,0x3,Junior,Alianza,22:20,14.5,1,True,1,0.07037037037037036,0.9342560553633218,10
2026-03-05,0x3,Club America,Juarez,00:00,17.5,2,True,1,0.05757575757575757,0.9455587392550143,10
2026-03-05,0x3,Lok. Sofia,Dobrudzha,08:15,18.0,3,True,1,0.055882352941176466,0.947075208913649,10
2026-03-05,0x3,Audace Cerignola,Trapani,16:30,18.5,4,False,1,0.054285714285714284,0.948509485094851,10
2026-03-05,0x3,Radomiak Radom,Arka Gdynia,16:30,19.5,5,False,1,0.05135135135135135,0.9511568123393317,10
2026-03-05,0x3,Ludogorets,Levski Sofia,13:30,27.0,6,False,1,0.036538461538461534,0.9647495361781077,10
2026-03-05,0x3,Atlas,Club Tijuana,00:00,28.0,7,False,1,0.03518518518518518,0.9660107334525939,10
2026-03-05,0x3,Damac,Al Riyadh,16:00,32.0,8,False,1,0.03064516129032258,0.9702660406885759,10
2026-03-05,0x3,Casarano,Siracusa,14:00,32.0,9,False,1,0.03064516129032258,0.9702660406885759,10
2026-03-05,0x3,Tottenham,Crystal Palace,17:00,34.0,10,False,1,0.028787878787878786,0.9720176730486008,10
2026-03-06,0x3,Napoli,Torino,16:45,14.0,1,True,1,0.07307692307692307,0.931899641577061,23
2026-03-06,0x3,Floridsdorfer AC,Sturm Graz II,14:00,16.0,2,True,1,0.06333333333333332,0.9404388714733543,23
2026-03-06,0x3,Al Masry,El Ismaily,16:30,16.5,3,True,1,0.06129032258064516,0.9422492401215806,23
2026-03-06,0x3,Slavia Sofia,Spartak Varna,13:00,16.5,4,False,1,0.06129032258064516,0.9422492401215806,23
2026-03-06,0x3,Grau,FC Cajamarca,17:30,17.5,5,False,1,0.05757575757575757,0.9455587392550143,23
2026-03-06,0x3,Amstetten,A. Salzburg,14:00,19.5,6,False,1,0.05135135135135135,0.9511568123393317,23
2026-03-06,0x3,Zamalek,Al Ittihad,16:30,21.0,7,False,1,0.0475,0.9546539379474941,23
2026-03-06,0x3,Famalicao,Arouca,17:15,21.0,8,False,1,0.0475,0.9546539379474941,23
2026-03-06,0x3,Falkirk,Dundee Utd,16:45,21.0,9,False,1,0.0475,0.9546539379474941,23
2026-03-06,0x3,Schalke,Arminia Bielefeld,14:30,23.0,10,False,1,0.04318181818181818,0.9586056644880174,23
2026-03-06,0x3,Rodez,Grenoble,16:00,24.0,11,False,1,0.041304347826086954,0.9603340292275574,23
2026-03-06,0x3,Kolding IF,Hobro,15:00,24.0,12,False,1,0.041304347826086954,0.9603340292275574,23
2026-03-06,0x3,Sariyer,Umraniyespor,10:00,26.0,13,False,1,0.038,0.9633911368015414,23
2026-03-06,0x3,Boulogne,Amiens,16:00,28.0,14,False,1,0.03518518518518518,0.9660107334525939,23
2026-03-06,0x3,Velez Mostar,Posusje,14:00,28.0,15,False,1,0.03518518518518518,0.9660107334525939,23
2026-03-06,0x3,Pendikspor,Vanspor FK,14:00,29.0,16,False,1,0.033928571428571426,0.9671848013816926,23
2026-03-06,0x3,Preston,Oxford Utd,17:00,29.0,17,False,1,0.033928571428571426,0.9671848013816926,23
2026-03-06,0x3,Delfin,Guayaquil City,21:30,29.0,18,False,1,0.033928571428571426,0.9671848013816926,23
2026-03-06,0x3,Caen,Chateauroux,15:30,30.0,19,False,1,0.03275862068965517,0.9682804674457429,23
2026-03-06,0x3,Al Taawon,Al Fateh,16:00,30.0,20,False,1,0.03275862068965517,0.9682804674457429,23
2026-03-06,0x3,Tapatio,Cancun,20:00,30.0,21,False,1,0.03275862068965517,0.9682804674457429,23
2026-03-06,0x3,A. Lustenau,First Vienna,14:00,32.0,22,False,0,-1.0,0.9702660406885759,23
2026-03-06,0x3,Treaty United,Kerry,16:45,32.0,23,False,1,0.03064516129032258,0.9702660406885759,23
2026-03-07,0x3,Atalanta,Udinese,14:00,15.5,1,True,1,0.06551724137931034,0.9385113268608415,28
2026-03-07,0x3,Royale Union SG,Genk,16:45,16.0,2,True,1,0.06333333333333332,0.9404388714733543,28
2026-03-07,0x3,FCSB,U. Cluj,15:00,16.5,3,True,1,0.06129032258064516,0.9422492401215806,28
2026-03-07,0x3,Bandirmaspor,Istanbulspor AS,10:00,17.0,4,False,1,0.059375,0.943952802359882,28
2026-03-07,0x3,Osasuna,Mallorca,10:00,18.5,5,False,1,0.054285714285714284,0.948509485094851,28
2026-03-07,0x3,St Etienne,Red Star,16:00,18.5,6,False,1,0.054285714285714284,0.948509485094851,28
2026-03-07,0x3,Alloa,Kelty Hearts,12:00,19.0,7,False,1,0.05277777777777778,0.949868073878628,28
2026-03-07,0x3,Luton,Reading,12:00,20.0,8,False,1,0.049999999999999996,0.9523809523809524,28
2026-03-07,0x3,Estoril,Casa Pia,17:30,20.0,9,False,1,0.049999999999999996,0.9523809523809524,28
2026-03-07,0x3,Pachuca,Puebla,22:06,22.0,10,False,1,0.04523809523809524,0.9567198177676538,28
2026-03-07,0x3,Bolton,Wycombe,12:00,23.0,11,False,1,0.04318181818181818,0.9586056644880174,28
2026-03-07,0x3,Aris,Atromitos,12:00,23.0,12,False,1,0.04318181818181818,0.9586056644880174,28
2026-03-07,0x3,Bradford City,Leyton Orient,12:00,24.0,13,False,1,0.041304347826086954,0.9603340292275574,28
2026-03-07,0x3,Piast Gliwice,Zaglebie,13:30,25.0,14,False,1,0.03958333333333333,0.9619238476953909,28
2026-03-07,0x3,Wil,Bellinzona,14:00,25.0,15,False,1,0.03958333333333333,0.9619238476953909,28
2026-03-07,0x3,Basaksehir,Goztepe,10:00,25.0,16,False,1,0.03958333333333333,0.9619238476953909,28
2026-03-07,0x3,Charlotte,Austin FC,21:40,25.0,17,False,1,0.03958333333333333,0.9619238476953909,28
2026-03-07,0x3,Slovacko,Mlada Boleslav,11:00,26.0,18,False,1,0.038,0.9633911368015414,28
2026-03-07,0x3,Lok. Zagreb,Varazdin,13:15,26.0,19,False,1,0.038,0.9633911368015414,28
2026-03-07,0x3,Cardiff,Lincoln,09:30,28.0,20,False,1,0.03518518518518518,0.9660107334525939,28
2026-03-07,0x3,Arbroath,Ross County,12:00,29.0,21,False,1,0.033928571428571426,0.9671848013816926,28
2026-03-07,0x3,Atlanta Utd,Real Salt Lake,21:40,29.0,22,False,1,0.033928571428571426,0.9671848013816926,28
2026-03-07,0x3,Cusco,Deportivo Garcilaso,21:00,30.0,23,False,1,0.03275862068965517,0.9682804674457429,28
2026-03-07,0x3,Zilina,Trnava,14:00,32.0,24,False,1,0.03064516129032258,0.9702660406885759,28
2026-03-07,0x3,Widzew Lodz,Lech Poznan,16:15,32.0,25,False,1,0.03064516129032258,0.9702660406885759,28
2026-03-07,0x3,San Antonio,Phoenix Rising,22:30,32.0,26,False,1,0.03064516129032258,0.9702660406885759,28
2026-03-07,0x3,Nantes,Angers,13:00,34.0,27,False,1,0.028787878787878786,0.9720176730486008,28
2026-03-07,0x3,Gorica,Slaven Belupo,11:00,34.0,28,False,1,0.028787878787878786,0.9720176730486008,28
2026-03-08,0x3,Palestino,Cobresal,20:30,14.0,1,True,1,0.07307692307692307,0.931899641577061,51
2026-03-08,0x3,Lille,Lorient,13:15,14.0,2,True,1,0.07307692307692307,0.931899641577061,51
2026-03-08,0x3,FC Arges,Unirea Slobozia,12:00,14.5,3,True,1,0.07037037037037036,0.9342560553633218,51
2026-03-08,0x3,Maritimo,FC Porto B,12:30,14.5,4,False,1,0.07037037037037036,0.9342560553633218,51
2026-03-08,0x3,Asteras Tripolis,Panserraikos,11:00,15.0,5,False,1,0.06785714285714285,0.9364548494983278,51
2026-03-08,0x3,Las Palmas,Ceuta,10:00,16.0,6,False,1,0.06333333333333332,0.9404388714733543,51
2026-03-08,0x3,Bologna,Verona,11:00,16.0,7,False,1,0.06333333333333332,0.9404388714733543,51
2026-03-08,0x3,Apollon,AEL Limassol,11:00,16.5,8,False,1,0.06129032258064516,0.9422492401215806,51
2026-03-08,0x3,APOEL,Anorthosis,12:00,18.5,9,False,1,0.054285714285714284,0.948509485094851,51
2026-03-08,0x3,Fiorentina,Parma,11:00,18.5,10,False,1,0.054285714285714284,0.948509485094851,51
2026-03-08,0x3,Lyon,Paris FC,16:45,19.0,11,False,1,0.05277777777777778,0.949868073878628,51
2026-03-08,0x3,Salernitana,Latina,10:30,19.5,12,False,1,0.05135135135135135,0.9511568123393317,51
2026-03-08,0x3,Ternana,Gubbio,16:30,19.5,13,False,1,0.05135135135135135,0.9511568123393317,51
2026-03-08,0x3,Konyaspor,Kasimpasa,10:00,21.0,14,False,1,0.0475,0.9546539379474941,51
2026-03-08,0x3,Cavese,Picerno,16:30,21.0,15,False,1,0.0475,0.9546539379474941,51
2026-03-08,0x3,Legia,Cracovia,16:15,21.0,16,False,1,0.0475,0.9546539379474941,51
2026-03-08,0x3,Waregem,St. Liege,14:30,21.0,17,False,1,0.0475,0.9546539379474941,51
2026-03-08,0x3,Slavia Prague,Sparta Prague,14:30,22.0,18,False,1,0.04523809523809524,0.9567198177676538,51
2026-03-08,0x3,Tigres UANL,Monterrey,00:00,22.0,19,False,1,0.04523809523809524,0.9567198177676538,51
2026-03-08,0x3,Cosenza,Altamura,10:30,22.0,20,False,1,0.04523809523809524,0.9567198177676538,51
2026-03-08,0x3,Frosinone,Sampdoria,11:00,22.0,21,False,1,0.04523809523809524,0.9567198177676538,51
2026-03-08,0x3,Dep. La Coruna,Granada CF,17:00,22.0,22,False,1,0.04523809523809524,0.9567198177676538,51
2026-03-08,0x3,Brest,Le Havre,13:15,23.0,23,False,1,0.04318181818181818,0.9586056644880174,51
2026-03-08,0x3,Ostrava,Zlin,09:00,23.0,24,False,1,0.04318181818181818,0.9586056644880174,51
2026-03-08,0x3,AFC Wimbledon,Northampton,09:00,23.0,25,False,1,0.04318181818181818,0.9586056644880174,51
2026-03-08,0x3,CSKA 1948 Sofia,Botev Plovdiv,10:15,24.0,26,False,1,0.041304347826086954,0.9603340292275574,51
2026-03-08,0x3,Olympiacos Piraeus,PAOK,16:00,25.0,27,False,1,0.03958333333333333,0.9619238476953909,51
2026-03-08,0x3,Monagas,Trujillanos,20:30,25.0,28,False,1,0.03958333333333333,0.9619238476953909,51
2026-03-08,0x3,Dobrudzha,Beroe,07:45,26.0,29,False,1,0.038,0.9633911368015414,51
2026-03-08,0x3,Racing Montevideo,CA Cerro,09:45,26.0,30,False,1,0.038,0.9633911368015414,51
2026-03-08,0x3,Defensor Sp.,Central Esp.,20:00,26.0,31,False,1,0.038,0.9633911368015414,51
2026-03-08,0x3,Benfica,FC Porto,15:00,26.0,32,False,1,0.038,0.9633911368015414,51
2026-03-08,0x3,Aucas,Dep. Cuenca,13:00,27.0,33,False,1,0.036538461538461534,0.9647495361781077,51
2026-03-08,0x3,Komarno,Ruzomberok,11:30,29.0,34,False,1,0.033928571428571426,0.9671848013816926,51
2026-03-08,0x3,Valencia,Alaves,17:00,29.0,35,False,1,0.033928571428571426,0.9671848013816926,51
2026-03-08,0x3,Gaziantep,Karagumruk,07:30,29.0,36,False,1,0.033928571428571426,0.9671848013816926,51
2026-03-08,0x3,Macara,Tecnico U.,15:30,29.0,37,False,1,0.033928571428571426,0.9671848013816926,51
2026-03-08,0x3,Pescara,Bari,15:30,30.0,38,False,1,0.03275862068965517,0.9682804674457429,51
2026-03-08,0x3,Duisburg,Saarbrucken,12:30,30.0,39,False,1,0.03275862068965517,0.9682804674457429,51
2026-03-08,0x3,Metropolitanos,Portuguesa,18:30,32.0,40,False,1,0.03064516129032258,0.9702660406885759,51
2026-03-08,0x3,Orange County SC,Las Vegas Lights,00:00,32.0,41,False,1,0.03064516129032258,0.9702660406885759,51
2026-03-08,0x3,Lecce,Cremonese,08:30,32.0,42,False,1,0.03064516129032258,0.9702660406885759,51
2026-03-08,0x3,Volos,OFI Crete,12:00,32.0,43,False,1,0.03064516129032258,0.9702660406885759,51
2026-03-08,0x3,Sturm Graz,Altach,13:00,32.0,44,False,1,0.03064516129032258,0.9702660406885759,51
2026-03-08,0x3,Sacramento Republic,FC Tulsa,00:00,32.0,45,False,1,0.03064516129032258,0.9702660406885759,51
2026-03-08,0x3,Radnik,Radnicki Nis,10:00,32.0,46,False,1,0.03064516129032258,0.9702660406885759,51
2026-03-08,0x3,Catanzaro,Empoli,11:00,32.0,47,False,1,0.03064516129032258,0.9702660406885759,51
2026-03-08,0x3,Juventus U23,Vis Pesaro,08:30,34.0,48,False,1,0.028787878787878786,0.9720176730486008,51
2026-03-08,0x3,Andorra,Gijon,12:15,34.0,49,False,1,0.028787878787878786,0.9720176730486008,51
2026-03-08,0x3,Anyang,Jeju SK,04:30,34.0,50,False,1,0.028787878787878786,0.9720176730486008,51
2026-03-08,0x3,Union Berlin,Werder Bremen,13:30,34.0,51,False,1,0.028787878787878786,0.9720176730486008,51
2026-03-09,0x3,U. De Chile,U. De Concepcion,20:00,14.0,1,True,1,0.07307692307692307,0.931899641577061,10
2026-03-09,0x3,CSKA Sofia II,Pirin Blagoevgrad,10:30,18.0,2,True,1,0.055882352941176466,0.947075208913649,10
2026-03-09,0x3,Perugia,Pontedera,16:30,18.5,3,True,1,0.054285714285714284,0.948509485094851,10
2026-03-09,0x3,Orense,Manta,21:30,19.0,4,False,1,0.05277777777777778,0.949868073878628,10
2026-03-09,0x3,Ascoli,Ravenna,16:30,23.0,5,False,1,0.04318181818181818,0.9586056644880174,10
2026-03-09,0x3,Wisla Plock,Arka Gdynia,15:00,23.0,6,False,0,-1.0,0.9586056644880174,10
2026-03-09,0x3,Llaneros,Jaguares de Cordoba,18:00,24.0,7,False,1,0.041304347826086954,0.9603340292275574,10
2026-03-09,0x3,Alanyaspor,Genclerbirligi,14:00,25.0,8,False,1,0.03958333333333333,0.9619238476953909,10
2026-03-09,0x3,Tondela,Rio Ave,17:15,28.0,9,False,1,0.03518518518518518,0.9660107334525939,10
2026-03-09,0x3,Lazio,Sassuolo,16:45,32.0,10,False,1,0.03064516129032258,0.9702660406885759,10
2026-03-10,0x3,Floridsdorfer AC,Bregenz,14:30,16.5,1,True,1,0.06129032258064516,0.9422492401215806,8
2026-03-10,0x3,Mirassol,Santos,21:30,18.0,2,True,1,0.055882352941176466,0.947075208913649,8
2026-03-10,0x3,Stevenage,Leyton Orient,16:45,21.0,3,True,1,0.0475,0.9546539379474941,8
2026-03-10,0x3,Ayr,Queen's Park,16:45,21.0,4,False,1,0.0475,0.9546539379474941,8
2026-03-10,0x3,Millwall,Derby,16:45,25.0,5,False,1,0.03958333333333333,0.9619238476953909,8
2026-03-10,0x3,Mansfield,Reading,16:45,30.0,6,False,1,0.03275862068965517,0.9682804674457429,8
2026-03-10,0x3,Independiente,Union de Santa Fe,19:45,30.0,7,False,1,0.03275862068965517,0.9682804674457429,8
2026-03-10,0x3,Leicester,Bristol City,16:45,34.0,8,False,1,0.028787878787878786,0.9720176730486008,8
2026-03-11,0x3,Corinthians,Coritiba,21:30,16.5,1,True,1,0.06129032258064516,0.9422492401215806,9
2026-03-11,0x3,Bahia,Vitoria,20:00,17.0,2,True,1,0.059375,0.943952802359882,9
2026-03-11,0x3,Birmingham,QPR,16:45,18.0,3,True,1,0.055882352941176466,0.947075208913649,9
2026-03-11,0x3,Boca Juniors,San Lorenzo,19:45,20.0,4,False,1,0.049999999999999996,0.9523809523809524,9
2026-03-11,0x3,Atl. Tucuman,Aldosivi,22:00,24.0,5,False,1,0.041304347826086954,0.9603340292275574,9
2026-03-11,0x3,Argentinos Jrs,Rosario Central,17:30,25.0,6,False,1,0.03958333333333333,0.9619238476953909,9
2026-03-11,0x3,Atletico-MG,Internacional,19:00,30.0,7,False,1,0.03275862068965517,0.9682804674457429,9
2026-03-11,0x3,Volta Redonda,America RN,19:30,32.0,8,False,1,0.03064516129032258,0.9702660406885759,9
2026-03-11,0x3,Banfield,Gimnasia L.P.,17:30,34.0,9,False,1,0.028787878787878786,0.9720176730486008,9
2026-03-12,0x3,Celta Vigo,Lyon,17:00,23.0,1,True,1,0.04318181818181818,0.9586056644880174,5
2026-03-12,0x3,Defensa y Justicia,Central Cordoba,17:00,24.0,2,True,1,0.041304347826086954,0.9603340292275574,5
2026-03-12,0x3,Dep. Riestra,Gimnasia Mendoza,17:00,28.0,3,True,1,0.03518518518518518,0.9660107334525939,5
2026-03-12,0x3,Gremio,Bragantino,21:30,30.0,4,False,1,0.03275862068965517,0.9682804674457429,5
2026-03-12,0x3,Talleres Cordoba,Instituto,19:15,34.0,5,False,1,0.028787878787878786,0.9720176730486008,5
2026-03-13,0x3,Dijon,Aubagne,15:30,14.5,1,True,1,0.07037037037037036,0.9342560553633218,31
2026-03-13,0x3,Nacional,Wanderers,20:00,14.5,2,True,1,0.07037037037037036,0.9342560553633218,31
2026-03-13,0x3,Bohemians,Galway,16:45,15.0,3,True,1,0.06785714285714285,0.9364548494983278,31
2026-03-13,0x3,Rouen,Stade Briochin,15:30,15.0,4,False,1,0.06785714285714285,0.9364548494983278,31
2026-03-13,0x3,St. Patricks,Drogheda,16:45,15.5,5,False,1,0.06551724137931034,0.9385113268608415,31
2026-03-13,0x3,Univ. Craiova,FC Arges,15:30,16.0,6,False,1,0.06333333333333332,0.9404388714733543,31
2026-03-13,0x3,Orleans,Paris 13 Atl.,15:30,16.5,7,False,1,0.06129032258064516,0.9422492401215806,31
2026-03-13,0x3,Versailles,Bourg en Bresse,15:30,17.5,8,False,1,0.05757575757575757,0.9455587392550143,31
2026-03-13,0x3,Modena,Spezia,16:30,18.0,9,False,1,0.055882352941176466,0.947075208913649,31
2026-03-13,0x3,Lok. Plovdiv,Septemvri Sofia,11:45,19.5,10,False,1,0.05135135135135135,0.9511568123393317,31
2026-03-13,0x3,Dundalk,Waterford,16:45,20.0,11,False,1,0.049999999999999996,0.9523809523809524,31
2026-03-13,0x3,Montpellier,Laval,16:00,20.0,12,False,1,0.049999999999999996,0.9523809523809524,31
2026-03-13,0x3,Sp. Luqueno,San Lorenzo,18:30,22.0,13,False,1,0.04523809523809524,0.9567198177676538,31
2026-03-13,0x3,B. Monchengladbach,St. Pauli,16:30,23.0,14,False,1,0.04318181818181818,0.9586056644880174,31
2026-03-13,0x3,FC Cajamarca,Comerciantes Unidos,17:00,26.0,15,False,1,0.038,0.9633911368015414,31
2026-03-13,0x3,Lok. Sofia,Slavia Sofia,14:00,26.0,16,False,1,0.038,0.9633911368015414,31
2026-03-13,0x3,Varazdin,Vukovar 1991,14:00,27.0,17,False,1,0.036538461538461534,0.9647495361781077,31
2026-03-13,0x3,Stellenbosch,TS Galaxy,14:30,28.0,18,False,1,0.03518518518518518,0.9660107334525939,31
2026-03-13,0x3,Tecnico U.,Libertad,18:30,29.0,19,False,1,0.033928571428571426,0.9671848013816926,31
2026-03-13,0x3,Bastia,Boulogne,16:00,29.0,20,False,1,0.033928571428571426,0.9671848013816926,31
2026-03-13,0x3,Puebla,Necaxa,22:00,29.0,21,False,1,0.033928571428571426,0.9671848013816926,31
2026-03-13,0x3,Finn Harps,Treaty United,16:45,30.0,22,False,1,0.03275862068965517,0.9682804674457429,31
2026-03-13,0x3,Derry City,Shelbourne,16:45,30.0,23,False,1,0.03275862068965517,0.9682804674457429,31
2026-03-13,0x3,Torino,Parma,16:45,30.0,24,False,1,0.03275862068965517,0.9682804674457429,31
2026-03-13,0x3,La Guaira,Puerto Cabello,20:00,32.0,25,False,1,0.03064516129032258,0.9702660406885759,31
2026-03-13,0x3,Sochaux,Concarneau,15:30,32.0,26,False,1,0.03064516129032258,0.9702660406885759,31
2026-03-13,0x3,Le Puy-en-Velay,Caen,15:30,32.0,27,False,1,0.03064516129032258,0.9702660406885759,31
2026-03-13,0x3,Mirandes,Cadiz CF,16:30,32.0,28,False,1,0.03064516129032258,0.9702660406885759,31
2026-03-13,0x3,Estudiantes L.P.,Lanus,20:00,32.0,29,False,1,0.03064516129032258,0.9702660406885759,31
2026-03-13,0x3,UTA Arad,FC Hermannstadt,12:30,34.0,30,False,1,0.028787878787878786,0.9720176730486008,31
2026-03-13,0x3,Wrexham,Swansea,17:00,34.0,31,False,1,0.028787878787878786,0.9720176730486008,31
2026-03-14,0x3,St Johnstone,Ross County,12:00,14.0,1,True,1,0.07307692307692307,0.931899641577061,53
2026-03-14,0x3,Santa Fe,Alianza,22:30,14.0,2,True,1,0.07307692307692307,0.931899641577061,53
2026-03-14,0x3,U. Catolica,Everton,20:30,14.5,3,True,1,0.07037037037037036,0.9342560553633218,53
2026-03-14,0x3,Rosario Central,Banfield,21:00,14.5,4,False,1,0.07037037037037036,0.9342560553633218,53
2026-03-14,0x3,Atl. Madrid,Getafe,12:15,15.5,5,False,1,0.06551724137931034,0.9385113268608415,53
2026-03-14,0x3,Chindia Targoviste,Metalul Buzau,07:30,16.5,6,False,1,0.06129032258064516,0.9422492401215806,53
2026-03-14,0x3,Norwich,Preston,12:00,17.0,7,False,1,0.059375,0.943952802359882,53
2026-03-14,0x3,Pendikspor,Istanbulspor AS,14:00,17.5,8,False,1,0.05757575757575757,0.9455587392550143,53
2026-03-14,0x3,Gil Vicente,Alverca,15:00,17.5,9,False,1,0.05757575757575757,0.9455587392550143,53
2026-03-14,0x3,Cerro Porteno,Sportivo Trinidense,20:30,17.5,10,False,1,0.05757575757575757,0.9455587392550143,53
2026-03-14,0x3,Ind. del Valle,Aucas,16:00,17.5,11,False,1,0.05757575757575757,0.9455587392550143,53
2026-03-14,0x3,Real Salt Lake,Austin FC,22:40,18.5,12,False,1,0.054285714285714284,0.948509485094851,53
2026-03-14,0x3,Botev Plovdiv,Botev Vratsa,10:15,18.5,13,False,1,0.054285714285714284,0.948509485094851,53
2026-03-14,0x3,Radnicki Nis,Sp. Subotica,10:00,19.5,14,False,1,0.05135135135135135,0.9511568123393317,53
2026-03-14,0x3,Ludogorets,CSKA Sofia,12:45,20.0,15,False,1,0.049999999999999996,0.9523809523809524,53
2026-03-14,0x3,Deportivo Moron,Chaco For Ever,16:00,21.0,16,False,1,0.0475,0.9546539379474941,53
2026-03-14,0x3,Lincoln,Stockport County,09:30,22.0,17,False,1,0.04523809523809524,0.9567198177676538,53
2026-03-14,0x3,Doncaster,Blackpool,12:00,22.0,18,False,1,0.04523809523809524,0.9567198177676538,53
2026-03-14,0x3,Cracovia,Wisla Plock,16:15,22.0,19,False,1,0.04523809523809524,0.9567198177676538,53
2026-03-14,0x3,Academico Viseu,Leixoes,08:00,24.0,20,False,1,0.041304347826086954,0.9603340292275574,53
2026-03-14,0x3,Universidad Central,Estudiantes Merida,18:30,24.0,21,False,1,0.041304347826086954,0.9603340292275574,53
2026-03-14,0x3,Leicester,QPR,12:00,24.0,22,False,1,0.041304347826086954,0.9603340292275574,53
2026-03-14,0x3,San Miguel,San Telmo,16:00,25.0,23,False,1,0.03958333333333333,0.9619238476953909,53
2026-03-14,0x3,Godoy Cruz,Ferro,18:00,25.0,24,False,1,0.03958333333333333,0.9619238476953909,53
2026-03-14,0x3,Ried,Tirol,13:00,25.0,25,False,1,0.03958333333333333,0.9619238476953909,53
2026-03-14,0x3,Boston Utd,Yeovil,12:00,25.0,26,False,1,0.03958333333333333,0.9619238476953909,53
2026-03-14,0x3,Monagas,Anzoategui FC,20:30,25.0,27,False,1,0.03958333333333333,0.9619238476953909,53
2026-03-14,0x3,Juan Pablo II,Los Chankas,17:15,26.0,28,False,1,0.038,0.9633911368015414,53
2026-03-14,0x3,Wycombe,Luton,12:00,26.0,29,False,1,0.038,0.9633911368015414,53
2026-03-14,0x3,Magallanes,Deportes Temuco,18:00,26.0,30,False,1,0.038,0.9633911368015414,53
2026-03-14,0x3,Valladolid,Leganes,14:30,26.0,31,False,1,0.038,0.9633911368015414,53
2026-03-14,0x3,Pontedera,Guidonia,13:30,27.0,32,False,1,0.036538461538461534,0.9647495361781077,53
2026-03-14,0x3,Saarbrucken,Regensburg,10:00,28.0,33,False,1,0.03518518518518518,0.9660107334525939,53
2026-03-14,0x3,Ruch Chorzow,Stal Mielec,15:30,28.0,34,False,1,0.03518518518518518,0.9660107334525939,53
2026-03-14,0x3,Portuguesa,Caracas,19:30,29.0,35,False,1,0.033928571428571426,0.9671848013816926,53
2026-03-14,0x3,Birmingham,Sheffield Utd,12:00,29.0,36,False,1,0.033928571428571426,0.9671848013816926,53
2026-03-14,0x3,Otelul,Csikszereda M. Ciuc,13:15,30.0,37,False,1,0.03275862068965517,0.9682804674457429,53
2026-03-14,0x3,AEL Larissa,Asteras Tripolis,15:00,30.0,38,False,1,0.03275862068965517,0.9682804674457429,53
2026-03-14,0x3,Hansa Rostock,Duisburg,10:00,30.0,39,False,1,0.03275862068965517,0.9682804674457429,53
2026-03-14,0x3,Empoli,Mantova,11:00,30.0,40,False,1,0.03275862068965517,0.9682804674457429,53
2026-03-14,0x3,Osijek,Gorica,11:00,32.0,41,False,1,0.03064516129032258,0.9702660406885759,53
2026-03-14,0x3,Holstein Kiel,Nurnberg,09:00,32.0,42,False,1,0.03064516129032258,0.9702660406885759,53
2026-03-14,0x3,Coquimbo,U. De Chile,18:00,32.0,43,False,1,0.03064516129032258,0.9702660406885759,53
2026-03-14,0x3,Monza,Palermo,13:17,32.0,44,False,1,0.03064516129032258,0.9702660406885759,53
2026-03-14,0x3,West Brom,Hull,12:00,32.0,45,False,1,0.03064516129032258,0.9702660406885759,53
2026-03-14,0x3,Goztepe,Alanyaspor,14:00,32.0,46,False,1,0.03064516129032258,0.9702660406885759,53
2026-03-14,0x3,Stevenage,AFC Wimbledon,12:00,32.0,47,False,1,0.03064516129032258,0.9702660406885759,53
2026-03-14,0x3,Hradec Kralove,Ostrava,11:00,34.0,48,False,1,0.028787878787878786,0.9720176730486008,53
2026-03-14,0x3,Spartans,Clyde,12:06,34.0,49,False,1,0.028787878787878786,0.9720176730486008,53
2026-03-14,0x3,Kocaelispor,Konyaspor,07:30,34.0,50,False,1,0.028787878787878786,0.9720176730486008,53
2026-03-14,0x3,Oxford Utd,Charlton,09:30,34.0,51,False,1,0.028787878787878786,0.9720176730486008,53
2026-03-14,0x3,All Boys,Deportivo Madryn,16:00,34.0,52,False,1,0.028787878787878786,0.9720176730486008,53
2026-03-14,0x3,Phoenix Rising,Orange County SC,23:00,34.0,53,False,1,0.028787878787878786,0.9720176730486008,53
2026-03-15,0x3,Shakhtar Donetsk,Metalist 1925,13:00,14.0,1,True,1,0.07307692307692307,0.931899641577061,53
2026-03-15,0x3,Cittadella,Dolomiti Bellunesi,13:30,15.0,2,True,1,0.06785714285714285,0.9364548494983278,53
2026-03-15,0x3,Rijeka,Istra 1961,13:45,15.0,3,True,1,0.06785714285714285,0.9364548494983278,53
2026-03-15,0x3,Dep. Tachira,Zamora,20:00,15.5,4,False,1,0.06551724137931034,0.9385113268608415,53
2026-03-15,0x3,Malaga,Huesca,14:30,17.0,5,False,1,0.059375,0.943952802359882,53
2026-03-15,0x3,Palmeiras,Mirassol,18:30,17.5,6,False,1,0.05757575757575757,0.9455587392550143,53
2026-03-15,0x3,Tromso,Fredrikstad,15:15,17.5,7,False,1,0.05757575757575757,0.9455587392550143,53
2026-03-15,0x3,Hajduk Split,Lok. Zagreb,11:00,18.0,8,False,1,0.055882352941176466,0.947075208913649,53
2026-03-15,0x3,Strasbourg,Paris FC,11:00,18.5,9,False,1,0.054285714285714284,0.948509485094851,53
2026-03-15,0x3,Sivasspor,Umraniyespor,07:30,18.5,10,False,1,0.054285714285714284,0.948509485094851,53
2026-03-15,0x3,Fluminense,Athletico-PR,16:00,18.5,11,False,1,0.054285714285714284,0.948509485094851,53
2026-03-15,0x3,Coritiba,Remo,18:30,19.0,12,False,1,0.05277777777777778,0.949868073878628,53
2026-03-15,0x3,Liberec,Teplice,09:00,19.5,13,False,1,0.05135135135135135,0.9511568123393317,53
2026-03-15,0x3,Real Sociedad,Osasuna,17:00,21.0,14,False,1,0.0475,0.9546539379474941,53
2026-03-15,0x3,Sudtirol,Pescara,13:15,22.0,15,False,1,0.04523809523809524,0.9567198177676538,53
2026-03-15,0x3,Sigma Olomouc,Karvina,11:30,22.0,16,False,1,0.04523809523809524,0.9567198177676538,53
2026-03-15,0x3,Gimnasia y Tiro,Temperley,16:00,22.0,17,False,1,0.04523809523809524,0.9567198177676538,53
2026-03-15,0x3,Cruzeiro,Vasco,20:30,22.0,18,False,1,0.04523809523809524,0.9567198177676538,53
2026-03-15,0x3,Freiburg,Union Berlin,13:30,23.0,19,False,1,0.04318181818181818,0.9586056644880174,53
2026-03-15,0x3,Rudes,Opatija,08:45,23.0,20,False,1,0.04318181818181818,0.9586056644880174,53
2026-03-15,0x3,Cercle Brugge KSV,RAAL La Louviere,15:15,23.0,21,False,1,0.04318181818181818,0.9586056644880174,53
2026-03-15,0x3,America De Cali,Deportes Tolima,18:10,23.0,22,False,1,0.04318181818181818,0.9586056644880174,53
2026-03-15,0x3,Nacional Asuncion,Rubio Nu,18:30,23.0,23,False,1,0.04318181818181818,0.9586056644880174,53
2026-03-15,0x3,Nublense,La Serena,20:30,23.0,24,False,1,0.04318181818181818,0.9586056644880174,53
2026-03-15,0x3,Kasimpasa,Eyupspor,10:00,24.0,25,False,1,0.041304347826086954,0.9603340292275574,53
2026-03-15,0x3,KFUM Oslo,Start,13:00,24.0,26,False,1,0.041304347826086954,0.9603340292275574,53
2026-03-15,0x3,Epitsentr,Rukh Lviv,08:00,25.0,27,False,1,0.03958333333333333,0.9619238476953909,53
2026-03-15,0x3,Samsunspor,Kayserispor,14:00,25.0,28,False,1,0.03958333333333333,0.9619238476953909,53
2026-03-15,0x3,Betis,Celta Vigo,14:30,26.0,29,False,1,0.038,0.9633911368015414,53
2026-03-15,0x3,Hvidovre IF,Kolding IF,12:00,26.0,30,False,1,0.038,0.9633911368015414,53
2026-03-15,0x3,Granada CF,Andorra,12:15,26.0,31,False,1,0.038,0.9633911368015414,53
2026-03-15,0x3,SG Dynamo Dresden,Preussen Munster,09:30,26.0,32,False,1,0.038,0.9633911368015414,53
2026-03-15,0x3,Como,AS Roma,14:00,27.0,33,False,1,0.036538461538461534,0.9647495361781077,53
2026-03-15,0x3,V-Varen Nagasaki,Avispa Fukuoka,02:00,27.0,34,False,1,0.036538461538461534,0.9647495361781077,53
2026-03-15,0x3,Vizela,Lusitania FC,08:00,27.0,35,False,1,0.036538461538461534,0.9647495361781077,53
2026-03-15,0x3,Gangwon,Anyang,04:30,27.0,36,False,1,0.036538461538461534,0.9647495361781077,53
2026-03-15,0x3,Cusco,Cienciano,20:00,27.0,37,False,1,0.036538461538461534,0.9647495361781077,53
2026-03-15,0x3,Gimnasia Jujuy,Colegiales,17:00,27.0,38,False,1,0.036538461538461534,0.9647495361781077,53
2026-03-15,0x3,Emelec,Orense,17:30,28.0,39,False,1,0.03518518518518518,0.9660107334525939,53
2026-03-15,0x3,Brondby,Viborg,14:00,29.0,40,False,1,0.033928571428571426,0.9671848013816926,53
2026-03-15,0x3,New England Revolution,FC Cincinnati,15:30,30.0,41,False,1,0.03275862068965517,0.9682804674457429,53
2026-03-15,0x3,Midland,Almagro,16:00,30.0,42,False,1,0.03275862068965517,0.9682804674457429,53
2026-03-15,0x3,Kaizer Chiefs,Durban City,10:30,30.0,43,False,1,0.03275862068965517,0.9682804674457429,53
2026-03-15,0x3,Blaublitz,Tochigi SC,01:00,30.0,44,False,1,0.03275862068965517,0.9682804674457429,53
2026-03-15,0x3,Nottingham,Fulham,11:00,32.0,45,False,1,0.03064516129032258,0.9702660406885759,53
2026-03-15,0x3,Arezzo,Perugia,10:30,32.0,46,False,1,0.03064516129032258,0.9702660406885759,53
2026-03-15,0x3,Antwerp,St. Liege,12:00,32.0,47,False,1,0.03064516129032258,0.9702660406885759,53
2026-03-15,0x3,Kifisia,Volos,11:00,32.0,48,False,1,0.03064516129032258,0.9702660406885759,53
2026-03-15,0x3,Maldonado,Defensor Sp.,17:00,32.0,49,False,1,0.03064516129032258,0.9702660406885759,53
2026-03-15,0x3,Eibar,Burgos CF,14:30,32.0,50,False,1,0.03064516129032258,0.9702660406885759,53
2026-03-15,0x3,Rennes,Lille,16:45,32.0,51,False,1,0.03064516129032258,0.9702660406885759,53
2026-03-15,0x3,Hwaseong,Cheonan City,04:30,34.0,52,False,1,0.028787878787878786,0.9720176730486008,53
2026-03-15,0x3,Rio Ave,Estrela,15:00,34.0,53,False,1,0.028787878787878786,0.9720176730486008,53
2026-03-16,0x3,Colo Colo,Huachipato,20:30,14.0,1,True,1,0.07307692307692307,0.931899641577061,11
2026-03-16,0x3,FC Botosani,Unirea Slobozia,12:30,15.0,2,True,1,0.06785714285714285,0.9364548494983278,11
2026-03-16,0x3,Torreense,Portimonense,17:15,15.5,3,True,1,0.06551724137931034,0.9385113268608415,11
2026-03-16,0x3,Rayo Vallecano,Levante,17:00,16.5,4,False,1,0.06129032258064516,0.9422492401215806,11
2026-03-16,0x3,Galway,Waterford,17:00,18.0,5,False,1,0.055882352941176466,0.947075208913649,11
2026-03-16,0x3,Dundalk,Sligo Rovers,16:45,18.5,6,False,1,0.054285714285714284,0.948509485094851,11
2026-03-16,0x3,Arda,Dobrudzha,13:00,19.0,7,False,1,0.05277777777777778,0.949868073878628,11
2026-03-16,0x3,FC Porto B,Oliveirense,15:45,25.0,8,False,1,0.03958333333333333,0.9619238476953909,11
2026-03-16,0x3,Portsmouth,Derby,17:00,29.0,9,False,1,0.033928571428571426,0.9671848013816926,11
2026-03-16,0x3,St. Patricks,Derry City,16:45,30.0,10,False,1,0.03275862068965517,0.9682804674457429,11
2026-03-16,0x3,San Lorenzo,Defensa y Justicia,18:30,34.0,11,False,1,0.028787878787878786,0.9720176730486008,11
2026-03-17,0x3,Caracas,Trujillanos,20:30,15.5,1,True,1,0.06551724137931034,0.9385113268608415,17
2026-03-17,0x3,U. Catolica,Dep. Cuenca,18:30,16.0,2,True,1,0.06333333333333332,0.9404388714733543,17
2026-03-17,0x3,Sport Recife,Athletic Club,21:30,17.0,3,True,1,0.059375,0.943952802359882,17
2026-03-17,0x3,Lanus,Newells Old Boys,19:00,17.5,4,False,1,0.05757575757575757,0.9455587392550143,17
2026-03-17,0x3,Palermo,Juve Stabia,15:00,18.5,5,False,1,0.054285714285714284,0.948509485094851,17
2026-03-17,0x3,Olimpia Asuncion,Sp. Luqueno,20:30,19.0,6,False,1,0.05277777777777778,0.949868073878628,17
2026-03-17,0x3,Bradford City,Mansfield,16:45,19.0,7,False,1,0.05277777777777778,0.949868073878628,17
2026-03-17,0x3,Lok. Sofia,Septemvri Sofia,13:00,19.5,8,False,1,0.05135135135135135,0.9511568123393317,17
2026-03-17,0x3,Gimcheon Sangmu,Gwangju FC,07:30,20.0,9,False,1,0.049999999999999996,0.9523809523809524,17
2026-03-17,0x3,Llaneros,Cucuta,18:10,21.0,10,False,1,0.0475,0.9546539379474941,17
2026-03-17,0x3,Blackpool,Port Vale,16:45,21.0,11,False,1,0.0475,0.9546539379474941,17
2026-03-17,0x3,Puerto Cabello,Universidad Central,19:30,22.0,12,False,1,0.04523809523809524,0.9567198177676538,17
2026-03-17,0x3,Spartans,Forfar Athletic,16:45,22.0,13,False,1,0.04523809523809524,0.9567198177676538,17
2026-03-17,0x3,Woking,Yeovil,16:45,26.0,14,False,1,0.038,0.9633911368015414,17
2026-03-17,0x3,Watford,Wrexham,16:45,32.0,15,False,1,0.03064516129032258,0.9702660406885759,17
2026-03-17,0x3,Plymouth,Stevenage,16:45,32.0,16,False,1,0.03064516129032258,0.9702660406885759,17
2026-03-17,0x3,Burton,Reading,16:45,32.0,17,False,1,0.03064516129032258,0.9702660406885759,17
2026-03-18,0x3,Jeonbuk,Anyang,07:30,15.0,1,True,1,0.06785714285714285,0.9364548494983278,17
2026-03-18,0x3,Mirassol,Coritiba,20:00,16.5,2,True,1,0.06129032258064516,0.9422492401215806,17
2026-03-18,0x3,CRB,Figueirense,21:00,19.5,3,True,1,0.05135135135135135,0.9511568123393317,17
2026-03-18,0x3,Vissel Kobe,Gamba Osaka,07:00,21.0,4,False,1,0.0475,0.9546539379474941,17
2026-03-18,0x3,Metropolitanos,Monagas,20:30,21.0,5,False,1,0.0475,0.9546539379474941,17
2026-03-18,0x3,Guarani,Recoleta,20:30,22.0,6,False,1,0.04523809523809524,0.9567198177676538,17
2026-03-18,0x3,Bahia,Bragantino,19:00,22.0,7,False,1,0.04523809523809524,0.9567198177676538,17
2026-03-18,0x3,Cerezo Osaka,Okayama,06:30,23.0,8,False,1,0.04318181818181818,0.9586056644880174,17
2026-03-18,0x3,Bucaramanga,Once Caldas,21:30,27.0,9,False,1,0.036538461538461534,0.9647495361781077,17
2026-03-18,0x3,Alanyaspor,Kocaelispor,10:00,27.0,10,False,1,0.036538461538461534,0.9647495361781077,17
2026-03-18,0x3,Dep. Cali,Santa Fe,22:30,27.0,11,False,1,0.036538461538461534,0.9647495361781077,17
2026-03-18,0x3,Santos,Internacional,21:30,28.0,12,False,1,0.03518518518518518,0.9660107334525939,17
2026-03-18,0x3,Atletico GO,Ponte Preta,20:00,30.0,13,False,1,0.03275862068965517,0.9682804674457429,17
2026-03-18,0x3,Athletico-PR,Cruzeiro,19:30,30.0,14,False,1,0.03275862068965517,0.9682804674457429,17
2026-03-18,0x3,Pescara,Entella,16:00,32.0,15,False,1,0.03064516129032258,0.9702660406885759,17
2026-03-18,0x3,Avellino,Sudtirol,16:00,34.0,16,False,1,0.028787878787878786,0.9720176730486008,17
2026-03-18,0x3,Zamora,Portuguesa,19:30,34.0,17,False,1,0.028787878787878786,0.9720176730486008,17
2026-03-19,0x3,Rayo Vallecano,Samsunspor,17:00,15.0,1,True,1,0.06785714285714285,0.9364548494983278,10
2026-03-19,0x3,Konyaspor,Genclerbirligi,14:00,18.0,2,True,1,0.055882352941176466,0.947075208913649,10
2026-03-19,0x3,Aston Villa,Lille,17:00,18.0,3,True,1,0.055882352941176466,0.947075208913649,10
2026-03-19,0x3,Aucas,Tecnico U.,16:00,18.5,4,False,1,0.054285714285714284,0.948509485094851,10
2026-03-19,0x3,Orense,Mushuc Runa,18:30,21.0,5,False,1,0.0475,0.9546539379474941,10
2026-03-19,0x3,Gremio,Vitoria,19:00,21.0,6,False,1,0.0475,0.9546539379474941,10
2026-03-19,0x3,Deportes Tolima,Fortaleza,20:20,22.0,7,False,1,0.04523809523809524,0.9567198177676538,10
2026-03-19,0x3,Volta Redonda,Barra FC,20:00,23.0,8,False,1,0.04318181818181818,0.9586056644880174,10
2026-03-19,0x3,Kayserispor,Karagumruk,10:00,28.0,9,False,1,0.03518518518518518,0.9660107334525939,10
2026-03-19,0x3,Lyon,Celta Vigo,14:45,30.0,10,False,1,0.03275862068965517,0.9682804674457429,10
2026-03-20,0x3,Bohemians,Dundalk,17:00,15.5,1,True,1,0.06551724137931034,0.9385113268608415,9
2026-03-20,0x3,Karlovac,Hrvace,14:00,20.0,2,True,1,0.049999999999999996,0.9523809523809524,9
2026-03-20,0x3,Motor Lublin,Zaglebie,16:30,24.0,3,True,1,0.041304347826086954,0.9603340292275574,9
2026-03-20,0x3,Shamrock Rovers,Galway,17:00,24.0,4,False,1,0.041304347826086954,0.9603340292275574,9
2026-03-20,0x3,Cobh Ramblers,Bray,16:45,25.0,5,False,1,0.03958333333333333,0.9619238476953909,9
2026-03-20,0x3,Genoa,Udinese,16:45,30.0,6,False,1,0.03275862068965517,0.9682804674457429,9
2026-03-20,0x3,Derry City,Drogheda,16:45,32.0,7,False,1,0.03064516129032258,0.9702660406885759,9
2026-03-20,0x3,Wadi Degla,El Gouna,15:00,34.0,8,False,1,0.028787878787878786,0.9720176730486008,9
2026-03-20,0x3,Piast Gliwice,Radomiak Radom,14:00,34.0,9,False,1,0.028787878787878786,0.9720176730486008,9
2026-03-21,0x3,Levski Sofia,Cherno More,12:30,15.0,1,True,1,0.06785714285714285,0.9364548494983278,39
2026-03-21,0x3,Ipswich,Millwall,09:30,18.5,2,True,1,0.054285714285714284,0.948509485094851,39
2026-03-21,0x3,Stenhousemuir,Kelty Hearts,12:00,18.5,3,True,1,0.054285714285714284,0.948509485094851,39
2026-03-21,0x3,Dep. La Coruna,Zaragoza,17:00,18.5,4,False,1,0.054285714285714284,0.948509485094851,39
2026-03-21,0x3,Louisville City,Rhode Island,17:00,19.0,5,False,1,0.05277777777777778,0.949868073878628,39
2026-03-21,0x3,Queen of South,East Fife,12:00,19.0,6,False,1,0.05277777777777778,0.949868073878628,39
2026-03-21,0x3,Mansfield,Northampton,12:00,19.5,7,False,1,0.05135135135135135,0.9511568123393317,39
2026-03-21,0x3,Famalicao,Nacional,12:30,21.0,8,False,1,0.0475,0.9546539379474941,39
2026-03-21,0x3,Fluminense,Atletico-MG,18:30,21.0,9,False,1,0.0475,0.9546539379474941,39
2026-03-21,0x3,CSKA 1948 Sofia,Lok. Sofia,10:00,22.0,10,False,1,0.04523809523809524,0.9567198177676538,39
2026-03-21,0x3,Meizhou Hakka,Suzhou Dongwu,08:30,22.0,11,False,1,0.04523809523809524,0.9567198177676538,39
2026-03-21,0x3,Atletico La Paz,Alebrijes Oaxaca,00:00,22.0,12,False,1,0.04523809523809524,0.9567198177676538,39
2026-03-21,0x3,Falkirk,St. Mirren,12:00,22.0,13,False,1,0.04523809523809524,0.9567198177676538,39
2026-03-21,0x3,Kilmarnock,Livingston,12:00,23.0,14,False,1,0.04318181818181818,0.9586056644880174,39
2026-03-21,0x3,Toulouse,Lorient,13:00,23.0,15,False,1,0.04318181818181818,0.9586056644880174,39
2026-03-21,0x3,Modena,Mantova,15:30,23.0,16,False,1,0.04318181818181818,0.9586056644880174,39
2026-03-21,0x3,Arbroath,Queen's Park,12:00,25.0,17,False,1,0.03958333333333333,0.9619238476953909,39
2026-03-21,0x3,Sheffield Utd,Wrexham,12:00,25.0,18,False,1,0.03958333333333333,0.9619238476953909,39
2026-03-21,0x3,Wigan,Exeter,12:00,25.0,19,False,1,0.03958333333333333,0.9619238476953909,39
2026-03-21,0x3,Kosice,Presov,14:00,25.0,20,False,1,0.03958333333333333,0.9619238476953909,39
2026-03-21,0x3,Atlas,Queretaro,20:00,25.0,21,False,1,0.03958333333333333,0.9619238476953909,39
2026-03-21,0x3,Brisbane Roar,Wellington Phoenix,01:00,26.0,22,False,1,0.038,0.9633911368015414,39
2026-03-21,0x3,Ayr,Morton,12:00,26.0,23,False,1,0.038,0.9633911368015414,39
2026-03-21,0x3,Motherwell,Hibernian,12:00,26.0,24,False,1,0.038,0.9633911368015414,39
2026-03-21,0x3,Watford,Leicester,12:00,26.0,25,False,1,0.038,0.9633911368015414,39
2026-03-21,0x3,Stevenage,Reading,12:00,26.0,26,False,1,0.038,0.9633911368015414,39
2026-03-21,0x3,Parma,Cremonese,11:00,27.0,27,False,1,0.036538461538461534,0.9647495361781077,39
2026-03-21,0x3,Elche,Mallorca,10:00,28.0,28,False,1,0.03518518518518518,0.9660107334525939,39
2026-03-21,0x3,Carlisle,Boston Utd,12:00,28.0,29,False,1,0.03518518518518518,0.9660107334525939,39
2026-03-21,0x3,Osasuna,Girona,14:30,29.0,30,False,1,0.033928571428571426,0.9671848013816926,39
2026-03-21,0x3,Servette,Grasshoppers,14:00,29.0,31,False,1,0.033928571428571426,0.9671848013816926,39
2026-03-21,0x3,Operario-PR,Atletico GO,18:15,29.0,32,False,1,0.033928571428571426,0.9671848013816926,39
2026-03-21,0x3,Stellenbosch,Chippa Utd.,10:30,30.0,33,False,1,0.03275862068965517,0.9682804674457429,39
2026-03-21,0x3,Atlanta Utd,DC United,20:30,30.0,34,False,1,0.03275862068965517,0.9682804674457429,39
2026-03-21,0x3,Plymouth,Huddersfield,12:00,30.0,35,False,1,0.03275862068965517,0.9682804674457429,39
2026-03-21,0x3,Once Caldas,Millonarios,20:20,32.0,36,False,1,0.03064516129032258,0.9702660406885759,39
2026-03-21,0x3,Sevilla,Valencia,17:00,34.0,37,False,1,0.028787878787878786,0.9720176730486008,39
2026-03-21,0x3,Raith,Airdrieonians,12:00,34.0,38,False,1,0.028787878787878786,0.9720176730486008,39
2026-03-21,0x3,Cracovia,GKS Katowice,10:45,34.0,39,False,1,0.028787878787878786,0.9720176730486008,39
2026-03-22,0x3,Kashiwa Reysol,Mito,04:00,15.5,1,True,1,0.06551724137931034,0.9385113268608415,5
2026-03-22,0x3,Seoul,Gwangju FC,02:00,18.5,2,True,1,0.054285714285714284,0.948509485094851,5
2026-03-22,0x3,Kashima Antlers,Chiba,03:00,19.0,3,True,1,0.05277777777777778,0.949868073878628,5
2026-03-22,0x3,Korona Kielce,Arka Gdynia,08:15,32.0,4,False,1,0.03064516129032258,0.9702660406885759,5
2026-03-22,0x3,Ulsan HD,Gimcheon Sangmu,02:00,34.0,5,False,1,0.028787878787878786,0.9720176730486008,5
2026-03-23,0x3,Estudiantes L.P.,Central Cordoba,19:00,14.0,1,True,1,0.07307692307692307,0.931899641577061,5
2026-03-23,0x3,Salernitana,Altamura,16:30,15.0,2,True,1,0.06785714285714285,0.9364548494983278,5
2026-03-23,0x3,Aucas,Orense,21:00,18.5,3,True,1,0.054285714285714284,0.948509485094851,5
2026-03-23,0x3,Metropolitanos,Anzoategui FC,20:00,22.0,4,False,1,0.04523809523809524,0.9567198177676538,5
2026-03-23,0x3,Huracan,Barracas Central,21:15,24.0,5,False,1,0.041304347826086954,0.9603340292275574,5
2026-03-24,0x3,Doncaster,Port Vale,16:45,18.0,1,True,1,0.055882352941176466,0.947075208913649,5
2026-03-24,0x3,Liverpool M.,Central Esp.,17:00,22.0,2,True,1,0.04523809523809524,0.9567198177676538,5
2026-03-24,0x3,Junior,Bucaramanga,20:00,30.0,3,True,1,0.03275862068965517,0.9682804674457429,5
2026-03-24,0x3,Maldonado,Montevideo City,14:00,34.0,4,False,1,0.028787878787878786,0.9720176730486008,5
2026-03-24,0x3,Elgin City,Forfar Athletic,16:45,34.0,5,False,1,0.028787878787878786,0.9720176730486008,5
2026-03-25,0x3,Envigado,Bogota,17:00,18.0,1,True,1,0.055882352941176466,0.947075208913649,3
2026-03-25,0x3,Wealdstone,Yeovil,16:45,22.0,2,True,1,0.04523809523809524,0.9567198177676538,3
2026-03-25,0x3,Guarani,2 de Mayo,19:30,24.0,3,True,1,0.041304347826086954,0.9603340292275574,3
2026-03-26,0x3,Poland,Albania,16:45,16.0,1,True,1,0.06333333333333332,0.9404388714733543,4
2026-03-26,0x3,Quindio,Orsomarso,21:00,17.5,2,True,1,0.05757575757575757,0.9455587392550143,4
2026-03-26,0x3,Racing Montevideo,Progreso,13:00,18.0,3,True,1,0.055882352941176466,0.947075208913649,4
2026-03-26,0x3,Argentinos Jrs,Lanus,21:00,29.0,4,False,1,0.033928571428571426,0.9671848013816926,4
2026-03-27,0x3,Partick Thistle,Ross County,16:45,21.0,1,True,1,0.0475,0.9546539379474941,4
2026-03-27,0x3,Dijon,Versailles,15:30,22.0,2,True,1,0.04523809523809524,0.9567198177676538,4
2026-03-27,0x3,Bucaramanga,Santa Fe,22:10,24.0,3,True,1,0.041304347826086954,0.9603340292275574,4
2026-03-27,0x3,Valenciennes,Aubagne,15:30,25.0,4,False,1,0.03958333333333333,0.9619238476953909,4
2026-03-28,0x3,Cucuta,Chico,18:00,16.0,1,True,1,0.06333333333333332,0.9404388714733543,18
2026-03-28,0x3,Pergolettese,Pro Patria,13:30,18.5,2,True,1,0.054285714285714284,0.948509485094851,18
2026-03-28,0x3,Malaga,Leganes,14:30,20.0,3,True,1,0.049999999999999996,0.9523809523809524,18
2026-03-28,0x3,Hamilton,Kelty Hearts,12:00,20.0,4,False,1,0.049999999999999996,0.9523809523809524,18
2026-03-28,0x3,FC Tulsa,Phoenix Rising,21:00,22.0,5,False,1,0.04523809523809524,0.9567198177676538,18
2026-03-28,0x3,Oakland Roots,Orange County SC,21:00,22.0,6,False,1,0.04523809523809524,0.9567198177676538,18
2026-03-28,0x3,Granada CF,Huesca,12:15,22.0,7,False,1,0.04523809523809524,0.9567198177676538,18
2026-03-28,0x3,Sacramento Republic,El Paso,23:00,22.0,8,False,1,0.04523809523809524,0.9567198177676538,18
2026-03-28,0x3,Cardiff Metropolitan,Bala,11:30,25.0,9,False,1,0.03958333333333333,0.9619238476953909,18
2026-03-28,0x3,Olimpia Asuncion,2 de Mayo,18:30,26.0,10,False,1,0.038,0.9633911368015414,18
2026-03-28,0x3,Larne,Cliftonville,12:00,30.0,11,False,1,0.03275862068965517,0.9682804674457429,18
2026-03-28,0x3,Wanderers,CA Cerro,16:00,30.0,12,False,1,0.03275862068965517,0.9682804674457429,18
2026-03-28,0x3,New Mexico,Colorado Springs,16:00,30.0,13,False,1,0.03275862068965517,0.9682804674457429,18
2026-03-28,0x3,Ceuta,Cadiz CF,10:00,32.0,14,False,1,0.03064516129032258,0.9702660406885759,18
2026-03-28,0x3,Atl. Morelia,Irapuato,22:00,32.0,15,False,1,0.03064516129032258,0.9702660406885759,18
2026-03-28,0x3,Reading,Wigan,12:00,32.0,16,False,1,0.03064516129032258,0.9702660406885759,18
2026-03-28,0x3,Longford,Finn Harps,16:30,34.0,17,False,1,0.028787878787878786,0.9720176730486008,18
2026-03-28,0x3,Dorados de Sinaloa,Correcaminos,22:00,34.0,18,False,1,0.028787878787878786,0.9720176730486008,18
2026-03-29,0x3,Penarol,Racing Montevideo,19:30,17.5,1,True,1,0.05757575757575757,0.9455587392550143,11
2026-03-29,0x3,Crotone,Audace Cerignola,09:30,22.0,2,True,1,0.04523809523809524,0.9567198177676538,11
2026-03-29,0x3,Gimnasia y Tiro,Central Norte,17:30,23.0,3,True,1,0.04318181818181818,0.9586056644880174,11
2026-03-29,0x3,Athletico-PR,Botafogo RJ,19:31,26.0,4,False,1,0.038,0.9633911368015414,11
2026-03-29,0x3,Campobasso,Guidonia,12:30,27.0,5,False,1,0.036538461538461534,0.9647495361781077,11
2026-03-29,0x3,Guarani,Sportivo Trinidense,19:00,29.0,6,False,1,0.033928571428571426,0.9671848013816926,11
2026-03-29,0x3,Forli,Pianese,12:30,30.0,7,False,1,0.03275862068965517,0.9682804674457429,11
2026-03-29,0x3,Antofagasta,Deportes Iquique,12:00,32.0,8,False,1,0.03064516129032258,0.9702660406885759,11
2026-03-29,0x3,Cittadella,Lecco,12:30,32.0,9,False,1,0.03064516129032258,0.9702660406885759,11
2026-03-29,0x3,Inter Bogotá,Junior,18:10,32.0,10,False,1,0.03064516129032258,0.9702660406885759,11
2026-03-29,0x3,Cultural Leonesa,Andorra,11:15,34.0,11,False,1,0.028787878787878786,0.9720176730486008,11
2026-03-30,0x3,Casertana,Sorrento,15:30,14.5,1,True,1,0.07037037037037036,0.9342560553633218,4
2026-03-30,0x3,Millonarios,Fortaleza,22:20,15.5,2,True,1,0.06551724137931034,0.9385113268608415,4
2026-03-30,0x3,Libertad Asuncion,Recoleta,20:30,18.0,3,True,1,0.055882352941176466,0.947075208913649,4
2026-03-30,0x3,Ind. Medellin,America De Cali,20:10,29.0,4,False,1,0.033928571428571426,0.9671848013816926,4
2026-03-31,0x3,Valladolid,Cadiz CF,16:30,22.0,1,True,1,0.04523809523809524,0.9567198177676538,3
2026-03-31,0x3,Sweden,Poland,15:45,26.0,2,True,1,0.038,0.9633911368015414,3
2026-03-31,0x3,Juventude,Novorizontino,18:30,32.0,3,True,1,0.03064516129032258,0.9702660406885759,3
2026-04-01,0x3,Vissel Kobe,Shimizu S-Pulse,07:00,27.0,1,True,1,0.036538461538461534,0.9647495361781077,2
2026-04-01,0x3,Andorra,Malaga,14:00,34.0,2,True,1,0.028787878787878786,0.9720176730486008,2
2026-04-02,0x3,Santos,Remo,19:00,16.5,1,True,1,0.06129032258064516,0.9422492401215806,4
2026-04-02,0x3,Tigre,Ind. Rivadavia,17:30,32.0,2,True,1,0.03064516129032258,0.9702660406885759,4
2026-04-02,0x3,Wigan,Leyton Orient,15:45,34.0,3,True,1,0.028787878787878786,0.9720176730486008,4
2026-04-02,0x3,Sao Bernardo,Operario-PR,19:00,34.0,4,False,1,0.028787878787878786,0.9720176730486008,4
2026-04-03,0x3,Red Star,Laval,15:00,18.0,1,True,1,0.055882352941176466,0.947075208913649,18
2026-04-03,0x3,Rayo Vallecano,Elche,16:00,18.0,2,True,1,0.055882352941176466,0.947075208913649,18
2026-04-03,0x3,Yverdon,Bellinzona,14:30,18.0,3,True,1,0.055882352941176466,0.947075208913649,18
2026-04-03,0x3,Huddersfield,Reading,11:00,20.0,4,False,1,0.049999999999999996,0.9523809523809524,18
2026-04-03,0x3,Vitoria Guimaraes,Tondela,14:00,22.0,5,False,1,0.04523809523809524,0.9567198177676538,18
2026-04-03,0x3,Bastia,Amiens,15:00,23.0,6,False,1,0.04318181818181818,0.9586056644880174,18
2026-04-03,0x3,Blackpool,Exeter,11:00,24.0,7,False,1,0.041304347826086954,0.9603340292275574,18
2026-04-03,0x3,Junior,Dep. Cali,22:30,24.0,8,False,1,0.041304347826086954,0.9603340292275574,18
2026-04-03,0x3,Hertha Wels,A. Klagenfurt,13:00,26.0,9,False,1,0.038,0.9633911368015414,18
2026-04-03,0x3,Union de Santa Fe,Dep. Riestra,17:15,27.0,10,False,1,0.036538461538461534,0.9647495361781077,18
2026-04-03,0x3,PK-35,Ekenas,13:00,28.0,11,False,1,0.03518518518518518,0.9660107334525939,18
2026-04-03,0x3,Kerry,Cobh Ramblers,15:45,29.0,12,False,1,0.033928571428571426,0.9671848013816926,18
2026-04-03,0x3,Stockport County,Wycombe,11:00,29.0,13,False,1,0.033928571428571426,0.9671848013816926,18
2026-04-03,0x3,Hvidovre IF,Hillerod,10:30,30.0,14,False,1,0.03275862068965517,0.9682804674457429,18
2026-04-03,0x3,Doncaster,Mansfield,08:30,32.0,15,False,1,0.03064516129032258,0.9702660406885759,18
2026-04-03,0x3,Burton,Barnsley,11:00,32.0,16,False,1,0.03064516129032258,0.9702660406885759,18
2026-04-03,0x3,O'Higgins,A. Italiano,20:00,32.0,17,False,1,0.03064516129032258,0.9702660406885759,18
2026-04-03,0x3,Treaty United,Longford,15:45,34.0,18,False,1,0.028787878787878786,0.9720176730486008,18
2026-04-04,0x3,Reims,Boulogne,09:00,15.5,1,True,1,0.06551724137931034,0.9385113268608415,41
2026-04-04,0x3,Royale Union SG,St. Truiden,15:45,16.5,2,True,1,0.06129032258064516,0.9422492401215806,41
2026-04-04,0x3,Deportivo Garcilaso,Sport Boys,15:15,17.0,3,True,1,0.059375,0.943952802359882,41
2026-04-04,0x3,Erzurumspor,Igdir FK,10:00,17.5,4,False,1,0.05757575757575757,0.9455587392550143,41
2026-04-04,0x3,Stenhousemuir,Hamilton,11:00,18.0,5,False,1,0.055882352941176466,0.947075208913649,41
2026-04-04,0x3,Rosario Central,Atl. Tucuman,21:00,18.0,6,False,1,0.055882352941176466,0.947075208913649,41
2026-04-04,0x3,Mariehamn,TPS,11:00,19.5,7,False,1,0.05135135135135135,0.9511568123393317,41
2026-04-04,0x3,Betis,Espanyol,13:30,19.5,8,False,1,0.05135135135135135,0.9511568123393317,41
2026-04-04,0x3,Emelec,Dep. Cuenca,21:00,19.5,9,False,1,0.05135135135135135,0.9511568123393317,41
2026-04-04,0x3,Sariyer,Serik Spor,07:30,20.0,10,False,1,0.049999999999999996,0.9523809523809524,41
2026-04-04,0x3,Motherwell,Falkirk,11:00,20.0,11,False,1,0.049999999999999996,0.9523809523809524,41
2026-04-04,0x3,Kifisia,Panserraikos,10:00,20.0,12,False,1,0.049999999999999996,0.9523809523809524,41
2026-04-04,0x3,GKS Katowice,Wisla Plock,07:15,22.0,13,False,1,0.04523809523809524,0.9567198177676538,41
2026-04-04,0x3,Zamora,Monagas,18:30,22.0,14,False,1,0.04523809523809524,0.9567198177676538,41
2026-04-04,0x3,Nacional,Estrela,11:30,22.0,15,False,1,0.04523809523809524,0.9567198177676538,41
2026-04-04,0x3,Gornik Zabrze,Cracovia,12:30,22.0,16,False,1,0.04523809523809524,0.9567198177676538,41
2026-04-04,0x3,Lazio,Parma,15:45,23.0,17,False,1,0.04318181818181818,0.9586056644880174,41
2026-04-04,0x3,Dunfermline,Morton,11:00,24.0,18,False,1,0.041304347826086954,0.9603340292275574,41
2026-04-04,0x3,Academico Viseu,Felgueiras,14:00,25.0,19,False,1,0.03958333333333333,0.9619238476953909,41
2026-04-04,0x3,Sporting CP B,Penafiel,07:00,25.0,20,False,1,0.03958333333333333,0.9619238476953909,41
2026-04-04,0x3,Vasco,Botafogo RJ,21:00,25.0,21,False,1,0.03958333333333333,0.9619238476953909,41
2026-04-04,0x3,Dep. La Coruna,Malaga,13:30,25.0,22,False,1,0.03958333333333333,0.9619238476953909,41
2026-04-04,0x3,Ross County,Airdrieonians,11:00,25.0,23,False,1,0.03958333333333333,0.9619238476953909,41
2026-04-04,0x3,Sassuolo,Cagliari,10:00,27.0,24,False,1,0.036538461538461534,0.9647495361781077,41
2026-04-04,0x3,Rakow,Widzew Lodz,09:45,27.0,25,False,1,0.036538461538461534,0.9647495361781077,41
2026-04-04,0x3,St. Mirren,Aberdeen,11:00,28.0,26,False,1,0.03518518518518518,0.9660107334525939,41
2026-04-04,0x3,Kasimpasa,Kayserispor,08:30,28.0,27,False,1,0.03518518518518518,0.9660107334525939,41
2026-04-04,0x3,Limache,Union La Calera,17:30,28.0,28,False,1,0.03518518518518518,0.9660107334525939,41
2026-04-04,0x3,Asteras Tripolis,AEL Larissa,12:00,29.0,29,False,1,0.033928571428571426,0.9671848013816926,41
2026-04-04,0x3,SC Farense,Feirense,07:00,29.0,30,False,1,0.033928571428571426,0.9671848013816926,41
2026-04-04,0x3,Deportes Tolima,Santa Fe,21:30,29.0,31,False,1,0.033928571428571426,0.9671848013816926,41
2026-04-04,0x3,Presov,Ruzomberok,10:30,30.0,32,False,1,0.03275862068965517,0.9682804674457429,41
2026-04-04,0x3,Leuven,St. Liege,13:15,32.0,33,False,1,0.03064516129032258,0.9702660406885759,41
2026-04-04,0x3,Sigma Olomouc,Mlada Boleslav,10:00,32.0,34,False,1,0.03064516129032258,0.9702660406885759,41
2026-04-04,0x3,Wieczysta Krakow,LKS Lodz,14:30,32.0,35,False,1,0.03064516129032258,0.9702660406885759,41
2026-04-04,0x3,Agropecuario,Tristan Suarez,16:00,32.0,36,False,1,0.03064516129032258,0.9702660406885759,41
2026-04-04,0x3,Kiryat Shmona,Sakhnin,14:00,34.0,37,False,1,0.028787878787878786,0.9720176730486008,41
2026-04-04,0x3,Omonia Aradippou,AEL Limassol,13:00,34.0,38,False,0,-1.0,0.9720176730486008,41
2026-04-04,0x3,Sao Paulo,Cruzeiro,18:30,34.0,39,False,1,0.028787878787878786,0.9720176730486008,41
2026-04-04,0x3,U. de Deportes,Alianza Lima,22:00,34.0,40,False,1,0.028787878787878786,0.9720176730486008,41
2026-04-04,0x3,Club Leon,Atlas,22:00,34.0,41,False,1,0.028787878787878786,0.9720176730486008,41
2026-04-05,0x3,Las Palmas,Huesca,13:30,14.5,1,True,1,0.07037037037037036,0.9342560553633218,30
2026-04-05,0x3,Palermo,Avellino,14:30,15.0,2,True,1,0.06785714285714285,0.9364548494983278,30
2026-04-05,0x3,Inter,AS Roma,15:45,15.0,3,True,1,0.06785714285714285,0.9364548494983278,30
2026-04-05,0x3,Farul Constanta,Unirea Slobozia,11:30,15.5,4,False,1,0.06551724137931034,0.9385113268608415,30
2026-04-05,0x3,Deportivo Moron,San Telmo,15:30,15.5,5,False,1,0.06551724137931034,0.9385113268608415,30
2026-04-05,0x3,PAOK,Panathinaikos,13:00,17.0,6,False,1,0.059375,0.943952802359882,30
2026-04-05,0x3,River Plate,Belgrano,18:00,17.0,7,False,1,0.059375,0.943952802359882,30
2026-04-05,0x3,Cherno More,Slavia Sofia,08:30,18.0,8,False,1,0.055882352941176466,0.947075208913649,30
2026-04-05,0x3,Changchun Yatai,Suzhou Dongwu,04:30,19.0,9,False,1,0.05277777777777778,0.949868073878628,30
2026-04-05,0x3,Gimnasia Jujuy,Patronato,17:00,19.5,10,False,1,0.05135135135135135,0.9511568123393317,30
2026-04-05,0x3,Komarno,Trencin,10:30,20.0,11,False,1,0.049999999999999996,0.9523809523809524,30
2026-04-05,0x3,Leiria,Lusitania FC,14:00,21.0,12,False,1,0.0475,0.9546539379474941,30
2026-04-05,0x3,Atletico-MG,Athletico-PR,17:30,21.0,13,False,1,0.0475,0.9546539379474941,30
2026-04-05,0x3,U. De Chile,La Serena,19:00,21.0,14,False,1,0.0475,0.9546539379474941,30
2026-04-05,0x3,Eibar,Ceuta,09:00,24.0,15,False,1,0.041304347826086954,0.9603340292275574,30
2026-04-05,0x3,Shenzhen Xinpengcheng,Wuhan Three Towns,08:00,24.0,16,False,1,0.041304347826086954,0.9603340292275574,30
2026-04-05,0x3,Quilmes,Deportivo Maipu,17:00,24.0,17,False,1,0.041304347826086954,0.9603340292275574,30
2026-04-05,0x3,Holstein Kiel,Preussen Munster,08:30,25.0,18,False,1,0.03958333333333333,0.9619238476953909,30
2026-04-05,0x3,Novorizontino,CRB,18:00,25.0,19,False,1,0.03958333333333333,0.9619238476953909,30
2026-04-05,0x3,Union Berlin,St. Pauli,10:30,25.0,20,False,1,0.03958333333333333,0.9619238476953909,30
2026-04-05,0x3,FC Rapid Bucuresti,U. Cluj,14:30,26.0,21,False,1,0.038,0.9633911368015414,30
2026-04-05,0x3,Zaragoza,Mirandes,16:00,26.0,22,False,1,0.038,0.9633911368015414,30
2026-04-05,0x3,Mirassol,Bragantino,20:00,27.0,23,False,1,0.036538461538461534,0.9647495361781077,30
2026-04-05,0x3,Hradec Kralove,Bohemians,08:00,27.0,24,False,1,0.036538461538461534,0.9647495361781077,30
2026-04-05,0x3,Volos,OFI Crete,11:00,28.0,25,False,1,0.03518518518518518,0.9660107334525939,30
2026-04-05,0x3,Botafogo SP,Sao Bernardo,20:30,29.0,26,False,1,0.033928571428571426,0.9671848013816926,30
2026-04-05,0x3,Corinthians,Internacional,19:30,30.0,27,False,1,0.03275862068965517,0.9682804674457429,30
2026-04-05,0x3,Ameliano,Sp. Luqueno,18:30,32.0,28,False,1,0.03064516129032258,0.9702660406885759,30
2026-04-05,0x3,Liverpool M.,Maldonado,18:30,32.0,29,False,1,0.03064516129032258,0.9702660406885759,30
2026-04-05,0x3,Juan Pablo II,Cajamarca,17:30,34.0,30,False,1,0.028787878787878786,0.9720176730486008,30
2026-04-06,0x3,Ipswich,Birmingham,11:00,15.0,1,True,1,0.06785714285714285,0.9364548494983278,29
2026-04-06,0x3,Tromso,Rosenborg,14:15,15.5,2,True,1,0.06551724137931034,0.9385113268608415,29
2026-04-06,0x3,Argentinos Jrs,Banfield,19:00,18.0,3,True,1,0.055882352941176466,0.947075208913649,29
2026-04-06,0x3,Derby,Stoke,11:00,18.0,4,False,1,0.055882352941176466,0.947075208913649,29
2026-04-06,0x3,RAAL La Louviere,Dender,11:00,22.0,5,False,1,0.04523809523809524,0.9567198177676538,29
2026-04-06,0x3,Univ. Craiova,CFR Cluj,14:30,22.0,6,False,1,0.04523809523809524,0.9567198177676538,29
2026-04-06,0x3,Stevenage,Blackpool,11:00,22.0,7,False,1,0.04523809523809524,0.9567198177676538,29
2026-04-06,0x3,Watford,Charlton,11:00,23.0,8,False,1,0.04318181818181818,0.9586056644880174,29
2026-04-06,0x3,Cobh Ramblers,Treaty United,13:00,23.0,9,False,1,0.04318181818181818,0.9586056644880174,29
2026-04-06,0x3,Portsmouth,Oxford Utd,08:30,23.0,10,False,1,0.04318181818181818,0.9586056644880174,29
2026-04-06,0x3,Shamrock Rovers,Shelbourne,13:00,23.0,11,False,1,0.04318181818181818,0.9586056644880174,29
2026-04-06,0x3,Torreense,Leixoes,14:00,24.0,12,False,1,0.041304347826086954,0.9603340292275574,29
2026-04-06,0x3,Eastleigh,Yeovil,11:00,26.0,13,False,1,0.038,0.9633911368015414,29
2026-04-06,0x3,Mansfield,Burton,11:00,26.0,14,False,1,0.038,0.9633911368015414,29
2026-04-06,0x3,Wycombe,Bradford City,11:00,26.0,15,False,1,0.038,0.9633911368015414,29
2026-04-06,0x3,Millwall,Norwich,09:00,28.0,16,False,1,0.03518518518518518,0.9660107334525939,29
2026-04-06,0x3,Petrolul,Csikszereda M. Ciuc,11:30,28.0,17,False,1,0.03518518518518518,0.9660107334525939,29
2026-04-06,0x3,Mantova,Entella,10:00,29.0,18,False,1,0.033928571428571426,0.9671848013816926,29
2026-04-06,0x3,Carrarese,Spezia,14:30,30.0,19,False,1,0.03275862068965517,0.9682804674457429,29
2026-04-06,0x3,Cesena,Sudtirol,07:30,30.0,20,False,1,0.03275862068965517,0.9682804674457429,29
2026-04-06,0x3,Instituto,Defensa y Justicia,21:15,32.0,21,False,1,0.03064516129032258,0.9702660406885759,29
2026-04-06,0x3,Goias,Criciuma,21:00,32.0,22,False,1,0.03064516129032258,0.9702660406885759,29
2026-04-06,0x3,Sorrento,Altamura,07:30,32.0,23,False,1,0.03064516129032258,0.9702660406885759,29
2026-04-06,0x3,Floridsdorfer AC,First Vienna,11:00,34.0,24,False,1,0.028787878787878786,0.9720176730486008,29
2026-04-06,0x3,Varberg,Ostersund,10:00,34.0,25,False,1,0.028787878787878786,0.9720176730486008,29
2026-04-06,0x3,Drogheda,Galway,13:00,34.0,26,False,1,0.028787878787878786,0.9720176730486008,29
2026-04-06,0x3,Sampdoria,Empoli,12:15,34.0,27,False,1,0.028787878787878786,0.9720176730486008,29
2026-04-06,0x3,Sportivo Trinidense,Rubio Nu,20:00,34.0,28,False,1,0.028787878787878786,0.9720176730486008,29
2026-04-06,0x3,Libertad,Mushuc Runa,21:00,34.0,29,False,1,0.028787878787878786,0.9720176730486008,29
2026-04-07,0x3,Corum,Bodrumspor,14:00,17.5,1,True,1,0.05757575757575757,0.9455587392550143,6
2026-04-07,0x3,Vizela,Benfica B,14:00,25.0,2,True,1,0.03958333333333333,0.9619238476953909,6
2026-04-07,0x3,Atletico Atlanta,Nueva Chicago,21:00,25.0,3,True,1,0.03958333333333333,0.9619238476953909,6
2026-04-07,0x3,Tapatio,Tlaxcala,20:00,27.0,4,False,1,0.036538461538461534,0.9647495361781077,6
2026-04-07,0x3,Oddevold,Sandviken,14:00,32.0,5,False,1,0.03064516129032258,0.9702660406885759,6
2026-04-07,0x3,Bandirmaspor,Sariyer,08:30,34.0,6,False,1,0.028787878787878786,0.9720176730486008,6
2026-04-08,0x3,U. Catolica,Emelec,21:00,16.5,1,True,1,0.06129032258064516,0.9422492401215806,6
2026-04-08,0x3,Midland,Acassuso,20:00,19.0,2,True,1,0.05277777777777778,0.949868073878628,6
2026-04-08,0x3,Wadi Degla,Pharco,12:00,26.0,3,True,1,0.038,0.9633911368015414,6
2026-04-08,0x3,Botev Plovdiv,Lok. Plovdiv,14:30,26.0,4,False,1,0.038,0.9633911368015414,6
2026-04-08,0x3,TSC,IMT Novi Beograd,12:00,29.0,5,False,1,0.033928571428571426,0.9671848013816926,6
2026-04-08,0x3,Atromitos,Kifisia,13:00,32.0,6,False,1,0.03064516129032258,0.9702660406885759,6
2026-04-09,0x3,Lok. Sofia,Beroe,09:30,18.0,1,True,1,0.055882352941176466,0.947075208913649,8
2026-04-09,0x3,Crystal Palace,Fiorentina,16:00,18.0,2,True,1,0.055882352941176466,0.947075208913649,8
2026-04-09,0x3,Rayo Vallecano,AEK Athens,13:45,25.0,3,True,1,0.03958333333333333,0.9619238476953909,8
2026-04-09,0x3,Mainz,Strasbourg,16:00,26.0,4,False,1,0.038,0.9633911368015414,8
2026-04-09,0x3,Rizespor,Samsunspor,14:00,32.0,5,False,1,0.03064516129032258,0.9702660406885759,8
2026-04-09,0x3,OFK Beograd Mozzart Bet,Radnik,14:00,34.0,6,False,1,0.028787878787878786,0.9720176730486008,8
2026-04-09,0x3,Arab Contractors,El Ismaily,15:00,34.0,7,False,1,0.028787878787878786,0.9720176730486008,8
2026-04-09,0x3,Freiburg,Celta Vigo,16:00,34.0,8,False,1,0.028787878787878786,0.9720176730486008,8
2026-04-10,0x3,Guingamp,Grenoble,15:00,17.0,1,True,1,0.059375,0.943952802359882,9
2026-04-10,0x3,Slavia Sofia,Septemvri Sofia,12:00,21.0,2,True,1,0.0475,0.9546539379474941,9
2026-04-10,0x3,Felgueiras,Pacos Ferreira,14:45,21.0,3,True,1,0.0475,0.9546539379474941,9
2026-04-10,0x3,VPS,Jaro,14:00,24.0,4,False,1,0.041304347826086954,0.9603340292275574,9
2026-04-10,0x3,Dep. Tachira,La Guaira,19:30,24.0,5,False,1,0.041304347826086954,0.9603340292275574,9
2026-04-10,0x3,Sochaux,Fleury-Merogis,14:30,25.0,6,False,1,0.03958333333333333,0.9619238476953909,9
2026-04-10,0x3,Criciuma,Botafogo SP,20:30,25.0,7,False,1,0.03958333333333333,0.9619238476953909,9
2026-04-10,0x3,Charleroi,Antwerp,15:45,27.0,8,False,1,0.036538461538461534,0.9647495361781077,9
2026-04-10,0x3,FC Hermannstadt,Farul Constanta,13:00,32.0,9,False,1,0.03064516129032258,0.9702660406885759,9
2026-04-11,0x3,Lincoln,Leyton Orient,08:30,16.0,1,True,1,0.06333333333333332,0.9404388714733543,24
2026-04-11,0x3,Lyngby,Kolding IF,09:30,18.0,2,True,1,0.055882352941176466,0.947075208913649,24
2026-04-11,0x3,Real Sociedad,Alaves,09:00,18.5,3,True,1,0.054285714285714284,0.948509485094851,24
2026-04-11,0x3,Chongqing Tonglianglong,Wuhan Three Towns,08:00,21.0,4,False,1,0.0475,0.9546539379474941,24
2026-04-11,0x3,Burton,AFC Wimbledon,11:00,21.0,5,False,1,0.0475,0.9546539379474941,24
2026-04-11,0x3,Santa Clara,Rio Ave,14:00,21.0,6,False,1,0.0475,0.9546539379474941,24
2026-04-11,0x3,Internacional,Gremio,20:30,23.0,7,False,1,0.04318181818181818,0.9586056644880174,24
2026-04-11,0x3,Torino,Verona,10:00,23.0,8,False,1,0.04318181818181818,0.9586056644880174,24
2026-04-11,0x3,Hearts,Motherwell,11:00,24.0,9,False,1,0.041304347826086954,0.9603340292275574,24
2026-04-11,0x3,Sport Recife,Avai,18:00,25.0,10,False,1,0.03958333333333333,0.9619238476953909,24
2026-04-11,0x3,Auxerre,Nantes,14:00,25.0,11,False,1,0.03958333333333333,0.9619238476953909,24
2026-04-11,0x3,Juarez,Club Tijuana,00:06,26.0,12,False,1,0.038,0.9633911368015414,24
2026-04-11,0x3,Doncaster,Reading,11:00,27.0,13,False,1,0.036538461538461534,0.9647495361781077,24
2026-04-11,0x3,Cagliari,Cremonese,10:00,28.0,14,False,1,0.03518518518518518,0.9660107334525939,24
2026-04-11,0x3,Kilmarnock,Dundee FC,11:00,30.0,15,False,1,0.03275862068965517,0.9682804674457429,24
2026-04-11,0x3,Orense,Libertad,21:00,30.0,16,False,1,0.03275862068965517,0.9682804674457429,24
2026-04-11,0x3,UTA Arad,FC Botosani,11:15,32.0,17,False,1,0.03064516129032258,0.9702660406885759,24
2026-04-11,0x3,Preussen Munster,Greuther Furth,08:00,32.0,18,False,1,0.03064516129032258,0.9702660406885759,24
2026-04-11,0x3,Legia,Gornik Zabrze,15:15,32.0,19,False,1,0.03064516129032258,0.9702660406885759,24
2026-04-11,0x3,Partick Thistle,Dunfermline,11:00,34.0,20,False,1,0.028787878787878786,0.9720176730486008,24
2026-04-11,0x3,Trencin,Presov,10:30,34.0,21,False,1,0.028787878787878786,0.9720176730486008,24
2026-04-11,0x3,Huddersfield,Wycombe,11:00,34.0,22,False,1,0.028787878787878786,0.9720176730486008,24
2026-04-11,0x3,Cercle Brugge KSV,RAAL La Louviere,11:00,34.0,23,False,1,0.028787878787878786,0.9720176730486008,24
2026-04-11,0x3,Bradford City,Stevenage,11:00,34.0,24,False,1,0.028787878787878786,0.9720176730486008,24
2026-04-12,0x3,Maritimo,Portimonense,10:00,16.5,1,True,1,0.06129032258064516,0.9422492401215806,35
2026-04-12,0x3,Dep. Cali,Llaneros,18:10,17.0,2,True,1,0.059375,0.943952802359882,35
2026-04-12,0x3,Barakaldo,Arenteiro,11:00,17.5,3,True,1,0.05757575757575757,0.9455587392550143,35
2026-04-12,0x3,Leixoes,Oliveirense,11:30,18.0,4,False,1,0.055882352941176466,0.947075208913649,35
2026-04-12,0x3,Carabobo,Universidad Central,18:00,18.0,5,False,1,0.055882352941176466,0.947075208913649,35
2026-04-12,0x3,Malmo FF,GAIS,11:30,19.5,6,False,1,0.05135135135135135,0.9511568123393317,35
2026-04-12,0x3,Mlada Boleslav,Dukla Prague,10:30,19.5,7,False,1,0.05135135135135135,0.9511568123393317,35
2026-04-12,0x3,Ehime,Nara Club,02:00,19.5,8,False,1,0.05135135135135135,0.9511568123393317,35
2026-04-12,0x3,Bologna,Lecce,13:00,20.0,9,False,1,0.049999999999999996,0.9523809523809524,35
2026-04-12,0x3,Kaizer Chiefs,TS Galaxy,10:00,20.0,10,False,1,0.049999999999999996,0.9523809523809524,35
2026-04-12,0x3,Botafogo RJ,Coritiba,16:00,20.0,11,False,1,0.049999999999999996,0.9523809523809524,35
2026-04-12,0x3,Goztepe,Kasimpasa,11:00,21.0,12,False,1,0.0475,0.9546539379474941,35
2026-04-12,0x3,Granada CF,Cultural Leonesa,09:00,21.0,13,False,1,0.0475,0.9546539379474941,35
2026-04-12,0x3,Cracovia,Arka Gdynia,07:15,22.0,14,False,1,0.04523809523809524,0.9567198177676538,35
2026-04-12,0x3,Millonarios,Santa Fe,16:00,22.0,15,False,1,0.04523809523809524,0.9567198177676538,35
2026-04-12,0x3,Konyaspor,Karagumruk,08:30,22.0,16,False,1,0.04523809523809524,0.9567198177676538,35
2026-04-12,0x3,Nice,Le Havre,12:15,22.0,17,False,1,0.04523809523809524,0.9567198177676538,35
2026-04-12,0x3,Cruzeiro,Bragantino,18:30,22.0,18,False,1,0.04523809523809524,0.9567198177676538,35
2026-04-12,0x3,Alverca,Casa Pia,11:30,23.0,19,False,1,0.04318181818181818,0.9586056644880174,35
2026-04-12,0x3,Aucas,Emelec,20:10,23.0,20,False,1,0.04318181818181818,0.9586056644880174,35
2026-04-12,0x3,Tianjin Jinmen Tiger,Qingdao Hainiu,08:00,24.0,21,False,1,0.041304347826086954,0.9603340292275574,35
2026-04-12,0x3,Moss,Hodd,12:00,24.0,22,False,1,0.041304347826086954,0.9603340292275574,35
2026-04-12,0x3,Caracas,Anzoategui FC,20:00,26.0,23,False,1,0.038,0.9633911368015414,35
2026-04-12,0x3,Elversberg,Schalke,08:30,26.0,24,False,1,0.038,0.9633911368015414,35
2026-04-12,0x3,Deportivo Maipu,Colegiales,18:30,27.0,25,False,1,0.036538461538461534,0.9647495361781077,35
2026-04-12,0x3,Deportivo Madryn,Almirante Brown,16:00,27.0,26,False,1,0.036538461538461534,0.9647495361781077,35
2026-04-12,0x3,Ath Bilbao,Villarreal,16:00,27.0,27,False,1,0.036538461538461534,0.9647495361781077,35
2026-04-12,0x3,Inter Bogotá,Alianza,22:30,28.0,28,False,1,0.03518518518518518,0.9660107334525939,35
2026-04-12,0x3,Genoa,Sassuolo,07:30,29.0,29,False,1,0.033928571428571426,0.9671848013816926,35
2026-04-12,0x3,Mainz,Freiburg,14:30,32.0,30,False,1,0.03064516129032258,0.9702660406885759,35
2026-04-12,0x3,Osasuna,Betis,09:00,32.0,31,False,1,0.03064516129032258,0.9702660406885759,35
2026-04-12,0x3,Spezia,Mantova,12:15,32.0,32,False,1,0.03064516129032258,0.9702660406885759,35
2026-04-12,0x3,Platense,Gimnasia Mendoza,15:00,34.0,33,False,1,0.028787878787878786,0.9720176730486008,35
2026-04-12,0x3,Mallorca,Rayo Vallecano,11:15,34.0,34,False,1,0.028787878787878786,0.9720176730486008,35
2026-04-12,0x3,Komarno,Kosice,10:30,34.0,35,False,1,0.028787878787878786,0.9720176730486008,35
2026-04-13,0x3,Bogota,Orsomarso,17:00,16.0,1,True,1,0.06333333333333332,0.9404388714733543,10
2026-04-13,0x3,Penarol,Liverpool M.,20:00,18.5,2,True,1,0.054285714285714284,0.948509485094851,10
2026-04-13,0x3,FC Rapid Bucuresti,FC Arges,12:30,21.0,3,True,1,0.0475,0.9546539379474941,10
2026-04-13,0x3,Lanus,Banfield,19:00,23.0,4,False,1,0.04318181818181818,0.9586056644880174,10
2026-04-13,0x3,Dolomiti Bellunesi,Pro Patria,15:30,24.0,5,False,1,0.041304347826086954,0.9603340292275574,10
2026-04-13,0x3,Piast Gliwice,Pogon Szczecin,14:00,27.0,6,False,1,0.036538461538461534,0.9647495361781077,10
2026-04-13,0x3,Renate,Pro Vercelli,15:30,29.0,7,False,1,0.033928571428571426,0.9671848013816926,10
2026-04-13,0x3,Tristan Suarez,Atl. Rafaela,20:00,30.0,8,False,1,0.03275862068965517,0.9682804674457429,10
2026-04-13,0x3,Union La Calera,D. Concepcion,21:00,30.0,9,False,1,0.03275862068965517,0.9682804674457429,10
2026-04-13,0x3,Fiorentina,Lazio,15:45,34.0,10,False,1,0.028787878787878786,0.9720176730486008,10
2026-04-14,0x3,Airdrieonians,Dunfermline,15:45,20.0,1,True,1,0.049999999999999996,0.9523809523809524,3
2026-04-14,0x3,Bolton,Stevenage,15:45,21.0,2,True,1,0.0475,0.9546539379474941,3
2026-04-14,0x3,Varnamo,Sundsvall,14:00,22.0,3,True,1,0.04523809523809524,0.9567198177676538,3
2026-04-15,0x3,Cajamarca,Sport Huancayo,17:00,28.0,1,True,1,0.03518518518518518,0.9660107334525939,1
2026-04-16,0x3,Betis,Braga,16:00,21.0,1,True,1,0.0475,0.9546539379474941,5
2026-04-16,0x3,Celta Vigo,Freiburg,13:45,23.0,2,True,1,0.04318181818181818,0.9586056644880174,5
2026-04-16,0x3,Strasbourg,Mainz,16:00,23.0,3,True,1,0.04318181818181818,0.9586056644880174,5
2026-04-16,0x3,AEK Athens,Rayo Vallecano,16:00,26.0,4,False,1,0.038,0.9633911368015414,5
2026-04-16,0x3,Septemvri Sofia,Spartak Varna,11:00,30.0,5,False,1,0.03275862068965517,0.9682804674457429,5
2026-04-17,0x3,Cork City,Wexford,15:45,15.0,1,True,1,0.06785714285714285,0.9364548494983278,12
2026-04-17,0x3,Le Mans,Clermont,15:00,17.5,2,True,1,0.05757575757575757,0.9455587392550143,12
2026-04-17,0x3,Union de Santa Fe,Newells Old Boys,20:30,17.5,3,True,1,0.05757575757575757,0.9455587392550143,12
2026-04-17,0x3,Los Chankas,Grau,17:00,17.5,4,False,1,0.05757575757575757,0.9455587392550143,12
2026-04-17,0x3,Celta Vigo B,Cacereno,14:00,18.0,5,False,1,0.055882352941176466,0.947075208913649,12
2026-04-17,0x3,Montpellier,Grenoble,15:00,18.0,6,False,1,0.055882352941176466,0.947075208913649,12
2026-04-17,0x3,Academico Viseu,Feirense,14:45,21.0,7,False,1,0.0475,0.9546539379474941,12
2026-04-17,0x3,Plaza Colonia,Paysandu FC,18:00,24.0,8,False,1,0.041304347826086954,0.9603340292275574,12
2026-04-17,0x3,Emelec,Guayaquil City,21:30,26.0,9,False,1,0.038,0.9633911368015414,12
2026-04-17,0x3,Chongqing Tonglianglong,Shenzhen Xinpengcheng,08:35,27.0,10,False,1,0.036538461538461534,0.9647495361781077,12
2026-04-17,0x3,Qingdao Hainiu,Qingdao West Coast,08:00,28.0,11,False,1,0.03518518518518518,0.9660107334525939,12
2026-04-17,0x3,UC Dublin,Finn Harps,15:45,32.0,12,False,1,0.03064516129032258,0.9702660406885759,12
2026-04-18,0x3,Borac Banja Luka,Velez Mostar,13:30,14.5,1,True,1,0.07037037037037036,0.9342560553633218,41
2026-04-18,0x3,AC Oulu,VPS,11:00,16.0,2,True,1,0.06333333333333332,0.9404388714733543,41
2026-04-18,0x3,Argentinos Jrs,Atl. Tucuman,21:45,16.0,3,True,1,0.06333333333333332,0.9404388714733543,41
2026-04-18,0x3,Aris,Volos,13:00,16.5,4,False,1,0.06129032258064516,0.9422492401215806,41
2026-04-18,0x3,Zaragoza,Ceuta,11:15,17.0,5,False,1,0.059375,0.943952802359882,41
2026-04-18,0x3,Sparta Prague,Jablonec,13:00,17.5,6,False,1,0.05757575757575757,0.9455587392550143,41
2026-04-18,0x3,Cruzeiro,Gremio,20:30,17.5,7,False,1,0.05757575757575757,0.9455587392550143,41
2026-04-18,0x3,Atromitos,AEL Larissa,11:00,19.0,8,False,1,0.05277777777777778,0.949868073878628,41
2026-04-18,0x3,Castellon,Burgos CF,13:30,19.0,9,False,1,0.05277777777777778,0.949868073878628,41
2026-04-18,0x3,Avai,Ponte Preta,20:30,19.0,10,False,1,0.05277777777777778,0.949868073878628,41
2026-04-18,0x3,Independiente,Defensa y Justicia,19:30,20.0,11,False,1,0.049999999999999996,0.9523809523809524,41
2026-04-18,0x3,Charleroi,St. Liege,13:15,21.0,12,False,1,0.0475,0.9546539379474941,41
2026-04-18,0x3,Panetolikos,Panserraikos,14:00,22.0,13,False,1,0.04523809523809524,0.9567198177676538,41
2026-04-18,0x3,Gimnasia L.P.,Estudiantes Rio Cuarto,15:00,22.0,14,False,1,0.04523809523809524,0.9567198177676538,41
2026-04-18,0x3,Godoy Cruz,San Miguel,16:30,22.0,15,False,1,0.04523809523809524,0.9567198177676538,41
2026-04-18,0x3,Philadelphia Union,DC United,20:30,22.0,16,False,1,0.04523809523809524,0.9567198177676538,41
2026-04-18,0x3,Guarani,Sp. Luqueno,18:15,23.0,17,False,1,0.04318181818181818,0.9586056644880174,41
2026-04-18,0x3,Gornik Zabrze,Korona Kielce,12:30,23.0,18,False,1,0.04318181818181818,0.9586056644880174,41
2026-04-18,0x3,Los Andes,San Telmo,15:00,23.0,19,False,1,0.04318181818181818,0.9586056644880174,41
2026-04-18,0x3,Sport Huancayo,Deportivo Garcilaso,19:30,24.0,20,False,1,0.041304347826086954,0.9603340292275574,41
2026-04-18,0x3,Juan Pablo II,Comerciantes Unidos,17:15,24.0,21,False,1,0.041304347826086954,0.9603340292275574,41
2026-04-18,0x3,Toronto FC,Austin FC,14:00,24.0,22,False,1,0.041304347826086954,0.9603340292275574,41
2026-04-18,0x3,Morton,Queen's Park,11:00,24.0,23,False,1,0.041304347826086954,0.9603340292275574,41
2026-04-18,0x3,Gil Vicente,Vitoria Guimaraes,16:30,26.0,24,False,1,0.038,0.9633911368015414,41
2026-04-18,0x3,Reims,Red Star,09:00,27.0,25,False,1,0.036538461538461534,0.9647495361781077,41
2026-04-18,0x3,Sligo Rovers,Waterford,15:45,27.0,26,False,1,0.036538461538461534,0.9647495361781077,41
2026-04-18,0x3,Quilmes,Nueva Chicago,16:30,28.0,27,False,1,0.03518518518518518,0.9660107334525939,41
2026-04-18,0x3,Istra 1961,Vukovar 1991,13:45,28.0,28,False,1,0.03518518518518518,0.9660107334525939,41
2026-04-18,0x3,Juve Stabia,Catanzaro,14:30,28.0,29,False,1,0.03518518518518518,0.9660107334525939,41
2026-04-18,0x3,Ross County,Ayr,11:00,28.0,30,False,1,0.03518518518518518,0.9660107334525939,41
2026-04-18,0x3,Udinese,Parma,10:00,28.0,31,False,1,0.03518518518518518,0.9660107334525939,41
2026-04-18,0x3,Orense,Delfin,21:00,29.0,32,False,1,0.033928571428571426,0.9671848013816926,41
2026-04-18,0x3,Lyngby,Hvidovre IF,08:00,30.0,33,False,1,0.03275862068965517,0.9682804674457429,41
2026-04-18,0x3,Antwerp,Leuven,11:00,30.0,34,False,1,0.03275862068965517,0.9682804674457429,41
2026-04-18,0x3,Fortaleza,Aguilas,22:30,32.0,35,False,1,0.03064516129032258,0.9702660406885759,41
2026-04-18,0x3,Pafos,AEK Larnaca,12:00,32.0,36,False,1,0.03064516129032258,0.9702660406885759,41
2026-04-18,0x3,Dalian Yingbo,Henan Songshan Longmen,08:00,32.0,37,False,1,0.03064516129032258,0.9702660406885759,41
2026-04-18,0x3,America MG,Sport Recife,18:00,32.0,38,False,1,0.03064516129032258,0.9702660406885759,41
2026-04-18,0x3,Petrojet,Pharco,12:00,32.0,39,False,1,0.03064516129032258,0.9702660406885759,41
2026-04-18,0x3,Vasco,Sao Paulo,18:30,32.0,40,False,1,0.03064516129032258,0.9702660406885759,41
2026-04-18,0x3,Novi Pazar,OFK Beograd Mozzart Bet,12:00,34.0,41,False,1,0.028787878787878786,0.9720176730486008,41
2026-04-19,0x3,Bragantino,Remo,18:30,14.0,1,True,1,0.07307692307692307,0.931899641577061,38
2026-04-19,0x3,Santa Fe,Cucuta,16:00,14.0,2,True,1,0.07307692307692307,0.931899641577061,38
2026-04-19,0x3,Junior,Llaneros,20:20,14.0,3,True,1,0.07307692307692307,0.931899641577061,38
2026-04-19,0x3,Audace Cerignola,Altamura,15:30,15.5,4,False,1,0.06551724137931034,0.9385113268608415,38
2026-04-19,0x3,Palmeiras,Athletico-PR,18:30,16.0,5,False,1,0.06333333333333332,0.9404388714733543,38
2026-04-19,0x3,Eibar,Huesca,13:30,16.0,6,False,1,0.06333333333333332,0.9404388714733543,38
2026-04-19,0x3,Schalke,Preussen Munster,08:30,17.0,7,False,1,0.059375,0.943952802359882,38
2026-04-19,0x3,Colo Colo,Palestino,19:30,17.5,8,False,1,0.05757575757575757,0.9455587392550143,38
2026-04-19,0x3,Novorizontino,Athletic Club,20:00,18.0,9,False,1,0.055882352941176466,0.947075208913649,38
2026-04-19,0x3,Talleres Cordoba,Dep. Riestra,20:30,18.5,10,False,1,0.054285714285714284,0.948509485094851,38
2026-04-19,0x3,Salernitana,Picerno,15:30,18.5,11,False,1,0.054285714285714284,0.948509485094851,38
2026-04-19,0x3,Internacional,Mirassol,11:00,19.5,12,False,1,0.05135135135135135,0.9511568123393317,38
2026-04-19,0x3,Estudiantes Merida,Monagas,18:00,20.0,13,False,1,0.049999999999999996,0.9523809523809524,38
2026-04-19,0x3,Manchester City,Arsenal,12:30,20.0,14,False,1,0.049999999999999996,0.9523809523809524,38
2026-04-19,0x3,Univ. Craiova,FC Rapid Bucuresti,15:00,21.0,15,False,1,0.0475,0.9546539379474941,38
2026-04-19,0x3,Braga,Famalicao,16:30,22.0,16,False,1,0.04523809523809524,0.9567198177676538,38
2026-04-19,0x3,Goias,Cuiaba,18:00,22.0,17,False,1,0.04523809523809524,0.9567198177676538,38
2026-04-19,0x3,Coquimbo,Nublense,13:30,23.0,18,False,1,0.04318181818181818,0.9586056644880174,38
2026-04-19,0x3,Ind. del Valle,LDU Quito,17:30,25.0,19,False,1,0.03958333333333333,0.9619238476953909,38
2026-04-19,0x3,Javor,Sp. Subotica,12:30,25.0,20,False,1,0.03958333333333333,0.9619238476953909,38
2026-04-19,0x3,Leones Negros,Cancun,15:00,27.0,21,False,1,0.036538461538461534,0.9647495361781077,38
2026-04-19,0x3,Gimnasia y Tiro,Club A. Guemes,20:00,27.0,22,False,1,0.036538461538461534,0.9647495361781077,38
2026-04-19,0x3,Petrolul,FC Hermannstadt,12:15,28.0,23,False,1,0.03518518518518518,0.9660107334525939,38
2026-04-19,0x3,Radnicki 1923,Radnicki Nis,13:00,28.0,24,False,1,0.03518518518518518,0.9660107334525939,38
2026-04-19,0x3,Arouca,Estrela,11:30,29.0,25,False,1,0.033928571428571426,0.9671848013816926,38
2026-04-19,0x3,Rakow,Cracovia,09:45,29.0,26,False,1,0.033928571428571426,0.9671848013816926,38
2026-04-19,0x3,Empoli,Entella,14:30,29.0,27,False,1,0.033928571428571426,0.9671848013816926,38
2026-04-19,0x3,Huachipato,A. Italiano,21:45,30.0,28,False,1,0.03275862068965517,0.9682804674457429,38
2026-04-19,0x3,Padova,Reggiana,12:15,30.0,29,False,1,0.03275862068965517,0.9682804674457429,38
2026-04-19,0x3,B. Monchengladbach,Mainz,14:30,32.0,30,False,1,0.03064516129032258,0.9702660406885759,38
2026-04-19,0x3,Manta,Dep. Cuenca,15:00,32.0,31,False,1,0.03064516129032258,0.9702660406885759,38
2026-04-19,0x3,Skalica,Trencin,10:30,32.0,32,False,1,0.03064516129032258,0.9702660406885759,38
2026-04-19,0x3,Giugliano,Benevento,15:30,32.0,33,False,1,0.03064516129032258,0.9702660406885759,38
2026-04-19,0x3,Royale Union SG,Club Brugge KV,13:30,32.0,34,False,1,0.03064516129032258,0.9702660406885759,38
2026-04-19,0x3,Olimpia Asuncion,Cerro Porteno,17:30,32.0,35,False,1,0.03064516129032258,0.9702660406885759,38
2026-04-19,0x3,Coritiba,Atletico-MG,16:00,34.0,36,False,1,0.028787878787878786,0.9720176730486008,38
2026-04-19,0x3,San Luis,Deportes Iquique,19:00,34.0,37,False,1,0.028787878787878786,0.9720176730486008,38
2026-04-19,0x3,Santos,Fluminense,16:00,34.0,38,False,1,0.028787878787878786,0.9720176730486008,38
2026-04-20,0x3,Shakhtar Donetsk,Polissya Zhytomyr,12:00,24.0,1,True,1,0.041304347826086954,0.9603340292275574,7
2026-04-20,0x3,Atl. Nacional,Bucaramanga,22:30,24.0,2,True,1,0.041304347826086954,0.9603340292275574,7
2026-04-20,0x3,Once Caldas,Inter Bogotá,20:20,25.0,3,True,1,0.03958333333333333,0.9619238476953909,7
2026-04-20,0x3,Midtjylland,Aarhus,14:00,26.0,4,False,1,0.038,0.9633911368015414,7
2026-04-20,0x3,Dunkerque,Laval,15:45,30.0,5,False,1,0.03275862068965517,0.9682804674457429,7
2026-04-20,0x3,La Guaira,Portuguesa,20:00,32.0,6,False,1,0.03064516129032258,0.9702660406885759,7
2026-04-20,0x3,Crystal Palace,West Ham,16:00,34.0,7,False,1,0.028787878787878786,0.9720176730486008,7
2026-04-21,0x3,West Brom,Watford,15:45,18.5,1,True,1,0.054285714285714284,0.948509485094851,15
2026-04-21,0x3,Genk,Charleroi,15:30,21.0,2,True,1,0.0475,0.9546539379474941,15
2026-04-21,0x3,Stevenage,Barnsley,15:45,21.0,3,False,1,0.0475,0.9546539379474941,15
2026-04-21,0x3,Ath Bilbao,Osasuna,14:00,21.0,4,True,1,0.0475,0.9546539379474941,15
2026-04-21,0x3,Velez Mostar,Siroki Brijeg,15:30,22.0,5,False,1,0.04523809523809524,0.9567198177676538,15
2026-04-21,0x3,Inter,Como,16:00,22.0,6,False,1,0.04523809523809524,0.9567198177676538,15
2026-04-21,0x3,Hvidovre IF,Kolding IF,14:00,25.0,7,False,1,0.03958333333333333,0.9619238476953909,15
2026-04-21,0x3,Lok. Zagreb,Slaven Belupo,11:00,25.0,8,False,1,0.03958333333333333,0.9619238476953909,15
2026-04-21,0x3,BW Linz,Wolfsberger AC,13:30,26.0,9,False,1,0.038,0.9633911368015414,15
2026-04-21,0x3,Norwich,Derby,15:45,26.0,10,False,1,0.038,0.9633911368015414,15
2026-04-21,0x3,Altach,Tirol,13:30,30.0,11,False,1,0.03275862068965517,0.9682804674457429,15
2026-04-21,0x3,Ried,Grazer AK,15:30,32.0,12,False,1,0.03064516129032258,0.9702660406885759,15
2026-04-21,0x3,QPR,Swansea,15:45,34.0,13,False,1,0.028787878787878786,0.9720176730486008,15
2026-04-21,0x3,Girona,Betis,16:30,34.0,14,False,1,0.028787878787878786,0.9720176730486008,15
2026-04-21,0x3,Libertad,Guayaquil City,19:00,34.0,15,False,1,0.028787878787878786,0.9720176730486008,15
2026-04-22,0x3,Pohang,Gwangju FC,07:30,14.5,1,True,1,0.07037037037037036,0.9342560553633218,17
2026-04-22,0x3,Cusco,FC Cajamarca,20:00,16.0,2,True,1,0.06333333333333332,0.9404388714733543,17
2026-04-22,0x3,Barcelona SC,Mushuc Runa,20:00,17.5,3,False,1,0.05757575757575757,0.9455587392550143,17
2026-04-22,0x3,SK Rapid,Hartberg,13:30,17.5,4,True,1,0.05757575757575757,0.9455587392550143,17
2026-04-22,0x3,Daejeon,Jeju SK,07:30,18.5,5,False,1,0.054285714285714284,0.948509485094851,17
2026-04-22,0x3,Atalanta,Lazio,16:00,22.0,6,False,1,0.04523809523809524,0.9567198177676538,17
2026-04-22,0x3,Gamba Osaka,Avispa Fukuoka,07:00,22.0,7,False,1,0.04523809523809524,0.9567198177676538,17
2026-04-22,0x3,LDU Quito,Aucas,22:00,23.0,8,False,1,0.04318181818181818,0.9586056644880174,17
2026-04-22,0x3,Santos,Coritiba,19:30,25.0,9,False,1,0.03958333333333333,0.9619238476953909,17
2026-04-22,0x3,Posusje,Radnik Bijeljina,11:00,27.0,10,False,1,0.036538461538461534,0.9647495361781077,17
2026-04-22,0x3,Real Sociedad,Getafe,15:00,29.0,11,False,1,0.033928571428571426,0.9671848013816926,17
2026-04-22,0x3,Qingdao West Coast,Henan Songshan Longmen,08:35,30.0,12,False,1,0.03275862068965517,0.9682804674457429,17
2026-04-22,0x3,Atlanta Utd,New England Revolution,20:45,30.0,13,False,1,0.03275862068965517,0.9682804674457429,17
2026-04-22,0x3,CSKA Sofia II,Hebar,11:00,32.0,14,False,1,0.03064516129032258,0.9702660406885759,17
2026-04-22,0x3,Hobro,Koge,13:00,32.0,15,False,1,0.03064516129032258,0.9702660406885759,17
2026-04-22,0x3,Cuiaba,Botafogo SP,21:30,32.0,16,False,1,0.03064516129032258,0.9702660406885759,17
2026-04-22,0x3,Oakland Roots,Las Vegas Lights,23:00,32.0,17,False,1,0.03064516129032258,0.9702660406885759,17
2026-04-23,0x3,Athletico-PR,Atletico GO,21:31,14.0,1,True,1,0.07307692307692307,0.931899641577061,5
2026-04-23,0x3,Damac,Al Okhdood,15:00,16.5,2,True,1,0.06129032258064516,0.9422492401215806,5
2026-04-23,0x3,Palestino,D. Concepcion,21:00,19.0,3,True,1,0.05277777777777778,0.949868073878628,5
2026-04-23,0x3,U. Catolica,Macara,21:00,20.0,4,False,1,0.049999999999999996,0.9523809523809524,5
2026-04-23,0x3,Rayo Vallecano,Espanyol,15:00,25.0,5,False,1,0.03958333333333333,0.9619238476953909,5
2026-04-24,0x3,St Johnstone,Raith,15:45,16.0,1,True,1,0.06333333333333332,0.9404388714733543,11
2026-04-24,0x3,Sochaux,Bourg en Bresse,14:30,17.0,2,True,1,0.059375,0.943952802359882,11
2026-04-24,0x3,Rouen,Aubagne,14:30,17.0,3,True,1,0.059375,0.943952802359882,11
2026-04-24,0x3,FCSB,Petrolul,14:30,17.0,4,False,1,0.059375,0.943952802359882,11
2026-04-24,0x3,Red Star,Guingamp,15:00,18.0,5,False,1,0.055882352941176466,0.947075208913649,11
2026-04-24,0x3,Orleans,Quevilly Rouen,14:30,19.0,6,False,0,-1.0,0.949868073878628,11
2026-04-24,0x3,FC Hermannstadt,Csikszereda M. Ciuc,11:30,22.0,7,False,1,0.04523809523809524,0.9567198177676538,11
2026-04-24,0x3,Shelbourne,Drogheda,15:45,23.0,8,False,1,0.04318181818181818,0.9586056644880174,11
2026-04-24,0x3,Zaglebie,Termalica B-B.,13:00,27.0,9,False,1,0.036538461538461534,0.9647495361781077,11
2026-04-24,0x3,Durban City,Orbit College,14:30,27.0,10,False,1,0.036538461538461534,0.9647495361781077,11
2026-04-24,0x3,Hapoel Afula,Ironi Modiin,10:00,34.0,11,False,1,0.028787878787878786,0.9720176730486008,11
2026-04-25,0x3,Valladolid,Real Sociedad B,11:15,14.0,1,True,1,0.07307692307692307,0.931899641577061,36
2026-04-25,0x3,Bahia,Santos,18:30,15.5,2,True,1,0.06551724137931034,0.9385113268608415,36
2026-04-25,0x3,Goztepe,Antalyaspor,14:00,16.5,3,True,1,0.06129032258064516,0.9422492401215806,36
2026-04-25,0x3,Lyon,Auxerre,10:00,16.5,4,False,1,0.06129032258064516,0.9422492401215806,36
2026-04-25,0x3,Ludogorets,CSKA 1948 Sofia,07:15,17.0,5,False,1,0.059375,0.943952802359882,36
2026-04-25,0x3,Vegalta Sendai,Montedio Yamagata,02:00,18.0,6,False,1,0.055882352941176466,0.947075208913649,36
2026-04-25,0x3,Vitoria Guimaraes,Rio Ave,16:30,19.0,7,False,1,0.05277777777777778,0.949868073878628,36
2026-04-25,0x3,Juventude,Londrina,21:00,22.0,8,False,1,0.04523809523809524,0.9567198177676538,36
2026-04-25,0x3,Mushuc Runa,Dep. Cuenca,13:45,23.0,9,False,1,0.04318181818181818,0.9586056644880174,36
2026-04-25,0x3,SC Ashdod,Maccabi Bnei Raina,14:00,23.0,10,False,1,0.04318181818181818,0.9586056644880174,36
2026-04-25,0x3,Huddersfield,Mansfield,11:00,24.0,11,False,1,0.041304347826086954,0.9603340292275574,36
2026-04-25,0x3,FK Pardubice,Zlin,11:00,24.0,12,False,1,0.041304347826086954,0.9603340292275574,36
2026-04-25,0x3,Aberdeen,Kilmarnock,11:00,24.0,13,False,1,0.041304347826086954,0.9603340292275574,36
2026-04-25,0x3,Sao Paulo,Mirassol,21:00,24.0,14,False,1,0.041304347826086954,0.9603340292275574,36
2026-04-25,0x3,Aldershot,Truro,08:30,24.0,15,False,1,0.041304347826086954,0.9603340292275574,36
2026-04-25,0x3,Sekhukhune,Marumo Gallants,12:30,25.0,16,False,1,0.03958333333333333,0.9619238476953909,36
2026-04-25,0x3,Slaven Belupo,Vukovar 1991,11:00,25.0,17,False,1,0.03958333333333333,0.9619238476953909,36
2026-04-25,0x3,Polonia Warszawa,Chrobry Glogow,14:30,25.0,18,False,1,0.03958333333333333,0.9619238476953909,36
2026-04-25,0x3,Atl. Madrid,Ath Bilbao,16:00,25.0,19,False,1,0.03958333333333333,0.9619238476953909,36
2026-04-25,0x3,Leixoes,Portimonense,07:00,27.0,20,False,1,0.036538461538461534,0.9647495361781077,36
2026-04-25,0x3,Emelec,LDU Quito,19:00,27.0,21,False,1,0.036538461538461534,0.9647495361781077,36
2026-04-25,0x3,Alaves,Mallorca,09:00,27.0,22,False,1,0.036538461538461534,0.9647495361781077,36
2026-04-25,0x3,AmaZulu,Chippa Utd.,10:00,27.0,23,False,1,0.036538461538461534,0.9647495361781077,36
2026-04-25,0x3,Cracovia,Pogon Szczecin,15:15,28.0,24,False,1,0.03518518518518518,0.9660107334525939,36
2026-04-25,0x3,Stenhousemuir,Alloa,11:00,28.0,25,False,1,0.03518518518518518,0.9660107334525939,36
2026-04-25,0x3,Wigan,AFC Wimbledon,11:00,29.0,26,False,1,0.033928571428571426,0.9671848013816926,36
2026-04-25,0x3,Parma,Pisa,10:00,29.0,27,False,1,0.033928571428571426,0.9671848013816926,36
2026-04-25,0x3,Ross County,Morton,11:00,29.0,28,False,1,0.033928571428571426,0.9671848013816926,36
2026-04-25,0x3,Valencia,Girona,13:30,29.0,29,False,1,0.033928571428571426,0.9671848013816926,36
2026-04-25,0x3,Estudiantes L.P.,Talleres Cordoba,17:00,30.0,30,False,1,0.03275862068965517,0.9682804674457429,36
2026-04-25,0x3,Comerciantes Unidos,Sporting Cristal,17:30,30.0,31,False,1,0.03275862068965517,0.9682804674457429,36
2026-04-25,0x3,Slovacko,Dukla Prague,11:00,32.0,32,False,1,0.03064516129032258,0.9702660406885759,36
2026-04-25,0x3,Komarno,Skalica,13:00,32.0,33,False,1,0.03064516129032258,0.9702660406885759,36
2026-04-25,0x3,Heidenheim,St. Pauli,10:30,34.0,34,False,1,0.028787878787878786,0.9720176730486008,36
2026-04-25,0x3,Airdrieonians,Ayr,11:00,34.0,35,False,1,0.028787878787878786,0.9720176730486008,36
2026-04-25,0x3,Boston Utd,Hartlepool,08:30,34.0,36,False,1,0.028787878787878786,0.9720176730486008,36
2026-04-26,0x3,Club America,Atlas,00:00,14.0,1,True,1,0.07307692307692307,0.931899641577061,40
2026-04-26,0x3,Inter Bogotá,Chico,22:20,14.0,2,True,1,0.07307692307692307,0.931899641577061,40
2026-04-26,0x3,Athletico-PR,Vitoria,18:30,15.5,3,True,1,0.06551724137931034,0.9385113268608415,40
2026-04-26,0x3,AEL Larissa,Panserraikos,14:00,18.5,4,False,1,0.054285714285714284,0.948509485094851,40
2026-04-26,0x3,Vojvodina,Zeleznicar Pancevo,15:00,20.0,5,False,1,0.049999999999999996,0.9523809523809524,40
2026-04-26,0x3,Ind. Rivadavia,Gimnasia Mendoza,15:00,21.0,6,False,1,0.0475,0.9546539379474941,40
2026-04-26,0x3,Erzurumspor,Bandirmaspor,10:00,22.0,7,False,1,0.04523809523809524,0.9567198177676538,40
2026-04-26,0x3,La Serena,Huachipato,13:30,23.0,8,False,1,0.04318181818181818,0.9586056644880174,40
2026-04-26,0x3,Mirandes,Cultural Leonesa,11:15,23.0,9,False,1,0.04318181818181818,0.9586056644880174,40
2026-04-26,0x3,Criciuma,CRB,20:30,23.0,10,False,1,0.04318181818181818,0.9586056644880174,40
2026-04-26,0x3,Chongqing Tonglianglong,Qingdao West Coast,08:00,23.0,11,False,1,0.04318181818181818,0.9586056644880174,40
2026-04-26,0x3,Gremio,Coritiba,16:00,24.0,12,False,1,0.041304347826086954,0.9603340292275574,40
2026-04-26,0x3,Atletico GO,Avai,20:30,24.0,13,False,1,0.041304347826086954,0.9603340292275574,40
2026-04-26,0x3,Osasuna,Sevilla,13:30,24.0,14,False,1,0.041304347826086954,0.9603340292275574,40
2026-04-26,0x3,Waregem,RAAL La Louviere,14:15,24.0,15,False,1,0.041304347826086954,0.9603340292275574,40
2026-04-26,0x3,Fiorentina,Sassuolo,07:30,25.0,16,False,1,0.03958333333333333,0.9619238476953909,40
2026-04-26,0x3,Deportivo Maipu,Almagro,18:00,25.0,17,False,1,0.03958333333333333,0.9619238476953909,40
2026-04-26,0x3,Presov,Trencin,12:00,26.0,18,False,1,0.038,0.9633911368015414,40
2026-04-26,0x3,Deportivo Madryn,Def. de Belgrano,16:00,26.0,19,False,1,0.038,0.9633911368015414,40
2026-04-26,0x3,Penafiel,FC Porto B,11:30,26.0,20,False,1,0.038,0.9633911368015414,40
2026-04-26,0x3,Kifisia,Panetolikos,10:00,27.0,21,False,1,0.036538461538461534,0.9647495361781077,40
2026-04-26,0x3,HamKam,Start,12:00,27.0,22,False,1,0.036538461538461534,0.9647495361781077,40
2026-04-26,0x3,Guayaquil City,Tecnico U.,17:30,27.0,23,False,1,0.036538461538461534,0.9647495361781077,40
2026-04-26,0x3,Dundee Utd,Dundee FC,10:00,27.0,24,False,1,0.036538461538461534,0.9647495361781077,40
2026-04-26,0x3,Cajamarca,Cienciano,13:00,28.0,25,False,1,0.03518518518518518,0.9660107334525939,40
2026-04-26,0x3,Corinthians,Vasco,16:00,29.0,26,False,1,0.033928571428571426,0.9671848013816926,40
2026-04-26,0x3,Vizela,Sporting CP B,10:00,29.0,27,False,1,0.033928571428571426,0.9671848013816926,40
2026-04-26,0x3,Belgrano,Gimnasia L.P.,17:30,30.0,28,False,1,0.03275862068965517,0.9682804674457429,40
2026-04-26,0x3,Atl. Tucuman,Banfield,20:00,30.0,29,False,1,0.03275862068965517,0.9682804674457429,40
2026-04-26,0x3,Crotone,Latina,13:00,30.0,30,False,1,0.03275862068965517,0.9682804674457429,40
2026-04-26,0x3,Brommapojkarna,Vasteras SK,11:30,30.0,31,False,1,0.03275862068965517,0.9682804674457429,40
2026-04-26,0x3,Varnamo,Oddevold,08:00,30.0,32,False,1,0.03275862068965517,0.9682804674457429,40
2026-04-26,0x3,Achnas,Ol. Nicosia,10:00,32.0,33,False,1,0.03064516129032258,0.9702660406885759,40
2026-04-26,0x3,Sturm Graz,Austria Vienna,12:00,32.0,34,False,1,0.03064516129032258,0.9702660406885759,40
2026-04-26,0x3,Tristan Suarez,Gimnasia y Tiro,15:00,32.0,35,False,1,0.03064516129032258,0.9702660406885759,40
2026-04-26,0x3,Macara,Libertad,15:00,32.0,36,False,1,0.03064516129032258,0.9702660406885759,40
2026-04-26,0x3,Picerno,Sorrento,13:00,32.0,37,False,1,0.03064516129032258,0.9702660406885759,40
2026-04-26,0x3,Slavia Sofia,Botev Vratsa,08:00,32.0,38,False,1,0.03064516129032258,0.9702660406885759,40
2026-04-26,0x3,Lok. Plovdiv,Cherno More,10:30,34.0,39,False,1,0.028787878787878786,0.9720176730486008,40
2026-04-26,0x3,OFK Beograd Mozzart Bet,Radnik,10:00,34.0,40,False,1,0.028787878787878786,0.9720176730486008,40
2026-04-27,0x3,Zamalek,Enppi,11:00,15.5,1,True,1,0.06551724137931034,0.9385113268608415,14
2026-04-27,0x3,Chaves,Oliveirense,14:00,17.0,2,True,1,0.059375,0.943952802359882,14
2026-04-27,0x3,Gil Vicente,Casa Pia,16:15,19.0,3,True,1,0.05277777777777778,0.949868073878628,14
2026-04-27,0x3,IMT Novi Beograd,Radnicki Nis,12:00,24.0,4,False,1,0.041304347826086954,0.9603340292275574,14
2026-04-27,0x3,Lok. Sofia,Septemvri Sofia,14:00,26.0,5,False,1,0.038,0.9633911368015414,14
2026-04-27,0x3,Piast Gliwice,Arka Gdynia,14:00,28.0,6,False,1,0.03518518518518518,0.9660107334525939,14
2026-04-27,0x3,Espanyol,Levante,16:00,28.0,7,False,1,0.03518518518518518,0.9660107334525939,14
2026-04-27,0x3,Alanyaspor,Samsunspor,11:00,29.0,8,False,1,0.033928571428571426,0.9671848013816926,14
2026-04-27,0x3,Gorica,Istra 1961,13:00,32.0,9,False,1,0.03064516129032258,0.9702660406885759,14
2026-04-27,0x3,FK Zorya Luhansk,Veres-Rivne,09:30,32.0,10,False,1,0.03064516129032258,0.9702660406885759,14
2026-04-27,0x3,Lazio,Udinese,15:45,32.0,11,False,1,0.03064516129032258,0.9702660406885759,14
2026-04-27,0x3,AD Tarma,Los Chankas,17:00,32.0,12,False,1,0.03064516129032258,0.9702660406885759,14
2026-04-27,0x3,Velez Sarsfield,Union de Santa Fe,18:45,32.0,13,False,1,0.03064516129032258,0.9702660406885759,14
2026-04-27,0x3,AIK,Malmo FF,14:00,34.0,14,False,1,0.028787878787878786,0.9720176730486008,14
2026-04-28,0x3,Petrojet,El Ismaily,11:00,17.5,1,True,1,0.05757575757575757,0.9455587392550143,4
2026-04-28,0x3,Ferro,Almirante Brown,19:30,26.0,2,True,1,0.038,0.9633911368015414,4
2026-04-28,0x3,ZED,Pharco,11:00,28.0,3,True,1,0.03518518518518518,0.9660107334525939,4
2026-04-28,0x3,Arab Contractors,Ghazl El Mahallah,14:00,34.0,4,False,1,0.028787878787878786,0.9720176730486008,4
2026-04-29,0x3,Nagoya Grampus,Okayama,03:00,18.5,1,True,1,0.054285714285714284,0.948509485094851,6
2026-04-29,0x3,Shimizu S-Pulse,V-Varen Nagasaki,01:00,24.0,2,True,1,0.041304347826086954,0.9603340292275574,6
2026-04-29,0x3,Hokkaido Consadole Sapporo,Fujieda MYFC,02:00,28.0,3,True,1,0.03518518518518518,0.9660107334525939,6
2026-04-29,0x3,Ehime,Imabari,05:00,30.0,4,False,1,0.03275862068965517,0.9682804674457429,6
2026-04-29,0x3,Kagoshima Utd,Sagan Tosu,02:00,32.0,5,False,1,0.03064516129032258,0.9702660406885759,6
2026-04-29,0x3,Oita Trinita,Kumamoto,02:00,34.0,6,False,1,0.028787878787878786,0.9720176730486008,6
2026-04-30,0x3,Concarneau,Paris 13 Atl.,14:30,23.0,1,True,1,0.04318181818181818,0.9586056644880174,4
2026-04-30,0x3,Rayo Vallecano,Strasbourg,16:00,26.0,2,True,1,0.038,0.9633911368015414,4
2026-04-30,0x3,Braga,Freiburg,16:00,32.0,3,True,1,0.03064516129032258,0.9702660406885759,4
2026-04-30,0x3,Zacatecas Mineros,Tepatitlan de Morelos,22:00,34.0,4,False,1,0.028787878787878786,0.9720176730486008,4
2026-05-01,0x3,Galway,St. Patricks,15:45,26.0,1,True,1,0.038,0.9633911368015414,3
2026-05-01,0x3,Libertad,Aucas,21:00,26.0,2,True,1,0.038,0.9633911368015414,3
2026-05-01,0x3,Juve Stabia,Frosinone,10:00,28.0,3,True,1,0.03518518518518518,0.9660107334525939,3
2026-05-02,0x3,Central Cordoba,Boca Juniors,16:15,20.0,1,True,1,0.049999999999999996,0.9523809523809524,10
2026-05-02,0x3,Amiens,Red Star,15:00,21.0,2,True,1,0.0475,0.9546539379474941,10
2026-05-02,0x3,Austria Vienna (Am),Floridsdorfer AC,09:30,25.0,3,True,1,0.03958333333333333,0.9619238476953909,10
2026-05-02,0x3,St. Truiden,Royale Union SG,15:45,26.0,4,False,1,0.038,0.9633911368015414,10
2026-05-02,0x3,Boulogne,Annecy,15:00,27.0,5,False,1,0.036538461538461534,0.9647495361781077,10
2026-05-02,0x3,Jeju SK,Jeonbuk,04:30,27.0,6,False,1,0.036538461538461534,0.9647495361781077,10
2026-05-02,0x3,Mariehamn,VPS,11:00,28.0,7,False,1,0.03518518518518518,0.9660107334525939,10
2026-05-02,0x3,Qingdao Hainiu,Shanghai Port,08:00,29.0,8,False,1,0.033928571428571426,0.9671848013816926,10
2026-05-02,0x3,AC Oulu,KuPS,13:00,34.0,9,False,1,0.028787878787878786,0.9720176730486008,10
2026-05-02,0x3,Detroit,Louisville City,19:00,34.0,10,False,1,0.028787878787878786,0.9720176730486008,10
2026-05-03,0x3,Atlas,Cruz Azul,00:15,21.0,1,True,1,0.0475,0.9546539379474941,10
2026-05-03,0x3,Rio Ave,Gil Vicente,16:30,22.0,2,True,1,0.04523809523809524,0.9567198177676538,10
2026-05-03,0x3,Chapecoense-SC,Bragantino,18:30,23.0,3,True,1,0.04318181818181818,0.9586056644880174,10
2026-05-03,0x3,Alianza,Millonarios,17:30,26.0,4,False,1,0.038,0.9633911368015414,10
2026-05-03,0x3,Lok. Zagreb,Rijeka,11:00,30.0,5,False,0,-1.0,0.9682804674457429,10
2026-05-03,0x3,OFI Crete,Aris,11:00,32.0,6,False,1,0.03064516129032258,0.9702660406885759,10
2026-05-03,0x3,Javor,IMT Novi Beograd,14:30,32.0,7,False,1,0.03064516129032258,0.9702660406885759,10
2026-05-03,0x3,Haras El Hodood,El Gaish,11:00,34.0,8,False,1,0.028787878787878786,0.9720176730486008,10
2026-05-03,0x3,Gimnasia L.P.,Argentinos Jrs,16:00,34.0,9,False,1,0.028787878787878786,0.9720176730486008,10
2026-05-03,0x3,PAOK,Olympiacos Piraeus,13:00,34.0,10,False,1,0.028787878787878786,0.9720176730486008,10
2026-05-04,0x3,Unirea Slobozia,FC Hermannstadt,11:30,29.0,1,True,1,0.033928571428571426,0.9671848013816926,3
2026-05-04,0x3,Radnik,Vojvodina,12:00,34.0,2,True,1,0.028787878787878786,0.9720176730486008,3
2026-05-04,0x3,Cremonese,Lazio,13:30,34.0,3,True,1,0.028787878787878786,0.9720176730486008,3
2026-05-05,0x3,Gimcheon Sangmu,Ulsan HD,04:30,28.0,1,True,1,0.03518518518518518,0.9660107334525939,1
2026-05-06,0x3,Slavia Sofia,Septemvri Sofia,11:30,27.0,1,True,1,0.036538461538461534,0.9647495361781077,1
2026-05-08,0x3,Cadiz CF,Dep. La Coruna,15:30,24.0,1,True,1,0.041304347826086954,0.9603340292275574,4
2026-05-08,0x3,Galway,Shamrock Rovers,15:45,26.0,2,True,1,0.038,0.9633911368015414,4
2026-05-08,0x3,Reggiana,Sampdoria,15:30,32.0,3,True,1,0.03064516129032258,0.9702660406885759,4
2026-05-08,0x3,CFR Cluj,Univ. Craiova,15:00,34.0,4,False,1,0.028787878787878786,0.9720176730486008,4
2026-05-09,0x3,Sundsvall,Norrkoping,12:00,24.0,1,True,1,0.041304347826086954,0.9603340292275574,8
2026-05-09,0x3,Central Esp.,Racing Montevideo,18:30,26.0,2,True,1,0.038,0.9633911368015414,8
2026-05-09,0x3,Cheongju,Gimpo FC,04:30,28.0,3,True,1,0.03518518518518518,0.9660107334525939,8
2026-05-09,0x3,Degerfors,Mjallby,10:00,29.0,4,False,1,0.033928571428571426,0.9671848013816926,8
2026-05-09,0x3,Michalovce,Dun. Streda,13:00,30.0,5,False,1,0.03275862068965517,0.9682804674457429,8
2026-05-09,0x3,Jeju SK,Seoul,02:00,32.0,6,False,1,0.03064516129032258,0.9702660406885759,8
2026-05-09,0x3,AEL Limassol,Ol. Nicosia,12:00,32.0,7,False,1,0.03064516129032258,0.9702660406885759,8
2026-05-09,0x3,Vasteras SK,GAIS,10:00,34.0,8,False,1,0.028787878787878786,0.9720176730486008,8
2026-05-10,0x3,Slaven Belupo,Gorica,13:15,23.0,1,True,1,0.04318181818181818,0.9586056644880174,5
2026-05-10,0x3,Remo,Palmeiras,17:15,23.0,2,True,1,0.04318181818181818,0.9586056644880174,5
2026-05-10,0x3,Gremio,Flamengo RJ,19:30,23.0,3,True,1,0.04318181818181818,0.9586056644880174,5
2026-05-10,0x3,Qingdao Hainiu,Dalian Yingbo,09:00,34.0,4,False,1,0.028787878787878786,0.9720176730486008,5
2026-05-10,0x3,Siroki Brijeg,Borac Banja Luka,14:30,34.0,5,False,1,0.028787878787878786,0.9720176730486008,5
2026-05-11,0x3,Estrela,Famalicao,16:15,27.0,1,True,1,0.036538461538461534,0.9647495361781077,2
2026-05-11,0x3,Sport Boys,U. de Deportes,22:30,29.0,2,True,1,0.033928571428571426,0.9671848013816926,2
2026-05-12,0x3,Botev Plovdiv,Arda,14:15,34.0,1,True,1,0.028787878787878786,0.9720176730486008,1
2026-05-13,0x3,Bucheon FC 1995,Jeonbuk,07:30,22.0,1,True,1,0.04523809523809524,0.9567198177676538,4
2026-05-13,0x3,Arka Gdynia,Gornik Zabrze,13:00,24.0,2,True,1,0.041304347826086954,0.9603340292275574,4
2026-05-13,0x3,Volos,Aris,11:00,28.0,3,True,1,0.03518518518518518,0.9660107334525939,4
2026-05-13,0x3,Juventude,Sao Paulo,19:00,32.0,4,False,1,0.03064516129032258,0.9702660406885759,4
2026-05-15,0x3,Waterford,Derry City,15:45,20.0,1,True,1,0.049999999999999996,0.9523809523809524,3
2026-05-15,0x3,Pogon Siedlce,Stal Mielec,13:00,32.0,2,True,1,0.03064516129032258,0.9702660406885759,3
2026-05-15,0x3,Montevideo City,Nacional,20:00,32.0,3,True,1,0.03064516129032258,0.9702660406885759,3
2026-05-16,0x3,Halmstad,Elfsborg,10:00,24.0,1,True,1,0.041304347826086954,0.9603340292275574,5
2026-05-16,0x3,SJK,Inter Turku,11:00,27.0,2,True,1,0.036538461538461534,0.9647495361781077,5
2026-05-16,0x3,Juve Stabia,Monza,15:00,27.0,3,True,1,0.036538461538461534,0.9647495361781077,5
2026-05-16,0x3,Arouca,Tondela,14:00,30.0,4,False,1,0.03275862068965517,0.9682804674457429,5
2026-05-16,0x3,St. Liege,Genk,13:15,32.0,5,False,1,0.03064516129032258,0.9702660406885759,5
2026-05-17,0x3,Cobresal,U. De Chile,16:00,22.0,1,True,1,0.04523809523809524,0.9567198177676538,6
2026-05-17,0x3,Panathinaikos,PAOK,13:30,24.0,2,True,1,0.041304347826086954,0.9603340292275574,6
2026-05-17,0x3,Kyoto,Sanfrecce Hiroshima,03:00,29.0,3,True,1,0.033928571428571426,0.9671848013816926,6
2026-05-17,0x3,Vasteras SK,AIK,11:30,30.0,4,False,1,0.03275862068965517,0.9682804674457429,6
2026-05-17,0x3,Hradec Kralove,Slavia Prague,12:00,32.0,5,False,1,0.03064516129032258,0.9702660406885759,6
2026-05-17,0x3,Athletico-PR,Flamengo RJ,19:30,32.0,6,False,1,0.03064516129032258,0.9702660406885759,6
2026-05-19,0x3,Helsingborg,Varberg,14:00,34.0,1,True,1,0.028787878787878786,0.9720176730486008,1
2026-05-20,0x3,Ilves,Inter Turku,12:00,28.0,1,True,1,0.03518518518518518,0.9660107334525939,2
2026-05-20,0x3,GAIS,Hammarby,14:00,30.0,2,True,1,0.03275862068965517,0.9682804674457429,2
2026-05-21,0x3,Gent,Royale Union SG,15:30,23.0,1,True,1,0.04318181818181818,0.9586056644880174,1
2026-05-22,0x3,Athlone,Cork City,15:45,21.0,1,True,0,-1.0,0.9546539379474941,4
2026-05-22,0x3,Galway,Bohemians,15:45,25.0,2,True,1,0.03958333333333333,0.9619238476953909,4
2026-05-22,0x3,VPS,HJK,13:00,28.0,3,True,1,0.03518518518518518,0.9660107334525939,4
2026-05-22,0x3,Kerry,Bray,15:45,34.0,4,False,1,0.028787878787878786,0.9720176730486008,4
2026-05-23,0x3,Avispa Fukuoka,Vissel Kobe,02:00,21.0,1,True,1,0.0475,0.9546539379474941,4
2026-05-23,0x3,Hull,Middlesbrough,11:30,22.0,2,True,1,0.04523809523809524,0.9567198177676538,4
2026-05-23,0x3,Kahrabaa Ismailia,Arab Contractors,14:00,30.0,3,True,1,0.03275862068965517,0.9682804674457429,4
2026-05-23,0x3,Sp. Luqueno,Olimpia Asuncion,16:00,34.0,4,False,1,0.028787878787878786,0.9720176730486008,4
2026-05-24,0x3,Valladolid,Dep. La Coruna,13:30,24.0,1,True,1,0.041304347826086954,0.9603340292275574,4
2026-05-24,0x3,Odra Opole,Polonia Warszawa,11:30,27.0,2,True,1,0.036538461538461534,0.9647495361781077,4
2026-05-24,0x3,Delfin,Barcelona SC,20:10,29.0,3,True,1,0.033928571428571426,0.9671848013816926,4
2026-05-24,0x3,UNAM Pumas,Cruz Azul,22:00,32.0,4,False,1,0.03064516129032258,0.9702660406885759,4
2026-05-25,0x3,Kolding IF,Hillerod,08:00,26.0,1,True,1,0.038,0.9633911368015414,2
2026-05-25,0x3,Paderborn,Wolfsburg,15:30,28.0,2,True,1,0.03518518518518518,0.9660107334525939,2
2026-05-30,0x3,Chongqing Tonglianglong,Beijing Guoan,09:00,23.0,1,True,1,0.04318181818181818,0.9586056644880174,4
2026-05-30,0x3,La Serena,Colo Colo,16:00,25.0,2,True,1,0.03958333333333333,0.9619238476953909,4
2026-05-30,0x3,Asan,Suwon Bluewings,04:30,28.0,3,True,1,0.03518518518518518,0.9660107334525939,4
2026-05-30,0x3,TPS,VPS,11:00,32.0,4,False,1,0.03064516129032258,0.9702660406885759,4
2026-05-31,0x3,Zaragoza,Malaga,13:30,23.0,1,True,1,0.04318181818181818,0.9586056644880174,5
2026-05-31,0x3,Ansan Greeners,Cheonan City,07:00,30.0,2,True,1,0.03275862068965517,0.9682804674457429,5
2026-05-31,0x3,Jeonnam,Seoul E-Land,04:30,32.0,3,True,1,0.03064516129032258,0.9702660406885759,5
2026-05-31,0x3,Dep. La Coruna,Las Palmas,13:30,32.0,4,False,1,0.03064516129032258,0.9702660406885759,5
2026-05-31,0x3,Maldonado,Nacional,18:30,32.0,5,False,1,0.03064516129032258,0.9702660406885759,5
2026-06-03,0x3,Birmingham,Louisville City,21:00,27.0,1,True,1,0.036538461538461534,0.9647495361781077,1
2026-06-06,0x3,Central Esp.,Racing Montevideo,10:00,30.0,1,True,1,0.03275862068965517,0.9682804674457429,2
2026-06-06,0x3,Hwaseong,Suwon Bluewings,07:30,32.0,2,True,1,0.03064516129032258,0.9702660406885759,2
2026-06-07,0x3,Huachipato,Colo Colo,16:00,29.0,1,True,1,0.033928571428571426,0.9671848013816926,1
2026-06-14,0x3,Union La Calera,U. De Chile,16:00,30.0,1,True,1,0.03275862068965517,0.9682804674457429,1
2026-06-19,0x3,Drogheda,Shelbourne,15:45,25.0,1,True,1,0.03958333333333333,0.9619238476953909,2
2026-06-19,0x3,Galway,Derry City,15:45,34.0,2,True,1,0.028787878787878786,0.9720176730486008,2
2026-06-23,0x3,Jaro,Gnistan,13:00,32.0,1,True,1,0.03064516129032258,0.9702660406885759,1
2026-06-27,0x3,Sundsvall,Ostersund,12:00,27.0,1,True,1,0.036538461538461534,0.9647495361781077,1
2026-06-28,0x3,South Africa,Canada,16:00,19.5,1,True,1,0.05135135135135135,0.9511568123393317,2
2026-06-28,0x3,Cerrito,Plaza Colonia,15:00,34.0,2,True,1,0.028787878787878786,0.9720176730486008,2
2026-06-30,0x3,Ivory Coast,Norway,14:00,30.0,1,True,1,0.03275862068965517,0.9682804674457429,1
2026-07-04,0x3,Degerfors,Malmo FF,10:00,27.0,1,True,1,0.036538461538461534,0.9647495361781077,1
2026-07-06,0x3,Brommapojkarna,GAIS,14:00,34.0,1,True,1,0.028787878787878786,0.9720176730486008,1
2026-07-07,0x3,Switzerland,Colombia,17:00,30.0,1,True,1,0.03275862068965517,0.9682804674457429,1
2026-07-11,0x3,Danubio,Nacional,15:00,23.0,1,True,1,0.04318181818181818,0.9586056644880174,1
2026-07-12,0x3,Jeju SK,Daejeon,07:30,32.0,1,True,1,0.03064516129032258,0.9702660406885759,1
2026-07-16,0x3,Aucas,Ind. del Valle,18:30,30.0,1,True,0,-1.0,0.9682804674457429,1
2026-07-17,0x3,Club Tijuana,Tigres UANL,00:10,28.0,1,True,1,0.03518518518518518,0.9660107334525939,1
2026-07-18,0x3,HamKam,Tromso,09:00,24.0,1,True,1,0.041304347826086954,0.9603340292275574,4
2026-07-18,0x3,Septemvri Sofia,Arda,13:00,24.0,2,True,1,0.041304347826086954,0.9603340292275574,4
2026-07-18,0x3,Progreso,Maldonado,12:30,26.0,3,True,1,0.038,0.9633911368015414,4
2026-07-18,0x3,Pittsburgh,Louisville City,13:00,32.0,4,False,1,0.03064516129032258,0.9702660406885759,4
2026-07-19,0x3,Sao Luiz,CSA,11:00,32.0,1,True,1,0.03064516129032258,0.9702660406885759,1
2026-07-21,0x3,Jeju SK,Gangwon,07:30,24.0,1,True,1,0.041304347826086954,0.9603340292275574,1
2026-07-22,0x3,Manta,LDU Quito,21:00,22.0,1,True,1,0.04523809523809524,0.9567198177676538,3
2026-07-22,0x3,Coritiba,Palmeiras,19:30,26.0,2,True,1,0.038,0.9633911368015414,3
2026-07-22,0x3,Gwangju FC,Gimcheon Sangmu,07:30,27.0,3,True,1,0.036538461538461534,0.9647495361781077,3
2026-07-23,0x3,Sarmiento Junin,Argentinos Jrs,19:30,30.0,1,True,1,0.03275862068965517,0.9682804674457429,1
2026-07-25,0x3,Pogon Siedlce,LKS Lodz,10:30,23.0,1,True,1,0.04318181818181818,0.9586056644880174,4
2026-07-25,0x3,Busan,Suwon Bluewings,07:30,32.0,2,True,1,0.03064516129032258,0.9702660406885759,4
2026-07-25,0x3,Zlin,Ostrava,12:00,32.0,3,True,1,0.03064516129032258,0.9702660406885759,4
2026-07-25,0x3,Mura,O. Ljubljana,13:00,32.0,4,False,1,0.03064516129032258,0.9702660406885759,4
2026-07-26,0x3,Anyang,Gangwon,07:30,26.0,1,True,1,0.038,0.9633911368015414,7
2026-07-26,0x3,Gwangju FC,Jeju SK,07:30,28.0,2,False,1,0.03518518518518518,0.9660107334525939,7
2026-07-26,0x3,Dep. Riestra,Boca Juniors,19:30,28.0,3,True,1,0.03518518518518518,0.9660107334525939,7
2026-07-26,0x3,A. Italiano,U. De Chile,18:30,28.0,4,True,1,0.03518518518518518,0.9660107334525939,7
2026-07-26,0x3,Londrina,Novorizontino,18:30,30.0,5,False,1,0.03275862068965517,0.9682804674457429,7
2026-07-26,0x3,Gremio,Fluminense,18:30,32.0,6,False,1,0.03064516129032258,0.9702660406885759,7
2026-07-26,0x3,Comerciantes Unidos,Alianza Lima,17:30,34.0,7,False,1,0.028787878787878786,0.9720176730486008,7
2026-07-27,0x3,Guayaquil City,U. Catolica,18:30,24.0,1,True,1,0.041304347826086954,0.9603340292275574,2
2026-07-27,0x3,FC Botosani,FC Rapid Bucuresti,15:30,34.0,2,True,1,0.028787878787878786,0.9720176730486008,2
2026-07-28,0x3,Ponte Preta,Athletic Club,19:30,26.0,1,True,1,0.038,0.9633911368015414,2
2026-07-28,0x3,2 de Mayo,Cerro Porteno,18:30,30.0,2,True,1,0.03275862068965517,0.9682804674457429,2
2026-07-29,0x3,Gimnasia L.P.,River Plate,19:15,25.0,1,True,1,0.03958333333333333,0.9619238476953909,4
2026-07-29,0x3,Vitoria,Palmeiras,21:30,27.0,2,True,1,0.036538461538461534,0.9647495361781077,4
2026-07-29,0x3,Internacional,Flamengo RJ,19:30,30.0,3,True,1,0.03275862068965517,0.9682804674457429,4
2026-07-29,0x3,Nacional Asuncion,Olimpia Asuncion,18:30,32.0,4,False,1,0.03064516129032258,0.9702660406885759,4
2026-07-30,0x3,Coritiba,Cruzeiro,21:30,32.0,1,True,1,0.03064516129032258,0.9702660406885759,2
2026-07-30,0x3,San Lorenzo,Guarani,16:00,34.0,2,True,1,0.028787878787878786,0.9720176730486008,2
2026-07-31,0x3,Drogheda,Shamrock Rovers,16:00,27.0,1,True,1,0.036538461538461534,0.9647495361781077,2
2026-07-31,0x3,Floridsdorfer AC,St. Polten,15:30,30.0,2,True,1,0.03275862068965517,0.9682804674457429,2
2026-08-01,0x3,Miami FC,Detroit,20:00,25.0,1,True,1,0.03958333333333333,0.9619238476953909,7
2026-08-01,0x3,Everton,Colo Colo,16:00,26.0,2,True,1,0.038,0.9633911368015414,7
2026-08-01,0x3,Queretaro,Tigres UANL,20:00,28.0,3,True,1,0.03518518518518518,0.9660107334525939,7
2026-08-01,0x3,Cove Rangers,Airdrieonians,11:00,32.0,4,False,1,0.03064516129032258,0.9702660406885759,7
2026-08-01,0x3,Trujillanos,Universidad Central,18:00,34.0,5,False,1,0.028787878787878786,0.9720176730486008,7
2026-08-01,0x3,Forfar Athletic,Kelty Hearts,11:00,34.0,6,False,1,0.028787878787878786,0.9720176730486008,7
2026-08-01,0x3,DC United,Nashville SC,20:30,34.0,7,False,1,0.028787878787878786,0.9720176730486008,7
2026-08-02,0x3,Newells Old Boys,Boca Juniors,17:00,25.0,1,True,1,0.03958333333333333,0.9619238476953909,5
2026-08-02,0x3,D. Concepcion,U. Catolica,13:30,29.0,2,True,1,0.033928571428571426,0.9671848013816926,5
2026-08-02,0x3,Zemun,Radnicki Nis,15:00,29.0,3,True,1,0.033928571428571426,0.9671848013816926,5
2026-08-02,0x3,Komarno,Trnava,14:00,32.0,4,False,1,0.03064516129032258,0.9702660406885759,5
2026-08-02,0x3,Varazdin,Hajduk Split,13:30,34.0,5,False,1,0.028787878787878786,0.9720176730486008,5
2026-08-03,0x3,Sarmiento Junin,Ind. Rivadavia,16:45,32.0,1,True,1,0.03064516129032258,0.9702660406885759,1
2026-08-06,0x3,Dorados de Sinaloa,Zacatecas Mineros,22:00,32.0,1,True,1,0.03064516129032258,0.9702660406885759,1
2026-08-08,0x3,Jaro,VPS,13:00,22.0,1,True,1,0.04523809523809524,0.9567198177676538,13
2026-08-08,0x3,Teplice,Plzen,12:00,23.0,2,True,1,0.04318181818181818,0.9586056644880174,13
2026-08-08,0x3,Clermont,Reims,15:45,23.0,3,True,1,0.04318181818181818,0.9586056644880174,13
2026-08-08,0x3,2 de Mayo,Olimpia Asuncion,18:30,26.0,4,False,1,0.038,0.9633911368015414,13
2026-08-08,0x3,Sochaux,St Etienne,15:45,27.0,5,False,0,-1.0,0.9647495361781077,13
2026-08-08,0x3,Sport Boys,Alianza Lima,22:00,27.0,6,False,1,0.036538461538461534,0.9647495361781077,13
2026-08-08,0x3,Queen's Park,Raith,11:00,28.0,7,False,1,0.03518518518518518,0.9660107334525939,13
2026-08-08,0x3,Dunav Ruse,Arda,15:15,30.0,8,False,1,0.03275862068965517,0.9682804674457429,13
2026-08-08,0x3,Ameliano,Cerro Porteno,16:00,30.0,9,False,1,0.03275862068965517,0.9682804674457429,13
2026-08-08,0x3,Swansea,Birmingham,11:00,32.0,10,False,1,0.03064516129032258,0.9702660406885759,13
2026-08-08,0x3,QPR,Millwall,10:00,34.0,11,False,1,0.028787878787878786,0.9720176730486008,13
2026-08-08,0x3,Gimcheon Sangmu,Seoul,07:30,34.0,12,False,1,0.028787878787878786,0.9720176730486008,13
2026-08-08,0x3,Huachipato,Everton,16:00,34.0,13,False,1,0.028787878787878786,0.9720176730486008,13
2026-08-09,0x3,Bodrumspor,Bursaspor,15:30,22.0,1,True,1,0.04523809523809524,0.9567198177676538,3
2026-08-09,0x3,Shelbourne,St. Patricks,13:00,26.0,2,True,1,0.038,0.9633911368015414,3
2026-08-09,0x3,Jaguares de Cordoba,Once Caldas,20:10,34.0,3,True,1,0.028787878787878786,0.9720176730486008,3
2026-08-10,0x3,Sepsi Sf. Gheorghe,FCSB,15:30,22.0,1,True,1,0.04523809523809524,0.9567198177676538,2
2026-08-10,0x3,Libertad,U. Catolica,18:30,23.0,2,True,1,0.04318181818181818,0.9586056644880174,2
2026-08-14,0x3,Laval,Nantes,15:45,24.0,1,True,1,0.041304347826086954,0.9603340292275574,2
2026-08-14,0x3,Grenoble,Metz,15:45,30.0,2,True,1,0.03275862068965517,0.9682804674457429,2
2026-08-15,0x3,Kasimpasa,Trabzonspor,13:00,24.0,1,True,1,0.041304347826086954,0.9603340292275574,9
2026-08-15,0x3,Platense,Boca Juniors,21:15,27.0,2,True,1,0.036538461538461534,0.9647495361781077,9
2026-08-15,0x3,Kaizer Chiefs,Mamelodi Sundowns,10:00,28.0,3,True,1,0.03518518518518518,0.9660107334525939,9
2026-08-15,0x3,Yeovil,Carlisle,11:00,28.0,4,False,1,0.03518518518518518,0.9660107334525939,9
2026-08-15,0x3,Reading,Luton,08:30,29.0,5,False,1,0.033928571428571426,0.9671848013816926,9
2026-08-15,0x3,Gwangju FC,Pohang,07:30,30.0,6,False,1,0.03275862068965517,0.9682804674457429,9
2026-08-15,0x3,O. Ljubljana,Maribor,15:15,32.0,7,False,1,0.03064516129032258,0.9702660406885759,9
2026-08-15,0x3,Csikszereda M. Ciuc,Sepsi Sf. Gheorghe,12:30,32.0,8,False,1,0.03064516129032258,0.9702660406885759,9
2026-08-15,0x3,Slovacko,Sigma Olomouc,12:00,34.0,9,False,1,0.028787878787878786,0.9720176730486008,9
2026-08-16,0x3,Mirassol,Flamengo RJ,18:30,22.0,1,True,1,0.04523809523809524,0.9567198177676538,8
2026-08-16,0x3,Otelul,Univ. Craiova,12:30,22.0,2,True,1,0.04523809523809524,0.9567198177676538,8
2026-08-16,0x3,Sp. Luqueno,Libertad Asuncion,16:00,24.0,3,True,1,0.041304347826086954,0.9603340292275574,8
2026-08-16,0x3,Chapecoense-SC,Bahia,11:00,25.0,4,False,1,0.03958333333333333,0.9619238476953909,8
2026-08-16,0x3,Progreso,Maldonado,11:00,27.0,5,False,1,0.036538461538461534,0.9647495361781077,8
2026-08-16,0x3,Degerfors,Goteborg,09:00,32.0,6,False,1,0.03064516129032258,0.9702660406885759,8
2026-08-16,0x3,Central Cordoba,Instituto,20:15,32.0,7,False,1,0.03064516129032258,0.9702660406885759,8
2026-08-16,0x3,Atlas,Tigres UANL,00:10,34.0,8,False,1,0.028787878787878786,0.9720176730486008,8
2026-08-17,0x3,Club Tijuana,Cruz Azul,00:00,32.0,1,True,1,0.03064516129032258,0.9702660406885759,2
2026-08-17,0x3,Macara,U. Catolica,21:00,34.0,2,True,1,0.028787878787878786,0.9720176730486008,2
2026-08-21,0x3,Caracas,Carabobo,20:00,23.0,1,True,1,0.04318181818181818,0.9586056644880174,4
2026-08-21,0x3,Petrolul,FC Rapid Bucuresti,14:30,30.0,2,True,1,0.03275862068965517,0.9682804674457429,4
2026-08-21,0x3,Karagumruk,Bursaspor,15:30,32.0,3,True,1,0.03064516129032258,0.9702660406885759,4
2026-08-21,0x3,Boulogne,Red Star,15:00,34.0,4,False,1,0.028787878787878786,0.9720176730486008,4
2026-08-22,0x3,Udinese,Como,13:30,19.5,1,True,1,0.05135135135135135,0.9511568123393317,16
2026-08-22,0x3,Anyang,Seoul,07:30,22.0,2,True,1,0.04523809523809524,0.9567198177676538,16
2026-08-22,0x3,Preston,Wolves,11:00,24.0,3,True,1,0.041304347826086954,0.9603340292275574,16
2026-08-22,0x3,Piast Gliwice,Legia,12:30,25.0,4,False,1,0.03958333333333333,0.9619238476953909,16
2026-08-22,0x3,Shrewsbury,Barnet,11:00,27.0,5,False,1,0.036538461538461534,0.9647495361781077,16
2026-08-22,0x3,Cruzeiro,Flamengo RJ,20:30,27.0,6,False,1,0.036538461538461534,0.9647495361781077,16
2026-08-22,0x3,Aguilas,Millonarios,17:30,27.0,7,False,1,0.036538461538461534,0.9647495361781077,16
2026-08-22,0x3,Genoa,Napoli,15:45,27.0,8,False,1,0.036538461538461534,0.9647495361781077,16
2026-08-22,0x3,Morton,Arbroath,11:00,28.0,9,False,1,0.03518518518518518,0.9660107334525939,16
2026-08-22,0x3,Estudiantes Merida,Puerto Cabello,17:00,28.0,10,False,1,0.03518518518518518,0.9660107334525939,16
2026-08-22,0x3,East Fife,Hamilton,11:00,29.0,11,False,1,0.033928571428571426,0.9671848013816926,16
2026-08-22,0x3,Mura,Koper,12:30,32.0,12,False,1,0.03064516129032258,0.9702660406885759,16
2026-08-22,0x3,Slask Wroclaw,Widzew Lodz,15:15,32.0,13,False,1,0.03064516129032258,0.9702660406885759,16
2026-08-22,0x3,Kalamata,Aris,14:00,32.0,14,False,1,0.03064516129032258,0.9702660406885759,16
2026-08-22,0x3,Macva,Radnicki Nis,13:30,32.0,15,False,1,0.03064516129032258,0.9702660406885759,16
2026-08-22,0x3,Maldonado,Penarol,18:30,34.0,16,False,1,0.028787878787878786,0.9720176730486008,16
2026-08-23,0x3,Angers,Lille,10:00,19.0,1,True,1,0.05277777777777778,0.949868073878628,7
2026-08-23,0x3,Torino,AC Milan,15:45,21.0,2,True,1,0.0475,0.9546539379474941,7
2026-08-23,0x3,Ponte Preta,Avai,16:00,21.0,3,True,1,0.0475,0.9546539379474941,7
2026-08-23,0x3,Grosseto,Spezia,16:00,23.0,4,False,1,0.04318181818181818,0.9586056644880174,7
2026-08-23,0x3,Chapecoense-SC,Sao Paulo,18:30,25.0,5,False,1,0.03958333333333333,0.9619238476953909,7
2026-08-23,0x3,Jeonnam,Hwaseong,07:30,26.0,6,False,1,0.038,0.9633911368015414,7
2026-08-23,0x3,Vanspor FK,Istanbulspor AS,15:30,28.0,7,False,1,0.03518518518518518,0.9660107334525939,7
2026-08-24,0x3,Botev Vratsa,Botev Plovdiv,13:00,23.0,1,True,1,0.04318181818181818,0.9586056644880174,3
2026-08-24,0x3,Fulham,Chelsea,16:00,25.0,2,True,1,0.03958333333333333,0.9619238476953909,3
2026-08-24,0x3,Lok. Plovdiv,Arda,15:15,32.0,3,True,1,0.03064516129032258,0.9702660406885759,3
2026-08-25,0x3,Cambridge Utd,Millwall,15:45,29.0,1,True,1,0.033928571428571426,0.9671848013816926,3
2026-08-25,0x3,Gimcheon Sangmu,Jeonbuk,07:30,30.0,2,True,1,0.03275862068965517,0.9682804674457429,3
2026-08-25,0x3,Walsall,Leyton Orient,15:45,32.0,3,True,1,0.03064516129032258,0.9702660406885759,3
2026-08-26,0x3,Richards Bay,Kaizer Chiefs,14:30,30.0,1,True,1,0.03275862068965517,0.9682804674457429,2
2026-08-26,0x3,National Bank Egypt,Zamalek,14:00,32.0,2,True,0,-1.0,0.9702660406885759,2
2026-08-27,0x3,Llaneros,Millonarios,20:10,34.0,1,True,1,0.028787878787878786,0.9720176730486008,1
2026-08-28,0x3,San Lorenzo,Nacional Asuncion,18:30,22.0,1,True,0,-1.0,0.9567198177676538,2
2026-08-28,0x3,Al Ittihad,Ceramica Cleopatra,14:00,27.0,2,True,1,0.036538461538461534,0.9647495361781077,2
2026-08-29,0x3,Shrewsbury,Salford,11:00,23.0,1,True,1,0.04318181818181818,0.9586056644880174,12
2026-08-29,0x3,Sevilla,Atl. Madrid,16:30,24.0,2,True,1,0.041304347826086954,0.9603340292275574,12
2026-08-29,0x3,Kortrijk,Charleroi,13:15,24.0,3,True,1,0.041304347826086954,0.9603340292275574,12
2026-08-29,0x3,Radomlje,O. Ljubljana,12:30,24.0,4,False,1,0.041304347826086954,0.9603340292275574,12
2026-08-29,0x3,Alianza,Atl. Nacional,22:30,26.0,5,False,1,0.038,0.9633911368015414,12
2026-08-29,0x3,Jaguares de Cordoba,America De Cali,18:25,27.0,6,False,1,0.036538461538461534,0.9647495361781077,12
2026-08-29,0x3,Manta,Barcelona SC,21:00,27.0,7,False,1,0.036538461538461534,0.9647495361781077,12
2026-08-29,0x3,Cajamarca,U. de Deportes,17:30,29.0,8,False,1,0.033928571428571426,0.9671848013816926,12
2026-08-29,0x3,Levante,Betis,12:00,30.0,9,False,1,0.03275862068965517,0.9682804674457429,12
2026-08-29,0x3,Arbroath,Livingston,11:00,30.0,10,False,1,0.03275862068965517,0.9682804674457429,12
2026-08-29,0x3,Gaziantep,Rizespor,15:30,34.0,11,False,1,0.028787878787878786,0.9720176730486008,12
2026-08-29,0x3,Gimpo FC,Suwon Bluewings,07:30,34.0,12,False,1,0.028787878787878786,0.9720176730486008,12
2026-08-30,0x3,Dundee FC,Hibernian,11:00,26.0,1,True,1,0.038,0.9633911368015414,9
2026-08-30,0x3,Jeju SK,Daejeon,07:30,27.0,2,True,1,0.036538461538461534,0.9647495361781077,9
2026-08-30,0x3,Arezzo,Palermo,14:00,27.0,3,True,1,0.036538461538461534,0.9647495361781077,9
2026-08-30,0x3,Mirassol,Palmeiras,18:30,28.0,4,False,1,0.03518518518518518,0.9660107334525939,9
2026-08-30,0x3,Eyupspor,Alanyaspor,13:00,29.0,5,False,1,0.033928571428571426,0.9671848013816926,9
2026-08-30,0x3,Chrobry Glogow,Ruch Chorzow,12:15,30.0,6,False,1,0.03275862068965517,0.9682804674457429,9
2026-08-30,0x3,Hartberg,Ried,12:00,32.0,7,False,1,0.03064516129032258,0.9702660406885759,9
2026-08-30,0x3,Cerro Largo,Liverpool M.,19:00,32.0,8,False,1,0.03064516129032258,0.9702660406885759,9
2026-08-30,0x3,Ch. Odesa,Kryvbas,07:00,34.0,9,False,1,0.028787878787878786,0.9720176730486008,9
2026-08-31,0x3,FC Rapid Bucuresti,Univ. Craiova,14:30,29.0,1,True,1,0.033928571428571426,0.9671848013816926,4
2026-08-31,0x3,Woking,Southend,11:00,30.0,2,True,1,0.03275862068965517,0.9682804674457429,4
2026-08-31,0x3,Al Masry,Pyramids,14:00,30.0,3,True,1,0.03275862068965517,0.9682804674457429,4
2026-08-31,0x3,Dunav Ruse,Lok. Sofia,13:00,32.0,4,False,1,0.03064516129032258,0.9702660406885759,4
2026-09-01,0x3,Accrington,Grimsby,15:45,26.0,1,True,1,0.038,0.9633911368015414,4
2026-09-01,0x3,Stoke,Norwich,16:00,27.0,2,True,1,0.036538461538461534,0.9647495361781077,4
2026-09-01,0x3,Swindon,Port Vale,15:45,30.0,3,True,1,0.03275862068965517,0.9682804674457429,4
2026-09-01,0x3,Preston,Bristol City,15:45,34.0,4,False,1,0.028787878787878786,0.9720176730486008,4
2026-09-02,0x3,Vanspor FK,Batman Petrolspor,11:00,25.0,1,True,1,0.03958333333333333,0.9619238476953909,2
2026-09-02,0x3,Barcelona SC,Ind. del Valle,21:00,32.0,2,True,1,0.03064516129032258,0.9702660406885759,2
2026-09-03,0x3,Toulouse,Lille,15:45,23.0,1,True,1,0.04318181818181818,0.9586056644880174,2
2026-09-03,0x3,Recoleta,Cerro Porteno,18:30,24.0,2,True,1,0.041304347826086954,0.9603340292275574,2
2026-09-04,0x3,Novi Pazar,Zeleznicar Pancevo,14:00,32.0,1,True,1,0.03064516129032258,0.9702660406885759,1
2026-09-05,0x3,Juarez,Pachuca,00:00,28.0,1,True,1,0.03518518518518518,0.9660107334525939,3
2026-09-05,0x3,Cheonan City,Hwaseong,07:00,28.0,2,True,1,0.03518518518518518,0.9660107334525939,3
2026-09-05,0x3,Kryvbas,Kolos Kovalivka,07:00,32.0,3,True,1,0.03064516129032258,0.9702660406885759,3
