data,ko,jogo,home,away,minuto,linha,estado,odd,liq,primeiro_visto,status,resultado,ft_total,pnl,market_id,selection_id
2026-09-03,2026-09-03 23:00,Club Oriental de La Paz x Racing Club (Uru),Club Oriental de La Paz,Racing Club (Uru),20,Under 2.5,2,1.98,189.0,2026-09-03 23:37,Finalizado,RED,BF:LOSER,-1.0000,1.261825062,47972
2026-09-03,2026-09-03 23:00,Club Oriental de La Paz x Racing Club (Uru),Club Oriental de La Paz,Racing Club (Uru),20,Under 3.5,3,1.28,1250.0,2026-09-03 23:37,Finalizado,GREEN,BF:WINNER,0.2674,1.261825008,1222344
2026-09-03,2026-09-03 23:00,Puerto Cabello x Deportivo La Guaira,Puerto Cabello,Deportivo La Guaira,20,Under 2.5,2,1.73,184.0,2026-09-03 23:37,Finalizado,GREEN,BF:WINNER,0.6971,1.261932090,47972
2026-09-03,2026-09-03 23:00,Puerto Cabello x Deportivo La Guaira,Puerto Cabello,Deportivo La Guaira,20,Under 3.5,3,1.1,243.0,2026-09-03 23:37,Finalizado,GREEN,BF:WINNER,0.0955,1.261932036,1222344
2026-09-03,2026-09-03 23:00,Inter Palmir x Real Soacha Cundinamarca,Inter Palmir,Real Soacha Cundinamarca,20,Under 2.5,2,2.16,217.0,2026-09-03 23:37,Finalizado,GREEN,BF:WINNER,1.1078,1.261955895,47972
2026-09-03,2026-09-03 23:00,Inter Palmir x Real Soacha Cundinamarca,Inter Palmir,Real Soacha Cundinamarca,20,Under 3.5,3,1.39,207.0,2026-09-03 23:37,Finalizado,GREEN,BF:WINNER,0.3724,1.261955896,1222344
2026-09-03,2026-09-03 23:00,Nacional Potosi x Real Tomayapo,Nacional Potosi,Real Tomayapo,30,Under 2.5,2,2.92,460.0,2026-09-03 23:46,Finalizado,RED,BF:LOSER,-1.0000,1.261927426,47972
2026-09-03,2026-09-03 23:00,Nacional Potosi x Real Tomayapo,Nacional Potosi,Real Tomayapo,30,Under 3.5,3,1.66,912.0,2026-09-03 23:46,Finalizado,RED,BF:LOSER,-1.0000,1.261927427,1222344
2026-09-04,2026-09-04 00:00,Cavalier x Portmore Utd,Cavalier,Portmore Utd,10,Under 2.5,2,2.68,167.0,2026-09-04 00:32,SemPlacar,,,,,47972
2026-09-04,2026-09-04 00:00,Cavalier x Portmore Utd,Cavalier,Portmore Utd,10,Under 3.5,3,1.53,797.0,2026-09-04 00:32,SemPlacar,,,,,1222344
2026-09-04,2026-09-04 00:30,Guaynabo Gol SC x San Juan FC Puerto Rico,Guaynabo Gol SC,San Juan FC Puerto Rico,20,Under 2.5,2,2.6,191.0,2026-09-04 01:06,Finalizado,GREEN,BF:WINNER,1.5280,1.261971148,47972
2026-09-04,2026-09-04 00:30,Guaynabo Gol SC x San Juan FC Puerto Rico,Guaynabo Gol SC,San Juan FC Puerto Rico,20,Under 3.5,3,2.12,122.0,2026-09-04 01:06,Finalizado,GREEN,BF:WINNER,1.0696,1.261971149,1222344
2026-09-04,2026-09-04 01:00,CD Tepatitlan De Morelos x Dorados,CD Tepatitlan De Morelos,Dorados,20,Under 2.5,2,3.35,975.0,2026-09-04 01:36,Finalizado,RED,BF:LOSER,-1.0000,1.261970645,47972
2026-09-04,2026-09-04 01:00,CD Tepatitlan De Morelos x Dorados,CD Tepatitlan De Morelos,Dorados,20,Under 3.5,3,1.79,864.0,2026-09-04 01:36,Finalizado,RED,BF:LOSER,-1.0000,1.261970646,1222344
2026-09-04,2026-09-04 02:00,FC Toin University x Hosei University FC,FC Toin University,Hosei University FC,10,Under 2.5,2,2.02,109.0,2026-09-04 02:26,Finalizado,RED,BF:LOSER,-1.0000,1.261972861,47972
2026-09-04,2026-09-04 08:00,Beitar Tel Aviv Bat Yam FC x Ironi Beit Dagan,Beitar Tel Aviv Bat Yam FC,Ironi Beit Dagan,10,Under 2.5,2,3.25,191.0,2026-09-04 08:32,SemPlacar,,,,,47972
2026-09-04,2026-09-04 08:00,Beitar Tel Aviv Bat Yam FC x Ironi Beit Dagan,Beitar Tel Aviv Bat Yam FC,Ironi Beit Dagan,20,Under 3.5,3,1.5,775.0,2026-09-04 08:36,Finalizado,GREEN,BF:WINNER,0.4775,1.261972619,1222344
2026-09-04,2026-09-04 09:00,Mizoram Police x Saikhamakawn FC,Mizoram Police,Saikhamakawn FC,10,Under 2.5,2,3.4,629.0,2026-09-04 09:26,Finalizado,RED,BF:LOSER,-1.0000,1.261974519,47972
2026-09-04,2026-09-04 09:00,Mizoram Police x Saikhamakawn FC,Mizoram Police,Saikhamakawn FC,10,Under 3.5,3,1.81,285.0,2026-09-04 09:26,Finalizado,GREEN,BF:WINNER,0.7736,1.261974523,1222344
2026-09-04,2026-09-04 10:00,Salgueiros x AD Machico,Salgueiros,AD Machico,20,Under 2.5,2,1.95,717.0,2026-09-04 10:36,Finalizado,GREEN,BF:WINNER,0.9072,1.261972015,47972
2026-09-04,2026-09-04 10:00,Salgueiros x AD Machico,Salgueiros,AD Machico,20,Under 3.5,3,1.27,3071.0,2026-09-04 10:36,Finalizado,GREEN,BF:WINNER,0.2579,1.261972016,1222344
2026-09-04,2026-09-04 12:15,Johor Darul Ta'zim x Brunei DPMM FC,Johor Darul Ta'zim,Brunei DPMM FC,15,Under 2.5,2,4.4,184.0,2026-09-04 12:46,Finalizado,RED,BF:LOSER,-1.0000,1.261982218,47972
2026-09-04,2026-09-04 12:15,Johor Darul Ta'zim x Brunei DPMM FC,Johor Darul Ta'zim,Brunei DPMM FC,15,Under 3.5,3,2.44,580.0,2026-09-04 12:46,Finalizado,GREEN,BF:WINNER,1.3752,1.261982164,1222344
2026-09-04,2026-09-04 13:00,Simal FK x Cebrayil FK,Simal FK,Cebrayil FK,10,Under 2.5,2,3.0,1899.0,2026-09-04 13:26,Finalizado,RED,BF:LOSER,-1.0000,1.261916762,47972
2026-09-04,2026-09-04 13:00,Simal FK x Cebrayil FK,Simal FK,Cebrayil FK,10,Under 3.5,3,1.87,145.0,2026-09-04 13:26,Finalizado,GREEN,BF:WINNER,0.8309,1.261916708,1222344
2026-09-04,2026-09-04 13:00,Energetik Mingechevir x Zaqatala,Energetik Mingechevir,Zaqatala,10,Under 2.5,2,3.4,117.0,2026-09-04 13:32,SemPlacar,,,,,47972
2026-09-04,2026-09-04 13:00,Energetik Mingechevir x Zaqatala,Energetik Mingechevir,Zaqatala,10,Under 3.5,3,1.72,214.0,2026-09-04 13:32,SemPlacar,,,,,1222344
2026-09-04,2026-09-04 13:45,Al-Ittihad Kalba x Al Ain,Al-Ittihad Kalba,Al Ain,10,Under 2.5,2,3.85,168.0,2026-09-04 14:12,Finalizado,GREEN,BF:WINNER,2.7218,1.261792614,47972
2026-09-04,2026-09-04 13:45,Al-Ittihad Kalba x Al Ain,Al-Ittihad Kalba,Al Ain,10,Under 3.5,3,1.9,526.0,2026-09-04 14:12,Finalizado,GREEN,BF:WINNER,0.8595,1.261792615,1222344
2026-09-04,2026-09-04 13:30,Tanta x FC Masar,Tanta,FC Masar,30,Under 2.5,2,1.68,197.0,2026-09-04 14:16,Finalizado,GREEN,BF:WINNER,0.6494,1.261920892,47972
2026-09-04,2026-09-04 13:30,Tanta x FC Masar,Tanta,FC Masar,30,Under 3.5,3,1.17,460.0,2026-09-04 14:16,Finalizado,GREEN,BF:WINNER,0.1623,1.261920838,1222344
2026-09-04,2026-09-04 14:00,FK Qabala x Imisli FK,FK Qabala,Imisli FK,10,Under 2.5,2,1.53,148.0,2026-09-04 14:26,Finalizado,RED,BF:LOSER,-1.0000,1.261913640,47972
2026-09-04,2026-09-04 14:00,FK Qabala x Imisli FK,FK Qabala,Imisli FK,10,Under 3.5,3,1.2,360.0,2026-09-04 14:26,Finalizado,GREEN,BF:WINNER,0.1910,1.261913586,1222344
2026-09-04,2026-09-04 14:00,Al Shamal x Al Shahaniya,Al Shamal,Al Shahaniya,20,Under 2.5,2,3.0,173.0,2026-09-04 14:36,Finalizado,RED,BF:LOSER,-1.0000,1.261786731,47972
2026-09-04,2026-09-04 14:00,Al Shamal x Al Shahaniya,Al Shamal,Al Shahaniya,20,Under 3.5,3,1.6,1242.0,2026-09-04 14:36,Finalizado,RED,BF:LOSER,-1.0000,1.261786732,1222344
2026-09-04,2026-09-04 14:00,FK Navbahor Namangan x Lokomotiv Tashkent,FK Navbahor Namangan,Lokomotiv Tashkent,30,Under 2.5,2,1.78,412.0,2026-09-04 14:52,Finalizado,GREEN,BF:WINNER,0.7449,1.261962068,47972
2026-09-04,2026-09-04 14:30,Esperance Sportive Zarzis x ASC Diambars,Esperance Sportive Zarzis,ASC Diambars,10,Under 2.5,2,2.44,319.0,2026-09-04 14:56,Finalizado,RED,BF:LOSER,-1.0000,1.261972751,47972
2026-09-04,2026-09-04 14:30,Esperance Sportive Zarzis x ASC Diambars,Esperance Sportive Zarzis,ASC Diambars,10,Under 3.5,3,1.45,138.0,2026-09-04 14:56,Finalizado,RED,BF:LOSER,-1.0000,1.261972752,1222344
2026-09-04,2026-09-04 14:30,CSM Slatina x Chindia Targoviste,CSM Slatina,Chindia Targoviste,10,Under 2.5,2,2.62,2479.0,2026-09-04 15:02,Finalizado,RED,3-2:betfair,-1.0,,47972
2026-09-04,2026-09-04 14:30,CSM Slatina x Chindia Targoviste,CSM Slatina,Chindia Targoviste,10,Under 3.5,3,1.54,13626.0,2026-09-04 15:02,Finalizado,RED,3-2:betfair,-1.0,,1222344
2026-09-04,2026-09-04 15:00,NK Dren Vrhnika x Rudar,NK Dren Vrhnika,Rudar,10,Under 2.5,2,3.7,298.0,2026-09-04 15:26,Finalizado,RED,BF:LOSER,-1.0000,1.261961619,47972
2026-09-04,2026-09-04 15:00,NK Dren Vrhnika x Rudar,NK Dren Vrhnika,Rudar,10,Under 3.5,3,1.89,408.0,2026-09-04 15:26,Finalizado,RED,BF:LOSER,-1.0000,1.261961623,1222344
2026-09-04,2026-09-04 15:00,Panthere Sportive du Nde x Rayon Sports FC,Panthere Sportive du Nde,Rayon Sports FC,10,Under 2.5,2,2.04,256.0,2026-09-04 15:26,Finalizado,GREEN,BF:WINNER,0.9932,1.261972508,47972
2026-09-04,2026-09-04 15:00,Panthere Sportive du Nde x Rayon Sports FC,Panthere Sportive du Nde,Rayon Sports FC,10,Under 3.5,3,1.33,540.0,2026-09-04 15:26,Finalizado,GREEN,BF:WINNER,0.3152,1.261972509,1222344
2026-09-04,2026-09-04 15:00,Polissya Zhytomyr x FK Kudrivka,Polissya Zhytomyr,FK Kudrivka,25,Under 2.5,2,3.15,652.0,2026-09-04 15:42,Finalizado,RED,BF:LOSER,-1.0000,1.261849989,47972
2026-09-04,2026-09-04 15:00,Polissya Zhytomyr x FK Kudrivka,Polissya Zhytomyr,FK Kudrivka,25,Under 3.5,3,1.71,122.0,2026-09-04 15:42,Finalizado,RED,BF:LOSER,-1.0000,1.261849990,1222344
2026-09-04,2026-09-04 15:15,Pakhtakor x FK Andijan,Pakhtakor,FK Andijan,15,Under 2.5,2,2.74,659.0,2026-09-04 15:46,Finalizado,RED,BF:LOSER,-1.0000,1.261962360,47972
2026-09-04,2026-09-04 15:15,Pakhtakor x FK Andijan,Pakhtakor,FK Andijan,15,Under 3.5,3,1.22,292.0,2026-09-04 15:46,Finalizado,GREEN,BF:WINNER,0.2101,1.261962364,1222344
2026-09-04,2026-09-04 16:00,Omonia 29th May x Karmiotissa Polemidion,Omonia 29th May,Karmiotissa Polemidion,10,Under 2.5,2,2.38,1835.0,2026-09-04 16:26,Finalizado,RED,BF:LOSER,-1.0000,1.261820529,47972
2026-09-04,2026-09-04 16:00,Omonia 29th May x Karmiotissa Polemidion,Omonia 29th May,Karmiotissa Polemidion,10,Under 3.5,3,1.43,395.0,2026-09-04 16:26,Finalizado,RED,BF:LOSER,-1.0000,1.261820475,1222344
2026-09-04,2026-09-04 16:00,Vysocina Jihlava x Arsenal Ceska Lipa,Vysocina Jihlava,Arsenal Ceska Lipa,10,Under 2.5,2,3.5,906.0,2026-09-04 16:26,Finalizado,GREEN,BF:WINNER,2.3875,1.261855112,47972
2026-09-04,2026-09-04 16:00,Vysocina Jihlava x Arsenal Ceska Lipa,Vysocina Jihlava,Arsenal Ceska Lipa,10,Under 3.5,3,1.88,312.0,2026-09-04 16:26,Finalizado,GREEN,BF:WINNER,0.8404,1.261855058,1222344
2026-09-04,2026-09-04 16:00,FC Sellier & Bellot Vlasim x Trinec,FC Sellier & Bellot Vlasim,Trinec,10,Under 2.5,2,3.4,322.0,2026-09-04 16:32,SemPlacar,,,,,47972
2026-09-04,2026-09-04 16:00,FC Sellier & Bellot Vlasim x Trinec,FC Sellier & Bellot Vlasim,Trinec,10,Under 3.5,3,2.78,113.0,2026-09-04 16:32,SemPlacar,,,,,1222344
2026-09-04,2026-09-04 16:00,Hobro x Hvidovre,Hobro,Hvidovre,20,Under 2.5,2,2.58,971.0,2026-09-04 16:36,Finalizado,RED,BF:LOSER,-1.0000,1.261746630,47972
2026-09-04,2026-09-04 16:00,Hobro x Hvidovre,Hobro,Hvidovre,20,Under 3.5,3,1.49,1089.0,2026-09-04 16:36,Finalizado,RED,BF:LOSER,-1.0000,1.261746576,1222344
2026-09-04,2026-09-04 16:00,Usti Nad Labem x Slavia Praha B,Usti Nad Labem,Slavia Praha B,20,Under 2.5,2,3.4,131.0,2026-09-04 16:36,Finalizado,GREEN,BF:WINNER,2.2920,1.261855225,47972
2026-09-04,2026-09-04 16:00,Usti Nad Labem x Slavia Praha B,Usti Nad Labem,Slavia Praha B,20,Under 3.5,3,1.79,422.0,2026-09-04 16:36,Finalizado,GREEN,BF:WINNER,0.7544,1.261855171,1222344
2026-09-04,2026-09-04 16:00,Prostejov x MAS Taborsko,Prostejov,MAS Taborsko,20,Under 3.5,3,1.38,165.0,2026-09-04 16:36,Finalizado,GREEN,BF:WINNER,0.3629,1.261855397,1222344
2026-09-04,2026-09-04 16:00,FC Noah x FC Gandzasar,FC Noah,FC Gandzasar,20,Under 3.5,3,1.95,105.0,2026-09-04 16:36,Finalizado,RED,BF:LOSER,-1.0000,1.261939502,1222344
2026-09-04,2026-09-04 16:00,Al Khalidiyah x Aali Club,Al Khalidiyah,Aali Club,20,Under 2.5,2,3.0,130.0,2026-09-04 16:36,Finalizado,RED,BF:LOSER,-1.0000,1.261957258,47972
2026-09-04,2026-09-04 16:00,Al Khalidiyah x Aali Club,Al Khalidiyah,Aali Club,20,Under 3.5,3,1.65,236.0,2026-09-04 16:36,Finalizado,RED,BF:LOSER,-1.0000,1.261957259,1222344
2026-09-04,2026-09-04 16:15,Al Wasl x Al-Khaleej Khor Fakkan,Al Wasl,Al-Khaleej Khor Fakkan,10,Under 2.5,2,5.0,272.0,2026-09-04 16:42,Finalizado,RED,BF:LOSER,-1.0000,1.261804933,47972
2026-09-04,2026-09-04 16:15,Al Wasl x Al-Khaleej Khor Fakkan,Al Wasl,Al-Khaleej Khor Fakkan,10,Under 3.5,3,2.26,378.0,2026-09-04 16:42,Finalizado,RED,BF:LOSER,-1.0000,1.261804879,1222344
2026-09-04,2026-09-04 16:00,Prostejov x MAS Taborsko,Prostejov,MAS Taborsko,25,Under 2.5,2,2.02,1085.0,2026-09-04 16:42,Finalizado,GREEN,BF:WINNER,0.9741,1.261855451,47972
2026-09-04,2026-09-04 16:00,Septemvri x Botev Vratsa,Septemvri,Botev Vratsa,30,Under 2.5,2,1.53,2352.0,2026-09-04 16:52,Finalizado,RED,BF:LOSER,-1.0000,1.261448630,47972
2026-09-04,2026-09-04 16:00,Septemvri x Botev Vratsa,Septemvri,Botev Vratsa,30,Under 3.5,3,1.14,727.0,2026-09-04 16:52,Finalizado,RED,BF:LOSER,-1.0000,1.261448576,1222344
2026-09-04,2026-09-04 16:00,Al-Ittifaq Maqaba x Al-Muharraq,Al-Ittifaq Maqaba,Al-Muharraq,30,Under 2.5,2,1.89,239.0,2026-09-04 16:52,Finalizado,GREEN,BF:WINNER,0.8499,1.261957369,47972
2026-09-04,2026-09-04 16:00,Al-Ittifaq Maqaba x Al-Muharraq,Al-Ittifaq Maqaba,Al-Muharraq,30,Under 3.5,3,1.22,2833.0,2026-09-04 16:52,Finalizado,GREEN,BF:WINNER,0.2101,1.261957370,1222344
2026-09-04,2026-09-04 16:30,Hannover x Karlsruhe,Hannover,Karlsruhe,10,Under 2.5,2,2.46,869.0,2026-09-04 16:56,Finalizado,RED,BF:LOSER,-1.0000,1.261794106,47972
2026-09-04,2026-09-04 16:30,Hannover x Karlsruhe,Hannover,Karlsruhe,10,Under 3.5,3,1.58,250.0,2026-09-04 16:56,Finalizado,RED,BF:LOSER,-1.0000,1.261794052,1222344
2026-09-04,2026-09-04 16:30,KSV 1919 x WSC Hertha Wels,KSV 1919,WSC Hertha Wels,10,Under 2.5,2,2.14,154.0,2026-09-04 16:56,Finalizado,GREEN,BF:WINNER,1.0887,1.261975836,47972
2026-09-04,2026-09-04 16:30,KSV 1919 x WSC Hertha Wels,KSV 1919,WSC Hertha Wels,10,Under 3.5,3,1.44,370.0,2026-09-04 16:56,Finalizado,GREEN,BF:WINNER,0.4202,1.261975837,1222344
2026-09-04,2026-09-04 16:30,Egnatia Rrogozhine x KS Skenderbeu Korce,Egnatia Rrogozhine,KS Skenderbeu Korce,10,Under 2.5,2,3.05,201.0,2026-09-04 16:56,Finalizado,RED,BF:LOSER,-1.0000,1.261934054,47972
2026-09-04,2026-09-04 16:30,Egnatia Rrogozhine x KS Skenderbeu Korce,Egnatia Rrogozhine,KS Skenderbeu Korce,10,Under 3.5,3,1.65,426.0,2026-09-04 16:56,Finalizado,GREEN,BF:WINNER,0.6207,1.261934000,1222344
2026-09-04,2026-09-04 17:00,Fredrikstad x Bodo Glimt,Fredrikstad,Bodo Glimt,10,Under 2.5,2,2.0,3102.0,2026-09-04 17:26,Finalizado,RED,BF:LOSER,-1.0000,1.261785887,47972
2026-09-04,2026-09-04 17:00,Fredrikstad x Bodo Glimt,Fredrikstad,Bodo Glimt,10,Under 3.5,3,1.39,5362.0,2026-09-04 17:26,Finalizado,GREEN,BF:WINNER,0.3724,1.261785888,1222344
2026-09-04,2026-09-04 17:00,Aalesunds x Start,Aalesunds,Start,10,Under 2.5,2,3.65,108.0,2026-09-04 17:26,Finalizado,GREEN,BF:WINNER,2.5307,1.261797883,47972
2026-09-04,2026-09-04 17:00,Aalesunds x Start,Aalesunds,Start,10,Under 3.5,3,1.87,227.0,2026-09-04 17:26,Finalizado,GREEN,BF:WINNER,0.8309,1.261797829,1222344
2026-09-04,2026-09-04 17:00,B93 Copenhagen x Naestved,B93 Copenhagen,Naestved,10,Under 2.5,2,3.25,166.0,2026-09-04 17:26,Finalizado,GREEN,BF:WINNER,2.1487,1.261970940,47972
2026-09-04,2026-09-04 17:00,B93 Copenhagen x Naestved,B93 Copenhagen,Naestved,10,Under 3.5,3,1.74,187.0,2026-09-04 17:26,Finalizado,GREEN,BF:WINNER,0.7067,1.261970941,1222344
2026-09-04,2026-09-04 17:00,HB Koge x Hillerod Fodbold,HB Koge,Hillerod Fodbold,10,Under 2.5,2,3.4,1239.0,2026-09-04 17:26,Finalizado,GREEN,BF:WINNER,2.2920,1.261746741,47972
2026-09-04,2026-09-04 17:00,HB Koge x Hillerod Fodbold,HB Koge,Hillerod Fodbold,10,Under 3.5,3,1.78,2361.0,2026-09-04 17:26,Finalizado,GREEN,BF:WINNER,0.7449,1.261746687,1222344
2026-09-04,2026-09-04 17:00,AS Port x Zamalek,AS Port,Zamalek,10,Under 2.5,2,2.62,446.0,2026-09-04 17:26,Finalizado,RED,BF:LOSER,-1.0000,1.261971259,47972
2026-09-04,2026-09-04 17:00,AS Port x Zamalek,AS Port,Zamalek,10,Under 3.5,3,1.5,1584.0,2026-09-04 17:26,Finalizado,GREEN,BF:WINNER,0.4775,1.261971260,1222344
2026-09-04,2026-09-04 17:00,Shkendija x Tikves Kavadarci,Shkendija,Tikves Kavadarci,10,Under 2.5,2,3.1,121.0,2026-09-04 17:32,SemPlacar,,,,,47972
2026-09-04,2026-09-04 17:00,Shkendija x Tikves Kavadarci,Shkendija,Tikves Kavadarci,10,Under 3.5,3,1.69,162.0,2026-09-04 17:32,SemPlacar,,,,,1222344
2026-09-04,2026-09-04 17:00,Basaksehir x Galatasaray,Basaksehir,Galatasaray,20,Under 2.5,2,3.85,1011.0,2026-09-04 17:36,Finalizado,RED,BF:LOSER,-1.0000,1.261795564,47972
2026-09-04,2026-09-04 17:00,Basaksehir x Galatasaray,Basaksehir,Galatasaray,20,Under 3.5,3,1.91,850.0,2026-09-04 17:36,Finalizado,RED,BF:LOSER,-1.0000,1.261795565,1222344
2026-09-04,2026-09-04 17:00,Norrkoping x Ljungskile,Norrkoping,Ljungskile,20,Under 2.5,2,3.5,1004.0,2026-09-04 17:36,Finalizado,RED,BF:LOSER,-1.0000,1.261785671,47972
2026-09-04,2026-09-04 17:00,Norrkoping x Ljungskile,Norrkoping,Ljungskile,20,Under 3.5,3,1.88,382.0,2026-09-04 17:36,Finalizado,RED,BF:LOSER,-1.0000,1.261785672,1222344
2026-09-04,2026-09-04 17:00,Rosengard x Laholms,Rosengard,Laholms,20,Under 2.5,2,2.82,224.0,2026-09-04 17:36,Finalizado,RED,BF:LOSER,-1.0000,1.261919418,47972
2026-09-04,2026-09-04 17:00,Rosengard x Laholms,Rosengard,Laholms,20,Under 3.5,3,1.56,899.0,2026-09-04 17:36,Finalizado,RED,BF:LOSER,-1.0000,1.261919364,1222344
2026-09-04,2026-09-04 17:00,Uganda Revenue Authority x SC Villa,Uganda Revenue Authority,SC Villa,20,Under 3.5,3,1.18,229.0,2026-09-04 17:36,Finalizado,GREEN,BF:WINNER,0.1719,1.261976019,1222344
2026-09-04,2026-09-04 17:00,Uganda Revenue Authority x SC Villa,Uganda Revenue Authority,SC Villa,25,Under 2.5,2,1.52,112.0,2026-09-04 17:42,Finalizado,GREEN,BF:WINNER,0.4966,1.261976073,47972
2026-09-04,2026-09-04 17:00,Viborg x Lyngby,Viborg,Lyngby,30,Under 2.5,2,2.4,267.0,2026-09-04 17:46,Finalizado,GREEN,BF:WINNER,1.3370,1.261777628,47972
2026-09-04,2026-09-04 17:00,Viborg x Lyngby,Viborg,Lyngby,30,Under 3.5,3,1.44,2076.0,2026-09-04 17:46,Finalizado,GREEN,BF:WINNER,0.4202,1.261777629,1222344
2026-09-04,2026-09-04 17:30,Assyriska FF x IFK Stocksund,Assyriska FF,IFK Stocksund,20,Under 2.5,2,3.3,111.0,2026-09-04 18:06,Finalizado,RED,BF:LOSER,-1.0000,1.261874681,47972
2026-09-04,2026-09-04 17:30,Assyriska FF x IFK Stocksund,Assyriska FF,IFK Stocksund,20,Under 3.5,3,1.77,139.0,2026-09-04 18:06,Finalizado,GREEN,BF:WINNER,0.7353,1.261874627,1222344
2026-09-04,2026-09-04 17:30,Kriens x Stade Lausanne-Ouchy,Kriens,Stade Lausanne-Ouchy,20,Under 2.5,2,2.98,256.0,2026-09-04 18:06,Finalizado,GREEN,BF:WINNER,1.8909,1.261876314,47972
2026-09-04,2026-09-04 17:30,Kriens x Stade Lausanne-Ouchy,Kriens,Stade Lausanne-Ouchy,20,Under 3.5,3,1.68,748.0,2026-09-04 18:06,Finalizado,GREEN,BF:WINNER,0.6494,1.261876315,1222344
2026-09-04,2026-09-04 17:30,Aarau x Rapperswil-Jona,Aarau,Rapperswil-Jona,20,Under 2.5,2,3.9,873.0,2026-09-04 18:06,Finalizado,RED,BF:LOSER,-1.0000,1.261876098,47972
2026-09-04,2026-09-04 17:30,Aarau x Rapperswil-Jona,Aarau,Rapperswil-Jona,20,Under 3.5,3,1.98,330.0,2026-09-04 18:06,Finalizado,RED,BF:LOSER,-1.0000,1.261876099,1222344
2026-09-04,2026-09-04 18:00,Almere City x Jong Ajax Amsterdam,Almere City,Jong Ajax Amsterdam,10,Under 3.5,3,1.51,3758.0,2026-09-04 18:26,Finalizado,GREEN,BF:WINNER,0.4870,1.261793443,1222344
2026-09-04,2026-09-04 18:00,Al-Shabab (KSA) x Al-Hilal,Al-Shabab (KSA),Al-Hilal,10,Under 2.5,2,2.32,286.0,2026-09-04 18:26,Finalizado,GREEN,BF:WINNER,1.2606,1.261872265,47972
2026-09-04,2026-09-04 18:00,Al-Shabab (KSA) x Al-Hilal,Al-Shabab (KSA),Al-Hilal,10,Under 3.5,3,1.44,2399.0,2026-09-04 18:26,Finalizado,GREEN,BF:WINNER,0.4202,1.261872211,1222344
2026-09-04,2026-09-04 18:00,KFCO Beerschot Wilrijk x Patro Eisden Maasmechelen,KFCO Beerschot Wilrijk,Patro Eisden Maasmechelen,10,Under 2.5,2,2.92,705.0,2026-09-04 18:26,Finalizado,RED,BF:LOSER,-1.0000,1.261788027,47972
2026-09-04,2026-09-04 18:00,KFCO Beerschot Wilrijk x Patro Eisden Maasmechelen,KFCO Beerschot Wilrijk,Patro Eisden Maasmechelen,10,Under 3.5,3,1.59,1551.0,2026-09-04 18:26,Finalizado,RED,BF:LOSER,-1.0000,1.261788028,1222344
2026-09-04,2026-09-04 18:00,London City Lionesses x Man Utd (W),London City Lionesses,Man Utd (W),10,Under 2.5,2,3.35,126.0,2026-09-04 18:26,Finalizado,RED,BF:LOSER,-1.0000,1.261793154,47972
2026-09-04,2026-09-04 18:00,London City Lionesses x Man Utd (W),London City Lionesses,Man Utd (W),10,Under 3.5,3,1.79,377.0,2026-09-04 18:26,Finalizado,GREEN,BF:WINNER,0.7544,1.261793155,1222344
2026-09-04,2026-09-04 18:00,Al Ahli x Al Riyadh SC,Al Ahli,Al Riyadh SC,10,Under 2.5,2,3.75,406.0,2026-09-04 18:26,Finalizado,RED,BF:LOSER,-1.0000,1.261871746,47972
2026-09-04,2026-09-04 18:00,Al Ahli x Al Riyadh SC,Al Ahli,Al Riyadh SC,10,Under 3.5,3,1.98,329.0,2026-09-04 18:26,Finalizado,RED,BF:LOSER,-1.0000,1.261871596,1222344
2026-09-04,2026-09-04 18:00,Helmond Sport x VVV Venlo,Helmond Sport,VVV Venlo,20,Under 2.5,2,3.05,1225.0,2026-09-04 18:36,Finalizado,RED,BF:LOSER,-1.0000,1.261778708,47972
2026-09-04,2026-09-04 18:00,Helmond Sport x VVV Venlo,Helmond Sport,VVV Venlo,20,Under 3.5,3,1.71,1471.0,2026-09-04 18:36,Finalizado,RED,BF:LOSER,-1.0000,1.261778709,1222344
2026-09-04,2026-09-04 18:00,RKC Waalwijk x NAC Breda,RKC Waalwijk,NAC Breda,20,Under 2.5,2,2.8,206.0,2026-09-04 18:36,Finalizado,RED,BF:LOSER,-1.0000,1.261778816,47972
2026-09-04,2026-09-04 18:00,RKC Waalwijk x NAC Breda,RKC Waalwijk,NAC Breda,20,Under 3.5,3,1.57,2247.0,2026-09-04 18:36,Finalizado,RED,BF:LOSER,-1.0000,1.261778817,1222344
2026-09-04,2026-09-04 18:00,Pau x Sochaux,Pau,Sochaux,20,Under 2.5,2,2.06,1350.0,2026-09-04 18:36,Finalizado,GREEN,BF:WINNER,1.0123,1.261815921,47972
2026-09-04,2026-09-04 18:00,Pau x Sochaux,Pau,Sochaux,20,Under 3.5,3,1.32,4884.0,2026-09-04 18:36,Finalizado,GREEN,BF:WINNER,0.3056,1.261815922,1222344
2026-09-04,2026-09-04 18:00,Heracles x De Graafschap,Heracles,De Graafschap,25,Under 2.5,2,3.35,718.0,2026-09-04 18:42,Finalizado,RED,BF:LOSER,-1.0000,1.261807280,47972
2026-09-04,2026-09-04 18:00,Heracles x De Graafschap,Heracles,De Graafschap,25,Under 3.5,3,1.75,238.0,2026-09-04 18:42,Finalizado,RED,BF:LOSER,-1.0000,1.261807281,1222344
2026-09-04,2026-09-04 18:00,Emmen x FC Volendam,Emmen,FC Volendam,30,Under 3.5,3,1.34,548.0,2026-09-04 18:46,Finalizado,RED,BF:LOSER,-1.0000,1.261777737,1222344
2026-09-04,2026-09-04 18:00,Laval x Red Star,Laval,Red Star,30,Under 2.5,2,1.89,571.0,2026-09-04 18:46,Finalizado,RED,BF:LOSER,-1.0000,1.261785367,47972
2026-09-04,2026-09-04 18:00,Laval x Red Star,Laval,Red Star,30,Under 3.5,3,1.29,971.0,2026-09-04 18:46,Finalizado,GREEN,BF:WINNER,0.2770,1.261785368,1222344
2026-09-04,2026-09-04 18:00,Boulogne x Dijon,Boulogne,Dijon,30,Under 2.5,2,1.88,416.0,2026-09-04 18:46,Finalizado,GREEN,BF:WINNER,0.8404,1.261815809,47972
2026-09-04,2026-09-04 18:00,Boulogne x Dijon,Boulogne,Dijon,30,Under 3.5,3,1.24,463.0,2026-09-04 18:46,Finalizado,GREEN,BF:WINNER,0.2292,1.261815810,1222344
2026-09-04,2026-09-04 18:15,Arda x Botev Plovdiv,Arda,Botev Plovdiv,15,Under 2.5,2,2.24,193.0,2026-09-04 18:46,Finalizado,RED,BF:LOSER,-1.0000,1.261448520,47972
2026-09-04,2026-09-04 18:15,Arda x Botev Plovdiv,Arda,Botev Plovdiv,15,Under 3.5,3,1.37,1969.0,2026-09-04 18:46,Finalizado,RED,BF:LOSER,-1.0000,1.261448466,1222344
2026-09-04,2026-09-04 18:00,Dunkerque x Clermont,Dunkerque,Clermont,30,Under 2.5,2,1.75,1521.0,2026-09-04 18:46,Finalizado,GREEN,BF:WINNER,0.7162,1.261785151,47972
2026-09-04,2026-09-04 18:00,Dunkerque x Clermont,Dunkerque,Clermont,30,Under 3.5,3,1.22,3642.0,2026-09-04 18:46,Finalizado,GREEN,BF:WINNER,0.2101,1.261785152,1222344
2026-09-04,2026-09-04 18:00,FCV Dender x Seraing Utd,FCV Dender,Seraing Utd,30,Under 2.5,2,1.86,1189.0,2026-09-04 18:46,Finalizado,GREEN,BF:WINNER,0.8213,1.261853327,47972
2026-09-04,2026-09-04 18:00,FCV Dender x Seraing Utd,FCV Dender,Seraing Utd,30,Under 3.5,3,1.25,5761.0,2026-09-04 18:46,Finalizado,GREEN,BF:WINNER,0.2387,1.261853328,1222344
2026-09-04,2026-09-04 18:15,Winterthur x Neuchatel Xamax,Winterthur,Neuchatel Xamax,15,Under 3.5,3,1.22,304.0,2026-09-04 18:46,Finalizado,RED,BF:LOSER,-1.0000,1.261876207,1222344
2026-09-04,2026-09-04 18:15,Etoile Carouge x FC Wil,Etoile Carouge,FC Wil,20,Under 2.5,2,2.78,104.0,2026-09-04 18:52,Finalizado,GREEN,BF:WINNER,1.6999,1.261876422,47972
2026-09-04,2026-09-04 18:15,Etoile Carouge x FC Wil,Etoile Carouge,FC Wil,20,Under 3.5,3,1.58,1211.0,2026-09-04 18:52,Finalizado,GREEN,BF:WINNER,0.5539,1.261876423,1222344
2026-09-04,2026-09-04 18:30,Stuttgart x FC Koln,Stuttgart,FC Koln,10,Under 2.5,2,2.52,299.0,2026-09-04 18:56,Finalizado,RED,BF:LOSER,-1.0000,1.261437440,47972
2026-09-04,2026-09-04 18:30,Stuttgart x FC Koln,Stuttgart,FC Koln,10,Under 3.5,3,1.63,600.0,2026-09-04 18:56,Finalizado,RED,BF:LOSER,-1.0000,1.261437504,1222344
2026-09-04,2026-09-04 18:30,Piast Gliwice x GKS Katowice,Piast Gliwice,GKS Katowice,10,Under 2.5,2,3.7,2406.0,2026-09-04 18:56,Finalizado,RED,BF:LOSER,-1.0000,1.261670071,47972
2026-09-04,2026-09-04 18:30,Livingston x Stenhousemuir,Livingston,Stenhousemuir,10,Under 3.5,3,1.67,216.0,2026-09-04 18:56,Finalizado,GREEN,BF:WINNER,0.6398,1.261689439,1222344
2026-09-04,2026-09-04 18:30,Piast Gliwice x GKS Katowice,Piast Gliwice,GKS Katowice,20,Under 3.5,3,1.7,224.0,2026-09-04 19:06,Finalizado,GREEN,BF:WINNER,0.6685,1.261670072,1222344
2026-09-04,2026-09-04 18:30,Livingston x Stenhousemuir,Livingston,Stenhousemuir,20,Under 2.5,2,2.54,346.0,2026-09-04 19:06,Finalizado,GREEN,BF:WINNER,1.4707,1.261689438,47972
2026-09-04,2026-09-04 18:45,Lommel x Club Brugge,Lommel,Club Brugge,10,Under 2.5,2,2.36,205.0,2026-09-04 19:12,Finalizado,GREEN,BF:WINNER,1.2988,1.261782372,47972
2026-09-04,2026-09-04 18:45,Lommel x Club Brugge,Lommel,Club Brugge,10,Under 3.5,3,1.54,5843.0,2026-09-04 19:12,Finalizado,GREEN,BF:WINNER,0.5157,1.261782373,1222344
2026-09-04,2026-09-04 18:45,Altrincham x Eastleigh,Altrincham,Eastleigh,10,Under 2.5,2,2.82,219.0,2026-09-04 19:12,Finalizado,RED,BF:LOSER,-1.0000,1.261704442,47972
2026-09-04,2026-09-04 18:45,Altrincham x Eastleigh,Altrincham,Eastleigh,10,Under 3.5,3,1.61,696.0,2026-09-04 19:12,Finalizado,GREEN,BF:WINNER,0.5826,1.261704443,1222344
2026-09-04,2026-09-04 18:45,Genoa x Como,Genoa,Como,10,Under 3.5,3,2.48,814.0,2026-09-04 19:16,Finalizado,RED,BF:LOSER,-1.0000,1.261504363,1222344
2026-09-04,2026-09-04 19:00,Betis x Real Madrid,Betis,Real Madrid,10,Under 2.5,2,2.3,2590.0,2026-09-04 19:26,Finalizado,GREEN,BF:WINNER,1.2415,1.261686782,47972
2026-09-04,2026-09-04 19:00,Betis x Real Madrid,Betis,Real Madrid,10,Under 3.5,3,1.49,1014.0,2026-09-04 19:26,Finalizado,GREEN,BF:WINNER,0.4679,1.261686795,1222344
2026-09-04,2026-09-04 18:45,Treaty United x Wexford F.C,Treaty United,Wexford F.C,25,Under 2.5,2,2.28,776.0,2026-09-04 19:26,Finalizado,GREEN,BF:WINNER,1.2224,1.261671868,47972
2026-09-04,2026-09-04 18:45,Treaty United x Wexford F.C,Treaty United,Wexford F.C,25,Under 3.5,3,1.39,721.0,2026-09-04 19:26,Finalizado,GREEN,BF:WINNER,0.3724,1.261671869,1222344
2026-09-04,2026-09-04 19:00,CDT Real Oruro x San Antonio Bulo Bulo,CDT Real Oruro,San Antonio Bulo Bulo,10,Under 2.5,2,4.1,862.0,2026-09-04 19:26,Finalizado,GREEN,BF:WINNER,2.9605,1.261949068,47972
2026-09-04,2026-09-04 19:00,CDT Real Oruro x San Antonio Bulo Bulo,CDT Real Oruro,San Antonio Bulo Bulo,10,Under 3.5,3,2.0,1163.0,2026-09-04 19:26,Finalizado,GREEN,BF:WINNER,0.9550,1.261949014,1222344
2026-09-04,2026-09-04 19:00,Sandefjord x Viking,Sandefjord,Viking,10,Under 3.5,3,1.26,222.0,2026-09-04 19:32,Finalizado,GREEN,1-1:betfair,0.2483,,1222344
2026-09-04,2026-09-04 19:05,Paris St-G x Monaco,Paris St-G,Monaco,15,Under 3.5,3,1.31,32708.0,2026-09-04 19:36,Finalizado,GREEN,BF:WINNER,0.2961,1.261749680,1222344
2026-09-04,2026-09-04 19:00,Sandefjord x Viking,Sandefjord,Viking,20,Under 2.5,2,1.6,437.0,2026-09-04 19:36,Finalizado,GREEN,BF:WINNER,0.5730,1.261797745,47972
2026-09-04,2026-09-04 19:05,Paris St-G x Monaco,Paris St-G,Monaco,20,Under 2.5,2,3.3,280.0,2026-09-04 19:42,Finalizado,RED,BF:LOSER,-1.0000,1.261749616,47972
2026-09-04,2026-09-04 19:15,Porto x Moreirense,Porto,Moreirense,10,Under 3.5,3,1.92,690.0,2026-09-04 19:42,Finalizado,GREEN,BF:WINNER,0.8786,1.261835378,1222344
2026-09-04,2026-09-04 19:45,Estudiantes Rio Cuarto x Sarmiento de Junin,Estudiantes Rio Cuarto,Sarmiento de Junin,10,Under 2.5,2,1.71,1142.0,2026-09-04 20:12,Finalizado,GREEN,BF:WINNER,0.6780,1.261468092,47972
2026-09-04,2026-09-04 19:45,Estudiantes Rio Cuarto x Sarmiento de Junin,Estudiantes Rio Cuarto,Sarmiento de Junin,10,Under 3.5,3,1.27,260.0,2026-09-04 20:12,Finalizado,GREEN,BF:WINNER,0.2579,1.261468021,1222344
2026-09-04,2026-09-04 20:30,Atletico Rojiblanco x Club Nueve de Octubre,Atletico Rojiblanco,Club Nueve de Octubre,10,Under 2.5,2,1.46,112.0,2026-09-04 20:56,Finalizado,RED,BF:LOSER,-1.0000,1.261969864,47972
2026-09-04,2026-09-04 21:15,Academia de Balompie Bol x Universitario de Vinto,Academia de Balompie Bol,Universitario de Vinto,20,Under 2.5,2,2.72,180.0,2026-09-04 21:52,Finalizado,GREEN,BF:WINNER,1.6426,1.261930885,47972
2026-09-04,2026-09-04 21:15,Academia de Balompie Bol x Universitario de Vinto,Academia de Balompie Bol,Universitario de Vinto,20,Under 3.5,3,1.58,1981.0,2026-09-04 21:52,Finalizado,GREEN,BF:WINNER,0.5539,1.261930886,1222344
2026-09-04,2026-09-04 22:00,CA Platense x Deportivo Riestra,CA Platense,Deportivo Riestra,10,Under 2.5,2,1.8,519.0,2026-09-04 22:26,Finalizado,GREEN,BF:WINNER,0.7640,1.261466869,47972
2026-09-04,2026-09-04 22:00,CA Platense x Deportivo Riestra,CA Platense,Deportivo Riestra,10,Under 3.5,3,1.23,708.0,2026-09-04 22:26,Finalizado,GREEN,BF:WINNER,0.2196,1.261466802,1222344
2026-09-04,2026-09-04 22:00,CSD Rangers x Deportes Temuco,CSD Rangers,Deportes Temuco,10,Under 2.5,2,2.42,954.0,2026-09-04 22:26,Finalizado,GREEN,BF:WINNER,1.3561,1.261962630,47972
2026-09-04,2026-09-04 22:00,CSD Rangers x Deportes Temuco,CSD Rangers,Deportes Temuco,10,Under 3.5,3,1.45,181.0,2026-09-04 22:26,Finalizado,GREEN,BF:WINNER,0.4297,1.261962634,1222344
2026-09-04,2026-09-04 22:00,Bogota x Independiente Yumbo,Bogota,Independiente Yumbo,30,Under 2.5,2,1.61,1411.0,2026-09-04 22:46,Finalizado,GREEN,BF:WINNER,0.5826,1.261956006,47972
2026-09-04,2026-09-04 22:00,Bogota x Independiente Yumbo,Bogota,Independiente Yumbo,30,Under 3.5,3,1.16,8673.0,2026-09-04 22:46,Finalizado,GREEN,BF:WINNER,0.1528,1.261956007,1222344
2026-09-04,2026-09-04 22:00,Torque x Cerro Largo FC,Torque,Cerro Largo FC,30,Under 2.5,2,1.79,159.0,2026-09-04 22:52,Finalizado,RED,BF:LOSER,-1.0000,1.261787271,47972
2026-09-04,2026-09-04 22:00,Torque x Cerro Largo FC,Torque,Cerro Largo FC,30,Under 3.5,3,1.22,3116.0,2026-09-04 22:52,Finalizado,GREEN,BF:WINNER,0.2101,1.261787272,1222344
2026-09-04,2026-09-04 22:30,Criciuma x Cuiaba,Criciuma,Cuiaba,10,Under 2.5,2,1.98,2897.0,2026-09-04 23:02,Finalizado,GREEN,2-0:betfair,0.9359,,47972
2026-09-04,2026-09-04 22:30,Criciuma x Cuiaba,Criciuma,Cuiaba,20,Under 3.5,3,1.22,5160.0,2026-09-04 23:06,Finalizado,GREEN,BF:WINNER,0.2101,1.261782265,1222344
2026-09-05,2026-09-04 23:30,Athletic Club x Vila Nova,Athletic Club,Vila Nova,10,Under 2.5,2,2.04,2225.0,2026-09-05 00:02,Finalizado,RED,5-0:betfair,-1.0,,47972
2026-09-05,2026-09-04 23:30,Athletic Club x Vila Nova,Athletic Club,Vila Nova,10,Under 3.5,3,1.32,3021.0,2026-09-05 00:02,Finalizado,RED,5-0:betfair,-1.0,,1222344
2026-09-05,2026-09-05 00:00,El Nacional x LDU de Portoviejo,El Nacional,LDU de Portoviejo,10,Under 2.5,2,2.02,153.0,2026-09-05 00:26,Finalizado,GREEN,BF:WINNER,0.9741,1.261967646,47972
2026-09-05,2026-09-05 00:00,El Nacional x LDU de Portoviejo,El Nacional,LDU de Portoviejo,10,Under 3.5,3,1.3,709.0,2026-09-05 00:26,Finalizado,GREEN,BF:WINNER,0.2865,1.261967647,1222344
2026-09-05,2026-09-05 00:30,Orsomarso x Real Cartagena,Orsomarso,Real Cartagena,10,Under 2.5,2,2.18,413.0,2026-09-05 00:56,Finalizado,GREEN,BF:WINNER,1.1269,1.261933563,47972
2026-09-05,2026-09-05 00:30,Orsomarso x Real Cartagena,Orsomarso,Real Cartagena,10,Under 3.5,3,1.37,6637.0,2026-09-05 00:56,Finalizado,GREEN,BF:WINNER,0.3534,1.261933564,1222344
2026-09-05,2026-09-05 00:30,Deportes Concepcion x Audax Italiano,Deportes Concepcion,Audax Italiano,10,Under 2.5,2,2.46,2002.0,2026-09-05 01:02,SemPlacar,,,,,47972
2026-09-05,2026-09-05 00:30,Deportes Concepcion x Audax Italiano,Deportes Concepcion,Audax Italiano,10,Under 3.5,3,1.5,539.0,2026-09-05 01:02,SemPlacar,,,,,1222344
2026-09-05,2026-09-05 00:30,CRB x America MG,CRB,America MG,10,Under 2.5,2,3.25,1553.0,2026-09-05 01:02,Finalizado,RED,3-1:betfair,-1.0,,47972
2026-09-05,2026-09-05 00:30,CRB x America MG,CRB,America MG,10,Under 3.5,3,1.68,1392.0,2026-09-05 01:02,Finalizado,RED,3-1:betfair,-1.0,,1222344
2026-09-05,2026-09-05 00:30,Tecnico Universitario x LDU,Tecnico Universitario,LDU,10,Under 2.5,2,2.36,308.0,2026-09-05 01:02,SemPlacar,,,,,47972
2026-09-05,2026-09-05 00:30,Tecnico Universitario x LDU,Tecnico Universitario,LDU,10,Under 3.5,3,1.43,1750.0,2026-09-05 01:02,SemPlacar,,,,,1222344
2026-09-05,2026-09-05 01:30,Utah Royals (W) x Boston Legacy FC (W),Utah Royals (W),Boston Legacy FC (W),10,Under 2.5,2,4.0,207.0,2026-09-05 02:02,Finalizado,RED,1-2:b365,-1.0,,47972
2026-09-05,2026-09-05 01:30,Utah Royals (W) x Boston Legacy FC (W),Utah Royals (W),Boston Legacy FC (W),10,Under 3.5,3,1.92,476.0,2026-09-05 02:02,Finalizado,GREEN,1-2:b365,0.8786,,1222344
2026-09-05,2026-09-05 01:30,Arabe Unido x Veraguas FC,Arabe Unido,Veraguas FC,20,Under 2.5,2,2.04,195.0,2026-09-05 02:06,Finalizado,RED,BF:LOSER,-1.0000,1.261968576,47972
2026-09-05,2026-09-05 01:30,Arabe Unido x Veraguas FC,Arabe Unido,Veraguas FC,20,Under 3.5,3,1.33,267.0,2026-09-05 02:06,Finalizado,RED,BF:LOSER,-1.0000,1.261968522,1222344
2026-09-05,2026-09-05 02:00,Reboceros De La Piedad x H20 Purepechas FC,Reboceros De La Piedad,H20 Purepechas FC,20,Under 2.5,2,2.3,928.0,2026-09-05 02:36,Finalizado,RED,BF:LOSER,-1.0000,1.261971624,47972
2026-09-05,2026-09-05 02:00,Reboceros De La Piedad x H20 Purepechas FC,Reboceros De La Piedad,H20 Purepechas FC,20,Under 3.5,3,1.48,144.0,2026-09-05 02:36,Finalizado,GREEN,BF:WINNER,0.4584,1.261971628,1222344
2026-09-05,2026-09-05 02:00,Bay FC (W) x Kansas City (W),Bay FC (W),Kansas City (W),20,Under 2.5,2,2.86,147.0,2026-09-05 02:36,Finalizado,RED,BF:LOSER,-1.0000,1.262000927,47972
2026-09-05,2026-09-05 02:00,Bay FC (W) x Kansas City (W),Bay FC (W),Kansas City (W),20,Under 3.5,3,1.65,107.0,2026-09-05 02:36,Finalizado,GREEN,BF:WINNER,0.6207,1.262000928,1222344
2026-09-05,2026-09-05 08:00,Concordia Chiajna x Afumati,Concordia Chiajna,Afumati,10,Under 2.5,2,3.15,137.0,2026-09-05 08:28,Finalizado,RED,BF:LOSER,-1.0000,1.261988716,47972
2026-09-05,2026-09-05 08:00,Concordia Chiajna x Afumati,Concordia Chiajna,Afumati,10,Under 3.5,3,1.68,791.0,2026-09-05 08:28,Finalizado,GREEN,BF:WINNER,0.6494,1.261988717,1222344
2026-09-05,2026-09-05 08:00,Stefanestii Jos x CS Bistrita,Stefanestii Jos,CS Bistrita,10,Under 2.5,2,2.7,101.0,2026-09-05 08:28,Finalizado,RED,BF:LOSER,-1.0000,1.261990097,47972
2026-09-05,2026-09-05 08:00,Stefanestii Jos x CS Bistrita,Stefanestii Jos,CS Bistrita,10,Under 3.5,3,1.52,298.0,2026-09-05 08:28,Finalizado,GREEN,BF:WINNER,0.4966,1.261990098,1222344
2026-09-05,2026-09-05 08:00,Ramnicu-Valcea x CSM Resita,Ramnicu-Valcea,CSM Resita,10,Under 2.5,2,2.52,435.0,2026-09-05 08:28,Finalizado,RED,BF:LOSER,-1.0000,1.261990210,47972
2026-09-05,2026-09-05 08:00,Ramnicu-Valcea x CSM Resita,Ramnicu-Valcea,CSM Resita,10,Under 3.5,3,1.47,240.0,2026-09-05 08:28,Finalizado,GREEN,BF:WINNER,0.4488,1.261990211,1222344
2026-09-05,2026-09-05 08:00,Targu Mures x Metaloglobus,Targu Mures,Metaloglobus,10,Under 2.5,2,3.05,164.0,2026-09-05 08:32,SemPlacar,,,,,47972
2026-09-05,2026-09-05 08:00,Targu Mures x Metaloglobus,Targu Mures,Metaloglobus,10,Under 3.5,3,1.65,682.0,2026-09-05 08:32,SemPlacar,,,,,1222344
2026-09-05,2026-09-05 08:00,Wofoo Tai Po x Hong Kong Rangers FC,Wofoo Tai Po,Hong Kong Rangers FC,20,Under 2.5,2,3.25,1175.0,2026-09-05 08:38,Finalizado,RED,BF:LOSER,-1.0000,1.261986852,47972
2026-09-05,2026-09-05 08:00,Wofoo Tai Po x Hong Kong Rangers FC,Wofoo Tai Po,Hong Kong Rangers FC,20,Under 3.5,3,1.75,102.0,2026-09-05 08:38,Finalizado,RED,BF:LOSER,-1.0000,1.261986853,1222344
2026-09-05,2026-09-05 08:00,CSC 1599 Selimbar x Metalul Buzau,CSC 1599 Selimbar,Metalul Buzau,30,Under 2.5,2,1.19,204.0,2026-09-05 08:48,Finalizado,GREEN,BF:WINNER,0.1814,1.261729307,47972
2026-09-05,2026-09-05 08:00,CSC 1599 Selimbar x Metalul Buzau,CSC 1599 Selimbar,Metalul Buzau,30,Under 3.5,3,1.2,3211.0,2026-09-05 08:48,Finalizado,GREEN,BF:WINNER,0.1910,1.261729308,1222344
2026-09-05,2026-09-05 08:30,Persik Kediri x Dewa United FC,Persik Kediri,Dewa United FC,10,Under 2.5,2,2.42,292.0,2026-09-05 08:58,Finalizado,GREEN,BF:WINNER,1.3561,1.261782680,47972
2026-09-05,2026-09-05 08:30,Persik Kediri x Dewa United FC,Persik Kediri,Dewa United FC,10,Under 3.5,3,1.49,474.0,2026-09-05 08:58,Finalizado,GREEN,BF:WINNER,0.4679,1.261782681,1222344
2026-09-05,2026-09-05 08:30,Bhayangkara FC x Persebaya Surabaya,Bhayangkara FC,Persebaya Surabaya,10,Under 2.5,2,2.94,506.0,2026-09-05 08:58,Finalizado,GREEN,BF:WINNER,1.8527,1.261787379,47972
2026-09-05,2026-09-05 08:30,Bhayangkara FC x Persebaya Surabaya,Bhayangkara FC,Persebaya Surabaya,10,Under 3.5,3,1.58,2584.0,2026-09-05 08:58,Finalizado,GREEN,BF:WINNER,0.5539,1.261787380,1222344
2026-09-05,2026-09-05 09:00,Thitsar Arman FC x Hanthawaddy United FC,Thitsar Arman FC,Hanthawaddy United FC,10,Under 2.5,2,1.14,411.0,2026-09-05 09:28,Finalizado,RED,BF:LOSER,-1.0000,1.261982349,47972
2026-09-05,2026-09-05 09:00,Thitsar Arman FC x Hanthawaddy United FC,Thitsar Arman FC,Hanthawaddy United FC,10,Under 3.5,3,1.55,541.0,2026-09-05 09:28,Finalizado,RED,BF:LOSER,-1.0000,1.261982295,1222344
2026-09-05,2026-09-05 09:00,Sagamihara x Nagano Parceiro,Sagamihara,Nagano Parceiro,10,Under 2.5,2,3.15,549.0,2026-09-05 09:28,Finalizado,GREEN,BF:WINNER,2.0532,1.261996067,47972
2026-09-05,2026-09-05 09:00,Sagamihara x Nagano Parceiro,Sagamihara,Nagano Parceiro,10,Under 3.5,3,1.74,655.0,2026-09-05 09:28,Finalizado,GREEN,BF:WINNER,0.7067,1.261996071,1222344
2026-09-05,2026-09-05 09:00,FC Gifu x Kanazawa,FC Gifu,Kanazawa,20,Under 2.5,2,2.68,238.0,2026-09-05 09:38,Finalizado,GREEN,BF:WINNER,1.6044,1.261994907,47972
2026-09-05,2026-09-05 09:00,FC Gifu x Kanazawa,FC Gifu,Kanazawa,20,Under 3.5,3,1.56,578.0,2026-09-05 09:38,Finalizado,GREEN,BF:WINNER,0.5348,1.261994911,1222344
2026-09-05,2026-09-05 09:00,Dinthar FC x Chanmari FC,Dinthar FC,Chanmari FC,20,Under 2.5,2,3.75,263.0,2026-09-05 09:38,Finalizado,RED,BF:LOSER,-1.0000,1.262013921,47972
2026-09-05,2026-09-05 09:00,Dinthar FC x Chanmari FC,Dinthar FC,Chanmari FC,20,Under 3.5,3,1.9,804.0,2026-09-05 09:38,Finalizado,GREEN,BF:WINNER,0.8595,1.262013922,1222344
2026-09-05,2026-09-05 09:30,Gloria Leordeni x Bihor Oradea,Gloria Leordeni,Bihor Oradea,10,Under 2.5,2,2.48,406.0,2026-09-05 09:58,Finalizado,RED,BF:LOSER,-1.0000,1.261991014,47972
2026-09-05,2026-09-05 09:30,Gloria Leordeni x Bihor Oradea,Gloria Leordeni,Bihor Oradea,10,Under 3.5,3,1.47,163.0,2026-09-05 09:58,Finalizado,RED,BF:LOSER,-1.0000,1.261991015,1222344
2026-09-05,2026-09-05 10:00,Shonan x Sendai,Shonan,Sendai,10,Under 2.5,2,2.6,502.0,2026-09-05 10:28,Finalizado,RED,BF:LOSER,-1.0000,1.261848368,47972
2026-09-05,2026-09-05 10:00,Shonan x Sendai,Shonan,Sendai,10,Under 3.5,3,2.38,194.0,2026-09-05 10:28,Finalizado,RED,BF:LOSER,-1.0000,1.261848369,1222344
2026-09-05,2026-09-05 10:00,NKP Podhale x Sandecja,NKP Podhale,Sandecja,10,Under 2.5,2,2.62,119.0,2026-09-05 10:32,SemPlacar,,,,,47972
2026-09-05,2026-09-05 10:00,NKP Podhale x Sandecja,NKP Podhale,Sandecja,10,Under 3.5,3,1.48,184.0,2026-09-05 10:32,SemPlacar,,,,,1222344
2026-09-05,2026-09-05 10:00,Bucheon FC 1995 x Daejeon Citizen,Bucheon FC 1995,Daejeon Citizen,20,Under 2.5,2,1.36,187.0,2026-09-05 10:38,Finalizado,RED,BF:LOSER,-1.0000,1.261798661,47972
2026-09-05,2026-09-05 10:00,Bucheon FC 1995 x Daejeon Citizen,Bucheon FC 1995,Daejeon Citizen,20,Under 3.5,3,1.35,142.0,2026-09-05 10:38,Finalizado,RED,BF:LOSER,-1.0000,1.261798607,1222344
2026-09-05,2026-09-05 10:00,Busan IPark x Ansan Greeners FC,Busan IPark,Ansan Greeners FC,20,Under 2.5,2,2.64,411.0,2026-09-05 10:38,Finalizado,GREEN,BF:WINNER,1.5662,1.261802381,47972
2026-09-05,2026-09-05 10:00,Busan IPark x Ansan Greeners FC,Busan IPark,Ansan Greeners FC,20,Under 3.5,3,1.62,810.0,2026-09-05 10:38,Finalizado,GREEN,BF:WINNER,0.5921,1.261802327,1222344
2026-09-05,2026-09-05 10:00,Tondela x Porto B,Tondela,Porto B,20,Under 2.5,2,2.22,779.0,2026-09-05 10:38,Finalizado,RED,BF:LOSER,-1.0000,1.261854144,47972
2026-09-05,2026-09-05 10:00,Tondela x Porto B,Tondela,Porto B,20,Under 3.5,3,1.37,5269.0,2026-09-05 10:38,Finalizado,GREEN,BF:WINNER,0.3534,1.261854145,1222344
2026-09-05,2026-09-05 10:00,Thespakusatsu Gunma x Fukushima Utd,Thespakusatsu Gunma,Fukushima Utd,20,Under 2.5,2,3.15,530.0,2026-09-05 10:38,Finalizado,RED,BF:LOSER,-1.0000,1.261995177,47972
2026-09-05,2026-09-05 10:00,Thespakusatsu Gunma x Fukushima Utd,Thespakusatsu Gunma,Fukushima Utd,20,Under 3.5,3,1.78,1179.0,2026-09-05 10:38,Finalizado,RED,BF:LOSER,-1.0000,1.261995181,1222344
2026-09-05,2026-09-05 10:00,Tokushima x Iwaki SC,Tokushima,Iwaki SC,25,Under 2.5,2,2.2,1352.0,2026-09-05 10:46,Finalizado,GREEN,BF:WINNER,1.1460,1.261792938,47972
2026-09-05,2026-09-05 10:00,Tokushima x Iwaki SC,Tokushima,Iwaki SC,25,Under 3.5,3,1.37,595.0,2026-09-05 10:46,Finalizado,GREEN,BF:WINNER,0.3534,1.261792939,1222344
2026-09-05,2026-09-05 10:00,Kryvbas Krivyi Rih x Kolos Kovalyovka,Kryvbas Krivyi Rih,Kolos Kovalyovka,25,Under 2.5,2,1.89,119.0,2026-09-05 10:46,Finalizado,RED,BF:LOSER,-1.0000,1.261842579,47972
2026-09-05,2026-09-05 10:00,Kryvbas Krivyi Rih x Kolos Kovalyovka,Kryvbas Krivyi Rih,Kolos Kovalyovka,25,Under 3.5,3,1.21,1698.0,2026-09-05 10:46,Finalizado,RED,BF:LOSER,-1.0000,1.261842580,1222344
2026-09-05,2026-09-05 10:00,Tottori x Renofa Yamaguchi,Tottori,Renofa Yamaguchi,25,Under 2.5,2,2.1,121.0,2026-09-05 10:46,Finalizado,RED,BF:LOSER,-1.0000,1.261996864,47972
2026-09-05,2026-09-05 10:00,Tottori x Renofa Yamaguchi,Tottori,Renofa Yamaguchi,25,Under 3.5,3,1.35,1815.0,2026-09-05 10:46,Finalizado,GREEN,BF:WINNER,0.3343,1.261996868,1222344
2026-09-05,2026-09-05 10:30,Eastern AA x Kowloon City FC,Eastern AA,Kowloon City FC,10,Under 3.5,3,1.93,1357.0,2026-09-05 10:58,Finalizado,RED,BF:LOSER,-1.0000,1.261993204,1222344
2026-09-05,2026-09-05 11:00,Holstein Kiel x Nurnberg,Holstein Kiel,Nurnberg,10,Under 2.5,2,2.02,550.0,2026-09-05 11:28,Finalizado,RED,BF:LOSER,-1.0000,1.261794238,47972
2026-09-05,2026-09-05 11:00,Holstein Kiel x Nurnberg,Holstein Kiel,Nurnberg,10,Under 3.5,3,1.38,473.0,2026-09-05 11:28,Finalizado,RED,BF:LOSER,-1.0000,1.261794184,1222344
2026-09-05,2026-09-05 11:00,IL Sandviken Bergen x Eik-Tonsberg,IL Sandviken Bergen,Eik-Tonsberg,10,Under 2.5,2,2.16,246.0,2026-09-05 11:28,Finalizado,GREEN,BF:WINNER,1.1078,1.261990656,47972
2026-09-05,2026-09-05 11:00,IL Sandviken Bergen x Eik-Tonsberg,IL Sandviken Bergen,Eik-Tonsberg,10,Under 3.5,3,1.39,634.0,2026-09-05 11:28,Finalizado,GREEN,BF:WINNER,0.3724,1.261990660,1222344
2026-09-05,2026-09-05 11:00,Okzhetpes x FC Ordabasy,Okzhetpes,FC Ordabasy,10,Under 2.5,2,3.4,137.0,2026-09-05 11:28,Finalizado,RED,BF:LOSER,-1.0000,1.261800867,47972
2026-09-05,2026-09-05 11:00,Okzhetpes x FC Ordabasy,Okzhetpes,FC Ordabasy,10,Under 3.5,3,1.74,381.0,2026-09-05 11:28,Finalizado,GREEN,BF:WINNER,0.7067,1.261800813,1222344
2026-09-05,2026-09-05 11:00,Hassleholms IF x Kristianstads,Hassleholms IF,Kristianstads,10,Under 2.5,2,3.0,216.0,2026-09-05 11:28,Finalizado,RED,BF:LOSER,-1.0000,1.261992117,47972
2026-09-05,2026-09-05 11:00,Hassleholms IF x Kristianstads,Hassleholms IF,Kristianstads,10,Under 3.5,3,1.65,329.0,2026-09-05 11:28,Finalizado,GREEN,BF:WINNER,0.6207,1.261992118,1222344
2026-09-05,2026-09-05 11:00,Chiangrai Utd x Chonburi,Chiangrai Utd,Chonburi,20,Under 3.5,3,1.34,2059.0,2026-09-05 11:38,Finalizado,GREEN,BF:WINNER,0.3247,1.261992805,1222344
2026-09-05,2026-09-05 11:00,Chiangrai Utd x Chonburi,Chiangrai Utd,Chonburi,25,Under 2.5,2,1.96,952.0,2026-09-05 11:42,Finalizado,GREEN,BF:WINNER,0.9168,1.261992801,47972
2026-09-05,2026-09-05 11:00,BK Olympic x Angelholms,BK Olympic,Angelholms,25,Under 2.5,2,2.8,108.0,2026-09-05 11:46,Finalizado,RED,BF:LOSER,-1.0000,1.261992227,47972
2026-09-05,2026-09-05 11:00,BK Olympic x Angelholms,BK Olympic,Angelholms,25,Under 3.5,3,1.54,520.0,2026-09-05 11:46,Finalizado,RED,BF:LOSER,-1.0000,1.261992228,1222344
2026-09-05,2026-09-05 11:00,Follo x Tromsdalen,Follo,Tromsdalen,30,Under 2.5,2,1.37,176.0,2026-09-05 11:52,Finalizado,GREEN,BF:WINNER,0.3534,1.261990566,47972
2026-09-05,2026-09-05 11:00,Follo x Tromsdalen,Follo,Tromsdalen,30,Under 3.5,3,1.37,307.0,2026-09-05 11:52,Finalizado,GREEN,BF:WINNER,0.3534,1.261990570,1222344
2026-09-05,2026-09-05 11:00,Hai Phong x Ninh Binh,Hai Phong,Ninh Binh,30,Under 2.5,2,2.28,398.0,2026-09-05 11:52,Finalizado,RED,BF:LOSER,-1.0000,1.261990987,47972
2026-09-05,2026-09-05 11:00,Hai Phong x Ninh Binh,Hai Phong,Ninh Binh,30,Under 3.5,3,1.38,308.0,2026-09-05 11:52,Finalizado,RED,BF:LOSER,-1.0000,1.261990933,1222344
2026-09-05,2026-09-05 11:30,Newcastle x Bournemouth,Newcastle,Bournemouth,10,Under 2.5,2,3.5,814.0,2026-09-05 11:58,Finalizado,RED,BF:LOSER,-1.0000,1.261449589,47972
2026-09-05,2026-09-05 11:30,Newcastle x Bournemouth,Newcastle,Bournemouth,10,Under 3.5,3,1.77,196.0,2026-09-05 11:58,Finalizado,RED,BF:LOSER,-1.0000,1.261449604,1222344
2026-09-05,2026-09-05 11:30,Preston x Blackburn,Preston,Blackburn,10,Under 2.5,2,2.78,2286.0,2026-09-05 11:58,Finalizado,RED,BF:LOSER,-1.0000,1.261829992,47972
2026-09-05,2026-09-05 11:30,Preston x Blackburn,Preston,Blackburn,10,Under 3.5,3,1.57,448.0,2026-09-05 11:58,Finalizado,GREEN,BF:WINNER,0.5444,1.261829993,1222344
2026-09-05,2026-09-05 11:30,Southend x Yeovil,Southend,Yeovil,20,Under 2.5,2,2.86,180.0,2026-09-05 12:08,Finalizado,RED,BF:LOSER,-1.0000,1.261704226,47972
2026-09-05,2026-09-05 11:30,Southend x Yeovil,Southend,Yeovil,20,Under 3.5,3,1.6,249.0,2026-09-05 12:08,Finalizado,RED,BF:LOSER,-1.0000,1.261704227,1222344
2026-09-05,2026-09-05 11:30,FK BSK Banja Luka x Celik Zenica,FK BSK Banja Luka,Celik Zenica,20,Under 2.5,2,2.02,357.0,2026-09-05 12:08,Finalizado,RED,BF:LOSER,-1.0000,1.261989044,47972
2026-09-05,2026-09-05 11:30,FK BSK Banja Luka x Celik Zenica,FK BSK Banja Luka,Celik Zenica,20,Under 3.5,3,1.32,214.0,2026-09-05 12:08,Finalizado,RED,BF:LOSER,-1.0000,1.261988990,1222344
2026-09-05,2026-09-05 11:30,Peterborough x Sheff Wed,Peterborough,Sheff Wed,25,Under 3.5,3,1.48,162.0,2026-09-05 12:12,Finalizado,GREEN,BF:WINNER,0.4584,1.261712452,1222344
2026-09-05,2026-09-05 11:30,Peterborough x Sheff Wed,Peterborough,Sheff Wed,30,Under 2.5,2,2.3,165.0,2026-09-05 12:18,Finalizado,RED,BF:LOSER,-1.0000,1.261712451,47972
2026-09-05,2026-09-05 11:30,Chelsea (W) x Aston Villa (W),Chelsea (W),Aston Villa (W),30,Under 2.5,2,4.1,100.0,2026-09-05 12:18,Finalizado,GREEN,BF:WINNER,2.9605,1.261792506,47972
2026-09-05,2026-09-05 11:30,Chelsea (W) x Aston Villa (W),Chelsea (W),Aston Villa (W),30,Under 3.5,3,2.08,327.0,2026-09-05 12:18,Finalizado,GREEN,BF:WINNER,1.0314,1.261792507,1222344
2026-09-05,2026-09-05 11:30,Fleetwood Town x Shrewsbury,Fleetwood Town,Shrewsbury,30,Under 2.5,2,1.79,1076.0,2026-09-05 12:22,Finalizado,GREEN,BF:WINNER,0.7544,1.261711687,47972
2026-09-05,2026-09-05 11:30,Fleetwood Town x Shrewsbury,Fleetwood Town,Shrewsbury,30,Under 3.5,3,1.21,4084.0,2026-09-05 12:22,Finalizado,GREEN,BF:WINNER,0.2005,1.261711688,1222344
2026-09-05,2026-09-05 11:30,Kuressaare x Trans Narva,Kuressaare,Trans Narva,30,Under 3.5,3,1.76,253.0,2026-09-05 12:22,Finalizado,RED,BF:LOSER,-1.0000,1.261836339,1222344
2026-09-05,2026-09-05 12:00,Fredericia x Esbjerg,Fredericia,Esbjerg,10,Under 2.5,2,2.22,689.0,2026-09-05 12:28,Finalizado,GREEN,BF:WINNER,1.1651,1.261750997,47972
2026-09-05,2026-09-05 12:00,Fredericia x Esbjerg,Fredericia,Esbjerg,10,Under 3.5,3,1.45,1077.0,2026-09-05 12:28,Finalizado,GREEN,BF:WINNER,0.4297,1.261750943,1222344
2026-09-05,2026-09-05 12:00,Skeid x Kjelsas,Skeid,Kjelsas,10,Under 2.5,2,3.6,115.0,2026-09-05 12:28,Finalizado,RED,BF:LOSER,-1.0000,1.261990836,47972
2026-09-05,2026-09-05 12:00,AB x AaB,AB,AaB,10,Under 2.5,2,3.1,1475.0,2026-09-05 12:28,Finalizado,GREEN,BF:WINNER,2.0055,1.261703287,47972
2026-09-05,2026-09-05 12:00,AB x AaB,AB,AaB,10,Under 3.5,3,1.69,1922.0,2026-09-05 12:28,Finalizado,GREEN,BF:WINNER,0.6589,1.261703233,1222344
2026-09-05,2026-09-05 12:00,Shandong Taishan x Shenzhen Peng City,Shandong Taishan,Shenzhen Peng City,10,Under 2.5,2,3.1,396.0,2026-09-05 12:28,Finalizado,GREEN,BF:WINNER,2.0055,1.261783681,47972
2026-09-05,2026-09-05 12:00,Shandong Taishan x Shenzhen Peng City,Shandong Taishan,Shenzhen Peng City,10,Under 3.5,3,1.67,426.0,2026-09-05 12:28,Finalizado,GREEN,BF:WINNER,0.6398,1.261783682,1222344
2026-09-05,2026-09-05 12:00,Reims x Guingamp,Reims,Guingamp,10,Under 2.5,2,3.1,727.0,2026-09-05 12:28,Finalizado,RED,BF:LOSER,-1.0000,1.261787055,47972
2026-09-05,2026-09-05 12:00,Reims x Guingamp,Reims,Guingamp,10,Under 3.5,3,1.63,3041.0,2026-09-05 12:28,Finalizado,RED,BF:LOSER,-1.0000,1.261787056,1222344
2026-09-05,2026-09-05 12:00,Middelfart x Fremad Amager,Middelfart,Fremad Amager,10,Under 2.5,2,3.15,113.0,2026-09-05 12:28,Finalizado,GREEN,BF:WINNER,2.0532,1.261992666,47972
2026-09-05,2026-09-05 12:00,Middelfart x Fremad Amager,Middelfart,Fremad Amager,10,Under 3.5,3,1.75,140.0,2026-09-05 12:28,Finalizado,GREEN,BF:WINNER,0.7162,1.261992667,1222344
2026-09-05,2026-09-05 12:00,Frederiksberg x Skive,Frederiksberg,Skive,10,Under 2.5,2,2.32,190.0,2026-09-05 12:28,Finalizado,RED,BF:LOSER,-1.0000,1.261993045,47972
2026-09-05,2026-09-05 12:00,Frederiksberg x Skive,Frederiksberg,Skive,10,Under 3.5,3,1.41,548.0,2026-09-05 12:28,Finalizado,RED,BF:LOSER,-1.0000,1.261993046,1222344
2026-09-05,2026-09-05 12:00,FK Kaspyi Aktau x Kairat Almaty,FK Kaspyi Aktau,Kairat Almaty,10,Under 2.5,2,2.7,257.0,2026-09-05 12:28,Finalizado,RED,BF:LOSER,-1.0000,1.261800558,47972
2026-09-05,2026-09-05 12:00,FK Kaspyi Aktau x Kairat Almaty,FK Kaspyi Aktau,Kairat Almaty,10,Under 3.5,3,1.55,1140.0,2026-09-05 12:28,Finalizado,GREEN,BF:WINNER,0.5252,1.261800504,1222344
2026-09-05,2026-09-05 12:00,Preussen Munster x TSV Havelse,Preussen Munster,TSV Havelse,10,Under 2.5,2,3.25,1321.0,2026-09-05 12:28,Finalizado,RED,BF:LOSER,-1.0000,1.261807646,47972
2026-09-05,2026-09-05 12:00,Preussen Munster x TSV Havelse,Preussen Munster,TSV Havelse,10,Under 3.5,3,1.77,727.0,2026-09-05 12:28,Finalizado,GREEN,BF:WINNER,0.7353,1.261807647,1222344
2026-09-05,2026-09-05 12:00,Metz x Rodez,Metz,Rodez,10,Under 2.5,2,3.25,1138.0,2026-09-05 12:28,Finalizado,RED,BF:LOSER,-1.0000,1.261816031,47972
2026-09-05,2026-09-05 12:00,Metz x Rodez,Metz,Rodez,10,Under 3.5,3,1.77,473.0,2026-09-05 12:28,Finalizado,RED,BF:LOSER,-1.0000,1.261816032,1222344
2026-09-05,2026-09-05 12:00,Rasi Salai United FC x Port FC,Rasi Salai United FC,Port FC,10,Under 2.5,2,3.6,441.0,2026-09-05 12:32,SemPlacar,,,,,47972
2026-09-05,2026-09-05 12:00,Rasi Salai United FC x Port FC,Rasi Salai United FC,Port FC,10,Under 3.5,3,1.81,416.0,2026-09-05 12:32,SemPlacar,,,,,1222344
2026-09-05,2026-09-05 12:15,Cong An Nhan Dan x Hong Linh Ha Tinh,Cong An Nhan Dan,Hong Linh Ha Tinh,10,Under 2.5,2,3.25,349.0,2026-09-05 12:42,Finalizado,GREEN,BF:WINNER,2.1487,1.262000601,47972
2026-09-05,2026-09-05 12:15,Cong An Nhan Dan x Hong Linh Ha Tinh,Cong An Nhan Dan,Hong Linh Ha Tinh,10,Under 3.5,3,1.75,965.0,2026-09-05 12:42,Finalizado,GREEN,BF:WINNER,0.7162,1.262000605,1222344
2026-09-05,2026-09-05 12:00,FK Tukums 2000 x Ogre United,FK Tukums 2000,Ogre United,25,Under 2.5,2,2.32,458.0,2026-09-05 12:46,Finalizado,RED,BF:LOSER,-1.0000,1.261823899,47972
2026-09-05,2026-09-05 12:00,FK Tukums 2000 x Ogre United,FK Tukums 2000,Ogre United,25,Under 3.5,3,1.43,543.0,2026-09-05 12:46,Finalizado,GREEN,BF:WINNER,0.4106,1.261823845,1222344
2026-09-05,2026-09-05 12:00,HIK Hellerup x Brabrand,HIK Hellerup,Brabrand,30,Under 2.5,2,1.94,463.0,2026-09-05 12:52,Finalizado,RED,BF:LOSER,-1.0000,1.261992846,47972
2026-09-05,2026-09-05 12:00,HIK Hellerup x Brabrand,HIK Hellerup,Brabrand,30,Under 3.5,3,1.27,404.0,2026-09-05 12:52,Finalizado,GREEN,BF:WINNER,0.2579,1.261992847,1222344
2026-09-05,2026-09-05 13:00,Slavia Prague x FC Zbrojovka Brno,Slavia Prague,FC Zbrojovka Brno,10,Under 3.5,3,1.33,3524.0,2026-09-05 13:28,Finalizado,RED,BF:LOSER,-1.0000,1.261778277,1222344
2026-09-05,2026-09-05 13:00,Oddevold x Falkenbergs,Oddevold,Falkenbergs,10,Under 3.5,3,2.42,128.0,2026-09-05 13:28,Finalizado,GREEN,BF:WINNER,1.3561,1.261777521,1222344
2026-09-05,2026-09-05 13:00,Mjondalen x Jerv,Mjondalen,Jerv,10,Under 2.5,2,3.55,117.0,2026-09-05 13:28,Finalizado,RED,BF:LOSER,-1.0000,1.261990365,47972
2026-09-05,2026-09-05 13:00,Mjondalen x Jerv,Mjondalen,Jerv,10,Under 3.5,3,1.31,177.0,2026-09-05 13:28,Finalizado,GREEN,BF:WINNER,0.2961,1.261990369,1222344
2026-09-05,2026-09-05 13:00,Norrby IF x Landskrona,Norrby IF,Landskrona,10,Under 2.5,2,3.25,1126.0,2026-09-05 13:28,Finalizado,RED,BF:LOSER,-1.0000,1.261778384,47972
2026-09-05,2026-09-05 13:00,Norrby IF x Landskrona,Norrby IF,Landskrona,10,Under 3.5,3,1.76,811.0,2026-09-05 13:28,Finalizado,RED,BF:LOSER,-1.0000,1.261778385,1222344
2026-09-05,2026-09-05 13:00,Penafiel x Academica,Penafiel,Academica,25,Under 2.5,2,1.8,581.0,2026-09-05 13:46,Finalizado,RED,BF:LOSER,-1.0000,1.261954408,47972
2026-09-05,2026-09-05 13:00,Penafiel x Academica,Penafiel,Academica,25,Under 3.5,3,1.23,1638.0,2026-09-05 13:46,Finalizado,RED,BF:LOSER,-1.0000,1.261954409,1222344
2026-09-05,2026-09-05 13:00,Slavia Prague x FC Zbrojovka Brno,Slavia Prague,FC Zbrojovka Brno,30,Under 2.5,2,2.3,397.0,2026-09-05 13:48,Finalizado,RED,BF:LOSER,-1.0000,1.261778276,47972
2026-09-05,2026-09-05 13:30,FC Basel II x SC Bruhl St Gallen,FC Basel II,SC Bruhl St Gallen,10,Under 3.5,3,1.48,152.0,2026-09-05 13:58,Finalizado,GREEN,BF:WINNER,0.4584,1.262000231,1222344
2026-09-05,2026-09-05 13:30,Voitsberg x Sturm Graz,Voitsberg,Sturm Graz,10,Under 2.5,2,3.15,138.0,2026-09-05 13:58,Finalizado,RED,BF:LOSER,-1.0000,1.262010665,47972
2026-09-05,2026-09-05 13:30,Werder Bremen x RB Leipzig,Werder Bremen,RB Leipzig,10,Under 2.5,2,3.6,119.0,2026-09-05 13:58,Finalizado,RED,BF:LOSER,-1.0000,1.261437684,47972
2026-09-05,2026-09-05 13:30,Werder Bremen x RB Leipzig,Werder Bremen,RB Leipzig,10,Under 3.5,3,1.91,390.0,2026-09-05 13:58,Finalizado,RED,BF:LOSER,-1.0000,1.261437748,1222344
2026-09-05,2026-09-05 13:30,Stal Mielec x Odra Opole,Stal Mielec,Odra Opole,10,Under 2.5,2,2.54,143.0,2026-09-05 13:58,Finalizado,GREEN,BF:WINNER,1.4707,1.261705457,47972
2026-09-05,2026-09-05 13:30,Stal Mielec x Odra Opole,Stal Mielec,Odra Opole,10,Under 3.5,3,1.49,1466.0,2026-09-05 13:58,Finalizado,GREEN,BF:WINNER,0.4679,1.261705458,1222344
2026-09-05,2026-09-05 13:30,Stal Rzeszow x Polonia Warszawa,Stal Rzeszow,Polonia Warszawa,10,Under 2.5,2,3.65,700.0,2026-09-05 13:58,Finalizado,RED,BF:LOSER,-1.0000,1.261717830,47972
2026-09-05,2026-09-05 13:30,Stal Rzeszow x Polonia Warszawa,Stal Rzeszow,Polonia Warszawa,10,Under 3.5,3,1.86,1356.0,2026-09-05 13:58,Finalizado,GREEN,BF:WINNER,0.8213,1.261717776,1222344
2026-09-05,2026-09-05 13:30,Paderborn x Freiburg,Paderborn,Freiburg,20,Under 3.5,3,1.61,669.0,2026-09-05 14:08,Finalizado,GREEN,BF:WINNER,0.5826,1.261440645,1222344
2026-09-05,2026-09-05 13:30,Voitsberg x Sturm Graz,Voitsberg,Sturm Graz,20,Under 3.5,3,1.9,329.0,2026-09-05 14:08,Finalizado,RED,BF:LOSER,-1.0000,1.262010611,1222344
2026-09-05,2026-09-05 13:30,Paderborn x Freiburg,Paderborn,Freiburg,25,Under 2.5,2,2.5,716.0,2026-09-05 14:12,Finalizado,GREEN,BF:WINNER,1.4325,1.261440561,47972
2026-09-05,2026-09-05 14:00,Man City x Coventry,Man City,Coventry,10,Under 2.5,2,2.16,769.0,2026-09-05 14:28,Finalizado,GREEN,BF:WINNER,1.1078,1.261450183,47972
2026-09-05,2026-09-05 14:00,Man City x Coventry,Man City,Coventry,10,Under 3.5,3,1.43,1904.0,2026-09-05 14:28,Finalizado,GREEN,BF:WINNER,0.4106,1.261450196,1222344
2026-09-05,2026-09-05 14:00,Bradford x Mansfield,Bradford,Mansfield,10,Under 2.5,2,2.66,121.0,2026-09-05 14:28,Finalizado,GREEN,BF:WINNER,1.5853,1.261715062,47972
2026-09-05,2026-09-05 14:00,Bradford x Mansfield,Bradford,Mansfield,10,Under 3.5,3,1.5,2664.0,2026-09-05 14:28,Finalizado,GREEN,BF:WINNER,0.4775,1.261715008,1222344
2026-09-05,2026-09-05 14:00,Sandnes Ulf x Ranheim IL,Sandnes Ulf,Ranheim IL,10,Under 2.5,2,2.5,1151.0,2026-09-05 14:28,Finalizado,GREEN,BF:WINNER,1.4325,1.261785995,47972
2026-09-05,2026-09-05 14:00,Sandnes Ulf x Ranheim IL,Sandnes Ulf,Ranheim IL,10,Under 3.5,3,1.66,880.0,2026-09-05 14:28,Finalizado,GREEN,BF:WINNER,0.6303,1.261785996,1222344
2026-09-05,2026-09-05 14:00,Burton Albion x Cambridge Utd,Burton Albion,Cambridge Utd,10,Under 2.5,2,2.32,587.0,2026-09-05 14:28,Finalizado,RED,BF:LOSER,-1.0000,1.261715502,47972
2026-09-05,2026-09-05 14:00,Burton Albion x Cambridge Utd,Burton Albion,Cambridge Utd,10,Under 3.5,3,1.45,281.0,2026-09-05 14:28,Finalizado,RED,BF:LOSER,-1.0000,1.261715448,1222344
2026-09-05,2026-09-05 14:00,Erzurum BB x Konyaspor,Erzurum BB,Konyaspor,10,Under 2.5,2,2.12,2612.0,2026-09-05 14:28,Finalizado,GREEN,BF:WINNER,1.0696,1.261797091,47972
2026-09-05,2026-09-05 14:00,Erzurum BB x Konyaspor,Erzurum BB,Konyaspor,10,Under 3.5,3,1.36,346.0,2026-09-05 14:28,Finalizado,GREEN,BF:WINNER,0.3438,1.261797037,1222344
2026-09-05,2026-09-05 14:00,HK Kopavogur x Fylkir,HK Kopavogur,Fylkir,10,Under 2.5,2,2.52,167.0,2026-09-05 14:28,Finalizado,RED,BF:LOSER,-1.0000,1.261994031,47972
2026-09-05,2026-09-05 14:00,HK Kopavogur x Fylkir,HK Kopavogur,Fylkir,10,Under 3.5,3,1.63,260.0,2026-09-05 14:28,Finalizado,GREEN,BF:WINNER,0.6016,1.261994032,1222344
2026-09-05,2026-09-05 14:00,Brighton x Leeds,Brighton,Leeds,10,Under 2.5,2,3.25,243.0,2026-09-05 14:28,Finalizado,GREEN,BF:WINNER,2.1487,1.261452493,47972
2026-09-05,2026-09-05 14:00,Brighton x Leeds,Brighton,Leeds,10,Under 3.5,3,1.67,261.0,2026-09-05 14:28,Finalizado,GREEN,BF:WINNER,0.6398,1.261452506,1222344
2026-09-05,2026-09-05 14:00,Wealdstone x Kidderminster,Wealdstone,Kidderminster,10,Under 2.5,2,2.64,177.0,2026-09-05 14:28,Finalizado,RED,BF:LOSER,-1.0000,1.261705781,47972
2026-09-05,2026-09-05 14:00,Wealdstone x Kidderminster,Wealdstone,Kidderminster,10,Under 3.5,3,1.51,852.0,2026-09-05 14:28,Finalizado,RED,BF:LOSER,-1.0000,1.261705782,1222344
2026-09-05,2026-09-05 14:00,Cheltenham x Grimsby,Cheltenham,Grimsby,10,Under 2.5,2,3.4,1003.0,2026-09-05 14:28,Finalizado,RED,BF:LOSER,-1.0000,1.261714098,47972
2026-09-05,2026-09-05 14:00,Cheltenham x Grimsby,Cheltenham,Grimsby,10,Under 3.5,3,1.77,416.0,2026-09-05 14:28,Finalizado,RED,BF:LOSER,-1.0000,1.261714044,1222344
2026-09-05,2026-09-05 14:00,Slough Town x Braintree,Slough Town,Braintree,10,Under 2.5,2,3.35,132.0,2026-09-05 14:28,Finalizado,RED,BF:LOSER,-1.0000,1.261928232,47972
2026-09-05,2026-09-05 14:00,Slough Town x Braintree,Slough Town,Braintree,10,Under 3.5,3,1.73,645.0,2026-09-05 14:28,Finalizado,GREEN,BF:WINNER,0.6971,1.261928236,1222344
2026-09-05,2026-09-05 14:00,Hednesford Town x South Shields,Hednesford Town,South Shields,10,Under 2.5,2,3.35,331.0,2026-09-05 14:28,Finalizado,GREEN,BF:WINNER,2.2443,1.261931436,47972
2026-09-05,2026-09-05 14:00,Hednesford Town x South Shields,Hednesford Town,South Shields,10,Under 3.5,3,1.81,274.0,2026-09-05 14:28,Finalizado,GREEN,BF:WINNER,0.7736,1.261931437,1222344
2026-09-05,2026-09-05 14:00,Asane x Hodd,Asane,Hodd,10,Under 2.5,2,3.35,624.0,2026-09-05 14:28,Finalizado,RED,BF:LOSER,-1.0000,1.261969088,47972
2026-09-05,2026-09-05 14:00,Al Rayyan x Al-Duhail SC,Al Rayyan,Al-Duhail SC,10,Under 2.5,2,2.94,289.0,2026-09-05 14:28,Finalizado,GREEN,BF:WINNER,1.8527,1.261989674,47972
2026-09-05,2026-09-05 14:00,Al Rayyan x Al-Duhail SC,Al Rayyan,Al-Duhail SC,10,Under 3.5,3,1.6,300.0,2026-09-05 14:28,Finalizado,GREEN,BF:WINNER,0.5730,1.261989675,1222344
2026-09-05,2026-09-05 14:00,Njardvik x Afturelding,Njardvik,Afturelding,10,Under 2.5,2,3.7,195.0,2026-09-05 14:28,Finalizado,RED,BF:LOSER,-1.0000,1.261993367,47972
2026-09-05,2026-09-05 14:00,Njardvik x Afturelding,Njardvik,Afturelding,10,Under 3.5,3,1.97,159.0,2026-09-05 14:28,Finalizado,GREEN,BF:WINNER,0.9263,1.261993368,1222344
2026-09-05,2026-09-05 14:00,Inverness CT x Raith,Inverness CT,Raith,10,Under 2.5,2,2.34,198.0,2026-09-05 14:28,Finalizado,GREEN,BF:WINNER,1.2797,1.261689966,47972
2026-09-05,2026-09-05 14:00,Inverness CT x Raith,Inverness CT,Raith,10,Under 3.5,3,1.43,655.0,2026-09-05 14:28,Finalizado,GREEN,BF:WINNER,0.4106,1.261689912,1222344
2026-09-05,2026-09-05 14:00,Huddersfield x Notts Co,Huddersfield,Notts Co,10,Under 3.5,3,2.56,727.0,2026-09-05 14:28,Finalizado,GREEN,BF:WINNER,1.4898,1.261715228,1222344
2026-09-05,2026-09-05 14:00,Brackley Town x Harborough Town,Brackley Town,Harborough Town,10,Under 2.5,2,2.26,481.0,2026-09-05 14:28,Finalizado,GREEN,BF:WINNER,1.2033,1.261932203,47972
2026-09-05,2026-09-05 14:00,Brackley Town x Harborough Town,Brackley Town,Harborough Town,10,Under 3.5,3,1.68,166.0,2026-09-05 14:28,Finalizado,GREEN,BF:WINNER,0.6494,1.261932204,1222344
2026-09-05,2026-09-05 14:00,Ariana FC x Aatvidabergs Ff,Ariana FC,Aatvidabergs Ff,10,Under 3.5,3,3.1,107.0,2026-09-05 14:28,Finalizado,RED,BF:LOSER,-1.0000,1.261995913,1222344
2026-09-05,2026-09-05 14:00,Hornchurch x Forest Green,Hornchurch,Forest Green,10,Under 2.5,2,3.05,230.0,2026-09-05 14:28,Finalizado,GREEN,BF:WINNER,1.9577,1.261704658,47972
2026-09-05,2026-09-05 14:00,Hornchurch x Forest Green,Hornchurch,Forest Green,10,Under 3.5,3,1.66,260.0,2026-09-05 14:28,Finalizado,GREEN,BF:WINNER,0.6303,1.261704659,1222344
2026-09-05,2026-09-05 14:00,Kelty Hearts x Annan,Kelty Hearts,Annan,10,Under 2.5,2,3.05,137.0,2026-09-05 14:28,Finalizado,RED,BF:LOSER,-1.0000,1.261709342,47972
2026-09-05,2026-09-05 14:00,Crewe x York City,Crewe,York City,10,Under 2.5,2,3.05,1003.0,2026-09-05 14:28,Finalizado,GREEN,BF:WINNER,1.9577,1.261713982,47972
2026-09-05,2026-09-05 14:00,Crewe x York City,Crewe,York City,10,Under 3.5,3,1.76,724.0,2026-09-05 14:28,Finalizado,GREEN,BF:WINNER,0.7258,1.261713925,1222344
2026-09-05,2026-09-05 14:00,Reading x Blackpool,Reading,Blackpool,10,Under 2.5,2,3.25,257.0,2026-09-05 14:28,Finalizado,RED,BF:LOSER,-1.0000,1.261714732,47972
2026-09-05,2026-09-05 14:00,Truro City x Chesham Utd,Truro City,Chesham Utd,10,Under 2.5,2,2.96,208.0,2026-09-05 14:28,Finalizado,RED,BF:LOSER,-1.0000,1.261927318,47972
2026-09-05,2026-09-05 14:00,Truro City x Chesham Utd,Truro City,Chesham Utd,10,Under 3.5,3,1.64,309.0,2026-09-05 14:28,Finalizado,RED,BF:LOSER,-1.0000,1.261927319,1222344
2026-09-05,2026-09-05 14:00,Walton & Hersham x Ebbsfleet Utd,Walton & Hersham,Ebbsfleet Utd,10,Under 2.5,2,3.55,135.0,2026-09-05 14:28,Finalizado,GREEN,BF:WINNER,2.4352,1.262001787,47972
2026-09-05,2026-09-05 14:00,Walton & Hersham x Ebbsfleet Utd,Walton & Hersham,Ebbsfleet Utd,10,Under 3.5,3,1.79,537.0,2026-09-05 14:28,Finalizado,GREEN,BF:WINNER,0.7544,1.262001733,1222344
2026-09-05,2026-09-05 14:00,Fulham x Crystal Palace,Fulham,Crystal Palace,10,Under 2.5,2,3.1,229.0,2026-09-05 14:28,Finalizado,RED,BF:LOSER,-1.0000,1.261448108,47972
2026-09-05,2026-09-05 14:00,Fulham x Crystal Palace,Fulham,Crystal Palace,10,Under 3.5,3,1.65,1864.0,2026-09-05 14:28,Finalizado,RED,BF:LOSER,-1.0000,1.261448121,1222344
2026-09-05,2026-09-05 14:00,Peterhead x Montrose,Peterhead,Montrose,10,Under 3.5,3,1.57,125.0,2026-09-05 14:28,Finalizado,GREEN,BF:WINNER,0.5444,1.261702903,1222344
2026-09-05,2026-09-05 14:00,Wycombe x MK Dons,Wycombe,MK Dons,10,Under 2.5,2,3.45,332.0,2026-09-05 14:28,Finalizado,RED,BF:LOSER,-1.0000,1.261714622,47972
2026-09-05,2026-09-05 14:00,Wycombe x MK Dons,Wycombe,MK Dons,10,Under 3.5,3,1.78,1600.0,2026-09-05 14:28,Finalizado,RED,BF:LOSER,-1.0000,1.261714568,1222344
2026-09-05,2026-09-05 14:00,Leicester x Oxford Utd,Leicester,Oxford Utd,10,Under 2.5,2,3.7,366.0,2026-09-05 14:28,Finalizado,RED,BF:LOSER,-1.0000,1.261714952,47972
2026-09-05,2026-09-05 14:00,Leicester x Oxford Utd,Leicester,Oxford Utd,10,Under 3.5,3,1.9,443.0,2026-09-05 14:28,Finalizado,RED,BF:LOSER,-1.0000,1.261714898,1222344
2026-09-05,2026-09-05 14:00,Barnsley x Stevenage,Barnsley,Stevenage,10,Under 2.5,2,2.72,930.0,2026-09-05 14:28,Finalizado,RED,BF:LOSER,-1.0000,1.261715172,47972
2026-09-05,2026-09-05 14:00,Barnsley x Stevenage,Barnsley,Stevenage,10,Under 3.5,3,1.58,2458.0,2026-09-05 14:28,Finalizado,RED,BF:LOSER,-1.0000,1.261715118,1222344
2026-09-05,2026-09-05 14:00,Dundee Utd x Falkirk,Dundee Utd,Falkirk,10,Under 2.5,2,3.4,1194.0,2026-09-05 14:28,Finalizado,GREEN,BF:WINNER,2.2920,1.261806610,47972
2026-09-05,2026-09-05 14:00,Dundee Utd x Falkirk,Dundee Utd,Falkirk,10,Under 3.5,3,1.8,866.0,2026-09-05 14:28,Finalizado,GREEN,BF:WINNER,0.7640,1.261806556,1222344
2026-09-05,2026-09-05 14:00,West Ham x Derby,West Ham,Derby,10,Under 2.5,2,3.25,428.0,2026-09-05 14:28,Finalizado,RED,BF:LOSER,-1.0000,1.261830760,47972
2026-09-05,2026-09-05 14:00,West Ham x Derby,West Ham,Derby,10,Under 3.5,3,1.8,398.0,2026-09-05 14:28,Finalizado,GREEN,BF:WINNER,0.7640,1.261830761,1222344
2026-09-05,2026-09-05 14:00,Charleroi x Union St Gilloise,Charleroi,Union St Gilloise,10,Under 2.5,2,2.88,1213.0,2026-09-05 14:28,Finalizado,RED,BF:LOSER,-1.0000,1.261872829,47972
2026-09-05,2026-09-05 14:00,Charleroi x Union St Gilloise,Charleroi,Union St Gilloise,10,Under 3.5,3,1.6,129.0,2026-09-05 14:28,Finalizado,RED,BF:LOSER,-1.0000,1.261872830,1222344
2026-09-05,2026-09-05 14:00,Hebburn Town x Chester,Hebburn Town,Chester,10,Under 2.5,2,2.62,216.0,2026-09-05 14:28,Finalizado,GREEN,BF:WINNER,1.5471,1.261932115,47972
2026-09-05,2026-09-05 14:00,Hebburn Town x Chester,Hebburn Town,Chester,10,Under 3.5,3,1.52,206.0,2026-09-05 14:28,Finalizado,GREEN,BF:WINNER,0.4966,1.261932116,1222344
2026-09-05,2026-09-05 14:00,Scunthorpe x Harrogate Town,Scunthorpe,Harrogate Town,10,Under 2.5,2,3.3,235.0,2026-09-05 14:28,Finalizado,GREEN,BF:WINNER,2.1965,1.261705086,47972
2026-09-05,2026-09-05 14:00,Scunthorpe x Harrogate Town,Scunthorpe,Harrogate Town,10,Under 3.5,3,1.76,405.0,2026-09-05 14:28,Finalizado,GREEN,BF:WINNER,0.7258,1.261705087,1222344
2026-09-05,2026-09-05 14:00,Swindon x Colchester,Swindon,Colchester,10,Under 2.5,2,2.92,495.0,2026-09-05 14:28,Finalizado,RED,BF:LOSER,-1.0000,1.261714424,47972
2026-09-05,2026-09-05 14:00,QPR x Middlesbrough,QPR,Middlesbrough,10,Under 2.5,2,3.15,615.0,2026-09-05 14:32,Finalizado,GREEN,0-1:b365,2.0532,,47972
2026-09-05,2026-09-05 14:00,Barrow x Sutton Utd,Barrow,Sutton Utd,10,Under 2.5,2,2.74,252.0,2026-09-05 14:32,Finalizado,RED,3-0:b365,-1.0,,47972
2026-09-05,2026-09-05 14:00,Barrow x Sutton Utd,Barrow,Sutton Utd,10,Under 3.5,3,1.58,273.0,2026-09-05 14:32,Finalizado,GREEN,3-0:b365,0.5539,,1222344
2026-09-05,2026-09-05 14:00,Tranmere x Oldham,Tranmere,Oldham,10,Under 3.5,3,1.53,254.0,2026-09-05 14:32,Finalizado,GREEN,2-0:b365,0.5061,,1222344
2026-09-05,2026-09-05 14:00,Billericay Town x Dorking Wanderers,Billericay Town,Dorking Wanderers,10,Under 3.5,3,1.84,305.0,2026-09-05 14:32,SemPlacar,,,,,1222344
2026-09-05,2026-09-05 14:00,Hereford FC x Spennymoor Town,Hereford FC,Spennymoor Town,10,Under 2.5,2,2.88,256.0,2026-09-05 14:32,SemPlacar,,,,,47972
2026-09-05,2026-09-05 14:00,Hereford FC x Spennymoor Town,Hereford FC,Spennymoor Town,10,Under 3.5,3,1.64,296.0,2026-09-05 14:32,SemPlacar,,,,,1222344
2026-09-05,2026-09-05 14:00,Queens Park x Morton,Queens Park,Morton,10,Under 2.5,2,2.32,223.0,2026-09-05 14:32,Finalizado,RED,2-1:b365,-1.0,,47972
2026-09-05,2026-09-05 14:00,Queens Park x Morton,Queens Park,Morton,10,Under 3.5,3,1.43,199.0,2026-09-05 14:32,Finalizado,GREEN,2-1:b365,0.4106,,1222344
2026-09-05,2026-09-05 14:00,AFC Totton x Hampton and Richmond,AFC Totton,Hampton and Richmond,10,Under 2.5,2,3.2,270.0,2026-09-05 14:32,SemPlacar,,,,,47972
2026-09-05,2026-09-05 14:00,AFC Totton x Hampton and Richmond,AFC Totton,Hampton and Richmond,10,Under 3.5,3,1.16,149.0,2026-09-05 14:32,SemPlacar,,,,,1222344
2026-09-05,2026-09-05 14:00,Bristol Rovers x Rotherham,Bristol Rovers,Rotherham,20,Under 2.5,2,1.35,403.0,2026-09-05 14:38,Finalizado,GREEN,BF:WINNER,0.3343,1.261713350,47972
2026-09-05,2026-09-05 14:00,Bristol Rovers x Rotherham,Bristol Rovers,Rotherham,20,Under 3.5,3,1.35,441.0,2026-09-05 14:38,Finalizado,GREEN,BF:WINNER,0.3343,1.261713293,1222344
2026-09-05,2026-09-05 14:00,Oxford City x Chorley,Oxford City,Chorley,20,Under 2.5,2,2.48,209.0,2026-09-05 14:38,Finalizado,RED,BF:LOSER,-1.0000,1.261932586,47972
2026-09-05,2026-09-05 14:00,Oxford City x Chorley,Oxford City,Chorley,20,Under 3.5,3,1.46,139.0,2026-09-05 14:38,Finalizado,RED,BF:LOSER,-1.0000,1.261932532,1222344
2026-09-05,2026-09-05 14:00,Odds BK x Stromsgodset,Odds BK,Stromsgodset,20,Under 3.5,3,1.89,800.0,2026-09-05 14:38,Finalizado,GREEN,BF:WINNER,0.8499,1.261968913,1222344
2026-09-05,2026-09-05 14:00,QPR x Middlesbrough,QPR,Middlesbrough,20,Under 3.5,3,1.51,701.0,2026-09-05 14:38,Finalizado,GREEN,BF:WINNER,0.4870,1.261830103,1222344
2026-09-05,2026-09-05 14:00,Asane x Hodd,Asane,Hodd,20,Under 3.5,3,1.58,1831.0,2026-09-05 14:38,Finalizado,RED,BF:LOSER,-1.0000,1.261969089,1222344
2026-09-05,2026-09-05 14:00,Tamworth FC x Boston Utd,Tamworth FC,Boston Utd,20,Under 3.5,3,2.66,178.0,2026-09-05 14:38,Finalizado,RED,BF:LOSER,-1.0000,1.261704979,1222344
2026-09-05,2026-09-05 14:00,Stirling x Spartans,Stirling,Spartans,20,Under 2.5,2,2.88,107.0,2026-09-05 14:38,Finalizado,GREEN,BF:WINNER,1.7954,1.261708519,47972
2026-09-05,2026-09-05 14:00,Stirling x Spartans,Stirling,Spartans,20,Under 3.5,3,1.65,103.0,2026-09-05 14:38,Finalizado,GREEN,BF:WINNER,0.6207,1.261708465,1222344
2026-09-05,2026-09-05 14:00,Tranmere x Oldham,Tranmere,Oldham,20,Under 2.5,2,2.12,1182.0,2026-09-05 14:38,Finalizado,GREEN,BF:WINNER,1.0696,1.261712743,47972
2026-09-05,2026-09-05 14:00,Chesterfield x Barnet,Chesterfield,Barnet,20,Under 2.5,2,2.48,520.0,2026-09-05 14:38,Finalizado,RED,BF:LOSER,-1.0000,1.261713483,47972
2026-09-05,2026-09-05 14:00,Chesterfield x Barnet,Chesterfield,Barnet,20,Under 3.5,3,1.47,1069.0,2026-09-05 14:38,Finalizado,RED,BF:LOSER,-1.0000,1.261713429,1222344
2026-09-05,2026-09-05 14:00,Luton x Leyton Orient,Luton,Leyton Orient,20,Under 2.5,2,2.84,129.0,2026-09-05 14:38,Finalizado,GREEN,BF:WINNER,1.7572,1.261714842,47972
2026-09-05,2026-09-05 14:00,Luton x Leyton Orient,Luton,Leyton Orient,20,Under 3.5,3,2.28,110.0,2026-09-05 14:38,Finalizado,GREEN,BF:WINNER,1.2224,1.261714788,1222344
2026-09-05,2026-09-05 14:00,Doncaster x Plymouth,Doncaster,Plymouth,20,Under 2.5,2,2.46,500.0,2026-09-05 14:38,Finalizado,RED,BF:LOSER,-1.0000,1.261715392,47972
2026-09-05,2026-09-05 14:00,Doncaster x Plymouth,Doncaster,Plymouth,20,Under 3.5,3,1.46,672.0,2026-09-05 14:38,Finalizado,RED,BF:LOSER,-1.0000,1.261715338,1222344
2026-09-05,2026-09-05 14:00,Dover x Maidenhead,Dover,Maidenhead,20,Under 2.5,2,2.44,104.0,2026-09-05 14:38,Finalizado,RED,BF:LOSER,-1.0000,1.261926326,47972
2026-09-05,2026-09-05 14:00,Dover x Maidenhead,Dover,Maidenhead,20,Under 3.5,3,1.44,242.0,2026-09-05 14:38,Finalizado,GREEN,BF:WINNER,0.4202,1.261926328,1222344
2026-09-05,2026-09-05 14:00,East Kilbride x Hamilton,East Kilbride,Hamilton,20,Under 2.5,2,2.24,137.0,2026-09-05 14:38,Finalizado,GREEN,BF:WINNER,1.1842,1.261703067,47972
2026-09-05,2026-09-05 14:00,East Kilbride x Hamilton,East Kilbride,Hamilton,20,Under 3.5,3,1.39,194.0,2026-09-05 14:38,Finalizado,GREEN,BF:WINNER,0.3724,1.261703013,1222344
2026-09-05,2026-09-05 14:00,AFC Fylde x Worthing,AFC Fylde,Worthing,20,Under 3.5,3,1.9,592.0,2026-09-05 14:38,Finalizado,RED,BF:LOSER,-1.0000,1.261704855,1222344
2026-09-05,2026-09-05 14:00,Kelty Hearts x Annan,Kelty Hearts,Annan,20,Under 3.5,3,1.49,136.0,2026-09-05 14:38,Finalizado,GREEN,BF:WINNER,0.4679,1.261709213,1222344
2026-09-05,2026-09-05 14:00,Reading x Blackpool,Reading,Blackpool,20,Under 3.5,3,1.54,316.0,2026-09-05 14:38,Finalizado,RED,BF:LOSER,-1.0000,1.261714678,1222344
2026-09-05,2026-09-05 14:00,Portsmouth x Cardiff,Portsmouth,Cardiff,20,Under 2.5,2,2.88,368.0,2026-09-05 14:38,Finalizado,GREEN,BF:WINNER,1.7954,1.261830322,47972
2026-09-05,2026-09-05 14:00,Portsmouth x Cardiff,Portsmouth,Cardiff,20,Under 3.5,3,1.6,1494.0,2026-09-05 14:38,Finalizado,GREEN,BF:WINNER,0.5730,1.261830323,1222344
2026-09-05,2026-09-05 14:00,Spalding Utd x Southport,Spalding Utd,Southport,20,Under 2.5,2,2.22,145.0,2026-09-05 14:38,Finalizado,GREEN,BF:WINNER,1.1651,1.261932816,47972
2026-09-05,2026-09-05 14:00,Spalding Utd x Southport,Spalding Utd,Southport,20,Under 3.5,3,1.4,249.0,2026-09-05 14:38,Finalizado,GREEN,BF:WINNER,0.3820,1.261932817,1222344
2026-09-05,2026-09-05 14:00,Sollentuna FF x Gefle,Sollentuna FF,Gefle,20,Under 2.5,2,2.28,212.0,2026-09-05 14:38,Finalizado,GREEN,BF:WINNER,1.2224,1.261995582,47972
2026-09-05,2026-09-05 14:00,Sollentuna FF x Gefle,Sollentuna FF,Gefle,20,Under 3.5,3,1.41,235.0,2026-09-05 14:38,Finalizado,GREEN,BF:WINNER,0.3915,1.261995583,1222344
2026-09-05,2026-09-05 14:00,Cove Rangers x Alloa,Cove Rangers,Alloa,20,Under 2.5,2,2.3,113.0,2026-09-05 14:38,Finalizado,GREEN,BF:WINNER,1.2415,1.261702737,47972
2026-09-05,2026-09-05 14:00,Cove Rangers x Alloa,Cove Rangers,Alloa,20,Under 3.5,3,1.4,186.0,2026-09-05 14:38,Finalizado,GREEN,BF:WINNER,0.3820,1.261702683,1222344
2026-09-05,2026-09-05 14:00,Peterhead x Montrose,Peterhead,Montrose,20,Under 2.5,2,2.34,196.0,2026-09-05 14:38,Finalizado,RED,BF:LOSER,-1.0000,1.261702957,47972
2026-09-05,2026-09-05 14:00,Farnborough FC x Tonbridge Angels,Farnborough FC,Tonbridge Angels,20,Under 3.5,3,1.62,289.0,2026-09-05 14:38,Finalizado,RED,BF:LOSER,-1.0000,1.261926775,1222344
2026-09-05,2026-09-05 14:00,Grotta x Volsungur,Grotta,Volsungur,20,Under 2.5,2,3.3,168.0,2026-09-05 14:38,Finalizado,GREEN,BF:WINNER,2.1965,1.261994141,47972
2026-09-05,2026-09-05 14:00,Grotta x Volsungur,Grotta,Volsungur,20,Under 3.5,3,1.83,610.0,2026-09-05 14:38,Finalizado,GREEN,BF:WINNER,0.7927,1.261994142,1222344
2026-09-05,2026-09-05 14:00,FC Jarfalla x FBK Karlstad,FC Jarfalla,FBK Karlstad,20,Under 3.5,3,1.56,133.0,2026-09-05 14:38,Finalizado,GREEN,BF:WINNER,0.5348,1.261996334,1222344
2026-09-05,2026-09-05 14:00,Swindon x Colchester,Swindon,Colchester,20,Under 3.5,3,1.43,105.0,2026-09-05 14:38,Finalizado,RED,BF:LOSER,-1.0000,1.261714370,1222344
2026-09-05,2026-09-05 14:00,Rosenborg x Ham-Kam,Rosenborg,Ham-Kam,20,Under 2.5,2,3.2,559.0,2026-09-05 14:38,Finalizado,RED,BF:LOSER,-1.0000,1.261786103,47972
2026-09-05,2026-09-05 14:00,Rosenborg x Ham-Kam,Rosenborg,Ham-Kam,20,Under 3.5,3,1.77,495.0,2026-09-05 14:38,Finalizado,RED,BF:LOSER,-1.0000,1.261786104,1222344
2026-09-05,2026-09-05 14:00,Rangers x Motherwell,Rangers,Motherwell,20,Under 2.5,2,3.2,165.0,2026-09-05 14:38,Finalizado,GREEN,BF:WINNER,2.1010,1.261806073,47972
2026-09-05,2026-09-05 14:00,Rangers x Motherwell,Rangers,Motherwell,20,Under 3.5,3,1.71,781.0,2026-09-05 14:38,Finalizado,GREEN,BF:WINNER,0.6780,1.261806137,1222344
2026-09-05,2026-09-05 14:00,Partick x Ayr,Partick,Ayr,25,Under 2.5,2,2.14,159.0,2026-09-05 14:42,Finalizado,GREEN,BF:WINNER,1.0887,1.261689744,47972
2026-09-05,2026-09-05 14:00,Partick x Ayr,Partick,Ayr,25,Under 3.5,3,1.32,397.0,2026-09-05 14:42,Finalizado,GREEN,BF:WINNER,0.3056,1.261689690,1222344
2026-09-05,2026-09-05 14:00,Odds BK x Stromsgodset,Odds BK,Stromsgodset,25,Under 2.5,2,3.35,486.0,2026-09-05 14:42,Finalizado,GREEN,BF:WINNER,2.2443,1.261968912,47972
2026-09-05,2026-09-05 14:00,Aegir x Grindavik,Aegir,Grindavik,25,Under 2.5,2,4.0,327.0,2026-09-05 14:42,Finalizado,GREEN,BF:WINNER,2.8650,1.261994251,47972
2026-09-05,2026-09-05 14:00,Aegir x Grindavik,Aegir,Grindavik,25,Under 3.5,3,2.0,508.0,2026-09-05 14:42,Finalizado,GREEN,BF:WINNER,0.9550,1.261994252,1222344
2026-09-05,2026-09-05 14:00,AFC Fylde x Worthing,AFC Fylde,Worthing,25,Under 2.5,2,3.3,297.0,2026-09-05 14:42,Finalizado,RED,BF:LOSER,-1.0000,1.261704854,47972
2026-09-05,2026-09-05 14:00,Farnborough FC x Tonbridge Angels,Farnborough FC,Tonbridge Angels,25,Under 2.5,2,2.42,293.0,2026-09-05 14:42,Finalizado,RED,BF:LOSER,-1.0000,1.261926774,47972
2026-09-05,2026-09-05 14:00,Chelmsford x Salisbury City,Chelmsford,Salisbury City,25,Under 2.5,2,2.28,390.0,2026-09-05 14:46,Finalizado,GREEN,BF:WINNER,1.2224,1.261927210,47972
2026-09-05,2026-09-05 14:00,Chelmsford x Salisbury City,Chelmsford,Salisbury City,25,Under 3.5,3,1.39,553.0,2026-09-05 14:46,Finalizado,GREEN,BF:WINNER,0.3724,1.261927211,1222344
2026-09-05,2026-09-05 14:00,Rochdale x Gillingham,Rochdale,Gillingham,25,Under 2.5,2,2.1,142.0,2026-09-05 14:46,Finalizado,RED,BF:LOSER,-1.0000,1.261713702,47972
2026-09-05,2026-09-05 14:00,Rochdale x Gillingham,Rochdale,Gillingham,25,Under 3.5,3,1.31,292.0,2026-09-05 14:46,Finalizado,RED,BF:LOSER,-1.0000,1.261713648,1222344
2026-09-05,2026-09-05 14:00,Millwall x Bolton,Millwall,Bolton,25,Under 2.5,2,2.02,2521.0,2026-09-05 14:46,Finalizado,RED,BF:LOSER,-1.0000,1.261830542,47972
2026-09-05,2026-09-05 14:00,Millwall x Bolton,Millwall,Bolton,25,Under 3.5,3,1.31,206.0,2026-09-05 14:46,Finalizado,RED,BF:LOSER,-1.0000,1.261830543,1222344
2026-09-05,2026-09-05 14:00,Hemel Hempstead x Farnham Town,Hemel Hempstead,Farnham Town,25,Under 2.5,2,2.68,147.0,2026-09-05 14:46,Finalizado,GREEN,BF:WINNER,1.6044,1.261928277,47972
2026-09-05,2026-09-05 14:00,Hemel Hempstead x Farnham Town,Hemel Hempstead,Farnham Town,25,Under 3.5,3,1.54,303.0,2026-09-05 14:46,Finalizado,GREEN,BF:WINNER,0.5157,1.261928278,1222344
2026-09-05,2026-09-05 14:00,West Brom x Watford,West Brom,Watford,25,Under 2.5,2,2.16,1481.0,2026-09-05 14:46,Finalizado,GREEN,BF:WINNER,1.1078,1.261830432,47972
2026-09-05,2026-09-05 14:00,West Brom x Watford,West Brom,Watford,25,Under 3.5,3,1.34,375.0,2026-09-05 14:46,Finalizado,GREEN,BF:WINNER,0.3247,1.261830433,1222344
2026-09-05,2026-09-05 14:00,Haugesund x Sogndal,Haugesund,Sogndal,30,Under 2.5,2,3.7,806.0,2026-09-05 14:48,Finalizado,GREEN,BF:WINNER,2.5785,1.261783006,47972
2026-09-05,2026-09-05 14:00,Haugesund x Sogndal,Haugesund,Sogndal,30,Under 3.5,3,1.92,547.0,2026-09-05 14:48,Finalizado,GREEN,BF:WINNER,0.8786,1.261783007,1222344
2026-09-05,2026-09-05 14:00,Bedford Town x Radcliffe Borough,Bedford Town,Radcliffe Borough,30,Under 2.5,2,1.96,307.0,2026-09-05 14:52,Finalizado,GREEN,BF:WINNER,0.9168,1.261933209,47972
2026-09-05,2026-09-05 14:00,Bedford Town x Radcliffe Borough,Bedford Town,Radcliffe Borough,30,Under 3.5,3,1.29,467.0,2026-09-05 14:52,Finalizado,GREEN,BF:WINNER,0.2770,1.261933155,1222344
2026-09-05,2026-09-05 14:00,IF Karlstad x AFC Eskilstuna,IF Karlstad,AFC Eskilstuna,30,Under 3.5,3,1.33,295.0,2026-09-05 14:52,Finalizado,GREEN,BF:WINNER,0.3152,1.261995693,1222344
2026-09-05,2026-09-05 14:00,Darlington x Kings Lynn,Darlington,Kings Lynn,30,Under 2.5,2,2.12,304.0,2026-09-05 14:52,Finalizado,GREEN,BF:WINNER,1.0696,1.261931147,47972
2026-09-05,2026-09-05 14:15,Sporting Gijon x Girona,Sporting Gijon,Girona,20,Under 2.5,2,2.26,224.0,2026-09-05 14:52,Finalizado,GREEN,BF:WINNER,1.2033,1.261815064,47972
2026-09-05,2026-09-05 14:15,Sporting Gijon x Girona,Sporting Gijon,Girona,20,Under 3.5,3,1.41,4570.0,2026-09-05 14:52,Finalizado,GREEN,BF:WINNER,0.3915,1.261815065,1222344
2026-09-05,2026-09-05 14:30,NEC Nijmegen x Feyenoord,NEC Nijmegen,Feyenoord,10,Under 2.5,2,2.04,194.0,2026-09-05 14:58,Finalizado,RED,BF:LOSER,-1.0000,1.261734707,47972
2026-09-05,2026-09-05 14:30,NEC Nijmegen x Feyenoord,NEC Nijmegen,Feyenoord,10,Under 3.5,3,1.42,7724.0,2026-09-05 14:58,Finalizado,RED,BF:LOSER,-1.0000,1.261734708,1222344
2026-09-05,2026-09-05 14:30,FC Dordrecht x Jong AZ Alkmaar,FC Dordrecht,Jong AZ Alkmaar,10,Under 2.5,2,3.7,101.0,2026-09-05 14:58,Finalizado,RED,BF:LOSER,-1.0000,1.261807734,47972
2026-09-05,2026-09-05 14:30,FC Dordrecht x Jong AZ Alkmaar,FC Dordrecht,Jong AZ Alkmaar,10,Under 3.5,3,1.93,165.0,2026-09-05 14:58,Finalizado,RED,BF:LOSER,-1.0000,1.261807735,1222344
2026-09-05,2026-09-05 14:30,Club Football Estrela x Famalicao,Club Football Estrela,Famalicao,10,Under 2.5,2,2.4,1032.0,2026-09-05 14:58,Finalizado,RED,BF:LOSER,-1.0000,1.261787811,47972
2026-09-05,2026-09-05 14:30,Club Football Estrela x Famalicao,Club Football Estrela,Famalicao,10,Under 3.5,3,1.46,15806.0,2026-09-05 14:58,Finalizado,RED,BF:LOSER,-1.0000,1.261787812,1222344
2026-09-05,2026-09-05 14:30,Uta Arad x Csikszereda,Uta Arad,Csikszereda,20,Under 2.5,2,2.36,154.0,2026-09-05 15:08,Finalizado,RED,BF:LOSER,-1.0000,1.261440243,47972
2026-09-05,2026-09-05 14:30,Uta Arad x Csikszereda,Uta Arad,Csikszereda,20,Under 3.5,3,1.38,208.0,2026-09-05 15:08,Finalizado,RED,BF:LOSER,-1.0000,1.261440189,1222344
2026-09-05,2026-09-05 14:30,Rot-Weiss Essen x Viktoria Koln,Rot-Weiss Essen,Viktoria Koln,20,Under 2.5,2,2.52,1630.0,2026-09-05 15:08,Finalizado,GREEN,BF:WINNER,1.4516,1.261759336,47972
2026-09-05,2026-09-05 14:30,Rot-Weiss Essen x Viktoria Koln,Rot-Weiss Essen,Viktoria Koln,20,Under 3.5,3,1.46,4079.0,2026-09-05 15:08,Finalizado,GREEN,BF:WINNER,0.4393,1.261759337,1222344
2026-09-05,2026-09-05 14:30,SV Austria Salzburg x First Vienna Fc 1894,SV Austria Salzburg,First Vienna Fc 1894,20,Under 2.5,2,2.48,845.0,2026-09-05 15:08,Finalizado,RED,BF:LOSER,-1.0000,1.262011069,47972
2026-09-05,2026-09-05 14:30,SV Austria Salzburg x First Vienna Fc 1894,SV Austria Salzburg,First Vienna Fc 1894,20,Under 3.5,3,1.48,640.0,2026-09-05 15:08,Finalizado,RED,BF:LOSER,-1.0000,1.262011070,1222344
2026-09-05,2026-09-05 15:00,Karpaty x Shakhtar,Karpaty,Shakhtar,10,Under 2.5,2,1.22,154.0,2026-09-05 15:28,Finalizado,RED,BF:LOSER,-1.0000,1.261853169,47972
2026-09-05,2026-09-05 15:00,Karpaty x Shakhtar,Karpaty,Shakhtar,10,Under 3.5,3,1.19,169.0,2026-09-05 15:28,Finalizado,GREEN,BF:WINNER,0.1814,1.261853115,1222344
2026-09-05,2026-09-05 15:00,IK Brage x Sundsvall,IK Brage,Sundsvall,20,Under 2.5,2,2.62,1898.0,2026-09-05 15:38,Finalizado,GREEN,BF:WINNER,1.5471,1.261778060,47972
2026-09-05,2026-09-05 15:00,IK Brage x Sundsvall,IK Brage,Sundsvall,20,Under 3.5,3,1.52,1845.0,2026-09-05 15:38,Finalizado,GREEN,BF:WINNER,0.4966,1.261778061,1222344
2026-09-05,2026-09-05 15:00,Helsingborgs x Sandvikens IF,Helsingborgs,Sandvikens IF,20,Under 2.5,2,2.6,190.0,2026-09-05 15:38,Finalizado,GREEN,BF:WINNER,1.5280,1.261997527,47972
2026-09-05,2026-09-05 15:00,Helsingborgs x Sandvikens IF,Helsingborgs,Sandvikens IF,20,Under 3.5,3,1.55,2019.0,2026-09-05 15:38,Finalizado,GREEN,BF:WINNER,0.5252,1.261997528,1222344
2026-09-05,2026-09-05 15:30,Korona Kielce x Wisla Krakow,Korona Kielce,Wisla Krakow,20,Under 2.5,2,2.5,554.0,2026-09-05 16:06,Finalizado,GREEN,BF:WINNER,1.4325,1.261703916,47972
2026-09-05,2026-09-05 15:30,Korona Kielce x Wisla Krakow,Korona Kielce,Wisla Krakow,20,Under 3.5,3,1.45,2935.0,2026-09-05 16:06,Finalizado,GREEN,BF:WINNER,0.4297,1.261703917,1222344
2026-09-05,2026-09-05 15:35,Kuwait SC x Al Jahra,Kuwait SC,Al Jahra,20,Under 3.5,3,1.1,960.0,2026-09-05 16:12,Finalizado,GREEN,BF:WINNER,0.0955,1.262001389,1222344
2026-09-05,2026-09-05 15:35,Kuwait SC x Al Jahra,Kuwait SC,Al Jahra,30,Under 2.5,2,2.62,230.0,2026-09-05 16:22,Finalizado,GREEN,BF:WINNER,1.5471,1.262001388,47972
2026-09-05,2026-09-05 16:00,Dinamo Zagreb x HNK Gorica,Dinamo Zagreb,HNK Gorica,10,Under 2.5,2,2.32,158.0,2026-09-05 16:26,Finalizado,GREEN,BF:WINNER,1.2606,1.261830652,47972
2026-09-05,2026-09-05 16:00,Dinamo Zagreb x HNK Gorica,Dinamo Zagreb,HNK Gorica,10,Under 3.5,3,1.51,515.0,2026-09-05 16:26,Finalizado,GREEN,BF:WINNER,0.4870,1.261830653,1222344
2026-09-05,2026-09-05 16:00,Zemplin x Trencin,Zemplin,Trencin,10,Under 2.5,2,3.4,344.0,2026-09-05 16:26,Finalizado,RED,BF:LOSER,-1.0000,1.261753719,47972
2026-09-05,2026-09-05 16:00,Zemplin x Trencin,Zemplin,Trencin,10,Under 3.5,3,1.81,1334.0,2026-09-05 16:26,Finalizado,RED,BF:LOSER,-1.0000,1.261753665,1222344
2026-09-05,2026-09-05 16:00,Radnik Surdulica x Cukaricki,Radnik Surdulica,Cukaricki,10,Under 2.5,2,2.8,228.0,2026-09-05 16:26,Finalizado,RED,BF:LOSER,-1.0000,1.261795696,47972
2026-09-05,2026-09-05 16:00,Radnik Surdulica x Cukaricki,Radnik Surdulica,Cukaricki,10,Under 3.5,3,1.17,215.0,2026-09-05 16:26,Finalizado,RED,BF:LOSER,-1.0000,1.261795697,1222344
2026-09-05,2026-09-05 16:00,Balzan FC x Birzebbuga St Peters,Balzan FC,Birzebbuga St Peters,10,Under 3.5,3,1.45,515.0,2026-09-05 16:26,Finalizado,GREEN,BF:WINNER,0.4297,1.261972467,1222344
2026-09-05,2026-09-05 16:00,Spartak Varna x CSKA Sofia,Spartak Varna,CSKA Sofia,10,Under 2.5,2,3.2,272.0,2026-09-05 16:32,Finalizado,GREEN,1-1:b365,2.101,,47972
2026-09-05,2026-09-05 16:00,Spartak Varna x CSKA Sofia,Spartak Varna,CSKA Sofia,10,Under 3.5,3,1.76,231.0,2026-09-05 16:32,Finalizado,GREEN,1-1:b365,0.7258,,1222344
2026-09-05,2026-09-05 16:00,SFC Opava x Dukla Prague,SFC Opava,Dukla Prague,10,Under 2.5,2,3.0,141.0,2026-09-05 16:32,Finalizado,RED,1-2:b365,-1.0,,47972
2026-09-05,2026-09-05 16:00,SFC Opava x Dukla Prague,SFC Opava,Dukla Prague,10,Under 3.5,3,1.67,258.0,2026-09-05 16:32,Finalizado,GREEN,1-2:b365,0.6398,,1222344
2026-09-05,2026-09-05 16:00,SK Artis Brno x Plzen,SK Artis Brno,Plzen,20,Under 2.5,2,2.92,119.0,2026-09-05 16:36,Finalizado,RED,BF:LOSER,-1.0000,1.261780648,47972
2026-09-05,2026-09-05 16:00,SK Artis Brno x Plzen,SK Artis Brno,Plzen,20,Under 3.5,3,1.54,337.0,2026-09-05 16:36,Finalizado,GREEN,BF:WINNER,0.5157,1.261780594,1222344
2026-09-05,2026-09-05 16:00,Tallinna FC Flora x Nomme Kalju,Tallinna FC Flora,Nomme Kalju,20,Under 3.5,3,2.36,270.0,2026-09-05 16:36,Finalizado,GREEN,BF:WINNER,1.2988,1.261836447,1222344
2026-09-05,2026-09-05 16:00,AGF x Silkeborg,AGF,Silkeborg,20,Under 2.5,2,3.35,1530.0,2026-09-05 16:36,Finalizado,RED,BF:LOSER,-1.0000,1.261778600,47972
2026-09-05,2026-09-05 16:00,AGF x Silkeborg,AGF,Silkeborg,20,Under 3.5,3,1.83,271.0,2026-09-05 16:36,Finalizado,RED,BF:LOSER,-1.0000,1.261778601,1222344
2026-09-05,2026-09-05 16:15,Al Ahli (UAE) x Al Jazira,Al Ahli (UAE),Al Jazira,10,Under 2.5,2,3.25,762.0,2026-09-05 16:42,Finalizado,RED,BF:LOSER,-1.0000,1.261783789,47972
2026-09-05,2026-09-05 16:15,Al Ahli (UAE) x Al Jazira,Al Ahli (UAE),Al Jazira,10,Under 3.5,3,1.74,1579.0,2026-09-05 16:42,Finalizado,RED,BF:LOSER,-1.0000,1.261783790,1222344
2026-09-05,2026-09-05 16:15,Yellow-Red Mechelen x Westerlo,Yellow-Red Mechelen,Westerlo,10,Under 2.5,2,3.65,451.0,2026-09-05 16:42,Finalizado,RED,BF:LOSER,-1.0000,1.261787163,47972
2026-09-05,2026-09-05 16:15,Yellow-Red Mechelen x Westerlo,Yellow-Red Mechelen,Westerlo,10,Under 3.5,3,1.9,498.0,2026-09-05 16:42,Finalizado,RED,BF:LOSER,-1.0000,1.261787164,1222344
2026-09-05,2026-09-05 16:00,Young Boys x Luzern,Young Boys,Luzern,30,Under 2.5,2,3.8,377.0,2026-09-05 16:46,Finalizado,RED,BF:LOSER,-1.0000,1.261812897,47972
2026-09-05,2026-09-05 16:00,Young Boys x Luzern,Young Boys,Luzern,30,Under 3.5,3,1.81,619.0,2026-09-05 16:46,Finalizado,RED,BF:LOSER,-1.0000,1.261812898,1222344
2026-09-05,2026-09-05 16:00,Zilina x Podbrezova,Zilina,Podbrezova,30,Under 2.5,2,2.5,150.0,2026-09-05 16:52,Finalizado,RED,BF:LOSER,-1.0000,1.261760440,47972
2026-09-05,2026-09-05 16:00,Zilina x Podbrezova,Zilina,Podbrezova,30,Under 3.5,3,1.46,1139.0,2026-09-05 16:52,Finalizado,RED,BF:LOSER,-1.0000,1.261760386,1222344
2026-09-05,2026-09-05 16:30,Schalke 04 x Bayern Munich,Schalke 04,Bayern Munich,10,Under 2.5,2,2.42,499.0,2026-09-05 16:56,Finalizado,GREEN,BF:WINNER,1.3561,1.261437808,47972
2026-09-05,2026-09-05 16:30,Schalke 04 x Bayern Munich,Schalke 04,Bayern Munich,10,Under 3.5,3,1.65,1922.0,2026-09-05 16:56,Finalizado,GREEN,BF:WINNER,0.6207,1.261437872,1222344
2026-09-05,2026-09-05 16:30,Keflavik x Valur,Keflavik,Valur,10,Under 2.5,2,2.9,862.0,2026-09-05 16:56,Finalizado,RED,BF:LOSER,-1.0000,1.261852841,47972
2026-09-05,2026-09-05 16:30,Keflavik x Valur,Keflavik,Valur,10,Under 3.5,3,1.72,322.0,2026-09-05 16:56,Finalizado,GREEN,BF:WINNER,0.6876,1.261852787,1222344
2026-09-05,2026-09-05 16:30,Valladolid x FC Andorra,Valladolid,FC Andorra,10,Under 2.5,2,2.44,323.0,2026-09-05 16:56,Finalizado,GREEN,BF:WINNER,1.3752,1.261785475,47972
2026-09-05,2026-09-05 16:30,Valladolid x FC Andorra,Valladolid,FC Andorra,10,Under 3.5,3,1.46,907.0,2026-09-05 16:56,Finalizado,GREEN,BF:WINNER,0.4393,1.261785476,1222344
2026-09-05,2026-09-05 16:45,Hapoel Jerusalem x Hapoel Kiryat Shmona,Hapoel Jerusalem,Hapoel Kiryat Shmona,10,Under 2.5,2,2.52,494.0,2026-09-05 17:12,Finalizado,RED,BF:LOSER,-1.0000,1.261804714,47972
2026-09-05,2026-09-05 16:45,Hapoel Jerusalem x Hapoel Kiryat Shmona,Hapoel Jerusalem,Hapoel Kiryat Shmona,10,Under 3.5,3,1.46,1865.0,2026-09-05 17:12,Finalizado,RED,BF:LOSER,-1.0000,1.261804660,1222344
2026-09-05,2026-09-05 16:45,Maccabi Petach Tikva x Ironi Tiberias,Maccabi Petach Tikva,Ironi Tiberias,10,Under 2.5,2,2.78,276.0,2026-09-05 17:12,Finalizado,RED,BF:LOSER,-1.0000,1.261848476,47972
2026-09-05,2026-09-05 16:45,Maccabi Petach Tikva x Ironi Tiberias,Maccabi Petach Tikva,Ironi Tiberias,10,Under 3.5,3,1.56,1064.0,2026-09-05 17:12,Finalizado,GREEN,BF:WINNER,0.5348,1.261848477,1222344
2026-09-05,2026-09-05 16:30,Aldosivi x Banfield,Aldosivi,Banfield,30,Under 2.5,2,1.73,906.0,2026-09-05 17:16,Finalizado,RED,BF:LOSER,-1.0000,1.261463382,47972
2026-09-05,2026-09-05 16:30,Aldosivi x Banfield,Aldosivi,Banfield,30,Under 3.5,3,1.67,170.0,2026-09-05 17:16,Finalizado,RED,BF:LOSER,-1.0000,1.261463328,1222344
2026-09-05,2026-09-05 16:45,FC Utrecht x Go Ahead Eagles,FC Utrecht,Go Ahead Eagles,15,Under 2.5,2,3.25,234.0,2026-09-05 17:16,Finalizado,RED,BF:LOSER,-1.0000,1.261735053,47972
2026-09-05,2026-09-05 16:45,FC Utrecht x Go Ahead Eagles,FC Utrecht,Go Ahead Eagles,15,Under 3.5,3,1.75,12555.0,2026-09-05 17:16,Finalizado,RED,BF:LOSER,-1.0000,1.261735054,1222344
2026-09-05,2026-09-05 16:30,Neftchi Baku x Shafa Baku FC,Neftchi Baku,Shafa Baku FC,30,Under 2.5,2,2.18,441.0,2026-09-05 17:16,Finalizado,RED,BF:LOSER,-1.0000,1.262007667,47972
2026-09-05,2026-09-05 16:30,Neftchi Baku x Shafa Baku FC,Neftchi Baku,Shafa Baku FC,30,Under 3.5,3,1.41,2536.0,2026-09-05 17:16,Finalizado,RED,BF:LOSER,-1.0000,1.262007613,1222344
2026-09-05,2026-09-05 17:00,Omonia FC Aradippou x Digenis Ypsona,Omonia FC Aradippou,Digenis Ypsona,10,Under 2.5,2,2.66,469.0,2026-09-05 17:26,Finalizado,RED,BF:LOSER,-1.0000,1.261820860,47972
2026-09-05,2026-09-05 17:00,Omonia FC Aradippou x Digenis Ypsona,Omonia FC Aradippou,Digenis Ypsona,10,Under 3.5,3,1.57,1026.0,2026-09-05 17:26,Finalizado,GREEN,BF:WINNER,0.5444,1.261820806,1222344
2026-09-05,2026-09-05 17:00,Fenerbahce x Besiktas,Fenerbahce,Besiktas,20,Under 2.5,2,2.54,377.0,2026-09-05 17:36,Finalizado,RED,BF:LOSER,-1.0000,1.261794616,47972
2026-09-05,2026-09-05 17:00,Fenerbahce x Besiktas,Fenerbahce,Besiktas,20,Under 3.5,3,1.5,1321.0,2026-09-05 17:36,Finalizado,GREEN,BF:WINNER,0.4775,1.261794617,1222344
2026-09-05,2026-09-05 17:00,Maritimo x Benfica,Maritimo,Benfica,20,Under 2.5,2,2.88,1924.0,2026-09-05 17:36,Finalizado,RED,BF:LOSER,-1.0000,1.261808290,47972
2026-09-05,2026-09-05 17:00,Maritimo x Benfica,Maritimo,Benfica,20,Under 3.5,3,1.61,1925.0,2026-09-05 17:36,Finalizado,GREEN,BF:WINNER,0.5826,1.261808291,1222344
2026-09-05,2026-09-05 17:00,Alverca x Braga,Alverca,Braga,20,Under 2.5,2,2.06,1725.0,2026-09-05 17:36,Finalizado,RED,BF:LOSER,-1.0000,1.261809777,47972
2026-09-05,2026-09-05 17:00,Alverca x Braga,Alverca,Braga,20,Under 3.5,3,1.32,4177.0,2026-09-05 17:36,Finalizado,GREEN,BF:WINNER,0.3056,1.261809778,1222344
2026-09-05,2026-09-05 17:00,Pendikspor x Umraniyespor,Pendikspor,Umraniyespor,20,Under 2.5,2,1.88,559.0,2026-09-05 17:36,Finalizado,GREEN,BF:WINNER,0.8404,1.261875542,47972
2026-09-05,2026-09-05 17:00,Pendikspor x Umraniyespor,Pendikspor,Umraniyespor,20,Under 3.5,3,1.38,1924.0,2026-09-05 17:36,Finalizado,GREEN,BF:WINNER,0.3629,1.261875543,1222344
2026-09-05,2026-09-05 17:00,Gaborone United x Young Africans,Gaborone United,Young Africans,25,Under 2.5,2,1.47,185.0,2026-09-05 17:42,Finalizado,GREEN,BF:WINNER,0.4488,1.261998775,47972
2026-09-05,2026-09-05 17:00,Keciorengucu x Sariyer G.K.,Keciorengucu,Sariyer G.K.,30,Under 2.5,2,1.99,360.0,2026-09-05 17:52,Finalizado,RED,BF:LOSER,-1.0000,1.261875319,47972
2026-09-05,2026-09-05 17:00,Keciorengucu x Sariyer G.K.,Keciorengucu,Sariyer G.K.,30,Under 3.5,3,1.31,1108.0,2026-09-05 17:52,Finalizado,GREEN,BF:WINNER,0.2961,1.261875320,1222344
2026-09-05,2026-09-05 17:00,Al Merreikh x Power Dynamos,Al Merreikh,Power Dynamos,30,Under 2.5,2,1.43,693.0,2026-09-05 17:52,Finalizado,GREEN,BF:WINNER,0.4106,1.261998656,47972
2026-09-05,2026-09-05 17:30,Dinamo Bucharest x FCSB,Dinamo Bucharest,FCSB,30,Under 2.5,2,2.58,1132.0,2026-09-05 18:16,Finalizado,RED,BF:LOSER,-1.0000,1.261440558,47972
2026-09-05,2026-09-05 17:30,Dinamo Bucharest x FCSB,Dinamo Bucharest,FCSB,30,Under 3.5,3,1.51,1918.0,2026-09-05 18:16,Finalizado,GREEN,BF:WINNER,0.4870,1.261440497,1222344
2026-09-05,2026-09-05 17:50,Al Fahaheel FC x Al Tadhamon,Al Fahaheel FC,Al Tadhamon,10,Under 2.5,2,3.15,291.0,2026-09-05 18:16,Finalizado,RED,BF:LOSER,-1.0000,1.262001256,47972
2026-09-05,2026-09-05 17:50,Al Fahaheel FC x Al Tadhamon,Al Fahaheel FC,Al Tadhamon,10,Under 3.5,3,1.69,346.0,2026-09-05 18:16,Finalizado,RED,BF:LOSER,-1.0000,1.262001257,1222344
2026-09-05,2026-09-05 18:00,AEK Athens x Aris,AEK Athens,Aris,10,Under 2.5,2,2.88,705.0,2026-09-05 18:26,Finalizado,RED,BF:LOSER,-1.0000,1.261683671,47972
2026-09-05,2026-09-05 18:00,AEK Athens x Aris,AEK Athens,Aris,10,Under 3.5,3,1.6,142.0,2026-09-05 18:26,Finalizado,RED,BF:LOSER,-1.0000,1.261683617,1222344
2026-09-05,2026-09-05 18:00,Danubio x Penarol,Danubio,Penarol,10,Under 2.5,2,2.16,206.0,2026-09-05 18:26,Finalizado,RED,BF:LOSER,-1.0000,1.261786947,47972
2026-09-05,2026-09-05 18:00,Danubio x Penarol,Danubio,Penarol,10,Under 3.5,3,1.34,223.0,2026-09-05 18:26,Finalizado,RED,BF:LOSER,-1.0000,1.261786948,1222344
2026-09-05,2026-09-05 18:00,Mladost Lucani x Radnicki Nis,Mladost Lucani,Radnicki Nis,10,Under 2.5,2,2.56,466.0,2026-09-05 18:26,Finalizado,GREEN,BF:WINNER,1.4898,1.261795804,47972
2026-09-05,2026-09-05 18:00,Mladost Lucani x Radnicki Nis,Mladost Lucani,Radnicki Nis,10,Under 3.5,3,1.5,222.0,2026-09-05 18:26,Finalizado,GREEN,BF:WINNER,0.4775,1.261795805,1222344
2026-09-05,2026-09-05 18:00,Al-Ittihad x Al Nassr,Al-Ittihad,Al Nassr,10,Under 3.5,3,4.9,1186.0,2026-09-05 18:26,Finalizado,GREEN,BF:WINNER,3.7245,1.261803987,1222344
2026-09-05,2026-09-05 18:00,Cr Temouchent x CS Constantine,Cr Temouchent,CS Constantine,10,Under 2.5,2,1.94,433.0,2026-09-05 18:26,Finalizado,GREEN,BF:WINNER,0.8977,1.261804494,47972
2026-09-05,2026-09-05 18:00,Cr Temouchent x CS Constantine,Cr Temouchent,CS Constantine,10,Under 3.5,3,1.28,783.0,2026-09-05 18:26,Finalizado,GREEN,BF:WINNER,0.2674,1.261804440,1222344
2026-09-05,2026-09-05 18:00,Paks x Debreceni VSC,Paks,Debreceni VSC,10,Under 3.5,3,6.0,125.0,2026-09-05 18:26,Finalizado,RED,BF:LOSER,-1.0000,1.261805069,1222344
2026-09-05,2026-09-05 18:00,Cerrito x Paysandu FC,Cerrito,Paysandu FC,10,Under 2.5,2,2.24,238.0,2026-09-05 18:26,Finalizado,RED,BF:LOSER,-1.0000,1.261969448,47972
2026-09-05,2026-09-05 18:00,Cerrito x Paysandu FC,Cerrito,Paysandu FC,10,Under 3.5,3,1.34,2003.0,2026-09-05 18:26,Finalizado,GREEN,BF:WINNER,0.3247,1.261969452,1222344
2026-09-05,2026-09-05 18:00,Tristan Suarez x San Martin de Tucuman,Tristan Suarez,San Martin de Tucuman,20,Under 2.5,2,1.56,738.0,2026-09-05 18:36,Finalizado,GREEN,BF:WINNER,0.5348,1.261328264,47972
2026-09-05,2026-09-05 18:00,Tristan Suarez x San Martin de Tucuman,Tristan Suarez,San Martin de Tucuman,20,Under 3.5,3,1.15,12112.0,2026-09-05 18:36,Finalizado,GREEN,BF:WINNER,0.1432,1.261328268,1222344
2026-09-05,2026-09-05 18:00,St Etienne x Montpellier,St Etienne,Montpellier,30,Under 2.5,2,1.91,535.0,2026-09-05 18:52,Finalizado,RED,BF:LOSER,-1.0000,1.261816580,47972
2026-09-05,2026-09-05 18:00,St Etienne x Montpellier,St Etienne,Montpellier,30,Under 3.5,3,1.25,6784.0,2026-09-05 18:52,Finalizado,RED,BF:LOSER,-1.0000,1.261816581,1222344
2026-09-05,2026-09-05 18:15,Olimpija x NK Brinje Grosuplje,Olimpija,NK Brinje Grosuplje,20,Under 2.5,2,2.24,395.0,2026-09-05 18:52,Finalizado,RED,BF:LOSER,-1.0000,1.261791727,47972
2026-09-05,2026-09-05 18:15,Olimpija x NK Brinje Grosuplje,Olimpija,NK Brinje Grosuplje,20,Under 3.5,3,1.36,2091.0,2026-09-05 18:52,Finalizado,GREEN,BF:WINNER,0.3438,1.261791728,1222344
2026-09-05,2026-09-05 18:30,Austria Klagenfurt x Rapid Vienna,Austria Klagenfurt,Rapid Vienna,10,Under 2.5,2,2.44,917.0,2026-09-05 18:56,Finalizado,RED,BF:LOSER,-1.0000,1.262010961,47972
2026-09-05,2026-09-05 18:30,Austria Klagenfurt x Rapid Vienna,Austria Klagenfurt,Rapid Vienna,10,Under 3.5,3,1.59,790.0,2026-09-05 18:56,Finalizado,RED,BF:LOSER,-1.0000,1.262010962,1222344
2026-09-05,2026-09-05 18:30,Dynamo Dresden x Bochum,Dynamo Dresden,Bochum,10,Under 3.5,3,1.64,867.0,2026-09-05 18:56,Finalizado,GREEN,BF:WINNER,0.6112,1.261783473,1222344
2026-09-05,2026-09-05 18:45,Le Havre x Brest,Le Havre,Brest,10,Under 2.5,2,2.58,260.0,2026-09-05 19:12,Finalizado,RED,BF:LOSER,-1.0000,1.261748785,47972
2026-09-05,2026-09-05 18:45,Le Havre x Brest,Le Havre,Brest,10,Under 3.5,3,1.51,23572.0,2026-09-05 19:12,Finalizado,GREEN,BF:WINNER,0.4870,1.261748849,1222344
2026-09-05,2026-09-05 18:45,Nice x Le Mans,Nice,Le Mans,10,Under 2.5,2,3.3,3735.0,2026-09-05 19:12,Finalizado,GREEN,BF:WINNER,2.1965,1.261748909,47972
2026-09-05,2026-09-05 18:45,Nice x Le Mans,Nice,Le Mans,10,Under 3.5,3,1.74,1037.0,2026-09-05 19:12,Finalizado,GREEN,BF:WINNER,0.7067,1.261748973,1222344
2026-09-05,2026-09-05 19:00,Red Bull Bragantino x Bahia,Red Bull Bragantino,Bahia,10,Under 2.5,2,3.4,135.0,2026-09-05 19:26,Finalizado,RED,BF:LOSER,-1.0000,1.261543426,47972
2026-09-05,2026-09-05 19:00,Red Bull Bragantino x Bahia,Red Bull Bragantino,Bahia,10,Under 3.5,3,1.82,208.0,2026-09-05 19:26,Finalizado,RED,BF:LOSER,-1.0000,1.261543372,1222344
2026-09-05,2026-09-05 19:00,Willem II x Excelsior,Willem II,Excelsior,10,Under 2.5,2,3.7,910.0,2026-09-05 19:26,Finalizado,RED,BF:LOSER,-1.0000,1.261734938,47972
2026-09-05,2026-09-05 19:00,Willem II x Excelsior,Willem II,Excelsior,10,Under 3.5,3,1.84,113.0,2026-09-05 19:26,Finalizado,GREEN,BF:WINNER,0.8022,1.261734939,1222344
2026-09-05,2026-09-05 19:00,Novorizontino x Avai,Novorizontino,Avai,10,Under 2.5,2,2.56,1801.0,2026-09-05 19:26,Finalizado,RED,BF:LOSER,-1.0000,1.261782027,47972
2026-09-05,2026-09-05 19:00,Novorizontino x Avai,Novorizontino,Avai,10,Under 3.5,3,1.5,4689.0,2026-09-05 19:26,Finalizado,RED,BF:LOSER,-1.0000,1.261782028,1222344
2026-09-05,2026-09-05 19:00,Club Deportes Santa Cruz x Union Espanola,Club Deportes Santa Cruz,Union Espanola,10,Under 2.5,2,2.74,182.0,2026-09-05 19:26,Finalizado,GREEN,BF:WINNER,1.6617,1.261999049,47972
2026-09-05,2026-09-05 19:00,Club Deportes Santa Cruz x Union Espanola,Club Deportes Santa Cruz,Union Espanola,10,Under 3.5,3,1.57,320.0,2026-09-05 19:26,Finalizado,GREEN,BF:WINNER,0.5444,1.261999050,1222344
2026-09-05,2026-09-05 18:45,Radnik Bijeljina x Sloga Doboj,Radnik Bijeljina,Sloga Doboj,25,Under 2.5,2,1.63,286.0,2026-09-05 19:32,SemPlacar,,,,,47972
2026-09-05,2026-09-05 18:45,Radnik Bijeljina x Sloga Doboj,Radnik Bijeljina,Sloga Doboj,25,Under 3.5,3,1.15,1011.0,2026-09-05 19:32,SemPlacar,,,,,1222344
2026-09-05,2026-09-05 19:00,Villarreal x Deportivo,Villarreal,Deportivo,10,Under 2.5,2,3.1,199.0,2026-09-05 19:32,SemPlacar,,,,,47972
2026-09-05,2026-09-05 19:00,Villarreal x Deportivo,Villarreal,Deportivo,10,Under 3.5,3,1.68,11508.0,2026-09-05 19:32,SemPlacar,,,,,1222344
2026-09-05,2026-09-05 19:00,St Mirren x Celtic,St Mirren,Celtic,20,Under 2.5,2,3.75,240.0,2026-09-05 19:36,Finalizado,RED,BF:LOSER,-1.0000,1.261805839,47972
2026-09-05,2026-09-05 19:00,St Mirren x Celtic,St Mirren,Celtic,20,Under 3.5,3,1.82,114.0,2026-09-05 19:36,Finalizado,GREEN,BF:WINNER,0.7831,1.261805903,1222344
2026-09-05,2026-09-05 19:30,Sporting Lisbon x CD Nacional Funchal,Sporting Lisbon,CD Nacional Funchal,10,Under 2.5,2,2.32,1654.0,2026-09-05 19:56,Finalizado,GREEN,BF:WINNER,1.2606,1.261808070,47972
2026-09-05,2026-09-05 19:30,Sporting Lisbon x CD Nacional Funchal,Sporting Lisbon,CD Nacional Funchal,10,Under 3.5,3,1.47,484.0,2026-09-05 19:56,Finalizado,GREEN,BF:WINNER,0.4488,1.261808071,1222344
2026-09-05,2026-09-05 20:00,Atletico Ottawa x Pacific,Atletico Ottawa,Pacific,10,Under 2.5,2,2.1,192.0,2026-09-05 20:26,Finalizado,GREEN,BF:WINNER,1.0505,1.261811645,47972
2026-09-05,2026-09-05 20:00,Atletico Ottawa x Pacific,Atletico Ottawa,Pacific,10,Under 3.5,3,1.46,870.0,2026-09-05 20:26,Finalizado,GREEN,BF:WINNER,0.4393,1.261811591,1222344
2026-09-05,2026-09-05 21:00,Boyaca Chico x Once Caldas,Boyaca Chico,Once Caldas,10,Under 2.5,2,2.56,156.0,2026-09-05 21:26,Finalizado,GREEN,BF:WINNER,1.4898,1.261852096,47972
2026-09-05,2026-09-05 21:00,Boyaca Chico x Once Caldas,Boyaca Chico,Once Caldas,10,Under 3.5,3,1.48,100.0,2026-09-05 21:26,Finalizado,GREEN,BF:WINNER,0.4584,1.261852042,1222344
2026-09-05,2026-09-05 21:00,Deportivo Maldonado x Wanderers (Uru),Deportivo Maldonado,Wanderers (Uru),10,Under 2.5,2,2.38,1257.0,2026-09-05 21:32,SemPlacar,,,,,47972
2026-09-05,2026-09-05 21:00,Deportivo Maldonado x Wanderers (Uru),Deportivo Maldonado,Wanderers (Uru),10,Under 3.5,3,1.48,700.0,2026-09-05 21:32,SemPlacar,,,,,1222344
2026-09-05,2026-09-05 21:00,Juventude x Atletico GO,Juventude,Atletico GO,10,Under 2.5,2,2.18,3241.0,2026-09-05 21:32,Finalizado,RED,2-2:b365,-1.0,,47972
2026-09-05,2026-09-05 21:00,Juventude x Atletico GO,Juventude,Atletico GO,10,Under 3.5,3,1.36,654.0,2026-09-05 21:32,Finalizado,RED,2-2:b365,-1.0,,1222344
2026-09-05,2026-09-05 21:00,CD Cacahuatique x CD Platense,CD Cacahuatique,CD Platense,30,Under 2.5,2,1.96,607.0,2026-09-05 21:52,Finalizado,RED,BF:LOSER,-1.0000,1.261999273,47972
2026-09-05,2026-09-05 21:00,CD Cacahuatique x CD Platense,CD Cacahuatique,CD Platense,30,Under 3.5,3,1.28,1163.0,2026-09-05 21:52,Finalizado,GREEN,BF:WINNER,0.2674,1.261999274,1222344
2026-09-05,2026-09-05 21:30,San Luis x Cobreloa Calama,San Luis,Cobreloa Calama,10,Under 2.5,2,3.2,215.0,2026-09-05 21:56,Finalizado,RED,BF:LOSER,-1.0000,1.261972172,47972
2026-09-05,2026-09-05 21:30,San Luis x Cobreloa Calama,San Luis,Cobreloa Calama,10,Under 3.5,3,1.73,1315.0,2026-09-05 21:56,Finalizado,RED,BF:LOSER,-1.0000,1.261972176,1222344
2026-09-05,2026-09-05 21:30,Everton De Vina x Univ Catolica (Chile),Everton De Vina,Univ Catolica (Chile),30,Under 2.5,2,2.38,215.0,2026-09-05 22:16,Finalizado,GREEN,BF:WINNER,1.3179,1.261729261,47972
2026-09-05,2026-09-05 21:30,Everton De Vina x Univ Catolica (Chile),Everton De Vina,Univ Catolica (Chile),30,Under 3.5,3,1.43,2715.0,2026-09-05 22:16,Finalizado,GREEN,BF:WINNER,0.4106,1.261729207,1222344
2026-09-05,2026-09-05 22:00,Union Magdalena x Barranquilla,Union Magdalena,Barranquilla,20,Under 3.5,3,1.38,315.0,2026-09-05 22:36,Finalizado,GREEN,BF:WINNER,0.3629,1.261999965,1222344
2026-09-05,2026-09-05 22:00,Portuguesa FC x Zamora FC,Portuguesa FC,Zamora FC,20,Under 3.5,3,1.35,899.0,2026-09-05 22:36,Finalizado,GREEN,BF:WINNER,0.3343,1.262002450,1222344
2026-09-05,2026-09-05 22:00,Union Magdalena x Barranquilla,Union Magdalena,Barranquilla,25,Under 2.5,2,2.02,305.0,2026-09-05 22:42,Finalizado,RED,BF:LOSER,-1.0000,1.261999964,47972
2026-09-05,2026-09-05 22:00,Portuguesa FC x Zamora FC,Portuguesa FC,Zamora FC,25,Under 2.5,2,2.0,230.0,2026-09-05 22:42,Finalizado,GREEN,BF:WINNER,0.9550,1.262002504,47972
2026-09-05,2026-09-05 23:00,Forge x Inter Toronto FC,Forge,Inter Toronto FC,10,Under 2.5,2,4.4,101.0,2026-09-05 23:26,Finalizado,GREEN,BF:WINNER,3.2470,1.261811865,47972
2026-09-05,2026-09-05 23:00,Cusco FC x Cesar Vallejo Moquegua,Cusco FC,Cesar Vallejo Moquegua,10,Under 2.5,2,3.1,499.0,2026-09-05 23:26,Finalizado,GREEN,BF:WINNER,2.0055,1.261767121,47972
2026-09-05,2026-09-05 23:00,Cusco FC x Cesar Vallejo Moquegua,Cusco FC,Cesar Vallejo Moquegua,10,Under 3.5,3,1.69,136.0,2026-09-05 23:26,Finalizado,GREEN,BF:WINNER,0.6589,1.261767067,1222344
2026-09-05,2026-09-05 23:00,Cs Herediano x Municipal Perez Zeledon,Cs Herediano,Municipal Perez Zeledon,10,Under 2.5,2,3.6,609.0,2026-09-05 23:26,Finalizado,RED,BF:LOSER,-1.0000,1.261787487,47972
2026-09-05,2026-09-05 23:00,Cs Herediano x Municipal Perez Zeledon,Cs Herediano,Municipal Perez Zeledon,10,Under 3.5,3,1.87,409.0,2026-09-05 23:26,Finalizado,RED,BF:LOSER,-1.0000,1.261787488,1222344
2026-09-05,2026-09-05 23:00,Forge x Inter Toronto FC,Forge,Inter Toronto FC,25,Under 3.5,3,1.68,318.0,2026-09-05 23:42,Finalizado,GREEN,BF:WINNER,0.6494,1.261811811,1222344
2026-09-05,2026-09-05 23:30,Philadelphia x CF Montreal,Philadelphia,CF Montreal,10,Under 2.5,2,2.42,4716.0,2026-09-05 23:56,Finalizado,GREEN,BF:WINNER,1.3561,1.261438513,47972
2026-09-05,2026-09-05 23:30,Philadelphia x CF Montreal,Philadelphia,CF Montreal,10,Under 3.5,3,1.56,8484.0,2026-09-05 23:56,Finalizado,GREEN,BF:WINNER,0.5348,1.261438306,1222344
2026-09-06,2026-09-05 23:30,Philadelphia x CF Montreal,Philadelphia,CF Montreal,10,Under 2.5,2,2.42,4716.0,2026-09-06 00:00,Finalizado,GREEN,BF:WINNER,1.3561,1.261438513,47972
2026-09-06,2026-09-05 23:30,Philadelphia x CF Montreal,Philadelphia,CF Montreal,10,Under 3.5,3,1.56,8484.0,2026-09-06 00:00,Finalizado,GREEN,BF:WINNER,0.5348,1.261438306,1222344
2026-09-06,2026-09-05 23:30,Orlando City x San Diego FC,Orlando City,San Diego FC,20,Under 2.5,2,2.32,1201.0,2026-09-06 00:06,Finalizado,GREEN,BF:WINNER,1.2606,1.261440353,47972
2026-09-06,2026-09-05 23:30,Orlando City x San Diego FC,Orlando City,San Diego FC,20,Under 3.5,3,1.49,439.0,2026-09-06 00:06,Finalizado,GREEN,BF:WINNER,0.4679,1.261440299,1222344
2026-09-06,2026-09-05 23:30,Columbus x Colorado,Columbus,Colorado,20,Under 2.5,2,3.0,2308.0,2026-09-06 00:06,Finalizado,RED,BF:LOSER,-1.0000,1.261440005,47972
2026-09-06,2026-09-05 23:30,Columbus x Colorado,Columbus,Colorado,20,Under 3.5,3,1.64,815.0,2026-09-06 00:06,Finalizado,GREEN,BF:WINNER,0.6112,1.261439951,1222344
2026-09-06,2026-09-05 23:30,Oriente Petrolero x Always Ready,Oriente Petrolero,Always Ready,20,Under 2.5,2,2.84,100.0,2026-09-06 00:06,Finalizado,RED,BF:LOSER,-1.0000,1.261930993,47972
2026-09-06,2026-09-05 23:30,Oriente Petrolero x Always Ready,Oriente Petrolero,Always Ready,20,Under 3.5,3,1.62,221.0,2026-09-06 00:06,Finalizado,GREEN,BF:WINNER,0.5921,1.261930994,1222344
2026-09-06,2026-09-06 00:00,FC Cincinnati x DC Utd,FC Cincinnati,DC Utd,10,Under 2.5,2,3.25,151.0,2026-09-06 00:26,SemPlacar,,,,1.261439655,47972
2026-09-06,2026-09-06 00:00,FC Cincinnati x DC Utd,FC Cincinnati,DC Utd,10,Under 3.5,3,1.92,575.0,2026-09-06 00:26,SemPlacar,,,,1.261439470,1222344
2026-09-06,2026-09-06 00:30,Seattle Sounders x New York Red Bulls,Seattle Sounders,New York Red Bulls,10,Under 2.5,2,2.74,133.0,2026-09-06 00:56,Finalizado,GREEN,BF:WINNER,1.6617,1.261442461,47972
2026-09-06,2026-09-06 00:30,Seattle Sounders x New York Red Bulls,Seattle Sounders,New York Red Bulls,10,Under 3.5,3,1.7,7053.0,2026-09-06 00:56,Finalizado,GREEN,BF:WINNER,0.6685,1.261442407,1222344
2026-09-06,2026-09-06 00:15,Velez Sarsfield x Estudiantes,Velez Sarsfield,Estudiantes,25,Under 2.5,2,1.21,200.0,2026-09-06 00:56,Finalizado,GREEN,BF:WINNER,0.2005,1.261467678,47972
2026-09-06,2026-09-06 00:15,Velez Sarsfield x Estudiantes,Velez Sarsfield,Estudiantes,25,Under 3.5,3,1.16,559.0,2026-09-06 00:56,Finalizado,GREEN,BF:WINNER,0.1528,1.261467607,1222344
2026-09-06,2026-09-06 00:30,Austin FC x San Jose Earthquakes,Austin FC,San Jose Earthquakes,20,Under 2.5,2,3.2,350.0,2026-09-06 01:06,Finalizado,GREEN,BF:WINNER,2.1010,1.261442709,47972
2026-09-06,2026-09-06 00:30,Austin FC x San Jose Earthquakes,Austin FC,San Jose Earthquakes,20,Under 3.5,3,1.69,436.0,2026-09-06 01:06,Finalizado,GREEN,BF:WINNER,0.6589,1.261442655,1222344
2026-09-06,2026-09-06 01:05,Inter Miami CF x Atlanta Utd,Inter Miami CF,Atlanta Utd,15,Under 2.5,2,2.46,330.0,2026-09-06 01:36,Finalizado,RED,BF:LOSER,-1.0000,1.261440785,47972
2026-09-06,2026-09-06 01:05,Inter Miami CF x Atlanta Utd,Inter Miami CF,Atlanta Utd,15,Under 3.5,3,1.5,2765.0,2026-09-06 01:36,Finalizado,RED,BF:LOSER,-1.0000,1.261440731,1222344
2026-09-06,2026-09-06 01:00,Tigres x Necaxa,Tigres,Necaxa,20,Under 2.5,2,3.6,630.0,2026-09-06 01:36,Finalizado,GREEN,BF:WINNER,2.4830,1.261729041,47972
2026-09-06,2026-09-06 01:00,Tigres x Necaxa,Tigres,Necaxa,25,Under 3.5,3,1.69,276.0,2026-09-06 01:42,Finalizado,GREEN,BF:WINNER,0.6589,1.261728987,1222344
2026-09-06,2026-09-06 01:30,FC Cincinnati x DC Utd,FC Cincinnati,DC Utd,10,Under 2.5,2,3.15,833.0,2026-09-06 01:56,SemPlacar,,,,1.261439655,47972
2026-09-06,2026-09-06 01:30,FC Cincinnati x DC Utd,FC Cincinnati,DC Utd,10,Under 3.5,3,1.91,691.0,2026-09-06 01:56,SemPlacar,,,,1.261439470,1222344
2026-09-06,2026-09-06 01:30,Plaza Amador x Herrera FC,Plaza Amador,Herrera FC,10,Under 2.5,2,3.15,330.0,2026-09-06 01:56,Finalizado,RED,BF:LOSER,-1.0000,1.261983710,47972
2026-09-06,2026-09-06 01:30,Plaza Amador x Herrera FC,Plaza Amador,Herrera FC,10,Under 3.5,3,1.26,256.0,2026-09-06 01:56,Finalizado,RED,BF:LOSER,-1.0000,1.261983656,1222344
2026-09-06,2026-09-06 01:30,LA Galaxy x New England Revolution,LA Galaxy,New England Revolution,20,Under 2.5,2,3.85,816.0,2026-09-06 02:06,Finalizado,RED,BF:LOSER,-1.0000,1.261443169,47972
2026-09-06,2026-09-06 01:30,LA Galaxy x New England Revolution,LA Galaxy,New England Revolution,20,Under 3.5,3,1.89,199.0,2026-09-06 02:06,Finalizado,GREEN,BF:WINNER,0.8499,1.261443090,1222344
2026-09-06,2026-09-06 03:00,Atlas x Atlante,Atlas,Atlante,10,Under 2.5,2,2.62,6790.0,2026-09-06 03:26,Finalizado,GREEN,BF:WINNER,1.5471,1.261729151,47972
2026-09-06,2026-09-06 03:00,Atlas x Atlante,Atlas,Atlante,10,Under 3.5,3,1.56,2707.0,2026-09-06 03:26,Finalizado,GREEN,BF:WINNER,0.5348,1.261729097,1222344
2026-09-06,2026-09-06 07:30,Central & West DR & SA x Lucky Mile,Central & West DR & SA,Lucky Mile,10,Under 2.5,2,3.85,105.0,2026-09-06 07:56,Finalizado,RED,BF:LOSER,-1.0000,1.262015760,47972
2026-09-06,2026-09-06 07:30,Central & West DR & SA x Lucky Mile,Central & West DR & SA,Lucky Mile,10,Under 3.5,3,2.06,115.0,2026-09-06 07:56,Finalizado,RED,BF:LOSER,-1.0000,1.262015764,1222344
2026-09-06,2026-09-06 07:30,Supreme FC x Tung Sing,Supreme FC,Tung Sing,10,Under 2.5,2,2.24,251.0,2026-09-06 07:56,Finalizado,GREEN,BF:WINNER,1.1842,1.262016809,47972
2026-09-06,2026-09-06 07:30,Supreme FC x Tung Sing,Supreme FC,Tung Sing,20,Under 3.5,3,1.48,101.0,2026-09-06 08:06,Finalizado,GREEN,BF:WINNER,0.4584,1.262016813,1222344
2026-09-06,2026-09-06 07:30,Citizen AA x South China,Citizen AA,South China,20,Under 2.5,2,4.7,419.0,2026-09-06 08:06,Finalizado,RED,BF:LOSER,-1.0000,1.262016899,47972
2026-09-06,2026-09-06 07:30,Hoi King SA x Sham Shui Po,Hoi King SA,Sham Shui Po,20,Under 2.5,2,3.15,457.0,2026-09-06 08:06,Finalizado,GREEN,BF:WINNER,2.0532,1.262016945,47972
2026-09-06,2026-09-06 07:30,Hoi King SA x Sham Shui Po,Hoi King SA,Sham Shui Po,20,Under 3.5,3,1.72,212.0,2026-09-06 08:06,Finalizado,GREEN,BF:WINNER,0.6876,1.262016946,1222344
2026-09-06,2026-09-06 07:30,Citizen AA x South China,Citizen AA,South China,30,Under 3.5,3,1.7,133.0,2026-09-06 08:16,Finalizado,GREEN,BF:WINNER,0.6685,1.262016903,1222344
2026-09-06,2026-09-06 08:00,ACS Bacau x ACS Dumbravita,ACS Bacau,ACS Dumbravita,10,Under 2.5,2,3.0,633.0,2026-09-06 08:26,Finalizado,RED,BF:LOSER,-1.0000,1.262032648,47972
2026-09-06,2026-09-06 08:00,ACS Bacau x ACS Dumbravita,ACS Bacau,ACS Dumbravita,10,Under 3.5,3,1.64,554.0,2026-09-06 08:26,Finalizado,RED,BF:LOSER,-1.0000,1.262032649,1222344
2026-09-06,2026-09-06 08:00,Shatin SA x North District,Shatin SA,North District,20,Under 2.5,2,3.45,141.0,2026-09-06 08:36,Finalizado,RED,BF:LOSER,-1.0000,1.262014029,47972
2026-09-06,2026-09-06 08:00,Shatin SA x North District,Shatin SA,North District,20,Under 3.5,3,1.8,139.0,2026-09-06 08:36,Finalizado,RED,BF:LOSER,-1.0000,1.262014030,1222344
2026-09-06,2026-09-06 08:15,FC Zbrojovka Brno B x Polanka,FC Zbrojovka Brno B,Polanka,15,Under 2.5,2,3.8,104.0,2026-09-06 08:46,Finalizado,RED,BF:LOSER,-1.0000,1.261952271,47972
2026-09-06,2026-09-06 08:15,FC Zbrojovka Brno B x Polanka,FC Zbrojovka Brno B,Polanka,15,Under 3.5,3,1.95,132.0,2026-09-06 08:46,Finalizado,RED,BF:LOSER,-1.0000,1.261952275,1222344
2026-09-06,2026-09-06 08:15,Zizkov x FK Pribram,Zizkov,FK Pribram,20,Under 2.5,2,2.52,410.0,2026-09-06 08:52,Finalizado,GREEN,BF:WINNER,1.4516,1.261854581,47972
2026-09-06,2026-09-06 08:15,Zizkov x FK Pribram,Zizkov,FK Pribram,20,Under 3.5,3,1.47,1068.0,2026-09-06 08:52,Finalizado,GREEN,BF:WINNER,0.4488,1.261854527,1222344
2026-09-06,2026-09-06 08:30,Hong Kong FC x Lee Man Warriors,Hong Kong FC,Lee Man Warriors,10,Under 2.5,2,2.16,562.0,2026-09-06 08:56,Finalizado,RED,BF:LOSER,-1.0000,1.262014137,47972
2026-09-06,2026-09-06 08:30,Hong Kong FC x Lee Man Warriors,Hong Kong FC,Lee Man Warriors,10,Under 3.5,3,1.45,965.0,2026-09-06 08:56,Finalizado,GREEN,BF:WINNER,0.4297,1.262014138,1222344
2026-09-06,2026-09-06 08:45,Kirivong Sok Sen Chey x Svay Rieng FC,Kirivong Sok Sen Chey,Svay Rieng FC,10,Under 3.5,3,3.3,198.0,2026-09-06 09:12,Finalizado,GREEN,BF:WINNER,2.1965,1.262032880,1222344
2026-09-06,2026-09-06 08:30,Malut United x Garudayaksa FC,Malut United,Garudayaksa FC,30,Under 2.5,2,1.91,720.0,2026-09-06 09:16,Finalizado,GREEN,BF:WINNER,0.8690,1.261958363,47972
2026-09-06,2026-09-06 08:30,Malut United x Garudayaksa FC,Malut United,Garudayaksa FC,30,Under 3.5,3,1.27,6718.0,2026-09-06 09:16,Finalizado,GREEN,BF:WINNER,0.2579,1.261958309,1222344
2026-09-06,2026-09-06 09:00,Jef Utd Chiba x G-Osaka,Jef Utd Chiba,G-Osaka,10,Under 2.5,2,3.65,311.0,2026-09-06 09:26,Finalizado,GREEN,BF:WINNER,2.5307,1.261924420,47972
2026-09-06,2026-09-06 09:00,Jef Utd Chiba x G-Osaka,Jef Utd Chiba,G-Osaka,10,Under 3.5,3,1.89,2323.0,2026-09-06 09:26,Finalizado,GREEN,BF:WINNER,0.8499,1.261924421,1222344
2026-09-06,2026-09-06 09:00,Yokohama FC x Albirex Niigata,Yokohama FC,Albirex Niigata,20,Under 2.5,2,2.28,451.0,2026-09-06 09:36,Finalizado,RED,BF:LOSER,-1.0000,1.261848260,47972
2026-09-06,2026-09-06 09:00,Yokohama FC x Albirex Niigata,Yokohama FC,Albirex Niigata,20,Under 3.5,3,1.4,253.0,2026-09-06 09:36,Finalizado,RED,BF:LOSER,-1.0000,1.261848261,1222344
2026-09-06,2026-09-06 09:00,Kashima x Urawa,Kashima,Urawa,20,Under 2.5,2,2.9,1537.0,2026-09-06 09:36,Finalizado,GREEN,BF:WINNER,1.8145,1.261924024,47972
2026-09-06,2026-09-06 09:00,Kashima x Urawa,Kashima,Urawa,20,Under 3.5,3,1.55,7969.0,2026-09-06 09:36,Finalizado,GREEN,BF:WINNER,0.5252,1.261924025,1222344
2026-09-06,2026-09-06 09:00,Azul Claro Numazu x Briobecca Urayasu SC,Azul Claro Numazu,Briobecca Urayasu SC,20,Under 2.5,2,1.92,117.0,2026-09-06 09:36,Finalizado,RED,BF:LOSER,-1.0000,1.262042575,47972
2026-09-06,2026-09-06 09:00,Azul Claro Numazu x Briobecca Urayasu SC,Azul Claro Numazu,Briobecca Urayasu SC,20,Under 3.5,3,1.25,5911.0,2026-09-06 09:36,Finalizado,GREEN,BF:WINNER,0.2387,1.262042521,1222344
2026-09-06,2026-09-06 09:30,CSM Satu Mare x Politehnica Timisoara,CSM Satu Mare,Politehnica Timisoara,10,Under 2.5,2,2.78,125.0,2026-09-06 09:56,Finalizado,GREEN,BF:WINNER,1.6999,1.261747074,47972
2026-09-06,2026-09-06 09:30,CSM Satu Mare x Politehnica Timisoara,CSM Satu Mare,Politehnica Timisoara,10,Under 3.5,3,1.54,625.0,2026-09-06 09:56,Finalizado,GREEN,BF:WINNER,0.5157,1.261747020,1222344
2026-09-06,2026-09-06 09:30,Kui Tan SC x WSE,Kui Tan SC,WSE,10,Under 2.5,2,4.3,199.0,2026-09-06 10:02,SemPlacar,,,,,47972
2026-09-06,2026-09-06 09:30,Kui Tan SC x WSE,Kui Tan SC,WSE,10,Under 3.5,3,2.04,875.0,2026-09-06 10:02,SemPlacar,,,,,1222344
2026-09-06,2026-09-06 10:00,Kawasaki x Shimizu,Kawasaki,Shimizu,10,Under 2.5,2,3.5,5026.0,2026-09-06 10:26,Finalizado,RED,BF:LOSER,-1.0000,1.261924241,47972
2026-09-06,2026-09-06 10:00,Kawasaki x Shimizu,Kawasaki,Shimizu,10,Under 3.5,3,1.87,125.0,2026-09-06 10:26,Finalizado,RED,BF:LOSER,-1.0000,1.261924242,1222344
2026-09-06,2026-09-06 10:00,Kobe x Nagasaki,Kobe,Nagasaki,10,Under 2.5,2,2.66,1351.0,2026-09-06 10:26,Finalizado,RED,BF:LOSER,-1.0000,1.261924744,47972
2026-09-06,2026-09-06 10:00,Kobe x Nagasaki,Kobe,Nagasaki,10,Under 3.5,3,1.52,10465.0,2026-09-06 10:26,Finalizado,RED,BF:LOSER,-1.0000,1.261924745,1222344
2026-09-06,2026-09-06 10:00,Thanh Hoa x Shb Da Nang,Thanh Hoa,Shb Da Nang,10,Under 2.5,2,2.52,989.0,2026-09-06 10:26,Finalizado,RED,BF:LOSER,-1.0000,1.262021516,47972
2026-09-06,2026-09-06 10:00,Thanh Hoa x Shb Da Nang,Thanh Hoa,Shb Da Nang,10,Under 3.5,3,1.49,137.0,2026-09-06 10:26,Finalizado,RED,BF:LOSER,-1.0000,1.262021462,1222344
2026-09-06,2026-09-06 10:00,Leca FC x Fafe,Leca FC,Fafe,10,Under 2.5,2,2.58,317.0,2026-09-06 10:26,Finalizado,RED,BF:LOSER,-1.0000,1.262035944,47972
2026-09-06,2026-09-06 10:00,Leca FC x Fafe,Leca FC,Fafe,10,Under 3.5,3,1.49,753.0,2026-09-06 10:26,Finalizado,GREEN,BF:WINNER,0.4679,1.262035945,1222344
2026-09-06,2026-09-06 10:00,Oita x FC Imabari,Oita,FC Imabari,10,Under 2.5,2,2.58,1638.0,2026-09-06 10:32,SemPlacar,,,,,47972
2026-09-06,2026-09-06 10:00,Oita x FC Imabari,Oita,FC Imabari,10,Under 3.5,3,1.36,258.0,2026-09-06 10:32,SemPlacar,,,,,1222344
2026-09-06,2026-09-06 10:00,FC Anyang x Gangwon,FC Anyang,Gangwon,10,Under 3.5,3,1.37,320.0,2026-09-06 10:32,Finalizado,GREEN,0-3:b365,0.3534,,1222344
2026-09-06,2026-09-06 10:00,Iwata x Toyama,Iwata,Toyama,20,Under 2.5,2,3.05,509.0,2026-09-06 10:36,Finalizado,GREEN,BF:WINNER,1.9577,1.261788459,47972
2026-09-06,2026-09-06 10:00,Iwata x Toyama,Iwata,Toyama,20,Under 3.5,3,1.69,540.0,2026-09-06 10:36,Finalizado,GREEN,BF:WINNER,0.6589,1.261788460,1222344
2026-09-06,2026-09-06 10:00,Gimcheon Sangmu x Gwangju FC,Gimcheon Sangmu,Gwangju FC,20,Under 3.5,3,1.44,1055.0,2026-09-06 10:36,Finalizado,RED,BF:LOSER,-1.0000,1.261799032,1222344
2026-09-06,2026-09-06 10:00,FC Anyang x Gangwon,FC Anyang,Gangwon,20,Under 2.5,2,1.98,2034.0,2026-09-06 10:36,Finalizado,RED,BF:LOSER,-1.0000,1.261799229,47972
2026-09-06,2026-09-06 10:00,Vizela x Felgueiras,Vizela,Felgueiras,20,Under 2.5,2,3.0,125.0,2026-09-06 10:36,Finalizado,GREEN,BF:WINNER,1.9100,1.261809227,47972
2026-09-06,2026-09-06 10:00,Vizela x Felgueiras,Vizela,Felgueiras,20,Under 3.5,3,1.62,300.0,2026-09-06 10:36,Finalizado,GREEN,BF:WINNER,0.5921,1.261809173,1222344
2026-09-06,2026-09-06 10:00,Kashiwa x Yokohama FM,Kashiwa,Yokohama FM,20,Under 2.5,2,2.8,2812.0,2026-09-06 10:36,Finalizado,GREEN,BF:WINNER,1.7190,1.261924636,47972
2026-09-06,2026-09-06 10:00,Kashiwa x Yokohama FM,Kashiwa,Yokohama FM,20,Under 3.5,3,1.57,11367.0,2026-09-06 10:36,Finalizado,GREEN,BF:WINNER,0.5444,1.261924637,1222344
2026-09-06,2026-09-06 10:00,Legia Warsaw II x BTS Rekord,Legia Warsaw II,BTS Rekord,20,Under 2.5,2,2.62,104.0,2026-09-06 10:36,Finalizado,RED,BF:LOSER,-1.0000,1.262035460,47972
2026-09-06,2026-09-06 10:00,Legia Warsaw II x BTS Rekord,Legia Warsaw II,BTS Rekord,20,Under 3.5,3,1.53,495.0,2026-09-06 10:36,Finalizado,GREEN,BF:WINNER,0.5061,1.262035461,1222344
2026-09-06,2026-09-06 10:00,Gimcheon Sangmu x Gwangju FC,Gimcheon Sangmu,Gwangju FC,25,Under 2.5,2,2.2,552.0,2026-09-06 10:42,Finalizado,RED,BF:LOSER,-1.0000,1.261799088,47972
2026-09-06,2026-09-06 10:30,Kitchee SC x Eastern District SA,Kitchee SC,Eastern District SA,10,Under 2.5,2,4.1,137.0,2026-09-06 10:56,Finalizado,RED,BF:LOSER,-1.0000,1.262013772,47972
2026-09-06,2026-09-06 10:30,Kitchee SC x Eastern District SA,Kitchee SC,Eastern District SA,10,Under 3.5,3,1.98,288.0,2026-09-06 10:56,Finalizado,RED,BF:LOSER,-1.0000,1.262013773,1222344
2026-09-06,2026-09-06 11:00,Tiffy Army FC x Visakha FC,Tiffy Army FC,Visakha FC,10,Under 2.5,2,2.72,132.0,2026-09-06 11:26,Finalizado,RED,BF:LOSER,-1.0000,1.262036816,47972
2026-09-06,2026-09-06 11:00,Brighton (W) x Arsenal (W),Brighton (W),Arsenal (W),10,Under 2.5,2,3.55,861.0,2026-09-06 11:26,Finalizado,GREEN,BF:WINNER,2.4352,1.261792830,47972
2026-09-06,2026-09-06 11:00,Brighton (W) x Arsenal (W),Brighton (W),Arsenal (W),10,Under 3.5,3,1.86,423.0,2026-09-06 11:26,Finalizado,GREEN,BF:WINNER,0.8213,1.261792831,1222344
2026-09-06,2026-09-06 11:00,Thisted x Nykobing FC,Thisted,Nykobing FC,10,Under 2.5,2,3.35,188.0,2026-09-06 11:26,Finalizado,RED,BF:LOSER,-1.0000,1.262038357,47972
2026-09-06,2026-09-06 11:00,Pors x Traeff,Pors,Traeff,10,Under 2.5,2,2.86,160.0,2026-09-06 11:26,Finalizado,RED,BF:LOSER,-1.0000,1.262018510,47972
2026-09-06,2026-09-06 11:00,Pors x Traeff,Pors,Traeff,10,Under 3.5,3,1.64,465.0,2026-09-06 11:26,Finalizado,RED,BF:LOSER,-1.0000,1.262018514,1222344
2026-09-06,2026-09-06 11:00,Aarhus Fremad x Kolding IF,Aarhus Fremad,Kolding IF,10,Under 2.5,2,2.88,101.0,2026-09-06 11:32,Finalizado,RED,2-1:b365,-1.0,,47972
2026-09-06,2026-09-06 11:00,Tottenham (W) x West Ham United (W),Tottenham (W),West Ham United (W),10,Under 2.5,2,3.05,567.0,2026-09-06 11:32,Finalizado,RED,3-1:b365,-1.0,,47972
2026-09-06,2026-09-06 11:00,Tottenham (W) x West Ham United (W),Tottenham (W),West Ham United (W),10,Under 3.5,3,1.72,319.0,2026-09-06 11:32,Finalizado,RED,3-1:b365,-1.0,,1222344
2026-09-06,2026-09-06 11:00,Suzhou Dongwu x Nanjing City,Suzhou Dongwu,Nanjing City,10,Under 2.5,2,2.22,399.0,2026-09-06 11:32,Finalizado,GREEN,2-0:b365,1.1651,,47972
2026-09-06,2026-09-06 11:00,Suzhou Dongwu x Nanjing City,Suzhou Dongwu,Nanjing City,10,Under 3.5,3,1.38,3200.0,2026-09-06 11:32,Finalizado,GREEN,2-0:b365,0.3629,,1222344
2026-09-06,2026-09-06 11:00,Aarhus Fremad x Kolding IF,Aarhus Fremad,Kolding IF,20,Under 3.5,3,1.39,3663.0,2026-09-06 11:36,Finalizado,GREEN,BF:WINNER,0.3724,1.261746797,1222344
2026-09-06,2026-09-06 11:00,Tiffy Army FC x Visakha FC,Tiffy Army FC,Visakha FC,30,Under 3.5,3,2.06,116.0,2026-09-06 11:46,Finalizado,RED,BF:LOSER,-1.0000,1.262036818,1222344
2026-09-06,2026-09-06 11:00,Nam Dinh x Hoang Anh Gia Lai,Nam Dinh,Hoang Anh Gia Lai,30,Under 2.5,2,2.12,213.0,2026-09-06 11:52,Finalizado,RED,BF:LOSER,-1.0000,1.262021406,47972
2026-09-06,2026-09-06 11:00,Nam Dinh x Hoang Anh Gia Lai,Nam Dinh,Hoang Anh Gia Lai,30,Under 3.5,3,1.34,431.0,2026-09-06 11:52,Finalizado,RED,BF:LOSER,-1.0000,1.262021352,1222344
2026-09-06,2026-09-06 11:30,Paide Linnameeskond x FCI Tallinn,Paide Linnameeskond,FCI Tallinn,10,Under 2.5,2,2.18,411.0,2026-09-06 11:56,Finalizado,GREEN,BF:WINNER,1.1269,1.261850767,47972
2026-09-06,2026-09-06 11:30,Paide Linnameeskond x FCI Tallinn,Paide Linnameeskond,FCI Tallinn,10,Under 3.5,3,1.44,354.0,2026-09-06 11:56,Finalizado,GREEN,BF:WINNER,0.4202,1.261850713,1222344
2026-09-06,2026-09-06 11:30,Greuther Furth x FC Heidenheim,Greuther Furth,FC Heidenheim,10,Under 2.5,2,4.0,133.0,2026-09-06 11:56,Finalizado,GREEN,BF:WINNER,2.8650,1.261751369,47972
2026-09-06,2026-09-06 11:30,Greuther Furth x FC Heidenheim,Greuther Furth,FC Heidenheim,10,Under 3.5,3,1.93,1961.0,2026-09-06 11:56,Finalizado,GREEN,BF:WINNER,0.8881,1.261751291,1222344
2026-09-06,2026-09-06 11:30,Cercle Brugge x Gent,Cercle Brugge,Gent,10,Under 2.5,2,2.42,132.0,2026-09-06 12:02,Finalizado,RED,0-3:b365,-1.0,,47972
2026-09-06,2026-09-06 11:30,Cercle Brugge x Gent,Cercle Brugge,Gent,10,Under 3.5,3,1.49,309.0,2026-09-06 12:02,Finalizado,GREEN,0-3:b365,0.4679,,1222344
2026-09-06,2026-09-06 11:35,Yunnan Yukun x Liaoning Tieren FC,Yunnan Yukun,Liaoning Tieren FC,15,Under 2.5,2,2.12,5085.0,2026-09-06 12:06,Finalizado,RED,BF:LOSER,-1.0000,1.261793864,47972
2026-09-06,2026-09-06 11:35,Yunnan Yukun x Liaoning Tieren FC,Yunnan Yukun,Liaoning Tieren FC,15,Under 3.5,3,1.42,5466.0,2026-09-06 12:06,Finalizado,RED,BF:LOSER,-1.0000,1.261793810,1222344
2026-09-06,2026-09-06 12:00,ACS Petrolul 52 x FC Hunedoara,ACS Petrolul 52,FC Hunedoara,10,Under 2.5,2,2.8,426.0,2026-09-06 12:26,Finalizado,GREEN,BF:WINNER,1.7190,1.261533892,47972
2026-09-06,2026-09-06 12:00,ACS Petrolul 52 x FC Hunedoara,ACS Petrolul 52,FC Hunedoara,10,Under 3.5,3,1.65,3783.0,2026-09-06 12:26,Finalizado,GREEN,BF:WINNER,0.6207,1.261533838,1222344
2026-09-06,2026-09-06 12:00,Eibar x Granada,Eibar,Granada,10,Under 2.5,2,2.42,1235.0,2026-09-06 12:26,Finalizado,RED,BF:LOSER,-1.0000,1.261786839,47972
2026-09-06,2026-09-06 12:00,Eibar x Granada,Eibar,Granada,10,Under 3.5,3,1.47,635.0,2026-09-06 12:26,Finalizado,GREEN,BF:WINNER,0.4488,1.261786840,1222344
2026-09-06,2026-09-06 12:00,Persib Bandung x PSM Makassar,Persib Bandung,PSM Makassar,10,Under 2.5,2,3.35,2141.0,2026-09-06 12:26,Finalizado,RED,BF:LOSER,-1.0000,1.261788135,47972
2026-09-06,2026-09-06 12:00,Persib Bandung x PSM Makassar,Persib Bandung,PSM Makassar,10,Under 3.5,3,1.78,2439.0,2026-09-06 12:26,Finalizado,RED,BF:LOSER,-1.0000,1.261788136,1222344
2026-09-06,2026-09-06 12:00,Tianjin Jinmen Tiger FC x Zhejiang Greentown,Tianjin Jinmen Tiger FC,Zhejiang Greentown,10,Under 2.5,2,3.55,1024.0,2026-09-06 12:26,Finalizado,RED,BF:LOSER,-1.0000,1.261793644,47972
2026-09-06,2026-09-06 12:00,Tianjin Jinmen Tiger FC x Zhejiang Greentown,Tianjin Jinmen Tiger FC,Zhejiang Greentown,10,Under 3.5,3,1.86,2467.0,2026-09-06 12:26,Finalizado,GREEN,BF:WINNER,0.8213,1.261793590,1222344
2026-09-06,2026-09-06 12:00,FK Altay x FK Kaisar,FK Altay,FK Kaisar,10,Under 3.5,3,1.57,520.0,2026-09-06 12:26,Finalizado,GREEN,BF:WINNER,0.5444,1.261800261,1222344
2026-09-06,2026-09-06 12:00,Gor Mahia FC x Pyramids,Gor Mahia FC,Pyramids,10,Under 2.5,2,2.02,287.0,2026-09-06 12:26,Finalizado,GREEN,BF:WINNER,0.9741,1.262012704,47972
2026-09-06,2026-09-06 12:00,Gor Mahia FC x Pyramids,Gor Mahia FC,Pyramids,10,Under 3.5,3,1.33,579.0,2026-09-06 12:26,Finalizado,GREEN,BF:WINNER,0.3152,1.262012708,1222344
2026-09-06,2026-09-06 12:00,FK Altay x FK Kaisar,FK Altay,FK Kaisar,20,Under 2.5,2,2.26,639.0,2026-09-06 12:36,Finalizado,GREEN,BF:WINNER,1.2033,1.261800315,47972
2026-09-06,2026-09-06 12:00,Servette x St Gallen,Servette,St Gallen,20,Under 2.5,2,3.15,2951.0,2026-09-06 12:36,Finalizado,GREEN,BF:WINNER,2.0532,1.261812789,47972
2026-09-06,2026-09-06 12:00,Servette x St Gallen,Servette,St Gallen,20,Under 3.5,3,1.66,121.0,2026-09-06 12:36,Finalizado,GREEN,BF:WINNER,0.6303,1.261812790,1222344
2026-09-06,2026-09-06 12:15,Selangor FA x Melaka FC,Selangor FA,Melaka FC,15,Under 2.5,2,3.95,247.0,2026-09-06 12:46,Finalizado,RED,BF:LOSER,-1.0000,1.262025064,47972
2026-09-06,2026-09-06 12:15,Selangor FA x Melaka FC,Selangor FA,Melaka FC,15,Under 3.5,3,2.0,693.0,2026-09-06 12:46,Finalizado,RED,BF:LOSER,-1.0000,1.262025010,1222344
2026-09-06,2026-09-06 12:30,Veres Rivne x Zorya,Veres Rivne,Zorya,20,Under 2.5,2,1.27,629.0,2026-09-06 13:06,Finalizado,GREEN,BF:WINNER,0.2579,1.261851271,47972
2026-09-06,2026-09-06 12:30,Veres Rivne x Zorya,Veres Rivne,Zorya,20,Under 3.5,3,1.15,228.0,2026-09-06 13:06,Finalizado,GREEN,BF:WINNER,0.1432,1.261851217,1222344
2026-09-06,2026-09-06 13:00,ESTAC Troyes x Strasbourg,ESTAC Troyes,Strasbourg,10,Under 2.5,2,3.0,12300.0,2026-09-06 13:26,Finalizado,RED,BF:LOSER,-1.0000,1.261749057,47972
2026-09-06,2026-09-06 13:00,ESTAC Troyes x Strasbourg,ESTAC Troyes,Strasbourg,10,Under 3.5,3,1.66,333.0,2026-09-06 13:26,Finalizado,RED,BF:LOSER,-1.0000,1.261749121,1222344
2026-09-06,2026-09-06 13:00,Zlin x Teplice,Zlin,Teplice,10,Under 2.5,2,2.44,765.0,2026-09-06 13:26,Finalizado,RED,BF:LOSER,-1.0000,1.261780758,47972
2026-09-06,2026-09-06 13:00,Zlin x Teplice,Zlin,Teplice,10,Under 3.5,3,1.49,909.0,2026-09-06 13:26,Finalizado,RED,BF:LOSER,-1.0000,1.261780704,1222344
2026-09-06,2026-09-06 13:00,Modena x Calcio Avellino SSD,Modena,Calcio Avellino SSD,10,Under 2.5,2,3.1,123.0,2026-09-06 13:26,Finalizado,GREEN,BF:WINNER,2.0055,1.261824379,47972
2026-09-06,2026-09-06 13:00,Modena x Calcio Avellino SSD,Modena,Calcio Avellino SSD,10,Under 3.5,3,1.65,405.0,2026-09-06 13:26,Finalizado,GREEN,BF:WINNER,0.6207,1.261824325,1222344
2026-09-06,2026-09-06 13:00,Golden Arrows x Mamelodi Sundowns,Golden Arrows,Mamelodi Sundowns,10,Under 2.5,2,2.68,393.0,2026-09-06 13:26,Finalizado,RED,BF:LOSER,-1.0000,1.262017540,47972
2026-09-06,2026-09-06 13:00,Golden Arrows x Mamelodi Sundowns,Golden Arrows,Mamelodi Sundowns,10,Under 3.5,3,1.54,619.0,2026-09-06 13:26,Finalizado,GREEN,BF:WINNER,0.5157,1.262017486,1222344
2026-09-06,2026-09-06 13:00,Ullensaker Kisa x Levanger,Ullensaker Kisa,Levanger,10,Under 3.5,3,2.48,201.0,2026-09-06 13:26,Finalizado,RED,BF:LOSER,-1.0000,1.262018424,1222344
2026-09-06,2026-09-06 13:00,Cerro x Racing Club (Uru),Cerro,Racing Club (Uru),10,Under 2.5,2,2.12,654.0,2026-09-06 13:26,Finalizado,GREEN,BF:WINNER,1.0696,1.262039542,47972
2026-09-06,2026-09-06 13:00,Cerro x Racing Club (Uru),Cerro,Racing Club (Uru),10,Under 3.5,3,1.34,1000.0,2026-09-06 13:26,Finalizado,GREEN,BF:WINNER,0.3247,1.262039543,1222344
2026-09-06,2026-09-06 13:00,Cesena x Mantova,Cesena,Mantova,20,Under 2.5,2,2.54,568.0,2026-09-06 13:36,Finalizado,GREEN,BF:WINNER,1.4707,1.261822722,47972
2026-09-06,2026-09-06 13:00,Cesena x Mantova,Cesena,Mantova,20,Under 3.5,3,1.41,1190.0,2026-09-06 13:36,Finalizado,GREEN,BF:WINNER,0.3915,1.261822723,1222344
2026-09-06,2026-09-06 13:00,Frosinone x Venezia,Frosinone,Venezia,20,Under 2.5,2,3.2,17182.0,2026-09-06 13:36,Finalizado,RED,BF:LOSER,-1.0000,1.261503100,47972
2026-09-06,2026-09-06 13:00,Frosinone x Venezia,Frosinone,Venezia,20,Under 3.5,3,1.74,274.0,2026-09-06 13:36,Finalizado,RED,BF:LOSER,-1.0000,1.261503164,1222344
2026-09-06,2026-09-06 13:00,Entella x LR Vicenza Virtus,Entella,LR Vicenza Virtus,20,Under 2.5,2,2.04,1008.0,2026-09-06 13:36,Finalizado,RED,BF:LOSER,-1.0000,1.261823398,47972
2026-09-06,2026-09-06 13:00,Entella x LR Vicenza Virtus,Entella,LR Vicenza Virtus,20,Under 3.5,3,1.31,14780.0,2026-09-06 13:36,Finalizado,RED,BF:LOSER,-1.0000,1.261823399,1222344
2026-09-06,2026-09-06 13:00,Pitea x Karlbergs BK,Pitea,Karlbergs BK,20,Under 3.5,3,1.53,208.0,2026-09-06 13:36,Finalizado,GREEN,BF:WINNER,0.5061,1.262039653,1222344
2026-09-06,2026-09-06 13:00,Pitea x Karlbergs BK,Pitea,Karlbergs BK,25,Under 2.5,2,2.32,240.0,2026-09-06 13:42,Finalizado,RED,BF:LOSER,-1.0000,1.262039652,47972
2026-09-06,2026-09-06 13:00,Crystal Palace (W) x Everton (W),Crystal Palace (W),Everton (W),30,Under 2.5,2,1.9,159.0,2026-09-06 13:46,Finalizado,GREEN,BF:WINNER,0.8595,1.261940369,47972
2026-09-06,2026-09-06 13:00,Crystal Palace (W) x Everton (W),Crystal Palace (W),Everton (W),30,Under 3.5,3,1.28,1309.0,2026-09-06 13:46,Finalizado,GREEN,BF:WINNER,0.2674,1.261940370,1222344
2026-09-06,2026-09-06 13:00,Parma x AC Monza,Parma,AC Monza,30,Under 2.5,2,1.73,21409.0,2026-09-06 13:52,Finalizado,GREEN,BF:WINNER,0.6971,1.261502850,47972
2026-09-06,2026-09-06 13:00,Parma x AC Monza,Parma,AC Monza,30,Under 3.5,3,1.2,1776.0,2026-09-06 13:52,Finalizado,GREEN,BF:WINNER,0.1910,1.261502914,1222344
2026-09-06,2026-09-06 13:00,FC Astana x Elimai FC,FC Astana,Elimai FC,30,Under 3.5,3,1.96,156.0,2026-09-06 13:52,Finalizado,RED,BF:LOSER,-1.0000,1.261799918,1222344
2026-09-06,2026-09-06 13:30,Man City (W) x Birmingham (W),Man City (W),Birmingham (W),10,Under 2.5,2,2.68,100.0,2026-09-06 13:56,Finalizado,RED,BF:LOSER,-1.0000,1.261943413,47972
2026-09-06,2026-09-06 13:30,Man City (W) x Birmingham (W),Man City (W),Birmingham (W),10,Under 3.5,3,1.62,312.0,2026-09-06 13:56,Finalizado,RED,BF:LOSER,-1.0000,1.261943414,1222344
2026-09-06,2026-09-06 13:30,Zalaegerszeg x Puskas Akademia,Zalaegerszeg,Puskas Akademia,10,Under 2.5,2,3.0,727.0,2026-09-06 13:56,Finalizado,GREEN,BF:WINNER,1.9100,1.261809536,47972
2026-09-06,2026-09-06 13:30,Zalaegerszeg x Puskas Akademia,Zalaegerszeg,Puskas Akademia,10,Under 3.5,3,1.68,536.0,2026-09-06 13:56,Finalizado,GREEN,BF:WINNER,0.6494,1.261809482,1222344
2026-09-06,2026-09-06 13:30,Hamburger SV x Mainz,Hamburger SV,Mainz,10,Under 2.5,2,2.92,1488.0,2026-09-06 14:02,Finalizado,RED,0-5:b365,-1.0,,47972
2026-09-06,2026-09-06 13:30,Hamburger SV x Mainz,Hamburger SV,Mainz,10,Under 3.5,3,1.69,386.0,2026-09-06 14:02,Finalizado,RED,0-5:b365,-1.0,,1222344
2026-09-06,2026-09-06 13:45,NK Dubrava Zagreb x Opatija,NK Dubrava Zagreb,Opatija,10,Under 3.5,3,1.5,561.0,2026-09-06 14:12,Finalizado,GREEN,BF:WINNER,0.4775,1.262022126,1222344
2026-09-06,2026-09-06 13:45,NK Dubrava Zagreb x Opatija,NK Dubrava Zagreb,Opatija,15,Under 2.5,2,2.36,239.0,2026-09-06 14:16,Finalizado,RED,BF:LOSER,-1.0000,1.262022122,47972
2026-09-06,2026-09-06 13:30,GD Vitoria de Sernache x CF Os Belenenses,GD Vitoria de Sernache,CF Os Belenenses,30,Under 2.5,2,1.57,536.0,2026-09-06 14:22,Finalizado,RED,BF:LOSER,-1.0000,1.262039432,47972
2026-09-06,2026-09-06 13:30,GD Vitoria de Sernache x CF Os Belenenses,GD Vitoria de Sernache,CF Os Belenenses,30,Under 3.5,3,1.2,192.0,2026-09-06 14:22,Finalizado,RED,BF:LOSER,-1.0000,1.262039433,1222344
2026-09-06,2026-09-06 14:00,Vikingur Reykjavik x Fram,Vikingur Reykjavik,Fram,10,Under 2.5,2,2.14,1184.0,2026-09-06 14:26,Finalizado,RED,BF:LOSER,-1.0000,1.261853523,47972
2026-09-06,2026-09-06 14:00,Vikingur Reykjavik x Fram,Vikingur Reykjavik,Fram,10,Under 3.5,3,1.45,3829.0,2026-09-06 14:26,Finalizado,RED,BF:LOSER,-1.0000,1.261853524,1222344
2026-09-06,2026-09-06 14:00,IA Akranes x KR Reykjavik,IA Akranes,KR Reykjavik,10,Under 2.5,2,3.55,1038.0,2026-09-06 14:26,Finalizado,RED,BF:LOSER,-1.0000,1.261853636,47972
2026-09-06,2026-09-06 14:00,Trygg/Lade x Honefoss,Trygg/Lade,Honefoss,10,Under 2.5,2,2.14,395.0,2026-09-06 14:26,Finalizado,RED,BF:LOSER,-1.0000,1.262018240,47972
2026-09-06,2026-09-06 14:00,Trygg/Lade x Honefoss,Trygg/Lade,Honefoss,10,Under 3.5,3,1.46,846.0,2026-09-06 14:26,Finalizado,RED,BF:LOSER,-1.0000,1.262018244,1222344
2026-09-06,2026-09-06 14:00,Tobol Kostanay x FK Ulytau Zhezkazgan,Tobol Kostanay,FK Ulytau Zhezkazgan,10,Under 2.5,2,3.2,617.0,2026-09-06 14:26,Finalizado,RED,BF:LOSER,-1.0000,1.261800097,47972
2026-09-06,2026-09-06 14:00,Jonkopings Sodra x Tvaakers,Jonkopings Sodra,Tvaakers,10,Under 2.5,2,2.88,141.0,2026-09-06 14:26,Finalizado,GREEN,BF:WINNER,1.7954,1.261952989,47972
2026-09-06,2026-09-06 14:00,Jonkopings Sodra x Tvaakers,Jonkopings Sodra,Tvaakers,10,Under 3.5,3,1.65,219.0,2026-09-06 14:26,Finalizado,GREEN,BF:WINNER,0.6207,1.261952993,1222344
2026-09-06,2026-09-06 14:00,Lorenskog x Junkeren,Lorenskog,Junkeren,10,Under 2.5,2,1.93,351.0,2026-09-06 14:26,Finalizado,GREEN,BF:WINNER,0.8881,1.262018150,47972
2026-09-06,2026-09-06 14:00,Lorenskog x Junkeren,Lorenskog,Junkeren,10,Under 3.5,3,1.93,320.0,2026-09-06 14:26,Finalizado,GREEN,BF:WINNER,0.8881,1.262018154,1222344
2026-09-06,2026-09-06 14:00,Al-Ahly SC Wad Madani x Tusker FC,Al-Ahly SC Wad Madani,Tusker FC,10,Under 2.5,2,1.76,392.0,2026-09-06 14:26,Finalizado,RED,BF:LOSER,-1.0000,1.262039322,47972
2026-09-06,2026-09-06 14:00,Al-Ahly SC Wad Madani x Tusker FC,Al-Ahly SC Wad Madani,Tusker FC,10,Under 3.5,3,1.21,3902.0,2026-09-06 14:26,Finalizado,GREEN,BF:WINNER,0.2005,1.262039323,1222344
2026-09-06,2026-09-06 14:00,OB x FC Copenhagen,OB,FC Copenhagen,10,Under 2.5,2,3.15,1110.0,2026-09-06 14:26,Finalizado,RED,BF:LOSER,-1.0000,1.261773207,47972
2026-09-06,2026-09-06 14:00,OB x FC Copenhagen,OB,FC Copenhagen,10,Under 3.5,3,1.71,559.0,2026-09-06 14:26,Finalizado,RED,BF:LOSER,-1.0000,1.261773208,1222344
2026-09-06,2026-09-06 14:00,Corum Belediyespor x Eyupspor,Corum Belediyespor,Eyupspor,10,Under 2.5,2,3.05,1661.0,2026-09-06 14:26,Finalizado,RED,BF:LOSER,-1.0000,1.261794950,47972
2026-09-06,2026-09-06 14:00,Corum Belediyespor x Eyupspor,Corum Belediyespor,Eyupspor,10,Under 3.5,3,1.69,214.0,2026-09-06 14:26,Finalizado,GREEN,BF:WINNER,0.6589,1.261794951,1222344
2026-09-06,2026-09-06 14:00,Londrina x Operario PR,Londrina,Operario PR,10,Under 2.5,2,2.08,1471.0,2026-09-06 14:26,Finalizado,RED,BF:LOSER,-1.0000,1.261815701,47972
2026-09-06,2026-09-06 14:00,Londrina x Operario PR,Londrina,Operario PR,10,Under 3.5,3,1.36,180.0,2026-09-06 14:26,Finalizado,GREEN,BF:WINNER,0.3438,1.261815702,1222344
2026-09-06,2026-09-06 14:00,FC Kitzbuhel x Grazer AK,FC Kitzbuhel,Grazer AK,10,Under 2.5,2,4.6,276.0,2026-09-06 14:26,Finalizado,GREEN,BF:WINNER,3.4380,1.262020966,47972
2026-09-06,2026-09-06 14:00,FC Kitzbuhel x Grazer AK,FC Kitzbuhel,Grazer AK,10,Under 3.5,3,2.38,114.0,2026-09-06 14:26,Finalizado,GREEN,BF:WINNER,1.3179,1.262020912,1222344
2026-09-06,2026-09-06 14:00,Kasimpasa x Amed Sportif Faaliyetler,Kasimpasa,Amed Sportif Faaliyetler,10,Under 2.5,2,2.28,1081.0,2026-09-06 14:32,SemPlacar,,,,,47972
2026-09-06,2026-09-06 14:00,Kasimpasa x Amed Sportif Faaliyetler,Kasimpasa,Amed Sportif Faaliyetler,10,Under 3.5,3,1.4,2523.0,2026-09-06 14:32,SemPlacar,,,,,1222344
2026-09-06,2026-09-06 14:00,St Johnstone x Hibernian,St Johnstone,Hibernian,10,Under 2.5,2,2.92,2681.0,2026-09-06 14:32,Finalizado,RED,2-1:b365,-1.0,,47972
2026-09-06,2026-09-06 14:00,St Johnstone x Hibernian,St Johnstone,Hibernian,10,Under 3.5,3,1.64,2678.0,2026-09-06 14:32,Finalizado,GREEN,2-1:b365,0.6112,,1222344
2026-09-06,2026-09-06 14:00,Harju JK Laagri x Tammeka Tartu,Harju JK Laagri,Tammeka Tartu,10,Under 2.5,2,3.35,667.0,2026-09-06 14:32,Finalizado,GREEN,0-2:b365,2.2443,,47972
2026-09-06,2026-09-06 14:00,Harju JK Laagri x Tammeka Tartu,Harju JK Laagri,Tammeka Tartu,10,Under 3.5,3,1.77,539.0,2026-09-06 14:32,Finalizado,GREEN,0-2:b365,0.7353,,1222344
2026-09-06,2026-09-06 14:00,Tobol Kostanay x FK Ulytau Zhezkazgan,Tobol Kostanay,FK Ulytau Zhezkazgan,20,Under 3.5,3,1.52,915.0,2026-09-06 14:36,Finalizado,RED,BF:LOSER,-1.0000,1.261800043,1222344
2026-09-06,2026-09-06 14:00,Hearts x Dundee,Hearts,Dundee,20,Under 2.5,2,3.55,1262.0,2026-09-06 14:36,Finalizado,RED,BF:LOSER,-1.0000,1.261806389,47972
2026-09-06,2026-09-06 14:00,Hearts x Dundee,Hearts,Dundee,20,Under 3.5,3,1.82,293.0,2026-09-06 14:36,Finalizado,GREEN,BF:WINNER,0.7831,1.261806335,1222344
2026-09-06,2026-09-06 14:00,Stjarnan x IBV,Stjarnan,IBV,25,Under 2.5,2,3.5,930.0,2026-09-06 14:42,Finalizado,RED,BF:LOSER,-1.0000,1.261986094,47972
2026-09-06,2026-09-06 14:00,Stjarnan x IBV,Stjarnan,IBV,25,Under 3.5,3,1.83,204.0,2026-09-06 14:42,Finalizado,RED,BF:LOSER,-1.0000,1.261986095,1222344
2026-09-06,2026-09-06 14:30,Santa Clara x Rio Ave,Santa Clara,Rio Ave,10,Under 2.5,2,2.48,901.0,2026-09-06 14:56,Finalizado,RED,BF:LOSER,-1.0000,1.261783552,47972
2026-09-06,2026-09-06 14:30,Santa Clara x Rio Ave,Santa Clara,Rio Ave,10,Under 3.5,3,1.44,755.0,2026-09-06 14:56,Finalizado,RED,BF:LOSER,-1.0000,1.261783553,1222344
2026-09-06,2026-09-06 14:30,Brommapojkarna x Elfsborg,Brommapojkarna,Elfsborg,10,Under 3.5,3,1.73,930.0,2026-09-06 14:56,Finalizado,GREEN,BF:WINNER,0.6971,1.261814188,1222344
2026-09-06,2026-09-06 14:30,SG Sonnenhof x Hoffenheim II,SG Sonnenhof,Hoffenheim II,10,Under 2.5,2,3.65,668.0,2026-09-06 15:02,SemPlacar,,,,,47972
2026-09-06,2026-09-06 14:30,Brommapojkarna x Elfsborg,Brommapojkarna,Elfsborg,20,Under 2.5,2,2.52,1332.0,2026-09-06 15:06,Finalizado,RED,BF:LOSER,-1.0000,1.261814187,47972
2026-09-06,2026-09-06 14:30,SG Sonnenhof x Hoffenheim II,SG Sonnenhof,Hoffenheim II,20,Under 3.5,3,1.69,234.0,2026-09-06 15:06,Finalizado,GREEN,BF:WINNER,0.6589,1.261872938,1222344
2026-09-06,2026-09-06 14:30,Leixoes x Amarante,Leixoes,Amarante,20,Under 2.5,2,2.0,3926.0,2026-09-06 15:06,Finalizado,RED,BF:LOSER,-1.0000,1.261954516,47972
2026-09-06,2026-09-06 14:30,Leixoes x Amarante,Leixoes,Amarante,20,Under 3.5,3,1.29,2058.0,2026-09-06 15:06,Finalizado,RED,BF:LOSER,-1.0000,1.261954517,1222344
2026-09-06,2026-09-06 14:45,MVV Maastricht x Roda JC,MVV Maastricht,Roda JC,10,Under 2.5,2,2.96,1911.0,2026-09-06 15:12,Finalizado,GREEN,BF:WINNER,1.8718,1.261785779,47972
2026-09-06,2026-09-06 14:45,MVV Maastricht x Roda JC,MVV Maastricht,Roda JC,10,Under 3.5,3,1.63,1807.0,2026-09-06 15:12,Finalizado,GREEN,BF:WINNER,0.6016,1.261785780,1222344
2026-09-06,2026-09-06 15:00,Sarpsborg x Valerenga,Sarpsborg,Valerenga,10,Under 2.5,2,2.08,2099.0,2026-09-06 15:26,Finalizado,RED,BF:LOSER,-1.0000,1.261784654,47972
2026-09-06,2026-09-06 15:00,Sarpsborg x Valerenga,Sarpsborg,Valerenga,10,Under 3.5,3,1.45,2950.0,2026-09-06 15:26,Finalizado,RED,BF:LOSER,-1.0000,1.261784655,1222344
2026-09-06,2026-09-06 15:00,Molde x Kfum Oslo,Molde,Kfum Oslo,10,Under 2.5,2,2.24,618.0,2026-09-06 15:26,Finalizado,GREEN,BF:WINNER,1.1842,1.261797252,47972
2026-09-06,2026-09-06 15:00,Molde x Kfum Oslo,Molde,Kfum Oslo,10,Under 3.5,3,1.47,137.0,2026-09-06 15:26,Finalizado,GREEN,BF:WINNER,0.4488,1.261797148,1222344
2026-09-06,2026-09-06 15:00,Parndorf x RZ Pellets WAC,Parndorf,RZ Pellets WAC,10,Under 2.5,2,2.16,527.0,2026-09-06 15:26,Finalizado,GREEN,BF:WINNER,1.1078,1.262021295,47972
2026-09-06,2026-09-06 15:00,Parndorf x RZ Pellets WAC,Parndorf,RZ Pellets WAC,10,Under 3.5,3,1.46,155.0,2026-09-06 15:26,Finalizado,GREEN,BF:WINNER,0.4393,1.262021241,1222344
2026-09-06,2026-09-06 15:00,FC Kosice x Dukla Banska Bystrica,FC Kosice,Dukla Banska Bystrica,10,Under 2.5,2,4.3,442.0,2026-09-06 15:26,Finalizado,RED,BF:LOSER,-1.0000,1.261753485,47972
2026-09-06,2026-09-06 15:00,FC Kosice x Dukla Banska Bystrica,FC Kosice,Dukla Banska Bystrica,10,Under 3.5,3,2.16,1252.0,2026-09-06 15:26,Finalizado,GREEN,BF:WINNER,1.1078,1.261753431,1222344
2026-09-06,2026-09-06 15:00,FC Shirak x Sardarapat FC,FC Shirak,Sardarapat FC,10,Under 2.5,2,1.44,124.0,2026-09-06 15:32,SemPlacar,,,,,47972
2026-09-06,2026-09-06 15:00,FC Shirak x Sardarapat FC,FC Shirak,Sardarapat FC,10,Under 3.5,3,1.42,287.0,2026-09-06 15:32,SemPlacar,,,,,1222344
2026-09-06,2026-09-06 15:00,Atletico Clube de Portugal x Oliveirense,Atletico Clube de Portugal,Oliveirense,10,Under 2.5,2,2.48,239.0,2026-09-06 15:32,Finalizado,RED,3-1:b365,-1.0,,47972
2026-09-06,2026-09-06 15:00,Atletico Clube de Portugal x Oliveirense,Atletico Clube de Portugal,Oliveirense,10,Under 3.5,3,1.47,1378.0,2026-09-06 15:32,Finalizado,RED,3-1:b365,-1.0,,1222344
2026-09-06,2026-09-06 15:00,Lyn x Egersund,Lyn,Egersund,20,Under 2.5,2,3.25,733.0,2026-09-06 15:36,Finalizado,GREEN,BF:WINNER,2.1487,1.261801638,47972
2026-09-06,2026-09-06 15:00,Lyn x Egersund,Lyn,Egersund,20,Under 3.5,3,1.83,328.0,2026-09-06 15:36,Finalizado,GREEN,BF:WINNER,0.7927,1.261801584,1222344
2026-09-06,2026-09-06 15:00,HNK Orijent 1919 x NK Croatia Zmijavci,HNK Orijent 1919,NK Croatia Zmijavci,20,Under 2.5,2,1.9,144.0,2026-09-06 15:36,Finalizado,GREEN,BF:WINNER,0.8595,1.262017081,47972
2026-09-06,2026-09-06 15:00,HNK Orijent 1919 x NK Croatia Zmijavci,HNK Orijent 1919,NK Croatia Zmijavci,20,Under 3.5,3,1.29,603.0,2026-09-06 15:36,Finalizado,GREEN,BF:WINNER,0.2770,1.262017085,1222344
2026-09-06,2026-09-06 15:00,FK Dubocica x FK Bor 1919,FK Dubocica,FK Bor 1919,20,Under 2.5,2,2.22,567.0,2026-09-06 15:36,Finalizado,RED,BF:LOSER,-1.0000,1.262041857,47972
2026-09-06,2026-09-06 15:00,FK Dubocica x FK Bor 1919,FK Dubocica,FK Bor 1919,20,Under 3.5,3,1.37,198.0,2026-09-06 15:36,Finalizado,GREEN,BF:WINNER,0.3534,1.262041803,1222344
2026-09-06,2026-09-06 15:30,Arsenal x Chelsea,Arsenal,Chelsea,10,Under 2.5,2,3.55,464.0,2026-09-06 15:56,Finalizado,RED,BF:LOSER,-1.0000,1.261447970,47972
2026-09-06,2026-09-06 15:30,Arsenal x Chelsea,Arsenal,Chelsea,10,Under 3.5,3,1.85,2411.0,2026-09-06 15:56,Finalizado,GREEN,BF:WINNER,0.8118,1.261447983,1222344
2026-09-06,2026-09-06 15:30,NK Maribor x Mura,NK Maribor,Mura,10,Under 2.5,2,3.0,2664.0,2026-09-06 15:56,Finalizado,GREEN,BF:WINNER,1.9100,1.261783224,47972
2026-09-06,2026-09-06 15:30,NK Maribor x Mura,NK Maribor,Mura,10,Under 3.5,3,1.62,610.0,2026-09-06 15:56,Finalizado,GREEN,BF:WINNER,0.5921,1.261783225,1222344
2026-09-06,2026-09-06 15:30,ASKO Kara x ASEC Mimosas,ASKO Kara,ASEC Mimosas,10,Under 2.5,2,1.81,134.0,2026-09-06 16:02,SemPlacar,,,,,47972
2026-09-06,2026-09-06 15:30,Eintracht Frankfurt x Augsburg,Eintracht Frankfurt,Augsburg,20,Under 2.5,2,3.6,1625.0,2026-09-06 16:06,Finalizado,RED,BF:LOSER,-1.0000,1.261437199,47972
2026-09-06,2026-09-06 15:30,Eintracht Frankfurt x Augsburg,Eintracht Frankfurt,Augsburg,20,Under 3.5,3,1.82,2307.0,2026-09-06 16:06,Finalizado,RED,BF:LOSER,-1.0000,1.261437266,1222344
2026-09-06,2026-09-06 15:30,ASKO Kara x ASEC Mimosas,ASKO Kara,ASEC Mimosas,20,Under 3.5,3,1.15,166.0,2026-09-06 16:06,Finalizado,GREEN,BF:WINNER,0.1432,1.262012978,1222344
2026-09-06,2026-09-06 15:30,Kaizer Chiefs x Siwelele FC,Kaizer Chiefs,Siwelele FC,20,Under 3.5,3,1.17,298.0,2026-09-06 16:06,Finalizado,RED,BF:LOSER,-1.0000,1.262017597,1222344
2026-09-06,2026-09-06 15:30,Sportive De Tunis x Avenir S Marsa,Sportive De Tunis,Avenir S Marsa,20,Under 2.5,2,2.64,301.0,2026-09-06 16:06,Finalizado,RED,BF:LOSER,-1.0000,1.262028764,47972
2026-09-06,2026-09-06 15:30,Sportive De Tunis x Avenir S Marsa,Sportive De Tunis,Avenir S Marsa,20,Under 3.5,3,2.34,144.0,2026-09-06 16:12,Finalizado,GREEN,BF:WINNER,1.2797,1.262028765,1222344
2026-09-06,2026-09-06 15:45,FK Kauno Zalgiris x FC Dziugas,FK Kauno Zalgiris,FC Dziugas,10,Under 2.5,2,2.66,668.0,2026-09-06 16:12,Finalizado,RED,BF:LOSER,-1.0000,1.261937793,47972
2026-09-06,2026-09-06 15:45,FK Kauno Zalgiris x FC Dziugas,FK Kauno Zalgiris,FC Dziugas,10,Under 3.5,3,1.55,559.0,2026-09-06 16:12,Finalizado,RED,BF:LOSER,-1.0000,1.261937794,1222344
2026-09-06,2026-09-06 15:45,Ferencvaros x Ujpest,Ferencvaros,Ujpest,15,Under 2.5,2,3.5,579.0,2026-09-06 16:16,Finalizado,RED,BF:LOSER,-1.0000,1.261934337,47972
2026-09-06,2026-09-06 15:45,Ferencvaros x Ujpest,Ferencvaros,Ujpest,15,Under 3.5,3,1.89,281.0,2026-09-06 16:16,Finalizado,RED,BF:LOSER,-1.0000,1.261934283,1222344
2026-09-06,2026-09-06 15:30,Etoile Sportive Sahel x JS Omrane,Etoile Sportive Sahel,JS Omrane,30,Under 2.5,2,1.66,1240.0,2026-09-06 16:16,Finalizado,GREEN,BF:WINNER,0.6303,1.262028303,47972
2026-09-06,2026-09-06 15:30,Etoile Sportive Sahel x JS Omrane,Etoile Sportive Sahel,JS Omrane,30,Under 3.5,3,1.16,1981.0,2026-09-06 16:16,Finalizado,GREEN,BF:WINNER,0.1528,1.262028249,1222344
2026-09-06,2026-09-06 16:00,VMFD Zalgiris x Fk Siauliai,VMFD Zalgiris,Fk Siauliai,10,Under 2.5,2,2.6,494.0,2026-09-06 16:26,Finalizado,GREEN,BF:WINNER,1.5280,1.261937685,47972
2026-09-06,2026-09-06 16:00,VMFD Zalgiris x Fk Siauliai,VMFD Zalgiris,Fk Siauliai,10,Under 3.5,3,1.63,847.0,2026-09-06 16:26,Finalizado,GREEN,BF:WINNER,0.6016,1.261937686,1222344
2026-09-06,2026-09-06 16:00,Atromitos x Kalamata,Atromitos,Kalamata,10,Under 2.5,2,2.48,546.0,2026-09-06 16:26,Finalizado,GREEN,BF:WINNER,1.4134,1.261723406,47972
2026-09-06,2026-09-06 16:00,Atromitos x Kalamata,Atromitos,Kalamata,10,Under 3.5,3,1.47,987.0,2026-09-06 16:26,Finalizado,GREEN,BF:WINNER,0.4488,1.261723352,1222344
2026-09-06,2026-09-06 16:00,Hradec Kralove x Sparta Prague,Hradec Kralove,Sparta Prague,10,Under 2.5,2,3.15,244.0,2026-09-06 16:26,Finalizado,RED,BF:LOSER,-1.0000,1.261779032,47972
2026-09-06,2026-09-06 16:00,Hradec Kralove x Sparta Prague,Hradec Kralove,Sparta Prague,10,Under 3.5,3,2.62,654.0,2026-09-06 16:26,Finalizado,GREEN,BF:WINNER,1.5471,1.261779033,1222344
2026-09-06,2026-09-06 16:00,Sporting Cristal x CD Los Chankas,Sporting Cristal,CD Los Chankas,10,Under 2.5,2,3.4,659.0,2026-09-06 16:26,Finalizado,RED,BF:LOSER,-1.0000,1.261786623,47972
2026-09-06,2026-09-06 16:00,Sporting Cristal x CD Los Chankas,Sporting Cristal,CD Los Chankas,10,Under 3.5,3,1.73,1803.0,2026-09-06 16:26,Finalizado,RED,BF:LOSER,-1.0000,1.261786624,1222344
2026-09-06,2026-09-06 16:00,APOEL x A.E.L.,APOEL,A.E.L.,10,Under 3.5,3,2.74,660.0,2026-09-06 16:26,Finalizado,RED,BF:LOSER,-1.0000,1.261820585,1222344
2026-09-06,2026-09-06 16:00,Rudes x Hajduk Split,Rudes,Hajduk Split,10,Under 2.5,2,3.35,345.0,2026-09-06 16:26,Finalizado,RED,BF:LOSER,-1.0000,1.261826008,47972
2026-09-06,2026-09-06 16:00,Rudes x Hajduk Split,Rudes,Hajduk Split,10,Under 3.5,3,1.86,321.0,2026-09-06 16:26,Finalizado,RED,BF:LOSER,-1.0000,1.261826009,1222344
2026-09-06,2026-09-06 16:00,Bologna x Sassuolo,Bologna,Sassuolo,10,Under 2.5,2,3.0,296.0,2026-09-06 16:32,Finalizado,RED,2-2:b365,-1.0,,47972
2026-09-06,2026-09-06 16:00,Bologna x Sassuolo,Bologna,Sassuolo,10,Under 3.5,3,1.67,544.0,2026-09-06 16:32,Finalizado,RED,2-2:b365,-1.0,,1222344
2026-09-06,2026-09-06 16:00,Nea Salamis x AEK Larnaca,Nea Salamis,AEK Larnaca,10,Under 2.5,2,2.92,582.0,2026-09-06 16:32,Finalizado,RED,1-4:b365,-1.0,,47972
2026-09-06,2026-09-06 16:00,Nea Salamis x AEK Larnaca,Nea Salamis,AEK Larnaca,10,Under 3.5,3,1.56,2191.0,2026-09-06 16:32,Finalizado,RED,1-4:b365,-1.0,,1222344
2026-09-06,2026-09-06 16:00,Lokomotiv Plovdiv x Cherno More,Lokomotiv Plovdiv,Cherno More,20,Under 2.5,2,1.65,696.0,2026-09-06 16:36,Finalizado,GREEN,BF:WINNER,0.6207,1.261450876,47972
2026-09-06,2026-09-06 16:00,Lokomotiv Plovdiv x Cherno More,Lokomotiv Plovdiv,Cherno More,20,Under 3.5,3,1.18,5059.0,2026-09-06 16:36,Finalizado,GREEN,BF:WINNER,0.1719,1.261450822,1222344
2026-09-06,2026-09-06 16:00,Brondby x Randers,Brondby,Randers,20,Under 3.5,3,1.71,3235.0,2026-09-06 16:36,Finalizado,GREEN,BF:WINNER,0.6780,1.261773582,1222344
2026-09-06,2026-09-06 16:00,Brondby x Randers,Brondby,Randers,25,Under 2.5,2,2.9,986.0,2026-09-06 16:42,Finalizado,RED,BF:LOSER,-1.0000,1.261773581,47972
2026-09-06,2026-09-06 16:15,Qarabag FK x Araz Nakhchivan PFK,Qarabag FK,Araz Nakhchivan PFK,10,Under 2.5,2,3.75,1018.0,2026-09-06 16:42,Finalizado,RED,BF:LOSER,-1.0000,1.261946737,47972
2026-09-06,2026-09-06 16:15,Qarabag FK x Araz Nakhchivan PFK,Qarabag FK,Araz Nakhchivan PFK,10,Under 3.5,3,1.96,153.0,2026-09-06 16:42,Finalizado,RED,BF:LOSER,-1.0000,1.261946738,1222344
2026-09-06,2026-09-06 16:00,Sliema Wanderers FC x Birkirkara,Sliema Wanderers FC,Birkirkara,30,Under 2.5,2,1.74,125.0,2026-09-06 16:52,Finalizado,RED,BF:LOSER,-1.0000,1.262009981,47972
2026-09-06,2026-09-06 16:00,Sliema Wanderers FC x Birkirkara,Sliema Wanderers FC,Birkirkara,30,Under 3.5,3,1.21,739.0,2026-09-06 16:52,Finalizado,GREEN,BF:WINNER,0.2005,1.262009927,1222344
2026-09-06,2026-09-06 16:30,Alaves x Osasuna,Alaves,Osasuna,20,Under 2.5,2,1.92,708.0,2026-09-06 17:06,Finalizado,RED,BF:LOSER,-1.0000,1.261707793,47972
2026-09-06,2026-09-06 16:30,Alaves x Osasuna,Alaves,Osasuna,20,Under 3.5,3,1.27,1064.0,2026-09-06 17:06,Finalizado,RED,BF:LOSER,-1.0000,1.261707806,1222344
2026-09-06,2026-09-06 16:30,OFI x Kifisia,OFI,Kifisia,20,Under 2.5,2,3.6,300.0,2026-09-06 17:06,Finalizado,GREEN,BF:WINNER,2.4830,1.261722830,47972
2026-09-06,2026-09-06 16:30,Dinamo Tirana x AF Elbasani,Dinamo Tirana,AF Elbasani,20,Under 2.5,2,2.16,191.0,2026-09-06 17:06,Finalizado,RED,BF:LOSER,-1.0000,1.261989426,47972
2026-09-06,2026-09-06 16:30,Dinamo Tirana x AF Elbasani,Dinamo Tirana,AF Elbasani,20,Under 3.5,3,1.38,289.0,2026-09-06 17:06,Finalizado,GREEN,BF:WINNER,0.3629,1.261989430,1222344
2026-09-06,2026-09-06 16:30,OFI x Kifisia,OFI,Kifisia,20,Under 3.5,3,2.08,1089.0,2026-09-06 17:12,Finalizado,GREEN,BF:WINNER,1.0314,1.261722776,1222344
2026-09-06,2026-09-06 17:00,Ruzomberok x Spartak Trnava,Ruzomberok,Spartak Trnava,10,Under 2.5,2,2.82,349.0,2026-09-06 17:26,Finalizado,GREEN,BF:WINNER,1.7381,1.261760329,47972
2026-09-06,2026-09-06 17:00,Ruzomberok x Spartak Trnava,Ruzomberok,Spartak Trnava,10,Under 3.5,3,1.58,546.0,2026-09-06 17:26,Finalizado,GREEN,BF:WINNER,0.5539,1.261760275,1222344
2026-09-06,2026-09-06 17:00,Muglaspor x Van Buyuksehir Belediyespor,Muglaspor,Van Buyuksehir Belediyespor,10,Under 2.5,2,2.46,378.0,2026-09-06 17:26,Finalizado,RED,BF:LOSER,-1.0000,1.261918037,47972
2026-09-06,2026-09-06 17:00,Muglaspor x Van Buyuksehir Belediyespor,Muglaspor,Van Buyuksehir Belediyespor,10,Under 3.5,3,1.46,1573.0,2026-09-06 17:26,Finalizado,RED,BF:LOSER,-1.0000,1.261918038,1222344
2026-09-06,2026-09-06 17:00,AD Aserri x AD Cariari Pococi,AD Aserri,AD Cariari Pococi,10,Under 2.5,2,2.88,140.0,2026-09-06 17:26,Finalizado,GREEN,BF:WINNER,1.7954,1.262023683,47972
2026-09-06,2026-09-06 17:00,AD Aserri x AD Cariari Pococi,AD Aserri,AD Cariari Pococi,10,Under 3.5,3,1.61,139.0,2026-09-06 17:26,Finalizado,GREEN,BF:WINNER,0.5826,1.262023684,1222344
2026-09-06,2026-09-06 17:00,Batman Petrolspor x Fatih Karagumruk Istanbul,Batman Petrolspor,Fatih Karagumruk Istanbul,10,Under 2.5,2,2.82,172.0,2026-09-06 17:26,Finalizado,RED,BF:LOSER,-1.0000,1.261918125,47972
2026-09-06,2026-09-06 17:00,Batman Petrolspor x Fatih Karagumruk Istanbul,Batman Petrolspor,Fatih Karagumruk Istanbul,10,Under 3.5,3,1.6,1645.0,2026-09-06 17:26,Finalizado,RED,BF:LOSER,-1.0000,1.261918126,1222344
2026-09-06,2026-09-06 17:00,Antalyaspor x Sivasspor,Antalyaspor,Sivasspor,10,Under 2.5,2,3.15,374.0,2026-09-06 17:32,Finalizado,RED,1-2:b365,-1.0,,47972
2026-09-06,2026-09-06 17:00,Antalyaspor x Sivasspor,Antalyaspor,Sivasspor,10,Under 3.5,3,1.69,523.0,2026-09-06 17:32,Finalizado,GREEN,1-2:b365,0.6589,,1222344
2026-09-06,2026-09-06 17:00,Kocaelispor x Samsunspor,Kocaelispor,Samsunspor,20,Under 2.5,2,2.12,2044.0,2026-09-06 17:36,Finalizado,GREEN,BF:WINNER,1.0696,1.261763104,47972
2026-09-06,2026-09-06 17:00,Kocaelispor x Samsunspor,Kocaelispor,Samsunspor,20,Under 3.5,3,1.33,2262.0,2026-09-06 17:36,Finalizado,GREEN,BF:WINNER,0.3152,1.261763105,1222344
2026-09-06,2026-09-06 17:15,Kristiansund x Tromso,Kristiansund,Tromso,10,Under 2.5,2,3.05,544.0,2026-09-06 17:42,Finalizado,GREEN,BF:WINNER,1.9577,1.261797620,47972
2026-09-06,2026-09-06 17:15,Kristiansund x Tromso,Kristiansund,Tromso,10,Under 3.5,3,1.63,2866.0,2026-09-06 17:42,Finalizado,GREEN,BF:WINNER,0.6016,1.261797566,1222344
2026-09-06,2026-09-06 17:00,Karlovac x Hrvace,Karlovac,Hrvace,30,Under 2.5,2,1.71,395.0,2026-09-06 17:52,Finalizado,RED,BF:LOSER,-1.0000,1.262033236,47972
2026-09-06,2026-09-06 17:00,Karlovac x Hrvace,Karlovac,Hrvace,30,Under 3.5,3,1.19,1090.0,2026-09-06 17:52,Finalizado,RED,BF:LOSER,-1.0000,1.262033237,1222344
2026-09-06,2026-09-06 18:00,Agropecuario x Atletico Rafaela,Agropecuario,Atletico Rafaela,10,Under 2.5,2,2.04,963.0,2026-09-06 18:26,Finalizado,GREEN,BF:WINNER,0.9932,1.261328534,47972
2026-09-06,2026-09-06 18:00,Agropecuario x Atletico Rafaela,Agropecuario,Atletico Rafaela,10,Under 3.5,3,1.31,2352.0,2026-09-06 18:26,Finalizado,GREEN,BF:WINNER,0.2961,1.261328538,1222344
2026-09-06,2026-09-06 17:45,OHiggins x Union La Calera,OHiggins,Union La Calera,25,Under 2.5,2,2.18,1383.0,2026-09-06 18:32,Finalizado,RED,2-1:b365,-1.0,,47972
2026-09-06,2026-09-06 17:45,OHiggins x Union La Calera,OHiggins,Union La Calera,25,Under 3.5,3,1.87,568.0,2026-09-06 18:32,Finalizado,GREEN,2-1:b365,0.8309,,1222344
2026-09-06,2026-09-06 18:00,CA San Miguel x Godoy Cruz,CA San Miguel,Godoy Cruz,20,Under 2.5,2,1.12,268.0,2026-09-06 18:36,Finalizado,RED,BF:LOSER,-1.0000,1.261770695,47972
2026-09-06,2026-09-06 18:00,CA San Miguel x Godoy Cruz,CA San Miguel,Godoy Cruz,20,Under 3.5,3,1.13,221.0,2026-09-06 18:36,Finalizado,GREEN,BF:WINNER,0.1241,1.261770641,1222344
2026-09-06,2026-09-06 18:15,Jagiellonia Bialystock x Slask Wroclaw,Jagiellonia Bialystock,Slask Wroclaw,10,Under 2.5,2,3.65,520.0,2026-09-06 18:42,Finalizado,RED,BF:LOSER,-1.0000,1.261762633,47972
2026-09-06,2026-09-06 18:15,Jagiellonia Bialystock x Slask Wroclaw,Jagiellonia Bialystock,Slask Wroclaw,10,Under 3.5,3,1.88,894.0,2026-09-06 18:42,Finalizado,GREEN,BF:WINNER,0.8404,1.261762634,1222344
2026-09-06,2026-09-06 18:15,Lokomotiv Sofia x Ludogorets,Lokomotiv Sofia,Ludogorets,10,Under 2.5,2,3.1,718.0,2026-09-06 18:42,Finalizado,RED,BF:LOSER,-1.0000,1.261450642,47972
2026-09-06,2026-09-06 18:15,Lokomotiv Sofia x Ludogorets,Lokomotiv Sofia,Ludogorets,10,Under 3.5,3,1.75,412.0,2026-09-06 18:42,Finalizado,GREEN,BF:WINNER,0.7162,1.261450588,1222344
2026-09-06,2026-09-06 18:15,Zrinjski x Siroki Brijeg,Zrinjski,Siroki Brijeg,10,Under 2.5,2,3.15,206.0,2026-09-06 18:42,Finalizado,RED,BF:LOSER,-1.0000,1.261989356,47972
2026-09-06,2026-09-06 18:15,Zrinjski x Siroki Brijeg,Zrinjski,Siroki Brijeg,10,Under 3.5,3,1.7,227.0,2026-09-06 18:42,Finalizado,GREEN,BF:WINNER,0.6685,1.261989286,1222344
2026-09-06,2026-09-06 18:30,San Martin De San Juan x FC Midland,San Martin De San Juan,FC Midland,10,Under 2.5,2,2.08,146.0,2026-09-06 18:56,Finalizado,RED,BF:LOSER,-1.0000,1.261328624,47972
2026-09-06,2026-09-06 18:30,San Martin De San Juan x FC Midland,San Martin De San Juan,FC Midland,10,Under 3.5,3,1.32,417.0,2026-09-06 18:56,Finalizado,RED,BF:LOSER,-1.0000,1.261328628,1222344
2026-09-06,2026-09-06 18:30,Almagro BA x Gimnasia Jujuy,Almagro BA,Gimnasia Jujuy,10,Under 2.5,2,2.18,471.0,2026-09-06 18:56,Finalizado,RED,BF:LOSER,-1.0000,1.261327994,47972
2026-09-06,2026-09-06 18:30,Almagro BA x Gimnasia Jujuy,Almagro BA,Gimnasia Jujuy,10,Under 3.5,3,1.37,1697.0,2026-09-06 18:56,Finalizado,GREEN,BF:WINNER,0.3534,1.261327998,1222344
2026-09-06,2026-09-06 18:15,NK Celje x Koper,NK Celje,Koper,25,Under 2.5,2,2.58,510.0,2026-09-06 18:56,Finalizado,GREEN,BF:WINNER,1.5089,1.261805236,47972
2026-09-06,2026-09-06 18:15,NK Celje x Koper,NK Celje,Koper,25,Under 3.5,3,1.51,1371.0,2026-09-06 18:56,Finalizado,GREEN,BF:WINNER,0.4870,1.261805237,1222344
2026-09-06,2026-09-06 18:30,Deportivo Garcilaso x Atletico Grau,Deportivo Garcilaso,Atletico Grau,20,Under 2.5,2,2.54,936.0,2026-09-06 19:06,Finalizado,RED,BF:LOSER,-1.0000,1.261860995,47972
2026-09-06,2026-09-06 18:30,St. Patrick F.C. x Hamrun Spartans FC,St. Patrick F.C.,Hamrun Spartans FC,20,Under 2.5,2,3.0,362.0,2026-09-06 19:06,Finalizado,RED,BF:LOSER,-1.0000,1.262009761,47972
2026-09-06,2026-09-06 18:30,St. Patrick F.C. x Hamrun Spartans FC,St. Patrick F.C.,Hamrun Spartans FC,20,Under 3.5,3,1.64,1483.0,2026-09-06 19:06,Finalizado,GREEN,BF:WINNER,0.6112,1.262009707,1222344
2026-09-06,2026-09-06 18:30,Panathinaikos x Paok,Panathinaikos,Paok,20,Under 2.5,2,2.84,1844.0,2026-09-06 19:06,Finalizado,RED,BF:LOSER,-1.0000,1.261722720,47972
2026-09-06,2026-09-06 18:30,Panathinaikos x Paok,Panathinaikos,Paok,20,Under 3.5,3,1.57,1064.0,2026-09-06 19:06,Finalizado,RED,BF:LOSER,-1.0000,1.261722666,1222344
2026-09-06,2026-09-06 18:30,Deportivo Garcilaso x Atletico Grau,Deportivo Garcilaso,Atletico Grau,25,Under 3.5,3,1.47,377.0,2026-09-06 19:12,Finalizado,RED,BF:LOSER,-1.0000,1.261860996,1222344
2026-09-06,2026-09-06 19:00,Petrolero x Bolivar,Petrolero,Bolivar,10,Under 2.5,2,2.1,527.0,2026-09-06 19:26,Finalizado,RED,BF:LOSER,-1.0000,1.261931255,47972
2026-09-06,2026-09-06 19:00,Petrolero x Bolivar,Petrolero,Bolivar,10,Under 3.5,3,1.43,2224.0,2026-09-06 19:26,Finalizado,RED,BF:LOSER,-1.0000,1.261931256,1222344
2026-09-06,2026-09-06 19:00,Internacional x Santos,Internacional,Santos,10,Under 2.5,2,2.48,229.0,2026-09-06 19:26,Finalizado,RED,BF:LOSER,-1.0000,1.261543316,47972
2026-09-06,2026-09-06 19:00,Internacional x Santos,Internacional,Santos,10,Under 3.5,3,1.5,4797.0,2026-09-06 19:26,Finalizado,RED,BF:LOSER,-1.0000,1.261543262,1222344
2026-09-06,2026-09-06 19:00,Almeria x Cadiz,Almeria,Cadiz,10,Under 3.5,3,2.3,118.0,2026-09-06 19:26,Finalizado,RED,BF:LOSER,-1.0000,1.261786212,1222344
2026-09-06,2026-09-06 19:00,Cruzeiro MG x Athletico-PR,Cruzeiro MG,Athletico-PR,20,Under 2.5,2,2.48,2445.0,2026-09-06 19:36,Finalizado,RED,BF:LOSER,-1.0000,1.261542606,47972
2026-09-06,2026-09-06 19:00,Cruzeiro MG x Athletico-PR,Cruzeiro MG,Athletico-PR,20,Under 3.5,3,1.48,2212.0,2026-09-06 19:36,Finalizado,RED,BF:LOSER,-1.0000,1.261542552,1222344
2026-09-06,2026-09-06 19:00,Libertad x Rubio Nu,Libertad,Rubio Nu,20,Under 2.5,2,2.4,1059.0,2026-09-06 19:36,Finalizado,RED,BF:LOSER,-1.0000,1.262001975,47972
2026-09-06,2026-09-06 19:00,Libertad x Rubio Nu,Libertad,Rubio Nu,20,Under 3.5,3,1.42,440.0,2026-09-06 19:36,Finalizado,RED,BF:LOSER,-1.0000,1.262001976,1222344
2026-09-06,2026-09-06 19:00,Deportivo Madryn x Ciudad de Bolivar,Deportivo Madryn,Ciudad de Bolivar,20,Under 2.5,2,1.82,319.0,2026-09-06 19:36,Finalizado,RED,BF:LOSER,-1.0000,1.261770475,47972
2026-09-06,2026-09-06 19:00,Deportivo Madryn x Ciudad de Bolivar,Deportivo Madryn,Ciudad de Bolivar,20,Under 3.5,3,1.25,514.0,2026-09-06 19:36,Finalizado,RED,BF:LOSER,-1.0000,1.261770421,1222344
2026-09-06,2026-09-06 19:00,CA Temperley x CA Colegiales,CA Temperley,CA Colegiales,30,Under 2.5,2,2.72,222.0,2026-09-06 19:52,Finalizado,RED,BF:LOSER,-1.0000,1.261986605,47972
2026-09-06,2026-09-06 19:00,CA Temperley x CA Colegiales,CA Temperley,CA Colegiales,30,Under 3.5,3,1.31,132.0,2026-09-06 19:52,Finalizado,RED,BF:LOSER,-1.0000,1.261986606,1222344
2026-09-06,2026-09-06 19:30,Gil Vicente x Academico de Viseu,Gil Vicente,Academico de Viseu,10,Under 2.5,2,2.18,247.0,2026-09-06 19:56,Finalizado,GREEN,BF:WINNER,1.1269,1.261808601,47972
2026-09-06,2026-09-06 19:30,Gil Vicente x Academico de Viseu,Gil Vicente,Academico de Viseu,10,Under 3.5,3,1.36,3622.0,2026-09-06 19:56,Finalizado,GREEN,BF:WINNER,0.3438,1.261808603,1222344
2026-09-06,2026-09-06 20:00,Chicago Red Stars (W) x North Carolina (W),Chicago Red Stars (W),North Carolina (W),10,Under 3.5,3,2.22,237.0,2026-09-06 20:26,Finalizado,RED,BF:LOSER,-1.0000,1.262031644,1222344
2026-09-06,2026-09-06 20:00,CA Guemes x Club Gimnasia y Tiro,CA Guemes,Club Gimnasia y Tiro,20,Under 2.5,2,1.89,929.0,2026-09-06 20:36,Finalizado,RED,BF:LOSER,-1.0000,1.261770585,47972
2026-09-06,2026-09-06 20:00,CA Guemes x Club Gimnasia y Tiro,CA Guemes,Club Gimnasia y Tiro,20,Under 3.5,3,1.24,219.0,2026-09-06 20:36,Finalizado,RED,BF:LOSER,-1.0000,1.261770531,1222344
2026-09-06,2026-09-06 20:00,Portland Thorns (W) x Washington Spirit (W),Portland Thorns (W),Washington Spirit (W),20,Under 2.5,2,3.05,202.0,2026-09-06 20:36,Finalizado,RED,BF:LOSER,-1.0000,1.262031425,47972
2026-09-06,2026-09-06 20:00,Portland Thorns (W) x Washington Spirit (W),Portland Thorns (W),Washington Spirit (W),20,Under 3.5,3,1.72,599.0,2026-09-06 20:36,Finalizado,GREEN,BF:WINNER,0.6876,1.262031426,1222344
2026-09-06,2026-09-06 20:00,Juan Pablo II College x Alianza Lima,Juan Pablo II College,Alianza Lima,30,Under 3.5,3,1.35,221.0,2026-09-06 20:46,Finalizado,GREEN,BF:WINNER,0.3343,1.261784439,1222344
2026-09-06,2026-09-06 20:30,Boca Juniors de Cali x Envigado,Boca Juniors de Cali,Envigado,20,Under 2.5,2,2.04,778.0,2026-09-06 21:06,Finalizado,RED,BF:LOSER,-1.0000,1.261937415,47972
2026-09-06,2026-09-06 20:30,Boca Juniors de Cali x Envigado,Boca Juniors de Cali,Envigado,20,Under 3.5,3,1.31,125.0,2026-09-06 21:06,Finalizado,RED,BF:LOSER,-1.0000,1.261937416,1222344
2026-09-06,2026-09-06 21:00,Union Cocle x Tauro FC,Union Cocle,Tauro FC,10,Under 2.5,2,2.14,226.0,2026-09-06 21:32,SemPlacar,,,,,47972
2026-09-06,2026-09-06 21:00,Union Cocle x Tauro FC,Union Cocle,Tauro FC,10,Under 3.5,3,1.38,427.0,2026-09-06 21:32,SemPlacar,,,,,1222344
2026-09-06,2026-09-06 21:00,CD Aguila x Alianza FC (SLV),CD Aguila,Alianza FC (SLV),20,Under 2.5,2,1.25,114.0,2026-09-06 21:36,Finalizado,RED,BF:LOSER,-1.0000,1.262031087,47972
2026-09-06,2026-09-06 21:00,CD Aguila x Alianza FC (SLV),CD Aguila,Alianza FC (SLV),25,Under 3.5,3,1.39,1009.0,2026-09-06 21:42,Finalizado,RED,BF:LOSER,-1.0000,1.262031088,1222344
2026-09-06,2026-09-06 21:30,Deportivo Tachira x Rayo Zuliano,Deportivo Tachira,Rayo Zuliano,10,Under 2.5,2,4.3,1095.0,2026-09-06 21:56,Finalizado,RED,BF:LOSER,-1.0000,1.261944500,47972
2026-09-06,2026-09-06 21:30,Deportivo Tachira x Rayo Zuliano,Deportivo Tachira,Rayo Zuliano,10,Under 3.5,3,2.12,305.0,2026-09-06 21:56,Finalizado,RED,BF:LOSER,-1.0000,1.261944446,1222344
2026-09-06,2026-09-06 21:30,Santa Cruz PE x Botafogo PB,Santa Cruz PE,Botafogo PB,10,Under 2.5,2,2.34,132.0,2026-09-06 21:56,Finalizado,GREEN,BF:WINNER,1.2797,1.261974807,47972
2026-09-06,2026-09-06 21:30,Santa Cruz PE x Botafogo PB,Santa Cruz PE,Botafogo PB,10,Under 3.5,3,1.4,833.0,2026-09-06 21:56,Finalizado,GREEN,BF:WINNER,0.3820,1.261974811,1222344
2026-09-06,2026-09-06 21:30,Sportivo Luqueno x Club Sportivo Ameliano,Sportivo Luqueno,Club Sportivo Ameliano,30,Under 2.5,2,1.8,700.0,2026-09-06 22:16,Finalizado,RED,BF:LOSER,-1.0000,1.262001818,47972
2026-09-06,2026-09-06 21:30,Sportivo Luqueno x Club Sportivo Ameliano,Sportivo Luqueno,Club Sportivo Ameliano,30,Under 3.5,3,1.25,4474.0,2026-09-06 22:16,Finalizado,GREEN,BF:WINNER,0.2387,1.262001819,1222344
2026-09-06,2026-09-06 22:00,Leon x CF America,Leon,CF America,10,Under 2.5,2,2.18,597.0,2026-09-06 22:26,Finalizado,GREEN,BF:WINNER,1.1269,1.262030977,47972
2026-09-06,2026-09-06 22:00,Leon x CF America,Leon,CF America,10,Under 3.5,3,1.48,2243.0,2026-09-06 22:26,Finalizado,GREEN,BF:WINNER,0.4584,1.262030978,1222344
2026-09-06,2026-09-06 22:00,Puntarenas F.C. x Cs Cartagines,Puntarenas F.C.,Cs Cartagines,10,Under 2.5,2,2.82,258.0,2026-09-06 22:26,Finalizado,RED,BF:LOSER,-1.0000,1.261791529,47972
2026-09-06,2026-09-06 22:00,Puntarenas F.C. x Cs Cartagines,Puntarenas F.C.,Cs Cartagines,10,Under 3.5,3,1.59,1458.0,2026-09-06 22:26,Finalizado,RED,BF:LOSER,-1.0000,1.261791537,1222344
2026-09-06,2026-09-06 22:00,Vancouver FC x FC Supra du Quebec,Vancouver FC,FC Supra du Quebec,10,Under 2.5,2,6.0,154.0,2026-09-06 22:32,SemPlacar,,,,,47972
2026-09-06,2026-09-06 22:00,The Strongest x Real Tomayapo,The Strongest,Real Tomayapo,20,Under 2.5,2,3.55,1286.0,2026-09-06 22:36,Finalizado,RED,BF:LOSER,-1.0000,1.261949093,47972
2026-09-06,2026-09-06 22:00,The Strongest x Real Tomayapo,The Strongest,Real Tomayapo,20,Under 3.5,3,1.89,264.0,2026-09-06 22:36,Finalizado,RED,BF:LOSER,-1.0000,1.261949094,1222344
2026-09-06,2026-09-06 22:15,River Plate x Independiente Rivadavia,River Plate,Independiente Rivadavia,25,Under 2.5,2,1.85,703.0,2026-09-06 22:56,Finalizado,RED,BF:LOSER,-1.0000,1.261466146,47972
2026-09-06,2026-09-06 22:15,River Plate x Independiente Rivadavia,River Plate,Independiente Rivadavia,25,Under 3.5,3,1.22,117.0,2026-09-06 22:56,Finalizado,RED,BF:LOSER,-1.0000,1.261466070,1222344
2026-09-06,2026-09-06 22:30,Corinthians x Chapecoense,Corinthians,Chapecoense,10,Under 2.5,2,2.84,690.0,2026-09-06 22:56,Finalizado,RED,BF:LOSER,-1.0000,1.261546203,47972
2026-09-06,2026-09-06 22:30,Corinthians x Chapecoense,Corinthians,Chapecoense,10,Under 3.5,3,1.57,222.0,2026-09-06 22:56,Finalizado,GREEN,BF:WINNER,0.5444,1.261546149,1222344
2026-09-06,2026-09-06 22:30,Palestino x Univ de Concepcion,Palestino,Univ de Concepcion,30,Under 2.5,2,2.3,218.0,2026-09-06 23:22,Finalizado,RED,BF:LOSER,-1.0000,1.261751573,47972
2026-09-06,2026-09-06 22:30,Palestino x Univ de Concepcion,Palestino,Univ de Concepcion,30,Under 3.5,3,1.39,5705.0,2026-09-06 23:22,Finalizado,GREEN,BF:WINNER,0.3724,1.261751519,1222344
2026-09-06,2026-09-06 23:00,Deportivo La Guaira x Academia Anzoategui FC,Deportivo La Guaira,Academia Anzoategui FC,20,Under 2.5,2,2.6,160.0,2026-09-06 23:36,Finalizado,GREEN,BF:WINNER,1.5280,1.262003772,47972
2026-09-06,2026-09-06 23:00,Deportivo La Guaira x Academia Anzoategui FC,Deportivo La Guaira,Academia Anzoategui FC,20,Under 3.5,3,1.5,769.0,2026-09-06 23:36,Finalizado,GREEN,BF:WINNER,0.4775,1.262003718,1222344
2026-09-07,2026-09-06 23:30,Luis Angel Firpo x Santa Tecla,Luis Angel Firpo,Santa Tecla,20,Under 2.5,2,2.62,183.0,2026-09-07 00:06,Finalizado,RED,BF:LOSER,-1.0000,1.262093969,47972
2026-09-07,2026-09-06 23:30,Luis Angel Firpo x Santa Tecla,Luis Angel Firpo,Santa Tecla,20,Under 3.5,3,1.51,734.0,2026-09-07 00:06,Finalizado,GREEN,BF:WINNER,0.4870,1.262093970,1222344
2026-09-07,2026-09-07 00:00,Aucas x Barcelona (Ecu),Aucas,Barcelona (Ecu),10,Under 2.5,2,2.24,403.0,2026-09-07 00:26,Finalizado,GREEN,BF:WINNER,1.1842,1.262005205,47972
2026-09-07,2026-09-07 00:00,Aucas x Barcelona (Ecu),Aucas,Barcelona (Ecu),10,Under 3.5,3,1.38,396.0,2026-09-07 00:26,Finalizado,GREEN,BF:WINNER,0.3629,1.262005206,1222344
2026-09-07,2026-09-07 00:00,Nacional Potosi x Blooming Santa Cruz,Nacional Potosi,Blooming Santa Cruz,30,Under 2.5,2,2.46,149.0,2026-09-07 00:46,Finalizado,RED,BF:LOSER,-1.0000,1.261948875,47972
2026-09-07,2026-09-07 00:00,Nacional Potosi x Blooming Santa Cruz,Nacional Potosi,Blooming Santa Cruz,30,Under 3.5,3,1.44,244.0,2026-09-07 00:46,Finalizado,GREEN,BF:WINNER,0.4202,1.261948876,1222344
2026-09-07,2026-09-07 00:30,Racing Club x Atl Tucuman,Racing Club,Atl Tucuman,10,Under 2.5,2,1.93,164.0,2026-09-07 00:56,Finalizado,RED,BF:LOSER,-1.0000,1.261464114,47972
2026-09-07,2026-09-07 00:30,Racing Club x Atl Tucuman,Racing Club,Atl Tucuman,10,Under 3.5,3,1.38,245.0,2026-09-07 00:56,Finalizado,GREEN,BF:WINNER,0.3629,1.261464060,1222344
2026-09-07,2026-09-07 01:15,Toluca x Monterrey,Toluca,Monterrey,10,Under 3.5,3,2.12,139.0,2026-09-07 01:42,Finalizado,GREEN,BF:WINNER,1.0696,1.262004533,1222344
2026-09-07,2026-09-07 09:00,Ispe FC x Sagaing United FC,Ispe FC,Sagaing United FC,10,Under 2.5,2,3.5,182.0,2026-09-07 09:26,Finalizado,RED,BF:LOSER,-1.0000,1.262086983,47972
2026-09-07,2026-09-07 09:00,Ispe FC x Sagaing United FC,Ispe FC,Sagaing United FC,10,Under 3.5,3,2.26,207.0,2026-09-07 09:26,Finalizado,RED,BF:LOSER,-1.0000,1.262086984,1222344
2026-09-07,2026-09-07 10:00,Kairat Almaty (W) x Tomiris Turan (W),Kairat Almaty (W),Tomiris Turan (W),10,Under 2.5,2,4.8,118.0,2026-09-07 10:26,Finalizado,RED,BF:LOSER,-1.0000,1.262119801,47972
2026-09-07,2026-09-07 11:00,Fardu Ferghana x FC Aral Nukus,Fardu Ferghana,FC Aral Nukus,10,Under 3.5,3,1.49,388.0,2026-09-07 11:26,Finalizado,GREEN,BF:WINNER,0.4679,1.262119857,1222344
2026-09-07,2026-09-07 11:00,Fardu Ferghana x FC Aral Nukus,Fardu Ferghana,FC Aral Nukus,20,Under 2.5,2,2.06,902.0,2026-09-07 11:36,Finalizado,GREEN,BF:WINNER,1.0123,1.262119911,47972
2026-09-07,2026-09-07 13:00,Police FC x Gicumbi,Police FC,Gicumbi,10,Under 2.5,2,1.94,190.0,2026-09-07 13:32,SemPlacar,,,,,47972
2026-09-07,2026-09-07 13:00,Police FC x Gicumbi,Police FC,Gicumbi,10,Under 3.5,3,1.27,110.0,2026-09-07 13:32,SemPlacar,,,,,1222344
2026-09-07,2026-09-07 14:00,Erokspor A.S x Kayserispor,Erokspor A.S,Kayserispor,10,Under 2.5,2,3.1,415.0,2026-09-07 14:26,Finalizado,RED,BF:LOSER,-1.0000,1.261931348,47972
2026-09-07,2026-09-07 14:00,Erokspor A.S x Kayserispor,Erokspor A.S,Kayserispor,10,Under 3.5,3,1.7,775.0,2026-09-07 14:26,Finalizado,GREEN,BF:WINNER,0.6685,1.261931349,1222344
2026-09-07,2026-09-07 14:00,Kallithea x Niki Volou,Kallithea,Niki Volou,10,Under 2.5,2,1.83,359.0,2026-09-07 14:26,Finalizado,RED,BF:LOSER,-1.0000,1.262073079,47972
2026-09-07,2026-09-07 14:00,Kallithea x Niki Volou,Kallithea,Niki Volou,10,Under 3.5,3,1.24,1188.0,2026-09-07 14:26,Finalizado,GREEN,BF:WINNER,0.2292,1.262073080,1222344
2026-09-07,2026-09-07 14:00,Istanbulspor x 76 Igdir Belediyespor,Istanbulspor,76 Igdir Belediyespor,20,Under 2.5,2,2.78,1873.0,2026-09-07 14:36,Finalizado,RED,BF:LOSER,-1.0000,1.261931567,47972
2026-09-07,2026-09-07 14:00,Istanbulspor x 76 Igdir Belediyespor,Istanbulspor,76 Igdir Belediyespor,20,Under 3.5,3,1.49,1664.0,2026-09-07 14:36,Finalizado,GREEN,BF:WINNER,0.4679,1.261931568,1222344
2026-09-07,2026-09-07 14:00,Umm Salal x Al Khor,Umm Salal,Al Khor,20,Under 3.5,3,2.66,214.0,2026-09-07 14:42,Finalizado,RED,BF:LOSER,-1.0000,1.262096196,1222344
2026-09-07,2026-09-07 14:30,FC Voluntari x Arges Pitesti,FC Voluntari,Arges Pitesti,20,Under 2.5,2,2.04,361.0,2026-09-07 15:06,Finalizado,GREEN,BF:WINNER,0.9932,1.261546468,47972
2026-09-07,2026-09-07 14:30,FC Voluntari x Arges Pitesti,FC Voluntari,Arges Pitesti,20,Under 3.5,3,1.31,1338.0,2026-09-07 15:06,Finalizado,GREEN,BF:WINNER,0.2961,1.261546414,1222344
2026-09-07,2026-09-07 14:30,Raslavice x MFK Vranov,Raslavice,MFK Vranov,20,Under 2.5,2,3.9,125.0,2026-09-07 15:06,Finalizado,RED,BF:LOSER,-1.0000,1.262095981,47972
2026-09-07,2026-09-07 14:30,Raslavice x MFK Vranov,Raslavice,MFK Vranov,20,Under 3.5,3,1.92,788.0,2026-09-07 15:06,Finalizado,GREEN,BF:WINNER,0.8786,1.262095982,1222344
2026-09-07,2026-09-07 15:00,Asteras Tripolis x Iraklis,Asteras Tripolis,Iraklis,10,Under 3.5,3,1.41,1098.0,2026-09-07 15:26,Finalizado,GREEN,BF:WINNER,0.3915,1.261767617,1222344
2026-09-07,2026-09-07 15:00,Riga FC (Res) x Skanstes SK,Riga FC (Res),Skanstes SK,10,Under 3.5,3,2.3,2657.0,2026-09-07 15:26,Finalizado,RED,BF:LOSER,-1.0000,1.262080193,1222344
2026-09-07,2026-09-07 15:00,Asteras Tripolis x Iraklis,Asteras Tripolis,Iraklis,20,Under 2.5,2,2.14,1662.0,2026-09-07 15:36,Finalizado,GREEN,BF:WINNER,1.0887,1.261767671,47972
2026-09-07,2026-09-07 15:00,MSK Zilina II x Slovan Bratislava II,MSK Zilina II,Slovan Bratislava II,20,Under 2.5,2,2.8,864.0,2026-09-07 15:36,Finalizado,GREEN,BF:WINNER,1.7190,1.262078331,47972
2026-09-07,2026-09-07 15:00,MSK Zilina II x Slovan Bratislava II,MSK Zilina II,Slovan Bratislava II,20,Under 3.5,3,1.56,568.0,2026-09-07 15:36,Finalizado,GREEN,BF:WINNER,0.5348,1.262078332,1222344
2026-09-07,2026-09-07 15:00,Riga FC (Res) x Skanstes SK,Riga FC (Res),Skanstes SK,20,Under 2.5,2,3.0,115.0,2026-09-07 15:36,Finalizado,RED,BF:LOSER,-1.0000,1.262080247,47972
2026-09-07,2026-09-07 15:30,Al-Adalh x Al-Saqer FC,Al-Adalh,Al-Saqer FC,10,Under 2.5,2,2.4,1172.0,2026-09-07 15:56,Finalizado,GREEN,BF:WINNER,1.3370,1.262092150,47972
2026-09-07,2026-09-07 15:30,Al-Adalh x Al-Saqer FC,Al-Adalh,Al-Saqer FC,10,Under 3.5,3,1.44,990.0,2026-09-07 15:56,Finalizado,GREEN,BF:WINNER,0.4202,1.262092154,1222344
2026-09-07,2026-09-07 16:00,FK Riga x BFC Daugavpils,FK Riga,BFC Daugavpils,10,Under 2.5,2,2.18,223.0,2026-09-07 16:26,Finalizado,GREEN,BF:WINNER,1.1269,1.261938745,47972
2026-09-07,2026-09-07 16:00,FK Riga x BFC Daugavpils,FK Riga,BFC Daugavpils,10,Under 3.5,3,1.44,2365.0,2026-09-07 16:26,Finalizado,GREEN,BF:WINNER,0.4202,1.261938746,1222344
2026-09-07,2026-09-07 16:00,1. FC Union Berlin (W) x Eintracht Frankfurt (W),1. FC Union Berlin (W),Eintracht Frankfurt (W),10,Under 2.5,2,2.04,134.0,2026-09-07 16:26,Finalizado,GREEN,BF:WINNER,0.9932,1.262079399,47972
2026-09-07,2026-09-07 16:00,1. FC Union Berlin (W) x Eintracht Frankfurt (W),1. FC Union Berlin (W),Eintracht Frankfurt (W),10,Under 3.5,3,1.38,789.0,2026-09-07 16:26,Finalizado,GREEN,BF:WINNER,0.3629,1.262079400,1222344
2026-09-07,2026-09-07 16:00,Pirin Blagoevgrad x Ludogorets Razgrad B,Pirin Blagoevgrad,Ludogorets Razgrad B,10,Under 2.5,2,3.15,337.0,2026-09-07 16:26,Finalizado,RED,BF:LOSER,-1.0000,1.262016346,47972
2026-09-07,2026-09-07 16:00,Pirin Blagoevgrad x Ludogorets Razgrad B,Pirin Blagoevgrad,Ludogorets Razgrad B,10,Under 3.5,3,1.7,640.0,2026-09-07 16:26,Finalizado,GREEN,BF:WINNER,0.6685,1.262016350,1222344
2026-09-07,2026-09-07 16:00,Vozdovac x FK Backa Topola,Vozdovac,FK Backa Topola,10,Under 2.5,2,2.52,286.0,2026-09-07 16:26,Finalizado,RED,BF:LOSER,-1.0000,1.262063523,47972
2026-09-07,2026-09-07 16:00,Vozdovac x FK Backa Topola,Vozdovac,FK Backa Topola,10,Under 3.5,3,1.47,746.0,2026-09-07 16:26,Finalizado,RED,BF:LOSER,-1.0000,1.262063527,1222344
2026-09-07,2026-09-07 16:00,Pirata FC x Carlos Mannucci,Pirata FC,Carlos Mannucci,10,Under 3.5,3,1.52,299.0,2026-09-07 16:26,Finalizado,RED,BF:LOSER,-1.0000,1.262094768,1222344
2026-09-07,2026-09-07 16:00,Azam FC x Namungo FC,Azam FC,Namungo FC,20,Under 2.5,2,2.3,117.0,2026-09-07 16:36,Finalizado,GREEN,BF:WINNER,1.2415,1.262110855,47972
2026-09-07,2026-09-07 16:00,Azam FC x Namungo FC,Azam FC,Namungo FC,30,Under 3.5,3,1.23,1905.0,2026-09-07 16:46,Finalizado,GREEN,BF:WINNER,0.2196,1.262110859,1222344
2026-09-07,2026-09-07 16:30,Cagliari x Lecce,Cagliari,Lecce,20,Under 2.5,2,2.02,27704.0,2026-09-07 17:06,Finalizado,GREEN,BF:WINNER,0.9741,1.261503737,47972
2026-09-07,2026-09-07 16:30,Cagliari x Lecce,Cagliari,Lecce,20,Under 3.5,3,1.31,7505.0,2026-09-07 17:06,Finalizado,GREEN,BF:WINNER,0.2961,1.261503801,1222344
2026-09-07,2026-09-07 16:45,Maccabi Netanya x Hapoel Haifa,Maccabi Netanya,Hapoel Haifa,15,Under 2.5,2,2.74,844.0,2026-09-07 17:16,Finalizado,GREEN,BF:WINNER,1.6617,1.261852866,47972
2026-09-07,2026-09-07 16:45,Maccabi Netanya x Hapoel Haifa,Maccabi Netanya,Hapoel Haifa,20,Under 3.5,3,1.49,1216.0,2026-09-07 17:22,Finalizado,GREEN,BF:WINNER,0.4679,1.261852867,1222344
2026-09-07,2026-09-07 17:00,Ruch Chorzow x Unia Skierniewice,Ruch Chorzow,Unia Skierniewice,10,Under 2.5,2,3.25,514.0,2026-09-07 17:26,Finalizado,RED,BF:LOSER,-1.0000,1.261828640,47972
2026-09-07,2026-09-07 17:00,Ruch Chorzow x Unia Skierniewice,Ruch Chorzow,Unia Skierniewice,10,Under 3.5,3,1.7,1372.0,2026-09-07 17:26,Finalizado,RED,BF:LOSER,-1.0000,1.261828641,1222344
2026-09-07,2026-09-07 17:00,Petrojet x Al-Masry,Petrojet,Al-Masry,10,Under 2.5,2,2.66,2998.0,2026-09-07 17:26,Finalizado,RED,BF:LOSER,-1.0000,1.261832941,47972
2026-09-07,2026-09-07 17:00,Petrojet x Al-Masry,Petrojet,Al-Masry,10,Under 3.5,3,1.55,1959.0,2026-09-07 17:26,Finalizado,GREEN,BF:WINNER,0.5252,1.261832887,1222344
2026-09-07,2026-09-07 17:00,Aris FC Limassol x Omonia,Aris FC Limassol,Omonia,10,Under 2.5,2,3.05,265.0,2026-09-07 17:26,Finalizado,RED,BF:LOSER,-1.0000,1.261852667,47972
2026-09-07,2026-09-07 17:00,Aris FC Limassol x Omonia,Aris FC Limassol,Omonia,10,Under 3.5,3,1.69,956.0,2026-09-07 17:26,Finalizado,RED,BF:LOSER,-1.0000,1.261852613,1222344
2026-09-07,2026-09-07 17:00,National Bank x Ghazl El Mahallah,National Bank,Ghazl El Mahallah,10,Under 2.5,2,2.44,4006.0,2026-09-07 17:26,Finalizado,RED,BF:LOSER,-1.0000,1.261872427,47972
2026-09-07,2026-09-07 17:00,National Bank x Ghazl El Mahallah,National Bank,Ghazl El Mahallah,10,Under 3.5,3,1.44,10424.0,2026-09-07 17:26,Finalizado,RED,BF:LOSER,-1.0000,1.261872373,1222344
2026-09-07,2026-09-07 17:00,Manisa FK x Bursaspor,Manisa FK,Bursaspor,10,Under 2.5,2,3.25,512.0,2026-09-07 17:32,Finalizado,RED,1-2:b365,-1.0,,47972
2026-09-07,2026-09-07 17:00,Manisa FK x Bursaspor,Manisa FK,Bursaspor,10,Under 3.5,3,1.72,395.0,2026-09-07 17:32,Finalizado,GREEN,1-2:b365,0.6876,,1222344
2026-09-07,2026-09-07 17:00,Getafe x Celta Vigo,Getafe,Celta Vigo,20,Under 2.5,2,1.63,1032.0,2026-09-07 17:36,Finalizado,GREEN,BF:WINNER,0.6016,1.261708117,47972
2026-09-07,2026-09-07 17:00,Getafe x Celta Vigo,Getafe,Celta Vigo,20,Under 3.5,3,1.18,39856.0,2026-09-07 17:36,Finalizado,GREEN,BF:WINNER,0.1719,1.261708130,1222344
2026-09-07,2026-09-07 17:00,Vardar Skopje x KF Arsimi 1973,Vardar Skopje,KF Arsimi 1973,20,Under 2.5,2,3.05,183.0,2026-09-07 17:36,Finalizado,GREEN,BF:WINNER,1.9577,1.262100331,47972
2026-09-07,2026-09-07 17:00,Vardar Skopje x KF Arsimi 1973,Vardar Skopje,KF Arsimi 1973,20,Under 3.5,3,1.65,113.0,2026-09-07 17:36,Finalizado,GREEN,BF:WINNER,0.6207,1.262100332,1222344
2026-09-07,2026-09-07 17:20,Al-Akhdoud x Al Najma Club,Al-Akhdoud,Al Najma Club,10,Under 3.5,3,1.18,127.0,2026-09-07 17:46,Finalizado,RED,BF:LOSER,-1.0000,1.262092334,1222344
2026-09-07,2026-09-07 17:20,Al-Akhdoud x Al Najma Club,Al-Akhdoud,Al Najma Club,15,Under 2.5,2,2.72,558.0,2026-09-07 17:52,Finalizado,RED,BF:LOSER,-1.0000,1.262092330,47972
2026-09-07,2026-09-07 17:30,Hapoel Be'er Sheva x Maccabi Tel Aviv,Hapoel Be'er Sheva,Maccabi Tel Aviv,20,Under 2.5,2,3.6,564.0,2026-09-07 18:06,Finalizado,RED,BF:LOSER,-1.0000,1.261870068,47972
2026-09-07,2026-09-07 17:30,Hapoel Be'er Sheva x Maccabi Tel Aviv,Hapoel Be'er Sheva,Maccabi Tel Aviv,20,Under 3.5,3,1.85,106.0,2026-09-07 18:06,Finalizado,RED,BF:LOSER,-1.0000,1.261870012,1222344
2026-09-07,2026-09-07 17:30,Fehervar x Diosgyori,Fehervar,Diosgyori,20,Under 2.5,2,2.12,261.0,2026-09-07 18:06,Finalizado,RED,BF:LOSER,-1.0000,1.262080052,47972
2026-09-07,2026-09-07 17:30,Fehervar x Diosgyori,Fehervar,Diosgyori,20,Under 3.5,3,1.34,1065.0,2026-09-07 18:06,Finalizado,GREEN,BF:WINNER,0.3247,1.262080053,1222344
2026-09-07,2026-09-07 18:00,Jong PSV Eindhoven x Den Bosch,Jong PSV Eindhoven,Den Bosch,10,Under 2.5,2,2.22,1796.0,2026-09-07 18:26,Finalizado,RED,BF:LOSER,-1.0000,1.261809561,47972
2026-09-07,2026-09-07 18:00,Jong PSV Eindhoven x Den Bosch,Jong PSV Eindhoven,Den Bosch,10,Under 3.5,3,1.45,943.0,2026-09-07 18:26,Finalizado,RED,BF:LOSER,-1.0000,1.261809562,1222344
2026-09-07,2026-09-07 18:00,Albion FC x Progreso,Albion FC,Progreso,10,Under 3.5,3,1.57,1948.0,2026-09-07 18:32,Finalizado,GREEN,0-1:b365,0.5444,,1222344
2026-09-07,2026-09-07 18:00,Albion FC x Progreso,Albion FC,Progreso,20,Under 2.5,2,2.36,1357.0,2026-09-07 18:36,Finalizado,GREEN,BF:WINNER,1.2988,1.261982613,47972
2026-09-07,2026-09-07 18:00,Al-Hilal x NEOM Sports Club,Al-Hilal,NEOM Sports Club,20,Under 2.5,2,3.35,896.0,2026-09-07 18:36,Finalizado,GREEN,BF:WINNER,2.2443,1.262008545,47972
2026-09-07,2026-09-07 18:00,Al-Hilal x NEOM Sports Club,Al-Hilal,NEOM Sports Club,20,Under 3.5,3,1.77,521.0,2026-09-07 18:36,Finalizado,GREEN,BF:WINNER,0.7353,1.262008491,1222344
2026-09-07,2026-09-07 18:00,OFK Beograd x FK IMT Novi Beograd,OFK Beograd,FK IMT Novi Beograd,30,Under 2.5,2,1.75,892.0,2026-09-07 18:46,Finalizado,GREEN,BF:WINNER,0.7162,1.261810064,47972
2026-09-07,2026-09-07 18:00,OFK Beograd x FK IMT Novi Beograd,OFK Beograd,FK IMT Novi Beograd,30,Under 3.5,3,1.21,3905.0,2026-09-07 18:46,Finalizado,GREEN,BF:WINNER,0.2005,1.261810010,1222344
2026-09-07,2026-09-07 18:30,Palermo x Sampdoria,Palermo,Sampdoria,10,Under 2.5,2,2.66,110.0,2026-09-07 18:56,Finalizado,RED,BF:LOSER,-1.0000,1.261823924,47972
2026-09-07,2026-09-07 18:30,Palermo x Sampdoria,Palermo,Sampdoria,10,Under 3.5,3,1.55,556.0,2026-09-07 18:56,Finalizado,RED,BF:LOSER,-1.0000,1.261823925,1222344
2026-09-07,2026-09-07 19:00,Bromley x AFC Wimbledon,Bromley,AFC Wimbledon,10,Under 2.5,2,2.26,654.0,2026-09-07 19:26,Finalizado,GREEN,BF:WINNER,1.2033,1.261715720,47972
2026-09-07,2026-09-07 19:00,Bromley x AFC Wimbledon,Bromley,AFC Wimbledon,10,Under 3.5,3,1.4,541.0,2026-09-07 19:26,Finalizado,GREEN,BF:WINNER,0.3820,1.261715666,1222344
2026-09-07,2026-09-07 19:00,Guarani (Par) x Deportivo Recoleta,Guarani (Par),Deportivo Recoleta,10,Under 2.5,2,2.66,1818.0,2026-09-07 19:32,SemPlacar,,,,,47972
2026-09-07,2026-09-07 19:00,Guarani (Par) x Deportivo Recoleta,Guarani (Par),Deportivo Recoleta,10,Under 3.5,3,1.49,1953.0,2026-09-07 19:32,SemPlacar,,,,,1222344
2026-09-07,2026-09-07 19:30,Elche x Real Sociedad,Elche,Real Sociedad,10,Under 3.5,3,1.67,486.0,2026-09-07 19:56,Finalizado,RED,BF:LOSER,-1.0000,1.261707979,1222344
2026-09-07,2026-09-07 20:00,Nueva Chicago x Quilmes,Nueva Chicago,Quilmes,10,Under 2.5,2,2.12,1413.0,2026-09-07 20:26,Finalizado,GREEN,BF:WINNER,1.0696,1.261328084,47972
2026-09-07,2026-09-07 20:00,Nueva Chicago x Quilmes,Nueva Chicago,Quilmes,10,Under 3.5,3,1.34,793.0,2026-09-07 20:26,Finalizado,GREEN,BF:WINNER,0.3247,1.261328088,1222344
2026-09-07,2026-09-07 20:30,Ad Carmelita x Pitbulls,Ad Carmelita,Pitbulls,10,Under 2.5,2,2.82,130.0,2026-09-07 20:56,Finalizado,RED,BF:LOSER,-1.0000,1.262093924,47972
2026-09-07,2026-09-07 20:30,Ad Carmelita x Pitbulls,Ad Carmelita,Pitbulls,10,Under 3.5,3,1.6,1163.0,2026-09-07 20:56,Finalizado,GREEN,BF:WINNER,0.5730,1.262093928,1222344
2026-09-07,2026-09-07 21:00,Paysandu x Brusque FC,Paysandu,Brusque FC,10,Under 2.5,2,3.0,227.0,2026-09-07 21:26,Finalizado,RED,BF:LOSER,-1.0000,1.261978364,47972
2026-09-07,2026-09-07 21:00,Paysandu x Brusque FC,Paysandu,Brusque FC,10,Under 3.5,3,1.65,260.0,2026-09-07 21:26,Finalizado,GREEN,BF:WINNER,0.6207,1.261978368,1222344
2026-09-07,2026-09-07 22:00,Carabobo FC x Estudiantes de Merida,Carabobo FC,Estudiantes de Merida,20,Under 3.5,3,1.43,100.0,2026-09-07 22:36,Finalizado,GREEN,BF:WINNER,0.4106,1.262003498,1222344
2026-09-07,2026-09-07 22:00,Carabobo FC x Estudiantes de Merida,Carabobo FC,Estudiantes de Merida,25,Under 2.5,2,2.16,399.0,2026-09-07 22:42,Finalizado,GREEN,BF:WINNER,1.1078,1.262003552,47972
2026-09-07,2026-09-07 23:00,Deportes Limache x Cobresal,Deportes Limache,Cobresal,10,Under 2.5,2,2.3,123.0,2026-09-07 23:26,Finalizado,RED,BF:LOSER,-1.0000,1.261849639,47972
2026-09-07,2026-09-07 23:00,Deportes Limache x Cobresal,Deportes Limache,Cobresal,10,Under 3.5,3,1.6,1930.0,2026-09-07 23:26,Finalizado,GREEN,BF:WINNER,0.5730,1.261849583,1222344
2026-09-07,2026-09-07 23:00,Llaneros FC x Deportes Tolima,Llaneros FC,Deportes Tolima,10,Under 2.5,2,3.6,286.0,2026-09-07 23:32,Finalizado,RED,1-2:b365,-1.0,,47972
2026-09-07,2026-09-07 23:00,Llaneros FC x Deportes Tolima,Llaneros FC,Deportes Tolima,10,Under 3.5,3,1.93,154.0,2026-09-07 23:32,Finalizado,GREEN,1-2:b365,0.8881,,1222344
2026-09-07,2026-09-07 23:00,Excursionistas x CA Ituzaingo,Excursionistas,CA Ituzaingo,20,Under 2.5,2,2.48,354.0,2026-09-07 23:36,Finalizado,RED,BF:LOSER,-1.0000,1.262161995,47972
2026-09-07,2026-09-07 23:00,Excursionistas x CA Ituzaingo,Excursionistas,CA Ituzaingo,20,Under 3.5,3,1.48,776.0,2026-09-07 23:36,Finalizado,GREEN,BF:WINNER,0.4584,1.262161996,1222344
2026-09-08,2026-09-08 00:00,Orense Sporting Club x Guayaquil City,Orense Sporting Club,Guayaquil City,10,Under 2.5,2,2.46,120.0,2026-09-08 00:26,Finalizado,RED,BF:LOSER,-1.0000,1.262005861,47972
2026-09-08,2026-09-08 00:00,Orense Sporting Club x Guayaquil City,Orense Sporting Club,Guayaquil City,10,Under 3.5,3,1.46,1209.0,2026-09-08 00:26,Finalizado,RED,BF:LOSER,-1.0000,1.262005862,1222344
2026-09-08,2026-09-08 00:15,Union Santa Fe x Instituto,Union Santa Fe,Instituto,10,Under 3.5,3,1.34,8941.0,2026-09-08 00:42,Finalizado,RED,BF:LOSER,-1.0000,1.261463732,1222344
2026-09-08,2026-09-08 00:15,Union Santa Fe x Instituto,Union Santa Fe,Instituto,10,Under 2.5,2,4.8,2135.0,2026-09-08 00:46,Finalizado,RED,BF:LOSER,-1.0000,1.261463786,47972
2026-09-08,2026-09-08 01:15,Atletico Nacional Medellin x Deportivo Cali,Atletico Nacional Medellin,Deportivo Cali,10,Under 2.5,2,3.2,2850.0,2026-09-08 01:42,Finalizado,RED,BF:LOSER,-1.0000,1.261871310,47972
2026-09-08,2026-09-08 01:15,Atletico Nacional Medellin x Deportivo Cali,Atletico Nacional Medellin,Deportivo Cali,10,Under 3.5,3,1.7,3650.0,2026-09-08 01:42,Finalizado,GREEN,BF:WINNER,0.6685,1.261871311,1222344
2026-09-08,2026-09-08 08:45,Negeri Sembilan x Kelantan WTS,Negeri Sembilan,Kelantan WTS,15,Under 2.5,2,4.0,295.0,2026-09-08 09:16,Finalizado,RED,BF:LOSER,-1.0000,1.262185660,47972
2026-09-08,2026-09-08 08:45,Negeri Sembilan x Kelantan WTS,Negeri Sembilan,Kelantan WTS,15,Under 3.5,3,1.98,678.0,2026-09-08 09:16,Finalizado,RED,BF:LOSER,-1.0000,1.262185661,1222344
2026-09-08,2026-09-08 08:50,Mizoram Police x MLS FC,Mizoram Police,MLS FC,30,Under 2.5,2,2.48,940.0,2026-09-08 09:36,Finalizado,RED,BF:LOSER,-1.0000,1.262172386,47972
2026-09-08,2026-09-08 08:50,Mizoram Police x MLS FC,Mizoram Police,MLS FC,30,Under 3.5,3,1.54,543.0,2026-09-08 09:36,Finalizado,GREEN,BF:WINNER,0.5157,1.262172387,1222344
2026-09-08,2026-09-08 09:30,Yangon United x Ezra FC,Yangon United,Ezra FC,10,Under 2.5,2,2.48,267.0,2026-09-08 09:56,Finalizado,RED,BF:LOSER,-1.0000,1.262185275,47972
2026-09-08,2026-09-08 09:30,Yangon United x Ezra FC,Yangon United,Ezra FC,10,Under 3.5,3,1.54,4126.0,2026-09-08 09:56,Finalizado,GREEN,BF:WINNER,0.5157,1.262185279,1222344
2026-09-08,2026-09-08 10:00,UD San Fernando x Orihuela CF,UD San Fernando,Orihuela CF,30,Under 2.5,2,1.91,304.0,2026-09-08 10:46,Finalizado,RED,BF:LOSER,-1.0000,1.262176475,47972
2026-09-08,2026-09-08 10:00,UD San Fernando x Orihuela CF,UD San Fernando,Orihuela CF,30,Under 3.5,3,1.24,1187.0,2026-09-08 10:46,Finalizado,RED,BF:LOSER,-1.0000,1.262176418,1222344
2026-09-08,2026-09-08 10:30,Incheon Utd x Bucheon FC 1995,Incheon Utd,Bucheon FC 1995,20,Under 2.5,2,1.87,144.0,2026-09-08 11:06,Finalizado,RED,BF:LOSER,-1.0000,1.262020304,47972
2026-09-08,2026-09-08 10:30,Incheon Utd x Bucheon FC 1995,Incheon Utd,Bucheon FC 1995,20,Under 3.5,3,1.2,1150.0,2026-09-08 11:06,Finalizado,GREEN,BF:WINNER,0.1910,1.262020250,1222344
2026-09-08,2026-09-08 13:00,Imigresen FC x Kedah FA,Imigresen FC,Kedah FA,10,Under 2.5,2,3.9,314.0,2026-09-08 13:26,Finalizado,GREEN,BF:WINNER,2.7695,1.262186670,47972
2026-09-08,2026-09-08 13:00,Imigresen FC x Kedah FA,Imigresen FC,Kedah FA,10,Under 3.5,3,2.0,171.0,2026-09-08 13:26,Finalizado,GREEN,BF:WINNER,0.9550,1.262186671,1222344
2026-09-08,2026-09-08 13:00,Bul FC x Ntugasaze FC,Bul FC,Ntugasaze FC,10,Under 2.5,2,3.5,367.0,2026-09-08 13:26,Finalizado,RED,BF:LOSER,-1.0000,1.262186780,47972
2026-09-08,2026-09-08 13:00,Bul FC x Ntugasaze FC,Bul FC,Ntugasaze FC,10,Under 3.5,3,1.81,768.0,2026-09-08 13:26,Finalizado,RED,BF:LOSER,-1.0000,1.262186781,1222344
2026-09-08,2026-09-08 13:00,Maroons FC x Bukedea TC,Maroons FC,Bukedea TC,30,Under 2.5,2,1.4,1800.0,2026-09-08 13:52,Finalizado,RED,BF:LOSER,-1.0000,1.262187000,47972
2026-09-08,2026-09-08 13:00,Maroons FC x Bukedea TC,Maroons FC,Bukedea TC,30,Under 3.5,3,1.1,698.0,2026-09-08 13:52,Finalizado,GREEN,BF:WINNER,0.0955,1.262187001,1222344
2026-09-08,2026-09-08 14:00,MSK Novohrad Lucenec x KFC Komarno,MSK Novohrad Lucenec,KFC Komarno,10,Under 2.5,2,2.78,206.0,2026-09-08 14:26,Finalizado,GREEN,BF:WINNER,1.6999,1.262167043,47972
2026-09-08,2026-09-08 14:00,MSK Novohrad Lucenec x KFC Komarno,MSK Novohrad Lucenec,KFC Komarno,10,Under 3.5,3,1.74,241.0,2026-09-08 14:26,Finalizado,GREEN,BF:WINNER,0.7067,1.262167044,1222344
2026-09-08,2026-09-08 14:00,Drenica Skenderaj x Prishtina,Drenica Skenderaj,Prishtina,10,Under 2.5,2,2.42,278.0,2026-09-08 14:26,Finalizado,RED,BF:LOSER,-1.0000,1.262159401,47972
2026-09-08,2026-09-08 14:00,Drenica Skenderaj x Prishtina,Drenica Skenderaj,Prishtina,10,Under 3.5,3,1.49,367.0,2026-09-08 14:26,Finalizado,RED,BF:LOSER,-1.0000,1.262159338,1222344
2026-09-08,2026-09-08 14:30,FK Raca Bratislava x Samorin,FK Raca Bratislava,Samorin,10,Under 2.5,2,2.2,170.0,2026-09-08 14:56,Finalizado,RED,BF:LOSER,-1.0000,1.262159086,47972
2026-09-08,2026-09-08 14:30,FK Raca Bratislava x Samorin,FK Raca Bratislava,Samorin,10,Under 3.5,3,1.48,149.0,2026-09-08 14:56,Finalizado,GREEN,BF:WINNER,0.4584,1.262159032,1222344
2026-09-08,2026-09-08 14:30,MFK Spartak Medzev x Zemplin,MFK Spartak Medzev,Zemplin,10,Under 2.5,2,2.02,1424.0,2026-09-08 14:56,Finalizado,GREEN,BF:WINNER,0.9741,1.262159760,47972
2026-09-08,2026-09-08 14:30,MFK Spartak Medzev x Zemplin,MFK Spartak Medzev,Zemplin,10,Under 3.5,3,1.42,555.0,2026-09-08 14:56,Finalizado,GREEN,BF:WINNER,0.4011,1.262159761,1222344
2026-09-08,2026-09-08 14:30,FK Spisska Nova Ves x Podbrezova,FK Spisska Nova Ves,Podbrezova,10,Under 2.5,2,2.08,932.0,2026-09-08 14:56,Finalizado,RED,BF:LOSER,-1.0000,1.262171283,47972
2026-09-08,2026-09-08 14:30,FK Spisska Nova Ves x Podbrezova,FK Spisska Nova Ves,Podbrezova,10,Under 3.5,3,1.38,376.0,2026-09-08 14:56,Finalizado,GREEN,BF:WINNER,0.3629,1.262171284,1222344
2026-09-08,2026-09-08 14:30,Trans Narva x Tallinna FC Flora,Trans Narva,Tallinna FC Flora,10,Under 2.5,2,3.35,171.0,2026-09-08 14:56,Finalizado,RED,BF:LOSER,-1.0000,1.262062502,47972
2026-09-08,2026-09-08 14:30,Trans Narva x Tallinna FC Flora,Trans Narva,Tallinna FC Flora,10,Under 3.5,3,1.87,200.0,2026-09-08 14:56,Finalizado,RED,BF:LOSER,-1.0000,1.262062503,1222344
2026-09-08,2026-09-08 15:00,VPS x AC Oulu,VPS,AC Oulu,10,Under 2.5,2,2.5,1128.0,2026-09-08 15:26,Finalizado,GREEN,BF:WINNER,1.4325,1.261943826,47972
2026-09-08,2026-09-08 15:00,VPS x AC Oulu,VPS,AC Oulu,10,Under 3.5,3,1.5,5349.0,2026-09-08 15:26,Finalizado,GREEN,BF:WINNER,0.4775,1.261943772,1222344
2026-09-08,2026-09-08 15:00,Lahti x IFK Mariehamn,Lahti,IFK Mariehamn,30,Under 2.5,2,2.02,2094.0,2026-09-08 15:52,Finalizado,RED,BF:LOSER,-1.0000,1.261943606,47972
2026-09-08,2026-09-08 15:00,Lahti x IFK Mariehamn,Lahti,IFK Mariehamn,30,Under 3.5,3,1.32,1614.0,2026-09-08 15:52,Finalizado,GREEN,BF:WINNER,0.3056,1.261943552,1222344
2026-09-08,2026-09-08 15:55,Al-Hazm (KSA) x Al-Taawoun Buraidah,Al-Hazm (KSA),Al-Taawoun Buraidah,10,Under 2.5,2,3.1,1041.0,2026-09-08 16:22,Finalizado,GREEN,BF:WINNER,2.0055,1.262036351,47972
2026-09-08,2026-09-08 15:55,Al-Hazm (KSA) x Al-Taawoun Buraidah,Al-Hazm (KSA),Al-Taawoun Buraidah,10,Under 3.5,3,1.63,2081.0,2026-09-08 16:22,Finalizado,GREEN,BF:WINNER,0.6016,1.262036282,1222344
2026-09-08,2026-09-08 15:30,MNK Izola x Tabor Sezana,MNK Izola,Tabor Sezana,30,Under 2.5,2,2.0,1683.0,2026-09-08 16:22,Finalizado,RED,BF:LOSER,-1.0000,1.262179034,47972
2026-09-08,2026-09-08 15:30,MNK Izola x Tabor Sezana,MNK Izola,Tabor Sezana,30,Under 3.5,3,1.3,548.0,2026-09-08 16:22,Finalizado,GREEN,BF:WINNER,0.2865,1.262179035,1222344
2026-09-08,2026-09-08 16:00,Montana x Vihren Sandanski,Montana,Vihren Sandanski,10,Under 2.5,2,1.88,569.0,2026-09-08 16:26,Finalizado,RED,BF:LOSER,-1.0000,1.262160114,47972
2026-09-08,2026-09-08 16:00,Montana x Vihren Sandanski,Montana,Vihren Sandanski,10,Under 3.5,3,1.32,204.0,2026-09-08 16:26,Finalizado,RED,BF:LOSER,-1.0000,1.262160115,1222344
2026-09-08,2026-09-08 16:00,Gnistan x KuPS,Gnistan,KuPS,30,Under 2.5,2,2.16,416.0,2026-09-08 16:52,Finalizado,GREEN,BF:WINNER,1.1078,1.261943716,47972
2026-09-08,2026-09-08 16:00,Gnistan x KuPS,Gnistan,KuPS,30,Under 3.5,3,1.35,498.0,2026-09-08 16:52,Finalizado,GREEN,BF:WINNER,0.3343,1.261943662,1222344
2026-09-08,2026-09-08 16:45,AEK Athens x Lask Linz,AEK Athens,Lask Linz,10,Under 2.5,2,3.5,2213.0,2026-09-08 17:12,Finalizado,GREEN,BF:WINNER,2.3875,1.261697914,47972
2026-09-08,2026-09-08 16:45,AEK Athens x Lask Linz,AEK Athens,Lask Linz,10,Under 3.5,3,1.83,124.0,2026-09-08 17:12,Finalizado,GREEN,BF:WINNER,0.7927,1.261697927,1222344
2026-09-08,2026-09-08 16:45,NEC Nijmegen x Excelsior,NEC Nijmegen,Excelsior,20,Under 2.5,2,3.4,622.0,2026-09-08 17:22,Finalizado,RED,BF:LOSER,-1.0000,1.261872565,47972
2026-09-08,2026-09-08 16:45,NEC Nijmegen x Excelsior,NEC Nijmegen,Excelsior,20,Under 3.5,3,1.8,2895.0,2026-09-08 17:22,Finalizado,RED,BF:LOSER,-1.0000,1.261872511,1222344
2026-09-08,2026-09-08 17:00,Zamalek x Abo Qair Semads,Zamalek,Abo Qair Semads,10,Under 2.5,2,2.34,849.0,2026-09-08 17:26,Finalizado,GREEN,BF:WINNER,1.2797,1.262123359,47972
2026-09-08,2026-09-08 17:00,Zamalek x Abo Qair Semads,Zamalek,Abo Qair Semads,10,Under 3.5,3,1.4,2719.0,2026-09-08 17:26,Finalizado,GREEN,BF:WINNER,0.3820,1.262123305,1222344
2026-09-08,2026-09-08 17:00,Brezice x Dravinja Kostroj,Brezice,Dravinja Kostroj,20,Under 2.5,2,2.68,174.0,2026-09-08 17:36,Finalizado,RED,BF:LOSER,-1.0000,1.262174573,47972
2026-09-08,2026-09-08 17:00,Brezice x Dravinja Kostroj,Brezice,Dravinja Kostroj,20,Under 3.5,3,1.54,387.0,2026-09-08 17:36,Finalizado,RED,BF:LOSER,-1.0000,1.262174574,1222344
2026-09-08,2026-09-08 17:30,Al-Anwar Club x Al Taee,Al-Anwar Club,Al Taee,10,Under 2.5,2,2.8,541.0,2026-09-08 17:56,Finalizado,GREEN,BF:WINNER,1.7190,1.262169707,47972
2026-09-08,2026-09-08 17:30,Al-Anwar Club x Al Taee,Al-Anwar Club,Al Taee,10,Under 3.5,3,1.24,202.0,2026-09-08 17:56,Finalizado,GREEN,BF:WINNER,0.2292,1.262169653,1222344
2026-09-08,2026-09-08 18:00,Wealdstone x Stoke U21,Wealdstone,Stoke U21,10,Under 2.5,2,2.06,422.0,2026-09-08 18:26,Finalizado,RED,BF:LOSER,-1.0000,1.262187222,47972
2026-09-08,2026-09-08 18:00,Wealdstone x Stoke U21,Wealdstone,Stoke U21,10,Under 3.5,3,1.41,616.0,2026-09-08 18:26,Finalizado,RED,BF:LOSER,-1.0000,1.262187223,1222344
2026-09-08,2026-09-08 18:00,FC Halifax Town x Wolves U21,FC Halifax Town,Wolves U21,10,Under 2.5,2,2.18,673.0,2026-09-08 18:26,Finalizado,RED,BF:LOSER,-1.0000,1.262187442,47972
2026-09-08,2026-09-08 18:00,FC Halifax Town x Wolves U21,FC Halifax Town,Wolves U21,10,Under 3.5,3,1.46,411.0,2026-09-08 18:26,Finalizado,GREEN,BF:WINNER,0.4393,1.262187443,1222344
2026-09-08,2026-09-08 18:00,Boston Utd x West Brom U21,Boston Utd,West Brom U21,10,Under 2.5,2,1.96,1004.0,2026-09-08 18:26,Finalizado,GREEN,BF:WINNER,0.9168,1.262187776,47972
2026-09-08,2026-09-08 18:00,Boston Utd x West Brom U21,Boston Utd,West Brom U21,10,Under 3.5,3,1.38,718.0,2026-09-08 18:26,Finalizado,GREEN,BF:WINNER,0.3629,1.262187777,1222344
2026-09-08,2026-09-08 18:00,Al-Quadisiya (KSA) x Al Ahli,Al-Quadisiya (KSA),Al Ahli,10,Under 2.5,2,3.15,993.0,2026-09-08 18:26,Finalizado,RED,BF:LOSER,-1.0000,1.262008435,47972
2026-09-08,2026-09-08 18:00,Al-Quadisiya (KSA) x Al Ahli,Al-Quadisiya (KSA),Al Ahli,10,Under 3.5,3,1.65,1241.0,2026-09-08 18:26,Finalizado,RED,BF:LOSER,-1.0000,1.262008381,1222344
2026-09-08,2026-09-08 18:00,Hornchurch x Ipswich Town U21,Hornchurch,Ipswich Town U21,20,Under 2.5,2,3.35,340.0,2026-09-08 18:36,Finalizado,RED,BF:LOSER,-1.0000,1.262187332,47972
2026-09-08,2026-09-08 18:00,Hornchurch x Ipswich Town U21,Hornchurch,Ipswich Town U21,20,Under 3.5,3,1.67,1221.0,2026-09-08 18:36,Finalizado,GREEN,BF:WINNER,0.6398,1.262187333,1222344
2026-09-08,2026-09-08 18:00,Gateshead x Derby U21,Gateshead,Derby U21,20,Under 2.5,2,3.45,689.0,2026-09-08 18:36,Finalizado,RED,BF:LOSER,-1.0000,1.262187556,47972
2026-09-08,2026-09-08 18:00,Gateshead x Derby U21,Gateshead,Derby U21,20,Under 3.5,3,1.82,546.0,2026-09-08 18:36,Finalizado,RED,BF:LOSER,-1.0000,1.262187557,1222344
2026-09-08,2026-09-08 18:00,Boreham Wood x Newcastle U21,Boreham Wood,Newcastle U21,20,Under 2.5,2,3.85,182.0,2026-09-08 18:36,Finalizado,RED,BF:LOSER,-1.0000,1.262187666,47972
2026-09-08,2026-09-08 18:00,Boreham Wood x Newcastle U21,Boreham Wood,Newcastle U21,20,Under 3.5,3,1.96,316.0,2026-09-08 18:36,Finalizado,GREEN,BF:WINNER,0.9168,1.262187667,1222344
2026-09-08,2026-09-08 18:00,Sutton Utd x Birmingham U21,Sutton Utd,Birmingham U21,20,Under 2.5,2,3.4,183.0,2026-09-08 18:36,Finalizado,GREEN,BF:WINNER,2.2920,1.262187886,47972
2026-09-08,2026-09-08 18:00,Sutton Utd x Birmingham U21,Sutton Utd,Birmingham U21,20,Under 3.5,3,1.76,296.0,2026-09-08 18:36,Finalizado,GREEN,BF:WINNER,0.7258,1.262187887,1222344
2026-09-08,2026-09-08 18:00,FK Sutjeska x FK Mornar,FK Sutjeska,FK Mornar,30,Under 2.5,2,1.79,1197.0,2026-09-08 18:46,Finalizado,GREEN,BF:WINNER,0.7544,1.262162693,47972
2026-09-08,2026-09-08 18:00,FK Sutjeska x FK Mornar,FK Sutjeska,FK Mornar,30,Under 3.5,3,1.22,682.0,2026-09-08 18:46,Finalizado,GREEN,BF:WINNER,0.2101,1.262162639,1222344
2026-09-08,2026-09-08 18:00,Scunthorpe x Nottingham Forest U21,Scunthorpe,Nottingham Forest U21,30,Under 2.5,2,2.18,1002.0,2026-09-08 18:46,Finalizado,RED,BF:LOSER,-1.0000,1.262173078,47972
2026-09-08,2026-09-08 18:00,Scunthorpe x Nottingham Forest U21,Scunthorpe,Nottingham Forest U21,30,Under 3.5,3,1.37,649.0,2026-09-08 18:46,Finalizado,GREEN,BF:WINNER,0.3534,1.262173024,1222344
2026-09-08,2026-09-08 18:30,Braintree x Fulham U21,Braintree,Fulham U21,20,Under 2.5,2,3.45,349.0,2026-09-08 19:06,Finalizado,RED,BF:LOSER,-1.0000,1.262188757,47972
2026-09-08,2026-09-08 18:30,Braintree x Fulham U21,Braintree,Fulham U21,20,Under 3.5,3,1.92,152.0,2026-09-08 19:06,Finalizado,GREEN,BF:WINNER,0.8786,1.262188758,1222344
2026-09-08,2026-09-08 18:45,Berwick x Hibernian B,Berwick,Hibernian B,10,Under 3.5,3,2.2,174.0,2026-09-08 19:12,Finalizado,GREEN,BF:WINNER,1.1460,1.262164692,1222344
2026-09-08,2026-09-08 18:45,Gala Fairydean x Hearts B,Gala Fairydean,Hearts B,10,Under 2.5,2,2.2,734.0,2026-09-08 19:12,Finalizado,RED,BF:LOSER,-1.0000,1.262165789,47972
2026-09-08,2026-09-08 18:45,Gala Fairydean x Hearts B,Gala Fairydean,Hearts B,10,Under 3.5,3,1.94,127.0,2026-09-08 19:12,Finalizado,RED,BF:LOSER,-1.0000,1.262165735,1222344
2026-09-08,2026-09-08 18:45,Cowdenbeath x Kilmarnock B,Cowdenbeath,Kilmarnock B,10,Under 2.5,2,2.36,128.0,2026-09-08 19:12,Finalizado,RED,BF:LOSER,-1.0000,1.262171088,47972
2026-09-08,2026-09-08 18:45,Cowdenbeath x Kilmarnock B,Cowdenbeath,Kilmarnock B,10,Under 3.5,3,1.54,501.0,2026-09-08 19:12,Finalizado,GREEN,BF:WINNER,0.5157,1.262171030,1222344
2026-09-08,2026-09-08 18:45,Salisbury City x Slough Town,Salisbury City,Slough Town,10,Under 2.5,2,2.08,660.0,2026-09-08 19:12,Finalizado,RED,BF:LOSER,-1.0000,1.262081866,47972
2026-09-08,2026-09-08 18:45,Salisbury City x Slough Town,Salisbury City,Slough Town,10,Under 3.5,3,1.86,344.0,2026-09-08 19:12,Finalizado,RED,BF:LOSER,-1.0000,1.262081867,1222344
2026-09-08,2026-09-08 18:45,Olympiakos x NFC Volos,Olympiakos,NFC Volos,10,Under 2.5,2,2.0,1240.0,2026-09-08 19:12,Finalizado,RED,BF:LOSER,-1.0000,1.262148842,47972
2026-09-08,2026-09-08 18:45,Olympiakos x NFC Volos,Olympiakos,NFC Volos,10,Under 3.5,3,1.42,1171.0,2026-09-08 19:12,Finalizado,RED,BF:LOSER,-1.0000,1.262148843,1222344
2026-09-08,2026-09-08 18:45,Woking x Southampton U21,Woking,Southampton U21,10,Under 2.5,2,1.22,214.0,2026-09-08 19:12,Finalizado,RED,BF:LOSER,-1.0000,1.262188867,47972
2026-09-08,2026-09-08 18:45,Woking x Southampton U21,Woking,Southampton U21,10,Under 3.5,3,1.21,154.0,2026-09-08 19:12,Finalizado,RED,BF:LOSER,-1.0000,1.262188868,1222344
2026-09-08,2026-09-08 18:45,Bournemouth x Lincoln,Bournemouth,Lincoln,10,Under 2.5,2,3.6,306.0,2026-09-08 19:12,Finalizado,RED,BF:LOSER,-1.0000,1.261957829,47972
2026-09-08,2026-09-08 18:45,Bournemouth x Lincoln,Bournemouth,Lincoln,10,Under 3.5,3,1.8,875.0,2026-09-08 19:12,Finalizado,RED,BF:LOSER,-1.0000,1.261957830,1222344
2026-09-08,2026-09-08 18:45,Buxton x Brackley Town,Buxton,Brackley Town,10,Under 2.5,2,3.1,574.0,2026-09-08 19:12,Finalizado,RED,BF:LOSER,-1.0000,1.262064232,47972
2026-09-08,2026-09-08 18:45,Buxton x Brackley Town,Buxton,Brackley Town,10,Under 3.5,3,1.72,310.0,2026-09-08 19:12,Finalizado,RED,BF:LOSER,-1.0000,1.262064233,1222344
2026-09-08,2026-09-08 18:45,Chorley x Darlington,Chorley,Darlington,10,Under 2.5,2,3.65,145.0,2026-09-08 19:12,Finalizado,RED,BF:LOSER,-1.0000,1.262065004,47972
2026-09-08,2026-09-08 18:45,Chorley x Darlington,Chorley,Darlington,10,Under 3.5,3,1.89,519.0,2026-09-08 19:12,Finalizado,RED,BF:LOSER,-1.0000,1.262065005,1222344
2026-09-08,2026-09-08 18:45,Clyde x East Fife,Clyde,East Fife,10,Under 2.5,2,3.15,449.0,2026-09-08 19:12,Finalizado,RED,BF:LOSER,-1.0000,1.262166450,47972
2026-09-08,2026-09-08 18:45,Clyde x East Fife,Clyde,East Fife,10,Under 3.5,3,1.72,200.0,2026-09-08 19:12,Finalizado,RED,BF:LOSER,-1.0000,1.262166396,1222344
2026-09-08,2026-09-08 18:45,Watford x Preston,Watford,Preston,10,Under 2.5,2,2.78,309.0,2026-09-08 19:12,Finalizado,RED,BF:LOSER,-1.0000,1.262026905,47972
2026-09-08,2026-09-08 18:45,Watford x Preston,Watford,Preston,10,Under 3.5,3,1.58,1344.0,2026-09-08 19:12,Finalizado,GREEN,BF:WINNER,0.5539,1.262026906,1222344
2026-09-08,2026-09-08 18:45,Southampton x Swansea,Southampton,Swansea,10,Under 2.5,2,2.72,600.0,2026-09-08 19:12,Finalizado,RED,BF:LOSER,-1.0000,1.262047773,47972
2026-09-08,2026-09-08 18:45,Southampton x Swansea,Southampton,Swansea,10,Under 3.5,3,1.57,1521.0,2026-09-08 19:12,Finalizado,RED,BF:LOSER,-1.0000,1.262047774,1222344
2026-09-08,2026-09-08 18:45,Hampton and Richmond x Farnborough FC,Hampton and Richmond,Farnborough FC,10,Under 2.5,2,4.0,576.0,2026-09-08 19:12,Finalizado,GREEN,BF:WINNER,2.8650,1.262078986,47972
2026-09-08,2026-09-08 18:45,Hampton and Richmond x Farnborough FC,Hampton and Richmond,Farnborough FC,10,Under 3.5,3,2.04,518.0,2026-09-08 19:12,Finalizado,GREEN,BF:WINNER,0.9932,1.262078988,1222344
2026-09-08,2026-09-08 18:45,Spartans x Hamilton,Spartans,Hamilton,10,Under 2.5,2,3.7,677.0,2026-09-08 19:12,Finalizado,RED,BF:LOSER,-1.0000,1.262166340,47972
2026-09-08,2026-09-08 18:45,Spartans x Hamilton,Spartans,Hamilton,10,Under 3.5,3,1.91,296.0,2026-09-08 19:12,Finalizado,RED,BF:LOSER,-1.0000,1.262166286,1222344
2026-09-08,2026-09-08 18:45,Edinburgh City x Queen of South,Edinburgh City,Queen of South,10,Under 2.5,2,3.25,514.0,2026-09-08 19:12,Finalizado,GREEN,BF:WINNER,2.1487,1.262166560,47972
2026-09-08,2026-09-08 18:45,Edinburgh City x Queen of South,Edinburgh City,Queen of South,10,Under 3.5,3,1.78,700.0,2026-09-08 19:12,Finalizado,GREEN,BF:WINNER,0.7449,1.262166506,1222344
2026-09-08,2026-09-08 18:45,Montrose x Dundee B,Montrose,Dundee B,15,Under 2.5,2,3.9,215.0,2026-09-08 19:16,Finalizado,RED,BF:LOSER,-1.0000,1.262165899,47972
2026-09-08,2026-09-08 18:45,Montrose x Dundee B,Montrose,Dundee B,15,Under 3.5,3,1.94,274.0,2026-09-08 19:16,Finalizado,RED,BF:LOSER,-1.0000,1.262165845,1222344
2026-09-08,2026-09-08 18:45,Blackburn x Sheff Utd,Blackburn,Sheff Utd,15,Under 2.5,2,2.38,7276.0,2026-09-08 19:16,Finalizado,RED,BF:LOSER,-1.0000,1.262025993,47972
2026-09-08,2026-09-08 18:45,Blackburn x Sheff Utd,Blackburn,Sheff Utd,15,Under 3.5,3,1.42,457.0,2026-09-08 19:16,Finalizado,GREEN,BF:WINNER,0.4011,1.262025994,1222344
2026-09-08,2026-09-08 18:45,Kings Lynn x Hednesford Town,Kings Lynn,Hednesford Town,15,Under 2.5,2,2.5,442.0,2026-09-08 19:16,Finalizado,RED,BF:LOSER,-1.0000,1.262064448,47972
2026-09-08,2026-09-08 18:45,Kings Lynn x Hednesford Town,Kings Lynn,Hednesford Town,15,Under 3.5,3,1.46,523.0,2026-09-08 19:16,Finalizado,RED,BF:LOSER,-1.0000,1.262064449,1222344
2026-09-08,2026-09-08 18:45,Chesham Utd x Billericay Town,Chesham Utd,Billericay Town,15,Under 2.5,2,3.1,639.0,2026-09-08 19:16,Finalizado,RED,BF:LOSER,-1.0000,1.262079311,47972
2026-09-08,2026-09-08 18:45,Chesham Utd x Billericay Town,Chesham Utd,Billericay Town,15,Under 3.5,3,1.67,661.0,2026-09-08 19:16,Finalizado,GREEN,BF:WINNER,0.6398,1.262079312,1222344
2026-09-08,2026-09-08 18:45,Cardiff x Stoke,Cardiff,Stoke,15,Under 2.5,2,2.96,910.0,2026-09-08 19:16,Finalizado,GREEN,BF:WINNER,1.8718,1.262062913,47972
2026-09-08,2026-09-08 18:45,Cardiff x Stoke,Cardiff,Stoke,15,Under 3.5,3,1.62,417.0,2026-09-08 19:16,Finalizado,GREEN,BF:WINNER,0.5921,1.262062914,1222344
2026-09-08,2026-09-08 18:45,Wrexham x Burnley,Wrexham,Burnley,20,Under 3.5,3,1.44,2907.0,2026-09-08 19:22,Finalizado,GREEN,BF:WINNER,0.4202,1.262062805,1222344
2026-09-08,2026-09-08 18:45,Berwick x Hibernian B,Berwick,Hibernian B,20,Under 2.5,2,3.6,164.0,2026-09-08 19:22,Finalizado,GREEN,BF:WINNER,2.4830,1.262164746,47972
2026-09-08,2026-09-08 18:45,Dag and Red x Dover,Dag and Red,Dover,20,Under 2.5,2,3.1,310.0,2026-09-08 19:22,Finalizado,GREEN,BF:WINNER,2.0055,1.262079509,47972
2026-09-08,2026-09-08 18:45,Dag and Red x Dover,Dag and Red,Dover,20,Under 3.5,3,1.69,578.0,2026-09-08 19:22,Finalizado,GREEN,BF:WINNER,0.6589,1.262079510,1222344
2026-09-08,2026-09-08 18:45,Folkestone Invicta x Horsham FC,Folkestone Invicta,Horsham FC,20,Under 2.5,2,2.44,227.0,2026-09-08 19:22,Finalizado,GREEN,BF:WINNER,1.3752,1.262079617,47972
2026-09-08,2026-09-08 18:45,Folkestone Invicta x Horsham FC,Folkestone Invicta,Horsham FC,20,Under 3.5,3,1.42,1096.0,2026-09-08 19:22,Finalizado,GREEN,BF:WINNER,0.4011,1.262079618,1222344
2026-09-08,2026-09-08 18:45,Southport x Morecambe,Southport,Morecambe,20,Under 2.5,2,2.06,572.0,2026-09-08 19:22,Finalizado,RED,BF:LOSER,-1.0000,1.262064808,47972
2026-09-08,2026-09-08 18:45,Southport x Morecambe,Southport,Morecambe,20,Under 3.5,3,1.33,703.0,2026-09-08 19:22,Finalizado,GREEN,BF:WINNER,0.3152,1.262064809,1222344
2026-09-08,2026-09-08 18:45,Wrexham x Burnley,Wrexham,Burnley,25,Under 2.5,2,2.2,740.0,2026-09-08 19:26,Finalizado,GREEN,BF:WINNER,1.1460,1.262062804,47972
2026-09-08,2026-09-08 18:45,Worksop Town x Bedford Town,Worksop Town,Bedford Town,25,Under 2.5,2,2.22,496.0,2026-09-08 19:26,Finalizado,RED,BF:LOSER,-1.0000,1.262064632,47972
2026-09-08,2026-09-08 18:45,Worksop Town x Bedford Town,Worksop Town,Bedford Town,25,Under 3.5,3,1.37,1484.0,2026-09-08 19:26,Finalizado,GREEN,BF:WINNER,0.3534,1.262064633,1222344
2026-09-08,2026-09-08 18:45,Spennymoor Town x Spalding Utd,Spennymoor Town,Spalding Utd,25,Under 2.5,2,2.18,512.0,2026-09-08 19:26,Finalizado,RED,BF:LOSER,-1.0000,1.262064720,47972
2026-09-08,2026-09-08 18:45,Spennymoor Town x Spalding Utd,Spennymoor Town,Spalding Utd,25,Under 3.5,3,1.37,1070.0,2026-09-08 19:26,Finalizado,RED,BF:LOSER,-1.0000,1.262064721,1222344
2026-09-08,2026-09-08 19:00,Lille x Betis,Lille,Betis,10,Under 2.5,2,3.2,1031.0,2026-09-08 19:26,Finalizado,RED,BF:LOSER,-1.0000,1.261698190,47972
2026-09-08,2026-09-08 19:00,Lille x Betis,Lille,Betis,10,Under 3.5,3,1.69,293.0,2026-09-08 19:26,Finalizado,RED,BF:LOSER,-1.0000,1.261698203,1222344
2026-09-08,2026-09-08 18:45,South Shields x Marine FC,South Shields,Marine FC,20,Under 2.5,2,3.75,314.0,2026-09-08 19:26,Finalizado,RED,BF:LOSER,-1.0000,1.262064340,47972
2026-09-08,2026-09-08 18:45,South Shields x Marine FC,South Shields,Marine FC,20,Under 3.5,3,2.7,277.0,2026-09-08 19:26,Finalizado,GREEN,BF:WINNER,1.6235,1.262064341,1222344
2026-09-08,2026-09-08 18:45,Crystal Palace x Middlesbrough,Crystal Palace,Middlesbrough,25,Under 2.5,2,2.44,2475.0,2026-09-08 19:32,Finalizado,RED,3-0:b365,-1.0,,47972
2026-09-08,2026-09-08 18:45,Crystal Palace x Middlesbrough,Crystal Palace,Middlesbrough,25,Under 3.5,3,1.31,525.0,2026-09-08 19:32,Finalizado,GREEN,3-0:b365,0.2961,,1222344
2026-09-08,2026-09-08 18:45,Weston-super-Mare x AFC Totton,Weston-super-Mare,AFC Totton,25,Under 2.5,2,2.2,534.0,2026-09-08 19:32,SemPlacar,,,,,47972
2026-09-08,2026-09-08 18:45,Weston-super-Mare x AFC Totton,Weston-super-Mare,AFC Totton,25,Under 3.5,3,1.37,1075.0,2026-09-08 19:32,SemPlacar,,,,,1222344
2026-09-08,2026-09-08 21:00,Puerto Montt x CSD Rangers,Puerto Montt,CSD Rangers,10,Under 2.5,2,2.08,704.0,2026-09-08 21:26,Finalizado,RED,BF:LOSER,-1.0000,1.262177598,47972
2026-09-08,2026-09-08 21:00,Puerto Montt x CSD Rangers,Puerto Montt,CSD Rangers,10,Under 3.5,3,1.31,3436.0,2026-09-08 21:26,Finalizado,GREEN,BF:WINNER,0.2961,1.262177599,1222344
2026-09-08,2026-09-08 22:00,Fluminense x CA Platense,Fluminense,CA Platense,10,Under 2.5,2,1.9,3314.0,2026-09-08 22:32,Finalizado,GREEN,2-0:b365,0.8595,,47972
2026-09-08,2026-09-08 22:00,Fluminense x CA Platense,Fluminense,CA Platense,10,Under 3.5,3,1.25,479.0,2026-09-08 22:32,Finalizado,GREEN,2-0:b365,0.2387,,1222344
2026-09-08,2026-09-08 23:00,Hartford Athletic FC x Colorado Switchbacks FC,Hartford Athletic FC,Colorado Switchbacks FC,10,Under 2.5,2,3.45,137.0,2026-09-08 23:26,Finalizado,RED,BF:LOSER,-1.0000,1.262163376,47972
2026-09-08,2026-09-08 23:00,Hartford Athletic FC x Colorado Switchbacks FC,Hartford Athletic FC,Colorado Switchbacks FC,10,Under 3.5,3,1.76,211.0,2026-09-08 23:26,Finalizado,GREEN,BF:WINNER,0.7258,1.262163322,1222344
2026-09-09,2026-09-08 23:30,Deportes Temuco x Santiago Wanderers,Deportes Temuco,Santiago Wanderers,10,Under 2.5,2,2.36,416.0,2026-09-09 00:02,Finalizado,RED,3-0:b365,-1.0,,47972
2026-09-09,2026-09-08 23:30,Deportes Temuco x Santiago Wanderers,Deportes Temuco,Santiago Wanderers,10,Under 3.5,3,1.41,1352.0,2026-09-09 00:02,Finalizado,GREEN,3-0:b365,0.3915,,1222344
2026-09-09,2026-09-08 23:30,Cuiaba x Athletic Club,Cuiaba,Athletic Club,30,Under 2.5,2,1.57,607.0,2026-09-09 00:16,Finalizado,RED,BF:LOSER,-1.0000,1.262012242,47972
2026-09-09,2026-09-08 23:30,Cuiaba x Athletic Club,Cuiaba,Athletic Club,30,Under 3.5,3,1.14,11471.0,2026-09-09 00:16,Finalizado,GREEN,BF:WINNER,0.1337,1.262012243,1222344
2026-09-09,2026-09-08 23:30,Curico Unido x Union Espanola,Curico Unido,Union Espanola,30,Under 2.5,2,1.81,515.0,2026-09-09 00:22,Finalizado,RED,BF:LOSER,-1.0000,1.262202322,47972
2026-09-09,2026-09-08 23:30,Curico Unido x Union Espanola,Curico Unido,Union Espanola,30,Under 3.5,3,1.22,2691.0,2026-09-09 00:22,Finalizado,GREEN,BF:WINNER,0.2101,1.262202323,1222344
2026-09-09,2026-09-09 08:30,Pulau Pinang x Melaka FC,Pulau Pinang,Melaka FC,30,Under 2.5,2,1.97,210.0,2026-09-09 09:16,Finalizado,RED,BF:LOSER,-1.0000,1.262204646,47972
2026-09-09,2026-09-09 08:30,Pulau Pinang x Melaka FC,Pulau Pinang,Melaka FC,30,Under 3.5,3,1.31,276.0,2026-09-09 09:16,Finalizado,GREEN,BF:WINNER,0.2961,1.262204592,1222344
2026-09-09,2026-09-09 09:30,Sydney FC x Melbourne Victory,Sydney FC,Melbourne Victory,10,Under 2.5,2,2.68,502.0,2026-09-09 09:56,Finalizado,GREEN,BF:WINNER,1.6044,1.261729585,47972
2026-09-09,2026-09-09 09:30,Sydney FC x Melbourne Victory,Sydney FC,Melbourne Victory,10,Under 3.5,3,1.54,935.0,2026-09-09 09:56,Finalizado,GREEN,BF:WINNER,0.5157,1.261729586,1222344
2026-09-09,2026-09-09 10:00,Fukushima Utd x Sendai,Fukushima Utd,Sendai,10,Under 2.5,2,2.14,1061.0,2026-09-09 10:26,Finalizado,RED,BF:LOSER,-1.0000,1.262195113,47972
2026-09-09,2026-09-09 10:00,Fukushima Utd x Sendai,Fukushima Utd,Sendai,10,Under 3.5,3,1.43,1853.0,2026-09-09 10:26,Finalizado,RED,BF:LOSER,-1.0000,1.262195059,1222344
2026-09-09,2026-09-09 10:00,Tochigi SC x Yamagata,Tochigi SC,Yamagata,10,Under 2.5,2,2.5,764.0,2026-09-09 10:32,SemPlacar,,,,,47972
2026-09-09,2026-09-09 10:00,Tochigi SC x Yamagata,Tochigi SC,Yamagata,10,Under 3.5,3,1.47,1643.0,2026-09-09 10:32,SemPlacar,,,,,1222344
2026-09-09,2026-09-09 10:00,Kamatamare Sanuki x Jef Utd Chiba,Kamatamare Sanuki,Jef Utd Chiba,10,Under 2.5,2,3.1,415.0,2026-09-09 10:32,SemPlacar,,,,,47972
2026-09-09,2026-09-09 10:00,Kamatamare Sanuki x Jef Utd Chiba,Kamatamare Sanuki,Jef Utd Chiba,10,Under 3.5,3,1.65,475.0,2026-09-09 10:32,SemPlacar,,,,,1222344
2026-09-09,2026-09-09 10:00,Matsumoto x Shonan,Matsumoto,Shonan,20,Under 2.5,2,2.52,142.0,2026-09-09 10:36,Finalizado,RED,BF:LOSER,-1.0000,1.262193215,47972
2026-09-09,2026-09-09 10:00,Matsumoto x Shonan,Matsumoto,Shonan,20,Under 3.5,3,1.49,691.0,2026-09-09 10:36,Finalizado,RED,BF:LOSER,-1.0000,1.262193216,1222344
2026-09-09,2026-09-09 10:30,Gangwon x Jeonbuk Motors,Gangwon,Jeonbuk Motors,10,Under 2.5,2,2.48,142.0,2026-09-09 10:56,Finalizado,GREEN,BF:WINNER,1.4134,1.262068903,47972
2026-09-09,2026-09-09 10:30,Gangwon x Jeonbuk Motors,Gangwon,Jeonbuk Motors,10,Under 3.5,3,1.43,2998.0,2026-09-09 10:56,Finalizado,GREEN,BF:WINNER,0.4106,1.262068849,1222344
2026-09-09,2026-09-09 10:30,Daejeon Citizen x FC Anyang,Daejeon Citizen,FC Anyang,10,Under 2.5,2,3.25,935.0,2026-09-09 10:56,Finalizado,RED,BF:LOSER,-1.0000,1.262069230,47972
2026-09-09,2026-09-09 10:30,Daejeon Citizen x FC Anyang,Daejeon Citizen,FC Anyang,25,Under 3.5,3,1.43,113.0,2026-09-09 11:12,Finalizado,RED,BF:LOSER,-1.0000,1.262069176,1222344
2026-09-09,2026-09-09 12:00,Agrobiznes Volochysk x Livyi Bereh,Agrobiznes Volochysk,Livyi Bereh,10,Under 3.5,3,1.49,308.0,2026-09-09 12:26,Finalizado,GREEN,BF:WINNER,0.4679,1.262189422,1222344
2026-09-09,2026-09-09 12:00,Sardarapat FC x FC Pyunik,Sardarapat FC,FC Pyunik,10,Under 2.5,2,2.3,177.0,2026-09-09 12:32,SemPlacar,,,,,47972
2026-09-09,2026-09-09 12:00,Sardarapat FC x FC Pyunik,Sardarapat FC,FC Pyunik,10,Under 3.5,3,1.4,193.0,2026-09-09 12:32,SemPlacar,,,,,1222344
2026-09-09,2026-09-09 12:00,Agrobiznes Volochysk x Livyi Bereh,Agrobiznes Volochysk,Livyi Bereh,20,Under 2.5,2,2.1,374.0,2026-09-09 12:36,Finalizado,GREEN,BF:WINNER,1.0505,1.262189421,47972
2026-09-09,2026-09-09 12:15,Brunei DPMM FC x Terengganu,Brunei DPMM FC,Terengganu,10,Under 2.5,2,2.74,193.0,2026-09-09 12:42,Finalizado,RED,BF:LOSER,-1.0000,1.262204756,47972
2026-09-09,2026-09-09 12:15,Brunei DPMM FC x Terengganu,Brunei DPMM FC,Terengganu,10,Under 3.5,3,1.49,815.0,2026-09-09 12:42,Finalizado,RED,BF:LOSER,-1.0000,1.262204702,1222344
2026-09-09,2026-09-09 12:30,FK Sahdag Qusar x Karvan Evlakh,FK Sahdag Qusar,Karvan Evlakh,10,Under 2.5,2,3.6,167.0,2026-09-09 12:56,Finalizado,GREEN,BF:WINNER,2.4830,1.262203842,47972
2026-09-09,2026-09-09 12:30,FK Sahdag Qusar x Karvan Evlakh,FK Sahdag Qusar,Karvan Evlakh,10,Under 3.5,3,1.31,118.0,2026-09-09 12:56,Finalizado,GREEN,BF:WINNER,0.2961,1.262203788,1222344
2026-09-09,2026-09-09 13:00,SC Villa x Express,SC Villa,Express,10,Under 2.5,2,2.08,142.0,2026-09-09 13:26,Finalizado,GREEN,BF:WINNER,1.0314,1.262226454,47972
2026-09-09,2026-09-09 13:00,SC Villa x Express,SC Villa,Express,10,Under 3.5,3,1.34,296.0,2026-09-09 13:26,Finalizado,GREEN,BF:WINNER,0.3247,1.262226400,1222344
2026-09-09,2026-09-09 13:00,Selangor FA x Sabah FA,Selangor FA,Sabah FA,30,Under 2.5,2,2.58,493.0,2026-09-09 13:46,Finalizado,RED,BF:LOSER,-1.0000,1.262227739,47972
2026-09-09,2026-09-09 13:00,Selangor FA x Sabah FA,Selangor FA,Sabah FA,30,Under 3.5,3,1.53,1065.0,2026-09-09 13:46,Finalizado,GREEN,BF:WINNER,0.5061,1.262227685,1222344
2026-09-09,2026-09-09 13:30,Olmaliq x Pakhtakor,Olmaliq,Pakhtakor,10,Under 2.5,2,2.66,1690.0,2026-09-09 13:56,Finalizado,RED,BF:LOSER,-1.0000,1.262206885,47972
2026-09-09,2026-09-09 13:30,Olmaliq x Pakhtakor,Olmaliq,Pakhtakor,10,Under 3.5,3,1.57,267.0,2026-09-09 13:56,Finalizado,RED,BF:LOSER,-1.0000,1.262206831,1222344
2026-09-09,2026-09-09 14:00,Kairat Almaty x Zhenys,Kairat Almaty,Zhenys,10,Under 3.5,3,1.63,382.0,2026-09-09 14:26,Finalizado,GREEN,BF:WINNER,0.6016,1.262075711,1222344
2026-09-09,2026-09-09 14:00,Teteks Tetovo x Bregalnica Stip,Teteks Tetovo,Bregalnica Stip,20,Under 2.5,2,3.6,193.0,2026-09-09 14:36,Finalizado,RED,BF:LOSER,-1.0000,1.262211251,47972
2026-09-09,2026-09-09 14:00,Teteks Tetovo x Bregalnica Stip,Teteks Tetovo,Bregalnica Stip,20,Under 3.5,3,1.86,682.0,2026-09-09 14:36,Finalizado,RED,BF:LOSER,-1.0000,1.262211255,1222344
2026-09-09,2026-09-09 14:00,Kairat Almaty x Zhenys,Kairat Almaty,Zhenys,20,Under 2.5,2,2.44,366.0,2026-09-09 14:36,Finalizado,RED,BF:LOSER,-1.0000,1.262075877,47972
2026-09-09,2026-09-09 14:00,Sporting Clube de Cabinda x Primeiro De Agosto,Sporting Clube de Cabinda,Primeiro De Agosto,20,Under 3.5,3,1.18,312.0,2026-09-09 14:36,Finalizado,GREEN,BF:WINNER,0.1719,1.262215486,1222344
2026-09-09,2026-09-09 14:20,SC Dimona x Maccabi Yavne,SC Dimona,Maccabi Yavne,10,Under 2.5,2,3.1,394.0,2026-09-09 14:46,Finalizado,GREEN,BF:WINNER,2.0055,1.262211715,47972
2026-09-09,2026-09-09 14:20,SC Dimona x Maccabi Yavne,SC Dimona,Maccabi Yavne,10,Under 3.5,3,1.7,381.0,2026-09-09 14:46,Finalizado,GREEN,BF:WINNER,0.6685,1.262211719,1222344
2026-09-09,2026-09-09 14:30,NK Hrvatski Dragovoljac x Slaven Belupo,NK Hrvatski Dragovoljac,Slaven Belupo,10,Under 2.5,2,2.3,339.0,2026-09-09 14:56,Finalizado,RED,BF:LOSER,-1.0000,1.262202061,47972
2026-09-09,2026-09-09 14:30,NK Hrvatski Dragovoljac x Slaven Belupo,NK Hrvatski Dragovoljac,Slaven Belupo,10,Under 3.5,3,1.52,149.0,2026-09-09 14:56,Finalizado,RED,BF:LOSER,-1.0000,1.262202062,1222344
2026-09-09,2026-09-09 14:30,Roltek Dob x Slovan Ljublana,Roltek Dob,Slovan Ljublana,10,Under 2.5,2,4.0,347.0,2026-09-09 14:56,Finalizado,RED,BF:LOSER,-1.0000,1.262200780,47972
2026-09-09,2026-09-09 14:30,Roltek Dob x Slovan Ljublana,Roltek Dob,Slovan Ljublana,10,Under 3.5,3,2.02,648.0,2026-09-09 14:56,Finalizado,RED,BF:LOSER,-1.0000,1.262200781,1222344
2026-09-09,2026-09-09 14:30,NK Uskok x HNK Gorica,NK Uskok,HNK Gorica,10,Under 2.5,2,3.15,110.0,2026-09-09 14:56,Finalizado,GREEN,BF:WINNER,2.0532,1.262202542,47972
2026-09-09,2026-09-09 14:30,NK Uskok x HNK Gorica,NK Uskok,HNK Gorica,10,Under 3.5,3,1.66,1386.0,2026-09-09 14:56,Finalizado,GREEN,BF:WINNER,0.6303,1.262202543,1222344
2026-09-09,2026-09-09 14:30,NK Tomislav x Lokomotiva,NK Tomislav,Lokomotiva,20,Under 2.5,2,3.65,149.0,2026-09-09 15:06,Finalizado,GREEN,BF:WINNER,2.5307,1.262204129,47972
2026-09-09,2026-09-09 14:30,NK Tomislav x Lokomotiva,NK Tomislav,Lokomotiva,20,Under 3.5,3,1.84,638.0,2026-09-09 15:06,Finalizado,GREEN,BF:WINNER,0.8022,1.262204075,1222344
2026-09-09,2026-09-09 14:30,Zagora x Varazdin,Zagora,Varazdin,25,Under 2.5,2,3.75,400.0,2026-09-09 15:12,Finalizado,RED,BF:LOSER,-1.0000,1.262204019,47972
2026-09-09,2026-09-09 14:30,Zagora x Varazdin,Zagora,Varazdin,25,Under 3.5,3,1.96,213.0,2026-09-09 15:12,Finalizado,RED,BF:LOSER,-1.0000,1.262203964,1222344
2026-09-09,2026-09-09 14:30,Segesta x Osijek,Segesta,Osijek,30,Under 2.5,2,1.86,207.0,2026-09-09 15:16,Finalizado,RED,BF:LOSER,-1.0000,1.262201230,47972
2026-09-09,2026-09-09 14:30,Segesta x Osijek,Segesta,Osijek,30,Under 3.5,3,1.1,4248.0,2026-09-09 15:16,Finalizado,RED,BF:LOSER,-1.0000,1.262201231,1222344
2026-09-09,2026-09-09 15:00,Polissya Zhytomyr x FK Kudrivka,Polissya Zhytomyr,FK Kudrivka,10,Under 2.5,2,1.22,161.0,2026-09-09 15:26,Finalizado,GREEN,BF:WINNER,0.2101,1.262188106,47972
2026-09-09,2026-09-09 15:00,Polissya Zhytomyr x FK Kudrivka,Polissya Zhytomyr,FK Kudrivka,10,Under 3.5,3,1.36,406.0,2026-09-09 15:26,Finalizado,GREEN,BF:WINNER,0.3438,1.262188107,1222344
2026-09-09,2026-09-09 15:00,Nasaf x Bunyodkor,Nasaf,Bunyodkor,10,Under 2.5,2,3.0,1298.0,2026-09-09 15:26,Finalizado,RED,BF:LOSER,-1.0000,1.262213624,47972
2026-09-09,2026-09-09 15:00,Nasaf x Bunyodkor,Nasaf,Bunyodkor,10,Under 3.5,3,1.67,588.0,2026-09-09 15:26,Finalizado,GREEN,BF:WINNER,0.6398,1.262213625,1222344
2026-09-09,2026-09-09 15:00,Samgurali Tskaltubo x Dila Gori,Samgurali Tskaltubo,Dila Gori,10,Under 2.5,2,2.1,108.0,2026-09-09 15:32,SemPlacar,,,,,47972
2026-09-09,2026-09-09 15:00,Samgurali Tskaltubo x Dila Gori,Samgurali Tskaltubo,Dila Gori,10,Under 3.5,3,2.28,115.0,2026-09-09 15:32,SemPlacar,,,,,1222344
2026-09-09,2026-09-09 15:00,FC Spaeri x FC Rustavi,FC Spaeri,FC Rustavi,20,Under 2.5,2,2.22,149.0,2026-09-09 15:36,Finalizado,GREEN,BF:WINNER,1.1651,1.262189985,47972
2026-09-09,2026-09-09 15:00,FC Spaeri x FC Rustavi,FC Spaeri,FC Rustavi,20,Under 3.5,3,1.42,248.0,2026-09-09 15:36,Finalizado,GREEN,BF:WINNER,0.4011,1.262189931,1222344
2026-09-09,2026-09-09 15:00,HJK Helsinki x FC Inter Turku,HJK Helsinki,FC Inter Turku,30,Under 2.5,2,1.91,475.0,2026-09-09 15:46,Finalizado,RED,BF:LOSER,-1.0000,1.261944046,47972
2026-09-09,2026-09-09 15:00,HJK Helsinki x FC Inter Turku,HJK Helsinki,FC Inter Turku,30,Under 3.5,3,1.28,3052.0,2026-09-09 15:46,Finalizado,GREEN,BF:WINNER,0.2674,1.261943992,1222344
2026-09-09,2026-09-09 15:30,VSK Aarhus FC x Lyngby,VSK Aarhus FC,Lyngby,10,Under 2.5,2,3.9,154.0,2026-09-09 15:56,Finalizado,GREEN,BF:WINNER,2.7695,1.262235798,47972
2026-09-09,2026-09-09 15:30,VSK Aarhus FC x Lyngby,VSK Aarhus FC,Lyngby,10,Under 3.5,3,1.85,101.0,2026-09-09 15:56,Finalizado,GREEN,BF:WINNER,0.8118,1.262235799,1222344
2026-09-09,2026-09-09 15:45,FK Kauno Zalgiris x FK Suduva,FK Kauno Zalgiris,FK Suduva,10,Under 2.5,2,2.44,1059.0,2026-09-09 16:12,Finalizado,RED,BF:LOSER,-1.0000,1.262161865,47972
2026-09-09,2026-09-09 15:45,FK Kauno Zalgiris x FK Suduva,FK Kauno Zalgiris,FK Suduva,10,Under 3.5,3,1.49,700.0,2026-09-09 16:12,Finalizado,RED,BF:LOSER,-1.0000,1.262161866,1222344
2026-09-09,2026-09-09 15:30,PFC Levski Sofia x CSKA Sofia,PFC Levski Sofia,CSKA Sofia,30,Under 2.5,2,1.71,792.0,2026-09-09 16:22,Finalizado,RED,BF:LOSER,-1.0000,1.260499129,47972
2026-09-09,2026-09-09 15:30,PFC Levski Sofia x CSKA Sofia,PFC Levski Sofia,CSKA Sofia,30,Under 3.5,3,1.2,2239.0,2026-09-09 16:22,Finalizado,RED,BF:LOSER,-1.0000,1.260499075,1222344
2026-09-09,2026-09-09 15:55,Al-Kholood Club x Al-Shabab (KSA),Al-Kholood Club,Al-Shabab (KSA),10,Under 2.5,2,3.05,5429.0,2026-09-09 16:22,Finalizado,RED,BF:LOSER,-1.0000,1.262008985,47972
2026-09-09,2026-09-09 15:55,Al-Kholood Club x Al-Shabab (KSA),Al-Kholood Club,Al-Shabab (KSA),10,Under 3.5,3,1.67,1452.0,2026-09-09 16:22,Finalizado,GREEN,BF:WINNER,0.6398,1.262008931,1222344
2026-09-09,2026-09-09 16:00,NK Jadran Dekani x Koper,NK Jadran Dekani,Koper,10,Under 2.5,2,2.68,204.0,2026-09-09 16:26,Finalizado,RED,BF:LOSER,-1.0000,1.262196671,47972
2026-09-09,2026-09-09 16:00,NK Jadran Dekani x Koper,NK Jadran Dekani,Koper,10,Under 3.5,3,1.66,256.0,2026-09-09 16:26,Finalizado,RED,BF:LOSER,-1.0000,1.262196616,1222344
2026-09-09,2026-09-09 16:00,Prostejov x Sigma Olomouc,Prostejov,Sigma Olomouc,10,Under 2.5,2,3.6,232.0,2026-09-09 16:32,SemPlacar,,,,,47972
2026-09-09,2026-09-09 16:00,Prostejov x Sigma Olomouc,Prostejov,Sigma Olomouc,10,Under 3.5,3,1.84,789.0,2026-09-09 16:32,SemPlacar,,,,,1222344
2026-09-09,2026-09-09 16:00,Parnu JK Vaprus x Harju JK Laagri,Parnu JK Vaprus,Harju JK Laagri,20,Under 2.5,2,2.72,526.0,2026-09-09 16:36,Finalizado,RED,BF:LOSER,-1.0000,1.262118235,47972
2026-09-09,2026-09-09 16:00,Parnu JK Vaprus x Harju JK Laagri,Parnu JK Vaprus,Harju JK Laagri,20,Under 3.5,3,1.57,415.0,2026-09-09 16:36,Finalizado,RED,BF:LOSER,-1.0000,1.262118236,1222344
2026-09-09,2026-09-09 16:00,Tammeka Tartu x Paide Linnameeskond,Tammeka Tartu,Paide Linnameeskond,20,Under 2.5,2,2.78,483.0,2026-09-09 16:36,Finalizado,GREEN,BF:WINNER,1.6999,1.262119291,47972
2026-09-09,2026-09-09 16:00,Tammeka Tartu x Paide Linnameeskond,Tammeka Tartu,Paide Linnameeskond,20,Under 3.5,3,1.54,435.0,2026-09-09 16:36,Finalizado,GREEN,BF:WINNER,0.5157,1.262119237,1222344
2026-09-09,2026-09-09 15:50,Al-Raed (KSA) x Al Jeel,Al-Raed (KSA),Al Jeel,30,Under 2.5,2,1.7,1009.0,2026-09-09 16:36,Finalizado,RED,BF:LOSER,-1.0000,1.262195555,47972
2026-09-09,2026-09-09 15:50,Al-Raed (KSA) x Al Jeel,Al-Raed (KSA),Al Jeel,30,Under 3.5,3,1.19,3773.0,2026-09-09 16:36,Finalizado,GREEN,BF:WINNER,0.1814,1.262195501,1222344
2026-09-09,2026-09-09 16:10,Al-Jndal x Al Bukayriyah,Al-Jndal,Al Bukayriyah,10,Under 2.5,2,2.4,585.0,2026-09-09 16:36,Finalizado,RED,BF:LOSER,-1.0000,1.262195665,47972
2026-09-09,2026-09-09 16:10,Al-Jndal x Al Bukayriyah,Al-Jndal,Al Bukayriyah,10,Under 3.5,3,1.44,2270.0,2026-09-09 16:36,Finalizado,RED,BF:LOSER,-1.0000,1.262195611,1222344
2026-09-09,2026-09-09 16:00,FCI Tallinn x Kuressaare,FCI Tallinn,Kuressaare,25,Under 2.5,2,3.75,1192.0,2026-09-09 16:42,Finalizado,RED,BF:LOSER,-1.0000,1.262119181,47972
2026-09-09,2026-09-09 16:00,FCI Tallinn x Kuressaare,FCI Tallinn,Kuressaare,25,Under 3.5,3,1.94,497.0,2026-09-09 16:42,Finalizado,RED,BF:LOSER,-1.0000,1.262119127,1222344
2026-09-09,2026-09-09 16:30,Vanlose x Hillerod Fodbold,Vanlose,Hillerod Fodbold,10,Under 2.5,2,3.75,217.0,2026-09-09 16:56,Finalizado,GREEN,BF:WINNER,2.6262,1.262229315,47972
2026-09-09,2026-09-09 16:30,Vanlose x Hillerod Fodbold,Vanlose,Hillerod Fodbold,10,Under 3.5,3,1.88,951.0,2026-09-09 16:56,Finalizado,GREEN,BF:WINNER,0.8404,1.262229316,1222344
2026-09-09,2026-09-09 16:45,FC Twente x SC Telstar,FC Twente,SC Telstar,10,Under 2.5,2,2.44,4558.0,2026-09-09 17:12,Finalizado,GREEN,BF:WINNER,1.3752,1.261744099,47972
2026-09-09,2026-09-09 16:45,FC Twente x SC Telstar,FC Twente,SC Telstar,10,Under 3.5,3,1.57,2365.0,2026-09-09 17:12,Finalizado,GREEN,BF:WINNER,0.5444,1.261744042,1222344
2026-09-09,2026-09-09 17:00,Zizkov x Sparta Prague,Zizkov,Sparta Prague,10,Under 2.5,2,2.28,544.0,2026-09-09 17:26,Finalizado,RED,BF:LOSER,-1.0000,1.262196409,47972
2026-09-09,2026-09-09 17:00,Zizkov x Sparta Prague,Zizkov,Sparta Prague,10,Under 3.5,3,1.45,1814.0,2026-09-09 17:26,Finalizado,RED,BF:LOSER,-1.0000,1.262196355,1222344
2026-09-09,2026-09-09 17:00,Kolding IF x OB,Kolding IF,OB,10,Under 3.5,3,1.58,109.0,2026-09-09 17:26,Finalizado,GREEN,BF:WINNER,0.5539,1.262196952,1222344
2026-09-09,2026-09-09 17:00,Njardvik x Throttur,Njardvik,Throttur,10,Under 2.5,2,3.1,745.0,2026-09-09 17:26,Finalizado,GREEN,BF:WINNER,2.0055,1.262197489,47972
2026-09-09,2026-09-09 17:00,Njardvik x Throttur,Njardvik,Throttur,10,Under 3.5,3,1.69,1503.0,2026-09-09 17:26,Finalizado,GREEN,BF:WINNER,0.6589,1.262197435,1222344
2026-09-09,2026-09-09 17:00,United IK Nordic x Varnamo,United IK Nordic,Varnamo,20,Under 2.5,2,2.88,700.0,2026-09-09 17:36,Finalizado,RED,BF:LOSER,-1.0000,1.261987203,47972
2026-09-09,2026-09-09 17:00,United IK Nordic x Varnamo,United IK Nordic,Varnamo,20,Under 3.5,3,1.64,1868.0,2026-09-09 17:36,Finalizado,RED,BF:LOSER,-1.0000,1.261987204,1222344
2026-09-09,2026-09-09 17:00,Sandvikens IF x Oddevold,Sandvikens IF,Oddevold,20,Under 2.5,2,2.76,139.0,2026-09-09 17:36,Finalizado,GREEN,BF:WINNER,1.6808,1.261991209,47972
2026-09-09,2026-09-09 17:00,Sandvikens IF x Oddevold,Sandvikens IF,Oddevold,20,Under 3.5,3,1.56,2692.0,2026-09-09 17:36,Finalizado,GREEN,BF:WINNER,0.5348,1.261991155,1222344
2026-09-09,2026-09-09 17:00,ENPPI x ZED FC,ENPPI,ZED FC,30,Under 2.5,2,2.94,153.0,2026-09-09 17:46,Finalizado,RED,BF:LOSER,-1.0000,1.261944319,47972
2026-09-09,2026-09-09 17:00,ENPPI x ZED FC,ENPPI,ZED FC,30,Under 3.5,3,1.48,102.0,2026-09-09 17:46,Finalizado,GREEN,BF:WINNER,0.4584,1.261944265,1222344
2026-09-09,2026-09-09 17:00,Ljungskile x Norrby IF,Ljungskile,Norrby IF,30,Under 2.5,2,2.38,185.0,2026-09-09 17:52,Finalizado,RED,BF:LOSER,-1.0000,1.261987095,47972
2026-09-09,2026-09-09 17:00,Ljungskile x Norrby IF,Ljungskile,Norrby IF,30,Under 3.5,3,1.43,148.0,2026-09-09 17:52,Finalizado,GREEN,BF:WINNER,0.4106,1.261987096,1222344
2026-09-09,2026-09-09 17:00,Al Mokawloon x Al Ahly Cairo,Al Mokawloon,Al Ahly Cairo,30,Under 2.5,2,1.77,300.0,2026-09-09 17:52,Finalizado,GREEN,BF:WINNER,0.7353,1.261975275,47972
2026-09-09,2026-09-09 17:00,Al Mokawloon x Al Ahly Cairo,Al Mokawloon,Al Ahly Cairo,30,Under 3.5,3,1.22,9817.0,2026-09-09 17:52,Finalizado,GREEN,BF:WINNER,0.2101,1.261975221,1222344
2026-09-09,2026-09-09 18:00,Racing Club (Uru) x Central Espanol,Racing Club (Uru),Central Espanol,10,Under 2.5,2,2.2,576.0,2026-09-09 18:26,Finalizado,RED,BF:LOSER,-1.0000,1.261665678,47972
2026-09-09,2026-09-09 18:00,Racing Club (Uru) x Central Espanol,Racing Club (Uru),Central Espanol,10,Under 3.5,3,1.37,886.0,2026-09-09 18:26,Finalizado,RED,BF:LOSER,-1.0000,1.261665624,1222344
2026-09-09,2026-09-09 18:00,Al-Fateh (KSA) x Al Draih,Al-Fateh (KSA),Al Draih,20,Under 2.5,2,2.82,970.0,2026-09-09 18:36,Finalizado,RED,BF:LOSER,-1.0000,1.262036502,47972
2026-09-09,2026-09-09 18:00,Al-Fateh (KSA) x Al Draih,Al-Fateh (KSA),Al Draih,20,Under 3.5,3,1.57,2119.0,2026-09-09 18:36,Finalizado,GREEN,BF:WINNER,0.5444,1.262036448,1222344
2026-09-09,2026-09-09 18:00,Al Nassr x Abha,Al Nassr,Abha,20,Under 3.5,3,1.81,304.0,2026-09-09 18:36,Finalizado,GREEN,BF:WINNER,0.7736,1.262045269,1222344
2026-09-09,2026-09-09 18:00,Al Nassr x Abha,Al Nassr,Abha,25,Under 2.5,2,3.2,342.0,2026-09-09 18:42,Finalizado,RED,BF:LOSER,-1.0000,1.262045323,47972
2026-09-09,2026-09-09 18:00,Boston River x Colon FC,Boston River,Colon FC,30,Under 2.5,2,1.72,148.0,2026-09-09 18:52,Finalizado,GREEN,BF:WINNER,0.6876,1.261665568,47972
2026-09-09,2026-09-09 18:30,Defensores de Belgrano x Los Andes,Defensores de Belgrano,Los Andes,20,Under 2.5,2,1.56,568.0,2026-09-09 19:06,Finalizado,GREEN,BF:WINNER,0.5348,1.262207195,47972
2026-09-09,2026-09-09 18:30,Defensores de Belgrano x Los Andes,Defensores de Belgrano,Los Andes,20,Under 3.5,3,1.15,2070.0,2026-09-09 19:06,Finalizado,GREEN,BF:WINNER,0.1432,1.262207196,1222344
2026-09-09,2026-09-09 18:45,Rangers x St Mirren,Rangers,St Mirren,10,Under 2.5,2,2.2,1291.0,2026-09-09 19:12,Finalizado,GREEN,BF:WINNER,1.1460,1.262123135,47972
2026-09-09,2026-09-09 18:45,Rangers x St Mirren,Rangers,St Mirren,10,Under 3.5,3,1.48,1001.0,2026-09-09 19:12,Finalizado,GREEN,BF:WINNER,0.4584,1.262123081,1222344
2026-09-09,2026-09-09 18:45,Derby x West Brom,Derby,West Brom,10,Under 2.5,2,2.1,4920.0,2026-09-09 19:12,Finalizado,GREEN,BF:WINNER,1.0505,1.262025885,47972
2026-09-09,2026-09-09 18:45,Derby x West Brom,Derby,West Brom,10,Under 3.5,3,1.35,1358.0,2026-09-09 19:12,Finalizado,GREEN,BF:WINNER,0.3343,1.262025886,1222344
