ko,home,away,ts_mo,fav,odd,liq,ts_ou,min_to_ko,competition,kodt,Data,gh,ga,fonte
2026-08-17 01:10,Santos Laguna,Guadalajara,2026-08-17 00:57:03,1.61,2.64,309.49,2026-08-17 00:57:03,12.9,Mexican Liga MX,2026-08-17 01:10:00,2026-08-16,0.0,1.0,betfair:fuzzy0.89
2026-08-17 15:00,FK Auda,SC Grobina,2026-08-17 14:47:00,1.48,2.64,193.07,2026-08-17 14:47:00,12.8,Latvian Cup,2026-08-17 15:00:00,2026-08-17,,,
2026-08-17 15:00,Polissya Zhytomyr,Zorya,2026-08-17 14:47:00,1.51,2.18,381.34,2026-08-17 14:47:00,12.8,Ukrainian Premier League,2026-08-17 15:00:00,2026-08-17,,,
2026-08-17 15:30,Zalaegerszeg,Ferencvaros,2026-08-17 15:18:53,1.66,2.54,479.18,2026-08-17 15:18:53,11.0,Hungarian NB I,2026-08-17 15:30:00,2026-08-17,,,
2026-08-17 16:00,FC Noah,Alashkert,2026-08-17 15:45:21,1.74,2.32,120.16,2026-08-17 15:45:21,14.5,Armenian Premier League,2026-08-17 16:00:00,2026-08-17,,,
2026-08-17 16:00,Pisa,Empoli,2026-08-17 15:45:21,1.62,2.0,273.88,2026-08-17 15:45:21,14.5,Italian Coppa Italia,2026-08-17 16:00:00,2026-08-17,1.0,1.0,betfair:exato
2026-08-17 16:15,Al-Zulfi SC,Al Riyadh SC,2026-08-17 16:01:07,1.58,2.3,350.92,2026-08-17 16:01:07,13.7,Saudi Kings Cup,2026-08-17 16:15:00,2026-08-17,,,
2026-08-17 16:30,Sassuolo,Cesena,2026-08-17 16:17:10,1.5,2.64,385.57,2026-08-17 16:17:10,12.7,Italian Coppa Italia,2026-08-17 16:30:00,2026-08-17,3.0,0.0,betfair:exato
2026-08-17 17:00,Brondby,SonderjyskE,2026-08-17 16:48:59,1.45,2.64,2518.67,2026-08-17 16:48:59,10.8,Danish Superliga,2026-08-17 17:00:00,2026-08-17,3.0,2.0,betfair:exato
2026-08-17 17:00,Maccabi Haifa,Hapoel Jerusalem,2026-08-17 16:48:59,1.6,2.4,424.37,2026-08-17 16:48:59,10.8,Israeli Toto Cup Leumit,2026-08-17 17:00:00,2026-08-17,,,
2026-08-17 18:00,Al-Adalh,Al-Feiha,2026-08-17 17:47:03,1.46,2.1,548.73,2026-08-17 17:47:03,12.8,Saudi Kings Cup,2026-08-17 18:00:00,2026-08-17,,,
2026-08-17 18:00,FK Decic,FK Bokelj,2026-08-17 17:47:03,1.72,1.61,167.69,2026-08-17 17:47:03,12.8,Montenegrin 1st League,2026-08-17 18:00:00,2026-08-17,,,
2026-08-17 18:00,Leiknir R,Aegir,2026-08-17 17:47:03,1.52,3.65,236.46,2026-08-17 17:47:03,12.8,Icelandic 1 Deild,2026-08-17 18:00:00,2026-08-17,6.0,1.0,betfair:fuzzy0.97
2026-08-17 18:00,Valur,KA Akureyri,2026-08-17 17:47:03,1.62,4.8,211.04,2026-08-17 17:47:03,12.8,Icelandic Urvalsdeild,2026-08-17 18:00:00,2026-08-17,4.0,4.0,betfair:exato
2026-08-17 18:15,Arda,Lokomotiv Sofia,2026-08-17 18:08:01,1.78,1.93,686.88,2026-08-17 18:08:01,6.8,Bulgarian A League,2026-08-17 18:15:00,2026-08-17,3.0,1.0,betfair:fuzzy0.86
2026-08-17 18:30,Batman Petrolspor,Boluspor,2026-08-17 18:18:34,1.41,2.32,334.32,2026-08-17 18:18:34,11.3,Turkish 1 Lig,2026-08-17 18:30:00,2026-08-17,2.0,0.0,betfair:exato
2026-08-17 18:30,FCSB,Botosani,2026-08-17 18:18:34,1.54,2.68,181.2,2026-08-17 18:18:34,11.3,Romanian Liga I,2026-08-17 18:30:00,2026-08-17,3.0,2.0,betfair:fuzzy0.94
2026-08-17 19:00,Sportivo Belgrano,Def Belgrano VR,2026-08-17 18:44:40,1.54,1.75,81.08,2026-08-17 18:44:40,15.2,Argentinian Torneo A,2026-08-17 19:00:00,2026-08-17,0.0,2.0,b365:fuzzy0.89
2026-08-17 19:15,Afturelding,HK Kopavogur,2026-08-17 19:00:24,1.52,4.8,120.66,2026-08-17 19:00:24,14.5,Icelandic 1 Deild,2026-08-17 19:15:00,2026-08-17,2.0,2.0,betfair:fuzzy0.95
2026-08-17 19:30,Almeria,Eldense,2026-08-17 19:15:56,1.49,2.5,262.76,2026-08-17 19:15:56,14.0,Spanish Segunda Division,2026-08-17 19:30:00,2026-08-17,3.0,0.0,betfair:exato
2026-08-17 23:00,Guarani,Ypiranga RS,2026-08-17 22:46:21,1.76,1.98,919.45,2026-08-17 22:46:21,13.6,Brazilian Serie C,2026-08-17 23:00:00,2026-08-17,2.0,2.0,b365:fuzzy0.90
2026-08-17 23:00,Internacional,Remo,2026-08-17 22:46:21,1.51,2.04,3522.28,2026-08-17 22:46:21,13.6,Brazilian Serie A,2026-08-17 23:00:00,2026-08-17,1.0,1.0,betfair:exato
2026-08-18 00:30,Palestino,Huachipato,2026-08-18 00:18:08,1.71,2.4,598.66,2026-08-18 00:18:08,11.8,Chilean Primera Division,2026-08-18 00:30:00,2026-08-17,5.0,1.0,betfair:exato
2026-08-18 02:00,Sporting San Jose FC,Escorpiones FC,2026-08-18 01:49:38,1.48,2.12,181.89,2026-08-18 01:49:38,10.2,Costa Rican Primera Division,2026-08-18 02:00:00,2026-08-17,,,
2026-08-18 10:30,MLP Football Team,Langsning SC,2026-08-18 10:16:48,1.63,3.9,151.33,2026-08-18 10:16:48,13.2,Indian Shillong Premier League,2026-08-18 10:30:00,2026-08-18,,,
2026-08-18 13:00,Thailand,Singapore,2026-08-18 12:46:47,1.54,2.2,281.67,2026-08-18 12:46:47,13.1,Other Competitions Soccer,2026-08-18 13:00:00,2026-08-18,,,
2026-08-18 14:00,Sogdiana Jizak,Qizilqum Zarafshon,2026-08-18 13:50:25,1.72,1.96,631.34,2026-08-18 13:50:25,9.4,Uzbekistan Super League,2026-08-18 14:00:00,2026-08-18,,,
2026-08-18 15:00,Buxoro FK,Neftchi Fargona,2026-08-18 14:54:12,1.73,2.16,1429.45,2026-08-18 14:43:47,16.0,Uzbekistan Super League,2026-08-18 15:00:00,2026-08-18,,,
2026-08-18 16:00,Kampala City Council,NEC FC,2026-08-18 15:47:27,1.45,1.78,70.43,2026-08-18 15:47:27,12.4,Ugandan Cup,2026-08-18 16:00:00,2026-08-18,,,
2026-08-18 16:15,Al Jabalain,Al-Ettifaq,2026-08-18 16:03:12,1.67,2.26,188.86,2026-08-18 16:03:12,11.6,Saudi Kings Cup,2026-08-18 16:15:00,2026-08-18,,,
2026-08-18 16:30,Sollentuna FF,Orebro,2026-08-18 16:19:17,1.66,2.26,551.35,2026-08-18 16:13:56,15.9,Swedish Cup,2026-08-18 16:30:00,2026-08-18,,,
2026-08-18 18:45,Bedford Town,Buxton,2026-08-18 18:36:23,1.8,2.5,1075.61,2026-08-18 18:36:23,8.5,English National League North,2026-08-18 18:45:00,2026-08-18,,,
2026-08-18 18:45,Walton & Hersham,Dag and Red,2026-08-18 18:36:23,1.73,2.36,204.7,2026-08-18 18:36:23,8.5,English National League South,2026-08-18 18:45:00,2026-08-18,,,
2026-08-18 19:00,Dinamo Zagreb,Viking,2026-08-18 18:46:57,1.76,2.5,3069.4,2026-08-18 18:46:57,12.9,UEFA Champions League Qualifiers,2026-08-18 19:00:00,2026-08-18,,,
2026-08-18 19:30,Dr Ben Aceval,Nacional (Par),2026-08-18 19:18:21,1.78,1.92,196.9,2026-08-18 19:18:21,11.5,Paraguayan Cup,2026-08-18 19:30:00,2026-08-18,,,
2026-08-18 20:00,Yaracuyanos,Caracas,2026-08-18 19:44:25,1.64,1.76,186.87,2026-08-18 19:44:25,15.5,Venezuelan Cup,2026-08-18 20:00:00,2026-08-18,,,
2026-08-18 22:00,Deportivo Recoleta,Boca Juniors,2026-08-18 21:47:53,1.57,2.06,4985.34,2026-08-18 21:47:53,12.1,CONMEBOL Copa Sudamericana,2026-08-18 22:00:00,2026-08-18,,,
2026-08-18 22:00,Guabira,Universitario de Vinto,2026-08-18 21:47:53,1.58,2.84,95.65,2026-08-18 21:47:53,12.1,Bolivian Cup,2026-08-18 22:00:00,2026-08-18,,,
2026-08-19 00:00,The Strongest,Oriente Petrolero,2026-08-18 23:45:24,1.53,3.5,260.5,2026-08-18 23:45:24,14.6,Bolivian Cup,2026-08-19 00:00:00,2026-08-18,,,
2026-08-19 00:30,Sao Paulo,Bolivar,2026-08-19 00:16:01,1.47,2.14,1170.81,2026-08-19 00:16:01,13.9,CONMEBOL Copa Sudamericana,2026-08-19 00:30:00,2026-08-18,3.0,1.0,b365:fuzzy0.83
2026-08-19 09:30,Apia Leichhardt Tigers,Melbourne Victory,2026-08-19 09:19:03,1.79,2.4,88.97,2026-08-19 09:19:03,10.8,Australia Cup,2026-08-19 09:30:00,2026-08-19,,,
2026-08-19 10:00,Chungnam Asan,Daejeon Citizen,2026-08-19 09:50:38,1.55,2.34,480.9,2026-08-19 09:50:38,9.2,South Korean Cup,2026-08-19 10:00:00,2026-08-19,,,
2026-08-19 10:00,Mio Biwako Shiga,Japan Soccer College,2026-08-19 09:50:38,1.54,2.46,196.12,2026-08-19 09:50:38,9.2,Japanese Emperor Cup,2026-08-19 10:00:00,2026-08-19,,,
2026-08-19 10:00,Nagano Parceiro,Saurcos Fukui,2026-08-19 09:50:38,1.73,2.36,205.27,2026-08-19 09:50:38,9.2,Japanese Emperor Cup,2026-08-19 10:00:00,2026-08-19,,,
2026-08-19 10:00,Pohang Steelers,Jinju Citizen FC,2026-08-19 09:50:38,1.42,2.42,334.44,2026-08-19 09:50:38,9.2,South Korean Cup,2026-08-19 10:00:00,2026-08-19,,,
2026-08-19 10:00,Tochigi SC,Briobecca Urayasu SC,2026-08-19 09:50:38,1.77,1.79,120.23,2026-08-19 09:50:38,9.2,Japanese Emperor Cup,2026-08-19 10:00:00,2026-08-19,,,
2026-08-19 10:00,Veroskronos Tsuno,Kamatamare Sanuki,2026-08-19 09:50:38,1.63,2.26,1101.91,2026-08-19 09:50:38,9.2,Japanese Emperor Cup,2026-08-19 10:00:00,2026-08-19,,,
2026-08-19 13:00,FK Altay,FC Ordabasy,2026-08-19 12:45:44,1.48,3.1,226.12,2026-08-19 12:45:44,14.1,Kazakhstan Cup,2026-08-19 13:00:00,2026-08-19,,,
2026-08-19 13:00,Vietnam,Malaysia,2026-08-19 12:45:44,1.62,2.1,72.06,2026-08-19 12:45:44,14.1,Other Competitions Soccer,2026-08-19 13:00:00,2026-08-19,,,
2026-08-19 13:15,Pamba FC,Simba,2026-08-19 13:01:31,1.43,1.86,264.76,2026-08-19 13:01:31,13.3,Tanzanian Premier League,2026-08-19 13:15:00,2026-08-19,,,
2026-08-19 14:00,Olmaliq,FK Dinamo Samarkand,2026-08-19 13:44:24,1.73,2.48,198.86,2026-08-19 13:44:24,15.4,Uzbekistan Super League,2026-08-19 14:00:00,2026-08-19,,,
2026-08-19 14:30,ACS CIL Blaj,Progresul 1944 Spartac,2026-08-19 14:16:31,1.62,2.24,171.49,2026-08-19 14:16:31,13.3,Romanian Cup,2026-08-19 14:30:00,2026-08-19,,,
2026-08-19 14:30,FCM Baia Mare,FC Hunedoara,2026-08-19 14:16:31,1.58,2.2,525.8,2026-08-19 14:16:31,13.3,Romanian Cup,2026-08-19 14:30:00,2026-08-19,,,
2026-08-19 15:00,Cana,Lokomotiva Kosice,2026-08-19 14:48:40,1.57,4.2,171.82,2026-08-19 14:48:40,11.1,Slovakian Cup,2026-08-19 15:00:00,2026-08-19,,,
2026-08-19 15:00,FK Kechnec,Slavia TU Kosice,2026-08-19 14:48:40,1.69,2.86,708.2,2026-08-19 14:48:40,11.1,Slovakian Cup,2026-08-19 15:00:00,2026-08-19,,,
2026-08-19 15:00,Mash al Mubarek,FK Andijan,2026-08-19 14:48:40,1.74,1.88,190.25,2026-08-19 14:48:40,11.1,Uzbekistan Super League,2026-08-19 15:00:00,2026-08-19,,,
2026-08-19 15:00,OFK Rosina,MFk Bytca,2026-08-19 14:48:40,1.44,3.4,533.84,2026-08-19 14:48:40,11.1,Slovakian Cup,2026-08-19 15:00:00,2026-08-19,,,
2026-08-19 15:00,SK Tomasov,SK 1923 Gabcikovo,2026-08-19 14:48:40,1.51,2.96,79.35,2026-08-19 14:48:40,11.1,Slovakian Cup,2026-08-19 15:00:00,2026-08-19,,,
2026-08-19 15:00,TJ Krasno nad Kysucou,FK Podkonice,2026-08-19 14:48:40,1.73,3.15,109.39,2026-08-19 14:48:40,11.1,Slovakian Cup,2026-08-19 15:00:00,2026-08-19,,,
2026-08-19 15:30,FK Kozlovice,Slavicin,2026-08-19 15:15:21,1.7,2.82,120.38,2026-08-19 15:15:21,14.4,Czech Cup,2026-08-19 15:30:00,2026-08-19,,,
2026-08-19 15:30,NK Ziri,NK Skofja Loka,2026-08-19 15:15:21,1.68,3.4,408.47,2026-08-19 15:15:21,14.4,Slovenian Cup,2026-08-19 15:30:00,2026-08-19,,,
2026-08-19 16:00,Kagera Sugar,Singida Black Stars SC,2026-08-19 15:47:22,1.72,1.73,959.16,2026-08-19 15:47:22,12.4,Tanzanian Premier League,2026-08-19 16:00:00,2026-08-19,,,
2026-08-19 16:00,Panserraikos,Panthrakikos,2026-08-19 15:47:22,1.64,2.06,380.76,2026-08-19 15:47:22,12.4,Greek Cup,2026-08-19 16:00:00,2026-08-19,,,
2026-08-19 16:00,Vaxjo Norra IF,Varnamo,2026-08-19 15:47:22,1.6,2.38,277.68,2026-08-19 15:47:22,12.4,Swedish Cup,2026-08-19 16:00:00,2026-08-19,,,
2026-08-19 16:15,Dhamk,Al-Taawoun Buraidah,2026-08-19 16:03:30,1.68,2.18,261.25,2026-08-19 16:03:30,11.3,Saudi Kings Cup,2026-08-19 16:15:00,2026-08-19,,,
2026-08-19 16:30,FC Zurich II,FC Amical Saint-Prex,2026-08-19 16:13:56,1.77,3.0,505.6,2026-08-19 16:13:56,15.9,Swiss 1 Liga Promotion,2026-08-19 16:30:00,2026-08-19,,,
2026-08-19 17:00,FK Javor Ivanjica,FK Jedinstvo Ub,2026-08-19 16:45:48,1.55,1.9,282.95,2026-08-19 16:45:48,14.0,Serbian First League,2026-08-19 17:00:00,2026-08-19,,,
2026-08-19 18:00,FK Borac Cacak,FK Proleter Zrenjanin,2026-08-19 17:49:17,1.6,1.95,196.14,2026-08-19 17:49:17,10.6,Serbian First League,2026-08-19 18:00:00,2026-08-19,,,
2026-08-19 18:00,Hviti Riddarinn,KFG,2026-08-19 17:49:17,1.7,4.7,246.49,2026-08-19 17:49:17,10.6,Icelandic 2 Deild,2026-08-19 18:00:00,2026-08-19,,,
2026-08-19 18:00,Kormakur/Hvot,Haukar,2026-08-19 17:49:17,1.68,3.45,827.96,2026-08-19 17:49:17,10.6,Icelandic 2 Deild,2026-08-19 18:00:00,2026-08-19,,,
2026-08-19 18:00,Selfoss,Kari,2026-08-19 17:49:17,1.66,5.3,770.53,2026-08-19 17:49:17,10.6,Icelandic 2 Deild,2026-08-19 18:00:00,2026-08-19,,,
2026-08-19 19:00,Atletico Madrid,Malaga,2026-08-19 18:52:37,1.52,2.4,908.72,2026-08-19 18:52:37,7.2,Spanish La Liga,2026-08-19 19:00:00,2026-08-19,2.0,0.0,betfair:fuzzy0.89
2026-08-19 19:00,Bolivar SC,Dynamo Puerto,2026-08-19 18:52:37,1.59,1.75,122.4,2026-08-19 18:52:37,7.2,Venezuelan Cup,2026-08-19 19:00:00,2026-08-19,,,
2026-08-19 19:00,FK Backa Topola,FK Spartak,2026-08-19 18:52:37,1.63,2.24,183.65,2026-08-19 18:52:37,7.2,Serbian First League,2026-08-19 19:00:00,2026-08-19,,,
2026-08-19 20:00,Monagas,Mineros Guayana,2026-08-19 19:45:23,1.54,2.28,206.39,2026-08-19 19:45:23,14.5,Venezuelan Cup,2026-08-19 20:00:00,2026-08-19,,,
2026-08-19 23:00,Forge,FC Supra du Quebec,2026-08-19 22:48:02,1.6,2.4,312.62,2026-08-19 22:48:02,11.9,Canadian Premier League,2026-08-19 23:00:00,2026-08-19,,,
2026-08-19 23:30,Columbus,CF Montreal,2026-08-19 23:13:59,1.74,2.52,2135.0,2026-08-19 23:13:59,15.9,US MLS,2026-08-19 23:30:00,2026-08-19,1.0,2.0,betfair:fuzzy0.90
2026-08-20 00:30,Flamengo,Cruzeiro MG,2026-08-20 00:16:12,1.68,2.0,649.37,2026-08-20 00:16:12,13.7,CONMEBOL Copa Libertadores,2026-08-20 00:30:00,2026-08-19,,,
2026-08-20 00:30,Minnesota Utd,Atlanta Utd,2026-08-20 00:16:12,1.76,2.54,261.9,2026-08-20 00:16:12,13.7,US MLS,2026-08-20 00:30:00,2026-08-19,1.0,2.0,betfair:fuzzy0.94
2026-08-20 01:00,CD Marathon,Alianza FC (SLV),2026-08-20 00:47:07,1.53,1.93,414.14,2026-08-20 00:47:07,12.8,Copa centroamericana,2026-08-20 01:00:00,2026-08-19,,,
2026-08-20 01:00,Deportivo Mixco,UMECIT,2026-08-20 00:47:07,1.8,2.06,70.67,2026-08-20 00:47:07,12.8,Copa centroamericana,2026-08-20 01:00:00,2026-08-19,,,
2026-08-20 01:10,Boyaca Patriotas,Orsomarso,2026-08-20 00:57:26,1.72,1.73,500.13,2026-08-20 00:57:26,12.5,Colombian Primera B,2026-08-20 01:10:00,2026-08-19,1.0,1.0,b365:fuzzy0.88
2026-08-20 01:30,Seattle Sounders,Austin FC,2026-08-20 01:17:58,1.61,2.64,769.03,2026-08-20 01:17:58,12.0,US MLS,2026-08-20 01:30:00,2026-08-19,1.0,2.0,betfair:exato
2026-08-20 02:30,Vancouver Whitecaps,Houston Dynamo,2026-08-20 02:14:13,1.63,2.38,2196.82,2026-08-20 02:14:13,15.7,US MLS,2026-08-20 02:30:00,2026-08-19,0.0,1.0,betfair:exato
2026-08-20 13:00,Kolkheti Khobi,FC WIT Georgia Tbilisi,2026-08-20 12:44:28,1.44,2.62,181.51,2026-08-20 12:44:28,15.4,Georgian Liga 3,2026-08-20 13:00:00,2026-08-20,,,
2026-08-20 14:00,CSA Steaua Bucuresti,Csikszereda,2026-08-20 13:48:30,1.72,2.08,318.71,2026-08-20 13:48:30,11.3,Romanian Cup,2026-08-20 14:00:00,2026-08-20,,,
2026-08-20 14:30,CSC 1599 Selimbar,Botosani,2026-08-20 14:15:11,1.56,2.18,289.58,2026-08-20 14:15:11,14.6,Romanian Cup,2026-08-20 14:30:00,2026-08-20,,,
2026-08-20 16:00,FC Inter Turku,FC Copenhagen,2026-08-20 15:45:48,1.7,2.32,1758.14,2026-08-20 15:45:48,14.0,UEFA Europa Conference Qualifiers,2026-08-20 16:00:00,2026-08-20,0.0,0.0,planilha_dia:exato
2026-08-20 16:00,FC Iveria Khashuri,Dinamo-2 Tbilisi,2026-08-20 15:45:48,1.57,3.5,121.13,2026-08-20 15:45:48,14.0,Georgian Liga 3,2026-08-20 16:00:00,2026-08-20,,,
2026-08-20 17:00,FC Nordsjaelland,St Gallen,2026-08-20 16:44:07,1.52,3.65,173.67,2026-08-20 16:44:07,15.7,UEFA Europa Conference Qualifiers,2026-08-20 17:00:00,2026-08-20,1.0,0.0,b365:fuzzy0.84
2026-08-20 17:00,Lech Poznan,Thun,2026-08-20 16:44:07,1.54,2.9,768.94,2026-08-20 16:44:07,15.7,UEFA Europa League Qualifiers,2026-08-20 17:00:00,2026-08-20,,,
2026-08-20 17:00,Midtjylland,Rijeka,2026-08-20 16:44:07,1.56,1.94,234.94,2026-08-20 16:44:07,15.7,UEFA Europa Conference Qualifiers,2026-08-20 17:00:00,2026-08-20,2.0,0.0,b365:fuzzy0.84
2026-08-20 17:00,Trabzonspor,Ferencvaros,2026-08-20 16:44:07,1.69,2.06,810.01,2026-08-20 16:44:07,15.7,UEFA Europa League Qualifiers,2026-08-20 17:00:00,2026-08-20,0.0,1.0,b365:fuzzy0.88
2026-08-20 17:00,Tromso,Brighton,2026-08-20 16:44:07,1.52,2.46,512.13,2026-08-20 16:44:07,15.7,UEFA Europa Conference Qualifiers,2026-08-20 17:00:00,2026-08-20,0.0,0.0,planilha_dia:exato
2026-08-20 17:45,PAOK,Brann,2026-08-20 17:31:58,1.55,2.04,2703.37,2026-08-20 17:31:58,12.9,UEFA Europa Conference Qualifiers,2026-08-20 17:45:00,2026-08-20,,,
2026-08-20 18:00,Azam FC,Tabora United FC,2026-08-20 17:47:42,1.5,1.81,140.35,2026-08-20 17:47:42,12.1,Tanzanian Premier League,2026-08-20 18:00:00,2026-08-20,,,
2026-08-20 18:00,Crvena Zvezda,Plzen,2026-08-20 17:47:42,1.67,2.62,1285.87,2026-08-20 17:47:42,12.1,UEFA Europa League Qualifiers,2026-08-20 18:00:00,2026-08-20,3.0,0.0,b365:fuzzy0.83
2026-08-20 18:00,FC Twente,Qarabag FK,2026-08-20 17:47:42,1.48,2.86,2198.48,2026-08-20 17:47:42,12.1,UEFA Europa Conference Qualifiers,2026-08-20 18:00:00,2026-08-20,,,
2026-08-20 18:00,KF Drita,Inter Club Escaldes,2026-08-20 17:47:42,1.79,2.22,148.59,2026-08-20 17:47:42,12.1,UEFA Europa Conference Qualifiers,2026-08-20 18:00:00,2026-08-20,,,
2026-08-20 18:00,Vikingur Reykjavik,Borac Banja Luka,2026-08-20 17:47:42,1.73,2.14,689.82,2026-08-20 17:47:42,12.1,UEFA Europa Conference Qualifiers,2026-08-20 18:00:00,2026-08-20,1.0,3.0,b365:fuzzy0.91
2026-08-20 18:30,Gent,Hibernian,2026-08-20 18:14:05,1.72,1.79,396.14,2026-08-20 18:14:05,15.8,UEFA Europa Conference Qualifiers,2026-08-20 18:30:00,2026-08-20,,,
2026-08-20 18:30,Motherwell,Freiburg,2026-08-20 18:14:05,1.62,1.99,1759.02,2026-08-20 18:14:05,15.8,UEFA Europa Conference Qualifiers,2026-08-20 18:30:00,2026-08-20,1.0,3.0,b365:fuzzy0.86
2026-08-20 18:30,Panathinaikos,Hradec Kralove,2026-08-20 18:14:05,1.5,1.92,77.57,2026-08-20 18:14:05,15.8,UEFA Europa Conference Qualifiers,2026-08-20 18:30:00,2026-08-20,2.0,2.0,b365:fuzzy0.90
2026-08-20 18:45,Rangers,FK Jablonec,2026-08-20 18:30:03,1.52,2.12,526.72,2026-08-20 18:30:03,14.8,UEFA Europa Conference Qualifiers,2026-08-20 18:45:00,2026-08-20,,,
2026-08-20 19:00,Braga,Austria Wien,2026-08-20 18:45:43,1.45,1.93,568.35,2026-08-20 18:45:43,14.1,UEFA Europa Conference Qualifiers,2026-08-20 19:00:00,2026-08-20,,,
2026-08-20 19:00,Getafe,Partizan Belgrade,2026-08-20 18:45:43,1.41,1.85,818.91,2026-08-20 18:45:43,14.1,UEFA Europa Conference Qualifiers,2026-08-20 19:00:00,2026-08-20,,,
2026-08-20 22:00,Defence Force FC,SV Broki,2026-08-20 21:52:30,1.54,2.72,170.83,2026-08-20 21:52:30,7.5,CONCACAF Caribbean Cup,2026-08-20 22:00:00,2026-08-20,,,
2026-08-20 22:00,LDU,Mirassol,2026-08-20 21:52:30,1.58,1.71,1253.4,2026-08-20 21:52:30,7.5,CONMEBOL Copa Libertadores,2026-08-20 22:00:00,2026-08-20,,,
2026-08-20 22:45,Real Cartagena,Bogota,2026-08-20 22:33:27,1.47,2.1,82.8,2026-08-20 22:33:27,11.5,Colombian Primera B,2026-08-20 22:45:00,2026-08-20,2.0,0.0,b365:fuzzy0.91
2026-08-20 23:00,Timbuense,Newells,2026-08-20 22:53:52,1.5,3.1,74.16,2026-08-20 22:53:52,6.1,Argentinian Copa Santa Fe,2026-08-20 23:00:00,2026-08-20,,,
2026-08-20 23:00,Venados FC,Dorados,2026-08-20 22:53:52,1.74,2.74,221.63,2026-08-20 22:53:52,6.1,Mexican Liga de Ascenso,2026-08-20 23:00:00,2026-08-20,,,
2026-08-20 23:30,Novorizontino,America MG,2026-08-20 23:14:21,1.58,1.77,966.76,2026-08-20 23:14:21,15.6,Brazilian Serie B,2026-08-20 23:30:00,2026-08-20,3.0,0.0,betfair:exato
2026-08-21 01:00,Club Atletico Morelia,Correcaminos UAT,2026-08-21 00:46:03,1.63,2.78,4063.55,2026-08-21 00:46:03,13.9,Mexican Liga de Ascenso,2026-08-21 01:00:00,2026-08-20,1.0,3.0,planilha_dia:exato
2026-08-21 09:00,FC Rebel Kyiv,Agrobiznes Volochysk,2026-08-21 08:48:25,1.62,2.14,691.65,2026-08-21 08:48:25,11.5,Ukrainian Cup,2026-08-21 09:00:00,2026-08-21,,,
2026-08-21 10:00,Kashiwa,Nagasaki,2026-08-21 09:45:11,1.5,2.3,377.89,2026-08-21 09:45:11,14.7,Japanese J League,2026-08-21 10:00:00,2026-08-21,,,
2026-08-21 10:30,FC Tokyo,Jef Utd Chiba,2026-08-21 10:16:27,1.53,2.44,745.29,2026-08-21 10:16:27,13.4,Japanese J League,2026-08-21 10:30:00,2026-08-21,2.0,0.0,b365:fuzzy0.81
2026-08-21 12:00,Eastern AA,Shatin SA,2026-08-21 11:51:45,1.45,3.2,79.33,2026-08-21 11:51:45,8.1,Hong Kong Premier League,2026-08-21 12:00:00,2026-08-21,,,
2026-08-21 14:00,Al-Ittihad Kalba,Al Wasl,2026-08-21 13:46:55,1.77,2.74,392.3,2026-08-21 13:46:55,12.8,UAE Arabian Gulf League,2026-08-21 14:00:00,2026-08-21,,,
2026-08-21 14:30,Kaposvar,PTE PEAC,2026-08-21 14:14:36,1.54,3.05,128.36,2026-08-21 14:14:36,15.1,Hungarian Cup,2026-08-21 14:30:00,2026-08-21,,,
2026-08-21 14:30,Malisheva,Drenica Skenderaj,2026-08-21 14:14:36,1.47,2.22,188.31,2026-08-21 14:14:36,15.1,Kosovan Superliga,2026-08-21 14:30:00,2026-08-21,,,
2026-08-21 15:00,Liepajas Metalurgs,SC Grobina,2026-08-21 14:47:59,1.67,2.2,527.56,2026-08-21 14:47:59,11.7,Latvian Virsliga,2026-08-21 15:00:00,2026-08-21,,,
2026-08-21 15:00,NK Jadran Dekani,Jesenice,2026-08-21 14:47:59,1.54,2.34,72.15,2026-08-21 14:47:59,11.7,Slovenian 2 SNL,2026-08-21 15:00:00,2026-08-21,0.0,2.0,b365:fuzzy0.91
2026-08-21 15:15,Al Bataeh,Al-Ittifaq Maqaba,2026-08-21 14:59:17,1.59,2.54,175.05,2026-08-21 14:59:17,15.4,UAE Division 1,2026-08-21 15:15:00,2026-08-21,,,
2026-08-21 15:15,Al Oruba,Al-Thaid,2026-08-21 14:59:17,1.67,2.04,990.35,2026-08-21 14:59:17,15.4,UAE Division 1,2026-08-21 15:15:00,2026-08-21,,,
2026-08-21 16:00,Vejle,Esbjerg,2026-08-21 15:48:55,1.52,2.94,98.49,2026-08-21 15:48:55,10.8,Danish 1st Division,2026-08-21 16:00:00,2026-08-21,4.0,2.0,betfair:exato
2026-08-21 17:00,Alashkert,FC Gandzasar,2026-08-21 16:49:33,1.48,2.12,145.18,2026-08-21 16:49:33,10.2,Armenian Premier League,2026-08-21 17:00:00,2026-08-21,,,
2026-08-21 17:00,B93 Copenhagen,HIK Hellerup,2026-08-21 16:49:33,1.52,3.35,420.64,2026-08-21 16:49:33,10.2,Danish 2nd Division,2026-08-21 17:00:00,2026-08-21,,,
2026-08-21 17:00,Fredericia,Aarhus Fremad,2026-08-21 16:49:33,1.64,2.5,82.32,2026-08-21 16:49:33,10.2,Danish 1st Division,2026-08-21 17:00:00,2026-08-21,0.0,0.0,betfair:exato
2026-08-21 17:00,Zamalek,Al Ittihad (EGY),2026-08-21 16:49:33,1.46,1.85,1105.63,2026-08-21 16:49:33,10.2,Egyptian Premier,2026-08-21 17:00:00,2026-08-21,0.0,0.0,betfair:fuzzy0.93
2026-08-21 17:30,Stade Nyonnais,Etoile Carouge,2026-08-21 17:22:30,1.67,2.56,233.33,2026-08-21 17:22:30,7.2,Swiss Challenge League,2026-08-21 17:30:00,2026-08-21,0.0,0.0,betfair:exato
2026-08-21 18:00,FK Mornar,Fk Buducnost Podgorica,2026-08-21 17:44:37,1.77,1.81,103.84,2026-08-21 17:44:37,15.1,Montenegrin 1st League,2026-08-21 18:00:00,2026-08-21,,,
2026-08-21 18:00,Rudes,Lokomotiva,2026-08-21 17:44:37,1.79,2.2,485.27,2026-08-21 17:44:37,15.1,Croatian HNL,2026-08-21 18:00:00,2026-08-21,4.0,1.0,base_mestre:exato
2026-08-21 18:15,Cherno More,Dunav Ruse,2026-08-21 18:00:42,1.63,1.78,11084.38,2026-08-21 18:00:42,14.0,Bulgarian A League,2026-08-21 18:15:00,2026-08-21,3.0,1.0,betfair:exato
2026-08-21 18:15,Olimpija,Nafta Lendava,2026-08-21 18:00:42,1.67,2.02,206.03,2026-08-21 18:00:42,14.0,Slovenian Premier League,2026-08-21 18:15:00,2026-08-21,,,
2026-08-21 18:30,Erzurum BB,Galatasaray,2026-08-21 18:17:09,1.57,2.32,72.68,2026-08-21 18:17:09,12.6,Turkish Super League,2026-08-21 18:30:00,2026-08-21,0.0,4.0,base_mestre:exato
2026-08-21 18:45,Drogheda,St Patricks,2026-08-21 18:33:09,1.76,1.93,310.03,2026-08-21 18:33:09,11.6,Irish Premier Division,2026-08-21 18:45:00,2026-08-21,0.0,2.0,betfair:exato
2026-08-21 18:45,Marseille,Strasbourg,2026-08-21 18:33:09,1.78,2.74,701.65,2026-08-21 18:33:09,11.6,French Ligue 1,2026-08-21 18:45:00,2026-08-21,4.0,0.0,betfair:exato
2026-08-21 18:45,Penybont FC,Llandudno FC,2026-08-21 18:33:09,1.66,2.26,398.81,2026-08-21 18:33:09,11.6,Welsh Premiership,2026-08-21 18:45:00,2026-08-21,2.0,1.0,b365:fuzzy0.89
2026-08-21 18:45,Treaty United,Cork City,2026-08-21 18:33:09,1.56,2.28,123.28,2026-08-21 18:33:09,11.6,Irish Division 1,2026-08-21 18:45:00,2026-08-21,2.0,2.0,betfair:exato
2026-08-21 19:00,SSD Bari,Cavese 1919,2026-08-21 18:44:04,1.7,1.63,147.53,2026-08-21 18:44:04,15.7,Italian Serie C,2026-08-21 19:00:00,2026-08-21,,,
2026-08-21 19:00,Vllaznia Shkoder,KS Skenderbeu Korce,2026-08-21 18:44:04,1.72,1.59,126.46,2026-08-21 18:44:04,15.7,Albanian Superliga,2026-08-21 19:00:00,2026-08-21,,,
2026-08-21 20:30,LDU de Portoviejo,22 de Julio FC,2026-08-21 20:14:19,1.43,2.44,241.07,2026-08-21 20:14:19,15.5,Ecuadorian Serie B,2026-08-21 20:30:00,2026-08-21,2.0,0.0,b365:fuzzy0.91
2026-08-21 21:05,Jaguares de Cordoba,Boyaca Chico,2026-08-21 20:50:42,1.77,1.64,1652.64,2026-08-21 20:50:42,14.2,Colombian Primera A,2026-08-21 21:05:00,2026-08-21,1.0,0.0,betfair:fuzzy0.81
2026-08-21 22:00,Liverpool Montevideo,Cerro,2026-08-21 21:47:13,1.74,1.73,210.4,2026-08-21 21:47:13,12.7,Uruguayan Primera Division,2026-08-21 22:00:00,2026-08-21,,,
2026-08-22 00:00,CD Leones del Norte,Independiente (Ecu),2026-08-21 23:45:01,1.8,1.87,778.08,2026-08-21 23:45:01,14.9,Ecuadorian Serie A,2026-08-22 00:00:00,2026-08-21,,,
2026-08-22 00:30,Alianza FC Valledupar,Deportivo Pereira,2026-08-22 00:15:41,1.57,1.8,214.02,2026-08-22 00:15:41,14.3,Colombian Primera A,2026-08-22 00:30:00,2026-08-21,,,
2026-08-22 00:30,Oriente Petrolero,San Antonio Bulo Bulo,2026-08-22 00:15:41,1.5,3.25,614.41,2026-08-22 00:15:41,14.3,Bolivian Liga de Futbol Profesional,2026-08-22 00:30:00,2026-08-21,4.0,0.0,betfair:fuzzy0.86
2026-08-22 01:00,CD Motagua,Lobos UPNFM,2026-08-22 00:46:21,1.55,2.26,777.2,2026-08-22 00:46:21,13.6,Honduras Liga Nacional,2026-08-22 01:00:00,2026-08-21,,,
2026-08-22 01:00,Tigres,Atlante,2026-08-22 00:46:21,1.61,2.4,3573.0,2026-08-22 00:46:21,13.6,Mexican Liga MX,2026-08-22 01:00:00,2026-08-21,2.0,0.0,betfair:fuzzy0.88
2026-08-22 03:00,Club Atletico La Paz,Cruz Azul Hidalgo,2026-08-22 02:44:06,1.62,3.15,201.73,2026-08-22 02:44:06,15.8,Mexican Liga de Ascenso,2026-08-22 03:00:00,2026-08-21,1.0,1.0,betfair:fuzzy0.93
2026-08-22 03:00,FC Juarez,CF America,2026-08-22 02:44:06,1.72,2.1,3247.35,2026-08-22 02:44:06,15.8,Mexican Liga MX,2026-08-22 03:00:00,2026-08-21,1.0,2.0,betfair:fuzzy0.83
2026-08-22 08:00,CSM Satu Mare,Bihor Oradea,2026-08-22 07:45:16,1.69,2.1,212.29,2026-08-22 07:45:16,14.5,Romanian Liga II,2026-08-22 08:00:00,2026-08-22,,,
2026-08-22 08:00,Dalian Yingbo II,Beijing Tech FC,2026-08-22 07:45:16,1.46,1.88,71.7,2026-08-22 07:45:16,14.5,Chinese League 2,2026-08-22 08:00:00,2026-08-22,,,
2026-08-22 08:00,Southern District,Hong Kong FC,2026-08-22 07:45:16,1.53,2.84,433.13,2026-08-22 07:45:16,14.5,Hong Kong Premier League,2026-08-22 08:00:00,2026-08-22,,,
2026-08-22 08:00,Taian Tiankuang,Shanghai Second,2026-08-22 07:45:16,1.57,1.91,111.52,2026-08-22 07:45:16,14.5,Chinese League 2,2026-08-22 08:00:00,2026-08-22,,,
2026-08-22 09:00,FK UCSA Tarasivka,Kolos Kovalyovka,2026-08-22 08:47:16,1.57,2.1,204.39,2026-08-22 08:47:16,12.3,Ukrainian Cup,2026-08-22 09:00:00,2026-08-22,,,
2026-08-22 10:00,CF Os Belenenses,Santarem,2026-08-22 09:45:33,1.67,1.89,98.15,2026-08-22 09:45:33,14.0,Portuguese Liga 3,2026-08-22 10:00:00,2026-08-22,5.0,0.0,betfair:fuzzy0.96
2026-08-22 10:15,Hiroshima,Kawasaki,2026-08-22 10:02:27,1.55,2.92,173.04,2026-08-22 10:02:27,12.0,Japanese J League,2026-08-22 10:15:00,2026-08-22,,,
2026-08-22 10:30,Cheonan City,Suwon Bluewings,2026-08-22 10:14:27,1.51,2.48,359.29,2026-08-22 10:14:27,15.1,South Korean K2 League,2026-08-22 10:30:00,2026-08-22,0.0,1.0,betfair:exato
2026-08-22 10:30,Suwon FC,Gimhae City,2026-08-22 10:14:27,1.53,2.48,1227.13,2026-08-22 10:14:27,15.1,South Korean K2 League,2026-08-22 10:30:00,2026-08-22,2.0,0.0,b365:fuzzy0.88
2026-08-22 11:00,BK Olympic,Tvaakers,2026-08-22 10:49:32,1.68,2.94,176.9,2026-08-22 10:43:31,16.0,Swedish Division 1,2026-08-22 11:00:00,2026-08-22,,,
2026-08-22 11:00,Cottbus,Augsburg,2026-08-22 10:49:32,1.62,3.1,292.29,2026-08-22 10:43:31,16.0,German Cup,2026-08-22 11:00:00,2026-08-22,0.0,2.0,betfair:exato
2026-08-22 11:30,Birmingham,Bristol City,2026-08-22 11:18:38,1.79,1.91,1917.3,2026-08-22 11:18:38,10.8,English Sky Bet Championship,2026-08-22 11:30:00,2026-08-22,2.0,2.0,betfair:exato
2026-08-22 11:30,Bristol Rovers,Newport County,2026-08-22 11:18:38,1.75,2.08,909.42,2026-08-22 11:18:38,10.8,English Sky Bet League 2,2026-08-22 11:30:00,2026-08-22,5.0,3.0,betfair:fuzzy0.85
2026-08-22 11:30,Carlisle,Hornchurch,2026-08-22 11:18:38,1.56,2.48,271.32,2026-08-22 11:18:38,10.8,English National League,2026-08-22 11:30:00,2026-08-22,4.0,1.0,betfair:exato
2026-08-22 11:30,Guangxi Hengchen,Suzhou Dongwu,2026-08-22 11:18:38,1.51,2.12,157.37,2026-08-22 11:18:38,10.8,Chinese League 1,2026-08-22 11:30:00,2026-08-22,3.0,3.0,betfair:exato
2026-08-22 11:30,Luton,Notts Co,2026-08-22 11:18:38,1.55,2.38,231.9,2026-08-22 11:18:38,10.8,English Sky Bet League 1,2026-08-22 11:30:00,2026-08-22,2.0,2.0,b365:fuzzy0.89
2026-08-22 11:30,Meizhou Hakka,Guangdong GZ-Power FC,2026-08-22 11:18:38,1.55,2.56,437.61,2026-08-22 11:18:38,10.8,Chinese League 1,2026-08-22 11:30:00,2026-08-22,1.0,5.0,base_mestre:exato
2026-08-22 12:00,Beijing Guoan,Yunnan Yukun,2026-08-22 11:47:37,1.53,4.9,533.4,2026-08-22 11:47:37,11.8,Chinese Super League,2026-08-22 12:00:00,2026-08-22,3.0,3.0,betfair:exato
2026-08-22 12:00,Inhulets Petrove,Veres Rivne,2026-08-22 11:47:37,1.56,3.9,140.91,2026-08-22 11:47:37,11.8,Ukrainian Cup,2026-08-22 12:00:00,2026-08-22,,,
2026-08-22 13:00,Sekhukhune United,Orlando Pirates (SA),2026-08-22 12:51:38,1.67,1.76,183.82,2026-08-22 12:51:38,7.8,South African Top 8 Cup,2026-08-22 13:00:00,2026-08-22,,,
2026-08-22 14:00,Aatvidabergs Ff,Angelholms,2026-08-22 13:45:03,1.63,2.52,99.52,2026-08-22 13:45:03,14.4,Swedish Division 1,2026-08-22 14:00:00,2026-08-22,,,
2026-08-22 14:00,Airdrieonians,Ross Co,2026-08-22 13:45:03,1.77,2.4,157.89,2026-08-22 13:45:03,14.4,Scottish League One,2026-08-22 14:00:00,2026-08-22,1.0,3.0,b365:fuzzy0.88
2026-08-22 14:00,Ajman Club,Hatta,2026-08-22 13:45:03,1.6,2.34,412.07,2026-08-22 13:45:03,14.4,UAE Arabian Gulf League,2026-08-22 14:00:00,2026-08-22,,,
2026-08-22 14:00,Buxton,Hebburn Town,2026-08-22 13:45:03,1.61,2.44,87.0,2026-08-22 13:45:03,14.4,English National League North,2026-08-22 14:00:00,2026-08-22,,,
2026-08-22 14:00,Chesham Utd,Walton & Hersham,2026-08-22 13:45:03,1.51,2.6,121.01,2026-08-22 13:45:03,14.4,English National League South,2026-08-22 14:00:00,2026-08-22,,,
2026-08-22 14:00,Chester,Spalding Utd,2026-08-22 13:45:03,1.62,2.38,515.51,2026-08-22 13:45:03,14.4,English National League North,2026-08-22 14:00:00,2026-08-22,,,
2026-08-22 14:00,Clyde,Forfar,2026-08-22 13:45:03,1.71,2.2,158.7,2026-08-22 13:45:03,14.4,Scottish League Two,2026-08-22 14:00:00,2026-08-22,3.0,0.0,betfair:fuzzy0.80
2026-08-22 14:00,Fylkir,Grindavik,2026-08-22 13:45:03,1.65,3.3,755.3,2026-08-22 13:45:03,14.4,Icelandic 1 Deild,2026-08-22 14:00:00,2026-08-22,6.0,1.0,betfair:exato
2026-08-22 14:00,Kings Lynn,Marine FC,2026-08-22 13:45:03,1.76,2.18,125.39,2026-08-22 13:45:03,14.4,English National League North,2026-08-22 14:00:00,2026-08-22,,,
2026-08-22 14:00,Leicester,Burton Albion,2026-08-22 13:45:03,1.6,2.16,509.78,2026-08-22 13:45:03,14.4,English Sky Bet League 1,2026-08-22 14:00:00,2026-08-22,1.0,2.0,betfair:fuzzy0.83
2026-08-22 14:00,Macclesfield,Brackley Town,2026-08-22 13:45:03,1.69,2.12,137.04,2026-08-22 13:45:03,14.4,English National League North,2026-08-22 14:00:00,2026-08-22,,,
2026-08-22 14:00,Montrose,East Kilbride,2026-08-22 13:45:03,1.75,2.8,183.04,2026-08-22 13:45:03,14.4,Scottish League One,2026-08-22 14:00:00,2026-08-22,3.0,0.0,betfair:exato
2026-08-22 14:00,Sollentuna FF,IF Karlstad,2026-08-22 13:45:03,1.79,1.97,194.87,2026-08-22 13:45:03,14.4,Swedish Division 1,2026-08-22 14:00:00,2026-08-22,,,
2026-08-22 14:00,South Shields,Merthyr Town,2026-08-22 13:45:03,1.45,3.4,187.74,2026-08-22 13:45:03,14.4,English National League North,2026-08-22 14:00:00,2026-08-22,,,
2026-08-22 14:00,Southampton,Stoke,2026-08-22 13:45:03,1.69,2.36,186.11,2026-08-22 13:45:03,14.4,English Sky Bet Championship,2026-08-22 14:00:00,2026-08-22,3.0,1.0,betfair:exato
2026-08-22 14:00,Stockport,Blackpool,2026-08-22 13:45:03,1.67,2.18,129.4,2026-08-22 13:45:03,14.4,English Sky Bet League 1,2026-08-22 14:00:00,2026-08-22,1.0,2.0,betfair:fuzzy0.88
2026-08-22 14:00,West Ham,Charlton,2026-08-22 13:45:03,1.46,2.52,7649.24,2026-08-22 13:45:03,14.4,English Sky Bet Championship,2026-08-22 14:00:00,2026-08-22,1.0,2.0,betfair:exato
2026-08-22 14:00,Weston-super-Mare,Dover,2026-08-22 13:45:03,1.56,2.14,153.67,2026-08-22 13:45:03,14.4,English National League South,2026-08-22 14:00:00,2026-08-22,,,
2026-08-22 14:15,Al-Duhail SC,Al Sailiya,2026-08-22 14:01:55,1.47,2.62,965.15,2026-08-22 14:01:55,12.5,Qatari Stars League,2026-08-22 14:15:00,2026-08-22,,,
2026-08-22 14:30,Fortuna Sittard,AZ Alkmaar,2026-08-22 14:14:03,1.62,2.94,2071.47,2026-08-22 14:14:03,15.4,Dutch Eredivisie,2026-08-22 14:30:00,2026-08-22,0.0,2.0,base_mestre:exato
2026-08-22 15:15,Lens,Auxerre,2026-08-22 15:00:53,1.52,2.34,4222.48,2026-08-22 15:00:53,13.6,French Ligue 1,2026-08-22 15:15:00,2026-08-22,5.0,2.0,betfair:exato
2026-08-22 16:00,1860 Munich,Holstein Kiel,2026-08-22 15:46:31,1.52,3.2,430.79,2026-08-22 15:46:31,13.0,German Cup,2026-08-22 16:00:00,2026-08-22,0.0,2.0,b365:fuzzy0.80
2026-08-22 16:00,Cittadella,Pergolettese,2026-08-22 15:46:31,1.55,1.88,96.32,2026-08-22 15:46:31,13.0,Italian Serie C,2026-08-22 16:00:00,2026-08-22,2.0,0.0,betfair:exato
2026-08-22 16:00,Dunajska Streda,Podbrezova,2026-08-22 15:46:31,1.79,2.74,178.13,2026-08-22 15:46:31,13.0,Slovakian Super League,2026-08-22 16:00:00,2026-08-22,5.0,0.0,betfair:fuzzy0.89
2026-08-22 16:00,Harju JK Laagri,Nomme Kalju,2026-08-22 15:46:31,1.63,2.98,139.11,2026-08-22 15:46:31,13.0,Estonian Premier League,2026-08-22 16:00:00,2026-08-22,1.0,0.0,base_mestre:exato
2026-08-22 16:00,Njardvik,Volsungur,2026-08-22 15:46:31,1.45,2.68,81.61,2026-08-22 15:46:31,13.0,Icelandic 1 Deild,2026-08-22 16:00:00,2026-08-22,4.0,0.0,betfair:exato
2026-08-22 16:00,Ruzomberok,Dukla Banska Bystrica,2026-08-22 15:46:31,1.68,2.36,234.02,2026-08-22 15:46:31,13.0,Slovakian Super League,2026-08-22 16:00:00,2026-08-22,0.0,1.0,betfair:fuzzy0.92
2026-08-22 16:00,SG Sonnenhof,Arminia Bielefeld,2026-08-22 15:46:31,1.58,3.1,1160.63,2026-08-22 15:46:31,13.0,German Cup,2026-08-22 16:00:00,2026-08-22,,,
2026-08-22 16:00,Umraniyespor,Erokspor A.S,2026-08-22 15:46:31,1.75,2.06,2318.19,2026-08-22 15:46:31,13.0,Turkish 1 Lig,2026-08-22 16:00:00,2026-08-22,1.0,1.0,betfair:fuzzy0.94
2026-08-22 16:15,Charleroi,Yellow-Red Mechelen,2026-08-22 16:04:02,1.71,2.24,1064.45,2026-08-22 16:04:02,10.6,Belgian Pro League,2026-08-22 16:15:00,2026-08-22,,,
2026-08-22 16:30,Al-Sadd,Al Ahli (QAT),2026-08-22 16:20:28,1.42,3.9,106.59,2026-08-22 16:20:28,9.2,Qatari Stars League,2026-08-22 16:30:00,2026-08-22,,,
2026-08-22 16:30,Udinese,Como,2026-08-22 16:20:28,1.79,1.88,524.8,2026-08-22 16:20:28,9.2,Italian Serie A,2026-08-22 16:30:00,2026-08-22,1.0,1.0,betfair:exato
2026-08-22 16:45,Zira,Imisli FK,2026-08-22 16:31:48,1.57,1.73,73.63,2026-08-22 16:31:48,12.9,Azerbaijan Premier League,2026-08-22 16:45:00,2026-08-22,,,
2026-08-22 17:00,Albacete,Sociedad B,2026-08-22 16:53:50,1.75,2.08,835.2,2026-08-22 16:53:50,5.8,Spanish Segunda Division,2026-08-22 17:00:00,2026-08-22,1.0,2.0,betfair:fuzzy0.91
2026-08-22 17:00,Ghazl El Mahallah,Pyramids,2026-08-22 16:53:50,1.52,1.55,1505.24,2026-08-22 16:53:50,5.8,Egyptian Premier,2026-08-22 17:00:00,2026-08-22,0.0,3.0,betfair:exato
2026-08-22 17:30,Sturm Graz,SC Austria Lustenau,2026-08-22 17:16:21,1.42,2.7,625.1,2026-08-22 17:16:21,13.3,Austrian Bundesliga,2026-08-22 17:30:00,2026-08-22,1.0,1.0,b365:fuzzy0.85
2026-08-22 18:00,Club Mercedes,Sacachispas,2026-08-22 17:49:31,1.78,1.59,97.09,2026-08-22 17:43:54,15.8,Argentinian Primera C,2026-08-22 18:00:00,2026-08-22,,,
2026-08-22 18:30,Dortmund,Bayern Munich,2026-08-22 18:16:56,1.6,3.95,543.11,2026-08-22 18:16:56,12.8,German Super Cup,2026-08-22 18:30:00,2026-08-22,,,
2026-08-22 19:00,Dinamo Zagreb,Varazdin,2026-08-22 18:44:13,1.6,2.5,1013.87,2026-08-22 18:44:13,15.5,Croatian HNL,2026-08-22 19:00:00,2026-08-22,3.0,1.0,betfair:fuzzy0.93
2026-08-22 19:00,Fluminense,Remo,2026-08-22 18:44:13,1.53,1.89,690.07,2026-08-22 18:44:13,15.5,Brazilian Serie A,2026-08-22 19:00:00,2026-08-22,2.0,1.0,betfair:exato
2026-08-22 19:00,Heerenveen,PEC Zwolle,2026-08-22 18:44:13,1.55,3.15,926.86,2026-08-22 18:44:13,15.5,Dutch Eredivisie,2026-08-22 19:00:00,2026-08-22,0.0,2.0,betfair:fuzzy0.90
2026-08-22 19:00,OFK Beograd,Zemun,2026-08-22 18:44:13,1.47,2.04,154.52,2026-08-22 18:44:13,15.5,Serbian Super League,2026-08-22 19:00:00,2026-08-22,1.0,0.0,betfair:fuzzy0.83
2026-08-22 19:00,Pescara,Pesaro,2026-08-22 18:44:13,1.47,2.14,91.47,2026-08-22 18:44:13,15.5,Italian Serie C,2026-08-22 19:00:00,2026-08-22,2.0,0.0,betfair:fuzzy0.90
2026-08-22 19:30,Espanyol,Real Madrid,2026-08-22 19:16:48,1.44,2.64,2390.31,2026-08-22 19:16:48,12.9,Spanish La Liga,2026-08-22 19:30:00,2026-08-22,1.0,2.0,betfair:exato
2026-08-22 19:30,Rayo Zuliano,Deportivo La Guaira,2026-08-22 19:16:48,1.64,1.86,429.74,2026-08-22 19:16:48,12.9,Venezuelan Primera Division,2026-08-22 19:30:00,2026-08-22,1.0,4.0,base_mestre:exato
2026-08-22 20:30,Cavalry,Atletico Ottawa,2026-08-22 20:15:57,1.55,2.62,283.42,2026-08-22 20:15:57,13.8,Canadian Premier League,2026-08-22 20:30:00,2026-08-22,,,
2026-08-22 21:30,Cobreloa Calama,Union Espanola,2026-08-22 21:14:19,1.78,2.12,215.12,2026-08-22 21:14:19,15.6,Chilean Primera B,2026-08-22 21:30:00,2026-08-22,,,
2026-08-22 23:07,Guadalajara,Tijuana,2026-08-22 22:53:52,1.5,2.4,196.86,2026-08-22 22:53:52,13.0,Mexican Liga MX,2026-08-22 23:07:00,2026-08-22,,,
2026-08-22 23:15,Estrella Roja,Juticalpa,2026-08-22 22:59:26,1.62,2.36,73.75,2026-08-22 22:59:26,15.5,Honduras Liga Nacional,2026-08-22 23:15:00,2026-08-22,,,
2026-08-22 23:30,FC Cincinnati,Seattle Sounders,2026-08-22 23:20:11,1.62,3.4,838.47,2026-08-22 23:25:40,4.2,US MLS,2026-08-22 23:30:00,2026-08-22,1.0,1.0,betfair:exato
2026-08-22 23:30,Guadalajara,Tijuana,2026-08-22 23:25:40,1.47,2.44,937.51,2026-08-22 23:25:40,4.2,Mexican Liga MX,2026-08-22 23:30:00,2026-08-22,,,
2026-08-23 00:00,Antigua GFC,Comunicaciones,2026-08-22 23:51:46,1.68,1.86,235.75,2026-08-22 23:51:46,8.1,Guatemalan Liga Nacional,2026-08-23 00:00:00,2026-08-22,,,
2026-08-23 00:00,Univ Catolica (Chile),Nublense,2026-08-22 23:51:46,1.69,1.9,300.62,2026-08-22 23:51:46,8.1,Chilean Primera Division,2026-08-23 00:00:00,2026-08-22,1.0,2.0,betfair:fuzzy0.85
2026-08-23 00:30,Nashville SC,Columbus,2026-08-23 00:22:55,1.73,2.28,233.52,2026-08-23 00:22:55,7.0,US MLS,2026-08-23 00:30:00,2026-08-22,3.0,2.0,betfair:fuzzy0.90
2026-08-23 01:00,Austin FC,Philadelphia,2026-08-23 00:53:56,1.79,2.58,1013.99,2026-08-23 00:53:56,6.0,US MLS,2026-08-23 01:00:00,2026-08-22,1.0,1.0,betfair:fuzzy0.91
2026-08-23 01:00,Piratas FC,Cancun FC,2026-08-23 00:53:56,1.71,1.81,594.81,2026-08-23 00:53:56,6.0,Mexican Liga de Ascenso,2026-08-23 01:00:00,2026-08-22,0.0,1.0,b365:fuzzy0.87
2026-08-23 01:20,Guadalajara,Tijuana,2026-08-23 01:04:17,1.47,2.46,163.64,2026-08-23 01:04:17,15.6,Mexican Liga MX,2026-08-23 01:20:00,2026-08-22,,,
2026-08-23 01:30,Vancouver Whitecaps,FC Dallas,2026-08-23 01:14:42,1.41,3.1,867.25,2026-08-23 01:14:42,15.2,US MLS,2026-08-23 01:30:00,2026-08-22,5.0,0.0,betfair:exato
2026-08-23 02:00,CSD Municipal,Xelaju,2026-08-23 01:45:31,1.56,2.1,195.92,2026-08-23 01:45:31,14.4,Guatemalan Liga Nacional,2026-08-23 02:00:00,2026-08-22,,,
2026-08-23 02:30,Los Angeles FC,Portland Timbers,2026-08-23 02:16:11,1.7,2.8,3156.86,2026-08-23 02:16:11,13.8,US MLS,2026-08-23 02:30:00,2026-08-22,1.0,1.0,betfair:exato
2026-08-23 03:00,Cruz Azul,Atlas,2026-08-23 02:46:50,1.64,2.26,1793.92,2026-08-23 02:46:50,13.1,Mexican Liga MX,2026-08-23 03:00:00,2026-08-22,0.0,2.0,betfair:exato
2026-08-23 08:00,CSA Steaua Bucuresti,ACS Dumbravita,2026-08-23 07:46:51,1.69,1.98,178.71,2026-08-23 07:46:51,13.0,Romanian Liga II,2026-08-23 08:00:00,2026-08-23,2.0,2.0,b365:fuzzy0.92
2026-08-23 08:15,FC Zbrojovka Brno B,CSK Uhersky Brod,2026-08-23 08:08:00,1.73,2.7,105.97,2026-08-23 08:08:00,6.8,Czech MSFL,2026-08-23 08:15:00,2026-08-23,,,
2026-08-23 08:15,Slavia Praha B,H Slavia Kromeriz,2026-08-23 08:08:00,1.64,2.52,358.53,2026-08-23 08:08:00,6.8,Czech 2 Liga,2026-08-23 08:15:00,2026-08-23,,,
2026-08-23 10:00,FC Legia Warsaw II,Sokol Kleczew,2026-08-23 09:45:09,1.78,2.76,141.58,2026-08-23 09:45:09,14.6,Polish 2 Liga,2026-08-23 10:00:00,2026-08-23,,,
2026-08-23 10:15,Go Ahead Eagles,ADO Den Haag,2026-08-23 10:01:46,1.76,3.0,97.64,2026-08-23 10:01:46,12.9,Dutch Eredivisie,2026-08-23 10:15:00,2026-08-23,,,
2026-08-23 10:30,Seoul E-Land FC,Paju Citizen,2026-08-23 10:18:03,1.62,2.44,283.36,2026-08-23 10:18:03,11.6,South Korean K2 League,2026-08-23 10:30:00,2026-08-23,,,
2026-08-23 11:30,Wuhan Three Towns II,Ganzhou Ruishi FC,2026-08-23 11:13:56,1.73,1.71,245.54,2026-08-23 11:13:56,15.7,Chinese League 2,2026-08-23 11:30:00,2026-08-23,,,
2026-08-23 11:30,Xiamen Feilu,Wenzhou Professional,2026-08-23 11:13:56,1.63,1.73,92.32,2026-08-23 11:13:56,15.7,Chinese League 2,2026-08-23 11:30:00,2026-08-23,,,
2026-08-23 12:00,Gor Mahia FC,Tusker FC,2026-08-23 11:47:29,1.66,1.59,70.11,2026-08-23 11:47:29,12.2,Kenyan Super Cup,2026-08-23 12:00:00,2026-08-23,,,
2026-08-23 12:00,HJK Helsinki,Gnistan,2026-08-23 11:47:29,1.67,2.82,1240.67,2026-08-23 11:47:29,12.2,Finnish Veikkausliiga,2026-08-23 12:00:00,2026-08-23,,,
2026-08-23 12:00,Midtjylland,Randers,2026-08-23 11:47:29,1.45,2.76,2641.19,2026-08-23 11:47:29,12.2,Danish Superliga,2026-08-23 12:00:00,2026-08-23,1.0,0.0,betfair:fuzzy0.94
2026-08-23 12:30,Banik Ostrava B,Arsenal Ceska Lipa,2026-08-23 12:15:20,1.75,2.82,106.6,2026-08-23 12:15:20,14.3,Czech 2 Liga,2026-08-23 12:30:00,2026-08-23,,,
2026-08-23 13:00,Man City,Bournemouth,2026-08-23 12:48:59,1.51,2.72,1664.65,2026-08-23 12:48:59,10.7,English Premier League,2026-08-23 13:00:00,2026-08-23,2.0,1.0,betfair:fuzzy0.83
2026-08-23 13:30,Carl Zeiss Jena,SV Darmstadt,2026-08-23 13:17:07,1.53,2.92,256.91,2026-08-23 13:17:07,12.5,German Cup,2026-08-23 13:30:00,2026-08-23,,,
2026-08-23 14:00,Paide Linnameeskond,Nomme Utd,2026-08-23 13:45:24,1.62,3.4,331.15,2026-08-23 13:45:24,14.2,Estonian Premier League,2026-08-23 14:00:00,2026-08-23,,,
2026-08-23 14:30,Guimaraes,CD Nacional Funchal,2026-08-23 14:19:22,1.66,2.04,479.68,2026-08-23 14:13:35,16.0,Portuguese Primeira Liga,2026-08-23 14:30:00,2026-08-23,,,
2026-08-23 14:30,Hammarby,GAIS,2026-08-23 14:19:22,1.42,2.98,246.02,2026-08-23 14:13:35,16.0,Swedish Allsvenskan,2026-08-23 14:30:00,2026-08-23,2.0,0.0,betfair:exato
2026-08-23 14:30,PFK Turan Tovuz,Shamakhi FK,2026-08-23 14:19:22,1.56,1.8,275.84,2026-08-23 14:13:35,16.0,Azerbaijan Premier League,2026-08-23 14:30:00,2026-08-23,,,
2026-08-23 15:00,FK Loznica,FK Bor 1919,2026-08-23 14:47:29,1.49,1.94,471.43,2026-08-23 14:47:29,12.1,Serbian First League,2026-08-23 15:00:00,2026-08-23,0.0,0.0,b365:fuzzy0.88
2026-08-23 15:00,Marek Dupnitsa,Dobrudzha,2026-08-23 14:47:29,1.68,1.65,1526.93,2026-08-23 14:47:29,12.1,Bulgarian B League,2026-08-23 15:00:00,2026-08-23,,,
2026-08-23 15:00,Nesebar,Pirin Blagoevgrad,2026-08-23 14:47:29,1.66,2.08,155.84,2026-08-23 14:47:29,12.1,Bulgarian B League,2026-08-23 15:00:00,2026-08-23,7.0,0.0,betfair:exato
2026-08-23 15:30,Gyori,Zalaegerszeg,2026-08-23 15:21:20,1.77,2.66,76.42,2026-08-23 15:21:20,8.3,Hungarian NB I,2026-08-23 15:30:00,2026-08-23,,,
2026-08-23 15:30,Universitatea Craiova,FC Voluntari,2026-08-23 15:21:20,1.44,2.34,179.55,2026-08-23 15:21:20,8.3,Romanian Liga I,2026-08-23 15:30:00,2026-08-23,3.0,1.0,betfair:fuzzy0.85
2026-08-23 15:45,FK Suduva,Panevezys,2026-08-23 15:32:51,1.52,2.36,958.33,2026-08-23 15:32:51,11.8,Lithuanian A Lyga,2026-08-23 15:45:00,2026-08-23,,,
2026-08-23 16:00,Bnei Yehuda,Hapoel Kfar Shelem,2026-08-23 15:44:23,1.64,2.52,105.12,2026-08-23 15:44:23,15.2,Israeli National League,2026-08-23 16:00:00,2026-08-23,3.0,1.0,b365:fuzzy0.97
2026-08-23 16:00,Boluspor,Mardin Buyuksehir Belediyespor,2026-08-23 15:44:23,1.63,1.96,394.29,2026-08-23 15:44:23,15.2,Turkish 1 Lig,2026-08-23 16:00:00,2026-08-23,0.0,3.0,base_mestre:exato
2026-08-23 16:00,La Serena,Cobresal,2026-08-23 15:44:23,1.6,2.62,222.35,2026-08-23 15:44:23,15.2,Chilean Primera Division,2026-08-23 16:00:00,2026-08-23,3.0,3.0,betfair:exato
2026-08-23 16:00,Parnu JK Vaprus,Tallinna FC Flora,2026-08-23 15:44:23,1.72,4.0,121.12,2026-08-23 15:44:23,15.2,Estonian Premier League,2026-08-23 16:00:00,2026-08-23,1.0,2.0,base_mestre:exato
2026-08-23 16:00,Septemvri,CSKA 1948 Sofia,2026-08-23 15:44:23,1.61,2.06,95.37,2026-08-23 15:44:23,15.2,Bulgarian A League,2026-08-23 16:00:00,2026-08-23,1.0,0.0,base_mestre:exato
2026-08-23 16:30,Frosinone,Juventus,2026-08-23 16:18:05,1.47,2.52,1031.23,2026-08-23 16:18:05,11.6,Italian Serie A,2026-08-23 16:30:00,2026-08-23,0.0,1.0,betfair:exato
2026-08-23 16:30,Rijeka,NK Istra,2026-08-23 16:18:05,1.51,2.32,262.73,2026-08-23 16:18:05,11.6,Croatian HNL,2026-08-23 16:30:00,2026-08-23,3.0,2.0,betfair:fuzzy0.81
2026-08-23 16:30,VMFD Zalgiris,FC Dziugas,2026-08-23 16:18:05,1.44,2.54,193.43,2026-08-23 16:18:05,11.6,Lithuanian A Lyga,2026-08-23 16:30:00,2026-08-23,,,
2026-08-23 16:45,Neftchi Baku,Araz Nakhchivan PFK,2026-08-23 16:34:31,1.42,2.32,211.53,2026-08-23 16:28:51,15.8,Azerbaijan Premier League,2026-08-23 16:45:00,2026-08-23,,,
2026-08-23 17:00,Ararat Armenia,Sardarapat FC,2026-08-23 16:45:51,1.43,2.54,159.78,2026-08-23 16:45:51,13.8,Armenian Premier League,2026-08-23 17:00:00,2026-08-23,,,
2026-08-23 17:00,CD Castellon,Sabadell,2026-08-23 16:45:51,1.8,2.02,4651.49,2026-08-23 16:45:51,13.8,Spanish Segunda Division,2026-08-23 17:00:00,2026-08-23,0.0,0.0,betfair:fuzzy0.95
2026-08-23 17:00,Municipal Santa Ana,Uruguay de Coronado,2026-08-23 16:45:51,1.76,2.48,87.06,2026-08-23 16:45:51,13.8,Costa Rican Liga de Ascenso,2026-08-23 17:00:00,2026-08-23,,,
2026-08-23 17:00,Stjarnan,Thor,2026-08-23 16:45:51,1.43,4.2,196.51,2026-08-23 16:45:51,13.8,Icelandic Urvalsdeild,2026-08-23 17:00:00,2026-08-23,,,
2026-08-23 17:15,Hapoel Jerusalem,Maccabi Tel Aviv,2026-08-23 17:02:13,1.5,2.24,194.35,2026-08-23 17:02:13,12.4,Israeli Premier League,2026-08-23 17:15:00,2026-08-23,2.0,5.0,betfair:exato
2026-08-23 17:30,GKS Tychy,Slask Wroclaw II,2026-08-23 17:19:09,1.61,2.28,95.82,2026-08-23 17:19:09,10.5,Polish 2 Liga,2026-08-23 17:30:00,2026-08-23,,,
2026-08-23 18:00,Al-Ula FC,Al Jabalain,2026-08-23 17:46:41,1.74,2.14,124.14,2026-08-23 17:46:41,13.0,Saudi 1st Division,2026-08-23 18:00:00,2026-08-23,3.0,1.0,b365:fuzzy0.92
2026-08-23 18:00,Sport Boys (Per),Cienciano,2026-08-23 17:46:41,1.77,1.94,210.27,2026-08-23 17:46:41,13.0,Peruvian Primera Division,2026-08-23 18:00:00,2026-08-23,5.0,1.0,betfair:fuzzy0.93
2026-08-23 18:15,Lokomotiv Sofia,CSKA Sofia,2026-08-23 18:08:30,1.64,2.3,88.03,2026-08-23 18:08:30,6.2,Bulgarian A League,2026-08-23 18:15:00,2026-08-23,,,
2026-08-23 18:15,NK Maribor,NK Bravo,2026-08-23 18:08:30,1.57,2.68,343.99,2026-08-23 18:08:30,6.2,Slovenian Premier League,2026-08-23 18:15:00,2026-08-23,3.0,1.0,betfair:fuzzy0.85
2026-08-23 18:45,Atalanta,Sassuolo,2026-08-23 18:30:39,1.55,2.4,5642.62,2026-08-23 18:30:39,14.1,Italian Serie A,2026-08-23 18:45:00,2026-08-23,2.0,1.0,betfair:exato
2026-08-23 18:45,Rennes,Paris St-G,2026-08-23 18:30:39,1.51,2.98,2871.96,2026-08-23 18:30:39,14.1,French Ligue 1,2026-08-23 18:45:00,2026-08-23,2.0,2.0,base_mestre:exato
2026-08-23 19:00,Brusque FC,Amazonas FC,2026-08-23 18:46:44,1.64,1.77,86.34,2026-08-23 18:46:44,13.0,Brazilian Serie C,2026-08-23 19:00:00,2026-08-23,1.0,1.0,b365:fuzzy0.88
2026-08-23 19:00,CDT Real Oruro,Bolivar,2026-08-23 18:46:44,1.44,3.95,90.77,2026-08-23 18:46:44,13.0,Bolivian Liga de Futbol Profesional,2026-08-23 19:00:00,2026-08-23,2.0,4.0,base_mestre:exato
2026-08-23 19:00,Egnatia Rrogozhine,KF Tirana,2026-08-23 18:46:44,1.63,1.89,88.98,2026-08-23 18:46:44,13.0,Albanian Superliga,2026-08-23 19:00:00,2026-08-23,,,
2026-08-23 19:00,Fortaleza FC,Atletico Nacional Medellin,2026-08-23 18:46:44,1.73,1.87,1609.15,2026-08-23 18:46:44,13.0,Colombian Primera A,2026-08-23 19:00:00,2026-08-23,,,
2026-08-23 19:00,Maringa,Barra FC,2026-08-23 18:46:44,1.62,1.94,165.15,2026-08-23 18:46:44,13.0,Brazilian Serie C,2026-08-23 19:00:00,2026-08-23,2.0,1.0,b365:fuzzy0.94
2026-08-23 19:00,Mineros Potosi,Wilstermann Cooperativas,2026-08-23 18:46:44,1.59,4.3,83.09,2026-08-23 18:46:44,13.0,Bolivian Copa Simon Bolivar,2026-08-23 19:00:00,2026-08-23,,,
2026-08-23 19:00,Palermo,Juve Stabia,2026-08-23 18:46:44,1.51,2.04,350.93,2026-08-23 18:46:44,13.0,Italian Serie B,2026-08-23 19:00:00,2026-08-23,1.0,0.0,betfair:exato
2026-08-23 19:00,Red Bull Bragantino,Gremio,2026-08-23 18:46:44,1.63,2.06,2349.78,2026-08-23 18:46:44,13.0,Brazilian Serie A,2026-08-23 19:00:00,2026-08-23,1.0,0.0,betfair:fuzzy0.87
2026-08-23 19:00,SE Palmeiras,Vasco Da Gama,2026-08-23 18:46:44,1.68,1.95,3384.17,2026-08-23 18:46:44,13.0,Brazilian Serie A,2026-08-23 19:00:00,2026-08-23,,,
2026-08-23 19:00,Vojvodina,Zeleznicar Pancevo,2026-08-23 18:46:44,1.78,2.18,597.46,2026-08-23 18:46:44,13.0,Serbian Super League,2026-08-23 19:00:00,2026-08-23,1.0,0.0,betfair:exato
2026-08-23 20:15,Union Comercio,Carlos Mannucci,2026-08-23 20:02:02,1.59,1.97,71.35,2026-08-23 20:02:02,12.8,Peruvian Segunda Division,2026-08-23 20:15:00,2026-08-23,0.0,0.0,betfair:exato
2026-08-23 21:30,Nacional (Uru),Progreso,2026-08-23 21:20:58,1.48,2.08,1853.2,2026-08-23 21:20:58,8.9,Uruguayan Primera Division,2026-08-23 21:30:00,2026-08-23,1.0,0.0,betfair:fuzzy0.92
2026-08-23 22:15,River Plate,Velez Sarsfield,2026-08-23 22:02:34,1.7,1.6,1753.61,2026-08-23 22:02:34,12.3,Argentinian Primera Division,2026-08-23 22:15:00,2026-08-23,2.0,2.0,betfair:exato
2026-08-23 23:00,Atlanta Utd,Kansas City,2026-08-23 22:44:03,1.74,2.74,1855.25,2026-08-23 22:44:03,15.9,US MLS,2026-08-23 23:00:00,2026-08-23,2.0,1.0,betfair:fuzzy0.86
2026-08-23 23:10,Deportivo Cali,Internacional de Bogotá,2026-08-23 22:54:18,1.62,1.8,1097.92,2026-08-23 22:54:18,15.6,Colombian Primera A,2026-08-23 23:10:00,2026-08-23,,,
2026-08-23 23:15,Plaza Amador,UMECIT,2026-08-23 22:59:29,1.58,2.16,73.38,2026-08-23 22:59:29,15.4,Panamanian Premier League,2026-08-23 23:15:00,2026-08-23,,,
2026-08-23 23:30,CD Luis Angel Firpo,CD Platense,2026-08-23 23:15:01,1.52,2.16,122.85,2026-08-23 23:15:01,14.9,Salvadoran Primera Division,2026-08-23 23:30:00,2026-08-23,,,
2026-08-23 23:30,Real Tomayapo,Always Ready,2026-08-23 23:15:01,1.58,2.68,93.76,2026-08-23 23:15:01,14.9,Bolivian Liga de Futbol Profesional,2026-08-23 23:30:00,2026-08-23,1.0,1.0,base_mestre:exato
2026-08-24 00:00,CSD Sacachispas,Achuapa FC,2026-08-23 23:45:49,1.45,1.86,734.45,2026-08-23 23:45:49,14.1,Guatemalan Primera Division de Ascenso,2026-08-24 00:00:00,2026-08-23,,,
2026-08-24 00:00,LDU,Emelec,2026-08-23 23:45:49,1.56,1.9,268.63,2026-08-23 23:45:49,14.1,Ecuadorian Serie A,2026-08-24 00:00:00,2026-08-23,,,
2026-08-24 01:00,CD Walter Ferreti,UNAN Managua,2026-08-24 00:47:13,1.75,2.14,76.34,2026-08-24 00:47:13,12.7,Nicaraguan Primera Division,2026-08-24 01:00:00,2026-08-23,,,
2026-08-24 09:30,Aryan Club,Rainbow FC,2026-08-24 09:14:32,1.41,3.05,1000.38,2026-08-24 09:14:32,15.4,Indian Calcutta Premier Division,2026-08-24 09:30:00,2026-08-24,,,
2026-08-24 09:30,Peerless SC,The Muslim Inst Wari AC,2026-08-24 09:14:32,1.42,2.02,320.12,2026-08-24 09:14:32,15.4,Indian Calcutta Premier Division,2026-08-24 09:30:00,2026-08-24,,,
2026-08-24 10:10,MLP Football Team,Sawmer SC,2026-08-24 09:55:28,1.49,6.0,156.84,2026-08-24 09:55:28,14.5,Indian Shillong Premier League,2026-08-24 10:10:00,2026-08-24,,,
2026-08-24 14:30,Ellas Syros,Marko,2026-08-24 14:14:49,1.67,3.8,76.97,2026-08-24 14:14:49,15.1,Greek Cup,2026-08-24 14:30:00,2026-08-24,,,
2026-08-24 15:00,Fk Smederevo,FK Teleoptik Zemun,2026-08-24 14:46:21,1.57,2.48,180.31,2026-08-24 14:46:21,13.5,Serbian First League,2026-08-24 15:00:00,2026-08-24,1.0,1.0,b365:fuzzy0.81
2026-08-24 15:30,Botosani,Csikszereda,2026-08-24 15:17:53,1.78,2.22,298.31,2026-08-24 15:17:53,12.0,Romanian Liga I,2026-08-24 15:30:00,2026-08-24,1.0,0.0,betfair:fuzzy0.85
2026-08-24 15:45,TransINVEST Vilnius,Fk Siauliai,2026-08-24 15:33:47,1.59,2.64,148.76,2026-08-24 15:33:47,11.1,Lithuanian A Lyga,2026-08-24 15:45:00,2026-08-24,,,
2026-08-24 16:00,FC Ashdod,Maccabi Kabilio Jaffa,2026-08-24 15:49:27,1.68,2.46,796.75,2026-08-24 15:49:27,10.4,Israeli National League,2026-08-24 16:00:00,2026-08-24,1.0,0.0,b365:fuzzy0.82
2026-08-24 16:00,Verl,Hamburger SV,2026-08-24 15:49:27,1.41,3.7,333.12,2026-08-24 15:49:27,10.4,German Cup,2026-08-24 16:00:00,2026-08-24,0.0,3.0,betfair:exato
2026-08-24 16:40,NEOM Sports Club,Al-Quadisiya (KSA),2026-08-24 16:26:23,1.52,2.76,362.31,2026-08-24 16:26:23,13.5,Saudi Professional League,2026-08-24 16:40:00,2026-08-24,0.0,2.0,base_mestre:exato
2026-08-24 17:00,Brondby,Silkeborg,2026-08-24 16:52:37,1.46,2.86,361.73,2026-08-24 16:52:37,7.2,Danish Superliga,2026-08-24 17:00:00,2026-08-24,3.0,1.0,betfair:exato
2026-08-24 17:00,Hassleholms IF,Laholms,2026-08-24 16:52:37,1.71,2.4,118.58,2026-08-24 16:52:37,7.3,Swedish Division 1,2026-08-24 17:00:00,2026-08-24,,,
2026-08-24 17:00,Maccabi Netanya,Bnei Sakhnin,2026-08-24 16:52:37,1.68,2.18,501.32,2026-08-24 16:52:37,7.3,Israeli Premier League,2026-08-24 17:00:00,2026-08-24,,,
2026-08-24 17:00,Shkendija,FK Struga Trim-Lum,2026-08-24 16:52:37,1.56,2.0,207.77,2026-08-24 16:52:37,7.2,Republic of North Macedonian Soccer,2026-08-24 17:00:00,2026-08-24,,,
2026-08-24 17:05,Norrkoping,Falkenbergs,2026-08-24 16:52:37,1.61,2.62,1655.36,2026-08-24 16:52:37,12.2,Swedish Superettan,2026-08-24 17:05:00,2026-08-24,2.0,1.0,betfair:fuzzy0.98
2026-08-24 18:00,Al-Ittihad,Al-Hazm (KSA),2026-08-24 17:45:17,1.58,2.58,1637.35,2026-08-24 17:45:17,14.6,Saudi Professional League,2026-08-24 18:00:00,2026-08-24,3.0,2.0,betfair:fuzzy0.88
2026-08-24 18:00,Jong FC Utrecht,Heracles,2026-08-24 17:45:17,1.52,2.72,372.93,2026-08-24 17:45:17,14.6,Dutch Eerste Divisie,2026-08-24 18:00:00,2026-08-24,1.0,6.0,base_mestre:exato
2026-08-24 18:00,Jong PSV Eindhoven,FC Oss,2026-08-24 17:45:17,1.73,3.25,674.36,2026-08-24 17:45:17,14.6,Dutch Eerste Divisie,2026-08-24 18:00:00,2026-08-24,,,
2026-08-24 18:45,Roma,Fiorentina,2026-08-24 18:32:12,1.8,1.98,323.26,2026-08-24 18:32:12,12.7,Italian Serie A,2026-08-24 18:45:00,2026-08-24,4.0,0.0,betfair:fuzzy0.90
2026-08-24 19:00,Salernitana,Sorrento,2026-08-24 18:47:56,1.52,1.95,84.25,2026-08-24 18:47:56,11.9,Italian Serie C,2026-08-24 19:00:00,2026-08-24,1.0,2.0,betfair:exato
2026-08-24 22:00,Tigre,Central Cordoba (SdE),2026-08-24 21:48:21,1.74,1.53,147.48,2026-08-24 21:48:21,11.6,Argentinian Primera Division,2026-08-24 22:00:00,2026-08-24,2.0,1.0,betfair:fuzzy0.95
2026-08-24 22:30,Sport Recife,America MG,2026-08-24 22:19:00,1.69,1.9,269.57,2026-08-24 22:19:00,10.9,Brazilian Serie B,2026-08-24 22:30:00,2026-08-24,3.0,0.0,betfair:exato
2026-08-24 23:00,Ferro Carril Oeste,All Boys,2026-08-24 22:44:32,1.76,1.37,72.91,2026-08-24 22:44:32,15.4,Argentinian Primera Nacional,2026-08-24 23:00:00,2026-08-24,,,
2026-08-25 00:45,Internacional de Palmira,Barranquilla,2026-08-25 00:36:32,1.51,2.24,188.25,2026-08-25 00:36:32,8.4,Colombian Primera B,2026-08-25 00:45:00,2026-08-24,1.0,0.0,b365:fuzzy0.85
2026-08-25 01:00,Guadalupe F.C,Ad Carmelita,2026-08-25 00:46:42,1.71,2.38,251.64,2026-08-25 00:46:42,13.3,Costa Rican Liga de Ascenso,2026-08-25 01:00:00,2026-08-24,,,
2026-08-25 08:30,Preah Sihanouk,Kampot,2026-08-25 08:17:48,1.64,5.4,73.98,2026-08-25 08:17:48,12.2,Cambodian Premier League,2026-08-25 08:30:00,2026-08-25,,,
2026-08-25 09:30,Chanmari FC,Kanan FC,2026-08-25 09:19:03,1.61,3.0,104.27,2026-08-25 09:13:55,16.0,Indian Mizoram Premier League,2026-08-25 09:30:00,2026-08-25,,,
2026-08-25 10:30,FC Seoul,Bucheon FC 1995,2026-08-25 10:15:33,1.42,2.42,1056.71,2026-08-25 10:15:33,14.4,South Korean K1 League,2026-08-25 10:30:00,2026-08-25,1.0,0.0,betfair:fuzzy0.92
2026-08-25 12:45,CD Maxaquene,Ferroviario Maputo,2026-08-25 12:30:37,1.64,1.47,264.35,2026-08-25 12:30:37,14.3,Mozambique Mocambola,2026-08-25 12:45:00,2026-08-25,,,
2026-08-25 14:00,FK Andijan,Xorazm FK Urganch,2026-08-25 13:45:15,1.64,2.06,308.49,2026-08-25 13:45:15,14.6,Uzbekistan Super League,2026-08-25 14:00:00,2026-08-25,,,
2026-08-25 15:00,CSKA Sofia II,Ludogorets Razgrad B,2026-08-25 14:44:14,1.57,2.2,205.94,2026-08-25 14:44:14,15.6,Bulgarian B League,2026-08-25 15:00:00,2026-08-25,1.0,1.0,b365:fuzzy0.83
2026-08-25 15:00,Varnsdorf,Usti nad Labem,2026-08-25 14:44:14,1.41,3.25,158.54,2026-08-25 14:44:14,15.6,Czech Cup,2026-08-25 15:00:00,2026-08-25,,,
2026-08-25 15:30,Allerod,Vanlose,2026-08-25 15:16:26,1.66,2.84,279.09,2026-08-25 15:16:26,13.4,Danish Cup,2026-08-25 15:30:00,2026-08-25,,,
2026-08-25 15:30,Motorlet Praha,Vysocina Jihlava,2026-08-25 15:16:26,1.47,2.8,174.29,2026-08-25 15:16:26,13.4,Czech Cup,2026-08-25 15:30:00,2026-08-25,,,
2026-08-25 15:30,TJ Sokol Zapy,Bohemians 1905,2026-08-25 15:16:26,1.54,2.82,279.26,2026-08-25 15:16:26,13.4,Czech Cup,2026-08-25 15:30:00,2026-08-25,,,
2026-08-25 16:10,Al-Taawoun Buraidah,Al-Feiha,2026-08-25 15:54:08,1.71,2.1,830.1,2026-08-25 15:54:08,15.7,Saudi Professional League,2026-08-25 16:10:00,2026-08-25,,,
2026-08-25 16:30,Bronshoj,AB,2026-08-25 16:15:27,1.68,2.88,206.48,2026-08-25 16:15:27,14.3,Danish Cup,2026-08-25 16:30:00,2026-08-25,,,
2026-08-25 16:30,Eskilsminne,Orgryte,2026-08-25 16:15:27,1.55,2.8,147.92,2026-08-25 16:15:27,14.3,Swedish Cup,2026-08-25 16:30:00,2026-08-25,,,
2026-08-25 17:00,Osters,Sundsvall,2026-08-25 16:47:33,1.62,2.74,402.72,2026-08-25 16:47:33,12.2,Swedish Superettan,2026-08-25 17:00:00,2026-08-25,1.0,0.0,b365:fuzzy0.95
2026-08-25 17:00,Skive,Esbjerg,2026-08-25 16:47:33,1.68,2.52,159.83,2026-08-25 16:47:33,12.2,Danish Cup,2026-08-25 17:00:00,2026-08-25,,,
2026-08-25 17:30,Maccabi Neve Shaanan Eldad,Hapoel Tirat HaCarmel,2026-08-25 17:14:17,1.73,2.28,72.57,2026-08-25 17:14:17,15.5,Israeli Cup,2026-08-25 17:30:00,2026-08-25,,,
2026-08-25 18:00,Al Fahaheel FC,Al-Qadsia,2026-08-25 17:46:14,1.43,2.22,210.15,2026-08-25 17:46:14,13.6,Kuwaiti Premier League,2026-08-25 18:00:00,2026-08-25,,,
2026-08-25 18:00,Al-Shabab (KSA),Al Riyadh SC,2026-08-25 17:46:14,1.77,2.54,730.96,2026-08-25 17:46:14,13.6,Saudi Professional League,2026-08-25 18:00:00,2026-08-25,3.0,3.0,betfair:fuzzy0.87
2026-08-25 18:30,Doncaster,Middlesbrough,2026-08-25 18:18:04,1.47,2.5,637.47,2026-08-25 18:18:04,11.8,English Football League Cup,2026-08-25 18:30:00,2026-08-25,1.0,3.0,betfair:exato
2026-08-25 18:45,Airdrieonians,Stirling,2026-08-25 18:34:05,1.5,2.8,523.78,2026-08-25 18:34:05,10.7,Scottish Challenge Cup,2026-08-25 18:45:00,2026-08-25,,,
2026-08-25 18:45,Barnsley,Crewe,2026-08-25 18:34:05,1.76,2.5,161.06,2026-08-25 18:34:05,10.7,English Football League Cup,2026-08-25 18:45:00,2026-08-25,3.0,2.0,betfair:exato
2026-08-25 18:45,Bonnyrigg,Rangers B,2026-08-25 18:34:05,1.67,3.8,135.38,2026-08-25 18:34:05,10.7,Scottish Challenge Cup,2026-08-25 18:45:00,2026-08-25,,,
2026-08-25 18:45,Clachnacuddin,Elgin City FC,2026-08-25 18:34:05,1.65,2.9,73.28,2026-08-25 18:34:05,10.7,Scottish Challenge Cup,2026-08-25 18:45:00,2026-08-25,,,
2026-08-25 18:45,East Fife,St Mirren B,2026-08-25 18:34:05,1.47,2.76,70.73,2026-08-25 18:34:05,10.7,Scottish Challenge Cup,2026-08-25 18:45:00,2026-08-25,,,
2026-08-25 18:45,Forfar,Formartine Utd,2026-08-25 18:34:05,1.71,2.12,280.71,2026-08-25 18:34:05,10.8,Scottish Challenge Cup,2026-08-25 18:45:00,2026-08-25,,,
2026-08-25 18:45,Fraserburgh,Aberdeen B,2026-08-25 18:34:05,1.79,3.3,486.64,2026-08-25 18:34:05,10.7,Scottish Challenge Cup,2026-08-25 18:45:00,2026-08-25,,,
2026-08-25 18:45,Hamilton,Edinburgh City,2026-08-25 18:34:05,1.8,2.4,298.07,2026-08-25 18:34:05,10.8,Scottish Challenge Cup,2026-08-25 18:45:00,2026-08-25,,,
2026-08-25 18:45,Ipswich,Leicester,2026-08-25 18:34:05,1.49,2.66,399.22,2026-08-25 18:34:05,10.8,English Football League Cup,2026-08-25 18:45:00,2026-08-25,3.0,1.0,betfair:exato
2026-08-25 18:45,Plymouth,Coventry,2026-08-25 18:34:05,1.55,2.54,256.14,2026-08-25 18:34:05,10.7,English Football League Cup,2026-08-25 18:45:00,2026-08-25,2.0,4.0,betfair:exato
2026-08-25 18:45,Sheff Wed,Wolves,2026-08-25 18:34:05,1.62,2.4,1167.13,2026-08-25 18:34:05,10.8,English Football League Cup,2026-08-25 18:45:00,2026-08-25,0.0,2.0,base_mestre:exato
2026-08-25 19:00,Bodo Glimt,NEC Nijmegen,2026-08-25 18:44:28,1.59,3.95,1393.85,2026-08-25 18:44:28,15.4,UEFA Champions League Qualifiers,2026-08-25 19:00:00,2026-08-25,3.0,0.0,manual:exato
2026-08-25 21:15,Defensor Sporting,CA Rentistas,2026-08-25 21:00:16,1.72,1.82,459.33,2026-08-25 21:00:16,14.7,Uruguayan Cup,2026-08-25 21:15:00,2026-08-25,,,
2026-08-26 00:30,Independiente (Ecu),Tolima,2026-08-26 00:14:24,1.51,1.92,897.62,2026-08-26 00:14:24,15.6,CONMEBOL Copa Libertadores,2026-08-26 00:30:00,2026-08-25,,,
2026-08-26 09:30,Mizoram Police,Dinthar FC,2026-08-26 09:18:09,1.7,3.75,122.01,2026-08-26 09:18:09,11.7,Indian Mizoram Premier League,2026-08-26 09:30:00,2026-08-26,,,
2026-08-26 10:00,Nagasaki,Ehime,2026-08-26 09:49:44,1.47,2.6,70.65,2026-08-26 09:49:44,10.1,Japanese Emperor Cup,2026-08-26 10:00:00,2026-08-26,,,
2026-08-26 10:00,Omiya,Vanraure Hachinohe,2026-08-26 09:49:44,1.79,2.1,207.81,2026-08-26 09:49:44,10.1,Japanese Emperor Cup,2026-08-26 10:00:00,2026-08-26,,,
2026-08-26 10:30,Gangwon,Gwangju FC,2026-08-26 10:21:37,1.54,1.81,1506.01,2026-08-26 10:21:37,8.2,South Korean K1 League,2026-08-26 10:30:00,2026-08-26,2.0,2.0,betfair:exato
2026-08-26 14:00,Lokomotiv Tashkent,Bunyodkor,2026-08-26 13:45:33,1.51,2.52,728.32,2026-08-26 13:45:33,14.2,Uzbekistan Super League,2026-08-26 14:00:00,2026-08-26,,,
2026-08-26 14:00,Smouha,Asyut Petroleum,2026-08-26 13:45:33,1.59,1.57,2464.72,2026-08-26 13:45:33,14.2,Egyptian Premier,2026-08-26 14:00:00,2026-08-26,0.0,0.0,betfair:exato
2026-08-26 14:30,NK Dinamo Predavac,NK Hrvatski Dragovoljac,2026-08-26 14:18:00,1.75,2.32,179.51,2026-08-26 14:18:00,11.8,Croatian Cup,2026-08-26 14:30:00,2026-08-26,,,
2026-08-26 15:30,Admira Prague,MAS Taborsko,2026-08-26 15:17:29,1.47,2.9,275.36,2026-08-26 15:17:29,12.3,Czech Cup,2026-08-26 15:30:00,2026-08-26,,,
2026-08-26 15:30,HNK Orijent 1919,Radnik Krizevci,2026-08-26 15:17:29,1.55,2.6,278.38,2026-08-26 15:17:29,12.3,Croatian Cup,2026-08-26 15:30:00,2026-08-26,,,
2026-08-26 15:30,Marienlyst,VSK Aarhus FC,2026-08-26 15:17:29,1.55,2.86,180.1,2026-08-26 15:17:29,12.3,Danish Cup,2026-08-26 15:30:00,2026-08-26,,,
2026-08-26 15:30,Tj Slovan Bzenec,Trinec,2026-08-26 15:17:29,1.43,3.05,959.42,2026-08-26 15:17:29,12.3,Czech Cup,2026-08-26 15:30:00,2026-08-26,,,
2026-08-26 15:30,Vitkovice,Polanka,2026-08-26 15:17:29,1.54,2.62,269.3,2026-08-26 15:17:29,12.3,Czech Cup,2026-08-26 15:30:00,2026-08-26,,,
2026-08-26 16:00,Gagra,FC Aragvi Dusheti,2026-08-26 15:44:29,1.51,2.36,236.77,2026-08-26 15:44:29,15.3,Georgian Cup,2026-08-26 16:00:00,2026-08-26,,,
2026-08-26 16:00,Tammeka Tartu,Tallinna FC Flora,2026-08-26 15:44:29,1.65,3.0,188.81,2026-08-26 15:44:29,15.3,Estonian Premier League,2026-08-26 16:00:00,2026-08-26,,,
2026-08-26 16:30,Dalstorps IF,Norrby IF,2026-08-26 16:16:53,1.57,2.76,283.9,2026-08-26 16:16:53,12.9,Swedish Cup,2026-08-26 16:30:00,2026-08-26,,,
2026-08-26 16:30,Skovde AIK,Halmstads,2026-08-26 16:16:53,1.49,2.9,98.24,2026-08-26 16:16:53,12.9,Swedish Cup,2026-08-26 16:30:00,2026-08-26,,,
2026-08-26 16:45,Rapid Vienna,Hearts,2026-08-26 16:33:27,1.61,2.6,331.14,2026-08-26 16:33:27,11.3,UEFA Europa Conference Qualifiers,2026-08-26 16:45:00,2026-08-26,,,
2026-08-26 17:00,Haugesund,Egersund,2026-08-26 16:49:21,1.6,3.6,184.64,2026-08-26 16:49:21,10.4,Norwegian 1st Division,2026-08-26 17:00:00,2026-08-26,3.0,0.0,betfair:exato
2026-08-26 17:00,Stabaek,Ranheim IL,2026-08-26 16:49:21,1.41,5.5,520.87,2026-08-26 16:49:21,10.4,Norwegian 1st Division,2026-08-26 17:00:00,2026-08-26,4.0,2.0,betfair:fuzzy0.94
2026-08-26 17:30,Bulle,BSC Young Boys II,2026-08-26 17:21:25,1.76,3.9,470.52,2026-08-26 17:21:25,8.4,Swiss 1 Liga Promotion,2026-08-26 17:30:00,2026-08-26,,,
2026-08-26 18:00,Al Draih,Al-Kholood Club,2026-08-26 17:53:16,1.72,2.18,88.65,2026-08-26 17:53:16,6.6,Saudi Professional League,2026-08-26 18:00:00,2026-08-26,,,
2026-08-26 19:00,AEK Athens,PFC Levski Sofia,2026-08-26 18:46:10,1.52,1.87,2830.2,2026-08-26 18:46:10,13.7,UEFA Champions League Qualifiers,2026-08-26 19:00:00,2026-08-26,4.0,0.0,manual:exato
2026-08-26 20:00,Sporting Cristal,Sport Huancayo,2026-08-26 19:48:58,1.58,2.34,180.15,2026-08-26 19:48:58,10.9,Peruvian Copa de la Liga,2026-08-26 20:00:00,2026-08-26,,,
2026-08-26 20:30,Plaza Colonia,Cerro Largo FC,2026-08-26 20:14:56,1.71,1.66,239.44,2026-08-26 20:14:56,15.0,Uruguayan Cup,2026-08-26 20:30:00,2026-08-26,,,
2026-08-26 22:00,LDU,Aucas,2026-08-26 21:47:59,1.78,1.82,98.04,2026-08-26 21:47:59,12.0,Ecuadorian Cup,2026-08-26 22:00:00,2026-08-26,,,
2026-08-27 00:30,Cs Herediano,Antigua GFC,2026-08-27 00:16:58,1.46,2.1,92.91,2026-08-27 00:16:58,13.0,Copa centroamericana,2026-08-27 00:30:00,2026-08-26,,,
2026-08-27 00:30,SE Palmeiras,Santos,2026-08-27 00:16:58,1.55,1.8,1021.63,2026-08-27 00:16:58,13.0,Brazilian Cup,2026-08-27 00:30:00,2026-08-26,3.0,0.0,b365:fuzzy0.95
2026-08-27 00:30,Toluca,Austin FC,2026-08-27 00:16:58,1.68,2.38,472.72,2026-08-27 00:16:58,13.0,North American Leagues Cup,2026-08-27 00:30:00,2026-08-26,,,
2026-08-27 00:30,Vasco Da Gama,EC Vitoria Salvador,2026-08-27 00:16:58,1.69,1.7,894.37,2026-08-27 00:16:58,13.0,Brazilian Cup,2026-08-27 00:30:00,2026-08-26,,,
2026-08-27 01:30,Atletico Nacional Medellin,Deportivo Cali,2026-08-27 01:18:20,1.57,1.97,1748.39,2026-08-27 01:18:20,11.6,Colombian Primera A,2026-08-27 01:30:00,2026-08-26,2.0,1.0,manual:exato
2026-08-27 09:30,Suruchi Sangha,The Muslim Inst Wari AC,2026-08-27 09:15:34,1.66,2.82,78.86,2026-08-27 09:15:34,14.4,Indian Calcutta Premier Division,2026-08-27 09:30:00,2026-08-27,,,
2026-08-27 12:00,Sardarapat FC,FC Syunik,2026-08-27 11:50:50,1.73,2.46,223.45,2026-08-27 11:50:50,9.0,Armenian Cup,2026-08-27 12:00:00,2026-08-27,,,
2026-08-27 12:30,FC Aral Nukus,Kattaqorgon,2026-08-27 12:22:29,1.53,2.2,561.74,2026-08-27 12:22:29,7.4,Uzbekistan 1st Division,2026-08-27 12:30:00,2026-08-27,,,
2026-08-27 12:30,FC Orbi,Kolkheti Khobi,2026-08-27 12:22:29,1.55,3.1,210.7,2026-08-27 12:22:29,7.4,Georgian Liga 3,2026-08-27 12:30:00,2026-08-27,,,
2026-08-27 13:30,BuxDU,FK Metallurg Bekabad,2026-08-27 13:15:45,1.43,2.7,191.28,2026-08-27 13:15:45,14.1,Uzbekistan 1st Division,2026-08-27 13:30:00,2026-08-27,,,
2026-08-27 16:00,Al Najma (BRN),Al Khalidiyah,2026-08-27 15:44:48,1.54,2.3,389.37,2026-08-27 15:44:48,15.0,Bahraini Premier,2026-08-27 16:00:00,2026-08-27,,,
2026-08-27 16:20,Al Jabalain,Al Jeel,2026-08-27 16:05:57,1.61,2.04,1389.05,2026-08-27 16:05:57,13.9,Saudi 1st Division,2026-08-27 16:20:00,2026-08-27,1.0,0.0,betfair:exato
2026-08-27 16:20,Jeddah Club,Al Najma Club,2026-08-27 16:05:57,1.58,1.79,350.66,2026-08-27 16:05:57,13.9,Saudi 1st Division,2026-08-27 16:20:00,2026-08-27,,,
2026-08-27 16:30,Rayon Sports FC,Rwanda Police FC,2026-08-27 16:16:41,1.64,2.22,148.23,2026-08-27 16:16:41,13.2,Rwandan Super Cup,2026-08-27 16:30:00,2026-08-27,,,
2026-08-27 17:00,FC Shikhun HaMizrah,Hapoel Bnei Ashdod,2026-08-27 16:48:30,1.53,2.42,1435.02,2026-08-27 16:48:30,11.3,Israeli Cup,2026-08-27 17:00:00,2026-08-27,,,
2026-08-27 17:00,Lillestrom,Egnatia Rrogozhine,2026-08-27 16:48:30,1.45,2.16,289.8,2026-08-27 16:48:30,11.3,UEFA Europa League Qualifiers,2026-08-27 17:00:00,2026-08-27,,,
2026-08-27 18:00,AGF,Benfica,2026-08-27 17:46:48,1.44,3.1,121.25,2026-08-27 17:46:48,13.0,UEFA Europa League Qualifiers,2026-08-27 18:00:00,2026-08-27,1.0,3.0,base_mestre:exato
2026-08-27 18:00,CSKA Sofia,OFI,2026-08-27 17:46:48,1.69,2.1,3678.4,2026-08-27 17:46:48,13.0,UEFA Europa League Qualifiers,2026-08-27 18:00:00,2026-08-27,,,
2026-08-27 18:00,Hapoel Tel Aviv,Atalanta,2026-08-27 17:46:48,1.57,2.14,442.8,2026-08-27 17:46:48,13.0,UEFA Europa Conference Qualifiers,2026-08-27 18:00:00,2026-08-27,0.0,1.0,base_mestre:exato
2026-08-27 18:00,Kazma SC,Al Tadhamon,2026-08-27 17:46:48,1.73,2.08,977.6,2026-08-27 17:46:48,13.0,Kuwaiti Premier League,2026-08-27 18:00:00,2026-08-27,,,
2026-08-27 18:45,Boreham Wood,Boston Utd,2026-08-27 18:34:10,1.59,2.74,412.87,2026-08-27 18:28:54,16.0,English National League,2026-08-27 18:45:00,2026-08-27,2.0,1.0,betfair:exato
2026-08-27 20:00,Asociacion Deportiva Tar,Cesar Vallejo Moquegua,2026-08-27 19:46:45,1.57,1.83,681.67,2026-08-27 19:46:45,13.2,Peruvian Copa de la Liga,2026-08-27 20:00:00,2026-08-27,,,
2026-08-27 20:00,Hviti Riddarinn,Fjolnir,2026-08-27 19:46:45,1.76,5.2,667.26,2026-08-27 19:46:45,13.2,Icelandic 2 Deild,2026-08-27 20:00:00,2026-08-27,,,
2026-08-28 01:15,Internacional de Bogotá,Deportivo Pasto,2026-08-28 01:03:40,1.7,1.76,297.65,2026-08-28 01:03:40,11.3,Colombian Primera A,2026-08-28 01:15:00,2026-08-27,,,
2026-08-28 08:00,Beitar Haifa Yaakov,Hapoel Bnei Arrara Ara,2026-08-28 07:46:00,1.78,2.48,230.68,2026-08-28 07:46:00,13.9,Israeli Cup,2026-08-28 08:00:00,2026-08-28,,,
2026-08-28 09:00,GFA FC,Yadanarbon,2026-08-28 08:48:03,1.58,2.66,72.04,2026-08-28 08:48:03,11.9,Myanmar National League,2026-08-28 09:00:00,2026-08-28,,,
2026-08-28 10:30,Ansan Greeners FC,Daegu Fc,2026-08-28 10:21:58,1.43,3.05,210.95,2026-08-28 10:21:58,7.9,South Korean K2 League,2026-08-28 10:30:00,2026-08-28,1.0,2.0,base_mestre:exato
2026-08-28 11:30,Sabah FA,Pulau Pinang,2026-08-28 11:15:03,1.78,2.06,338.12,2026-08-28 11:15:03,14.8,Malaysian Super League,2026-08-28 11:30:00,2026-08-28,,,
2026-08-28 11:35,Shanghai Shenhua,Shandong Taishan,2026-08-28 11:25:29,1.61,4.6,84.22,2026-08-28 11:25:29,9.3,Chinese Super League,2026-08-28 11:35:00,2026-08-28,2.0,3.0,betfair:exato
2026-08-28 13:30,FC Masar,Dayrout,2026-08-28 13:19:22,1.53,1.73,458.92,2026-08-28 13:13:43,16.0,Egyptian 2nd Division,2026-08-28 13:30:00,2026-08-28,4.0,0.0,b365:fuzzy0.92
2026-08-28 14:15,Al Ahli (QAT),Lusail,2026-08-28 14:09:06,1.77,2.46,282.29,2026-08-28 14:09:06,5.6,Qatari Stars League,2026-08-28 14:15:00,2026-08-28,,,
2026-08-28 15:00,FK Struga Trim-Lum,Bregalnica Stip,2026-08-28 14:48:05,1.42,2.28,209.37,2026-08-28 14:48:05,11.6,Republic of North Macedonian Soccer,2026-08-28 15:00:00,2026-08-28,,,
2026-08-28 15:00,Samtredia,FC Odishi 1919,2026-08-28 14:48:05,1.75,2.06,312.3,2026-08-28 14:48:05,11.6,Georgian Erovnuli Liga 2,2026-08-28 15:00:00,2026-08-28,,,
2026-08-28 15:05,Al-Thaid,City FC,2026-08-28 14:53:44,1.42,2.94,645.01,2026-08-28 14:53:44,11.0,UAE Division 1,2026-08-28 15:05:00,2026-08-28,,,
2026-08-28 15:55,Al-Anwar Club,Al-Ula FC,2026-08-28 15:48:55,1.6,2.24,137.54,2026-08-28 15:48:55,5.8,Saudi 1st Division,2026-08-28 15:55:00,2026-08-28,0.0,1.0,base_mestre:exato
2026-08-28 16:00,Al-Muharraq,Al Ahli (BRN),2026-08-28 15:48:55,1.55,2.08,528.05,2026-08-28 15:48:55,10.8,Bahraini Premier,2026-08-28 16:00:00,2026-08-28,,,
2026-08-28 16:00,Keciorengucu,Umraniyespor,2026-08-28 15:48:55,1.67,2.22,74.63,2026-08-28 15:48:55,10.8,Turkish 1 Lig,2026-08-28 16:00:00,2026-08-28,2.0,2.0,betfair:exato
2026-08-28 16:05,Al-Raed (KSA),Hajer Club,2026-08-28 15:54:33,1.74,2.02,468.92,2026-08-28 15:48:55,15.8,Saudi 1st Division,2026-08-28 16:05:00,2026-08-28,,,
2026-08-28 16:30,Qatar SC,Al-Sadd,2026-08-28 16:22:03,1.46,3.9,191.21,2026-08-28 16:22:03,7.7,Qatari Stars League,2026-08-28 16:30:00,2026-08-28,,,
2026-08-28 17:00,AC Horsens,Viborg,2026-08-28 16:44:23,1.79,2.36,1137.5,2026-08-28 16:44:23,15.3,Danish Superliga,2026-08-28 17:00:00,2026-08-28,2.0,3.0,b365:fuzzy0.94
2026-08-28 17:00,ZED FC,Al Ahly Cairo,2026-08-28 16:44:23,1.45,1.69,765.88,2026-08-28 16:44:23,15.3,Egyptian Premier,2026-08-28 17:00:00,2026-08-28,,,
2026-08-28 17:30,Yverdon Sport,FC Wil,2026-08-28 17:17:17,1.56,2.82,206.6,2026-08-28 17:17:17,12.4,Swiss Challenge League,2026-08-28 17:30:00,2026-08-28,,,
2026-08-28 17:50,Dhamk,Al Orubah,2026-08-28 17:39:00,1.8,1.97,237.96,2026-08-28 17:39:00,10.7,Saudi 1st Division,2026-08-28 17:50:00,2026-08-28,0.0,0.0,b365:fuzzy0.80
2026-08-28 18:00,FC Groningen,Fortuna Sittard,2026-08-28 17:44:32,1.56,2.82,1443.6,2026-08-28 17:44:32,15.2,Dutch Eredivisie,2026-08-28 18:00:00,2026-08-28,,,
2026-08-28 18:00,RKC Waalwijk,Jong PSV Eindhoven,2026-08-28 17:44:32,1.7,3.25,686.5,2026-08-28 17:44:32,15.2,Dutch Eerste Divisie,2026-08-28 18:00:00,2026-08-28,,,
2026-08-28 18:00,SC Lokeren-Temse,Racing Genk B,2026-08-28 17:44:32,1.58,3.15,259.84,2026-08-28 17:44:32,15.2,Belgian Challenger Pro League,2026-08-28 18:00:00,2026-08-28,,,
2026-08-28 18:00,Sporting Hasselt,KAA Gent II,2026-08-28 17:44:32,1.68,2.5,650.42,2026-08-28 17:44:32,15.2,Belgian Challenger Pro League,2026-08-28 18:00:00,2026-08-28,,,
2026-08-28 18:00,Universitatea Cluj,ACS Petrolul 52,2026-08-28 17:44:32,1.69,2.2,121.4,2026-08-28 17:44:32,15.2,Romanian Liga I,2026-08-28 18:00:00,2026-08-28,,,
2026-08-28 18:15,CSKA 1948 Sofia,Lokomotiv Plovdiv,2026-08-28 18:00:39,1.7,1.89,508.68,2026-08-28 18:00:39,14.1,Bulgarian A League,2026-08-28 18:15:00,2026-08-28,2.0,0.0,betfair:fuzzy0.88
2026-08-28 18:30,Legia Warsaw,Slask Wroclaw,2026-08-28 18:17:10,1.52,2.32,880.8,2026-08-28 18:17:10,12.6,Polish Ekstraklasa,2026-08-28 18:30:00,2026-08-28,1.0,1.0,betfair:fuzzy0.81
2026-08-28 18:30,Muglaspor,Boluspor,2026-08-28 18:17:10,1.58,1.93,2055.15,2026-08-28 18:17:10,12.6,Turkish 1 Lig,2026-08-28 18:30:00,2026-08-28,2.0,0.0,betfair:exato
2026-08-28 18:45,AC Milan,Venezia,2026-08-28 18:33:11,1.53,2.3,2897.62,2026-08-28 18:33:11,11.6,Italian Serie A,2026-08-28 18:45:00,2026-08-28,2.0,0.0,betfair:exato
2026-08-28 18:45,Barry Town Utd,Airbus UK Broughton,2026-08-28 18:33:11,1.73,2.28,98.61,2026-08-28 18:33:11,11.6,Welsh Premiership,2026-08-28 18:45:00,2026-08-28,,,
2026-08-28 18:45,Connahs Quay,Cambrian United,2026-08-28 18:33:11,1.59,2.5,356.57,2026-08-28 18:33:11,11.6,Welsh Premiership,2026-08-28 18:45:00,2026-08-28,3.0,0.0,betfair:fuzzy0.92
2026-08-28 18:45,Genk,Waasland-Beveren,2026-08-28 18:33:11,1.63,2.8,2089.8,2026-08-28 18:33:11,11.6,Belgian Pro League,2026-08-28 18:45:00,2026-08-28,4.0,0.0,betfair:fuzzy0.82
2026-08-28 18:45,Lille,Paris St-G,2026-08-28 18:33:11,1.79,2.36,1379.62,2026-08-28 18:33:11,11.6,French Ligue 1,2026-08-28 18:45:00,2026-08-28,,,
2026-08-28 18:45,Penybont FC,Flint Town United,2026-08-28 18:33:11,1.68,2.32,149.23,2026-08-28 18:33:11,11.6,Welsh Premiership,2026-08-28 18:45:00,2026-08-28,,,
2026-08-28 18:45,Southend,Kidderminster,2026-08-28 18:33:11,1.6,2.2,153.24,2026-08-28 18:33:11,11.6,English National League,2026-08-28 18:45:00,2026-08-28,1.0,3.0,betfair:exato
2026-08-28 19:00,Crystal Palace,Man City,2026-08-28 18:44:05,1.69,2.4,3659.37,2026-08-28 18:44:05,15.7,English Premier League,2026-08-28 19:00:00,2026-08-28,1.0,4.0,betfair:fuzzy0.83
2026-08-28 20:00,Comerciantes Unidos,FC Cajamarca,2026-08-28 19:48:17,1.65,2.12,821.24,2026-08-28 19:48:17,11.5,Peruvian Primera Division,2026-08-28 20:00:00,2026-08-28,2.0,3.0,betfair:exato
2026-08-28 20:30,Independiente Yumbo,Leones FC,2026-08-28 20:14:39,1.65,1.99,90.61,2026-08-28 20:14:39,15.2,Colombian Primera B,2026-08-28 20:30:00,2026-08-28,,,
2026-08-28 20:30,Mushuc Runa,Delfin,2026-08-28 20:14:39,1.64,1.8,83.84,2026-08-28 20:14:39,15.2,Ecuadorian Serie A,2026-08-28 20:30:00,2026-08-28,1.0,0.0,betfair:exato
2026-08-28 23:00,Atletico Ottawa,Inter Toronto FC,2026-08-28 22:44:29,1.73,3.1,390.4,2026-08-28 22:44:29,15.5,Canadian Premier League,2026-08-28 23:00:00,2026-08-28,,,
2026-08-28 23:30,Novorizontino,Sport Recife,2026-08-28 23:15:14,1.63,1.96,582.87,2026-08-28 23:15:14,14.7,Brazilian Serie B,2026-08-28 23:30:00,2026-08-28,2.0,1.0,betfair:exato
2026-08-29 02:00,Sporting San Jose FC,Inter San Carlos,2026-08-29 01:48:28,1.63,2.2,171.61,2026-08-29 01:48:28,11.5,Costa Rican Primera Division,2026-08-29 02:00:00,2026-08-28,,,
2026-08-29 08:00,CS Gloria 2018 Bistrita-Nasaud,CSM Satu Mare,2026-08-29 07:45:46,1.65,2.04,245.09,2026-08-29 07:45:46,14.0,Romanian Liga II,2026-08-29 08:00:00,2026-08-29,1.0,0.0,b365:fuzzy0.85
2026-08-29 08:00,Southern District,Kowloon City FC,2026-08-29 07:45:46,1.77,2.54,120.13,2026-08-29 07:45:46,14.0,Hong Kong Premier League,2026-08-29 08:00:00,2026-08-29,,,
2026-08-29 09:00,Dagon FC,Hanthawaddy United FC,2026-08-29 08:47:49,1.78,2.6,73.3,2026-08-29 08:47:49,11.8,Myanmar National League,2026-08-29 09:00:00,2026-08-29,,,
2026-08-29 09:00,G-Osaka,Hiroshima,2026-08-29 08:47:49,1.78,2.64,1809.27,2026-08-29 08:47:49,11.8,Japanese J League,2026-08-29 09:00:00,2026-08-29,,,
2026-08-29 09:00,Kamatamare Sanuki,Kagoshima Utd,2026-08-29 08:47:49,1.7,1.78,196.77,2026-08-29 08:47:49,11.8,Japanese J League 3,2026-08-29 09:00:00,2026-08-29,3.0,4.0,b365:fuzzy0.88
2026-08-29 09:30,Nagasaki,FC Tokyo,2026-08-29 09:16:27,1.67,2.14,2743.05,2026-08-29 09:16:27,13.1,Japanese J League,2026-08-29 09:30:00,2026-08-29,0.0,1.0,base_mestre:exato
2026-08-29 10:00,Kawasaki,Jef Utd Chiba,2026-08-29 09:51:13,1.59,2.62,87.2,2026-08-29 09:51:13,8.3,Japanese J League,2026-08-29 10:00:00,2026-08-29,,,
2026-08-29 11:00,AFC Eskilstuna,Sollentuna FF,2026-08-29 10:44:03,1.68,2.72,108.98,2026-08-29 10:44:03,15.4,Swedish Division 1,2026-08-29 11:00:00,2026-08-29,,,
2026-08-29 11:00,Zhejiang Greentown,Yunnan Yukun,2026-08-29 10:44:03,1.77,4.8,186.26,2026-08-29 10:44:03,15.4,Chinese Super League,2026-08-29 11:00:00,2026-08-29,,,
2026-08-29 11:30,Barnet,Cheltenham,2026-08-29 11:19:11,1.63,2.28,1685.87,2026-08-29 11:19:11,10.3,English Sky Bet League 2,2026-08-29 11:30:00,2026-08-29,2.0,2.0,betfair:exato
2026-08-29 11:30,Foshan Nanshi FC,Shenzhen Juniors FC,2026-08-29 11:19:11,1.78,2.88,147.58,2026-08-29 11:19:11,10.3,Chinese League 1,2026-08-29 11:30:00,2026-08-29,1.0,2.0,b365:fuzzy0.93
2026-08-29 11:30,Liverpool,Nottm Forest,2026-08-29 11:19:11,1.52,2.8,5918.21,2026-08-29 11:19:11,10.3,English Premier League,2026-08-29 11:30:00,2026-08-29,,,
2026-08-29 11:30,Middlesbrough,West Brom,2026-08-29 11:19:11,1.8,2.28,1500.41,2026-08-29 11:19:11,10.3,English Sky Bet Championship,2026-08-29 11:30:00,2026-08-29,3.0,1.0,betfair:exato
2026-08-29 11:30,Wolves,Stoke,2026-08-29 11:19:11,1.72,2.14,1276.75,2026-08-29 11:19:11,10.3,English Sky Bet Championship,2026-08-29 11:30:00,2026-08-29,4.0,1.0,betfair:exato
2026-08-29 11:35,Chengdu Rongcheng,Liaoning Tieren FC,2026-08-29 11:19:11,1.42,3.1,1219.05,2026-08-29 11:19:11,15.3,Chinese Super League,2026-08-29 11:35:00,2026-08-29,2.0,1.0,base_mestre:exato
2026-08-29 12:00,AaB,HB Koge,2026-08-29 11:48:12,1.75,2.58,345.33,2026-08-29 11:48:12,11.3,Danish 1st Division,2026-08-29 12:00:00,2026-08-29,,,
2026-08-29 12:00,Alemannia Aachen,SV Meppen,2026-08-29 11:48:12,1.59,2.88,119.47,2026-08-29 11:48:12,11.3,German 3 Liga,2026-08-29 12:00:00,2026-08-29,0.0,3.0,b365:fuzzy0.93
2026-08-29 12:00,Duisburg,Wurzburger Kickers,2026-08-29 11:48:12,1.53,2.44,227.98,2026-08-29 11:48:12,11.3,German 3 Liga,2026-08-29 12:00:00,2026-08-29,3.0,0.0,betfair:exato
2026-08-29 13:00,Elfsborg,Degerfors,2026-08-29 12:46:12,1.63,2.2,1827.08,2026-08-29 12:46:12,13.3,Swedish Allsvenskan,2026-08-29 13:00:00,2026-08-29,2.0,0.0,betfair:exato
2026-08-29 13:00,FC Jarfalla,Assyriska FF,2026-08-29 12:46:12,1.77,2.72,82.63,2026-08-29 12:46:12,13.3,Swedish Division 1,2026-08-29 13:00:00,2026-08-29,,,
2026-08-29 13:00,Falkenbergs,IK Brage,2026-08-29 12:46:12,1.76,2.38,179.97,2026-08-29 12:46:12,13.3,Swedish Superettan,2026-08-29 13:00:00,2026-08-29,4.0,1.0,betfair:fuzzy0.89
2026-08-29 13:00,Hacken,Vasteras SK,2026-08-29 12:46:12,1.44,2.88,88.3,2026-08-29 12:46:12,13.3,Swedish Allsvenskan,2026-08-29 13:00:00,2026-08-29,1.0,3.0,betfair:exato
2026-08-29 13:00,Kristianstads,Aatvidabergs Ff,2026-08-29 12:46:12,1.75,2.6,73.38,2026-08-29 12:46:12,13.3,Swedish Division 1,2026-08-29 13:00:00,2026-08-29,,,
2026-08-29 13:00,Rosengard,FC Trollhattan,2026-08-29 12:46:12,1.66,2.62,77.29,2026-08-29 12:46:12,13.3,Swedish Division 1,2026-08-29 13:00:00,2026-08-29,,,
2026-08-29 13:30,Elversberg,Leverkusen,2026-08-29 13:21:19,1.63,2.94,3675.79,2026-08-29 13:21:19,8.1,German Bundesliga,2026-08-29 13:30:00,2026-08-29,3.0,2.0,base_mestre:exato
2026-08-29 13:30,Mainz,Paderborn,2026-08-29 13:21:19,1.6,2.88,705.05,2026-08-29 13:21:19,8.1,German Bundesliga,2026-08-29 13:30:00,2026-08-29,0.0,0.0,betfair:exato
2026-08-29 13:30,RB Leipzig,Mgladbach,2026-08-29 13:21:19,1.63,3.0,6176.28,2026-08-29 13:21:19,8.1,German Bundesliga,2026-08-29 13:30:00,2026-08-29,3.0,0.0,betfair:fuzzy0.86
2026-08-29 13:55,Al Jazira,Ajman Club,2026-08-29 13:39:36,1.55,2.52,1000.59,2026-08-29 13:39:36,14.8,UAE Arabian Gulf League,2026-08-29 13:55:00,2026-08-29,,,
2026-08-29 15:30,NK Radomlje,Olimpija,2026-08-29 15:18:25,1.73,2.12,80.74,2026-08-29 15:18:25,11.1,Slovenian Premier League,2026-08-29 15:30:00,2026-08-29,0.0,0.0,manual:exato
2026-08-29 16:00,FK Auda,SK Super Nova,2026-08-29 15:47:07,1.5,2.28,521.76,2026-08-29 15:47:07,12.4,Latvian Virsliga,2026-08-29 16:00:00,2026-08-29,,,
2026-08-29 16:05,Al-Kholood Club,Al Ahli,2026-08-29 15:53:02,1.62,2.12,1296.48,2026-08-29 15:53:02,11.5,Saudi Professional League,2026-08-29 16:05:00,2026-08-29,3.0,1.0,base_mestre:exato
2026-08-29 16:30,Al Ain,Al Nasr (UAE),2026-08-29 16:15:27,1.51,2.68,1287.65,2026-08-29 16:15:27,14.2,UAE Arabian Gulf League,2026-08-29 16:30:00,2026-08-29,,,
2026-08-29 16:30,Fiorentina,Frosinone,2026-08-29 16:15:27,1.77,2.34,4263.87,2026-08-29 16:15:27,14.2,Italian Serie A,2026-08-29 16:30:00,2026-08-29,0.0,3.0,betfair:exato
2026-08-29 16:30,Ross Co,East Kilbride,2026-08-29 16:15:27,1.61,2.8,72.38,2026-08-29 16:15:27,14.2,Scottish League One,2026-08-29 16:30:00,2026-08-29,4.0,0.0,b365:fuzzy0.88
2026-08-29 17:00,Hapoel Ramat Gan,Hapoel Be'er Sheva,2026-08-29 16:48:58,1.58,2.46,119.47,2026-08-29 16:48:58,10.7,Israeli Premier League,2026-08-29 17:00:00,2026-08-29,0.0,2.0,base_mestre:exato
2026-08-29 17:00,IBV,Thor,2026-08-29 16:48:58,1.69,2.8,260.01,2026-08-29 16:48:58,10.7,Icelandic Urvalsdeild,2026-08-29 17:00:00,2026-08-29,,,
2026-08-29 17:30,Beitar Jerusalem,Maccabi Netanya,2026-08-29 17:22:14,1.56,2.96,187.31,2026-08-29 17:22:14,7.4,Israeli Premier League,2026-08-29 17:30:00,2026-08-29,1.0,4.0,betfair:fuzzy0.83
2026-08-29 18:30,Mardin Buyuksehir Beled,Van Buyuksehir Belediye,2026-08-29 18:17:33,1.59,2.02,90.02,2026-08-29 18:17:33,12.2,Turkish 1 Lig,2026-08-29 18:30:00,2026-08-29,,,
2026-08-29 18:30,Young Boys,FC Basel,2026-08-29 18:17:33,1.56,3.85,1768.89,2026-08-29 18:17:33,12.2,Swiss Super League,2026-08-29 18:30:00,2026-08-29,3.0,3.0,betfair:fuzzy0.92
2026-08-29 18:45,Cercle Brugge,Lommel,2026-08-29 18:33:41,1.64,3.4,197.03,2026-08-29 18:33:41,11.0,Belgian Pro League,2026-08-29 18:45:00,2026-08-29,0.0,1.0,b365:fuzzy0.87
2026-08-29 18:45,Lyon,Le Havre,2026-08-29 18:33:41,1.46,2.36,10561.93,2026-08-29 18:33:41,11.0,French Ligue 1,2026-08-29 18:45:00,2026-08-29,1.0,1.0,betfair:exato
2026-08-29 19:00,FK Novi Pazar,Macva Sabac,2026-08-29 18:44:45,1.78,1.86,178.42,2026-08-29 18:44:45,15.0,Serbian Super League,2026-08-29 19:00:00,2026-08-29,,,
2026-09-01 09:00,MLS FC,Chanmari FC,2026-09-01 08:47:31,1.41,2.76,153.03,2026-09-01 08:47:31,12.4,Indian Mizoram Premier League,2026-09-01 09:00:00,2026-09-01,,,
2026-09-01 13:00,Entebbe FC,UPDF FC,2026-09-01 12:46:45,1.65,1.69,82.7,2026-09-01 12:46:45,13.0,Ugandan Premier League,2026-09-01 13:00:00,2026-09-01,,,
2026-09-01 13:00,NEC FC,Lugazi FC,2026-09-01 12:46:45,1.64,1.62,97.11,2026-09-01 12:46:45,13.0,Ugandan Premier League,2026-09-01 13:00:00,2026-09-01,,,
2026-09-01 14:00,Al-Sadd,Al Gharafa,2026-09-01 13:51:37,1.5,3.6,171.42,2026-09-01 13:51:37,8.2,Qatari Crown Prince Cup,2026-09-01 14:00:00,2026-09-01,,,
2026-09-01 14:00,Siarka Tarnobrzeg,Zaglebie Lubin,2026-09-01 13:51:37,1.73,2.4,176.9,2026-09-01 13:51:37,8.2,Polish Cup,2026-09-01 14:00:00,2026-09-01,,,
2026-09-01 14:00,Wisla II Plock,Puszcza Niepolomice,2026-09-01 13:51:37,1.7,2.48,175.34,2026-09-01 13:51:37,8.2,Polish Cup,2026-09-01 14:00:00,2026-09-01,,,
2026-09-01 15:00,Minija Kretinga,FK Dainava Alytus,2026-09-01 14:45:55,1.64,2.36,233.6,2026-09-01 14:45:55,13.9,Lithuanian Cup,2026-09-01 15:00:00,2026-09-01,,,
2026-09-01 15:40,Kazma Sc,Al Sahel,2026-09-01 15:28:40,1.69,1.67,125.11,2026-09-01 15:28:40,11.1,Kuwaiti Premier League,2026-09-01 15:40:00,2026-09-01,,,
2026-09-01 16:00,Singida Black Stars SC,Namungo FC,2026-09-01 15:44:58,1.48,2.0,81.39,2026-09-01 15:44:58,14.8,Tanzanian Premier League,2026-09-01 16:00:00,2026-09-01,,,
2026-09-01 17:00,Boluspor,Keciorengucu,2026-09-01 16:49:09,1.53,2.6,97.45,2026-09-01 16:49:09,10.7,Turkish 1 Lig,2026-09-01 17:00:00,2026-09-01,0.0,2.0,betfair:exato
2026-09-01 17:00,Chindia Targoviste,FC Voluntari,2026-09-01 16:49:09,1.45,2.62,210.31,2026-09-01 16:49:09,10.7,Romanian Cup,2026-09-01 17:00:00,2026-09-01,,,
2026-09-01 17:30,RZ Pellets WAC,Lask Linz,2026-09-01 17:15:47,1.45,3.5,2697.07,2026-09-01 17:15:47,14.0,Austrian Bundesliga,2026-09-01 17:30:00,2026-09-01,1.0,3.0,manual:exato
2026-09-01 17:30,Stade Lausanne-Ouchy,Etoile Carouge,2026-09-01 17:15:47,1.8,2.62,72.06,2026-09-01 17:15:47,14.0,Swiss Challenge League,2026-09-01 17:30:00,2026-09-01,3.0,0.0,betfair:fuzzy0.92
2026-09-01 17:30,Stade Nyonnais,Winterthur,2026-09-01 17:15:47,1.68,2.84,69.77,2026-09-01 17:15:47,14.0,Swiss Challenge League,2026-09-01 17:30:00,2026-09-01,2.0,2.0,betfair:exato
2026-09-01 17:55,Al Tadhamon,Al Salmiyah,2026-09-01 17:42:24,1.75,1.77,333.96,2026-09-01 17:42:24,12.4,Kuwaiti Premier League,2026-09-01 17:55:00,2026-09-01,,,
2026-09-01 18:00,Al-Hilal,Al Ahli,2026-09-01 17:47:47,1.61,2.7,2806.03,2026-09-01 17:47:47,12.0,Saudi Professional League,2026-09-01 18:00:00,2026-09-01,3.0,0.0,betfair:fuzzy0.93
2026-09-01 18:00,Universitatea Cluj,ACS Petrolul 52,2026-09-01 17:47:47,1.55,2.36,112.89,2026-09-01 17:47:47,12.0,Romanian Cup,2026-09-01 18:00:00,2026-09-01,,,
2026-09-01 18:30,FC Zurich,Young Boys,2026-09-01 18:14:18,1.66,4.1,3225.56,2026-09-01 18:14:18,15.5,Swiss Super League,2026-09-01 18:30:00,2026-09-01,2.0,4.0,betfair:fuzzy0.93
2026-09-01 18:45,Chesterfield,Gillingham,2026-09-01 18:30:22,1.6,1.94,104.22,2026-09-01 18:30:22,14.5,English Sky Bet League 2,2026-09-01 18:45:00,2026-09-01,1.0,1.0,betfair:exato
2026-09-01 18:45,Huddersfield,Oxford Utd,2026-09-01 18:30:22,1.76,2.22,1342.2,2026-09-01 18:30:22,14.4,English Sky Bet League 1,2026-09-01 18:45:00,2026-09-01,3.0,1.0,betfair:exato
2026-09-01 18:45,Northampton,Crawley Town,2026-09-01 18:30:22,1.69,2.1,1658.57,2026-09-01 18:30:22,14.5,English Sky Bet League 2,2026-09-01 18:45:00,2026-09-01,1.0,1.0,betfair:fuzzy0.89
2026-09-01 18:45,Salford City,Newport County,2026-09-01 18:30:22,1.46,2.7,69.48,2026-09-01 18:30:22,14.5,English Sky Bet League 2,2026-09-01 18:45:00,2026-09-01,,,
2026-09-01 18:45,Sheff Utd,Bolton,2026-09-01 18:30:22,1.71,2.2,1432.38,2026-09-01 18:30:22,14.5,English Sky Bet Championship,2026-09-01 18:45:00,2026-09-01,3.0,2.0,betfair:fuzzy0.90
2026-09-01 19:00,Ravenna,Forli,2026-09-01 18:46:06,1.71,1.98,132.7,2026-09-01 18:46:06,13.7,Italian Serie C Cup,2026-09-01 19:00:00,2026-09-01,,,
2026-09-01 19:00,SSD Bari,AZ Picerno ASD,2026-09-01 18:46:06,1.7,1.98,111.37,2026-09-01 18:46:06,13.7,Italian Serie C Cup,2026-09-01 19:00:00,2026-09-01,,,
2026-09-02 00:00,LDU,Mushuc Runa,2026-09-01 23:47:57,1.62,2.0,1021.56,2026-09-01 23:47:57,12.0,Ecuadorian Serie A,2026-09-02 00:00:00,2026-09-01,,,
2026-09-02 10:00,Hiroshima,Nagoya,2026-09-02 09:45:07,1.64,2.9,585.81,2026-09-02 09:45:07,14.7,Japanese J League,2026-09-02 10:00:00,2026-09-02,,,
2026-09-02 10:00,Mito,Kashima,2026-09-02 09:45:07,1.79,2.02,1996.33,2026-09-02 09:45:07,14.7,Japanese J League,2026-09-02 10:00:00,2026-09-02,4.0,2.0,b365:fuzzy0.83
2026-09-02 10:00,Nara Club,Tosu,2026-09-02 09:45:07,1.58,2.24,409.19,2026-09-02 09:45:07,14.7,Japanese J League Cup,2026-09-02 10:00:00,2026-09-02,,,
2026-09-02 10:00,Shimizu,FC Tokyo,2026-09-02 09:45:07,1.73,1.97,709.82,2026-09-02 09:45:07,14.7,Japanese J League,2026-09-02 10:00:00,2026-09-02,1.0,1.0,b365:fuzzy0.85
2026-09-02 10:00,Thespakusatsu Gunma,Albirex Niigata,2026-09-02 09:45:07,1.44,2.44,462.36,2026-09-02 09:45:07,14.7,Japanese J League Cup,2026-09-02 10:00:00,2026-09-02,,,
2026-09-02 11:30,Nongkseh SCC,Mawlai SC,2026-09-02 11:15:07,1.6,3.5,163.32,2026-09-02 11:15:07,14.6,Indian Shillong Premier League,2026-09-02 11:30:00,2026-09-02,,,
2026-09-02 12:00,Nairobi United,KCB,2026-09-02 11:45:08,1.74,2.2,74.1,2026-09-02 11:45:08,14.6,Kenyan Premier League,2026-09-02 12:00:00,2026-09-02,,,
2026-09-02 12:30,Wiked Luzino,Wisla Plock,2026-09-02 12:15:08,1.49,3.4,253.34,2026-09-02 12:15:08,14.6,Polish Cup,2026-09-02 12:30:00,2026-09-02,,,
2026-09-02 13:00,Kedah FA,Imigresen FC,2026-09-02 12:45:08,1.61,2.8,87.08,2026-09-02 12:45:08,14.6,,2026-09-02 13:00:00,2026-09-02,,,
2026-09-02 13:30,Al Magd SC,MS Abu El Matamir,2026-09-02 13:15:08,1.57,1.57,369.45,2026-09-02 13:15:08,14.6,Egyptian Second Division B,2026-09-02 13:30:00,2026-09-02,,,
2026-09-02 14:00,Beskid Andrychow,Slask Wroclaw II,2026-09-02 13:45:08,1.67,3.75,130.22,2026-09-02 13:45:08,14.5,Polish Cup,2026-09-02 14:00:00,2026-09-02,,,
2026-09-02 14:00,Chernomorets Bourgas,Ludogorets Razgrad B,2026-09-02 13:45:08,1.59,2.34,540.41,2026-09-02 13:45:08,14.5,Bulgarian B League,2026-09-02 14:00:00,2026-09-02,,,
2026-09-02 14:00,Gornik Polkowice,Polonia Warszawa,2026-09-02 13:45:08,1.71,3.2,159.45,2026-09-02 13:45:08,14.5,Polish Cup,2026-09-02 14:00:00,2026-09-02,,,
2026-09-02 14:00,Marek Dupnitsa,Nesebar,2026-09-02 13:45:08,1.64,1.85,166.86,2026-09-02 13:45:08,14.5,Bulgarian B League,2026-09-02 14:00:00,2026-09-02,,,
2026-09-02 14:30,FC Zbrojovka Brno B,FC Vsetin,2026-09-02 14:15:09,1.41,3.65,1031.04,2026-09-02 14:15:09,14.5,Czech MSFL,2026-09-02 14:30:00,2026-09-02,,,
2026-09-02 14:30,Slovacko B,SFK Vrchovina,2026-09-02 14:15:09,1.73,2.92,221.33,2026-09-02 14:15:09,14.5,Czech MSFL,2026-09-02 14:30:00,2026-09-02,,,
2026-09-02 15:00,Jadran Luka Ploce,NK Dubrava Zagreb,2026-09-02 14:45:09,1.54,2.28,124.56,2026-09-02 14:45:09,14.6,Croatian Prva NL,2026-09-02 15:00:00,2026-09-02,,,
2026-09-02 15:00,NK Croatia Zmijavci,BSK Bijelo Brdo,2026-09-02 14:45:09,1.78,1.73,177.19,2026-09-02 14:45:09,14.5,Croatian Prva NL,2026-09-02 15:00:00,2026-09-02,1.0,0.0,b365:fuzzy0.90
2026-09-02 15:30,Znicz Pruszkow,Cracovia Krakow,2026-09-02 15:15:09,1.51,2.32,135.23,2026-09-02 15:15:09,14.6,Polish Cup,2026-09-02 15:30:00,2026-09-02,,,
2026-09-02 16:00,Union Brescia,Giana Erminio,2026-09-02 15:45:09,1.49,1.94,89.75,2026-09-02 15:45:09,14.6,Italian Serie C Cup,2026-09-02 16:00:00,2026-09-02,,,
2026-09-02 17:00,Hapoel Be'er Sheva,Hapoel Haifa,2026-09-02 16:45:10,1.45,2.92,73.34,2026-09-02 16:45:10,14.6,Israeli Premier League,2026-09-02 17:00:00,2026-09-02,2.0,2.0,b365:fuzzy0.90
2026-09-02 17:00,Sokol Ostroda,Sokol Kleczew,2026-09-02 16:45:10,1.57,3.45,167.93,2026-09-02 16:45:10,14.6,Polish Cup,2026-09-02 17:00:00,2026-09-02,,,
2026-09-02 17:05,Resovia Rzeszow,Arka Gdynia,2026-09-02 16:50:10,1.72,2.24,206.29,2026-09-02 16:50:10,14.6,Polish Cup,2026-09-02 17:05:00,2026-09-02,,,
2026-09-02 17:40,Al-Ula FC,Al-Raed (KSA),2026-09-02 17:25:10,1.46,2.36,1066.63,2026-09-02 17:25:10,14.6,Saudi 1st Division,2026-09-02 17:40:00,2026-09-02,2.0,0.0,b365:fuzzy0.82
2026-09-02 18:00,NK Aluminij,NK Celje,2026-09-02 17:45:10,1.6,2.82,89.4,2026-09-02 17:45:10,14.6,Slovenian Premier League,2026-09-02 18:00:00,2026-09-02,0.0,2.0,base_mestre:exato
2026-09-02 18:30,Grasshoppers Zurich,St Gallen,2026-09-02 18:15:11,1.65,3.45,2160.55,2026-09-02 18:15:11,14.6,Swiss Super League,2026-09-02 18:30:00,2026-09-02,2.0,0.0,betfair:fuzzy0.90
2026-09-02 18:45,West Brom,Charlton,2026-09-02 18:35:11,1.71,2.02,1659.04,2026-09-02 18:35:11,9.6,English Sky Bet Championship,2026-09-02 18:45:00,2026-09-02,1.0,1.0,betfair:exato
2026-09-02 19:00,CD Gualberto Villarroel,Bolivar,2026-09-02 18:45:11,1.68,3.5,410.47,2026-09-02 18:45:11,14.6,Bolivian Cup,2026-09-02 19:00:00,2026-09-02,,,
2026-09-02 19:00,Catania,US Savoia 1908,2026-09-02 18:45:11,1.56,2.2,189.96,2026-09-02 18:45:11,14.6,Italian Serie C Cup,2026-09-02 19:00:00,2026-09-02,,,
2026-09-02 19:00,Falkirk,Rangers,2026-09-02 18:45:11,1.55,2.46,175.39,2026-09-02 18:45:11,14.6,Scottish Premiership,2026-09-02 19:00:00,2026-09-02,1.0,2.0,betfair:exato
2026-09-02 19:00,Macara,Manta FC,2026-09-02 18:45:11,1.46,1.89,1762.2,2026-09-02 18:45:11,14.6,Ecuadorian Serie A,2026-09-02 19:00:00,2026-09-02,4.0,3.0,betfair:fuzzy0.92
2026-09-02 21:30,Olimpia,Guarani (Par),2026-09-02 21:15:13,1.76,2.0,681.36,2026-09-02 21:15:13,14.7,Paraguayan Primera Division,2026-09-02 21:30:00,2026-09-02,,,
2026-09-02 22:00,Coquimbo Unido,Univ de Concepcion,2026-09-02 21:45:13,1.71,1.9,1158.93,2026-09-02 21:45:13,14.7,Chilean Primera Division,2026-09-02 22:00:00,2026-09-02,1.0,0.0,betfair:fuzzy0.83
2026-09-02 23:00,Atenas,Penarol,2026-09-02 22:45:14,1.66,1.82,822.59,2026-09-02 22:45:14,14.7,Uruguayan Cup,2026-09-02 23:00:00,2026-09-02,,,
2026-09-02 23:00,Charleston Battery,Hartford Athletic FC,2026-09-02 22:45:14,1.76,2.4,174.97,2026-09-02 22:45:14,14.7,US United Soccer League,2026-09-02 23:00:00,2026-09-02,1.0,2.0,betfair:fuzzy0.84
2026-09-03 00:30,Academia Quintana,Caguas Sporting FC,2026-09-03 00:15:14,1.69,3.9,87.57,2026-09-03 00:15:14,14.7,Puerto Rican Liga Nacional de Futbol,2026-09-03 00:30:00,2026-09-02,,,
2026-09-03 01:00,Toluca,Leon,2026-09-03 00:45:14,1.72,2.44,2411.65,2026-09-03 00:45:14,14.7,North American Leagues Cup,2026-09-03 01:00:00,2026-09-02,,,
2026-09-03 12:30,FC Iberia 1999 II,Dinamo Tbilisi II,2026-09-03 12:15:09,1.61,3.6,69.5,2026-09-03 12:15:09,14.7,Georgian Liga 3,2026-09-03 12:30:00,2026-09-03,,,
2026-09-03 12:30,FC Iberia 2010,FC Orbi,2026-09-03 12:15:09,1.43,4.0,101.06,2026-09-03 12:15:09,14.7,Georgian Liga 3,2026-09-03 12:30:00,2026-09-03,,,
2026-09-03 12:30,GP TS Avia Swidnik,Wieczysta Krakow,2026-09-03 12:15:09,1.58,3.4,231.52,2026-09-03 12:15:09,14.7,Polish Cup,2026-09-03 12:30:00,2026-09-03,,,
2026-09-03 14:00,76 Igdir Belediyespor,Manisa FK,2026-09-03 13:45:09,1.76,2.28,152.78,2026-09-03 13:45:09,14.7,Turkish 1 Lig,2026-09-03 14:00:00,2026-09-03,,,
2026-09-03 14:00,CSKA Sofia II,Spartak Pleven,2026-09-03 13:45:09,1.51,2.16,69.06,2026-09-03 13:45:09,14.7,Bulgarian B League,2026-09-03 14:00:00,2026-09-03,5.0,1.0,betfair:exato
2026-09-03 14:00,Olmaliq,Xorazm FK Urganch,2026-09-03 13:45:09,1.52,2.62,2923.95,2026-09-03 13:45:09,14.7,Uzbekistan Super League,2026-09-03 14:00:00,2026-09-03,,,
2026-09-03 14:00,Vihren Sandanski,Etar,2026-09-03 13:45:09,1.62,2.58,113.82,2026-09-03 13:45:09,14.7,Bulgarian B League,2026-09-03 14:00:00,2026-09-03,,,
2026-09-03 14:15,Fk Siauliai,FK Kauno Zalgiris,2026-09-03 14:05:09,1.41,2.5,77.24,2026-09-03 14:05:09,9.7,Lithuanian Cup,2026-09-03 14:15:00,2026-09-03,,,
2026-09-03 14:30,ACS Fotbal Club Bacau,Universitatea Craiova,2026-09-03 14:15:09,1.45,2.66,154.34,2026-09-03 14:15:09,14.7,Romanian Cup,2026-09-03 14:30:00,2026-09-03,,,
2026-09-03 16:00,Thisted,SonderjyskE,2026-09-03 15:45:09,1.42,3.05,162.53,2026-09-03 15:45:09,14.7,Danish Cup,2026-09-03 16:00:00,2026-09-03,,,
2026-09-03 16:15,Al Sailiya,Al Arabi (QAT),2026-09-03 16:05:10,1.51,2.54,362.17,2026-09-03 16:05:10,9.7,Qatari Stars League,2026-09-03 16:15:00,2026-09-03,,,
2026-09-03 16:30,NEOM Sports Club,Al-Khaleej Saihat,2026-09-03 16:15:09,1.76,2.08,1054.9,2026-09-03 16:15:09,14.7,Saudi Professional League,2026-09-03 16:30:00,2026-09-03,,,
2026-09-03 17:00,Al Ahly Cairo,Smouha,2026-09-03 16:45:10,1.48,1.74,1803.36,2026-09-03 16:45:10,14.7,Egyptian Premier,2026-09-03 17:00:00,2026-09-03,1.0,0.0,betfair:fuzzy0.85
2026-09-03 17:00,Bursaspor,Istanbulspor,2026-09-03 16:45:10,1.41,2.56,216.03,2026-09-03 16:45:10,14.7,Turkish 1 Lig,2026-09-03 17:00:00,2026-09-03,4.0,0.0,planilha_dia:exato
2026-09-03 17:00,Mjallby,Djurgardens,2026-09-03 16:45:10,1.71,2.48,847.94,2026-09-03 16:45:10,14.7,Swedish Allsvenskan,2026-09-03 17:00:00,2026-09-03,0.0,2.0,betfair:fuzzy0.98
2026-09-03 17:30,Gyori,Ferencvaros,2026-09-03 17:15:10,1.74,2.82,150.79,2026-09-03 17:15:10,14.7,Hungarian NB I,2026-09-03 17:30:00,2026-09-03,,,
2026-09-03 17:30,Politehnica Timisoara,Rapid Bucharest,2026-09-03 17:15:10,1.45,2.12,207.56,2026-09-03 17:15:10,14.7,Romanian Cup,2026-09-03 17:30:00,2026-09-03,,,
2026-09-03 18:00,Al Draih,Al-Quadisiya (KSA),2026-09-03 17:45:10,1.53,3.15,986.54,2026-09-03 17:45:10,14.7,Saudi Professional League,2026-09-03 18:00:00,2026-09-03,0.0,2.0,planilha_dia:exato
2026-09-03 18:00,FK Mornar,FK Bokelj,2026-09-03 17:45:10,1.57,1.87,371.31,2026-09-03 17:45:10,14.7,Montenegrin 1st League,2026-09-03 18:00:00,2026-09-03,,,
2026-09-03 18:30,Anderlecht,Kortrijk,2026-09-03 18:15:10,1.43,2.84,89.81,2026-09-03 18:15:10,14.7,Belgian Pro League,2026-09-03 18:30:00,2026-09-03,1.0,0.0,betfair:exato
2026-09-03 18:30,Gent,Oud-Heverlee Leuven,2026-09-03 18:15:10,1.71,1.96,743.9,2026-09-03 18:15:10,14.7,Belgian Pro League,2026-09-03 18:30:00,2026-09-03,,,
2026-09-03 18:30,Lech Poznan,Jagiellonia Bialystock,2026-09-03 18:15:10,1.61,3.05,1478.78,2026-09-03 18:15:10,14.7,Polish Ekstraklasa,2026-09-03 18:30:00,2026-09-03,2.0,1.0,betfair:fuzzy0.84
2026-09-03 19:30,Rayo Zuliano,Carabobo FC,2026-09-03 19:15:10,1.48,2.14,206.97,2026-09-03 19:15:10,14.7,Venezuelan Primera Division,2026-09-03 19:30:00,2026-09-03,4.0,3.0,betfair:fuzzy0.94
2026-09-03 20:30,Vinotinto Ecuador,San Antonio FC,2026-09-03 20:15:10,1.61,1.97,1267.08,2026-09-03 20:15:10,14.7,Ecuadorian Serie B,2026-09-03 20:30:00,2026-09-03,4.0,2.0,b365:fuzzy0.81
2026-09-03 21:00,America de Cali S.A,Alianza FC Valledupar,2026-09-03 20:45:11,1.42,1.96,300.23,2026-09-03 20:45:11,14.8,Colombian Primera A,2026-09-03 21:00:00,2026-09-03,3.0,0.0,manual:exato
2026-09-03 23:00,Club Oriental de La Paz,Racing Club (Uru),2026-09-03 22:45:11,1.68,1.71,444.44,2026-09-03 22:45:11,14.8,Uruguayan Cup,2026-09-03 23:00:00,2026-09-03,,,
2026-09-03 23:00,Metropolitanos,Trujillanos,2026-09-03 22:45:11,1.59,2.06,124.26,2026-09-03 22:45:11,14.8,Venezuelan Primera Division,2026-09-03 23:00:00,2026-09-03,4.0,1.0,betfair:exato
2026-09-04 01:00,Deportivo Pereira,Ind Medellin,2026-09-04 00:45:12,1.55,2.18,482.26,2026-09-04 00:45:12,14.8,Colombian Primera A,2026-09-04 01:00:00,2026-09-03,0.0,3.0,betfair:fuzzy0.80
2026-09-04 08:30,Arema Cronus,Adhyaksa FC,2026-09-04 08:15:07,1.43,2.36,625.61,2026-09-04 08:15:07,14.8,Indonesian Super League,2026-09-04 08:30:00,2026-09-04,,,
2026-09-04 09:30,Maccabi Ironi Amishav Petah,SC Hapoel Lod,2026-09-04 09:15:07,1.6,2.64,78.51,2026-09-04 09:15:07,14.8,Israeli Liga Bet,2026-09-04 09:30:00,2026-09-04,,,
2026-09-04 10:30,Cheongju FC,Seoul E-Land FC,2026-09-04 10:15:07,1.74,2.58,559.9,2026-09-04 10:15:07,14.7,South Korean K2 League,2026-09-04 10:30:00,2026-09-04,0.0,2.0,betfair:fuzzy0.90
2026-09-04 10:30,Paju Citizen,Daegu Fc,2026-09-04 10:15:07,1.65,2.38,529.58,2026-09-04 10:15:07,14.7,South Korean K2 League,2026-09-04 10:30:00,2026-09-04,,,
2026-09-04 11:00,Truong Tuoi Dong Nai,Viettel FC,2026-09-04 10:45:08,1.72,1.85,198.05,2026-09-04 10:45:08,14.7,Vietnamese V-League,2026-09-04 11:00:00,2026-09-04,,,
2026-09-04 12:00,Bali Utd Pusam,Pss Sleman,2026-09-04 11:45:09,1.56,2.08,2188.58,2026-09-04 11:45:09,14.6,Indonesian Super League,2026-09-04 12:00:00,2026-09-04,,,
2026-09-04 12:00,SK Poltava,Inhulets Petrove,2026-09-04 11:45:09,1.69,2.28,194.5,2026-09-04 11:45:09,14.6,Ukrainian Persha Liga,2026-09-04 12:00:00,2026-09-04,,,
2026-09-04 14:00,Al Shamal,Al Shahaniya,2026-09-04 13:45:09,1.75,2.78,112.83,2026-09-04 13:45:09,14.5,Qatari Stars League,2026-09-04 14:00:00,2026-09-04,,,
2026-09-04 14:00,FK Navbahor Namangan,Lokomotiv Tashkent,2026-09-04 13:45:09,1.6,2.22,481.94,2026-09-04 13:45:09,14.5,Uzbekistan Super League,2026-09-04 14:00:00,2026-09-04,,,
2026-09-04 14:30,Esperance Sportive Zarzis,ASC Diambars,2026-09-04 14:15:09,1.41,1.81,842.31,2026-09-04 14:15:09,14.5,CAF Confederation Cup Qualifiers,2026-09-04 14:30:00,2026-09-04,,,
2026-09-04 15:00,NK Jadran Dekani,Tabor Sezana,2026-09-04 14:45:10,1.53,2.0,196.15,2026-09-04 14:45:10,14.5,Slovenian 2 SNL,2026-09-04 15:00:00,2026-09-04,0.0,0.0,b365:fuzzy0.96
2026-09-04 15:15,Pakhtakor,FK Andijan,2026-09-04 15:05:10,1.6,2.12,677.72,2026-09-04 15:05:10,9.5,Uzbekistan Super League,2026-09-04 15:15:00,2026-09-04,,,
2026-09-04 15:35,Al-Qadsia,Al Nasar (KUW),2026-09-04 15:20:10,1.62,2.32,1478.74,2026-09-04 15:20:10,14.5,Kuwaiti Premier League,2026-09-04 15:35:00,2026-09-04,,,
2026-09-04 16:00,Al-Ittifaq Maqaba,Al-Muharraq,2026-09-04 15:45:10,1.48,2.3,707.5,2026-09-04 15:45:10,14.5,Bahraini Premier,2026-09-04 16:00:00,2026-09-04,,,
2026-09-04 16:00,Dodoma FC,Mashujaa FC,2026-09-04 15:45:10,1.74,1.57,98.8,2026-09-04 15:45:10,14.5,Tanzanian Premier League,2026-09-04 16:00:00,2026-09-04,,,
2026-09-04 16:00,FC Sellier & Bellot Vlasim,Trinec,2026-09-04 15:45:10,1.67,2.58,156.92,2026-09-04 15:45:10,14.5,Czech 2 Liga,2026-09-04 16:00:00,2026-09-04,,,
2026-09-04 16:00,MFK Karvina,SK Kladno,2026-09-04 15:45:10,1.41,3.05,286.24,2026-09-04 15:45:10,14.5,Czech 2 Liga,2026-09-04 16:00:00,2026-09-04,2.0,0.0,planilha_dia:exato
2026-09-04 16:00,Triglav,NK Slovenska Bistrica,2026-09-04 15:45:10,1.59,2.42,183.84,2026-09-04 15:45:10,14.5,Slovenian 2 SNL,2026-09-04 16:00:00,2026-09-04,1.0,0.0,b365:fuzzy0.84
2026-09-04 16:00,Vejle,Vendsyssel FF,2026-09-04 15:45:10,1.53,2.44,1511.98,2026-09-04 15:45:10,14.5,Danish 1st Division,2026-09-04 16:00:00,2026-09-04,4.0,1.0,planilha_dia:exato
2026-09-04 16:15,Lusail,Al-Wakra,2026-09-04 16:05:10,1.69,2.66,148.1,2026-09-04 16:05:10,9.5,Qatari Stars League,2026-09-04 16:15:00,2026-09-04,,,
2026-09-04 16:30,Egnatia Rrogozhine,KS Skenderbeu Korce,2026-09-04 16:15:11,1.53,2.24,322.54,2026-09-04 16:15:11,14.5,Albanian Superliga,2026-09-04 16:30:00,2026-09-04,,,
2026-09-04 16:30,Hannover,Karlsruhe,2026-09-04 16:15:11,1.55,3.95,794.55,2026-09-04 16:15:11,14.5,German Bundesliga 2,2026-09-04 16:30:00,2026-09-04,2.0,2.0,betfair:fuzzy0.93
2026-09-04 17:00,Basaksehir,Galatasaray,2026-09-04 16:45:11,1.7,3.15,4132.02,2026-09-04 16:45:11,14.5,Turkish Super League,2026-09-04 17:00:00,2026-09-04,2.0,3.0,betfair:exato
2026-09-04 17:00,Lyon,Auxerre,2026-09-04 16:45:11,1.45,2.92,448.26,2026-09-04 16:45:11,14.5,French Ligue 1,2026-09-04 17:00:00,2026-09-04,3.0,1.0,betfair:exato
2026-09-04 17:00,Norrkoping,Ljungskile,2026-09-04 16:45:11,1.5,3.05,458.62,2026-09-04 16:45:11,14.5,Swedish Superettan,2026-09-04 17:00:00,2026-09-04,2.0,2.0,betfair:exato
2026-09-04 17:00,Rosengard,Laholms,2026-09-04 16:45:11,1.71,2.62,148.35,2026-09-04 16:45:11,14.5,Swedish Division 1,2026-09-04 17:00:00,2026-09-04,,,
2026-09-04 17:30,Aarau,Rapperswil-Jona,2026-09-04 17:15:11,1.69,3.4,678.02,2026-09-04 17:15:11,14.6,Swiss Challenge League,2026-09-04 17:30:00,2026-09-04,3.0,2.0,betfair:exato
2026-09-04 17:30,Assyriska FF,IFK Stocksund,2026-09-04 17:15:11,1.73,3.8,106.73,2026-09-04 17:15:11,14.6,Swedish Division 1,2026-09-04 17:30:00,2026-09-04,,,
2026-09-04 18:00,Almere City,Jong Ajax Amsterdam,2026-09-04 17:45:11,1.63,4.3,1239.48,2026-09-04 17:45:11,14.6,Dutch Eerste Divisie,2026-09-04 18:00:00,2026-09-04,0.0,1.0,betfair:fuzzy0.82
2026-09-04 18:00,FCV Dender,Seraing Utd,2026-09-04 17:45:11,1.55,2.36,414.65,2026-09-04 17:45:11,14.5,Belgian Challenger Pro League,2026-09-04 18:00:00,2026-09-04,2.0,0.0,b365:fuzzy0.81
2026-09-04 18:00,Heracles,De Graafschap,2026-09-04 17:45:11,1.52,3.8,882.71,2026-09-04 17:45:11,14.6,Dutch Eerste Divisie,2026-09-04 18:00:00,2026-09-04,5.0,0.0,betfair:exato
2026-09-04 18:00,KFCO Beerschot Wilrijk,Patro Eisden Maasmechelen,2026-09-04 17:45:11,1.75,2.02,373.7,2026-09-04 17:45:11,14.6,Belgian Challenger Pro League,2026-09-04 18:00:00,2026-09-04,,,
2026-09-04 18:00,Vitesse Arnhem,FC Oss,2026-09-04 17:45:11,1.68,2.72,262.97,2026-09-04 17:45:11,14.6,Dutch Eerste Divisie,2026-09-04 18:00:00,2026-09-04,,,
2026-09-04 18:15,Etoile Carouge,FC Wil,2026-09-04 18:05:11,1.77,2.64,113.54,2026-09-04 18:05:11,9.6,Swiss Challenge League,2026-09-04 18:15:00,2026-09-04,1.0,1.0,betfair:fuzzy0.88
2026-09-04 18:30,Defensores de Belgrano,Club Atletico Racing de,2026-09-04 18:15:11,1.79,1.49,953.04,2026-09-04 18:15:11,14.6,Argentinian Primera Nacional,2026-09-04 18:30:00,2026-09-04,,,
2026-09-04 18:30,Livingston,Stenhousemuir,2026-09-04 18:15:11,1.5,2.46,314.01,2026-09-04 18:15:11,14.6,Scottish Championship,2026-09-04 18:30:00,2026-09-04,0.0,1.0,betfair:exato
2026-09-04 18:30,Stuttgart,FC Koln,2026-09-04 18:15:11,1.49,3.7,1472.22,2026-09-04 18:15:11,14.6,German Bundesliga,2026-09-04 18:30:00,2026-09-04,4.0,1.0,betfair:exato
2026-09-04 18:45,Finn Harps,Athlone Town,2026-09-04 18:35:11,1.6,2.28,436.36,2026-09-04 18:35:11,9.6,Irish Division 1,2026-09-04 18:45:00,2026-09-04,0.0,1.0,betfair:fuzzy0.89
2026-09-04 18:45,Genoa,Como,2026-09-04 18:35:11,1.73,1.93,6999.93,2026-09-04 18:35:11,9.6,Italian Serie A,2026-09-04 18:45:00,2026-09-04,1.0,4.0,betfair:exato
2026-09-04 19:00,Betis,Real Madrid,2026-09-04 18:45:11,1.48,3.3,809.09,2026-09-04 18:45:11,14.6,Spanish La Liga,2026-09-04 19:00:00,2026-09-04,1.0,0.0,betfair:exato
2026-09-04 19:00,CDT Real Oruro,San Antonio Bulo Bulo,2026-09-04 18:45:11,1.73,3.65,301.63,2026-09-04 18:45:11,14.6,Bolivian Liga de Futbol Profesional,2026-09-04 19:00:00,2026-09-04,,,
2026-09-04 19:00,Ipswich,Liverpool,2026-09-04 18:45:11,1.67,2.94,475.61,2026-09-04 18:45:11,14.6,English Premier League,2026-09-04 19:00:00,2026-09-04,0.0,2.0,betfair:exato
2026-09-04 19:00,Shamrock Rovers,Shelbourne,2026-09-04 18:45:11,1.66,2.1,391.3,2026-09-04 18:45:11,14.6,Irish Premier Division,2026-09-04 19:00:00,2026-09-04,0.0,0.0,betfair:exato
2026-09-04 20:00,Kabylie,MB Rouissat,2026-09-04 19:45:12,1.66,1.7,83.35,2026-09-04 19:45:12,14.7,Algerian Ligue 1,2026-09-04 20:00:00,2026-09-04,,,
2026-09-04 20:15,Alianza Atletico,UTC Cajamarca,2026-09-04 20:05:12,1.56,2.12,228.26,2026-09-04 20:05:12,9.7,Peruvian Primera Division,2026-09-04 20:15:00,2026-09-04,3.0,2.0,b365:fuzzy0.83
2026-09-04 21:15,Academia de Balompie Bol,Universitario de Vinto,2026-09-04 21:05:17,1.78,2.56,379.47,2026-09-04 21:05:17,9.6,Bolivian Liga de Futbol Profesional,2026-09-04 21:15:00,2026-09-04,2.0,0.0,betfair:fuzzy0.95
2026-09-04 22:00,Torque,Cerro Largo FC,2026-09-04 21:45:17,1.56,1.84,570.96,2026-09-04 21:45:17,14.7,Uruguayan Primera Division,2026-09-04 22:00:00,2026-09-04,,,
2026-09-04 23:00,Ferro Carril Oeste,Club Atletico Mitre,2026-09-04 22:45:17,1.61,1.56,399.24,2026-09-04 22:45:17,14.6,Argentinian Primera Nacional,2026-09-04 23:00:00,2026-09-04,,,
2026-09-05 00:30,CRB,America MG,2026-09-05 00:15:18,1.61,2.4,147.48,2026-09-05 00:15:18,14.7,Brazilian Serie B,2026-09-05 00:30:00,2026-09-04,3.0,1.0,betfair:exato
2026-09-05 08:00,Concordia Chiajna,Afumati,2026-09-05 07:45:08,1.59,2.42,1507.44,2026-09-05 07:45:08,14.6,Romanian Liga II,2026-09-05 08:00:00,2026-09-05,1.0,2.0,b365:fuzzy0.86
2026-09-05 08:00,Slobozia,Dinamo Bucuresti,2026-09-05 07:45:08,1.43,2.38,227.01,2026-09-05 07:45:08,14.6,Romanian Liga II,2026-09-05 08:00:00,2026-09-05,,,
2026-09-05 08:00,Steaua Bucuresti,ACSM Cetatea,2026-09-05 07:45:08,1.7,2.56,169.28,2026-09-05 07:45:08,14.6,Romanian Liga II,2026-09-05 08:00:00,2026-09-05,,,
2026-09-05 08:00,Wofoo Tai Po,Hong Kong Rangers FC,2026-09-05 07:45:08,1.45,3.35,155.46,2026-09-05 07:45:08,14.6,Hong Kong Premier League,2026-09-05 08:00:00,2026-09-05,,,
2026-09-05 09:00,Dinthar FC,Chanmari FC,2026-09-05 08:45:08,1.46,3.65,81.17,2026-09-05 08:45:08,14.3,Indian Mizoram Premier League,2026-09-05 09:00:00,2026-09-05,,,
2026-09-05 09:00,Sagamihara,Nagano Parceiro,2026-09-05 08:45:08,1.73,2.12,596.8,2026-09-05 08:45:08,14.3,Japanese J League 3,2026-09-05 09:00:00,2026-09-05,1.0,1.0,b365:fuzzy0.80
2026-09-05 09:30,Gloria Leordeni,Bihor Oradea,2026-09-05 09:15:08,1.75,1.89,70.42,2026-09-05 09:15:08,14.3,Romanian Liga II,2026-09-05 09:30:00,2026-09-05,,,
2026-09-05 10:00,Busan IPark,Ansan Greeners FC,2026-09-05 09:45:10,1.47,2.5,642.0,2026-09-05 09:45:10,14.3,South Korean K2 League,2026-09-05 10:00:00,2026-09-05,,,
2026-09-05 10:00,Ehime,Kitakyushu,2026-09-05 09:45:10,1.58,2.1,384.22,2026-09-05 09:45:10,14.3,Japanese J League 3,2026-09-05 10:00:00,2026-09-05,4.0,2.0,b365:fuzzy0.86
2026-09-05 10:00,Kagoshima Utd,FC Ryukyu,2026-09-05 09:45:10,1.56,2.28,433.63,2026-09-05 09:45:10,14.3,Japanese J League 3,2026-09-05 10:00:00,2026-09-05,2.0,1.0,b365:fuzzy0.93
2026-09-05 10:00,Tondela,Porto B,2026-09-05 09:45:10,1.74,1.98,103.92,2026-09-05 09:45:10,14.3,Portuguese Segunda Liga,2026-09-05 10:00:00,2026-09-05,3.0,0.0,b365:fuzzy0.93
2026-09-05 10:30,Eastern AA,Kowloon City FC,2026-09-05 10:15:10,1.72,2.66,222.04,2026-09-05 10:15:10,14.2,Hong Kong Premier League,2026-09-05 10:30:00,2026-09-05,,,
2026-09-05 11:00,Hai Phong,Ninh Binh,2026-09-05 10:45:10,1.68,2.5,418.89,2026-09-05 10:45:10,14.2,Vietnamese V-League,2026-09-05 11:00:00,2026-09-05,,,
2026-09-05 11:00,Hassleholms IF,Kristianstads,2026-09-05 10:45:10,1.76,2.48,72.76,2026-09-05 10:45:10,14.2,Swedish Division 1,2026-09-05 11:00:00,2026-09-05,,,
2026-09-05 11:00,IL Sandviken Bergen,Eik-Tonsberg,2026-09-05 10:45:10,1.52,3.55,81.62,2026-09-05 10:45:10,14.2,Norwegian 2nd Division,2026-09-05 11:00:00,2026-09-05,,,
2026-09-05 11:00,Okzhetpes,FC Ordabasy,2026-09-05 10:45:10,1.55,2.44,475.85,2026-09-05 10:45:10,14.2,Kazakhstan Premier League,2026-09-05 11:00:00,2026-09-05,,,
2026-09-05 11:00,Wolfsburg,Cottbus,2026-09-05 10:45:10,1.42,3.6,504.29,2026-09-05 10:45:10,14.2,German Bundesliga 2,2026-09-05 11:00:00,2026-09-05,4.0,4.0,b365:exato
2026-09-05 11:30,Sabah FA,Kuching FA,2026-09-05 11:15:11,1.78,2.38,71.52,2026-09-05 11:15:11,14.2,Malaysian Super League,2026-09-05 11:30:00,2026-09-05,,,
2026-09-05 11:30,Southend,Yeovil,2026-09-05 11:15:11,1.68,2.3,379.3,2026-09-05 11:15:11,14.2,English National League,2026-09-05 11:30:00,2026-09-05,3.0,2.0,b365:exato
2026-09-05 11:35,Shanghai Port FC,Beijing Guoan,2026-09-05 11:20:11,1.76,3.3,6430.91,2026-09-05 11:20:11,14.2,Chinese Super League,2026-09-05 11:35:00,2026-09-05,0.0,0.0,betfair:fuzzy0.96
2026-09-05 12:00,FK Kaspyi Aktau,Kairat Almaty,2026-09-05 11:45:11,1.48,2.12,372.14,2026-09-05 11:45:11,14.2,Kazakhstan Premier League,2026-09-05 12:00:00,2026-09-05,,,
2026-09-05 12:00,Fredericia,Esbjerg,2026-09-05 11:45:11,1.52,3.55,631.12,2026-09-05 11:45:11,14.2,Danish 1st Division,2026-09-05 12:00:00,2026-09-05,1.0,0.0,b365:exato
2026-09-05 12:00,Hansa Rostock,Wehen Wiesbaden,2026-09-05 11:45:11,1.76,2.68,170.69,2026-09-05 11:45:11,14.2,German 3 Liga,2026-09-05 12:00:00,2026-09-05,,,
2026-09-05 12:00,Preussen Munster,TSV Havelse,2026-09-05 11:45:11,1.76,2.64,693.21,2026-09-05 11:45:11,14.2,German 3 Liga,2026-09-05 12:00:00,2026-09-05,2.0,1.0,b365:exato
2026-09-05 12:00,Pusamania Borneo FC,Persija Jakarta,2026-09-05 11:45:11,1.75,2.28,832.62,2026-09-05 11:45:11,14.2,Indonesian Super League,2026-09-05 12:00:00,2026-09-05,,,
2026-09-05 12:00,Rasi Salai United FC,Port FC,2026-09-05 11:45:11,1.51,2.28,236.23,2026-09-05 11:45:11,14.2,Thai League 1,2026-09-05 12:00:00,2026-09-05,,,
2026-09-05 12:00,Reims,Guingamp,2026-09-05 11:45:11,1.75,2.24,117.92,2026-09-05 11:45:11,14.2,French Ligue 2,2026-09-05 12:00:00,2026-09-05,2.0,2.0,b365:exato
2026-09-05 12:00,Shandong Taishan,Shenzhen Peng City,2026-09-05 11:45:11,1.61,2.7,1032.09,2026-09-05 11:45:11,14.2,Chinese Super League,2026-09-05 12:00:00,2026-09-05,1.0,1.0,betfair:fuzzy0.86
2026-09-05 12:00,Skeid,Kjelsas,2026-09-05 11:45:11,1.7,2.7,82.04,2026-09-05 11:45:11,14.2,Norwegian 2nd Division,2026-09-05 12:00:00,2026-09-05,,,
2026-09-05 12:45,Widzew Lodz,Radomiak Radom,2026-09-05 12:35:11,1.65,2.38,356.55,2026-09-05 12:35:11,9.2,Polish Ekstraklasa,2026-09-05 12:45:00,2026-09-05,0.0,0.0,b365:exato
2026-09-05 13:00,FK Aktobe,Zhenys,2026-09-05 12:45:11,1.77,1.96,145.48,2026-09-05 12:45:11,14.2,Kazakhstan Premier League,2026-09-05 13:00:00,2026-09-05,,,
2026-09-05 13:00,Sigma Olomouc,Bohemians 1905,2026-09-05 12:45:11,1.76,2.24,321.87,2026-09-05 12:45:11,14.2,Czech 1 Liga,2026-09-05 13:00:00,2026-09-05,3.0,0.0,b365:fuzzy0.91
2026-09-05 13:00,Terengganu,Pulau Pinang,2026-09-05 12:45:11,1.61,2.04,674.7,2026-09-05 12:45:11,14.2,Malaysian Super League,2026-09-05 13:00:00,2026-09-05,,,
2026-09-05 13:30,Leverkusen,Union Berlin,2026-09-05 13:15:12,1.41,3.25,1217.21,2026-09-05 13:15:12,14.2,German Bundesliga,2026-09-05 13:30:00,2026-09-05,4.0,0.0,b365:fuzzy0.90
2026-09-05 13:30,Stjordals-Blink,Eidsvold Turn,2026-09-05 13:15:12,1.53,2.94,443.95,2026-09-05 13:15:12,14.2,Norwegian 2nd Division,2026-09-05 13:30:00,2026-09-05,,,
2026-09-05 13:30,Voitsberg,Sturm Graz,2026-09-05 13:15:12,1.42,2.94,133.9,2026-09-05 13:15:12,14.2,Austrian Cup,2026-09-05 13:30:00,2026-09-05,,,
2026-09-05 13:45,Bani Yas,Hatta,2026-09-05 13:35:12,1.78,2.56,260.97,2026-09-05 13:35:12,9.2,UAE Arabian Gulf League,2026-09-05 13:45:00,2026-09-05,,,
2026-09-05 14:00,Aberdeen,Kilmarnock,2026-09-05 13:45:12,1.72,2.46,422.6,2026-09-05 13:45:12,14.2,Scottish Premiership,2026-09-05 14:00:00,2026-09-05,0.0,0.0,b365:exato
2026-09-05 14:00,Brentford,Sunderland,2026-09-05 13:45:12,1.75,2.14,4488.98,2026-09-05 13:45:12,14.1,English Premier League,2026-09-05 14:00:00,2026-09-05,1.0,1.0,b365:exato
2026-09-05 14:00,Bristol Rovers,Rotherham,2026-09-05 13:45:12,1.66,2.4,2322.13,2026-09-05 13:45:12,14.2,English Sky Bet League 2,2026-09-05 14:00:00,2026-09-05,1.0,0.0,b365:exato
2026-09-05 14:00,East Fife,Ross Co,2026-09-05 13:45:12,1.62,2.08,74.7,2026-09-05 13:45:12,14.2,Scottish League One,2026-09-05 14:00:00,2026-09-05,2.0,2.0,b365:fuzzy0.88
2026-09-05 14:00,Huddersfield,Notts Co,2026-09-05 13:45:12,1.73,2.12,1017.9,2026-09-05 13:45:12,14.2,English Sky Bet League 1,2026-09-05 14:00:00,2026-09-05,1.0,1.0,b365:fuzzy0.89
2026-09-05 14:00,IR Reykjavik,Leiknir R,2026-09-05 13:45:12,1.61,3.4,114.89,2026-09-05 13:45:12,14.1,Icelandic 1 Deild,2026-09-05 14:00:00,2026-09-05,3.0,2.0,betfair:fuzzy0.97
2026-09-05 14:00,Leicester,Oxford Utd,2026-09-05 13:45:12,1.63,2.5,844.43,2026-09-05 13:45:12,14.2,English Sky Bet League 1,2026-09-05 14:00:00,2026-09-05,0.0,4.0,b365:exato
2026-09-05 14:00,Luton,Leyton Orient,2026-09-05 13:45:12,1.68,2.42,1567.38,2026-09-05 13:45:12,14.1,English Sky Bet League 1,2026-09-05 14:00:00,2026-09-05,1.0,1.0,b365:exato
2026-09-05 14:00,Northampton,Newport County,2026-09-05 13:45:12,1.77,1.94,93.18,2026-09-05 13:45:12,14.2,English Sky Bet League 2,2026-09-05 14:00:00,2026-09-05,1.0,0.0,b365:fuzzy0.85
2026-09-05 14:00,Partick,Ayr,2026-09-05 13:45:12,1.57,2.4,76.98,2026-09-05 13:45:12,14.1,Scottish Championship,2026-09-05 14:00:00,2026-09-05,1.0,0.0,b365:fuzzy0.83
2026-09-05 14:00,Rangers,Motherwell,2026-09-05 13:45:12,1.44,2.9,69.28,2026-09-05 13:45:12,14.1,Scottish Premiership,2026-09-05 14:00:00,2026-09-05,1.0,0.0,b365:exato
2026-09-05 14:00,Truro City,Chesham Utd,2026-09-05 13:45:12,1.76,2.24,355.01,2026-09-05 13:45:12,14.2,English National League South,2026-09-05 14:00:00,2026-09-05,,,
2026-09-05 14:00,Walton & Hersham,Ebbsfleet Utd,2026-09-05 13:45:12,1.71,2.86,903.11,2026-09-05 13:45:12,14.2,English National League South,2026-09-05 14:00:00,2026-09-05,,,
2026-09-05 14:00,West Brom,Watford,2026-09-05 13:45:12,1.8,2.12,898.12,2026-09-05 13:45:12,14.1,English Sky Bet Championship,2026-09-05 14:00:00,2026-09-05,1.0,0.0,b365:exato
2026-09-05 14:30,FC Sabah,Zira,2026-09-05 14:15:12,1.71,2.0,353.32,2026-09-05 14:15:12,14.2,Azerbaijan Premier League,2026-09-05 14:30:00,2026-09-05,,,
2026-09-05 14:30,Uta Arad,Csikszereda,2026-09-05 14:15:12,1.62,2.06,431.17,2026-09-05 14:15:12,14.2,Romanian Liga I,2026-09-05 14:30:00,2026-09-05,5.0,1.0,b365:fuzzy0.91
2026-09-05 15:00,IK Brage,Sundsvall,2026-09-05 14:45:12,1.6,2.48,346.39,2026-09-05 14:45:12,14.2,Swedish Superettan,2026-09-05 15:00:00,2026-09-05,0.0,1.0,betfair:fuzzy0.92
2026-09-05 15:00,Karpaty,Shakhtar,2026-09-05 14:45:12,1.71,1.99,69.28,2026-09-05 14:45:12,14.2,Ukrainian Premier League,2026-09-05 15:00:00,2026-09-05,,,
2026-09-05 15:15,Lens,Lorient,2026-09-05 15:05:16,1.58,2.46,1290.37,2026-09-05 15:05:16,9.2,French Ligue 1,2026-09-05 15:15:00,2026-09-05,0.0,1.0,b365:exato
2026-09-05 16:00,AGF,Silkeborg,2026-09-05 15:45:19,1.52,2.82,1038.6,2026-09-05 15:45:19,14.2,Danish Superliga,2026-09-05 16:00:00,2026-09-05,,,
2026-09-05 16:00,Apollon Limassol,Anorthosis,2026-09-05 15:45:19,1.57,2.14,355.58,2026-09-05 15:45:19,14.2,Cypriot 1st Division,2026-09-05 16:00:00,2026-09-05,3.0,1.0,b365:fuzzy0.82
2026-09-05 16:00,Inter,Napoli,2026-09-05 15:45:19,1.69,2.16,9953.13,2026-09-05 15:45:19,14.2,Italian Serie A,2026-09-05 16:00:00,2026-09-05,3.0,2.0,b365:exato
2026-09-05 16:00,KFC Komarno,MFk Skalica,2026-09-05 15:45:19,1.8,2.26,145.48,2026-09-05 15:45:19,14.2,Slovakian Super League,2026-09-05 16:00:00,2026-09-05,0.0,0.0,b365:fuzzy0.82
2026-09-05 16:00,SK Artis Brno,Plzen,2026-09-05 15:45:19,1.53,2.56,137.38,2026-09-05 15:45:19,14.2,Czech 1 Liga,2026-09-05 16:00:00,2026-09-05,0.0,3.0,planilha_dia:exato
2026-09-05 16:00,Spartak Varna,CSKA Sofia,2026-09-05 15:45:19,1.58,2.12,357.17,2026-09-05 15:45:19,14.2,Bulgarian A League,2026-09-05 16:00:00,2026-09-05,1.0,1.0,b365:exato
2026-09-05 16:00,Tatran Presov,Zlate Moravce,2026-09-05 15:45:19,1.79,2.34,71.71,2026-09-05 15:45:19,14.2,Slovakian 2 Liga,2026-09-05 16:00:00,2026-09-05,,,
2026-09-05 16:00,Young Boys,Luzern,2026-09-05 15:45:19,1.48,5.0,416.95,2026-09-05 15:45:19,14.2,Swiss Super League,2026-09-05 16:00:00,2026-09-05,3.0,3.0,b365:exato
2026-09-05 16:15,Al-Sadd,Al Gharafa,2026-09-05 16:05:19,1.54,4.4,621.53,2026-09-05 16:05:19,9.3,Qatari Stars League,2026-09-05 16:15:00,2026-09-05,,,
2026-09-05 16:30,Boreham Wood,Carlisle,2026-09-05 16:15:19,1.71,3.1,98.15,2026-09-05 16:15:19,14.3,English National League,2026-09-05 16:30:00,2026-09-05,2.0,1.0,b365:exato
2026-09-05 16:30,Vllaznia Shkoder,Partizani Tirana,2026-09-05 16:15:19,1.7,1.72,315.84,2026-09-05 16:15:19,14.3,Albanian Superliga,2026-09-05 16:30:00,2026-09-05,,,
2026-09-05 17:00,KF Drita,Drenica Skenderaj,2026-09-05 16:45:19,1.44,2.16,296.42,2026-09-05 16:45:19,14.4,Kosovan Superliga,2026-09-05 17:00:00,2026-09-05,,,
2026-09-05 17:30,Maccabi Haifa,Hapoel Petach Tikva,2026-09-05 17:15:19,1.57,2.74,130.66,2026-09-05 17:15:19,14.4,Israeli Premier League,2026-09-05 17:30:00,2026-09-05,2.0,1.0,b365:fuzzy0.98
2026-09-05 18:00,Al-Ittihad,Al Nassr,2026-09-05 17:45:20,1.51,3.65,359.34,2026-09-05 17:45:20,14.4,Saudi Professional League,2026-09-05 18:00:00,2026-09-05,2.0,1.0,b365:exato
2026-09-05 18:00,Paks,Debreceni VSC,2026-09-05 17:45:20,1.8,3.65,83.41,2026-09-05 17:45:20,14.4,Hungarian NB I,2026-09-05 18:00:00,2026-09-05,,,
2026-09-05 18:00,St Etienne,Montpellier,2026-09-05 17:45:20,1.6,2.3,775.33,2026-09-05 17:45:20,14.4,French Ligue 2,2026-09-05 18:00:00,2026-09-05,3.0,1.0,b365:exato
2026-09-05 18:15,Olimpija,NK Brinje Grosuplje,2026-09-05 18:05:20,1.59,2.12,171.21,2026-09-05 18:05:20,9.4,Slovenian Premier League,2026-09-05 18:15:00,2026-09-05,,,
2026-09-05 18:15,PFC Levski Sofia,CSKA 1948 Sofia,2026-09-05 18:05:20,1.55,1.88,88.58,2026-09-05 18:05:20,9.4,Bulgarian A League,2026-09-05 18:15:00,2026-09-05,1.0,0.0,b365:fuzzy0.94
2026-09-05 18:30,Marsaxlokk FC,Mosta,2026-09-05 18:15:20,1.57,2.1,113.46,2026-09-05 18:15:20,14.4,Maltese Premier League,2026-09-05 18:30:00,2026-09-05,,,
2026-09-05 18:45,Nice,Le Mans,2026-09-05 18:35:20,1.72,2.3,116.17,2026-09-05 18:35:20,9.4,French Ligue 1,2026-09-05 18:45:00,2026-09-05,1.0,1.0,b365:exato
2026-09-05 18:45,Roma,Atalanta,2026-09-05 18:35:20,1.72,2.28,4557.39,2026-09-05 18:35:20,9.4,Italian Serie A,2026-09-05 18:45:00,2026-09-05,2.0,1.0,b365:fuzzy0.90
2026-09-05 18:45,Sint Truiden,RAAL La Louviere,2026-09-05 18:35:20,1.61,2.3,1605.56,2026-09-05 18:35:20,9.4,Belgian Pro League,2026-09-05 18:45:00,2026-09-05,4.0,0.0,b365:fuzzy0.95
2026-09-05 19:00,Novorizontino,Avai,2026-09-05 18:45:20,1.51,1.93,172.93,2026-09-05 18:45:20,14.4,Brazilian Serie B,2026-09-05 19:00:00,2026-09-05,3.0,1.0,b365:exato
2026-09-05 19:00,St Mirren,Celtic,2026-09-05 18:45:20,1.43,3.05,1780.33,2026-09-05 18:45:20,14.4,Scottish Premiership,2026-09-05 19:00:00,2026-09-05,1.0,2.0,b365:exato
2026-09-05 19:00,Villarreal,Deportivo,2026-09-05 18:45:20,1.48,2.44,616.73,2026-09-05 18:45:20,14.4,Spanish La Liga,2026-09-05 19:00:00,2026-09-05,,,
2026-09-05 20:00,Atletico Ottawa,Pacific,2026-09-05 19:45:20,1.71,3.35,124.08,2026-09-05 19:45:20,14.5,Canadian Premier League,2026-09-05 20:00:00,2026-09-05,,,
2026-09-05 21:00,Fuerte San Francisco,CD Fas,2026-09-05 20:45:23,1.66,2.04,470.26,2026-09-05 20:45:23,14.5,Salvadoran Primera Division,2026-09-05 21:00:00,2026-09-05,,,
2026-09-05 21:15,Aurora,CD Gualberto Villarroel,2026-09-05 21:05:23,1.58,2.7,209.85,2026-09-05 21:05:23,9.5,Bolivian Liga de Futbol Profesional,2026-09-05 21:15:00,2026-09-05,,,
2026-09-05 22:00,Quindio,Real Santander,2026-09-05 21:45:23,1.58,1.92,78.15,2026-09-05 21:45:23,14.5,Colombian Primera B,2026-09-05 22:00:00,2026-09-05,0.0,0.0,b365:exato
2026-09-05 22:00,Union Magdalena,Barranquilla,2026-09-05 21:45:23,1.46,2.0,276.29,2026-09-05 21:45:23,14.5,Colombian Primera B,2026-09-05 22:00:00,2026-09-05,1.0,2.0,b365:fuzzy0.92
2026-09-05 23:00,Cs Herediano,Municipal Perez Zeledon,2026-09-05 22:45:30,1.48,2.24,116.42,2026-09-05 22:45:30,14.4,Costa Rican Primera Division,2026-09-05 23:00:00,2026-09-05,,,
2026-09-05 23:00,Independiente (Ecu),Macara,2026-09-05 22:45:30,1.49,2.26,678.9,2026-09-05 22:45:30,14.4,Ecuadorian Serie A,2026-09-05 23:00:00,2026-09-05,,,
2026-09-05 23:25,Santa Fe,Fortaleza FC,2026-09-05 23:10:31,1.7,1.81,1562.51,2026-09-05 23:10:31,14.4,Colombian Primera A,2026-09-05 23:25:00,2026-09-05,2.0,2.0,b365:fuzzy0.95
2026-09-05 23:30,FC Cincinnati,DC Utd,2026-09-05 23:15:30,1.7,3.3,1202.87,2026-09-05 23:15:30,14.4,US MLS,2026-09-05 23:30:00,2026-09-05,,,
2026-09-05 23:30,Philadelphia,CF Montreal,2026-09-05 23:15:30,1.47,3.05,2871.84,2026-09-05 23:15:30,14.4,US MLS,2026-09-05 23:30:00,2026-09-05,2.0,0.0,b365:fuzzy0.91
2026-09-06 00:30,FC Dallas,Kansas City,2026-09-06 00:15:31,1.46,3.05,2397.34,2026-09-06 00:15:31,14.4,US MLS,2026-09-06 00:30:00,2026-09-05,4.0,3.0,b365:fuzzy0.86
2026-09-06 01:00,Malacateco,Suchitepequez,2026-09-06 00:45:31,1.57,1.88,73.58,2026-09-06 00:45:31,14.4,Guatemalan Liga Nacional,2026-09-06 01:00:00,2026-09-05,,,
2026-09-06 01:00,Tigres,Necaxa,2026-09-06 00:45:31,1.7,2.22,2607.14,2026-09-06 00:45:31,14.4,Mexican Liga MX,2026-09-06 01:00:00,2026-09-05,1.0,1.0,b365:fuzzy0.88
2026-09-06 01:30,FC Cincinnati,DC Utd,2026-09-06 01:15:31,1.75,3.4,850.8,2026-09-06 01:15:31,14.4,US MLS,2026-09-06 01:30:00,2026-09-05,,,
2026-09-06 01:30,Junior FC Barranquilla,Jaguares de Cordoba,2026-09-06 01:15:31,1.43,2.16,2290.47,2026-09-06 01:15:31,14.4,Colombian Primera A,2026-09-06 01:30:00,2026-09-05,3.0,3.0,planilha_dia:exato
2026-09-06 02:30,Vancouver Whitecaps,St Louis City SC,2026-09-06 02:15:31,1.54,3.05,1048.01,2026-09-06 02:15:31,14.4,US MLS,2026-09-06 02:30:00,2026-09-05,1.0,3.0,b365:fuzzy0.96
2026-09-06 07:30,Citizen AA,South China,2026-09-06 07:15:06,1.43,4.1,179.2,2026-09-06 07:15:06,14.7,Hong Kong 1st Division League,2026-09-06 07:30:00,2026-09-06,,,
2026-09-06 08:00,ACS Bacau,ACS Dumbravita,2026-09-06 07:45:06,1.54,2.18,284.91,2026-09-06 07:45:06,14.7,Romanian Liga II,2026-09-06 08:00:00,2026-09-06,6.0,1.0,b365:fuzzy0.86
2026-09-06 08:00,Shatin SA,North District,2026-09-06 07:45:06,1.44,3.6,229.65,2026-09-06 07:45:06,14.7,Hong Kong Premier League,2026-09-06 08:00:00,2026-09-06,,,
2026-09-06 08:30,FC Fastav Zlin B,FK Blansko,2026-09-06 08:15:06,1.55,3.65,85.34,2026-09-06 08:15:06,14.6,Czech MSFL,2026-09-06 08:30:00,2026-09-06,,,
2026-09-06 09:30,CSM Satu Mare,Politehnica Timisoara,2026-09-06 09:15:07,1.48,2.16,89.8,2026-09-06 09:15:07,14.5,Romanian Liga II,2026-09-06 09:30:00,2026-09-06,1.0,1.0,b365:exato
2026-09-06 09:30,Kui Tan SC,WSE,2026-09-06 09:15:07,1.8,2.56,75.71,2026-09-06 09:15:07,14.5,Hong Kong 1st Division League,2026-09-06 09:30:00,2026-09-06,,,
2026-09-06 10:00,Cerezo Osaka,Tokyo-V,2026-09-06 09:45:07,1.73,2.06,3745.13,2026-09-06 09:45:07,14.5,Japanese J League,2026-09-06 10:00:00,2026-09-06,,,
2026-09-06 10:00,Gimcheon Sangmu,Gwangju FC,2026-09-06 09:45:07,1.58,2.28,1957.91,2026-09-06 09:45:07,14.5,South Korean K1 League,2026-09-06 10:00:00,2026-09-06,2.0,2.0,b365:exato
2026-09-06 10:00,Kashiwa,Yokohama FM,2026-09-06 09:45:07,1.77,2.22,151.76,2026-09-06 09:45:07,14.5,Japanese J League,2026-09-06 10:00:00,2026-09-06,,,
2026-09-06 10:00,Kobe,Nagasaki,2026-09-06 09:45:07,1.65,1.98,1163.62,2026-09-06 09:45:07,14.5,Japanese J League,2026-09-06 10:00:00,2026-09-06,,,
2026-09-06 10:00,Suwon Bluewings,Chungnam Asan,2026-09-06 09:45:07,1.63,2.24,117.64,2026-09-06 09:45:07,14.5,South Korean K2 League,2026-09-06 10:00:00,2026-09-06,,,
2026-09-06 10:30,FC Tokyo,Kyoto,2026-09-06 10:15:07,1.53,2.38,177.8,2026-09-06 10:15:07,14.5,Japanese J League,2026-09-06 10:30:00,2026-09-06,2.0,0.0,b365:exato
2026-09-06 10:30,Kitchee SC,Eastern District SA,2026-09-06 10:15:07,1.46,2.82,148.28,2026-09-06 10:15:07,14.5,Hong Kong Premier League,2026-09-06 10:30:00,2026-09-06,,,
2026-09-06 11:00,DK Senchey FC,Boeung Ket,2026-09-06 10:45:07,1.46,3.05,81.83,2026-09-06 10:45:07,14.5,Cambodian Premier League,2026-09-06 11:00:00,2026-09-06,,,
2026-09-06 11:00,Grorud IL,Rana FK,2026-09-06 10:45:07,1.44,3.65,139.25,2026-09-06 10:45:07,14.5,Norwegian 2nd Division,2026-09-06 11:00:00,2026-09-06,,,
2026-09-06 11:00,Police Tero,Muang Loei United F.C.,2026-09-06 10:45:07,1.68,2.28,106.09,2026-09-06 10:45:07,14.5,Thai League 2,2026-09-06 11:00:00,2026-09-06,,,
2026-09-06 11:00,Shenzhen Juniors FC,Meizhou Hakka,2026-09-06 10:45:07,1.5,2.46,215.19,2026-09-06 10:45:07,14.5,Chinese League 1,2026-09-06 11:00:00,2026-09-06,5.0,1.0,b365:fuzzy0.97
2026-09-06 11:00,Thisted,Nykobing FC,2026-09-06 10:45:07,1.75,2.54,145.25,2026-09-06 10:45:07,14.5,Danish 2nd Division,2026-09-06 11:00:00,2026-09-06,,,
2026-09-06 11:30,Guangxi Hengchen,Shijiazhuang Gongfu FC,2026-09-06 11:15:08,1.54,2.14,275.94,2026-09-06 11:15:08,14.4,Chinese League 1,2026-09-06 11:30:00,2026-09-06,0.0,1.0,b365:fuzzy0.97
2026-09-06 11:30,Paide Linnameeskond,FCI Tallinn,2026-09-06 11:15:08,1.46,3.3,1117.15,2026-09-06 11:15:08,14.4,Estonian Premier League,2026-09-06 11:30:00,2026-09-06,0.0,1.0,planilha_dia:exato
2026-09-06 11:35,Yunnan Yukun,Liaoning Tieren FC,2026-09-06 11:20:08,1.74,4.1,454.02,2026-09-06 11:20:08,14.4,Chinese Super League,2026-09-06 11:35:00,2026-09-06,5.0,0.0,b365:fuzzy0.97
2026-09-06 12:00,Gor Mahia FC,Pyramids,2026-09-06 11:45:08,1.69,1.56,137.54,2026-09-06 11:45:08,14.4,CAF Champions League Qualifiers,2026-09-06 12:00:00,2026-09-06,,,
2026-09-06 12:00,Madura Utd,Persijap Jepara,2026-09-06 11:45:08,1.63,1.97,349.28,2026-09-06 11:45:08,14.4,Indonesian Super League,2026-09-06 12:00:00,2026-09-06,,,
2026-09-06 12:30,Banik Ostrava B,H Slavia Kromeriz,2026-09-06 12:15:08,1.63,2.8,982.15,2026-09-06 12:15:08,14.5,Czech 2 Liga,2026-09-06 12:30:00,2026-09-06,,,
2026-09-06 12:30,SC Telstar,Cambuur Leeuwarden,2026-09-06 12:15:08,1.75,3.15,942.04,2026-09-06 12:15:08,14.5,Dutch Eredivisie,2026-09-06 12:30:00,2026-09-06,,,
2026-09-06 13:00,FC Astana,Elimai FC,2026-09-06 12:45:08,1.66,2.84,104.16,2026-09-06 12:45:08,14.4,Kazakhstan Premier League,2026-09-06 13:00:00,2026-09-06,,,
2026-09-06 13:00,Golden Arrows,Mamelodi Sundowns,2026-09-06 12:45:08,1.49,1.93,472.93,2026-09-06 12:45:08,14.4,South African Premier Division,2026-09-06 13:00:00,2026-09-06,1.0,2.0,b365:exato
2026-09-06 13:00,Modena,Calcio Avellino SSD,2026-09-06 12:45:08,1.7,1.91,3206.3,2026-09-06 12:45:08,14.4,Italian Serie B,2026-09-06 13:00:00,2026-09-06,0.0,1.0,b365:fuzzy0.82
2026-09-06 13:00,Mogadishu City,Airtel Kitara FC,2026-09-06 12:45:08,1.75,1.64,121.87,2026-09-06 12:45:08,14.4,CAF Confederation Cup Qualifiers,2026-09-06 13:00:00,2026-09-06,,,
2026-09-06 13:30,GD Vitoria de Sernache,CF Os Belenenses,2026-09-06 13:15:08,1.62,1.85,74.79,2026-09-06 13:15:08,14.4,Portuguese Liga 3,2026-09-06 13:30:00,2026-09-06,1.0,2.0,planilha_dia:exato
2026-09-06 14:00,Al-Ahly SC Wad Madani,Tusker FC,2026-09-06 13:45:08,1.75,1.64,69.28,2026-09-06 13:45:08,14.5,CAF Confederation Cup Qualifiers,2026-09-06 14:00:00,2026-09-06,,,
2026-09-06 14:00,Corum Belediyespor,Eyupspor,2026-09-06 13:45:08,1.71,2.04,1333.33,2026-09-06 13:45:08,14.4,Turkish Super League,2026-09-06 14:00:00,2026-09-06,,,
2026-09-06 14:00,Hearts,Dundee,2026-09-06 13:45:08,1.47,2.64,332.27,2026-09-06 13:45:08,14.5,Scottish Premiership,2026-09-06 14:00:00,2026-09-06,2.0,1.0,b365:fuzzy0.93
2026-09-06 14:00,Jonkopings Sodra,Tvaakers,2026-09-06 13:45:08,1.44,2.4,112.58,2026-09-06 13:45:08,14.5,Swedish Division 1,2026-09-06 14:00:00,2026-09-06,,,
2026-09-06 14:00,Lorenskog,Junkeren,2026-09-06 13:45:08,1.78,3.2,97.54,2026-09-06 13:45:08,14.4,Norwegian 2nd Division,2026-09-06 14:00:00,2026-09-06,,,
2026-09-06 14:00,Stjarnan,IBV,2026-09-06 13:45:08,1.74,3.5,364.35,2026-09-06 13:45:08,14.4,Icelandic Urvalsdeild,2026-09-06 14:00:00,2026-09-06,,,
2026-09-06 14:00,Tobol Kostanay,FK Ulytau Zhezkazgan,2026-09-06 13:45:08,1.68,2.22,344.97,2026-09-06 13:45:08,14.5,Kazakhstan Premier League,2026-09-06 14:00:00,2026-09-06,,,
2026-09-06 14:00,Trygg/Lade,Honefoss,2026-09-06 13:45:08,1.58,4.1,695.2,2026-09-06 13:45:08,14.4,Norwegian 2nd Division,2026-09-06 14:00:00,2026-09-06,,,
2026-09-06 14:00,Vikingur Reykjavik,Fram,2026-09-06 13:45:08,1.59,3.45,578.59,2026-09-06 13:45:08,14.4,Icelandic Urvalsdeild,2026-09-06 14:00:00,2026-09-06,2.0,2.0,b365:exato
2026-09-06 14:30,Leixoes,Amarante,2026-09-06 14:15:08,1.8,1.81,278.02,2026-09-06 14:15:08,14.4,Portuguese Segunda Liga,2026-09-06 14:30:00,2026-09-06,3.0,1.0,b365:exato
2026-09-06 14:30,Sion,Thun,2026-09-06 14:15:08,1.76,3.4,746.94,2026-09-06 14:15:08,14.4,Swiss Super League,2026-09-06 14:30:00,2026-09-06,3.0,2.0,b365:exato
2026-09-06 15:00,FC Kosice,Dukla Banska Bystrica,2026-09-06 14:45:11,1.53,3.3,471.9,2026-09-06 14:45:11,14.4,Slovakian Super League,2026-09-06 15:00:00,2026-09-06,3.0,0.0,b365:fuzzy0.85
2026-09-06 15:00,FK Auda,SC Grobina,2026-09-06 14:45:11,1.49,2.42,145.48,2026-09-06 14:45:11,14.4,Latvian Virsliga,2026-09-06 15:00:00,2026-09-06,,,
2026-09-06 15:15,Angers,Rennes,2026-09-06 15:05:09,1.78,2.64,503.34,2026-09-06 15:05:09,9.5,French Ligue 1,2026-09-06 15:15:00,2026-09-06,1.0,2.0,b365:exato
2026-09-06 15:30,ASKO Kara,ASEC Mimosas,2026-09-06 15:15:09,1.6,1.58,79.88,2026-09-06 15:15:09,14.5,CAF Champions League Qualifiers,2026-09-06 15:30:00,2026-09-06,,,
2026-09-06 15:30,Arsenal,Chelsea,2026-09-06 15:15:09,1.76,2.22,22464.47,2026-09-06 15:15:09,14.5,English Premier League,2026-09-06 15:30:00,2026-09-06,2.0,1.0,b365:exato
2026-09-06 15:30,Bjarg,Arendal,2026-09-06 15:15:09,1.54,2.74,80.17,2026-09-06 15:15:09,14.5,Norwegian 2nd Division,2026-09-06 15:30:00,2026-09-06,,,
2026-09-06 15:30,Etoile Sportive Sahel,JS Omrane,2026-09-06 15:15:09,1.54,1.72,101.29,2026-09-06 15:15:09,14.5,Tunisian Ligue Professionelle 1,2026-09-06 15:30:00,2026-09-06,,,
2026-09-06 15:30,Kaizer Chiefs,Siwelele FC,2026-09-06 15:15:09,1.67,1.59,109.41,2026-09-06 15:15:09,14.5,South African Premier Division,2026-09-06 15:30:00,2026-09-06,3.0,2.0,b365:fuzzy0.94
2026-09-06 15:30,Lech Poznan,Rakow Czestochowa,2026-09-06 15:15:09,1.6,2.8,657.72,2026-09-06 15:15:09,14.5,Polish Ekstraklasa,2026-09-06 15:30:00,2026-09-06,,,
2026-09-06 15:30,NK Maribor,Mura,2026-09-06 15:15:09,1.5,2.48,438.53,2026-09-06 15:15:09,14.5,Slovenian Premier League,2026-09-06 15:30:00,2026-09-06,1.0,1.0,b365:fuzzy0.94
2026-09-06 15:35,Al Salmiyah,Al Sahel,2026-09-06 15:20:09,1.64,1.88,113.81,2026-09-06 15:20:09,14.5,Kuwaiti Premier League,2026-09-06 15:35:00,2026-09-06,,,
2026-09-06 15:45,Ferencvaros,Ujpest,2026-09-06 15:35:09,1.41,3.2,1562.53,2026-09-06 15:35:09,9.4,Hungarian NB I,2026-09-06 15:45:00,2026-09-06,,,
2026-09-06 16:00,Brondby,Randers,2026-09-06 15:45:09,1.67,2.6,507.74,2026-09-06 15:45:09,14.5,Danish Superliga,2026-09-06 16:00:00,2026-09-06,0.0,3.0,b365:fuzzy0.94
2026-09-06 16:15,Al Dhafra,Al Wahda (Abu Dhabi),2026-09-06 16:05:09,1.67,2.12,519.59,2026-09-06 16:05:09,9.5,UAE Arabian Gulf League,2026-09-06 16:15:00,2026-09-06,,,
2026-09-06 16:30,CD Castellon,Albacete,2026-09-06 16:15:09,1.55,2.46,1407.73,2026-09-06 16:15:09,14.5,Spanish Segunda Division,2026-09-06 16:30:00,2026-09-06,2.0,0.0,b365:fuzzy0.95
2026-09-06 17:00,Crvena Zvezda,Partizan Belgrade,2026-09-06 16:45:09,1.45,3.4,990.47,2026-09-06 16:45:09,14.5,Serbian Super League,2026-09-06 17:00:00,2026-09-06,2.0,1.0,planilha_dia:exato
2026-09-06 17:00,Guimaraes,Casa Pia,2026-09-06 16:45:09,1.52,1.96,228.76,2026-09-06 16:45:09,14.5,Portuguese Primeira Liga,2026-09-06 17:00:00,2026-09-06,0.0,0.0,b365:fuzzy0.86
2026-09-06 17:00,Trabzonspor,Genclerbirligi,2026-09-06 16:45:09,1.51,2.64,1700.16,2026-09-06 16:45:09,14.5,Turkish Super League,2026-09-06 17:00:00,2026-09-06,5.0,0.0,b365:exato
2026-09-06 17:45,Rosario Central,Newells,2026-09-06 17:35:10,1.65,1.7,2549.53,2026-09-06 17:35:10,9.6,Argentinian Primera Division,2026-09-06 17:45:00,2026-09-06,1.0,1.0,b365:fuzzy0.83
2026-09-06 18:00,FK Loznica,FK Teleoptik Zemun,2026-09-06 17:45:10,1.42,2.36,479.26,2026-09-06 17:45:10,14.6,Serbian First League,2026-09-06 18:00:00,2026-09-06,,,
2026-09-06 18:15,Jagiellonia Bialystock,Slask Wroclaw,2026-09-06 18:05:10,1.73,2.7,587.38,2026-09-06 18:05:10,9.6,Polish Ekstraklasa,2026-09-06 18:15:00,2026-09-06,2.0,1.0,b365:fuzzy0.84
2026-09-06 18:15,Lokomotiv Sofia,Ludogorets,2026-09-06 18:05:10,1.54,2.26,124.36,2026-09-06 18:05:10,9.6,Bulgarian A League,2026-09-06 18:15:00,2026-09-06,1.0,2.0,planilha_dia:exato
2026-09-06 18:30,Deportivo Garcilaso,Atletico Grau,2026-09-06 18:15:10,1.57,2.0,512.66,2026-09-06 18:15:10,14.6,Peruvian Primera Division,2026-09-06 18:30:00,2026-09-06,,,
2026-09-06 18:30,St. Patrick F.C.,Hamrun Spartans FC,2026-09-06 18:15:10,1.51,2.3,85.73,2026-09-06 18:15:10,14.6,Maltese Premier League,2026-09-06 18:30:00,2026-09-06,,,
2026-09-06 19:00,Almeria,Cadiz,2026-09-06 18:45:10,1.57,1.97,296.83,2026-09-06 18:45:10,14.6,Spanish Segunda Division,2026-09-06 19:00:00,2026-09-06,3.0,2.0,b365:fuzzy0.92
2026-09-06 19:00,Cruzeiro MG,Athletico-PR,2026-09-06 18:45:10,1.77,2.16,8924.84,2026-09-06 18:45:10,14.6,Brazilian Serie A,2026-09-06 19:00:00,2026-09-06,3.0,1.0,b365:fuzzy0.94
2026-09-06 19:00,Deportivo Madryn,Ciudad de Bolivar,2026-09-06 18:45:10,1.73,1.59,192.62,2026-09-06 18:45:10,14.6,Argentinian Primera Nacional,2026-09-06 19:00:00,2026-09-06,3.0,1.0,b365:fuzzy0.96
2026-09-06 19:00,Libertad,Rubio Nu,2026-09-06 18:45:10,1.68,2.02,1334.08,2026-09-06 18:45:10,14.6,Paraguayan Primera Division,2026-09-06 19:00:00,2026-09-06,4.0,2.0,b365:fuzzy0.83
2026-09-06 19:00,Petrolero,Bolivar,2026-09-06 18:45:10,1.62,3.45,267.56,2026-09-06 18:45:10,14.6,Bolivian Liga de Futbol Profesional,2026-09-06 19:00:00,2026-09-06,,,
2026-09-06 19:00,Remo,Flamengo,2026-09-06 18:45:10,1.48,2.42,2122.65,2026-09-06 18:45:10,14.6,Brazilian Serie A,2026-09-06 19:00:00,2026-09-06,0.0,1.0,planilha_dia:exato
2026-09-06 19:30,Nacional (Uru),Juventud De Las Piedras,2026-09-06 19:15:10,1.79,1.9,914.36,2026-09-06 19:15:10,14.6,Uruguayan Primera Division,2026-09-06 19:30:00,2026-09-06,,,
2026-09-06 20:00,Huachipato,Colo Colo,2026-09-06 19:45:11,1.5,2.9,356.84,2026-09-06 19:45:11,14.6,Chilean Primera Division,2026-09-06 20:00:00,2026-09-06,0.0,0.0,b365:exato
2026-09-06 20:00,Juan Pablo II College,Alianza Lima,2026-09-06 19:45:11,1.79,2.14,654.64,2026-09-06 19:45:11,14.6,Peruvian Primera Division,2026-09-06 20:00:00,2026-09-06,1.0,1.0,b365:fuzzy0.88
2026-09-06 21:30,Ponte Preta,Sao Bernardo,2026-09-06 21:15:14,1.41,2.22,1779.26,2026-09-06 21:15:14,14.7,Brazilian Serie B,2026-09-06 21:30:00,2026-09-06,0.0,2.0,b365:exato
2026-09-06 22:15,River Plate,Independiente Rivadavia,2026-09-06 22:05:14,1.73,1.7,1539.97,2026-09-06 22:05:14,9.7,Argentinian Primera Division,2026-09-06 22:15:00,2026-09-06,3.0,1.0,b365:fuzzy0.85
2026-09-06 22:30,Corinthians,Chapecoense,2026-09-06 22:15:14,1.49,2.08,1689.41,2026-09-06 22:15:14,14.7,Brazilian Serie A,2026-09-06 22:30:00,2026-09-06,1.0,2.0,b365:fuzzy0.96
2026-09-06 22:30,Palestino,Univ de Concepcion,2026-09-06 22:15:14,1.79,2.28,643.1,2026-09-06 22:15:14,14.7,Chilean Primera Division,2026-09-06 22:30:00,2026-09-06,2.0,1.0,b365:fuzzy0.95
2026-09-06 23:00,Deportivo La Guaira,Academia Anzoategui FC,2026-09-06 22:45:14,1.44,2.38,199.72,2026-09-06 22:45:14,14.7,Venezuelan Primera Division,2026-09-06 23:00:00,2026-09-06,,,
2026-09-06 23:30,Luis Angel Firpo,Santa Tecla,2026-09-06 23:15:14,1.46,3.5,70.96,2026-09-06 23:15:14,14.7,Salvadoran Primera Division,2026-09-06 23:30:00,2026-09-06,,,
2026-09-06 23:30,Melgar,Asociacion Deportiva Tarma,2026-09-06 23:15:14,1.42,2.46,138.56,2026-09-06 23:15:14,14.7,Peruvian Primera Division,2026-09-06 23:30:00,2026-09-06,3.0,0.0,planilha_dia:exato
2026-09-07 00:00,Nacional Potosi,Blooming Santa Cruz,2026-09-06 23:45:15,1.42,2.56,97.55,2026-09-06 23:45:15,14.7,Bolivian Liga de Futbol Profesional,2026-09-07 00:00:00,2026-09-06,2.0,1.0,b365:fuzzy0.82
2026-09-07 09:00,Ispe FC,Sagaing United FC,2026-09-07 08:45:08,1.75,3.6,187.18,2026-09-07 08:45:08,14.8,Myanmar National League,2026-09-07 09:00:00,2026-09-07,,,
2026-09-07 14:00,Al Ittihad (EGY),Asyut Petroleum,2026-09-07 13:45:09,1.79,1.55,1532.51,2026-09-07 13:45:09,14.7,Egyptian Premier,2026-09-07 14:00:00,2026-09-07,1.0,0.0,planilha_dia:exato
2026-09-07 14:00,Umm Salal,Al Khor,2026-09-07 13:45:09,1.74,2.5,72.67,2026-09-07 13:45:09,14.7,Qatari Stars League 2,2026-09-07 14:00:00,2026-09-07,,,
2026-09-07 15:00,FC Fratria,Chernomorets Bourgas,2026-09-07 14:45:09,1.55,2.2,762.49,2026-09-07 14:45:09,14.7,Bulgarian B League,2026-09-07 15:00:00,2026-09-07,,,
2026-09-07 16:00,Pirin Blagoevgrad,Ludogorets Razgrad B,2026-09-07 15:45:11,1.72,2.26,147.25,2026-09-07 15:45:11,14.7,Bulgarian B League,2026-09-07 16:00:00,2026-09-07,0.0,3.0,b365:fuzzy0.83
2026-09-07 17:00,Kalmar FF,Djurgardens,2026-09-07 16:45:13,1.71,2.32,3505.61,2026-09-07 16:45:13,14.6,Swedish Allsvenskan,2026-09-07 17:00:00,2026-09-07,0.0,1.0,b365:fuzzy0.90
2026-09-07 17:00,Malmo FF,AIK,2026-09-07 16:45:13,1.77,2.48,1791.51,2026-09-07 16:45:13,14.6,Swedish Allsvenskan,2026-09-07 17:00:00,2026-09-07,0.0,0.0,b365:exato
2026-09-07 17:00,Manisa FK,Bursaspor,2026-09-07 16:45:13,1.76,2.48,378.78,2026-09-07 16:45:13,14.6,Turkish 1 Lig,2026-09-07 17:00:00,2026-09-07,1.0,2.0,b365:exato
2026-09-07 17:00,Mardin Buyuksehir Beled,Bodrum Belediyesi Bodru,2026-09-07 16:45:13,1.77,1.91,1373.88,2026-09-07 16:45:13,14.6,Turkish 1 Lig,2026-09-07 17:00:00,2026-09-07,,,
2026-09-07 17:15,Bnei Sakhnin,Beitar Jerusalem,2026-09-07 17:05:13,1.68,2.28,444.43,2026-09-07 17:05:13,9.6,Israeli Premier League,2026-09-07 17:15:00,2026-09-07,0.0,1.0,b365:fuzzy0.89
2026-09-07 17:30,Universitatea Craiova,Universitatea Cluj,2026-09-07 17:15:13,1.64,2.52,225.48,2026-09-07 17:15:13,14.6,Romanian Liga I,2026-09-07 17:30:00,2026-09-07,,,
2026-09-07 18:30,Palermo,Sampdoria,2026-09-07 18:15:18,1.66,2.2,581.13,2026-09-07 18:15:18,14.6,Italian Serie B,2026-09-07 18:30:00,2026-09-07,3.0,1.0,b365:exato
2026-09-07 21:00,Paysandu,Brusque FC,2026-09-07 20:45:19,1.75,2.06,691.36,2026-09-07 20:45:19,14.6,Brazilian Serie C,2026-09-07 21:00:00,2026-09-07,1.0,2.0,b365:fuzzy0.88
2026-09-07 22:00,Carabobo FC,Estudiantes de Merida,2026-09-07 21:45:20,1.53,2.08,274.89,2026-09-07 21:45:20,14.6,Venezuelan Primera Division,2026-09-07 22:00:00,2026-09-07,1.0,0.0,b365:fuzzy0.92
2026-09-07 23:00,Deportes Limache,Cobresal,2026-09-07 22:45:20,1.53,3.3,573.2,2026-09-07 22:45:20,14.6,Chilean Primera Division,2026-09-07 23:00:00,2026-09-07,3.0,0.0,b365:fuzzy0.82
2026-09-08 00:00,Emelec,Manta FC,2026-09-07 23:45:20,1.7,1.79,641.35,2026-09-07 23:45:20,14.6,Ecuadorian Serie A,2026-09-08 00:00:00,2026-09-07,1.0,0.0,b365:fuzzy0.92
2026-09-08 01:15,Atletico Nacional Medellin,Deportivo Cali,2026-09-08 01:05:21,1.58,2.06,408.28,2026-09-08 01:05:21,9.6,Colombian Cup,2026-09-08 01:15:00,2026-09-07,,,
2026-09-08 13:00,Kigezi Homeboys FC,Kampala City Council,2026-09-08 12:45:08,1.67,1.71,649.42,2026-09-08 12:45:08,14.6,Ugandan Premier League,2026-09-08 13:00:00,2026-09-08,,,
2026-09-08 14:30,FK Raca Bratislava,Samorin,2026-09-08 14:15:09,1.48,3.45,209.75,2026-09-08 14:15:09,14.6,Slovakian Cup,2026-09-08 14:30:00,2026-09-08,,,
2026-09-08 14:30,Trans Narva,Tallinna FC Flora,2026-09-08 14:15:09,1.64,2.74,337.44,2026-09-08 14:15:09,14.6,Estonian Premier League,2026-09-08 14:30:00,2026-09-08,2.0,2.0,planilha_dia:exato
2026-09-08 15:00,Ilves,Jaro,2026-09-08 14:45:09,1.68,2.46,1450.17,2026-09-08 14:45:09,14.6,Finnish Veikkausliiga,2026-09-08 15:00:00,2026-09-08,2.0,0.0,b365:exato
2026-09-08 15:00,Lahti,IFK Mariehamn,2026-09-08 14:45:09,1.57,2.42,79.33,2026-09-08 14:45:09,14.6,Finnish Veikkausliiga,2026-09-08 15:00:00,2026-09-08,2.0,1.0,b365:fuzzy0.93
2026-09-08 15:30,MNK Izola,Tabor Sezana,2026-09-08 15:15:09,1.62,2.44,568.81,2026-09-08 15:15:09,14.6,Slovenian Cup,2026-09-08 15:30:00,2026-09-08,,,
2026-09-08 15:50,Al-Zulfi SC,Hajer Club,2026-09-08 15:35:09,1.78,1.79,854.63,2026-09-08 15:35:09,14.6,Saudi 1st Division,2026-09-08 15:50:00,2026-09-08,,,
2026-09-08 16:45,AEK Athens,Lask Linz,2026-09-08 16:35:10,1.79,2.7,1069.12,2026-09-08 16:35:10,9.6,UEFA Champions League,2026-09-08 16:45:00,2026-09-08,,,
2026-09-08 17:00,Zamalek,Abo Qair Semads,2026-09-08 16:45:10,1.5,2.04,1012.92,2026-09-08 16:45:10,14.6,Egyptian Premier,2026-09-08 17:00:00,2026-09-08,2.0,0.0,b365:fuzzy0.92
2026-09-08 18:00,Al-Ittihad,Al-Feiha,2026-09-08 17:45:10,1.51,2.84,475.5,2026-09-08 17:45:10,14.6,Saudi Professional League,2026-09-08 18:00:00,2026-09-08,2.0,1.0,b365:fuzzy0.86
2026-09-08 18:45,Airdrieonians,St Mirren B,2026-09-08 18:35:11,1.44,3.25,87.85,2026-09-08 18:35:11,9.6,Scottish Challenge Cup,2026-09-08 18:45:00,2026-09-08,,,
2026-09-08 18:45,Buxton,Brackley Town,2026-09-08 18:35:11,1.67,2.36,132.87,2026-09-08 18:35:11,9.6,English National League North,2026-09-08 18:45:00,2026-09-08,,,
2026-09-08 18:45,Chester,Merthyr Town,2026-09-08 18:35:11,1.7,2.6,528.83,2026-09-08 18:35:11,9.6,English National League North,2026-09-08 18:45:00,2026-09-08,,,
2026-09-08 18:45,Cove Rangers,Dumbarton,2026-09-08 18:35:11,1.65,2.5,97.3,2026-09-08 18:35:11,9.6,Scottish Challenge Cup,2026-09-08 18:45:00,2026-09-08,,,
2026-09-08 18:45,Cumbernauld Colts,Kelty Hearts,2026-09-08 18:35:11,1.51,3.05,426.57,2026-09-08 18:35:11,9.6,Scottish Challenge Cup,2026-09-08 18:45:00,2026-09-08,,,
2026-09-08 18:45,East Kilbride,Bonnyrigg,2026-09-08 18:35:11,1.46,3.45,545.0,2026-09-08 18:35:11,9.6,Scottish Challenge Cup,2026-09-08 18:45:00,2026-09-08,,,
2026-09-08 18:45,Elgin City FC,Fraserburgh,2026-09-08 18:35:11,1.42,3.2,181.8,2026-09-08 18:35:11,9.6,Scottish Challenge Cup,2026-09-08 18:45:00,2026-09-08,,,
2026-09-08 18:45,Macclesfield,Scarborough Athletic,2026-09-08 18:35:11,1.69,2.46,69.24,2026-09-08 18:35:11,9.6,English National League North,2026-09-08 18:45:00,2026-09-08,,,
2026-09-08 18:45,Peterhead,Clachnacuddin,2026-09-08 18:35:11,1.65,3.3,228.46,2026-09-08 18:35:11,9.6,Scottish Challenge Cup,2026-09-08 18:45:00,2026-09-08,,,
2026-09-08 18:45,South Shields,Marine FC,2026-09-08 18:35:11,1.58,2.7,140.79,2026-09-08 18:35:11,9.6,English National League North,2026-09-08 18:45:00,2026-09-08,,,
2026-09-08 18:45,Sunderland,Hull,2026-09-08 18:35:11,1.8,2.02,5483.28,2026-09-08 18:35:11,9.6,English Football League Cup,2026-09-08 18:45:00,2026-09-08,1.0,0.0,b365:exato
2026-09-08 18:45,Weston-super-Mare,AFC Totton,2026-09-08 18:35:11,1.76,2.12,79.16,2026-09-08 18:35:11,9.6,English National League South,2026-09-08 18:45:00,2026-09-08,,,
2026-09-08 19:00,Bolton,West Ham,2026-09-08 18:45:11,1.76,2.58,439.36,2026-09-08 18:45:11,14.6,English Sky Bet Championship,2026-09-08 19:00:00,2026-09-08,2.0,3.0,b365:exato
2026-09-08 19:00,Dortmund,Villarreal,2026-09-08 18:45:11,1.77,2.72,2272.73,2026-09-08 18:45:11,14.6,UEFA Champions League,2026-09-08 19:00:00,2026-09-08,,,
2026-09-08 19:00,Porto,Man City,2026-09-08 18:45:11,1.71,2.26,1866.36,2026-09-08 18:45:11,14.6,UEFA Champions League,2026-09-08 19:00:00,2026-09-08,,,
2026-09-08 19:00,Real Madrid,Inter,2026-09-08 18:45:11,1.63,3.15,1081.12,2026-09-08 18:45:11,14.6,UEFA Champions League,2026-09-08 19:00:00,2026-09-08,,,
2026-09-08 22:00,Fluminense,CA Platense,2026-09-08 21:45:12,1.62,1.53,6667.0,2026-09-08 21:45:12,14.8,CONMEBOL Copa Libertadores,2026-09-08 22:00:00,2026-09-08,2.0,0.0,b365:fuzzy0.82
2026-09-09 08:30,Pulau Pinang,Melaka FC,2026-09-09 08:15:06,1.71,2.22,264.17,2026-09-09 08:15:06,14.8,Malaysian FA Cup,2026-09-09 08:30:00,2026-09-09,,,
2026-09-09 09:30,Mio Biwako Shiga,Tokyo-V,2026-09-09 09:15:07,1.75,2.16,316.34,2026-09-09 09:15:07,14.8,Japanese J League Cup,2026-09-09 09:30:00,2026-09-09,,,
2026-09-09 10:00,Fukushima Utd,Sendai,2026-09-09 09:45:07,1.53,2.98,302.62,2026-09-09 09:45:07,14.8,Japanese J League Cup,2026-09-09 10:00:00,2026-09-09,,,
2026-09-09 10:00,Kochi United,Nagasaki,2026-09-09 09:45:07,1.68,2.18,1872.76,2026-09-09 09:45:07,14.7,Japanese J League Cup,2026-09-09 10:00:00,2026-09-09,,,
2026-09-09 10:00,Nagano Parceiro,Mito,2026-09-09 09:45:07,1.44,2.04,2810.34,2026-09-09 09:45:07,14.7,Japanese J League Cup,2026-09-09 10:00:00,2026-09-09,,,
2026-09-09 10:30,Daejeon Citizen,FC Anyang,2026-09-09 10:15:07,1.55,2.5,3119.53,2026-09-09 10:15:07,14.7,South Korean K1 League,2026-09-09 10:30:00,2026-09-09,,,
2026-09-09 11:30,Maccabi Kiryat Ata-Bialik,Maccabi Nujeidat Ahmad,2026-09-09 11:15:07,1.61,2.06,251.79,2026-09-09 11:15:07,14.7,Israeli Liga Alef,2026-09-09 11:30:00,2026-09-09,,,
2026-09-09 12:00,Agrobiznes Volochysk,Livyi Bereh,2026-09-09 11:45:07,1.73,2.16,73.29,2026-09-09 11:45:07,14.7,Ukrainian Cup,2026-09-09 12:00:00,2026-09-09,,,
2026-09-09 12:00,Sardarapat FC,FC Pyunik,2026-09-09 11:45:07,1.49,2.14,168.22,2026-09-09 11:45:07,14.7,Armenian Premier League,2026-09-09 12:00:00,2026-09-09,,,
2026-09-09 12:15,Kuala Lumpur,Perak,2026-09-09 12:05:07,1.56,1.97,98.27,2026-09-09 12:05:07,9.7,Malaysian FA Cup,2026-09-09 12:15:00,2026-09-09,,,
2026-09-09 13:00,Entebbe FC,Lugazi FC,2026-09-09 12:45:07,1.7,1.61,183.52,2026-09-09 12:45:07,14.7,Ugandan Premier League,2026-09-09 13:00:00,2026-09-09,,,
2026-09-09 13:00,Yarud Mariupol,Zorya,2026-09-09 12:45:07,1.65,2.04,425.08,2026-09-09 12:45:07,14.7,Ukrainian Cup,2026-09-09 13:00:00,2026-09-09,,,
2026-09-09 14:00,KF Feronikeli,KF Drita,2026-09-09 13:45:09,1.53,2.1,78.46,2026-09-09 13:45:09,14.6,Kosovan Superliga,2026-09-09 14:00:00,2026-09-09,,,
2026-09-09 14:00,Osogovo,FK Belasica,2026-09-09 13:45:09,1.56,2.9,330.37,2026-09-09 13:45:09,14.6,Republic of North Macedonian Soccer,2026-09-09 14:00:00,2026-09-09,,,
2026-09-09 14:30,Banik Horna Nitra,OFK Banik Lehota,2026-09-09 14:15:10,1.61,3.95,100.58,2026-09-09 14:15:10,14.6,Slovakian Cup,2026-09-09 14:30:00,2026-09-09,,,
2026-09-09 14:30,Segesta,Osijek,2026-09-09 14:15:10,1.71,2.34,446.57,2026-09-09 14:15:10,14.6,Croatian Cup,2026-09-09 14:30:00,2026-09-09,,,
2026-09-09 15:30,VSK Aarhus FC,Lyngby,2026-09-09 15:15:11,1.44,2.52,78.55,2026-09-09 15:15:11,14.6,Danish Cup,2026-09-09 15:30:00,2026-09-09,,,
2026-09-09 15:50,Al-Raed (KSA),Al Jeel,2026-09-09 15:35:11,1.71,2.06,2699.09,2026-09-09 15:35:11,14.6,Saudi 1st Division,2026-09-09 15:50:00,2026-09-09,3.0,0.0,b365:fuzzy0.90
2026-09-09 16:00,Prostejov,Sigma Olomouc,2026-09-09 15:45:11,1.43,2.52,206.28,2026-09-09 15:45:11,14.6,Czech Cup,2026-09-09 16:00:00,2026-09-09,,,
2026-09-09 16:30,Vanlose,Hillerod Fodbold,2026-09-09 16:15:11,1.57,2.76,118.82,2026-09-09 16:15:11,14.6,Danish Cup,2026-09-09 16:30:00,2026-09-09,,,
2026-09-09 17:00,Al Mokawloon,Al Ahly Cairo,2026-09-09 16:45:14,1.51,1.83,1458.42,2026-09-09 16:45:14,14.6,Egyptian Premier,2026-09-09 17:00:00,2026-09-09,1.0,1.0,planilha_dia:exato
2026-09-09 17:00,Kolding IF,OB,2026-09-09 16:45:14,1.72,2.64,78.2,2026-09-09 16:45:14,14.6,Danish Cup,2026-09-09 17:00:00,2026-09-09,,,
2026-09-09 18:00,Al-Fateh (KSA),Al Draih,2026-09-09 17:45:17,1.78,2.58,831.05,2026-09-09 17:45:17,14.5,Saudi Professional League,2026-09-09 18:00:00,2026-09-09,,,
2026-09-09 18:00,Racing Club (Uru),Central Espanol,2026-09-09 17:45:17,1.73,1.68,1065.43,2026-09-09 17:45:17,14.5,Uruguayan Cup,2026-09-09 18:00:00,2026-09-09,,,
2026-09-09 19:00,Liverpool,Atletico Madrid,2026-09-09 18:45:19,1.8,2.58,1264.48,2026-09-09 18:45:19,14.5,UEFA Champions League,2026-09-09 19:00:00,2026-09-09,,,
2026-09-09 19:00,Napoli,Arsenal,2026-09-09 18:45:19,1.73,1.96,1968.0,2026-09-09 18:45:19,14.5,UEFA Champions League,2026-09-09 19:00:00,2026-09-09,,,
2026-09-09 19:00,Sporting Lisbon,Galatasaray,2026-09-09 18:45:19,1.69,3.0,1618.17,2026-09-09 18:45:19,14.5,UEFA Champions League,2026-09-09 19:00:00,2026-09-09,,,
2026-09-09 19:00,St Johnstone,Celtic,2026-09-09 18:45:19,1.55,2.68,378.19,2026-09-09 18:45:19,14.5,Scottish Premiership,2026-09-09 19:00:00,2026-09-09,0.0,1.0,b365:exato
2026-09-09 19:30,Atletico Barinas,Atletico el Vigia,2026-09-09 19:15:19,1.68,3.15,75.12,2026-09-09 19:15:19,14.5,Venezuelan Cup,2026-09-09 19:30:00,2026-09-09,,,
2026-09-09 22:30,Fortaleza EC,Avai,2026-09-09 22:15:20,1.56,1.7,1983.36,2026-09-09 22:15:20,14.6,Brazilian Serie B,2026-09-09 22:30:00,2026-09-09,1.0,0.0,b365:fuzzy0.95
2026-09-09 23:00,Deportivo Maldonado,Wanderers (Uru),2026-09-09 22:45:20,1.49,2.0,312.42,2026-09-09 22:45:20,14.6,Uruguayan Cup,2026-09-09 23:00:00,2026-09-09,,,
2026-09-09 23:00,Real Soacha Cundinamarc,Internacional de Bogot,2026-09-09 22:45:20,1.71,1.95,220.14,2026-09-09 22:45:20,14.6,Colombian Cup,2026-09-09 23:00:00,2026-09-09,,,
2026-09-09 23:30,Deportes Iquique,Club Deportes Santa Cruz,2026-09-09 23:15:20,1.7,2.22,275.74,2026-09-09 23:15:20,14.6,Chilean Primera B,2026-09-09 23:30:00,2026-09-09,0.0,1.0,b365:fuzzy0.84
2026-09-09 23:45,Philadelphia,FC Cincinnati,2026-09-09 23:35:20,1.67,3.85,487.82,2026-09-09 23:35:20,9.6,US MLS,2026-09-09 23:45:00,2026-09-09,5.0,0.0,b365:fuzzy0.91
2026-09-10 00:00,Comunicaciones,Marquense,2026-09-09 23:45:20,1.53,1.95,69.2,2026-09-09 23:45:20,14.6,Guatemalan Liga Nacional,2026-09-10 00:00:00,2026-09-09,,,
2026-09-10 00:00,Once Caldas,Alianza FC Valledupar,2026-09-09 23:45:20,1.44,1.92,520.7,2026-09-09 23:45:20,14.6,Colombian Cup,2026-09-10 00:00:00,2026-09-09,,,
2026-09-10 00:30,Atletico GO,Ceara SC Fortaleza,2026-09-10 00:15:20,1.7,1.83,595.76,2026-09-10 00:15:20,14.6,Brazilian Serie B,2026-09-10 00:30:00,2026-09-09,,,
2026-09-10 00:30,Minnesota Utd,FC Dallas,2026-09-10 00:15:20,1.79,2.88,529.98,2026-09-10 00:15:20,14.6,US MLS,2026-09-10 00:30:00,2026-09-09,1.0,2.0,b365:fuzzy0.94
2026-09-10 02:30,Los Angeles FC,New York Red Bulls,2026-09-10 02:15:21,1.46,3.7,2108.94,2026-09-10 02:15:21,14.6,US MLS,2026-09-10 02:30:00,2026-09-09,2.0,0.0,b365:exato
2026-09-10 02:30,San Diego FC,San Jose Earthquakes,2026-09-10 02:15:21,1.63,3.45,842.45,2026-09-10 02:15:21,14.6,US MLS,2026-09-10 02:30:00,2026-09-09,2.0,3.0,b365:exato
2026-09-10 03:06,CD Motagua,Alianza FC (SLV),2026-09-10 02:50:21,1.56,1.97,327.76,2026-09-10 02:50:21,15.6,Copa centroamericana,2026-09-10 03:06:00,2026-09-09,,,
2026-09-10 09:00,RTC FC,Thimphu City,2026-09-10 08:45:07,1.71,2.54,208.44,2026-09-10 08:45:07,14.8,Bhutan Premier League,2026-09-10 09:00:00,2026-09-10,,,
2026-09-10 12:00,FC Merani Tbilisi,Kolhketi Khobi,2026-09-10 11:45:08,1.52,2.92,237.87,2026-09-10 11:45:08,14.7,Georgian Liga 3,2026-09-10 12:00:00,2026-09-10,,,
2026-09-10 12:30,Sabail,Energetik Mingechevir,2026-09-10 12:15:08,1.57,2.96,249.29,2026-09-10 12:15:08,14.7,Azerbaijan 1st Division,2026-09-10 12:30:00,2026-09-10,,,
2026-09-10 13:30,Al Nasr Cairo,Dayrout,2026-09-10 13:15:08,1.55,1.73,153.36,2026-09-10 13:15:08,14.7,Egyptian 2nd Division,2026-09-10 13:30:00,2026-09-10,2.0,0.0,b365:fuzzy0.85
2026-09-10 13:30,FC Masar,El Seka Elhadeed,2026-09-10 13:15:08,1.78,1.58,242.65,2026-09-10 13:15:08,14.7,Egyptian 2nd Division,2026-09-10 13:30:00,2026-09-10,,,
2026-09-10 13:30,Kahraba Ismailia,El Daklyeh,2026-09-10 13:15:08,1.73,1.65,990.47,2026-09-10 13:15:08,14.7,Egyptian 2nd Division,2026-09-10 13:30:00,2026-09-10,3.0,0.0,b365:fuzzy0.98
2026-09-10 13:40,Al Jazira,Al Nasr (UAE),2026-09-10 13:25:09,1.53,2.68,173.39,2026-09-10 13:25:09,14.7,UAE Arabian Gulf League,2026-09-10 13:40:00,2026-09-10,,,
2026-09-10 13:40,United FC,Al Ahli (UAE),2026-09-10 13:25:09,1.42,3.25,946.29,2026-09-10 13:25:09,14.7,UAE Arabian Gulf League,2026-09-10 13:40:00,2026-09-10,,,
2026-09-10 14:00,FK Dinamo Samarkand,Qizilqum Zarafshon,2026-09-10 13:45:09,1.7,2.0,227.05,2026-09-10 13:45:09,14.7,Uzbekistan Super League,2026-09-10 14:00:00,2026-09-10,,,
2026-09-10 15:00,Dinamo Tbilisi,FC Meshakhte Tkibuli,2026-09-10 14:45:09,1.45,2.48,1012.42,2026-09-10 14:45:09,14.7,Georgian Umaglesi Liga,2026-09-10 15:00:00,2026-09-10,,,
2026-09-10 16:00,Ironi Modiin,Bnei Yehuda,2026-09-10 15:45:09,1.54,2.34,1269.83,2026-09-10 15:45:09,14.7,Israeli National League,2026-09-10 16:00:00,2026-09-10,2.0,4.0,b365:exato
2026-09-10 16:45,PSV,Shakhtar,2026-09-10 16:35:09,1.53,3.2,10587.92,2026-09-10 16:35:09,9.7,UEFA Champions League,2026-09-10 16:45:00,2026-09-10,1.0,1.0,planilha_dia:exato
2026-09-10 17:00,Falkenbergs,Osters,2026-09-10 16:45:09,1.74,2.5,994.39,2026-09-10 16:45:09,14.7,Swedish Superettan,2026-09-10 17:00:00,2026-09-10,2.0,1.0,b365:fuzzy0.93
2026-09-10 17:00,Ostersunds FK,IK Brage,2026-09-10 16:45:09,1.75,2.04,352.19,2026-09-10 16:45:09,14.7,Swedish Superettan,2026-09-10 17:00:00,2026-09-10,1.0,1.0,b365:fuzzy0.85
2026-09-10 19:00,Como,RB Leipzig,2026-09-10 18:45:10,1.76,3.0,655.04,2026-09-10 18:45:10,14.7,UEFA Champions League,2026-09-10 19:00:00,2026-09-10,,,
2026-09-10 19:15,Club Football Estrela,Braga,2026-09-10 19:05:10,1.61,1.94,105.02,2026-09-10 19:05:10,9.7,Portuguese Primeira Liga,2026-09-10 19:15:00,2026-09-10,,,
2026-09-10 20:00,USM Alger,JS El Biar,2026-09-10 19:45:10,1.56,1.63,261.37,2026-09-10 19:45:10,14.8,Algerian Ligue 1,2026-09-10 20:00:00,2026-09-10,,,
2026-09-10 22:00,Boyaca Patriotas,Barranquilla,2026-09-10 21:45:11,1.67,2.0,475.95,2026-09-10 21:45:11,14.8,Colombian Primera B,2026-09-10 22:00:00,2026-09-10,3.0,1.0,b365:fuzzy0.88
2026-09-11 00:00,Sao Bernardo,Londrina,2026-09-10 23:45:11,1.68,1.81,789.12,2026-09-10 23:45:11,14.8,Brazilian Serie B,2026-09-11 00:00:00,2026-09-10,1.0,2.0,b365:exato
2026-09-11 00:30,Cienciano,Torque,2026-09-11 00:15:12,1.52,2.08,1674.12,2026-09-11 00:15:12,14.8,CONMEBOL Copa Sudamericana,2026-09-11 00:30:00,2026-09-10,,,
2026-09-11 10:00,Nongkseh SCC,MLP Football Team,2026-09-11 09:45:07,1.61,2.44,96.73,2026-09-11 09:45:07,14.8,Indian Shillong Premier League,2026-09-11 10:00:00,2026-09-11,,,
2026-09-11 11:00,Shb Da Nang,Nam Dinh,2026-09-11 10:45:07,1.73,2.22,147.65,2026-09-11 10:45:07,14.7,Vietnamese V-League,2026-09-11 11:00:00,2026-09-11,,,
2026-09-11 11:30,Tampines Rovers,Balestier Khalsa,2026-09-11 11:15:07,1.43,4.0,122.12,2026-09-11 11:15:07,14.7,Singapore Premier League,2026-09-11 11:30:00,2026-09-11,,,
2026-09-11 12:00,Esan Pattaya,Police Tero,2026-09-11 11:45:08,1.77,2.1,137.28,2026-09-11 11:45:08,14.7,Thai League 2,2026-09-11 12:00:00,2026-09-11,,,
2026-09-11 12:00,PSIS Semarang,PSPS Pekanbaru,2026-09-11 11:45:08,1.56,2.2,244.56,2026-09-11 11:45:08,14.7,Indonesian Championship,2026-09-11 12:00:00,2026-09-11,,,
2026-09-11 12:30,Imisli FK,Neftchi Baku,2026-09-11 12:15:08,1.44,2.6,287.69,2026-09-11 12:15:08,14.6,Azerbaijan Premier League,2026-09-11 12:30:00,2026-09-11,,,
2026-09-11 12:30,Moik Baku,Simal FK,2026-09-11 12:15:08,1.62,3.3,375.43,2026-09-11 12:15:08,14.6,Azerbaijan 1st Division,2026-09-11 12:30:00,2026-09-11,,,
2026-09-11 14:00,Ogre United,Liepajas Metalurgs,2026-09-11 13:45:09,1.64,3.3,584.72,2026-09-11 13:45:09,14.6,Latvian Virsliga,2026-09-11 14:00:00,2026-09-11,,,
2026-09-11 14:55,Al-Nasr,Al Msnaa,2026-09-11 14:40:09,1.58,2.18,265.37,2026-09-11 14:40:09,14.6,Omani Professional League,2026-09-11 14:55:00,2026-09-11,,,
2026-09-11 15:00,Trinec,MFK Karvina,2026-09-11 14:45:09,1.64,2.38,90.38,2026-09-11 14:45:09,14.6,Czech 2 Liga,2026-09-11 15:00:00,2026-09-11,3.0,2.0,planilha_dia:exato
2026-09-11 15:30,NK Primorje,NK Bilje,2026-09-11 15:15:09,1.47,2.86,169.62,2026-09-11 15:15:09,14.6,Slovenian 2 SNL,2026-09-11 15:30:00,2026-09-11,2.0,3.0,b365:fuzzy0.86
2026-09-11 15:45,Al Faisaly ( KSA ),Al-Ittihad,2026-09-11 15:35:10,1.51,2.4,609.32,2026-09-11 15:35:10,9.6,Saudi Professional League,2026-09-11 15:45:00,2026-09-11,0.0,3.0,planilha_dia:exato
2026-09-11 16:00,Hobro,Vejle,2026-09-11 15:45:10,1.73,2.34,557.9,2026-09-11 15:45:10,14.6,Danish 1st Division,2026-09-11 16:00:00,2026-09-11,0.0,0.0,b365:exato
2026-09-11 16:15,Al Rayyan,Al Ahli (QAT),2026-09-11 16:05:10,1.63,2.94,296.25,2026-09-11 16:05:10,9.6,Qatari Stars League,2026-09-11 16:15:00,2026-09-11,,,
2026-09-11 17:00,FC Trollhattan,Utsiktens,2026-09-11 16:45:10,1.43,3.2,827.74,2026-09-11 16:45:10,14.6,Swedish Division 1,2026-09-11 17:00:00,2026-09-11,,,
2026-09-11 17:00,Hacken,Mjallby,2026-09-11 16:45:10,1.54,2.64,3198.43,2026-09-11 16:45:10,14.6,Swedish Allsvenskan,2026-09-11 17:00:00,2026-09-11,1.0,1.0,b365:exato
2026-09-11 17:30,Rapperswil-Jona,Yverdon Sport,2026-09-11 17:15:10,1.71,3.55,117.82,2026-09-11 17:15:10,14.6,Swiss Challenge League,2026-09-11 17:30:00,2026-09-11,2.0,0.0,b365:fuzzy0.87
2026-09-11 17:30,SV Ried,Red Bull Salzburg,2026-09-11 17:15:10,1.54,2.92,430.58,2026-09-11 17:15:10,14.6,Austrian Bundesliga,2026-09-11 17:30:00,2026-09-11,1.0,1.0,planilha_dia:exato
2026-09-11 17:30,Stade Lausanne-Ouchy,FC Wil,2026-09-11 17:15:10,1.54,3.05,453.47,2026-09-11 17:15:10,14.6,Swiss Challenge League,2026-09-11 17:30:00,2026-09-11,,,
2026-09-11 18:00,Csikszereda,Dinamo Bucharest,2026-09-11 17:45:10,1.55,2.18,811.61,2026-09-11 17:45:10,14.6,Romanian Liga I,2026-09-11 18:00:00,2026-09-11,1.0,3.0,planilha_dia:exato
2026-09-11 18:00,Emmen,De Graafschap,2026-09-11 17:45:10,1.79,3.55,1083.68,2026-09-11 17:45:10,14.6,Dutch Eerste Divisie,2026-09-11 18:00:00,2026-09-11,1.0,2.0,b365:fuzzy0.92
2026-09-11 18:00,FK Spartak,FK Napredak,2026-09-11 17:45:10,1.68,2.08,74.08,2026-09-11 17:45:10,14.6,Serbian First League,2026-09-11 18:00:00,2026-09-11,,,
2026-09-11 18:00,KAA Gent II,FCV Dender,2026-09-11 17:45:10,1.77,2.36,692.58,2026-09-11 17:45:10,14.6,Belgian Challenger Pro League,2026-09-11 18:00:00,2026-09-11,,,
2026-09-11 18:00,KFCO Beerschot Wilrijk,Lierse,2026-09-11 17:45:10,1.47,2.54,272.04,2026-09-11 17:45:10,14.6,Belgian Challenger Pro League,2026-09-11 18:00:00,2026-09-11,,,
2026-09-11 18:00,MC Oran,Cr Temouchent,2026-09-11 17:45:10,1.55,1.58,149.58,2026-09-11 17:45:10,14.6,Algerian Ligue 1,2026-09-11 18:00:00,2026-09-11,,,
2026-09-11 18:30,Burgos,AD Ceuta FC,2026-09-11 18:15:11,1.67,1.92,1020.11,2026-09-11 18:15:11,14.6,Spanish Segunda Division,2026-09-11 18:30:00,2026-09-11,,,
2026-09-11 18:30,Morton,Livingston,2026-09-11 18:15:11,1.53,2.18,273.3,2026-09-11 18:15:11,14.6,Scottish Championship,2026-09-11 18:30:00,2026-09-11,1.0,4.0,b365:exato
2026-09-11 18:45,Cork City,Cobh Ramblers,2026-09-11 18:35:11,1.51,2.54,579.03,2026-09-11 18:35:11,9.6,Irish Division 1,2026-09-11 18:45:00,2026-09-11,2.0,3.0,b365:exato
2026-09-11 18:45,Galway Utd,Bohemians,2026-09-11 18:35:11,1.8,2.34,406.71,2026-09-11 18:35:11,9.6,Irish Premier Division,2026-09-11 18:45:00,2026-09-11,2.0,3.0,b365:fuzzy0.90
2026-09-11 18:45,Wexford F.C,Finn Harps,2026-09-11 18:35:11,1.45,2.5,102.0,2026-09-11 18:35:11,9.6,Irish Division 1,2026-09-11 18:45:00,2026-09-11,1.0,3.0,b365:fuzzy0.94
2026-09-11 19:00,Club Sportivo Ameliano,Sportivo San Lorenzo,2026-09-11 18:45:12,1.8,1.97,1096.62,2026-09-11 18:45:12,14.6,Paraguayan Primera Division,2026-09-11 19:00:00,2026-09-11,,,
2026-09-11 19:00,West Ham,Wrexham,2026-09-11 18:45:12,1.55,2.46,552.3,2026-09-11 18:45:12,14.6,English Sky Bet Championship,2026-09-11 19:00:00,2026-09-11,6.0,0.0,b365:exato
2026-09-11 20:00,Belouizdad,ES Setif,2026-09-11 19:45:13,1.58,1.67,221.93,2026-09-11 19:45:13,14.7,Algerian Ligue 1,2026-09-11 20:00:00,2026-09-11,,,
2026-09-12 00:00,El Nacional,22 de Julio FC,2026-09-11 23:45:15,1.48,2.32,153.87,2026-09-11 23:45:15,14.7,Ecuadorian Serie B,2026-09-12 00:00:00,2026-09-11,3.0,0.0,b365:fuzzy0.95
2026-09-12 00:00,Real Potosi,Oriente Petrolero,2026-09-11 23:45:15,1.63,2.52,469.46,2026-09-11 23:45:15,14.7,Bolivian Liga de Futbol Profesional,2026-09-12 00:00:00,2026-09-11,2.0,1.0,b365:exato
2026-09-12 00:30,Boca Juniors,Central Cordoba (SdE),2026-09-12 00:15:15,1.61,1.76,1710.14,2026-09-12 00:15:15,14.7,Argentinian Primera Division,2026-09-12 00:30:00,2026-09-11,3.0,1.0,b365:fuzzy0.95
2026-09-12 07:30,Daegu Fc,Yongin FC,2026-09-12 07:15:06,1.63,2.48,731.39,2026-09-12 07:15:06,14.6,South Korean K2 League,2026-09-12 07:30:00,2026-09-12,3.0,1.0,b365:fuzzy0.85
2026-09-12 08:00,ACS Dumbravita,CSM Slatina,2026-09-12 07:45:06,1.69,2.12,130.41,2026-09-12 07:45:06,14.6,Romanian Liga II,2026-09-12 08:00:00,2026-09-12,0.0,2.0,b365:fuzzy0.96
2026-09-12 10:00,Ansan Greeners FC,Hwaseong FC,2026-09-12 09:45:07,1.68,2.26,538.25,2026-09-12 09:45:07,14.4,South Korean K2 League,2026-09-12 10:00:00,2026-09-12,0.0,2.0,planilha_dia:exato
2026-09-12 10:00,Hiroshima,Cerezo Osaka,2026-09-12 09:45:07,1.75,2.6,741.83,2026-09-12 09:45:07,14.4,Japanese J League,2026-09-12 10:00:00,2026-09-12,6.0,1.0,b365:fuzzy0.83
2026-09-12 10:00,Kryvbas Krivyi Rih,Fc Kharkiv,2026-09-12 09:45:07,1.59,2.5,822.78,2026-09-12 09:45:07,14.4,Ukrainian Premier League,2026-09-12 10:00:00,2026-09-12,,,
2026-09-12 10:00,Renofa Yamaguchi,Thespakusatsu Gunma,2026-09-12 09:45:07,1.65,2.44,73.64,2026-09-12 09:45:07,14.4,Japanese J League 3,2026-09-12 10:00:00,2026-09-12,,,
2026-09-12 11:00,Changchun Yatai,Jiangxi Dingnan United,2026-09-12 10:45:08,1.7,2.6,691.0,2026-09-12 10:45:08,14.3,Chinese League 1,2026-09-12 11:00:00,2026-09-12,,,
2026-09-12 11:00,Mombasa United,Police FC,2026-09-12 10:45:08,1.64,1.72,739.87,2026-09-12 10:45:08,14.3,Kenyan Premier League,2026-09-12 11:00:00,2026-09-12,,,
2026-09-12 11:00,Suzhou Dongwu,Foshan Nanshi FC,2026-09-12 10:45:08,1.74,2.42,196.18,2026-09-12 10:45:08,14.3,Chinese League 1,2026-09-12 11:00:00,2026-09-12,3.0,2.0,b365:fuzzy0.96
2026-09-12 11:30,Guangdong GZ-Power FC,Dalian Kun City FC,2026-09-12 11:15:08,1.47,2.54,187.31,2026-09-12 11:15:08,14.3,Chinese League 1,2026-09-12 11:30:00,2026-09-12,1.0,1.0,planilha_dia:exato
2026-09-12 11:30,Guangxi Hengchen,Yanbian Longding,2026-09-12 11:15:08,1.66,2.12,366.25,2026-09-12 11:15:08,14.3,Chinese League 1,2026-09-12 11:30:00,2026-09-12,2.0,1.0,b365:exato
2026-09-12 11:30,Nomme Kalju,Trans Narva,2026-09-12 11:15:08,1.61,2.54,459.06,2026-09-12 11:15:08,14.3,Estonian Premier League,2026-09-12 11:30:00,2026-09-12,,,
2026-09-12 11:30,Uthai Thani,Pattani FC,2026-09-12 11:15:08,1.54,2.14,243.4,2026-09-12 11:15:08,14.3,Thai League 1,2026-09-12 11:30:00,2026-09-12,,,
2026-09-12 12:00,FC Andorra,Sociedad B,2026-09-12 11:45:14,1.78,2.24,1805.23,2026-09-12 11:45:14,14.2,Spanish Segunda Division,2026-09-12 12:00:00,2026-09-12,1.0,3.0,b365:fuzzy0.85
2026-09-12 12:00,Rot-Weiss Essen,Wurzburger Kickers,2026-09-12 11:45:14,1.62,2.46,485.42,2026-09-12 11:45:14,14.3,German 3 Liga,2026-09-12 12:00:00,2026-09-12,6.0,2.0,b365:fuzzy0.85
2026-09-12 13:00,Elimai FC,FC Zhetysu,2026-09-12 12:45:16,1.56,2.3,273.59,2026-09-12 12:45:16,14.2,Kazakhstan Premier League,2026-09-12 13:00:00,2026-09-12,,,
2026-09-12 13:00,FC Zbrojovka Brno,SK Artis Brno,2026-09-12 12:45:16,1.79,2.04,1284.17,2026-09-12 12:45:16,14.2,Czech 1 Liga,2026-09-12 13:00:00,2026-09-12,,,
2026-09-12 13:00,Slovan Liberec,Mlada Boleslav,2026-09-12 12:45:16,1.66,2.46,204.7,2026-09-12 12:45:16,14.2,Czech 1 Liga,2026-09-12 13:00:00,2026-09-12,3.0,0.0,b365:fuzzy0.85
2026-09-12 13:30,Freiburg,Mgladbach,2026-09-12 13:15:21,1.75,3.0,1258.13,2026-09-12 13:15:21,14.1,German Bundesliga,2026-09-12 13:30:00,2026-09-12,5.0,0.0,b365:fuzzy0.86
2026-09-12 14:00,AFC Totton,Slough Town,2026-09-12 13:45:23,1.67,3.25,96.98,2026-09-12 13:50:25,9.0,English National League South,2026-09-12 14:00:00,2026-09-12,,,
2026-09-12 14:00,Al Arabi (QAT),Qatar SC,2026-09-12 13:45:23,1.74,3.4,82.78,2026-09-12 13:45:23,14.1,Qatari Stars League,2026-09-12 14:00:00,2026-09-12,,,
2026-09-12 14:00,Barnet,Accrington,2026-09-12 13:45:23,1.58,2.72,214.75,2026-09-12 13:45:23,14.1,English Sky Bet League 2,2026-09-12 14:00:00,2026-09-12,2.0,1.0,b365:exato
2026-09-12 14:00,Blackpool,Bromley,2026-09-12 13:45:23,1.73,2.48,228.09,2026-09-12 13:45:23,14.1,English Sky Bet League 1,2026-09-12 14:00:00,2026-09-12,2.0,2.0,b365:exato
2026-09-12 14:00,Boluspor,Pendikspor,2026-09-12 13:45:23,1.42,2.3,397.01,2026-09-12 13:45:23,14.1,Turkish 1 Lig,2026-09-12 14:00:00,2026-09-12,1.0,1.0,b365:exato
2026-09-12 14:00,Braintree,Maidstone Utd,2026-09-12 13:45:23,1.71,2.64,104.9,2026-09-12 13:45:23,14.1,English National League South,2026-09-12 14:00:00,2026-09-12,,,
2026-09-12 14:00,Dunfermline,Queens Park,2026-09-12 13:45:23,1.48,2.2,503.59,2026-09-12 13:45:23,14.1,Scottish Championship,2026-09-12 14:00:00,2026-09-12,2.0,0.0,b365:exato
2026-09-12 14:00,East Kilbride,Peterhead,2026-09-12 13:45:23,1.72,2.9,131.1,2026-09-12 13:45:23,14.1,Scottish League One,2026-09-12 14:00:00,2026-09-12,3.0,1.0,b365:exato
2026-09-12 14:00,Eastleigh,Boreham Wood,2026-09-12 13:45:23,1.63,2.76,243.13,2026-09-12 13:45:23,14.1,English National League,2026-09-12 14:00:00,2026-09-12,1.0,1.0,b365:exato
2026-09-12 14:00,Forest Green,Gateshead,2026-09-12 13:45:23,1.44,2.9,90.6,2026-09-12 13:45:23,14.1,English National League,2026-09-12 14:00:00,2026-09-12,4.0,0.0,b365:exato
2026-09-12 14:00,Liverpool,Fulham,2026-09-12 13:45:23,1.56,2.86,817.76,2026-09-12 13:45:23,14.1,English Premier League,2026-09-12 14:00:00,2026-09-12,0.0,0.0,b365:exato
2026-09-12 14:00,Morecambe,Brackley Town,2026-09-12 13:45:23,1.65,2.24,124.69,2026-09-12 13:55:28,4.0,English National League North,2026-09-12 14:00:00,2026-09-12,,,
2026-09-12 14:00,Nomme Utd,Tallinna FC Flora,2026-09-12 13:45:23,1.76,3.65,104.4,2026-09-12 13:45:23,14.1,Estonian Premier League,2026-09-12 14:00:00,2026-09-12,2.0,3.0,planilha_dia:exato
2026-09-12 14:00,Plymouth,Barnsley,2026-09-12 13:45:23,1.75,2.98,341.39,2026-09-12 13:45:23,14.1,English Sky Bet League 1,2026-09-12 14:00:00,2026-09-12,3.0,0.0,b365:exato
2026-09-12 14:00,Raith,Arbroath,2026-09-12 13:45:23,1.75,1.77,1937.62,2026-09-12 13:45:23,14.1,Scottish Championship,2026-09-12 14:00:00,2026-09-12,4.0,0.0,b365:exato
2026-09-12 14:00,Ross Co,Hibernian,2026-09-12 13:45:23,1.54,2.68,190.85,2026-09-12 13:45:23,14.1,Scottish League Cup,2026-09-12 14:00:00,2026-09-12,0.0,3.0,b365:fuzzy0.88
2026-09-12 14:00,Sheff Wed,Wigan,2026-09-12 13:45:23,1.79,2.48,1119.85,2026-09-12 13:45:23,14.1,English Sky Bet League 1,2026-09-12 14:00:00,2026-09-12,0.0,0.0,b365:fuzzy0.90
2026-09-12 14:00,Southampton,Bristol City,2026-09-12 13:45:23,1.77,2.6,348.0,2026-09-12 13:45:23,14.1,English Sky Bet Championship,2026-09-12 14:00:00,2026-09-12,4.0,1.0,b365:exato
2026-09-12 14:00,Spartans,Forfar,2026-09-12 13:45:23,1.7,2.4,99.84,2026-09-12 13:45:23,14.1,Scottish League Two,2026-09-12 14:00:00,2026-09-12,5.0,1.0,b365:fuzzy0.80
2026-09-12 14:00,Spennymoor Town,Macclesfield,2026-09-12 13:45:23,1.7,2.52,179.27,2026-09-12 13:45:23,14.1,English National League North,2026-09-12 14:00:00,2026-09-12,,,
2026-09-12 14:00,Stockport,Leicester,2026-09-12 13:45:23,1.78,2.7,693.27,2026-09-12 13:45:23,14.1,English Sky Bet League 1,2026-09-12 14:00:00,2026-09-12,3.0,4.0,b365:fuzzy0.88
2026-09-12 14:00,Stranraer,Dumbarton,2026-09-12 13:45:23,1.79,2.5,117.23,2026-09-12 13:45:23,14.1,Scottish League Two,2026-09-12 14:00:00,2026-09-12,3.0,1.0,b365:exato
2026-09-12 14:00,York City,Swindon,2026-09-12 13:45:23,1.64,2.96,227.26,2026-09-12 13:45:23,14.1,English Sky Bet League 2,2026-09-12 14:00:00,2026-09-12,4.0,0.0,b365:exato
2026-09-12 15:30,IFK Goteborg,Halmstads,2026-09-12 15:15:28,1.49,2.72,83.13,2026-09-12 15:15:28,14.1,Swedish Allsvenskan,2026-09-12 15:30:00,2026-09-12,2.0,1.0,b365:fuzzy0.89
2026-09-12 16:00,Aarau,Kriens,2026-09-12 15:45:29,1.79,3.4,242.54,2026-09-12 15:45:29,14.1,Swiss Challenge League,2026-09-12 16:00:00,2026-09-12,2.0,2.0,b365:exato
2026-09-12 16:00,FC Urartu,FC Noah,2026-09-12 15:45:29,1.59,2.28,149.41,2026-09-12 15:45:29,14.1,Armenian Premier League,2026-09-12 16:00:00,2026-09-12,,,
2026-09-12 16:00,Rosenborg,Tromso,2026-09-12 15:45:29,1.71,2.4,2731.03,2026-09-12 15:45:29,14.1,Norwegian Eliteserien,2026-09-12 16:00:00,2026-09-12,5.0,3.0,b365:exato
2026-09-12 16:00,Sparta Prague,FK Jablonec,2026-09-12 15:45:29,1.67,2.32,609.75,2026-09-12 15:45:29,14.1,Czech 1 Liga,2026-09-12 16:00:00,2026-09-12,2.0,0.0,b365:fuzzy0.94
2026-09-12 16:00,Trencin,Dunajska Streda,2026-09-12 15:45:29,1.69,3.05,437.91,2026-09-12 15:45:29,14.1,Slovakian Super League,2026-09-12 16:00:00,2026-09-12,1.0,4.0,planilha_dia:exato
2026-09-12 16:15,Al-Duhail SC,Al Shahaniya,2026-09-12 16:05:29,1.66,2.38,133.07,2026-09-12 16:05:29,9.2,Qatari Stars League,2026-09-12 16:15:00,2026-09-12,,,
2026-09-12 16:30,Athletic Bilbao,Elche,2026-09-12 16:15:29,1.43,2.4,3105.58,2026-09-12 16:15:29,14.2,Spanish La Liga,2026-09-12 16:30:00,2026-09-12,1.0,1.0,b365:fuzzy0.89
2026-09-12 16:30,Kolding IF,Fredericia,2026-09-12 16:15:29,1.8,2.58,174.15,2026-09-12 16:15:29,14.2,Danish 1st Division,2026-09-12 16:30:00,2026-09-12,0.0,0.0,b365:exato
2026-09-12 17:00,FK Javor Ivanjica,Vozdovac,2026-09-12 16:45:29,1.66,2.16,508.11,2026-09-12 16:45:29,14.2,Serbian First League,2026-09-12 17:00:00,2026-09-12,,,
2026-09-12 17:00,Omonia,Apollon Limassol,2026-09-12 16:45:29,1.8,2.22,380.12,2026-09-12 16:45:29,14.2,Cypriot 1st Division,2026-09-12 17:00:00,2026-09-12,0.0,0.0,b365:fuzzy0.82
2026-09-12 17:30,RZ Pellets WAC,Rapid Vienna,2026-09-12 17:15:29,1.61,2.98,356.47,2026-09-12 17:15:29,14.2,Austrian Bundesliga,2026-09-12 17:30:00,2026-09-12,0.0,3.0,planilha_dia:exato
2026-09-12 17:45,Independiente Rivadavia,Aldosivi,2026-09-12 17:35:29,1.47,1.96,137.51,2026-09-12 17:35:29,9.2,Argentinian Primera Division,2026-09-12 17:45:00,2026-09-12,4.0,3.0,b365:fuzzy0.85
2026-09-12 18:00,Al-Shabab (KSA),Al-Feiha,2026-09-12 17:45:29,1.6,2.58,91.16,2026-09-12 17:45:29,14.2,Saudi Professional League,2026-09-12 18:00:00,2026-09-12,,,
2026-09-12 18:00,CA Atlanta,CA Guemes,2026-09-12 17:45:29,1.74,1.57,283.43,2026-09-12 17:45:29,14.2,Argentinian Primera Nacional,2026-09-12 18:00:00,2026-09-12,,,
2026-09-12 18:00,Dunkerque,St Etienne,2026-09-12 17:45:29,1.66,2.52,220.5,2026-09-12 17:45:29,14.2,French Ligue 2,2026-09-12 18:00:00,2026-09-12,2.0,1.0,b365:exato
2026-09-12 18:00,Fortuna Sittard,Ajax,2026-09-12 17:45:29,1.43,3.4,472.85,2026-09-12 17:45:29,14.2,Dutch Eredivisie,2026-09-12 18:00:00,2026-09-12,1.0,5.0,planilha_dia:exato
2026-09-12 18:00,Lokomotiva,Rijeka,2026-09-12 17:45:29,1.66,2.04,273.09,2026-09-12 17:45:29,14.2,Croatian HNL,2026-09-12 18:00:00,2026-09-12,1.0,1.0,planilha_dia:exato
2026-09-12 18:15,CSKA Sofia,Arda,2026-09-12 18:05:29,1.65,1.89,145.47,2026-09-12 18:05:29,9.3,Bulgarian A League,2026-09-12 18:15:00,2026-09-12,4.0,1.0,b365:exato
2026-09-12 18:15,NK Bravo,NK Celje,2026-09-12 18:05:29,1.74,2.8,175.78,2026-09-12 18:05:29,9.3,Slovenian Premier League,2026-09-12 18:15:00,2026-09-12,2.0,1.0,b365:fuzzy0.83
2026-09-12 18:30,All Boys,San Telmo,2026-09-12 18:15:29,1.78,1.45,207.82,2026-09-12 18:15:29,14.3,Argentinian Primera Nacional,2026-09-12 18:30:00,2026-09-12,0.0,1.0,b365:exato
2026-09-12 18:30,FK Radnicki 1923,Mladost Lucani,2026-09-12 18:15:29,1.59,1.95,150.99,2026-09-12 18:15:29,14.3,Serbian Super League,2026-09-12 18:30:00,2026-09-12,5.0,0.0,b365:fuzzy0.81
2026-09-12 18:30,Rapid Bucharest,FC Voluntari,2026-09-12 18:15:29,1.5,2.14,1021.23,2026-09-12 18:15:29,14.3,Romanian Liga I,2026-09-12 18:30:00,2026-09-12,2.0,1.0,b365:fuzzy0.90
2026-09-12 18:45,Atalanta,Cagliari,2026-09-12 18:35:30,1.75,2.04,1180.2,2026-09-12 18:35:30,9.3,Italian Serie A,2026-09-12 18:45:00,2026-09-12,1.0,2.0,b365:exato
2026-09-12 19:00,Cambuur Leeuwarden,NEC Nijmegen,2026-09-12 18:45:30,1.64,3.25,860.38,2026-09-12 18:45:30,14.3,Dutch Eredivisie,2026-09-12 19:00:00,2026-09-12,3.0,0.0,betfair_oficial:exato
2026-09-12 19:00,Sunderland,Arsenal,2026-09-12 18:45:30,1.64,1.82,12278.48,2026-09-12 18:45:30,14.3,English Premier League,2026-09-12 19:00:00,2026-09-12,0.0,2.0,betfair_oficial:exato
2026-09-12 20:00,Botafogo PB,Floresta EC,2026-09-12 19:45:30,1.68,1.61,416.67,2026-09-12 19:45:30,14.3,Brazilian Serie C,2026-09-12 20:00:00,2026-09-12,0.0,1.0,betfair_oficial:exato
2026-09-12 20:00,CS Constantine,ASO Chlef,2026-09-12 19:45:30,1.6,1.64,92.08,2026-09-12 19:45:30,14.3,Algerian Ligue 1,2026-09-12 20:00:00,2026-09-12,3.0,0.0,betfair_oficial:exato
2026-09-12 20:00,FC Supra du Quebec,HFX Wanderers,2026-09-12 19:45:30,1.79,2.62,559.57,2026-09-12 19:45:30,14.3,Canadian Premier League,2026-09-12 20:00:00,2026-09-12,0.0,2.0,betfair_oficial:exato
2026-09-12 20:30,Envigado,Leones FC,2026-09-12 20:15:33,1.65,1.61,216.16,2026-09-12 20:15:33,14.3,Colombian Primera B,2026-09-12 20:30:00,2026-09-12,1.0,1.0,betfair_oficial:exato
2026-09-12 21:30,SE Palmeiras,Sao Paulo,2026-09-12 21:15:36,1.5,1.88,88.12,2026-09-12 21:15:36,14.3,Brazilian Serie A,2026-09-12 21:30:00,2026-09-12,2.0,0.0,betfair_oficial:exato
2026-09-12 22:30,Maringa,Santa Cruz PE,2026-09-12 22:15:37,1.76,1.75,69.27,2026-09-12 22:15:37,14.3,Brazilian Serie C,2026-09-12 22:30:00,2026-09-12,0.0,1.0,betfair_oficial:exato
2026-09-12 23:00,Forge,Atletico Ottawa,2026-09-12 22:45:37,1.66,2.32,523.96,2026-09-12 22:45:37,14.3,Canadian Premier League,2026-09-12 23:00:00,2026-09-12,3.0,0.0,betfair_oficial:exato
2026-09-12 23:30,Columbus,New York Red Bulls,2026-09-12 23:15:37,1.79,3.45,4714.51,2026-09-12 23:15:37,14.3,US MLS,2026-09-12 23:30:00,2026-09-12,0.0,1.0,betfair_oficial:exato
2026-09-13 00:00,Blooming Santa Cruz,Academia de Balompie Bolivia,2026-09-12 23:45:37,1.56,3.7,151.08,2026-09-12 23:45:37,14.3,Bolivian Liga de Futbol Profesional,2026-09-13 00:00:00,2026-09-12,6.0,1.0,planilha_dia:fuzzy0.99
2026-09-13 00:00,LDU,Deportivo Cuenca,2026-09-12 23:45:37,1.63,2.0,302.38,2026-09-12 23:45:37,14.3,Ecuadorian Serie A,2026-09-13 00:00:00,2026-09-12,1.0,1.0,betfair_oficial:exato
2026-09-13 01:30,Colorado,CF Montreal,2026-09-13 01:15:37,1.68,2.58,1731.09,2026-09-13 01:15:37,14.3,US MLS,2026-09-13 01:30:00,2026-09-12,1.0,0.0,betfair_oficial:exato
2026-09-13 02:00,Escorpiones FC,Cs Herediano,2026-09-13 01:45:37,1.64,2.0,424.01,2026-09-13 01:45:37,14.3,Costa Rican Primera Division,2026-09-13 02:00:00,2026-09-12,0.0,2.0,betfair_oficial:exato
2026-09-13 07:30,Sai Kung Friends,Tuen Mun SA,2026-09-13 07:15:07,1.63,4.9,73.49,2026-09-13 07:15:07,14.6,Hong Kong 2nd Division League,2026-09-13 07:30:00,2026-09-13,1.0,0.0,betfair_oficial:exato
2026-09-13 08:00,North District,Hong Kong Rangers FC,2026-09-13 07:45:07,1.45,3.6,90.12,2026-09-13 07:45:07,14.6,Hong Kong Premier League,2026-09-13 08:00:00,2026-09-13,,,
2026-09-13 08:30,RANS Nusantara FC,Persiba Balikpapan,2026-09-13 08:15:07,1.65,2.02,94.49,2026-09-13 08:15:07,14.6,Indonesian Championship,2026-09-13 08:30:00,2026-09-13,3.0,2.0,betfair_oficial:exato
2026-09-13 09:00,Sendai,Sapporo,2026-09-13 08:45:07,1.65,2.22,3109.94,2026-09-13 08:45:07,14.5,Japanese J League 2,2026-09-13 09:00:00,2026-09-13,1.0,1.0,betfair_oficial:exato
2026-09-13 10:00,Busan IPark,Gimhae City,2026-09-13 09:45:07,1.72,2.14,673.6,2026-09-13 09:45:07,14.5,South Korean K2 League,2026-09-13 10:00:00,2026-09-13,2.0,0.0,betfair_oficial:exato
2026-09-13 10:00,Suwon FC,Cheonan City,2026-09-13 09:45:07,1.73,2.52,760.96,2026-09-13 09:45:07,14.5,South Korean K2 League,2026-09-13 10:00:00,2026-09-13,1.0,1.0,betfair_oficial:exato
2026-09-13 11:00,Prachuap,Sukhothai,2026-09-13 10:45:08,1.57,2.14,1937.45,2026-09-13 10:45:08,14.5,Thai League 1,2026-09-13 11:00:00,2026-09-13,1.0,0.0,betfair_oficial:exato
2026-09-13 11:00,Shandong Taishan B,Hangzhou Linping Wuyue,2026-09-13 10:45:08,1.6,1.91,82.38,2026-09-13 10:45:08,14.5,Chinese League 2,2026-09-13 11:00:00,2026-09-13,0.0,0.0,betfair_oficial:exato
2026-09-13 11:30,Paide Linnameeskond,Harju JK Laagri,2026-09-13 11:15:08,1.56,3.2,592.86,2026-09-13 11:15:08,14.5,Estonian Premier League,2026-09-13 11:30:00,2026-09-13,1.0,2.0,betfair_oficial:exato
2026-09-13 11:30,Panevezys,FK Kauno Zalgiris,2026-09-13 11:15:08,1.55,2.2,730.75,2026-09-13 11:15:08,14.5,Lithuanian A Lyga,2026-09-13 11:30:00,2026-09-13,0.0,1.0,betfair_oficial:exato
2026-09-13 11:30,Sabah FA,Brunei DPMM FC,2026-09-13 11:15:08,1.8,2.6,116.24,2026-09-13 11:15:08,14.5,Malaysian Super League,2026-09-13 11:30:00,2026-09-13,1.0,2.0,betfair_oficial:exato
2026-09-13 12:00,Celta Vigo,Malaga,2026-09-13 11:45:09,1.76,1.87,2851.92,2026-09-13 11:45:09,14.4,Spanish La Liga,2026-09-13 12:00:00,2026-09-13,1.0,1.0,betfair_oficial:exato
2026-09-13 12:00,Chonburi,Rayong FC,2026-09-13 11:45:09,1.7,2.14,316.05,2026-09-13 11:45:09,14.4,Thai League 1,2026-09-13 12:00:00,2026-09-13,2.0,3.0,betfair_oficial:exato
2026-09-13 12:00,Lyngby,SonderjyskE,2026-09-13 11:45:09,1.7,2.7,79.66,2026-09-13 11:45:09,14.4,Danish Superliga,2026-09-13 12:00:00,2026-09-13,1.0,1.0,betfair_oficial:exato
2026-09-13 12:00,Persebaya Surabaya,PSIM Yogyakarta,2026-09-13 11:45:09,1.71,2.18,2685.71,2026-09-13 11:45:09,14.4,Indonesian Super League,2026-09-13 12:00:00,2026-09-13,1.0,0.0,betfair_oficial:exato
2026-09-13 12:00,Sardarapat FC,Alashkert,2026-09-13 11:45:09,1.41,2.32,110.74,2026-09-13 11:45:09,14.4,Armenian Premier League,2026-09-13 12:00:00,2026-09-13,1.0,1.0,betfair_oficial:exato
2026-09-13 12:00,Sporting Gijon,Eldense,2026-09-13 11:45:09,1.68,1.98,849.36,2026-09-13 11:45:09,14.4,Spanish Segunda Division,2026-09-13 12:00:00,2026-09-13,0.0,1.0,betfair_oficial:exato
2026-09-13 12:30,Araz Nakhchivan PFK,PFK Turan Tovuz,2026-09-13 12:15:08,1.8,1.88,444.84,2026-09-13 12:15:08,14.4,Azerbaijan Premier League,2026-09-13 12:30:00,2026-09-13,2.0,2.0,betfair_oficial:exato
2026-09-13 12:30,Austria Wien,SC Austria Lustenau,2026-09-13 12:15:08,1.8,2.12,1700.36,2026-09-13 12:15:08,14.4,Austrian Bundesliga,2026-09-13 12:30:00,2026-09-13,2.0,1.0,betfair_oficial:exato
2026-09-13 12:30,Heerenveen,SC Telstar,2026-09-13 12:15:08,1.68,3.25,986.1,2026-09-13 12:15:08,14.4,Dutch Eredivisie,2026-09-13 12:30:00,2026-09-13,0.0,0.0,betfair_oficial:exato
2026-09-13 12:30,Polissya Zhytomyr,Livyi Bereg Kyiv,2026-09-13 12:15:08,1.42,2.14,150.45,2026-09-13 12:15:08,14.4,Ukrainian Premier League,2026-09-13 12:30:00,2026-09-13,1.0,0.0,betfair_oficial:exato
2026-09-13 13:00,Lille,ESTAC Troyes,2026-09-13 12:45:08,1.53,2.56,2831.41,2026-09-13 12:45:08,14.4,French Ligue 1,2026-09-13 13:00:00,2026-09-13,2.0,0.0,b365:fuzzy0.85
2026-09-13 13:00,Norrkoping,Oddevold,2026-09-13 12:45:08,1.69,2.64,1115.45,2026-09-13 12:45:08,14.4,Swedish Superettan,2026-09-13 13:00:00,2026-09-13,0.0,0.0,betfair_oficial:exato
2026-09-13 13:30,RB Leipzig,Hamburger SV,2026-09-13 13:15:09,1.43,3.65,4162.82,2026-09-13 13:15:09,14.4,German Bundesliga,2026-09-13 13:30:00,2026-09-13,5.0,0.0,b365:exato
2026-09-13 14:00,Kairat Almaty,Tobol Kostanay,2026-09-13 13:45:09,1.41,2.38,126.77,2026-09-13 13:45:09,14.4,Kazakhstan Premier League,2026-09-13 14:00:00,2026-09-13,,,
2026-09-13 14:00,Moss,Haugesund,2026-09-13 13:45:09,1.61,4.4,110.28,2026-09-13 13:45:09,14.4,Norwegian 1st Division,2026-09-13 14:00:00,2026-09-13,1.0,4.0,b365:exato
2026-09-13 14:00,Raufoss,Odds BK,2026-09-13 13:45:09,1.45,3.7,125.94,2026-09-13 13:45:09,14.4,Norwegian 1st Division,2026-09-13 14:00:00,2026-09-13,2.0,1.0,betfair_oficial:exato
2026-09-13 14:00,Sivasspor,Muglaspor,2026-09-13 13:45:09,1.77,2.04,789.34,2026-09-13 13:45:09,14.4,Turkish 1 Lig,2026-09-13 14:00:00,2026-09-13,1.0,1.0,betfair_oficial:exato
2026-09-13 14:00,Valur,Thor,2026-09-13 13:45:09,1.71,4.2,170.31,2026-09-13 13:45:09,14.4,Icelandic Urvalsdeild,2026-09-13 14:00:00,2026-09-13,,,
2026-09-13 14:30,Malmo FF,Orgryte,2026-09-13 14:15:09,1.46,2.74,706.82,2026-09-13 14:15:09,14.5,Swedish Allsvenskan,2026-09-13 14:30:00,2026-09-13,4.0,1.0,b365:exato
2026-09-13 14:45,Botev Vratsa,PFC Levski Sofia,2026-09-13 14:30:09,1.52,1.97,290.65,2026-09-13 14:30:09,14.5,Bulgarian A League,2026-09-13 14:45:00,2026-09-13,0.0,0.0,betfair_oficial:exato
2026-09-13 14:45,FC Volendam,Den Bosch,2026-09-13 14:30:09,1.78,4.2,369.81,2026-09-13 14:30:09,14.5,Dutch Eerste Divisie,2026-09-13 14:45:00,2026-09-13,2.0,0.0,betfair_oficial:exato
2026-09-13 14:45,PEC Zwolle,Feyenoord,2026-09-13 14:30:09,1.45,3.15,3243.31,2026-09-13 14:30:09,14.5,Dutch Eredivisie,2026-09-13 14:45:00,2026-09-13,0.0,7.0,planilha_dia:exato
2026-09-13 15:00,Ham-Kam,Molde,2026-09-13 14:45:09,1.73,3.1,1055.25,2026-09-13 14:45:09,14.5,Norwegian Eliteserien,2026-09-13 15:00:00,2026-09-13,1.0,5.0,b365:exato
2026-09-13 15:00,Moss,Haugesund,2026-09-13 14:45:09,1.68,4.6,886.6,2026-09-13 14:45:09,14.5,Norwegian 1st Division,2026-09-13 15:00:00,2026-09-13,1.0,4.0,b365:exato
2026-09-13 15:00,NK Istra,Rudes,2026-09-13 14:45:09,1.51,2.62,416.13,2026-09-13 14:45:09,14.5,Croatian HNL,2026-09-13 15:00:00,2026-09-13,3.0,2.0,betfair_oficial:exato
2026-09-13 15:00,Ranheim IL,Asane,2026-09-13 14:45:09,1.66,4.5,96.71,2026-09-13 14:45:09,14.5,Norwegian 1st Division,2026-09-13 15:00:00,2026-09-13,2.0,2.0,betfair_oficial:exato
2026-09-13 15:00,Raufoss,Odds BK,2026-09-13 14:45:09,1.5,3.6,658.33,2026-09-13 14:45:09,14.5,Norwegian 1st Division,2026-09-13 15:00:00,2026-09-13,2.0,1.0,betfair_oficial:exato
2026-09-13 15:15,Le Mans,Lens,2026-09-13 15:00:12,1.69,2.82,83.87,2026-09-13 15:00:12,14.2,French Ligue 1,2026-09-13 15:15:00,2026-09-13,2.0,2.0,betfair_oficial:exato
2026-09-13 16:00,Asteras Tripolis,AEK Athens,2026-09-13 15:45:09,1.5,2.1,849.36,2026-09-13 15:45:09,14.5,Greek Super League,2026-09-13 16:00:00,2026-09-13,1.0,1.0,betfair_oficial:exato
2026-09-13 16:00,FC Iberia 1999,FC Spaeri,2026-09-13 15:45:09,1.75,2.12,91.72,2026-09-13 15:45:09,14.5,Georgian Umaglesi Liga,2026-09-13 16:00:00,2026-09-13,1.0,0.0,betfair_oficial:exato
2026-09-13 16:00,FC Nordsjaelland,AGF,2026-09-13 15:45:09,1.8,2.94,367.63,2026-09-13 15:45:09,14.5,Danish Superliga,2026-09-13 16:00:00,2026-09-13,2.0,0.0,betfair_oficial:exato
2026-09-13 16:00,Teplice,Slavia Prague,2026-09-13 15:45:09,1.61,2.66,414.88,2026-09-13 15:45:09,14.5,Czech 1 Liga,2026-09-13 16:00:00,2026-09-13,0.0,2.0,betfair_oficial:exato
2026-09-13 16:00,Valletta,Balzan FC,2026-09-13 15:45:09,1.76,1.9,102.15,2026-09-13 15:45:09,14.5,Maltese Premier League,2026-09-13 16:00:00,2026-09-13,2.0,2.0,betfair_oficial:exato
2026-09-13 16:20,NEOM Sports Club,Al-Fateh (KSA),2026-09-13 16:10:09,1.7,2.42,76.2,2026-09-13 16:10:09,9.5,Saudi Professional League,2026-09-13 16:20:00,2026-09-13,,,
2026-09-13 17:00,Slovan Bratislava,Zilina,2026-09-13 16:45:10,1.56,3.05,312.92,2026-09-13 16:45:10,14.5,Slovakian Super League,2026-09-13 17:00:00,2026-09-13,3.0,3.0,betfair_oficial:exato
2026-09-13 17:30,AB Argir,B68 Toftir,2026-09-13 17:15:10,1.77,2.42,120.74,2026-09-13 17:15:10,14.6,Faroe Premier League,2026-09-13 17:30:00,2026-09-13,1.0,1.0,betfair_oficial:exato
2026-09-13 17:30,FC Hunedoara,Universitatea Craiova,2026-09-13 17:15:10,1.78,2.0,206.92,2026-09-13 17:15:10,14.6,Romanian Liga I,2026-09-13 17:30:00,2026-09-13,0.0,1.0,betfair_oficial:exato
2026-09-13 17:30,Hapoel Petach Tikva,Hapoel Be'er Sheva,2026-09-13 17:15:10,1.71,2.4,449.26,2026-09-13 17:15:10,14.6,Israeli Premier League,2026-09-13 17:30:00,2026-09-13,0.0,2.0,betfair_oficial:exato
2026-09-13 17:30,Skala,HB Torshavn,2026-09-13 17:15:10,1.69,2.8,113.36,2026-09-13 17:15:10,14.6,Faroe Premier League,2026-09-13 17:30:00,2026-09-13,2.0,2.0,betfair_oficial:exato
2026-09-13 18:00,Al Draih,Abha,2026-09-13 17:45:10,1.43,2.54,758.07,2026-09-13 17:45:10,14.6,Saudi Professional League,2026-09-13 18:00:00,2026-09-13,0.0,0.0,betfair_oficial:exato
2026-09-13 18:00,PAOK,Aris,2026-09-13 17:45:10,1.54,2.0,3342.99,2026-09-13 17:45:10,14.6,Greek Super League,2026-09-13 18:00:00,2026-09-13,2.0,0.0,betfair_oficial:exato
2026-09-13 18:00,Sport Boys (Per),Deportivo Garcilaso,2026-09-13 17:45:10,1.74,1.82,1647.06,2026-09-13 17:45:10,14.6,Peruvian Primera Division,2026-09-13 18:00:00,2026-09-13,1.0,0.0,betfair_oficial:exato
2026-09-13 18:15,NK Radomlje,NK Maribor,2026-09-13 18:00:10,1.61,2.76,425.3,2026-09-13 18:00:10,14.6,Slovenian Premier League,2026-09-13 18:15:00,2026-09-13,0.0,3.0,betfair_oficial:exato
2026-09-13 18:30,Mosta,Sliema Wanderers FC,2026-09-13 18:15:10,1.77,1.81,280.97,2026-09-13 18:15:10,14.6,Maltese Premier League,2026-09-13 18:30:00,2026-09-13,1.0,3.0,betfair_oficial:exato
2026-09-13 18:45,Sassuolo,Juventus,2026-09-13 18:30:11,1.73,2.08,12114.72,2026-09-13 18:30:11,14.6,Italian Serie A,2026-09-13 18:45:00,2026-09-13,3.0,2.0,betfair_oficial:exato
2026-09-13 19:00,Deportivo Pereira,Atletico Bucaramanga,2026-09-13 18:45:11,1.6,1.84,2434.07,2026-09-13 18:45:11,14.6,Colombian Primera A,2026-09-13 19:00:00,2026-09-13,1.0,3.0,betfair_oficial:exato
2026-09-13 19:00,Gimnasia Jujuy,Atletico Rafaela,2026-09-13 18:45:11,1.73,1.77,408.01,2026-09-13 18:45:11,14.6,Argentinian Primera Nacional,2026-09-13 19:00:00,2026-09-13,2.0,1.0,betfair_oficial:exato
2026-09-13 19:00,Olimpia,Sportivo Luqueno,2026-09-13 18:45:11,1.46,2.34,347.88,2026-09-13 18:45:11,14.6,Paraguayan Primera Division,2026-09-13 19:00:00,2026-09-13,3.0,0.0,betfair_oficial:exato
2026-09-13 19:30,Famalicao,Sporting Lisbon,2026-09-13 19:15:11,1.59,2.12,3914.64,2026-09-13 19:15:11,14.6,Portuguese Primeira Liga,2026-09-13 19:30:00,2026-09-13,1.0,1.0,betfair_oficial:exato
2026-09-13 20:15,Club ADA Jaén,Union Comercio,2026-09-13 20:00:11,1.69,1.63,155.5,2026-09-13 20:00:11,14.6,Peruvian Segunda Division,2026-09-13 20:15:00,2026-09-13,1.0,0.0,betfair_oficial:exato
2026-09-13 20:15,Uni San Martin,AD Cantolao,2026-09-13 20:00:11,1.48,1.9,78.76,2026-09-13 20:00:11,14.6,Peruvian Segunda Division,2026-09-13 20:15:00,2026-09-13,2.0,2.0,betfair_oficial:exato
2026-09-13 20:30,Colo Colo,Deportes Concepcion,2026-09-13 20:15:11,1.47,2.38,215.85,2026-09-13 20:15:11,14.7,Chilean Primera Division,2026-09-13 20:30:00,2026-09-13,1.0,1.0,betfair_oficial:exato
2026-09-13 21:00,Juventude,Athletic Club,2026-09-13 20:45:13,1.69,1.65,1188.67,2026-09-13 20:45:13,14.7,Brazilian Serie B,2026-09-13 21:00:00,2026-09-13,0.0,2.0,betfair_oficial:exato
2026-09-13 21:05,Atletico Nacional Medellin,Aguilas Doradas,2026-09-13 20:50:15,1.47,2.24,111.39,2026-09-13 20:50:15,14.6,Colombian Primera A,2026-09-13 21:05:00,2026-09-13,2.0,0.0,betfair_oficial:exato
2026-09-13 21:30,Novorizontino,Cuiaba,2026-09-13 21:15:16,1.65,1.72,1636.57,2026-09-13 21:15:16,14.6,Brazilian Serie B,2026-09-13 21:30:00,2026-09-13,1.0,1.0,betfair_oficial:exato
2026-09-13 21:30,Universitario de Vinto,Club Independiente Petrol,2026-09-13 21:15:16,1.71,2.58,90.61,2026-09-13 21:15:16,14.6,Bolivian Liga de Futbol Profesional,2026-09-13 21:30:00,2026-09-13,3.0,1.0,betfair_oficial:exato
2026-09-13 22:00,Pacific,Cavalry,2026-09-13 21:45:16,1.6,2.68,99.42,2026-09-13 21:45:16,14.6,Canadian Premier League,2026-09-13 22:00:00,2026-09-13,0.0,1.0,betfair_oficial:exato
2026-09-13 22:30,Penarol,Albion FC,2026-09-13 22:15:16,1.41,1.99,250.7,2026-09-13 22:15:16,14.6,Uruguayan Primera Division,2026-09-13 22:30:00,2026-09-13,3.0,1.0,betfair_oficial:exato
2026-09-13 23:00,Barcelona (Ecu),Delfin,2026-09-13 22:45:16,1.64,1.84,635.37,2026-09-13 22:45:16,14.7,Ecuadorian Serie A,2026-09-13 23:00:00,2026-09-13,1.0,1.0,betfair_oficial:exato
2026-09-14 00:00,Real Tomayapo,Bolivar,2026-09-13 23:45:16,1.47,3.1,193.68,2026-09-13 23:45:16,14.7,Bolivian Liga de Futbol Profesional,2026-09-14 00:00:00,2026-09-13,1.0,2.0,betfair_oficial:exato
2026-09-14 01:07,Guadalajara,Pumas UNAM,2026-09-14 00:55:17,1.56,2.44,179.93,2026-09-14 00:55:17,11.7,Mexican Liga MX,2026-09-14 01:07:00,2026-09-13,3.0,0.0,betfair_oficial:exato
2026-09-14 11:00,FC Meshakhte Tkibuli,FC Rustavi,2026-09-14 10:45:08,1.74,1.86,180.4,2026-09-14 10:45:08,14.8,Georgian Umaglesi Liga,2026-09-14 11:00:00,2026-09-14,0.0,1.0,betfair_oficial:exato
2026-09-14 11:30,Geylang International,Tanjong Pagar United,2026-09-14 11:15:08,1.61,3.6,73.38,2026-09-14 11:15:08,14.7,Singapore Premier League,2026-09-14 11:30:00,2026-09-14,1.0,0.0,betfair_oficial:exato
2026-09-14 12:00,FC Meshakhte Tkibuli,FC Rustavi,2026-09-14 11:45:08,1.8,1.82,1429.75,2026-09-14 11:45:08,14.7,Georgian Umaglesi Liga,2026-09-14 12:00:00,2026-09-14,0.0,1.0,betfair_oficial:exato
2026-09-14 12:30,Dynamo Kiev,FC Epicentr Dunaivtsi,2026-09-14 12:15:08,1.46,2.58,964.28,2026-09-14 12:15:08,14.7,Ukrainian Premier League,2026-09-14 12:30:00,2026-09-14,3.0,0.0,betfair_oficial:exato
2026-09-14 13:45,Neftchi Fargona,Al Quwa Al Jawiya,2026-09-14 13:35:08,1.53,2.04,235.82,2026-09-14 13:35:08,9.7,AFC Champions League,2026-09-14 13:45:00,2026-09-14,1.0,0.0,betfair_oficial:exato
2026-09-14 14:00,KF Shkendija Haracine,FK Skopje,2026-09-14 13:45:08,1.62,1.92,196.21,2026-09-14 13:45:08,14.7,Republic of North Macedonian Soccer,2026-09-14 14:00:00,2026-09-14,1.0,0.0,betfair_oficial:exato
2026-09-14 14:00,Rigas Futbola Skola II,Skanstes SK,2026-09-14 13:45:08,1.64,4.8,69.5,2026-09-14 13:45:08,14.7,Latvian 1 Liga,2026-09-14 14:00:00,2026-09-14,,,
2026-09-14 15:00,FC Inter Turku,VPS,2026-09-14 14:45:08,1.66,1.95,485.56,2026-09-14 14:45:08,14.7,Finnish Veikkausliiga,2026-09-14 15:00:00,2026-09-14,1.0,0.0,betfair_oficial:exato
2026-09-14 15:00,Shafa Baku FC,FC Sabah,2026-09-14 14:45:08,1.44,2.86,146.13,2026-09-14 14:45:08,14.7,Azerbaijan Premier League,2026-09-14 15:00:00,2026-09-14,0.0,3.0,betfair_oficial:exato
2026-09-14 15:00,Universitatea Cluj,Otelul Galati,2026-09-14 14:45:08,1.63,2.26,529.68,2026-09-14 14:45:08,14.7,Romanian Liga I,2026-09-14 15:00:00,2026-09-14,3.0,0.0,betfair_oficial:exato
2026-09-14 16:00,Al Shamal,Al-Ittihad,2026-09-14 15:45:09,1.77,2.7,360.84,2026-09-14 15:45:09,14.7,AFC Champions League,2026-09-14 16:00:00,2026-09-14,1.0,1.0,betfair_oficial:exato
2026-09-14 16:00,Shabab Al-Ahli Dubai FC,Tractor SC,2026-09-14 15:45:09,1.74,1.83,665.68,2026-09-14 15:45:09,14.7,AFC Champions League,2026-09-14 16:00:00,2026-09-14,1.0,0.0,betfair_oficial:exato
2026-09-14 16:30,Hapoel Ramat Gan,Maccabi Netanya,2026-09-14 16:15:11,1.7,2.7,173.13,2026-09-14 16:15:11,14.6,Israeli Premier League,2026-09-14 16:30:00,2026-09-14,2.0,0.0,betfair_oficial:exato
2026-09-14 16:30,Torino,Roma,2026-09-14 16:15:11,1.57,2.22,8417.12,2026-09-14 16:15:11,14.6,Italian Serie A,2026-09-14 16:30:00,2026-09-14,0.0,2.0,betfair_oficial:exato
2026-09-14 17:00,Dinamo Tbilisi,Gagra,2026-09-14 16:45:12,1.67,2.28,355.28,2026-09-14 16:45:12,14.6,Georgian Umaglesi Liga,2026-09-14 17:00:00,2026-09-14,,,
2026-09-14 17:00,Djurgardens,GAIS,2026-09-14 16:45:12,1.54,2.6,80.87,2026-09-14 16:45:12,14.6,Swedish Allsvenskan,2026-09-14 17:00:00,2026-09-14,2.0,0.0,betfair_oficial:exato
2026-09-14 17:00,Gaziantep FK,Fenerbahce,2026-09-14 16:45:12,1.55,2.54,301.48,2026-09-14 16:45:12,14.6,Turkish Super League,2026-09-14 17:00:00,2026-09-14,0.0,0.0,betfair_oficial:exato
2026-09-14 17:00,Hapoel Kiryat Shmona,Maccabi Haifa,2026-09-14 16:45:12,1.8,2.5,249.69,2026-09-14 16:45:12,14.6,Israeli Premier League,2026-09-14 17:00:00,2026-09-14,0.0,4.0,b365:fuzzy0.90
2026-09-14 17:00,Kayserispor,Istanbulspor,2026-09-14 16:45:12,1.47,2.38,115.83,2026-09-14 16:45:12,14.6,Turkish 1 Lig,2026-09-14 17:00:00,2026-09-14,4.0,0.0,b365:fuzzy0.96
2026-09-14 17:00,OFK Petrovac,FK Arsenal Tivat,2026-09-14 16:45:12,1.69,1.74,158.28,2026-09-14 16:45:12,14.6,Montenegrin 1st League,2026-09-14 17:00:00,2026-09-14,1.0,2.0,betfair_oficial:exato
2026-09-14 17:00,Sirius,Degerfors,2026-09-14 16:45:12,1.48,2.52,70.11,2026-09-14 16:45:12,14.6,Swedish Allsvenskan,2026-09-14 17:00:00,2026-09-14,2.0,0.0,betfair_oficial:exato
2026-09-14 17:05,Ostersunds FK,Helsingborgs,2026-09-14 16:50:12,1.63,2.12,12628.66,2026-09-14 16:50:12,14.6,Swedish Superettan,2026-09-14 17:05:00,2026-09-14,1.0,0.0,betfair_oficial:exato
2026-09-14 18:00,FCSB,ACS Petrolul 52,2026-09-14 17:45:13,1.43,2.58,220.24,2026-09-14 17:45:13,14.6,Romanian Liga I,2026-09-14 18:00:00,2026-09-14,2.0,2.0,betfair_oficial:exato
2026-09-14 18:15,Al-Quadisiya (KSA),Al Wasl,2026-09-14 18:05:14,1.54,2.8,108.89,2026-09-14 18:05:14,9.6,AFC Champions League,2026-09-14 18:15:00,2026-09-14,2.0,1.0,betfair_oficial:exato
2026-09-14 19:45,Braga,Estoril Praia,2026-09-14 19:35:14,1.46,2.26,2250.38,2026-09-14 19:35:14,9.7,Portuguese Primeira Liga,2026-09-14 19:45:00,2026-09-14,1.0,0.0,betfair_oficial:exato
2026-09-14 23:00,Bahia,Remo,2026-09-14 22:45:15,1.47,2.6,1752.42,2026-09-14 22:45:15,14.7,Brazilian Serie A,2026-09-14 23:00:00,2026-09-14,2.0,1.0,betfair_oficial:exato
2026-09-15 00:15,Instituto,Estudiantes Rio Cuarto,2026-09-15 00:05:15,1.5,1.51,1345.89,2026-09-15 00:05:15,9.7,Argentinian Primera Division,2026-09-15 00:15:00,2026-09-14,2.0,1.0,betfair_oficial:exato
2026-09-15 09:30,Coal India,Bhawanipore FC,2026-09-15 09:15:06,1.74,1.79,202.74,2026-09-15 09:15:06,14.8,Indian Calcutta Premier Division,2026-09-15 09:30:00,2026-09-15,0.0,3.0,betfair_oficial:exato
2026-09-15 10:00,Daejeon Citizen,Kyoto,2026-09-15 09:45:06,1.8,2.36,177.0,2026-09-15 09:45:06,14.8,AFC Champions League,2026-09-15 10:00:00,2026-09-15,1.0,0.0,betfair_oficial:exato
2026-09-15 10:00,G-Osaka,Cong An Nhan Dan,2026-09-15 09:45:06,1.52,2.68,121.66,2026-09-15 09:45:06,14.8,AFC Champions League,2026-09-15 10:00:00,2026-09-15,,,
2026-09-15 12:15,Beijing Guoan,Pohang Steelers,2026-09-15 12:05:07,1.53,2.4,218.02,2026-09-15 12:05:07,9.8,AFC Champions League,2026-09-15 12:15:00,2026-09-15,3.0,1.0,betfair_oficial:exato
2026-09-15 12:15,Johor Darul Ta'zim,Buriram Utd,2026-09-15 12:05:07,1.46,2.42,1510.78,2026-09-15 12:05:07,9.8,AFC Champions League,2026-09-15 12:15:00,2026-09-15,1.0,1.0,betfair_oficial:exato
2026-09-15 13:00,Bul FC,Bukedea TC,2026-09-15 12:45:07,1.72,1.65,278.2,2026-09-15 12:45:07,14.7,Ugandan Premier League,2026-09-15 13:00:00,2026-09-15,2.0,1.0,betfair_oficial:exato
2026-09-15 13:00,Widzew Lodz II,Polonia Bytom,2026-09-15 12:45:07,1.42,2.72,179.39,2026-09-15 12:45:07,14.7,Polish Cup,2026-09-15 13:00:00,2026-09-15,1.0,2.0,betfair_oficial:exato
2026-09-15 13:30,Bunyodkor,Lokomotiv Tashkent,2026-09-15 13:15:07,1.51,2.16,74.75,2026-09-15 13:15:07,14.7,Uzbekistan Cup,2026-09-15 13:30:00,2026-09-15,0.0,1.0,betfair_oficial:exato
2026-09-15 16:00,Genoa,Sudtirol,2026-09-15 15:45:09,1.62,1.98,266.34,2026-09-15 15:45:09,14.7,Italian Coppa Italia,2026-09-15 16:00:00,2026-09-15,1.0,0.0,betfair_oficial:exato
2026-09-15 16:05,AL Orubah,AL Jeel,2026-09-15 15:50:09,1.77,1.88,221.39,2026-09-15 15:50:09,14.7,Saudi 1st Division,2026-09-15 16:05:00,2026-09-15,1.0,0.0,betfair_oficial:exato
2026-09-15 17:00,Beitar Jerusalem,Maccabi Petach Tikva,2026-09-15 16:45:09,1.61,2.62,225.61,2026-09-15 16:45:09,14.7,Israeli Premier League,2026-09-15 17:00:00,2026-09-15,3.0,1.0,betfair_oficial:exato
2026-09-15 17:00,HIK Hellerup,Esbjerg,2026-09-15 16:45:09,1.52,2.66,85.46,2026-09-15 16:45:09,14.7,Danish Cup,2026-09-15 17:00:00,2026-09-15,,,
2026-09-15 17:00,Landskrona,Sundsvall,2026-09-15 16:45:09,1.42,2.36,83.17,2026-09-15 16:45:09,14.7,Swedish Superettan,2026-09-15 17:00:00,2026-09-15,4.0,0.0,b365:exato
2026-09-15 18:00,Alaves,Valencia,2026-09-15 17:45:14,1.75,1.81,4200.53,2026-09-15 17:45:14,14.6,Spanish La Liga,2026-09-15 18:00:00,2026-09-15,0.0,1.0,betfair_oficial:exato
2026-09-15 18:45,Billericay Town,Braintree,2026-09-15 18:35:12,1.75,2.6,466.25,2026-09-15 18:35:12,9.6,English National League South,2026-09-15 18:45:00,2026-09-15,3.0,2.0,betfair_oficial:exato
2026-09-15 18:45,Hibernian,Kilmarnock,2026-09-15 18:35:12,1.46,2.82,213.5,2026-09-15 18:35:12,9.6,Scottish Premiership,2026-09-15 18:45:00,2026-09-15,0.0,1.0,betfair_oficial:exato
2026-09-15 18:45,Middlesbrough,Millwall,2026-09-15 18:35:12,1.46,2.76,964.98,2026-09-15 18:35:12,9.6,English Sky Bet Championship,2026-09-15 18:45:00,2026-09-15,2.0,2.0,betfair_oficial:exato
2026-09-15 18:45,Southend,Tamworth FC,2026-09-15 18:35:12,1.62,3.1,161.69,2026-09-15 18:35:12,9.6,English National League,2026-09-15 18:45:00,2026-09-15,3.0,1.0,betfair_oficial:exato
2026-09-15 18:45,Stenhousemuir,Partick,2026-09-15 18:35:12,1.62,2.1,264.98,2026-09-15 18:35:12,9.6,Scottish Championship,2026-09-15 18:45:00,2026-09-15,1.0,0.0,betfair_oficial:exato
2026-09-15 18:45,Truro City,Salisbury City,2026-09-15 18:35:12,1.76,2.38,76.41,2026-09-15 18:35:12,9.6,English National League South,2026-09-15 18:45:00,2026-09-15,0.0,1.0,betfair_oficial:exato
2026-09-15 19:00,Fiorentina,Pisa,2026-09-15 18:45:12,1.45,2.48,5371.94,2026-09-15 18:45:12,14.6,Italian Coppa Italia,2026-09-15 19:00:00,2026-09-15,3.0,0.0,betfair_oficial:exato
2026-09-15 19:00,Ipswich,Arsenal,2026-09-15 18:45:12,1.41,3.05,579.49,2026-09-15 18:45:12,14.6,English Football League Cup,2026-09-15 19:00:00,2026-09-15,2.0,4.0,b365:exato
2026-09-15 19:15,Fram,Breidablik,2026-09-15 19:05:12,1.77,3.8,596.01,2026-09-15 19:05:12,9.6,Icelandic Urvalsdeild,2026-09-15 19:15:00,2026-09-15,1.0,3.0,betfair_oficial:exato
2026-09-15 21:15,Academia de Balompie Boliviano,The Strongest,2026-09-15 21:05:12,1.68,3.25,202.57,2026-09-15 21:05:12,9.7,Bolivian Liga de Futbol Profesional,2026-09-15 21:15:00,2026-09-15,1.0,2.0,betfair_oficial:exato
2026-09-15 22:00,Vasco Da Gama,Santa Fe,2026-09-15 21:45:12,1.43,1.91,559.17,2026-09-15 21:45:12,14.8,CONMEBOL Copa Sudamericana,2026-09-15 22:00:00,2026-09-15,2.0,0.0,betfair_oficial:exato
2026-09-15 23:30,Universidad de Venezuela,Academia Anzoategui FC,2026-09-15 23:15:13,1.72,2.32,113.16,2026-09-15 23:15:13,14.7,Venezuelan Primera Division,2026-09-15 23:30:00,2026-09-15,1.0,0.0,betfair_oficial:exato
2026-09-16 01:00,Puebla,Toluca,2026-09-16 00:45:13,1.52,2.54,12135.66,2026-09-16 00:45:13,14.7,Mexican Liga MX,2026-09-16 01:00:00,2026-09-15,0.0,1.0,betfair_oficial:exato
2026-09-16 12:00,Galata SK,Yesil Yalova FK,2026-09-16 11:46:27,1.44,2.64,194.84,2026-09-16 11:46:27,13.3,Turkish Cup,2026-09-16 12:00:00,2026-09-16,1.0,1.0,betfair_oficial:exato
2026-09-16 12:00,Kulikiv-Bilka FC,Veres Rivne,2026-09-16 11:46:27,1.53,3.15,476.29,2026-09-16 11:46:27,13.3,Ukrainian Cup,2026-09-16 12:00:00,2026-09-16,0.0,1.0,betfair_oficial:exato
2026-09-16 12:15,Port FC,Kobe,2026-09-16 12:01:27,1.58,2.54,594.82,2026-09-16 12:01:27,13.3,AFC Champions League,2026-09-16 12:15:00,2026-09-16,1.0,2.0,betfair_oficial:exato
2026-09-16 12:30,Karvan Evlakh,Zaqatala,2026-09-16 12:16:28,1.44,2.54,188.3,2026-09-16 12:16:28,13.3,Azerbaijan 1st Division,2026-09-16 12:30:00,2026-09-16,3.0,0.0,betfair_oficial:exato
2026-09-16 13:00,Terengganu,Brunei DPMM FC,2026-09-16 12:46:28,1.48,2.7,80.44,2026-09-16 12:46:28,13.3,Malaysian FA Cup,2026-09-16 13:00:00,2026-09-16,1.0,3.0,betfair_oficial:exato
2026-09-16 13:30,Delphi SC,Aljazeera Matrouh,2026-09-16 13:16:28,1.76,1.88,117.05,2026-09-16 13:16:28,13.3,Egyptian Second Division B,2026-09-16 13:30:00,2026-09-16,,,
2026-09-16 13:30,Levels FC,Cascada SC,2026-09-16 13:16:28,1.64,1.9,126.36,2026-09-16 13:16:28,13.3,Egyptian Second Division B,2026-09-16 13:30:00,2026-09-16,,,
2026-09-16 14:00,FK Pribram,Hradec Kralove,2026-09-16 13:46:28,1.56,2.64,278.57,2026-09-16 13:46:28,13.2,Czech Cup,2026-09-16 14:00:00,2026-09-16,1.0,2.0,betfair_oficial:exato
2026-09-16 14:00,Gʻazalkent FK,FK Kokand 1912,2026-09-16 13:46:28,1.68,2.14,71.58,2026-09-16 13:46:28,13.2,Uzbekistan Cup,2026-09-16 14:00:00,2026-09-16,2.0,1.0,betfair_oficial:exato
2026-09-16 14:45,Kifisia,Panathinaikos,2026-09-16 14:33:42,1.45,2.24,205.1,2026-09-16 14:28:42,16.0,Greek Cup,2026-09-16 14:45:00,2026-09-16,0.0,2.0,betfair_oficial:exato
2026-09-16 15:00,FK Lovcen,Rudar Pljevlja,2026-09-16 14:48:42,1.75,2.06,230.09,2026-09-16 14:43:42,16.0,Montenegrin 2nd League,2026-09-16 15:00:00,2026-09-16,,,
2026-09-16 15:00,Grorud IL,Tromsdalen,2026-09-16 14:48:42,1.53,3.35,282.09,2026-09-16 14:43:42,16.0,Norwegian 2nd Division,2026-09-16 15:00:00,2026-09-16,2.0,0.0,betfair_oficial:exato
2026-09-16 15:00,Rivers United FC,Warri Wolves,2026-09-16 14:48:42,1.54,1.87,123.57,2026-09-16 14:43:42,16.0,Nigerian Premier League,2026-09-16 15:00:00,2026-09-16,2.0,0.0,betfair_oficial:exato
2026-09-16 16:00,AB,SonderjyskE,2026-09-16 15:48:42,1.71,2.7,383.24,2026-09-16 15:48:42,11.1,Danish Cup,2026-09-16 16:00:00,2026-09-16,3.0,1.0,betfair_oficial:exato
2026-09-16 16:00,Al Hussein,Quess East Bengal,2026-09-16 15:48:42,1.45,2.2,280.46,2026-09-16 15:48:42,11.1,AFC Champions League Two,2026-09-16 16:00:00,2026-09-16,2.0,2.0,betfair_oficial:exato
2026-09-16 16:00,Al Wahda (Abu Dhabi),Kuwait SC,2026-09-16 15:48:42,1.41,2.52,94.0,2026-09-16 15:48:42,11.1,AFC Champions League Two,2026-09-16 16:00:00,2026-09-16,3.0,2.0,betfair_oficial:exato
2026-09-16 16:00,IL Sandviken Bergen,Asane,2026-09-16 15:48:42,1.63,3.8,108.87,2026-09-16 15:48:42,11.1,Norwegian Cup,2026-09-16 16:00:00,2026-09-16,2.0,2.0,betfair_oficial:exato
2026-09-16 16:00,Jerv,Egersund,2026-09-16 15:48:42,1.52,3.5,956.6,2026-09-16 15:48:42,11.1,Norwegian Cup,2026-09-16 16:00:00,2026-09-16,1.0,2.0,betfair_oficial:exato
2026-09-16 16:00,Lokomotiv Sofia,CSKA Sofia,2026-09-16 15:48:42,1.47,2.46,287.82,2026-09-16 15:48:42,11.1,Bulgarian A League,2026-09-16 16:00:00,2026-09-16,0.0,2.0,betfair_oficial:exato
2026-09-16 16:00,Paide Linnameeskond,Parnu JK Vaprus,2026-09-16 15:48:42,1.6,2.84,267.24,2026-09-16 15:48:42,11.1,Estonian Premier League,2026-09-16 16:00:00,2026-09-16,2.0,0.0,betfair_oficial:exato
2026-09-16 16:00,Sloga Doboj,Borac Banja Luka,2026-09-16 15:48:42,1.5,1.7,211.3,2026-09-16 15:48:42,11.1,Bosnian Premier League,2026-09-16 16:00:00,2026-09-16,1.0,2.0,betfair_oficial:exato
2026-09-16 16:00,Vozdovac,FK Jedinstvo Ub,2026-09-16 15:48:42,1.56,2.28,165.22,2026-09-16 15:48:42,11.1,Serbian First League,2026-09-16 16:00:00,2026-09-16,1.0,0.0,betfair_oficial:exato
2026-09-16 16:30,APR FC,Marines FC,2026-09-16 16:18:43,1.5,2.02,248.24,2026-09-16 16:18:43,11.1,Rwandan National Football League,2026-09-16 16:30:00,2026-09-16,,,
2026-09-16 16:45,Ararat Armenia,Sparta Prague,2026-09-16 16:33:43,1.8,2.46,736.7,2026-09-16 16:33:43,11.1,UEFA Europa League,2026-09-16 16:45:00,2026-09-16,,,
2026-09-16 17:00,Hansa Rostock,Stuttgart II,2026-09-16 16:48:43,1.52,3.15,1315.34,2026-09-16 16:48:43,11.1,German 3 Liga,2026-09-16 17:00:00,2026-09-16,3.0,2.0,betfair_oficial:exato
2026-09-16 17:00,Lunds BK,Angelholms,2026-09-16 16:48:43,1.45,3.15,77.81,2026-09-16 16:48:43,11.1,Swedish Division 1,2026-09-16 17:00:00,2026-09-16,2.0,0.0,betfair_oficial:exato
2026-09-16 18:00,FK Borac Cacak,Metalac Gornji Milanovac,2026-09-16 17:48:43,1.71,1.72,385.06,2026-09-16 17:48:43,11.1,Serbian First League,2026-09-16 18:00:00,2026-09-16,1.0,2.0,betfair_oficial:exato
2026-09-16 18:45,Everton,Wolves,2026-09-16 18:33:43,1.52,2.54,1820.02,2026-09-16 18:33:43,11.1,English Football League Cup,2026-09-16 18:45:00,2026-09-16,1.0,0.0,betfair_oficial:exato
2026-09-16 18:45,Fleetwood Town,Sheff Utd,2026-09-16 18:33:43,1.7,2.28,1009.31,2026-09-16 18:33:43,11.1,English Football League Cup,2026-09-16 18:45:00,2026-09-16,1.0,0.0,betfair_oficial:exato
2026-09-16 18:45,Kidderminster,Gateshead,2026-09-16 18:33:43,1.45,2.4,520.4,2026-09-16 18:33:43,11.1,English National League,2026-09-16 18:45:00,2026-09-16,1.0,0.0,betfair_oficial:exato
2026-09-16 18:45,Scunthorpe,Boreham Wood,2026-09-16 18:33:43,1.75,3.0,689.72,2026-09-16 18:33:43,11.1,English National League,2026-09-16 18:45:00,2026-09-16,1.0,2.0,betfair_oficial:exato
2026-09-16 19:00,Sturm Graz,Rennes,2026-09-16 18:48:43,1.8,2.66,708.23,2026-09-16 18:48:43,11.1,UEFA Europa League,2026-09-16 19:00:00,2026-09-16,0.0,0.0,betfair_oficial:exato
2026-09-16 19:00,Sunderland,Az Alkmaar,2026-09-16 18:48:43,1.55,2.1,4448.53,2026-09-16 18:48:43,11.1,UEFA Europa League,2026-09-16 19:00:00,2026-09-16,1.0,0.0,betfair_oficial:exato
2026-09-16 22:00,Monagas,Zamora FC,2026-09-16 21:48:44,1.71,1.98,296.06,2026-09-16 21:48:44,11.2,Venezuelan Primera Division,2026-09-16 22:00:00,2026-09-16,1.0,0.0,betfair_oficial:exato
2026-09-16 23:00,Trujillanos,Rayo Zuliano,2026-09-16 22:48:44,1.55,2.16,400.0,2026-09-16 22:48:44,11.2,Venezuelan Primera Division,2026-09-16 23:00:00,2026-09-16,2.0,4.0,b365:exato
2026-09-17 00:30,Blooming Santa Cruz,Universitario de Vinto,2026-09-17 00:18:45,1.68,2.76,9979.32,2026-09-17 00:18:45,11.2,Bolivian Liga de Futbol Profesional,2026-09-17 00:30:00,2026-09-16,1.0,1.0,betfair_oficial:exato
2026-09-17 08:00,Central Stallions FC,Hunters FC,2026-09-17 07:45:07,1.73,4.1,172.16,2026-09-17 07:45:07,14.8,Mongolian Premier League,2026-09-17 08:00:00,2026-09-17,3.0,0.0,betfair_oficial:exato
2026-09-17 11:00,Chanthaburi FC,Kasetsart FC,2026-09-17 10:45:08,1.52,1.98,278.28,2026-09-17 10:45:08,14.7,Thai League 2,2026-09-17 11:00:00,2026-09-17,2.0,0.0,betfair_oficial:exato
2026-09-17 12:00,FC Iberia 2010,FC Merani Tbilisi,2026-09-17 11:45:08,1.49,2.9,103.26,2026-09-17 11:45:08,14.7,Georgian Liga 3,2026-09-17 12:00:00,2026-09-17,2.0,2.0,betfair_oficial:exato
2026-09-17 12:15,Kitchee SC,Gangwon,2026-09-17 12:05:08,1.58,2.76,1368.43,2026-09-17 12:05:08,9.7,AFC Champions League Two,2026-09-17 12:15:00,2026-09-17,0.0,0.0,betfair_oficial:exato
2026-09-17 12:30,Baku Sporting,Sabail,2026-09-17 12:15:08,1.68,2.0,256.47,2026-09-17 12:15:08,14.7,Azerbaijan 1st Division,2026-09-17 12:30:00,2026-09-17,0.0,1.0,betfair_oficial:exato
2026-09-17 12:30,Simal FK,FK Sahdag Qusar,2026-09-17 12:15:08,1.65,1.89,88.5,2026-09-17 12:15:08,14.7,Azerbaijan 1st Division,2026-09-17 12:30:00,2026-09-17,,,
2026-09-17 15:00,FK Atyrau,FC Ordabasy,2026-09-17 14:45:12,1.51,2.28,1648.54,2026-09-17 14:45:12,14.6,Kazakhstan Premier League,2026-09-17 15:00:00,2026-09-17,0.0,3.0,betfair_oficial:exato
2026-09-17 16:00,Bnei Yehuda,Maccabi Herzliya,2026-09-17 15:45:11,1.45,2.58,121.51,2026-09-17 15:45:11,14.7,Israeli National League,2026-09-17 16:00:00,2026-09-17,1.0,1.0,betfair_oficial:exato
2026-09-17 16:00,Maccabi Ahi Nazareth,Hapoel Akko,2026-09-17 15:45:11,1.55,2.68,129.62,2026-09-17 15:45:11,14.7,Israeli National League,2026-09-17 16:00:00,2026-09-17,1.0,0.0,betfair_oficial:exato
2026-09-17 16:00,Maccabi Kabilio Jaffa,Maccabi Bnei Raina,2026-09-17 15:45:11,1.75,2.76,126.54,2026-09-17 15:45:11,14.7,Israeli National League,2026-09-17 16:00:00,2026-09-17,0.0,2.0,betfair_oficial:exato
2026-09-17 16:00,SC Kiryat Yam,Ironi Modiin,2026-09-17 15:45:11,1.61,2.5,156.71,2026-09-17 15:45:11,14.7,Israeli National League,2026-09-17 16:00:00,2026-09-17,3.0,2.0,betfair_oficial:exato
2026-09-17 17:00,Al Aqaba,Amman,2026-09-17 16:45:12,1.45,2.42,70.92,2026-09-17 16:45:12,14.7,Jordan 1st Division,2026-09-17 17:00:00,2026-09-17,,,
2026-09-17 17:00,Betis,Getafe,2026-09-17 16:45:12,1.53,1.94,909.94,2026-09-17 16:45:12,14.7,Spanish La Liga,2026-09-17 17:00:00,2026-09-17,1.0,0.0,betfair_oficial:exato
2026-09-17 17:00,ENPPI,Pyramids,2026-09-17 16:45:12,1.44,2.06,2235.01,2026-09-17 16:45:12,14.7,Egyptian Premier,2026-09-17 17:00:00,2026-09-17,1.0,2.0,betfair_oficial:exato
2026-09-17 17:00,Vasalunds IF,Hammarby TFF,2026-09-17 16:45:12,1.69,2.74,149.39,2026-09-17 16:45:12,14.7,Swedish Division 1,2026-09-17 17:00:00,2026-09-17,0.0,0.0,betfair_oficial:exato
2026-09-17 17:30,FC Jarfalla,Karlbergs BK,2026-09-17 17:15:12,1.77,2.74,135.56,2026-09-17 17:15:12,14.7,Swedish Division 1,2026-09-17 17:30:00,2026-09-17,,,
2026-09-17 17:30,Orlando Pirates (SA),Durban City,2026-09-17 17:15:12,1.45,1.71,623.2,2026-09-17 17:15:12,14.7,South African Premier Division,2026-09-17 17:30:00,2026-09-17,2.0,0.0,betfair_oficial:exato
2026-09-17 17:30,Tzeirey Tira FC,SC Dimona,2026-09-17 17:15:12,1.67,1.97,189.45,2026-09-17 17:15:12,14.7,Israeli Liga Alef,2026-09-17 17:30:00,2026-09-17,0.0,1.0,betfair_oficial:exato
2026-09-17 18:00,Hapoel Mahane Yehuda,Sderot FC,2026-09-17 17:45:12,1.75,2.4,670.06,2026-09-17 17:45:12,14.7,Israeli Liga Alef,2026-09-17 18:00:00,2026-09-17,0.0,1.0,betfair_oficial:exato
2026-09-17 18:00,Zeleznicar Pancevo,Crvena Zvezda,2026-09-17 17:45:12,1.47,2.62,361.04,2026-09-17 17:45:12,14.7,Serbian Super League,2026-09-17 18:00:00,2026-09-17,1.0,2.0,betfair_oficial:exato
2026-09-17 18:30,Central Espanol,Club Oriental de La Paz,2026-09-17 18:15:15,1.67,1.76,487.19,2026-09-17 18:15:15,14.7,Uruguayan Cup,2026-09-17 18:30:00,2026-09-17,1.0,1.0,betfair_oficial:exato
2026-09-17 18:30,Juventud De Las Piedras,Racing Club (Uru),2026-09-17 18:15:15,1.68,1.91,501.23,2026-09-17 18:15:15,14.7,Uruguayan Cup,2026-09-17 18:30:00,2026-09-17,3.0,0.0,betfair_oficial:exato
2026-09-17 19:00,Besiktas,Marseille,2026-09-17 18:45:14,1.77,2.78,1825.38,2026-09-17 18:45:14,14.7,UEFA Europa League,2026-09-17 19:00:00,2026-09-17,,,
2026-09-17 19:00,Celtic,Ferencvaros,2026-09-17 18:45:14,1.76,2.44,1183.66,2026-09-17 18:45:14,14.7,UEFA Europa League,2026-09-17 19:00:00,2026-09-17,1.0,3.0,betfair_oficial:exato
2026-09-17 19:00,Crystal Palace,Lech Poznan,2026-09-17 18:45:14,1.48,3.1,2888.71,2026-09-17 18:45:14,14.6,UEFA Europa League,2026-09-17 19:00:00,2026-09-17,4.0,0.0,planilha_dia:exato
2026-09-17 20:30,22 de Julio FC,Cumbaya FC,2026-09-17 20:15:16,1.42,2.4,174.09,2026-09-17 20:15:16,14.7,Ecuadorian Serie B,2026-09-17 20:30:00,2026-09-17,1.0,7.0,b365:fuzzy0.89
2026-09-17 23:00,Cibao FC,Portmore Utd,2026-09-17 22:45:16,1.77,2.08,683.58,2026-09-17 22:45:16,14.7,CONCACAF Caribbean Cup,2026-09-17 23:00:00,2026-09-17,1.0,2.0,betfair_oficial:exato
2026-09-17 23:00,Mount Pleasant FC,Cavalier,2026-09-17 22:45:16,1.51,2.04,501.67,2026-09-17 22:45:16,14.7,CONCACAF Caribbean Cup,2026-09-17 23:00:00,2026-09-17,1.0,0.0,betfair_oficial:exato
2026-09-18 00:30,Torque,Cienciano,2026-09-18 00:15:16,1.56,2.2,3408.47,2026-09-18 00:15:16,14.7,CONMEBOL Copa Sudamericana,2026-09-18 00:30:00,2026-09-17,3.0,0.0,betfair_oficial:exato
2026-09-18 03:15,CD Olimpia,CD Luis Angel Firpo,2026-09-18 03:05:19,1.48,2.12,130.98,2026-09-18 03:05:19,9.6,Copa centroamericana,2026-09-18 03:15:00,2026-09-17,3.0,0.0,betfair_oficial:exato
2026-09-18 08:00,FC Real Bengaluru,Bengaluru B,2026-09-18 07:45:07,1.68,2.96,83.6,2026-09-18 07:45:07,14.8,Bangalore Super Division League,2026-09-18 08:00:00,2026-09-18,,,
2026-09-18 09:00,Bangladesh Police,Rahmatganj MFS,2026-09-18 08:45:08,1.41,2.08,114.93,2026-09-18 08:45:08,14.7,Bangladesh Premier League,2026-09-18 09:00:00,2026-09-18,1.0,0.0,betfair_oficial:exato
2026-09-18 09:30,Laitkor SC,Sawmer SC,2026-09-18 09:15:08,1.5,2.9,82.29,2026-09-18 09:15:08,14.7,Indian Shillong Premier League,2026-09-18 09:30:00,2026-09-18,2.0,1.0,betfair_oficial:exato
2026-09-18 10:00,FC Osaka,Fukushima Utd,2026-09-18 09:45:08,1.8,2.6,106.92,2026-09-18 09:45:08,14.7,Japanese J League 3,2026-09-18 10:00:00,2026-09-18,4.0,1.0,b365:fuzzy0.92
2026-09-18 11:30,FC Jurong,Hougang Utd,2026-09-18 11:15:09,1.66,3.9,148.55,2026-09-18 11:15:09,14.6,Singapore Premier League,2026-09-18 11:30:00,2026-09-18,3.0,0.0,betfair_oficial:exato
2026-09-18 11:30,Nantong Zhiyun F.C,Guangxi Hengchen,2026-09-18 11:15:09,1.75,2.04,871.05,2026-09-18 11:15:09,14.6,Chinese League 1,2026-09-18 11:30:00,2026-09-18,0.0,1.0,betfair_oficial:exato
2026-09-18 13:00,Amagaju,Al Merreikh,2026-09-18 12:45:09,1.51,1.6,117.0,2026-09-18 12:45:09,14.6,Rwandan National Football League,2026-09-18 13:00:00,2026-09-18,0.0,0.0,betfair_oficial:exato
2026-09-18 13:30,FK Qabala,Neftchi Baku,2026-09-18 13:15:10,1.55,2.58,1041.04,2026-09-18 13:15:10,14.5,Azerbaijan Premier League,2026-09-18 13:30:00,2026-09-18,0.0,3.0,betfair_oficial:exato
2026-09-18 13:30,Pharco FC,Delta United,2026-09-18 13:15:10,1.57,1.61,300.09,2026-09-18 13:15:10,14.5,Egyptian 2nd Division,2026-09-18 13:30:00,2026-09-18,2.0,1.0,betfair_oficial:exato
2026-09-18 14:30,BTS Rekord B-B,Swit Skolwin,2026-09-18 14:15:10,1.77,2.64,448.96,2026-09-18 14:15:10,14.5,Polish 2 Liga,2026-09-18 14:30:00,2026-09-18,3.0,0.0,betfair_oficial:exato
2026-09-18 14:40,City FC,Al-Arabi Umm Quwain,2026-09-18 14:25:10,1.5,2.54,340.04,2026-09-18 14:25:10,14.5,UAE Division 1,2026-09-18 14:40:00,2026-09-18,2.0,3.0,betfair_oficial:exato
2026-09-18 14:40,Dibba Al Fujairah,Al-Ittifaq Maqaba,2026-09-18 14:25:10,1.59,2.44,99.59,2026-09-18 14:25:10,14.5,UAE Division 1,2026-09-18 14:40:00,2026-09-18,,,
2026-09-18 15:00,JSM Skikda,IRB Nezla,2026-09-18 14:45:10,1.79,1.93,170.93,2026-09-18 14:45:10,14.5,Algerian Ligue 2,2026-09-18 15:00:00,2026-09-18,2.0,0.0,betfair_oficial:exato
2026-09-18 15:00,Lahti,Jaro,2026-09-18 14:45:10,1.69,2.2,1347.01,2026-09-18 14:45:10,14.5,Finnish Veikkausliiga,2026-09-18 15:00:00,2026-09-18,1.0,1.0,betfair_oficial:exato
2026-09-18 15:00,Mo Bejaia,MO Constantine,2026-09-18 14:45:10,1.77,1.76,244.64,2026-09-18 14:45:10,14.5,Algerian Ligue 2,2026-09-18 15:00:00,2026-09-18,0.0,0.0,betfair_oficial:exato
2026-09-18 15:00,SJK,IFK Mariehamn,2026-09-18 14:45:10,1.77,2.3,1462.7,2026-09-18 14:45:10,14.5,Finnish Veikkausliiga,2026-09-18 15:00:00,2026-09-18,2.0,1.0,betfair_oficial:exato
2026-09-18 16:00,Jerash SC,Sahl Houran,2026-09-18 15:45:10,1.78,2.02,76.93,2026-09-18 15:45:10,14.5,Jordan 1st Division,2026-09-18 16:00:00,2026-09-18,1.0,1.0,betfair_oficial:exato
2026-09-18 16:00,SFC Opava,Arsenal Ceska Lipa,2026-09-18 15:45:10,1.69,2.34,122.54,2026-09-18 15:45:10,14.5,Czech 2 Liga,2026-09-18 16:00:00,2026-09-18,2.0,1.0,betfair_oficial:exato
2026-09-18 16:00,Vysocina Jihlava,Slavia Praha B,2026-09-18 15:45:10,1.75,2.9,175.39,2026-09-18 15:45:10,14.5,Czech 2 Liga,2026-09-18 16:00:00,2026-09-18,3.0,2.0,betfair_oficial:exato
2026-09-18 16:30,Wolfsburg,SV Darmstadt,2026-09-18 16:15:11,1.54,3.1,175.71,2026-09-18 16:15:11,14.6,German Bundesliga 2,2026-09-18 16:30:00,2026-09-18,5.0,1.0,planilha_dia:exato
2026-09-18 17:00,Kolding IF,Hillerod Fodbold,2026-09-18 16:45:11,1.79,2.18,1580.83,2026-09-18 16:45:11,14.6,Danish 1st Division,2026-09-18 17:00:00,2026-09-18,1.0,1.0,betfair_oficial:exato
2026-09-18 17:00,Pafos FC,A.E.L.,2026-09-18 16:45:11,1.47,2.44,1328.39,2026-09-18 16:45:11,14.6,Cypriot 1st Division,2026-09-18 17:00:00,2026-09-18,0.0,2.0,betfair_oficial:exato
2026-09-18 17:00,Sarpsborg,Kfum Oslo,2026-09-18 16:45:11,1.63,2.58,119.51,2026-09-18 16:45:11,14.6,Norwegian Eliteserien,2026-09-18 17:00:00,2026-09-18,1.0,3.0,betfair_oficial:exato
2026-09-18 17:00,Slavia Sofia,CSKA 1948 Sofia,2026-09-18 16:45:11,1.8,1.88,400.26,2026-09-18 16:45:11,14.6,Bulgarian A League,2026-09-18 17:00:00,2026-09-18,1.0,2.0,betfair_oficial:exato
2026-09-18 17:30,B36 Torshavn,NSI Runavik,2026-09-18 17:15:11,1.76,3.2,186.62,2026-09-18 17:15:11,14.6,Faroe Premier League,2026-09-18 17:30:00,2026-09-18,1.0,2.0,betfair_oficial:exato
2026-09-18 17:30,FC Wil,Stade Nyonnais,2026-09-18 17:15:11,1.55,3.05,667.86,2026-09-18 17:15:11,14.6,Swiss Challenge League,2026-09-18 17:30:00,2026-09-18,,,
2026-09-18 17:30,Rapid Vienna,WSG Wattens,2026-09-18 17:15:11,1.43,3.15,1144.07,2026-09-18 17:15:11,14.6,Austrian Bundesliga,2026-09-18 17:30:00,2026-09-18,3.0,0.0,betfair_oficial:exato
2026-09-18 18:00,Den Bosch,Helmond Sport,2026-09-18 17:45:11,1.75,3.75,189.14,2026-09-18 17:45:11,14.6,Dutch Eerste Divisie,2026-09-18 18:00:00,2026-09-18,2.0,1.0,betfair_oficial:exato
2026-09-18 18:00,FC Groningen,PEC Zwolle,2026-09-18 17:45:11,1.62,3.4,4915.25,2026-09-18 17:45:11,14.6,Dutch Eredivisie,2026-09-18 18:00:00,2026-09-18,3.0,0.0,betfair_oficial:exato
2026-09-18 18:00,RKC Waalwijk,MVV Maastricht,2026-09-18 17:45:11,1.64,2.84,452.78,2026-09-18 17:45:11,14.6,Dutch Eerste Divisie,2026-09-18 18:00:00,2026-09-18,,,
2026-09-18 18:00,Rapid Bucharest,Arges Pitesti,2026-09-18 17:45:11,1.59,1.77,976.84,2026-09-18 17:45:11,14.6,Romanian Liga I,2026-09-18 18:00:00,2026-09-18,3.0,1.0,betfair_oficial:exato
2026-09-18 18:30,Wisla Krakow,Slask Wroclaw,2026-09-18 18:15:12,1.58,2.52,3997.44,2026-09-18 18:15:12,14.6,Polish Ekstraklasa,2026-09-18 18:30:00,2026-09-18,2.0,1.0,betfair_oficial:exato
2026-09-18 18:45,Bray Wanderers,Treaty United,2026-09-18 18:35:15,1.44,2.86,309.31,2026-09-18 18:35:15,9.6,Irish Division 1,2026-09-18 18:45:00,2026-09-18,2.0,0.0,betfair_oficial:exato
2026-09-18 18:45,Connahs Quay,Cardiff Metropolitan,2026-09-18 18:35:15,1.49,2.5,256.78,2026-09-18 18:35:15,9.6,Welsh Premiership,2026-09-18 18:45:00,2026-09-18,1.0,0.0,betfair_oficial:exato
2026-09-18 18:45,Cork City,UCD,2026-09-18 18:35:15,1.66,3.35,631.49,2026-09-18 18:35:15,9.6,Irish Division 1,2026-09-18 18:45:00,2026-09-18,,,
2026-09-18 18:45,Derry City,Galway Utd,2026-09-18 18:35:15,1.62,2.38,201.71,2026-09-18 18:35:15,9.5,Irish Premier Division,2026-09-18 18:45:00,2026-09-18,1.0,0.0,betfair_oficial:exato
2026-09-18 19:00,Bohemians,Drogheda,2026-09-18 18:45:12,1.41,2.62,850.43,2026-09-18 18:45:12,14.6,Irish Premier Division,2026-09-18 19:00:00,2026-09-18,2.0,1.0,betfair_oficial:exato
2026-09-18 19:00,Bristol City,Watford,2026-09-18 18:45:12,1.8,2.26,162.6,2026-09-18 18:45:12,14.6,English Sky Bet Championship,2026-09-18 19:00:00,2026-09-18,1.0,0.0,betfair_oficial:exato
2026-09-18 19:00,Shamrock Rovers,Waterford,2026-09-18 18:45:12,1.54,2.48,1437.1,2026-09-18 18:45:12,14.6,Irish Premier Division,2026-09-18 19:00:00,2026-09-18,3.0,2.0,betfair_oficial:exato
2026-09-18 19:30,Real Massama,Academica,2026-09-18 19:15:12,1.41,2.36,118.08,2026-09-18 19:15:12,14.6,Portuguese Cup,2026-09-18 19:30:00,2026-09-18,,,
2026-09-18 20:00,Alianza Atletico,Comerciantes Unidos,2026-09-18 19:45:13,1.76,2.04,208.52,2026-09-18 19:45:13,14.6,Peruvian Primera Division,2026-09-18 20:00:00,2026-09-18,2.0,1.0,betfair_oficial:exato
2026-09-18 21:00,Aguilas Doradas,Deportivo Pereira,2026-09-18 20:45:16,1.42,2.12,1665.32,2026-09-18 20:45:16,14.6,Colombian Primera A,2026-09-18 21:00:00,2026-09-18,2.0,2.0,betfair_oficial:exato
2026-09-18 21:30,Nacional (Par),Club 2 de Mayo de Pedro Juan Cab,2026-09-18 21:15:14,1.71,1.69,748.62,2026-09-18 21:15:14,14.7,Paraguayan Primera Division,2026-09-18 21:30:00,2026-09-18,3.0,0.0,betfair_oficial:exato
2026-09-18 22:30,Vila Nova,America MG,2026-09-18 22:15:14,1.47,1.87,748.17,2026-09-18 22:15:14,14.7,Brazilian Serie B,2026-09-18 22:30:00,2026-09-18,1.0,0.0,betfair_oficial:exato
2026-09-18 23:00,Club Independiente Petrol,San Antonio Bulo Bulo,2026-09-18 22:45:15,1.8,3.0,342.67,2026-09-18 22:45:15,14.7,Bolivian Liga de Futbol Profesional,2026-09-18 23:00:00,2026-09-18,1.0,3.0,betfair_oficial:exato
2026-09-19 01:00,CD Tepatitlan De Morelos,Mineros de Zacatecas,2026-09-19 00:45:15,1.75,2.6,545.57,2026-09-19 00:45:15,14.7,Mexican Liga de Ascenso,2026-09-19 01:00:00,2026-09-18,0.0,1.0,betfair_oficial:exato
2026-09-19 01:00,Piratas FC,Venados FC,2026-09-19 00:45:15,1.62,2.68,192.07,2026-09-19 00:45:15,14.7,Mexican Liga de Ascenso,2026-09-19 01:00:00,2026-09-18,2.0,1.0,betfair_oficial:exato
2026-09-19 02:00,Comunicaciones,Guastatoya,2026-09-19 01:45:15,1.68,1.66,312.89,2026-09-19 01:45:15,14.7,Guatemalan Liga Nacional,2026-09-19 02:00:00,2026-09-18,1.0,2.0,betfair_oficial:exato
2026-09-19 08:00,CSA Steaua Bucuresti,CS Gloria 2018 Bistrita-Na,2026-09-19 07:45:07,1.76,2.26,442.47,2026-09-19 07:45:07,14.6,Romanian Liga II,2026-09-19 08:00:00,2026-09-19,2.0,1.0,betfair_oficial:exato
2026-09-19 08:30,PSPS Pekanbaru,Persiraja Banda Aceh,2026-09-19 08:15:07,1.72,2.14,82.3,2026-09-19 08:15:07,14.4,Indonesian Championship,2026-09-19 08:30:00,2026-09-19,2.0,1.0,betfair_oficial:exato
2026-09-19 08:30,Persebaya Surabaya,Garudayaksa FC,2026-09-19 08:15:07,1.48,2.24,1042.66,2026-09-19 08:15:07,14.4,Indonesian Super League,2026-09-19 08:30:00,2026-09-19,1.0,1.0,betfair_oficial:exato
2026-09-19 09:30,Bhawanipore FC,United SC,2026-09-19 09:15:08,1.48,2.28,104.75,2026-09-19 09:15:08,14.3,Indian Calcutta Premier Division,2026-09-19 09:30:00,2026-09-19,0.0,0.0,betfair_oficial:exato
2026-09-19 09:30,Ehime,Kamatamare Sanuki,2026-09-19 09:15:08,1.68,2.38,195.43,2026-09-19 09:15:08,14.3,Japanese J League 3,2026-09-19 09:30:00,2026-09-19,2.0,1.0,betfair_oficial:exato
2026-09-19 10:00,FC Tokyo,Nagoya,2026-09-19 09:45:09,1.57,2.26,4590.61,2026-09-19 09:45:09,14.3,Japanese J League,2026-09-19 10:00:00,2026-09-19,1.0,0.0,betfair_oficial:exato
2026-09-19 10:00,Kagoshima Utd,Tochigi SC,2026-09-19 09:45:09,1.71,1.92,105.45,2026-09-19 09:45:09,14.3,Japanese J League 3,2026-09-19 10:00:00,2026-09-19,3.0,1.0,betfair_oficial:exato
2026-09-19 10:00,Okayama,Kyoto,2026-09-19 09:45:09,1.8,1.95,902.29,2026-09-19 09:45:09,14.3,Japanese J League,2026-09-19 10:00:00,2026-09-19,1.0,2.0,betfair_oficial:exato
2026-09-19 10:00,Yokohama FC,FC Imabari,2026-09-19 09:45:09,1.52,2.22,1707.27,2026-09-19 09:45:09,14.3,Japanese J League 2,2026-09-19 10:00:00,2026-09-19,2.0,1.0,betfair_oficial:exato
2026-09-19 10:30,Lechia Gdansk,Stal Mielec,2026-09-19 10:15:09,1.71,2.82,767.86,2026-09-19 10:15:09,14.3,Polish I Liga,2026-09-19 10:30:00,2026-09-19,,,
2026-09-19 11:00,Khonkaen,Police Tero,2026-09-19 10:45:10,1.68,2.3,154.48,2026-09-19 10:45:10,14.3,Thai League 2,2026-09-19 11:00:00,2026-09-19,2.0,0.0,betfair_oficial:exato
2026-09-19 11:00,Osters,Norrkoping,2026-09-19 10:45:10,1.78,2.86,453.56,2026-09-19 10:45:10,14.3,Swedish Superettan,2026-09-19 11:00:00,2026-09-19,1.0,3.0,betfair_oficial:exato
2026-09-19 11:00,Shaanxi Union FC,Suzhou Dongwu,2026-09-19 10:45:10,1.77,2.16,166.51,2026-09-19 10:45:10,14.3,Chinese League 1,2026-09-19 11:00:00,2026-09-19,2.0,2.0,betfair_oficial:exato
2026-09-19 11:00,Shenzhen Juniors FC,Changchun Yatai,2026-09-19 10:45:10,1.54,2.34,659.66,2026-09-19 10:45:10,14.3,Chinese League 1,2026-09-19 11:00:00,2026-09-19,1.0,1.0,betfair_oficial:exato
2026-09-19 11:30,Balestier Khalsa,Tanjong Pagar United,2026-09-19 11:15:10,1.73,3.55,655.36,2026-09-19 11:15:10,14.3,Singapore Premier League,2026-09-19 11:30:00,2026-09-19,,,
2026-09-19 11:30,Cardiff,Charlton,2026-09-19 11:15:10,1.75,2.68,475.25,2026-09-19 11:15:10,14.3,English Sky Bet Championship,2026-09-19 11:30:00,2026-09-19,3.0,1.0,betfair_oficial:exato
2026-09-19 11:30,Courts Young Lions,Geylang International,2026-09-19 11:15:10,1.56,3.15,197.03,2026-09-19 11:15:10,14.3,Singapore Premier League,2026-09-19 11:30:00,2026-09-19,,,
2026-09-19 11:30,Jiangxi Dingnan United,Foshan Nanshi FC,2026-09-19 11:15:10,1.75,2.46,257.85,2026-09-19 11:15:10,14.3,Chinese League 1,2026-09-19 11:30:00,2026-09-19,1.0,1.0,betfair_oficial:exato
2026-09-19 11:30,Millwall,West Ham,2026-09-19 11:15:10,1.72,2.42,2050.02,2026-09-19 11:15:10,14.3,English Sky Bet Championship,2026-09-19 11:30:00,2026-09-19,2.0,2.0,betfair_oficial:exato
2026-09-19 11:30,Xiamen Feilu,Beijing Tech FC,2026-09-19 11:15:10,1.5,2.28,74.95,2026-09-19 11:15:10,14.3,Chinese League 2,2026-09-19 11:30:00,2026-09-19,3.0,0.0,betfair_oficial:exato
2026-09-19 12:00,Persiba Balikpapan,Persela Lamongan,2026-09-19 11:45:10,1.77,1.84,97.44,2026-09-19 11:45:10,14.3,Indonesian Championship,2026-09-19 12:00:00,2026-09-19,0.0,1.0,betfair_oficial:exato
2026-09-19 12:00,Persija Jakarta,Malut United,2026-09-19 11:45:10,1.45,2.68,444.47,2026-09-19 11:45:10,14.3,Indonesian Super League,2026-09-19 12:00:00,2026-09-19,1.0,0.0,betfair_oficial:exato
2026-09-19 12:30,Zorya,Dynamo Kiev,2026-09-19 12:15:15,1.73,2.34,439.66,2026-09-19 12:15:15,14.1,Ukrainian Premier League,2026-09-19 12:30:00,2026-09-19,0.0,2.0,betfair_oficial:exato
2026-09-19 13:00,Palermo,Padova,2026-09-19 12:45:11,1.58,2.3,203.8,2026-09-19 12:45:11,14.3,Italian Serie B,2026-09-19 13:00:00,2026-09-19,2.0,1.0,betfair_oficial:exato
2026-09-19 13:00,SK Artis Brno,Slovan Liberec,2026-09-19 12:45:11,1.72,2.14,306.63,2026-09-19 12:45:11,14.3,Czech 1 Liga,2026-09-19 13:00:00,2026-09-19,0.0,0.0,betfair_oficial:exato
2026-09-19 13:00,Varbergs BoIS,IK Brage,2026-09-19 12:45:11,1.73,2.4,797.07,2026-09-19 12:45:11,14.3,Swedish Superettan,2026-09-19 13:00:00,2026-09-19,3.0,2.0,betfair_oficial:exato
2026-09-19 13:30,Hatta,Al Ahli (UAE),2026-09-19 13:15:11,1.42,3.05,403.29,2026-09-19 13:15:11,14.3,UAE League Cup,2026-09-19 13:30:00,2026-09-19,2.0,2.0,betfair_oficial:exato
2026-09-19 14:00,AFC Fylde,Altrincham,2026-09-19 13:45:11,1.62,2.86,657.71,2026-09-19 13:45:11,14.3,English National League,2026-09-19 14:00:00,2026-09-19,1.0,2.0,betfair_oficial:exato
2026-09-19 14:00,Barnet,Fleetwood Town,2026-09-19 13:45:11,1.78,2.08,447.14,2026-09-19 13:45:11,14.3,English Sky Bet League 2,2026-09-19 14:00:00,2026-09-19,3.0,1.0,betfair_oficial:exato
2026-09-19 14:00,Boreham Wood,Harrogate Town,2026-09-19 13:45:11,1.65,2.76,674.99,2026-09-19 13:45:11,14.3,English National League,2026-09-19 14:00:00,2026-09-19,,,
2026-09-19 14:00,Brighton,Arsenal,2026-09-19 13:45:11,1.73,2.14,3654.94,2026-09-19 13:45:11,14.3,English Premier League,2026-09-19 14:00:00,2026-09-19,3.0,0.0,betfair_oficial:exato
2026-09-19 14:00,Bromley,Huddersfield,2026-09-19 13:45:11,1.79,2.32,940.35,2026-09-19 13:45:11,14.3,English Sky Bet League 1,2026-09-19 14:00:00,2026-09-19,2.0,1.0,betfair_oficial:exato
2026-09-19 14:00,Cove Rangers,Ross Co,2026-09-19 13:45:11,1.48,2.64,799.97,2026-09-19 13:45:11,14.3,Scottish League One,2026-09-19 14:00:00,2026-09-19,0.0,2.0,betfair_oficial:exato
2026-09-19 14:00,Forest Green,Boston Utd,2026-09-19 13:45:11,1.78,2.62,169.84,2026-09-19 13:45:11,14.3,English National League,2026-09-19 14:00:00,2026-09-19,1.0,3.0,betfair_oficial:exato
2026-09-19 14:00,Gateshead,Southend,2026-09-19 13:45:11,1.56,2.4,277.87,2026-09-19 13:45:11,14.3,English National League,2026-09-19 14:00:00,2026-09-19,1.0,6.0,planilha_dia:exato
2026-09-19 14:00,Grimsby,Crawley Town,2026-09-19 13:45:11,1.43,2.9,356.3,2026-09-19 13:45:11,14.3,English Sky Bet League 2,2026-09-19 14:00:00,2026-09-19,2.0,0.0,betfair_oficial:exato
2026-09-19 14:00,Hibernian,Aberdeen,2026-09-19 13:45:11,1.77,2.06,1035.23,2026-09-19 13:45:11,14.3,Scottish Premiership,2026-09-19 14:00:00,2026-09-19,1.0,1.0,betfair_oficial:exato
2026-09-19 14:00,Keciorengucu,Sivasspor,2026-09-19 13:45:11,1.67,2.6,214.23,2026-09-19 13:45:11,14.3,Turkish 1 Lig,2026-09-19 14:00:00,2026-09-19,1.0,1.0,betfair_oficial:exato
2026-09-19 14:00,Kristiansund,Rosenborg,2026-09-19 13:45:11,1.62,2.9,2681.31,2026-09-19 13:45:11,14.3,Norwegian Eliteserien,2026-09-19 14:00:00,2026-09-19,1.0,3.0,betfair_oficial:exato
2026-09-19 14:00,Kvik Halden,Jerv,2026-09-19 13:45:11,1.67,2.84,79.55,2026-09-19 13:45:11,14.3,Norwegian 2nd Division,2026-09-19 14:00:00,2026-09-19,0.0,2.0,betfair_oficial:exato
2026-09-19 14:00,Morton,Dunfermline,2026-09-19 13:45:11,1.51,2.08,516.28,2026-09-19 13:45:11,14.3,Scottish Championship,2026-09-19 14:00:00,2026-09-19,0.0,1.0,betfair_oficial:exato
2026-09-19 14:00,Newcastle,Hull,2026-09-19 13:45:11,1.65,2.58,728.03,2026-09-19 13:45:11,14.3,English Premier League,2026-09-19 14:00:00,2026-09-19,2.0,1.0,betfair_oficial:exato
2026-09-19 14:00,Nomme Utd,Paide Linnameeskond,2026-09-19 13:45:11,1.68,3.55,78.8,2026-09-19 13:45:11,14.3,Estonian Premier League,2026-09-19 14:00:00,2026-09-19,1.0,3.0,betfair_oficial:exato
2026-09-19 14:00,QPR,Preston,2026-09-19 13:45:11,1.8,2.18,189.32,2026-09-19 13:45:11,14.3,English Sky Bet Championship,2026-09-19 14:00:00,2026-09-19,2.0,2.0,betfair_oficial:exato
2026-09-19 14:00,Reading,Notts Co,2026-09-19 13:45:11,1.8,2.2,563.17,2026-09-19 13:45:11,14.3,English Sky Bet League 1,2026-09-19 14:00:00,2026-09-19,2.0,0.0,betfair_oficial:exato
2026-09-19 14:00,Salford City,Swindon,2026-09-19 13:45:11,1.59,2.52,536.64,2026-09-19 13:45:11,14.3,English Sky Bet League 2,2026-09-19 14:00:00,2026-09-19,1.0,0.0,betfair_oficial:exato
2026-09-19 14:15,Athletic Bilbao,Alaves,2026-09-19 14:05:11,1.67,1.88,4820.5,2026-09-19 14:05:11,9.3,Spanish La Liga,2026-09-19 14:15:00,2026-09-19,0.0,0.0,betfair_oficial:exato
2026-09-19 14:30,BSK Bijelo Brdo,Hrvace,2026-09-19 14:15:11,1.66,1.8,92.85,2026-09-19 14:15:11,14.3,Croatian Prva NL,2026-09-19 14:30:00,2026-09-19,1.0,2.0,betfair_oficial:exato
2026-09-19 14:30,Vitesse Arnhem,Jong PSV Eindhoven,2026-09-19 14:15:11,1.65,3.55,414.53,2026-09-19 14:15:11,14.3,Dutch Eerste Divisie,2026-09-19 14:30:00,2026-09-19,3.0,1.0,betfair_oficial:exato
2026-09-19 15:30,Koper,Nafta Lendava,2026-09-19 15:15:16,1.76,2.5,159.59,2026-09-19 15:15:16,14.3,Slovenian Premier League,2026-09-19 15:30:00,2026-09-19,2.0,0.0,betfair_oficial:exato
2026-09-19 15:30,Orgryte,Sirius,2026-09-19 15:15:16,1.47,2.98,1204.33,2026-09-19 15:15:16,14.3,Swedish Allsvenskan,2026-09-19 15:30:00,2026-09-19,1.0,2.0,betfair_oficial:exato
2026-09-19 16:00,FC Kosice,Ruzomberok,2026-09-19 15:45:16,1.61,2.86,110.64,2026-09-19 15:45:16,14.3,Slovakian Super League,2026-09-19 16:00:00,2026-09-19,2.0,0.0,betfair_oficial:exato
2026-09-19 16:00,Luzern,Grasshoppers Zurich,2026-09-19 15:45:16,1.74,3.85,261.12,2026-09-19 15:45:16,14.3,Swiss Super League,2026-09-19 16:00:00,2026-09-19,,,
2026-09-19 16:00,OB,Midtjylland,2026-09-19 15:45:16,1.73,3.15,160.48,2026-09-19 15:45:16,14.3,Danish Superliga,2026-09-19 16:00:00,2026-09-19,1.0,1.0,betfair_oficial:exato
2026-09-19 16:00,Sion,FC Zurich,2026-09-19 15:45:16,1.44,3.5,1583.65,2026-09-19 15:45:16,14.3,Swiss Super League,2026-09-19 16:00:00,2026-09-19,1.0,1.0,betfair_oficial:exato
2026-09-19 16:00,Young Boys,Servette,2026-09-19 15:45:16,1.62,3.75,306.2,2026-09-19 15:45:16,14.3,Swiss Super League,2026-09-19 16:00:00,2026-09-19,3.0,2.0,betfair_oficial:exato
2026-09-19 16:00,Zilina,Trencin,2026-09-19 15:45:16,1.49,3.6,501.54,2026-09-19 15:45:16,14.3,Slovakian Super League,2026-09-19 16:00:00,2026-09-19,2.0,1.0,betfair_oficial:exato
2026-09-19 16:15,Charleroi,Cercle Brugge,2026-09-19 16:05:17,1.7,2.34,481.5,2026-09-19 16:05:17,9.4,Belgian Pro League,2026-09-19 16:15:00,2026-09-19,3.0,2.0,betfair_oficial:exato
2026-09-19 16:30,Aris,Iraklis,2026-09-19 16:15:16,1.74,1.82,453.6,2026-09-19 16:15:16,14.4,Greek Super League,2026-09-19 16:30:00,2026-09-19,0.0,0.0,betfair_oficial:exato
2026-09-19 16:30,CD Castellon,Tenerife,2026-09-19 16:15:16,1.5,1.99,840.61,2026-09-19 16:15:16,14.4,Spanish Segunda Division,2026-09-19 16:30:00,2026-09-19,,,
2026-09-19 16:30,Dinamo Tirana,KF Laci,2026-09-19 16:15:16,1.76,2.08,72.88,2026-09-19 16:15:16,14.4,Albanian Superliga,2026-09-19 16:30:00,2026-09-19,3.0,1.0,betfair_oficial:exato
2026-09-19 16:30,Nottm Forest,Coventry,2026-09-19 16:15:16,1.67,2.2,7500.66,2026-09-19 16:15:16,14.4,English Premier League,2026-09-19 16:30:00,2026-09-19,0.0,1.0,betfair_oficial:exato
2026-09-19 16:45,Kilmarnock,Hearts,2026-09-19 16:35:17,1.78,2.46,2064.31,2026-09-19 16:35:17,9.4,Scottish Premiership,2026-09-19 16:45:00,2026-09-19,1.0,1.0,betfair_oficial:exato
2026-09-19 17:00,Basaksehir,Genclerbirligi,2026-09-19 16:45:16,1.8,2.66,1371.69,2026-09-19 16:45:16,14.4,Turkish Super League,2026-09-19 17:00:00,2026-09-19,,,
2026-09-19 17:00,Maccabi Netanya,Maccabi Tel Aviv,2026-09-19 16:45:16,1.57,3.3,264.69,2026-09-19 16:45:16,14.4,Israeli Premier League,2026-09-19 17:00:00,2026-09-19,1.0,2.0,betfair_oficial:exato
2026-09-19 17:00,Miedz Legnica,Stal Rzeszow,2026-09-19 16:45:16,1.69,2.7,197.36,2026-09-19 16:45:16,14.4,Polish I Liga,2026-09-19 17:00:00,2026-09-19,2.0,3.0,betfair_oficial:exato
2026-09-19 17:15,Hapoel Be'er Sheva,Hapoel Kiryat Shmona,2026-09-19 17:05:18,1.43,2.76,134.15,2026-09-19 17:05:18,9.4,Israeli Premier League,2026-09-19 17:15:00,2026-09-19,1.0,0.0,betfair_oficial:exato
2026-09-19 17:30,Beitar Jerusalem,Hapoel Haifa,2026-09-19 17:15:17,1.73,2.76,81.42,2026-09-19 17:15:17,14.4,Israeli Premier League,2026-09-19 17:30:00,2026-09-19,2.0,1.0,betfair_oficial:exato
2026-09-19 17:30,Gimnasia La Plata,Banfield,2026-09-19 17:15:17,1.7,1.86,2301.59,2026-09-19 17:15:17,14.4,Argentinian Primera Division,2026-09-19 17:30:00,2026-09-19,2.0,2.0,betfair_oficial:exato
2026-09-19 17:30,Universitatea Craiova,FCSB,2026-09-19 17:15:17,1.74,2.2,604.81,2026-09-19 17:15:17,14.4,Romanian Liga I,2026-09-19 17:30:00,2026-09-19,,,
2026-09-19 18:00,Eupen,FC Liege,2026-09-19 17:45:17,1.7,2.46,91.42,2026-09-19 17:45:17,14.5,Belgian Challenger Pro League,2026-09-19 18:00:00,2026-09-19,3.0,1.0,betfair_oficial:exato
2026-09-19 18:15,NK Maribor,NK Aluminij,2026-09-19 18:05:17,1.49,2.5,140.86,2026-09-19 18:05:17,9.5,Slovenian Premier League,2026-09-19 18:15:00,2026-09-19,2.0,2.0,betfair_oficial:exato
2026-09-19 18:30,Cerro,Penarol,2026-09-19 18:15:17,1.59,1.72,82.65,2026-09-19 18:15:17,14.5,Uruguayan Primera Division,2026-09-19 18:30:00,2026-09-19,1.0,2.0,betfair_oficial:exato
2026-09-19 18:30,Ferro Carril Oeste,Ciudad de Bolivar,2026-09-19 18:15:17,1.8,1.53,268.62,2026-09-19 18:15:17,14.5,Argentinian Primera Nacional,2026-09-19 18:30:00,2026-09-19,1.0,0.0,betfair_oficial:exato
2026-09-19 18:30,KFC Komarno,Slovan Bratislava,2026-09-19 18:15:17,1.52,2.9,267.71,2026-09-19 18:15:17,14.5,Slovakian Super League,2026-09-19 18:30:00,2026-09-19,1.0,2.0,betfair_oficial:exato
2026-09-19 18:45,Anderlecht,Zulte-Waregem,2026-09-19 18:35:17,1.76,2.48,1281.18,2026-09-19 18:35:17,9.5,Belgian Pro League,2026-09-19 18:45:00,2026-09-19,3.0,0.0,betfair_oficial:exato
2026-09-19 18:45,Toulouse,Le Havre,2026-09-19 18:35:17,1.72,2.38,3238.65,2026-09-19 18:35:17,9.5,French Ligue 1,2026-09-19 18:45:00,2026-09-19,3.0,2.0,betfair_oficial:exato
2026-09-19 19:00,Atletico MG,Chapecoense,2026-09-19 18:45:18,1.44,2.28,2473.24,2026-09-19 18:45:18,14.5,Brazilian Serie A,2026-09-19 19:00:00,2026-09-19,1.0,1.0,betfair_oficial:exato
2026-09-19 19:00,CA Temperley,Almagro BA,2026-09-19 18:45:18,1.72,1.55,398.33,2026-09-19 18:45:18,14.5,Argentinian Primera Nacional,2026-09-19 19:00:00,2026-09-19,3.0,1.0,betfair_oficial:exato
2026-09-19 19:00,Libertad,Club Sportivo Ameliano,2026-09-19 18:45:18,1.64,2.12,286.46,2026-09-19 18:45:18,14.5,Paraguayan Primera Division,2026-09-19 19:00:00,2026-09-19,1.0,1.0,betfair_oficial:exato
2026-09-19 21:30,Aurora,Universitario de Vinto,2026-09-19 21:15:18,1.41,2.76,170.48,2026-09-19 21:15:18,14.5,Bolivian Cup,2026-09-19 21:30:00,2026-09-19,,,
2026-09-19 21:30,Cerro Porteno,Rubio Nu,2026-09-19 21:15:18,1.71,1.84,881.5,2026-09-19 21:15:18,14.5,Paraguayan Primera Division,2026-09-19 21:30:00,2026-09-19,1.0,0.0,betfair_oficial:exato
2026-09-19 21:30,Deportivo Maldonado,Cerro Largo FC,2026-09-19 21:15:18,1.78,1.78,606.0,2026-09-19 21:15:18,14.5,Uruguayan Primera Division,2026-09-19 21:30:00,2026-09-19,2.0,0.0,betfair_oficial:exato
2026-09-19 22:00,Puerto Cabello,Portuguesa FC,2026-09-19 21:45:19,1.61,1.81,335.01,2026-09-19 21:45:19,14.5,Venezuelan Primera Division,2026-09-19 22:00:00,2026-09-19,2.0,1.0,betfair_oficial:exato
2026-09-19 22:00,River Plate,CA Huracan,2026-09-19 21:45:19,1.55,1.68,816.26,2026-09-19 21:45:19,14.5,Argentinian Primera Division,2026-09-19 22:00:00,2026-09-19,1.0,2.0,betfair_oficial:exato
2026-09-19 23:00,Puntarenas F.C.,Escorpiones FC,2026-09-19 22:45:19,1.58,2.44,315.01,2026-09-19 22:45:19,14.6,Costa Rican Primera Division,2026-09-19 23:00:00,2026-09-19,1.0,0.0,betfair_oficial:exato
2026-09-19 23:10,Deportivo Cali,Cucuta Deportivo,2026-09-19 22:55:20,1.57,1.9,84.31,2026-09-19 22:55:20,14.6,Colombian Primera A,2026-09-19 23:10:00,2026-09-19,3.0,0.0,betfair_oficial:exato
2026-09-20 00:00,Emelec,Libertad FC,2026-09-19 23:45:19,1.77,1.76,683.26,2026-09-19 23:45:19,14.6,Ecuadorian Serie A,2026-09-20 00:00:00,2026-09-19,1.0,2.0,betfair_oficial:exato
2026-09-20 00:30,FC Dallas,Austin FC,2026-09-20 00:15:20,1.7,2.66,1579.01,2026-09-20 00:15:20,14.6,US MLS,2026-09-20 00:30:00,2026-09-19,0.0,0.0,betfair_oficial:exato
2026-09-20 00:30,Kansas City,Philadelphia,2026-09-20 00:15:20,1.57,3.6,89.54,2026-09-20 00:15:20,14.6,US MLS,2026-09-20 00:30:00,2026-09-19,3.0,4.0,planilha_dia:exato
2026-09-20 00:30,Minnesota Utd,LA Galaxy,2026-09-20 00:15:20,1.75,3.1,2495.02,2026-09-20 00:15:20,14.6,US MLS,2026-09-20 00:30:00,2026-09-19,2.0,3.0,betfair_oficial:exato
2026-09-20 01:00,Cancun FC,Alebrijes De Oaxaca,2026-09-20 00:45:20,1.59,2.26,582.13,2026-09-20 00:45:20,14.6,Mexican Liga de Ascenso,2026-09-20 01:00:00,2026-09-19,3.0,0.0,betfair_oficial:exato
2026-09-20 01:00,Club Atletico Morelia,Universidad Guadalajara,2026-09-20 00:45:20,1.62,2.76,537.91,2026-09-20 00:45:20,14.6,Mexican Liga de Ascenso,2026-09-20 01:00:00,2026-09-19,2.0,0.0,betfair_oficial:exato
2026-09-20 01:00,Club Jaiba Brava,Dorados,2026-09-20 00:45:20,1.78,2.32,367.12,2026-09-20 00:45:20,14.6,Mexican Liga de Ascenso,2026-09-20 01:00:00,2026-09-19,1.0,1.0,betfair_oficial:exato
2026-09-20 01:15,Melgar,Sport Boys (Per),2026-09-20 01:05:20,1.44,2.26,444.68,2026-09-20 01:05:20,9.6,Peruvian Primera Division,2026-09-20 01:15:00,2026-09-19,1.0,1.0,betfair_oficial:exato
2026-09-20 01:30,Plaza Amador,Veraguas FC,2026-09-20 01:15:20,1.52,2.74,99.78,2026-09-20 01:15:20,14.6,Panamanian Premier League,2026-09-20 01:30:00,2026-09-19,1.0,1.0,betfair_oficial:exato
2026-09-20 02:00,Deportivo Saprissa,Cs Herediano,2026-09-20 01:45:20,1.73,2.04,482.55,2026-09-20 01:45:20,14.6,Costa Rican Primera Division,2026-09-20 02:00:00,2026-09-19,2.0,0.0,betfair_oficial:exato
